t,sim_time,theta_ref,s_ref,theta_dot_ref,s_dot_ref,wheel_knot,theta_meas,s_meas,theta_dot,s_dot,phi_L,phi_R,phase_rms_L,phase_rms_R,action_L,action_R,executed_action_L,executed_action_R,intervened,candidate_phi_L,candidate_phi_R,lut_clearance,max_joint_speed,compute_ms,joint_tracking_max,grasp_position_L,grasp_position_R,grasp_rotation_L,grasp_rotation_R,status,stage,has_command,q_meas_0,q_meas_1,q_meas_2,q_meas_3,q_meas_4,q_meas_5,q_meas_6,q_meas_7,q_meas_8,q_meas_9,q_meas_10,q_meas_11,q_meas_12,q_meas_13,q_cmd_0,q_cmd_1,q_cmd_2,q_cmd_3,q_cmd_4,q_cmd_5,q_cmd_6,q_cmd_7,q_cmd_8,q_cmd_9,q_cmd_10,q_cmd_11,q_cmd_12,q_cmd_13
0,16.184,-1.848062412e-06,-0.07999635993,0.06283185307,0.006283185307,0,-1.848062412e-06,-0.07999635993,-4.928009578e-06,-5.209357704e-05,0.0005647874377,-0.00144734262,7.09290183e-06,8.443761177e-06,0,0,0,0,0,0,0,0.008527051209,0,0.00858,0,1.007682057e-07,9.27488466e-08,4.818207668e-06,5.990270599e-06,ok,1,0,1.408479841,1.612626942,-1.43621822,1.569605369,0.09771494173,0.01915593579,0.1155687148,-1.362290198,1.601843663,1.269146525,1.486268018,-0.002795110956,0.065386903,-0.5726906532,0,0,0,0,0,0,0,0,0,0,0,0,0,0
0.01,16.194,0.0006264663341,-0.07993352849,0.06283061282,0.006283061282,0,-1.512842656e-06,-0.07999665703,-6.841108849e-06,-1.400209856e-05,0.0005649243921,-0.001447397974,7.341860487e-06,8.673034483e-06,0.7255191803,0.04138494655,0.7255191803,0.04138494655,0,0.0114477121,-0.0008266237758,0.008479365243,1.116804538,0.23915,0,3.531924812e-07,3.819860929e-07,4.937533166e-06,5.601904412e-06,ok,4,1,1.408478882,1.612626655,-1.436218126,1.569604681,0.09771479013,0.01915598121,0.1155686456,-1.362289473,1.60184349,1.269146695,1.486267882,-0.002794767623,0.06538699978,-0.5726903546,1.407699998,1.60370424,-1.425488184,1.569665574,0.08779618643,0.01872966617,0.126736691,-1.36269391,1.601779982,1.269519601,1.487195228,-0.003983227212,0.06453166623,-0.5719284288
0.02,16.204,0.001254755926,-0.07987069953,0.06282689213,0.006282689213,1,0.002038289231,-0.07998139787,0.03396403473,0.0008547007402,0.001742305445,-0.001410072779,0.0008514339322,0.0006072084639,0.8292842507,0.3156978786,0.8292842507,0.3156978786,0,0.01418156921,0.0033253954,0.008468841566,1.315838874,0.124414,0.01028251165,0.0004658593695,3.141719776e-05,0.002610122411,0.001871920707,ok,4,1,1.408523794,1.611833735,-1.434260671,1.56927347,0.09680416072,0.01899970078,0.1164541794,-1.362165235,1.601714798,1.269276073,1.486637859,-0.003094003223,0.06538619816,-0.5726283531,1.407631596,1.601587394,-1.422832167,1.56969753,0.08515784774,0.01877791202,0.1296125681,-1.363829368,1.604735282,1.273548871,1.487661299,-0.007785708398,0.06411244996,-0.5679404937
0.03,16.214,0.001882995909,-0.07980787553,0.06282069114,0.006282069114,1,0.002656952,-0.07998581701,-0.11012611,0.001998214079,0.003149358163,-0.0009086945811,0.0009111548965,0.0007235309761,0.368791014,0.5532105565,0.368791014,0.5532105565,0,0.008681223372,0.007389463766,0.008495535917,0.8185924998,0.252164,0.01146968827,0.0003304294497,0.0001823770775,0.002690638859,0.002310202782,ok,4,1,1.408484,1.610748782,-1.433097352,1.569064578,0.09540566209,0.01895507498,0.1181428798,-1.362356156,1.601860742,1.269926941,1.486935478,-0.003675995935,0.06526396429,-0.5722174302,1.408602957,1.606583934,-1.428407096,1.569729492,0.08956016508,0.01954795043,0.1242608308,-1.364926469,1.607630941,1.277487519,1.4881273,-0.01151747668,0.06371453561,-0.5640315052
0.04,16.224,0.002511161482,-0.07974505897,0.0628120101,0.00628120101,2,0.0009820758264,-0.0799768707,-0.1242428089,0.004698547117,0.003878463523,6.594532626e-05,0.0002196489374,0.0002362739936,0.3429942727,0.3556603193,0.3429942727,0.3556603193,0,0.009023377614,0.005400850116,0.008495836646,0.5836002266,0.163187,0.007320918895,0.0002595093549,0.000225950625,0.000751976081,0.0007002483677,ok,4,1,1.408330098,1.610129982,-1.433434119,1.569377216,0.09432366592,0.01910754123,0.1194062869,-1.362876143,1.602610766,1.270846772,1.486882761,-0.004353090995,0.06505769643,-0.5713524241,1.408836467,1.606533027,-1.428141346,1.569761458,0.08896630265,0.01980544005,0.1247471861,-1.364587199,1.605805226,1.275377267,1.488593211,-0.01018909326,0.06326087126,-0.5658044535
0.05,16.234,0.003139227845,-0.07968225234,0.06280084934,0.006280084934,2,0.0002234257966,-0.07991688851,-0.005979813138,0.004402749991,0.004551626459,0.0007487785716,0.0003784891554,0.0002166333904,0.3205092549,0.3568175435,0.3205092549,0.3568175435,0,0.009359265283,0.006101041724,0.008496157557,0.6097445502,0.065575,0.005177529756,0.0002558600075,3.970584977e-05,0.001199036419,0.0005587727043,ok,4,1,1.408294736,1.609488845,-1.432795677,1.569684817,0.09369484861,0.01927758368,0.1199703043,-1.363096754,1.603213273,1.271126372,1.486920729,-0.005011563505,0.06480733218,-0.5705082408,1.409070814,1.606487545,-1.42788184,1.569793427,0.08837810823,0.0200636645,0.1252272835,-1.364886324,1.606077489,1.275954255,1.489059015,-0.01110900901,0.0628327763,-0.5650525616
0.06,16.244,0.003767170205,-0.0796194581,0.06278720932,0.006278720932,3,0.0007841471351,-0.07987340953,0.04547029942,0.004589634562,0.005137881644,0.001399332582,0.0002207514816,0.0001120148182,0.318459034,0.2181318253,0.318459034,0.2181318253,0,0.009914767153,0.004671309961,0.008495468226,0.5498063884,0.214279,0.005402529001,5.978336381e-05,6.486009906e-05,0.0006668784313,0.0002558753279,ok,4,1,1.408410246,1.609168697,-1.431938861,1.569709057,0.09310085448,0.01936595808,0.1204554847,-1.363269165,1.603692496,1.271700316,1.487120105,-0.005706480006,0.06456018816,-0.5698764098,1.409277527,1.606252416,-1.427402917,1.569825399,0.0876027906,0.02030306233,0.1259267541,-1.364678913,1.604686897,1.274402719,1.489524692,-0.01024682436,0.06238330314,-0.5663018685
0.07,16.254,0.004394963769,-0.07955667874,0.06277109056,0.006277109056,3,0.001187645821,-0.07982252786,0.0483578419,0.003395259145,0.005695145982,0.00180680003,0.0002050206468,0.0001131457227,0.8125587702,0.3731616437,0.8125587702,0.3731616437,0,0.01788352753,0.007404224686,0.008461719149,1.295758187,0.233681,0.004885860344,2.697658312e-05,0.0001044434258,0.0005868313138,0.0002644721265,ok,4,1,1.408548876,1.608894794,-1.431302932,1.569726528,0.09248865094,0.01947458594,0.1210734338,-1.363401526,1.603874858,1.27199153,1.487397194,-0.006275826475,0.06429142284,-0.569429829,1.408533241,1.599619867,-1.419518934,1.569857371,0.08050299392,0.019921429,0.1340310157,-1.365461939,1.606547202,1.277011353,1.489990226,-0.0128681183,0.06197711252,-0.5636388409
0.08,16.264,0.005022583756,-0.07949391674,0.06275249371,0.006275249371,4,0.003216244216,-0.07979901603,0.03320223829,0.003337351514,0.007047592653,0.002427525139,0.0005020833059,0.0004416483618,0.9034122825,0.2261535823,0.9034122825,0.2261535823,0,0.02059877689,0.005819828874,0.008451741697,1.45397132,0.136562,0.01168341929,0.0003341817332,5.54598145e-05,0.001482325634,0.001422285002,ok,4,1,1.408664217,1.608041415,-1.429469935,1.569482045,0.09121457808,0.01943576009,0.1223475964,-1.36355562,1.604020925,1.272799536,1.487893128,-0.007138561656,0.06408675631,-0.5688721391,1.408453874,1.597523652,-1.416883785,1.569889342,0.07788940981,0.01999320737,0.1368873096,-1.365217222,1.605035434,1.275305442,1.490455597,-0.01187579442,0.06152564518,-0.565034053
0.09,16.274,0.005650005385,-0.07943117458,0.0627314195,0.00627314195,4,0.003242812657,-0.07974909954,-0.03832477042,0.003755093848,0.008608941072,0.00283105284,0.0003207790932,0.0002277182664,0.4284644425,0.1990514696,0.4284644425,0.1990514696,0,0.01503590771,0.005816824884,0.008477567261,0.738046894,0.134866,0.01273705077,0.0002140050518,6.384354159e-05,0.0009573543281,0.0007046601833,ok,4,1,1.40866013,1.606811855,-1.428144819,1.569504615,0.08971585558,0.01950369651,0.1241502588,-1.363700104,1.604041956,1.272919044,1.488227303,-0.007849265329,0.06374384788,-0.5682909911,1.409460848,1.602565151,-1.422516693,1.569921311,0.08233538664,0.02072997807,0.1314751871,-1.365348903,1.604758992,1.275180047,1.490920787,-0.01220699673,0.06109105136,-0.5649426401
0.1,16.284,0.006277203891,-0.07936845473,0.06270786876,0.006270786876,5,0.002179266398,-0.07971473395,-0.0326017828,0.004140021364,0.009442163792,0.003217151874,0.0003721513378,0.0002840562909,0.4103619158,0.230207935,0.4103619158,0.230207935,0,0.01559759253,0.006670270898,0.008476898281,0.7124977809,0.202358,0.006347627396,0.0002946044885,6.840549231e-05,0.001142866658,0.0008792485619,ok,4,1,1.408626097,1.605958456,-1.428159728,1.569784284,0.08868301403,0.01971901174,0.1253709995,-1.36402861,1.604218083,1.273106196,1.488315422,-0.008275996207,0.06333820529,-0.5678638884,1.409664222,1.60232544,-1.422031998,1.569953277,0.08155803623,0.02097399858,0.1321806567,-1.365684844,1.605152253,1.275910676,1.491385778,-0.01325552113,0.06066648317,-0.5640453228
0.11,16.294,0.006904154509,-0.07930575967,0.06268184242,0.006268184242,5,0.002638854378,-0.07967199546,0.04531872218,0.005109245187,0.01022379367,0.003638499851,0.0002909717879,0.000252275861,0.6411277056,0.2672869861,0.6411277056,0.2672869861,0,0.01984070926,0.007647804643,0.008460148639,1.052680444,0.188706,0.00628239027,0.000200229602,2.056533379e-05,0.0007821935946,0.0007818304425,ok,4,1,1.408688157,1.605360266,-1.427265427,1.569865044,0.0878404265,0.0198801893,0.1260360055,-1.364289683,1.604358348,1.273524508,1.488611202,-0.008797478485,0.0630332837,-0.5674524281,1.409385784,1.598911761,-1.417871575,1.569985239,0.07764550892,0.02092487342,0.13656281,-1.366050615,1.605643064,1.276765424,1.491850551,-0.01440825448,0.06024408362,-0.56303069
0.12,16.304,0.00753083249,-0.07924309187,0.06265334151,0.006265334151,6,0.003988236618,-0.07961884595,0.05772623332,0.005333673033,0.01133289012,0.004092893258,0.0001362368701,5.131842431e-05,0.5601881146,0.1988984197,0.5601881146,0.1988984197,0,0.01973571184,0.007076369554,0.008462324939,0.955158338,0.29514,0.009511990218,0.0001437772824,3.089888956e-05,0.000506511094,0.0001546986933,ok,4,1,1.408835513,1.604807598,-1.425692742,1.569738375,0.08671550436,0.01995255168,0.1270508197,-1.364429681,1.604454872,1.273979479,1.489112895,-0.009485305368,0.06276120629,-0.5669605456,1.409676623,1.599246767,-1.418052774,1.570017195,0.07743813527,0.02122341914,0.1366024031,-1.366046462,1.604922557,1.276072287,1.492315088,-0.01426286893,0.05980360442,-0.5634739781
0.13,16.314,0.008157213094,-0.07918045381,0.06262236715,0.006262236715,6,0.004347028466,-0.07956214924,0.03201797404,0.005075312385,0.01230572161,0.004453236369,4.233544256e-05,2.096014685e-05,0.642160058,0.1960223913,0.642160058,0.1960223913,0,0.02193812248,0.007393572239,0.008454753362,1.064055951,0.187976,0.0082965097,6.288406703e-05,3.838852401e-05,0.0001057752203,8.90581431e-05,ok,4,1,1.408968846,1.604231623,-1.424940068,1.569764587,0.08559876961,0.02009510419,0.1283058934,-1.364584504,1.604539824,1.274164288,1.4894994,-0.01006773954,0.06240832696,-0.5665011618,1.409657956,1.597594099,-1.415930132,1.570049144,0.07526686336,0.02134703679,0.1389464529,-1.366254507,1.604897334,1.276267352,1.49277937,-0.01486209591,0.05937405961,-0.5630806195
0.14,16.324,0.008783271593,-0.07911784796,0.06258892057,0.006258892057,7,0.005032751572,-0.07951162124,0.02543592874,0.004788909741,0.01343292698,0.004801894601,5.93192128e-05,4.765352663e-05,0.629026413,0.2714298069,0.629026413,0.2714298069,0,0.02286832317,0.008873341706,0.008452588277,1.045964693,0.133729,0.009386088924,3.128196416e-05,2.881396236e-05,0.0001988416107,0.0001553922446,ok,4,1,1.409067289,1.603419509,-1.423900927,1.569790818,0.08439341974,0.02024017971,0.129560364,-1.364767004,1.604596796,1.274425154,1.489886404,-0.01064231421,0.06204345701,-0.5661075363,1.409808538,1.597037441,-1.415077627,1.570081085,0.07417955681,0.02156925028,0.1400200109,-1.366739492,1.605782988,1.277624188,1.493243381,-0.01643634733,0.05896115402,-0.5615916547
0.15,16.334,0.009408983269,-0.07905527679,0.06255300308,0.006255300308,7,0.005625922218,-0.0794689405,0.0140125426,0.005324663953,0.01454780766,0.005276625825,7.952424482e-05,7.339733169e-05,0.5990169644,0.1481807381,0.5990169644,0.1481807381,0,0.02353306212,0.007499336897,0.008451502684,1.001357184,0.219002,0.009205049785,8.934924998e-06,4.00505696e-05,0.0002353734909,0.0002427275729,ok,4,1,1.40915443,1.602646612,-1.422899229,1.56979688,0.08316624662,0.02038688377,0.1308149612,-1.365020148,1.604687386,1.274881785,1.490288381,-0.01130862262,0.06168448806,-0.5656220874,1.409995185,1.596709134,-1.414490038,1.570113016,0.07331874908,0.02181130856,0.140828533,-1.366543953,1.604433687,1.276129556,1.4937071,-0.01561682654,0.05850926408,-0.5627916323
0.16,16.344,0.01003432342,-0.07899274278,0.06251461611,0.006251461611,8,0.005744075343,-0.0794006955,0.02531216552,0.005621891165,0.01562393382,0.005553612689,9.436991393e-05,9.105561362e-05,0.5314426422,0.1579990834,0.5314426422,0.1579990834,0,0.02359557345,0.00792359894,0.00845290938,0.9034244819,0.251068,0.008810302236,3.204626452e-05,5.229965211e-05,0.0002152658276,0.0003004197807,ok,4,1,1.409230416,1.601904065,-1.42194634,1.569896636,0.08200468172,0.02057977118,0.1320182308,-1.365203709,1.604702916,1.274908062,1.490653059,-0.01183663764,0.06128857769,-0.5652050219,1.410263557,1.596899043,-1.414503395,1.570144936,0.0729704369,0.0220975147,0.1410357291,-1.366777522,1.604493016,1.276432003,1.49417051,-0.0163055199,0.05808226408,-0.5622969866
0.17,16.354,0.01065926736,-0.07893024838,0.06247376117,0.006247376117,8,0.006213978296,-0.07934924699,0.03553571002,0.005199738988,0.01657822088,0.00584375638,0.0001256508805,0.0001045120538,0.5341820121,0.1977020651,0.5341820121,0.1977020651,0,0.02459095106,0.008809287356,0.008450414202,0.9089793093,0.103517,0.007948897264,6.300785123e-05,3.467649849e-05,0.0003232705023,0.0003131535184,ok,4,1,1.409336228,1.601264539,-1.421110955,1.569950229,0.08091933417,0.02076258449,0.1331046714,-1.365413435,1.60471938,1.275114046,1.491032158,-0.01234127312,0.06089874263,-0.5648856023,1.41040517,1.596285644,-1.413585464,1.570176844,0.07182954108,0.0223158534,0.14217463,-1.367120779,1.60491464,1.277195574,1.494633592,-0.01738151905,0.05766318302,-0.5613668922
0.18,16.364,0.01128379042,-0.07886779608,0.06243043987,0.006243043987,9,0.00692796867,-0.07929904733,0.03931092617,0.005537035334,0.01752807866,0.006191669216,5.609125794e-05,5.590818502e-05,0.4688944221,0.2492515296,0.4688944221,0.2492515296,0,0.02456149499,0.009930442159,0.008452188849,0.8283048527,0.071367,0.008028433886,2.685761898e-05,2.014860683e-05,0.0001179671086,0.0001355880009,ok,4,1,1.409463511,1.600674669,-1.420171401,1.56994807,0.07984296814,0.02093281067,0.1341461961,-1.365628758,1.604710422,1.275431157,1.49147235,-0.01292302669,0.06053048074,-0.5645094714,1.410685772,1.596554206,-1.413690134,1.570208739,0.07155991961,0.02260871437,0.1422901813,-1.367516759,1.605522855,1.278194019,1.495096329,-0.01865551,0.0572523599,-0.5602139833
0.19,16.374,0.01190786795,-0.07880538833,0.06238465393,0.006238465393,9,0.007535451334,-0.07924668357,0.03542423883,0.006122998641,0.01836342442,0.00662536309,5.463963666e-05,6.09469633e-05,0.517316699,0.2377873063,0.517316699,0.2377873063,0,0.02612317491,0.01019217268,0.008447274497,0.8898754838,0.066854,0.007278215628,4.574069744e-05,4.815127778e-05,0.0001270222065,0.0001193480716,ok,4,1,1.409609087,1.600182976,-1.419438556,1.569956845,0.07883813524,0.02112140654,0.1351332423,-1.365859611,1.604767956,1.275790886,1.491915101,-0.01358136022,0.06015608607,-0.5640189345,1.410750452,1.595452784,-1.412206771,1.570240619,0.06993938041,0.02278677429,0.1439948412,-1.367710352,1.605456517,1.278334295,1.495558702,-0.01920779243,0.05682622072,-0.5598716536
0.2,16.384,0.01253147529,-0.07874302759,0.06233640514,0.006233640514,10,0.008203924768,-0.07918190742,0.0374899728,0.006261311294,0.01927793616,0.007042471086,1.481940848e-05,2.160877912e-05,0.5526461601,0.2578633428,0.5526461601,0.2578633428,0,0.02756762857,0.01091042123,0.008443090022,0.9440616946,0.094238,0.00786044401,1.053929015e-05,1.310336942e-05,4.781600032e-05,2.041615028e-05,ok,4,1,1.409754859,1.599646957,-1.41851333,1.569979985,0.07779982442,0.02131610658,0.136141968,-1.366055922,1.60485309,1.276050137,1.492361171,-0.01425614708,0.05976821423,-0.5635010178,1.410825385,1.594453224,-1.410840011,1.570272495,0.06841934041,0.02297963679,0.1455825849,-1.368011603,1.605749288,1.278930653,1.496020693,-0.02014350264,0.05640937423,-0.5590981586
0.21,16.394,0.01315458785,-0.07868071634,0.06228569542,0.006228569542,10,0.008909300763,-0.07912240663,0.03232301047,0.005976650011,0.0202484976,0.00749639382,4.089293351e-05,3.760223552e-05,0.5026640892,0.2142010629,0.5026640892,0.2142010629,0,0.02778845894,0.01070940976,0.008443819209,0.8757823021,0.146386,0.008332770515,3.67309785e-05,6.446929285e-06,0.000153459991,0.0001249916814,ok,4,1,1.409900015,1.59907517,-1.417575019,1.569995162,0.07669642282,0.02150558816,0.1372498144,-1.366271096,1.604964549,1.276391518,1.492803206,-0.01495438201,0.05937154717,-0.5629861515,1.411070609,1.594505658,-1.410694198,1.570304343,0.0679385998,0.02325594978,0.1459484455,-1.368095881,1.605319853,1.278609096,1.496482284,-0.02030658589,0.05597526353,-0.559192529
0.22,16.404,0.01377718101,-0.07861845702,0.06223252677,0.006223252677,11,0.009274243396,-0.07906015157,0.03068010869,0.005847079103,0.02114408462,0.007885076811,6.255421267e-05,4.235330571e-05,0.09256915003,0.01151555125,0.09256915003,0.01151555125,0,0.02253262187,0.00805781008,0.008467377259,0.3732710594,0.187138,0.007710720764,2.437890042e-05,2.753074888e-05,0.0001526627103,0.0001335913496,ok,4,1,1.410033625,1.598509101,-1.416848428,1.570064245,0.07564932057,0.02172438477,0.1383283528,-1.366492514,1.60503379,1.27661542,1.493210745,-0.01558880406,0.05895424915,-0.5625144,1.412064976,1.599270672,-1.416012458,1.570336159,0.07210308239,0.0239138993,0.1408446029,-1.367598501,1.602964036,1.275839949,1.496943456,-0.01840897874,0.05549488449,-0.5616023235
0.23,16.414,0.01439923019,-0.0785562521,0.06217690129,0.006217690129,11,0.00853700865,-0.07899361266,0.03708384086,0.005239878266,0.02138412604,0.007956125305,0.0006123298184,0.0004814531563,-0.727050066,0.2493298948,-0.727050066,0.2493298948,0,0.01047837505,0.01169607373,0.008523887193,1.153252531,0.147948,0.003480093641,0.0002871682675,0.0001387041436,0.001762711354,0.001484555698,ok,4,1,1.410181437,1.598372325,-1.417124742,1.570332439,0.07512979247,0.02205774846,0.1388458595,-1.366696312,1.604956118,1.276375035,1.493463362,-0.01586810124,0.0584703575,-0.5623132827,1.413897881,1.60990485,-1.428108938,1.570367968,0.08202529511,0.02513081852,0.1289511999,-1.368592134,1.605553767,1.279353364,1.497404191,-0.02179935067,0.05513585207,-0.5580693186
0.24,16.424,0.01502071085,-0.07849410404,0.06211882116,0.006211882116,12,0.007904892464,-0.0789642254,0.08843626428,0.007459692281,0.02025077297,0.008408962748,0.001251627097,0.0007285731912,-0.8514813781,0.02820083685,-0.8514813781,0.02820083685,0,0.007478552303,0.0088319753,0.008540289452,1.309087764,0.225986,0.01025912268,0.0006448475285,7.452819071e-05,0.00397072566,0.002019950594,ok,4,1,1.410469346,1.599645728,-1.419045693,1.570588071,0.07539752447,0.02241576842,0.1381465777,-1.367177875,1.605287416,1.277034867,1.493674241,-0.01608954256,0.05811742648,-0.5620970854,1.414541153,1.612736605,-1.431173106,1.570399755,0.08426797602,0.02566470543,0.1261002372,-1.368045695,1.603029218,1.276372683,1.497864471,-0.01972119324,0.05464804175,-0.5606815198
0.25,16.434,0.01564159844,-0.07843201528,0.0620582887,0.00620582887,12,0.008944700479,-0.07887427318,0.2275168539,0.007192174044,0.01877918291,0.008498351024,0.001025133492,0.0004839629935,-0.7183220387,-0.08113881946,-0.7183220387,-0.08113881946,0,0.008004352333,0.007281268732,0.008539489651,1.127838448,0.13666,0.01149108637,0.0003921062207,4.507627204e-05,0.003235578748,0.001253704573,ok,4,1,1.410996674,1.601245519,-1.420207048,1.570638228,0.07635412199,0.02275788235,0.1365536883,-1.367250247,1.605243687,1.276997769,1.494209561,-0.01637418646,0.05786028483,-0.5618753165,1.414752294,1.612523904,-1.430721531,1.57043152,0.08352406089,0.02590376007,0.1267698306,-1.367803345,1.601539483,1.274703027,1.498324279,-0.01874667468,0.05419225854,-0.5620531709
0.26,16.444,0.01626186846,-0.07836998827,0.06199530627,0.006199530627,13,0.01141498437,-0.07879784988,0.2230065818,0.006023207604,0.01745128635,0.008336744638,0.0002325997814,0.0002048734132,0.1959514916,-0.01270318124,0.1959514916,-0.01270318124,0,0.02039055872,0.00814619692,0.008483234821,0.4629195529,0.121191,0.009879973714,3.896312632e-05,0.0001113147592,0.0007938498981,0.0007230792666,ok,4,1,1.411620854,1.602763206,-1.420841557,1.570382859,0.0773686899,0.02304471671,0.1350651891,-1.367094394,1.604865544,1.276726457,1.494931306,-0.01675182023,0.05751733108,-0.5618805012,1.413454482,1.602080056,-1.418442286,1.570463262,0.07273949437,0.02521888942,0.1392862264,-1.368142426,1.601947951,1.275447454,1.498783595,-0.0198039818,0.05377719607,-0.5611409833
0.27,16.454,0.01688149641,-0.07830802548,0.06192987638,0.006192987638,13,0.01478873673,-0.07874553782,0.08714944086,0.003731680557,0.01760833922,0.00826059951,0.001040440745,0.0009417275394,0.4601463079,0.06504070014,0.4601463079,0.06504070014,0,0.02451053384,0.009236210012,0.008467190155,0.8540705986,0.131736,0.004494714136,0.0006855065903,2.444328286e-05,0.003103202951,0.003037117029,ok,4,1,1.412039115,1.603151418,-1.419625613,1.569891583,0.07723420851,0.02316938543,0.1350064153,-1.366995435,1.604189631,1.276726034,1.49578239,-0.01746613719,0.05713569635,-0.5618580693,1.413172368,1.598773018,-1.414404811,1.57049485,0.06895684299,0.02521876406,0.1435471213,-1.368532894,1.602535052,1.276416451,1.499242386,-0.02105079032,0.0533698949,-0.560014954
0.28,16.464,0.01750045784,-0.07824612934,0.06186200161,0.006186200161,14,0.01528718535,-0.07870590144,-0.1013547547,0.004272654723,0.01832815637,0.008334749533,0.0009681942478,0.0007037539482,0.6727284789,-0.2228551954,0.6727284789,-0.2228551954,0,0.02841908355,0.004991921602,0.0084525396,1.149159635,0.150279,0.007518133414,0.000501988091,0.0001035844547,0.002890991627,0.002195996367,ok,4,1,1.412171789,1.602655168,-1.419205007,1.569764238,0.07647497641,0.02340952775,0.1361014171,-1.367163665,1.603587799,1.27657011,1.496300639,-0.01822131058,0.05658803611,-0.5615930345,1.412905105,1.595649224,-1.410575107,1.570524872,0.06535452083,0.02524553582,0.1475930135,-1.367636895,1.598925923,1.272054163,1.499700457,-0.01780479686,0.05286521626,-0.5639333774
0.29,16.474,0.0181187283,-0.07818430229,0.06179168462,0.006179168462,14,0.0143356225,-0.07863200334,-0.03706980555,0.004743191389,0.01952673908,0.007975114192,0.0004345114083,0.0001795907765,0.5076439977,0.1030005291,0.5076439977,0.1030005291,0,0.02714139904,0.009520122128,0.008459430875,0.9262844029,0.174276,0.01005633646,0.000219333177,0.0001558626139,0.001441757195,0.0005217153888,ok,4,1,1.412146587,1.601491647,-1.418454853,1.570118526,0.07540563853,0.02372238389,0.137536677,-1.367218964,1.602948938,1.275577325,1.496435848,-0.01843921531,0.05594134786,-0.5615446319,1.413354203,1.596987138,-1.411919242,1.57055485,0.0661427945,0.02561647041,0.1464575892,-1.368854952,1.602217862,1.276457768,1.500157983,-0.0219454359,0.05251974249,-0.5595489236
0.3,16.484,0.0187362834,-0.07812254678,0.06171892821,0.006171892821,15,0.01446133752,-0.07860439565,-0.03804065419,0.005832110996,0.02047659879,0.008147202487,0.000216606958,0.0001309076735,0.4326017201,-0.03130463883,0.4326017201,-0.03130463883,0,0.0269656246,0.007677632905,0.008461836359,0.8197801755,0.222473,0.008053486038,7.686172698e-05,8.284811368e-05,0.0007461792998,0.0004839658648,ok,4,1,1.412217728,1.600733252,-1.41803635,1.570227832,0.07419628054,0.02396664222,0.1387837577,-1.36757386,1.602790741,1.275904163,1.496713261,-0.01871153475,0.05549730475,-0.5614750468,1.413648755,1.597377026,-1.412163603,1.570584809,0.06599847878,0.02591595259,0.1464231044,-1.368539999,1.600496621,1.274496291,1.500614947,-0.02072015702,0.05205504229,-0.5611954335
0.31,16.494,0.01935309874,-0.07806086525,0.06164373524,0.006164373524,15,0.01425070237,-0.0785252875,0.03964769595,0.006826035168,0.02129238693,0.00811191863,0.0001769452578,0.0003495733401,0.3165155053,0.09952060878,0.3165155053,0.09952060878,0,0.02604011951,0.009604727762,0.008467413771,0.6705845829,0.152031,0.007195634579,0.000138516171,1.508372544e-05,0.0003694200045,0.0012502185,ok,4,1,1.412314222,1.600191397,-1.417424702,1.570396517,0.07319411336,0.02424092545,0.1396983135,-1.367745071,1.602556793,1.275622204,1.497121487,-0.01892122108,0.05509600884,-0.5613462613,1.414045949,1.598411848,-1.413155605,1.570614738,0.06648826753,0.02626454261,0.1456393699,-1.369128998,1.601744864,1.276300843,1.50107133,-0.0226706503,0.05166731701,-0.5592717405
0.32,16.504,0.01996914999,-0.07799926012,0.06156610868,0.006156610868,16,0.01520999705,-0.07847450825,0.06369800826,0.006209044048,0.02187098658,0.008277518939,0.0001029182106,0.0001673594544,0.3347163498,0.007455731276,0.3347163498,0.007455731276,0,0.02689173183,0.008389354908,0.008465507513,0.6856957754,0.18529,0.005844225332,0.0001236882774,4.745152108e-05,0.0002907678036,0.000579551411,ok,4,1,1.412533184,1.599959596,-1.416900687,1.570384075,0.07233249286,0.02445853942,0.140392971,-1.367904463,1.602509986,1.275823517,1.497620303,-0.01926314815,0.05473270849,-0.5611910795,1.414198061,1.597916775,-1.412374286,1.570644644,0.06547553511,0.02649603591,0.1466316644,-1.36896546,1.600516932,1.274966548,1.501527114,-0.02197226529,0.05121370123,-0.5603252464
0.33,16.514,0.02058441281,-0.07793773384,0.0614860516,0.00614860516,16,0.01579210593,-0.07839944473,0.0607120804,0.006329421769,0.02246831883,0.008297504487,7.537708946e-05,0.000154135961,0.2162774801,-0.1926461011,0.2162774801,-0.1926461011,0,0.02571248104,0.00540781297,0.008472229485,0.5344605122,0.258395,0.00604882215,2.338709363e-05,2.443474015e-05,0.0001432697158,0.0005448845005,ok,4,1,1.412746933,1.59977886,-1.416251546,1.570415607,0.07152435726,0.02470497293,0.1410794232,-1.367997512,1.602327029,1.275663761,1.498106382,-0.0195893706,0.05432470247,-0.5610495622,1.414628353,1.599169566,-1.413618773,1.570674515,0.06617975214,0.02686098453,0.1455941471,-1.368368089,1.597899421,1.271866802,1.501982282,-0.01978370307,0.05073133709,-0.563053589
0.34,16.524,0.02119886293,-0.07787628883,0.06140356715,0.006140356715,17,0.0158658619,-0.07832042131,0.06775161343,0.005503851696,0.02286988068,0.007989565834,0.0002709999969,0.0003273197541,0.3627079427,-0.09242789447,0.3627079427,-0.09242789447,0,0.02831049982,0.006603147417,0.00846298409,0.718900768,0.201529,0.004701612681,7.051262391e-05,0.0001443913957,0.0006191272755,0.001089611179,ok,4,1,1.41295064,1.599688343,-1.416029806,1.570555625,0.07088136482,0.02499838569,0.1416802782,-1.36804251,1.601950602,1.275075037,1.498480177,-0.01962081725,0.05385268941,-0.5612035423,1.41453753,1.59717049,-1.411094161,1.570704369,0.06369235714,0.02698097345,0.1483325257,-1.368783893,1.598571313,1.272941389,1.502436815,-0.02111628291,0.05032757471,-0.5618231934
0.35,16.534,0.02181247608,-0.07781492751,0.0613186586,0.00613186586,17,0.01725826249,-0.07827491957,0.07326123671,0.004717262145,0.0234906597,0.007816768756,9.029379992e-05,3.373778529e-05,0.4364107549,-0.1915826052,0.4364107549,-0.1915826052,0,0.03003682103,0.004943029678,0.008457465031,0.8119488756,0.170807,0.006369823135,5.750507727e-05,2.468464871e-05,0.0003407849052,0.0001148277926,ok,4,1,1.413175911,1.599456505,-1.415263615,1.570485316,0.07006218027,0.02519213405,0.1423606155,-1.368128693,1.601513933,1.275025126,1.498996509,-0.01977276778,0.05346428526,-0.5614020411,1.414564827,1.595921374,-1.4094387,1.570734192,0.06194269152,0.0271599767,0.1502000091,-1.368505884,1.596993913,1.271162642,1.502890697,-0.02003980017,0.04986959086,-0.5633006444
0.36,16.544,0.02242522803,-0.07775365232,0.06123132929,0.006123132929,18,0.01790136126,-0.07820804063,0.05765904019,0.005319434342,0.02424677589,0.007475169403,9.33719161e-05,3.887760237e-05,0.3475331664,-0.1242445931,0.3475331664,-0.1242445931,0,0.02945977338,0.005611500506,0.00846150328,0.6985870319,0.138027,0.007182344884,9.598602594e-05,2.790095578e-05,0.0003259163081,0.0001343103251,ok,4,1,1.413366284,1.599123542,-1.414534487,1.570484145,0.0691250364,0.02541536547,0.1432819591,-1.368147715,1.600947038,1.274529933,1.499500184,-0.01984220765,0.05304884544,-0.5615876799,1.41491345,1.596653809,-1.410081356,1.570763966,0.06213916608,0.02748278269,0.1497646948,-1.368793431,1.597251629,1.271711167,1.503343908,-0.02092720541,0.04945716624,-0.5625697855
0.37,16.554,0.0230370946,-0.07769246566,0.06114158267,0.006114158267,18,0.01850275351,-0.07815948801,0.04373611915,0.005458059698,0.0248616798,0.007248689033,4.368627293e-05,3.026035286e-05,0.3324025273,0.01214880962,0.3324025273,0.01214880962,0,0.02984771771,0.007430921178,0.008461517782,0.6733703718,0.113044,0.006115531308,3.189880083e-05,2.210053318e-05,0.0001472548659,8.875720289e-05,ok,4,1,1.413550291,1.598791093,-1.414185421,1.5705079,0.06825469739,0.02565405029,0.144146046,-1.368243916,1.600489999,1.274252524,1.49994839,-0.01994090126,0.05262329035,-0.5617456646,1.415126976,1.596555277,-1.409760646,1.570793712,0.06152099367,0.02774513884,0.1502943299,-1.369361121,1.598417564,1.273410108,1.503796431,-0.02278600982,0.04906886363,-0.5607462633
0.38,16.564,0.02364805164,-0.07763136996,0.06104942228,0.006104942228,19,0.01929336856,-0.07811045018,0.03488578002,0.006394652528,0.02545685844,0.007252164892,0.0001122951749,8.999121002e-05,0.4367986023,0.1655798256,0.4367986023,0.1655798256,0,0.03200883747,0.009735862276,0.008454084688,0.8020258882,0.176862,0.005905973172,5.291968844e-05,0.0001047976086,0.0003251792497,0.0002488048863,ok,4,1,1.413731511,1.59848541,-1.413684855,1.570497461,0.06742696684,0.02588648454,0.1448681329,-1.368400779,1.600165186,1.274251915,1.500430049,-0.02024214556,0.05222716946,-0.5616867559,1.415092753,1.594929731,-1.407669786,1.570823438,0.05940670796,0.0278980655,0.1525976926,-1.370042329,1.599969567,1.275593713,1.504248248,-0.02505527461,0.04869757049,-0.558460628
0.39,16.574,0.02425807502,-0.07757036762,0.06095485177,0.006095485177,19,0.0203087927,-0.07805139857,0.0246616963,0.007262986194,0.02621762356,0.007513793816,0.0002582425308,0.0002065979355,0.2742671669,0.2318861336,0.2742671669,0.2318861336,0,0.03033163106,0.01099208582,0.008462736512,0.5943652314,0.203304,0.007069356451,5.464627054e-05,0.0001419732959,0.0007501936975,0.0006179225585,ok,4,1,1.413914352,1.598148959,-1.412833332,1.570446076,0.06647606441,0.02609594878,0.1457062202,-1.368576657,1.600048017,1.274458858,1.50095825,-0.02079988887,0.05185094683,-0.5613359093,1.41559367,1.596607858,-1.40940941,1.570853096,0.0605324121,0.02828717142,0.1510618914,-1.370468015,1.600695782,1.276729466,1.504699341,-0.026439306,0.04830712557,-0.5571697066
0.4,16.584,0.02486714065,-0.07750946105,0.06085787487,0.006085787487,20,0.02051064233,-0.07798679578,0.01514237391,0.007445823624,0.02671496335,0.007917138845,8.268861699e-05,9.274250755e-05,0.2767001688,0.007502601016,0.2767001688,0.007502601016,0,0.03086546588,0.00802967786,0.008462118837,0.5902862911,0.224807,0.00516663619,7.131528895e-05,9.111990457e-05,0.0002175046362,0.0002025758486,ok,4,1,1.414102712,1.597953748,-1.412628445,1.5705242,0.06569904829,0.02637265395,0.1464670414,-1.368812285,1.60013308,1.274661153,1.501378119,-0.02143062692,0.05142579427,-0.5608131637,1.415786042,1.59638558,-1.408945843,1.570881055,0.05979618538,0.02854155608,0.1517337151,-1.369880798,1.598087588,1.27365188,1.50514783,-0.02425890532,0.04781381531,-0.5598865138
0.41,16.594,0.0254752245,-0.07744865267,0.0607584954,0.00607584954,20,0.02048437245,-0.07789357815,0.0437506519,0.006422219951,0.02723167822,0.00796335859,0.0001878019474,0.0001850811942,0.1689425856,0.0104081938,0.1689425856,0.0104081938,0,0.02976581701,0.008119481497,0.008468396544,0.4591476985,0.227921,0.005234018771,6.062565196e-05,0.000122743247,0.0004797145549,0.0006298161264,ok,4,1,1.4142699,1.597703803,-1.412184623,1.570709342,0.06503020415,0.02668583245,0.1470727044,-1.368919789,1.60006446,1.274290073,1.501732569,-0.0218001363,0.05094890712,-0.5605514124,1.416205782,1.597569974,-1.4101131,1.570908651,0.06043872716,0.02889534138,0.1507704519,-1.370026511,1.597891941,1.273623071,1.505595221,-0.02465636902,0.04739586103,-0.5597043029
0.42,16.604,0.02608230257,-0.07738794486,0.06065671729,0.006065671729,21,0.02099602374,-0.07784012125,0.06034636707,0.005093438678,0.02754871271,0.008004230532,0.0002185737634,0.0001793885644,0.24382025,-0.0775590241,0.24382025,-0.0775590241,0,0.03120601646,0.00684084517,0.00846392808,0.5525508006,0.15149,0.004027218396,8.580701775e-05,8.077631785e-05,0.0006035680724,0.0005591262437,ok,4,1,1.414480769,1.597642271,-1.41197815,1.570779576,0.06446594556,0.02695516336,0.1475345986,-1.369088341,1.599893578,1.274284188,1.502118912,-0.02210048892,0.05050265163,-0.5605124447,1.416271189,1.596567316,-1.408745477,1.570936234,0.05894043755,0.02909447787,0.1523478642,-1.369837728,1.596616073,1.272226994,1.50604184,-0.02389649025,0.04694903446,-0.5608229859
0.43,16.614,0.02668835087,-0.07732734003,0.06055254456,0.006055254456,21,0.02173574378,-0.07777674084,0.07277648473,0.005121848733,0.02797844193,0.007877092316,0.0001443381012,0.0001345191841,0.3227387071,0.09516883641,0.3227387071,0.09516883641,0,0.03281952253,0.009304624862,0.008458796095,0.6557891427,0.117268,0.004915065683,1.733195043e-05,6.004591096e-05,0.000362721942,0.0004261060915,ok,4,1,1.414695532,1.59754003,-1.411457312,1.570788837,0.06385550323,0.02719891888,0.1480234533,-1.369177243,1.599500261,1.274067917,1.502595415,-0.02233707044,0.05008875195,-0.5605512588,1.416309993,1.595415633,-1.407204878,1.570963775,0.05729761181,0.02928578851,0.1540984016,-1.370559836,1.598297502,1.274570599,1.50648767,-0.02630002936,0.04658760508,-0.558383869
0.44,16.624,0.02729334549,-0.07726684057,0.06044598131,0.006044598131,22,0.02305088158,-0.07773680752,0.05501762505,0.005668829458,0.02851900926,0.008016723971,0.0001409683132,0.000127307718,0.3190116286,-0.09936228395,0.3190116286,-0.09936228395,0,0.03330418369,0.006526289712,0.008458443157,0.6473881585,0.108412,0.005783305516,8.029258681e-05,8.929371915e-05,0.0004141818889,0.0004111348715,ok,4,1,1.414929248,1.597383512,-1.410866058,1.570678635,0.06308091732,0.02739170288,0.148704184,-1.369331154,1.599232506,1.2743139,1.503144972,-0.02278708896,0.04971892314,-0.5604090452,1.41650554,1.595235489,-1.406790654,1.570991263,0.05660703574,0.02954528809,0.1547194122,-1.370006658,1.595835942,1.271676843,1.506932693,-0.02427007549,0.0461050136,-0.560929816
0.45,16.634,0.02789726254,-0.07720644887,0.06033703176,0.006033703176,22,0.02321390401,-0.07765432234,0.0493404841,0.006048664652,0.02908308291,0.00785044666,6.675591992e-05,7.661179606e-05,0.09323780984,-0.5587872863,0.09323780984,-0.5587872863,0,0.03048165006,-0.0005313626346,0.008471872789,0.9296381769,0.126578,0.005723447846,3.466372056e-05,6.646146635e-05,0.0001418984176,0.0002770299262,ok,4,1,1.41511771,1.597126855,-1.410465,1.570772546,0.06233048359,0.02767326539,0.1494662735,-1.36937789,1.598872886,1.273800037,1.503577798,-0.02301395096,0.04927038572,-0.5603326417,1.417167756,1.597900572,-1.40967612,1.571018688,0.05870136516,0.029994726,0.1520317815,-1.368383928,1.589998959,1.264503655,1.507376891,-0.01861850562,0.04554654867,-0.5675480841
0.46,16.644,0.02850007818,-0.0771461673,0.06022570021,0.006022570021,23,0.02227437557,-0.07756459548,0.06715447485,0.003557386234,0.02930802937,0.006946324312,0.0006614291227,0.0006315235964,-0.2364691943,-0.5399122238,-0.2364691943,-0.5399122238,0,0.02576099145,-0.001152359045,0.008493883327,0.8865807815,0.095174,0.008109722364,0.0001558229401,0.0003295078169,0.00178741801,0.002025696128,ok,4,1,1.41527922,1.597012373,-1.410630814,1.57111961,0.0619270095,0.02805495187,0.1499153389,-1.36928714,1.598108682,1.27236171,1.503772291,-0.02254143778,0.04869454011,-0.5609519821,1.418085238,1.602200957,-1.41445406,1.571046044,0.0623914307,0.03056249222,0.1474450152,-1.368349348,1.589242874,1.263765309,1.507820248,-0.01840966058,0.0451169845,-0.5680452649
0.47,16.654,0.02910176862,-0.07708599826,0.06011199105,0.006011199105,23,0.02272024645,-0.07753236208,0.1408018054,0.003883015327,0.02895590899,0.00601656849,0.0007268378798,0.0005813626158,0.2006745338,-0.02620634437,0.2006745338,-0.02620634437,0,0.031966027,0.005623473325,0.008468728118,0.4954171194,0.093978,0.007935964336,0.0002941240311,0.0001541372212,0.002148215312,0.001790085363,ok,4,1,1.415546695,1.597483532,-1.411272455,1.571240446,0.06184335346,0.02832743165,0.1497676385,-1.369303661,1.597178838,1.271601396,1.504073392,-0.02187616998,0.04825126644,-0.561965659,1.417489684,1.597093856,-1.408333099,1.571073464,0.05688918227,0.03047559534,0.1537879705,-1.370151968,1.594327656,1.270422953,1.508262746,-0.02446042298,0.04483376674,-0.561502157
0.48,16.664,0.0297023101,-0.07702594411,0.05999590878,0.005999590878,24,0.02668734031,-0.07751533954,0.1592527409,0.005784649603,0.02920251143,0.005863011153,0.0006439071209,0.0006689247989,-0.2887579501,-0.1951292753,-0.2887579501,-0.1951292753,0,0.02487114218,0.002936072023,0.00850126907,0.5738729162,0.093846,0.004451928661,0.0001727865411,0.000343978111,0.001836233833,0.002228249672,ok,4,1,1.415981359,1.59769937,-1.410231756,1.570652482,0.06134111093,0.02841479609,0.1498432488,-1.369334929,1.596505642,1.272149841,1.505039357,-0.02208616371,0.04809266638,-0.5623357088,1.418731181,1.603438099,-1.415477862,1.571100712,0.06257385167,0.03118393154,0.1468256095,-1.369614212,1.591937552,1.267620695,1.508704367,-0.02250157436,0.04435511166,-0.5639662863
0.49,16.674,0.0303016789,-0.07696600723,0.05987745797,0.005987745797,24,0.02538302417,-0.07744106812,-0.01547303893,0.007202323213,0.02873560689,0.005519002288,0.0002750736734,0.0001591220426,0.5231906772,0.09169689566,0.5231906772,0.09169689566,0,0.03658346704,0.006894455723,0.0084529752,0.8795918915,0.120015,0.004991003977,0.0001658846818,0.0001250048728,0.000946362068,0.0002291033963,ok,4,1,1.416200579,1.598447095,-1.411442002,1.570819984,0.06124382603,0.02878744821,0.14988525,-1.36941777,1.595980334,1.271244318,1.505474706,-0.02216708838,0.04766274822,-0.5623450401,1.417354363,1.593593083,-1.403864117,1.571128063,0.05244790711,0.03079349613,0.1586771648,-1.370706676,1.594805872,1.271460029,1.509145094,-0.0261696532,0.04403378773,-0.5601012496
0.5,16.684,0.03089985138,-0.07690618998,0.05975664329,0.005975664329,25,0.02822355619,-0.07737484623,0.06511025159,0.007175929044,0.0295481098,0.00562910537,0.0007507389224,0.0006726715476,-0.5326365232,0.3187099695,-0.5326365232,0.3187099695,0,0.02155856195,0.01040975491,0.008519760099,0.9135033874,0.154569,0.008258893561,0.0003583811252,0.0001560790149,0.00216618628,0.002153304545,ok,4,1,1.416446189,1.598099364,-1.409781065,1.570593782,0.06045438254,0.02893487409,0.1504182713,-1.369432557,1.595736195,1.271399321,1.506104339,-0.0227415861,0.04730763168,-0.5621648822,1.419699314,1.60676161,-1.418916099,1.571155194,0.06479259921,0.03195507178,0.1437815442,-1.371683177,1.597328779,1.274855593,1.509584909,-0.02946372875,0.04371358571,-0.556656008
0.51,16.694,0.0314968039,-0.07684649473,0.05963346953,0.005963346953,25,0.02606257634,-0.07734377172,-0.1096084794,0.006818007636,0.02872940106,0.006202511407,0.0006536899777,0.0003206794683,-0.3554318547,-0.0935594216,-0.3554318547,-0.0935594216,0,0.02339792324,0.004799120083,0.008513035128,0.6389865555,0.089594,0.00774163542,0.0004334204471,0.0001980109682,0.00228376986,0.0006347358798,ok,4,1,1.416669388,1.599019974,-1.412113548,1.570912335,0.06041839302,0.02936945482,0.1504777631,-1.369973687,1.596013912,1.271801923,1.506246771,-0.02327434012,0.04682170159,-0.5616291679,1.419714601,1.60540984,-1.417149612,1.571182363,0.06296594228,0.03211890601,0.1457561558,-1.370433562,1.592621714,1.269134222,1.510023796,-0.02502459398,0.04315642247,-0.5619082814
0.52,16.704,0.03209251292,-0.07678692383,0.05950794154,0.005950794154,26,0.02609904365,-0.07723490292,0.1444395548,0.007832704799,0.02815133892,0.00610772835,0.0006457542798,0.0004465905443,0.2612086833,0.004213103093,0.2612086833,0.004213103093,0,0.03206946917,0.006170924897,0.008476227198,0.5523735184,0.137492,0.005923254123,0.0002642546892,0.0001444945795,0.001998604708,0.001362984745,ok,4,1,1.416980853,1.599486586,-1.412423308,1.571279722,0.0609296781,0.02976852743,0.1496548914,-1.369945154,1.595847731,1.271114306,1.506498109,-0.02356450574,0.04633051238,-0.5613321298,1.418787988,1.598175368,-1.408571326,1.57120955,0.05540594291,0.03188371804,0.1545652012,-1.370891203,1.593446032,1.2703896,1.510461738,-0.02650121399,0.04277785642,-0.5605060401
0.53,16.714,0.0326869549,-0.07672747963,0.05938006428,0.005938006428,26,0.02957939011,-0.07715682026,0.1567517378,0.00581521592,0.02850216664,0.00606853851,0.0006482215508,0.0005305387282,0.1621725261,-0.1153651476,0.1621725261,-0.1153651476,0,0.03093475453,0.004338061296,0.008482761141,0.4547459679,0.105022,0.005222211458,0.0004185160149,9.764865688e-05,0.002045569234,0.001561602962,ok,4,1,1.417445984,1.599597121,-1.410913594,1.570907155,0.06062815437,0.02991524048,0.149638197,-1.369789168,1.595486512,1.271177195,1.507212485,-0.02407276912,0.04596344182,-0.5613131942,1.419206284,1.599384868,-1.409770319,1.571236604,0.05608069469,0.03222995667,0.1535640407,-1.370560123,1.591732488,1.268442787,1.510898716,-0.0252605026,0.04232077684,-0.5621596913
0.54,16.724,0.03328010639,-0.07666816448,0.0592498428,0.00592498428,27,0.02941352766,-0.07710390504,-0.02966585174,0.003698723033,0.02875518351,0.005871528879,0.000267432934,0.0001899521914,0.3044020236,0.272241354,0.3044020236,0.272241354,0,0.03332121387,0.009955149189,0.008474131749,0.6263428551,0.112184,0.003984508691,0.0002170037333,8.392309093e-05,0.0008055351368,0.0005247340121,ok,4,1,1.417639172,1.599682144,-1.411107781,1.570911793,0.06006520338,0.03018909349,0.1503187968,-1.369901038,1.594916737,1.270767542,1.507674899,-0.02435992782,0.04547106877,-0.5613810234,1.419131352,1.597564014,-1.40745841,1.571263643,0.05380177483,0.03237869241,0.1560849903,-1.372057153,1.59592512,1.273940206,1.511334714,-0.03033694384,0.04205865295,-0.5567067088
0.55,16.734,0.03387194396,-0.07660898072,0.05911728223,0.005911728223,27,0.03062628372,-0.07708649396,-0.01059151887,0.005949307319,0.02926489508,0.006302621031,0.0004795377286,0.0004070958865,0.141651839,0.09840162098,0.141651839,0.09840162098,0,0.03138967267,0.007778645346,0.008483938787,0.4135962453,0.110487,0.005479806482,8.250570851e-05,0.0002111275715,0.001307503961,0.001255491243,ok,4,1,1.417799909,1.599378755,-1.410820642,1.570811666,0.05928158131,0.03040121307,0.1510416568,-1.370244021,1.594796511,1.27145984,1.50816851,-0.02499642146,0.04511130799,-0.5610429131,1.419663563,1.599457389,-1.409451443,1.571290587,0.05514561886,0.03276403665,0.1542862306,-1.371646916,1.593938015,1.271651566,1.511769714,-0.02880310005,0.04158812774,-0.5586888622
0.56,16.744,0.03446244426,-0.07654993069,0.05898238782,0.005898238782,28,0.0298366117,-0.07700595089,-0.0004492343992,0.007218342218,0.02956645992,0.006496018054,0.0001137143547,0.0001281576632,-0.1927375942,0.377222836,-0.1927375942,0.377222836,0,0.02667539601,0.01215436059,0.008506284256,0.7366449034,0.130057,0.003581877391,0.0001068792021,3.931270782e-05,0.000364662788,0.0004228253678,ok,4,1,1.417930084,1.599256988,-1.410941275,1.571035126,0.05872749625,0.03074967687,0.1515658389,-1.370452312,1.594740756,1.271198036,1.508504954,-0.02546155723,0.04466014247,-0.5605775661,1.420574649,1.603746759,-1.414217281,1.571317062,0.05882126845,0.03330960634,0.1497018159,-1.372829045,1.597154276,1.275907119,1.512203642,-0.03282800626,0.04131030735,-0.5544157999
0.57,16.754,0.03505158395,-0.07649101672,0.05884516488,0.005884516488,28,0.03018004455,-0.07697171516,0.02096190008,0.007262362422,0.02927850847,0.007160003911,0.000266122857,0.0001922609913,0.06612594426,0.1508641094,0.06612594426,0.1508641094,0,0.03027039763,0.009422965552,0.008492147333,0.4631891009,0.117171,0.006639933091,0.0002932772633,0.0001261743122,0.0008337079584,0.0004974270209,ok,4,1,1.418183138,1.599588245,-1.411583455,1.571122714,0.05860125059,0.03106671055,0.1514680183,-1.370827728,1.59504917,1.271908084,1.508846713,-0.02618807317,0.04425794683,-0.5599715013,1.420332361,1.600884849,-1.410700505,1.571342432,0.05553369798,0.03338455891,0.1534241607,-1.372284233,1.594725088,1.273063938,1.512636361,-0.03081996418,0.04081956229,-0.5569251422
0.58,16.764,0.03563933981,-0.07643224114,0.05870561883,0.005870561883,29,0.03088170584,-0.07686988048,0.07455513024,0.007289518695,0.02940267945,0.007441121973,0.0001130263118,0.0001313087019,0.1766317189,0.05848829076,0.1766317189,0.05848829076,0,0.03205215523,0.008318446335,0.008485945524,0.4601310992,0.228326,0.004003568366,5.535873345e-05,6.89940033e-05,0.0002863314311,0.0004777994278,ok,4,1,1.418447476,1.599823251,-1.410995146,1.571185702,0.05836904125,0.03135537749,0.1514201646,-1.370918948,1.595095934,1.271825132,1.509316618,-0.02681639581,0.04385799979,-0.5594511501,1.420340728,1.599583217,-1.408991172,1.571367724,0.05376773026,0.03356233879,0.1553323009,-1.37213155,1.593589156,1.271845526,1.513068032,-0.03019142281,0.04038018114,-0.5578819616
0.59,16.774,0.03622568861,-0.07637360626,0.05856375519,0.005856375519,29,0.03175006952,-0.07679923295,0.07280677211,0.004981997543,0.02967922686,0.007557996728,0.0001148095666,9.92038015e-05,0.5434674025,0.1536223888,0.5434674025,0.1536223888,0,0.0378312379,0.00986233256,0.008463284604,0.9386041242,0.277246,0.004112006263,0.0001787290082,0.0001326863066,0.0003811837796,0.000283130302,ok,4,1,1.418728248,1.599985901,-1.410610693,1.571188428,0.05787973652,0.03160323734,0.1518515346,-1.370996164,1.595022271,1.271778104,1.509766984,-0.02725593104,0.04342574699,-0.5592518634,1.419769419,1.594847261,-1.403298151,1.571393006,0.04865781211,0.03354449786,0.1612375758,-1.372623293,1.594558738,1.273272539,1.51349864,-0.03181107829,0.04002219128,-0.5563088095
0.6,16.784,0.03681060721,-0.0763151144,0.05841957955,0.005841957955,30,0.03347788712,-0.07675146152,0.04552694372,0.004758828138,0.03055611904,0.007807753717,0.0004696625212,0.000358540881,0.4789566696,0.1989142597,0.4789566696,0.1989142597,0,0.03774046908,0.01079146761,0.008465251454,0.8423128763,0.14182,0.008383194102,0.0002952127393,2.226382373e-05,0.001390736485,0.001053642826,ok,4,1,1.418950023,1.59955165,-1.409566256,1.571028211,0.05688675589,0.03176440099,0.1528543817,-1.371133149,1.594844032,1.272143524,1.51034248,-0.02785910288,0.04305872523,-0.5590193132,1.420036451,1.595156048,-1.403454878,1.571418175,0.04846362713,0.03382732962,0.1612721973,-1.372964738,1.595041,1.274085801,1.513928166,-0.03290836393,0.03964776997,-0.5553226094
0.61,16.794,0.03739407251,-0.07625676787,0.05827309761,0.005827309761,30,0.03361410212,-0.07670770521,-0.01967964193,0.005095257009,0.03139448767,0.008148852116,0.0002264273653,0.0001803847323,0.4785636067,-0.01249278896,0.4785636067,-0.01249278896,0,0.03857294177,0.007961460282,0.008463386087,0.8327097055,0.153204,0.007361293833,6.646889194e-05,6.822284302e-05,0.0005983555352,0.0005445612581,ok,4,1,1.419068927,1.599000387,-1.409178262,1.571057425,0.05582492096,0.03201932107,0.154037601,-1.371387571,1.594756105,1.272395145,1.510779799,-0.02845900243,0.04264537498,-0.5585981314,1.420169532,1.594671039,-1.402691276,1.571443296,0.04749782391,0.03406431586,0.1622299182,-1.372389789,1.592533926,1.271145072,1.514356593,-0.03081062316,0.03915688772,-0.5579304546
0.62,16.804,0.03797606149,-0.07619856897,0.05812431514,0.005812431514,31,0.03335430753,-0.07662932889,0.02080539668,0.005714142242,0.03227299286,0.008154668866,0.00010986659,0.0001501591857,0.4976519644,-0.1278653592,0.4976519644,-0.1278653592,0,0.03973777233,0.006236688478,0.008460306944,0.8600866947,0.168167,0.007358386888,4.967804964e-05,0.0001066877216,0.000285999392,0.0005319698222,ok,4,1,1.419140693,1.598339341,-1.408549453,1.571261872,0.05485621079,0.03232355298,0.1550456656,-1.371520575,1.594596312,1.272013135,1.51109274,-0.02876852909,0.04217904165,-0.5583640724,1.420250191,1.593900819,-1.401596118,1.571468355,0.04625534385,0.03428881371,0.1635197041,-1.372077382,1.590907779,1.269307608,1.514783906,-0.02965043797,0.03870639637,-0.5594828071
0.63,16.814,0.03855655116,-0.07614052,0.05797323802,0.005797323802,31,0.03368342363,-0.0765640683,0.05243397232,0.0045303656,0.03317434961,0.007958813589,0.0001818849796,0.0002217920141,-0.06465177983,-0.1341557056,-0.06465177983,-0.1341557056,0,0.03220457292,0.005946478006,0.008493482578,0.3860141414,0.108769,0.007613233776,2.20523919e-05,0.0001476073546,0.000446394237,0.0007298723816,ok,4,1,1.419244668,1.597757784,-1.407672547,1.571367699,0.05386857762,0.03257857267,0.1560047076,-1.37160729,1.594281473,1.271649057,1.511443157,-0.02887695515,0.04172711671,-0.5584767193,1.421584836,1.600600728,-1.409164948,1.571493274,0.05228188766,0.03493387146,0.1561127381,-1.372119622,1.590421332,1.268904062,1.515210087,-0.02970829157,0.03829614837,-0.5596640661
0.64,16.824,0.03913551862,-0.07608262326,0.05781987223,0.005781987223,32,0.03322306898,-0.07652903882,0.05153732063,0.004859486482,0.03314530255,0.007750671132,0.0006524874859,0.000504163649,0.2345733643,0.07324819267,0.2345733643,0.07324819267,0,0.03666390302,0.008849394022,0.008476122558,0.5187490624,0.159724,0.003488646446,0.0003503473809,5.555044997e-05,0.001963410955,0.001529173136,ok,4,1,1.419440347,1.597883906,-1.408337453,1.571545176,0.05347499652,0.03290019027,0.1563265348,-1.371807225,1.593909978,1.27143994,1.511724264,-0.02881803009,0.04128675041,-0.5587020284,1.421199946,1.596996761,-1.404787763,1.571518275,0.0482875059,0.03498652612,0.1606965638,-1.372952197,1.592473674,1.271691586,1.51563512,-0.03248069489,0.03797858446,-0.5567902894
0.65,16.834,0.039712941,-0.07602488102,0.0576642238,0.00576642238,32,0.03559434212,-0.07648117868,0.111771953,0.005781777353,0.03352164618,0.007838970353,0.0001460690713,0.0001813627095,0.3012456894,0.2183462381,0.3012456894,0.2183462381,0,0.03804033152,0.01111416392,0.008471831876,0.6088123266,0.087174,0.004671200829,3.327511691e-05,0.0001529510738,0.0004243127509,0.0006269585613,ok,4,1,1.419743353,1.597871571,-1.407372891,1.571316624,0.05295870673,0.03307729024,0.1565139595,-1.371888116,1.593617254,1.271788261,1.512385714,-0.02919580193,0.04101660677,-0.558644783,1.421254204,1.596041218,-1.403481061,1.571543177,0.04687058346,0.03519325006,0.1621976973,-1.373618018,1.594023963,1.273840339,1.516058988,-0.03471093969,0.0376549664,-0.5545256162
0.66,16.844,0.04028879551,-0.07596729557,0.05750629888,0.005750629888,33,0.03683029537,-0.07642787943,0.02467973568,0.006944248442,0.0340094963,0.008175713083,0.0003556970846,0.0003572382173,0.03244321048,0.2829850316,0.03244321048,0.2829850316,0,0.03449614446,0.01242048856,0.008488523959,0.6253564546,0.102836,0.005347415425,0.0001491546823,0.0001715757301,0.0009863190757,0.001172598204,ok,4,1,1.4199888,1.59790944,-1.40676925,1.57115512,0.05221799889,0.03327078738,0.157158066,-1.372015664,1.593517896,1.272061845,1.513005839,-0.02987215369,0.04068690732,-0.5581859171,1.422010001,1.599312402,-1.407073749,1.571567945,0.04956157409,0.03564064297,0.1587791157,-1.374050508,1.594812151,1.275032348,1.516481673,-0.03612571824,0.03730149719,-0.5531777155
0.67,16.854,0.04086305941,-0.07590986918,0.05734610372,0.005734610372,33,0.03668412182,-0.07636723555,0.00145472739,0.007578222728,0.03408181705,0.008672793733,0.0001140522471,0.0001231754561,-0.1489775777,-0.05474168435,-0.1489775777,-0.05474168435,0,0.03184715338,0.007851668468,0.008501577983,0.3807460816,0.103027,0.005561966519,0.0001325925882,9.596081015e-05,0.0003710187408,0.0003767668954,ok,4,1,1.420200788,1.598006653,-1.407230724,1.571269598,0.05178214532,0.03358756707,0.1575993309,-1.372292125,1.593703108,1.272303143,1.513356366,-0.03056375172,0.04026263717,-0.5575485384,1.422634495,1.601814114,-1.409773942,1.571592668,0.05150402478,0.03604433681,0.1562554846,-1.373046101,1.590919636,1.27035734,1.516903161,-0.03253934172,0.03675369123,-0.5574567293
0.68,16.864,0.04143571004,-0.07585260412,0.05718364463,0.005718364463,34,0.03590355783,-0.0762746047,0.04820926471,0.005714842551,0.0338911116,0.008638083382,0.000517891964,0.0003994335463,-0.2340103835,-0.4072291553,-0.2340103835,-0.4072291553,0,0.03038095585,0.002529646052,0.008509833809,0.7201492949,0.110768,0.003586359887,0.0002299869825,0.0001930972196,0.001497648204,0.001230846989,ok,4,1,1.420403781,1.598227754,-1.407670531,1.571602903,0.05176034473,0.03398789193,0.1574939367,-1.372399566,1.593634628,1.271726273,1.513562142,-0.03081642923,0.03975119412,-0.5573140832,1.423084707,1.603299842,-1.411295512,1.571617358,0.05245904962,0.03639324631,0.1549142014,-1.371834632,1.586433136,1.264927208,1.517323433,-0.02830924849,0.03620079959,-0.5624594013
0.69,16.874,0.04200672478,-0.07579550264,0.05701892803,0.005701892803,34,0.03584443291,-0.07620148561,0.1246975853,0.003817095943,0.03352201071,0.007998623752,0.0006692174817,0.0006508962902,0.217259869,-0.04235447571,0.217259869,-0.04235447571,0,0.03678090875,0.007363306616,0.008483435456,0.5107736281,0.101688,0.006543290169,0.0001445589114,0.0003201332999,0.001842963246,0.002059087656,ok,4,1,1.420657176,1.598685145,-1.407956914,1.571848366,0.05196477513,0.03429231954,0.1570905773,-1.372331683,1.592976426,1.270763938,1.513777184,-0.0306071032,0.0392229608,-0.5577738256,1.422430001,1.598023631,-1.404986798,1.571642071,0.04685703885,0.03634551033,0.1614371839,-1.373149539,1.590027268,1.269646222,1.517742474,-0.03272382522,0.03594771757,-0.5577337304
0.7,16.884,0.04257608109,-0.07573856701,0.05685196042,0.005685196042,35,0.03940175041,-0.07617618344,0.1494814446,0.005072359268,0.03381009144,0.007849206619,0.0005872472583,0.0004304899273,0.4154851437,0.1207515076,0.4154851437,0.1207515076,0,0.0400423686,0.009660479233,0.008471321906,0.7671284536,0.11438,0.004689054728,0.0002927222474,0.0001355740829,0.001871198617,0.001327364791,ok,4,1,1.421046741,1.598816038,-1.40691304,1.571352851,0.05154609358,0.03436818201,0.1572113879,-1.372341684,1.592339965,1.271205924,1.514557961,-0.03085264022,0.03895192457,-0.5581110786,1.422204187,1.59544696,-1.401801728,1.571666666,0.04387480904,0.03646854213,0.164821941,-1.373828576,1.591606964,1.271830025,1.518160267,-0.03497929218,0.0356279169,-0.5554367243
0.71,16.894,0.0431437565,-0.07568179947,0.05668274839,0.005668274839,35,0.0407674346,-0.07613081873,-0.02800991472,0.00516262472,0.03446290593,0.007989038866,0.0008141355883,0.000636473203,0.1711357981,0.2311847359,0.1711357981,0.2311847359,0,0.0370299429,0.0114568099,0.008485445605,0.5362194492,0.110733,0.006774491512,0.0003235649396,0.0002174278046,0.002490048329,0.001992050911,ok,4,1,1.421257968,1.598650018,-1.406281441,1.571047726,0.05064930055,0.03456249286,0.1581063975,-1.37248134,1.59193458,1.271357146,1.515318012,-0.03144602554,0.0386582568,-0.5578738831,1.422888281,1.598255155,-1.404862109,1.571691147,0.04612088149,0.03687419464,0.1619346536,-1.37437995,1.592790761,1.273513197,1.518576796,-0.03680822003,0.03529878965,-0.553618812
0.72,16.904,0.0437097286,-0.07562520226,0.05651129862,0.005651129862,36,0.03981275369,-0.07608520647,-0.07021206802,0.006681131312,0.03480088652,0.008391804839,0.0001359409943,0.0001688366758,-0.08537141234,-0.2146855295,-0.08537141234,-0.2146855295,0,0.03352031533,0.005171521897,0.008502199486,0.453479031,0.121898,0.0048135398,8.40867521e-05,0.0001484909017,0.0003642445788,0.0004682312714,ok,4,1,1.421333985,1.59855571,-1.406739837,1.571281942,0.04988781188,0.03491611457,0.1589322012,-1.372814088,1.592065662,1.271469506,1.515587932,-0.03199468023,0.03821898167,-0.5573444327,1.423633619,1.601491598,-1.408416048,1.571715521,0.04877977852,0.03730936966,0.1585498715,-1.372937444,1.587530871,1.267124166,1.518992044,-0.03174927751,0.03470139919,-0.5595516391
0.73,16.914,0.04427397504,-0.07556877762,0.05633761788,0.005633761788,36,0.03825238072,-0.07598489994,0.03588138801,0.005764616667,0.03475158207,0.008105836652,0.0007220454158,0.0006307503448,-0.07906956971,-0.4043275416,-0.07906956971,-0.4043275416,0,0.03356553853,0.002040923528,0.008503568533,0.7094786029,0.138144,0.004352553956,0.0002991013568,0.0002331626662,0.002065049024,0.001988352555,ok,4,1,1.421479625,1.598574431,-1.40725673,1.57179272,0.04975238856,0.03535628263,0.1590364121,-1.372878228,1.591883425,1.270508498,1.515633547,-0.03195205408,0.03766077638,-0.5572880876,1.423872032,1.601673462,-1.408431357,1.571739889,0.04847845455,0.03757464191,0.1587188826,-1.372263351,1.584788639,1.263885394,1.519405995,-0.02937618065,0.03421651338,-0.5624611457
0.74,16.924,0.04483647355,-0.07551252777,0.05616171303,0.005616171303,37,0.03908245746,-0.07591902988,0.1610524028,0.004239020666,0.03464206757,0.007443725671,0.0005166864997,0.0005354715262,0.02078150213,0.08668721467,0.02078150213,0.08668721467,0,0.0349537901,0.008744033891,0.008499077304,0.3910195125,0.115442,0.006411997855,0.0001340274387,0.0002580443222,0.001372695634,0.001722590191,ok,4,1,1.421770692,1.598813105,-1.407095723,1.571930078,0.04974319824,0.03560846909,0.1588135208,-1.372775412,1.591200637,1.269736722,1.515908438,-0.03166134273,0.03719299516,-0.5578434183,1.423918669,1.600700779,-1.407109738,1.571764213,0.04706041246,0.03777628685,0.1602304705,-1.374048998,1.589880665,1.270474776,1.519818633,-0.0353852639,0.03403266123,-0.5559365424
0.75,16.934,0.04539720191,-0.07545645493,0.05598359101,0.005598359101,37,0.0420209369,-0.07591503613,0.1064915038,0.005004031595,0.03461778864,0.007514701228,0.0004229446008,0.0003821367394,0.03097370453,0.3005908132,0.03097370453,0.3005908132,0,0.03508239421,0.01202356343,0.008500054361,0.6489134358,0.10605,0.003397509027,0.0001020125722,0.0002349952238,0.001233050446,0.001264289942,ok,4,1,1.422169126,1.599232633,-1.406757485,1.571476272,0.04940289748,0.03570476704,0.1588275339,-1.372909324,1.590753787,1.270462815,1.516667858,-0.03198775487,0.03696164549,-0.5580317664,1.424143783,1.600809368,-1.407041309,1.571788444,0.0466915873,0.03803642932,0.1604825053,-1.374963711,1.592253686,1.273640576,1.520229942,-0.03847688923,0.03376406455,-0.5526941179
0.76,16.944,0.045956138,-0.07540056132,0.05580325886,0.005580325886,38,0.04301302373,-0.07586542374,-0.01455293774,0.007489242353,0.0346365,0.007972031033,0.000496772738,0.0005191994686,0.4178642333,0.2924594283,0.4178642333,0.2924594283,0,0.0409044635,0.01235892246,0.008476703277,0.7363476339,0.11541,0.005746341451,9.326849162e-05,0.0002935769332,0.001367460508,0.001677938618,ok,4,1,1.422436326,1.599620636,-1.406865382,1.571273345,0.04895317374,0.03593603773,0.1590954069,-1.373145448,1.590706317,1.270904219,1.51735665,-0.03273054778,0.03670708749,-0.5574814258,1.423546208,1.596028851,-1.401306443,1.571812664,0.0415896974,0.03804494909,0.1664267207,-1.375156326,1.592276212,1.273866804,1.520639905,-0.03905701917,0.03339071718,-0.5522774696
0.77,16.954,0.04651325974,-0.07534484915,0.05562072369,0.005562072369,38,0.04377084116,-0.07578237185,-0.02102536271,0.007199758846,0.0353164497,0.008476719092,0.0005910083602,0.0004864079948,0.5632284284,-0.1026912108,0.5632284284,-0.1026912108,0,0.04376487612,0.00693635093,0.008466288341,0.9616553507,0.113742,0.006641963554,0.0002463034325,0.0001123481405,0.001768793751,0.00153180724,ok,4,1,1.422596699,1.599314249,-1.405987293,1.571287041,0.04823166096,0.0362103983,0.1597932239,-1.373273094,1.590860473,1.271009357,1.517843762,-0.0336137322,0.03631730132,-0.5566950912,1.423367935,1.593791909,-1.398518433,1.571836751,0.03895345961,0.03819314242,0.1694097774,-1.373926804,1.587700047,1.268342557,1.521048507,-0.03472257578,0.03281394186,-0.5573914727
0.78,16.964,0.04706854515,-0.0752893206,0.05543599271,0.005543599271,39,0.04319525834,-0.07568451187,-0.001032463618,0.005343630695,0.03631103704,0.008346923718,0.000221270119,0.0002102089244,-0.2479023933,-0.07978475094,-0.2479023933,-0.07978475094,0,0.03259250114,0.007150152454,0.008515593249,0.5016956644,0.215579,0.00848671578,0.0002021097729,0.0002803396241,0.0007560794323,0.0006948224387,ok,4,1,1.422668832,1.598583746,-1.405139102,1.571591469,0.04731170207,0.03652627855,0.1609230616,-1.373253018,1.590655162,1.270171147,1.51801548,-0.0339593201,0.03574120132,-0.5564363417,1.425222978,1.603600703,-1.409694845,1.571860653,0.04797934776,0.03894370541,0.158361931,-1.37408899,1.587625622,1.268448376,1.521455731,-0.03519595461,0.03243627069,-0.5570934029
0.79,16.974,0.0476219723,-0.07523397789,0.0552490732,0.00552490732,39,0.04189042997,-0.07565796825,0.0008112306265,0.004402459833,0.03599986464,0.008262157109,0.000675431602,0.0005642921304,-0.3693807423,0.09210816771,-0.3693807423,0.09210816771,0,0.0304591535,0.009643779625,0.008527003353,0.6924386465,0.113408,0.00487372432,0.0004586802207,0.0001653386615,0.001990205189,0.001780467062,ok,4,1,1.42285143,1.598726979,-1.406585665,1.571934676,0.04711686229,0.0369155751,0.1611528667,-1.373580015,1.590491448,1.270089223,1.518045093,-0.03388939112,0.03521108361,-0.5566346242,1.425756719,1.605651365,-1.4118748,1.571884587,0.04949181556,0.03931200577,0.1563509734,-1.374817095,1.589373286,1.270832046,1.521861561,-0.03761491378,0.0321397357,-0.5546045977
0.8,16.984,0.04817351935,-0.07517882319,0.05505997257,0.005505997257,40,0.04289538691,-0.07562261035,0.1123046851,0.005811806621,0.03541556272,0.008419821718,0.0004719946117,0.0003111272131,0.07834842801,0.2210313231,0.07834842801,0.2210313231,0,0.03659078914,0.01173529156,0.008500984588,0.5610612017,0.103573,0.006182048971,0.0003416378589,0.0001299357291,0.00139535807,0.0009051292528,ok,4,1,1.423146445,1.599469316,-1.407049381,1.571929506,0.04725212089,0.03717672213,0.1605009456,-1.373859821,1.59037595,1.27058646,1.518504392,-0.03408002454,0.0349486961,-0.5566483269,1.425134863,1.60059607,-1.40583188,1.571908535,0.04414088388,0.03928615538,0.1626051961,-1.37544015,1.590803589,1.27281354,1.522265982,-0.03969063656,0.03183755173,-0.5525011146
0.81,16.994,0.04872316451,-0.07512385867,0.05486869825,0.005486869825,40,0.04531213474,-0.0755610616,0.1021621405,0.006407516062,0.03547484995,0.008758486638,0.0003662642035,0.0003664815033,0.7569971085,0.4274092913,0.7569971085,0.4274092913,0,0.04682980657,0.01516962601,0.008459733859,1.263383772,0.105837,0.004888804954,0.0002429061759,0.0001810086777,0.001130501126,0.001209839813,ok,4,1,1.423496156,1.599992431,-1.406118461,1.571600318,0.04702333127,0.03731362136,0.1603321827,-1.373909639,1.590261972,1.271001181,1.519296627,-0.0348018316,0.03474320885,-0.5562326265,1.423865932,1.592024783,-1.395698813,1.571932358,0.03538459686,0.0391408722,0.1729660205,-1.376391042,1.593311234,1.276135834,1.522668978,-0.04291340366,0.0315923116,-0.5491054833
0.82,17.004,0.04927088609,-0.07506908651,0.05467525782,0.005467525782,41,0.04816675365,-0.07549645215,0.01087845698,0.006301092201,0.03662767358,0.009439529292,0.001274109328,0.001032011174,0.6654050946,0.3673652112,0.6654050946,0.3673652112,0,0.04660875,0.01495000746,0.008461981153,1.137009039,0.103523,0.0114684354,0.0006147196535,0.0002060169922,0.003859378287,0.003232417246,ok,4,1,1.423748361,1.599458026,-1.404333241,1.571142723,0.04594547562,0.03741841512,0.1614975851,-1.373975153,1.590330547,1.271635947,1.520122941,-0.03600245719,0.03446037941,-0.5553970231,1.424137745,1.592426789,-1.395975551,1.571956069,0.03531441055,0.03941161562,0.1728676754,-1.376446303,1.592895047,1.275810525,1.523070532,-0.04301426647,0.03120571253,-0.5492231001
0.83,17.014,0.04981666247,-0.07501450887,0.0544796589,0.00544796589,41,0.04678191517,-0.07543897598,-0.1781263279,0.005124222967,0.03780974546,0.01009719837,0.0004226440995,0.000261881574,-0.1861770451,0.2043907493,-0.1861770451,0.2043907493,0,0.03501708978,0.01316305961,0.008512446953,0.4771699004,0.113384,0.009664935778,0.0002000724189,8.977064288e-05,0.001257762736,0.0007949935198,ok,4,1,1.423703568,1.598564285,-1.403970815,1.571408475,0.0446408017,0.0377517456,0.1632027397,-1.374312738,1.590559796,1.271739693,1.520310914,-0.03700284546,0.03391638463,-0.554478378,1.426071595,1.602589023,-1.40756898,1.571978337,0.04467949995,0.04013854953,0.161395494,-1.376115253,1.591224471,1.273920561,1.523469226,-0.04177454446,0.03075973107,-0.5508491964
0.84,17.024,0.0503604721,-0.07496012791,0.05428190921,0.005428190921,42,0.04377173027,-0.07538791567,-0.04751240119,0.006389812554,0.03767744384,0.01054677646,0.001088021279,0.000919870913,-0.1310883313,-0.2112961411,-0.1310883313,-0.2112961411,0,0.03571111887,0.007377334347,0.008510845094,0.4599636683,0.176391,0.004442841452,0.000606581287,0.0001544303446,0.0032959758,0.002895192221,ok,4,1,1.423725555,1.598443045,-1.405533922,1.572125694,0.04433105438,0.03823547211,0.1636336551,-1.374794934,1.590954198,1.271746539,1.520067377,-0.03733170301,0.03332182904,-0.5539068435,1.426209367,1.602206228,-1.406936657,1.572000139,0.04385125556,0.04036762847,0.1622085379,-1.374788898,1.586354561,1.268036765,1.523865943,-0.03711455309,0.03016658211,-0.5563247149
0.85,17.034,0.05090229351,-0.07490594577,0.05408201657,0.005408201657,42,0.04419598779,-0.07529580215,0.2072510866,0.005164797858,0.03752376246,0.01026265808,0.0009429974869,0.0009303305723,-0.1378746629,-0.05519796535,-0.1378746629,-0.05519796535,0,0.03545564251,0.009434688596,0.008513473535,0.4024743576,0.116378,0.004332834721,0.0003340950546,0.0003267084581,0.002608188576,0.003042520133,ok,4,1,1.423984346,1.598613824,-1.405243558,1.572424166,0.04445446124,0.03849973381,0.1631362991,-1.374761953,1.590687396,1.271171069,1.520265086,-0.03730465574,0.03290797168,-0.5539886551,1.426480927,1.602638567,-1.40724868,1.572021847,0.04381151486,0.04063786073,0.162071485,-1.37540772,1.587761388,1.269986918,1.52426118,-0.0391576695,0.02986776393,-0.5542537689
0.86,17.044,0.05144210532,-0.07485196459,0.05387998887,0.005387998887,43,0.04686821824,-0.07526294475,0.1797782978,0.00362179093,0.03724446747,0.01013006211,0.0001165875742,0.0001450077961,0.5150747299,0.2632223964,0.5150747299,0.2632223964,0,0.04497058841,0.01407839806,0.008474031993,0.8925842478,0.093558,0.003361563599,4.440758847e-05,9.203631687e-05,0.0002825506975,0.0004609568556,ok,4,1,1.424417531,1.599277004,-1.404954657,1.572023579,0.04442626096,0.03860048535,0.162779246,-1.374767805,1.590283424,1.271443405,1.52099426,-0.03745270309,0.03267292196,-0.554283107,1.425331379,1.594683164,-1.397840306,1.572043542,0.03567621835,0.04051561981,0.1717050885,-1.376660301,1.59124427,1.27451921,1.524654921,-0.04341290473,0.02967948272,-0.5496914556
0.87,17.054,0.0519798862,-0.0747981865,0.05367583407,0.005367583407,43,0.05022410883,-0.0752269559,0.06226782083,0.005111954338,0.03798763613,0.01049832338,0.001040186374,0.0008124296929,-0.3334435225,0.2789319754,-0.3334435225,0.2789319754,0,0.0329859833,0.01468230301,0.008527560752,0.6347337486,0.091326,0.008243369175,0.000486255635,0.0002465628266,0.003154674569,0.002534436062,ok,4,1,1.424696138,1.599214866,-1.403471975,1.571443737,0.04353019735,0.03863814054,0.1634617193,-1.374862205,1.589991591,1.272175408,1.521953823,-0.03830023388,0.03251220854,-0.5539900337,1.427297811,1.605183821,-1.409819313,1.572064611,0.04535677809,0.04126012386,0.1598358674,-1.376913687,1.591492499,1.275017426,1.525047077,-0.04421246618,0.02933508287,-0.5490170395
0.88,17.064,0.05251561493,-0.07474461363,0.05346956025,0.005346956025,44,0.04758576048,-0.07519473387,-0.1266231113,0.005610118845,0.03749811769,0.01100474527,0.0005100470466,0.0003482437564,0.1035140902,0.09126857668,0.1035140902,0.09126857668,0,0.03905082904,0.01237377392,0.008501978731,0.3651328548,0.078691,0.005345632986,0.0003212613065,0.0001573374613,0.001764292755,0.0008286032321,ok,4,1,1.424789158,1.599847707,-1.405517583,1.571795245,0.04324646588,0.03904755478,0.1638579833,-1.37534818,1.59023458,1.272262809,1.522099684,-0.03886683319,0.03207121605,-0.5533597586,1.426665022,1.600183784,-1.403842259,1.572084879,0.04008420723,0.04125684771,0.1660146501,-1.376446111,1.589406364,1.272607052,1.525437527,-0.04251816174,0.02887382222,-0.551146076
0.89,17.074,0.05304927036,-0.07469124808,0.05326117553,0.005326117553,44,0.04869280497,-0.07510140714,0.1074556831,0.007645691452,0.037681376,0.01119567811,9.667988628e-05,0.0001106247617,0.2377373874,0.05895445496,0.2377373874,0.05895445496,0,0.04124743681,0.01207999493,0.008494087042,0.5111290275,0.118836,0.003150611556,6.370831826e-05,8.341853324e-05,0.0002718039465,0.0003792561424,ok,4,1,1.425023206,1.599672141,-1.40486648,1.571976405,0.04312967205,0.03935242202,0.163742124,-1.375384445,1.590303052,1.272097962,1.522405992,-0.03936755018,0.03167826036,-0.5529174524,1.426572237,1.598508329,-1.40171221,1.572104969,0.03801838178,0.04142875873,0.1683239318,-1.376475336,1.588935968,1.272208834,1.525826436,-0.04254634851,0.02849481417,-0.5513350505
0.9,17.084,0.05358083144,-0.07463809198,0.05305068816,0.005305068816,45,0.04973864924,-0.07503242826,0.06287343875,0.005111042953,0.03807822809,0.01130328563,0.0001579047044,0.0001181710975,-0.4043897688,-0.3919458091,-0.4043897688,-0.3919458091,0,0.03201238156,0.005424098495,0.008536759298,0.6917992303,0.075452,0.004571434864,0.0001910211988,0.0001063798809,0.000517411458,0.0003008048628,ok,4,1,1.425278363,1.599730809,-1.404152929,1.571934948,0.04258981664,0.03957567884,0.1641476193,-1.375425777,1.590212105,1.272113885,1.522833723,-0.03978041238,0.03128488797,-0.5527499605,1.428119276,1.606648801,-1.410950818,1.572124868,0.04541441487,0.04206596257,0.1591999876,-1.374913977,1.583369099,1.265455904,1.526213783,-0.03712640526,0.02787356635,-0.5576566536
0.91,17.094,0.05411027715,-0.07458514741,0.05283810644,0.005283810644,45,0.0478731123,-0.07496640554,0.04105944311,0.003169399647,0.03745956068,0.01070012167,0.0009079186938,0.0007583692476,0.1182698235,-0.03286017478,0.1182698235,-0.03286017478,0,0.03923360803,0.01020721904,0.008505696842,0.3694084114,0.083368,0.006362736604,0.0003158636949,0.0003022759948,0.00267338423,0.002353496279,ok,4,1,1.425518861,1.600286065,-1.40571533,1.572347158,0.042786803,0.04000775863,0.1640426558,-1.375472722,1.589655611,1.271058789,1.522905487,-0.03943157224,0.03072863121,-0.5531394626,1.427322012,1.600652926,-1.403824422,1.572144927,0.0391933901,0.0420141037,0.1665339721,-1.376213676,1.586966462,1.270130446,1.526599571,-0.04149828221,0.02768801124,-0.5529536874
0.92,17.104,0.05463758661,-0.07453241646,0.05262343876,0.005262343876,46,0.05145801548,-0.07494452868,0.1584769007,0.004013850387,0.03758774605,0.0105863652,0.000418871029,0.0003734018542,-0.7668703198,0.1704120189,-0.7668703198,0.1704120189,0,0.02608469125,0.01314254548,0.008568340343,1.219098885,0.077744,0.003385707593,0.0001293389627,0.0001421533845,0.001288381067,0.00120269511,ok,4,1,1.425885084,1.600358871,-1.404759494,1.571982647,0.04257909769,0.04013816585,0.1638713793,-1.375481795,1.589154255,1.271542895,1.523582687,-0.03960076664,0.03048269072,-0.5534467832,1.429379095,1.612162832,-1.416950483,1.572164678,0.04982189167,0.04284918404,0.1534940074,-1.377041873,1.589089374,1.272957991,1.526983767,-0.04428845425,0.02744557631,-0.5500302428
0.93,17.114,0.055162739,-0.07447990122,0.05240669359,0.005240669359,46,0.0505836607,-0.07493347591,-0.01941427445,0.006916142205,0.03630909512,0.01086070053,0.0003924515679,0.0002546955702,0.1276211292,0.04844324663,0.1276211292,0.04844324663,0,0.03822341206,0.01158734923,0.008513049446,0.350172665,0.111651,0.01050221939,0.0004071804826,0.0002481927173,0.001311110847,0.0005612664917,ok,4,1,1.426214728,1.601660613,-1.407024674,1.572002557,0.04304226864,0.04047749809,0.1631904215,-1.375834863,1.58900066,1.271840108,1.523983934,-0.03997517509,0.03015926198,-0.5531565455,1.427920678,1.601933081,-1.404936973,1.572184582,0.03954054199,0.04255652476,0.1657459142,-1.376756253,1.587610075,1.271302067,1.527366362,-0.04323115436,0.02701994093,-0.5514376187
0.94,17.124,0.05568571359,-0.07442760376,0.0521878795,0.00521878795,47,0.05286395212,-0.07482435923,0.1027774659,0.007232420207,0.03645200963,0.01091792281,0.0005655958094,0.0004227578339,0.3485349715,0.09097906202,0.3485349715,0.09097906202,0,0.0416800342,0.01228260874,0.008499550682,0.6562985943,0.080292,0.003464102019,0.0003091127471,3.30019956e-05,0.001826346799,0.001303946123,ok,4,1,1.426497802,1.601874481,-1.405716542,1.571863575,0.04300464401,0.04067714432,0.1627994007,-1.375731854,1.58880377,1.271537559,1.524612865,-0.0405695682,0.02987384399,-0.5527654682,1.427640182,1.599172452,-1.401553431,1.572204297,0.03644165807,0.04267893103,0.1693129853,-1.377028465,1.58793787,1.271893767,1.52774734,-0.04410070894,0.02668892856,-0.5506746039
0.95,17.134,0.05620648972,-0.07437552615,0.05196700512,0.005196700512,47,0.05392092898,-0.07476477348,-0.02341167371,0.004503054507,0.03697544063,0.01106437035,0.0007508552831,0.0005282163399,0.05339469761,-0.3978756964,0.05339469761,-0.3978756964,0,0.03777636109,0.005096234902,0.008518061279,0.6872008615,0.046905,0.0059342455,0.0004237002422,3.521952764e-05,0.002371041106,0.001599619768,ok,4,1,1.426722428,1.601794581,-1.405061401,1.571711317,0.04237590357,0.04088960795,0.1634945845,-1.37577654,1.588620364,1.271485317,1.525104981,-0.04117270618,0.02945541984,-0.5524826339,1.428431447,1.602727059,-1.405488167,1.572223922,0.039425544,0.04307492035,0.1655191708,-1.375326547,1.581943612,1.264613309,1.528126675,-0.03821336415,0.02604521936,-0.5575182465
0.96,17.144,0.05672504685,-0.07432367043,0.05174407917,0.005174407917,48,0.05158389641,-0.07469002331,-0.0482007114,0.004293986447,0.0371454862,0.01044755283,0.0004471734088,0.0005745991367,0.2315079421,-0.04538100958,0.2315079421,-0.04538100958,0,0.04061810533,0.009766837689,0.008507053425,0.5142199983,0.099298,0.006050720729,8.037493424e-05,0.0003231949216,0.00110654177,0.001912496747,ok,4,1,1.426743255,1.601622973,-1.405842683,1.572212681,0.04198054623,0.04127071269,0.1641154944,-1.375835697,1.587994333,1.270179742,1.525078147,-0.0409546994,0.02883508268,-0.5527612529,1.428241401,1.600491907,-1.402715961,1.572243489,0.03683834625,0.04321705559,0.1684704836,-1.376601095,1.585459432,1.269178069,1.528504389,-0.04248774678,0.02586729607,-0.5529198874
0.97,17.154,0.05724136449,-0.07427203867,0.05151911046,0.005151911046,48,0.05350795911,-0.07467960031,0.07378886281,0.003395622602,0.03754679409,0.01034449999,0.0001889389587,7.406779539e-05,0.05069804192,0.2200109512,0.05069804192,0.2200109512,0,0.03830726472,0.01364466426,0.008518569955,0.5102626886,0.079041,0.004550343883,5.27717774e-05,0.000105769785,0.0006481855439,0.0002618606988,ok,4,1,1.426950497,1.601342972,-1.405305241,1.572097349,0.04138869013,0.04143317091,0.1644745821,-1.375996445,1.587608032,1.270579349,1.525482707,-0.04098059453,0.0285071206,-0.5530947791,1.4288004,1.602677466,-1.405066173,1.572262967,0.03850700744,0.04354858398,0.1662686767,-1.377663577,1.588347165,1.27294907,1.52888043,-0.04608322142,0.02567645826,-0.549084622
0.98,17.164,0.05775542228,-0.07422063289,0.05129210786,0.005129210786,49,0.054213477,-0.07465955404,0.01748250223,0.006043374641,0.03764405269,0.01068632265,0.0002212798678,0.0002146281132,0.6090025306,0.07949392498,0.6090025306,0.07949392498,0,0.04677909065,0.01187873152,0.008483635868,1.009190243,0.083571,0.004579753262,8.280713563e-05,0.000278311648,0.0006329593888,0.0005981101349,ok,4,1,1.427176446,1.601524289,-1.405372877,1.571968253,0.04092167404,0.04164121976,0.1647566411,-1.376248915,1.587430085,1.271107934,1.526023584,-0.04150346815,0.02826264251,-0.5527572305,1.427771746,1.595613694,-1.39669626,1.572282364,0.03127830638,0.04350255784,0.1748485436,-1.377322113,1.586701854,1.27108514,1.529254795,-0.04483765656,0.02524739997,-0.5506992273
0.99,17.174,0.0582671999,-0.07416945513,0.05106308033,0.005106308033,49,0.05551982471,-0.07456098782,0.05937582107,0.006914719997,0.03865349285,0.01079970743,0.000569159938,0.0003242466057,0.3351444602,0.1091822311,0.3351444602,0.1091822311,0,0.04368065975,0.0124374409,0.008497955122,0.638705882,0.125121,0.009236788794,0.0003138094625,3.668326908e-05,0.001847109165,0.0008961054251,ok,4,1,1.427322332,1.601052433,-1.403789967,1.571898764,0.03998606783,0.0418317046,0.1656117548,-1.376192464,1.587333028,1.270802049,1.526578556,-0.04205193261,0.02795789059,-0.5523065213,1.428456496,1.598470279,-1.399829601,1.572301679,0.03359900901,0.04384798657,0.1718586651,-1.37755856,1.586925463,1.271542903,1.52962747,-0.0455847675,0.02491920722,-0.5500691113
1,17.184,0.05877667717,-0.0741185074,0.05083203692,0.005083203692,50,0.05509028741,-0.07451454656,-0.02152761775,0.004671132681,0.03925993954,0.01100733008,7.787613183e-05,4.336463843e-05,-0.2260388732,-0.2094565332,-0.2260388732,-0.2094565332,0,0.03586935644,0.007865482083,0.008534210552,0.4604476568,0.097891,0.005477859848,3.029934854e-05,5.541450431e-05,0.0002282380475,0.0001820348253,ok,4,1,1.427441273,1.60077052,-1.403805105,1.572044788,0.03907686885,0.04211764626,0.1666760163,-1.376385661,1.587410982,1.270797991,1.526822617,-0.04241960292,0.02752261632,-0.5520359917,1.42980284,1.605374996,-1.407645289,1.572320872,0.03980552109,0.04438223968,0.1641547516,-1.376513001,1.583026336,1.266877569,1.529998436,-0.04192760354,0.02437369256,-0.5543972768
1.01,17.194,0.05928383395,-0.07406779173,0.05059898675,0.005059898675,50,0.05333918967,-0.0744536168,0.02475277032,0.004290976195,0.03899424564,0.01071909934,0.0008639568856,0.0007444320689,0.02055670694,0.1679579616,0.02055670694,0.1679579616,0,0.03930259624,0.01323846876,0.008519993795,0.4546210221,0.043432,0.004474496925,0.0004474023958,0.0002097347372,0.002538102032,0.002320875109,ok,4,1,1.427581385,1.600900499,-1.40490887,1.572506603,0.03901996963,0.04253664602,0.166740799,-1.376549364,1.587163232,1.270124918,1.526836671,-0.04225811954,0.02701889567,-0.5521693275,1.429531653,1.602626088,-1.40428514,1.572340064,0.03673963215,0.04449190883,0.1676953939,-1.377951633,1.587121879,1.272143987,1.530367691,-0.04680432976,0.02425465844,-0.549115082
1.02,17.204,0.05978865024,-0.0740173101,0.05036393902,0.005036393902,51,0.05619463426,-0.07442792135,0.134039621,0.004859391481,0.03899897301,0.01097213368,0.0001787278157,0.0002151213037,0.0987142399,0.2247165889,0.0987142399,0.2247165889,0,0.0404796866,0.01434288251,0.008516229846,0.5398305365,0.091279,0.004185778574,8.223040874e-05,0.0001741251729,0.0004997104869,0.0007560458,ok,4,1,1.427916284,1.601171238,-1.404214895,1.572229788,0.03882226801,0.04268655401,0.1665034478,-1.376694716,1.587087097,1.270924215,1.527429503,-0.04261855119,0.02681130216,-0.5521463625,1.429576773,1.601814644,-1.403166759,1.572359131,0.03553600456,0.04469276195,0.1689790999,-1.378323223,1.58778806,1.273148127,1.530735207,-0.04801685655,0.02395603177,-0.5479577898
1.03,17.214,0.0602911061,-0.07396706451,0.05012690301,0.005012690301,51,0.0572213643,-0.0743762705,0.02457683207,0.006136747041,0.03912662095,0.01132829956,0.0003203180185,0.0003270546629,0.4255475402,0.1239334196,0.4255475402,0.1239334196,0,0.04550983405,0.01318730085,0.008495723645,0.7383884261,0.056269,0.004706603575,0.0001476985644,0.0001668780155,0.0009233727479,0.001079754741,ok,4,1,1.428166401,1.601543476,-1.403870532,1.572045311,0.038426496,0.04286312007,0.1667311444,-1.376815752,1.586997268,1.271202972,1.528051401,-0.04331025298,0.02656198231,-0.5516590742,1.429053229,1.597698162,-1.39821895,1.572378114,0.03116034659,0.04476516141,0.1741150286,-1.378130526,1.586637282,1.271896143,1.531100976,-0.04728759029,0.02355972453,-0.5489860559
1.04,17.224,0.06079118171,-0.07391705695,0.04988788807,0.004988788807,52,0.05793366451,-0.07429684118,0.01405458369,0.00572480236,0.03981631187,0.01154078013,0.0004128424169,0.0003139902518,0.04720562324,0.2453434169,0.04720562324,0.2453434169,0,0.04052439622,0.01522093138,0.008518838482,0.5366891455,0.023138,0.006603418877,0.0002703397733,4.454007361e-05,0.001254685832,0.0009916670179,ok,4,1,1.428311803,1.601252758,-1.403042065,1.572027969,0.03771017235,0.04307391732,0.1675116098,-1.376864009,1.586955232,1.27103414,1.528485259,-0.04392934989,0.02619300224,-0.55118857,1.430000782,1.602170434,-1.403224498,1.572397011,0.0350358697,0.04517254599,0.1692356094,-1.378730144,1.588055021,1.273828564,1.531464981,-0.04929624135,0.02330981761,-0.5469301079
1.05,17.234,0.0612888573,-0.07386728939,0.04964690364,0.004964690364,52,0.05746853604,-0.07426667887,-0.01633810793,0.005131113965,0.03993542256,0.01198604722,0.0001336932399,4.640462066e-05,-0.07699722052,-0.458776772,-0.07699722052,-0.458776772,0,0.03878046425,0.005104395642,0.008527968544,0.7767140239,0.099641,0.004817092116,0.0001539609546,2.572607552e-05,0.000472848732,3.050103132e-05,ok,4,1,1.428458791,1.601192912,-1.403671304,1.572179593,0.03723116316,0.04337160058,0.1680662789,-1.37719588,1.58711954,1.271395109,1.528680948,-0.04447914923,0.02578198139,-0.5507379837,1.430468498,1.603862245,-1.405007953,1.572415822,0.03624151352,0.04547138074,0.1675968917,-1.376284485,1.579697437,1.263627969,1.531827191,-0.04086485983,0.02252885073,-0.5566296276
1.06,17.244,0.06178411325,-0.0738177638,0.04940395924,0.004940395924,53,0.05581407675,-0.07416329435,0.06667567522,0.003178089858,0.0399059601,0.0112894439,0.0008297442014,0.0008262763196,-0.5420688391,-0.07606647164,-0.5420688391,-0.07606647164,0,0.03177492751,0.01014844683,0.00856221606,0.8907825932,0.068461,0.006857763678,0.0002330926905,0.0003957282931,0.00224780672,0.002648953333,ok,4,1,1.428566622,1.601166786,-1.403929635,1.572677118,0.03724577654,0.04377232929,0.1680155825,-1.377113077,1.5865552,1.26993109,1.528721505,-0.04417320888,0.02524554112,-0.5510145993,1.431666304,1.610074611,-1.412016827,1.57243446,0.04177747037,0.04598168801,0.1606953298,-1.377654488,1.583533064,1.268570528,1.532187648,-0.0454570611,0.02239625332,-0.5516624728
1.07,17.254,0.06227692998,-0.07376848212,0.04915906445,0.004915906445,53,0.05707901237,-0.07416489118,0.1459873265,0.004358723831,0.03901369838,0.01113180834,0.0005996473779,0.0003907075404,0.08019958436,0.08664757758,0.08019958436,0.08664757758,0,0.04021669215,0.012431522,0.008524368107,0.3722290298,0.053144,0.007891656505,0.0003393517274,9.943603523e-05,0.001860744544,0.001119027592,ok,4,1,1.428926605,1.602182955,-1.40503251,1.572603709,0.0375065892,0.04397338506,0.1673423696,-1.377327317,1.58629976,1.270352326,1.529044232,-0.04395452078,0.02495247777,-0.5515251922,1.430683735,1.603018674,-1.403681324,1.572453181,0.03460264207,0.04589638686,0.1692418639,-1.378318849,1.58515416,1.270754112,1.532546281,-0.04767681108,0.02215984579,-0.5493656404
1.08,17.264,0.06276728807,-0.07371944631,0.04891222895,0.004891222895,54,0.0602018073,-0.07411539712,0.1230023887,0.004716051738,0.03903483155,0.011223703,0.0005254492959,0.000553416692,0.1962742507,0.07192149013,0.1962742507,0.07192149013,0,0.04197894531,0.01230252535,0.008517875294,0.4418467965,0.081215,0.003207000389,0.0002610290956,0.000240004977,0.00156184593,0.001826298757,ok,4,1,1.429299514,1.60263183,-1.40402267,1.572138633,0.03734535006,0.04406201597,0.167056541,-1.377320713,1.585884487,1.270754056,1.529928011,-0.04446981069,0.0248474602,-0.5514510053,1.430637984,1.601699765,-1.401980454,1.572471729,0.0329268821,0.04607249368,0.1711076668,-1.378379556,1.584834139,1.270529758,1.532903094,-0.04782219653,0.02181654784,-0.5494037559
1.09,17.274,0.06325516812,-0.07367065831,0.04866346248,0.004866346248,54,0.06074595316,-0.07405691539,-0.03290389993,0.005499399042,0.03930820219,0.01131770079,0.0004953774151,0.0004460363657,-0.01850483939,0.002258050954,-0.01850483939,0.002258050954,0,0.03903062959,0.01135157155,0.008532419159,0.3077339392,0.066156,0.003941907871,0.0002878839366,0.000120434961,0.001450727191,0.001464434513,ok,4,1,1.429486719,1.602758378,-1.403798229,1.572013111,0.03686878997,0.04427504576,0.1675603919,-1.377343457,1.585613478,1.270495618,1.530470405,-0.0450464224,0.02451460867,-0.5510839233,1.431276481,1.604420912,-1.404958775,1.572490186,0.03512578155,0.04640564777,0.168262605,-1.378233851,1.583852871,1.269485207,1.533258074,-0.04725931212,0.02143726928,-0.5502384414
1.1,17.284,0.06374055091,-0.07362212003,0.04841277486,0.004841277486,55,0.05984785446,-0.07400010223,-0.01193212448,0.005627689459,0.03931453186,0.01134524868,0.0001347594371,8.603324978e-05,0.4289384782,-0.0187099874,0.4289384782,-0.0187099874,0,0.04574860904,0.01106459887,0.008504037302,0.7206587336,0.046785,0.00268253636,8.456410878e-05,7.255405193e-05,0.0004376389334,0.0002723894346,ok,4,1,1.429612189,1.602768277,-1.404458942,1.572284533,0.03658701844,0.04460928538,0.1679212497,-1.37751922,1.585500662,1.270130925,1.530575538,-0.04531533229,0.02403808968,-0.5508557739,1.430500661,1.598850624,-1.398334611,1.572508554,0.0293804311,0.046422727,0.1750825453,-1.378253769,1.583407451,1.269104168,1.533611207,-0.04726587701,0.02108977821,-0.5504307591
1.11,17.294,0.06422341725,-0.07357383339,0.04816017598,0.004816017598,55,0.06089989195,-0.07393341249,0.03864417628,0.004358559289,0.04005454806,0.01131819828,0.0002058233429,0.0001373181656,0.03014852665,0.3714558184,0.03014852665,0.3714558184,0,0.04050677596,0.01689003555,0.008528525533,0.693540197,0.046826,0.006592646129,0.0001865445602,6.686263816e-05,0.0006807415447,0.0003605927544,ok,4,1,1.429730526,1.602340573,-1.403320663,1.57230867,0.03587521436,0.04481162194,0.1684898992,-1.377586253,1.585281517,1.270013223,1.53092526,-0.04559471098,0.02368618071,-0.5508025901,1.431477816,1.603535516,-1.403590592,1.57252683,0.03346523639,0.04682129354,0.1699433369,-1.3797942,1.587894581,1.274824942,1.533962479,-0.05253011295,0.0210389847,-0.5447005822
1.12,17.304,0.06470374809,-0.07352580031,0.04790567583,0.004790567583,56,0.06139068316,-0.07393741976,0.004609384215,0.005197188844,0.04011225335,0.01194493955,0.0001711528557,0.0002261659746,-0.1512636095,-0.294911325,-0.1512636095,-0.294911325,0,0.03784329921,0.007521269675,0.008541972336,0.5561769792,0.049426,0.006256882037,0.0001263128748,0.000228503498,0.0003875308966,0.0006795739366,ok,4,1,1.429948629,1.602430552,-1.403801195,1.57224998,0.03540073913,0.0450242534,0.1689471775,-1.377942222,1.585409573,1.270939747,1.531292629,-0.04627323091,0.02339830405,-0.5503123687,1.432069005,1.606009781,-1.406284368,1.572545009,0.03543102678,0.04714141415,0.1673814939,-1.377542026,1.580127297,1.265377977,1.534311871,-0.04471930147,0.0202665381,-0.5536948922
1.13,17.314,0.06518152446,-0.07347802267,0.04764928444,0.004764928444,56,0.05965396617,-0.07382580398,0.04624078266,0.004767696823,0.03994708686,0.01150672766,0.0007296146237,0.000692714326,0.1690700352,0.1362631768,0.1690700352,0.1362631768,0,0.04248313739,0.01355067531,0.008522292621,0.4081391555,0.063253,0.004920041669,0.0002407541264,0.0002795708047,0.002016283905,0.002238639596,ok,4,1,1.430095003,1.602568828,-1.40426902,1.572702466,0.0354817887,0.04543239702,0.1688276522,-1.377873862,1.585047339,1.26962295,1.531396731,-0.04620512234,0.022913225,-0.5502317661,1.431602453,1.602217179,-1.401724857,1.572563106,0.03140039715,0.04721713445,0.1721221124,-1.379150129,1.584776408,1.271306191,1.534659386,-0.05015777391,0.02021347134,-0.5477663989
1.14,17.324,0.06565672751,-0.07343050237,0.04739101193,0.004739101193,57,0.06281889159,-0.07380600585,0.1229458817,0.004649064051,0.0401779028,0.01169583216,0.0003996637055,0.0003268889665,0.19325234,0.07645206898,0.19325234,0.07645206898,0,0.0430766879,0.0128426132,0.008520922321,0.4430620695,0.082575,0.003724705317,0.0001456977126,0.000102218416,0.0012614905,0.001012968717,ok,4,1,1.430419847,1.602648683,-1.403345231,1.572393008,0.03512510246,0.04554046311,0.1688767108,-1.377934254,1.584954658,1.270333472,1.531939976,-0.04655836953,0.02265728277,-0.5502682778,1.431720579,1.601895064,-1.401183614,1.572581104,0.03069448177,0.04742661573,0.1728160814,-1.379062369,1.583995943,1.270506839,1.535004992,-0.04979653812,0.01985344591,-0.5483685439
1.15,17.334,0.06612933847,-0.07338324127,0.04713086851,0.004713086851,57,0.06318192004,-0.07375224177,-0.004481767317,0.004554239723,0.04048608557,0.01181365198,0.0002963344902,0.0002342858878,0.3557201624,0.3429651856,0.3557201624,0.3429651856,0,0.04582188801,0.01695812976,0.008510172498,0.6567798879,0.092302,0.003887568491,0.0001564310479,7.015979935e-05,0.0009252365331,0.000723621428,ok,4,1,1.430597718,1.602746171,-1.403110879,1.572293246,0.03458205026,0.04573735465,0.1693884356,-1.378050368,1.584691321,1.270326753,1.53244761,-0.04701972232,0.02235975699,-0.5500228132,1.431517411,1.599728118,-1.398505201,1.572599008,0.02822484544,0.04757374353,0.1756607046,-1.380174139,1.587112622,1.27452232,1.535348684,-0.0535875212,0.01973556241,-0.544292891
1.16,17.344,0.06659933868,-0.07333624125,0.04686886445,0.004686886445,58,0.06424066557,-0.07372097336,-0.02096596161,0.005497307226,0.04107055325,0.01237626093,0.0004864597131,0.0004351241385,0.4775499403,0.3348597884,0.4775499403,0.3348597884,0,0.04823380236,0.01739915776,0.008501084645,0.8034995682,0.065238,0.005810584235,0.0001355855517,0.000174975971,0.00139305346,0.001354037087,ok,4,1,1.430724793,1.602476749,-1.402592514,1.572184287,0.03380539892,0.04591578259,0.1701363457,-1.378307663,1.584841789,1.27094405,1.53289934,-0.04777693696,0.02209208813,-0.5494496187,1.431357523,1.597847064,-1.396157525,1.572616816,0.02603133506,0.04773554827,0.1781713414,-1.380372352,1.587262917,1.274871036,1.535690446,-0.05421362605,0.01943653227,-0.5437807089
1.17,17.354,0.06706670959,-0.07328950416,0.04660501008,0.004660501008,58,0.06431469948,-0.0736605943,-0.03683231527,0.005705509267,0.04190537363,0.01296440326,0.0003160210388,0.0002588755366,-0.2551672757,0.2011695802,-0.2551672757,0.2011695802,0,0.0380778645,0.01598194697,0.008547588191,0.4783411761,0.096361,0.007076112744,0.000113154995,7.646772357e-05,0.0009285690626,0.0007779489519,ok,4,1,1.430790132,1.601954726,-1.401876696,1.572254229,0.0329044759,0.04615952977,0.1710952287,-1.378537122,1.585106376,1.271257636,1.533237313,-0.0485859197,0.02176272832,-0.548688511,1.43305117,1.606738137,-1.406289418,1.572634527,0.03414495801,0.04826484039,0.1681157186,-1.38011177,1.585911143,1.273366405,1.536030266,-0.0532375268,0.01904107847,-0.5450720811
1.18,17.364,0.06753143275,-0.07324303185,0.04633931583,0.004633931583,59,0.06240154655,-0.0736167182,-0.03301467499,0.005282740472,0.04158581844,0.01337765015,0.0007216951571,0.0005504994203,-0.03153332695,0.06152015552,-0.03153332695,0.06152015552,0,0.04111281853,0.01430045248,0.008535028552,0.3143190425,0.101644,0.004582067876,0.0004393700816,9.832655553e-05,0.002209353634,0.001664169748,ok,4,1,1.430917601,1.602156069,-1.403207871,1.57267813,0.03281832154,0.04655351684,0.1712227588,-1.378871645,1.58542662,1.271285856,1.533224939,-0.04900521028,0.02131268435,-0.5481408881,1.432811745,1.604317581,-1.403323132,1.572652145,0.03144221445,0.0483910045,0.1712487377,-1.379783938,1.584346575,1.271598483,1.53636813,-0.05203174916,0.01863384935,-0.5466210452
1.19,17.374,0.06799348981,-0.07319682614,0.04607179218,0.004607179218,59,0.06352719718,-0.07354704559,0.1371795948,0.005297267096,0.04154863936,0.01352022307,0.0003158748763,0.00031139831,0.216468364,0.1797763705,0.216468364,0.1797763705,0,0.04479566482,0.01621686863,0.008519637433,0.4638943693,0.035008,0.002839661185,0.0001266106333,0.0001408102105,0.0008078271168,0.001017088648,ok,4,1,1.431148034,1.602289236,-1.402702134,1.572758426,0.03285039137,0.04676422953,0.1708746354,-1.378927465,1.585412738,1.271322611,1.533528468,-0.04938272918,0.02099244799,-0.5479015598,1.432473658,1.601341204,-1.399713548,1.572669663,0.02821144768,0.04850070253,0.1750288778,-1.380345807,1.585693826,1.273420976,1.536704025,-0.05392499405,0.01841766174,-0.5446781604
1.2,17.384,0.06845286253,-0.07315088887,0.04580244969,0.004580244969,60,0.06539009766,-0.07350379899,0.07826918287,0.004623438219,0.04187080048,0.01380596319,0.0002944332741,0.0001864163626,0.5755409598,0.3706809878,0.5755409598,0.3706809878,0,0.05050391487,0.019366178,0.008496253989,0.9696637363,0.031302,0.004174486501,0.0002473041685,3.53776096e-05,0.0009889055514,0.0005419957821,ok,4,1,1.431399023,1.602477485,-1.40184214,1.572495483,0.03238593418,0.04686295772,0.1711359535,-1.379011388,1.58533173,1.27177143,1.534098119,-0.04995870688,0.02075328657,-0.5476537719,1.431813573,1.59663291,-1.394092067,1.572687083,0.02332520165,0.04857469152,0.1808325909,-1.381211143,1.588041446,1.276473824,1.537037938,-0.05688037219,0.01827167828,-0.5415376437
1.21,17.394,0.06890953277,-0.07310522184,0.045531299,0.0045531299,60,0.06723442522,-0.07346512788,-0.003286441133,0.004273663327,0.04277245401,0.01440564921,0.0007750273566,0.0006142242572,0.4618908465,0.2048285306,0.4618908465,0.2048285306,0,0.04970081671,0.01747807717,0.008500848803,0.793947513,0.024633,0.008645718746,0.0003608711817,0.0001525415779,0.002337662985,0.001868975145,ok,4,1,1.431560269,1.602044906,-1.400756556,1.57218488,0.03140687206,0.04697375823,0.1721868721,-1.379202499,1.585400992,1.27247843,1.534728011,-0.05088705406,0.02054276508,-0.5470414337,1.432132421,1.597500335,-1.394936089,1.572704405,0.02377479847,0.0488153459,0.1801263473,-1.3808315,1.586312372,1.274501649,1.537369855,-0.05549181489,0.01785724058,-0.5432890816
1.22,17.404,0.06936348252,-0.07305982687,0.04525835082,0.004525835082,61,0.06608020566,-0.07341454064,-0.06414340344,0.004412948402,0.04361399246,0.01478931823,9.930606898e-05,8.14516986e-05,0.06521311402,-0.218885839,0.06521311402,-0.218885839,0,0.04459218917,0.01150603065,0.008524247014,0.4231224318,0.097166,0.006741209206,5.651807545e-05,7.625396702e-05,0.0002712133737,0.000314632026,ok,4,1,1.431533117,1.601408506,-1.400558942,1.572419076,0.03044459222,0.04726368324,0.1733851381,-1.379437714,1.585513026,1.272397516,1.534925175,-0.05152381371,0.02014261574,-0.546414,1.433093764,1.602055057,-1.400054148,1.572721622,0.02774975729,0.04916669066,0.1751151518,-1.379425947,1.581281802,1.268453214,1.537699764,-0.05057896591,0.01723809027,-0.5490091215
1.23,17.414,0.06981469383,-0.07301470574,0.04498361591,0.004498361591,61,0.06426866623,-0.07334386231,0.02356901529,0.003362290416,0.04385573495,0.0144979503,0.0008144679976,0.0008025811196,0.3984470069,0.02549294755,0.3984470069,0.02549294755,0,0.04983244005,0.01488034451,0.008502721376,0.683340275,0.074715,0.004062809325,0.0003216010738,0.0003196573287,0.002276719971,0.002594107834,ok,4,1,1.431581831,1.601071164,-1.400991506,1.572922201,0.03008770967,0.04764891585,0.1738440181,-1.379535849,1.585344611,1.271566154,1.534835829,-0.05137781004,0.01962760609,-0.546463336,1.432500035,1.597744565,-1.394896395,1.572737687,0.02325430693,0.0492503096,0.1804451399,-1.380358597,1.583810229,1.271733389,1.538027408,-0.05372416794,0.01709513274,-0.5456476767
1.24,17.424,0.07026314892,-0.07296986023,0.04470710513,0.004470710513,62,0.06703825055,-0.07331903559,0.1320611152,0.003413433319,0.04451706257,0.01451669156,0.0002268482401,0.0001179088003,0.1705164164,0.1730762422,0.1705164164,0.1730762422,0,0.04707480881,0.01711283519,0.008516000421,0.4326974668,0.04828,0.006202746262,8.512266321e-05,9.086303925e-05,0.0008098142467,0.0003250807529,ok,4,1,1.431810131,1.600704321,-1.399630263,1.572680202,0.02943524001,0.04775142676,0.1742423936,-1.379575682,1.585098404,1.272083728,1.535345136,-0.05155701684,0.01939360688,-0.5466400093,1.433103752,1.600283484,-1.397678146,1.572753657,0.02530556167,0.04953714024,0.1777792122,-1.380994108,1.585421461,1.273872487,1.538353021,-0.05588399151,0.01690898458,-0.5433947883
1.25,17.434,0.07070883005,-0.07292529211,0.04442882938,0.004442882938,62,0.06756067094,-0.07329789853,0.01469895259,0.004590947124,0.0448067798,0.01478744903,0.0001590245728,0.0001506448922,0.09991531819,0.4283616841,0.09991531819,0.4283616841,0,0.04630550958,0.02121287429,0.008520624126,0.7622643963,0.030097,0.003851861741,3.054515264e-05,0.0001714180084,0.0004711381437,0.0004604411818,ok,4,1,1.43198844,1.600783649,-1.399551826,1.572535303,0.02882210957,0.04792152386,0.1748017312,-1.37976532,1.584924918,1.272474518,1.535843104,-0.05203212977,0.0191595786,-0.5463622498,1.433408258,1.601118089,-1.39848548,1.572769532,0.02573051977,0.04977159172,0.1771005986,-1.382088666,1.588549498,1.277874719,1.538676588,-0.05965477373,0.01683226439,-0.5393259009
1.26,17.444,0.07115171966,-0.07288100315,0.04414879966,0.004414879966,63,0.06830168276,-0.07326662786,-0.0007922659068,0.006747565279,0.04497741558,0.01549946085,0.0002486414922,0.0002589817448,0.2325267494,0.09105581045,0.2325267494,0.09105581045,0,0.04846531682,0.01686529801,0.008512420095,0.4603879613,0.096483,0.006788479159,9.622280468e-05,0.000238112256,0.0006671722527,0.0007593611889,ok,4,1,1.432149612,1.600812128,-1.399546055,1.572470489,0.02836545937,0.0481148784,0.1751305194,-1.380056779,1.585219318,1.27318858,1.536266194,-0.05286629458,0.01894337445,-0.5455878373,1.433272927,1.59944272,-1.396385058,1.572785311,0.02376157975,0.04993145438,0.1793496665,-1.381097226,1.584829913,1.273451027,1.538998098,-0.05613388403,0.01628564021,-0.54346998
1.27,17.454,0.07159180024,-0.0728369951,0.04386702703,0.004386702703,63,0.06793134035,-0.07316332728,0.02380688115,0.006033470218,0.04541433959,0.01569058111,0.0001094143417,0.0001535330986,-0.2366137654,-0.1387768537,-0.2366137654,-0.1387768537,0,0.04186513311,0.01360892831,0.00854320602,0.458509065,0.095863,0.00413918265,4.750732552e-05,0.0001427755189,0.0001808763676,0.0005490633467,ok,4,1,1.432243847,1.600686559,-1.399012114,1.57265765,0.0279007624,0.04839288387,0.1755373166,-1.380116965,1.585379176,1.272751084,1.536528189,-0.05334833377,0.01858730286,-0.5450539265,1.434435901,1.60527165,-1.402977841,1.572800993,0.02895483301,0.05031879545,0.172840858,-1.380366609,1.581997853,1.270115233,1.539317538,-0.05355204345,0.01580800229,-0.5465549928
1.28,17.464,0.07202905443,-0.07279326968,0.04358352259,0.004358352259,64,0.06691308254,-0.07311561668,0.04565235636,0.002876168732,0.0450748193,0.01552138857,0.0007006211795,0.0006012231246,-0.2873877585,-0.09810895473,-0.2873877585,-0.09810895473,0,0.04076400292,0.01404975425,0.008549595967,0.5358176968,0.093199,0.00424181791,0.0002565245949,0.0002623516078,0.002001124114,0.001856413456,ok,4,1,1.432432051,1.601029832,-1.399931744,1.572971679,0.02793316268,0.04871995935,0.1755094263,-1.380233872,1.585282613,1.272306211,1.53656442,-0.05330773321,0.01813168324,-0.5451621956,1.434780649,1.606388009,-1.404112456,1.572816579,0.02965285272,0.05056115055,0.1718290191,-1.380558552,1.58216155,1.270469604,1.539634895,-0.05416011278,0.01552940186,-0.5460454703
1.29,17.474,0.07246346495,-0.07274982862,0.04329829756,0.004329829756,64,0.06802226385,-0.0730887885,0.1301951888,0.003413722745,0.04458639092,0.01536015047,0.0004030360595,0.0003062119303,-0.1376876235,0.3181747198,-0.1376876235,0.3181747198,0,0.04252107657,0.02013277127,0.008542702888,0.6335075015,0.073809,0.004805856532,0.0001890012907,8.14962788e-05,0.001163359257,0.0009070725719,ok,4,1,1.4327093,1.601582153,-1.400296468,1.572949439,0.02813051731,0.04889921711,0.1750018648,-1.380328629,1.584934167,1.272394874,1.536897794,-0.05330482032,0.01785115579,-0.545438605,1.4347108,1.605051994,-1.402410971,1.572832067,0.02801663511,0.05071833394,0.1736744576,-1.382150786,1.586902879,1.276453381,1.539950158,-0.05963989533,0.01556802505,-0.5400465724
1.3,17.484,0.07289501468,-0.07270667365,0.04301136318,0.004301136318,65,0.07033144916,-0.07308343357,0.07758663227,0.004783175836,0.04427899893,0.01584840129,0.0003511737167,0.0004103198651,0.5266163349,0.2951154709,0.5266163349,0.2951154709,0,0.05217824395,0.02027513335,0.008501425209,0.8754603506,0.062782,0.005645077826,7.879171944e-05,0.0002991451944,0.0009346871271,0.001365591158,ok,4,1,1.433033525,1.602211551,-1.400175072,1.572571135,0.02810269549,0.04897816107,0.1746615893,-1.380520002,1.584857742,1.273333256,1.537563717,-0.05399481751,0.01773670405,-0.5450877475,1.433447376,1.596951327,-1.392869317,1.572847464,0.01993170006,0.05069498628,0.1834161928,-1.382266264,1.586828985,1.276510797,1.540263313,-0.05998838041,0.01528063209,-0.5398269975
1.31,17.494,0.07332368656,-0.07266380646,0.04272273079,0.004272273079,65,0.07213948607,-0.07300543442,0.006985329674,0.005866439278,0.0450753602,0.0163206485,0.0009407181717,0.0007060346809,0.4546051621,0.1915609986,0.4546051621,0.1915609986,0,0.05189443763,0.01919406348,0.008503772549,0.7902329239,0.076389,0.008098241989,0.0004871110621,0.0001594289093,0.00288679338,0.002174550125,ok,4,1,1.433189531,1.601911378,-1.398717121,1.572283853,0.02743111008,0.04909537707,0.1753179508,-1.38051607,1.584847785,1.27348997,1.538231341,-0.05498086754,0.01752383879,-0.5442922729,1.43367354,1.597362489,-1.393192447,1.572862754,0.01996774518,0.05090819898,0.1832202801,-1.382077221,1.585763684,1.275348291,1.540574349,-0.05927829949,0.0149263583,-0.5407987626
1.32,17.504,0.07374946367,-0.07262122875,0.04243241177,0.004243241177,66,0.07112527949,-0.07295174162,-0.09187872382,0.004063377271,0.04588102285,0.01667314446,0.0003169636314,0.0001510209113,0.4422235191,-0.02284625173,0.4422235191,-0.02284625173,0,0.05251437563,0.01633045068,0.008502349363,0.7420872582,0.097815,0.006714057372,0.0001930781517,0.0001126706126,0.0009745759187,0.0004747940024,ok,4,1,1.433195179,1.601321486,-1.398499146,1.572506344,0.02656088449,0.04938254253,0.1765062227,-1.380695947,1.58496869,1.273305558,1.53833654,-0.05564566085,0.01707027366,-0.5436628539,1.433758462,1.596999574,-1.39261812,1.572877948,0.01926748974,0.05110320619,0.1839270953,-1.381444207,1.583252629,1.2724081,1.540883253,-0.05702584044,0.01447274963,-0.5435069473
1.33,17.514,0.07417232921,-0.0725789422,0.0421404176,0.00421404176,66,0.07042861805,-0.07288924364,-0.006409141946,0.003879225712,0.04671025537,0.01668555534,0.000168299171,0.0003226877935,-0.06890286505,0.2465105504,-0.06890286505,0.2465105504,0,0.04567671239,0.0203832136,0.008533239082,0.4924702119,0.043601,0.006456143141,4.891082041e-05,0.0002175911619,0.0003114912924,0.001125511543,ok,4,1,1.433190668,1.600548458,-1.39809591,1.572808644,0.02572363288,0.04967753548,0.1774899617,-1.380861689,1.584939344,1.273008482,1.538372469,-0.05582443068,0.01664359849,-0.5435237004,1.434972687,1.603018665,-1.399443519,1.572893027,0.02465295553,0.05145698673,0.1771791391,-1.382530175,1.586356199,1.276368393,1.541190013,-0.0607491328,0.01441263484,-0.5394817811
1.34,17.524,0.07459226648,-0.07253694847,0.0418467598,0.00418467598,67,0.0706122712,-0.07289600031,0.009501164876,0.003803420737,0.04666291201,0.01712426007,0.0003425856482,0.0002924530399,-0.1447316259,-0.3267449737,-0.1447316259,-0.3267449737,0,0.04449193762,0.01222308547,0.008539702024,0.5659463928,0.073769,0.004555861335,0.0003802941575,9.647369382e-05,0.001025573357,0.0009158932178,ok,4,1,1.433353734,1.600533984,-1.398691418,1.572864059,0.02538054268,0.04990309629,0.177679177,-1.381220627,1.585075593,1.273803068,1.538604605,-0.05619327147,0.01638656699,-0.5433044189,1.435327947,1.604198178,-1.400658859,1.572907861,0.02542614887,0.05168716366,0.1760809306,-1.380566152,1.579551103,1.268143604,1.541494455,-0.05391384629,0.01367220549,-0.5473504238
1.35,17.534,0.0750092589,-0.07249524923,0.04155144996,0.004155144996,67,0.06961660334,-0.07280817598,0.09385098687,0.004034183991,0.04649482103,0.01662018316,0.0007448417351,0.0008212600938,-0.06886714697,0.3836733103,-0.06886714697,0.3836733103,0,0.04546181383,0.02237528281,0.008536579056,0.6866225226,0.072987,0.005045035771,0.0002253377461,0.0002602822539,0.00194815827,0.002659037237,ok,4,1,1.433476853,1.600804868,-1.398734989,1.57318161,0.02548516317,0.05017539063,0.1773417351,-1.381120326,1.584596138,1.272687963,1.538778669,-0.05604272662,0.01601572093,-0.5434280786,1.435359858,1.60353161,-1.399736524,1.572921404,0.02444363734,0.0518666418,0.1771355805,-1.383171672,1.587610097,1.278190223,1.541795477,-0.06290895185,0.01396517013,-0.537383862
1.36,17.544,0.07542329001,-0.07245384612,0.04125449973,0.004125449973,68,0.0732445095,-0.07281880989,0.1310229943,0.005191101482,0.04629510196,0.0172007501,0.0004975687924,0.0004612663506,0.5293449759,0.2993451357,0.5293449759,0.2993451357,0,0.0542352766,0.02169092714,0.008499667129,0.8847854415,0.047714,0.006315816312,6.721075694e-05,0.0002850123457,0.001444335457,0.001516536589,ok,4,1,1.43388598,1.601374795,-1.398404425,1.572668167,0.0252990748,0.05020833956,0.1771416652,-1.38131351,1.584797931,1.274123145,1.539436694,-0.05659313553,0.01591909422,-0.5432571434,1.434203282,1.596185907,-1.391071407,1.57293488,0.01710201395,0.0518871903,0.1859895196,-1.383081247,1.586871679,1.277426867,1.54209433,-0.06253383862,0.013640494,-0.5379725503
1.37,17.554,0.07583434346,-0.07241274077,0.04095592085,0.004095592085,68,0.07486553904,-0.07274200484,-0.01774001289,0.004978491905,0.04709974665,0.01768521472,0.0009904758142,0.0007213098519,0.4074595571,0.3372682929,0.4074595571,0.3372682929,0,0.05321164,0.02274423912,0.008505078569,0.7221589479,0.043755,0.008160754765,0.0004415503723,0.0001833376078,0.003130267414,0.002204781028,ok,4,1,1.43403475,1.601079842,-1.396991467,1.572353618,0.02459079306,0.05034084345,0.1778287649,-1.381346834,1.584747116,1.274356123,1.540162931,-0.05758597009,0.01575149229,-0.5424945402,1.434536302,1.597223085,-1.392126874,1.57294823,0.01774947229,0.05210597749,0.1850503543,-1.383414592,1.587549118,1.278396281,1.542391002,-0.06365996534,0.01342689569,-0.536868538
1.38,17.564,0.07624240304,-0.07237193482,0.04065572511,0.004065572511,69,0.0738787717,-0.07270415823,-0.1212429107,0.004246009652,0.04782936649,0.01827786102,0.000346393891,0.000181221768,0.4558517635,0.04227763414,0.4558517635,0.04227763414,0,0.05466714294,0.01891202554,0.008500046558,0.7610867512,0.040841,0.006073001924,0.0001539273249,7.279758926e-05,0.001091973375,0.0005405511764,ok,4,1,1.434018168,1.600639983,-1.396876657,1.572547284,0.02370323325,0.05062531915,0.1789773524,-1.381625452,1.585074592,1.274542024,1.54028801,-0.05837374698,0.01536061173,-0.5417099249,1.434484526,1.596139121,-1.390722041,1.572961502,0.01637836576,0.05227994988,0.1865882199,-1.382545854,1.584252581,1.274495098,1.542685482,-0.06055808182,0.01291547276,-0.5405269696
1.39,17.574,0.07664745261,-0.07233142986,0.04035392434,0.004035392434,69,0.0729817838,-0.0726286967,-0.01268912077,0.004555060649,0.04867987839,0.01841227498,0.0001949674756,0.0003231230086,0.04973108694,-0.4323510826,0.04973108694,-0.4323510826,0,0.04942584469,0.01192700874,0.008523470418,0.6789643568,0.035585,0.006632178136,3.513245885e-05,0.0002113211026,0.0003514147492,0.001124870563,ok,4,1,1.433992404,1.599900992,-1.396388009,1.572886928,0.02288021551,0.05092223562,0.1799560418,-1.381794947,1.585192682,1.274233943,1.540304852,-0.05866571362,0.01495565486,-0.5413733155,1.435463004,1.60078148,-1.395961216,1.572974634,0.02046311453,0.05257185391,0.1814325492,-1.380865323,1.578403038,1.267445361,1.542977759,-0.05472501447,0.01224672575,-0.5472609105
1.4,17.584,0.07704947622,-0.0722912275,0.04005053047,0.004005053047,70,0.0712193093,-0.0725735856,0.06244464124,0.0009566460427,0.04889075652,0.01776049768,0.001001762755,0.001047381654,-0.4022510946,-0.1242148057,-0.4022510946,-0.1242148057,0,0.0428569901,0.01589727559,0.008554448964,0.6908343553,0.031797,0.006287815293,0.0002928560542,0.0004065141058,0.002698048414,0.003388304567,ok,4,1,1.434043246,1.599658465,-1.396713589,1.573353352,0.02258818356,0.0512520959,0.1803425043,-1.381803627,1.584690853,1.273168022,1.540211605,-0.05821497452,0.01448050245,-0.5418705617,1.436606903,1.606566809,-1.402514437,1.572987701,0.02562893085,0.05291995903,0.1749477376,-1.381942006,1.581447561,1.27132961,1.54326782,-0.05836993807,0.01218889536,-0.5433156856
1.41,17.594,0.07744845795,-0.07225132932,0.03974555547,0.003974555547,70,0.0725269008,-0.07258439429,0.1784893447,0.003542749339,0.04825154071,0.01751666464,0.0007232854826,0.0005372740468,-0.5911287069,0.2729655802,-0.5911287069,0.2729655802,0,0.0393846101,0.02161114834,0.008572088059,0.9292305338,0.128476,0.006157746315,0.0004106997261,0.0001059583578,0.002185596686,0.001615878988,ok,4,1,1.434353465,1.600409062,-1.397559226,1.573261721,0.02264705141,0.05137966996,0.1798965372,-1.381958914,1.584399917,1.273588945,1.540538817,-0.05783237114,0.01429571159,-0.5424919743,1.437276702,1.609701368,-1.40599515,1.573000668,0.02827265993,0.05320610208,0.1715573171,-1.383436,1.585919114,1.27695079,1.543555654,-0.06352386154,0.01225658818,-0.537668679
1.42,17.604,0.07784438209,-0.07221173691,0.03943901139,0.003943901139,71,0.07432228979,-0.07256971503,0.09686451483,0.005848787046,0.04719922956,0.01793490516,0.000325776474,0.0003401881915,0.2845596075,0.2448568791,0.2845596075,0.2448568791,0,0.05146762367,0.02160775835,0.008517922639,0.5522884023,0.071034,0.007936437925,0.0002677659501,0.0003851763613,0.001088365743,0.001057013616,ok,4,1,1.434755105,1.60176493,-1.398457945,1.572906075,0.02300436447,0.05149592122,0.1789178451,-1.382214515,1.584446388,1.27456474,1.54124611,-0.0582049861,0.01430358735,-0.5423061851,1.435659738,1.599505786,-1.394050597,1.573013559,0.01825532526,0.0531161185,0.183717492,-1.383508255,1.585742812,1.276869977,1.54384125,-0.06372787012,0.01198682456,-0.5375973665
1.43,17.614,0.07823723299,-0.07217245182,0.03913091032,0.003913091032,71,0.07674247833,-0.07248712119,0.07385066501,0.005806920023,0.04754626102,0.01831814751,0.0006522790238,0.0006958230902,0.6380604506,0.2937566042,0.6380604506,0.2937566042,0,0.05711716778,0.02272449657,0.008495196462,1.054716679,0.040523,0.004821284296,0.0004851872575,0.0002095164844,0.001891999996,0.002289799604,ok,4,1,1.4349847,1.602054531,-1.396928481,1.572592205,0.02273775607,0.05157315359,0.1788962077,-1.382101531,1.584439627,1.274646286,1.541984102,-0.05908722254,0.01419535359,-0.5415778896,1.434949031,1.594830859,-1.38848377,1.573026385,0.01348090833,0.05321934832,0.1894433745,-1.383854331,1.586480861,1.277906339,1.544124597,-0.06490019608,0.01179111618,-0.5364336986
1.44,17.624,0.07862699515,-0.0721334756,0.03882126443,0.003882126443,72,0.07773281881,-0.07243078975,-0.06561799062,0.004103552492,0.04854399976,0.01881134018,0.0008554598072,0.0007290557094,-0.1104520038,-0.09127824754,-0.1104520038,-0.09127824754,0,0.0468872197,0.01744216647,0.008540455026,0.280273739,0.102524,0.009361604861,0.0005101678653,8.647308715e-05,0.002534407771,0.002287157834,ok,4,1,1.435100522,1.601382741,-1.395865277,1.57244525,0.02188759484,0.05175409405,0.1800817696,-1.382139544,1.584525688,1.274752629,1.542358287,-0.06006037039,0.013840287,-0.5407938498,1.436681822,1.603734735,-1.398668014,1.573039004,0.02162489758,0.0535891993,0.1792987587,-1.38261679,1.582009347,1.272562362,1.544405684,-0.06052892205,0.01120151486,-0.5415149762
1.45,17.634,0.07901365317,-0.0720948098,0.03851008594,0.003851008594,72,0.07394554905,-0.07238846117,-0.1184530205,0.002961184142,0.04851631151,0.01874641454,0.0009025142775,0.0008079165106,-0.1100511774,0.176568836,-0.1100511774,0.176568836,0,0.04686554385,0.02139494708,0.008541646187,0.4001561931,0.086947,0.002568845501,0.0003440732253,0.0002980062981,0.002748128495,0.002592592601,ok,4,1,1.435046325,1.601165889,-1.397450302,1.573182669,0.021634806,0.05218266916,0.1807131646,-1.382420358,1.584445796,1.273932512,1.541954517,-0.06015292891,0.01323787224,-0.5405543474,1.436849115,1.6039055,-1.398726314,1.573051583,0.0214656403,0.05377726332,0.1793559945,-1.383671756,1.585056772,1.276429343,1.5446845,-0.06415449085,0.01117708948,-0.5375846934
1.46,17.644,0.0793971918,-0.07205645594,0.03819738714,0.003819738714,73,0.07543104977,-0.0723713191,0.1525055503,0.00425045302,0.04837635782,0.01905617404,0.000416233115,0.0002915650994,-0.04797920212,0.1170184836,-0.04797920212,0.1170184836,0,0.04765666979,0.0208114513,0.008539139531,0.3498127073,0.053909,0.003803354036,0.0003029025515,0.0001155731531,0.001296333694,0.00096286101,ok,4,1,1.435275801,1.601212668,-1.397424483,1.573213465,0.02161113818,0.0523602575,0.1804332838,-1.382652763,1.584609702,1.274704835,1.542149968,-0.06035113681,0.01300583929,-0.5404886087,1.436893961,1.603379007,-1.397978383,1.573064062,0.0206470036,0.05394663463,0.1802250965,-1.383599288,1.584412769,1.275772826,1.544961034,-0.06384926388,0.01087812842,-0.5380820768
1.47,17.654,0.07977759589,-0.07201841553,0.03788318038,0.003788318038,73,0.07651984579,-0.07232292955,0.07361868915,0.004002006935,0.04828095018,0.01925102702,8.927688346e-05,6.305304241e-05,0.1932952404,0.02905195206,0.1932952404,0.02905195206,0,0.05118037879,0.0196868063,0.008524447856,0.3922617743,0.033319,0.003058842712,2.038460612e-05,5.577818754e-05,0.0002622710953,0.0001835834699,ok,4,1,1.435515256,1.60162755,-1.397087238,1.573046692,0.02153187826,0.05248927112,0.1802072472,-1.382698663,1.584514372,1.274909238,1.542688028,-0.06079042117,0.01285293371,-0.5402315326,1.436525124,1.600512578,-1.394520631,1.573076451,0.01760926051,0.05406265167,0.18382486,-1.38338942,1.583330003,1.274576922,1.545235274,-0.0630732241,0.01054999205,-0.5391086326
1.48,17.664,0.08015485042,-0.07198069008,0.03756747805,0.003756747805,74,0.07745572203,-0.07226750013,0.05962833329,0.003732851597,0.04856956529,0.01929126558,0.0001737496496,0.0001291175499,0.3797448277,0.2485631704,0.3797448277,0.2485631704,0,0.05426573771,0.02301971314,0.008512244801,0.6463890721,0.029789,0.003538445265,0.0002250210026,4.771765676e-05,0.0005287727294,0.00040279555,ok,4,1,1.435684035,1.60175368,-1.396507441,1.572948405,0.02114770578,0.05263128062,0.1805213153,-1.38267582,1.584389222,1.27476681,1.543110027,-0.06113733021,0.0126074157,-0.5400447042,1.436209175,1.598023049,-1.391496842,1.573088759,0.01493104146,0.05419841183,0.186985206,-1.384280906,1.585881981,1.277826125,1.545507211,-0.06615857914,0.01050627514,-0.5357828965
1.49,17.674,0.0805289405,-0.07194328107,0.03725029262,0.003725029262,74,0.07877682893,-0.07224664131,-0.002923534338,0.00342971161,0.04916567342,0.01969680617,0.0004577852554,0.0004336044808,-0.2454131842,-0.01230963599,-0.2454131842,-0.01230963599,0,0.04548447565,0.01951216163,0.008552228408,0.431693496,0.028943,0.005685636512,0.0002165917771,0.0001046022727,0.001232211052,0.001371681551,ok,4,1,1.435817082,1.601471316,-1.395922533,1.572771315,0.020417955,0.05274991388,0.1812995695,-1.382840665,1.584439541,1.27531256,1.543522428,-0.06174999092,0.01239021598,-0.5396806923,1.437697737,1.605684611,-1.400239468,1.573100897,0.02189469279,0.05454083353,0.1782846582,-1.38348362,1.582857944,1.274256138,1.545776833,-0.06331355975,0.01002733698,-0.5391382449
1.5,17.684,0.08089985138,-0.07190618998,0.03693163661,0.003693163661,75,0.07657888589,-0.07220891769,-0.04269767712,0.003445529065,0.04884558316,0.01973005952,0.000661435267,0.0004897945478,-0.009251594543,-0.1303939521,-0.009251594543,-0.1303939521,0,0.04870680924,0.01777415024,0.008538567787,0.3109604772,0.11187,0.004051631345,0.0003547250685,0.0001096986974,0.002093261638,0.00146392097,ok,4,1,1.435897203,1.60163298,-1.397286415,1.573154908,0.02039267499,0.05310414284,0.1814292782,-1.383066069,1.584389465,1.274878208,1.543504459,-0.06189720167,0.01200089892,-0.5394285913,1.437375301,1.603071322,-1.3970802,1.573112973,0.01910771566,0.05465468557,0.1815814596,-1.383116017,1.58127986,1.272450035,1.546044131,-0.06199994578,0.009669493256,-0.5407666067
1.51,17.694,0.08126756838,-0.07186941828,0.0366115226,0.00366115226,75,0.07761111525,-0.07215321045,0.1236979921,0.004045571495,0.04884603404,0.01952667354,0.0002543309109,0.0002695646228,-0.04910288379,0.08594802022,-0.04910288379,0.08594802022,0,0.04810949079,0.02081589385,0.00854232688,0.2884648403,0.079438,0.002842822665,0.0001015538891,0.0001461887812,0.0006890360468,0.0008712449016,ok,4,1,1.436067422,1.601628268,-1.396807582,1.573238655,0.02044811548,0.05328600547,0.181120555,-1.383019506,1.584122683,1.274567952,1.543725693,-0.0619443956,0.01170931743,-0.5395234745,1.437620299,1.603727571,-1.397707258,1.573124946,0.01942505608,0.05484546395,0.181059397,-1.383944355,1.583596012,1.275412461,1.546309093,-0.06482904401,0.009604694058,-0.5377258069
1.52,17.704,0.08163207701,-0.07183296742,0.03628996324,0.003628996324,76,0.07893451381,-0.07213803091,0.05541730523,0.003605378828,0.04873480516,0.01964737078,0.0001257213322,0.00010387846,0.5854287744,0.1977008283,0.5854287744,0.1977008283,0,0.05751623678,0.02261288321,0.008502497381,0.9489841606,0.081148,0.002580171752,5.864218295e-05,8.075233957e-05,0.0003595464995,0.0003430164749,ok,4,1,1.436306605,1.602019114,-1.396706332,1.573030473,0.02030620712,0.05338990002,0.1810446725,-1.383114494,1.583927658,1.274949857,1.544151229,-0.06224887225,0.01150822742,-0.5394962281,1.436329049,1.595827263,-1.388414914,1.573136881,0.0116241008,0.05487800989,0.1905345141,-1.384453303,1.584903161,1.277132633,1.546571709,-0.06657763371,0.009475264339,-0.5359009992
1.53,17.714,0.08199336286,-0.07179683883,0.03596697121,0.003596697121,76,0.0810038054,-0.07208645089,0.02339584257,0.003989748665,0.04964247959,0.01994160125,0.0008206341667,0.0006158663112,0.2065639347,0.2283351868,0.2065639347,0.2283351868,0,0.05274093861,0.02336662905,0.008523777257,0.4494863578,0.026207,0.008708572139,0.0004302640078,0.0001429919976,0.002491888048,0.001835218626,ok,4,1,1.436414269,1.601611688,-1.395182948,1.572712747,0.01947016364,0.05344991209,0.181825942,-1.383153575,1.583795209,1.275270175,1.54475138,-0.06292522915,0.01136947869,-0.5391031847,1.437225517,1.600050779,-1.393184705,1.573148608,0.0153355908,0.05511884164,0.1858364451,-1.384705306,1.585360394,1.27781358,1.546831969,-0.06742009273,0.009279604366,-0.5350959364
1.54,17.724,0.0823514117,-0.07176103395,0.03564255926,0.003564255926,77,0.07968823473,-0.07206296323,-0.07970401255,0.003835110411,0.05004425472,0.02034721079,0.0001033638453,8.520708803e-05,0.4578388631,-0.05315680057,0.4578388631,-0.05315680057,0,0.05691183767,0.01954985878,0.008506859552,0.7322511458,0.050962,0.003990380644,6.143860944e-05,7.649608787e-05,0.0003075998839,0.0001996225396,ok,4,1,1.436427025,1.601391872,-1.39567483,1.572887626,0.01875562872,0.05371433393,0.1827548845,-1.383438959,1.583985541,1.275396377,1.544880172,-0.06342971208,0.01105669643,-0.5385786934,1.436730998,1.596626635,-1.389083397,1.573160308,0.01178991805,0.05523632687,0.1900773959,-1.383827212,1.582088429,1.273938724,1.547089863,-0.06429577747,0.008787488488,-0.5387595506
1.55,17.734,0.08270620936,-0.07172555418,0.03531674021,0.003531674021,77,0.07944839448,-0.07198649933,0.01990593677,0.003594367509,0.05088290114,0.02029732526,0.000184677683,0.0002373212833,-0.09902509302,0.3458081186,-0.09902509302,0.3458081186,0,0.04939752474,0.02548444704,0.008540430895,0.6041002568,0.061944,0.006572320358,2.548265354e-05,0.0001723566595,0.0004523766764,0.0008298659126,ok,4,1,1.436407236,1.600684548,-1.394816326,1.573120678,0.01804059625,0.05396205518,0.1835050756,-1.383490873,1.583951311,1.274944645,1.544998962,-0.0635890566,0.01073279875,-0.5384143249,1.438039275,1.603191041,-1.39656708,1.573171802,0.01772402395,0.05551876651,0.1826404469,-1.385358214,1.586778246,1.279785779,1.547345381,-0.06963005917,0.008936516204,-0.5328901071
1.56,17.744,0.08305774186,-0.07169040093,0.03498952691,0.003498952691,78,0.07980987848,-0.0720107161,-0.0009861543356,0.003828919371,0.05075387856,0.02089859396,0.0003037217585,0.0002047354195,-0.1758892834,-0.3590777218,-0.1758892834,-0.3590777218,0,0.04811553931,0.01551242813,0.008547316191,0.6178593948,0.077661,0.005530695291,0.0003286095647,0.000157501622,0.0009992722471,0.00054199027,ok,4,1,1.436584829,1.600773947,-1.39548441,1.573108348,0.01777801014,0.05414252402,0.1836761472,-1.383841844,1.584215681,1.275952328,1.545200786,-0.06409936388,0.0105197903,-0.5380502567,1.438379132,1.604427137,-1.397870928,1.573183254,0.01860369591,0.05571456959,0.1814306827,-1.382942017,1.578487474,1.269773734,1.547598512,-0.06115948083,0.008057566203,-0.5425754402
1.57,17.754,0.08340599529,-0.07165557559,0.03466093229,0.003466093229,78,0.07841995401,-0.071914995,0.08083687504,0.003614036197,0.05053806898,0.02035125804,0.0008137074061,0.0008363712248,-0.221136108,0.2005836368,-0.221136108,0.2005836368,0,0.04722102736,0.02336001259,0.008552420943,0.435253635,0.116407,0.005262720224,0.0002312785905,0.0003098094361,0.002236349122,0.002695329028,ok,4,1,1.436693017,1.600977612,-1.39565149,1.573503937,0.01802425424,0.05442038662,0.1832933885,-1.383684205,1.583750195,1.274615507,1.545258394,-0.0639180884,0.01013958277,-0.5381099703,1.438659908,1.605330148,-1.398790341,1.573194601,0.01917023033,0.05590088724,0.1806075728,-1.384963902,1.584736821,1.277532129,1.547849247,-0.06815204968,0.008319536451,-0.5348348722
1.58,17.764,0.08375095594,-0.07162107953,0.03433096931,0.003433096931,79,0.08129019531,-0.07192309264,0.1283650252,0.003410675623,0.05010225196,0.02064027506,0.0001845141358,0.0002057100615,-0.2382413,0.170342207,-0.2382413,0.170342207,0,0.04652863246,0.02319540816,0.00855659398,0.4437043631,0.05568,0.003977412282,5.875652826e-05,0.0001615707486,0.0004671700832,0.0007158594237,ok,4,1,1.43707074,1.601621742,-1.395683164,1.573132258,0.01811096356,0.05447404751,0.1828649672,-1.383813787,1.583812626,1.275615211,1.545722296,-0.0641746374,0.01000679171,-0.5381758502,1.438909187,1.606058785,-1.399509051,1.573205842,0.01957411474,0.05608144708,0.1799858289,-1.384986805,1.584451366,1.277301006,1.548097576,-0.0681892162,0.008074175629,-0.5349305724
1.59,17.774,0.08409261016,-0.0715869141,0.03399965101,0.003399965101,79,0.08174988264,-0.07188206201,0.02321606435,0.004560550041,0.0496569527,0.02091700781,0.000166007291,0.0001943117115,0.4208989143,0.3046657145,0.4208989143,0.3046657145,0,0.05597043642,0.02548699353,0.008515373369,0.6954061311,0.195846,0.003770091838,3.103407625e-05,0.0001475706116,0.0004433176457,0.000622688108,ok,4,1,1.437329108,1.602288694,-1.396108853,1.573031526,0.01825451873,0.05464594898,0.1825378727,-1.383915172,1.583724657,1.275819473,1.546176008,-0.06468938853,0.009846793089,-0.5377709126,1.437619902,1.598116345,-1.390183441,1.573217036,0.01176733698,0.05609791998,0.189491934,-1.385614896,1.586174788,1.279518747,1.548343489,-0.07035717972,0.007996629889,-0.5326236692
1.6,17.784,0.08443094449,-0.07155308067,0.03366699045,0.003366699045,80,0.083678303,-0.07182797796,0.00809832287,0.004422321364,0.05027937095,0.02140961199,0.0008297767319,0.0006487118751,0.1998667419,0.2027809024,0.1998667419,0.2027809024,0,0.05327737208,0.02445132553,0.008528046146,0.4115388816,0.087479,0.006502332821,0.0004125887181,0.0001226095959,0.002508770772,0.001978175463,ok,4,1,1.437435635,1.60209257,-1.394829847,1.572789807,0.017700081,0.05472593633,0.1829896012,-1.383976391,1.583865589,1.276215735,1.546684102,-0.06551925274,0.00969576849,-0.5371433398,1.43817831,1.600551981,-1.392885023,1.573228035,0.01379620133,0.056300021,0.1868696921,-1.385421767,1.585180434,1.278420732,1.548586976,-0.06963464156,0.007697246979,-0.5335727782
1.61,17.794,0.08476594554,-0.07151958057,0.03333300078,0.003333300078,80,0.08235785512,-0.0717899516,-0.07685643278,0.003540609149,0.05065811256,0.02178786569,0.0001063112084,6.891079447e-05,-0.09852965921,-0.5025399327,-0.09852965921,-0.5025399327,0,0.04918016767,0.0142497667,0.008547160575,0.8003064346,0.071005,0.003555064516,8.51013474e-05,7.281873055e-05,0.0002625227319,0.0002695889582,ok,4,1,1.43744852,1.601877437,-1.395134624,1.572994776,0.01714179877,0.05497967049,0.1837718376,-1.384208765,1.584048328,1.276185176,1.546754289,-0.06607957704,0.009357329303,-0.536575631,1.438945817,1.604188004,-1.396977424,1.573238922,0.01696295284,0.0565238591,0.1828433243,-1.382933174,1.576705551,1.268182111,1.548828029,-0.06094890844,0.006812760858,-0.5434939955
1.62,17.804,0.08509760012,-0.07148641511,0.03299769519,0.003299769519,81,0.07985379509,-0.07171186398,0.03568167552,0.0008673297774,0.05061645531,0.02103372796,0.0009981694288,0.00103567344,-0.346963495,-0.08595640212,-0.346963495,-0.08595640212,0,0.04541200288,0.01974438193,0.008565598096,0.5848644544,0.069876,0.006873416394,0.0002722206609,0.000480723932,0.002758332243,0.003354346764,ok,4,1,1.437477732,1.601696214,-1.395835031,1.573618294,0.01719918373,0.05536565967,0.1838931993,-1.384145896,1.583578968,1.274670344,1.546499805,-0.06554897514,0.008840402131,-0.5369690623,1.439646251,1.607544859,-1.400742223,1.573249732,0.01986383882,0.05675473418,0.1791443529,-1.384378557,1.581041567,1.27359915,1.549066637,-0.06589393777,0.006928901349,-0.5380539245
1.63,17.814,0.0854258951,-0.07145358561,0.0326610869,0.00326610869,81,0.08181054906,-0.07173232894,0.1699438316,0.002394376503,0.05003854336,0.02085175754,0.0003995786886,0.0002926187298,-0.05772227421,0.1307795644,-0.05772227421,0.1307795644,0,0.04917270925,0.02281345101,0.008549030579,0.3502202297,0.034635,0.005252199922,0.0002874696208,0.0001267997086,0.001216679869,0.0009167273654,ok,4,1,1.437778663,1.602292659,-1.396351146,1.573454642,0.01735692952,0.05546073067,0.1833708674,-1.384278896,1.583326222,1.275272795,1.546788604,-0.06522887131,0.008668399147,-0.5375883825,1.43922698,1.604454156,-1.397047105,1.573260435,0.0166688825,0.05684456928,0.1829704594,-1.385200309,1.583406087,1.276595102,1.549302792,-0.0687310736,0.006910695037,-0.5349874525
1.64,17.824,0.08575081756,-0.07142109336,0.0323231892,0.00323231892,82,0.08398453638,-0.07171470143,0.07909991932,0.003333518147,0.04986037729,0.0210214811,0.0003665058277,0.0004232762803,0.439471066,0.2768605947,0.439471066,0.2768605947,0,0.05645244328,0.02517439003,0.008517722883,0.72672781,0.06318,0.003098269229,0.0001094406605,0.0002911816592,0.0009967934645,0.00139778342,ok,4,1,1.438048611,1.602855923,-1.39590929,1.573054791,0.0172951614,0.05549078614,0.1830443245,-1.384327296,1.583040011,1.275810763,1.547498572,-0.06563280438,0.008664024264,-0.5374924466,1.438248913,1.598357586,-1.389863691,1.573271089,0.01062941422,0.05690370934,0.1903116026,-1.385843407,1.585194984,1.278885307,1.549536483,-0.07095186844,0.00685135947,-0.5326140893
1.65,17.834,0.08607235463,-0.07138893966,0.03198401544,0.003198401544,82,0.08580909294,-0.07166380444,-0.009962269537,0.00529144659,0.05050154816,0.02144178003,0.0009414179758,0.0008106831255,0.1831245571,0.224058032,0.1831245571,0.224058032,0,0.05324841652,0.02480265051,0.008532609367,0.4372902463,0.075256,0.006663493403,0.0004229286778,0.0002324496944,0.002771071843,0.002567292837,ok,4,1,1.43817742,1.602691692,-1.394757907,1.572711538,0.01666823074,0.05556055313,0.1836481092,-1.384324788,1.583073666,1.276081647,1.54811412,-0.06642375541,0.008552609685,-0.5368618259,1.438879872,1.60122295,-1.393069466,1.573281542,0.01307700968,0.05710072806,0.1871754376,-1.3858107,1.584750454,1.278452449,1.549767703,-0.07079665788,0.006607970603,-0.5329170003
1.66,17.844,0.08639049366,-0.07135712575,0.03164357901,0.003164357901,83,0.08420614781,-0.0716213161,-0.1086232942,0.004420669333,0.05086197915,0.02185278852,0.0001207912801,0.0001021187276,0.05904903263,-0.3263745606,0.05904903263,-0.3263745606,0,0.05174771464,0.01695717011,0.008540087422,0.5424309147,0.065764,0.003804258202,6.003355446e-05,7.359165082e-05,0.0002835445875,0.0003474074711,ok,4,1,1.438175954,1.602465451,-1.395200047,1.572992906,0.01610008764,0.05584755288,0.1844486395,-1.384570085,1.583337929,1.275992462,1.548097903,-0.06699239967,0.008200984687,-0.5362184886,1.439245751,1.602631124,-1.394586674,1.573291899,0.01414717256,0.05727491297,0.1857406386,-1.383911571,1.578198955,1.270568153,1.549996441,-0.06414339698,0.005872114572,-0.540541352
1.67,17.854,0.08670522205,-0.07132565292,0.03130189334,0.003130189334,83,0.0823414973,-0.07154391136,0.02367074354,0.001511537756,0.05106938273,0.021387829,0.0007376427575,0.000732781244,-0.2565994561,0.1323057562,-0.2565994561,0.1323057562,0,0.04722039088,0.02337241535,0.008561722627,0.4517519167,0.038107,0.004894980372,0.000195795605,0.0003793149307,0.002060493151,0.002369052308,ok,4,1,1.438183086,1.602111628,-1.395417802,1.573534372,0.01596940329,0.05619163476,0.1847077846,-1.38455896,1.583093935,1.274873861,1.547894762,-0.06671703567,0.007742989922,-0.5363797916,1.440059497,1.606629147,-1.399101581,1.573302145,0.01766684736,0.05750055118,0.1812798256,-1.385573231,1.583303643,1.276904288,1.550222689,-0.06988353732,0.006080512663,-0.5341978991
1.68,17.864,0.0870165274,-0.07129452238,0.03095897193,0.003095897193,84,0.08378917939,-0.07156653437,0.08407741342,0.00277635228,0.05065575597,0.02159385059,0.000362566211,0.0002095166542,-0.1106537879,0.1175208986,-0.1106537879,0.1175208986,0,0.04899594915,0.02335666407,0.00855419634,0.3282522419,0.137045,0.004042242411,0.0002730527205,0.0001421992545,0.001182557026,0.0006426662771,ok,4,1,1.438433871,1.602586905,-1.395918635,1.573408892,0.01595600516,0.05630307691,0.184417579,-1.384809558,1.583133204,1.275796952,1.548140327,-0.06674942131,0.007588840203,-0.5365921946,1.439924795,1.605214869,-1.397352485,1.573312167,0.01607331624,0.05761995093,0.1831370226,-1.385626148,1.58315458,1.276828135,1.550446402,-0.07003194373,0.00586817309,-0.534153995
1.69,17.874,0.08732439741,-0.07126373538,0.03061482831,0.003061482831,84,0.08468146439,-0.07152679807,0.05639213197,0.003869772952,0.05044002357,0.02178092661,8.539887302e-05,0.0001316253274,0.2238648683,0.4712577164,0.2238648683,0.4712577164,0,0.0537979966,0.02884979236,0.008533051399,0.7805901937,0.068492,0.002869751764,1.794277443e-05,0.00016046028,0.0002933629219,0.0003787757231,ok,4,1,1.438625339,1.603047122,-1.395761329,1.573252846,0.01599938959,0.05640211942,0.18407563,-1.384880639,1.582971723,1.276015249,1.548634824,-0.06716219196,0.007502600658,-0.5363251244,1.439306018,1.601142159,-1.392521289,1.573321561,0.01196852693,0.05770375109,0.1880982279,-1.387029901,1.587520244,1.282240857,1.550667455,-0.0749680939,0.006051276865,-0.5287106425
1.7,17.884,0.08762881994,-0.07123329313,0.03026947607,0.003026947607,85,0.086755577,-0.07150475092,0.02032164941,0.005249237084,0.05074761752,0.0225366948,0.0006067592335,0.0006240506843,0.6548107862,0.2038227469,0.6548107862,0.2038227469,0,0.06056977931,0.025594036,0.008504533122,1.066676475,0.057355,0.006860175988,0.0002695480065,0.0002656390299,0.001633614727,0.00200450922,ok,4,1,1.438799634,1.603159889,-1.394993446,1.572932944,0.01555462257,0.05642802735,0.1843573696,-1.385016775,1.583311902,1.276895464,1.54916253,-0.06810791791,0.007446060122,-0.5355471839,1.43835448,1.595392292,-1.385738022,1.573330837,0.006277117518,0.05779126306,0.1950241343,-1.386289633,1.584718117,1.278937807,1.550885994,-0.07229571373,0.00560766244,-0.5318411484
1.71,17.894,0.08792978295,-0.07120319682,0.02992292884,0.002992292884,85,0.08686035547,-0.07142891436,-0.04869377293,0.003415463901,0.05184956978,0.02291339177,0.0005933708162,0.0003866300553,-0.190886721,0.2188287675,-0.190886721,0.2188287675,0,0.04898626897,0.02619582328,0.008555460381,0.4021167611,0.109049,0.009595590856,0.0003856987605,9.628695129e-05,0.001834529195,0.001137268723,ok,4,1,1.438793981,1.602301607,-1.3937151,1.572945486,0.01476033226,0.05659879662,0.1854285435,-1.385009404,1.583393299,1.276651925,1.549437653,-0.06895450285,0.007169722742,-0.5347604207,1.440262582,1.605323799,-1.397143962,1.573339929,0.01542185177,0.05806111125,0.1836083239,-1.386492642,1.585079335,1.27947849,1.55110201,-0.07297567046,0.005445581867,-0.5311919659
1.72,17.904,0.08822727458,-0.07117344766,0.02957520031,0.002957520031,86,0.08451388316,-0.07142916789,-0.07777813879,0.003172654854,0.05169112173,0.02334262545,0.0006180894784,0.0005404310117,-0.1523491591,-0.04544530064,-0.1523491591,-0.04544530064,0,0.04940588434,0.02266094594,0.008553889701,0.2745265179,0.099004,0.0036983462,0.0003836017808,0.0001193821184,0.001957523649,0.001696856616,ok,4,1,1.438804757,1.602252243,-1.395229884,1.573387209,0.01453160414,0.05691308228,0.1858922461,-1.385394462,1.583751884,1.276848143,1.54917843,-0.06927732426,0.006768838228,-0.5343002838,1.440309787,1.604997508,-1.396657505,1.573348974,0.0148682266,0.05819769428,0.1841842345,-1.385669846,1.582054837,1.275896843,1.551315492,-0.07005545261,0.004997830441,-0.5345988317
1.73,17.914,0.08852128307,-0.07114404681,0.02922630419,0.002922630419,86,0.08441405255,-0.0713765415,0.1113995801,0.00302674977,0.05154946742,0.02332221914,0.0006332159506,0.0006568106165,0.07721886039,0.3216318488,0.07721886039,0.3216318488,0,0.05270775032,0.02814669687,0.008539447966,0.5620310913,0.067508,0.002728554598,0.0002807009237,0.0002001901893,0.001792781121,0.002146608256,ok,4,1,1.438918598,1.602268953,-1.395194498,1.573656043,0.01468931904,0.05710070955,0.1855011573,-1.385458966,1.583701906,1.276659224,1.549210974,-0.06936014767,0.006516396457,-0.5342154687,1.439913662,1.602206846,-1.393316705,1.573357936,0.01198910511,0.05829809595,0.187638437,-1.387074304,1.586421757,1.281305493,1.55152644,-0.07498045858,0.005189930739,-0.5291624731
1.74,17.924,0.08881179682,-0.07111499544,0.02887625428,0.002887625428,87,0.08727959905,-0.07136805874,0.1009438796,0.00368883343,0.05166952374,0.02382720313,0.0004192036652,0.0003102298055,0.6366690993,0.2774279118,0.6366690993,0.2774279118,0,0.06121956023,0.0279886218,0.008503312067,1.086885192,0.035539,0.005043148234,0.0001538584288,0.0001613523138,0.001283959249,0.0009642763857,ok,4,1,1.439183603,1.602509348,-1.394310589,1.573219348,0.01443940052,0.05709276489,0.1854261391,-1.38554806,1.583861498,1.277711634,1.549800239,-0.06993731034,0.006486916193,-0.533938979,1.43868425,1.594969879,-1.384813964,1.573366799,0.00490740749,0.05836789033,0.196294991,-1.387088023,1.586165391,1.281091049,1.551734837,-0.07499422371,0.004981731991,-0.5292599309
1.75,17.934,0.08909880435,-0.07108629468,0.02852506438,0.002852506438,87,0.08895316192,-0.0713140444,-0.01879127944,0.002619972584,0.05216371131,0.02427467359,0.0009766670844,0.0006681126738,0.3915116191,0.1608332843,0.3915116191,0.1608332843,0,0.0580363856,0.02668717286,0.008517035334,0.6864886577,0.040382,0.009894105981,0.0004879583085,0.0001068796949,0.003062496951,0.001973523074,ok,4,1,1.439244302,1.601950015,-1.392698261,1.572876878,0.01356480955,0.05715337807,0.186400885,-1.385562021,1.583872729,1.27800946,1.550403346,-0.07081015576,0.006393489902,-0.5333067669,1.43929536,1.59771908,-1.38790056,1.573375525,0.007272294879,0.05852885998,0.1932657716,-1.386822698,1.584971921,1.279738583,1.551940679,-0.07401120353,0.004689983661,-0.530479508
1.76,17.944,0.08938229435,-0.07105794568,0.02817274835,0.002817274835,88,0.08719091806,-0.07129356805,-0.1018135221,0.002306516857,0.05347930417,0.02458218642,9.317912907e-05,0.000157547021,0.6138161421,0.02108135447,0.6138161421,0.02108135447,0,0.0626865463,0.02489840674,0.008498020014,1.043433647,0.038245,0.005640602874,5.991399131e-05,0.0001097722438,0.0002397402413,0.0005820652269,ok,4,1,1.439127713,1.601352064,-1.392827599,1.573157162,0.01269362299,0.05740693372,0.1876251687,-1.385798123,1.584035163,1.277879355,1.550370269,-0.07125931913,0.006059239145,-0.5328087111,1.43865681,1.593782706,-1.383225594,1.573384145,0.003316978426,0.05864202077,0.1980595052,-1.386430783,1.583382238,1.277900353,1.552143954,-0.07260177086,0.004371101208,-0.5321781752
1.77,17.954,0.08966225561,-0.07102994956,0.02781932012,0.002781932012,88,0.0871383889,-0.07124210115,0.002102888488,0.002295929606,0.05467990413,0.02465453774,0.0001048200679,0.0002481844539,-0.2274578065,0.1983356774,-0.2274578065,0.1983356774,0,0.05126803703,0.02762957291,0.008547340564,0.3686419348,0.050361,0.009302713005,5.394583984e-05,0.0001547742719,0.0001789325309,0.0008841736219,ok,4,1,1.439018942,1.600314239,-1.391638988,1.573329069,0.01167192521,0.05759136635,0.1887567922,-1.385927737,1.584077227,1.277783963,1.550427197,-0.07143794894,0.005803299998,-0.5326664328,1.440555166,1.60356478,-1.394472738,1.573392618,0.012332371,0.05886681687,0.1867986268,-1.38715318,1.585499936,1.280566701,1.552344662,-0.07512436829,0.004379949259,-0.5294437665
1.78,17.964,0.08993867709,-0.07100230741,0.02746479363,0.002746479363,89,0.08641848301,-0.07126137952,-0.005252431929,0.003091074721,0.05449479685,0.02501612657,0.0005795707889,0.0004801127607,-0.2558520436,-0.3762128949,-0.2558520436,-0.3762128949,0,0.0506570162,0.01937293314,0.0085504199,0.6105315766,0.071148,0.003510231926,0.0004819812584,5.248247538e-05,0.001789606393,0.001454835946,ok,4,1,1.439152059,1.600362349,-1.392719245,1.573477515,0.01142868231,0.05780537452,0.1889908205,-1.386239494,1.584295181,1.27838857,1.550474794,-0.07161413636,0.005611634143,-0.5324750181,1.440751139,1.604117969,-1.395012708,1.573401019,0.01262714333,0.05900690211,0.1863329351,-1.38515246,1.578613045,1.272283254,1.552542779,-0.06808013319,0.00360994159,-0.5374902684
1.79,17.974,0.09021154787,-0.07097502033,0.02710918287,0.002710918287,89,0.08554778559,-0.07118687383,0.1092415787,0.002960541155,0.05424487866,0.02443387025,0.0008712553125,0.0009102193275,-0.2952554226,0.1680127084,-0.2952554226,0.1680127084,0,0.04981604732,0.02695406088,0.008554617524,0.4251373523,0.071719,0.005221559399,0.0002921050255,0.0002913880644,0.002404104367,0.002921694179,ok,4,1,1.439238849,1.600616412,-1.392752903,1.573821216,0.01168243628,0.05798457164,0.1884746828,-1.38607668,1.583834604,1.277247839,1.550513303,-0.07130789911,0.005341790664,-0.5327130927,1.440979322,1.604867785,-1.395781213,1.573409312,0.01310998843,0.05914931167,0.1856354258,-1.387086933,1.584705734,1.279786344,1.552738325,-0.07482192944,0.003957643989,-0.5299979825
1.8,17.984,0.09048085718,-0.0709480894,0.02675250189,0.002675250189,90,0.08857418782,-0.07119794148,0.1394444036,0.002848559923,0.05335514888,0.02465894998,0.0002052682024,0.0002220439965,0.7574532032,0.2841856182,0.7574532032,0.2841856182,0,0.06471694692,0.02892173425,0.008491351988,1.267257921,0.03452,0.003526491452,4.207167119e-05,0.000181164105,0.0005363684416,0.0007762084579,ok,4,1,1.439606739,1.601341294,-1.392674905,1.573357541,0.01179022103,0.05796999398,0.1879896441,-1.386156694,1.583867109,1.278231246,1.551028088,-0.07147722994,0.005302413361,-0.5328642399,1.438725344,1.592176837,-1.380955344,1.573417547,0.0008993317335,0.05918123225,0.2006622233,-1.387614938,1.586204639,1.281693285,1.552931267,-0.0766750706,0.003924947292,-0.5280137293
1.81,17.994,0.09074659439,-0.07092151568,0.02639476476,0.002639476476,90,0.09177500503,-0.07114114998,0.02021589549,0.003126607958,0.0534888902,0.0250782441,0.001400923781,0.001083702125,0.3957072794,0.3605991304,0.3957072794,0.3605991304,0,0.05942449939,0.03048723105,0.008513326089,0.6660371457,0.075445,0.01180721686,0.0006782175793,0.0002594324611,0.004317879505,0.003302903621,ok,4,1,1.439692324,1.60080557,-1.39028047,1.572778117,0.0108656835,0.05793115663,0.1888550065,-1.386091858,1.583721891,1.278738792,1.551864162,-0.07240699936,0.005322328927,-0.5323235662,1.439678199,1.59672034,-1.386137615,1.573425626,0.004977552558,0.05932705325,0.1955153779,-1.388044479,1.587375109,1.283200398,1.553121607,-0.07817652435,0.003864693985,-0.5264244506
1.82,18.004,0.09100874901,-0.07089530022,0.02603598562,0.002603598562,91,0.08970656506,-0.07113265191,-0.2131403451,0.002693569328,0.05488479681,0.02570031173,0.0002944174488,0.0002274694376,-0.4023081064,0.2304521799,-0.4023081064,0.2304521799,0,0.04885017522,0.02915709443,0.00856023285,0.5823358925,0.035058,0.005261338698,0.0001304754689,0.0001385409008,0.0007694132942,0.0006934357965,ok,4,1,1.439583162,1.600373182,-1.390726537,1.572999797,0.009879358512,0.05820083819,0.1902540392,-1.386429641,1.584111038,1.278938425,1.551857914,-0.0731230362,0.005031157822,-0.531534094,1.44141683,1.605784142,-1.396549896,1.573433552,0.0133174418,0.05954829941,0.1850870802,-1.387767042,1.586168318,1.281824403,1.553309337,-0.07715462181,0.003586759761,-0.5276779945
1.83,18.014,0.09126731067,-0.07086944405,0.02567617862,0.002567617862,91,0.0868937957,-0.07111048448,-0.0506271713,0.004489988905,0.0552371817,0.02618620432,0.001037671982,0.0008204311891,-0.1339360923,-0.539111495,-0.1339360923,-0.539111495,0,0.05322814031,0.01809953189,0.008540766071,0.8311712354,0.075918,0.005369679932,0.0006301321818,8.326221473e-05,0.003256792465,0.002490876372,ok,4,1,1.43960865,1.600414462,-1.392475406,1.573658082,0.01000492748,0.05858871502,0.1902186573,-1.386826259,1.584662192,1.279064854,1.551463718,-0.07336067507,0.004685363917,-0.5309356069,1.440842537,1.602070589,-1.392153664,1.573441439,0.009602230234,0.05962476006,0.1895970169,-1.38506415,1.57698832,1.270753142,1.553494439,-0.06765689683,0.002622569296,-0.5384828109
1.84,18.024,0.0915222692,-0.0708439482,0.02531535797,0.002531535797,92,0.08673205583,-0.07101216415,0.190774496,0.001712548125,0.05522070102,0.02536432631,0.0009090282934,0.001089253456,-0.2855318487,-0.01099324413,-0.2855318487,-0.01099324413,0,0.05093772329,0.02519942765,0.008551288965,0.3764318841,0.070173,0.00717708924,0.0001795952404,0.0005154831609,0.002382224,0.003588181662,ok,4,1,1.439698719,1.600292334,-1.391693144,1.574046359,0.01043368452,0.05873209986,0.1895761231,-1.386477073,1.58402833,1.277547254,1.551405699,-0.07297499185,0.004344560135,-0.5313057217,1.44129035,1.604056653,-1.394362315,1.573449176,0.01126648669,0.05976945461,0.1874415605,-1.386887171,1.582694583,1.277781592,1.553676933,-0.07397398727,0.002944003875,-0.5314621187
1.85,18.034,0.0917736145,-0.07081881367,0.02495353791,0.002495353791,92,0.08990801365,-0.07104521844,0.1569199818,0.001144303967,0.05395443385,0.02526817735,0.0002552737667,0.0001198309282,0.5582382679,0.1791439354,0.5582382679,0.1791439354,0,0.06232800787,0.02795533639,0.008502476668,0.9729881791,0.040546,0.003138779453,7.58011719e-05,0.0001190874437,0.0008400335662,0.0003889879141,ok,4,1,1.440058361,1.600917873,-1.391606267,1.573473139,0.01050253334,0.05865141963,0.1892218772,-1.386488819,1.583718018,1.278345325,1.551946266,-0.07289922661,0.004271855515,-0.531862153,1.43959,1.594360014,-1.383021224,1.573456851,0.001908472337,0.05981789066,0.198951759,-1.387610632,1.584847959,1.280478067,1.553856791,-0.07650529878,0.002979080446,-0.5287063946
1.86,18.044,0.09202133667,-0.07079404145,0.02459073273,0.002459073273,93,0.09287560229,-0.07100912189,0.01509019716,0.002387027001,0.05384712266,0.02548863175,0.00130642465,0.0009479607011,-0.1064750329,0.1471588761,-0.1064750329,0.1471588761,0,0.05224999717,0.02769601489,0.008546117884,0.3083913613,0.087666,0.009037768004,0.0005444889465,0.0002827243618,0.004073581242,0.002834309123,ok,4,1,1.440169338,1.600578095,-1.389862081,1.572865238,0.009720432913,0.05861045002,0.189913991,-1.386473403,1.583372936,1.278853856,1.552782413,-0.07355365385,0.004324940809,-0.5316455826,1.441270845,1.60299203,-1.392945995,1.573464358,0.009852458946,0.05999885874,0.1890130985,-1.387591559,1.584526995,1.280171435,1.554034007,-0.07640794991,0.002792089594,-0.52891209
1.87,18.054,0.09226542592,-0.07076963253,0.02422695675,0.002422695675,93,0.08985750143,-0.07100613331,-0.1579587524,0.002970960349,0.05473971212,0.02576013877,0.0002576478951,0.0002803418973,-0.2064951658,0.159222275,-0.2064951658,0.159222275,0,0.05164228464,0.0281484729,0.008549148151,0.3102285538,0.118973,0.002581370864,0.0002006308744,0.0001280965126,0.0009098025095,0.0007702325333,ok,4,1,1.440094686,1.600818409,-1.391434331,1.573237693,0.009295380298,0.05891213898,0.1905777724,-1.386804917,1.583575785,1.278641967,1.552683989,-0.07382657904,0.004043699404,-0.5312011115,1.441454586,1.603539072,-1.393490835,1.573471774,0.01016799312,0.06012220875,0.1885330915,-1.387745715,1.584792742,1.280574401,1.554208577,-0.07692886458,0.002662230457,-0.5284194427
1.88,18.064,0.09250587262,-0.07074558786,0.02386222433,0.002386222433,94,0.08950186535,-0.07097075864,0.03219074409,0.00436535997,0.05466848821,0.02607663519,0.0004304660147,0.0003895365207,0.138331756,0.0002064518485,0.138331756,0.0002064518485,0,0.05674346455,0.02607973197,0.008526898567,0.3490106143,0.037492,0.002862351052,0.0003006458859,2.096446027e-05,0.001336160442,0.001198096425,ok,4,1,1.440170494,1.600824408,-1.391817901,1.57353063,0.009377639162,0.05913609867,0.1903378553,-1.387007947,1.583901368,1.278831327,1.552615032,-0.07406651353,0.003833625491,-0.5308279667,1.440750324,1.599208697,-1.388383091,1.57347911,0.005887533019,0.06019775411,0.1937550798,-1.387281434,1.582987846,1.278466965,1.554380493,-0.07525071338,0.00234253438,-0.5304040971
1.89,18.074,0.09274266727,-0.07072190839,0.02349654987,0.002349654987,94,0.09061158193,-0.07090434893,0.07287621582,0.003178729191,0.05465247375,0.02608703387,0.0001185386743,0.0001210452302,-0.195770368,0.1201511398,-0.195770368,0.1201511398,0,0.05171591823,0.02788930096,0.008549458305,0.2758396526,0.083537,0.003393321135,0.0001611481146,0.0001175861932,0.0004494286935,0.0004212192264,ok,4,1,1.440304305,1.600772203,-1.390738025,1.573498941,0.009159644133,0.05922975661,0.1903617587,-1.386908573,1.583888424,1.278679826,1.552880004,-0.07428971937,0.003678322135,-0.5306900055,1.441618563,1.6035306,-1.393306707,1.573486281,0.00976846962,0.06035215634,0.1888551461,-1.387767584,1.584372093,1.280223205,1.554549751,-0.07695056945,0.002320572021,-0.5285796884
1.9,18.084,0.09297580053,-0.07069859507,0.02312994781,0.002312994781,95,0.09082480377,-0.07090602557,0.02974463408,0.002052527093,0.05431964733,0.02629918453,9.800192503e-05,8.089292558e-05,0.05100798979,0.1099457443,0.05100798979,0.1099457443,0,0.05508476717,0.02794837069,0.008534761095,0.2583462037,0.131963,0.002411104092,6.723486239e-05,1.364324315e-05,0.000321050792,0.0002389533471,ok,4,1,1.440503585,1.601124772,-1.391384217,1.573453979,0.009110541254,0.05935411437,0.190435513,-1.387034796,1.583931607,1.279035133,1.553063116,-0.07453946536,0.003502565564,-0.5305632534,1.441182376,1.600679016,-1.389916616,1.573493385,0.006889618161,0.06043719433,0.1923424293,-1.387823624,1.584319299,1.280236591,1.554716343,-0.0771229274,0.002168025939,-0.5284755875
1.91,18.094,0.09320526318,-0.0706756488,0.02276243261,0.002276243261,95,0.09152829907,-0.07087188259,0.02390907304,0.002730474209,0.05424920974,0.02648114749,0.0001231391431,7.28055166e-05,0.09612996131,0.3184202313,0.09612996131,0.3184202313,0,0.05569115916,0.03125745096,0.00853236128,0.5246818801,0.036119,0.002243159204,6.434743881e-05,3.329927907e-05,0.0003834948546,0.0001885145305,ok,4,1,1.440601128,1.601098292,-1.391010306,1.573406063,0.008909905156,0.05946026205,0.190515886,-1.387101336,1.583903317,1.279199414,1.553333321,-0.07487976819,0.00337698114,-0.5303144553,1.441172563,1.600187278,-1.389262949,1.573500361,0.006238495845,0.06054367599,0.1930675746,-1.38867405,1.586941127,1.283487392,1.554880262,-0.080126587,0.00226951265,-0.5251785596
1.92,18.104,0.09343104618,-0.0706530705,0.0223940188,0.00223940188,96,0.09227307696,-0.07086171431,-0.006037835449,0.003225423383,0.05421480078,0.02701192913,0.0002933292054,0.0002542330474,0.7145128846,0.5009262562,0.7145128846,0.5009262562,0,0.06493249405,0.03452582297,0.008494208784,1.159012423,0.038502,0.00465366202,8.602131407e-05,0.0001387451062,0.0007862530949,0.0007679860179,ok,4,1,1.440698656,1.601096298,-1.390778536,1.573299236,0.008560140021,0.05954675164,0.1908244805,-1.387275622,1.584146172,1.279837761,1.553601032,-0.07547292498,0.003279782038,-0.5297979782,1.439766881,1.592331901,-1.380056547,1.573507223,-0.001358073572,0.06063480745,0.2024146047,-1.389504202,1.589535249,1.286696748,1.555041513,-0.08309304894,0.002381984317,-0.5219217444
1.93,18.114,0.09365314061,-0.07063086106,0.0220247209,0.00220247209,96,0.0940645996,-0.07082336438,-0.02759301417,0.003347761236,0.05481972369,0.02784574827,0.0009334320996,0.0007335169194,-0.2035457343,0.2252049297,-0.2035457343,0.2252049297,0,0.05176653768,0.03122382221,0.008550451354,0.4021382352,0.047166,0.01054247964,0.000402133668,0.000182834981,0.002790266483,0.0021787011,ok,4,1,1.440691926,1.600299597,-1.389023795,1.573027006,0.007579880954,0.05958553127,0.1918721251,-1.387421187,1.584576022,1.280691296,1.554044416,-0.07650808006,0.003251372767,-0.528892567,1.441945147,1.603591638,-1.393045178,1.573513948,0.00907984867,0.06079132594,0.1893788782,-1.388746063,1.586719399,1.283366691,1.555200056,-0.08032987165,0.001966107348,-0.5251224751
1.94,18.124,0.0938715377,-0.07060902135,0.02165455351,0.002165455351,97,0.09018411739,-0.07080738779,-0.1358235198,0.002802450762,0.05591515439,0.028315053,0.0008682009327,0.0007251353163,-0.02025823481,-0.2906881869,-0.02025823481,-0.2906881869,0,0.05561128087,0.0239547302,0.008533594679,0.443730301,0.048599,0.003447476674,0.0004088836165,0.000162404345,0.002762173838,0.002252453245,ok,4,1,1.440620848,1.600404919,-1.390792232,1.573623621,0.007357500953,0.05992020684,0.1923921199,-1.387799059,1.585070287,1.280520406,1.553699054,-0.07688239498,0.002920192918,-0.5281975867,1.441429118,1.600332203,-1.389187892,1.5735206,0.005830586975,0.0608676803,0.1933336208,-1.386994092,1.580648748,1.276083103,1.555355914,-0.07410411307,0.001266607908,-0.5322243629
1.95,18.134,0.09408622883,-0.07058755224,0.02128353123,0.002128353123,97,0.09005751441,-0.07073982195,0.1539825102,0.001368062775,0.05612559169,0.02790981514,0.0007759673847,0.0009040896831,-0.2112956494,0.1420711279,-0.2112956494,0.1420711279,0,0.05295615695,0.03004088206,0.008545723989,0.2814862131,0.041034,0.004150123648,0.0002071824633,0.0004071690778,0.002140595796,0.00299234927,ok,4,1,1.440661952,1.599999548,-1.390216984,1.573998783,0.007539763023,0.06007154711,0.1921464596,-1.387644195,1.584798872,1.279682754,1.553567559,-0.07670811633,0.002615617656,-0.5283360852,1.441919612,1.602625172,-1.391767148,1.573527108,0.007815031796,0.06099144548,0.1907920966,-1.3885339,1.585558529,1.282104365,1.555509084,-0.07952297846,0.001583293881,-0.5261992355
1.96,18.144,0.09429720553,-0.07056645457,0.02091166872,0.002091166872,98,0.09254819907,-0.07076694878,0.1213033049,0.001120441157,0.05506412007,0.0281016347,0.0001384114064,8.654382841e-05,0.541862607,0.3803656995,0.541862607,0.3803656995,0,0.06319205918,0.03380712019,0.008502249071,0.9206218892,0.04376,0.002680389605,6.856149878e-05,0.0001191694536,0.0003597810317,0.000330521469,ok,4,1,1.440943033,1.600400035,-1.390108276,1.573572237,0.0075089319,0.06003347808,0.1919195927,-1.387737647,1.584768844,1.280633169,1.553997672,-0.07684258886,0.002574001615,-0.5285364168,1.440369526,1.593915015,-1.381581623,1.573533528,-0.0005675322346,0.06105709759,0.2011258116,-1.389487346,1.588568618,1.285813013,1.555659555,-0.08291695927,0.00174254017,-0.5224546918
1.97,18.154,0.09450445945,-0.07054572918,0.02053898065,0.002053898065,98,0.09521620737,-0.07073804895,0.01051060904,0.002990299479,0.05505366747,0.02868364917,0.001075211576,0.0008291513167,0.5164870024,0.4002645016,0.5164870024,0.4002645016,0,0.06280097251,0.0346876167,0.008504074543,0.8272038569,0.07207,0.008555262534,0.0004442206929,0.0002923619864,0.003249516873,0.002488282572,ok,4,1,1.441008175,1.600067582,-1.388390226,1.573044634,0.006712045236,0.05998225945,0.1925705491,-1.387817714,1.584807667,1.281500203,1.554726291,-0.0777169403,0.002669578263,-0.5279819459,1.440509589,1.594272247,-1.38192151,1.57353982,-0.0003987834605,0.06115780056,0.2008425877,-1.389736171,1.589205193,1.286648948,1.555807313,-0.08379251734,0.001676999126,-0.5215475615
1.98,18.164,0.09470798244,-0.07052537688,0.02016548174,0.002016548174,99,0.0942107463,-0.0707151375,-0.1545466019,0.002670397121,0.05626666097,0.02936968255,0.0004789572806,0.0003413696134,0.06736009568,0.07202205807,0.06736009568,0.07202205807,0,0.05727706241,0.03045001343,0.008527527505,0.1851264416,0.061897,0.007024891186,0.0002087693679,0.0001451316172,0.001377638325,0.001010724344,ok,4,1,1.440902112,1.59950916,-1.38805806,1.573108402,0.005750807772,0.06017714773,0.1938176965,-1.388055219,1.585259299,1.28180949,1.554881449,-0.07852283432,0.002516313211,-0.5270999526,1.441471387,1.599007236,-1.387345644,1.573545996,0.003899543357,0.0612668703,0.1954307782,-1.388745101,1.585625906,1.282391022,1.555952334,-0.08020196093,0.001197890207,-0.5256736669
1.99,18.174,0.09490776643,-0.07050539848,0.01979118672,0.001979118672,99,0.09173278126,-0.07067401017,-0.05757678804,0.002453792864,0.05736024575,0.02958034499,0.0006408836015,0.0006217055194,-0.349830538,-0.3159711063,-0.349830538,-0.3159711063,0,0.05211278768,0.0248407784,0.008550587217,0.469829516,0.056116,0.00153295978,0.0003082052367,0.0002176546401,0.001930165942,0.002001477533,ok,4,1,1.440820747,1.599063582,-1.388728892,1.573667094,0.005411852474,0.06049760389,0.1944028698,-1.388260453,1.585623555,1.281454804,1.554549264,-0.07866900115,0.002178279662,-0.5266588563,1.442351768,1.603440431,-1.392412782,1.573552043,0.007911398339,0.0613937854,0.190374714,-1.387398498,1.58092526,1.276764925,1.556094647,-0.07541151778,0.0006324745123,-0.5311504504
2,18.184,0.09510380357,-0.07048579476,0.01941611039,0.001941611039,100,0.09035782675,-0.07064019436,0.09816436626,0.001236353686,0.05747070265,0.02912452116,0.001181228474,0.001128719414,-0.5969231129,-0.2712110579,-0.5969231129,-0.2712110579,0,0.04851685596,0.02505635529,0.00856735625,0.7311195238,0.149053,0.004472268668,0.0004341923875,0.0003756255668,0.003480206542,0.003606695609,ok,4,1,1.440885696,1.599225651,-1.389348386,1.574149342,0.00567571967,0.06068182923,0.1940202964,-1.388251723,1.585397528,1.280719653,1.554267817,-0.07822409288,0.001869689932,-0.5270194648,1.442973086,1.606536846,-1.39592711,1.57355797,0.01066443635,0.06152088355,0.1868827837,-1.387486988,1.581017122,1.276941764,1.556234236,-0.075700656,0.0005162833005,-0.5309000619
2.01,18.194,0.09529608608,-0.07046656651,0.01904026754,0.001904026754,100,0.0918276134,-0.07063379921,0.2104117014,0.001628507378,0.05614765443,0.02864741357,0.0006640155475,0.000567059322,0.03073920682,0.08573670685,0.03073920682,0.08573670685,0,0.05660874253,0.02993346417,0.008531126696,0.2313130519,0.061897,0.006465583846,0.0002747486035,0.0001523254515,0.001980460066,0.001772157551,ok,4,1,1.441180947,1.600071262,-1.389869006,1.573968848,0.006209260605,0.06067129902,0.1930822645,-1.38819136,1.584963046,1.280680836,1.554551348,-0.07774245327,0.001793335546,-0.5277256395,1.441793427,1.599645603,-1.387872627,1.573563836,0.004022268644,0.06155356547,0.1950670937,-1.38872327,1.584946239,1.281762531,1.556371095,-0.08005558379,0.0007630721781,-0.5260651752
2.02,18.204,0.09548460641,-0.07044771448,0.01866367301,0.001866367301,101,0.09573024571,-0.07062538838,0.1283623851,0.002144099624,0.05488078959,0.02870156867,0.0008269463304,0.0007542277939,0.05441300198,-0.4037461877,0.05441300198,-0.4037461877,0,0.05569698462,0.02264537585,0.008535339662,0.6897041442,0.039042,0.002268808116,0.000344753934,0.0002718337203,0.002455874685,0.002399604332,ok,4,1,1.441469138,1.60046857,-1.388708712,1.57326428,0.006108204026,0.06055623333,0.1927982856,-1.388078318,1.584626744,1.281362161,1.555396769,-0.078043415,0.001918104219,-0.5278722019,1.442006246,1.60044576,-1.388732227,1.57356955,0.004622343866,0.06164857113,0.1942535597,-1.386951655,1.578870922,1.27446512,1.556505209,-0.07379252053,8.250014153e-05,-0.5331973252
2.03,18.214,0.09566935709,-0.07042923941,0.01828634167,0.001828634167,101,0.09409364384,-0.07057300485,-0.05095711414,0.001381533012,0.05551024669,0.02801773781,0.0001391847096,0.0001486116938,0.8512743115,0.1146602407,0.8512743115,0.1146602407,0,0.06827936136,0.02973764142,0.008483711117,1.377582131,0.022969,0.005423267017,0.0002054843604,0.0001998285439,0.000430824835,0.0005930960285,ok,4,1,1.441449047,1.600559449,-1.389026109,1.573438963,0.005966397531,0.0607320709,0.1931379042,-1.387888613,1.583923138,1.279888387,1.555501607,-0.07784459634,0.001637207297,-0.5280822322,1.440028781,1.589742355,-1.37622847,1.573575153,-0.005616034608,0.06174518334,0.2069137255,-1.388741622,1.584623601,1.281495221,1.556636592,-0.08007756099,0.0004975694899,-0.5261839857
2.04,18.224,0.09585033084,-0.07041114204,0.01790828842,0.001790828842,102,0.0971623773,-0.0705707655,0.00759814872,0.001513678786,0.05590346602,0.02814599265,0.00123050306,0.0009353693247,-0.3829511106,0.2384396642,-0.3829511106,0.2384396642,0,0.05015919936,0.03172258761,0.008560597412,0.7215454279,0.062249,0.01256083717,0.0005298033692,0.0001766596259,0.003690870035,0.002779637115,ok,4,1,1.441422505,1.599493339,-1.386915043,1.573040475,0.004825168643,0.06069806933,0.1943528884,-1.387905732,1.583772617,1.280494712,1.555877802,-0.07816618293,0.001560856521,-0.5281531633,1.443000529,1.60521831,-1.394130497,1.573580615,0.008815387318,0.06185965696,0.1889092626,-1.389260841,1.586179879,1.283436952,1.556765221,-0.08190346592,0.000532868338,-0.5241952883
2.05,18.234,0.0960275205,-0.07039342307,0.01752952818,0.001752952818,102,0.09310208406,-0.07060745828,-0.2287994936,0.001906337159,0.05672517053,0.0285877645,0.0008281741998,0.0005467517169,-0.2343252748,-0.4487559199,-0.2343252748,-0.4487559199,0,0.05321029141,0.0218564257,0.008547179557,0.722313983,0.194401,0.005945822983,0.0005613884986,0.000200844833,0.002865136549,0.001457959345,ok,4,1,1.441387592,1.599952562,-1.389515789,1.573534379,0.004551247579,0.06103537164,0.1948550856,-1.388456745,1.584128981,1.28079695,1.55556862,-0.07829992166,0.001328508811,-0.5277714859,1.442591255,1.602632849,-1.391069773,1.573585992,0.006238538065,0.06192599941,0.1920488235,-1.386849709,1.577986511,1.27357381,1.55689109,-0.0733825318,-0.0003414811897,-0.5338681233
2.06,18.244,0.0962009191,-0.07037608321,0.01715007591,0.001715007591,103,0.09185021385,-0.07051562514,0.1388951657,0.003139314597,0.05694760001,0.02791507875,0.001083444975,0.001048296152,-0.44163692,0.02192761935,-0.44163692,0.02192761935,0,0.05032304621,0.02824399304,0.008560328794,0.5310326304,0.078284,0.005935845517,0.0003654561047,0.0003315434166,0.003221276769,0.003394116897,ok,4,1,1.441403807,1.599808676,-1.38939747,1.574141446,0.005072324107,0.06125015562,0.194175421,-1.388199623,1.583728713,1.279309152,1.55531673,-0.0778776621,0.001040633519,-0.5279322778,1.443103645,1.605119002,-1.393888197,1.573591234,0.008436247771,0.06202648239,0.1892534202,-1.388469339,1.583163831,1.27990495,1.557014216,-0.07904797201,2.374100925e-05,-0.5275487928
2.07,18.254,0.09637051976,-0.07035912314,0.01676994658,0.001676994658,103,0.09467686162,-0.0705247519,0.1698831695,0.002529960424,0.0553842125,0.02789341674,0.0001118791749,9.488163075e-05,0.2627231479,0.02443308011,0.2627231479,0.02443308011,0,0.05932505972,0.02825991294,0.008521025151,0.4895167869,0.085188,0.004556712131,9.741957083e-05,0.0001136622405,0.0002538792248,0.0003625479,ok,4,1,1.441774365,1.60056229,-1.389436077,1.573722042,0.005435922437,0.0611997654,0.1934381858,-1.38815788,1.583688958,1.279968811,1.555683039,-0.07776735768,0.001003113374,-0.5283021787,1.441750169,1.597453965,-1.384937902,1.573596383,0.001085593381,0.06207040117,0.1983333536,-1.38850325,1.583103651,1.279888052,1.557134572,-0.07914918702,-8.854137273e-05,-0.5274997734
2.08,18.264,0.09653631582,-0.07034254354,0.0163891552,0.00163891552,104,0.09671403954,-0.07048310406,0.04457707083,0.001495732012,0.05510398385,0.02788984678,0.000713217518,0.0005983021619,0.2564741075,0.03268984705,0.2564741075,0.03268984705,0,0.05895109547,0.02838019449,0.008522826096,0.4418172127,0.062787,0.004706542637,0.0004270913693,0.000130365731,0.002113277335,0.001807244903,ok,4,1,1.441905799,1.600667724,-1.388217499,1.573324795,0.005101684141,0.06117129302,0.193626811,-1.388052388,1.583364047,1.280064376,1.556284953,-0.07812156016,0.001017071768,-0.528260897,1.441870519,1.597792316,-1.385270568,1.573601399,0.00126993069,0.06215118628,0.1980449831,-1.388562097,1.583131117,1.27997584,1.55725216,-0.07933951085,-0.0001899469027,-0.5273488047
2.09,18.274,0.09669830071,-0.07032634505,0.0160077168,0.00160077168,104,0.09619947867,-0.07047355334,-0.08345470004,0.001016310128,0.05569269798,0.02793233331,0.0003562926771,0.0002798402,0.2998160124,-0.02532751672,0.2998160124,-0.02532751672,0,0.06018993817,0.02755242056,0.008517783067,0.4990128734,0.040318,0.003669718952,0.0001970783788,7.647360591e-05,0.0009433877898,0.000854513414,ok,4,1,1.441878479,1.60040619,-1.388245493,1.573322695,0.00460587629,0.06131069475,0.1943752642,-1.388113183,1.583241946,1.279874417,1.55643392,-0.07837206763,0.000834730877,-0.5280802521,1.441730743,1.596754675,-1.384007241,1.573606297,0.0001619851912,0.06222851777,0.1993653929,-1.3883874,1.582379312,1.279120254,1.557366977,-0.0787000515,-0.0003639002746,-0.528131719
2.1,18.284,0.09685646805,-0.07031052831,0.01562564645,0.001562564645,105,0.09576400554,-0.07045013258,-0.02530344256,0.001700353086,0.05640889482,0.02790176851,0.0001116605209,6.985910145e-05,-0.1055139527,0.2246475667,-0.1055139527,0.2246475667,0,0.05482618553,0.03127148201,0.008541050361,0.3602891842,0.030249,0.004322182928,1.909191609e-05,4.361191667e-05,0.0002486580327,0.000179956213,ok,4,1,1.441821794,1.59981034,-1.387969996,1.573491198,0.004097654089,0.06147725023,0.19504321,-1.38818012,1.583186926,1.279653455,1.556401797,-0.07842589378,0.0006283021816,-0.527999563,1.44264254,1.601349355,-1.389281763,1.573611073,0.004358185991,0.06231564435,0.1940889802,-1.389328934,1.585374868,1.282793442,1.557479018,-0.08202878562,-0.0001744231785,-0.5244399162
2.11,18.294,0.09701081158,-0.07029509396,0.01524295922,0.001524295922,105,0.09552522792,-0.07046842595,-0.02857031073,0.002482959515,0.0564024455,0.02829400747,0.0002110324223,0.0001347928237,-0.2997259498,0.1194934919,-0.2997259498,0.1194934919,0,0.05190655626,0.03008640985,0.00855433143,0.4128712914,0.035675,0.00330305526,0.000279536018,0.0001311081221,0.0006604676827,0.0003399315567,ok,4,1,1.441879565,1.599732107,-1.38851248,1.573554145,0.003981985032,0.06160746115,0.1951239148,-1.38842565,1.583382974,1.280236924,1.556428219,-0.07872573036,0.000513141962,-0.5277110524,1.443153257,1.60386082,-1.392136577,1.573615729,0.006594586209,0.06240545307,0.1912511364,-1.389065108,1.58433214,1.281583553,1.557588278,-0.08107334995,-0.0003714325795,-0.5255760075
2.12,18.304,0.09716132523,-0.0702800426,0.01485967023,0.001485967023,106,0.0948866713,-0.07043445725,0.01958987407,0.003550241546,0.05622703681,0.02851928346,0.0003903255094,0.0003498018034,-0.1928804219,0.214868322,-0.1928804219,0.214868322,0,0.05333383048,0.03174230829,0.008548139642,0.3634820947,0.061863,0.003796564682,0.0002555207668,1.267199045e-05,0.001140179232,0.001088459435,ok,4,1,1.441954536,1.600064255,-1.388924675,1.573708387,0.004252188223,0.06175726648,0.1946361691,-1.388542746,1.583551749,1.280246897,1.556472373,-0.07896201281,0.0004000358251,-0.5273481158,1.442985937,1.602659453,-1.390689827,1.573620276,0.005343056422,0.06247001479,0.1927541164,-1.389498653,1.585631737,1.28320363,1.557694753,-0.08259683375,-0.0003400109134,-0.5239161781
2.13,18.314,0.09730800303,-0.07026537482,0.01447579461,0.001447579461,106,0.09589271537,-0.07040624518,0.04979026385,0.003010028729,0.05563112819,0.02888643915,5.164040922e-05,4.204874015e-05,0.3197069466,0.486566931,0.3197069466,0.486566931,0,0.06042673239,0.03618494311,0.008517566491,0.7479869986,0.064732,0.003229718625,3.674291667e-05,3.603144431e-05,0.0001716662126,0.000113994608,ok,4,1,1.442109822,1.600509608,-1.3887367,1.573617917,0.004431442569,0.06179600577,0.1942143742,-1.388603677,1.583831365,1.280659812,1.556686431,-0.07936711513,0.0003537152253,-0.5269934174,1.441914223,1.596624207,-1.383635134,1.573624707,-0.0004529707017,0.06252379796,0.1999139968,-1.390598784,1.589235855,1.287596735,1.557798479,-0.08655171413,-6.463179019e-05,-0.5195135474
2.14,18.324,0.09745083922,-0.0702510912,0.0140913475,0.00140913475,107,0.09792424616,-0.07038834023,0.009398789362,0.002570391796,0.05545801963,0.02968990178,0.0007280481532,0.0006141640581,0.5015679002,0.2934527695,0.5015679002,0.2934527695,0,0.06298153813,0.03409169332,0.008507115501,0.7917298544,0.139098,0.006748474049,0.0003745730941,0.0001887813426,0.002143791511,0.001847702585,ok,4,1,1.442205611,1.60043078,-1.387647047,1.573277299,0.003956156466,0.0617494557,0.1946209059,-1.388735756,1.584268057,1.281690752,1.557112416,-0.08029222736,0.0004046576008,-0.5262620215,1.44155151,1.594463284,-1.381073316,1.573629014,-0.002602257276,0.06259604506,0.2025382044,-1.390119399,1.587446383,1.285486313,1.557899349,-0.08479738109,-0.0003365530165,-0.5215459204
2.15,18.334,0.09758982813,-0.07023719231,0.01370634409,0.001370634409,107,0.09729926605,-0.07035357137,-0.07676405394,0.001214845917,0.05650044899,0.03021834613,0.0004015587452,0.0002478276241,-0.4029721022,0.2864766121,-0.4029721022,0.2864766121,0,0.05045586746,0.03451549531,0.00856161056,0.6387874855,0.063984,0.006909001898,0.0002577637947,7.502817654e-05,0.001234062979,0.000689321599,ok,4,1,1.442138075,1.599753274,-1.38705356,1.573343166,0.003280558331,0.06188161003,0.1956292025,-1.388832396,1.584578656,1.281785503,1.557217989,-0.08103738943,0.0002603904294,-0.5254775158,1.443590198,1.605167197,-1.393441435,1.573633191,0.007353569375,0.06268940183,0.1900977731,-1.390246287,1.587736888,1.285881353,1.55799745,-0.08523897303,-0.0003927339296,-0.5211010823
2.16,18.344,0.09772496429,-0.07022367869,0.01332079958,0.001332079958,108,0.09489421739,-0.07037107743,-0.07231440453,0.002146086373,0.05675918715,0.03077189356,0.0007610830784,0.0006224177191,-0.3008104265,-0.4185533226,-0.3008104265,-0.4185533226,0,0.05224703075,0.02449359372,0.008553762987,0.6309221128,0.057127,0.00553268922,0.0005187554128,8.978851993e-05,0.002382009651,0.001926931216,ok,4,1,1.442170884,1.599893185,-1.388917963,1.573787955,0.003438319,0.06214821997,0.1956304623,-1.389201903,1.585140405,1.282184508,1.556868239,-0.08132389379,1.802957257e-05,-0.5249276756,1.443360328,1.60365335,-1.391638258,1.573637263,0.005821468707,0.06274506868,0.1919561379,-1.387806851,1.57941943,1.275875287,1.558092718,-0.07655397832,-0.001283686433,-0.5309430282
2.17,18.354,0.09785624236,-0.07021055088,0.01293472919,0.001293472919,108,0.09391542856,-0.07030111039,0.1298802685,0.0005864641148,0.05675660382,0.03015445772,0.000950185313,0.001101938491,0.10393776,0.06183408573,0.10393776,0.06183408573,0,0.05831567022,0.031081969,0.008527241125,0.3251651185,0.069655,0.005751665555,0.0002586026442,0.0004570632795,0.002553973283,0.003629868879,ok,4,1,1.442193198,1.5999779,-1.388824212,1.574228069,0.004045308975,0.06226560779,0.1948335135,-1.389001323,1.584702972,1.28095433,1.556668511,-0.08098015795,-0.0002384985009,-0.5251913626,1.442451943,1.598488843,-1.38560199,1.573641219,0.0008601526784,0.06278894169,0.1980851647,-1.389459094,1.58478961,1.282412651,1.55818521,-0.08237669541,-0.0008542591591,-0.5244293856
2.18,18.364,0.09798365718,-0.0701978094,0.01254814815,0.001254814815,109,0.09807050602,-0.07031377908,0.17301864,0.002350830399,0.05559243397,0.03017770193,0.000725543425,0.0004104508174,0.2843610644,-0.05911488831,0.2843610644,-0.05911488831,0,0.05985784994,0.0292909786,0.008520854951,0.4980569089,0.054477,0.0033755595,0.0003361520516,0.0001271070206,0.002409253535,0.001095546954,ok,4,1,1.442440549,1.600085518,-1.387461306,1.573539105,0.003890687467,0.06208163061,0.1947096052,-1.38890064,1.584481865,1.281849944,1.557269953,-0.08108305598,-0.0001867466711,-0.5255602598,1.442250288,1.597188628,-1.384046702,1.573645048,-0.0004653515942,0.06285014765,0.1996901743,-1.389040975,1.583258904,1.280604713,1.558274891,-0.08087719747,-0.001081970486,-0.5261682048
2.19,18.374,0.09810720368,-0.07018545475,0.01216107174,0.001216107174,109,0.09821428991,-0.07029261701,-0.06168963855,-0.0001034970014,0.05598014826,0.03004044629,0.000614735353,0.0003300930646,0.7824360132,0.4131290913,0.7824360132,0.4131290913,0,0.06771668846,0.03623738266,0.00848894537,1.222395724,0.037046,0.004314427741,0.0003016332828,7.366387875e-05,0.002022007418,0.0008938114671,ok,4,1,1.442467228,1.599988391,-1.387156489,1.573325995,0.003357904357,0.06212852666,0.1953757465,-1.388876671,1.584097603,1.281622836,1.557655304,-0.08121764869,-0.0002379686637,-0.525588534,1.441005039,1.590508391,-1.376237171,1.573648758,-0.006853064349,0.06293616047,0.2075997038,-1.390753512,1.588938335,1.287495698,1.558361806,-0.08700862874,-0.0005882687633,-0.5193028274
2.2,18.384,0.09822687701,-0.07017348742,0.01177351523,0.001177351523,110,0.1000093628,-0.07030239017,-0.06547881838,0.00114610254,0.05665175515,0.03068561048,0.001205953723,0.0009099632932,-0.146636948,0.05167354643,-0.146636948,0.05167354643,0,0.05445220093,0.03146071368,0.008544541446,0.3663519399,0.029275,0.01091213982,0.0003803476068,0.0003000936576,0.003715129201,0.002717811574,ok,4,1,1.442387084,1.599036098,-1.385679749,1.573013256,0.002228515615,0.06219654438,0.1966875639,-1.3890753,1.584414038,1.282608081,1.558020382,-0.08188662876,-0.0001973039113,-0.5250761978,1.443198684,1.601828849,-1.389343268,1.573652346,0.003702679395,0.06297417883,0.1944143525,-1.38961747,1.584943424,1.28271898,1.558445815,-0.08289706421,-0.001069265762,-0.5239835919
2.21,18.394,0.09834267243,-0.07016190788,0.01138549392,0.001138549392,110,0.09526201173,-0.0702945594,-0.1826704356,0.00207859781,0.05810425007,0.03086094113,0.0009132596636,0.0008149654153,-0.2543183267,-0.4558770061,-0.2543183267,-0.4558770061,0,0.05428947517,0.02402278604,0.008545424539,0.6746723887,0.136284,0.002878560609,0.0004780415001,0.0001445746211,0.002840755333,0.002520727529,ok,4,1,1.442201589,1.599070375,-1.387530533,1.573775694,0.001924947979,0.06254056078,0.1972929132,-1.389400339,1.584760955,1.282034771,1.557509523,-0.08189889627,-0.0004804952069,-0.5246271437,1.443265914,1.601981323,-1.389478446,1.573655816,0.003752987705,0.06303006467,0.194310456,-1.3877963,1.578766652,1.275288047,1.558527049,-0.07645667161,-0.001730197667,-0.5312873978
2.22,18.404,0.09845458539,-0.07015071658,0.01099702313,0.001099702313,111,0.09426118418,-0.07023750668,0.1515339293,0.001426805987,0.05822373297,0.03017759363,0.001172029486,0.001179507837,-0.1088059917,0.08002373576,-0.1088059917,0.08002373576,0,0.0565916431,0.03137794967,0.008535347968,0.1695749986,0.186645,0.006202723858,0.0004074805204,0.000422548608,0.003366858236,0.003819547389,ok,4,1,1.442231297,1.598991263,-1.387624304,1.574304683,0.002322424053,0.06267212063,0.1967676523,-1.389221059,1.584467684,1.280897419,1.55714459,-0.08126127915,-0.0007476437519,-0.525084674,1.442945185,1.600029068,-1.387175077,1.573659168,0.001828843669,0.06307541418,0.1966668857,-1.389637051,1.58477818,1.282593169,1.558605465,-0.08294082846,-0.00122617722,-0.5240205099
2.23,18.414,0.09856261145,-0.07013991398,0.01060811819,0.001060811819,111,0.09819333142,-0.0702597149,0.176726767,0.000818285555,0.05680793773,0.03023883525,0.0003694654079,0.0003257773897,0.4272139966,0.2437800765,0.4272139966,0.2437800765,0,0.06321614768,0.0338955364,0.00850758788,0.6950990674,0.166385,0.001696147227,9.851946206e-05,0.0001896801925,0.00112205367,0.001040227751,ok,4,1,1.442551409,1.599349718,-1.386771858,1.57366728,0.002329742837,0.0625107083,0.1963860324,-1.389167573,1.58436668,1.281942432,1.557715634,-0.08124468123,-0.0006377588319,-0.5255004869,1.441913676,1.594394159,-1.38059287,1.573662397,-0.003557460721,0.06313462407,0.2033370231,-1.390268502,1.586810446,1.285078573,1.558681073,-0.08519557135,-0.001087444742,-0.5215194161
2.24,18.424,0.09866674636,-0.07012950048,0.01021879447,0.001021879447,112,0.1001835665,-0.07024199155,-0.02908449087,0.001585150158,0.05677292464,0.03058318309,0.00104469948,0.0008840519464,0.08341895789,0.2343093604,0.08341895789,0.2343093604,0,0.05802420901,0.0340978235,0.008529532876,0.3841824731,0.133344,0.006383900399,0.0004176125713,0.0002887204955,0.003159918734,0.002744101085,ok,4,1,1.442606851,1.599217047,-1.385577336,1.573149313,0.001728953899,0.06245197534,0.1969531227,-1.389166374,1.584271557,1.282464945,1.558379897,-0.08187644923,-0.0005154954418,-0.5251415252,1.442791228,1.598832254,-1.385709818,1.573665506,0.0005339330997,0.06317711728,0.1982046977,-1.390335631,1.586933446,1.285260089,1.558753837,-0.08542532153,-0.001138524322,-0.5212997005
2.25,18.434,0.09876698599,-0.07011947652,0.009829067323,0.0009829067323,112,0.09803635557,-0.07023788478,-0.1391347659,0.002152209371,0.05762608356,0.03100042468,0.000122278792,0.0001281348016,0.1563189477,0.1890754551,0.1563189477,0.1890754551,0,0.05997086777,0.03383655651,0.008521383228,0.3018381815,0.139071,0.00325609954,9.027307668e-05,0.0001204284391,0.0003900247662,0.0003223707386,ok,4,1,1.442495679,1.599166274,-1.386398679,1.573416823,0.001322971733,0.06265153846,0.1975978732,-1.389422215,1.584629974,1.282457741,1.558252135,-0.08228889031,-0.0006689731159,-0.5245558,1.442514183,1.597184004,-1.383760608,1.573668494,-0.001095692748,0.06322585976,0.2001993082,-1.390290094,1.586675183,1.284981104,1.558823765,-0.08524798131,-0.001226530331,-0.5215374182
2.26,18.444,0.09886332641,-0.07010984248,0.009438952143,0.0009438952143,113,0.09768657402,-0.07020638535,-0.0173191876,0.002245032749,0.05808483942,0.03136402381,0.0001483306896,0.0001100483337,-0.4708866775,0.02200293541,-0.4708866775,0.02200293541,0,0.05102153926,0.03169406784,0.008560783073,0.6544320469,0.148439,0.002629508606,9.831709991e-05,4.089865224e-05,0.0004679070853,0.0003579025948,ok,4,1,1.442429998,1.598748443,-1.38612024,1.573630063,0.001080141261,0.06277832941,0.1978526558,-1.389581101,1.585019691,1.28262469,1.558145706,-0.0826184727,-0.000784118008,-0.5241178556,1.44396324,1.604832395,-1.392596637,1.573671357,0.006014557969,0.06329031432,0.1913083353,-1.389786277,1.584865397,1.282830426,1.558890844,-0.08342460023,-0.00146938192,-0.5236293201
2.27,18.454,0.09895576379,-0.07010059874,0.00904846433,0.000904846433,113,0.09607995138,-0.07019883953,0.02000053552,0.001521698156,0.05795939383,0.03146064826,0.0008488424563,0.0006572887949,-0.5721289515,-0.444096446,-0.5721289515,-0.444096446,0,0.04937745956,0.02479920157,0.008568503541,0.7674096902,0.11472,0.006077749645,0.0003986290846,0.0001404590312,0.002576709,0.001987798513,ok,4,1,1.442536625,1.599200246,-1.387349896,1.573953454,0.001491489879,0.06295217818,0.197386085,-1.389703456,1.585230046,1.282548269,1.557934689,-0.08257714169,-0.0009577591097,-0.5239884092,1.444248541,1.606247978,-1.394202862,1.573674092,0.007269580612,0.06334450981,0.1897119881,-1.388096935,1.579143721,1.275945551,1.558955104,-0.07744484407,-0.0020769482,-0.5304048137
2.28,18.464,0.09904429451,-0.07009174567,0.008657619299,0.0008657619299,114,0.09563068619,-0.07015831319,0.1401415795,0.0002713303585,0.05727162285,0.03075911244,0.0009374488358,0.0008848807264,-0.1528492272,-0.01920078881,-0.1528492272,-0.01920078881,0,0.05497888445,0.03047110061,0.008543252282,0.1631697306,0.228121,0.006603406428,0.0002558103988,0.0003410651631,0.002675380659,0.002809447149,ok,4,1,1.442688873,1.599842644,-1.38795275,1.574208739,0.002321192542,0.06300128198,0.1963153945,-1.389487464,1.584704427,1.281528171,1.557825108,-0.08207019922,-0.001138692623,-0.5245044635,1.443410655,1.601474341,-1.388640649,1.573676732,0.002716865209,0.06335970673,0.1953525183,-1.389516538,1.583780535,1.281578401,1.559016528,-0.08244705512,-0.001686209022,-0.5247991943
2.29,18.474,0.09912891504,-0.07008328362,0.00826643248,0.000826643248,114,0.09941410529,-0.07017127319,0.1578639929,0.001105539004,0.05575802706,0.03064222744,0.0005811450682,0.0004658895707,0.5918546319,0.05591166764,0.5918546319,0.05591166764,0,0.06463584654,0.03148090246,0.008502594917,0.9298746925,0.163715,0.001474746539,0.0002730046882,0.0001445676331,0.001847962446,0.001432819633,ok,4,1,1.442983169,1.600301503,-1.387165902,1.573580581,0.002559713364,0.06282807171,0.1957398802,-1.389340218,1.584353975,1.282175475,1.558391761,-0.08207171597,-0.001059077568,-0.52493851,1.441880699,1.593251614,-1.379062435,1.573679236,-0.00508126142,0.06341329037,0.2050386271,-1.389779883,1.584577638,1.282568087,1.559075111,-0.08337227584,-0.00165999361,-0.5237878359
2.3,18.484,0.09920962207,-0.07007521291,0.007874919316,0.0007874919316,115,0.1014521565,-0.07015007056,-0.04525818657,-0.0002520080608,0.05594011858,0.03066643136,0.001349349685,0.0009910677168,0.3324769735,0.6203039885,0.3324769735,0.6203039885,0,0.06092727318,0.03997099119,0.008517878345,0.9399060546,0.059325,0.008562943292,0.0006225796464,0.0002003090281,0.004255760584,0.002989777037,ok,4,1,1.442996829,1.599830792,-1.385659321,1.573059169,0.001947194663,0.06278142429,0.1964756839,-1.389218181,1.583954325,1.282244035,1.559001904,-0.08253729055,-0.001020380663,-0.524806022,1.4425182,1.596420042,-1.382716651,1.573681619,-0.002164020515,0.0634368823,0.2013759974,-1.39184187,1.591560969,1.291000631,1.55913093,-0.09083249524,-0.000981111464,-0.5154069615
2.31,18.494,0.09928641239,-0.07006753388,0.007483095264,0.0007483095264,115,0.1006825614,-0.07019204791,-0.2163614835,0.002265063134,0.05670238703,0.03167417007,0.0007731577349,0.0007545572371,0.5305572748,0.1790703386,0.5305572748,0.1790703386,0,0.06466074615,0.03436022515,0.008502690588,0.7527194345,0.108558,0.008560136005,0.0001275445239,0.000381683917,0.002162754011,0.002391072668,ok,4,1,1.44289819,1.59954237,-1.386106671,1.573047209,0.001068206062,0.06294367178,0.1976146114,-1.389677878,1.584706907,1.283456673,1.559024571,-0.08330520018,-0.001054442437,-0.5239670975,1.4419323,1.593248735,-1.379003487,1.57368388,-0.005207513494,0.06348829401,0.2051418058,-1.39050704,1.586889593,1.285404377,1.559183771,-0.08596787879,-0.001519863429,-0.5209202507
2.32,18.504,0.09935928299,-0.07006024682,0.007090975792,0.0007090975792,116,0.09846232912,-0.07012467121,-0.09743474137,0.002843279795,0.05838263787,0.0320646055,0.000127323921,0.0001755913384,-0.1003764272,0.04568425566,-0.1003764272,0.04568425566,0,0.05687699146,0.03274986933,0.008535307728,0.1280028683,0.089311,0.00661844985,3.068145678e-05,0.0001117651939,0.000283534413,0.0006416857495,ok,4,1,1.442646372,1.598610893,-1.385509651,1.573583231,0.0003970209268,0.0631826051,0.1985233559,-1.389814841,1.585171469,1.283058649,1.558738428,-0.08374781292,-0.001218013639,-0.523167078,1.443222826,1.599890922,-1.386693285,1.57368602,0.0009810599498,0.06350373843,0.197405233,-1.39013039,1.585528411,1.28378837,1.559233796,-0.08459688599,-0.001704968472,-0.5224929874
2.33,18.514,0.09942823097,-0.07005335202,0.006698576381,0.0006698576381,116,0.09676133046,-0.07012150586,0.002136534058,0.0005449703021,0.05893807793,0.03222158625,0.0008329629507,0.0007053087479,-0.4206911027,-0.3871011436,-0.4206911027,-0.3871011436,0,0.05262771139,0.0264150691,0.008554314593,0.5706279108,0.15767,0.001473706048,0.0003730221742,0.0002343409329,0.002461884222,0.002200546875,ok,4,1,1.442625231,1.598417216,-1.386158329,1.573986509,0.0003241698916,0.06334692486,0.1987082154,-1.389963195,1.58557161,1.283016875,1.558379267,-0.08368911342,-0.001416509488,-0.5230163651,1.44391401,1.603526146,-1.390883311,1.573688036,0.00434092896,0.06354808705,0.1931944095,-1.388583224,1.580274388,1.277467429,1.559280988,-0.0790933815,-0.002262989558,-0.5287226442
2.34,18.524,0.09949325364,-0.07004684976,0.006305912521,0.0006305912521,117,0.09578394014,-0.07009848003,0.1198212364,-0.0003335432951,0.05872711097,0.03163082829,0.00116004885,0.001049469826,-0.5617135763,0.1355381012,-0.5617135763,0.1355381012,0,0.05030140732,0.0336638998,0.008564852142,0.7159624749,0.183747,0.00517992708,0.0003852871347,0.0003518813485,0.003357899178,0.003305180987,ok,4,1,1.442700267,1.598774594,-1.386752071,1.574300897,0.0008040047284,0.0633859713,0.1980620045,-1.389858128,1.585181673,1.282240098,1.558181375,-0.08314291311,-0.001573152259,-0.5235427172,1.444300075,1.605519825,-1.393171143,1.573689931,0.006161973737,0.06358655807,0.1909023798,-1.390374284,1.58622825,1.284673026,1.559325352,-0.08546242272,-0.001712605522,-0.5215665959
2.35,18.534,0.09955434839,-0.07004074028,0.005912999715,0.0005912999715,117,0.09860377313,-0.07013372768,0.1471565655,0.0008951333797,0.05690997948,0.03179628427,0.0001692821639,0.0002090390607,0.4366230667,0.06531742215,0.4366230667,0.06531742215,0,0.06345932548,0.0327760456,0.008507853442,0.7009074328,0.15875,0.0061994508,0.0001617224234,0.0002223107828,0.0004690171856,0.0007579979963,ok,4,1,1.443026434,1.599743107,-1.387144404,1.573779006,0.001301593232,0.06323794171,0.1971018306,-1.389937147,1.585200387,1.283338279,1.558640202,-0.08311137025,-0.001409396645,-0.5238596544,1.442225371,1.59430254,-1.380135329,1.573691707,-0.004424222479,0.06360766132,0.204074353,-1.390170055,1.585469268,1.283778284,1.559366832,-0.08471658583,-0.001827831802,-0.5224298912
2.36,18.544,0.09961151285,-0.07003502383,0.005519853474,0.0005519853474,118,0.1008577092,-0.07009037824,0.04468267104,0.0007347474441,0.05679690604,0.03185698919,0.0008395067131,0.0007171425267,0.9155384898,0.4096886218,0.9155384898,0.4096886218,0,0.07052998339,0.03800231851,0.008480065897,1.382681422,0.184159,0.006741165749,0.0005699364295,0.0001746262252,0.002577225132,0.002253625409,ok,4,1,1.443050799,1.599686267,-1.385326892,1.573336343,0.0009292138998,0.06311832853,0.1973331873,-1.389746042,1.584927968,1.283338935,1.559257936,-0.0835972175,-0.001276255535,-0.5236227589,1.441061149,1.588292314,-1.3731212,1.573693374,-0.01012491707,0.06368616486,0.2111600015,-1.391443279,1.589765406,1.288968264,1.559405545,-0.08931299565,-0.001415265907,-0.5172685918
2.37,18.554,0.09966474473,-0.07002970065,0.005126489318,0.0005126489318,118,0.1023492946,-0.07009468373,-0.1124881611,0.0005561887897,0.05771489724,0.03250048145,0.001314130032,0.001094704671,-0.324513942,0.2502130866,-0.324513942,0.2502130866,0,0.05284718811,0.03625367775,0.008553633697,0.6825682514,0.281409,0.01225299047,0.0005978887941,0.0002501465908,0.003934164715,0.003404103282,ok,4,1,1.442950853,1.598609423,-1.383789642,1.572952479,-0.0002152071447,0.06312654365,0.198907011,-1.389810732,1.585197025,1.284024925,1.559600908,-0.08445124331,-0.00128394396,-0.5229331195,1.443962464,1.603365615,-1.390615325,1.573694889,0.0040067279,0.06365588165,0.1935292226,-1.39102953,1.588298465,1.287218536,1.559441303,-0.0878106177,-0.001599016918,-0.5189817543
2.38,18.564,0.09971404196,-0.07002477092,0.004732922777,0.0004732922777,119,0.09683777903,-0.0701216753,-0.2539791729,0.001582945713,0.05910985139,0.03301486064,0.001172489006,0.0008579583596,-0.4939692914,-0.3841114938,-0.4939692914,-0.3841114938,0,0.05170031202,0.02725318823,0.008558851257,0.7063224611,0.166618,0.005941220869,0.000640265587,0.000101115932,0.003830319813,0.002523090582,ok,4,1,1.442763452,1.598696632,-1.386538711,1.573828863,-0.0003619681466,0.06349316783,0.1994704435,-1.390341403,1.585819786,1.283929685,1.558830312,-0.08464217597,-0.001576743169,-0.522262913,1.444158551,1.604350348,-1.391739709,1.573696297,0.004893462692,0.06368218156,0.1924072189,-1.388837715,1.580847775,1.278249608,1.559474173,-0.07996607203,-0.002377800855,-0.5278431987
2.39,18.574,0.09975940257,-0.07002023486,0.004339169389,0.0004339169389,119,0.09517353527,-0.07005924749,0.1659921815,0.001469450649,0.05906254993,0.03248147236,0.001589270299,0.001427226218,-0.3226520717,0.07581929117,-0.3226520717,0.07581929117,0,0.05422276885,0.03361876173,0.008547570601,0.3487194457,0.191329,0.006028822496,0.0005858460098,0.0004488737559,0.004734897923,0.00455146232,ok,4,1,1.442777846,1.598777653,-1.387043424,1.574536342,0.0004526066989,0.06362973389,0.1984360414,-1.390197604,1.585690889,1.282807225,1.558305314,-0.08409543946,-0.001798050862,-0.5224912594,1.443780164,1.602201713,-1.389234255,1.573697583,0.00284201762,0.06369382585,0.1949488469,-1.390408259,1.586082393,1.284579522,1.559504257,-0.0855532555,-0.001884611038,-0.5215608128
2.4,18.584,0.09980082478,-0.07001609264,0.003945244697,0.0003945244697,120,0.0994763755,-0.07007410174,0.2304146134,0.0003328381592,0.05716416481,0.03254281589,0.0002001055594,0.0002349332079,0.3679831028,0.1196548566,0.3679831028,0.1196548566,0,0.06268391135,0.03433763874,0.008511272415,0.5924972704,0.07369,0.003002730086,0.0001025244129,0.0001513893984,0.0006245047448,0.0007620804243,ok,4,1,1.443145018,1.599399805,-1.386231525,1.57384733,0.000900083721,0.06339685735,0.1974938838,-1.390058835,1.585648534,1.283802954,1.558874752,-0.08408406941,-0.001625456501,-0.5228707276,1.442438454,1.594990533,-1.380851185,1.573698747,-0.003964328965,0.06371640588,0.2034188565,-1.390588921,1.586660096,1.28528746,1.559531474,-0.0862014892,-0.001848362281,-0.5208446608
2.41,18.594,0.09983830694,-0.07001234443,0.003551164254,0.0003551164254,120,0.1017291918,-0.07005628972,0.001276575202,-0.0001849401584,0.05690188364,0.0326833001,0.001036635511,0.0008477108347,0.2150764465,-0.2936193943,0.2150764465,-0.2936193943,0,0.06012803033,0.02827900919,0.008522062712,0.4837841701,0.161775,0.005592800399,0.000546092449,0.0001795332526,0.003170636383,0.00261030259,ok,4,1,1.443218098,1.599427852,-1.384931204,1.573269544,0.0005214556944,0.06326027191,0.1978260561,-1.389935569,1.585379895,1.284086838,1.559542814,-0.08460482843,-0.001480475595,-0.5227002093,1.442865306,1.597173126,-1.383373522,1.573699788,-0.001940587245,0.06372722614,0.200884101,-1.389110842,1.581644186,1.279248996,1.559555791,-0.0809221555,-0.002371827822,-0.526809477
2.42,18.604,0.0998718476,-0.07000899036,0.003156943617,0.0003156943617,121,0.09914726264,-0.07004079053,-0.1095293014,-0.0003474456386,0.05809569308,0.03220963308,0.0001404914372,0.0002821508461,-0.2717058659,-0.09545657784,-0.2717058659,-0.09545657784,0,0.05402010509,0.03077778441,0.008548620047,0.3962194905,0.10809,0.004010836833,0.0001270663078,0.0002406380974,0.0002498588281,0.001012230467,ok,4,1,1.443020095,1.599048416,-1.385449472,1.573610054,0.0002083149574,0.06341212229,0.1985602154,-1.389886126,1.584960018,1.28286994,1.559307573,-0.08442375131,-0.001739506067,-0.5227986402,1.443849493,1.602387022,-1.389411667,1.573700706,0.00293242148,0.06374410267,0.1947990233,-1.389732139,1.583692378,1.281731523,1.559577274,-0.08312259326,-0.002189694003,-0.5243405038
2.43,18.614,0.0999014454,-0.07000603058,0.00276259835,0.000276259835,121,0.09865952452,-0.07006965941,-0.003701786225,0.0002110214186,0.05788673453,0.03205721927,0.0003684268584,0.0003349945189,-0.3633253276,-0.2314536721,-0.3633253276,-0.2314536721,0,0.05243685462,0.02858541419,0.008555773177,0.5158802028,0.120558,0.003590546494,0.0003647088664,4.864967553e-05,0.001127739155,0.001095286459,ok,4,1,1.443060372,1.598972539,-1.386506796,1.573793947,0.0003678674258,0.06351698961,0.1983895698,-1.390036351,1.584894925,1.282965953,1.559051141,-0.08407152,-0.001878725141,-0.5231351962,1.444106385,1.603741917,-1.390972348,1.573701503,0.004182910487,0.06376205863,0.1932307678,-1.389196349,1.581872501,1.279543237,1.559595895,-0.08121915602,-0.002384859286,-0.5264963234
2.44,18.624,0.0999270992,-0.0700034652,0.00236814402,0.000236814402,122,0.09836680859,-0.0700537073,0.06312079129,0.0009672606768,0.0574638631,0.03166832376,0.0004041652495,0.0004148253723,-0.1516158283,0.1192929298,-0.1516158283,0.1192929298,0,0.05518962567,0.0334577177,0.008543427283,0.1996751985,0.17937,0.004410066288,0.0002291048865,5.438924427e-05,0.001082345706,0.001347396492,ok,4,1,1.443130603,1.599397526,-1.386837138,1.573912672,0.0008058615634,0.0635758541,0.1976408341,-1.389980068,1.584590277,1.2825654,1.559052081,-0.08367698404,-0.001919318374,-0.5235017808,1.443684561,1.601394278,-1.388243588,1.573702177,0.001961254859,0.06376353103,0.1959921541,-1.390396257,1.585884092,1.284390105,1.559611668,-0.08549068943,-0.001999417615,-0.5216893616
2.45,18.634,0.09994880797,-0.07000129432,0.001973596199,0.0001973596199,122,0.1003226487,-0.07006566151,0.05174892308,0.001490198126,0.05654137968,0.03182079654,0.0003745123344,0.0003168293026,0.3555966914,-0.0666724667,0.3555966914,-0.0666724667,0,0.06187533005,0.03082070954,0.008514746117,0.5478365511,0.173283,0.00183616274,0.0001369262846,0.0002064268677,0.001105590597,0.000979105465,ok,4,1,1.443290493,1.599922151,-1.38648595,1.573595335,0.0009583474727,0.06347426345,0.197200262,-1.389950254,1.584596337,1.283151375,1.559372232,-0.08381577464,-0.001811854697,-0.5235255243,1.44261934,1.595694944,-1.381622358,1.573702713,-0.003407893105,0.06377659565,0.2026786275,-1.389754522,1.583699034,1.281761433,1.559624529,-0.0831944785,-0.002230733262,-0.5242849969
2.46,18.644,0.09996657087,-0.06999951803,0.001578970464,0.0001578970464,123,0.1010687009,-0.07001941931,0.003281658427,0.0008029977329,0.0568065331,0.03168444413,0.0006700878653,0.0004514443424,0.006425201893,0.2264230549,0.006425201893,0.2264230549,0,0.05690291113,0.03508078995,0.008535947187,0.3339425922,0.091838,0.005049568639,0.0003979810501,3.820832909e-05,0.002124428767,0.001293334921,ok,4,1,1.443313539,1.599695869,-1.385541892,1.573430027,0.0006726438605,0.06345880788,0.1976290589,-1.389748995,1.584404154,1.282707095,1.559614101,-0.08397677934,-0.001825686241,-0.5234225851,1.443425098,1.599936242,-1.386540846,1.573703097,0.0005658567071,0.06377700536,0.1977200019,-1.390794546,1.587211875,1.285998926,1.559634552,-0.08692632379,-0.001881213807,-0.5200831592
2.47,18.654,0.09998038717,-0.0699981364,0.001184282395,0.0001184282395,123,0.1002475772,-0.07005431987,-0.09116641774,-3.370082558e-05,0.05706594239,0.03206637255,0.0002049714894,0.0001954584269,-0.1627367884,0.06647408754,-0.1627367884,0.06647408754,0,0.05462489056,0.03306348386,0.008546023154,0.2647646109,0.151468,0.003092910384,6.912500672e-05,0.0001266417722,0.0004983753248,0.0005885356589,ok,4,1,1.443297364,1.599694417,-1.386348846,1.573497768,0.0004041849252,0.06355815777,0.1980973062,-1.389999054,1.584714316,1.283232978,1.559507458,-0.08418211438,-0.001893430066,-0.5231760695,1.443788273,1.601881505,-1.388792838,1.573703371,0.002384187699,0.06378593756,0.1954496601,-1.390308434,1.585539946,1.283989637,1.559641653,-0.0851679581,-0.002061557255,-0.5220694928
2.48,18.664,0.09999025636,-0.06999714948,0.0007895475715,7.895475715e-05,124,0.09905294122,-0.07003938929,-0.03075038647,0.0009717340021,0.05723410537,0.03221786746,0.0003238246756,0.0002566879369,-0.3675453663,0.1398872137,-0.3675453663,0.1398872137,0,0.05172092488,0.03431617566,0.008559087872,0.5328556946,0.095416,0.002430582795,0.0002603118168,1.676494587e-05,0.0009984922431,0.0008031898338,ok,4,1,1.443263897,1.599667116,-1.386927798,1.573758134,0.0006016058202,0.06368605505,0.1978802428,-1.390122259,1.584899446,1.283140812,1.559353101,-0.08427242675,-0.001955005199,-0.5229068308,1.444244088,1.60436159,-1.391664831,1.573703536,0.004707139533,0.06379848077,0.1925516859,-1.390612487,1.586572867,1.285234969,1.55964595,-0.0862662358,-0.001957750652,-0.5208335729
2.49,18.674,0.09999617802,-0.06999655732,0.0003947815783,3.947815783e-05,124,0.09888687365,-0.07004119307,0.02375572525,0.001540869521,0.05673095894,0.03247438083,0.0003561865172,0.0002823316316,-0.5270837545,-0.409194231,-0.5270837545,-0.409194231,0,0.04882470262,0.02633646737,0.008572472345,0.7555349407,0.153139,0.004662624675,0.0002139660409,2.342798883e-05,0.001057127301,0.000848029497,ok,4,1,1.443328193,1.600124888,-1.387426053,1.573832048,0.001028530867,0.06371645205,0.1972143106,-1.390227643,1.585183823,1.283440553,1.55930062,-0.08441323403,-0.00196210033,-0.5227045244,1.444689861,1.606836335,-1.394529638,1.573703571,0.007027025222,0.06381607821,0.1896589612,-1.388654351,1.579985932,1.277289589,1.559647348,-0.07929007471,-0.002615327723,-0.5286988695
2.5,18.684,0.09999815194,-0.06999635993,-1.206174822e-13,-1.206174822e-14,125,0.09760235643,-0.06999771791,0.07770002537,-0.0004176832976,0.05632981015,0.03183709442,0.0007957607637,0.000790213401,0.2177156657,-0.3358442485,0.2177156657,-0.3358442485,0,0.05959554514,0.02679943069,0.008524497653,0.5152427836,0.143573,0.006632359363,0.0001551554297,0.0003289769443,0.002202312576,0.002515978196,ok,4,1,1.443426188,1.600807098,-1.388227596,1.574108521,0.001846737241,0.0637806794,0.1962913205,-1.390014546,1.584806273,1.282291124,1.559126917,-0.0839365442,-0.002123135388,-0.5230904771,1.442997446,1.597642373,-1.383872072,1.573703536,-0.001602556564,0.06378841918,0.2004173353,-1.388768507,1.580368589,1.277751073,1.559645921,-0.07969386602,-0.002576857497,-0.528242905
2.51,18.694,0.09999617802,-0.06999655732,-0.0003947815786,-3.947815786e-05,125,0.1007954206,-0.06998398875,0.1685065828,-0.000273979812,0.05560936109,0.03120905177,0.0006507925586,0.0003498831163,0.1739808768,-0.3955727816,0.1739808768,-0.3955727816,0,0.05821907424,0.02527546005,0.008530353611,0.5923094982,0.177084,0.00441965137,0.0004634417351,0.000137853416,0.002257204126,0.0008254894851,ok,4,1,1.443556055,1.600632094,-1.386685679,1.573669228,0.0018658517,0.06360389516,0.1961476702,-1.389650752,1.58412401,1.282039609,1.559479951,-0.08359635233,-0.002122029805,-0.5238232536,1.443216866,1.598815258,-1.38523585,1.573703371,-0.000495606743,0.06378364892,0.199039587,-1.388386425,1.57911601,1.276233756,1.559641643,-0.07835803149,-0.002690598986,-0.5297463486
2.52,18.704,0.09999025636,-0.06999714948,-0.0007895475718,-7.895475718e-05,126,0.1006176524,-0.06999581965,-0.05483037695,-0.002560873876,0.05590379873,0.030489821,0.0004184127408,0.0002131628856,0.8284444809,0.250574559,0.8284444809,0.250574559,0,0.06833046595,0.03424843939,0.008488804314,1.23946589,0.168747,0.005194987173,0.0002403298457,5.727971835e-05,0.001399822346,0.0005148551933,ok,4,1,1.443568714,1.600548925,-1.386848412,1.573533131,0.001505526009,0.0635967638,0.196735415,-1.389495026,1.583370181,1.281379823,1.559606869,-0.08305375319,-0.002198847678,-0.5245513614,1.44155366,1.590201069,-1.37522783,1.573703098,-0.008587176854,0.06382222519,0.2091300739,-1.390593236,1.586523823,1.285170687,1.55963454,-0.08619865976,-0.001952855796,-0.5209035589
2.53,18.714,0.09998038717,-0.0699981364,-0.001184282395,-0.0001184282395,126,0.1032216166,-0.07003280897,-0.04672762133,-0.0005283395573,0.05633352555,0.03081773833,0.001395576943,0.001125928741,0.2422758788,0.3591148555,0.2422758788,0.3591148555,0,0.05996766374,0.03620446116,0.008522872693,0.5535761337,0.16101,0.01118505578,0.000414860846,0.0004051429762,0.004253554849,0.003407493159,ok,4,1,1.443458006,1.599516717,-1.385113287,1.57304328,0.0004149353516,0.06353064539,0.1979450181,-1.38961765,1.583336364,1.282378931,1.560020965,-0.08339364439,-0.00201917327,-0.5245142143,1.442926489,1.597321467,-1.383510553,1.573702713,-0.001879580737,0.06377411557,0.2007734809,-1.391063798,1.588146814,1.287119775,1.559624586,-0.08790134411,-0.001775128155,-0.518978453
2.54,18.724,0.09996657087,-0.06999951803,-0.001578970465,-0.0001578970465,127,0.1002801957,-0.0700543588,-0.2084490165,0.002002130382,0.05771443533,0.03143610699,0.0002060830702,0.0002549579769,-0.3290759623,-0.1546416283,-0.3290759623,-0.1546416283,0,0.0527782959,0.02911648257,0.008554268214,0.5399055714,0.238495,0.004852497446,0.0002222966007,0.0002673512542,0.0006822154306,0.0006459666782,ok,4,1,1.443242159,1.599269346,-1.3860021,1.573396328,-0.0003817853626,0.06373196469,0.1989822809,-1.389981169,1.583966584,1.282716069,1.559787697,-0.08372988437,-0.002025996649,-0.5238309504,1.444061191,1.603453045,-1.390629514,1.573702177,0.003893717894,0.06377158952,0.1935832252,-1.389331187,1.582300996,1.280067814,1.559611652,-0.08169494763,-0.002356696389,-0.5259684679
2.55,18.734,0.09994880797,-0.07000129432,-0.001973596199,-0.0001973596199,127,0.09695634704,-0.07001336661,-0.01610732455,0.001765287316,0.05840795829,0.03128912633,0.001296557227,0.001003128218,-0.563493669,-0.4433954656,-0.563493669,-0.4433954656,0,0.04995555326,0.02463819434,0.008566991651,0.7913897033,0.156369,0.005082533398,0.0005916386443,0.0002592708591,0.003967717122,0.00305675328,ok,4,1,1.443153307,1.599304804,-1.387176616,1.574165892,-8.89365647e-06,0.06398069237,0.1986657586,-1.390021152,1.584311355,1.281822979,1.559178126,-0.08335963371,-0.002234837585,-0.5236699837,1.444492639,1.605860737,-1.393427437,1.573701499,0.006171536775,0.06377162853,0.1907518616,-1.388215036,1.578619444,1.275611117,1.559595895,-0.07776755102,-0.002695722744,-0.5303871484
2.56,18.744,0.0999270992,-0.0700034652,-0.00236814402,-0.000236814402,128,0.09704617426,-0.06998784055,0.190529809,8.232623556e-05,0.05757495427,0.03058840368,0.001115002863,0.0009209884929,0.1260308772,0.1728295535,0.1260308772,0.1728295535,0,0.05946541743,0.03318084698,0.008524924772,0.3544699098,0.079223,0.006773242802,0.0003720766834,0.0003621523039,0.003292738919,0.002871841989,ok,4,1,1.443303746,1.59988599,-1.387567296,1.574380716,0.0008297373725,0.06394075507,0.1975251044,-1.389791933,1.583969379,1.281053756,1.558943318,-0.08263936605,-0.002335562029,-0.5243626144,1.442983034,1.597741716,-1.384022597,1.573700707,-0.001430798143,0.06374110768,0.2002378409,-1.390320678,1.585676092,1.284123937,1.559577286,-0.08522361842,-0.001990922679,-0.5219719029
2.57,18.754,0.0999014454,-0.07000603058,-0.00276259835,-0.000276259835,128,0.1022948686,-0.0700136635,0.1738092139,-0.0001570466566,0.05596990029,0.03076810614,0.001032516433,0.0009973668627,0.4117104709,0.00220111385,0.4117104709,0.00220111385,0,0.06214555735,0.03080112284,0.008513483183,0.5745984266,0.09,0.003084878534,0.0004181066487,0.0003037822805,0.003137056083,0.00316007683,ok,4,1,1.443569228,1.600091768,-1.385891856,1.573422993,0.0008221219856,0.06361846323,0.1971529624,-1.389653962,1.583784374,1.282313957,1.55974855,-0.08291083489,-0.002034590903,-0.5246511436,1.442540221,1.59545299,-1.381376548,1.573699788,-0.003557005918,0.06372998577,0.2028989466,-1.389732526,1.583724698,1.281760597,1.559555791,-0.08312738856,-0.002167566119,-0.5243234968
2.58,18.764,0.0998718476,-0.07000899036,-0.003156943618,-0.0003156943618,129,0.1017172971,-0.07000421483,-0.1558410169,-0.00125709395,0.05670425798,0.03074108175,0.0007555534027,0.0006040738916,0.5912366509,0.1239283308,0.5912366509,0.1239283308,0,0.06557280774,0.03260000672,0.008499647755,0.8437197479,0.056027,0.005033244311,0.0004196096788,0.0001589891206,0.002345270677,0.001900328693,ok,4,1,1.443436471,1.599832305,-1.385442031,1.573231054,0.000366528135,0.0636023824,0.1978657023,-1.38959323,1.583455165,1.281903018,1.560028223,-0.08328289105,-0.002014673359,-0.524418771,1.441959485,1.59253099,-1.377990808,1.573698747,-0.00627809422,0.06373325758,0.2063028998,-1.390168732,1.585223799,1.28355841,1.559531449,-0.08468250223,-0.001997783958,-0.5225572289
2.59,18.774,0.09983830694,-0.07001234443,-0.003551164254,-0.0003551164254,129,0.1011421125,-0.07001387447,-0.1102844292,-0.0003714876949,0.05784429121,0.03094732411,0.0005175399458,0.0003358469454,-0.3628003001,-0.1819506288,-0.3628003001,-0.1819506288,0,0.05240228671,0.02821806468,0.008555753524,0.6232275621,0.065931,0.007343718045,0.0002171119412,7.589717515e-05,0.001613146933,0.0009859102123,ok,4,1,1.443219815,1.598870241,-1.384803312,1.573354636,-0.0003353341565,0.06367742364,0.1989591818,-1.389675541,1.583591544,1.281942266,1.559838053,-0.0835331997,-0.002131452777,-0.5241255221,1.444064457,1.603756043,-1.391035587,1.573697583,0.004301123773,0.06370010225,0.1931301713,-1.389082998,1.581625339,1.279202301,1.559504239,-0.08083148156,-0.002328099676,-0.5268838536
2.6,18.784,0.09980082478,-0.07001609264,-0.003945244697,-0.0003945244697,130,0.09737882342,-0.07002159733,-0.08125475347,0.0001909637147,0.05860361053,0.03071083706,0.001073545115,0.0009455903051,-0.4480760694,-0.3614315093,-0.4480760694,-0.3614315093,0,0.05188246949,0.02528936442,0.00855803252,0.638794335,0.082157,0.005846967866,0.0005681959487,0.0002028849457,0.003223679912,0.002945762608,ok,4,1,1.443123146,1.598918173,-1.386712557,1.574028912,-0.0001109180452,0.06390766065,0.1989771391,-1.389830959,1.583665163,1.281265206,1.559192549,-0.08303285302,-0.002373944706,-0.5242209791,1.444130106,1.604194821,-1.391559467,1.573696297,0.004747460195,0.06368154815,0.1925891958,-1.388348456,1.579229862,1.276293109,1.559474173,-0.0782489291,-0.002531058604,-0.5297788181
2.61,18.794,0.09975940257,-0.07002023486,-0.004339169389,-0.0004339169389,130,0.09765053468,-0.07000541748,0.166432699,6.95008359e-05,0.05789008491,0.03012705395,0.000827245686,0.0007562191994,-0.1804018766,0.004737446085,-0.1804018766,0.004737446085,0,0.05518405676,0.03019811564,0.008543130904,0.2125868678,0.061511,0.005400449903,0.000369404522,0.0002331863328,0.002353526086,0.002405396045,ok,4,1,1.443220181,1.599298433,-1.386946247,1.574221997,0.0005465255033,0.06388263643,0.1979896457,-1.389672616,1.583391011,1.280748501,1.559019853,-0.08234297961,-0.002394335215,-0.5248505644,1.443597569,1.601370376,-1.388303015,1.573694889,0.002133624849,0.06364768,0.195863777,-1.389555308,1.583296981,1.281191203,1.559441248,-0.08251694768,-0.002108451969,-0.5249497954
2.62,18.804,0.09971404196,-0.07002477092,-0.004732922777,-0.0004732922777,131,0.1006998751,-0.0700270791,0.1178805899,-0.000425795497,0.0565445655,0.03006334093,0.0004258530511,0.0004099070884,0.4147131443,0.05593929067,0.4147131443,0.05593929067,0,0.06276526266,0.03090243029,0.008510715644,0.6054542217,0.065136,0.001990480227,0.0001668422279,0.0001850907671,0.001323876122,0.001340203939,ok,4,1,1.443447555,1.599892362,-1.386312535,1.573648171,0.0008084204187,0.06366543632,0.1973547549,-1.38953055,1.583202389,1.281381242,1.559520205,-0.08227563006,-0.002173988734,-0.5252324211,1.442360259,1.594899986,-1.380810367,1.573693359,-0.003906094669,0.06363028324,0.2034092971,-1.389719946,1.583899696,1.2819023,1.559405465,-0.08310672249,-0.002017770019,-0.5242656139
2.63,18.814,0.09966474473,-0.07002970065,-0.005126489318,-0.0005126489318,131,0.1021974921,-0.07001517025,-0.04063015713,-0.0003686126763,0.05658710377,0.03010179744,0.001015444389,0.0008106242075,0.2461518645,0.09557700902,0.2461518645,0.09557700902,0,0.06027938174,0.03153545257,0.008521069929,0.3104163038,0.178547,0.005614382464,0.0004858210464,0.0001872489585,0.003147131196,0.002524582265,ok,4,1,1.443425375,1.599697148,-1.385209093,1.573222362,0.0004549204544,0.06354971896,0.1977949147,-1.389396162,1.582975525,1.281411469,1.559952917,-0.08262089181,-0.00204632765,-0.5250985814,1.442743762,1.597012208,-1.383283379,1.573691707,-0.001876395488,0.06359798075,0.2008990777,-1.389866281,1.584445317,1.282543178,1.559366827,-0.08363206477,-0.001930202249,-0.5236525258
2.64,18.824,0.09961151285,-0.07003502383,-0.005519853474,-0.0005519853474,132,0.1004879518,-0.07003080486,-0.1578779716,-0.0005760352956,0.05750723507,0.03026572947,0.0002502260951,0.0001777413875,-0.2871504426,0.348184824,-0.2871504426,0.348184824,0,0.05319997843,0.03548850183,0.008551827682,0.5198695676,0.171269,0.002350952057,9.833826592e-05,9.100997646e-05,0.0007170970479,0.0005570346571,ok,4,1,1.443253979,1.599352268,-1.385618754,1.573413069,3.519991539e-05,0.06364207824,0.1985481257,-1.389536916,1.583116677,1.281289928,1.55973071,-0.08278957581,-0.002138282582,-0.5248325615,1.443847559,1.60304496,-1.390302982,1.573689932,0.003838376637,0.0635760542,0.1937980908,-1.390815355,1.587736235,1.286488623,1.559325377,-0.0870572279,-0.001555998008,-0.519768554
2.65,18.834,0.09955434839,-0.07004074028,-0.005912999715,-0.0005912999715,132,0.09922383071,-0.0700691719,-0.08975769249,0.001164426678,0.05746963354,0.0308915218,0.0003753753893,0.0002854796754,-0.3747701347,-0.05514324456,-0.3747701347,-0.05514324456,0,0.05184808152,0.03006437313,0.008557817495,0.5909941144,0.194276,0.004541857832,0.0004239443024,0.0001649765219,0.001221106449,0.0007285990583,ok,4,1,1.443218012,1.599365143,-1.386871331,1.573660641,0.0002747508929,0.06373196956,0.198325489,-1.389883674,1.583658564,1.282032745,1.559419093,-0.08311336281,-0.00213620868,-0.5243104119,1.444035714,1.604191816,-1.391654767,1.573688036,0.004965935082,0.06355094633,0.1924155478,-1.389482364,1.583284199,1.281101537,1.559280988,-0.08228362539,-0.001968223922,-0.5251262693
2.66,18.844,0.09949325364,-0.07004684976,-0.006305912522,-0.0006305912522,133,0.09796865411,-0.07002620743,0.04772518746,0.0015877191,0.05733674682,0.03085406744,0.000654324203,0.0006661923974,-0.08687451482,0.1649698168,-0.08687451482,0.1649698168,0,0.0560336291,0.03332861469,0.008538923121,0.286136986,0.108976,0.005033274151,0.0002556166781,0.0001798910694,0.001798473213,0.002132297483,ok,4,1,1.443219149,1.599719412,-1.38720656,1.57400196,0.0009226770893,0.06377836514,0.197448822,-1.389810683,1.583834511,1.281502891,1.559177026,-0.08305881034,-0.002167980122,-0.524084544,1.443358008,1.600610158,-1.387528053,1.573686019,0.001657002057,0.06350346548,0.1965629382,-1.390270273,1.5860067,1.284364261,1.559233804,-0.08510271275,-0.001655335399,-0.5219227007
2.67,18.854,0.09942823097,-0.07005335202,-0.006698576381,-0.0006698576381,133,0.1001773383,-0.07002446234,0.08540527752,0.0005453982046,0.05643811201,0.03111092479,0.0003127092206,0.0001832222215,0.6127852798,0.01060338132,0.6127852798,0.01060338132,0,0.06562989121,0.03126997551,0.008498793731,0.9126879192,0.306353,0.002228409249,0.0002088989738,6.067921973e-05,0.001096258912,0.0005113836053,ok,4,1,1.443379927,1.600066757,-1.386532006,1.573688201,0.001156282227,0.06362226607,0.1969824562,-1.389727749,1.584078046,1.282135851,1.55937714,-0.08326845091,-0.002042853951,-0.5240163788,1.441771705,1.592423586,-1.378043858,1.57368388,-0.005983986368,0.06349361895,0.2061093354,-1.389755093,1.584337656,1.28232853,1.559183744,-0.08326687867,-0.001779279538,-0.5239653239
2.68,18.864,0.09935928299,-0.07006024682,-0.007090975793,-0.0007090975793,134,0.1017414442,-0.0699986074,-0.01021959987,-0.002487772017,0.05681428434,0.03110917933,0.0009750263683,0.0006480982129,0.4574865103,0.2935739458,0.4574865103,0.2935739458,0,0.06367658199,0.03551278852,0.008506552059,0.6399087827,0.184343,0.008387275558,0.0005639239054,4.574617765e-05,0.003164599348,0.001832861795,ok,4,1,1.443351846,1.599499194,-1.384980769,1.573350776,0.0006346542278,0.06350251267,0.1977220599,-1.389538026,1.583927237,1.282075346,1.559690998,-0.08357686094,-0.001947767181,-0.5239395801,1.442068236,1.594077754,-1.379994689,1.573681619,-0.004367210401,0.06344648287,0.2041211477,-1.390772278,1.587874107,1.286565627,1.559130892,-0.08693661754,-0.001371437436,-0.5197994927
2.69,18.874,0.09928641239,-0.07006753388,-0.007483095264,-0.0007483095264,134,0.1009556042,-0.07005185729,-0.1679117756,-0.002097079198,0.05777886354,0.03158991686,0.000520124541,0.0003734560931,-0.1776227951,0.3407005072,-0.1776227951,0.3407005072,0,0.05511452161,0.03670042447,0.008542753451,0.5008732332,0.081643,0.005227162114,0.0001451006991,0.0001351694034,0.001552941468,0.001136269079,ok,4,1,1.44315725,1.598882107,-1.385017392,1.573322802,-0.0001557742797,0.06353312898,0.1988939856,-1.389799264,1.584241715,1.282753819,1.559622705,-0.0839260667,-0.001941980199,-0.5236370322,1.443419684,1.601368332,-1.388487843,1.573679236,0.00255032408,0.06339900043,0.1955302854,-1.391045224,1.588889259,1.287762552,1.559075168,-0.08793386208,-0.001217436548,-0.518645061
2.7,18.884,0.09920962207,-0.07007521291,-0.007874919316,-0.0007874919316,135,0.09838054874,-0.07008825227,-0.1254944369,0.0006613207008,0.05838138099,0.0322265328,0.0006128404943,0.0005014846789,-0.4155154228,0.09833820164,-0.4155154228,0.09833820164,0,0.05214864965,0.03370160582,0.008555962299,0.649252434,0.164832,0.004438016269,0.0004932701872,0.0001366069596,0.001969586626,0.001428781439,ok,4,1,1.442998542,1.598778651,-1.386390307,1.573729337,-0.0001569427855,0.06367288529,0.1990175732,-1.390206908,1.58483767,1.283324535,1.559223207,-0.08419417276,-0.001939961533,-0.5230235252,1.443852275,1.603890962,-1.391441324,1.57367673,0.004986370283,0.06337082388,0.1925250489,-1.390305894,1.586446748,1.284794435,1.559016546,-0.08527047425,-0.001419198525,-0.5216162031
2.71,18.894,0.09912891504,-0.07008328362,-0.00826643248,-0.000826643248,135,0.09733157413,-0.07005930394,0.07202851552,0.002289414026,0.05814216331,0.03244862272,0.0008767619574,0.000758758282,-0.6353479028,-0.4038783312,-0.6353479028,-0.4038783312,0,0.04861194477,0.02639044775,0.008572141743,0.9220984339,0.198065,0.005642921592,0.0003999111732,0.000125373957,0.002604921138,0.002363633299,ok,4,1,1.443012261,1.599160178,-1.386878719,1.574080374,0.0004217384103,0.0636948887,0.1981679704,-1.390230996,1.585306707,1.283228345,1.558925558,-0.08421807685,-0.00189578222,-0.5226438822,1.444363872,1.606902603,-1.394960149,1.573674082,0.007883644677,0.06335149701,0.1889469861,-1.388496197,1.580453066,1.277531389,1.558955105,-0.07883583493,-0.001956799991,-0.5288369332
2.72,18.904,0.09904429451,-0.07009174567,-0.008657619299,-0.0008657619299,136,0.09669337112,-0.07002506202,0.1361350913,-0.0009553480735,0.05735322641,0.03182664033,0.001006259913,0.000989794367,0.6388723254,0.006452026777,0.6388723254,0.006452026777,0,0.06693631129,0.03192342074,0.008493018803,1.076744993,0.196663,0.008004193753,0.0002192631279,0.0004132310984,0.002849423395,0.003166332169,ok,4,1,1.443152687,1.599999906,-1.387610125,1.574277033,0.001413068423,0.0636260881,0.1969511799,-1.389963824,1.585017295,1.282219882,1.558724655,-0.08369327459,-0.001940546735,-0.5230964945,1.441405154,1.591261843,-1.376842675,1.573671361,-0.006744554013,0.06329828467,0.2072023936,-1.38984275,1.585054512,1.283058825,1.558890844,-0.08362505209,-0.001450924706,-0.5234033514
2.73,18.914,0.09895576379,-0.07010059874,-0.00904846433,-0.000904846433,136,0.1026548194,-0.0700296125,0.1953874672,-0.00255098383,0.05630983339,0.03172981497,0.001573022441,0.001111074953,-0.06449752301,0.1695516557,-0.06449752301,0.1695516557,0,0.05534237055,0.03427308981,0.008541257581,0.3684984503,0.154545,0.01007703553,0.000795061574,0.0001322578686,0.005068777576,0.003250342167,ok,4,1,1.443297525,1.599418233,-1.384657172,1.573274093,0.001073076828,0.06325895247,0.1971253581,-1.389608602,1.584601433,1.28301519,1.559514463,-0.08390397136,-0.001682772805,-0.5235224865,1.443254603,1.601131738,-1.388342157,1.573668493,0.002615532269,0.06322717809,0.1955765384,-1.390395533,1.587035851,1.285415487,1.55882377,-0.08562941476,-0.001189232679,-0.5211073801
2.74,18.924,0.09886332641,-0.07010984248,-0.009438952143,-0.0009438952143,137,0.09998247428,-0.07009675025,-0.2652104927,-0.002619275868,0.05698448442,0.03198280652,0.0002377932006,0.0002358814835,0.5741242766,0.6057052016,0.5741242766,0.6057052016,0,0.06559634857,0.04106838454,0.008498157819,0.8958296756,0.180413,0.00235583341,0.0001143794579,0.0002135986882,0.0006544170037,0.0007126886701,ok,4,1,1.443174258,1.599799102,-1.386403477,1.573316129,0.000666600361,0.06332607835,0.1978617714,-1.389934629,1.584680017,1.283281169,1.559417237,-0.08403870605,-0.001672779854,-0.5233918231,1.441556857,1.592379701,-1.378212851,1.573665506,-0.005536613397,0.06319674521,0.2057658009,-1.392006196,1.592696857,1.292194315,1.55875389,-0.09151517941,-0.000529487096,-0.5144335263
2.75,18.934,0.09876698599,-0.07011947652,-0.009829067323,-0.0009829067323,137,0.1013488781,-0.07010811642,-0.05286011043,0.00192535179,0.05741816012,0.03299252788,0.0007951850255,0.0007389493054,0.2276996225,0.4111266434,0.2276996225,0.4111266434,0,0.06083365446,0.03915942753,0.008517452297,0.6166194689,0.336171,0.008067108307,0.0001599360724,0.0003881613593,0.002206242945,0.002258674568,ok,4,1,1.443003487,1.598961085,-1.385171358,1.573227127,-7.54787357e-06,0.06326605924,0.1985213117,-1.3901876,1.585449523,1.284612789,1.55947925,-0.08483231536,-0.001434914256,-0.5225006347,1.442302135,1.596424375,-1.382951746,1.573662397,-0.001647297597,0.06312850115,0.2009580052,-1.391535654,1.591160517,1.290315929,1.558681128,-0.08979444595,-0.0006340054319,-0.51633444
2.76,18.944,0.09866674636,-0.07012950048,-0.01021879447,-0.001021879447,138,0.09902947884,-0.07008905464,-0.1303737509,0.001655008621,0.05861867821,0.03376712887,0.0002092672245,0.0001486192769,-0.30881688,-0.5640692115,-0.30881688,-0.5640692115,0,0.05398642501,0.0253060907,0.008546932271,0.8534769174,0.177113,0.005507542024,0.0001222517186,7.647712855e-05,0.0007334167193,0.0004240282444,ok,4,1,1.442840671,1.598580899,-1.385348273,1.573556668,-0.000424157591,0.06338264797,0.1991812467,-1.390376447,1.586310106,1.284808387,1.559184145,-0.08544624197,-0.00140505214,-0.5214669222,1.443353581,1.602253159,-1.389753397,1.573659165,0.003918642691,0.06308461794,0.1940643241,-1.388137504,1.579774422,1.276545693,1.558605464,-0.07763491575,-0.001707899806,-0.5300016914
2.77,18.954,0.09856261145,-0.07013991398,-0.01060811819,-0.001060811819,138,0.09507169623,-0.07003941981,0.02097795477,-0.00287860015,0.05955070754,0.03296681744,0.001607162958,0.001536007582,-0.5316856503,-0.5202388167,-0.5316856503,-0.5202388167,0,0.05157542278,0.02516323519,0.008557601629,0.8325438299,0.173136,0.008163120055,0.0004618057867,0.0006831551654,0.004658457257,0.004887392252,ok,4,1,1.4427138,1.598481059,-1.386420779,1.574436312,0.0001867912863,0.06359849991,0.198852539,-1.390169151,1.586173296,1.282966753,1.558379092,-0.08464347001,-0.001731906449,-0.5218385714,1.443689059,1.604298897,-1.392164356,1.573655812,0.005930375278,0.06304203496,0.1915990139,-1.388082256,1.579704809,1.276424627,1.55852705,-0.07745332454,-0.001644460428,-0.5301640097
2.78,18.964,0.09845458539,-0.07015071658,-0.01099702313,-0.001099702313,139,0.09664744298,-0.07007667273,0.248711189,-0.003026218716,0.05825614168,0.03208294251,0.0008392395229,0.0008282710733,-0.07282614708,-0.3455375433,-0.07282614708,-0.3455375433,0,0.05716374948,0.02689987936,0.008532618685,0.5360606596,0.095596,0.007048796578,0.0003093905652,0.0003479405682,0.002402295178,0.002626475521,ok,4,1,1.442873231,1.598940119,-1.3867282,1.574332519,0.0009847707237,0.06342228916,0.1978120231,-1.389958474,1.585534946,1.282730313,1.558255358,-0.08363600947,-0.001750287654,-0.5231152131,1.442771065,1.599514577,-1.386659469,1.573652348,0.001527384693,0.06296673965,0.1971229724,-1.388495274,1.581183808,1.278177087,1.558445815,-0.07891207588,-0.001434734025,-0.5284758197
2.79,18.974,0.09834267243,-0.07016190788,-0.01138549392,-0.001138549392,139,0.0997855146,-0.07010242272,0.1348879635,-0.001698951311,0.05703197944,0.03139797169,0.000506357485,0.0003507399536,0.07566699386,0.225795567,0.07566699386,0.225795567,0,0.05816698435,0.03478490519,0.008528199372,0.3345412986,0.139803,0.004608229956,0.0002572308048,0.0001454027957,0.001664268254,0.00107736677,ok,4,1,1.443042806,1.599325995,-1.385859682,1.573648081,0.001223955761,0.06313533741,0.1972641461,-1.389651139,1.584652546,1.282785317,1.558844444,-0.08312378184,-0.001504011961,-0.524078675,1.442566614,1.598645041,-1.38569302,1.573648758,0.0008055041288,0.06290949633,0.198064215,-1.390402949,1.587738642,1.286050363,1.558361789,-0.08573985658,-0.00071184705,-0.520733262
2.8,18.984,0.09822687701,-0.07017348742,-0.01177351523,-0.001177351523,140,0.1014581517,-0.07014754037,-0.06259210421,0.0001383818496,0.05643571058,0.03165754349,0.001010027862,0.0009987088784,0.8613257408,0.2487978637,0.8613257408,0.2487978637,0,0.06935559669,0.03538951144,0.008482525243,1.172259499,0.155882,0.003304608508,0.000279033316,0.0004660751477,0.00289901419,0.003204718612,ok,4,1,1.443092825,1.599672725,-1.385852725,1.573090009,0.0009688205464,0.06300925036,0.1974500888,-1.389731713,1.584637051,1.283582996,1.55928821,-0.08331692083,-0.001221164977,-0.5240378705,1.440683027,1.589099921,-1.374641137,1.573645058,-0.008081971336,0.06288971553,0.2091726838,-1.390526997,1.588290626,1.286675617,1.558274926,-0.08620463766,-0.0005789104027,-0.5201623212
2.81,18.994,0.09810720368,-0.07018545475,-0.01216107174,-0.001216107174,140,0.1019604843,-0.07012290028,-0.1438265926,-2.384127013e-05,0.05752993223,0.03205754283,0.001264931571,0.001048237273,-0.4078319371,0.01749292389,-0.4078319371,0.01749292389,0,0.05141245317,0.03231993669,0.008557680696,0.8249327398,0.075686,0.01065072795,0.0005110338658,0.0002673168546,0.00384857784,0.003250138764,ok,4,1,1.442872052,1.598633173,-1.384185367,1.572968587,0.000156438134,0.0630309154,0.1985219558,-1.389668799,1.584876738,1.283640058,1.559449989,-0.08390511428,-0.001101876529,-0.5233579014,1.443538068,1.604381361,-1.392434694,1.573641211,0.00639967111,0.06281163641,0.1911892081,-1.389763568,1.585809931,1.283645482,1.55818521,-0.08345817916,-0.0007553072688,-0.5232102482
2.82,19.004,0.09798365718,-0.0701978094,-0.01254814815,-0.001254814815,141,0.09618764665,-0.07015261819,-0.2338293946,0.0001483896551,0.05881819412,0.0321837039,0.001200474892,0.0009365522229,-0.5391328335,-0.2735151052,-0.5391328335,-0.2735151052,0,0.05073120162,0.02808097732,0.008560558514,0.8327998402,0.062879,0.007580536255,0.0005828666081,0.0001984123071,0.00382266887,0.002828279124,ok,4,1,1.442640043,1.598898039,-1.386910587,1.573902611,0.0003174562928,0.06331070326,0.1987697444,-1.390009555,1.585386457,1.283008579,1.55846358,-0.08367184533,-0.001356096971,-0.5230386667,1.443596486,1.604947819,-1.39313847,1.57363726,0.007038083037,0.06275240373,0.190441746,-1.388697982,1.58237258,1.279449255,1.55809272,-0.07968795918,-0.001006843179,-0.5274103667
2.83,19.014,0.09785624236,-0.07021055088,-0.01293472919,-0.001293472919,141,0.09560142755,-0.0701295061,0.1669594126,-3.64118213e-05,0.05823735308,0.03180061057,0.001206011841,0.00100321936,-0.5552383661,0.1169835329,-0.5552383661,0.1169835329,0,0.04990877759,0.03355536356,0.008564138337,0.8047086603,0.08708,0.007156453874,0.0005079656043,0.0003039208688,0.003626306165,0.003176759343,ok,4,1,1.442694561,1.5991637,-1.387476037,1.574341139,0.001235059603,0.06330519536,0.1975981998,-1.389910937,1.585410272,1.282546378,1.557983414,-0.08306636871,-0.001388150379,-0.5234239213,1.443673873,1.605634768,-1.393982807,1.573633187,0.00779277361,0.06269358263,0.1895511132,-1.390014692,1.58694404,1.284925936,1.557997439,-0.08440046967,-0.0004741507833,-0.5220464182
2.84,19.024,0.09772496429,-0.07022367869,-0.01332079958,-0.001332079958,142,0.09846039965,-0.07016115884,0.1412041095,-0.0009536416719,0.05634368986,0.03194283891,9.533529252e-05,0.0002197216392,0.414393425,-0.01915302873,0.414393425,-0.01915302873,0,0.06255959124,0.03165554348,0.008508807496,0.6057578097,0.060429,0.006791065416,8.021947896e-05,0.0001732861422,0.0001442028599,0.000786580846,ok,4,1,1.442989365,1.60015372,-1.387548779,1.573790176,0.002005307602,0.06305259571,0.1963421786,-1.389842688,1.585505964,1.283491686,1.558362601,-0.08302604792,-0.00109439595,-0.5236949285,1.441621291,1.594822602,-1.381491201,1.573629014,-0.002263764536,0.06259425551,0.2021169404,-1.389528573,1.585435996,1.283061582,1.557899331,-0.08266985186,-0.0005394058253,-0.5239444303
2.85,19.034,0.09758982813,-0.07023719231,-0.01370634409,-0.001370634409,142,0.1003163275,-0.07013708794,0.0234043596,-0.002050755872,0.05624098159,0.03186844405,0.0008728766585,0.000709868618,0.4723744392,0.004872263875,0.4723744392,0.004872263875,0,0.06332659817,0.03194152801,0.008505549884,0.6337167178,0.170094,0.005644334094,0.0006310588674,8.413654421e-05,0.002697786984,0.00218602921,ok,4,1,1.442947119,1.600118747,-1.385900946,1.573341453,0.001837914891,0.0628394489,0.1964726063,-1.389579788,1.585222771,1.283336772,1.558811981,-0.08333353734,-0.000887670505,-0.5236325284,1.441442719,1.594152647,-1.380763675,1.573624707,-0.002780008608,0.06252811987,0.2028097735,-1.389573596,1.585732923,1.283373822,1.557798438,-0.08284624569,-0.0004216987228,-0.5236910604
2.86,19.044,0.09745083922,-0.0702510912,-0.0140913475,-0.00140913475,143,0.09954197426,-0.07016427903,-0.1374086879,-0.002743161611,0.05716190383,0.0318610713,0.000526589653,0.0003567441403,-0.1840901524,0.4129266441,-0.1840901524,0.4129266441,0,0.05440055154,0.03805497097,0.008543361028,0.6364594772,0.120022,0.005340962111,0.0003330159555,7.606696234e-05,0.001540971109,0.001080235173,ok,4,1,1.442755431,1.599454784,-1.385724951,1.573309332,0.001333334399,0.06281100523,0.1974688114,-1.389567922,1.585122271,1.283121205,1.558692554,-0.08348118853,-0.0009297858665,-0.5235473876,1.442819859,1.601748458,-1.389634032,1.573620278,0.004486564833,0.06246443386,0.1938198394,-1.391023475,1.590842492,1.2894858,1.557694811,-0.08810886365,0.0001906962098,-0.5177019752
2.87,19.054,0.09730800303,-0.07026537482,-0.01447579461,-0.001447579461,143,0.09789211139,-0.07023878971,-0.1266453646,-0.0002250698865,0.05738694053,0.03257984526,0.0003494951174,0.0002614816794,-0.231474638,0.1032023355,-0.231474638,0.1032023355,0,0.05391482097,0.03412788029,0.008545336743,0.4357788361,0.186768,0.005342280252,0.0004179610512,0.0002517060235,0.001225989252,0.0006290140271,ok,4,1,1.442641868,1.599297629,-1.38723752,1.573529879,0.001368968043,0.06287385166,0.1976153171,-1.390011489,1.585682021,1.28414352,1.558289804,-0.08378310997,-0.0008821167836,-0.5230384463,1.442840645,1.602145708,-1.390148849,1.573615733,0.004981942086,0.06239473491,0.1932575288,-1.390049907,1.587664774,1.285606942,1.557588296,-0.08460232219,-4.14103847e-05,-0.5215977034
2.88,19.064,0.09716132523,-0.0702800426,-0.01485967023,-0.001485967023,144,0.09664317967,-0.07020821582,0.02017912356,0.001527083192,0.05747270676,0.03279970572,0.0005465063099,0.0005411280891,-0.09607076645,0.1737227142,-0.09607076645,0.1737227142,0,0.05603164527,0.03540554643,0.008535652401,0.2983109406,0.15253,0.003662724186,0.0002922527955,6.500404487e-05,0.001581979646,0.001741868185,ok,4,1,1.442563545,1.599348627,-1.387392277,1.573863653,0.001866795548,0.06290015049,0.196920253,-1.39000714,1.586070448,1.283924966,1.558016298,-0.0838842381,-0.0008031887809,-0.5225624722,1.44245493,1.600319844,-1.38808861,1.573611076,0.003390093583,0.06230908067,0.1952933203,-1.390330353,1.588785691,1.286908075,1.557479048,-0.08563815034,0.0001690064742,-0.520370852
2.89,19.074,0.09701081158,-0.07029509396,-0.01524295922,-0.001524295922,144,0.09783085221,-0.0702014241,0.05628648625,-0.0001174698225,0.05689865737,0.03309733771,8.374379049e-05,7.545847663e-05,0.5015884638,-0.004886342213,0.5015884638,-0.004886342213,0,0.06442248433,0.03302404258,0.008500383229,0.7147411843,0.169452,0.002570840761,0.0001017655712,8.136959706e-05,0.0003571797421,0.0002762038997,ok,4,1,1.442639749,1.599635049,-1.386900121,1.573714055,0.002152630191,0.06276259855,0.1964444376,-1.389922408,1.586498695,1.284337234,1.558035928,-0.0840724148,-0.0006544987356,-0.5223520552,1.441040491,1.593147715,-1.379815713,1.573606297,-0.003235777064,0.06223547399,0.2035918495,-1.389728261,1.586887729,1.284568731,1.557366984,-0.08347743816,7.331412555e-05,-0.5227462622
2.9,19.084,0.09685646805,-0.07031052831,-0.01562564645,-0.001562564645,145,0.09898603602,-0.07017941232,0.04356612471,-0.002230411462,0.05724637558,0.03308593529,0.0005866115479,0.0004110984545,0.03309253603,0.09504088759,0.03309253603,0.09504088759,0,0.05774276362,0.0345115486,0.008527949331,0.1773929666,0.159618,0.0065788321,0.0004673995349,0.0001312453992,0.001892598574,0.001101795127,ok,4,1,1.442587804,1.599247564,-1.385542638,1.573492596,0.001733366914,0.06261432622,0.1970130174,-1.389739692,1.586539653,1.284306269,1.558168029,-0.08418184869,-0.0005247311088,-0.5223643772,1.442064328,1.598822905,-1.386466995,1.573601399,0.002240247017,0.0621524282,0.1968381475,-1.390057793,1.588185117,1.286080198,1.557252181,-0.08469229524,0.0003064882759,-0.5213145673
2.91,19.094,0.09669830071,-0.07032634505,-0.0160077168,-0.00160077168,145,0.0976012141,-0.07024138954,-0.07846811542,-0.003563524938,0.05769635829,0.03326464856,0.0001526438928,5.602902641e-05,-0.2602796257,0.2085603476,-0.2602796257,0.2085603476,0,0.05379216391,0.03639305378,0.008545033569,0.4732200775,0.14749,0.0014911827,0.0001253339215,2.405428195e-05,0.000540171884,0.0001399865434,ok,4,1,1.442479166,1.599096104,-1.386537631,1.573573539,0.001528845209,0.06261078898,0.1975387443,-1.389920838,1.586693934,1.284660805,1.557951791,-0.08415226086,-0.0004926549815,-0.5223597794,1.442626115,1.602175798,-1.390415627,1.573596377,0.00552972124,0.06208763418,0.1928065435,-1.390481392,1.589809169,1.2879845,1.557134609,-0.08624883911,0.0005751379317,-0.519496163
2.92,19.104,0.09653631582,-0.07034254354,-0.0163891552,-0.00163891552,146,0.0967338808,-0.07028062146,-0.04950672821,-0.0005720733562,0.05756123565,0.03363514808,0.0004113595346,0.0003136131494,-0.2484794557,0.212999329,-0.2484794557,0.212999329,0,0.05383404381,0.03683013801,0.008544620342,0.433230225,0.05906,0.004286966652,0.0003710088436,0.0001207128789,0.001307044024,0.0008768252772,ok,4,1,1.442389448,1.599103989,-1.387327083,1.573703204,0.001882171189,0.06260233222,0.1970935101,-1.390131683,1.586986809,1.285168632,1.557737721,-0.08428764129,-0.0003756263483,-0.5220686844,1.442557645,1.602120278,-1.390412797,1.573591244,0.005615316705,0.06200575221,0.1927612079,-1.390556261,1.590242647,1.288452214,1.557014256,-0.08654245608,0.0007246504036,-0.5191000746
2.93,19.114,0.09637051976,-0.07035912314,-0.01676994658,-0.001676994658,146,0.09678213385,-0.07027629604,0.02362339754,0.001166084595,0.0571269794,0.03400355857,0.0002280095467,0.000216802971,-0.5527463555,-0.3367745578,-0.5527463555,-0.3367745578,0,0.04883578407,0.02895194021,0.008567104156,0.8692259617,0.116651,0.00360894391,0.0001125550031,5.341801777e-05,0.0006476291285,0.0006322341628,ok,4,1,1.442370911,1.59946549,-1.387328949,1.573705151,0.002355257682,0.06251819001,0.1963701518,-1.390170067,1.587398717,1.285487669,1.557662286,-0.08452314873,-0.0002062922042,-0.5216671856,1.443264101,1.60637089,-1.39539959,1.573585971,0.009753986081,0.06195937153,0.1876778922,-1.388612398,1.583821803,1.280643481,1.556891097,-0.07957660019,0.0001957663442,-0.5268863204
2.94,19.124,0.0962009191,-0.07037608321,-0.01715007591,-0.001715007591,147,0.09500194777,-0.07024839708,0.05099270004,-0.00200299389,0.05678664047,0.03349615079,0.0008508046803,0.0008188027615,0.6780701876,-0.3571064472,0.6780701876,-0.3571064472,0,0.06695769328,0.02813955408,0.00848916556,1.093204183,0.327643,0.007782376665,0.0001680448284,0.0003473066115,0.002383216617,0.00259582767,ok,4,1,1.442427431,1.600190794,-1.388428688,1.57401285,0.003283431931,0.06254293663,0.1954602688,-1.389960176,1.587289247,1.284423293,1.557318401,-0.08403173248,-0.0002649494603,-0.5219377632,1.440313865,1.590888966,-1.377496646,1.573580634,-0.004680708223,0.06182896622,0.2056874108,-1.388381633,1.583229447,1.279868714,1.556765221,-0.07877616976,0.0002503944474,-0.5277205404
2.95,19.134,0.0960275205,-0.07039342307,-0.01752952818,-0.001752952818,147,0.09901944559,-0.07023143867,0.2375835794,-0.002825614127,0.05627785363,0.03284913759,0.001086919997,0.0006423186901,0.07546520233,0.0119871879,0.07546520233,0.0119871879,0,0.05740983167,0.03302894541,0.008528224968,0.1112597349,0.308502,0.01018588982,0.0007048271333,0.0001940786458,0.003693473373,0.001636939697,ok,4,1,1.442449542,1.599476655,-1.385881403,1.573498457,0.003192788506,0.06225412395,0.195501521,-1.389461258,1.586634941,1.28414466,1.55763744,-0.0837137786,-0.0001380667399,-0.5226680495,1.441801468,1.599005711,-1.386994,1.573575151,0.003115865139,0.06173305664,0.1960597108,-1.389545973,1.587334702,1.284772435,1.556636597,-0.08294988737,0.0007600534367,-0.5229460821
2.96,19.144,0.09585033084,-0.07041114204,-0.01790828842,-0.001790828842,148,0.09796451755,-0.07032246796,-0.1933044541,-0.004259430275,0.05665012031,0.03280224058,0.0003936794209,0.0003135057499,0.59868294,0.8786644936,0.59868294,0.8786644936,0,0.06563036441,0.04598220798,0.008494014105,1.312804978,0.136527,0.00098050083,0.000122865499,0.0001698013833,0.001135246304,0.0009946405415,ok,4,1,1.442358582,1.599633785,-1.386951155,1.573289292,0.002690372921,0.06217725315,0.196295502,-1.389656127,1.586482673,1.284563417,1.557617098,-0.08347372423,-4.444738164e-05,-0.5230634564,1.440400001,1.591976608,-1.378894604,1.573569552,-0.003359336925,0.06164543968,0.204173786,-1.392585703,1.59811594,1.297691467,1.556505262,-0.09415381354,0.00201413588,-0.510242899
2.97,19.154,0.09566935709,-0.07042923941,-0.01828634167,-0.001828634167,148,0.1002658687,-0.07037907946,-0.08284356177,0.001832568567,0.05674000118,0.03421083644,0.001269372575,0.00133237821,0.217958346,0.2521872818,0.217958346,0.2521872818,0,0.06000937637,0.03799364567,0.008516733201,0.410159654,0.140744,0.01182580438,0.0001691244385,0.0007015922433,0.003518234996,0.00423021674,ok,4,1,1.442235544,1.598928775,-1.385865192,1.572857372,0.001811447928,0.06203743904,0.197096278,-1.390062633,1.587489495,1.286854863,1.557916444,-0.08443212879,0.0004243612511,-0.5220687033,1.441248771,1.59674484,-1.38450505,1.573563836,0.001289115869,0.06154712202,0.1984636216,-1.390673607,1.591591091,1.289785211,1.556371139,-0.08708786693,0.001424220797,-0.5181374478
2.98,19.164,0.09548460641,-0.07044771448,-0.01866367301,-0.001866367301,149,0.09570486757,-0.07033472869,-0.2105696109,-1.541480878e-05,0.05859156637,0.03474111607,0.0005652004374,0.0003962471992,-0.1521135718,-0.5515691638,-0.1521135718,-0.5515691638,0,0.0563098628,0.02646757862,0.008532138673,0.8564768728,0.224484,0.003644968213,0.0002115205709,0.0001748943207,0.001820972412,0.001182407316,ok,4,1,1.441905887,1.59858863,-1.386451448,1.573556495,0.001531770012,0.06222298562,0.1976722004,-1.390186495,1.588282853,1.286140242,1.557369529,-0.08488849946,0.0004429154172,-0.5209472703,1.441770987,1.599878218,-1.388212655,1.573558005,0.004397991291,0.06146097771,0.194669303,-1.38783931,1.582176427,1.278348205,1.556234238,-0.07693212994,0.0006201569904,-0.529512039
2.99,19.174,0.09529608608,-0.07046656651,-0.01904026754,-0.001904026754,149,0.09254831942,-0.07030407179,0.04616348555,-0.002859795042,0.05950446149,0.03396222169,0.001551067103,0.001499477951,-0.5690291524,-0.3895651102,-0.5690291524,-0.3895651102,0,0.05096902421,0.02811874504,0.008555695826,0.8159556816,0.142468,0.008132010822,0.0003819241245,0.0007029019418,0.004540847278,0.004788643394,ok,4,1,1.441709464,1.598231119,-1.386931283,1.57439489,0.002062278712,0.06228377622,0.1973915198,-1.389921511,1.588181183,1.284454078,1.556445583,-0.08411252069,0.0001578299069,-0.5213800282,1.442529358,1.604417438,-1.393545109,1.573552038,0.008831189325,0.06140157938,0.189231963,-1.388209308,1.583620593,1.280030585,1.556094649,-0.07827151932,0.0008813236277,-0.5279267159
3,19.184,0.09510380357,-0.07048579476,-0.01941611039,-0.001941611039,150,0.09392570786,-0.07035730338,0.2248507383,-0.00323757146,0.05819328497,0.03328744066,0.0008878958737,0.0007883268069,-0.213378042,0.1527834535,-0.213378042,0.1527834535,0,0.05499261434,0.03557919246,0.008537460145,0.3258393842,0.126131,0.007175127119,0.0003491130814,0.0002848178606,0.002645573952,0.002489150133,ok,4,1,1.441872505,1.598758363,-1.387541352,1.574208485,0.002844068482,0.06204545096,0.1964070902,-1.389810148,1.587727968,1.284587899,1.556286861,-0.08319011794,0.0002274362044,-0.5225639037,1.441831478,1.600957336,-1.389607661,1.573545992,0.00573663103,0.06127748233,0.1931486963,-1.389987073,1.589852679,1.28749665,1.555952356,-0.08467589885,0.001615122527,-0.5206301313
3.01,19.194,0.09490776643,-0.07050539848,-0.01979118672,-0.001979118672,150,0.09779536113,-0.0704199285,0.1339146798,-0.001751922028,0.05642987037,0.03343133503,0.00070482426,0.0007610814728,0.4223289788,-0.08282440156,0.4223289788,-0.08282440156,0,0.06276480506,0.032188969,0.008504218938,0.5162653841,0.112648,0.002570321791,0.0001352934428,0.0004200242137,0.001959281444,0.002498654681,ok,4,1,1.4420984,1.59938024,-1.387037339,1.573378292,0.003197122016,0.06170899567,0.195643822,-1.389734536,1.58753957,1.285836951,1.556961573,-0.08323062353,0.0006992229071,-0.522910299,1.440515551,1.594303055,-1.38195734,1.57353982,-0.0003697091371,0.06115772121,0.2008064759,-1.389134824,1.587145075,1.284162339,1.555807297,-0.08161339135,0.001470238894,-0.524004199
3.02,19.204,0.09470798244,-0.07052537688,-0.02016548174,-0.002016548174,151,0.09814088292,-0.07039763661,-0.09428878087,-0.00150758115,0.05681090723,0.03324813647,0.0009450329871,0.000702727878,0.644664824,0.1342021227,0.644664824,0.1342021227,0,0.06648087959,0.03526116831,0.008489122798,0.8491131071,0.10026,0.004888018346,0.0004813765971,0.0001681949535,0.002946522309,0.002190149352,ok,4,1,1.441948258,1.599097431,-1.385980353,1.573106929,0.00305407322,0.06159272183,0.1959184575,-1.389450425,1.587202694,1.285181818,1.557237595,-0.08344658259,0.0008822486072,-0.5227191473,1.439827537,1.591113477,-1.378323363,1.573533528,-0.003211738508,0.06106383596,0.2044095886,-1.389836736,1.589767525,1.287259983,1.555659564,-0.08418493168,0.001863197832,-0.5210252364
3.03,19.214,0.09450445945,-0.07054572918,-0.02053898065,-0.002053898065,151,0.09784134499,-0.07042342917,-0.1476392316,-0.001741643835,0.05785214334,0.03345164048,0.000859406968,0.0005710989974,-0.3391845822,-0.107891649,-0.3391845822,-0.107891649,0,0.0527643746,0.03183326574,0.008546579664,0.6757840597,0.19537,0.007420729676,0.0003642382022,9.665774176e-05,0.002648793385,0.001711528106,ok,4,1,1.44169978,1.59819423,-1.385199189,1.573098081,0.00241828271,0.0615705163,0.1969888589,-1.389464398,1.587396738,1.28528047,1.557003663,-0.08365201485,0.0008743994479,-0.5224756092,1.44194936,1.602789006,-1.39195703,1.573527107,0.007969347544,0.06099286362,0.1906004804,-1.388972821,1.587033278,1.28388938,1.555509084,-0.08108613368,0.001722865625,-0.5244372084
3.04,19.224,0.09429720553,-0.07056645457,-0.02091166872,-0.002091166872,152,0.09332284954,-0.07045596291,-0.1979761456,-0.001467255988,0.05897558938,0.03337871487,0.001019133492,0.0009276540531,-0.3053491414,-0.09239398688,-0.3053491414,-0.09239398688,0,0.05439535226,0.03199280507,0.008539018266,0.5129857651,0.220699,0.006648117348,0.000540478719,0.0001633072302,0.003149151761,0.002891675433,ok,4,1,1.441465077,1.598155522,-1.38724265,1.573806806,0.002538060665,0.06173767385,0.1972485978,-1.389708013,1.587622444,1.284789997,1.556187385,-0.08322422672,0.0007324661002,-0.5224638638,1.441617674,1.60137096,-1.390391798,1.573520595,0.006809118225,0.0608768562,0.1921187401,-1.388973424,1.587257449,1.284090018,1.555355919,-0.08111380618,0.001879281501,-0.5243231454
3.05,19.234,0.09408622883,-0.07058755224,-0.02128353123,-0.002128353123,152,0.09392978546,-0.07046083964,0.1480515657,-0.0005246029971,0.05832177349,0.03324439936,0.0005916446436,0.0005164350041,0.02696463652,0.1332291216,0.02696463652,0.1332291216,0,0.05872624304,0.03524283618,0.008520027349,0.2442421704,0.1359,0.004267239363,0.0003577154842,0.0001280715555,0.001741573349,0.001657599105,ok,4,1,1.441493412,1.598266856,-1.387268311,1.573945638,0.003120006675,0.06164615561,0.1963859795,-1.389642555,1.587806826,1.284924611,1.555929115,-0.08275458805,0.0008914033637,-0.5227595079,1.44085371,1.597648904,-1.386153304,1.57351397,0.003478715624,0.06074975196,0.1963318205,-1.389716349,1.590030326,1.287367032,1.555200073,-0.08383373545,0.002292490316,-0.5211725402
3.06,19.244,0.0938715377,-0.07060902135,-0.02165455351,-0.002165455351,153,0.09622214867,-0.07048020989,0.06395799314,-0.001457025496,0.05751792204,0.03342357257,0.0004473878261,0.0004003991716,0.4197829962,0.3521981835,0.4197829962,0.3521981835,0,0.06381466698,0.03870654532,0.008498664514,0.5320761114,0.090753,0.002097144692,0.0002069749394,0.0001502686441,0.001371368509,0.001275182673,ok,4,1,1.441582827,1.598562215,-1.386329261,1.573481682,0.003260589395,0.06138853605,0.1959777044,-1.389493768,1.587933182,1.285570532,1.556252652,-0.08286804096,0.001225212143,-0.5227954247,1.439950915,1.593284189,-1.38116409,1.573507223,-0.0004587931962,0.06063319508,0.2012984655,-1.390505895,1.592981665,1.290856884,1.555041534,-0.08673725274,0.002728889853,-0.5178134408
3.07,19.254,0.09365314061,-0.07063086106,-0.0220247209,-0.00220247209,153,0.09740063647,-0.07050068881,-0.07485686893,-0.001356351095,0.05763563479,0.03397815342,0.000923491358,0.000817706165,0.1942497641,0.141465947,0.1942497641,0.141465947,0,0.06054938125,0.03610014263,0.008511751581,0.2648057102,0.055681,0.005030413934,0.0003887991776,0.0002342541599,0.002736453404,0.002583358042,ok,4,1,1.441495605,1.598314603,-1.385480068,1.573077086,0.002884751473,0.0612087829,0.1964874064,-1.389514415,1.588282181,1.286292804,1.556492501,-0.08343502196,0.001503565278,-0.5223030215,1.440398536,1.5960418,-1.384451019,1.573500363,0.002328017568,0.06052523218,0.1979203245,-1.389841336,1.590930238,1.288307412,1.554880281,-0.08434765242,0.00266291917,-0.5204201205
3.08,19.264,0.09343104618,-0.0706530705,-0.0223940188,-0.00223940188,154,0.09479217334,-0.0705124281,-0.1408235425,-0.001452661033,0.05874339257,0.03426367697,0.0001350005021,0.0001288237913,-0.1882307529,0.3065907061,-0.1882307529,0.3065907061,0,0.05591993128,0.03886253756,0.008531040229,0.5024398509,0.052581,0.002264882003,6.289344115e-05,9.931723697e-05,0.0004266964565,0.0004297332339,ok,4,1,1.441228419,1.597928337,-1.386048257,1.573416833,0.002694799605,0.06124925473,0.1970357987,-1.389649433,1.588665356,1.286076342,1.556060643,-0.08363740892,0.00152299812,-0.5218278573,1.441053007,1.599965479,-1.38908963,1.57349339,0.006217091124,0.06043036185,0.1931768907,-1.390460033,1.593306485,1.291100741,1.554716373,-0.08663531899,0.003046447819,-0.5177523816
3.09,19.274,0.09320526318,-0.0706756488,-0.02276243261,-0.002276243261,154,0.09382897006,-0.07055688107,-0.05485124172,-0.001326454004,0.0587493359,0.03482807708,0.000426754078,0.0003257675088,-0.3195248246,-0.04754085466,-0.3195248246,-0.04754085466,0,0.05395646353,0.03411496426,0.008539479134,0.5657180558,0.054102,0.004320025064,0.0003377432048,3.478497739e-05,0.001346697069,0.0009447838992,ok,4,1,1.441116815,1.597808024,-1.386800337,1.573615336,0.002991884928,0.06121784571,0.1967509984,-1.389893398,1.589298267,1.286780716,1.55566106,-0.08384575552,0.001639208251,-0.521421848,1.441271598,1.601616307,-1.391088044,1.573486294,0.007963947188,0.06033345582,0.1910938179,-1.389281602,1.589494259,1.286422046,1.55454976,-0.0823764385,0.0028095078,-0.5224634429
3.1,19.284,0.09297580053,-0.07069859507,-0.02312994781,-0.002312994781,155,0.09271205353,-0.07054682211,0.04546707892,-0.001141366584,0.05860262985,0.0348015998,0.0006625485536,0.0006397546099,-0.270426929,-0.167229265,-0.270426929,-0.167229265,0,0.05454622592,0.03229316083,0.008536539664,0.4406498317,0.048097,0.004872531533,0.0002197228409,0.0001903486131,0.001876376712,0.002024511184,ok,4,1,1.441069199,1.598095219,-1.387149614,1.573857399,0.003641872944,0.06114971137,0.1959663494,-1.389810259,1.589488026,1.28648053,1.555346448,-0.08370938796,0.001733948056,-0.5213289279,1.441093387,1.601085333,-1.390559116,1.5734791,0.007657327628,0.06021366085,0.1915598511,-1.388801761,1.588095909,1.284655207,1.554380494,-0.08066565796,0.002819291716,-0.5243004136
3.11,19.294,0.09274266726,-0.07072190839,-0.02349654987,-0.002349654987,155,0.09334222316,-0.07055595345,0.08406704203,-0.00259254477,0.05790105534,0.03452363232,0.0002813410977,0.0003595184533,0.4961079061,-0.1453921497,0.4961079061,-0.1453921497,0,0.06534267393,0.03234275008,0.008491107134,0.7253221194,0.047678,0.003678731146,3.755670337e-05,0.0001881402961,0.0006971430846,0.001174524685,ok,4,1,1.441120792,1.598480167,-1.387172816,1.573755925,0.004259124997,0.06096770793,0.1952385822,-1.389616193,1.589372012,1.286290934,1.555251588,-0.08340961923,0.001867177775,-0.5216652019,1.439274111,1.591847875,-1.379919594,1.573471801,-0.0008668424421,0.06006121331,0.2022182292,-1.388770642,1.588240876,1.284751513,1.554208577,-0.08058371168,0.002984640093,-0.524299719
3.12,19.304,0.09250587262,-0.07074558786,-0.02386222433,-0.002386222433,156,0.09549956211,-0.0705601365,0.07875895156,-0.003097586851,0.05787945577,0.03422552554,0.0007573736743,0.0004700524289,0.6576552391,0.1190837771,0.6576552391,0.1190837771,0,0.06774428435,0.0360117822,0.008481247342,0.8870910306,0.241512,0.006599957598,0.0005382601634,5.838403861e-05,0.002477683212,0.001265177081,ok,4,1,1.441058548,1.598090861,-1.385539728,1.573347763,0.003920657281,0.0606974576,0.1956182716,-1.389347817,1.589057184,1.286286875,1.55545936,-0.08324317081,0.002092101878,-0.5220759054,1.438790276,1.589773561,-1.37759635,1.573464382,-0.002628564673,0.05994196785,0.2044891819,-1.389606084,1.591368702,1.288450465,1.554034021,-0.0836528324,0.003448387931,-0.520745331
3.13,19.314,0.09226542592,-0.07076963253,-0.02422695675,-0.002422695675,156,0.09599379567,-0.07061538118,-0.1203574314,-0.004212391054,0.05865785015,0.03437301409,0.0008755490483,0.0006724410756,0.1182751209,0.4013093114,0.1182751209,0.4013093114,0,0.06043197696,0.04039265376,0.008510405847,0.6093259679,0.230224,0.00764491655,0.0003497588596,0.0001741062141,0.002639656012,0.002036947616,ok,4,1,1.440881879,1.597290435,-1.384856577,1.573048032,0.003085003279,0.06057266593,0.1968442654,-1.389375904,1.589067135,1.286763817,1.555546867,-0.08332701246,0.002293321683,-0.5221103695,1.43989358,1.595977605,-1.384899609,1.573456851,0.003436050327,0.05982506463,0.1970579329,-1.390601068,1.595087126,1.292857077,1.553856813,-0.08733891682,0.003982165027,-0.5164937803
3.14,19.324,0.09202133667,-0.07079404145,-0.02459073273,-0.002459073273,157,0.09390242538,-0.07068225689,-0.1492640985,-0.001258982517,0.05948938665,0.03506265494,0.0002719884056,0.0002457222226,-0.1366536021,0.08389449865,-0.1366536021,0.08389449865,0,0.05743958261,0.03632107242,0.008522682759,0.3564266315,0.080825,0.005290909528,0.0003245856645,0.0002731043054,0.0009164780164,0.000658230202,ok,4,1,1.440648532,1.59697603,-1.385907115,1.573296059,0.002673729024,0.06061819236,0.1975020357,-1.389747649,1.589796216,1.287603104,1.555161135,-0.0835224029,0.002460677894,-0.5215993801,1.440278742,1.598502383,-1.387922697,1.57344921,0.006025766892,0.05971559522,0.1939377694,-1.389589798,1.591839072,1.288855781,1.553676949,-0.08366150548,0.00380802143,-0.5205422181
3.15,19.334,0.0917736145,-0.07081881367,-0.02495353791,-0.002495353791,157,0.09175884414,-0.07067398895,-0.03445046162,-3.502498813e-05,0.06000718289,0.0352774979,0.0007630450006,0.0005647698383,-0.5937322378,-0.471978277,-0.5937322378,-0.471978277,0,0.05110119932,0.02819782375,0.008550221194,0.9652996657,0.098645,0.003187010096,0.0004140755906,7.78465981e-05,0.002383273052,0.001652999592,ok,4,1,1.440463616,1.596845977,-1.386321754,1.573752263,0.003016861288,0.06065534319,0.1971247795,-1.389783516,1.590323983,1.287359163,1.554684954,-0.08347103339,0.002552384486,-0.5211870785,1.441171308,1.603888088,-1.394260168,1.573441424,0.01131702033,0.05964474339,0.1874717828,-1.387579265,1.585267599,1.280818492,1.553494449,-0.07645356196,0.003339206086,-0.528568475
3.16,19.344,0.0915222692,-0.0708439482,-0.02531535797,-0.002531535797,158,0.08968990276,-0.07065764658,0.08276110779,-0.00194438461,0.05976521232,0.03456333052,0.00137318191,0.001216952219,0.4357465208,-0.1700054556,0.4357465208,-0.1700054556,0,0.06630141013,0.03201324868,0.008485721851,0.8039366083,0.063545,0.008540690264,0.0003999300465,0.0004498989543,0.004076378667,0.003809223571,ok,4,1,1.440434957,1.597456704,-1.387301076,1.57421405,0.004014704724,0.06058517141,0.1960124731,-1.389538655,1.590128834,1.286129276,1.554082996,-0.08269282335,0.002517534536,-0.5217092561,1.438658003,1.590886849,-1.37926171,1.573433597,-0.0007514804798,0.05944114903,0.2025202718,-1.388463959,1.588515027,1.284668907,1.553309337,-0.07964202178,0.003804335189,-0.5248742647
3.17,19.354,0.09126731067,-0.07086944405,-0.02567617862,-0.002567617862,158,0.09494783385,-0.07067016012,0.2358601166,-0.003395758305,0.05862044702,0.03418680388,0.001025428044,0.0007335892289,-0.1210826039,-0.1029632017,-0.1210826039,-0.1029632017,0,0.05680420796,0.03264235586,0.008524347181,0.3994066018,0.14241,0.006725417155,0.0005707814765,0.0001207112132,0.00336268043,0.002104083879,ok,4,1,1.440552838,1.596981611,-1.384739632,1.57336557,0.004051575616,0.06015790107,0.1957948546,-1.38910591,1.589645929,1.286609249,1.554595869,-0.08248285577,0.002840820675,-0.5224174481,1.440095619,1.598956479,-1.388733698,1.573425626,0.007090260223,0.05934042686,0.1928979498,-1.388568878,1.589146079,1.28534653,1.553121608,-0.08005313609,0.004029950291,-0.5243091632
3.18,19.364,0.09100874901,-0.07089530022,-0.02603598562,-0.002603598562,159,0.09299095552,-0.0707427078,-0.1772543746,-0.004913312035,0.05892654155,0.03397074196,0.0001217066757,0.0001240277618,0.3128659427,0.3296294212,0.3128659427,0.3296294212,0,0.06361953069,0.03891518328,0.008495707434,0.5159604736,0.184048,0.003220598849,8.927826163e-05,0.000126509593,0.0003458968082,0.0003873001687,ok,4,1,1.440423545,1.59740308,-1.386137116,1.573278895,0.003993480873,0.06006885211,0.1961185486,-1.389202404,1.589368284,1.286481126,1.55450333,-0.08219146646,0.002975073744,-0.5227588188,1.438905408,1.593112014,-1.382043006,1.573417547,0.001784031529,0.05918192713,0.1995663755,-1.390018613,1.594425393,1.29164073,1.552931282,-0.08537504142,0.004718960308,-0.5182066663
3.19,19.374,0.09074659439,-0.07092151568,-0.02639476476,-0.002639476476,159,0.09409018991,-0.07078687497,-0.04818013647,-0.000404410715,0.05895831585,0.0344837993,0.0006295814438,0.0005885131399,0.3114901483,0.1625956446,0.3114901483,0.1625956446,0,0.06363066807,0.03692273397,0.008495323536,0.3844451166,0.153833,0.004698182245,0.0001012673624,0.0003438900345,0.001706202118,0.001812488274,ok,4,1,1.440247412,1.596916385,-1.385493284,1.573126505,0.003748390841,0.05989427994,0.1963468245,-1.389320536,1.589727211,1.287380237,1.554473893,-0.08249833699,0.003283973107,-0.522404866,1.438805162,1.593071934,-1.382095041,1.573409358,0.001966155619,0.0590492769,0.199436621,-1.389495894,1.592900845,1.289711056,1.552738335,-0.08349970133,0.004735352347,-0.5202162672
3.2,19.384,0.09048085718,-0.0709480894,-0.02675250189,-0.002675250189,160,0.09269095854,-0.07077862427,-0.09067735323,-0.0003907948372,0.05986050038,0.03477837618,0.0001552195746,0.0001261459854,-0.3403488398,-0.3087796569,-0.3403488398,-0.3087796569,0,0.05475526779,0.03014668133,0.008532232585,0.6348229673,0.256724,0.003419029279,7.225164398e-05,6.885898635e-05,0.00040316236,0.0003611574879,ok,4,1,1.440050534,1.596490963,-1.385196904,1.573291138,0.003520154798,0.05986449126,0.1967762524,-1.38929304,1.590175547,1.287236184,1.554206349,-0.08269137543,0.003425243022,-0.5218891116,1.440118702,1.600615495,-1.390953254,1.573401051,0.009319972759,0.0589645143,0.1904280227,-1.387816143,1.587446588,1.283019415,1.552542787,-0.07745919279,0.004383428239,-0.5269194252
3.21,19.394,0.09021154787,-0.07097502033,-0.02710918287,-0.002710918287,160,0.08968029911,-0.07077961333,-0.03176049677,-0.003190118643,0.06030887767,0.03434239938,0.0009770400627,0.0008648972342,-0.744002223,-0.4220192432,-0.744002223,-0.4220192432,0,0.04914884432,0.02801211074,0.008557017133,1.175933393,0.212727,0.006012071207,0.0003917307532,0.0003584658776,0.002896407506,0.002707623628,ok,4,1,1.439951727,1.596593152,-1.386557741,1.573846402,0.004114452521,0.05996560097,0.1964400939,-1.389199222,1.590296617,1.286276878,1.553512484,-0.08201594701,0.003336267508,-0.5221735735,1.440876463,1.605377282,-1.396571621,1.573392607,0.01404303678,0.05889457993,0.18468076,-1.387246375,1.585814048,1.280947684,1.552344662,-0.07545731315,0.004408806683,-0.5290684881
3.22,19.404,0.08993867709,-0.07100230741,-0.02746479363,-0.002746479363,161,0.08914417807,-0.07081627414,0.1221707024,-0.003271663691,0.05927931038,0.03365510295,0.001042535557,0.0008530796337,-0.330023855,0.0998403877,-0.330023855,0.0998403877,0,0.05432895255,0.03515270876,0.008533394266,0.5402121796,0.154475,0.01043177837,0.0004467010733,0.0002604833381,0.0031435966,0.002632299743,ok,4,1,1.440004681,1.597390001,-1.387804843,1.574058631,0.005206769177,0.05985146481,0.1951125383,-1.389075241,1.590001101,1.285848377,1.553082081,-0.0810600128,0.003412601622,-0.5230855856,1.439980153,1.60091736,-1.391506805,1.57338413,0.01006229861,0.05869843924,0.1897104165,-1.388922224,1.591803204,1.288112089,1.552143961,-0.08152528513,0.005149392763,-0.522119943
3.23,19.414,0.08966225561,-0.07102994956,-0.02781932012,-0.002781932012,161,0.09286270286,-0.07087243917,0.1406915766,-0.002751310264,0.05734659876,0.0337306473,0.0005823524718,0.0006603919918,0.2179011256,-0.05898175016,0.2179011256,-0.05898175016,0,0.06061511564,0.03284592104,0.008506213412,0.2624549146,0.146843,0.004270935055,0.0001605788228,0.0003230231326,0.001630412504,0.002187264085,ok,4,1,1.440219388,1.598142593,-1.387314214,1.573338078,0.005885541766,0.05949656417,0.1939813516,-1.388945565,1.589924238,1.286924576,1.553536581,-0.08097677825,0.003868537898,-0.5234759101,1.438885377,1.595518043,-1.385345205,1.573375525,0.005190693237,0.05851267949,0.1958417921,-1.388319868,1.590028517,1.285871978,1.55194068,-0.07937007032,0.005155073702,-0.5244392705
3.24,19.424,0.08938229435,-0.07105794568,-0.02817274835,-0.002817274835,162,0.09330776439,-0.07086838636,-0.08189380512,-0.002376353563,0.05731293484,0.03358694716,0.0008766607792,0.0006971651992,0.431637466,0.0317770727,0.431637466,0.0317770727,0,0.06378749683,0.03406360325,0.008492940671,0.5401225474,0.230158,0.002663304549,0.0004661443616,0.0001504625886,0.002708517177,0.00219607549,ok,4,1,1.440121738,1.598181348,-1.386669354,1.573012554,0.006042678039,0.05930547654,0.1939268482,-1.388690127,1.589639114,1.286487377,1.553756144,-0.08114661374,0.00411115484,-0.5233714751,1.438267909,1.592780123,-1.382268679,1.573366799,0.002834554388,0.05835918838,0.1988596704,-1.388558647,1.591154564,1.287140139,1.551734839,-0.08027932523,0.005445618402,-0.5233027366
3.25,19.434,0.08909880435,-0.07108629468,-0.02852506438,-0.002852506438,162,0.09263214839,-0.07089712146,-0.142062218,-0.002923780702,0.05808743381,0.03362497647,0.0006958950819,0.0004438108334,-0.3286341131,-0.009489634074,-0.3286341131,-0.009489634074,0,0.05315792211,0.03348263196,0.008537453796,0.65601767,0.146336,0.004759237961,0.0003281602282,7.091352485e-05,0.002163492089,0.001331220182,ok,4,1,1.439882556,1.59753936,-1.38631055,1.573034412,0.005791942828,0.05922890068,0.1945790678,-1.388646244,1.589702154,1.286337699,1.553465056,-0.08122113606,0.004149604122,-0.5232550843,1.439844316,1.601822063,-1.392870727,1.57335794,0.01162547032,0.05829298353,0.1880882759,-1.388367316,1.590802777,1.28661898,1.551526441,-0.07962204986,0.005594670342,-0.5239306873
3.26,19.444,0.08881179682,-0.07111499544,-0.02887625428,-0.002887625428,163,0.08934606737,-0.07094676114,-0.1282768324,-0.001815515465,0.05860492267,0.0336573215,0.0006347922692,0.0005882736995,-0.4020538032,0.1519743204,-0.4020538032,0.1519743204,0,0.05257411562,0.0359369363,0.008539652502,0.7113033899,0.235452,0.006375123896,0.0004196569672,4.998720374e-05,0.001974930645,0.001834627217,ok,4,1,1.439685324,1.597622293,-1.388192561,1.573529822,0.006167858486,0.0592828911,0.1944633998,-1.388871792,1.589965296,1.286218949,1.552747324,-0.08086738622,0.004140246151,-0.5232572007,1.439826165,1.60228838,-1.393518922,1.573348996,0.01230834967,0.05815694677,0.1873503659,-1.388899554,1.592948328,1.289119278,1.551315498,-0.08160263633,0.005987936362,-0.5215837274
3.27,19.454,0.08852128306,-0.07114404681,-0.02922630419,-0.002922630419,163,0.08968108556,-0.07097187983,0.06003502813,-0.0007759153057,0.05780840404,0.03392085561,0.0003549103515,0.0002692199174,-0.1584099531,0.1212100834,-0.1584099531,0.1212100834,0,0.05543225475,0.03573900686,0.008526609332,0.3433665562,0.145222,0.00613326917,0.0002962749416,0.0001072351841,0.001068019777,0.0008285531137,ok,4,1,1.439708371,1.598016851,-1.388597119,1.573578799,0.006842598385,0.0591577187,0.1934836351,-1.388919423,1.590433896,1.286809778,1.55251831,-0.0807225709,0.004413404588,-0.5232025148,1.439276855,1.599812233,-1.390757976,1.573339979,0.01021260394,0.05797889821,0.1900499696,-1.388798206,1.592914414,1.288980749,1.551102012,-0.08127462059,0.006172050492,-0.5218377462
3.28,19.464,0.08822727458,-0.07117344766,-0.02957520031,-0.002957520031,164,0.09033645089,-0.07097637029,0.01849377038,-0.001750711205,0.05721480486,0.03412128181,0.0001043554365,8.488437673e-05,0.484770149,0.07675469667,0.484770149,0.07675469667,0,0.06448635709,0.03527260226,0.00848869539,0.6456737629,0.215279,0.002890018154,0.0001275909115,3.844842324e-05,0.0003845832239,0.0002752153288,ok,4,1,1.439722793,1.598508601,-1.38829337,1.573407095,0.007322585786,0.05895514165,0.1928029741,-1.388789575,1.590733723,1.287068027,1.552552731,-0.08082755823,0.004708519566,-0.5230427939,1.437721316,1.592051864,-1.381855568,1.573330837,0.003112949861,0.05777379186,0.1989359349,-1.388632236,1.592661375,1.288575731,1.550885995,-0.08071138593,0.006337304857,-0.5223555243
3.29,19.474,0.08792978295,-0.07120319682,-0.02992292884,-0.002992292884,164,0.09159973618,-0.07097828149,-0.002018910162,-0.003403346198,0.05741061352,0.03423529396,0.0007275661795,0.0005581921799,0.5739054084,-0.03822943196,0.5739054084,-0.03822943196,0,0.06601919464,0.03366185248,0.008482259915,0.743489147,0.291286,0.006094288469,0.0005018284104,2.034494319e-05,0.002231008437,0.00167314975,ok,4,1,1.439618454,1.598146152,-1.38700543,1.573132421,0.00705842869,0.05871177101,0.1932308003,-1.388593198,1.590895721,1.287184305,1.552603153,-0.08101260284,0.004952525435,-0.5229277403,1.437359536,1.590711261,-1.380408051,1.573321584,0.002091574972,0.05761902135,0.2003065049,-1.388192984,1.591469439,1.287032528,1.550667455,-0.07915165804,0.006414537647,-0.5239951891
3.3,19.484,0.08762881994,-0.07123329313,-0.03026947607,-0.003026947607,165,0.09060624292,-0.07101302189,-0.1131151776,-0.004957230105,0.05856535239,0.03418048662,0.0003987663044,0.0002345749603,-0.265037626,0.4175586998,-0.265037626,0.4175586998,0,0.054589788,0.04044386712,0.008529148396,0.6848369862,0.200326,0.006515567205,0.000244097321,0.0001000575594,0.001197659946,0.0006566368967,ok,4,1,1.439352125,1.597226828,-1.386577753,1.573168746,0.006535893971,0.05860813993,0.1942469421,-1.388537491,1.590877812,1.286992892,1.552336375,-0.0809697723,0.00503357812,-0.5229519906,1.439071185,1.600431288,-1.391810215,1.573312211,0.01154981883,0.0575441564,0.1887272527,-1.389742796,1.597179722,1.293841262,1.550446402,-0.0848847242,0.00716778299,-0.5174126425
3.31,19.494,0.08732439741,-0.07126373538,-0.03061482831,-0.003061482831,165,0.08875325655,-0.07112081266,-0.1521140444,-0.002103960482,0.0587022901,0.03490911358,0.0004655850682,0.0003580373345,-0.3770698309,-0.1156178117,-0.3770698309,-0.1156178117,0,0.05304624264,0.0331748464,0.008535212358,0.7089257318,0.17536,0.005708332399,0.0005290514068,0.0002463859388,0.001581658005,0.0009568074714,ok,4,1,1.439178786,1.597124891,-1.388276172,1.573350461,0.006744879947,0.05857431678,0.1941916731,-1.388971107,1.591471389,1.288176019,1.551851951,-0.08115665096,0.005214848343,-0.5225379099,1.439179681,1.601644898,-1.393329712,1.573302175,0.01295439548,0.05741174532,0.1871024158,-1.387963387,1.591337849,1.286668885,1.550222689,-0.07840388515,0.006792950047,-0.5245948794
3.32,19.504,0.0870165274,-0.07129452238,-0.03095897193,-0.003095897193,166,0.08674271588,-0.07109313794,0.03254423741,-0.0002264666083,0.05860902615,0.03477303805,0.0008826699071,0.0009098118358,-0.5410829186,-0.1074933708,-0.5410829186,-0.1074933708,0,0.05049278237,0.03316063749,0.008545621875,0.867026428,0.17612,0.006054430854,0.0003685895923,0.0001974925913,0.002520011331,0.00292014144,ok,4,1,1.439017775,1.597354992,-1.388666497,1.573790959,0.007567313628,0.05851185998,0.1931568466,-1.388843634,1.591671531,1.287423838,1.551373093,-0.08089738924,0.005351954215,-0.5223373235,1.439438744,1.60370396,-1.395830215,1.573291886,0.01516236787,0.05729089357,0.1844865824,-1.387901389,1.591462649,1.28671574,1.549996441,-0.07822631618,0.007003710432,-0.5246698325
3.33,19.514,0.08670522205,-0.07132565292,-0.03130189334,-0.003130189334,166,0.08750012498,-0.07111024334,0.1321449822,-0.001949054077,0.05758467297,0.03459473671,0.0004349829515,0.0004735873239,0.7722296119,0.008880271576,0.7722296119,0.008880271576,0,0.06916811715,0.03472794079,0.008467516757,1.183984898,0.077298,0.007484643492,0.000115864923,0.000189673784,0.001186964806,0.001531175115,ok,4,1,1.439134778,1.598169809,-1.3891267,1.573676804,0.008498238446,0.05828479775,0.1919712259,-1.38866894,1.591843384,1.287442334,1.551191907,-0.08048813891,0.005569152819,-0.5226776266,1.436328541,1.587638659,-1.377286851,1.573281585,0.0002007297905,0.05699509481,0.2030774626,-1.388215073,1.592887995,1.288337272,1.549767705,-0.07942092707,0.007340811646,-0.5231966765
3.34,19.524,0.08639049366,-0.07135712575,-0.03164357901,-0.003164357901,167,0.09160378952,-0.07111126106,0.08782683341,-0.004853675444,0.05729955096,0.03453877076,0.001458458781,0.001013295538,0.2589271367,0.0145801343,0.2589271367,0.0145801343,0,0.06118345801,0.03475747278,0.008498035475,0.3220197096,0.084727,0.01067595209,0.0008405977573,7.604733975e-05,0.004633518076,0.002940939327,ok,4,1,1.439082459,1.597538712,-1.386282326,1.572922553,0.008031800591,0.05786454664,0.1924015105,-1.388310896,1.591633182,1.287877062,1.551688913,-0.08067190604,0.005969325918,-0.5229064405,1.437498218,1.594318515,-1.385173749,1.573271093,0.006801534412,0.05686424139,0.1950379598,-1.388162031,1.5930515,1.288429035,1.549536486,-0.07927752002,0.007559353647,-0.5232303529
3.35,19.534,0.08607235463,-0.07138893966,-0.03198401544,-0.003198401544,167,0.08871012098,-0.07118800364,-0.2538373374,-0.005942809089,0.0585864308,0.03455775575,0.0002037561579,0.0001141520245,0.1106543839,-0.07772095501,0.1106543839,-0.07772095501,0,0.06024624656,0.03339194142,0.008501100917,0.2636800701,0.062398,0.00290786475,0.0001387946943,0.0001046315469,0.0005201580188,0.0003595620044,ok,4,1,1.438775516,1.59722638,-1.387340659,1.573053447,0.007507768087,0.05782146651,0.1934910481,-1.388465422,1.59166218,1.287770308,1.551331593,-0.08055743254,0.00605235809,-0.5229459333,1.437508747,1.594990694,-1.38607172,1.5732605,0.007705550939,0.05671262596,0.1940354447,-1.387776614,1.592070913,1.287133037,1.549302794,-0.07792063184,0.007671289901,-0.5246304601
3.36,19.544,0.08575081756,-0.07142109336,-0.0323231892,-0.00323231892,168,0.08710416478,-0.07121807004,-0.05483365369,-0.002479720609,0.05928244781,0.03446017078,0.0003640461716,0.0004046866425,0.03990306333,0.1182707697,0.03990306333,0.1182707697,0,0.05988099376,0.03623423232,0.008501772945,0.2736472933,0.117494,0.002242199811,0.000282620838,3.283674947e-05,0.001134671722,0.001311883613,ok,4,1,1.438495727,1.596519393,-1.387694192,1.573392429,0.0074862105,0.05780647191,0.1937209156,-1.388529561,1.591810396,1.287593744,1.550801561,-0.08016283165,0.006166074244,-0.5230459326,1.437427099,1.595173237,-1.386402386,1.573249799,0.008148469178,0.05655467691,0.1936036312,-1.388390936,1.594546869,1.290025578,1.549066645,-0.08021638484,0.008113698368,-0.5219120098
3.37,19.554,0.0854258951,-0.07145358561,-0.0326610869,-0.00326610869,168,0.08741759593,-0.07125728828,-0.003180613668,-0.001855969395,0.05933695474,0.03465272881,0.0001178737038,0.000144486401,-0.6408174038,-0.3105019629,-0.6408174038,-0.3105019629,0,0.04972469368,0.02999519937,0.00854463297,1.018205895,0.181653,0.002403451264,0.0001568385232,0.0001029997699,0.0003048403528,0.0004422887792,ok,4,1,1.438382304,1.596278219,-1.387318495,1.573359862,0.007525108312,0.0576475688,0.1935696862,-1.388520013,1.592143417,1.288085953,1.550596919,-0.08003940682,0.006435443348,-0.5230355524,1.438864922,1.603721776,-1.396437886,1.573238922,0.01652185819,0.05651369508,0.1833876273,-1.386835448,1.589572579,1.283878795,1.548828029,-0.07462416867,0.007863521387,-0.5280830352
3.38,19.564,0.08509760012,-0.07148641511,-0.03299769519,-0.003299769519,169,0.08480740573,-0.07126468533,0.00538764409,-0.002399360481,0.05838596145,0.03417564668,0.001020367408,0.0008972292192,0.4417720437,-0.294949919,0.4417720437,-0.294949919,0,0.0650125421,0.02975139789,0.008479521234,0.7622507028,0.109698,0.00931652385,0.000430280356,0.0002165840992,0.003001056704,0.002780593209,ok,4,1,1.438352294,1.59695138,-1.388872177,1.573728632,0.00842807969,0.05765266873,0.1927041511,-1.388377415,1.592128724,1.287216685,1.550088231,-0.07932573068,0.006510552082,-0.5233744995,1.436314586,1.590533199,-1.38124967,1.573228075,0.004292759667,0.05619544885,0.1985933134,-1.386714191,1.589518593,1.283701036,1.548586976,-0.07423683066,0.00807208327,-0.5283861006
3.39,19.574,0.08476594554,-0.07151958057,-0.03333300079,-0.003333300079,169,0.08845501273,-0.07125709914,0.1768164929,-0.002812256872,0.05859437676,0.03362095694,0.0007976469014,0.0004952309569,-0.1015292034,0.2016975135,-0.1015292034,0.2016975135,0,0.05707143871,0.03664641964,0.008510786171,0.3607128771,0.089266,0.006119930959,0.0004801174816,0.0001278470374,0.002707889133,0.001322990924,ok,4,1,1.438343881,1.596428129,-1.386520106,1.573264756,0.008503668578,0.05731584675,0.1924733825,-1.387869201,1.591727062,1.28702396,1.550285041,-0.07890876213,0.006797441927,-0.5240171689,1.437445871,1.597176138,-1.389091814,1.57321704,0.01087546012,0.05608711298,0.1905919195,-1.388300352,1.595319875,1.290631088,1.548343503,-0.08004475925,0.008820845799,-0.5217050912
3.4,19.584,0.08443094449,-0.07155308067,-0.03366699045,-0.003366699045,170,0.08796663428,-0.0713514678,-0.144984945,-0.003863325045,0.05852144674,0.03389441095,0.0004209304975,0.0004991570645,0.1578284204,0.1570241451,0.1578284204,0.1570241451,0,0.06088887305,0.03624977313,0.008494148101,0.3170837612,0.214772,0.003348534109,8.182313339e-05,0.0002641129368,0.001097009732,0.001662651118,ok,4,1,1.438263835,1.596845643,-1.387524579,1.572970816,0.008291022142,0.05713946544,0.1928332076,-1.388079493,1.591971341,1.287888492,1.550230331,-0.07880252351,0.007089716242,-0.524167668,1.436694242,1.593782336,-1.385273863,1.573205915,0.007936490445,0.05588461527,0.1943360014,-1.388142079,1.595142178,1.290302752,1.54809759,-0.07952042208,0.009019782661,-0.5221599172
3.41,19.594,0.08409261016,-0.0715869141,-0.03399965101,-0.003399965101,170,0.08720844078,-0.07136928432,-0.08552920984,-0.002104207594,0.05898652822,0.03417416783,0.0002361950432,0.0003280211248,0.04205137491,0.1778558642,0.04205137491,0.1778558642,0,0.05961729884,0.0368420058,0.008498500263,0.3456657631,0.095175,0.002821562851,2.121099241e-05,0.0001774819179,0.0005641381961,0.001077508277,ok,4,1,1.438039403,1.596483865,-1.38738159,1.573073747,0.008243107299,0.05704017167,0.1930073363,-1.388112855,1.592320616,1.288073882,1.550028001,-0.07889196481,0.007365350816,-0.5238401247,1.436749502,1.594732104,-1.386501609,1.573194672,0.009121747648,0.05572711412,0.1929953198,-1.388217812,1.595777273,1.290959295,1.547849265,-0.07985250718,0.009297193164,-0.5216480819
3.42,19.604,0.08375095594,-0.07162107953,-0.03433096931,-0.003433096931,171,0.0863656477,-0.07139415721,-0.06565529134,-0.001613107456,0.05908724815,0.03449228225,7.419260511e-05,0.0001256647913,-0.5496621728,-0.2547385693,-0.5496621728,-0.2547385693,0,0.05084231556,0.03067120371,0.008534917778,0.8911536893,0.063698,0.002950642835,6.23838015e-05,4.187283301e-05,0.0001851382094,0.0004372958418,ok,4,1,1.437858705,1.59621658,-1.387386538,1.573183513,0.008317638963,0.05692628472,0.1930677395,-1.388111288,1.59282663,1.288246547,1.549678181,-0.07898478494,0.007556939755,-0.5234917002,1.43797018,1.602093164,-1.39516835,1.573183261,0.01639240465,0.05566490495,0.1841562026,-1.386681358,1.590869076,1.284884131,1.547598512,-0.07431479137,0.009065944254,-0.5277507316
3.43,19.614,0.08340599529,-0.07165557559,-0.03466093229,-0.003466093229,171,0.08355985711,-0.0714059673,-0.02658288416,-0.003481083809,0.05825563493,0.03413726322,0.0009715645056,0.0007505360373,-0.8380261064,-0.2903291583,-0.8380261064,-0.2903291583,0,0.04568524333,0.02978232585,0.008557516257,1.341156455,0.115527,0.008184988384,0.0004063071149,0.0002824069307,0.002900365528,0.002252548877,ok,4,1,1.437763714,1.596576118,-1.388835267,1.573636044,0.009179448004,0.05694302321,0.192341191,-1.388029915,1.592943895,1.287470751,1.549027969,-0.07838319738,0.00757835987,-0.5237335615,1.43859142,1.606369712,-1.400246322,1.573171802,0.02073539905,0.05559154957,0.1789296265,-1.386401088,1.590294396,1.284067209,1.547345381,-0.07335901919,0.009239678275,-0.5286876463
3.44,19.624,0.08305774186,-0.07169040093,-0.03498952691,-0.003498952691,172,0.08328966653,-0.07144839355,0.1126503539,-0.003370376027,0.05684730037,0.03366240314,0.0009034251128,0.0006406987433,-0.1750135571,0.08701501042,-0.1750135571,0.08701501042,0,0.05422209702,0.0349676283,0.00851833143,0.3498856338,0.205865,0.01183618686,0.0003870541628,0.0001801477843,0.002735872227,0.001890636521,ok,4,1,1.437825613,1.597575469,-1.3901489,1.573748422,0.01047283205,0.05676928291,0.1907658133,-1.387920389,1.592811794,1.287277696,1.548629697,-0.07761985452,0.00776210569,-0.524432104,1.43714931,1.598925408,-1.391750366,1.573160285,0.01397168838,0.05527187948,0.1873896598,-1.387575483,1.594696384,1.289299045,1.547089877,-0.07767053,0.009862629547,-0.5236867573
3.45,19.634,0.08270620936,-0.07172555418,-0.03531674021,-0.003531674021,172,0.08688333163,-0.07149125917,0.1110750857,-0.00319381171,0.05637498646,0.03372507779,0.0007493658216,0.0007615209839,0.3106387258,-0.007175242994,0.3106387258,-0.007175242994,0,0.06103456735,0.03361744915,0.008489057151,0.5148458619,0.132718,0.002836870767,0.0003318041731,0.000251224395,0.002256529187,0.002480933529,ok,4,1,1.43796872,1.598114034,-1.389237754,1.573048383,0.01113481762,0.0563779251,0.1897329284,-1.387705253,1.592719177,1.288097419,1.549021133,-0.07765545007,0.008241987451,-0.5246892398,1.435923261,1.592965575,-1.384960116,1.573148662,0.008607136118,0.05501969766,0.1941231893,-1.387188573,1.593744567,1.288024961,1.546831976,-0.07631100714,0.01000078198,-0.5250761679
3.46,19.644,0.0823514117,-0.07176103395,-0.03564255926,-0.003564255926,173,0.08724918257,-0.07150696767,-0.1172928406,-0.004122711909,0.05677786282,0.03367104156,0.001052514588,0.0007944674839,0.858610332,0.2272794396,0.858610332,0.2272794396,0,0.0696570178,0.03708023316,0.00845510105,1.264956111,0.304248,0.004850146274,0.0005709391259,0.0001356144447,0.003294466979,0.002482647111,ok,4,1,1.437792499,1.597815722,-1.388393424,1.572712853,0.0111102072,0.05614888888,0.1900111392,-1.387473853,1.592501122,1.287809659,1.549140339,-0.07789141268,0.008494503307,-0.5245485088,1.434353836,1.585472821,-1.376369977,1.573136908,0.001775546067,0.05479740984,0.2026607003,-1.38794058,1.596739667,1.291541896,1.546571738,-0.07912317523,0.01050722698,-0.5217623671
3.47,19.654,0.08199336286,-0.07179683883,-0.03596697121,-0.003596697121,173,0.087539216,-0.0715494135,-0.1280838109,-0.003993970491,0.05799774913,0.03398634429,0.001318300752,0.0008824159806,-0.2565311491,0.2792563736,-0.2565311491,0.2792563736,0,0.0541497819,0.03817518989,0.008515732468,0.5087908565,0.196062,0.0113755322,0.0005575712477,0.0001393713041,0.004146377918,0.002635780562,ok,4,1,1.437447996,1.596450155,-1.38696876,1.572567904,0.01037015522,0.05599459152,0.1912851681,-1.387444638,1.592706735,1.288141676,1.548924544,-0.07822886455,0.008623276748,-0.5242324369,1.436699907,1.598560403,-1.391718436,1.573124985,0.01452112554,0.05474366533,0.1870963111,-1.388131004,1.597794643,1.292702795,1.54630913,-0.07987995395,0.01083509676,-0.5207638823
3.48,19.664,0.08163207701,-0.07183296742,-0.03628996324,-0.003628996324,174,0.08266001673,-0.0716276109,-0.2650663925,-0.002208407477,0.0578412649,0.03452322901,0.0007447135684,0.0006712006151,-0.2382136434,-0.1431479454,-0.2382136434,-0.1431479454,0,0.05426806025,0.03237600983,0.008514235166,0.4691218127,0.263863,0.004734409472,0.0005066242199,7.229213282e-05,0.002381758159,0.002030744885,ok,4,1,1.437073471,1.5963167,-1.38917735,1.573220402,0.01026786246,0.05606851828,0.1918307206,-1.387913333,1.593436903,1.288478271,1.548002146,-0.0781804459,0.008667514479,-0.5237899293,1.436525405,1.59831446,-1.391565944,1.573113013,0.01459164805,0.05456228133,0.1871395025,-1.386690091,1.593201597,1.287002508,1.546044131,-0.07465916078,0.01064386619,-0.5265012299
3.49,19.674,0.08126756838,-0.07186941828,-0.0366115226,-0.00366115226,174,0.08111582381,-0.07161506745,0.08179151881,-0.001904664709,0.05754518768,0.03436464878,0.001028870745,0.001013791015,0.02016895823,0.1816245317,0.02016895823,0.1816245317,0,0.05784772205,0.03708901675,0.008498257964,0.3780022671,0.15431,0.003960307385,0.0004397153578,0.0002469397756,0.002950499514,0.003287257619,ok,4,1,1.436903979,1.596124448,-1.389329699,1.57372305,0.01089408021,0.05597489093,0.1910998099,-1.387785527,1.59374726,1.2879858,1.547379525,-0.07771514962,0.008846487021,-0.5238060209,1.435807217,1.595109718,-1.387979995,1.573100965,0.01185256127,0.05433404534,0.1906406957,-1.387734825,1.597223842,1.291765822,1.545776868,-0.07854829994,0.01124917477,-0.5219697369
3.5,19.684,0.08089985137,-0.07190618998,-0.03693163661,-0.003693163661,175,0.08395526814,-0.07165686163,0.1119959905,-0.00273701788,0.05750314985,0.03462875564,0.0003151913856,0.0002106542074,0.654456079,0.3893888593,0.654456079,0.3893888593,0,0.06731999104,0.04046958853,0.00846011169,0.9738979957,0.153314,0.003093323099,0.0001366861829,0.0001034524393,0.001060792764,0.0006416793395,ok,4,1,1.436990484,1.59625057,-1.388284306,1.573216617,0.01113903936,0.05561264428,0.1906012832,-1.387602703,1.594130519,1.288936982,1.547536145,-0.07769429082,0.00927585705,-0.5239031422,1.4341152,1.586881077,-1.378545326,1.573088813,0.004329100623,0.05407245708,0.200026113,-1.388453076,1.600158148,1.29520212,1.545507257,-0.08127945133,0.01176522752,-0.5187418827
3.51,19.694,0.0805289405,-0.07194328107,-0.03725029262,-0.003725029262,175,0.08608406626,-0.07168679422,-0.06090257475,-0.003833312577,0.0584707841,0.03523360476,0.001263679658,0.0009829677336,0.3613827229,0.2302092761,0.3613827229,0.2302092761,0,0.06389152494,0.0386867439,0.00847225911,0.5986879002,0.132637,0.008761319438,0.0005663821081,0.0002279687781,0.0038977971,0.003015448606,ok,4,1,1.436839414,1.595642396,-1.386496992,1.572623226,0.01053653432,0.05527460105,0.1913527119,-1.387531468,1.594475188,1.289879272,1.547849161,-0.07833526859,0.009728844172,-0.5234376655,1.434516837,1.589655517,-1.381910991,1.573076536,0.007281823417,0.05390765347,0.1965250472,-1.387968746,1.598857819,1.29350253,1.545235323,-0.07953547104,0.01187571434,-0.5205568729
3.52,19.704,0.08015485042,-0.07198069008,-0.03756747805,-0.003756747805,176,0.08309334701,-0.07173064752,-0.2224026904,-0.004235868315,0.05915230838,0.03566220726,0.0001306944499,0.0001147335734,-0.3470881879,0.3071664572,-0.3470881879,0.3071664572,0,0.05394598556,0.04026970412,0.008511577682,0.5936698915,0.065348,0.00524146873,9.369870147e-05,0.000108085639,0.0003458559817,0.0004106749743,ok,4,1,1.436409054,1.594896986,-1.386779951,1.572915102,0.009973511444,0.05522397318,0.1924477943,-1.387690886,1.594976155,1.289868902,1.547347373,-0.07860005157,0.009857841746,-0.5228821124,1.435936573,1.597998074,-1.391741266,1.573064097,0.01553431256,0.0538333768,0.1865110954,-1.388263175,1.600320768,1.295151336,1.544961085,-0.08070505799,0.01225711709,-0.5190864849
3.53,19.714,0.07977759589,-0.07201841553,-0.03788318038,-0.003788318038,176,0.0806901275,-0.07179083561,-0.08056444805,-0.001624763953,0.0586988786,0.03624861681,0.0008006874179,0.0006552818303,-0.4165967107,-0.2252694517,-0.4165967107,-0.2252694517,0,0.05244992794,0.03286957503,0.008516931861,0.7286788759,0.096347,0.005713433424,0.0005700926805,2.06778452e-05,0.002483613523,0.001989719466,ok,4,1,1.436202014,1.594710357,-1.388241942,1.573344382,0.0103628124,0.05520735813,0.1922245288,-1.387976592,1.595811383,1.290502288,1.546617565,-0.07858072869,0.01001651634,-0.5224443766,1.436004634,1.599126246,-1.393188336,1.573051603,0.01692462171,0.05367010971,0.18493774,-1.386453328,1.594424676,1.287862017,1.544684505,-0.07409362738,0.01195327491,-0.5263845808
3.54,19.724,0.0793971918,-0.07205645594,-0.03819738714,-0.003819738714,177,0.079348347,-0.07177819277,0.086322391,-0.002835287659,0.05806584018,0.03594693882,0.001005029395,0.0009854762573,-0.706520915,-0.07076476514,-0.706520915,-0.07076476514,0,0.04746802646,0.03488546734,0.008537827315,1.125346968,0.214373,0.006195085264,0.0003499265635,0.0003264407749,0.00283180054,0.003177683337,ok,4,1,1.436098628,1.594997613,-1.38851838,1.573707597,0.01125591423,0.05506639703,0.1911328253,-1.387772236,1.595933858,1.289841873,1.546098745,-0.07810128632,0.01020279659,-0.522587547,1.436595232,1.603237358,-1.398092077,1.573039004,0.0211524406,0.05357672888,0.1798793556,-1.386856258,1.596242558,1.289944107,1.544405708,-0.07563539097,0.01236384594,-0.5244923203
3.55,19.734,0.07901365317,-0.0720948098,-0.03851008594,-0.003851008594,177,0.08031305053,-0.07183208723,0.1352335154,-0.003373236956,0.05682735711,0.03580773568,0.0005007274653,0.0004047662645,0.4735513031,-0.453112185,0.4735513031,-0.453112185,0,0.06393062666,0.02901105291,0.008468259056,0.7704959563,0.170422,0.009895108957,0.0001922973113,0.000119657533,0.00145596104,0.001242781217,ok,4,1,1.436229864,1.596078061,-1.389427202,1.573455948,0.01231731883,0.05477207996,0.1897744646,-1.387669999,1.596069935,1.290234323,1.545979046,-0.07761414934,0.0105371091,-0.5230818011,1.433854544,1.589015288,-1.381722242,1.573026427,0.007940108164,0.0531481766,0.1962500035,-1.385382493,1.591609324,1.284170856,1.544124597,-0.07034370384,0.01220769448,-0.5302997969
3.56,19.744,0.07862699515,-0.0721334756,-0.03882126443,-0.003882126443,178,0.08301295573,-0.07180360471,0.1362052829,-0.006018825135,0.05745720508,0.03498825903,0.000918282368,0.00062307936,0.6579483151,-0.01796134189,0.6579483151,-0.01796134189,0,0.0673264298,0.0347188389,0.008454461089,0.9835260067,0.142944,0.006787026002,0.0007035064309,0.0001891149855,0.003056143193,0.001713316227,ok,4,1,1.436185386,1.595744855,-1.387194009,1.572967501,0.01233227907,0.05440667615,0.1897262373,-1.38706682,1.595425623,1.289430382,1.546262784,-0.07713072984,0.01088026206,-0.5238195871,1.433129665,1.585965134,-1.378313004,1.573013652,0.005354532428,0.05293010945,0.1995614974,-1.386669647,1.596445275,1.289931335,1.543841275,-0.07507810396,0.01287861213,-0.524807223
3.57,19.754,0.07823723299,-0.07217245182,-0.03913091032,-0.003913091032,178,0.08410793982,-0.07190013765,-0.145801092,-0.007040467267,0.05847058084,0.03487177532,0.001294865796,0.001029779472,0.2305720001,-0.05026338249,0.2305720001,-0.05026338249,0,0.06192916085,0.03411782458,0.00847386247,0.4481880738,0.327468,0.008928012268,0.0005513772006,0.0001880125356,0.003914056123,0.003211819152,ok,4,1,1.435949942,1.594893146,-1.386326201,1.572471765,0.01149702694,0.05415838111,0.1910483351,-1.387000136,1.595189954,1.289895129,1.546340273,-0.07696164903,0.01113586551,-0.5242747018,1.433846652,1.590411266,-1.383632167,1.573000778,0.009921815471,0.05277484512,0.1940901141,-1.386453529,1.596125154,1.289410596,1.543555673,-0.07434899574,0.01310105848,-0.5254704274
3.58,19.764,0.07784438209,-0.07221173691,-0.03943901139,-0.003943901139,179,0.08063449559,-0.07196727881,-0.2463949834,-0.004681402246,0.05903307233,0.03480821936,0.0001883764171,0.0001723351591,0.5008751154,-0.1437563002,0.5008751154,-0.1437563002,0,0.06654619906,0.03265187486,0.00845545809,0.808839177,0.276294,0.003678911654,0.0001947628752,0.0001443771765,0.0006881936888,0.0004118372473,ok,4,1,1.435481497,1.594090177,-1.38709806,1.572887548,0.01092237556,0.05416660239,0.1921156806,-1.38719089,1.595249603,1.289646435,1.545705746,-0.07660738596,0.01123773682,-0.5243338533,1.432919141,1.586317182,-1.379009669,1.57298781,0.006344240075,0.05254293907,0.1986201634,-1.386033325,1.595099096,1.288029552,1.543267823,-0.07287004867,0.01326234546,-0.5269773985
3.59,19.774,0.07744845795,-0.07225132932,-0.03974555547,-0.003974555547,179,0.07979470438,-0.07197840445,-0.04831432934,-0.00243123752,0.05996829623,0.03458238729,0.0001771239011,0.0002265485182,-0.6527167559,-0.3146846592,-0.6527167559,-0.3146846592,0,0.0501775449,0.02986211741,0.008520098044,1.050608035,0.169501,0.006975256973,0.0001094956695,3.697107095e-05,0.0005035839963,0.0007582293951,ok,4,1,1.435078048,1.592940212,-1.385984925,1.57311449,0.0104836711,0.0540288684,0.1926900701,-1.387107976,1.595367644,1.289274663,1.545238515,-0.07615139282,0.01144696912,-0.5245104004,1.435350807,1.600137723,-1.395215633,1.572974634,0.01985082152,0.05255503311,0.1821839898,-1.385289807,1.592996261,1.285329684,1.542977759,-0.07024439198,0.01334173114,-0.5297751511
3.6,19.784,0.07704947621,-0.0722912275,-0.04005053047,-0.004005053047,180,0.07654321001,-0.072029064,-0.01853818013,-0.00281241311,0.05902878484,0.03409764621,0.001431471704,0.001100258943,-0.2111687213,0.07653271407,-0.2111687213,0.07653271407,0,0.05586125402,0.03524563692,0.008495012491,0.4310605016,0.160753,0.009908220656,0.0006900828353,0.0001707122238,0.004380077434,0.003316418211,ok,4,1,1.434989163,1.59344048,-1.388001917,1.573586457,0.01115435945,0.05401352886,0.1920922104,-1.387073482,1.595477015,1.288681719,1.54449935,-0.07513593604,0.01155487745,-0.5250794577,1.434299829,1.595118017,-1.389537208,1.57296151,0.0154056504,0.05225925338,0.1877816054,-1.386491686,1.5975701,1.290769419,1.542685518,-0.07468794396,0.01399623574,-0.5246054428
3.61,19.794,0.07664745261,-0.07233142986,-0.04035392434,-0.004035392434,180,0.07978617468,-0.07206574896,0.1591585002,-0.003030528254,0.05857313744,0.03417520565,0.0001602705161,0.0003643940463,-0.4445928931,0.05951072276,-0.4445928931,0.05951072276,0,0.05190424405,0.03506786649,0.008510579998,0.7282960889,0.168967,0.003625654504,0.0001054970546,0.0002320147499,0.0002797622555,0.001289245991,ok,4,1,1.435121456,1.593807438,-1.387229776,1.573135681,0.0117799959,0.05368049843,0.191026709,-1.386881033,1.595713418,1.289598199,1.544640812,-0.07484849738,0.0120540854,-0.5254034625,1.434738567,1.598341072,-1.39342418,1.572948221,0.01881476445,0.05212887973,0.1837437481,-1.38637288,1.597601497,1.290672461,1.542391037,-0.07431860432,0.01425810529,-0.5248581722
3.62,19.804,0.07624240304,-0.07237193482,-0.04065572511,-0.004065572511,181,0.07952807074,-0.0721098666,-0.03364214015,-0.002589551515,0.05775591001,0.03424982625,0.0001320971003,0.0003281933731,0.4677686393,0.207051158,0.4677686393,0.207051158,0,0.0647724396,0.03735559362,0.008458085639,0.7436017363,0.152353,0.006505504342,3.726269537e-05,0.0001472561743,0.0002060402914,0.001174802022,ok,4,1,1.435147907,1.594624967,-1.387930078,1.572952852,0.01253394818,0.05346507412,0.1902492524,-1.386722385,1.595840504,1.289655576,1.544596148,-0.07483260268,0.01239738294,-0.525306543,1.43251804,1.587188949,-1.380611411,1.572934969,0.008516135049,0.05175401798,0.1965170085,-1.386832801,1.599649261,1.293030252,1.542094395,-0.07607939619,0.01470085689,-0.5227091694
3.63,19.814,0.07583434346,-0.07241274077,-0.04095592085,-0.004095592085,181,0.08112609891,-0.07212251383,-0.04463239737,-0.002880460523,0.05841607888,0.03456785606,0.0009739456598,0.0008802418744,0.634526968,0.4474754632,0.634526968,0.4474754632,0,0.0679339834,0.04127998801,0.008445297182,0.980188473,0.138357,0.006942974737,0.0005449172655,0.0001386214967,0.002882173403,0.0028043622,ok,4,1,1.43492212,1.594131924,-1.386293077,1.572619421,0.01238187581,0.05313816148,0.1904857299,-1.386567829,1.596081688,1.290030216,1.544604079,-0.07521675594,0.01272515284,-0.5249692026,1.431821801,1.584330039,-1.377431255,1.572921521,0.006125597815,0.05152299899,0.1995903162,-1.387662214,1.603039668,1.297015766,1.541795558,-0.07925213829,0.0152774406,-0.5189675195
3.64,19.824,0.07542329001,-0.07245384612,-0.04125449973,-0.004125449973,182,0.0807525194,-0.07217149916,-0.1931354476,-0.003843926243,0.05946436391,0.0353102059,0.0009159866976,0.000787721921,-0.2688752413,0.09377456456,-0.2688752413,0.09377456456,0,0.05543123529,0.03671682437,0.008492431045,0.4798315204,0.161677,0.008747004114,0.0003999950427,0.0001812461294,0.002679453256,0.00246873173,ok,4,1,1.434598633,1.593077043,-1.385426826,1.572457716,0.0117057672,0.05294961793,0.1916684047,-1.386691038,1.59666391,1.290809652,1.544373978,-0.07583863637,0.01296751793,-0.5242835627,1.433665042,1.594836006,-1.389804081,1.572907892,0.01650408241,0.05145948723,0.1870152483,-1.386525385,1.599486591,1.292557511,1.541494516,-0.07508737747,0.0152135475,-0.5234939673
3.65,19.834,0.0750092589,-0.07249524923,-0.04155144996,-0.004155144996,182,0.07556614411,-0.07221636994,-0.2010113436,-0.003610903205,0.05920462482,0.03557624951,0.001099491258,0.0008992092123,-0.757582128,-0.4020869732,-0.757582128,-0.4020869732,0,0.0478408929,0.02954494492,0.008523632514,1.259293091,0.173598,0.004920272058,0.0005128869546,0.0001873781029,0.003431641858,0.002782474755,ok,4,1,1.43419525,1.592776788,-1.387341064,1.573252902,0.01191615779,0.05302054449,0.1919355203,-1.386953218,1.597266428,1.290465907,1.543359823,-0.07567380506,0.01299287998,-0.5238737901,1.434649202,1.601165154,-1.397296301,1.572893027,0.0228871925,0.05140610412,0.1793425894,-1.384750051,1.593814717,1.285498922,1.541190013,-0.06866759933,0.01499573789,-0.5305599497
3.66,19.844,0.07459226648,-0.07253694847,-0.0418467598,-0.00418467598,183,0.07302661613,-0.07223203931,0.1106280947,-0.003591307077,0.05806587129,0.0350001235,0.001811198235,0.001556852797,-0.6354002357,0.08545947075,-0.6354002357,0.08545947075,0,0.04853486775,0.03628201556,0.008519372514,1.061917938,0.210517,0.01122616174,0.0007030988997,0.0004444835432,0.005439840961,0.004917976602,ok,4,1,1.434075294,1.593229123,-1.388789289,1.573904625,0.0131440728,0.05292271947,0.1905687512,-1.386811365,1.597344336,1.289599634,1.542468754,-0.07470416469,0.01309599227,-0.5244104187,1.434365897,1.600404814,-1.396567368,1.572877937,0.02251488874,0.05118539825,0.1799495718,-1.386263211,1.599496035,1.29228987,1.54088331,-0.07426601049,0.01575147067,-0.5240821169
3.67,19.854,0.07417232921,-0.0725789422,-0.0421404176,-0.00421404176,183,0.07683442723,-0.07229596416,0.2368745472,-0.003180879532,0.0568716378,0.03507405748,0.0001516175847,0.0002131128651,0.1578925997,-0.2121690363,0.1578925997,-0.2121690363,0,0.0592400268,0.03189152193,0.00847394953,0.4099330086,0.144001,0.008897385551,0.0001402486369,0.0001985462725,0.0003762898311,0.0007949607264,ok,4,1,1.434351576,1.594270292,-1.388773841,1.573206112,0.01429552275,0.05248610021,0.1888469573,-1.386652826,1.597549475,1.290827304,1.542731029,-0.07434770644,0.01365818834,-0.5249408919,1.432520586,1.59108463,-1.385900415,1.572862818,0.01397297486,0.05078577552,0.1905604764,-1.385151128,1.596096293,1.288002654,1.540574349,-0.07024837635,0.01572816978,-0.5284388758
3.68,19.864,0.07374946367,-0.07262122875,-0.04243241177,-0.004243241177,184,0.07827255539,-0.07229627406,0.03152327998,-0.005660040902,0.05697317223,0.03466675704,0.0007366133753,0.0006045335703,0.4761312306,-0.3012127578,0.4761312306,-0.3012127578,0,0.06411514069,0.03014856568,0.008454233242,0.7793444804,0.184185,0.003980009182,0.0006051960536,4.791336965e-05,0.002302550339,0.00190914935,ok,4,1,1.434286341,1.594549035,-1.387480406,1.572736031,0.01456966155,0.05214554981,0.1885296275,-1.386216126,1.597139326,1.290334309,1.543027033,-0.07422838554,0.01406227677,-0.5252186163,1.431549315,1.58675559,-1.381017235,1.572847568,0.01018822934,0.05051718973,0.1953428019,-1.384653821,1.594862481,1.286350533,1.540263313,-0.06851695692,0.01590340548,-0.5302180146
3.69,19.874,0.07332368655,-0.07266380646,-0.04272273079,-0.004272273079,184,0.07794848008,-0.0723445314,-0.1202714823,-0.00675406241,0.0576974425,0.03412765533,0.0007513473089,0.0004598585622,-0.220820874,0.3210474551,-0.220820874,0.3210474551,0,0.05438512939,0.03894336716,0.008491106367,0.5585466788,0.181523,0.006943526029,0.0004961539766,0.0001200879724,0.002320311833,0.001365379414,ok,4,1,1.433979315,1.593699116,-1.386830272,1.572602922,0.01431441408,0.05192934539,0.189350966,-1.385941236,1.596645253,1.289605395,1.542781032,-0.07391352046,0.01417880208,-0.5256462038,1.432921882,1.594894381,-1.390636708,1.572832081,0.01832625843,0.05044362753,0.1855335402,-1.386638765,1.602225456,1.295190861,1.539950248,-0.07588375487,0.01681205305,-0.5217439871
3.7,19.884,0.07289501468,-0.07270667365,-0.04301136318,-0.004301136318,185,0.07609575846,-0.07246885425,-0.156839285,-0.003502342498,0.05739406401,0.03465212503,0.0002722576125,0.0002649608534,-0.6098790169,0.3125062883,-0.6098790169,0.3125062883,0,0.04824587875,0.03933971935,0.008515839365,1.031674266,0.137148,0.005112683417,0.0003310846638,0.000337351147,0.0009302575562,0.0006857905482,ok,4,1,1.433715465,1.593543459,-1.388460083,1.572722178,0.01434068329,0.05183050849,0.1896256732,-1.386367213,1.597112773,1.290724912,1.542186416,-0.07380826049,0.01441187534,-0.5255383244,1.433678446,1.599976086,-1.396688319,1.57281658,0.02353927597,0.05036089137,0.1793089306,-1.386646677,1.602736977,1.295670425,1.539634987,-0.07599559946,0.01713485829,-0.5214438486
3.71,19.894,0.07246346495,-0.07274982862,-0.04329829756,-0.004329829756,185,0.07394751695,-0.07249721907,-0.05812419265,0.0001326337952,0.05647148356,0.03521124146,0.0007581858318,0.0005684271301,-0.004610208794,0.2033871561,-0.004610208794,0.2033871561,0,0.05640233043,0.03826204881,0.008480505464,0.4187565534,0.157315,0.00924973165,0.0005447262888,0.0001939473069,0.002433871427,0.001610135903,ok,4,1,1.43356318,1.593948637,-1.389772717,1.573080944,0.01519165451,0.05177896935,0.1885586622,-1.38653866,1.597857251,1.291141586,1.54167076,-0.0738436515,0.01475568259,-0.5249150779,1.432237098,1.592826509,-1.388548642,1.572801011,0.0170742375,0.04998196229,0.1873717527,-1.386315772,1.602044817,1.294684259,1.539317629,-0.07483376943,0.01734865514,-0.5225778749
3.72,19.904,0.07202905443,-0.07279326968,-0.04358352259,-0.004358352259,186,0.07554091521,-0.07247289534,0.06720113935,-0.001108263072,0.05640124919,0.0355559912,0.0002572412973,0.0001991608446,0.3710449338,-0.2504347861,0.3710449338,-0.2504347861,0,0.0619669232,0.03179946941,0.008457741443,0.6140229008,0.174359,0.003513876043,0.0002208626134,7.220628596e-05,0.0009054443875,0.0005692054953,ok,4,1,1.433562202,1.594041288,-1.388498513,1.572925833,0.01573092021,0.0515119117,0.1877486569,-1.386220138,1.598530941,1.291343382,1.541582735,-0.07405655798,0.01514967049,-0.5244790498,1.431159835,1.587901059,-1.382978617,1.572785412,0.01272631801,0.04968466343,0.192841934,-1.384718496,1.596964689,1.288337203,1.538998098,-0.069023724,0.01719492288,-0.5289481422
3.73,19.914,0.07159180023,-0.0728369951,-0.04386702703,-0.004386702703,186,0.07565499199,-0.07246671,0.004663092407,-0.006586798263,0.05694791273,0.03515705674,0.000511517368,0.0004218785056,0.555914402,-0.1701223105,0.555914402,-0.1701223105,0,0.06528662876,0.03260522208,0.008444513152,0.8768441377,0.192333,0.005762723108,0.0004910728293,0.000364329443,0.001675187369,0.001129616028,ok,4,1,1.433431564,1.593663782,-1.387473319,1.572826234,0.0156477042,0.05126715027,0.1881883437,-1.38581221,1.598548553,1.29064542,1.541360729,-0.07374526594,0.0153293159,-0.5248082642,1.430424511,1.584895341,-1.379635979,1.572769633,0.0102126245,0.04943283875,0.1960678607,-1.384825506,1.597813197,1.289226696,1.538676592,-0.06948535792,0.01754885862,-0.5282503542
3.74,19.924,0.07115171966,-0.07288100315,-0.04414879966,-0.004414879966,187,0.07564822111,-0.07254610446,-0.1013918886,-0.008425618768,0.05785857581,0.03486146188,0.0005968460614,0.0004132983764,-0.4618247151,0.2480876297,-0.4618247151,0.2480876297,0,0.05093120508,0.03858277632,0.008499364133,0.7587503836,0.209012,0.007692615782,0.0002858010943,9.532406917e-05,0.001866210498,0.001137313009,ok,4,1,1.433113361,1.592587957,-1.386762455,1.572669681,0.01512235611,0.05102982845,0.1892216879,-1.385743185,1.598282183,1.290750535,1.541084848,-0.07337164096,0.01551550152,-0.5254023859,1.432522059,1.596981337,-1.393849803,1.572753657,0.02215089628,0.04944341282,0.181634184,-1.386135498,1.602880429,1.295264511,1.538353114,-0.0744062112,0.01826865823,-0.5225268239
3.75,19.934,0.07070883005,-0.07292529211,-0.04442882938,-0.004442882938,187,0.0725945553,-0.07268291937,-0.1853730042,-0.003822902308,0.05720500557,0.0352933397,0.0006930203535,0.0005414280735,-0.3368394375,-0.06130658835,-0.3368394375,-0.06130658835,0,0.052152414,0.03437374087,0.008493130899,0.6368729573,0.266284,0.007498443538,0.0006084217281,0.0003077321736,0.002324488267,0.001484005649,ok,4,1,1.432782414,1.592693315,-1.388934495,1.572902742,0.01541669386,0.0509362047,0.1891326276,-1.386213162,1.59860224,1.291695117,1.540480792,-0.0731479918,0.01578466422,-0.5253349625,1.432141844,1.595759939,-1.392592627,1.572737687,0.02135613794,0.04920140383,0.182763898,-1.3850687,1.599642744,1.291162989,1.53802744,-0.07053854734,0.01827761397,-0.5267048596
3.76,19.944,0.07026314892,-0.07296986023,-0.04470710513,-0.004470710513,188,0.0717473702,-0.07267068989,0.07060986441,-0.0006122558141,0.0566929119,0.03520908799,0.0006382379934,0.0005974222673,-0.8120170236,-0.006493603811,-0.8120170236,-0.006493603811,0,0.04451265655,0.03511168393,0.00852459273,1.301832999,0.294814,0.005290074006,0.0003239715723,2.923676535e-05,0.001853203544,0.001889096964,ok,4,1,1.432631165,1.592831987,-1.388947527,1.573141689,0.01623445059,0.05075818117,0.188053972,-1.386019423,1.598874385,1.291239282,1.540069751,-0.07283104571,0.01613179124,-0.525162534,1.433105686,1.602123182,-1.400133108,1.572721622,0.02781486166,0.04916873602,0.175035642,-1.385155,1.600439597,1.291986367,1.537699808,-0.07093627801,0.01863402668,-0.5260756079
3.77,19.954,0.06981469383,-0.07301470574,-0.04498361591,-0.004498361591,188,0.07141411836,-0.07270540308,0.06125624126,-0.002195154709,0.05531472634,0.03520222983,0.0006595462274,0.0004578923822,0.5459908247,-0.1170656234,0.5459908247,-0.1170656234,0,0.06350458871,0.03344624547,0.008446540699,0.9041719779,0.218222,0.01159248358,0.0002701335513,9.89285216e-05,0.00203442877,0.001362147103,ok,4,1,1.432727959,1.59404069,-1.390265272,1.573127302,0.01737899367,0.05053522297,0.1866281256,-1.385901517,1.599339713,1.29134062,1.539722684,-0.07240155548,0.01646739043,-0.5253279993,1.429948599,1.585704418,-1.381223552,1.572704495,0.01247565519,0.04856909588,0.1939202316,-1.384678196,1.599278926,1.290416497,1.537369872,-0.06925972882,0.01882604281,-0.5277786215
3.78,19.964,0.06936348252,-0.07305982687,-0.04525835082,-0.004525835082,189,0.0751280993,-0.07269375138,0.09459756519,-0.006276592323,0.05603187115,0.03495991444,0.001197822327,0.0009212085906,0.4122780859,-0.4097799361,0.4122780859,-0.4097799361,0,0.06221604244,0.0288132154,0.008450094309,0.7379148983,0.157182,0.00784202196,0.0007485993061,7.254726004e-05,0.003839922359,0.002706369428,ok,4,1,1.43270221,1.59354644,-1.387648573,1.57252234,0.0174123706,0.05011986459,0.1864907873,-1.3854025,1.5991646,1.291340881,1.540015125,-0.07240333669,0.01691635543,-0.5256220395,1.429963941,1.586623287,-1.38245691,1.572687169,0.01373496148,0.04835964416,0.1925366651,-1.383493514,1.595708307,1.285890574,1.537037938,-0.0650241877,0.01883425471,-0.5323633803
3.79,19.974,0.06890953277,-0.07310522184,-0.045531299,-0.0045531299,189,0.07288046725,-0.07275724407,-0.1897017195,-0.008727015514,0.05672536972,0.0342665934,0.0004370971197,0.000215265926,-0.06329555064,0.04496289045,-0.06329555064,0.04496289045,0,0.05577593646,0.03494103675,0.008473663369,0.288873631,0.114517,0.006870488724,0.000394184887,0.0002273551094,0.001394673653,0.0006446441776,ok,4,1,1.432289911,1.592788373,-1.387586295,1.572593439,0.01702924691,0.04993732953,0.1875366885,-1.385194629,1.598562505,1.29032377,1.539592796,-0.07189467643,0.01698245485,-0.5262094157,1.430796314,1.591942803,-1.388808372,1.572669663,0.01921563624,0.04824079083,0.1860046825,-1.38484788,1.60089286,1.29208226,1.53670406,-0.07006225826,0.01954823272,-0.5264988721
3.8,19.984,0.06845286253,-0.07315088887,-0.04580244969,-0.004580244969,190,0.07144357808,-0.07287636961,-0.1080750061,-0.004602710469,0.05667985601,0.03433123387,0.0002285161652,0.0002702107835,-0.00222764886,0.1199354604,-0.00222764886,0.1199354604,0,0.05664644128,0.03613026577,0.008469099515,0.3424039251,0.098841,0.002337348009,0.0003278724943,0.0001931474626,0.0007834658928,0.0008376674812,ok,4,1,1.431977446,1.592229808,-1.38869187,1.572715364,0.01703157116,0.04978480078,0.1878468275,-1.385448039,1.598636858,1.290948493,1.538982976,-0.07144827496,0.01721088471,-0.526500793,1.430459252,1.591016823,-1.387895972,1.572652151,0.01871151234,0.04799948961,0.1867769308,-1.385034427,1.602060897,1.293355836,1.536368178,-0.07084157562,0.01994160729,-0.5254313553
3.81,19.994,0.06799348981,-0.07319682614,-0.04607179218,-0.004607179218,190,0.07103776087,-0.07290713072,-0.03547000297,-0.001636054559,0.05673805278,0.0345133669,0.0001432723701,0.000244482102,-0.7215970159,0.1988495886,-0.7215970159,0.1988495886,0,0.04591409754,0.03749611073,0.008512305483,1.157132871,0.241965,0.003124412985,0.0002049927783,0.0001875524342,0.0003537492789,0.0007299521618,ok,4,1,1.431747724,1.591885855,-1.388374566,1.572742984,0.01722291786,0.04958732311,0.1875223839,-1.385428473,1.598936484,1.291219624,1.538706999,-0.07130536975,0.01760888881,-0.5263270334,1.431906969,1.600018202,-1.398508892,1.572634529,0.02771963766,0.04802378557,0.1759510552,-1.385261193,1.603373412,1.294805802,1.536030328,-0.07177113825,0.02034817099,-0.5241934526
3.82,20.004,0.06753143275,-0.07324303185,-0.04633931583,-0.004633931583,191,0.06948525095,-0.0729535133,-0.03272769701,-0.001159720392,0.05557056387,0.0348653663,0.0005815165098,0.0004938388264,-0.1641297638,-0.1632161289,-0.1641297638,-0.1632161289,0,0.05310861742,0.03241712436,0.008480918786,0.3982412819,0.222011,0.0105076472,0.0004439476958,7.248206399e-05,0.001717836167,0.001472298395,ok,4,1,1.431728322,1.592714481,-1.389971139,1.572894343,0.01817931399,0.04947410326,0.1864587024,-1.385452104,1.599654461,1.291553803,1.538249538,-0.0711311872,0.0179285619,-0.5260524985,1.430609876,1.593674967,-1.391314988,1.572616816,0.02203381011,0.04761934752,0.1830441214,-1.383988807,1.599441447,1.289840486,1.535690446,-0.06714877438,0.0203198798,-0.5292095355
3.83,20.014,0.06706670959,-0.07328950416,-0.04660501008,-0.004660501008,191,0.07000528368,-0.0729320239,0.03683778144,-0.00362614823,0.05523878587,0.03461153251,0.0001877987205,0.0002347284715,0.05766760185,0.08894254267,0.05766760185,0.08894254267,0,0.0561037999,0.03594567065,0.008467669993,0.2696925539,0.176243,0.003693479224,0.0001622913347,0.0002207530588,0.0005867027169,0.0008190802494,ok,4,1,1.431667711,1.592980761,-1.389264127,1.572888475,0.01894749911,0.04923891314,0.1855167394,-1.385075665,1.599819182,1.291049509,1.538013115,-0.0708422536,0.01822487454,-0.5261904702,1.429941298,1.59092797,-1.3882908,1.572599008,0.01979056375,0.04732521394,0.1859384277,-1.384717088,1.602516108,1.293444539,1.535348723,-0.06993766752,0.02087599922,-0.5258745703
3.84,20.024,0.06659933868,-0.07333624125,-0.04686886445,-0.004686886445,192,0.07112798898,-0.07299506938,-0.01234425227,-0.004986354098,0.05523405102,0.0347333296,0.0005597118696,0.0004025723438,0.3239310086,-0.0518062152,0.3239310086,-0.0518062152,0,0.06009301615,0.03395623637,0.008451414754,0.5766939858,0.156254,0.002528786913,0.0003493193641,3.642941202e-05,0.001757924993,0.001162804671,ok,4,1,1.431586639,1.593101479,-1.388892835,1.572559642,0.01908818115,0.04889693802,0.1854887279,-1.384972314,1.600032813,1.291652179,1.53787751,-0.07075607901,0.01857434298,-0.526392249,1.429097562,1.587334539,-1.384276963,1.572581144,0.01673209755,0.04702529677,0.1898246421,-1.384162571,1.601101824,1.291555944,1.535005009,-0.06797404377,0.02106166712,-0.5278928554
3.85,20.034,0.06612933847,-0.07338324127,-0.04713086851,-0.004713086851,192,0.07074140647,-0.07303370923,-0.0870887619,-0.006079258359,0.05573958908,0.03463585548,0.0005587194173,0.0003548769098,0.05167519674,-0.1461722702,0.05167519674,-0.1461722702,0,0.05651471703,0.03244327143,0.008463742425,0.4184751848,0.18936,0.005119657383,0.000276291016,3.35355178e-05,0.001778862599,0.0009733843998,ok,4,1,1.431343299,1.592454196,-1.388426203,1.572464722,0.01893721021,0.04867057177,0.1860074929,-1.3848289,1.600005389,1.291543557,1.537656054,-0.07060454712,0.01886472748,-0.5264887153,1.429466787,1.590203632,-1.387784574,1.57256311,0.01988243769,0.04685581869,0.1861487697,-1.383718619,1.600076896,1.290142203,1.534659386,-0.06641979527,0.02128198554,-0.5294487672
3.86,20.044,0.06565672751,-0.07343050237,-0.04739101193,-0.004739101193,193,0.06883347063,-0.07309572201,-0.09362670122,-0.005417397263,0.05588481037,0.0344036433,0.0001016852672,0.000186570764,-0.7317793965,-0.2656409144,-0.7317793965,-0.2656409144,0,0.04490811943,0.03041902958,0.008510215852,1.188275301,0.20372,0.003664891396,0.0001166815487,9.045162428e-05,0.0002993029058,0.0006618071718,ok,4,1,1.43101657,1.591972423,-1.388910249,1.572680045,0.01893366859,0.0485330923,0.1863285813,-1.384788988,1.600073679,1.291238405,1.53710402,-0.07008468667,0.01905506641,-0.5267604329,1.43104137,1.599949722,-1.399267821,1.572545014,0.02962882744,0.04691103349,0.1744458283,-1.383147036,1.598640974,1.288218675,1.534311877,-0.06442458941,0.0214802157,-0.5315001482
3.87,20.054,0.06518152446,-0.07347802267,-0.04764928444,-0.004764928444,193,0.06616976001,-0.07315576852,-0.03014714315,-0.00402867316,0.05476965299,0.03399078662,0.001015502518,0.0008382528737,-0.7867028713,-0.1330118477,-0.7867028713,-0.1330118477,0,0.04296910992,0.0319956089,0.008517462564,1.294469445,0.151314,0.01090439667,0.0006037003469,0.0001276404494,0.003020850641,0.002592826651,ok,4,1,1.430869775,1.59246323,-1.390839749,1.573064021,0.01991057036,0.04847587754,0.185350225,-1.384796613,1.600158546,1.290843609,1.536382652,-0.0691630112,0.01924127643,-0.5273061999,1.431119899,1.601423257,-1.401144949,1.57252683,0.03144229663,0.04674010096,0.1724055306,-1.383426305,1.600128526,1.289882788,1.533962479,-0.06552665815,0.02190303547,-0.5300613626
3.88,20.064,0.06470374809,-0.07352580031,-0.04790567583,-0.004790567583,194,0.06697166012,-0.07320080156,0.1211727276,-0.002890006403,0.05340768457,0.03374658607,0.0004858069174,0.0002807254023,-0.1531719714,0.02064421959,-0.1531719714,0.02064421959,0,0.051110105,0.03405624936,0.008481550432,0.3791377608,0.162835,0.01120549979,0.0003077077694,9.430053271e-05,0.001431577986,0.0007925162341,ok,4,1,1.43094389,1.593568147,-1.39164394,1.572945039,0.0211835021,0.0482203887,0.1836110304,-1.384651758,1.600294811,1.291090642,1.536162343,-0.06847093824,0.01967942695,-0.5278442913,1.429689299,1.594258719,-1.393007329,1.572508554,0.02497487971,0.04627584488,0.1804425251,-1.383811215,1.60201188,1.292028538,1.533611221,-0.06704293597,0.02236459143,-0.5281548061
3.89,20.074,0.06422341725,-0.07357383339,-0.04816017598,-0.004816017598,194,0.06923213709,-0.07323372515,0.0456245621,-0.004203726063,0.05298577811,0.03372056771,0.0006838537311,0.0006644370627,0.3528581262,-0.03557591885,0.3528581262,-0.03557591885,0,0.05827865,0.03318692893,0.008452360377,0.624512156,0.196332,0.003136669149,0.0004012926356,0.0001699954969,0.002070794584,0.002152726803,ok,4,1,1.430976476,1.594183518,-1.390830291,1.57242782,0.02183821056,0.0478304804,0.1827072269,-1.384357227,1.600304504,1.291412011,1.536344084,-0.06843076015,0.02019003235,-0.5280097994,1.428352711,1.587938396,-1.38583146,1.572490202,0.01930508851,0.04588399473,0.1875044191,-1.383514965,1.601515406,1.29125768,1.53325808,-0.06603770011,0.02263573004,-0.5290877649
3.9,20.084,0.06374055091,-0.07362212003,-0.04841277486,-0.004841277486,195,0.0695621311,-0.07326618266,-0.1141010003,-0.005642535061,0.05345687689,0.03362908235,0.00101853365,0.0007572708537,0.4608991146,0.04354912788,0.4608991146,0.04354912788,0,0.06037036361,0.03428231927,0.008443377961,0.7735019434,0.163723,0.005756265317,0.0005690053268,9.411253819e-05,0.003160961976,0.002339920376,ok,4,1,1.430756452,1.593694662,-1.38998193,1.572137437,0.02184735338,0.04754905705,0.1830786065,-1.384091808,1.600176997,1.291162671,1.536261748,-0.06851658171,0.02047453959,-0.5279746608,1.427806093,1.585959642,-1.383700886,1.572471757,0.01780629261,0.04560664047,0.1894915065,-1.383673063,1.602616348,1.292443315,1.532903107,-0.06672041664,0.0230377815,-0.528118115
3.91,20.094,0.06325516812,-0.07367065831,-0.04866346248,-0.004866346248,195,0.06820299275,-0.07332773277,-0.1890191046,-0.00571969555,0.05425436771,0.03369427356,0.0006343022964,0.000349568903,-0.03330388665,-0.1955034733,-0.03330388665,-0.1955034733,0,0.05375480941,0.03076172146,0.008467309257,0.5029798824,0.154154,0.006696400044,0.0002726965842,5.440891119e-05,0.001987880876,0.0009872653141,ok,4,1,1.430358232,1.592656042,-1.389604113,1.572231996,0.02145915775,0.04737888773,0.1840251857,-1.38407276,1.600312464,1.291139541,1.535729406,-0.06846369772,0.02061895893,-0.5279174334,1.42864662,1.591420343,-1.390227635,1.572453181,0.02346710374,0.04550323566,0.1827767503,-1.382755503,1.599971561,1.28903291,1.532546281,-0.0634338989,0.02314739894,-0.5316186332
3.92,20.104,0.06276728807,-0.07371944631,-0.04891222895,-0.004891222895,196,0.06496611758,-0.07337161059,-0.116759497,-0.004245956885,0.05433045347,0.03341390089,0.0005324552501,0.0006086373403,-0.7272639871,0.1446245164,-0.7272639871,0.1446245164,0,0.04342149367,0.03558326864,0.008508736855,1.198343106,0.057618,0.004353782692,0.0003177971672,0.0001560090453,0.001496501055,0.002028873928,ok,4,1,1.429968183,1.59207178,-1.390519248,1.572720621,0.02152554946,0.04730525578,0.18432583,-1.384101069,1.600447073,1.29060924,1.534900442,-0.06778768159,0.02073800396,-0.5281668752,1.430005487,1.600075499,-1.400447132,1.572434545,0.03219308715,0.04555052126,0.1723423989,-1.383781137,1.604097617,1.293930312,1.532187666,-0.06731594032,0.02378729304,-0.5270429991
3.93,20.114,0.06227692998,-0.07376848212,-0.04915906445,-0.004915906445,196,0.06384594487,-0.07345419834,0.01701896268,-0.002718088,0.05320629823,0.03366071158,0.0009249090002,0.000598010273,-0.3435539603,0.1581852436,-0.3435539603,0.1581852436,0,0.04805298883,0.03603349023,0.008487760099,0.6414445562,0.300289,0.0109404422,0.0006265825327,0.0001341480325,0.002911755296,0.001752751438,ok,4,1,1.429911777,1.592821558,-1.392177607,1.572896615,0.02227212887,0.04714308165,0.1832828411,-1.384285193,1.601162777,1.291444723,1.534344047,-0.06717776068,0.02114386044,-0.5283974702,1.4290991,1.595911785,-1.395793605,1.572415822,0.02860883462,0.04517170944,0.1768683956,-1.383787875,1.604676874,1.294475235,1.531827229,-0.06743929034,0.02415103703,-0.5267003525
3.94,20.124,0.06178411325,-0.0738177638,-0.04940395924,-0.004940395924,197,0.06541522436,-0.07347109904,0.08373183519,-0.003248366075,0.05248596552,0.0339185576,8.848502585e-05,0.0002543913213,-0.05867579952,-0.2448578775,-0.05867579952,-0.2448578775,0,0.05160582853,0.03024568944,0.008471950255,0.4930419252,0.20571,0.005465737797,4.612447199e-05,0.000150243934,0.0001489271237,0.000902496024,ok,4,1,1.429968466,1.593507088,-1.3918309,1.572611107,0.02314309683,0.0468400957,0.1819743976,-1.384090086,1.601626602,1.292023022,1.534402301,-0.067133565,0.02171199653,-0.5282960067,1.428342036,1.592673974,-1.392210605,1.572397011,0.02591158455,0.04483313728,0.1803149941,-1.382344261,1.600197734,1.288808794,1.531464981,-0.06220314575,0.02412435698,-0.532393668
3.95,20.134,0.0612888573,-0.07386728939,-0.04964690364,-0.004964690364,197,0.06502947019,-0.07347239709,0.01495703299,-0.005369826692,0.05231817952,0.0335052413,0.0002249743885,0.0002271388392,0.4025182724,-0.2161218822,0.4025182724,-0.2161218822,0,0.0583559536,0.03026341307,0.008444789029,0.7142189562,0.183498,0.004550419418,0.0003603523705,0.0002137552976,0.0007314672346,0.0007569033493,ok,4,1,1.429845094,1.59384778,-1.391428201,1.572547588,0.02363255137,0.04659060651,0.1816246741,-1.383680418,1.60161847,1.291231141,1.534174628,-0.06675356517,0.02198588516,-0.5285394895,1.427062156,1.58670559,-1.385446136,1.572378123,0.02058124378,0.04443509729,0.1869557888,-1.382250905,1.600428966,1.288924136,1.531100976,-0.06195334357,0.02446472726,-0.5324691909
3.96,20.144,0.06079118171,-0.07391705695,-0.04988788807,-0.004988788807,198,0.06585595327,-0.07353010733,-0.04386806304,-0.007775576081,0.05289398886,0.03312399924,0.0005966692658,0.0005642902365,-0.349589318,0.3275916576,-0.349589318,0.3275916576,0,0.04765014908,0.0380378741,0.008485455053,0.6125827072,0.193584,0.006476993113,0.0004298028621,9.530100104e-05,0.001728390736,0.001763711672,ok,4,1,1.429628308,1.593182584,-1.390578002,1.572313711,0.02350186242,0.04625621267,0.1821578398,-1.383431583,1.601389145,1.291083166,1.533919496,-0.0663751031,0.02224485388,-0.5290841835,1.428514514,1.595666826,-1.39603973,1.572359131,0.02962768949,0.04445831841,0.1761487748,-1.383955003,1.606949988,1.296763955,1.530735229,-0.06836161777,0.02529230488,-0.5250441538
3.97,20.154,0.0602911061,-0.07396706451,-0.05012690301,-0.005012690301,198,0.0645785592,-0.07365851379,-0.09711384049,-0.004190014147,0.05233316682,0.03364385279,0.0003347095248,0.0004442332405,-0.478541553,0.4257612824,-0.478541553,0.4257612824,0,0.04515504353,0.04003027202,0.008494474691,0.8595359032,0.206269,0.005994146571,0.0003531322552,0.0003343805737,0.0009814532471,0.001552011574,ok,4,1,1.429447712,1.593243387,-1.392343909,1.572280287,0.02376338439,0.04606737397,0.1821429214,-1.383749956,1.601877065,1.292260746,1.533473066,-0.06628592325,0.02260828577,-0.5290285534,1.428673749,1.597606045,-1.398468267,1.572340064,0.03191552543,0.04428999669,0.1735475623,-1.384306578,1.608785749,1.298845205,1.530367718,-0.0698023212,0.02576775312,-0.5232134265
3.98,20.164,0.05978865024,-0.0740173101,-0.05036393902,-0.005036393902,199,0.06353011878,-0.07369611043,-0.08829854834,-0.001231326442,0.05157149802,0.03437483603,0.0003078504611,0.0003095604076,-0.8519129157,-0.04293819889,-0.8519129157,-0.04293819889,0,0.03879280428,0.03373076305,0.008520799991,1.401535232,0.136251,0.00754627062,0.00037972286,0.0002738954373,0.001001668845,0.001016082102,ok,4,1,1.42929428,1.59354605,-1.393117476,1.572395077,0.02456751667,0.04592970674,0.181093833,-1.383865889,1.60269822,1.293004126,1.533110199,-0.06654547626,0.02306242026,-0.5283097881,1.429388324,1.602864144,-1.404740141,1.572320913,0.03739479453,0.04426680853,0.1670784807,-1.382763389,1.603893603,1.292673752,1.529998444,-0.0641260918,0.02570180624,-0.5293983335
3.99,20.174,0.05928383395,-0.07406779173,-0.05059898675,-0.005059898675,199,0.06087444334,-0.07369976132,-0.02308816139,-0.002968206954,0.05017749278,0.03438679341,0.0009457550445,0.0005899270721,0.5867649913,-0.2031229138,0.5867649913,-0.2031229138,0,0.05897896765,0.0313399497,0.008437552963,0.9917407012,0.157563,0.0123939267,0.0003304510505,0.0002350504968,0.002920668386,0.001630653005,ok,4,1,1.429171125,1.594562225,-1.394532275,1.572819508,0.02602445342,0.04585127772,0.1794724073,-1.383716892,1.603249928,1.292373282,1.532435951,-0.06626995682,0.02326750366,-0.5280514141,1.426089375,1.585377072,-1.384614868,1.572301687,0.02098302413,0.04343398179,0.1871511601,-1.382108488,1.602177458,1.290392454,1.52962747,-0.06180404648,0.02590067642,-0.5318038092
4,20.184,0.05877667717,-0.0741185074,-0.05083203692,-0.005083203692,200,0.06484975067,-0.07369027264,0.1331048849,-0.007217288005,0.05096701367,0.03401753913,0.001192592534,0.0008920679964,0.3391606212,-0.1996491849,0.3391606212,-0.1996491849,0,0.05605442298,0.03102280136,0.008446923272,0.6115796268,0.196614,0.008412891411,0.0008122524855,0.0002478274508,0.003942744993,0.002563931317,ok,4,1,1.429128047,1.593789964,-1.391537541,1.572253199,0.02628836694,0.04538642601,0.1791946936,-1.383117442,1.60299529,1.292182372,1.532503995,-0.06621119107,0.0236351862,-0.5284118239,1.426339831,1.587674167,-1.387471251,1.572282364,0.02362640951,0.043245687,0.1841206627,-1.381933942,1.602142586,1.290176679,1.529254795,-0.06126037005,0.02622923278,-0.5322052313
4.01,20.194,0.0582671999,-0.07416945513,-0.05106308033,-0.005106308033,200,0.06314908917,-0.07378793915,-0.2220040342,-0.009461145569,0.05152874278,0.03365591214,0.0005837020842,0.0002959657998,-0.1777657568,-0.1623556763,-0.1777657568,-0.1623556763,0,0.04886225643,0.03122057699,0.008473688435,0.4737053508,0.175499,0.005490121503,0.0004046263014,0.0001010163365,0.001884684589,0.000805180197,ok,4,1,1.428736537,1.593164289,-1.391650198,1.572122854,0.02594163849,0.04510438145,0.180187355,-1.383076129,1.602556664,1.291923639,1.532142563,-0.06589423121,0.02380777875,-0.5289200168,1.427236198,1.593626737,-1.394571671,1.572262967,0.02979491413,0.04318914586,0.1768227948,-1.381879711,1.602525185,1.290474407,1.52888043,-0.0611571777,0.02658921317,-0.5321095673
4.02,20.204,0.05775542228,-0.07422063289,-0.05129210786,-0.005129210786,201,0.06029568326,-0.07387871337,-0.1097852805,-0.005013593465,0.0513283179,0.03339597735,0.0004874412593,0.0005303557522,0.08692696691,0.01388281956,0.08692696691,0.01388281956,0,0.0526322224,0.03360421964,0.008457493414,0.3056216535,0.207604,0.00401730511,0.0003733638891,3.604166924e-05,0.001442073979,0.001695807067,ok,4,1,1.428333986,1.592711453,-1.39307957,1.572458425,0.02615051346,0.04497144758,0.1803482693,-1.383227242,1.602475124,1.291804827,1.531405744,-0.06517448281,0.02402585435,-0.5293080762,1.426431532,1.590196746,-1.390768168,1.572243489,0.02691906125,0.04283342732,0.1804824867,-1.382331362,1.604677668,1.292949584,1.528504391,-0.06292673164,0.02708207089,-0.5299037466
4.03,20.214,0.05724136449,-0.07427203867,-0.05151911046,-0.005151911046,201,0.06108114514,-0.07392608587,0.006110922876,-0.003705900864,0.05149769505,0.03338355934,0.0001893249444,9.947957489e-05,-0.6321374774,0.3945209384,-0.6321374774,0.3945209384,0,0.04201563289,0.03930137342,0.0084995396,1.027066459,0.270766,0.002658070491,0.000101660974,0.000142092867,0.0006406475933,0.000292899486,ok,4,1,1.428152451,1.59229415,-1.392321679,1.572352505,0.02630893642,0.04468532374,0.1800291929,-1.383076057,1.6026977,1.292123364,1.531162462,-0.0647980114,0.02448071265,-0.5294607558,1.427814677,1.599089078,-1.401273257,1.572223932,0.03592383383,0.04291685912,0.1697585283,-1.383532739,1.609516544,1.298722953,1.5281267,-0.06753390668,0.0277905837,-0.5245009361
4.04,20.224,0.05672504685,-0.07432367044,-0.05174407917,-0.005174407917,202,0.06011845307,-0.07401700254,-0.0721517234,-0.002030054638,0.05043614159,0.03404596388,0.0002883701385,0.0002804899338,-0.585318923,0.0358807072,-0.585318923,0.0358807072,0,0.04165635775,0.03458417449,0.008499653183,0.98542379,0.268266,0.009385018243,0.0003920180031,0.0002954930235,0.0008238550767,0.0006381927977,ok,4,1,1.428099404,1.593018114,-1.393854728,1.572295533,0.02714461221,0.04448292949,0.1791435466,-1.383211185,1.603414413,1.293128319,1.530812071,-0.06491349533,0.02490877989,-0.5290378112,1.427643642,1.599192767,-1.401576974,1.572204297,0.03646122196,0.04267980531,0.1692893087,-1.38235185,1.605920045,1.294129107,1.527747343,-0.06321367486,0.02784574793,-0.5291519845
4.05,20.234,0.05620648972,-0.07437552615,-0.05196700512,-0.005196700512,202,0.05885026719,-0.07400554585,-0.01721973686,-0.001812441407,0.0494559648,0.03419493106,0.0004104954328,0.0004116765304,-0.2198581398,0.07285388559,-0.2198581398,0.07285388559,0,0.0461580927,0.03528773934,0.008479224165,0.4665963411,0.214205,0.008518459224,0.0001699749611,0.0001029862364,0.001010100894,0.001297014181,ok,4,1,1.427993469,1.593710359,-1.39449398,1.572481536,0.02831598983,0.04433848598,0.1778077679,-1.383055221,1.603950504,1.292825729,1.53037703,-0.06483150904,0.025239474,-0.5286793144,1.426751484,1.595126897,-1.397046051,1.572184583,0.03298195324,0.04227060675,0.1736803585,-1.382410138,1.606715194,1.294932258,1.527366364,-0.06353801688,0.02824250283,-0.52857098
4.06,20.244,0.05568571359,-0.07442760376,-0.0521878795,-0.00521878795,203,0.05965896731,-0.07403718816,0.01823915679,-0.004883549584,0.04900508533,0.03431990205,0.0002332636661,0.000118109357,0.4275942445,0.1690770984,0.4275942445,0.1690770984,0,0.055418999,0.03685605853,0.008441544978,0.7175054829,0.270272,0.003960545773,0.0002607603589,0.0001227623509,0.0008738603914,0.0003185192067,ok,4,1,1.42793047,1.594167045,-1.394193079,1.572337991,0.02902140746,0.04402939757,0.177026348,-1.382861409,1.604393167,1.293100787,1.530087618,-0.06472452527,0.0256000993,-0.5287110396,1.42509687,1.58699199,-1.387777418,1.572164793,0.0255671654,0.04174419648,0.1828276454,-1.382665884,1.608210674,1.296596902,1.52698377,-0.06460154291,0.02869313485,-0.5271565739
4.07,20.254,0.055162739,-0.07447990122,-0.05240669359,-0.005240669359,203,0.06128173694,-0.07408742342,-0.04076529048,-0.006769811581,0.04958864417,0.03457954093,0.001039615099,0.0007481847098,0.3128502667,-0.0575969182,0.3128502667,-0.0575969182,0,0.05428139817,0.03371558715,0.008444533733,0.5894274907,0.148427,0.006660347208,0.0005635239167,4.76366997e-05,0.003264951448,0.002223569201,ok,4,1,1.42778573,1.593652337,-1.392955425,1.571914025,0.02889067179,0.0436380304,0.1774241969,-1.382699642,1.604607447,1.293710631,1.530050613,-0.06492728087,0.0260435063,-0.5286433485,1.425048195,1.587758062,-1.388854282,1.572144927,0.02674761115,0.0415186965,0.1815792738,-1.381842514,1.605897333,1.293573607,1.526599572,-0.06163110504,0.02885808602,-0.5302842574
4.08,20.264,0.05463758661,-0.07453241646,-0.05262343876,-0.005262343876,204,0.05888263559,-0.07415043165,-0.1730255633,-0.007468854062,0.05015708115,0.03450404259,0.0002429803923,0.000118894333,-0.4574660957,-0.0616357848,-0.4574660957,-0.0616357848,0,0.04329508971,0.03357950581,0.00848678372,0.7764788034,0.10884,0.005078111566,0.0001529214201,0.0001229643133,0.0007862447317,0.0004393264307,ok,4,1,1.427354103,1.592836174,-1.393076532,1.572103538,0.02861695971,0.04345107961,0.1782485936,-1.382653656,1.604657787,1.293379008,1.529516052,-0.06472327461,0.02625842163,-0.5286488114,1.426500594,1.596959951,-1.39973036,1.572124985,0.03607811312,0.0416064069,0.1704838056,-1.381707093,1.606015913,1.293542155,1.526213789,-0.0612328223,0.02920804739,-0.5305142257
4.09,20.274,0.05411027715,-0.07458514741,-0.05283810644,-0.005283810644,204,0.05619686249,-0.07422674788,-0.07888820446,-0.00441349043,0.04950880627,0.03443868568,0.0007445983272,0.0006854105032,-0.7274907231,0.03451553732,-0.7274907231,0.03451553732,0,0.03859644542,0.03495641874,0.008505430064,1.218147764,0.108139,0.007370539079,0.0005479804307,8.50948915e-05,0.002206795245,0.002164092233,ok,4,1,1.427097938,1.592752332,-1.394806322,1.572491373,0.02921793594,0.04336758236,0.1778543447,-1.38275348,1.604998296,1.293396802,1.528705051,-0.06405612465,0.02647801972,-0.5288739213,1.426960329,1.600783153,-1.404349142,1.572104969,0.04021277896,0.04152988934,0.165672867,-1.38191724,1.607358712,1.295017639,1.525826436,-0.06212838935,0.02965060273,-0.5292862029
4.1,20.284,0.05358083144,-0.07463809198,-0.05305068816,-0.005305068816,205,0.05582103781,-0.07427851843,0.06598294933,-0.003046951098,0.04832165489,0.03450427444,0.0006822845319,0.0004743231019,-0.1045479774,0.05004031211,-0.1045479774,0.05004031211,0,0.04675343523,0.03525487913,0.00846971174,0.3420460426,0.071061,0.01071896781,0.0004503759349,8.002250207e-05,0.002042410673,0.001410457662,ok,4,1,1.427056596,1.593623401,-1.395824475,1.572569973,0.0302857178,0.04315881609,0.1763918348,-1.382746818,1.605490155,1.293858175,1.528270655,-0.06348757698,0.02693328679,-0.5290948488,1.425524449,1.593577049,-1.396179268,1.572084879,0.03370617822,0.04097346466,0.1737170608,-1.381880068,1.607830099,1.295419788,1.525437527,-0.06209942267,0.03002915156,-0.5290984422
4.11,20.294,0.05304927036,-0.07469124808,-0.05326117553,-0.005326117553,205,0.05791029015,-0.07430058851,0.06405081323,-0.00468916052,0.04801759315,0.03455333405,0.0004780289655,0.0004498264356,0.2244118005,-0.1981752515,0.2244118005,-0.1981752515,0,0.05138377016,0.03158070528,0.008450005703,0.4741737769,0.056264,0.002915374092,0.000310678386,7.075555358e-05,0.001537560651,0.001453587868,ok,4,1,1.427072456,1.594062636,-1.394802114,1.572151316,0.03092430109,0.04278304823,0.1754785756,-1.382419724,1.605714362,1.294189452,1.528352901,-0.06341236599,0.02747882381,-0.5291586716,1.424586423,1.589400378,-1.391515419,1.572064717,0.03011738716,0.04056514885,0.1782334522,-1.380931547,1.605093196,1.291866312,1.525047077,-0.05867062822,0.03017581584,-0.5327382464
4.12,20.304,0.05251561493,-0.07474461363,-0.05346956025,-0.005346956025,206,0.0577254896,-0.07433275409,-0.07544829049,-0.006723181379,0.04829449315,0.03421009326,0.0006272825925,0.0004317079647,0.6631551981,0.182707116,0.6631551981,0.182707116,0,0.05824182112,0.0369507,0.008423516073,1.044739187,0.051009,0.004520629282,0.0004515069607,0.0001358094159,0.002012431302,0.001312431116,ok,4,1,1.426853215,1.593771062,-1.394232736,1.571975468,0.03107658695,0.04248143572,0.1756888654,-1.382082007,1.605535331,1.293623202,1.528128838,-0.0631912575,0.02776155701,-0.5293845588,1.423266269,1.58332367,-1.384629361,1.572043542,0.0246814168,0.04011806402,0.1849720189,-1.38205316,1.609662627,1.297318567,1.524654924,-0.06297694174,0.03085483914,-0.5276636283
4.13,20.314,0.0519798862,-0.0747981865,-0.05367583407,-0.005367583407,206,0.0586214052,-0.07441610923,-0.1237098114,-0.00661011965,0.04935838444,0.03446686141,0.001157743907,0.0008446097502,-0.1942434311,0.3247619271,-0.1942434311,0.3247619271,0,0.04644473297,0.03933829032,0.008466762249,0.6112415734,0.0932,0.009242127177,0.0004326736714,0.0001584621453,0.00357964642,0.002573822502,ok,4,1,1.426520045,1.592565798,-1.393001201,1.571651842,0.03051988199,0.04216412614,0.1767024959,-1.382063219,1.605712073,1.294339523,1.527900506,-0.06327188341,0.02810506707,-0.5293917752,1.424872868,1.593207724,-1.396314844,1.572021904,0.03470210045,0.04020483851,0.1730610415,-1.382483527,1.611824489,1.299800064,1.524261187,-0.06472930963,0.03136458271,-0.5254627186
4.14,20.324,0.05144210532,-0.07485196459,-0.05387998887,-0.005387998887,207,0.05461225584,-0.07451155535,-0.2612107645,-0.005091927562,0.04916703018,0.03505910402,0.0004829019364,0.0003793509988,-0.3629701138,-0.2434464693,-0.3629701138,-0.2434464693,0,0.04372247847,0.03140740698,0.008476359977,0.6877269291,0.157769,0.005364710034,0.0004171471769,0.0001910464919,0.001645320387,0.001003715856,ok,4,1,1.426062812,1.592400942,-1.394724749,1.572072068,0.03048413159,0.04208218426,0.177097884,-1.382458943,1.606459779,1.29492094,1.527109274,-0.06321717003,0.02837959371,-0.5289831229,1.425047191,1.595328282,-1.398965578,1.572000191,0.03720767708,0.04003952806,0.1702206148,-1.380565948,1.605652961,1.292008384,1.523865953,-0.05765897956,0.03126290896,-0.5331956512
4.15,20.334,0.05090229351,-0.07490594577,-0.05408201657,-0.005408201657,207,0.05177287521,-0.07451300704,0.01586362091,-0.003253318111,0.04867591057,0.03474509565,0.001204118816,0.001104765106,-0.1744001955,0.002720967401,-0.1744001955,0.002720967401,0,0.04605990763,0.03478591016,0.008465539216,0.4203318141,0.106306,0.006034503749,0.0004771279042,0.0002720132628,0.003539407647,0.003511430487,ok,4,1,1.425755476,1.592323806,-1.39532599,1.572688622,0.0313155038,0.04195379971,0.1762551185,-1.382268403,1.606751496,1.294027213,1.526255327,-0.06255636386,0.02860535859,-0.5290409466,1.424458573,1.593110856,-1.396580298,1.571978403,0.03551882194,0.03969385284,0.172438997,-1.381230287,1.608613543,1.295478731,1.523469239,-0.06025638136,0.03182397529,-0.5300415719
4.16,20.344,0.0503604721,-0.07496012791,-0.05428190921,-0.005428190921,208,0.05408334044,-0.07456526734,0.1360202409,-0.004721820973,0.04831983548,0.03471475049,9.073903482e-05,0.0001034426384,0.1503207535,0.3800736368,0.1503207535,0.3800736368,0,0.05057464678,0.04041585504,0.008446369281,0.6560957417,0.34622,0.003553764815,6.231065673e-05,0.0001081334956,0.0003101787164,0.0003199420362,ok,4,1,1.425804941,1.5925345,-1.394673299,1.572291657,0.03196505713,0.04155011159,0.1753855147,-1.38200214,1.607030398,1.294628396,1.526118469,-0.06215376476,0.02908659264,-0.5294068074,1.423533754,1.589028637,-1.392027499,1.571956069,0.03202364344,0.03927504756,0.1768329498,-1.382391584,1.61339503,1.301189353,1.52307055,-0.06477470565,0.03253027613,-0.5247236901
4.17,20.354,0.04981666247,-0.07501450887,-0.0544796589,-0.00544796589,208,0.05585983428,-0.07464105748,-0.04790893749,-0.004874011848,0.0484511509,0.03528959124,0.0008616147578,0.0007720351484,0.5517688394,0.1169736832,0.5517688394,0.1169736832,0,0.05672768349,0.03704419648,0.008422484193,0.901863809,0.164902,0.005972394931,0.0003409344171,0.0002786920343,0.002524315292,0.002464245493,ok,4,1,1.425705845,1.592571008,-1.393938489,1.571734727,0.03197689355,0.04112231533,0.1753575261,-1.381956947,1.607422635,1.295805793,1.526237455,-0.06251804776,0.02967264785,-0.5291420074,1.422325131,1.58355237,-1.385843163,1.571932358,0.02717002434,0.03883019079,0.1828602393,-1.381522047,1.610906203,1.297939726,1.522668999,-0.06160092111,0.03269479496,-0.5280666798
4.18,20.364,0.04927088609,-0.07506908651,-0.05467525782,-0.005467525782,209,0.05476793081,-0.0746681028,-0.1612347529,-0.005774162159,0.0493479639,0.03550165218,0.0006853326856,0.0004065931227,0.45313254,0.03597724065,0.45313254,0.03597724065,0,0.056144952,0.03604131079,0.008423217555,0.7750689386,0.136284,0.00803544089,0.0003884275335,9.914797089e-05,0.00215818942,0.001212995428,ok,4,1,1.42528915,1.591587811,-1.392926245,1.571714737,0.03164847103,0.04087616402,0.176130553,-1.381798752,1.607661102,1.295594459,1.525934286,-0.06277333988,0.02999154345,-0.5286948159,1.422180069,1.583837122,-1.386366339,1.571908569,0.02790546605,0.03857850159,0.182154531,-1.381181964,1.610333392,1.297047818,1.522266007,-0.06045018719,0.03300899748,-0.5291306795
4.19,20.374,0.04872316451,-0.07512385867,-0.05486869825,-0.005486869825,209,0.0529774978,-0.07472518736,-0.1212605487,-0.005555068381,0.05018388079,0.0355900572,0.0001680297028,0.000152881688,-0.2720590532,-0.4263092875,-0.2720590532,-0.4263092875,0,0.046102995,0.02919541788,0.00845982977,0.8232002449,0.138368,0.006635010844,6.532115783e-05,0.0001525607314,0.0005586368108,0.0005567742172,ok,4,1,1.424844832,1.590472133,-1.392568652,1.571956889,0.03120868443,0.04068156308,0.1770713108,-1.381762889,1.608066223,1.295514205,1.525223551,-0.06254183642,0.0301920886,-0.52860997,1.423497289,1.592219646,-1.396307539,1.571884705,0.03649764263,0.03863804375,0.1719935396,-1.379500027,1.605055133,1.290336056,1.52186159,-0.05430983397,0.0330057103,-0.5358113327
4.2,20.384,0.04817351935,-0.07517882319,-0.05505997257,-0.005505997257,210,0.04936739885,-0.07476442872,-0.060933607,-0.006771362936,0.04988520665,0.0349543446,0.001102110554,0.001090553787,-0.8467426896,0.20673877,-0.8467426896,0.20673877,0,0.0371840663,0.03805542615,0.008495381886,1.39752491,0.217673,0.007147434078,0.0005072247657,0.0003627766501,0.003099915117,0.003528188631,ok,4,1,1.424512416,1.590139584,-1.393808062,1.57251638,0.03167446849,0.04063452849,0.1769284817,-1.38168793,1.608064382,1.294612935,1.524295309,-0.06145726805,0.03032778817,-0.5292536569,1.424570782,1.599655932,-1.405126241,1.571860743,0.04416414697,0.03873367357,0.1629532326,-1.381413986,1.612431988,1.299268086,1.521455763,-0.06157814955,0.03387193499,-0.5273948712
4.21,20.394,0.0476219723,-0.07523397789,-0.0552490732,-0.00552490732,210,0.05007442043,-0.07487843259,0.101080623,-0.003654978647,0.04848827039,0.03526203384,0.0007789148835,0.0004234467928,-0.1275163591,-0.3457005322,-0.1275163591,-0.3457005322,0,0.04657552501,0.03007652585,0.00845518496,0.6314706656,0.135056,0.01255307663,0.0005975132256,0.000263518632,0.002489546985,0.001198871435,ok,4,1,1.424535719,1.591259213,-1.395308868,1.572353519,0.03263710182,0.04035536975,0.1755063093,-1.381871901,1.608750698,1.296084358,1.523965341,-0.06078611905,0.03090928621,-0.5297077148,1.422943166,1.591383194,-1.395720363,1.571836751,0.03661751289,0.03808894239,0.1722194075,-1.379479978,1.606243441,1.291429427,1.521048543,-0.05447141239,0.03380629921,-0.5351616267
4.22,20.404,0.04706854515,-0.0752893206,-0.05543599271,-0.005543599271,211,0.05134767491,-0.07485535518,0.07886036127,-0.005165195617,0.04815833637,0.034660808,0.0002099405783,0.0002647326184,0.3854371905,-0.2098515034,0.3854371905,-0.2098515034,0,0.05393989423,0.03151303545,0.008426065486,0.6789862713,0.274703,0.00582615632,0.0002471560397,9.677965742e-05,0.0007762370558,0.0008888658052,ok,4,1,1.424523204,1.591651349,-1.394204964,1.572082346,0.03343843385,0.04001007892,0.1743984554,-1.381270234,1.608512825,1.295260127,1.524063481,-0.06029756871,0.03144005413,-0.5300910416,1.421560849,1.584861486,-1.388327859,1.571812664,0.03075265861,0.03757294731,0.1794562476,-1.37969944,1.607639373,1.292969122,1.520639945,-0.05540016461,0.03425943614,-0.533880956
4.23,20.414,0.04651325974,-0.07534484915,-0.05562072369,-0.005562072369,211,0.05280323292,-0.07492115478,-0.04753147207,-0.0074267212,0.04865629108,0.03425273606,0.0009521557574,0.0008337558362,0.3466017246,-0.1539930552,0.3466017246,-0.1539930552,0,0.05385531695,0.03194284023,0.008425043662,0.6612874548,0.184034,0.006467347496,0.0005981792616,2.982630741e-05,0.0028858755,0.002685472177,ok,4,1,1.424331148,1.591328833,-1.39302479,1.571623214,0.03336151955,0.03959364885,0.1747507935,-1.38090772,1.608251867,1.295094177,1.523963145,-0.05995420509,0.03179269396,-0.5306291773,1.421330624,1.584715959,-1.388352182,1.571788505,0.03107874849,0.03730541859,0.1792478737,-1.379685399,1.608226088,1.293506133,1.520229986,-0.05546855525,0.03466131401,-0.5335680348
4.24,20.424,0.045956138,-0.07540056132,-0.05580325886,-0.005580325886,212,0.05113127873,-0.07500034233,-0.2006628757,-0.007319884484,0.04924731116,0.03397185981,0.0004214944617,0.0003390524132,0.4677546024,-0.06027797237,0.4677546024,-0.06027797237,0,0.0562636302,0.03306769023,0.00841503716,0.8042698687,0.167669,0.005763980804,0.0002006211724,8.014304612e-05,0.001201390391,0.001108925031,ok,4,1,1.423903745,1.59047994,-1.393043257,1.571650806,0.03306807269,0.0393572979,0.1755996269,-1.380880693,1.608021147,1.294848183,1.523452373,-0.05956553804,0.03202403435,-0.5309806306,1.420706282,1.582437241,-1.385892879,1.571764275,0.02933189563,0.03695880165,0.181530469,-1.379828121,1.609373044,1.294735663,1.519818681,-0.05612844424,0.03510292479,-0.5325884221
4.25,20.434,0.04539720191,-0.07545645493,-0.05598359101,-0.005598359101,212,0.0500892734,-0.07506532343,-0.1131385215,-0.005284778397,0.0500949642,0.03385733482,0.0002460991359,0.0001562120877,-0.185842976,0.4882985353,-0.185842976,0.4882985353,0,0.04730731956,0.04118181285,0.008446715007,0.8103303553,0.273598,0.006884218443,2.323185226e-05,9.750991224e-05,0.0007281897562,0.0004472137122,ok,4,1,1.423458924,1.589321459,-1.392384845,1.571762479,0.03265345031,0.03911356625,0.1763413236,-1.380832308,1.608076328,1.294820138,1.522902964,-0.05915647593,0.03234359104,-0.5311413526,1.421857479,1.589882406,-1.394752281,1.571739975,0.03704118785,0.03698682466,0.1724560676,-1.381536333,1.616151522,1.302923441,1.519406047,-0.06274490447,0.03594805561,-0.5249022534
4.26,20.444,0.04483647355,-0.07551252777,-0.05616171303,-0.005616171303,213,0.04900424937,-0.07517782697,-0.1268171942,-0.003229376539,0.04994751675,0.03458678624,0.0003026623477,0.0002876476651,-0.6266466975,-0.280154109,-0.6266466975,-0.280154109,0,0.04054781629,0.03038447461,0.008472256032,1.076433402,0.186086,0.007343929721,0.0004322293282,0.0003675627698,0.0009408987759,0.0007365577879,ok,4,1,1.423194808,1.589013218,-1.393197381,1.571771249,0.03277935268,0.03887870132,0.1763397855,-1.381058661,1.608807592,1.29601645,1.522407599,-0.05924636189,0.03277835068,-0.530718526,1.4226224,1.595457188,-1.401421286,1.571715606,0.0429285487,0.03698773529,0.1655754515,-1.378983272,1.607701973,1.292281936,1.518992099,-0.05323933485,0.03572914578,-0.5353647177
4.27,20.454,0.04427397504,-0.07556877762,-0.05633761788,-0.005633761788,213,0.04511514802,-0.0751578096,-0.03757464429,-0.002987690828,0.04902339675,0.03420959483,0.001306850372,0.001166058637,-0.1256930977,-0.1456996351,-0.1256930977,-0.1456996351,0,0.04713800028,0.03202410031,0.008444528698,0.4246431181,0.150693,0.009588495812,0.0005313900811,0.000297003568,0.003782871592,0.003697191112,ok,4,1,1.42291537,1.589435145,-1.394395688,1.572421263,0.03390900274,0.03882387602,0.1751639473,-1.380833073,1.609087693,1.294739994,1.521559577,-0.05858105638,0.03299391466,-0.5306680828,1.421391375,1.589585303,-1.394798177,1.57169117,0.03770194187,0.03645037918,0.1720386945,-1.379246357,1.609263025,1.29402605,1.518576855,-0.0543346252,0.03619615851,-0.5338926922
4.28,20.464,0.0437097286,-0.07562520226,-0.05651129862,-0.005651129862,214,0.04776843718,-0.07519813237,0.1569387121,-0.005415816715,0.04871680037,0.03393650501,0.0002226714127,0.0001594570719,-0.1685113162,-0.1683843434,-0.1685113162,-0.1683843434,0,0.04618913063,0.03141073986,0.00844673679,0.4562295561,0.124181,0.003736543125,0.0001836197138,0.0001803589499,0.0008603772501,0.0004139581346,ok,4,1,1.422940751,1.589592326,-1.393331666,1.572054151,0.03471388293,0.03841380296,0.1741541125,-1.380438855,1.609194061,1.294967155,1.521378008,-0.05807116833,0.03343506567,-0.5311858636,1.421288872,1.590175848,-1.395681113,1.571666666,0.03875332798,0.03621386528,0.1709661086,-1.37898965,1.609015299,1.293525574,1.51816033,-0.05350887277,0.03655121624,-0.5345822376
4.29,20.474,0.0431437565,-0.07568179947,-0.05668274839,-0.005668274839,214,0.0478280736,-0.07525938382,-0.02821717999,-0.006992059891,0.04835811724,0.0336143205,0.0003079126981,0.000206276411,0.2297125012,-0.1887564063,0.2297125012,-0.1887564063,0,0.05180380475,0.03078297441,0.008424260029,0.4927439249,0.079313,0.004088749338,0.0002220499292,4.201560786e-05,0.001040791746,0.0005829015844,ok,4,1,1.422855249,1.589948127,-1.393578003,1.571783032,0.03516971226,0.03808523662,0.1738482352,-1.380209901,1.609024763,1.29493489,1.521201552,-0.05759762211,0.03384887753,-0.5316830159,1.420176696,1.58514453,-1.390025652,1.571642097,0.03433557962,0.03573436255,0.1764530843,-1.378729436,1.608756985,1.293011117,1.517742541,-0.05267018286,0.03690706943,-0.5352855391
4.3,20.484,0.04257608109,-0.07573856701,-0.05685196042,-0.005685196042,215,0.04812488826,-0.07531657669,-0.05676482393,-0.006987022176,0.04867998584,0.03325402846,0.000635003057,0.0004361631874,-0.01054641791,-0.1160605997,-0.01054641791,-0.1160605997,0,0.04852178957,0.03151311946,0.008434955935,0.4163278225,0.105086,0.004480179695,0.0002921745996,1.736798787e-05,0.002006403089,0.001282126214,ok,4,1,1.422593556,1.58948502,-1.393025333,1.57159346,0.03522263211,0.03776527272,0.1740507185,-1.379973418,1.608840731,1.294719596,1.520965025,-0.05715036255,0.03424822984,-0.5321096543,1.420436969,1.58773009,-1.393232005,1.571617462,0.03733240001,0.03557686332,0.1730488043,-1.378781346,1.609589185,1.293850139,1.517323504,-0.05298708433,0.03733115798,-0.5346873986
4.31,20.494,0.04200672478,-0.07579550264,-0.05701892803,-0.005701892803,215,0.04641045542,-0.07539845244,-0.1257962544,-0.00648361631,0.04869434275,0.03305142809,0.0001148403938,5.934372937e-05,-0.8621372581,0.392413497,-0.8621372581,0.392413497,0,0.03576228388,0.03893763054,0.008484688981,1.406958757,0.144071,0.003621004244,5.536815484e-05,5.558627686e-05,0.0003432743175,0.0001373687071,ok,4,1,1.422236748,1.589196222,-1.393566435,1.571676988,0.03531425681,0.03754774159,0.1742393158,-1.379953204,1.608888396,1.294614986,1.520441896,-0.05660808857,0.03456392339,-0.5324408937,1.422078656,1.598450097,-1.405876049,1.571592724,0.04823804619,0.03585140871,0.1601697282,-1.380338469,1.61580231,1.301355755,1.516903235,-0.05900091316,0.03811694225,-0.5276762024
4.32,20.504,0.04143571004,-0.07585260412,-0.05718364463,-0.005718364463,216,0.04444900294,-0.07551723238,-0.139790193,-0.002683987657,0.04730669005,0.03372661166,0.0006456989024,0.0004946241209,-0.2612617612,-0.07337645441,-0.2612617612,-0.07337645441,0,0.04338776363,0.03262596484,0.008451755543,0.5696256918,0.159511,0.0128790194,0.0006375648065,0.0003424511401,0.002080829385,0.001227733751,ok,4,1,1.422048839,1.589863685,-1.395861155,1.571812978,0.0364450745,0.03739791118,0.1730487476,-1.380282766,1.609591269,1.295752148,1.519822778,-0.05656240212,0.03497679411,-0.5321081897,1.420716597,1.591679195,-1.398218829,1.571568004,0.04214133141,0.03523038914,0.1676682001,-1.378802338,1.61097638,1.295182937,1.516481752,-0.05332148151,0.03816566225,-0.5338259071
4.33,20.514,0.04086305941,-0.07590986918,-0.05734610372,-0.005734610372,216,0.04455345942,-0.0754841982,0.03776863089,-0.001790908645,0.04683736694,0.03361653103,0.0001693490223,0.0002444663178,-0.2763794363,-0.2159428895,-0.2763794363,-0.2159428895,0,0.0426916754,0.03037738769,0.008453060518,0.547804632,0.115155,0.004631983233,9.082609306e-05,0.0001306781447,0.0004578428453,0.0008856579772,ok,4,1,1.421925516,1.590103747,-1.395077186,1.571865327,0.03750934818,0.03714336766,0.1717170227,-1.379868168,1.609880846,1.295126329,1.519485119,-0.05642065124,0.03538844134,-0.5318733614,1.420568899,1.592050001,-1.398847996,1.571543181,0.0429873945,0.0349857653,0.1668476226,-1.378170032,1.609421279,1.293055012,1.51605907,-0.05110044009,0.03844688837,-0.5360819281
4.34,20.524,0.04028879551,-0.07596729557,-0.05750629888,-0.005750629888,217,0.04408063473,-0.07552149464,-0.005615358558,-0.00670498269,0.04631580077,0.0332632104,0.0001977276516,0.0002564320819,0.2055310458,-0.2510811985,0.2055310458,-0.2510811985,0,0.04939876646,0.02949699242,0.00842590961,0.5821809102,0.074021,0.00477153171,0.0002417648429,0.0002700118822,0.0005704460845,0.000856521391,ok,4,1,1.421829025,1.590612962,-1.395345528,1.571811908,0.03821586279,0.03687202517,0.1711489868,-1.379582806,1.610042412,1.29473461,1.519030091,-0.05586508533,0.03567430889,-0.5323349736,1.419301422,1.586073958,-1.392100286,1.571518298,0.03765169719,0.03443628452,0.1734271726,-1.377850677,1.608964782,1.292290633,1.515635207,-0.05004327623,0.03879735736,-0.5370272523
4.35,20.534,0.039712941,-0.07602488102,-0.0576642238,-0.00576642238,217,0.044840338,-0.07558126764,0.005150396419,-0.007785924202,0.04657512608,0.03281638536,0.000500596327,0.0002969084261,0.05060429126,-0.01164226513,0.05060429126,-0.01164226513,0,0.04733419045,0.03264175139,0.008432224638,0.3548601837,0.050781,0.005249271352,0.0003767070973,0.0001112927578,0.001624156052,0.0007351797524,ok,4,1,1.421640916,1.590249334,-1.394732628,1.571599425,0.03833302123,0.03650803912,0.1712770055,-1.379324513,1.609811413,1.294656076,1.51875878,-0.05529254758,0.03606455603,-0.5330045273,1.419364636,1.587614803,-1.394092047,1.571493356,0.03964054141,0.03424005636,0.1712387996,-1.378452487,1.611734775,1.295537464,1.515210178,-0.05240851776,0.03934231626,-0.5341202813
4.36,20.544,0.03913551862,-0.07608262326,-0.05781987223,-0.005781987223,218,0.04404790951,-0.07568138311,-0.1174033504,-0.007616710397,0.04665695817,0.03276347186,0.0002843071739,0.0002141183083,-0.6662579775,0.09816159308,-0.6662579775,0.09816159308,0,0.03666308851,0.03423589576,0.008472963985,1.111877421,0.0502,0.003196532178,4.689489243e-05,0.0001531048137,0.0007998224068,0.0006392180576,ok,4,1,1.421356475,1.589912007,-1.39513894,1.571485332,0.03832832332,0.03622963011,0.1715642488,-1.379327125,1.609815167,1.295031956,1.51840671,-0.05487630356,0.03647765052,-0.5333165548,1.420696616,1.596541169,-1.404659338,1.571468333,0.0488254857,0.03443557661,0.1604454746,-1.378691821,1.613263869,1.297238684,1.514784001,-0.05345315929,0.03981922357,-0.5326988144
4.37,20.554,0.03855655116,-0.07614052,-0.05797323802,-0.005797323802,218,0.04155445504,-0.07577002321,-0.1209975716,-0.003977402407,0.04560518006,0.0329442025,0.0006177582464,0.0004835746445,-0.1778897792,-0.2648267448,-0.1778897792,-0.2648267448,0,0.04293683337,0.02897180133,0.008446026642,0.5835124434,0.048925,0.01025322907,0.0005352138356,0.0001732583824,0.001962193813,0.001338395216,ok,4,1,1.421113682,1.590273808,-1.397086825,1.57172984,0.03926778776,0.03611740027,0.1706987037,-1.379444179,1.610215454,1.295273375,1.51776867,-0.05450256633,0.03683864876,-0.5332250574,1.419524246,1.590926055,-1.398342485,1.571443296,0.04384848249,0.03386616636,0.1665931018,-1.377376448,1.609295907,1.292108156,1.514356692,-0.0486674419,0.03995762447,-0.5378379692
4.38,20.564,0.03797606149,-0.07619856897,-0.05812431514,-0.005812431514,219,0.04164408044,-0.07576250532,0.03321335235,-0.003489483481,0.04529316391,0.03250505908,0.0001740128177,0.0002849147657,-0.3711931705,-0.1824297309,-0.3711931705,-0.1824297309,0,0.03972526635,0.02976861312,0.008457242708,0.6658818846,0.048959,0.005324643392,6.215812949e-05,0.00018003829,0.0004005398505,0.001017773592,ok,4,1,1.420946888,1.590313445,-1.396356613,1.571790124,0.04014427343,0.03585802881,0.1696327948,-1.379012358,1.610265992,1.294500741,1.5173529,-0.05399208529,0.03720409614,-0.5334499949,1.419745595,1.593451988,-1.401476849,1.571418181,0.04680309227,0.03373391409,0.1632568395,-1.377440051,1.61018568,1.293016504,1.513928268,-0.04903312021,0.04039195262,-0.5371792193
4.39,20.574,0.03739407251,-0.07625676787,-0.05827309761,-0.005827309761,219,0.04140447743,-0.07583023308,-0.009010767494,-0.006394843239,0.04461991642,0.03218441184,7.76309921e-05,0.0001276279706,0.2012752891,-0.08972907066,0.2012752891,-0.08972907066,0,0.04763904576,0.03083847578,0.008425201178,0.4422773152,0.073844,0.005916232146,7.6525214e-05,0.0001075828319,0.0002285352664,0.0004377367771,ok,4,1,1.420859249,1.590855634,-1.396947002,1.571662469,0.04088686013,0.0355665291,0.1689585921,-1.378818846,1.61033052,1.294442046,1.516938872,-0.05337456371,0.03755626634,-0.5340122839,1.41830309,1.586432861,-1.393520785,1.571393011,0.04044890824,0.03310845723,0.1710443822,-1.377565454,1.611294198,1.294197301,1.513498746,-0.04962957472,0.04083941226,-0.5362601394
4.4,20.584,0.03681060721,-0.0763151144,-0.05841957955,-0.005841957955,220,0.04248235575,-0.07588565416,-0.01370736504,-0.006217846359,0.04487038659,0.03198649584,0.0006595425327,0.0004490990669,0.3130592108,-0.1173402667,0.3130592108,-0.1173402667,0,0.04956627475,0.03022639184,0.008416588886,0.603159706,0.100845,0.00414754281,0.0003643378863,7.09582538e-05,0.002063783003,0.001297476885,ok,4,1,1.420669088,1.590580404,-1.396115174,1.571364371,0.04099589811,0.03517914026,0.1689367615,-1.378599887,1.610247581,1.294626666,1.516775039,-0.05303274394,0.0380325703,-0.5343961696,1.417752662,1.584548807,-1.391530746,1.571367786,0.03910214278,0.03274744047,0.172846496,-1.377306058,1.611057149,1.29370235,1.513068143,-0.04879633963,0.04120973887,-0.5369491735
4.41,20.594,0.03622568861,-0.07637360626,-0.05856375519,-0.005856375519,220,0.04173989061,-0.07594674494,-0.1222711256,-0.006786107868,0.04538215003,0.03176057104,0.0005384780065,0.0003333373143,-0.1550153196,0.1949450076,-0.1550153196,0.1949450076,0,0.04305692023,0.03468474615,0.008439430146,0.4665577808,0.165791,0.005373456486,0.0002447029902,4.854385486e-05,0.001670471485,0.0009571795386,ok,4,1,1.420347637,1.589922263,-1.395738218,1.571276795,0.04080412926,0.03489612749,0.169486008,-1.378412066,1.61021426,1.294422216,1.516436151,-0.05264483309,0.03840109813,-0.5346464644,1.418487642,1.589897168,-1.397953919,1.571342508,0.04482173668,0.03274072349,0.1662127562,-1.378193092,1.614879837,1.298259138,1.512636475,-0.05226740646,0.04182412377,-0.5327941625
4.42,20.604,0.03563933981,-0.07643224114,-0.05870561883,-0.005870561883,221,0.03985050141,-0.07604845957,-0.1340863353,-0.005184530776,0.04516945059,0.03210104112,0.0002081888744,0.0001892771157,-0.5837423801,-0.01557327714,-0.5837423801,-0.01557327714,0,0.03641331488,0.03186744196,0.008464401789,1.009051796,0.145196,0.004167037629,0.000275150857,0.0001965830647,0.0007188843577,0.0004150962197,ok,4,1,1.419996104,1.589706407,-1.396763764,1.571416061,0.040997518,0.03470209705,0.169533231,-1.378591329,1.6107128,1.295044994,1.515815103,-0.05240304509,0.03876185943,-0.5345606892,1.419206824,1.595369536,-1.404510292,1.571317163,0.05065964264,0.0327790166,0.1594427131,-1.377440261,1.612876618,1.295568702,1.51220376,-0.04956033804,0.04208444573,-0.5355904562
4.43,20.614,0.03505158395,-0.07649101672,-0.05884516488,-0.005884516488,221,0.03737762438,-0.0760830146,-0.03614269903,-0.003184615314,0.04427380628,0.03212136833,0.0008413356708,0.0006896765527,-0.2010201067,0.06920740008,-0.2010201067,0.06920740008,0,0.04125850468,0.03315947933,0.008443453769,0.4888176922,0.121524,0.00905456649,0.0004715271917,3.746626064e-05,0.002529363564,0.00212693846,ok,4,1,1.419757923,1.590054519,-1.39797949,1.571783486,0.04198251397,0.0345872814,0.1684972796,-1.378548906,1.611188901,1.294828013,1.515102806,-0.05192490884,0.03909851218,-0.5344822375,1.418238794,1.590975756,-1.399610976,1.571290643,0.0468706909,0.03226131258,0.1641576745,-1.377608283,1.614164401,1.296970552,1.51176983,-0.05033992483,0.04254707817,-0.5344590153
4.44,20.624,0.03446244425,-0.07654993069,-0.05898238782,-0.005898238782,222,0.03897247307,-0.07611725135,0.06497016298,-0.004371688871,0.04387347355,0.03221867566,0.0001629902418,0.0001308179013,0.1962381601,-0.2804656625,0.1962381601,-0.2804656625,0,0.04681704595,0.02801169072,0.008420934621,0.60593105,0.051468,0.004112776433,0.0001036395316,5.693602652e-05,0.0005870648817,0.0003874470462,ok,4,1,1.419741232,1.590324655,-1.397324908,1.571540129,0.04275791446,0.03424609128,0.1675011313,-1.378262061,1.611622895,1.295224774,1.514875191,-0.05171407875,0.03959052104,-0.5345409886,1.417140796,1.585974698,-1.393997867,1.571263677,0.04248126746,0.03172864344,0.1695834783,-1.3763157,1.610303528,1.291955724,1.511334826,-0.04565476825,0.04271389683,-0.5394742724
4.45,20.634,0.03387194396,-0.07660898072,-0.05911728223,-0.005911728223,222,0.03911392568,-0.07613472258,0.006538367356,-0.007150112459,0.04412788242,0.0317317788,0.0004717869076,0.0003655675373,0.2832753956,-0.1632260084,0.2832753956,-0.1632260084,0,0.04837701336,0.02928338868,0.008413841952,0.5784938711,0.088035,0.005555793225,0.0004280425804,0.0002175745617,0.001550382822,0.001018041473,ok,4,1,1.419575486,1.590189718,-1.396492839,1.57137743,0.04292830314,0.03391260263,0.1675579729,-1.37783758,1.611538841,1.294613058,1.514618628,-0.05121056147,0.0399630682,-0.5349854635,1.416640035,1.584404779,-1.392372566,1.571236657,0.04144415648,0.03137758523,0.1710098803,-1.376481614,1.611575175,1.293338006,1.510898824,-0.04641567902,0.04317394932,-0.5383613224
4.46,20.644,0.03328010639,-0.07666816448,-0.0592498428,-0.00592498428,223,0.03883733571,-0.0762241663,-0.1108412385,-0.00877885332,0.04456742009,0.03143493828,0.000486592564,0.0003931556446,0.2352744341,-0.250316143,0.2352744341,-0.250316143,0,0.0480965366,0.02768019614,0.008413467329,0.596251477,0.163298,0.005140132158,0.0002209197909,2.711447894e-05,0.001460006537,0.001200066545,ok,4,1,1.419262664,1.589544912,-1.396277354,1.571223985,0.04277198218,0.03359636565,0.1681253938,-1.377713253,1.611425368,1.294664549,1.514243956,-0.0507001788,0.04031367146,-0.5355449592,1.416421062,1.584412272,-1.392583393,1.571209586,0.04195156997,0.03110394011,0.1705955073,-1.375993089,1.610550752,1.291855619,1.510461842,-0.04473766403,0.04350718625,-0.5399917023
4.47,20.654,0.0326869549,-0.07672747963,-0.05938006428,-0.005938006428,223,0.03721261757,-0.07629777801,-0.1082532272,-0.007095273742,0.04500808489,0.03100975561,8.968859841e-05,2.407111311e-05,0.02117527835,-0.3067086935,0.02117527835,-0.3067086935,0,0.04532571406,0.02640912521,0.008422101216,0.6678307166,0.10367,0.005281828479,3.521709716e-05,1.817579888e-05,0.0002887143195,9.029583549e-05,ok,4,1,1.418820601,1.588758665,-1.396188337,1.571333827,0.04264157968,0.03334553213,0.1685665141,-1.377615242,1.611235402,1.294293255,1.513702559,-0.05001949251,0.04064383334,-0.5360253283,1.416584043,1.586554455,-1.395279412,1.571182463,0.04455111471,0.03093725717,0.1676904022,-1.375580208,1.609792788,1.290704489,1.510023896,-0.04334118534,0.04385688238,-0.5413046364
4.48,20.664,0.03209251292,-0.07678692383,-0.05950794154,-0.005950794154,224,0.03580552624,-0.07635822767,-0.05646369433,-0.005752286948,0.04510367977,0.03048776414,0.0002641305992,0.0002704629373,-0.6387780905,0.1995888799,-0.6387780905,0.1995888799,0,0.03552200842,0.03348159734,0.008458857058,1.079638104,0.173358,0.00583732405,0.0002008919768,3.942872253e-05,0.0007345275999,0.0008696145866,ok,4,1,1.418467281,1.588266504,-1.396293294,1.571448537,0.04281244049,0.03310488887,0.16854649,-1.377457435,1.611122042,1.293799173,1.513133935,-0.04917850939,0.04098794661,-0.5365997862,1.417769718,1.594739847,-1.404991566,1.571155278,0.05306195613,0.03113420035,0.157750109,-1.377056858,1.615696978,1.297867908,1.509585005,-0.04901519433,0.04457628395,-0.5346627325
4.49,20.674,0.0314968039,-0.07684649473,-0.05963346953,-0.005963346953,224,0.03468653621,-0.07647047491,-0.0886827165,-0.003880325943,0.04407129496,0.03081222535,0.0005865306627,0.0004367429003,-0.3666128516,0.009320130572,-0.3666128516,0.009320130572,0,0.03857210218,0.03095202731,0.00844492136,0.7132586249,0.274796,0.009806037804,0.0004933446694,0.0002895052829,0.001853878715,0.001120538922,ok,4,1,1.418279283,1.588853047,-1.397776845,1.571438561,0.04364388241,0.03287004085,0.1675561468,-1.377633026,1.6115903,1.294703579,1.512635541,-0.04882800465,0.0414597068,-0.5366757198,1.417067179,1.591883649,-1.401880246,1.571128069,0.05077646866,0.03068822624,0.1606664038,-1.3763624,1.613933399,1.295463877,1.509145186,-0.04655040341,0.04486696783,-0.5371763927
4.5,20.684,0.03089985137,-0.07690618998,-0.05975664329,-0.005975664329,225,0.03474698924,-0.07647915488,0.03880674251,-0.002516083276,0.04341489383,0.03082129599,0.0001945684281,0.00015507414,-0.06508981436,-0.01529469807,-0.06508981436,-0.01529469807,0,0.04243854661,0.03059187552,0.008428589919,0.3631096799,0.175472,0.006149221511,3.884865142e-05,4.966551525e-05,0.0004998758916,0.000380323723,ok,4,1,1.418174932,1.589318651,-1.397632283,1.571392906,0.04462724715,0.03259150888,0.1663483522,-1.377349447,1.611926714,1.294549727,1.512335551,-0.04862253843,0.04194742215,-0.536533586,1.416228717,1.588329238,-1.39795276,1.5711008,0.04780311439,0.03021363222,0.1643987053,-1.376155256,1.613903642,1.29522144,1.508704455,-0.04592349175,0.04525828389,-0.537621818
4.51,20.694,0.0303016789,-0.07696600723,-0.05987745797,-0.005987745797,225,0.03530024571,-0.07651214132,0.002851612437,-0.005451625196,0.04322524957,0.03077620798,0.0003148620053,0.000259426733,0.2722891867,-0.2611854374,0.2722891867,-0.2611854374,0,0.04730958737,0.02685842641,0.008409255478,0.5945894845,0.15839,0.00333173897,0.0003212722475,7.67272926e-05,0.001013408736,0.0008275313157,ok,4,1,1.418081507,1.589571353,-1.397204117,1.571210709,0.0451175709,0.03225208966,0.1659325614,-1.377028793,1.612263319,1.294534228,1.512036193,-0.04838560275,0.04235713354,-0.5366390635,1.415224407,1.583915427,-1.393020877,1.571073485,0.04398284753,0.02970224343,0.1691351509,-1.375183709,1.611184567,1.291617491,1.508262829,-0.04243970791,0.04550713672,-0.5412802344
4.52,20.704,0.02970231009,-0.07702594411,-0.05999590878,-0.005999590878,226,0.03518664738,-0.07655276414,-0.04310318124,-0.008031793622,0.04361451712,0.03033341898,0.000481066252,0.0003843242296,0.5080628991,-0.2743839025,0.5080628991,-0.2743839025,0,0.0512354606,0.02621766044,0.008394115967,0.8715076469,0.174589,0.005448385916,0.0003537378522,0.0001825589532,0.001491601779,0.001106396585,ok,4,1,1.417860186,1.589030214,-1.396639787,1.571129419,0.04519139729,0.03193894948,0.1662725186,-1.376681769,1.612155339,1.294055531,1.511644889,-0.04788809382,0.04268094546,-0.5370930362,1.414349689,1.580315137,-1.389030707,1.571046125,0.04095537026,0.02924444031,0.1729256682,-1.374912361,1.610933509,1.291095803,1.507820325,-0.04157501653,0.04589063619,-0.5419918107
4.53,20.714,0.02910176862,-0.07708599826,-0.06011199105,-0.006011199105,226,0.03483302658,-0.07662996368,-0.1027507082,-0.008639194901,0.04446285093,0.02984798667,0.0005755198931,0.0003804420422,-0.6513702869,0.6254258752,-0.6513702869,0.6254258752,0,0.03469229662,0.0392293748,0.008454430225,1.082139366,0.179496,0.007603789094,0.00024694803,7.594677092e-05,0.001796230685,0.001071187435,ok,4,1,1.417472774,1.587918926,-1.395809,1.571042863,0.04484655011,0.03162357723,0.167065342,-1.376464957,1.611866331,1.293776802,1.511213621,-0.04728261572,0.0430021873,-0.5377122297,1.416570606,1.594278177,-1.405474776,1.571018712,0.0551567642,0.02975514652,0.1562439484,-1.377695918,1.62157419,1.304176132,1.507376973,-0.05226365017,0.04688173634,-0.5297072642
4.54,20.724,0.02850007818,-0.0771461673,-0.06022570021,-0.006022570021,227,0.03240804361,-0.07680122298,-0.191206329,-0.003018668023,0.04346505464,0.03088963265,0.000591545289,0.000454274437,-0.6135373712,-0.2632088959,-0.6135373712,-0.2632088959,0,0.03426199408,0.02694149921,0.008454588765,1.099718277,0.144306,0.01043078263,0.0006728804757,0.0005479038367,0.002066953416,0.00114962189,ok,4,1,1.417139436,1.588379209,-1.398336297,1.571109703,0.04533996429,0.0314393015,0.166674731,-1.377085727,1.612771293,1.295725808,1.510569692,-0.04729076981,0.04349847155,-0.5373075581,1.416367546,1.594411941,-1.405834773,1.570991265,0.05580038954,0.02949261386,0.1556775482,-1.374825466,1.612030439,1.292052185,1.506932764,-0.04154127404,0.04674167177,-0.5415060147
4.55,20.734,0.02789726254,-0.07720644887,-0.06033703176,-0.006033703176,227,0.02945053774,-0.07675835433,0.01805621288,-0.00237904111,0.04250719874,0.03054045493,0.001152662068,0.0009949300806,-0.1431285292,0.02451637201,-0.1431285292,0.02451637201,0,0.0403602708,0.03090820051,0.008429028457,0.4226154157,0.110312,0.009410416791,0.0004347880579,0.0002443682168,0.003388805373,0.003191407687,ok,4,1,1.416884875,1.588804197,-1.398940159,1.57170063,0.04671825243,0.03132331206,0.165087965,-1.376711595,1.613031819,1.29432112,1.509832096,-0.04679629567,0.04384532918,-0.5370361373,1.415213039,1.588934202,-1.399678088,1.57096378,0.05094440659,0.02887901497,0.1616415363,-1.375595223,1.615450485,1.296123314,1.506487737,-0.04457227713,0.04731707348,-0.5378343205
4.56,20.744,0.02729334549,-0.07726684057,-0.06044598131,-0.006044598131,228,0.03247543329,-0.07680732103,0.1394518085,-0.004579482301,0.04214678262,0.03052921482,0.000443523357,0.000335776214,0.47181499,-0.1716094166,0.47181499,-0.1716094166,0,0.04922400747,0.02795507357,0.008395385929,0.7987668475,0.061953,0.003394900977,0.0003056346019,0.0001407302691,0.001490977913,0.0009394381718,ok,4,1,1.416968989,1.589079654,-1.397871212,1.571200266,0.04754950561,0.03088619994,0.1640621682,-1.376303145,1.61338235,1.294824577,1.509682832,-0.04653610299,0.04432547569,-0.5373051771,1.413600069,1.581091985,-1.39075632,1.570936249,0.04375412054,0.02816628805,0.1703703481,-1.374801482,1.613359376,1.293298293,1.506041903,-0.04174938068,0.04760744096,-0.5407461219
4.57,20.754,0.02668835087,-0.07732734003,-0.06055254456,-0.006055254456,228,0.03356937466,-0.07685202196,-0.07857890937,-0.009546114257,0.04280201854,0.03020534419,0.001146666021,0.0007450399599,0.4513625503,-0.2146032304,0.4513625503,-0.2146032304,0,0.04957245679,0.02698629573,0.008392752218,0.7900842807,0.082827,0.007364520011,0.0006438135107,9.734198956e-05,0.003684854359,0.002123364085,ok,4,1,1.416765233,1.588456505,-1.39650218,1.570757155,0.04749186208,0.0304840545,0.1644753774,-1.375935673,1.613077397,1.294608953,1.509635164,-0.04640160859,0.04473872335,-0.537662701,1.413279068,1.580555662,-1.39033707,1.570908679,0.04373819922,0.02785857793,0.1705822989,-1.374456029,1.612849593,1.292451155,1.50559528,-0.04060477322,0.04798096588,-0.5417697349
4.58,20.764,0.02608230257,-0.07738794486,-0.06065671729,-0.006065671729,229,0.03151434148,-0.07694625478,-0.203515263,-0.009178408156,0.0435956334,0.02983194992,0.000518788416,0.000170187946,-0.4919359684,0.4276844263,-0.4919359684,0.4276844263,0,0.03621659387,0.03624721631,0.008440475459,0.8410297146,0.046923,0.006851199299,0.0002489677509,8.421256435e-05,0.001695316145,0.0004231683774,ok,4,1,1.416208958,1.587406862,-1.396308678,1.570843556,0.04708376348,0.03021290431,0.1654971364,-1.375865348,1.612839246,1.294215492,1.509045655,-0.04590415286,0.04497472024,-0.5381020994,1.415021086,1.591782621,-1.403604067,1.570881069,0.05528241259,0.0282338521,0.1570868392,-1.376398581,1.620486296,1.301797274,1.505147885,-0.04810545996,0.0487858792,-0.5330699785
4.59,20.774,0.0254752245,-0.07744865267,-0.0607584954,-0.00607584954,229,0.02874789357,-0.07708627668,-0.1497688089,-0.002865105443,0.04288734638,0.03056423827,0.0006220646275,0.0006007877532,-0.5541030765,-0.1276643127,-0.5541030765,-0.1276643127,0,0.03457580023,0.02864927358,0.008445418434,0.994273309,0.079668,0.008163496399,0.0006317573444,0.0003667919628,0.002033119338,0.001732859503,ok,4,1,1.415809286,1.587460558,-1.398435288,1.571083089,0.04751664219,0.03004104234,0.1652503356,-1.376352874,1.613593815,1.295565792,1.508244827,-0.0457023284,0.04538530375,-0.53783308,1.414990838,1.592956192,-1.405172618,1.570853113,0.05695106894,0.02803776985,0.1553076025,-1.374576108,1.614696774,1.294346018,1.504699392,-0.04135734977,0.04887599197,-0.5403945939
4.6,20.784,0.02486714065,-0.07750946105,-0.06085787487,-0.006085787487,230,0.02680999804,-0.07707043959,0.04741126252,-0.002467889445,0.0420291675,0.03040983791,0.0009494645889,0.0009351333424,-0.2704257071,0.04446749017,-0.2704257071,0.04446749017,0,0.03797278189,0.03107685026,0.008430418843,0.572650836,0.133399,0.008557886096,0.0004281144199,0.0001550510925,0.002699147728,0.003073211745,ok,4,1,1.415631764,1.587885523,-1.398970626,1.571491674,0.04864627707,0.02987454379,0.1638654886,-1.376068549,1.61406435,1.294831978,1.507592918,-0.04518053322,0.04581298664,-0.537667054,1.414233174,1.589801829,-1.401715983,1.570823442,0.05437278542,0.02755819478,0.1585627685,-1.374994065,1.61688962,1.296884347,1.504248295,-0.04308065371,0.04938844207,-0.5381919193
4.61,20.794,0.02425807502,-0.07757036762,-0.06095485177,-0.006095485177,230,0.02894665521,-0.07711885464,0.1001179032,-0.005278680692,0.04147451989,0.0304534178,0.0002325911108,0.0001353932504,0.1915281713,-0.2843266428,0.1915281713,-0.2843266428,0,0.04434744246,0.02618851816,0.008405225169,0.6250488502,0.048556,0.004885018128,0.000164751012,0.0001016374271,0.0008423014996,0.0003524423071,ok,4,1,1.415697879,1.588395625,-1.398427888,1.571102151,0.0494877673,0.02948810838,0.162799032,-1.375725048,1.614522367,1.295319671,1.507436851,-0.04487485068,0.04633600364,-0.5378793146,1.413014544,1.584095112,-1.395285091,1.570793733,0.04927925903,0.02693675019,0.1647941956,-1.373764832,1.613265983,1.292131327,1.503796473,-0.03862436217,0.04961347978,-0.542937833
4.62,20.804,0.02364805164,-0.07763136996,-0.06104942228,-0.006104942228,231,0.02955326514,-0.07714489669,-0.0009063980846,-0.008012567283,0.04168148884,0.02994973255,0.0006960603558,0.0004851736174,0.1484829187,-0.3235676289,0.1484829187,-0.3235676289,0,0.04390873262,0.02509621812,0.008405363994,0.7015401978,0.070944,0.005765531842,0.0004676651623,0.0001958630912,0.002259227296,0.001342192385,ok,4,1,1.415566622,1.588251446,-1.397638732,1.570838845,0.04970389267,0.02913595789,0.1628298816,-1.375290059,1.614348703,1.294825028,1.507252095,-0.04438989401,0.04674842289,-0.5383932792,1.412812314,1.584237773,-1.395657519,1.570763989,0.04993708923,0.02666865875,0.1642118879,-1.37338609,1.612663235,1.291161327,1.503343941,-0.03737449204,0.04999426581,-0.5440774389
4.63,20.814,0.0230370946,-0.07769246566,-0.06114158267,-0.006114158267,231,0.02824693143,-0.07723449158,-0.1330666588,-0.009428687662,0.04192002993,0.02939265468,0.0003305506789,0.0001810106568,0.02710419334,-0.4914014935,0.02710419334,-0.4914014935,0,0.04232659283,0.02202163228,0.008409719343,0.919024758,0.109382,0.006267357416,0.000150694436,0.0001052786122,0.001030191394,0.0004810700553,ok,4,1,1.415184907,1.587738821,-1.397853685,1.570845544,0.04970780437,0.02886681238,0.1632526895,-1.375141201,1.614062412,1.294429165,1.506743625,-0.04364184945,0.04704895521,-0.539116553,1.412780127,1.585361268,-1.39717106,1.57073421,0.05156122094,0.02646107392,0.1624867405,-1.372553518,1.610489439,1.288214633,1.502890713,-0.03445160187,0.05030893482,-0.5470976041
4.64,20.824,0.02242522803,-0.07775365232,-0.06123132929,-0.006123132929,232,0.02647448397,-0.07730102614,-0.07362914308,-0.007225186293,0.0420167719,0.02856021423,0.0001661257912,0.0002568236496,-0.1260104328,-0.2730204463,-0.1260104328,-0.2730204463,0,0.0401266154,0.02446490753,0.008416299318,0.6356776837,0.070494,0.008090496254,0.0001323695619,0.0001036066715,0.000419047632,0.0009009000447,ok,4,1,1.414774859,1.587187403,-1.398141835,1.571012795,0.04988925214,0.02864042367,0.1633091136,-1.374966564,1.613655806,1.293632529,1.506110313,-0.04254209813,0.04736728285,-0.5399979974,1.41284005,1.587014121,-1.399300863,1.570704398,0.05370834179,0.02628668411,0.1601445456,-1.372984478,1.61269174,1.290771084,1.502436844,-0.03618532129,0.05081202986,-0.5448815488
4.65,20.834,0.02181247608,-0.07781492751,-0.0613186586,-0.00613186586,232,0.02604383776,-0.07739135585,-0.04260297614,-0.006252377559,0.04182670989,0.02806408439,0.0001361403409,0.0001623444194,-0.681055069,0.7091507316,-0.681055069,0.7091507316,0,0.03161088386,0.03870134536,0.008447685506,1.153230193,0.077149,0.005488343518,0.0001891870191,0.0001027258566,0.0003677353662,0.0005102870752,ok,4,1,1.414501364,1.587013848,-1.398327223,1.570944826,0.05025900549,0.0283406657,0.1629289227,-1.374830774,1.61346719,1.293545329,1.505665531,-0.04167366481,0.04780996578,-0.5407315897,1.413807661,1.594094097,-1.407733382,1.570674546,0.06119478619,0.02648575557,0.1514901011,-1.376025641,1.624267187,1.305077631,1.501982327,-0.04786490476,0.0517957397,-0.531482226
4.66,20.844,0.02119886293,-0.07787628883,-0.06140356715,-0.006140356715,233,0.02673624738,-0.07753005773,-0.04494197869,-0.0004593175842,0.04064860997,0.02917570022,0.0004994778964,0.0006283213625,-0.06684340537,0.1645669788,-0.06684340537,0.1645669788,0,0.03964595889,0.0316442049,0.008415012438,0.4520742857,0.040401,0.01029534086,0.0004005246594,0.0006488489199,0.001146581222,0.001936494928,ok,4,1,1.41445771,1.587808397,-1.399753651,1.570588543,0.05113731184,0.02801200296,0.1617854419,-1.375108188,1.614397139,1.295624625,1.505448516,-0.04200233902,0.04848191602,-0.5401644154,1.412373123,1.586954318,-1.399645917,1.57064468,0.05469270252,0.02573089156,0.1593786886,-1.374343652,1.618917882,1.298168121,1.501527149,-0.04158131665,0.05191511461,-0.5382801825
4.67,20.854,0.02058441281,-0.07793773384,-0.0614860516,-0.00614860516,233,0.02576775592,-0.07748250888,-0.05268940772,-0.001935630243,0.04049636092,0.02948462835,0.000336171284,0.0002288174892,0.1203422993,-0.09215210378,0.1203422993,-0.09215210378,0,0.04230149541,0.02810234679,0.008403839843,0.4061216431,0.038038,0.00386703885,0.0002434739889,0.000101548702,0.001157989186,0.000695583416,ok,4,1,1.414241243,1.587978221,-1.398896118,1.570676669,0.05185517767,0.02780419274,0.1609926892,-1.374752055,1.615050843,1.295108724,1.50513258,-0.04226871637,0.04892589433,-0.5393597363,1.411705868,1.584439159,-1.396926764,1.570614775,0.05273622311,0.02529694942,0.1618896404,-1.373420354,1.61637143,1.294758429,1.501071364,-0.03826386902,0.05220213002,-0.5417421271
4.68,20.864,0.01996914999,-0.07799926012,-0.06156610868,-0.006156610868,234,0.02523075006,-0.07750795097,-0.04819145045,-0.006833926631,0.04063945627,0.02936686298,0.00037225704,0.0003213023218,0.3764625788,-0.005550904199,0.3764625788,-0.005550904199,0,0.04628639496,0.02928359941,0.008388413156,0.6977652196,0.070195,0.00369012302,0.0003448904019,0.0003499956446,0.001234432179,0.0009257788124,ok,4,1,1.414045747,1.587763661,-1.398527477,1.570753618,0.05214369883,0.0275348299,0.1610841479,-1.374408515,1.615543797,1.294709675,1.504513533,-0.04195399204,0.04916611279,-0.5394649427,1.410828814,1.580786009,-1.392879475,1.570584842,0.04965396392,0.0247995775,0.1657281317,-1.37355448,1.617573581,1.296056485,1.500614981,-0.03892834096,0.05266681312,-0.5407268502
4.69,20.874,0.01935309874,-0.07806086525,-0.06164373524,-0.006164373524,234,0.02524053373,-0.07759117029,-0.09311170305,-0.008735922857,0.04124280392,0.02936676172,0.0005795198085,0.0004057958878,0.02535899356,-0.06091145426,0.02535899356,-0.06091145426,0,0.04162318883,0.0284530899,0.008403282586,0.3897348753,0.055845,0.00613346163,0.0002567526488,8.934301871e-05,0.001816391878,0.001100576302,ok,4,1,1.413732747,1.58691947,-1.397912789,1.570620576,0.05198607685,0.02719573499,0.1616467069,-1.374350303,1.615657896,1.295175566,1.504055366,-0.04167808041,0.0495227392,-0.5398111168,1.411266335,1.584546076,-1.397466563,1.570554882,0.05388804944,0.024748952,0.1609268082,-1.373238363,1.617180123,1.295349599,1.500158017,-0.03789674019,0.05305739761,-0.5416179518
4.7,20.884,0.0187362834,-0.07812254678,-0.06171892821,-0.006171892821,235,0.02290033926,-0.07768110155,-0.126835049,-0.007347849352,0.04135766021,0.02928423186,0.0001916817184,0.0002252323635,-0.7111659646,0.4336031079,-0.7111659646,0.4336031079,0,0.03069017074,0.03578827848,0.008443291101,1.204020153,0.072235,0.003292482515,0.000178027445,1.866907275e-05,0.0005840033028,0.0007582901553,ok,4,1,1.413274498,1.586411547,-1.398490154,1.570780275,0.0520501035,0.02695736105,0.1619022605,-1.374409937,1.61572649,1.295219512,1.5034505,-0.04118698891,0.04988659686,-0.5400249468,1.41258723,1.593696083,-1.40830911,1.570524886,0.06343216671,0.02509913246,0.1498620589,-1.374730524,1.6232655,1.302779844,1.499700492,-0.04374336264,0.05376177759,-0.5347762723
4.71,20.894,0.0181187283,-0.07818430229,-0.06179168462,-0.006179168462,235,0.02126587125,-0.07779645072,-0.09158209897,-0.002889004141,0.04024742974,0.03001907353,0.0007076103754,0.0005330009935,-0.6552137136,-0.02622977644,-0.6552137136,-0.02622977644,0,0.03041922403,0.02962562688,0.008442742956,1.138774104,0.089777,0.01097573517,0.0006051672909,0.0003055053994,0.002248485897,0.001447482551,ok,4,1,1.413025683,1.586941631,-1.400271608,1.570858939,0.0529702126,0.02675150558,0.1608377941,-1.37471348,1.616558162,1.296461746,1.502860414,-0.04109801394,0.05039475956,-0.5396591384,1.41235443,1.593689772,-1.408509773,1.570494874,0.06395401679,0.02482677628,0.1494500531,-1.373238705,1.618640803,1.296760699,1.499242422,-0.03821960783,0.05394371295,-0.5407166298
4.72,20.904,0.01750045783,-0.07824612934,-0.06186200161,-0.006186200161,236,0.02022646168,-0.07778920282,0.06703055691,-0.003035878258,0.03913340632,0.03002658726,0.0007047232614,0.0005967331003,-0.2040606588,0.2315632552,-0.2040606588,0.2315632552,0,0.03607249644,0.03350003608,0.00841917281,0.5104005993,0.046314,0.009723036882,0.00023391535,0.0001267262707,0.002004778932,0.001907664884,ok,4,1,1.412933943,1.587730763,-1.400768771,1.571043442,0.05435315881,0.02654204119,0.15917309,-1.374412874,1.617058881,1.296034434,1.502357108,-0.04081306219,0.05085594135,-0.5393984024,1.411269766,1.588592638,-1.402795589,1.570463302,0.0594571648,0.02418706983,0.1549516206,-1.373963813,1.621977307,1.300741778,1.498783632,-0.04114716356,0.05450916775,-0.5371511716
4.73,20.914,0.01688149641,-0.07830802548,-0.06192987638,-0.006192987638,236,0.02265871526,-0.07784471309,0.06969895002,-0.005290109917,0.03865252721,0.030371482,0.0005691528754,0.0004776109424,0.4768219888,-0.04335558042,0.4768219888,-0.04335558042,0,0.04580485704,0.02972114829,0.008382879998,0.8194274654,0.043822,0.004366332082,0.0003478862443,4.251315941e-05,0.001803782248,0.001466383185,ok,4,1,1.412999418,1.588199761,-1.400147906,1.570567765,0.05516845457,0.02613582414,0.1582329373,-1.37412317,1.617610975,1.296850754,1.502244612,-0.04088637497,0.0513876844,-0.5393099093,1.409538179,1.580005487,-1.393006118,1.570431567,0.05150036416,0.02335174222,0.1645256466,-1.37299217,1.619247557,1.297095909,1.498324317,-0.03763111844,0.05479117858,-0.5408281024
4.74,20.924,0.01626186846,-0.07836998827,-0.06199530627,-0.006199530627,237,0.02317219713,-0.07788688182,-0.1045402234,-0.009046661326,0.03932675088,0.03029314994,0.001106192016,0.0006765328685,0.7100360394,-0.2928243577,0.7100360394,-0.2928243577,0,0.04997729147,0.02590078457,0.00836771386,1.123796166,0.0467,0.007424889168,0.0006355157762,0.0001136416663,0.003577103369,0.001924666752,ok,4,1,1.412726961,1.587430376,-1.39883471,1.570255789,0.05520386058,0.02577062954,0.1586313369,-1.373791307,1.617504089,1.29666891,1.502072512,-0.04100241879,0.05175692709,-0.5392953182,1.408615,1.576192414,-1.388765136,1.570399807,0.04825092979,0.02284489824,0.1685454667,-1.372004964,1.6164895,1.293407846,1.497864511,-0.03408153855,0.05508225545,-0.544542017
4.75,20.934,0.01564159844,-0.07843201528,-0.0620582887,-0.00620582887,237,0.02145529701,-0.07795675669,-0.1563354596,-0.009110824168,0.04055361264,0.02979963308,0.0007370655455,0.0002781443544,-0.4349294007,0.2246435583,-0.4349294007,0.2246435583,0,0.03402967163,0.03316928645,0.00842238469,0.7410962495,0.039736,0.009716562879,0.0004028863724,0.0002327715666,0.002501321069,0.0007080453979,ok,4,1,1.412151875,1.585908977,-1.397860112,1.570366959,0.0546752143,0.0254653656,0.1598839371,-1.373563591,1.617195304,1.295927091,1.501410503,-0.04054286136,0.05193736312,-0.5396843228,1.410738939,1.589624934,-1.404613974,1.570368018,0.06206029337,0.02343421559,0.1524729746,-1.373486847,1.622509738,1.300773008,1.497404232,-0.03986106205,0.05576024298,-0.537769971
4.76,20.944,0.01502071085,-0.07849410404,-0.06211882116,-0.006211882116,238,0.01811912323,-0.07809333195,-0.1402538827,-0.004602922429,0.03998168655,0.03019231001,0.0006907029425,0.0006795897385,-0.6447787881,-0.2933873236,-0.6447787881,-0.2933873236,0,0.03031000473,0.02579150016,0.008435337983,1.135222421,0.105985,0.007491510455,0.0006467947816,0.0001778135666,0.002191156028,0.002160742955,ok,4,1,1.411711405,1.585882901,-1.400170937,1.570696375,0.05490903021,0.0252914604,0.1599644851,-1.374002703,1.617839481,1.296919899,1.500493037,-0.03992845711,0.05229243159,-0.539813738,1.41099284,1.592579661,-1.408252143,1.570336194,0.06550660276,0.02337984445,0.1486122608,-1.371712325,1.616937486,1.293539751,1.496943497,-0.03332017173,0.0559278771,-0.5448450179
4.77,20.954,0.01439923019,-0.0785562521,-0.06217690129,-0.006217690129,238,0.01596223412,-0.07810162002,0.05613091534,-0.004118545855,0.03898614119,0.02976273093,0.001171494588,0.001070532781,-0.4685650766,-0.5291210413,-0.4685650766,-0.5291210413,0,0.03195766504,0.02182591531,0.008427192035,0.9343223204,0.081672,0.009939296062,0.0005835336282,0.0001718512049,0.003395524303,0.003471612163,ok,4,1,1.411512676,1.586410657,-1.401084698,1.571122081,0.05602557302,0.02513314647,0.1585515569,-1.373766942,1.61812346,1.29618679,1.499809663,-0.03899433081,0.05275842237,-0.5401110517,1.410485387,1.590921159,-1.406533414,1.570304383,0.06440087876,0.02297870726,0.150112306,-1.37067957,1.614074158,1.289705322,1.496482326,-0.02965110761,0.05623604721,-0.5486915345
4.78,20.964,0.01377718101,-0.07861845702,-0.06223252677,-0.006223252677,239,0.01709317273,-0.07813586017,0.169449242,-0.006922849124,0.03811953836,0.02885953981,0.0003802556608,0.0004584431413,0.08525126427,-0.5759940743,0.08525126427,-0.5759940743,0,0.03939830733,0.02021962869,0.008397987428,0.995754621,0.048157,0.00827292822,5.024137819e-05,0.000272006456,0.0009327703614,0.001525102552,ok,4,1,1.411531232,1.587105543,-1.400915316,1.57090337,0.05721909925,0.02478404395,0.1570898271,-1.373215491,1.617852621,1.295440807,1.49954534,-0.03792403583,0.05325412446,-0.5410567835,1.409124117,1.584291036,-1.399030307,1.570272544,0.05837624361,0.02222955661,0.1573973998,-1.370181017,1.613075483,1.28822394,1.496020734,-0.02796648962,0.05661713217,-0.550307388
4.79,20.974,0.01315458785,-0.07868071634,-0.06228569542,-0.006228569542,239,0.01885138829,-0.07819372901,0.08077028235,-0.007748816254,0.03813319966,0.02780101229,0.0006566880994,0.0003912078376,0.1199783087,-0.4880514741,0.1199783087,-0.4880514741,0,0.03993287429,0.02048024018,0.008394652824,0.9074607396,0.036065,0.008959008503,0.0005023519211,0.0001335161342,0.002155333499,0.001044684259,ok,4,1,1.41145194,1.587222899,-1.399966815,1.570418125,0.05760205818,0.02433870467,0.1567630374,-1.372672428,1.617120741,1.294787633,1.499476235,-0.03692549812,0.05373803935,-0.5422594019,1.40876657,1.583590123,-1.39842075,1.570240683,0.05821178857,0.02190430458,0.1577857606,-1.370107655,1.61354994,1.288605027,1.495558745,-0.02785089072,0.05705089529,-0.550159695
4.8,20.984,0.01253147529,-0.07874302759,-0.06233640514,-0.006233640514,240,0.01846626679,-0.07828397501,-0.1185597194,-0.009063175311,0.03827967156,0.02690209,0.0005940601203,0.0003925747601,-0.1589618325,-0.263256669,-0.1589618325,-0.263256669,0,0.03589524407,0.02295323997,0.008407794739,0.6330096109,0.104526,0.008072467077,0.000263569442,5.334630634e-05,0.001794974777,0.001171260754,ok,4,1,1.411173946,1.586907079,-1.400136519,1.570201201,0.05763389107,0.02402475593,0.1571080322,-1.372404671,1.616470802,1.294202856,1.499166273,-0.0359233578,0.05414060154,-0.5433166027,1.409084451,1.586812063,-1.402376477,1.5702088,0.0619315657,0.02185335433,0.1536085937,-1.370533014,1.61576982,1.291192701,1.495096372,-0.02959326169,0.05754906223,-0.547923957
4.81,20.994,0.01190786795,-0.07880538833,-0.06238465393,-0.006238465393,240,0.01666925932,-0.07838645972,-0.1248243128,-0.006529744403,0.03804345498,0.02642658223,0.0001599653001,0.0001647877276,-0.766076982,0.4787633121,-0.766076982,0.4787633121,0,0.02655230025,0.03360803191,0.008442249403,1.291488012,0.084756,0.005435533362,0.0001934816117,0.0002033374921,0.0004995691952,0.0003472441436,ok,4,1,1.410777269,1.58671107,-1.401066135,1.570313693,0.05791743029,0.02381811165,0.1570482094,-1.372384823,1.616274844,1.293982515,1.498575122,-0.03502879505,0.05452644451,-0.5439588661,1.410138309,1.594597379,-1.411627963,1.570176846,0.07016286456,0.02217410318,0.1441333293,-1.37276798,1.624452041,1.301936039,1.494633635,-0.03820497401,0.05831503946,-0.5379691635
4.82,21.004,0.01128379042,-0.07886779608,-0.06243043987,-0.006243043987,241,0.01586393427,-0.07850218484,-0.097763619,-0.0006584305348,0.03679104082,0.0271904829,0.0003978169596,0.0004227587857,-0.890802145,0.2210895568,-0.890802145,0.2210895568,0,0.02342900864,0.03050682625,0.008453603517,1.491843058,0.072667,0.01165449046,0.0005386180443,0.0005342200095,0.001213106838,0.001005549845,ok,4,1,1.410611163,1.587375768,-1.402809015,1.570264609,0.05896137191,0.02361308977,0.1557878197,-1.372636378,1.617068463,1.29534392,1.498082464,-0.03500755665,0.05508174792,-0.5435581988,1.410286175,1.597042431,-1.414669645,1.570144936,0.07311203372,0.02210965875,0.1408693891,-1.371951077,1.622267596,1.29896698,1.494170551,-0.03526285678,0.05863274665,-0.5409971643
4.83,21.014,0.01065926736,-0.07893024838,-0.06247376117,-0.006247376117,241,0.01413934544,-0.07849835565,-0.02315336835,-0.001632960018,0.03528493988,0.02760723204,0.000551815504,0.0003482299183,-0.1362206191,-0.6088784337,-0.1362206191,-0.6088784337,0,0.0332416306,0.01847405553,0.008413000461,1.017048267,0.028287,0.01301237943,0.0002920621238,7.864417674e-05,0.001726481592,0.0008574096994,ok,4,1,1.410530388,1.588568707,-1.403970653,1.570498457,0.06053678404,0.02351276436,0.1538817686,-1.372477267,1.617972834,1.295261513,1.497543541,-0.03499642615,0.05552736923,-0.5429215019,1.408638379,1.588359709,-1.404796973,1.570113077,0.06506117222,0.02113866641,0.1505241088,-1.369109847,1.613050585,1.287088248,1.493707127,-0.02482594347,0.05871803781,-0.5524453435
4.84,21.024,0.01003432342,-0.07899274278,-0.06251461611,-0.006251461611,242,0.01423488999,-0.07846073346,0.01298083992,-0.007891746105,0.03495405737,0.02663506474,0.0003480011346,0.0004452619331,-0.008308943361,-0.243882224,-0.008308943361,-0.243882224,0,0.03482942322,0.02297683139,0.008405626406,0.6008869591,0.038555,0.009451245085,0.0004652258849,0.0005736769655,0.001138154361,0.001443049237,ok,4,1,1.41045384,1.588761124,-1.402958224,1.570563106,0.06165731455,0.0232557142,0.1528140837,-1.371706928,1.617779799,1.293579994,1.497042295,-0.03427718856,0.0557628427,-0.543528418,1.408129258,1.586752076,-1.403134002,1.570081146,0.06400167234,0.02074386752,0.1519652535,-1.370000256,1.616864702,1.291702336,1.493243421,-0.02826831897,0.05926007242,-0.5482989403
4.85,21.034,0.009408983268,-0.07905527679,-0.06255300308,-0.006255300308,242,0.01528016408,-0.07857941861,-0.01708758894,-0.009350196943,0.03483358669,0.02617048913,0.0006156406318,0.0004009660848,0.393817246,-0.07276763767,0.393817246,-0.07276763767,0,0.04074084538,0.02507897457,0.008383068685,0.7246413617,0.053675,0.005337892293,0.0004062227576,9.957692694e-05,0.001931169949,0.001089932827,ok,4,1,1.410298874,1.588680573,-1.402995528,1.570166845,0.06206233152,0.02284382396,0.1527796647,-1.371551546,1.617421368,1.29394906,1.49667938,-0.03360621126,0.05612855716,-0.5445076292,1.406977322,1.581434159,-1.397150546,1.57004922,0.0592598761,0.02008372718,0.1577243589,-1.370338818,1.61878943,1.293920898,1.492779409,-0.02969480498,0.05974470572,-0.5464173389
4.86,21.044,0.008783271592,-0.07911784796,-0.06258892057,-0.006258892057,243,0.01572380708,-0.07867105622,-0.1117635055,-0.008383284846,0.03544973601,0.02596771816,0.001009774295,0.0006730488907,0.1908805221,-0.5198965669,0.1908805221,-0.5198965669,0,0.03831294384,0.01816926965,0.008389866469,0.9725182397,0.101262,0.006365616867,0.0003402094397,0.0002148634081,0.003119364661,0.001989010777,ok,4,1,1.409974639,1.587799776,-1.402300523,1.569826417,0.06188893428,0.02247839266,0.1533115991,-1.37142294,1.617114983,1.294194492,1.496528224,-0.03328833626,0.05664603984,-0.5448789574,1.407064915,1.583271158,-1.399498273,1.570017253,0.06161680977,0.01993129166,0.1551559036,-1.368637597,1.613622675,1.287149576,1.492315111,-0.02356315387,0.06000036176,-0.5530265022
4.87,21.054,0.008157213094,-0.07918045381,-0.06262236715,-0.006262236715,243,0.01234527545,-0.0787141291,-0.154326374,-0.00549703678,0.03585717218,0.02510677001,0.0001475625594,0.000402072472,-0.5178909302,0.2649509609,-0.5178909302,0.2649509609,0,0.02808880823,0.02908103442,0.008426503336,0.9014686357,0.064078,0.008722126635,5.072347582e-05,0.0001959771144,0.0002140678036,0.001445658643,ok,4,1,1.409412624,1.587039879,-1.402533307,1.570229728,0.06179670305,0.02228592047,0.1538154102,-1.371134895,1.616801981,1.292754336,1.495773069,-0.0322852805,0.05689347033,-0.5454576831,1.408257916,1.591811074,-1.409634221,1.569985255,0.07061856607,0.02031612929,0.1448007238,-1.370956035,1.62248068,1.298155225,1.491850587,-0.03237468882,0.06071732827,-0.5428482898
4.88,21.064,0.00753083249,-0.07924309187,-0.06265334151,-0.006265334151,244,0.01189715934,-0.07885455593,-0.1370627674,-0.004247259486,0.03503628691,0.02553257941,0.0003715395068,0.0002989844618,-0.7210330963,0.1548390836,-0.7210330963,0.1548390836,0,0.02422079046,0.02785516567,0.008440327093,1.230354263,0.079273,0.008296122492,0.0005504441763,0.0003349111628,0.001129505628,0.000777621484,ok,4,1,1.409205422,1.587214277,-1.40404119,1.570158647,0.06244347771,0.02201068983,0.1530968463,-1.371365811,1.617430193,1.294067087,1.495171603,-0.03185793505,0.05737745244,-0.5456399428,1.408515221,1.594894788,-1.413420284,1.569953277,0.07420919247,0.02030400485,0.1407933037,-1.370549789,1.621782597,1.297055483,1.491385812,-0.03100838262,0.06110674869,-0.5441037606
4.89,21.074,0.006904154508,-0.07930575967,-0.06268184242,-0.006268184242,244,0.01015921668,-0.07888156478,-0.01771214335,-0.002111769867,0.03385884398,0.02581561596,0.0005760001851,0.0004951812663,-0.08902807534,-0.01709068567,-0.08902807534,-0.01709068567,0,0.03252342285,0.02555925568,0.008406246963,0.3761842312,0.051119,0.01075233241,0.0003650692336,0.0001603949577,0.00166782816,0.001429064166,ok,4,1,1.409025393,1.588111863,-1.404980953,1.570325927,0.06366192359,0.0218547067,0.1515456361,-1.371331713,1.618027618,1.294237866,1.494666662,-0.03162086564,0.0578825771,-0.5453111763,1.407075162,1.587506893,-1.40504746,1.569921363,0.06742376591,0.01942062321,0.1489425831,-1.369904568,1.620243382,1.294888664,1.490920819,-0.02874591342,0.06146882666,-0.5463655895
4.9,21.084,0.00627720389,-0.07936845473,-0.06270786876,-0.006270786876,245,0.01156293257,-0.07888478469,0.06808425393,-0.004479737629,0.03360859907,0.02576615898,0.0004011758517,0.0002514231451,0.2634786367,-0.2051145285,0.2634786367,-0.2051145285,0,0.03756077862,0.02268944105,0.008386567901,0.5496710832,0.078598,0.003511205484,0.0003669206732,0.0001233637033,0.001399194274,0.0007221631975,ok,4,1,1.409011645,1.588430865,-1.403962699,1.570115818,0.06440658581,0.02151866153,0.1506763215,-1.37084493,1.618454926,1.294087401,1.494432025,-0.03143283374,0.05837055491,-0.5452723668,1.406060257,1.582934154,-1.399933087,1.56988939,0.06341709727,0.01879697335,0.1538310696,-1.369124887,1.618256285,1.292148667,1.490455627,-0.02600367703,0.06182463846,-0.5491658947
4.91,21.094,0.005650005385,-0.07943117458,-0.0627314195,-0.00627314195,245,0.01196094676,-0.07893392897,-0.06567132716,-0.009015054123,0.03394542931,0.02541330802,0.0007534953426,0.0005334322902,0.5673579574,-0.1819384694,0.5673579574,-0.1819384694,0,0.04245579867,0.02268423098,0.008368503867,0.954236406,0.05579,0.005095885591,0.0004797682013,0.0001989970527,0.002413330094,0.0015269403,ok,4,1,1.408848734,1.588030039,-1.403312957,1.569891958,0.0645338167,0.02116777228,0.1509650118,-1.370457774,1.618431942,1.293780937,1.494105235,-0.03105196123,0.05873029588,-0.5456937073,1.405044916,1.578487675,-1.394957876,1.569857462,0.05952763287,0.01820020834,0.1585779661,-1.368988249,1.618522077,1.292266018,1.489990253,-0.02566144224,0.06225375649,-0.5492701641
4.92,21.104,0.005022583755,-0.07949391674,-0.06275249371,-0.006275249371,246,0.01139662651,-0.07902469363,-0.1480810138,-0.009359400033,0.03489073739,0.0250865494,0.0007846503853,0.0004302649254,-0.352684319,0.367649585,-0.352684319,0.367649585,0,0.02960047261,0.03060129317,0.008412627786,0.6833198389,0.056673,0.008330211053,0.0003353172987,3.738515549e-05,0.0025046341,0.001190612448,ok,4,1,1.408387137,1.586817886,-1.402440431,1.569781977,0.06414562718,0.02082750422,0.151888011,-1.370315952,1.61818505,1.293692309,1.493654575,-0.03061997443,0.05905674274,-0.5461775582,1.406654098,1.589282919,-1.407731579,1.56982542,0.07079529824,0.01874403926,0.1455928855,-1.370607382,1.625018248,1.300283139,1.489524717,-0.03195139917,0.06289667277,-0.541925264
4.93,21.114,0.004394963769,-0.07955667874,-0.06277109056,-0.006277109056,246,0.008101595696,-0.07916606828,-0.2121116595,-0.004746129293,0.0344082816,0.0257247955,0.0005463549534,0.0005104193358,-0.5109931827,0.01246012095,-0.5109931827,0.01246012095,0,0.02674338386,0.02591169731,0.008421870525,0.9339598129,0.063059,0.006415146026,0.0005142611212,0.0003594845896,0.001826179229,0.001400506067,ok,4,1,1.407866652,1.586809722,-1.40434348,1.570007644,0.06438015221,0.02063400814,0.1519348354,-1.370805689,1.618819749,1.294836942,1.492872201,-0.03038323031,0.05946721737,-0.5459671314,1.406780138,1.591494654,-1.410508716,1.569793429,0.07352937015,0.01865394955,0.1425952373,-1.369439393,1.621596858,1.295730651,1.489059036,-0.02768643144,0.06319077947,-0.546435264
4.94,21.124,0.003767170204,-0.0796194581,-0.06278720932,-0.006278720932,247,0.006087356318,-0.0791720336,0.02633666191,-0.002263995871,0.03362253854,0.02579695069,0.0009509159474,0.0008229104509,-0.5164321065,-0.1602903157,-0.5164321065,-0.1602903157,0,0.02587605694,0.02339259596,0.008423640583,0.9174497313,0.071853,0.00816483076,0.0004700668589,4.09857845e-05,0.002830995458,0.002616569777,ok,4,1,1.407631302,1.587101789,-1.405027144,1.570395446,0.06539016619,0.02046225939,0.150760068,-1.370632226,1.619435701,1.29449306,1.492177392,-0.02995958376,0.05992382631,-0.5456652309,1.406622178,1.591995289,-1.411296689,1.569761458,0.07456466351,0.01842587405,0.1415855734,-1.368739729,1.619888095,1.293340794,1.48859323,-0.02523971309,0.06355899243,-0.5489026317
4.95,21.134,0.003139227845,-0.07968225234,-0.06280084934,-0.006280084934,247,0.006484141806,-0.07919996079,0.1134261477,-0.00531064881,0.03270958427,0.02554472526,0.0004730822809,0.0004339094822,-0.3651899099,-0.3123613298,-0.3651899099,-0.3123613298,0,0.02723173562,0.02085930531,0.008416738944,0.7127836216,0.111365,0.007993141629,0.0001033827673,0.0002246018394,0.001311096777,0.001437318538,ok,4,1,1.407637788,1.587766773,-1.405247417,1.570316941,0.06657152188,0.02017279066,0.1493992366,-1.370242881,1.619765681,1.294265244,1.491756744,-0.02938134389,0.06038904196,-0.5459394301,1.406154649,1.590581802,-1.409861576,1.569729495,0.07369935809,0.01803320023,0.142797484,-1.368037698,1.618169489,1.290936838,1.488127315,-0.0227822101,0.06392856926,-0.5513817826
4.96,21.144,0.002511161482,-0.07974505897,-0.0628120101,-0.00628120101,248,0.006863035165,-0.07925652138,0.02762806942,-0.008471869574,0.03201488619,0.0249993712,0.0001326360274,0.0001640588596,-0.1524097919,-0.5021855831,-0.1524097919,-0.5021855831,0,0.02972873931,0.01746658745,0.008405702614,0.9102517581,0.05824,0.006162212028,0.0001695047232,0.0001943221526,0.0004300011163,0.000506645125,ok,4,1,1.407571089,1.588300228,-1.405422871,1.570097911,0.06753714607,0.01986158462,0.1484520918,-1.369885552,1.619580368,1.293934496,1.491459197,-0.02870990502,0.0608288339,-0.5466149648,1.405522389,1.588186257,-1.407283809,1.569697541,0.07185600177,0.01756004676,0.1451505868,-1.367130335,1.615782544,1.287673792,1.487661305,-0.01960738744,0.06429444359,-0.554666044
4.97,21.154,0.001882995909,-0.07980787553,-0.06282069114,-0.006282069114,248,0.006656657952,-0.07931979847,-0.006248788546,-0.008857973892,0.03169257802,0.02411778106,0.000176462008,0.0001330213891,0.1919762641,-0.2024116814,0.1919762641,-0.2024116814,0,0.03457222198,0.02108160584,0.008386449129,0.5445550857,0.049114,0.008130102875,0.0002438062814,0.0001654570513,0.0005860208886,0.0003306875806,ok,4,1,1.40737354,1.588436856,-1.40554443,1.569981337,0.06814361753,0.01956146301,0.1480294656,-1.369517759,1.619086962,1.293211269,1.491074837,-0.02773749032,0.06123006874,-0.5475661529,1.404545847,1.583772892,-1.40235632,1.569665588,0.06800105733,0.01692641013,0.1498498637,-1.367816118,1.618884699,1.291404605,1.487195236,-0.02229193946,0.06479406439,-0.551370605
4.98,21.164,0.001254755926,-0.07987069953,-0.06282689213,-0.006282689213,249,0.007584794925,-0.07941724586,-0.05358203201,-0.007371934928,0.03195033099,0.02369603488,0.0007130725662,0.0005433402098,-0.7161181569,0.2910294235,-0.7161181569,0.2910294235,0,0.02120855864,0.02806147623,0.00843559074,1.180853581,0.083799,0.004831310082,0.000299388637,0.0001352063983,0.002072760538,0.001665428139,ok,4,1,1.407123221,1.588018401,-1.40505135,1.569635803,0.06819477386,0.0191528316,0.1481578139,-1.369311209,1.618786055,1.293343418,1.490833502,-0.02712324954,0.06173455272,-0.5482442549,1.406149461,1.59503236,-1.415647808,1.569633625,0.07973861246,0.0176182827,0.1363492781,-1.369229178,1.62463054,1.298489096,1.486729109,-0.02778720096,0.06538945121,-0.5449192088
4.99,21.174,0.0006264663337,-0.07993352849,-0.06283061282,-0.006283061282,249,0.005185372958,-0.07953546367,-0.1649283109,-0.004076943208,0.03077964946,0.0241671318,0.0004345576406,0.0003332983803,-0.8795851469,0.3062522113,-0.8795851469,0.3062522113,0,0.01758587226,0.02876091497,0.008448995281,1.494555374,0.053626,0.01118114695,0.0004819892409,0.0003915612244,0.001541175937,0.0008520840516,ok,4,1,1.406850391,1.588701885,-1.407510996,1.56971242,0.06895588426,0.01899960735,0.147530425,-1.369610505,1.619438328,1.294245599,1.490260754,-0.02679324622,0.06222594997,-0.5481535954,1.406353307,1.597912355,-1.419193138,1.569601679,0.08313848678,0.0176252133,0.1325848713,-1.369244874,1.625448304,1.299309605,1.486262947,-0.02803171856,0.06583604167,-0.5443638597
5,21.184,-1.848062796e-06,-0.07999635993,-0.06283185307,-0.006283185307,250,0.003468193851,-0.07957647294,-0.05243995471,-0.002605750017,0.02931494144,0.02472697705,0.0006873381299,0.0003648434106,-0.5222454071,-0.4016432464,-0.5222454071,-0.4016432464,0,0.02148126033,0.01870232835,0.008431207745,0.964389028,0.047833,0.01315573288,0.0004513750298,0.000213747409,0.002302903061,0.0007147061383,ok,4,1,1.406664145,1.589649019,-1.408916122,1.569954278,0.07045720943,0.01891310497,0.1457406041,-1.369635429,1.620318249,1.294681498,1.489674099,-0.02676085778,0.06269294323,-0.547581295,1.405553237,1.594309785,-1.415219401,1.569566029,0.08010109971,0.01701661431,0.1363257141,-1.366867419,1.617833234,1.289397519,1.485794383,-0.01928871365,0.06604182239,-0.5538941613
5.01,21.194,-0.0006301624593,-0.08005919137,-0.06283061282,-0.006283061282,250,0.003267269196,-0.0795512514,0.08181227728,-0.004387184017,0.02835797489,0.02409435124,0.0003058535837,0.0003323875457,0.01193623431,-0.5320774913,0.01193623431,-0.5320774913,0,0.0285370184,0.01611318887,0.008402307983,0.9410112322,0.046013,0.008092445428,0.0001165352655,0.0003989624298,0.0008715432524,0.00107667831,ok,4,1,1.406656948,1.590229674,-1.408825735,1.570068492,0.07200865429,0.01871493027,0.1440931174,-1.368969,1.620394594,1.293393256,1.489138491,-0.0261980044,0.06299246716,-0.547830654,1.404293533,1.587990701,-1.40808325,1.569530276,0.07435202701,0.01618346432,0.1432237249,-1.366140423,1.616079203,1.28693431,1.485325684,-0.01678789208,0.06643034078,-0.5564153514
5.02,21.204,-0.001258452051,-0.08012202033,-0.06282689213,-0.006282689213,251,0.004204825913,-0.0796043736,0.0463810164,-0.009443375548,0.02826949392,0.0231685083,0.0005217496923,0.0003816138963,0.2778704166,-0.5896369219,0.2778704166,-0.5896369219,0,0.03243755017,0.01432395448,0.008386429585,1.040355754,0.055887,0.008571669098,0.0005420637619,0.0003300475218,0.001730601241,0.0008841100975,ok,4,1,1.406535679,1.590247138,-1.408078323,1.569789657,0.07265017782,0.01833847304,0.1436512574,-1.368486042,1.619844144,1.292709419,1.488750274,-0.02535956118,0.06330920546,-0.5489000215,1.403457278,1.584394395,-1.404104471,1.569494534,0.07130568201,0.01560452766,0.146966495,-1.365594882,1.614951918,1.285269403,1.484857004,-0.01495600364,0.06683461626,-0.558185309
5.03,21.214,-0.001886692034,-0.08018484432,-0.06282069114,-0.006282069114,251,0.004342286429,-0.07969310419,-0.06896050187,-0.01056265452,0.02866954963,0.02210725782,0.0007535585413,0.0004469965315,0.3088039458,-0.5126401186,0.3088039458,-0.5126401186,0,0.03330160882,0.01441765604,0.008382005442,0.9659713814,0.04162,0.00939991533,0.0004016236441,9.844702178e-05,0.002393973955,0.001134479741,ok,4,1,1.40625204,1.589526503,-1.407704448,1.56952517,0.07271237398,0.01796619214,0.1440733675,-1.368139829,1.61893794,1.292012522,1.488436103,-0.02435591897,0.06370451125,-0.5500945969,1.403048703,1.583412506,-1.403164236,1.569458805,0.07086249258,0.0152526462,0.1476744121,-1.365478399,1.615296112,1.285484121,1.484388362,-0.01469620515,0.06726892295,-0.5581902923
5.04,21.224,-0.002514857607,-0.08024766088,-0.0628120101,-0.00628120101,252,0.003146938215,-0.07979073328,-0.1472884209,-0.008693178727,0.02921911312,0.02117805585,0.0004873758224,0.0002008606415,-0.7270185947,0.4949507713,-0.7270185947,0.4949507713,0,0.0183138342,0.02860231742,0.008437772831,1.213158163,0.08723,0.008542536187,0.0001137826586,6.355581903e-05,0.001551354304,0.000471280729,ok,4,1,1.405785391,1.588649503,-1.407516418,1.569493385,0.07247655862,0.01766201671,0.1446801567,-1.367926229,1.618268472,1.291326052,1.487968258,-0.02323874134,0.06410828999,-0.55110245,1.404852995,1.596076157,-1.418081779,1.56942308,0.08401924021,0.01612400603,0.1325485751,-1.368507231,1.626661379,1.299757267,1.483919777,-0.02619260515,0.06797512185,-0.5449983943
5.05,21.234,-0.00314292397,-0.08031046752,-0.06280084934,-0.006280084934,252,0.0009262610708,-0.07995021774,-0.1517848975,-0.001659764359,0.02807488859,0.02196735988,0.0005672281781,0.0005241441089,-0.6362729073,0.08668598533,-0.6362729073,0.08668598533,0,0.01853079498,0.02326764966,0.00843524327,1.137559343,0.039921,0.01143986711,0.0006825675795,0.0006257132588,0.001949192458,0.00130776221,ok,4,1,1.405428542,1.589249472,-1.409971886,1.569552597,0.07312684046,0.01748971423,0.1439884422,-1.36843949,1.619029216,1.292965053,1.487332745,-0.02297661319,0.06465298078,-0.5508825008,1.404543709,1.595647533,-1.417787805,1.569387381,0.08413370321,0.01581768996,0.1326128488,-1.367193378,1.622752088,1.294558326,1.483451267,-0.02140155017,0.06828520109,-0.550090337
5.06,21.244,-0.00377086633,-0.08037326175,-0.06278720932,-0.006278720932,253,-0.0004356421782,-0.07992611289,0.02924868818,-0.0008148888165,0.02701174386,0.022155832,0.0006028263517,0.00042641588,-0.4774960279,-0.3541963398,-0.4774960279,-0.3541963398,0,0.01984930344,0.0168428869,0.008428163016,0.8890448239,0.064263,0.009729475874,0.0003375365151,6.6206331e-05,0.001837233813,0.001248325973,ok,4,1,1.405312557,1.589974069,-1.410478813,1.56982724,0.07441221995,0.01736996884,0.1423423246,-1.368150354,1.619796168,1.292560663,1.486817383,-0.02275464532,0.06516776571,-0.5503245065,1.404088924,1.594269236,-1.416392323,1.569351701,0.08330266819,0.01541729305,0.1337770464,-1.365612973,1.618001622,1.28826852,1.48298285,-0.01570445125,0.06860419083,-0.5561986509
5.07,21.254,-0.004398659894,-0.08043604111,-0.06277109056,-0.006277109056,253,-0.0006429625204,-0.07992784293,0.04093271806,-0.005989495458,0.02613211536,0.02160111077,0.0003504735124,0.0003984263118,0.106632486,-0.2511074245,0.106632486,-0.2511074245,0,0.02773160265,0.01783449941,0.008396222371,0.5937096701,0.064652,0.007583242793,0.0001136939797,0.0003935922672,0.0009332668023,0.001331696273,ok,4,1,1.405286482,1.590629761,-1.410554281,1.569871727,0.0757194254,0.01714716358,0.1409850369,-1.367587798,1.619962976,1.291600139,1.486286941,-0.02212967867,0.06548251531,-0.5506963407,1.402721526,1.587242516,-1.408432409,1.569316058,0.07683531594,0.01449918125,0.1414940894,-1.36569849,1.619045401,1.289379561,1.482514546,-0.01619258197,0.06905086124,-0.5553642402
5.08,21.264,-0.005026279881,-0.08049880311,-0.06275249371,-0.006275249371,254,0.001012247673,-0.08000357695,0.04330339675,-0.008543411325,0.02618578325,0.02112953906,0.0006865363286,0.000482682355,0.3679518998,-0.4473499954,0.3679518998,-0.4473499954,0,0.03170506175,0.01441928913,0.008380341695,0.8583554991,0.048933,0.005399036096,0.0005152639546,0.0001459866054,0.002175444344,0.001296609655,ok,4,1,1.405165388,1.590546315,-1.409693625,1.569459594,0.0761427889,0.01671111149,0.1407170599,-1.367256756,1.619679776,1.291670866,1.486028421,-0.02159161807,0.06591015759,-0.5514536893,1.40187478,1.58358623,-1.404381219,1.56928042,0.07372063714,0.01390841887,0.145307193,-1.364787487,1.616651349,1.286091919,1.482046372,-0.01300806308,0.06943317314,-0.5586518094
5.09,21.274,-0.005653701511,-0.08056154527,-0.0627314195,-0.00627314195,254,0.0005255815434,-0.08007530054,-0.1030797464,-0.009640064319,0.02675440355,0.0203277531,0.0007184228605,0.0003995242809,0.02571599931,-0.3210218847,0.02571599931,-0.3210218847,0,0.02714014354,0.01551242483,0.008395329993,0.7277583694,0.06562,0.007850531727,0.0003857048596,9.182063133e-05,0.002285015959,0.001008107756,ok,4,1,1.404824266,1.589710423,-1.409180924,1.569281142,0.07606380347,0.01635878009,0.1412908227,-1.366924592,1.619038391,1.29095096,1.485703421,-0.0208585948,0.06629291356,-0.5522430602,1.402244489,1.587270302,-1.408870066,1.569244804,0.07793946537,0.01396375748,0.1405973752,-1.364896506,1.617773951,1.287304399,1.481578347,-0.01358101111,0.06988055313,-0.5577222313
5.1,21.284,-0.006280900016,-0.08062426512,-0.06270786876,-0.006270786876,255,-0.001686017492,-0.08017979901,-0.1391277256,-0.007828387564,0.02686304734,0.01976843512,0.0001076064977,0.0001887725209,-0.7962504029,0.3717203438,-0.7962504029,0.3717203438,0,0.0149192913,0.02534424028,0.008441869451,1.337306854,0.064502,0.006314698818,0.0001444371335,4.934713218e-05,0.000389087861,0.000659916297,ok,4,1,1.404331889,1.589178546,-1.40988266,1.569434598,0.07608416182,0.01611659282,0.1416228554,-1.366886448,1.618800726,1.290579347,1.485036302,-0.01989570993,0.06664368257,-0.5529522217,1.403620402,1.597552629,-1.421010696,1.569209193,0.08873641402,0.0146924266,0.1282497869,-1.366952987,1.625715282,1.297236414,1.48111049,-0.0214320012,0.0704724562,-0.5486251427
5.11,21.294,-0.006907850634,-0.08068696018,-0.06268184242,-0.006268184242,255,-0.003285579844,-0.08030915525,-0.1159272734,-0.00216361479,0.02560919169,0.02037551595,0.0006182461562,0.0005208919752,-0.2875460684,-0.1561589688,-0.2875460684,-0.1561589688,0,0.02129600067,0.01803313141,0.008414432327,0.6462994193,0.055921,0.01220802303,0.0006731877037,0.0004479807476,0.001998881563,0.001341388949,ok,4,1,1.404059953,1.589772273,-1.411948495,1.569482489,0.07709458113,0.01594363924,0.1404578099,-1.367219837,1.619476752,1.291838714,1.484437926,-0.01962331532,0.06717583441,-0.552783297,1.402492042,1.591817611,-1.414558535,1.569173628,0.08355757532,0.01385701764,0.1344610105,-1.365187788,1.620277946,1.290063094,1.480642819,-0.01500416107,0.07077817214,-0.5555523483
5.12,21.304,-0.007534528616,-0.08074962798,-0.06265334151,-0.006265334151,256,-0.003416369497,-0.08027714629,0.0467091416,-0.00212085052,0.02508943316,0.020125792,0.0001734775473,0.0002711439425,-0.142596215,-0.3754070997,-0.142596215,-0.3754070997,0,0.02295048994,0.0144946855,0.008406545053,0.7570246663,0.068717,0.005389760377,4.387165933e-05,0.000109705031,0.0003715250637,0.0009817106293,ok,4,1,1.403957046,1.590102,-1.411253937,1.569542829,0.07816781494,0.01573141195,0.1391055289,-1.366699274,1.619760263,1.291030337,1.484075043,-0.01929085734,0.06765166467,-0.5526178776,1.401984346,1.59015321,-1.412826571,1.569138094,0.08243394666,0.01343393993,0.1359601315,-1.364251755,1.617790579,1.286652471,1.480175352,-0.01172061068,0.07116195378,-0.558950631
5.13,21.314,-0.008160909219,-0.08081226604,-0.06262236715,-0.006262236715,256,-0.003780052086,-0.08030924235,-0.005009511695,-0.007786170657,0.02478387328,0.01949733514,0.0002270957796,0.0002796225299,0.3207736909,-0.3271891773,0.3207736909,-0.3271891773,0,0.02959547865,0.01458949748,0.008380526199,0.7056297744,0.099151,0.006797929303,0.0003193444383,0.0003244342456,0.0007132720893,0.0009392203026,ok,4,1,1.403820047,1.590459516,-1.411097415,1.569489884,0.07879848756,0.01545618152,0.1386498075,-1.366264129,1.619791834,1.290291763,1.483566758,-0.01851853998,0.06797042762,-0.5532771795,1.400773383,1.584199475,-1.4061046,1.569102594,0.07701746859,0.01261637947,0.1424372504,-1.36413501,1.618134052,1.286868444,1.479708109,-0.01146224224,0.07159444259,-0.5589542419
5.14,21.324,-0.008786967718,-0.08087487189,-0.06258892057,-0.006258892057,257,-0.002783425042,-0.08038918903,-0.003009996044,-0.008697884526,0.02523372224,0.01890168636,0.0006443731412,0.0004089508856,0.2497501075,-0.0623129122,0.2497501075,-0.0623129122,0,0.02897997385,0.01796699268,0.008381218339,0.5394496916,0.083773,0.006337985705,0.0004098297922,9.334608618e-05,0.002008298897,0.00106361232,ok,4,1,1.403608461,1.589882749,-1.410333376,1.569204219,0.07879699449,0.0150382145,0.1389926821,-1.365961629,1.619434373,1.290195753,1.483249888,-0.01780022795,0.06841738761,-0.5541281386,1.400581379,1.584488252,-1.406642175,1.569067111,0.07784315582,0.0123742073,0.1416713371,-1.364756357,1.621032808,1.29036106,1.479241106,-0.01393489539,0.07206818882,-0.5558937146
5.15,21.334,-0.009412679394,-0.08093744306,-0.06255300308,-0.006255300308,257,-0.003519489132,-0.08049454367,-0.1515869549,-0.007982661257,0.02566756145,0.01874172377,0.0004823805705,0.0003618611827,-0.5281680226,0.2975494862,-0.5281680226,0.2975494862,0,0.01774504111,0.02320496607,0.008422152699,0.926168084,0.071489,0.004737514178,9.839833104e-05,0.0001877399207,0.001373597659,0.001089942499,ok,4,1,1.403226937,1.589225766,-1.410334946,1.569038577,0.07854700657,0.01471077472,0.1395771856,-1.365935497,1.61935838,1.290476821,1.482899386,-0.01728210505,0.06889997795,-0.5545375218,1.401849291,1.593911856,-1.417795368,1.569031638,0.08780550643,0.01301516139,0.1303155047,-1.365781778,1.62538166,1.29570913,1.478774364,-0.01795373686,0.07257548773,-0.5510987698
5.16,21.344,-0.01003801955,-0.08099997707,-0.06251461611,-0.006251461611,258,-0.006207693829,-0.08060371733,-0.1814119195,-0.004087310962,0.0248613784,0.01926132829,0.0005731500658,0.000420144401,-0.4545342326,0.1876344383,-0.4545342326,0.1876344383,0,0.01804336491,0.02207584487,0.008419323679,0.8662327681,0.067693,0.00872266218,0.0005625837439,0.0003379419017,0.001938079345,0.0009611435333,ok,4,1,1.402835386,1.589456282,-1.412200456,1.569253341,0.07918505473,0.01457691291,0.1390381669,-1.366201552,1.620038197,1.29123461,1.482233421,-0.0170333641,0.06934701853,-0.5542543617,1.401530899,1.593414115,-1.417418736,1.568996218,0.08784738241,0.01270288156,0.1304628338,-1.365393909,1.624768357,1.294704057,1.478307901,-0.01667602335,0.07298431779,-0.5522466806
5.17,21.354,-0.01066296349,-0.08106247147,-0.06247376117,-0.006247376117,258,-0.00695663404,-0.08062268609,0.02679845381,-0.002041627167,0.02411048977,0.01960626097,0.0004351748195,0.0003108571951,-0.29491359,0.1564370543,-0.29491359,0.1564370543,0,0.01968678592,0.02195281678,0.008411122236,0.6492018407,0.03756,0.007608283381,0.0002592155085,6.469928413e-05,0.00133621633,0.0008529112941,ok,4,1,1.402654712,1.589855033,-1.412400367,1.569388847,0.08023909903,0.01439497888,0.1377444099,-1.366038208,1.62079787,1.291383423,1.481690084,-0.01692685529,0.06980658047,-0.5538094415,1.401034149,1.591758278,-1.415697708,1.568960832,0.08673111744,0.01227150877,0.1319513639,-1.365227476,1.624939384,1.294702611,1.477841734,-0.01623540716,0.07341011054,-0.5524554924
5.18,21.364,-0.01128748655,-0.08112492378,-0.06243043987,-0.006243043987,259,-0.006510287091,-0.08065203653,0.005352249863,-0.004711605695,0.02355235743,0.01987411037,9.256004459e-05,0.0001179206203,-0.4172950685,-0.256107837,-0.4172950685,-0.256107837,0,0.0172929314,0.01603249281,0.008419061978,0.7982255329,0.084545,0.00562372839,0.0001439195075,8.190399953e-05,0.0003553015644,0.0003973350398,ok,4,1,1.402609329,1.590340712,-1.412252241,1.569232764,0.08110738905,0.01411239752,0.1368173332,-1.36577288,1.621447019,1.29169184,1.481320628,-0.01689275414,0.07025066834,-0.55362438,1.4010736,1.593579038,-1.418011438,1.568925481,0.08908964438,0.01219820511,0.1294151327,-1.363767769,1.620601061,1.28891517,1.477375883,-0.01097744216,0.07376336329,-0.5580685299
5.19,21.374,-0.01191156407,-0.08118733153,-0.06238465393,-0.006238465393,259,-0.007996385428,-0.08068395748,-0.02372168202,-0.007987376932,0.0228046267,0.01948766859,0.0003524121027,0.0002799065011,0.1517934948,-0.4521218836,0.1517934948,-0.4521218836,0,0.02508152913,0.01270584033,0.008387638142,0.8407745056,0.041162,0.007002433758,4.091228037e-05,0.0002860970788,0.0009955034192,0.0008629858021,ok,4,1,1.402443211,1.590766085,-1.413118963,1.569351315,0.08208721062,0.0139438408,0.1360941533,-1.365495948,1.621564887,1.291126203,1.480742865,-0.01628530296,0.07056941953,-0.5540049706,1.399736427,1.586638102,-1.410147649,1.56889018,0.08267877399,0.01124332516,0.1370297555,-1.36287566,1.61828645,1.285714612,1.476910365,-0.007877557904,0.07416443207,-0.5612603246
5.2,21.384,-0.01253517142,-0.08124969226,-0.06233640514,-0.006233640514,260,-0.007566591578,-0.08074509608,0.003202104434,-0.009612126108,0.02300828724,0.01870570106,0.0002644537597,0.0002266484729,0.5112698674,-0.4416311085,0.5112698674,-0.4416311085,0,0.03067733525,0.01208123443,0.008366362409,0.8791786202,0.028146,0.007576911831,0.0003421726183,0.0002385044724,0.0008763041728,0.0004914342776,ok,4,1,1.402185735,1.590383796,-1.412287476,1.569221919,0.08241497091,0.01359018705,0.1359039055,-1.365105677,1.621159334,1.290550872,1.480335349,-0.01545446973,0.07096890628,-0.5548782631,1.398663959,1.58159201,-1.404473749,1.568854906,0.07815160429,0.0105069399,0.1424579762,-1.362595275,1.618070698,1.285211897,1.476445199,-0.007023380097,0.07459045478,-0.5619330014
5.21,21.394,-0.01315828397,-0.08131200352,-0.06228569542,-0.006228569542,260,-0.006965393827,-0.08082821451,-0.04045426912,-0.009031862704,0.02381918803,0.01789405147,0.0006910184185,0.0004833474363,-0.8533761501,0.4237947464,-0.8533761501,0.4237947464,0,0.01101854578,0.02425097267,0.008439852159,1.386951986,0.044197,0.007873179105,0.0004055503971,5.796719262e-05,0.002119520737,0.001378917895,ok,4,1,1.401886211,1.589465189,-1.411217528,1.56890828,0.08209403608,0.01314616561,0.1365846103,-1.364754996,1.62056301,1.2901113,1.480055405,-0.01460391074,0.07143026059,-0.5558155968,1.401056086,1.598263433,-1.424044668,1.568819653,0.09538844758,0.01192554788,0.1227150905,-1.365173736,1.627793012,1.297480064,1.475980404,-0.01679272413,0.07515288154,-0.5506900295
5.22,21.404,-0.01378087713,-0.08137426283,-0.06223252677,-0.006223252677,261,-0.009994754688,-0.08099923993,-0.2164478224,-0.00412461138,0.02248077218,0.01858640427,0.0007723001399,0.0004885349913,-0.6456380486,0.0822436735,-0.6456380486,0.0822436735,0,0.01279620145,0.01982005937,0.008430686904,1.172443963,0.08124,0.01334754509,0.0007308132727,0.0005305967527,0.002726345702,0.001161640414,ok,4,1,1.401504804,1.590246918,-1.414460772,1.568998732,0.08279467443,0.01299723938,0.1360626355,-1.365333798,1.621271295,1.291630655,1.479404885,-0.01421891379,0.07194945443,-0.5557701087,1.400552076,1.596490989,-1.422189461,1.568784456,0.09415517449,0.01147353886,0.1243381959,-1.364061675,1.624612041,1.29318047,1.475515998,-0.01277671106,0.07551545083,-0.5549098219
5.23,21.414,-0.01440292632,-0.08143646775,-0.06217690129,-0.006217690129,261,-0.01100212663,-0.08099473631,0.05738072064,-0.001822414554,0.02139935851,0.01876181683,0.0006427181689,0.0003291195014,-0.3637996316,-0.288587898,-0.3637996316,-0.288587898,0,0.01594236404,0.01443299836,0.008416202635,0.7534083506,0.079135,0.009964096432,0.0003932370159,0.000107947554,0.002064793896,0.0007566944767,ok,4,1,1.401352728,1.590813847,-1.414912004,1.569238938,0.08420638019,0.0128911093,0.1343022924,-1.365071555,1.621876331,1.291384266,1.478913555,-0.01402184051,0.07246276645,-0.5552803168,1.399865752,1.593541008,-1.418966365,1.5687493,0.09174046369,0.01089742009,0.1273249706,-1.362719469,1.62069676,1.287924039,1.475052,-0.007969974465,0.07588957185,-0.5600161643
5.24,21.424,-0.01502440697,-0.08149861582,-0.06211882116,-0.006211882116,262,-0.01029886481,-0.08099378753,0.05109058034,-0.005174567018,0.02070963602,0.01826834921,0.0001374164159,0.0002697522221,0.4442285597,-0.5212423205,0.4442285597,-0.5212423205,0,0.02737306442,0.0104497144,0.00837178694,0.9172661812,0.060539,0.006372924564,0.0002166481792,0.0003368803422,0.0005200728603,0.0008235215657,ok,4,1,1.401388716,1.591371788,-1.414517303,1.569130278,0.08536753913,0.01264593125,0.1330203596,-1.364435973,1.622091904,1.290562548,1.478514886,-0.01350382744,0.07282381949,-0.5555983637,1.398025927,1.583471726,-1.407460526,1.568714196,0.0821750401,0.009620068402,0.1385673618,-1.361674169,1.617879306,1.284066411,1.474588427,-0.004331165623,0.076298448,-0.5638123832
5.25,21.434,-0.01564529457,-0.08156070458,-0.0620582887,-0.00620582887,262,-0.009242492879,-0.0810461158,-0.01455542333,-0.01102826765,0.02131967136,0.01737580142,0.000854717535,0.0006359798103,0.5720183253,-0.4429109097,0.5720183253,-0.4429109097,0,0.02989994624,0.01073213777,0.008361661311,0.9747992512,0.083236,0.00849334807,0.0006971890156,0.0002779657014,0.00270069091,0.001787593634,ok,4,1,1.401172068,1.590811647,-1.412982896,1.568805393,0.08546669625,0.0122268283,0.1332612196,-1.363942282,1.621469076,1.289860621,1.478211463,-0.01282451369,0.07315322288,-0.5565768449,1.397386576,1.581063654,-1.404853908,1.568679126,0.08028652863,0.009130270854,0.1409369883,-1.361601634,1.618365568,1.28446938,1.474125298,-0.004231700625,0.07672799804,-0.5636393982
5.26,21.444,-0.01626556458,-0.08162273158,-0.06199530627,-0.006199530627,263,-0.0100693906,-0.08115757573,-0.1637333479,-0.01024878825,0.02227519915,0.01656911139,0.0007237743124,0.0003772222332,-0.564119935,0.5750805736,-0.564119935,0.5750805736,0,0.01381340013,0.02519531999,0.008419739265,0.9664730671,0.055103,0.008481689348,0.0003733182719,1.32147181e-05,0.002229583791,0.001029620566,ok,4,1,1.400670711,1.589545343,-1.412381795,1.568631086,0.08501945355,0.01183049776,0.1343536005,-1.363765793,1.620682383,1.289362389,1.477770146,-0.01204890971,0.07346997136,-0.5575273843,1.399317022,1.594655943,-1.420856401,1.5686441,0.09446687631,0.01024648585,0.1247607711,-1.364683203,1.629848841,1.29902712,1.473662631,-0.01589028579,0.07728772166,-0.5502815534
5.27,21.454,-0.01688519253,-0.08168469437,-0.06192987638,-0.006192987638,263,-0.0128640107,-0.08132543854,-0.1819731562,-0.002157980496,0.02145388895,0.0174997439,0.0006119650726,0.0005435597319,-0.3850007057,-0.01604294777,-0.3850007057,-0.01604294777,0,0.01567887836,0.01725909969,0.008410659815,0.7796956682,0.071533,0.009429264028,0.000682833345,0.00064123083,0.002167128997,0.001396855484,ok,4,1,1.400187364,1.589790689,-1.414935505,1.568743959,0.08535537491,0.01163963769,0.1341900352,-1.364426719,1.621484476,1.291183695,1.477068794,-0.01184509201,0.0739966792,-0.5572209957,1.398796237,1.592810641,-1.418912328,1.568608975,0.0931523316,0.009790296951,0.126471662,-1.362798976,1.623953126,1.291228462,1.473200436,-0.008974808938,0.07762041574,-0.5577521817
5.28,21.464,-0.01750415396,-0.08174659052,-0.06186200161,-0.006186200161,264,-0.01446339066,-0.08129144883,0.03309912216,-0.001509092275,0.02084618014,0.01753468315,0.0006817461511,0.0005378221109,-0.6623513699,0.6189900041,-0.6623513699,0.6189900041,0,0.0109109096,0.02681953321,0.008428477352,1.134344266,0.020187,0.006788297512,0.0003589262516,4.84845273e-05,0.00204639275,0.001698734081,ok,4,1,1.400000591,1.589960274,-1.41495957,1.569117703,0.08636403408,0.01152181207,0.1329139815,-1.364046841,1.622101933,1.290472082,1.476508276,-0.01155402353,0.07448637879,-0.5566745214,1.399134216,1.596679157,-1.423595686,1.568572226,0.09756447855,0.009965419924,0.1215705389,-1.364753993,1.631636112,1.300887123,1.472738626,-0.01656264279,0.07815482309,-0.5489552791
5.29,21.474,-0.01812242442,-0.08180841756,-0.06179168462,-0.006179168462,264,-0.01349478391,-0.08137602745,-0.007860256072,-0.003705996953,0.01967767341,0.01856623491,0.0001802193555,0.0002203958053,0.2919978797,0.04532093927,0.2919978797,0.04532093927,0,0.0240576416,0.01924604899,0.00837616427,0.5905688996,0.055436,0.01007814453,0.0001292049703,0.0001686732793,0.0005952886329,0.0007506547842,ok,4,1,1.400042109,1.591032304,-1.415730158,1.568817197,0.08748633401,0.01127440378,0.1315525097,-1.364097262,1.623388388,1.292086385,1.476160641,-0.01185438852,0.07501313787,-0.5561133391,1.397100853,1.585126615,-1.410371168,1.568535528,0.08649976076,0.008474666263,0.1345153717,-1.362959958,1.626020989,1.293450101,1.472277332,-0.009950244214,0.07848378205,-0.5560809402
5.3,21.484,-0.01873997952,-0.08187017307,-0.06171892821,-0.006171892821,265,-0.01309765682,-0.08136162869,0.02591171677,-0.006939846169,0.02005922382,0.01866986994,0.000504601198,0.0004316224108,0.1491072774,-0.2470896691,0.1491072774,-0.2470896691,0,0.02229583299,0.0149635249,0.008381039754,0.592833783,0.093555,0.005711956451,0.0005873463216,0.0002054068581,0.001554839489,0.001281483023,ok,4,1,1.399863314,1.590838571,-1.414148727,1.5686934,0.08777957387,0.01094623738,0.1313771315,-1.363683849,1.623756253,1.291843295,1.475909009,-0.01199639592,0.07542997443,-0.5557933006,1.397066454,1.586402472,-1.41205029,1.568498883,0.0883141495,0.008344352911,0.1326087457,-1.361868124,1.622967918,1.289294109,1.471816574,-0.006068058095,0.07887382094,-0.5601451289
5.31,21.494,-0.01935679487,-0.08193185461,-0.06164373524,-0.006164373524,265,-0.01473752977,-0.0814285915,-0.1049844687,-0.009232892626,0.02028664519,0.01828990927,0.0001742326635,0.000238409912,0.4209622741,-0.3420152366,0.4209622741,-0.3420152366,0,0.0266010793,0.01315968072,0.008364213858,0.7796534895,0.070826,0.005405080143,0.0002010890193,0.0003315856829,0.0003525174799,0.0006564478772,ok,4,1,1.399516892,1.590261217,-1.414435415,1.568806455,0.0878892618,0.01065652835,0.1318404932,-1.363439943,1.623760953,1.291314724,1.475250887,-0.01147313824,0.07566240077,-0.5561925525,1.396188976,1.582464682,-1.407662105,1.568462292,0.08488125267,0.007686768361,0.1367466158,-1.361321629,1.621837656,1.287611501,1.471356367,-0.004240772123,0.07929044541,-0.5619054709
5.32,21.504,-0.01997284611,-0.08199345973,-0.06156610868,-0.006156610868,266,-0.01531676321,-0.08150623938,-0.06103440983,-0.009423286783,0.02102900057,0.01771149265,0.0001023751191,0.0001589193487,-0.1758669913,-0.6902131438,-0.1758669913,-0.6902131438,0,0.0183909957,0.007358295488,0.008392560454,1.157004366,0.07439,0.006690225905,0.0001284734069,0.0001750004448,0.0001981704892,0.0003597627848,ok,4,1,1.399086838,1.589154908,-1.413646236,1.568792421,0.08764301998,0.01030539139,0.1323488048,-1.363273534,1.623465363,1.291014987,1.474697823,-0.01067656973,0.07603540316,-0.5569344389,1.397041523,1.589284746,-1.415789655,1.568425756,0.09227427656,0.008132509394,0.1284173438,-1.359863074,1.617623093,1.281934906,1.470896719,0.0008934739389,0.07970630525,-0.5673730826
5.33,21.514,-0.02058810894,-0.08205498601,-0.0614860516,-0.00614860516,266,-0.01805756319,-0.08157098733,-0.03829608593,-0.008647200462,0.02082726846,0.01656616038,0.0008462039951,0.0007516287248,-0.8881063461,0.4831787348,-0.8881063461,0.4831787348,0,0.007505673266,0.0238138414,0.008434566665,1.482042603,0.067426,0.01012729263,0.0003272196036,0.0002323589142,0.002453868551,0.00243013127,ok,4,1,1.398684717,1.588815357,-1.414512073,1.569072508,0.08804755996,0.01013711874,0.1322463918,-1.363028774,1.62290639,1.289803034,1.473984166,-0.009233818693,0.07636983954,-0.5580588073,1.398178029,1.598423509,-1.426590081,1.568389277,0.1019836517,0.008909846519,0.1174259658,-1.363395358,1.630610611,1.298483291,1.470437693,-0.01239207084,0.08021629217,-0.5521925603
5.34,21.524,-0.02120255906,-0.08211643103,-0.06140356715,-0.006140356715,267,-0.01735985253,-0.08173371234,-0.009681076892,-0.003214195902,0.01936466952,0.0172886416,0.0006772001363,0.0004997087416,-0.01528398041,0.09332487732,-0.01528398041,0.09332487732,0,0.01913540982,0.01868851476,0.00838671426,0.3731114176,0.095546,0.0134963936,0.0006019626392,0.0006007961773,0.002364179578,0.001572579399,ok,4,1,1.398583974,1.590048823,-1.416446324,1.568704091,0.08894767328,0.009879514395,0.1309223594,-1.363445363,1.623782687,1.291999354,1.473710372,-0.008762277769,0.07711700764,-0.5582803803,1.396387405,1.588169175,-1.414880021,1.568352857,0.09221213562,0.00750175038,0.1288587316,-1.362135181,1.626902407,1.293487499,1.469979258,-0.007816653164,0.08058675827,-0.5570344172
5.35,21.534,-0.0218161722,-0.08217779234,-0.0613186586,-0.00613186586,267,-0.01622169421,-0.08172697349,-0.005938105909,-0.004366593373,0.01922938927,0.01743396874,0.0003533791969,0.0005615837607,0.01059214585,-0.3857082129,0.01059214585,-0.3857082129,0,0.01938827146,0.01164834555,0.008384258605,0.7268425392,0.032398,0.003777036134,0.0002872026484,0.000217391441,0.0009607044462,0.001925357102,ok,4,1,1.398524538,1.590218029,-1.41506867,1.568434511,0.08967950379,0.009593398357,0.1299122747,-1.362953747,1.624031598,1.291831807,1.473756294,-0.008929456073,0.07777329401,-0.5577259342,1.396076876,1.587714492,-1.414544365,1.568316496,0.09228331219,0.007197871587,0.12896109,-1.360423994,1.621725481,1.286576398,1.469521434,-0.001661030681,0.08097773555,-0.5636472337
5.36,21.544,-0.02242892416,-0.08223906754,-0.06123132929,-0.006123132929,268,-0.01805310902,-0.08173213234,-0.05201413437,-0.005939761086,0.01919650891,0.01680633717,0.0002988053784,0.0002509219371,0.3743502498,-0.5855263472,0.3743502498,-0.5855263472,0,0.02481176266,0.008023441959,0.008363402824,1.00411998,0.032543,0.006713439492,0.0003257921246,0.0003948928185,0.0008628092677,0.000885315965,ok,4,1,1.3982487,1.590156143,-1.415016042,1.568624944,0.09017155032,0.009378669254,0.1298977939,-1.362449725,1.62402213,1.290431459,1.473075735,-0.008374470173,0.07796841417,-0.557953147,1.395050964,1.582815347,-1.409035726,1.568280196,0.08787282331,0.006430949498,0.1342145343,-1.359464608,1.61919323,1.283073683,1.469064249,0.00166672963,0.08139788891,-0.5670902682
5.37,21.554,-0.02304079073,-0.08230025419,-0.06114158267,-0.006114158267,268,-0.01838744155,-0.0817877235,-0.04483794248,-0.009936249635,0.01980739313,0.01582572711,0.000201611441,0.0002725388335,-0.1342186779,-0.2828966975,-0.1342186779,-0.2828966975,0,0.01779411296,0.01158227665,0.008387271339,0.6421716315,0.068917,0.009033178168,0.0002913593766,0.0003499009336,0.0004709895724,0.00064505865,ok,4,1,1.397915677,1.589196342,-1.414261548,1.568650263,0.09015582726,0.009037078607,0.1303429878,-1.36207991,1.623520765,1.289565355,1.472412837,-0.007366448538,0.07820751423,-0.5590303228,1.395738549,1.588613149,-1.415973274,1.568243959,0.09424373059,0.006789244593,0.127075311,-1.360132449,1.622199729,1.286746973,1.468607762,-0.0009447322236,0.08181946275,-0.5638770689
5.38,21.564,-0.02365174777,-0.0823613499,-0.06104942228,-0.006104942228,269,-0.01951510039,-0.08192010317,-0.08383261033,-0.008497064347,0.01961937301,0.01532004309,0.0002798899457,0.0001616934932,-0.6471833587,0.1690988094,-0.6471833587,0.1690988094,0,0.009911622632,0.01785652523,0.008416511308,1.123367075,0.056055,0.005520221429,0.0002438115506,0.0001175045371,0.0009483865814,0.0005381869664,ok,4,1,1.397563529,1.588782639,-1.415155294,1.56859384,0.09045582763,0.008746662488,0.1303096699,-1.362105486,1.623107615,1.289696515,1.471867102,-0.006464953653,0.07863146986,-0.5598934682,1.396496516,1.595166269,-1.423775323,1.568207786,0.101366682,0.007282201941,0.1190759992,-1.36139347,1.627303057,1.293130165,1.46815196,-0.005799396761,0.08225737587,-0.5581506792
5.39,21.574,-0.02426177114,-0.08242235223,-0.06095485177,-0.006095485177,269,-0.02087838112,-0.08202421521,-0.06993545628,-0.003616126284,0.01859472405,0.01556461144,0.0006230299942,0.0004585216505,-0.1564002782,-0.02704454213,-0.1564002782,-0.02704454213,0,0.01624871988,0.01515894331,0.008390036022,0.4771226,0.038816,0.01009505411,0.0004909905819,0.0003846567239,0.002020459311,0.001177355732,ok,4,1,1.397251015,1.589294777,-1.416542125,1.568569226,0.09139076709,0.008555167463,0.1291710533,-1.362265277,1.623381182,1.290389178,1.471432422,-0.006089312915,0.0791785868,-0.559878272,1.395395993,1.589471252,-1.417353878,1.568171678,0.09616199309,0.006379677621,0.1252395066,-1.360659376,1.625480144,1.290555248,1.467696837,-0.00323955844,0.08266177963,-0.56073405
5.4,21.584,-0.02487083678,-0.0824832588,-0.06085787487,-0.006085787487,270,-0.02003986464,-0.0820267257,0.04549724023,-0.002832128572,0.01827744563,0.01548462931,0.0001612861837,0.0001541102407,-0.1597708762,-0.2558296025,-0.1597708762,-0.2558296025,0,0.01588088248,0.01164718527,0.008389890956,0.5870033936,0.076334,0.003970767537,0.0001465958883,3.824299504e-05,0.000563014321,0.0004259086878,ok,4,1,1.397181605,1.589506052,-1.415734164,1.568402916,0.09219122556,0.008280923201,0.1281607151,-1.361795672,1.623716108,1.290077881,1.471206727,-0.005879596949,0.07968820776,-0.5597150408,1.39517116,1.58955362,-1.417640552,1.568134187,0.0967711478,0.00613901053,0.1247241316,-1.359732969,1.623034228,1.287165531,1.467240697,-9.563013144e-06,0.08307832745,-0.5640686565
5.41,21.594,-0.02547892063,-0.08254406718,-0.0607584954,-0.00607584954,270,-0.02068346773,-0.0820561164,-0.02703242622,-0.0067818843,0.01795079875,0.01505702247,0.000142012594,0.0001989145497,0.1441022605,-0.4357890189,0.1441022605,-0.4357890189,0,0.02011233266,0.008520187187,0.008372650341,0.8168963742,0.067958,0.005258885153,0.000218752981,0.0002267793667,0.000453420288,0.0006108418877,ok,4,1,1.397050653,1.589765096,-1.415915186,1.568396943,0.09277137501,0.008046347301,0.1278245163,-1.361393778,1.62389282,1.289481145,1.470709353,-0.005268448166,0.08000867863,-0.5601206584,1.394328906,1.585678745,-1.413325814,1.568096217,0.09338817428,0.005459986929,0.128789359,-1.358891097,1.620886966,1.284159498,1.466784642,0.002900515576,0.0834997971,-0.5670449199
5.42,21.604,-0.02608599869,-0.08260477499,-0.06065671729,-0.006065671729,271,-0.02106706201,-0.08211516956,-0.04626325694,-0.009136471935,0.01815478779,0.01431944321,0.0002127849522,0.0002419046194,0.4708984792,-0.4295585454,0.4708984792,-0.4295585454,0,0.02521826497,0.007876065029,0.008353482668,0.8289534536,0.066528,0.007308713893,0.000244768611,0.0002028978353,0.0006336902932,0.0006157524657,ok,4,1,1.396771381,1.589347486,-1.415554677,1.568375982,0.09297462744,0.007746161376,0.127900167,-1.361076809,1.623589217,1.288883639,1.47020216,-0.004408198316,0.08035724564,-0.5609588084,1.393344048,1.581057952,-1.40813491,1.568058324,0.0892421165,0.004720845926,0.1337255118,-1.358606085,1.620652948,1.283633025,1.466329371,0.003759244748,0.08392287265,-0.5677228959
5.43,21.614,-0.02669204699,-0.08266537982,-0.06055254456,-0.006055254456,271,-0.02101380803,-0.08219644123,-0.05826974395,-0.0085109933,0.01893334003,0.01354724244,0.0004760541575,0.0003674528618,-0.4512227178,0.4059308171,-0.4512227178,0.4059308171,0,0.01216499927,0.0196362047,0.008399676173,0.820131237,0.064825,0.007360394864,0.0002886073483,4.564536316e-05,0.001404821224,0.001054207589,ok,4,1,1.396411394,1.588418347,-1.414572367,1.568202671,0.09266548353,0.007343604051,0.1285071097,-1.360784156,1.62306973,1.288428612,1.469825101,-0.003538136622,0.08078803047,-0.5618434122,1.39483882,1.592054999,-1.421115879,1.5680205,0.1008667959,0.005686637063,0.1205776594,-1.361089868,1.629970369,1.295494392,1.465874934,-0.005618952282,0.08434943679,-0.5569320254
5.44,21.624,-0.02729704161,-0.08272587928,-0.06044598131,-0.006044598131,272,-0.02223350051,-0.08234867673,-0.09933557187,-0.003473373621,0.01821750415,0.01417676005,0.0004018225038,0.000469922298,-0.721326828,0.421831727,-0.721326828,0.421831727,0,0.007397601726,0.02050423596,0.008417175871,1.257962042,0.066543,0.007806670115,0.0005015781186,0.000505337054,0.001219430572,0.001516650926,ok,4,1,1.396107263,1.588608599,-1.416499687,1.568088782,0.09306012579,0.0070974182,0.1282634633,-1.36114669,1.623655133,1.289903221,1.469362529,-0.003297425226,0.08133612073,-0.5617654314,1.395177377,1.595931247,-1.425804194,1.567982757,0.1052966155,0.005905945039,0.1156838429,-1.361141631,1.630896626,1.296477935,1.465421229,-0.00600658714,0.08476721793,-0.5562150001
5.45,21.634,-0.02790095866,-0.08278627099,-0.06033703176,-0.006033703176,272,-0.02407252525,-0.08237787644,-0.1028827293,-0.001884061362,0.01705204676,0.01491803772,0.000593079615,0.000288056581,-0.4692412913,-0.07272259891,-0.4692412913,-0.07272259891,0,0.01001342739,0.01382719874,0.008405020791,0.9114983343,0.062863,0.0111220119,0.0004957696898,0.0002792184064,0.001982734686,0.000482367886,ok,4,1,1.395887126,1.589381671,-1.417680867,1.568274843,0.09419975663,0.007033626537,0.1268058548,-1.361201264,1.624688089,1.290468171,1.468881101,-0.003396091698,0.08184821794,-0.5609837052,1.394573814,1.593444582,-1.423107205,1.567945091,0.10331474,0.005362780975,0.1181402618,-1.359533259,1.626008728,1.289928826,1.464968327,-0.0001706794774,0.0851643972,-0.5624704784
5.46,21.644,-0.02850377431,-0.08284655255,-0.06022570021,-0.006022570021,273,-0.02432335292,-0.08236763172,0.0715562092,-0.003062646138,0.0161991667,0.0148431834,0.0002463717853,0.0001759090275,-0.2541640997,-0.3747133017,-0.2541640997,-0.3747133017,0,0.0123867052,0.009222483876,0.008394163116,0.7130714678,0.057817,0.007805770777,4.184458096e-05,0.0002692766204,0.0007938217546,0.0006024124971,ok,4,1,1.395835885,1.589993923,-1.417605355,1.568375816,0.09550896919,0.006884092281,0.1253477585,-1.360721317,1.625275194,1.289870067,1.468370306,-0.003178639543,0.08218113074,-0.560806368,1.393996005,1.591168843,-1.420652717,1.567907506,0.1015414098,0.004849494732,0.1203553328,-1.358363699,1.622726102,1.285445965,1.464516207,0.003952075135,0.08558879754,-0.5668066683
5.47,21.654,-0.02910546474,-0.08290672159,-0.06011199105,-0.006011199105,273,-0.02463571304,-0.08239904083,-0.01459528671,-0.008716654818,0.01569686245,0.0142391194,0.0002103353041,0.0002925676774,0.3089445531,-0.6414877176,0.3089445531,-0.6414877176,0,0.02033103075,0.004616803633,0.008363110798,1.058202003,0.079873,0.006461868375,0.0002991844147,0.0003634756077,0.0006944402607,0.0007110799192,ok,4,1,1.395722872,1.590369059,-1.417602222,1.568319623,0.09641403366,0.006649415621,0.1246223911,-1.36033535,1.625170398,1.289272012,1.467845299,-0.00250979324,0.08246615467,-0.5614939936,1.3926667,1.584101882,-1.412623911,1.567870002,0.09492179541,0.003794874863,0.1281159174,-1.357178454,1.619450289,1.280959687,1.464064976,0.008072226788,0.08603254404,-0.5711400026
5.48,21.664,-0.02970600622,-0.08296677574,-0.05999590878,-0.005999590878,274,-0.02427878125,-0.08246423639,0.01037613018,-0.01053873537,0.01613416821,0.01312615525,0.0004688849019,0.0004086898351,0.3458750844,-0.2262623608,0.3458750844,-0.2262623608,0,0.02132229448,0.009732219839,0.008358279787,0.6731541495,0.122907,0.009607020082,0.0004805353678,0.000251890547,0.001476638526,0.001011154605,ok,4,1,1.395452713,1.589752062,-1.416697005,1.568136861,0.09658820539,0.006265559192,0.1248372963,-1.359900819,1.624324629,1.288377684,1.467463381,-0.001534793293,0.08283619977,-0.5626400654,1.392258447,1.58302052,-1.411551657,1.567832583,0.09434478652,0.003430690788,0.1289551903,-1.358204979,1.623633403,1.286187962,1.463614629,0.004180571891,0.08641766466,-0.5664994327
5.49,21.674,-0.03030537502,-0.08302671262,-0.05987745797,-0.005987745797,274,-0.02406310364,-0.08259014064,-0.1114437,-0.008700204569,0.01670777153,0.01264671377,0.0006691993803,0.0005861581814,-0.4382228851,-0.3148143291,-0.4382228851,-0.3148143291,0,0.01013442825,0.007924498831,0.008398288016,0.8065201451,0.162086,0.005889784779,0.0002096819573,0.0001844914688,0.001917441415,0.001888462196,ok,4,1,1.395092162,1.588910305,-1.41640141,1.567787626,0.09629756507,0.005861343046,0.1255125991,-1.359816658,1.623855717,1.288558161,1.467198253,-0.000832001608,0.08332801821,-0.5634262436,1.393478816,1.592417853,-1.422665325,1.567795243,0.1043627665,0.004272331211,0.1176738526,-1.357661706,1.622502792,1.284498036,1.463165137,0.005993192728,0.08683954719,-0.5682487925
5.5,21.684,-0.0309035475,-0.08308652987,-0.05975664329,-0.005975664329,275,-0.02804169907,-0.08266613002,-0.17859261,-0.005570160965,0.01607554862,0.0121426463,0.0008200703073,0.000578239641,0.138753593,-0.04800049588,0.138753593,-0.04800049588,0,0.01815685251,0.01142263886,0.008366637229,0.3714981028,0.099427,0.007538744013,0.0005178690035,0.0001163877436,0.002618479644,0.001645198227,ok,4,1,1.394579035,1.588970151,-1.418222963,1.568195767,0.0968475699,0.005765180496,0.1252125966,-1.359846883,1.623774902,1.287858621,1.466431572,0.0001447407335,0.08367863781,-0.5638998254,1.392151284,1.585284038,-1.414559198,1.567757991,0.09766871357,0.003193623509,0.1255108058,-1.358310674,1.625444517,1.28810862,1.462716591,0.00343463581,0.08723868229,-0.5651029203
5.51,21.694,-0.03150050003,-0.08314622512,-0.05963346953,-0.005963346953,275,-0.02611594258,-0.08271932889,0.05758105162,-0.004007746386,0.01628692367,0.01199883631,0.0003814403745,0.0003673930899,-0.007840019651,-0.3757567406,-0.007840019651,-0.3757567406,0,0.01616932337,0.006362485205,0.008372331492,0.7340719689,0.083071,0.003444383833,7.894483621e-05,0.0001779973207,0.001135706091,0.001205017756,ok,4,1,1.394462356,1.588543494,-1.416879697,1.567923598,0.09719676456,0.00542963187,0.1246632531,-1.359509693,1.623939898,1.288109689,1.466160975,0.0005826123324,0.08421921753,-0.5641244528,1.392151297,1.586764913,-1.416468082,1.567720826,0.09968334767,0.003119417773,0.1233867654,-1.357035136,1.621819031,1.283168617,1.462268894,0.007923332021,0.0876777029,-0.5698501497
5.52,21.704,-0.03209620904,-0.08320579602,-0.05950794154,-0.005950794154,276,-0.02762912225,-0.08273707885,-0.0566380707,-0.005550851596,0.01626844596,0.01135986149,9.054183518e-05,9.016092177e-05,-0.548448801,-0.3939539492,-0.548448801,-0.3939539492,0,0.00804171394,0.005450552252,0.008401802676,0.9560995622,0.034278,0.006591277287,0.0001109256971,0.0001459837936,0.0001881384452,0.0002903584196,ok,4,1,1.394219421,1.588525936,-1.41683734,1.567985167,0.0974823578,0.00520202272,0.1246015678,-1.35910975,1.623825059,1.287142487,1.465684699,0.001332054734,0.08456479682,-0.5645753236,1.392944441,1.593533862,-1.424519211,1.567683749,0.1070433534,0.003690347583,0.1151553617,-1.35669282,1.621376571,1.282372763,1.461822165,0.008994676089,0.08809718969,-0.570770503
5.53,21.714,-0.03269065103,-0.08326524022,-0.05938006428,-0.005938006428,276,-0.02954853785,-0.08281103084,-0.05907000823,-0.007395821535,0.01536319404,0.01071755951,0.0006315811835,0.0004057783845,-0.09433085471,-0.3183883429,-0.09433085471,-0.3183883429,0,0.01394823122,0.005941734364,0.008377467045,0.653440215,0.087363,0.008701090342,0.0003362377131,0.0001132593803,0.001907666353,0.001188813045,ok,4,1,1.39395793,1.588862088,-1.418372514,1.568184712,0.09844212185,0.005078247962,0.123856452,-1.358963967,1.623726977,1.286608046,1.464979881,0.002376121783,0.08488886179,-0.5653615831,1.391913926,1.588220074,-1.41853106,1.567646762,0.1021858022,0.002805775633,0.1208858777,-1.356669993,1.622008215,1.282979063,1.46137639,0.008910523932,0.08850436477,-0.5703973792
5.54,21.724,-0.03328380252,-0.08332455537,-0.0592498428,-0.00592498428,277,-0.02836520588,-0.08287788582,0.02442221659,-0.006705450006,0.01516259185,0.01012560566,0.0002318474875,0.0002144737336,0.2290554196,-0.3437784016,0.2290554196,-0.3437784016,0,0.01859842314,0.004968929633,0.008359238782,0.6927311914,0.031178,0.005807717562,0.0001073844269,6.718283536e-05,0.0007810399078,0.0006926795621,ok,4,1,1.393819688,1.588815813,-1.417712103,1.567931683,0.09909750531,0.004765271053,0.1230693757,-1.358624186,1.62339371,1.28641887,1.464704142,0.00310280637,0.08540179797,-0.5660559815,1.391022421,1.583994348,-1.413798721,1.567609866,0.09841761181,0.002074711551,0.1253669367,-1.356314724,1.6215185,1.282121967,1.460931584,0.01003011828,0.08892317868,-0.5713727278
5.55,21.734,-0.03387564009,-0.08338373913,-0.05911728223,-0.005911728223,277,-0.02800087252,-0.08293173,-0.04027331229,-0.006417671488,0.01548613915,0.009477008217,0.0006203797434,0.0004658127955,-0.4487092495,-0.5522198081,-0.4487092495,-0.5522198081,0,0.008755500404,0.001193711095,0.008394254645,0.9687764153,0.02918,0.006265202127,0.0003634761361,2.434154582e-05,0.001934870837,0.001434480787,ok,4,1,1.393605848,1.588534879,-1.416901028,1.567657827,0.09915759011,0.004392122798,0.1231712875,-1.35822308,1.623008924,1.285878593,1.464472002,0.003764916156,0.08586397625,-0.5666524505,1.392057142,1.592236925,-1.42356688,1.567573063,0.1072767282,0.002817605058,0.1154320314,-1.3553162,1.618887082,1.278462729,1.460487767,0.01345268031,0.08937485454,-0.5749271395
5.56,21.744,-0.03446614038,-0.08344278916,-0.05898238782,-0.005898238782,278,-0.03147034222,-0.08299042429,-0.1285053026,-0.006924001471,0.01477785768,0.008569984389,0.0006693340243,0.0005123209967,-0.1190396249,-0.3078502417,-0.1190396249,-0.3078502417,0,0.01299226331,0.003952230764,0.008376633823,0.6517364316,0.063791,0.008467420769,0.0002994929888,0.0001396139538,0.002022068,0.001595721518,ok,4,1,1.393194395,1.588750778,-1.418675993,1.568013903,0.09983486392,0.004272719,0.1228560232,-1.358064084,1.622698758,1.28472043,1.463690935,0.00498525954,0.08613700024,-0.5675000358,1.391240935,1.588363841,-1.419248789,1.567535899,0.1038677008,0.002108207465,0.1195003294,-1.355815974,1.621249043,1.281335191,1.460044936,0.01150262386,0.08975075849,-0.5724650904
5.57,21.754,-0.03505528008,-0.08350170313,-0.05884516488,-0.005884516488,278,-0.03036901852,-0.08306839993,0.02879210206,-0.006390185458,0.01455738144,0.007996570263,0.0001369885195,0.0001426714607,-0.01552189514,-0.3759690523,-0.01552189514,-0.3759690523,0,0.01432455301,0.002357034478,0.008370177956,0.7289708776,0.075178,0.005660527567,5.792315972e-05,0.0001107904338,0.0004295363211,0.0004880760722,ok,4,1,1.393042532,1.588596771,-1.41829413,1.567825223,0.1004463004,0.003984114069,0.122140487,-1.357791484,1.62247343,1.284664009,1.463318983,0.005842096289,0.08663817682,-0.5682674425,1.390799853,1.586991941,-1.417834734,1.567497488,0.10298774,0.001703428572,0.1206763883,-1.355317183,1.620282862,1.279853779,1.459603071,0.01313180507,0.09017497932,-0.5740071348
5.58,21.764,-0.03564303593,-0.08356047871,-0.05870561883,-0.005870561883,279,-0.03069566573,-0.08311843531,-0.03563831864,-0.005983328081,0.01450672965,0.007310121552,0.0002337705071,0.0001791196404,-0.07708761096,-0.4033696055,-0.07708761096,-0.4033696055,0,0.01335041549,0.001259577468,0.008372463153,0.7714911172,0.053719,0.006496383647,0.000158832117,3.705248857e-05,0.0007340865183,0.0005664290089,ok,4,1,1.39284087,1.588608665,-1.417993926,1.56769184,0.1007826347,0.003697879883,0.1218763117,-1.35741613,1.622133634,1.284033717,1.463005692,0.006635421418,0.08709195027,-0.5688919098,1.390659405,1.587605767,-1.418727987,1.567459177,0.1041176643,0.001542349821,0.119559478,-1.354927543,1.619698795,1.278869038,1.459162247,0.01435033259,0.09059857718,-0.5750899075
5.59,21.774,-0.03622938473,-0.08361911359,-0.05856375519,-0.005856375519,279,-0.03155688465,-0.0831753759,-0.05557961784,-0.006344682205,0.01435603594,0.006598973227,8.405485456e-05,8.076229369e-05,0.2843806744,-0.6575753093,0.2843806744,-0.6575753093,0,0.01862174606,-0.003264656412,0.008352267199,1.084208879,0.036895,0.006810815958,3.757511982e-05,2.686813352e-05,0.0002140022284,0.0002641294215,ok,4,1,1.392580967,1.588513881,-1.418271688,1.567690326,0.1011498594,0.003449096056,0.1217252272,-1.35711064,1.621884515,1.28334817,1.462528375,0.007539516631,0.08748056313,-0.5695923045,1.389685215,1.58285032,-1.413373103,1.567420967,0.09979874274,0.0007428843247,0.1246525301,-1.353744603,1.616502297,1.274456707,1.458722481,0.01838160542,0.0910753233,-0.5793219208
5.6,21.784,-0.03681430333,-0.08367760545,-0.05841957955,-0.005841957955,280,-0.03204633842,-0.08320783573,-0.03486213661,-0.007463372048,0.01483254996,0.005457470196,0.0002028625748,0.0001664625046,-0.3694565594,-0.03875860572,-0.3694565594,-0.03875860572,0,0.009290701564,0.00487609111,0.008384899488,0.7095971384,0.070205,0.009666264448,0.0002135256464,0.0001664758496,0.000644237111,0.0003959212518,ok,4,1,1.392266063,1.587919652,-1.41742868,1.567688348,0.1011228459,0.003147660816,0.1219088679,-1.356647106,1.621343412,1.28213366,1.462069105,0.008715340969,0.08787047914,-0.5706314485,1.390655926,1.590651407,-1.422626671,1.567382861,0.1082188173,0.001448108592,0.1152288761,-1.355483689,1.622963174,1.282709731,1.45828379,0.01201214334,0.09136419132,-0.5719116436
5.61,21.794,-0.03739776863,-0.08373595198,-0.05827309761,-0.005827309761,280,-0.03285037385,-0.08334945674,-0.08708854671,-0.006066175658,0.01421607319,0.005354674113,0.0002428622055,0.0002431701043,-0.628146112,0.03821272403,-0.628146112,0.03821272403,0,0.004793881513,0.005927864973,0.008401188361,1.093377852,0.049301,0.006547658673,0.0003235516841,0.0002956311288,0.0007714177513,0.0007584063259,ok,4,1,1.39200338,1.588030817,-1.418802359,1.567577241,0.1016711586,0.002894517075,0.1215476597,-1.356733292,1.621332258,1.282739202,1.461580978,0.009356917924,0.0883285243,-0.5711631652,1.390958334,1.594300989,-1.427042853,1.567344859,0.1124212575,0.001685564878,0.1106138811,-1.355586666,1.624016606,1.283873168,1.457846191,0.01146395714,0.09175577602,-0.5710187362
5.62,21.804,-0.03797975761,-0.08379415088,-0.05812431514,-0.005812431514,281,-0.03433104597,-0.08339944742,-0.06925920278,-0.00295358131,0.01319296891,0.005406337025,0.0004155730306,0.000310282462,-0.06406390667,-0.3244649172,-0.06406390667,-0.3244649172,0,0.01223201031,0.0005393632669,0.008371054513,0.6486286613,0.031166,0.009652093092,0.0003798201455,0.0002482749672,0.00130819255,0.0006944103045,ok,4,1,1.391751925,1.588571852,-1.419865987,1.567647102,0.1027824582,0.002787410487,0.1202659742,-1.356696575,1.621581471,1.282782697,1.461122481,0.009714977306,0.08878760994,-0.5710668479,1.389743677,1.587675235,-1.419522992,1.567306963,0.1062096874,0.000613580279,0.117859122,-1.354223887,1.620155881,1.278598045,1.457409702,0.01620126392,0.0922283658,-0.5760423881
5.63,21.814,-0.03856024729,-0.08385219985,-0.05797323802,-0.005797323802,281,-0.03388890696,-0.0833878631,0.03100206329,-0.004031994749,0.01303391741,0.004835013276,0.0002443658103,0.0001708898793,0.08652763069,-0.2769076228,0.08652763069,-0.2769076228,0,0.01433183187,0.000681398934,0.008361847959,0.6110812988,0.062317,0.005914421315,0.0002833621398,0.0001793356925,0.0008776667386,0.000518817076,ok,4,1,1.39165057,1.588725842,-1.418892574,1.567585251,0.1034738942,0.002542838639,0.1194639933,-1.356124141,1.621630049,1.281854548,1.460771174,0.0102868426,0.08918923927,-0.5713581502,1.389206341,1.585647181,-1.417342128,1.567269175,0.1046536722,0.0001288612247,0.119799605,-1.35412329,1.620513872,1.278851846,1.456974341,0.01639765559,0.09262800214,-0.5759839903
5.64,21.824,-0.03913921475,-0.08391009659,-0.05781987223,-0.005781987223,282,-0.03365753735,-0.08345270509,-0.04449915883,-0.007747323614,0.01309983698,0.004344285552,0.0004587779904,0.0003983073008,0.3374325335,-0.1797218174,0.3374325335,-0.1797218174,0,0.01816132498,0.001648458291,0.008347205737,0.6492036811,0.045502,0.005454852629,0.0003312236672,0.0001173508115,0.001379357368,0.001200245672,ok,4,1,1.391505447,1.588628543,-1.418674553,1.567402407,0.1036881736,0.002216493677,0.1195450179,-1.355801762,1.621540656,1.281625187,1.460376164,0.01094280296,0.08956523133,-0.5720259625,1.388424721,1.582136506,-1.413430544,1.567231495,0.101584201,-0.000522172669,0.1234593007,-1.35421344,1.621499037,1.279930563,1.456540124,0.01591669799,0.09301241194,-0.575168223
5.65,21.834,-0.03971663712,-0.08396783883,-0.0576642238,-0.00576642238,282,-0.0338101807,-0.08353624506,-0.1063682215,-0.007799487225,0.01364060031,0.004003659216,0.0006094353869,0.0004748961185,0.3237279952,-0.2094696313,0.3237279952,-0.2094696313,0,0.01849652024,0.0008616147467,0.0083447271,0.6212578954,0.091911,0.00570457181,0.0002293064909,7.223612792e-05,0.001802601558,0.001483062341,ok,4,1,1.39117185,1.587841078,-1.418150643,1.567235163,0.1035484012,0.001884443042,0.1200307304,-1.355643024,1.621301922,1.281602989,1.460027286,0.0114314123,0.08997635356,-0.5725095799,1.38811686,1.581628499,-1.41301492,1.567193926,0.1015657631,-0.0008164975668,0.1236466542,-1.353898943,1.621148496,1.279254827,1.45610707,0.01687335867,0.09342552203,-0.5759620548
5.66,21.844,-0.04029249163,-0.08402542428,-0.05750629888,-0.005750629888,283,-0.03533986032,-0.08360254281,-0.1278316621,-0.006144084878,0.01423113011,0.003635289692,0.0002330906021,0.0001194386255,-0.2872083783,0.3169531822,-0.2872083783,0.3169531822,0,0.009923004438,0.008389587425,0.008373990069,0.6034272153,0.055336,0.005360657913,3.672523601e-05,5.373953634e-05,0.0007009215554,0.0003414779173,ok,4,1,1.390711739,1.586989157,-1.41779271,1.567313997,0.1032980608,0.001602888042,0.1205762124,-1.355494905,1.621194091,1.281209246,1.459501872,0.01203045817,0.09033430736,-0.5728446769,1.388995742,1.588777612,-1.421510778,1.567156468,0.109332333,-0.0001729028356,0.1149840624,-1.355471252,1.627132927,1.286891047,1.455675194,0.0110114217,0.09372266864,-0.569126459
5.67,21.854,-0.04086675553,-0.08408285067,-0.05734610372,-0.005734610372,283,-0.03674245409,-0.08371134648,-0.1285852335,-0.003470518311,0.01380562679,0.004169669016,0.0003113236014,0.000279275485,-0.4694618881,0.1877608746,-0.4694618881,0.1877608746,0,0.006763698473,0.006986082135,0.008384621548,0.8642114452,0.140193,0.005606458703,0.0004298054066,0.0003144730712,0.00102320582,0.000647387374,ok,4,1,1.39036835,1.586886268,-1.41887638,1.567343492,0.1037258743,0.001388544669,0.1202479442,-1.355715387,1.621777142,1.282167296,1.458927049,0.01216257131,0.09075549572,-0.5726179382,1.389139218,1.591276855,-1.424590192,1.567119124,0.1123679887,-7.854919442e-05,0.1117024519,-1.35502203,1.626308192,1.285599007,1.455244515,0.01247328724,0.09413553076,-0.5704872239
5.68,21.864,-0.04143940616,-0.08414011574,-0.05718364463,-0.005718364463,284,-0.0383485088,-0.08373118053,-0.02681939311,-0.002254472195,0.0130626448,0.004522424382,0.0005412119018,0.0004426869269,-0.6082510948,0.3274230361,-0.6082510948,0.3274230361,0,0.003938878377,0.009433769923,0.008394202226,1.04613417,0.089976,0.00771776136,0.0003238773471,7.59698126e-05,0.001579353014,0.001313350986,ok,4,1,1.390128659,1.587296376,-1.419431837,1.567529101,0.1046502274,0.00127002244,0.1191548865,-1.355649899,1.622458214,1.282294324,1.45838616,0.01227786685,0.09116045472,-0.5721613278,1.389235179,1.593489774,-1.427334996,1.567081894,0.1151115691,-1.289727541e-05,0.1087543118,-1.355435991,1.628419314,1.288155401,1.454815053,0.01077709502,0.09450255366,-0.5683151154
5.69,21.874,-0.0420104209,-0.08419721721,-0.05701892803,-0.005701892803,284,-0.03840856123,-0.08377701103,0.01142730427,-0.003540437071,0.01199909054,0.005094581079,0.0003406138426,0.0001878071478,0.007601393852,-0.05044730008,0.007601393852,-0.05044730008,0,0.01211311145,0.004337871578,0.008361777003,0.357734956,0.050812,0.009313929851,0.0001319943579,3.792782013e-05,0.001029717639,0.0004841975999,ok,4,1,1.390083996,1.588173927,-1.420159702,1.567454603,0.1057976392,0.001094693885,0.1178567679,-1.355585028,1.623341957,1.283032145,1.457964165,0.01222769213,0.09159716735,-0.5717661619,1.387930772,1.586238269,-1.419080603,1.56704478,0.1082392387,-0.001177652598,0.1167284417,-1.354161627,1.624779447,1.28317283,1.454386815,0.01526258648,0.09495804716,-0.5730600794
5.7,21.884,-0.04257977722,-0.08425415284,-0.05685196042,-0.005685196042,285,-0.03772625775,-0.08378542052,0.0347671881,-0.00631439186,0.01192245169,0.005014923269,0.0003266988224,0.0002753746032,0.1688810438,-0.1848806143,0.1688810438,-0.1848806143,0,0.01445566734,0.002241714055,0.008351875542,0.4914895184,0.04164,0.003310462259,0.0004013181714,0.0002105462203,0.001106565625,0.0007837275594,ok,4,1,1.390013149,1.588288164,-1.419303061,1.567301564,0.1063642105,0.0008095836254,0.117341916,-1.355174281,1.623627634,1.282840925,1.457697277,0.01237254368,0.09200718445,-0.5717607126,1.387366233,1.584006971,-1.416658065,1.567007784,0.1064619824,-0.001687374821,0.1189118142,-1.353557075,1.623427636,1.281187404,1.453959828,0.01728743887,0.09538103936,-0.5750524547
5.71,21.894,-0.04314745263,-0.08431092038,-0.05668274839,-0.005668274839,285,-0.03787286591,-0.08385166573,-0.05735907007,-0.008722740423,0.01214029624,0.004700832437,0.0004057043864,0.0003525370975,-0.8029019237,0.06044374034,-0.8029019237,0.06044374034,0,9.676738031e-05,0.005607488542,0.008405430596,1.309522236,0.058516,0.004482978275,0.0003185759315,0.0001891113498,0.00122505543,0.001004566775,ok,4,1,1.389801532,1.587894038,-1.41909431,1.567179319,0.1065071202,0.0004936890694,0.1176102228,-1.354894451,1.623587125,1.282669127,1.457294338,0.01280446059,0.09234626904,-0.5721754301,1.388930887,1.596146478,-1.430937738,1.566970906,0.1192925406,-0.0003154516606,0.1045150004,-1.354183494,1.626232879,1.284661318,1.453534105,0.01483755463,0.09572548667,-0.5720395307
5.72,21.904,-0.04371342473,-0.08436751759,-0.05651129862,-0.005651129862,286,-0.04099278073,-0.08397110158,-0.1652588412,-0.006713600463,0.01085508589,0.004843897753,0.0008115718113,0.0005256974973,0.07410489768,-0.6890476346,0.07410489768,-0.6890476346,0,0.01196665935,-0.005491816766,0.008358200213,1.091194827,0.031286,0.01227227039,0.000571637606,0.0001105411878,0.002603986782,0.001473180578,ok,4,1,1.389414049,1.588409691,-1.421748391,1.567420667,0.1075921466,0.0004380699912,0.1167872708,-1.35518688,1.623842621,1.283144577,1.456557451,0.01331681054,0.09267471491,-0.5723627484,1.387178242,1.585714289,-1.41898883,1.566934148,0.1091807681,-0.001923121187,0.1161561442,-1.351514392,1.618044071,1.273670872,1.453109665,0.02422875881,0.09631856621,-0.5822736672
5.73,21.914,-0.04427767116,-0.08442394224,-0.05633761788,-0.005633761788,286,-0.04072184097,-0.0839591795,0.03951025508,-0.00650533928,0.01095638945,0.003692537559,0.0002703223073,0.0004591102873,-0.09853183478,-0.5803828239,-0.09853183478,-0.5803828239,0,0.009478411932,-0.0050132048,0.008365815767,1.001618301,0.05967,0.01010460672,0.0001931079407,0.0003185609505,0.0007482657054,0.001646521644,ok,4,1,1.389198845,1.587873855,-1.420177753,1.567460736,0.108453421,0.0002040594258,0.115831239,-1.354476035,1.623116459,1.281477182,1.456150029,0.01412415209,0.0930290294,-0.5729625878,1.387248675,1.587637866,-1.421398476,1.566897512,0.1116286956,-0.001902376249,0.113544615,-1.35149631,1.618650667,1.274258767,1.452686522,0.02414033509,0.09670000551,-0.5819036586
5.74,21.924,-0.04484016967,-0.08448019209,-0.05616171303,-0.005616171303,287,-0.0410045164,-0.08404205177,-0.004625804201,-0.007890265689,0.01076819419,0.002648562436,0.0001958428559,0.0003348360208,-0.9485109448,0.1158676296,-0.4742554724,0.05793381482,1,-0.003459469985,0.00438657688,0.008386557958,0.8167999999,0.048884,0.008854104317,0.0002203105736,0.0002027120673,0.0005970283702,0.001189601085,ok,4,1,1.388993319,1.588018598,-1.420284867,1.56727174,0.1088285768,-0.0001087938599,0.115638678,-1.35414507,1.622565977,1.280705298,1.455687605,0.01528623078,0.09338520223,-0.5741495205,1.387733182,1.592434205,-1.427143802,1.566860998,0.1169965768,-0.001487743665,0.1076237152,-1.353323011,1.625366732,1.28289963,1.452264696,0.01746402714,0.09692243638,-0.5741657285
5.75,21.934,-0.04540089803,-0.08453626492,-0.05598359101,-0.005598359101,287,-0.04075563203,-0.0841810594,-0.05103518753,-0.005844347022,0.009926625027,0.002680267485,0.0002904189956,0.000270280123,-0.2737073898,-0.09422234446,-0.2737073898,-0.09422234446,0,0.00582101418,0.001266932318,0.008376827223,0.581841186,0.030846,0.007445828276,0.0002122904107,0.0003815589044,0.0007939801133,0.0007755166985,ok,4,1,1.388837942,1.588388943,-1.421692249,1.566990741,0.1095507485,-0.000379600892,0.1149994951,-1.354262105,1.622546,1.281653625,1.455412663,0.01578658856,0.09394666189,-0.5746028991,1.387206386,1.590355506,-1.424898521,1.566824609,0.1153691604,-0.001985852767,0.1096341497,-1.352682274,1.623897912,1.280757679,1.451844201,0.01960808771,0.09734982584,-0.57629475
5.76,21.944,-0.04595983412,-0.08459215853,-0.05580325886,-0.005580325886,288,-0.0413867345,-0.08420164523,-0.04115358787,-0.002913326285,0.009457534534,0.00248268282,0.0002416026849,0.0001495058592,0.2213027477,-0.5502425432,0.2213027477,-0.5502425432,0,0.01277707575,-0.005770955329,0.008349879183,0.9503221834,0.095002,0.005085571543,2.539506466e-05,0.0001524889528,0.0008054146036,0.000255155123,ok,4,1,1.388630489,1.588601577,-1.421797956,1.566960436,0.1102835889,-0.0005438027777,0.1141705556,-1.353977995,1.622626593,1.281255577,1.455137427,0.0161606567,0.09441693719,-0.5745715225,1.386054745,1.584160963,-1.417862968,1.566788346,0.1095433815,-0.003016334956,0.116398271,-1.35093571,1.618802697,1.273826019,1.451425055,0.02566387853,0.09788513642,-0.5827993156
5.77,21.954,-0.04651695587,-0.08464787071,-0.05562072369,-0.005562072369,288,-0.04147654626,-0.08419305431,0.01541065585,-0.005628113943,0.009783739026,0.001534594738,0.0005042747009,0.0002862006558,-0.4009217024,-0.5701761842,-0.4009217024,-0.5701761842,0,0.00376991349,-0.007018048024,0.008381804153,0.9897630716,0.076516,0.008579088024,0.000380689627,0.0003057938944,0.001736757568,0.0007886100478,ok,4,1,1.388462005,1.588331822,-1.420772528,1.566970481,0.110448387,-0.0007976336488,0.1141480175,-1.35334976,1.622480075,1.279908058,1.454703504,0.01708479051,0.09474901786,-0.575251207,1.386961117,1.591694197,-1.426793011,1.566752209,0.1177020948,-0.002243605959,0.107320748,-1.350519751,1.618098865,1.272686172,1.451007276,0.02698242123,0.09830077582,-0.5840060839
5.78,21.964,-0.04707224128,-0.08470339925,-0.05543599271,-0.005543599271,289,-0.04380076686,-0.08426951552,-0.07767000138,-0.007972458242,0.009124535553,0.0005975818134,0.0004073730259,0.0003842179563,-0.1787218302,-0.3721108139,-0.1787218302,-0.3721108139,0,0.0064437081,-0.004984080394,0.008370234608,0.7201276525,0.091328,0.008565095381,0.0002204284003,0.0001837076563,0.001185526694,0.001233951471,ok,4,1,1.388156979,1.58859683,-1.422380101,1.567187264,0.1110282535,-0.0009399640785,0.1139016795,-1.35321743,1.622171423,1.279184341,1.453979146,0.01841732584,0.09503683589,-0.5764445333,1.386372443,1.589181677,-1.424041053,1.566716201,0.1156259618,-0.002799751013,0.1098353658,-1.350862895,1.619878569,1.27482864,1.450590878,0.02561860237,0.09863928733,-0.5822138859
5.79,21.974,-0.04762566843,-0.08475874196,-0.0552490732,-0.00552490732,289,-0.04334395712,-0.08436081173,-0.01059162745,-0.007264580143,0.008811790824,-7.986569035e-05,0.000124943761,0.0001045786891,0.183794409,-0.6337829232,0.183794409,-0.6337829232,0,0.01156870696,-0.009586609539,0.008350166441,1.033205254,0.094979,0.006274930642,9.409261062e-05,0.0001498131983,0.0003647648685,0.0003610060344,ok,4,1,1.387945972,1.588549219,-1.422336231,1.567010806,0.1116148142,-0.001202640138,0.113208736,-1.353034537,1.621714747,1.279080762,1.453660085,0.01934367173,0.09555742442,-0.5773404985,1.385459628,1.584564363,-1.418837145,1.566680322,0.1113977598,-0.003626368279,0.1147826801,-1.349671322,1.616634667,1.270330903,1.45017588,0.02967572427,0.09913347576,-0.5864846205
5.8,21.984,-0.04817721547,-0.08481389667,-0.05505997257,-0.005505997257,290,-0.04351251752,-0.08438590072,-0.001927469645,-0.005758784789,0.009098916053,-0.00121644763,0.0003146250746,0.000120881073,-0.1547125429,-0.2150609493,-0.1547125429,-0.2150609493,0,0.00677822791,-0.00444236187,0.008366189492,0.5345347747,0.050626,0.009250825292,0.0002802897573,5.382121836e-05,0.001066273574,0.0003012808929,ok,4,1,1.387727845,1.588332773,-1.421435507,1.566887321,0.1117274661,-0.001499260278,0.1131546749,-1.352495872,1.621077501,1.277822477,1.453388655,0.02042489898,0.09601118553,-0.5782419248,1.385831004,1.588472302,-1.423551008,1.566644574,0.1158628394,-0.003329157629,0.1098919362,-1.350734582,1.620764847,1.27558471,1.449762296,0.02577024673,0.09939311559,-0.5818521673
5.81,21.994,-0.04872686063,-0.08486886118,-0.05486869825,-0.005486869825,290,-0.04415289072,-0.0844862815,-0.0748033515,-0.006153607819,0.008816439618,-0.001628270601,0.0001656942538,0.0001787663183,0.1172839478,-0.3758891523,0.1172839478,-0.3758891523,0,0.01057569883,-0.007266607886,0.008350998805,0.7160649247,0.064202,0.004559055267,7.335168608e-05,0.0001779289915,0.0003681816274,0.0005628842721,ok,4,1,1.387488816,1.588362915,-1.42222481,1.566786337,0.1120136081,-0.001755183633,0.1131071553,-1.35239167,1.620958034,1.277833982,1.452952708,0.02121119146,0.09643250395,-0.5788976466,1.385092282,1.584997906,-1.419675169,1.566608959,0.1127949105,-0.004006672924,0.1135225276,-1.349956987,1.618865547,1.272865674,1.449350145,0.02837184071,0.09984235004,-0.5844967284
5.82,22.004,-0.04927458222,-0.08492363334,-0.05467525782,-0.005467525782,291,-0.04475712523,-0.08451417192,-0.04772560123,-0.0047945466,0.009021800198,-0.002294108641,0.0001504012861,8.716394509e-05,0.1758200079,-0.5312190056,0.1758200079,-0.5312190056,0,0.01165910032,-0.01026239373,0.008345856493,0.9129752564,0.056745,0.006390654432,5.291774363e-05,3.496001897e-05,0.0004566358783,0.0002291163339,ok,4,1,1.387201882,1.587938745,-1.421729203,1.566797218,0.1121887256,-0.001993145829,0.1130041934,-1.352057667,1.620701323,1.277062067,1.452557955,0.02198118628,0.09684174024,-0.5794082447,1.384702199,1.583858327,-1.418514029,1.566573477,0.1121057257,-0.004372059899,0.1144608518,-1.349136116,1.616838736,1.26997403,1.448939442,0.03111093884,0.1003008797,-0.587295654
5.83,22.014,-0.04982035859,-0.08497821098,-0.0544796589,-0.00544796589,291,-0.04554805855,-0.08454864653,-0.04006927677,-0.006204046443,0.009327147075,-0.00321390836,8.158565198e-05,8.960677571e-05,-0.7826939821,0.06835271418,-0.7826939821,0.06835271418,0,-0.002413262657,-0.002188617647,0.00839794347,1.279788865,0.120564,0.008089903973,0.0001042576978,0.0001291524324,0.0002559033022,0.0002893095204,ok,4,1,1.386923381,1.587522862,-1.421285873,1.566832932,0.1122146527,-0.002249761915,0.1131660547,-1.351655884,1.620394376,1.276051881,1.45207916,0.02302103487,0.09720154794,-0.580249136,1.386222483,1.595758425,-1.432511364,1.566537056,0.1247151577,-0.002947047335,0.1003681661,-1.350873424,1.62317719,1.2781577,1.4485289,0.02481450861,0.1004807583,-0.5799935921
5.84,22.024,-0.05036416823,-0.08503259194,-0.05428190921,-0.005428190921,292,-0.04726832202,-0.08467932585,-0.1361422187,-0.005027878986,0.008046583514,-0.003101893708,0.0006171209017,0.0004113119163,-0.5121985674,-0.4399116933,-0.5121985674,-0.4399116933,0,0.0003636050036,-0.009700569108,0.008385301206,0.9250615553,0.140641,0.01184881422,0.0005742564706,0.0002925990465,0.002026163277,0.001013554683,ok,4,1,1.386671383,1.588145557,-1.42357386,1.566869429,0.1132915492,-0.002351024206,0.1122169803,-1.351871475,1.620611322,1.276770828,1.451503077,0.02356099483,0.0976040121,-0.5805776213,1.385642335,1.593158905,-1.429657923,1.566500059,0.1225421648,-0.003528566458,0.1029865835,-1.349018876,1.617734139,1.270747571,1.448118974,0.03123628823,0.1010450421,-0.5869113675
5.85,22.034,-0.05090598963,-0.08508677408,-0.05408201657,-0.005408201657,292,-0.04799322674,-0.0846717751,0.07629488772,-0.003190804138,0.007168943215,-0.003835080231,0.0004164755996,0.0004383435102,0.2607792914,-0.5177683234,0.2607792914,-0.5177683234,0,0.01108063259,-0.01160160508,0.008343927763,0.8799844617,0.094235,0.007895650634,0.0001534679803,0.0001021774939,0.001079314572,0.001457753856,ok,4,1,1.386529655,1.588600642,-1.423649122,1.567008355,0.1146465141,-0.00245098628,0.1106748566,-1.351381589,1.620358858,1.27558987,1.451054829,0.02427664595,0.09798750423,-0.5808985542,1.384040493,1.583734667,-1.418862525,1.566463207,0.1133938652,-0.005030449264,0.1134799037,-1.348447884,1.616535847,1.268949391,1.447710553,0.03307649056,0.1014807355,-0.5887077724
5.86,22.044,-0.05144580144,-0.08514075526,-0.05387998887,-0.005387998887,293,-0.045814937,-0.08469624489,0.1053962453,-0.005995824982,0.007498295864,-0.004799588027,0.0008333907321,0.0004978360374,0.1409584582,-0.4002684951,0.1409584582,-0.4002684951,0,0.009612672736,-0.01080361545,0.008347713677,0.7642514655,0.075296,0.008004135815,0.0006069039576,0.0002186804007,0.002747850969,0.001292320437,ok,4,1,1.386535547,1.588455937,-1.421992014,1.566593658,0.1148999099,-0.002839461774,0.1104218727,-1.35070557,1.619897238,1.274750973,1.450884954,0.02507235475,0.09841219044,-0.5817709372,1.383989927,1.584790364,-1.420254843,1.566426503,0.1149419625,-0.005103560441,0.1118893008,-1.348511771,1.617371044,1.269852906,1.447303652,0.0327148694,0.1018340456,-0.588043594
5.87,22.054,-0.05198358232,-0.08519453335,-0.05367583407,-0.005367583407,293,-0.04667954439,-0.08478386321,-0.1610476983,-0.008719501585,0.007697996721,-0.00552377195,0.000514696306,0.0003168193361,0.3686280847,-0.3025372624,0.3686280847,-0.3025372624,0,0.01322741799,-0.01006183089,0.008333905477,0.6666929598,0.106205,0.006781363675,0.0002583287326,1.516692403e-05,0.001562757132,0.0009090622046,ok,4,1,1.386243398,1.588148003,-1.422318253,1.566443713,0.1147974999,-0.003127833845,0.1109522434,-1.350539008,1.619437656,1.274346316,1.450532274,0.02593350573,0.09878814889,-0.5826994381,1.383269189,1.581481073,-1.416561961,1.56638944,0.1120225405,-0.005750615627,0.115339014,-1.34856197,1.61816253,1.270699424,1.446898276,0.03239865838,0.102187026,-0.5874297248
5.88,22.064,-0.05251931106,-0.08524810623,-0.05346956024,-0.005346956024,294,-0.04737179859,-0.0848623523,-0.105546994,-0.006396932421,0.008335375481,-0.006073516698,0.0004575839512,0.0002608571688,0.3416846395,-0.3185386956,0.3416846395,-0.3185386956,0,0.01346064507,-0.01085159713,0.008331901353,0.6638802764,0.135727,0.005754041378,9.676758909e-05,0.00012909755,0.001377860618,0.0007314436066,ok,4,1,1.385825073,1.587235115,-1.421809483,1.566428247,0.1145107733,-0.003415118315,0.1115072399,-1.350392723,1.619103669,1.274025637,1.450119595,0.02669151693,0.09920827284,-0.5833029307,1.382992694,1.581077107,-1.416250452,1.56635134,0.1120726986,-0.006014570389,0.1154324465,-1.348251549,1.617799249,1.27001146,1.446494428,0.0333303197,0.1025849658,-0.5882082309
5.89,22.074,-0.05305296649,-0.08530147177,-0.05326117553,-0.005326117553,294,-0.04857924064,-0.08491229674,-0.09283901061,-0.004807451098,0.008963508159,-0.006637531903,0.0001897280223,7.978634962e-05,-0.5062984824,0.1375032365,-0.5062984824,0.1375032365,0,0.001369030923,-0.004574983355,0.008374406304,0.877268259,0.198999,0.005841214357,6.992881902e-06,5.29317209e-05,0.0006049635312,0.0001537031522,ok,4,1,1.385431012,1.58642879,-1.421284162,1.566497115,0.1141831558,-0.003691859863,0.1120305641,-1.350158002,1.618952674,1.273422982,1.449641765,0.02748910534,0.09958716008,-0.5837972923,1.384300488,1.591267539,-1.428267072,1.566313396,0.1229558384,-0.004830934731,0.1033075955,-1.349575053,1.622763214,1.276394366,1.446092148,0.02850287803,0.102785255,-0.5825510513
5.9,22.084,-0.05358452756,-0.08535462788,-0.05305068816,-0.005305068816,295,-0.05057568349,-0.08500842935,-0.1292344525,-0.003288502873,0.008186053306,-0.00639718991,0.0005738642288,0.000452580998,-0.3510531783,0.02385702543,-0.3510531783,0.02385702543,0,0.002920255631,-0.006039334528,0.008367028752,0.7003606374,0.167617,0.00815042322,0.0005590263392,0.0002602804568,0.001831499175,0.00120243337,ok,4,1,1.38512003,1.586670671,-1.422898646,1.566622097,0.1148449103,-0.003809435139,0.1114580187,-1.350339781,1.619405524,1.274000304,1.449037745,0.02791686632,0.09996588605,-0.5838498792,1.38386809,1.589729588,-1.42663821,1.566275611,0.1218485167,-0.005256297334,0.1047090599,-1.349114188,1.621886905,1.275031274,1.445691454,0.02998299629,0.1031931178,-0.5839446029
5.91,22.094,-0.05411397327,-0.08540757245,-0.05283810644,-0.005283810644,295,-0.05073558021,-0.08502158889,0.04551043282,-0.001935086604,0.007595083484,-0.006352816834,0.0002623187411,0.0002365462628,-0.005198839121,0.03438798338,-0.005198839121,0.03438798338,0,0.007517100897,-0.005836997084,0.008348921627,0.3367459906,0.164225,0.006101675399,0.0001736624051,6.351514866e-05,0.000688220885,0.0006929525569,ok,4,1,1.384996083,1.587033375,-1.42280016,1.566639344,0.1157468413,-0.003960736953,0.1103233574,-1.350108963,1.619812445,1.273957233,1.44865982,0.02817749786,0.1004010677,-0.5837021022,1.383041466,1.585575875,-1.421963175,1.566237985,0.1180605589,-0.006036913945,0.1091300228,-1.349036164,1.622267187,1.275335284,1.44529236,0.03010382265,0.103555798,-0.583819993
5.92,22.104,-0.05464128274,-0.08546030339,-0.05262343876,-0.005262343876,296,-0.04986109872,-0.08505298281,0.01083217062,-0.004496135953,0.007516847498,-0.006321850421,0.0003612578361,0.0002697332967,0.4179871976,-0.463842839,0.4179871976,-0.463842839,0,0.01378665546,-0.01327949301,0.008326049779,0.8120479875,0.132239,0.003131150453,0.0003012643445,4.161870378e-05,0.001153529524,0.0008292349357,ok,4,1,1.384947925,1.587255595,-1.422093947,1.566403672,0.1161452512,-0.004254330214,0.109914304,-1.349785925,1.620170213,1.274090838,1.448423511,0.02832723758,0.1008141105,-0.5837160445,1.381976792,1.579991088,-1.415614243,1.566200521,0.112796385,-0.006992314306,0.1152098432,-1.347187872,1.616889971,1.267987962,1.444894884,0.03644771745,0.1041423312,-0.5906504041
5.93,22.114,-0.05516643512,-0.08551281863,-0.05240669359,-0.005240669359,296,-0.04991931882,-0.08506647303,-0.01777759356,-0.007624083429,0.008149468536,-0.007107225729,0.0005810546692,0.000429840159,-0.3078559637,-0.07740776986,-0.3078559637,-0.07740776986,0,0.003531629081,-0.008268342277,0.008360950626,0.6003467416,0.063281,0.007468130962,0.0004223666338,0.0003082906476,0.001869807102,0.00112821954,ok,4,1,1.384767639,1.586537323,-1.421127358,1.566346957,0.1160673988,-0.004556863354,0.110431378,-1.349250065,1.619865337,1.27306507,1.44806163,0.02897958649,0.1011146358,-0.5843082381,1.383067147,1.588601476,-1.425795437,1.566163218,0.1220708662,-0.006022703038,0.104910857,-1.34823228,1.620887065,1.273104842,1.44449904,0.0326513182,0.1043532248,-0.58615032
5.94,22.124,-0.05568940971,-0.08556511609,-0.0521878795,-0.00521878795,297,-0.05218970493,-0.08519228793,-0.1599024465,-0.007846657876,0.007681468302,-0.007226966768,0.0003544301279,0.0002119849623,-0.6763817072,0.5369313359,-0.6763817072,0.5369313359,0,-0.002464257305,0.0008270032704,0.008382945372,1.159693509,0.151569,0.005665732196,0.000338941399,8.604116552e-05,0.001225373476,0.0005855416675,ok,4,1,1.384333788,1.586525087,-1.42277244,1.566459707,0.116405134,-0.004729217693,0.1104347774,-1.349479779,1.619921215,1.273441006,1.447413288,0.02966297367,0.1014372554,-0.5848578563,1.383560437,1.593562457,-1.431714715,1.56612608,0.12759598,-0.005499781074,0.09883784229,-1.350179818,1.627969061,1.28230357,1.444104846,0.02552882099,0.1044782786,-0.5779356992
5.95,22.134,-0.05621018584,-0.0856171937,-0.05196700512,-0.005196700512,297,-0.05326920276,-0.08529354185,-0.05366256127,-0.001649403035,0.006602456992,-0.006331726349,0.0005945154236,0.0004781845563,-0.08252807707,-0.2265169173,-0.08252807707,-0.2265169173,0,0.005364535836,-0.009729480109,0.008351789359,0.4857384521,0.164131,0.01034865006,0.0005048361135,0.0004835364546,0.001979100205,0.001158613467,ok,4,1,1.384027642,1.587157924,-1.424093804,1.566423993,0.1173761412,-0.00485635068,0.1091864923,-1.349891183,1.620643113,1.27492728,1.44700226,0.02954522887,0.1019570956,-0.5843321064,1.382356707,1.58662886,-1.423809417,1.566089106,0.1209587968,-0.006700643083,0.1064603915,-1.347651155,1.620236777,1.271843234,1.443712316,0.03440261339,0.1051223732,-0.5875947045
5.96,22.144,-0.05672874298,-0.08566904942,-0.05174407917,-0.005174407917,298,-0.05310505187,-0.08523919682,0.06666185502,-0.002083774895,0.00640949547,-0.006697742426,0.000197784564,0.0002418577083,-0.1247188374,-0.3227653801,-0.1247188374,-0.3227653801,0,0.004538712908,-0.01153922313,0.00835353065,0.6416218711,0.056064,0.004665318516,0.000219302863,0.0002552120906,0.000598452336,0.0009017556833,ok,4,1,1.384012586,1.587218999,-1.423010491,1.566456186,0.1182204593,-0.005030030644,0.1082032192,-1.349187974,1.620807859,1.273763611,1.446740789,0.02973729487,0.1023151184,-0.5840691223,1.382224985,1.58714141,-1.424559429,1.566052299,0.1219345894,-0.006828720054,0.1055096716,-1.347107372,1.619100692,1.27013118,1.443321465,0.03615351358,0.1055429376,-0.5892962205
5.97,22.154,-0.05724506062,-0.08572068118,-0.05151911046,-0.005151911046,298,-0.05346211304,-0.08528681434,-0.02103186118,-0.007697055561,0.006145013535,-0.00723529062,0.0001769506743,0.000253755007,-0.1297710985,-0.3831015527,-0.1297710985,-0.3831015527,0,0.004198447058,-0.01298181391,0.008353513938,0.7173421337,0.142861,0.005722889708,0.0002489258751,0.0003303802222,0.0005032642051,0.00072384602,ok,4,1,1.383900454,1.587421228,-1.423182226,1.56641181,0.1187126826,-0.005243001012,0.1079744575,-1.348846592,1.620844249,1.273270198,1.446216871,0.03043062388,0.1025582217,-0.5847221012,1.382032518,1.587237494,-1.424824091,1.566015661,0.1224820387,-0.007014026841,0.1050407136,-1.346650238,1.61824012,1.268786292,1.442932311,0.03760404521,0.105950637,-0.5906630465
5.98,22.164,-0.05775911841,-0.08577208696,-0.05129210786,-0.005129210786,299,-0.05410512455,-0.08536441139,-0.03487858918,-0.008624266159,0.005900587266,-0.007884686773,0.0001069227772,0.0001564708174,0.1523459852,-0.3191640377,0.1523459852,-0.3191640377,0,0.008185777043,-0.01267214734,0.008337967497,0.6360647516,0.180128,0.006336191441,3.884068888e-05,0.0001118794066,0.0002558823898,0.0004841079465,ok,4,1,1.383648974,1.587298864,-1.423642645,1.566390627,0.1191723946,-0.005458395488,0.1077534225,-1.348709799,1.620447458,1.272967785,1.445759637,0.03126785377,0.1029275604,-0.5855574909,1.381289099,1.583615678,-1.420760669,1.565979191,0.119216426,-0.007721901639,0.10885924,-1.346602442,1.618694856,1.269195176,1.442544868,0.03762850129,0.1062990853,-0.5904377163
5.99,22.174,-0.05827089603,-0.08582326472,-0.05106308033,-0.005106308033,299,-0.05389597711,-0.08544064072,-0.02924756426,-0.006583015657,0.006146727582,-0.008480633289,0.000254596797,0.0001115102193,-0.1273836792,-0.4624390006,-0.1273836792,-0.4624390006,0,0.004235972395,-0.0154172183,0.008350907656,0.8150038737,0.152626,0.005644248877,0.0001573740903,5.967766314e-05,0.0007813954208,0.0002825930105,ok,4,1,1.383382131,1.586881753,-1.423101578,1.566207099,0.1192504222,-0.005774053686,0.1077358134,-1.348468579,1.620030872,1.272687297,1.445499885,0.03198425241,0.1033933298,-0.5862029787,1.381559319,1.586815283,-1.424636123,1.565942892,0.1229414207,-0.00746812159,0.1048160235,-1.345842403,1.616855745,1.266545449,1.442159152,0.04013429115,0.1067492421,-0.592985262
6,22.184,-0.05878037329,-0.08587421245,-0.05083203692,-0.005083203692,300,-0.0553313268,-0.08548384946,-0.03990503664,-0.005484330571,0.005949150023,-0.009283252102,0.0001781852101,0.0002107484271,-0.1224258766,-0.3567430079,-0.1224258766,-0.3567430079,0,0.004112761875,-0.01463439722,0.008350120229,0.6812661523,0.1751,0.007175307723,9.991604948e-05,5.210973633e-05,0.0004983806925,0.0007255374338,ok,4,1,1.383106782,1.586761042,-1.423641455,1.566267752,0.1196033105,-0.005951974795,0.1075987839,-1.348185876,1.619698285,1.271803961,1.445051113,0.03295898343,0.1037594253,-0.5869049685,1.381342492,1.586727545,-1.424684593,1.565906765,0.1232945667,-0.007676361027,0.1045639838,-1.345907122,1.617663472,1.267427334,1.441775178,0.03977164495,0.1070777808,-0.592329605
6.01,22.194,-0.05928753008,-0.08592492813,-0.05059898675,-0.005059898675,300,-0.05553826623,-0.0855483616,-0.02349399692,-0.005754802501,0.005747240413,-0.009920331522,6.60084157e-05,7.747669051e-05,-0.09694273025,-0.4554613829,-0.09694273025,-0.4554613829,0,0.004293099459,-0.01675225227,0.008348255826,0.7950005672,0.146887,0.005958112527,9.10829282e-05,2.615767809e-05,0.0001681754689,0.0002529385801,ok,4,1,1.382882419,1.586665376,-1.423727999,1.566205422,0.1200254381,-0.006166583095,0.1071847513,-1.347943361,1.619469804,1.271389964,1.444659379,0.03381353242,0.1041702061,-0.5876212046,1.381088012,1.586379933,-1.424429767,1.565870811,0.1233790659,-0.007920436495,0.1046131988,-1.345288493,1.616296798,1.265403832,1.441392962,0.04176353809,0.1075116402,-0.5943050509
6.02,22.204,-0.05979234637,-0.08597540976,-0.05036393902,-0.005036393902,301,-0.05610406524,-0.08558899646,-0.01831019587,-0.005466726842,0.005580550011,-0.01071984651,4.652198866e-05,8.833117659e-05,0.1357860118,-0.4450923204,0.1357860118,-0.4450923204,0,0.007617340188,-0.01739623131,0.008335242069,0.782344705,0.099435,0.007030147031,8.135077622e-06,2.849635569e-05,9.055241125e-05,0.0003150750797,ok,4,1,1.382675447,1.58667414,-1.423686134,1.566169926,0.1204386013,-0.006366993753,0.1068211419,-1.347613858,1.619116834,1.270629726,1.44428403,0.03473339106,0.1045659799,-0.5883690133,1.380432844,1.583332381,-1.42103077,1.565835032,0.1206903228,-0.008546987094,0.1077762607,-1.345018191,1.616033763,1.264855983,1.441012519,0.04255683811,0.107889873,-0.5949426858
6.03,22.214,-0.06029480223,-0.08602565534,-0.05012690301,-0.005012690301,301,-0.05598342429,-0.08564110473,-0.02045999638,-0.00597641608,0.005783189429,-0.0115219633,0.0002408384187,0.0001307654132,0.09133404493,-0.3666390479,0.09133404493,-0.3666390479,0,0.007153200103,-0.01702154902,0.00833570771,0.6898208576,0.122614,0.006933051847,0.0001785628036,1.762250329e-05,0.0007596119689,0.0003695057936,ok,4,1,1.382474356,1.586433545,-1.423148122,1.566045246,0.1205335044,-0.006651269511,0.1068247024,-1.347251313,1.618731924,1.269989225,1.443961935,0.03562378627,0.1049783835,-0.5891711039,1.380262793,1.583540495,-1.421421164,1.565799428,0.1213401457,-0.008711061565,0.107188277,-1.34499034,1.616531919,1.265328134,1.440633864,0.04252199484,0.1082265947,-0.5946564523
6.04,22.224,-0.06079487783,-0.0860756629,-0.04988788807,-0.004988788807,302,-0.05649618522,-0.0857048166,-0.0555089023,-0.005845826106,0.00592690163,-0.01218258118,0.0001866822593,0.000131224316,0.5467336178,-0.4579742849,0.5467336178,-0.4579742849,0,0.0141279059,-0.01905219545,0.008311227519,0.8758647154,0.107911,0.006067524695,5.637780093e-05,4.988769755e-05,0.0004997326401,0.0004089069295,ok,4,1,1.382230812,1.586118413,-1.423129047,1.565977238,0.1205914574,-0.006910657241,0.1069845889,-1.346997874,1.618409854,1.269510826,1.44358755,0.03645447015,0.1053690039,-0.5898703855,1.379115056,1.577365655,-1.4143704,1.565764002,0.1154249465,-0.009756265725,0.1139675242,-1.344392431,1.61523006,1.263390387,1.440257012,0.04443755919,0.1086567137,-0.5965496062
6.05,22.234,-0.06129255342,-0.08612543046,-0.04964690364,-0.004964690364,302,-0.05628668985,-0.08574144645,-0.03635312522,-0.005356343432,0.006842647398,-0.0130106397,0.0005225239431,0.0003428290779,-0.8757777214,0.4467877746,-0.8757777214,0.4467877746,0,-0.006294018423,-0.006308823085,0.008383751205,1.397193594,0.050965,0.007823198966,0.0002754400809,2.115703153e-05,0.001584120484,0.0009908558768,ok,4,1,1.381944677,1.585188854,-1.421761046,1.565856785,0.1201423136,-0.007256900579,0.1075966401,-1.346586746,1.617980784,1.268713497,1.443288077,0.03727944897,0.1057697809,-0.5905882743,1.381465238,1.594725076,-1.434721774,1.565728755,0.1336772391,-0.007434463198,0.09362470415,-1.347239166,1.624994617,1.276244075,1.439881979,0.03436185517,0.1085555832,-0.585053132
6.06,22.244,-0.06178780937,-0.08617495606,-0.04940395924,-0.004940395924,303,-0.05944225744,-0.08588462958,-0.2072238686,-0.002277649599,0.005464303521,-0.01225015434,0.0009407359081,0.0005974321125,-0.5686534047,0.1292402148,-0.5686534047,0.1292402148,0,-0.00306549755,-0.01031155112,0.008369760816,1.027098387,0.127658,0.01333976351,0.000765369494,0.0004969062707,0.003208991462,0.001379567613,ok,4,1,1.381555004,1.586064092,-1.42488337,1.566013095,0.1209383869,-0.007302510031,0.1069644677,-1.347184903,1.618729456,1.270143504,1.442640418,0.03753987774,0.1061508045,-0.5904293124,1.380854923,1.59175798,-1.431420868,1.565693687,0.1310703108,-0.008074704123,0.09669348379,-1.346208495,1.622202896,1.272334395,1.439508779,0.0378783248,0.1090256282,-0.5887362733
6.07,22.254,-0.06228062611,-0.08622423773,-0.04915906445,-0.004915906445,303,-0.0595694489,-0.08586392799,0.1211621619,-0.0004120608461,0.004490737371,-0.01200108717,0.000525431722,0.0002862508274,-0.5484847426,-0.3121957481,-0.5484847426,-0.3121957481,0,-0.003736533769,-0.01668402339,0.008371112704,0.959900198,0.065114,0.008769120042,0.00030876442,9.514496063e-05,0.001644369544,0.0007016746909,ok,4,1,1.381518699,1.58660777,-1.424992467,1.566147319,0.1223011907,-0.007339606293,0.1052711889,-1.346894796,1.619321065,1.270035591,1.442285691,0.03756220349,0.1065769184,-0.5898526741,1.380711349,1.592148024,-1.432019288,1.565658801,0.1319001927,-0.008200542709,0.09590463509,-1.344608298,1.617644505,1.266049209,1.439137427,0.04331272401,0.1096013623,-0.5945618539
6.08,22.264,-0.06277098419,-0.08627327354,-0.04891222895,-0.004891222895,304,-0.05954151522,-0.08585369914,0.05046472763,-0.004654563787,0.003501107323,-0.0125161275,0.0002541080786,0.0002660049599,0.3013532758,-0.2208821326,0.3013532758,-0.2208821326,0,0.00802140646,-0.01582935949,0.008326853745,0.5586578885,0.159832,0.008294249195,9.552446442e-05,0.0003679996696,0.000736765712,0.0008274157738,ok,4,1,1.381601978,1.587442775,-1.425271679,1.566130238,0.1236059435,-0.007425882847,0.1039162616,-1.346307839,1.619496212,1.269119391,1.441904465,0.03806112161,0.1068371376,-0.5901401658,1.379021924,1.581856196,-1.420188474,1.565624097,0.1217591532,-0.009905100052,0.1074153994,-1.344696348,1.618495244,1.266999973,1.438767939,0.04288282034,0.1099093848,-0.5938403877
6.09,22.274,-0.06325886425,-0.08632206155,-0.04866346248,-0.004866346248,304,-0.05737719242,-0.08592695119,0.01490670652,-0.008928153554,0.003861879029,-0.01293747191,0.0009617082588,0.0007398080812,0.03848131746,-0.2006990165,0.03848131746,-0.2006990165,0,0.004439098791,-0.01594795716,0.008338192533,0.4876803939,0.176846,0.005314805765,0.0006420550057,0.0001211642962,0.00293463544,0.002229923594,ok,4,1,1.381523754,1.587171001,-1.42389038,1.565649928,0.1237826478,-0.007816229322,0.1038693214,-1.345977273,1.619149782,1.269216734,1.441773386,0.03836388429,0.1072096925,-0.5907909989,1.379258658,1.584747573,-1.423699582,1.565589576,0.1251562302,-0.009676676595,0.1037454784,-1.344554564,1.618617663,1.266975364,1.438400328,0.04324068823,0.1102549028,-0.5939997335
6.1,22.284,-0.06374424704,-0.08637059982,-0.04841277486,-0.004841277486,305,-0.05949095186,-0.08601362988,-0.1918290013,-0.007572610616,0.003932765679,-0.01329455058,0.000210101415,0.0001066093966,0.1918809712,-0.1970870495,0.1918809712,-0.1970870495,0,0.006810980247,-0.01625085632,0.008328787238,0.4906362125,0.167672,0.004400526463,0.0001277184801,6.645824406e-05,0.0005043806966,0.0003232251378,ok,4,1,1.381083016,1.586818553,-1.424612529,1.56565988,0.1238227013,-0.008048035624,0.1043008073,-1.346005971,1.618815755,1.268948934,1.441333431,0.03884016177,0.1074947545,-0.5912403011,1.378733397,1.582526986,-1.421255721,1.565555241,0.1232939872,-0.01018258976,0.1059691184,-1.344369814,1.618601398,1.266765687,1.438034611,0.04374652389,0.1106062379,-0.5943254563
6.11,22.294,-0.06422711338,-0.08641888646,-0.04816017598,-0.004816017598,305,-0.06037135472,-0.08606577226,-0.06932125794,-0.00441874883,0.004292959582,-0.01364262934,9.004189152e-05,9.614517952e-05,-0.5239091516,0.03674799949,-0.5239091516,0.03674799949,0,-0.003565677692,-0.01309140935,0.008365467354,0.8896665187,0.24591,0.004323959743,2.235197238e-05,6.008563861e-05,0.0002534407065,0.000290426108,ok,4,1,1.380702969,1.586076335,-1.424334756,1.565728789,0.1237965739,-0.0082852044,0.1044771427,-1.345887054,1.618720023,1.26863819,1.44086789,0.03942256415,0.107851646,-0.5915381131,1.379806052,1.591261415,-1.431561662,1.565521092,0.1326899153,-0.00906738892,0.09558047751,-1.344993147,1.62117234,1.270022447,1.4376708,0.04144504949,0.1108236347,-0.5915184336
6.12,22.304,-0.06470744422,-0.08646691954,-0.04790567583,-0.004790567583,306,-0.06213587929,-0.08613574886,-0.07466553771,-0.003366645487,0.00347704596,-0.01357213145,0.0005400874396,0.0004418024402,-0.6703280807,0.1158363,-0.6703280807,0.1158363,0,-0.00657787525,-0.01183458695,0.008375950437,1.129024819,0.248053,0.00818999029,0.0004557392929,0.0001366431342,0.00167411818,0.001287587855,ok,4,1,1.380470397,1.586364491,-1.425783011,1.565862747,0.124570007,-0.008350542181,0.1037704678,-1.345938317,1.619068077,1.268874682,1.440330848,0.03989593621,0.108197667,-0.5916136118,1.379947475,1.593670642,-1.43450253,1.56548713,0.1355814926,-0.008873493789,0.09248021962,-1.345171235,1.622319555,1.271373418,1.437308912,0.04068471227,0.1111124389,-0.5904332875
6.13,22.314,-0.06518522059,-0.08651469718,-0.04764928444,-0.004764928444,306,-0.06261455998,-0.08617290972,0.02808766061,-0.00253765316,0.002350606193,-0.01336816577,0.0004948271903,0.0003408136731,0.07675658911,0.218015343,0.07675658911,0.218015343,0,0.00350195503,-0.01009793562,0.008336796332,0.4228248711,0.19054,0.009869232641,0.0002985866137,0.0001036837152,0.001505624423,0.0009424442444,ok,4,1,1.380390203,1.587233887,-1.426640265,1.565899269,0.1257273837,-0.008408042323,0.1023494523,-1.345868397,1.619595726,1.269211685,1.439939578,0.0401761488,0.1086121806,-0.5914913252,1.378501833,1.584822247,-1.424352837,1.565453357,0.1269089672,-0.0104023518,0.1023279132,-1.345460406,1.623823975,1.273204258,1.436948959,0.03953466194,0.1113812447,-0.5889144864
6.14,22.324,-0.06566042364,-0.08656221748,-0.04739101193,-0.004739101193,307,-0.06020709212,-0.0862085883,0.04633384401,-0.003990157073,0.002354511088,-0.01305022102,0.000782971955,0.0006352689117,0.1837458462,-0.1518324465,0.1837458462,-0.1518324465,0,0.005110698781,-0.01532770771,0.008330117229,0.4118096783,0.106651,0.003843505813,0.0004425638598,9.148014043e-05,0.002364255112,0.002019320741,ok,4,1,1.380465767,1.587379358,-1.425355994,1.565442339,0.1261643915,-0.008712172233,0.101766668,-1.345549364,1.619980469,1.269800377,1.439940528,0.03993328882,0.1090765155,-0.5912218357,1.378078968,1.583261261,-1.422673641,1.565419774,0.1257148525,-0.01081039797,0.1037986164,-1.344140694,1.620118361,1.268060733,1.436590958,0.0440270128,0.1119054842,-0.5936947904
6.15,22.334,-0.06613303459,-0.08660947858,-0.04713086851,-0.004713086851,307,-0.0616025834,-0.08623023905,-0.1098630325,-0.005817346653,0.002613978718,-0.01328681573,0.0004177937646,0.0002389554598,-0.0479590036,-0.5897973776,-0.0479590036,-0.5897973776,0,0.001894593664,-0.02213377639,0.008340234167,0.9708920049,0.124029,0.003946499637,0.000338029645,0.0001996871547,0.00133143335,0.0007121839952,ok,4,1,1.380194555,1.586977497,-1.425193983,1.565495613,0.1262813085,-0.008922109689,0.1020968678,-1.345257029,1.619938112,1.269159067,1.439535869,0.04008051316,0.1092729027,-0.5912273796,1.378272658,1.585843976,-1.425820394,1.565386382,0.128785112,-0.0106106903,0.1004971998,-1.342422217,1.615248886,1.261334058,1.436234922,0.04978943321,0.1125255382,-0.59989373
6.16,22.344,-0.06660303481,-0.0866564786,-0.04686886445,-0.004686886445,308,-0.0642053266,-0.08624997529,-0.09081685468,-0.006409545167,0.002588108375,-0.01423038196,0.0004739185294,0.0006101154258,-0.8784718513,0.2471622527,-0.8784718513,0.2471622527,0,-0.0105889694,-0.01052294817,0.008386819574,1.414507901,0.26948,0.008614517799,0.000108031099,0.0003794116163,0.001171274695,0.002099298369,ok,4,1,1.379796015,1.586493917,-1.425813977,1.565876612,0.1265791885,-0.00902306276,0.1021819989,-1.345011652,1.619628038,1.267900868,1.438759491,0.04117491541,0.1094161758,-0.5920462844,1.379559398,1.59640238,-1.438232856,1.565353183,0.1400432418,-0.009145326516,0.08803691994,-1.345029202,1.624115472,1.273052985,1.435880865,0.0406425012,0.1123827193,-0.5894533147
6.17,22.354,-0.06707040571,-0.08670321569,-0.04660501008,-0.004660501008,308,-0.06483098942,-0.08639253632,-0.07892966583,-0.004982946838,0.001177609418,-0.01384529277,0.0007567304666,0.0004463640217,-0.6048521996,0.4332193434,-0.6048521996,0.4332193434,0,-0.007895173575,-0.007347002615,0.008374843716,1.04011425,0.226409,0.01294555564,0.0006152241099,0.000341039389,0.00244283577,0.001254403043,ok,4,1,1.379610709,1.587458021,-1.428046644,1.565789173,0.1275151582,-0.009121961056,0.1009824756,-1.345451879,1.620182858,1.269414591,1.438301626,0.0417883242,0.1099226733,-0.5924669786,1.379032918,1.593906329,-1.435470671,1.565320177,0.1378901614,-0.009716705636,0.09058133308,-1.345642004,1.626692202,1.276321544,1.435528802,0.03832227653,0.1125975042,-0.5866341064
6.18,22.364,-0.06753512887,-0.08674968801,-0.04633931583,-0.004633931583,309,-0.06363427807,-0.08643663706,0.08448284288,-0.00220329745,8.416337878e-05,-0.01314291547,0.0001828959199,0.0004487564463,-0.4195276499,-0.2584503591,-0.4195276499,-0.2584503591,0,-0.006208751369,-0.01701967086,0.008367154693,0.7923041108,0.167516,0.009188658108,0.0001080740269,0.0004125757282,0.0002175554367,0.001493239718,ok,4,1,1.379664924,1.588455883,-1.428297425,1.565464073,0.1287015033,-0.009239520096,0.09936094639,-1.345425191,1.620813936,1.270503783,1.438366875,0.0415235141,0.1105559383,-0.5918620775,1.378620349,1.592279477,-1.433715819,1.565287367,0.1366245444,-0.01014435469,0.0921309852,-1.343304695,1.619666801,1.266728686,1.435178747,0.04640211074,0.113285199,-0.5954218548
6.19,22.374,-0.06799718593,-0.08679589371,-0.04607179218,-0.004607179218,309,-0.06482048614,-0.08639567992,0.03667535668,-0.003837524834,-0.0006973155502,-0.01354993581,0.0002973017048,0.0001863604784,0.1463232934,-0.05878004804,0.1463232934,-0.05878004804,0,0.001497533852,-0.01443163653,0.008337135192,0.3742610016,0.228236,0.006803760326,0.0002243041446,0.0003153271671,0.0009262538913,0.0006891183981,ok,4,1,1.37963896,1.589222075,-1.428556536,1.565604447,0.1298207841,-0.009251257696,0.0983870031,-1.344849944,1.621012569,1.269251767,1.438022417,0.04182139466,0.1107984692,-0.5917445093,1.377474156,1.585479465,-1.425941893,1.565254752,0.1300326463,-0.01137024089,0.09963156455,-1.343801699,1.621795673,1.269410039,1.434830713,0.04455637589,0.113500405,-0.5931344683
6.2,22.384,-0.06845655866,-0.08684183099,-0.04580244969,-0.004580244969,310,-0.06312610304,-0.08647209775,-0.01650885204,-0.007249702471,-0.0005749285888,-0.01367507176,0.0007023348566,0.0006767216585,0.2865821421,-0.0784509778,0.2865821421,-0.0784509778,0,0.003723803543,-0.01485183642,0.008328136832,0.5603214587,0.191008,0.003517536223,0.0004626815289,0.0001103495768,0.002025903082,0.002171986273,ok,4,1,1.379578161,1.588997001,-1.427876412,1.56529187,0.1301242885,-0.009573003505,0.09831766307,-1.344590531,1.621052969,1.26956689,1.437720891,0.0420075968,0.1110759422,-0.5921176626,1.3769858,1.583393786,-1.4236475,1.565222334,0.1282833991,-0.01185779919,0.1017160453,-1.343597519,1.621679948,1.269078372,1.434484715,0.04514312127,0.1138365245,-0.5935628407
6.21,22.394,-0.0689132289,-0.08688749801,-0.045531299,-0.0045531299,310,-0.06402299949,-0.08653942288,-0.1486075748,-0.006547646647,-0.0001079595789,-0.01382263593,0.0005352909372,0.0003904767719,-0.6066462398,-0.004723543301,-0.6066462398,-0.004723543301,0,-0.009207653175,-0.01389348907,0.008374987438,0.9995496909,0.126847,0.004845311056,0.0002580790893,4.460445474e-05,0.001565043608,0.001221743913,ok,4,1,1.379230969,1.588239097,-1.42759632,1.565192775,0.1300506285,-0.009839076898,0.09881534594,-1.344547618,1.620796465,1.269524899,1.437367229,0.04215398883,0.1113205041,-0.5923080649,1.378355161,1.594335653,-1.436510326,1.565190115,0.1399445079,-0.0103330187,0.08881984904,-1.343711077,1.622592014,1.270126198,1.434140767,0.04461315247,0.1141178949,-0.5927465222
6.22,22.404,-0.06936717864,-0.08693289298,-0.04525835082,-0.004525835082,311,-0.0677210801,-0.08660538078,-0.1390472154,-0.003232498329,-0.00101908777,-0.01378299238,0.0008812797687,0.0006769224284,-0.3174331188,-0.6173498631,-0.3174331188,-0.6173498631,0,-0.005780584553,-0.02304324033,0.008360763864,0.957087461,0.107523,0.009463159196,0.0005424170357,7.550870194e-05,0.002756865441,0.002050776132,ok,4,1,1.378777599,1.588499665,-1.429755505,1.565623,0.1308405659,-0.009834153369,0.09828300823,-1.344770496,1.621081429,1.269474874,1.436600487,0.04268181215,0.1115341244,-0.5923378549,1.377738588,1.5912166,-1.433016587,1.565158079,0.1371325033,-0.01099314925,0.09209177818,-1.341455263,1.615977423,1.261048956,1.433798882,0.05225268676,0.1148338462,-0.601046542
6.23,22.414,-0.06981838996,-0.08697801412,-0.04498361591,-0.004498361591,311,-0.06822651926,-0.08659084349,0.1341554973,-0.004809645936,-0.001546716468,-0.01477920332,0.0006468996634,0.0007448045257,0.06007230282,-0.392486304,0.06007230282,-0.392486304,0,-0.0006456319255,-0.02066649788,0.008340561128,0.6947660781,0.079721,0.008625467382,0.0001704393043,0.0003159344966,0.001644511366,0.002558029933,ok,4,1,1.378673483,1.588543268,-1.429488717,1.565859359,0.13193452,-0.009924223804,0.09707397875,-1.344202246,1.620700869,1.268062059,1.436070343,0.04362721938,0.1118269395,-0.5929161478,1.37690756,1.586631863,-1.427813208,1.565124783,0.132805219,-0.01187749556,0.09704847748,-1.341914436,1.61793875,1.26351721,1.433459079,0.05057488016,0.1150374088,-0.5989476341
6.24,22.424,-0.07026684504,-0.08702285962,-0.04470710513,-0.004470710513,312,-0.0657923912,-0.08666253469,0.09527774636,-0.005239500927,-0.001526534846,-0.01554985972,0.0006182800673,0.0003080005365,0.2147552967,-0.3811228275,0.2147552967,-0.3811228275,0,0.001694794605,-0.02126670214,0.008330976799,0.6916837486,0.225243,0.006190899709,0.0003674461197,0.000121110822,0.002070482452,0.0006874128022,ok,4,1,1.378734546,1.588579484,-1.428504593,1.565326345,0.1322693484,-0.01027675643,0.09666741592,-1.343747503,1.620201385,1.267873872,1.436018829,0.04438398045,0.1122797121,-0.5938361728,1.376413656,1.584451191,-1.425404327,1.565091699,0.1309484345,-0.01238344011,0.09924426956,-1.341667037,1.617686354,1.263001919,1.433121366,0.05130081794,0.1153773089,-0.5995320743
6.25,22.434,-0.07071252618,-0.08706742774,-0.04442882938,-0.004442882938,312,-0.06568399195,-0.08672144076,-0.08768718134,-0.007079414912,-0.001222746871,-0.0162701025,0.0007361745376,0.0004193942529,0.04653096944,-0.2909442782,0.04653096944,-0.2909442782,0,-0.0005247823299,-0.02063426667,0.008338020191,0.5949586784,0.173212,0.00622098335,0.0003171603065,3.868774168e-05,0.002335022771,0.001164719427,ok,4,1,1.378544447,1.588264988,-1.42823191,1.565051892,0.1321454416,-0.01055641126,0.09704158517,-1.343482637,1.619649617,1.267395491,1.435908387,0.04507983459,0.1127029718,-0.5945857835,1.376481415,1.586189488,-1.427555641,1.565058826,0.1331278772,-0.01228108526,0.09693487844,-1.341710369,1.618349395,1.263720936,1.432785757,0.05102942137,0.1156600238,-0.5990052255
6.26,22.444,-0.07115541578,-0.0871117167,-0.04414879966,-0.004414879966,313,-0.06748164919,-0.08679320255,-0.1334072402,-0.00566138417,-0.001112622991,-0.01677873359,0.0001338765971,0.0001043566652,0.691988945,-0.4169185758,0.691988945,-0.4169185758,0,0.009267211184,-0.02303251222,0.00830357406,1.100734896,0.172031,0.005172055595,5.845638526e-05,9.939652136e-05,0.0004167932815,0.000262255514,ok,4,1,1.378117312,1.587942779,-1.428701925,1.565171788,0.132086265,-0.01073176744,0.09733515779,-1.343427781,1.619445731,1.266948504,1.43546764,0.04585736578,0.1130281345,-0.5951344741,1.375029715,1.577618924,-1.417694576,1.565026166,0.1246630729,-0.01373504089,0.1064968064,-1.341035786,1.616760436,1.261402617,1.432452266,0.05320367591,0.1160832926,-0.601208043
6.27,22.454,-0.07159549636,-0.08715572476,-0.04386702703,-0.004386702703,313,-0.06704780914,-0.08681597028,-0.01091919513,-0.003898564849,5.972187312e-05,-0.0175277069,0.0005716250598,0.0002674033732,-0.5352196693,0.4589665532,-0.5352196693,0.4589665532,0,-0.007968573167,-0.0106432086,0.008363524845,0.8718154932,0.13018,0.009212514229,0.0003075114215,3.135577604e-05,0.001811168444,0.0006747106458,ok,4,1,1.377825971,1.586831438,-1.426857947,1.565073786,0.1314276827,-0.0110982605,0.09805602458,-1.343037684,1.619137357,1.266179006,1.435175302,0.04661320472,0.1134053843,-0.5957393957,1.37697803,1.592252526,-1.434863413,1.56499372,0.1401458376,-0.01165434463,0.08935198937,-1.343818091,1.626166997,1.273895026,1.432120905,0.04343390645,0.1158532169,-0.5900891963
6.28,22.464,-0.07203275055,-0.08719945018,-0.04358352259,-0.004358352259,314,-0.06981833766,-0.08694030736,-0.1789723778,-0.00247295985,-0.0007523843926,-0.01673995698,0.0007234179305,0.0005472073771,-0.6644695401,0.167791307,-0.6644695401,0.167791307,0,-0.01071942749,-0.01422308738,0.008373150278,1.141899224,0.092799,0.00858954817,0.000590581617,0.0004606692791,0.002493197665,0.001328261517,ok,4,1,1.377443471,1.587342349,-1.429195737,1.565189147,0.1317561807,-0.01120583309,0.09794153754,-1.343592585,1.619874511,1.267605617,1.434610668,0.0467656818,0.1137407639,-0.5955387049,1.377099802,1.594452925,-1.437546589,1.564961489,0.1427932315,-0.01145696476,0.0865225453,-1.342893184,1.623687011,1.270395336,1.431791688,0.04656239959,0.1162990234,-0.5933590913
6.29,22.474,-0.07246716108,-0.08724289123,-0.04329829756,-0.004329829756,314,-0.0712023121,-0.08692359836,0.06117131444,0.0001505725923,-0.001831963221,-0.01640157446,0.0009720458359,0.0006378271469,0.03254070133,0.35721457,0.03254070133,0.35721457,0,-0.001343852701,-0.01104335591,0.008336852712,0.6097667423,0.061139,0.009974796087,0.0005070979161,8.419606488e-05,0.003066310283,0.001876844805,ok,4,1,1.377341053,1.588003741,-1.430095619,1.565513274,0.1329472724,-0.01118433297,0.09649734139,-1.34346191,1.620613367,1.267564062,1.434133872,0.04687467747,0.1140955835,-0.5949566068,1.375775674,1.586229168,-1.428106105,1.564929475,0.1346968532,-0.0129312353,0.09566884839,-1.343517594,1.626242009,1.273661729,1.431464628,0.04422867888,0.1164733105,-0.5905382562
6.3,22.484,-0.0728987108,-0.0872860462,-0.04301136318,-0.004301136318,315,-0.0677404451,-0.08695318242,0.1086504705,-0.003606950248,-0.001904289107,-0.01585463001,0.0007436766265,0.0007082228628,0.1353792846,-0.08177544177,0.1353792846,-0.08177544177,0,0.0001264001621,-0.01708126163,0.008330548819,0.3345070683,0.116939,0.005216629544,0.0003687419496,4.942225524e-05,0.002191629281,0.002262769942,ok,4,1,1.377592427,1.588148256,-1.428606733,1.564971112,0.1335132469,-0.01144076212,0.09568434654,-1.343075726,1.621289241,1.2684451,1.434192252,0.04644916302,0.114517509,-0.5944881241,1.375396314,1.584803185,-1.426569812,1.564897679,0.1336009343,-0.01331543228,0.09700874307,-1.342023172,1.621933719,1.267699306,1.431139739,0.0493370189,0.1170247383,-0.5960186365
6.31,22.494,-0.07332738268,-0.08732891339,-0.04272273079,-0.004272273079,315,-0.06919336139,-0.08697134869,-0.1272811872,-0.006095388594,-0.001735644412,-0.01595222334,0.0003781679841,0.0002648724662,0.2503242493,0.02540254407,0.2503242493,0.02540254407,0,0.002019219327,-0.01557118517,0.008322760564,0.4889257862,0.122915,0.003101633792,0.0003533225669,0.0002443026487,0.001186828842,0.0007870982059,ok,4,1,1.377326315,1.587904819,-1.42841981,1.565010215,0.1337175218,-0.01161554573,0.09587800085,-1.342840417,1.621270651,1.267917623,1.433833491,0.04637657509,0.1146543425,-0.5943835859,1.37496609,1.583015561,-1.424611392,1.564866102,0.1321284374,-0.01375578311,0.09876653622,-1.342273987,1.62323983,1.269294166,1.430817033,0.04834946662,0.1172545227,-0.5947018933
6.32,22.504,-0.0737531598,-0.0873714911,-0.04243241177,-0.004243241177,316,-0.06963110752,-0.08704041024,-0.08018769493,-0.005490421596,-0.001308638383,-0.01591108262,0.0003605566628,0.0001887864337,-0.001810354646,0.274756074,-0.001810354646,0.274756074,0,-0.001335793703,-0.01178974151,0.008333786829,0.4977783801,0.216388,0.004154682402,0.0001503502319,7.938269873e-05,0.001094307531,0.0004146963288,ok,4,1,1.377003954,1.587170243,-1.428162813,1.564995916,0.1336220203,-0.01187592221,0.09630433604,-1.3428447,1.621406511,1.268183723,1.433352337,0.04658126331,0.1148827414,-0.5945046041,1.375184084,1.585736008,-1.427900987,1.564834744,0.1353078904,-0.01348848701,0.09534232177,-1.343038831,1.626236774,1.273161506,1.430496524,0.04552676499,0.117394797,-0.591340425
6.33,22.514,-0.07417602533,-0.08741377765,-0.0421404176,-0.00421404176,316,-0.07073769495,-0.08711659884,-0.1025321508,-0.004186310674,-0.001267797024,-0.01543498421,0.0001308627223,0.0001267405576,-0.1945723444,0.3790445924,-0.1945723444,0.3790445924,0,-0.00418638219,-0.009749315322,0.008343084884,0.6307049181,0.172377,0.004433481552,0.0001610473635,0.0001587305308,0.0004016460017,0.0003176484956,ok,4,1,1.376679303,1.586792032,-1.428540018,1.564989408,0.1336795437,-0.0120737525,0.09638515049,-1.343055621,1.621803293,1.268978216,1.432966628,0.04656636671,0.1152048651,-0.5942645009,1.375339067,1.588024624,-1.430686496,1.564803608,0.138039407,-0.01328406285,0.09241766375,-1.34340381,1.627936182,1.275285266,1.430178223,0.04410858342,0.1176045055,-0.5895468477
6.34,22.524,-0.07459596261,-0.08745577138,-0.0418467598,-0.00418467598,317,-0.07164857692,-0.0871615064,-0.05575671287,-0.002020301384,-0.00155793592,-0.01477581117,0.000181777175,0.000234980914,-0.6582964659,-0.08224476874,-0.6582964659,-0.08224476874,0,-0.01143238291,-0.0160094827,0.008369470845,1.077545877,0.159982,0.005593591434,0.0002368341346,0.0001514328382,0.0005071390125,0.0006595386859,ok,4,1,1.376431833,1.586773102,-1.428886358,1.565012331,0.1341066191,-0.01220485341,0.0959319835,-1.343166152,1.622485464,1.269691674,1.432632197,0.04634932742,0.1155272412,-0.5936766864,1.376007464,1.594094595,-1.437866433,1.564772694,0.1446668859,-0.01245161964,0.08515652473,-1.341869303,1.623459518,1.269098888,1.429862145,0.04938711581,0.1181560969,-0.5952216116
6.35,22.534,-0.07501295502,-0.08749747062,-0.04155144996,-0.004155144996,317,-0.07414992195,-0.08715002717,-0.004863985314,-0.003284665067,-0.002616784661,-0.01482661792,0.0009550662992,0.0008497784219,-0.2489535809,-0.1649118066,-0.2489535809,-0.1649118066,0,-0.006351088373,-0.01730029501,0.008349052509,0.5118652634,0.331913,0.00965335315,0.000366310505,0.0002385320361,0.002664882163,0.002821620851,ok,4,1,1.376261329,1.587471827,-1.43015181,1.565396937,0.1352443209,-0.01213019321,0.09480987788,-1.343011331,1.622984835,1.269161178,1.432023352,0.04675131149,0.1157116527,-0.5935488606,1.375216074,1.589568172,-1.432722341,1.564740713,0.1403629735,-0.01334434914,0.09006385913,-1.341468514,1.622680858,1.267885991,1.429546693,0.05065263701,0.1185064707,-0.5964231936
6.36,22.544,-0.07542698614,-0.08753887373,-0.04125449973,-0.004125449973,318,-0.07246783626,-0.08718988004,0.1275089445,-0.006010978708,-0.003169938727,-0.01509685382,0.0001739523758,0.0002030639561,-0.2952888906,-0.2114740759,-0.2952888906,-0.2114740759,0,-0.007599272086,-0.01826896496,0.008352632293,0.5478854045,0.253792,0.00417148995,0.0001409401174,0.0001972628852,0.0006141048929,0.0006554626427,ok,4,1,1.376339723,1.58783045,-1.429751749,1.565176749,0.1361914836,-0.01229898976,0.09373323265,-1.342666869,1.623009334,1.269212443,1.43180207,0.04714296318,0.1160567076,-0.5939032147,1.375176699,1.590484009,-1.433906659,1.564708883,0.1416703376,-0.01334837977,0.08872477198,-1.341143766,1.622140322,1.266995202,1.429233396,0.0516564735,0.1188403881,-0.5973343712
6.37,22.554,-0.07583803959,-0.08757997908,-0.04095592085,-0.004095592085,318,-0.07245219124,-0.08724850456,-0.00624144037,-0.006349216071,-0.003728874654,-0.01549090977,0.0001879854857,9.887665124e-05,0.2554182708,-0.1833095998,0.2554182708,-0.1833095998,0,0.0001023994087,-0.01824055377,0.008323777968,0.4618088402,0.083369,0.004833314266,0.0001724629136,8.769899724e-05,0.0006764994509,0.0002023847419,ok,4,1,1.37628705,1.588331827,-1.430223837,1.564973484,0.1368370234,-0.01246839339,0.0932001414,-1.342453297,1.622791506,1.26905581,1.431606859,0.04762533106,0.1164058623,-0.5943857122,1.374048976,1.583713739,-1.426142677,1.56467729,0.135033596,-0.01458144464,0.09622079496,-1.341052188,1.622338351,1.267102556,1.42892237,0.0518547344,0.1191262215,-0.5973488225
6.38,22.564,-0.07624609916,-0.08762078504,-0.04065572511,-0.004065572511,319,-0.07128780502,-0.08730295737,-0.01321004832,-0.005428404379,-0.003379847598,-0.01586639234,0.0008226487588,0.0005164318518,0.1044597849,-0.3735006452,0.1044597849,-0.3735006452,0,-0.001812950825,-0.02146890202,0.008329588713,0.6704629208,0.134706,0.004226068512,0.0003845762982,2.230152351e-05,0.002570107886,0.001488197486,ok,4,1,1.376147393,1.587939808,-1.429412806,1.564656927,0.1368398973,-0.01277707892,0.0933378749,-1.342193261,1.622525817,1.268941081,1.431518182,0.04797126336,0.1167988898,-0.5947883547,1.374098248,1.585204113,-1.427995173,1.564645934,0.1369300922,-0.01449661078,0.0942241824,-1.340201707,1.620120493,1.263947159,1.428613628,0.05467589257,0.1195631827,-0.600288833
6.39,22.574,-0.07665114874,-0.08766128999,-0.04035392434,-0.004035392434,319,-0.07323508971,-0.08734278773,-0.1240635199,-0.005517328256,-0.003177306194,-0.01649742564,0.0001529385783,0.0001123378525,-0.8363633156,0.5059166551,-0.8363633156,0.5059166551,0,-0.01572275593,-0.008908675811,0.008381255037,1.331825362,0.141292,0.005986878943,6.422897895e-05,0.0001083726624,0.0005102201132,0.0004429420208,ok,4,1,1.375776899,1.587549364,-1.42970998,1.564794233,0.1367725776,-0.01295227657,0.09371371225,-1.342015593,1.622246144,1.268122451,1.431090747,0.04868901362,0.1170370693,-0.5953218526,1.375556708,1.597007278,-1.441839136,1.564614816,0.1494690383,-0.01269948748,0.08039545862,-1.342997036,1.629618368,1.276601645,1.428307182,0.04476988684,0.1192891733,-0.5890426029
6.4,22.584,-0.07705317234,-0.08770149235,-0.04005053047,-0.004005053047,320,-0.07474928913,-0.08747585408,-0.1454246435,-0.00139907505,-0.004525186706,-0.01564039338,0.0005616822849,0.0004793816106,-0.2522619665,-0.3108142614,-0.2522619665,-0.3108142614,0,-0.008309116203,-0.02030260731,0.008351194451,0.5502392918,0.147307,0.01227826435,0.0006630772452,0.0004525250663,0.001820043015,0.001161504778,ok,4,1,1.375492152,1.588215727,-1.432138349,1.564822084,0.1378005928,-0.01297648854,0.09267372297,-1.342543718,1.622928557,1.269707228,1.43058734,0.04866737906,0.1173721045,-0.5950306916,1.374517034,1.590478899,-1.434366204,1.564583939,0.1430865491,-0.0139428918,0.08760441804,-1.340282213,1.62133278,1.265270521,1.428003045,0.05416977198,0.1200717727,-0.5993187135
6.41,22.594,-0.07745215408,-0.08774139053,-0.03974555547,-0.003974555547,320,-0.07532416344,-0.08741084339,0.0297081561,-0.0007570712879,-0.004962091403,-0.01612065981,0.0002885307424,0.0005150366362,-0.07998881489,-0.1945046186,-0.07998881489,-0.1945046186,0,-0.006161923626,-0.01903822909,0.008342376895,0.4445672076,0.077783,0.005249730921,4.570504348e-05,0.0002122182241,0.0005334598739,0.001882271984,ok,4,1,1.375427076,1.588408668,-1.431338212,1.56500144,0.1388723482,-0.012996894,0.09136604834,-1.341973998,1.622856,1.26839854,1.430265715,0.04892004106,0.1176181646,-0.5948362005,1.374074723,1.588483755,-1.432157963,1.564553302,0.1413726541,-0.01441207733,0.0896201775,-1.340481024,1.622441707,1.26661358,1.427701229,0.05336571313,0.12029104,-0.5982218276
6.42,22.604,-0.07784807822,-0.08778098294,-0.03943901139,-0.003943901139,321,-0.07459353927,-0.08745477708,0.03297459048,-0.004949020099,-0.005167722531,-0.01648665787,0.0003265987368,0.0002085734564,0.1721218377,-0.6101008654,0.1721218377,-0.6101008654,0,-0.002585894965,-0.02563817085,0.008328502185,0.9492581047,0.184247,0.003966372661,0.0003586351269,0.0002118746901,0.001176442364,0.0007095933131,ok,4,1,1.375407994,1.588763158,-1.43102715,1.564798166,0.1392850556,-0.01321861026,0.09103042095,-1.341678964,1.622892729,1.268215172,1.429954264,0.04939934047,0.1178688393,-0.5953066442,1.37345881,1.585263181,-1.428521499,1.564522907,0.1383872903,-0.01507801072,0.0930463752,-1.338833985,1.617729228,1.260076624,1.427401747,0.05889192152,0.1208988174,-0.6041825504
6.43,22.614,-0.07824092912,-0.08782026803,-0.03913091032,-0.003913091032,321,-0.07487189555,-0.08747833586,-0.006698753734,-0.007626897133,-0.004931675368,-0.01752814341,0.0003379145345,0.0002670089084,-0.8499222398,-0.1098553836,-0.8499222398,-0.1098553836,0,-0.01768050896,-0.01917597416,0.008385258017,1.324103322,0.168048,0.008572533293,0.0002904270884,0.0002764174925,0.001176126936,0.0008222068564,ok,4,1,1.375265985,1.588373502,-1.430788179,1.56477361,0.1393724509,-0.01343824235,0.0912990857,-1.341268345,1.622280847,1.26715219,1.429664948,0.05031938823,0.1181588237,-0.5962584645,1.375044416,1.598090841,-1.443551088,1.564492756,0.1519789934,-0.01307404593,0.07805805248,-1.34026065,1.622679089,1.266627194,1.427104609,0.05390079277,0.1208484607,-0.5984216475
6.44,22.624,-0.07863069128,-0.08785924425,-0.03882126443,-0.003882126443,322,-0.07677844673,-0.08759956991,-0.09065313058,-0.004823984009,-0.006310123313,-0.0177315468,0.000592181446,0.0004807671946,-0.7586598992,0.2542420626,-0.7586598992,0.2542420626,0,-0.0176900218,-0.01391791586,0.008384257758,1.249605351,0.168958,0.01238684542,0.0005908290605,0.0001862497877,0.001861167538,0.001447904116,ok,4,1,1.374996885,1.58909668,-1.43352275,1.564853664,0.1403647293,-0.01343404458,0.0904448979,-1.341522355,1.622265325,1.267572286,1.429194337,0.05115237102,0.1185167138,-0.5969206132,1.374867481,1.597951425,-1.443500539,1.564462849,0.1521772987,-0.01323677786,0.07794884439,-1.341381977,1.626742997,1.27196783,1.426809828,0.04987662974,0.1208758923,-0.5937408402
6.45,22.634,-0.0790173493,-0.08789791005,-0.03851008594,-0.003851008594,322,-0.07603663735,-0.08765504801,0.04701492116,-0.001219167755,-0.007611144975,-0.01734726501,0.0002031007235,0.0003033918693,0.3064272702,-0.6876200438,0.3064272702,-0.6876200438,0,-0.003014735923,-0.02766156567,0.00832721031,1.016766994,0.1621,0.01076366719,0.0002807748501,0.0003849399269,0.0004516308962,0.0007595303977,ok,4,1,1.374984891,1.590163487,-1.434296953,1.564622986,0.1416350805,-0.01344308405,0.08871251158,-1.341579792,1.622695668,1.268441073,1.42912384,0.05125729409,0.1190334874,-0.5967382866,1.372975926,1.585190372,-1.428770173,1.564433187,0.1393310849,-0.01551985955,0.09232073555,-1.338076454,1.616741252,1.258273403,1.426517417,0.06114556943,0.1218263498,-0.6061055623
6.46,22.644,-0.07940088793,-0.08793626391,-0.03819738714,-0.003819738714,323,-0.07542204194,-0.08757410037,0.120435014,-0.004469581591,-0.007206704084,-0.01852712535,0.0006429260246,0.0004256662706,0.3498142958,-0.7044180632,0.3498142958,-0.7044180632,0,-0.001959489647,-0.02909339629,0.008322632288,1.053400902,0.135277,0.009177869255,0.0006907460701,0.0004004181934,0.002176704207,0.001213230863,ok,4,1,1.375032662,1.590186375,-1.432358311,1.564566749,0.1418598526,-0.0136090797,0.08845863032,-1.340657364,1.622292985,1.266431337,1.429016151,0.05196770018,0.1193015655,-0.5972384256,1.372669393,1.58414028,-1.427655857,1.564403771,0.1385774371,-0.01582887096,0.09326268589,-1.337641671,1.615852067,1.256911528,1.426227386,0.0625017092,0.1221762034,-0.6074237922
6.47,22.654,-0.07978129201,-0.08797430432,-0.03788318038,-0.003788318038,323,-0.07566348476,-0.08764215837,-0.1009824556,-0.008656398421,-0.006683623877,-0.01974272527,0.0005316218346,0.0003727508237,-0.2043654025,-0.3956647813,-0.2043654025,-0.3956647813,0,-0.009749104914,-0.02567769699,0.008349723931,0.6897988563,0.188315,0.009440867579,0.0003982426445,0.0002815965082,0.0016457767,0.0009450751496,ok,4,1,1.374841108,1.589554025,-1.43219405,1.564491744,0.1415857499,-0.01387656138,0.08928571528,-1.34027672,1.621552261,1.265411349,1.428589135,0.05306084162,0.1194713024,-0.598575194,1.373439863,1.590685646,-1.435385529,1.564374603,0.1456851637,-0.0148986497,0.08548119331,-1.338366415,1.618536664,1.260408806,1.425939747,0.05995883018,0.1222562345,-0.6043981566
6.48,22.664,-0.08015854655,-0.08801202978,-0.03756747805,-0.003756747805,324,-0.0779166756,-0.08774823178,-0.1312990871,-0.006205615968,-0.006958735707,-0.02042144078,0.0003885789143,0.0003382048433,0.5855811834,-0.6230148077,0.5855811834,-0.6230148077,0,0.001824982044,-0.0297666629,0.008307759128,0.9843455524,0.20145,0.005871436892,0.0003594514124,0.0001763678517,0.00127590667,0.001038720586,ok,4,1,1.374374656,1.589278726,-1.433598192,1.564644707,0.1417828392,-0.01400382092,0.08937365774,-1.340474879,1.620965993,1.265197343,1.428049793,0.05408739329,0.1197731083,-0.599532438,1.371852825,1.58060767,-1.423754737,1.564345684,0.1355757706,-0.01667434894,0.09680001882,-1.337301128,1.61568476,1.256382276,1.425654513,0.06344752519,0.122746496,-0.6080959908
6.49,22.674,-0.08053263663,-0.08804943878,-0.03725029262,-0.003725029262,324,-0.07679655918,-0.08775639042,0.05642873628,-0.003053279528,-0.005955251816,-0.02155940864,0.0004989338783,0.0001745066842,-0.1631506681,-0.0237958543,-0.1631506681,-0.0237958543,0,-0.008402511838,-0.02191634645,0.008342869657,0.3445084596,0.079927,0.008457048847,0.0002572229108,2.133447955e-05,0.001696152752,0.0003041824444,ok,4,1,1.3741941,1.588236114,-1.431464393,1.564462871,0.1414064203,-0.0143227785,0.08959930857,-1.339907684,1.620197945,1.263981515,1.427957448,0.05499047634,0.1202009054,-0.6003173981,1.372935986,1.589245342,-1.43392338,1.564317014,0.1448515049,-0.01541016199,0.0866156765,-1.33907522,1.62163839,1.264322791,1.425371694,0.05733703816,0.1225844853,-0.6010983198
6.5,22.684,-0.0809035475,-0.08808652987,-0.03693163661,-0.003693163661,325,-0.07829781266,-0.08784348567,-0.09393886633,-0.003734759821,-0.006194985482,-0.02163537145,0.0002255475107,0.0002686116818,-0.5681292415,0.5054676533,-0.5681292415,0.5054676533,0,-0.0147169241,-0.01405335666,0.008366048206,0.9499908203,0.159349,0.003464238553,0.0002177165315,0.0002748650139,0.0007789210822,0.0006319435162,ok,4,1,1.37392234,1.588446726,-1.432539123,1.564424149,0.1413872664,-0.01450393407,0.08979603621,-1.3400202,1.620303825,1.264305081,1.427594476,0.05555453696,0.1205123425,-0.6006990393,1.37350112,1.594532899,-1.440178403,1.564288594,0.1506434569,-0.01464512367,0.08029612801,-1.340804944,1.627614784,1.272269394,1.425091302,0.05121177849,0.1224627766,-0.5940870566
6.51,22.694,-0.0812712645,-0.08812330157,-0.0366115226,-0.00366115226,325,-0.0788595426,-0.08791007091,-0.05618265086,0.0004681621237,-0.007123805895,-0.02080078202,0.0004311053162,0.0004013895354,-0.3620155752,0.1477834135,-0.3620155752,0.1477834135,0,-0.01255403952,-0.01858403082,0.008356768603,0.674111909,0.103661,0.008567301309,0.0004736560047,0.0004647130107,0.001422925208,0.0008191075939,ok,4,1,1.3737685,1.588979265,-1.433835993,1.564404433,0.1421582699,-0.01455168754,0.08886342932,-1.340294818,1.621073114,1.265493049,1.427320166,0.05535566257,0.1208907733,-0.6000968575,1.373083263,1.592534711,-1.437959563,1.564260427,0.148899389,-0.01511843929,0.08233357395,-1.339673659,1.624419579,1.267802981,1.424813347,0.05505404719,0.1229345095,-0.5981830889
6.52,22.704,-0.08163577313,-0.08815975243,-0.03628996324,-0.003628996324,326,-0.07907847899,-0.08787542557,0.04239530064,0.0002873228945,-0.007759715549,-0.02052309491,0.0001716118702,0.0001160214818,0.1606087685,0.02163860202,0.1606087685,0.02163860202,0,-0.005350584022,-0.02019851588,0.008329247184,0.3298063846,0.108656,0.00582700081,4.098087019e-05,6.294269638e-05,0.0004977918881,0.0003178143512,ok,4,1,1.373787769,1.589507486,-1.433742404,1.564490023,0.1430723882,-0.01455834432,0.08775316118,-1.339964143,1.621732912,1.265268174,1.427075057,0.0552083719,0.1211303499,-0.5995047399,1.372061412,1.586209422,-1.430701745,1.564232511,0.1426691899,-0.01631016246,0.08934105246,-1.33921303,1.623382373,1.266256114,1.424537843,0.05654818261,0.1232678624,-0.5996644102
6.53,22.714,-0.08199705899,-0.08819588102,-0.03596697121,-0.003596697121,326,-0.07804971287,-0.08788521979,0.0135290907,-0.004480926766,-0.007578999795,-0.02048279718,0.0004797117817,0.0004305652171,0.6334181428,-0.2260745466,0.6334181428,-0.2260745466,0,0.001922272347,-0.02387391538,0.008303208327,0.9695544009,0.078137,0.003319349403,0.0004414129991,0.0002052521312,0.00147948342,0.00131172584,ok,4,1,1.373805848,1.589528772,-1.432761077,1.564323573,0.1432437941,-0.01477838273,0.08764973893,-1.339633943,1.62210797,1.265306765,1.426843804,0.05521427415,0.1213353037,-0.599500891,1.370998306,1.579833228,-1.42337373,1.56420485,0.1363700442,-0.0174776389,0.09641971367,-1.338265553,1.62082503,1.262642985,1.424264799,0.05969577094,0.1237121823,-0.6029893673
6.54,22.724,-0.08235510783,-0.0882316859,-0.03564255926,-0.003564255926,327,-0.07777855979,-0.08792519523,-0.07213792566,-0.00728368942,-0.00657961925,-0.02086083433,0.0007870064199,0.0005044759416,0.100320667,0.1116125137,0.100320667,0.1116125137,0,-0.005074809245,-0.01918664662,0.008326520777,0.2693821338,0.080814,0.008560131623,0.0004817140958,0.0001834030223,0.002464715896,0.001379383249,ok,4,1,1.373601877,1.588393359,-1.431507191,1.564171631,0.1428301965,-0.01507926953,0.08855734446,-1.339356851,1.62174551,1.264949682,1.42660552,0.05536886362,0.1214982715,-0.5998410456,1.371699108,1.585701929,-1.430314946,1.564177443,0.1427703765,-0.0166557175,0.08942758482,-1.339275147,1.624439332,1.267408098,1.423994226,0.05612128148,0.1237198017,-0.5988270604
6.55,22.734,-0.08270990548,-0.08826716567,-0.03531674021,-0.003531674021,327,-0.08008516101,-0.08802108872,-0.176266723,-0.004884053319,-0.006322913395,-0.02066605148,0.0001844442591,0.0002169003267,-0.3332851529,0.5845017433,-0.3332851529,0.5845017433,0,-0.01132219069,-0.01189852534,0.008348372521,0.9332503653,0.085338,0.002565004785,0.0001946638944,0.0001427515057,0.0006422548208,0.0006502852994,ok,4,1,1.373089185,1.587827042,-1.432302743,1.564301012,0.1425364803,-0.01527092484,0.08921874609,-1.339689346,1.621874327,1.265441613,1.426094553,0.05562073202,0.1216968484,-0.5999367893,1.372284244,1.590933274,-1.436506021,1.564150292,0.1485009947,-0.01590866507,0.08317841516,-1.340857896,1.629982531,1.274774117,1.423726135,0.05045324291,0.1236218518,-0.5923350389
6.56,22.744,-0.08306143798,-0.08830231892,-0.03498952691,-0.003498952691,328,-0.08117249778,-0.0880922172,-0.06886877022,5.183787797e-06,-0.006797389903,-0.01966883635,0.0004964938374,0.0004572620504,-0.3694898784,0.1592749059,-0.3694898784,0.1592749059,0,-0.01233973808,-0.01727971276,0.00835135927,0.6634329076,0.088176,0.007984193493,0.0004940914918,0.0003823151412,0.001602097213,0.001162607897,ok,4,1,1.372801658,1.587863517,-1.433196753,1.564350337,0.1429421007,-0.01537392765,0.08867014499,-1.340083928,1.622704065,1.266789923,1.425752524,0.05532140747,0.122043856,-0.5991980612,1.372241774,1.591675321,-1.437468882,1.564123397,0.1495764298,-0.01590689206,0.08208570507,-1.339546631,1.62615122,1.269454083,1.423460538,0.05496863039,0.1241173757,-0.597187976
6.57,22.754,-0.08340969142,-0.08833714426,-0.03466093229,-0.003466093229,328,-0.08213764999,-0.08805869531,0.04842321768,-0.0002905784516,-0.007402377168,-0.01933592271,0.0005901023299,0.0005174463064,-0.1792441159,-0.455542028,-0.1792441159,-0.455542028,0,-0.01009103891,-0.02616905312,0.008341908388,0.7057540962,0.121026,0.005838914233,0.0002009146457,0.0001090367439,0.001686147533,0.001701032828,ok,4,1,1.372764578,1.588333727,-1.433330856,1.564551976,0.1437375156,-0.01539614942,0.08766319076,-1.339836474,1.623409312,1.266609686,1.425416431,0.05523820117,0.1222808037,-0.5985550938,1.371822427,1.589611549,-1.435167205,1.56409676,0.1477443039,-0.01638702436,0.08421187601,-1.337390358,1.619742256,1.260615147,1.423197444,0.06229574213,0.1248237352,-0.605174427
6.58,22.764,-0.08375465207,-0.08837164033,-0.03433096931,-0.003433096931,329,-0.08242539359,-0.08804021064,0.06914057298,-0.005561315296,-0.007753927681,-0.02004412678,0.000471836556,0.000664226764,-0.09408338368,-0.1231222078,-0.09408338368,-0.1231222078,0,-0.009165178436,-0.0218909599,0.008337546067,0.3285393189,0.18317,0.006535566742,0.0001305647764,0.0004858231828,0.001120104136,0.00232913885,ok,4,1,1.372757182,1.588501751,-1.433042006,1.564666593,0.1445559269,-0.01548114057,0.08695353273,-1.33931279,1.623206851,1.265464348,1.424996246,0.05576017539,0.122403522,-0.5989480467,1.371557285,1.588686118,-1.434188358,1.564070381,0.147087112,-0.01666984069,0.08503551196,-1.33831348,1.623043874,1.264968752,1.422936865,0.05904556858,0.1248335727,-0.6013804533
6.59,22.774,-0.08409630629,-0.08840580575,-0.03399965101,-0.003399965101,329,-0.08102243438,-0.08814061357,0.02650230164,-0.006592205811,-0.007973720285,-0.02031619482,0.0002982338202,0.0001076825893,-0.1117176265,-0.2004629374,-0.1117176265,-0.2004629374,0,-0.009649484682,-0.02332313888,0.00833850572,0.4185402615,0.109865,0.002852433994,0.0001941434349,9.017673564e-05,0.0009890808198,0.0001726101467,ok,4,1,1.372721535,1.588598997,-1.43305182,1.56430365,0.1449165319,-0.01573615082,0.08668237161,-1.339230086,1.622964474,1.265931038,1.424839917,0.05619313458,0.1227168061,-0.5996025854,1.37145813,1.588973632,-1.43461969,1.564044262,0.1476832827,-0.01674329297,0.08447069602,-1.337895766,1.622135525,1.263599404,1.422678811,0.0603785372,0.125149751,-0.6026932246
6.6,22.784,-0.08443464061,-0.08843963918,-0.03366699045,-0.003366699045,330,-0.08155140058,-0.08818605168,-0.03542949827,-0.004859874191,-0.008181566607,-0.02068800004,0.0001732085209,8.648831589e-05,0.6168791652,-0.5189796686,0.6168791652,-0.5189796686,0,0.001071620871,-0.02847269507,0.008300497118,0.9585667455,0.13987,0.003729821536,5.60709715e-05,6.272520785e-05,0.0005721426421,0.0002764926143,ok,4,1,1.372550537,1.588618093,-1.433433372,1.564208388,0.1452175372,-0.01587519901,0.08652241349,-1.33912727,1.622643287,1.265711197,1.424685767,0.05664871566,0.1230532215,-0.5999636441,1.369988867,1.579648034,-1.423847704,1.564018403,0.1382952372,-0.01840478312,0.09495062873,-1.336600834,1.618489831,1.258503522,1.422423292,0.06469240601,0.1256720529,-0.6073276636
6.61,22.794,-0.08476964167,-0.08847313929,-0.03333300078,-0.003333300078,330,-0.08052393735,-0.08819051279,0.04094492551,-0.003883564163,-0.007182597357,-0.02163021386,0.0008207948575,0.0004270188276,0.08169490099,-0.4917548001,0.08169490099,-0.4917548001,0,-0.005957173842,-0.02900653586,0.008323766259,0.7929873844,0.068902,0.008060632205,0.000450271777,0.0001691123398,0.002651219187,0.001057533442,ok,4,1,1.372412467,1.587708666,-1.431684991,1.564029771,0.1447215151,-0.01617380147,0.08713083942,-1.338589832,1.622158981,1.26462887,1.424589482,0.05736963196,0.1233762246,-0.6006414265,1.370703941,1.58555139,-1.430824,1.563992806,0.1447192385,-0.01755785729,0.08793646242,-1.33639413,1.618242323,1.258032887,1.422170319,0.0652995058,0.1259380638,-0.6078350403
6.62,22.804,-0.08510129624,-0.08850630474,-0.03299769519,-0.003299769519,331,-0.08284504085,-0.08824496466,-0.1240156519,-0.005674628915,-0.006984863999,-0.0224553551,0.0001686219104,0.0002507328491,-0.8288046122,0.3829479814,-0.8288046122,0.3829479814,0,-0.01941693318,-0.01671113538,0.008374020483,1.317377454,0.338992,0.006864828923,0.0001197265471,9.896753084e-05,0.0005243158582,0.0008813952947,ok,4,1,1.372027341,1.587398118,-1.43243843,1.564222404,0.1444165295,-0.01632526882,0.08776913089,-1.338518205,1.621810298,1.263866124,1.424114495,0.05843467688,0.1235833589,-0.6015948446,1.372109694,1.596992379,-1.444227415,1.563967471,0.1568633106,-0.01568976685,0.07459535635,-1.339188766,1.627443785,1.270416649,1.421919901,0.05560969252,0.1255078281,-0.5968767812
6.63,22.814,-0.08542959123,-0.08853913424,-0.0326610869,-0.00326610869,331,-0.08425812118,-0.08836863187,-0.1239595481,-0.001275770721,-0.008144624574,-0.02196034796,0.0008233875631,0.0006040102043,-0.145579204,-0.07487664372,-0.145579204,-0.07487664372,0,-0.01032831263,-0.02308349762,0.008337722031,0.3773072636,0.154131,0.01228700142,0.0007558004244,0.0005009258898,0.002729100099,0.001503678963,ok,4,1,1.371731963,1.588049457,-1.434614342,1.564246602,0.1451589649,-0.01634513876,0.08688235777,-1.339035015,1.622236731,1.265171325,1.423715145,0.05876748832,0.1239552286,-0.6016915905,1.370929356,1.589055407,-1.435092082,1.563942399,0.1489320376,-0.01720661793,0.08346026719,-1.337634662,1.622885586,1.264096606,1.42167205,0.06090078182,0.1260675002,-0.6026038438
6.64,22.824,-0.08575451368,-0.08857162649,-0.0323231892,-0.00323231892,332,-0.08308980957,-0.08832191337,0.1332255358,0.0007090505815,-0.008443026384,-0.02209776659,0.0001477750672,0.000108815556,0.2956402898,-0.3954696059,0.2956402898,-0.3954696059,0,-0.004008422037,-0.02802981067,0.00831457266,0.623120102,0.137713,0.00297169814,6.076797838e-05,6.027551257e-05,0.0004667889667,0.0001721837929,ok,4,1,1.371845995,1.58825942,-1.433508003,1.564147241,0.1459603394,-0.01640377651,0.08571350642,-1.33853169,1.622362263,1.264660828,1.423715454,0.0588110723,0.1243185671,-0.6013650936,1.370017372,1.583509469,-1.428723254,1.563917591,0.1434565825,-0.0182553956,0.08960351094,-1.336394278,1.619385634,1.259202126,1.421426774,0.06504227332,0.1265702396,-0.6070522845
6.65,22.834,-0.08607605076,-0.0886037802,-0.03198401544,-0.003198401544,332,-0.08207544158,-0.08830951571,0.02176412028,-0.004715005157,-0.008042262154,-0.02280308853,0.0006816111458,0.0005189739218,-0.554063201,-0.3983471692,-0.554063201,-0.3983471692,0,-0.01635321017,-0.02877829606,0.008359043796,0.8688787401,0.206338,0.00574660631,0.0005322356151,0.0003153151903,0.00218789512,0.001506170549,ok,4,1,1.371923085,1.588165731,-1.432331261,1.563959484,0.1459219956,-0.01661130389,0.08591823816,-1.337909763,1.6222422,1.26369005,1.423564866,0.05929566702,0.1245002523,-0.6018588881,1.37132847,1.593989656,-1.441014516,1.563893048,0.154610783,-0.0165735149,0.07736242269,-1.336139733,1.618974754,1.258513724,1.421184084,0.06581399911,0.1268396176,-0.6077497048
6.66,22.844,-0.08639418978,-0.0886355941,-0.03164357901,-0.003164357901,333,-0.08549483116,-0.08837264378,-0.1534784741,-0.005979018061,-0.008926907989,-0.02341861148,0.0007912901607,0.0005393568015,-0.8554796576,-0.3508246839,-0.8554796576,-0.3508246839,0,-0.02175910285,-0.02868098174,0.00838012131,1.37565984,0.19147,0.008355833191,0.0003386911805,0.0001373380269,0.002507352141,0.001649573371,ok,4,1,1.371544811,1.588668135,-1.434646072,1.564337057,0.1465401598,-0.01658337596,0.08571825588,-1.338065798,1.622010026,1.263146481,1.422888183,0.06025471818,0.1246131864,-0.6027244682,1.371778204,1.598520238,-1.446368197,1.563868771,0.1595774399,-0.01586381514,0.07196165748,-1.336087698,1.619183642,1.258672674,1.42094399,0.06590584021,0.1270565429,-0.6076916841
6.67,22.854,-0.08670891817,-0.08866706694,-0.03130189334,-0.003130189334,333,-0.08641850037,-0.0884201167,0.09083219291,-0.003435617455,-0.01033363352,-0.0240063529,0.001006237694,0.0006114835663,0.2614305615,-0.5976413488,0.2614305615,-0.5976413488,0,-0.006412175094,-0.03297097313,0.008320621874,0.8445416598,0.187234,0.01224017891,0.0005192702058,7.826082988e-05,0.003186372859,0.001811191473,ok,4,1,1.371423546,1.589552739,-1.4362662,1.564501994,0.1478736177,-0.01653004043,0.08420183639,-1.338038873,1.62181437,1.262877699,1.422473678,0.06123182538,0.1249695486,-0.6034645724,1.369875492,1.585213767,-1.430978893,1.56384476,0.1460588193,-0.0183162445,0.08699010832,-1.334991258,1.616169925,1.254432282,1.420706501,0.06951173217,0.1275322239,-0.6115483776
6.68,22.864,-0.08702022353,-0.08869819747,-0.03095897193,-0.003095897193,334,-0.08241729471,-0.08842909613,0.1883730302,-0.005385164107,-0.01004348694,-0.02513459294,0.001009961623,0.000771982088,0.7195808887,-0.6982728243,0.7195808887,-0.6982728243,0,0.000750226389,-0.03560868531,0.008295620213,1.044588492,0.096816,0.00767315257,0.0005531672483,8.645824695e-05,0.003195445298,0.002344828157,ok,4,1,1.371720291,1.589296177,-1.434041355,1.563865857,0.1482970145,-0.01678476067,0.08352039176,-1.337200454,1.62093783,1.261933094,1.42277913,0.0618385796,0.1254325863,-0.6042754023,1.368847901,1.578955018,-1.423768779,1.563820808,0.1398197899,-0.0194660422,0.09396627669,-1.334278904,1.614372733,1.251846216,1.420471631,0.07178979963,0.1279184963,-0.6139275849
6.69,22.874,-0.08732809354,-0.08872898447,-0.03061482831,-0.003061482831,334,-0.08191923819,-0.08847951826,-0.1400510342,-0.006984387122,-0.008923519944,-0.02641235837,0.001367426092,0.0008109861625,-0.6903591752,-0.1606349498,-0.6903591752,-0.1606349498,0,-0.01927890757,-0.02882188261,0.008367531511,1.119725565,0.224685,0.009371954741,0.000725663926,0.0001241655903,0.004317973372,0.002407116312,ok,4,1,1.371505586,1.588312551,-1.432545802,1.56348938,0.1476803779,-0.0170932912,0.08459432195,-1.336683473,1.619755699,1.260551455,1.422777858,0.06250630893,0.125627057,-0.6053040065,1.371080982,1.596034609,-1.443743058,1.563796299,0.1578238349,-0.0166428308,0.07416182482,-1.335831742,1.619483194,1.258710837,1.420239404,0.06651817222,0.1277179454,-0.6078995719
6.7,22.884,-0.08763251607,-0.08875942673,-0.03026947607,-0.003026947607,335,-0.08738039406,-0.08857564785,-0.3002875741,-0.001443840987,-0.009921863509,-0.02666071783,0.001084160962,0.0008527424,-0.1411009729,-0.3514787853,-0.1411009729,-0.3514787853,0,-0.0120383781,-0.03193289961,0.008338646316,0.5669449796,0.194526,0.01051737065,0.0006687935026,0.0002418906484,0.003540447392,0.002441918021,ok,4,1,1.370820505,1.588912557,-1.435943571,1.564080356,0.1480034128,-0.01703292543,0.08467919547,-1.337270953,1.61982118,1.26045685,1.421908391,0.06350404831,0.1257385798,-0.6059666788,1.37012166,1.589696482,-1.436457323,1.563772071,0.1515199608,-0.01788043068,0.08120788235,-1.335018154,1.617331499,1.25564988,1.42000981,0.0691734981,0.1281169636,-0.6106998118
6.71,22.894,-0.08793347908,-0.08878952303,-0.02992292884,-0.002992292884,335,-0.08625321483,-0.0885588275,0.2117064318,-0.0002425515558,-0.01016149699,-0.0272572897,0.0002670458319,0.0002402676283,0.1091765389,-0.4415241182,0.1091765389,-0.4415241182,0,-0.008523848903,-0.03388015147,0.00832504593,0.6651539545,0.132961,0.004931276938,0.0002253652725,9.98643053e-05,0.0007490261295,0.0007921708977,ok,4,1,1.370868617,1.588717126,-1.435240274,1.564134952,0.1487222635,-0.01710012477,0.08368623895,-1.336854061,1.619665251,1.259897125,1.42167895,0.06424222117,0.1261152544,-0.6063237744,1.369569654,1.586565593,-1.432895928,1.563748124,0.1485312734,-0.01853040908,0.08458889696,-1.334479248,1.616034235,1.253754573,1.419782859,0.07089376071,0.1284478976,-0.6124606189
6.72,22.904,-0.08823097071,-0.08881927219,-0.02957520031,-0.002957520031,336,-0.08490290953,-0.08856345687,0.05143108226,-0.00328755062,-0.01002654747,-0.02808717097,0.0004493061018,0.0003417170622,-0.8013535738,0.018695198,-0.8013535738,0.018695198,0,-0.02204685107,-0.027806743,0.008376498383,1.229912788,0.131214,0.00598430593,0.0003045705697,0.0001186850619,0.001438415416,0.001002511179,ok,4,1,1.371002384,1.588841996,-1.434276798,1.563853483,0.1488180973,-0.01729574606,0.08350221862,-1.336260904,1.619318379,1.259057702,1.421682124,0.06490945478,0.1264314541,-0.6069904444,1.370967768,1.598075574,-1.446365228,1.56372446,0.1607274876,-0.01658249698,0.07120309074,-1.335855873,1.62061686,1.259900934,1.419558559,0.06618925743,0.1282870679,-0.6070702277
6.73,22.914,-0.08852497919,-0.08884867304,-0.02922630419,-0.002922630419,336,-0.08695505367,-0.08865286484,-0.1354043694,-0.004060367564,-0.01138096596,-0.02804510734,0.0005373700347,0.000284200585,0.1662963778,-0.3512481153,0.1662963778,-0.3512481153,0,-0.008886520298,-0.03331382907,0.00832490824,0.5395428252,0.17586,0.01156044873,0.0004199591001,0.0002127970548,0.001847475842,0.0006239262091,ok,4,1,1.370789897,1.589858799,-1.436834485,1.563936141,0.1497594679,-0.01724244697,0.08276353947,-1.336536712,1.619450065,1.25949068,1.421289016,0.06536118811,0.1266533442,-0.6073268727,1.369341265,1.586654699,-1.433164095,1.56370108,0.1491393866,-0.01872770223,0.08407594333,-1.33447473,1.616704647,1.25443562,1.41933692,0.07075661637,0.1288254753,-0.6120041515
6.74,22.924,-0.08881549294,-0.08887772441,-0.02887625428,-0.002887625428,337,-0.08520045218,-0.08863992504,0.08298187612,-0.001763987431,-0.01116775989,-0.0286904592,0.0006001081834,0.0004198229971,-0.02038465068,-0.2187488377,-0.02038465068,-0.2187488377,0,-0.01147352965,-0.03197169176,0.008333708748,0.4145050976,0.131163,0.005064235201,0.0002995517122,4.328096266e-05,0.001904357609,0.00126917675,ok,4,1,1.370813598,1.589483089,-1.435281467,1.563750576,0.1501812701,-0.01738074532,0.08215643304,-1.336012676,1.619042743,1.258655531,1.42126971,0.06569238116,0.1269636795,-0.6075941349,1.369510943,1.588767008,-1.435703807,1.563677983,0.1515866985,-0.01846292636,0.08145300607,-1.334725306,1.617814016,1.255836846,1.419117951,0.06983743214,0.1289464079,-0.6108317257
6.75,22.934,-0.08910250048,-0.08890642517,-0.02852506437,-0.002852506437,337,-0.0859042335,-0.08867881307,-0.1102876428,-0.003684470503,-0.01122289191,-0.02909490616,0.0003363636439,0.0002702512565,0.06110846624,-0.6040186286,0.06110846624,-0.6040186286,0,-0.01030626491,-0.03815518559,0.008328704765,0.8760894468,0.166389,0.003659781103,0.0001913378285,3.597687651e-05,0.0009805259373,0.0008812426007,ok,4,1,1.370670819,1.589599297,-1.435548468,1.563672029,0.150231003,-0.01751812234,0.08227237636,-1.335857139,1.618897675,1.258307492,1.421021881,0.06617765104,0.1271510984,-0.608051941,1.369242752,1.587656895,-1.434491152,1.563655172,0.1506837787,-0.01875950429,0.08252644962,-1.33316631,1.613412291,1.249689363,1.418901666,0.07493854551,0.1295424874,-0.6163632388
6.76,22.944,-0.08938599048,-0.08893477417,-0.02817274835,-0.002817274835,338,-0.0874014535,-0.08867502556,-0.04337169302,-0.00420974295,-0.01110522713,-0.03009695344,0.0001575994586,0.0002036535764,0.7900791764,-0.4804037511,0.7900791764,-0.4804037511,0,0.0007459605154,-0.03730300971,0.008290517196,1.221446608,0.13116,0.007807483471,4.080767884e-05,0.0001978600337,0.0003327498169,0.0006745437059,ok,4,1,1.370412321,1.589260225,-1.435609805,1.563899402,0.1503401834,-0.01759359201,0.08237595812,-1.335579718,1.618385961,1.257038869,1.420611741,0.06713106204,0.1273265384,-0.6088555096,1.367755002,1.57807356,-1.423395339,1.563632646,0.1409526522,-0.02047411001,0.09333517341,-1.333304754,1.614158699,1.250598363,1.418688062,0.0744078471,0.1296860947,-0.6156267618
6.77,22.954,-0.08966595174,-0.08896277029,-0.02781932012,-0.002781932012,338,-0.08573035483,-0.0887281882,0.01819129556,-0.005221184064,-0.009804755198,-0.03098764261,0.000766640496,0.0005102045589,-0.302675575,0.2831203341,-0.302675575,0.2831203341,0,-0.01434488882,-0.0267408376,0.008342263035,0.5079090148,0.085077,0.01015309643,0.0004546545639,6.124186324e-05,0.002362371015,0.001472815472,ok,4,1,1.370254238,1.588131377,-1.433548435,1.563587395,0.1494792692,-0.01800579493,0.08326890673,-1.335216744,1.617737465,1.256523203,1.420544381,0.06787881258,0.1276656994,-0.6097916259,1.369454433,1.590913536,-1.438438252,1.563610407,0.1545583594,-0.01838702274,0.07840395517,-1.33576179,1.622015689,1.26124334,1.41847715,0.06610546887,0.129223815,-0.6062413209
6.78,22.964,-0.08994237322,-0.08899041244,-0.02746479363,-0.002746479363,339,-0.08781106139,-0.0888354606,-0.1426033966,-0.00167455558,-0.01023903972,-0.03054622474,0.0004559135444,0.0003881691144,-0.1678918749,0.1827290356,-0.1678918749,0.1827290356,0,-0.01275741785,-0.02780528921,0.008335740993,0.3934944155,0.109532,0.005220768259,0.0004614707601,0.0004564503247,0.001653449793,0.001105520857,ok,4,1,1.369921405,1.588426623,-1.435555638,1.563589584,0.1493402815,-0.01813842964,0.08362472343,-1.335721333,1.618152508,1.257610336,1.420259656,0.0682131781,0.1280022812,-0.6098902477,1.369142177,1.589446699,-1.436807236,1.563588456,0.1532752257,-0.01874262208,0.07989371857,-1.335443947,1.621353683,1.260229107,1.418268947,0.06710575015,0.1294796811,-0.6072130231
6.79,22.974,-0.09021524399,-0.08901769952,-0.02710918287,-0.002710918287,339,-0.08826036184,-0.08883014096,0.01189205166,0.0004574754784,-0.01048873797,-0.03021600435,0.000337950213,0.0002334669396,0.1425967664,0.1884545088,0.1425967664,0.1884545088,0,-0.008349786478,-0.02738918672,0.008319121598,0.3144917142,0.172109,0.00348406687,0.0003086859496,0.0002281608564,0.001159345126,0.0005403343738,ok,4,1,1.369817694,1.588399104,-1.435485494,1.563718901,0.1497911588,-0.01814723019,0.08298442194,-1.33561632,1.618630865,1.257741953,1.420086097,0.0681512624,0.1282791024,-0.6093674086,1.368497214,1.585560883,-1.432357518,1.563566793,0.1494725777,-0.01951812089,0.08415982073,-1.335476943,1.621775782,1.260698371,1.418063457,0.06691903923,0.1296442842,-0.6068653687
6.8,22.984,-0.09048455331,-0.08904463045,-0.02675250189,-0.002675250189,340,-0.08747078848,-0.08883107165,-0.02037297065,-0.0009813466063,-0.01027673776,-0.02990583028,0.0002663151084,0.0003863148653,-0.01636490226,0.1180747747,-0.01636490226,0.1180747747,0,-0.0105222113,-0.02813470866,0.008326223455,0.2219277543,0.166561,0.002797190156,0.0002029014832,3.293586688e-05,0.0006604439565,0.001365036025,ok,4,1,1.369835345,1.588358073,-1.434440203,1.56359488,0.1498941143,-0.01829711218,0.08279668823,-1.335358933,1.619125883,1.257925998,1.419928824,0.06791336934,0.1284317364,-0.608967336,1.368632058,1.587324277,-1.434486284,1.563545419,0.1515414926,-0.01930823943,0.08195098193,-1.335235239,1.62134516,1.260002356,1.417860688,0.06765987156,0.1298773351,-0.6075519112
6.81,22.994,-0.09075029051,-0.08907120417,-0.02639476476,-0.002639476476,340,-0.08848777834,-0.08884369426,-0.06077106845,-0.00224733096,-0.01032251988,-0.0296679124,0.0001521900881,0.0001287360712,-0.6559758782,-0.4445967078,-0.6559758782,-0.4445967078,0,-0.02016215805,-0.03633686301,0.008362317281,1.049658653,0.138071,0.001942784441,6.107096396e-05,7.622534552e-05,0.000535183721,0.0004675772492,ok,4,1,1.369697288,1.588326716,-1.434694666,1.563686031,0.1500696865,-0.01838745947,0.08289583165,-1.335356844,1.619467923,1.258059572,1.419562604,0.06784602744,0.1285081837,-0.6087593887,1.369607113,1.595506612,-1.444079273,1.563524335,0.1602709669,-0.01793036259,0.07239924512,-1.333212885,1.615456088,1.251828129,1.417660653,0.07436220949,0.1305785666,-0.6148752573
6.82,23.004,-0.09101244513,-0.08909741963,-0.02603598562,-0.002603598562,341,-0.09180612639,-0.08883230862,-0.02618077721,-0.004703365313,-0.01135352479,-0.03031189767,0.00132922568,0.0009100476198,0.318577528,-0.2307748795,0.318577528,-0.2307748795,0,-0.006574861875,-0.03377352086,0.008311251704,0.6041627972,0.083963,0.009667388749,0.0004611215344,0.000336667235,0.003993586836,0.002867489593,ok,4,1,1.369451883,1.58878582,-1.436497202,1.564256213,0.1511340351,-0.01821096871,0.08206663387,-1.335239316,1.619360994,1.25693869,1.41890208,0.06867564559,0.1285417225,-0.609215198,1.367913107,1.583740728,-1.430455574,1.563503542,0.1482695792,-0.02011234195,0.08569758593,-1.333768585,1.617442886,1.254449518,1.417463347,0.07245276067,0.1305940888,-0.6126154993
6.83,23.014,-0.0912710068,-0.0891232758,-0.02567617862,-0.002567617862,341,-0.08737813971,-0.08889758336,0.2073626995,-0.005586404952,-0.01092917799,-0.0308063441,0.0008442715556,0.0006769348271,0.2336128056,-0.1689567417,0.2336128056,-0.1689567417,0,-0.007424985909,-0.03334069523,0.008313533595,0.383185836,0.107508,0.004464081372,0.0003963312152,0.000126261625,0.002675083134,0.002037487233,ok,4,1,1.369655131,1.58820481,-1.434414165,1.563609277,0.1513902857,-0.01851008765,0.08160516767,-1.334799308,1.618833462,1.257191918,1.419077679,0.06897589708,0.1289222061,-0.6098195482,1.367898375,1.584372951,-1.43126425,1.56348304,0.1491530776,-0.02009752167,0.08479279625,-1.333811117,1.61787071,1.254933065,1.417268789,0.07224476221,0.1307462331,-0.6122513784
6.84,23.024,-0.09152596532,-0.08914877165,-0.02531535797,-0.002531535797,342,-0.08786851152,-0.08895368028,-0.161350342,-0.004665276471,-0.01055997903,-0.03116640986,0.0006588355773,0.0004621682309,-0.4083780944,-0.152211383,-0.4083780944,-0.152211383,0,-0.01668565044,-0.0334495806,0.008346678485,0.6519604322,0.133362,0.003613328651,0.0003150826076,8.27652983e-05,0.002018850179,0.001487365384,ok,4,1,1.369430141,1.58798628,-1.434210422,1.563307215,0.1510684419,-0.01874476039,0.08213488925,-1.334710987,1.618376199,1.256885582,1.419122915,0.06916148772,0.1291692948,-0.610170815,1.368865329,1.592227236,-1.44048077,1.56346283,0.1575448617,-0.01880118974,0.07561528493,-1.33372389,1.617901063,1.254872526,1.417076985,0.07246783863,0.1309313121,-0.6123688938
6.85,23.034,-0.09177731063,-0.08917390618,-0.02495353791,-0.002495353791,342,-0.091216214,-0.08899101151,-0.1330646858,-0.002040960891,-0.011171022,-0.03137453563,0.0006994935469,0.0005585372395,0.1764470935,-0.07531779259,0.1764470935,-0.07531779259,0,-0.008524315601,-0.03250430252,0.008316071576,0.3685489802,0.134609,0.006330944447,0.000390665912,8.332465836e-05,0.002163971149,0.001629175558,ok,4,1,1.368991528,1.588209469,-1.43596801,1.563711385,0.1515022668,-0.0187161546,0.08194622938,-1.334896871,1.618440341,1.256484595,1.418568675,0.06972937406,0.1292774734,-0.6103968572,1.367800483,1.585126213,-1.43228252,1.563442913,0.1503782682,-0.02015033265,0.08357781145,-1.333889365,1.61870079,1.255868435,1.416887941,0.07184625508,0.1310466131,-0.61154831
6.86,23.044,-0.0920250328,-0.0891986784,-0.02459073273,-0.002459073273,343,-0.08929707682,-0.08900657513,0.0840964139,-0.001211690651,-0.01089769763,-0.0315449343,0.0003617940765,0.0002212014857,0.2445367575,-0.04714738205,0.2445367575,-0.04714738205,0,-0.007229646265,-0.03225214503,0.008311133571,0.3860298256,0.095076,0.002657855864,0.0001136563669,7.472115174e-05,0.001189148093,0.0006719930911,ok,4,1,1.369048035,1.587784069,-1.434729135,1.563511859,0.1516569478,-0.01889079466,0.0816033864,-1.334609278,1.618443503,1.256540085,1.418478777,0.06995125528,0.1295617619,-0.610523994,1.367527965,1.583923771,-1.430948515,1.563423289,0.1493399024,-0.02044359489,0.08478707326,-1.333889763,1.618992013,1.256168529,1.416701667,0.07177685108,0.1312037064,-0.6113441219
6.87,23.054,-0.09226912204,-0.08922308732,-0.02422695675,-0.002422695675,343,-0.08909278369,-0.089026678,-0.05656728464,-0.002526141723,-0.0105114289,-0.03166226885,0.0004940633263,0.0003519878687,-0.472599268,-0.08562944084,-0.472599268,-0.08562944084,0,-0.01760041792,-0.03294671047,0.008348413065,0.7437796835,0.066866,0.00364424172,0.0002380252937,2.250482211e-05,0.001545865802,0.001101132311,ok,4,1,1.368994423,1.587568013,-1.43415181,1.563352573,0.15139118,-0.01908313218,0.08195995971,-1.334412992,1.618444368,1.256466533,1.418402872,0.07009137866,0.1297705049,-0.6106239988,1.368626581,1.592735084,-1.441276332,1.56340396,0.1587201368,-0.01896627909,0.07452216287,-1.333666946,1.618588653,1.255518797,1.416518169,0.0724624086,0.1314168203,-0.6119818836
6.88,23.064,-0.09250956875,-0.08924713199,-0.02386222433,-0.002386222433,344,-0.09200624835,-0.08905628348,-0.1114586231,-0.002893351471,-0.01124783132,-0.03174954908,0.0007108236329,0.0005018839147,-0.5226247311,-0.5492990613,-0.5226247311,-0.5492990613,0,-0.01908720228,-0.039989035,0.008353625424,0.8647931797,0.129853,0.007123755345,0.0003979531345,4.154376719e-05,0.002174829923,0.00149654765,ok,4,1,1.36868689,1.58795734,-1.435928785,1.563714946,0.1519338192,-0.01901879098,0.08164591822,-1.334553516,1.618630683,1.256225865,1.41790411,0.07054254067,0.1298642472,-0.6107631856,1.368681939,1.593922858,-1.442723892,1.563384925,0.1601634093,-0.01883108325,0.07299798642,-1.33191019,1.613551034,1.248500106,1.416337465,0.07821616094,0.1320538329,-0.6182613086
6.89,23.074,-0.09274636339,-0.08927081146,-0.02349654987,-0.002349654987,344,-0.09318048549,-0.08904382775,0.09572153371,-0.003005841828,-0.01209925001,-0.03262217544,0.0009248412515,0.0008045433919,0.148188144,-0.2980284095,0.148188144,-0.2980284095,0,-0.009876427852,-0.03709260158,0.00831852185,0.4611077463,0.224704,0.007471935032,0.0003150817996,0.0002577084678,0.002612968422,0.00264283099,ok,4,1,1.368593278,1.588409391,-1.436556354,1.564038692,0.1530033099,-0.01896688143,0.08046992145,-1.334219324,1.618297482,1.255035801,1.417437908,0.07141764345,0.130014366,-0.6113749646,1.367518101,1.58592408,-1.433479508,1.563366187,0.1520513925,-0.02035595801,0.08199350433,-1.332555326,1.615766757,1.251451247,1.416159537,0.07602872092,0.1320235852,-0.6157056961
6.9,23.084,-0.09297949665,-0.08929412479,-0.02312994781,-0.002312994781,345,-0.0894392639,-0.08909558444,0.1651870585,-0.003859605759,-0.01196589269,-0.03324862758,0.0008271942783,0.0005563850083,0.1349865645,-0.4982426465,0.1349865645,-0.4982426465,0,-0.00994109422,-0.04072226728,0.008318207731,0.7210964544,0.143198,0.004167320941,0.0004150482723,9.437025835e-05,0.002664210202,0.001633220155,ok,4,1,1.368847398,1.588344754,-1.435104456,1.563386353,0.1532716056,-0.01923904343,0.08001126513,-1.333775609,1.617744302,1.255064923,1.417650746,0.07186139997,0.1303929977,-0.6121037297,1.367418806,1.585892571,-1.433506925,1.563347744,0.1522210017,-0.02044385502,0.08186889867,-1.3316193,1.613220385,1.247853958,1.415984415,0.0790508392,0.1324341943,-0.618948995
6.91,23.094,-0.0932089593,-0.08931707105,-0.02276243261,-0.002276243261,345,-0.09031703191,-0.08912305475,-0.116208091,-0.00487382161,-0.01177405744,-0.03414193095,0.0004912120415,0.0002351470746,-0.6471347213,-0.346172303,-0.6471347213,-0.346172303,0,-0.02148107826,-0.03933451549,0.008361267669,0.9932350478,0.080134,0.00656738416,0.0002848705975,8.103744378e-05,0.001595563442,0.0006644412781,ok,4,1,1.368661741,1.588216316,-1.43514796,1.563287745,0.1531507676,-0.01938558892,0.08039572241,-1.333498334,1.617008262,1.254022546,1.417596885,0.07248345504,0.1305997055,-0.6128215971,1.368627031,1.595718582,-1.445004708,1.563329599,0.1626386639,-0.01874014023,0.07046337193,-1.331904496,1.614330504,1.249290541,1.415812094,0.07806496031,0.1324969093,-0.6177342238
6.92,23.104,-0.09343474231,-0.08933964935,-0.0223940188,-0.00223940188,346,-0.09321608355,-0.08917399396,-0.08419460826,-0.002402949512,-0.01279181131,-0.03470808617,0.0007387515868,0.0006054721351,-0.1355698407,-0.3271564841,-0.1355698407,-0.3271564841,0,-0.01482535892,-0.03961543343,0.008334800711,0.4976218923,0.067028,0.0093873628,0.0004839217891,5.612535926e-05,0.002262903612,0.001840455463,ok,4,1,1.368318429,1.588753062,-1.437392347,1.563655383,0.1538888277,-0.01928728967,0.07985073473,-1.333624569,1.616814762,1.253476464,1.417054568,0.07343273896,0.1307390492,-0.6134818209,1.367782189,1.589914703,-1.438316624,1.563311752,0.1568043807,-0.01988895902,0.07694644521,-1.331782219,1.614223534,1.249051709,1.415642585,0.07840895788,0.1326744992,-0.6180012207
6.93,23.114,-0.09365683673,-0.08936185879,-0.0220247209,-0.00220247209,346,-0.09141164035,-0.08918899364,0.1067252299,-0.001877933593,-0.01305919687,-0.03531673827,0.0002751040206,0.0001380247663,-0.09516480565,-0.4643905461,-0.09516480565,-0.4643905461,0,-0.01448666895,-0.04228259646,0.008333034519,0.6684185652,0.055998,0.004390127241,4.928067751e-05,7.57454127e-05,0.0009203528729,0.0004054494346,ok,4,1,1.368432716,1.588846577,-1.436706527,1.563455419,0.1544753318,-0.0193630968,0.07898388085,-1.333264762,1.61649481,1.253101497,1.417017322,0.07401883064,0.1310654316,-0.6140106615,1.367640966,1.589541107,-1.437942613,1.563294202,0.1566085298,-0.02003322568,0.0772216587,-1.331077314,1.612377407,1.246417312,1.415475895,0.08065503656,0.1330181458,-0.6203865444
6.94,23.124,-0.09387523383,-0.0893836985,-0.02165455351,-0.002165455351,347,-0.0914167751,-0.08919538839,-0.003941922958,-0.003039044412,-0.0132637267,-0.03615101981,0.0003211803495,0.0002021432939,-0.794675827,-0.0210557133,-0.794675827,-0.0210557133,0,-0.0251838641,-0.03646685551,0.008374819538,1.209598321,0.15243,0.005935326138,0.0002034224633,7.86616522e-05,0.001060193227,0.0006063243663,ok,4,1,1.368454666,1.58919297,-1.43666702,1.563355716,0.1547493524,-0.01944134276,0.07874964017,-1.332871349,1.616042363,1.252187232,1.416936061,0.07471971043,0.1312891996,-0.6146995386,1.368717259,1.598654406,-1.448598558,1.563276952,0.16626568,-0.01840852175,0.06665365696,-1.332437229,1.61671037,1.252294377,1.415312026,0.07612902644,0.1327695509,-0.6152388307
6.95,23.134,-0.09408992495,-0.08940516762,-0.02128353123,-0.002128353123,347,-0.09280611721,-0.08927179563,-0.08517029153,-0.002576072756,-0.01461473758,-0.0361910341,0.0003673624336,0.0002461363441,0.0112489881,-0.2525745034,0.0112489881,-0.2525745034,0,-0.01444600276,-0.03997965166,0.008331832983,0.3920908003,0.152903,0.01116757421,0.0003952631031,0.0002169033676,0.001204384736,0.0005312677597,ok,4,1,1.368309829,1.590105909,-1.438954983,1.563417113,0.1557891376,-0.01934574704,0.07782123117,-1.333084067,1.616056473,1.25249174,1.416622942,0.07512606553,0.1314775929,-0.6150220112,1.367438269,1.589344626,-1.437832845,1.563260001,0.1567804136,-0.02021983464,0.07714886954,-1.331537888,1.614241485,1.248811214,1.415150998,0.07904697353,0.1331578702,-0.6183752853
6.96,23.144,-0.09430090165,-0.08942626529,-0.02091166872,-0.002091166872,348,-0.091418731,-0.08925797296,0.06514779731,-0.0005734785114,-0.01465206576,-0.03666798537,0.0005607436527,0.0003423901183,-0.01144516282,-0.1632360518,-0.01144516282,-0.1632360518,0,-0.0148237432,-0.03911652614,0.008332679483,0.3104024997,0.160221,0.00368078193,0.0002726833671,1.639087167e-05,0.001815056301,0.001033699816,ok,4,1,1.368351538,1.590110252,-1.437825556,1.563242439,0.1562630696,-0.01943189123,0.07710176225,-1.332685047,1.615762409,1.251869421,1.416637632,0.0753661916,0.1317326778,-0.6152026297,1.367386179,1.589590124,-1.438176777,1.56324335,0.1572195169,-0.02024984316,0.07672253484,-1.331698839,1.614960878,1.249717696,1.414992804,0.0784702166,0.1332439043,-0.6176255007
6.97,23.154,-0.09450815557,-0.08944699068,-0.02053898065,-0.002053898065,348,-0.09159260747,-0.08927909668,-0.07902882772,-0.002411603435,-0.01471800993,-0.03697968666,0.0004928271913,0.0003446616124,-0.797526896,0.08780408651,-0.797526896,0.08780408651,0,-0.02668091337,-0.03566262536,0.008379304155,1.214021724,0.226311,0.002782509967,0.0002533219473,2.589375692e-05,0.001526280971,0.001084200455,ok,4,1,1.368312675,1.590261994,-1.437946306,1.563135706,0.1563473376,-0.01953360662,0.07716011466,-1.332507478,1.615663659,1.251575208,1.416496755,0.07568770663,0.1318831924,-0.6155216712,1.368588567,1.599705293,-1.449993559,1.563227,0.1679089283,-0.0184229803,0.06501989743,-1.332479871,1.617569472,1.253221791,1.41483745,0.07582319316,0.1331565276,-0.6145746497
6.98,23.164,-0.09471167856,-0.08946734298,-0.02016548174,-0.002016548174,349,-0.09430920093,-0.08933230939,-0.133496321,-0.002264085223,-0.01601909508,-0.03678176693,0.0006825658863,0.0004656674793,-0.1254084259,-0.3226715922,-0.1254084259,-0.3226715922,0,-0.01790022147,-0.04162184081,0.008343476042,0.4715933282,0.173091,0.01132562862,0.0004756241273,0.0001612714542,0.002175786514,0.001246736826,ok,4,1,1.36804543,1.591099328,-1.440428812,1.563440609,0.157317894,-0.0193812253,0.07634552605,-1.332848879,1.61593828,1.251876462,1.416037922,0.07597018573,0.1319885444,-0.6155517349,1.367543972,1.592079915,-1.441186077,1.563210952,0.1601659308,-0.01993303862,0.07359247156,-1.330989574,1.61331481,1.247281717,1.414684959,0.08068611901,0.1337084825,-0.6198804559
6.99,23.174,-0.09491146256,-0.08948732138,-0.01979118672,-0.001979118672,349,-0.09317747331,-0.08930429713,0.1064633017,-0.0008624755932,-0.01627056936,-0.03733724977,0.0001991258222,0.00012319728,0.09373498708,-0.3869146705,0.09373498708,-0.3869146705,0,-0.01486454456,-0.04314096982,0.00833133686,0.572046142,0.224779,0.004403267989,0.0001326689055,0.0001408278104,0.0007654773758,0.0004287250344,ok,4,1,1.368139143,1.591105315,-1.439549486,1.563415635,0.1580882796,-0.01939600262,0.07536789686,-1.332361862,1.615674941,1.251050124,1.415935404,0.07628285102,0.1321767741,-0.6157416892,1.367112362,1.589397665,-1.438120183,1.563195205,0.1575492996,-0.02049743416,0.07652370395,-1.330571433,1.612295699,1.245795228,1.414535319,0.08200331244,0.1339560678,-0.6212435411
7,23.184,-0.09510749969,-0.08950692509,-0.01941611039,-0.001941611039,350,-0.09231894615,-0.08931796638,0.02035677345,-0.003344880548,-0.01618073713,-0.03804503752,0.0005694595108,0.0003655722552,-0.681583643,-0.1553133577,-0.681583643,-0.1553133577,0,-0.02640449177,-0.04037473789,0.008376576081,1.056687989,0.157216,0.005158940187,0.0003770399118,0.0001906384965,0.001885659294,0.00095829474,ok,4,1,1.368212641,1.591192656,-1.439054858,1.563203426,0.1581478218,-0.01955293737,0.07538523385,-1.331974921,1.615309714,1.250421844,1.415862291,0.07684437225,0.1323593391,-0.6164219042,1.36828661,1.599243571,-1.449621738,1.563179761,0.1679526259,-0.01871429399,0.06513688293,-1.331200566,1.614393132,1.248608758,1.414388543,0.07990086986,0.133895762,-0.6188042461
7.01,23.194,-0.09529978221,-0.08952615334,-0.01904026754,-0.001904026754,350,-0.09484240149,-0.08938337457,-0.1206580176,-0.004244944466,-0.01730234135,-0.03828260352,0.0005794066764,0.0004119093434,-0.04912890494,-0.1009958908,-0.04912890494,-0.1009958908,0,-0.01803927493,-0.03979754188,0.008342545392,0.2093337826,0.101438,0.009717812744,0.0003704601199,9.322615605e-05,0.00182478031,0.001199017196,ok,4,1,1.367937617,1.591974008,-1.441418013,1.563410298,0.1588975133,-0.01947338951,0.07485469568,-1.332243364,1.615180072,1.250424574,1.415484678,0.07744896058,0.1325078719,-0.616929106,1.367291609,1.591980277,-1.441231292,1.56316462,0.1605731917,-0.02015432813,0.07330343398,-1.331295995,1.614895937,1.249224664,1.414244636,0.07954229841,0.1339885431,-0.6183069949
7.02,23.204,-0.09548830254,-0.08954500537,-0.01866367301,-0.001866367301,351,-0.09310947639,-0.08940902584,0.07026600084,-0.001251895212,-0.01743195359,-0.03850870988,0.0003992572643,0.0002524121574,0.2296875417,-0.02364389785,0.2296875417,-0.02364389785,0,-0.01398664047,-0.03886336835,0.008326790358,0.3489523491,0.098701,0.001929320602,0.0001164347548,0.0001415464552,0.001267743271,0.0007620208345,ok,4,1,1.367984607,1.591919331,-1.44063189,1.563174596,0.1593787726,-0.01956543583,0.07413930617,-1.332019996,1.614970584,1.250400491,1.415527987,0.07761297781,0.1328028703,-0.6170676224,1.366746496,1.588429808,-1.437150684,1.563149783,0.1570407945,-0.02087176929,0.07723702319,-1.331478915,1.615656853,1.250198036,1.414103605,0.0788970793,0.1340535045,-0.6174928642
7.03,23.214,-0.09567305321,-0.08956348044,-0.01828634167,-0.001828634167,351,-0.09219894918,-0.08942512242,-0.04237830613,-0.001397254189,-0.01710852665,-0.03861078921,0.0008301036869,0.0005575233892,-0.4556490779,-0.2187905461,-0.4556490779,-0.2187905461,0,-0.02394326282,-0.0418926474,0.008365013851,0.7188384077,0.09259,0.003343039189,0.0003708460507,7.161960088e-05,0.002570459594,0.001724036089,ok,4,1,1.36801046,1.591772847,-1.439883718,1.562894596,0.1592294905,-0.01973869817,0.07434351753,-1.331781052,1.614910668,1.25031519,1.415584645,0.07761266746,0.1329901316,-0.6170851268,1.367767187,1.596915917,-1.447072102,1.56313525,0.1660280565,-0.01935161326,0.06740798447,-1.330696593,1.613532746,1.247193157,1.413965455,0.08141001817,0.1343981878,-0.6201938248
7.04,23.224,-0.09585402696,-0.08958157782,-0.01790828842,-0.001790828842,352,-0.09576524165,-0.08942433653,-0.1391590674,-0.001589244858,-0.01781093411,-0.03891402375,0.0006721399524,0.0005572225343,0.2306956649,-0.1548016071,0.2306956649,-0.1548016071,0,-0.01435049914,-0.04123604786,0.00832720582,0.4282715975,0.169433,0.006739535669,0.000305596472,0.0001242856268,0.002017726724,0.001788446058,ok,4,1,1.367674519,1.592217249,-1.441738871,1.563383289,0.1596988624,-0.01963406227,0.07414752014,-1.331867546,1.614988533,1.249601719,1.415047221,0.07816041822,0.1329901512,-0.6173183376,1.366622738,1.588606147,-1.437456155,1.563121021,0.1575414828,-0.02096761477,0.07678447687,-1.330814098,1.614088289,1.247886562,1.413830192,0.08098206212,0.1344772048,-0.6196252843
7.05,23.234,-0.09603121662,-0.08959929678,-0.01752952818,-0.001752952818,352,-0.09365079481,-0.08944638824,0.09255057873,-0.002054543518,-0.01746255834,-0.03921157351,0.0004461269549,0.0002591570954,0.3605137169,0.1888004392,0.3605137169,0.1888004392,0,-0.01205485258,-0.03637956693,0.008318586209,0.5304798598,0.200251,0.003117845328,0.0001871342523,6.682189128e-05,0.001472831436,0.0006859878002,ok,4,1,1.367750242,1.591723992,-1.440437997,1.563184076,0.1597787563,-0.01979222337,0.07391129073,-1.331595196,1.614839749,1.249629136,1.414981114,0.07845061447,0.1332131155,-0.6176413808,1.36627261,1.586570816,-1.435133198,1.563107097,0.1555723773,-0.02139424518,0.07899515548,-1.331946,1.617700489,1.252792754,1.413697816,0.07720278158,0.1342629116,-0.6153311438
7.06,23.244,-0.09620461522,-0.08961663664,-0.01715007591,-0.001715007591,353,-0.09267106823,-0.08949636637,-0.07423625264,-0.002225854931,-0.01689240748,-0.03896383416,0.0008349942499,0.000637731565,-0.4404777586,0.3905970752,-0.4404777586,0.3905970752,0,-0.02349957386,-0.03310487803,0.008361821337,0.6856822155,0.191773,0.004808912363,0.0003045725107,0.000190294249,0.002511762176,0.002016152764,ok,4,1,1.367711576,1.591379728,-1.439687273,1.562812478,0.1592605821,-0.02002721435,0.07448369994,-1.331613886,1.614910735,1.250250283,1.415096996,0.07828054375,0.1334506135,-0.6175803134,1.367478701,1.596336503,-1.446544095,1.56309348,0.1658881133,-0.01964288388,0.06770676886,-1.332689875,1.620161242,1.256110393,1.413568337,0.07468248873,0.1341614272,-0.612439619
7.07,23.254,-0.09637421589,-0.08963359671,-0.01676994658,-0.001676994658,353,-0.09584653239,-0.08953303584,-0.1969308279,-0.001063938713,-0.01756154852,-0.03824380273,0.0006113940572,0.0003895077984,-0.2176799327,-0.08656064421,-0.2176799327,-0.08656064421,0,-0.02082674752,-0.0395422124,0.008350564832,0.4112664196,0.221978,0.006693320726,0.0004327712116,0.000229404849,0.002048090765,0.0008469387083,ok,4,1,1.367349726,1.591870777,-1.441651985,1.563149838,0.1595204124,-0.01996357086,0.07440008959,-1.332065139,1.615657921,1.250880889,1.414728481,0.07812642317,0.1335310688,-0.6170682285,1.367114825,1.593975347,-1.443846127,1.563080168,0.1635815722,-0.02015211772,0.07028742539,-1.33110441,1.615543678,1.249685407,1.413441775,0.07990635585,0.1347172883,-0.6181632032
7.08,23.264,-0.09654001195,-0.08965017631,-0.0163891552,-0.00163891552,354,-0.09645680391,-0.0894946835,0.09159380135,0.0003111823001,-0.01791113549,-0.03830938066,0.000546260712,0.0004581447716,-0.07263699174,0.07709302753,-0.07263699174,0.07709302753,0,-0.01900069036,-0.03715298525,0.008343142357,0.1789057476,0.164953,0.003342234177,0.0001978789029,0.0001615975932,0.001553278621,0.001498435749,ok,4,1,1.367310575,1.59188077,-1.441497679,1.563444509,0.1602393381,-0.01991667981,0.07358852105,-1.331803651,1.615916304,1.250354559,1.414386768,0.07822908927,0.133574377,-0.6168189386,1.366835606,1.592345256,-1.441994736,1.563067163,0.1620283955,-0.02051251559,0.07203847691,-1.331640117,1.617354771,1.252113709,1.413318109,0.07808863341,0.1346679458,-0.6160570311
7.09,23.274,-0.09670199683,-0.0896663748,-0.0160077168,-0.00160077168,354,-0.09488691147,-0.08951915836,0.0533252832,-0.00216441728,-0.01807729405,-0.03821561775,0.0002152997948,0.0001790895493,-0.3656571507,0.128169924,-0.3656571507,0.128169924,0,-0.02356215131,-0.03629306889,0.008360788291,0.5647530593,0.20528,0.001459895055,0.0001636815787,8.953626648e-05,0.000729262993,0.0004939510851,ok,4,1,1.367472593,1.5920949,-1.441040471,1.563176942,0.1605685005,-0.02003662115,0.0731650274,-1.331641071,1.616069249,1.250747268,1.414334122,0.07820228046,0.1337239432,-0.6168528989,1.367260159,1.596205524,-1.446527535,1.563054465,0.1661835162,-0.01983630834,0.06751749681,-1.331807821,1.618050587,1.253007007,1.413197357,0.07748838874,0.1347217093,-0.615306985
7.1,23.284,-0.09686016418,-0.08968219154,-0.01562564645,-0.001562564645,355,-0.09549947615,-0.08955313251,-0.03067736398,-0.002612801677,-0.01872489226,-0.03799098675,7.966451828e-05,3.832456866e-05,-0.3388955593,-0.5802333951,-0.3388955593,-0.5802333951,0,-0.02380832565,-0.04669448768,0.008361380102,0.8515812891,0.204419,0.005217885227,7.634783881e-05,4.243609597e-05,0.000234769906,0.000112185292,ok,4,1,1.367431057,1.592583056,-1.442054563,1.563160386,0.1611238383,-0.02002205945,0.07273538204,-1.33173112,1.616207567,1.251114673,1.414212663,0.07814889167,0.1338514646,-0.6167457266,1.36721494,1.596358514,-1.446748407,1.563042075,0.166479575,-0.01986031568,0.06723523495,-1.329239042,1.61055645,1.24259886,1.41307953,0.08586081111,0.1355774052,-0.6245383701
7.11,23.294,-0.09701450771,-0.08969762589,-0.01524295922,-0.001524295922,355,-0.09717629551,-0.08950989367,0.01997671199,-0.00375525059,-0.01928105877,-0.03891455967,0.0005875623137,0.0005868760751,0.6559444666,-0.1808633953,0.6559444666,-0.1808633953,0,-0.009441891766,-0.0416275106,0.008306977017,1.020649691,0.140453,0.007263406645,8.112100763e-05,0.0003496487528,0.001478739456,0.001986477684,ok,4,1,1.367307966,1.59285658,-1.44257146,1.563473446,0.1618973709,-0.01988365293,0.07204148954,-1.331385323,1.615792901,1.249605477,1.413898591,0.07889916796,0.1339014695,-0.6172749634,1.36551898,1.583965382,-1.432364963,1.563029993,0.1537025511,-0.02220519853,0.08130857012,-1.330445484,1.614302509,1.247714299,1.412964618,0.08190538526,0.135311469,-0.6200603261
7.12,23.304,-0.09716502135,-0.08971267726,-0.01485967023,-0.001485967023,356,-0.09306734636,-0.08958697993,0.1071307183,-0.004715284117,-0.01829769328,-0.03934834321,0.001313109262,0.0008647148721,0.6191671491,0.06095675752,0.6191671491,0.06095675752,0,-0.009010186042,-0.03843399185,0.008305163051,0.9239694425,0.307417,0.008854241428,0.0006422277708,9.56910765e-05,0.004108704394,0.002590162139,ok,4,1,1.367426534,1.592072967,-1.440272054,1.562790749,0.1613883501,-0.02028315869,0.07245432869,-1.331066003,1.615254014,1.249945423,1.414151223,0.07910801433,0.1341896549,-0.6179079131,1.365398623,1.583539811,-1.431909493,1.563018219,0.1533874335,-0.02233283925,0.08169402311,-1.331185697,1.616688867,1.250947442,1.412852633,0.0794396699,0.135187551,-0.6172414788
7.13,23.314,-0.09731169915,-0.08972734504,-0.01447579461,-0.001447579461,356,-0.09365617684,-0.08963997918,-0.204420891,-0.002458547827,-0.01725234096,-0.03935394084,0.0009782202431,0.0006528648991,-0.3694979548,0.4961143434,-0.3694979548,0.4961143434,0,-0.02279481028,-0.03191222569,0.008356099311,0.7420246066,0.150024,0.007846241271,0.0003534802035,0.0002184881508,0.002945559758,0.002069378009,ok,4,1,1.367154176,1.591235619,-1.439742097,1.562536664,0.1603240626,-0.02056017611,0.07384778184,-1.331176005,1.61503405,1.250095933,1.414235285,0.07907488348,0.1343527142,-0.6180269986,1.366902686,1.595319784,-1.445663951,1.563006754,0.1657906042,-0.02021251343,0.06811439425,-1.332707827,1.621503241,1.257516179,1.412743575,0.07431666176,0.1348488437,-0.6114699974
7.14,23.324,-0.09745453534,-0.08974162865,-0.0140913475,-0.00140913475,357,-0.09759895449,-0.08968572716,-0.2505938201,0.001379934943,-0.01773039357,-0.03844481841,0.0008642934714,0.0005993567165,-0.173501879,0.002151619876,-0.173501879,0.002151619876,0,-0.02033292175,-0.03841254411,0.008345942576,0.3592856947,0.138483,0.006480729433,0.0006400581112,0.0003603724352,0.002902473834,0.001387703988,ok,4,1,1.366658112,1.591495644,-1.441953558,1.563044614,0.1602274441,-0.02049208824,0.07408766949,-1.331842004,1.616007125,1.251035449,1.413716611,0.07901502228,0.1344147406,-0.6174735355,1.366571009,1.59315099,-1.443181053,1.562995599,0.1636579341,-0.02067437603,0.07049481254,-1.331122649,1.616828108,1.251023812,1.412637466,0.07957484687,0.1353860841,-0.61724474
7.15,23.334,-0.09759352425,-0.08975552755,-0.01370634409,-0.001370634409,357,-0.09828376903,-0.08962123171,0.1277116752,0.002006045744,-0.01797798154,-0.03833961761,0.0008184148255,0.0005978831129,0.01016771607,0.1884401888,0.01016771607,0.1884401888,0,-0.01782546579,-0.03551301478,0.008336027841,0.3331318745,0.090024,0.002861085105,0.0003288506132,9.985721905e-05,0.002428252388,0.0018924932,ok,4,1,1.366663365,1.59146831,-1.441610231,1.563437245,0.160796849,-0.02042849491,0.07328166044,-1.331592998,1.616469386,1.250627111,1.413362639,0.07907323589,0.1344823567,-0.6169964181,1.366227771,1.590946121,-1.440653003,1.562984753,0.1614812255,-0.02113375389,0.07292181507,-1.33178388,1.618998853,1.25395843,1.412534287,0.07733643235,0.1352839698,-0.614685091
7.16,23.344,-0.09772866042,-0.08976904116,-0.01332079958,-0.001332079958,358,-0.09596030583,-0.08963701398,0.09386080993,-0.001808308305,-0.01801787458,-0.03806497872,0.0002400849104,0.0002869717912,-0.5216983557,0.01882305928,-0.5216983557,0.01882305928,0,-0.02584334991,-0.03778263283,0.008367376711,0.7884784729,0.097638,0.00275309934,0.000179896365,9.359596309e-05,0.000770791693,0.0008874861458,ok,4,1,1.366939248,1.591639641,-1.44078795,1.563084296,0.161030006,-0.0205616246,0.07290029243,-1.331375076,1.616800271,1.251205331,1.413427607,0.07886423806,0.1346411478,-0.6168313956,1.367040923,1.597786738,-1.448644282,1.562974217,0.1687155837,-0.01987735876,0.0650155077,-1.331208914,1.617403633,1.251707497,1.412434059,0.07921668539,0.1355320834,-0.6167074402
7.17,23.354,-0.09785993849,-0.08978216897,-0.01293472919,-0.001293472919,358,-0.09743471972,-0.08964955909,-0.03471377916,-0.002963816667,-0.01891142817,-0.03799291747,0.0004143166892,0.0001975169142,-0.1897801012,-0.1522070467,-0.1897801012,-0.1522070467,0,-0.02175812969,-0.04027602318,0.008350499281,0.335756781,0.152554,0.007333776718,0.0001975971988,9.939169219e-05,0.001262128778,0.0005427383911,ok,4,1,1.366887667,1.592315448,-1.442288404,1.563212272,0.1617793743,-0.02044391399,0.07234928441,-1.331428531,1.616926756,1.251190847,1.413238199,0.07892088132,0.1346891483,-0.6168032963,1.366544862,1.594226018,-1.444541204,1.562963991,0.1651262518,-0.02060791516,0.0689917166,-1.330576177,1.615646123,1.249230698,1.412336778,0.08127230599,0.1357982593,-0.6189268356
7.18,23.364,-0.0979873533,-0.08979491045,-0.01254814815,-0.001254814815,359,-0.09692001464,-0.08966290856,0.03115267423,-0.002693185678,-0.01926084211,-0.03825221153,6.22067741e-05,9.929210444e-05,0.1504016221,-0.01276742481,0.1504016221,-0.01276742481,0,-0.01700481778,-0.0384437229,0.008331932402,0.2398634688,0.080597,0.002778056007,5.81738004e-05,0.0001282614515,0.0002099351448,0.0002325505965,ok,4,1,1.36685349,1.592494942,-1.442159865,1.563166385,0.1623481958,-0.02045392834,0.07168066831,-1.331272493,1.616787327,1.250936938,1.413152959,0.0791048722,0.1348164107,-0.6170066063,1.365958543,1.590096308,-1.439770543,1.562954077,0.1609345025,-0.02142687232,0.0736268261,-1.330989993,1.617032322,1.251093276,1.412242448,0.07987927732,0.1357553517,-0.6173132494
7.19,23.374,-0.0981108998,-0.0898072651,-0.01216107174,-0.001216107174,359,-0.09582447882,-0.0897003125,0.00273510593,-0.002176644236,-0.01906732174,-0.03831879285,0.0005077332842,0.0004013310384,-0.5130061507,0.231566906,-0.5130061507,0.231566906,0,-0.026762414,-0.03484528926,0.008370093767,0.7971373419,0.085201,0.00236286145,0.0003180485671,3.146851663e-05,0.001519872307,0.001282664875,ok,4,1,1.366852616,1.592459169,-1.441530913,1.562882942,0.1622874534,-0.02064178672,0.07173159438,-1.331186215,1.616643541,1.251147393,1.413198915,0.07912574287,0.1349849011,-0.6171667661,1.366967685,1.598435919,-1.449502287,1.562944473,0.1697203388,-0.0198798369,0.06401618922,-1.331821708,1.619704494,1.254725891,1.412151071,0.07707598279,0.1355937498,-0.6141337254
7.2,23.384,-0.09823057314,-0.08981923243,-0.01177351523,-0.001177351523,360,-0.09767515549,-0.08974290198,-0.1025987688,-0.001070684735,-0.01991452766,-0.03790604472,0.0003875942134,0.0002325926212,-0.2062885314,-0.2925758958,-0.2062885314,-0.2925758958,0,-0.02300885563,-0.04229468315,0.008354613813,0.4391453919,0.05546,0.007354227564,0.0003031955299,0.0001892079056,0.001323894266,0.0004869730113,ok,4,1,1.36666465,1.593022628,-1.443394306,1.562988708,0.1628308488,-0.0205795046,0.07137041678,-1.331521085,1.616940583,1.251666278,1.412985773,0.07906608275,0.1350701301,-0.616938571,1.366512337,1.59516491,-1.445732528,1.562935181,0.1664212974,-0.02055112164,0.06766969759,-1.329998436,1.61433759,1.247274824,1.412062661,0.0830737924,0.1361998338,-0.6207426265
7.21,23.394,-0.09834636856,-0.08983081198,-0.01138549392,-0.001138549392,360,-0.09791471596,-0.08970198097,0.06354502145,8.910908785e-06,-0.02025808732,-0.03837195589,0.0002300061961,0.00025532153,0.1553270221,-0.2175252587,0.1553270221,-0.2175252587,0,-0.01792818198,-0.04163483476,0.008334564871,0.3248108197,0.071052,0.003719844713,5.516866537e-05,0.0001970481053,0.0005416885773,0.00088960593,ok,4,1,1.36665972,1.59307692,-1.443221811,1.563167299,0.1635046978,-0.02050117976,0.07060382536,-1.331176098,1.616818041,1.250717642,1.41281579,0.07936052975,0.1351311321,-0.6170227818,1.365900742,1.590757518,-1.440636767,1.562926201,0.1619311309,-0.02142497693,0.07262835218,-1.33013196,1.614866093,1.247958813,1.411977211,0.08260863794,0.1362314993,-0.6201669025
7.22,23.404,-0.09845828152,-0.08984200327,-0.01099702313,-0.001099702313,361,-0.09661497646,-0.08972299571,0.03921583964,-0.002571447683,-0.02004674099,-0.03878183187,0.0004200762507,0.0002910151221,-0.6545747519,-0.1515429318,-0.6545747519,-0.1515429318,0,-0.02986536227,-0.04105497585,0.008382368888,1.015465416,0.080395,0.002924665135,0.0003331726347,0.0001363660744,0.001355596442,0.0008009200488,ok,4,1,1.366736327,1.593070515,-1.442393387,1.562948238,0.1634581706,-0.02065172552,0.07058976767,-1.330921277,1.61659324,1.250536376,1.412782809,0.07968397281,0.1352587353,-0.6175066228,1.36713079,1.600978092,-1.452548041,1.562917534,0.1726590164,-0.0194905222,0.06088460523,-1.330246925,1.615334732,1.248561772,1.411894728,0.08220513738,0.1362661523,-0.6196617815
7.23,23.414,-0.09856630757,-0.08985280588,-0.01060811819,-0.001060811819,361,-0.0990263693,-0.08975828338,-0.08331748115,-0.002840102398,-0.02112006997,-0.03900456999,0.0006962628126,0.0004681765314,0.2730978429,-0.1960101277,0.2730978429,-0.1960101277,0,-0.01702360232,-0.04194472191,0.008330591257,0.4922634592,0.15501,0.009196402894,0.0003621923917,3.94162716e-05,0.002179051783,0.001390165486,ok,4,1,1.366558034,1.593832075,-1.444620749,1.563174272,0.164188047,-0.02051933406,0.07008100812,-1.331123378,1.616452605,1.250392281,1.412482774,0.08017464924,0.1353309234,-0.6178744428,1.365700994,1.58990023,-1.439698114,1.562909178,0.1612256783,-0.02166005268,0.07346061092,-1.330005446,1.614734358,1.247689174,1.411815215,0.08296983663,0.1364048701,-0.6204576977
7.24,23.424,-0.09867044248,-0.08986321937,-0.01021879447,-0.001021879447,362,-0.09619189422,-0.08976916928,0.1252584181,-0.001185171358,-0.0207394996,-0.03941238253,0.000724465332,0.0004838035359,-0.2639602721,-0.1534464061,-0.2639602721,-0.1534464061,0,-0.02469890368,-0.04171407862,0.008360308811,0.4374405327,0.074886,0.003706834709,0.0003133295724,5.208852865e-05,0.002299829029,0.001447080987,ok,4,1,1.36671525,1.593368724,-1.442977784,1.562835396,0.164294298,-0.02065452204,0.06975377621,-1.330738745,1.61606678,1.250171857,1.412667948,0.08030646768,0.1355662118,-0.618118454,1.366496751,1.596456571,-1.447352189,1.562901136,0.1681417954,-0.02044824508,0.06589956605,-1.330037357,1.614945943,1.247940168,1.411738676,0.08284023974,0.1364593616,-0.6202612158
7.25,23.434,-0.09877068212,-0.08987324333,-0.009829067322,-0.0009829067322,362,-0.09802660786,-0.08978661787,-0.1059285239,-0.001468356436,-0.02116320939,-0.03967643046,0.0001362245618,0.0001035901778,-0.5213822126,0.07792915404,-0.5213822126,0.07792915404,0,-0.02898394258,-0.03850749315,0.008377773527,0.8066300889,0.077091,0.003837074367,5.566168039e-05,4.607998752e-05,0.0004409110217,0.0002751136446,ok,4,1,1.366551227,1.593861677,-1.44409613,1.562926509,0.1644480094,-0.02064486706,0.06973664042,-1.330764562,1.615970017,1.249787176,1.412496292,0.08066983847,0.135621175,-0.6183935277,1.366901701,1.60010517,-1.451618286,1.562893406,0.1720203116,-0.01976666988,0.06167033953,-1.330791724,1.61731749,1.25117661,1.411665114,0.08033873869,0.13629626,-0.617429419
7.26,23.444,-0.09886702254,-0.08988287737,-0.009438952143,-0.0009438952143,363,-0.09872178569,-0.08982086243,-0.02516932042,-0.0006516044133,-0.02203661822,-0.039526368,0.000390197626,0.0002851187136,-0.2028001398,-0.0622558482,-0.2028001398,-0.0622558482,0,-0.02507862031,-0.04046020573,0.008361334302,0.3449966776,0.11259,0.00725698679,0.0003130450841,0.0001506216936,0.001232923929,0.0007395708224,ok,4,1,1.366449593,1.594351935,-1.445340844,1.563015196,0.1652217428,-0.02054870886,0.06892732632,-1.330951578,1.616119444,1.250101647,1.412286912,0.08077785001,0.1357203258,-0.6183853943,1.366450018,1.596711242,-1.447700847,1.56288599,0.1685745463,-0.02046412779,0.06547735954,-1.330296614,1.615939405,1.249235261,1.411594531,0.08194372091,0.136502223,-0.6191657229
7.27,23.454,-0.09895945992,-0.08989212111,-0.00904846433,-0.000904846433,363,-0.09803578448,-0.089805774,0.04851110543,0.0002228967282,-0.0224059336,-0.03964896125,8.909997408e-05,2.756612277e-05,0.2646248043,-0.116606541,0.2646248043,-0.116606541,0,-0.01843656153,-0.04139805937,0.008334992426,0.3989447115,0.078414,0.002799554335,8.833554728e-05,9.136967314e-06,0.0003499472191,6.353959254e-05,ok,4,1,1.366545361,1.594701086,-1.445038153,1.562938085,0.1657749919,-0.02052739095,0.0681779959,-1.330735787,1.616113157,1.249867212,1.412291245,0.08082394482,0.1358422114,-0.6183423523,1.365684162,1.590970385,-1.441048706,1.562878888,0.1626755606,-0.02159171778,0.07197356751,-1.330047287,1.615297353,1.248311355,1.411526931,0.0827382102,0.1366334766,-0.6200028703
7.28,23.464,-0.09904799063,-0.08990097418,-0.008657619299,-0.0008657619299,364,-0.09674480042,-0.08980638009,0.02743214612,-0.001483931954,-0.02204323955,-0.03988643417,0.0006507844662,0.000458643584,-0.5326870084,-0.06798114628,-0.5326870084,-0.06798114628,0,-0.03003354467,-0.04090615136,0.008381517007,0.8497859446,0.075735,0.003611133602,0.0004265645188,7.950938562e-05,0.002013060944,0.001373115971,ok,4,1,1.366654387,1.594581519,-1.444125861,1.562727479,0.1656004941,-0.02067989145,0.06840684011,-1.330452506,1.615998448,1.249664567,1.412347396,0.08090215273,0.1359442245,-0.6185193945,1.366886149,1.600907242,-1.452623721,1.562872099,0.1730898551,-0.01969733583,0.06057147578,-1.330146414,1.615691696,1.248821494,1.411462316,0.0823922334,0.1366577504,-0.6195739665
7.29,23.474,-0.09913261116,-0.08990943624,-0.00826643248,-0.000826643248,364,-0.09962818963,-0.08983389797,-0.132858682,-0.002336865863,-0.02289072008,-0.0399486908,0.0006730071394,0.0004479692477,-0.4408423901,-0.2553299963,-0.4408423901,-0.2553299963,0,-0.02950335593,-0.04377864074,0.008379033663,0.7120391019,0.195898,0.007619212329,0.0003446042437,3.552658178e-05,0.002158237311,0.001322674593,ok,4,1,1.366402577,1.595155754,-1.446268163,1.563059062,0.1660895269,-0.0205570557,0.06819068811,-1.330701447,1.616063644,1.249536004,1.411981642,0.08126318715,0.1359347501,-0.6187209946,1.366794651,1.600420325,-1.452080791,1.562865624,0.172655974,-0.01982183147,0.06107029709,-1.329428912,1.613641745,1.245954612,1.411400689,0.08472263851,0.1369246829,-0.622122924
7.3,23.484,-0.09921331819,-0.08991750694,-0.007874919316,-0.0007874919316,365,-0.09974243857,-0.08982999337,0.1118160157,-0.000898231519,-0.02362518067,-0.040356631,0.0005311804282,0.0004197145661,0.03503842652,-0.1935298145,0.03503842652,-0.1935298145,0,-0.02309960427,-0.04325957822,0.008352488426,0.2662965474,0.095228,0.006083831155,0.0002476135408,7.222347541e-05,0.001577755762,0.001354531653,ok,4,1,1.366410497,1.595519948,-1.446736542,1.563211455,0.166978337,-0.02045159903,0.06715412824,-1.3305465,1.615889155,1.249068218,1.411781612,0.08170182837,0.1360382965,-0.6190063587,1.366084901,1.594884408,-1.445669313,1.562859464,0.1669674516,-0.02093174041,0.06733248664,-1.329536556,1.614052399,1.246490478,1.411342053,0.08435078518,0.136941453,-0.6216693242
7.31,23.494,-0.09929010851,-0.08992518597,-0.007483095264,-0.0007483095264,365,-0.09740777387,-0.08984417075,0.09737816144,-0.001263576476,-0.02364490691,-0.04076471358,0.0005436689501,0.0003859362057,-0.009159428999,-0.4674454629,-0.009159428999,-0.4674454629,0,-0.02378229835,-0.04777639553,0.008355041111,0.6945292586,0.09765,0.002449339726,0.0003198399141,5.011917728e-05,0.001702881799,0.001149284359,ok,4,1,1.366649469,1.595685027,-1.445804579,1.56282682,0.1672117515,-0.02056116403,0.06673258781,-1.330196861,1.615549692,1.248915437,1.411972325,0.08190144545,0.1362312713,-0.6193773658,1.36612431,1.595443569,-1.446339628,1.562853619,0.1676140628,-0.02084866909,0.06664343514,-1.328408429,1.610810859,1.241970145,1.411286409,0.08798387964,0.1373360669,-0.6256709619
7.32,23.504,-0.09936297911,-0.08993247303,-0.007090975792,-0.0007090975792,366,-0.09815243365,-0.08983908803,-0.04027627605,-0.002933429126,-0.02369346118,-0.04157447964,0.0002210181758,0.0001651485047,-0.5969699025,-0.3518575132,-0.5969699025,-0.3518575132,0,-0.03264800972,-0.04685234234,0.008391818055,0.9090565066,0.163351,0.005921417822,0.0001834615665,0.0001619275065,0.000685187352,0.0004202040536,ok,4,1,1.366597451,1.595764021,-1.446096678,1.562868737,0.1672600295,-0.02058291102,0.06688426466,-1.329925261,1.61499291,1.247891562,1.411902525,0.08248482204,0.1362873615,-0.620004487,1.367015077,1.603042865,-1.455187243,1.562848088,0.1755751011,-0.01937323311,0.05792936482,-1.328620673,1.611510413,1.242911491,1.41123376,0.08728594959,0.1373135737,-0.6248588037
7.33,23.514,-0.0994319271,-0.08993936783,-0.006698576381,-0.0006698576381,366,-0.09973689214,-0.08987580302,-0.05045241685,-0.002423617672,-0.02466669772,-0.04215987104,0.0004900577453,0.0003533358825,0.6480672956,-0.02167894132,0.6480672956,-0.02167894132,0,-0.01494568828,-0.04248505516,0.008320717939,1.043642313,0.121102,0.008293499531,0.0003844755991,7.739353884e-06,0.001513768166,0.001084688899,ok,4,1,1.366439279,1.596263172,-1.447922966,1.563069881,0.168026305,-0.0204215596,0.06622286435,-1.330007315,1.614640591,1.247404861,1.411609045,0.08322387551,0.1363555638,-0.6206917622,1.365083136,1.587802921,-1.437486542,1.562842872,0.159770472,-0.0223426535,0.07528263407,-1.329674898,1.614705698,1.247308066,1.411184108,0.08384571918,0.1370320288,-0.6209996394
7.34,23.524,-0.09949694976,-0.0899458701,-0.006305912521,-0.0006305912521,367,-0.09540739098,-0.08991791862,0.103044441,-0.0008927701606,-0.02369184793,-0.04232552622,0.001554437775,0.001066196129,0.4099496305,-0.3685797453,0.4099496305,-0.3685797453,0,-0.01754260347,-0.0478542224,0.008330312353,0.638374845,0.138893,0.008949664228,0.0005888244756,0.0002441679683,0.004785688244,0.003309115616,ok,4,1,1.36663152,1.595474574,-1.445225805,1.562366328,0.1676109477,-0.02070782913,0.06633296984,-1.329727867,1.614191239,1.247790822,1.412050273,0.08303863223,0.136657956,-0.6208798646,1.365347399,1.590009335,-1.440072053,1.562837972,0.1621255947,-0.02195090869,0.07271671829,-1.328342452,1.610840767,1.241930052,1.411137456,0.08815060492,0.1374812845,-0.6257542486
7.35,23.534,-0.09955804452,-0.08995197957,-0.005912999715,-0.0005912999715,367,-0.09811489973,-0.08989507966,-0.2299723013,-0.001043946348,-0.02295567245,-0.04294912079,0.0004158339583,0.0001760622421,0.08451780677,0.08485066891,0.08451780677,0.08485066891,0,-0.02168790535,-0.04167636076,0.008345960544,0.1673135636,0.127464,0.005276800634,0.0002837295157,0.0001653090896,0.00136731545,0.0006378146764,ok,4,1,1.366323463,1.594964802,-1.44511211,1.562597305,0.1668820072,-0.02079896038,0.06743991766,-1.329544859,1.613720901,1.246469535,1.41188688,0.0833381104,0.1365810993,-0.621126463,1.365783018,1.593547488,-1.444205583,1.562833386,0.1658646706,-0.02130313408,0.06863218989,-1.329842813,1.615344713,1.248142671,1.411093804,0.08326577943,0.1370569934,-0.6202930357
7.36,23.544,-0.09961520898,-0.08995769602,-0.005519853474,-0.0005519853474,368,-0.0992850811,-0.08993595846,-0.07679556867,0.0008806519182,-0.02275240237,-0.04278782913,0.0001917267373,0.0002886260343,0.2935029864,-0.07998313755,0.2935029864,-0.07998313755,0,-0.01834985757,-0.04398757619,0.008333082061,0.4865484592,0.166831,0.001520734943,0.0002635932811,0.0001474458598,0.0006251753883,0.0008952899759,ok,4,1,1.366038111,1.594490459,-1.445726318,1.562803985,0.1665571136,-0.02086195875,0.06793202133,-1.329866271,1.613944242,1.246893488,1.411508429,0.08358497046,0.1365910544,-0.6212363347,1.365386724,1.590660615,-1.440860834,1.562829117,0.1629025273,-0.02186715325,0.07189505257,-1.329268648,1.613690612,1.245833707,1.411053155,0.08513414374,0.1372639176,-0.622342475
7.37,23.554,-0.09966844086,-0.08996301921,-0.005126489318,-0.0005126489318,368,-0.09938110674,-0.08990615805,0.01451568343,0.0007373054148,-0.02219879908,-0.04291509029,0.0001102819356,0.0002452562635,-0.09254154563,0.7619473338,-0.09254154563,0.7619473338,0,-0.02358692226,-0.03148588029,0.008353315598,1.175072563,0.194459,0.003943978191,5.560235144e-05,1.859495541e-05,0.0001968870485,0.0009051788164,ok,4,1,1.365974283,1.593942954,-1.444804812,1.562863627,0.1662031699,-0.02094222283,0.06815666014,-1.329762121,1.613952191,1.246633593,1.411462966,0.08373701756,0.1366918648,-0.6212233876,1.365939105,1.595140874,-1.446086503,1.562825162,0.1676141654,-0.02102981623,0.06674192347,-1.332255768,1.622800433,1.258384319,1.41101551,0.07520510566,0.1364205462,-0.6112783076
7.38,23.564,-0.09971773809,-0.08996794893,-0.004732922777,-0.0004732922777,369,-0.09825172434,-0.08999145702,-0.02116532627,0.001828434186,-0.02236307193,-0.04167090125,0.0003992356699,0.0004116924887,0.01011843607,0.1543792337,0.01011843607,0.1543792337,0,-0.02221129539,-0.03935521274,0.008347674628,0.2315453249,0.220323,0.009805705761,0.0001853066349,0.000427290152,0.000972187947,0.001216710707,ok,4,1,1.366020091,1.594134749,-1.44520426,1.562588334,0.1661126874,-0.02107572107,0.0681550035,-1.330145554,1.614778912,1.248578613,1.411552697,0.08300929021,0.1368340196,-0.6204715832,1.36577062,1.593941228,-1.444704463,1.562821524,0.1664057438,-0.02127801835,0.0680797388,-1.3303708,1.617094365,1.250500825,1.410980872,0.08149809092,0.1369922186,-0.6182504376
7.39,23.574,-0.09976309869,-0.08997248499,-0.004339169388,-0.0004339169388,369,-0.09968056699,-0.08990343518,-0.02054015578,0.002866988148,-0.02231502983,-0.04134116843,0.0001997187975,0.0002608832485,0.09375143796,0.2787880898,0.09375143796,0.2787880898,0,-0.02090875826,-0.03715934708,0.008342394891,0.455555375,0.196091,0.002344822362,5.534718649e-05,0.0001406043167,0.0003959479383,0.0009632611409,ok,4,1,1.365978036,1.594143353,-1.444968364,1.5628474,0.1662145002,-0.02098202253,0.06805340124,-1.330016101,1.61526758,1.248156002,1.411458006,0.0826498754,0.1367686002,-0.6197418999,1.365610629,1.59280613,-1.443396068,1.562818202,0.1652605733,-0.02151124667,0.06934698776,-1.330886552,1.618709127,1.252711556,1.410949241,0.07977174732,0.1368681654,-0.6163096205
7.4,23.584,-0.09980452091,-0.08997662721,-0.003945244697,-0.0003945244697,370,-0.09915189751,-0.08991657873,0.0007458369277,-0.001158536536,-0.02217351165,-0.04084143633,7.578684896e-05,8.359513118e-05,0.1531871557,0.1372616142,0.1531871557,0.1372616142,0,-0.01987570432,-0.03878251211,0.008338398521,0.231142735,0.297872,0.003932156642,8.383860171e-05,0.0001115525497,0.0002916995982,0.0002342523271,ok,4,1,1.365994909,1.594105715,-1.444634566,1.562842389,0.1661263682,-0.02105118417,0.06815358126,-1.330068991,1.615852457,1.2487794,1.41132172,0.08235968161,0.1367390173,-0.6194398304,1.365477391,1.591904912,-1.442357486,1.562815196,0.164353998,-0.0216938454,0.07035130497,-1.330489975,1.617544928,1.251090827,1.410920618,0.08108480279,0.13700707,-0.6177497486
7.41,23.594,-0.09984200307,-0.08998037543,-0.003551164254,-0.0003551164254,370,-0.0993564794,-0.08991851257,-0.01206781779,-0.001453976175,-0.0219286457,-0.04055635465,5.358634672e-05,7.423412408e-05,-0.37874192,0.1959517598,-0.37874192,0.1959517598,0,-0.0276097745,-0.03761707825,0.008369158198,0.5691766548,0.184132,0.002031405411,8.039449786e-05,8.387183752e-05,0.0001785272636,0.0002182971758,ok,4,1,1.365962395,1.593902613,-1.444388891,1.562858137,0.1659590905,-0.02111619192,0.06842192743,-1.330134303,1.616063928,1.249098998,1.411254711,0.08216017413,0.1367492741,-0.6192249661,1.366294812,1.59853916,-1.450080658,1.562812505,0.1712910253,-0.0204227693,0.06275373098,-1.330760056,1.618407299,1.2522663,1.410895006,0.08017473213,0.1369501985,-0.6167205292
7.42,23.604,-0.09987554372,-0.08998372949,-0.003156943617,-0.0003156943617,371,-0.1005084399,-0.08994293952,-0.03032169695,-0.001155079271,-0.02253119207,-0.04018383425,0.0005113781731,0.0003608919855,-0.3403853178,-0.1862303913,-0.3403853178,-0.1862303913,0,-0.02763697184,-0.04297729012,0.008369193054,0.5345291563,0.17328,0.005310868657,0.0003251683945,8.413856555e-06,0.001533445981,0.001118402026,ok,4,1,1.365872211,1.594204242,-1.445611678,1.563000646,0.1664123828,-0.02102291897,0.06806459963,-1.330354429,1.616370729,1.24953463,1.411088858,0.08205352941,0.136752739,-0.6189909465,1.366283905,1.598551306,-1.450103001,1.562810131,0.1713299775,-0.02043044053,0.06271930807,-1.329456989,1.614528086,1.246893721,1.410872404,0.08445759171,0.1373583993,-0.6214665214
7.43,23.614,-0.09990514152,-0.08998668927,-0.00276259835,-0.000276259835,371,-0.1009051205,-0.08992083935,0.07923992414,-0.0009363985212,-0.02309343152,-0.04045543383,0.0005214752955,0.0005050716241,0.2067572922,-0.1052660868,0.2067572922,-0.1052660868,0,-0.01999207214,-0.04203442513,0.008338608594,0.3403229466,0.098946,0.004515806855,0.0001602333302,0.0001871038979,0.001380430466,0.001692388874,ok,4,1,1.365883128,1.594577816,-1.445862524,1.563152334,0.1671140675,-0.02092779577,0.06723511493,-1.330183084,1.616285011,1.248998991,1.410959781,0.08225158052,0.1367638136,-0.6190624788,1.365449293,1.591971141,-1.442459295,1.562808074,0.1645018418,-0.02171239608,0.07021367404,-1.329679729,1.61522362,1.247844904,1.410852814,0.08372101909,0.1373075655,-0.6206342112
7.44,23.624,-0.09993079533,-0.08998925465,-0.002368144019,-0.0002368144019,372,-0.09849126232,-0.08993764217,0.108562554,-0.0008716354747,-0.02282427611,-0.0407010072,0.0005816437496,0.000338571368,0.02445687726,-0.6748451591,0.02445687726,-0.6748451591,0,-0.02245742295,-0.05082368459,0.008348164728,1.005171567,0.126671,0.003056017149,0.0003866078447,9.135947205e-05,0.001916962575,0.0008864089762,ok,4,1,1.366080513,1.594532252,-1.444683075,1.562762327,0.1670696703,-0.02109533385,0.0671576569,-1.329932065,1.616013557,1.249076961,1.411149896,0.0823142733,0.136887474,-0.6193425595,1.365709286,1.594080875,-1.444919499,1.562806333,0.1667192405,-0.02131645684,0.0677884377,-1.327513326,1.608865757,1.239025246,1.410836236,0.09072393543,0.1379937495,-0.6284089892
7.45,23.634,-0.09995250409,-0.08999142553,-0.001973596199,-0.0001973596199,372,-0.1000151499,-0.08990881901,-0.03913081401,-0.003283441344,-0.02278175217,-0.04183314518,0.0001677289724,0.0003419816486,0.6028758287,-0.09778256714,0.6028758287,-0.09778256714,0,-0.01373861474,-0.04329988369,0.008315322013,0.8931256479,0.135112,0.008492239022,0.0001052300418,0.000328459774,0.0002745977718,0.001130423725,ok,4,1,1.365992217,1.594486265,-1.445133966,1.562963471,0.1669959958,-0.02109929094,0.06750018483,-1.329600072,1.615290569,1.247517485,1.41102436,0.0831555046,0.1368780778,-0.6201752667,1.364721165,1.586588541,-1.43620271,1.562804908,0.1589204325,-0.02273063904,0.07634323844,-1.329362978,1.614322651,1.2465827,1.410822671,0.08474944041,0.1374283716,-0.6217569358
7.46,23.644,-0.09997026699,-0.08999320182,-0.001578970464,-0.0001578970464,373,-0.09752342348,-0.08999148324,0.008859417186,-0.002379074842,-0.02180949498,-0.0421020052,0.0009391172617,0.0006460762956,0.1429948211,0.2521189749,0.1429948211,0.2521189749,0,-0.01966457266,-0.03832022057,0.008337235915,0.354874845,0.087132,0.008070673917,0.0003237354355,0.0001836266075,0.002767542319,0.002030285792,ok,4,1,1.365943707,1.593658606,-1.443730891,1.562513738,0.1661498036,-0.02142269556,0.06827256452,-1.32962131,1.614860827,1.248033467,1.411211734,0.08339856203,0.1370851489,-0.6207914766,1.365387858,1.591669735,-1.442123285,1.5628038,0.1642347694,-0.0217877245,0.07052114683,-1.330565911,1.617943449,1.251582215,1.410812121,0.08079343021,0.1370758688,-0.6173516362
7.47,23.654,-0.09998408329,-0.08999458345,-0.001184282394,-0.0001184282394,373,-0.0989083101,-0.0900200482,-0.1321489962,0.001564371104,-0.0215052607,-0.04171007197,0.0002761637823,0.0003816936998,0.1042105779,0.5616357923,0.1042105779,0.5616357923,0,-0.01994210204,-0.03328553508,0.008338257168,0.8037533571,0.058489,0.003266942726,0.0001348160291,0.000341460136,0.000605966396,0.001240038031,ok,4,1,1.36572785,1.593533522,-1.444293215,1.562500736,0.1654601145,-0.02149996547,0.06903305264,-1.32996957,1.615134579,1.248596397,1.411262009,0.08333520079,0.13721636,-0.6206185789,1.365414418,1.591904277,-1.442399045,1.562803009,0.1644881401,-0.02174703323,0.07024609431,-1.331765188,1.621609447,1.256633931,1.410804584,0.07678913674,0.136734107,-0.6128950864
7.48,23.664,-0.09999395248,-0.08999557037,-0.0007895475713,-7.895475713e-05,374,-0.09854902379,-0.09002505376,-0.02275306222,0.003541524216,-0.02131242268,-0.04075410316,0.0004068290676,0.0005547009616,-0.1683332473,-0.3274173141,-0.1683332473,-0.3274173141,0,-0.02383742139,-0.04566536287,0.008353572348,0.5452729593,0.07872,0.006966985799,0.0002146897518,0.0003356885513,0.0008343098785,0.001897298278,ok,4,1,1.365701723,1.593269009,-1.444218757,1.562526823,0.165198447,-0.02153846895,0.06920839594,-1.330166232,1.615949809,1.249666945,1.411297844,0.08276410932,0.137299782,-0.6197615298,1.365835341,1.59524903,-1.44629077,1.562802534,0.1679773917,-0.02110624713,0.06642201795,-1.328778138,1.61262049,1.244214216,1.410800062,0.08664747883,0.1376261902,-0.6238516777
7.49,23.674,-0.09999987414,-0.08999616253,-0.0003947815781,-3.947815781e-05,374,-0.1016706937,-0.089917597,-0.03509053338,0.0003182500697,-0.02151058175,-0.04117082361,0.0008748811309,0.0006458542154,-0.2014645189,-0.01671811379,-0.2014645189,-0.01671811379,0,-0.02453254954,-0.04142159532,0.008356353687,0.3204989494,0.282231,0.00424638124,0.0002579452807,0.0004030441277,0.002523044224,0.002108652012,ok,4,1,1.365611442,1.593352785,-1.444523763,1.563157728,0.1655729963,-0.02126719536,0.06894447509,-1.32989207,1.616069957,1.248124209,1.41087049,0.08304086248,0.1370881569,-0.6196052965,1.365908974,1.595845757,-1.446985075,1.562802375,0.1686003652,-0.02099117873,0.0657394856,-1.329811368,1.615699585,1.248473748,1.410798555,0.08327162574,0.1373131628,-0.6200974529
7.5,23.684,-0.1000018481,-0.08999635993,3.618524465e-13,3.618524465e-14,375,-0.1003149644,-0.08995661817,0.1130105196,-0.002091289238,-0.02186226627,-0.04125040266,0.0002616716831,0.0001566723051,-0.1198785976,-0.3110421002,-0.1198785976,-0.3110421002,0,-0.02366044523,-0.04591603417,0.008352862893,0.4588763006,0.161134,0.002710568968,0.000107514318,0.0001465040453,0.0008130491237,0.0004128556712,ok,4,1,1.365729671,1.593620897,-1.444537473,1.563070603,0.1659880262,-0.02126385078,0.06845005457,-1.32991163,1.616084623,1.248551267,1.410714835,0.08328431741,0.1371011156,-0.6199932478,1.365816362,1.595096915,-1.446113922,1.562802534,0.1678190337,-0.02113575327,0.06659565533,-1.328716125,1.612439047,1.243962504,1.410800062,0.08684681115,0.1376456973,-0.6240733096
7.51,23.694,-0.09999987414,-0.08999616253,0.0003947815788,3.947815788e-05,375,-0.1002130204,-0.08994723376,0.04346074638,-0.002453727007,-0.02208882697,-0.04178662587,0.0001879725007,0.0001157623753,-0.4556668401,0.01934484951,-0.4556668401,0.01934484951,0,-0.02892382957,-0.04149645313,0.008374415824,0.6852701522,0.126159,0.004034961131,6.739004653e-05,0.0001036966439,0.0005291325401,0.0002738619455,ok,4,1,1.365798552,1.593883777,-1.444521621,1.562979423,0.1662874569,-0.02125352886,0.06813853665,-1.329749192,1.615550418,1.247997465,1.410826001,0.08359031971,0.1371940577,-0.6204158878,1.366374488,1.599624696,-1.451374322,1.562803009,0.1725244419,-0.02024632942,0.06143425145,-1.3297951,1.615641792,1.248397087,1.410804584,0.08332694081,0.1373130381,-0.6201630766
7.52,23.704,-0.09999395248,-0.08999557037,0.000789547572,7.89547572e-05,376,-0.1001194478,-0.09000121432,0.002815094193,-0.001092667089,-0.02288486701,-0.04178653167,0.0002071551613,0.0001277525639,0.3945954144,0.2731358111,0.3945954144,0.2731358111,0,-0.01696593579,-0.0376894945,0.008327057932,0.6254493532,0.066325,0.006106075565,0.0001756104629,0.0001415467571,0.0006731868115,0.0003478904317,ok,4,1,1.365807626,1.59447266,-1.445680682,1.562867346,0.1668959027,-0.02119684111,0.06754032701,-1.32985663,1.615406432,1.24829894,1.410866588,0.08366472564,0.1372702263,-0.6205776157,1.365085122,1.589352693,-1.439426188,1.5628038,0.1618182169,-0.02222376148,0.07317042102,-1.330716453,1.618402172,1.252214834,1.410812121,0.08029111706,0.1370321798,-0.6167932362
7.53,23.714,-0.09998408329,-0.08999458345,0.001184282395,0.0001184282395,376,-0.09751866323,-0.09002185984,0.02796527568,0.001337703215,-0.02230666596,-0.04140783224,0.001000516545,0.0007864516287,-0.01625942253,0.4853441715,-0.01625942253,0.4853441715,0,-0.02255055729,-0.03412766967,0.008348491462,0.6869657661,0.07252,0.005523907671,0.0004346778823,0.0002398082355,0.002930367994,0.002525561638,ok,4,1,1.365908578,1.594135228,-1.444083259,1.562398186,0.1665761298,-0.02140445306,0.06764651335,-1.329791211,1.615403297,1.248914994,1.411221673,0.08307288734,0.137396052,-0.6201796424,1.365711048,1.594154183,-1.445009666,1.562804908,0.1668113245,-0.02130838091,0.06769238912,-1.331569956,1.620986631,1.255784652,1.410822671,0.07744697316,0.136775684,-0.6136387313
7.54,23.724,-0.09997026699,-0.08999320182,0.001578970465,0.0001578970465,377,-0.0991519288,-0.09001864245,-0.1708264297,0.002884753884,-0.02230821538,-0.04057704064,0.0002154497146,0.0002866146715,-0.3924684227,0.2556270063,-0.3924684227,0.2556270063,0,-0.02819524172,-0.03674263555,0.008371435173,0.5963664876,0.061478,0.006234199755,6.646973256e-05,0.0001838278415,0.000468314103,0.0009126967628,ok,4,1,1.365767946,1.594266118,-1.44487799,1.562493833,0.166283117,-0.02139186608,0.06812316547,-1.330110057,1.616072471,1.249550452,1.411151918,0.08248309886,0.137305924,-0.6194355249,1.366319113,1.599013611,-1.450653089,1.562806333,0.1718525247,-0.0203542638,0.06215950059,-1.330950115,1.619076995,1.253158375,1.410836236,0.0795199425,0.1369442123,-0.6159524401
7.55,23.734,-0.09995250409,-0.08999142553,0.0019735962,0.00019735962,377,-0.1013713005,-0.08998284078,-0.04958007192,0.0012156441,-0.02290547305,-0.04002827874,0.0007424464952,0.0004738381944,-0.5762323141,-0.1802882999,-0.5762323141,-0.1802882999,0,-0.03154895776,-0.04273260324,0.008385740975,0.880957069,0.243295,0.005526835564,0.0003842326879,7.903028853e-05,0.002307168051,0.001432640442,ok,4,1,1.365636356,1.594484145,-1.446085177,1.562985935,0.1668236376,-0.02115322297,0.06768633616,-1.330322,1.616747384,1.249680147,1.410796547,0.08223062339,0.1371354989,-0.6188329711,1.366672234,1.60190729,-1.454007645,1.562808074,0.1748401686,-0.01976897255,0.05887676547,-1.329510216,1.614716949,1.247144273,1.410852814,0.08427668143,0.1373587212,-0.6212519781
7.56,23.744,-0.09993079533,-0.08998925465,0.00236814402,0.000236814402,378,-0.1023830162,-0.08994296004,0.09926958533,-0.0002827554978,-0.02384412294,-0.04023866775,0.001011830752,0.0008080026551,0.4222872257,0.04453137517,0.4222872257,0.04453137517,0,-0.01750981455,-0.03957069712,0.008329309153,0.6884853987,0.189285,0.007665761486,0.0003078746147,0.0003049221138,0.002950013238,0.002646006197,ok,4,1,1.365696326,1.595162671,-1.446867495,1.563354585,0.1678273244,-0.02095134109,0.06654252695,-1.33018053,1.616831514,1.249123138,1.410472455,0.08246154935,0.1370133656,-0.6188758472,1.365182744,1.589849591,-1.439982641,1.562810131,0.1622665171,-0.02210259088,0.07265731991,-1.33028411,1.617000303,1.250312285,1.410872404,0.08174634038,0.1371088349,-0.6184522318
7.57,23.754,-0.09990514152,-0.08998668927,0.00276259835,0.000276259835,378,-0.0973961805,-0.0899762088,0.2010631179,-0.002661753025,-0.02328995962,-0.04027511315,0.001201782455,0.0008396344469,0.4088304639,0.1794402301,0.4088304639,0.1794402301,0,-0.01715750266,-0.0375835097,0.008328054644,0.6597980682,0.16372,0.006244296548,0.0006060079901,0.0001116275508,0.003811154638,0.002461331195,ok,4,1,1.366127682,1.594771781,-1.444671815,1.562569464,0.1677654088,-0.02118142896,0.06641302336,-1.329865735,1.616463597,1.249775295,1.410976223,0.0821424772,0.1371715163,-0.6190317055,1.365156953,1.589558313,-1.439635361,1.562812505,0.1619365265,-0.02214701603,0.07301100404,-1.33076807,1.618431714,1.25229997,1.410895006,0.08014799674,0.1369478749,-0.6166908081
7.58,23.764,-0.09987554372,-0.08998372949,0.003156943618,0.0003156943618,379,-0.09765942369,-0.09001195008,-0.1906883901,-0.001654181037,-0.02263006157,-0.04003112411,0.0009521351919,0.0006056311313,0.6628481746,-0.5307360291,0.6628481746,-0.5307360291,0,-0.01268733895,-0.04799216455,0.008311959765,0.9968359119,0.096505,0.005569489997,0.0004069379474,0.0001276358413,0.002916855336,0.001878880726,ok,4,1,1.365986881,1.594369192,-1.44440576,1.562306745,0.1670357443,-0.02131876324,0.06744151405,-1.330012785,1.616299014,1.250049557,1.411240283,0.08168767993,0.1371617166,-0.6188534691,1.364656792,1.58573561,-1.435172783,1.562815196,0.1579156096,-0.02283982,0.07740987317,-1.328240316,1.610866475,1.241846948,1.410920619,0.08841290115,0.1376946131,-0.6258972505
7.59,23.774,-0.09984200307,-0.08998037543,0.003551164255,0.0003551164255,379,-0.09988215185,-0.08996088366,-0.08358219195,5.879180307e-05,-0.02144541382,-0.04086456146,0.0002356472961,0.000393143783,-0.1232164502,0.06430829316,-0.1232164502,0.06430829316,0,-0.02329366057,-0.03989993707,0.008351908972,0.2237967758,0.199106,0.00875115803,0.000158947592,0.000338491226,0.0008066034879,0.001465815587,ok,4,1,1.365648287,1.593063882,-1.443541321,1.562794252,0.1661981775,-0.02137964518,0.06865871514,-1.329735124,1.615794376,1.248398282,1.410914839,0.08216726407,0.1369559261,-0.6191848534,1.365867481,1.594855842,-1.445779289,1.562818202,0.1673945572,-0.02111504014,0.06700685981,-1.330228502,1.616717202,1.249962263,1.410949241,0.08195402789,0.1370615052,-0.6187357035
7.6,23.784,-0.09980452091,-0.08997662721,0.003945244698,0.0003945244698,380,-0.100342271,-0.09001913348,-0.06408358387,0.00018881005,-0.02156033689,-0.04076429762,0.0003317694846,0.0002857868995,0.10599114,0.3540530205,0.10599114,0.3540530205,0,-0.01997046979,-0.03545350231,0.00833895977,0.5322506792,0.079997,0.00202010575,0.0004867704575,0.000135562205,0.001002764537,0.0009602387014,ok,4,1,1.365528126,1.592835736,-1.444643233,1.562855224,0.1659720128,-0.02140578031,0.06890014474,-1.330107742,1.615970698,1.24909194,1.410674814,0.08255508699,0.1369807868,-0.6195727583,1.36552459,1.592016214,-1.442465075,1.562821524,0.1644000677,-0.02164535162,0.07027905551,-1.331303861,1.619931794,1.254414447,1.410980872,0.07839066366,0.136720804,-0.6147959067
7.61,23.794,-0.09976309869,-0.08997248499,0.004339169389,0.0004339169389,380,-0.09931817075,-0.09003597728,0.01730737618,0.001900279186,-0.02135219073,-0.04018950083,0.00034980546,0.000265031705,0.2748899162,-0.1733863652,0.2748899162,-0.1733863652,0,-0.01722884198,-0.0427902963,0.008328722753,0.4268294607,0.099208,0.004377119978,0.0001011326565,0.0003379412449,0.001080712678,0.0007270878536,ok,4,1,1.365555872,1.592776896,-1.443853161,1.562637004,0.1657791884,-0.02145722827,0.06871432163,-1.330315409,1.616190238,1.250037327,1.410937424,0.08214555718,0.1371501465,-0.619154933,1.365238146,1.589679386,-1.439732413,1.562825162,0.1619230067,-0.02206891777,0.07298261624,-1.329547551,1.614581309,1.247044814,1.411015511,0.08420772891,0.1372113944,-0.6212867077
7.62,23.804,-0.09971773809,-0.08996794893,0.004732922778,0.0004732922778,381,-0.09984350172,-0.08996104969,0.01946607454,0.001801048358,-0.02088454901,-0.04046938637,0.0001924382803,0.0001753734888,-0.1319978535,0.3008332551,-0.1319978535,0.3008332551,0,-0.02286451681,-0.03595688754,0.008350545668,0.4778419656,0.09376,0.003887956068,0.0002051836202,0.0001901912826,0.0006974840078,0.0006853769843,ok,4,1,1.365592009,1.592690753,-1.443009081,1.562761837,0.165430028,-0.02146600713,0.06909466017,-1.329978135,1.616217268,1.249112676,1.41100265,0.08220658809,0.1370934405,-0.6190103015,1.365884489,1.594538648,-1.445372662,1.562829117,0.1669435502,-0.02112949441,0.06746369796,-1.331206676,1.61952424,1.253891095,1.411053154,0.07874034573,0.136688569,-0.6152340474
7.63,23.814,-0.09966844086,-0.08996301921,0.005126489318,0.0005126489318,381,-0.09972550371,-0.09000868894,-0.03309861335,-5.993927039e-05,-0.02112131797,-0.03994967439,0.0001194514118,9.104826654e-05,0.3323680758,-0.08683715761,0.3323680758,-0.08683715761,0,-0.01613579683,-0.04125223176,0.008324851792,0.5186013378,0.072129,0.003854906241,0.000167528927,9.772517268e-05,0.0003318544445,0.0002562955271,ok,4,1,1.365603486,1.59285516,-1.443842735,1.562743501,0.1654155985,-0.02147855539,0.06923431541,-1.330248913,1.616646472,1.250036189,1.410909741,0.08200521175,0.1370483652,-0.6188782897,1.365163134,1.588779721,-1.438656722,1.562833386,0.1608940862,-0.02220208554,0.07408280173,-1.329945827,1.61565256,1.248568292,1.411093804,0.08292818005,0.1370259748,-0.6199176875
7.64,23.824,-0.09961520898,-0.08995769602,0.005519853474,0.0005519853474,382,-0.09963119799,-0.08996106621,0.01384276487,0.000615620259,-0.02054283709,-0.04008097367,0.0001715618411,8.350836846e-05,-0.2475063354,0.3992499709,-0.2475063354,0.3992499709,0,-0.02425543212,-0.03409222411,0.008356424238,0.6102359905,0.078562,0.004569174557,0.0001530184835,9.650995192e-05,0.0006455866174,0.0002445657338,ok,4,1,1.365592733,1.592431504,-1.442761398,1.562788865,0.1650482447,-0.02151184087,0.06951362718,-1.330123566,1.616547924,1.249637482,1.410972703,0.08196434167,0.1370305323,-0.6187911112,1.366084702,1.595776161,-1.446780593,1.562837972,0.1681335116,-0.02085159266,0.06612793464,-1.331678779,1.620832437,1.255739842,1.411137454,0.07719527295,0.1364815468,-0.6135739693
7.65,23.834,-0.09955804452,-0.08995197957,0.005912999716,0.0005912999716,382,-0.09994874571,-0.09001269425,-0.0378586502,0.0006356067914,-0.02095287334,-0.03939682285,0.0001931672277,0.0001685150152,-0.288857758,-0.01820268109,-0.288857758,-0.01820268109,0,-0.02528573971,-0.03966986306,0.008360727065,0.4340372057,0.102676,0.005066187475,0.0002480237168,0.0001860399375,0.0006007750177,0.0004013718828,ok,4,1,1.365571778,1.592727329,-1.443829239,1.562771323,0.1651791755,-0.02148691595,0.06947338873,-1.330471566,1.616973521,1.250673655,1.410933907,0.08160327036,0.1369991155,-0.6184387578,1.366223413,1.596685002,-1.447820131,1.562842872,0.1690250954,-0.02065447869,0.06513301667,-1.330358759,1.616749193,1.25013317,1.411184108,0.08160476082,0.1368262827,-0.6185080665
7.66,23.844,-0.09949694976,-0.0899458701,0.006305912522,0.0006305912522,383,-0.1009341763,-0.08995829161,0.03288912696,0.001599432841,-0.02140371213,-0.03937521047,0.0004690108834,0.0004221003074,0.04963393509,-0.2034923583,0.04963393509,-0.2034923583,0,-0.0206592031,-0.04242759584,0.008342419105,0.2896020963,0.127068,0.003742745644,0.000207303599,0.0001039806502,0.001215118243,0.001393906608,ok,4,1,1.365576673,1.593019042,-1.444207719,1.563001455,0.1656791569,-0.02130740879,0.06887576231,-1.330427121,1.617087596,1.250249068,1.410871087,0.08153445055,0.136919364,-0.6181569397,1.365755299,1.592733256,-1.443207454,1.562848088,0.1648538774,-0.02139494219,0.06969009485,-1.329704529,1.614718795,1.247353047,1.41123376,0.08376491861,0.1369815851,-0.6209437906
7.67,23.854,-0.0994319271,-0.08993936783,0.006698576382,0.0006698576382,383,-0.1000086355,-0.08993556961,0.0656665599,-0.0009275973398,-0.02134762579,-0.03972170024,0.0001839230618,0.0002182635516,-0.2557563484,0.06954318285,-0.2557563484,0.06954318285,0,-0.02518397102,-0.0386785525,0.008360677174,0.4242202906,0.330279,0.002542477772,0.0002067546319,0.0002251002586,0.0005904241457,0.0007054517874,ok,4,1,1.36571218,1.593137023,-1.443498092,1.562947524,0.16578612,-0.02130789189,0.06866010671,-1.330187482,1.616916122,1.249813698,1.410909149,0.08168136718,0.1368775966,-0.6184013128,1.366274515,1.596648437,-1.447740295,1.562853619,0.16886793,-0.02061539114,0.06526804217,-1.330630783,1.6174105,1.251101699,1.411286409,0.08074308022,0.1366599679,-0.61762001
7.68,23.864,-0.09936297911,-0.08993247303,0.007090975793,0.0007090975793,384,-0.09980376483,-0.08997868621,-0.0006958945964,-0.001546069171,-0.02176483902,-0.03965896304,5.684921319e-05,7.865940793e-05,0.5122978091,0.1926212013,0.5122978091,0.1926212013,0,-0.01408037189,-0.03676964503,0.008318195399,0.7676794693,0.20665,0.003408190009,4.537949984e-05,6.962239883e-05,0.0001222188759,0.0002533665464,ok,4,1,1.365772922,1.593536672,-1.444332105,1.562842837,0.1659834492,-0.02130054544,0.06856415675,-1.33034433,1.616825725,1.250246594,1.410952342,0.0817093774,0.1368885595,-0.6185919875,1.365077206,1.587139197,-1.43665531,1.562859464,0.1588939544,-0.02238952084,0.07618743232,-1.331104422,1.61876742,1.253002146,1.411342052,0.07918297907,0.1364766065,-0.6159235961
7.69,23.874,-0.09929010851,-0.08992518597,0.007483095265,0.0007483095265,384,-0.09770994252,-0.08998814262,0.02272351776,0.0009949630362,-0.02096360357,-0.03939700545,0.0008713955812,0.0005761175806,0.5493374467,0.1120126769,0.5493374467,0.1120126769,0,-0.01272354187,-0.03771681529,0.008313621768,0.8504494445,0.200126,0.007151167099,0.0003885403388,0.0001681707624,0.002650335354,0.001769032644,ok,4,1,1.365835857,1.592961583,-1.442803212,1.562489019,0.1653872243,-0.0214974067,0.06903626522,-1.330317954,1.616726423,1.250709603,1.411303947,0.08123436177,0.1369714376,-0.6183071219,1.364953032,1.586004665,-1.435311541,1.562865624,0.1576408151,-0.02256763427,0.07754075966,-1.330896775,1.618044637,1.252037158,1.411400689,0.07989600593,0.1364874709,-0.6167564018
7.7,23.884,-0.09921331819,-0.08991750694,0.007874919317,0.0007874919317,385,-0.09841320207,-0.08996870441,-0.1149353574,0.001351171341,-0.02001531075,-0.0392088602,0.0005154249849,0.0002574303804,-0.3407753408,0.4616341889,-0.3407753408,0.4616341889,0,-0.02512694086,-0.03228434736,0.008361065047,0.6889997883,0.169262,0.007368618584,0.0002493386582,6.99818671e-05,0.001608885122,0.0007445767667,ok,4,1,1.365718081,1.592195096,-1.442119818,1.562522834,0.1644937139,-0.02159718701,0.07017214108,-1.330326714,1.616814437,1.250579855,1.41135686,0.08091995496,0.1368495047,-0.6179716686,1.366375039,1.596686968,-1.447720889,1.562872099,0.168703219,-0.02052852432,0.06538448108,-1.33221118,1.621963326,1.257469853,1.411462314,0.07552395196,0.1360589586,-0.6119377849
7.71,23.894,-0.09913261116,-0.08990943624,0.00826643248,0.000826643248,385,-0.1010985993,-0.08998744436,-0.1202789538,0.002642507327,-0.0204723562,-0.03835002514,0.0007774066254,0.0006021786254,0.001813756069,-0.3066025376,0.001813756069,-0.3066025376,0,-0.02044514986,-0.0429490632,0.008342603755,0.4723360789,0.109544,0.005991612843,0.0005516015021,0.0001566601807,0.002467222249,0.001768139221,ok,4,1,1.365454268,1.592384496,-1.443918235,1.562943417,0.1645305626,-0.02144404342,0.07028268378,-1.330905288,1.617557279,1.25147824,1.411008709,0.08064032731,0.1366799656,-0.6174085969,1.365909249,1.592695172,-1.443056152,1.562878888,0.1644734595,-0.02126804629,0.07000137782,-1.329670318,1.614171226,1.246754879,1.411526931,0.08397308373,0.1367465319,-0.6213759297
7.72,23.904,-0.09904799063,-0.08990097418,0.008657619299,0.0008657619299,386,-0.1013730718,-0.08990316659,0.1524905166,0.000956304249,-0.02043778519,-0.03877536264,0.0006391761375,0.0007807058086,0.05261504278,0.2473197877,0.05261504278,0.2473197877,0,-0.01964855955,-0.03506556582,0.008339813081,0.4258373618,0.080235,0.004054335381,0.0001504239348,0.0003241739714,0.00158267687,0.00273993818,ok,4,1,1.365542349,1.59215971,-1.443126154,1.563281348,0.1649111684,-0.02133938924,0.06974627831,-1.330544178,1.617390951,1.250388548,1.410863258,0.0807743393,0.1365488921,-0.6173215943,1.365861026,1.59204473,-1.442274453,1.56288599,0.1637169237,-0.02135915395,0.07080686526,-1.331591874,1.619862751,1.254646922,1.411594529,0.07764632748,0.1361249633,-0.6143876945
7.73,23.914,-0.09895945992,-0.08989212111,0.00904846433,0.000904846433,386,-0.09849688813,-0.08995386884,0.08385339327,0.000688131639,-0.02040377211,-0.03844380104,0.0004967057939,0.0002769765858,-0.3750472069,-0.3992313147,-0.3750472069,-0.3992313147,0,-0.02602948022,-0.04443227076,0.008365414291,0.621519232,0.099535,0.003200573894,0.0001767365819,0.0001028050177,0.001568456845,0.0007762654568,ok,4,1,1.365831479,1.592363034,-1.44258235,1.562775773,0.1648003697,-0.0214783302,0.06969128702,-1.330584431,1.617520476,1.251446348,1.411158905,0.08053341277,0.1366145026,-0.6173769997,1.366594648,1.597563783,-1.448666103,1.562893406,0.1693793365,-0.02026742674,0.06456851171,-1.329353329,1.613014534,1.245231156,1.411665114,0.08505653417,0.1367257772,-0.6226752428
7.74,23.924,-0.09886702254,-0.08988287737,0.009438952144,0.0009438952144,387,-0.1008895816,-0.0898954787,-0.02398984718,-0.0009894854763,-0.02100746662,-0.03905977107,0.0005932893513,0.0006061262521,-0.4554156363,-0.3386844993,-0.4554156363,-0.3386844993,0,-0.02783870116,-0.04414003856,0.008373148361,0.6630193562,0.173422,0.005048854551,0.0001928718649,0.0002434903545,0.001572586685,0.002062188882,ok,4,1,1.365768814,1.59290262,-1.443859483,1.563109584,0.1652033655,-0.02126661301,0.06943808486,-1.330491578,1.617142817,1.25028001,1.411098531,0.08099103698,0.1365126108,-0.6177047588,1.366829269,1.599156357,-1.450489677,1.562901136,0.1709492356,-0.0199227003,0.06281875708,-1.329447536,1.613184268,1.245505638,1.411738676,0.08477196358,0.1366359052,-0.6224091874
7.75,23.934,-0.09877068212,-0.08987324333,0.009829067323,0.0009829067323,387,-0.1004503122,-0.08991247169,0.1074122962,-0.001370554406,-0.02178214438,-0.03964255203,0.0004192364435,0.000388229048,-0.0005924699944,-0.09287700802,-0.0005924699944,-0.09287700802,0,-0.02179103143,-0.04103570715,0.00834884558,0.1424077749,0.16219,0.005858056581,0.0002002255067,0.000122985001,0.001164668036,0.001275627342,ok,4,1,1.365845731,1.593521538,-1.44463162,1.56314762,0.1658453827,-0.02113091343,0.06863680935,-1.330440973,1.616818578,1.249915431,1.411069707,0.08159659928,0.1365401347,-0.6183959168,1.366231807,1.593994857,-1.44446274,1.562909178,0.1654918876,-0.02088930832,0.06877961706,-1.330226481,1.6153945,1.248601401,1.411815215,0.08224598246,0.1363387578,-0.6196528002
7.76,23.944,-0.09867044248,-0.08986321937,0.01021879447,0.001021879447,388,-0.0980195571,-0.08994267346,0.08206159975,-8.142126226e-06,-0.0218669604,-0.03988441199,0.000583420983,0.0004217128065,0.3824649751,0.07794193923,0.3824649751,0.07794193923,0,-0.01612998577,-0.0387152829,0.008327459666,0.6062559742,0.143292,0.001554362577,0.000258416646,0.0001558734312,0.001743242401,0.001370062123,ok,4,1,1.366080925,1.593841567,-1.444001294,1.562711876,0.1659332599,-0.02120226971,0.06830305075,-1.330331982,1.616385131,1.250155763,1.411465073,0.08164477688,0.1366858446,-0.6187601769,1.365649228,1.589172317,-1.438821982,1.562917534,0.1603749027,-0.02175989843,0.07436561049,-1.330814839,1.617034377,1.250909602,1.411894728,0.08034179874,0.1360971443,-0.617589813
7.77,23.954,-0.09856630757,-0.08985280588,0.01060811819,0.001060811819,388,-0.09660643822,-0.08994763482,-0.04556873609,0.001131038802,-0.02130258285,-0.03983312469,0.001079146792,0.0007820915862,0.420322746,-0.7248713374,0.420322746,-0.7248713374,0,-0.01499774166,-0.05070619475,0.008323482184,1.143286129,0.286719,0.00546920909,0.000418153449,0.0001988274702,0.003231298406,0.002500998383,ok,4,1,1.366181697,1.593511659,-1.443180998,1.562346477,0.1654357113,-0.02128360073,0.0688964014,-1.330276747,1.616145709,1.250284551,1.411858094,0.08131003806,0.1367123971,-0.6186514597,1.365571432,1.588241146,-1.437707955,1.562926201,0.1593086097,-0.02189520764,0.07550612138,-1.327898892,1.608288265,1.23885169,1.411977214,0.08982907977,0.1369166209,-0.628196518
7.78,23.964,-0.09845828152,-0.08984200327,0.01099702313,0.001099702313,389,-0.09944165644,-0.08986840701,-0.124627355,0.001354060551,-0.02052998401,-0.04099704023,0.0001776696646,0.0004780527028,0.4944126606,-0.1609062999,0.4944126606,-0.1609062999,0,-0.0131137941,-0.04341063473,0.008317115708,0.7564136783,0.156595,0.009191762947,0.0001413279413,0.0004079874738,0.0002916115316,0.00177133218,ok,4,1,1.365916375,1.592691643,-1.442857883,1.56291825,0.1648719039,-0.02121404312,0.06982275208,-1.329901007,1.615405532,1.248043453,1.411553605,0.08193512478,0.1364179818,-0.619172755,1.36540168,1.586667695,-1.43584299,1.562935181,0.1575666518,-0.02213956088,0.07738688886,-1.329726979,1.613527021,1.246154923,1.412062661,0.08396255558,0.1362808414,-0.6217309406
7.79,23.974,-0.09834636856,-0.08983081198,0.01138549392,0.001138549392,389,-0.09830269332,-0.08991712295,-0.02983166418,6.802661018e-05,-0.01965780606,-0.04131806654,0.0003799662379,0.0001085139679,0.09313769639,0.07927130163,0.09313769639,0.07927130163,0,-0.01826074062,-0.04012899702,0.008336409091,0.1845404277,0.148642,0.006685492192,6.102375271e-05,0.0001005839541,0.001197938006,0.0002116676708,ok,4,1,1.365845994,1.591854632,-1.442090435,1.562790988,0.1639623683,-0.02140871716,0.07070139667,-1.330039057,1.615121376,1.248361036,1.411480631,0.08239660563,0.1363936755,-0.619878001,1.366043616,1.591129505,-1.441006251,1.562944473,0.162116964,-0.02127548489,0.07236186894,-1.330553213,1.615859772,1.249425618,1.412151074,0.08128649021,0.1359603745,-0.6188155985
7.8,23.984,-0.09823057314,-0.08981923243,0.01177351523,0.001177351523,390,-0.09920656528,-0.08993089429,-0.03289846307,0.00171829089,-0.01943469888,-0.04118975246,0.0001807576683,0.0002994852631,0.05117430538,-0.0588164255,0.05117430538,-0.0588164255,0,-0.0186670843,-0.04207199884,0.008338261142,0.1227916516,0.143187,0.001407021083,0.0002573364057,0.0002822357156,0.0005424961443,0.0008555975352,ok,4,1,1.36574626,1.591634482,-1.442413272,1.562817838,0.1635214484,-0.02140997112,0.07113936974,-1.330331929,1.614989944,1.248680338,1.411579004,0.08240793245,0.1364324059,-0.6198661457,1.366144622,1.591523887,-1.441431867,1.562954077,0.1624217974,-0.02115972949,0.07199439932,-1.330109347,1.614395724,1.247452422,1.412242448,0.08276948353,0.1360162154,-0.6205272512
7.81,23.994,-0.0981108998,-0.0898072651,0.01216107174,0.001216107174,390,-0.099435189,-0.08988836097,0.03718272385,0.003072256756,-0.01930166194,-0.04129076189,0.000225689556,0.0003133385205,-0.2840698659,0.1227836087,-0.2840698659,0.1227836087,0,-0.02356270993,-0.03944900775,0.008357802995,0.4235765263,0.137833,0.0009514284353,0.000176889502,3.51456688e-05,0.0005276816373,0.001032393211,ok,4,1,1.36576149,1.591541737,-1.442180107,1.562934627,0.1633732258,-0.02134028932,0.07115313411,-1.330232268,1.615045267,1.248262387,1.411682544,0.08245586744,0.1364077653,-0.6197454129,1.36673793,1.595777503,-1.4463445,1.562963991,0.1667395727,-0.02030873505,0.06722051482,-1.330777436,1.616246945,1.250060645,1.412336778,0.0806135548,0.1357383532,-0.618194261
7.82,24.004,-0.0979873533,-0.08979491045,0.01254814815,0.001254814815,391,-0.09930953062,-0.08988583008,0.02646935294,0.001797991761,-0.01977099837,-0.04107524564,0.0002712144493,0.0002237164981,-0.3209192157,-0.1456817389,-0.3209192157,-0.1456817389,0,-0.0245847866,-0.04326047173,0.008362279827,0.4682045889,0.138895,0.003754875493,0.0002395568589,4.174110165e-05,0.0007436443878,0.0006323664205,ok,4,1,1.365878464,1.592022627,-1.442798564,1.56295302,0.1636256739,-0.02122857717,0.07078427995,-1.330309282,1.61533821,1.248563812,1.4117204,0.08238671345,0.1363486249,-0.6196664662,1.366906293,1.596704673,-1.447386613,1.562974217,0.1675904724,-0.02008594057,0.06625082136,-1.329880549,1.613421806,1.24621085,1.41243406,0.08358089789,0.1359237632,-0.6215607208
7.83,24.014,-0.09785993849,-0.08978216897,0.01293472919,0.001293472919,391,-0.09956918124,-0.08984446694,0.05818868823,0.001077176122,-0.02031548538,-0.04129046268,0.0003658722609,0.000322428326,0.1597417444,0.04844495654,0.1597417444,0.04844495654,0,-0.01791935921,-0.04056378833,0.008336386007,0.2656595583,0.185755,0.004197356708,0.000118433576,0.0001114754938,0.0009432018364,0.001053530059,ok,4,1,1.366002445,1.592581071,-1.443189256,1.563072338,0.1641203515,-0.02104754611,0.07017300505,-1.330219872,1.615261367,1.248138827,1.411748327,0.08249772472,0.136260072,-0.6197736682,1.366238277,1.591026762,-1.440746844,1.562984753,0.1615652216,-0.0211186809,0.07282960063,-1.330568587,1.615323378,1.248891534,1.412534291,0.08136192058,0.1356352944,-0.619161581
7.84,24.024,-0.09772866042,-0.08976904116,0.01332079958,0.001332079958,392,-0.09743534084,-0.08985685416,0.06775104325,0.0007157703145,-0.02012186524,-0.04126069375,0.0005145468287,0.0003600636021,-0.1317954063,0.3711809218,-0.1317954063,0.3711809218,0,-0.02209879633,-0.03569297992,0.008352910734,0.5264789235,0.158163,0.002654613098,0.0003142946219,5.340450683e-05,0.001593366048,0.001137986802,ok,4,1,1.36621174,1.592685173,-1.442323434,1.562780689,0.1639775399,-0.02112650773,0.07017498753,-1.330139088,1.615131192,1.248486827,1.412016667,0.08231213251,0.1362647265,-0.6198520244,1.366763843,1.594668534,-1.444945792,1.562995599,0.1652369268,-0.02038609013,0.06876101438,-1.331773613,1.618808678,1.253751616,1.412637463,0.07740674893,0.1352005234,-0.6148337591
7.85,24.034,-0.09759352425,-0.08975552755,0.01370634409,0.001370634409,392,-0.09770754749,-0.08987490392,-0.05762891703,0.001661796485,-0.02036353927,-0.0406500449,0.0002299970829,0.0003108592823,0.02536764368,-0.2850508392,0.02536764368,-0.2850508392,0,-0.01998302461,-0.04492580749,0.008344965789,0.4836007818,0.234988,0.004611321951,3.549296647e-05,0.0002304263503,0.000479023489,0.001031581275,ok,4,1,1.366238829,1.593028548,-1.443173854,1.562700442,0.1638841958,-0.02108761976,0.0703682542,-1.330461896,1.615416358,1.249296648,1.412169038,0.08186696904,0.136213677,-0.619445081,1.366596325,1.592903251,-1.442853992,1.563006754,0.1632766289,-0.02067203027,0.07087510305,-1.329572525,1.612032985,1.24446064,1.412743582,0.08468931901,0.1357555062,-0.6230052783
7.86,24.044,-0.09745453534,-0.08974162865,0.0140913475,0.00140913475,393,-0.09908679833,-0.08978508694,0.005299564978,0.001545972321,-0.02028646044,-0.04106829848,0.0003601319993,0.0003274370708,0.1690852046,-0.3418672085,0.1690852046,-0.3418672085,0,-0.01775018237,-0.04619630661,0.008336799352,0.4975449931,0.409754,0.003671811337,3.428284769e-05,0.0002575992409,0.0009416789982,0.001137243992,ok,4,1,1.366208662,1.592885944,-1.443109567,1.563059304,0.1639304662,-0.02090753841,0.07038065703,-1.330264504,1.615300128,1.248132451,1.412101135,0.08203473641,0.1360275553,-0.6194393133,1.366412849,1.591039687,-1.440645674,1.563018219,0.1612093167,-0.02096992851,0.07310584476,-1.329291503,1.611048955,1.243157001,1.412852635,0.08562392568,0.1357511651,-0.6241194905
7.87,24.054,-0.09731169915,-0.08972734504,0.01447579461,0.001447579461,393,-0.09858932109,-0.08977967501,0.04824902484,-0.001449097189,-0.02002236056,-0.04162616393,0.000176033162,0.000214813354,-0.1411096454,-0.4537473321,-0.1411096454,-0.4537473321,0,-0.02213900524,-0.04843237391,0.00835419781,0.6748239935,0.164202,0.00447423413,0.0001116439523,0.0002247579102,0.0004528557371,0.0006437343254,ok,4,1,1.366268564,1.592696805,-1.442631872,1.563096017,0.1637352481,-0.02090275931,0.07056011244,-1.330127595,1.614952272,1.247631235,1.412067368,0.08243714046,0.1359214815,-0.6200386395,1.366966772,1.594865935,-1.44505576,1.563029993,0.1650619105,-0.02019951665,0.0688343496,-1.328771618,1.609363068,1.240882995,1.412964621,0.08732534887,0.1358179067,-0.626088686
7.88,24.064,-0.09716502135,-0.08971267726,0.01485967023,0.001485967023,394,-0.09915731921,-0.08978120154,0.03684073362,-0.00147486497,-0.02023937049,-0.04239434126,0.0004469895582,0.0003609986579,0.4680868983,-0.2979025841,0.4680868983,-0.2979025841,0,-0.01321806701,-0.04686288002,0.008320749763,0.7083199613,0.101049,0.006045543543,0.0001340361047,0.000109280422,0.001255769222,0.001158307899,ok,4,1,1.366290059,1.592830202,-1.443246214,1.563175355,0.1638172949,-0.02081830387,0.07055395982,-1.330086665,1.614294182,1.246928539,1.412078395,0.083060907,0.1358815592,-0.62081784,1.366032767,1.587261793,-1.436164163,1.563042075,0.1570089831,-0.0215587523,0.07763715944,-1.329197236,1.610434361,1.242429761,1.41307953,0.08599488811,0.1355902963,-0.6246875079
7.89,24.074,-0.0970145077,-0.08969762589,0.01524295922,0.001524295922,394,-0.09677206676,-0.08980002,0.08250295195,0.0001760331157,-0.01949341419,-0.04299036534,0.0005652634539,0.0003803677271,0.2343999743,0.2757767141,0.2343999743,0.2757767141,0,-0.01597741458,-0.03885371463,0.008331154067,0.3985439549,0.16149,0.006656167935,0.0003026661259,9.28234233e-05,0.001755115078,0.001184891635,ok,4,1,1.366426888,1.592318197,-1.441766996,1.562828971,0.163228838,-0.02097934508,0.0709809915,-1.329867001,1.613582052,1.246678384,1.412447886,0.08332141612,0.135971676,-0.621399137,1.366424257,1.589688324,-1.43894742,1.563054465,0.159402504,-0.02106328424,0.07496643105,-1.33119436,1.616184987,1.250438579,1.413197361,0.07953043684,0.1348956121,-0.6175780247
7.9,24.084,-0.09686016418,-0.08968219154,0.01562564645,0.001562564645,395,-0.09632883228,-0.08983006355,-0.08417089638,0.002652525127,-0.01909258098,-0.04261010672,0.0005077363855,0.0006007697987,0.1651986986,0.4901318252,0.1651986986,0.4901318252,0,-0.0166146005,-0.03525812934,0.008333993491,0.6896437993,0.270797,0.003694743541,7.7523959e-05,0.0003557683977,0.001263322864,0.002037033544,ok,4,1,1.366430421,1.592228718,-1.441872566,1.56257053,0.1624480677,-0.02105734721,0.07177652698,-1.330150413,1.613687244,1.247438756,1.41275316,0.08309470372,0.1360138164,-0.6212727683,1.366568926,1.590295657,-1.439609991,1.563067163,0.1598947845,-0.02089442643,0.07438234385,-1.332094158,1.618735421,1.254014328,1.413318106,0.07657743256,0.1345393892,-0.6143763303
7.91,24.094,-0.09670199683,-0.0896663748,0.0160077168,0.00160077168,395,-0.09651335432,-0.08981286139,-0.05256778641,0.004935371252,-0.01879591582,-0.04177078742,0.0003520374613,0.0005525904054,0.2995088696,0.3370744884,0.2995088696,0.3370744884,0,-0.01430328278,-0.03671467009,0.008325778551,0.482652996,0.212688,0.00609905623,0.0001333072238,0.0003080821321,0.0007234412954,0.001891738527,ok,4,1,1.366422237,1.592000244,-1.441939652,1.562663883,0.1619510866,-0.02101591845,0.07224756734,-1.330399602,1.614323972,1.248223788,1.412895046,0.08247799363,0.1359448477,-0.6204753865,1.366380761,1.588372675,-1.437326182,1.563080168,0.1577481468,-0.0211904106,0.07669617619,-1.331784396,1.617603184,1.252521851,1.413441772,0.07765146367,0.1345233663,-0.6156552962
7.92,24.104,-0.09654001195,-0.08965017631,0.0163891552,0.00163891552,396,-0.09706390129,-0.08974967499,-0.05275290188,0.004753340826,-0.01825048295,-0.04114341377,9.29001904e-05,0.0002414673895,-0.3037258685,-0.2362515032,-0.3037258685,-0.2362515032,0,-0.02280637097,-0.04468718632,0.008358994255,0.4632487445,0.161185,0.004187954427,1.987899405e-05,5.789432987e-05,0.0001686253257,0.0008602620604,ok,4,1,1.366418257,1.591597701,-1.441218893,1.562860895,0.1615054536,-0.0209547347,0.07267306086,-1.330463047,1.614872548,1.248388181,1.412882877,0.0818394181,0.1357117263,-0.619655923,1.367404677,1.595740397,-1.44585138,1.56309348,0.1652688164,-0.01975728947,0.06838735479,-1.329889982,1.611729694,1.244489814,1.413568346,0.08391788529,0.1349686589,-0.6227117949
7.93,24.114,-0.09637421588,-0.08963359671,0.01676994658,0.001676994658,396,-0.09992535738,-0.08967618297,-0.01699452487,0.0002995823766,-0.01867284511,-0.04140869784,0.001160429169,0.0007939455463,-0.4798301756,-0.2649874687,-0.4798301756,-0.2649874687,0,-0.02587029774,-0.04538350987,0.008371947013,0.7084779994,0.201794,0.004121168326,0.0003617693847,0.0003888326156,0.003407331844,0.002531805325,ok,4,1,1.36636292,1.591840715,-1.442266621,1.563483314,0.1618591362,-0.02065981923,0.07250852311,-1.330459597,1.614988163,1.247424807,1.412492438,0.08210762428,0.1353583839,-0.6196956036,1.367810422,1.598439705,-1.448940748,1.563107097,0.167922344,-0.01918068647,0.06542374312,-1.329758727,1.611149326,1.243757711,1.413697821,0.08438140988,0.1348998347,-0.6233160394
7.94,24.124,-0.09620461522,-0.08961663664,0.01715007591,0.001715007591,397,-0.0993980079,-0.08968150005,0.1655460356,-0.001330997271,-0.01947159654,-0.0418287216,0.0009116101164,0.000588622879,-0.01368818432,-0.01683390327,-0.01368818432,-0.01683390327,0,-0.0196769193,-0.04208123015,0.008347463532,0.1403759689,0.146128,0.006174348433,0.0003142725495,0.0002201532232,0.00270973437,0.001840910802,ok,4,1,1.366510277,1.592447602,-1.44293663,1.563571167,0.1625926234,-0.02052978365,0.07159809155,-1.330467132,1.614676113,1.247271232,1.412426432,0.08252578819,0.1352767327,-0.6202673055,1.367222426,1.593180927,-1.442779727,1.563121021,0.1623035051,-0.02012180115,0.07155116081,-1.330607938,1.613473597,1.247038357,1.413830192,0.0816558513,0.1345377168,-0.6203747831
7.95,24.134,-0.09603121662,-0.08959929678,0.01752952818,0.001752952818,397,-0.09596666493,-0.08971704048,0.1466490311,-0.001485597019,-0.01959638997,-0.041958783,0.0005173914088,0.0005208905548,0.3718758225,-0.4255404174,0.3718758225,-0.4255404174,0,-0.01401825263,-0.04834188926,0.008326456714,0.7023640397,0.205266,0.0008700616753,0.0002592996289,0.00015813901,0.001564437274,0.001737165508,ok,4,1,1.366884707,1.592736132,-1.442101767,1.56294872,0.1628049568,-0.0206012675,0.07111698815,-1.330345538,1.614156826,1.247742304,1.413023583,0.08234196155,0.1354077785,-0.6205336463,1.366666088,1.588388289,-1.437152856,1.56313525,0.1571575814,-0.02094361192,0.07715801093,-1.329107312,1.608848193,1.240718664,1.413965461,0.08654957841,0.1348749716,-0.6259113398
7.96,24.144,-0.09585402696,-0.08958157782,0.01790828842,0.001790828842,398,-0.09559146306,-0.08968184326,-0.01187887292,6.175190897e-05,-0.019038385,-0.04272351453,0.0006822165637,0.0003894114199,0.5760979652,-0.2835251987,0.5760979652,-0.2835251987,0,-0.01039691552,-0.04697639251,0.008313946375,0.9115047619,0.190672,0.005774830488,0.000434858739,0.0001450095874,0.002213841397,0.001158087833,ok,4,1,1.366929126,1.59235005,-1.441245767,1.56280938,0.1624714415,-0.02062646534,0.07165097139,-1.329982335,1.613272781,1.246493494,1.41335786,0.08237472192,0.1352818648,-0.6208439335,1.36632524,1.585349756,-1.433562357,1.563149783,0.153829787,-0.02142315251,0.08076601901,-1.329490073,1.609758812,1.242054711,1.414103609,0.0853645893,0.1346419956,-0.6246876214
7.97,24.154,-0.09567305321,-0.08956348044,0.01828634167,0.001828634167,398,-0.09517028059,-0.08968690064,-0.06558059233,0.0004625981043,-0.01806107008,-0.04325860264,0.0007740549321,0.0003972886151,-0.01762165874,0.4086069465,-0.01762165874,0.4086069465,0,-0.01832539496,-0.03712949845,0.008343649102,0.5940095406,0.13954,0.007985928844,0.0002964159187,4.944496237e-05,0.00247458015,0.001112845981,ok,4,1,1.36685503,1.591432608,-1.440431463,1.562744498,0.1616137928,-0.02070691921,0.07278009017,-1.329918483,1.612711351,1.245961201,1.413416039,0.08260663748,0.1351099223,-0.6213431663,1.367323543,1.592226089,-1.441517252,1.56316462,0.1608289003,-0.02010869363,0.07302231398,-1.33193961,1.616839947,1.251901296,1.414244633,0.07741379642,0.1338056138,-0.6159392962
7.98,24.164,-0.09548830254,-0.08954500537,0.01866367301,0.001866367301,399,-0.09668065238,-0.08973032316,-0.130532437,0.003161172414,-0.01799910836,-0.04256914309,0.0002387395218,0.0003229196312,0.05152763426,0.3437802494,0.05152763426,0.3437802494,0,-0.01722619385,-0.03741243935,0.008339885924,0.491326828,0.181167,0.005149365341,0.0003214020095,0.0004077837618,0.0008290535694,0.0007685540404,ok,4,1,1.366615159,1.591425679,-1.441498322,1.562864764,0.1610354939,-0.02066296627,0.07339060114,-1.330603659,1.613036489,1.24708647,1.413374815,0.08239329073,0.1350286298,-0.6210886616,1.36728842,1.59135333,-1.440449314,1.563179761,0.159754096,-0.02020438584,0.07415213721,-1.331917327,1.616550985,1.251580857,1.41438854,0.07753769211,0.1336909308,-0.6161753933
7.99,24.174,-0.09529978221,-0.08952615334,0.01904026754,0.001904026754,399,-0.09689723725,-0.08967770674,0.01924333919,0.005518059809,-0.01786315211,-0.04195593119,0.0002178508167,0.000248129783,0.0163282305,0.493725121,0.0163282305,0.493725121,0,-0.01761822866,-0.03455005438,0.008341887601,0.7008982671,0.166098,0.004328196472,0.0002248774321,0.0001957871011,0.0006534322463,0.0005251555371,ok,4,1,1.366645979,1.591295974,-1.441232388,1.563014634,0.1608664454,-0.02057210447,0.07333671268,-1.330742144,1.613517578,1.247405663,1.413527527,0.08186588858,0.1349440923,-0.6203054924,1.367421468,1.591763171,-1.440872383,1.563195205,0.1600101239,-0.02006071078,0.07381775505,-1.332651027,1.61855415,1.254414646,1.414535311,0.07514938989,0.133362312,-0.6136188728
8,24.184,-0.09510749969,-0.08950692509,0.01941611039,0.001941611039,400,-0.09624146663,-0.08964866562,0.02357177834,0.00419468342,-0.01783416001,-0.0411004334,3.476974648e-05,0.0001061394591,-0.0155230891,0.1888692379,-0.0155230891,0.1888692379,0,-0.01806700635,-0.03826739484,0.008344121261,0.3109948724,0.180124,0.006232972269,3.550546218e-05,7.063462973e-05,5.371375682e-05,0.0002150158344,ok,4,1,1.366826907,1.591478434,-1.440967011,1.562987877,0.1607385202,-0.02051789926,0.07330574234,-1.330852209,1.614254875,1.248181674,1.413681086,0.08112018615,0.1347735798,-0.6195139716,1.367562575,1.592223214,-1.441352768,1.563210952,0.1603149505,-0.01990648204,0.07342858386,-1.331805968,1.61575713,1.250647841,1.414684957,0.07801023742,0.1334728007,-0.6169035033
8.01,24.194,-0.09491146256,-0.08948732138,0.01979118672,0.001979118672,400,-0.09661536771,-0.08958822596,0.02081497677,0.002180313492,-0.01785934662,-0.04071933959,0.0002305164915,0.0001605708622,-0.1155040786,-0.3379380405,-0.1155040786,-0.3379380405,0,-0.0195919078,-0.04578841019,0.00835053508,0.5176187094,0.201482,0.002688132018,2.037973986e-05,0.0001633753,0.0005896497585,0.0005539318916,ok,4,1,1.366950703,1.591627604,-1.440994688,1.563151622,0.1607145581,-0.0203871276,0.07334729106,-1.330887091,1.614648172,1.248236983,1.413718255,0.08069836944,0.1345386451,-0.6190591502,1.367825406,1.593609322,-1.44290928,1.563227,0.1615792861,-0.01957950265,0.0719829044,-1.330015724,1.610195942,1.243060796,1.414837458,0.08390142058,0.1338662803,-0.6235620132
8.02,24.204,-0.09471167856,-0.08946734298,0.02016548174,0.002016548174,401,-0.09769017827,-0.08953781706,0.04678980135,-0.001504691753,-0.0180331947,-0.04120656616,0.000685968114,0.0006127676196,-0.0001369342062,-0.2789218128,-0.0001369342062,-0.2789218128,0,-0.01803524871,-0.04539039335,0.008345025274,0.3994408679,0.231192,0.004300339551,8.262972329e-05,0.0003705749345,0.00181028511,0.002017346137,ok,4,1,1.366994484,1.591736332,-1.441304136,1.563478543,0.1609143421,-0.0202025263,0.07324023017,-1.330772743,1.614389376,1.247361135,1.41360258,0.08097715789,0.1342843615,-0.6193873823,1.36774635,1.592349152,-1.441386554,1.56324335,0.1600887056,-0.01974131801,0.07356636103,-1.330163558,1.610394967,1.243420949,1.414992805,0.08347479415,0.1336911154,-0.6231936096
8.03,24.214,-0.09450815557,-0.08944699068,0.02053898065,0.002053898065,401,-0.09632142375,-0.08955998891,0.09676239649,-0.001943588064,-0.01805229131,-0.04170866832,0.0001594604906,0.0002034122481,0.009338880889,-0.4560703337,0.009338880889,-0.4560703337,0,-0.0179122081,-0.04854972333,0.008345075572,0.700676091,0.17357,0.003793772882,5.4088556e-05,0.0001297485465,0.0003537412226,0.0006426288651,ok,4,1,1.367138239,1.591735152,-1.441081337,1.563326303,0.1609502373,-0.02020542278,0.0731266431,-1.330717385,1.613801669,1.247214721,1.413767879,0.08127292347,0.1342219325,-0.6200124273,1.367828904,1.592322177,-1.441297246,1.563260001,0.1598771197,-0.01967339347,0.07374204927,-1.329426347,1.608009328,1.240207961,1.415151008,0.08588185534,0.1337815855,-0.6259802849
8.04,24.224,-0.09430090165,-0.08942626529,0.02091166872,0.002091166872,402,-0.09611170452,-0.08954681518,0.05353170508,-0.0004429573671,-0.01803948927,-0.04251809275,0.000148435918,0.0001975865819,0.6254573464,-0.197419703,0.6254573464,-0.197419703,0,-0.008657629069,-0.04547938829,0.008311633071,0.9708076984,0.111905,0.006175019174,6.203926928e-05,8.065232875e-05,0.0002589763739,0.0006719059979,ok,4,1,1.367232496,1.591827395,-1.441071402,1.563257703,0.1608490505,-0.0201596259,0.07318909397,-1.330568644,1.613011928,1.24638298,1.414001212,0.08175320384,0.1341892628,-0.6206900616,1.366854855,1.584457779,-1.432080847,1.563276952,0.1515027326,-0.02101173669,0.08289717095,-1.330241555,1.610145542,1.243250326,1.415312032,0.08332094231,0.1333996654,-0.6232408258
8.05,24.234,-0.09408992495,-0.08940516762,0.02128353123,0.002128353123,402,-0.09365629434,-0.08956194568,0.04881751082,0.0009156125877,-0.0170441337,-0.04295438273,0.0008432031452,0.00054636182,-0.06552969664,0.0514873825,-0.06552969664,0.0514873825,0,-0.01802707915,-0.04218207199,0.008346605193,0.196321553,0.243203,0.008877354276,0.0004137996001,0.000113766049,0.002583378084,0.001687316042,ok,4,1,1.367346744,1.591202869,-1.439517958,1.562864788,0.1599170838,-0.02036407527,0.07401981668,-1.330425385,1.612403792,1.246273788,1.414440727,0.08183886025,0.1342223691,-0.621149856,1.368039449,1.592582639,-1.441481173,1.563294202,0.1597708972,-0.01947544668,0.07374166591,-1.331101897,1.612450605,1.246518199,1.415475895,0.08057482275,0.1330110418,-0.6202972913
8.06,24.244,-0.09387523383,-0.0893836985,0.02165455351,0.002165455351,403,-0.09567561927,-0.08956537457,-0.1229704589,0.00250240676,-0.0170889552,-0.04286571205,0.0003237555481,0.0002599047158,-0.1233314276,-0.07254958153,-0.1233314276,-0.07254958153,0,-0.01893892662,-0.04395395577,0.008350710856,0.2103435443,0.192743,0.001333258724,0.0002559260265,0.0002167154516,0.001138963352,0.0005168198601,ok,4,1,1.36718606,1.591345785,-1.440792065,1.563041116,0.1594401304,-0.02028373212,0.07464402391,-1.330778081,1.612412842,1.246319685,1.414480771,0.08190808148,0.1340975358,-0.6211839465,1.368242474,1.593449221,-1.442427967,1.563311752,0.1604780271,-0.01923858731,0.07290318,-1.330720969,1.611063998,1.244697515,1.415642585,0.08187122125,0.1329806913,-0.6218537599
8.07,24.254,-0.09365683673,-0.08936185879,0.0220247209,0.00220247209,403,-0.09629951677,-0.08952273419,0.04784223667,0.003704061499,-0.0172386777,-0.04295007867,0.0005396952962,0.000403045689,0.07733623683,0.354708761,0.07733623683,0.354708761,0,-0.01607863415,-0.03762944726,0.008340133987,0.527282096,0.156759,0.002097647736,0.0003029854277,5.182299911e-05,0.001672791485,0.00114531818,ok,4,1,1.367202974,1.591351573,-1.441019223,1.563324474,0.1595413425,-0.02010654269,0.07440085257,-1.330801468,1.612428571,1.245951733,1.41447017,0.08197622358,0.1339413753,-0.6211036787,1.368027147,1.591075648,-1.439605311,1.563329599,0.1578150256,-0.01959838683,0.0757732268,-1.332316128,1.615574559,1.251001057,1.415812091,0.07670340262,0.132382197,-0.6162192468
8.08,24.264,-0.09343474231,-0.08933964935,0.0223940188,0.00223940188,404,-0.09408414321,-0.08952463692,0.06713951516,0.00327569572,-0.01714074136,-0.04239503318,0.0003269787621,0.0003666129383,-0.2791842818,-0.1634401828,-0.2791842818,-0.1634401828,0,-0.02132850559,-0.04484663592,0.008361226148,0.4560189431,0.094772,0.004725637119,8.203404503e-05,0.0002076105859,0.0008312731156,0.001240466527,ok,4,1,1.367493787,1.591492163,-1.440328692,1.563046858,0.1593951991,-0.02009669086,0.07429087682,-1.330884861,1.612705907,1.246857953,1.414784227,0.08142903974,0.1338754598,-0.6207267671,1.368715612,1.595673241,-1.444888882,1.563347744,0.1623914778,-0.01867012876,0.07067280562,-1.330609899,1.610216058,1.243714663,1.415984415,0.08234283804,0.1327244774,-0.6226122983
8.09,24.274,-0.0932089593,-0.08931707105,0.02276243261,0.002276243261,404,-0.09580802549,-0.08944061373,0.003341024269,0.002398159387,-0.01759365593,-0.04261252031,0.000513686998,0.0003643703508,-0.5517578721,-0.3241174519,-0.5517578721,-0.3241174519,0,-0.02587002401,-0.04747428209,0.008380643617,0.8263063679,0.07408,0.003715998869,0.0001354683526,0.0001954420999,0.00148665141,0.001177963595,ok,4,1,1.367581723,1.591957242,-1.441201435,1.563379974,0.1596990778,-0.01982188737,0.07411258673,-1.330800743,1.612638878,1.24597987,1.414792648,0.08143679271,0.1336132667,-0.6206218253,1.369305163,1.59966769,-1.449464498,1.563366187,0.1663299038,-0.01783124866,0.06627165888,-1.330009757,1.60820515,1.241031337,1.41615955,0.08431537278,0.132757238,-0.6249273728
8.1,24.284,-0.09297949665,-0.08929412479,0.02312994781,0.002312994781,405,-0.09648124868,-0.08941610988,0.07460345596,0.0004486588547,-0.01850472268,-0.04311367154,0.0008373283475,0.000612551249,-0.3446341455,-0.09100747108,-0.3446341455,-0.09100747108,0,-0.02367423486,-0.0444787836,0.008372164181,0.5178077162,0.084504,0.007086664319,0.0002868068897,0.0002304619735,0.002486092466,0.00192965092,ok,4,1,1.36767418,1.592689331,-1.442377834,1.563675012,0.160414535,-0.01956717666,0.07330171507,-1.330771294,1.612384564,1.245355952,1.414671858,0.08187329848,0.1334011756,-0.6211140022,1.369179803,1.597867408,-1.447308044,1.563384925,0.1642562546,-0.01809233463,0.06849025068,-1.330810764,1.610279711,1.243994078,1.416337465,0.08180051529,0.132368938,-0.6222501906
8.11,24.294,-0.09274636339,-0.08927081146,0.02349654987,0.002349654987,405,-0.09418023338,-0.08943042275,0.1250652155,-7.509866304e-05,-0.01915483002,-0.04332247026,8.642141309e-05,0.0001744862758,0.08745170385,0.2919164896,0.08745170385,0.2919164896,0,-0.01784305446,-0.03894372292,0.008349362919,0.4669504279,0.138892,0.004823946027,4.767436233e-05,0.0001105354684,0.0002372134792,0.0006287256105,ok,4,1,1.368013901,1.593356725,-1.442484098,1.563332669,0.1609846274,-0.01947430743,0.07245066633,-1.330756862,1.611967872,1.245650411,1.415037553,0.08192338052,0.1334079284,-0.6214995255,1.36865357,1.592943622,-1.441518835,1.56340396,0.1589366996,-0.01892791577,0.07428363556,-1.33222313,1.614208665,1.249503273,1.416518179,0.07725387624,0.1318124183,-0.6173138146
8.12,24.304,-0.09250956875,-0.08924713199,0.02386222433,0.002386222433,406,-0.09172431783,-0.08945173711,0.01534129249,0.002800256066,-0.01911652619,-0.04293034823,0.0009642765388,0.0008445960096,0.3242887855,0.2101084739,0.3242887855,0.2101084739,0,-0.0142521944,-0.03977872112,0.008336161661,0.544573093,0.151955,0.004011743579,0.0003726756769,0.0003003053224,0.002728545272,0.00279691126,ok,4,1,1.368264382,1.593652132,-1.441955844,1.562834308,0.1608271186,-0.01952276257,0.07243225554,-1.330826277,1.611808695,1.246390112,1.415640787,0.08126561982,0.1334140343,-0.621192267,1.368360618,1.589949748,-1.437968785,1.563423289,0.15561345,-0.01938805766,0.07787798647,-1.332076657,1.613494384,1.24861864,1.416701678,0.07779093236,0.1316999348,-0.6180368068
8.13,24.314,-0.09226912204,-0.08922308732,0.02422695675,0.002422695675,406,-0.09207188707,-0.08941073968,-0.1196956596,0.003690166007,-0.01859863365,-0.04257623999,0.0007204502804,0.0005160435302,0.1048354954,-0.04517186806,0.1048354954,-0.04517186806,0,-0.01702610122,-0.04325381801,0.008347389735,0.2362148221,0.197309,0.004775775544,0.000310080045,0.0001278682678,0.002121196132,0.001654043709,ok,4,1,1.368265327,1.593275103,-1.441573373,1.562850233,0.1603321934,-0.01945224,0.07310221093,-1.330883804,1.611857588,1.246300205,1.415870879,0.0806003992,0.1331567186,-0.6206024592,1.368787978,1.592425682,-1.440780886,1.563442913,0.1579700452,-0.01885222345,0.07521498637,-1.331283756,1.61085398,1.245083586,1.416887952,0.08043451205,0.1317692868,-0.6211062245
8.14,24.324,-0.0920250328,-0.0891986784,0.02459073273,0.002459073273,407,-0.09416542433,-0.08934827532,-0.07652176042,0.004610400426,-0.01834821036,-0.04258201833,0.0002400209648,0.0003243889832,-0.2787078023,-0.2123191059,-0.2787078023,-0.2123191059,0,-0.02252882739,-0.04576680492,0.00836996544,0.4336312804,0.192875,0.002027221193,8.839760143e-05,0.0001940656003,0.0006374457627,0.001167550801,ok,4,1,1.368119069,1.592937577,-1.44198423,1.563332347,0.1599972664,-0.0192837017,0.07362277987,-1.331004477,1.611973241,1.245711461,1.415632872,0.08054073962,0.1327728645,-0.6204181994,1.369507889,1.59725098,-1.446320542,1.56346283,0.1627575213,-0.01787220376,0.06987106566,-1.330723169,1.608914247,1.242512884,1.417076999,0.08230776768,0.1317720454,-0.6233204285
8.15,24.334,-0.09177731062,-0.08917390618,0.02495353791,0.002495353791,407,-0.09546380283,-0.08930893478,0.04438022023,0.0009071775856,-0.01873218377,-0.04286811596,0.000826029136,0.0007233755708,-0.2873740792,-0.3822363019,-0.2873740792,-0.3822363019,0,-0.02304279495,-0.04860166048,0.008372771742,0.5679990846,0.167053,0.004126351806,0.0003480695021,0.0002142385819,0.002330285521,0.002416990415,ok,4,1,1.368146702,1.593124628,-1.442803751,1.563714478,0.1602096402,-0.01905452842,0.07333976603,-1.331125317,1.611908253,1.245297144,1.415454461,0.08090997178,0.1325383967,-0.6207475105,1.369679165,1.597788972,-1.446874889,1.56348304,0.1630919822,-0.01768290001,0.06943227986,-1.330074919,1.606741445,1.239617153,1.417268817,0.08443531416,0.1318031747,-0.6258198741
8.16,24.344,-0.09152596532,-0.08914877165,0.02531535797,0.002531535797,408,-0.09460130959,-0.08929034623,0.1623948978,-0.0001150398469,-0.01922042002,-0.04351389353,0.0004926139577,0.0004643891729,0.1355017275,-0.1535866857,0.1355017275,-0.1535866857,0,-0.01718789411,-0.04581769382,0.008349933484,0.286473146,0.166768,0.005161457216,0.0001453964252,0.000160484805,0.00130870804,0.001558535282,ok,4,1,1.368380937,1.593627084,-1.44297299,1.563704217,0.1606095411,-0.01893011669,0.07268611512,-1.330979457,1.611367661,1.244778611,1.415651397,0.08137069398,0.132486287,-0.6213729608,1.369156593,1.592851482,-1.441064765,1.563503542,0.1577448097,-0.01850788349,0.07525549476,-1.330831473,1.608653274,1.242363628,1.41746336,0.08207650359,0.131414683,-0.6233271745
8.17,24.354,-0.0912710068,-0.0891232758,0.02567617862,0.002567617862,408,-0.09178793252,-0.08930596812,0.1114503422,0.001147463753,-0.01907838446,-0.04387323188,0.0005899144182,0.0004108881994,0.140019834,-0.03580644354,0.140019834,-0.03580644354,0,-0.01697808695,-0.04441032853,0.008349760738,0.2983540385,0.098332,0.002669664454,0.0003084585755,0.0001027794592,0.001823142062,0.001294002362,ok,4,1,1.368702736,1.593832653,-1.442145431,1.563227039,0.1604144741,-0.01899653133,0.07266359686,-1.330818788,1.610776724,1.244866837,1.416211272,0.08140392684,0.1325215573,-0.6218114012,1.369253548,1.592769467,-1.440896949,1.563524335,0.1574309337,-0.01843157811,0.07553025359,-1.331242755,1.609563628,1.2437266,1.417660657,0.08081386076,0.1311284287,-0.6220565045
8.18,24.364,-0.09101244513,-0.08909741963,0.02603598562,0.002603598562,409,-0.09152078613,-0.08929672235,-0.06315783817,0.002082244901,-0.01887570613,-0.04398893609,0.0004905563673,0.0003875323486,0.3443022072,0.324852109,0.3443022072,0.324852109,0,-0.01371117302,-0.03911615445,0.008337934226,0.5645213765,0.074936,0.002549248129,0.0001838277004,0.0001458164345,0.001406884109,0.001271716957,ok,4,1,1.368775013,1.593869745,-1.442239772,1.56308256,0.1599801819,-0.0189532953,0.07316794487,-1.330879572,1.61044784,1.244736035,1.416564955,0.08128742172,0.1324135589,-0.6218889988,1.369004324,1.590062312,-1.437674027,1.563545419,0.1543878182,-0.01882568159,0.07881315863,-1.332604973,1.613309517,1.24898934,1.417860696,0.07644277822,0.1305745701,-0.6173275052
8.19,24.374,-0.09075029051,-0.08907120417,0.02639476477,0.002639476477,409,-0.09071462195,-0.08929478129,-0.0515071164,0.004309609758,-0.01830256856,-0.04347559071,0.0006793508162,0.0006044272619,0.2447349578,-0.2513896227,0.2447349578,-0.2513896227,0,-0.01463154419,-0.04724643505,0.008341973885,0.4610535841,0.039316,0.004960023661,0.0001345495578,0.0002541379388,0.001876539007,0.001992397243,ok,4,1,1.368819119,1.593462626,-1.441763432,1.562988709,0.159292166,-0.01893228015,0.07385313497,-1.3311053,1.610659031,1.245386898,1.416828773,0.08078521099,0.1322685626,-0.6214789265,1.36923546,1.590953554,-1.438637063,1.563566793,0.155079318,-0.01857371239,0.07797802959,-1.330661957,1.607265675,1.240776362,1.41806348,0.08279506866,0.1309590755,-0.6245374518
8.2,24.384,-0.09048455331,-0.08904463045,0.02675250189,0.002675250189,410,-0.09292722711,-0.08919526183,-0.05904014578,0.004536301708,-0.01781404716,-0.04382440584,0.0003106082413,0.0003347015612,0.2828266025,0.107421644,0.2828266025,0.107421644,0,-0.01357164812,-0.04221308118,0.008338739449,0.4793303705,0.06558,0.003715784639,5.582440577e-05,0.00023741432,0.0008114721334,0.001194107523,ok,4,1,1.368715682,1.593049444,-1.441645238,1.563478492,0.1587951026,-0.01876310013,0.07447086564,-1.331025985,1.610527219,1.244185224,1.416727027,0.08086576119,0.131927026,-0.62140281,1.369237172,1.590145847,-1.437621156,1.563588456,0.1540017989,-0.01861961383,0.0790924675,-1.331973195,1.610814554,1.245777486,1.418268955,0.07862941787,0.1304083959,-0.6200403837
8.21,24.394,-0.09021524399,-0.08901769952,0.02710918287,0.002710918287,410,-0.09188088082,-0.08920758704,0.01781462988,0.001340434158,-0.01731533837,-0.0436431113,5.83009898e-05,6.06074506e-05,0.1489397883,-0.19360511,0.1489397883,-0.19360511,0,-0.01508124154,-0.04654718795,0.008344978564,0.3343389193,0.058198,0.004216483619,4.238493028e-05,6.041853271e-05,0.0001500899538,0.0001984877863,ok,4,1,1.368796008,1.592653597,-1.441108917,1.563430388,0.1582182825,-0.01878935265,0.07495822049,-1.331215528,1.610597,1.244717005,1.416825628,0.08074255967,0.1317614689,-0.6214963833,1.369540318,1.591545837,-1.439174324,1.563610407,0.1552153594,-0.01827587295,0.07767930436,-1.330966271,1.607534404,1.241373616,1.418477168,0.08194583619,0.1305205256,-0.6238748003
8.22,24.404,-0.08994237322,-0.08899041244,0.02746479363,0.002746479363,411,-0.09252014291,-0.08915648951,0.02748267448,0.001899516342,-0.01701902647,-0.04394547925,0.0003083872258,0.0002669384887,0.09823151678,-0.331118077,0.09823151678,-0.331118077,0,-0.01554555372,-0.0489122504,0.008347478534,0.5219265486,0.034117,0.002790479525,8.428375384e-05,8.814533563e-05,0.0008132205078,0.000909106914,ok,4,1,1.368856505,1.592458351,-1.440960469,1.563569717,0.157856941,-0.01868247714,0.07533411923,-1.331206643,1.610276375,1.244164096,1.416981191,0.08084136424,0.1315845573,-0.6216433557,1.369721146,1.592050049,-1.439683117,1.563632646,0.1554940875,-0.01808656959,0.07729586535,-1.33043999,1.605690243,1.23894483,1.418688093,0.08368663582,0.1304968929,-0.6259572339
8.23,24.414,-0.08966595173,-0.08896277029,0.02781932012,0.002781932012,411,-0.09240955811,-0.08912772773,0.06224199132,0.000897934865,-0.01682651739,-0.04450498296,0.0003401993295,0.0003095667113,-0.1618925631,-0.1695082039,-0.1618925631,-0.1695082039,0,-0.01925490583,-0.04704760602,0.008362923133,0.2997515128,0.049759,0.004550496105,7.591481905e-05,0.0001424066887,0.0008895753036,0.001027231539,ok,4,1,1.368938379,1.592348422,-1.440782181,1.563661494,0.1575967931,-0.01859405292,0.07554618271,-1.331104145,1.6098454,1.243495326,1.417120381,0.08117643736,0.1314229029,-0.6221179148,1.370262602,1.595345937,-1.443435728,1.563655172,0.1586632329,-0.01738683499,0.0737214778,-1.330973654,1.606923636,1.240763331,1.418901683,0.08204711006,0.1301600877,-0.6242777511
8.24,24.424,-0.08938599048,-0.08893477417,0.02817274835,0.002817274835,412,-0.09204789333,-0.08913187053,0.04663101945,0.001357110485,-0.01708619809,-0.04481145572,0.0003249356218,0.0002293261866,-0.204029724,-0.06866335124,-0.204029724,-0.06866335124,0,-0.02014664395,-0.04584140598,0.00836720198,0.358717463,0.159454,0.00271243534,0.0001869475851,5.085351399e-05,0.0009471330666,0.0006746401282,ok,4,1,1.369060319,1.592633502,-1.441263624,1.563624236,0.1576078652,-0.01848858837,0.07542568984,-1.331184185,1.609466686,1.243401926,1.417319453,0.0813963275,0.131317528,-0.6225378812,1.370493256,1.596220676,-1.44437282,1.563677983,0.1593187757,-0.01712759903,0.07291928408,-1.331343468,1.607676387,1.241919886,1.419117964,0.08093140106,0.1298693947,-0.623183242
8.25,24.434,-0.08910250048,-0.08890642517,0.02852506438,0.002852506438,412,-0.09143213951,-0.08911768032,0.0563369763,0.002849622641,-0.01743747109,-0.04495472798,0.0001695674516,0.0001472714493,-0.02350325696,-0.08901868761,-0.02350325696,-0.08901868761,0,-0.01779001994,-0.0462900083,0.008358552015,0.1933702978,0.159144,0.003163986201,0.0001102517859,0.0001223640026,0.0004761152284,0.000345035147,ok,4,1,1.369225528,1.59305669,-1.441538458,1.563552473,0.1577805393,-0.01835543697,0.07506672992,-1.331224818,1.609156304,1.243328007,1.417611257,0.08137613485,0.131215386,-0.6226599919,1.370365696,1.594303591,-1.44206387,1.56370108,0.157077832,-0.01737511735,0.07531345304,-1.331299526,1.607222601,1.241413817,1.419336936,0.08113584065,0.129697388,-0.6235605243
8.26,24.444,-0.08881549294,-0.08887772441,0.02887625428,0.002887625428,413,-0.09056737839,-0.08908022588,0.05376084793,0.003314840088,-0.01750584934,-0.04513746216,0.0001144459737,9.43109701e-05,0.2805863917,-0.04505546018,0.2805863917,-0.04505546018,0,-0.01329705346,-0.04581329406,0.008341882623,0.4852654938,0.040393,0.001688899983,0.0001100053252,3.727734612e-05,0.0003843596005,0.0003160696674,ok,4,1,1.369434015,1.593355774,-1.441318201,1.563486011,0.1577564689,-0.0182534386,0.0749589454,-1.331130365,1.608911501,1.243030525,1.417907415,0.08129911512,0.1310630386,-0.6227061445,1.369992513,1.590552629,-1.437619976,1.56372446,0.1529309568,-0.01794298705,0.07981160034,-1.331488347,1.607441195,1.241836406,1.419558571,0.08059903669,0.1294552673,-0.6231141957
8.27,24.454,-0.08852497919,-0.08884867304,0.02922630419,0.002922630419,413,-0.08941949784,-0.08905189351,0.02072385139,0.00273338218,-0.01707768412,-0.04524698212,0.0004537793528,0.000357630663,0.01995867118,-0.09024259448,0.01995867118,-0.09024259448,0,-0.01677830405,-0.04660062104,0.008355995514,0.1955553867,0.031142,0.004374706231,0.0002720671204,1.397923681e-05,0.001330111861,0.001141978115,ok,4,1,1.369617223,1.593225663,-1.44067675,1.563377975,0.1572832018,-0.01824504923,0.07543689411,-1.331062651,1.608692957,1.242897488,1.418198106,0.08113843025,0.1308845845,-0.6227610319,1.370525741,1.593656147,-1.441147151,1.563748124,0.1558899414,-0.01728589662,0.07646363315,-1.33136102,1.606737403,1.240988808,1.419782877,0.08107055595,0.1293028077,-0.6237925446
8.28,24.464,-0.08823097071,-0.08881927219,0.02957520031,0.002957520031,414,-0.09029688994,-0.08902175099,-0.02768599452,0.002511389191,-0.01702057539,-0.04538222419,0.0001089178012,3.758867387e-05,0.05734879896,-0.2983377576,0.05734879896,-0.2983377576,0,-0.01616034341,-0.04985729055,0.008354273172,0.4917023103,0.029726,0.001767584362,8.018199584e-05,2.907092358e-05,0.0003803733908,0.0001117540531,ok,4,1,1.369635793,1.593174188,-1.441227739,1.563558032,0.1570079193,-0.01810555917,0.07584477024,-1.331176122,1.608504988,1.242577492,1.418278038,0.08115297951,0.1306350976,-0.6228519564,1.37059587,1.593237977,-1.440577575,1.563772071,0.1551937607,-0.01725633494,0.07715049894,-1.330614789,1.604232491,1.237660468,1.420009858,0.08351425421,0.1293271503,-0.6266691265
8.29,24.474,-0.08793347908,-0.08878952303,0.02992292884,0.002992292884,414,-0.09055496085,-0.08897430624,0.03264962847,0.002039121317,-0.01688411871,-0.04586956896,0.0002487119125,0.0002197786412,0.05591237172,0.1675308198,0.05591237172,0.1675308198,0,-0.01604543314,-0.04335660667,0.008354569089,0.3254372904,0.0306,0.004196573326,9.086530244e-05,0.000126640266,0.0006722847269,0.0007363997233,ok,4,1,1.369685399,1.593022064,-1.441120194,1.563727349,0.1568351168,-0.01795470959,0.07593901872,-1.331130867,1.608126976,1.241857042,1.41837986,0.08140955811,0.1304270321,-0.6232020132,1.370723319,1.593253735,-1.440511324,1.563796299,0.1549440538,-0.0171467261,0.07734338634,-1.332310627,1.608839434,1.244130229,1.420239405,0.07815518521,0.1286473405,-0.6208576991
8.3,24.484,-0.08763251607,-0.08875942673,0.03026947607,0.003026947607,415,-0.08917789496,-0.08900400155,0.0284701631,0.002251291921,-0.01679966986,-0.04562588585,0.0002234319942,0.0002419668345,0.03524124622,0.1780112386,0.03524124622,0.1780112386,0,-0.01627105117,-0.04295571727,0.008356239522,0.3463446281,0.054882,0.002979088386,2.378236666e-05,0.0002063490512,0.000519073039,0.0008202379133,ok,4,1,1.369844174,1.593100908,-1.440938888,1.56352773,0.1565672482,-0.01793906826,0.07604006076,-1.331331975,1.608017084,1.242545971,1.418688641,0.0811342736,0.1303177456,-0.6232077781,1.370890055,1.593563692,-1.440785964,1.563820808,0.1549959224,-0.01698259017,0.07720213254,-1.332482244,1.608997898,1.24447379,1.420471631,0.07767082732,0.1284032205,-0.6204768076
8.31,24.494,-0.08732809354,-0.08872898447,0.03061482831,0.003061482831,415,-0.08899143812,-0.08896566715,0.006487327526,0.004846365295,-0.01674116843,-0.04533776237,0.0001607402751,0.0001773732961,0.1773589402,-0.5193312168,0.1773589402,-0.5193312168,0,-0.01408078433,-0.05312773063,0.00834855134,0.849126447,0.081258,0.003029014956,1.884793492e-05,0.0001486161329,0.0003866302685,0.0005265641608,ok,4,1,1.369984484,1.593206561,-1.440932994,1.563513134,0.1563581065,-0.01783240487,0.07619622269,-1.33143459,1.608020643,1.242688597,1.418989692,0.08069984227,0.1301315659,-0.6228055884,1.370783341,1.591798169,-1.438645183,1.56384476,0.1528939529,-0.01718602268,0.07943791594,-1.32999959,1.601446092,1.234197332,1.420706584,0.0856401455,0.1289192663,-0.6295111542
8.32,24.504,-0.08702022353,-0.08869819747,0.03095897193,0.003095897193,416,-0.09005455775,-0.08884919327,0.01242842808,0.002299410614,-0.0164099619,-0.04616586652,0.0003936507544,0.0004350287528,0.1358119547,-0.2098269612,0.1358119547,-0.2098269612,0,-0.01437278258,-0.04931327094,0.00835046052,0.3527150437,0.276761,0.00686451275,9.230667196e-05,0.0003774615525,0.0009269081822,0.001489557178,ok,4,1,1.370059633,1.593047138,-1.440535262,1.563850887,0.1560824671,-0.01762809157,0.07652705812,-1.331130154,1.607611696,1.241061845,1.419029701,0.08110614998,0.1298115003,-0.6231745878,1.370960344,1.592167363,-1.438985783,1.563868771,0.1530015972,-0.0170099469,0.07923073784,-1.331039679,1.604084545,1.237968974,1.420944037,0.08242547782,0.1284111285,-0.6260897438
8.33,24.514,-0.08670891817,-0.08866706694,0.03130189334,0.003130189334,416,-0.08888658501,-0.08887566742,0.04767446032,-0.0006059621688,-0.01618930284,-0.04654399893,3.128589057e-05,8.053383052e-05,0.4698022008,0.1108119413,0.4698022008,0.1108119413,0,-0.009142269829,-0.04488181981,0.008331669994,0.7570123638,0.130642,0.003165803377,3.527052819e-05,7.823481323e-05,0.0001099487522,0.0001994123574,ok,4,1,1.370189265,1.592928281,-1.440433354,1.563776679,0.1556943986,-0.01761065805,0.0768925778,-1.331213139,1.607181547,1.241134778,1.419189014,0.08139591749,0.1296563924,-0.623833347,1.370496586,1.587793609,-1.433806446,1.563893048,0.1481878207,-0.01765634197,0.08446270144,-1.332226745,1.607176455,1.242358309,1.421184087,0.07871320574,0.127866588,-0.6221157111
8.34,24.524,-0.08639418978,-0.0886355941,0.03164357901,0.003164357901,417,-0.08712647972,-0.08889158634,0.01800538397,0.002990471529,-0.0154160329,-0.04643103784,0.0005989002706,0.0004913427708,0.23041372,0.3254358172,0.23041372,0.3254358172,0,-0.0119598271,-0.04154950058,0.008343041773,0.51731438,0.039626,0.006850174528,0.0002053408285,0.0002598950899,0.00166853209,0.00160021074,ok,4,1,1.370305698,1.592461908,-1.439395779,1.56345273,0.1548499027,-0.017715769,0.07761252692,-1.331345783,1.606796381,1.241620119,1.419689138,0.08104844728,0.1296030337,-0.6238295413,1.370970918,1.590334958,-1.436672718,1.563917591,0.1505422637,-0.01710065732,0.08177033705,-1.333123741,1.609472446,1.245640936,1.421426778,0.07587530348,0.1274149425,-0.6191173796
8.35,24.534,-0.08607605076,-0.0886037802,0.03198401544,0.003198401544,417,-0.08750093005,-0.08886616021,-0.05592382123,0.005459076947,-0.01499447974,-0.04589957688,0.0002493782399,0.0003248906543,0.3341643214,0.2355539948,0.3341643214,0.2355539948,0,-0.009982014923,-0.04236626695,0.008336417116,0.5490634287,0.090105,0.004662235434,6.467003816e-05,0.0002373773842,0.000548817133,0.001042735737,ok,4,1,1.370328115,1.592268586,-1.439497826,1.563463477,0.1541142683,-0.01765514538,0.07837499161,-1.331608368,1.607065488,1.242041807,1.419984776,0.08053753892,0.1294153908,-0.6233048604,1.370889144,1.588757877,-1.434745914,1.563942399,0.148623634,-0.01725821724,0.08380131818,-1.332997723,1.60873293,1.244758396,1.421672056,0.07635728804,0.1272404598,-0.6198184817
8.36,24.544,-0.08575451368,-0.08857162649,0.0323231892,0.00323231892,418,-0.08761396554,-0.08880145225,-0.0107444823,0.005253109245,-0.01439266925,-0.04546372426,9.062383971e-05,0.0001387475006,-0.1663091034,-0.283470422,-0.1663091034,-0.283470422,0,-0.01688730581,-0.04971578059,0.008363772758,0.4827526594,0.074468,0.004862665409,3.808975516e-05,4.732797694e-05,0.0001829848407,0.0004737130397,ok,4,1,1.370380296,1.591810476,-1.438906812,1.563639168,0.1534862994,-0.01755373051,0.07897491701,-1.331709575,1.607407348,1.242142443,1.420136331,0.08002567152,0.1291207179,-0.6227431387,1.371830564,1.59481621,-1.441699134,1.563967471,0.1546125895,-0.01608138286,0.07708535529,-1.331236481,1.603221536,1.237314917,1.421919959,0.08206646399,0.1275231996,-0.6263444866
8.37,24.554,-0.08542959123,-0.08853913424,0.0326610869,0.00326610869,418,-0.08977197995,-0.08871752846,0.008508476723,0.002045763456,-0.01458251874,-0.04583864099,0.0009317609508,0.0007011560595,-0.4951485395,-0.07341102511,-0.4951485395,-0.07341102511,0,-0.02200974683,-0.04693980636,0.008385639995,0.7417357034,0.057983,0.004116176069,0.0003218767075,0.0003223708606,0.002698178731,0.002249714746,ok,4,1,1.37041901,1.591931491,-1.439627219,1.564169979,0.1535412718,-0.01723886601,0.07901429021,-1.331689369,1.607337712,1.241149217,1.419974272,0.08029523169,0.1287199047,-0.6228902819,1.372542145,1.599348848,-1.446870036,1.563992806,0.159007834,-0.01514541808,0.07212795796,-1.332011729,1.605101315,1.240039037,1.422170349,0.07967003731,0.1270894482,-0.623842625
8.38,24.564,-0.08510129624,-0.08850630474,0.03299769519,0.003299769519,419,-0.0891192748,-0.08871885737,0.1360782755,0.001553708091,-0.01539557219,-0.04595551648,0.0007999308529,0.0004439006825,-0.3139729798,0.02558832988,-0.3139729798,0.02558832988,0,-0.02010516688,-0.04557169154,0.008378611504,0.5099973521,0.035319,0.006612871468,0.0003614696293,0.00010333501,0.0024799115,0.001307931006,ok,4,1,1.370635462,1.592735977,-1.440553778,1.564227212,0.1540012581,-0.01704358736,0.07827787701,-1.331878587,1.607226317,1.241428445,1.420074938,0.08053027891,0.1285721868,-0.6232918333,1.372488613,1.59783595,-1.44501839,1.564018403,0.1571508148,-0.01530418445,0.07408764426,-1.332433734,1.605952651,1.241348493,1.422423309,0.07839812308,0.1267544982,-0.6225951032
8.39,24.574,-0.08476964167,-0.08847313929,0.03333300079,0.003333300079,419,-0.08706465257,-0.08870749808,0.121196127,0.001474685787,-0.01599410912,-0.04595402796,7.854258869e-05,0.0002147792666,0.08094527572,0.2256120592,0.08094527572,0.2256120592,0,-0.01477992998,-0.04256984707,0.008357967607,0.4455835414,0.059904,0.004421983083,1.815397883e-05,0.0001414237816,0.0002421714143,0.0008097557205,ok,4,1,1.371005449,1.593495058,-1.440596407,1.563892009,0.1544522544,-0.01691620763,0.07750014495,-1.331888313,1.606891893,1.24172407,1.420638509,0.08027050204,0.1285370619,-0.6233499947,1.372053068,1.593382341,-1.439748223,1.564044262,0.1522496306,-0.01598198207,0.07941680382,-1.333257435,1.608000076,1.244296706,1.422678823,0.07581466662,0.1263120443,-0.6198880791
8.4,24.584,-0.08443464061,-0.08843963918,0.03366699045,0.003366699045,420,-0.08508249487,-0.08870218343,0.02864176044,0.00376473438,-0.01595277935,-0.04564099047,0.0006552075667,0.0006547679153,0.2679542005,0.3708188534,0.2679542005,0.3708188534,0,-0.01193346634,-0.04007870767,0.008348041312,0.5965817545,0.029523,0.003788713702,0.0003420762217,0.0001878484871,0.001775279935,0.002230861638,ok,4,1,1.37127182,1.593831031,-1.440094751,1.563551453,0.1543010321,-0.01688920944,0.07752115614,-1.331895385,1.606749969,1.242111837,1.421196588,0.07960338032,0.1283892659,-0.6229876774,1.371878685,1.59106498,-1.436955633,1.564070381,0.1495507067,-0.01626000328,0.08230832371,-1.333953127,1.609674164,1.246731266,1.422936879,0.07363756278,0.1259050029,-0.6176352834
8.41,24.594,-0.08409630629,-0.08840580575,0.03399965101,0.003399965101,420,-0.08462358805,-0.08866978038,-0.07773470106,0.00472804373,-0.0155414706,-0.04502836989,0.0006691096202,0.0006121777695,-0.1469861567,0.09678556025,-0.1469861567,0.09678556025,0,-0.01774626295,-0.04357658649,0.008371753064,0.298944448,0.094836,0.005123496549,0.0002650533465,0.0001551167046,0.001848176019,0.002034732928,ok,4,1,1.371375622,1.593569997,-1.439829741,1.563463276,0.1538233654,-0.01679719105,0.07813828389,-1.33209273,1.60692431,1.242546639,1.421514423,0.07876105933,0.1280788566,-0.6223159093,1.372694891,1.596193143,-1.442819186,1.56409676,0.1545539792,-0.01523828988,0.07667142235,-1.333167893,1.606961957,1.243153702,1.42319746,0.07625807983,0.1258933754,-0.6207292892
8.42,24.604,-0.08375465207,-0.08837164033,0.03433096931,0.003433096931,421,-0.08715046643,-0.08860041239,-0.08361344417,0.004178601773,-0.01571037542,-0.04477409353,0.0005200581161,0.000392033886,-0.2045274675,0.1703829467,-0.2045274675,0.1703829467,0,-0.01877828743,-0.04221834933,0.008376901042,0.3612524594,0.137333,0.00259302267,0.0002337449609,0.0001410063281,0.001608792894,0.00126656065,ok,4,1,1.371279724,1.59360012,-1.44085529,1.563997817,0.1537709683,-0.01650426275,0.07834181218,-1.332351669,1.607149391,1.242155547,1.421357795,0.07844939403,0.127627802,-0.6218767704,1.372967061,1.597212645,-1.443904483,1.564123397,0.1553019321,-0.01493320346,0.07574411392,-1.333585018,1.607803901,1.244449863,1.423460555,0.07498510396,0.1255571146,-0.6194870535
8.43,24.614,-0.08340969142,-0.08833714426,0.03466093229,0.003466093229,421,-0.08679308884,-0.08857209055,0.08553052407,0.003448974457,-0.01601964985,-0.04444035394,0.000426920955,0.0003026827735,0.1662463099,0.007571696769,0.1662463099,0.007571696769,0,-0.0135259552,-0.04432677849,0.008356790217,0.349490357,0.066011,0.003377597838,0.0002075630424,7.711960521e-05,0.001287870945,0.0009808510808,ok,4,1,1.371448324,1.593835047,-1.441117348,1.564144432,0.1539561525,-0.01630796058,0.07795209843,-1.332563683,1.607372057,1.242558981,1.42142724,0.07817197252,0.1273606307,-0.621665822,1.372539434,1.59282736,-1.438708969,1.564150292,0.1504612489,-0.01558305125,0.08100700793,-1.333144532,1.606105296,1.242265687,1.423726155,0.07648930016,0.1254476893,-0.6213408493
8.44,24.624,-0.08306143798,-0.08830231892,0.03498952691,0.003498952691,422,-0.08526419413,-0.08852579009,0.08899229509,0.002420629481,-0.01576815804,-0.04443653323,0.000189753586,0.000127030985,0.2412216365,-0.3805560172,0.2412216365,-0.3805560172,0,-0.01214983349,-0.05014487349,0.00835244109,0.6187897325,0.06714,0.003268802213,0.0002253477562,9.804092101e-05,0.0006687342273,0.0002655642997,ok,4,1,1.371741575,1.593893238,-1.440224073,1.56399418,0.1537300511,-0.01624333808,0.07798330275,-1.332480477,1.607181255,1.242541623,1.421841494,0.07785165942,0.1271766857,-0.6215895676,1.372541918,1.591778384,-1.437388161,1.564177443,0.1490652886,-0.01563636174,0.08245389853,-1.331760837,1.60169661,1.236353726,1.423994301,0.08096340054,0.1256035984,-0.6265062936
8.45,24.634,-0.08270990548,-0.08826716567,0.03531674021,0.003531674021,422,-0.08523437563,-0.0884687025,0.04372160321,0.0007036581032,-0.01537680686,-0.04507762808,0.000155168903,0.000214382366,0.3509273529,0.1630527675,0.3509273529,0.1630527675,0,-0.01011289657,-0.04263183656,0.008345548786,0.6176218575,0.133272,0.005244735115,0.0002158086961,0.0002706345472,0.0003850236063,0.0005588100872,ok,4,1,1.37189431,1.59377194,-1.439920752,1.56407305,0.1532567314,-0.01614769096,0.07858016095,-1.332290031,1.606649406,1.241598461,1.422087241,0.07809493423,0.126915047,-0.6220326247,1.372469575,1.590162551,-1.435407271,1.56420485,0.1470805128,-0.0157852348,0.08455300784,-1.333729997,1.607034179,1.243829549,1.424264822,0.07475306962,0.1248315133,-0.6197666586
8.46,24.644,-0.08235510782,-0.0882316859,0.03564255926,0.003564255926,423,-0.08351676959,-0.08851285931,-0.002624489741,0.001840699119,-0.01480569586,-0.04486038816,0.0005156731607,0.0004579565887,0.3803929687,-0.17645365,0.3803929687,-0.17645365,0,-0.009099801332,-0.04750719291,0.008342610584,0.6462722102,0.068308,0.005387122162,0.0001155554146,0.0001930634423,0.001363259221,0.001531290028,ok,4,1,1.371987288,1.593370023,-1.43951973,1.563805308,0.152467635,-0.01621692411,0.07933122515,-1.332564747,1.606421933,1.242410327,1.422470288,0.07780682548,0.1267782012,-0.6221653281,1.372516481,1.589428071,-1.434450301,1.564232511,0.1460049129,-0.01578035391,0.08564430186,-1.332592837,1.603307117,1.238864364,1.424537895,0.07847053204,0.1249072794,-0.6240923241
8.47,24.654,-0.08199705899,-0.08819588102,0.03596697121,0.003596697121,423,-0.08445113719,-0.08844523304,-0.01680342288,0.004161516466,-0.01410990035,-0.04514366168,4.318368656e-05,7.30725643e-05,0.2104963213,0.2186845392,0.2104963213,0.2186845392,0,-0.01095245553,-0.04186339359,0.008350607289,0.4249771205,0.034496,0.005720544226,3.702224041e-05,5.962296501e-05,8.016595904e-05,0.0002802607041,ok,4,1,1.371960433,1.592833954,-1.439039975,1.563970846,0.1517254571,-0.01611755192,0.08011911354,-1.332572012,1.606026586,1.241659184,1.422710796,0.07775580842,0.1265150422,-0.6221451736,1.372898078,1.591157928,-1.436358569,1.564260427,0.1474756859,-0.01535401792,0.08391203866,-1.334089283,1.607278989,1.244460985,1.424813376,0.07375235396,0.1242676312,-0.6190184056
8.48,24.664,-0.08163577313,-0.08815975243,0.03628996324,0.003628996324,424,-0.08384656715,-0.08844791909,-0.00306163597,0.004164483538,-0.01372228368,-0.04478661884,0.0001528155265,0.0001435918752,0.2073401809,0.04854902253,0.2073401809,0.04854902253,0,-0.01061218097,-0.0440583835,0.008350228502,0.4134521035,0.053236,0.003656476059,0.000118817043,0.0001505758384,0.000369774116,0.0004169122021,ok,4,1,1.372031617,1.592532327,-1.438907449,1.563956145,0.1511297272,-0.01606476263,0.080649708,-1.332829342,1.606126998,1.242198283,1.422923865,0.07740883001,0.126277062,-0.6219466909,1.373026685,1.591004136,-1.43607517,1.564288594,0.1469952062,-0.01524819883,0.08434187767,-1.333629987,1.605508174,1.242186799,1.425091332,0.07531867599,0.124150612,-0.6209499776
8.49,24.674,-0.0812712645,-0.08812330157,0.0366115226,0.00366115226,424,-0.08401575018,-0.08838115897,0.01986272481,0.004868840682,-0.01332783246,-0.04468381742,9.03062158e-05,0.0001049228843,0.2391027808,0.04921932146,0.2391027808,0.04921932146,0,-0.009741290743,-0.04394552759,0.008347804452,0.4608641582,0.029843,0.003655172358,6.772007798e-05,1.747395285e-05,0.0002316105169,0.0003505599408,ok,4,1,1.372130948,1.59231154,-1.43849712,1.564075039,0.1506503785,-0.01592571935,0.08103591928,-1.332907442,1.606106066,1.242007863,1.423156482,0.07712874951,0.1260057751,-0.6216859816,1.373095514,1.590395375,-1.435261829,1.564317014,0.146041737,-0.01521874551,0.08529562701,-1.33374402,1.605427855,1.242228602,1.425371727,0.07503190823,0.1238804446,-0.6208179585
8.5,24.684,-0.0809035475,-0.08808652987,0.03693163661,0.003693163661,425,-0.0835378942,-0.0883415027,0.03241631529,0.003363841908,-0.01290717702,-0.04459102841,2.828591621e-05,4.546743589e-05,-0.08799174428,-0.113176249,-0.08799174428,-0.113176249,0,-0.01422705318,-0.04628867214,0.008366096741,0.256179269,0.112812,0.004077949205,2.053207431e-05,4.543180962e-05,7.602211714e-05,0.0001660080625,ok,4,1,1.372266845,1.592140233,-1.438008186,1.564117628,0.1501196862,-0.01583577892,0.08149466148,-1.332975486,1.606108948,1.242011943,1.423399601,0.07688705785,0.1257416367,-0.6215833999,1.37378457,1.594393228,-1.439803654,1.564345684,0.1498463264,-0.01440244386,0.08096997578,-1.333242312,1.603547156,1.239803539,1.425654562,0.07671370568,0.1237737239,-0.6228818186
8.51,24.694,-0.08053263663,-0.08804943878,0.03725029262,0.003725029262,425,-0.084161553,-0.08829566245,0.03222010376,0.002657190496,-0.01301921233,-0.04474692755,0.0004460336117,0.0003460008454,0.007760100067,0.3714516163,0.007760100067,0.3714516163,0,-0.01290281083,-0.03917515331,0.008361945708,0.6103374845,0.084551,0.002390953341,0.0001966532344,0.0001058825678,0.001279215283,0.001103743465,ok,4,1,1.372383143,1.592277283,-1.438524317,1.564310801,0.1500095498,-0.01562440419,0.08161864883,-1.333061936,1.605938109,1.241666342,1.423539793,0.07690849897,0.1254505807,-0.6216898832,1.373803953,1.593397219,-1.43853808,1.564374603,0.1484867421,-0.01443693504,0.08237220413,-1.335103814,1.608597458,1.246872398,1.425939786,0.07080512413,0.1230391501,-0.6164865483
8.52,24.704,-0.08015854655,-0.08801202977,0.03756747805,0.003756747805,426,-0.0822980628,-0.08831645314,0.05232958775,0.003262837975,-0.01302429834,-0.04415153598,0.0002169776694,0.0002704763145,0.04895942286,0.4215071797,0.04895942286,0.4215071797,0,-0.01228990699,-0.03782892829,0.008360545714,0.6787090714,0.061172,0.005503759773,5.166098053e-05,0.0002440828998,0.0004923404047,0.0009163568081,ok,4,1,1.372607721,1.592442238,-1.438309826,1.564079382,0.1498118962,-0.01555793135,0.08156646845,-1.333355756,1.606042249,1.242744173,1.423949497,0.0763088839,0.1252965552,-0.6213719492,1.373907024,1.593013967,-1.437984056,1.564403771,0.1477578193,-0.01436558,0.08307413803,-1.335522477,1.609420653,1.248149868,1.426227419,0.06952179318,0.1226880701,-0.6152482728
8.53,24.714,-0.07978129201,-0.08797430432,0.03788318038,0.003788318038,426,-0.08173008428,-0.08827320669,0.004802442488,0.006066367455,-0.01295536346,-0.04344687878,0.0002659649231,0.0002770272753,0.3191004694,-0.1677980721,0.3191004694,-0.1677980721,0,-0.008168856418,-0.04596384986,0.00834579744,0.5645317292,0.080127,0.005945277301,6.206818007e-05,0.0001785545606,0.0006927467063,0.0008862220642,ok,4,1,1.372807956,1.592644771,-1.438170992,1.564007179,0.1495568017,-0.01543719485,0.08171407274,-1.333542476,1.606304656,1.243303414,1.424366155,0.07546707049,0.1250510304,-0.6205759935,1.373600751,1.589616461,-1.433923428,1.564433187,0.1439114844,-0.0147985813,0.08723638619,-1.333588446,1.603281845,1.239909967,1.42651747,0.07585026851,0.1229411911,-0.6224967302
8.54,24.724,-0.07940088793,-0.08793626391,0.03819738714,0.003819738714,427,-0.08221774571,-0.08815539123,0.02221531709,0.004085722451,-0.01240403366,-0.04368268151,0.0001719476599,0.0002445873437,0.0573524572,-0.183473289,0.0573524572,-0.183473289,0,-0.01154374681,-0.04643478084,0.008359612796,0.3491981864,0.118632,0.005134919379,0.0002091008529,0.0003267959432,0.0004181841782,0.000813632845,ok,4,1,1.372932025,1.592388267,-1.437465127,1.564266562,0.1490464038,-0.01526411722,0.08227973273,-1.333368801,1.606258511,1.242314879,1.424525787,0.07531810304,0.1246555647,-0.6204187725,1.374173054,1.592663427,-1.437356881,1.564462849,0.1467218108,-0.01414817628,0.08400778963,-1.333558456,1.602766529,1.239362455,1.426809889,0.07602388533,0.1226991127,-0.6228859416
8.55,24.734,-0.07901734929,-0.08789791005,0.03851008594,0.003851008594,427,-0.0824646395,-0.08813636541,0.02486208586,0.000641702712,-0.01228422509,-0.04395233594,0.0003411427542,0.0002870015299,0.384290427,0.3556793332,0.384290427,0.3556793332,0,-0.006519868689,-0.03861714594,0.008341744094,0.6639133363,0.043288,0.00325062959,8.657804663e-05,0.0002100695512,0.0009588317133,0.000879794989,ok,4,1,1.373019736,1.592287282,-1.437845625,1.564436857,0.1487104431,-0.01511282505,0.08271214512,-1.333508632,1.606017158,1.242098997,1.424582419,0.07548056818,0.1243273429,-0.6208467313,1.373756642,1.588493371,-1.432394367,1.564492756,0.1420713098,-0.01469860311,0.08906336747,-1.335600442,1.608332862,1.24713584,1.427104656,0.06953919633,0.1219158802,-0.6158534844
8.56,24.744,-0.07863069128,-0.08785924425,0.03882126443,0.003882126443,428,-0.08005190237,-0.0881766754,0.04680882141,0.002993098798,-0.01165220901,-0.04341122477,0.0005418214119,0.0004938368393,0.3705076277,0.5180732012,0.3705076277,0.5180732012,0,-0.006094594595,-0.03564012676,0.008341162378,0.7908276045,0.060994,0.005887594356,0.0001263575069,0.0003019063826,0.001474587229,0.001649186133,ok,4,1,1.373180464,1.591898545,-1.43688729,1.56407145,0.1479589041,-0.01518642859,0.08323206224,-1.333833122,1.605883947,1.243310476,1.425112322,0.0748455567,0.1242269631,-0.6206403995,1.373885165,1.58827642,-1.432029678,1.564522907,0.1415039356,-0.01459042167,0.0895843651,-1.336421213,1.610352179,1.250047015,1.42740177,0.06693728065,0.1214601773,-0.6131511891
8.57,24.754,-0.07824092911,-0.08782026803,0.03913091032,0.003913091032,428,-0.07968746226,-0.08813947749,-0.05973787324,0.006445883434,-0.01101196322,-0.04256014084,0.0004659948239,0.0004759140187,0.01075916737,0.2556777,0.01075916737,0.2556777,0,-0.01085057571,-0.03872497534,0.008359902564,0.4701767054,0.034311,0.00697159827,0.0001027608875,0.0002683041377,0.001235561895,0.001558695127,ok,4,1,1.373283747,1.591620102,-1.436411504,1.563941011,0.1470780443,-0.01514159945,0.08405990493,-1.334118252,1.606237272,1.244050052,1.42560368,0.07390887892,0.1240102916,-0.6197516335,1.374632361,1.592512885,-1.436845496,1.564553302,0.1455353977,-0.01374903854,0.08499459918,-1.33575802,1.607907808,1.246875925,1.427701284,0.06920711187,0.1213646079,-0.6158816248
8.58,24.764,-0.07784807822,-0.08778098294,0.03943901139,0.003943901139,429,-0.0814542859,-0.08805499856,-0.03998336922,0.005255357249,-0.01092659643,-0.04204017165,0.0004625312758,0.0002948881564,0.4371628165,-0.4624470174,0.4371628165,-0.4624470174,0,-0.004369154186,-0.04897687691,0.008336808161,0.74199817,0.033161,0.004158801424,0.0002439594474,0.0001190968125,0.001426412786,0.0008889775355,ok,4,1,1.3732942,1.591558527,-1.436955665,1.564374194,0.1467644252,-0.01486679966,0.08445135923,-1.334342606,1.606735766,1.243925173,1.425628674,0.07336591329,0.1235782137,-0.6190339823,1.374040953,1.587094457,-1.430426928,1.564583939,0.1395883036,-0.01449135362,0.0914923104,-1.333277227,1.600207328,1.236505191,1.428003138,0.07723201278,0.1217517649,-0.6250314338
8.59,24.774,-0.07745215408,-0.08774139053,0.03974555547,0.003974555547,429,-0.08142565645,-0.08795454512,0.05982951104,0.001964738552,-0.01015567138,-0.04273351123,0.0004337978968,0.0005874045879,-0.1869009584,-0.05710408464,-0.1869009584,-0.05710408464,0,-0.01295918575,-0.0435900725,0.008370234179,0.3749693095,0.096181,0.006753786545,0.0001233628946,0.000481943151,0.0009515551682,0.001981332851,ok,4,1,1.373419466,1.590879934,-1.435564952,1.564686868,0.1463420901,-0.01471992221,0.08487091359,-1.33402801,1.606248443,1.242594803,1.425663134,0.07350964595,0.1231301812,-0.619336605,1.37524171,1.594629627,-1.439076644,1.564614816,0.1470178296,-0.01310321071,0.08312103674,-1.334732374,1.603980586,1.241838176,1.428307246,0.07269264107,0.1211053847,-0.6201728133
8.6,24.784,-0.07705317234,-0.08770149235,0.04005053047,0.004005053047,430,-0.08089206434,-0.08798284683,0.05870301686,0.001124301799,-0.01043693087,-0.04285878743,0.0004213580395,0.000342337663,-0.1273300499,-0.187940374,-0.1273300499,-0.187940374,0,-0.01234688162,-0.04567789304,0.008368865085,0.3669666448,0.097995,0.003430644822,0.0002469667357,9.498102751e-05,0.001218090674,0.001094800942,ok,4,1,1.373586467,1.591198983,-1.436493289,1.564618706,0.1461594802,-0.01461135943,0.08500278319,-1.334343907,1.605938503,1.243035663,1.425845381,0.07368896535,0.1229013854,-0.6198844642,1.375356673,1.594256298,-1.438526886,1.564645934,0.1462781291,-0.01302018172,0.08382923327,-1.334301701,1.602268837,1.239663882,1.428613701,0.07415632172,0.1209534562,-0.6220098484
8.61,24.794,-0.07665114874,-0.08766128999,0.04035392434,0.004035392434,430,-0.08027278581,-0.08794822946,0.09075426095,0.002592729311,-0.0106446443,-0.04318984996,0.0002752797716,0.0002525992489,-0.2824406028,0.08926051855,-0.2824406028,0.08926051855,0,-0.01488125334,-0.04185094219,0.00837992593,0.5095011068,0.062002,0.003104732401,0.0001353468494,6.799746574e-05,0.0006978581819,0.0007952247495,ok,4,1,1.373773304,1.591496006,-1.436572929,1.564567022,0.1461881822,-0.01444566139,0.08472793837,-1.334379757,1.605373569,1.242739127,1.426305584,0.07373167141,0.1227758479,-0.6201354091,1.375834908,1.596591017,-1.441123115,1.56467729,0.1483275598,-0.0124806653,0.08143412518,-1.335354986,1.60490109,1.2434277,1.428922442,0.07086390997,0.120418781,-0.6185445043
8.62,24.804,-0.07624609916,-0.08762078504,0.04065572511,0.004065572511,431,-0.07920448687,-0.0879414462,0.06472685462,0.004419208383,-0.01114502256,-0.0430826899,8.886008171e-05,0.0001530080577,0.08873486519,0.2751327455,0.08873486519,0.2751327455,0,-0.009813999578,-0.03895569871,0.008360943032,0.5155161675,0.063515,0.004435824923,9.725455116e-05,0.0001735472899,0.0001250385892,0.0003781214589,ok,4,1,1.374036295,1.592155192,-1.437090206,1.564423667,0.1463597265,-0.01427524458,0.08434548088,-1.334479178,1.605208738,1.242982615,1.426740135,0.07347279831,0.1225882307,-0.620061459,1.375440674,1.592387497,-1.436120899,1.564708883,0.1436349786,-0.01303840475,0.08653897936,-1.336173504,1.606849526,1.246255162,1.429233471,0.06831763664,0.1199454553,-0.6159125063
8.63,24.814,-0.07583803959,-0.08757997908,0.04095592086,0.004095592086,431,-0.07747241003,-0.08790384571,0.0359149304,0.005952661047,-0.0110522125,-0.04266015059,0.0005392223053,0.000438059707,0.85314399,-0.667502284,0.85314399,-0.667502284,0,0.001744947353,-0.05267268486,0.008319864363,1.367629372,0.097685,0.00448360977,0.0002134197651,0.0001833889733,0.001558165168,0.001438815173,ok,4,1,1.374319787,1.59241779,-1.436577496,1.564219106,0.1461167825,-0.01418338896,0.08438047179,-1.334563321,1.605246968,1.243418896,1.427230125,0.07280124641,0.1223586121,-0.6195913016,1.374225347,1.582614785,-1.424627062,1.564740713,0.1331798092,-0.01444887256,0.09805676552,-1.332798332,1.596595776,1.232398954,1.429546811,0.07912555637,0.120555522,-0.6281764154
8.64,24.824,-0.07542698614,-0.08753887373,0.04125449973,0.004125449973,432,-0.07674339219,-0.08777110905,0.07634867074,0.002256180554,-0.009668597101,-0.04377230014,0.0008904388778,0.0005255573366,0.2004602551,-0.06339560449,0.2004602551,-0.06339560449,0,-0.006661693274,-0.0447232342,0.008351225198,0.4811887493,0.070149,0.01250362439,0.0005869214876,0.0004842581103,0.003020832028,0.001321320183,ok,4,1,1.374545251,1.591261661,-1.434507817,1.564354955,0.1452489768,-0.01410965022,0.08555314112,-1.333905171,1.60433663,1.241302363,1.427519784,0.07292652088,0.1219110539,-0.6199484367,1.375444856,1.589992815,-1.433096972,1.564772694,0.1404370893,-0.01312324978,0.08986508532,-1.334925197,1.602241106,1.24030557,1.429862229,0.07251671922,0.1197175959,-0.6210156102
8.65,24.834,-0.07501295502,-0.08749747062,0.04155144996,0.004155144996,432,-0.07783993216,-0.08781265594,-0.1623986894,0.0004525856448,-0.009240201103,-0.0438967742,0.0001236075453,0.0001115994882,-0.4755009413,0.3852303624,-0.4755009413,0.3852303624,0,-0.01637271522,-0.03811831876,0.008390544689,0.7506258932,0.061794,0.003838888674,0.0001252797443,4.98532668e-05,0.000409101006,0.0003757946645,ok,4,1,1.37441843,1.591014348,-1.43536298,1.564472671,0.144275978,-0.01400998544,0.08676110332,-1.33442167,1.604039964,1.24165198,1.427520696,0.07318469134,0.1215597128,-0.6205741559,1.37675999,1.598505783,-1.442869239,1.564803608,0.1488402561,-0.011554622,0.08039057043,-1.336670393,1.606918017,1.246854895,1.430178298,0.06697918253,0.1190124128,-0.6150514442
8.66,24.844,-0.0745959626,-0.08745577138,0.0418467598,0.00418467598,433,-0.07908845701,-0.08781943826,-0.00670034794,0.007140735226,-0.009932203854,-0.04322758797,0.0007609710015,0.0006256162219,-0.2652751505,0.5212586522,-0.2652751505,0.5212586522,0,-0.01391133111,-0.03540870819,0.008381515851,0.8279134302,0.062928,0.007015435953,0.0006705297888,0.0004100168195,0.002414596746,0.001746150901,ok,4,1,1.374388056,1.591490347,-1.437020242,1.564699366,0.1443915542,-0.0137362127,0.08639736501,-1.335103582,1.604210556,1.24263819,1.427706446,0.07285134696,0.1213963015,-0.6201700098,1.376677709,1.596547117,-1.440473752,1.564834744,0.146454602,-0.01173522277,0.0829278061,-1.337435322,1.608731547,1.249492159,1.430496562,0.06457221266,0.118557216,-0.612580294
8.67,24.854,-0.07417602533,-0.08741377765,0.0421404176,0.00421404176,433,-0.07703101948,-0.08774862706,0.1433257549,0.008359313027,-0.01040033103,-0.04235973869,0.000129618622,0.0002469517802,-0.2133109719,0.5125021338,-0.2133109719,0.5125021338,0,-0.0135999956,-0.03467220669,0.008381378766,0.8262440908,0.059237,0.007442495144,0.0001327017826,0.000243124205,0.0001424894601,0.0007015353926,ok,4,1,1.374834423,1.592261301,-1.436721907,1.564530891,0.1446301743,-0.01351977241,0.08558233074,-1.335189846,1.604857134,1.243466296,1.428303031,0.0720147078,0.1212769429,-0.6192237563,1.37683687,1.596440752,-1.440227797,1.564866102,0.1459720177,-0.01159824477,0.0833448811,-1.337715763,1.609088659,1.250149247,1.430817062,0.06375226689,0.1182149832,-0.6118805702
8.68,24.864,-0.0737531598,-0.0873714911,0.04243241177,0.004243241177,434,-0.07607810768,-0.08768353243,0.02901337033,0.00600469668,-0.01082783305,-0.04146794981,0.0002185608167,0.0003225902656,-0.02748880722,0.178602621,-0.02748880722,0.178602621,0,-0.01124016516,-0.03878891049,0.008373035791,0.4146349193,0.101864,0.007234720412,0.000141547635,5.764581923e-05,0.0005763598769,0.001154614418,ok,4,1,1.375225054,1.593120288,-1.436864361,1.564476667,0.1447972408,-0.01329360551,0.08526273374,-1.335286554,1.605490119,1.244105682,1.428726122,0.0709869873,0.1209247205,-0.6182852573,1.376762624,1.594572602,-1.4379345,1.564897679,0.1436739657,-0.01175325147,0.08578464179,-1.336801506,1.605862539,1.245936454,1.431139833,0.06684063811,0.118150544,-0.6155419179
8.69,24.874,-0.07332738268,-0.08732891339,0.04272273079,0.004272273079,434,-0.07624247901,-0.08759852495,0.01615955158,0.004273619803,-0.01091173887,-0.04110196167,0.0001269753759,0.0001692468503,0.1433671564,0.2654083371,0.1433671564,0.2654083371,0,-0.008761231523,-0.03712083661,0.008364318695,0.5088417203,0.090196,0.003515015039,0.0001868929561,0.0002174752627,0.0003647669148,0.0005027207649,ok,4,1,1.375432188,1.593418391,-1.436952389,1.564668079,0.1447795632,-0.0130486019,0.08533744663,-1.335383007,1.605707783,1.244025671,1.428897096,0.07035565315,0.120466586,-0.6177769572,1.376673529,1.592603397,-1.435522469,1.564929475,0.1412695602,-0.01192017295,0.08834332141,-1.337312624,1.606904477,1.24752714,1.4314647,0.06526723595,0.1177503122,-0.6140046246
8.7,24.884,-0.0728987108,-0.0872860462,0.04301136318,0.004301136318,435,-0.07544232224,-0.08757988254,0.01013483896,0.002385242491,-0.01069267426,-0.04062763799,0.0001722830542,0.0002186701361,0.01684017479,0.03629922122,0.01684017479,0.03629922122,0,-0.01044007164,-0.04008314967,0.008372026223,0.2631542888,0.059207,0.00447238806,0.0001664065971,6.87312439e-05,0.0004186491363,0.0006692675555,ok,4,1,1.375599544,1.593345248,-1.436789985,1.564660559,0.1444261943,-0.01293663482,0.08568809533,-1.335649537,1.605804618,1.244610696,1.429160248,0.06973962401,0.120122284,-0.6174526849,1.37706781,1.59421249,-1.437267332,1.564961489,0.1425459295,-0.0114968609,0.08679831145,-1.336678392,1.604528226,1.244470817,1.431791791,0.06742317986,0.1176182433,-0.6166291535
8.71,24.894,-0.07246716108,-0.08724289123,0.04329829756,0.004329829756,435,-0.07598272604,-0.08752897101,0.01700133463,0.003124220432,-0.01063756086,-0.04052647867,0.0002381954033,0.0001601497393,0.3530851901,-0.2273926735,0.3530851901,-0.2273926735,0,-0.005341283011,-0.04393736877,0.008353657392,0.6378517541,0.042379,0.002398135771,4.047245029e-05,0.0001109484248,0.000687992913,0.0005088290889,ok,4,1,1.375702414,1.593302331,-1.437103739,1.564818262,0.1441973668,-0.01273111426,0.08594900814,-1.33583035,1.605664902,1.244474885,1.429393655,0.06942572144,0.1197772313,-0.6172628604,1.376662255,1.58999406,-1.432236566,1.56499372,0.1378188493,-0.01201345541,0.09194698743,-1.335812569,1.601495456,1.240517408,1.432121011,0.07029603918,0.1175452665,-0.6200553786
8.72,24.904,-0.07203275055,-0.08719945018,0.04358352259,0.004358352259,436,-0.07533428044,-0.08747171479,0.05920567105,0.002126389703,-0.01002429594,-0.04090391283,0.0001487671685,0.0001827742603,0.4771516919,-0.1102061346,0.4771516919,-0.1102061346,0,-0.002867020566,-0.04255700485,0.008345477443,0.8181043836,0.136161,0.005777614041,0.0001716324138,0.0002129362824,0.0003650051488,0.0005175157837,ok,4,1,1.375836192,1.592926002,-1.436192362,1.564860784,0.1435964633,-0.01262892676,0.08644491833,-1.33576285,1.605250293,1.243888961,1.429709204,0.06942179547,0.119478399,-0.6174975445,1.376565822,1.588034034,-1.429830016,1.565026166,0.1354154195,-0.01216019131,0.09450538401,-1.336260323,1.60231864,1.241818663,1.432452374,0.06895086479,0.1171494903,-0.6187768656
8.73,24.914,-0.07159549636,-0.08715572476,0.04386702703,0.004386702703,436,-0.07424356897,-0.08746155434,0.03537814029,0.002041121469,-0.009221013959,-0.04111648828,0.0002243951344,0.0001541376932,0.4681532979,-0.1116434932,0.4681532979,-0.1116434932,0,-0.00219871449,-0.04279114068,0.008344106933,0.8049789065,0.03623,0.007244707739,0.000196737672,3.401974348e-05,0.0006529527821,0.0004237994503,ok,4,1,1.375978116,1.592454822,-1.435406382,1.56474245,0.1426601273,-0.01262998162,0.08739383315,-1.335831131,1.604795646,1.243871412,1.430089254,0.06936422641,0.1192302073,-0.6177990332,1.376687202,1.587627614,-1.429229497,1.565058826,0.1346103382,-0.01205788584,0.09528092414,-1.336303602,1.601950645,1.241498539,1.432785869,0.06890490401,0.1168503815,-0.6189493553
8.74,24.924,-0.07115541578,-0.0871117167,0.04414879966,0.004414879966,437,-0.07396651713,-0.08743096993,0.01067207302,0.00335905106,-0.008400947125,-0.04132471826,0.0001304660357,7.875277287e-05,0.04258209094,0.3570641577,0.04258209094,0.3570641577,0,-0.007762215761,-0.03596875589,0.008366053414,0.6128310951,0.031704,0.007080900311,4.790629198e-05,4.051158222e-05,0.0003414392368,0.0002362513555,ok,4,1,1.376053021,1.591836782,-1.434875392,1.564749928,0.1416912385,-0.012575876,0.08842433629,-1.335916629,1.604341459,1.243627041,1.430441029,0.06929629168,0.1189628689,-0.6179413046,1.377563075,1.592579092,-1.434860363,1.565091699,0.1393207962,-0.01111131909,0.08990033678,-1.338107967,1.606790406,1.248260549,1.433121432,0.06316798073,0.1161339864,-0.6127727965
8.75,24.934,-0.07071252618,-0.08706742774,0.04442882938,0.004442882938,437,-0.07367710045,-0.08743807206,-0.01295644123,0.00581795889,-0.008281122179,-0.04073708227,0.000224988866,0.0002308958497,0.06546235085,0.4846727848,0.06546235085,0.4846727848,0,-0.007299186916,-0.0334669905,0.008365413982,0.783581686,0.045474,0.005578893167,0.000304238211,0.0002879048882,0.0006698161366,0.0006220734814,ok,4,1,1.376141663,1.591692829,-1.435345088,1.564739934,0.1412081308,-0.01244135809,0.08882684927,-1.336321051,1.604458232,1.244439572,1.430756697,0.06874687389,0.1186950094,-0.617526034,1.377713449,1.592351153,-1.434465975,1.565124783,0.1386942218,-0.01098134674,0.09047415285,-1.33883065,1.608443332,1.250684683,1.433459108,0.06091105703,0.1156771818,-0.6104805318
8.76,24.944,-0.07026684504,-0.08702285962,0.04470710513,0.004470710513,438,-0.07313795433,-0.08737987985,0.01528932923,0.007953678897,-0.008133035145,-0.03991060564,0.0001548074015,0.0002008483667,0.3175241053,-0.08958157897,0.3175241053,-0.08958157897,0,-0.003370173565,-0.04125432932,0.008351607734,0.5878459251,0.036129,0.006942349214,0.0001409419601,0.0002135846838,0.0003598421384,0.0004998206266,ok,4,1,1.376311219,1.591745059,-1.435017527,1.564746686,0.1408782308,-0.01226062592,0.08886994885,-1.336599668,1.60487715,1.245101464,1.431148515,0.06785340625,0.1184003989,-0.616627985,1.377449508,1.589143961,-1.430606577,1.565158079,0.1349997715,-0.01132012832,0.09447347107,-1.337000034,1.602490755,1.242783199,1.433799001,0.06695302532,0.1158056202,-0.617450717
8.77,24.954,-0.06981838996,-0.08697801412,0.04498361591,0.004498361591,438,-0.07342721322,-0.08724880412,0.03989532013,0.005215672255,-0.007575521769,-0.04000696566,0.0002304840591,0.000264380555,0.3475389481,0.1880322695,0.3475389481,0.1880322695,0,-0.002362437548,-0.03718648162,0.008349055263,0.6439865151,0.072931,0.005328948885,0.0001798732889,0.0003034054336,0.0005298210465,0.0009165147008,ok,4,1,1.376491211,1.591640305,-1.434088876,1.564983053,0.1403287204,-0.01205381231,0.08935807228,-1.336463236,1.604947982,1.244252842,1.431390152,0.06757820089,0.1179747373,-0.6163525616,1.377531877,1.588449878,-1.429666131,1.565190115,0.1338888553,-0.01125738469,0.09558421722,-1.338119073,1.605295494,1.246778069,1.434140856,0.06343163068,0.1152472873,-0.6137456982
8.78,24.964,-0.06936717864,-0.08693289298,0.04525835082,0.004525835082,439,-0.07215922665,-0.08725068198,0.02831642045,0.001791347118,-0.00700929131,-0.03967829835,0.0001589044914,0.000177342826,0.3239403069,0.4663053155,0.3239403069,0.4663053155,0,-0.002150186706,-0.03268371861,0.008349428612,0.7612802264,0.108404,0.005670756505,0.0001321641959,5.448293417e-05,0.0004084148821,0.0005455310798,ok,4,1,1.376680766,1.591377331,-1.433649571,1.564910514,0.1395596118,-0.01201496472,0.0901698873,-1.336700525,1.604990648,1.244919928,1.431684687,0.06716783599,0.1176535621,-0.616322293,1.377713,1.588440428,-1.429521481,1.565222334,0.1334807356,-0.01108757411,0.09590951082,-1.339336499,1.608426652,1.251207274,1.434484741,0.05955503373,0.1146753447,-0.6096453123
8.79,24.974,-0.0689132289,-0.08688749801,0.045531299,0.0045531299,439,-0.07131041803,-0.08725018596,-0.005423662801,0.004455482453,-0.006450450114,-0.03889914781,0.0003068056618,0.0003298834919,-0.09150910378,0.2593259215,-0.09150910378,0.2593259215,0,-0.007823086671,-0.03500925899,0.008372126876,0.51254504,0.045942,0.006759442138,1.589069638e-05,0.0002334825429,0.0007251073146,0.001096453573,ok,4,1,1.376807058,1.590991295,-1.433348226,1.564794179,0.1387765947,-0.01196238311,0.09092860855,-1.337091969,1.605111127,1.245949728,1.432128775,0.06631447586,0.1173924142,-0.6157034881,1.378604212,1.593492559,-1.43526155,1.565254752,0.1382756883,-0.01012586675,0.09041889989,-1.338866908,1.606503692,1.248785016,1.434830769,0.06118902546,0.1144790004,-0.6116962756
8.8,24.984,-0.06845655865,-0.08684183099,0.04580244969,0.004580244969,440,-0.07260090072,-0.08717675126,-0.01436006459,0.00599060846,-0.006531361463,-0.03840560335,0.0004501317826,0.0003135925786,0.597248137,-0.2941586971,0.597248137,-0.2941586971,0,0.002427360592,-0.0428179838,0.008334832158,0.9603321617,0.035541,0.004536790119,0.0003067844544,5.331466953e-05,0.001381638487,0.0009303648146,ok,4,1,1.376882754,1.591044693,-1.433985929,1.565082586,0.1385914597,-0.01166690568,0.0910894884,-1.337348524,1.605395861,1.245940949,1.432330988,0.06572581558,0.1169899708,-0.615014364,1.377570087,1.58485518,-1.425080445,1.565287367,0.1289881381,-0.01129173669,0.1006679879,-1.337020594,1.600526802,1.240857911,1.435178854,0.06724812156,0.1146001519,-0.6186882349
8.81,24.994,-0.06799718593,-0.08679589371,0.04607179218,0.004607179218,440,-0.07145121747,-0.0870692832,0.07229535516,0.003323791004,-0.005509928795,-0.03886998376,0.000251645962,0.000316092745,0.3808030784,0.08154255897,0.3808030784,0.08154255897,0,0.0002021173809,-0.03764684537,0.008344210934,0.7121362443,0.128369,0.009008230658,0.0003081789691,0.0003866489187,0.000822667547,0.0009687729249,ok,4,1,1.377084798,1.590399809,-1.432002835,1.565177532,0.1378535893,-0.01155716774,0.09165975729,-1.337051061,1.605058154,1.24493883,1.43263033,0.06562068773,0.1165894368,-0.6151330522,1.378053918,1.586943748,-1.427374291,1.565320177,0.1307322268,-0.01079624366,0.09858593725,-1.33842411,1.604143567,1.245958867,1.43552889,0.06282836984,0.1139697428,-0.6139848147
8.82,25.004,-0.06753512887,-0.08674968801,0.04633931583,0.004633931583,441,-0.07054793414,-0.08708522647,0.005549149733,0.00174435023,-0.004869411114,-0.03874671077,0.0001460588038,9.883354048e-05,-0.1873472631,-0.02474565431,-0.1873472631,-0.02474565431,0,-0.007679620061,-0.03911789559,0.008375244928,0.377092684,0.040966,0.006163301186,0.0001173169558,5.20603677e-05,0.0004050861917,0.0002848246591,ok,4,1,1.377223805,1.590127454,-1.431766226,1.565041093,0.136895528,-0.01154689718,0.09271771943,-1.337351699,1.604819064,1.245529731,1.43295014,0.06541341824,0.1162940321,-0.6153593876,1.379219042,1.593898381,-1.435324225,1.565353183,0.1374731045,-0.009544184663,0.0909122994,-1.338164682,1.602848434,1.244392174,1.435880966,0.06376953315,0.1137203602,-0.6152668154
8.83,25.014,-0.06707040571,-0.08670321569,0.04660501008,0.004660501008,441,-0.07185425661,-0.08704620095,0.00217411168,0.004310422565,-0.005107741894,-0.0387599107,0.0006481868711,0.0005104822473,0.2205058634,0.01965332218,0.2205058634,0.01965332218,0,-0.001800153942,-0.03846511086,0.008353991498,0.4715441413,0.03625,0.003686556223,0.0004096300388,5.859867971e-05,0.001943904193,0.001582204584,ok,4,1,1.377276155,1.590211824,-1.432896362,1.565301513,0.1367658405,-0.01126545046,0.09288737267,-1.337636316,1.604539623,1.245345695,1.433178859,0.06532471388,0.1159812834,-0.6152950802,1.378724927,1.589020122,-1.429514972,1.565386382,0.1320503991,-0.01012584358,0.09684375095,-1.33843394,1.60312442,1.244956231,1.436235014,0.06299378158,0.11335127,-0.6146335162
8.84,25.024,-0.06660303481,-0.0866564786,0.04686886445,0.004686886445,442,-0.06966402165,-0.08699670764,0.1213516844,0.005115189462,-0.004738523325,-0.03876108592,0.0002110765327,9.562370221e-05,-0.1953053623,0.1930314004,-0.1953053623,0.1930314004,0,-0.007668103761,-0.03586561492,0.008377680568,0.4379034801,0.038093,0.004354503123,5.800342134e-05,3.280966066e-05,0.0007295311827,0.0002776259364,ok,4,1,1.377571026,1.590080303,-1.431794251,1.565150942,0.1364049022,-0.01114843836,0.09291179964,-1.337574546,1.604358676,1.245357885,1.433688417,0.0650220235,0.1157538387,-0.6151988914,1.379645215,1.594246501,-1.435451937,1.565419774,0.137006028,-0.009139153746,0.09116155,-1.33918697,1.6048422,1.24747309,1.436591021,0.0606429887,0.1128752238,-0.6122430255
8.85,25.034,-0.06613303459,-0.08660947858,0.04713086851,0.004713086851,442,-0.06953175767,-0.08696807406,0.02256734017,0.005075865766,-0.005071171822,-0.03843540804,8.745060224e-05,8.249646542e-05,0.1758500636,-0.1809129119,0.1758500636,-0.1809129119,0,-0.002433420869,-0.04114910172,0.008358748774,0.4163385358,0.057395,0.003942721014,0.0001245691589,9.407560979e-05,0.0002414000565,0.0001961966546,ok,4,1,1.377814619,1.59063254,-1.432526721,1.565140115,0.1363160149,-0.01093013822,0.09293606861,-1.337797926,1.604387995,1.245690955,1.434043615,0.06458570971,0.1154224752,-0.614941685,1.379233006,1.589924057,-1.430288145,1.565453357,0.1321526296,-0.009631548161,0.09645761325,-1.337972768,1.600720733,1.242078217,1.43694905,0.06466133964,0.1128347608,-0.6169646349
8.86,25.044,-0.06566042364,-0.08656221748,0.04739101193,0.004739101193,443,-0.06912687539,-0.08687330495,0.05608415031,0.004537397395,-0.004775752744,-0.03872735331,0.0001199181548,0.000128606568,-0.009867050685,0.2428890169,-0.009867050685,0.2428890169,0,-0.004923758504,-0.03508401805,0.008369520099,0.4955846063,0.096131,0.003814413344,0.0001412351233,0.0001651174611,0.0003686029818,0.0003973317821,ok,4,1,1.378003106,1.590641922,-1.431896091,1.565246951,0.1359670429,-0.01072982698,0.09313676206,-1.337722783,1.604087,1.2449677,1.434389239,0.06446227541,0.115074119,-0.6149667724,1.379749961,1.592247484,-1.432848679,1.56548713,0.1341210406,-0.00909431698,0.09411590105,-1.339598262,1.605002232,1.248072948,1.437308964,0.05950642935,0.1121593093,-0.611445492
8.87,25.054,-0.06518522059,-0.08651469718,0.04764928444,0.004764928444,443,-0.06814437534,-0.08688291182,0.01712484292,0.00365546407,-0.004811801677,-0.0383286519,0.0001736599811,0.0001987158728,0.169538945,-0.4468490779,0.169538945,-0.4468490779,0,-0.002268717502,-0.04503138807,0.008360555611,0.7709114303,0.091177,0.004493313158,1.840580648e-05,0.0001346206016,0.0004079932971,0.000699632629,ok,4,1,1.378218037,1.590870656,-1.432248232,1.565146489,0.1356437734,-0.0106040512,0.09340895264,-1.338034992,1.604086066,1.245703822,1.434749899,0.06399974251,0.114774562,-0.6148313039,1.379648308,1.590146077,-1.43026479,1.565521092,0.1315447788,-0.009237199846,0.09686329407,-1.337206483,1.597424825,1.237994708,1.437670884,0.06729345169,0.1123806431,-0.6203783302
8.88,25.064,-0.06470744422,-0.08646691954,0.04790567583,0.004790567583,444,-0.06899713297,-0.08676123153,0.03878798204,0.004102535982,-0.004491275726,-0.03904556806,0.0003498559784,0.000374694773,0.206521228,-0.2801985443,0.206521228,-0.2801985443,0,-0.001393457306,-0.04324854622,0.008358478155,0.4956371735,0.039438,0.00626700655,6.613416211e-05,0.0002774257726,0.0007874954844,0.001267922077,ok,4,1,1.37834337,1.590740343,-1.431895004,1.565427108,0.1352907011,-0.01033741969,0.0937382829,-1.3378651,1.603486004,1.244261715,1.43500779,0.0642010679,0.1143820585,-0.615092037,1.379760934,1.589576768,-1.42946076,1.565555241,0.1305390773,-0.009141431649,0.09785151733,-1.337766927,1.598529632,1.239691425,1.438034692,0.0655982566,0.1119337438,-0.6187245311
8.89,25.074,-0.06422711338,-0.08641888646,0.04816017598,0.004816017598,444,-0.06782917606,-0.08675036308,0.06802299242,0.001602355327,-0.004143771393,-0.0395434095,7.27527751e-05,0.0001008125833,0.3044669032,0.4447730184,0.3044669032,0.4447730184,0,0.0004232321552,-0.03287181422,0.008352833964,0.7481252274,0.053646,0.004400623229,7.384439823e-05,0.0001011806423,0.0001977624788,0.000246060562,ok,4,1,1.378534155,1.590620262,-1.43157984,1.565388787,0.1347441545,-0.0102360966,0.09421293578,-1.337885281,1.602930255,1.243971253,1.435322982,0.06443043448,0.1140886449,-0.6157070774,1.379759918,1.588198781,-1.427715685,1.565589576,0.1287015971,-0.009166427485,0.09977189477,-1.34047857,1.606006428,1.250012584,1.438400362,0.0569491822,0.1110180612,-0.6093061993
8.9,25.084,-0.06374424704,-0.08637059982,0.04841277486,0.004841277486,445,-0.06545986186,-0.08678313701,0.01472085144,0.005890763335,-0.003652422029,-0.03888242631,0.0006939025896,0.0006798589761,-0.08545976132,0.4306680262,-0.08545976132,0.4306680262,0,-0.004934318449,-0.03242240592,0.008374558758,0.7354121577,0.144853,0.00673141964,9.368016237e-05,0.0004262953035,0.001827046889,0.002265648777,ok,4,1,1.378751682,1.590460699,-1.431110917,1.564972869,0.1339041099,-0.0102654977,0.09484627278,-1.338281558,1.602854614,1.245310414,1.435978563,0.06368060184,0.113942289,-0.6154010567,1.380631116,1.592992428,-1.433144678,1.565624097,0.1331937488,-0.008254413352,0.09459554862,-1.340700069,1.606126366,1.250369017,1.43876797,0.05632648027,0.1106516164,-0.6088519217
8.91,25.094,-0.06325886425,-0.08632206154,0.04866346248,0.004866346248,445,-0.06668622246,-0.08670895759,-0.04911747454,0.00847573705,-0.003751132299,-0.03812422529,0.0002259641408,0.0002289311176,-0.004722947255,0.2521541715,-0.004722947255,0.2521541715,0,-0.003821976508,-0.03434191272,0.008371448834,0.5270730079,0.092959,0.006564557157,0.0002355226814,0.000229340322,0.0007906694963,0.0005483165699,ok,4,1,1.378857815,1.590751596,-1.431897692,1.565176005,0.1335371901,-0.009991244242,0.09514969707,-1.338635201,1.603309568,1.245631225,1.436321436,0.06289103742,0.1136005599,-0.6145043221,1.380721529,1.592221559,-1.432104718,1.565658801,0.1319755477,-0.008189232323,0.09582011048,-1.340335875,1.604485046,1.248348517,1.43913747,0.05762030735,0.1104044797,-0.610539149
8.92,25.104,-0.06277098419,-0.08627327354,0.04891222895,0.004891222895,446,-0.0665919498,-0.08661973446,0.04746597578,0.006725194546,-0.003734114847,-0.03763755766,0.000220492925,7.926534052e-05,-0.04697697982,0.2020440549,-0.04697697982,0.2020440549,0,-0.004438769545,-0.03460689684,0.008375143151,0.4677543902,0.081551,0.004630946216,0.0001136431844,9.450726111e-05,0.0006994075989,0.0002060770872,ok,4,1,1.379064922,1.590855594,-1.431747677,1.56542181,0.1334091783,-0.009703251052,0.09510720062,-1.338743646,1.603736744,1.245658707,1.436543232,0.06225125356,0.113154477,-0.6138505546,1.381019136,1.592939802,-1.43279395,1.565693687,0.1322812382,-0.007893940528,0.09533480885,-1.34038199,1.604071406,1.247987447,1.439508822,0.05757370966,0.1100700961,-0.6107306716
8.93,25.114,-0.06228062611,-0.08622423773,0.04915906445,0.004915906445,446,-0.06614027196,-0.08656198963,0.05113184939,0.004642691684,-0.003811258157,-0.03724924909,0.0002009163511,8.949270867e-05,-0.2744652629,0.1541387737,-0.2744652629,0.1541387737,0,-0.0079282371,-0.03493716748,0.0083902112,0.4982511539,0.04564,0.004135314517,2.315406214e-05,0.0001134927403,0.0006337870349,0.000181686342,ok,4,1,1.379328119,1.591149206,-1.431754094,1.56551199,0.1332947991,-0.009468975561,0.09509655806,-1.338920308,1.603921287,1.24594181,1.436797243,0.06170902418,0.11273594,-0.6135048581,1.381659749,1.596131718,-1.436355736,1.565728755,0.1351178597,-0.007218885272,0.09200778037,-1.340412259,1.603608055,1.247560421,1.439882023,0.0575787941,0.1097372548,-0.6109811089
8.94,25.124,-0.06178780937,-0.08617495606,0.04940395924,0.004940395924,447,-0.06615005551,-0.08652081561,0.04992948378,0.003720843555,-0.004272798959,-0.03694855949,0.0003990861466,0.0002059743369,0.1137618721,0.1443597972,0.1137618721,0.1443597972,0,-0.002566370878,-0.03478316253,0.008370380294,0.4063883987,0.04239,0.004469467967,0.0001441762129,5.345055419e-05,0.001230937593,0.00055220168,ok,4,1,1.379568365,1.59166225,-1.43248395,1.565621401,0.133460672,-0.009188099153,0.09484669408,-1.339167054,1.603902864,1.246189208,1.437078372,0.06125436939,0.1123552006,-0.6132394556,1.381246002,1.591706205,-1.431067818,1.565764002,0.1301507314,-0.007707762444,0.09743935347,-1.340563947,1.603503245,1.247618914,1.440257054,0.0571904854,0.1093772083,-0.6107933103
8.95,25.134,-0.06129255342,-0.08612543046,0.04964690364,0.004964690364,447,-0.06446519218,-0.08647757791,0.07710325651,0.004324223785,-0.004112664912,-0.03671746254,0.0001906422085,0.0001834828157,0.1995392293,0.4951069653,0.1995392293,0.4951069653,0,-0.001119576473,-0.02929085806,0.008366100787,0.8214482191,0.036761,0.003498261608,0.0001858355597,2.359341089e-05,0.0006171390331,0.0005938364237,ok,4,1,1.379866304,1.591773081,-1.431829562,1.565489107,0.1332350178,-0.00904662742,0.09486393965,-1.33923696,1.603751427,1.246434351,1.43757366,0.06068874701,0.1120510459,-0.6129610453,1.381297546,1.590651769,-1.429694601,1.565799428,0.1286341144,-0.007676362281,0.09899830084,-1.342034907,1.60737068,1.253031678,1.440633876,0.05247426482,0.108753481,-0.6057723005
8.96,25.144,-0.06079487783,-0.0860756629,0.04988788807,0.004988788807,448,-0.06296897761,-0.08646456617,-0.004518000676,0.005429406943,-0.003816776994,-0.03591142094,0.0005271033139,0.0005187971802,0.2066590488,-0.06833074242,0.2066590488,-0.06833074242,0,-0.0007168912623,-0.03693638207,0.008365813959,0.4613303283,0.141076,0.007258676656,0.0001957069143,0.0001921086924,0.001402379117,0.001730083698,ok,4,1,1.380115204,1.591825264,-1.431597591,1.565261956,0.1326502965,-0.008966087492,0.0953891608,-1.339557908,1.603948471,1.247456725,1.438111711,0.05973294147,0.1117477295,-0.6122990348,1.381477443,1.590496409,-1.429365764,1.565835032,0.1280369932,-0.007509261982,0.09952459711,-1.34025341,1.601461017,1.245264795,1.441012566,0.05840431422,0.1087796236,-0.6126446534
8.97,25.154,-0.06029480223,-0.08602565534,0.05012690301,0.005012690301,448,-0.06443075753,-0.0863533633,-0.01032863364,0.00567093009,-0.003427633913,-0.03595840712,0.0002623068271,0.0002753838452,0.1212183535,-0.04017506167,0.1212183535,-0.04017506167,0,-0.00160935861,-0.03656103305,0.008370517564,0.3590805959,0.101654,0.004133714322,5.094914917e-05,0.0002347131866,0.0006754697245,0.0009700819512,ok,4,1,1.380168692,1.59156032,-1.431553167,1.56562567,0.1321707075,-0.008691993222,0.09598104915,-1.339602362,1.603818766,1.246607488,1.43830464,0.05938068666,0.1112550729,-0.6119392062,1.381816041,1.591456285,-1.430332334,1.565870811,0.1285799016,-0.007175050979,0.09876946259,-1.340461819,1.601517196,1.245544114,1.441393005,0.05783314685,0.1084026329,-0.6122560391
8.98,25.164,-0.05979234637,-0.08597540976,0.05036393902,0.005036393902,449,-0.06407951287,-0.08631595996,0.05314278259,0.003079561461,-0.003187102495,-0.03599495322,0.0002806009254,0.0002563320651,0.04827839881,-0.07494272292,0.04827839881,-0.07494272292,0,-0.002462926513,-0.03711909407,0.008375094295,0.3278426534,0.04965,0.00316061379,8.242390383e-05,0.0001616581695,0.0007805740595,0.0008282760422,ok,4,1,1.38031964,1.59138962,-1.431521998,1.565762525,0.1317405153,-0.008497901585,0.09635043579,-1.339770622,1.603697366,1.246571483,1.438496794,0.05926886645,0.1108514785,-0.6120603997,1.382150924,1.592383729,-1.431260317,1.565906765,0.1290870472,-0.00684517135,0.09805331605,-1.340437103,1.600878244,1.24488634,1.44177522,0.05801731539,0.1080720472,-0.6127123909
8.99,25.174,-0.05928753007,-0.08592492813,0.05059898675,0.005059898675,449,-0.06360162329,-0.0862814659,0.0665204354,0.003200555161,-0.003079843598,-0.03611303878,0.0002579549325,0.0002247981758,0.2840468287,0.285279423,0.2840468287,0.285279423,0,0.001180858833,-0.03183384743,0.008362270878,0.5784592605,0.103531,0.002906277342,8.794170592e-05,4.617978886e-05,0.0007038198367,0.0007311793229,ok,4,1,1.380516939,1.591426997,-1.431484574,1.565781439,0.1314170899,-0.008309930735,0.09653249844,-1.339917319,1.60331819,1.246512248,1.438868943,0.05914623696,0.1105406788,-0.6122074363,1.381940329,1.589442225,-1.427691461,1.565942892,0.1256324973,-0.007088435597,0.1017905121,-1.34187179,1.604587019,1.250091255,1.442159175,0.05346177984,0.1074458068,-0.6078742853
9,25.184,-0.05878037329,-0.08587421245,0.05083203692,0.005083203692,450,-0.06157868121,-0.08627628462,0.05496008203,0.005045973096,-0.002621764036,-0.03568065191,0.0003840988764,0.0003248879283,0.2873868346,0.5278477073,0.2873868346,0.5278477073,0,0.001689038483,-0.0277629363,0.008361560028,0.8612692216,0.159833,0.005127314568,0.0001391345959,0.0002199549298,0.001071324916,0.001054920759,ok,4,1,1.380769298,1.591348778,-1.430731402,1.565518127,0.1307598119,-0.008260611638,0.09697865653,-1.340124781,1.603197999,1.247263256,1.439463864,0.05849925747,0.110303365,-0.611891162,1.382112092,1.589199603,-1.427258371,1.565979191,0.1249388109,-0.006929615411,0.1024240805,-1.342991969,1.60739806,1.254075525,1.442544871,0.04988656525,0.106894252,-0.6041322736
9.01,25.194,-0.05827089602,-0.08582326472,0.05106308033,0.005106308033,450,-0.06068776738,-0.0862334828,-0.0245619491,0.007491350953,-0.002143362661,-0.03481283951,0.0004667447526,0.0004516134363,0.06308613718,0.1576493829,0.06308613718,0.1576493829,0,-0.001197070604,-0.03244809877,0.008374061571,0.4098015885,0.144277,0.007627602337,0.0001002005223,0.0002446475029,0.001223432398,0.001455877411,ok,4,1,1.380981465,1.591239637,-1.430429627,1.565392418,0.129975603,-0.008142952559,0.0977098127,-1.340434111,1.603538668,1.248097426,1.439998839,0.05751416759,0.1099882014,-0.6110165786,1.38269706,1.59187901,-1.430219716,1.566015661,0.1272317111,-0.006338075169,0.09969706449,-1.341954237,1.603677582,1.249277692,1.442932334,0.0534161517,0.1067496326,-0.6083295418
9.02,25.204,-0.0577591184,-0.08577208696,0.05129210786,0.005129210786,451,-0.06215141278,-0.08612761658,-0.01324309812,0.00646427028,-0.001982022784,-0.03446528801,0.0003656293481,0.0002745194367,0.02062953264,-0.1003045514,0.02062953264,-0.1003045514,0,-0.001672579795,-0.03596985628,0.008377215911,0.317031104,0.073571,0.003562671482,0.0001613375199,0.0001606475403,0.001088563108,0.0009246744715,ok,4,1,1.381070673,1.591171499,-1.43077524,1.565799151,0.1295924249,-0.007814287499,0.09814941395,-1.340610673,1.603833811,1.247732758,1.440151183,0.05697882318,0.1094810579,-0.6103923889,1.382990277,1.592484923,-1.430770867,1.566052299,0.1274011295,-0.006052716807,0.09935752877,-1.341190323,1.600827215,1.245644487,1.443321494,0.05600025867,0.1065598494,-0.611471995
9.03,25.214,-0.05724506062,-0.08572068118,0.05151911046,0.005151911046,451,-0.06227342453,-0.08605872601,0.08028664033,0.003538585675,-0.001903577408,-0.03456174528,0.0005290552935,0.0004741889066,0.2108901441,0.2041473985,0.2108901441,0.2041473985,0,0.001259774754,-0.0314995343,0.008367048034,0.4843608857,0.051676,0.003041695712,0.0001374285149,0.0002675075788,0.001466359098,0.001552700671,ok,4,1,1.381250197,1.591159641,-1.430698673,1.566084773,0.1294148951,-0.007544026637,0.09822884848,-1.340678914,1.60374645,1.247369101,1.440279798,0.05685477558,0.109007256,-0.6104252799,1.382871211,1.590158555,-1.427914605,1.566089106,0.1245712863,-0.006198092031,0.1023938102,-1.342424191,1.603930003,1.250029928,1.443712332,0.05209709828,0.1059744641,-0.6073661626
9.04,25.224,-0.05672874297,-0.08566904942,0.05174407917,0.005174407917,452,-0.05998506112,-0.08605374693,0.08572560907,0.00340123994,-0.001568786385,-0.03424788055,0.0002392990794,0.0002010777174,-0.1015607119,-0.310703516,-0.1015607119,-0.310703516,0,-0.003092197063,-0.03890843329,0.008385409289,0.5661713265,0.063382,0.004344317249,0.0001211810367,0.000110320233,0.0007250460962,0.0006545543949,ok,4,1,1.381569464,1.591148843,-1.429994728,1.565811888,0.1289156035,-0.007471825083,0.09851861363,-1.340885571,1.603560877,1.248157256,1.440813468,0.05634903253,0.108738256,-0.6103460516,1.383636555,1.594102977,-1.432342626,1.56612608,0.1281482593,-0.005420420168,0.09821585,-1.340687447,1.598178987,1.242495543,1.444104872,0.05783600666,0.1059702873,-0.6140367862
9.05,25.234,-0.05621018584,-0.0856171937,0.05196700512,0.005196700512,452,-0.06117597403,-0.08596128275,0.04031006124,0.004007648627,-0.001709196195,-0.03474138381,0.0004952274869,0.0004445982642,0.4906945229,-0.002194434637,0.4906945229,-0.002194434637,0,0.005651221648,-0.03477430033,0.008353239289,0.8578680864,0.094237,0.004856728926,0.0001199902035,0.0001971667259,0.001327256034,0.001470242734,ok,4,1,1.381741989,1.591409534,-1.430620222,1.566070321,0.1287846864,-0.007151215923,0.09871135733,-1.340860227,1.603035716,1.247087298,1.441122552,0.05643739745,0.1083292196,-0.6104963369,1.382797363,1.586779471,-1.423675466,1.566163218,0.1202060055,-0.006276689029,0.1070113638,-1.341845101,1.601027891,1.24654377,1.44449906,0.05420315356,0.1053933255,-0.6102347736
9.06,25.244,-0.05568940971,-0.08556511609,0.0521878795,0.00521878795,453,-0.05814672973,-0.08594667266,0.1020063536,0.003991928402,-0.0009234493348,-0.03480944515,0.0006078498859,0.0004352295307,0.3131727576,0.6055080295,0.3131727576,0.6055080295,0,0.00377414203,-0.02572682471,0.008361338926,0.9580920671,0.078293,0.007761662237,0.000290631707,6.770960216e-05,0.001879080121,0.001336456112,ok,4,1,1.382016874,1.591004256,-1.429182269,1.56576303,0.1279676678,-0.007136820046,0.09929675719,-1.340872385,1.602649027,1.247385965,1.441715604,0.05615387581,0.1080728148,-0.6106850399,1.383276336,1.58859295,-1.4256297,1.566200521,0.1216053015,-0.005821492001,0.1052853691,-1.344204094,1.607554291,1.255517302,1.444894884,0.04657295514,0.104610166,-0.6019658829
9.07,25.254,-0.05516643512,-0.08551281863,0.05240669359,0.005240669359,453,-0.05710427281,-0.0859445428,-0.0712320658,0.00649005936,-0.0003888463534,-0.03384732117,0.0006406232588,0.0007347818786,0.3914901316,0.04184740782,0.3914901316,0.04184740782,0,0.005483505621,-0.03321961006,0.008356361343,0.7043096095,0.028763,0.008676889529,0.0001054252122,0.0004004343287,0.001663151221,0.002475832974,ok,4,1,1.382188212,1.590969327,-1.429130108,1.565461356,0.1268919718,-0.007045329509,0.1002900215,-1.341420713,1.602974719,1.248777432,1.442353035,0.05524984467,0.1078429939,-0.6100563539,1.383300064,1.587324192,-1.423997131,1.566237985,0.1198488757,-0.005794225859,0.1071143947,-1.342475317,1.601722339,1.247901749,1.445292373,0.05238316103,0.1045712848,-0.6087197258
9.08,25.264,-0.05464128274,-0.08546030339,0.05262343876,0.005262343876,454,-0.05887061831,-0.08582242772,-0.03298404872,0.00698426943,0.000328035514,-0.03368836293,0.0002783946832,0.0001827068022,-0.1086788401,0.3200424016,-0.1086788401,0.3200424016,0,-0.001302147088,-0.0288877269,0.008383684955,0.6152380144,0.107731,0.006239364406,4.560481609e-05,0.0001475325757,0.0008113755464,0.0006262693775,ok,4,1,1.382175917,1.590470884,-1.428733759,1.565933031,0.1260882402,-0.006760685503,0.1011685657,-1.341506603,1.603037753,1.248006417,1.442566278,0.05473317329,0.1073559617,-0.6094276435,1.384380641,1.593364789,-1.430860482,1.566275611,0.1255586636,-0.004728583535,0.1005250966,-1.343669386,1.604726461,1.252144946,1.445691457,0.04858079315,0.1040017404,-0.6047305726
9.09,25.274,-0.05411397327,-0.08540757245,0.05283810644,0.005283810644,454,-0.05926762954,-0.08580109936,-0.001125541316,0.005057864933,0.000219145494,-0.03308845798,0.0006755315904,0.0003931093644,-0.2671777606,-0.3447771072,-0.2671777606,-0.3447771072,0,-0.003788520915,-0.03826011459,0.0083949727,0.5994423631,0.055156,0.005663706209,0.0003490958379,2.196639662e-05,0.002141652114,0.001075839912,ok,4,1,1.38230571,1.590598022,-1.429440094,1.566177948,0.1258000512,-0.006505019957,0.1013600379,-1.341920569,1.603452389,1.248633913,1.442658952,0.05424449936,0.1068887954,-0.6090307072,1.384922769,1.595708839,-1.433424339,1.566313396,0.1274862538,-0.004184044462,0.09819677209,-1.341445824,1.597494112,1.242639489,1.446092156,0.05591767556,0.1040663358,-0.6131942238
9.1,25.284,-0.05358452756,-0.08535462788,0.05305068816,0.005305068816,455,-0.06025556998,-0.08569600022,0.1290219062,0.004680230546,-0.000181365817,-0.03357684598,0.001134967799,0.00093743847,0.328292042,0.02663704194,0.328292042,0.02663704194,0,0.004743014813,-0.03317729035,0.008362900141,0.6347989786,0.038601,0.005509131721,0.0002956537724,0.0003261377882,0.003291242733,0.003028614831,ok,4,1,1.382527714,1.590995457,-1.429821303,1.566611278,0.1260828583,-0.00620000417,0.1008916455,-1.341830047,1.603003244,1.247519784,1.442768386,0.05432172854,0.1064101352,-0.609153046,1.384123833,1.588568229,-1.424970692,1.56635134,0.1197348685,-0.005005505533,0.1067884274,-1.34284831,1.601050449,1.247638082,1.446494432,0.05150400122,0.1034405426,-0.6085232338
9.11,25.294,-0.05305296649,-0.08530147177,0.05326117553,0.005326117553,455,-0.05556120315,-0.08568029696,0.2307913747,0.003992188869,0.0002835464864,-0.03363096376,0.0006742503344,0.0005114987436,-0.52189821,-0.03305377811,-0.52189821,-0.03305377811,0,-0.007544926664,-0.03412677044,0.008413242873,0.9101963665,0.028263,0.005958776765,0.000350895862,0.0001092348615,0.002146826208,0.001540707144,ok,4,1,1.383075226,1.590879231,-1.428234328,1.565995102,0.1256936453,-0.006196761618,0.10099647,-1.341737118,1.602506031,1.248099198,1.443558371,0.05394669963,0.1062032945,-0.6093803309,1.385854316,1.59935442,-1.437336291,1.56638944,0.1302664805,-0.00323929914,0.09474659634,-1.342730343,1.600105316,1.24658242,1.446898277,0.05199227593,0.1031071602,-0.6093332342
9.12,25.304,-0.05251931106,-0.08524810623,0.05346956025,0.005346956025,456,-0.05761428205,-0.08564838723,-0.06556687351,0.003600504125,-0.0005634402264,-0.03367059113,0.0005857272456,0.0004036569611,0.6880137324,-0.5031960011,0.6880137324,-0.5031960011,0,0.00975676576,-0.04121853114,0.008347213455,1.108790719,0.022103,0.00747066853,0.0002903212301,7.690974167e-05,0.001857946107,0.00113364647,ok,4,1,1.383181213,1.591883752,-1.430331815,1.566208497,0.1258117669,-0.0058459563,0.1009443096,-1.342073718,1.602167569,1.247805703,1.443885271,0.05380465729,0.1058106328,-0.6093821708,1.383970933,1.584666593,-1.420110693,1.566426503,0.1148153565,-0.005119844579,0.1120322168,-1.341050238,1.594576475,1.239359701,1.447303652,0.05747516805,0.1030762153,-0.6157253988
9.13,25.314,-0.05198358232,-0.08519453335,0.05367583407,0.005367583407,456,-0.05449806361,-0.08554302617,0.1978573451,0.004680040864,0.0005302733741,-0.0345688867,0.0007571159701,0.0004616430213,-0.2724927962,0.03921180964,-0.2724927962,0.03921180964,0,-0.003557118569,-0.03398070955,0.008399655937,0.5615549602,0.055689,0.01063388891,0.0004904997788,0.0002531690506,0.002533716021,0.001187798355,ok,4,1,1.383523254,1.591061897,-1.427886434,1.566070101,0.1251355446,-0.005744282176,0.1013983279,-1.34158098,1.601291641,1.246527825,1.444474485,0.05386879508,0.1054886203,-0.6098246696,1.385870372,1.596329311,-1.433501983,1.566463207,0.1262443586,-0.003278323596,0.09896575172,-1.343007601,1.5997378,1.246520264,1.447710553,0.05130525307,0.1023356334,-0.6090878295
9.14,25.324,-0.05144580144,-0.08514075526,0.05387998887,0.005387998887,457,-0.0558091291,-0.08556363944,-0.094101718,0.002959677371,0.0001204581795,-0.03451063283,0.0003314770845,0.0002041667331,-0.1100612804,-0.1256645173,-0.1100612804,-0.1256645173,0,-0.001530461027,-0.03639560059,0.008392927983,0.3414260168,0.162562,0.004559727863,0.0002326074615,0.0001499108282,0.001162659905,0.0004711909384,ok,4,1,1.383600303,1.591769583,-1.429706105,1.56614877,0.1246930431,-0.005492824076,0.1019184859,-1.34210728,1.601081509,1.246932131,1.444704714,0.05391244214,0.1051050094,-0.610166009,1.3858708,1.594790378,-1.431551902,1.566500059,0.1242038746,-0.003293891394,0.1011088276,-1.34251745,1.597694004,1.243991567,1.448118974,0.05298476254,0.1020660269,-0.611227924
9.15,25.334,-0.05090598963,-0.08508677408,0.05408201657,0.005408201657,457,-0.05559104324,-0.0854967816,0.08853471351,0.006285941882,-4.414654355e-05,-0.03470901491,0.0003230364661,0.0002685752251,0.02816782333,0.09230630845,0.02816782333,0.09230630845,0,0.0003783708064,-0.03332442028,0.008386673311,0.3583403184,0.050516,0.003036143576,0.0002064257419,9.386527384e-05,0.0009980528719,0.0007567379556,ok,4,1,1.383777167,1.591889624,-1.429839876,1.566317243,0.1247274931,-0.005203778239,0.1016816589,-1.342217064,1.600638754,1.246497625,1.445082831,0.05378246037,0.1047825143,-0.6101492647,1.385885915,1.593353666,-1.429719858,1.566537056,0.1222666137,-0.003292224405,0.1031360012,-1.343415016,1.599747851,1.24696841,1.4485289,0.05019905718,0.1015340142,-0.6083758501
9.16,25.344,-0.05036416823,-0.08503259194,0.05428190921,0.005428190921,458,-0.05387157493,-0.08544952003,0.07841747209,0.006555616471,-1.224667128e-05,-0.03459541386,0.000203716385,0.0001827759134,0.3772242665,0.01807969809,0.3772242665,0.01807969809,0,0.005646117327,-0.03432421839,0.008367679816,0.7100171744,0.039897,0.003171834766,8.607987322e-05,0.0001082956735,0.0005499452001,0.0005950555193,ok,4,1,1.384132774,1.592204513,-1.429418672,1.566166714,0.1244826525,-0.005028207502,0.1016509917,-1.342244661,1.600487764,1.246631554,1.445614756,0.05337089195,0.1044632567,-0.6099953264,1.385478859,1.589027684,-1.424528645,1.566573477,0.1173824807,-0.003683620618,0.1084957205,-1.343283057,1.598759116,1.24585913,1.448939442,0.05072522929,0.101194446,-0.6092282115
9.17,25.354,-0.04982035859,-0.08497821098,0.0544796589,0.00544796589,458,-0.0526017195,-0.0853736035,0.04158313356,0.005877926345,0.0005810071642,-0.0345846125,0.0005010932928,0.0003708440133,0.2806630135,0.2974218726,0.2806630135,0.2974218726,0,0.004790952366,-0.03012328441,0.008372284362,0.5908670571,0.135176,0.006395165116,0.0003102412813,1.624554447e-05,0.001478870868,0.001153424845,ok,4,1,1.384427021,1.592075266,-1.428552836,1.566087784,0.1237776459,-0.004884087939,0.1023221269,-1.342217036,1.600244015,1.246435216,1.446128528,0.05292294099,0.1040784858,-0.6098254906,1.385834323,1.589972253,-1.42546111,1.566608959,0.117869578,-0.003340932584,0.1077837138,-1.344456004,1.601662626,1.249967216,1.449350146,0.04701427042,0.1006225884,-0.6053430519
9.18,25.364,-0.04927458222,-0.08492363334,0.05467525782,0.005467525782,459,-0.05221782256,-0.08534462943,-0.04313023916,0.005287378873,0.001062671527,-0.03408854498,0.000347492283,0.0003431379773,-0.08133406937,0.1668126583,-0.08133406937,0.1668126583,0,-0.0001573395137,-0.0315863551,0.008393179934,0.4386878445,0.071457,0.005288730916,6.437648848e-05,0.0001358929611,0.0008571607533,0.001133800198,ok,4,1,1.384585412,1.591856672,-1.428560733,1.566093262,0.1229574477,-0.00469949537,0.1032041024,-1.342554973,1.600331462,1.246996362,1.446516307,0.05230300134,0.1036740714,-0.6094463792,1.386691292,1.594442416,-1.4304867,1.566644574,0.1219430541,-0.002503019813,0.1030126189,-1.34421347,1.600323424,1.248393073,1.449762298,0.04791612289,0.1002967733,-0.6066173313
9.19,25.374,-0.04872686063,-0.08486886118,0.05486869825,0.005486869825,459,-0.05342312317,-0.08527838853,-0.02026579596,0.005883730472,0.0009906191454,-0.0337463232,0.0004068036608,0.0002593733362,0.01779145561,0.02441638708,0.01779145561,0.02441638708,0,0.00125749098,-0.03338007739,0.008388867426,0.3452131106,0.034143,0.003921284147,0.0003034741226,3.333485597e-05,0.001308508154,0.0007465607516,ok,4,1,1.384677946,1.591878966,-1.429288048,1.566424235,0.1227109388,-0.004354335331,0.1034277598,-1.342867531,1.600437511,1.246963927,1.44672375,0.05183740704,0.1032093708,-0.6089881343,1.386769763,1.593434108,-1.429149544,1.566680322,0.1204372027,-0.002433442771,0.1045527247,-1.343886909,1.598735355,1.246486716,1.450175882,0.04908695039,0.09998424043,-0.608193469
9.2,25.384,-0.04817721547,-0.08481389667,0.05505997257,0.005505997257,460,-0.05281928636,-0.08520443141,0.08847803839,0.00622366589,0.001053005189,-0.03367372387,0.0002561107768,0.0002246237118,0.2401591837,0.07526786625,0.2401591837,0.07526786625,0,0.004655392945,-0.03254470588,0.008377018134,0.5349608617,0.036423,0.003123872574,9.326048286e-05,0.0001128143491,0.0006999160387,0.0007347379156,ok,4,1,1.38491622,1.591972832,-1.428929702,1.566549692,0.1225428137,-0.004098539255,0.1033382702,-1.342941158,1.600386796,1.246790727,1.447052009,0.05149001042,0.1027953134,-0.6088009177,1.386598463,1.59072031,-1.425829476,1.566716201,0.117193205,-0.002592195652,0.1080610614,-1.344219253,1.599116394,1.247217527,1.450590881,0.04811412523,0.09955644977,-0.6073729106
9.21,25.394,-0.04762566843,-0.08475874196,0.05524907321,0.005524907321,460,-0.05133514823,-0.08515391956,0.07333910228,0.004686447291,0.001439276235,-0.03355515733,0.0001827703127,0.0001218834751,0.2800886035,-0.2378837317,0.2800886035,-0.2378837317,0,0.005640605287,-0.03712341331,0.008374688329,0.5929208377,0.055578,0.004799125153,0.0001989437901,4.473870586e-05,0.0006055694673,0.0003476323554,ok,4,1,1.385218538,1.592043532,-1.428182906,1.566422481,0.1219923302,-0.003966159775,0.1037213396,-1.343027045,1.600200797,1.246974553,1.447554592,0.05105766789,0.1024423364,-0.6087173825,1.3867248,1.59008461,-1.424922244,1.566752209,0.1160631218,-0.002460236104,0.1091769092,-1.343181311,1.595442469,1.24251472,1.45100728,0.05155352908,0.09937185364,-0.6114887028
9.22,25.404,-0.04707224128,-0.08470339925,0.05543599271,0.005543599271,461,-0.0512223534,-0.08507670767,0.05283702683,0.00380066816,0.001910601856,-0.03394825055,0.0001196549792,0.0001442752118,0.2835046649,0.3558408916,0.2835046649,0.3558408916,0,0.006163171829,-0.02861063718,0.008374107135,0.6706194514,0.058519,0.005276718666,0.0001379718958,0.000174652525,0.0002622302884,0.0004098261026,ok,4,1,1.385426742,1.591878721,-1.427899445,1.566525186,0.1213398405,-0.003764418597,0.1044526889,-1.342994243,1.599704788,1.246267225,1.447949076,0.05102403934,0.1020304684,-0.6089160265,1.386910558,1.58984766,-1.424477909,1.566788346,0.1153378595,-0.002273449096,0.1098343087,-1.345448496,1.601576765,1.250948017,1.451425061,0.04431784483,0.09860749993,-0.6036639351
9.23,25.414,-0.04651695587,-0.08464787071,0.05562072369,0.005562072369,461,-0.04938250186,-0.08509743256,0.01832296699,0.004961082297,0.002384937859,-0.0333931429,0.0004490096648,0.0004418205782,0.1335861236,-0.143140614,0.1335861236,-0.143140614,0,0.004388729713,-0.03554025211,0.008382305984,0.3907955149,0.065181,0.006046125478,2.52320132e-05,0.0002550686334,0.001125611253,0.001483454525,ok,4,1,1.385627817,1.591624911,-1.427647897,1.566302436,0.1205312805,-0.003691776742,0.1051471251,-1.343373158,1.599663616,1.247341802,1.448479806,0.0503639703,0.1017342191,-0.608672769,1.387387145,1.591588008,-1.426330816,1.566824609,0.1166233253,-0.001820738436,0.1082127877,-1.343829336,1.596132425,1.24388744,1.451844208,0.04967553862,0.09850871612,-0.6099275187
9.24,25.424,-0.04595983412,-0.08459215853,0.05580325886,0.005580325886,462,-0.05081946065,-0.08498388305,0.008488924547,0.006691021698,0.002675806866,-0.03358707493,0.0003571111834,0.000322025469,0.2387255281,0.1583421975,0.2387255281,0.1583421975,0,0.006256689788,-0.03121194197,0.008376575592,0.5340414543,0.116857,0.003435601552,0.0001280902728,0.0001299581965,0.0009914762369,0.001072603863,ok,4,1,1.385715115,1.591482256,-1.427698107,1.566620125,0.1200589269,-0.003370277868,0.105610562,-1.343434414,1.599370603,1.246414829,1.448772262,0.05016117734,0.1012697533,-0.6084634075,1.38740492,1.590194739,-1.424541491,1.566860998,0.1147185124,-0.001787059425,0.1102063917,-1.34504653,1.599129562,1.248121983,1.452264704,0.04584881514,0.09792403695,-0.60591731
9.25,25.434,-0.04540089803,-0.08453626492,0.05598359101,0.005598359101,462,-0.04924988473,-0.08495626682,0.058016726,0.005124605472,0.003089185844,-0.03332943281,9.275323381e-05,9.000350353e-05,0.1104373932,0.1466341913,0.1104373932,0.1466341913,0,0.004745746742,-0.03112991994,0.008383807284,0.4254641837,0.061657,0.004725584396,2.42667304e-05,5.102108029e-05,0.0002466494494,0.0003004496519,ok,4,1,1.385951066,1.591345716,-1.427121744,1.566559851,0.1194440968,-0.003221519607,0.1060286685,-1.343628421,1.599360385,1.246858277,1.449181039,0.04973953677,0.1009024485,-0.6083425286,1.387849793,1.591709933,-1.426131248,1.566897512,0.1157708034,-0.001363819652,0.1088471183,-1.345191643,1.598942448,1.248095404,1.452686533,0.04548489494,0.09752326464,-0.6057818035
9.26,25.444,-0.04484016967,-0.08448019209,0.05616171303,0.005616171303,463,-0.04897367901,-0.08489985885,0.03565521975,0.005977785824,0.003291908982,-0.03306992183,5.359710424e-05,5.175250904e-05,0.04224607721,-0.2861942351,0.04224607721,-0.2861942351,0,0.003925600141,-0.03736283536,0.008388411478,0.5282376554,0.14572,0.003757806074,4.762810187e-05,5.789448053e-05,0.0001665629381,0.0001141714371,ok,4,1,1.386178888,1.591397322,-1.427101103,1.566596241,0.1189696591,-0.002999773207,0.1064334185,-1.343833259,1.599253881,1.247013846,1.449608118,0.04924270101,0.1005124721,-0.6080323159,1.388208274,1.592631452,-1.427030387,1.566934148,0.1162171288,-0.001019644104,0.108173775,-1.343736538,1.594017071,1.241731469,1.453109677,0.05027480621,0.09739435455,-0.6114137327
9.27,25.454,-0.04427767116,-0.08442394224,0.05633761788,0.005633761788,463,-0.04947929047,-0.08479962807,0.06145724223,0.004727685312,0.003399476763,-0.03351549354,0.0004481198504,0.0004138366973,-0.5269482732,0.1865831316,-0.5269482732,0.1865831316,0,-0.004504747335,-0.03071674657,0.008424760654,0.8668060916,0.099833,0.004842594545,8.35898143e-05,0.0002355789158,0.001175142371,0.001370281688,ok,4,1,1.386373045,1.591445252,-1.427136677,1.566864852,0.1186927099,-0.00268181267,0.1066634082,-1.343782712,1.598859666,1.246026809,1.449890658,0.04929062653,0.1000457587,-0.6081811929,1.389478892,1.600113313,-1.435537989,1.566970906,0.1233147179,0.0002425566716,0.09994900702,-1.345545464,1.598753117,1.248291261,1.45353412,0.04455077102,0.09670803867,-0.6052822957
9.28,25.464,-0.04371342473,-0.08436751759,0.05651129862,0.005651129862,464,-0.04913766374,-0.08480474311,0.01742898771,0.004642961637,0.002542403694,-0.03319840873,0.0006416626292,0.0003751844859,0.6776284575,0.4789146185,0.6776284575,0.4789146185,0,0.01270683056,-0.02601468946,0.008358242449,1.099797521,0.091536,0.007739374809,0.0003880077838,0.0001480314824,0.002039214355,0.001013226343,ok,4,1,1.386632536,1.592373938,-1.428610758,1.566892175,0.118877013,-0.002382376944,0.1061772469,-1.344235918,1.598870043,1.24677133,1.450213668,0.04907090722,0.09971171571,-0.608223283,1.387595038,1.585510522,-1.418407201,1.567007784,0.1079918135,-0.001496936883,0.1171752221,-1.346846224,1.602039035,1.252897418,1.453959845,0.04040885455,0.0961244429,-0.600921602
9.29,25.474,-0.04314745263,-0.08431092038,0.05668274839,0.005668274839,464,-0.0442820083,-0.08475794199,0.1498195358,0.006704647183,0.003556677385,-0.03246948956,0.001294601449,0.00106156121,-0.007859819569,0.3394871056,-0.007859819569,0.3394871056,0,0.003438780091,-0.02737718298,0.008394680638,0.656522335,0.074354,0.01062177272,0.0005778070668,0.0003370459428,0.003927220491,0.003370915571,ok,4,1,1.387088519,1.591923992,-1.425990188,1.566219868,0.1180880631,-0.002387251842,0.1065534494,-1.344280736,1.598770563,1.247841043,1.451252611,0.04778647344,0.09955916904,-0.6074747509,1.389039744,1.593701807,-1.427755332,1.56704478,0.1158234504,-0.0002092868515,0.1081152572,-1.346635559,1.600761749,1.251421412,1.454386835,0.04122125009,0.09577256483,-0.6021052012
9.3,25.484,-0.04257977722,-0.08425415284,0.05685196042,0.005685196042,465,-0.04696134811,-0.08468445645,-0.1661739649,0.007619556841,0.003597800445,-0.03185294264,0.0002443492688,0.0001969295198,-0.4403974414,-0.3504106104,-0.4403974414,-0.3504106104,0,-0.003008161175,-0.0371091018,0.008422980584,0.7229222173,0.104293,0.005721318153,8.30332504e-05,0.0001354096844,0.000832052317,0.0005329984565,ok,4,1,1.387109227,1.592248044,-1.427190479,1.566585394,0.1174482273,-0.002072874319,0.1074156085,-1.344636971,1.599079281,1.247691114,1.451475426,0.04694256824,0.09898865864,-0.6066139522,1.390074346,1.599477266,-1.434280544,1.567081894,0.12118011,0.0008105640708,0.1018582711,-1.34430043,1.593195789,1.241546515,1.454815073,0.04887244199,0.09576952547,-0.610943252
9.31,25.494,-0.0420104209,-0.08419721721,0.05701892803,0.005701892803,465,-0.04976503727,-0.08456366524,0.06716593667,0.005170478465,0.002958979071,-0.03229049655,0.001501012148,0.001257898629,0.2422469705,-0.4808353782,0.2422469705,-0.4808353782,0,0.006592683629,-0.03950302722,0.00838529065,0.7818506022,0.066822,0.006906130083,0.0005018291965,0.0004478510673,0.004381849568,0.004090188051,ok,4,1,1.387215583,1.592571136,-1.42865053,1.567457155,0.1178566502,-0.001558559763,0.1070737075,-1.344696878,1.598963084,1.24638672,1.451206206,0.04722231225,0.09830647703,-0.6066924606,1.389160717,1.591424092,-1.424761201,1.567119124,0.1125174069,-5.919605164e-05,0.1115326271,-1.343811865,1.591144578,1.239032685,1.455244541,0.05052747255,0.09546901173,-0.6130722379
9.32,25.504,-0.04143940616,-0.08414011574,0.05718364463,0.005718364463,466,-0.04587421339,-0.08451337117,0.2767570808,0.001134069411,0.003313825371,-0.0331332653,0.0002711027697,0.0003096403617,-0.1794296205,0.04527820274,-0.1794296205,0.04527820274,0,0.0006223810636,-0.03245409226,0.008410760479,0.4470887484,0.146765,0.00680570348,0.0002293125518,0.0003040152493,0.001012979781,0.0008761592676,ok,4,1,1.387726302,1.592315857,-1.42697684,1.567158851,0.1178144055,-0.001452273229,0.1068259449,-1.344361278,1.597950281,1.245837871,1.451774056,0.04744106796,0.0979613602,-0.6074725067,1.390158674,1.596786745,-1.430810964,1.567156468,0.1174556875,0.0008829870758,0.1057476934,-1.345740299,1.596182225,1.245997134,1.455675223,0.04446454904,0.09475756381,-0.6065635555
9.33,25.514,-0.04086675553,-0.08408285067,0.05734610372,0.005734610372,466,-0.04467256813,-0.08453428099,0.008165588634,0.003167887619,0.002988708012,-0.03314593922,0.000233885623,0.0001727648597,-0.5520757437,-0.3672956824,-0.5520757437,-0.3672956824,0,-0.005292428143,-0.03865537446,0.008437580324,0.9091999218,0.065881,0.003769930058,4.720454452e-05,0.0002392527695,0.000713272434,0.0005461758908,ok,4,1,1.388031529,1.593016815,-1.427756171,1.56679526,0.1175208904,-0.001302199527,0.106973648,-1.344671689,1.597297777,1.246396997,1.452450506,0.04721198699,0.09770695781,-0.6077679768,1.391120189,1.602108814,-1.436804461,1.567193926,0.1223395149,0.001846698532,0.1000188849,-1.344282487,1.591267356,1.23966184,1.456107102,0.04923138776,0.09461279099,-0.6121770956
9.34,25.524,-0.04029249163,-0.08402542428,0.05750629888,0.005750629888,467,-0.04611408862,-0.0844433575,0.05293150552,0.0059617759,0.002086153767,-0.03375276562,0.0006269802567,0.0006176180835,-0.607145071,-0.1674593687,-0.607145071,-0.1674593687,0,-0.007021022298,-0.03626465615,0.00844674092,0.9991614211,0.039733,0.00827825496,0.0003223963662,8.280660957e-05,0.001708644989,0.002026330711,ok,4,1,1.38822593,1.593830559,-1.429321395,1.567138559,0.1179873895,-0.0008382592348,0.1064149403,-1.34469396,1.596685973,1.245162305,1.452773742,0.04744665728,0.09729654765,-0.6079709264,1.391582629,1.603822173,-1.438613018,1.567231495,0.1235673757,0.002310584006,0.09844609022,-1.345021148,1.592806378,1.241950156,1.45654016,0.04697320769,0.09410075627,-0.6099281298
9.35,25.534,-0.03971663712,-0.08396783883,0.0576642238,0.00576642238,467,-0.0445794926,-0.08439840111,0.1460897424,0.005810343904,0.001038669472,-0.0340666618,0.0002444819738,0.0001868936574,0.6425489187,-0.3615612686,0.6425489187,-0.3615612686,0,0.01067690325,-0.03949008083,0.008375438163,1.079068087,0.100958,0.008823880544,0.0001852658796,4.274703413e-05,0.0006370748211,0.0005787856837,ok,4,1,1.388654948,1.594998293,-1.430222409,1.567116602,0.1185821893,-0.0004935256397,0.1053771772,-1.344724189,1.596400528,1.244966193,1.453207947,0.04758412886,0.09698332776,-0.6083402456,1.389682982,1.588791183,-1.420997802,1.567269175,0.1078448641,0.0005200559697,0.1161678581,-1.344319291,1.590125146,1.238600587,1.45697438,0.04930705286,0.09382836785,-0.6128202457
9.36,25.544,-0.03913921475,-0.08391009659,0.05781987223,0.005781987223,468,-0.04084735324,-0.08431384565,0.1389576987,0.003466063965,0.001978295379,-0.03474849345,0.001223254413,0.0008131278831,0.4148178995,0.04406128824,0.4148178995,0.04406128824,0,0.008200563871,-0.03408757413,0.008386181552,0.8094309305,0.056916,0.01032136155,0.0007706796489,7.15065824e-05,0.003893317205,0.002398352039,ok,4,1,1.389088518,1.594821645,-1.427801394,1.566646807,0.1178228761,-0.0004667440133,0.1058464965,-1.344355945,1.59548193,1.244231593,1.45408581,0.04740274575,0.09671424306,-0.6088083792,1.390267295,1.591143819,-1.423555242,1.567306963,0.1097285668,0.001045926611,0.113852907,-1.34583385,1.593927241,1.24391195,1.457409746,0.04458241039,0.09318640541,-0.6078111507
9.37,25.554,-0.03856024729,-0.08385219985,0.05797323802,0.005797323802,468,-0.04080757964,-0.08430941657,-0.1441059961,0.004384423625,0.002667425431,-0.03474149651,0.0007704276963,0.0006008221368,0.05639404431,0.1696414948,0.05639404431,0.1696414948,0,0.003513336095,-0.03219687408,0.008406284998,0.4361450133,0.039457,0.006911164987,0.0003086506965,0.0001858560577,0.002206624429,0.001941256301,ok,4,1,1.389191808,1.594570577,-1.428018868,1.566517512,0.1166397318,-0.0003156691488,0.1072923527,-1.344656933,1.595054741,1.24437758,1.454592602,0.04708969171,0.09628866344,-0.6089736093,1.391118857,1.595404039,-1.428323441,1.567344859,0.1135383088,0.001828416578,0.1093414661,-1.346443503,1.595092118,1.245697161,1.457846238,0.04272824157,0.0926985443,-0.6060159904
9.38,25.564,-0.03797975761,-0.08379415088,0.05812431514,0.005812431514,469,-0.0424583355,-0.08426309285,-0.08106746016,0.006984785865,0.00284392423,-0.0344128981,0.0003126495144,0.0002442872237,-0.2915244102,0.6348544955,-0.2915244102,0.6348544955,0,-0.001528941924,-0.02489008066,0.00842915395,1.033492559,0.035826,0.004041179986,0.0003283996117,0.0002226997043,0.001105223186,0.0004863794151,ok,4,1,1.389175602,1.594381896,-1.428971924,1.566929832,0.1159733723,1.900215869e-05,0.1080083763,-1.345126115,1.595112296,1.244513337,1.454738311,0.04676942156,0.09582202509,-0.608658052,1.391989531,1.599976438,-1.43344614,1.567382861,0.1176527842,0.002674701584,0.1044780237,-1.348408021,1.600347095,1.252913205,1.458283841,0.03643449597,0.09202347249,-0.5992509706
9.39,25.574,-0.03739776863,-0.08373595198,0.05827309761,0.005827309761,469,-0.04262355615,-0.08422705388,-0.0005048243297,0.009565039524,0.002437611389,-0.03330465214,0.0005729786679,0.0004238995496,-0.3200417459,0.1993400156,-0.3200417459,0.1993400156,0,-0.0023630148,-0.0303145519,0.008434307668,0.6060959982,0.034564,0.009414735514,0.0004436054881,0.0003562458664,0.001896381567,0.0009347933376,ok,4,1,1.38935776,1.594859747,-1.429688946,1.567107361,0.1158892132,0.0003481335088,0.1076781445,-1.345705942,1.59574208,1.245693461,1.455031422,0.04584923148,0.09543876597,-0.6076859688,1.392353733,1.600920707,-1.434361407,1.567420967,0.1180969168,0.003030887561,0.1037951064,-1.347176654,1.595993516,1.247360519,1.458722537,0.0405702284,0.09180173884,-0.6041629595
9.4,25.584,-0.03681430333,-0.08367760545,0.05841957955,0.005841957955,470,-0.04264309299,-0.08409719719,0.1310337107,0.009069313848,0.001901734944,-0.03289346524,0.000671017539,0.0004813328495,0.3283210993,0.05288700014,0.3283210993,0.05288700014,0,0.006826551433,-0.03210016023,0.008397511917,0.6412579517,0.036069,0.005326425741,0.0001663541429,0.0001216441456,0.002018063806,0.001510659341,ok,4,1,1.389756264,1.595594281,-1.429891071,1.567394975,0.1162183517,0.0007049739386,0.1070009186,-1.345694615,1.596063185,1.245393164,1.455361936,0.04514645765,0.09496134447,-0.6068645321,1.391499591,1.593222067,-1.425253469,1.567459177,0.1098057722,0.002240704326,0.1130737781,-1.346854573,1.594386287,1.245456487,1.459162308,0.04172429052,0.09145231592,-0.6057376152
9.41,25.594,-0.03622938473,-0.08361911359,0.05856375519,0.005856375519,470,-0.03948869719,-0.08400567974,0.1787577125,0.00517087323,0.002368499528,-0.03281690656,0.0005282761137,0.0004259672294,0.3968992829,0.1683573872,0.3968992829,0.1683573872,0,0.008321988772,-0.03029154575,0.008392969927,0.7649569578,0.045407,0.006064240764,0.0004530107449,0.0002566390762,0.001769438798,0.001122627526,ok,4,1,1.390287369,1.59554875,-1.428400684,1.56715041,0.1158700129,0.0008477185404,0.1071786515,-1.345486885,1.59592429,1.245349809,1.455972388,0.0445048096,0.09452948042,-0.6066583285,1.391579247,1.592158596,-1.423839223,1.567497488,0.1082204434,0.002337498554,0.114707935,-1.34744169,1.595490488,1.247157809,1.459603137,0.0399319203,0.09097028006,-0.6040137625
9.42,25.604,-0.03564303593,-0.08356047871,0.05870561883,0.005870561883,471,-0.03844300046,-0.0839831367,-0.04097158254,0.002398691905,0.002996938251,-0.03254505582,0.000604051059,0.0004600820475,-0.2103978842,-0.1393624395,-0.2103978842,-0.1393624395,0,-0.0001590300126,-0.03463549241,0.008429508802,0.4414624718,0.060035,0.006785137134,0.0003186795899,2.840715693e-05,0.00183713869,0.001379636582,ok,4,1,1.390494508,1.595281934,-1.428051467,1.566968965,0.1150055805,0.0009967247808,0.1082065469,-1.345743351,1.59565014,1.245774995,1.456535172,0.04384365041,0.09408866698,-0.6065385815,1.392890261,1.599696559,-1.43240246,1.567535899,0.1153252736,0.003552674443,0.1064248915,-1.346464852,1.591952283,1.242685805,1.460045006,0.04318240234,0.0907170408,-0.6079374922
9.43,25.614,-0.03505528008,-0.08350170313,0.05884516488,0.005884516488,471,-0.0411610736,-0.08392755103,-0.04553267923,0.004755462326,0.002744056472,-0.0327107856,0.0007865687976,0.0006811099314,0.5532329082,0.2263522148,0.5532329082,0.2263522148,0,0.0110425501,-0.02931550237,0.008385541929,0.9523485204,0.056116,0.004266491857,0.0003667232121,0.0001322294688,0.002348338113,0.002177677773,ok,4,1,1.390449488,1.595430067,-1.429535976,1.567496564,0.1148075153,0.001384827822,0.1085421305,-1.346077665,1.5953156,1.245136354,1.456604838,0.04383030653,0.09353654252,-0.6065470177,1.391759958,1.590268108,-1.421278992,1.567573063,0.1052840301,0.002577765749,0.1177066055,-1.347947362,1.595704377,1.247909233,1.460487839,0.03851006275,0.09010013923,-0.6029854802
9.44,25.624,-0.03446614038,-0.08344278916,0.05898238782,0.005898238782,472,-0.03710745939,-0.08389241051,0.1640300553,0.006329029838,0.003641325198,-0.03238879014,0.0007742420304,0.0005455620203,0.5138449073,0.5788719654,0.5138449073,0.5788719654,0,0.01134899881,-0.02370571066,0.008385899607,0.9624361506,0.030073,0.008734781493,0.0002439181819,0.0001730701003,0.002414695868,0.001672041287,ok,4,1,1.390843542,1.594842354,-1.427575438,1.567086754,0.1140082725,0.001445601858,0.108971824,-1.346149075,1.595170784,1.245928348,1.457326879,0.04321938206,0.09327600974,-0.6063499605,1.391985428,1.590230845,-1.421051771,1.567609866,0.1047334271,0.002810956272,0.1181556953,-1.349483494,1.5996858,1.253419647,1.460931657,0.03359502055,0.08949630634,-0.597760584
9.45,25.634,-0.03387564008,-0.08338373913,0.05911728223,0.005911728223,472,-0.03604429265,-0.08385634457,-0.0833574144,0.007004977463,0.004507915764,-0.03145454662,0.0008219030178,0.0007234453816,-0.1103326231,0.2059253752,-0.1103326231,0.2059253752,0,0.002852926418,-0.02836566599,0.008421360647,0.5008547998,0.030709,0.008521324154,0.0002511538307,0.0002880728037,0.002401100193,0.002357821402,ok,4,1,1.391050153,1.594625776,-1.426880672,1.566809954,0.112735122,0.001575125619,0.1101744656,-1.346554147,1.595472264,1.246968514,1.458062491,0.04211634471,0.09295275112,-0.6055285243,1.393326026,1.597778703,-1.429629276,1.567646762,0.1118456863,0.003992168513,0.1098503352,-1.348444807,1.595896381,1.248631772,1.461376462,0.03710779671,0.08922719356,-0.6019745227
9.46,25.644,-0.03328380251,-0.08332455537,0.0592498428,0.00592498428,473,-0.03942318271,-0.08376192936,-0.1013443497,0.007139810682,0.004427710908,-0.03098384387,0.0008770413607,0.0006439310072,0.06429550052,0.2403201461,0.06429550052,0.2403201461,0,0.005392143416,-0.02737904167,0.008412621768,0.5603543321,0.04656,0.004481064046,0.0003859700197,0.0001369708888,0.002703984159,0.001939441941,ok,4,1,1.3910064,1.59479873,-1.428202316,1.567516231,0.1123088568,0.002004345117,0.1107253185,-1.346961934,1.595858587,1.24660469,1.458058203,0.04158886076,0.09235473077,-0.6047971286,1.393275155,1.595817933,-1.427169224,1.567683749,0.1093490612,0.003979398521,0.112520095,-1.348824074,1.5963786,1.249506088,1.461822238,0.03598531744,0.0887717609,-0.6009978701
9.47,25.654,-0.03269065103,-0.08326524022,0.05938006428,0.005938006428,473,-0.03782412027,-0.0836924112,0.1773569748,0.007057523058,0.004558785136,-0.03052998022,0.0003455798996,0.0002219752429,0.4162910879,0.3771840632,0.4162910879,0.3771840632,0,0.01080315145,-0.02487221927,0.008392600522,0.7754726872,0.091924,0.005054119439,0.0001690047493,9.838459541e-05,0.001013034414,0.0006947926038,ok,4,1,1.391349782,1.594750874,-1.427682795,1.567618104,0.1121087281,0.002242095526,0.1106685227,-1.347126554,1.596116344,1.247085618,1.458359921,0.04103943688,0.09192070055,-0.604369238,1.392855957,1.591383851,-1.421836589,1.567720826,0.1043540012,0.003667372692,0.118047667,-1.349580721,1.598014049,1.251903843,1.462268966,0.03361255071,0.08827280725,-0.5986212918
9.48,25.664,-0.03209620904,-0.08320579602,0.05950794154,0.005950794154,474,-0.03541461221,-0.08364297911,0.07631429222,0.00558418551,0.00522792451,-0.02991203957,0.0004414407841,0.0003925743888,-0.08904083073,0.41740641,-0.08904083073,0.41740641,0,0.003892312049,-0.02365094342,0.008421992433,0.778207722,0.152692,0.006963004952,0.0002777257518,6.642699506e-05,0.0013343997,0.001249027448,ok,4,1,1.391717969,1.59465519,-1.426390484,1.567314498,0.1113170062,0.002325294917,0.111239307,-1.347290743,1.596168253,1.247871509,1.459066753,0.04007640946,0.09158380962,-0.6038198767,1.393996501,1.597568715,-1.428828842,1.567757991,0.1100790602,0.004673911013,0.1113180677,-1.350015842,1.598675928,1.253012405,1.462716628,0.03229433224,0.08781424781,-0.5974262238
9.49,25.674,-0.03150050003,-0.08314622512,0.05963346953,0.005963346953,474,-0.03621009603,-0.08359901374,-0.01617728641,0.006164559004,0.005096806368,-0.02916524129,0.0002695164872,0.0001242687608,0.3961257637,0.08140384406,0.3961257637,0.08140384406,0,0.01103869282,-0.02794418363,0.008394780952,0.7373521123,0.113978,0.006927416722,0.0001755940821,7.978164769e-05,0.0009278781327,0.0002328231411,ok,4,1,1.391881197,1.594954942,-1.42737855,1.567450447,0.1109497639,0.002615212557,0.1116863407,-1.347735055,1.596432315,1.24843748,1.459446295,0.03922174897,0.09111752412,-0.6030786696,1.393361636,1.59163908,-1.421760735,1.567795243,0.1035762428,0.004179002969,0.1185736688,-1.349068419,1.595157107,1.24859158,1.463165207,0.03550742071,0.08752347659,-0.6013074158
9.5,25.684,-0.0309035475,-0.08308652987,0.05975664329,0.005975664329,475,-0.0352895828,-0.08349720789,0.06766634494,0.006156438178,0.005784590886,-0.0289963749,0.0001026022414,0.0001240797595,-0.4565541446,0.1354433894,-0.4565541446,0.1354433894,0,-0.001063721284,-0.02696472405,0.008446820941,0.7758167333,0.166077,0.006716211471,0.0001381669313,0.0001729703804,0.0003170816416,0.0003709648316,ok,4,1,1.392078664,1.594548437,-1.426230248,1.567548691,0.1102924543,0.00283193,0.112173372,-1.347774043,1.596410772,1.248180866,1.459891437,0.03864166843,0.09066407788,-0.602659447,1.395127764,1.602306604,-1.433944904,1.56783258,0.1138076276,0.005765447891,0.1066792651,-1.349447016,1.595632727,1.249457896,1.463614685,0.03438732351,0.08706633421,-0.6003352896
9.51,25.694,-0.03030537502,-0.08302671262,0.05987745797,0.005987745797,475,-0.03640617684,-0.083464037,0.01195244042,0.004846403947,0.005075090975,-0.02870873113,0.0007960232017,0.000523278583,0.02479953878,-0.4064179659,0.02479953878,-0.4064179659,0,0.005447084056,-0.03480500062,0.008420449893,0.7054283616,0.173855,0.007073399188,0.0004091371416,8.462674446e-05,0.002441883786,0.001535816094,ok,4,1,1.392310679,1.595233205,-1.427936759,1.567819302,0.1104096929,0.00322163413,0.1120435672,-1.348154245,1.596487553,1.248416945,1.460079188,0.03834834981,0.09015661063,-0.6024973397,1.394608656,1.596918671,-1.427513958,1.567870002,0.1078609099,0.005307225257,0.1133021724,-1.347572385,1.589433269,1.241474755,1.464065044,0.04051518677,0.0869117872,-0.6074837321
9.52,25.704,-0.02970600622,-0.08296677574,0.05999590878,0.005999590878,476,-0.0351838665,-0.08336821673,0.1634604133,0.003919774389,0.005096452781,-0.02935920834,0.0003408059596,0.0004471795144,-0.1428302526,-0.4028556943,-0.1428302526,-0.4028556943,0,0.002953998991,-0.03540204376,0.008432424023,0.695099546,0.120995,0.006231187404,5.499131493e-05,0.0002804243016,0.0007506964488,0.001486370036,ok,4,1,1.392623416,1.595261822,-1.427158883,1.567919366,0.1105448269,0.00348158747,0.1116635418,-1.347928165,1.595664456,1.247362967,1.460516197,0.03831156589,0.08970905099,-0.602775026,1.395188771,1.599299897,-1.430087717,1.567907506,0.109736923,0.005843512489,0.1109676409,-1.347546538,1.588713461,1.240758751,1.464516267,0.04069101184,0.08650612949,-0.6079647444
9.53,25.714,-0.02910546474,-0.08290672159,0.06011199105,0.006011199105,476,-0.03433650056,-0.08333228498,0.1005680402,0.003241839311,0.004848962157,-0.03008277082,0.0002360265113,0.000355722712,0.8483971357,0.1546659619,0.8483971357,0.1546659619,0,0.01757491919,-0.02776278139,0.008376121869,1.406301881,0.213393,0.006076123117,6.856736571e-05,0.0001733149559,0.0004890179224,0.00117739046,ok,4,1,1.392935782,1.595790709,-1.427445134,1.567818932,0.11046319,0.003710868611,0.1116047731,-1.347906002,1.594789584,1.246655313,1.460967961,0.03855757534,0.0892905422,-0.6034768861,1.393579747,1.58693404,-1.415542302,1.567945091,0.09674458842,0.004607271103,0.1256677919,-1.349634883,1.594227364,1.24830762,1.464968334,0.03409411436,0.08581426623,-0.6008577008
9.54,25.724,-0.02850377431,-0.08284655255,0.06022570021,0.006022570021,477,-0.02968094436,-0.08332579094,0.09826348694,0.004959662637,0.006167681252,-0.02995175011,0.001479960553,0.00102945408,0.444861263,0.2845920622,0.444861263,0.2845920622,0,0.0128406002,-0.02568286918,0.008395465191,0.8546403085,0.175928,0.01295431045,0.0006461095713,0.0003143188523,0.004505677405,0.00317877996,ok,4,1,1.39326378,1.595147212,-1.425186935,1.567100965,0.1091160298,0.003605168143,0.1127134814,-1.347992542,1.594183845,1.247476314,1.461985149,0.03790295563,0.08911637398,-0.6035586559,1.394479549,1.591240744,-1.420359484,1.567982757,0.1005696267,0.005345834416,0.1211022744,-1.350290497,1.595537898,1.250276455,1.465421229,0.03206495531,0.08532440018,-0.5988687031
9.55,25.734,-0.02790095866,-0.08278627099,0.06033703176,0.006033703176,477,-0.03122555543,-0.08327612124,-0.2020957895,0.007211922179,0.00698200309,-0.0294899485,0.0004007540619,0.0003450654497,0.1725089103,-0.1614833325,0.1725089103,-0.1614833325,0,0.009569636744,-0.03191219849,0.008409923358,0.458896872,0.16531,0.007139606269,0.0001194667943,0.0002570671746,0.001075448184,0.001043302593,ok,4,1,1.393267604,1.594805935,-1.425539185,1.567243204,0.107709233,0.003842868249,0.1143074821,-1.348393734,1.594234878,1.247590198,1.462438285,0.03724845746,0.08867195138,-0.603010539,1.395174206,1.59429115,-1.423712163,1.5680205,0.1031202643,0.00595013036,0.1179936615,-1.34883606,1.590544997,1.243910684,1.465874934,0.0368731198,0.08509245866,-0.6045414352
9.56,25.744,-0.02729704161,-0.08272587928,0.06044598131,0.006044598131,478,-0.03357993216,-0.08316013692,-0.01015052531,0.00707132292,0.007386992173,-0.02965420095,0.0008041798316,0.000705545432,-0.06649363786,0.3261532784,-0.06649363786,0.3261532784,0,0.006389587605,-0.02476190178,0.008424627111,0.6608333107,0.187185,0.003951976186,0.0003532382198,0.0001985596267,0.002385589429,0.002263153047,ok,4,1,1.393277589,1.59436483,-1.425923609,1.567964614,0.1070722404,0.004281764298,0.115029077,-1.348535519,1.59424932,1.246630439,1.462387639,0.03727732674,0.08805414965,-0.6028309956,1.395846385,1.597266275,-1.426973563,1.568058321,0.1055891093,0.006554949018,0.1149757152,-1.350784489,1.595700998,1.250965547,1.46632943,0.03066899363,0.08444178441,-0.597874828
9.57,25.754,-0.02669204699,-0.08266537982,0.06055254456,0.006055254456,478,-0.03193019031,-0.08313267077,0.09743429036,0.007052649192,0.007329782998,-0.02910053739,0.0004383418498,0.0002190633997,0.1094395891,0.2728094161,0.1094395891,0.2728094161,0,0.008971376834,-0.02500839615,0.008415472095,0.6345699256,0.164918,0.006229021063,0.0003107271179,0.000166146092,0.001434077101,0.0006385190892,ok,4,1,1.393634542,1.59468451,-1.425992091,1.567945585,0.106676252,0.004524852762,0.1150446685,-1.348914719,1.594573244,1.247683898,1.462758276,0.0368980147,0.08771101508,-0.6026282867,1.395796579,1.595272803,-1.424472,1.568096217,0.1030573846,0.006554668707,0.1176942454,-1.350854158,1.595244595,1.250601058,1.466784699,0.03055231544,0.084019158,-0.5980298744
9.58,25.764,-0.02608599869,-0.08260477499,0.06065671729,0.006065671729,479,-0.03060101757,-0.08305895062,0.08572113194,0.006627374888,0.007494327681,-0.02863078451,0.0001002949145,0.0001376462109,-0.439070642,0.1781267971,-0.439070642,0.1781267971,0,0.0009082680509,-0.02595888256,0.008451546093,0.7501613036,0.236161,0.00554175782,3.650883506e-05,0.0001188007662,0.0003674877479,0.0004796060596,ok,4,1,1.393978278,1.594963252,-1.425389155,1.567827588,0.1063098907,0.004735682978,0.1151285694,-1.349066688,1.594566779,1.248069184,1.463440983,0.03609407326,0.087381872,-0.6020664821,1.397061693,1.602464866,-1.432616949,1.568134187,0.1097569462,0.007688520108,0.1098148855,-1.350746698,1.594252168,1.249530598,1.467240723,0.03101533916,0.08361481261,-0.5988350038
9.59,25.774,-0.02547892063,-0.08254406718,0.0607584954,0.00607584954,479,-0.03125521444,-0.0829945825,0.03784210315,0.006051785598,0.006767096627,-0.02828906881,0.0006555410135,0.000355521789,0.6118865013,0.1826399416,0.6118865013,0.1826399416,0,0.01594539415,-0.02554946968,0.008391170338,1.01282086,0.151973,0.006700625329,0.0002766768403,5.549937013e-05,0.002083582279,0.0009169199845,ok,4,1,1.394272785,1.59576424,-1.426731939,1.568035281,0.1065533351,0.005126103572,0.1148363964,-1.349285074,1.594677018,1.248048567,1.463780337,0.03555627067,0.08687898652,-0.6015906617,1.395436708,1.58973232,-1.41765737,1.568171678,0.09642512649,0.006408494067,0.1249373594,-1.350981485,1.594293385,1.249823367,1.467696837,0.03035736279,0.08317297632,-0.5983843459
9.6,25.784,-0.02487083678,-0.0824832588,0.06085787487,0.006085787487,480,-0.02734175578,-0.08292073541,0.1275947477,0.005481036441,0.007706676893,-0.02801242855,0.000885989692,0.0007110019675,0.1906373352,0.06034975499,0.1906373352,0.06034975499,0,0.01056623692,-0.02710718223,0.0084138884,0.5069226004,0.299139,0.009692692796,0.0004962427537,4.753513023e-05,0.002774355252,0.002197069531,ok,4,1,1.394686541,1.595240903,-1.424467909,1.567649387,0.105868456,0.005220963559,0.1152446666,-1.349213501,1.594480056,1.248356221,1.46454195,0.03465397126,0.08652138506,-0.6012104435,1.396412136,1.594602135,-1.423120575,1.568207786,0.10079923,0.00721668131,0.119727947,-1.350720174,1.592837423,1.248143542,1.46815196,0.03132033496,0.08278443997,-0.5997509568
9.61,25.794,-0.02426177114,-0.08242235223,0.06095485177,0.006095485177,480,-0.02885057548,-0.08286669533,-0.08549655712,0.004995898934,0.008066462482,-0.02787952889,0.000113913005,0.0001134162491,-0.3814132512,-0.3458474576,-0.3814132512,-0.3458474576,0,0.002345263714,-0.03306724075,0.008450096966,0.6723325322,0.141871,0.004300837772,9.325994605e-05,0.0001064305974,0.0002981541236,0.0003842775938,ok,4,1,1.39473754,1.595205641,-1.424959622,1.567854798,0.1051000678,0.005478941349,0.1162099225,-1.349502097,1.594226254,1.24809462,1.464841788,0.03415897461,0.08595824415,-0.6009613019,1.397713127,1.601928967,-1.431423102,1.568243959,0.1076288978,0.008346591379,0.1116904578,-1.349322174,1.588039448,1.242045592,1.468607782,0.03591149649,0.08253670628,-0.6051849352
9.62,25.804,-0.02365174776,-0.0823613499,0.06104942228,0.006104942228,481,-0.03100074829,-0.08278266205,0.05535408047,0.004847460688,0.007524921558,-0.02837984331,0.001186724707,0.0009937345197,-0.6923888326,0.1683487147,-0.6923888326,0.1683487147,0,-0.002860910931,-0.02585461259,0.008475565573,1.116139298,0.224727,0.006427799999,0.0004770564502,0.0002758345673,0.003451915545,0.003185665385,ok,4,1,1.394863261,1.595501167,-1.426464991,1.568460238,0.1052605219,0.005944754684,0.1160825103,-1.349664347,1.593814363,1.247086939,1.464821736,0.0344899894,0.08537547861,-0.6012479022,1.3986002,1.60666256,-1.436708349,1.568280196,0.1118391218,0.009197519576,0.1066572722,-1.351299307,1.593247913,1.249162955,1.469064284,0.02964384205,0.08188828266,-0.5984477484
9.63,25.814,-0.02304079073,-0.08230025419,0.06114158267,0.006114158267,481,-0.02877124804,-0.08277280794,0.2012423956,0.005852383911,0.006430309875,-0.02821543801,0.0005985123384,0.0003018796167,-0.4281542301,0.2642588317,-0.4281542301,0.2642588317,0,7.996422834e-06,-0.02425155553,0.008464179595,0.7690618016,0.160935,0.009932617635,0.0004156821617,0.0002035877035,0.001895783868,0.0008804524344,ok,4,1,1.395348408,1.596729942,-1.427527925,1.568289985,0.1057249343,0.006225404297,0.1150415113,-1.349969203,1.593782348,1.247945645,1.465340904,0.03445929938,0.08514443523,-0.6014795059,1.39853745,1.60442056,-1.433921588,1.568316496,0.1090602406,0.009153824171,0.1096621341,-1.351836144,1.594196977,1.250651822,1.469521449,0.02799852481,0.08141455305,-0.5968918993
9.64,25.824,-0.02242892416,-0.08223906754,0.06123132929,0.006123132929,482,-0.02642952264,-0.08271833251,0.1223913744,0.005411186047,0.005612655165,-0.0277991122,0.0001859120509,0.0004291299863,0.04599810764,0.142741859,0.04599810764,0.142741859,0,0.00630262678,-0.02565798431,0.008438095092,0.4835506169,0.07534,0.006451782261,6.22499006e-05,0.0002598933012,0.0003683804751,0.001515395835,ok,4,1,1.39588297,1.597968778,-1.427699492,1.567946589,0.1061589785,0.006493185353,0.1140872218,-1.350083644,1.593636095,1.248501159,1.466247766,0.03367149468,0.08493687024,-0.6010339311,1.398050541,1.599224082,-1.427710943,1.568352857,0.1033190218,0.008757729452,0.1160783213,-1.351612899,1.592853253,1.249123179,1.469979258,0.02883598851,0.08101790592,-0.5981194535
9.65,25.834,-0.0218161722,-0.08217779234,0.0613186586,0.00613186586,482,-0.02517321047,-0.08263559696,0.0363254209,0.007127322292,0.005588016371,-0.0275693932,0.0004828226082,0.0004618594422,0.118543081,-0.1131648123,0.118543081,-0.1131648123,0,0.007366162586,-0.02926686539,0.008435167187,0.3936749171,0.102247,0.004000619277,0.0004153673902,8.106881662e-05,0.001374185572,0.001570283096,ok,4,1,1.396226671,1.598501627,-1.427268162,1.56783707,0.1060410522,0.00673697586,0.114111538,-1.350052082,1.593437246,1.248276525,1.466878746,0.03283660779,0.08447541122,-0.6004639123,1.398195268,1.598543859,-1.426729527,1.568389277,0.102104303,0.00892430488,0.1172870534,-1.350822709,1.589833537,1.245384635,1.470437693,0.03149108282,0.08068497851,-0.6013852179
9.66,25.844,-0.02120255905,-0.08211643103,0.06140356715,0.006140356715,483,-0.02541383926,-0.08254464478,0.01337593807,0.006075920061,0.005766666527,-0.02773796832,0.0001657279949,0.0001727836051,0.694886446,0.04744185135,0.694886446,0.04744185135,0,0.01618996322,-0.02702634055,0.008400970231,1.16048204,0.084897,0.003612307557,0.0002105128023,0.0002214413724,0.0004133796399,0.000527861473,ok,4,1,1.396448199,1.598428762,-1.427451124,1.568055797,0.1057166105,0.007041067875,0.1146201216,-1.350078399,1.593079159,1.247546013,1.467123725,0.0324810317,0.08385382706,-0.6003334415,1.397335799,1.591178849,-1.417990411,1.568425756,0.09417834859,0.008337098388,0.126224942,-1.351531,1.591263854,1.247513844,1.470896737,0.02931871699,0.08018422558,-0.5992393127
9.67,25.854,-0.02058810894,-0.08205498601,0.0614860516,0.00614860516,483,-0.02337098751,-0.08250093297,0.02966990763,0.004270104063,0.006919199168,-0.02768129499,0.0007533076954,0.0005379931735,-0.1203207523,-0.46518749,-0.1203207523,-0.46518749,0,0.005114387884,-0.03465910734,0.00844819464,0.8021560718,0.180128,0.01049227462,0.0003812202901,5.099971509e-05,0.002271599167,0.001529367034,ok,4,1,1.396652178,1.597594623,-1.425998612,1.567899068,0.104572934,0.00714221142,0.1157326673,-1.350217406,1.592700507,1.247757184,1.467644105,0.03199052243,0.08341822108,-0.6003407485,1.399026903,1.600961872,-1.429143379,1.568462292,0.1034597485,0.009711790254,0.1153452191,-1.349689846,1.585184705,1.239735623,1.47135637,0.03529587551,0.07997772211,-0.6062309367
9.68,25.864,-0.01997284611,-0.08199345973,0.06156610868,0.006156610868,484,-0.02688529368,-0.08242259705,-0.05529264454,0.004180486618,0.006848992877,-0.02839318093,0.0009960438078,0.0009080015461,0.4142045677,-0.373298496,0.4142045677,-0.373298496,0,0.01306206139,-0.03399265837,0.008416447712,0.7847961413,0.211527,0.006844292069,0.0003610056987,0.0002785221218,0.002944150855,0.002969509017,ok,4,1,1.396621818,1.597652865,-1.427455064,1.568539665,0.1041441507,0.007553658647,0.1163459195,-1.350375246,1.592028997,1.246347591,1.467656904,0.03240994148,0.08279694176,-0.6007671134,1.398301635,1.594348293,-1.421281784,1.568498883,0.09629618931,0.009195319483,0.12341076,-1.349995488,1.585414563,1.240285776,1.471816574,0.03442326769,0.07951759927,-0.6055430152
9.69,25.874,-0.01935679487,-0.08193185461,0.06164373524,0.006164373524,484,-0.02385511257,-0.0823773318,0.2061791227,0.003960198567,0.007548702094,-0.02906656566,0.0001845965449,0.0001211690484,-0.08617135137,0.08133780211,-0.08617135137,0.08133780211,0,0.006256131824,-0.02784649862,0.008446569558,0.4064942354,0.16138,0.007235080943,8.055616115e-05,0.0001150209309,0.0006880532873,0.0003066604522,ok,4,1,1.396971151,1.597104903,-1.425992693,1.568366895,0.1035312703,0.007699769909,0.116669143,-1.350234632,1.591217696,1.245991095,1.46821239,0.03268143422,0.08246141902,-0.6014560335,1.399441139,1.600453722,-1.428165633,1.568535528,0.1018803179,0.01015051047,0.1167834976,-1.351716621,1.589816103,1.246334171,1.472277332,0.02902340087,0.07889988604,-0.5997787765
9.7,25.884,-0.01873997952,-0.08187017307,0.06171892821,0.006171892821,485,-0.02295079044,-0.08237927136,0.03185073318,0.005658261299,0.007414150774,-0.02899019578,0.0002248449159,0.0002183278127,0.1504881084,0.06187588349,0.1504881084,0.06187588349,0,0.0096714724,-0.02806205753,0.008433588618,0.4458743397,0.131028,0.003439665117,0.0001619943476,0.0002826960859,0.0005690176222,0.0006621053411,ok,4,1,1.397276914,1.597538026,-1.426590267,1.568166339,0.1030935309,0.007916566432,0.116930501,-1.350504342,1.590752124,1.246432149,1.468837667,0.03239212543,0.08214247337,-0.601539812,1.399293071,1.597747216,-1.424834389,1.568572226,0.09863478752,0.01008582138,0.1203359931,-1.35179337,1.58937657,1.24599877,1.472738626,0.02887671294,0.07846877628,-0.5999050882
9.71,25.894,-0.01812242442,-0.08180841756,0.06179168462,0.006179168462,485,-0.02209094913,-0.08229578303,0.03931661471,0.008418350033,0.007669111295,-0.02891547318,0.0002832616808,0.0001888363951,0.08717557788,0.3134340644,0.08717557788,0.3134340644,0,0.008976744964,-0.02421396222,0.008438084147,0.6549117126,0.205567,0.003977578677,3.893962377e-05,0.0001527233491,0.0008398440413,0.0005031353981,ok,4,1,1.397510583,1.597639637,-1.426126055,1.568149225,0.1026123662,0.008168810037,0.1171650967,-1.35058995,1.590501078,1.246211683,1.469435782,0.03191884301,0.08176825296,-0.601214253,1.399660821,1.598584955,-1.425610466,1.568608975,0.09893821978,0.01043321842,0.1197954654,-1.352907688,1.592037682,1.24973863,1.473200436,0.02536972588,0.07793628844,-0.5962634294
9.72,25.904,-0.01750415396,-0.08174659052,0.06186200161,0.006186200161,486,-0.02130791404,-0.08223815417,0.007675039986,0.008172924282,0.007811947869,-0.02839183372,0.0003007606709,0.0002543424579,-0.227374807,-0.2031275481,-0.227374807,-0.2031275481,0,0.004401325764,-0.03143874694,0.008459779948,0.4905687638,0.176709,0.005839315782,2.972356331e-05,0.0001473733497,0.0007941818995,0.0007773975256,ok,4,1,1.397778889,1.597865445,-1.426121961,1.568133635,0.1020961457,0.008418245175,0.1175406644,-1.350854579,1.590691448,1.246648622,1.469912963,0.03120904166,0.08133459009,-0.6006856347,1.400501401,1.602771133,-1.430261337,1.5686441,0.1025876725,0.01117621584,0.1153856988,-1.351182772,1.586250922,1.24237078,1.473662631,0.03101921562,0.07768535025,-0.6028852107
9.73,25.914,-0.01688519253,-0.08168469437,0.06192987638,0.006192987638,486,-0.0228944895,-0.08211649124,0.02633144953,0.006034782588,0.00747570616,-0.02865677665,0.0006064621015,0.0005389496748,-0.6907066703,0.03293522075,-0.6907066703,0.03293522075,0,-0.002884893895,-0.02816274833,0.008495260432,1.104997003,0.111284,0.004517660676,0.0002213785834,0.000248546637,0.001706247249,0.001768620976,ok,4,1,1.39799437,1.598253472,-1.426973586,1.568587914,0.1021221245,0.008884524359,0.1174995449,-1.350917975,1.590501763,1.245646139,1.470097535,0.03114608386,0.08075308977,-0.6006193031,1.401639141,1.609303442,-1.437618831,1.568679121,0.108569003,0.01222760919,0.1082770508,-1.352159702,1.588470836,1.245536959,1.474125298,0.02798627542,0.07715539699,-0.5997698351
9.74,25.924,-0.01626556458,-0.08162273158,0.06199530627,0.006199530627,487,-0.02256496603,-0.08208586347,0.1120427606,0.005569859883,0.006344504642,-0.02858231366,0.0007856098197,0.0004742439147,0.233531341,0.1647482216,0.233531341,0.1647482216,0,0.009847474756,-0.02611109034,0.008439620068,0.5295913526,0.082217,0.009835489209,0.0004024108363,7.31538564e-05,0.00246603734,0.001385843509,ok,4,1,1.398349465,1.599467953,-1.428526164,1.568756475,0.1025893472,0.009268432311,0.1166412799,-1.351242707,1.590486642,1.245972847,1.470364832,0.03111785854,0.08034494504,-0.6008019024,1.400376183,1.598552642,-1.424977803,1.568714188,0.09729343364,0.01119147453,0.1211046384,-1.352816671,1.589760022,1.247473933,1.474588427,0.02596393051,0.07666427863,-0.5977878984
9.75,25.934,-0.01564529456,-0.08156070458,0.0620582887,0.00620582887,487,-0.01827448345,-0.0820290755,0.1715841632,0.005470009311,0.006608462466,-0.02836142543,0.0008534529333,0.0007607667267,-0.2307121754,-0.3077876866,-0.2307121754,-0.3077876866,0,0.003147779835,-0.03297824073,0.00847066967,0.6052284397,0.231334,0.005062174568,0.0004242490935,0.0001772919992,0.002581787288,0.002449764179,ok,4,1,1.398890413,1.599688257,-1.426903127,1.568198517,0.1023556082,0.009391760745,0.1164036923,-1.351198388,1.590108182,1.2465154,1.471360539,0.03032452772,0.08013447752,-0.6005888712,1.401481996,1.604572066,-1.431750362,1.5687493,0.1027689608,0.01214118287,0.1145781647,-1.351171922,1.584242757,1.240463116,1.475052,0.03132141313,0.07640376893,-0.6040833972
9.76,25.944,-0.01502440697,-0.08149861582,0.06211882116,0.006211882116,488,-0.02050208359,-0.08193852096,-0.04851540623,0.005714611736,0.006233315052,-0.02885081813,0.0003991206672,0.0003629760674,0.6006480455,0.09760592133,0.6006480455,0.09760592133,0,0.01524303573,-0.02738672931,0.00842060439,1.021664817,0.231599,0.005249339166,6.171848956e-05,0.0002413263747,0.001165340632,0.001187641566,ok,4,1,1.399014848,1.60030873,-1.428133009,1.568544073,0.1022629924,0.009767884176,0.1166225035,-1.351212312,1.589492097,1.245173381,1.471650621,0.03023516159,0.07954536932,-0.6006500696,1.400235662,1.594382808,-1.419744419,1.568784456,0.09204634419,0.01124397991,0.1267763223,-1.352751033,1.588230618,1.245952564,1.475515998,0.02636907617,0.07581355476,-0.5988153225
9.77,25.954,-0.01440292632,-0.08143646775,0.06217690129,0.006217690129,488,-0.01706488168,-0.08190749345,0.09581567942,0.005417689338,0.007183155889,-0.02874131823,0.0008478948536,0.0006301633538,0.6164540052,0.3079740107,0.6164540052,0.3079740107,0,0.01642996597,-0.02412170807,0.008417570405,1.074086553,0.265141,0.009409479844,0.0004123726653,0.000104928459,0.002513120683,0.001927267551,ok,4,1,1.39931292,1.599714634,-1.426506465,1.568222025,0.1013267006,0.00982618667,0.1173668425,-1.351319298,1.589151576,1.245687778,1.472260416,0.02973695736,0.07917172246,-0.6006912393,1.400354953,1.593601074,-1.418637225,1.568819653,0.09072598222,0.01142114886,0.128107708,-1.353715714,1.590450251,1.249105511,1.475980404,0.02333882831,0.07530018281,-0.5957031293
9.78,25.964,-0.01378087713,-0.08137426283,0.06223252677,0.006223252677,489,-0.01649803161,-0.0818636541,-0.08327034205,0.006369289885,0.00823993987,-0.02825367322,0.0007257531872,0.000587274948,-0.09544054419,0.5198521614,-0.09544054419,0.5198521614,0,0.006808331707,-0.0204558908,0.008459751864,0.8969771712,0.26236,0.00931238098,0.0002583927337,0.000214625192,0.002083742233,0.001851451421,ok,4,1,1.399475005,1.599108086,-1.42581203,1.568084747,0.09999096489,0.01000730289,0.118795327,-1.3516358,1.589055187,1.246179664,1.472875727,0.02894406738,0.07874953805,-0.6002167148,1.401861926,1.602134898,-1.428330019,1.56885489,0.09871489763,0.0126162721,0.1186680706,-1.354779714,1.592979649,1.252659671,1.476445199,0.01997429567,0.07478410979,-0.5922158746
9.79,25.974,-0.01315828397,-0.08131200352,0.06228569542,0.006228569542,489,-0.01847592096,-0.08182229135,-0.1143943363,0.007440549339,0.008181699414,-0.02731246888,0.0005384027203,0.0003337326639,0.2612707019,0.03641320765,0.2612707019,0.03641320765,0,0.01210075994,-0.02676627076,0.008438691066,0.5535641898,0.257593,0.008181353717,0.0004500598232,0.0002211454053,0.001869591796,0.0007343143732,ok,4,1,1.399513327,1.599230026,-1.427181874,1.568519186,0.0993941241,0.01040864728,0.1194186499,-1.352277677,1.589643068,1.246896299,1.47303105,0.02815564939,0.07823715078,-0.5993297532,1.401472583,1.597811587,-1.423121134,1.568890167,0.0938584822,0.01238901263,0.1240906202,-1.353302046,1.58787056,1.246211407,1.476910365,0.02487721825,0.07447452235,-0.5980028511
9.8,25.984,-0.01253517142,-0.08124969226,0.06233640514,0.006233640514,490,-0.0179066984,-0.08169667522,0.1304241248,0.008884226913,0.00866621419,-0.02717975699,0.0002934050781,0.0003108524958,0.2634381652,0.05904264003,0.2634381652,0.05904264003,0,0.01261778667,-0.02629411739,0.00843819488,0.593378151,0.151195,0.005189545116,9.558247086e-05,0.0001977616964,0.0007846095882,0.001050750211,ok,4,1,1.399776055,1.598857301,-1.42610518,1.568807187,0.09904802731,0.01071597802,0.1195340864,-1.352211276,1.589698722,1.246376937,1.473362233,0.02760832108,0.07771807706,-0.5987924307,1.401684404,1.597606614,-1.422683338,1.568925481,0.09311424581,0.01262388502,0.1247548509,-1.353553396,1.587953566,1.246563597,1.477375883,0.02415925657,0.07402254115,-0.5974847356
9.81,25.994,-0.01191156407,-0.08118733153,0.06238465393,0.006238465393,490,-0.01665605647,-0.08163070359,0.08052268512,0.005153899866,0.009121083278,-0.02707053645,9.668146988e-05,0.0001415688615,0.5870898366,0.4058093727,0.5870898366,0.4058093727,0,0.01792743083,-0.02098339586,0.008418159812,1.015127189,0.076001,0.005282416549,0.0001240974711,0.000169394233,0.0003107482362,0.0003452475938,ok,4,1,1.400099727,1.598864111,-1.425409506,1.568744533,0.09839666235,0.01091446998,0.1200537514,-1.352298178,1.589582986,1.246477859,1.47381393,0.02718642506,0.07724142315,-0.5987225901,1.40126769,1.593273265,-1.417456015,1.568960832,0.08824539046,0.01242734867,0.1301973263,-1.35504235,1.591743477,1.251767442,1.477841734,0.01942801993,0.07347179539,-0.5924642293
9.82,26.004,-0.01128748655,-0.08112492377,0.06243043987,0.006243043987,491,-0.01441102109,-0.0816083944,0.02943119828,0.00555679966,0.01007524708,-0.02641480801,0.0006093052125,0.0005083317623,0.5202861428,0.2581225336,0.5202861428,0.2581225336,0,0.01787953922,-0.02254297001,0.008419980996,0.9245898181,0.10737,0.009056859892,0.0002717049456,0.0001793745082,0.001736677375,0.001605540531,ok,4,1,1.400336976,1.598436377,-1.424276746,1.568437199,0.0972342429,0.01098031407,0.1211404665,-1.35263276,1.589529323,1.247518733,1.474521598,0.02624485888,0.07690580134,-0.5982603059,1.401552636,1.593555198,-1.417582466,1.568996218,0.08798834472,0.01271734524,0.1302994863,-1.354775473,1.590270404,1.250082427,1.478307901,0.02039359386,0.07306151123,-0.5938349268
9.83,26.014,-0.01066296349,-0.08106247147,0.06247376117,0.006247376117,491,-0.0149487924,-0.08153597091,-0.03025010927,0.006740316218,0.01099952523,-0.02595223911,0.0001147567575,8.487394169e-05,0.1903893203,-0.192785278,0.1903893203,-0.192785278,0,0.01385536504,-0.02884401828,0.008437978938,0.4944865566,0.059556,0.008107704655,6.379234903e-05,6.973046001e-05,0.0002933632822,0.0002583208036,ok,4,1,1.400409612,1.597827748,-1.423822959,1.568569576,0.09609604938,0.01121291697,0.1224044845,-1.352900878,1.589551496,1.247578646,1.474979793,0.02546939836,0.07642421315,-0.5975836684,1.402361638,1.597262609,-1.421682697,1.569031638,0.09115118381,0.01336102786,0.1264368509,-1.353284772,1.58516518,1.243641532,1.478774364,0.02529342981,0.07275307023,-0.5996201536
9.84,26.024,-0.01003801955,-0.08099997707,0.06251461611,0.006251461611,492,-0.01640380136,-0.08143294246,0.02940289443,0.005236453205,0.01142453083,-0.02619968498,0.0007191412659,0.0006732208223,0.653989017,-0.4590701163,0.653989017,-0.4590701163,0,0.02123436608,-0.03308573672,0.008409894525,1.09783977,0.06782,0.00433312838,0.0002583760458,0.000294972282,0.002022253588,0.002199874054,ok,4,1,1.400512952,1.597436281,-1.423971443,1.569050242,0.09548431219,0.01160350176,0.1230960844,-1.352986713,1.589376055,1.246687873,1.475095169,0.0254566951,0.07581898385,-0.5975339091,1.401661698,1.591148171,-1.41438612,1.569067093,0.0845059145,0.01299935457,0.1339458442,-1.352308807,1.581640293,1.239263728,1.479241107,0.02848567775,0.07241142882,-0.6034900703
9.85,26.034,-0.009412679393,-0.08093744306,0.06255300308,0.006255300308,492,-0.01468682841,-0.08136269669,0.1216522077,0.002644828783,0.01255565874,-0.02696687138,0.0002342132928,0.000400738246,0.2143554389,0.07387199253,0.2143554389,0.07387199253,0,0.01577099033,-0.02585879149,0.008433412116,0.5649957215,0.180286,0.01004875457,0.000169965652,0.0002993613305,0.000594472549,0.001337344976,ok,4,1,1.400725688,1.596609035,-1.422133673,1.569053086,0.09455466907,0.01176050038,0.1239094525,-1.352795916,1.58847167,1.245820492,1.4755293,0.02563785064,0.07533766497,-0.598133664,1.402669153,1.596094373,-1.419925037,1.569102573,0.08890471185,0.01376024114,0.1286474516,-1.354319304,1.586891509,1.246393492,1.479708109,0.02216195694,0.07179890752,-0.5966822915
9.86,26.044,-0.008786967717,-0.08087487189,0.06258892057,0.006258892057,493,-0.01324907758,-0.08138539123,0.04230230591,0.004658584639,0.01293637505,-0.02690359819,0.0001798500303,0.0001498930789,0.5667019486,0.4558525681,0.5667019486,0.4558525681,0,0.02143690428,-0.02006580967,0.008412305352,0.9938936624,0.211927,0.004769350667,0.0001059067155,0.0002215901735,0.0004828737458,0.0004968171284,ok,4,1,1.400974333,1.596548653,-1.422253874,1.56879592,0.09367406252,0.0118812519,0.1247277259,-1.35312712,1.587980166,1.24648194,1.47611846,0.02541335091,0.07501267981,-0.5983787874,1.402192835,1.591455484,-1.414339796,1.569138089,0.08373512589,0.01355772925,0.1344501198,-1.355933228,1.591058497,1.252080383,1.480175352,0.01702261316,0.07124951882,-0.5912032377
9.87,26.054,-0.008160909218,-0.08081226604,0.06262236715,0.006262236715,493,-0.0110264489,-0.08133830984,0.02193342596,0.009233769131,0.01389485746,-0.02620700069,0.0007665233666,0.000599402955,0.1438819319,0.4377556145,0.1438819319,0.4377556145,0,0.01605308644,-0.01964066647,0.0084355804,0.808489852,0.076091,0.008796987885,0.0001282411415,0.0003900355868,0.002236040737,0.001828084196,ok,4,1,1.401181401,1.596089568,-1.420995984,1.568470046,0.09249095351,0.01197849222,0.125653132,-1.353425434,1.587978422,1.247353903,1.476957826,0.0244249099,0.07477010461,-0.5976678356,1.403190631,1.5963341,-1.419799369,1.569173626,0.08806259268,0.01430788806,0.1292301567,-1.356172724,1.591107035,1.252385078,1.480642819,0.01634001138,0.0708010846,-0.5907250954
9.88,26.064,-0.007534528614,-0.08074962798,0.06265334151,0.006265334151,494,-0.01231824201,-0.08124817364,-0.04943995055,0.009623687945,0.01420135534,-0.02542289581,0.0001879608254,0.0001828339605,0.6781893969,0.2732771337,0.6781893969,0.2732771337,0,0.02437419629,-0.0213237388,0.008404232786,1.124015319,0.072481,0.00721805354,0.0001796004219,0.0001361982126,0.0006486939926,0.0003137022078,ok,4,1,1.401297007,1.596181114,-1.421400171,1.568743069,0.09168084215,0.0123193828,0.126444299,-1.353806668,1.588536478,1.247590697,1.477315108,0.02355806492,0.07428460417,-0.5966992378,1.402348324,1.589409486,-1.411558523,1.569209206,0.08061387776,0.01389498018,0.1376844522,-1.35587862,1.58953358,1.250577016,1.48111049,0.01740975124,0.07038294942,-0.5922134824
9.89,26.074,-0.006907850633,-0.08068696018,0.06268184242,0.006268184242,494,-0.01117937913,-0.08113918348,0.04955337626,0.007280928815,0.01536824276,-0.02491040379,0.0001797672666,0.0001400133154,-0.2526061535,0.08731141686,-0.2526061535,0.08731141686,0,0.01157915046,-0.02360073253,0.008457986168,0.5165315802,0.108676,0.01022698207,0.0001954092754,0.0001173595176,0.0005833199459,0.0004384592791,ok,4,1,1.40147597,1.595510908,-1.419719672,1.568855445,0.09055717795,0.0125303166,0.1274574702,-1.353934972,1.588879937,1.247749185,1.477736143,0.02275124469,0.07379004508,-0.5960455505,1.404326584,1.600676223,-1.424426996,1.569244785,0.09130352924,0.01528250281,0.125067809,-1.35542454,1.587505655,1.248172354,1.481578347,0.01897330482,0.06998107638,-0.5942562847
9.9,26.084,-0.006280900015,-0.08062426512,0.06270786876,0.006270786876,495,-0.01311911164,-0.0810790714,0.004204178396,0.005297034521,0.01503775704,-0.0246699927,0.001005343377,0.0007053596029,-0.08657629043,0.103816174,-0.08657629043,0.103816174,0,0.01373911268,-0.02311275009,0.008450265309,0.4254386752,0.187892,0.004818934565,0.00044790969,0.0001854068623,0.003077955999,0.002144353593,ok,4,1,1.40168648,1.595857289,-1.421227186,1.569314912,0.09034274881,0.01296951264,0.1278055693,-1.354275843,1.589012268,1.247701336,1.477817873,0.0224932396,0.0731862121,-0.595807414,1.404332093,1.59905424,-1.422346091,1.569280402,0.08914819464,0.01537072475,0.1273740724,-1.35568168,1.587600658,1.248540358,1.482046372,0.01823885284,0.06952825495,-0.5937201563
9.91,26.094,-0.005653701509,-0.08056154527,0.0627314195,0.00627314195,495,-0.01120479984,-0.08102308449,0.1890799435,0.005879342173,0.01489498063,-0.0244765622,0.0003821958451,0.0002198150482,0.05399439856,0.3150612712,0.05399439856,0.3150612712,0,0.01570489661,-0.01975064313,0.008443643151,0.6967766517,0.154695,0.003842029724,0.0002055317527,7.9068115e-05,0.001137983654,0.0006524520744,ok,4,1,1.402055003,1.59611298,-1.420948401,1.569289287,0.09031804703,0.01322818088,0.1274759375,-1.354430977,1.588876699,1.248080437,1.478314698,0.02208088257,0.07281299308,-0.595668905,1.404356397,1.597600721,-1.420458647,1.569316041,0.08715996042,0.01548428788,0.1294875018,-1.356673629,1.589906969,1.251789584,1.482514546,0.01511311605,0.06903130363,-0.5905000875
9.92,26.104,-0.00502627988,-0.08049880311,0.06275249371,0.006275249371,496,-0.009099658794,-0.08098601499,0.08236474663,0.005757236731,0.01494773111,-0.02397714772,0.0002520333671,0.0003006899116,0.7005660534,0.4482748508,0.7005660534,0.4482748508,0,0.02545622191,-0.01725302496,0.008406248526,1.186375077,0.143785,0.006116432917,0.0001373318095,0.0001431118852,0.0006856716026,0.001033864733,ok,4,1,1.402443646,1.596544425,-1.420445731,1.568982628,0.08998915592,0.01339792085,0.1275118516,-1.354615346,1.588780786,1.248758269,1.479067707,0.02122954897,0.07248287117,-0.5952059264,1.403321565,1.589440599,-1.410785005,1.569351714,0.0784902031,0.01496512257,0.1393756023,-1.357439035,1.591552184,1.254171198,1.48298285,0.01270450222,0.06855608222,-0.5880847028
9.93,26.114,-0.004398659893,-0.08043604111,0.06277109056,0.006277109056,496,-0.006608661576,-0.08092122359,0.01903222756,0.007024974375,0.01604552397,-0.02325289462,0.001022222482,0.0008149797738,0.7174031734,0.3512500525,0.7174031734,0.3512500525,0,0.02680657157,-0.01798414384,0.008402625473,1.22820191,0.23396,0.01078002934,0.0005031130296,0.0001648479638,0.003029449614,0.002574103648,ok,4,1,1.402700534,1.596039402,-1.418786645,1.568622709,0.08888830944,0.01349041511,0.128595573,-1.354777397,1.588807135,1.24941394,1.479880885,0.01998474381,0.07210095671,-0.5943520305,1.403414966,1.588518701,-1.40951095,1.569387395,0.07703238963,0.01514916852,0.1408775921,-1.357386146,1.590709922,1.253317285,1.483451267,0.01298280258,0.06812247505,-0.5886850679
9.94,26.124,-0.003770866329,-0.08037326175,0.06278720932,0.006278720932,497,-0.007370476859,-0.08084808111,-0.1203208519,0.006311173744,0.01729982977,-0.02262219302,0.000432681947,0.0002409091121,-0.04176860675,-0.1209279895,-0.04176860675,-0.1209279895,0,0.01667330067,-0.02443611286,0.008444599686,0.3720459787,0.15443,0.01061770819,0.0002286180469,8.37099147e-05,0.00129230524,0.0007206899492,ok,4,1,1.402711289,1.595102457,-1.418076862,1.56881005,0.08753193137,0.01374592114,0.1302598839,-1.355086198,1.588952144,1.249506,1.480218041,0.01895489691,0.07149315073,-0.5934871643,1.40506966,1.597491052,-1.419722343,1.56942308,0.08542636485,0.0162631385,0.1309100461,-1.355866078,1.585462249,1.246728137,1.483919777,0.01802455203,0.06777269094,-0.5946325472
9.95,26.134,-0.003142923969,-0.08031046752,0.06280084934,0.006280084934,497,-0.01063289675,-0.08075397218,-0.02872671568,0.005688577457,0.01739795459,-0.0227041169,0.001176945618,0.001085559409,0.4927102923,-0.3910218179,0.4927102923,-0.3910218179,0,0.02478860898,-0.02856944417,0.008413483666,0.8901184001,0.082275,0.003884402616,0.0005036292496,0.0003426038572,0.003419977619,0.00353588181,ok,4,1,1.402706895,1.594836639,-1.419277493,1.569602597,0.08706653561,0.0142345435,0.1309122703,-1.355384129,1.588960241,1.248696802,1.480035374,0.01896812686,0.07077435841,-0.59332251,1.404256073,1.590737421,-1.411682164,1.569458802,0.07816535161,0.01588771479,0.1391694853,-1.354922615,1.582003746,1.242460879,1.484388362,0.02113688797,0.06740181623,-0.5984146864
9.96,26.144,-0.002514857606,-0.08024766088,0.0628120101,0.00628120101,498,-0.008179821235,-0.08067725373,0.2305501312,0.003017007316,0.01825031543,-0.02334361554,0.0002951486605,0.000511081493,-0.363720566,0.3107455075,-0.363720566,0.3107455075,0,0.01279450694,-0.01868243293,0.008464584283,0.7179535031,0.113965,0.008308086879,9.12931964e-05,0.0003179806685,0.0006465318516,0.001747121912,ok,4,1,1.403004465,1.594143361,-1.417455063,1.569576268,0.08647343849,0.01439557486,0.1312544868,-1.35519852,1.588198008,1.248088333,1.480505728,0.01910429738,0.07034148992,-0.5938463889,1.40613378,1.601322896,-1.42375545,1.569494526,0.08814916539,0.01717411909,0.1273394591,-1.357605899,1.58933378,1.252253962,1.484857004,0.01257381173,0.06680093848,-0.5890899812
9.97,26.154,-0.001886692033,-0.08018484432,0.06282069114,0.006282069114,498,-0.006452539001,-0.0807222724,0.04560552987,0.00588488499,0.01764406785,-0.02288991031,0.0002897866729,0.0002369890589,0.02485858276,0.1892936975,0.02485858276,0.1892936975,0,0.01801694659,-0.02005050485,0.008443907676,0.5251841795,0.105058,0.006400990918,0.0003582036726,0.000320292221,0.0007655686811,0.000744476153,ok,4,1,1.40342652,1.594921905,-1.418759121,1.569196786,0.08628771823,0.0145775422,0.1311786949,-1.355638362,1.588017329,1.249347571,1.481211631,0.01863584806,0.07008290387,-0.5938532411,1.40573456,1.597056961,-1.41860892,1.569530271,0.0833712055,0.01701298744,0.1327100031,-1.357390044,1.587998499,1.250761871,1.485325684,0.01338400626,0.06637272521,-0.5902875243
9.98,26.164,-0.00125845205,-0.08012202033,0.06282689213,0.006282689213,499,-0.005333228209,-0.08062379573,0.05985958728,0.008956736601,0.01767388137,-0.02259319028,0.0003652200098,0.0002017130422,-0.5815565586,0.2053178251,-0.5815565586,0.2053178251,0,0.008950532987,-0.01951342291,0.008485162042,0.9835634519,0.161802,0.004513683952,4.71715e-05,0.0001805859807,0.001203193559,0.0005401688474,ok,4,1,1.403696889,1.595293693,-1.418198058,1.569106034,0.08605378736,0.01485272255,0.1310102561,-1.355751486,1.587841803,1.249341626,1.481953568,0.01789769021,0.0697573209,-0.5932676279,1.407181743,1.605129327,-1.427754307,1.569566029,0.09083838073,0.0180892456,0.1238014995,-1.357658761,1.588133226,1.251179044,1.485794383,0.01260641424,0.06592274149,-0.5897025079
9.99,26.174,-0.0006301624582,-0.08005919137,0.06283061282,0.006283061282,499,-0.006171872512,-0.0805504293,0.02498444615,0.008250818117,0.01670188549,-0.02220971335,0.0003677992468,0.0003294334467,0.7819027901,0.1408890188,0.7819027901,0.1408890188,0,0.02843042734,-0.02009637807,0.008405706531,1.290113085,0.07639,0.008712512755,0.0002760513511,5.03535448e-05,0.001052354336,0.0009299140971,ok,4,1,1.404004454,1.596416814,-1.419858917,1.569338596,0.08639320657,0.01528750072,0.130525896,-1.356039961,1.588082105,1.249339225,1.482249677,0.01738870735,0.06923440949,-0.5927681369,1.404871479,1.588562555,-1.408340728,1.569601679,0.07384521618,0.01677358738,0.1434270269,-1.357642199,1.587403236,1.250473825,1.486262947,0.01276269808,0.0654850589,-0.5901659019
10,26.184,-1.848061644e-06,-0.07999635993,0.06283185307,0.006283185307,500,-0.002144595881,-0.08044970976,0.1296745898,0.005652747525,0.01790335928,-0.02199340132,0.001236637523,0.0007916427671,0.1773260683,0.337436974,0.1773260683,0.337436974,0,0.0205632503,-0.01693184671,0.00843815866,0.671137492,0.05948,0.01229874933,0.00068825692,6.086791369e-05,0.003976025832,0.002305845069,ok,4,1,1.404373743,1.595864457,-1.417062647,1.568967969,0.08548497114,0.01536834563,0.1311282776,-1.35593457,1.587893427,1.249504897,1.483055185,0.0165056086,0.06887188911,-0.5924154796,1.406237901,1.595588585,-1.416293459,1.569633625,0.08029133576,0.01766844403,0.135704183,-1.3585775,1.589567229,1.253521962,1.486729106,0.009794233676,0.06500925045,-0.5871155761
