# Blender 3.3.1
# www.blender.org
mtllib link_3.mtl
o link_3
v 0.031754 0.016534 0.057500
v 0.032131 0.015000 0.057500
v 0.032332 0.020000 0.057500
v 0.030706 -0.002716 0.057500
v 0.027661 -0.011914 0.057500
v 0.029229 -0.011724 0.057500
v 0.026361 -0.002188 0.057500
v 0.025627 -0.000790 0.057500
v 0.015500 0.000000 0.057500
v 0.015082 0.003575 0.057500
v 0.031754 -0.001534 0.057500
v 0.030706 -0.012284 0.057500
v 0.032131 0.000000 0.057500
v 0.031754 -0.013466 0.057500
v 0.032131 -0.015000 0.057500
v 0.025627 0.000790 0.057500
v 0.026361 0.002188 0.057500
v 0.030706 0.012284 0.057500
v 0.027661 0.003086 0.057500
v 0.029229 0.003276 0.057500
v 0.031754 0.013466 0.057500
v 0.030706 0.002716 0.057500
v 0.031754 0.001534 0.057500
v 0.032332 -0.020000 0.057500
v 0.029229 0.011724 0.057500
v 0.027661 0.011914 0.057500
v 0.026361 0.012812 0.057500
v 0.029229 -0.003276 0.057500
v 0.025627 -0.014210 0.057500
v 0.026361 -0.012812 0.057500
v 0.013677 -0.026701 0.057500
v 0.017842 -0.024118 0.057500
v -0.014588 -0.026214 0.057500
v 0.020677 0.022351 0.057500
v 0.017842 0.024118 0.057500
v -0.014588 0.026214 0.057500
v 0.013677 0.026701 0.057500
v 0.023756 0.021056 0.057500
v 0.026361 0.017188 0.057500
v 0.027002 0.020266 0.057500
v 0.027661 0.018086 0.057500
v 0.030331 0.020000 0.057500
v 0.029229 0.018276 0.057500
v 0.030706 0.017716 0.057500
v 0.006139 0.014232 0.057500
v 0.009256 0.012433 0.057500
v 0.025627 0.014210 0.057500
v 0.011874 0.009963 0.057500
v 0.013851 0.006956 0.057500
v 0.031754 -0.016534 0.057500
v 0.030706 -0.017716 0.057500
v 0.030331 -0.020000 0.057500
v 0.029229 -0.018276 0.057500
v 0.027002 -0.020266 0.057500
v 0.027661 -0.018086 0.057500
v 0.023756 -0.021056 0.057500
v 0.026361 -0.017188 0.057500
v 0.020677 -0.022351 0.057500
v 0.025627 -0.015790 0.057500
v 0.009256 -0.012433 0.057500
v 0.006139 -0.014232 0.057500
v 0.027661 -0.003086 0.057500
v 0.015082 -0.003575 0.057500
v 0.002692 -0.015265 0.057500
v -0.000901 -0.015474 0.057500
v -0.000516 -0.029996 0.057500
v 0.004374 -0.029679 0.057500
v -0.005393 -0.029511 0.057500
v -0.010126 -0.028240 0.057500
v 0.009148 -0.028571 0.057500
v -0.004445 0.014849 0.057500
v -0.000901 0.015474 0.057500
v 0.009148 0.028571 0.057500
v 0.004374 0.029679 0.057500
v -0.010126 0.028240 0.057500
v -0.000516 0.029996 0.057500
v -0.005393 0.029511 0.057500
v 0.013851 -0.006956 0.057500
v 0.011874 -0.009963 0.057500
v 0.025627 0.015790 0.057500
v 0.002692 0.015265 0.057500
v -0.015395 -0.001799 0.057500
v -0.029102 -0.007286 0.057500
v -0.014565 -0.005301 0.057500
v -0.027527 -0.011926 0.057500
v -0.012950 -0.008517 0.057500
v -0.025219 -0.016249 0.057500
v -0.010637 -0.011274 0.057500
v -0.007750 0.013423 0.057500
v -0.018661 0.023489 0.057500
v -0.010637 0.011274 0.057500
v -0.022237 0.020138 0.057500
v -0.012950 0.008517 0.057500
v -0.025219 0.016249 0.057500
v -0.014565 0.005301 0.057500
v -0.004445 -0.014849 0.057500
v -0.007750 -0.013423 0.057500
v -0.018661 -0.023489 0.057500
v -0.022237 -0.020138 0.057500
v -0.027527 0.011926 0.057500
v -0.029102 0.007286 0.057500
v -0.015395 0.001799 0.057500
v -0.029900 0.002450 0.057500
v -0.029900 -0.002450 0.057500
v 0.030331 -0.021000 0.056500
v 0.030331 -0.021000 0.054500
v 0.032332 -0.021000 0.056500
v 0.032332 -0.021000 0.054500
v 0.032332 0.021000 0.056500
v 0.032332 0.021000 0.054500
v 0.030331 0.021000 0.056500
v 0.030331 0.021000 0.054500
v 0.024331 -0.020875 0.051500
v 0.017877 -0.011945 0.051500
v 0.019863 -0.008228 0.051500
v -0.011945 -0.017877 0.051500
v -0.018661 -0.023489 0.051500
v -0.015203 -0.015203 0.051500
v -0.022237 -0.020138 0.051500
v -0.017877 -0.011945 0.051500
v -0.025219 -0.016249 0.051500
v -0.019863 -0.008228 0.051500
v -0.027527 -0.011926 0.051500
v -0.021087 -0.004194 0.051500
v -0.029102 -0.007286 0.051500
v -0.021500 0.000000 0.051500
v 0.008228 -0.019863 0.051500
v 0.009148 -0.028571 0.051500
v 0.004194 -0.021087 0.051500
v 0.004374 -0.029679 0.051500
v 0.000000 -0.021500 0.051500
v -0.000516 -0.029996 0.051500
v -0.004194 -0.021087 0.051500
v -0.005393 -0.029511 0.051500
v -0.008228 -0.019863 0.051500
v -0.010126 -0.028240 0.051500
v -0.014588 -0.026214 0.051500
v 0.021087 -0.004194 0.051500
v 0.021500 0.000000 0.051500
v 0.024331 0.020875 0.051500
v 0.021087 0.004194 0.051500
v 0.015203 -0.015203 0.051500
v 0.020946 -0.022214 0.051500
v 0.011945 -0.017877 0.051500
v 0.017842 -0.024118 0.051500
v 0.013677 -0.026701 0.051500
v 0.019863 0.008228 0.051500
v 0.017877 0.011945 0.051500
v 0.020946 0.022214 0.051500
v 0.015203 0.015203 0.051500
v 0.017842 0.024118 0.051500
v 0.011945 0.017877 0.051500
v 0.013677 0.026701 0.051500
v 0.008228 0.019863 0.051500
v 0.009148 0.028571 0.051500
v 0.004194 0.021087 0.051500
v -0.015203 0.015203 0.051500
v -0.018661 0.023489 0.051500
v -0.011945 0.017877 0.051500
v -0.014588 0.026214 0.051500
v -0.008228 0.019863 0.051500
v -0.010126 0.028240 0.051500
v -0.004194 0.021087 0.051500
v -0.005393 0.029511 0.051500
v 0.000000 0.021500 0.051500
v -0.000516 0.029996 0.051500
v 0.004374 0.029679 0.051500
v -0.029900 -0.002450 0.051500
v -0.029900 0.002450 0.051500
v -0.021087 0.004194 0.051500
v -0.029102 0.007286 0.051500
v -0.019863 0.008228 0.051500
v -0.027527 0.011926 0.051500
v -0.017877 0.011945 0.051500
v -0.025219 0.016249 0.051500
v -0.022237 0.020138 0.051500
v 0.024617 0.021834 0.054500
v 0.024617 0.021834 0.052500
v 0.024069 0.022006 0.052500
v 0.027160 0.021253 0.056500
v 0.027160 0.021253 0.054500
v 0.024069 0.022006 0.056500
v 0.021393 0.023109 0.052500
v 0.021137 0.023239 0.056500
v 0.018437 0.024922 0.052500
v 0.018437 0.024922 0.056500
v 0.024069 -0.022006 0.052500
v 0.024617 -0.021834 0.052500
v 0.024617 -0.021834 0.054500
v 0.027160 -0.021253 0.054500
v 0.027160 -0.021253 0.056500
v 0.024069 -0.022006 0.056500
v 0.021137 -0.023239 0.056500
v 0.021393 -0.023109 0.052500
v 0.018437 -0.024922 0.056500
v 0.018437 -0.024922 0.052500
v 0.014133 0.027591 0.052500
v 0.014133 0.027591 0.056500
v 0.009453 0.029524 0.052500
v 0.009453 0.029524 0.056500
v 0.004520 0.030669 0.052500
v 0.004520 0.030669 0.056500
v -0.000533 0.030995 0.052500
v -0.000533 0.030995 0.056500
v -0.005573 0.030495 0.052500
v -0.005573 0.030495 0.056500
v -0.010463 0.029181 0.052500
v -0.010463 0.029181 0.056500
v -0.015074 0.027088 0.052500
v -0.015074 0.027088 0.056500
v -0.019283 0.024272 0.052500
v -0.019283 0.024272 0.056500
v -0.022978 0.020809 0.052500
v -0.022978 0.020809 0.056500
v -0.026059 0.016791 0.052500
v -0.026059 0.016791 0.056500
v -0.028445 0.012324 0.052500
v -0.028445 0.012324 0.056500
v -0.030072 0.007528 0.052500
v -0.030072 0.007528 0.056500
v -0.030896 0.002532 0.052500
v -0.030896 0.002532 0.056500
v -0.030896 -0.002532 0.052500
v -0.030896 -0.002532 0.056500
v -0.030072 -0.007528 0.052500
v -0.030072 -0.007528 0.056500
v -0.028445 -0.012324 0.052500
v -0.028445 -0.012324 0.056500
v -0.026059 -0.016791 0.052500
v -0.026059 -0.016791 0.056500
v -0.022978 -0.020809 0.052500
v -0.022978 -0.020809 0.056500
v -0.019283 -0.024272 0.052500
v -0.019283 -0.024272 0.056500
v -0.015074 -0.027088 0.052500
v -0.015074 -0.027088 0.056500
v -0.010463 -0.029181 0.052500
v -0.010463 -0.029181 0.056500
v -0.005573 -0.030495 0.052500
v -0.005573 -0.030495 0.056500
v -0.000533 -0.030995 0.052500
v -0.000533 -0.030995 0.056500
v 0.004520 -0.030669 0.052500
v 0.004520 -0.030669 0.056500
v 0.009453 -0.029524 0.052500
v 0.009453 -0.029524 0.056500
v 0.014133 -0.027591 0.052500
v 0.014133 -0.027591 0.056500
v 0.033332 -0.020000 0.056500
v 0.033332 -0.020000 0.054500
v 0.033332 0.020000 0.056500
v 0.033332 0.020000 0.054500
v 0.025331 0.020875 0.052500
v 0.025331 0.020875 0.054500
v 0.025331 -0.020875 0.052500
v 0.025331 -0.020875 0.054500
v 0.027982 0.013528 0.054500
v 0.030531 0.000000 0.054500
v 0.030304 0.000850 0.054500
v 0.029682 -0.013528 0.054500
v 0.027131 0.000000 0.054500
v 0.030304 -0.014150 0.054500
v 0.030531 -0.015000 0.054500
v 0.027359 -0.015850 0.054500
v 0.027982 -0.016472 0.054500
v 0.025242 -0.021290 0.054500
v 0.027359 0.014150 0.054500
v 0.029682 0.001472 0.054500
v 0.027131 0.015000 0.054500
v 0.028831 0.001700 0.054500
v 0.027982 0.001472 0.054500
v 0.024988 -0.021629 0.054500
v 0.024988 0.021629 0.054500
v 0.030531 0.015000 0.054500
v 0.030304 0.015850 0.054500
v 0.028831 -0.013300 0.054500
v 0.027982 -0.013528 0.054500
v 0.027359 -0.014150 0.054500
v 0.027359 -0.000850 0.054500
v 0.027982 -0.001472 0.054500
v 0.028831 -0.001700 0.054500
v 0.033198 0.020500 0.054500
v 0.032832 0.020866 0.054500
v 0.029682 0.016472 0.054500
v 0.028831 0.016700 0.054500
v 0.027982 0.016472 0.054500
v 0.028831 -0.016700 0.054500
v 0.029682 -0.016472 0.054500
v 0.032832 -0.020866 0.054500
v 0.030304 -0.015850 0.054500
v 0.029682 -0.001472 0.054500
v 0.030304 -0.000850 0.054500
v 0.028831 0.013300 0.054500
v 0.029682 0.013528 0.054500
v 0.030304 0.014150 0.054500
v 0.027359 0.015850 0.054500
v 0.025242 0.021290 0.054500
v 0.033198 -0.020500 0.054500
v 0.027359 0.000850 0.054500
v 0.027131 -0.015000 0.054500
v 0.025242 0.021290 0.052500
v 0.024988 0.021629 0.052500
v 0.024988 -0.021629 0.052500
v 0.025242 -0.021290 0.052500
v 0.033198 0.020500 0.056500
v 0.032832 0.020866 0.056500
v 0.033198 -0.020500 0.056500
v 0.032832 -0.020866 0.056500
v 0.030337 -0.014210 0.055900
v 0.030304 -0.014150 0.055900
v 0.029797 -0.013601 0.055900
v 0.029682 -0.013528 0.055900
v 0.029036 -0.013312 0.055900
v 0.028831 -0.013300 0.055900
v 0.028229 -0.013410 0.055900
v 0.027982 -0.013528 0.055900
v 0.027559 -0.013873 0.055900
v 0.027359 -0.014150 0.055900
v 0.027181 -0.014593 0.055900
v 0.027131 -0.015000 0.055900
v 0.027181 -0.015407 0.055900
v 0.027359 -0.015850 0.055900
v 0.027559 -0.016127 0.055900
v 0.027982 -0.016472 0.055900
v 0.028229 -0.016590 0.055900
v 0.028831 -0.016700 0.055900
v 0.029036 -0.016688 0.055900
v 0.029682 -0.016472 0.055900
v 0.029797 -0.016399 0.055900
v 0.030304 -0.015850 0.055900
v 0.030337 -0.015790 0.055900
v 0.030531 -0.015000 0.055900
v 0.030337 0.000790 0.055900
v 0.030304 0.000850 0.055900
v 0.029797 0.001399 0.055900
v 0.029682 0.001472 0.055900
v 0.029036 0.001688 0.055900
v 0.028831 0.001700 0.055900
v 0.028229 0.001590 0.055900
v 0.027982 0.001472 0.055900
v 0.027559 0.001127 0.055900
v 0.027359 0.000850 0.055900
v 0.027181 0.000407 0.055900
v 0.027131 0.000000 0.055900
v 0.027181 -0.000407 0.055900
v 0.027359 -0.000850 0.055900
v 0.027559 -0.001127 0.055900
v 0.027982 -0.001472 0.055900
v 0.028229 -0.001590 0.055900
v 0.028831 -0.001700 0.055900
v 0.029036 -0.001688 0.055900
v 0.029682 -0.001472 0.055900
v 0.029797 -0.001399 0.055900
v 0.030304 -0.000850 0.055900
v 0.030337 -0.000790 0.055900
v 0.030531 0.000000 0.055900
v 0.030337 0.015790 0.055900
v 0.030304 0.015850 0.055900
v 0.029797 0.016399 0.055900
v 0.029682 0.016472 0.055900
v 0.029036 0.016688 0.055900
v 0.028831 0.016700 0.055900
v 0.028229 0.016590 0.055900
v 0.027982 0.016472 0.055900
v 0.027559 0.016127 0.055900
v 0.027359 0.015850 0.055900
v 0.027181 0.015407 0.055900
v 0.027131 0.015000 0.055900
v 0.027181 0.014593 0.055900
v 0.027359 0.014150 0.055900
v 0.027559 0.013873 0.055900
v 0.027982 0.013528 0.055900
v 0.028229 0.013410 0.055900
v 0.028831 0.013300 0.055900
v 0.029036 0.013312 0.055900
v 0.029682 0.013528 0.055900
v 0.029797 0.013601 0.055900
v 0.030304 0.014150 0.055900
v 0.030337 0.014210 0.055900
v 0.030531 0.015000 0.055900
v 0.021087 0.004194 0.049500
v 0.019863 0.008228 0.049500
v 0.017877 0.011945 0.049500
v 0.015203 0.015203 0.049500
v 0.011945 0.017877 0.049500
v 0.008228 0.019863 0.049500
v 0.004194 0.021087 0.049500
v 0.000000 0.021500 0.049500
v -0.004194 0.021087 0.049500
v -0.008228 0.019863 0.049500
v -0.011945 0.017877 0.049500
v -0.015203 0.015203 0.049500
v -0.017877 0.011945 0.049500
v -0.019863 0.008228 0.049500
v -0.021087 0.004194 0.049500
v -0.021500 0.000000 0.049500
v -0.021087 -0.004194 0.049500
v -0.019863 -0.008228 0.049500
v -0.017877 -0.011945 0.049500
v -0.015203 -0.015203 0.049500
v -0.011945 -0.017877 0.049500
v -0.008228 -0.019863 0.049500
v -0.004194 -0.021087 0.049500
v 0.000000 -0.021500 0.049500
v 0.004194 -0.021087 0.049500
v 0.008228 -0.019863 0.049500
v 0.011945 -0.017877 0.049500
v 0.015203 -0.015203 0.049500
v 0.017877 -0.011945 0.049500
v 0.019863 -0.008228 0.049500
v 0.021087 -0.004194 0.049500
v 0.021500 0.000000 0.049500
v 0.013779 0.014496 0.049000
v 0.014849 0.014849 0.049000
v 0.016415 0.011425 0.049000
v 0.017461 0.011667 0.049000
v 0.018379 0.007887 0.049000
v 0.019401 0.008036 0.049000
v 0.019591 0.004026 0.049000
v 0.020596 0.004097 0.049000
v 0.020000 0.000000 0.049000
v 0.021000 0.000000 0.049000
v 0.019591 -0.004026 0.049000
v 0.020596 -0.004097 0.049000
v 0.018379 -0.007887 0.049000
v 0.019401 -0.008036 0.049000
v 0.016415 -0.011425 0.049000
v 0.017461 -0.011667 0.049000
v 0.013779 -0.014496 0.049000
v 0.014849 -0.014849 0.049000
v 0.010579 -0.016973 0.049000
v 0.011667 -0.017461 0.049000
v 0.006946 -0.018755 0.049000
v 0.008036 -0.019401 0.049000
v 0.003029 -0.019769 0.049000
v 0.004097 -0.020596 0.049000
v -0.001013 -0.019974 0.049000
v 0.000000 -0.021000 0.049000
v -0.005013 -0.019362 0.049000
v -0.004097 -0.020596 0.049000
v -0.008808 -0.017956 0.049000
v -0.008036 -0.019401 0.049000
v -0.012242 -0.015816 0.049000
v -0.011667 -0.017461 0.049000
v -0.015175 -0.013027 0.049000
v -0.014849 -0.014849 0.049000
v -0.017487 -0.009706 0.049000
v -0.017461 -0.011667 0.049000
v -0.019083 -0.005987 0.049000
v -0.019401 -0.008036 0.049000
v -0.019897 -0.002023 0.049000
v -0.020596 -0.004097 0.049000
v -0.020000 0.000000 0.049000
v -0.021000 0.000000 0.049000
v -0.019897 0.002023 0.049000
v -0.020596 0.004097 0.049000
v -0.019083 0.005987 0.049000
v -0.019401 0.008036 0.049000
v -0.017487 0.009706 0.049000
v -0.017461 0.011667 0.049000
v -0.015175 0.013027 0.049000
v -0.014849 0.014849 0.049000
v -0.012242 0.015816 0.049000
v -0.011667 0.017461 0.049000
v -0.008808 0.017956 0.049000
v -0.008036 0.019401 0.049000
v -0.005013 0.019362 0.049000
v -0.004097 0.020596 0.049000
v -0.001013 0.019974 0.049000
v 0.000000 0.021000 0.049000
v 0.003029 0.019769 0.049000
v 0.004097 0.020596 0.049000
v 0.006946 0.018755 0.049000
v 0.008036 0.019401 0.049000
v 0.010579 0.016973 0.049000
v 0.011667 0.017461 0.049000
v -0.019897 0.002023 0.045500
v -0.020000 0.000000 0.045500
v -0.019897 -0.002023 0.045500
v -0.019083 -0.005987 0.045500
v -0.017487 -0.009706 0.045500
v -0.015175 -0.013027 0.045500
v -0.012242 -0.015816 0.045500
v -0.008808 -0.017956 0.045500
v -0.005013 -0.019362 0.045500
v -0.001013 -0.019974 0.045500
v 0.003029 -0.019769 0.045500
v 0.006946 -0.018755 0.045500
v 0.010579 -0.016973 0.045500
v 0.013779 -0.014496 0.045500
v 0.016415 -0.011425 0.045500
v 0.018379 -0.007887 0.045500
v 0.019591 -0.004026 0.045500
v 0.020000 0.000000 0.045500
v 0.019591 0.004026 0.045500
v 0.018379 0.007887 0.045500
v 0.016415 0.011425 0.045500
v 0.013779 0.014496 0.045500
v 0.010579 0.016973 0.045500
v 0.006946 0.018755 0.045500
v 0.003029 0.019769 0.045500
v -0.001013 0.019974 0.045500
v -0.005013 0.019362 0.045500
v -0.008808 0.017956 0.045500
v -0.012242 0.015816 0.045500
v -0.015175 0.013027 0.045500
v -0.017487 0.009706 0.045500
v -0.019083 0.005987 0.045500
v -0.015500 0.000000 0.045000
v -0.019400 0.001973 0.045000
v -0.015082 0.003575 0.045000
v -0.018606 0.005838 0.045000
v -0.013851 0.006956 0.045000
v -0.017050 0.009463 0.045000
v -0.011874 0.009963 0.045000
v -0.014796 0.012702 0.045000
v -0.009256 0.012433 0.045000
v -0.011936 0.015420 0.045000
v -0.006139 0.014232 0.045000
v -0.008588 0.017507 0.045000
v -0.002692 0.015265 0.045000
v -0.015082 -0.003575 0.045000
v -0.019400 -0.001973 0.045000
v -0.019500 0.000000 0.045000
v 0.000901 -0.015474 0.045000
v -0.000988 -0.019475 0.045000
v -0.002692 -0.015265 0.045000
v -0.004888 -0.018878 0.045000
v -0.006139 -0.014232 0.045000
v -0.008588 -0.017507 0.045000
v -0.009256 -0.012433 0.045000
v -0.011936 -0.015420 0.045000
v -0.011874 -0.009963 0.045000
v -0.014796 -0.012702 0.045000
v -0.013851 -0.006956 0.045000
v -0.017050 -0.009463 0.045000
v -0.018606 -0.005838 0.045000
v 0.015395 0.001799 0.045000
v 0.019500 0.000000 0.045000
v 0.015395 -0.001799 0.045000
v 0.019101 -0.003925 0.045000
v 0.014565 -0.005301 0.045000
v 0.017920 -0.007690 0.045000
v 0.012950 -0.008517 0.045000
v 0.016005 -0.011140 0.045000
v 0.010637 -0.011274 0.045000
v 0.013435 -0.014133 0.045000
v 0.007750 -0.013423 0.045000
v 0.010315 -0.016549 0.045000
v 0.004445 -0.014849 0.045000
v 0.006772 -0.018286 0.045000
v 0.002953 -0.019275 0.045000
v -0.004888 0.018878 0.045000
v -0.000988 0.019475 0.045000
v 0.000901 0.015474 0.045000
v 0.002953 0.019275 0.045000
v 0.004445 0.014849 0.045000
v 0.006772 0.018286 0.045000
v 0.007750 0.013423 0.045000
v 0.010315 0.016549 0.045000
v 0.010637 0.011274 0.045000
v 0.013435 0.014133 0.045000
v 0.012950 0.008517 0.045000
v 0.016005 0.011140 0.045000
v 0.014565 0.005301 0.045000
v 0.017920 0.007690 0.045000
v 0.019101 0.003925 0.045000
v -0.015000 0.000000 0.045500
v -0.014596 0.003459 0.045500
v -0.014899 0.001741 0.057000
v -0.013404 0.006732 0.045500
v -0.014095 0.005130 0.057000
v -0.014596 0.003459 0.057000
v -0.011491 0.009642 0.045500
v -0.012532 0.008243 0.057000
v -0.013404 0.006732 0.057000
v -0.008957 0.012032 0.045500
v -0.010294 0.010911 0.057000
v -0.011491 0.009642 0.057000
v -0.005941 0.013773 0.045500
v -0.007500 0.012990 0.057000
v -0.008957 0.012032 0.057000
v -0.002605 0.014772 0.045500
v -0.004302 0.014370 0.057000
v -0.005941 0.013773 0.057000
v 0.000872 0.014975 0.045500
v -0.000872 0.014975 0.057000
v -0.002605 0.014772 0.057000
v 0.004302 0.014370 0.045500
v 0.002605 0.014772 0.057000
v 0.000872 0.014975 0.057000
v 0.007500 0.012990 0.045500
v 0.005941 0.013773 0.057000
v 0.004302 0.014370 0.057000
v 0.010294 0.010911 0.045500
v 0.008957 0.012032 0.057000
v 0.007500 0.012990 0.057000
v 0.012532 0.008243 0.045500
v 0.011491 0.009642 0.057000
v 0.010294 0.010911 0.057000
v 0.014095 0.005130 0.045500
v 0.013404 0.006732 0.057000
v 0.012532 0.008243 0.057000
v 0.014899 0.001741 0.045500
v 0.014596 0.003459 0.057000
v 0.014095 0.005130 0.057000
v 0.014899 -0.001741 0.045500
v 0.015000 0.000000 0.057000
v 0.014899 0.001741 0.057000
v 0.014095 -0.005130 0.045500
v 0.014596 -0.003459 0.057000
v 0.014899 -0.001741 0.057000
v 0.012532 -0.008243 0.045500
v 0.013404 -0.006732 0.057000
v 0.014095 -0.005130 0.057000
v 0.010294 -0.010911 0.045500
v 0.011491 -0.009642 0.057000
v 0.012532 -0.008243 0.057000
v 0.007500 -0.012990 0.045500
v 0.008957 -0.012032 0.057000
v 0.010294 -0.010911 0.057000
v 0.004302 -0.014370 0.045500
v 0.005941 -0.013773 0.057000
v 0.007500 -0.012990 0.057000
v 0.000872 -0.014975 0.045500
v 0.002605 -0.014772 0.057000
v 0.004302 -0.014370 0.057000
v -0.002605 -0.014772 0.045500
v -0.000872 -0.014975 0.057000
v 0.000872 -0.014975 0.057000
v -0.005941 -0.013773 0.045500
v -0.004302 -0.014370 0.057000
v -0.002605 -0.014772 0.057000
v -0.008957 -0.012032 0.045500
v -0.007500 -0.012990 0.057000
v -0.005941 -0.013773 0.057000
v -0.011491 -0.009642 0.045500
v -0.010294 -0.010911 0.057000
v -0.008957 -0.012032 0.057000
v -0.013404 -0.006732 0.045500
v -0.012532 -0.008243 0.057000
v -0.011491 -0.009642 0.057000
v -0.014596 -0.003459 0.045500
v -0.014095 -0.005130 0.057000
v -0.013404 -0.006732 0.057000
v -0.015000 0.000000 0.057000
v -0.014899 -0.001741 0.057000
v -0.014596 -0.003459 0.057000
v 0.350063 -0.021000 0.056500
v 0.350063 -0.021000 0.054500
v 0.358063 -0.021000 0.056500
v 0.358063 -0.021000 0.054500
v 0.358063 0.021000 0.056500
v 0.358063 0.021000 0.054500
v 0.350063 0.021000 0.056500
v 0.350063 0.021000 0.054500
v 0.398790 -0.017239 0.057500
v 0.401366 -0.013919 0.057500
v 0.356363 -0.015000 0.057500
v 0.395704 -0.020090 0.057500
v 0.380092 -0.025500 0.057500
v 0.384278 -0.025139 0.057500
v 0.389731 -0.008621 0.057500
v 0.387385 -0.010699 0.057500
v 0.388348 -0.024095 0.057500
v 0.392192 -0.022397 0.057500
v 0.349063 -0.019000 0.057500
v 0.349197 -0.019500 0.057500
v 0.351005 -0.017580 0.057500
v 0.349563 -0.019866 0.057500
v 0.352328 -0.018217 0.057500
v 0.350063 -0.020000 0.057500
v 0.353797 -0.018217 0.057500
v 0.358063 -0.020000 0.057500
v 0.355120 -0.017580 0.057500
v 0.349763 0.000000 0.057500
v 0.350089 0.001432 0.057500
v 0.349063 0.019000 0.057500
v 0.356036 -0.016432 0.057500
v 0.361486 -0.020281 0.057500
v 0.364818 -0.021116 0.057500
v 0.351005 -0.012420 0.057500
v 0.352328 -0.011783 0.057500
v 0.356036 -0.001432 0.057500
v 0.353797 -0.011783 0.057500
v 0.356363 0.000000 0.057500
v 0.355120 -0.012420 0.057500
v 0.356036 -0.013568 0.057500
v 0.353797 -0.003217 0.057500
v 0.352328 -0.003217 0.057500
v 0.350089 -0.013568 0.057500
v 0.351005 -0.002580 0.057500
v 0.350089 -0.001432 0.057500
v 0.367970 -0.022484 0.057500
v 0.371825 -0.024154 0.057500
v 0.375903 -0.025169 0.057500
v 0.355120 -0.002580 0.057500
v 0.350089 -0.016432 0.057500
v 0.349763 -0.015000 0.057500
v 0.391511 -0.006041 0.057500
v 0.403362 -0.010221 0.057500
v 0.392622 -0.003111 0.057500
v 0.378433 -0.012905 0.057500
v 0.381567 -0.012905 0.057500
v 0.384610 -0.012155 0.057500
v 0.375390 -0.012155 0.057500
v 0.372615 -0.010699 0.057500
v 0.370269 -0.008621 0.057500
v 0.368489 -0.006041 0.057500
v 0.375390 0.012155 0.057500
v 0.378433 0.012905 0.057500
v 0.356363 0.015000 0.057500
v 0.381567 0.012905 0.057500
v 0.401366 0.013919 0.057500
v 0.384610 0.012155 0.057500
v 0.404723 -0.006246 0.057500
v 0.405413 -0.002101 0.057500
v 0.393000 0.000000 0.057500
v 0.405413 0.002101 0.057500
v 0.392622 0.003111 0.057500
v 0.404723 0.006246 0.057500
v 0.391511 0.006041 0.057500
v 0.403362 0.010221 0.057500
v 0.389731 0.008621 0.057500
v 0.387385 0.010699 0.057500
v 0.356036 0.013568 0.057500
v 0.355120 0.012420 0.057500
v 0.356036 0.001432 0.057500
v 0.353797 0.011783 0.057500
v 0.355120 0.002580 0.057500
v 0.352328 0.011783 0.057500
v 0.351005 0.012420 0.057500
v 0.372615 0.010699 0.057500
v 0.370269 0.008621 0.057500
v 0.368489 0.006041 0.057500
v 0.358063 0.020000 0.057500
v 0.350063 0.020000 0.057500
v 0.352328 0.018217 0.057500
v 0.367378 -0.003111 0.057500
v 0.367000 0.000000 0.057500
v 0.367378 0.003111 0.057500
v 0.351005 0.002580 0.057500
v 0.352328 0.003217 0.057500
v 0.353797 0.003217 0.057500
v 0.351005 0.017580 0.057500
v 0.350089 0.013568 0.057500
v 0.349763 0.015000 0.057500
v 0.350089 0.016432 0.057500
v 0.349197 0.019500 0.057500
v 0.349563 0.019866 0.057500
v 0.398790 0.017239 0.057500
v 0.395704 0.020090 0.057500
v 0.392192 0.022397 0.057500
v 0.353797 0.018217 0.057500
v 0.355120 0.017580 0.057500
v 0.361486 0.020281 0.057500
v 0.356036 0.016432 0.057500
v 0.364818 0.021116 0.057500
v 0.388348 0.024095 0.057500
v 0.384278 0.025139 0.057500
v 0.380092 0.025500 0.057500
v 0.375903 0.025169 0.057500
v 0.371825 0.024154 0.057500
v 0.367970 0.022484 0.057500
v 0.359063 -0.019091 0.051500
v 0.362446 -0.007271 0.051500
v 0.364202 -0.010556 0.051500
v 0.362446 0.007271 0.051500
v 0.361365 0.003707 0.051500
v 0.359063 0.019091 0.051500
v 0.361000 0.000000 0.051500
v 0.361365 -0.003707 0.051500
v 0.359182 -0.019565 0.051500
v 0.359511 -0.019925 0.051500
v 0.359972 -0.020087 0.051500
v 0.366565 -0.013435 0.051500
v 0.372729 -0.017554 0.051500
v 0.376293 -0.018635 0.051500
v 0.375903 -0.025169 0.051500
v 0.380092 -0.025500 0.051500
v 0.380000 -0.019000 0.051500
v 0.384278 -0.025139 0.051500
v 0.383707 -0.018635 0.051500
v 0.388348 -0.024095 0.051500
v 0.387271 -0.017554 0.051500
v 0.392192 -0.022397 0.051500
v 0.390556 -0.015798 0.051500
v 0.395704 -0.020090 0.051500
v 0.398790 -0.017239 0.051500
v 0.393435 -0.013435 0.051500
v 0.401366 -0.013919 0.051500
v 0.395798 -0.010556 0.051500
v 0.403362 -0.010221 0.051500
v 0.397554 -0.007271 0.051500
v 0.404723 -0.006246 0.051500
v 0.398635 -0.003707 0.051500
v 0.405413 -0.002101 0.051500
v 0.399000 0.000000 0.051500
v 0.405413 0.002101 0.051500
v 0.404723 0.006246 0.051500
v 0.398635 0.003707 0.051500
v 0.403362 0.010221 0.051500
v 0.397554 0.007271 0.051500
v 0.401366 0.013919 0.051500
v 0.395798 0.010556 0.051500
v 0.398790 0.017239 0.051500
v 0.393435 0.013435 0.051500
v 0.395704 0.020090 0.051500
v 0.390556 0.015798 0.051500
v 0.392192 0.022397 0.051500
v 0.387271 0.017554 0.051500
v 0.388348 0.024095 0.051500
v 0.371825 -0.024154 0.051500
v 0.367970 -0.022484 0.051500
v 0.369444 -0.015798 0.051500
v 0.365419 -0.021331 0.051500
v 0.362737 -0.020527 0.051500
v 0.384278 0.025139 0.051500
v 0.383707 0.018635 0.051500
v 0.380092 0.025500 0.051500
v 0.380000 0.019000 0.051500
v 0.375903 0.025169 0.051500
v 0.376293 0.018635 0.051500
v 0.371825 0.024154 0.051500
v 0.372729 0.017554 0.051500
v 0.367970 0.022484 0.051500
v 0.369444 0.015798 0.051500
v 0.365419 0.021331 0.051500
v 0.359182 0.019565 0.051500
v 0.366565 0.013435 0.051500
v 0.364202 0.010556 0.051500
v 0.362737 0.020527 0.051500
v 0.359972 0.020087 0.051500
v 0.359511 0.019925 0.051500
v 0.367498 -0.023366 0.056500
v 0.367498 -0.023366 0.052500
v 0.371505 -0.025101 0.052500
v 0.371505 -0.025101 0.056500
v 0.375742 -0.026156 0.052500
v 0.375742 -0.026156 0.056500
v 0.380095 -0.026500 0.052500
v 0.380095 -0.026500 0.056500
v 0.384446 -0.026124 0.052500
v 0.384446 -0.026124 0.056500
v 0.388676 -0.025040 0.052500
v 0.388676 -0.025040 0.056500
v 0.392670 -0.023275 0.052500
v 0.392670 -0.023275 0.056500
v 0.396320 -0.020878 0.052500
v 0.396320 -0.020878 0.056500
v 0.399527 -0.017915 0.052500
v 0.399527 -0.017915 0.056500
v 0.402204 -0.014465 0.052500
v 0.402204 -0.014465 0.056500
v 0.404278 -0.010622 0.052500
v 0.404278 -0.010622 0.056500
v 0.405693 -0.006491 0.052500
v 0.405693 -0.006491 0.056500
v 0.406410 -0.002183 0.052500
v 0.406410 -0.002183 0.056500
v 0.406410 0.002183 0.052500
v 0.406410 0.002183 0.056500
v 0.405693 0.006491 0.052500
v 0.405693 0.006491 0.056500
v 0.404278 0.010622 0.052500
v 0.404278 0.010622 0.056500
v 0.402204 0.014465 0.052500
v 0.402204 0.014465 0.056500
v 0.399527 0.017915 0.052500
v 0.399527 0.017915 0.056500
v 0.396320 0.020878 0.052500
v 0.396320 0.020878 0.056500
v 0.392670 0.023275 0.052500
v 0.392670 0.023275 0.056500
v 0.388676 0.025040 0.052500
v 0.388676 0.025040 0.056500
v 0.384446 0.026124 0.052500
v 0.384446 0.026124 0.056500
v 0.380095 0.026500 0.052500
v 0.380095 0.026500 0.056500
v 0.375742 0.026156 0.052500
v 0.375742 0.026156 0.056500
v 0.371505 0.025101 0.052500
v 0.371505 0.025101 0.056500
v 0.367498 0.023366 0.052500
v 0.367498 0.023366 0.056500
v 0.364497 -0.022063 0.056500
v 0.359881 -0.021083 0.054500
v 0.359881 -0.021083 0.052500
v 0.361323 -0.021268 0.052500
v 0.361323 -0.021268 0.056500
v 0.362514 -0.021502 0.052500
v 0.365068 -0.022267 0.052500
v 0.359881 0.021083 0.054500
v 0.361323 0.021268 0.056500
v 0.359881 0.021083 0.052500
v 0.361323 0.021268 0.052500
v 0.362514 0.021502 0.052500
v 0.364497 0.022063 0.056500
v 0.365068 0.022267 0.052500
v 0.348063 0.019000 0.056500
v 0.348063 0.019000 0.054500
v 0.348063 -0.019000 0.056500
v 0.348063 -0.019000 0.054500
v 0.351590 -0.000850 0.054500
v 0.352213 -0.001472 0.054500
v 0.354763 -0.015000 0.054500
v 0.352213 0.013528 0.054500
v 0.354763 0.000000 0.054500
v 0.354535 0.000850 0.054500
v 0.351363 0.000000 0.054500
v 0.354535 -0.014150 0.054500
v 0.353913 -0.013528 0.054500
v 0.358959 -0.020759 0.054500
v 0.351590 0.015850 0.054500
v 0.351363 0.015000 0.054500
v 0.351590 0.014150 0.054500
v 0.353913 0.016472 0.054500
v 0.353913 0.001472 0.054500
v 0.353063 0.001700 0.054500
v 0.352213 0.001472 0.054500
v 0.351590 0.000850 0.054500
v 0.348331 -0.020000 0.054500
v 0.349063 -0.020732 0.054500
v 0.351590 -0.015850 0.054500
v 0.352213 -0.016472 0.054500
v 0.353063 -0.016700 0.054500
v 0.353063 -0.013300 0.054500
v 0.352213 -0.013528 0.054500
v 0.351590 -0.014150 0.054500
v 0.351363 -0.015000 0.054500
v 0.353913 -0.016472 0.054500
v 0.354535 -0.015850 0.054500
v 0.354535 0.014150 0.054500
v 0.353913 0.013528 0.054500
v 0.353063 0.013300 0.054500
v 0.353063 -0.001700 0.054500
v 0.353913 -0.001472 0.054500
v 0.354535 -0.000850 0.054500
v 0.354535 0.015850 0.054500
v 0.358301 0.020038 0.054500
v 0.354763 0.015000 0.054500
v 0.358063 0.019091 0.054500
v 0.358063 -0.019091 0.054500
v 0.358301 -0.020038 0.054500
v 0.358959 0.020759 0.054500
v 0.353063 0.016700 0.054500
v 0.352213 0.016472 0.054500
v 0.349063 0.020732 0.054500
v 0.348331 0.020000 0.054500
v 0.358063 -0.019091 0.052500
v 0.358063 0.019091 0.052500
v 0.348331 -0.020000 0.056500
v 0.349063 -0.020732 0.056500
v 0.348331 0.020000 0.056500
v 0.349063 0.020732 0.056500
v 0.358959 0.020759 0.052500
v 0.358301 0.020038 0.052500
v 0.358301 -0.020038 0.052500
v 0.358959 -0.020759 0.052500
v 0.398635 0.003707 0.046000
v 0.397554 0.007271 0.046000
v 0.395798 0.010556 0.046000
v 0.393435 0.013435 0.046000
v 0.390556 0.015798 0.046000
v 0.387271 0.017554 0.046000
v 0.383707 0.018635 0.046000
v 0.380000 0.019000 0.046000
v 0.376293 0.018635 0.046000
v 0.372729 0.017554 0.046000
v 0.369444 0.015798 0.046000
v 0.366565 0.013435 0.046000
v 0.364202 0.010556 0.046000
v 0.362446 0.007271 0.046000
v 0.361365 0.003707 0.046000
v 0.361000 0.000000 0.046000
v 0.361365 -0.003707 0.046000
v 0.362446 -0.007271 0.046000
v 0.364202 -0.010556 0.046000
v 0.366565 -0.013435 0.046000
v 0.369444 -0.015798 0.046000
v 0.372729 -0.017554 0.046000
v 0.376293 -0.018635 0.046000
v 0.380000 -0.019000 0.046000
v 0.383707 -0.018635 0.046000
v 0.387271 -0.017554 0.046000
v 0.390556 -0.015798 0.046000
v 0.393435 -0.013435 0.046000
v 0.395798 -0.010556 0.046000
v 0.397554 -0.007271 0.046000
v 0.398635 -0.003707 0.046000
v 0.399000 0.000000 0.046000
v 0.366722 0.011399 0.045500
v 0.366919 0.013081 0.045500
v 0.369288 0.013839 0.045500
v 0.369722 0.015382 0.045500
v 0.372293 0.015712 0.045500
v 0.372920 0.017092 0.045500
v 0.375614 0.016941 0.045500
v 0.376391 0.018145 0.045500
v 0.379114 0.017478 0.045500
v 0.380000 0.018500 0.045500
v 0.382650 0.017298 0.045500
v 0.383609 0.018145 0.045500
v 0.386078 0.016411 0.045500
v 0.387080 0.017092 0.045500
v 0.389257 0.014851 0.045500
v 0.390278 0.015382 0.045500
v 0.392057 0.012684 0.045500
v 0.393081 0.013081 0.045500
v 0.394363 0.009997 0.045500
v 0.395382 0.010278 0.045500
v 0.396082 0.006901 0.045500
v 0.397092 0.007080 0.045500
v 0.397142 0.003523 0.045500
v 0.398145 0.003609 0.045500
v 0.397500 0.000000 0.045500
v 0.398500 0.000000 0.045500
v 0.397142 -0.003523 0.045500
v 0.398145 -0.003609 0.045500
v 0.396082 -0.006901 0.045500
v 0.397092 -0.007080 0.045500
v 0.394363 -0.009997 0.045500
v 0.395382 -0.010278 0.045500
v 0.392057 -0.012684 0.045500
v 0.393081 -0.013081 0.045500
v 0.389257 -0.014851 0.045500
v 0.390278 -0.015382 0.045500
v 0.386078 -0.016411 0.045500
v 0.387080 -0.017092 0.045500
v 0.382650 -0.017298 0.045500
v 0.383609 -0.018145 0.045500
v 0.379114 -0.017478 0.045500
v 0.380000 -0.018500 0.045500
v 0.375614 -0.016941 0.045500
v 0.376391 -0.018145 0.045500
v 0.372293 -0.015712 0.045500
v 0.372920 -0.017092 0.045500
v 0.369288 -0.013839 0.045500
v 0.369722 -0.015382 0.045500
v 0.366722 -0.011399 0.045500
v 0.366919 -0.013081 0.045500
v 0.364699 -0.008493 0.045500
v 0.364618 -0.010278 0.045500
v 0.363303 -0.005239 0.045500
v 0.362908 -0.007080 0.045500
v 0.362590 -0.001770 0.045500
v 0.361855 -0.003609 0.045500
v 0.362500 0.000000 0.045500
v 0.361500 0.000000 0.045500
v 0.362590 0.001770 0.045500
v 0.361855 0.003609 0.045500
v 0.363303 0.005239 0.045500
v 0.362908 0.007080 0.045500
v 0.364699 0.008493 0.045500
v 0.364618 0.010278 0.045500
v 0.362590 0.001770 0.042000
v 0.362500 0.000000 0.042000
v 0.362590 -0.001770 0.042000
v 0.363303 -0.005239 0.042000
v 0.364699 -0.008493 0.042000
v 0.366722 -0.011399 0.042000
v 0.369288 -0.013839 0.042000
v 0.372293 -0.015712 0.042000
v 0.375614 -0.016941 0.042000
v 0.379114 -0.017478 0.042000
v 0.382650 -0.017298 0.042000
v 0.386078 -0.016411 0.042000
v 0.389257 -0.014851 0.042000
v 0.392057 -0.012684 0.042000
v 0.394363 -0.009997 0.042000
v 0.396082 -0.006901 0.042000
v 0.397142 -0.003523 0.042000
v 0.397500 0.000000 0.042000
v 0.397142 0.003523 0.042000
v 0.396082 0.006901 0.042000
v 0.394363 0.009997 0.042000
v 0.392057 0.012684 0.042000
v 0.389257 0.014851 0.042000
v 0.386078 0.016411 0.042000
v 0.382650 0.017298 0.042000
v 0.379114 0.017478 0.042000
v 0.375614 0.016941 0.042000
v 0.372293 0.015712 0.042000
v 0.369288 0.013839 0.042000
v 0.366722 0.011399 0.042000
v 0.364699 0.008493 0.042000
v 0.363303 0.005239 0.042000
v 0.363087 -0.001720 0.041500
v 0.367000 0.000000 0.041500
v 0.367378 -0.003111 0.041500
v 0.363000 0.000000 0.041500
v 0.363087 0.001720 0.041500
v 0.367378 0.003111 0.041500
v 0.363780 0.005089 0.041500
v 0.368489 0.006041 0.041500
v 0.365136 0.008250 0.041500
v 0.370269 0.008621 0.041500
v 0.367101 0.011073 0.041500
v 0.372615 0.010699 0.041500
v 0.369594 0.013443 0.041500
v 0.375390 0.012155 0.041500
v 0.389731 0.008621 0.041500
v 0.393953 0.009712 0.041500
v 0.391511 0.006041 0.041500
v 0.395622 0.006704 0.041500
v 0.392622 0.003111 0.041500
v 0.396652 0.003422 0.041500
v 0.393000 0.000000 0.041500
v 0.397000 0.000000 0.041500
v 0.392622 -0.003111 0.041500
v 0.396652 -0.003422 0.041500
v 0.391511 -0.006041 0.041500
v 0.395622 -0.006704 0.041500
v 0.393953 -0.009712 0.041500
v 0.389731 -0.008621 0.041500
v 0.391712 -0.012321 0.041500
v 0.387385 -0.010699 0.041500
v 0.388992 -0.014427 0.041500
v 0.384610 -0.012155 0.041500
v 0.385904 -0.015942 0.041500
v 0.381567 -0.012905 0.041500
v 0.382574 -0.016804 0.041500
v 0.378433 -0.012905 0.041500
v 0.379139 -0.016978 0.041500
v 0.375739 -0.016457 0.041500
v 0.375390 -0.012155 0.041500
v 0.372513 -0.015263 0.041500
v 0.372615 -0.010699 0.041500
v 0.369594 -0.013443 0.041500
v 0.370269 -0.008621 0.041500
v 0.367101 -0.011073 0.041500
v 0.368489 -0.006041 0.041500
v 0.365136 -0.008250 0.041500
v 0.363780 -0.005089 0.041500
v 0.372513 0.015263 0.041500
v 0.375739 0.016457 0.041500
v 0.378433 0.012905 0.041500
v 0.379139 0.016978 0.041500
v 0.381567 0.012905 0.041500
v 0.382574 0.016804 0.041500
v 0.384610 0.012155 0.041500
v 0.385904 0.015942 0.041500
v 0.387385 0.010699 0.041500
v 0.388992 0.014427 0.041500
v 0.391712 0.012321 0.041500
v 0.354594 -0.014262 0.055900
v 0.354535 -0.014150 0.055900
v 0.354123 -0.013671 0.055900
v 0.353913 -0.013528 0.055900
v 0.353441 -0.013343 0.055900
v 0.353063 -0.013300 0.055900
v 0.352684 -0.013343 0.055900
v 0.352213 -0.013528 0.055900
v 0.352003 -0.013671 0.055900
v 0.351590 -0.014150 0.055900
v 0.351531 -0.014262 0.055900
v 0.351363 -0.015000 0.055900
v 0.351531 -0.015738 0.055900
v 0.351590 -0.015850 0.055900
v 0.352003 -0.016329 0.055900
v 0.352213 -0.016472 0.055900
v 0.352684 -0.016657 0.055900
v 0.353063 -0.016700 0.055900
v 0.353441 -0.016657 0.055900
v 0.353913 -0.016472 0.055900
v 0.354123 -0.016329 0.055900
v 0.354535 -0.015850 0.055900
v 0.354594 -0.015738 0.055900
v 0.354763 -0.015000 0.055900
v 0.354594 0.000738 0.055900
v 0.354535 0.000850 0.055900
v 0.354123 0.001329 0.055900
v 0.353913 0.001472 0.055900
v 0.353441 0.001657 0.055900
v 0.353063 0.001700 0.055900
v 0.352684 0.001657 0.055900
v 0.352213 0.001472 0.055900
v 0.352003 0.001329 0.055900
v 0.351590 0.000850 0.055900
v 0.351531 0.000738 0.055900
v 0.351363 0.000000 0.055900
v 0.351531 -0.000738 0.055900
v 0.351590 -0.000850 0.055900
v 0.352003 -0.001329 0.055900
v 0.352213 -0.001472 0.055900
v 0.352684 -0.001657 0.055900
v 0.353063 -0.001700 0.055900
v 0.353441 -0.001657 0.055900
v 0.353913 -0.001472 0.055900
v 0.354123 -0.001329 0.055900
v 0.354535 -0.000850 0.055900
v 0.354594 -0.000738 0.055900
v 0.354763 0.000000 0.055900
v 0.354594 0.015738 0.055900
v 0.354535 0.015850 0.055900
v 0.354123 0.016329 0.055900
v 0.353913 0.016472 0.055900
v 0.353441 0.016657 0.055900
v 0.353063 0.016700 0.055900
v 0.352684 0.016657 0.055900
v 0.352213 0.016472 0.055900
v 0.352003 0.016329 0.055900
v 0.351590 0.015850 0.055900
v 0.351531 0.015738 0.055900
v 0.351363 0.015000 0.055900
v 0.351531 0.014262 0.055900
v 0.351590 0.014150 0.055900
v 0.352003 0.013671 0.055900
v 0.352213 0.013528 0.055900
v 0.352684 0.013343 0.055900
v 0.353063 0.013300 0.055900
v 0.353441 0.013343 0.055900
v 0.353913 0.013528 0.055900
v 0.354123 0.013671 0.055900
v 0.354535 0.014150 0.055900
v 0.354594 0.014262 0.055900
v 0.354763 0.015000 0.055900
v 0.392500 0.000000 0.042000
v 0.392500 0.000000 0.057000
v 0.392137 0.002991 0.042000
v 0.392137 0.002991 0.057000
v 0.391068 0.005809 0.042000
v 0.391068 0.005809 0.057000
v 0.389356 0.008289 0.042000
v 0.389356 0.008289 0.057000
v 0.387101 0.010287 0.042000
v 0.387101 0.010287 0.057000
v 0.384433 0.011688 0.042000
v 0.384433 0.011688 0.057000
v 0.381507 0.012409 0.042000
v 0.381507 0.012409 0.057000
v 0.378493 0.012409 0.042000
v 0.378493 0.012409 0.057000
v 0.375567 0.011688 0.042000
v 0.375567 0.011688 0.057000
v 0.372899 0.010287 0.042000
v 0.372899 0.010287 0.057000
v 0.370644 0.008289 0.042000
v 0.370644 0.008289 0.057000
v 0.368932 0.005809 0.042000
v 0.368932 0.005809 0.057000
v 0.367863 0.002991 0.042000
v 0.367863 0.002991 0.057000
v 0.367500 0.000000 0.042000
v 0.367500 0.000000 0.057000
v 0.367863 -0.002991 0.042000
v 0.367863 -0.002991 0.057000
v 0.368932 -0.005809 0.042000
v 0.368932 -0.005809 0.057000
v 0.370644 -0.008289 0.042000
v 0.370644 -0.008289 0.057000
v 0.372899 -0.010287 0.042000
v 0.372899 -0.010287 0.057000
v 0.375567 -0.011688 0.042000
v 0.375567 -0.011688 0.057000
v 0.378493 -0.012409 0.042000
v 0.378493 -0.012409 0.057000
v 0.381507 -0.012409 0.042000
v 0.381507 -0.012409 0.057000
v 0.384433 -0.011688 0.042000
v 0.384433 -0.011688 0.057000
v 0.387101 -0.010287 0.042000
v 0.387101 -0.010287 0.057000
v 0.389356 -0.008289 0.042000
v 0.389356 -0.008289 0.057000
v 0.391068 -0.005809 0.042000
v 0.391068 -0.005809 0.057000
v 0.392137 -0.002991 0.042000
v 0.392137 -0.002991 0.057000
v 0.367000 0.000000 0.057500
v 0.352438 -0.013917 0.054500
v 0.353063 -0.013750 0.054500
v 0.357863 0.019000 0.054500
v 0.353063 0.001250 0.054500
v 0.352438 0.001083 0.054500
v 0.351980 0.000625 0.054500
v 0.345863 -0.021000 0.054500
v 0.355863 -0.021000 0.054500
v 0.346863 -0.020732 0.054500
v 0.347595 -0.020000 0.054500
v 0.353688 0.001083 0.054500
v 0.354145 0.000625 0.054500
v 0.354313 0.000000 0.054500
v 0.353688 -0.013917 0.054500
v 0.354145 -0.014375 0.054500
v 0.357863 -0.019000 0.054500
v 0.347863 -0.019000 0.054500
v 0.351980 -0.015625 0.054500
v 0.351813 -0.015000 0.054500
v 0.347595 0.020000 0.054500
v 0.355863 0.021000 0.054500
v 0.346863 0.020732 0.054500
v 0.345863 0.021000 0.054500
v 0.354313 -0.015000 0.054500
v 0.354145 -0.015625 0.054500
v 0.357595 -0.020000 0.054500
v 0.353688 -0.016083 0.054500
v 0.352438 -0.016083 0.054500
v 0.353063 -0.016250 0.054500
v 0.356863 -0.020732 0.054500
v 0.351980 -0.014375 0.054500
v 0.354145 -0.000625 0.054500
v 0.353688 -0.001083 0.054500
v 0.353063 -0.001250 0.054500
v 0.352438 -0.001083 0.054500
v 0.351980 -0.000625 0.054500
v 0.351813 0.000000 0.054500
v 0.353688 0.013917 0.054500
v 0.354145 0.014375 0.054500
v 0.354313 0.015000 0.054500
v 0.354145 0.015625 0.054500
v 0.357595 0.020000 0.054500
v 0.353688 0.016083 0.054500
v 0.356863 0.020732 0.054500
v 0.353063 0.016250 0.054500
v 0.352438 0.016083 0.054500
v 0.351980 0.015625 0.054500
v 0.347863 0.019000 0.054500
v 0.353063 0.013750 0.054500
v 0.352438 0.013917 0.054500
v 0.351980 0.014375 0.054500
v 0.351813 0.015000 0.054500
v 0.028206 0.001083 0.054500
v 0.028831 0.001250 0.054500
v 0.030081 0.015000 0.054500
v 0.035532 -0.021000 0.054500
v 0.034532 -0.020732 0.054500
v 0.033799 -0.020000 0.054500
v 0.026946 -0.021091 0.054500
v 0.027786 -0.021163 0.054500
v 0.029914 -0.015625 0.054500
v 0.030081 0.000000 0.054500
v 0.029914 -0.000625 0.054500
v 0.033532 -0.019000 0.054500
v 0.033532 0.019000 0.054500
v 0.033799 0.020000 0.054500
v 0.034532 0.020732 0.054500
v 0.035532 0.021000 0.054500
v 0.028831 0.013750 0.054500
v 0.028206 0.013917 0.054500
v 0.027581 0.000000 0.054500
v 0.029456 -0.016083 0.054500
v 0.028831 -0.016250 0.054500
v 0.025709 -0.020003 0.054500
v 0.028206 -0.016083 0.054500
v 0.025532 -0.019179 0.054500
v 0.029914 0.015625 0.054500
v 0.029456 0.016083 0.054500
v 0.026210 -0.020680 0.054500
v 0.029914 0.000625 0.054500
v 0.029456 0.001083 0.054500
v 0.027749 0.000625 0.054500
v 0.029914 0.014375 0.054500
v 0.029456 0.013917 0.054500
v 0.026946 0.021091 0.054500
v 0.026210 0.020680 0.054500
v 0.025709 0.020003 0.054500
v 0.028831 0.016250 0.054500
v 0.027786 0.021163 0.054500
v 0.028206 0.016083 0.054500
v 0.030081 -0.015000 0.054500
v 0.029914 -0.014375 0.054500
v 0.029456 -0.013917 0.054500
v 0.029456 -0.001083 0.054500
v 0.028831 -0.013750 0.054500
v 0.028831 -0.001250 0.054500
v 0.028206 -0.013917 0.054500
v 0.028206 -0.001083 0.054500
v 0.027749 -0.014375 0.054500
v 0.027749 -0.000625 0.054500
v 0.025532 0.019179 0.054500
v 0.027581 -0.015000 0.054500
v 0.027749 -0.015625 0.054500
v 0.027749 0.014375 0.054500
v 0.027581 0.015000 0.054500
v 0.027749 0.015625 0.054500
v 0.345500 -0.017625 -0.054500
v 0.331467 -0.017625 -0.054500
v 0.331467 -0.002750 -0.054500
v 0.406500 0.003000 -0.054500
v 0.407725 0.002750 -0.054500
v 0.408000 0.002598 -0.054500
v 0.403902 -0.001500 -0.054500
v 0.405000 -0.002598 -0.054500
v 0.401725 -0.002750 -0.054500
v 0.377710 -0.018861 -0.054500
v 0.386737 -0.017765 -0.054500
v 0.386625 -0.021725 -0.054500
v 0.346534 0.020000 -0.054500
v 0.355409 0.021298 -0.054500
v 0.352275 0.019475 -0.054500
v 0.407829 0.011206 -0.054500
v 0.408092 0.010529 -0.054500
v 0.407725 0.006625 -0.054500
v 0.409868 0.002816 -0.054500
v 0.407829 -0.011206 -0.054500
v 0.407725 -0.002750 -0.054500
v 0.408092 -0.010529 -0.054500
v 0.384081 -0.029721 -0.054500
v 0.386625 -0.027725 -0.054500
v 0.394252 -0.026399 -0.054500
v 0.356098 0.001500 -0.054500
v 0.355000 0.002598 -0.054500
v 0.360525 0.002750 -0.054500
v 0.353500 0.003000 -0.054500
v 0.352275 0.002750 -0.054500
v 0.352275 0.006625 -0.054500
v 0.352000 0.002598 -0.054500
v 0.400352 0.014750 -0.054500
v 0.397625 0.017625 -0.054500
v 0.401450 0.015848 -0.054500
v 0.401725 0.017625 -0.054500
v 0.402950 0.016250 -0.054500
v 0.404150 0.017799 -0.054500
v 0.404450 0.015848 -0.054500
v 0.405548 0.014750 -0.054500
v 0.405950 0.013250 -0.054500
v 0.400352 0.011750 -0.054500
v 0.401450 0.010652 -0.054500
v 0.401725 0.006625 -0.054500
v 0.402950 0.010250 -0.054500
v 0.404450 0.010652 -0.054500
v 0.405548 0.011750 -0.054500
v 0.395848 0.021450 -0.054500
v 0.396250 0.022950 -0.054500
v 0.397914 0.024064 -0.054500
v 0.386625 0.021725 -0.054500
v 0.386737 0.029234 -0.054500
v 0.390652 0.024450 -0.054500
v 0.395848 0.024450 -0.054500
v 0.394750 0.025548 -0.054500
v 0.394252 0.026399 -0.054500
v 0.393250 0.025950 -0.054500
v 0.391750 0.025548 -0.054500
v 0.390250 0.022950 -0.054500
v 0.390652 0.021450 -0.054500
v 0.386625 0.019475 -0.054500
v 0.391750 0.020352 -0.054500
v 0.393250 0.019950 -0.054500
v 0.397625 0.021725 -0.054500
v 0.394750 0.020352 -0.054500
v 0.397625 0.019475 -0.054500
v 0.373375 0.021725 -0.054500
v 0.369348 0.021450 -0.054500
v 0.369750 0.022950 -0.054500
v 0.373374 0.029259 -0.054500
v 0.369348 0.024450 -0.054500
v 0.368250 0.025548 -0.054500
v 0.366750 0.025950 -0.054500
v 0.365250 0.025548 -0.054500
v 0.363541 0.025082 -0.054500
v 0.364152 0.024450 -0.054500
v 0.363750 0.022950 -0.054500
v 0.360525 0.021725 -0.054500
v 0.364152 0.021450 -0.054500
v 0.360525 0.019475 -0.054500
v 0.365250 0.020352 -0.054500
v 0.366750 0.019950 -0.054500
v 0.368250 0.020352 -0.054500
v 0.373375 0.019475 -0.054500
v 0.350902 -0.001500 -0.054500
v 0.345500 -0.002750 -0.054500
v 0.350500 0.000000 -0.054500
v 0.345500 0.002750 -0.054500
v 0.350902 0.001500 -0.054500
v 0.360525 -0.002750 -0.054500
v 0.355000 -0.002598 -0.054500
v 0.356098 -0.001500 -0.054500
v 0.356500 0.000000 -0.054500
v 0.360525 -0.017625 -0.054500
v 0.359648 -0.014750 -0.054500
v 0.360050 -0.013250 -0.054500
v 0.355550 -0.010652 -0.054500
v 0.354452 -0.011750 -0.054500
v 0.352275 -0.002750 -0.054500
v 0.354050 -0.013250 -0.054500
v 0.354452 -0.014750 -0.054500
v 0.355550 -0.015848 -0.054500
v 0.352275 -0.017625 -0.054500
v 0.357050 -0.016250 -0.054500
v 0.358550 -0.015848 -0.054500
v 0.359648 -0.011750 -0.054500
v 0.358550 -0.010652 -0.054500
v 0.357050 -0.010250 -0.054500
v 0.353500 -0.003000 -0.054500
v 0.352542 -0.002843 -0.054500
v 0.352000 -0.002598 -0.054500
v 0.368250 -0.025548 -0.054500
v 0.369348 -0.024450 -0.054500
v 0.373375 -0.027725 -0.054500
v 0.364152 -0.021450 -0.054500
v 0.363750 -0.022950 -0.054500
v 0.360525 -0.021725 -0.054500
v 0.363541 -0.025082 -0.054500
v 0.355409 -0.021298 -0.054500
v 0.373375 -0.021725 -0.054500
v 0.366750 -0.025950 -0.054500
v 0.369592 -0.028137 -0.054500
v 0.365250 -0.025548 -0.054500
v 0.364152 -0.024450 -0.054500
v 0.373375 -0.017625 -0.054500
v 0.366750 -0.019950 -0.054500
v 0.365250 -0.020352 -0.054500
v 0.369750 -0.022950 -0.054500
v 0.369348 -0.021450 -0.054500
v 0.368250 -0.020352 -0.054500
v 0.383000 -0.026500 -0.054500
v 0.382598 -0.025000 -0.054500
v 0.381500 -0.023902 -0.054500
v 0.380000 -0.023500 -0.054500
v 0.378500 -0.023902 -0.054500
v 0.377402 -0.025000 -0.054500
v 0.377000 -0.026500 -0.054500
v 0.377402 -0.028000 -0.054500
v 0.373391 -0.029263 -0.054500
v 0.378500 -0.029098 -0.054500
v 0.380000 -0.029500 -0.054500
v 0.381500 -0.029098 -0.054500
v 0.382598 -0.028000 -0.054500
v 0.390250 -0.022950 -0.054500
v 0.390652 -0.024450 -0.054500
v 0.401839 -0.020568 -0.054500
v 0.400352 -0.022041 -0.054500
v 0.397625 -0.021725 -0.054500
v 0.397914 -0.024064 -0.054500
v 0.396250 -0.022950 -0.054500
v 0.391750 -0.025548 -0.054500
v 0.393250 -0.025950 -0.054500
v 0.394750 -0.025548 -0.054500
v 0.395848 -0.024450 -0.054500
v 0.395848 -0.021450 -0.054500
v 0.394750 -0.020352 -0.054500
v 0.397625 -0.017625 -0.054500
v 0.393250 -0.019950 -0.054500
v 0.391750 -0.020352 -0.054500
v 0.390652 -0.021450 -0.054500
v 0.399950 -0.013250 -0.054500
v 0.400352 -0.014750 -0.054500
v 0.401725 -0.017625 -0.054500
v 0.401450 -0.015848 -0.054500
v 0.402950 -0.016250 -0.054500
v 0.404450 -0.010652 -0.054500
v 0.405548 -0.011750 -0.054500
v 0.405950 -0.013250 -0.054500
v 0.405548 -0.014750 -0.054500
v 0.402610 -0.019718 -0.054500
v 0.404450 -0.015848 -0.054500
v 0.409098 0.001500 -0.054500
v 0.409500 0.000000 -0.054500
v 0.410000 0.000000 -0.054500
v 0.409098 -0.001500 -0.054500
v 0.408000 -0.002598 -0.054500
v 0.406500 -0.003000 -0.054500
v 0.402950 -0.010250 -0.054500
v 0.401450 -0.010652 -0.054500
v 0.400352 0.022041 -0.054500
v 0.401839 0.020568 -0.054500
v 0.401725 0.019475 -0.054500
v 0.402610 0.019718 -0.054500
v 0.402798 0.019500 -0.054500
v 0.373391 0.029263 -0.054500
v 0.377402 0.028000 -0.054500
v 0.377000 0.026500 -0.054500
v 0.380000 0.023500 -0.054500
v 0.381500 0.023902 -0.054500
v 0.382598 0.025000 -0.054500
v 0.383000 0.026500 -0.054500
v 0.382598 0.028000 -0.054500
v 0.384081 0.029721 -0.054500
v 0.377402 0.025000 -0.054500
v 0.378500 0.023902 -0.054500
v 0.381500 0.029098 -0.054500
v 0.380000 0.029500 -0.054500
v 0.378500 0.029098 -0.054500
v 0.345500 0.019475 -0.054500
v 0.345500 0.020000 -0.054500
v 0.331467 0.020000 -0.054500
v 0.331467 -0.020000 -0.054500
v 0.345500 -0.020000 -0.054500
v 0.346534 -0.020000 -0.054500
v 0.386737 0.017765 -0.054500
v 0.377710 0.018861 -0.054500
v 0.398448 0.004547 -0.054500
v 0.394222 0.012599 -0.054500
v 0.397625 0.006625 -0.054500
v 0.399950 0.013250 -0.054500
v 0.398448 -0.004547 -0.054500
v 0.400352 -0.011750 -0.054500
v 0.394222 -0.012599 -0.054500
v 0.369207 -0.015637 -0.054500
v 0.363176 -0.008830 -0.054500
v 0.361000 0.000000 -0.054500
v 0.363176 0.008830 -0.054500
v 0.401725 0.002750 -0.054500
v 0.403500 0.000000 -0.054500
v 0.405000 0.002598 -0.054500
v 0.403902 0.001500 -0.054500
v 0.336750 0.002165 -0.054500
v 0.335835 0.001250 -0.054500
v 0.331467 0.002750 -0.054500
v 0.335500 0.000000 -0.054500
v 0.335835 -0.001250 -0.054500
v 0.336750 -0.002165 -0.054500
v 0.340500 0.000000 -0.054500
v 0.340165 -0.001250 -0.054500
v 0.339250 -0.002165 -0.054500
v 0.338000 -0.002500 -0.054500
v 0.340165 0.001250 -0.054500
v 0.339250 0.002165 -0.054500
v 0.338000 0.002500 -0.054500
v 0.355550 0.015848 -0.054500
v 0.354452 0.014750 -0.054500
v 0.352275 0.017625 -0.054500
v 0.354050 0.013250 -0.054500
v 0.358550 0.015848 -0.054500
v 0.357050 0.016250 -0.054500
v 0.360525 0.017625 -0.054500
v 0.358550 0.010652 -0.054500
v 0.359648 0.011750 -0.054500
v 0.360525 0.006625 -0.054500
v 0.360050 0.013250 -0.054500
v 0.359648 0.014750 -0.054500
v 0.354452 0.011750 -0.054500
v 0.355550 0.010652 -0.054500
v 0.357050 0.010250 -0.054500
v 0.373375 0.017625 -0.054500
v 0.345500 0.017625 -0.054500
v 0.345500 0.006625 -0.054500
v 0.331467 0.019475 -0.054500
v 0.331467 0.017625 -0.054500
v 0.331467 0.006625 -0.054500
v 0.369207 0.015637 -0.054500
v -0.029063 0.019089 -0.054500
v -0.029548 0.018760 -0.054500
v -0.022605 0.026721 -0.054500
v -0.019089 -0.029063 -0.054500
v -0.018760 -0.029548 -0.054500
v -0.022605 -0.026721 -0.054500
v -0.016209 -0.031020 -0.054500
v -0.015625 -0.031063 -0.054500
v -0.012156 -0.032821 -0.054500
v -0.013625 -0.030527 -0.054500
v -0.012161 -0.029063 -0.054500
v 0.023599 -0.013625 -0.054500
v 0.023063 -0.015625 -0.054500
v 0.011250 -0.019486 -0.054500
v -0.023599 -0.017625 -0.054500
v 0.002000 -0.027786 -0.054500
v 0.000000 -0.027250 -0.054500
v -0.031020 -0.016209 -0.054500
v -0.034473 -0.006050 -0.054500
v -0.031063 -0.015625 -0.054500
v -0.030527 -0.013625 -0.054500
v -0.034714 0.002000 -0.054500
v -0.034969 0.001473 -0.054500
v -0.034473 0.006050 -0.054500
v 0.002000 0.034714 -0.054500
v 0.001473 0.034969 -0.054500
v 0.011679 0.032994 -0.054500
v 0.048250 0.002165 -0.054500
v 0.030527 0.013625 -0.054500
v 0.031063 0.015625 -0.054500
v -0.018760 0.029548 -0.054500
v -0.019089 0.029063 -0.054500
v -0.016209 0.031020 -0.054500
v -0.012156 0.032821 -0.054500
v -0.015625 0.031063 -0.054500
v -0.013625 0.030527 -0.054500
v -0.029548 -0.018760 -0.054500
v -0.029063 -0.019089 -0.054500
v -0.031020 0.016209 -0.054500
v -0.031063 0.015625 -0.054500
v -0.020555 0.009152 -0.054500
v -0.023599 0.013625 -0.054500
v -0.015055 0.016721 -0.054500
v -0.017625 0.023599 -0.054500
v -0.027063 0.019625 -0.054500
v -0.025063 0.019089 -0.054500
v 0.016209 0.031020 -0.054500
v 0.015625 0.031063 -0.054500
v 0.018760 0.029548 -0.054500
v 0.022216 0.027045 -0.054500
v 0.019089 0.029063 -0.054500
v 0.019625 0.027063 -0.054500
v -0.001473 -0.034969 -0.054500
v -0.002000 -0.034714 -0.054500
v -0.003464 -0.033250 -0.054500
v -0.004000 -0.031250 -0.054500
v -0.012161 -0.025063 -0.054500
v -0.013625 -0.023599 -0.054500
v -0.003464 -0.029250 -0.054500
v -0.002000 -0.027786 -0.054500
v -0.019625 -0.027063 -0.054500
v -0.019089 -0.025063 -0.054500
v -0.033250 0.003464 -0.054500
v -0.029063 0.012161 -0.054500
v -0.030527 0.013625 -0.054500
v -0.027063 0.011625 -0.054500
v -0.029250 0.003464 -0.054500
v -0.031250 0.004000 -0.054500
v -0.022500 0.000000 -0.054500
v -0.027250 0.000000 -0.054500
v -0.027786 0.002000 -0.054500
v -0.025063 0.012161 -0.054500
v -0.012161 0.025063 -0.054500
v 0.027063 0.019625 -0.054500
v 0.025063 0.019089 -0.054500
v 0.003464 0.033250 -0.054500
v 0.012161 0.029063 -0.054500
v 0.013625 0.030527 -0.054500
v 0.011625 0.027063 -0.054500
v 0.003464 0.029250 -0.054500
v 0.004000 0.031250 -0.054500
v 0.018203 0.013225 -0.054500
v 0.011250 0.019486 -0.054500
v 0.023063 0.015625 -0.054500
v 0.034714 0.002000 -0.054500
v 0.033250 0.003464 -0.054500
v 0.031250 0.004000 -0.054500
v 0.029063 0.012161 -0.054500
v -0.011625 -0.027063 -0.054500
v 0.019089 -0.029063 -0.054500
v 0.025063 -0.019089 -0.054500
v 0.027063 -0.019625 -0.054500
v 0.016209 -0.031020 -0.054500
v 0.011679 -0.032994 -0.054500
v 0.015625 -0.031063 -0.054500
v 0.013625 -0.030527 -0.054500
v 0.041893 -0.020000 -0.054500
v 0.045750 -0.002165 -0.054500
v 0.047000 -0.002500 -0.054500
v 0.049033 -0.020000 -0.054500
v 0.048250 -0.002165 -0.054500
v 0.049033 -0.001455 -0.054500
v 0.023599 0.013625 -0.054500
v 0.025063 0.012161 -0.054500
v 0.027786 0.002000 -0.054500
v 0.027063 0.011625 -0.054500
v -0.019625 0.027063 -0.054500
v -0.019089 0.025063 -0.054500
v -0.023599 0.017625 -0.054500
v -0.023063 0.015625 -0.054500
v 0.012161 0.025063 -0.054500
v 0.013625 0.023599 -0.054500
v 0.002000 0.027786 -0.054500
v 0.000000 0.027250 -0.054500
v 0.015625 0.023063 -0.054500
v 0.017625 0.023599 -0.054500
v 0.019089 0.025063 -0.054500
v 0.029063 0.019089 -0.054500
v 0.044500 0.000000 -0.054500
v 0.035250 0.000000 -0.054500
v 0.044835 0.001250 -0.054500
v 0.045750 0.002165 -0.054500
v 0.047000 0.002500 -0.054500
v -0.027063 -0.019625 -0.054500
v -0.025063 -0.019089 -0.054500
v -0.017625 -0.023599 -0.054500
v -0.015625 -0.023063 -0.054500
v 0.018760 -0.029548 -0.054500
v 0.022216 -0.027045 -0.054500
v 0.031443 -0.021814 -0.054500
v 0.029063 -0.019089 -0.054500
v 0.030527 -0.017625 -0.054500
v 0.027250 0.000000 -0.054500
v 0.027786 -0.002000 -0.054500
v 0.022008 -0.004678 -0.054500
v 0.029063 -0.012161 -0.054500
v 0.027063 -0.011625 -0.054500
v 0.029250 -0.003464 -0.054500
v 0.025063 -0.012161 -0.054500
v -0.015625 0.023063 -0.054500
v -0.013625 0.023599 -0.054500
v -0.006953 0.021399 -0.054500
v 0.002352 0.022377 -0.054500
v 0.023599 0.017625 -0.054500
v -0.001473 0.034969 -0.054500
v -0.002000 0.034714 -0.054500
v -0.003464 0.033250 -0.054500
v -0.004000 0.031250 -0.054500
v -0.012161 0.029063 -0.054500
v -0.011625 0.027063 -0.054500
v -0.003464 0.029250 -0.054500
v -0.002000 0.027786 -0.054500
v 0.049033 0.001455 -0.054500
v 0.049033 0.020000 -0.054500
v 0.041893 0.020000 -0.054500
v 0.030527 0.017625 -0.054500
v 0.031443 0.021814 -0.054500
v 0.011625 -0.027063 -0.054500
v -0.006953 -0.021399 -0.054500
v 0.012161 -0.025063 -0.054500
v 0.002352 -0.022377 -0.054500
v 0.013625 -0.023599 -0.054500
v 0.015625 -0.023063 -0.054500
v 0.017625 -0.023599 -0.054500
v 0.023599 -0.017625 -0.054500
v 0.019089 -0.025063 -0.054500
v 0.019625 -0.027063 -0.054500
v 0.031063 -0.015625 -0.054500
v 0.030527 -0.013625 -0.054500
v 0.044835 -0.001250 -0.054500
v 0.022008 0.004678 -0.054500
v 0.022500 0.000000 -0.054500
v 0.018203 -0.013225 -0.054500
v 0.031250 -0.004000 -0.054500
v 0.033250 -0.003464 -0.054500
v 0.034714 -0.002000 -0.054500
v 0.029250 0.003464 -0.054500
v -0.023599 -0.013625 -0.054500
v -0.025063 -0.012161 -0.054500
v -0.027786 -0.002000 -0.054500
v -0.027063 -0.011625 -0.054500
v -0.029250 -0.003464 -0.054500
v -0.031250 -0.004000 -0.054500
v 0.001473 -0.034969 -0.054500
v 0.002000 -0.034714 -0.054500
v 0.003464 -0.033250 -0.054500
v 0.004000 -0.031250 -0.054500
v 0.012161 -0.029063 -0.054500
v -0.034969 -0.001473 -0.054500
v -0.034714 -0.002000 -0.054500
v -0.033250 -0.003464 -0.054500
v -0.029063 -0.012161 -0.054500
v 0.003464 -0.029250 -0.054500
v -0.015055 -0.016721 -0.054500
v -0.023063 -0.015625 -0.054500
v -0.020555 -0.009152 -0.054500
v 0.355863 -0.021000 0.052500
v 0.049033 -0.021000 0.056500
v 0.035532 -0.021000 0.056500
v 0.345863 -0.021000 0.056500
v 0.326354 -0.021000 0.051271
v 0.337483 -0.021000 0.052500
v 0.054146 -0.021000 0.051271
v 0.043017 -0.021000 0.052500
v 0.030331 -0.021000 0.052500
v 0.331467 -0.021000 0.056500
v 0.324706 -0.021000 0.055701
v 0.315761 -0.021000 0.047643
v 0.318318 -0.021000 0.053348
v 0.294012 -0.021000 0.039291
v 0.295873 -0.021000 0.044065
v 0.271276 -0.021000 0.034207
v 0.272254 -0.021000 0.038403
v 0.248040 -0.021000 0.032500
v 0.248040 -0.021000 0.036500
v 0.132460 -0.021000 0.032500
v 0.132460 -0.021000 0.036500
v 0.109224 -0.021000 0.034207
v 0.108246 -0.021000 0.038403
v 0.086488 -0.021000 0.039291
v 0.084627 -0.021000 0.044065
v 0.064739 -0.021000 0.047643
v 0.062182 -0.021000 0.053348
v 0.055794 -0.021000 0.055701
v 0.030331 0.021000 0.052500
v 0.331467 0.021000 0.056500
v 0.345863 0.021000 0.056500
v 0.035532 0.021000 0.056500
v 0.054146 0.021000 0.051271
v 0.043017 0.021000 0.052500
v 0.326354 0.021000 0.051271
v 0.337483 0.021000 0.052500
v 0.355863 0.021000 0.052500
v 0.049033 0.021000 0.056500
v 0.055794 0.021000 0.055701
v 0.064739 0.021000 0.047643
v 0.062182 0.021000 0.053348
v 0.086488 0.021000 0.039291
v 0.084627 0.021000 0.044065
v 0.109224 0.021000 0.034207
v 0.108246 0.021000 0.038403
v 0.132460 0.021000 0.032500
v 0.132460 0.021000 0.036500
v 0.248040 0.021000 0.032500
v 0.248040 0.021000 0.036500
v 0.271276 0.021000 0.034207
v 0.272254 0.021000 0.038403
v 0.294012 0.021000 0.039291
v 0.295873 0.021000 0.044065
v 0.315761 0.021000 0.047643
v 0.318318 0.021000 0.053348
v 0.324706 0.021000 0.055701
v 0.351813 -0.015000 0.051500
v 0.337483 -0.020000 0.051500
v 0.351980 -0.014375 0.051500
v 0.337483 -0.002446 0.051500
v 0.356363 0.019866 0.051500
v 0.356729 0.019500 0.051500
v 0.356863 0.019000 0.051500
v 0.355863 0.020000 0.051500
v 0.354145 0.015625 0.051500
v 0.354313 0.015000 0.051500
v 0.356863 -0.019000 0.051500
v 0.354145 0.014375 0.051500
v 0.352438 0.016083 0.051500
v 0.337483 0.020000 0.051500
v 0.353063 0.016250 0.051500
v 0.353688 0.016083 0.051500
v 0.351980 -0.015625 0.051500
v 0.352438 -0.016083 0.051500
v 0.355863 -0.020000 0.051500
v 0.353063 -0.016250 0.051500
v 0.353688 -0.016083 0.051500
v 0.356363 -0.019866 0.051500
v 0.354145 -0.015625 0.051500
v 0.356729 -0.019500 0.051500
v 0.352438 0.013917 0.051500
v 0.338000 0.002500 0.051500
v 0.351980 0.014375 0.051500
v 0.337483 0.002446 0.051500
v 0.351813 0.015000 0.051500
v 0.351980 0.015625 0.051500
v 0.340165 0.001250 0.051500
v 0.351980 0.000625 0.051500
v 0.340500 0.000000 0.051500
v 0.351813 0.000000 0.051500
v 0.340165 -0.001250 0.051500
v 0.351980 -0.000625 0.051500
v 0.353688 -0.013917 0.051500
v 0.338000 -0.002500 0.051500
v 0.339250 -0.002165 0.051500
v 0.352438 -0.013917 0.051500
v 0.353063 -0.013750 0.051500
v 0.354313 -0.015000 0.051500
v 0.354145 -0.014375 0.051500
v 0.352438 -0.001083 0.051500
v 0.353063 -0.001250 0.051500
v 0.339250 0.002165 0.051500
v 0.352438 0.001083 0.051500
v 0.353063 0.001250 0.051500
v 0.353063 0.013750 0.051500
v 0.353688 0.001083 0.051500
v 0.353688 0.013917 0.051500
v 0.353688 -0.001083 0.051500
v 0.354145 -0.000625 0.051500
v 0.354313 0.000000 0.051500
v 0.354145 0.000625 0.051500
v 0.027749 0.015625 0.051500
v 0.027581 0.015000 0.051500
v 0.026532 0.019179 0.051500
v 0.029456 -0.001083 0.051500
v 0.029914 -0.000625 0.051500
v 0.043017 -0.020000 0.051500
v 0.028206 0.016083 0.051500
v 0.027749 0.014375 0.051500
v 0.028206 0.013917 0.051500
v 0.027749 0.000625 0.051500
v 0.027581 0.000000 0.051500
v 0.027749 -0.000625 0.051500
v 0.030081 -0.015000 0.051500
v 0.028206 -0.001083 0.051500
v 0.028831 -0.001250 0.051500
v 0.028206 -0.013917 0.051500
v 0.027749 -0.014375 0.051500
v 0.027581 -0.015000 0.051500
v 0.026532 -0.019179 0.051500
v 0.043017 0.020000 0.051500
v 0.029914 0.014375 0.051500
v 0.030331 -0.020000 0.051500
v 0.029456 -0.016083 0.051500
v 0.029914 -0.014375 0.051500
v 0.029456 -0.013917 0.051500
v 0.028831 -0.013750 0.051500
v 0.028831 -0.016250 0.051500
v 0.027659 -0.020171 0.051500
v 0.027239 -0.020135 0.051500
v 0.028831 0.016250 0.051500
v 0.026620 0.019591 0.051500
v 0.026871 0.019930 0.051500
v 0.027749 -0.015625 0.051500
v 0.028206 -0.016083 0.051500
v 0.026620 -0.019591 0.051500
v 0.026871 -0.019930 0.051500
v 0.029914 -0.015625 0.051500
v 0.030081 0.000000 0.051500
v 0.029914 0.000625 0.051500
v 0.029456 0.001083 0.051500
v 0.029456 0.013917 0.051500
v 0.028831 0.013750 0.051500
v 0.028831 0.001250 0.051500
v 0.028206 0.001083 0.051500
v 0.030081 0.015000 0.051500
v 0.029914 0.015625 0.051500
v 0.030331 0.020000 0.051500
v 0.029456 0.016083 0.051500
v 0.027659 0.020171 0.051500
v 0.027239 0.020135 0.051500
v 0.027786 -0.021163 0.052500
v 0.027786 0.021163 0.052500
v 0.132460 0.018000 -0.028500
v 0.132460 0.020000 -0.028500
v 0.114896 0.018000 -0.029467
v 0.109078 0.020000 -0.030218
v 0.109078 0.018000 -0.030218
v 0.097545 0.018000 -0.032356
v 0.086199 0.020000 -0.035334
v 0.086199 0.018000 -0.035334
v 0.064313 0.020000 -0.043738
v 0.064313 0.018000 -0.043738
v 0.080616 0.018000 -0.037132
v 0.064313 0.018000 0.046738
v 0.064313 0.020000 0.046738
v 0.080616 0.018000 0.040132
v 0.086199 0.020000 0.038334
v 0.086199 0.018000 0.038334
v 0.097545 0.018000 0.035356
v 0.109078 0.020000 0.033218
v 0.109078 0.018000 0.033218
v 0.132460 0.020000 0.031500
v 0.132460 0.018000 0.031500
v 0.114896 0.018000 0.032467
v 0.316187 0.018000 -0.043738
v 0.316187 0.020000 -0.043738
v 0.299884 0.018000 -0.037132
v 0.294301 0.020000 -0.035334
v 0.294301 0.018000 -0.035334
v 0.282955 0.018000 -0.032356
v 0.271422 0.020000 -0.030218
v 0.271422 0.018000 -0.030218
v 0.248040 0.020000 -0.028500
v 0.248040 0.018000 -0.028500
v 0.265604 0.018000 -0.029467
v 0.248040 0.018000 0.031500
v 0.248040 0.020000 0.031500
v 0.265604 0.018000 0.032467
v 0.271422 0.020000 0.033218
v 0.271422 0.018000 0.033218
v 0.282955 0.018000 0.035356
v 0.294301 0.020000 0.038334
v 0.294301 0.018000 0.038334
v 0.316187 0.020000 0.046738
v 0.316187 0.018000 0.046738
v 0.299884 0.018000 0.040132
v 0.178524 0.008000 0.005728
v 0.174855 0.008000 0.013346
v 0.201476 0.008000 0.005728
v 0.205145 0.008000 0.013346
v 0.178524 0.008000 -0.002728
v 0.205145 0.008000 -0.010346
v 0.174855 0.008000 -0.010346
v 0.168244 0.008000 -0.015618
v 0.303125 0.008000 0.030672
v 0.315694 0.008000 0.035542
v 0.284855 0.008000 0.013346
v 0.201476 0.008000 -0.002728
v 0.160000 0.008000 -0.017500
v 0.211756 0.008000 -0.015618
v 0.220000 0.008000 -0.017500
v 0.095145 0.008000 0.013346
v 0.067613 0.008000 0.023818
v 0.066456 0.008000 0.030121
v 0.068000 0.008000 0.017422
v 0.091476 0.008000 0.005728
v 0.068000 0.008000 -0.014422
v 0.091476 0.008000 -0.002728
v 0.067613 0.008000 -0.020818
v 0.095145 0.008000 -0.010346
v 0.066456 0.008000 -0.027121
v 0.095363 0.008000 -0.022597
v 0.077375 0.008000 -0.027672
v 0.064806 0.008000 -0.032542
v 0.314044 0.008000 -0.027121
v 0.315694 0.008000 -0.032542
v 0.284855 0.008000 -0.010346
v 0.303125 0.008000 -0.027672
v 0.278244 0.008000 -0.015618
v 0.285137 0.008000 -0.022597
v 0.270000 0.008000 -0.017500
v 0.314044 0.008000 0.030121
v 0.312887 0.008000 0.023818
v 0.288524 0.008000 0.005728
v 0.312500 0.008000 0.017422
v 0.288524 0.008000 -0.002728
v 0.312500 0.008000 -0.014422
v 0.312887 0.008000 -0.020818
v 0.101756 0.008000 -0.015618
v 0.110000 0.008000 -0.017500
v 0.113798 0.008000 -0.019527
v 0.132460 0.008000 -0.018500
v 0.064806 0.008000 0.035542
v 0.077375 0.008000 0.030672
v 0.101756 0.008000 0.018618
v 0.095363 0.008000 0.025597
v 0.110000 0.008000 0.020500
v 0.113798 0.008000 0.022527
v 0.132460 0.008000 0.021500
v 0.168244 0.008000 0.018618
v 0.160000 0.008000 0.020500
v 0.211756 0.008000 0.018618
v 0.220000 0.008000 0.020500
v 0.285137 0.008000 0.025597
v 0.278244 0.008000 0.018618
v 0.266702 0.008000 0.022527
v 0.270000 0.008000 0.020500
v 0.248040 0.008000 0.021500
v 0.248040 0.008000 -0.018500
v 0.266702 0.008000 -0.019527
v 0.201476 -0.008000 0.005728
v 0.205145 -0.008000 0.013346
v 0.178524 -0.008000 0.005728
v 0.174855 -0.008000 0.013346
v 0.201476 -0.008000 -0.002728
v 0.174855 -0.008000 -0.010346
v 0.205145 -0.008000 -0.010346
v 0.168244 -0.008000 -0.015618
v 0.178524 -0.008000 -0.002728
v 0.077375 -0.008000 0.030672
v 0.064806 -0.008000 0.035542
v 0.095145 -0.008000 0.013346
v 0.160000 -0.008000 -0.017500
v 0.220000 -0.008000 -0.017500
v 0.211756 -0.008000 -0.015618
v 0.066456 -0.008000 -0.027121
v 0.064806 -0.008000 -0.032542
v 0.095145 -0.008000 -0.010346
v 0.077375 -0.008000 -0.027672
v 0.101756 -0.008000 -0.015618
v 0.095363 -0.008000 -0.022597
v 0.110000 -0.008000 -0.017500
v 0.095363 -0.008000 0.025597
v 0.315694 -0.008000 -0.032542
v 0.314044 -0.008000 -0.027121
v 0.284855 -0.008000 -0.010346
v 0.312887 -0.008000 -0.020818
v 0.288524 -0.008000 -0.002728
v 0.312500 -0.008000 -0.014422
v 0.288524 -0.008000 0.005728
v 0.312500 -0.008000 0.017422
v 0.284855 -0.008000 0.013346
v 0.312887 -0.008000 0.023818
v 0.314044 -0.008000 0.030121
v 0.066456 -0.008000 0.030121
v 0.067613 -0.008000 0.023818
v 0.091476 -0.008000 0.005728
v 0.068000 -0.008000 0.017422
v 0.091476 -0.008000 -0.002728
v 0.068000 -0.008000 -0.014422
v 0.067613 -0.008000 -0.020818
v 0.101756 -0.008000 0.018618
v 0.110000 -0.008000 0.020500
v 0.113798 -0.008000 0.022527
v 0.113798 -0.008000 -0.019527
v 0.132460 -0.008000 -0.018500
v 0.315694 -0.008000 0.035542
v 0.303125 -0.008000 0.030672
v 0.278244 -0.008000 0.018618
v 0.285137 -0.008000 0.025597
v 0.270000 -0.008000 0.020500
v 0.266702 -0.008000 0.022527
v 0.248040 -0.008000 0.021500
v 0.211756 -0.008000 0.018618
v 0.220000 -0.008000 0.020500
v 0.168244 -0.008000 0.018618
v 0.160000 -0.008000 0.020500
v 0.132460 -0.008000 0.021500
v 0.248040 -0.008000 -0.018500
v 0.270000 -0.008000 -0.017500
v 0.266702 -0.008000 -0.019527
v 0.278244 -0.008000 -0.015618
v 0.285137 -0.008000 -0.022597
v 0.303125 -0.008000 -0.027672
v 0.043017 -0.021000 -0.049500
v 0.041893 -0.021000 -0.049500
v 0.041893 -0.021000 -0.053500
v 0.054146 -0.021000 -0.048271
v 0.346534 -0.021000 -0.053500
v 0.346534 -0.021000 -0.049500
v 0.331467 -0.021000 -0.053500
v 0.337483 -0.021000 -0.049500
v 0.324706 -0.021000 -0.052701
v 0.326354 -0.021000 -0.048271
v 0.318318 -0.021000 -0.050348
v 0.315761 -0.021000 -0.044643
v 0.295873 -0.021000 -0.041065
v 0.294012 -0.021000 -0.036291
v 0.272254 -0.021000 -0.035403
v 0.271276 -0.021000 -0.031207
v 0.248040 -0.021000 -0.033500
v 0.248040 -0.021000 -0.029500
v 0.132460 -0.021000 -0.033500
v 0.132460 -0.021000 -0.029500
v 0.108246 -0.021000 -0.035403
v 0.109224 -0.021000 -0.031207
v 0.084627 -0.021000 -0.041065
v 0.086488 -0.021000 -0.036291
v 0.062182 -0.021000 -0.050348
v 0.064739 -0.021000 -0.044643
v 0.055794 -0.021000 -0.052701
v 0.049033 -0.021000 -0.053500
v 0.054146 0.021000 -0.048271
v 0.049033 0.021000 -0.053500
v 0.043017 0.021000 -0.049500
v 0.041893 0.021000 -0.053500
v 0.041893 0.021000 -0.049500
v 0.346534 0.021000 -0.049500
v 0.346534 0.021000 -0.053500
v 0.337483 0.021000 -0.049500
v 0.331467 0.021000 -0.053500
v 0.326354 0.021000 -0.048271
v 0.324706 0.021000 -0.052701
v 0.315761 0.021000 -0.044643
v 0.318318 0.021000 -0.050348
v 0.294012 0.021000 -0.036291
v 0.295873 0.021000 -0.041065
v 0.271276 0.021000 -0.031207
v 0.272254 0.021000 -0.035403
v 0.248040 0.021000 -0.029500
v 0.248040 0.021000 -0.033500
v 0.132460 0.021000 -0.029500
v 0.132460 0.021000 -0.033500
v 0.109224 0.021000 -0.031207
v 0.108246 0.021000 -0.035403
v 0.086488 0.021000 -0.036291
v 0.084627 0.021000 -0.041065
v 0.064739 0.021000 -0.044643
v 0.062182 0.021000 -0.050348
v 0.055794 0.021000 -0.052701
v 0.049033 0.020000 0.057500
v 0.035532 0.020000 0.057500
v 0.045750 0.002165 0.057500
v 0.045750 -0.002165 0.057500
v 0.035532 -0.020000 0.057500
v 0.047000 -0.002500 0.057500
v 0.049033 -0.020000 0.057500
v 0.048250 -0.002165 0.057500
v 0.049033 -0.001455 0.057500
v 0.047000 0.002500 0.057500
v 0.048250 0.002165 0.057500
v 0.049033 0.001455 0.057500
v 0.034532 -0.019000 0.057500
v 0.034665 -0.019500 0.057500
v 0.035032 -0.019866 0.057500
v 0.044835 -0.001250 0.057500
v 0.044500 0.000000 0.057500
v 0.034532 0.019000 0.057500
v 0.044835 0.001250 0.057500
v 0.034665 0.019500 0.057500
v 0.035032 0.019866 0.057500
v 0.335835 0.001250 0.057500
v 0.331467 0.020000 0.057500
v 0.335500 0.000000 0.057500
v 0.331467 -0.020000 0.057500
v 0.335835 -0.001250 0.057500
v 0.346863 0.019000 0.057500
v 0.340500 0.000000 0.057500
v 0.346863 -0.019000 0.057500
v 0.340165 -0.001250 0.057500
v 0.339250 -0.002165 0.057500
v 0.338000 -0.002500 0.057500
v 0.336750 -0.002165 0.057500
v 0.346729 0.019500 0.057500
v 0.339250 0.002165 0.057500
v 0.340165 0.001250 0.057500
v 0.336750 0.002165 0.057500
v 0.338000 0.002500 0.057500
v 0.345863 0.020000 0.057500
v 0.346363 0.019866 0.057500
v 0.346729 -0.019500 0.057500
v 0.346363 -0.019866 0.057500
v 0.345863 -0.020000 0.057500
v 0.359375 0.020625 -0.048500
v 0.362525 0.020625 -0.048500
v 0.362525 0.022798 -0.048500
v 0.381700 -0.026500 -0.048500
v 0.381472 -0.027350 -0.048500
v 0.383654 -0.027524 -0.048500
v 0.400000 0.000000 -0.048500
v 0.398019 -0.008678 -0.048500
v 0.400625 -0.006625 -0.048500
v 0.409572 0.005051 -0.048500
v 0.409572 -0.005051 -0.048500
v 0.410000 0.000000 -0.048500
v 0.405116 0.016406 -0.048500
v 0.404725 0.006625 -0.048500
v 0.408092 0.010529 -0.048500
v 0.381472 0.027350 -0.048500
v 0.381700 0.026500 -0.048500
v 0.383654 0.024725 -0.048500
v 0.362774 0.024725 -0.048500
v 0.370171 0.024725 -0.048500
v 0.363541 0.025082 -0.048500
v 0.358634 0.022798 -0.048500
v 0.359375 0.022798 -0.048500
v 0.359375 0.023143 -0.048500
v 0.337483 0.020000 -0.048500
v 0.337483 0.006625 -0.048500
v 0.346534 0.020000 -0.048500
v 0.355275 0.006625 -0.048500
v 0.355275 0.020625 -0.048500
v 0.362525 0.024609 -0.048500
v 0.367600 0.024422 -0.048500
v 0.366750 0.024650 -0.048500
v 0.365900 0.024422 -0.048500
v 0.376329 0.029775 -0.048500
v 0.373391 0.029263 -0.048500
v 0.373141 0.026847 -0.048500
v 0.374391 0.025597 -0.048500
v 0.376346 0.024725 -0.048500
v 0.374224 0.026222 -0.048500
v 0.373766 0.026680 -0.048500
v 0.372516 0.024515 -0.048500
v 0.372059 0.024972 -0.048500
v 0.371891 0.025597 -0.048500
v 0.372059 0.026222 -0.048500
v 0.372516 0.026680 -0.048500
v 0.381472 0.025650 -0.048500
v 0.380850 0.025028 -0.048500
v 0.380000 0.024800 -0.048500
v 0.379150 0.025028 -0.048500
v 0.378528 0.025650 -0.048500
v 0.378300 0.026500 -0.048500
v 0.378528 0.027350 -0.048500
v 0.380850 0.027972 -0.048500
v 0.384081 0.029721 -0.048500
v 0.380000 0.028200 -0.048500
v 0.379150 0.027972 -0.048500
v 0.389829 0.024725 -0.048500
v 0.394252 0.026399 -0.048500
v 0.392400 0.024422 -0.048500
v 0.393250 0.024650 -0.048500
v 0.396572 0.025008 -0.048500
v 0.394950 0.022950 -0.048500
v 0.397760 0.024178 -0.048500
v 0.394722 0.023800 -0.048500
v 0.394100 0.024422 -0.048500
v 0.397475 0.022798 -0.048500
v 0.397475 0.020625 -0.048500
v 0.399054 0.023172 -0.048500
v 0.400625 0.020625 -0.048500
v 0.402610 0.019718 -0.048500
v 0.401617 0.020802 -0.048500
v 0.400843 0.021577 -0.048500
v 0.404422 0.012400 -0.048500
v 0.404650 0.013250 -0.048500
v 0.404422 0.014100 -0.048500
v 0.401250 0.013250 -0.048500
v 0.401477 0.014100 -0.048500
v 0.402100 0.014722 -0.048500
v 0.402950 0.014950 -0.048500
v 0.403800 0.014722 -0.048500
v 0.403800 0.011778 -0.048500
v 0.402950 0.011550 -0.048500
v 0.400625 0.006625 -0.048500
v 0.402100 0.011778 -0.048500
v 0.401477 0.012400 -0.048500
v 0.407350 0.001472 -0.048500
v 0.406500 0.001700 -0.048500
v 0.405650 0.001472 -0.048500
v 0.405028 0.000850 -0.048500
v 0.404800 0.000000 -0.048500
v 0.407972 0.000850 -0.048500
v 0.408200 0.000000 -0.048500
v 0.407972 -0.000850 -0.048500
v 0.408092 -0.010529 -0.048500
v 0.409241 -0.006705 -0.048500
v 0.404725 -0.006625 -0.048500
v 0.407350 -0.001472 -0.048500
v 0.406500 -0.001700 -0.048500
v 0.405650 -0.001472 -0.048500
v 0.405028 -0.000850 -0.048500
v 0.403800 -0.014722 -0.048500
v 0.402610 -0.019718 -0.048500
v 0.404422 -0.014100 -0.048500
v 0.404650 -0.013250 -0.048500
v 0.401250 -0.013250 -0.048500
v 0.401477 -0.012400 -0.048500
v 0.402100 -0.011778 -0.048500
v 0.402950 -0.011550 -0.048500
v 0.403800 -0.011778 -0.048500
v 0.404422 -0.012400 -0.048500
v 0.400625 -0.020625 -0.048500
v 0.401617 -0.020802 -0.048500
v 0.402950 -0.014950 -0.048500
v 0.402100 -0.014722 -0.048500
v 0.401477 -0.014100 -0.048500
v 0.397760 -0.024178 -0.048500
v 0.394950 -0.022950 -0.048500
v 0.396572 -0.025008 -0.048500
v 0.394722 -0.023800 -0.048500
v 0.394100 -0.024422 -0.048500
v 0.389829 -0.024725 -0.048500
v 0.391550 -0.022950 -0.048500
v 0.389829 -0.020625 -0.048500
v 0.391778 -0.022100 -0.048500
v 0.400843 -0.021577 -0.048500
v 0.397475 -0.020625 -0.048500
v 0.394722 -0.022100 -0.048500
v 0.393250 -0.024650 -0.048500
v 0.392400 -0.024422 -0.048500
v 0.391778 -0.023800 -0.048500
v 0.392400 -0.021477 -0.048500
v 0.393250 -0.021250 -0.048500
v 0.394100 -0.021477 -0.048500
v 0.394252 -0.026399 -0.048500
v 0.389829 -0.027524 -0.048500
v 0.384081 -0.029721 -0.048500
v 0.380850 -0.027972 -0.048500
v 0.380000 -0.028200 -0.048500
v 0.373391 -0.029263 -0.048500
v 0.370171 -0.027524 -0.048500
v 0.363541 -0.025082 -0.048500
v 0.370171 -0.024725 -0.048500
v 0.362821 -0.024623 -0.048500
v 0.365050 -0.022950 -0.048500
v 0.362585 -0.024479 -0.048500
v 0.365278 -0.023800 -0.048500
v 0.365278 -0.022100 -0.048500
v 0.365900 -0.021477 -0.048500
v 0.362525 -0.020625 -0.048500
v 0.366750 -0.021250 -0.048500
v 0.370171 -0.020625 -0.048500
v 0.367600 -0.021477 -0.048500
v 0.368222 -0.022100 -0.048500
v 0.368450 -0.022950 -0.048500
v 0.368222 -0.023800 -0.048500
v 0.367600 -0.024422 -0.048500
v 0.366750 -0.024650 -0.048500
v 0.365900 -0.024422 -0.048500
v 0.355275 -0.020625 -0.048500
v 0.359513 -0.022848 -0.048500
v 0.359375 -0.020625 -0.048500
v 0.337483 -0.006625 -0.048500
v 0.337483 -0.020000 -0.048500
v 0.355275 -0.006625 -0.048500
v 0.346534 -0.020000 -0.048500
v 0.355409 -0.021298 -0.048500
v 0.352028 0.000850 -0.048500
v 0.352650 0.001472 -0.048500
v 0.354350 0.001472 -0.048500
v 0.354972 0.000850 -0.048500
v 0.355200 0.000000 -0.048500
v 0.354972 -0.000850 -0.048500
v 0.354350 -0.001472 -0.048500
v 0.353500 -0.001700 -0.048500
v 0.353500 0.001700 -0.048500
v 0.352650 -0.001472 -0.048500
v 0.340500 0.000000 -0.048500
v 0.340165 -0.001250 -0.048500
v 0.339250 -0.002165 -0.048500
v 0.338000 -0.002500 -0.048500
v 0.337483 -0.002446 -0.048500
v 0.352028 -0.000850 -0.048500
v 0.351800 0.000000 -0.048500
v 0.340165 0.001250 -0.048500
v 0.339250 0.002165 -0.048500
v 0.338000 0.002500 -0.048500
v 0.337483 0.002446 -0.048500
v 0.376346 -0.020625 -0.048500
v 0.375550 -0.019499 -0.048500
v 0.367530 -0.015637 -0.048500
v 0.383654 -0.020625 -0.048500
v 0.384450 -0.019499 -0.048500
v 0.392470 -0.015637 -0.048500
v 0.361981 0.008678 -0.048500
v 0.367530 0.015637 -0.048500
v 0.370171 0.020625 -0.048500
v 0.375550 0.019499 -0.048500
v 0.379150 -0.027972 -0.048500
v 0.378528 -0.027350 -0.048500
v 0.376346 -0.027524 -0.048500
v 0.378300 -0.026500 -0.048500
v 0.376346 -0.024725 -0.048500
v 0.378528 -0.025650 -0.048500
v 0.379150 -0.025028 -0.048500
v 0.380000 -0.024800 -0.048500
v 0.381472 -0.025650 -0.048500
v 0.383654 -0.024725 -0.048500
v 0.380850 -0.025028 -0.048500
v 0.365278 0.022100 -0.048500
v 0.365050 0.022950 -0.048500
v 0.365278 0.023800 -0.048500
v 0.368222 0.022100 -0.048500
v 0.368450 0.022950 -0.048500
v 0.370171 0.022798 -0.048500
v 0.368222 0.023800 -0.048500
v 0.367600 0.021477 -0.048500
v 0.366750 0.021250 -0.048500
v 0.365900 0.021477 -0.048500
v 0.389829 0.020625 -0.048500
v 0.393250 0.021250 -0.048500
v 0.394100 0.021477 -0.048500
v 0.392400 0.021477 -0.048500
v 0.391778 0.022100 -0.048500
v 0.389829 0.022798 -0.048500
v 0.391550 0.022950 -0.048500
v 0.391778 0.023800 -0.048500
v 0.394722 0.022100 -0.048500
v 0.388109 -0.025597 -0.048500
v 0.387941 -0.026222 -0.048500
v 0.387484 -0.026680 -0.048500
v 0.386859 -0.026847 -0.048500
v 0.386234 -0.026680 -0.048500
v 0.385776 -0.026222 -0.048500
v 0.385609 -0.025597 -0.048500
v 0.386234 -0.024515 -0.048500
v 0.386859 -0.024347 -0.048500
v 0.387484 -0.024515 -0.048500
v 0.387941 -0.024972 -0.048500
v 0.385776 -0.024972 -0.048500
v 0.373141 0.024347 -0.048500
v 0.374224 0.024972 -0.048500
v 0.373766 0.024515 -0.048500
v 0.376346 0.022798 -0.048500
v 0.359375 -0.006625 -0.048500
v 0.357900 -0.011778 -0.048500
v 0.358523 -0.012400 -0.048500
v 0.358750 -0.013250 -0.048500
v 0.361981 -0.008678 -0.048500
v 0.357050 -0.011550 -0.048500
v 0.356200 -0.011778 -0.048500
v 0.356200 -0.014722 -0.048500
v 0.355578 -0.014100 -0.048500
v 0.355350 -0.013250 -0.048500
v 0.355578 -0.012400 -0.048500
v 0.358523 -0.014100 -0.048500
v 0.357900 -0.014722 -0.048500
v 0.357050 -0.014950 -0.048500
v 0.360000 0.000000 -0.048500
v 0.359375 0.006625 -0.048500
v 0.398019 0.008678 -0.048500
v 0.356200 0.014722 -0.048500
v 0.357050 0.014950 -0.048500
v 0.358750 0.013250 -0.048500
v 0.358523 0.014100 -0.048500
v 0.358523 0.012400 -0.048500
v 0.357900 0.011778 -0.048500
v 0.357050 0.011550 -0.048500
v 0.356200 0.011778 -0.048500
v 0.357900 0.014722 -0.048500
v 0.355578 0.012400 -0.048500
v 0.355350 0.013250 -0.048500
v 0.355578 0.014100 -0.048500
v 0.355409 0.021298 -0.048500
v 0.376346 0.020625 -0.048500
v 0.384450 0.019499 -0.048500
v 0.383654 0.022798 -0.048500
v 0.383654 0.020625 -0.048500
v 0.392470 0.015637 -0.048500
v 0.007463 -0.029103 -0.048500
v 0.008088 -0.028935 -0.048500
v 0.004544 -0.028968 -0.048500
v 0.022500 0.000000 -0.048500
v 0.020555 -0.009152 -0.048500
v 0.023657 -0.007812 -0.048500
v -0.022500 0.000000 -0.048500
v -0.022008 0.004678 -0.048500
v -0.023657 0.007812 -0.048500
v 0.027987 -0.023294 -0.048500
v 0.023657 -0.023657 -0.048500
v 0.023537 -0.026018 -0.048500
v -0.016603 0.030812 -0.048500
v -0.011357 0.030374 -0.048500
v -0.012156 0.032821 -0.048500
v -0.004632 -0.034692 -0.048500
v -0.004544 -0.030374 -0.048500
v -0.011357 -0.030374 -0.048500
v 0.004286 -0.034737 -0.048500
v -0.004433 -0.034718 -0.048500
v -0.000253 -0.034999 -0.048500
v 0.014500 -0.029012 -0.048500
v 0.011357 -0.028968 -0.048500
v 0.011357 -0.030374 -0.048500
v 0.022216 -0.027045 -0.048500
v 0.020187 -0.023657 -0.048500
v 0.020349 -0.028477 -0.048500
v 0.013676 -0.025938 -0.048500
v 0.011357 -0.023657 -0.048500
v 0.013375 -0.027063 -0.048500
v 0.013676 -0.028188 -0.048500
v 0.017574 -0.025938 -0.048500
v 0.017875 -0.027063 -0.048500
v 0.019038 -0.029369 -0.048500
v 0.014500 -0.025115 -0.048500
v 0.015625 -0.024813 -0.048500
v 0.016750 -0.025115 -0.048500
v 0.017574 -0.028188 -0.048500
v 0.016750 -0.029012 -0.048500
v 0.016575 -0.030827 -0.048500
v 0.015625 -0.029313 -0.048500
v 0.011679 -0.032994 -0.048500
v 0.011366 -0.033103 -0.048500
v 0.008088 -0.031435 -0.048500
v 0.004628 -0.034693 -0.048500
v 0.008713 -0.031268 -0.048500
v 0.004544 -0.030374 -0.048500
v 0.002250 -0.031250 -0.048500
v 0.001949 -0.032375 -0.048500
v -0.002250 -0.031250 -0.048500
v -0.001949 -0.032375 -0.048500
v -0.001125 -0.033199 -0.048500
v 0.000000 -0.033500 -0.048500
v 0.001125 -0.033199 -0.048500
v -0.016603 -0.030812 -0.048500
v -0.012156 -0.032821 -0.048500
v -0.011380 -0.033098 -0.048500
v -0.019004 -0.029391 -0.048500
v -0.015625 -0.029313 -0.048500
v -0.017875 -0.027063 -0.048500
v -0.017574 -0.025938 -0.048500
v -0.020187 -0.023657 -0.048500
v -0.016750 -0.029012 -0.048500
v -0.017574 -0.028188 -0.048500
v -0.020377 -0.028457 -0.048500
v -0.013676 -0.025938 -0.048500
v -0.013375 -0.027063 -0.048500
v -0.011357 -0.028968 -0.048500
v -0.013676 -0.028188 -0.048500
v -0.014500 -0.029012 -0.048500
v -0.016750 -0.025115 -0.048500
v -0.015625 -0.024813 -0.048500
v -0.011357 -0.023657 -0.048500
v -0.014500 -0.025115 -0.048500
v -0.023657 -0.023657 -0.048500
v -0.023847 -0.025619 -0.048500
v -0.022605 -0.026721 -0.048500
v -0.023657 -0.007812 -0.048500
v -0.025115 -0.014500 -0.048500
v -0.024813 -0.015625 -0.048500
v -0.025115 -0.016750 -0.048500
v -0.025938 -0.017574 -0.048500
v -0.027306 -0.021894 -0.048500
v -0.025518 -0.023955 -0.048500
v -0.029313 -0.015625 -0.048500
v -0.034095 -0.007907 -0.048500
v -0.030353 -0.017427 -0.048500
v -0.027063 -0.017875 -0.048500
v -0.028188 -0.017574 -0.048500
v -0.029012 -0.016750 -0.048500
v -0.029012 -0.014500 -0.048500
v -0.028188 -0.013676 -0.048500
v -0.026907 -0.007812 -0.048500
v -0.027063 -0.013375 -0.048500
v -0.025938 -0.013676 -0.048500
v -0.034473 0.006050 -0.048500
v -0.034473 -0.006050 -0.048500
v -0.033500 0.000000 -0.048500
v -0.033199 -0.001125 -0.048500
v -0.033199 0.001125 -0.048500
v -0.032375 0.001949 -0.048500
v -0.034095 0.007907 -0.048500
v -0.031250 0.002250 -0.048500
v -0.026907 0.007812 -0.048500
v -0.030125 0.001949 -0.048500
v -0.029301 0.001125 -0.048500
v -0.029000 0.000000 -0.048500
v -0.029301 -0.001125 -0.048500
v -0.030125 -0.001949 -0.048500
v -0.031250 -0.002250 -0.048500
v -0.032375 -0.001949 -0.048500
v -0.028188 0.017574 -0.048500
v -0.027306 0.021894 -0.048500
v -0.029012 0.016750 -0.048500
v -0.030353 0.017427 -0.048500
v -0.029313 0.015625 -0.048500
v -0.029012 0.014500 -0.048500
v -0.023847 0.025619 -0.048500
v -0.025518 0.023955 -0.048500
v -0.023657 0.023657 -0.048500
v -0.024813 0.015625 -0.048500
v -0.025115 0.014500 -0.048500
v -0.025938 0.013676 -0.048500
v -0.027063 0.013375 -0.048500
v -0.028188 0.013676 -0.048500
v -0.027063 0.017875 -0.048500
v -0.025938 0.017574 -0.048500
v -0.025115 0.016750 -0.048500
v -0.022605 0.026721 -0.048500
v -0.020187 0.023657 -0.048500
v -0.022369 0.026919 -0.048500
v -0.020187 0.026874 -0.048500
v -0.020377 0.028457 -0.048500
v -0.011357 0.026874 -0.048500
v -0.013676 0.028188 -0.048500
v -0.015625 0.029313 -0.048500
v -0.014500 0.029012 -0.048500
v -0.008088 0.031435 -0.048500
v -0.004632 0.034692 -0.048500
v -0.008713 0.031268 -0.048500
v -0.004544 0.030374 -0.048500
v -0.002250 0.031250 -0.048500
v -0.001949 0.032375 -0.048500
v -0.001125 0.033199 -0.048500
v -0.000253 0.034999 -0.048500
v 0.000000 0.033500 -0.048500
v 0.004628 0.034693 -0.048500
v 0.001125 0.033199 -0.048500
v 0.011679 0.032994 -0.048500
v 0.011366 0.033103 -0.048500
v 0.011357 0.030374 -0.048500
v 0.015625 0.029313 -0.048500
v 0.016750 0.029012 -0.048500
v 0.022216 0.027045 -0.048500
v 0.020187 0.026874 -0.048500
v 0.022489 0.026824 -0.048500
v 0.020187 0.023657 -0.048500
v 0.023537 0.026018 -0.048500
v 0.023657 0.023657 -0.048500
v 0.027987 0.023294 -0.048500
v 0.025938 0.013676 -0.048500
v 0.025115 0.014500 -0.048500
v 0.023657 0.007812 -0.048500
v 0.029012 0.016750 -0.048500
v 0.029313 0.015625 -0.048500
v 0.031403 0.021829 -0.048500
v 0.031407 0.007812 -0.048500
v 0.031443 0.021814 -0.048500
v 0.029012 0.014500 -0.048500
v 0.028188 0.013676 -0.048500
v 0.027063 0.013375 -0.048500
v 0.024813 0.015625 -0.048500
v 0.025115 0.016750 -0.048500
v 0.025938 0.017574 -0.048500
v 0.027063 0.017875 -0.048500
v 0.028188 0.017574 -0.048500
v 0.041893 0.020000 -0.048500
v 0.043017 0.007812 -0.048500
v 0.043017 0.020000 -0.048500
v 0.041893 -0.020000 -0.048500
v 0.043017 -0.020000 -0.048500
v 0.043017 -0.007812 -0.048500
v 0.029012 -0.014500 -0.048500
v 0.029313 -0.015625 -0.048500
v 0.031407 -0.007812 -0.048500
v 0.031403 -0.021829 -0.048500
v 0.031443 -0.021814 -0.048500
v 0.024813 -0.015625 -0.048500
v 0.025115 -0.014500 -0.048500
v 0.025115 -0.016750 -0.048500
v 0.029012 -0.016750 -0.048500
v 0.028188 -0.017574 -0.048500
v 0.027063 -0.017875 -0.048500
v 0.025938 -0.017574 -0.048500
v 0.025938 -0.013676 -0.048500
v 0.027063 -0.013375 -0.048500
v 0.028188 -0.013676 -0.048500
v -0.018203 -0.013225 -0.048500
v -0.022008 -0.004678 -0.048500
v 0.015055 -0.016721 -0.048500
v 0.006953 -0.021399 -0.048500
v 0.004544 -0.023657 -0.048500
v -0.002352 -0.022377 -0.048500
v -0.004544 -0.023657 -0.048500
v -0.011250 -0.019486 -0.048500
v 0.020555 0.009152 -0.048500
v 0.015055 0.016721 -0.048500
v -0.011357 0.023657 -0.048500
v -0.002352 0.022377 -0.048500
v -0.004544 0.023657 -0.048500
v 0.006953 0.021399 -0.048500
v 0.004544 0.023657 -0.048500
v -0.018203 0.013225 -0.048500
v -0.011250 0.019486 -0.048500
v 0.029301 -0.001125 -0.048500
v 0.029000 0.000000 -0.048500
v 0.029301 0.001125 -0.048500
v 0.030125 0.001949 -0.048500
v 0.031250 0.002250 -0.048500
v 0.032375 0.001949 -0.048500
v 0.033199 0.001125 -0.048500
v 0.033500 0.000000 -0.048500
v 0.033199 -0.001125 -0.048500
v 0.032375 -0.001949 -0.048500
v 0.031250 -0.002250 -0.048500
v 0.030125 -0.001949 -0.048500
v 0.017574 0.028188 -0.048500
v 0.017875 0.027063 -0.048500
v 0.017574 0.025938 -0.048500
v 0.016750 0.025115 -0.048500
v 0.015625 0.024813 -0.048500
v 0.011357 0.023657 -0.048500
v 0.014500 0.025115 -0.048500
v 0.013676 0.025938 -0.048500
v 0.011357 0.026874 -0.048500
v 0.013375 0.027063 -0.048500
v 0.013676 0.028188 -0.048500
v 0.014500 0.029012 -0.048500
v 0.001949 0.032375 -0.048500
v 0.002250 0.031250 -0.048500
v 0.004544 0.030374 -0.048500
v 0.001949 0.030125 -0.048500
v 0.004544 0.026874 -0.048500
v 0.001125 0.029301 -0.048500
v 0.000000 0.029000 -0.048500
v -0.004544 0.026874 -0.048500
v -0.001125 0.029301 -0.048500
v -0.001949 0.030125 -0.048500
v -0.017574 0.025938 -0.048500
v -0.017875 0.027063 -0.048500
v -0.017574 0.028188 -0.048500
v -0.016750 0.029012 -0.048500
v -0.013375 0.027063 -0.048500
v -0.013676 0.025938 -0.048500
v -0.014500 0.025115 -0.048500
v -0.015625 0.024813 -0.048500
v -0.016750 0.025115 -0.048500
v -0.001949 -0.030125 -0.048500
v -0.001125 -0.029301 -0.048500
v -0.004544 -0.028968 -0.048500
v 0.000000 -0.029000 -0.048500
v 0.001125 -0.029301 -0.048500
v 0.001949 -0.030125 -0.048500
v 0.009171 -0.029560 -0.048500
v 0.009338 -0.030185 -0.048500
v 0.009171 -0.030810 -0.048500
v 0.007463 -0.031268 -0.048500
v 0.007006 -0.030810 -0.048500
v 0.006838 -0.030185 -0.048500
v 0.007006 -0.029560 -0.048500
v -0.007463 0.031268 -0.048500
v -0.007006 0.030810 -0.048500
v -0.006838 0.030185 -0.048500
v -0.007006 0.029560 -0.048500
v -0.007463 0.029103 -0.048500
v -0.008088 0.028935 -0.048500
v -0.008713 0.029103 -0.048500
v -0.009171 0.029560 -0.048500
v -0.009338 0.030185 -0.048500
v -0.009171 0.030810 -0.048500
v 0.008713 -0.029103 -0.048500
v 0.022851 -0.027818 -0.053500
v 0.022851 -0.027818 -0.049500
v 0.012013 -0.033937 -0.049500
v 0.012013 -0.033937 -0.053500
v -0.000261 -0.035999 -0.049500
v -0.000261 -0.035999 -0.053500
v -0.012503 -0.033759 -0.049500
v -0.012503 -0.033759 -0.053500
v -0.023251 -0.027484 -0.049500
v -0.023251 -0.027484 -0.053500
v -0.031220 -0.017925 -0.049500
v -0.031220 -0.017925 -0.053500
v -0.035458 -0.006223 -0.049500
v -0.035458 -0.006223 -0.053500
v -0.035458 0.006223 -0.049500
v -0.035458 0.006223 -0.053500
v -0.031220 0.017925 -0.049500
v -0.031220 0.017925 -0.053500
v -0.023251 0.027484 -0.049500
v -0.023251 0.027484 -0.053500
v -0.012503 0.033759 -0.049500
v -0.012503 0.033759 -0.053500
v -0.000261 0.035999 -0.049500
v -0.000261 0.035999 -0.053500
v 0.012013 0.033937 -0.049500
v 0.012013 0.033937 -0.053500
v 0.022851 0.027818 -0.049500
v 0.022851 0.027818 -0.053500
v 0.362992 0.025918 -0.053500
v 0.362992 0.025918 -0.049500
v 0.373170 0.030238 -0.049500
v 0.373170 0.030238 -0.053500
v 0.384217 0.030712 -0.049500
v 0.384217 0.030712 -0.053500
v 0.394727 0.027278 -0.049500
v 0.394727 0.027278 -0.053500
v 0.403364 0.020375 -0.049500
v 0.403364 0.020375 -0.053500
v 0.409028 0.010879 -0.049500
v 0.409028 0.010879 -0.053500
v 0.411000 0.000000 -0.049500
v 0.411000 0.000000 -0.053500
v 0.409028 -0.010879 -0.049500
v 0.409028 -0.010879 -0.053500
v 0.403364 -0.020375 -0.049500
v 0.403364 -0.020375 -0.053500
v 0.394727 -0.027278 -0.049500
v 0.394727 -0.027278 -0.053500
v 0.384217 -0.030712 -0.049500
v 0.384217 -0.030712 -0.053500
v 0.373170 -0.030238 -0.049500
v 0.373170 -0.030238 -0.053500
v 0.362992 -0.025918 -0.049500
v 0.362992 -0.025918 -0.053500
v 0.064313 -0.020000 0.046738
v 0.064313 -0.018000 0.046738
v 0.086199 -0.020000 0.038334
v 0.080616 -0.018000 0.040132
v 0.086199 -0.018000 0.038334
v 0.097545 -0.018000 0.035356
v 0.109078 -0.020000 0.033218
v 0.132460 -0.018000 0.031500
v 0.132460 -0.020000 0.031500
v 0.114896 -0.018000 0.032467
v 0.109078 -0.018000 0.033218
v 0.132460 -0.020000 -0.028500
v 0.132460 -0.018000 -0.028500
v 0.109078 -0.020000 -0.030218
v 0.114896 -0.018000 -0.029467
v 0.109078 -0.018000 -0.030218
v 0.097545 -0.018000 -0.032356
v 0.086199 -0.020000 -0.035334
v 0.064313 -0.018000 -0.043738
v 0.064313 -0.020000 -0.043738
v 0.080616 -0.018000 -0.037132
v 0.086199 -0.018000 -0.035334
v 0.316187 -0.020000 -0.043738
v 0.316187 -0.018000 -0.043738
v 0.294301 -0.020000 -0.035334
v 0.299884 -0.018000 -0.037132
v 0.294301 -0.018000 -0.035334
v 0.282955 -0.018000 -0.032356
v 0.271422 -0.020000 -0.030218
v 0.248040 -0.018000 -0.028500
v 0.248040 -0.020000 -0.028500
v 0.265604 -0.018000 -0.029467
v 0.271422 -0.018000 -0.030218
v 0.248040 -0.020000 0.031500
v 0.248040 -0.018000 0.031500
v 0.271422 -0.020000 0.033218
v 0.265604 -0.018000 0.032467
v 0.271422 -0.018000 0.033218
v 0.282955 -0.018000 0.035356
v 0.294301 -0.020000 0.038334
v 0.316187 -0.018000 0.046738
v 0.316187 -0.020000 0.046738
v 0.299884 -0.018000 0.040132
v 0.294301 -0.018000 0.038334
v 0.132460 -0.020000 0.037500
v 0.132460 0.020000 0.037500
v 0.108402 -0.020000 0.039391
v 0.108402 0.020000 0.039391
v 0.084935 -0.020000 0.045016
v 0.084935 0.020000 0.045016
v 0.062635 -0.020000 0.054239
v 0.062635 0.020000 0.054239
v 0.248040 -0.020000 0.037500
v 0.248040 0.020000 0.037500
v 0.317865 -0.020000 0.054239
v 0.317865 0.020000 0.054239
v 0.295565 -0.020000 0.045016
v 0.295565 0.020000 0.045016
v 0.272098 -0.020000 0.039391
v 0.272098 0.020000 0.039391
v 0.062635 -0.020000 -0.051239
v 0.062635 0.020000 -0.051239
v 0.084935 -0.020000 -0.042016
v 0.084935 0.020000 -0.042016
v 0.108402 -0.020000 -0.036391
v 0.108402 0.020000 -0.036391
v 0.132460 -0.020000 -0.034500
v 0.132460 0.020000 -0.034500
v 0.248040 -0.020000 -0.034500
v 0.248040 0.020000 -0.034500
v 0.272098 -0.020000 -0.036391
v 0.272098 0.020000 -0.036391
v 0.295565 -0.020000 -0.042016
v 0.295565 0.020000 -0.042016
v 0.317865 -0.020000 -0.051239
v 0.317865 0.020000 -0.051239
v 0.324473 -0.020000 -0.053673
v 0.324473 0.020000 -0.053673
v 0.324473 0.020000 0.056673
v 0.324473 -0.020000 0.056673
v 0.056027 0.020000 0.056673
v 0.049165 0.001250 0.057500
v 0.049476 0.000347 0.057497
v 0.049500 -0.000000 0.057496
v 0.049165 -0.001250 0.057500
v 0.056027 -0.020000 0.056673
v 0.049354 -0.000841 0.057498
v 0.056027 -0.020000 -0.053673
v 0.049165 -0.001250 -0.054500
v 0.049379 -0.000769 -0.054498
v 0.049500 -0.000000 -0.054496
v 0.049165 0.001250 -0.054500
v 0.056027 0.020000 -0.053673
v 0.049476 0.000345 -0.054498
v 0.315500 -0.005000 -0.014422
v 0.315500 0.005000 -0.014422
v 0.315500 -0.005000 0.017422
v 0.315500 0.005000 0.017422
v 0.065000 0.005000 -0.014422
v 0.065000 -0.005000 -0.014422
v 0.065000 0.005000 0.017422
v 0.065000 -0.005000 0.017422
v 0.327987 0.015550 0.050590
v 0.327667 0.016821 0.050527
v 0.327645 0.016885 0.050523
v 0.327173 0.017982 0.050425
v 0.327164 0.018000 0.050424
v 0.326572 0.020000 0.050295
v 0.326572 0.018000 0.050295
v 0.321282 0.018000 0.048802
v 0.336750 0.002165 0.051495
v 0.335835 0.001250 0.051473
v 0.328105 0.014125 0.050613
v 0.328084 0.014728 0.050609
v 0.335586 0.000649 0.051464
v 0.335500 0.000000 0.051461
v 0.328105 -0.014125 0.050613
v 0.327173 -0.017982 0.050425
v 0.327639 -0.016903 0.050521
v 0.327667 -0.016822 0.050527
v 0.327987 -0.015550 0.050590
v 0.335522 -0.000328 0.051462
v 0.335835 -0.001250 0.051473
v 0.328084 -0.014728 0.050609
v 0.336750 -0.002165 0.051495
v 0.327164 -0.018000 0.050424
v 0.326572 -0.020000 0.050295
v 0.321282 -0.018000 0.048802
v 0.336750 -0.002165 -0.048495
v 0.327987 -0.015550 -0.047590
v 0.327667 -0.016821 -0.047527
v 0.327645 -0.016885 -0.047523
v 0.327173 -0.017982 -0.047425
v 0.327164 -0.018000 -0.047424
v 0.326572 -0.020000 -0.047295
v 0.326572 -0.018000 -0.047295
v 0.321282 -0.018000 -0.045802
v 0.335835 -0.001250 -0.048473
v 0.328105 -0.014125 -0.047613
v 0.328084 -0.014728 -0.047609
v 0.335586 -0.000649 -0.048464
v 0.335500 -0.000000 -0.048461
v 0.328105 0.014125 -0.047613
v 0.335522 0.000328 -0.048462
v 0.335835 0.001250 -0.048473
v 0.328084 0.014728 -0.047609
v 0.336750 0.002165 -0.048495
v 0.327987 0.015550 -0.047590
v 0.327173 0.017982 -0.047425
v 0.327639 0.016903 -0.047521
v 0.327667 0.016822 -0.047527
v 0.327164 0.018000 -0.047424
v 0.326572 0.020000 -0.047295
v 0.321282 0.018000 -0.045802
v 0.044500 0.000000 0.051478
v 0.044585 -0.000646 0.051475
v 0.044835 -0.001250 0.051467
v 0.045233 -0.001768 0.051451
v 0.052395 -0.014125 0.050613
v 0.052416 -0.014728 0.050609
v 0.052513 -0.015550 0.050590
v 0.052833 -0.016821 0.050527
v 0.052855 -0.016885 0.050523
v 0.053327 -0.017982 0.050425
v 0.053336 -0.018000 0.050424
v 0.053928 -0.020000 0.050295
v 0.053928 -0.018000 0.050295
v 0.059218 -0.018000 0.048802
v 0.045750 -0.002165 0.051425
v 0.047000 -0.002500 0.051341
v 0.048250 -0.002165 0.051225
v 0.049165 -0.001250 0.051121
v 0.049415 -0.000647 0.051089
v 0.049500 0.000000 0.051078
v 0.052395 0.014125 0.050613
v 0.049415 0.000648 0.051089
v 0.049165 0.001250 0.051121
v 0.052861 0.016903 0.050521
v 0.052833 0.016822 0.050527
v 0.053327 0.017982 0.050425
v 0.053336 0.018000 0.050424
v 0.053928 0.020000 0.050295
v 0.053928 0.018000 0.050295
v 0.052513 0.015550 0.050590
v 0.052416 0.014728 0.050609
v 0.048250 0.002165 0.051225
v 0.047000 0.002500 0.051341
v 0.045750 0.002165 0.051425
v 0.045232 0.001768 0.051451
v 0.044835 0.001250 0.051467
v 0.044586 0.000649 0.051475
v 0.059218 0.018000 0.048802
v 0.059218 0.018000 -0.045802
v 0.053928 0.020000 -0.047295
v 0.053928 -0.020000 -0.047295
v 0.053928 -0.018000 -0.047295
v 0.053336 -0.018000 -0.047424
v 0.053327 -0.017982 -0.047425
v 0.052861 -0.016903 -0.047521
v 0.052833 -0.016822 -0.047527
v 0.049415 -0.000648 -0.048089
v 0.049165 -0.001250 -0.048121
v 0.052513 -0.015550 -0.047590
v 0.048250 -0.002165 -0.048225
v 0.047000 -0.002500 -0.048341
v 0.045750 -0.002165 -0.048425
v 0.045232 -0.001768 -0.048451
v 0.044835 -0.001250 -0.048467
v 0.044586 -0.000649 -0.048475
v 0.044500 0.000000 -0.048478
v 0.044585 0.000646 -0.048475
v 0.044835 0.001250 -0.048467
v 0.052395 0.014125 -0.047613
v 0.052416 0.014728 -0.047609
v 0.045233 0.001768 -0.048451
v 0.045750 0.002165 -0.048425
v 0.047000 0.002500 -0.048341
v 0.052513 0.015550 -0.047590
v 0.052833 0.016821 -0.047527
v 0.052855 0.016885 -0.047523
v 0.053327 0.017982 -0.047425
v 0.053336 0.018000 -0.047424
v 0.053928 0.018000 -0.047295
v 0.048250 0.002165 -0.048225
v 0.049165 0.001250 -0.048121
v 0.049415 0.000647 -0.048089
v 0.049500 0.000000 -0.048078
v 0.052416 -0.014728 -0.047609
v 0.052395 -0.014125 -0.047613
v 0.059218 -0.018000 -0.045802
v 0.325027 0.008958 0.046780
v 0.327038 -0.011740 0.049369
v 0.326629 -0.011060 0.048871
v 0.325027 -0.008958 0.046780
v 0.323070 -0.007122 0.043873
v 0.323070 0.007122 0.043873
v 0.326629 0.011060 0.048871
v 0.328051 -0.013966 0.050551
v 0.327038 0.011740 0.049369
v 0.328051 0.013966 0.050551
v 0.321244 0.005906 0.040690
v 0.321244 -0.005906 0.040690
v 0.321139 -0.005850 0.040489
v 0.315865 -0.005000 0.023456
v 0.315865 0.005000 0.023456
v 0.316957 -0.005000 0.029403
v 0.316957 0.005000 0.029403
v 0.318513 -0.005000 0.034516
v 0.318513 0.005000 0.034516
v 0.319342 -0.005113 0.036641
v 0.320118 0.005370 0.038409
v 0.321139 0.005850 0.040489
v 0.321244 -0.005906 -0.037690
v 0.321244 0.005906 -0.037690
v 0.321139 0.005850 -0.037489
v 0.315865 0.005000 -0.020456
v 0.315865 -0.005000 -0.020456
v 0.316957 0.005000 -0.026403
v 0.316957 -0.005000 -0.026403
v 0.318513 0.005000 -0.031516
v 0.318513 -0.005000 -0.031516
v 0.319342 0.005113 -0.033641
v 0.320118 -0.005370 -0.035409
v 0.321139 -0.005850 -0.037489
v 0.327038 0.011740 -0.046369
v 0.328051 0.013966 -0.047551
v 0.326629 -0.011060 -0.045871
v 0.327038 -0.011740 -0.046369
v 0.325027 0.008958 -0.043780
v 0.323070 0.007122 -0.040873
v 0.323070 -0.007122 -0.040873
v 0.325027 -0.008958 -0.043780
v 0.326629 0.011060 -0.045871
v 0.328051 -0.013966 -0.047551
v 0.053871 -0.011060 0.048871
v 0.055473 -0.008958 0.046780
v 0.052449 0.013966 0.050551
v 0.053462 0.011740 0.049369
v 0.053462 -0.011740 0.049369
v 0.052449 -0.013966 0.050551
v 0.053871 0.011060 0.048871
v 0.055473 0.008958 0.046780
v 0.057430 -0.007122 0.043873
v 0.057430 0.007122 0.043873
v 0.059256 -0.005906 0.040690
v 0.059256 0.005906 0.040690
v 0.059361 0.005850 0.040489
v 0.064635 0.005000 0.023456
v 0.064635 -0.005000 0.023456
v 0.063543 0.005000 0.029403
v 0.063543 -0.005000 0.029403
v 0.061987 0.005000 0.034516
v 0.061987 -0.005000 0.034516
v 0.061158 0.005113 0.036641
v 0.060382 -0.005370 0.038409
v 0.059361 -0.005850 0.040489
v 0.059256 0.005906 -0.037690
v 0.059256 -0.005906 -0.037690
v 0.059361 -0.005850 -0.037489
v 0.064635 -0.005000 -0.020456
v 0.064635 0.005000 -0.020456
v 0.063543 -0.005000 -0.026403
v 0.063543 0.005000 -0.026403
v 0.061987 -0.005000 -0.031516
v 0.061987 0.005000 -0.031516
v 0.061158 -0.005113 -0.033641
v 0.060382 0.005370 -0.035409
v 0.059361 0.005850 -0.037489
v 0.053462 -0.011740 -0.046369
v 0.052449 -0.013966 -0.047551
v 0.053871 0.011060 -0.045871
v 0.053462 0.011740 -0.046369
v 0.055473 -0.008958 -0.043780
v 0.057430 -0.007122 -0.040873
v 0.057430 0.007122 -0.040873
v 0.055473 0.008958 -0.043780
v 0.053871 -0.011060 -0.045871
v 0.052449 0.013966 -0.047551
v 0.323249 -0.011045 0.046487
v 0.322287 -0.010760 0.045867
v 0.321115 -0.009632 0.043928
v 0.325382 -0.013185 0.048739
v 0.325969 -0.014032 0.049312
v 0.321544 -0.014061 0.048038
v 0.326440 -0.014897 0.049759
v 0.326656 -0.015394 0.049960
v 0.327105 -0.017111 0.050371
v 0.327137 -0.017395 0.050399
v 0.324953 -0.012662 0.048308
v 0.317509 -0.010760 0.043931
v 0.318932 -0.008654 0.040908
v 0.316531 -0.014061 0.046007
v 0.265687 -0.014173 0.031710
v 0.284302 -0.008761 0.029332
v 0.301885 -0.008761 0.034292
v 0.316733 -0.008087 0.037434
v 0.248040 -0.009340 0.026500
v 0.248040 -0.008761 0.025327
v 0.266282 -0.008761 0.026331
v 0.248040 -0.010929 0.028571
v 0.265925 -0.010929 0.029556
v 0.248040 -0.013000 0.030160
v 0.248040 -0.014173 0.030739
v 0.283594 -0.010929 0.032498
v 0.283121 -0.014173 0.034613
v 0.300131 -0.014173 0.039412
v 0.300834 -0.010929 0.037361
v 0.132460 -0.008761 0.025327
v 0.132460 -0.009340 0.026500
v 0.132460 -0.010929 0.028571
v 0.132460 -0.013000 0.030160
v 0.132460 -0.014173 0.030739
v 0.114813 -0.014173 0.031710
v 0.114218 -0.008761 0.026331
v 0.096198 -0.008761 0.029332
v 0.062810 -0.008284 0.039022
v 0.078615 -0.008761 0.034292
v 0.061568 -0.008654 0.040908
v 0.096906 -0.010929 0.032498
v 0.079666 -0.010929 0.037361
v 0.097379 -0.014173 0.034613
v 0.080369 -0.014173 0.039412
v 0.114575 -0.010929 0.029556
v 0.061684 -0.008761 0.041153
v 0.063065 -0.010929 0.044088
v 0.063989 -0.014173 0.046049
v 0.059385 -0.009632 0.043928
v 0.057252 -0.011045 0.046487
v 0.058213 -0.010760 0.045867
v 0.055547 -0.012662 0.048308
v 0.058956 -0.014061 0.048038
v 0.055118 -0.013185 0.048739
v 0.053363 -0.017395 0.050399
v 0.053395 -0.017111 0.050371
v 0.053844 -0.015394 0.049960
v 0.054060 -0.014897 0.049759
v 0.054531 -0.014032 0.049312
v 0.057252 -0.011045 -0.043487
v 0.058213 -0.010760 -0.042867
v 0.059385 -0.009632 -0.040928
v 0.053844 -0.015394 -0.046960
v 0.053395 -0.017111 -0.047371
v 0.053363 -0.017395 -0.047399
v 0.054060 -0.014897 -0.046759
v 0.054531 -0.014032 -0.046312
v 0.058956 -0.014061 -0.045038
v 0.055118 -0.013185 -0.045739
v 0.055547 -0.012662 -0.045308
v 0.062991 -0.010760 -0.040931
v 0.061568 -0.008654 -0.037908
v 0.063969 -0.014061 -0.043007
v 0.114813 -0.014173 -0.028710
v 0.096198 -0.008761 -0.026332
v 0.078615 -0.008761 -0.031292
v 0.063767 -0.008087 -0.034434
v 0.132460 -0.009340 -0.023500
v 0.132460 -0.008761 -0.022327
v 0.114218 -0.008761 -0.023331
v 0.132460 -0.010929 -0.025571
v 0.114575 -0.010929 -0.026556
v 0.132460 -0.013000 -0.027160
v 0.132460 -0.014173 -0.027739
v 0.096906 -0.010929 -0.029498
v 0.097379 -0.014173 -0.031613
v 0.080369 -0.014173 -0.036412
v 0.079666 -0.010929 -0.034361
v 0.248040 -0.008761 -0.022327
v 0.248040 -0.009340 -0.023500
v 0.248040 -0.010929 -0.025571
v 0.248040 -0.013000 -0.027160
v 0.248040 -0.014173 -0.027739
v 0.265687 -0.014173 -0.028710
v 0.266282 -0.008761 -0.023331
v 0.284302 -0.008761 -0.026332
v 0.317690 -0.008284 -0.036022
v 0.301885 -0.008761 -0.031292
v 0.318932 -0.008654 -0.037908
v 0.283594 -0.010929 -0.029498
v 0.300834 -0.010929 -0.034361
v 0.283121 -0.014173 -0.031613
v 0.300131 -0.014173 -0.036412
v 0.265925 -0.010929 -0.026556
v 0.318816 -0.008761 -0.038153
v 0.317435 -0.010929 -0.041088
v 0.316511 -0.014173 -0.043049
v 0.321115 -0.009632 -0.040928
v 0.323249 -0.011045 -0.043487
v 0.322287 -0.010760 -0.042867
v 0.324953 -0.012662 -0.045308
v 0.321544 -0.014061 -0.045038
v 0.325382 -0.013185 -0.045739
v 0.327137 -0.017395 -0.047399
v 0.327105 -0.017111 -0.047371
v 0.326656 -0.015394 -0.046960
v 0.326440 -0.014897 -0.046759
v 0.325969 -0.014032 -0.046312
v 0.321115 0.009632 0.043928
v 0.322287 0.010760 0.045867
v 0.323249 0.011045 0.046487
v 0.318932 0.008654 0.040908
v 0.317509 0.010760 0.043931
v 0.324953 0.012662 0.048308
v 0.321544 0.014061 0.048038
v 0.325382 0.013185 0.048739
v 0.327137 0.017395 0.050399
v 0.327105 0.017111 0.050371
v 0.326656 0.015394 0.049960
v 0.326440 0.014897 0.049759
v 0.325969 0.014032 0.049312
v 0.316531 0.014061 0.046007
v 0.265687 0.014173 0.031710
v 0.248040 0.014173 0.030739
v 0.248040 0.008761 0.025327
v 0.266282 0.008761 0.026331
v 0.284302 0.008761 0.029332
v 0.301885 0.008761 0.034292
v 0.283594 0.010929 0.032498
v 0.300834 0.010929 0.037361
v 0.283121 0.014173 0.034613
v 0.300131 0.014173 0.039412
v 0.265925 0.010929 0.029556
v 0.248040 0.009340 0.026500
v 0.248040 0.010929 0.028571
v 0.248040 0.013000 0.030160
v 0.317690 0.008284 0.039022
v 0.132460 0.008761 0.025327
v 0.132460 0.009340 0.026500
v 0.132460 0.010929 0.028571
v 0.132460 0.013000 0.030160
v 0.132460 0.014173 0.030739
v 0.114813 0.014173 0.031710
v 0.096198 0.008761 0.029332
v 0.063767 0.008087 0.037434
v 0.061568 0.008654 0.040908
v 0.061684 0.008761 0.041153
v 0.078615 0.008761 0.034292
v 0.114218 0.008761 0.026331
v 0.114575 0.010929 0.029556
v 0.096906 0.010929 0.032498
v 0.097379 0.014173 0.034613
v 0.080369 0.014173 0.039412
v 0.079666 0.010929 0.037361
v 0.063065 0.010929 0.044088
v 0.063989 0.014173 0.046049
v 0.057252 0.011045 0.046487
v 0.058213 0.010760 0.045867
v 0.059385 0.009632 0.043928
v 0.053844 0.015394 0.049960
v 0.053395 0.017111 0.050371
v 0.053363 0.017395 0.050399
v 0.054060 0.014897 0.049759
v 0.054531 0.014032 0.049312
v 0.058956 0.014061 0.048038
v 0.055118 0.013185 0.048739
v 0.055547 0.012662 0.048308
v 0.059385 0.009632 -0.040928
v 0.058213 0.010760 -0.042867
v 0.057252 0.011045 -0.043487
v 0.061568 0.008654 -0.037908
v 0.062991 0.010760 -0.040931
v 0.055547 0.012662 -0.045308
v 0.058956 0.014061 -0.045038
v 0.055118 0.013185 -0.045739
v 0.053363 0.017395 -0.047399
v 0.053395 0.017111 -0.047371
v 0.053844 0.015394 -0.046960
v 0.054060 0.014897 -0.046759
v 0.054531 0.014032 -0.046312
v 0.063969 0.014061 -0.043007
v 0.114813 0.014173 -0.028710
v 0.132460 0.014173 -0.027739
v 0.132460 0.008761 -0.022327
v 0.114218 0.008761 -0.023331
v 0.096198 0.008761 -0.026332
v 0.078615 0.008761 -0.031292
v 0.096906 0.010929 -0.029498
v 0.079666 0.010929 -0.034361
v 0.097379 0.014173 -0.031613
v 0.080369 0.014173 -0.036412
v 0.114575 0.010929 -0.026556
v 0.132460 0.009340 -0.023500
v 0.132460 0.010929 -0.025571
v 0.132460 0.013000 -0.027160
v 0.062810 0.008284 -0.036022
v 0.248040 0.014173 -0.027739
v 0.248040 0.013000 -0.027160
v 0.248040 0.010929 -0.025571
v 0.248040 0.009340 -0.023500
v 0.248040 0.008761 -0.022327
v 0.265687 0.014173 -0.028710
v 0.284302 0.008761 -0.026332
v 0.316733 0.008087 -0.034434
v 0.318932 0.008654 -0.037908
v 0.318816 0.008761 -0.038153
v 0.301885 0.008761 -0.031292
v 0.266282 0.008761 -0.023331
v 0.265925 0.010929 -0.026556
v 0.283594 0.010929 -0.029498
v 0.283121 0.014173 -0.031613
v 0.300131 0.014173 -0.036412
v 0.300834 0.010929 -0.034361
v 0.317435 0.010929 -0.041088
v 0.316511 0.014173 -0.043049
v 0.323249 0.011045 -0.043487
v 0.322287 0.010760 -0.042867
v 0.321115 0.009632 -0.040928
v 0.325382 0.013185 -0.045739
v 0.325969 0.014032 -0.046312
v 0.321544 0.014061 -0.045038
v 0.326440 0.014897 -0.046759
v 0.326656 0.015394 -0.046960
v 0.327105 0.017111 -0.047371
v 0.327137 0.017395 -0.047399
v 0.324953 0.012662 -0.045308
v 0.327803 -0.014891 0.050387
v 0.327260 -0.015156 0.050107
v 0.326035 -0.012761 0.048785
v 0.327052 -0.014615 0.049889
v 0.325624 -0.012198 0.048320
v 0.324003 -0.010478 0.046370
v 0.322001 -0.009015 0.043662
v 0.327598 -0.014299 0.050158
v 0.326599 -0.012268 0.049000
v 0.326197 -0.011651 0.048513
v 0.324616 -0.009758 0.046471
v 0.322684 -0.008138 0.043643
v 0.320770 -0.007063 0.040366
v 0.319987 -0.008058 0.040514
v 0.318020 -0.007600 0.036946
v 0.317103 -0.007598 0.035029
v 0.318964 -0.006523 0.036659
v 0.318135 -0.006500 0.034653
v 0.315500 -0.007598 0.029762
v 0.316566 -0.006500 0.029499
v 0.314376 -0.007598 0.023637
v 0.315467 -0.006500 0.023505
v 0.314000 -0.007598 0.017422
v 0.315098 -0.006500 0.017422
v 0.315098 -0.006500 -0.014422
v 0.314000 -0.007598 -0.014422
v 0.314376 -0.007598 -0.020637
v 0.315467 -0.006500 -0.020505
v 0.315500 -0.007598 -0.026762
v 0.316566 -0.006500 -0.026499
v 0.317103 -0.007598 -0.032029
v 0.318135 -0.006500 -0.031653
v 0.318872 -0.007739 -0.035571
v 0.319987 -0.008058 -0.037514
v 0.319742 -0.006694 -0.035351
v 0.320770 -0.007063 -0.037366
v 0.327052 -0.014615 -0.046889
v 0.327803 -0.014891 -0.047387
v 0.327598 -0.014299 -0.047158
v 0.327260 -0.015156 -0.047107
v 0.322684 -0.008138 -0.040643
v 0.324616 -0.009758 -0.043471
v 0.326197 -0.011651 -0.045513
v 0.326599 -0.012268 -0.046000
v 0.326035 -0.012761 -0.045785
v 0.325624 -0.012198 -0.045320
v 0.324003 -0.010478 -0.043370
v 0.322001 -0.009015 -0.040662
v 0.327052 0.014615 0.049889
v 0.327803 0.014891 0.050387
v 0.327598 0.014299 0.050158
v 0.327260 0.015156 0.050107
v 0.320770 0.007063 0.040366
v 0.322684 0.008138 0.043643
v 0.324616 0.009758 0.046471
v 0.326197 0.011651 0.048513
v 0.326599 0.012268 0.049000
v 0.326035 0.012761 0.048785
v 0.325624 0.012198 0.048320
v 0.324003 0.010478 0.046370
v 0.322001 0.009015 0.043662
v 0.319987 0.008058 0.040514
v 0.318872 0.007739 0.038571
v 0.319742 0.006694 0.038351
v 0.317103 0.007598 0.035029
v 0.318135 0.006500 0.034653
v 0.313648 0.007772 0.017422
v 0.314376 0.007598 0.023637
v 0.314000 0.007598 0.017422
v 0.315467 0.006500 0.023505
v 0.315272 0.006148 0.017422
v 0.315098 0.006500 0.017422
v 0.314621 0.007121 0.017422
v 0.315500 0.007598 0.029762
v 0.316566 0.006500 0.029499
v 0.313648 0.007772 -0.014422
v 0.314000 0.007598 -0.014422
v 0.314621 0.007121 -0.014422
v 0.315098 0.006500 -0.014422
v 0.315272 0.006148 -0.014422
v 0.318135 0.006500 -0.031653
v 0.316566 0.006500 -0.026499
v 0.317103 0.007598 -0.032029
v 0.315500 0.007598 -0.026762
v 0.314376 0.007598 -0.020637
v 0.315467 0.006500 -0.020505
v 0.318020 0.007600 -0.033946
v 0.318964 0.006523 -0.033659
v 0.319987 0.008058 -0.037514
v 0.320770 0.007063 -0.037366
v 0.327803 0.014891 -0.047387
v 0.327260 0.015156 -0.047107
v 0.326035 0.012761 -0.045785
v 0.327052 0.014615 -0.046889
v 0.325624 0.012198 -0.045320
v 0.324003 0.010478 -0.043370
v 0.322001 0.009015 -0.040662
v 0.327598 0.014299 -0.047158
v 0.326599 0.012268 -0.046000
v 0.326197 0.011651 -0.045513
v 0.324616 0.009758 -0.043471
v 0.322684 0.008138 -0.040643
v 0.052697 0.014891 0.050387
v 0.053240 0.015156 0.050107
v 0.054465 0.012761 0.048785
v 0.053448 0.014615 0.049889
v 0.054876 0.012198 0.048320
v 0.056497 0.010478 0.046370
v 0.058499 0.009015 0.043662
v 0.052902 0.014299 0.050158
v 0.053901 0.012268 0.049000
v 0.054303 0.011651 0.048513
v 0.055884 0.009758 0.046471
v 0.057816 0.008138 0.043643
v 0.059730 0.007063 0.040366
v 0.060513 0.008058 0.040514
v 0.062480 0.007600 0.036946
v 0.063397 0.007598 0.035029
v 0.061536 0.006523 0.036659
v 0.062365 0.006500 0.034653
v 0.065000 0.007598 0.029762
v 0.063934 0.006500 0.029499
v 0.066124 0.007598 0.023637
v 0.065033 0.006500 0.023505
v 0.066500 0.007598 0.017422
v 0.065402 0.006500 0.017422
v 0.066500 0.007598 -0.014422
v 0.065402 0.006500 -0.014422
v 0.066124 0.007598 -0.020637
v 0.065033 0.006500 -0.020505
v 0.065000 0.007598 -0.026762
v 0.063934 0.006500 -0.026499
v 0.063397 0.007598 -0.032029
v 0.062365 0.006500 -0.031653
v 0.061628 0.007739 -0.035571
v 0.060513 0.008058 -0.037514
v 0.060758 0.006694 -0.035351
v 0.059730 0.007063 -0.037366
v 0.053448 0.014615 -0.046889
v 0.052697 0.014891 -0.047387
v 0.052902 0.014299 -0.047158
v 0.053240 0.015156 -0.047107
v 0.057816 0.008138 -0.040643
v 0.055884 0.009758 -0.043471
v 0.054303 0.011651 -0.045513
v 0.053901 0.012268 -0.046000
v 0.054465 0.012761 -0.045785
v 0.054876 0.012198 -0.045320
v 0.056497 0.010478 -0.043370
v 0.058499 0.009015 -0.040662
v 0.052697 -0.014891 -0.047387
v 0.053240 -0.015156 -0.047107
v 0.054465 -0.012761 -0.045785
v 0.053448 -0.014615 -0.046889
v 0.054876 -0.012198 -0.045320
v 0.056497 -0.010478 -0.043370
v 0.058499 -0.009015 -0.040662
v 0.052902 -0.014299 -0.047158
v 0.053901 -0.012268 -0.046000
v 0.054303 -0.011651 -0.045513
v 0.055884 -0.009758 -0.043471
v 0.057816 -0.008138 -0.040643
v 0.059730 -0.007063 -0.037366
v 0.060513 -0.008058 -0.037514
v 0.062480 -0.007600 -0.033946
v 0.063397 -0.007598 -0.032029
v 0.061536 -0.006523 -0.033659
v 0.062365 -0.006500 -0.031653
v 0.065000 -0.007598 -0.026762
v 0.063934 -0.006500 -0.026499
v 0.066124 -0.007598 -0.020637
v 0.065033 -0.006500 -0.020505
v 0.066500 -0.007598 -0.014422
v 0.065402 -0.006500 -0.014422
v 0.065402 -0.006500 0.017422
v 0.066500 -0.007598 0.017422
v 0.066124 -0.007598 0.023637
v 0.065033 -0.006500 0.023505
v 0.065000 -0.007598 0.029762
v 0.063934 -0.006500 0.029499
v 0.063397 -0.007598 0.035029
v 0.062365 -0.006500 0.034653
v 0.061628 -0.007739 0.038571
v 0.060513 -0.008058 0.040514
v 0.060758 -0.006694 0.038351
v 0.059730 -0.007063 0.040366
v 0.053448 -0.014615 0.049889
v 0.052697 -0.014891 0.050387
v 0.052902 -0.014299 0.050158
v 0.053240 -0.015156 0.050107
v 0.057816 -0.008138 0.043643
v 0.055884 -0.009758 0.046471
v 0.054303 -0.011651 0.048513
v 0.053901 -0.012268 0.049000
v 0.054465 -0.012761 0.048785
v 0.054876 -0.012198 0.048320
v 0.056497 -0.010478 0.046370
v 0.058499 -0.009015 0.043662
v 0.014386 0.015978 -0.049500
v 0.013405 0.016809 -0.049500
v 0.013405 0.016809 -0.053500
v 0.006644 0.020448 -0.049500
v 0.004784 0.020961 -0.049500
v 0.004784 0.020961 -0.053500
v -0.002247 0.021382 -0.049500
v -0.004784 0.020961 -0.049500
v -0.004784 0.020961 -0.053500
v -0.010750 0.018620 -0.049500
v -0.013405 0.016809 -0.049500
v -0.013405 0.016809 -0.053500
v -0.017394 0.012637 -0.049500
v -0.019371 0.009329 -0.049500
v -0.019371 0.009329 -0.053500
v -0.021030 0.004470 -0.049500
v -0.021500 0.000000 -0.053500
v -0.019641 0.008745 -0.053500
v -0.014386 0.015978 -0.053500
v -0.006644 0.020448 -0.053500
v 0.002247 0.021382 -0.053500
v 0.010750 0.018620 -0.053500
v 0.019371 0.009329 -0.049500
v 0.017394 0.012637 -0.053500
v 0.019371 0.009329 -0.053500
v 0.021030 0.004470 -0.053500
v 0.021500 0.000000 -0.049500
v 0.019641 0.008745 -0.049500
v -0.021500 0.000000 -0.049500
v -0.021030 -0.004470 -0.049500
v -0.019641 -0.008745 -0.053500
v -0.019371 -0.009329 -0.049500
v -0.019371 -0.009329 -0.053500
v -0.017394 -0.012637 -0.049500
v -0.014386 -0.015978 -0.053500
v -0.013405 -0.016809 -0.049500
v -0.013405 -0.016809 -0.053500
v -0.010750 -0.018620 -0.049500
v -0.006644 -0.020448 -0.053500
v -0.004784 -0.020961 -0.049500
v -0.004784 -0.020961 -0.053500
v -0.002247 -0.021382 -0.049500
v 0.002247 -0.021382 -0.053500
v 0.004784 -0.020961 -0.049500
v 0.004784 -0.020961 -0.053500
v 0.006644 -0.020448 -0.049500
v 0.010750 -0.018620 -0.053500
v 0.013405 -0.016809 -0.049500
v 0.013405 -0.016809 -0.053500
v 0.014386 -0.015978 -0.049500
v 0.017394 -0.012637 -0.053500
v 0.019371 -0.009329 -0.049500
v 0.019371 -0.009329 -0.053500
v 0.019641 -0.008745 -0.049500
v 0.021030 -0.004470 -0.053500
v 0.021500 0.000000 -0.053500
v 0.363176 0.008830 -0.049500
v 0.362882 0.008244 -0.049500
v 0.368154 0.014855 -0.049500
v 0.369207 0.015637 -0.049500
v 0.375772 0.018524 -0.049500
v 0.377710 0.018861 -0.049500
v 0.384228 0.018524 -0.049500
v 0.386737 0.017765 -0.049500
v 0.391846 0.014855 -0.049500
v 0.394222 0.012599 -0.049500
v 0.397118 0.008244 -0.049500
v 0.398448 0.004547 -0.049500
v 0.399000 0.000000 -0.049500
v 0.398448 -0.004547 -0.049500
v 0.394222 -0.012599 -0.049500
v 0.397118 -0.008244 -0.049500
v 0.384228 -0.018524 -0.049500
v 0.386737 -0.017765 -0.049500
v 0.391846 -0.014855 -0.049500
v 0.375772 -0.018524 -0.049500
v 0.377710 -0.018861 -0.049500
v 0.368154 -0.014855 -0.049500
v 0.369207 -0.015637 -0.049500
v 0.361000 0.000000 -0.049500
v 0.362882 -0.008244 -0.049500
v 0.363176 -0.008830 -0.049500
v 0.347863 -0.019000 0.056500
v 0.347863 0.019000 0.056500
v 0.033532 0.019000 0.056500
v 0.033532 -0.019000 0.056500
v 0.357863 0.019000 0.052500
v 0.357863 -0.019000 0.052500
v 0.025532 -0.019179 0.052500
v 0.025532 0.019179 0.052500
v 0.357595 -0.020000 0.052500
v 0.356863 -0.020732 0.052500
v 0.356863 0.020732 0.052500
v 0.357595 0.020000 0.052500
v 0.033799 -0.020000 0.056500
v 0.034532 -0.020732 0.056500
v 0.025709 -0.020003 0.052500
v 0.026210 -0.020680 0.052500
v 0.026946 -0.021091 0.052500
v 0.026946 0.021091 0.052500
v 0.026210 0.020680 0.052500
v 0.025709 0.020003 0.052500
v 0.033799 0.020000 0.056500
v 0.034532 0.020732 0.056500
v 0.346863 0.020732 0.056500
v 0.347595 0.020000 0.056500
v 0.346863 -0.020732 0.056500
v 0.347595 -0.020000 0.056500
v 0.355123 0.022256 -0.053500
v 0.355123 0.022256 -0.049500
v 0.355123 -0.022256 -0.053500
v 0.355123 -0.022256 -0.049500
v 0.031780 -0.022756 -0.053500
v 0.031780 -0.022756 -0.049500
v 0.031780 0.022756 -0.053500
v 0.031780 0.022756 -0.049500
v 0.000000 -0.035250 -0.054250
v -0.000268 -0.035241 -0.054258
v -0.017625 -0.030527 -0.054250
v -0.030569 -0.017551 -0.054251
v -0.035250 0.000000 -0.054250
v -0.030527 0.017625 -0.054250
v -0.017625 0.030527 -0.054250
v 0.000000 0.035250 -0.054250
v -0.000268 0.035241 -0.054258
v 0.017625 0.030527 -0.054250
v 0.017625 -0.030527 -0.054250
v 0.029000 0.000000 -0.049900
v 0.029301 0.001125 -0.049900
v 0.030125 0.001949 -0.049900
v 0.031250 0.002250 -0.049900
v 0.032375 0.001949 -0.049900
v 0.033199 0.001125 -0.049900
v 0.033500 0.000000 -0.049900
v 0.033199 -0.001125 -0.049900
v 0.032375 -0.001949 -0.049900
v 0.031250 -0.002250 -0.049900
v 0.030125 -0.001949 -0.049900
v 0.029301 -0.001125 -0.049900
v 0.033250 0.003464 -0.049900
v 0.034714 0.002000 -0.049900
v 0.035250 0.000000 -0.049900
v 0.034714 -0.002000 -0.049900
v 0.033250 -0.003464 -0.049900
v 0.031250 -0.004000 -0.049900
v 0.029250 -0.003464 -0.049900
v 0.027786 -0.002000 -0.049900
v 0.027250 0.000000 -0.049900
v 0.027786 0.002000 -0.049900
v 0.029250 0.003464 -0.049900
v 0.031250 0.004000 -0.049900
v 0.024813 0.015625 -0.049900
v 0.025115 0.016750 -0.049900
v 0.025938 0.017574 -0.049900
v 0.027063 0.017875 -0.049900
v 0.028188 0.017574 -0.049900
v 0.029012 0.016750 -0.049900
v 0.029313 0.015625 -0.049900
v 0.029012 0.014500 -0.049900
v 0.028188 0.013676 -0.049900
v 0.027063 0.013375 -0.049900
v 0.025938 0.013676 -0.049900
v 0.025115 0.014500 -0.049900
v 0.029063 0.019089 -0.049900
v 0.030527 0.017625 -0.049900
v 0.031063 0.015625 -0.049900
v 0.030527 0.013625 -0.049900
v 0.029063 0.012161 -0.049900
v 0.027063 0.011625 -0.049900
v 0.025063 0.012161 -0.049900
v 0.023599 0.013625 -0.049900
v 0.023063 0.015625 -0.049900
v 0.023599 0.017625 -0.049900
v 0.025063 0.019089 -0.049900
v 0.027063 0.019625 -0.049900
v 0.013375 0.027063 -0.049900
v 0.013676 0.028188 -0.049900
v 0.014500 0.029012 -0.049900
v 0.015625 0.029313 -0.049900
v 0.016750 0.029012 -0.049900
v 0.017574 0.028188 -0.049900
v 0.017875 0.027063 -0.049900
v 0.017574 0.025938 -0.049900
v 0.016750 0.025115 -0.049900
v 0.015625 0.024813 -0.049900
v 0.014500 0.025115 -0.049900
v 0.013676 0.025938 -0.049900
v 0.017625 0.030527 -0.049900
v 0.019089 0.029063 -0.049900
v 0.019625 0.027063 -0.049900
v 0.019089 0.025063 -0.049900
v 0.017625 0.023599 -0.049900
v 0.015625 0.023063 -0.049900
v 0.013625 0.023599 -0.049900
v 0.012161 0.025063 -0.049900
v 0.011625 0.027063 -0.049900
v 0.012161 0.029063 -0.049900
v 0.013625 0.030527 -0.049900
v 0.015625 0.031063 -0.049900
v -0.002250 0.031250 -0.049900
v -0.001949 0.032375 -0.049900
v -0.001125 0.033199 -0.049900
v 0.000000 0.033500 -0.049900
v 0.001125 0.033199 -0.049900
v 0.001949 0.032375 -0.049900
v 0.002250 0.031250 -0.049900
v 0.001949 0.030125 -0.049900
v 0.001125 0.029301 -0.049900
v 0.000000 0.029000 -0.049900
v -0.001125 0.029301 -0.049900
v -0.001949 0.030125 -0.049900
v -0.002000 0.027786 -0.049900
v -0.003464 0.029250 -0.049900
v -0.004000 0.031250 -0.049900
v -0.003464 0.033250 -0.049900
v -0.002000 0.034714 -0.049900
v 0.000000 0.035250 -0.049900
v 0.002000 0.034714 -0.049900
v 0.003464 0.033250 -0.049900
v 0.004000 0.031250 -0.049900
v 0.003464 0.029250 -0.049900
v 0.002000 0.027786 -0.049900
v 0.000000 0.027250 -0.049900
v -0.017875 0.027063 -0.049900
v -0.017574 0.028188 -0.049900
v -0.016750 0.029012 -0.049900
v -0.015625 0.029313 -0.049900
v -0.014500 0.029012 -0.049900
v -0.013676 0.028188 -0.049900
v -0.013375 0.027063 -0.049900
v -0.013676 0.025938 -0.049900
v -0.014500 0.025115 -0.049900
v -0.015625 0.024813 -0.049900
v -0.016750 0.025115 -0.049900
v -0.017574 0.025938 -0.049900
v -0.013625 0.030527 -0.049900
v -0.012161 0.029063 -0.049900
v -0.011625 0.027063 -0.049900
v -0.012161 0.025063 -0.049900
v -0.013625 0.023599 -0.049900
v -0.015625 0.023063 -0.049900
v -0.017625 0.023599 -0.049900
v -0.019089 0.025063 -0.049900
v -0.019625 0.027063 -0.049900
v -0.019089 0.029063 -0.049900
v -0.017625 0.030527 -0.049900
v -0.015625 0.031063 -0.049900
v -0.029313 0.015625 -0.049900
v -0.029012 0.016750 -0.049900
v -0.028188 0.017574 -0.049900
v -0.027063 0.017875 -0.049900
v -0.025938 0.017574 -0.049900
v -0.025115 0.016750 -0.049900
v -0.024813 0.015625 -0.049900
v -0.025115 0.014500 -0.049900
v -0.025938 0.013676 -0.049900
v -0.027063 0.013375 -0.049900
v -0.028188 0.013676 -0.049900
v -0.029012 0.014500 -0.049900
v -0.025063 0.019089 -0.049900
v -0.023599 0.017625 -0.049900
v -0.023063 0.015625 -0.049900
v -0.023599 0.013625 -0.049900
v -0.025063 0.012161 -0.049900
v -0.027063 0.011625 -0.049900
v -0.029063 0.012161 -0.049900
v -0.030527 0.013625 -0.049900
v -0.031063 0.015625 -0.049900
v -0.030527 0.017625 -0.049900
v -0.029063 0.019089 -0.049900
v -0.027063 0.019625 -0.049900
v -0.033500 0.000000 -0.049900
v -0.033199 0.001125 -0.049900
v -0.032375 0.001949 -0.049900
v -0.031250 0.002250 -0.049900
v -0.030125 0.001949 -0.049900
v -0.029301 0.001125 -0.049900
v -0.029000 0.000000 -0.049900
v -0.029301 -0.001125 -0.049900
v -0.030125 -0.001949 -0.049900
v -0.031250 -0.002250 -0.049900
v -0.032375 -0.001949 -0.049900
v -0.033199 -0.001125 -0.049900
v -0.029250 0.003464 -0.049900
v -0.027786 0.002000 -0.049900
v -0.027250 0.000000 -0.049900
v -0.027786 -0.002000 -0.049900
v -0.029250 -0.003464 -0.049900
v -0.031250 -0.004000 -0.049900
v -0.033250 -0.003464 -0.049900
v -0.034714 -0.002000 -0.049900
v -0.035250 0.000000 -0.049900
v -0.034714 0.002000 -0.049900
v -0.033250 0.003464 -0.049900
v -0.031250 0.004000 -0.049900
v -0.029313 -0.015625 -0.049900
v -0.029012 -0.014500 -0.049900
v -0.028188 -0.013676 -0.049900
v -0.027063 -0.013375 -0.049900
v -0.025938 -0.013676 -0.049900
v -0.025115 -0.014500 -0.049900
v -0.024813 -0.015625 -0.049900
v -0.025115 -0.016750 -0.049900
v -0.025938 -0.017574 -0.049900
v -0.027063 -0.017875 -0.049900
v -0.028188 -0.017574 -0.049900
v -0.029012 -0.016750 -0.049900
v -0.029063 -0.019089 -0.049900
v -0.030527 -0.017625 -0.049900
v -0.031063 -0.015625 -0.049900
v -0.030527 -0.013625 -0.049900
v -0.029063 -0.012161 -0.049900
v -0.027063 -0.011625 -0.049900
v -0.025063 -0.012161 -0.049900
v -0.023599 -0.013625 -0.049900
v -0.023063 -0.015625 -0.049900
v -0.023599 -0.017625 -0.049900
v -0.025063 -0.019089 -0.049900
v -0.027063 -0.019625 -0.049900
v -0.017875 -0.027063 -0.049900
v -0.017574 -0.025938 -0.049900
v -0.016750 -0.025115 -0.049900
v -0.015625 -0.024813 -0.049900
v -0.014500 -0.025115 -0.049900
v -0.013676 -0.025938 -0.049900
v -0.013375 -0.027063 -0.049900
v -0.013676 -0.028188 -0.049900
v -0.014500 -0.029012 -0.049900
v -0.015625 -0.029313 -0.049900
v -0.016750 -0.029012 -0.049900
v -0.017574 -0.028188 -0.049900
v -0.013625 -0.023599 -0.049900
v -0.012161 -0.025063 -0.049900
v -0.011625 -0.027063 -0.049900
v -0.012161 -0.029063 -0.049900
v -0.013625 -0.030527 -0.049900
v -0.015625 -0.031063 -0.049900
v -0.017625 -0.030527 -0.049900
v -0.019089 -0.029063 -0.049900
v -0.019625 -0.027063 -0.049900
v -0.019089 -0.025063 -0.049900
v -0.017625 -0.023599 -0.049900
v -0.015625 -0.023063 -0.049900
v -0.002250 -0.031250 -0.049900
v -0.001949 -0.030125 -0.049900
v -0.001125 -0.029301 -0.049900
v 0.000000 -0.029000 -0.049900
v 0.001125 -0.029301 -0.049900
v 0.001949 -0.030125 -0.049900
v 0.002250 -0.031250 -0.049900
v 0.001949 -0.032375 -0.049900
v 0.001125 -0.033199 -0.049900
v 0.000000 -0.033500 -0.049900
v -0.001125 -0.033199 -0.049900
v -0.001949 -0.032375 -0.049900
v 0.002000 -0.027786 -0.049900
v 0.003464 -0.029250 -0.049900
v 0.004000 -0.031250 -0.049900
v 0.003464 -0.033250 -0.049900
v 0.002000 -0.034714 -0.049900
v 0.000000 -0.035250 -0.049900
v -0.002000 -0.034714 -0.049900
v -0.003464 -0.033250 -0.049900
v -0.004000 -0.031250 -0.049900
v -0.003464 -0.029250 -0.049900
v -0.002000 -0.027786 -0.049900
v 0.000000 -0.027250 -0.049900
v 0.013375 -0.027063 -0.049900
v 0.013676 -0.025938 -0.049900
v 0.014500 -0.025115 -0.049900
v 0.015625 -0.024813 -0.049900
v 0.016750 -0.025115 -0.049900
v 0.017574 -0.025938 -0.049900
v 0.017875 -0.027063 -0.049900
v 0.017574 -0.028188 -0.049900
v 0.016750 -0.029012 -0.049900
v 0.015625 -0.029313 -0.049900
v 0.014500 -0.029012 -0.049900
v 0.013676 -0.028188 -0.049900
v 0.017625 -0.023599 -0.049900
v 0.019089 -0.025063 -0.049900
v 0.019625 -0.027063 -0.049900
v 0.019089 -0.029063 -0.049900
v 0.017625 -0.030527 -0.049900
v 0.015625 -0.031063 -0.049900
v 0.013625 -0.030527 -0.049900
v 0.012161 -0.029063 -0.049900
v 0.011625 -0.027063 -0.049900
v 0.012161 -0.025063 -0.049900
v 0.013625 -0.023599 -0.049900
v 0.015625 -0.023063 -0.049900
v 0.024813 -0.015625 -0.049900
v 0.025115 -0.014500 -0.049900
v 0.025938 -0.013676 -0.049900
v 0.027063 -0.013375 -0.049900
v 0.028188 -0.013676 -0.049900
v 0.029012 -0.014500 -0.049900
v 0.029313 -0.015625 -0.049900
v 0.029012 -0.016750 -0.049900
v 0.028188 -0.017574 -0.049900
v 0.027063 -0.017875 -0.049900
v 0.025938 -0.017574 -0.049900
v 0.025115 -0.016750 -0.049900
v 0.025063 -0.019089 -0.049900
v 0.023599 -0.017625 -0.049900
v 0.023063 -0.015625 -0.049900
v 0.023599 -0.013625 -0.049900
v 0.025063 -0.012161 -0.049900
v 0.027063 -0.011625 -0.049900
v 0.029063 -0.012161 -0.049900
v 0.030527 -0.013625 -0.049900
v 0.031063 -0.015625 -0.049900
v 0.030527 -0.017625 -0.049900
v 0.029063 -0.019089 -0.049900
v 0.027063 -0.019625 -0.049900
v 0.404800 0.000000 -0.051100
v 0.405028 0.000850 -0.051100
v 0.405650 0.001472 -0.051100
v 0.406500 0.001700 -0.051100
v 0.407350 0.001472 -0.051100
v 0.407972 0.000850 -0.051100
v 0.408200 0.000000 -0.051100
v 0.407972 -0.000850 -0.051100
v 0.407350 -0.001472 -0.051100
v 0.406500 -0.001700 -0.051100
v 0.405650 -0.001472 -0.051100
v 0.405028 -0.000850 -0.051100
v 0.408000 0.002598 -0.051100
v 0.409098 0.001500 -0.051100
v 0.409500 0.000000 -0.051100
v 0.409098 -0.001500 -0.051100
v 0.408000 -0.002598 -0.051100
v 0.406500 -0.003000 -0.051100
v 0.405000 -0.002598 -0.051100
v 0.403902 -0.001500 -0.051100
v 0.403500 0.000000 -0.051100
v 0.403902 0.001500 -0.051100
v 0.405000 0.002598 -0.051100
v 0.406500 0.003000 -0.051100
v 0.401250 -0.013250 -0.051100
v 0.401477 -0.012400 -0.051100
v 0.402100 -0.011778 -0.051100
v 0.402950 -0.011550 -0.051100
v 0.403800 -0.011778 -0.051100
v 0.404422 -0.012400 -0.051100
v 0.404650 -0.013250 -0.051100
v 0.404422 -0.014100 -0.051100
v 0.403800 -0.014722 -0.051100
v 0.402950 -0.014950 -0.051100
v 0.402100 -0.014722 -0.051100
v 0.401477 -0.014100 -0.051100
v 0.404450 -0.010652 -0.051100
v 0.405548 -0.011750 -0.051100
v 0.405950 -0.013250 -0.051100
v 0.405548 -0.014750 -0.051100
v 0.404450 -0.015848 -0.051100
v 0.402950 -0.016250 -0.051100
v 0.401450 -0.015848 -0.051100
v 0.400352 -0.014750 -0.051100
v 0.399950 -0.013250 -0.051100
v 0.400352 -0.011750 -0.051100
v 0.401450 -0.010652 -0.051100
v 0.402950 -0.010250 -0.051100
v 0.391550 -0.022950 -0.051100
v 0.391778 -0.022100 -0.051100
v 0.392400 -0.021477 -0.051100
v 0.393250 -0.021250 -0.051100
v 0.394100 -0.021477 -0.051100
v 0.394722 -0.022100 -0.051100
v 0.394950 -0.022950 -0.051100
v 0.394722 -0.023800 -0.051100
v 0.394100 -0.024422 -0.051100
v 0.393250 -0.024650 -0.051100
v 0.392400 -0.024422 -0.051100
v 0.391778 -0.023800 -0.051100
v 0.394750 -0.020352 -0.051100
v 0.395848 -0.021450 -0.051100
v 0.396250 -0.022950 -0.051100
v 0.395848 -0.024450 -0.051100
v 0.394750 -0.025548 -0.051100
v 0.393250 -0.025950 -0.051100
v 0.391750 -0.025548 -0.051100
v 0.390652 -0.024450 -0.051100
v 0.390250 -0.022950 -0.051100
v 0.390652 -0.021450 -0.051100
v 0.391750 -0.020352 -0.051100
v 0.393250 -0.019950 -0.051100
v 0.378300 -0.026500 -0.051100
v 0.378528 -0.025650 -0.051100
v 0.379150 -0.025028 -0.051100
v 0.380000 -0.024800 -0.051100
v 0.380850 -0.025028 -0.051100
v 0.381472 -0.025650 -0.051100
v 0.381700 -0.026500 -0.051100
v 0.381472 -0.027350 -0.051100
v 0.380850 -0.027972 -0.051100
v 0.380000 -0.028200 -0.051100
v 0.379150 -0.027972 -0.051100
v 0.378528 -0.027350 -0.051100
v 0.381500 -0.023902 -0.051100
v 0.382598 -0.025000 -0.051100
v 0.383000 -0.026500 -0.051100
v 0.382598 -0.028000 -0.051100
v 0.381500 -0.029098 -0.051100
v 0.380000 -0.029500 -0.051100
v 0.378500 -0.029098 -0.051100
v 0.377402 -0.028000 -0.051100
v 0.377000 -0.026500 -0.051100
v 0.377402 -0.025000 -0.051100
v 0.378500 -0.023902 -0.051100
v 0.380000 -0.023500 -0.051100
v 0.365050 -0.022950 -0.051100
v 0.365278 -0.022100 -0.051100
v 0.365900 -0.021477 -0.051100
v 0.366750 -0.021250 -0.051100
v 0.367600 -0.021477 -0.051100
v 0.368222 -0.022100 -0.051100
v 0.368450 -0.022950 -0.051100
v 0.368222 -0.023800 -0.051100
v 0.367600 -0.024422 -0.051100
v 0.366750 -0.024650 -0.051100
v 0.365900 -0.024422 -0.051100
v 0.365278 -0.023800 -0.051100
v 0.368250 -0.020352 -0.051100
v 0.369348 -0.021450 -0.051100
v 0.369750 -0.022950 -0.051100
v 0.369348 -0.024450 -0.051100
v 0.368250 -0.025548 -0.051100
v 0.366750 -0.025950 -0.051100
v 0.365250 -0.025548 -0.051100
v 0.364152 -0.024450 -0.051100
v 0.363750 -0.022950 -0.051100
v 0.364152 -0.021450 -0.051100
v 0.365250 -0.020352 -0.051100
v 0.366750 -0.019950 -0.051100
v 0.355350 -0.013250 -0.051100
v 0.355578 -0.012400 -0.051100
v 0.356200 -0.011778 -0.051100
v 0.357050 -0.011550 -0.051100
v 0.357900 -0.011778 -0.051100
v 0.358523 -0.012400 -0.051100
v 0.358750 -0.013250 -0.051100
v 0.358523 -0.014100 -0.051100
v 0.357900 -0.014722 -0.051100
v 0.357050 -0.014950 -0.051100
v 0.356200 -0.014722 -0.051100
v 0.355578 -0.014100 -0.051100
v 0.358550 -0.010652 -0.051100
v 0.359648 -0.011750 -0.051100
v 0.360050 -0.013250 -0.051100
v 0.359648 -0.014750 -0.051100
v 0.358550 -0.015848 -0.051100
v 0.357050 -0.016250 -0.051100
v 0.355550 -0.015848 -0.051100
v 0.354452 -0.014750 -0.051100
v 0.354050 -0.013250 -0.051100
v 0.354452 -0.011750 -0.051100
v 0.355550 -0.010652 -0.051100
v 0.357050 -0.010250 -0.051100
v 0.351800 0.000000 -0.051100
v 0.352028 0.000850 -0.051100
v 0.352650 0.001472 -0.051100
v 0.353500 0.001700 -0.051100
v 0.354350 0.001472 -0.051100
v 0.354972 0.000850 -0.051100
v 0.355200 0.000000 -0.051100
v 0.354972 -0.000850 -0.051100
v 0.354350 -0.001472 -0.051100
v 0.353500 -0.001700 -0.051100
v 0.352650 -0.001472 -0.051100
v 0.352028 -0.000850 -0.051100
v 0.355000 0.002598 -0.051100
v 0.356098 0.001500 -0.051100
v 0.356500 0.000000 -0.051100
v 0.356098 -0.001500 -0.051100
v 0.355000 -0.002598 -0.051100
v 0.353500 -0.003000 -0.051100
v 0.352000 -0.002598 -0.051100
v 0.350902 -0.001500 -0.051100
v 0.350500 0.000000 -0.051100
v 0.350902 0.001500 -0.051100
v 0.352000 0.002598 -0.051100
v 0.353500 0.003000 -0.051100
v 0.355350 0.013250 -0.051100
v 0.355578 0.014100 -0.051100
v 0.356200 0.014722 -0.051100
v 0.357050 0.014950 -0.051100
v 0.357900 0.014722 -0.051100
v 0.358523 0.014100 -0.051100
v 0.358750 0.013250 -0.051100
v 0.358523 0.012400 -0.051100
v 0.357900 0.011778 -0.051100
v 0.357050 0.011550 -0.051100
v 0.356200 0.011778 -0.051100
v 0.355578 0.012400 -0.051100
v 0.358550 0.015848 -0.051100
v 0.359648 0.014750 -0.051100
v 0.360050 0.013250 -0.051100
v 0.359648 0.011750 -0.051100
v 0.358550 0.010652 -0.051100
v 0.357050 0.010250 -0.051100
v 0.355550 0.010652 -0.051100
v 0.354452 0.011750 -0.051100
v 0.354050 0.013250 -0.051100
v 0.354452 0.014750 -0.051100
v 0.355550 0.015848 -0.051100
v 0.357050 0.016250 -0.051100
v 0.365050 0.022950 -0.051100
v 0.365278 0.023800 -0.051100
v 0.365900 0.024422 -0.051100
v 0.366750 0.024650 -0.051100
v 0.367600 0.024422 -0.051100
v 0.368222 0.023800 -0.051100
v 0.368450 0.022950 -0.051100
v 0.368222 0.022100 -0.051100
v 0.367600 0.021477 -0.051100
v 0.366750 0.021250 -0.051100
v 0.365900 0.021477 -0.051100
v 0.365278 0.022100 -0.051100
v 0.368250 0.025548 -0.051100
v 0.369348 0.024450 -0.051100
v 0.369750 0.022950 -0.051100
v 0.369348 0.021450 -0.051100
v 0.368250 0.020352 -0.051100
v 0.366750 0.019950 -0.051100
v 0.365250 0.020352 -0.051100
v 0.364152 0.021450 -0.051100
v 0.363750 0.022950 -0.051100
v 0.364152 0.024450 -0.051100
v 0.365250 0.025548 -0.051100
v 0.366750 0.025950 -0.051100
v 0.378300 0.026500 -0.051100
v 0.378528 0.027350 -0.051100
v 0.379150 0.027972 -0.051100
v 0.380000 0.028200 -0.051100
v 0.380850 0.027972 -0.051100
v 0.381472 0.027350 -0.051100
v 0.381700 0.026500 -0.051100
v 0.381472 0.025650 -0.051100
v 0.380850 0.025028 -0.051100
v 0.380000 0.024800 -0.051100
v 0.379150 0.025028 -0.051100
v 0.378528 0.025650 -0.051100
v 0.381500 0.029098 -0.051100
v 0.382598 0.028000 -0.051100
v 0.383000 0.026500 -0.051100
v 0.382598 0.025000 -0.051100
v 0.381500 0.023902 -0.051100
v 0.380000 0.023500 -0.051100
v 0.378500 0.023902 -0.051100
v 0.377402 0.025000 -0.051100
v 0.377000 0.026500 -0.051100
v 0.377402 0.028000 -0.051100
v 0.378500 0.029098 -0.051100
v 0.380000 0.029500 -0.051100
v 0.391550 0.022950 -0.051100
v 0.391778 0.023800 -0.051100
v 0.392400 0.024422 -0.051100
v 0.393250 0.024650 -0.051100
v 0.394100 0.024422 -0.051100
v 0.394722 0.023800 -0.051100
v 0.394950 0.022950 -0.051100
v 0.394722 0.022100 -0.051100
v 0.394100 0.021477 -0.051100
v 0.393250 0.021250 -0.051100
v 0.392400 0.021477 -0.051100
v 0.391778 0.022100 -0.051100
v 0.394750 0.025548 -0.051100
v 0.395848 0.024450 -0.051100
v 0.396250 0.022950 -0.051100
v 0.395848 0.021450 -0.051100
v 0.394750 0.020352 -0.051100
v 0.393250 0.019950 -0.051100
v 0.391750 0.020352 -0.051100
v 0.390652 0.021450 -0.051100
v 0.390250 0.022950 -0.051100
v 0.390652 0.024450 -0.051100
v 0.391750 0.025548 -0.051100
v 0.393250 0.025950 -0.051100
v 0.401250 0.013250 -0.051100
v 0.401477 0.014100 -0.051100
v 0.402100 0.014722 -0.051100
v 0.402950 0.014950 -0.051100
v 0.403800 0.014722 -0.051100
v 0.404422 0.014100 -0.051100
v 0.404650 0.013250 -0.051100
v 0.404422 0.012400 -0.051100
v 0.403800 0.011778 -0.051100
v 0.402950 0.011550 -0.051100
v 0.402100 0.011778 -0.051100
v 0.401477 0.012400 -0.051100
v 0.404450 0.015848 -0.051100
v 0.405548 0.014750 -0.051100
v 0.405950 0.013250 -0.051100
v 0.405548 0.011750 -0.051100
v 0.404450 0.010652 -0.051100
v 0.402950 0.010250 -0.051100
v 0.401450 0.010652 -0.051100
v 0.400352 0.011750 -0.051100
v 0.399950 0.013250 -0.051100
v 0.400352 0.014750 -0.051100
v 0.401450 0.015848 -0.051100
v 0.402950 0.016250 -0.051100
v 0.220000 -0.007000 -0.016500
v 0.220000 0.007000 -0.016500
v 0.212190 -0.007000 -0.014717
v 0.212190 0.007000 -0.014717
v 0.205927 -0.007000 -0.009723
v 0.205927 0.007000 -0.009723
v 0.202451 -0.007000 -0.002505
v 0.202451 0.007000 -0.002505
v 0.202451 -0.007000 0.005505
v 0.202451 0.007000 0.005505
v 0.205927 -0.007000 0.012723
v 0.205927 0.007000 0.012723
v 0.212190 -0.007000 0.017717
v 0.212190 0.007000 0.017717
v 0.220000 -0.007000 0.019500
v 0.220000 0.007000 0.019500
v 0.270000 -0.007000 -0.016500
v 0.270000 0.007000 -0.016500
v 0.270000 -0.007000 0.019500
v 0.270000 0.007000 0.019500
v 0.277810 -0.007000 0.017717
v 0.277810 0.007000 0.017717
v 0.284073 -0.007000 0.012723
v 0.284073 0.007000 0.012723
v 0.287549 -0.007000 0.005505
v 0.287549 0.007000 0.005505
v 0.287549 -0.007000 -0.002505
v 0.287549 0.007000 -0.002505
v 0.284073 -0.007000 -0.009723
v 0.284073 0.007000 -0.009723
v 0.277810 -0.007000 -0.014717
v 0.277810 0.007000 -0.014717
v 0.160000 -0.007000 0.019500
v 0.160000 0.007000 0.019500
v 0.167810 -0.007000 0.017717
v 0.167810 0.007000 0.017717
v 0.174073 -0.007000 0.012723
v 0.174073 0.007000 0.012723
v 0.177549 -0.007000 0.005505
v 0.177549 0.007000 0.005505
v 0.177549 -0.007000 -0.002505
v 0.177549 0.007000 -0.002505
v 0.174073 -0.007000 -0.009723
v 0.174073 0.007000 -0.009723
v 0.167810 -0.007000 -0.014717
v 0.167810 0.007000 -0.014717
v 0.160000 -0.007000 -0.016500
v 0.160000 0.007000 -0.016500
v 0.110000 -0.007000 0.019500
v 0.110000 0.007000 0.019500
v 0.110000 -0.007000 -0.016500
v 0.110000 0.007000 -0.016500
v 0.102190 -0.007000 -0.014717
v 0.102190 0.007000 -0.014717
v 0.095927 -0.007000 -0.009723
v 0.095927 0.007000 -0.009723
v 0.092451 -0.007000 -0.002505
v 0.092451 0.007000 -0.002505
v 0.092451 -0.007000 0.005505
v 0.092451 0.007000 0.005505
v 0.095927 -0.007000 0.012723
v 0.095927 0.007000 0.012723
v 0.102190 -0.007000 0.017717
v 0.102190 0.007000 0.017717
v 0.008088 -0.030185 -0.052251
v 0.009171 -0.029560 -0.051500
v 0.008713 -0.029103 -0.051500
v 0.009338 -0.030185 -0.051500
v 0.007463 -0.029103 -0.051500
v 0.007006 -0.029560 -0.051500
v 0.008088 -0.028935 -0.051500
v 0.007006 -0.030810 -0.051500
v 0.007463 -0.031268 -0.051500
v 0.006838 -0.030185 -0.051500
v 0.008713 -0.031268 -0.051500
v 0.009171 -0.030810 -0.051500
v 0.008088 -0.031435 -0.051500
v -0.008088 0.030185 -0.052251
v -0.007006 0.030810 -0.051500
v -0.007463 0.031268 -0.051500
v -0.006838 0.030185 -0.051500
v -0.008713 0.031268 -0.051500
v -0.009171 0.030810 -0.051500
v -0.008088 0.031435 -0.051500
v -0.009171 0.029560 -0.051500
v -0.008713 0.029103 -0.051500
v -0.009338 0.030185 -0.051500
v -0.007463 0.029103 -0.051500
v -0.007006 0.029560 -0.051500
v -0.008088 0.028935 -0.051500
v 0.386859 -0.025597 -0.052251
v 0.387941 -0.024972 -0.051500
v 0.387484 -0.024515 -0.051500
v 0.388109 -0.025597 -0.051500
v 0.386234 -0.024515 -0.051500
v 0.385776 -0.024972 -0.051500
v 0.386859 -0.024347 -0.051500
v 0.385776 -0.026222 -0.051500
v 0.386234 -0.026680 -0.051500
v 0.385609 -0.025597 -0.051500
v 0.387484 -0.026680 -0.051500
v 0.387941 -0.026222 -0.051500
v 0.386859 -0.026847 -0.051500
v 0.373141 0.025597 -0.052251
v 0.374224 0.026222 -0.051500
v 0.373766 0.026680 -0.051500
v 0.374391 0.025597 -0.051500
v 0.372516 0.026680 -0.051500
v 0.372059 0.026222 -0.051500
v 0.373141 0.026847 -0.051500
v 0.372059 0.024972 -0.051500
v 0.372516 0.024515 -0.051500
v 0.371891 0.025597 -0.051500
v 0.373766 0.024515 -0.051500
v 0.374224 0.024972 -0.051500
v 0.373141 0.024347 -0.051500
vn -0.0000 -0.0000 1.0000
vn 0.0001 -0.0000 1.0000
vn -0.0000 -1.0000 -0.0000
vn -0.0000 1.0000 -0.0000
vn -0.0000 -0.0000 -1.0000
vn 0.2994 0.9541 -0.0000
vn 0.0795 0.9968 -0.0000
vn 0.2366 0.9716 -0.0000
vn 0.2226 0.9747 -0.0228
vn 0.3810 0.9246 -0.0000
vn 0.3876 0.9218 -0.0052
vn 0.5228 0.8524 0.0057
vn 0.5289 0.8487 -0.0000
vn 0.2994 -0.9541 -0.0000
vn 0.0795 -0.9968 -0.0000
vn 0.2226 -0.9749 -0.0000
vn 0.2365 -0.9714 -0.0187
vn 0.3877 -0.9218 -0.0000
vn 0.3810 -0.9245 -0.0057
vn 0.5289 -0.8487 0.0062
vn 0.5228 -0.8525 -0.0000
vn 0.5271 0.8498 -0.0000
vn 0.3817 0.9243 -0.0000
vn 0.2261 0.9741 -0.0000
vn 0.0645 0.9979 -0.0000
vn -0.0988 0.9951 -0.0000
vn -0.2595 0.9657 -0.0000
vn -0.4133 0.9106 -0.0000
vn -0.5560 0.8312 -0.0000
vn -0.6839 0.7296 -0.0000
vn -0.7936 0.6085 -0.0000
vn -0.8820 0.4712 -0.0000
vn -0.9470 0.3213 -0.0000
vn -0.9867 0.1628 -0.0000
vn -1.0000 -0.0000 -0.0000
vn -0.9867 -0.1628 -0.0000
vn -0.9470 -0.3213 -0.0000
vn -0.8820 -0.4712 -0.0000
vn -0.7936 -0.6085 -0.0000
vn -0.6839 -0.7296 -0.0000
vn -0.5560 -0.8312 -0.0000
vn -0.4133 -0.9106 -0.0000
vn -0.2595 -0.9657 -0.0000
vn -0.0988 -0.9951 -0.0000
vn 0.0645 -0.9979 -0.0000
vn 0.2261 -0.9741 -0.0000
vn 0.3817 -0.9243 -0.0000
vn 0.5271 -0.8498 -0.0000
vn 1.0000 -0.0000 -0.0000
vn 0.0001 -0.0000 -1.0000
vn 0.9773 0.2119 -0.0000
vn 0.8018 0.5976 -0.0000
vn 0.4823 0.8760 -0.0000
vn 0.4823 -0.8760 -0.0000
vn 0.8018 -0.5976 -0.0000
vn 0.9773 -0.2119 -0.0000
vn 0.9659 0.2588 -0.0000
vn 0.7071 0.7071 -0.0000
vn 0.2588 0.9659 -0.0000
vn 0.9659 -0.2588 -0.0000
vn 0.7071 -0.7071 -0.0000
vn 0.2588 -0.9659 -0.0000
vn 0.3704 -0.6039 -0.7058
vn 0.2698 -0.6546 -0.7062
vn 0.2660 -0.6726 -0.6905
vn 0.2118 -0.6747 -0.7071
vn 0.3733 -0.6019 -0.7059
vn 0.2703 -0.6547 -0.7059
vn 0.2704 -0.6547 -0.7059
vn 0.1602 -0.6899 -0.7059
vn 0.0457 -0.7068 -0.7059
vn -0.0700 -0.7048 -0.7059
vn -0.1838 -0.6840 -0.7059
vn -0.2927 -0.6450 -0.7059
vn -0.3938 -0.5887 -0.7059
vn -0.4844 -0.5167 -0.7059
vn -0.5621 -0.4310 -0.7059
vn -0.6247 -0.3337 -0.7059
vn -0.6707 -0.2276 -0.7059
vn -0.6988 -0.1153 -0.7059
vn -0.7083 -0.0000 -0.7059
vn -0.6988 0.1153 -0.7059
vn -0.6707 0.2276 -0.7059
vn -0.6247 0.3337 -0.7059
vn -0.6248 0.3337 -0.7059
vn -0.5621 0.4310 -0.7059
vn -0.4844 0.5167 -0.7059
vn -0.3938 0.5887 -0.7059
vn -0.2927 0.6450 -0.7059
vn -0.1838 0.6840 -0.7059
vn -0.0700 0.7048 -0.7059
vn 0.0457 0.7068 -0.7059
vn 0.1602 0.6899 -0.7059
vn 0.2704 0.6547 -0.7059
vn 0.3733 0.6019 -0.7059
vn 0.3449 -0.6265 -0.6989
vn 0.5734 -0.4274 -0.6989
vn 0.6989 -0.1515 -0.6989
vn 0.3704 0.6039 -0.7058
vn 0.2605 0.6588 -0.7058
vn 0.2769 0.6719 -0.6869
vn 0.2118 0.6747 -0.7071
vn 0.7071 -0.0000 -0.7071
vn 0.6989 0.1515 -0.6989
vn 0.5734 0.4274 -0.6989
vn 0.3449 0.6265 -0.6989
vn 0.0563 -0.7060 0.7060
vn 0.1676 -0.6881 0.7060
vn 0.2745 -0.6528 0.7060
vn 0.3746 -0.6011 0.7060
vn -0.0000 -0.7071 0.7071
vn 0.3733 0.6019 0.7059
vn 0.2704 0.6547 0.7059
vn 0.1602 0.6899 0.7059
vn 0.0457 0.7068 0.7059
vn -0.0700 0.7048 0.7059
vn -0.1838 0.6840 0.7059
vn -0.2927 0.6450 0.7059
vn -0.3938 0.5887 0.7059
vn -0.4844 0.5167 0.7059
vn -0.5621 0.4310 0.7059
vn -0.6247 0.3337 0.7059
vn -0.6707 0.2276 0.7059
vn -0.6988 0.1153 0.7059
vn -0.7083 -0.0000 0.7059
vn -0.6988 -0.1153 0.7059
vn -0.6707 -0.2276 0.7059
vn -0.6247 -0.3337 0.7059
vn -0.5621 -0.4310 0.7059
vn -0.4844 -0.5167 0.7059
vn -0.3938 -0.5887 0.7059
vn -0.2927 -0.6450 0.7059
vn -0.1838 -0.6840 0.7059
vn -0.0700 -0.7048 0.7059
vn 0.0457 -0.7068 0.7059
vn 0.1602 -0.6899 0.7059
vn 0.2704 -0.6547 0.7059
vn 0.3733 -0.6019 0.7059
vn 0.6947 -0.1862 0.6947
vn 0.5086 -0.5086 0.6947
vn 0.1861 -0.6947 0.6947
vn 0.3746 0.6011 0.7060
vn 0.2745 0.6528 0.7060
vn 0.1676 0.6881 0.7060
vn 0.0563 0.7060 0.7060
vn 0.7071 -0.0000 0.7071
vn -0.0000 0.7071 0.7071
vn 0.1861 0.6947 0.6947
vn 0.5086 0.5086 0.6947
vn 0.6947 0.1862 0.6947
vn -0.9659 -0.2588 0.0117
vn -0.8760 -0.4824 -0.0000
vn -0.7350 -0.6781 -0.0000
vn -0.7069 -0.7069 0.0215
vn -0.5345 -0.8452 -0.0000
vn -0.3167 -0.9485 -0.0000
vn -0.2587 -0.9655 0.0293
vn -0.0604 -0.9982 -0.0000
vn 0.1803 -0.9836 -0.0000
vn 0.2587 -0.9653 0.0352
vn 0.4287 -0.9034 -0.0000
vn 0.6324 -0.7746 -0.0000
vn 0.7066 -0.7066 0.0391
vn 0.8114 -0.5845 -0.0000
vn 0.9277 -0.3734 -0.0000
vn 0.9651 -0.2586 0.0411
vn 0.9927 -0.1205 -0.0000
vn 0.9927 0.1205 -0.0000
vn 0.9651 0.2586 0.0411
vn 0.9277 0.3734 -0.0000
vn 0.8114 0.5845 -0.0000
vn 0.7066 0.7066 0.0391
vn 0.6324 0.7746 -0.0000
vn 0.4287 0.9034 -0.0000
vn 0.2587 0.9653 0.0352
vn 0.1803 0.9836 -0.0000
vn -0.0604 0.9982 -0.0000
vn -0.2587 0.9655 0.0293
vn -0.3167 0.9485 -0.0000
vn -0.5345 0.8452 -0.0000
vn -0.7069 0.7069 0.0215
vn -0.7350 0.6781 -0.0000
vn -0.8760 0.4823 -0.0000
vn -0.9659 0.2588 0.0117
vn -0.9709 0.2393 -0.0000
vn -0.9709 -0.2393 -0.0000
vn -0.5395 0.4780 0.6931
vn -0.5261 0.4854 0.6983
vn -0.3781 0.5979 0.7068
vn -0.2566 0.6766 0.6902
vn -0.2262 0.6775 0.6999
vn -0.0427 0.7065 0.7065
vn 0.0875 0.7205 0.6879
vn 0.1285 0.7012 0.7012
vn 0.3036 0.6399 0.7060
vn 0.4132 0.5986 0.6863
vn 0.4501 0.5513 0.7025
vn 0.5752 0.4144 0.7053
vn 0.6449 0.3385 0.6853
vn 0.6592 0.2653 0.7036
vn 0.7175 -0.0000 0.6966
vn 0.7476 0.0908 0.6580
vn 0.7045 -0.0855 0.7045
vn 0.6353 -0.3334 0.6966
vn 0.6927 -0.2788 0.6652
vn 0.5752 -0.4144 0.7053
vn 0.4076 -0.5905 0.6966
vn 0.4683 -0.5736 0.6721
vn 0.3036 -0.6399 0.7060
vn 0.0865 -0.7122 0.6966
vn 0.1324 -0.7224 0.6787
vn -0.0427 -0.7065 0.7065
vn -0.2544 -0.6708 0.6966
vn -0.2307 -0.6911 0.6849
vn -0.3781 -0.5979 0.7068
vn -0.5370 -0.4758 0.6966
vn -0.5314 -0.4902 0.6909
vn -0.6195 -0.3411 0.7070
vn -0.6966 -0.1717 0.6966
vn -0.6966 0.1717 0.6966
vn -0.6195 0.3411 0.7070
vn -0.8760 0.4824 -0.0000
vn -0.0428 0.7065 0.7065
vn -0.0428 -0.7065 0.7065
vn -0.8760 -0.4823 -0.0000
vn 0.9952 0.0980 -0.0000
vn 0.9569 0.2903 -0.0000
vn 0.8819 0.4714 -0.0000
vn 0.7730 0.6344 -0.0000
vn 0.6344 0.7730 -0.0000
vn 0.4714 0.8819 -0.0000
vn 0.2903 0.9569 -0.0000
vn 0.0980 0.9952 -0.0000
vn -0.0980 0.9952 -0.0000
vn -0.2903 0.9569 -0.0000
vn -0.4714 0.8819 -0.0000
vn -0.6344 0.7730 -0.0000
vn -0.7730 0.6344 -0.0000
vn -0.8819 0.4714 -0.0000
vn -0.9569 0.2903 -0.0000
vn -0.9952 0.0980 -0.0000
vn -0.9952 -0.0980 -0.0000
vn -0.9569 -0.2903 -0.0000
vn -0.8819 -0.4714 -0.0000
vn -0.7730 -0.6344 -0.0000
vn -0.6344 -0.7730 -0.0000
vn -0.4714 -0.8819 -0.0000
vn -0.2903 -0.9569 -0.0000
vn -0.0980 -0.9952 -0.0000
vn 0.0980 -0.9952 -0.0000
vn 0.2903 -0.9569 -0.0000
vn 0.4714 -0.8819 -0.0000
vn 0.6344 -0.7730 -0.0000
vn 0.7730 -0.6344 -0.0000
vn 0.8819 -0.4714 -0.0000
vn 0.9569 -0.2903 -0.0000
vn 0.9952 -0.0980 -0.0000
vn -0.9987 0.0506 -0.0000
vn -0.9987 -0.0506 -0.0000
vn -0.9795 -0.2013 -0.0000
vn -0.9190 -0.3944 -0.0000
vn -0.8208 -0.5713 -0.0000
vn -0.6890 -0.7248 -0.0000
vn -0.5290 -0.8486 -0.0000
vn -0.3473 -0.9378 -0.0000
vn -0.1514 -0.9885 -0.0000
vn 0.0506 -0.9987 -0.0000
vn 0.2507 -0.9681 -0.0000
vn 0.4404 -0.8978 -0.0000
vn 0.6121 -0.7908 -0.0000
vn 0.7588 -0.6514 -0.0000
vn 0.8743 -0.4853 -0.0000
vn 0.9541 -0.2994 -0.0000
vn 0.9949 -0.1012 -0.0000
vn 0.9949 0.1012 -0.0000
vn 0.9541 0.2994 -0.0000
vn 0.8743 0.4853 -0.0000
vn 0.7588 0.6514 -0.0000
vn 0.6121 0.7908 -0.0000
vn 0.4404 0.8978 -0.0000
vn 0.2507 0.9681 -0.0000
vn 0.0506 0.9987 -0.0000
vn -0.1514 0.9885 -0.0000
vn -0.3473 0.9378 -0.0000
vn -0.5290 0.8486 -0.0000
vn -0.6890 0.7248 -0.0000
vn -0.8208 0.5713 -0.0000
vn -0.9190 0.3944 -0.0000
vn -0.9795 0.2013 -0.0000
vn 0.9932 -0.1161 0.0088
vn 0.9397 -0.3420 0.0088
vn 0.9580 -0.2868 -0.0000
vn 0.9848 -0.1737 -0.0000
vn 0.8355 -0.5495 0.0088
vn 0.8660 -0.5000 -0.0000
vn 0.9182 -0.3961 -0.0000
vn 0.6862 -0.7273 0.0088
vn 0.7274 -0.6862 -0.0000
vn 0.8021 -0.5972 -0.0000
vn 0.5000 -0.8660 0.0088
vn 0.5495 -0.8355 -0.0000
vn 0.6428 -0.7660 -0.0000
vn 0.2868 -0.9580 0.0088
vn 0.3420 -0.9397 -0.0000
vn 0.4488 -0.8936 -0.0000
vn 0.0581 -0.9983 0.0088
vn 0.1161 -0.9932 -0.0000
vn 0.2306 -0.9730 -0.0000
vn -0.1736 -0.9848 0.0088
vn -0.1161 -0.9932 -0.0000
vn -0.3961 -0.9182 0.0088
vn -0.3420 -0.9397 -0.0000
vn -0.2306 -0.9730 -0.0000
vn -0.5971 -0.8021 0.0088
vn -0.5495 -0.8355 -0.0000
vn -0.4488 -0.8936 -0.0000
vn -0.7660 -0.6428 0.0088
vn -0.7274 -0.6862 -0.0000
vn -0.6428 -0.7660 -0.0000
vn -0.8936 -0.4488 0.0088
vn -0.8660 -0.5000 -0.0000
vn -0.8021 -0.5972 -0.0000
vn -0.9730 -0.2306 0.0088
vn -0.9580 -0.2868 -0.0000
vn -0.9182 -0.3961 -0.0000
vn -1.0000 -0.0000 0.0088
vn -0.9983 -0.0581 -0.0000
vn -0.9848 -0.1736 -0.0000
vn -0.9730 0.2306 0.0088
vn -0.9848 0.1736 -0.0000
vn -0.9983 0.0581 -0.0000
vn -0.8936 0.4488 0.0088
vn -0.9182 0.3961 -0.0000
vn -0.9580 0.2868 -0.0000
vn -0.7660 0.6428 0.0088
vn -0.8021 0.5972 -0.0000
vn -0.8660 0.5000 -0.0000
vn -0.5971 0.8021 0.0088
vn -0.6428 0.7660 -0.0000
vn -0.7274 0.6862 -0.0000
vn -0.3961 0.9182 0.0088
vn -0.4488 0.8936 -0.0000
vn -0.5495 0.8355 -0.0000
vn -0.1736 0.9848 0.0088
vn -0.2306 0.9730 -0.0000
vn -0.3420 0.9397 -0.0000
vn 0.0581 0.9983 0.0088
vn -0.1161 0.9932 -0.0000
vn 0.2868 0.9580 0.0088
vn 0.2306 0.9730 -0.0000
vn 0.1161 0.9932 -0.0000
vn 0.5000 0.8660 0.0088
vn 0.4488 0.8936 -0.0000
vn 0.3420 0.9397 -0.0000
vn 0.6862 0.7273 0.0088
vn 0.6428 0.7660 -0.0000
vn 0.5495 0.8355 -0.0000
vn 0.8355 0.5495 0.0088
vn 0.8021 0.5972 -0.0000
vn 0.7274 0.6862 -0.0000
vn 0.9397 0.3420 0.0088
vn 0.9182 0.3961 -0.0000
vn 0.8660 0.5000 -0.0000
vn 0.9983 -0.0581 -0.0000
vn 0.9983 0.0581 -0.0000
vn 0.9932 0.1161 0.0088
vn 0.9848 0.1737 -0.0000
vn 0.9580 0.2868 -0.0000
vn -0.7792 0.0911 0.6201
vn -0.6970 0.1229 0.7065
vn -0.6780 0.2030 0.7065
vn -0.7372 0.2683 0.6201
vn -0.6498 0.2803 0.7065
vn -0.6129 0.3539 0.7065
vn -0.6555 0.4311 0.6201
vn -0.5677 0.4226 0.7065
vn -0.5148 0.4857 0.7065
vn -0.5384 0.5706 0.6201
vn -0.4549 0.5421 0.7065
vn -0.3889 0.5913 0.7065
vn -0.3923 0.6794 0.6201
vn -0.3176 0.6324 0.7065
vn -0.2420 0.6650 0.7065
vn -0.2250 0.7516 0.6201
vn -0.1632 0.6886 0.7065
vn -0.0822 0.7029 0.7065
vn -0.0456 0.7832 0.6201
vn 0.3107 0.7204 0.6201
vn -0.0000 0.7077 0.7065
vn 0.0822 0.7029 0.7065
vn 0.1362 0.7726 0.6201
vn 0.1632 0.6886 0.7065
vn 0.2421 0.6650 0.7065
vn 0.6010 0.5043 0.6201
vn 0.3176 0.6324 0.7065
vn 0.3889 0.5913 0.7065
vn 0.4685 0.6293 0.6201
vn 0.4549 0.5421 0.7065
vn 0.5148 0.4857 0.7065
vn 0.5677 0.4226 0.7065
vn 0.6129 0.3539 0.7065
vn 0.7011 0.3521 0.6201
vn 0.6498 0.2803 0.7065
vn 0.6780 0.2030 0.7065
vn 0.7634 0.1809 0.6201
vn 0.6970 0.1229 0.7065
vn 0.7065 0.0411 0.7065
vn 0.7845 -0.0000 0.6201
vn 0.7065 -0.0411 0.7065
vn 0.6970 -0.1229 0.7065
vn 0.7634 -0.1809 0.6201
vn 0.6780 -0.2030 0.7065
vn 0.6498 -0.2803 0.7065
vn 0.7011 -0.3521 0.6201
vn 0.4685 -0.6293 0.6201
vn 0.6129 -0.3539 0.7065
vn 0.5677 -0.4226 0.7065
vn 0.6010 -0.5043 0.6201
vn 0.5148 -0.4857 0.7065
vn 0.4549 -0.5421 0.7065
vn 0.3889 -0.5913 0.7065
vn 0.3176 -0.6324 0.7065
vn 0.3107 -0.7204 0.6201
vn -0.0456 -0.7832 0.6201
vn 0.2421 -0.6650 0.7065
vn 0.1632 -0.6886 0.7065
vn 0.1362 -0.7726 0.6201
vn 0.0822 -0.7029 0.7065
vn -0.0000 -0.7077 0.7065
vn -0.3923 -0.6794 0.6201
vn -0.0822 -0.7029 0.7065
vn -0.1632 -0.6886 0.7065
vn -0.2250 -0.7516 0.6201
vn -0.2420 -0.6650 0.7065
vn -0.3176 -0.6324 0.7065
vn -0.6555 -0.4311 0.6201
vn -0.3889 -0.5913 0.7065
vn -0.4549 -0.5421 0.7065
vn -0.5384 -0.5706 0.6201
vn -0.5148 -0.4857 0.7065
vn -0.5677 -0.4226 0.7065
vn -0.6129 -0.3539 0.7065
vn -0.6498 -0.2803 0.7065
vn -0.7372 -0.2683 0.6201
vn -0.6780 -0.2030 0.7065
vn -0.6970 -0.1229 0.7065
vn -0.7792 -0.0911 0.6201
vn -0.7065 -0.0412 0.7065
vn -0.7065 0.0412 0.7065
vn -0.7067 0.0358 -0.7066
vn -0.7067 -0.0358 -0.7066
vn -0.6944 -0.1427 -0.7053
vn -0.6515 -0.2796 -0.7053
vn -0.5819 -0.4050 -0.7053
vn -0.4884 -0.5138 -0.7053
vn -0.3750 -0.6016 -0.7053
vn -0.2462 -0.6648 -0.7053
vn -0.1074 -0.7007 -0.7053
vn -0.1074 -0.7008 -0.7053
vn 0.0359 -0.7080 -0.7053
vn 0.1777 -0.6863 -0.7053
vn 0.3122 -0.6365 -0.7053
vn 0.4339 -0.5606 -0.7053
vn 0.5379 -0.4618 -0.7053
vn 0.6198 -0.3440 -0.7053
vn 0.6764 -0.2122 -0.7053
vn 0.7053 -0.0717 -0.7053
vn 0.7053 0.0717 -0.7053
vn 0.6764 0.2122 -0.7053
vn 0.6198 0.3440 -0.7053
vn 0.5379 0.4618 -0.7053
vn 0.4339 0.5606 -0.7053
vn 0.3122 0.6365 -0.7053
vn 0.1777 0.6863 -0.7053
vn 0.0359 0.7080 -0.7053
vn -0.1074 0.7007 -0.7053
vn -0.1074 0.7008 -0.7053
vn -0.2462 0.6648 -0.7053
vn -0.3750 0.6016 -0.7053
vn -0.4884 0.5138 -0.7053
vn -0.5819 0.4050 -0.7053
vn -0.6515 0.2796 -0.7053
vn -0.6944 0.1427 -0.7053
vn -0.7067 0.0358 -0.7067
vn 0.6667 -0.2427 -0.7047
vn 0.5928 -0.3899 -0.7047
vn 0.4869 -0.5161 -0.7047
vn 0.3548 -0.6144 -0.7047
vn 0.2035 -0.6797 -0.7047
vn 0.0413 -0.7083 -0.7047
vn -0.1232 -0.6987 -0.7047
vn -0.2810 -0.6515 -0.7047
vn -0.4237 -0.5691 -0.7047
vn -0.5435 -0.4561 -0.7047
vn -0.6340 -0.3184 -0.7047
vn -0.6904 -0.1636 -0.7047
vn -0.7095 -0.0000 -0.7047
vn -0.6904 0.1636 -0.7047
vn -0.6340 0.3184 -0.7047
vn -0.5435 0.4561 -0.7047
vn -0.4237 0.5691 -0.7047
vn -0.2810 0.6515 -0.7047
vn -0.1232 0.6987 -0.7047
vn 0.0413 0.7083 -0.7047
vn 0.2035 0.6797 -0.7047
vn 0.3548 0.6144 -0.7047
vn 0.4869 0.5161 -0.7047
vn 0.5928 0.3899 -0.7047
vn 0.6667 0.2427 -0.7047
vn 0.7047 0.0824 -0.7047
vn 0.7047 -0.0824 -0.7047
vn 0.7054 0.0695 -0.7054
vn 0.6783 0.2058 -0.7054
vn 0.6251 0.3341 -0.7054
vn 0.5479 0.4497 -0.7054
vn 0.4497 0.5479 -0.7054
vn 0.3341 0.6251 -0.7054
vn 0.2058 0.6783 -0.7054
vn 0.0695 0.7054 -0.7054
vn -0.0695 0.7054 -0.7054
vn -0.2058 0.6783 -0.7054
vn -0.3341 0.6251 -0.7054
vn -0.4497 0.5479 -0.7054
vn -0.5479 0.4497 -0.7054
vn -0.6251 0.3341 -0.7054
vn -0.6783 0.2058 -0.7054
vn -0.7054 0.0695 -0.7054
vn -0.7054 -0.0695 -0.7054
vn -0.6783 -0.2058 -0.7054
vn -0.6251 -0.3341 -0.7054
vn -0.5479 -0.4497 -0.7054
vn -0.4497 -0.5479 -0.7054
vn -0.3341 -0.6251 -0.7054
vn -0.2058 -0.6783 -0.7054
vn -0.0695 -0.7054 -0.7054
vn 0.0695 -0.7054 -0.7054
vn 0.2058 -0.6783 -0.7054
vn 0.3341 -0.6251 -0.7054
vn 0.4497 -0.5479 -0.7054
vn 0.5479 -0.4497 -0.7054
vn 0.6251 -0.3341 -0.7054
vn 0.6783 -0.2058 -0.7054
vn 0.7054 -0.0695 -0.7054
vn -0.3975 -0.9176 -0.0000
vn -0.2414 -0.9704 -0.0000
vn -0.0788 -0.9969 -0.0000
vn 0.0860 -0.9963 -0.0000
vn 0.2484 -0.9687 -0.0000
vn 0.4041 -0.9147 -0.0000
vn 0.5489 -0.8359 -0.0000
vn 0.6787 -0.7344 -0.0000
vn 0.7901 -0.6130 -0.0000
vn 0.8800 -0.4749 -0.0000
vn 0.9461 -0.3240 -0.0000
vn 0.9864 -0.1642 -0.0000
vn 0.9864 0.1642 -0.0000
vn 0.9461 0.3240 -0.0000
vn 0.8800 0.4749 -0.0000
vn 0.7901 0.6130 -0.0000
vn 0.6787 0.7344 -0.0000
vn 0.5489 0.8359 -0.0000
vn 0.4041 0.9147 -0.0000
vn 0.2484 0.9687 -0.0000
vn 0.0860 0.9963 -0.0000
vn -0.0788 0.9969 -0.0000
vn -0.2414 0.9704 -0.0000
vn -0.3975 0.9176 -0.0000
vn -0.3981 -0.9174 -0.0000
vn -0.1271 -0.9919 -0.0000
vn -0.0818 -0.9966 -0.0000
vn -0.0454 -0.9972 -0.0594
vn -0.1929 -0.9812 -0.0000
vn -0.2432 -0.9699 -0.0156
vn -0.2871 -0.9579 0.0078
vn -0.4119 -0.9111 -0.0124
vn -0.0455 0.9990 -0.0000
vn -0.0817 0.9961 -0.0331
vn -0.1271 0.9919 -0.0000
vn -0.1929 0.9812 -0.0000
vn -0.2432 0.9699 -0.0156
vn -0.2871 0.9579 0.0078
vn -0.3981 0.9173 -0.0101
vn -0.4119 0.9112 -0.0000
vn -0.9659 -0.2588 -0.0000
vn -0.9659 -0.2589 -0.0000
vn -0.7071 -0.7071 -0.0000
vn -0.7072 -0.7071 -0.0000
vn -0.2588 -0.9659 -0.0000
vn -0.9659 0.2588 -0.0000
vn -0.9659 0.2589 -0.0000
vn -0.7071 0.7071 -0.0000
vn -0.7072 0.7071 -0.0000
vn -0.2588 0.9659 -0.0000
vn -0.3313 0.9435 -0.0000
vn -0.7385 0.6742 -0.0000
vn -0.7386 0.6742 -0.0000
vn -0.9697 0.2441 -0.0000
vn -0.9697 -0.2441 -0.0000
vn -0.7386 -0.6742 -0.0000
vn -0.7385 -0.6742 -0.0000
vn -0.3313 -0.9435 -0.0000
vn -0.2816 -0.6499 0.7059
vn -0.1710 -0.6874 0.7059
vn -0.0558 -0.7061 0.7059
vn 0.0609 -0.7057 0.7059
vn 0.1760 -0.6861 0.7059
vn 0.2862 -0.6479 0.7059
vn 0.2863 -0.6479 0.7059
vn 0.3888 -0.5921 0.7059
vn 0.4807 -0.5202 0.7059
vn 0.5596 -0.4342 0.7059
vn 0.6233 -0.3364 0.7059
vn 0.6701 -0.2295 0.7059
vn 0.6987 -0.1163 0.7059
vn 0.7083 -0.0000 0.7059
vn 0.6987 0.1163 0.7059
vn 0.6701 0.2295 0.7059
vn 0.6233 0.3364 0.7059
vn 0.5596 0.4342 0.7059
vn 0.4807 0.5202 0.7059
vn 0.3888 0.5921 0.7059
vn 0.2862 0.6479 0.7059
vn 0.1760 0.6861 0.7059
vn 0.0609 0.7057 0.7059
vn -0.0558 0.7061 0.7059
vn -0.1710 0.6874 0.7059
vn -0.2816 0.6499 0.7059
vn -0.2820 -0.6498 0.7059
vn -0.1722 -0.6870 0.7059
vn -0.0579 -0.7059 0.7059
vn -0.0579 0.7059 0.7059
vn -0.1722 0.6870 0.7059
vn -0.2820 0.6498 0.7059
vn -0.6947 -0.1862 0.6947
vn -0.5086 -0.5086 0.6947
vn -0.1861 -0.6947 0.6948
vn -0.1862 -0.6947 0.6948
vn -0.1861 0.6948 0.6947
vn -0.1862 0.6947 0.6948
vn -0.5086 0.5086 0.6947
vn -0.5086 0.5085 0.6948
vn -0.6947 0.1862 0.6947
vn -0.7071 -0.0000 0.7071
vn -0.2816 0.6499 -0.7059
vn -0.1710 0.6873 -0.7059
vn -0.1710 0.6874 -0.7059
vn -0.0558 0.7061 -0.7059
vn 0.0609 0.7057 -0.7059
vn 0.1760 0.6861 -0.7059
vn 0.2862 0.6479 -0.7059
vn 0.3888 0.5921 -0.7059
vn 0.4807 0.5202 -0.7059
vn 0.5596 0.4342 -0.7059
vn 0.6233 0.3364 -0.7059
vn 0.6701 0.2295 -0.7059
vn 0.6987 0.1163 -0.7059
vn 0.7083 -0.0000 -0.7059
vn 0.6987 -0.1163 -0.7059
vn 0.6701 -0.2295 -0.7059
vn 0.6233 -0.3364 -0.7059
vn 0.5596 -0.4342 -0.7059
vn 0.4807 -0.5202 -0.7059
vn 0.3888 -0.5921 -0.7059
vn 0.2862 -0.6479 -0.7059
vn 0.2863 -0.6479 -0.7059
vn 0.1760 -0.6861 -0.7059
vn 0.0609 -0.7057 -0.7059
vn -0.0558 -0.7061 -0.7059
vn -0.1710 -0.6874 -0.7059
vn -0.1710 -0.6873 -0.7059
vn -0.2816 -0.6499 -0.7059
vn -0.2916 -0.6450 -0.7063
vn -0.2032 -0.6781 -0.7063
vn -0.0899 -0.7016 -0.7069
vn -0.1137 -0.7147 -0.6901
vn -0.1364 -0.6940 -0.7069
vn -0.1112 0.6991 -0.7063
vn -0.2916 0.6450 -0.7063
vn -0.2032 0.6781 -0.7063
vn -0.1364 0.6940 -0.7069
vn -0.0938 0.7320 -0.6748
vn -0.2378 -0.6773 -0.6962
vn -0.2378 -0.6774 -0.6961
vn -0.5302 -0.4840 -0.6962
vn -0.6962 -0.1753 -0.6962
vn -0.6962 0.1753 -0.6962
vn -0.5302 0.4840 -0.6962
vn -0.5302 0.4839 -0.6962
vn -0.2378 0.6774 -0.6962
vn -0.2378 0.6774 -0.6961
vn -0.7071 -0.0000 -0.7071
vn -0.9987 -0.0507 -0.0000
vn -0.9987 0.0507 -0.0000
vn -0.9658 -0.2587 0.0202
vn -0.8839 -0.4676 -0.0000
vn -0.7580 -0.6523 -0.0000
vn -0.7067 -0.7067 0.0337
vn -0.5633 -0.8263 -0.0000
vn -0.3653 -0.9309 -0.0000
vn -0.2586 -0.9651 0.0405
vn -0.1119 -0.9937 -0.0000
vn 0.1120 -0.9937 -0.0000
vn 0.2586 -0.9651 0.0405
vn 0.3653 -0.9309 -0.0000
vn 0.5634 -0.8262 -0.0000
vn 0.7067 -0.7068 0.0337
vn 0.7580 -0.6523 -0.0000
vn 0.8842 -0.4671 -0.0000
vn 0.9657 -0.2589 0.0202
vn 0.9749 -0.2225 -0.0000
vn 0.9749 0.2225 -0.0000
vn 0.9657 0.2589 0.0202
vn 0.8842 0.4671 -0.0000
vn 0.7580 0.6523 -0.0000
vn 0.7067 0.7068 0.0337
vn 0.5634 0.8262 -0.0000
vn 0.3653 0.9309 -0.0000
vn 0.2586 0.9651 0.0405
vn 0.1120 0.9937 -0.0000
vn -0.1119 0.9937 -0.0000
vn -0.2586 0.9651 0.0405
vn -0.3653 0.9309 -0.0000
vn -0.5633 0.8263 -0.0000
vn -0.7067 0.7067 0.0337
vn -0.7580 0.6523 -0.0000
vn -0.8839 0.4676 -0.0000
vn -0.9658 0.2587 0.0202
vn -0.9749 0.2226 -0.0000
vn -0.9749 -0.2226 -0.0000
vn -0.5639 0.4498 0.6926
vn -0.5407 0.4652 0.7009
vn -0.3989 0.5850 0.7061
vn -0.3144 0.6528 0.6892
vn -0.2598 0.6619 0.7031
vn -0.0794 0.7049 0.7049
vn -0.0000 0.7256 0.6881
vn 0.0794 0.7049 0.7049
vn 0.3107 0.6451 0.6981
vn 0.2688 0.6850 0.6771
vn 0.3988 0.5851 0.7061
vn 0.5598 0.4464 0.6981
vn 0.5500 0.4733 0.6881
vn 0.6254 0.3304 0.7069
vn 0.6981 0.1593 0.6981
vn 0.6981 -0.1593 0.6981
vn 0.6254 -0.3304 0.7069
vn 0.5639 -0.4498 0.6926
vn 0.5407 -0.4652 0.7009
vn 0.3988 -0.5851 0.7061
vn 0.3144 -0.6528 0.6892
vn 0.2598 -0.6619 0.7031
vn -0.0000 -0.7160 0.6981
vn 0.0836 -0.7419 0.6652
vn -0.0794 -0.7049 0.7049
vn -0.3107 -0.6451 0.6981
vn -0.2688 -0.6850 0.6771
vn -0.3989 -0.5850 0.7061
vn -0.5598 -0.4464 0.6981
vn -0.5500 -0.4733 0.6881
vn -0.6254 -0.3304 0.7069
vn -0.6981 -0.1593 0.6981
vn -0.6981 0.1593 0.6981
vn -0.6254 0.3304 0.7069
vn 0.7067 -0.7067 0.0337
vn 0.7067 0.7067 0.0337
vn -0.0000 0.7160 0.6981
vn -0.0836 0.7420 0.6652
vn 0.0794 -0.7049 0.7049
vn -0.0000 -0.7256 0.6881
vn -0.9927 -0.1205 -0.0000
vn -0.9927 -0.1206 -0.0000
vn -0.9350 -0.3546 -0.0000
vn -0.8230 -0.5681 -0.0000
vn -0.6631 -0.7485 -0.0000
vn -0.4647 -0.8855 -0.0000
vn -0.2393 -0.9709 -0.0000
vn 0.2393 -0.9709 -0.0000
vn 0.4647 -0.8855 -0.0000
vn 0.6631 -0.7485 -0.0000
vn 0.8230 -0.5681 -0.0000
vn 0.9350 -0.3546 -0.0000
vn 0.9927 -0.1206 -0.0000
vn 0.9927 0.1206 -0.0000
vn 0.9350 0.3546 -0.0000
vn 0.8230 0.5681 -0.0000
vn 0.6631 0.7485 -0.0000
vn 0.4647 0.8855 -0.0000
vn 0.2393 0.9709 -0.0000
vn -0.2393 0.9709 -0.0000
vn -0.4647 0.8855 -0.0000
vn -0.6631 0.7485 -0.0000
vn -0.8230 0.5681 -0.0000
vn -0.9350 0.3546 -0.0000
vn -0.9927 0.1206 -0.0000
vn -0.9927 0.1205 -0.0000
vn -0.6636 -0.2517 0.7045
vn -0.5841 -0.4032 0.7045
vn -0.4706 -0.5312 0.7045
vn -0.3298 -0.6284 0.7045
vn -0.1698 -0.6891 0.7045
vn -0.0000 -0.7097 0.7045
vn 0.1698 -0.6891 0.7045
vn 0.3298 -0.6284 0.7045
vn 0.4706 -0.5312 0.7045
vn 0.5841 -0.4032 0.7045
vn 0.5841 -0.4031 0.7045
vn 0.6636 -0.2517 0.7045
vn 0.7045 -0.0856 0.7045
vn 0.7045 0.0856 0.7045
vn 0.7045 0.0855 0.7045
vn 0.6636 0.2516 0.7045
vn 0.6636 0.2517 0.7045
vn 0.5841 0.4031 0.7045
vn 0.4706 0.5312 0.7045
vn 0.3298 0.6284 0.7045
vn 0.1698 0.6891 0.7045
vn -0.0000 0.7097 0.7045
vn -0.1698 0.6891 0.7045
vn -0.3298 0.6284 0.7045
vn -0.4706 0.5312 0.7045
vn -0.5841 0.4031 0.7045
vn -0.5841 0.4032 0.7045
vn -0.6636 0.2517 0.7045
vn -0.7045 0.0855 0.7045
vn -0.7045 -0.0855 0.7045
vn -0.7067 0.0359 -0.7066
vn 0.6199 -0.3440 -0.7053
vn 0.6636 -0.2516 -0.7045
vn 0.6636 -0.2517 -0.7045
vn 0.5841 -0.4031 -0.7045
vn 0.4706 -0.5312 -0.7045
vn 0.3298 -0.6284 -0.7045
vn 0.1698 -0.6891 -0.7045
vn -0.0000 -0.7097 -0.7045
vn -0.1698 -0.6891 -0.7045
vn -0.3298 -0.6284 -0.7045
vn -0.4706 -0.5312 -0.7045
vn -0.5841 -0.4031 -0.7045
vn -0.5841 -0.4032 -0.7045
vn -0.6636 -0.2517 -0.7045
vn -0.7045 -0.0855 -0.7045
vn -0.7045 0.0855 -0.7045
vn -0.6636 0.2517 -0.7045
vn -0.5841 0.4032 -0.7045
vn -0.4706 0.5312 -0.7045
vn -0.3298 0.6284 -0.7045
vn -0.1698 0.6891 -0.7045
vn -0.0000 0.7097 -0.7045
vn 0.1698 0.6891 -0.7045
vn 0.3298 0.6284 -0.7045
vn 0.4706 0.5312 -0.7045
vn 0.5841 0.4032 -0.7045
vn 0.5841 0.4031 -0.7045
vn 0.6636 0.2517 -0.7045
vn 0.7045 0.0856 -0.7045
vn 0.7045 0.0855 -0.7045
vn 0.7045 -0.0856 -0.7045
vn 0.7045 -0.0855 -0.7045
vn -0.0001 -0.0000 1.0000
vn -0.0004 -0.0000 -1.0000
vn -0.0001 -0.0000 -1.0000
vn 0.0638 -0.9980 -0.0000
vn 0.0638 0.9980 -0.0000
vn -0.0550 -0.0000 0.9985
vn -0.0723 0.1592 0.9846
vn -0.1280 -0.0000 0.9918
vn -0.1823 -0.0000 0.9832
vn -0.2133 0.2102 0.9541
vn -0.2538 -0.0000 0.9672
vn -0.3585 -0.0000 0.9335
vn -0.3672 0.2101 0.9061
vn -0.3066 -0.0000 0.9518
vn -0.3755 -0.0000 -0.9268
vn -0.3539 0.1592 -0.9216
vn -0.3066 -0.0000 -0.9518
vn -0.2538 -0.0000 -0.9672
vn -0.2133 0.2102 -0.9541
vn -0.1823 -0.0000 -0.9832
vn -0.0733 -0.0000 -0.9973
vn -0.0537 0.2101 -0.9762
vn -0.1280 -0.0000 -0.9918
vn 0.3755 -0.0000 0.9268
vn 0.3539 0.1592 0.9216
vn 0.3066 -0.0000 0.9518
vn 0.2538 -0.0000 0.9672
vn 0.2133 0.2102 0.9541
vn 0.1823 -0.0000 0.9832
vn 0.0733 -0.0000 0.9973
vn 0.0537 0.2101 0.9762
vn 0.1280 -0.0000 0.9918
vn 0.0550 -0.0000 -0.9985
vn 0.0723 0.1592 -0.9846
vn 0.1280 -0.0000 -0.9918
vn 0.1823 -0.0000 -0.9832
vn 0.2133 0.2102 -0.9541
vn 0.2538 -0.0000 -0.9672
vn 0.3585 -0.0000 -0.9335
vn 0.3672 0.2101 -0.9061
vn 0.3066 -0.0000 -0.9518
vn 0.4916 -0.8708 -0.0000
vn 0.1657 -0.9862 -0.0000
vn -0.1800 -0.9837 -0.0000
vn -0.5042 -0.8636 -0.0000
vn -0.7681 -0.6403 -0.0000
vn -0.9402 -0.3405 -0.0000
vn -0.9402 0.3405 -0.0000
vn -0.7681 0.6403 -0.0000
vn -0.5042 0.8636 -0.0000
vn -0.1800 0.9837 -0.0000
vn 0.1657 0.9862 -0.0000
vn 0.4916 0.8708 -0.0000
vn -0.3907 0.9205 -0.0000
vn -0.0428 0.9991 -0.0000
vn 0.3105 0.9506 -0.0000
vn 0.6244 0.7811 -0.0000
vn 0.8588 0.5123 -0.0000
vn 0.9840 0.1783 -0.0000
vn 0.9840 -0.1783 -0.0000
vn 0.8588 -0.5123 -0.0000
vn 0.6244 -0.7811 -0.0000
vn 0.3105 -0.9506 -0.0000
vn -0.0428 -0.9991 -0.0000
vn -0.3907 -0.9205 -0.0000
vn -0.3585 -0.0000 -0.9335
vn -0.3672 -0.2101 -0.9061
vn -0.2133 -0.2102 -0.9541
vn -0.0550 -0.0000 -0.9985
vn -0.0723 -0.1592 -0.9846
vn -0.0733 -0.0000 0.9973
vn -0.0537 -0.2101 0.9762
vn -0.2133 -0.2102 0.9541
vn -0.3755 -0.0000 0.9268
vn -0.3539 -0.1592 0.9216
vn 0.3585 -0.0000 0.9335
vn 0.3672 -0.2101 0.9061
vn 0.2133 -0.2102 0.9541
vn 0.0550 -0.0000 0.9985
vn 0.0723 -0.1592 0.9846
vn 0.0733 -0.0000 -0.9973
vn 0.0537 -0.2101 -0.9762
vn 0.2133 -0.2102 -0.9541
vn 0.3755 -0.0000 -0.9268
vn 0.3539 -0.1592 -0.9216
vn 0.0783 -0.0000 0.9969
vn 0.0784 -0.0000 0.9969
vn 0.2331 -0.0000 0.9724
vn 0.3822 -0.0000 0.9241
vn -0.3822 -0.0000 0.9241
vn -0.2331 -0.0000 0.9724
vn -0.0784 -0.0000 0.9969
vn -0.0783 -0.0000 0.9969
vn 0.3822 -0.0000 -0.9241
vn 0.2331 -0.0000 -0.9724
vn 0.0784 -0.0000 -0.9969
vn 0.0783 -0.0000 -0.9969
vn -0.0783 -0.0000 -0.9969
vn -0.0784 -0.0000 -0.9969
vn -0.2331 -0.0000 -0.9724
vn -0.3822 -0.0000 -0.9241
vn -0.1174 -0.0000 -0.9931
vn -0.3457 -0.0000 -0.9384
vn -0.1174 -0.0000 0.9931
vn -0.3457 -0.0000 0.9384
vn 0.1174 -0.0000 0.9931
vn 0.0450 0.0276 0.9986
vn 0.0665 0.0196 0.9976
vn 0.1060 0.0063 0.9944
vn 0.0022 -0.0000 1.0000
vn 0.1174 -0.0008 0.9931
vn 0.0573 -0.0230 0.9981
vn 0.0866 -0.0127 0.9962
vn 0.1251 -0.0000 0.9921
vn 0.3457 -0.0000 0.9384
vn 0.1174 -0.0000 -0.9931
vn 0.0453 -0.0274 -0.9986
vn 0.0584 -0.0226 -0.9980
vn 0.0890 -0.0119 -0.9960
vn 0.0008 -0.0000 -1.0000
vn 0.1174 0.0008 -0.9931
vn 0.0652 0.0201 -0.9977
vn 0.1138 0.0037 -0.9935
vn 0.1251 -0.0000 -0.9921
vn 0.3457 -0.0000 -0.9384
vn 0.1059 -0.0226 -0.9941
vn 0.1085 -0.0311 -0.9936
vn 0.1113 -0.0400 -0.9930
vn 0.1132 -0.0497 -0.9923
vn 0.1097 -0.0314 -0.9935
vn 0.2123 -0.0000 -0.9772
vn 0.3240 -0.0000 -0.9460
vn 0.2600 -0.2889 -0.9214
vn 0.0565 -0.0327 -0.9979
vn 0.0954 -0.0000 -0.9954
vn 0.0265 -0.0501 -0.9984
vn 0.0831 -0.0129 -0.9965
vn 0.0970 -0.0032 -0.9953
vn 0.0800 -0.0185 -0.9966
vn 0.0989 -0.0080 -0.9951
vn 0.1139 -0.0000 -0.9935
vn 0.1113 0.0401 -0.9930
vn 0.1086 0.0312 -0.9936
vn 0.1059 0.0226 -0.9941
vn 0.1057 0.0044 -0.9944
vn 0.0838 0.0163 -0.9964
vn 0.1058 0.0029 -0.9944
vn 0.0557 0.0319 -0.9979
vn 0.0831 0.0129 -0.9965
vn 0.0265 0.0501 -0.9984
vn 0.1132 0.0498 -0.9923
vn 0.1097 0.0314 -0.9935
vn 0.2657 -0.0166 -0.9639
vn 0.3204 0.1494 -0.9354
vn 0.0073 -0.0000 1.0000
vn 0.1059 0.0226 0.9941
vn 0.1085 0.0311 0.9936
vn 0.1113 0.0400 0.9930
vn 0.1132 0.0497 0.9923
vn 0.1097 0.0314 0.9935
vn 0.2123 -0.0000 0.9772
vn 0.3240 -0.0000 0.9460
vn 0.2600 0.2889 0.9214
vn 0.0565 0.0327 0.9979
vn 0.0954 -0.0000 0.9954
vn 0.0837 0.0126 0.9964
vn 0.0832 0.0129 0.9965
vn 0.0970 0.0032 0.9953
vn 0.0800 0.0185 0.9966
vn 0.0989 0.0080 0.9951
vn 0.1139 -0.0000 0.9935
vn 0.1057 -0.0044 0.9944
vn 0.0838 -0.0163 0.9963
vn 0.1058 -0.0029 0.9944
vn 0.0557 -0.0319 0.9979
vn 0.0831 -0.0129 0.9965
vn 0.1113 -0.0401 0.9930
vn 0.1086 -0.0312 0.9936
vn 0.0986 -0.0000 0.9951
vn 0.0644 -0.0332 0.9974
vn 0.0265 -0.0501 0.9984
vn 0.1132 -0.0498 0.9923
vn 0.1097 -0.0314 0.9935
vn 0.2657 0.0166 0.9639
vn 0.3204 -0.1494 0.9354
vn -0.0148 -0.0000 -0.9999
vn -0.0249 0.0007 -0.9997
vn -0.0309 0.0012 -0.9995
vn -0.0378 0.0019 -0.9993
vn -0.0962 0.0033 -0.9954
vn -0.1004 0.0108 -0.9949
vn -0.1059 0.0226 -0.9941
vn -0.1085 0.0311 -0.9936
vn -0.1113 0.0400 -0.9930
vn -0.1132 0.0499 -0.9923
vn -0.1097 0.0314 -0.9935
vn -0.2123 -0.0000 -0.9772
vn -0.3240 -0.0000 -0.9460
vn -0.2600 0.2888 -0.9214
vn -0.0472 0.0030 -0.9989
vn -0.0656 0.0059 -0.9978
vn -0.1032 0.0144 -0.9946
vn -0.0968 0.0174 -0.9952
vn -0.1222 0.0085 -0.9925
vn -0.1368 0.0048 -0.9906
vn -0.1471 0.0024 -0.9891
vn -0.1587 -0.0000 -0.9873
vn -0.1471 -0.0024 -0.9891
vn -0.1368 -0.0048 -0.9906
vn -0.1086 -0.0311 -0.9936
vn -0.1113 -0.0401 -0.9930
vn -0.1132 -0.0499 -0.9923
vn -0.1097 -0.0314 -0.9935
vn -0.1059 -0.0226 -0.9941
vn -0.1004 -0.0108 -0.9949
vn -0.0962 -0.0033 -0.9954
vn -0.1222 -0.0085 -0.9925
vn -0.0968 -0.0174 -0.9952
vn -0.1032 -0.0144 -0.9946
vn -0.0656 -0.0059 -0.9978
vn -0.0472 -0.0030 -0.9989
vn -0.0378 -0.0019 -0.9993
vn -0.0309 -0.0012 -0.9995
vn -0.0249 -0.0007 -0.9997
vn -0.2715 -0.0000 -0.9624
vn -0.3204 -0.1494 -0.9354
vn -0.3204 -0.1494 0.9354
vn -0.2123 -0.0000 0.9772
vn -0.1097 0.0314 0.9935
vn -0.1132 0.0499 0.9923
vn -0.1113 0.0401 0.9930
vn -0.1086 0.0311 0.9936
vn -0.1367 0.0047 0.9906
vn -0.1220 0.0083 0.9925
vn 0.0299 0.0569 0.9979
vn -0.0967 0.0172 0.9952
vn -0.1033 0.0145 0.9945
vn -0.0399 -0.0000 0.9992
vn -0.0626 0.0171 0.9979
vn -0.0435 0.0078 0.9990
vn -0.0344 0.0045 0.9994
vn -0.0276 0.0026 0.9996
vn -0.0213 0.0012 0.9998
vn -0.0148 -0.0000 0.9999
vn -0.0212 -0.0012 0.9998
vn -0.0276 -0.0026 0.9996
vn -0.0962 -0.0033 0.9954
vn -0.0345 -0.0045 0.9994
vn -0.0435 -0.0078 0.9990
vn -0.0273 -0.0000 0.9996
vn -0.0656 -0.0059 0.9978
vn -0.1032 -0.0144 0.9946
vn -0.1004 -0.0108 0.9949
vn -0.1059 -0.0226 0.9941
vn -0.1085 -0.0311 0.9936
vn -0.1113 -0.0400 0.9930
vn -0.1132 -0.0499 0.9923
vn -0.1097 -0.0314 0.9935
vn -0.2715 -0.0000 0.9624
vn -0.0968 -0.0174 0.9952
vn -0.1222 -0.0085 0.9925
vn -0.1368 -0.0048 0.9906
vn -0.1474 0.0025 0.9891
vn -0.1126 0.0093 0.9936
vn -0.2177 -0.0119 0.9759
vn -0.1514 0.0013 0.9885
vn -0.1578 -0.0000 0.9875
vn -0.3240 -0.0000 0.9460
vn -0.3595 0.2888 0.8873
vn 0.7700 -0.0050 -0.6381
vn 0.7937 -0.0000 -0.6083
vn 0.8295 -0.0000 -0.5584
vn 0.7917 0.0042 -0.6109
vn 0.7256 -0.0174 -0.6879
vn 0.7499 -0.0099 -0.6615
vn 0.7724 0.0014 -0.6351
vn 0.7592 -0.0000 -0.6509
vn 0.7484 -0.0000 -0.6632
vn 0.8674 -0.0000 -0.4975
vn 0.8862 -0.0000 -0.4634
vn 0.9982 -0.0000 -0.0605
vn 0.9836 -0.0000 -0.1805
vn 0.9567 -0.0000 -0.2912
vn 0.9317 -0.0000 -0.3632
vn 0.9246 -0.0043 -0.3808
vn 0.9063 0.0041 -0.4226
vn 0.8977 -0.0000 -0.4407
vn 0.8862 -0.0000 -0.4633
vn 0.8862 -0.0000 0.4634
vn 0.9982 -0.0000 0.0605
vn 0.9836 -0.0000 0.1805
vn 0.9567 -0.0000 0.2912
vn 0.9317 -0.0000 0.3632
vn 0.9246 0.0043 0.3808
vn 0.9063 -0.0041 0.4226
vn 0.8977 -0.0000 0.4407
vn 0.8862 -0.0000 0.4633
vn 0.7592 -0.0000 0.6509
vn 0.7484 -0.0000 0.6632
vn 0.7700 -0.0050 0.6381
vn 0.8674 -0.0000 0.4975
vn 0.8295 -0.0000 0.5584
vn 0.7937 -0.0000 0.6083
vn 0.7724 0.0014 0.6351
vn 0.7917 0.0042 0.6109
vn 0.7256 -0.0173 0.6879
vn 0.7499 -0.0099 0.6615
vn -0.7917 -0.0042 -0.6109
vn -0.7254 0.0175 -0.6881
vn -0.7499 0.0099 -0.6615
vn -0.7724 -0.0014 -0.6351
vn -0.7592 -0.0000 -0.6509
vn -0.7483 -0.0000 -0.6633
vn -0.7700 0.0050 -0.6381
vn -0.7937 -0.0000 -0.6083
vn -0.8295 -0.0000 -0.5584
vn -0.8674 -0.0000 -0.4975
vn -0.8862 -0.0000 -0.4634
vn -0.9982 -0.0000 -0.0605
vn -0.9836 -0.0000 -0.1805
vn -0.9567 -0.0000 -0.2912
vn -0.9317 -0.0000 -0.3632
vn -0.9246 0.0043 -0.3808
vn -0.9063 -0.0041 -0.4226
vn -0.8977 -0.0000 -0.4407
vn -0.8862 -0.0000 -0.4633
vn -0.8862 -0.0000 0.4634
vn -0.9982 -0.0000 0.0605
vn -0.9836 -0.0000 0.1805
vn -0.9567 -0.0000 0.2912
vn -0.9317 -0.0000 0.3632
vn -0.9246 -0.0043 0.3808
vn -0.9063 0.0041 0.4226
vn -0.8977 -0.0000 0.4407
vn -0.8862 -0.0000 0.4633
vn -0.7592 -0.0000 0.6509
vn -0.7483 -0.0000 0.6633
vn -0.7700 0.0050 0.6381
vn -0.8674 -0.0000 0.4975
vn -0.8295 -0.0000 0.5584
vn -0.7937 -0.0000 0.6083
vn -0.7724 -0.0014 0.6351
vn -0.7917 -0.0042 0.6109
vn -0.7255 0.0175 0.6881
vn -0.7499 0.0099 0.6615
vn 0.1059 -0.8306 -0.5467
vn 0.2544 -0.4148 -0.8736
vn 0.2723 -0.2008 -0.9410
vn 0.3360 -0.2814 -0.8989
vn 0.3125 -0.2358 -0.9202
vn 0.2788 -0.1539 -0.9479
vn 0.2689 -0.0663 -0.9609
vn 0.2656 -0.0270 -0.9637
vn 0.3189 -0.5697 -0.7574
vn 0.2923 -0.5628 -0.7732
vn 0.2622 -0.4767 -0.8391
vn 0.2638 -0.8453 -0.4646
vn 0.2399 -0.7693 -0.5921
vn 0.3086 -0.5700 -0.7615
vn 0.3679 -0.2007 -0.9079
vn 0.1255 -0.1951 -0.9727
vn 0.0321 -0.9807 -0.1927
vn 0.0531 -0.9807 -0.1880
vn 0.0705 -0.9808 -0.1821
vn 0.0620 -0.9949 -0.0797
vn 0.0243 -0.8966 -0.4422
vn 0.0107 -0.9807 -0.1951
vn 0.0195 -0.7932 -0.6086
vn 0.0306 -0.8311 -0.5553
vn 0.0436 -0.6082 -0.7926
vn 0.0361 -0.5547 -0.8313
vn 0.0493 -0.4417 -0.8958
vn 0.0539 -0.1948 -0.9794
vn 0.0913 -0.8311 -0.5486
vn 0.1366 -0.5550 -0.8206
vn 0.1611 -0.1948 -0.9675
vn 0.1811 -0.1134 -0.9769
vn 0.3007 -0.1951 -0.9335
vn 0.1510 -0.8311 -0.5353
vn 0.2259 -0.5550 -0.8006
vn 0.2688 -0.1410 -0.9528
vn 0.2490 -0.1950 -0.9487
vn 0.0898 -0.9724 -0.2155
vn 0.1978 -0.8456 -0.4959
vn 0.2112 -0.8310 -0.5146
vn 0.3062 -0.5699 -0.7625
vn 0.3136 -0.5550 -0.7705
vn 0.3667 -0.2007 -0.9084
vn 0.3683 -0.1948 -0.9090
vn -0.0000 -0.9808 -0.1951
vn -0.0000 -0.8969 -0.4423
vn -0.0000 -0.7934 -0.6088
vn -0.0000 -0.6088 -0.7934
vn -0.0000 -0.4423 -0.8969
vn -0.0000 -0.1951 -0.9808
vn -0.0539 -0.1948 -0.9794
vn -0.0107 -0.9807 -0.1951
vn -0.0321 -0.9807 -0.1927
vn -0.0531 -0.9807 -0.1880
vn -0.0404 -0.9937 -0.1044
vn -0.0828 -0.9806 -0.1778
vn -0.1062 -0.9603 -0.2580
vn -0.1510 -0.8311 -0.5353
vn -0.2259 -0.5550 -0.8006
vn -0.0913 -0.8311 -0.5486
vn -0.1366 -0.5550 -0.8206
vn -0.0243 -0.8966 -0.4422
vn -0.0212 -0.8308 -0.5562
vn -0.0335 -0.7929 -0.6084
vn -0.0457 -0.5550 -0.8306
vn -0.0292 -0.6085 -0.7930
vn -0.0493 -0.4418 -0.8958
vn -0.1388 -0.9292 -0.3426
vn -0.2089 -0.8311 -0.5154
vn -0.3124 -0.5550 -0.7710
vn -0.3683 -0.1948 -0.9091
vn -0.1255 -0.1951 -0.9727
vn -0.1626 -0.1410 -0.9766
vn -0.1788 -0.1950 -0.9644
vn -0.2663 -0.1948 -0.9440
vn -0.2522 -0.1134 -0.9610
vn -0.3007 -0.1951 -0.9335
vn -0.2715 -0.8308 -0.4858
vn -0.0893 -0.9268 -0.3649
vn -0.3536 -0.5102 -0.7840
vn -0.2949 -0.5703 -0.7667
vn -0.2622 -0.4767 -0.8391
vn -0.2122 -0.0299 -0.9768
vn -0.2515 -0.0687 -0.9654
vn -0.3495 -0.1306 -0.9278
vn -0.2692 -0.1314 -0.9541
vn -0.3125 -0.2358 -0.9202
vn -0.2942 -0.2010 -0.9344
vn -0.2637 -0.3255 -0.9080
vn -0.2544 -0.4148 -0.8736
vn -0.3638 -0.2008 -0.9096
vn -0.3163 -0.5551 -0.7693
vn -0.3003 -0.5702 -0.7646
vn -0.2443 -0.7669 -0.5934
vn -0.1059 -0.8306 -0.5467
vn -0.1059 -0.8306 0.5467
vn -0.3495 -0.1306 0.9278
vn -0.2516 -0.0687 0.9654
vn -0.2122 -0.0299 0.9768
vn -0.5044 -0.1261 0.8542
vn -0.2683 -0.1529 0.9511
vn -0.3360 -0.2814 0.8989
vn -0.2723 -0.2008 0.9410
vn -0.2544 -0.4148 0.8736
vn -0.3189 -0.5697 0.7575
vn -0.2923 -0.5628 0.7732
vn -0.2622 -0.4767 0.8391
vn -0.2638 -0.8453 0.4646
vn -0.2399 -0.7693 0.5921
vn -0.3086 -0.5700 0.7615
vn -0.3679 -0.2007 0.9079
vn -0.1255 -0.1951 0.9727
vn -0.0321 -0.9807 0.1927
vn -0.0531 -0.9807 0.1880
vn -0.0705 -0.9808 0.1821
vn -0.0621 -0.9949 0.0797
vn -0.0243 -0.8966 0.4422
vn -0.0107 -0.9807 0.1951
vn -0.0195 -0.7932 0.6086
vn -0.0306 -0.8311 0.5553
vn -0.0436 -0.6082 0.7926
vn -0.0361 -0.5547 0.8313
vn -0.0493 -0.4418 0.8958
vn -0.0539 -0.1948 0.9794
vn -0.0913 -0.8311 0.5486
vn -0.1366 -0.5550 0.8206
vn -0.1611 -0.1948 0.9675
vn -0.1811 -0.1134 0.9769
vn -0.3007 -0.1951 0.9335
vn -0.1510 -0.8311 0.5353
vn -0.2259 -0.5550 0.8006
vn -0.2688 -0.1410 0.9528
vn -0.2490 -0.1950 0.9487
vn -0.0898 -0.9724 0.2155
vn -0.1978 -0.8456 0.4959
vn -0.2112 -0.8310 0.5146
vn -0.3062 -0.5699 0.7625
vn -0.3136 -0.5550 0.7705
vn -0.3667 -0.2007 0.9084
vn -0.3683 -0.1948 0.9091
vn -0.0000 -0.9808 0.1951
vn -0.0000 -0.8969 0.4423
vn -0.0000 -0.7934 0.6088
vn -0.0000 -0.6088 0.7934
vn -0.0000 -0.4423 0.8969
vn -0.0000 -0.1951 0.9808
vn 0.0539 -0.1948 0.9794
vn 0.0107 -0.9807 0.1951
vn 0.0321 -0.9807 0.1927
vn 0.0531 -0.9807 0.1880
vn 0.0404 -0.9937 0.1044
vn 0.0828 -0.9806 0.1778
vn 0.1062 -0.9603 0.2580
vn 0.1510 -0.8311 0.5353
vn 0.2259 -0.5550 0.8006
vn 0.0913 -0.8311 0.5486
vn 0.1366 -0.5550 0.8206
vn 0.0243 -0.8966 0.4422
vn 0.0212 -0.8308 0.5562
vn 0.0335 -0.7929 0.6084
vn 0.0457 -0.5550 0.8306
vn 0.0292 -0.6085 0.7930
vn 0.0493 -0.4418 0.8958
vn 0.1388 -0.9292 0.3426
vn 0.2089 -0.8311 0.5154
vn 0.3124 -0.5550 0.7710
vn 0.3683 -0.1948 0.9091
vn 0.3683 -0.1948 0.9090
vn 0.1255 -0.1951 0.9727
vn 0.1626 -0.1410 0.9766
vn 0.1788 -0.1950 0.9644
vn 0.2663 -0.1948 0.9440
vn 0.2522 -0.1134 0.9610
vn 0.3007 -0.1951 0.9335
vn 0.2715 -0.8308 0.4858
vn 0.0893 -0.9268 0.3649
vn 0.3536 -0.5103 0.7839
vn 0.2949 -0.5703 0.7667
vn 0.2622 -0.4767 0.8391
vn 0.2122 -0.0299 0.9768
vn 0.2516 -0.0687 0.9654
vn 0.3495 -0.1306 0.9278
vn 0.2692 -0.1314 0.9541
vn 0.3125 -0.2358 0.9202
vn 0.2942 -0.2010 0.9344
vn 0.2637 -0.3255 0.9080
vn 0.2544 -0.4148 0.8736
vn 0.3638 -0.2008 0.9096
vn 0.3163 -0.5551 0.7693
vn 0.3003 -0.5702 0.7646
vn 0.2443 -0.7669 0.5934
vn 0.1059 -0.8306 0.5467
vn 0.1059 0.8306 -0.5467
vn 0.2638 0.8453 -0.4646
vn 0.3536 0.5103 -0.7839
vn 0.2949 0.5703 -0.7667
vn 0.2622 0.4767 -0.8391
vn 0.2122 0.0299 -0.9768
vn 0.2515 0.0687 -0.9654
vn 0.3495 0.1306 -0.9278
vn 0.2692 0.1314 -0.9541
vn 0.3125 0.2358 -0.9202
vn 0.2942 0.2010 -0.9344
vn 0.2637 0.3255 -0.9080
vn 0.2544 0.4148 -0.8736
vn 0.2399 0.7693 -0.5921
vn 0.3086 0.5700 -0.7615
vn 0.3679 0.2007 -0.9079
vn 0.0539 0.1948 -0.9794
vn 0.0107 0.9807 -0.1951
vn 0.0321 0.9807 -0.1927
vn 0.0531 0.9807 -0.1880
vn 0.1510 0.8311 -0.5353
vn 0.2259 0.5550 -0.8006
vn 0.0913 0.8311 -0.5486
vn 0.1366 0.5550 -0.8206
vn 0.0243 0.8966 -0.4422
vn 0.0212 0.8308 -0.5562
vn 0.0335 0.7929 -0.6084
vn 0.0457 0.5550 -0.8306
vn 0.0292 0.6085 -0.7930
vn 0.0493 0.4418 -0.8958
vn 0.0404 0.9937 -0.1044
vn 0.0828 0.9806 -0.1778
vn 0.1062 0.9603 -0.2580
vn 0.2057 0.8312 -0.5166
vn 0.2030 0.8457 -0.4935
vn 0.3098 0.5551 -0.7720
vn 0.3099 0.5701 -0.7609
vn 0.3671 0.1948 -0.9096
vn 0.1255 0.1951 -0.9727
vn 0.1626 0.1410 -0.9766
vn 0.1788 0.1950 -0.9644
vn 0.2663 0.1948 -0.9440
vn 0.2522 0.1134 -0.9610
vn 0.3007 0.1951 -0.9335
vn -0.0000 0.9808 -0.1951
vn -0.0000 0.8969 -0.4423
vn -0.0000 0.7934 -0.6088
vn -0.0000 0.6088 -0.7934
vn -0.0000 0.4423 -0.8969
vn -0.0000 0.1951 -0.9808
vn -0.1255 0.1951 -0.9727
vn -0.0321 0.9807 -0.1927
vn -0.2315 0.9262 -0.2977
vn -0.0531 0.9807 -0.1880
vn -0.0705 0.9808 -0.1821
vn -0.0620 0.9949 -0.0797
vn -0.0243 0.8966 -0.4422
vn -0.0107 0.9807 -0.1951
vn -0.0195 0.7932 -0.6086
vn -0.0306 0.8311 -0.5553
vn -0.0436 0.6082 -0.7926
vn -0.0361 0.5547 -0.8313
vn -0.0493 0.4418 -0.8958
vn -0.0539 0.1948 -0.9794
vn -0.0913 0.8311 -0.5486
vn -0.1366 0.5550 -0.8206
vn -0.1611 0.1948 -0.9675
vn -0.1811 0.1134 -0.9769
vn -0.3007 0.1951 -0.9335
vn -0.1510 0.8311 -0.5353
vn -0.2259 0.5550 -0.8006
vn -0.2688 0.1410 -0.9528
vn -0.2490 0.1950 -0.9487
vn -0.0922 0.9694 -0.2275
vn -0.2089 0.8311 -0.5154
vn -0.3124 0.5550 -0.7710
vn -0.3683 0.1948 -0.9091
vn -0.1059 0.8306 -0.5467
vn -0.3495 0.1306 -0.9278
vn -0.2515 0.0687 -0.9654
vn -0.2122 0.0299 -0.9768
vn -0.5043 0.1261 -0.8542
vn -0.2683 0.1529 -0.9511
vn -0.3360 0.2814 -0.8989
vn -0.2723 0.2008 -0.9410
vn -0.2544 0.4148 -0.8736
vn -0.3189 0.5697 -0.7575
vn -0.2923 0.5628 -0.7732
vn -0.2622 0.4767 -0.8391
vn -0.3679 0.2007 -0.9079
vn -0.3642 0.1948 -0.9107
vn -0.3129 0.5699 -0.7598
vn -0.3034 0.5547 -0.7747
vn -0.2443 0.7669 -0.5934
vn -0.2715 0.8308 -0.4858
vn -0.0893 0.9268 -0.3649
vn -0.1059 0.8306 0.5467
vn -0.2638 0.8453 0.4646
vn -0.3536 0.5102 0.7840
vn -0.2949 0.5703 0.7667
vn -0.2622 0.4767 0.8391
vn -0.2122 0.0299 0.9768
vn -0.2516 0.0687 0.9654
vn -0.3495 0.1306 0.9278
vn -0.2692 0.1314 0.9541
vn -0.3125 0.2358 0.9202
vn -0.2942 0.2010 0.9344
vn -0.2637 0.3255 0.9080
vn -0.2544 0.4148 0.8736
vn -0.2399 0.7693 0.5921
vn -0.3086 0.5700 0.7615
vn -0.3679 0.2007 0.9079
vn -0.0539 0.1948 0.9794
vn -0.0107 0.9807 0.1951
vn -0.0321 0.9807 0.1927
vn -0.0531 0.9807 0.1880
vn -0.1510 0.8311 0.5353
vn -0.2259 0.5550 0.8006
vn -0.0913 0.8311 0.5486
vn -0.1366 0.5550 0.8206
vn -0.0243 0.8966 0.4422
vn -0.0212 0.8308 0.5562
vn -0.0335 0.7929 0.6084
vn -0.0457 0.5550 0.8306
vn -0.0292 0.6085 0.7930
vn -0.0493 0.4418 0.8958
vn -0.0404 0.9937 0.1044
vn -0.0828 0.9806 0.1778
vn -0.1062 0.9603 0.2580
vn -0.2057 0.8312 0.5166
vn -0.2030 0.8457 0.4935
vn -0.3098 0.5551 0.7720
vn -0.3099 0.5701 0.7609
vn -0.3671 0.1948 0.9096
vn -0.1255 0.1951 0.9727
vn -0.1626 0.1410 0.9766
vn -0.1788 0.1950 0.9644
vn -0.2663 0.1948 0.9440
vn -0.2522 0.1134 0.9610
vn -0.3007 0.1951 0.9335
vn -0.0000 0.1951 0.9808
vn -0.0000 0.4423 0.8969
vn -0.0000 0.6088 0.7934
vn -0.0000 0.7934 0.6088
vn -0.0000 0.8969 0.4423
vn -0.0000 0.9808 0.1951
vn 0.1255 0.1951 0.9727
vn 0.0321 0.9807 0.1927
vn 0.2314 0.9262 0.2976
vn 0.0531 0.9807 0.1880
vn 0.0705 0.9808 0.1821
vn 0.0620 0.9949 0.0797
vn 0.0243 0.8966 0.4422
vn 0.0107 0.9807 0.1951
vn 0.0195 0.7932 0.6086
vn 0.0306 0.8311 0.5553
vn 0.0436 0.6082 0.7926
vn 0.0361 0.5547 0.8313
vn 0.0493 0.4418 0.8958
vn 0.0539 0.1948 0.9794
vn 0.0913 0.8311 0.5486
vn 0.1366 0.5550 0.8206
vn 0.1611 0.1948 0.9675
vn 0.1811 0.1134 0.9769
vn 0.3007 0.1951 0.9335
vn 0.1510 0.8311 0.5353
vn 0.2259 0.5550 0.8006
vn 0.2688 0.1410 0.9528
vn 0.2490 0.1950 0.9487
vn 0.0922 0.9694 0.2275
vn 0.2089 0.8311 0.5154
vn 0.3124 0.5550 0.7710
vn 0.3683 0.1948 0.9091
vn 0.3683 0.1948 0.9090
vn 0.1059 0.8306 0.5467
vn 0.2544 0.4148 0.8736
vn 0.2723 0.2008 0.9410
vn 0.3360 0.2814 0.8989
vn 0.3125 0.2358 0.9202
vn 0.2788 0.1539 0.9479
vn 0.2689 0.0663 0.9609
vn 0.2656 0.0270 0.9637
vn 0.3189 0.5697 0.7574
vn 0.2923 0.5628 0.7732
vn 0.2622 0.4767 0.8391
vn 0.3679 0.2007 0.9079
vn 0.3642 0.1948 0.9107
vn 0.3129 0.5699 0.7598
vn 0.3034 0.5547 0.7747
vn 0.2443 0.7669 0.5934
vn 0.2715 0.8308 0.4858
vn 0.0893 0.9268 0.3649
vn 0.2828 -0.0310 -0.9587
vn 0.2938 -0.0628 -0.9538
vn 0.2615 -0.0272 -0.9648
vn 0.2568 -0.0274 -0.9661
vn 0.5567 -0.0992 -0.8247
vn 0.3167 -0.2337 -0.9193
vn 0.1555 -0.3852 -0.9096
vn 0.3415 -0.3355 -0.8780
vn 0.3105 -0.2501 -0.9171
vn 0.3072 -0.3781 -0.8733
vn 0.3334 -0.4217 -0.8432
vn 0.3258 -0.4494 -0.8318
vn 0.3618 -0.5028 -0.7851
vn 0.3104 -0.5700 -0.7607
vn 0.3778 -0.6406 -0.6686
vn 0.3143 -0.7185 -0.6204
vn 0.3305 -0.1370 -0.9338
vn 0.2949 -0.1651 -0.9411
vn 0.4926 -0.0976 -0.8648
vn 0.5082 -0.1466 -0.8487
vn 0.5060 -0.1531 -0.8488
vn 0.5246 -0.2044 -0.8264
vn 0.5104 -0.2225 -0.8306
vn 0.5379 -0.2676 -0.7994
vn 0.5353 -0.2799 -0.7969
vn 0.5658 -0.3257 -0.7575
vn 0.5466 -0.3594 -0.7563
vn 0.6056 -0.4211 -0.6752
vn 0.5819 -0.4675 -0.6654
vn 0.8191 -0.1884 -0.5418
vn 0.7720 -0.1536 -0.6167
vn 0.7711 -0.1572 -0.6170
vn 0.7299 -0.1140 -0.6740
vn 0.7269 -0.1221 -0.6758
vn 0.7059 -0.0905 -0.7025
vn 0.7055 -0.0945 -0.7024
vn 0.6899 -0.0686 -0.7207
vn 0.6853 -0.0759 -0.7243
vn 0.6766 -0.0522 -0.7345
vn 0.6763 -0.0501 -0.7349
vn 0.6251 -0.0166 -0.7803
vn 0.6389 -0.0585 -0.7670
vn 0.8423 -0.2057 -0.4982
vn 0.8210 -0.1851 -0.5401
vn 0.6166 -0.5670 -0.5461
vn 0.6434 -0.5133 -0.5679
vn 0.3056 -0.8387 -0.4507
vn 0.3772 -0.7658 -0.5209
vn 0.2807 -0.9393 -0.1971
vn 0.2343 -0.9656 -0.1128
vn 0.6683 -0.6716 -0.3200
vn 0.6510 -0.7066 -0.2772
vn 0.8952 -0.2443 -0.3727
vn 0.8953 -0.2587 -0.3628
vn 0.3517 -0.8627 -0.3635
vn 0.2541 -0.9317 -0.2597
vn 0.6699 -0.5939 -0.4456
vn 0.6315 -0.6617 -0.4041
vn 0.8647 -0.2171 -0.4529
vn 0.8622 -0.2364 -0.4481
vn 0.2479 -0.9658 -0.0755
vn 0.6769 -0.7066 -0.2060
vn 0.6770 -0.7066 -0.2060
vn 0.9242 -0.2584 -0.2813
vn 0.9242 -0.2585 -0.2813
vn 0.2550 -0.9658 -0.0468
vn 0.6961 -0.7065 -0.1277
vn 0.9502 -0.2584 -0.1744
vn 0.2588 -0.9658 -0.0157
vn 0.7064 -0.7065 -0.0428
vn 0.7065 -0.7064 -0.0428
vn 0.9643 -0.2584 -0.0584
vn 0.2588 -0.9658 0.0157
vn 0.7065 -0.7064 0.0428
vn 0.7065 -0.7065 0.0428
vn 0.9643 -0.2584 0.0584
vn 0.2550 -0.9658 0.0468
vn 0.6961 -0.7065 0.1277
vn 0.6961 -0.7064 0.1277
vn 0.9502 -0.2584 0.1744
vn 0.2479 -0.9658 0.0755
vn 0.6769 -0.7066 0.2060
vn 0.9242 -0.2585 0.2813
vn 0.2758 -0.8927 0.3564
vn 0.3593 -0.8659 0.3480
vn 0.6304 -0.6226 0.4637
vn 0.6681 -0.5931 0.4493
vn 0.8520 -0.2207 0.4748
vn 0.8567 -0.2130 0.4697
vn 0.2028 -0.9597 0.1947
vn 0.3432 -0.9160 0.2078
vn 0.6246 -0.7031 0.3399
vn 0.6888 -0.6439 0.3332
vn 0.8810 -0.2582 0.3965
vn 0.8905 -0.2353 0.3895
vn 0.3063 -0.2390 0.9214
vn 0.6389 -0.0584 0.7670
vn 0.6252 -0.0166 0.7803
vn 0.6763 -0.0501 0.7349
vn 0.5176 -0.0880 0.8511
vn 0.2567 -0.0275 0.9661
vn 0.2616 -0.0272 0.9648
vn 0.2946 -0.0627 0.9536
vn 0.2828 -0.0312 0.9587
vn 0.3305 -0.1370 0.9338
vn 0.2949 -0.1651 0.9411
vn 0.3203 -0.2455 0.9150
vn 0.8423 -0.2057 0.4982
vn 0.8210 -0.1851 0.5401
vn 0.8191 -0.1884 0.5418
vn 0.7725 -0.1539 0.6161
vn 0.7706 -0.1566 0.6177
vn 0.7310 -0.1151 0.6726
vn 0.7258 -0.1204 0.6773
vn 0.7071 -0.0923 0.7011
vn 0.7044 -0.0925 0.7038
vn 0.6909 -0.0703 0.7195
vn 0.6844 -0.0736 0.7254
vn 0.6766 -0.0523 0.7345
vn 0.5013 -0.1244 0.8563
vn 0.5096 -0.1511 0.8470
vn 0.5044 -0.1489 0.8506
vn 0.5267 -0.2105 0.8236
vn 0.5076 -0.2180 0.8336
vn 0.5417 -0.2740 0.7947
vn 0.5314 -0.2741 0.8015
vn 0.5707 -0.3331 0.7506
vn 0.5415 -0.3542 0.7624
vn 0.6126 -0.4286 0.6641
vn 0.5750 -0.4624 0.6749
vn 0.6523 -0.5199 0.5515
vn 0.6081 -0.5624 0.5602
vn 0.3247 -0.2886 0.9007
vn 0.2667 -0.3809 0.8853
vn 0.3072 -0.3781 0.8733
vn 0.3425 -0.4370 0.8317
vn 0.3163 -0.4354 0.8428
vn 0.3732 -0.5197 0.7685
vn 0.2988 -0.5574 0.7746
vn 0.3929 -0.6558 0.6447
vn 0.3002 -0.7069 0.6405
vn 0.3949 -0.7776 0.4893
vn 0.2899 -0.8290 0.4782
vn 0.3063 0.2390 -0.9214
vn 0.6389 0.0584 -0.7670
vn 0.6252 0.0166 -0.7803
vn 0.6763 0.0501 -0.7349
vn 0.5176 0.0880 -0.8511
vn 0.2567 0.0275 -0.9661
vn 0.2616 0.0272 -0.9648
vn 0.2946 0.0627 -0.9536
vn 0.2828 0.0312 -0.9587
vn 0.3305 0.1370 -0.9338
vn 0.2950 0.1651 -0.9411
vn 0.3203 0.2455 -0.9150
vn 0.8423 0.2057 -0.4982
vn 0.8210 0.1851 -0.5401
vn 0.8191 0.1884 -0.5418
vn 0.7725 0.1539 -0.6161
vn 0.7706 0.1566 -0.6177
vn 0.7310 0.1151 -0.6726
vn 0.7258 0.1204 -0.6773
vn 0.7071 0.0923 -0.7011
vn 0.7044 0.0925 -0.7038
vn 0.6909 0.0703 -0.7195
vn 0.6844 0.0736 -0.7254
vn 0.6766 0.0523 -0.7345
vn 0.5013 0.1244 -0.8563
vn 0.5096 0.1511 -0.8470
vn 0.5044 0.1489 -0.8506
vn 0.5267 0.2105 -0.8236
vn 0.5076 0.2180 -0.8336
vn 0.5417 0.2740 -0.7947
vn 0.5314 0.2741 -0.8015
vn 0.5706 0.3331 -0.7506
vn 0.5415 0.3542 -0.7624
vn 0.6126 0.4286 -0.6641
vn 0.5750 0.4624 -0.6749
vn 0.6523 0.5199 -0.5515
vn 0.6081 0.5624 -0.5602
vn 0.3247 0.2886 -0.9007
vn 0.2667 0.3809 -0.8853
vn 0.3072 0.3781 -0.8733
vn 0.3425 0.4370 -0.8317
vn 0.3163 0.4354 -0.8428
vn 0.3732 0.5197 -0.7685
vn 0.2988 0.5574 -0.7746
vn 0.3929 0.6558 -0.6447
vn 0.3002 0.7069 -0.6405
vn 0.3949 0.7776 -0.4893
vn 0.2899 0.8290 -0.4782
vn 0.2758 0.8927 -0.3564
vn 0.3593 0.8659 -0.3480
vn 0.6304 0.6226 -0.4637
vn 0.6681 0.5931 -0.4493
vn 0.8520 0.2207 -0.4748
vn 0.8568 0.2130 -0.4697
vn 0.2028 0.9597 -0.1947
vn 0.3432 0.9160 -0.2078
vn 0.6246 0.7031 -0.3399
vn 0.6888 0.6439 -0.3332
vn 0.8810 0.2582 -0.3965
vn 0.8905 0.2353 -0.3895
vn 0.1951 0.9807 -0.0118
vn 0.2602 0.9655 -0.0035
vn 0.4421 0.8966 -0.0268
vn 0.9643 0.2583 -0.0584
vn 0.9799 0.1950 -0.0427
vn 0.8955 0.4417 -0.0542
vn 0.7065 0.7064 -0.0428
vn 0.7932 0.6087 -0.0154
vn 0.6084 0.7928 -0.0368
vn 0.2550 0.9658 -0.0468
vn 0.6961 0.7065 -0.1277
vn 0.6961 0.7064 -0.1277
vn 0.9502 0.2584 -0.1744
vn 0.2479 0.9658 -0.0755
vn 0.6769 0.7066 -0.2060
vn 0.9242 0.2585 -0.2813
vn 0.1951 0.9808 -0.0000
vn 0.4423 0.8969 -0.0000
vn 0.6088 0.7934 -0.0000
vn 0.7934 0.6087 -0.0000
vn 0.7933 0.6088 -0.0000
vn 0.8969 0.4423 -0.0000
vn 0.8968 0.4424 -0.0000
vn 0.9808 0.1950 -0.0000
vn 0.9808 0.1951 -0.0000
vn 0.9242 0.2584 0.2813
vn 0.6769 0.7066 0.2060
vn 0.2479 0.9658 0.0755
vn 0.6770 0.7066 0.2060
vn 0.6961 0.7065 0.1277
vn 0.2550 0.9658 0.0468
vn 0.2588 0.9658 0.0157
vn 0.1951 0.9808 -0.0045
vn 0.4420 0.8966 0.0268
vn 0.6083 0.7928 0.0368
vn 0.7079 0.7059 0.0263
vn 0.7925 0.6080 0.0480
vn 0.8955 0.4417 0.0542
vn 0.9242 0.2585 0.2813
vn 0.9502 0.2584 0.1744
vn 0.9650 0.2582 0.0459
vn 0.9791 0.1948 0.0593
vn 0.2807 0.9393 0.1971
vn 0.2343 0.9656 0.1128
vn 0.6683 0.6716 0.3200
vn 0.6510 0.7066 0.2772
vn 0.8952 0.2443 0.3727
vn 0.8953 0.2587 0.3628
vn 0.3517 0.8627 0.3635
vn 0.2541 0.9317 0.2597
vn 0.6699 0.5939 0.4456
vn 0.6315 0.6617 0.4041
vn 0.8647 0.2171 0.4529
vn 0.8622 0.2364 0.4481
vn 0.2828 0.0310 0.9587
vn 0.2938 0.0628 0.9538
vn 0.2615 0.0272 0.9648
vn 0.2568 0.0274 0.9661
vn 0.5567 0.0992 0.8248
vn 0.3167 0.2337 0.9193
vn 0.1555 0.3852 0.9096
vn 0.3415 0.3355 0.8780
vn 0.3105 0.2501 0.9171
vn 0.3072 0.3781 0.8733
vn 0.3334 0.4217 0.8432
vn 0.3258 0.4494 0.8318
vn 0.3618 0.5028 0.7851
vn 0.3104 0.5700 0.7607
vn 0.3778 0.6406 0.6685
vn 0.3143 0.7185 0.6204
vn 0.3305 0.1370 0.9338
vn 0.2949 0.1651 0.9411
vn 0.4926 0.0976 0.8648
vn 0.5082 0.1466 0.8487
vn 0.5060 0.1531 0.8489
vn 0.5246 0.2044 0.8264
vn 0.5104 0.2225 0.8306
vn 0.5379 0.2676 0.7994
vn 0.5353 0.2799 0.7969
vn 0.5658 0.3257 0.7575
vn 0.5466 0.3594 0.7563
vn 0.6056 0.4211 0.6752
vn 0.5819 0.4675 0.6654
vn 0.8191 0.1884 0.5418
vn 0.7720 0.1536 0.6167
vn 0.7711 0.1572 0.6170
vn 0.7299 0.1140 0.6740
vn 0.7269 0.1221 0.6758
vn 0.7059 0.0905 0.7025
vn 0.7055 0.0945 0.7024
vn 0.6899 0.0686 0.7207
vn 0.6853 0.0759 0.7243
vn 0.6766 0.0522 0.7345
vn 0.6763 0.0501 0.7349
vn 0.6252 0.0166 0.7803
vn 0.6389 0.0585 0.7670
vn 0.8423 0.2057 0.4982
vn 0.8210 0.1851 0.5401
vn 0.6166 0.5670 0.5461
vn 0.6434 0.5133 0.5679
vn 0.3056 0.8387 0.4507
vn 0.3772 0.7658 0.5209
vn -0.2828 0.0312 -0.9587
vn -0.2938 0.0628 -0.9538
vn -0.2615 0.0272 -0.9648
vn -0.2564 0.0275 -0.9662
vn -0.5568 0.0992 -0.8247
vn -0.3167 0.2337 -0.9193
vn -0.1555 0.3852 -0.9096
vn -0.3415 0.3355 -0.8780
vn -0.3105 0.2502 -0.9171
vn -0.3072 0.3781 -0.8733
vn -0.3334 0.4217 -0.8432
vn -0.3258 0.4494 -0.8318
vn -0.3618 0.5028 -0.7850
vn -0.3104 0.5700 -0.7608
vn -0.3778 0.6406 -0.6685
vn -0.3143 0.7185 -0.6204
vn -0.3305 0.1370 -0.9338
vn -0.2949 0.1651 -0.9411
vn -0.4926 0.0976 -0.8648
vn -0.5082 0.1466 -0.8487
vn -0.5060 0.1531 -0.8489
vn -0.5246 0.2044 -0.8264
vn -0.5104 0.2225 -0.8306
vn -0.5379 0.2677 -0.7994
vn -0.5353 0.2799 -0.7969
vn -0.5658 0.3257 -0.7575
vn -0.5466 0.3594 -0.7563
vn -0.6056 0.4211 -0.6752
vn -0.5819 0.4675 -0.6654
vn -0.8191 0.1885 -0.5418
vn -0.7720 0.1536 -0.6167
vn -0.7711 0.1572 -0.6170
vn -0.7299 0.1140 -0.6740
vn -0.7269 0.1221 -0.6758
vn -0.7059 0.0906 -0.7025
vn -0.7055 0.0944 -0.7024
vn -0.6899 0.0687 -0.7207
vn -0.6853 0.0759 -0.7243
vn -0.6766 0.0522 -0.7345
vn -0.6763 0.0501 -0.7349
vn -0.6252 0.0166 -0.7803
vn -0.6390 0.0585 -0.7670
vn -0.8423 0.2056 -0.4982
vn -0.8210 0.1851 -0.5402
vn -0.6166 0.5670 -0.5461
vn -0.6434 0.5133 -0.5679
vn -0.3056 0.8387 -0.4507
vn -0.3772 0.7658 -0.5209
vn -0.2807 0.9393 -0.1971
vn -0.2343 0.9656 -0.1128
vn -0.6683 0.6716 -0.3200
vn -0.6511 0.7066 -0.2772
vn -0.8952 0.2443 -0.3727
vn -0.8953 0.2587 -0.3628
vn -0.3517 0.8627 -0.3635
vn -0.2541 0.9317 -0.2597
vn -0.6699 0.5939 -0.4456
vn -0.6315 0.6617 -0.4041
vn -0.8647 0.2171 -0.4529
vn -0.8622 0.2365 -0.4481
vn -0.2479 0.9658 -0.0755
vn -0.6770 0.7066 -0.2060
vn -0.9242 0.2585 -0.2813
vn -0.2550 0.9658 -0.0468
vn -0.6961 0.7065 -0.1277
vn -0.9502 0.2584 -0.1744
vn -0.2588 0.9658 -0.0157
vn -0.7065 0.7065 -0.0428
vn -0.9643 0.2584 -0.0584
vn -0.2588 0.9658 0.0157
vn -0.7065 0.7065 0.0428
vn -0.9643 0.2584 0.0584
vn -0.2550 0.9658 0.0468
vn -0.6961 0.7065 0.1277
vn -0.9502 0.2584 0.1744
vn -0.2479 0.9658 0.0755
vn -0.6770 0.7066 0.2060
vn -0.9242 0.2585 0.2813
vn -0.2758 0.8927 0.3564
vn -0.3593 0.8659 0.3480
vn -0.6304 0.6226 0.4637
vn -0.6681 0.5931 0.4493
vn -0.8520 0.2207 0.4748
vn -0.8568 0.2129 0.4697
vn -0.2028 0.9597 0.1947
vn -0.3432 0.9160 0.2078
vn -0.6246 0.7031 0.3399
vn -0.6888 0.6438 0.3332
vn -0.8810 0.2582 0.3965
vn -0.8905 0.2353 0.3895
vn -0.3063 0.2390 0.9214
vn -0.6389 0.0585 0.7670
vn -0.6252 0.0166 0.7803
vn -0.6763 0.0501 0.7349
vn -0.5176 0.0880 0.8511
vn -0.2564 0.0275 0.9662
vn -0.2616 0.0272 0.9648
vn -0.2946 0.0627 0.9536
vn -0.2828 0.0310 0.9587
vn -0.3305 0.1370 0.9338
vn -0.2950 0.1651 0.9411
vn -0.3203 0.2455 0.9149
vn -0.8423 0.2056 0.4982
vn -0.8210 0.1851 0.5402
vn -0.8191 0.1885 0.5418
vn -0.7725 0.1539 0.6161
vn -0.7706 0.1566 0.6177
vn -0.7310 0.1151 0.6726
vn -0.7258 0.1204 0.6773
vn -0.7071 0.0923 0.7011
vn -0.7044 0.0925 0.7038
vn -0.6909 0.0704 0.7195
vn -0.6844 0.0736 0.7253
vn -0.6766 0.0522 0.7345
vn -0.5013 0.1244 0.8563
vn -0.5096 0.1511 0.8470
vn -0.5044 0.1488 0.8506
vn -0.5267 0.2105 0.8236
vn -0.5076 0.2180 0.8336
vn -0.5417 0.2740 0.7947
vn -0.5314 0.2742 0.8015
vn -0.5706 0.3332 0.7506
vn -0.5415 0.3542 0.7624
vn -0.6126 0.4286 0.6641
vn -0.5750 0.4624 0.6749
vn -0.6523 0.5199 0.5515
vn -0.6082 0.5624 0.5602
vn -0.3247 0.2885 0.9007
vn -0.2667 0.3809 0.8853
vn -0.3072 0.3781 0.8733
vn -0.3425 0.4370 0.8317
vn -0.3163 0.4354 0.8429
vn -0.3732 0.5197 0.7685
vn -0.2988 0.5574 0.7746
vn -0.3929 0.6558 0.6447
vn -0.3002 0.7069 0.6405
vn -0.3949 0.7776 0.4892
vn -0.2899 0.8290 0.4782
vn -0.2829 -0.0312 0.9587
vn -0.2938 -0.0628 0.9538
vn -0.2615 -0.0272 0.9648
vn -0.2565 -0.0275 0.9662
vn -0.5568 -0.0992 0.8247
vn -0.3167 -0.2337 0.9193
vn -0.1555 -0.3852 0.9096
vn -0.3415 -0.3355 0.8780
vn -0.3105 -0.2502 0.9171
vn -0.3072 -0.3781 0.8733
vn -0.3334 -0.4217 0.8432
vn -0.3258 -0.4494 0.8318
vn -0.3618 -0.5028 0.7850
vn -0.3104 -0.5700 0.7608
vn -0.3778 -0.6406 0.6685
vn -0.3143 -0.7185 0.6204
vn -0.3305 -0.1370 0.9338
vn -0.2949 -0.1651 0.9411
vn -0.4926 -0.0976 0.8648
vn -0.5082 -0.1466 0.8487
vn -0.5060 -0.1531 0.8489
vn -0.5246 -0.2044 0.8264
vn -0.5104 -0.2225 0.8306
vn -0.5379 -0.2677 0.7994
vn -0.5353 -0.2799 0.7969
vn -0.5658 -0.3257 0.7575
vn -0.5466 -0.3594 0.7563
vn -0.6056 -0.4211 0.6752
vn -0.5819 -0.4675 0.6654
vn -0.8191 -0.1885 0.5418
vn -0.7720 -0.1536 0.6167
vn -0.7711 -0.1572 0.6170
vn -0.7299 -0.1140 0.6740
vn -0.7269 -0.1221 0.6758
vn -0.7059 -0.0906 0.7025
vn -0.7055 -0.0944 0.7024
vn -0.6899 -0.0687 0.7207
vn -0.6853 -0.0759 0.7243
vn -0.6766 -0.0522 0.7345
vn -0.6763 -0.0501 0.7349
vn -0.6252 -0.0166 0.7803
vn -0.6390 -0.0585 0.7670
vn -0.8423 -0.2056 0.4982
vn -0.8210 -0.1851 0.5402
vn -0.6166 -0.5670 0.5461
vn -0.6434 -0.5133 0.5679
vn -0.3056 -0.8387 0.4507
vn -0.3772 -0.7658 0.5209
vn -0.2807 -0.9393 0.1971
vn -0.2343 -0.9656 0.1128
vn -0.6683 -0.6716 0.3200
vn -0.6511 -0.7066 0.2772
vn -0.8952 -0.2443 0.3727
vn -0.8953 -0.2587 0.3628
vn -0.3517 -0.8627 0.3635
vn -0.2541 -0.9317 0.2597
vn -0.6699 -0.5939 0.4456
vn -0.6315 -0.6617 0.4041
vn -0.8647 -0.2171 0.4529
vn -0.8622 -0.2365 0.4481
vn -0.2479 -0.9658 0.0755
vn -0.6770 -0.7066 0.2060
vn -0.9242 -0.2585 0.2813
vn -0.2550 -0.9658 0.0468
vn -0.6961 -0.7065 0.1277
vn -0.9502 -0.2584 0.1744
vn -0.2588 -0.9658 0.0157
vn -0.7065 -0.7065 0.0428
vn -0.9643 -0.2584 0.0584
vn -0.2588 -0.9658 -0.0157
vn -0.7065 -0.7065 -0.0428
vn -0.9643 -0.2584 -0.0584
vn -0.2550 -0.9658 -0.0468
vn -0.6961 -0.7065 -0.1277
vn -0.9502 -0.2584 -0.1744
vn -0.2479 -0.9658 -0.0755
vn -0.6770 -0.7066 -0.2060
vn -0.9242 -0.2585 -0.2813
vn -0.2758 -0.8927 -0.3564
vn -0.3593 -0.8659 -0.3480
vn -0.6304 -0.6226 -0.4637
vn -0.6681 -0.5931 -0.4493
vn -0.8520 -0.2207 -0.4748
vn -0.8568 -0.2129 -0.4697
vn -0.2028 -0.9597 -0.1947
vn -0.3432 -0.9160 -0.2078
vn -0.6246 -0.7031 -0.3399
vn -0.6888 -0.6438 -0.3332
vn -0.8810 -0.2582 -0.3965
vn -0.8905 -0.2353 -0.3895
vn -0.3063 -0.2390 -0.9214
vn -0.6390 -0.0585 -0.7670
vn -0.6252 -0.0166 -0.7803
vn -0.6763 -0.0501 -0.7349
vn -0.5176 -0.0880 -0.8511
vn -0.2564 -0.0275 -0.9662
vn -0.2616 -0.0272 -0.9648
vn -0.2946 -0.0627 -0.9536
vn -0.2828 -0.0310 -0.9587
vn -0.3305 -0.1370 -0.9338
vn -0.2950 -0.1651 -0.9411
vn -0.3203 -0.2455 -0.9149
vn -0.8423 -0.2056 -0.4982
vn -0.8210 -0.1851 -0.5402
vn -0.8191 -0.1885 -0.5418
vn -0.7725 -0.1539 -0.6161
vn -0.7706 -0.1566 -0.6177
vn -0.7310 -0.1151 -0.6726
vn -0.7258 -0.1204 -0.6773
vn -0.7071 -0.0923 -0.7011
vn -0.7044 -0.0925 -0.7038
vn -0.6909 -0.0704 -0.7195
vn -0.6844 -0.0736 -0.7253
vn -0.6766 -0.0522 -0.7345
vn -0.5013 -0.1244 -0.8563
vn -0.5096 -0.1511 -0.8470
vn -0.5044 -0.1488 -0.8506
vn -0.5267 -0.2105 -0.8236
vn -0.5076 -0.2180 -0.8336
vn -0.5417 -0.2740 -0.7947
vn -0.5314 -0.2742 -0.8015
vn -0.5706 -0.3332 -0.7506
vn -0.5415 -0.3542 -0.7624
vn -0.6126 -0.4286 -0.6641
vn -0.5750 -0.4624 -0.6749
vn -0.6523 -0.5199 -0.5515
vn -0.6082 -0.5624 -0.5602
vn -0.3247 -0.2885 -0.9007
vn -0.2667 -0.3809 -0.8853
vn -0.3072 -0.3781 -0.8733
vn -0.3425 -0.4370 -0.8317
vn -0.3163 -0.4354 -0.8429
vn -0.3732 -0.5197 -0.7685
vn -0.2988 -0.5574 -0.7746
vn -0.3929 -0.6558 -0.6447
vn -0.3002 -0.7069 -0.6405
vn -0.3949 -0.7776 -0.4892
vn -0.2899 -0.8290 -0.4782
vn -0.6466 -0.7628 -0.0000
vn -0.2660 -0.9640 -0.0000
vn 0.1638 -0.9865 -0.0000
vn 0.5633 -0.8262 -0.0000
vn 0.8584 -0.5129 -0.0000
vn 0.9181 -0.3136 0.2426
vn 0.9775 -0.2078 -0.0358
vn 0.9074 -0.4204 -0.0000
vn 0.7067 -0.6757 0.2097
vn 0.7981 -0.5983 -0.0714
vn 0.6466 -0.7628 -0.0000
vn 0.3596 -0.9163 0.1760
vn 0.4712 -0.8756 -0.1067
vn 0.2660 -0.9640 -0.0000
vn -0.0592 -0.9881 0.1416
vn 0.0592 -0.9881 -0.1416
vn -0.1638 -0.9865 -0.0000
vn -0.4712 -0.8756 0.1067
vn -0.3596 -0.9163 -0.1760
vn -0.5633 -0.8262 -0.0000
vn -0.7981 -0.5983 0.0714
vn -0.7067 -0.6757 -0.2097
vn -0.8584 -0.5129 -0.0000
vn -0.9181 -0.3136 -0.2426
vn -0.9775 -0.2078 0.0358
vn -0.9074 -0.4204 -0.0000
vn 0.9945 -0.1045 -0.0000
vn 0.9945 0.1045 -0.0000
vn 0.9715 0.2065 0.1167
vn 0.9462 0.3232 -0.0168
vn 0.9074 0.4204 -0.0000
vn 0.8584 0.5129 -0.0000
vn 0.7961 0.5968 0.1002
vn 0.7224 0.6907 -0.0336
vn 0.6466 0.7628 -0.0000
vn 0.5633 0.8262 -0.0000
vn 0.4722 0.8775 0.0837
vn 0.3649 0.9297 -0.0503
vn 0.2660 0.9640 -0.0000
vn 0.1638 0.9865 -0.0000
vn 0.0597 0.9960 0.0670
vn -0.0597 0.9960 -0.0670
vn -0.1638 0.9865 -0.0000
vn -0.2660 0.9640 -0.0000
vn -0.3649 0.9297 0.0503
vn -0.4722 0.8775 -0.0837
vn -0.5633 0.8262 -0.0000
vn -0.6466 0.7628 -0.0000
vn -0.7224 0.6907 0.0336
vn -0.7961 0.5968 -0.1002
vn -0.8584 0.5129 -0.0000
vn -0.9074 0.4204 -0.0000
vn -0.9462 0.3232 0.0168
vn -0.9715 0.2065 -0.1167
vn -0.9945 0.1045 -0.0000
vn -0.9945 -0.1045 -0.0000
vn 0.8933 -0.4494 -0.0000
vn 0.9705 -0.2392 0.0292
vn 0.7710 -0.6369 -0.0000
vn 0.7474 -0.6622 0.0539
vn 0.5961 -0.8029 -0.0000
vn 0.4025 -0.9154 -0.0000
vn 0.3536 -0.9324 0.0740
vn 0.1718 -0.9851 -0.0000
vn -0.0518 -0.9987 -0.0000
vn -0.1201 -0.9887 0.0897
vn -0.2893 -0.9573 -0.0000
vn -0.4950 -0.8689 -0.0000
vn -0.5652 -0.8188 0.1008
vn -0.6886 -0.7252 -0.0000
vn -0.8327 -0.5538 -0.0000
vn -0.8803 -0.4620 0.1075
vn -0.9410 -0.3384 -0.0000
vn -0.9940 -0.0000 0.1098
vn -0.8855 0.4647 -0.0000
vn -0.8183 0.5442 0.1848
vn -0.9410 0.3384 -0.0000
vn -0.1201 0.9887 0.0897
vn -0.2893 0.9573 -0.0000
vn -0.5681 0.8230 -0.0000
vn -0.4890 0.8584 0.1549
vn -0.6886 0.7252 -0.0000
vn 0.3536 0.9324 0.0740
vn 0.1718 0.9851 -0.0000
vn -0.0518 0.9987 -0.0000
vn 0.7474 0.6622 0.0539
vn 0.5961 0.8029 -0.0000
vn 0.4025 0.9154 -0.0000
vn 0.9705 0.2392 0.0292
vn 0.8933 0.4494 -0.0000
vn 0.7710 0.6369 -0.0000
vn 0.9659 -0.2589 -0.0000
vn 0.7072 -0.7071 -0.0000
vn 0.9659 0.2589 -0.0000
vn -0.9775 -0.2107 -0.0000
vn -0.8039 -0.5947 -0.0000
vn -0.4876 -0.8731 -0.0000
vn -0.0846 -0.9964 -0.0000
vn -0.0846 0.9964 -0.0000
vn -0.4876 0.8731 -0.0000
vn -0.8039 0.5947 -0.0000
vn -0.9775 0.2107 -0.0000
vn -0.1447 0.9895 -0.0000
vn -0.4219 0.9066 -0.0000
vn -0.4219 -0.9066 -0.0000
vn -0.1447 -0.9895 -0.0000
vn 0.1711 -0.9853 -0.0000
vn 0.4932 -0.8699 -0.0000
vn 0.4932 0.8699 -0.0000
vn 0.1711 0.9853 -0.0000
vn 0.1351 -0.6981 -0.7032
vn 0.1339 -0.7971 -0.5888
vn 0.0160 -0.7102 -0.7038
vn -0.0027 -0.7071 -0.7071
vn -0.4193 -0.5704 -0.7063
vn -0.4397 -0.6637 -0.6051
vn -0.4858 -0.8320 -0.2678
vn -0.3538 -0.7038 -0.6161
vn -0.2874 -0.6468 -0.7064
vn -0.1282 -0.7008 -0.7017
vn -0.1561 -0.7764 -0.6106
vn -0.0176 -0.7070 -0.7069
vn -0.5360 -0.4674 -0.7030
vn -0.6145 -0.5123 -0.6000
vn -0.6053 -0.3657 -0.7070
vn -0.7038 0.0762 -0.7063
vn -0.7905 0.0472 -0.6107
vn -0.9636 -0.0000 -0.2674
vn -0.7905 -0.0472 -0.6107
vn -0.7038 -0.0762 -0.7063
vn -0.6699 -0.2426 -0.7017
vn -0.7606 -0.2585 -0.5955
vn -0.6201 -0.3399 -0.7070
vn -0.6735 0.2289 -0.7029
vn -0.7442 0.2695 -0.6111
vn -0.6189 0.3405 -0.7078
vn -0.3538 0.7038 -0.6161
vn -0.4858 0.8320 -0.2678
vn -0.4397 0.6637 -0.6051
vn -0.4193 0.5704 -0.7063
vn -0.5472 0.4562 -0.7017
vn -0.6141 0.5355 -0.5798
vn -0.6055 0.3672 -0.7061
vn -0.0027 0.7071 -0.7071
vn -0.0176 0.7070 -0.7069
vn -0.1409 0.7700 -0.6223
vn -0.1402 0.6975 -0.7028
vn -0.2874 0.6468 -0.7064
vn 0.4151 0.5733 -0.7064
vn 0.4291 0.6556 -0.6213
vn 0.4734 0.8386 -0.2693
vn 0.3555 0.7171 -0.5994
vn 0.2828 0.6491 -0.7062
vn 0.1181 0.7026 -0.7017
vn 0.1570 0.8111 -0.5634
vn 0.0160 0.7102 -0.7038
vn 0.2828 -0.6491 -0.7062
vn 0.3555 -0.7171 -0.5994
vn 0.4734 -0.8386 -0.2693
vn 0.4291 -0.6556 -0.6213
vn 0.4151 -0.5733 -0.7064
vn 0.1219 0.7018 -0.7018
vn 0.3513 0.6197 -0.7018
vn 0.3513 -0.6197 -0.7018
vn 0.1219 -0.7018 -0.7018
vn -0.0000 0.7071 -0.7071
vn -0.0000 -0.7071 -0.7071
vn 0.2453 0.7046 -0.6658
vn 0.2453 0.7047 -0.6658
vn 0.0833 0.7046 -0.7047
vn 0.0833 0.7047 -0.7046
vn 0.0833 -0.7046 -0.7047
vn 0.0833 -0.7047 -0.7046
vn 0.2453 -0.7047 -0.6658
vn 0.2453 -0.7046 -0.6658
vn 0.2707 0.7060 -0.6544
vn 0.1651 0.7060 -0.6887
vn 0.0555 0.7060 -0.7060
vn 0.0555 -0.7060 -0.7060
vn 0.1651 -0.7060 -0.6887
vn 0.2707 -0.7060 -0.6544
vn -0.0555 0.7060 -0.7060
vn -0.1651 0.7060 -0.6887
vn -0.2707 0.7060 -0.6544
vn -0.2707 -0.7060 -0.6544
vn -0.1651 -0.7060 -0.6887
vn -0.0555 -0.7060 -0.7060
vn -0.0833 0.7047 -0.7046
vn -0.2453 0.7047 -0.6658
vn -0.2453 0.7046 -0.6658
vn -0.2453 -0.7047 -0.6658
vn -0.2453 -0.7046 -0.6658
vn -0.0833 -0.7047 -0.7046
vn -0.0833 -0.7047 -0.7047
vn -0.2999 0.6445 -0.7034
vn -0.1028 0.7034 -0.7034
vn -0.1028 -0.7034 -0.7034
vn -0.2999 -0.6445 -0.7034
vn -0.2787 0.6560 -0.7014
vn -0.2789 0.6571 -0.7003
vn -0.1555 0.6913 -0.7057
vn -0.0305 0.7121 -0.7014
vn 0.5351 0.4623 -0.7070
vn 0.5240 0.4749 -0.7071
vn 0.5139 0.5190 -0.6831
vn 0.5375 0.6477 -0.5400
vn 0.5538 0.6928 -0.4619
vn 0.3806 0.5971 -0.7062
vn 0.2213 0.6776 -0.7014
vn 0.3166 0.8391 -0.4424
vn 0.1277 0.6959 -0.7067
vn 0.6591 0.2562 -0.7071
vn 0.6501 0.3878 -0.6534
vn 0.7590 0.4235 -0.4945
vn 0.5572 0.4427 -0.7025
vn 0.6921 0.1593 -0.7040
vn 0.8392 0.1521 -0.5220
vn 0.7067 0.0332 -0.7067
vn 0.7014 -0.1271 -0.7014
vn 0.5139 -0.5190 -0.6831
vn 0.5240 -0.4749 -0.7071
vn 0.6121 -0.3652 -0.7014
vn 0.6489 -0.3978 -0.6486
vn 0.6591 -0.2562 -0.7071
vn 0.5375 -0.6477 -0.5400
vn 0.5538 -0.6928 -0.4619
vn 0.3806 -0.5971 -0.7062
vn 0.2213 -0.6776 -0.7014
vn -0.0305 -0.7121 -0.7014
vn -0.2012 -0.6787 -0.7063
vn -0.3443 -0.8112 -0.4727
vn -0.3197 -0.6333 -0.7048
vn 0.6153 0.4470 -0.6493
vn 0.5711 0.4282 -0.7003
vn 0.4573 0.5395 -0.7069
vn 0.4003 0.6933 -0.5992
vn 0.3378 0.6277 -0.7014
vn 0.1882 0.6820 -0.7068
vn 0.0872 0.8292 -0.5521
vn 0.0426 0.7106 -0.7023
vn -0.1159 0.6982 -0.7065
vn -0.2656 0.8174 -0.5113
vn -0.2598 0.6619 -0.7031
vn -0.3989 0.5851 -0.7061
vn -0.5871 0.6520 -0.4798
vn -0.8112 -0.3612 -0.4599
vn -0.5134 0.4909 -0.7039
vn -0.6082 0.3634 -0.7057
vn -0.8112 0.3612 -0.4599
vn -0.6716 0.2294 -0.7046
vn -0.7052 0.0741 -0.7052
vn -0.7052 -0.0741 -0.7052
vn -0.6716 -0.2294 -0.7046
vn -0.6082 -0.3634 -0.7057
vn -0.5134 -0.4909 -0.7039
vn -0.5871 -0.6520 -0.4798
vn -0.3989 -0.5851 -0.7061
vn -0.2209 -0.6799 -0.6993
vn -0.3357 -0.8554 -0.3945
vn -0.1159 -0.6982 -0.7065
vn 0.0747 -0.7110 -0.6993
vn 0.0520 -0.8684 -0.4931
vn 0.1882 -0.6820 -0.7068
vn 0.3574 -0.6191 -0.6993
vn 0.3875 -0.7200 -0.5757
vn 0.4573 -0.5395 -0.7069
vn 0.5783 -0.4202 -0.6993
vn 0.6123 -0.4590 -0.6437
vn 0.6416 -0.2973 -0.7071
vn 0.6993 -0.1486 -0.6993
vn 0.6993 0.1486 -0.6993
vn 0.6416 0.2973 -0.7071
vn 0.0779 0.7050 0.7050
vn 0.2298 0.7050 0.6710
vn 0.0519 0.7062 0.7062
vn 0.1545 0.7062 0.6910
vn 0.2538 0.7061 0.6610
vn 0.2538 0.7062 0.6610
vn -0.2999 0.6445 0.7034
vn -0.2999 0.6445 0.7033
vn -0.1028 0.7034 0.7034
vn -0.2785 -0.6561 0.7014
vn -0.0305 -0.7121 0.7014
vn 0.2213 -0.6776 0.7014
vn 0.5170 -0.5160 0.6829
vn 0.5266 -0.6242 0.5771
vn 0.5521 -0.6907 0.4669
vn 0.4456 -0.6384 0.6277
vn 0.3638 -0.6068 0.7067
vn 0.5214 -0.4777 0.7070
vn 0.6121 -0.3652 0.7014
vn 0.6122 -0.3652 0.7014
vn 0.8785 -0.1592 0.4505
vn 0.8373 -0.1674 0.5204
vn 0.6779 -0.2038 0.7063
vn 0.8785 0.1592 0.4505
vn 0.7058 0.0598 0.7058
vn 0.7058 -0.0598 0.7058
vn 0.5214 0.4777 0.7070
vn 0.5645 0.4273 0.7063
vn 0.7595 0.4530 0.4669
vn 0.6328 0.3203 0.7050
vn 0.6842 0.1849 0.7055
vn 0.4456 0.6384 0.6277
vn 0.5296 0.6811 0.5056
vn 0.5571 0.6970 0.4515
vn 0.5247 0.5885 0.6151
vn 0.5170 0.5160 0.6829
vn 0.3638 0.6068 0.7067
vn 0.2213 0.6776 0.7014
vn 0.0049 0.7101 0.7041
vn -0.0367 0.8572 0.5136
vn -0.1214 0.6971 0.7067
vn -0.2785 0.6561 0.7014
vn -0.2538 0.7062 0.6610
vn -0.1545 0.7062 0.6910
vn -0.0519 0.7062 0.7062
vn -0.1028 -0.7034 0.7034
vn -0.3798 -0.5965 0.7071
vn -0.3660 -0.5989 0.7123
vn -0.2793 -0.6001 0.7496
vn -0.2559 -0.4819 0.8380
vn -0.2502 -0.6623 0.7062
vn -0.2298 0.7050 0.6710
vn -0.0779 0.7050 0.7050
vn 0.2298 -0.7050 0.6710
vn 0.0779 -0.7050 0.7050
vn 0.1219 0.7018 0.7018
vn 0.2388 0.6656 0.7071
vn 0.4457 0.5490 0.7071
vn 0.4288 0.5583 0.7103
vn 0.3116 0.5496 0.7752
vn 0.2868 0.4684 0.8357
vn 0.2786 0.6496 0.7073
vn 0.2538 -0.7062 0.6610
vn 0.1545 -0.7062 0.6910
vn 0.0519 -0.7062 0.7062
vn 0.3502 0.6204 0.7017
vn 0.1495 0.8897 0.4314
vn 0.1657 0.7022 0.6924
vn 0.2328 0.6677 0.7071
vn -0.1611 0.8802 0.4464
vn -0.0495 0.7061 0.7064
vn 0.0444 0.7066 0.7062
vn -0.4694 0.5289 0.7070
vn -0.4543 0.5418 0.7071
vn -0.4350 0.5635 0.7023
vn -0.4344 0.6962 0.5715
vn -0.4548 0.7790 0.4317
vn -0.2916 0.6451 0.7062
vn -0.1712 0.6883 0.7049
vn -0.5851 0.3990 0.7060
vn -0.6966 0.5807 0.4212
vn -0.6471 0.5617 0.5155
vn -0.5241 0.5263 0.6695
vn -0.6616 0.2601 0.7033
vn -0.7674 0.2779 0.5779
vn -0.6930 0.1411 0.7070
vn -0.7124 -0.0000 0.7017
vn -0.5241 -0.5263 0.6696
vn -0.6471 -0.5617 0.5155
vn -0.6966 -0.5807 0.4212
vn -0.5851 -0.3990 0.7060
vn -0.6699 -0.2426 0.7017
vn -0.7795 -0.3064 0.5464
vn -0.6930 -0.1411 0.7070
vn -0.4365 -0.6412 0.6311
vn -0.4347 -0.5581 0.7068
vn -0.4694 -0.5289 0.7070
vn -0.4515 -0.7634 0.4618
vn -0.4548 -0.7790 0.4317
vn -0.2916 -0.6451 0.7062
vn -0.0475 -0.7061 0.7065
vn -0.1046 -0.8009 0.5896
vn -0.1611 -0.8802 0.4464
vn -0.1708 -0.7229 0.6695
vn -0.2378 -0.6660 0.7071
vn 0.1657 -0.7022 0.6924
vn 0.1495 -0.8897 0.4314
vn 0.1056 -0.8228 0.5585
vn 0.0409 -0.7067 0.7064
vn 0.4303 -0.5613 0.7069
vn 0.4260 -0.6256 0.6536
vn 0.4354 -0.7360 0.5185
vn 0.4457 -0.7895 0.4220
vn 0.2867 -0.6475 0.7061
vn 0.2328 -0.6677 0.7071
vn 0.4340 -0.5584 0.7070
vn 0.3382 -0.5524 0.7619
vn 0.2863 -0.5050 0.8142
vn 0.2786 -0.6496 0.7073
vn 0.1219 -0.7018 0.7018
vn 0.2388 -0.6656 0.7071
vn -0.0519 -0.7062 0.7062
vn -0.1545 -0.7062 0.6910
vn -0.2538 -0.7062 0.6610
vn -0.0779 -0.7050 0.7050
vn -0.2298 -0.7050 0.6710
vn -0.2538 -0.7062 -0.6610
vn -0.1545 -0.7062 -0.6910
vn -0.0519 -0.7062 -0.7062
vn 0.0519 -0.7062 -0.7062
vn 0.1545 -0.7062 -0.6910
vn 0.2538 -0.7061 -0.6610
vn 0.2538 -0.7062 -0.6610
vn -0.2298 -0.7050 -0.6710
vn -0.0779 -0.7050 -0.7050
vn 0.0779 -0.7050 -0.7050
vn 0.2298 -0.7050 -0.6710
vn 0.0451 -0.7064 -0.7064
vn 0.6948 -0.1861 -0.6947
vn 0.6947 -0.1862 -0.6947
vn 0.5086 -0.5086 -0.6947
vn 0.5086 -0.5086 -0.6948
vn 0.1862 -0.6947 -0.6948
vn 0.1862 -0.6948 -0.6947
vn -0.0605 -0.7125 -0.6990
vn -0.3486 -0.6243 -0.6990
vn -0.5749 -0.4253 -0.6990
vn -0.6990 -0.1507 -0.6990
vn 0.1862 0.6947 -0.6948
vn 0.1861 0.6948 -0.6947
vn 0.5086 0.5085 -0.6948
vn 0.5086 0.5087 -0.6947
vn 0.6947 0.1861 -0.6948
vn 0.6947 0.1862 -0.6947
vn -0.6990 0.1507 -0.6990
vn -0.5749 0.4253 -0.6990
vn -0.3486 0.6243 -0.6990
vn -0.0605 0.7125 -0.6990
vn 0.0451 0.7064 -0.7064
vn 0.2298 0.7050 -0.6710
vn 0.0779 0.7050 -0.7050
vn 0.2538 0.7062 -0.6610
vn 0.1545 0.7062 -0.6910
vn 0.0519 0.7062 -0.7062
vn -0.0779 0.7050 -0.7050
vn -0.2298 0.7050 -0.6710
vn -0.0519 0.7062 -0.7062
vn -0.1545 0.7062 -0.6910
vn -0.2538 0.7062 -0.6610
vn 0.0555 0.7060 0.7060
vn 0.1651 0.7060 0.6887
vn 0.2707 0.7060 0.6544
vn -0.2707 0.7060 0.6544
vn -0.1651 0.7060 0.6887
vn -0.0555 0.7060 0.7060
vn 0.0833 0.7046 0.7047
vn 0.0833 0.7047 0.7046
vn 0.2453 0.7047 0.6658
vn 0.2453 0.7046 0.6658
vn -0.2453 0.7047 0.6658
vn -0.2453 0.7046 0.6658
vn -0.0833 0.7047 0.7046
vn -0.0833 0.7047 0.7047
vn -0.1862 0.6947 0.6947
vn 0.6947 0.1861 0.6948
vn 0.6948 0.1861 0.6947
vn 0.5086 0.5087 0.6947
vn 0.1862 0.6947 0.6948
vn 0.1862 0.6948 0.6947
vn -0.1862 -0.6947 0.6947
vn 0.1862 -0.6948 0.6947
vn 0.1862 -0.6947 0.6948
vn 0.5086 -0.5087 0.6947
vn 0.6947 -0.1861 0.6947
vn 0.6948 -0.1860 0.6948
vn 0.2453 -0.7046 0.6658
vn 0.2453 -0.7047 0.6658
vn 0.0833 -0.7046 0.7047
vn 0.0833 -0.7047 0.7046
vn -0.0833 -0.7047 0.7046
vn -0.2453 -0.7047 0.6658
vn -0.2453 -0.7046 0.6658
vn 0.2707 -0.7060 0.6544
vn 0.1651 -0.7060 0.6887
vn 0.0555 -0.7060 0.7060
vn -0.0555 -0.7060 0.7060
vn -0.1651 -0.7060 0.6887
vn -0.2707 -0.7060 0.6544
vn -0.8715 0.1989 0.4482
vn -0.6672 0.2399 0.7052
vn -0.5916 0.3934 0.7037
vn -0.6925 0.5523 0.4641
vn -0.4878 0.5137 0.7058
vn -0.3107 0.6451 0.6981
vn -0.4637 0.8139 0.3502
vn -0.2048 0.6777 0.7063
vn -0.0458 0.8844 0.4644
vn 0.1215 0.6971 0.7066
vn 0.3337 0.7588 0.5594
vn 0.4216 0.5679 0.7069
vn 0.5947 0.4913 0.6364
vn 0.6317 0.3178 0.7071
vn 0.6317 -0.3178 0.7071
vn 0.5986 -0.4774 0.6432
vn 0.5510 -0.4552 0.6994
vn 0.4216 -0.5679 0.7069
vn 0.3509 -0.7286 0.5882
vn 0.2872 -0.6531 0.7007
vn 0.1215 -0.6971 0.7066
vn -0.0000 -0.8434 0.5373
vn -0.0369 -0.7114 0.7018
vn -0.2048 -0.6777 0.7063
vn -0.3771 -0.7830 0.4947
vn -0.3521 -0.6181 0.7028
vn -0.4878 -0.5137 0.7058
vn -0.6925 -0.5523 0.4641
vn -0.5916 -0.3934 0.7037
vn -0.6672 -0.2399 0.7052
vn -0.8715 -0.1989 0.4482
vn -0.7045 -0.0856 0.7045
vn -0.7045 0.0856 0.7045
vn -0.6153 0.4470 0.6493
vn -0.5711 0.4282 0.7003
vn -0.4573 0.5395 0.7069
vn -0.4003 0.6933 0.5992
vn -0.3378 0.6277 0.7014
vn -0.1882 0.6820 0.7068
vn -0.0872 0.8292 0.5521
vn -0.0426 0.7106 0.7023
vn 0.1159 0.6982 0.7065
vn 0.2656 0.8174 0.5113
vn 0.2598 0.6619 0.7031
vn 0.3989 0.5851 0.7061
vn 0.5871 0.6520 0.4798
vn 0.8112 -0.3612 0.4599
vn 0.5134 0.4909 0.7039
vn 0.6082 0.3634 0.7057
vn 0.8112 0.3612 0.4599
vn 0.6715 0.2294 0.7046
vn 0.7052 0.0741 0.7052
vn 0.7052 -0.0741 0.7052
vn 0.6715 -0.2294 0.7046
vn 0.6082 -0.3634 0.7057
vn 0.5134 -0.4909 0.7039
vn 0.5871 -0.6520 0.4798
vn 0.3989 -0.5851 0.7061
vn 0.2209 -0.6799 0.6993
vn 0.3357 -0.8554 0.3945
vn 0.1159 -0.6982 0.7065
vn -0.0747 -0.7110 0.6993
vn -0.0520 -0.8684 0.4931
vn -0.1882 -0.6820 0.7068
vn -0.3574 -0.6191 0.6993
vn -0.3875 -0.7200 0.5757
vn -0.4573 -0.5395 0.7069
vn -0.5783 -0.4202 0.6993
vn -0.6123 -0.4590 0.6437
vn -0.6416 -0.2973 0.7071
vn -0.6993 -0.1486 0.6993
vn -0.6993 0.1486 0.6993
vn -0.6416 0.2973 0.7071
vn -0.2587 -0.9657 -0.0239
vn -0.3288 -0.9444 -0.0000
vn -0.6534 -0.7570 -0.0000
vn -0.7069 -0.7069 -0.0239
vn -0.8271 -0.5621 -0.0000
vn -0.0732 -0.9973 -0.0000
vn 0.2224 -0.9749 -0.0117
vn 0.2587 -0.9657 -0.0239
vn 0.0335 -0.9994 -0.0000
vn -0.1874 -0.9823 -0.0000
vn -0.4353 -0.9003 -0.0000
vn 0.4353 -0.9003 -0.0000
vn 0.7069 -0.7069 -0.0239
vn 0.6534 -0.7570 -0.0000
vn 0.3288 -0.9444 -0.0000
vn 0.0732 -0.9973 -0.0000
vn 0.8271 -0.5621 -0.0000
vn 0.9656 -0.2588 -0.0239
vn 0.9444 -0.3288 -0.0000
vn 0.7570 -0.6534 -0.0000
vn 0.5621 -0.8271 -0.0000
vn 0.9973 -0.0732 -0.0000
vn 0.9657 0.2587 -0.0239
vn 0.9823 0.1874 -0.0000
vn 0.9823 -0.1874 -0.0000
vn 0.9657 -0.2587 -0.0239
vn 0.9003 -0.4353 -0.0000
vn 0.9003 0.4353 -0.0000
vn 0.7069 0.7069 -0.0239
vn 0.7642 0.6449 0.0037
vn 0.9480 0.3182 -0.0037
vn 0.9656 0.2588 -0.0239
vn 0.9973 0.0732 -0.0000
vn 0.5621 0.8271 -0.0000
vn 0.2587 0.9657 -0.0239
vn 0.3288 0.9444 -0.0000
vn 0.6534 0.7570 -0.0000
vn 0.8271 0.5621 -0.0000
vn 0.0732 0.9973 -0.0000
vn -0.1874 0.9823 -0.0000
vn -0.2587 0.9657 -0.0239
vn 0.0335 0.9994 -0.0000
vn 0.2224 0.9749 -0.0117
vn 0.4353 0.9003 -0.0000
vn -0.4353 0.9003 -0.0000
vn -0.7069 0.7069 -0.0239
vn -0.6534 0.7570 -0.0000
vn -0.3288 0.9444 -0.0000
vn -0.0732 0.9973 -0.0000
vn -0.8271 0.5621 -0.0000
vn 0.1618 0.9868 -0.0000
vn 0.2587 0.9655 -0.0283
vn 0.4117 0.9113 -0.0000
vn -0.9660 -0.2587 -0.0000
vn -0.7071 -0.7072 -0.0000
vn -0.2589 -0.9659 -0.0000
vn 0.9660 -0.2587 -0.0000
vn 0.9660 0.2587 -0.0000
vn -0.2589 0.9659 -0.0000
vn -0.7071 0.7072 -0.0000
vn -0.9660 0.2587 -0.0000
vn 0.2225 -0.0000 0.9749
vn 0.6235 -0.0000 0.7818
vn 0.9010 -0.0000 0.4339
vn 0.9010 -0.0000 -0.4339
vn 0.6235 -0.0000 -0.7818
vn 0.2225 -0.0000 -0.9749
vn -0.2225 -0.0000 -0.9749
vn -0.6235 -0.0000 -0.7818
vn -0.9010 -0.0000 -0.4339
vn -0.9010 -0.0000 0.4339
vn -0.6235 -0.0000 0.7818
vn -0.2225 -0.0000 0.9749
vn 0.1593 -0.6981 -0.6981
vn 0.4464 -0.6981 -0.5598
vn 0.6451 -0.6981 -0.3107
vn 0.7160 -0.6981 -0.0000
vn 0.6451 -0.6981 0.3107
vn 0.4464 -0.6981 0.5598
vn 0.1593 -0.6981 0.6981
vn -0.1593 -0.6981 0.6981
vn -0.4464 -0.6981 0.5598
vn -0.6451 -0.6981 0.3107
vn -0.7160 -0.6981 -0.0000
vn -0.6451 -0.6981 -0.3107
vn -0.4464 -0.6981 -0.5598
vn -0.1593 -0.6981 -0.6981
vn 0.1593 0.6981 0.6981
vn 0.4464 0.6981 0.5598
vn 0.6451 0.6981 0.3107
vn 0.7160 0.6981 -0.0000
vn 0.6451 0.6981 -0.3107
vn 0.4464 0.6981 -0.5598
vn 0.1593 0.6981 -0.6981
vn -0.1593 0.6981 -0.6981
vn -0.4464 0.6981 -0.5598
vn -0.6451 0.6981 -0.3107
vn -0.7160 0.6981 -0.0000
vn -0.6451 0.6981 0.3107
vn -0.4464 0.6981 0.5598
vn -0.1593 0.6981 0.6981
vn -0.6451 0.6980 0.3107
vn 0.7070 -0.7070 0.0141
vn 0.6087 -0.7934 -0.0000
vn -0.6718 -0.7407 -0.0000
vn -0.7066 -0.7075 -0.0081
vn -0.8406 -0.5416 -0.0000
vn -0.9238 -0.3828 -0.0000
vn -0.9457 -0.3250 0.0063
vn -0.9914 -0.1307 -0.0033
vn -0.9976 -0.0692 -0.0000
vn -0.9914 0.1307 -0.0000
vn -0.9878 0.1557 0.0026
vn -0.9238 0.3829 -0.0021
vn -0.9139 0.4060 -0.0000
vn -0.8406 0.5416 -0.0000
vn -0.7066 0.7075 -0.0081
vn -0.6718 0.7407 -0.0000
vn 0.7927 0.6090 0.0279
vn 0.6088 0.7933 -0.0000
vn 0.7933 -0.6089 -0.0000
vn 0.9239 -0.3825 -0.0000
vn 0.9658 -0.2588 0.0141
vn 0.9915 -0.1304 -0.0000
vn 0.9910 0.1311 0.0279
vn 0.9237 0.3831 -0.0000
vn 0.7070 0.7070 -0.0141
vn 0.6087 0.7934 -0.0000
vn -0.7066 0.7075 0.0081
vn -0.8403 0.5421 -0.0000
vn -0.9238 0.3828 -0.0000
vn -0.9077 0.4197 0.0041
vn -0.9914 0.1305 -0.0054
vn -0.9853 0.1707 -0.0000
vn -0.9914 -0.1307 -0.0000
vn -0.9976 -0.0691 0.0063
vn -0.9239 -0.3824 -0.0091
vn -0.9456 -0.3254 -0.0000
vn -0.8403 -0.5421 -0.0000
vn -0.7066 -0.7075 0.0081
vn 0.7927 -0.6090 -0.0279
vn 0.6088 -0.7933 -0.0000
vn 0.7933 0.6089 -0.0000
vn 0.9239 0.3826 -0.0000
vn 0.9658 0.2588 -0.0141
vn 0.9915 0.1304 -0.0000
vn 0.9910 -0.1311 -0.0279
vn 0.9237 -0.3831 -0.0000
vn 0.2588 -0.9658 0.0136
vn 0.3579 0.9335 0.0224
vn 0.1040 0.9946 -0.0000
vn 0.1040 -0.9946 -0.0000
vn 0.9658 0.2588 0.0141
vn 0.9237 0.3830 -0.0000
vn 0.3579 -0.9338 -0.0000
vn 0.9468 -0.3217 -0.0000
vn 0.9659 -0.2588 0.0106
vn 0.9978 -0.0658 -0.0000
vn 0.9914 0.1309 -0.0000
vn 0.2588 0.9658 -0.0136
vn 0.3579 -0.9335 -0.0224
vn 0.9658 -0.2588 -0.0141
vn 0.9237 -0.3830 -0.0000
vn 0.3579 0.9338 -0.0000
vn 0.9468 0.3217 -0.0000
vn 0.9659 0.2588 -0.0106
vn 0.9978 0.0658 -0.0000
vn 0.9914 -0.1309 -0.0000
vn -0.3735 -0.3735 0.8491
vn -0.5102 -0.1367 0.8491
vn 0.3735 -0.3735 0.8491
vn 0.1367 -0.5102 0.8491
vn -0.1367 -0.5102 0.8491
vn 0.3735 0.3735 0.8491
vn 0.5102 0.1367 0.8491
vn 0.5102 -0.1367 0.8491
vn -0.3735 0.3735 0.8491
vn -0.1367 0.5102 0.8491
vn 0.1367 0.5102 0.8491
vn -0.5102 0.1367 0.8491
vn 0.7071 -0.7072 -0.0000
vn 0.7071 0.7072 -0.0000
vn 0.2589 0.9659 -0.0000
vn 0.2589 -0.9659 -0.0000
s 0
f 1//1 2//1 3//1
f 4//1 5//1 6//1
f 7//1 8//1 9//1
f 9//1 8//1 10//1
f 4//1 6//1 11//1
f 11//1 6//1 12//1
f 11//1 12//1 13//1
f 13//1 12//1 14//1
f 13//1 14//1 15//1
f 8//1 16//1 10//1
f 10//1 16//1 17//1
f 10//1 17//1 18//1
f 17//1 19//1 18//1
f 18//1 19//1 20//1
f 18//1 20//1 21//1
f 21//1 20//1 22//1
f 21//1 22//1 2//1
f 2//1 22//1 23//1
f 2//1 23//1 3//1
f 3//1 23//1 13//1
f 3//1 13//1 24//1
f 24//1 13//1 15//1
f 18//1 25//1 10//1
f 10//1 25//1 26//1
f 10//1 26//1 27//1
f 28//1 29//1 4//1
f 4//2 29//2 30//2
f 4//1 30//1 5//1
f 31//1 32//1 33//1
f 34//1 35//1 36//1
f 36//1 35//1 37//1
f 38//1 39//1 40//1
f 40//1 39//1 41//1
f 40//1 41//1 42//1
f 42//1 41//1 43//1
f 42//1 43//1 3//1
f 3//1 43//1 44//1
f 3//1 44//1 1//1
f 45//1 46//1 47//1
f 47//1 46//1 48//1
f 47//1 48//1 27//1
f 27//1 48//1 49//1
f 27//1 49//1 10//1
f 15//1 50//1 24//1
f 24//1 50//1 51//1
f 24//1 51//1 52//1
f 52//1 51//1 53//1
f 52//1 53//1 54//1
f 54//1 53//1 55//1
f 54//1 55//1 56//1
f 56//1 55//1 57//1
f 56//1 57//1 58//1
f 58//1 57//1 59//1
f 60//1 61//1 59//1
f 7//1 9//1 62//1
f 62//1 9//1 63//1
f 62//1 63//1 28//1
f 64//1 65//1 33//1
f 66//1 67//1 68//1
f 68//1 67//1 69//1
f 69//1 67//1 33//1
f 33//1 67//1 70//1
f 33//1 70//1 31//1
f 36//1 71//1 72//1
f 37//1 73//1 36//1
f 36//1 73//1 74//1
f 36//1 74//1 75//1
f 75//1 74//1 76//1
f 75//1 76//1 77//1
f 28//1 63//1 29//1
f 29//1 63//1 78//1
f 29//1 78//1 59//1
f 59//1 78//1 79//1
f 59//1 79//1 60//1
f 32//1 58//1 33//1
f 33//1 58//1 59//1
f 33//1 59//1 64//1
f 64//1 59//1 61//1
f 38//1 34//1 39//1
f 39//1 34//1 36//1
f 39//1 36//1 80//1
f 80//1 36//1 72//1
f 80//1 72//1 47//1
f 47//1 72//1 81//1
f 47//1 81//1 45//1
f 82//1 83//1 84//1
f 84//1 83//1 85//1
f 84//1 85//1 86//1
f 86//1 85//1 87//1
f 86//1 87//1 88//1
f 71//1 36//1 89//1
f 89//1 36//1 90//1
f 89//1 90//1 91//1
f 91//1 90//1 92//1
f 91//1 92//1 93//1
f 93//1 92//1 94//1
f 93//1 94//1 95//1
f 65//1 96//1 33//1
f 33//1 96//1 97//1
f 33//1 97//1 98//1
f 98//1 97//1 88//1
f 98//1 88//1 99//1
f 99//1 88//1 87//1
f 94//1 100//1 95//1
f 95//1 100//1 101//1
f 95//1 101//1 102//1
f 102//1 101//1 103//1
f 102//1 103//1 82//1
f 82//1 103//1 104//1
f 82//1 104//1 83//1
f 105//3 106//3 107//3
f 107//3 106//3 108//3
f 109//4 110//4 111//4
f 111//4 110//4 112//4
f 113//5 114//5 115//5
f 116//5 117//5 118//5
f 118//5 117//5 119//5
f 118//5 119//5 120//5
f 120//5 119//5 121//5
f 120//5 121//5 122//5
f 122//5 121//5 123//5
f 122//5 123//5 124//5
f 124//5 123//5 125//5
f 124//5 125//5 126//5
f 127//5 128//5 129//5
f 129//5 128//5 130//5
f 129//5 130//5 131//5
f 131//5 130//5 132//5
f 131//5 132//5 133//5
f 133//5 132//5 134//5
f 133//5 134//5 135//5
f 135//5 134//5 136//5
f 135//5 136//5 116//5
f 116//5 136//5 137//5
f 116//5 137//5 117//5
f 115//5 138//5 113//5
f 113//5 138//5 139//5
f 113//5 139//5 140//5
f 140//5 139//5 141//5
f 114//5 113//5 142//5
f 142//5 113//5 143//5
f 142//5 143//5 144//5
f 144//5 143//5 145//5
f 144//5 145//5 127//5
f 127//5 145//5 146//5
f 127//5 146//5 128//5
f 141//5 147//5 140//5
f 140//5 147//5 148//5
f 140//5 148//5 149//5
f 149//5 148//5 150//5
f 149//5 150//5 151//5
f 151//5 150//5 152//5
f 151//5 152//5 153//5
f 153//5 152//5 154//5
f 153//5 154//5 155//5
f 155//5 154//5 156//5
f 157//5 158//5 159//5
f 159//5 158//5 160//5
f 159//5 160//5 161//5
f 161//5 160//5 162//5
f 161//5 162//5 163//5
f 163//5 162//5 164//5
f 163//5 164//5 165//5
f 165//5 164//5 166//5
f 165//5 166//5 156//5
f 156//5 166//5 167//5
f 156//5 167//5 155//5
f 125//5 168//5 126//5
f 126//5 168//5 169//5
f 126//5 169//5 170//5
f 170//5 169//5 171//5
f 170//5 171//5 172//5
f 172//5 171//5 173//5
f 172//5 173//5 174//5
f 174//5 173//5 175//5
f 174//5 175//5 157//5
f 157//5 175//5 176//5
f 157//5 176//5 158//5
f 177//6 178//6 179//6
f 111//7 112//7 180//7
f 180//7 112//7 181//7
f 180//8 181//8 182//8
f 182//9 181//9 177//9
f 177//6 179//6 182//6
f 182//10 179//10 183//10
f 182//11 183//11 184//11
f 184//12 183//12 185//12
f 184//13 185//13 186//13
f 187//14 188//14 189//14
f 106//15 105//15 190//15
f 190//15 105//15 191//15
f 190//16 191//16 189//16
f 189//17 191//17 192//17
f 189//14 192//14 187//14
f 187//18 192//18 193//18
f 187//19 193//19 194//19
f 194//20 193//20 195//20
f 194//21 195//21 196//21
f 186//22 185//22 197//22
f 186//22 197//22 198//22
f 198//23 197//23 199//23
f 198//23 199//23 200//23
f 200//24 199//24 201//24
f 200//24 201//24 202//24
f 202//25 201//25 203//25
f 202//25 203//25 204//25
f 204//26 203//26 205//26
f 204//26 205//26 206//26
f 206//27 205//27 207//27
f 206//27 207//27 208//27
f 208//28 207//28 209//28
f 208//28 209//28 210//28
f 210//29 209//29 211//29
f 210//29 211//29 212//29
f 212//30 211//30 213//30
f 212//30 213//30 214//30
f 214//31 213//31 215//31
f 214//31 215//31 216//31
f 216//32 215//32 217//32
f 216//32 217//32 218//32
f 218//33 217//33 219//33
f 218//33 219//33 220//33
f 220//34 219//34 221//34
f 220//34 221//34 222//34
f 222//35 221//35 223//35
f 222//35 223//35 224//35
f 224//36 223//36 225//36
f 224//36 225//36 226//36
f 226//37 225//37 227//37
f 226//37 227//37 228//37
f 228//38 227//38 229//38
f 228//38 229//38 230//38
f 230//39 229//39 231//39
f 230//39 231//39 232//39
f 232//40 231//40 233//40
f 232//40 233//40 234//40
f 234//41 233//41 235//41
f 234//41 235//41 236//41
f 236//42 235//42 237//42
f 236//42 237//42 238//42
f 238//43 237//43 239//43
f 238//43 239//43 240//43
f 240//44 239//44 241//44
f 240//44 241//44 242//44
f 242//45 241//45 243//45
f 242//45 243//45 244//45
f 244//46 243//46 245//46
f 244//46 245//46 246//46
f 246//47 245//47 247//47
f 246//47 247//47 248//47
f 248//48 247//48 196//48
f 248//48 196//48 195//48
f 249//49 250//49 251//49
f 251//49 250//49 252//49
f 253//49 254//49 255//49
f 255//49 254//49 256//49
f 257//50 258//50 259//50
f 260//5 261//5 262//5
f 262//5 261//5 263//5
f 264//5 265//5 266//5
f 257//5 259//5 267//5
f 267//5 259//5 268//5
f 267//5 268//5 269//5
f 269//5 268//5 270//5
f 269//5 270//5 271//5
f 190//5 189//5 272//5
f 273//5 177//5 181//5
f 250//5 274//5 252//5
f 252//5 274//5 275//5
f 260//5 276//5 261//5
f 261//5 276//5 277//5
f 261//5 277//5 278//5
f 261//5 279//5 263//5
f 263//5 279//5 280//5
f 263//5 280//5 281//5
f 282//5 252//5 283//5
f 283//5 252//5 275//5
f 283//5 275//5 110//5
f 110//5 275//5 284//5
f 110//5 284//5 112//5
f 112//5 284//5 285//5
f 112//5 285//5 181//5
f 181//5 285//5 286//5
f 272//5 266//5 190//5
f 190//5 266//5 265//5
f 190//5 265//5 106//5
f 106//5 265//5 287//5
f 106//5 287//5 108//5
f 108//5 287//5 288//5
f 108//5 288//5 289//5
f 289//5 288//5 290//5
f 291//5 292//5 250//5
f 250//5 292//5 258//5
f 257//5 293//5 258//5
f 258//5 293//5 294//5
f 258//5 294//5 250//5
f 250//5 294//5 295//5
f 250//5 295//5 274//5
f 286//5 296//5 181//5
f 181//5 296//5 269//5
f 181//5 269//5 256//5
f 256//5 254//5 181//5
f 181//5 254//5 297//5
f 181//5 297//5 273//5
f 281//5 291//5 263//5
f 263//5 291//5 250//5
f 263//5 250//5 290//5
f 290//5 250//5 298//5
f 290//5 298//5 289//5
f 271//5 299//5 269//5
f 269//5 299//5 261//5
f 269//5 261//5 256//5
f 256//5 261//5 278//5
f 256//5 278//5 266//5
f 266//5 278//5 300//5
f 266//5 300//5 264//5
f 254//51 253//51 301//51
f 254//51 301//51 297//51
f 297//52 301//52 302//52
f 297//52 302//52 273//52
f 273//53 302//53 178//53
f 273//53 178//53 177//53
f 189//54 188//54 303//54
f 189//54 303//54 272//54
f 272//55 303//55 304//55
f 272//55 304//55 266//55
f 266//56 304//56 255//56
f 266//56 255//56 256//56
f 251//57 252//57 282//57
f 251//57 282//57 305//57
f 305//58 282//58 283//58
f 305//58 283//58 306//58
f 306//59 283//59 110//59
f 306//59 110//59 109//59
f 250//60 249//60 307//60
f 250//60 307//60 298//60
f 298//61 307//61 308//61
f 298//61 308//61 289//61
f 289//62 308//62 107//62
f 289//62 107//62 108//62
f 196//63 145//63 194//63
f 194//63 145//63 143//63
f 194//64 143//64 187//64
f 187//65 143//65 113//65
f 187//66 113//66 188//66
f 145//67 196//67 247//67
f 145//67 247//67 146//67
f 146//68 247//68 245//68
f 146//69 245//69 128//69
f 128//70 245//70 243//70
f 128//70 243//70 130//70
f 130//71 243//71 241//71
f 130//71 241//71 132//71
f 132//72 241//72 239//72
f 132//72 239//72 134//72
f 134//73 239//73 237//73
f 134//73 237//73 136//73
f 136//74 237//74 235//74
f 136//74 235//74 137//74
f 137//75 235//75 233//75
f 137//75 233//75 117//75
f 117//76 233//76 231//76
f 117//76 231//76 119//76
f 119//77 231//77 229//77
f 119//77 229//77 121//77
f 121//78 229//78 227//78
f 121//78 227//78 123//78
f 123//79 227//79 225//79
f 123//79 225//79 125//79
f 125//80 225//80 223//80
f 125//80 223//80 168//80
f 168//81 223//81 221//81
f 168//81 221//81 169//81
f 169//82 221//82 219//82
f 169//82 219//82 171//82
f 171//83 219//83 217//83
f 171//83 217//83 173//83
f 173//84 217//84 215//84
f 173//85 215//85 175//85
f 175//86 215//86 213//86
f 175//86 213//86 176//86
f 176//87 213//87 211//87
f 176//87 211//87 158//87
f 158//88 211//88 209//88
f 158//88 209//88 160//88
f 160//89 209//89 207//89
f 160//89 207//89 162//89
f 162//90 207//90 205//90
f 162//90 205//90 164//90
f 164//91 205//91 203//91
f 164//91 203//91 166//91
f 166//92 203//92 201//92
f 166//92 201//92 167//92
f 167//93 201//93 199//93
f 167//93 199//93 155//93
f 155//94 199//94 197//94
f 155//94 197//94 153//94
f 153//95 197//95 185//95
f 153//95 185//95 151//95
f 303//96 188//96 113//96
f 303//97 113//97 304//97
f 255//98 304//98 113//98
f 151//99 185//99 149//99
f 149//99 185//99 183//99
f 149//100 183//100 140//100
f 140//101 183//101 179//101
f 140//102 179//102 178//102
f 140//103 253//103 113//103
f 113//103 253//103 255//103
f 301//104 253//104 140//104
f 301//105 140//105 302//105
f 178//106 302//106 140//106
f 105//107 52//107 191//107
f 191//107 52//107 54//107
f 191//108 54//108 192//108
f 192//108 54//108 56//108
f 192//109 56//109 193//109
f 193//109 56//109 58//109
f 193//110 58//110 195//110
f 195//110 58//110 32//110
f 107//111 24//111 105//111
f 105//111 24//111 52//111
f 35//112 186//112 198//112
f 35//112 198//112 37//112
f 37//113 198//113 200//113
f 37//113 200//113 73//113
f 73//114 200//114 202//114
f 73//114 202//114 74//114
f 74//115 202//115 204//115
f 74//115 204//115 76//115
f 76//116 204//116 206//116
f 76//116 206//116 77//116
f 77//117 206//117 208//117
f 77//117 208//117 75//117
f 75//118 208//118 210//118
f 75//118 210//118 36//118
f 36//119 210//119 212//119
f 36//119 212//119 90//119
f 90//120 212//120 214//120
f 90//120 214//120 92//120
f 92//121 214//121 216//121
f 92//121 216//121 94//121
f 94//122 216//122 218//122
f 94//122 218//122 100//122
f 100//123 218//123 220//123
f 100//123 220//123 101//123
f 101//124 220//124 222//124
f 101//124 222//124 103//124
f 103//125 222//125 224//125
f 103//125 224//125 104//125
f 104//126 224//126 226//126
f 104//126 226//126 83//126
f 83//127 226//127 228//127
f 83//127 228//127 85//127
f 85//128 228//128 230//128
f 85//128 230//128 87//128
f 87//129 230//129 232//129
f 87//129 232//129 99//129
f 99//130 232//130 234//130
f 99//130 234//130 98//130
f 98//131 234//131 236//131
f 98//131 236//131 33//131
f 33//132 236//132 238//132
f 33//132 238//132 69//132
f 69//133 238//133 240//133
f 69//133 240//133 68//133
f 68//134 240//134 242//134
f 68//134 242//134 66//134
f 66//135 242//135 244//135
f 66//135 244//135 67//135
f 67//136 244//136 246//136
f 67//136 246//136 70//136
f 70//137 246//137 248//137
f 70//137 248//137 31//137
f 31//138 248//138 195//138
f 31//138 195//138 32//138
f 307//139 249//139 24//139
f 307//140 24//140 308//140
f 107//141 308//141 24//141
f 186//142 35//142 184//142
f 184//142 35//142 34//142
f 184//143 34//143 182//143
f 182//143 34//143 38//143
f 182//144 38//144 180//144
f 180//144 38//144 40//144
f 180//145 40//145 111//145
f 111//145 40//145 42//145
f 251//146 3//146 249//146
f 249//146 3//146 24//146
f 3//147 109//147 42//147
f 42//147 109//147 111//147
f 306//148 109//148 3//148
f 306//149 3//149 305//149
f 251//150 305//150 3//150
f 309//151 262//151 263//151
f 309//152 310//152 262//152
f 262//153 310//153 311//153
f 262//154 311//154 260//154
f 311//155 312//155 260//155
f 260//156 312//156 313//156
f 260//157 313//157 276//157
f 313//158 314//158 276//158
f 276//159 314//159 315//159
f 276//160 315//160 277//160
f 315//161 316//161 277//161
f 277//162 316//162 317//162
f 277//163 317//163 278//163
f 317//164 318//164 278//164
f 278//165 318//165 319//165
f 278//166 319//166 300//166
f 319//167 320//167 300//167
f 300//168 320//168 321//168
f 300//169 321//169 264//169
f 321//170 322//170 264//170
f 264//171 322//171 323//171
f 264//172 323//172 265//172
f 323//173 324//173 265//173
f 265//174 324//174 325//174
f 265//175 325//175 287//175
f 325//176 326//176 287//176
f 287//177 326//177 327//177
f 287//178 327//178 288//178
f 327//179 328//179 288//179
f 288//180 328//180 329//180
f 288//181 329//181 290//181
f 329//182 330//182 290//182
f 290//183 330//183 331//183
f 290//184 331//184 263//184
f 263//185 331//185 332//185
f 263//186 332//186 309//186
f 51//187 50//187 330//187
f 330//188 329//188 51//188
f 51//189 329//189 328//189
f 51//190 328//190 53//190
f 328//191 327//191 53//191
f 53//192 327//192 326//192
f 53//193 326//193 55//193
f 326//194 325//194 55//194
f 55//195 325//195 324//195
f 55//196 324//196 57//196
f 324//197 323//197 57//197
f 57//198 323//198 322//198
f 57//199 322//199 59//199
f 59//200 322//200 321//200
f 59//201 321//201 29//201
f 321//202 320//202 29//202
f 29//203 320//203 319//203
f 29//204 319//204 30//204
f 319//205 318//205 30//205
f 30//206 318//206 317//206
f 30//207 317//207 5//207
f 317//208 316//208 5//208
f 5//209 316//209 315//209
f 5//210 315//210 6//210
f 315//211 314//211 6//211
f 6//212 314//212 313//212
f 6//213 313//213 12//213
f 313//214 312//214 12//214
f 12//215 312//215 311//215
f 12//216 311//216 14//216
f 311//217 310//217 14//217
f 14//218 310//218 309//218
f 14//219 309//219 15//219
f 15//219 309//219 332//219
f 15//220 332//220 50//220
f 50//220 332//220 331//220
f 50//221 331//221 330//221
f 333//151 259//151 258//151
f 333//152 334//152 259//152
f 259//153 334//153 335//153
f 259//154 335//154 268//154
f 335//155 336//155 268//155
f 268//156 336//156 337//156
f 268//157 337//157 270//157
f 337//158 338//158 270//158
f 270//159 338//159 339//159
f 270//160 339//160 271//160
f 339//161 340//161 271//161
f 271//162 340//162 341//162
f 271//163 341//163 299//163
f 341//164 342//164 299//164
f 299//165 342//165 343//165
f 299//166 343//166 261//166
f 343//167 344//167 261//167
f 261//168 344//168 345//168
f 261//169 345//169 279//169
f 345//170 346//170 279//170
f 279//171 346//171 347//171
f 279//172 347//172 280//172
f 347//173 348//173 280//173
f 280//174 348//174 349//174
f 280//175 349//175 281//175
f 349//176 350//176 281//176
f 281//177 350//177 351//177
f 281//178 351//178 291//178
f 351//179 352//179 291//179
f 291//180 352//180 353//180
f 291//181 353//181 292//181
f 353//182 354//182 292//182
f 292//222 354//222 355//222
f 292//184 355//184 258//184
f 258//185 355//185 356//185
f 258//186 356//186 333//186
f 4//187 11//187 354//187
f 354//188 353//188 4//188
f 4//189 353//189 352//189
f 4//190 352//190 28//190
f 352//191 351//191 28//191
f 28//223 351//223 350//223
f 28//193 350//193 62//193
f 350//194 349//194 62//194
f 62//195 349//195 348//195
f 62//196 348//196 7//196
f 348//197 347//197 7//197
f 7//198 347//198 346//198
f 7//199 346//199 8//199
f 8//200 346//200 345//200
f 8//201 345//201 16//201
f 345//202 344//202 16//202
f 16//203 344//203 343//203
f 16//204 343//204 17//204
f 343//205 342//205 17//205
f 17//206 342//206 341//206
f 17//207 341//207 19//207
f 341//208 340//208 19//208
f 19//209 340//209 339//209
f 19//210 339//210 20//210
f 339//211 338//211 20//211
f 20//224 338//224 337//224
f 20//213 337//213 22//213
f 337//214 336//214 22//214
f 22//215 336//215 335//215
f 22//216 335//216 23//216
f 335//217 334//217 23//217
f 23//218 334//218 333//218
f 23//219 333//219 13//219
f 13//219 333//219 356//219
f 13//220 356//220 11//220
f 11//220 356//220 355//220
f 11//221 355//221 354//221
f 357//151 275//151 274//151
f 357//225 358//225 275//225
f 275//153 358//153 359//153
f 275//154 359//154 284//154
f 359//155 360//155 284//155
f 284//156 360//156 361//156
f 284//157 361//157 285//157
f 361//158 362//158 285//158
f 285//159 362//159 363//159
f 285//160 363//160 286//160
f 363//161 364//161 286//161
f 286//162 364//162 365//162
f 286//163 365//163 296//163
f 365//164 366//164 296//164
f 296//165 366//165 367//165
f 296//166 367//166 269//166
f 367//167 368//167 269//167
f 269//168 368//168 369//168
f 269//169 369//169 267//169
f 369//170 370//170 267//170
f 267//171 370//171 371//171
f 267//172 371//172 257//172
f 371//173 372//173 257//173
f 257//174 372//174 373//174
f 257//175 373//175 293//175
f 373//176 374//176 293//176
f 293//177 374//177 375//177
f 293//178 375//178 294//178
f 375//179 376//179 294//179
f 294//180 376//180 377//180
f 294//181 377//181 295//181
f 377//182 378//182 295//182
f 295//222 378//222 379//222
f 295//184 379//184 274//184
f 274//185 379//185 380//185
f 274//186 380//186 357//186
f 18//187 21//187 378//187
f 378//188 377//188 18//188
f 18//189 377//189 376//189
f 18//190 376//190 25//190
f 376//191 375//191 25//191
f 25//192 375//192 374//192
f 25//193 374//193 26//193
f 374//194 373//194 26//194
f 26//195 373//195 372//195
f 26//196 372//196 27//196
f 372//197 371//197 27//197
f 27//198 371//198 370//198
f 27//199 370//199 47//199
f 47//200 370//200 369//200
f 47//201 369//201 80//201
f 369//202 368//202 80//202
f 80//203 368//203 367//203
f 80//204 367//204 39//204
f 367//205 366//205 39//205
f 39//206 366//206 365//206
f 39//207 365//207 41//207
f 365//208 364//208 41//208
f 41//209 364//209 363//209
f 41//210 363//210 43//210
f 363//211 362//211 43//211
f 43//212 362//212 361//212
f 43//213 361//213 44//213
f 361//214 360//214 44//214
f 44//215 360//215 359//215
f 44//216 359//216 1//216
f 359//217 358//217 1//217
f 1//218 358//218 357//218
f 1//219 357//219 2//219
f 2//219 357//219 380//219
f 2//220 380//220 21//220
f 21//220 380//220 379//220
f 21//221 379//221 378//221
f 139//226 381//226 141//226
f 141//227 381//227 382//227
f 141//227 382//227 147//227
f 147//228 382//228 383//228
f 147//228 383//228 148//228
f 148//229 383//229 384//229
f 148//229 384//229 150//229
f 150//230 384//230 385//230
f 150//230 385//230 152//230
f 152//231 385//231 386//231
f 152//231 386//231 154//231
f 154//232 386//232 387//232
f 154//232 387//232 156//232
f 156//233 387//233 388//233
f 156//233 388//233 165//233
f 165//234 388//234 389//234
f 165//234 389//234 163//234
f 163//235 389//235 390//235
f 163//235 390//235 161//235
f 161//236 390//236 391//236
f 161//236 391//236 159//236
f 159//237 391//237 392//237
f 159//237 392//237 157//237
f 157//238 392//238 393//238
f 157//238 393//238 174//238
f 174//239 393//239 394//239
f 174//239 394//239 172//239
f 172//240 394//240 395//240
f 172//240 395//240 170//240
f 170//241 395//241 396//241
f 170//241 396//241 126//241
f 126//242 396//242 397//242
f 126//242 397//242 124//242
f 124//243 397//243 398//243
f 124//243 398//243 122//243
f 122//244 398//244 399//244
f 122//244 399//244 120//244
f 120//245 399//245 400//245
f 120//245 400//245 118//245
f 118//246 400//246 401//246
f 118//246 401//246 116//246
f 116//247 401//247 402//247
f 116//247 402//247 135//247
f 135//248 402//248 403//248
f 135//248 403//248 133//248
f 133//249 403//249 404//249
f 133//249 404//249 131//249
f 131//250 404//250 405//250
f 131//250 405//250 129//250
f 129//251 405//251 406//251
f 129//251 406//251 127//251
f 127//252 406//252 407//252
f 127//252 407//252 144//252
f 144//253 407//253 408//253
f 144//253 408//253 142//253
f 142//254 408//254 409//254
f 142//254 409//254 114//254
f 114//255 409//255 410//255
f 114//255 410//255 115//255
f 115//256 410//256 411//256
f 115//256 411//256 138//256
f 138//257 411//257 412//257
f 138//257 412//257 139//257
f 139//226 412//226 381//226
f 413//5 414//5 415//5
f 415//5 414//5 416//5
f 415//5 416//5 417//5
f 417//5 416//5 418//5
f 417//5 418//5 419//5
f 419//5 418//5 420//5
f 419//5 420//5 421//5
f 421//5 420//5 422//5
f 421//5 422//5 423//5
f 423//5 422//5 424//5
f 423//5 424//5 425//5
f 425//5 424//5 426//5
f 425//5 426//5 427//5
f 427//5 426//5 428//5
f 427//5 428//5 429//5
f 429//5 428//5 430//5
f 429//5 430//5 431//5
f 431//5 430//5 432//5
f 431//5 432//5 433//5
f 433//5 432//5 434//5
f 433//5 434//5 435//5
f 435//5 434//5 436//5
f 435//5 436//5 437//5
f 437//5 436//5 438//5
f 437//5 438//5 439//5
f 439//5 438//5 440//5
f 439//5 440//5 441//5
f 441//5 440//5 442//5
f 441//5 442//5 443//5
f 443//5 442//5 444//5
f 443//5 444//5 445//5
f 445//5 444//5 446//5
f 445//5 446//5 447//5
f 447//5 446//5 448//5
f 447//5 448//5 449//5
f 449//5 448//5 450//5
f 449//5 450//5 451//5
f 451//5 450//5 452//5
f 451//5 452//5 453//5
f 453//5 452//5 454//5
f 453//5 454//5 455//5
f 455//5 454//5 456//5
f 455//5 456//5 457//5
f 457//5 456//5 458//5
f 457//5 458//5 459//5
f 459//5 458//5 460//5
f 459//5 460//5 461//5
f 461//5 460//5 462//5
f 461//5 462//5 463//5
f 463//5 462//5 464//5
f 463//5 464//5 465//5
f 465//5 464//5 466//5
f 465//5 466//5 467//5
f 467//5 466//5 468//5
f 467//5 468//5 469//5
f 469//5 468//5 470//5
f 469//5 470//5 471//5
f 471//5 470//5 472//5
f 471//5 472//5 473//5
f 473//5 472//5 474//5
f 473//5 474//5 475//5
f 475//5 474//5 476//5
f 475//5 476//5 413//5
f 413//5 476//5 414//5
f 477//258 478//258 453//258
f 453//259 478//259 451//259
f 478//259 479//259 451//259
f 451//260 479//260 480//260
f 451//260 480//260 449//260
f 449//261 480//261 481//261
f 449//261 481//261 447//261
f 447//262 481//262 482//262
f 447//262 482//262 445//262
f 445//263 482//263 483//263
f 445//263 483//263 443//263
f 443//264 483//264 484//264
f 443//264 484//264 441//264
f 441//265 484//265 485//265
f 441//265 485//265 439//265
f 439//266 485//266 486//266
f 439//266 486//266 437//266
f 437//267 486//267 487//267
f 437//267 487//267 435//267
f 435//268 487//268 488//268
f 435//268 488//268 433//268
f 433//269 488//269 489//269
f 433//269 489//269 431//269
f 431//270 489//270 490//270
f 431//270 490//270 429//270
f 429//271 490//271 491//271
f 429//271 491//271 427//271
f 427//272 491//272 492//272
f 427//272 492//272 425//272
f 425//273 492//273 493//273
f 425//273 493//273 423//273
f 423//274 493//274 494//274
f 423//274 494//274 421//274
f 421//275 494//275 495//275
f 421//275 495//275 419//275
f 419//276 495//276 496//276
f 419//276 496//276 417//276
f 417//277 496//277 497//277
f 417//277 497//277 415//277
f 415//278 497//278 498//278
f 415//278 498//278 413//278
f 413//279 498//279 499//279
f 413//279 499//279 475//279
f 475//280 499//280 500//280
f 475//280 500//280 473//280
f 473//281 500//281 501//281
f 473//281 501//281 471//281
f 471//282 501//282 502//282
f 471//282 502//282 469//282
f 469//283 502//283 503//283
f 469//283 503//283 467//283
f 467//284 503//284 504//284
f 467//284 504//284 465//284
f 465//285 504//285 505//285
f 465//285 505//285 463//285
f 463//286 505//286 506//286
f 463//286 506//286 461//286
f 461//287 506//287 507//287
f 461//287 507//287 459//287
f 459//288 507//288 508//288
f 459//288 508//288 457//288
f 457//289 508//289 477//289
f 457//289 477//289 455//289
f 455//258 477//258 453//258
f 509//5 510//5 511//5
f 511//5 510//5 512//5
f 511//5 512//5 513//5
f 513//5 512//5 514//5
f 513//5 514//5 515//5
f 515//5 514//5 516//5
f 515//5 516//5 517//5
f 517//5 516//5 518//5
f 517//5 518//5 519//5
f 519//5 518//5 520//5
f 519//5 520//5 521//5
f 522//5 523//5 509//5
f 509//5 523//5 524//5
f 509//5 524//5 510//5
f 525//5 526//5 527//5
f 527//5 526//5 528//5
f 527//5 528//5 529//5
f 529//5 528//5 530//5
f 529//5 530//5 531//5
f 531//5 530//5 532//5
f 531//5 532//5 533//5
f 533//5 532//5 534//5
f 533//5 534//5 535//5
f 535//5 534//5 536//5
f 535//5 536//5 522//5
f 522//5 536//5 537//5
f 522//5 537//5 523//5
f 538//5 539//5 540//5
f 540//5 539//5 541//5
f 540//5 541//5 542//5
f 542//5 541//5 543//5
f 542//5 543//5 544//5
f 544//5 543//5 545//5
f 544//5 545//5 546//5
f 546//5 545//5 547//5
f 546//5 547//5 548//5
f 548//5 547//5 549//5
f 548//5 549//5 550//5
f 550//5 549//5 551//5
f 550//5 551//5 525//5
f 525//5 551//5 552//5
f 525//5 552//5 526//5
f 520//5 553//5 521//5
f 521//5 553//5 554//5
f 521//5 554//5 555//5
f 555//5 554//5 556//5
f 555//5 556//5 557//5
f 557//5 556//5 558//5
f 557//5 558//5 559//5
f 559//5 558//5 560//5
f 559//5 560//5 561//5
f 561//5 560//5 562//5
f 561//5 562//5 563//5
f 563//5 562//5 564//5
f 563//5 564//5 565//5
f 565//5 564//5 566//5
f 565//5 566//5 538//5
f 538//5 566//5 567//5
f 538//5 567//5 539//5
f 568//290 569//290 570//290
f 571//291 572//291 569//291
f 569//292 572//292 573//292
f 569//293 573//293 570//293
f 574//294 575//294 571//294
f 571//295 575//295 576//295
f 571//296 576//296 572//296
f 577//297 578//297 574//297
f 574//298 578//298 579//298
f 574//299 579//299 575//299
f 580//300 581//300 577//300
f 577//301 581//301 582//301
f 577//302 582//302 578//302
f 583//303 584//303 580//303
f 580//304 584//304 585//304
f 580//305 585//305 581//305
f 586//306 587//306 583//306
f 583//307 587//307 588//307
f 583//308 588//308 584//308
f 589//309 590//309 586//309
f 586//310 590//310 591//310
f 586//3 591//3 587//3
f 592//311 593//311 589//311
f 589//312 593//312 594//312
f 589//313 594//313 590//313
f 595//314 596//314 592//314
f 592//315 596//315 597//315
f 592//316 597//316 593//316
f 598//317 599//317 595//317
f 595//318 599//318 600//318
f 595//319 600//319 596//319
f 601//320 602//320 598//320
f 598//321 602//321 603//321
f 598//322 603//322 599//322
f 604//323 605//323 601//323
f 601//324 605//324 606//324
f 601//325 606//325 602//325
f 607//326 608//326 604//326
f 604//327 608//327 609//327
f 604//328 609//328 605//328
f 610//329 611//329 607//329
f 607//330 611//330 612//330
f 607//331 612//331 608//331
f 613//332 614//332 610//332
f 610//333 614//333 615//333
f 610//334 615//334 611//334
f 616//335 617//335 613//335
f 613//336 617//336 618//336
f 613//337 618//337 614//337
f 619//338 620//338 616//338
f 616//339 620//339 621//339
f 616//340 621//340 617//340
f 622//341 623//341 619//341
f 619//342 623//342 624//342
f 619//343 624//343 620//343
f 625//344 626//344 622//344
f 622//345 626//345 627//345
f 622//346 627//346 623//346
f 628//347 629//347 625//347
f 625//4 629//4 630//4
f 625//348 630//348 626//348
f 631//349 632//349 628//349
f 628//350 632//350 633//350
f 628//351 633//351 629//351
f 634//352 635//352 631//352
f 631//353 635//353 636//353
f 631//354 636//354 632//354
f 637//355 638//355 634//355
f 634//356 638//356 639//356
f 634//357 639//357 635//357
f 640//358 641//358 637//358
f 637//359 641//359 642//359
f 637//360 642//360 638//360
f 643//361 644//361 640//361
f 640//362 644//362 645//362
f 640//363 645//363 641//363
f 570//364 646//364 568//364
f 568//365 646//365 647//365
f 568//366 647//366 643//366
f 643//367 647//367 648//367
f 643//368 648//368 644//368
f 63//369 9//369 612//369
f 612//370 611//370 63//370
f 63//371 611//371 615//371
f 63//372 615//372 78//372
f 615//373 614//373 78//373
f 78//374 614//374 618//374
f 78//375 618//375 79//375
f 618//376 617//376 79//376
f 79//377 617//377 621//377
f 79//378 621//378 60//378
f 621//379 620//379 60//379
f 60//380 620//380 624//380
f 60//381 624//381 61//381
f 624//382 623//382 61//382
f 61//383 623//383 627//383
f 61//384 627//384 64//384
f 627//385 626//385 64//385
f 64//386 626//386 630//386
f 64//387 630//387 65//387
f 636//388 97//388 96//388
f 630//389 629//389 65//389
f 65//390 629//390 633//390
f 65//391 633//391 96//391
f 96//392 633//392 632//392
f 96//393 632//393 636//393
f 642//394 86//394 88//394
f 636//395 635//395 97//395
f 97//396 635//396 639//396
f 97//397 639//397 88//397
f 88//398 639//398 638//398
f 88//399 638//399 642//399
f 642//400 641//400 86//400
f 86//401 641//401 645//401
f 86//402 645//402 84//402
f 645//403 644//403 84//403
f 84//404 644//404 648//404
f 84//405 648//405 82//405
f 648//406 647//406 82//406
f 82//407 647//407 646//407
f 82//408 646//408 102//408
f 646//409 570//409 102//409
f 102//410 570//410 573//410
f 102//411 573//411 95//411
f 573//412 572//412 95//412
f 95//413 572//413 576//413
f 95//414 576//414 93//414
f 582//415 89//415 91//415
f 576//416 575//416 93//416
f 93//417 575//417 579//417
f 93//418 579//418 91//418
f 91//419 579//419 578//419
f 91//420 578//420 582//420
f 582//421 581//421 89//421
f 89//422 581//422 585//422
f 89//423 585//423 71//423
f 591//424 81//424 72//424
f 585//425 584//425 71//425
f 71//426 584//426 588//426
f 71//427 588//427 72//427
f 72//428 588//428 587//428
f 72//429 587//429 591//429
f 597//430 46//430 45//430
f 591//431 590//431 81//431
f 81//432 590//432 594//432
f 81//433 594//433 45//433
f 45//434 594//434 593//434
f 45//435 593//435 597//435
f 603//436 49//436 48//436
f 597//437 596//437 46//437
f 46//438 596//438 600//438
f 46//439 600//439 48//439
f 48//440 600//440 599//440
f 48//441 599//441 603//441
f 603//442 602//442 49//442
f 49//443 602//443 606//443
f 49//444 606//444 10//444
f 606//445 605//445 10//445
f 10//446 605//446 609//446
f 10//447 609//447 9//447
f 9//448 609//448 608//448
f 9//449 608//449 612//449
f 510//450 524//450 478//450
f 478//451 524//451 479//451
f 524//451 523//451 479//451
f 479//452 523//452 537//452
f 479//452 537//452 480//452
f 480//453 537//453 536//453
f 480//453 536//453 481//453
f 481//454 536//454 534//454
f 481//454 534//454 482//454
f 482//455 534//455 532//455
f 482//455 532//455 483//455
f 483//456 532//456 530//456
f 483//456 530//456 484//456
f 484//457 530//457 528//457
f 484//457 528//457 485//457
f 485//458 528//458 526//458
f 485//459 526//459 486//459
f 486//460 526//460 552//460
f 486//460 552//460 487//460
f 487//461 552//461 551//461
f 487//461 551//461 488//461
f 488//462 551//462 549//462
f 488//462 549//462 489//462
f 489//463 549//463 547//463
f 489//463 547//463 490//463
f 490//464 547//464 545//464
f 490//464 545//464 491//464
f 491//465 545//465 543//465
f 491//465 543//465 492//465
f 492//466 543//466 541//466
f 492//466 541//466 493//466
f 493//467 541//467 539//467
f 493//467 539//467 494//467
f 494//468 539//468 567//468
f 494//468 567//468 495//468
f 495//469 567//469 566//469
f 495//469 566//469 496//469
f 496//470 566//470 564//470
f 496//470 564//470 497//470
f 497//471 564//471 562//471
f 497//471 562//471 498//471
f 498//472 562//472 560//472
f 498//472 560//472 499//472
f 499//473 560//473 558//473
f 499//473 558//473 500//473
f 500//474 558//474 556//474
f 500//474 556//474 501//474
f 501//475 556//475 554//475
f 501//475 554//475 502//475
f 502//476 554//476 553//476
f 502//477 553//477 503//477
f 503//478 553//478 520//478
f 503//478 520//478 504//478
f 504//479 520//479 518//479
f 504//479 518//479 505//479
f 505//480 518//480 516//480
f 505//480 516//480 506//480
f 506//481 516//481 514//481
f 506//481 514//481 507//481
f 507//482 514//482 512//482
f 507//482 512//482 508//482
f 508//483 512//483 510//483
f 508//483 510//483 477//483
f 477//484 510//484 478//484
f 569//485 511//485 571//485
f 571//485 511//485 513//485
f 571//486 513//486 574//486
f 574//486 513//486 515//486
f 574//487 515//487 577//487
f 577//487 515//487 517//487
f 577//488 517//488 580//488
f 580//488 517//488 519//488
f 580//489 519//489 583//489
f 583//489 519//489 521//489
f 583//490 521//490 586//490
f 586//490 521//490 555//490
f 586//491 555//491 589//491
f 589//491 555//491 557//491
f 589//492 557//492 592//492
f 592//492 557//492 559//492
f 592//493 559//493 595//493
f 595//493 559//493 561//493
f 595//494 561//494 598//494
f 598//494 561//494 563//494
f 598//495 563//495 601//495
f 601//495 563//495 565//495
f 601//496 565//496 604//496
f 604//496 565//496 538//496
f 604//497 538//497 607//497
f 607//497 538//497 540//497
f 607//498 540//498 610//498
f 610//498 540//498 542//498
f 610//499 542//499 613//499
f 613//499 542//499 544//499
f 613//500 544//500 616//500
f 616//500 544//500 546//500
f 616//501 546//501 619//501
f 619//501 546//501 548//501
f 619//502 548//502 622//502
f 622//502 548//502 550//502
f 622//503 550//503 625//503
f 625//503 550//503 525//503
f 625//504 525//504 628//504
f 628//504 525//504 527//504
f 628//505 527//505 631//505
f 631//505 527//505 529//505
f 631//506 529//506 634//506
f 634//506 529//506 531//506
f 634//507 531//507 637//507
f 637//507 531//507 533//507
f 637//508 533//508 640//508
f 640//508 533//508 535//508
f 640//509 535//509 643//509
f 643//509 535//509 522//509
f 643//510 522//510 568//510
f 568//510 522//510 509//510
f 568//511 509//511 569//511
f 569//511 509//511 511//511
f 412//512 420//512 381//512
f 381//513 420//513 418//513
f 381//513 418//513 382//513
f 382//514 418//514 416//514
f 382//514 416//514 383//514
f 383//515 416//515 414//515
f 383//515 414//515 384//515
f 384//516 414//516 476//516
f 384//516 476//516 385//516
f 385//517 476//517 474//517
f 385//517 474//517 386//517
f 386//518 474//518 472//518
f 386//518 472//518 387//518
f 387//519 472//519 470//519
f 387//519 470//519 388//519
f 388//520 470//520 468//520
f 388//520 468//520 389//520
f 389//521 468//521 466//521
f 389//521 466//521 390//521
f 390//522 466//522 464//522
f 390//522 464//522 391//522
f 391//523 464//523 462//523
f 391//523 462//523 392//523
f 392//524 462//524 460//524
f 392//524 460//524 393//524
f 393//525 460//525 458//525
f 393//525 458//525 394//525
f 394//526 458//526 456//526
f 394//526 456//526 395//526
f 395//527 456//527 454//527
f 395//527 454//527 396//527
f 396//528 454//528 452//528
f 396//528 452//528 397//528
f 397//529 452//529 450//529
f 397//529 450//529 398//529
f 398//530 450//530 448//530
f 398//530 448//530 399//530
f 399//531 448//531 446//531
f 399//531 446//531 400//531
f 400//532 446//532 444//532
f 400//532 444//532 401//532
f 401//533 444//533 442//533
f 401//533 442//533 402//533
f 402//534 442//534 440//534
f 402//534 440//534 403//534
f 403//535 440//535 438//535
f 403//535 438//535 404//535
f 404//536 438//536 436//536
f 404//536 436//536 405//536
f 405//537 436//537 434//537
f 405//537 434//537 406//537
f 406//538 434//538 432//538
f 406//538 432//538 407//538
f 407//539 432//539 430//539
f 407//539 430//539 408//539
f 408//540 430//540 428//540
f 408//540 428//540 409//540
f 409//541 428//541 426//541
f 409//541 426//541 410//541
f 410//542 426//542 424//542
f 410//542 424//542 411//542
f 411//543 424//543 422//543
f 411//543 422//543 412//543
f 412//512 422//512 420//512
f 649//3 650//3 651//3
f 651//3 650//3 652//3
f 653//4 654//4 655//4
f 655//4 654//4 656//4
f 657//1 658//1 659//1
f 657//1 659//1 660//1
f 661//1 662//1 659//1
f 663//1 664//1 658//1
f 662//1 665//1 659//1
f 659//1 665//1 666//1
f 659//1 666//1 660//1
f 667//1 668//1 669//1
f 669//1 668//1 670//1
f 669//1 670//1 671//1
f 671//1 670//1 672//1
f 671//1 672//1 673//1
f 673//1 672//1 674//1
f 673//1 674//1 675//1
f 676//1 677//1 678//1
f 675//1 674//1 679//1
f 679//1 674//1 680//1
f 679//1 680//1 681//1
f 682//1 683//1 684//1
f 684//1 683//1 685//1
f 684//1 685//1 686//1
f 686//1 685//1 687//1
f 686//1 687//1 688//1
f 689//1 690//1 691//1
f 691//1 690//1 692//1
f 691//1 692//1 693//1
f 681//1 694//1 679//1
f 679//1 694//1 695//1
f 679//1 695//1 659//1
f 659//1 695//1 696//1
f 659//1 696//1 661//1
f 682//1 684//1 691//1
f 691//1 684//1 697//1
f 691//1 697//1 689//1
f 669//1 698//1 667//1
f 667//1 698//1 699//1
f 667//1 699//1 678//1
f 678//1 699//1 691//1
f 678//1 691//1 676//1
f 676//1 691//1 693//1
f 663//1 658//1 700//1
f 700//1 658//1 701//1
f 700//1 701//1 702//1
f 703//1 659//1 704//1
f 704//1 659//1 658//1
f 704//1 658//1 705//1
f 705//1 658//1 664//1
f 703//1 706//1 659//1
f 659//1 706//1 707//1
f 659//1 707//1 688//1
f 688//1 707//1 686//1
f 686//1 707//1 708//1
f 686//1 708//1 709//1
f 710//1 711//1 712//1
f 712//1 711//1 713//1
f 712//1 713//1 714//1
f 714//1 713//1 715//1
f 701//1 716//1 702//1
f 702//1 716//1 717//1
f 702//1 717//1 718//1
f 718//1 717//1 719//1
f 718//1 719//1 720//1
f 720//1 719//1 721//1
f 720//1 721//1 722//1
f 722//1 721//1 723//1
f 722//1 723//1 724//1
f 724//1 723//1 714//1
f 724//1 714//1 725//1
f 725//1 714//1 715//1
f 726//1 727//1 728//1
f 728//1 727//1 729//1
f 728//1 729//1 730//1
f 677//1 731//1 732//1
f 710//1 712//1 733//1
f 733//1 712//1 726//1
f 733//1 726//1 734//1
f 734//1 726//1 728//1
f 734//1 728//1 735//1
f 736//1 737//1 738//1
f 709//1 739//1 686//1
f 686//1 739//1 740//1
f 686//1 740//1 728//1
f 728//1 740//1 741//1
f 728//1 741//1 735//1
f 677//1 742//1 731//1
f 731//1 742//1 743//1
f 731//1 743//1 729//1
f 729//1 743//1 744//1
f 729//1 744//1 730//1
f 738//1 737//1 745//1
f 732//1 746//1 677//1
f 677//1 746//1 747//1
f 677//1 747//1 678//1
f 678//1 747//1 748//1
f 678//1 748//1 749//1
f 749//1 748//1 745//1
f 749//1 745//1 750//1
f 750//1 745//1 737//1
f 714//1 751//1 712//1
f 712//1 751//1 752//1
f 712//1 752//1 753//1
f 738//1 754//1 736//1
f 736//1 754//1 755//1
f 736//1 755//1 756//1
f 756//1 755//1 757//1
f 756//1 757//1 758//1
f 753//1 759//1 712//1
f 712//1 759//1 760//1
f 712//1 760//1 761//1
f 761//1 762//1 712//1
f 712//1 762//1 763//1
f 712//1 763//1 757//1
f 757//1 763//1 764//1
f 757//1 764//1 758//1
f 765//5 766//5 767//5
f 768//5 769//5 770//5
f 770//5 769//5 771//5
f 770//5 771//5 765//5
f 765//5 771//5 772//5
f 765//5 772//5 766//5
f 773//5 765//5 774//5
f 774//5 765//5 767//5
f 774//5 767//5 775//5
f 775//5 767//5 776//5
f 777//5 778//5 779//5
f 779//5 778//5 780//5
f 780//5 778//5 781//5
f 780//5 781//5 782//5
f 782//5 781//5 783//5
f 782//5 783//5 784//5
f 784//5 783//5 785//5
f 784//5 785//5 786//5
f 786//5 785//5 787//5
f 786//5 787//5 788//5
f 788//5 787//5 789//5
f 789//5 787//5 790//5
f 789//5 790//5 791//5
f 791//5 790//5 792//5
f 791//5 792//5 793//5
f 793//5 792//5 794//5
f 793//5 794//5 795//5
f 795//5 794//5 796//5
f 795//5 796//5 797//5
f 797//5 796//5 798//5
f 797//5 798//5 799//5
f 799//5 798//5 800//5
f 800//5 798//5 801//5
f 800//5 801//5 802//5
f 802//5 801//5 803//5
f 802//5 803//5 804//5
f 804//5 803//5 805//5
f 804//5 805//5 806//5
f 806//5 805//5 807//5
f 806//5 807//5 808//5
f 808//5 807//5 809//5
f 808//5 809//5 810//5
f 810//5 809//5 811//5
f 810//5 811//5 812//5
f 779//5 813//5 777//5
f 777//5 813//5 814//5
f 777//5 814//5 815//5
f 815//5 814//5 816//5
f 815//5 816//5 776//5
f 776//5 816//5 817//5
f 776//5 817//5 775//5
f 812//5 811//5 818//5
f 818//5 811//5 819//5
f 818//5 819//5 820//5
f 820//5 819//5 821//5
f 820//5 821//5 822//5
f 822//5 821//5 823//5
f 822//5 823//5 824//5
f 824//5 823//5 825//5
f 824//5 825//5 826//5
f 826//5 825//5 827//5
f 826//5 827//5 828//5
f 829//5 830//5 770//5
f 770//5 830//5 831//5
f 770//5 831//5 768//5
f 828//5 827//5 832//5
f 832//5 827//5 830//5
f 832//5 830//5 833//5
f 833//5 830//5 829//5
f 833//5 829//5 834//5
f 835//544 836//544 837//544
f 835//544 837//544 838//544
f 838//545 837//545 839//545
f 838//545 839//545 840//545
f 840//546 839//546 841//546
f 840//546 841//546 842//546
f 842//547 841//547 843//547
f 842//547 843//547 844//547
f 844//548 843//548 845//548
f 844//548 845//548 846//548
f 846//549 845//549 847//549
f 846//549 847//549 848//549
f 848//550 847//550 849//550
f 848//550 849//550 850//550
f 850//551 849//551 851//551
f 850//551 851//551 852//551
f 852//552 851//552 853//552
f 852//552 853//552 854//552
f 854//553 853//553 855//553
f 854//553 855//553 856//553
f 856//554 855//554 857//554
f 856//554 857//554 858//554
f 858//555 857//555 859//555
f 858//555 859//555 860//555
f 860//49 859//49 861//49
f 860//49 861//49 862//49
f 862//556 861//556 863//556
f 862//556 863//556 864//556
f 864//557 863//557 865//557
f 864//557 865//557 866//557
f 866//558 865//558 867//558
f 866//558 867//558 868//558
f 868//559 867//559 869//559
f 868//559 869//559 870//559
f 870//560 869//560 871//560
f 870//560 871//560 872//560
f 872//561 871//561 873//561
f 872//561 873//561 874//561
f 874//562 873//562 875//562
f 874//562 875//562 876//562
f 876//563 875//563 877//563
f 876//563 877//563 878//563
f 878//564 877//564 879//564
f 878//564 879//564 880//564
f 880//565 879//565 881//565
f 880//565 881//565 882//565
f 882//566 881//566 883//566
f 882//566 883//566 884//566
f 884//567 883//567 885//567
f 884//567 885//567 886//567
f 836//568 835//568 887//568
f 888//569 889//569 890//569
f 651//570 652//570 891//570
f 891//571 652//571 888//571
f 888//569 890//569 891//569
f 891//572 890//572 892//572
f 891//573 892//573 887//573
f 887//574 892//574 893//574
f 887//575 893//575 836//575
f 654//576 653//576 894//576
f 894//577 653//577 895//577
f 894//578 895//578 896//578
f 896//578 895//578 897//578
f 897//579 895//579 898//579
f 898//580 895//580 899//580
f 898//581 899//581 900//581
f 900//582 899//582 886//582
f 900//583 886//583 885//583
f 901//35 902//35 903//35
f 903//35 902//35 904//35
f 905//5 906//5 907//5
f 908//50 909//50 910//50
f 905//5 907//5 911//5
f 911//5 907//5 912//5
f 911//5 912//5 913//5
f 914//5 888//5 652//5
f 915//5 916//5 902//5
f 902//5 916//5 917//5
f 656//5 654//5 918//5
f 910//5 919//5 908//5
f 908//5 919//5 920//5
f 908//5 920//5 917//5
f 917//5 920//5 921//5
f 917//5 921//5 902//5
f 902//5 921//5 922//5
f 902//5 922//5 911//5
f 923//5 904//5 924//5
f 924//5 904//5 925//5
f 924//5 925//5 650//5
f 925//5 926//5 650//5
f 650//5 926//5 927//5
f 650//5 927//5 652//5
f 913//5 928//5 911//5
f 911//5 928//5 929//5
f 911//5 929//5 902//5
f 902//5 929//5 930//5
f 902//5 930//5 904//5
f 904//5 930//5 931//5
f 904//5 931//5 925//5
f 927//5 932//5 652//5
f 652//5 932//5 933//5
f 652//5 933//5 907//5
f 934//5 652//5 935//5
f 935//5 652//5 909//5
f 935//5 909//5 936//5
f 936//5 909//5 908//5
f 906//5 937//5 907//5
f 907//5 937//5 938//5
f 907//5 938//5 652//5
f 652//5 938//5 939//5
f 652//5 939//5 909//5
f 940//5 941//5 942//5
f 942//5 941//5 943//5
f 942//5 943//5 934//5
f 934//5 943//5 944//5
f 934//5 944//5 652//5
f 652//5 944//5 945//5
f 652//5 945//5 914//5
f 940//5 918//5 941//5
f 941//5 918//5 654//5
f 941//5 654//5 946//5
f 946//5 654//5 894//5
f 918//5 947//5 656//5
f 656//5 947//5 948//5
f 656//5 948//5 949//5
f 949//5 948//5 915//5
f 949//5 915//5 950//5
f 950//5 915//5 902//5
f 951//35 944//35 952//35
f 952//35 944//35 943//35
f 903//584 904//584 923//584
f 903//585 923//585 953//585
f 953//586 923//586 924//586
f 953//587 924//587 954//587
f 954//588 924//588 650//588
f 954//588 650//588 649//588
f 902//589 901//589 955//589
f 902//590 955//590 950//590
f 950//591 955//591 956//591
f 950//592 956//592 949//592
f 949//593 956//593 655//593
f 949//593 655//593 656//593
f 894//594 896//594 957//594
f 894//594 957//594 946//594
f 946//595 957//595 958//595
f 946//596 958//596 941//596
f 941//597 958//597 952//597
f 941//597 952//597 943//597
f 944//598 951//598 959//598
f 944//598 959//598 945//598
f 945//599 959//599 960//599
f 945//600 960//600 914//600
f 914//601 960//601 889//601
f 914//601 889//601 888//601
f 694//602 835//602 838//602
f 694//602 838//602 695//602
f 695//603 838//603 840//603
f 695//603 840//603 696//603
f 696//604 840//604 842//604
f 696//604 842//604 661//604
f 661//605 842//605 844//605
f 661//605 844//605 662//605
f 662//606 844//606 846//606
f 662//606 846//606 665//606
f 665//607 846//607 848//607
f 665//608 848//608 666//608
f 666//609 848//609 850//609
f 666//609 850//609 660//609
f 660//610 850//610 852//610
f 660//610 852//610 657//610
f 657//611 852//611 854//611
f 657//611 854//611 658//611
f 658//612 854//612 856//612
f 658//612 856//612 701//612
f 701//613 856//613 858//613
f 701//613 858//613 716//613
f 716//614 858//614 860//614
f 716//614 860//614 717//614
f 717//615 860//615 862//615
f 717//615 862//615 719//615
f 719//616 862//616 864//616
f 719//616 864//616 721//616
f 721//617 864//617 866//617
f 721//617 866//617 723//617
f 723//618 866//618 868//618
f 723//618 868//618 714//618
f 714//619 868//619 870//619
f 714//619 870//619 751//619
f 751//620 870//620 872//620
f 751//620 872//620 752//620
f 752//621 872//621 874//621
f 752//621 874//621 753//621
f 753//622 874//622 876//622
f 753//622 876//622 759//622
f 759//623 876//623 878//623
f 759//623 878//623 760//623
f 760//624 878//624 880//624
f 760//624 880//624 761//624
f 761//625 880//625 882//625
f 761//625 882//625 762//625
f 762//626 882//626 884//626
f 762//626 884//626 763//626
f 763//627 884//627 886//627
f 763//627 886//627 764//627
f 835//628 694//628 887//628
f 887//628 694//628 681//628
f 887//629 681//629 891//629
f 891//629 681//629 680//629
f 891//630 680//630 651//630
f 651//630 680//630 674//630
f 653//631 736//631 895//631
f 895//631 736//631 756//631
f 895//632 756//632 899//632
f 899//632 756//632 758//632
f 899//633 758//633 886//633
f 886//633 758//633 764//633
f 672//111 649//111 674//111
f 674//111 649//111 651//111
f 655//147 737//147 653//147
f 653//147 737//147 736//147
f 667//634 903//634 953//634
f 667//634 953//634 668//634
f 668//635 953//635 954//635
f 668//635 954//635 670//635
f 670//636 954//636 649//636
f 670//637 649//637 672//637
f 737//638 655//638 956//638
f 737//639 956//639 750//639
f 750//640 956//640 955//640
f 750//641 955//641 749//641
f 749//642 955//642 901//642
f 749//642 901//642 678//642
f 678//643 901//643 667//643
f 667//643 901//643 903//643
f 826//644 885//644 883//644
f 826//644 883//644 824//644
f 824//645 883//645 881//645
f 824//646 881//646 822//646
f 822//647 881//647 879//647
f 822//647 879//647 820//647
f 820//648 879//648 877//648
f 820//648 877//648 818//648
f 818//649 877//649 875//649
f 818//649 875//649 812//649
f 812//650 875//650 873//650
f 812//650 873//650 810//650
f 810//651 873//651 871//651
f 810//651 871//651 808//651
f 808//652 871//652 869//652
f 808//652 869//652 806//652
f 806//653 869//653 867//653
f 806//653 867//653 804//653
f 804//654 867//654 865//654
f 804//654 865//654 802//654
f 802//655 865//655 863//655
f 802//655 863//655 800//655
f 800//656 863//656 861//656
f 800//656 861//656 799//656
f 799//657 861//657 859//657
f 799//657 859//657 797//657
f 797//658 859//658 857//658
f 797//658 857//658 795//658
f 795//659 857//659 855//659
f 795//659 855//659 793//659
f 793//660 855//660 853//660
f 793//660 853//660 791//660
f 791//661 853//661 851//661
f 791//661 851//661 789//661
f 789//662 851//662 849//662
f 789//662 849//662 788//662
f 788//663 849//663 847//663
f 788//663 847//663 786//663
f 786//664 847//664 845//664
f 786//665 845//665 784//665
f 784//666 845//666 843//666
f 784//666 843//666 782//666
f 782//667 843//667 841//667
f 782//667 841//667 780//667
f 780//668 841//668 839//668
f 780//668 839//668 779//668
f 779//669 839//669 837//669
f 779//670 837//670 813//670
f 813//671 837//671 836//671
f 813//671 836//671 814//671
f 814//672 836//672 816//672
f 816//672 836//672 893//672
f 816//673 893//673 817//673
f 889//674 775//674 890//674
f 890//675 775//675 817//675
f 890//676 817//676 892//676
f 892//673 817//673 893//673
f 832//677 833//677 896//677
f 885//678 826//678 900//678
f 900//678 826//678 828//678
f 900//679 828//679 898//679
f 898//679 828//679 832//679
f 898//680 832//680 897//680
f 897//681 832//681 896//681
f 775//682 889//682 960//682
f 775//683 960//683 774//683
f 774//684 960//684 959//684
f 774//684 959//684 773//684
f 773//685 959//685 951//685
f 773//685 951//685 765//685
f 770//686 952//686 958//686
f 770//686 958//686 829//686
f 829//687 958//687 957//687
f 829//688 957//688 834//688
f 834//689 957//689 896//689
f 834//690 896//690 833//690
f 952//691 770//691 951//691
f 951//691 770//691 765//691
f 798//226 961//226 801//226
f 801//227 961//227 962//227
f 801//227 962//227 803//227
f 803//228 962//228 963//228
f 803//228 963//228 805//228
f 805//229 963//229 964//229
f 805//229 964//229 807//229
f 807//230 964//230 965//230
f 807//230 965//230 809//230
f 809//231 965//231 966//231
f 809//231 966//231 811//231
f 811//232 966//232 967//232
f 811//232 967//232 819//232
f 819//233 967//233 968//233
f 819//233 968//233 821//233
f 821//234 968//234 969//234
f 821//234 969//234 823//234
f 823//235 969//235 970//235
f 823//235 970//235 825//235
f 825//236 970//236 971//236
f 825//236 971//236 827//236
f 827//237 971//237 972//237
f 827//237 972//237 830//237
f 830//238 972//238 973//238
f 830//238 973//238 831//238
f 831//239 973//239 974//239
f 831//239 974//239 768//239
f 768//240 974//240 975//240
f 768//240 975//240 769//240
f 769//241 975//241 976//241
f 769//241 976//241 771//241
f 771//242 976//242 977//242
f 771//242 977//242 772//242
f 772//243 977//243 978//243
f 772//243 978//243 766//243
f 766//244 978//244 979//244
f 766//244 979//244 767//244
f 767//245 979//245 980//245
f 767//245 980//245 776//245
f 776//246 980//246 981//246
f 776//246 981//246 815//246
f 815//247 981//247 982//247
f 815//247 982//247 777//247
f 777//248 982//248 983//248
f 777//248 983//248 778//248
f 778//249 983//249 984//249
f 778//249 984//249 781//249
f 781//250 984//250 985//250
f 781//250 985//250 783//250
f 783//251 985//251 986//251
f 783//251 986//251 785//251
f 785//252 986//252 987//252
f 785//252 987//252 787//252
f 787//253 987//253 988//253
f 787//253 988//253 790//253
f 790//254 988//254 989//254
f 790//254 989//254 792//254
f 792//255 989//255 990//255
f 792//255 990//255 794//255
f 794//256 990//256 991//256
f 794//256 991//256 796//256
f 796//257 991//257 992//257
f 796//257 992//257 798//257
f 798//226 992//226 961//226
f 993//5 994//5 995//5
f 995//5 994//5 996//5
f 995//5 996//5 997//5
f 997//5 996//5 998//5
f 997//5 998//5 999//5
f 999//5 998//5 1000//5
f 999//5 1000//5 1001//5
f 1001//5 1000//5 1002//5
f 1001//5 1002//5 1003//5
f 1003//5 1002//5 1004//5
f 1003//5 1004//5 1005//5
f 1005//5 1004//5 1006//5
f 1005//5 1006//5 1007//5
f 1007//5 1006//5 1008//5
f 1007//5 1008//5 1009//5
f 1009//5 1008//5 1010//5
f 1009//5 1010//5 1011//5
f 1011//5 1010//5 1012//5
f 1011//5 1012//5 1013//5
f 1013//5 1012//5 1014//5
f 1013//5 1014//5 1015//5
f 1015//5 1014//5 1016//5
f 1015//5 1016//5 1017//5
f 1017//5 1016//5 1018//5
f 1017//5 1018//5 1019//5
f 1019//5 1018//5 1020//5
f 1019//5 1020//5 1021//5
f 1021//5 1020//5 1022//5
f 1021//5 1022//5 1023//5
f 1023//5 1022//5 1024//5
f 1023//5 1024//5 1025//5
f 1025//5 1024//5 1026//5
f 1025//5 1026//5 1027//5
f 1027//5 1026//5 1028//5
f 1027//5 1028//5 1029//5
f 1029//5 1028//5 1030//5
f 1029//5 1030//5 1031//5
f 1031//5 1030//5 1032//5
f 1031//5 1032//5 1033//5
f 1033//5 1032//5 1034//5
f 1033//5 1034//5 1035//5
f 1035//5 1034//5 1036//5
f 1035//5 1036//5 1037//5
f 1037//5 1036//5 1038//5
f 1037//5 1038//5 1039//5
f 1039//5 1038//5 1040//5
f 1039//5 1040//5 1041//5
f 1041//5 1040//5 1042//5
f 1041//5 1042//5 1043//5
f 1043//5 1042//5 1044//5
f 1043//5 1044//5 1045//5
f 1045//5 1044//5 1046//5
f 1045//5 1046//5 1047//5
f 1047//5 1046//5 1048//5
f 1047//5 1048//5 1049//5
f 1049//5 1048//5 1050//5
f 1049//5 1050//5 1051//5
f 1051//5 1050//5 1052//5
f 1051//5 1052//5 1053//5
f 1053//5 1052//5 1054//5
f 1053//5 1054//5 1055//5
f 1055//5 1054//5 1056//5
f 1055//5 1056//5 993//5
f 993//5 1056//5 994//5
f 1057//258 1058//258 1049//258
f 1049//259 1058//259 1047//259
f 1058//692 1059//692 1047//692
f 1047//260 1059//260 1060//260
f 1047//260 1060//260 1045//260
f 1045//261 1060//261 1061//261
f 1045//261 1061//261 1043//261
f 1043//262 1061//262 1062//262
f 1043//262 1062//262 1041//262
f 1041//263 1062//263 1063//263
f 1041//263 1063//263 1039//263
f 1039//264 1063//264 1064//264
f 1039//264 1064//264 1037//264
f 1037//265 1064//265 1065//265
f 1037//265 1065//265 1035//265
f 1035//266 1065//266 1066//266
f 1035//266 1066//266 1033//266
f 1033//267 1066//267 1067//267
f 1033//267 1067//267 1031//267
f 1031//268 1067//268 1068//268
f 1031//268 1068//268 1029//268
f 1029//269 1068//269 1069//269
f 1029//269 1069//269 1027//269
f 1027//270 1069//270 1070//270
f 1027//270 1070//270 1025//270
f 1025//271 1070//271 1071//271
f 1025//271 1071//271 1023//271
f 1023//272 1071//272 1072//272
f 1023//272 1072//272 1021//272
f 1021//273 1072//273 1073//273
f 1021//273 1073//273 1019//273
f 1019//274 1073//274 1074//274
f 1019//274 1074//274 1017//274
f 1017//275 1074//275 1075//275
f 1017//275 1075//275 1015//275
f 1015//276 1075//276 1076//276
f 1015//276 1076//276 1013//276
f 1013//277 1076//277 1077//277
f 1013//277 1077//277 1011//277
f 1011//278 1077//278 1078//278
f 1011//278 1078//278 1009//278
f 1009//279 1078//279 1079//279
f 1009//279 1079//279 1007//279
f 1007//280 1079//280 1080//280
f 1007//280 1080//280 1005//280
f 1005//281 1080//281 1081//281
f 1005//281 1081//281 1003//281
f 1003//282 1081//282 1082//282
f 1003//282 1082//282 1001//282
f 1001//283 1082//283 1083//283
f 1001//283 1083//283 999//283
f 999//284 1083//284 1084//284
f 999//284 1084//284 997//284
f 997//285 1084//285 1085//285
f 997//285 1085//285 995//285
f 995//286 1085//286 1086//286
f 995//286 1086//286 993//286
f 993//287 1086//287 1087//287
f 993//287 1087//287 1055//287
f 1055//288 1087//288 1088//288
f 1055//288 1088//288 1053//288
f 1053//289 1088//289 1057//289
f 1053//289 1057//289 1051//289
f 1051//693 1057//693 1049//693
f 1089//5 1090//5 1091//5
f 1089//5 1092//5 1090//5
f 1090//5 1092//5 1093//5
f 1090//5 1093//5 1094//5
f 1094//5 1093//5 1095//5
f 1094//5 1095//5 1096//5
f 1096//5 1095//5 1097//5
f 1096//5 1097//5 1098//5
f 1098//5 1097//5 1099//5
f 1098//5 1099//5 1100//5
f 1100//5 1099//5 1101//5
f 1100//5 1101//5 1102//5
f 1103//5 1104//5 1105//5
f 1105//5 1104//5 1106//5
f 1105//5 1106//5 1107//5
f 1107//5 1106//5 1108//5
f 1107//5 1108//5 1109//5
f 1109//5 1108//5 1110//5
f 1109//5 1110//5 1111//5
f 1111//5 1110//5 1112//5
f 1111//5 1112//5 1113//5
f 1112//5 1114//5 1113//5
f 1113//5 1114//5 1115//5
f 1113//5 1115//5 1116//5
f 1116//5 1115//5 1117//5
f 1116//5 1117//5 1118//5
f 1118//5 1117//5 1119//5
f 1118//5 1119//5 1120//5
f 1120//5 1119//5 1121//5
f 1120//5 1121//5 1122//5
f 1122//5 1121//5 1123//5
f 1122//5 1123//5 1124//5
f 1123//5 1125//5 1124//5
f 1124//5 1125//5 1126//5
f 1124//5 1126//5 1127//5
f 1127//5 1126//5 1128//5
f 1127//5 1128//5 1129//5
f 1129//5 1128//5 1130//5
f 1129//5 1130//5 1131//5
f 1131//5 1130//5 1132//5
f 1131//5 1132//5 1133//5
f 1133//5 1132//5 1134//5
f 1133//5 1134//5 1091//5
f 1091//5 1134//5 1135//5
f 1091//5 1135//5 1089//5
f 1101//5 1136//5 1102//5
f 1102//5 1136//5 1137//5
f 1102//5 1137//5 1138//5
f 1138//5 1137//5 1139//5
f 1138//5 1139//5 1140//5
f 1140//5 1139//5 1141//5
f 1140//5 1141//5 1142//5
f 1142//5 1141//5 1143//5
f 1142//5 1143//5 1144//5
f 1144//5 1143//5 1145//5
f 1144//5 1145//5 1103//5
f 1103//5 1145//5 1146//5
f 1103//5 1146//5 1104//5
f 1147//694 912//694 907//694
f 1147//695 1148//695 912//695
f 912//696 1148//696 1149//696
f 912//697 1149//697 913//697
f 1149//698 1150//698 913//698
f 913//699 1150//699 1151//699
f 913//700 1151//700 928//700
f 1151//701 1152//701 928//701
f 928//702 1152//702 1153//702
f 928//703 1153//703 929//703
f 1153//704 1154//704 929//704
f 929//705 1154//705 1155//705
f 929//706 1155//706 930//706
f 1155//707 1156//707 930//707
f 930//708 1156//708 1157//708
f 930//709 1157//709 931//709
f 1157//710 1158//710 931//710
f 931//711 1158//711 1159//711
f 931//712 1159//712 925//712
f 1159//713 1160//713 925//713
f 925//714 1160//714 1161//714
f 925//715 1161//715 926//715
f 1161//716 1162//716 926//716
f 926//717 1162//717 1163//717
f 926//718 1163//718 927//718
f 1163//719 1164//719 927//719
f 927//720 1164//720 1165//720
f 927//721 1165//721 932//721
f 1165//722 1166//722 932//722
f 932//723 1166//723 1167//723
f 932//724 1167//724 933//724
f 1167//725 1168//725 933//725
f 933//726 1168//726 1169//726
f 933//727 1169//727 907//727
f 907//728 1169//728 1170//728
f 907//729 1170//729 1147//729
f 675//730 679//730 1168//730
f 1168//731 1167//731 675//731
f 675//732 1167//732 1166//732
f 675//733 1166//733 673//733
f 1166//734 1165//734 673//734
f 673//735 1165//735 1164//735
f 673//736 1164//736 671//736
f 671//737 1164//737 1163//737
f 671//738 1163//738 669//738
f 1163//739 1162//739 669//739
f 669//740 1162//740 1161//740
f 669//741 1161//741 698//741
f 1161//742 1160//742 698//742
f 698//743 1160//743 1159//743
f 698//744 1159//744 699//744
f 699//744 1159//744 1158//744
f 699//745 1158//745 691//745
f 1158//745 1157//745 691//745
f 691//746 1157//746 1156//746
f 691//747 1156//747 682//747
f 1156//748 1155//748 682//748
f 682//749 1155//749 1154//749
f 682//750 1154//750 683//750
f 683//751 1154//751 1153//751
f 683//752 1153//752 685//752
f 1153//753 1152//753 685//753
f 685//754 1152//754 1151//754
f 685//755 1151//755 687//755
f 1151//756 1150//756 687//756
f 687//757 1150//757 1149//757
f 687//758 1149//758 688//758
f 1149//759 1148//759 688//759
f 688//760 1148//760 1147//760
f 688//761 1147//761 659//761
f 659//761 1147//761 1170//761
f 659//762 1170//762 679//762
f 679//762 1170//762 1169//762
f 679//763 1169//763 1168//763
f 1171//694 910//694 909//694
f 1171//695 1172//695 910//695
f 910//696 1172//696 1173//696
f 910//697 1173//697 919//697
f 1173//698 1174//698 919//698
f 919//699 1174//699 1175//699
f 919//700 1175//700 920//700
f 1175//701 1176//701 920//701
f 920//702 1176//702 1177//702
f 920//703 1177//703 921//703
f 1177//704 1178//704 921//704
f 921//705 1178//705 1179//705
f 921//764 1179//764 922//764
f 1179//707 1180//707 922//707
f 922//708 1180//708 1181//708
f 922//709 1181//709 911//709
f 1181//710 1182//710 911//710
f 911//711 1182//711 1183//711
f 911//712 1183//712 905//712
f 1183//713 1184//713 905//713
f 905//714 1184//714 1185//714
f 905//765 1185//765 906//765
f 1185//716 1186//716 906//716
f 906//717 1186//717 1187//717
f 906//718 1187//718 937//718
f 1187//719 1188//719 937//719
f 937//720 1188//720 1189//720
f 937//721 1189//721 938//721
f 1189//722 1190//722 938//722
f 938//723 1190//723 1191//723
f 938//724 1191//724 939//724
f 1191//725 1192//725 939//725
f 939//726 1192//726 1193//726
f 939//727 1193//727 909//727
f 909//728 1193//728 1194//728
f 909//729 1194//729 1171//729
f 697//730 684//730 1192//730
f 1192//731 1191//731 697//731
f 697//732 1191//732 1190//732
f 697//733 1190//733 689//733
f 689//734 1190//734 1189//734
f 689//766 1189//766 690//766
f 1189//767 1188//767 690//767
f 690//737 1188//737 1187//737
f 690//738 1187//738 692//738
f 1187//739 1186//739 692//739
f 692//740 1186//740 1185//740
f 692//741 1185//741 693//741
f 1185//742 1184//742 693//742
f 693//743 1184//743 1183//743
f 693//744 1183//744 676//744
f 676//744 1183//744 1182//744
f 676//745 1182//745 677//745
f 1182//745 1181//745 677//745
f 677//746 1181//746 1180//746
f 677//747 1180//747 742//747
f 1180//748 1179//748 742//748
f 742//749 1179//749 1178//749
f 742//750 1178//750 743//750
f 1178//751 1177//751 743//751
f 743//768 1177//768 1176//768
f 743//769 1176//769 744//769
f 744//754 1176//754 1175//754
f 744//755 1175//755 730//755
f 1175//756 1174//756 730//756
f 730//757 1174//757 1173//757
f 730//758 1173//758 728//758
f 1173//759 1172//759 728//759
f 728//760 1172//760 1171//760
f 728//761 1171//761 686//761
f 686//761 1171//761 1194//761
f 686//762 1194//762 684//762
f 684//762 1194//762 1193//762
f 684//763 1193//763 1192//763
f 1195//694 940//694 942//694
f 1195//695 1196//695 940//695
f 940//696 1196//696 1197//696
f 940//697 1197//697 918//697
f 1197//698 1198//698 918//698
f 918//699 1198//699 1199//699
f 918//700 1199//700 947//700
f 1199//701 1200//701 947//701
f 947//702 1200//702 1201//702
f 947//703 1201//703 948//703
f 1201//704 1202//704 948//704
f 948//705 1202//705 1203//705
f 948//706 1203//706 915//706
f 1203//707 1204//707 915//707
f 915//708 1204//708 1205//708
f 915//709 1205//709 916//709
f 1205//710 1206//710 916//710
f 916//711 1206//711 1207//711
f 916//712 1207//712 917//712
f 1207//713 1208//713 917//713
f 917//714 1208//714 1209//714
f 917//715 1209//715 908//715
f 1209//716 1210//716 908//716
f 908//717 1210//717 1211//717
f 908//718 1211//718 936//718
f 1211//719 1212//719 936//719
f 936//720 1212//720 1213//720
f 936//721 1213//721 935//721
f 1213//722 1214//722 935//722
f 935//723 1214//723 1215//723
f 935//724 1215//724 934//724
f 1215//725 1216//725 934//725
f 934//726 1216//726 1217//726
f 934//727 1217//727 942//727
f 942//728 1217//728 1218//728
f 942//729 1218//729 1195//729
f 727//730 726//730 1216//730
f 1216//731 1215//731 727//731
f 727//732 1215//732 1214//732
f 727//733 1214//733 729//733
f 1214//734 1213//734 729//734
f 729//735 1213//735 1212//735
f 729//736 1212//736 731//736
f 731//737 1212//737 1211//737
f 731//738 1211//738 732//738
f 1211//739 1210//739 732//739
f 732//740 1210//740 1209//740
f 732//741 1209//741 746//741
f 1209//742 1208//742 746//742
f 746//743 1208//743 1207//743
f 746//744 1207//744 747//744
f 747//744 1207//744 1206//744
f 747//745 1206//745 748//745
f 1206//745 1205//745 748//745
f 748//746 1205//746 1204//746
f 748//747 1204//747 745//747
f 1204//748 1203//748 745//748
f 745//749 1203//749 1202//749
f 745//750 1202//750 738//750
f 738//751 1202//751 1201//751
f 738//752 1201//752 754//752
f 1201//753 1200//753 754//753
f 754//754 1200//754 1199//754
f 754//755 1199//755 755//755
f 1199//756 1198//756 755//756
f 755//757 1198//757 1197//757
f 755//758 1197//758 757//758
f 1197//759 1196//759 757//759
f 757//760 1196//760 1195//760
f 757//761 1195//761 712//761
f 712//761 1195//761 1218//761
f 712//762 1218//762 726//762
f 726//762 1218//762 1217//762
f 726//763 1217//763 1216//763
f 1219//770 1220//770 1221//770
f 1221//771 1220//771 1222//771
f 1221//772 1222//772 1223//772
f 1223//772 1222//772 1224//772
f 1223//773 1224//773 1225//773
f 1225//773 1224//773 1226//773
f 1225//774 1226//774 1227//774
f 1227//774 1226//774 1228//774
f 1227//775 1228//775 1229//775
f 1229//775 1228//775 1230//775
f 1229//776 1230//776 1231//776
f 1231//776 1230//776 1232//776
f 1231//3 1232//3 1233//3
f 1233//3 1232//3 1234//3
f 1233//777 1234//777 1235//777
f 1235//777 1234//777 1236//777
f 1235//778 1236//778 1237//778
f 1237//778 1236//778 1238//778
f 1237//779 1238//779 1239//779
f 1239//779 1238//779 1240//779
f 1239//780 1240//780 1241//780
f 1241//780 1240//780 1242//780
f 1241//781 1242//781 1243//781
f 1243//781 1242//781 1244//781
f 1243//167 1244//167 1245//167
f 1245//782 1244//782 1246//782
f 1245//783 1246//783 1247//783
f 1247//168 1246//168 1248//168
f 1247//784 1248//784 1249//784
f 1249//784 1248//784 1250//784
f 1249//785 1250//785 1251//785
f 1251//785 1250//785 1252//785
f 1251//786 1252//786 1253//786
f 1253//786 1252//786 1254//786
f 1253//787 1254//787 1255//787
f 1255//787 1254//787 1256//787
f 1255//788 1256//788 1257//788
f 1257//788 1256//788 1258//788
f 1257//4 1258//4 1259//4
f 1259//4 1258//4 1260//4
f 1259//789 1260//789 1261//789
f 1261//789 1260//789 1262//789
f 1261//790 1262//790 1263//790
f 1263//790 1262//790 1264//790
f 1263//791 1264//791 1265//791
f 1265//791 1264//791 1266//791
f 1265//792 1266//792 1267//792
f 1267//792 1266//792 1268//792
f 1267//793 1268//793 1269//793
f 1269//793 1268//793 1270//793
f 1269//794 1270//794 1219//794
f 1219//795 1270//795 1220//795
f 1222//796 720//796 1224//796
f 1224//796 720//796 722//796
f 1224//797 722//797 1226//797
f 1226//797 722//797 724//797
f 1226//798 724//798 1228//798
f 1228//798 724//798 725//798
f 1228//799 725//799 1230//799
f 1230//799 725//799 715//799
f 1230//800 715//800 1232//800
f 1232//800 715//800 713//800
f 1232//801 713//801 1234//801
f 1234//801 713//801 711//801
f 1234//802 711//802 1236//802
f 1236//802 711//802 710//802
f 1236//803 710//803 1238//803
f 1238//803 710//803 733//803
f 1238//804 733//804 1240//804
f 1240//804 733//804 734//804
f 1240//805 734//805 1242//805
f 1242//806 734//806 735//806
f 1242//807 735//807 1244//807
f 1244//807 735//807 741//807
f 1244//808 741//808 1246//808
f 1246//203 741//203 1271//203
f 1246//809 1271//809 1248//809
f 1248//810 1271//810 739//810
f 1248//811 739//811 1250//811
f 1250//812 739//812 709//812
f 1250//813 709//813 1252//813
f 1252//813 709//813 708//813
f 1252//814 708//814 1254//814
f 1254//814 708//814 707//814
f 1254//815 707//815 1256//815
f 1256//815 707//815 706//815
f 1256//816 706//816 1258//816
f 1258//816 706//816 703//816
f 1258//817 703//817 1260//817
f 1260//817 703//817 704//817
f 1260//818 704//818 1262//818
f 1262//818 704//818 705//818
f 1262//819 705//819 1264//819
f 1264//819 705//819 664//819
f 1264//820 664//820 1266//820
f 1266//820 664//820 663//820
f 1266//821 663//821 1268//821
f 1268//822 663//822 700//822
f 1268//823 700//823 1270//823
f 1270//823 700//823 702//823
f 1270//824 702//824 1220//824
f 1220//824 702//824 718//824
f 1220//825 718//825 1222//825
f 1222//825 718//825 720//825
f 1093//826 1092//826 1058//826
f 1058//451 1092//451 1059//451
f 1092//451 1089//451 1059//451
f 1059//452 1089//452 1135//452
f 1059//452 1135//452 1060//452
f 1060//453 1135//453 1134//453
f 1060//453 1134//453 1061//453
f 1061//454 1134//454 1132//454
f 1061//454 1132//454 1062//454
f 1062//455 1132//455 1130//455
f 1062//455 1130//455 1063//455
f 1063//456 1130//456 1128//456
f 1063//456 1128//456 1064//456
f 1064//457 1128//457 1126//457
f 1064//457 1126//457 1065//457
f 1065//458 1126//458 1125//458
f 1065//458 1125//458 1066//458
f 1066//460 1125//460 1123//460
f 1066//460 1123//460 1067//460
f 1067//461 1123//461 1121//461
f 1067//461 1121//461 1068//461
f 1068//462 1121//462 1119//462
f 1068//462 1119//462 1069//462
f 1069//463 1119//463 1117//463
f 1069//463 1117//463 1070//463
f 1070//464 1117//464 1115//464
f 1070//464 1115//464 1071//464
f 1071//827 1115//827 1114//827
f 1071//465 1114//465 1072//465
f 1072//466 1114//466 1112//466
f 1072//466 1112//466 1073//466
f 1073//467 1112//467 1110//467
f 1073//467 1110//467 1074//467
f 1074//468 1110//468 1108//468
f 1074//468 1108//468 1075//468
f 1075//469 1108//469 1106//469
f 1075//469 1106//469 1076//469
f 1076//470 1106//470 1104//470
f 1076//470 1104//470 1077//470
f 1077//471 1104//471 1146//471
f 1077//471 1146//471 1078//471
f 1078//472 1146//472 1145//472
f 1078//472 1145//472 1079//472
f 1079//473 1145//473 1143//473
f 1079//473 1143//473 1080//473
f 1080//474 1143//474 1141//474
f 1080//474 1141//474 1081//474
f 1081//475 1141//475 1139//475
f 1081//475 1139//475 1082//475
f 1082//477 1139//477 1137//477
f 1082//476 1137//476 1083//476
f 1083//478 1137//478 1136//478
f 1083//478 1136//478 1084//478
f 1084//479 1136//479 1101//479
f 1084//479 1101//479 1085//479
f 1085//480 1101//480 1099//480
f 1085//480 1099//480 1086//480
f 1086//481 1099//481 1097//481
f 1086//481 1097//481 1087//481
f 1087//482 1097//482 1095//482
f 1087//482 1095//482 1088//482
f 1088//483 1095//483 1093//483
f 1088//483 1093//483 1057//483
f 1057//450 1093//450 1058//450
f 1243//828 1094//828 1241//828
f 1241//829 1094//829 1096//829
f 1241//830 1096//830 1239//830
f 1239//830 1096//830 1098//830
f 1239//831 1098//831 1237//831
f 1237//831 1098//831 1100//831
f 1237//832 1100//832 1235//832
f 1235//832 1100//832 1102//832
f 1235//833 1102//833 1233//833
f 1233//833 1102//833 1138//833
f 1233//834 1138//834 1231//834
f 1231//834 1138//834 1140//834
f 1231//835 1140//835 1229//835
f 1229//835 1140//835 1142//835
f 1229//836 1142//836 1227//836
f 1227//836 1142//836 1144//836
f 1227//837 1144//837 1225//837
f 1225//837 1144//837 1103//837
f 1225//838 1103//838 1223//838
f 1223//839 1103//839 1105//839
f 1223//840 1105//840 1221//840
f 1221//840 1105//840 1107//840
f 1221//841 1107//841 1219//841
f 1219//841 1107//841 1109//841
f 1219//842 1109//842 1269//842
f 1269//842 1109//842 1111//842
f 1269//843 1111//843 1267//843
f 1267//843 1111//843 1113//843
f 1267//844 1113//844 1265//844
f 1265//844 1113//844 1116//844
f 1265//845 1116//845 1263//845
f 1263//845 1116//845 1118//845
f 1263//846 1118//846 1261//846
f 1261//846 1118//846 1120//846
f 1261//847 1120//847 1259//847
f 1259//847 1120//847 1122//847
f 1259//848 1122//848 1257//848
f 1257//848 1122//848 1124//848
f 1257//849 1124//849 1255//849
f 1255//849 1124//849 1127//849
f 1255//850 1127//850 1253//850
f 1253//850 1127//850 1129//850
f 1253//851 1129//851 1251//851
f 1251//851 1129//851 1131//851
f 1251//852 1131//852 1249//852
f 1249//853 1131//853 1133//853
f 1249//854 1133//854 1247//854
f 1247//854 1133//854 1091//854
f 1247//855 1091//855 1245//855
f 1245//856 1091//856 1090//856
f 1245//857 1090//857 1243//857
f 1243//858 1090//858 1094//858
f 992//512 1016//512 961//512
f 961//513 1016//513 1014//513
f 961//513 1014//513 962//513
f 962//514 1014//514 1012//514
f 962//514 1012//514 963//514
f 963//515 1012//515 1010//515
f 963//515 1010//515 964//515
f 964//516 1010//516 1008//516
f 964//516 1008//516 965//516
f 965//517 1008//517 1006//517
f 965//517 1006//517 966//517
f 966//518 1006//518 1004//518
f 966//518 1004//518 967//518
f 967//519 1004//519 1002//519
f 967//519 1002//519 968//519
f 968//520 1002//520 1000//520
f 968//520 1000//520 969//520
f 969//521 1000//521 998//521
f 969//521 998//521 970//521
f 970//522 998//522 996//522
f 970//522 996//522 971//522
f 971//523 996//523 994//523
f 971//523 994//523 972//523
f 972//524 994//524 1056//524
f 972//524 1056//524 973//524
f 973//525 1056//525 1054//525
f 973//525 1054//525 974//525
f 974//526 1054//526 1052//526
f 974//526 1052//526 975//526
f 975//527 1052//527 1050//527
f 975//527 1050//527 976//527
f 976//528 1050//528 1048//528
f 976//528 1048//528 977//528
f 977//529 1048//529 1046//529
f 977//529 1046//529 978//529
f 978//530 1046//530 1044//530
f 978//530 1044//530 979//530
f 979//531 1044//531 1042//531
f 979//531 1042//531 980//531
f 980//532 1042//532 1040//532
f 980//532 1040//532 981//532
f 981//533 1040//533 1038//533
f 981//533 1038//533 982//533
f 982//534 1038//534 1036//534
f 982//534 1036//534 983//534
f 983//535 1036//535 1034//535
f 983//535 1034//535 984//535
f 984//536 1034//536 1032//536
f 984//536 1032//536 985//536
f 985//537 1032//537 1030//537
f 985//537 1030//537 986//537
f 986//538 1030//538 1028//538
f 986//538 1028//538 987//538
f 987//539 1028//539 1026//539
f 987//539 1026//539 988//539
f 988//540 1026//540 1024//540
f 988//540 1024//540 989//540
f 989//541 1024//541 1022//541
f 989//541 1022//541 990//541
f 990//542 1022//542 1020//542
f 990//542 1020//542 991//542
f 991//543 1020//543 1018//543
f 991//543 1018//543 992//543
f 992//512 1018//512 1016//512
f 1272//1 1273//1 1274//1
f 1275//1 1274//1 1276//1
f 1276//1 1274//1 1277//1
f 1278//1 1279//1 1280//1
f 1280//1 1279//1 1281//1
f 1275//1 1282//1 1274//1
f 1274//1 1282//1 1283//1
f 1274//1 1283//1 1284//1
f 1273//1 1285//1 1274//1
f 1274//1 1285//1 1286//1
f 1274//1 1286//1 1287//1
f 1288//1 1289//1 1290//1
f 1291//1 1292//1 1293//1
f 1293//1 1292//1 1294//1
f 1286//1 1295//1 1287//1
f 1287//1 1295//1 1296//1
f 1287//1 1296//1 1297//1
f 1297//1 1296//1 1298//1
f 1289//1 1288//1 1299//1
f 1299//1 1288//1 1281//1
f 1299//1 1281//1 1300//1
f 1300//1 1281//1 1279//1
f 1300//1 1279//1 1298//1
f 1298//1 1279//1 1301//1
f 1298//1 1301//1 1297//1
f 1272//1 1274//1 1302//1
f 1302//1 1274//1 1284//1
f 1302//859 1284//859 1290//859
f 1290//1 1284//1 1303//1
f 1290//1 1303//1 1288//1
f 1288//1 1303//1 1304//1
f 1288//1 1304//1 1305//1
f 1305//1 1306//1 1288//1
f 1288//1 1306//1 1307//1
f 1288//1 1307//1 1308//1
f 1309//1 1308//1 1310//1
f 1310//2 1308//2 1277//2
f 1310//1 1277//1 1311//1
f 1311//1 1277//1 1274//1
f 1311//1 1274//1 1312//1
f 1312//1 1274//1 1313//1
f 1312//1 1313//1 1314//1
f 1314//1 1313//1 1315//1
f 1314//1 1315//1 1316//1
f 1316//1 1315//1 1292//1
f 1316//1 1292//1 1317//1
f 1317//1 1292//1 1291//1
f 1317//1 1291//1 1318//1
f 1318//1 1291//1 1319//1
f 1309//1 1320//1 1308//1
f 1308//1 1320//1 1321//1
f 1308//1 1321//1 1288//1
f 1288//1 1321//1 1322//1
f 1288//1 1322//1 1319//1
f 1319//1 1322//1 1323//1
f 1319//1 1323//1 1318//1
f 1324//1 1325//1 1326//1
f 1327//1 1328//1 106//1
f 106//1 1328//1 1329//1
f 1330//1 1331//1 1332//1
f 1333//1 1334//1 1335//1
f 1336//1 1337//1 112//1
f 112//1 1337//1 1338//1
f 112//1 1338//1 1339//1
f 1340//1 1341//1 1342//1
f 1343//1 1344//1 1345//1
f 1345//1 1344//1 1346//1
f 1345//1 1346//1 1347//1
f 1326//1 112//1 1348//1
f 1348//1 112//1 1349//1
f 1343//1 1345//1 1332//1
f 1332//1 1345//1 1350//1
f 1332//1 1350//1 1330//1
f 1335//1 1336//1 1333//1
f 1333//1 1336//1 112//1
f 1333//1 112//1 1351//1
f 1351//1 112//1 1326//1
f 1351//1 1326//1 1352//1
f 1352//1 1326//1 1325//1
f 1324//1 1326//1 1353//1
f 1353//1 1326//1 1354//1
f 1353//2 1354//2 1342//2
f 1342//1 1354//1 1355//1
f 1342//1 1355//1 1340//1
f 1356//1 1357//1 1358//1
f 1349//1 112//1 1359//1
f 1359//1 112//1 1360//1
f 1359//1 1360//1 1361//1
f 1331//1 106//1 1332//1
f 1332//1 106//1 1329//1
f 1332//1 1329//1 1362//1
f 1362//1 1329//1 1335//1
f 1362//1 1335//1 1363//1
f 1363//1 1335//1 1334//1
f 1363//1 1334//1 1364//1
f 1364//1 1334//1 1365//1
f 1364//1 1365//1 1366//1
f 1366//1 1365//1 1367//1
f 1366//1 1367//1 1368//1
f 1368//1 1367//1 1369//1
f 1368//1 1369//1 1370//1
f 1370//1 1369//1 1371//1
f 1371//2 1342//2 1370//2
f 1370//1 1342//1 1372//1
f 1370//1 1372//1 1373//1
f 1373//1 1372//1 1347//1
f 1373//1 1347//1 1374//1
f 1374//1 1347//1 1346//1
f 1341//1 1375//1 1342//1
f 1342//1 1375//1 1376//1
f 1342//1 1376//1 1372//1
f 1372//1 1376//1 1377//1
f 1372//1 1377//1 1358//1
f 1358//1 1377//1 1361//1
f 1358//1 1361//1 1356//1
f 1356//1 1361//1 1360//1
f 1378//5 1379//5 1380//5
f 1381//5 1382//5 1383//5
f 1384//5 1385//5 1386//5
f 1387//5 1388//5 1389//5
f 1390//5 1391//5 1392//5
f 1393//5 1394//5 1395//5
f 1395//5 1394//5 1396//5
f 1397//5 1398//5 1399//5
f 1400//5 1401//5 1402//5
f 1403//5 1404//5 1405//5
f 1406//5 1407//5 1408//5
f 1407//5 1406//5 1409//5
f 1410//5 1411//5 1412//5
f 1412//5 1411//5 1413//5
f 1412//5 1413//5 1414//5
f 1414//5 1413//5 1415//5
f 1414//5 1415//5 1416//5
f 1416//5 1415//5 1417//5
f 1417//5 1415//5 1393//5
f 1417//5 1393//5 1418//5
f 1419//5 1420//5 1421//5
f 1421//5 1420//5 1422//5
f 1421//5 1422//5 1395//5
f 1395//5 1422//5 1423//5
f 1395//5 1423//5 1393//5
f 1393//5 1423//5 1424//5
f 1393//5 1424//5 1418//5
f 1425//5 1426//5 1427//5
f 1428//5 1429//5 1430//5
f 1426//5 1431//5 1427//5
f 1427//5 1431//5 1432//5
f 1427//5 1432//5 1433//5
f 1433//5 1432//5 1434//5
f 1433//5 1434//5 1429//5
f 1429//5 1434//5 1435//5
f 1429//5 1435//5 1430//5
f 1430//5 1436//5 1428//5
f 1428//5 1436//5 1437//5
f 1428//5 1437//5 1438//5
f 1438//5 1437//5 1439//5
f 1438//5 1439//5 1440//5
f 1425//5 1441//5 1442//5
f 1442//5 1441//5 1443//5
f 1442//5 1443//5 1440//5
f 1444//5 1445//5 1446//5
f 1444//5 1446//5 1447//5
f 1447//5 1446//5 1448//5
f 1447//5 1448//5 1449//5
f 1449//5 1450//5 1447//5
f 1447//5 1450//5 1451//5
f 1447//5 1451//5 1452//5
f 1453//5 1454//5 1455//5
f 1455//5 1454//5 1456//5
f 1455//5 1456//5 1457//5
f 1457//5 1456//5 1458//5
f 1457//5 1458//5 1459//5
f 1445//5 1444//5 1460//5
f 1460//5 1444//5 1461//5
f 1460//5 1461//5 1459//5
f 1462//5 1463//5 1464//5
f 1464//5 1463//5 1465//5
f 1464//5 1465//5 1466//5
f 1467//5 1468//5 1469//5
f 1467//5 1469//5 1405//5
f 1405//5 1469//5 1470//5
f 1405//5 1470//5 1403//5
f 1471//5 1472//5 1473//5
f 1474//5 1475//5 1476//5
f 1476//5 1475//5 1477//5
f 1471//5 1473//5 1467//5
f 1478//5 1479//5 1480//5
f 1480//5 1479//5 1481//5
f 1480//5 1481//5 1471//5
f 1471//5 1481//5 1482//5
f 1471//5 1482//5 1472//5
f 1473//5 1483//5 1467//5
f 1467//5 1483//5 1484//5
f 1467//5 1484//5 1468//5
f 1468//5 1484//5 1485//5
f 1468//5 1485//5 1486//5
f 1486//5 1485//5 1474//5
f 1486//5 1474//5 1487//5
f 1487//5 1474//5 1476//5
f 1487//5 1476//5 1488//5
f 1489//5 1490//5 1491//5
f 1492//5 1493//5 1494//5
f 1494//5 1493//5 1495//5
f 1494//5 1495//5 1496//5
f 1491//5 1490//5 1497//5
f 1498//5 1499//5 1500//5
f 1500//5 1499//5 1495//5
f 1500//5 1495//5 1501//5
f 1501//5 1495//5 1493//5
f 1502//5 1503//5 1471//5
f 1471//5 1503//5 1504//5
f 1490//5 1505//5 1497//5
f 1497//5 1505//5 1506//5
f 1497//5 1506//5 1502//5
f 1502//5 1506//5 1507//5
f 1502//5 1507//5 1503//5
f 1508//5 1509//5 1389//5
f 1389//5 1509//5 1510//5
f 1511//5 1512//5 1497//5
f 1497//5 1512//5 1513//5
f 1497//5 1513//5 1491//5
f 1491//5 1513//5 1514//5
f 1491//5 1514//5 1515//5
f 1498//5 1489//5 1499//5
f 1499//5 1489//5 1491//5
f 1499//5 1491//5 1516//5
f 1516//5 1491//5 1515//5
f 1515//5 1517//5 1516//5
f 1516//5 1517//5 1518//5
f 1516//5 1518//5 1400//5
f 1400//5 1518//5 1519//5
f 1400//5 1519//5 1401//5
f 1401//5 1519//5 1520//5
f 1401//5 1520//5 1508//5
f 1508//5 1389//5 1401//5
f 1401//5 1389//5 1521//5
f 1401//5 1521//5 1522//5
f 1523//5 1524//5 1525//5
f 1525//5 1524//5 1526//5
f 1525//5 1526//5 1527//5
f 1522//5 1528//5 1401//5
f 1401//5 1528//5 1529//5
f 1401//5 1529//5 1402//5
f 1402//5 1529//5 1530//5
f 1402//5 1530//5 1526//5
f 1526//5 1530//5 1531//5
f 1526//5 1531//5 1527//5
f 1532//5 1533//5 1534//5
f 1534//5 1533//5 1535//5
f 1534//5 1535//5 1388//5
f 1388//5 1535//5 1536//5
f 1388//5 1536//5 1389//5
f 1389//5 1536//5 1537//5
f 1389//5 1537//5 1521//5
f 1538//5 1539//5 1534//5
f 1534//5 1539//5 1540//5
f 1540//5 1539//5 1541//5
f 1540//5 1541//5 1542//5
f 1543//5 1398//5 1544//5
f 1544//5 1398//5 1397//5
f 1544//5 1397//5 1545//5
f 1545//5 1397//5 1546//5
f 1546//5 1397//5 1547//5
f 1546//5 1547//5 1548//5
f 1527//5 1532//5 1525//5
f 1525//5 1532//5 1534//5
f 1525//5 1534//5 1523//5
f 1523//5 1534//5 1540//5
f 1523//5 1540//5 1547//5
f 1547//5 1540//5 1542//5
f 1547//5 1542//5 1548//5
f 1549//5 1396//5 1550//5
f 1550//5 1396//5 1551//5
f 1550//5 1551//5 1552//5
f 1552//5 1551//5 1399//5
f 1552//5 1399//5 1553//5
f 1553//5 1399//5 1398//5
f 1553//5 1398//5 1554//5
f 1554//5 1398//5 1543//5
f 1554//5 1543//5 1385//5
f 1385//5 1543//5 1555//5
f 1385//5 1555//5 1386//5
f 1386//5 1555//5 1556//5
f 1425//5 1427//5 1441//5
f 1441//5 1427//5 1557//5
f 1441//5 1557//5 1443//5
f 1443//5 1557//5 1558//5
f 1443//5 1558//5 1559//5
f 1559//5 1558//5 1560//5
f 1559//5 1560//5 1561//5
f 1562//860 1563//860 1447//860
f 1447//5 1563//5 1564//5
f 1447//5 1564//5 1444//5
f 1565//5 1566//5 1428//5
f 1428//5 1566//5 1567//5
f 1428//5 1567//5 1429//5
f 1567//5 1568//5 1429//5
f 1429//5 1568//5 1569//5
f 1429//5 1569//5 1570//5
f 1564//5 1571//5 1444//5
f 1444//5 1571//5 1572//5
f 1444//5 1572//5 1565//5
f 1569//5 1573//5 1570//5
f 1570//5 1573//5 1574//5
f 1570//5 1574//5 1562//5
f 1562//5 1574//5 1575//5
f 1562//5 1575//5 1563//5
f 1576//5 1577//5 1390//5
f 1577//5 1576//5 1578//5
f 1579//5 1379//5 1580//5
f 1580//5 1379//5 1378//5
f 1580//5 1378//5 1581//5
f 1581//5 1378//5 1496//5
f 1440//5 1443//5 1438//5
f 1438//5 1443//5 1582//5
f 1438//5 1582//5 1583//5
f 1584//5 1585//5 1586//5
f 1586//5 1585//5 1411//5
f 1586//5 1411//5 1587//5
f 1587//5 1411//5 1410//5
f 1584//5 1386//5 1588//5
f 1588//5 1386//5 1556//5
f 1588//5 1556//5 1589//5
f 1589//5 1538//5 1588//5
f 1588//5 1538//5 1534//5
f 1588//5 1534//5 1590//5
f 1590//5 1534//5 1388//5
f 1510//5 1511//5 1389//5
f 1389//5 1511//5 1497//5
f 1389//5 1497//5 1387//5
f 1387//5 1497//5 1502//5
f 1387//5 1502//5 1591//5
f 1591//5 1502//5 1471//5
f 1591//5 1471//5 1592//5
f 1592//5 1471//5 1467//5
f 1592//5 1467//5 1593//5
f 1593//5 1467//5 1405//5
f 1593//5 1405//5 1594//5
f 1587//5 1419//5 1586//5
f 1586//5 1419//5 1421//5
f 1586//5 1421//5 1584//5
f 1584//5 1421//5 1595//5
f 1584//5 1595//5 1386//5
f 1386//5 1595//5 1596//5
f 1386//5 1596//5 1384//5
f 1549//5 1383//5 1396//5
f 1396//5 1383//5 1382//5
f 1396//5 1382//5 1395//5
f 1395//5 1382//5 1381//5
f 1395//5 1381//5 1421//5
f 1421//5 1381//5 1597//5
f 1421//5 1597//5 1595//5
f 1595//5 1597//5 1598//5
f 1595//5 1598//5 1596//5
f 1462//5 1488//5 1463//5
f 1463//5 1488//5 1476//5
f 1463//5 1476//5 1480//5
f 1480//5 1476//5 1477//5
f 1480//5 1477//5 1478//5
f 1599//5 1600//5 1601//5
f 1601//5 1600//5 1602//5
f 1601//5 1602//5 1380//5
f 1380//5 1602//5 1603//5
f 1380//5 1603//5 1604//5
f 1605//5 1465//5 1606//5
f 1606//5 1465//5 1463//5
f 1606//5 1463//5 1607//5
f 1607//5 1463//5 1608//5
f 1605//5 1609//5 1465//5
f 1465//5 1609//5 1610//5
f 1465//5 1610//5 1611//5
f 1604//5 1608//5 1380//5
f 1380//5 1608//5 1463//5
f 1380//5 1463//5 1378//5
f 1378//5 1463//5 1480//5
f 1378//5 1480//5 1496//5
f 1496//5 1480//5 1471//5
f 1496//5 1471//5 1494//5
f 1494//5 1471//5 1504//5
f 1494//5 1504//5 1492//5
f 1612//5 1613//5 1614//5
f 1614//5 1613//5 1615//5
f 1614//5 1615//5 1408//5
f 1616//5 1617//5 1618//5
f 1619//5 1620//5 1621//5
f 1621//5 1620//5 1622//5
f 1621//5 1622//5 1618//5
f 1618//5 1622//5 1623//5
f 1618//5 1623//5 1616//5
f 1615//5 1624//5 1408//5
f 1408//5 1624//5 1625//5
f 1408//5 1625//5 1621//5
f 1621//5 1625//5 1626//5
f 1621//5 1626//5 1619//5
f 1585//5 1582//5 1411//5
f 1411//5 1582//5 1443//5
f 1411//5 1443//5 1413//5
f 1413//5 1443//5 1559//5
f 1413//5 1559//5 1415//5
f 1415//5 1559//5 1561//5
f 1459//5 1461//5 1457//5
f 1457//5 1461//5 1627//5
f 1457//5 1627//5 1618//5
f 1451//5 1453//5 1452//5
f 1452//5 1453//5 1455//5
f 1452//5 1455//5 1391//5
f 1391//5 1455//5 1457//5
f 1391//5 1457//5 1392//5
f 1392//5 1457//5 1618//5
f 1392//5 1618//5 1614//5
f 1614//5 1618//5 1617//5
f 1614//5 1617//5 1612//5
f 1390//5 1392//5 1576//5
f 1576//5 1392//5 1614//5
f 1576//5 1614//5 1628//5
f 1628//5 1614//5 1408//5
f 1628//5 1408//5 1629//5
f 1629//5 1408//5 1407//5
f 1629//5 1407//5 1465//5
f 1465//5 1407//5 1409//5
f 1465//5 1409//5 1466//5
f 1578//5 1576//5 1630//5
f 1630//5 1576//5 1628//5
f 1630//5 1628//5 1631//5
f 1631//5 1628//5 1629//5
f 1631//5 1629//5 1632//5
f 1632//5 1629//5 1465//5
f 1632//5 1465//5 1601//5
f 1601//5 1465//5 1611//5
f 1601//5 1611//5 1599//5
f 1565//5 1428//5 1444//5
f 1444//5 1428//5 1438//5
f 1444//5 1438//5 1461//5
f 1461//5 1438//5 1583//5
f 1461//5 1583//5 1627//5
f 1627//5 1583//5 1633//5
f 1627//5 1633//5 1618//5
f 1618//5 1633//5 1594//5
f 1618//5 1594//5 1621//5
f 1621//5 1594//5 1405//5
f 1621//5 1405//5 1408//5
f 1408//5 1405//5 1404//5
f 1408//5 1404//5 1406//5
f 1634//5 1635//5 1636//5
f 1637//5 1638//5 1639//5
f 1640//5 1641//5 1642//5
f 1642//5 1641//5 1643//5
f 1642//5 1643//5 1644//5
f 1645//5 1646//5 1647//5
f 1648//5 1649//5 1650//5
f 1651//5 1652//5 1653//5
f 1653//5 1652//5 1654//5
f 1655//50 1656//50 1657//50
f 1658//5 1659//5 1660//5
f 1661//5 1662//5 1663//5
f 1636//5 1664//5 1665//5
f 1666//5 1667//5 1668//5
f 1668//5 1667//5 1669//5
f 1639//5 1670//5 1671//5
f 1657//5 1672//5 1673//5
f 1674//5 1675//5 1676//5
f 1676//5 1675//5 1677//5
f 1634//5 1636//5 1678//5
f 1678//5 1636//5 1665//5
f 1678//5 1665//5 1679//5
f 1660//5 1680//5 1681//5
f 1682//5 1683//5 1684//5
f 1684//5 1683//5 1685//5
f 1686//5 1642//5 1687//5
f 1687//5 1642//5 1644//5
f 1687//5 1644//5 1688//5
f 1688//5 1644//5 1689//5
f 1690//5 1691//5 1692//5
f 1692//5 1691//5 1648//5
f 1692//5 1648//5 1693//5
f 1693//5 1648//5 1650//5
f 1637//5 1639//5 1694//5
f 1694//5 1639//5 1671//5
f 1694//5 1671//5 1695//5
f 1696//5 1655//5 1697//5
f 1697//5 1655//5 1657//5
f 1697//5 1657//5 1698//5
f 1698//5 1657//5 1673//5
f 1699//5 1700//5 1697//5
f 1697//5 1700//5 1701//5
f 1697//5 1701//5 1696//5
f 1702//5 1703//5 1674//5
f 1674//5 1703//5 1704//5
f 1674//5 1704//5 1675//5
f 1675//5 1704//5 1700//5
f 1675//5 1700//5 1705//5
f 1705//5 1700//5 1699//5
f 1706//5 1707//5 1708//5
f 1709//5 1658//5 1710//5
f 1710//5 1658//5 1660//5
f 1710//5 1660//5 1711//5
f 1711//5 1660//5 1681//5
f 1712//5 1713//5 1710//5
f 1710//5 1713//5 1714//5
f 1710//5 1714//5 1709//5
f 1715//5 1716//5 1717//5
f 1718//5 1719//5 1662//5
f 1662//5 1719//5 1720//5
f 1662//5 1720//5 1721//5
f 1689//5 1644//5 1692//5
f 1692//5 1644//5 1722//5
f 1692//5 1722//5 1690//5
f 1723//5 1724//5 1725//5
f 1726//5 1727//5 1728//5
f 1728//5 1727//5 1729//5
f 1730//5 1731//5 1732//5
f 1730//5 1732//5 1733//5
f 1733//5 1732//5 1734//5
f 1733//5 1734//5 1735//5
f 1736//5 1737//5 1738//5
f 1738//5 1737//5 1739//5
f 1665//5 1740//5 1679//5
f 1679//5 1740//5 1741//5
f 1679//5 1741//5 1742//5
f 1742//5 1741//5 1677//5
f 1742//5 1677//5 1743//5
f 1743//5 1677//5 1675//5
f 1712//5 1744//5 1713//5
f 1713//5 1744//5 1745//5
f 1713//5 1745//5 1746//5
f 1746//5 1745//5 1747//5
f 1748//5 1749//5 1707//5
f 1707//5 1749//5 1750//5
f 1707//5 1750//5 1751//5
f 1752//5 1753//5 1754//5
f 1754//5 1753//5 1718//5
f 1754//5 1718//5 1755//5
f 1755//5 1718//5 1662//5
f 1755//5 1662//5 1756//5
f 1756//5 1662//5 1661//5
f 1671//5 1757//5 1695//5
f 1695//5 1757//5 1758//5
f 1695//5 1758//5 1759//5
f 1759//5 1758//5 1648//5
f 1759//5 1648//5 1760//5
f 1760//5 1648//5 1691//5
f 1761//5 1723//5 1762//5
f 1762//5 1723//5 1725//5
f 1762//5 1725//5 1763//5
f 1763//5 1725//5 1764//5
f 1763//5 1764//5 1730//5
f 1730//5 1764//5 1765//5
f 1730//5 1765//5 1731//5
f 1766//5 1767//5 1768//5
f 1769//5 1770//5 1771//5
f 1771//5 1770//5 1772//5
f 1771//5 1772//5 1645//5
f 1677//5 1773//5 1676//5
f 1676//5 1773//5 1774//5
f 1676//5 1774//5 1775//5
f 1775//5 1774//5 1706//5
f 1775//5 1706//5 1776//5
f 1776//5 1706//5 1708//5
f 1776//5 1708//5 1716//5
f 1716//5 1708//5 1777//5
f 1716//5 1777//5 1717//5
f 1778//5 1779//5 1667//5
f 1667//5 1779//5 1780//5
f 1667//5 1780//5 1669//5
f 1669//5 1780//5 1781//5
f 1669//5 1781//5 1782//5
f 1782//5 1781//5 1783//5
f 1781//5 1784//5 1783//5
f 1783//5 1784//5 1785//5
f 1783//5 1785//5 1706//5
f 1706//5 1785//5 1747//5
f 1706//5 1747//5 1707//5
f 1707//5 1747//5 1745//5
f 1707//5 1745//5 1748//5
f 1786//5 1661//5 1787//5
f 1787//5 1661//5 1663//5
f 1787//5 1663//5 1788//5
f 1788//5 1663//5 1789//5
f 1788//5 1789//5 1790//5
f 1790//5 1789//5 1751//5
f 1790//5 1751//5 1683//5
f 1683//5 1751//5 1750//5
f 1683//5 1750//5 1685//5
f 1791//5 1792//5 1793//5
f 1793//5 1792//5 1794//5
f 1793//5 1794//5 1795//5
f 1795//5 1794//5 1647//5
f 1795//5 1647//5 1796//5
f 1796//5 1647//5 1646//5
f 1796//5 1646//5 1797//5
f 1797//5 1646//5 1798//5
f 1797//5 1798//5 1799//5
f 1799//5 1798//5 1724//5
f 1799//5 1724//5 1800//5
f 1800//5 1724//5 1723//5
f 1765//5 1801//5 1731//5
f 1731//5 1801//5 1802//5
f 1731//5 1802//5 1803//5
f 1803//5 1802//5 1769//5
f 1803//5 1769//5 1752//5
f 1717//5 1736//5 1715//5
f 1715//5 1736//5 1738//5
f 1715//5 1738//5 1804//5
f 1804//5 1738//5 1766//5
f 1804//5 1766//5 1805//5
f 1805//5 1766//5 1768//5
f 1767//5 1771//5 1768//5
f 1768//5 1771//5 1645//5
f 1768//5 1645//5 1806//5
f 1806//5 1645//5 1647//5
f 1771//5 1807//5 1769//5
f 1769//5 1807//5 1808//5
f 1769//5 1808//5 1752//5
f 1752//5 1808//5 1809//5
f 1752//5 1809//5 1753//5
f 1721//5 1720//5 1739//5
f 1739//5 1720//5 1810//5
f 1739//5 1810//5 1738//5
f 1811//5 1812//5 1813//5
f 1813//5 1812//5 1814//5
f 1813//5 1814//5 1815//5
f 1815//5 1814//5 1816//5
f 1817//5 1818//5 1727//5
f 1727//5 1818//5 1819//5
f 1727//5 1819//5 1729//5
f 1729//5 1819//5 1820//5
f 1729//5 1820//5 1821//5
f 1821//5 1820//5 1791//5
f 1822//50 1823//50 1652//50
f 1652//5 1823//5 1824//5
f 1652//5 1824//5 1654//5
f 1654//5 1824//5 1816//5
f 1654//5 1816//5 1825//5
f 1825//5 1816//5 1814//5
f 1820//5 1826//5 1791//5
f 1791//5 1826//5 1649//5
f 1791//5 1649//5 1792//5
f 1792//5 1649//5 1648//5
f 1792//5 1648//5 1827//5
f 1827//5 1648//5 1828//5
f 1827//5 1828//5 1829//5
f 1829//5 1828//5 1811//5
f 1829//5 1811//5 1702//5
f 1702//5 1811//5 1813//5
f 1702//5 1813//5 1703//5
f 1830//3 1279//3 1278//3
f 1831//3 1832//3 1327//3
f 1833//3 1834//3 1278//3
f 1278//3 1834//3 1835//3
f 1278//3 1835//3 1830//3
f 1836//3 1831//3 1837//3
f 1837//3 1831//3 1327//3
f 1837//3 1327//3 1838//3
f 1838//3 1327//3 106//3
f 1833//3 1839//3 1834//3
f 1834//3 1839//3 1840//3
f 1834//3 1840//3 1841//3
f 1841//3 1840//3 1842//3
f 1841//3 1842//3 1843//3
f 1843//3 1842//3 1844//3
f 1843//3 1844//3 1845//3
f 1845//3 1844//3 1846//3
f 1845//3 1846//3 1847//3
f 1847//3 1846//3 1848//3
f 1847//3 1848//3 1849//3
f 1849//3 1848//3 1850//3
f 1849//3 1850//3 1851//3
f 1851//3 1850//3 1852//3
f 1851//3 1852//3 1853//3
f 1853//3 1852//3 1854//3
f 1853//3 1854//3 1855//3
f 1855//3 1854//3 1856//3
f 1855//3 1856//3 1836//3
f 1836//3 1856//3 1857//3
f 1836//3 1857//3 1831//3
f 1858//4 112//4 1339//4
f 1859//4 1860//4 1294//4
f 1861//4 1862//4 1339//4
f 1339//4 1862//4 1863//4
f 1339//4 1863//4 1858//4
f 1864//4 1859//4 1865//4
f 1865//4 1859//4 1294//4
f 1865//4 1294//4 1866//4
f 1866//4 1294//4 1292//4
f 1861//4 1867//4 1862//4
f 1862//4 1867//4 1868//4
f 1862//4 1868//4 1869//4
f 1869//4 1868//4 1870//4
f 1869//4 1870//4 1871//4
f 1871//4 1870//4 1872//4
f 1871//4 1872//4 1873//4
f 1873//4 1872//4 1874//4
f 1873//4 1874//4 1875//4
f 1875//4 1874//4 1876//4
f 1875//4 1876//4 1877//4
f 1877//4 1876//4 1878//4
f 1877//4 1878//4 1879//4
f 1879//4 1878//4 1880//4
f 1879//4 1880//4 1881//4
f 1881//4 1880//4 1882//4
f 1881//4 1882//4 1883//4
f 1883//4 1882//4 1884//4
f 1883//4 1884//4 1864//4
f 1864//4 1884//4 1885//4
f 1864//4 1885//4 1859//4
f 1886//5 1887//5 1888//5
f 1888//5 1887//5 1889//5
f 1890//5 1891//5 1892//5
f 1893//5 1890//5 1894//5
f 1894//5 1890//5 1892//5
f 1894//5 1892//5 1895//5
f 1895//5 1892//5 1896//5
f 1895//5 1896//5 1897//5
f 1898//5 1899//5 1900//5
f 1900//5 1899//5 1893//5
f 1900//5 1893//5 1901//5
f 1901//5 1893//5 1894//5
f 1886//5 1902//5 1887//5
f 1887//5 1902//5 1903//5
f 1887//5 1903//5 1904//5
f 1903//5 1905//5 1904//5
f 1904//5 1905//5 1906//5
f 1904//5 1906//5 1907//5
f 1907//5 1906//5 1908//5
f 1907//5 1908//5 1909//5
f 1910//5 1911//5 1912//5
f 1912//5 1911//5 1913//5
f 1912//5 1913//5 1914//5
f 1914//5 1913//5 1899//5
f 1914//5 1899//5 1915//5
f 1915//5 1899//5 1898//5
f 1916//5 1917//5 1918//5
f 1918//5 1917//5 1919//5
f 1918//5 1919//5 1920//5
f 1920//5 1919//5 1921//5
f 1920//5 1921//5 1922//5
f 1889//5 1923//5 1888//5
f 1888//5 1923//5 1924//5
f 1888//5 1924//5 1925//5
f 1925//5 1924//5 1920//5
f 1925//5 1920//5 1926//5
f 1926//5 1920//5 1922//5
f 1909//5 1908//5 1896//5
f 1896//5 1908//5 1927//5
f 1896//5 1927//5 1928//5
f 1921//5 1929//5 1922//5
f 1922//5 1929//5 1930//5
f 1922//5 1930//5 1928//5
f 1916//5 1931//5 1917//5
f 1917//5 1931//5 1911//5
f 1917//5 1911//5 1932//5
f 1932//5 1911//5 1910//5
f 1932//5 1910//5 1933//5
f 1933//5 1910//5 1934//5
f 1933//5 1934//5 1935//5
f 1935//5 1934//5 1936//5
f 1935//5 1936//5 1897//5
f 1930//5 1937//5 1928//5
f 1928//5 1937//5 1938//5
f 1928//5 1938//5 1896//5
f 1896//5 1938//5 1939//5
f 1896//5 1939//5 1897//5
f 1897//5 1939//5 1940//5
f 1897//5 1940//5 1935//5
f 1941//5 1942//5 1943//5
f 1944//5 1945//5 1946//5
f 1941//5 1943//5 1947//5
f 1948//5 1949//5 1950//5
f 1951//861 1952//861 1953//861
f 1953//5 1952//5 1954//5
f 1953//5 1954//5 1955//5
f 1956//5 1957//5 1943//5
f 1943//5 1957//5 1958//5
f 1943//5 1958//5 1959//5
f 1960//5 1946//5 1961//5
f 1946//5 1962//5 1963//5
f 1953//5 1964//5 1951//5
f 1951//5 1964//5 1965//5
f 1951//5 1965//5 1966//5
f 1963//5 1962//5 1967//5
f 1967//5 1962//5 1968//5
f 1967//5 1968//5 1969//5
f 1947//5 1943//5 1970//5
f 1970//5 1943//5 1971//5
f 1970//5 1971//5 1972//5
f 1958//5 1973//5 1959//5
f 1959//5 1973//5 1974//5
f 1959//5 1974//5 1975//5
f 1975//5 1974//5 1967//5
f 1975//5 1967//5 1976//5
f 1976//5 1967//5 1969//5
f 1955//5 1944//5 1953//5
f 1953//5 1944//5 1946//5
f 1953//5 1946//5 1977//5
f 1977//5 1946//5 1963//5
f 1945//5 1978//5 1946//5
f 1946//5 1978//5 1979//5
f 1946//5 1979//5 1961//5
f 1961//5 1979//5 1980//5
f 1961//5 1980//5 1981//5
f 1981//5 1980//5 1982//5
f 1982//5 1980//5 1983//5
f 1982//5 1983//5 1949//5
f 1949//5 1983//5 1984//5
f 1949//5 1984//5 1950//5
f 1961//5 1985//5 1960//5
f 1960//5 1985//5 1986//5
f 1960//5 1986//5 1987//5
f 1987//5 1986//5 1988//5
f 1987//5 1988//5 1989//5
f 1989//5 1988//5 1970//5
f 1989//5 1970//5 1990//5
f 1990//5 1970//5 1972//5
f 1966//5 1956//5 1951//5
f 1951//861 1956//861 1943//861
f 1951//5 1943//5 1950//5
f 1950//5 1943//5 1942//5
f 1950//5 1942//5 1948//5
f 1331//862 1991//862 106//862
f 106//862 1991//862 1838//862
f 112//863 1858//863 1360//863
f 1360//863 1858//863 1992//863
f 1993//864 1994//864 1995//864
f 1995//865 1994//865 1996//865
f 1995//866 1996//866 1997//866
f 1997//867 1996//867 1998//867
f 1998//868 1996//868 1999//868
f 1998//869 1999//869 2000//869
f 2001//870 2002//870 1999//870
f 1999//871 2002//871 2003//871
f 1999//872 2003//872 2000//872
f 2004//873 2005//873 2006//873
f 2006//874 2005//874 2007//874
f 2006//875 2007//875 2008//875
f 2008//876 2007//876 2009//876
f 2009//877 2007//877 2010//877
f 2009//878 2010//878 2011//878
f 2012//879 2013//879 2010//879
f 2010//880 2013//880 2014//880
f 2010//881 2014//881 2011//881
f 2015//882 2016//882 2017//882
f 2017//883 2016//883 2018//883
f 2017//884 2018//884 2019//884
f 2019//885 2018//885 2020//885
f 2020//886 2018//886 2021//886
f 2020//887 2021//887 2022//887
f 2023//888 2024//888 2021//888
f 2021//889 2024//889 2025//889
f 2021//890 2025//890 2022//890
f 2026//891 2027//891 2028//891
f 2028//892 2027//892 2029//892
f 2028//893 2029//893 2030//893
f 2030//894 2029//894 2031//894
f 2031//895 2029//895 2032//895
f 2031//896 2032//896 2033//896
f 2034//897 2035//897 2032//897
f 2032//898 2035//898 2036//898
f 2032//899 2036//899 2033//899
f 2037//4 2038//4 2039//4
f 2039//4 2038//4 2040//4
f 2041//4 2042//4 2043//4
f 2043//4 2042//4 2044//4
f 2045//4 2046//4 2047//4
f 2037//4 2039//4 2041//4
f 2041//4 2039//4 2048//4
f 2041//4 2048//4 2042//4
f 2044//4 2042//4 2049//4
f 2049//4 2042//4 2050//4
f 2049//4 2050//4 2051//4
f 2052//4 2053//4 2054//4
f 2053//4 2052//4 2055//4
f 2055//4 2052//4 2056//4
f 2055//4 2056//4 2057//4
f 2057//4 2056//4 2058//4
f 2057//4 2058//4 2059//4
f 2059//4 2058//4 2060//4
f 2059//4 2060//4 2061//4
f 2062//4 2063//4 2060//4
f 2060//4 2063//4 2064//4
f 2060//4 2064//4 2061//4
f 2065//4 2066//4 2067//4
f 2067//4 2066//4 2068//4
f 2067//4 2068//4 2069//4
f 2069//4 2068//4 2070//4
f 2069//4 2070//4 2071//4
f 2046//4 2072//4 2047//4
f 2047//4 2072//4 2073//4
f 2047//4 2073//4 2074//4
f 2074//4 2073//4 2075//4
f 2074//4 2075//4 2076//4
f 2076//4 2075//4 2077//4
f 2076//4 2077//4 2067//4
f 2067//4 2077//4 2078//4
f 2067//4 2078//4 2065//4
f 2060//4 2079//4 2062//4
f 2062//4 2079//4 2080//4
f 2062//4 2080//4 2081//4
f 2081//4 2080//4 2082//4
f 2054//4 2083//4 2052//4
f 2052//4 2083//4 2084//4
f 2052//4 2084//4 2085//4
f 2085//4 2084//4 2086//4
f 2085//4 2086//4 2087//4
f 2087//4 2086//4 2088//4
f 2087//4 2088//4 2089//4
f 2038//4 2090//4 2040//4
f 2040//4 2090//4 2091//4
f 2040//4 2091//4 2092//4
f 2092//4 2091//4 2093//4
f 2045//4 2047//4 2094//4
f 2094//4 2047//4 2095//4
f 2094//4 2095//4 2096//4
f 2096//4 2095//4 2097//4
f 2096//4 2097//4 2098//4
f 2098//4 2097//4 2093//4
f 2098//4 2093//4 2089//4
f 2089//4 2093//4 2091//4
f 2089//4 2091//4 2087//4
f 2080//4 2049//4 2082//4
f 2082//4 2049//4 2051//4
f 2082//4 2051//4 2099//4
f 2099//4 2051//4 2071//4
f 2099//4 2071//4 2100//4
f 2100//4 2071//4 2070//4
f 2101//3 2102//3 2103//3
f 2103//3 2102//3 2104//3
f 2105//3 2106//3 2107//3
f 2107//3 2106//3 2108//3
f 2101//3 2103//3 2105//3
f 2105//3 2103//3 2109//3
f 2105//3 2109//3 2106//3
f 2110//3 2111//3 2112//3
f 2113//3 2114//3 2108//3
f 2108//3 2114//3 2115//3
f 2108//3 2115//3 2107//3
f 2116//3 2117//3 2118//3
f 2118//3 2117//3 2119//3
f 2118//3 2119//3 2120//3
f 2120//3 2119//3 2121//3
f 2120//3 2121//3 2122//3
f 2110//3 2112//3 2123//3
f 2124//3 2125//3 2126//3
f 2126//3 2125//3 2127//3
f 2126//3 2127//3 2128//3
f 2128//3 2127//3 2129//3
f 2128//3 2129//3 2130//3
f 2130//3 2129//3 2131//3
f 2130//3 2131//3 2132//3
f 2132//3 2131//3 2133//3
f 2132//3 2133//3 2134//3
f 2111//3 2135//3 2112//3
f 2112//3 2135//3 2136//3
f 2112//3 2136//3 2137//3
f 2137//3 2136//3 2138//3
f 2137//3 2138//3 2139//3
f 2139//3 2138//3 2140//3
f 2139//3 2140//3 2118//3
f 2118//3 2140//3 2141//3
f 2118//3 2141//3 2116//3
f 2112//3 2142//3 2123//3
f 2123//3 2142//3 2143//3
f 2123//3 2143//3 2144//3
f 2121//3 2145//3 2122//3
f 2122//3 2145//3 2146//3
f 2122//3 2146//3 2113//3
f 2134//3 2147//3 2132//3
f 2132//3 2147//3 2148//3
f 2132//3 2148//3 2149//3
f 2149//3 2148//3 2150//3
f 2149//3 2150//3 2151//3
f 2151//3 2150//3 2152//3
f 2151//3 2152//3 2153//3
f 2102//3 2154//3 2104//3
f 2104//3 2154//3 2155//3
f 2104//3 2155//3 2156//3
f 2156//3 2155//3 2157//3
f 2144//3 2143//3 2158//3
f 2158//3 2143//3 2157//3
f 2158//3 2157//3 2153//3
f 2153//3 2157//3 2155//3
f 2153//3 2155//3 2151//3
f 2113//3 2146//3 2114//3
f 2114//3 2146//3 2159//3
f 2114//3 2159//3 2160//3
f 2160//3 2159//3 2161//3
f 2160//3 2161//3 2162//3
f 2162//3 2161//3 2163//3
f 2162//3 2163//3 2126//3
f 2126//3 2163//3 2164//3
f 2126//3 2164//3 2124//3
f 2165//3 2166//3 2167//3
f 2165//3 2167//3 2168//3
f 2169//3 2170//3 2171//3
f 2171//3 2170//3 2172//3
f 2171//3 2172//3 2173//3
f 2173//3 2172//3 2174//3
f 2173//3 2174//3 2175//3
f 2175//3 2174//3 2176//3
f 2175//3 2176//3 2177//3
f 2177//3 2176//3 2178//3
f 2177//3 2178//3 2179//3
f 2179//3 2178//3 2180//3
f 2179//3 2180//3 2181//3
f 2181//3 2180//3 2182//3
f 2181//3 2182//3 2183//3
f 2183//3 2182//3 2184//3
f 2183//3 2184//3 2185//3
f 2185//3 2184//3 2186//3
f 2185//3 2186//3 2187//3
f 2187//3 2186//3 2188//3
f 2187//3 2188//3 2189//3
f 2189//3 2188//3 2190//3
f 2189//3 2190//3 2191//3
f 2191//3 2190//3 2168//3
f 2191//3 2168//3 2192//3
f 2192//3 2168//3 2167//3
f 2193//4 2194//4 2195//4
f 2195//4 2194//4 2196//4
f 2195//4 2196//4 2197//4
f 2198//4 2199//4 2200//4
f 2200//4 2199//4 2201//4
f 2200//4 2201//4 2202//4
f 2202//4 2201//4 2203//4
f 2202//4 2203//4 2204//4
f 2204//4 2203//4 2205//4
f 2204//4 2205//4 2206//4
f 2206//4 2205//4 2207//4
f 2206//4 2207//4 2208//4
f 2208//4 2207//4 2209//4
f 2208//4 2209//4 2210//4
f 2210//4 2209//4 2211//4
f 2210//4 2211//4 2212//4
f 2212//4 2211//4 2213//4
f 2212//4 2213//4 2214//4
f 2214//4 2213//4 2215//4
f 2214//4 2215//4 2216//4
f 2216//4 2215//4 2217//4
f 2216//4 2217//4 2218//4
f 2218//4 2217//4 2219//4
f 2218//4 2219//4 2193//4
f 2193//4 2219//4 2220//4
f 2193//4 2220//4 2194//4
f 2221//1 2222//1 2223//1
f 2224//1 2225//1 2226//1
f 2226//1 2225//1 2227//1
f 2226//1 2227//1 2228//1
f 2228//1 2227//1 2229//1
f 2223//1 2230//1 2221//1
f 2221//1 2230//1 2231//1
f 2221//1 2231//1 2232//1
f 2233//1 2234//1 2224//1
f 2224//1 2234//1 2235//1
f 2224//1 2235//1 2225//1
f 2224//1 2236//1 2233//1
f 2233//1 2236//1 2237//1
f 2233//1 2237//1 2238//1
f 2238//1 2237//1 2239//1
f 2238//1 2239//1 2240//1
f 2240//1 2239//1 2223//1
f 2240//1 2223//1 2241//1
f 2241//1 2223//1 2222//1
f 2242//1 2243//1 2244//1
f 2244//1 2243//1 2245//1
f 2244//1 2245//1 2246//1
f 2247//1 2248//1 2249//1
f 2249//1 2248//1 2250//1
f 2249//1 2250//1 2251//1
f 2251//1 2252//1 2245//1
f 2245//1 2252//1 2253//1
f 2245//1 2253//1 2246//1
f 2254//1 2255//1 2247//1
f 2247//1 2255//1 2256//1
f 2247//1 2256//1 2248//1
f 2242//1 2257//1 2243//1
f 2243//1 2257//1 2258//1
f 2243//1 2258//1 2259//1
f 2259//1 2258//1 2255//1
f 2259//1 2255//1 2260//1
f 2260//1 2255//1 2254//1
f 2261//1 2249//1 2262//1
f 2262//1 2249//1 2251//1
f 2262//1 2251//1 2263//1
f 2263//1 2251//1 2245//1
f 2264//1 2265//1 2266//1
f 2267//1 2268//1 2269//1
f 2270//1 2271//1 2272//1
f 2273//1 2274//1 2275//1
f 2276//1 2277//1 2278//1
f 2279//1 2280//1 2281//1
f 2282//1 2283//1 2284//1
f 2285//1 2286//1 2287//1
f 2288//1 2289//1 2290//1
f 2290//1 2289//1 2291//1
f 2290//1 2291//1 2292//1
f 2282//1 2293//1 2266//1
f 2294//1 2283//1 2295//1
f 2295//1 2283//1 2282//1
f 2295//1 2282//1 2296//1
f 2297//1 2298//1 2299//1
f 2300//1 2301//1 2302//1
f 2302//1 2301//1 2297//1
f 2302//1 2297//1 2303//1
f 2303//1 2297//1 2299//1
f 2304//1 2305//1 2283//1
f 2283//1 2305//1 2306//1
f 2283//1 2306//1 2284//1
f 2284//1 2306//1 2307//1
f 2284//1 2307//1 2298//1
f 2298//1 2307//1 2308//1
f 2298//1 2308//1 2299//1
f 2280//1 2309//1 2281//1
f 2281//1 2309//1 2310//1
f 2281//1 2310//1 2311//1
f 2311//1 2312//1 2301//1
f 2312//1 2313//1 2301//1
f 2301//1 2313//1 2314//1
f 2301//1 2314//1 2297//1
f 2297//1 2314//1 2315//1
f 2316//1 2317//1 2318//1
f 2318//1 2317//1 2297//1
f 2318//1 2297//1 2319//1
f 2319//1 2297//1 2315//1
f 2320//1 2321//1 2317//1
f 2322//1 2323//1 2320//1
f 2320//1 2323//1 2324//1
f 2320//1 2324//1 2321//1
f 2325//1 2326//1 2327//1
f 2327//1 2326//1 2324//1
f 2327//1 2324//1 2328//1
f 2328//1 2324//1 2323//1
f 2329//1 2330//1 2331//1
f 2331//1 2330//1 2332//1
f 2333//1 2334//1 2332//1
f 2332//1 2334//1 2335//1
f 2332//1 2335//1 2331//1
f 2336//1 2277//1 2337//1
f 2337//1 2277//1 2276//1
f 2337//1 2276//1 2338//1
f 2339//1 2340//1 2332//1
f 2332//1 2340//1 2341//1
f 2332//1 2341//1 2333//1
f 2333//1 2341//1 2342//1
f 2333//1 2342//1 2276//1
f 2276//1 2342//1 2343//1
f 2276//1 2343//1 2338//1
f 2336//1 2344//1 2277//1
f 2277//1 2344//1 2345//1
f 2277//1 2345//1 2346//1
f 2346//1 2345//1 2347//1
f 2346//1 2347//1 2348//1
f 2349//1 2273//1 2350//1
f 2350//1 2273//1 2278//1
f 2350//1 2278//1 2351//1
f 2351//1 2278//1 2277//1
f 2351//1 2277//1 2352//1
f 2352//1 2277//1 2353//1
f 2349//1 2354//1 2273//1
f 2273//1 2354//1 2355//1
f 2273//1 2355//1 2274//1
f 2274//1 2355//1 2356//1
f 2357//1 2358//1 2359//1
f 2359//1 2358//1 2274//1
f 2356//1 2360//1 2274//1
f 2274//1 2360//1 2361//1
f 2274//1 2361//1 2359//1
f 2359//1 2361//1 2362//1
f 2359//1 2362//1 2363//1
f 2364//1 2365//1 2366//1
f 2366//1 2365//1 2357//1
f 2366//1 2357//1 2367//1
f 2368//1 2369//1 2272//1
f 2272//1 2369//1 2370//1
f 2272//1 2370//1 2359//1
f 2370//1 2371//1 2359//1
f 2359//1 2371//1 2372//1
f 2359//1 2372//1 2357//1
f 2357//1 2372//1 2373//1
f 2357//1 2373//1 2367//1
f 2374//1 2375//1 2365//1
f 2364//1 2376//1 2365//1
f 2365//1 2376//1 2377//1
f 2365//1 2377//1 2374//1
f 2374//1 2377//1 2378//1
f 2374//1 2378//1 2368//1
f 2379//1 2380//1 2381//1
f 2381//1 2380//1 2382//1
f 2381//1 2382//1 2383//1
f 2384//1 2385//1 2386//1
f 2386//1 2385//1 2387//1
f 2375//1 2374//1 2388//1
f 2388//1 2374//1 2389//1
f 2388//1 2389//1 2379//1
f 2379//1 2389//1 2390//1
f 2379//1 2390//1 2380//1
f 2391//1 2392//1 2384//1
f 2384//1 2392//1 2393//1
f 2384//1 2393//1 2385//1
f 2387//1 2394//1 2386//1
f 2386//1 2394//1 2395//1
f 2386//1 2395//1 2389//1
f 2389//1 2395//1 2396//1
f 2389//1 2396//1 2390//1
f 2383//1 2391//1 2381//1
f 2381//1 2391//1 2384//1
f 2381//1 2384//1 2397//1
f 2397//1 2384//1 2398//1
f 2397//1 2398//1 2399//1
f 2399//1 2400//1 2401//1
f 2399//1 2401//1 2402//1
f 2402//1 2403//1 2404//1
f 2404//1 2403//1 2405//1
f 2404//1 2405//1 2406//1
f 2407//1 2408//1 2409//1
f 2409//1 2408//1 2406//1
f 2410//1 2411//1 2412//1
f 2412//1 2411//1 2413//1
f 2412//1 2413//1 2414//1
f 2413//1 2415//1 2414//1
f 2414//1 2415//1 2416//1
f 2414//1 2416//1 2405//1
f 2405//1 2416//1 2417//1
f 2405//1 2417//1 2418//1
f 2418//1 2419//1 2405//1
f 2405//1 2419//1 2420//1
f 2405//1 2420//1 2406//1
f 2406//1 2420//1 2421//1
f 2406//1 2421//1 2409//1
f 2422//1 2423//1 2424//1
f 2424//1 2423//1 2408//1
f 2424//1 2408//1 2412//1
f 2412//1 2408//1 2407//1
f 2412//1 2407//1 2410//1
f 2425//1 2426//1 2427//1
f 2427//1 2426//1 2428//1
f 2427//1 2428//1 2422//1
f 2422//1 2428//1 2429//1
f 2422//1 2429//1 2423//1
f 2430//1 2431//1 2289//1
f 2291//1 2432//1 2433//1
f 2434//1 2435//1 2427//1
f 2427//1 2435//1 2436//1
f 2427//1 2436//1 2437//1
f 2289//1 2431//1 2291//1
f 2291//1 2431//1 2438//1
f 2291//1 2438//1 2432//1
f 2439//1 2440//1 2437//1
f 2437//1 2440//1 2441//1
f 2437//1 2441//1 2427//1
f 2427//1 2441//1 2442//1
f 2427//1 2442//1 2425//1
f 2425//1 2442//1 2443//1
f 2425//1 2443//1 2444//1
f 2439//1 2445//1 2440//1
f 2440//1 2445//1 2446//1
f 2440//1 2446//1 2447//1
f 2447//1 2446//1 2430//1
f 2447//1 2430//1 2448//1
f 2448//1 2430//1 2289//1
f 2448//1 2289//1 2449//1
f 2449//1 2289//1 2450//1
f 2451//1 2452//1 2453//1
f 2454//1 2455//1 2452//1
f 2368//1 2272//1 2374//1
f 2374//1 2272//1 2271//1
f 2374//1 2271//1 2389//1
f 2389//1 2271//1 2456//1
f 2389//1 2456//1 2386//1
f 2264//1 2457//1 2265//1
f 2265//1 2457//1 2458//1
f 2265//1 2458//1 2459//1
f 2459//1 2458//1 2460//1
f 2461//1 2462//1 2463//1
f 2463//1 2462//1 2464//1
f 2463//1 2464//1 2465//1
f 2464//1 2466//1 2465//1
f 2465//1 2466//1 2467//1
f 2465//1 2467//1 2468//1
f 2267//1 2269//1 2469//1
f 2469//1 2269//1 2470//1
f 2469//1 2470//1 2471//1
f 2265//1 2472//1 2266//1
f 2266//1 2472//1 2473//1
f 2266//1 2473//1 2282//1
f 2282//1 2473//1 2474//1
f 2282//1 2474//1 2296//1
f 2475//1 2459//1 2476//1
f 2476//1 2459//1 2477//1
f 2476//1 2477//1 2478//1
f 2475//1 2479//1 2459//1
f 2459//1 2479//1 2480//1
f 2459//1 2480//1 2265//1
f 2265//1 2480//1 2481//1
f 2265//1 2481//1 2472//1
f 2482//1 2330//1 2483//1
f 2483//1 2330//1 2484//1
f 2483//1 2485//1 2482//1
f 2482//1 2485//1 2486//1
f 2482//1 2486//1 2487//1
f 2487//1 2486//1 2488//1
f 2487//1 2488//1 2320//1
f 2320//1 2488//1 2489//1
f 2320//1 2489//1 2322//1
f 2331//1 2326//1 2329//1
f 2329//1 2326//1 2325//1
f 2329//1 2325//1 2330//1
f 2330//1 2325//1 2490//1
f 2330//1 2490//1 2484//1
f 2384//1 2491//1 2398//1
f 2398//1 2491//1 2492//1
f 2398//1 2492//1 2493//1
f 2493//1 2494//1 2398//1
f 2398//1 2494//1 2269//1
f 2398//1 2269//1 2399//1
f 2399//1 2269//1 2268//1
f 2399//1 2268//1 2400//1
f 2494//1 2495//1 2269//1
f 2269//1 2495//1 2496//1
f 2269//1 2496//1 2470//1
f 2470//1 2496//1 2497//1
f 2498//1 2499//1 2386//1
f 2386//1 2499//1 2500//1
f 2386//1 2500//1 2384//1
f 2384//1 2500//1 2501//1
f 2384//1 2501//1 2491//1
f 2497//1 2502//1 2470//1
f 2470//1 2502//1 2498//1
f 2470//1 2498//1 2454//1
f 2454//1 2498//1 2386//1
f 2454//1 2386//1 2455//1
f 2455//1 2386//1 2456//1
f 2294//1 2478//1 2283//1
f 2283//1 2478//1 2477//1
f 2283//1 2477//1 2304//1
f 2304//1 2477//1 2503//1
f 2300//1 2504//1 2301//1
f 2301//1 2504//1 2505//1
f 2301//1 2505//1 2506//1
f 2506//1 2505//1 2503//1
f 2452//1 2451//1 2454//1
f 2454//1 2451//1 2465//1
f 2454//1 2465//1 2470//1
f 2470//1 2465//1 2468//1
f 2470//1 2468//1 2471//1
f 2507//1 2508//1 2509//1
f 2509//1 2510//1 2507//1
f 2507//1 2510//1 2424//1
f 2507//1 2424//1 2511//1
f 2511//1 2424//1 2412//1
f 2511//1 2412//1 2453//1
f 2453//1 2412//1 2414//1
f 2453//1 2414//1 2451//1
f 2451//1 2414//1 2405//1
f 2451//1 2405//1 2465//1
f 2465//1 2405//1 2403//1
f 2465//1 2403//1 2463//1
f 2463//1 2403//1 2402//1
f 2463//1 2402//1 2461//1
f 2461//1 2402//1 2401//1
f 2508//1 2507//1 2512//1
f 2512//1 2507//1 2427//1
f 2512//1 2427//1 2513//1
f 2514//1 2515//1 2422//1
f 2422//1 2515//1 2516//1
f 2422//2 2516//2 2427//2
f 2427//1 2516//1 2517//1
f 2427//1 2517//1 2513//1
f 2510//1 2518//1 2424//1
f 2424//1 2518//1 2519//1
f 2424//1 2519//1 2422//1
f 2422//1 2519//1 2520//1
f 2422//1 2520//1 2514//1
f 2511//1 2521//1 2507//1
f 2507//1 2521//1 2522//1
f 2507//1 2522//1 2427//1
f 2427//1 2522//1 2291//1
f 2427//1 2291//1 2434//1
f 2434//1 2291//1 2433//1
f 2363//1 2353//1 2359//1
f 2359//1 2353//1 2277//1
f 2359//1 2277//1 2272//1
f 2272//1 2277//1 2346//1
f 2272//1 2346//1 2270//1
f 2270//1 2346//1 2523//1
f 2292//1 2524//1 2525//1
f 2521//1 2457//1 2522//1
f 2522//1 2457//1 2264//1
f 2522//1 2264//1 2526//1
f 2526//1 2264//1 2527//1
f 2526//1 2528//1 2522//1
f 2522//1 2528//1 2529//1
f 2522//1 2529//1 2291//1
f 2291//1 2529//1 2530//1
f 2291//1 2530//1 2531//1
f 2292//1 2525//1 2264//1
f 2264//1 2525//1 2532//1
f 2264//1 2532//1 2527//1
f 2531//1 2533//1 2291//1
f 2291//1 2533//1 2534//1
f 2291//2 2534//2 2292//2
f 2292//1 2534//1 2535//1
f 2292//1 2535//1 2524//1
f 2293//1 2287//1 2266//1
f 2266//1 2287//1 2286//1
f 2266//1 2286//1 2264//1
f 2264//1 2286//1 2285//1
f 2264//1 2285//1 2292//1
f 2292//1 2285//1 2536//1
f 2292//1 2536//1 2290//1
f 2503//1 2477//1 2506//1
f 2506//1 2477//1 2459//1
f 2506//1 2459//1 2537//1
f 2537//1 2459//1 2460//1
f 2537//1 2460//1 2538//1
f 2311//1 2301//1 2281//1
f 2281//1 2301//1 2506//1
f 2281//1 2506//1 2539//1
f 2539//1 2506//1 2537//1
f 2539//1 2537//1 2540//1
f 2540//1 2537//1 2538//1
f 2540//1 2538//1 2541//1
f 2316//1 2279//1 2317//1
f 2317//1 2279//1 2281//1
f 2317//1 2281//1 2320//1
f 2320//1 2281//1 2539//1
f 2320//1 2539//1 2487//1
f 2487//1 2539//1 2540//1
f 2487//1 2540//1 2482//1
f 2482//1 2540//1 2541//1
f 2482//1 2541//1 2330//1
f 2330//1 2541//1 2523//1
f 2330//1 2523//1 2332//1
f 2332//1 2523//1 2346//1
f 2332//1 2346//1 2339//1
f 2339//1 2346//1 2348//1
f 2542//1 2543//1 2544//1
f 2545//1 2546//1 2547//1
f 2548//1 2549//1 2550//1
f 2551//1 2552//1 2553//1
f 2554//1 2555//1 2556//1
f 2557//1 2558//1 2559//1
f 2560//1 2561//1 2562//1
f 2563//1 2564//1 2565//1
f 2553//1 2552//1 2566//1
f 2566//1 2552//1 2567//1
f 2566//1 2567//1 2568//1
f 2569//1 2570//1 2571//1
f 2571//1 2570//1 2564//1
f 2571//1 2564//1 2572//1
f 2572//1 2564//1 2563//1
f 2567//1 2573//1 2568//1
f 2568//1 2573//1 2574//1
f 2568//1 2574//1 2575//1
f 2569//1 2576//1 2570//1
f 2570//1 2576//1 2577//1
f 2570//1 2577//1 2567//1
f 2567//1 2577//1 2578//1
f 2567//1 2578//1 2573//1
f 2574//1 2579//1 2575//1
f 2575//1 2579//1 2580//1
f 2575//1 2580//1 2581//1
f 2581//1 2580//1 2582//1
f 2582//1 2563//1 2581//1
f 2581//1 2563//1 2565//1
f 2581//1 2565//1 2583//1
f 2583//1 2565//1 2584//1
f 2585//1 2586//1 2587//1
f 2587//1 2586//1 2584//1
f 2588//1 2589//1 2586//1
f 2586//1 2589//1 2590//1
f 2586//1 2590//1 2560//1
f 2591//1 2558//1 2592//1
f 2592//1 2558//1 2557//1
f 2592//1 2557//1 2593//1
f 2593//1 2557//1 2561//1
f 2593//1 2561//1 2594//1
f 2594//1 2561//1 2560//1
f 2594//1 2560//1 2595//1
f 2595//1 2560//1 2590//1
f 2596//1 2597//1 2559//1
f 2559//1 2597//1 2598//1
f 2559//1 2598//1 2557//1
f 2599//1 2596//1 2600//1
f 2601//1 2602//1 2603//1
f 2600//1 2604//1 2599//1
f 2599//1 2604//1 2605//1
f 2599//1 2605//1 2606//1
f 2607//1 2608//1 2609//1
f 2609//1 2608//1 2610//1
f 2609//1 2610//1 2611//1
f 2602//1 2612//1 2603//1
f 2603//1 2612//1 2613//1
f 2603//1 2613//1 2614//1
f 2614//1 2613//1 2615//1
f 2603//1 2616//1 2617//1
f 2605//1 2601//1 2606//1
f 2606//1 2601//1 2603//1
f 2606//1 2603//1 2618//1
f 2618//1 2603//1 2617//1
f 2619//1 2620//1 2621//1
f 2616//1 2622//1 2623//1
f 2623//1 2624//1 2616//1
f 2616//1 2624//1 2625//1
f 2616//1 2625//1 2617//1
f 2626//1 2627//1 2628//1
f 2623//1 2629//1 2624//1
f 2624//1 2629//1 2630//1
f 2624//1 2630//1 2628//1
f 2628//1 2630//1 2631//1
f 2628//1 2631//1 2626//1
f 2626//1 2632//1 2627//1
f 2627//1 2632//1 2633//1
f 2627//1 2633//1 2634//1
f 2634//1 2633//1 2635//1
f 2634//1 2635//1 2619//1
f 2619//1 2635//1 2636//1
f 2619//1 2636//1 2620//1
f 2637//1 2638//1 2639//1
f 2639//1 2638//1 2640//1
f 2639//1 2641//1 2637//1
f 2637//1 2641//1 2642//1
f 2637//1 2642//1 2643//1
f 2643//1 2642//1 2644//1
f 2643//1 2644//1 2645//1
f 2645//1 2644//1 2646//1
f 2645//1 2646//1 2647//1
f 2648//1 2649//1 2634//1
f 2634//1 2649//1 2650//1
f 2634//1 2650//1 2627//1
f 2627//1 2650//1 2651//1
f 2627//1 2651//1 2638//1
f 2638//1 2651//1 2652//1
f 2638//1 2652//1 2640//1
f 2653//1 2654//1 2655//1
f 2655//1 2654//1 2656//1
f 2655//1 2656//1 2657//1
f 2657//1 2656//1 2643//1
f 2657//1 2643//1 2658//1
f 2659//1 2660//1 2661//1
f 2661//1 2660//1 2654//1
f 2662//1 2663//1 2550//1
f 2550//1 2663//1 2664//1
f 2550//1 2664//1 2645//1
f 2645//1 2664//1 2665//1
f 2645//1 2665//1 2643//1
f 2643//1 2665//1 2666//1
f 2643//1 2666//1 2658//1
f 2653//1 2667//1 2654//1
f 2654//1 2667//1 2668//1
f 2654//1 2668//1 2661//1
f 2661//1 2668//1 2669//1
f 2661//1 2669//1 2662//1
f 2659//1 2661//1 2670//1
f 2670//1 2661//1 2671//1
f 2670//1 2671//1 2672//1
f 2672//1 2671//1 2673//1
f 2672//1 2673//1 2674//1
f 2675//1 2555//1 2676//1
f 2554//1 2677//1 2555//1
f 2555//1 2677//1 2678//1
f 2555//1 2678//1 2676//1
f 2679//1 2680//1 2681//1
f 2681//1 2680//1 2556//1
f 2680//1 2682//1 2683//1
f 2683//1 2684//1 2680//1
f 2680//1 2684//1 2685//1
f 2680//1 2685//1 2686//1
f 2686//1 2685//1 2687//1
f 2686//1 2687//1 2688//1
f 2688//1 2687//1 2689//1
f 2690//1 2691//1 2692//1
f 2692//1 2691//1 2688//1
f 2690//1 2693//1 2694//1
f 2695//1 2696//1 2697//1
f 2697//1 2696//1 2698//1
f 2697//1 2698//1 2699//1
f 2699//1 2698//1 2700//1
f 2699//1 2700//1 2701//1
f 2702//1 2703//1 2704//1
f 2705//1 2706//1 2707//1
f 2707//1 2706//1 2708//1
f 2707//1 2708//1 2709//1
f 2706//1 2710//1 2708//1
f 2708//1 2710//1 2711//1
f 2708//1 2711//1 2704//1
f 2704//1 2711//1 2712//1
f 2704//1 2712//1 2702//1
f 2713//1 2714//1 2700//1
f 2700//1 2714//1 2715//1
f 2700//1 2715//1 2701//1
f 2701//1 2715//1 2716//1
f 2701//1 2716//1 2707//1
f 2707//1 2716//1 2717//1
f 2707//1 2717//1 2705//1
f 2709//1 2708//1 2718//1
f 2718//1 2708//1 2719//1
f 2718//1 2719//1 2720//1
f 2721//1 2722//1 2723//1
f 2724//1 2725//1 2726//1
f 2726//1 2725//1 2727//1
f 2726//1 2727//1 2723//1
f 2723//2 2727//2 2728//2
f 2723//1 2728//1 2721//1
f 2729//1 2730//1 2547//1
f 2552//1 2731//1 2729//1
f 2725//1 2732//1 2727//1
f 2727//1 2732//1 2733//1
f 2727//1 2733//1 2551//1
f 2551//1 2733//1 2734//1
f 2551//1 2734//1 2552//1
f 2552//1 2734//1 2735//1
f 2552//1 2735//1 2731//1
f 2730//1 2736//1 2547//1
f 2547//1 2736//1 2737//1
f 2547//1 2737//1 2726//1
f 2726//1 2737//1 2738//1
f 2726//1 2738//1 2724//1
f 2739//1 2740//1 2619//1
f 2729//1 2547//1 2552//1
f 2552//1 2547//1 2546//1
f 2552//1 2546//1 2567//1
f 2567//1 2546//1 2741//1
f 2567//1 2741//1 2570//1
f 2570//1 2741//1 2742//1
f 2570//1 2742//1 2743//1
f 2743//1 2742//1 2744//1
f 2743//1 2744//1 2745//1
f 2745//1 2744//1 2746//1
f 2745//1 2746//1 2614//1
f 2614//1 2746//1 2739//1
f 2614//1 2739//1 2603//1
f 2603//1 2739//1 2619//1
f 2603//1 2619//1 2616//1
f 2616//1 2619//1 2621//1
f 2616//1 2621//1 2622//1
f 2703//1 2713//1 2704//1
f 2704//1 2713//1 2700//1
f 2704//1 2700//1 2747//1
f 2747//1 2700//1 2698//1
f 2747//1 2698//1 2748//1
f 2749//1 2750//1 2751//1
f 2751//1 2750//1 2752//1
f 2751//1 2752//1 2753//1
f 2662//1 2550//1 2661//1
f 2661//1 2550//1 2549//1
f 2661//1 2549//1 2671//1
f 2671//1 2549//1 2754//1
f 2671//1 2754//1 2749//1
f 2749//1 2754//1 2755//1
f 2749//1 2755//1 2750//1
f 2756//1 2757//1 2547//1
f 2547//1 2757//1 2704//1
f 2547//1 2704//1 2545//1
f 2545//1 2704//1 2747//1
f 2757//1 2758//1 2704//1
f 2704//1 2758//1 2759//1
f 2704//1 2759//1 2708//1
f 2708//1 2759//1 2760//1
f 2708//1 2760//1 2719//1
f 2760//1 2761//1 2719//1
f 2719//1 2761//1 2762//1
f 2719//1 2762//1 2723//1
f 2723//1 2762//1 2763//1
f 2763//1 2764//1 2723//1
f 2723//1 2764//1 2765//1
f 2723//1 2765//1 2726//1
f 2726//1 2765//1 2766//1
f 2726//1 2766//1 2547//1
f 2547//1 2766//1 2767//1
f 2547//1 2767//1 2756//1
f 2690//1 2694//1 2695//1
f 2695//1 2694//1 2768//1
f 2695//1 2768//1 2696//1
f 2696//1 2768//1 2769//1
f 2696//1 2769//1 2698//1
f 2698//1 2769//1 2770//1
f 2698//1 2770//1 2771//1
f 2771//1 2772//1 2698//1
f 2698//1 2772//1 2773//1
f 2698//1 2773//1 2748//1
f 2772//1 2774//1 2773//1
f 2773//1 2774//1 2775//1
f 2773//1 2775//1 2776//1
f 2776//1 2775//1 2777//1
f 2776//1 2777//1 2692//1
f 2692//1 2777//1 2778//1
f 2692//1 2778//1 2690//1
f 2690//1 2778//1 2779//1
f 2690//1 2779//1 2693//1
f 2780//1 2781//1 2782//1
f 2782//1 2781//1 2783//1
f 2782//1 2783//1 2784//1
f 2783//1 2785//1 2784//1
f 2784//1 2785//1 2786//1
f 2784//1 2786//1 2787//1
f 2787//1 2786//1 2788//1
f 2787//1 2788//1 2682//1
f 2682//1 2788//1 2789//1
f 2682//1 2789//1 2683//1
f 2671//1 2790//1 2673//1
f 2673//1 2790//1 2791//1
f 2673//1 2791//1 2674//1
f 2674//1 2791//1 2792//1
f 2674//1 2792//1 2554//1
f 2554//1 2792//1 2793//1
f 2554//1 2793//1 2677//1
f 2794//1 2795//1 2749//1
f 2795//1 2796//1 2749//1
f 2749//1 2796//1 2797//1
f 2749//1 2797//1 2671//1
f 2671//1 2797//1 2798//1
f 2671//1 2798//1 2790//1
f 2799//1 2800//1 2801//1
f 2801//1 2800//1 2802//1
f 2801//1 2802//1 2544//1
f 2544//1 2802//1 2803//1
f 2544//1 2803//1 2588//1
f 2588//1 2803//1 2804//1
f 2588//1 2804//1 2589//1
f 2564//1 2805//1 2565//1
f 2565//1 2805//1 2806//1
f 2565//1 2806//1 2584//1
f 2584//1 2806//1 2807//1
f 2584//1 2807//1 2587//1
f 2585//1 2808//1 2586//1
f 2586//1 2808//1 2809//1
f 2586//1 2809//1 2588//1
f 2588//1 2809//1 2810//1
f 2588//1 2810//1 2544//1
f 2544//1 2810//1 2811//1
f 2544//1 2811//1 2542//1
f 2679//1 2812//1 2680//1
f 2680//1 2812//1 2813//1
f 2680//1 2813//1 2682//1
f 2682//1 2813//1 2814//1
f 2682//1 2814//1 2787//1
f 2787//1 2814//1 2815//1
f 2815//1 2816//1 2787//1
f 2787//1 2816//1 2817//1
f 2787//1 2817//1 2675//1
f 2817//1 2818//1 2675//1
f 2675//1 2818//1 2819//1
f 2675//1 2819//1 2555//1
f 2555//1 2819//1 2820//1
f 2555//1 2820//1 2556//1
f 2556//1 2820//1 2821//1
f 2556//1 2821//1 2681//1
f 2591//1 2799//1 2558//1
f 2558//1 2799//1 2801//1
f 2558//1 2801//1 2559//1
f 2559//1 2801//1 2609//1
f 2559//1 2609//1 2596//1
f 2596//1 2609//1 2611//1
f 2596//1 2611//1 2600//1
f 2615//1 2607//1 2614//1
f 2614//1 2607//1 2609//1
f 2614//1 2609//1 2745//1
f 2745//1 2609//1 2801//1
f 2745//1 2801//1 2743//1
f 2743//1 2801//1 2544//1
f 2743//1 2544//1 2570//1
f 2570//1 2544//1 2543//1
f 2570//1 2543//1 2564//1
f 2564//1 2543//1 2822//1
f 2564//1 2822//1 2805//1
f 2740//1 2548//1 2619//1
f 2619//1 2548//1 2550//1
f 2619//1 2550//1 2634//1
f 2634//1 2550//1 2645//1
f 2634//1 2645//1 2648//1
f 2648//1 2645//1 2647//1
f 2753//1 2784//1 2751//1
f 2751//1 2784//1 2787//1
f 2751//1 2787//1 2749//1
f 2749//1 2787//1 2675//1
f 2749//1 2675//1 2794//1
f 2794//1 2675//1 2676//1
f 2689//1 2780//1 2688//1
f 2688//1 2780//1 2782//1
f 2688//1 2782//1 2692//1
f 2692//1 2782//1 2784//1
f 2692//1 2784//1 2776//1
f 2776//1 2784//1 2753//1
f 2776//1 2753//1 2773//1
f 2773//1 2753//1 2752//1
f 2773//1 2752//1 2748//1
f 2823//900 2824//900 2825//900
f 2823//900 2825//900 2826//900
f 2826//901 2825//901 2827//901
f 2826//901 2827//901 2828//901
f 2828//902 2827//902 2829//902
f 2828//902 2829//902 2830//902
f 2830//903 2829//903 2831//903
f 2830//903 2831//903 2832//903
f 2832//904 2831//904 2833//904
f 2832//904 2833//904 2834//904
f 2834//905 2833//905 2835//905
f 2834//905 2835//905 2836//905
f 2836//35 2835//35 2837//35
f 2836//35 2837//35 2838//35
f 2838//906 2837//906 2839//906
f 2838//906 2839//906 2840//906
f 2840//907 2839//907 2841//907
f 2840//907 2841//907 2842//907
f 2842//908 2841//908 2843//908
f 2842//908 2843//908 2844//908
f 2844//909 2843//909 2845//909
f 2844//909 2845//909 2846//909
f 2846//910 2845//910 2847//910
f 2846//910 2847//910 2848//910
f 2848//911 2847//911 2849//911
f 2848//911 2849//911 2850//911
f 2851//912 2852//912 2853//912
f 2851//912 2853//912 2854//912
f 2854//913 2853//913 2855//913
f 2854//913 2855//913 2856//913
f 2856//914 2855//914 2857//914
f 2856//914 2857//914 2858//914
f 2858//915 2857//915 2859//915
f 2858//915 2859//915 2860//915
f 2860//916 2859//916 2861//916
f 2860//916 2861//916 2862//916
f 2862//917 2861//917 2863//917
f 2862//917 2863//917 2864//917
f 2864//918 2863//918 2865//918
f 2864//918 2865//918 2866//918
f 2866//919 2865//919 2867//919
f 2866//919 2867//919 2868//919
f 2868//920 2867//920 2869//920
f 2868//920 2869//920 2870//920
f 2870//921 2869//921 2871//921
f 2870//921 2871//921 2872//921
f 2872//922 2871//922 2873//922
f 2872//922 2873//922 2874//922
f 2874//923 2873//923 2875//923
f 2874//923 2875//923 2876//923
f 2877//924 2878//924 2879//924
f 2879//925 2878//925 2880//925
f 2880//875 2881//875 2879//875
f 2879//876 2881//876 2882//876
f 2879//926 2882//926 2883//926
f 2884//927 2885//927 2886//927
f 2886//928 2885//928 2883//928
f 2886//881 2883//881 2887//881
f 2887//878 2883//878 2882//878
f 2888//929 2889//929 2890//929
f 2890//930 2889//930 2891//930
f 2891//866 2892//866 2890//866
f 2890//867 2892//867 2893//867
f 2890//931 2893//931 2894//931
f 2895//932 2896//932 2897//932
f 2897//933 2896//933 2894//933
f 2897//872 2894//872 2898//872
f 2898//869 2894//869 2893//869
f 1994//1 1993//1 2023//1
f 2023//1 1993//1 2024//1
f 2899//934 2900//934 2901//934
f 2901//935 2900//935 2902//935
f 2902//884 2903//884 2901//884
f 2901//885 2903//885 2904//885
f 2901//936 2904//936 2905//936
f 2906//937 2907//937 2908//937
f 2908//938 2907//938 2905//938
f 2908//890 2905//890 2909//890
f 2909//887 2905//887 2904//887
f 2910//939 2911//939 2912//939
f 2912//940 2911//940 2913//940
f 2913//893 2914//893 2912//893
f 2912//894 2914//894 2915//894
f 2912//941 2915//941 2916//941
f 2917//942 2918//942 2919//942
f 2919//943 2918//943 2916//943
f 2919//899 2916//899 2920//899
f 2920//896 2916//896 2915//896
f 2027//5 2026//5 2012//5
f 2012//5 2026//5 2013//5
f 2885//5 2884//5 2910//5
f 2910//5 2884//5 2911//5
f 2907//1 2906//1 2888//1
f 2888//1 2906//1 2889//1
f 2921//944 2922//944 2923//944
f 2923//945 2922//945 2924//945
f 2923//946 2924//946 2925//946
f 2925//946 2924//946 2926//946
f 2925//947 2926//947 2927//947
f 2927//947 2926//947 2928//947
f 2929//1 2930//1 2921//1
f 2921//1 2930//1 2922//1
f 2931//948 2932//948 2933//948
f 2933//948 2932//948 2934//948
f 2933//949 2934//949 2935//949
f 2935//949 2934//949 2936//949
f 2935//950 2936//950 2929//950
f 2929//951 2936//951 2930//951
f 2937//952 2938//952 2939//952
f 2939//952 2938//952 2940//952
f 2939//953 2940//953 2941//953
f 2941//953 2940//953 2942//953
f 2941//954 2942//954 2943//954
f 2943//955 2942//955 2944//955
f 2945//956 2946//956 2947//956
f 2947//957 2946//957 2948//957
f 2947//958 2948//958 2949//958
f 2949//958 2948//958 2950//958
f 2949//959 2950//959 2951//959
f 2951//959 2950//959 2952//959
f 2943//5 2944//5 2945//5
f 2945//5 2944//5 2946//5
f 1379//960 1579//960 2953//960
f 2952//961 2954//961 2951//961
f 2951//961 2954//961 2953//961
f 1578//960 1630//960 2954//960
f 2954//960 1630//960 1631//960
f 1631//960 1632//960 2954//960
f 2954//960 1632//960 1601//960
f 2954//960 1601//960 2953//960
f 2953//960 1601//960 1380//960
f 2953//960 1380//960 1379//960
f 2245//962 2243//962 2955//962
f 2245//962 2955//962 2956//962
f 2956//963 2955//963 2932//963
f 2956//963 2932//963 2931//963
f 2957//964 2221//964 2232//964
f 2232//965 2958//965 2957//965
f 2957//966 2958//966 2959//966
f 2957//967 2959//967 2960//967
f 2229//968 2227//968 2961//968
f 2961//969 2227//969 2962//969
f 2961//970 2962//970 2963//970
f 2963//971 2962//971 2960//971
f 2960//972 2962//972 2957//972
f 2957//973 2962//973 2927//973
f 2957//973 2927//973 2928//973
f 2964//974 1733//974 1735//974
f 1735//975 2965//975 2964//975
f 2964//976 2965//976 2966//976
f 2964//977 2966//977 2967//977
f 1786//978 1787//978 2968//978
f 2968//979 1787//979 2969//979
f 2968//980 2969//980 2970//980
f 2970//981 2969//981 2967//981
f 2967//982 2969//982 2964//982
f 2964//983 2969//983 2938//983
f 2964//983 2938//983 2937//983
f 2971//49 2972//49 2973//49
f 2973//49 2972//49 2974//49
f 2975//35 2976//35 2977//35
f 2977//35 2976//35 2978//35
f 2979//984 2980//984 1899//984
f 1899//985 2980//985 2981//985
f 2981//986 2982//986 1899//986
f 1899//987 2982//987 2983//987
f 1899//988 2983//988 2984//988
f 2984//989 2983//989 2985//989
f 2984//990 2985//990 2034//990
f 2034//991 2985//991 2986//991
f 2034//942 2986//942 2035//942
f 2987//992 2988//992 2989//992
f 1899//993 1913//993 2979//993
f 2979//994 1913//994 2987//994
f 2979//995 2987//995 2990//995
f 2990//996 2987//996 2989//996
f 2988//997 2991//997 2989//997
f 2989//998 2991//998 2992//998
f 2989//999 2992//999 2993//999
f 2994//1000 2995//1000 1887//1000
f 1887//1001 2995//1001 2996//1001
f 1887//1002 2996//1002 2997//1002
f 2992//1003 2998//1003 2993//1003
f 2993//1004 2998//1004 2999//1004
f 2993//1005 2999//1005 3000//1005
f 3000//1006 2999//1006 3001//1006
f 3000//1007 3001//1007 2997//1007
f 2997//1008 3001//1008 1889//1008
f 2997//993 1889//993 1887//993
f 2994//1009 1887//1009 3002//1009
f 3002//1010 1887//1010 3003//1010
f 3002//1011 3003//1011 3004//1011
f 3004//1012 3003//1012 2918//1012
f 3004//942 2918//942 2917//942
f 2425//1013 2444//1013 3005//1013
f 3006//1014 3007//1014 2426//1014
f 2426//1015 3007//1015 3008//1015
f 3008//1016 3009//1016 2426//1016
f 2426//1017 3009//1017 3010//1017
f 2426//1018 3010//1018 3011//1018
f 3011//1019 3010//1019 3012//1019
f 3011//1020 3012//1020 2899//1020
f 2899//1021 3012//1021 3013//1021
f 2899//882 3013//882 2900//882
f 3005//1022 3014//1022 3015//1022
f 2426//1023 2425//1023 3006//1023
f 3006//1024 2425//1024 3005//1024
f 3006//1025 3005//1025 3016//1025
f 3016//1026 3005//1026 3015//1026
f 3014//1027 3017//1027 3015//1027
f 3015//1028 3017//1028 3018//1028
f 3015//1029 3018//1029 3019//1029
f 3018//1030 3020//1030 3019//1030
f 3019//1031 3020//1031 3021//1031
f 3019//1032 3021//1032 3022//1032
f 3022//1033 3021//1033 3023//1033
f 3022//1034 3023//1034 3024//1034
f 3025//1035 3026//1035 2288//1035
f 2288//1036 3026//1036 3027//1036
f 2288//1037 3027//1037 2289//1037
f 2289//1038 3027//1038 3024//1038
f 2289//1023 3024//1023 2450//1023
f 2450//1039 3024//1039 3023//1039
f 3025//1040 2288//1040 3028//1040
f 3028//1041 2288//1041 3029//1041
f 3028//1042 3029//1042 3030//1042
f 3030//1043 3029//1043 2016//1043
f 3030//882 2016//882 2015//882
f 1946//1044 1960//1044 3031//1044
f 3031//1045 3032//1045 1946//1045
f 1946//1046 3032//1046 3033//1046
f 1946//1047 3033//1047 3034//1047
f 3035//1048 3036//1048 1946//1048
f 3036//1049 3037//1049 1946//1049
f 1946//1050 3037//1050 3038//1050
f 1946//1051 3038//1051 3039//1051
f 3039//1052 3040//1052 1946//1052
f 1946//1053 3040//1053 3041//1053
f 1946//1054 3041//1054 3042//1054
f 3042//1055 3041//1055 3043//1055
f 3042//1056 3043//1056 2877//1056
f 2877//1057 3043//1057 3044//1057
f 2877//873 3044//873 2878//873
f 3034//1058 3045//1058 1946//1058
f 1946//1059 3045//1059 3046//1059
f 1946//1060 3046//1060 3035//1060
f 3035//1061 3046//1061 3047//1061
f 3035//1062 3047//1062 3048//1062
f 3048//1063 3049//1063 3035//1063
f 3035//1064 3049//1064 3050//1064
f 3035//1065 3050//1065 3051//1065
f 3051//1066 3050//1066 3052//1066
f 3051//1067 3052//1067 3053//1067
f 3054//1068 3055//1068 1960//1068
f 3054//1069 1960//1069 3056//1069
f 3056//1070 1960//1070 3057//1070
f 3057//1071 1960//1071 3058//1071
f 3057//1055 3058//1055 3059//1055
f 3055//1072 3060//1072 1960//1072
f 1960//1073 3060//1073 3061//1073
f 1960//1074 3061//1074 3051//1074
f 3053//1075 3062//1075 3051//1075
f 3051//1076 3062//1076 3063//1076
f 3051//1077 3063//1077 1960//1077
f 1960//1078 3063//1078 3064//1078
f 1960//1079 3064//1079 3065//1079
f 3065//1080 3066//1080 1960//1080
f 1960//1081 3066//1081 3067//1081
f 1960//1082 3067//1082 3031//1082
f 3059//1083 3058//1083 3068//1083
f 3068//1084 3058//1084 2005//1084
f 3068//873 2005//873 2004//873
f 2002//932 2001//932 3069//932
f 3069//1085 2001//1085 3070//1085
f 3071//1086 3072//1086 3073//1086
f 3071//1087 3073//1087 2722//1087
f 3073//1088 3074//1088 2722//1088
f 2722//1089 3074//1089 3075//1089
f 2722//1090 3075//1090 3076//1090
f 3077//1091 3078//1091 3079//1091
f 3079//1092 3078//1092 3080//1092
f 3079//1093 3080//1093 3076//1093
f 3076//1094 3080//1094 3081//1094
f 3076//1095 3081//1095 2722//1095
f 2722//1096 3081//1096 2723//1096
f 3081//1097 3082//1097 2723//1097
f 2723//1098 3082//1098 3083//1098
f 2723//1099 3083//1099 3084//1099
f 3084//1100 3085//1100 2723//1100
f 2723//1101 3085//1101 3086//1101
f 2723//1102 3086//1102 2719//1102
f 2719//1103 3086//1103 3087//1103
f 2719//1104 3087//1104 3088//1104
f 3089//1105 3090//1105 2720//1105
f 3088//1106 3091//1106 2719//1106
f 2719//1107 3091//1107 3092//1107
f 2719//1108 3092//1108 2720//1108
f 2720//1109 3092//1109 3093//1109
f 2720//1110 3093//1110 3089//1110
f 3090//1111 3094//1111 2720//1111
f 2720//1112 3094//1112 3095//1112
f 2720//1113 3095//1113 3096//1113
f 3096//1114 3097//1114 2720//1114
f 2720//1115 3097//1115 3098//1115
f 2720//1116 3098//1116 3070//1116
f 3070//1086 3098//1086 3099//1086
f 3070//1117 3099//1117 3069//1117
f 3093//1118 3100//1118 3089//1118
f 3089//1119 3100//1119 3101//1119
f 3089//1120 3101//1120 3102//1120
f 3077//1121 3079//1121 3103//1121
f 3103//1122 3079//1122 3104//1122
f 3103//1123 3104//1123 3102//1123
f 3102//1124 3104//1124 3105//1124
f 3102//1125 3105//1125 3089//1125
f 2896//1126 2895//1126 3071//1126
f 3071//1127 2895//1127 3106//1127
f 3071//1117 3106//1117 3072//1117
f 3107//1128 3108//1128 3109//1128
f 3109//1129 3110//1129 3107//1129
f 3107//1130 3110//1130 3111//1130
f 3107//1130 3111//1130 3112//1130
f 3113//1131 2993//1131 3107//1131
f 3107//1132 2993//1132 3114//1132
f 3107//1133 3114//1133 3108//1133
f 3113//1134 3115//1134 2993//1134
f 2993//1135 3115//1135 3116//1135
f 2993//1136 3116//1136 2989//1136
f 3112//1137 3111//1137 3117//1137
f 3117//1137 3111//1137 3118//1137
f 3117//1138 3118//1138 3119//1138
f 2973//1139 2974//1139 3120//1139
f 3120//1139 2974//1139 3121//1139
f 3120//1140 3121//1140 3122//1140
f 3122//1140 3121//1140 3123//1140
f 3122//1141 3123//1141 3124//1141
f 3124//1141 3123//1141 3125//1141
f 3124//1142 3125//1142 3126//1142
f 3126//1143 3125//1143 3127//1143
f 3126//1144 3127//1144 3119//1144
f 3119//1145 3127//1145 3128//1145
f 3119//1146 3128//1146 3117//1146
f 3129//1147 3130//1147 3131//1147
f 2972//1148 2971//1148 3132//1148
f 3132//1148 2971//1148 3133//1148
f 3132//1149 3133//1149 3134//1149
f 3134//1149 3133//1149 3135//1149
f 3134//1150 3135//1150 3136//1150
f 3136//1150 3135//1150 3137//1150
f 3136//1151 3137//1151 3138//1151
f 3138//1152 3137//1152 3139//1152
f 3138//1153 3139//1153 3131//1153
f 3131//1154 3139//1154 3140//1154
f 3131//1155 3140//1155 3129//1155
f 3141//1156 3015//1156 3142//1156
f 3142//1157 3015//1157 3019//1157
f 3143//1158 3144//1158 3145//1158
f 3130//1159 3129//1159 3146//1159
f 3146//1159 3129//1159 3147//1159
f 3146//1160 3147//1160 3145//1160
f 3145//1160 3147//1160 3148//1160
f 3145//1161 3148//1161 3143//1161
f 3141//1162 3149//1162 3015//1162
f 3015//1163 3149//1163 3145//1163
f 3015//1164 3145//1164 3150//1164
f 3150//1165 3145//1165 3144//1165
f 3151//1166 3051//1166 3152//1166
f 3152//1167 3051//1167 3153//1167
f 3152//1168 3153//1168 3154//1168
f 3151//1169 3155//1169 3051//1169
f 3051//1170 3155//1170 3156//1170
f 3051//1171 3156//1171 3035//1171
f 3154//1172 3157//1172 3152//1172
f 3152//1173 3157//1173 3158//1173
f 3152//1174 3158//1174 3159//1174
f 3159//1174 3158//1174 3160//1174
f 3159//1175 3160//1175 3161//1175
f 3161//1175 3160//1175 3162//1175
f 3161//1176 3162//1176 3163//1176
f 2977//1177 2978//1177 3164//1177
f 3164//1177 2978//1177 3165//1177
f 3164//1178 3165//1178 3166//1178
f 3166//1178 3165//1178 3167//1178
f 3166//1179 3167//1179 3168//1179
f 3168//1179 3167//1179 3169//1179
f 3168//1180 3169//1180 3170//1180
f 3170//1181 3169//1181 3171//1181
f 3170//1182 3171//1182 3163//1182
f 3163//1183 3171//1183 3172//1183
f 3163//1184 3172//1184 3161//1184
f 3173//1185 3174//1185 3175//1185
f 2976//1186 2975//1186 3176//1186
f 3176//1186 2975//1186 3177//1186
f 3176//1187 3177//1187 3178//1187
f 3178//1187 3177//1187 3179//1187
f 3178//1188 3179//1188 3180//1188
f 3180//1188 3179//1188 3181//1188
f 3180//1189 3181//1189 3182//1189
f 3182//1190 3181//1190 3183//1190
f 3182//1191 3183//1191 3175//1191
f 3175//1192 3183//1192 3184//1192
f 3175//1193 3184//1193 3173//1193
f 3185//1194 3089//1194 3186//1194
f 3186//1195 3089//1195 3105//1195
f 3187//1196 3188//1196 3189//1196
f 3174//1197 3173//1197 3190//1197
f 3190//1197 3173//1197 3191//1197
f 3190//1198 3191//1198 3189//1198
f 3189//1198 3191//1198 3192//1198
f 3189//1199 3192//1199 3187//1199
f 3185//1200 3193//1200 3089//1200
f 3089//1201 3193//1201 3189//1201
f 3089//1202 3189//1202 3194//1202
f 3194//1203 3189//1203 3188//1203
f 3195//1204 3196//1204 3197//1204
f 3198//1205 3199//1205 3200//1205
f 3200//1206 3199//1206 3004//1206
f 3004//1207 3199//1207 3201//1207
f 3004//1208 3201//1208 3202//1208
f 3202//1209 3203//1209 3004//1209
f 3004//1210 3203//1210 3204//1210
f 3004//1211 3204//1211 3002//1211
f 3196//1212 3195//1212 3200//1212
f 3200//1213 3195//1213 3205//1213
f 3200//1214 3205//1214 3198//1214
f 3206//1215 3207//1215 3197//1215
f 3197//1216 3196//1216 3206//1216
f 3206//1217 3196//1217 3200//1217
f 3206//1217 3200//1217 3208//1217
f 3208//1218 3200//1218 3004//1218
f 3208//1218 3004//1218 2917//1218
f 2914//1219 2913//1219 3209//1219
f 2152//1220 2150//1220 3210//1220
f 2150//1221 2148//1221 3211//1221
f 3211//1222 2148//1222 2147//1222
f 3211//1223 2147//1223 3212//1223
f 3213//1224 3214//1224 3215//1224
f 3215//1225 3214//1225 2153//1225
f 3215//1225 2153//1225 2152//1225
f 3213//1226 3215//1226 3216//1226
f 3216//1227 3215//1227 3217//1227
f 3216//1228 3217//1228 3218//1228
f 3218//1229 3217//1229 3209//1229
f 3218//1230 3209//1230 3219//1230
f 3219//1231 3209//1231 2913//1231
f 3219//1231 2913//1231 2911//1231
f 2152//1220 3210//1220 3215//1220
f 3215//1232 3210//1232 3220//1232
f 3215//1232 3220//1232 3217//1232
f 3217//1233 3220//1233 3221//1233
f 3217//1233 3221//1233 3209//1233
f 3209//1234 3221//1234 2915//1234
f 3209//1235 2915//1235 2914//1235
f 3222//1236 2919//1236 2920//1236
f 2150//1221 3211//1221 3210//1221
f 3210//1237 3211//1237 3223//1237
f 3210//1237 3223//1237 3220//1237
f 3220//1238 3223//1238 3222//1238
f 3220//1238 3222//1238 3221//1238
f 3221//1239 3222//1239 2920//1239
f 3221//1240 2920//1240 2915//1240
f 3212//1241 3207//1241 3211//1241
f 3211//1242 3207//1242 3206//1242
f 3211//1243 3206//1243 3223//1243
f 3223//1244 3206//1244 3208//1244
f 3223//1245 3208//1245 3222//1245
f 3222//1246 3208//1246 2917//1246
f 3222//1247 2917//1247 2919//1247
f 2158//1248 2153//1248 3224//1248
f 3224//1248 2153//1248 3214//1248
f 3224//1249 3214//1249 3225//1249
f 3225//1249 3214//1249 3213//1249
f 3225//1250 3213//1250 3226//1250
f 3226//1250 3213//1250 3216//1250
f 3226//1251 3216//1251 3227//1251
f 3227//1251 3216//1251 3218//1251
f 3227//1252 3218//1252 3228//1252
f 3228//1252 3218//1252 3219//1252
f 3228//1253 3219//1253 2884//1253
f 2884//1253 3219//1253 2911//1253
f 3229//1254 3228//1254 2884//1254
f 2144//1255 2158//1255 3224//1255
f 2123//1256 2144//1256 3230//1256
f 2110//1257 2123//1257 3231//1257
f 2111//1258 2110//1258 3232//1258
f 3232//1259 2110//1259 3233//1259
f 3232//1260 3233//1260 3234//1260
f 2110//1257 3231//1257 3233//1257
f 3233//1261 3231//1261 3235//1261
f 3233//1261 3235//1261 3236//1261
f 3236//1262 3235//1262 3237//1262
f 3236//1262 3237//1262 3238//1262
f 2123//1256 3230//1256 3231//1256
f 3231//1263 3230//1263 3239//1263
f 3231//1263 3239//1263 3235//1263
f 3235//1264 3239//1264 3229//1264
f 3235//1264 3229//1264 3237//1264
f 2144//1255 3224//1255 3230//1255
f 3230//1265 3224//1265 3225//1265
f 3230//1266 3225//1266 3239//1266
f 3239//1267 3225//1267 3226//1267
f 3239//1268 3226//1268 3229//1268
f 3229//1269 3226//1269 3227//1269
f 3229//1270 3227//1270 3228//1270
f 3234//1271 3233//1271 3240//1271
f 3240//1272 3233//1272 3236//1272
f 3240//1272 3236//1272 3241//1272
f 3241//1273 3236//1273 3238//1273
f 3241//1273 3238//1273 3242//1273
f 3242//1274 3238//1274 2880//1274
f 3242//1274 2880//1274 2878//1274
f 2884//1254 2886//1254 3229//1254
f 3229//1275 2886//1275 2887//1275
f 3229//1276 2887//1276 3237//1276
f 3237//1277 2887//1277 2882//1277
f 3237//1278 2882//1278 3238//1278
f 3238//1279 2882//1279 2881//1279
f 3238//1280 2881//1280 2880//1280
f 3241//1281 3243//1281 3240//1281
f 3240//1282 3243//1282 3234//1282
f 3244//1283 3245//1283 3246//1283
f 3246//1284 3245//1284 3247//1284
f 3246//1285 3247//1285 3248//1285
f 3043//1286 3041//1286 3249//1286
f 3249//1287 3250//1287 3043//1287
f 3043//1288 3250//1288 3251//1288
f 3043//1289 3251//1289 3044//1289
f 3044//1290 3251//1290 3252//1290
f 3044//1291 3252//1291 3247//1291
f 3247//1292 3252//1292 3253//1292
f 3247//1293 3253//1293 3248//1293
f 2878//1274 3044//1274 3242//1274
f 3242//1294 3044//1294 3247//1294
f 3242//1295 3247//1295 3241//1295
f 3241//1296 3247//1296 3245//1296
f 3241//1297 3245//1297 3243//1297
f 3243//1298 3245//1298 3244//1298
f 3254//1299 3255//1299 3256//1299
f 3257//1300 3258//1300 3072//1300
f 3072//1301 3258//1301 3259//1301
f 3072//1302 3259//1302 3073//1302
f 3257//1303 3072//1303 3260//1303
f 3260//1304 3072//1304 3106//1304
f 3260//1305 3106//1305 3261//1305
f 3261//1306 3106//1306 3262//1306
f 3261//1307 3262//1307 3263//1307
f 3255//1308 3254//1308 3262//1308
f 3262//1309 3254//1309 3264//1309
f 3262//1310 3264//1310 3263//1310
f 3265//1311 3266//1311 3256//1311
f 3256//1312 3255//1312 3265//1312
f 3265//1313 3255//1313 3262//1313
f 3265//1313 3262//1313 3267//1313
f 3267//1314 3262//1314 3106//1314
f 3267//1314 3106//1314 2895//1314
f 2892//1315 2891//1315 3268//1315
f 2145//1316 2121//1316 3269//1316
f 2121//1317 2119//1317 3270//1317
f 3270//1318 2119//1318 2117//1318
f 3270//1319 2117//1319 3271//1319
f 3272//1320 3273//1320 3274//1320
f 3274//1321 3273//1321 2146//1321
f 3274//1321 2146//1321 2145//1321
f 3272//1322 3274//1322 3275//1322
f 3275//1323 3274//1323 3276//1323
f 3275//1324 3276//1324 3277//1324
f 3277//1325 3276//1325 3268//1325
f 3277//1326 3268//1326 3278//1326
f 3278//1327 3268//1327 2891//1327
f 3278//1327 2891//1327 2889//1327
f 2145//1316 3269//1316 3274//1316
f 3274//1328 3269//1328 3279//1328
f 3274//1328 3279//1328 3276//1328
f 3276//1329 3279//1329 3280//1329
f 3276//1329 3280//1329 3268//1329
f 3268//1330 3280//1330 2893//1330
f 3268//1331 2893//1331 2892//1331
f 3281//1332 2897//1332 2898//1332
f 2121//1317 3270//1317 3269//1317
f 3269//1333 3270//1333 3282//1333
f 3269//1333 3282//1333 3279//1333
f 3279//1334 3282//1334 3281//1334
f 3279//1334 3281//1334 3280//1334
f 3280//1335 3281//1335 2898//1335
f 3280//1336 2898//1336 2893//1336
f 3271//1337 3266//1337 3270//1337
f 3270//1338 3266//1338 3265//1338
f 3270//1339 3265//1339 3282//1339
f 3282//1340 3265//1340 3267//1340
f 3282//1341 3267//1341 3281//1341
f 3281//1342 3267//1342 2895//1342
f 3281//1343 2895//1343 2897//1343
f 2159//1344 2146//1344 3283//1344
f 3283//1344 2146//1344 3273//1344
f 3283//1345 3273//1345 3284//1345
f 3284//1345 3273//1345 3272//1345
f 3284//1346 3272//1346 3285//1346
f 3285//1346 3272//1346 3275//1346
f 3285//1347 3275//1347 3286//1347
f 3286//1347 3275//1347 3277//1347
f 3286//1348 3277//1348 3287//1348
f 3287//1348 3277//1348 3278//1348
f 3287//1349 3278//1349 2906//1349
f 2906//1349 3278//1349 2889//1349
f 3288//1350 3287//1350 2906//1350
f 2161//1351 2159//1351 3283//1351
f 2163//1352 2161//1352 3289//1352
f 2164//1353 2163//1353 3290//1353
f 2124//1354 2164//1354 3291//1354
f 3291//1355 2164//1355 3292//1355
f 3291//1356 3292//1356 3293//1356
f 2164//1353 3290//1353 3292//1353
f 3292//1357 3290//1357 3294//1357
f 3292//1357 3294//1357 3295//1357
f 3295//1358 3294//1358 3296//1358
f 3295//1358 3296//1358 3297//1358
f 2163//1352 3289//1352 3290//1352
f 3290//1359 3289//1359 3298//1359
f 3290//1359 3298//1359 3294//1359
f 3294//1360 3298//1360 3288//1360
f 3294//1360 3288//1360 3296//1360
f 2161//1351 3283//1351 3289//1351
f 3289//1361 3283//1361 3284//1361
f 3289//1362 3284//1362 3298//1362
f 3298//1363 3284//1363 3285//1363
f 3298//1364 3285//1364 3288//1364
f 3288//1365 3285//1365 3286//1365
f 3288//1366 3286//1366 3287//1366
f 3293//1367 3292//1367 3299//1367
f 3299//1368 3292//1368 3295//1368
f 3299//1368 3295//1368 3300//1368
f 3300//1369 3295//1369 3297//1369
f 3300//1369 3297//1369 3301//1369
f 3301//1370 3297//1370 2902//1370
f 3301//1371 2902//1371 2900//1371
f 2906//1350 2908//1350 3288//1350
f 3288//1372 2908//1372 2909//1372
f 3288//1373 2909//1373 3296//1373
f 3296//1374 2909//1374 2904//1374
f 3296//1375 2904//1375 3297//1375
f 3297//1376 2904//1376 2903//1376
f 3297//1377 2903//1377 2902//1377
f 3300//1378 3302//1378 3299//1378
f 3299//1379 3302//1379 3293//1379
f 3303//1380 3304//1380 3305//1380
f 3305//1381 3304//1381 3306//1381
f 3305//1382 3306//1382 3307//1382
f 3012//1383 3010//1383 3308//1383
f 3308//1384 3309//1384 3012//1384
f 3012//1385 3309//1385 3310//1385
f 3012//1386 3310//1386 3013//1386
f 3013//1387 3310//1387 3311//1387
f 3013//1388 3311//1388 3306//1388
f 3306//1389 3311//1389 3312//1389
f 3306//1390 3312//1390 3307//1390
f 2900//1371 3013//1371 3301//1371
f 3301//1391 3013//1391 3306//1391
f 3301//1392 3306//1392 3300//1392
f 3300//1393 3306//1393 3304//1393
f 3300//1394 3304//1394 3302//1394
f 3302//1395 3304//1395 3303//1395
f 3313//1396 3314//1396 3315//1396
f 3313//1397 3316//1397 3317//1397
f 3315//1398 3314//1398 3318//1398
f 3318//1399 3314//1399 3319//1399
f 3318//1400 3319//1400 3320//1400
f 2985//1401 2983//1401 3321//1401
f 3321//1402 3322//1402 2985//1402
f 2985//1403 3322//1403 3323//1403
f 2985//1404 3323//1404 2986//1404
f 2986//1405 3323//1405 3324//1405
f 2986//1406 3324//1406 3319//1406
f 3319//1407 3324//1407 3325//1407
f 3319//1408 3325//1408 3320//1408
f 3313//1409 3317//1409 3314//1409
f 3314//1410 3317//1410 3326//1410
f 3314//1410 3326//1410 3319//1410
f 3319//1411 3326//1411 2035//1411
f 3319//1411 2035//1411 2986//1411
f 3327//1412 3328//1412 2026//1412
f 2096//1413 2098//1413 3329//1413
f 2094//1414 2096//1414 3330//1414
f 2045//1415 2094//1415 3331//1415
f 2045//1415 3331//1415 3332//1415
f 3332//1416 3331//1416 3333//1416
f 3332//1416 3333//1416 3334//1416
f 3334//1417 3333//1417 3335//1417
f 3334//1417 3335//1417 3336//1417
f 2094//1414 3330//1414 3331//1414
f 3331//1418 3330//1418 3337//1418
f 3331//1418 3337//1418 3333//1418
f 3333//1419 3337//1419 3327//1419
f 3333//1419 3327//1419 3335//1419
f 2096//1413 3329//1413 3330//1413
f 3330//1420 3329//1420 3338//1420
f 3330//1421 3338//1421 3337//1421
f 3337//1422 3338//1422 3339//1422
f 3337//1423 3339//1423 3327//1423
f 3327//1424 3339//1424 3340//1424
f 3327//1425 3340//1425 3328//1425
f 2046//1426 2045//1426 3341//1426
f 3341//1427 2045//1427 3332//1427
f 3341//1428 3332//1428 3316//1428
f 3316//1429 3332//1429 3334//1429
f 3316//1430 3334//1430 3317//1430
f 3317//1431 3334//1431 3336//1431
f 3317//1432 3336//1432 3326//1432
f 3326//1433 3336//1433 2036//1433
f 3326//1411 2036//1411 2035//1411
f 2026//1412 2028//1412 3327//1412
f 3327//1434 2028//1434 2030//1434
f 3327//1435 2030//1435 3335//1435
f 3335//1436 2030//1436 2031//1436
f 3335//1437 2031//1437 3336//1437
f 3336//1438 2031//1438 2033//1438
f 3336//1439 2033//1439 2036//1439
f 2098//1440 2089//1440 3329//1440
f 3329//1440 2089//1440 3342//1440
f 3329//1441 3342//1441 3338//1441
f 3338//1441 3342//1441 3343//1441
f 3338//1442 3343//1442 3339//1442
f 3339//1442 3343//1442 3344//1442
f 3339//1443 3344//1443 3340//1443
f 3340//1443 3344//1443 3345//1443
f 3340//1444 3345//1444 3328//1444
f 3328//1444 3345//1444 3346//1444
f 3328//1445 3346//1445 2026//1445
f 2026//1445 3346//1445 2013//1445
f 2011//1446 2014//1446 3347//1446
f 2088//1447 2086//1447 3348//1447
f 3349//1448 3350//1448 3351//1448
f 2086//1449 2084//1449 3352//1449
f 3352//1450 2084//1450 2083//1450
f 3352//1451 2083//1451 3349//1451
f 3343//1452 3342//1452 3353//1452
f 3353//1453 3342//1453 2089//1453
f 3353//1453 2089//1453 2088//1453
f 3343//1454 3353//1454 3344//1454
f 3344//1455 3353//1455 3354//1455
f 3344//1456 3354//1456 3345//1456
f 3345//1457 3354//1457 3347//1457
f 3345//1458 3347//1458 3346//1458
f 3346//1459 3347//1459 2014//1459
f 3346//1459 2014//1459 2013//1459
f 2088//1447 3348//1447 3353//1447
f 3353//1460 3348//1460 3355//1460
f 3353//1460 3355//1460 3354//1460
f 3354//1461 3355//1461 3356//1461
f 3354//1461 3356//1461 3347//1461
f 3347//1462 3356//1462 2009//1462
f 3347//1463 2009//1463 2011//1463
f 3357//1464 2006//1464 2008//1464
f 2086//1449 3352//1449 3348//1449
f 3348//1465 3352//1465 3358//1465
f 3348//1465 3358//1465 3355//1465
f 3355//1466 3358//1466 3357//1466
f 3355//1466 3357//1466 3356//1466
f 3356//1467 3357//1467 2008//1467
f 3356//1468 2008//1468 2009//1468
f 3349//1469 3351//1469 3352//1469
f 3352//1470 3351//1470 3359//1470
f 3352//1470 3359//1470 3358//1470
f 3358//1471 3359//1471 3360//1471
f 3358//1471 3360//1471 3357//1471
f 3357//1472 3360//1472 2004//1472
f 3357//1472 2004//1472 2006//1472
f 3361//1473 3362//1473 3363//1473
f 3364//1474 3365//1474 3059//1474
f 3059//1475 3365//1475 3366//1475
f 3059//1476 3366//1476 3057//1476
f 3364//1477 3059//1477 3367//1477
f 3367//1478 3059//1478 3068//1478
f 3367//1479 3068//1479 3368//1479
f 3368//1480 3068//1480 3369//1480
f 3368//1481 3369//1481 3370//1481
f 3362//1482 3361//1482 3369//1482
f 3369//1483 3361//1483 3371//1483
f 3369//1484 3371//1484 3370//1484
f 3068//1485 2004//1485 3369//1485
f 3369//1486 2004//1486 3360//1486
f 3369//1487 3360//1487 3362//1487
f 3362//1488 3360//1488 3359//1488
f 3362//1489 3359//1489 3363//1489
f 3363//1490 3359//1490 3351//1490
f 3363//1491 3351//1491 3350//1491
f 3372//1492 3373//1492 3374//1492
f 3372//1493 3375//1493 3376//1493
f 3374//1494 3373//1494 3377//1494
f 3377//1495 3373//1495 3378//1495
f 3377//1496 3378//1496 3379//1496
f 3099//1497 3098//1497 3380//1497
f 3380//1498 3381//1498 3099//1498
f 3099//1499 3381//1499 3382//1499
f 3099//1500 3382//1500 3069//1500
f 3069//1501 3382//1501 3383//1501
f 3069//1502 3383//1502 3378//1502
f 3378//1503 3383//1503 3384//1503
f 3378//1504 3384//1504 3379//1504
f 3372//1505 3376//1505 3373//1505
f 3373//1506 3376//1506 3385//1506
f 3373//1506 3385//1506 3378//1506
f 3378//1507 3385//1507 2002//1507
f 3378//1507 2002//1507 3069//1507
f 3386//1508 3387//1508 1993//1508
f 2081//1509 2082//1509 3388//1509
f 2062//1510 2081//1510 3389//1510
f 2063//1511 2062//1511 3390//1511
f 2063//1511 3390//1511 3391//1511
f 3391//1512 3390//1512 3392//1512
f 3391//1512 3392//1512 3393//1512
f 3393//1513 3392//1513 3394//1513
f 3393//1513 3394//1513 3395//1513
f 2062//1510 3389//1510 3390//1510
f 3390//1514 3389//1514 3396//1514
f 3390//1514 3396//1514 3392//1514
f 3392//1515 3396//1515 3386//1515
f 3392//1515 3386//1515 3394//1515
f 2081//1509 3388//1509 3389//1509
f 3389//1516 3388//1516 3397//1516
f 3389//1517 3397//1517 3396//1517
f 3396//1518 3397//1518 3398//1518
f 3396//1519 3398//1519 3386//1519
f 3386//1520 3398//1520 3399//1520
f 3386//1521 3399//1521 3387//1521
f 2064//1522 2063//1522 3400//1522
f 3400//1523 2063//1523 3391//1523
f 3400//1524 3391//1524 3375//1524
f 3375//1525 3391//1525 3393//1525
f 3375//1526 3393//1526 3376//1526
f 3376//1527 3393//1527 3395//1527
f 3376//1528 3395//1528 3385//1528
f 3385//1529 3395//1529 2003//1529
f 3385//1507 2003//1507 2002//1507
f 1993//1508 1995//1508 3386//1508
f 3386//1530 1995//1530 1997//1530
f 3386//1531 1997//1531 3394//1531
f 3394//1532 1997//1532 1998//1532
f 3394//1533 1998//1533 3395//1533
f 3395//1534 1998//1534 2000//1534
f 3395//1535 2000//1535 2003//1535
f 2024//1536 1993//1536 3401//1536
f 3401//1536 1993//1536 3387//1536
f 3401//1537 3387//1537 3402//1537
f 3402//1537 3387//1537 3399//1537
f 3402//1538 3399//1538 3403//1538
f 3403//1538 3399//1538 3398//1538
f 3403//1539 3398//1539 3404//1539
f 3404//1539 3398//1539 3397//1539
f 3404//1540 3397//1540 3405//1540
f 3405//1540 3397//1540 3388//1540
f 3405//1541 3388//1541 2099//1541
f 2099//1541 3388//1541 2082//1541
f 2022//1542 2025//1542 3406//1542
f 2100//1543 2070//1543 3407//1543
f 3408//1544 3409//1544 3410//1544
f 2070//1545 2068//1545 3411//1545
f 3411//1546 2068//1546 2066//1546
f 3411//1547 2066//1547 3408//1547
f 3404//1548 3405//1548 3412//1548
f 3412//1549 3405//1549 2099//1549
f 3412//1549 2099//1549 2100//1549
f 3404//1550 3412//1550 3403//1550
f 3403//1551 3412//1551 3413//1551
f 3403//1552 3413//1552 3402//1552
f 3402//1553 3413//1553 3406//1553
f 3402//1554 3406//1554 3401//1554
f 3401//1555 3406//1555 2025//1555
f 3401//1555 2025//1555 2024//1555
f 2100//1543 3407//1543 3412//1543
f 3412//1556 3407//1556 3414//1556
f 3412//1556 3414//1556 3413//1556
f 3413//1557 3414//1557 3415//1557
f 3413//1557 3415//1557 3406//1557
f 3406//1558 3415//1558 2020//1558
f 3406//1559 2020//1559 2022//1559
f 3416//1560 2017//1560 2019//1560
f 2070//1545 3411//1545 3407//1545
f 3407//1561 3411//1561 3417//1561
f 3407//1561 3417//1561 3414//1561
f 3414//1562 3417//1562 3416//1562
f 3414//1562 3416//1562 3415//1562
f 3415//1563 3416//1563 2019//1563
f 3415//1564 2019//1564 2020//1564
f 3408//1565 3410//1565 3411//1565
f 3411//1566 3410//1566 3418//1566
f 3411//1566 3418//1566 3417//1566
f 3417//1567 3418//1567 3419//1567
f 3417//1567 3419//1567 3416//1567
f 3416//1568 3419//1568 2015//1568
f 3416//1569 2015//1569 2017//1569
f 3420//1570 3421//1570 3422//1570
f 3423//1571 3424//1571 3425//1571
f 3425//1572 3424//1572 3030//1572
f 3030//1573 3424//1573 3426//1573
f 3030//1574 3426//1574 3427//1574
f 3427//1575 3428//1575 3030//1575
f 3030//1576 3428//1576 3429//1576
f 3030//1577 3429//1577 3028//1577
f 3421//1578 3420//1578 3425//1578
f 3425//1579 3420//1579 3430//1579
f 3425//1580 3430//1580 3423//1580
f 3030//1581 2015//1581 3425//1581
f 3425//1582 2015//1582 3419//1582
f 3425//1583 3419//1583 3421//1583
f 3421//1584 3419//1584 3418//1584
f 3421//1585 3418//1585 3422//1585
f 3422//1586 3418//1586 3410//1586
f 3422//1587 3410//1587 3409//1587
f 2996//1588 2995//1588 3203//1588
f 3203//1589 2995//1589 3204//1589
f 3204//1590 2995//1590 2994//1590
f 3204//1591 2994//1591 3002//1591
f 3431//1592 2997//1592 2996//1592
f 3432//1593 3202//1593 3201//1593
f 3199//1594 3433//1594 3201//1594
f 3201//1595 3433//1595 3434//1595
f 3201//1596 3434//1596 3432//1596
f 3199//1597 3198//1597 3433//1597
f 3433//1598 3198//1598 3205//1598
f 3433//1599 3205//1599 3435//1599
f 3435//1600 3205//1600 3195//1600
f 3435//1601 3195//1601 3436//1601
f 3436//1602 3195//1602 3197//1602
f 3436//1603 3197//1603 3437//1603
f 3203//1604 3202//1604 2996//1604
f 2996//1605 3202//1605 3432//1605
f 2996//1606 3432//1606 3431//1606
f 3431//1607 3432//1607 3434//1607
f 3431//1608 3434//1608 3438//1608
f 3438//1609 3434//1609 3433//1609
f 3438//1610 3433//1610 3439//1610
f 3439//1611 3433//1611 3435//1611
f 3439//1612 3435//1612 3440//1612
f 3440//1613 3435//1613 3436//1613
f 3440//1614 3436//1614 3441//1614
f 3441//1615 3436//1615 3437//1615
f 3441//1616 3437//1616 3442//1616
f 3118//1617 3111//1617 3442//1617
f 3442//1618 3111//1618 3110//1618
f 3442//1619 3110//1619 3441//1619
f 3441//1620 3110//1620 3109//1620
f 3441//1621 3109//1621 3440//1621
f 3440//1622 3109//1622 3108//1622
f 3440//1623 3108//1623 3439//1623
f 3439//1624 3108//1624 3114//1624
f 3439//1625 3114//1625 3438//1625
f 3438//1626 3114//1626 2993//1626
f 3438//1627 2993//1627 3431//1627
f 3431//1628 2993//1628 3000//1628
f 3431//1629 3000//1629 2997//1629
f 3119//1630 3118//1630 3443//1630
f 3443//1631 3118//1631 3442//1631
f 3443//1632 3442//1632 3444//1632
f 3444//1633 3442//1633 3437//1633
f 3444//1634 3437//1634 3207//1634
f 3207//1635 3437//1635 3197//1635
f 3212//1636 2147//1636 3445//1636
f 3445//1637 2147//1637 3446//1637
f 3445//1638 3446//1638 3447//1638
f 3447//1639 3446//1639 3448//1639
f 3447//1640 3448//1640 3126//1640
f 3126//1641 3448//1641 3124//1641
f 3207//1642 3212//1642 3444//1642
f 3444//1643 3212//1643 3445//1643
f 3444//1644 3445//1644 3443//1644
f 3443//1645 3445//1645 3447//1645
f 3443//1646 3447//1646 3119//1646
f 3119//1647 3447//1647 3126//1647
f 2147//1648 2134//1648 3446//1648
f 3446//1648 2134//1648 3449//1648
f 3446//1649 3449//1649 3448//1649
f 3448//1650 3449//1650 3450//1650
f 3448//1651 3450//1651 3124//1651
f 3124//1652 3450//1652 3122//1652
f 2134//1653 2133//1653 3449//1653
f 3449//1653 2133//1653 3451//1653
f 3449//1654 3451//1654 3450//1654
f 3450//1654 3451//1654 3452//1654
f 3450//1655 3452//1655 3122//1655
f 3122//1655 3452//1655 3120//1655
f 2133//1656 2131//1656 3451//1656
f 3451//1656 2131//1656 3453//1656
f 3451//1657 3453//1657 3452//1657
f 3452//1658 3453//1658 3454//1658
f 3452//1659 3454//1659 3120//1659
f 3120//1659 3454//1659 2973//1659
f 2971//60 2973//60 3454//60
f 2971//60 3454//60 3455//60
f 3455//61 3454//61 3453//61
f 3455//61 3453//61 3456//61
f 3456//62 3453//62 2131//62
f 3456//62 2131//62 2129//62
f 2129//1660 2127//1660 3456//1660
f 3456//1660 2127//1660 3457//1660
f 3456//1661 3457//1661 3455//1661
f 3455//1662 3457//1662 3458//1662
f 3455//1663 3458//1663 2971//1663
f 2971//1663 3458//1663 3133//1663
f 2127//1664 2125//1664 3457//1664
f 3457//1664 2125//1664 3459//1664
f 3457//1665 3459//1665 3458//1665
f 3458//1666 3459//1666 3460//1666
f 3458//1667 3460//1667 3133//1667
f 3133//1667 3460//1667 3135//1667
f 2125//1668 2124//1668 3459//1668
f 3459//1668 2124//1668 3461//1668
f 3459//1669 3461//1669 3460//1669
f 3460//1669 3461//1669 3462//1669
f 3460//1670 3462//1670 3135//1670
f 3135//1670 3462//1670 3137//1670
f 3291//1671 3293//1671 3463//1671
f 3463//1672 3293//1672 3464//1672
f 3463//1673 3464//1673 3465//1673
f 3465//1674 3464//1674 3466//1674
f 3465//1675 3466//1675 3139//1675
f 3139//1676 3466//1676 3140//1676
f 2124//1677 3291//1677 3461//1677
f 3461//1678 3291//1678 3463//1678
f 3461//1679 3463//1679 3462//1679
f 3462//1680 3463//1680 3465//1680
f 3462//1681 3465//1681 3137//1681
f 3137//1682 3465//1682 3139//1682
f 3467//1683 3311//1683 3310//1683
f 3006//1684 3016//1684 3468//1684
f 3468//1685 3016//1685 3015//1685
f 3468//1686 3015//1686 3469//1686
f 3470//1687 3007//1687 3006//1687
f 3010//1688 3009//1688 3308//1688
f 3308//1689 3009//1689 3008//1689
f 3308//1690 3008//1690 3309//1690
f 3309//1691 3008//1691 3007//1691
f 3309//1692 3007//1692 3310//1692
f 3310//1693 3007//1693 3470//1693
f 3310//1694 3470//1694 3467//1694
f 3140//1695 3466//1695 3129//1695
f 3129//1696 3466//1696 3471//1696
f 3129//1697 3471//1697 3147//1697
f 3147//1698 3471//1698 3472//1698
f 3147//1699 3472//1699 3148//1699
f 3148//1700 3472//1700 3473//1700
f 3148//1701 3473//1701 3143//1701
f 3143//1702 3473//1702 3474//1702
f 3143//1703 3474//1703 3144//1703
f 3144//1704 3474//1704 3469//1704
f 3144//1705 3469//1705 3150//1705
f 3150//1706 3469//1706 3015//1706
f 3006//1707 3468//1707 3470//1707
f 3470//1708 3468//1708 3469//1708
f 3470//1709 3469//1709 3467//1709
f 3467//1710 3469//1710 3474//1710
f 3467//1711 3474//1711 3475//1711
f 3475//1712 3474//1712 3473//1712
f 3475//1713 3473//1713 3476//1713
f 3476//1714 3473//1714 3472//1714
f 3476//1715 3472//1715 3477//1715
f 3477//1716 3472//1716 3471//1716
f 3477//1717 3471//1717 3478//1717
f 3478//1718 3471//1718 3466//1718
f 3478//1719 3466//1719 3464//1719
f 3311//1720 3467//1720 3312//1720
f 3312//1721 3467//1721 3475//1721
f 3312//1722 3475//1722 3307//1722
f 3307//1723 3475//1723 3476//1723
f 3307//1724 3476//1724 3305//1724
f 3305//1725 3476//1725 3477//1725
f 3305//1726 3477//1726 3303//1726
f 3303//1727 3477//1727 3478//1727
f 3303//1728 3478//1728 3302//1728
f 3302//1729 3478//1729 3464//1729
f 3302//1730 3464//1730 3293//1730
f 3479//1731 3324//1731 3323//1731
f 2979//1732 2990//1732 3480//1732
f 3480//1733 2990//1733 2989//1733
f 3480//1734 2989//1734 3481//1734
f 3482//1735 2980//1735 2979//1735
f 2983//1736 2982//1736 3321//1736
f 3321//1737 2982//1737 2981//1737
f 3321//1738 2981//1738 3322//1738
f 3322//1739 2981//1739 2980//1739
f 3322//1740 2980//1740 3323//1740
f 3323//1741 2980//1741 3482//1741
f 3323//1742 3482//1742 3479//1742
f 3128//1743 3483//1743 3117//1743
f 3117//1744 3483//1744 3484//1744
f 3117//1745 3484//1745 3112//1745
f 3112//1746 3484//1746 3485//1746
f 3112//1747 3485//1747 3107//1747
f 3107//1748 3485//1748 3486//1748
f 3107//1749 3486//1749 3113//1749
f 3113//1750 3486//1750 3487//1750
f 3113//1751 3487//1751 3115//1751
f 3115//1752 3487//1752 3481//1752
f 3115//1753 3481//1753 3116//1753
f 3116//1754 3481//1754 2989//1754
f 2979//1755 3480//1755 3482//1755
f 3482//1756 3480//1756 3481//1756
f 3482//1757 3481//1757 3479//1757
f 3479//1758 3481//1758 3487//1758
f 3479//1759 3487//1759 3488//1759
f 3488//1760 3487//1760 3486//1760
f 3488//1761 3486//1761 3489//1761
f 3489//1762 3486//1762 3485//1762
f 3489//1763 3485//1763 3490//1763
f 3490//1764 3485//1764 3484//1764
f 3490//1765 3484//1765 3491//1765
f 3491//1766 3484//1766 3483//1766
f 3491//1767 3483//1767 3492//1767
f 3324//1768 3479//1768 3325//1768
f 3325//1769 3479//1769 3488//1769
f 3325//1770 3488//1770 3320//1770
f 3320//1771 3488//1771 3489//1771
f 3320//1772 3489//1772 3318//1772
f 3318//1773 3489//1773 3490//1773
f 3318//1774 3490//1774 3315//1774
f 3315//1775 3490//1775 3491//1775
f 3315//1776 3491//1776 3313//1776
f 3313//1777 3491//1777 3492//1777
f 3313//1778 3492//1778 3316//1778
f 3341//1779 3316//1779 3493//1779
f 3493//1780 3316//1780 3492//1780
f 3493//1781 3492//1781 3494//1781
f 3494//1782 3492//1782 3483//1782
f 3494//1783 3483//1783 3127//1783
f 3127//1784 3483//1784 3128//1784
f 2046//1785 3341//1785 3495//1785
f 3495//1786 3341//1786 3493//1786
f 3495//1787 3493//1787 3496//1787
f 3496//1788 3493//1788 3494//1788
f 3496//1789 3494//1789 3125//1789
f 3125//1790 3494//1790 3127//1790
f 2075//1791 2073//1791 3497//1791
f 3497//1792 2073//1792 3498//1792
f 3497//1793 3498//1793 3499//1793
f 3500//1794 3121//1794 2974//1794
f 2974//1795 3501//1795 3500//1795
f 3500//1796 3501//1796 3502//1796
f 3500//1797 3502//1797 3498//1797
f 3498//1798 3502//1798 3503//1798
f 3498//1799 3503//1799 3499//1799
f 2073//1800 2072//1800 3498//1800
f 3498//1800 2072//1800 3504//1800
f 3498//1801 3504//1801 3500//1801
f 3500//1802 3504//1802 3505//1802
f 3500//1803 3505//1803 3121//1803
f 3121//1803 3505//1803 3123//1803
f 2072//1804 2046//1804 3504//1804
f 3504//1804 2046//1804 3495//1804
f 3504//1805 3495//1805 3505//1805
f 3505//1805 3495//1805 3496//1805
f 3505//1806 3496//1806 3123//1806
f 3123//1806 3496//1806 3125//1806
f 2075//1807 3497//1807 2077//1807
f 2077//1807 3497//1807 3506//1807
f 3506//1808 3497//1808 3507//1808
f 3507//1808 3497//1808 3499//1808
f 3507//1809 3499//1809 3508//1809
f 3508//1809 3499//1809 3503//1809
f 3508//1810 3503//1810 3509//1810
f 3509//1811 3503//1811 3502//1811
f 3509//1812 3502//1812 3510//1812
f 3502//1813 3501//1813 3510//1813
f 3510//1814 3501//1814 2974//1814
f 3510//1815 2974//1815 2972//1815
f 3136//1816 3511//1816 3512//1816
f 3511//1817 3513//1817 3514//1817
f 3513//1818 2066//1818 2065//1818
f 3511//1819 3514//1819 3512//1819
f 3512//1820 3514//1820 3515//1820
f 3512//1820 3515//1820 3516//1820
f 3513//1818 2065//1818 3514//1818
f 3514//1821 2065//1821 2078//1821
f 3514//1821 2078//1821 3515//1821
f 3515//1822 2078//1822 2077//1822
f 3515//1823 2077//1823 3506//1823
f 3506//1824 3507//1824 3515//1824
f 3515//1825 3507//1825 3508//1825
f 3515//1826 3508//1826 3516//1826
f 3516//1827 3508//1827 3509//1827
f 3516//1828 3509//1828 3510//1828
f 3136//1829 3512//1829 3134//1829
f 3134//1830 3512//1830 3516//1830
f 3134//1830 3516//1830 3132//1830
f 3132//1831 3516//1831 3510//1831
f 3132//1832 3510//1832 2972//1832
f 3408//1833 2066//1833 3517//1833
f 3517//1834 2066//1834 3513//1834
f 3517//1835 3513//1835 3518//1835
f 3518//1836 3513//1836 3511//1836
f 3518//1837 3511//1837 3138//1837
f 3138//1838 3511//1838 3136//1838
f 3409//1839 3408//1839 3519//1839
f 3519//1840 3408//1840 3517//1840
f 3519//1841 3517//1841 3520//1841
f 3520//1842 3517//1842 3518//1842
f 3520//1843 3518//1843 3131//1843
f 3131//1844 3518//1844 3138//1844
f 3027//1845 3026//1845 3428//1845
f 3428//1846 3026//1846 3429//1846
f 3429//1847 3026//1847 3025//1847
f 3429//1848 3025//1848 3028//1848
f 3521//1849 3024//1849 3027//1849
f 3522//1850 3427//1850 3426//1850
f 3424//1851 3523//1851 3426//1851
f 3426//1852 3523//1852 3524//1852
f 3426//1853 3524//1853 3522//1853
f 3424//1854 3423//1854 3523//1854
f 3523//1855 3423//1855 3430//1855
f 3523//1856 3430//1856 3525//1856
f 3525//1857 3430//1857 3420//1857
f 3525//1858 3420//1858 3526//1858
f 3526//1859 3420//1859 3422//1859
f 3526//1860 3422//1860 3527//1860
f 3428//1861 3427//1861 3027//1861
f 3027//1862 3427//1862 3522//1862
f 3027//1863 3522//1863 3521//1863
f 3521//1864 3522//1864 3524//1864
f 3521//1865 3524//1865 3528//1865
f 3528//1866 3524//1866 3523//1866
f 3528//1867 3523//1867 3529//1867
f 3529//1868 3523//1868 3525//1868
f 3529//1869 3525//1869 3530//1869
f 3530//1870 3525//1870 3526//1870
f 3530//1871 3526//1871 3531//1871
f 3531//1872 3526//1872 3527//1872
f 3531//1873 3527//1873 3532//1873
f 3130//1874 3146//1874 3532//1874
f 3532//1875 3146//1875 3145//1875
f 3532//1876 3145//1876 3531//1876
f 3531//1877 3145//1877 3149//1877
f 3531//1878 3149//1878 3530//1878
f 3530//1879 3149//1879 3141//1879
f 3530//1880 3141//1880 3529//1880
f 3529//1881 3141//1881 3142//1881
f 3529//1882 3142//1882 3528//1882
f 3528//1883 3142//1883 3019//1883
f 3528//1884 3019//1884 3521//1884
f 3521//1885 3019//1885 3022//1885
f 3521//1886 3022//1886 3024//1886
f 3131//1887 3130//1887 3520//1887
f 3520//1888 3130//1888 3532//1888
f 3520//1889 3532//1889 3519//1889
f 3519//1890 3532//1890 3527//1890
f 3519//1891 3527//1891 3409//1891
f 3409//1892 3527//1892 3422//1892
f 3055//1893 3054//1893 3365//1893
f 3365//1894 3054//1894 3366//1894
f 3366//1895 3054//1895 3056//1895
f 3366//1896 3056//1896 3057//1896
f 3533//1897 3060//1897 3055//1897
f 3534//1898 3364//1898 3367//1898
f 3368//1899 3535//1899 3367//1899
f 3367//1900 3535//1900 3536//1900
f 3367//1901 3536//1901 3534//1901
f 3368//1902 3370//1902 3535//1902
f 3535//1903 3370//1903 3371//1903
f 3535//1904 3371//1904 3537//1904
f 3537//1905 3371//1905 3361//1905
f 3537//1906 3361//1906 3538//1906
f 3538//1907 3361//1907 3363//1907
f 3538//1908 3363//1908 3539//1908
f 3365//1909 3364//1909 3055//1909
f 3055//1910 3364//1910 3534//1910
f 3055//1911 3534//1911 3533//1911
f 3533//1912 3534//1912 3536//1912
f 3533//1913 3536//1913 3540//1913
f 3540//1914 3536//1914 3535//1914
f 3540//1915 3535//1915 3541//1915
f 3541//1916 3535//1916 3537//1916
f 3541//1917 3537//1917 3542//1917
f 3542//1918 3537//1918 3538//1918
f 3542//1919 3538//1919 3543//1919
f 3543//1920 3538//1920 3539//1920
f 3543//1921 3539//1921 3544//1921
f 3162//1922 3160//1922 3544//1922
f 3544//1923 3160//1923 3158//1923
f 3544//1924 3158//1924 3543//1924
f 3543//1925 3158//1925 3157//1925
f 3543//1926 3157//1926 3542//1926
f 3542//1927 3157//1927 3154//1927
f 3542//1928 3154//1928 3541//1928
f 3541//1929 3154//1929 3153//1929
f 3541//1930 3153//1930 3540//1930
f 3540//1931 3153//1931 3051//1931
f 3540//1932 3051//1932 3533//1932
f 3533//1933 3051//1933 3061//1933
f 3533//1934 3061//1934 3060//1934
f 3163//1935 3162//1935 3545//1935
f 3545//1936 3162//1936 3544//1936
f 3545//1937 3544//1937 3546//1937
f 3546//1938 3544//1938 3539//1938
f 3546//1939 3539//1939 3350//1939
f 3350//1940 3539//1940 3363//1940
f 3349//1941 2083//1941 3547//1941
f 3547//1942 2083//1942 3548//1942
f 3547//1943 3548//1943 3549//1943
f 3549//1944 3548//1944 3550//1944
f 3549//1945 3550//1945 3170//1945
f 3170//1946 3550//1946 3168//1946
f 3350//1947 3349//1947 3546//1947
f 3546//1948 3349//1948 3547//1948
f 3546//1949 3547//1949 3545//1949
f 3545//1950 3547//1950 3549//1950
f 3545//1951 3549//1951 3163//1951
f 3163//1952 3549//1952 3170//1952
f 2083//1953 2054//1953 3548//1953
f 3548//1953 2054//1953 3551//1953
f 3548//1954 3551//1954 3550//1954
f 3550//1954 3551//1954 3552//1954
f 3550//1955 3552//1955 3168//1955
f 3168//1955 3552//1955 3166//1955
f 2054//1956 2053//1956 3551//1956
f 3551//1956 2053//1956 3553//1956
f 3551//1957 3553//1957 3552//1957
f 3552//1957 3553//1957 3554//1957
f 3552//1958 3554//1958 3166//1958
f 3166//1958 3554//1958 3164//1958
f 2053//1959 2055//1959 3553//1959
f 3553//1959 2055//1959 3555//1959
f 3553//1960 3555//1960 3554//1960
f 3554//1960 3555//1960 3556//1960
f 3554//1961 3556//1961 3164//1961
f 3164//1961 3556//1961 2977//1961
f 2055//593 2057//593 3557//593
f 2055//593 3557//593 3555//593
f 3555//591 3557//591 3558//591
f 3555//591 3558//591 3556//591
f 3556//589 3558//589 2975//589
f 3556//589 2975//589 2977//589
f 2057//1962 2059//1962 3557//1962
f 3557//1962 2059//1962 3559//1962
f 3557//1963 3559//1963 3558//1963
f 3558//1963 3559//1963 3560//1963
f 3558//1964 3560//1964 2975//1964
f 2975//1964 3560//1964 3177//1964
f 2059//1965 2061//1965 3559//1965
f 3559//1965 2061//1965 3561//1965
f 3559//1966 3561//1966 3560//1966
f 3560//1966 3561//1966 3562//1966
f 3560//1967 3562//1967 3177//1967
f 3177//1967 3562//1967 3179//1967
f 2061//1968 2064//1968 3561//1968
f 3561//1968 2064//1968 3563//1968
f 3561//1969 3563//1969 3562//1969
f 3562//1969 3563//1969 3564//1969
f 3562//1970 3564//1970 3179//1970
f 3179//1970 3564//1970 3181//1970
f 3400//1971 3375//1971 3565//1971
f 3565//1972 3375//1972 3566//1972
f 3565//1973 3566//1973 3567//1973
f 3567//1974 3566//1974 3568//1974
f 3567//1975 3568//1975 3183//1975
f 3183//1976 3568//1976 3184//1976
f 2064//1977 3400//1977 3563//1977
f 3563//1978 3400//1978 3565//1978
f 3563//1979 3565//1979 3564//1979
f 3564//1980 3565//1980 3567//1980
f 3564//1981 3567//1981 3181//1981
f 3181//1982 3567//1982 3183//1982
f 3569//1983 3383//1983 3382//1983
f 3094//1984 3090//1984 3570//1984
f 3570//1985 3090//1985 3089//1985
f 3570//1986 3089//1986 3571//1986
f 3572//1987 3095//1987 3094//1987
f 3098//1988 3097//1988 3380//1988
f 3380//1989 3097//1989 3096//1989
f 3380//1990 3096//1990 3381//1990
f 3381//1991 3096//1991 3095//1991
f 3381//1992 3095//1992 3382//1992
f 3382//1993 3095//1993 3572//1993
f 3382//1994 3572//1994 3569//1994
f 3184//1995 3568//1995 3173//1995
f 3173//1996 3568//1996 3573//1996
f 3173//1997 3573//1997 3191//1997
f 3191//1998 3573//1998 3574//1998
f 3191//1999 3574//1999 3192//1999
f 3192//2000 3574//2000 3575//2000
f 3192//2001 3575//2001 3187//2001
f 3187//2002 3575//2002 3576//2002
f 3187//2003 3576//2003 3188//2003
f 3188//2004 3576//2004 3571//2004
f 3188//2005 3571//2005 3194//2005
f 3194//2006 3571//2006 3089//2006
f 3094//2007 3570//2007 3572//2007
f 3572//2008 3570//2008 3571//2008
f 3572//2009 3571//2009 3569//2009
f 3569//2010 3571//2010 3576//2010
f 3569//2011 3576//2011 3577//2011
f 3577//2012 3576//2012 3575//2012
f 3577//2013 3575//2013 3578//2013
f 3578//2014 3575//2014 3574//2014
f 3578//2015 3574//2015 3579//2015
f 3579//2016 3574//2016 3573//2016
f 3579//2017 3573//2017 3580//2017
f 3580//2018 3573//2018 3568//2018
f 3580//2019 3568//2019 3566//2019
f 3383//2020 3569//2020 3384//2020
f 3384//2021 3569//2021 3577//2021
f 3384//2022 3577//2022 3379//2022
f 3379//2023 3577//2023 3578//2023
f 3379//2024 3578//2024 3377//2024
f 3377//2025 3578//2025 3579//2025
f 3377//2026 3579//2026 3374//2026
f 3374//2027 3579//2027 3580//2027
f 3374//2028 3580//2028 3372//2028
f 3372//2029 3580//2029 3566//2029
f 3372//2030 3566//2030 3375//2030
f 3076//2031 3075//2031 3258//2031
f 3258//2032 3075//2032 3259//2032
f 3259//2033 3075//2033 3074//2033
f 3259//2034 3074//2034 3073//2034
f 3581//2035 3079//2035 3076//2035
f 3582//2036 3257//2036 3260//2036
f 3261//2037 3583//2037 3260//2037
f 3260//2038 3583//2038 3584//2038
f 3260//2039 3584//2039 3582//2039
f 3261//2040 3263//2040 3583//2040
f 3583//2041 3263//2041 3264//2041
f 3583//2042 3264//2042 3585//2042
f 3585//2043 3264//2043 3254//2043
f 3585//2044 3254//2044 3586//2044
f 3586//2045 3254//2045 3256//2045
f 3586//2046 3256//2046 3587//2046
f 3258//2047 3257//2047 3076//2047
f 3076//2048 3257//2048 3582//2048
f 3076//2049 3582//2049 3581//2049
f 3581//2050 3582//2050 3584//2050
f 3581//2051 3584//2051 3588//2051
f 3588//2052 3584//2052 3583//2052
f 3588//2053 3583//2053 3589//2053
f 3589//2054 3583//2054 3585//2054
f 3589//2055 3585//2055 3590//2055
f 3590//2056 3585//2056 3586//2056
f 3590//2057 3586//2057 3591//2057
f 3591//2058 3586//2058 3587//2058
f 3591//2059 3587//2059 3592//2059
f 3174//2060 3190//2060 3592//2060
f 3592//2061 3190//2061 3189//2061
f 3592//2062 3189//2062 3591//2062
f 3591//2063 3189//2063 3193//2063
f 3591//2064 3193//2064 3590//2064
f 3590//2065 3193//2065 3185//2065
f 3590//2066 3185//2066 3589//2066
f 3589//2067 3185//2067 3186//2067
f 3589//2068 3186//2068 3588//2068
f 3588//2069 3186//2069 3105//2069
f 3588//2070 3105//2070 3581//2070
f 3581//2071 3105//2071 3104//2071
f 3581//2072 3104//2072 3079//2072
f 3175//2073 3174//2073 3593//2073
f 3593//2074 3174//2074 3592//2074
f 3593//2075 3592//2075 3594//2075
f 3594//2076 3592//2076 3587//2076
f 3594//2077 3587//2077 3266//2077
f 3266//2078 3587//2078 3256//2078
f 3271//2079 2117//2079 3595//2079
f 3595//2080 2117//2080 3596//2080
f 3595//2081 3596//2081 3597//2081
f 3597//2082 3596//2082 3598//2082
f 3597//2083 3598//2083 3182//2083
f 3182//2084 3598//2084 3180//2084
f 3266//2085 3271//2085 3594//2085
f 3594//2086 3271//2086 3595//2086
f 3594//2087 3595//2087 3593//2087
f 3593//2088 3595//2088 3597//2088
f 3593//2089 3597//2089 3175//2089
f 3175//2090 3597//2090 3182//2090
f 2117//2091 2116//2091 3596//2091
f 3596//2091 2116//2091 3599//2091
f 3596//2092 3599//2092 3598//2092
f 3598//2092 3599//2092 3600//2092
f 3598//2093 3600//2093 3180//2093
f 3180//2093 3600//2093 3178//2093
f 2116//2094 2141//2094 3599//2094
f 3599//2094 2141//2094 3601//2094
f 3599//2095 3601//2095 3600//2095
f 3600//2095 3601//2095 3602//2095
f 3600//2096 3602//2096 3178//2096
f 3178//2096 3602//2096 3176//2096
f 2141//2097 2140//2097 3601//2097
f 3601//2097 2140//2097 3603//2097
f 3601//2098 3603//2098 3602//2098
f 3602//2098 3603//2098 3604//2098
f 3602//2099 3604//2099 3176//2099
f 3176//2099 3604//2099 2976//2099
f 2978//584 2976//584 3604//584
f 2978//584 3604//584 3605//584
f 3605//586 3604//586 3603//586
f 3605//586 3603//586 3606//586
f 3606//588 3603//588 2140//588
f 3606//588 2140//588 2138//588
f 2138//2100 2136//2100 3606//2100
f 3606//2100 2136//2100 3607//2100
f 3606//2101 3607//2101 3605//2101
f 3605//2101 3607//2101 3608//2101
f 3605//2102 3608//2102 2978//2102
f 2978//2102 3608//2102 3165//2102
f 2136//2103 2135//2103 3607//2103
f 3607//2103 2135//2103 3609//2103
f 3607//2104 3609//2104 3608//2104
f 3608//2104 3609//2104 3610//2104
f 3608//2105 3610//2105 3165//2105
f 3165//2105 3610//2105 3167//2105
f 2135//2106 2111//2106 3609//2106
f 3609//2106 2111//2106 3611//2106
f 3609//2107 3611//2107 3610//2107
f 3610//2107 3611//2107 3612//2107
f 3610//2108 3612//2108 3167//2108
f 3167//2108 3612//2108 3169//2108
f 3232//2109 3234//2109 3613//2109
f 3613//2110 3234//2110 3614//2110
f 3613//2111 3614//2111 3615//2111
f 3615//2112 3614//2112 3616//2112
f 3615//2113 3616//2113 3171//2113
f 3171//2114 3616//2114 3172//2114
f 2111//2115 3232//2115 3611//2115
f 3611//2116 3232//2116 3613//2116
f 3611//2117 3613//2117 3612//2117
f 3612//2118 3613//2118 3615//2118
f 3612//2119 3615//2119 3169//2119
f 3169//2120 3615//2120 3171//2120
f 3617//2121 3252//2121 3251//2121
f 3037//2122 3036//2122 3618//2122
f 3618//2123 3036//2123 3035//2123
f 3618//2124 3035//2124 3619//2124
f 3620//2125 3038//2125 3037//2125
f 3041//2126 3040//2126 3249//2126
f 3249//2127 3040//2127 3039//2127
f 3249//2128 3039//2128 3250//2128
f 3250//2129 3039//2129 3038//2129
f 3250//2130 3038//2130 3251//2130
f 3251//2131 3038//2131 3620//2131
f 3251//2132 3620//2132 3617//2132
f 3172//2133 3616//2133 3161//2133
f 3161//2134 3616//2134 3621//2134
f 3161//2135 3621//2135 3159//2135
f 3159//2136 3621//2136 3622//2136
f 3159//2137 3622//2137 3152//2137
f 3152//2138 3622//2138 3623//2138
f 3152//2139 3623//2139 3151//2139
f 3151//2140 3623//2140 3624//2140
f 3151//2141 3624//2141 3155//2141
f 3155//2142 3624//2142 3619//2142
f 3155//2143 3619//2143 3156//2143
f 3156//2144 3619//2144 3035//2144
f 3037//2145 3618//2145 3620//2145
f 3620//2146 3618//2146 3619//2146
f 3620//2147 3619//2147 3617//2147
f 3617//2148 3619//2148 3624//2148
f 3617//2149 3624//2149 3625//2149
f 3625//2150 3624//2150 3623//2150
f 3625//2151 3623//2151 3626//2151
f 3626//2152 3623//2152 3622//2152
f 3626//2153 3622//2153 3627//2153
f 3627//2154 3622//2154 3621//2154
f 3627//2155 3621//2155 3628//2155
f 3628//2156 3621//2156 3616//2156
f 3628//2157 3616//2157 3614//2157
f 3252//2158 3617//2158 3253//2158
f 3253//2159 3617//2159 3625//2159
f 3253//2160 3625//2160 3248//2160
f 3248//2161 3625//2161 3626//2161
f 3248//2162 3626//2162 3246//2162
f 3246//2163 3626//2163 3627//2163
f 3246//2164 3627//2164 3244//2164
f 3244//2165 3627//2165 3628//2165
f 3244//2166 3628//2166 3243//2166
f 3243//2167 3628//2167 3614//2167
f 3243//2168 3614//2168 3234//2168
f 3629//2169 3630//2169 3631//2169
f 3632//2170 3633//2170 3634//2170
f 3635//2171 3636//2171 3637//2171
f 3638//2172 3639//2172 3640//2172
f 3641//2173 3642//2173 3643//2173
f 3644//2174 3645//2174 3642//2174
f 3642//2175 3645//2175 3646//2175
f 3642//2176 3646//2176 3643//2176
f 3641//2177 3643//2177 3639//2177
f 3639//2178 3643//2178 3647//2178
f 3639//2179 3647//2179 3640//2179
f 3638//2180 3640//2180 3636//2180
f 3636//2181 3640//2181 3648//2181
f 3636//2182 3648//2182 3637//2182
f 3635//2183 3637//2183 3633//2183
f 3633//2184 3637//2184 3649//2184
f 3633//2185 3649//2185 3634//2185
f 3632//2186 3634//2186 3630//2186
f 3630//2187 3634//2187 3650//2187
f 3630//2188 3650//2188 3631//2188
f 3629//2189 3631//2189 3651//2189
f 3651//2190 3631//2190 3652//2190
f 3651//2191 3652//2191 3653//2191
f 3654//2192 3655//2192 3653//2192
f 3653//2193 3655//2193 3656//2193
f 3653//2194 3656//2194 3651//2194
f 3644//2195 3657//2195 3645//2195
f 3645//2196 3657//2196 3658//2196
f 3645//2197 3658//2197 3659//2197
f 3659//2198 3658//2198 3660//2198
f 3659//2199 3660//2199 3661//2199
f 3661//2200 3660//2200 3662//2200
f 3661//2201 3662//2201 3663//2201
f 3663//2202 3662//2202 3664//2202
f 3663//2203 3664//2203 3665//2203
f 3665//2204 3664//2204 3666//2204
f 3665//2205 3666//2205 3667//2205
f 3667//2206 3666//2206 3668//2206
f 3667//2207 3668//2207 3669//2207
f 3669//2208 3668//2208 3670//2208
f 3669//2209 3670//2209 3671//2209
f 3671//2210 3670//2210 3672//2210
f 3671//2211 3672//2211 3673//2211
f 3673//2212 3672//2212 3674//2212
f 3673//2213 3674//2213 3675//2213
f 3675//2214 3674//2214 3676//2214
f 3675//2215 3676//2215 3677//2215
f 3677//2216 3676//2216 3678//2216
f 3677//2217 3678//2217 3679//2217
f 3679//2218 3678//2218 3680//2218
f 3679//2219 3680//2219 3681//2219
f 3681//2220 3680//2220 3682//2220
f 3681//2221 3682//2221 3683//2221
f 3683//2222 3682//2222 3655//2222
f 3683//2223 3655//2223 3684//2223
f 3684//2224 3655//2224 3654//2224
f 1594//2225 3685//2225 3686//2225
f 1594//2226 3686//2226 1593//2226
f 3685//2227 1594//2227 3687//2227
f 3687//2228 1594//2228 1633//2228
f 3687//2229 1633//2229 3688//2229
f 3688//2230 1633//2230 3689//2230
f 3689//2231 1633//2231 1583//2231
f 3689//2232 1583//2232 3690//2232
f 3690//2233 1583//2233 3691//2233
f 3691//2234 1583//2234 1582//2234
f 3691//2235 1582//2235 3692//2235
f 3692//2236 1582//2236 3693//2236
f 3693//2237 1582//2237 1585//2237
f 3693//2238 1585//2238 3694//2238
f 3694//2239 1585//2239 3695//2239
f 3695//2240 1585//2240 1584//2240
f 3695//2241 1584//2241 3696//2241
f 3696//770 1584//770 3697//770
f 3697//2242 1584//2242 1588//2242
f 3697//795 1588//795 3698//795
f 1590//2243 3699//2243 1588//2243
f 1588//2244 3699//2244 3700//2244
f 1588//2245 3700//2245 3698//2245
f 1387//2246 3701//2246 1388//2246
f 1388//2247 3701//2247 3702//2247
f 1388//2248 3702//2248 1590//2248
f 1590//2249 3702//2249 3703//2249
f 1590//2250 3703//2250 3699//2250
f 1591//2251 3704//2251 1387//2251
f 1387//2252 3704//2252 3705//2252
f 1387//2253 3705//2253 3701//2253
f 1592//2254 3706//2254 1591//2254
f 1591//2255 3706//2255 3707//2255
f 1591//2256 3707//2256 3704//2256
f 3686//710 3708//710 1593//710
f 1593//711 3708//711 3709//711
f 1593//2257 3709//2257 1592//2257
f 1592//2258 3709//2258 3710//2258
f 1592//2259 3710//2259 3706//2259
f 3711//49 1288//49 3712//49
f 3712//49 1288//49 1319//49
f 3713//35 1336//35 3714//35
f 3714//35 1336//35 1335//35
f 3715//49 1274//49 3716//49
f 3716//49 1274//49 1287//49
f 3717//35 1347//35 3718//35
f 3718//35 1347//35 1372//35
f 3716//2260 1287//2260 1297//2260
f 3716//60 1297//60 3719//60
f 3719//2261 1297//2261 1301//2261
f 3719//61 1301//61 3720//61
f 3720//62 1301//62 1279//62
f 3720//62 1279//62 1830//62
f 1866//59 1292//59 1315//59
f 1866//59 1315//59 3721//59
f 3721//58 1315//58 1313//58
f 3721//58 1313//58 3722//58
f 3722//57 1313//57 1274//57
f 3722//2262 1274//2262 3715//2262
f 3714//584 1335//584 1329//584
f 3714//584 1329//584 3723//584
f 3723//586 1329//586 1328//586
f 3723//586 1328//586 3724//586
f 3724//588 1328//588 1327//588
f 3724//588 1327//588 1832//588
f 1347//2263 3717//2263 3725//2263
f 1347//2263 3725//2263 1345//2263
f 1345//2264 3725//2264 3726//2264
f 1345//2264 3726//2264 1350//2264
f 1350//2265 3726//2265 3727//2265
f 1350//2265 3727//2265 1330//2265
f 1330//2266 3727//2266 1991//2266
f 1330//2266 1991//2266 1331//2266
f 1360//2267 1992//2267 3728//2267
f 1360//2267 3728//2267 1356//2267
f 1356//2268 3728//2268 3729//2268
f 1356//2268 3729//2268 1357//2268
f 1357//2269 3729//2269 3730//2269
f 1357//2269 3730//2269 1358//2269
f 1358//2270 3730//2270 3718//2270
f 1358//2270 3718//2270 1372//2270
f 1336//589 3713//589 3731//589
f 1336//589 3731//589 1337//589
f 1337//591 3731//591 3732//591
f 1337//591 3732//591 1338//591
f 1338//593 3732//593 1861//593
f 1338//593 1861//593 1339//593
f 1294//59 1860//59 3733//59
f 1294//59 3733//59 1293//59
f 1293//58 3733//58 3734//58
f 1293//58 3734//58 1291//58
f 1291//57 3734//57 3712//57
f 1291//2262 3712//2262 1319//2262
f 1833//62 1278//62 1280//62
f 1833//62 1280//62 3735//62
f 3735//61 1280//61 1281//61
f 3735//61 1281//61 3736//61
f 3736//60 1281//60 1288//60
f 3736//2260 1288//2260 3711//2260
f 2199//2271 2198//2271 3737//2271
f 3737//2271 2198//2271 3738//2271
f 3737//2272 3738//2272 2851//2272
f 2851//2272 3738//2272 2852//2272
f 2876//2273 2875//2273 3739//2273
f 3739//2273 2875//2273 3740//2273
f 3739//2274 3740//2274 2169//2274
f 2169//2274 3740//2274 2170//2274
f 2167//2275 2166//2275 3741//2275
f 3741//2275 2166//2275 3742//2275
f 3741//2276 3742//2276 2823//2276
f 2823//2276 3742//2276 2824//2276
f 2850//2277 2849//2277 3743//2277
f 3743//2277 2849//2277 3744//2277
f 3743//2278 3744//2278 2196//2278
f 2196//2278 3744//2278 2197//2278
f 1727//2279 2826//2279 1817//2279
f 1817//2280 2826//2280 2828//2280
f 1817//2281 2828//2281 3745//2281
f 3745//2282 2828//2282 3746//2282
f 1639//2283 1638//2283 2832//2283
f 2832//2284 1638//2284 3747//2284
f 2832//2285 3747//2285 2830//2285
f 3747//2286 1640//2286 2830//2286
f 2830//2287 1640//2287 1642//2287
f 2830//2288 1642//2288 2828//2288
f 2828//2289 1642//2289 1686//2289
f 2828//2290 1686//2290 3746//2290
f 1639//2291 2832//2291 1670//2291
f 1670//2292 2832//2292 2834//2292
f 1670//2293 2834//2293 3748//2293
f 1657//2294 1656//2294 2838//2294
f 2838//2295 1656//2295 3749//2295
f 2838//2296 3749//2296 2836//2296
f 3749//2297 1822//2297 2836//2297
f 2836//2298 1822//2298 1652//2298
f 2836//2299 1652//2299 2834//2299
f 2834//2300 1652//2300 1651//2300
f 2834//2301 1651//2301 3748//2301
f 1657//2302 2838//2302 1672//2302
f 1672//2303 2838//2303 2840//2303
f 1672//2304 2840//2304 3750//2304
f 1666//2305 3751//2305 2844//2305
f 2844//2306 3751//2306 2842//2306
f 3751//2307 1664//2307 2842//2307
f 2842//2308 1664//2308 1636//2308
f 2842//2309 1636//2309 2840//2309
f 2840//2310 1636//2310 1635//2310
f 2840//2311 1635//2311 3750//2311
f 3752//2312 3753//2312 2846//2312
f 2846//2313 3753//2313 1778//2313
f 2846//2314 1778//2314 2844//2314
f 2844//2315 1778//2315 1667//2315
f 2844//2316 1667//2316 1666//2316
f 1683//2317 1682//2317 2850//2317
f 2850//2318 1682//2318 3754//2318
f 2850//2319 3754//2319 2848//2319
f 3754//2320 1680//2320 2848//2320
f 2848//2321 1680//2321 1660//2321
f 2848//2322 1660//2322 2846//2322
f 2846//2323 1660//2323 1659//2323
f 2846//2324 1659//2324 3752//2324
f 1727//2325 1726//2325 2826//2325
f 2826//2326 1726//2326 3755//2326
f 2826//2327 3755//2327 2823//2327
f 2823//2328 3755//2328 1761//2328
f 2823//2329 1761//2329 1762//2329
f 2196//2330 1788//2330 3743//2330
f 3743//2330 1788//2330 1790//2330
f 3743//2331 1790//2331 2850//2331
f 2850//2331 1790//2331 1683//2331
f 2823//2332 1762//2332 3741//2332
f 3741//2332 1762//2332 1763//2332
f 3741//2333 1763//2333 2167//2333
f 2167//2333 1763//2333 1730//2333
f 2194//2334 1787//2334 2196//2334
f 2196//2334 1787//2334 1788//2334
f 1733//2335 2192//2335 1730//2335
f 1730//2335 2192//2335 2167//2335
f 2219//2336 2938//2336 2969//2336
f 2219//2337 2969//2337 2220//2337
f 2220//2338 2969//2338 1787//2338
f 2220//2339 1787//2339 2194//2339
f 2192//2340 1733//2340 2964//2340
f 2192//2341 2964//2341 2191//2341
f 2191//2342 2964//2342 2937//2342
f 2191//2343 2937//2343 2189//2343
f 2938//2344 2219//2344 2940//2344
f 2940//2344 2219//2344 2217//2344
f 2940//2345 2217//2345 2942//2345
f 2942//2345 2217//2345 2215//2345
f 2942//2346 2215//2346 2944//2346
f 2944//2346 2215//2346 2213//2346
f 2943//2347 2183//2347 2941//2347
f 2941//2347 2183//2347 2185//2347
f 2941//2348 2185//2348 2939//2348
f 2939//2348 2185//2348 2187//2348
f 2939//2349 2187//2349 2937//2349
f 2937//2349 2187//2349 2189//2349
f 2211//2334 2946//2334 2213//2334
f 2213//2334 2946//2334 2944//2334
f 2945//2335 2181//2335 2943//2335
f 2943//2335 2181//2335 2183//2335
f 2946//2350 2211//2350 2948//2350
f 2948//2350 2211//2350 2209//2350
f 2948//2351 2209//2351 2950//2351
f 2950//2351 2209//2351 2207//2351
f 2950//2352 2207//2352 2952//2352
f 2952//2352 2207//2352 2205//2352
f 2951//2353 2175//2353 2949//2353
f 2949//2353 2175//2353 2177//2353
f 2949//2354 2177//2354 2947//2354
f 2947//2354 2177//2354 2179//2354
f 2947//2355 2179//2355 2945//2355
f 2945//2355 2179//2355 2181//2355
f 2201//2356 1578//2356 2954//2356
f 2201//2356 2954//2356 2203//2356
f 2203//2357 2954//2357 2952//2357
f 2203//2358 2952//2358 2205//2358
f 2175//2359 2951//2359 2953//2359
f 2175//2360 2953//2360 2173//2360
f 2173//2361 2953//2361 1579//2361
f 2173//2362 1579//2362 2171//2362
f 1578//2334 2201//2334 1577//2334
f 1577//2334 2201//2334 2199//2334
f 1577//2334 2199//2334 1390//2334
f 2171//2335 1579//2335 2169//2335
f 2169//2335 1579//2335 1580//2335
f 2169//2335 1580//2335 1581//2335
f 2851//2363 1452//2363 3737//2363
f 3737//2363 1452//2363 1391//2363
f 3737//2364 1391//2364 2199//2364
f 2199//2364 1391//2364 1390//2364
f 2169//2365 1581//2365 3739//2365
f 3739//2365 1581//2365 1496//2365
f 3739//2366 1496//2366 2876//2366
f 2876//2366 1496//2366 1495//2366
f 1452//2367 2851//2367 1447//2367
f 1447//2368 2851//2368 2854//2368
f 1447//2369 2854//2369 1562//2369
f 1562//2370 2854//2370 2856//2370
f 1562//2370 2856//2370 1570//2370
f 1561//2371 1560//2371 2860//2371
f 2860//2372 1560//2372 1558//2372
f 1558//2373 1557//2373 2860//2373
f 2860//2374 1557//2374 1427//2374
f 2860//2375 1427//2375 2858//2375
f 2858//2376 1427//2376 1433//2376
f 2858//2377 1433//2377 2856//2377
f 2856//2378 1433//2378 1429//2378
f 2856//2379 1429//2379 1570//2379
f 2862//2380 1394//2380 1393//2380
f 2862//2381 1393//2381 2860//2381
f 2860//2382 1393//2382 1415//2382
f 2860//2383 1415//2383 1561//2383
f 1394//2384 2862//2384 1396//2384
f 1396//2385 2862//2385 2864//2385
f 1396//2386 2864//2386 1551//2386
f 1551//2387 2864//2387 2866//2387
f 1551//2387 2866//2387 1399//2387
f 1524//2388 1523//2388 2868//2388
f 2868//2389 1523//2389 1547//2389
f 2868//2390 1547//2390 2866//2390
f 2866//2391 1547//2391 1397//2391
f 2866//2392 1397//2392 1399//2392
f 1524//2393 2868//2393 1526//2393
f 1526//2394 2868//2394 2870//2394
f 1526//2395 2870//2395 1402//2395
f 1402//2396 2870//2396 2872//2396
f 1402//2396 2872//2396 1400//2396
f 1400//2397 2872//2397 2874//2397
f 1400//2397 2874//2397 1516//2397
f 1516//2398 2874//2398 1499//2398
f 1499//2399 2874//2399 2876//2399
f 1499//2400 2876//2400 1495//2400
f 1827//2401 1829//2401 3661//2401
f 3661//2402 3663//2402 1827//2402
f 1827//2403 3663//2403 3665//2403
f 1827//2404 3665//2404 1792//2404
f 3665//2405 3667//2405 1792//2405
f 1792//2406 3667//2406 3669//2406
f 1792//2407 3669//2407 1794//2407
f 3669//2408 3671//2408 1794//2408
f 1794//2409 3671//2409 3673//2409
f 1794//2410 3673//2410 1647//2410
f 3673//2411 3675//2411 1647//2411
f 1647//2412 3675//2412 3677//2412
f 1647//2413 3677//2413 1806//2413
f 3653//2414 1715//2414 1804//2414
f 3677//2415 3679//2415 1806//2415
f 1806//2416 3679//2416 3681//2416
f 1806//2417 3681//2417 1768//2417
f 1768//2418 3681//2418 3683//2418
f 1768//2419 3683//2419 1805//2419
f 1805//2419 3683//2419 3684//2419
f 1805//2420 3684//2420 1804//2420
f 1804//2420 3684//2420 3654//2420
f 1804//2421 3654//2421 3653//2421
f 3653//2422 3652//2422 1715//2422
f 1715//2423 3652//2423 3631//2423
f 1715//2424 3631//2424 1716//2424
f 1716//2425 3631//2425 3650//2425
f 1716//2426 3650//2426 1776//2426
f 3650//2427 3634//2427 1776//2427
f 1776//2428 3634//2428 3649//2428
f 1776//2429 3649//2429 1775//2429
f 3649//2430 3637//2430 1775//2430
f 1775//2431 3637//2431 3648//2431
f 1775//2432 3648//2432 1676//2432
f 3648//2433 3640//2433 1676//2433
f 1676//2434 3640//2434 3647//2434
f 1676//2435 3647//2435 1674//2435
f 3647//2436 3643//2436 1674//2436
f 1674//2437 3643//2437 3646//2437
f 1674//2438 3646//2438 1702//2438
f 1702//2438 3646//2438 3645//2438
f 1702//2439 3645//2439 1829//2439
f 1829//2439 3645//2439 3659//2439
f 1829//2440 3659//2440 3661//2440
f 2288//2441 2200//2441 3029//2441
f 3029//2441 2200//2441 2202//2441
f 3029//2442 2202//2442 2016//2442
f 2016//2442 2202//2442 2204//2442
f 2290//147 2198//147 2288//147
f 2288//147 2198//147 2200//147
f 2210//2443 2023//2443 2021//2443
f 2210//2443 2021//2443 2208//2443
f 2208//2444 2021//2444 2018//2444
f 2208//2444 2018//2444 2206//2444
f 2206//2445 2018//2445 2016//2445
f 2206//2446 2016//2446 2204//2446
f 2282//2447 2284//2447 2852//2447
f 3738//2448 2285//2448 2287//2448
f 3738//2447 2287//2447 2852//2447
f 2852//2447 2287//2447 2293//2447
f 2852//2448 2293//2448 2282//2448
f 2198//2449 2290//2449 3738//2449
f 3738//2449 2290//2449 2536//2449
f 3738//2447 2536//2447 2285//2447
f 2212//147 1994//147 2210//147
f 2210//147 1994//147 2023//147
f 2404//2450 2875//2450 2873//2450
f 2404//2450 2873//2450 2402//2450
f 2402//2451 2873//2451 2871//2451
f 2402//2451 2871//2451 2399//2451
f 2399//2452 2871//2452 2869//2452
f 2399//2452 2869//2452 2397//2452
f 2375//2453 2388//2453 2867//2453
f 2867//2454 2388//2454 2379//2454
f 2867//2455 2379//2455 2869//2455
f 2869//2456 2379//2456 2381//2456
f 2869//2457 2381//2457 2397//2457
f 2375//2458 2867//2458 2365//2458
f 2365//2459 2867//2459 2865//2459
f 2365//2460 2865//2460 2357//2460
f 2863//2461 2274//2461 2865//2461
f 2865//2462 2274//2462 2358//2462
f 2865//2463 2358//2463 2357//2463
f 2861//2464 2273//2464 2863//2464
f 2863//2465 2273//2465 2275//2465
f 2863//2466 2275//2466 2274//2466
f 2334//2467 2333//2467 2859//2467
f 2859//2468 2333//2468 2276//2468
f 2859//2469 2276//2469 2861//2469
f 2861//2470 2276//2470 2278//2470
f 2861//2471 2278//2471 2273//2471
f 2324//2472 2326//2472 2857//2472
f 2857//2473 2326//2473 2331//2473
f 2857//2474 2331//2474 2859//2474
f 2859//2475 2331//2475 2335//2475
f 2859//2476 2335//2476 2334//2476
f 2324//2477 2857//2477 2321//2477
f 2321//2478 2857//2478 2855//2478
f 2321//2478 2855//2478 2317//2478
f 2317//2479 2855//2479 2297//2479
f 2297//2480 2855//2480 2853//2480
f 2297//2481 2853//2481 2298//2481
f 2298//2482 2853//2482 2852//2482
f 2298//2482 2852//2482 2284//2482
f 2218//2483 2001//2483 1999//2483
f 2218//2483 1999//2483 2216//2483
f 2216//2484 1999//2484 1996//2484
f 2216//2484 1996//2484 2214//2484
f 2214//2485 1996//2485 1994//2485
f 2214//2485 1994//2485 2212//2485
f 3740//2486 2429//2486 2170//2486
f 2170//2486 2429//2486 2428//2486
f 2404//2487 2406//2487 2875//2487
f 2875//2488 2406//2488 2408//2488
f 2875//2489 2408//2489 3740//2489
f 3740//2490 2408//2490 2423//2490
f 3740//2491 2423//2491 2429//2491
f 2001//2492 2218//2492 3070//2492
f 3070//2492 2218//2492 2193//2492
f 3070//2493 2193//2493 2720//2493
f 2720//2493 2193//2493 2195//2493
f 2426//111 2172//111 2428//111
f 2428//111 2172//111 2170//111
f 2197//147 2718//147 2195//147
f 2195//147 2718//147 2720//147
f 2899//2494 2176//2494 3011//2494
f 3011//2494 2176//2494 2174//2494
f 3011//2495 2174//2495 2426//2495
f 2426//2495 2174//2495 2172//2495
f 2718//2496 2197//2496 2709//2496
f 2709//2496 2197//2496 3744//2496
f 2709//2497 3744//2497 2707//2497
f 2695//2498 2697//2498 2849//2498
f 2849//2499 2697//2499 2699//2499
f 2849//2500 2699//2500 3744//2500
f 3744//2501 2699//2501 2701//2501
f 3744//2502 2701//2502 2707//2502
f 2176//2503 2899//2503 2901//2503
f 2176//2503 2901//2503 2178//2503
f 2178//2504 2901//2504 2905//2504
f 2178//2504 2905//2504 2180//2504
f 2180//2505 2905//2505 2907//2505
f 2180//2505 2907//2505 2182//2505
f 2849//2506 2847//2506 2695//2506
f 2695//2506 2847//2506 2690//2506
f 2845//2507 2688//2507 2847//2507
f 2847//2508 2688//2508 2691//2508
f 2847//2509 2691//2509 2690//2509
f 2843//2510 2680//2510 2845//2510
f 2845//2511 2680//2511 2686//2511
f 2845//2512 2686//2512 2688//2512
f 2659//2513 2670//2513 2841//2513
f 2841//2514 2670//2514 2672//2514
f 2672//2515 2674//2515 2841//2515
f 2841//2516 2674//2516 2554//2516
f 2841//2517 2554//2517 2843//2517
f 2843//2518 2554//2518 2556//2518
f 2843//2519 2556//2519 2680//2519
f 2839//2520 2656//2520 2654//2520
f 2839//2521 2654//2521 2841//2521
f 2841//2522 2654//2522 2660//2522
f 2841//2523 2660//2523 2659//2523
f 2656//2524 2839//2524 2643//2524
f 2643//2525 2839//2525 2837//2525
f 2643//2526 2837//2526 2637//2526
f 2637//2527 2837//2527 2835//2527
f 2637//2527 2835//2527 2638//2527
f 2617//2528 2625//2528 2831//2528
f 2831//2529 2625//2529 2624//2529
f 2831//2530 2624//2530 2833//2530
f 2833//2531 2624//2531 2628//2531
f 2833//2532 2628//2532 2835//2532
f 2835//2533 2628//2533 2627//2533
f 2835//2534 2627//2534 2638//2534
f 2599//2535 2606//2535 2831//2535
f 2831//2536 2606//2536 2618//2536
f 2831//2537 2618//2537 2617//2537
f 2599//2538 2831//2538 2596//2538
f 2596//2539 2831//2539 2829//2539
f 2596//2540 2829//2540 2597//2540
f 2562//2541 2561//2541 2827//2541
f 2827//2542 2561//2542 2557//2542
f 2827//2543 2557//2543 2829//2543
f 2829//2544 2557//2544 2598//2544
f 2829//2545 2598//2545 2597//2545
f 2825//2546 2584//2546 2586//2546
f 2825//2547 2586//2547 2827//2547
f 2827//2548 2586//2548 2560//2548
f 2827//2549 2560//2549 2562//2549
f 2824//2550 2566//2550 2568//2550
f 2568//2551 2575//2551 2824//2551
f 2824//2552 2575//2552 2581//2552
f 2824//2553 2581//2553 2825//2553
f 2825//2554 2581//2554 2583//2554
f 2825//2555 2583//2555 2584//2555
f 2888//111 2184//111 2907//111
f 2907//111 2184//111 2182//111
f 2553//2556 2566//2556 2824//2556
f 2553//2557 2824//2557 2551//2557
f 2551//2558 2824//2558 3742//2558
f 2551//2559 3742//2559 2727//2559
f 2166//2560 2721//2560 3742//2560
f 3742//2560 2721//2560 2728//2560
f 3742//2561 2728//2561 2727//2561
f 2184//2562 2888//2562 2890//2562
f 2184//2562 2890//2562 2186//2562
f 2186//2563 2890//2563 2894//2563
f 2186//2563 2894//2563 2188//2563
f 2188//2564 2894//2564 2896//2564
f 2188//2564 2896//2564 2190//2564
f 2165//111 2722//111 2166//111
f 2166//111 2722//111 2721//111
f 2722//2565 2165//2565 3071//2565
f 3071//2565 2165//2565 2168//2565
f 3071//2566 2168//2566 2896//2566
f 2896//2566 2168//2566 2190//2566
f 1849//2335 2885//2335 1847//2335
f 1847//2335 2885//2335 2910//2335
f 1855//2567 2877//2567 2879//2567
f 1855//2567 2879//2567 1853//2567
f 1853//2568 2879//2568 2883//2568
f 1853//2568 2883//2568 1851//2568
f 1851//2569 2883//2569 2885//2569
f 1851//2569 2885//2569 1849//2569
f 1847//2570 2910//2570 2912//2570
f 1847//2570 2912//2570 1845//2570
f 1845//2571 2912//2571 2916//2571
f 1845//2571 2916//2571 1843//2571
f 1843//2572 2916//2572 2918//2572
f 1843//2573 2918//2573 1841//2573
f 2877//2574 1855//2574 3042//2574
f 3042//2574 1855//2574 1836//2574
f 3042//2575 1836//2575 1946//2575
f 1946//2575 1836//2575 1837//2575
f 1887//2576 1835//2576 3003//2576
f 3003//2576 1835//2576 1834//2576
f 3003//2577 1834//2577 2918//2577
f 2918//2577 1834//2577 1841//2577
f 1838//2335 1962//2335 1837//2335
f 1837//2335 1962//2335 1946//2335
f 1904//2335 1830//2335 1887//2335
f 1887//2335 1830//2335 1835//2335
f 1991//2578 1968//2578 1838//2578
f 1838//2578 1968//2578 1962//2578
f 1896//2579 3716//2579 3719//2579
f 1896//2580 3719//2580 1909//2580
f 1909//2581 3719//2581 3720//2581
f 1909//2582 3720//2582 1907//2582
f 1907//2583 3720//2583 1830//2583
f 1907//2584 1830//2584 1904//2584
f 1968//2585 1991//2585 3727//2585
f 1968//2585 3727//2585 1969//2585
f 1969//2586 3727//2586 3726//2586
f 1969//2586 3726//2586 1976//2586
f 1976//2587 3726//2587 3725//2587
f 1976//2587 3725//2587 1975//2587
f 1975//2588 3725//2588 3717//2588
f 1975//2588 3717//2588 1959//2588
f 1892//103 3715//103 1896//103
f 1896//103 3715//103 3716//103
f 3718//691 1943//691 3717//691
f 3717//691 1943//691 1959//691
f 1893//2589 1866//2589 3721//2589
f 1893//2590 3721//2590 1890//2590
f 1890//2591 3721//2591 3722//2591
f 1890//2592 3722//2592 1891//2592
f 1891//2593 3722//2593 3715//2593
f 1891//2594 3715//2594 1892//2594
f 1943//2595 3718//2595 3730//2595
f 1943//2595 3730//2595 1971//2595
f 1971//2596 3730//2596 3729//2596
f 1971//2596 3729//2596 1972//2596
f 1972//2597 3729//2597 3728//2597
f 1972//2597 3728//2597 1990//2597
f 1990//2598 3728//2598 1992//2598
f 1990//2598 1992//2598 1989//2598
f 1899//2334 1865//2334 1893//2334
f 1893//2334 1865//2334 1866//2334
f 1858//2599 1987//2599 1992//2599
f 1992//2599 1987//2599 1989//2599
f 2034//2600 1883//2600 2984//2600
f 2984//2600 1883//2600 1864//2600
f 2984//2601 1864//2601 1899//2601
f 1899//2601 1864//2601 1865//2601
f 1863//2334 1960//2334 1858//2334
f 1858//2334 1960//2334 1987//2334
f 1883//2602 2034//2602 2032//2602
f 1883//2602 2032//2602 1881//2602
f 1881//2603 2032//2603 2029//2603
f 1881//2603 2029//2603 1879//2603
f 1879//2604 2029//2604 2027//2604
f 1879//2604 2027//2604 1877//2604
f 1960//2605 1863//2605 3058//2605
f 3058//2605 1863//2605 1862//2605
f 3058//2606 1862//2606 2005//2606
f 2005//2606 1862//2606 1869//2606
f 2012//2334 1875//2334 2027//2334
f 2027//2334 1875//2334 1877//2334
f 1875//2607 2012//2607 2010//2607
f 1875//2607 2010//2607 1873//2607
f 1873//2608 2010//2608 2007//2608
f 1873//2608 2007//2608 1871//2608
f 1871//2609 2007//2609 2005//2609
f 1871//2609 2005//2609 1869//2609
f 1876//147 2922//147 1878//147
f 1878//147 2922//147 2930//147
f 2922//2610 1876//2610 2924//2610
f 2924//2610 1876//2610 1874//2610
f 2924//2611 1874//2611 2926//2611
f 2926//2611 1874//2611 1872//2611
f 2926//2612 1872//2612 2928//2612
f 2928//2612 1872//2612 1870//2612
f 2932//2613 1884//2613 2934//2613
f 2934//2613 1884//2613 1882//2613
f 2934//2614 1882//2614 2936//2614
f 2936//2614 1882//2614 1880//2614
f 2936//2615 1880//2615 2930//2615
f 2930//2615 1880//2615 1878//2615
f 1867//2616 2221//2616 2957//2616
f 1867//2617 2957//2617 1868//2617
f 1868//2618 2957//2618 2928//2618
f 1868//2619 2928//2619 1870//2619
f 1884//2620 2932//2620 2955//2620
f 1884//2621 2955//2621 1885//2621
f 1885//2622 2955//2622 2243//2622
f 1885//2623 2243//2623 1859//2623
f 1861//147 2222//147 1867//147
f 1867//147 2222//147 2221//147
f 2259//147 1860//147 2243//147
f 2243//147 1860//147 1859//147
f 2222//2624 1861//2624 3732//2624
f 2222//2624 3732//2624 2241//2624
f 2241//640 3732//640 3731//640
f 2241//640 3731//640 2240//640
f 2240//642 3731//642 3713//642
f 2240//642 3713//642 2238//642
f 2247//2625 3712//2625 3734//2625
f 2247//2626 3734//2626 2254//2626
f 2254//149 3734//149 3733//149
f 2254//2627 3733//2627 2260//2627
f 2260//2628 3733//2628 1860//2628
f 2260//2629 1860//2629 2259//2629
f 3714//643 2233//643 3713//643
f 3713//643 2233//643 2238//643
f 2249//146 3711//146 2247//146
f 2247//146 3711//146 3712//146
f 2233//634 3714//634 3723//634
f 2233//634 3723//634 2234//634
f 2234//635 3723//635 3724//635
f 2234//635 3724//635 2235//635
f 2235//2630 3724//2630 1832//2630
f 2235//2630 1832//2630 2225//2630
f 2263//2631 1833//2631 3735//2631
f 2263//2632 3735//2632 2262//2632
f 2262//140 3735//140 3736//140
f 2262//2633 3736//2633 2261//2633
f 2261//2634 3736//2634 3711//2634
f 2261//2635 3711//2635 2249//2635
f 1831//111 2227//111 1832//111
f 1832//111 2227//111 2225//111
f 2245//111 1839//111 2263//111
f 2263//111 1839//111 1833//111
f 1856//2636 2927//2636 2962//2636
f 1856//2637 2962//2637 1857//2637
f 1857//2638 2962//2638 2227//2638
f 1857//2639 2227//2639 1831//2639
f 1839//2640 2245//2640 2956//2640
f 1839//2640 2956//2640 1840//2640
f 1840//2641 2956//2641 2931//2641
f 1840//2642 2931//2642 1842//2642
f 2927//2643 1856//2643 2925//2643
f 2925//2643 1856//2643 1854//2643
f 2925//2644 1854//2644 2923//2644
f 2923//2644 1854//2644 1852//2644
f 2923//2645 1852//2645 2921//2645
f 2921//2645 1852//2645 1850//2645
f 2929//2646 1848//2646 2935//2646
f 2935//2646 1848//2646 1846//2646
f 2935//2647 1846//2647 2933//2647
f 2933//2647 1846//2647 1844//2647
f 2933//2648 1844//2648 2931//2648
f 2931//2648 1844//2648 1842//2648
f 1848//111 2929//111 1850//111
f 1850//111 2929//111 2921//111
f 3698//2649 2271//2649 2270//2649
f 3698//2650 3700//2650 2271//2650
f 2271//2651 3700//2651 3699//2651
f 2271//2652 3699//2652 2456//2652
f 2456//2653 3699//2653 3703//2653
f 2456//2654 3703//2654 2455//2654
f 3703//2655 3702//2655 2455//2655
f 2455//2656 3702//2656 3701//2656
f 2455//766 3701//766 2452//766
f 3701//2657 3705//2657 2452//2657
f 2452//2658 3705//2658 3704//2658
f 2452//738 3704//738 2453//738
f 3704//2659 3707//2659 2453//2659
f 2453//2660 3707//2660 3706//2660
f 2453//741 3706//741 2511//741
f 3706//2661 3710//2661 2511//2661
f 2511//2662 3710//2662 3709//2662
f 2511//744 3709//744 2521//744
f 2521//744 3709//744 3708//744
f 2521//745 3708//745 2457//745
f 3708//745 3686//745 2457//745
f 2457//2663 3686//2663 3685//2663
f 2457//2664 3685//2664 2458//2664
f 3685//2665 3687//2665 2458//2665
f 2458//2666 3687//2666 3688//2666
f 2458//2667 3688//2667 2460//2667
f 3688//2668 3689//2668 2460//2668
f 2460//2669 3689//2669 3690//2669
f 2460//2670 3690//2670 2538//2670
f 3690//2671 3691//2671 2538//2671
f 2538//2672 3691//2672 3692//2672
f 2538//2673 3692//2673 2541//2673
f 3692//2674 3693//2674 2541//2674
f 2541//2675 3693//2675 3694//2675
f 2541//2676 3694//2676 2523//2676
f 3694//2677 3695//2677 2523//2677
f 2523//2678 3695//2678 3696//2678
f 2523//2679 3696//2679 2270//2679
f 2270//2680 3696//2680 3697//2680
f 2270//2681 3697//2681 3698//2681
f 2741//2682 2546//2682 3680//2682
f 3680//2683 3678//2683 2741//2683
f 2741//2684 3678//2684 3676//2684
f 2741//2685 3676//2685 2742//2685
f 3676//2686 3674//2686 2742//2686
f 2742//2687 3674//2687 3672//2687
f 2742//2688 3672//2688 2744//2688
f 3672//2689 3670//2689 2744//2689
f 2744//2690 3670//2690 3668//2690
f 2744//2691 3668//2691 2746//2691
f 3668//2692 3666//2692 2746//2692
f 2746//2693 3666//2693 3664//2693
f 2746//2694 3664//2694 2739//2694
f 3642//2695 2754//2695 2549//2695
f 3664//2696 3662//2696 2739//2696
f 2739//2697 3662//2697 3660//2697
f 2739//2698 3660//2698 2740//2698
f 2740//2699 3660//2699 3658//2699
f 2740//2700 3658//2700 2548//2700
f 2548//2700 3658//2700 3657//2700
f 2548//2701 3657//2701 2549//2701
f 2549//2701 3657//2701 3644//2701
f 2549//2702 3644//2702 3642//2702
f 3642//2703 3641//2703 2754//2703
f 2754//2704 3641//2704 3639//2704
f 2754//2705 3639//2705 2755//2705
f 2755//2706 3639//2706 3638//2706
f 2755//2707 3638//2707 2750//2707
f 3638//2708 3636//2708 2750//2708
f 2750//2709 3636//2709 3635//2709
f 2750//2710 3635//2710 2752//2710
f 3635//2711 3633//2711 2752//2711
f 2752//2712 3633//2712 3632//2712
f 2752//2713 3632//2713 2748//2713
f 3632//2714 3630//2714 2748//2714
f 2748//2715 3630//2715 3629//2715
f 2748//2716 3629//2716 2747//2716
f 3629//2717 3651//2717 2747//2717
f 2747//2718 3651//2718 3656//2718
f 2747//2719 3656//2719 2545//2719
f 2545//2719 3656//2719 3655//2719
f 2545//2720 3655//2720 2546//2720
f 2546//2720 3655//2720 3682//2720
f 2546//2721 3682//2721 3680//2721
f 2757//60 3756//60 2758//60
f 2758//60 3756//60 3757//60
f 2758//61 3757//61 2759//61
f 2759//61 3757//61 3758//61
f 2759//62 3758//62 2760//62
f 2760//62 3758//62 3759//62
f 2760//588 3759//588 2761//588
f 2761//588 3759//588 3760//588
f 2761//586 3760//586 2762//586
f 2762//586 3760//586 3761//586
f 2762//584 3761//584 2763//584
f 2763//584 3761//584 3762//584
f 2763//589 3762//589 2764//589
f 2764//589 3762//589 3763//589
f 2764//591 3763//591 2765//591
f 2765//591 3763//591 3764//591
f 2765//593 3764//593 2766//593
f 2766//593 3764//593 3765//593
f 2766//59 3765//59 2767//59
f 2767//59 3765//59 3766//59
f 2767//58 3766//58 2756//58
f 2756//58 3766//58 3767//58
f 2756//57 3767//57 2757//57
f 2757//57 3767//57 3756//57
f 3760//5 3768//5 3761//5
f 3761//5 3768//5 3769//5
f 3761//5 3769//5 3762//5
f 3762//5 3769//5 3770//5
f 3762//5 3770//5 3763//5
f 3763//5 3770//5 3771//5
f 3763//5 3771//5 3764//5
f 3764//5 3771//5 3772//5
f 3764//5 3772//5 3765//5
f 3765//5 3772//5 3773//5
f 3765//5 3773//5 3766//5
f 3766//5 3773//5 3774//5
f 3766//5 3774//5 3767//5
f 3767//5 3774//5 3775//5
f 3767//5 3775//5 3756//5
f 3756//5 3775//5 3776//5
f 3756//5 3776//5 3757//5
f 3757//5 3776//5 3777//5
f 3757//5 3777//5 3758//5
f 3758//5 3777//5 3778//5
f 3758//5 3778//5 3759//5
f 3759//5 3778//5 3779//5
f 3759//5 3779//5 3760//5
f 3760//5 3779//5 3768//5
f 3776//60 1766//60 3777//60
f 3777//60 1766//60 1738//60
f 3777//61 1738//61 3778//61
f 3778//61 1738//61 1810//61
f 3778//62 1810//62 3779//62
f 3779//62 1810//62 1720//62
f 3779//588 1720//588 3768//588
f 3768//588 1720//588 1719//588
f 3768//586 1719//586 3769//586
f 3769//586 1719//586 1718//586
f 3769//584 1718//584 3770//584
f 3770//584 1718//584 1753//584
f 3770//589 1753//589 3771//589
f 3771//589 1753//589 1809//589
f 3771//591 1809//591 3772//591
f 3772//591 1809//591 1808//591
f 3772//593 1808//593 3773//593
f 3773//593 1808//593 1807//593
f 3773//59 1807//59 3774//59
f 3774//59 1807//59 1771//59
f 3774//58 1771//58 3775//58
f 3775//58 1771//58 1767//58
f 3775//57 1767//57 3776//57
f 3776//57 1767//57 1766//57
f 2713//60 3780//60 2714//60
f 2714//60 3780//60 3781//60
f 2714//61 3781//61 2715//61
f 2715//61 3781//61 3782//61
f 2715//62 3782//62 2716//62
f 2716//62 3782//62 3783//62
f 2716//588 3783//588 2717//588
f 2717//588 3783//588 3784//588
f 2717//586 3784//586 2705//586
f 2705//586 3784//586 3785//586
f 2705//584 3785//584 2706//584
f 2706//584 3785//584 3786//584
f 2706//589 3786//589 2710//589
f 2710//589 3786//589 3787//589
f 2710//591 3787//591 2711//591
f 2711//591 3787//591 3788//591
f 2711//593 3788//593 2712//593
f 2712//593 3788//593 3789//593
f 2712//59 3789//59 2702//59
f 2702//59 3789//59 3790//59
f 2702//58 3790//58 2703//58
f 2703//58 3790//58 3791//58
f 2703//57 3791//57 2713//57
f 2713//57 3791//57 3780//57
f 3784//5 3792//5 3785//5
f 3785//5 3792//5 3793//5
f 3785//5 3793//5 3786//5
f 3786//5 3793//5 3794//5
f 3786//5 3794//5 3787//5
f 3787//5 3794//5 3795//5
f 3787//5 3795//5 3788//5
f 3788//5 3795//5 3796//5
f 3788//5 3796//5 3789//5
f 3789//5 3796//5 3797//5
f 3789//5 3797//5 3790//5
f 3790//5 3797//5 3798//5
f 3790//5 3798//5 3791//5
f 3791//5 3798//5 3799//5
f 3791//5 3799//5 3780//5
f 3780//5 3799//5 3800//5
f 3780//5 3800//5 3781//5
f 3781//5 3800//5 3801//5
f 3781//5 3801//5 3782//5
f 3782//5 3801//5 3802//5
f 3782//5 3802//5 3783//5
f 3783//5 3802//5 3803//5
f 3783//5 3803//5 3784//5
f 3784//5 3803//5 3792//5
f 3800//60 1717//60 3801//60
f 3801//60 1717//60 1777//60
f 3801//61 1777//61 3802//61
f 3802//61 1777//61 1708//61
f 3802//62 1708//62 3803//62
f 3803//62 1708//62 1707//62
f 3803//588 1707//588 3792//588
f 3792//588 1707//588 1751//588
f 3792//586 1751//586 3793//586
f 3793//586 1751//586 1789//586
f 3793//584 1789//584 3794//584
f 3794//584 1789//584 1663//584
f 3794//589 1663//589 3795//589
f 3795//589 1663//589 1662//589
f 3795//591 1662//591 3796//591
f 3796//591 1662//591 1721//591
f 3796//593 1721//593 3797//593
f 3797//593 1721//593 1739//593
f 3797//59 1739//59 3798//59
f 3798//59 1739//59 1737//59
f 3798//58 1737//58 3799//58
f 3799//58 1737//58 1736//58
f 3799//57 1736//57 3800//57
f 3800//57 1736//57 1717//57
f 2777//60 3804//60 2778//60
f 2778//60 3804//60 3805//60
f 2778//61 3805//61 2779//61
f 2779//61 3805//61 3806//61
f 2779//62 3806//62 2693//62
f 2693//62 3806//62 3807//62
f 2693//588 3807//588 2694//588
f 2694//588 3807//588 3808//588
f 2694//586 3808//586 2768//586
f 2768//586 3808//586 3809//586
f 2768//584 3809//584 2769//584
f 2769//584 3809//584 3810//584
f 2769//589 3810//589 2770//589
f 2770//589 3810//589 3811//589
f 2770//591 3811//591 2771//591
f 2771//591 3811//591 3812//591
f 2771//593 3812//593 2772//593
f 2772//593 3812//593 3813//593
f 2772//59 3813//59 2774//59
f 2774//59 3813//59 3814//59
f 2774//58 3814//58 2775//58
f 2775//58 3814//58 3815//58
f 2775//57 3815//57 2777//57
f 2777//57 3815//57 3804//57
f 3808//5 3816//5 3809//5
f 3809//5 3816//5 3817//5
f 3809//5 3817//5 3810//5
f 3810//5 3817//5 3818//5
f 3810//5 3818//5 3811//5
f 3811//5 3818//5 3819//5
f 3811//5 3819//5 3812//5
f 3812//5 3819//5 3820//5
f 3812//5 3820//5 3813//5
f 3813//5 3820//5 3821//5
f 3813//5 3821//5 3814//5
f 3814//5 3821//5 3822//5
f 3814//5 3822//5 3815//5
f 3815//5 3822//5 3823//5
f 3815//5 3823//5 3804//5
f 3804//5 3823//5 3824//5
f 3804//5 3824//5 3805//5
f 3805//5 3824//5 3825//5
f 3805//5 3825//5 3806//5
f 3806//5 3825//5 3826//5
f 3806//5 3826//5 3807//5
f 3807//5 3826//5 3827//5
f 3807//5 3827//5 3808//5
f 3808//5 3827//5 3816//5
f 3816//2722 3827//2722 1680//2722
f 1680//2723 3754//2723 3816//2723
f 3816//2724 3754//2724 1682//2724
f 3816//2725 1682//2725 3817//2725
f 3817//2726 1682//2726 1684//2726
f 3817//584 1684//584 3818//584
f 3818//584 1684//584 1685//584
f 3818//589 1685//589 3819//589
f 3819//589 1685//589 1750//589
f 3819//591 1750//591 3820//591
f 3820//591 1750//591 1749//591
f 3820//593 1749//593 3821//593
f 3821//593 1749//593 1748//593
f 3821//59 1748//59 3822//59
f 3822//59 1748//59 1745//59
f 3822//58 1745//58 3823//58
f 3823//58 1745//58 1744//58
f 3823//57 1744//57 3824//57
f 3824//57 1744//57 1712//57
f 3824//60 1712//60 3825//60
f 3825//60 1712//60 1710//60
f 3825//61 1710//61 3826//61
f 3826//61 1710//61 1711//61
f 3826//62 1711//62 3827//62
f 3827//62 1711//62 1681//62
f 3827//2727 1681//2727 1680//2727
f 2683//60 3828//60 2684//60
f 2684//60 3828//60 3829//60
f 2684//61 3829//61 2685//61
f 2685//61 3829//61 3830//61
f 2685//62 3830//62 2687//62
f 2687//62 3830//62 3831//62
f 2687//588 3831//588 2689//588
f 2689//588 3831//588 3832//588
f 2689//586 3832//586 2780//586
f 2780//586 3832//586 3833//586
f 2780//584 3833//584 2781//584
f 2781//584 3833//584 3834//584
f 2781//589 3834//589 2783//589
f 2783//589 3834//589 3835//589
f 2783//591 3835//591 2785//591
f 2785//591 3835//591 3836//591
f 2785//593 3836//593 2786//593
f 2786//593 3836//593 3837//593
f 2786//59 3837//59 2788//59
f 2788//59 3837//59 3838//59
f 2788//58 3838//58 2789//58
f 2789//58 3838//58 3839//58
f 2789//57 3839//57 2683//57
f 2683//57 3839//57 3828//57
f 3838//5 3840//5 3839//5
f 3839//5 3840//5 3841//5
f 3839//5 3841//5 3828//5
f 3828//5 3841//5 3842//5
f 3828//5 3842//5 3829//5
f 3829//5 3842//5 3843//5
f 3829//5 3843//5 3830//5
f 3830//5 3843//5 3844//5
f 3830//5 3844//5 3831//5
f 3831//5 3844//5 3845//5
f 3831//5 3845//5 3832//5
f 3832//5 3845//5 3846//5
f 3832//5 3846//5 3833//5
f 3833//5 3846//5 3847//5
f 3833//5 3847//5 3834//5
f 3834//5 3847//5 3848//5
f 3834//5 3848//5 3835//5
f 3835//5 3848//5 3849//5
f 3835//5 3849//5 3836//5
f 3836//5 3849//5 3850//5
f 3836//5 3850//5 3837//5
f 3837//5 3850//5 3851//5
f 3837//5 3851//5 3838//5
f 3838//5 3851//5 3840//5
f 3753//2728 3845//2728 1778//2728
f 1778//2729 3845//2729 3844//2729
f 3753//2730 3752//2730 3845//2730
f 3845//2731 3752//2731 1659//2731
f 3845//2722 1659//2722 3846//2722
f 3846//2732 1659//2732 1658//2732
f 3846//586 1658//586 3847//586
f 3847//586 1658//586 1709//586
f 3847//584 1709//584 3848//584
f 3848//584 1709//584 1714//584
f 3848//589 1714//589 3849//589
f 3849//589 1714//589 1713//589
f 3849//591 1713//591 3850//591
f 3850//591 1713//591 1746//591
f 3850//593 1746//593 3851//593
f 3851//593 1746//593 1747//593
f 3851//59 1747//59 3840//59
f 3840//59 1747//59 1785//59
f 3840//58 1785//58 3841//58
f 3841//58 1785//58 1784//58
f 3841//57 1784//57 3842//57
f 3842//57 1784//57 1781//57
f 3842//60 1781//60 3843//60
f 3843//60 1781//60 1780//60
f 3843//61 1780//61 3844//61
f 3844//61 1780//61 1779//61
f 3844//2733 1779//2733 1778//2733
f 2791//60 3852//60 2792//60
f 2792//60 3852//60 3853//60
f 2792//61 3853//61 2793//61
f 2793//61 3853//61 3854//61
f 2793//62 3854//62 2677//62
f 2677//62 3854//62 3855//62
f 2677//588 3855//588 2678//588
f 2678//588 3855//588 3856//588
f 2678//586 3856//586 2676//586
f 2676//586 3856//586 3857//586
f 2676//584 3857//584 2794//584
f 2794//584 3857//584 3858//584
f 2794//589 3858//589 2795//589
f 2795//589 3858//589 3859//589
f 2795//591 3859//591 2796//591
f 2796//591 3859//591 3860//591
f 2796//593 3860//593 2797//593
f 2797//593 3860//593 3861//593
f 2797//59 3861//59 2798//59
f 2798//59 3861//59 3862//59
f 2798//58 3862//58 2790//58
f 2790//58 3862//58 3863//58
f 2790//57 3863//57 2791//57
f 2791//57 3863//57 3852//57
f 3856//5 3864//5 3857//5
f 3857//5 3864//5 3865//5
f 3857//5 3865//5 3858//5
f 3858//5 3865//5 3866//5
f 3858//5 3866//5 3859//5
f 3859//5 3866//5 3867//5
f 3859//5 3867//5 3860//5
f 3860//5 3867//5 3868//5
f 3860//5 3868//5 3861//5
f 3861//5 3868//5 3869//5
f 3861//5 3869//5 3862//5
f 3862//5 3869//5 3870//5
f 3862//5 3870//5 3863//5
f 3863//5 3870//5 3871//5
f 3863//5 3871//5 3852//5
f 3852//5 3871//5 3872//5
f 3852//5 3872//5 3853//5
f 3853//5 3872//5 3873//5
f 3853//5 3873//5 3854//5
f 3854//5 3873//5 3874//5
f 3854//5 3874//5 3855//5
f 3855//5 3874//5 3875//5
f 3855//5 3875//5 3856//5
f 3856//5 3875//5 3864//5
f 3874//2734 3873//2734 1664//2734
f 1664//2735 3751//2735 3874//2735
f 3874//2736 3751//2736 1666//2736
f 3874//2729 1666//2729 3875//2729
f 3875//2737 1666//2737 1668//2737
f 3875//588 1668//588 3864//588
f 3864//588 1668//588 1669//588
f 3864//586 1669//586 3865//586
f 3865//586 1669//586 1782//586
f 3865//584 1782//584 3866//584
f 3866//584 1782//584 1783//584
f 3866//589 1783//589 3867//589
f 3867//589 1783//589 1706//589
f 3867//591 1706//591 3868//591
f 3868//591 1706//591 1774//591
f 3868//593 1774//593 3869//593
f 3869//593 1774//593 1773//593
f 3869//59 1773//59 3870//59
f 3870//59 1773//59 1677//59
f 3870//58 1677//58 3871//58
f 3871//58 1677//58 1741//58
f 3871//57 1741//57 3872//57
f 3872//57 1741//57 1740//57
f 3872//60 1740//60 3873//60
f 3873//60 1740//60 1665//60
f 3873//2738 1665//2738 1664//2738
f 2657//60 3876//60 2655//60
f 2655//60 3876//60 3877//60
f 2655//61 3877//61 2653//61
f 2653//61 3877//61 3878//61
f 2653//62 3878//62 2667//62
f 2667//62 3878//62 3879//62
f 2667//588 3879//588 2668//588
f 2668//588 3879//588 3880//588
f 2668//586 3880//586 2669//586
f 2669//586 3880//586 3881//586
f 2669//584 3881//584 2662//584
f 2662//584 3881//584 3882//584
f 2662//589 3882//589 2663//589
f 2663//589 3882//589 3883//589
f 2663//591 3883//591 2664//591
f 2664//591 3883//591 3884//591
f 2664//593 3884//593 2665//593
f 2665//593 3884//593 3885//593
f 2665//59 3885//59 2666//59
f 2666//59 3885//59 3886//59
f 2666//58 3886//58 2658//58
f 2658//58 3886//58 3887//58
f 2658//57 3887//57 2657//57
f 2657//57 3887//57 3876//57
f 3880//5 3888//5 3881//5
f 3881//5 3888//5 3889//5
f 3881//5 3889//5 3882//5
f 3882//5 3889//5 3890//5
f 3882//5 3890//5 3883//5
f 3883//5 3890//5 3891//5
f 3883//5 3891//5 3884//5
f 3884//5 3891//5 3892//5
f 3884//5 3892//5 3885//5
f 3885//5 3892//5 3893//5
f 3885//5 3893//5 3886//5
f 3886//5 3893//5 3894//5
f 3886//5 3894//5 3887//5
f 3887//5 3894//5 3895//5
f 3887//5 3895//5 3876//5
f 3876//5 3895//5 3896//5
f 3876//5 3896//5 3877//5
f 3877//5 3896//5 3897//5
f 3877//5 3897//5 3878//5
f 3878//5 3897//5 3898//5
f 3878//5 3898//5 3879//5
f 3879//5 3898//5 3899//5
f 3879//5 3899//5 3880//5
f 3880//5 3899//5 3888//5
f 3897//2739 3896//2739 1672//2739
f 1672//2740 3750//2740 3897//2740
f 3897//2741 3750//2741 1635//2741
f 3897//2734 1635//2734 3898//2734
f 3898//2742 1635//2742 1634//2742
f 3898//62 1634//62 3899//62
f 3899//62 1634//62 1678//62
f 3899//588 1678//588 3888//588
f 3888//588 1678//588 1679//588
f 3888//586 1679//586 3889//586
f 3889//586 1679//586 1742//586
f 3889//584 1742//584 3890//584
f 3890//584 1742//584 1743//584
f 3890//589 1743//589 3891//589
f 3891//589 1743//589 1675//589
f 3891//591 1675//591 3892//591
f 3892//591 1675//591 1705//591
f 3892//593 1705//593 3893//593
f 3893//593 1705//593 1699//593
f 3893//59 1699//59 3894//59
f 3894//59 1699//59 1697//59
f 3894//58 1697//58 3895//58
f 3895//58 1697//58 1698//58
f 3895//57 1698//57 3896//57
f 3896//57 1698//57 1673//57
f 3896//2743 1673//2743 1672//2743
f 2639//60 3900//60 2641//60
f 2641//60 3900//60 3901//60
f 2641//61 3901//61 2642//61
f 2642//61 3901//61 3902//61
f 2642//62 3902//62 2644//62
f 2644//62 3902//62 3903//62
f 2644//588 3903//588 2646//588
f 2646//588 3903//588 3904//588
f 2646//586 3904//586 2647//586
f 2647//586 3904//586 3905//586
f 2647//584 3905//584 2648//584
f 2648//584 3905//584 3906//584
f 2648//589 3906//589 2649//589
f 2649//589 3906//589 3907//589
f 2649//591 3907//591 2650//591
f 2650//591 3907//591 3908//591
f 2650//593 3908//593 2651//593
f 2651//593 3908//593 3909//593
f 2651//59 3909//59 2652//59
f 2652//59 3909//59 3910//59
f 2652//58 3910//58 2640//58
f 2640//58 3910//58 3911//58
f 2640//57 3911//57 2639//57
f 2639//57 3911//57 3900//57
f 3904//5 3912//5 3905//5
f 3905//5 3912//5 3913//5
f 3905//5 3913//5 3906//5
f 3906//5 3913//5 3914//5
f 3906//5 3914//5 3907//5
f 3907//5 3914//5 3915//5
f 3907//5 3915//5 3908//5
f 3908//5 3915//5 3916//5
f 3908//5 3916//5 3909//5
f 3909//5 3916//5 3917//5
f 3909//5 3917//5 3910//5
f 3910//5 3917//5 3918//5
f 3910//5 3918//5 3911//5
f 3911//5 3918//5 3919//5
f 3911//5 3919//5 3900//5
f 3900//5 3919//5 3920//5
f 3900//5 3920//5 3901//5
f 3901//5 3920//5 3921//5
f 3901//5 3921//5 3902//5
f 3902//5 3921//5 3922//5
f 3902//5 3922//5 3903//5
f 3903//5 3922//5 3923//5
f 3903//5 3923//5 3904//5
f 3904//5 3923//5 3912//5
f 3920//2744 3919//2744 1822//2744
f 1822//2745 3749//2745 3920//2745
f 3920//2746 3749//2746 1656//2746
f 3920//2747 1656//2747 3921//2747
f 3921//2748 1656//2748 1655//2748
f 3921//61 1655//61 3922//61
f 3922//61 1655//61 1696//61
f 3922//62 1696//62 3923//62
f 3923//62 1696//62 1701//62
f 3923//588 1701//588 3912//588
f 3912//588 1701//588 1700//588
f 3912//586 1700//586 3913//586
f 3913//586 1700//586 1704//586
f 3913//584 1704//584 3914//584
f 3914//584 1704//584 1703//584
f 3914//589 1703//589 3915//589
f 3915//589 1703//589 1813//589
f 3915//591 1813//591 3916//591
f 3916//591 1813//591 1815//591
f 3916//593 1815//593 3917//593
f 3917//593 1815//593 1816//593
f 3917//59 1816//59 3918//59
f 3918//59 1816//59 1824//59
f 3918//58 1824//58 3919//58
f 3919//58 1824//58 1823//58
f 3919//2749 1823//2749 1822//2749
f 2626//60 3924//60 2632//60
f 2632//60 3924//60 3925//60
f 2632//61 3925//61 2633//61
f 2633//61 3925//61 3926//61
f 2633//62 3926//62 2635//62
f 2635//62 3926//62 3927//62
f 2635//588 3927//588 2636//588
f 2636//588 3927//588 3928//588
f 2636//586 3928//586 2620//586
f 2620//586 3928//586 3929//586
f 2620//584 3929//584 2621//584
f 2621//584 3929//584 3930//584
f 2621//589 3930//589 2622//589
f 2622//589 3930//589 3931//589
f 2622//591 3931//591 2623//591
f 2623//591 3931//591 3932//591
f 2623//593 3932//593 2629//593
f 2629//593 3932//593 3933//593
f 2629//59 3933//59 2630//59
f 2630//59 3933//59 3934//59
f 2630//58 3934//58 2631//58
f 2631//58 3934//58 3935//58
f 2631//57 3935//57 2626//57
f 2626//57 3935//57 3924//57
f 3934//5 3936//5 3935//5
f 3935//5 3936//5 3937//5
f 3935//5 3937//5 3924//5
f 3924//5 3937//5 3938//5
f 3924//5 3938//5 3925//5
f 3925//5 3938//5 3939//5
f 3925//5 3939//5 3926//5
f 3926//5 3939//5 3940//5
f 3926//5 3940//5 3927//5
f 3927//5 3940//5 3941//5
f 3927//5 3941//5 3928//5
f 3928//5 3941//5 3942//5
f 3928//5 3942//5 3929//5
f 3929//5 3942//5 3943//5
f 3929//5 3943//5 3930//5
f 3930//5 3943//5 3944//5
f 3930//5 3944//5 3931//5
f 3931//5 3944//5 3945//5
f 3931//5 3945//5 3932//5
f 3932//5 3945//5 3946//5
f 3932//5 3946//5 3933//5
f 3933//5 3946//5 3947//5
f 3933//5 3947//5 3934//5
f 3934//5 3947//5 3936//5
f 3937//2750 3936//2750 1670//2750
f 1670//2751 3748//2751 3937//2751
f 3937//2752 3748//2752 1651//2752
f 3937//2753 1651//2753 3938//2753
f 3938//2754 1651//2754 1653//2754
f 3938//60 1653//60 3939//60
f 3939//60 1653//60 1654//60
f 3939//61 1654//61 3940//61
f 3940//61 1654//61 1825//61
f 3940//62 1825//62 3941//62
f 3941//62 1825//62 1814//62
f 3941//588 1814//588 3942//588
f 3942//588 1814//588 1812//588
f 3942//586 1812//586 3943//586
f 3943//586 1812//586 1811//586
f 3943//584 1811//584 3944//584
f 3944//584 1811//584 1828//584
f 3944//589 1828//589 3945//589
f 3945//589 1828//589 1648//589
f 3945//591 1648//591 3946//591
f 3946//591 1648//591 1758//591
f 3946//593 1758//593 3947//593
f 3947//593 1758//593 1757//593
f 3947//59 1757//59 3936//59
f 3936//59 1757//59 1671//59
f 3936//2755 1671//2755 1670//2755
f 2601//60 3948//60 2602//60
f 2602//60 3948//60 3949//60
f 2602//61 3949//61 2612//61
f 2612//61 3949//61 3950//61
f 2612//62 3950//62 2613//62
f 2613//62 3950//62 3951//62
f 2613//588 3951//588 2615//588
f 2615//588 3951//588 3952//588
f 2615//586 3952//586 2607//586
f 2607//586 3952//586 3953//586
f 2607//584 3953//584 2608//584
f 2608//584 3953//584 3954//584
f 2608//589 3954//589 2610//589
f 2610//589 3954//589 3955//589
f 2610//591 3955//591 2611//591
f 2611//591 3955//591 3956//591
f 2611//593 3956//593 2600//593
f 2600//593 3956//593 3957//593
f 2600//59 3957//59 2604//59
f 2604//59 3957//59 3958//59
f 2604//58 3958//58 2605//58
f 2605//58 3958//58 3959//58
f 2605//57 3959//57 2601//57
f 2601//57 3959//57 3948//57
f 3952//5 3960//5 3953//5
f 3953//5 3960//5 3961//5
f 3953//5 3961//5 3954//5
f 3954//5 3961//5 3962//5
f 3954//5 3962//5 3955//5
f 3955//5 3962//5 3963//5
f 3955//5 3963//5 3956//5
f 3956//5 3963//5 3964//5
f 3956//5 3964//5 3957//5
f 3957//5 3964//5 3965//5
f 3957//5 3965//5 3958//5
f 3958//5 3965//5 3966//5
f 3958//5 3966//5 3959//5
f 3959//5 3966//5 3967//5
f 3959//5 3967//5 3948//5
f 3948//5 3967//5 3968//5
f 3948//5 3968//5 3949//5
f 3949//5 3968//5 3969//5
f 3949//5 3969//5 3950//5
f 3950//5 3969//5 3970//5
f 3950//5 3970//5 3951//5
f 3951//5 3970//5 3971//5
f 3951//5 3971//5 3952//5
f 3952//5 3971//5 3960//5
f 3966//2756 3965//2756 1640//2756
f 1640//2757 3747//2757 3966//2757
f 3966//2758 3747//2758 1638//2758
f 3966//2750 1638//2750 3967//2750
f 3967//2759 1638//2759 1637//2759
f 3967//57 1637//57 3968//57
f 3968//57 1637//57 1694//57
f 3968//60 1694//60 3969//60
f 3969//60 1694//60 1695//60
f 3969//61 1695//61 3970//61
f 3970//61 1695//61 1759//61
f 3970//62 1759//62 3971//62
f 3971//62 1759//62 1760//62
f 3971//588 1760//588 3960//588
f 3960//588 1760//588 1691//588
f 3960//586 1691//586 3961//586
f 3961//586 1691//586 1690//586
f 3961//584 1690//584 3962//584
f 3962//584 1690//584 1722//584
f 3962//589 1722//589 3963//589
f 3963//589 1722//589 1644//589
f 3963//591 1644//591 3964//591
f 3964//591 1644//591 1643//591
f 3964//593 1643//593 3965//593
f 3965//593 1643//593 1641//593
f 3965//2760 1641//2760 1640//2760
f 2591//60 3972//60 2799//60
f 2799//60 3972//60 3973//60
f 2799//61 3973//61 2800//61
f 2800//61 3973//61 3974//61
f 2800//62 3974//62 2802//62
f 2802//62 3974//62 3975//62
f 2802//588 3975//588 2803//588
f 2803//588 3975//588 3976//588
f 2803//586 3976//586 2804//586
f 2804//586 3976//586 3977//586
f 2804//584 3977//584 2589//584
f 2589//584 3977//584 3978//584
f 2589//589 3978//589 2590//589
f 2590//589 3978//589 3979//589
f 2590//591 3979//591 2595//591
f 2595//591 3979//591 3980//591
f 2595//593 3980//593 2594//593
f 2594//593 3980//593 3981//593
f 2594//59 3981//59 2593//59
f 2593//59 3981//59 3982//59
f 2593//58 3982//58 2592//58
f 2592//58 3982//58 3983//58
f 2592//57 3983//57 2591//57
f 2591//57 3983//57 3972//57
f 3976//5 3984//5 3977//5
f 3977//5 3984//5 3985//5
f 3977//5 3985//5 3978//5
f 3978//5 3985//5 3986//5
f 3978//5 3986//5 3979//5
f 3979//5 3986//5 3987//5
f 3979//5 3987//5 3980//5
f 3980//5 3987//5 3988//5
f 3980//5 3988//5 3981//5
f 3981//5 3988//5 3989//5
f 3981//5 3989//5 3982//5
f 3982//5 3989//5 3990//5
f 3982//5 3990//5 3983//5
f 3983//5 3990//5 3991//5
f 3983//5 3991//5 3972//5
f 3972//5 3991//5 3992//5
f 3972//5 3992//5 3973//5
f 3973//5 3992//5 3993//5
f 3973//5 3993//5 3974//5
f 3974//5 3993//5 3994//5
f 3974//5 3994//5 3975//5
f 3975//5 3994//5 3995//5
f 3975//5 3995//5 3976//5
f 3976//5 3995//5 3984//5
f 3745//2761 3989//2761 1817//2761
f 1817//2762 3989//2762 3988//2762
f 3745//2763 3746//2763 3989//2763
f 3989//2764 3746//2764 1686//2764
f 3989//2756 1686//2756 3990//2756
f 3990//2765 1686//2765 1687//2765
f 3990//58 1687//58 3991//58
f 3991//58 1687//58 1688//58
f 3991//57 1688//57 3992//57
f 3992//57 1688//57 1689//57
f 3992//60 1689//60 3993//60
f 3993//60 1689//60 1692//60
f 3993//61 1692//61 3994//61
f 3994//61 1692//61 1693//61
f 3994//62 1693//62 3995//62
f 3995//62 1693//62 1650//62
f 3995//588 1650//588 3984//588
f 3984//588 1650//588 1649//588
f 3984//586 1649//586 3985//586
f 3985//586 1649//586 1826//586
f 3985//584 1826//584 3986//584
f 3986//584 1826//584 1820//584
f 3986//589 1820//589 3987//589
f 3987//589 1820//589 1819//589
f 3987//591 1819//591 3988//591
f 3988//591 1819//591 1818//591
f 3988//2766 1818//2766 1817//2766
f 2571//60 3996//60 2569//60
f 2569//60 3996//60 3997//60
f 2569//61 3997//61 2576//61
f 2576//61 3997//61 3998//61
f 2576//62 3998//62 2577//62
f 2577//62 3998//62 3999//62
f 2577//588 3999//588 2578//588
f 2578//588 3999//588 4000//588
f 2578//586 4000//586 2573//586
f 2573//586 4000//586 4001//586
f 2573//584 4001//584 2574//584
f 2574//584 4001//584 4002//584
f 2574//589 4002//589 2579//589
f 2579//589 4002//589 4003//589
f 2579//591 4003//591 2580//591
f 2580//591 4003//591 4004//591
f 2580//593 4004//593 2582//593
f 2582//593 4004//593 4005//593
f 2582//59 4005//59 2563//59
f 2563//59 4005//59 4006//59
f 2563//58 4006//58 2572//58
f 2572//58 4006//58 4007//58
f 2572//57 4007//57 2571//57
f 2571//57 4007//57 3996//57
f 4000//5 4008//5 4001//5
f 4001//5 4008//5 4009//5
f 4001//5 4009//5 4002//5
f 4002//5 4009//5 4010//5
f 4002//5 4010//5 4003//5
f 4003//5 4010//5 4011//5
f 4003//5 4011//5 4004//5
f 4004//5 4011//5 4012//5
f 4004//5 4012//5 4005//5
f 4005//5 4012//5 4013//5
f 4005//5 4013//5 4006//5
f 4006//5 4013//5 4014//5
f 4006//5 4014//5 4007//5
f 4007//5 4014//5 4015//5
f 4007//5 4015//5 3996//5
f 3996//5 4015//5 4016//5
f 3996//5 4016//5 3997//5
f 3997//5 4016//5 4017//5
f 3997//5 4017//5 3998//5
f 3998//5 4017//5 4018//5
f 3998//5 4018//5 3999//5
f 3999//5 4018//5 4019//5
f 3999//5 4019//5 4000//5
f 4000//5 4019//5 4008//5
f 4012//2767 4011//2767 1761//2767
f 1761//2768 3755//2768 4012//2768
f 4012//2769 3755//2769 1726//2769
f 4012//2762 1726//2762 4013//2762
f 4013//2770 1726//2770 1728//2770
f 4013//59 1728//59 4014//59
f 4014//59 1728//59 1729//59
f 4014//58 1729//58 4015//58
f 4015//58 1729//58 1821//58
f 4015//57 1821//57 4016//57
f 4016//57 1821//57 1791//57
f 4016//60 1791//60 4017//60
f 4017//60 1791//60 1793//60
f 4017//61 1793//61 4018//61
f 4018//61 1793//61 1795//61
f 4018//62 1795//62 4019//62
f 4019//62 1795//62 1796//62
f 4019//588 1796//588 4008//588
f 4008//588 1796//588 1797//588
f 4008//586 1797//586 4009//586
f 4009//586 1797//586 1799//586
f 4009//584 1799//584 4010//584
f 4010//584 1799//584 1800//584
f 4010//589 1800//589 4011//589
f 4011//589 1800//589 1723//589
f 4011//2771 1723//2771 1761//2771
f 2729//60 4020//60 2730//60
f 2730//60 4020//60 4021//60
f 2730//61 4021//61 2736//61
f 2736//61 4021//61 4022//61
f 2736//62 4022//62 2737//62
f 2737//62 4022//62 4023//62
f 2737//588 4023//588 2738//588
f 2738//588 4023//588 4024//588
f 2738//586 4024//586 2724//586
f 2724//586 4024//586 4025//586
f 2724//584 4025//584 2725//584
f 2725//584 4025//584 4026//584
f 2725//589 4026//589 2732//589
f 2732//589 4026//589 4027//589
f 2732//591 4027//591 2733//591
f 2733//591 4027//591 4028//591
f 2733//593 4028//593 2734//593
f 2734//593 4028//593 4029//593
f 2734//59 4029//59 2735//59
f 2735//59 4029//59 4030//59
f 2735//58 4030//58 2731//58
f 2731//58 4030//58 4031//58
f 2731//57 4031//57 2729//57
f 2729//57 4031//57 4020//57
f 4030//5 4032//5 4031//5
f 4031//5 4032//5 4033//5
f 4031//5 4033//5 4020//5
f 4020//5 4033//5 4034//5
f 4020//5 4034//5 4021//5
f 4021//5 4034//5 4035//5
f 4021//5 4035//5 4022//5
f 4022//5 4035//5 4036//5
f 4022//5 4036//5 4023//5
f 4023//5 4036//5 4037//5
f 4023//5 4037//5 4024//5
f 4024//5 4037//5 4038//5
f 4024//5 4038//5 4025//5
f 4025//5 4038//5 4039//5
f 4025//5 4039//5 4026//5
f 4026//5 4039//5 4040//5
f 4026//5 4040//5 4027//5
f 4027//5 4040//5 4041//5
f 4027//5 4041//5 4028//5
f 4028//5 4041//5 4042//5
f 4028//5 4042//5 4029//5
f 4029//5 4042//5 4043//5
f 4029//5 4043//5 4030//5
f 4030//5 4043//5 4032//5
f 4034//60 1646//60 4035//60
f 4035//60 1646//60 1645//60
f 4035//61 1645//61 4036//61
f 4036//61 1645//61 1772//61
f 4036//62 1772//62 4037//62
f 4037//62 1772//62 1770//62
f 4037//588 1770//588 4038//588
f 4038//588 1770//588 1769//588
f 4038//586 1769//586 4039//586
f 4039//586 1769//586 1802//586
f 4039//584 1802//584 4040//584
f 4040//584 1802//584 1801//584
f 4040//589 1801//589 4041//589
f 4041//589 1801//589 1765//589
f 4041//591 1765//591 4042//591
f 4042//591 1765//591 1764//591
f 4042//593 1764//593 4043//593
f 4043//593 1764//593 1725//593
f 4043//59 1725//59 4032//59
f 4032//59 1725//59 1724//59
f 4032//58 1724//58 4033//58
f 4033//58 1724//58 1798//58
f 4033//57 1798//57 4034//57
f 4034//57 1798//57 1646//57
f 2353//60 4044//60 2352//60
f 2352//60 4044//60 4045//60
f 2352//61 4045//61 2351//61
f 2351//61 4045//61 4046//61
f 2351//62 4046//62 2350//62
f 2350//62 4046//62 4047//62
f 2350//588 4047//588 2349//588
f 2349//588 4047//588 4048//588
f 2349//586 4048//586 2354//586
f 2354//586 4048//586 4049//586
f 2354//585 4049//585 2355//585
f 2355//584 4049//584 4050//584
f 2355//589 4050//589 2356//589
f 2356//590 4050//590 4051//590
f 2356//591 4051//591 2360//591
f 2360//591 4051//591 4052//591
f 2360//593 4052//593 2361//593
f 2361//593 4052//593 4053//593
f 2361//59 4053//59 2362//59
f 2362//59 4053//59 4054//59
f 2362//58 4054//58 2363//58
f 2363//58 4054//58 4055//58
f 2363//57 4055//57 2353//57
f 2353//57 4055//57 4044//57
f 4048//5 4056//5 4049//5
f 4049//5 4056//5 4057//5
f 4049//5 4057//5 4050//5
f 4050//5 4057//5 4058//5
f 4050//5 4058//5 4051//5
f 4051//5 4058//5 4059//5
f 4051//5 4059//5 4052//5
f 4052//5 4059//5 4060//5
f 4052//5 4060//5 4053//5
f 4053//5 4060//5 4061//5
f 4053//5 4061//5 4054//5
f 4054//5 4061//5 4062//5
f 4054//5 4062//5 4055//5
f 4055//5 4062//5 4063//5
f 4055//5 4063//5 4044//5
f 4044//5 4063//5 4064//5
f 4044//5 4064//5 4045//5
f 4045//5 4064//5 4065//5
f 4045//5 4065//5 4046//5
f 4046//5 4065//5 4066//5
f 4046//5 4066//5 4047//5
f 4047//5 4066//5 4067//5
f 4047//5 4067//5 4048//5
f 4048//5 4067//5 4056//5
f 4064//60 1596//60 4065//60
f 4065//60 1596//60 1598//60
f 4065//61 1598//61 4066//61
f 4066//61 1598//61 1597//61
f 4066//62 1597//62 4067//62
f 4067//62 1597//62 1381//62
f 4067//588 1381//588 4056//588
f 4056//588 1381//588 1383//588
f 4056//586 1383//586 4057//586
f 4057//586 1383//586 1549//586
f 4057//584 1549//584 4058//584
f 4058//584 1549//584 1550//584
f 4058//589 1550//589 4059//589
f 4059//589 1550//589 1552//589
f 4059//591 1552//591 4060//591
f 4060//591 1552//591 1553//591
f 4060//593 1553//593 4061//593
f 4061//593 1553//593 1554//593
f 4061//59 1554//59 4062//59
f 4062//59 1554//59 1385//59
f 4062//58 1385//58 4063//58
f 4063//58 1385//58 1384//58
f 4063//2262 1384//2262 4064//2262
f 4064//57 1384//57 1596//57
f 2368//60 4068//60 2369//60
f 2369//60 4068//60 4069//60
f 2369//61 4069//61 2370//61
f 2370//61 4069//61 4070//61
f 2370//62 4070//62 2371//62
f 2371//62 4070//62 4071//62
f 2371//588 4071//588 2372//588
f 2372//588 4071//588 4072//588
f 2372//586 4072//586 2373//586
f 2373//586 4072//586 4073//586
f 2373//584 4073//584 2367//584
f 2367//585 4073//585 4074//585
f 2367//590 4074//590 2366//590
f 2366//589 4074//589 4075//589
f 2366//591 4075//591 2364//591
f 2364//591 4075//591 4076//591
f 2364//593 4076//593 2376//593
f 2376//593 4076//593 4077//593
f 2376//59 4077//59 2377//59
f 2377//59 4077//59 4078//59
f 2377//58 4078//58 2378//58
f 2378//58 4078//58 4079//58
f 2378//57 4079//57 2368//57
f 2368//57 4079//57 4068//57
f 4072//5 4080//5 4073//5
f 4073//5 4080//5 4081//5
f 4073//5 4081//5 4074//5
f 4074//5 4081//5 4082//5
f 4074//5 4082//5 4075//5
f 4075//5 4082//5 4083//5
f 4075//5 4083//5 4076//5
f 4076//5 4083//5 4084//5
f 4076//5 4084//5 4077//5
f 4077//5 4084//5 4085//5
f 4077//5 4085//5 4078//5
f 4078//5 4085//5 4086//5
f 4078//5 4086//5 4079//5
f 4079//5 4086//5 4087//5
f 4079//5 4087//5 4068//5
f 4068//5 4087//5 4088//5
f 4068//5 4088//5 4069//5
f 4069//5 4088//5 4089//5
f 4069//5 4089//5 4070//5
f 4070//5 4089//5 4090//5
f 4070//5 4090//5 4071//5
f 4071//5 4090//5 4091//5
f 4071//5 4091//5 4072//5
f 4072//5 4091//5 4080//5
f 4088//2260 1538//2260 4089//2260
f 4089//60 1538//60 1589//60
f 4089//61 1589//61 4090//61
f 4090//61 1589//61 1556//61
f 4090//62 1556//62 4091//62
f 4091//62 1556//62 1555//62
f 4091//588 1555//588 4080//588
f 4080//588 1555//588 1543//588
f 4080//586 1543//586 4081//586
f 4081//586 1543//586 1544//586
f 4081//584 1544//584 4082//584
f 4082//584 1544//584 1545//584
f 4082//589 1545//589 4083//589
f 4083//589 1545//589 1546//589
f 4083//591 1546//591 4084//591
f 4084//591 1546//591 1548//591
f 4084//593 1548//593 4085//593
f 4085//593 1548//593 1542//593
f 4085//59 1542//59 4086//59
f 4086//59 1542//59 1541//59
f 4086//58 1541//58 4087//58
f 4087//58 1541//58 1539//58
f 4087//57 1539//57 4088//57
f 4088//57 1539//57 1538//57
f 2385//60 4092//60 2387//60
f 2387//60 4092//60 4093//60
f 2387//61 4093//61 2394//61
f 2394//61 4093//61 4094//61
f 2394//62 4094//62 2395//62
f 2395//62 4094//62 4095//62
f 2395//588 4095//588 2396//588
f 2396//588 4095//588 4096//588
f 2396//586 4096//586 2390//586
f 2390//586 4096//586 4097//586
f 2390//585 4097//585 2380//585
f 2380//584 4097//584 4098//584
f 2380//589 4098//589 2382//589
f 2382//590 4098//590 4099//590
f 2382//591 4099//591 2383//591
f 2383//591 4099//591 4100//591
f 2383//593 4100//593 2391//593
f 2391//593 4100//593 4101//593
f 2391//59 4101//59 2392//59
f 2392//59 4101//59 4102//59
f 2392//58 4102//58 2393//58
f 2393//58 4102//58 4103//58
f 2393//57 4103//57 2385//57
f 2385//57 4103//57 4092//57
f 4096//5 4104//5 4097//5
f 4097//5 4104//5 4105//5
f 4097//5 4105//5 4098//5
f 4098//5 4105//5 4106//5
f 4098//5 4106//5 4099//5
f 4099//5 4106//5 4107//5
f 4099//5 4107//5 4100//5
f 4100//5 4107//5 4108//5
f 4100//5 4108//5 4101//5
f 4101//5 4108//5 4109//5
f 4101//5 4109//5 4102//5
f 4102//5 4109//5 4110//5
f 4102//5 4110//5 4103//5
f 4103//5 4110//5 4111//5
f 4103//5 4111//5 4092//5
f 4092//5 4111//5 4112//5
f 4092//5 4112//5 4093//5
f 4093//5 4112//5 4113//5
f 4093//5 4113//5 4094//5
f 4094//5 4113//5 4114//5
f 4094//5 4114//5 4095//5
f 4095//5 4114//5 4115//5
f 4095//5 4115//5 4096//5
f 4096//5 4115//5 4104//5
f 4112//60 1521//60 4113//60
f 4113//60 1521//60 1537//60
f 4113//61 1537//61 4114//61
f 4114//61 1537//61 1536//61
f 4114//62 1536//62 4115//62
f 4115//62 1536//62 1535//62
f 4115//588 1535//588 4104//588
f 4104//588 1535//588 1533//588
f 4104//586 1533//586 4105//586
f 4105//586 1533//586 1532//586
f 4105//584 1532//584 4106//584
f 4106//584 1532//584 1527//584
f 4106//589 1527//589 4107//589
f 4107//589 1527//589 1531//589
f 4107//591 1531//591 4108//591
f 4108//591 1531//591 1530//591
f 4108//593 1530//593 4109//593
f 4109//593 1530//593 1529//593
f 4109//59 1529//59 4110//59
f 4110//59 1529//59 1528//59
f 4110//58 1528//58 4111//58
f 4111//58 1528//58 1522//58
f 4111//2262 1522//2262 4112//2262
f 4112//57 1522//57 1521//57
f 2464//60 4116//60 2466//60
f 2466//60 4116//60 4117//60
f 2466//61 4117//61 2467//61
f 2467//61 4117//61 4118//61
f 2467//62 4118//62 2468//62
f 2468//62 4118//62 4119//62
f 2468//588 4119//588 2471//588
f 2471//588 4119//588 4120//588
f 2471//586 4120//586 2469//586
f 2469//586 4120//586 4121//586
f 2469//585 4121//585 2267//585
f 2267//584 4121//584 4122//584
f 2267//589 4122//589 2268//589
f 2268//590 4122//590 4123//590
f 2268//591 4123//591 2400//591
f 2400//591 4123//591 4124//591
f 2400//593 4124//593 2401//593
f 2401//593 4124//593 4125//593
f 2401//59 4125//59 2461//59
f 2461//59 4125//59 4126//59
f 2461//58 4126//58 2462//58
f 2462//58 4126//58 4127//58
f 2462//57 4127//57 2464//57
f 2464//57 4127//57 4116//57
f 4120//5 4128//5 4121//5
f 4121//5 4128//5 4129//5
f 4121//5 4129//5 4122//5
f 4122//5 4129//5 4130//5
f 4122//5 4130//5 4123//5
f 4123//5 4130//5 4131//5
f 4123//5 4131//5 4124//5
f 4124//5 4131//5 4132//5
f 4124//5 4132//5 4125//5
f 4125//5 4132//5 4133//5
f 4125//5 4133//5 4126//5
f 4126//5 4133//5 4134//5
f 4126//5 4134//5 4127//5
f 4127//5 4134//5 4135//5
f 4127//5 4135//5 4116//5
f 4116//5 4135//5 4136//5
f 4116//5 4136//5 4117//5
f 4117//5 4136//5 4137//5
f 4117//5 4137//5 4118//5
f 4118//5 4137//5 4138//5
f 4118//5 4138//5 4119//5
f 4119//5 4138//5 4139//5
f 4119//5 4139//5 4120//5
f 4120//5 4139//5 4128//5
f 4136//60 1514//60 4137//60
f 4137//60 1514//60 1513//60
f 4137//61 1513//61 4138//61
f 4138//61 1513//61 1512//61
f 4138//62 1512//62 4139//62
f 4139//62 1512//62 1511//62
f 4139//588 1511//588 4128//588
f 4128//588 1511//588 1510//588
f 4128//586 1510//586 4129//586
f 4129//586 1510//586 1509//586
f 4129//584 1509//584 4130//584
f 4130//584 1509//584 1508//584
f 4130//589 1508//589 4131//589
f 4131//589 1508//589 1520//589
f 4131//591 1520//591 4132//591
f 4132//591 1520//591 1519//591
f 4132//593 1519//593 4133//593
f 4133//593 1519//593 1518//593
f 4133//59 1518//59 4134//59
f 4134//59 1518//59 1517//59
f 4134//58 1517//58 4135//58
f 4135//58 1517//58 1515//58
f 4135//57 1515//57 4136//57
f 4136//57 1515//57 1514//57
f 2407//60 4140//60 2410//60
f 2410//60 4140//60 4141//60
f 2410//61 4141//61 2411//61
f 2411//61 4141//61 4142//61
f 2411//62 4142//62 2413//62
f 2413//62 4142//62 4143//62
f 2413//588 4143//588 2415//588
f 2415//588 4143//588 4144//588
f 2415//586 4144//586 2416//586
f 2416//586 4144//586 4145//586
f 2416//585 4145//585 2417//585
f 2417//584 4145//584 4146//584
f 2417//589 4146//589 2418//589
f 2418//590 4146//590 4147//590
f 2418//591 4147//591 2419//591
f 2419//591 4147//591 4148//591
f 2419//593 4148//593 2420//593
f 2420//593 4148//593 4149//593
f 2420//59 4149//59 2421//59
f 2421//59 4149//59 4150//59
f 2421//58 4150//58 2409//58
f 2409//58 4150//58 4151//58
f 2409//57 4151//57 2407//57
f 2407//57 4151//57 4140//57
f 4144//5 4152//5 4145//5
f 4145//5 4152//5 4153//5
f 4145//5 4153//5 4146//5
f 4146//5 4153//5 4154//5
f 4146//5 4154//5 4147//5
f 4147//5 4154//5 4155//5
f 4147//5 4155//5 4148//5
f 4148//5 4155//5 4156//5
f 4148//5 4156//5 4149//5
f 4149//5 4156//5 4157//5
f 4149//5 4157//5 4150//5
f 4150//5 4157//5 4158//5
f 4150//5 4158//5 4151//5
f 4151//5 4158//5 4159//5
f 4151//5 4159//5 4140//5
f 4140//5 4159//5 4160//5
f 4140//5 4160//5 4141//5
f 4141//5 4160//5 4161//5
f 4141//5 4161//5 4142//5
f 4142//5 4161//5 4162//5
f 4142//5 4162//5 4143//5
f 4143//5 4162//5 4163//5
f 4143//5 4163//5 4144//5
f 4144//5 4163//5 4152//5
f 4160//60 1493//60 4161//60
f 4161//60 1493//60 1492//60
f 4161//61 1492//61 4162//61
f 4162//61 1492//61 1504//61
f 4162//62 1504//62 4163//62
f 4163//62 1504//62 1503//62
f 4163//588 1503//588 4152//588
f 4152//588 1503//588 1507//588
f 4152//586 1507//586 4153//586
f 4153//586 1507//586 1506//586
f 4153//584 1506//584 4154//584
f 4154//584 1506//584 1505//584
f 4154//589 1505//589 4155//589
f 4155//589 1505//589 1490//589
f 4155//591 1490//591 4156//591
f 4156//591 1490//591 1489//591
f 4156//593 1489//593 4157//593
f 4157//593 1489//593 1498//593
f 4157//59 1498//59 4158//59
f 4158//59 1498//59 1500//59
f 4158//58 1500//58 4159//58
f 4159//58 1500//58 1501//58
f 4159//57 1501//57 4160//57
f 4160//57 1501//57 1493//57
f 2516//60 4164//60 2517//60
f 2517//60 4164//60 4165//60
f 2517//61 4165//61 2513//61
f 2513//61 4165//61 4166//61
f 2513//62 4166//62 2512//62
f 2512//62 4166//62 4167//62
f 2512//588 4167//588 2508//588
f 2508//588 4167//588 4168//588
f 2508//586 4168//586 2509//586
f 2509//586 4168//586 4169//586
f 2509//584 4169//584 2510//584
f 2510//585 4169//585 4170//585
f 2510//590 4170//590 2518//590
f 2518//589 4170//589 4171//589
f 2518//591 4171//591 2519//591
f 2519//591 4171//591 4172//591
f 2519//593 4172//593 2520//593
f 2520//593 4172//593 4173//593
f 2520//59 4173//59 2514//59
f 2514//59 4173//59 4174//59
f 2514//58 4174//58 2515//58
f 2515//58 4174//58 4175//58
f 2515//57 4175//57 2516//57
f 2516//57 4175//57 4164//57
f 4168//5 4176//5 4169//5
f 4169//5 4176//5 4177//5
f 4169//5 4177//5 4170//5
f 4170//5 4177//5 4178//5
f 4170//5 4178//5 4171//5
f 4171//5 4178//5 4179//5
f 4171//5 4179//5 4172//5
f 4172//5 4179//5 4180//5
f 4172//5 4180//5 4173//5
f 4173//5 4180//5 4181//5
f 4173//5 4181//5 4174//5
f 4174//5 4181//5 4182//5
f 4174//5 4182//5 4175//5
f 4175//5 4182//5 4183//5
f 4175//5 4183//5 4164//5
f 4164//5 4183//5 4184//5
f 4164//5 4184//5 4165//5
f 4165//5 4184//5 4185//5
f 4165//5 4185//5 4166//5
f 4166//5 4185//5 4186//5
f 4166//5 4186//5 4167//5
f 4167//5 4186//5 4187//5
f 4167//5 4187//5 4168//5
f 4168//5 4187//5 4176//5
f 4184//60 1477//60 4185//60
f 4185//60 1477//60 1475//60
f 4185//61 1475//61 4186//61
f 4186//61 1475//61 1474//61
f 4186//62 1474//62 4187//62
f 4187//62 1474//62 1485//62
f 4187//588 1485//588 4176//588
f 4176//588 1485//588 1484//588
f 4176//586 1484//586 4177//586
f 4177//586 1484//586 1483//586
f 4177//584 1483//584 4178//584
f 4178//584 1483//584 1473//584
f 4178//589 1473//589 4179//589
f 4179//589 1473//589 1472//589
f 4179//591 1472//591 4180//591
f 4180//591 1472//591 1482//591
f 4180//593 1482//593 4181//593
f 4181//593 1482//593 1481//593
f 4181//59 1481//59 4182//59
f 4182//59 1481//59 1479//59
f 4182//58 1479//58 4183//58
f 4183//58 1479//58 1478//58
f 4183//57 1478//57 4184//57
f 4184//57 1478//57 1477//57
f 2446//60 4188//60 2430//60
f 2430//2260 4188//2260 4189//2260
f 2430//61 4189//61 2431//61
f 2431//61 4189//61 4190//61
f 2431//62 4190//62 2438//62
f 2438//62 4190//62 4191//62
f 2438//588 4191//588 2432//588
f 2432//588 4191//588 4192//588
f 2432//586 4192//586 2433//586
f 2433//586 4192//586 4193//586
f 2433//584 4193//584 2434//584
f 2434//584 4193//584 4194//584
f 2434//589 4194//589 2435//589
f 2435//589 4194//589 4195//589
f 2435//591 4195//591 2436//591
f 2436//591 4195//591 4196//591
f 2436//593 4196//593 2437//593
f 2437//593 4196//593 4197//593
f 2437//59 4197//59 2439//59
f 2439//59 4197//59 4198//59
f 2439//58 4198//58 2445//58
f 2445//58 4198//58 4199//58
f 2445//2262 4199//2262 2446//2262
f 2446//57 4199//57 4188//57
f 4192//5 4200//5 4193//5
f 4193//5 4200//5 4201//5
f 4193//5 4201//5 4194//5
f 4194//5 4201//5 4202//5
f 4194//5 4202//5 4195//5
f 4195//5 4202//5 4203//5
f 4195//5 4203//5 4196//5
f 4196//5 4203//5 4204//5
f 4196//5 4204//5 4197//5
f 4197//5 4204//5 4205//5
f 4197//5 4205//5 4198//5
f 4198//5 4205//5 4206//5
f 4198//5 4206//5 4199//5
f 4199//5 4206//5 4207//5
f 4199//5 4207//5 4188//5
f 4188//5 4207//5 4208//5
f 4188//5 4208//5 4189//5
f 4189//5 4208//5 4209//5
f 4189//5 4209//5 4190//5
f 4190//5 4209//5 4210//5
f 4190//5 4210//5 4191//5
f 4191//5 4210//5 4211//5
f 4191//5 4211//5 4192//5
f 4192//5 4211//5 4200//5
f 1468//593 1486//593 4205//593
f 4205//2772 1486//2772 1487//2772
f 4205//2773 1487//2773 4206//2773
f 4206//2774 1487//2774 1488//2774
f 4206//58 1488//58 4207//58
f 4207//58 1488//58 1462//58
f 4207//57 1462//57 4208//57
f 4208//57 1462//57 1464//57
f 4208//60 1464//60 4209//60
f 4209//60 1464//60 1466//60
f 4209//61 1466//61 4210//61
f 4210//61 1466//61 1409//61
f 4210//62 1409//62 4211//62
f 4211//62 1409//62 1406//62
f 4211//588 1406//588 4200//588
f 4200//588 1406//588 1404//588
f 4200//586 1404//586 4201//586
f 4201//586 1404//586 1403//586
f 4201//584 1403//584 4202//584
f 4202//584 1403//584 1470//584
f 4202//589 1470//589 4203//589
f 4203//589 1470//589 1469//589
f 4203//591 1469//591 4204//591
f 4204//591 1469//591 1468//591
f 4204//593 1468//593 4205//593
f 2534//60 4212//60 2535//60
f 2535//60 4212//60 4213//60
f 2535//61 4213//61 2524//61
f 2524//61 4213//61 4214//61
f 2524//62 4214//62 2525//62
f 2525//62 4214//62 4215//62
f 2525//588 4215//588 2532//588
f 2532//588 4215//588 4216//588
f 2532//586 4216//586 2527//586
f 2527//586 4216//586 4217//586
f 2527//584 4217//584 2526//584
f 2526//585 4217//585 4218//585
f 2526//590 4218//590 2528//590
f 2528//589 4218//589 4219//589
f 2528//591 4219//591 2529//591
f 2529//591 4219//591 4220//591
f 2529//593 4220//593 2530//593
f 2530//593 4220//593 4221//593
f 2530//59 4221//59 2531//59
f 2531//59 4221//59 4222//59
f 2531//58 4222//58 2533//58
f 2533//58 4222//58 4223//58
f 2533//57 4223//57 2534//57
f 2534//57 4223//57 4212//57
f 4216//5 4224//5 4217//5
f 4217//5 4224//5 4225//5
f 4217//5 4225//5 4218//5
f 4218//5 4225//5 4226//5
f 4218//5 4226//5 4219//5
f 4219//5 4226//5 4227//5
f 4219//5 4227//5 4220//5
f 4220//5 4227//5 4228//5
f 4220//5 4228//5 4221//5
f 4221//5 4228//5 4229//5
f 4221//5 4229//5 4222//5
f 4222//5 4229//5 4230//5
f 4222//5 4230//5 4223//5
f 4223//5 4230//5 4231//5
f 4223//5 4231//5 4212//5
f 4212//5 4231//5 4232//5
f 4212//5 4232//5 4213//5
f 4213//5 4232//5 4233//5
f 4213//5 4233//5 4214//5
f 4214//5 4233//5 4234//5
f 4214//5 4234//5 4215//5
f 4215//5 4234//5 4235//5
f 4215//5 4235//5 4216//5
f 4216//5 4235//5 4224//5
f 4232//60 1615//60 4233//60
f 4233//60 1615//60 1613//60
f 4233//61 1613//61 4234//61
f 4234//61 1613//61 1612//61
f 4234//62 1612//62 4235//62
f 4235//62 1612//62 1617//62
f 4235//588 1617//588 4224//588
f 4224//588 1617//588 1616//588
f 4224//586 1616//586 4225//586
f 4225//586 1616//586 1623//586
f 4225//584 1623//584 4226//584
f 4226//584 1623//584 1622//584
f 4226//589 1622//589 4227//589
f 4227//589 1622//589 1620//589
f 4227//591 1620//591 4228//591
f 4228//591 1620//591 1619//591
f 4228//593 1619//593 4229//593
f 4229//593 1619//593 1626//593
f 4229//59 1626//59 4230//59
f 4230//59 1626//59 1625//59
f 4230//58 1625//58 4231//58
f 4231//58 1625//58 1624//58
f 4231//57 1624//57 4232//57
f 4232//57 1624//57 1615//57
f 2473//60 4236//60 2474//60
f 2474//60 4236//60 4237//60
f 2474//61 4237//61 2296//61
f 2296//61 4237//61 4238//61
f 2296//62 4238//62 2295//62
f 2295//62 4238//62 4239//62
f 2295//588 4239//588 2294//588
f 2294//588 4239//588 4240//588
f 2294//586 4240//586 2478//586
f 2478//586 4240//586 4241//586
f 2478//585 4241//585 2476//585
f 2476//584 4241//584 4242//584
f 2476//589 4242//589 2475//589
f 2475//590 4242//590 4243//590
f 2475//591 4243//591 2479//591
f 2479//591 4243//591 4244//591
f 2479//593 4244//593 2480//593
f 2480//593 4244//593 4245//593
f 2480//59 4245//59 2481//59
f 2481//59 4245//59 4246//59
f 2481//58 4246//58 2472//58
f 2472//58 4246//58 4247//58
f 2472//57 4247//57 2473//57
f 2473//57 4247//57 4236//57
f 4240//5 4248//5 4241//5
f 4241//5 4248//5 4249//5
f 4241//5 4249//5 4242//5
f 4242//5 4249//5 4250//5
f 4242//5 4250//5 4243//5
f 4243//5 4250//5 4251//5
f 4243//5 4251//5 4244//5
f 4244//5 4251//5 4252//5
f 4244//5 4252//5 4245//5
f 4245//5 4252//5 4253//5
f 4245//5 4253//5 4246//5
f 4246//5 4253//5 4254//5
f 4246//5 4254//5 4247//5
f 4247//5 4254//5 4255//5
f 4247//5 4255//5 4236//5
f 4236//5 4255//5 4256//5
f 4236//5 4256//5 4237//5
f 4237//5 4256//5 4257//5
f 4237//5 4257//5 4238//5
f 4238//5 4257//5 4258//5
f 4238//5 4258//5 4239//5
f 4239//5 4258//5 4259//5
f 4239//5 4259//5 4240//5
f 4240//5 4259//5 4248//5
f 4256//60 1454//60 4257//60
f 4257//60 1454//60 1453//60
f 4257//61 1453//61 4258//61
f 4258//61 1453//61 1451//61
f 4258//62 1451//62 4259//62
f 4259//62 1451//62 1450//62
f 4259//588 1450//588 4248//588
f 4248//588 1450//588 1449//588
f 4248//586 1449//586 4249//586
f 4249//586 1449//586 1448//586
f 4249//584 1448//584 4250//584
f 4250//584 1448//584 1446//584
f 4250//589 1446//589 4251//589
f 4251//589 1446//589 1445//589
f 4251//591 1445//591 4252//591
f 4252//591 1445//591 1460//591
f 4252//593 1460//593 4253//593
f 4253//593 1460//593 1459//593
f 4253//59 1459//59 4254//59
f 4254//59 1459//59 1458//59
f 4254//58 1458//58 4255//58
f 4255//58 1458//58 1456//58
f 4255//57 1456//57 4256//57
f 4256//57 1456//57 1454//57
f 2314//60 4260//60 2315//60
f 2315//60 4260//60 4261//60
f 2315//61 4261//61 2319//61
f 2319//61 4261//61 4262//61
f 2319//62 4262//62 2318//62
f 2318//62 4262//62 4263//62
f 2318//588 4263//588 2316//588
f 2316//588 4263//588 4264//588
f 2316//586 4264//586 2279//586
f 2279//586 4264//586 4265//586
f 2279//585 4265//585 2280//585
f 2280//584 4265//584 4266//584
f 2280//589 4266//589 2309//589
f 2309//590 4266//590 4267//590
f 2309//591 4267//591 2310//591
f 2310//591 4267//591 4268//591
f 2310//593 4268//593 2311//593
f 2311//593 4268//593 4269//593
f 2311//59 4269//59 2312//59
f 2312//59 4269//59 4270//59
f 2312//58 4270//58 2313//58
f 2313//58 4270//58 4271//58
f 2313//57 4271//57 2314//57
f 2314//57 4271//57 4260//57
f 4264//5 4272//5 4265//5
f 4265//5 4272//5 4273//5
f 4265//5 4273//5 4266//5
f 4266//5 4273//5 4274//5
f 4266//5 4274//5 4267//5
f 4267//5 4274//5 4275//5
f 4267//5 4275//5 4268//5
f 4268//5 4275//5 4276//5
f 4268//5 4276//5 4269//5
f 4269//5 4276//5 4277//5
f 4269//5 4277//5 4270//5
f 4270//5 4277//5 4278//5
f 4270//5 4278//5 4271//5
f 4271//5 4278//5 4279//5
f 4271//5 4279//5 4260//5
f 4260//5 4279//5 4280//5
f 4260//5 4280//5 4261//5
f 4261//5 4280//5 4281//5
f 4261//5 4281//5 4262//5
f 4262//5 4281//5 4282//5
f 4262//5 4282//5 4263//5
f 4263//5 4282//5 4283//5
f 4263//5 4283//5 4264//5
f 4264//5 4283//5 4272//5
f 4280//60 1564//60 4281//60
f 4281//60 1564//60 1563//60
f 4281//61 1563//61 4282//61
f 4282//61 1563//61 1575//61
f 4282//62 1575//62 4283//62
f 4283//62 1575//62 1574//62
f 4283//588 1574//588 4272//588
f 4272//588 1574//588 1573//588
f 4272//586 1573//586 4273//586
f 4273//586 1573//586 1569//586
f 4273//584 1569//584 4274//584
f 4274//584 1569//584 1568//584
f 4274//590 1568//590 4275//590
f 4275//589 1568//589 1567//589
f 4275//591 1567//591 4276//591
f 4276//591 1567//591 1566//591
f 4276//593 1566//593 4277//593
f 4277//593 1566//593 1565//593
f 4277//59 1565//59 4278//59
f 4278//59 1565//59 1572//59
f 4278//58 1572//58 4279//58
f 4279//58 1572//58 1571//58
f 4279//57 1571//57 4280//57
f 4280//57 1571//57 1564//57
f 2488//60 4284//60 2489//60
f 2489//60 4284//60 4285//60
f 2489//61 4285//61 2322//61
f 2322//61 4285//61 4286//61
f 2322//62 4286//62 2323//62
f 2323//62 4286//62 4287//62
f 2323//588 4287//588 2328//588
f 2328//588 4287//588 4288//588
f 2328//586 4288//586 2327//586
f 2327//586 4288//586 4289//586
f 2327//585 4289//585 2325//585
f 2325//584 4289//584 4290//584
f 2325//589 4290//589 2490//589
f 2490//590 4290//590 4291//590
f 2490//591 4291//591 2484//591
f 2484//591 4291//591 4292//591
f 2484//593 4292//593 2483//593
f 2483//593 4292//593 4293//593
f 2483//59 4293//59 2485//59
f 2485//59 4293//59 4294//59
f 2485//58 4294//58 2486//58
f 2486//58 4294//58 4295//58
f 2486//57 4295//57 2488//57
f 2488//57 4295//57 4284//57
f 4288//5 4296//5 4289//5
f 4289//5 4296//5 4297//5
f 4289//5 4297//5 4290//5
f 4290//5 4297//5 4298//5
f 4290//5 4298//5 4291//5
f 4291//5 4298//5 4299//5
f 4291//5 4299//5 4292//5
f 4292//5 4299//5 4300//5
f 4292//5 4300//5 4293//5
f 4293//5 4300//5 4301//5
f 4293//5 4301//5 4294//5
f 4294//5 4301//5 4302//5
f 4294//5 4302//5 4295//5
f 4295//5 4302//5 4303//5
f 4295//5 4303//5 4284//5
f 4284//5 4303//5 4304//5
f 4284//5 4304//5 4285//5
f 4285//5 4304//5 4305//5
f 4285//5 4305//5 4286//5
f 4286//5 4305//5 4306//5
f 4286//5 4306//5 4287//5
f 4287//5 4306//5 4307//5
f 4287//5 4307//5 4288//5
f 4288//5 4307//5 4296//5
f 4304//60 1436//60 4305//60
f 4305//60 1436//60 1430//60
f 4305//61 1430//61 4306//61
f 4306//61 1430//61 1435//61
f 4306//62 1435//62 4307//62
f 4307//62 1435//62 1434//62
f 4307//588 1434//588 4296//588
f 4296//588 1434//588 1432//588
f 4296//586 1432//586 4297//586
f 4297//586 1432//586 1431//586
f 4297//584 1431//584 4298//584
f 4298//584 1431//584 1426//584
f 4298//589 1426//589 4299//589
f 4299//589 1426//589 1425//589
f 4299//591 1425//591 4300//591
f 4300//591 1425//591 1442//591
f 4300//593 1442//593 4301//593
f 4301//593 1442//593 1440//593
f 4301//59 1440//59 4302//59
f 4302//59 1440//59 1439//59
f 4302//58 1439//58 4303//58
f 4303//58 1439//58 1437//58
f 4303//2262 1437//2262 4304//2262
f 4304//57 1437//57 1436//57
f 2339//60 4308//60 2340//60
f 2340//60 4308//60 4309//60
f 2340//61 4309//61 2341//61
f 2341//61 4309//61 4310//61
f 2341//62 4310//62 2342//62
f 2342//62 4310//62 4311//62
f 2342//588 4311//588 2343//588
f 2343//588 4311//588 4312//588
f 2343//586 4312//586 2338//586
f 2338//586 4312//586 4313//586
f 2338//584 4313//584 2337//584
f 2337//585 4313//585 4314//585
f 2337//590 4314//590 2336//590
f 2336//589 4314//589 4315//589
f 2336//591 4315//591 2344//591
f 2344//591 4315//591 4316//591
f 2344//593 4316//593 2345//593
f 2345//593 4316//593 4317//593
f 2345//59 4317//59 2347//59
f 2347//59 4317//59 4318//59
f 2347//58 4318//58 2348//58
f 2348//58 4318//58 4319//58
f 2348//57 4319//57 2339//57
f 2339//57 4319//57 4308//57
f 4312//5 4320//5 4313//5
f 4313//5 4320//5 4321//5
f 4313//5 4321//5 4314//5
f 4314//5 4321//5 4322//5
f 4314//5 4322//5 4315//5
f 4315//5 4322//5 4323//5
f 4315//5 4323//5 4316//5
f 4316//5 4323//5 4324//5
f 4316//5 4324//5 4317//5
f 4317//5 4324//5 4325//5
f 4317//5 4325//5 4318//5
f 4318//5 4325//5 4326//5
f 4318//5 4326//5 4319//5
f 4319//5 4326//5 4327//5
f 4319//5 4327//5 4308//5
f 4308//5 4327//5 4328//5
f 4308//5 4328//5 4309//5
f 4309//5 4328//5 4329//5
f 4309//5 4329//5 4310//5
f 4310//5 4329//5 4330//5
f 4310//5 4330//5 4311//5
f 4311//5 4330//5 4331//5
f 4311//5 4331//5 4312//5
f 4312//5 4331//5 4320//5
f 4328//2260 1587//2260 4329//2260
f 4329//60 1587//60 1410//60
f 4329//61 1410//61 4330//61
f 4330//61 1410//61 1412//61
f 4330//62 1412//62 4331//62
f 4331//62 1412//62 1414//62
f 4331//588 1414//588 4320//588
f 4320//588 1414//588 1416//588
f 4320//586 1416//586 4321//586
f 4321//586 1416//586 1417//586
f 4321//584 1417//584 4322//584
f 4322//584 1417//584 1418//584
f 4322//589 1418//589 4323//589
f 4323//589 1418//589 1424//589
f 4323//591 1424//591 4324//591
f 4324//591 1424//591 1423//591
f 4324//593 1423//593 4325//593
f 4325//593 1423//593 1422//593
f 4325//59 1422//59 4326//59
f 4326//59 1422//59 1420//59
f 4326//58 1420//58 4327//58
f 4327//58 1420//58 1419//58
f 4327//57 1419//57 4328//57
f 4328//57 1419//57 1587//57
f 1953//584 1362//584 1964//584
f 1964//584 1362//584 1363//584
f 1964//586 1363//586 1965//586
f 1965//586 1363//586 1364//586
f 1965//588 1364//588 1966//588
f 1966//588 1364//588 1366//588
f 1966//62 1366//62 1956//62
f 1956//62 1366//62 1368//62
f 1956//61 1368//61 1957//61
f 1957//61 1368//61 1370//61
f 1957//60 1370//60 1958//60
f 1958//60 1370//60 1373//60
f 1958//57 1373//57 1973//57
f 1973//57 1373//57 1374//57
f 1973//58 1374//58 1974//58
f 1974//58 1374//58 1346//58
f 1974//59 1346//59 1967//59
f 1967//59 1346//59 1344//59
f 1967//593 1344//593 1963//593
f 1963//593 1344//593 1343//593
f 1963//591 1343//591 1977//591
f 1977//591 1343//591 1332//591
f 1977//589 1332//589 1953//589
f 1953//589 1332//589 1362//589
f 1978//584 1333//584 1979//584
f 1979//584 1333//584 1351//584
f 1979//586 1351//586 1980//586
f 1980//586 1351//586 1352//586
f 1980//588 1352//588 1983//588
f 1983//588 1352//588 1325//588
f 1983//62 1325//62 1984//62
f 1984//62 1325//62 1324//62
f 1984//61 1324//61 1950//61
f 1950//61 1324//61 1353//61
f 1950//60 1353//60 1951//60
f 1951//60 1353//60 1342//60
f 1951//57 1342//57 1952//57
f 1952//57 1342//57 1371//57
f 1952//58 1371//58 1954//58
f 1954//58 1371//58 1369//58
f 1954//59 1369//59 1955//59
f 1955//59 1369//59 1367//59
f 1955//593 1367//593 1944//593
f 1944//593 1367//593 1365//593
f 1944//591 1365//591 1945//591
f 1945//591 1365//591 1334//591
f 1945//589 1334//589 1978//589
f 1978//589 1334//589 1333//589
f 1985//584 1326//584 1986//584
f 1986//584 1326//584 1348//584
f 1986//586 1348//586 1988//586
f 1988//586 1348//586 1349//586
f 1988//588 1349//588 1970//588
f 1970//588 1349//588 1359//588
f 1970//62 1359//62 1947//62
f 1947//62 1359//62 1361//62
f 1947//61 1361//61 1941//61
f 1941//61 1361//61 1377//61
f 1941//60 1377//60 1942//60
f 1942//60 1377//60 1376//60
f 1942//57 1376//57 1948//57
f 1948//57 1376//57 1375//57
f 1948//58 1375//58 1949//58
f 1949//58 1375//58 1341//58
f 1949//59 1341//59 1982//59
f 1982//59 1341//59 1340//59
f 1982//593 1340//593 1981//593
f 1981//593 1340//593 1355//593
f 1981//591 1355//591 1961//591
f 1961//591 1355//591 1354//591
f 1961//589 1354//589 1985//589
f 1985//589 1354//589 1326//589
f 1927//584 1295//584 1928//584
f 1928//2775 1295//2775 1286//2775
f 1928//2776 1286//2776 1922//2776
f 1922//2776 1286//2776 1285//2776
f 1922//588 1285//588 1926//588
f 1926//2777 1285//2777 1273//2777
f 1926//62 1273//62 1925//62
f 1925//62 1273//62 1272//62
f 1925//61 1272//61 1888//61
f 1888//61 1272//61 1302//61
f 1888//2778 1302//2778 1886//2778
f 1886//60 1302//60 1290//60
f 1886//57 1290//57 1902//57
f 1902//2779 1290//2779 1289//2779
f 1902//58 1289//58 1903//58
f 1903//58 1289//58 1299//58
f 1903//59 1299//59 1905//59
f 1905//59 1299//59 1300//59
f 1905//2780 1300//2780 1906//2780
f 1906//593 1300//593 1298//593
f 1906//2781 1298//2781 1908//2781
f 1908//2781 1298//2781 1296//2781
f 1908//2782 1296//2782 1927//2782
f 1927//589 1296//589 1295//589
f 1939//584 1284//584 1940//584
f 1940//2775 1284//2775 1283//2775
f 1940//2776 1283//2776 1935//2776
f 1935//2776 1283//2776 1282//2776
f 1935//588 1282//588 1933//588
f 1933//2777 1282//2777 1275//2777
f 1933//62 1275//62 1932//62
f 1932//62 1275//62 1276//62
f 1932//61 1276//61 1917//61
f 1917//61 1276//61 1277//61
f 1917//2778 1277//2778 1919//2778
f 1919//60 1277//60 1308//60
f 1919//57 1308//57 1921//57
f 1921//2779 1308//2779 1307//2779
f 1921//58 1307//58 1929//58
f 1929//58 1307//58 1306//58
f 1929//59 1306//59 1930//59
f 1930//59 1306//59 1305//59
f 1930//2780 1305//2780 1937//2780
f 1937//593 1305//593 1304//593
f 1937//2781 1304//2781 1938//2781
f 1938//2781 1304//2781 1303//2781
f 1938//2782 1303//2782 1939//2782
f 1939//589 1303//589 1284//589
f 1895//584 1311//584 1894//584
f 1894//2775 1311//2775 1312//2775
f 1894//2776 1312//2776 1901//2776
f 1901//2776 1312//2776 1314//2776
f 1901//588 1314//588 1900//588
f 1900//2777 1314//2777 1316//2777
f 1900//62 1316//62 1898//62
f 1898//62 1316//62 1317//62
f 1898//61 1317//61 1915//61
f 1915//61 1317//61 1318//61
f 1915//2778 1318//2778 1914//2778
f 1914//60 1318//60 1323//60
f 1914//57 1323//57 1912//57
f 1912//2779 1323//2779 1322//2779
f 1912//58 1322//58 1910//58
f 1910//58 1322//58 1321//58
f 1910//59 1321//59 1934//59
f 1934//59 1321//59 1320//59
f 1934//2780 1320//2780 1936//2780
f 1936//593 1320//593 1309//593
f 1936//2781 1309//2781 1897//2781
f 1897//2781 1309//2781 1310//2781
f 1897//2782 1310//2782 1895//2782
f 1895//589 1310//589 1311//589
f 4332//2783 4333//2783 4334//2783
f 4334//2783 4333//2783 4335//2783
f 4334//2784 4335//2784 4336//2784
f 4336//2784 4335//2784 4337//2784
f 4336//2785 4337//2785 4338//2785
f 4338//2785 4337//2785 4339//2785
f 4338//49 4339//49 4340//49
f 4340//49 4339//49 4341//49
f 4340//2786 4341//2786 4342//2786
f 4342//2786 4341//2786 4343//2786
f 4342//2787 4343//2787 4344//2787
f 4344//2787 4343//2787 4345//2787
f 4344//2788 4345//2788 4346//2788
f 4346//2788 4345//2788 4347//2788
f 4348//1 4349//1 4332//1
f 4332//1 4349//1 4333//1
f 4350//2789 4351//2789 4352//2789
f 4352//2789 4351//2789 4353//2789
f 4352//2790 4353//2790 4354//2790
f 4354//2790 4353//2790 4355//2790
f 4354//2791 4355//2791 4356//2791
f 4356//2791 4355//2791 4357//2791
f 4356//35 4357//35 4358//35
f 4358//35 4357//35 4359//35
f 4358//2792 4359//2792 4360//2792
f 4360//2792 4359//2792 4361//2792
f 4360//2793 4361//2793 4362//2793
f 4362//2793 4361//2793 4363//2793
f 4362//2794 4363//2794 4348//2794
f 4348//2794 4363//2794 4349//2794
f 4346//5 4347//5 4350//5
f 4350//5 4347//5 4351//5
f 4364//2789 4365//2789 4366//2789
f 4366//2789 4365//2789 4367//2789
f 4366//2790 4367//2790 4368//2790
f 4368//2790 4367//2790 4369//2790
f 4368//2791 4369//2791 4370//2791
f 4370//2791 4369//2791 4371//2791
f 4370//35 4371//35 4372//35
f 4372//35 4371//35 4373//35
f 4372//2792 4373//2792 4374//2792
f 4374//2792 4373//2792 4375//2792
f 4374//2793 4375//2793 4376//2793
f 4376//2793 4375//2793 4377//2793
f 4376//2794 4377//2794 4378//2794
f 4378//2794 4377//2794 4379//2794
f 4380//5 4381//5 4364//5
f 4364//5 4381//5 4365//5
f 4382//2783 4383//2783 4384//2783
f 4384//2783 4383//2783 4385//2783
f 4384//2784 4385//2784 4386//2784
f 4386//2784 4385//2784 4387//2784
f 4386//2785 4387//2785 4388//2785
f 4388//2785 4387//2785 4389//2785
f 4388//49 4389//49 4390//49
f 4390//49 4389//49 4391//49
f 4390//2786 4391//2786 4392//2786
f 4392//2786 4391//2786 4393//2786
f 4392//2787 4393//2787 4394//2787
f 4394//2787 4393//2787 4395//2787
f 4394//2788 4395//2788 4380//2788
f 4380//2788 4395//2788 4381//2788
f 4378//1 4379//1 4382//1
f 4382//1 4379//1 4383//1
f 4346//2795 2155//2795 4344//2795
f 4344//2795 2155//2795 2154//2795
f 4344//2796 2154//2796 4342//2796
f 4342//2796 2154//2796 2102//2796
f 4342//2797 2102//2797 4340//2797
f 4340//2797 2102//2797 2101//2797
f 4340//2798 2101//2798 4338//2798
f 4338//2798 2101//2798 2105//2798
f 4338//2799 2105//2799 4336//2799
f 4336//2799 2105//2799 2107//2799
f 4336//2800 2107//2800 4334//2800
f 4334//2800 2107//2800 2115//2800
f 4334//2801 2115//2801 4332//2801
f 4332//2801 2115//2801 2114//2801
f 4350//2335 2151//2335 4346//2335
f 4346//2335 2151//2335 2155//2335
f 2160//111 4348//111 2114//111
f 2114//111 4348//111 4332//111
f 4348//2802 2160//2802 4362//2802
f 4362//2802 2160//2802 2162//2802
f 4362//2803 2162//2803 4360//2803
f 4360//2803 2162//2803 2126//2803
f 4360//2804 2126//2804 4358//2804
f 4358//2804 2126//2804 2128//2804
f 4358//2805 2128//2805 4356//2805
f 4356//2805 2128//2805 2130//2805
f 4356//2806 2130//2806 4354//2806
f 4354//2806 2130//2806 2132//2806
f 4354//2807 2132//2807 4352//2807
f 4352//2807 2132//2807 2149//2807
f 4352//2808 2149//2808 4350//2808
f 4350//2808 2149//2808 2151//2808
f 4333//2809 2051//2809 4335//2809
f 4335//2809 2051//2809 2050//2809
f 4335//2810 2050//2810 4337//2810
f 4337//2810 2050//2810 2042//2810
f 4337//2811 2042//2811 4339//2811
f 4339//2811 2042//2811 2048//2811
f 4339//2812 2048//2812 4341//2812
f 4341//2812 2048//2812 2039//2812
f 4341//2813 2039//2813 4343//2813
f 4343//2813 2039//2813 2040//2813
f 4343//2814 2040//2814 4345//2814
f 4345//2814 2040//2814 2092//2814
f 4345//2815 2092//2815 4347//2815
f 4347//2815 2092//2815 2093//2815
f 2097//2334 4351//2334 2093//2334
f 2093//2334 4351//2334 4347//2334
f 4349//147 2071//147 4333//147
f 4333//147 2071//147 2051//147
f 4351//2816 2097//2816 4353//2816
f 4353//2816 2097//2816 2095//2816
f 4353//2817 2095//2817 4355//2817
f 4355//2817 2095//2817 2047//2817
f 4355//2818 2047//2818 4357//2818
f 4357//2818 2047//2818 2074//2818
f 4357//2819 2074//2819 4359//2819
f 4359//2819 2074//2819 2076//2819
f 4359//2820 2076//2820 4361//2820
f 4361//2820 2076//2820 2067//2820
f 4361//2821 2067//2821 4363//2821
f 4363//2821 2067//2821 2069//2821
f 4363//2822 2069//2822 4349//2822
f 4349//2822 2069//2822 2071//2822
f 4380//2795 2143//2795 4394//2795
f 4394//2795 2143//2795 2142//2795
f 4394//2796 2142//2796 4392//2796
f 4392//2796 2142//2796 2112//2796
f 4392//2797 2112//2797 4390//2797
f 4390//2797 2112//2797 2137//2797
f 4390//2798 2137//2798 4388//2798
f 4388//2798 2137//2798 2139//2798
f 4388//2799 2139//2799 4386//2799
f 4386//2799 2139//2799 2118//2799
f 4386//2800 2118//2800 4384//2800
f 4384//2800 2118//2800 2120//2800
f 4384//2801 2120//2801 4382//2801
f 4382//2801 2120//2801 2122//2801
f 4364//2335 2157//2335 4380//2335
f 4380//2335 2157//2335 2143//2335
f 2113//111 4378//111 2122//111
f 2122//111 4378//111 4382//111
f 4378//2802 2113//2802 4376//2802
f 4376//2802 2113//2802 2108//2802
f 4376//2803 2108//2803 4374//2803
f 4374//2803 2108//2803 2106//2803
f 4374//2804 2106//2804 4372//2804
f 4372//2804 2106//2804 2109//2804
f 4372//2805 2109//2805 4370//2805
f 4370//2805 2109//2805 2103//2805
f 4370//2806 2103//2806 4368//2806
f 4368//2806 2103//2806 2104//2806
f 4368//2807 2104//2807 4366//2807
f 4366//2807 2104//2807 2156//2807
f 4366//2808 2156//2808 4364//2808
f 4364//2808 2156//2808 2157//2808
f 4383//2809 2080//2809 4385//2809
f 4385//2809 2080//2809 2079//2809
f 4385//2810 2079//2810 4387//2810
f 4387//2810 2079//2810 2060//2810
f 4387//2811 2060//2811 4389//2811
f 4389//2811 2060//2811 2058//2811
f 4389//2812 2058//2812 4391//2812
f 4391//2812 2058//2812 2056//2812
f 4391//2813 2056//2813 4393//2813
f 4393//2813 2056//2813 2052//2813
f 4393//2814 2052//2814 4395//2814
f 4395//2814 2052//2814 2085//2814
f 4395//2815 2085//2815 4381//2815
f 4381//2815 2085//2815 2087//2815
f 2091//2334 4365//2334 2087//2334
f 2087//2334 4365//2334 4381//2334
f 4379//147 2049//147 4383//147
f 4383//147 2049//147 2080//147
f 4365//2816 2091//2816 4367//2816
f 4367//2816 2091//2816 2090//2816
f 4367//2817 2090//2817 4369//2817
f 4369//2817 2090//2817 2038//2817
f 4369//2818 2038//2818 4371//2818
f 4371//2818 2038//2818 2037//2818
f 4371//2819 2037//2819 4373//2819
f 4373//2819 2037//2819 2041//2819
f 4373//2823 2041//2823 4375//2823
f 4375//2820 2041//2820 2043//2820
f 4375//2821 2043//2821 4377//2821
f 4377//2821 2043//2821 2044//2821
f 4377//2822 2044//2822 4379//2822
f 4379//2822 2044//2822 2049//2822
f 1754//2824 1755//2824 3091//2824
f 3091//2825 1755//2825 3092//2825
f 3092//62 1755//62 1756//62
f 3092//62 1756//62 3093//62
f 3093//588 1756//588 1661//588
f 3093//588 1661//588 3100//588
f 3100//2826 1661//2826 1786//2826
f 3100//2827 1786//2827 3101//2827
f 3101//2828 1786//2828 2968//2828
f 3101//2829 2968//2829 3102//2829
f 3102//2830 2968//2830 2970//2830
f 3102//2831 2970//2831 3103//2831
f 3103//2832 2970//2832 2967//2832
f 3103//2833 2967//2833 3077//2833
f 3077//2834 2967//2834 2966//2834
f 3077//2835 2966//2835 3078//2835
f 2966//2836 2965//2836 3078//2836
f 3078//2837 2965//2837 1735//2837
f 3078//2838 1735//2838 3080//2838
f 1735//2839 1734//2839 3080//2839
f 3080//593 1734//593 1732//593
f 3080//593 1732//593 3081//593
f 3081//59 1732//59 1731//59
f 3081//59 1731//59 3082//59
f 1803//58 3084//58 1731//58
f 1731//2840 3084//2840 3083//2840
f 1731//2841 3083//2841 3082//2841
f 3091//2842 3088//2842 1754//2842
f 1754//2843 3088//2843 3087//2843
f 1754//2844 3087//2844 1752//2844
f 1752//2845 3087//2845 3086//2845
f 1752//57 3086//57 1803//57
f 1803//2846 3086//2846 3085//2846
f 1803//2847 3085//2847 3084//2847
f 2236//2848 2224//2848 3034//2848
f 3034//2849 2224//2849 3045//2849
f 3045//59 2224//59 2226//59
f 3045//59 2226//59 3046//59
f 3046//593 2226//593 2228//593
f 3046//593 2228//593 3047//593
f 3047//2839 2228//2839 2229//2839
f 3047//2850 2229//2850 3048//2850
f 3048//2851 2229//2851 2961//2851
f 3048//2852 2961//2852 3049//2852
f 3049//2853 2961//2853 2963//2853
f 3049//2854 2963//2854 3050//2854
f 3050//2855 2963//2855 2960//2855
f 3050//2856 2960//2856 3052//2856
f 3052//2857 2960//2857 2959//2857
f 3052//2858 2959//2858 3053//2858
f 2959//2859 2958//2859 3053//2859
f 3053//2860 2958//2860 2232//2860
f 3053//2861 2232//2861 3062//2861
f 2232//2826 2231//2826 3062//2826
f 3062//588 2231//588 2230//588
f 3062//588 2230//588 3063//588
f 3063//62 2230//62 2223//62
f 3063//62 2223//62 3064//62
f 2239//61 3066//61 2223//61
f 2223//2862 3066//2862 3065//2862
f 2223//2863 3065//2863 3064//2863
f 3034//2864 3033//2864 2236//2864
f 2236//2865 3033//2865 3032//2865
f 2236//2866 3032//2866 2237//2866
f 2237//2867 3032//2867 3031//2867
f 2237//60 3031//60 2239//60
f 2239//2868 3031//2868 3067//2868
f 2239//2869 3067//2869 3066//2869
f 3005//58 1604//58 1603//58
f 1599//2870 1611//2870 2450//2870
f 1604//59 3005//59 1608//59
f 3005//2871 2444//2871 1608//2871
f 1608//2872 2444//2872 2443//2872
f 1608//593 2443//593 1607//593
f 1607//593 2443//593 2442//593
f 1607//591 2442//591 1606//591
f 1606//591 2442//591 2441//591
f 1606//589 2441//589 1605//589
f 1605//589 2441//589 2440//589
f 1605//584 2440//584 1609//584
f 1609//584 2440//584 2447//584
f 1609//586 2447//586 1610//586
f 1610//586 2447//586 2448//586
f 1610//588 2448//588 1611//588
f 1611//588 2448//588 2449//588
f 1611//2873 2449//2873 2450//2873
f 1602//2874 3017//2874 1603//2874
f 1603//2875 3017//2875 3014//2875
f 1603//58 3014//58 3005//58
f 2450//2876 3023//2876 1599//2876
f 1599//61 3023//61 3021//61
f 1599//61 3021//61 1600//61
f 1600//2877 3021//2877 3020//2877
f 1600//2878 3020//2878 1602//2878
f 1602//2879 3020//2879 3018//2879
f 1602//2880 3018//2880 3017//2880
f 2987//61 2257//61 2242//61
f 2253//2881 2252//2881 1889//2881
f 2257//62 2987//62 2258//62
f 2987//2882 1913//2882 2258//2882
f 2258//2873 1913//2873 1911//2873
f 2258//588 1911//588 2255//588
f 2255//588 1911//588 1931//588
f 2255//586 1931//586 2256//586
f 2256//586 1931//586 1916//586
f 2256//584 1916//584 2248//584
f 2248//584 1916//584 1918//584
f 2248//589 1918//589 2250//589
f 2250//589 1918//589 1920//589
f 2250//591 1920//591 2251//591
f 2251//591 1920//591 1924//591
f 2251//593 1924//593 2252//593
f 2252//593 1924//593 1923//593
f 2252//2872 1923//2872 1889//2872
f 2244//2883 2991//2883 2242//2883
f 2242//2884 2991//2884 2988//2884
f 2242//61 2988//61 2987//61
f 1889//2885 3001//2885 2253//2885
f 2253//58 3001//58 2999//58
f 2253//58 2999//58 2246//58
f 2246//2886 2999//2886 2998//2886
f 2246//2887 2998//2887 2244//2887
f 2244//2888 2998//2888 2992//2888
f 2244//2889 2992//2889 2991//2889
f 4396//2890 4397//2890 4398//2890
f 4399//2891 4397//2891 4396//2891
f 4396//2892 4400//2892 4401//2892
f 4402//2893 4400//2893 4396//2893
f 4398//2894 4402//2894 4396//2894
f 4396//2895 4403//2895 4404//2895
f 4405//2896 4403//2896 4396//2896
f 4401//2897 4405//2897 4396//2897
f 4396//2898 4406//2898 4407//2898
f 4408//2899 4406//2899 4396//2899
f 4404//2900 4408//2900 4396//2900
f 4407//2901 4399//2901 4396//2901
f 4399//584 2806//584 4397//584
f 4397//584 2806//584 2805//584
f 4397//586 2805//586 4398//586
f 4398//586 2805//586 2822//586
f 4398//588 2822//588 4402//588
f 4402//588 2822//588 2543//588
f 4402//62 2543//62 4400//62
f 4400//62 2543//62 2542//62
f 4400//61 2542//61 4401//61
f 4401//61 2542//61 2811//61
f 4401//60 2811//60 4405//60
f 4405//60 2811//60 2810//60
f 4405//57 2810//57 4403//57
f 4403//57 2810//57 2809//57
f 4403//58 2809//58 4404//58
f 4404//58 2809//58 2808//58
f 4404//59 2808//59 4408//59
f 4408//59 2808//59 2585//59
f 4408//593 2585//593 4406//593
f 4406//593 2585//593 2587//593
f 4406//591 2587//591 4407//591
f 4407//591 2587//591 2807//591
f 4407//589 2807//589 4399//589
f 4399//589 2807//589 2806//589
f 4409//2890 4410//2890 4411//2890
f 4412//2891 4410//2891 4409//2891
f 4409//2892 4413//2892 4414//2892
f 4415//2893 4413//2893 4409//2893
f 4411//2894 4415//2894 4409//2894
f 4409//2895 4416//2895 4417//2895
f 4418//2896 4416//2896 4409//2896
f 4414//2897 4418//2897 4409//2897
f 4409//2898 4419//2898 4420//2898
f 4421//2899 4419//2899 4409//2899
f 4417//2900 4421//2900 4409//2900
f 4420//2901 4412//2901 4409//2901
f 4412//584 2814//584 4410//584
f 4410//584 2814//584 2813//584
f 4410//586 2813//586 4411//586
f 4411//586 2813//586 2812//586
f 4411//588 2812//588 4415//588
f 4415//588 2812//588 2679//588
f 4415//62 2679//62 4413//62
f 4413//62 2679//62 2681//62
f 4413//61 2681//61 4414//61
f 4414//61 2681//61 2821//61
f 4414//60 2821//60 4418//60
f 4418//60 2821//60 2820//60
f 4418//57 2820//57 4416//57
f 4416//57 2820//57 2819//57
f 4416//58 2819//58 4417//58
f 4417//58 2819//58 2818//58
f 4417//59 2818//59 4421//59
f 4421//59 2818//59 2817//59
f 4421//593 2817//593 4419//593
f 4419//593 2817//593 2816//593
f 4419//591 2816//591 4420//591
f 4420//591 2816//591 2815//591
f 4420//589 2815//589 4412//589
f 4412//589 2815//589 2814//589
f 4422//2890 4423//2890 4424//2890
f 4425//2891 4423//2891 4422//2891
f 4422//2892 4426//2892 4427//2892
f 4428//2893 4426//2893 4422//2893
f 4424//2894 4428//2894 4422//2894
f 4422//2895 4429//2895 4430//2895
f 4431//2896 4429//2896 4422//2896
f 4427//2897 4431//2897 4422//2897
f 4422//2898 4432//2898 4433//2898
f 4434//2899 4432//2899 4422//2899
f 4430//2900 4434//2900 4422//2900
f 4433//2901 4425//2901 4422//2901
f 4425//2775 2491//2775 4423//2775
f 4423//584 2491//584 2501//584
f 4423//586 2501//586 4424//586
f 4424//586 2501//586 2500//586
f 4424//588 2500//588 4428//588
f 4428//588 2500//588 2499//588
f 4428//62 2499//62 4426//62
f 4426//62 2499//62 2498//62
f 4426//2902 2498//2902 4427//2902
f 4427//61 2498//61 2502//61
f 4427//60 2502//60 4431//60
f 4431//60 2502//60 2497//60
f 4431//57 2497//57 4429//57
f 4429//57 2497//57 2496//57
f 4429//58 2496//58 4430//58
f 4430//2903 2496//2903 2495//2903
f 4430//2904 2495//2904 4434//2904
f 4434//59 2495//59 2494//59
f 4434//593 2494//593 4432//593
f 4432//593 2494//593 2493//593
f 4432//591 2493//591 4433//591
f 4433//591 2493//591 2492//591
f 4433//589 2492//589 4425//589
f 4425//2782 2492//2782 2491//2782
f 4435//2890 4436//2890 4437//2890
f 4438//2891 4436//2891 4435//2891
f 4435//2892 4439//2892 4440//2892
f 4441//2893 4439//2893 4435//2893
f 4437//2894 4441//2894 4435//2894
f 4435//2895 4442//2895 4443//2895
f 4444//2896 4442//2896 4435//2896
f 4440//2897 4444//2897 4435//2897
f 4435//2898 4445//2898 4446//2898
f 4447//2899 4445//2899 4435//2899
f 4443//2900 4447//2900 4435//2900
f 4446//2901 4438//2901 4435//2901
f 4438//584 2300//584 4436//584
f 4436//584 2300//584 2302//584
f 4436//586 2302//586 4437//586
f 4437//586 2302//586 2303//586
f 4437//588 2303//588 4441//588
f 4441//588 2303//588 2299//588
f 4441//62 2299//62 4439//62
f 4439//2905 2299//2905 2308//2905
f 4439//61 2308//61 4440//61
f 4440//2902 2308//2902 2307//2902
f 4440//60 2307//60 4444//60
f 4444//60 2307//60 2306//60
f 4444//57 2306//57 4442//57
f 4442//57 2306//57 2305//57
f 4442//2903 2305//2903 4443//2903
f 4443//58 2305//58 2304//58
f 4443//59 2304//59 4447//59
f 4447//59 2304//59 2503//59
f 4447//593 2503//593 4445//593
f 4445//593 2503//593 2505//593
f 4445//591 2505//591 4446//591
f 4446//591 2505//591 2504//591
f 4446//589 2504//589 4438//589
f 4438//589 2504//589 2300//589
