# Blender 3.3.1
# www.blender.org
mtllib link_7.mtl
o link_7
v -0.018964 0.074000 -0.135651
v -0.018513 0.074000 -0.135390
v -0.018000 0.074000 -0.136800
v -0.018000 0.074000 -0.135300
v -0.017487 0.074000 -0.135390
v -0.019477 0.074000 -0.137060
v -0.019477 0.074000 -0.136540
v -0.019299 0.074000 -0.136050
v -0.018513 0.074000 -0.138210
v -0.018964 0.074000 -0.137949
v -0.019299 0.074000 -0.137550
v -0.017036 0.074000 -0.137949
v -0.017487 0.074000 -0.138210
v -0.018000 0.074000 -0.138300
v -0.016523 0.074000 -0.136540
v -0.016523 0.074000 -0.137060
v -0.016701 0.074000 -0.137550
v -0.017036 0.074000 -0.135651
v -0.016701 0.074000 -0.136050
v -0.017036 0.054000 -0.135651
v -0.017487 0.054000 -0.135390
v -0.018000 0.054000 -0.136800
v -0.018000 0.054000 -0.135300
v -0.018513 0.054000 -0.135390
v -0.016523 0.054000 -0.137060
v -0.016523 0.054000 -0.136540
v -0.016701 0.054000 -0.136050
v -0.017487 0.054000 -0.138210
v -0.017036 0.054000 -0.137949
v -0.016701 0.054000 -0.137550
v -0.018964 0.054000 -0.137949
v -0.018513 0.054000 -0.138210
v -0.018000 0.054000 -0.138300
v -0.019477 0.054000 -0.136540
v -0.019477 0.054000 -0.137060
v -0.019299 0.054000 -0.137550
v -0.018964 0.054000 -0.135651
v -0.019299 0.054000 -0.136050
v 0.017036 0.074000 -0.135651
v 0.017487 0.074000 -0.135390
v 0.018000 0.074000 -0.136800
v 0.018000 0.074000 -0.135300
v 0.018513 0.074000 -0.135390
v 0.016523 0.074000 -0.137060
v 0.016523 0.074000 -0.136540
v 0.016701 0.074000 -0.136050
v 0.017487 0.074000 -0.138210
v 0.017036 0.074000 -0.137949
v 0.016701 0.074000 -0.137550
v 0.018964 0.074000 -0.137949
v 0.018513 0.074000 -0.138210
v 0.018000 0.074000 -0.138300
v 0.019477 0.074000 -0.136540
v 0.019477 0.074000 -0.137060
v 0.019299 0.074000 -0.137550
v 0.018964 0.074000 -0.135651
v 0.019299 0.074000 -0.136050
v 0.018964 0.054000 -0.135651
v 0.018513 0.054000 -0.135390
v 0.018000 0.054000 -0.136800
v 0.018000 0.054000 -0.135300
v 0.017487 0.054000 -0.135390
v 0.019477 0.054000 -0.137060
v 0.019477 0.054000 -0.136540
v 0.019299 0.054000 -0.136050
v 0.018513 0.054000 -0.138210
v 0.018964 0.054000 -0.137949
v 0.019299 0.054000 -0.137550
v 0.017036 0.054000 -0.137949
v 0.017487 0.054000 -0.138210
v 0.018000 0.054000 -0.138300
v 0.016523 0.054000 -0.136540
v 0.016523 0.054000 -0.137060
v 0.016701 0.054000 -0.137550
v 0.017036 0.054000 -0.135651
v 0.016701 0.054000 -0.136050
v -0.007600 0.027400 -0.126800
v -0.007600 0.027400 -0.135300
v -0.007466 0.026900 -0.135300
v -0.007466 0.026900 -0.126800
v -0.007100 0.026534 -0.135300
v -0.007100 0.026534 -0.126800
v -0.006600 0.026400 -0.135300
v -0.006600 0.026400 -0.126800
v -0.040000 0.014701 -0.136050
v -0.040000 0.015250 -0.135501
v -0.040000 0.016000 -0.136800
v -0.040000 0.016000 -0.135300
v -0.040000 0.016750 -0.135501
v -0.040000 0.015250 -0.138099
v -0.040000 0.014701 -0.137550
v -0.040000 0.014500 -0.136800
v -0.040000 0.017299 -0.137550
v -0.040000 0.016750 -0.138099
v -0.040000 0.016000 -0.138300
v -0.040000 0.017299 -0.136050
v -0.040000 0.017500 -0.136800
v 0.019299 0.041000 -0.137550
v 0.018750 0.041000 -0.138099
v 0.018000 0.041000 -0.136800
v 0.018000 0.041000 -0.138300
v 0.017250 0.041000 -0.138099
v 0.018750 0.041000 -0.135501
v 0.019299 0.041000 -0.136050
v 0.019500 0.041000 -0.136800
v 0.016701 0.041000 -0.136050
v 0.017250 0.041000 -0.135501
v 0.018000 0.041000 -0.135300
v 0.016701 0.041000 -0.137550
v 0.016500 0.041000 -0.136800
v -0.005625 0.037917 -0.146525
v -0.005763 0.037679 -0.146800
v -0.006083 0.038375 -0.146525
v -0.006321 0.038238 -0.146800
v -0.006250 0.039000 -0.146525
v -0.006525 0.039000 -0.146800
v -0.006083 0.039625 -0.146525
v -0.006321 0.039763 -0.146800
v -0.005625 0.040083 -0.146525
v -0.005763 0.040321 -0.146800
v -0.005000 0.040250 -0.146525
v -0.005000 0.040525 -0.146800
v -0.004375 0.040083 -0.146525
v -0.004238 0.040321 -0.146800
v -0.003917 0.039625 -0.146525
v -0.003679 0.039763 -0.146800
v -0.003750 0.039000 -0.146525
v -0.003475 0.039000 -0.146800
v -0.003917 0.038375 -0.146525
v -0.003679 0.038238 -0.146800
v -0.004375 0.037917 -0.146525
v -0.004238 0.037679 -0.146800
v -0.005000 0.037750 -0.146525
v -0.005000 0.037475 -0.146800
v -0.005625 0.027917 -0.146525
v -0.005763 0.027679 -0.146800
v -0.006083 0.028375 -0.146525
v -0.006321 0.028237 -0.146800
v -0.006250 0.029000 -0.146525
v -0.006525 0.029000 -0.146800
v -0.006083 0.029625 -0.146525
v -0.006321 0.029763 -0.146800
v -0.005625 0.030083 -0.146525
v -0.005763 0.030321 -0.146800
v -0.005000 0.030250 -0.146525
v -0.005000 0.030525 -0.146800
v -0.004375 0.030083 -0.146525
v -0.004238 0.030321 -0.146800
v -0.003917 0.029625 -0.146525
v -0.003679 0.029763 -0.146800
v -0.003750 0.029000 -0.146525
v -0.003475 0.029000 -0.146800
v -0.003917 0.028375 -0.146525
v -0.003679 0.028237 -0.146800
v -0.004375 0.027917 -0.146525
v -0.004238 0.027679 -0.146800
v -0.005000 0.027750 -0.146525
v -0.005000 0.027475 -0.146800
v 0.004375 0.027917 -0.146525
v 0.004238 0.027679 -0.146800
v 0.003917 0.028375 -0.146525
v 0.003679 0.028237 -0.146800
v 0.003750 0.029000 -0.146525
v 0.003475 0.029000 -0.146800
v 0.003917 0.029625 -0.146525
v 0.003679 0.029763 -0.146800
v 0.004375 0.030083 -0.146525
v 0.004238 0.030321 -0.146800
v 0.005000 0.030250 -0.146525
v 0.005000 0.030525 -0.146800
v 0.005625 0.030083 -0.146525
v 0.005763 0.030321 -0.146800
v 0.006083 0.029625 -0.146525
v 0.006321 0.029763 -0.146800
v 0.006250 0.029000 -0.146525
v 0.006525 0.029000 -0.146800
v 0.006083 0.028375 -0.146525
v 0.006321 0.028237 -0.146800
v 0.005625 0.027917 -0.146525
v 0.005763 0.027679 -0.146800
v 0.005000 0.027750 -0.146525
v 0.005000 0.027475 -0.146800
v 0.004375 0.037917 -0.146525
v 0.004238 0.037679 -0.146800
v 0.003917 0.038375 -0.146525
v 0.003679 0.038238 -0.146800
v 0.003750 0.039000 -0.146525
v 0.003475 0.039000 -0.146800
v 0.003917 0.039625 -0.146525
v 0.003679 0.039763 -0.146800
v 0.004375 0.040083 -0.146525
v 0.004238 0.040321 -0.146800
v 0.005000 0.040250 -0.146525
v 0.005000 0.040525 -0.146800
v 0.005625 0.040083 -0.146525
v 0.005763 0.040321 -0.146800
v 0.006083 0.039625 -0.146525
v 0.006321 0.039763 -0.146800
v 0.006250 0.039000 -0.146525
v 0.006525 0.039000 -0.146800
v 0.006083 0.038375 -0.146525
v 0.006321 0.038238 -0.146800
v 0.005625 0.037917 -0.146525
v 0.005763 0.037679 -0.146800
v 0.005000 0.037750 -0.146525
v 0.005000 0.037475 -0.146800
v 0.006600 0.026400 -0.138300
v 0.006600 0.026400 -0.146800
v 0.007100 0.026534 -0.146800
v 0.007100 0.026534 -0.138300
v 0.007466 0.026900 -0.146800
v 0.007466 0.026900 -0.138300
v 0.007600 0.027400 -0.146800
v 0.007600 0.027400 -0.138300
v -0.006600 0.026400 -0.146800
v -0.006600 0.026400 -0.138300
v -0.005000 0.037750 -0.138300
v -0.005625 0.037917 -0.138300
v -0.006083 0.038375 -0.138300
v -0.006250 0.039000 -0.138300
v -0.006083 0.039625 -0.138300
v -0.005625 0.040083 -0.138300
v -0.005000 0.040250 -0.138300
v -0.004375 0.040083 -0.138300
v -0.003917 0.039625 -0.138300
v -0.003750 0.039000 -0.138300
v -0.003917 0.038375 -0.138300
v -0.004375 0.037917 -0.138300
v -0.005000 0.027750 -0.138300
v -0.005625 0.027917 -0.138300
v -0.006083 0.028375 -0.138300
v -0.006250 0.029000 -0.138300
v -0.006083 0.029625 -0.138300
v -0.005625 0.030083 -0.138300
v -0.005000 0.030250 -0.138300
v -0.004375 0.030083 -0.138300
v -0.003917 0.029625 -0.138300
v -0.003750 0.029000 -0.138300
v -0.003917 0.028375 -0.138300
v -0.004375 0.027917 -0.138300
v 0.005000 0.027750 -0.138300
v 0.004375 0.027917 -0.138300
v 0.003917 0.028375 -0.138300
v 0.003750 0.029000 -0.138300
v 0.003917 0.029625 -0.138300
v 0.004375 0.030083 -0.138300
v 0.005000 0.030250 -0.138300
v 0.005625 0.030083 -0.138300
v 0.006083 0.029625 -0.138300
v 0.006250 0.029000 -0.138300
v 0.006083 0.028375 -0.138300
v 0.005625 0.027917 -0.138300
v 0.005000 0.037750 -0.138300
v 0.004375 0.037917 -0.138300
v 0.003917 0.038375 -0.138300
v 0.003750 0.039000 -0.138300
v 0.003917 0.039625 -0.138300
v 0.004375 0.040083 -0.138300
v 0.005000 0.040250 -0.138300
v 0.005625 0.040083 -0.138300
v 0.006083 0.039625 -0.138300
v 0.006250 0.039000 -0.138300
v 0.006083 0.038375 -0.138300
v 0.005625 0.037917 -0.138300
v 0.007600 0.041600 -0.127800
v -0.007600 0.041600 -0.127800
v 0.007600 0.041600 -0.126800
v -0.007600 0.041600 -0.126800
v -0.006083 0.039625 -0.126800
v -0.006250 0.039000 -0.126800
v -0.006083 0.038375 -0.126800
v -0.005000 0.030250 -0.126800
v -0.003750 0.039000 -0.126800
v -0.003917 0.038375 -0.126800
v 0.005625 0.027917 -0.126800
v 0.005000 0.027750 -0.126800
v 0.006600 0.026400 -0.126800
v 0.005000 0.040250 -0.126800
v 0.004375 0.040083 -0.126800
v -0.004375 0.037917 -0.126800
v -0.005000 0.037750 -0.126800
v -0.005625 0.030083 -0.126800
v 0.003750 0.029000 -0.126800
v 0.003917 0.029625 -0.126800
v 0.005000 0.037750 -0.126800
v 0.004375 0.030083 -0.126800
v 0.005625 0.037917 -0.126800
v 0.005000 0.030250 -0.126800
v 0.006083 0.038375 -0.126800
v -0.006083 0.028375 -0.126800
v -0.006250 0.029000 -0.126800
v -0.006083 0.029625 -0.126800
v -0.005625 0.037917 -0.126800
v -0.005625 0.027917 -0.126800
v 0.005625 0.040083 -0.126800
v 0.006083 0.039625 -0.126800
v 0.006250 0.039000 -0.126800
v 0.004375 0.027917 -0.126800
v 0.003917 0.028375 -0.126800
v -0.004375 0.027917 -0.126800
v -0.005625 0.040083 -0.126800
v -0.005000 0.040250 -0.126800
v -0.004375 0.040083 -0.126800
v 0.003917 0.039625 -0.126800
v -0.003917 0.039625 -0.126800
v 0.003750 0.039000 -0.126800
v 0.003917 0.038375 -0.126800
v 0.005625 0.030083 -0.126800
v 0.006083 0.029625 -0.126800
v 0.007600 0.027400 -0.126800
v -0.004375 0.030083 -0.126800
v 0.004375 0.037917 -0.126800
v -0.003917 0.029625 -0.126800
v -0.005000 0.027750 -0.126800
v -0.003750 0.029000 -0.126800
v -0.003917 0.028375 -0.126800
v 0.006250 0.029000 -0.126800
v 0.006083 0.028375 -0.126800
v 0.007466 0.026900 -0.126800
v 0.007100 0.026534 -0.126800
v 0.006600 0.026400 -0.135300
v 0.007100 0.026534 -0.135300
v 0.007466 0.026900 -0.135300
v 0.007600 0.027400 -0.135300
v -0.007600 0.043100 -0.127800
v -0.007600 0.043100 -0.135300
v -0.005000 0.037750 -0.135300
v -0.005625 0.037917 -0.135300
v -0.006083 0.038375 -0.135300
v -0.006250 0.039000 -0.135300
v -0.006083 0.039625 -0.135300
v -0.005625 0.040083 -0.135300
v -0.005000 0.040250 -0.135300
v -0.004375 0.040083 -0.135300
v -0.003917 0.039625 -0.135300
v -0.003750 0.039000 -0.135300
v -0.003917 0.038375 -0.135300
v -0.004375 0.037917 -0.135300
v -0.005000 0.027750 -0.135300
v -0.005625 0.027917 -0.135300
v -0.006083 0.028375 -0.135300
v -0.006250 0.029000 -0.135300
v -0.006083 0.029625 -0.135300
v -0.005625 0.030083 -0.135300
v -0.005000 0.030250 -0.135300
v -0.004375 0.030083 -0.135300
v -0.003917 0.029625 -0.135300
v -0.003750 0.029000 -0.135300
v -0.003917 0.028375 -0.135300
v -0.004375 0.027917 -0.135300
v 0.005000 0.027750 -0.135300
v 0.004375 0.027917 -0.135300
v 0.003917 0.028375 -0.135300
v 0.003750 0.029000 -0.135300
v 0.003917 0.029625 -0.135300
v 0.004375 0.030083 -0.135300
v 0.005000 0.030250 -0.135300
v 0.005625 0.030083 -0.135300
v 0.006083 0.029625 -0.135300
v 0.006250 0.029000 -0.135300
v 0.006083 0.028375 -0.135300
v 0.005625 0.027917 -0.135300
v 0.005000 0.037750 -0.135300
v 0.004375 0.037917 -0.135300
v 0.003917 0.038375 -0.135300
v 0.003750 0.039000 -0.135300
v 0.003917 0.039625 -0.135300
v 0.004375 0.040083 -0.135300
v 0.005000 0.040250 -0.135300
v 0.005625 0.040083 -0.135300
v 0.006083 0.039625 -0.135300
v 0.006250 0.039000 -0.135300
v 0.006083 0.038375 -0.135300
v 0.005625 0.037917 -0.135300
v -0.016701 0.048500 -0.137550
v -0.017250 0.048500 -0.138099
v -0.018000 0.048500 -0.136800
v -0.018000 0.048500 -0.138300
v -0.018750 0.048500 -0.138099
v -0.017250 0.048500 -0.135501
v -0.016701 0.048500 -0.136050
v -0.016500 0.048500 -0.136800
v -0.019299 0.048500 -0.136050
v -0.018750 0.048500 -0.135501
v -0.018000 0.048500 -0.135300
v -0.019299 0.048500 -0.137550
v -0.019500 0.048500 -0.136800
v -0.020000 0.016000 -0.135300
v -0.020000 0.015250 -0.135501
v -0.020000 0.014701 -0.136050
v -0.020000 0.014500 -0.136800
v -0.020000 0.014701 -0.137550
v -0.020000 0.015250 -0.138099
v -0.020000 0.016000 -0.138300
v -0.020000 0.016750 -0.138099
v -0.020000 0.017299 -0.137550
v -0.020000 0.017500 -0.136800
v -0.020000 0.017299 -0.136050
v -0.020000 0.016750 -0.135501
v 0.017250 0.054000 -0.138099
v 0.016500 0.054000 -0.136800
v 0.017250 0.054000 -0.135501
v 0.018750 0.054000 -0.135501
v 0.019500 0.054000 -0.136800
v 0.018750 0.054000 -0.138099
v -0.007600 0.027400 -0.138300
v -0.007600 0.027400 -0.146800
v -0.007466 0.026900 -0.146800
v -0.007466 0.026900 -0.138300
v -0.007100 0.026534 -0.146800
v -0.007100 0.026534 -0.138300
v 0.007600 0.041600 -0.146800
v -0.007600 0.041600 -0.146800
v 0.007600 0.043100 -0.145800
v 0.007600 0.043100 -0.138300
v 0.007600 0.041600 -0.145800
v 0.009100 0.044600 -0.138300
v 0.009850 0.044399 -0.138300
v 0.010600 0.054000 -0.138300
v 0.010399 0.043850 -0.138300
v 0.010600 0.043100 -0.138300
v 0.008350 0.044399 -0.138300
v -0.007600 0.054000 -0.138300
v 0.007801 0.043850 -0.138300
v -0.010600 0.043100 -0.127800
v -0.010600 0.043100 -0.135300
v -0.010399 0.043850 -0.127800
v -0.010399 0.043850 -0.135300
v -0.009850 0.044399 -0.127800
v -0.009850 0.044399 -0.135300
v -0.009100 0.044600 -0.127800
v -0.009100 0.044600 -0.135300
v -0.008350 0.044399 -0.127800
v -0.008350 0.044399 -0.135300
v -0.007801 0.043850 -0.127800
v -0.007801 0.043850 -0.135300
v 0.020000 0.054000 -0.127800
v 0.010600 0.054000 -0.127800
v 0.020000 0.014000 -0.127800
v 0.010600 0.024900 -0.127800
v 0.010399 0.024150 -0.127800
v 0.009850 0.023601 -0.127800
v 0.009100 0.023400 -0.127800
v -0.020000 0.014000 -0.127800
v -0.009100 0.023400 -0.127800
v -0.009850 0.023601 -0.127800
v -0.020000 0.054000 -0.127800
v 0.007600 0.054000 -0.127800
v -0.010399 0.024150 -0.127800
v -0.010600 0.024900 -0.127800
v 0.007600 0.054000 -0.135300
v -0.010600 0.054000 -0.135300
v -0.018750 0.054000 -0.138099
v -0.019500 0.054000 -0.136800
v -0.018750 0.054000 -0.135501
v -0.017250 0.054000 -0.135501
v -0.016500 0.054000 -0.136800
v -0.017250 0.054000 -0.138099
v -0.020000 0.014000 -0.145800
v -0.020000 0.054000 -0.145800
v 0.020000 0.014000 -0.145800
v 0.020000 0.054000 -0.145800
v -0.007600 0.054000 -0.145800
v -0.007600 0.041600 -0.145800
v 0.007801 0.043850 -0.145800
v 0.008350 0.044399 -0.145800
v 0.009100 0.044600 -0.145800
v 0.009850 0.044399 -0.145800
v 0.010399 0.043850 -0.145800
v 0.010600 0.043100 -0.145800
v 0.010600 0.024900 -0.145800
v 0.010399 0.024150 -0.145800
v 0.009850 0.023601 -0.145800
v 0.009100 0.023400 -0.145800
v -0.009100 0.023400 -0.145800
v -0.009850 0.023601 -0.145800
v -0.010399 0.024150 -0.145800
v -0.010600 0.024900 -0.145800
v -0.010600 0.054000 -0.145800
v 0.008500 0.054000 -0.086800
v 0.008500 0.059000 -0.086800
v 0.008500 0.054000 -0.085800
v 0.008500 0.059000 -0.074800
v 0.008500 0.047000 -0.085800
v 0.008500 0.042000 -0.074800
v 0.008500 0.047000 -0.086800
v 0.008500 0.042000 -0.086800
v -0.000000 0.059000 -0.086800
v 0.000500 0.059000 -0.086666
v -0.008500 0.059000 -0.086800
v -0.000500 0.059000 -0.086666
v -0.000866 0.059000 -0.086300
v 0.000500 0.059000 -0.084934
v -0.000000 0.059000 -0.084800
v -0.008500 0.059000 -0.074800
v -0.000500 0.059000 -0.084934
v -0.000866 0.059000 -0.085300
v -0.001000 0.059000 -0.085800
v 0.000866 0.059000 -0.086300
v 0.001000 0.059000 -0.085800
v 0.000866 0.059000 -0.085300
v -0.008500 0.047000 -0.086800
v -0.008500 0.042000 -0.086800
v -0.008500 0.047000 -0.085800
v -0.008500 0.042000 -0.074800
v -0.008500 0.054000 -0.085800
v -0.008500 0.054000 -0.086800
v -0.007432 0.053461 -0.074800
v -0.006622 0.054989 -0.074800
v -0.005502 0.056308 -0.074800
v -0.004124 0.057355 -0.074800
v -0.002554 0.058081 -0.074800
v -0.000865 0.058453 -0.074800
v -0.000000 0.058500 -0.074800
v 0.000865 0.058453 -0.074800
v 0.002554 0.058081 -0.074800
v 0.004124 0.057355 -0.074800
v 0.001720 0.042687 -0.074800
v -0.000000 0.042500 -0.074800
v 0.005502 0.056308 -0.074800
v 0.006622 0.054989 -0.074800
v 0.007432 0.053461 -0.074800
v 0.007895 0.051794 -0.074800
v 0.007988 0.050067 -0.074800
v 0.007708 0.048360 -0.074800
v 0.007068 0.046753 -0.074800
v 0.006097 0.045321 -0.074800
v -0.001720 0.042687 -0.074800
v -0.003359 0.043239 -0.074800
v -0.007068 0.046753 -0.074800
v -0.007708 0.048360 -0.074800
v -0.007988 0.050067 -0.074800
v -0.007895 0.051794 -0.074800
v 0.004841 0.044131 -0.074800
v 0.003359 0.043239 -0.074800
v -0.004841 0.044131 -0.074800
v -0.006097 0.045321 -0.074800
v 0.012989 0.050319 -0.086800
v 0.012903 0.051032 -0.086800
v 0.014829 0.051582 -0.086800
v 0.010011 0.050319 -0.086800
v 0.010266 0.049648 -0.086800
v 0.010803 0.049172 -0.086800
v 0.011500 0.047000 -0.086800
v 0.011500 0.049000 -0.086800
v 0.012582 0.047171 -0.086800
v 0.012197 0.049172 -0.086800
v -0.012734 0.049648 -0.086800
v -0.012197 0.049172 -0.086800
v -0.013557 0.047668 -0.086800
v -0.012582 0.047171 -0.086800
v -0.011500 0.049000 -0.086800
v -0.011500 0.047000 -0.086800
v 0.014332 0.052557 -0.086800
v 0.012495 0.051623 -0.086800
v 0.013557 0.053332 -0.086800
v -0.010803 0.049172 -0.086800
v -0.010266 0.049648 -0.086800
v 0.015000 0.050500 -0.086800
v 0.014829 0.049418 -0.086800
v 0.012734 0.049648 -0.086800
v 0.014332 0.048443 -0.086800
v 0.013557 0.047668 -0.086800
v 0.010097 0.051032 -0.086800
v -0.010011 0.050319 -0.086800
v -0.014332 0.048443 -0.086800
v -0.014829 0.049418 -0.086800
v -0.012989 0.050319 -0.086800
v -0.015000 0.050500 -0.086800
v -0.012903 0.051032 -0.086800
v 0.012582 0.053829 -0.086800
v 0.011859 0.051956 -0.086800
v 0.011500 0.054000 -0.086800
v 0.011141 0.051956 -0.086800
v 0.010505 0.051623 -0.086800
v -0.014829 0.051582 -0.086800
v -0.014332 0.052557 -0.086800
v -0.012495 0.051623 -0.086800
v -0.013557 0.053332 -0.086800
v -0.011859 0.051956 -0.086800
v -0.012582 0.053829 -0.086800
v -0.011141 0.051956 -0.086800
v -0.011500 0.054000 -0.086800
v -0.010505 0.051623 -0.086800
v -0.010097 0.051032 -0.086800
v -0.000865 0.058453 -0.069800
v -0.000000 0.058500 -0.069800
v -0.000000 0.058500 -0.074800
v 0.000865 0.058453 -0.069800
v 0.002554 0.058081 -0.069800
v 0.004124 0.057355 -0.069800
v 0.005502 0.056308 -0.069800
v 0.006622 0.054989 -0.069800
v 0.007432 0.053461 -0.069800
v 0.007895 0.051794 -0.069800
v 0.007988 0.050067 -0.069800
v 0.007708 0.048360 -0.069800
v 0.007068 0.046753 -0.069800
v 0.006097 0.045321 -0.069800
v 0.004841 0.044131 -0.069800
v 0.003359 0.043239 -0.069800
v 0.001720 0.042687 -0.069800
v -0.000000 0.042500 -0.069800
v -0.001720 0.042687 -0.069800
v -0.003359 0.043239 -0.069800
v -0.004841 0.044131 -0.069800
v -0.006097 0.045321 -0.069800
v -0.007068 0.046753 -0.069800
v -0.007708 0.048360 -0.069800
v -0.007988 0.050067 -0.069800
v -0.007895 0.051794 -0.069800
v -0.007432 0.053461 -0.069800
v -0.006622 0.054989 -0.069800
v -0.005502 0.056308 -0.069800
v -0.004124 0.057355 -0.069800
v -0.002554 0.058081 -0.069800
v -0.000000 0.050500 -0.069800
v -0.000000 0.058500 -0.069800
v -0.011500 0.054000 -0.085800
v -0.012582 0.053829 -0.085800
v -0.013557 0.053332 -0.085800
v -0.014332 0.052557 -0.085800
v -0.014829 0.051582 -0.085800
v -0.015000 0.050500 -0.085800
v -0.014829 0.049418 -0.085800
v -0.014332 0.048443 -0.085800
v -0.013557 0.047668 -0.085800
v -0.012582 0.047171 -0.085800
v -0.011500 0.047000 -0.085800
v -0.010505 0.051623 -0.085800
v -0.011141 0.051956 -0.085800
v -0.011859 0.051956 -0.085800
v -0.012495 0.051623 -0.085800
v -0.012989 0.050319 -0.085800
v -0.012734 0.049648 -0.085800
v -0.012197 0.049172 -0.085800
v -0.012903 0.051032 -0.085800
v -0.010803 0.049172 -0.085800
v -0.011500 0.049000 -0.085800
v -0.010097 0.051032 -0.085800
v -0.010011 0.050319 -0.085800
v -0.010266 0.049648 -0.085800
v 0.010266 0.049648 -0.085800
v 0.010011 0.050319 -0.085800
v 0.012903 0.051032 -0.085800
v 0.012989 0.050319 -0.085800
v 0.015000 0.050500 -0.085800
v 0.014829 0.049418 -0.085800
v 0.012734 0.049648 -0.085800
v 0.014332 0.048443 -0.085800
v 0.013557 0.047668 -0.085800
v 0.012197 0.049172 -0.085800
v 0.012582 0.047171 -0.085800
v 0.011500 0.049000 -0.085800
v 0.011500 0.047000 -0.085800
v 0.010803 0.049172 -0.085800
v 0.014829 0.051582 -0.085800
v 0.014332 0.052557 -0.085800
v 0.012495 0.051623 -0.085800
v 0.013557 0.053332 -0.085800
v 0.011859 0.051956 -0.085800
v 0.012582 0.053829 -0.085800
v 0.011141 0.051956 -0.085800
v 0.011500 0.054000 -0.085800
v 0.010505 0.051623 -0.085800
v 0.010097 0.051032 -0.085800
v 0.000866 0.064000 -0.085300
v 0.000500 0.064000 -0.084934
v -0.000000 0.064000 -0.084800
v -0.000000 0.059000 -0.084800
v -0.000500 0.064000 -0.084934
v -0.000866 0.064000 -0.085300
v -0.001000 0.064000 -0.085800
v -0.000866 0.064000 -0.086300
v -0.000500 0.064000 -0.086666
v -0.000000 0.064000 -0.086800
v -0.000000 0.059000 -0.086800
v 0.000500 0.064000 -0.086666
v 0.000866 0.064000 -0.086300
v 0.001000 0.064000 -0.085800
v -0.000000 0.064000 -0.085800
v -0.000795 0.050265 -0.051869
v -0.000736 0.050119 -0.051869
v -0.000000 0.050500 -0.051800
v -0.000825 0.050420 -0.051869
v -0.000825 0.050577 -0.051869
v -0.000796 0.050732 -0.051869
v -0.000737 0.050878 -0.051869
v -0.000652 0.051011 -0.051869
v -0.000544 0.051125 -0.051869
v -0.000416 0.051217 -0.051869
v -0.000272 0.051283 -0.051869
v -0.000119 0.051320 -0.051869
v 0.000038 0.051328 -0.051869
v 0.000194 0.051306 -0.051869
v 0.000343 0.051255 -0.051869
v 0.000480 0.051176 -0.051869
v 0.000599 0.051073 -0.051869
v 0.000696 0.050949 -0.051869
v 0.000769 0.050809 -0.051869
v 0.000814 0.050658 -0.051869
v 0.000829 0.050501 -0.051869
v 0.000814 0.050345 -0.051869
v 0.000770 0.050193 -0.051869
v 0.000698 0.050053 -0.051869
v 0.000601 0.049929 -0.051869
v 0.000482 0.049826 -0.051869
v 0.000346 0.049747 -0.051869
v 0.000197 0.049695 -0.051869
v 0.000041 0.049672 -0.051869
v -0.000116 0.049679 -0.051869
v -0.000270 0.049716 -0.051869
v -0.000413 0.049782 -0.051869
v -0.000542 0.049873 -0.051869
v -0.000651 0.049987 -0.051869
v -0.002836 0.047395 -0.054095
v -0.002417 0.047700 -0.053435
v -0.002903 0.048208 -0.053435
v -0.002748 0.047317 -0.054095
v -0.002102 0.046858 -0.054095
v -0.001843 0.047294 -0.053435
v -0.002096 0.046855 -0.054095
v -0.001368 0.046524 -0.054095
v -0.001203 0.047003 -0.053435
v -0.001270 0.046491 -0.054095
v -0.000520 0.046838 -0.053435
v -0.000591 0.046337 -0.054095
v -0.000378 0.046312 -0.054095
v 0.000183 0.046806 -0.053435
v 0.000208 0.046300 -0.054095
v 0.000531 0.046329 -0.054095
v 0.000878 0.046907 -0.053435
v 0.000999 0.046415 -0.054095
v 0.001415 0.046540 -0.054095
v 0.001543 0.047139 -0.053435
v 0.001754 0.046678 -0.054095
v 0.002233 0.046937 -0.054095
v 0.002151 0.047491 -0.053435
v 0.002947 0.047500 -0.054095
v 0.002681 0.047953 -0.053435
v 0.002605 0.047199 -0.054095
v 0.002445 0.047079 -0.054095
v 0.003049 0.047604 -0.054095
v 0.003523 0.048204 -0.054095
v 0.003115 0.048506 -0.053435
v 0.003542 0.048233 -0.054095
v 0.003907 0.048944 -0.054095
v 0.003436 0.049132 -0.053435
v 0.003934 0.049015 -0.054095
v 0.003633 0.049807 -0.053435
v 0.004131 0.049712 -0.054095
v 0.004161 0.049895 -0.054095
v 0.003699 0.050507 -0.053435
v 0.004205 0.050508 -0.054095
v 0.004194 0.050804 -0.054095
v 0.003630 0.051207 -0.053435
v 0.004128 0.051303 -0.054095
v 0.004031 0.051699 -0.054095
v 0.003431 0.051881 -0.053435
v 0.003901 0.052070 -0.054095
v 0.003679 0.052537 -0.054095
v 0.003108 0.052505 -0.053435
v 0.003533 0.052780 -0.054095
v 0.003155 0.053280 -0.054095
v 0.002672 0.053057 -0.053435
v 0.003038 0.053407 -0.054095
v 0.002483 0.053893 -0.054095
v 0.002140 0.053517 -0.053435
v 0.002433 0.053930 -0.054095
v 0.001740 0.054328 -0.054095
v 0.001530 0.053867 -0.053435
v 0.001696 0.054348 -0.054095
v 0.000865 0.054096 -0.053435
v 0.000984 0.054588 -0.054095
v 0.000829 0.054623 -0.054095
v 0.000169 0.054195 -0.053435
v 0.000192 0.054701 -0.054095
v -0.000077 0.054704 -0.054095
v -0.000533 0.054160 -0.053435
v -0.000606 0.054661 -0.054095
v -0.000979 0.054590 -0.054095
v -0.001216 0.053993 -0.053435
v -0.001383 0.054471 -0.054095
v -0.001835 0.054284 -0.054095
v -0.001855 0.053700 -0.053435
v -0.002109 0.054138 -0.054095
v -0.002605 0.053801 -0.054095
v -0.002427 0.053291 -0.053435
v -0.002759 0.053673 -0.054095
v -0.003254 0.053163 -0.054095
v -0.002911 0.052781 -0.053435
v -0.003310 0.053093 -0.054095
v -0.003741 0.052420 -0.054095
v -0.003290 0.052189 -0.053435
v -0.003751 0.052402 -0.054095
v -0.003551 0.051536 -0.053435
v -0.004037 0.051677 -0.054095
v -0.004072 0.051551 -0.054095
v -0.003682 0.050845 -0.053435
v -0.004187 0.050892 -0.054095
v -0.004202 0.050651 -0.054095
v -0.003681 0.050142 -0.053435
v -0.004185 0.050093 -0.054095
v -0.004137 0.049744 -0.054095
v -0.003547 0.049452 -0.053435
v -0.004033 0.049308 -0.054095
v -0.003877 0.048873 -0.054095
v -0.003284 0.048799 -0.053435
v -0.003734 0.048566 -0.054095
v -0.003437 0.048077 -0.054095
v -0.003301 0.047895 -0.054095
v -0.002744 0.049079 -0.052869
v -0.002963 0.049624 -0.052869
v -0.003075 0.050201 -0.052869
v -0.003076 0.050788 -0.052869
v -0.002966 0.051365 -0.052869
v -0.002749 0.051911 -0.052869
v -0.002432 0.052405 -0.052869
v -0.002028 0.052831 -0.052869
v -0.001550 0.053173 -0.052869
v -0.001016 0.053418 -0.052869
v -0.000445 0.053557 -0.052869
v 0.000141 0.053586 -0.052869
v 0.000723 0.053504 -0.052869
v 0.001278 0.053313 -0.052869
v 0.001788 0.053020 -0.052869
v 0.002232 0.052636 -0.052869
v 0.002596 0.052175 -0.052869
v 0.002866 0.051653 -0.052869
v 0.003033 0.051090 -0.052869
v 0.003090 0.050506 -0.052869
v 0.003035 0.049921 -0.052869
v 0.002870 0.049357 -0.052869
v 0.002602 0.048834 -0.052869
v 0.002240 0.048372 -0.052869
v 0.001797 0.047987 -0.052869
v 0.001289 0.047692 -0.052869
v 0.000734 0.047499 -0.052869
v 0.000153 0.047414 -0.052869
v -0.000434 0.047441 -0.052869
v -0.001005 0.047578 -0.052869
v -0.001540 0.047822 -0.052869
v -0.002019 0.048161 -0.052869
v -0.002425 0.048586 -0.052869
v -0.002127 0.049399 -0.052411
v -0.002297 0.049821 -0.052411
v -0.002384 0.050268 -0.052411
v -0.002385 0.050723 -0.052411
v -0.002299 0.051171 -0.052411
v -0.002131 0.051594 -0.052411
v -0.001885 0.051977 -0.052411
v -0.001572 0.052307 -0.052411
v -0.001201 0.052572 -0.052411
v -0.000788 0.052762 -0.052411
v -0.000345 0.052870 -0.052411
v 0.000110 0.052893 -0.052411
v 0.000560 0.052829 -0.052411
v 0.000991 0.052681 -0.052411
v 0.001386 0.052454 -0.052411
v 0.001731 0.052156 -0.052411
v 0.002013 0.051799 -0.052411
v 0.002222 0.051394 -0.052411
v 0.002351 0.050958 -0.052411
v 0.002395 0.050504 -0.052411
v 0.002353 0.050051 -0.052411
v 0.002225 0.049614 -0.052411
v 0.002017 0.049209 -0.052411
v 0.001737 0.048850 -0.052411
v 0.001393 0.048551 -0.052411
v 0.000999 0.048323 -0.052411
v 0.000569 0.048173 -0.052411
v 0.000118 0.048108 -0.052411
v -0.000337 0.048128 -0.052411
v -0.000779 0.048235 -0.052411
v -0.001194 0.048423 -0.052411
v -0.001565 0.048687 -0.052411
v -0.001880 0.049016 -0.052411
v -0.001452 0.049748 -0.052075
v -0.001568 0.050037 -0.052075
v -0.001627 0.050342 -0.052075
v -0.001628 0.050652 -0.052075
v -0.001569 0.050958 -0.052075
v -0.001454 0.051246 -0.052075
v -0.001287 0.051508 -0.052075
v -0.001073 0.051733 -0.052075
v -0.000820 0.051914 -0.052075
v -0.000537 0.052044 -0.052075
v -0.000236 0.052118 -0.052075
v 0.000075 0.052133 -0.052075
v 0.000383 0.052089 -0.052075
v 0.000676 0.051988 -0.052075
v 0.000946 0.051833 -0.052075
v 0.001181 0.051630 -0.052075
v 0.001374 0.051386 -0.052075
v 0.001516 0.051110 -0.052075
v 0.001605 0.050812 -0.052075
v 0.001635 0.050503 -0.052075
v 0.001606 0.050194 -0.052075
v 0.001519 0.049895 -0.052075
v 0.001377 0.049619 -0.052075
v 0.001185 0.049374 -0.052075
v 0.000951 0.049170 -0.052075
v 0.000682 0.049014 -0.052075
v 0.000388 0.048912 -0.052075
v 0.000081 0.048867 -0.052075
v -0.000230 0.048882 -0.052075
v -0.000532 0.048954 -0.052075
v -0.000815 0.049083 -0.052075
v -0.001068 0.049263 -0.052075
v -0.001283 0.049487 -0.052075
v -0.002836 0.056349 -0.051800
v -0.004027 0.055602 -0.051800
v -0.001513 0.056822 -0.051800
v -0.000118 0.056999 -0.051800
v 0.001281 0.056872 -0.051800
v 0.002621 0.056448 -0.051800
v 0.003839 0.055745 -0.051800
v 0.004877 0.054798 -0.051800
v 0.005686 0.053649 -0.051800
v 0.006230 0.052353 -0.051800
v 0.006483 0.050970 -0.051800
v 0.006432 0.049565 -0.051800
v 0.006081 0.048205 -0.051800
v 0.005446 0.046951 -0.051800
v 0.004555 0.045863 -0.051800
v 0.004027 0.045398 -0.051800
v 0.003452 0.044992 -0.051800
v 0.002187 0.044379 -0.051800
v 0.000820 0.044052 -0.051800
v -0.000585 0.044026 -0.051800
v -0.001963 0.044303 -0.051800
v -0.003249 0.044870 -0.051800
v -0.004383 0.045700 -0.051800
v -0.005313 0.046755 -0.051800
v -0.005994 0.047984 -0.051800
v -0.006394 0.049332 -0.051800
v -0.006496 0.050734 -0.051800
v -0.006294 0.052125 -0.051800
v -0.005797 0.053439 -0.051800
v -0.005030 0.054617 -0.051800
v 0.004337 0.045005 -0.051800
v 0.005385 0.046027 -0.051800
v 0.006197 0.047245 -0.051800
v 0.006738 0.048604 -0.051800
v 0.006985 0.050047 -0.051800
v 0.006927 0.051509 -0.051800
v 0.006566 0.052927 -0.051800
v 0.005918 0.054239 -0.051800
v 0.005011 0.055388 -0.051800
v 0.003885 0.056323 -0.051800
v 0.002590 0.057003 -0.051800
v 0.001181 0.057400 -0.051800
v -0.000279 0.057494 -0.051800
v -0.001727 0.057284 -0.051800
v -0.003100 0.056776 -0.051800
v -0.004337 0.055995 -0.051800
v -0.005385 0.054973 -0.051800
v -0.006197 0.053755 -0.051800
v -0.006738 0.052396 -0.051800
v -0.006985 0.050953 -0.051800
v -0.006927 0.049491 -0.051800
v -0.006566 0.048073 -0.051800
v -0.005918 0.046761 -0.051800
v -0.005011 0.045612 -0.051800
v -0.003885 0.044677 -0.051800
v -0.002590 0.043997 -0.051800
v -0.001181 0.043600 -0.051800
v 0.000279 0.043506 -0.051800
v 0.001727 0.043716 -0.051800
v 0.003100 0.044224 -0.051800
v 0.004337 0.045005 -0.056800
v 0.003100 0.044224 -0.056800
v 0.001727 0.043716 -0.056800
v 0.000279 0.043506 -0.056800
v -0.001181 0.043600 -0.056800
v -0.002590 0.043997 -0.056800
v -0.003885 0.044677 -0.056800
v -0.005011 0.045612 -0.056800
v -0.005918 0.046761 -0.056800
v -0.006566 0.048073 -0.056800
v -0.006927 0.049491 -0.056800
v -0.006985 0.050953 -0.056800
v -0.006738 0.052396 -0.056800
v -0.006197 0.053755 -0.056800
v -0.005385 0.054973 -0.056800
v -0.004337 0.055995 -0.056800
v -0.003100 0.056776 -0.056800
v -0.001727 0.057284 -0.056800
v -0.000279 0.057494 -0.056800
v 0.001181 0.057400 -0.056800
v 0.002590 0.057003 -0.056800
v 0.003885 0.056323 -0.056800
v 0.005011 0.055388 -0.056800
v 0.005918 0.054239 -0.056800
v 0.006566 0.052927 -0.056800
v 0.006927 0.051509 -0.056800
v 0.006985 0.050047 -0.056800
v 0.006738 0.048604 -0.056800
v 0.006197 0.047245 -0.056800
v 0.005385 0.046027 -0.056800
v -0.004555 0.055137 -0.056800
v -0.003452 0.056008 -0.056800
v -0.002187 0.056621 -0.056800
v -0.000820 0.056948 -0.056800
v 0.000585 0.056974 -0.056800
v 0.001963 0.056697 -0.056800
v 0.003249 0.056130 -0.056800
v 0.004383 0.055300 -0.056800
v 0.005313 0.054245 -0.056800
v 0.005994 0.053016 -0.056800
v 0.006394 0.051668 -0.056800
v 0.006496 0.050266 -0.056800
v 0.006294 0.048875 -0.056800
v 0.005797 0.047561 -0.056800
v 0.005030 0.046383 -0.056800
v 0.004027 0.045398 -0.056800
v 0.002836 0.044651 -0.056800
v 0.001513 0.044178 -0.056800
v 0.000118 0.044001 -0.056800
v -0.001281 0.044128 -0.056800
v -0.002621 0.044552 -0.056800
v -0.003839 0.045255 -0.056800
v -0.004877 0.046202 -0.056800
v -0.005686 0.047351 -0.056800
v -0.006230 0.048647 -0.056800
v -0.006483 0.050030 -0.056800
v -0.006432 0.051435 -0.056800
v -0.006081 0.052795 -0.056800
v -0.005446 0.054049 -0.056800
v 0.004027 0.045398 -0.065800
v 0.002836 0.044651 -0.065800
v 0.001513 0.044178 -0.065800
v 0.000118 0.044001 -0.065800
v -0.001281 0.044128 -0.065800
v -0.002621 0.044552 -0.065800
v -0.003839 0.045255 -0.065800
v -0.004877 0.046202 -0.065800
v -0.005686 0.047351 -0.065800
v -0.006230 0.048647 -0.065800
v -0.006483 0.050030 -0.065800
v -0.006432 0.051435 -0.065800
v -0.006081 0.052795 -0.065800
v -0.005446 0.054049 -0.065800
v -0.004555 0.055137 -0.065800
v -0.003452 0.056008 -0.065800
v -0.002187 0.056621 -0.065800
v -0.000820 0.056948 -0.065800
v 0.000585 0.056974 -0.065800
v 0.001963 0.056697 -0.065800
v 0.003249 0.056130 -0.065800
v 0.004383 0.055300 -0.065800
v 0.005313 0.054245 -0.065800
v 0.005994 0.053016 -0.065800
v 0.006394 0.051668 -0.065800
v 0.006496 0.050266 -0.065800
v 0.006294 0.048875 -0.065800
v 0.005797 0.047561 -0.065800
v 0.005030 0.046383 -0.065800
v 0.007921 0.049376 -0.065800
v 0.007990 0.050895 -0.065800
v 0.007771 0.052400 -0.065800
v 0.007271 0.053836 -0.065800
v 0.006508 0.055152 -0.065800
v 0.005510 0.056300 -0.065800
v 0.004313 0.057238 -0.065800
v -0.007992 0.050866 -0.065800
v -0.007916 0.049347 -0.065800
v -0.007555 0.047870 -0.065800
v -0.006921 0.046487 -0.065800
v -0.006037 0.045250 -0.065800
v -0.004934 0.044203 -0.065800
v -0.003653 0.043383 -0.065800
v 0.002960 0.057932 -0.065800
v 0.001500 0.058358 -0.065800
v -0.000014 0.058500 -0.065800
v -0.001528 0.058353 -0.065800
v -0.002987 0.057922 -0.065800
v -0.004337 0.057222 -0.065800
v -0.005531 0.056280 -0.065800
v -0.006525 0.055129 -0.065800
v -0.007283 0.053810 -0.065800
v -0.007778 0.052372 -0.065800
v -0.002240 0.042820 -0.065800
v -0.000746 0.042535 -0.065800
v 0.000775 0.042538 -0.065800
v 0.002268 0.042828 -0.065800
v 0.003679 0.043396 -0.065800
v 0.004957 0.044221 -0.065800
v 0.006055 0.045272 -0.065800
v 0.006935 0.046513 -0.065800
v 0.007565 0.047897 -0.065800
v 0.004957 0.044221 -0.074800
v 0.003679 0.043396 -0.074800
v 0.002268 0.042828 -0.074800
v 0.000775 0.042538 -0.074800
v -0.000746 0.042535 -0.074800
v -0.002240 0.042820 -0.074800
v -0.003653 0.043383 -0.074800
v -0.004934 0.044203 -0.074800
v -0.006037 0.045250 -0.074800
v -0.006921 0.046487 -0.074800
v -0.007555 0.047870 -0.074800
v -0.007916 0.049347 -0.074800
v -0.007992 0.050866 -0.074800
v -0.007778 0.052372 -0.074800
v -0.007283 0.053810 -0.074800
v -0.006525 0.055129 -0.074800
v -0.005531 0.056280 -0.074800
v -0.004337 0.057222 -0.074800
v -0.002987 0.057922 -0.074800
v -0.001528 0.058353 -0.074800
v -0.000014 0.058500 -0.074800
v 0.001500 0.058358 -0.074800
v 0.002960 0.057932 -0.074800
v 0.004313 0.057238 -0.074800
v 0.005510 0.056300 -0.074800
v 0.006508 0.055152 -0.074800
v 0.007271 0.053836 -0.074800
v 0.007771 0.052400 -0.074800
v 0.007990 0.050895 -0.074800
v 0.007921 0.049376 -0.074800
v 0.007565 0.047897 -0.074800
v 0.006935 0.046513 -0.074800
v 0.006055 0.045272 -0.074800
v -0.000000 0.050500 -0.074800
v -0.021667 0.014372 -0.147300
v -0.021667 0.014372 -0.154300
v -0.023887 0.010268 -0.154300
v -0.023887 0.010268 -0.147300
v -0.025337 0.005833 -0.154300
v -0.025337 0.005833 -0.147300
v -0.025972 0.001210 -0.154300
v -0.025972 0.001210 -0.147300
v -0.025770 -0.003451 -0.154300
v -0.025770 -0.003451 -0.147300
v -0.024738 -0.008002 -0.154300
v -0.024738 -0.008002 -0.147300
v -0.022909 -0.012295 -0.154300
v -0.022909 -0.012295 -0.147300
v -0.020343 -0.016192 -0.154300
v -0.020343 -0.016192 -0.147300
v -0.017121 -0.019567 -0.154300
v -0.017121 -0.019567 -0.147300
v -0.013348 -0.022312 -0.154300
v -0.013348 -0.022312 -0.147300
v -0.009145 -0.024339 -0.154300
v -0.009145 -0.024339 -0.147300
v -0.004647 -0.025581 -0.154300
v -0.004647 -0.025581 -0.147300
v -0.000000 -0.026000 -0.154300
v -0.000000 -0.026000 -0.147300
v 0.004647 -0.025581 -0.154300
v 0.004647 -0.025581 -0.147300
v 0.009145 -0.024339 -0.154300
v 0.009145 -0.024339 -0.147300
v 0.013348 -0.022312 -0.154300
v 0.013348 -0.022312 -0.147300
v 0.017121 -0.019567 -0.154300
v 0.017121 -0.019567 -0.147300
v 0.020343 -0.016192 -0.154300
v 0.020343 -0.016192 -0.147300
v 0.022909 -0.012295 -0.154300
v 0.022909 -0.012295 -0.147300
v 0.024738 -0.008002 -0.154300
v 0.024738 -0.008002 -0.147300
v 0.025770 -0.003451 -0.154300
v 0.025770 -0.003451 -0.147300
v 0.025972 0.001210 -0.154300
v 0.025972 0.001210 -0.147300
v 0.025337 0.005833 -0.154300
v 0.025337 0.005833 -0.147300
v 0.023887 0.010268 -0.154300
v 0.023887 0.010268 -0.147300
v 0.021667 0.014372 -0.154300
v 0.021667 0.014372 -0.147300
v 0.020000 0.019900 -0.147300
v 0.020000 0.019900 -0.154300
v 0.020000 0.052000 -0.147300
v 0.020000 0.052000 -0.154300
v 0.018000 0.054000 -0.147300
v 0.018000 0.054000 -0.154300
v -0.018000 0.054000 -0.147300
v -0.018000 0.054000 -0.154300
v -0.020000 0.052000 -0.147300
v -0.020000 0.052000 -0.154300
v -0.020000 0.019900 -0.147300
v -0.020000 0.019900 -0.154300
v 0.012834 0.009555 -0.146800
v 0.014691 0.006337 -0.146800
v 0.015125 0.016243 -0.146800
v -0.019500 0.052000 -0.146800
v -0.019500 0.034000 -0.146800
v -0.015125 0.034000 -0.146800
v -0.013091 -0.021883 -0.146800
v -0.012750 -0.022084 -0.146800
v -0.013848 -0.020986 -0.146800
v 0.001500 -0.025098 -0.146800
v -0.000000 -0.025500 -0.146800
v 0.004558 -0.025089 -0.146800
v 0.012750 -0.022084 -0.146800
v 0.013091 -0.021883 -0.146800
v 0.013848 -0.020986 -0.146800
v 0.015185 -0.020486 -0.146800
v 0.019500 0.019900 -0.146800
v 0.019500 0.024893 -0.146800
v 0.015125 0.024893 -0.146800
v 0.019500 0.034000 -0.146800
v 0.019500 0.052000 -0.146800
v 0.015125 0.053500 -0.146800
v 0.019299 0.052750 -0.146800
v 0.018750 0.053299 -0.146800
v 0.018000 0.053500 -0.146800
v 0.024262 -0.007848 -0.146800
v 0.022486 -0.011250 -0.146800
v 0.022469 -0.012058 -0.146800
v 0.022084 -0.012750 -0.146800
v 0.025500 0.000000 -0.146800
v 0.025472 0.001187 -0.146800
v 0.025098 0.001500 -0.146800
v 0.024850 0.005721 -0.146800
v 0.024000 0.002598 -0.146800
v 0.022500 0.003000 -0.146800
v 0.016486 -0.011250 -0.146800
v 0.015172 -0.005079 -0.146800
v 0.015757 0.002778 -0.146800
v 0.017986 0.008652 -0.146800
v 0.016887 -0.009750 -0.146800
v 0.017986 -0.008652 -0.146800
v 0.021000 -0.002598 -0.146800
v 0.019486 -0.008250 -0.146800
v 0.022500 -0.003000 -0.146800
v 0.020986 -0.008652 -0.146800
v 0.024000 -0.002598 -0.146800
v 0.025098 -0.001500 -0.146800
v 0.020986 -0.013848 -0.146800
v 0.019952 -0.015880 -0.146800
v 0.019486 -0.014250 -0.146800
v 0.016792 -0.019191 -0.146800
v 0.017986 -0.013848 -0.146800
v 0.016887 -0.012750 -0.146800
v 0.025274 -0.003385 -0.146800
v 0.022084 -0.009750 -0.146800
v 0.016887 0.009750 -0.146800
v 0.016486 0.011250 -0.146800
v 0.016887 0.012750 -0.146800
v 0.017986 0.013848 -0.146800
v 0.019947 0.016869 -0.146800
v 0.019486 0.014250 -0.146800
v 0.021250 0.014096 -0.146800
v 0.020986 0.013848 -0.146800
v 0.022084 0.012750 -0.146800
v 0.015328 -0.004589 -0.146800
v 0.019902 -0.001500 -0.146800
v 0.015973 -0.000930 -0.146800
v 0.019500 0.000000 -0.146800
v 0.019902 0.001500 -0.146800
v 0.021000 0.002598 -0.146800
v 0.019486 0.008250 -0.146800
v 0.020986 0.008652 -0.146800
v 0.022084 0.009750 -0.146800
v 0.022486 0.011250 -0.146800
v 0.023427 0.010070 -0.146800
v 0.011250 -0.022486 -0.146800
v 0.008969 -0.023871 -0.146800
v 0.009750 -0.022084 -0.146800
v 0.008652 -0.020986 -0.146800
v 0.007475 -0.020750 -0.146800
v 0.008250 -0.019486 -0.146800
v 0.005472 -0.015035 -0.146800
v 0.008652 -0.017986 -0.146800
v 0.008792 -0.013368 -0.146800
v 0.009750 -0.016887 -0.146800
v 0.011638 -0.010980 -0.146800
v 0.011250 -0.016486 -0.146800
v 0.013856 -0.008000 -0.146800
v 0.012750 -0.016887 -0.146800
v 0.013848 -0.017986 -0.146800
v 0.014250 -0.019486 -0.146800
v 0.002598 -0.021000 -0.146800
v 0.003000 -0.022500 -0.146800
v 0.002598 -0.024000 -0.146800
v 0.001500 -0.019902 -0.146800
v -0.000000 -0.019500 -0.146800
v 0.001857 -0.015892 -0.146800
v -0.001500 -0.019902 -0.146800
v -0.001500 -0.025098 -0.146800
v -0.004558 -0.025089 -0.146800
v -0.002598 -0.024000 -0.146800
v -0.007475 -0.020750 -0.146800
v -0.001857 -0.015892 -0.146800
v -0.005472 -0.015035 -0.146800
v -0.002598 -0.021000 -0.146800
v -0.003000 -0.022500 -0.146800
v -0.008652 -0.020986 -0.146800
v -0.009750 -0.022084 -0.146800
v -0.008969 -0.023871 -0.146800
v -0.011250 -0.022486 -0.146800
v -0.008250 -0.019486 -0.146800
v -0.008652 -0.017986 -0.146800
v -0.015172 -0.005079 -0.146800
v -0.013848 -0.017986 -0.146800
v -0.012750 -0.016887 -0.146800
v -0.009750 -0.016887 -0.146800
v -0.008792 -0.013368 -0.146800
v -0.011250 -0.016486 -0.146800
v -0.011638 -0.010980 -0.146800
v -0.013856 -0.008000 -0.146800
v -0.014250 -0.019486 -0.146800
v -0.015185 -0.020486 -0.146800
v -0.014708 -0.020831 -0.146800
v -0.020986 -0.013848 -0.146800
v -0.022084 -0.012750 -0.146800
v -0.019952 -0.015880 -0.146800
v -0.019486 -0.014250 -0.146800
v -0.025098 0.001500 -0.146800
v -0.020986 0.008652 -0.146800
v -0.022084 0.009750 -0.146800
v -0.025472 0.001187 -0.146800
v -0.025500 0.000000 -0.146800
v -0.021250 0.014096 -0.146800
v -0.022084 0.012750 -0.146800
v -0.020986 0.013848 -0.146800
v -0.019486 -0.008250 -0.146800
v -0.017986 -0.008652 -0.146800
v -0.015328 -0.004589 -0.146800
v -0.024000 0.002598 -0.146800
v -0.022500 0.003000 -0.146800
v -0.019486 0.008250 -0.146800
v -0.021000 0.002598 -0.146800
v -0.017986 0.008652 -0.146800
v -0.016887 0.009750 -0.146800
v -0.024850 0.005721 -0.146800
v -0.023427 0.010070 -0.146800
v -0.022486 0.011250 -0.146800
v -0.019947 0.016869 -0.146800
v -0.019486 0.014250 -0.146800
v -0.017986 0.013848 -0.146800
v -0.015125 0.016243 -0.146800
v -0.016887 -0.009750 -0.146800
v -0.016486 -0.011250 -0.146800
v -0.016887 -0.012750 -0.146800
v -0.017986 -0.013848 -0.146800
v -0.016887 0.012750 -0.146800
v -0.016486 0.011250 -0.146800
v -0.014691 0.006337 -0.146800
v -0.024262 -0.007848 -0.146800
v -0.024000 -0.002598 -0.146800
v -0.025274 -0.003385 -0.146800
v -0.025098 -0.001500 -0.146800
v -0.016792 -0.019191 -0.146800
v -0.020986 -0.008652 -0.146800
v -0.022084 -0.009750 -0.146800
v -0.022486 -0.011250 -0.146800
v -0.022469 -0.012058 -0.146800
v -0.015757 0.002778 -0.146800
v -0.019902 0.001500 -0.146800
v -0.015973 -0.000930 -0.146800
v -0.019500 0.000000 -0.146800
v -0.019902 -0.001500 -0.146800
v -0.021000 -0.002598 -0.146800
v -0.022500 -0.003000 -0.146800
v -0.015125 0.024893 -0.146800
v -0.019500 0.024893 -0.146800
v -0.019500 0.019900 -0.146800
v -0.000000 0.016243 -0.146800
v -0.007475 0.016243 -0.146800
v -0.003690 0.015569 -0.146800
v -0.012834 0.009555 -0.146800
v -0.010285 0.012257 -0.146800
v -0.007181 0.014298 -0.146800
v -0.000000 0.016000 -0.146800
v 0.003690 0.015569 -0.146800
v 0.007475 0.016243 -0.146800
v 0.007181 0.014298 -0.146800
v 0.010285 0.012257 -0.146800
v -0.007475 0.024893 -0.146800
v -0.009750 0.022084 -0.146800
v -0.008652 0.020986 -0.146800
v -0.008250 0.019486 -0.146800
v -0.008652 0.017986 -0.146800
v -0.012750 0.016887 -0.146800
v -0.011250 0.016486 -0.146800
v -0.009750 0.016887 -0.146800
v -0.011250 0.022486 -0.146800
v -0.012750 0.022084 -0.146800
v -0.013848 0.017986 -0.146800
v -0.014250 0.019486 -0.146800
v -0.013848 0.020986 -0.146800
v -0.000000 0.053500 -0.146800
v -0.007475 0.053500 -0.146800
v -0.005000 0.040700 -0.146800
v -0.003300 0.039000 -0.146800
v -0.000000 0.034000 -0.146800
v -0.003528 0.039850 -0.146800
v -0.004150 0.040472 -0.146800
v -0.003528 0.038150 -0.146800
v -0.004150 0.037528 -0.146800
v -0.007475 0.034000 -0.146800
v -0.005000 0.037300 -0.146800
v -0.005850 0.037528 -0.146800
v -0.006472 0.038150 -0.146800
v -0.006700 0.039000 -0.146800
v -0.006472 0.039850 -0.146800
v -0.005850 0.040472 -0.146800
v -0.015125 0.053500 -0.146800
v -0.018000 0.053500 -0.146800
v -0.019299 0.052750 -0.146800
v -0.018750 0.053299 -0.146800
v -0.003528 0.029850 -0.146800
v -0.003300 0.029000 -0.146800
v -0.000000 0.024893 -0.146800
v -0.006700 0.029000 -0.146800
v -0.006472 0.029850 -0.146800
v -0.005850 0.027528 -0.146800
v -0.006472 0.028150 -0.146800
v -0.003528 0.028150 -0.146800
v -0.004150 0.027528 -0.146800
v -0.005000 0.027300 -0.146800
v -0.005850 0.030472 -0.146800
v -0.005000 0.030700 -0.146800
v -0.004150 0.030472 -0.146800
v 0.005850 0.040472 -0.146800
v 0.006472 0.039850 -0.146800
v 0.007475 0.053500 -0.146800
v 0.007475 0.034000 -0.146800
v 0.006700 0.039000 -0.146800
v 0.006472 0.038150 -0.146800
v 0.004150 0.037528 -0.146800
v 0.005000 0.037300 -0.146800
v 0.005850 0.037528 -0.146800
v 0.004150 0.040472 -0.146800
v 0.005000 0.040700 -0.146800
v 0.003528 0.038150 -0.146800
v 0.003300 0.039000 -0.146800
v 0.003528 0.039850 -0.146800
v 0.005850 0.030472 -0.146800
v 0.006472 0.029850 -0.146800
v 0.007475 0.024893 -0.146800
v 0.006700 0.029000 -0.146800
v 0.006472 0.028150 -0.146800
v 0.005850 0.027528 -0.146800
v 0.005000 0.027300 -0.146800
v 0.004150 0.027528 -0.146800
v 0.003528 0.028150 -0.146800
v 0.003300 0.029000 -0.146800
v 0.003528 0.029850 -0.146800
v 0.004150 0.030472 -0.146800
v 0.005000 0.030700 -0.146800
v 0.015125 0.034000 -0.146800
v 0.008250 0.019486 -0.146800
v 0.008652 0.020986 -0.146800
v 0.014250 0.019486 -0.146800
v 0.013848 0.017986 -0.146800
v 0.009750 0.022084 -0.146800
v 0.011250 0.022486 -0.146800
v 0.012750 0.022084 -0.146800
v 0.013848 0.020986 -0.146800
v 0.012750 0.016887 -0.146800
v 0.011250 0.016486 -0.146800
v 0.009750 0.016887 -0.146800
v 0.008652 0.017986 -0.146800
v 0.001850 0.034000 -0.154800
v 0.001850 0.023593 -0.154800
v -0.001850 0.023593 -0.154800
v 0.003500 0.026402 -0.154800
v 0.005000 0.026000 -0.154800
v -0.015757 -0.002778 -0.154800
v -0.014691 -0.006337 -0.154800
v -0.016580 -0.005625 -0.154800
v -0.010285 -0.012257 -0.154800
v -0.008775 -0.013805 -0.154800
v -0.013805 -0.013805 -0.154800
v -0.007181 -0.014298 -0.154800
v 0.005472 0.015035 -0.154800
v 0.008775 0.013805 -0.154800
v 0.008792 0.013368 -0.154800
v 0.019500 0.052000 -0.154800
v 0.019500 0.034000 -0.154800
v 0.019293 0.034000 -0.154800
v 0.024850 0.005721 -0.154800
v 0.022693 0.005625 -0.154800
v 0.023427 0.010070 -0.154800
v 0.022469 -0.012058 -0.154800
v 0.022693 -0.005625 -0.154800
v 0.024262 -0.007848 -0.154800
v 0.008969 -0.023871 -0.154800
v 0.008775 -0.022693 -0.154800
v 0.013091 -0.021883 -0.154800
v -0.013091 -0.021883 -0.154800
v -0.008775 -0.022693 -0.154800
v -0.008969 -0.023871 -0.154800
v -0.019952 -0.015880 -0.154800
v -0.019293 -0.013805 -0.154800
v -0.019342 -0.016617 -0.154800
v -0.019500 0.019900 -0.154800
v -0.019500 0.023593 -0.154800
v -0.019293 0.023593 -0.154800
v 0.012722 -0.020336 -0.154800
v 0.012950 -0.019486 -0.154800
v 0.013805 -0.019293 -0.154800
v 0.018636 0.009778 -0.154800
v 0.019486 0.009550 -0.154800
v 0.019293 0.005625 -0.154800
v -0.020336 0.009778 -0.154800
v -0.019486 0.009550 -0.154800
v -0.019293 0.005625 -0.154800
v 0.000850 -0.021028 -0.154800
v -0.000000 -0.020800 -0.154800
v -0.001850 -0.019293 -0.154800
v -0.000850 -0.021028 -0.154800
v -0.001472 -0.021650 -0.154800
v -0.001850 -0.022693 -0.154800
v 0.004558 -0.025089 -0.154800
v 0.001472 -0.023350 -0.154800
v 0.001850 -0.022693 -0.154800
v 0.001700 -0.022500 -0.154800
v 0.001850 -0.019293 -0.154800
v 0.001472 -0.021650 -0.154800
v -0.001700 -0.022500 -0.154800
v -0.001472 -0.023350 -0.154800
v -0.004558 -0.025089 -0.154800
v -0.000850 -0.023972 -0.154800
v -0.000000 -0.025500 -0.154800
v -0.000000 -0.024200 -0.154800
v 0.000850 -0.023972 -0.154800
v -0.012950 -0.019486 -0.154800
v -0.013805 -0.019293 -0.154800
v -0.012722 -0.018636 -0.154800
v -0.013805 -0.016580 -0.154800
v -0.012100 -0.018013 -0.154800
v -0.011250 -0.017786 -0.154800
v -0.008775 -0.016580 -0.154800
v -0.010400 -0.018013 -0.154800
v -0.013843 -0.021416 -0.154800
v -0.012722 -0.020336 -0.154800
v -0.009778 -0.020336 -0.154800
v -0.008775 -0.019293 -0.154800
v -0.009550 -0.019486 -0.154800
v -0.009778 -0.018636 -0.154800
v -0.012100 -0.020958 -0.154800
v -0.011250 -0.021186 -0.154800
v -0.010400 -0.020958 -0.154800
v -0.022469 -0.012058 -0.154800
v -0.024262 -0.007848 -0.154800
v -0.020958 -0.010400 -0.154800
v -0.021186 -0.011250 -0.154800
v -0.020958 -0.012100 -0.154800
v -0.020336 -0.012722 -0.154800
v -0.017786 -0.011250 -0.154800
v -0.018013 -0.010400 -0.154800
v -0.017473 -0.005625 -0.154800
v -0.018636 -0.009778 -0.154800
v -0.019293 -0.005625 -0.154800
v -0.019486 -0.009550 -0.154800
v -0.020336 -0.009778 -0.154800
v -0.019486 -0.012950 -0.154800
v -0.018636 -0.012722 -0.154800
v -0.017473 -0.013805 -0.154800
v -0.018013 -0.012100 -0.154800
v -0.020958 0.010400 -0.154800
v -0.024850 0.005721 -0.154800
v -0.021186 0.011250 -0.154800
v -0.023427 0.010070 -0.154800
v -0.020958 0.012100 -0.154800
v -0.021250 0.014096 -0.154800
v -0.020336 0.012722 -0.154800
v -0.017473 0.005625 -0.154800
v -0.019486 0.012950 -0.154800
v -0.019293 0.013805 -0.154800
v -0.018636 0.012722 -0.154800
v -0.017473 0.013805 -0.154800
v -0.018013 0.012100 -0.154800
v -0.017786 0.011250 -0.154800
v -0.018636 0.009778 -0.154800
v -0.018013 0.010400 -0.154800
v 0.020336 0.009778 -0.154800
v 0.020958 0.010400 -0.154800
v 0.021186 0.011250 -0.154800
v 0.021250 0.014096 -0.154800
v 0.020958 0.012100 -0.154800
v 0.020336 0.012722 -0.154800
v 0.019293 0.013805 -0.154800
v 0.019486 0.012950 -0.154800
v 0.016580 0.013805 -0.154800
v 0.018636 0.012722 -0.154800
v 0.018013 0.010400 -0.154800
v 0.016580 0.005625 -0.154800
v 0.017786 0.011250 -0.154800
v 0.018013 0.012100 -0.154800
v 0.021650 0.001472 -0.154800
v 0.021028 0.000850 -0.154800
v 0.020800 0.000000 -0.154800
v 0.019293 -0.005625 -0.154800
v 0.021028 -0.000850 -0.154800
v 0.021650 -0.001472 -0.154800
v 0.025274 -0.003385 -0.154800
v 0.022500 0.001700 -0.154800
v 0.023350 0.001472 -0.154800
v 0.023972 0.000850 -0.154800
v 0.025472 0.001187 -0.154800
v 0.024200 0.000000 -0.154800
v 0.023972 -0.000850 -0.154800
v 0.023350 -0.001472 -0.154800
v 0.022500 -0.001700 -0.154800
v 0.020336 -0.009778 -0.154800
v 0.021186 -0.011250 -0.154800
v 0.020958 -0.010400 -0.154800
v 0.018636 -0.009778 -0.154800
v 0.018013 -0.010400 -0.154800
v 0.016580 -0.005625 -0.154800
v 0.019486 -0.009550 -0.154800
v 0.017786 -0.011250 -0.154800
v 0.018013 -0.012100 -0.154800
v 0.016580 -0.013805 -0.154800
v 0.018636 -0.012722 -0.154800
v 0.019293 -0.013805 -0.154800
v 0.019486 -0.012950 -0.154800
v 0.019952 -0.015880 -0.154800
v 0.020336 -0.012722 -0.154800
v 0.020958 -0.012100 -0.154800
v 0.011250 -0.017786 -0.154800
v 0.008775 -0.016580 -0.154800
v 0.013805 -0.016580 -0.154800
v 0.012722 -0.018636 -0.154800
v 0.012100 -0.018013 -0.154800
v 0.010400 -0.018013 -0.154800
v 0.009778 -0.018636 -0.154800
v 0.008775 -0.019293 -0.154800
v 0.009550 -0.019486 -0.154800
v 0.009778 -0.020336 -0.154800
v 0.010400 -0.020958 -0.154800
v 0.011250 -0.021186 -0.154800
v 0.012100 -0.020958 -0.154800
v 0.013843 -0.021416 -0.154800
v -0.019500 0.034000 -0.154800
v -0.019293 0.034000 -0.154800
v -0.019293 0.017473 -0.154800
v -0.019947 0.016869 -0.154800
v -0.025274 -0.003385 -0.154800
v -0.025472 0.001187 -0.154800
v -0.024200 0.000000 -0.154800
v -0.021028 -0.000850 -0.154800
v -0.020800 0.000000 -0.154800
v -0.021028 0.000850 -0.154800
v -0.021650 0.001472 -0.154800
v -0.023972 -0.000850 -0.154800
v -0.023350 -0.001472 -0.154800
v -0.022500 -0.001700 -0.154800
v -0.021650 -0.001472 -0.154800
v -0.022500 0.001700 -0.154800
v -0.023350 0.001472 -0.154800
v -0.023972 0.000850 -0.154800
v -0.017473 -0.016580 -0.154800
v -0.019333 -0.016627 -0.154800
v -0.017523 -0.018525 -0.154800
v -0.016660 -0.019305 -0.154800
v -0.016580 -0.019293 -0.154800
v -0.016593 -0.019363 -0.154800
v 0.016580 -0.019293 -0.154800
v 0.016593 -0.019363 -0.154800
v 0.016580 -0.016580 -0.154800
v 0.016792 -0.019191 -0.154800
v 0.016660 -0.019305 -0.154800
v 0.019342 -0.016617 -0.154800
v 0.019500 0.019900 -0.154800
v 0.019947 0.016869 -0.154800
v 0.019293 0.017473 -0.154800
v 0.019293 0.023593 -0.154800
v 0.019500 0.023593 -0.154800
v 0.016580 0.053500 -0.154800
v 0.018000 0.053500 -0.154800
v 0.016580 0.034000 -0.154800
v 0.018750 0.053299 -0.154800
v 0.019299 0.052750 -0.154800
v -0.019500 0.052000 -0.154800
v -0.019299 0.052750 -0.154800
v -0.017473 0.034000 -0.154800
v -0.018750 0.053299 -0.154800
v -0.018000 0.053500 -0.154800
v 0.011638 0.010980 -0.154800
v 0.013805 0.013805 -0.154800
v 0.013856 0.008000 -0.154800
v 0.014691 -0.006337 -0.154800
v 0.015757 -0.002778 -0.154800
v 0.015973 0.000930 -0.154800
v 0.015328 0.004589 -0.154800
v 0.013805 -0.013805 -0.154800
v 0.008775 -0.013805 -0.154800
v 0.010285 -0.012257 -0.154800
v 0.012834 -0.009555 -0.154800
v 0.003690 -0.015569 -0.154800
v 0.007181 -0.014298 -0.154800
v -0.016580 0.005625 -0.154800
v -0.015328 0.004589 -0.154800
v -0.015973 0.000930 -0.154800
v -0.016580 0.013805 -0.154800
v -0.013805 0.013805 -0.154800
v -0.013856 0.008000 -0.154800
v -0.008775 0.013805 -0.154800
v -0.008792 0.013368 -0.154800
v -0.011638 0.010980 -0.154800
v -0.005472 0.015035 -0.154800
v -0.008775 0.017473 -0.154800
v -0.001857 0.015892 -0.154800
v -0.001850 0.017473 -0.154800
v -0.000000 0.016000 -0.154800
v -0.016580 -0.013805 -0.154800
v -0.016535 -0.014827 -0.154800
v -0.016992 -0.015285 -0.154800
v -0.017160 -0.015910 -0.154800
v -0.016992 -0.016535 -0.154800
v -0.016535 -0.016992 -0.154800
v -0.016792 -0.019191 -0.154800
v -0.015910 -0.017160 -0.154800
v -0.015285 -0.016992 -0.154800
v -0.014827 -0.016535 -0.154800
v -0.014660 -0.015910 -0.154800
v -0.014827 -0.015285 -0.154800
v -0.015285 -0.014827 -0.154800
v -0.015910 -0.014660 -0.154800
v 0.013805 0.017473 -0.154800
v 0.016580 0.017473 -0.154800
v 0.015910 0.017160 -0.154800
v 0.015285 0.016992 -0.154800
v 0.014827 0.016535 -0.154800
v 0.014660 0.015910 -0.154800
v 0.014827 0.015285 -0.154800
v 0.015285 0.014827 -0.154800
v 0.015910 0.014660 -0.154800
v 0.016535 0.014827 -0.154800
v 0.016992 0.015285 -0.154800
v 0.017160 0.015910 -0.154800
v 0.016992 0.016535 -0.154800
v 0.016535 0.016992 -0.154800
v 0.013805 0.023593 -0.154800
v 0.016580 0.023593 -0.154800
v 0.012722 0.018636 -0.154800
v 0.012950 0.019486 -0.154800
v 0.011250 0.021186 -0.154800
v 0.010400 0.020958 -0.154800
v 0.008775 0.023593 -0.154800
v 0.009778 0.020336 -0.154800
v 0.009550 0.019486 -0.154800
v 0.008775 0.017473 -0.154800
v 0.009778 0.018636 -0.154800
v 0.012722 0.020336 -0.154800
v 0.012100 0.020958 -0.154800
v 0.010400 0.018013 -0.154800
v 0.011250 0.017786 -0.154800
v 0.012100 0.018013 -0.154800
v 0.013805 0.034000 -0.154800
v 0.001857 0.015892 -0.154800
v 0.001850 0.017473 -0.154800
v 0.003500 0.041598 -0.154800
v 0.002402 0.040500 -0.154800
v 0.001850 0.053500 -0.154800
v 0.002000 0.039000 -0.154800
v 0.002402 0.037500 -0.154800
v 0.007598 0.037500 -0.154800
v 0.008000 0.039000 -0.154800
v 0.008775 0.034000 -0.154800
v 0.008775 0.053500 -0.154800
v 0.013805 0.053500 -0.154800
v 0.003500 0.036402 -0.154800
v 0.005000 0.036000 -0.154800
v 0.006500 0.036402 -0.154800
v 0.007598 0.040500 -0.154800
v 0.006500 0.041598 -0.154800
v 0.005000 0.042000 -0.154800
v 0.008000 0.029000 -0.154800
v 0.007598 0.030500 -0.154800
v 0.006500 0.026402 -0.154800
v 0.007598 0.027500 -0.154800
v 0.006500 0.031598 -0.154800
v 0.005000 0.032000 -0.154800
v 0.003500 0.031598 -0.154800
v 0.002402 0.030500 -0.154800
v 0.002000 0.029000 -0.154800
v 0.002402 0.027500 -0.154800
v 0.001850 -0.016580 -0.154800
v -0.000000 -0.016000 -0.154800
v -0.001850 0.034000 -0.154800
v -0.001850 0.053500 -0.154800
v -0.001850 -0.016580 -0.154800
v -0.003690 -0.015569 -0.154800
v -0.008775 0.053500 -0.154800
v -0.007598 0.040500 -0.154800
v -0.008000 0.039000 -0.154800
v -0.002402 0.040500 -0.154800
v -0.002000 0.039000 -0.154800
v -0.002402 0.037500 -0.154800
v -0.003500 0.041598 -0.154800
v -0.005000 0.042000 -0.154800
v -0.006500 0.041598 -0.154800
v -0.007598 0.037500 -0.154800
v -0.006500 0.036402 -0.154800
v -0.008775 0.034000 -0.154800
v -0.005000 0.036000 -0.154800
v -0.003500 0.036402 -0.154800
v -0.002000 0.029000 -0.154800
v -0.002402 0.030500 -0.154800
v -0.008775 0.023593 -0.154800
v -0.007598 0.027500 -0.154800
v -0.006500 0.026402 -0.154800
v -0.007598 0.030500 -0.154800
v -0.008000 0.029000 -0.154800
v -0.005000 0.026000 -0.154800
v -0.003500 0.026402 -0.154800
v -0.002402 0.027500 -0.154800
v -0.003500 0.031598 -0.154800
v -0.005000 0.032000 -0.154800
v -0.006500 0.031598 -0.154800
v -0.009778 0.018636 -0.154800
v -0.009550 0.019486 -0.154800
v -0.009778 0.020336 -0.154800
v -0.010400 0.020958 -0.154800
v -0.011250 0.021186 -0.154800
v -0.013805 0.023593 -0.154800
v -0.012100 0.020958 -0.154800
v -0.012722 0.020336 -0.154800
v -0.012950 0.019486 -0.154800
v -0.012722 0.018636 -0.154800
v -0.012100 0.018013 -0.154800
v -0.013805 0.017473 -0.154800
v -0.011250 0.017786 -0.154800
v -0.010400 0.018013 -0.154800
v -0.017473 0.053500 -0.154800
v -0.016580 0.053500 -0.154800
v -0.016580 0.034000 -0.154800
v -0.013805 0.053500 -0.154800
v -0.013805 0.034000 -0.154800
v -0.012834 -0.009555 -0.154800
v -0.017473 0.023593 -0.154800
v -0.016580 0.023593 -0.154800
v -0.017473 0.017473 -0.154800
v -0.016580 0.017473 -0.154800
v -0.000000 -0.020800 -0.150200
v -0.000850 -0.021028 -0.150200
v -0.001472 -0.021650 -0.150200
v -0.001700 -0.022500 -0.150200
v -0.001472 -0.023350 -0.150200
v -0.000850 -0.023972 -0.150200
v -0.000000 -0.024200 -0.150200
v 0.000850 -0.023972 -0.150200
v 0.001472 -0.023350 -0.150200
v 0.001700 -0.022500 -0.150200
v 0.001472 -0.021650 -0.150200
v 0.000850 -0.021028 -0.150200
v 0.001500 -0.025098 -0.150200
v 0.002598 -0.024000 -0.150200
v 0.003000 -0.022500 -0.150200
v 0.002598 -0.021000 -0.150200
v 0.001500 -0.019902 -0.150200
v -0.000000 -0.020800 -0.150200
v -0.000000 -0.019500 -0.150200
v -0.001500 -0.019902 -0.150200
v -0.002598 -0.021000 -0.150200
v -0.003000 -0.022500 -0.150200
v -0.002598 -0.024000 -0.150200
v -0.001500 -0.025098 -0.150200
v -0.000000 -0.024200 -0.150200
v -0.000000 -0.025500 -0.150200
v -0.000000 -0.019500 -0.150200
v -0.000000 -0.025500 -0.150200
v -0.000000 -0.025500 -0.146800
v -0.011250 -0.017786 -0.150200
v -0.012100 -0.018013 -0.150200
v -0.012722 -0.018636 -0.150200
v -0.012950 -0.019486 -0.150200
v -0.012722 -0.020336 -0.150200
v -0.012100 -0.020958 -0.150200
v -0.011250 -0.021186 -0.150200
v -0.010400 -0.020958 -0.150200
v -0.009778 -0.020336 -0.150200
v -0.009550 -0.019486 -0.150200
v -0.009778 -0.018636 -0.150200
v -0.010400 -0.018013 -0.150200
v -0.012750 -0.016887 -0.150200
v -0.013848 -0.017986 -0.150200
v -0.014250 -0.019486 -0.150200
v -0.013848 -0.020986 -0.150200
v -0.012750 -0.022084 -0.150200
v -0.011250 -0.022486 -0.150200
v -0.009750 -0.022084 -0.150200
v -0.008652 -0.020986 -0.150200
v -0.008250 -0.019486 -0.150200
v -0.008652 -0.017986 -0.150200
v -0.009750 -0.016887 -0.150200
v -0.011250 -0.016486 -0.150200
v -0.019486 -0.009550 -0.150200
v -0.020336 -0.009778 -0.150200
v -0.020958 -0.010400 -0.150200
v -0.021186 -0.011250 -0.150200
v -0.020958 -0.012100 -0.150200
v -0.020336 -0.012722 -0.150200
v -0.019486 -0.012950 -0.150200
v -0.018636 -0.012722 -0.150200
v -0.018013 -0.012100 -0.150200
v -0.017786 -0.011250 -0.150200
v -0.018013 -0.010400 -0.150200
v -0.018636 -0.009778 -0.150200
v -0.017986 -0.013848 -0.150200
v -0.016887 -0.012750 -0.150200
v -0.016486 -0.011250 -0.150200
v -0.016887 -0.009750 -0.150200
v -0.017986 -0.008652 -0.150200
v -0.019486 -0.008250 -0.150200
v -0.020986 -0.008652 -0.150200
v -0.022084 -0.009750 -0.150200
v -0.022486 -0.011250 -0.150200
v -0.022084 -0.012750 -0.150200
v -0.020986 -0.013848 -0.150200
v -0.019486 -0.014250 -0.150200
v -0.022500 0.001700 -0.150200
v -0.023350 0.001472 -0.150200
v -0.023972 0.000850 -0.150200
v -0.024200 0.000000 -0.150200
v -0.023972 -0.000850 -0.150200
v -0.023350 -0.001472 -0.150200
v -0.022500 -0.001700 -0.150200
v -0.021650 -0.001472 -0.150200
v -0.021028 -0.000850 -0.150200
v -0.020800 0.000000 -0.150200
v -0.021028 0.000850 -0.150200
v -0.021650 0.001472 -0.150200
v -0.021000 -0.002598 -0.150200
v -0.019902 -0.001500 -0.150200
v -0.019500 0.000000 -0.150200
v -0.019902 0.001500 -0.150200
v -0.021000 0.002598 -0.150200
v -0.022500 0.003000 -0.150200
v -0.024000 0.002598 -0.150200
v -0.025098 0.001500 -0.150200
v -0.025500 0.000000 -0.150200
v -0.025098 -0.001500 -0.150200
v -0.024000 -0.002598 -0.150200
v -0.022500 -0.003000 -0.150200
v -0.025500 0.000000 -0.146800
v -0.019486 0.012950 -0.150200
v -0.020336 0.012722 -0.150200
v -0.020958 0.012100 -0.150200
v -0.021186 0.011250 -0.150200
v -0.020958 0.010400 -0.150200
v -0.020336 0.009778 -0.150200
v -0.019486 0.009550 -0.150200
v -0.018636 0.009778 -0.150200
v -0.018013 0.010400 -0.150200
v -0.017786 0.011250 -0.150200
v -0.018013 0.012100 -0.150200
v -0.018636 0.012722 -0.150200
v -0.022486 0.011250 -0.150200
v -0.022084 0.009750 -0.150200
v -0.020986 0.008652 -0.150200
v -0.019486 0.008250 -0.150200
v -0.017986 0.008652 -0.150200
v -0.016887 0.009750 -0.150200
v -0.016486 0.011250 -0.150200
v -0.016887 0.012750 -0.150200
v -0.017986 0.013848 -0.150200
v -0.019486 0.014250 -0.150200
v -0.020986 0.013848 -0.150200
v -0.022084 0.012750 -0.150200
v -0.011250 0.021186 -0.150200
v -0.012100 0.020958 -0.150200
v -0.012722 0.020336 -0.150200
v -0.012950 0.019486 -0.150200
v -0.012722 0.018636 -0.150200
v -0.012100 0.018013 -0.150200
v -0.011250 0.017786 -0.150200
v -0.010400 0.018013 -0.150200
v -0.009778 0.018636 -0.150200
v -0.009550 0.019486 -0.150200
v -0.009778 0.020336 -0.150200
v -0.010400 0.020958 -0.150200
v -0.012750 0.022084 -0.150200
v -0.013848 0.020986 -0.150200
v -0.014250 0.019486 -0.150200
v -0.013848 0.017986 -0.150200
v -0.012750 0.016887 -0.150200
v -0.011250 0.016486 -0.150200
v -0.009750 0.016887 -0.150200
v -0.008652 0.017986 -0.150200
v -0.008250 0.019486 -0.150200
v -0.008652 0.020986 -0.150200
v -0.009750 0.022084 -0.150200
v -0.011250 0.022486 -0.150200
v 0.011250 0.021186 -0.150200
v 0.010400 0.020958 -0.150200
v 0.009778 0.020336 -0.150200
v 0.009550 0.019486 -0.150200
v 0.009778 0.018636 -0.150200
v 0.010400 0.018013 -0.150200
v 0.011250 0.017786 -0.150200
v 0.012100 0.018013 -0.150200
v 0.012722 0.018636 -0.150200
v 0.012950 0.019486 -0.150200
v 0.012722 0.020336 -0.150200
v 0.012100 0.020958 -0.150200
v 0.009750 0.022084 -0.150200
v 0.008652 0.020986 -0.150200
v 0.008250 0.019486 -0.150200
v 0.008652 0.017986 -0.150200
v 0.009750 0.016887 -0.150200
v 0.011250 0.016486 -0.150200
v 0.012750 0.016887 -0.150200
v 0.013848 0.017986 -0.150200
v 0.014250 0.019486 -0.150200
v 0.013848 0.020986 -0.150200
v 0.012750 0.022084 -0.150200
v 0.011250 0.022486 -0.150200
v 0.019486 0.012950 -0.150200
v 0.018636 0.012722 -0.150200
v 0.018013 0.012100 -0.150200
v 0.017786 0.011250 -0.150200
v 0.018013 0.010400 -0.150200
v 0.018636 0.009778 -0.150200
v 0.019486 0.009550 -0.150200
v 0.020336 0.009778 -0.150200
v 0.020958 0.010400 -0.150200
v 0.021186 0.011250 -0.150200
v 0.020958 0.012100 -0.150200
v 0.020336 0.012722 -0.150200
v 0.016486 0.011250 -0.150200
v 0.016887 0.009750 -0.150200
v 0.017986 0.008652 -0.150200
v 0.019486 0.008250 -0.150200
v 0.020986 0.008652 -0.150200
v 0.022084 0.009750 -0.150200
v 0.022486 0.011250 -0.150200
v 0.022084 0.012750 -0.150200
v 0.020986 0.013848 -0.150200
v 0.019486 0.014250 -0.150200
v 0.017986 0.013848 -0.150200
v 0.016887 0.012750 -0.150200
v 0.022500 0.001700 -0.150200
v 0.021650 0.001472 -0.150200
v 0.021028 0.000850 -0.150200
v 0.020800 0.000000 -0.150200
v 0.021028 -0.000850 -0.150200
v 0.021650 -0.001472 -0.150200
v 0.022500 -0.001700 -0.150200
v 0.023350 -0.001472 -0.150200
v 0.023972 -0.000850 -0.150200
v 0.024200 0.000000 -0.150200
v 0.023972 0.000850 -0.150200
v 0.023350 0.001472 -0.150200
v 0.024000 -0.002598 -0.150200
v 0.025098 -0.001500 -0.150200
v 0.025500 0.000000 -0.150200
v 0.025098 0.001500 -0.150200
v 0.024000 0.002598 -0.150200
v 0.022500 0.003000 -0.150200
v 0.021000 0.002598 -0.150200
v 0.019902 0.001500 -0.150200
v 0.019500 0.000000 -0.150200
v 0.019902 -0.001500 -0.150200
v 0.021000 -0.002598 -0.150200
v 0.022500 -0.003000 -0.150200
v 0.025500 0.000000 -0.146800
v 0.019486 -0.009550 -0.150200
v 0.018636 -0.009778 -0.150200
v 0.018013 -0.010400 -0.150200
v 0.017786 -0.011250 -0.150200
v 0.018013 -0.012100 -0.150200
v 0.018636 -0.012722 -0.150200
v 0.019486 -0.012950 -0.150200
v 0.020336 -0.012722 -0.150200
v 0.020958 -0.012100 -0.150200
v 0.021186 -0.011250 -0.150200
v 0.020958 -0.010400 -0.150200
v 0.020336 -0.009778 -0.150200
v 0.016486 -0.011250 -0.150200
v 0.016887 -0.012750 -0.150200
v 0.017986 -0.013848 -0.150200
v 0.019486 -0.014250 -0.150200
v 0.020986 -0.013848 -0.150200
v 0.022084 -0.012750 -0.150200
v 0.022486 -0.011250 -0.150200
v 0.022084 -0.009750 -0.150200
v 0.020986 -0.008652 -0.150200
v 0.019486 -0.008250 -0.150200
v 0.017986 -0.008652 -0.150200
v 0.016887 -0.009750 -0.150200
v 0.011250 -0.017786 -0.150200
v 0.010400 -0.018013 -0.150200
v 0.009778 -0.018636 -0.150200
v 0.009550 -0.019486 -0.150200
v 0.009778 -0.020336 -0.150200
v 0.010400 -0.020958 -0.150200
v 0.011250 -0.021186 -0.150200
v 0.012100 -0.020958 -0.150200
v 0.012722 -0.020336 -0.150200
v 0.012950 -0.019486 -0.150200
v 0.012722 -0.018636 -0.150200
v 0.012100 -0.018013 -0.150200
v 0.009750 -0.016887 -0.150200
v 0.008652 -0.017986 -0.150200
v 0.008250 -0.019486 -0.150200
v 0.008652 -0.020986 -0.150200
v 0.009750 -0.022084 -0.150200
v 0.011250 -0.022486 -0.150200
v 0.012750 -0.022084 -0.150200
v 0.013848 -0.020986 -0.150200
v 0.014250 -0.019486 -0.150200
v 0.013848 -0.017986 -0.150200
v 0.012750 -0.016887 -0.150200
v 0.011250 -0.016486 -0.150200
v 0.020426 0.017013 -0.147300
v 0.020426 0.017013 -0.154300
v -0.020426 0.017013 -0.147300
v -0.020426 0.017013 -0.154300
v -0.019732 0.053000 -0.147300
v -0.019732 0.053000 -0.154300
v -0.019000 0.053732 -0.147300
v -0.019000 0.053732 -0.154300
v 0.019732 0.053000 -0.154300
v 0.019732 0.053000 -0.147300
v 0.019000 0.053732 -0.154300
v 0.019000 0.053732 -0.147300
v -0.000000 -0.026000 -0.147300
v -0.000000 -0.025500 -0.146800
v -0.000000 -0.026000 -0.154300
v -0.000000 -0.025500 -0.154800
v -0.001799 -0.015395 -0.147300
v -0.000000 -0.015500 -0.154300
v -0.003575 -0.015082 -0.154300
v -0.003709 -0.015050 -0.147300
v -0.003709 -0.015050 -0.154300
v -0.005301 -0.014565 -0.147300
v -0.006956 -0.013851 -0.154300
v -0.007203 -0.013725 -0.147300
v -0.007203 -0.013725 -0.154300
v -0.008517 -0.012950 -0.147300
v -0.009963 -0.011874 -0.154300
v -0.010278 -0.011602 -0.147300
v -0.010278 -0.011602 -0.154300
v -0.011274 -0.010637 -0.147300
v -0.012433 -0.009256 -0.154300
v -0.012756 -0.008805 -0.147300
v -0.012756 -0.008805 -0.154300
v -0.013423 -0.007750 -0.147300
v -0.014232 -0.006139 -0.154300
v -0.014493 -0.005496 -0.147300
v -0.014493 -0.005496 -0.154300
v -0.014849 -0.004445 -0.147300
v -0.015265 -0.002692 -0.154300
v -0.015387 -0.001868 -0.147300
v -0.015387 -0.001868 -0.154300
v -0.015474 -0.000901 -0.147300
v -0.015474 0.000901 -0.154300
v -0.015387 0.001868 -0.147300
v -0.015387 0.001868 -0.154300
v -0.015265 0.002692 -0.147300
v -0.014849 0.004445 -0.154300
v -0.014493 0.005496 -0.147300
v -0.014493 0.005496 -0.154300
v -0.014232 0.006139 -0.147300
v -0.013423 0.007750 -0.154300
v -0.012756 0.008805 -0.147300
v -0.012756 0.008805 -0.154300
v -0.012433 0.009256 -0.147300
v -0.011274 0.010637 -0.154300
v -0.010278 0.011602 -0.147300
v -0.010278 0.011602 -0.154300
v -0.009963 0.011874 -0.147300
v -0.008517 0.012950 -0.154300
v -0.007203 0.013725 -0.147300
v -0.007203 0.013725 -0.154300
v -0.006956 0.013851 -0.147300
v -0.005301 0.014565 -0.154300
v -0.003709 0.015050 -0.147300
v -0.003709 0.015050 -0.154300
v -0.003575 0.015082 -0.147300
v -0.001799 0.015395 -0.154300
v -0.000000 0.015500 -0.147300
v -0.000000 -0.015500 -0.147300
v 0.001799 -0.015395 -0.147300
v 0.003575 -0.015082 -0.154300
v 0.003709 -0.015050 -0.147300
v 0.003709 -0.015050 -0.154300
v 0.005301 -0.014565 -0.147300
v 0.006956 -0.013851 -0.154300
v 0.007203 -0.013725 -0.147300
v 0.007203 -0.013725 -0.154300
v 0.008517 -0.012950 -0.147300
v 0.009963 -0.011874 -0.154300
v 0.010278 -0.011602 -0.147300
v 0.010278 -0.011602 -0.154300
v 0.011274 -0.010637 -0.147300
v 0.012433 -0.009256 -0.154300
v 0.012756 -0.008805 -0.147300
v 0.012756 -0.008805 -0.154300
v 0.013423 -0.007750 -0.147300
v 0.014232 -0.006139 -0.154300
v 0.014493 -0.005496 -0.147300
v 0.014493 -0.005496 -0.154300
v 0.014849 -0.004445 -0.147300
v 0.015265 -0.002692 -0.154300
v 0.015387 -0.001868 -0.147300
v 0.015387 -0.001868 -0.154300
v 0.015474 -0.000901 -0.147300
v 0.015474 0.000901 -0.154300
v 0.015387 0.001868 -0.147300
v 0.015387 0.001868 -0.154300
v 0.015265 0.002692 -0.147300
v 0.014849 0.004445 -0.154300
v 0.014493 0.005496 -0.147300
v 0.014493 0.005496 -0.154300
v 0.014232 0.006139 -0.147300
v 0.013423 0.007750 -0.154300
v 0.012756 0.008805 -0.147300
v 0.012756 0.008805 -0.154300
v 0.012433 0.009256 -0.147300
v 0.011274 0.010637 -0.154300
v 0.010278 0.011602 -0.147300
v 0.010278 0.011602 -0.154300
v 0.009963 0.011874 -0.147300
v 0.008517 0.012950 -0.154300
v 0.007203 0.013725 -0.147300
v 0.007203 0.013725 -0.154300
v 0.006956 0.013851 -0.147300
v 0.005301 0.014565 -0.154300
v 0.003709 0.015050 -0.147300
v 0.003709 0.015050 -0.154300
v 0.003575 0.015082 -0.147300
v 0.001799 0.015395 -0.154300
v -0.000000 0.015500 -0.154300
v 0.005000 0.037300 -0.151400
v 0.004150 0.037528 -0.151400
v 0.003528 0.038150 -0.151400
v 0.003300 0.039000 -0.151400
v 0.003528 0.039850 -0.151400
v 0.004150 0.040472 -0.151400
v 0.005000 0.040700 -0.151400
v 0.005850 0.040472 -0.151400
v 0.006472 0.039850 -0.151400
v 0.006700 0.039000 -0.151400
v 0.006472 0.038150 -0.151400
v 0.005850 0.037528 -0.151400
v 0.005000 0.042000 -0.151400
v 0.006500 0.041598 -0.151400
v 0.007598 0.040500 -0.151400
v 0.008000 0.039000 -0.151400
v 0.007598 0.037500 -0.151400
v 0.006500 0.036402 -0.151400
v 0.005000 0.036000 -0.151400
v 0.003500 0.036402 -0.151400
v 0.002402 0.037500 -0.151400
v 0.002000 0.039000 -0.151400
v 0.002402 0.040500 -0.151400
v 0.003500 0.041598 -0.151400
v -0.005000 0.037300 -0.151400
v -0.005850 0.037528 -0.151400
v -0.006472 0.038150 -0.151400
v -0.006700 0.039000 -0.151400
v -0.006472 0.039850 -0.151400
v -0.005850 0.040472 -0.151400
v -0.005000 0.040700 -0.151400
v -0.004150 0.040472 -0.151400
v -0.003528 0.039850 -0.151400
v -0.003300 0.039000 -0.151400
v -0.003528 0.038150 -0.151400
v -0.004150 0.037528 -0.151400
v -0.005000 0.042000 -0.151400
v -0.003500 0.041598 -0.151400
v -0.002402 0.040500 -0.151400
v -0.002000 0.039000 -0.151400
v -0.002402 0.037500 -0.151400
v -0.003500 0.036402 -0.151400
v -0.005000 0.036000 -0.151400
v -0.006500 0.036402 -0.151400
v -0.007598 0.037500 -0.151400
v -0.008000 0.039000 -0.151400
v -0.007598 0.040500 -0.151400
v -0.006500 0.041598 -0.151400
v -0.005000 0.027300 -0.151400
v -0.005850 0.027528 -0.151400
v -0.006472 0.028150 -0.151400
v -0.006700 0.029000 -0.151400
v -0.006472 0.029850 -0.151400
v -0.005850 0.030472 -0.151400
v -0.005000 0.030700 -0.151400
v -0.004150 0.030472 -0.151400
v -0.003528 0.029850 -0.151400
v -0.003300 0.029000 -0.151400
v -0.003528 0.028150 -0.151400
v -0.004150 0.027528 -0.151400
v -0.006500 0.026402 -0.151400
v -0.007598 0.027500 -0.151400
v -0.008000 0.029000 -0.151400
v -0.007598 0.030500 -0.151400
v -0.006500 0.031598 -0.151400
v -0.005000 0.032000 -0.151400
v -0.003500 0.031598 -0.151400
v -0.002402 0.030500 -0.151400
v -0.002000 0.029000 -0.151400
v -0.002402 0.027500 -0.151400
v -0.003500 0.026402 -0.151400
v -0.005000 0.026000 -0.151400
v 0.005000 0.027300 -0.151400
v 0.004150 0.027528 -0.151400
v 0.003528 0.028150 -0.151400
v 0.003300 0.029000 -0.151400
v 0.003528 0.029850 -0.151400
v 0.004150 0.030472 -0.151400
v 0.005000 0.030700 -0.151400
v 0.005850 0.030472 -0.151400
v 0.006472 0.029850 -0.151400
v 0.006700 0.029000 -0.151400
v 0.006472 0.028150 -0.151400
v 0.005850 0.027528 -0.151400
v 0.003500 0.026402 -0.151400
v 0.002402 0.027500 -0.151400
v 0.002000 0.029000 -0.151400
v 0.002402 0.030500 -0.151400
v 0.003500 0.031598 -0.151400
v 0.005000 0.032000 -0.151400
v 0.006500 0.031598 -0.151400
v 0.007598 0.030500 -0.151400
v 0.008000 0.029000 -0.151400
v 0.007598 0.027500 -0.151400
v 0.006500 0.026402 -0.151400
v 0.005000 0.026000 -0.151400
v -0.000000 0.016000 -0.154800
v -0.000000 -0.015500 -0.154300
v -0.000000 0.015500 -0.147300
v -0.015910 -0.015910 -0.151049
v -0.016535 -0.016992 -0.151800
v -0.016992 -0.016535 -0.151800
v -0.015910 -0.017160 -0.151800
v -0.016992 -0.015285 -0.151800
v -0.016535 -0.014827 -0.151800
v -0.017160 -0.015910 -0.151800
v -0.015285 -0.014827 -0.151800
v -0.014827 -0.015285 -0.151800
v -0.015910 -0.014660 -0.151800
v -0.014827 -0.016535 -0.151800
v -0.015285 -0.016992 -0.151800
v -0.014660 -0.015910 -0.151800
v 0.015910 0.015910 -0.151049
v 0.015285 0.014827 -0.151800
v 0.014827 0.015285 -0.151800
v 0.015910 0.014660 -0.151800
v 0.014827 0.016535 -0.151800
v 0.015285 0.016992 -0.151800
v 0.014660 0.015910 -0.151800
v 0.016535 0.016992 -0.151800
v 0.016992 0.016535 -0.151800
v 0.015910 0.017160 -0.151800
v 0.016992 0.015285 -0.151800
v 0.016535 0.014827 -0.151800
v 0.017160 0.015910 -0.151800
v 0.011500 0.051750 -0.125976
v 0.011500 0.051750 -0.113570
v 0.011179 0.051708 -0.113659
v 0.011171 0.051706 -0.126004
v 0.010875 0.051583 -0.113723
v 0.010875 0.051583 -0.126081
v 0.010617 0.051385 -0.113762
v 0.010417 0.051125 -0.126326
v 0.010417 0.051125 -0.113783
v 0.010293 0.050824 -0.113791
v 0.010250 0.050500 -0.126570
v 0.010250 0.050500 -0.113794
v 0.010292 0.050179 -0.126659
v 0.010293 0.050176 -0.113791
v 0.010417 0.049875 -0.126723
v 0.010417 0.049875 -0.113783
v 0.010616 0.049616 -0.126762
v 0.010617 0.049616 -0.113762
v 0.010875 0.049417 -0.126783
v 0.010875 0.049417 -0.113723
v 0.011176 0.049293 -0.126791
v 0.011437 0.049252 -0.113589
v 0.011500 0.049250 -0.126794
v 0.011500 0.049250 -0.113570
v 0.011824 0.049293 -0.126791
v 0.011731 0.049271 -0.113491
v 0.012125 0.049417 -0.126783
v 0.012125 0.049417 -0.113326
v 0.012384 0.049617 -0.126762
v 0.012583 0.049875 -0.113081
v 0.012583 0.049875 -0.126723
v 0.012708 0.050180 -0.126659
v 0.012706 0.050173 -0.113004
v 0.012750 0.050500 -0.126570
v 0.012750 0.050500 -0.112976
v 0.012706 0.050827 -0.113004
v 0.012583 0.051125 -0.126326
v 0.012583 0.051125 -0.113081
v 0.012125 0.051583 -0.113326
v 0.012125 0.051583 -0.126081
v 0.011827 0.051706 -0.126004
v -0.011829 0.051706 -0.126004
v -0.012125 0.051583 -0.113326
v -0.012125 0.051583 -0.126081
v -0.012583 0.051125 -0.113081
v -0.012583 0.051125 -0.126326
v -0.012706 0.050827 -0.113004
v -0.012750 0.050500 -0.126570
v -0.012750 0.050500 -0.112976
v -0.012706 0.050173 -0.113004
v -0.012708 0.050179 -0.126659
v -0.012583 0.049875 -0.113081
v -0.012583 0.049875 -0.126723
v -0.012384 0.049616 -0.126762
v -0.012125 0.049417 -0.113326
v -0.012125 0.049417 -0.126783
v -0.011824 0.049293 -0.126791
v -0.011500 0.049250 -0.113570
v -0.011500 0.049250 -0.126794
v -0.011176 0.049293 -0.126791
v -0.011437 0.049252 -0.113589
v -0.010875 0.049417 -0.126783
v -0.010875 0.049417 -0.113723
v -0.010617 0.049616 -0.113762
v -0.010616 0.049617 -0.126762
v -0.010417 0.049875 -0.113783
v -0.010417 0.049875 -0.126723
v -0.010293 0.050176 -0.113791
v -0.010292 0.050180 -0.126659
v -0.010250 0.050500 -0.113794
v -0.010250 0.050500 -0.126570
v -0.010417 0.051125 -0.126326
v -0.010293 0.050824 -0.113791
v -0.010417 0.051125 -0.113783
v -0.010875 0.051583 -0.126081
v -0.010616 0.051384 -0.113762
v -0.010875 0.051583 -0.113723
v -0.011173 0.051706 -0.126004
v -0.011500 0.051750 -0.125976
v -0.011179 0.051708 -0.113659
v -0.011502 0.051750 -0.113569
v -0.011731 0.051729 -0.113491
v 0.014850 0.021625 -0.118800
v 0.014850 0.017725 -0.118800
v 0.017725 0.017725 -0.118800
v 0.009400 0.042000 -0.118800
v 0.009400 0.024675 -0.118800
v 0.014850 0.024675 -0.118800
v -0.013972 0.020801 -0.118800
v -0.014200 0.021651 -0.118800
v -0.014850 0.021625 -0.118800
v -0.001472 0.024150 -0.118800
v -0.001700 0.025000 -0.118800
v -0.001850 0.024675 -0.118800
v 0.011028 0.020801 -0.118800
v 0.010800 0.021651 -0.118800
v 0.009400 0.021625 -0.118800
v 0.015225 0.002904 -0.118800
v 0.014850 0.006250 -0.118800
v 0.014025 0.006600 -0.118800
v 0.013087 -0.008305 -0.118800
v 0.014850 -0.006250 -0.118800
v 0.014741 -0.004790 -0.118800
v 0.010610 -0.011299 -0.118800
v 0.009400 -0.014850 -0.118800
v -0.005706 0.014412 -0.118800
v -0.009400 0.014850 -0.118800
v -0.009111 0.012540 -0.118800
v 0.022125 0.019512 -0.118800
v 0.020695 0.021592 -0.118800
v 0.017725 0.021625 -0.118800
v -0.025850 0.001472 -0.118800
v -0.025000 0.001700 -0.118800
v -0.025025 0.006250 -0.118800
v -0.021683 -0.020003 -0.118800
v -0.017725 -0.021625 -0.118800
v -0.017725 -0.014850 -0.118800
v 0.027653 0.010275 -0.118800
v 0.025314 0.015148 -0.118800
v 0.023123 0.013350 -0.118800
v 0.022501 0.011028 -0.118800
v 0.021625 0.006250 -0.118800
v 0.023123 0.011650 -0.118800
v 0.023351 0.012500 -0.118800
v 0.025850 -0.001472 -0.118800
v 0.025000 -0.001700 -0.118800
v 0.021625 -0.006250 -0.118800
v 0.024150 -0.001472 -0.118800
v 0.023528 -0.000850 -0.118800
v 0.023300 0.000000 -0.118800
v 0.023528 0.000850 -0.118800
v 0.024150 0.001472 -0.118800
v 0.025000 0.001700 -0.118800
v 0.029063 0.005057 -0.118800
v 0.025850 0.001472 -0.118800
v 0.026472 0.000850 -0.118800
v 0.029498 -0.000330 -0.118800
v 0.026700 0.000000 -0.118800
v 0.028943 -0.005707 -0.118800
v 0.026472 -0.000850 -0.118800
v 0.028827 -0.006263 -0.118800
v 0.020801 -0.011028 -0.118800
v 0.021651 -0.010800 -0.118800
v 0.022501 -0.011028 -0.118800
v 0.023123 -0.011650 -0.118800
v 0.027416 -0.010892 -0.118800
v 0.023351 -0.012500 -0.118800
v 0.024968 -0.015711 -0.118800
v 0.017669 -0.023623 -0.118800
v 0.017730 -0.023578 -0.118800
v 0.017725 -0.021625 -0.118800
v 0.019966 -0.021716 -0.118800
v 0.017725 -0.014850 -0.118800
v 0.021630 -0.020060 -0.118800
v 0.021625 -0.014850 -0.118800
v 0.021683 -0.020003 -0.118800
v -0.000850 -0.026472 -0.118800
v -0.002703 -0.029376 -0.118800
v -0.000000 -0.026700 -0.118800
v 0.002703 -0.029376 -0.118800
v 0.000850 -0.026472 -0.118800
v 0.001472 -0.025850 -0.118800
v -0.014850 -0.021625 -0.118800
v -0.017669 -0.023623 -0.118800
v -0.014850 -0.025025 -0.118800
v -0.013062 -0.026450 -0.118800
v -0.009400 -0.025025 -0.118800
v -0.008017 -0.028390 -0.118800
v -0.024968 -0.015711 -0.118800
v -0.025025 -0.014850 -0.118800
v -0.025025 -0.006250 -0.118800
v -0.027416 -0.010892 -0.118800
v -0.028943 -0.005707 -0.118800
v -0.026472 0.000850 -0.118800
v -0.029063 0.005057 -0.118800
v -0.026700 0.000000 -0.118800
v -0.029498 -0.000330 -0.118800
v -0.026472 -0.000850 -0.118800
v -0.025850 -0.001472 -0.118800
v -0.027653 0.010275 -0.118800
v -0.025025 0.014850 -0.118800
v -0.019500 0.026458 -0.118800
v -0.019803 0.023952 -0.118800
v -0.017725 0.024675 -0.118800
v -0.020695 0.021592 -0.118800
v -0.009400 0.024675 -0.118800
v -0.005000 0.026000 -0.118800
v -0.007598 0.037500 -0.118800
v -0.008000 0.039000 -0.118800
v -0.009400 0.042000 -0.118800
v -0.006500 0.026402 -0.118800
v -0.007598 0.027500 -0.118800
v -0.008000 0.029000 -0.118800
v -0.002000 0.029000 -0.118800
v -0.002402 0.027500 -0.118800
v -0.003500 0.026402 -0.118800
v -0.007598 0.040500 -0.118800
v -0.006500 0.041598 -0.118800
v -0.005000 0.042000 -0.118800
v -0.003500 0.041598 -0.118800
v -0.001850 0.042000 -0.118800
v -0.002402 0.040500 -0.118800
v -0.002000 0.039000 -0.118800
v -0.005000 0.036000 -0.118800
v -0.006500 0.036402 -0.118800
v -0.005000 0.032000 -0.118800
v -0.006500 0.031598 -0.118800
v -0.007598 0.030500 -0.118800
v -0.003500 0.036402 -0.118800
v -0.003500 0.031598 -0.118800
v -0.002402 0.037500 -0.118800
v 0.002000 0.029000 -0.118800
v 0.002402 0.030500 -0.118800
v 0.001850 0.042000 -0.118800
v 0.005000 0.036000 -0.118800
v 0.003500 0.036402 -0.118800
v 0.005000 0.032000 -0.118800
v 0.003500 0.041598 -0.118800
v 0.005000 0.042000 -0.118800
v 0.001850 0.024675 -0.118800
v 0.003500 0.026402 -0.118800
v 0.002402 0.027500 -0.118800
v 0.006500 0.041598 -0.118800
v 0.005000 0.026000 -0.118800
v 0.006500 0.026402 -0.118800
v 0.003500 0.031598 -0.118800
v 0.002402 0.037500 -0.118800
v 0.002000 0.039000 -0.118800
v 0.002402 0.040500 -0.118800
v 0.007598 0.040500 -0.118800
v 0.008000 0.039000 -0.118800
v 0.007598 0.037500 -0.118800
v 0.006500 0.036402 -0.118800
v 0.006500 0.031598 -0.118800
v 0.007598 0.030500 -0.118800
v 0.008000 0.029000 -0.118800
v 0.007598 0.027500 -0.118800
v 0.017725 0.024675 -0.118800
v 0.019803 0.023952 -0.118800
v 0.019500 0.026458 -0.118800
v -0.011943 0.009880 -0.118800
v -0.014850 0.014850 -0.118800
v -0.014025 0.006600 -0.118800
v -0.017725 -0.006250 -0.118800
v -0.015469 -0.000973 -0.118800
v -0.017725 0.006250 -0.118800
v -0.015225 0.002904 -0.118800
v -0.014850 0.006250 -0.118800
v -0.009400 -0.014850 -0.118800
v -0.010610 -0.011299 -0.118800
v -0.014850 -0.014850 -0.118800
v -0.013087 -0.008305 -0.118800
v -0.014850 -0.006250 -0.118800
v -0.014741 -0.004790 -0.118800
v -0.003855 -0.015013 -0.118800
v -0.001850 -0.021625 -0.118800
v -0.000000 -0.015500 -0.118800
v 0.001850 -0.021625 -0.118800
v 0.003855 -0.015013 -0.118800
v 0.014850 -0.014850 -0.118800
v 0.015469 -0.000973 -0.118800
v 0.017725 -0.006250 -0.118800
v 0.017725 0.006250 -0.118800
v 0.009400 0.014850 -0.118800
v 0.009111 0.012540 -0.118800
v 0.014850 0.014850 -0.118800
v 0.011943 0.009880 -0.118800
v -0.001850 0.017725 -0.118800
v -0.000000 0.015500 -0.118800
v 0.001850 0.017725 -0.118800
v 0.001943 0.015378 -0.118800
v 0.009400 0.017725 -0.118800
v 0.005706 0.014412 -0.118800
v 0.020178 0.011650 -0.118800
v 0.019951 0.012500 -0.118800
v 0.017725 0.014850 -0.118800
v 0.020801 0.011028 -0.118800
v 0.020178 0.013350 -0.118800
v 0.020801 0.013972 -0.118800
v 0.021625 0.014850 -0.118800
v 0.021651 0.014200 -0.118800
v 0.022501 0.013972 -0.118800
v 0.021651 0.010800 -0.118800
v 0.011028 0.022501 -0.118800
v 0.011650 0.023123 -0.118800
v 0.012500 0.023351 -0.118800
v 0.013350 0.023123 -0.118800
v 0.013972 0.020801 -0.118800
v 0.014200 0.021651 -0.118800
v 0.013972 0.022501 -0.118800
v 0.013350 0.020178 -0.118800
v 0.012500 0.019951 -0.118800
v 0.011650 0.020178 -0.118800
v -0.002402 0.030500 -0.118800
v -0.001472 0.025850 -0.118800
v -0.000850 0.026472 -0.118800
v -0.000000 0.026700 -0.118800
v 0.000850 0.026472 -0.118800
v 0.001472 0.025850 -0.118800
v 0.001700 0.025000 -0.118800
v 0.001472 0.024150 -0.118800
v 0.000850 0.023528 -0.118800
v 0.001850 0.021625 -0.118800
v -0.001850 0.021625 -0.118800
v -0.000850 0.023528 -0.118800
v -0.000000 0.023300 -0.118800
v -0.013972 0.022501 -0.118800
v -0.014850 0.024675 -0.118800
v -0.013350 0.023123 -0.118800
v -0.012500 0.023351 -0.118800
v -0.011650 0.023123 -0.118800
v -0.011028 0.022501 -0.118800
v -0.011028 0.020801 -0.118800
v -0.011650 0.020178 -0.118800
v -0.009400 0.017725 -0.118800
v -0.013350 0.020178 -0.118800
v -0.014850 0.017725 -0.118800
v -0.012500 0.019951 -0.118800
v -0.025000 -0.001700 -0.118800
v -0.024150 -0.001472 -0.118800
v -0.023528 -0.000850 -0.118800
v -0.024150 0.001472 -0.118800
v -0.023528 0.000850 -0.118800
v -0.023300 0.000000 -0.118800
v -0.009400 -0.021625 -0.118800
v -0.011028 -0.020801 -0.118800
v -0.013972 -0.020801 -0.118800
v -0.013350 -0.020178 -0.118800
v -0.012500 -0.019951 -0.118800
v -0.011650 -0.020178 -0.118800
v -0.010800 -0.021651 -0.118800
v -0.001850 -0.025025 -0.118800
v -0.001472 -0.025850 -0.118800
v -0.014200 -0.021651 -0.118800
v -0.013972 -0.022501 -0.118800
v -0.013350 -0.023123 -0.118800
v -0.011028 -0.022501 -0.118800
v -0.011650 -0.023123 -0.118800
v -0.012500 -0.023351 -0.118800
v -0.001700 -0.025000 -0.118800
v -0.001472 -0.024150 -0.118800
v -0.000850 -0.023528 -0.118800
v -0.000000 -0.023300 -0.118800
v 0.001700 -0.025000 -0.118800
v 0.001850 -0.025025 -0.118800
v 0.001472 -0.024150 -0.118800
v 0.000850 -0.023528 -0.118800
v 0.011650 -0.020178 -0.118800
v 0.012500 -0.019951 -0.118800
v 0.013350 -0.020178 -0.118800
v 0.013972 -0.020801 -0.118800
v 0.014850 -0.021625 -0.118800
v 0.014200 -0.021651 -0.118800
v 0.014850 -0.025025 -0.118800
v 0.013972 -0.022501 -0.118800
v 0.013350 -0.023123 -0.118800
v 0.012500 -0.023351 -0.118800
v 0.009400 -0.025025 -0.118800
v 0.011650 -0.023123 -0.118800
v 0.011028 -0.022501 -0.118800
v 0.009400 -0.021625 -0.118800
v 0.010800 -0.021651 -0.118800
v 0.011028 -0.020801 -0.118800
v 0.023123 -0.013350 -0.118800
v 0.022501 -0.013972 -0.118800
v 0.021651 -0.014200 -0.118800
v 0.020801 -0.013972 -0.118800
v 0.020178 -0.013350 -0.118800
v 0.019951 -0.012500 -0.118800
v 0.020178 -0.011650 -0.118800
v -0.020178 0.011650 -0.118800
v -0.020801 0.011028 -0.118800
v -0.023123 0.013350 -0.118800
v -0.022501 0.013972 -0.118800
v -0.021651 0.010800 -0.118800
v -0.022501 0.011028 -0.118800
v -0.023123 0.011650 -0.118800
v -0.023351 0.012500 -0.118800
v -0.021651 0.014200 -0.118800
v -0.020801 0.013972 -0.118800
v -0.017725 0.014850 -0.118800
v -0.020178 0.013350 -0.118800
v -0.019951 0.012500 -0.118800
v -0.021651 -0.014200 -0.118800
v -0.022501 -0.013972 -0.118800
v -0.020178 -0.013350 -0.118800
v -0.020801 -0.013972 -0.118800
v -0.020178 -0.011650 -0.118800
v -0.019951 -0.012500 -0.118800
v -0.023123 -0.013350 -0.118800
v -0.023351 -0.012500 -0.118800
v -0.023123 -0.011650 -0.118800
v -0.022501 -0.011028 -0.118800
v -0.021651 -0.010800 -0.118800
v -0.020801 -0.011028 -0.118800
v -0.017725 0.021625 -0.118800
v -0.022125 0.019512 -0.118800
v -0.017725 0.017725 -0.118800
v -0.025314 0.015148 -0.118800
v -0.014850 0.042000 -0.118800
v -0.017725 0.042000 -0.118800
v -0.019500 0.042000 -0.118800
v -0.001943 0.015378 -0.118800
v -0.009400 0.021625 -0.118800
v -0.010800 0.021651 -0.118800
v -0.007467 -0.013583 -0.118800
v 0.007467 -0.013583 -0.118800
v 0.014850 0.042000 -0.118800
v 0.017725 0.042000 -0.118800
v 0.019500 0.042000 -0.118800
v 0.021625 0.017725 -0.118800
v 0.013062 -0.026450 -0.118800
v 0.008017 -0.028390 -0.118800
v 0.022500 0.019843 -0.126300
v 0.022500 0.019843 -0.119300
v 0.025743 0.015405 -0.119300
v 0.025743 0.015405 -0.126300
v 0.028121 0.010449 -0.119300
v 0.028121 0.010449 -0.126300
v 0.029556 0.005143 -0.119300
v 0.029556 0.005143 -0.126300
v 0.029998 -0.000336 -0.119300
v 0.029998 -0.000336 -0.126300
v 0.029433 -0.005804 -0.119300
v 0.029433 -0.005804 -0.126300
v 0.027880 -0.011076 -0.119300
v 0.027880 -0.011076 -0.126300
v 0.025391 -0.015977 -0.119300
v 0.025391 -0.015977 -0.126300
v 0.022050 -0.020342 -0.119300
v 0.022050 -0.020342 -0.126300
v 0.017968 -0.024024 -0.119300
v 0.017968 -0.024024 -0.126300
v 0.013284 -0.026899 -0.119300
v 0.013284 -0.026899 -0.126300
v 0.008153 -0.028871 -0.119300
v 0.008153 -0.028871 -0.126300
v 0.002748 -0.029874 -0.119300
v 0.002748 -0.029874 -0.126300
v -0.002748 -0.029874 -0.119300
v -0.002748 -0.029874 -0.126300
v -0.008153 -0.028871 -0.119300
v -0.008153 -0.028871 -0.126300
v -0.013284 -0.026899 -0.119300
v -0.013284 -0.026899 -0.126300
v -0.017968 -0.024024 -0.119300
v -0.017968 -0.024024 -0.126300
v -0.022050 -0.020342 -0.119300
v -0.022050 -0.020342 -0.126300
v -0.025391 -0.015977 -0.119300
v -0.025391 -0.015977 -0.126300
v -0.027880 -0.011076 -0.119300
v -0.027880 -0.011076 -0.126300
v -0.029433 -0.005804 -0.119300
v -0.029433 -0.005804 -0.126300
v -0.029998 -0.000336 -0.119300
v -0.029998 -0.000336 -0.126300
v -0.029556 0.005143 -0.119300
v -0.029556 0.005143 -0.126300
v -0.028121 0.010449 -0.119300
v -0.028121 0.010449 -0.126300
v -0.025743 0.015405 -0.119300
v -0.025743 0.015405 -0.126300
v -0.022500 0.019843 -0.119300
v -0.022500 0.019843 -0.126300
v -0.020000 0.049000 -0.126300
v -0.020000 0.026458 -0.126300
v -0.020000 0.026458 -0.119300
v -0.020000 0.042000 -0.119300
v -0.020000 0.044105 -0.118881
v -0.020000 0.050722 -0.125957
v -0.020000 0.045889 -0.117689
v -0.020000 0.053500 -0.121800
v -0.020000 0.053157 -0.123522
v -0.020000 0.052182 -0.124982
v -0.020000 0.047500 -0.091800
v -0.020000 0.053500 -0.091800
v -0.020000 0.047500 -0.113800
v -0.020000 0.047081 -0.115905
v -0.016000 0.054000 -0.098800
v -0.015500 0.054000 -0.096800
v -0.015500 0.054000 -0.108800
v 0.016201 0.054000 -0.099550
v 0.016750 0.054000 -0.100099
v 0.019500 0.054000 -0.121800
v 0.019500 0.054000 -0.091800
v 0.019000 0.054000 -0.098800
v 0.018799 0.054000 -0.099550
v 0.017500 0.054000 -0.100300
v 0.018250 0.054000 -0.100099
v 0.016201 0.054000 -0.098050
v 0.016000 0.054000 -0.098800
v 0.015500 0.054000 -0.096800
v 0.015500 0.054000 -0.108800
v 0.012105 0.054000 -0.113881
v 0.013889 0.054000 -0.112689
v -0.015081 0.054000 -0.094695
v -0.016201 0.054000 -0.098050
v -0.016750 0.054000 -0.097501
v -0.018250 0.054000 -0.097501
v -0.018799 0.054000 -0.098050
v -0.019500 0.054000 -0.091800
v -0.019000 0.054000 -0.098800
v -0.019500 0.054000 -0.121800
v -0.018799 0.054000 -0.099550
v -0.018250 0.054000 -0.100099
v -0.015081 0.054000 -0.110905
v -0.013889 0.054000 -0.112689
v 0.015081 0.054000 -0.110905
v -0.017500 0.054000 -0.097300
v -0.019157 0.054000 -0.090078
v -0.018182 0.054000 -0.088618
v -0.017500 0.054000 -0.100300
v -0.016750 0.054000 -0.100099
v -0.016201 0.054000 -0.099550
v 0.018799 0.054000 -0.098050
v 0.018250 0.054000 -0.097501
v 0.019157 0.054000 -0.090078
v 0.017500 0.054000 -0.097300
v 0.018182 0.054000 -0.088618
v 0.016750 0.054000 -0.097501
v -0.012105 0.054000 -0.113881
v -0.010000 0.054000 -0.114300
v 0.010000 0.054000 -0.114300
v -0.015000 0.054000 -0.087300
v -0.012105 0.054000 -0.091719
v -0.016722 0.054000 -0.087643
v -0.013889 0.054000 -0.092911
v 0.015081 0.054000 -0.094695
v 0.013889 0.054000 -0.092911
v 0.016722 0.054000 -0.087643
v 0.012105 0.054000 -0.091719
v 0.015000 0.054000 -0.087300
v 0.010000 0.054000 -0.091300
v -0.010000 0.054000 -0.091300
v 0.020000 0.053500 -0.121800
v 0.020000 0.053500 -0.091800
v 0.020000 0.047500 -0.091800
v 0.020000 0.047500 -0.113800
v 0.020000 0.047081 -0.115905
v 0.020000 0.053157 -0.123522
v 0.020000 0.045889 -0.117689
v 0.020000 0.026458 -0.119300
v 0.020000 0.026458 -0.126300
v 0.020000 0.042000 -0.119300
v 0.020000 0.049000 -0.126300
v 0.020000 0.044105 -0.118881
v 0.020000 0.050722 -0.125957
v 0.020000 0.052182 -0.124982
v -0.003150 0.049000 -0.126800
v 0.003150 0.049000 -0.126800
v 0.003150 0.034000 -0.126800
v -0.003000 -0.025000 -0.126800
v -0.002598 -0.026500 -0.126800
v -0.003150 -0.026325 -0.126800
v 0.001943 -0.015378 -0.126800
v 0.003150 -0.017075 -0.126800
v -0.003150 -0.017075 -0.126800
v 0.015469 0.000973 -0.126800
v 0.014741 0.004790 -0.126800
v 0.017075 0.006250 -0.126800
v 0.017075 0.034000 -0.126800
v 0.019500 0.034000 -0.126800
v 0.019500 0.029350 -0.126800
v 0.017669 -0.023623 -0.126800
v 0.017075 -0.017075 -0.126800
v 0.020325 -0.017075 -0.126800
v -0.020151 -0.009902 -0.126800
v -0.021651 -0.009500 -0.126800
v -0.017075 -0.006250 -0.126800
v -0.027653 0.010275 -0.126800
v -0.026325 0.006250 -0.126800
v -0.029063 0.005057 -0.126800
v 0.004150 0.027528 -0.126800
v 0.005000 0.027300 -0.126800
v 0.003150 0.025975 -0.126800
v 0.003528 0.028150 -0.126800
v 0.005850 0.027528 -0.126800
v 0.006472 0.028150 -0.126800
v 0.008100 0.025975 -0.126800
v 0.003300 0.029000 -0.126800
v 0.003150 0.029350 -0.126800
v 0.003528 0.029850 -0.126800
v 0.008100 0.029350 -0.126800
v 0.006700 0.029000 -0.126800
v 0.008100 0.034000 -0.126800
v 0.004150 0.030472 -0.126800
v 0.006472 0.029850 -0.126800
v 0.005850 0.030472 -0.126800
v 0.005000 0.030700 -0.126800
v -0.008100 0.025975 -0.126800
v -0.005850 0.027528 -0.126800
v -0.003150 0.025975 -0.126800
v -0.005000 0.027300 -0.126800
v -0.004150 0.027528 -0.126800
v -0.003300 0.029000 -0.126800
v -0.003528 0.029850 -0.126800
v -0.003150 0.034000 -0.126800
v -0.004150 0.030472 -0.126800
v -0.005000 0.030700 -0.126800
v -0.008100 0.034000 -0.126800
v -0.005850 0.030472 -0.126800
v -0.006472 0.029850 -0.126800
v -0.008100 0.029350 -0.126800
v -0.006700 0.029000 -0.126800
v -0.006472 0.028150 -0.126800
v -0.019803 0.023952 -0.126800
v -0.019500 0.026458 -0.126800
v -0.017075 0.025975 -0.126800
v -0.019500 0.029350 -0.126800
v -0.017075 0.029350 -0.126800
v -0.019500 0.034000 -0.126800
v -0.017075 0.034000 -0.126800
v -0.019500 0.049000 -0.126800
v -0.017075 0.049000 -0.126800
v -0.022125 0.019512 -0.126800
v -0.021651 0.015500 -0.126800
v -0.023151 0.015098 -0.126800
v -0.021651 0.009500 -0.126800
v -0.020151 0.009902 -0.126800
v -0.017075 0.006250 -0.126800
v -0.023151 0.009902 -0.126800
v -0.025314 0.015148 -0.126800
v -0.024249 0.014000 -0.126800
v -0.024651 0.012500 -0.126800
v -0.024249 0.011000 -0.126800
v -0.019053 0.011000 -0.126800
v -0.018651 0.012500 -0.126800
v -0.017075 0.017075 -0.126800
v -0.019053 0.014000 -0.126800
v -0.020151 0.015098 -0.126800
v -0.020695 0.021592 -0.126800
v -0.028943 -0.005707 -0.126800
v -0.026325 -0.006250 -0.126800
v -0.027416 -0.010892 -0.126800
v -0.023151 -0.009902 -0.126800
v -0.021651 -0.015500 -0.126800
v -0.020151 -0.015098 -0.126800
v -0.017075 -0.017075 -0.126800
v -0.024249 -0.011000 -0.126800
v -0.024651 -0.012500 -0.126800
v -0.024968 -0.015711 -0.126800
v -0.024249 -0.014000 -0.126800
v -0.023151 -0.015098 -0.126800
v -0.021683 -0.020003 -0.126800
v -0.019053 -0.014000 -0.126800
v -0.018651 -0.012500 -0.126800
v -0.019053 -0.011000 -0.126800
v -0.009500 -0.021651 -0.126800
v -0.009902 -0.020151 -0.126800
v -0.008100 -0.017075 -0.126800
v -0.017669 -0.023623 -0.126800
v -0.015098 -0.020151 -0.126800
v -0.011000 -0.019053 -0.126800
v -0.012500 -0.018651 -0.126800
v -0.014000 -0.019053 -0.126800
v -0.015500 -0.021651 -0.126800
v -0.015098 -0.023151 -0.126800
v -0.013062 -0.026450 -0.126800
v -0.014000 -0.024249 -0.126800
v -0.012500 -0.024651 -0.126800
v -0.011000 -0.024249 -0.126800
v -0.008100 -0.026325 -0.126800
v -0.009902 -0.023151 -0.126800
v -0.008017 -0.028390 -0.126800
v -0.002703 -0.029376 -0.126800
v -0.000000 -0.028000 -0.126800
v 0.002703 -0.029376 -0.126800
v -0.001500 -0.027598 -0.126800
v 0.013062 -0.026450 -0.126800
v 0.008017 -0.028390 -0.126800
v 0.008100 -0.026325 -0.126800
v 0.011000 -0.019053 -0.126800
v 0.009902 -0.020151 -0.126800
v 0.008100 -0.017075 -0.126800
v 0.009500 -0.021651 -0.126800
v 0.009902 -0.023151 -0.126800
v 0.011000 -0.024249 -0.126800
v 0.012500 -0.018651 -0.126800
v 0.014000 -0.019053 -0.126800
v 0.015500 -0.021651 -0.126800
v 0.015098 -0.020151 -0.126800
v 0.012500 -0.024651 -0.126800
v 0.014000 -0.024249 -0.126800
v 0.015098 -0.023151 -0.126800
v 0.021651 -0.015500 -0.126800
v 0.024968 -0.015711 -0.126800
v 0.021683 -0.020003 -0.126800
v 0.023151 -0.015098 -0.126800
v 0.024249 -0.014000 -0.126800
v 0.027416 -0.010892 -0.126800
v 0.024651 -0.012500 -0.126800
v 0.028827 -0.006263 -0.126800
v 0.024249 -0.011000 -0.126800
v 0.022000 0.000000 -0.126800
v 0.022402 -0.001500 -0.126800
v 0.020325 -0.006250 -0.126800
v 0.020325 0.006250 -0.126800
v 0.023500 0.002598 -0.126800
v 0.022402 0.001500 -0.126800
v 0.023500 -0.002598 -0.126800
v 0.023151 -0.009902 -0.126800
v 0.025000 -0.003000 -0.126800
v 0.026500 -0.002598 -0.126800
v 0.028943 -0.005707 -0.126800
v 0.027598 -0.001500 -0.126800
v 0.029498 -0.000330 -0.126800
v 0.028000 0.000000 -0.126800
v 0.029063 0.005057 -0.126800
v 0.027598 0.001500 -0.126800
v 0.028825 0.006273 -0.126800
v 0.026500 0.002598 -0.126800
v 0.025000 0.003000 -0.126800
v 0.021651 0.009500 -0.126800
v 0.023151 0.009902 -0.126800
v 0.024249 0.011000 -0.126800
v 0.027653 0.010275 -0.126800
v 0.024651 0.012500 -0.126800
v 0.025314 0.015148 -0.126800
v 0.024249 0.014000 -0.126800
v 0.022125 0.019512 -0.126800
v 0.020325 0.017075 -0.126800
v 0.020695 0.021592 -0.126800
v 0.017075 0.017075 -0.126800
v 0.019803 0.023952 -0.126800
v 0.017075 0.025975 -0.126800
v 0.017075 0.029350 -0.126800
v 0.019500 0.026458 -0.126800
v 0.019500 0.049000 -0.126800
v 0.017075 0.049000 -0.126800
v 0.008100 0.049000 -0.126800
v 0.013087 0.008305 -0.126800
v 0.010610 0.011299 -0.126800
v 0.008100 0.017075 -0.126800
v 0.007467 0.013583 -0.126800
v 0.003855 0.015013 -0.126800
v 0.017075 -0.006250 -0.126800
v 0.014025 -0.006600 -0.126800
v 0.015225 -0.002904 -0.126800
v 0.011943 -0.009880 -0.126800
v 0.009111 -0.012540 -0.126800
v 0.005706 -0.014412 -0.126800
v -0.005706 -0.014412 -0.126800
v -0.001943 -0.015378 -0.126800
v -0.014025 -0.006600 -0.126800
v -0.011943 -0.009880 -0.126800
v -0.009111 -0.012540 -0.126800
v -0.015469 0.000973 -0.126800
v -0.015225 -0.002904 -0.126800
v -0.007467 0.013583 -0.126800
v -0.010610 0.011299 -0.126800
v -0.013087 0.008305 -0.126800
v -0.014741 0.004790 -0.126800
v 0.018651 0.012500 -0.126800
v 0.019053 0.011000 -0.126800
v 0.020151 0.009902 -0.126800
v 0.023151 0.015098 -0.126800
v 0.021651 0.015500 -0.126800
v 0.020151 0.015098 -0.126800
v 0.019053 0.014000 -0.126800
v -0.003150 0.029350 -0.126800
v -0.002598 0.026500 -0.126800
v -0.001500 0.027598 -0.126800
v -0.000000 0.028000 -0.126800
v 0.001500 0.027598 -0.126800
v -0.003000 0.025000 -0.126800
v -0.002598 0.023500 -0.126800
v -0.003150 0.017075 -0.126800
v 0.002598 0.026500 -0.126800
v 0.003000 0.025000 -0.126800
v 0.003150 0.017075 -0.126800
v 0.002598 0.023500 -0.126800
v -0.001500 0.022402 -0.126800
v -0.000000 0.022000 -0.126800
v 0.001500 0.022402 -0.126800
v -0.025000 -0.003000 -0.126800
v -0.023500 -0.002598 -0.126800
v -0.022402 -0.001500 -0.126800
v -0.022000 0.000000 -0.126800
v -0.022402 0.001500 -0.126800
v -0.023500 0.002598 -0.126800
v -0.025000 0.003000 -0.126800
v -0.026500 0.002598 -0.126800
v -0.027598 0.001500 -0.126800
v -0.029498 -0.000330 -0.126800
v -0.028000 0.000000 -0.126800
v -0.027598 -0.001500 -0.126800
v -0.026500 -0.002598 -0.126800
v 0.002598 -0.023500 -0.126800
v 0.003000 -0.025000 -0.126800
v 0.003150 -0.026325 -0.126800
v 0.002598 -0.026500 -0.126800
v 0.001500 -0.027598 -0.126800
v 0.001500 -0.022402 -0.126800
v -0.000000 -0.022000 -0.126800
v -0.001500 -0.022402 -0.126800
v -0.002598 -0.023500 -0.126800
v 0.021651 -0.009500 -0.126800
v 0.020151 -0.009902 -0.126800
v 0.019053 -0.011000 -0.126800
v 0.018651 -0.012500 -0.126800
v 0.019053 -0.014000 -0.126800
v 0.020151 -0.015098 -0.126800
v 0.012500 0.024651 -0.126800
v 0.011000 0.024249 -0.126800
v 0.015500 0.021651 -0.126800
v 0.015098 0.023151 -0.126800
v 0.014000 0.024249 -0.126800
v 0.015098 0.020151 -0.126800
v 0.009902 0.020151 -0.126800
v 0.009500 0.021651 -0.126800
v 0.009902 0.023151 -0.126800
v 0.011000 0.019053 -0.126800
v 0.012500 0.018651 -0.126800
v 0.014000 0.019053 -0.126800
v 0.005000 0.040700 -0.126800
v 0.004150 0.040472 -0.126800
v 0.006472 0.038150 -0.126800
v 0.006700 0.039000 -0.126800
v 0.005850 0.040472 -0.126800
v 0.006472 0.039850 -0.126800
v 0.003528 0.039850 -0.126800
v 0.003300 0.039000 -0.126800
v 0.003528 0.038150 -0.126800
v 0.004150 0.037528 -0.126800
v 0.005000 0.037300 -0.126800
v 0.005850 0.037528 -0.126800
v -0.000000 0.015500 -0.126800
v -0.003528 0.028150 -0.126800
v -0.006472 0.039850 -0.126800
v -0.006700 0.039000 -0.126800
v -0.008100 0.049000 -0.126800
v -0.003528 0.039850 -0.126800
v -0.004150 0.040472 -0.126800
v -0.005000 0.040700 -0.126800
v -0.005850 0.040472 -0.126800
v -0.005000 0.037300 -0.126800
v -0.005850 0.037528 -0.126800
v -0.006472 0.038150 -0.126800
v -0.004150 0.037528 -0.126800
v -0.003528 0.038150 -0.126800
v -0.003300 0.039000 -0.126800
v -0.012500 0.024651 -0.126800
v -0.014000 0.024249 -0.126800
v -0.009500 0.021651 -0.126800
v -0.009902 0.023151 -0.126800
v -0.011000 0.024249 -0.126800
v -0.012500 0.018651 -0.126800
v -0.011000 0.019053 -0.126800
v -0.008100 0.017075 -0.126800
v -0.009902 0.020151 -0.126800
v -0.015098 0.023151 -0.126800
v -0.015500 0.021651 -0.126800
v -0.015098 0.020151 -0.126800
v -0.014000 0.019053 -0.126800
v -0.003855 0.015013 -0.126800
v -0.021138 0.021824 -0.126300
v -0.021138 0.021824 -0.119300
v -0.020289 0.024072 -0.126300
v -0.020289 0.024072 -0.119300
v 0.020289 0.024072 -0.126300
v 0.020289 0.024072 -0.119300
v 0.021138 0.021824 -0.126300
v 0.021138 0.021824 -0.119300
v -0.005000 0.037300 -0.122200
v -0.004150 0.037528 -0.122200
v -0.003528 0.038150 -0.122200
v -0.003300 0.039000 -0.122200
v -0.003528 0.039850 -0.122200
v -0.004150 0.040472 -0.122200
v -0.005000 0.040700 -0.122200
v -0.005850 0.040472 -0.122200
v -0.006472 0.039850 -0.122200
v -0.006700 0.039000 -0.122200
v -0.006472 0.038150 -0.122200
v -0.005850 0.037528 -0.122200
v -0.005000 0.042000 -0.122200
v -0.006500 0.041598 -0.122200
v -0.007598 0.040500 -0.122200
v -0.008000 0.039000 -0.122200
v -0.007598 0.037500 -0.122200
v -0.006500 0.036402 -0.122200
v -0.005000 0.036000 -0.122200
v -0.003500 0.036402 -0.122200
v -0.002402 0.037500 -0.122200
v -0.002000 0.039000 -0.122200
v -0.002402 0.040500 -0.122200
v -0.003500 0.041598 -0.122200
v 0.005000 0.037300 -0.122200
v 0.005850 0.037528 -0.122200
v 0.006472 0.038150 -0.122200
v 0.006700 0.039000 -0.122200
v 0.006472 0.039850 -0.122200
v 0.005850 0.040472 -0.122200
v 0.005000 0.040700 -0.122200
v 0.004150 0.040472 -0.122200
v 0.003528 0.039850 -0.122200
v 0.003300 0.039000 -0.122200
v 0.003528 0.038150 -0.122200
v 0.004150 0.037528 -0.122200
v 0.005000 0.042000 -0.122200
v 0.003500 0.041598 -0.122200
v 0.002402 0.040500 -0.122200
v 0.002000 0.039000 -0.122200
v 0.002402 0.037500 -0.122200
v 0.003500 0.036402 -0.122200
v 0.005000 0.036000 -0.122200
v 0.006500 0.036402 -0.122200
v 0.007598 0.037500 -0.122200
v 0.008000 0.039000 -0.122200
v 0.007598 0.040500 -0.122200
v 0.006500 0.041598 -0.122200
v 0.005000 0.027300 -0.122200
v 0.005850 0.027528 -0.122200
v 0.006472 0.028150 -0.122200
v 0.006700 0.029000 -0.122200
v 0.006472 0.029850 -0.122200
v 0.005850 0.030472 -0.122200
v 0.005000 0.030700 -0.122200
v 0.004150 0.030472 -0.122200
v 0.003528 0.029850 -0.122200
v 0.003300 0.029000 -0.122200
v 0.003528 0.028150 -0.122200
v 0.004150 0.027528 -0.122200
v 0.006500 0.026402 -0.122200
v 0.007598 0.027500 -0.122200
v 0.008000 0.029000 -0.122200
v 0.007598 0.030500 -0.122200
v 0.006500 0.031598 -0.122200
v 0.005000 0.032000 -0.122200
v 0.003500 0.031598 -0.122200
v 0.002402 0.030500 -0.122200
v 0.002000 0.029000 -0.122200
v 0.002402 0.027500 -0.122200
v 0.003500 0.026402 -0.122200
v 0.005000 0.026000 -0.122200
v -0.005000 0.027300 -0.122200
v -0.004150 0.027528 -0.122200
v -0.003528 0.028150 -0.122200
v -0.003300 0.029000 -0.122200
v -0.003528 0.029850 -0.122200
v -0.004150 0.030472 -0.122200
v -0.005000 0.030700 -0.122200
v -0.005850 0.030472 -0.122200
v -0.006472 0.029850 -0.122200
v -0.006700 0.029000 -0.122200
v -0.006472 0.028150 -0.122200
v -0.005850 0.027528 -0.122200
v -0.003500 0.026402 -0.122200
v -0.002402 0.027500 -0.122200
v -0.002000 0.029000 -0.122200
v -0.002402 0.030500 -0.122200
v -0.003500 0.031598 -0.122200
v -0.005000 0.032000 -0.122200
v -0.006500 0.031598 -0.122200
v -0.007598 0.030500 -0.122200
v -0.008000 0.029000 -0.122200
v -0.007598 0.027500 -0.122200
v -0.006500 0.026402 -0.122200
v -0.005000 0.026000 -0.122200
v 0.001880 0.014882 -0.119300
v -0.000000 0.015000 -0.126300
v 0.003730 0.014529 -0.126300
v 0.003882 0.014489 -0.119300
v 0.003882 0.014489 -0.126300
v 0.005522 0.013947 -0.119300
v 0.007226 0.013145 -0.126300
v 0.007500 0.012990 -0.119300
v 0.007500 0.012990 -0.126300
v 0.008817 0.012135 -0.119300
v 0.010268 0.010935 -0.126300
v 0.010607 0.010607 -0.119300
v 0.010607 0.010607 -0.126300
v 0.011558 0.009561 -0.119300
v 0.012665 0.008037 -0.126300
v 0.012990 0.007500 -0.119300
v 0.012990 0.007500 -0.126300
v 0.013572 0.006387 -0.119300
v 0.014266 0.004635 -0.126300
v 0.014489 0.003882 -0.119300
v 0.014489 0.003882 -0.126300
v 0.014734 0.002811 -0.119300
v 0.014970 0.000942 -0.126300
v 0.015000 0.000000 -0.119300
v 0.015000 0.000000 -0.126300
v 0.014970 -0.000942 -0.119300
v 0.014734 -0.002811 -0.126300
v 0.014489 -0.003882 -0.119300
v 0.014489 -0.003882 -0.126300
v 0.014266 -0.004635 -0.119300
v 0.013572 -0.006387 -0.126300
v 0.012990 -0.007500 -0.119300
v 0.012990 -0.007500 -0.126300
v 0.012665 -0.008037 -0.119300
v 0.011558 -0.009561 -0.126300
v 0.010607 -0.010607 -0.119300
v 0.010607 -0.010607 -0.126300
v 0.010268 -0.010935 -0.119300
v 0.008817 -0.012135 -0.126300
v 0.007500 -0.012990 -0.119300
v 0.007500 -0.012990 -0.126300
v 0.007226 -0.013145 -0.119300
v 0.005522 -0.013947 -0.126300
v 0.003882 -0.014489 -0.119300
v 0.003882 -0.014489 -0.126300
v 0.003730 -0.014529 -0.119300
v 0.001880 -0.014882 -0.126300
v -0.000000 -0.015000 -0.119300
v -0.000000 0.015000 -0.119300
v -0.001880 0.014882 -0.119300
v -0.003730 0.014529 -0.126300
v -0.003882 0.014489 -0.119300
v -0.003882 0.014489 -0.126300
v -0.005522 0.013947 -0.119300
v -0.007226 0.013145 -0.126300
v -0.007500 0.012990 -0.119300
v -0.007500 0.012990 -0.126300
v -0.008817 0.012135 -0.119300
v -0.010268 0.010935 -0.126300
v -0.010607 0.010607 -0.119300
v -0.010607 0.010607 -0.126300
v -0.011558 0.009561 -0.119300
v -0.012665 0.008037 -0.126300
v -0.012990 0.007500 -0.119300
v -0.012990 0.007500 -0.126300
v -0.013572 0.006387 -0.119300
v -0.014266 0.004635 -0.126300
v -0.014489 0.003882 -0.119300
v -0.014489 0.003882 -0.126300
v -0.014734 0.002811 -0.119300
v -0.014970 0.000942 -0.126300
v -0.015000 0.000000 -0.119300
v -0.015000 0.000000 -0.126300
v -0.014970 -0.000942 -0.119300
v -0.014734 -0.002811 -0.126300
v -0.014489 -0.003882 -0.119300
v -0.014489 -0.003882 -0.126300
v -0.014266 -0.004635 -0.119300
v -0.013572 -0.006387 -0.126300
v -0.012990 -0.007500 -0.119300
v -0.012990 -0.007500 -0.126300
v -0.012665 -0.008037 -0.119300
v -0.011558 -0.009561 -0.126300
v -0.010607 -0.010607 -0.119300
v -0.010607 -0.010607 -0.126300
v -0.010268 -0.010935 -0.119300
v -0.008817 -0.012135 -0.126300
v -0.007500 -0.012990 -0.119300
v -0.007500 -0.012990 -0.126300
v -0.007226 -0.013145 -0.119300
v -0.005522 -0.013947 -0.126300
v -0.003882 -0.014489 -0.119300
v -0.003882 -0.014489 -0.126300
v -0.003730 -0.014529 -0.119300
v -0.001880 -0.014882 -0.126300
v -0.000000 -0.015000 -0.126300
v 0.018250 0.047000 -0.100099
v 0.017500 0.047000 -0.100300
v 0.019500 0.047000 -0.113800
v -0.017500 0.047000 -0.100300
v -0.018250 0.047000 -0.100099
v -0.019500 0.047000 -0.113800
v 0.018250 0.047000 -0.097501
v 0.018799 0.047000 -0.098050
v 0.019500 0.047000 -0.091800
v 0.019000 0.047000 -0.098800
v 0.018799 0.047000 -0.099550
v 0.015584 0.047000 -0.108800
v 0.015243 0.047000 -0.110722
v 0.014055 0.047000 -0.112639
v 0.012486 0.047000 -0.113800
v -0.018799 0.047000 -0.099550
v -0.019000 0.047000 -0.098800
v -0.019500 0.047000 -0.091800
v 0.017500 0.047000 -0.097300
v 0.019157 0.047000 -0.090078
v 0.018182 0.047000 -0.088618
v -0.015584 0.047000 -0.096800
v -0.016201 0.047000 -0.098050
v -0.016000 0.047000 -0.098800
v 0.016750 0.047000 -0.100099
v 0.016201 0.047000 -0.099550
v 0.016000 0.047000 -0.098800
v 0.015584 0.047000 -0.096800
v 0.016201 0.047000 -0.098050
v 0.016750 0.047000 -0.097501
v 0.015159 0.047000 -0.094663
v -0.012486 0.047000 -0.113800
v -0.014055 0.047000 -0.112639
v -0.015243 0.047000 -0.110722
v -0.015584 0.047000 -0.108800
v -0.016201 0.047000 -0.099550
v -0.016750 0.047000 -0.100099
v -0.018799 0.047000 -0.098050
v -0.018250 0.047000 -0.097501
v -0.019157 0.047000 -0.090078
v -0.017500 0.047000 -0.097300
v -0.018182 0.047000 -0.088618
v -0.016750 0.047000 -0.097501
v 0.013948 0.047000 -0.092852
v 0.016722 0.047000 -0.087643
v 0.012137 0.047000 -0.091641
v 0.015000 0.047000 -0.087300
v -0.015159 0.047000 -0.094663
v -0.013948 0.047000 -0.092852
v -0.016722 0.047000 -0.087643
v -0.012137 0.047000 -0.091641
v -0.015000 0.047000 -0.087300
v -0.010000 0.047000 -0.091216
v 0.010000 0.047000 -0.091216
v 0.011500 0.051750 -0.086800
v 0.012125 0.051583 -0.086800
v 0.015000 0.053500 -0.086800
v -0.012125 0.049417 -0.086800
v -0.015000 0.047500 -0.086800
v -0.011500 0.049250 -0.086800
v 0.015000 0.047500 -0.086800
v -0.010875 0.049417 -0.086800
v -0.012583 0.049875 -0.086800
v -0.012750 0.050500 -0.086800
v -0.015000 0.053500 -0.086800
v -0.012583 0.051125 -0.086800
v -0.012125 0.051583 -0.086800
v -0.011500 0.051750 -0.086800
v -0.010875 0.051583 -0.086800
v 0.012583 0.051125 -0.086800
v 0.012750 0.050500 -0.086800
v 0.012583 0.049875 -0.086800
v 0.012125 0.049417 -0.086800
v 0.011500 0.049250 -0.086800
v 0.010875 0.049417 -0.086800
v -0.010417 0.049875 -0.086800
v 0.010417 0.049875 -0.086800
v -0.010250 0.050500 -0.086800
v 0.010250 0.050500 -0.086800
v -0.010417 0.051125 -0.086800
v 0.010417 0.051125 -0.086800
v 0.010875 0.051583 -0.086800
v 0.016913 0.047500 -0.087181
v 0.016913 0.053500 -0.087181
v 0.018536 0.047500 -0.088264
v 0.018536 0.053500 -0.088264
v 0.019619 0.047500 -0.089887
v 0.019619 0.053500 -0.089887
v -0.019619 0.047500 -0.089887
v -0.019619 0.053500 -0.089887
v -0.018536 0.047500 -0.088264
v -0.018536 0.053500 -0.088264
v -0.016913 0.047500 -0.087181
v -0.016913 0.053500 -0.087181
v 0.019500 0.052536 -0.125336
v -0.019500 0.052536 -0.125336
v -0.019500 0.050913 -0.126419
v 0.019500 0.050913 -0.126419
v -0.019500 0.053619 -0.123713
v 0.019500 0.053619 -0.123713
v -0.019500 0.043731 -0.118491
v 0.019500 0.043731 -0.118491
v 0.019500 0.046691 -0.115531
v 0.011275 0.046984 -0.114195
v -0.011275 0.046984 -0.114195
v -0.019500 0.046691 -0.115531
v -0.010000 0.046972 -0.114328
v 0.010000 0.046972 -0.114328
v 0.019500 0.046619 -0.115713
v -0.019500 0.046619 -0.115713
v 0.019500 0.045536 -0.117336
v -0.019500 0.045536 -0.117336
v 0.019500 0.043913 -0.118419
v -0.019500 0.043913 -0.118419
v 0.010293 0.050824 -0.091809
v 0.010417 0.051125 -0.091817
v 0.010875 0.051583 -0.091877
v 0.010617 0.051384 -0.091838
v 0.010250 0.050500 -0.091806
v 0.010293 0.050176 -0.091809
v 0.010417 0.049875 -0.091817
v 0.010617 0.049615 -0.091838
v 0.010875 0.049417 -0.091877
v 0.011179 0.049292 -0.091941
v 0.011500 0.049250 -0.092030
v 0.012125 0.049417 -0.092274
v 0.012583 0.049875 -0.092519
v 0.012706 0.050173 -0.092596
v 0.012750 0.050500 -0.092624
v 0.012706 0.050827 -0.092596
v 0.012583 0.051125 -0.092519
v 0.012125 0.051583 -0.092274
v 0.011437 0.051748 -0.092011
v 0.011501 0.051750 -0.092031
v 0.011913 0.051680 -0.092181
v -0.011437 0.051748 -0.092011
v -0.011500 0.051750 -0.092030
v -0.012125 0.051583 -0.092274
v -0.012583 0.051125 -0.092519
v -0.012706 0.050827 -0.092596
v -0.012750 0.050500 -0.092624
v -0.012706 0.050173 -0.092596
v -0.012583 0.049875 -0.092519
v -0.012125 0.049417 -0.092274
v -0.011500 0.049250 -0.092030
v -0.010417 0.049875 -0.091817
v -0.010616 0.049616 -0.091838
v -0.010875 0.049417 -0.091877
v -0.011179 0.049292 -0.091941
v -0.010293 0.050824 -0.091809
v -0.010250 0.050500 -0.091806
v -0.010293 0.050176 -0.091809
v -0.010875 0.051583 -0.091877
v -0.010617 0.051384 -0.091838
v -0.010417 0.051125 -0.091817
v -0.000000 -0.015000 -0.119300
v -0.010000 0.053500 -0.113800
v -0.010000 0.047500 -0.113800
v 0.010000 0.053500 -0.113800
v 0.010000 0.047500 -0.113800
v 0.010000 0.053500 -0.091800
v 0.010000 0.047531 -0.091800
v -0.010000 0.053500 -0.091800
v -0.010000 0.047531 -0.091800
v 0.015000 0.053500 -0.108800
v 0.015000 0.047531 -0.108800
v 0.015000 0.053500 -0.096800
v 0.015000 0.047531 -0.096800
v -0.015000 0.053500 -0.096800
v -0.015000 0.047531 -0.096800
v -0.015000 0.053500 -0.108800
v -0.015000 0.047531 -0.108800
v 0.011913 0.053500 -0.092181
v 0.011913 0.047531 -0.092181
v 0.013536 0.047531 -0.093264
v 0.013536 0.053500 -0.093264
v 0.014619 0.047531 -0.094887
v 0.014619 0.053500 -0.094887
v -0.011913 0.047531 -0.092181
v -0.011913 0.053500 -0.092181
v -0.013536 0.053500 -0.093264
v -0.013536 0.047531 -0.093264
v -0.014619 0.047531 -0.094887
v -0.014619 0.053500 -0.094887
v -0.011913 0.053500 -0.113419
v -0.011142 0.047514 -0.113668
v -0.011731 0.047526 -0.113491
v -0.012226 0.047531 -0.113277
v -0.013631 0.047531 -0.112238
v -0.013536 0.053500 -0.112336
v -0.014619 0.053500 -0.110713
v -0.014695 0.047531 -0.110521
v 0.011731 0.047526 -0.113491
v 0.011142 0.047514 -0.113668
v 0.011913 0.053500 -0.113419
v 0.013536 0.053500 -0.112336
v 0.013536 0.047531 -0.112336
v 0.012226 0.047531 -0.113277
v 0.014619 0.053500 -0.110713
v 0.014695 0.047531 -0.110521
v 0.013631 0.047531 -0.112238
v 0.025000 0.001700 -0.123400
v 0.025850 0.001472 -0.123400
v 0.026472 0.000850 -0.123400
v 0.026700 0.000000 -0.123400
v 0.026472 -0.000850 -0.123400
v 0.025850 -0.001472 -0.123400
v 0.025000 -0.001700 -0.123400
v 0.024150 -0.001472 -0.123400
v 0.023528 -0.000850 -0.123400
v 0.023300 0.000000 -0.123400
v 0.023528 0.000850 -0.123400
v 0.024150 0.001472 -0.123400
v 0.023500 -0.002598 -0.123400
v 0.022402 -0.001500 -0.123400
v 0.022000 0.000000 -0.123400
v 0.022402 0.001500 -0.123400
v 0.023500 0.002598 -0.123400
v 0.025000 0.003000 -0.123400
v 0.026500 0.002598 -0.123400
v 0.027598 0.001500 -0.123400
v 0.028000 0.000000 -0.123400
v 0.027598 -0.001500 -0.123400
v 0.026500 -0.002598 -0.123400
v 0.025000 -0.003000 -0.123400
v 0.021651 0.014200 -0.123400
v 0.022501 0.013972 -0.123400
v 0.023123 0.013350 -0.123400
v 0.023351 0.012500 -0.123400
v 0.023123 0.011650 -0.123400
v 0.022501 0.011028 -0.123400
v 0.021651 0.010800 -0.123400
v 0.020801 0.011028 -0.123400
v 0.020178 0.011650 -0.123400
v 0.019951 0.012500 -0.123400
v 0.020178 0.013350 -0.123400
v 0.020801 0.013972 -0.123400
v 0.020151 0.009902 -0.123400
v 0.019053 0.011000 -0.123400
v 0.018651 0.012500 -0.123400
v 0.019053 0.014000 -0.123400
v 0.020151 0.015098 -0.123400
v 0.021651 0.015500 -0.123400
v 0.023151 0.015098 -0.123400
v 0.024249 0.014000 -0.123400
v 0.024651 0.012500 -0.123400
v 0.024249 0.011000 -0.123400
v 0.023151 0.009902 -0.123400
v 0.021651 0.009500 -0.123400
v 0.012500 0.023351 -0.123400
v 0.013350 0.023123 -0.123400
v 0.013972 0.022501 -0.123400
v 0.014200 0.021651 -0.123400
v 0.013972 0.020801 -0.123400
v 0.013350 0.020178 -0.123400
v 0.012500 0.019951 -0.123400
v 0.011650 0.020178 -0.123400
v 0.011028 0.020801 -0.123400
v 0.010800 0.021651 -0.123400
v 0.011028 0.022501 -0.123400
v 0.011650 0.023123 -0.123400
v 0.014000 0.024249 -0.123400
v 0.015098 0.023151 -0.123400
v 0.015500 0.021651 -0.123400
v 0.015098 0.020151 -0.123400
v 0.014000 0.019053 -0.123400
v 0.012500 0.018651 -0.123400
v 0.011000 0.019053 -0.123400
v 0.009902 0.020151 -0.123400
v 0.009500 0.021651 -0.123400
v 0.009902 0.023151 -0.123400
v 0.011000 0.024249 -0.123400
v 0.012500 0.024651 -0.123400
v -0.000000 0.026700 -0.123400
v 0.000850 0.026472 -0.123400
v 0.001472 0.025850 -0.123400
v 0.001700 0.025000 -0.123400
v 0.001472 0.024150 -0.123400
v 0.000850 0.023528 -0.123400
v -0.000000 0.023300 -0.123400
v -0.000850 0.023528 -0.123400
v -0.001472 0.024150 -0.123400
v -0.001700 0.025000 -0.123400
v -0.001472 0.025850 -0.123400
v -0.000850 0.026472 -0.123400
v 0.002598 0.026500 -0.123400
v 0.003000 0.025000 -0.123400
v 0.002598 0.023500 -0.123400
v 0.001500 0.022402 -0.123400
v -0.000000 0.023300 -0.123400
v -0.000000 0.022000 -0.123400
v -0.001500 0.022402 -0.123400
v -0.002598 0.023500 -0.123400
v -0.003000 0.025000 -0.123400
v -0.002598 0.026500 -0.123400
v -0.001500 0.027598 -0.123400
v -0.000000 0.028000 -0.123400
v 0.001500 0.027598 -0.123400
v -0.000000 0.022000 -0.123400
v -0.012500 0.023351 -0.123400
v -0.011650 0.023123 -0.123400
v -0.011028 0.022501 -0.123400
v -0.010800 0.021651 -0.123400
v -0.011028 0.020801 -0.123400
v -0.011650 0.020178 -0.123400
v -0.012500 0.019951 -0.123400
v -0.013350 0.020178 -0.123400
v -0.013972 0.020801 -0.123400
v -0.014200 0.021651 -0.123400
v -0.013972 0.022501 -0.123400
v -0.013350 0.023123 -0.123400
v -0.011000 0.024249 -0.123400
v -0.009902 0.023151 -0.123400
v -0.009500 0.021651 -0.123400
v -0.009902 0.020151 -0.123400
v -0.011000 0.019053 -0.123400
v -0.012500 0.018651 -0.123400
v -0.014000 0.019053 -0.123400
v -0.015098 0.020151 -0.123400
v -0.015500 0.021651 -0.123400
v -0.015098 0.023151 -0.123400
v -0.014000 0.024249 -0.123400
v -0.012500 0.024651 -0.123400
v -0.021651 0.014200 -0.123400
v -0.020801 0.013972 -0.123400
v -0.020178 0.013350 -0.123400
v -0.019951 0.012500 -0.123400
v -0.020178 0.011650 -0.123400
v -0.020801 0.011028 -0.123400
v -0.021651 0.010800 -0.123400
v -0.022501 0.011028 -0.123400
v -0.023123 0.011650 -0.123400
v -0.023351 0.012500 -0.123400
v -0.023123 0.013350 -0.123400
v -0.022501 0.013972 -0.123400
v -0.023151 0.009902 -0.123400
v -0.024249 0.011000 -0.123400
v -0.024651 0.012500 -0.123400
v -0.024249 0.014000 -0.123400
v -0.023151 0.015098 -0.123400
v -0.021651 0.015500 -0.123400
v -0.020151 0.015098 -0.123400
v -0.019053 0.014000 -0.123400
v -0.018651 0.012500 -0.123400
v -0.019053 0.011000 -0.123400
v -0.020151 0.009902 -0.123400
v -0.021651 0.009500 -0.123400
v -0.025000 0.001700 -0.123400
v -0.024150 0.001472 -0.123400
v -0.023528 0.000850 -0.123400
v -0.023300 0.000000 -0.123400
v -0.023528 -0.000850 -0.123400
v -0.024150 -0.001472 -0.123400
v -0.025000 -0.001700 -0.123400
v -0.025850 -0.001472 -0.123400
v -0.026472 -0.000850 -0.123400
v -0.026700 0.000000 -0.123400
v -0.026472 0.000850 -0.123400
v -0.025850 0.001472 -0.123400
v -0.026500 -0.002598 -0.123400
v -0.027598 -0.001500 -0.123400
v -0.028000 0.000000 -0.123400
v -0.027598 0.001500 -0.123400
v -0.026500 0.002598 -0.123400
v -0.025000 0.003000 -0.123400
v -0.023500 0.002598 -0.123400
v -0.022402 0.001500 -0.123400
v -0.022000 0.000000 -0.123400
v -0.022402 -0.001500 -0.123400
v -0.023500 -0.002598 -0.123400
v -0.025000 -0.003000 -0.123400
v -0.021651 -0.010800 -0.123400
v -0.020801 -0.011028 -0.123400
v -0.020178 -0.011650 -0.123400
v -0.019951 -0.012500 -0.123400
v -0.020178 -0.013350 -0.123400
v -0.020801 -0.013972 -0.123400
v -0.021651 -0.014200 -0.123400
v -0.022501 -0.013972 -0.123400
v -0.023123 -0.013350 -0.123400
v -0.023351 -0.012500 -0.123400
v -0.023123 -0.011650 -0.123400
v -0.022501 -0.011028 -0.123400
v -0.020151 -0.015098 -0.123400
v -0.021651 -0.015500 -0.123400
v -0.023151 -0.015098 -0.123400
v -0.024249 -0.014000 -0.123400
v -0.024651 -0.012500 -0.123400
v -0.024249 -0.011000 -0.123400
v -0.023151 -0.009902 -0.123400
v -0.021651 -0.009500 -0.123400
v -0.020151 -0.009902 -0.123400
v -0.019053 -0.011000 -0.123400
v -0.018651 -0.012500 -0.123400
v -0.019053 -0.014000 -0.123400
v -0.012500 -0.019951 -0.123400
v -0.011650 -0.020178 -0.123400
v -0.011028 -0.020801 -0.123400
v -0.010800 -0.021651 -0.123400
v -0.011028 -0.022501 -0.123400
v -0.011650 -0.023123 -0.123400
v -0.012500 -0.023351 -0.123400
v -0.013350 -0.023123 -0.123400
v -0.013972 -0.022501 -0.123400
v -0.014200 -0.021651 -0.123400
v -0.013972 -0.020801 -0.123400
v -0.013350 -0.020178 -0.123400
v -0.015098 -0.020151 -0.123400
v -0.014000 -0.019053 -0.123400
v -0.012500 -0.018651 -0.123400
v -0.011000 -0.019053 -0.123400
v -0.009902 -0.020151 -0.123400
v -0.009500 -0.021651 -0.123400
v -0.009902 -0.023151 -0.123400
v -0.011000 -0.024249 -0.123400
v -0.012500 -0.024651 -0.123400
v -0.014000 -0.024249 -0.123400
v -0.015098 -0.023151 -0.123400
v -0.015500 -0.021651 -0.123400
v -0.000000 -0.023300 -0.123400
v 0.000850 -0.023528 -0.123400
v 0.001472 -0.024150 -0.123400
v 0.001700 -0.025000 -0.123400
v 0.001472 -0.025850 -0.123400
v 0.000850 -0.026472 -0.123400
v -0.000000 -0.026700 -0.123400
v -0.000850 -0.026472 -0.123400
v -0.001472 -0.025850 -0.123400
v -0.001700 -0.025000 -0.123400
v -0.001472 -0.024150 -0.123400
v -0.000850 -0.023528 -0.123400
v 0.002598 -0.023500 -0.123400
v 0.003000 -0.025000 -0.123400
v 0.002598 -0.026500 -0.123400
v 0.001500 -0.027598 -0.123400
v -0.000000 -0.026700 -0.123400
v -0.000000 -0.028000 -0.123400
v -0.001500 -0.027598 -0.123400
v -0.002598 -0.026500 -0.123400
v -0.003000 -0.025000 -0.123400
v -0.002598 -0.023500 -0.123400
v -0.001500 -0.022402 -0.123400
v -0.000000 -0.022000 -0.123400
v 0.001500 -0.022402 -0.123400
v -0.000000 -0.028000 -0.123400
v 0.012500 -0.019951 -0.123400
v 0.013350 -0.020178 -0.123400
v 0.013972 -0.020801 -0.123400
v 0.014200 -0.021651 -0.123400
v 0.013972 -0.022501 -0.123400
v 0.013350 -0.023123 -0.123400
v 0.012500 -0.023351 -0.123400
v 0.011650 -0.023123 -0.123400
v 0.011028 -0.022501 -0.123400
v 0.010800 -0.021651 -0.123400
v 0.011028 -0.020801 -0.123400
v 0.011650 -0.020178 -0.123400
v 0.009902 -0.020151 -0.123400
v 0.011000 -0.019053 -0.123400
v 0.012500 -0.018651 -0.123400
v 0.014000 -0.019053 -0.123400
v 0.015098 -0.020151 -0.123400
v 0.015500 -0.021651 -0.123400
v 0.015098 -0.023151 -0.123400
v 0.014000 -0.024249 -0.123400
v 0.012500 -0.024651 -0.123400
v 0.011000 -0.024249 -0.123400
v 0.009902 -0.023151 -0.123400
v 0.009500 -0.021651 -0.123400
v 0.021651 -0.010800 -0.123400
v 0.022501 -0.011028 -0.123400
v 0.023123 -0.011650 -0.123400
v 0.023351 -0.012500 -0.123400
v 0.023123 -0.013350 -0.123400
v 0.022501 -0.013972 -0.123400
v 0.021651 -0.014200 -0.123400
v 0.020801 -0.013972 -0.123400
v 0.020178 -0.013350 -0.123400
v 0.019951 -0.012500 -0.123400
v 0.020178 -0.011650 -0.123400
v 0.020801 -0.011028 -0.123400
v 0.020151 -0.015098 -0.123400
v 0.019053 -0.014000 -0.123400
v 0.018651 -0.012500 -0.123400
v 0.019053 -0.011000 -0.123400
v 0.020151 -0.009902 -0.123400
v 0.021651 -0.009500 -0.123400
v 0.023151 -0.009902 -0.123400
v 0.024249 -0.011000 -0.123400
v 0.024651 -0.012500 -0.123400
v 0.024249 -0.014000 -0.123400
v 0.023151 -0.015098 -0.123400
v 0.021651 -0.015500 -0.123400
v 0.017075 0.020000 -0.113800
v 0.017989 0.020000 -0.113800
v 0.017989 0.020000 -0.038500
v -0.017989 0.020000 -0.038500
v -0.017989 0.020000 -0.113800
v -0.017075 0.020000 -0.113800
v -0.006250 0.020000 -0.113800
v -0.000000 0.020000 -0.113800
v 0.006250 0.020000 -0.113800
v 0.021616 0.016011 -0.113800
v -0.017989 0.020000 -0.036500
v -0.021616 0.016011 -0.036500
v -0.021616 0.016011 -0.113800
v -0.024375 0.011379 -0.113800
v -0.024375 0.011379 -0.036500
v -0.026154 0.006290 -0.113800
v -0.026154 0.006290 -0.036500
v -0.026706 0.003225 -0.113800
v -0.026883 0.000948 -0.036500
v -0.026532 -0.004432 -0.036500
v -0.026633 -0.003783 -0.113800
v -0.026883 0.000948 -0.113800
v -0.025116 -0.009634 -0.036500
v -0.026156 -0.006282 -0.113800
v -0.026532 -0.004432 -0.113800
v -0.019353 -0.018683 -0.036500
v -0.020721 -0.017154 -0.113800
v -0.022690 -0.014448 -0.036500
v -0.022690 -0.014448 -0.113800
v -0.025116 -0.009634 -0.113800
v -0.010513 -0.024761 -0.036500
v -0.013193 -0.023443 -0.113800
v -0.015239 -0.022167 -0.036500
v -0.015239 -0.022167 -0.113800
v -0.019353 -0.018683 -0.113800
v 0.010513 -0.024761 -0.036500
v 0.006273 -0.026158 -0.113800
v 0.005364 -0.026360 -0.036500
v 0.005364 -0.026360 -0.113800
v -0.000000 -0.026900 -0.036500
v -0.000000 -0.026900 -0.113800
v -0.005364 -0.026360 -0.036500
v -0.005364 -0.026360 -0.113800
v -0.010513 -0.024761 -0.113800
v 0.019353 -0.018683 -0.036500
v 0.017162 -0.020714 -0.113800
v 0.015239 -0.022167 -0.036500
v 0.015239 -0.022167 -0.113800
v 0.010513 -0.024761 -0.113800
v 0.025116 -0.009634 -0.036500
v 0.023419 -0.013235 -0.113800
v 0.022690 -0.014448 -0.036500
v 0.022690 -0.014448 -0.113800
v 0.019353 -0.018683 -0.113800
v 0.017989 0.020000 -0.036500
v 0.021616 0.016011 -0.036500
v 0.024375 0.011379 -0.036500
v 0.024375 0.011379 -0.113800
v 0.026154 0.006290 -0.036500
v 0.026154 0.006290 -0.113800
v 0.026883 0.000948 -0.036500
v 0.026883 0.000948 -0.113800
v 0.026532 -0.004432 -0.036500
v 0.026532 -0.004432 -0.113800
v 0.025116 -0.009634 -0.113800
v 0.010000 0.022975 -0.113800
v 0.010000 0.022975 -0.038500
v 0.010513 0.023112 -0.113800
v 0.010513 0.023112 -0.038500
v 0.010888 0.023488 -0.113800
v 0.010888 0.023488 -0.038500
v 0.011025 0.024000 -0.113800
v 0.011025 0.024000 -0.038500
v 0.010888 0.024512 -0.113800
v 0.010888 0.024512 -0.038500
v 0.010513 0.024888 -0.113800
v 0.010513 0.024888 -0.038500
v 0.010000 0.025025 -0.113800
v 0.010000 0.025025 -0.038500
v 0.009488 0.024888 -0.113800
v 0.009488 0.024888 -0.038500
v 0.009112 0.024512 -0.113800
v 0.009112 0.024512 -0.038500
v 0.008975 0.024000 -0.113800
v 0.008975 0.024000 -0.038500
v 0.009112 0.023488 -0.113800
v 0.009112 0.023488 -0.038500
v 0.009488 0.023112 -0.113800
v 0.009488 0.023112 -0.038500
v -0.010000 0.022975 -0.113800
v -0.010000 0.022975 -0.038500
v -0.009488 0.023112 -0.113800
v -0.009488 0.023112 -0.038500
v -0.009112 0.023488 -0.113800
v -0.009112 0.023488 -0.038500
v -0.008975 0.024000 -0.113800
v -0.008975 0.024000 -0.038500
v -0.009112 0.024512 -0.113800
v -0.009112 0.024512 -0.038500
v -0.009488 0.024888 -0.113800
v -0.009488 0.024888 -0.038500
v -0.010000 0.025025 -0.113800
v -0.010000 0.025025 -0.038500
v -0.010513 0.024888 -0.113800
v -0.010513 0.024888 -0.038500
v -0.010888 0.024512 -0.113800
v -0.010888 0.024512 -0.038500
v -0.011025 0.024000 -0.113800
v -0.011025 0.024000 -0.038500
v -0.010888 0.023488 -0.113800
v -0.010888 0.023488 -0.038500
v -0.010513 0.023112 -0.113800
v -0.010513 0.023112 -0.038500
v -0.012846 0.027000 -0.118800
v -0.012846 0.027000 -0.038500
v -0.006250 0.027000 -0.118800
v 0.012846 0.027000 -0.038500
v 0.006250 0.027000 -0.118800
v 0.012846 0.027000 -0.118800
v 0.017989 0.023883 -0.038500
v 0.017989 0.023883 -0.036500
v 0.022053 0.020191 -0.036500
v -0.017778 0.024041 -0.038500
v -0.017778 0.024041 -0.118800
v -0.022053 0.020191 -0.036500
v -0.017989 0.023883 -0.036500
v -0.017989 0.023883 -0.038500
v -0.018629 0.023388 -0.118800
v -0.020291 0.021961 -0.118800
v 0.017778 0.024041 -0.038500
v 0.022053 0.020191 -0.118800
v 0.022044 0.020201 -0.118800
v 0.020291 0.021961 -0.118800
v 0.018629 0.023388 -0.118800
v 0.017778 0.024041 -0.118800
v 0.025511 0.015595 -0.036500
v 0.025511 0.015595 -0.118800
v 0.028025 0.010421 -0.036500
v 0.028025 0.010421 -0.118800
v 0.029502 0.004862 -0.036500
v 0.029502 0.004862 -0.118800
v 0.029887 -0.000878 -0.036500
v 0.029887 -0.000878 -0.118800
v 0.029166 -0.006584 -0.036500
v 0.029166 -0.006584 -0.118800
v 0.027365 -0.012048 -0.036500
v 0.027365 -0.012048 -0.118800
v 0.024552 -0.017065 -0.036500
v 0.024552 -0.017065 -0.118800
v 0.020830 -0.021451 -0.036500
v 0.020830 -0.021451 -0.118800
v 0.020242 -0.022006 -0.118800
v 0.016337 -0.025042 -0.036500
v 0.018571 -0.023433 -0.118800
v -0.020830 -0.021451 -0.036500
v -0.016337 -0.025042 -0.118800
v -0.016337 -0.025042 -0.036500
v -0.011239 -0.027707 -0.118800
v -0.011239 -0.027707 -0.036500
v -0.005726 -0.029347 -0.118800
v -0.005726 -0.029347 -0.036500
v -0.000000 -0.029900 -0.118800
v -0.000000 -0.029900 -0.036500
v 0.005726 -0.029347 -0.118800
v 0.005726 -0.029347 -0.036500
v 0.011239 -0.027707 -0.118800
v 0.011239 -0.027707 -0.036500
v 0.016337 -0.025042 -0.118800
v 0.016912 -0.024658 -0.118800
v -0.022044 0.020201 -0.118800
v -0.022053 0.020191 -0.118800
v -0.025511 0.015595 -0.118800
v -0.025511 0.015595 -0.036500
v -0.028025 0.010421 -0.118800
v -0.028025 0.010421 -0.036500
v -0.029502 0.004862 -0.118800
v -0.029502 0.004862 -0.036500
v -0.029887 -0.000878 -0.118800
v -0.029887 -0.000878 -0.036500
v -0.029166 -0.006584 -0.118800
v -0.029166 -0.006584 -0.036500
v -0.027365 -0.012048 -0.118800
v -0.027365 -0.012048 -0.036500
v -0.024552 -0.017065 -0.118800
v -0.024552 -0.017065 -0.036500
v -0.021977 -0.020273 -0.118800
v -0.020830 -0.021451 -0.118800
v -0.021026 0.013583 -0.118800
v -0.021651 0.013750 -0.118800
v -0.020200 0.016875 -0.118800
v 0.000625 0.026083 -0.118800
v -0.000000 0.026250 -0.118800
v 0.016875 0.020200 -0.118800
v 0.020200 0.020200 -0.118800
v 0.020200 0.016875 -0.118800
v -0.019966 -0.001163 -0.118800
v -0.019160 -0.005736 -0.118800
v -0.020200 -0.006250 -0.118800
v 0.014547 -0.013725 -0.118800
v 0.017321 -0.010000 -0.118800
v 0.016875 -0.020200 -0.118800
v 0.018364 0.007922 -0.118800
v 0.016042 0.011943 -0.118800
v 0.016875 0.016875 -0.118800
v 0.016875 0.023325 -0.118800
v 0.020200 -0.020200 -0.118800
v -0.011875 -0.020568 -0.118800
v -0.012500 -0.020401 -0.118800
v -0.006250 -0.020200 -0.118800
v -0.020200 -0.020200 -0.118800
v -0.028075 -0.006250 -0.118800
v -0.023325 -0.006250 -0.118800
v -0.020200 0.020200 -0.118800
v -0.006250 0.023325 -0.118800
v -0.011250 0.021651 -0.118800
v -0.011417 0.022276 -0.118800
v -0.011875 0.022733 -0.118800
v -0.012500 0.022901 -0.118800
v -0.013125 0.022733 -0.118800
v -0.013583 0.022276 -0.118800
v -0.013750 0.021651 -0.118800
v -0.013583 0.021026 -0.118800
v -0.013125 0.020568 -0.118800
v -0.012500 0.020401 -0.118800
v -0.006250 0.020200 -0.118800
v -0.011875 0.020568 -0.118800
v -0.011417 0.021026 -0.118800
v -0.020401 -0.012500 -0.118800
v -0.020568 -0.011875 -0.118800
v -0.021026 -0.011417 -0.118800
v -0.021651 -0.011250 -0.118800
v -0.022276 -0.011417 -0.118800
v -0.022733 -0.011875 -0.118800
v -0.022901 -0.012500 -0.118800
v -0.022733 -0.013125 -0.118800
v -0.022276 -0.013583 -0.118800
v -0.021651 -0.013750 -0.118800
v -0.021026 -0.013583 -0.118800
v -0.020568 -0.013125 -0.118800
v -0.012500 -0.022901 -0.118800
v -0.011875 -0.022733 -0.118800
v -0.006250 -0.023325 -0.118800
v -0.011417 -0.022276 -0.118800
v -0.011250 -0.021651 -0.118800
v -0.011417 -0.021026 -0.118800
v -0.013125 -0.020568 -0.118800
v -0.013583 -0.021026 -0.118800
v -0.013750 -0.021651 -0.118800
v -0.013583 -0.022276 -0.118800
v -0.013125 -0.022733 -0.118800
v -0.006250 -0.028075 -0.118800
v 0.006250 -0.028075 -0.118800
v 0.016875 -0.023325 -0.118800
v 0.006250 -0.023325 -0.118800
v 0.022901 -0.012500 -0.118800
v 0.022733 -0.011875 -0.118800
v 0.023325 -0.006250 -0.118800
v 0.022276 -0.011417 -0.118800
v 0.020200 -0.006250 -0.118800
v 0.021651 -0.011250 -0.118800
v 0.021026 -0.011417 -0.118800
v 0.020568 -0.011875 -0.118800
v 0.020401 -0.012500 -0.118800
v 0.020568 -0.013125 -0.118800
v 0.021026 -0.013583 -0.118800
v 0.021651 -0.013750 -0.118800
v 0.022276 -0.013583 -0.118800
v 0.022733 -0.013125 -0.118800
v 0.023750 0.000000 -0.118800
v 0.023917 -0.000625 -0.118800
v 0.023325 0.006250 -0.118800
v 0.024375 0.001083 -0.118800
v 0.023917 0.000625 -0.118800
v 0.024375 -0.001083 -0.118800
v 0.025000 -0.001250 -0.118800
v 0.025625 -0.001083 -0.118800
v 0.026083 -0.000625 -0.118800
v 0.026250 0.000000 -0.118800
v 0.026083 0.000625 -0.118800
v 0.025625 0.001083 -0.118800
v 0.025000 0.001250 -0.118800
v 0.023325 0.016875 -0.118800
v 0.006250 0.023325 -0.118800
v 0.008976 0.017873 -0.118800
v 0.004612 0.019461 -0.118800
v 0.006250 0.020200 -0.118800
v -0.000000 0.020000 -0.118800
v 0.019160 -0.005736 -0.118800
v 0.006250 -0.020200 -0.118800
v 0.006840 -0.018794 -0.118800
v 0.010990 -0.016710 -0.118800
v -0.002322 -0.019865 -0.118800
v 0.002322 -0.019865 -0.118800
v -0.017321 -0.010000 -0.118800
v -0.014547 -0.013725 -0.118800
v -0.010990 -0.016710 -0.118800
v -0.006840 -0.018794 -0.118800
v -0.008976 0.017873 -0.118800
v -0.012856 0.015321 -0.118800
v -0.016042 0.011943 -0.118800
v -0.018364 0.007922 -0.118800
v -0.020200 0.006250 -0.118800
v -0.019696 0.003473 -0.118800
v -0.023325 0.016875 -0.118800
v -0.004612 0.019461 -0.118800
v 0.021651 0.013750 -0.118800
v 0.021026 0.013583 -0.118800
v 0.022276 0.013583 -0.118800
v 0.020568 0.011875 -0.118800
v 0.020200 0.006250 -0.118800
v 0.020401 0.012500 -0.118800
v 0.020568 0.013125 -0.118800
v 0.021026 0.011417 -0.118800
v 0.021651 0.011250 -0.118800
v 0.022276 0.011417 -0.118800
v 0.022733 0.011875 -0.118800
v 0.022901 0.012500 -0.118800
v 0.022733 0.013125 -0.118800
v 0.019966 -0.001163 -0.118800
v 0.019696 0.003473 -0.118800
v 0.012500 0.020401 -0.118800
v 0.013125 0.020568 -0.118800
v 0.013583 0.021026 -0.118800
v 0.013750 0.021651 -0.118800
v 0.011875 0.022733 -0.118800
v 0.012500 0.022901 -0.118800
v 0.013125 0.022733 -0.118800
v 0.013583 0.022276 -0.118800
v 0.011417 0.022276 -0.118800
v 0.011250 0.021651 -0.118800
v 0.011417 0.021026 -0.118800
v 0.011875 0.020568 -0.118800
v 0.012856 0.015321 -0.118800
v 0.013750 -0.021651 -0.118800
v 0.013583 -0.021026 -0.118800
v 0.013125 -0.020568 -0.118800
v 0.012500 -0.020401 -0.118800
v 0.011875 -0.020568 -0.118800
v 0.011417 -0.021026 -0.118800
v 0.013583 -0.022276 -0.118800
v 0.011250 -0.021651 -0.118800
v 0.011417 -0.022276 -0.118800
v 0.011875 -0.022733 -0.118800
v 0.012500 -0.022901 -0.118800
v 0.013125 -0.022733 -0.118800
v 0.001083 0.024375 -0.118800
v 0.001250 0.025000 -0.118800
v 0.001083 0.025625 -0.118800
v -0.000625 0.026083 -0.118800
v -0.001083 0.025625 -0.118800
v -0.001250 0.025000 -0.118800
v -0.001083 0.024375 -0.118800
v -0.000625 0.023917 -0.118800
v -0.000000 0.023750 -0.118800
v 0.000625 0.023917 -0.118800
v -0.001083 -0.024375 -0.118800
v -0.001250 -0.025000 -0.118800
v 0.001250 -0.025000 -0.118800
v 0.001083 -0.024375 -0.118800
v -0.001083 -0.025625 -0.118800
v 0.001083 -0.025625 -0.118800
v 0.000625 -0.023917 -0.118800
v -0.000000 -0.023750 -0.118800
v -0.000625 -0.023917 -0.118800
v -0.000625 -0.026083 -0.118800
v -0.000000 -0.026250 -0.118800
v 0.000625 -0.026083 -0.118800
v -0.022276 0.013583 -0.118800
v -0.022733 0.013125 -0.118800
v -0.022901 0.012500 -0.118800
v -0.023325 0.006250 -0.118800
v -0.028075 0.006250 -0.118800
v -0.022733 0.011875 -0.118800
v -0.022276 0.011417 -0.118800
v -0.021651 0.011250 -0.118800
v -0.021026 0.011417 -0.118800
v -0.020568 0.011875 -0.118800
v -0.020401 0.012500 -0.118800
v -0.020568 0.013125 -0.118800
v -0.023750 0.000000 -0.118800
v -0.023917 0.000625 -0.118800
v -0.024375 0.001083 -0.118800
v -0.025000 0.001250 -0.118800
v -0.025625 0.001083 -0.118800
v -0.026083 0.000625 -0.118800
v -0.024375 -0.001083 -0.118800
v -0.023917 -0.000625 -0.118800
v -0.026250 0.000000 -0.118800
v -0.026083 -0.000625 -0.118800
v -0.025625 -0.001083 -0.118800
v -0.025000 -0.001250 -0.118800
v -0.010000 0.024000 -0.113800
v 0.010000 0.024000 -0.113800
v -0.023325 0.006250 -0.113800
v -0.023325 -0.006250 -0.113800
v -0.017075 -0.017075 -0.113800
v -0.006250 -0.023325 -0.113800
v 0.006250 -0.023325 -0.113800
v 0.017075 -0.017075 -0.113800
v 0.023325 -0.006250 -0.113800
v 0.010990 -0.016710 -0.113800
v 0.014547 -0.013725 -0.113800
v -0.014547 -0.013725 -0.113800
v -0.010990 -0.016710 -0.113800
v -0.019966 -0.001163 -0.113800
v -0.019696 0.003473 -0.113800
v -0.016042 0.011943 -0.113800
v -0.012856 0.015321 -0.113800
v -0.008976 0.017873 -0.113800
v -0.004612 0.019461 -0.113800
v -0.000000 0.020000 -0.113800
v -0.021651 0.013750 -0.113800
v -0.021026 0.013583 -0.113800
v -0.022733 0.011875 -0.113800
v -0.022276 0.011417 -0.113800
v -0.021651 0.011250 -0.113800
v -0.021026 0.011417 -0.113800
v -0.018364 0.007922 -0.113800
v -0.020568 0.011875 -0.113800
v -0.020401 0.012500 -0.113800
v -0.020568 0.013125 -0.113800
v -0.022901 0.012500 -0.113800
v -0.022733 0.013125 -0.113800
v -0.022276 0.013583 -0.113800
v -0.021651 -0.011250 -0.113800
v -0.019160 -0.005736 -0.113800
v -0.021026 -0.011417 -0.113800
v -0.017321 -0.010000 -0.113800
v -0.020568 -0.011875 -0.113800
v -0.020401 -0.012500 -0.113800
v -0.020568 -0.013125 -0.113800
v -0.021026 -0.013583 -0.113800
v -0.021651 -0.013750 -0.113800
v -0.022276 -0.013583 -0.113800
v -0.022733 -0.013125 -0.113800
v -0.022901 -0.012500 -0.113800
v -0.022733 -0.011875 -0.113800
v -0.022276 -0.011417 -0.113800
v -0.013125 -0.022733 -0.113800
v -0.011875 -0.020568 -0.113800
v -0.006840 -0.018794 -0.113800
v -0.011417 -0.021026 -0.113800
v -0.002322 -0.019865 -0.113800
v -0.013583 -0.022276 -0.113800
v -0.013750 -0.021651 -0.113800
v -0.013583 -0.021026 -0.113800
v -0.013125 -0.020568 -0.113800
v -0.012500 -0.020401 -0.113800
v -0.011250 -0.021651 -0.113800
v -0.011417 -0.022276 -0.113800
v -0.011875 -0.022733 -0.113800
v -0.012500 -0.022901 -0.113800
v 0.002322 -0.019865 -0.113800
v 0.013125 -0.022733 -0.113800
v 0.012500 -0.022901 -0.113800
v 0.011875 -0.022733 -0.113800
v 0.011417 -0.022276 -0.113800
v 0.011250 -0.021651 -0.113800
v 0.006840 -0.018794 -0.113800
v 0.011417 -0.021026 -0.113800
v 0.011875 -0.020568 -0.113800
v 0.012500 -0.020401 -0.113800
v 0.013125 -0.020568 -0.113800
v 0.013583 -0.021026 -0.113800
v 0.013750 -0.021651 -0.113800
v 0.013583 -0.022276 -0.113800
v 0.021026 -0.011417 -0.113800
v 0.021651 -0.011250 -0.113800
v 0.022276 -0.011417 -0.113800
v 0.022733 -0.011875 -0.113800
v 0.022901 -0.012500 -0.113800
v 0.022733 -0.013125 -0.113800
v 0.022276 -0.013583 -0.113800
v 0.021651 -0.013750 -0.113800
v 0.021026 -0.013583 -0.113800
v 0.020568 -0.013125 -0.113800
v 0.020401 -0.012500 -0.113800
v 0.017321 -0.010000 -0.113800
v 0.020568 -0.011875 -0.113800
v 0.019160 -0.005736 -0.113800
v 0.023325 0.006250 -0.113800
v 0.019696 0.003473 -0.113800
v 0.019966 -0.001163 -0.113800
v 0.020568 0.011875 -0.113800
v 0.016042 0.011943 -0.113800
v 0.021026 0.011417 -0.113800
v 0.018364 0.007922 -0.113800
v 0.021651 0.011250 -0.113800
v 0.022276 0.011417 -0.113800
v 0.022733 0.011875 -0.113800
v 0.022901 0.012500 -0.113800
v 0.022733 0.013125 -0.113800
v 0.022276 0.013583 -0.113800
v 0.020401 0.012500 -0.113800
v 0.020568 0.013125 -0.113800
v 0.021026 0.013583 -0.113800
v 0.021651 0.013750 -0.113800
v 0.008976 0.017873 -0.113800
v 0.004612 0.019461 -0.113800
v 0.012856 0.015321 -0.113800
v 0.024375 0.001083 -0.113800
v 0.024375 -0.001083 -0.113800
v 0.025000 -0.001250 -0.113800
v 0.025625 -0.001083 -0.113800
v 0.023917 -0.000625 -0.113800
v 0.023750 0.000000 -0.113800
v 0.023917 0.000625 -0.113800
v 0.025000 0.001250 -0.113800
v 0.025625 0.001083 -0.113800
v 0.026083 0.000625 -0.113800
v 0.026250 0.000000 -0.113800
v 0.026083 -0.000625 -0.113800
v 0.000625 -0.026083 -0.113800
v -0.000000 -0.026250 -0.113800
v -0.000625 -0.023917 -0.113800
v -0.000000 -0.023750 -0.113800
v -0.000625 -0.026083 -0.113800
v -0.001083 -0.025625 -0.113800
v -0.001250 -0.025000 -0.113800
v -0.001083 -0.024375 -0.113800
v 0.000625 -0.023917 -0.113800
v 0.001083 -0.024375 -0.113800
v 0.001250 -0.025000 -0.113800
v 0.001083 -0.025625 -0.113800
v -0.025625 -0.001083 -0.113800
v -0.026083 -0.000625 -0.113800
v -0.025000 -0.001250 -0.113800
v -0.023750 0.000000 -0.113800
v -0.023917 0.000625 -0.113800
v -0.024375 -0.001083 -0.113800
v -0.023917 -0.000625 -0.113800
v -0.026250 0.000000 -0.113800
v -0.026083 0.000625 -0.113800
v -0.025625 0.001083 -0.113800
v -0.025000 0.001250 -0.113800
v -0.024375 0.001083 -0.113800
v -0.000000 0.020000 -0.118800
v -0.000000 -0.023750 -0.118800
v 0.012500 0.021651 -0.109549
v 0.013125 0.022733 -0.110300
v 0.013583 0.022276 -0.110300
v 0.012500 0.022901 -0.110300
v 0.013583 0.021026 -0.110300
v 0.013125 0.020568 -0.110300
v 0.013750 0.021651 -0.110300
v 0.011875 0.020568 -0.110300
v 0.011417 0.021026 -0.110300
v 0.012500 0.020401 -0.110300
v 0.011417 0.022276 -0.110300
v 0.011875 0.022733 -0.110300
v 0.011250 0.021651 -0.110300
v -0.000000 0.025000 -0.109549
v 0.000625 0.026083 -0.110300
v 0.001083 0.025625 -0.110300
v -0.000000 0.026250 -0.110300
v 0.001083 0.024375 -0.110300
v 0.000625 0.023917 -0.110300
v 0.001250 0.025000 -0.110300
v -0.000625 0.023917 -0.110300
v -0.001083 0.024375 -0.110300
v -0.000000 0.023750 -0.110300
v -0.001083 0.025625 -0.110300
v -0.000625 0.026083 -0.110300
v -0.001250 0.025000 -0.110300
v -0.000000 0.026250 -0.110300
v -0.000000 0.026250 -0.118800
v -0.000000 0.023750 -0.110300
v -0.012500 0.021651 -0.109549
v -0.011875 0.022733 -0.110300
v -0.011417 0.022276 -0.110300
v -0.012500 0.022901 -0.110300
v -0.011417 0.021026 -0.110300
v -0.011875 0.020568 -0.110300
v -0.011250 0.021651 -0.110300
v -0.013125 0.020568 -0.110300
v -0.013583 0.021026 -0.110300
v -0.012500 0.020401 -0.110300
v -0.013583 0.022276 -0.110300
v -0.013125 0.022733 -0.110300
v -0.013750 0.021651 -0.110300
v 0.000800 0.004174 -0.099547
v 0.000894 0.004524 -0.099547
v 0.001150 0.004780 -0.099547
v 0.001850 0.004780 -0.099547
v 0.002106 0.004524 -0.099547
v 0.002200 0.004174 -0.099547
v 0.000894 0.003824 -0.099547
v 0.001150 0.003568 -0.099547
v 0.001500 0.003474 -0.099547
v 0.001850 0.003568 -0.099547
v 0.001500 0.004874 -0.099547
v 0.002106 0.003824 -0.099547
v 0.002200 0.004174 -0.087293
v 0.002106 0.004524 -0.087293
v 0.001850 0.004780 -0.087293
v 0.001500 0.004874 -0.087293
v 0.001150 0.004780 -0.087293
v 0.000894 0.004524 -0.087293
v 0.000800 0.004174 -0.087293
v 0.000894 0.003824 -0.087293
v 0.001150 0.003568 -0.087293
v 0.001500 0.003474 -0.087293
v 0.001850 0.003568 -0.087293
v 0.002106 0.003824 -0.087293
v 0.003642 0.008244 -0.073398
v 0.003772 0.008232 -0.073450
v 0.002667 0.007069 -0.075976
v 0.002938 0.007015 -0.076043
v 0.002002 0.006169 -0.078537
v 0.001620 0.005520 -0.081079
v 0.002277 0.006114 -0.078578
v 0.001500 0.005099 -0.083612
v 0.001898 0.005464 -0.081096
v 0.001850 0.005006 -0.083601
v 0.002138 0.005298 -0.081087
v 0.002016 0.004874 -0.083584
v 0.003889 0.006977 -0.072857
v 0.002823 0.005762 -0.075500
v 0.004014 0.006990 -0.072921
v 0.003081 0.005816 -0.075606
v 0.004132 0.007029 -0.072995
v 0.003288 0.005973 -0.075738
v 0.004318 0.007182 -0.073159
v 0.003397 0.006193 -0.075862
v 0.004406 0.007395 -0.073309
v 0.003410 0.006415 -0.075956
v 0.004402 0.007611 -0.073419
v 0.003344 0.006637 -0.076024
v 0.004322 0.007826 -0.073493
v 0.003182 0.006857 -0.076059
v 0.004151 0.008039 -0.073525
v 0.003905 0.008192 -0.073491
v 0.002520 0.005951 -0.078581
v 0.002673 0.005726 -0.078545
v 0.002728 0.005498 -0.078487
v 0.002701 0.005270 -0.078413
v 0.002575 0.005044 -0.078318
v 0.002353 0.004882 -0.078222
v 0.002084 0.004827 -0.078148
v 0.002284 0.005068 -0.081053
v 0.002331 0.004835 -0.081009
v 0.002295 0.004602 -0.080957
v 0.002158 0.004372 -0.080894
v 0.001925 0.004206 -0.080835
v 0.001650 0.004150 -0.080795
v 0.002106 0.004752 -0.083569
v 0.002158 0.004641 -0.083556
v 0.002200 0.004404 -0.083527
v 0.002106 0.004057 -0.083484
v 0.002016 0.003935 -0.083469
v 0.001850 0.003803 -0.083453
v 0.001500 0.003710 -0.083441
v 0.001093 0.003839 -0.083457
v 0.000894 0.004057 -0.083484
v 0.000842 0.004168 -0.083498
v 0.000800 0.004404 -0.083527
v 0.000894 0.004752 -0.083569
v 0.001150 0.005006 -0.083601
v 0.001360 0.005085 -0.083610
v 0.001360 0.003724 -0.083443
v 0.001150 0.003803 -0.083453
v 0.003719 0.008332 -0.073227
v 0.003848 0.008319 -0.073280
v 0.003981 0.008279 -0.073322
v 0.004110 0.008213 -0.073349
v 0.004226 0.008125 -0.073359
v 0.004323 0.008022 -0.073351
v 0.004397 0.007912 -0.073330
v 0.004426 0.007853 -0.073313
v 0.004477 0.007696 -0.073257
v 0.004488 0.007539 -0.073182
v 0.004481 0.007480 -0.073149
v 0.004450 0.007369 -0.073079
v 0.004394 0.007266 -0.073000
v 0.004311 0.007178 -0.072917
v 0.004208 0.007112 -0.072835
v 0.004090 0.007073 -0.072760
v 0.003966 0.007060 -0.072696
v 0.001218 0.005393 -0.081011
v 0.003760 0.006990 -0.072804
v 0.002688 0.005775 -0.075461
v 0.001612 0.006044 -0.078416
v 0.001112 0.005298 -0.080980
v 0.001510 0.005951 -0.078367
v 0.000975 0.005068 -0.080917
v 0.001385 0.005726 -0.078272
v 0.000939 0.004835 -0.080864
v 0.001358 0.005498 -0.078197
v 0.000985 0.004602 -0.080820
v 0.001413 0.005270 -0.078140
v 0.001132 0.004372 -0.080787
v 0.001566 0.005044 -0.078104
v 0.001242 0.004277 -0.080779
v 0.001679 0.004951 -0.078100
v 0.001371 0.004206 -0.080778
v 0.001808 0.004882 -0.078106
v 0.001510 0.004163 -0.080783
v 0.001946 0.004840 -0.078123
v 0.003626 0.007029 -0.072764
v 0.002552 0.005816 -0.075433
v 0.003496 0.007095 -0.072738
v 0.002422 0.005883 -0.075417
v 0.003380 0.007182 -0.072730
v 0.002307 0.005973 -0.075416
v 0.003209 0.007395 -0.072762
v 0.002146 0.006193 -0.075452
v 0.003129 0.007611 -0.072836
v 0.002079 0.006415 -0.075520
v 0.003125 0.007826 -0.072945
v 0.002093 0.006637 -0.075614
v 0.003213 0.008039 -0.073095
v 0.002202 0.006857 -0.075738
v 0.003295 0.008127 -0.073178
v 0.002295 0.006947 -0.075805
v 0.003399 0.008192 -0.073259
v 0.003517 0.008232 -0.073334
v 0.002408 0.007015 -0.075869
v 0.002535 0.007056 -0.075927
v 0.001733 0.006114 -0.078463
v 0.001866 0.006155 -0.078504
v 0.001344 0.005464 -0.081039
v 0.001481 0.005506 -0.081062
v 0.005819 0.008766 -0.070279
v 0.005532 0.008385 -0.069996
v 0.005288 0.008330 -0.069861
v 0.005723 0.008544 -0.070148
v 0.005590 0.009436 -0.070434
v 0.005752 0.009214 -0.070423
v 0.005780 0.009153 -0.070412
v 0.005824 0.008990 -0.070369
v 0.005828 0.008827 -0.070307
v 0.005351 0.009595 -0.070384
v 0.005091 0.009650 -0.070284
v 0.003837 0.007073 -0.072642
v 0.003704 0.007112 -0.072600
v 0.003575 0.007178 -0.072573
v 0.003458 0.007266 -0.072564
v 0.003362 0.007369 -0.072571
v 0.003288 0.007480 -0.072593
v 0.003257 0.007540 -0.072609
v 0.003208 0.007696 -0.072665
v 0.003197 0.007851 -0.072739
v 0.003204 0.007912 -0.072773
v 0.003234 0.008022 -0.072844
v 0.003291 0.008125 -0.072922
v 0.003373 0.008213 -0.073005
v 0.003476 0.008279 -0.073087
v 0.003594 0.008319 -0.073162
v 0.008041 0.001100 -0.084601
v 0.007525 0.001100 -0.085393
v 0.007380 0.001905 -0.084142
v 0.007245 0.001534 -0.085221
v 0.008041 -0.001100 -0.084601
v 0.007651 -0.000790 -0.085470
v 0.008283 0.000000 -0.084769
v 0.007776 0.000000 -0.085546
v 0.007651 0.000790 -0.085470
v 0.005572 -0.001905 -0.082888
v 0.005900 -0.002200 -0.084398
v 0.006476 -0.002200 -0.083515
v 0.006838 -0.001905 -0.084972
v 0.007380 -0.001905 -0.084142
v 0.007245 -0.001534 -0.085221
v 0.007525 -0.001100 -0.085393
v 0.004910 -0.001100 -0.082429
v 0.004548 -0.001527 -0.083571
v 0.004961 -0.001905 -0.083824
v 0.004668 0.000000 -0.082261
v 0.004144 -0.000776 -0.083324
v 0.004275 -0.001100 -0.083404
v 0.004910 0.001100 -0.082429
v 0.004156 0.000814 -0.083331
v 0.004023 0.000000 -0.083250
v 0.006838 0.001905 -0.084972
v 0.005900 0.002200 -0.084398
v 0.006476 0.002200 -0.083515
v 0.004961 0.001905 -0.083824
v 0.005572 0.001905 -0.082888
v 0.004575 0.001558 -0.083587
v 0.004275 0.001100 -0.083404
v 0.004351 -0.002286 -0.087582
v 0.005127 -0.002124 -0.087874
v 0.005334 -0.001441 -0.091333
v 0.005459 -0.001162 -0.091384
v 0.006255 -0.000878 -0.088354
v 0.003380 0.001809 -0.091391
v 0.004274 0.002108 -0.087792
v 0.005056 0.001946 -0.088069
v 0.004098 0.001688 -0.091490
v 0.005767 0.001443 -0.088301
v 0.004763 0.001317 -0.091553
v 0.006227 0.000700 -0.088429
v 0.005432 0.000408 -0.091556
v 0.005259 0.000752 -0.091567
v 0.006379 -0.000089 -0.088442
v 0.005573 -0.000694 -0.091454
v 0.005591 -0.000377 -0.091493
v 0.005540 0.000059 -0.091533
v 0.004312 -0.002385 -0.091067
v 0.004857 -0.002040 -0.091191
v 0.003575 -0.002560 -0.090932
v 0.003455 -0.002563 -0.090913
v 0.005820 -0.001622 -0.088155
v 0.002297 -0.002231 -0.090770
v 0.001723 -0.001718 -0.090737
v 0.002233 -0.002207 -0.090846
v 0.001703 -0.001744 -0.090906
v 0.002627 -0.002400 -0.090802
v 0.002988 -0.002524 -0.090925
v 0.003000 -0.002515 -0.090847
v 0.003752 -0.002550 -0.091039
v 0.004480 -0.002305 -0.091177
v 0.005070 -0.001821 -0.091321
v 0.005391 0.000475 -0.091627
v 0.005575 -0.000263 -0.091573
v 0.005580 -0.000475 -0.091550
v 0.005459 -0.001140 -0.091457
v 0.001856 0.001171 -0.091080
v 0.002040 0.001338 -0.091128
v 0.002145 0.001418 -0.091239
v 0.002708 0.001702 -0.091274
v 0.002842 0.001736 -0.091380
v 0.003617 0.001787 -0.091504
v 0.004294 0.001595 -0.091586
v 0.004926 0.001152 -0.091633
v 0.002133 0.001408 -0.091322
v 0.001715 0.001025 -0.091218
v 0.001717 0.001022 -0.091129
v 0.001720 0.001019 -0.091042
v 0.002829 0.001727 -0.091461
v 0.003605 0.001778 -0.091582
v 0.004180 0.001631 -0.091650
v 0.004283 0.001587 -0.091660
v 0.004915 0.001144 -0.091704
v 0.005380 0.000467 -0.091697
v 0.005564 -0.000270 -0.091642
v 0.005570 -0.000439 -0.091624
v 0.005570 -0.000483 -0.091619
v 0.005449 -0.001147 -0.091527
v 0.005073 -0.001813 -0.091396
v 0.002220 -0.002217 -0.090929
v 0.002975 -0.002533 -0.091006
v 0.003740 -0.002558 -0.091116
v 0.004469 -0.002313 -0.091251
v 0.004814 -0.002074 -0.091329
v 0.005059 -0.001829 -0.091393
v 0.005535 -0.000455 -0.091875
v 0.005535 -0.000410 -0.091875
v 0.005478 0.000094 -0.091868
v 0.005257 0.000666 -0.091839
v 0.001707 0.001032 -0.091369
v 0.002056 0.001357 -0.091415
v 0.002687 0.001685 -0.091499
v 0.003043 0.001767 -0.091546
v 0.004104 0.001656 -0.091686
v 0.004986 0.001050 -0.091803
v 0.004818 0.001221 -0.091781
v 0.005001 -0.001852 -0.091805
v 0.004938 -0.001922 -0.091796
v 0.004037 -0.002499 -0.091677
v 0.003330 -0.002610 -0.091584
v 0.002972 -0.002576 -0.091536
v 0.001999 -0.002133 -0.091408
v 0.001662 -0.001797 -0.091363
v 0.005211 -0.001564 -0.091833
v 0.005460 -0.000983 -0.091865
v 0.015763 0.000000 -0.073986
v 0.015520 0.001100 -0.073818
v 0.014859 0.001905 -0.073359
v 0.013955 0.002200 -0.072732
v 0.013051 0.001905 -0.072106
v 0.012389 0.001100 -0.071647
v 0.012147 0.000000 -0.071479
v 0.012389 -0.001100 -0.071647
v 0.013051 -0.001905 -0.072106
v 0.013955 -0.002200 -0.072732
v 0.014859 -0.001905 -0.073359
v 0.015520 -0.001100 -0.073818
v 0.015586 -0.000717 -0.005000
v 0.016000 -0.000827 -0.005000
v 0.016000 0.000827 -0.005000
v 0.016414 -0.000717 -0.005000
v 0.016717 0.000414 -0.005000
v 0.016414 0.000717 -0.005000
v 0.016827 0.000000 -0.005000
v 0.016717 -0.000414 -0.005000
v 0.015283 -0.000414 -0.005000
v 0.015173 0.000000 -0.005000
v 0.015283 0.000414 -0.005000
v 0.015586 0.000717 -0.005000
v -0.016414 -0.000717 -0.005000
v -0.016000 -0.000827 -0.005000
v -0.016000 0.000827 -0.005000
v -0.015283 0.000414 -0.005000
v -0.015586 0.000717 -0.005000
v -0.015586 -0.000717 -0.005000
v -0.015283 -0.000414 -0.005000
v -0.015173 0.000000 -0.005000
v -0.016827 0.000000 -0.005000
v -0.016717 -0.000414 -0.005000
v -0.016717 0.000414 -0.005000
v -0.016414 0.000717 -0.005000
v 0.007586 -0.014617 -0.005000
v 0.008414 -0.013183 -0.005000
v 0.008000 -0.013073 -0.005000
v 0.008414 -0.014617 -0.005000
v 0.008717 -0.014314 -0.005000
v 0.008827 -0.013900 -0.005000
v 0.008000 -0.014727 -0.005000
v 0.008717 -0.013486 -0.005000
v 0.007173 -0.013900 -0.005000
v 0.007283 -0.014314 -0.005000
v 0.007283 -0.013486 -0.005000
v 0.007586 -0.013183 -0.005000
v -0.007586 -0.013183 -0.005000
v -0.008414 -0.014617 -0.005000
v -0.008000 -0.014727 -0.005000
v -0.008414 -0.013183 -0.005000
v -0.008717 -0.013486 -0.005000
v -0.008827 -0.013900 -0.005000
v -0.007173 -0.013900 -0.005000
v -0.007283 -0.013486 -0.005000
v -0.007283 -0.014314 -0.005000
v -0.007586 -0.014617 -0.005000
v -0.008000 -0.013073 -0.005000
v -0.008717 -0.014314 -0.005000
v 0.007741 0.011763 -0.061329
v 0.007985 0.011900 -0.058331
v 0.008335 0.011806 -0.058342
v 0.007187 0.011349 -0.064330
v 0.008018 0.011705 -0.061360
v 0.006316 0.010653 -0.067306
v 0.007461 0.011292 -0.064384
v 0.006584 0.010597 -0.067383
v 0.006823 0.010434 -0.067418
v 0.006977 0.010206 -0.067407
v 0.007037 0.009977 -0.067362
v 0.008501 0.011673 -0.058348
v 0.008255 0.011538 -0.061376
v 0.008591 0.011550 -0.058350
v 0.008399 0.011303 -0.061373
v 0.008685 0.011200 -0.058353
v 0.008443 0.011066 -0.061357
v 0.008591 0.010850 -0.058350
v 0.008405 0.010830 -0.061330
v 0.008501 0.010727 -0.058348
v 0.008266 0.010595 -0.061291
v 0.008335 0.010594 -0.058342
v 0.008033 0.010427 -0.061245
v 0.007985 0.010500 -0.058331
v 0.007757 0.010369 -0.061204
v 0.007699 0.011126 -0.064408
v 0.007847 0.010894 -0.064400
v 0.007897 0.010660 -0.064369
v 0.007866 0.010427 -0.064318
v 0.007737 0.010195 -0.064245
v 0.007513 0.010029 -0.064162
v 0.007244 0.009972 -0.064089
v 0.007017 0.009747 -0.067290
v 0.006902 0.009520 -0.067186
v 0.006692 0.009357 -0.067068
v 0.006433 0.009301 -0.066963
v 0.004626 0.008766 -0.069723
v 0.004598 0.008828 -0.069734
v 0.004846 0.009595 -0.070149
v 0.004655 0.009436 -0.069998
v 0.004559 0.009214 -0.069866
v 0.004550 0.009151 -0.069838
v 0.004555 0.008990 -0.069777
v 0.004788 0.008544 -0.069712
v 0.005027 0.008385 -0.069761
v -0.006996 -0.000198 -0.091950
v -0.006845 0.000467 -0.091890
v -0.006788 0.000467 -0.092038
v -0.007029 -0.000277 -0.091870
v -0.006946 -0.001004 -0.091842
v -0.006959 -0.001043 -0.091760
v -0.005926 -0.002347 -0.091263
v -0.006155 -0.002208 -0.091356
v -0.006084 -0.002247 -0.091411
v -0.006663 -0.001689 -0.091587
v -0.006623 -0.001719 -0.091653
v -0.004113 -0.002347 -0.090646
v -0.004215 -0.002394 -0.090675
v -0.003992 -0.002305 -0.090696
v -0.004869 -0.002559 -0.090880
v -0.004688 -0.002548 -0.090905
v -0.005505 -0.002506 -0.091102
v -0.003624 -0.002012 -0.090517
v -0.003405 -0.001823 -0.090552
v -0.003273 -0.001607 -0.090442
v -0.003146 -0.001398 -0.090422
v -0.002994 -0.001134 -0.090490
v -0.002897 -0.000659 -0.090420
v -0.002821 -0.000505 -0.090596
v -0.002819 -0.000475 -0.090599
v -0.002847 -0.000465 -0.090515
v -0.002888 0.000262 -0.090704
v -0.002916 0.000271 -0.090621
v -0.002954 0.000467 -0.090749
v -0.003002 0.000467 -0.090581
v -0.002966 -0.001143 -0.090573
v -0.002905 0.000105 -0.090507
v -0.003209 -0.001613 -0.090602
v -0.003377 -0.001832 -0.090634
v -0.003964 -0.002314 -0.090778
v -0.004661 -0.002557 -0.090985
v -0.005440 -0.002524 -0.091162
v -0.004974 -0.002582 -0.091087
v -0.006673 -0.001613 -0.091766
v -0.006598 -0.001727 -0.091728
v -0.006058 -0.002256 -0.091488
v -0.005878 -0.002362 -0.091416
v -0.005414 -0.002532 -0.091240
v -0.006846 -0.001256 -0.091865
v -0.006971 -0.000207 -0.092024
v -0.006986 -0.000505 -0.091996
v -0.006921 -0.001013 -0.091917
v -0.006377 -0.001100 -0.083473
v -0.005987 -0.001204 -0.084299
v -0.006126 -0.000173 -0.083333
v -0.005677 -0.000178 -0.084140
v -0.006120 -0.000000 -0.083329
v -0.005712 0.000467 -0.084168
v -0.006164 0.000467 -0.083354
v -0.006430 -0.001198 -0.083502
v -0.007125 -0.001933 -0.083888
v -0.006686 -0.001939 -0.084678
v -0.008043 -0.002200 -0.084398
v -0.007605 -0.002205 -0.085185
v -0.008960 -0.001933 -0.084908
v -0.008521 -0.001939 -0.085698
v -0.009189 -0.001243 -0.086079
v -0.009655 -0.001198 -0.085295
v -0.009212 -0.001204 -0.086092
v -0.009708 -0.001100 -0.085324
v -0.009511 -0.000178 -0.086271
v -0.009922 0.000467 -0.085443
v -0.009468 0.000467 -0.086256
v -0.009965 -0.000000 -0.085467
v -0.009960 -0.000173 -0.085464
v -0.002716 -0.000410 -0.090903
v -0.002732 -0.000138 -0.090908
v -0.002889 0.000467 -0.090960
v -0.006725 0.000467 -0.092214
v -0.006882 -0.000138 -0.092266
v -0.006544 -0.001635 -0.092155
v -0.006195 -0.002055 -0.092041
v -0.005721 -0.002388 -0.091886
v -0.006724 -0.001287 -0.092214
v -0.006764 -0.001186 -0.092227
v -0.006895 -0.000522 -0.092270
v -0.006898 -0.000410 -0.092271
v -0.005308 -0.002546 -0.091751
v -0.004807 -0.002610 -0.091587
v -0.004306 -0.002546 -0.091423
v -0.003892 -0.002388 -0.091288
v -0.003418 -0.002055 -0.091133
v -0.003070 -0.001635 -0.091019
v -0.002850 -0.001186 -0.090947
v -0.002719 -0.000522 -0.090904
v -0.001702 -0.002055 -0.099412
v -0.002631 -0.002546 -0.099499
v -0.003157 -0.002610 -0.099547
v -0.002034 0.000467 -0.099443
v -0.002120 0.000218 -0.099451
v -0.003157 0.000467 -0.099547
v -0.002193 -0.000549 -0.099458
v -0.001563 -0.001919 -0.099399
v -0.001947 -0.001395 -0.099435
v -0.001995 -0.001297 -0.099439
v 0.001828 -0.002133 -0.093998
v 0.001579 -0.001902 -0.093998
v 0.001579 -0.001902 -0.095073
v 0.002025 0.001453 -0.099547
v 0.001616 0.001122 -0.099547
v 0.001885 0.001357 -0.093998
v 0.001616 0.001122 -0.095073
v 0.001617 0.001122 -0.093998
v 0.002025 0.001453 -0.093998
v 0.002881 0.001767 -0.093998
v 0.003017 0.001783 -0.099547
v 0.003952 0.001656 -0.093998
v 0.004049 0.001618 -0.099547
v 0.004842 0.001050 -0.093998
v 0.004889 0.000995 -0.099547
v 0.005337 0.000094 -0.093998
v 0.005346 0.000055 -0.099547
v 0.005320 -0.000983 -0.093998
v 0.005318 -0.000989 -0.099547
v 0.004793 -0.001922 -0.093998
v 0.004811 -0.001903 -0.099547
v 0.003884 -0.002499 -0.093998
v 0.003940 -0.002480 -0.099547
v 0.002810 -0.002576 -0.093998
v 0.002900 -0.002590 -0.099547
v 0.001928 -0.002208 -0.099547
v 0.001579 -0.001902 -0.099547
v 0.002194 -0.000457 -0.087163
v 0.002133 -0.000846 -0.087630
v 0.002392 -0.000864 -0.086944
v 0.003564 -0.002122 -0.087304
v 0.002851 -0.001614 -0.087071
v 0.001989 -0.001263 -0.088655
v 0.002200 -0.000259 -0.087079
v 0.002246 -0.000071 -0.086933
v 0.002190 -0.000092 -0.087087
v 0.002160 0.000120 -0.087208
v 0.002379 0.000724 -0.087025
v 0.002103 0.000342 -0.087488
v 0.002826 0.001466 -0.087229
v 0.001748 0.000990 -0.090456
v 0.001900 0.000784 -0.088801
v 0.002060 0.000463 -0.087724
v 0.003530 0.001959 -0.087513
v -0.002034 0.000467 -0.099547
v -0.002199 -0.000322 -0.099547
v -0.001947 -0.001395 -0.099547
v -0.001206 -0.002211 -0.099547
v -0.001783 -0.001661 -0.096214
v 0.000922 -0.002368 -0.099547
v 0.000689 -0.002460 -0.095073
v -0.000163 -0.002565 -0.095073
v -0.000163 -0.002565 -0.099547
v -0.000426 -0.002529 -0.095073
v -0.001206 -0.002211 -0.095073
v -0.001431 -0.002042 -0.095073
v -0.001894 -0.001490 -0.095073
v -0.002150 0.000467 -0.076547
v -0.002144 0.000467 -0.077767
v -0.002200 0.000014 -0.076547
v -0.002200 -0.000010 -0.077748
v -0.001941 -0.001036 -0.076547
v -0.002067 -0.000776 -0.077717
v -0.001941 -0.001059 -0.077706
v -0.001213 -0.001836 -0.076547
v -0.001431 -0.001694 -0.077680
v -0.001213 -0.001858 -0.077674
v -0.000191 -0.002192 -0.076547
v -0.000426 -0.002181 -0.077661
v -0.000191 -0.002214 -0.077659
v 0.000876 -0.002018 -0.076547
v 0.000689 -0.002112 -0.077663
v 0.000876 -0.002040 -0.077666
v 0.001732 -0.001357 -0.076547
v 0.001626 -0.001505 -0.077688
v 0.001732 -0.001380 -0.077693
v 0.002169 -0.000367 -0.076547
v 0.002144 -0.000516 -0.077727
v 0.002169 -0.000391 -0.077732
v 0.002110 0.000599 -0.077772
v 0.002082 0.000711 -0.076547
v 0.002082 0.000686 -0.077775
v 0.001492 0.001592 -0.077812
v 0.001492 0.001617 -0.076547
v 0.000541 0.002107 -0.077832
v 0.000541 0.002132 -0.076547
v -0.000000 0.002174 -0.077835
v -0.000000 0.002200 -0.076547
v 0.017633 0.001100 -0.068881
v 0.018200 0.000000 -0.066196
v 0.017922 0.000000 -0.068940
v 0.017905 -0.001100 -0.066196
v 0.017633 -0.001100 -0.068881
v 0.017100 -0.001905 -0.066196
v 0.016844 -0.001905 -0.068719
v 0.016000 -0.002200 -0.066196
v 0.015766 -0.002200 -0.068499
v 0.014900 -0.001905 -0.066196
v 0.014689 -0.001905 -0.068278
v 0.014095 -0.001100 -0.066196
v 0.013900 -0.001100 -0.068116
v 0.013800 0.000000 -0.066196
v 0.013611 0.000000 -0.068057
v 0.014095 0.001100 -0.066196
v 0.013900 0.001100 -0.068116
v 0.014900 0.001905 -0.066196
v 0.014689 0.001905 -0.068278
v 0.016000 0.002200 -0.066196
v 0.015766 0.002200 -0.068499
v 0.017100 0.001905 -0.066196
v 0.016844 0.001905 -0.068719
v 0.017905 0.001100 -0.066196
v 0.016827 0.001100 -0.071457
v 0.016087 0.001905 -0.071140
v 0.015075 0.002200 -0.070707
v 0.014064 0.001905 -0.070275
v 0.013324 0.001100 -0.069958
v 0.013053 0.000000 -0.069842
v 0.013324 -0.001100 -0.069958
v 0.014064 -0.001905 -0.070275
v 0.015075 -0.002200 -0.070707
v 0.016087 -0.001905 -0.071140
v 0.016827 -0.001100 -0.071457
v 0.017098 0.000000 -0.071573
v -0.017659 -0.001100 -0.066502
v -0.018200 0.000000 -0.062619
v -0.017951 0.000000 -0.066540
v -0.017905 0.001100 -0.062619
v -0.017659 0.001100 -0.066502
v -0.017100 0.001905 -0.062619
v -0.016860 0.001905 -0.066400
v -0.016000 0.002200 -0.062619
v -0.015769 0.002200 -0.066261
v -0.014900 0.001905 -0.062619
v -0.014678 0.001905 -0.066122
v -0.014095 0.001100 -0.062619
v -0.013879 0.001100 -0.066020
v -0.013800 0.000000 -0.062619
v -0.013586 0.000000 -0.065983
v -0.014095 -0.001100 -0.062619
v -0.013879 -0.001100 -0.066020
v -0.014900 -0.001905 -0.062619
v -0.014678 -0.001905 -0.066122
v -0.016000 -0.002200 -0.062619
v -0.015769 -0.002200 -0.066261
v -0.017100 -0.001905 -0.062619
v -0.016860 -0.001905 -0.066400
v -0.017905 -0.001100 -0.062619
v -0.016923 -0.001100 -0.070323
v -0.016143 -0.001905 -0.070121
v -0.015079 -0.002200 -0.069844
v -0.014014 -0.001905 -0.069568
v -0.013234 -0.001100 -0.069366
v -0.012949 0.000000 -0.069292
v -0.013234 0.001100 -0.069366
v -0.014014 0.001905 -0.069568
v -0.015079 0.002200 -0.069844
v -0.016143 0.001905 -0.070121
v -0.016923 0.001100 -0.070323
v -0.017208 0.000000 -0.070397
v -0.015710 -0.001100 -0.074019
v -0.014962 -0.001905 -0.073720
v -0.013941 -0.002200 -0.073312
v -0.012920 -0.001905 -0.072903
v -0.012172 -0.001100 -0.072604
v -0.011898 0.000000 -0.072495
v -0.012172 0.001100 -0.072604
v -0.012920 0.001905 -0.072903
v -0.013941 0.002200 -0.073312
v -0.014962 0.001905 -0.073720
v -0.015710 0.001100 -0.074019
v -0.015984 0.000000 -0.074129
v -0.014039 -0.001100 -0.077533
v -0.014296 0.000000 -0.077676
v -0.014039 0.001100 -0.077533
v -0.013335 0.001905 -0.077141
v -0.012374 0.002200 -0.076607
v -0.011412 0.001905 -0.076073
v -0.010708 0.001100 -0.075681
v -0.010451 -0.000000 -0.075538
v -0.010708 -0.001100 -0.075681
v -0.011412 -0.001905 -0.076073
v -0.012374 -0.002200 -0.076607
v -0.013335 -0.001905 -0.077141
v -0.000200 0.009300 -0.000200
v -0.000900 0.009300 -0.000200
v -0.000900 0.009000 -0.000200
v 0.000900 0.009000 -0.000200
v 0.000900 0.009300 -0.000200
v 0.000200 0.009300 -0.000200
v 0.000200 0.010200 -0.000200
v -0.000200 0.010200 -0.000200
v -0.000600 0.008500 -0.000200
v 0.000600 0.008500 -0.000200
v -0.000600 0.008800 -0.000200
v 0.000600 0.008800 -0.000200
v -0.000300 0.008000 -0.000200
v 0.000300 0.008000 -0.000200
v -0.000300 0.008300 -0.000200
v 0.000300 0.008300 -0.000200
v 0.016633 -0.001096 -0.005101
v 0.017096 -0.000633 -0.005101
v 0.017266 0.000000 -0.005101
v 0.017096 0.000633 -0.005101
v 0.016633 0.001096 -0.005101
v 0.016000 0.001266 -0.005101
v 0.015367 0.001096 -0.005101
v 0.014904 0.000633 -0.005101
v 0.014734 0.000000 -0.005101
v 0.014904 -0.000633 -0.005101
v 0.015367 -0.001096 -0.005101
v 0.016000 -0.001266 -0.005101
v 0.016808 -0.001399 -0.005384
v 0.017399 -0.000808 -0.005384
v 0.017615 0.000000 -0.005384
v 0.017399 0.000808 -0.005384
v 0.016808 0.001399 -0.005384
v 0.016000 0.001615 -0.005384
v 0.015192 0.001399 -0.005384
v 0.014601 0.000808 -0.005384
v 0.014385 0.000000 -0.005384
v 0.014601 -0.000808 -0.005384
v 0.015192 -0.001399 -0.005384
v 0.016000 -0.001615 -0.005384
v 0.016903 -0.001564 -0.005792
v 0.017564 -0.000903 -0.005792
v 0.017806 0.000000 -0.005792
v 0.017564 0.000903 -0.005792
v 0.016903 0.001564 -0.005792
v 0.016000 0.001806 -0.005792
v 0.015097 0.001564 -0.005792
v 0.014436 0.000903 -0.005792
v 0.014194 0.000000 -0.005792
v 0.014436 -0.000903 -0.005792
v 0.015097 -0.001564 -0.005792
v 0.016000 -0.001806 -0.005792
v -0.015367 -0.001096 -0.005101
v -0.014904 -0.000633 -0.005101
v -0.014734 0.000000 -0.005101
v -0.014904 0.000633 -0.005101
v -0.015367 0.001096 -0.005101
v -0.016000 0.001266 -0.005101
v -0.016633 0.001096 -0.005101
v -0.017096 0.000633 -0.005101
v -0.017266 0.000000 -0.005101
v -0.017096 -0.000633 -0.005101
v -0.016633 -0.001096 -0.005101
v -0.016000 -0.001266 -0.005101
v -0.015192 -0.001399 -0.005384
v -0.014601 -0.000808 -0.005384
v -0.014385 0.000000 -0.005384
v -0.014601 0.000808 -0.005384
v -0.015192 0.001399 -0.005384
v -0.016000 0.001615 -0.005384
v -0.016808 0.001399 -0.005384
v -0.017399 0.000808 -0.005384
v -0.017615 0.000000 -0.005384
v -0.017399 -0.000808 -0.005384
v -0.016808 -0.001399 -0.005384
v -0.016000 -0.001615 -0.005384
v -0.015097 -0.001564 -0.005792
v -0.014436 -0.000903 -0.005792
v -0.014194 0.000000 -0.005792
v -0.014436 0.000903 -0.005792
v -0.015097 0.001564 -0.005792
v -0.016000 0.001806 -0.005792
v -0.016903 0.001564 -0.005792
v -0.017564 0.000903 -0.005792
v -0.017806 0.000000 -0.005792
v -0.017564 -0.000903 -0.005792
v -0.016903 -0.001564 -0.005792
v -0.016000 -0.001806 -0.005792
v 0.008633 -0.014996 -0.005101
v 0.009096 -0.014533 -0.005101
v 0.009266 -0.013900 -0.005101
v 0.009096 -0.013267 -0.005101
v 0.008633 -0.012804 -0.005101
v 0.008000 -0.012634 -0.005101
v 0.007367 -0.012804 -0.005101
v 0.006904 -0.013267 -0.005101
v 0.006734 -0.013900 -0.005101
v 0.006904 -0.014533 -0.005101
v 0.007367 -0.014996 -0.005101
v 0.008000 -0.015166 -0.005101
v 0.008808 -0.015299 -0.005384
v 0.009399 -0.014708 -0.005384
v 0.009615 -0.013900 -0.005384
v 0.009399 -0.013092 -0.005384
v 0.008808 -0.012501 -0.005384
v 0.008000 -0.012285 -0.005384
v 0.007192 -0.012501 -0.005384
v 0.006601 -0.013092 -0.005384
v 0.006385 -0.013900 -0.005384
v 0.006601 -0.014708 -0.005384
v 0.007192 -0.015299 -0.005384
v 0.008000 -0.015515 -0.005384
v 0.008903 -0.015464 -0.005792
v 0.009564 -0.014803 -0.005792
v 0.009806 -0.013900 -0.005792
v 0.009564 -0.012997 -0.005792
v 0.008903 -0.012336 -0.005792
v 0.008000 -0.012094 -0.005792
v 0.007097 -0.012336 -0.005792
v 0.006436 -0.012997 -0.005792
v 0.006194 -0.013900 -0.005792
v 0.006436 -0.014803 -0.005792
v 0.007097 -0.015464 -0.005792
v 0.008000 -0.015706 -0.005792
v -0.007367 -0.014996 -0.005101
v -0.006904 -0.014533 -0.005101
v -0.006734 -0.013900 -0.005101
v -0.006904 -0.013267 -0.005101
v -0.007367 -0.012804 -0.005101
v -0.008000 -0.012634 -0.005101
v -0.008633 -0.012804 -0.005101
v -0.009096 -0.013267 -0.005101
v -0.009266 -0.013900 -0.005101
v -0.009096 -0.014533 -0.005101
v -0.008633 -0.014996 -0.005101
v -0.008000 -0.015166 -0.005101
v -0.007192 -0.015299 -0.005384
v -0.006601 -0.014708 -0.005384
v -0.006385 -0.013900 -0.005384
v -0.006601 -0.013092 -0.005384
v -0.007192 -0.012501 -0.005384
v -0.008000 -0.012285 -0.005384
v -0.008808 -0.012501 -0.005384
v -0.009399 -0.013092 -0.005384
v -0.009615 -0.013900 -0.005384
v -0.009399 -0.014708 -0.005384
v -0.008808 -0.015299 -0.005384
v -0.008000 -0.015515 -0.005384
v -0.007097 -0.015464 -0.005792
v -0.006436 -0.014803 -0.005792
v -0.006194 -0.013900 -0.005792
v -0.006436 -0.012997 -0.005792
v -0.007097 -0.012336 -0.005792
v -0.008000 -0.012094 -0.005792
v -0.008903 -0.012336 -0.005792
v -0.009564 -0.012997 -0.005792
v -0.009806 -0.013900 -0.005792
v -0.009564 -0.014803 -0.005792
v -0.008903 -0.015464 -0.005792
v -0.008000 -0.015706 -0.005792
v 0.007636 0.010594 -0.058320
v 0.007480 0.010427 -0.061173
v 0.006970 0.010029 -0.064036
v 0.006165 0.009357 -0.066887
v 0.005926 0.009520 -0.066851
v 0.005772 0.009747 -0.066863
v 0.005713 0.009977 -0.066908
v 0.007470 0.010727 -0.058315
v 0.007243 0.010595 -0.061158
v 0.007379 0.010850 -0.058312
v 0.007099 0.010830 -0.061160
v 0.007286 0.011200 -0.058310
v 0.007055 0.011066 -0.061176
v 0.007379 0.011550 -0.058312
v 0.007093 0.011303 -0.061203
v 0.007470 0.011673 -0.058315
v 0.007232 0.011538 -0.061242
v 0.007636 0.011806 -0.058320
v 0.007465 0.011705 -0.061288
v 0.006732 0.010195 -0.064011
v 0.006584 0.010427 -0.064019
v 0.006534 0.010660 -0.064051
v 0.006565 0.010894 -0.064101
v 0.006694 0.011126 -0.064174
v 0.006919 0.011292 -0.064257
v 0.005732 0.010206 -0.066979
v 0.005847 0.010434 -0.067083
v 0.006057 0.010597 -0.067202
v -0.010000 0.001334 -0.084477
v -0.010000 0.001115 -0.084781
v -0.010000 0.000791 -0.085102
v -0.010000 0.000467 -0.085302
v -0.010000 0.002200 -0.080877
v -0.010000 0.002070 -0.082410
v -0.010000 0.001910 -0.083122
v -0.010000 0.001743 -0.083640
v -0.010000 0.001108 -0.076965
v -0.010000 0.001466 -0.077501
v -0.010000 0.001891 -0.078563
v -0.010000 0.002156 -0.079973
v -0.010000 0.000467 -0.076452
v -0.010000 0.001006 -0.076850
v -0.003933 0.000467 -0.087906
v -0.005182 0.000467 -0.085165
v -0.004116 -0.000253 -0.087267
v -0.004486 -0.001352 -0.087363
v -0.005291 -0.002094 -0.087673
v -0.006171 -0.002313 -0.088049
v -0.007042 -0.002095 -0.088448
v -0.007812 -0.001353 -0.088835
v -0.008042 -0.000821 -0.088970
v -0.008132 -0.000253 -0.089045
v -0.008007 0.000467 -0.089139
v -0.005735 0.000467 -0.095931
v -0.005897 -0.000138 -0.095964
v -0.005190 -0.002055 -0.095818
v -0.005775 -0.001186 -0.095939
v -0.003243 -0.002546 -0.095414
v -0.004276 -0.002546 -0.095628
v -0.002329 -0.002055 -0.095224
v -0.002150 -0.000833 -0.092954
v -0.002190 -0.000570 -0.092669
v -0.002199 -0.000410 -0.092615
v -0.002200 -0.000328 -0.092620
v -0.002192 -0.000173 -0.092691
v -0.002147 0.000115 -0.093053
v -0.002035 0.000467 -0.093985
v -0.002033 -0.001211 -0.093857
v -0.002061 -0.001138 -0.093630
v -0.004398 -0.002230 -0.099547
v -0.003653 -0.002554 -0.099548
v -0.004624 -0.002055 -0.099547
v -0.005363 -0.000282 -0.099548
v -0.005272 -0.001047 -0.099548
v -0.005225 -0.001186 -0.099548
v -0.004970 -0.001668 -0.099547
v -0.005183 0.000467 -0.099547
v -0.000000 0.000467 -0.099547
v 0.000882 0.001644 -0.099547
v -0.000000 0.001829 -0.099547
v -0.000000 0.001829 -0.095073
v 0.000558 0.001757 -0.095073
v 0.001531 0.001208 -0.095073
v 0.000882 0.001644 -0.095073
v 0.002110 0.000340 -0.086421
v -0.002067 -0.001037 -0.086393
v -0.002170 0.000075 -0.086415
v -0.001431 -0.001955 -0.086375
v -0.000426 -0.002442 -0.086365
v 0.000689 -0.002373 -0.086366
v 0.002144 -0.000777 -0.086398
v 0.001626 -0.001766 -0.086379
v 0.001531 0.001295 -0.086440
v 0.000558 0.001843 -0.086451
v -0.000000 0.001915 -0.086452
v -0.000000 0.002200 -0.061547
v -0.002199 -0.000071 -0.061547
v -0.002150 0.000467 -0.061547
v 0.000536 0.002134 -0.061547
v 0.001482 0.001626 -0.061547
v 0.002075 0.000732 -0.061547
v 0.002174 -0.000336 -0.061547
v 0.001757 -0.001324 -0.061547
v 0.000921 -0.001998 -0.061547
v -0.000000 -0.002200 -0.061547
v -0.000133 -0.002196 -0.061547
v -0.001156 -0.001872 -0.061547
v -0.001904 -0.001103 -0.061547
v 0.018200 0.000000 -0.061547
v 0.017905 0.001100 -0.061547
v 0.017100 0.001905 -0.061547
v 0.016000 0.002200 -0.061547
v 0.014900 0.001905 -0.061547
v 0.014095 0.001100 -0.061547
v 0.013800 0.000000 -0.061547
v 0.014095 -0.001100 -0.061547
v 0.014900 -0.001905 -0.061547
v 0.016000 -0.002200 -0.061547
v 0.017100 -0.001905 -0.061547
v 0.017905 -0.001100 -0.061547
v -0.013800 0.000000 -0.061547
v -0.014095 0.001100 -0.061547
v -0.014900 0.001905 -0.061547
v -0.016000 0.002200 -0.061547
v -0.017100 0.001905 -0.061547
v -0.017905 0.001100 -0.061547
v -0.018200 0.000000 -0.061547
v -0.017905 -0.001100 -0.061547
v -0.017100 -0.001905 -0.061547
v -0.016000 -0.002200 -0.061547
v -0.014900 -0.001905 -0.061547
v -0.014095 -0.001100 -0.061547
v -0.007707 0.010550 -0.065769
v -0.007777 0.010651 -0.065454
v -0.007637 0.010889 -0.065472
v -0.008273 0.010550 -0.062386
v -0.008303 0.010550 -0.060631
v -0.008496 0.010763 -0.060657
v -0.008300 0.010550 -0.060455
v -0.008259 0.010550 -0.058333
v -0.008400 0.010626 -0.058334
v -0.008628 0.010893 -0.058336
v -0.008587 0.011033 -0.060684
v -0.008228 0.010550 -0.063002
v -0.008295 0.010783 -0.063046
v -0.008069 0.010550 -0.064241
v -0.008262 0.011072 -0.063083
v -0.007804 0.010550 -0.065440
v -0.007231 0.010550 -0.066922
v -0.007449 0.011042 -0.065459
v -0.006777 0.010550 -0.067540
v -0.007263 0.011115 -0.065430
v -0.006580 0.010550 -0.067660
v -0.007102 0.011134 -0.065395
v -0.006385 0.010550 -0.067636
v -0.006472 0.010550 -0.067672
v -0.006765 0.011042 -0.065292
v -0.006593 0.010889 -0.065216
v -0.006229 0.010550 -0.066467
v -0.006204 0.010550 -0.067092
v -0.006211 0.010550 -0.067190
v -0.006298 0.010550 -0.067530
v -0.006709 0.010550 -0.064014
v -0.006458 0.010550 -0.065115
v -0.006477 0.010651 -0.065136
v -0.006379 0.010550 -0.065504
v -0.006323 0.010550 -0.065807
v -0.007296 0.010763 -0.060556
v -0.007059 0.010549 -0.062557
v -0.006923 0.010783 -0.062822
v -0.007066 0.010549 -0.062527
v -0.007466 0.010569 -0.060556
v -0.007587 0.010550 -0.060005
v -0.008127 0.011313 -0.063095
v -0.007941 0.011467 -0.063087
v -0.007591 0.011561 -0.063044
v -0.007001 0.010549 -0.062802
v -0.006942 0.011072 -0.062867
v -0.007067 0.011313 -0.062922
v -0.007246 0.011467 -0.062974
v -0.007299 0.011200 -0.058326
v -0.007202 0.011033 -0.060567
v -0.007300 0.011236 -0.058326
v -0.007226 0.011324 -0.060590
v -0.007370 0.010893 -0.058327
v -0.007566 0.010650 -0.058328
v -0.007598 0.010626 -0.058328
v -0.007740 0.010550 -0.058329
v -0.008699 0.011200 -0.058337
v -0.008698 0.011236 -0.058337
v -0.008559 0.011324 -0.060702
v -0.008668 0.011406 -0.058336
v -0.008426 0.011566 -0.060709
v -0.008593 0.011571 -0.058336
v -0.008241 0.011722 -0.060704
v -0.008339 0.011812 -0.058334
v -0.008259 0.011850 -0.058333
v -0.007890 0.011816 -0.060681
v -0.007999 0.011900 -0.058331
v -0.007540 0.011722 -0.060645
v -0.007660 0.011812 -0.058329
v -0.007356 0.011566 -0.060618
v -0.007405 0.011571 -0.058327
v -0.007330 0.011406 -0.058326
v 0.000200 0.010200 0.000000
v -0.000200 0.010200 0.000000
v 0.000200 0.009300 0.000000
v 0.000900 0.009300 0.000000
v 0.000900 0.009000 0.000000
v -0.000900 0.009000 0.000000
v -0.000900 0.009300 0.000000
v -0.000200 0.009300 0.000000
v 0.000600 0.008800 0.000000
v -0.000600 0.008800 0.000000
v 0.000600 0.008500 0.000000
v -0.000600 0.008500 0.000000
v 0.000300 0.008300 0.000000
v -0.000300 0.008300 0.000000
v 0.000300 0.008000 0.000000
v -0.000300 0.008000 0.000000
v -0.008500 0.011200 -0.018400
v -0.007500 0.011200 -0.018400
v -0.007567 0.011450 -0.018400
v -0.008433 0.010950 -0.018400
v -0.008250 0.010767 -0.018400
v -0.007567 0.010950 -0.018400
v -0.007750 0.010767 -0.018400
v -0.008000 0.010700 -0.018400
v -0.008250 0.011633 -0.018400
v -0.008433 0.011450 -0.018400
v -0.008000 0.011700 -0.018400
v -0.007750 0.011633 -0.018400
v 0.008250 0.010767 -0.018400
v 0.008433 0.010950 -0.018400
v 0.008500 0.011200 -0.018400
v 0.007500 0.011200 -0.018400
v 0.008433 0.011450 -0.018400
v 0.007567 0.010950 -0.018400
v 0.007750 0.010767 -0.018400
v 0.007750 0.011633 -0.018400
v 0.007567 0.011450 -0.018400
v 0.008000 0.011700 -0.018400
v 0.008250 0.011633 -0.018400
v 0.008000 0.010700 -0.018400
v 0.013343 -0.000478 -0.010000
v 0.013662 -0.001350 -0.010000
v 0.013767 -0.001518 -0.010000
v 0.014577 -0.002295 -0.010000
v 0.015633 -0.002675 -0.010000
v 0.016000 -0.002700 -0.010000
v 0.016753 -0.002593 -0.010000
v 0.017350 -0.002338 -0.010000
v 0.017743 -0.002062 -0.010000
v 0.018338 -0.001350 -0.010000
v 0.018431 -0.001175 -0.010000
v 0.018699 -0.000085 -0.010000
v 0.018500 0.001020 -0.010000
v 0.018338 0.001350 -0.010000
v 0.017869 0.001949 -0.010000
v 0.017350 0.002338 -0.010000
v 0.016915 0.002540 -0.010000
v 0.016000 0.002700 -0.010000
v 0.015802 0.002693 -0.010000
v 0.014724 0.002380 -0.010000
v 0.013867 0.001655 -0.010000
v 0.013662 0.001350 -0.010000
v 0.013378 0.000644 -0.010000
v 0.013300 0.000000 -0.010000
v 0.001499 0.000054 -0.005000
v -0.001500 0.000000 -0.005000
v 0.001500 0.000000 -0.005000
v -0.001499 -0.000054 -0.005000
v -0.001035 0.001085 -0.005000
v -0.001339 0.000676 -0.005000
v -0.001499 0.000056 -0.005000
v 0.001035 -0.001085 -0.005000
v 0.001339 -0.000676 -0.005000
v 0.001499 -0.000056 -0.005000
v 0.001452 0.000375 -0.005000
v 0.001178 0.000929 -0.005000
v 0.001072 0.001049 -0.005000
v -0.001452 -0.000375 -0.005000
v -0.001178 -0.000929 -0.005000
v -0.001072 -0.001049 -0.005000
v 0.000028 0.001500 -0.005000
v -0.000532 0.001403 -0.005000
v 0.000678 0.001338 -0.005000
v -0.000028 -0.001500 -0.005000
v 0.000532 -0.001403 -0.005000
v -0.000678 -0.001338 -0.005000
v -0.018657 -0.000478 -0.010000
v -0.018338 -0.001350 -0.010000
v -0.018233 -0.001518 -0.010000
v -0.017423 -0.002295 -0.010000
v -0.016367 -0.002675 -0.010000
v -0.016000 -0.002700 -0.010000
v -0.015247 -0.002593 -0.010000
v -0.014650 -0.002338 -0.010000
v -0.014257 -0.002062 -0.010000
v -0.013662 -0.001350 -0.010000
v -0.013569 -0.001175 -0.010000
v -0.013301 -0.000085 -0.010000
v -0.013500 0.001020 -0.010000
v -0.013662 0.001350 -0.010000
v -0.014131 0.001949 -0.010000
v -0.014650 0.002338 -0.010000
v -0.015085 0.002540 -0.010000
v -0.016000 0.002700 -0.010000
v -0.016198 0.002693 -0.010000
v -0.017276 0.002380 -0.010000
v -0.018133 0.001655 -0.010000
v -0.018338 0.001350 -0.010000
v -0.018622 0.000644 -0.010000
v -0.018700 0.000000 -0.010000
v 0.005343 -0.014378 -0.010000
v 0.005662 -0.015250 -0.010000
v 0.005767 -0.015418 -0.010000
v 0.006577 -0.016195 -0.010000
v 0.007633 -0.016575 -0.010000
v 0.008000 -0.016600 -0.010000
v 0.008753 -0.016493 -0.010000
v 0.009350 -0.016238 -0.010000
v 0.009743 -0.015962 -0.010000
v 0.010338 -0.015250 -0.010000
v 0.010431 -0.015075 -0.010000
v 0.010699 -0.013985 -0.010000
v 0.010500 -0.012880 -0.010000
v 0.010338 -0.012550 -0.010000
v 0.009869 -0.011951 -0.010000
v 0.009350 -0.011562 -0.010000
v 0.008915 -0.011360 -0.010000
v 0.008000 -0.011200 -0.010000
v 0.007802 -0.011207 -0.010000
v 0.006724 -0.011520 -0.010000
v 0.005867 -0.012245 -0.010000
v 0.005662 -0.012550 -0.010000
v 0.005378 -0.013256 -0.010000
v 0.005300 -0.013900 -0.010000
v -0.010657 -0.014378 -0.010000
v -0.010338 -0.015250 -0.010000
v -0.010233 -0.015418 -0.010000
v -0.009423 -0.016195 -0.010000
v -0.008367 -0.016575 -0.010000
v -0.008000 -0.016600 -0.010000
v -0.007247 -0.016493 -0.010000
v -0.006650 -0.016238 -0.010000
v -0.006257 -0.015962 -0.010000
v -0.005662 -0.015250 -0.010000
v -0.005569 -0.015075 -0.010000
v -0.005301 -0.013985 -0.010000
v -0.005500 -0.012880 -0.010000
v -0.005662 -0.012550 -0.010000
v -0.006131 -0.011951 -0.010000
v -0.006650 -0.011562 -0.010000
v -0.007085 -0.011360 -0.010000
v -0.008000 -0.011200 -0.010000
v -0.008198 -0.011207 -0.010000
v -0.009276 -0.011520 -0.010000
v -0.010133 -0.012245 -0.010000
v -0.010338 -0.012550 -0.010000
v -0.010622 -0.013256 -0.010000
v -0.010700 -0.013900 -0.010000
v 0.008606 0.010850 -0.057394
v 0.008700 0.011200 -0.057394
v 0.008606 0.011550 -0.057394
v 0.008350 0.011806 -0.057394
v 0.007650 0.010594 -0.057394
v 0.008000 0.010500 -0.057394
v 0.008350 0.010594 -0.057394
v 0.007394 0.011550 -0.057394
v 0.007300 0.011200 -0.057394
v 0.007394 0.010850 -0.057394
v 0.008000 0.011900 -0.057394
v 0.007650 0.011806 -0.057394
v -0.001213 0.000467 -0.054000
v -0.000000 0.000467 -0.054000
v -0.001213 0.000467 -0.061547
v 0.001272 -0.000267 -0.061547
v 0.000982 -0.000852 -0.061547
v 0.000443 -0.001222 -0.061547
v -0.000208 -0.001283 -0.061547
v -0.000000 0.001300 -0.061547
v 0.000327 0.001258 -0.061547
v 0.000897 0.000941 -0.061547
v 0.001242 0.000385 -0.061547
v 0.001300 0.000000 -0.061547
v -0.000806 -0.001020 -0.061547
v -0.001200 -0.000500 -0.061547
v -0.001300 0.000000 -0.061547
v -0.001292 0.000147 -0.061547
v -0.000000 0.001300 -0.054000
v 0.015350 -0.001126 -0.061547
v 0.016000 -0.001300 -0.061547
v 0.016650 -0.001126 -0.061547
v 0.017126 -0.000650 -0.061547
v 0.017300 0.000000 -0.061547
v 0.017126 0.000650 -0.061547
v 0.016650 0.001126 -0.061547
v 0.016000 0.001300 -0.061547
v 0.015350 0.001126 -0.061547
v 0.014874 0.000650 -0.061547
v 0.014700 0.000000 -0.061547
v 0.014874 -0.000650 -0.061547
v -0.017300 0.000000 -0.061547
v -0.017126 -0.000650 -0.061547
v -0.016650 -0.001126 -0.061547
v -0.016000 -0.001300 -0.061547
v -0.015350 -0.001126 -0.061547
v -0.014874 -0.000650 -0.061547
v -0.014700 0.000000 -0.061547
v -0.014874 0.000650 -0.061547
v -0.015350 0.001126 -0.061547
v -0.016000 0.001300 -0.061547
v -0.016650 0.001126 -0.061547
v -0.017126 0.000650 -0.061547
v -0.007406 0.011571 -0.058109
v -0.007661 0.011812 -0.058109
v -0.008000 0.011900 -0.058109
v -0.008339 0.011812 -0.058109
v -0.007301 0.011236 -0.058109
v -0.007371 0.010893 -0.058109
v -0.007599 0.010626 -0.058109
v -0.007740 0.010550 -0.058109
v -0.008699 0.011236 -0.058109
v -0.008594 0.011571 -0.058109
v -0.008629 0.010893 -0.058109
v -0.008401 0.010626 -0.058109
v -0.008260 0.010550 -0.058109
v -0.007740 0.010550 -0.054000
v -0.008260 0.010550 -0.054000
v 0.016250 0.015532 0.000000
v 0.016208 0.015660 0.000000
v 0.016125 0.015745 0.000000
v 0.015208 0.015149 0.000000
v 0.016000 0.015149 0.000000
v 0.015208 0.015787 0.000000
v 0.016125 0.015191 0.000000
v 0.016208 0.015277 0.000000
v 0.016250 0.015404 0.000000
v 0.016000 0.015787 0.000000
v -0.000625 0.010183 0.000000
v -0.001083 0.009725 0.000000
v -0.001083 0.008475 0.000000
v -0.000625 0.008017 0.000000
v -0.000000 0.007850 0.000000
v 0.000625 0.008017 0.000000
v 0.001083 0.008475 0.000000
v 0.001250 0.009100 0.000000
v 0.001083 0.009725 0.000000
v 0.000625 0.010183 0.000000
v -0.001250 0.009100 0.000000
v -0.000000 0.010350 0.000000
v -0.009500 0.011200 -0.019400
v -0.009233 0.011912 -0.019017
v -0.009299 0.011950 -0.019400
v -0.008712 0.012433 -0.019017
v -0.008750 0.012499 -0.019400
v -0.008000 0.012624 -0.019017
v -0.008000 0.012700 -0.019400
v -0.007288 0.012433 -0.019017
v -0.007250 0.012499 -0.019400
v -0.006767 0.011912 -0.019017
v -0.006701 0.011950 -0.019400
v -0.006576 0.011200 -0.019017
v -0.006500 0.011200 -0.019400
v -0.006767 0.010488 -0.019017
v -0.006701 0.010450 -0.019400
v -0.007288 0.009967 -0.019017
v -0.007250 0.009901 -0.019400
v -0.008000 0.009776 -0.019017
v -0.008000 0.009700 -0.019400
v -0.008712 0.009967 -0.019017
v -0.008750 0.009901 -0.019400
v -0.009233 0.010488 -0.019017
v -0.009299 0.010450 -0.019400
v -0.009424 0.011200 -0.019017
v -0.009045 0.011804 -0.018693
v -0.008604 0.012245 -0.018693
v -0.008000 0.012407 -0.018693
v -0.007396 0.012245 -0.018693
v -0.006955 0.011804 -0.018693
v -0.006793 0.011200 -0.018693
v -0.006955 0.010596 -0.018693
v -0.007396 0.010155 -0.018693
v -0.008000 0.009993 -0.018693
v -0.008604 0.010155 -0.018693
v -0.009045 0.010596 -0.018693
v -0.009207 0.011200 -0.018693
v -0.008764 0.011641 -0.018476
v -0.008441 0.011964 -0.018476
v -0.008000 0.012083 -0.018476
v -0.007559 0.011964 -0.018476
v -0.007236 0.011641 -0.018476
v -0.007117 0.011200 -0.018476
v -0.007236 0.010759 -0.018476
v -0.007559 0.010436 -0.018476
v -0.008000 0.010317 -0.018476
v -0.008441 0.010436 -0.018476
v -0.008764 0.010759 -0.018476
v -0.008883 0.011200 -0.018476
v 0.006500 0.011200 -0.019400
v 0.006767 0.011912 -0.019017
v 0.006701 0.011950 -0.019400
v 0.007288 0.012433 -0.019017
v 0.007250 0.012499 -0.019400
v 0.008000 0.012624 -0.019017
v 0.008000 0.012700 -0.019400
v 0.008712 0.012433 -0.019017
v 0.008750 0.012499 -0.019400
v 0.009233 0.011912 -0.019017
v 0.009299 0.011950 -0.019400
v 0.009424 0.011200 -0.019017
v 0.009500 0.011200 -0.019400
v 0.009233 0.010488 -0.019017
v 0.009299 0.010450 -0.019400
v 0.008712 0.009967 -0.019017
v 0.008750 0.009901 -0.019400
v 0.008000 0.009776 -0.019017
v 0.008000 0.009700 -0.019400
v 0.007288 0.009967 -0.019017
v 0.007250 0.009901 -0.019400
v 0.006767 0.010488 -0.019017
v 0.006701 0.010450 -0.019400
v 0.006576 0.011200 -0.019017
v 0.006955 0.011804 -0.018693
v 0.007396 0.012245 -0.018693
v 0.008000 0.012407 -0.018693
v 0.008604 0.012245 -0.018693
v 0.009045 0.011804 -0.018693
v 0.009207 0.011200 -0.018693
v 0.009045 0.010596 -0.018693
v 0.008604 0.010155 -0.018693
v 0.008000 0.009993 -0.018693
v 0.007396 0.010155 -0.018693
v 0.006955 0.010596 -0.018693
v 0.006793 0.011200 -0.018693
v 0.007236 0.011641 -0.018476
v 0.007559 0.011964 -0.018476
v 0.008000 0.012083 -0.018476
v 0.008441 0.011964 -0.018476
v 0.008764 0.011641 -0.018476
v 0.008883 0.011200 -0.018476
v 0.008764 0.010759 -0.018476
v 0.008441 0.010436 -0.018476
v 0.008000 0.010317 -0.018476
v 0.007559 0.010436 -0.018476
v 0.007236 0.010759 -0.018476
v 0.007117 0.011200 -0.018476
v 0.018598 -0.001500 -0.010300
v 0.018701 -0.001306 -0.010300
v 0.018680 -0.001296 -0.010185
v 0.015618 -0.002789 -0.010023
v 0.013776 0.001725 -0.010023
v 0.018606 0.001063 -0.010023
v 0.017948 0.002032 -0.010023
v 0.016954 0.002648 -0.010023
v 0.015794 0.002807 -0.010023
v 0.013266 0.000672 -0.010023
v 0.013230 -0.000498 -0.010023
v 0.013672 -0.001582 -0.010023
v 0.016785 -0.002703 -0.010023
v 0.017817 -0.002150 -0.010023
v 0.018534 -0.001225 -0.010023
v 0.018696 0.001100 -0.010088
v 0.018016 0.002102 -0.010088
v 0.018757 0.001125 -0.010185
v 0.018061 0.002149 -0.010185
v 0.014670 0.002481 -0.010023
v 0.015787 0.002904 -0.010088
v 0.014624 0.002567 -0.010088
v 0.015782 0.002969 -0.010185
v 0.014593 0.002624 -0.010185
v 0.013699 0.001785 -0.010088
v 0.013172 0.000695 -0.010088
v 0.013648 0.001825 -0.010185
v 0.013109 0.000710 -0.010185
v 0.014517 -0.002392 -0.010023
v 0.013591 -0.001637 -0.010088
v 0.014465 -0.002475 -0.010088
v 0.013538 -0.001673 -0.010185
v 0.014431 -0.002530 -0.010185
v 0.015605 -0.002885 -0.010088
v 0.016812 -0.002797 -0.010088
v 0.015596 -0.002950 -0.010185
v 0.016830 -0.002859 -0.010185
v 0.018976 -0.000094 -0.010185
v 0.018999 -0.000094 -0.010300
v 0.019000 0.000000 -0.010300
v 0.018911 -0.000092 -0.010088
v 0.018813 -0.000089 -0.010023
v 0.016987 0.002740 -0.010088
v 0.017009 0.002801 -0.010185
v 0.017500 0.002598 -0.010300
v 0.017016 0.002823 -0.010300
v 0.018778 0.001133 -0.010300
v 0.018598 0.001500 -0.010300
v 0.018077 0.002165 -0.010300
v 0.016000 0.003000 -0.010300
v 0.015780 0.002992 -0.010300
v 0.014582 0.002644 -0.010300
v 0.014500 0.002598 -0.010300
v 0.013134 -0.000516 -0.010088
v 0.013070 -0.000527 -0.010185
v 0.013000 0.000000 -0.010300
v 0.013047 -0.000531 -0.010300
v 0.013630 0.001839 -0.010300
v 0.013402 0.001500 -0.010300
v 0.013087 0.000716 -0.010300
v 0.013402 -0.001500 -0.010300
v 0.013519 -0.001686 -0.010300
v 0.014419 -0.002550 -0.010300
v 0.014500 -0.002598 -0.010300
v 0.017880 -0.002224 -0.010088
v 0.017922 -0.002274 -0.010185
v 0.017500 -0.002598 -0.010300
v 0.017936 -0.002291 -0.010300
v 0.015593 -0.002972 -0.010300
v 0.016000 -0.003000 -0.010300
v 0.016837 -0.002881 -0.010300
v 0.018622 -0.001268 -0.010088
v 0.001625 0.001181 -0.005089
v 0.001965 0.000418 -0.005089
v 0.001965 -0.000418 -0.005089
v 0.001004 0.001740 -0.005089
v 0.000210 0.001998 -0.005089
v -0.000621 0.001910 -0.005089
v -0.001344 0.001493 -0.005089
v -0.001835 0.000817 -0.005089
v -0.002009 0.000000 -0.005089
v 0.001004 -0.001740 -0.005089
v 0.000210 -0.001998 -0.005089
v -0.000621 -0.001910 -0.005089
v -0.001344 -0.001493 -0.005089
v -0.001835 -0.000817 -0.005089
v 0.001625 -0.001181 -0.005089
v -0.001500 0.002598 -0.006500
v -0.002007 0.002229 -0.006500
v -0.001945 0.002160 -0.005978
v -0.002598 0.001500 -0.006500
v -0.002655 0.001182 -0.005978
v -0.000927 0.002853 -0.006500
v -0.000898 0.002764 -0.005978
v -0.000000 0.003000 -0.006500
v 0.000304 0.002890 -0.005978
v 0.000314 0.002984 -0.006500
v 0.001453 0.002517 -0.005978
v 0.001500 0.002598 -0.006500
v 0.002351 0.001708 -0.005978
v 0.002427 0.001763 -0.006500
v 0.002598 0.001500 -0.006500
v 0.002843 0.000604 -0.005978
v 0.002934 0.000624 -0.006500
v 0.003000 0.000000 -0.006500
v 0.002843 -0.000604 -0.005978
v 0.002934 -0.000624 -0.006500
v 0.002598 -0.001500 -0.006500
v 0.002351 -0.001708 -0.005978
v 0.002427 -0.001763 -0.006500
v 0.001453 -0.002517 -0.005978
v 0.001500 -0.002598 -0.006500
v 0.000304 -0.002890 -0.005978
v 0.000314 -0.002984 -0.006500
v -0.000000 -0.003000 -0.006500
v -0.000898 -0.002764 -0.005978
v -0.000927 -0.002853 -0.006500
v -0.002741 0.001220 -0.006500
v -0.003000 0.000000 -0.006500
v -0.002906 0.000000 -0.005978
v -0.002741 -0.001220 -0.006500
v -0.002655 -0.001182 -0.005978
v -0.002598 -0.001500 -0.006500
v -0.001945 -0.002160 -0.005978
v -0.002007 -0.002229 -0.006500
v -0.001500 -0.002598 -0.006500
v -0.002335 0.001039 -0.005434
v -0.001710 0.001899 -0.005434
v -0.000790 0.002431 -0.005434
v 0.000267 0.002542 -0.005434
v 0.001278 0.002213 -0.005434
v 0.002068 0.001502 -0.005434
v 0.002500 0.000531 -0.005434
v 0.002500 -0.000531 -0.005434
v 0.002068 -0.001502 -0.005434
v 0.001278 -0.002213 -0.005434
v 0.000267 -0.002542 -0.005434
v -0.000790 -0.002431 -0.005434
v -0.001710 -0.001899 -0.005434
v -0.002335 -0.001039 -0.005434
v -0.002556 0.000000 -0.005434
v -0.013402 -0.001500 -0.010300
v -0.013299 -0.001306 -0.010300
v -0.013320 -0.001296 -0.010185
v -0.016382 -0.002789 -0.010023
v -0.018224 0.001725 -0.010023
v -0.013394 0.001063 -0.010023
v -0.014052 0.002032 -0.010023
v -0.015046 0.002648 -0.010023
v -0.016206 0.002807 -0.010023
v -0.018734 0.000672 -0.010023
v -0.018770 -0.000498 -0.010023
v -0.018328 -0.001582 -0.010023
v -0.015215 -0.002703 -0.010023
v -0.014183 -0.002150 -0.010023
v -0.013466 -0.001225 -0.010023
v -0.013304 0.001100 -0.010088
v -0.013984 0.002102 -0.010088
v -0.013243 0.001125 -0.010185
v -0.013939 0.002149 -0.010185
v -0.017330 0.002481 -0.010023
v -0.016213 0.002904 -0.010088
v -0.017376 0.002567 -0.010088
v -0.016218 0.002969 -0.010185
v -0.017407 0.002624 -0.010185
v -0.018301 0.001785 -0.010088
v -0.018828 0.000695 -0.010088
v -0.018352 0.001825 -0.010185
v -0.018891 0.000710 -0.010185
v -0.017483 -0.002392 -0.010023
v -0.018409 -0.001637 -0.010088
v -0.017535 -0.002475 -0.010088
v -0.018462 -0.001673 -0.010185
v -0.017569 -0.002530 -0.010185
v -0.016395 -0.002885 -0.010088
v -0.015188 -0.002797 -0.010088
v -0.016404 -0.002950 -0.010185
v -0.015170 -0.002859 -0.010185
v -0.013024 -0.000094 -0.010185
v -0.013001 -0.000094 -0.010300
v -0.013000 0.000000 -0.010300
v -0.013089 -0.000092 -0.010088
v -0.013187 -0.000089 -0.010023
v -0.015013 0.002740 -0.010088
v -0.014991 0.002801 -0.010185
v -0.014500 0.002598 -0.010300
v -0.014984 0.002823 -0.010300
v -0.013222 0.001133 -0.010300
v -0.013402 0.001500 -0.010300
v -0.013923 0.002165 -0.010300
v -0.016000 0.003000 -0.010300
v -0.016220 0.002992 -0.010300
v -0.017418 0.002644 -0.010300
v -0.017500 0.002598 -0.010300
v -0.018866 -0.000516 -0.010088
v -0.018930 -0.000527 -0.010185
v -0.019000 0.000000 -0.010300
v -0.018953 -0.000531 -0.010300
v -0.018370 0.001839 -0.010300
v -0.018598 0.001500 -0.010300
v -0.018913 0.000716 -0.010300
v -0.018598 -0.001500 -0.010300
v -0.018481 -0.001686 -0.010300
v -0.017581 -0.002550 -0.010300
v -0.017500 -0.002598 -0.010300
v -0.014120 -0.002224 -0.010088
v -0.014078 -0.002274 -0.010185
v -0.014500 -0.002598 -0.010300
v -0.014064 -0.002291 -0.010300
v -0.016407 -0.002972 -0.010300
v -0.016000 -0.003000 -0.010300
v -0.015163 -0.002881 -0.010300
v -0.013378 -0.001268 -0.010088
v 0.010598 -0.015400 -0.010300
v 0.010701 -0.015206 -0.010300
v 0.010680 -0.015196 -0.010185
v 0.007618 -0.016689 -0.010023
v 0.005776 -0.012175 -0.010023
v 0.010606 -0.012837 -0.010023
v 0.009948 -0.011868 -0.010023
v 0.008954 -0.011252 -0.010023
v 0.007794 -0.011093 -0.010023
v 0.005266 -0.013228 -0.010023
v 0.005230 -0.014398 -0.010023
v 0.005672 -0.015482 -0.010023
v 0.008785 -0.016603 -0.010023
v 0.009817 -0.016050 -0.010023
v 0.010534 -0.015125 -0.010023
v 0.010696 -0.012800 -0.010088
v 0.010016 -0.011798 -0.010088
v 0.010757 -0.012775 -0.010185
v 0.010061 -0.011751 -0.010185
v 0.006670 -0.011419 -0.010023
v 0.007787 -0.010996 -0.010088
v 0.006624 -0.011333 -0.010088
v 0.007782 -0.010931 -0.010185
v 0.006593 -0.011276 -0.010185
v 0.005699 -0.012115 -0.010088
v 0.005172 -0.013205 -0.010088
v 0.005648 -0.012075 -0.010185
v 0.005109 -0.013190 -0.010185
v 0.006517 -0.016292 -0.010023
v 0.005591 -0.015537 -0.010088
v 0.006465 -0.016375 -0.010088
v 0.005538 -0.015573 -0.010185
v 0.006431 -0.016430 -0.010185
v 0.007605 -0.016785 -0.010088
v 0.008812 -0.016697 -0.010088
v 0.007596 -0.016850 -0.010185
v 0.008830 -0.016759 -0.010185
v 0.010976 -0.013994 -0.010185
v 0.010999 -0.013994 -0.010300
v 0.011000 -0.013900 -0.010300
v 0.010911 -0.013992 -0.010088
v 0.010813 -0.013989 -0.010023
v 0.008987 -0.011160 -0.010088
v 0.009009 -0.011099 -0.010185
v 0.009500 -0.011302 -0.010300
v 0.009016 -0.011077 -0.010300
v 0.010778 -0.012767 -0.010300
v 0.010598 -0.012400 -0.010300
v 0.010077 -0.011735 -0.010300
v 0.008000 -0.010900 -0.010300
v 0.007780 -0.010908 -0.010300
v 0.006582 -0.011256 -0.010300
v 0.006500 -0.011302 -0.010300
v 0.005134 -0.014416 -0.010088
v 0.005070 -0.014427 -0.010185
v 0.005000 -0.013900 -0.010300
v 0.005047 -0.014431 -0.010300
v 0.005630 -0.012061 -0.010300
v 0.005402 -0.012400 -0.010300
v 0.005087 -0.013184 -0.010300
v 0.005402 -0.015400 -0.010300
v 0.005519 -0.015586 -0.010300
v 0.006419 -0.016450 -0.010300
v 0.006500 -0.016498 -0.010300
v 0.009880 -0.016124 -0.010088
v 0.009922 -0.016174 -0.010185
v 0.009500 -0.016498 -0.010300
v 0.009936 -0.016191 -0.010300
v 0.007593 -0.016872 -0.010300
v 0.008000 -0.016900 -0.010300
v 0.008837 -0.016781 -0.010300
v 0.010622 -0.015168 -0.010088
v -0.005402 -0.015400 -0.010300
v -0.005299 -0.015206 -0.010300
v -0.005320 -0.015196 -0.010185
v -0.008382 -0.016689 -0.010023
v -0.010224 -0.012175 -0.010023
v -0.005394 -0.012837 -0.010023
v -0.006052 -0.011868 -0.010023
v -0.007046 -0.011252 -0.010023
v -0.008206 -0.011093 -0.010023
v -0.010734 -0.013228 -0.010023
v -0.010770 -0.014398 -0.010023
v -0.010328 -0.015482 -0.010023
v -0.007215 -0.016603 -0.010023
v -0.006183 -0.016050 -0.010023
v -0.005466 -0.015125 -0.010023
v -0.005304 -0.012800 -0.010088
v -0.005984 -0.011798 -0.010088
v -0.005243 -0.012775 -0.010185
v -0.005939 -0.011751 -0.010185
v -0.009330 -0.011419 -0.010023
v -0.008213 -0.010996 -0.010088
v -0.009376 -0.011333 -0.010088
v -0.008218 -0.010931 -0.010185
v -0.009407 -0.011276 -0.010185
v -0.010301 -0.012115 -0.010088
v -0.010828 -0.013205 -0.010088
v -0.010352 -0.012075 -0.010185
v -0.010891 -0.013190 -0.010185
v -0.009483 -0.016292 -0.010023
v -0.010409 -0.015537 -0.010088
v -0.009535 -0.016375 -0.010088
v -0.010462 -0.015573 -0.010185
v -0.009569 -0.016430 -0.010185
v -0.008395 -0.016785 -0.010088
v -0.007188 -0.016697 -0.010088
v -0.008404 -0.016850 -0.010185
v -0.007170 -0.016759 -0.010185
v -0.005024 -0.013994 -0.010185
v -0.005001 -0.013994 -0.010300
v -0.005000 -0.013900 -0.010300
v -0.005089 -0.013992 -0.010088
v -0.005187 -0.013989 -0.010023
v -0.007013 -0.011160 -0.010088
v -0.006991 -0.011099 -0.010185
v -0.006500 -0.011302 -0.010300
v -0.006984 -0.011077 -0.010300
v -0.005222 -0.012767 -0.010300
v -0.005402 -0.012400 -0.010300
v -0.005923 -0.011735 -0.010300
v -0.008000 -0.010900 -0.010300
v -0.008220 -0.010908 -0.010300
v -0.009418 -0.011256 -0.010300
v -0.009500 -0.011302 -0.010300
v -0.010866 -0.014416 -0.010088
v -0.010930 -0.014427 -0.010185
v -0.011000 -0.013900 -0.010300
v -0.010953 -0.014431 -0.010300
v -0.010370 -0.012061 -0.010300
v -0.010598 -0.012400 -0.010300
v -0.010913 -0.013184 -0.010300
v -0.010598 -0.015400 -0.010300
v -0.010481 -0.015586 -0.010300
v -0.009581 -0.016450 -0.010300
v -0.009500 -0.016498 -0.010300
v -0.006120 -0.016124 -0.010088
v -0.006078 -0.016174 -0.010185
v -0.006500 -0.016498 -0.010300
v -0.006064 -0.016191 -0.010300
v -0.008407 -0.016872 -0.010300
v -0.008000 -0.016900 -0.010300
v -0.007163 -0.016781 -0.010300
v -0.005378 -0.015168 -0.010088
v 0.008700 0.011200 -0.054000
v 0.008606 0.011550 -0.054000
v 0.008350 0.011806 -0.054000
v 0.008000 0.011900 -0.054000
v 0.007650 0.011806 -0.054000
v 0.007394 0.011550 -0.054000
v 0.007300 0.011200 -0.054000
v 0.007394 0.010850 -0.054000
v 0.007650 0.010594 -0.054000
v 0.008000 0.010500 -0.054000
v 0.008350 0.010594 -0.054000
v 0.008606 0.010850 -0.054000
v 0.000327 0.001258 -0.054000
v 0.000897 0.000941 -0.054000
v 0.001242 0.000385 -0.054000
v 0.001272 -0.000267 -0.054000
v 0.000982 -0.000852 -0.054000
v 0.000443 -0.001222 -0.054000
v -0.000208 -0.001283 -0.054000
v -0.000806 -0.001020 -0.054000
v -0.001200 -0.000500 -0.054000
v -0.001292 0.000147 -0.054000
v 0.017300 0.000000 -0.054000
v 0.017126 0.000650 -0.054000
v 0.016650 0.001126 -0.054000
v 0.016000 0.001300 -0.054000
v 0.015350 0.001126 -0.054000
v 0.014874 0.000650 -0.054000
v 0.014700 0.000000 -0.054000
v 0.014874 -0.000650 -0.054000
v 0.015350 -0.001126 -0.054000
v 0.016000 -0.001300 -0.054000
v 0.016650 -0.001126 -0.054000
v 0.017126 -0.000650 -0.054000
v -0.014700 0.000000 -0.054000
v -0.014874 0.000650 -0.054000
v -0.015350 0.001126 -0.054000
v -0.016000 0.001300 -0.054000
v -0.016650 0.001126 -0.054000
v -0.017126 0.000650 -0.054000
v -0.017300 0.000000 -0.054000
v -0.017126 -0.000650 -0.054000
v -0.016650 -0.001126 -0.054000
v -0.016000 -0.001300 -0.054000
v -0.015350 -0.001126 -0.054000
v -0.014874 -0.000650 -0.054000
v -0.007599 0.010626 -0.054000
v -0.008401 0.010626 -0.054000
v -0.008629 0.010893 -0.054000
v -0.008699 0.011236 -0.054000
v -0.008594 0.011571 -0.054000
v -0.008339 0.011812 -0.054000
v -0.008000 0.011900 -0.054000
v -0.007661 0.011812 -0.054000
v -0.007406 0.011571 -0.054000
v -0.007301 0.011236 -0.054000
v -0.007371 0.010893 -0.054000
v 0.015208 0.015149 -0.000200
v 0.015208 0.015787 -0.000200
v 0.016000 0.015787 -0.000200
v 0.016125 0.015745 -0.000200
v 0.016208 0.015660 -0.000200
v 0.016250 0.015532 -0.000200
v 0.016250 0.015404 -0.000200
v 0.016208 0.015277 -0.000200
v 0.016125 0.015191 -0.000200
v 0.016000 0.015149 -0.000200
v 0.001083 0.009725 -0.000200
v 0.000625 0.010183 -0.000200
v -0.000000 0.010350 -0.000200
v -0.000625 0.010183 -0.000200
v -0.001083 0.009725 -0.000200
v -0.001250 0.009100 -0.000200
v -0.001083 0.008475 -0.000200
v -0.000625 0.008017 -0.000200
v -0.000000 0.007850 -0.000200
v 0.000625 0.008017 -0.000200
v 0.001083 0.008475 -0.000200
v 0.001250 0.009100 -0.000200
v -0.009500 0.011200 -0.028000
v -0.009299 0.011950 -0.028000
v -0.008750 0.012499 -0.028000
v -0.008000 0.012700 -0.028000
v -0.007250 0.012499 -0.028000
v -0.006701 0.011950 -0.028000
v -0.006500 0.011200 -0.028000
v -0.006701 0.010450 -0.028000
v -0.007250 0.009901 -0.028000
v -0.008000 0.009700 -0.028000
v -0.008750 0.009901 -0.028000
v -0.009299 0.010450 -0.028000
v 0.006500 0.011200 -0.028000
v 0.006701 0.011950 -0.028000
v 0.007250 0.012499 -0.028000
v 0.008000 0.012700 -0.028000
v 0.008750 0.012499 -0.028000
v 0.009299 0.011950 -0.028000
v 0.009500 0.011200 -0.028000
v 0.009299 0.010450 -0.028000
v 0.008750 0.009901 -0.028000
v 0.008000 0.009700 -0.028000
v 0.007250 0.009901 -0.028000
v 0.006701 0.010450 -0.028000
v 0.013402 -0.001500 -0.028000
v 0.013000 0.000000 -0.028000
v 0.014500 -0.002598 -0.028000
v 0.016000 -0.003000 -0.028000
v 0.017500 -0.002598 -0.028000
v 0.018598 -0.001500 -0.028000
v 0.019000 -0.000000 -0.028000
v 0.018598 0.001500 -0.028000
v 0.017500 0.002598 -0.028000
v 0.016000 0.003000 -0.028000
v 0.014500 0.002598 -0.028000
v 0.013402 0.001500 -0.028000
v -0.003000 0.000000 -0.028000
v -0.002598 -0.001500 -0.028000
v -0.001500 -0.002598 -0.028000
v -0.000000 -0.003000 -0.028000
v 0.001500 -0.002598 -0.028000
v 0.002598 -0.001500 -0.028000
v 0.003000 0.000000 -0.028000
v 0.002598 0.001500 -0.028000
v 0.001500 0.002598 -0.028000
v -0.000000 0.003000 -0.028000
v -0.001500 0.002598 -0.028000
v -0.002598 0.001500 -0.028000
v -0.018598 -0.001500 -0.028000
v -0.019000 0.000000 -0.028000
v -0.017500 -0.002598 -0.028000
v -0.016000 -0.003000 -0.028000
v -0.014500 -0.002598 -0.028000
v -0.013402 -0.001500 -0.028000
v -0.013000 -0.000000 -0.028000
v -0.013402 0.001500 -0.028000
v -0.014500 0.002598 -0.028000
v -0.016000 0.003000 -0.028000
v -0.017500 0.002598 -0.028000
v -0.018598 0.001500 -0.028000
v 0.005402 -0.015400 -0.028000
v 0.005000 -0.013900 -0.028000
v 0.006500 -0.016498 -0.028000
v 0.008000 -0.016900 -0.028000
v 0.009500 -0.016498 -0.028000
v 0.010598 -0.015400 -0.028000
v 0.011000 -0.013900 -0.028000
v 0.010598 -0.012400 -0.028000
v 0.009500 -0.011302 -0.028000
v 0.008000 -0.010900 -0.028000
v 0.006500 -0.011302 -0.028000
v 0.005402 -0.012400 -0.028000
v -0.010598 -0.015400 -0.028000
v -0.011000 -0.013900 -0.028000
v -0.009500 -0.016498 -0.028000
v -0.008000 -0.016900 -0.028000
v -0.006500 -0.016498 -0.028000
v -0.005402 -0.015400 -0.028000
v -0.005000 -0.013900 -0.028000
v -0.005402 -0.012400 -0.028000
v -0.006500 -0.011302 -0.028000
v -0.008000 -0.010900 -0.028000
v -0.009500 -0.011302 -0.028000
v -0.010598 -0.012400 -0.028000
v -0.024941 0.010078 -0.054000
v -0.026239 0.005926 -0.054000
v -0.012961 0.019900 -0.054000
v 0.004300 0.019900 -0.054000
v 0.004300 0.005900 -0.054000
v -0.015481 0.019618 -0.054000
v -0.022494 0.014752 -0.054000
v -0.020877 0.016704 -0.054000
v -0.018379 0.018531 -0.054000
v -0.021499 -0.016169 -0.054000
v -0.024349 -0.011435 -0.054000
v -0.026171 -0.006219 -0.054000
v -0.026474 0.004770 -0.054000
v -0.026890 -0.000740 -0.054000
v -0.002763 -0.026758 -0.054000
v 0.002763 -0.026758 -0.054000
v 0.004324 -0.026550 -0.054000
v -0.008172 -0.025629 -0.054000
v -0.013236 -0.023418 -0.054000
v -0.017741 -0.020220 -0.054000
v 0.008172 -0.025629 -0.054000
v 0.021499 -0.016169 -0.054000
v 0.017741 -0.020220 -0.054000
v 0.013236 -0.023418 -0.054000
v 0.026239 0.005926 -0.054000
v 0.026474 0.004770 -0.054000
v 0.026890 -0.000740 -0.054000
v 0.026171 -0.006219 -0.054000
v 0.024349 -0.011435 -0.054000
v 0.024941 0.010078 -0.054000
v 0.015481 0.019618 -0.054000
v 0.012961 0.019900 -0.054000
v 0.018379 0.018531 -0.054000
v 0.020877 0.016704 -0.054000
v 0.022494 0.014752 -0.054000
v 0.008614 0.024800 -0.038500
v 0.008400 0.024000 -0.038500
v 0.005700 0.027000 -0.038500
v 0.012961 0.019900 -0.038500
v 0.005700 0.019900 -0.038500
v 0.009200 0.022614 -0.038500
v 0.008614 0.023200 -0.038500
v 0.011386 0.024800 -0.038500
v 0.013500 0.027000 -0.038500
v 0.011600 0.024000 -0.038500
v 0.013500 0.019887 -0.038500
v 0.010000 0.022400 -0.038500
v 0.010800 0.022614 -0.038500
v 0.011386 0.023200 -0.038500
v 0.010800 0.025386 -0.038500
v 0.010000 0.025600 -0.038500
v 0.009200 0.025386 -0.038500
v -0.011386 0.024800 -0.038500
v -0.011600 0.024000 -0.038500
v -0.013500 0.027000 -0.038500
v -0.013500 0.019887 -0.038500
v -0.011386 0.023200 -0.038500
v -0.012961 0.019900 -0.038500
v -0.010800 0.022614 -0.038500
v -0.010000 0.022400 -0.038500
v -0.005700 0.019900 -0.038500
v -0.009200 0.022614 -0.038500
v -0.008614 0.023200 -0.038500
v -0.005700 0.027000 -0.038500
v -0.008400 0.024000 -0.038500
v -0.008614 0.024800 -0.038500
v -0.009200 0.025386 -0.038500
v -0.010000 0.025600 -0.038500
v -0.010800 0.025386 -0.038500
v -0.015125 0.015489 -0.000200
v -0.014875 0.015489 -0.000200
v -0.015167 0.015617 -0.000200
v -0.014917 0.015702 -0.000200
v -0.015292 0.015702 -0.000200
v -0.014875 0.014511 -0.000200
v -0.015125 0.014511 -0.000200
v -0.014917 0.014298 -0.000200
v -0.015167 0.014383 -0.000200
v -0.015083 0.014128 -0.000200
v -0.015292 0.014298 -0.000200
v -0.015083 0.015872 -0.000200
v -0.015250 0.015957 -0.000200
v -0.015458 0.015745 -0.000200
v -0.015458 0.016000 -0.000200
v -0.015833 0.015745 -0.000200
v -0.015833 0.016000 -0.000200
v -0.016000 0.015702 -0.000200
v -0.016000 0.014298 -0.000200
v -0.016042 0.014043 -0.000200
v -0.015833 0.014255 -0.000200
v -0.015833 0.014000 -0.000200
v -0.015458 0.014255 -0.000200
v -0.015458 0.014000 -0.000200
v -0.015250 0.014043 -0.000200
v -0.016042 0.015957 -0.000200
v -0.016208 0.015872 -0.000200
v -0.016125 0.015617 -0.000200
v -0.016375 0.015702 -0.000200
v -0.016208 0.015489 -0.000200
v -0.016458 0.015532 -0.000200
v -0.016250 0.015319 -0.000200
v -0.016500 0.015319 -0.000200
v -0.016250 0.014681 -0.000200
v -0.016500 0.014681 -0.000200
v -0.016208 0.014511 -0.000200
v -0.016458 0.014468 -0.000200
v -0.016125 0.014383 -0.000200
v -0.016375 0.014298 -0.000200
v -0.016208 0.014128 -0.000200
v -0.013167 0.015489 -0.000200
v -0.012917 0.015489 -0.000200
v -0.013208 0.015617 -0.000200
v -0.012958 0.015702 -0.000200
v -0.013333 0.015702 -0.000200
v -0.012917 0.014511 -0.000200
v -0.013167 0.014511 -0.000200
v -0.012958 0.014298 -0.000200
v -0.013208 0.014383 -0.000200
v -0.013125 0.014128 -0.000200
v -0.013333 0.014298 -0.000200
v -0.013125 0.015872 -0.000200
v -0.013292 0.015957 -0.000200
v -0.013500 0.015745 -0.000200
v -0.013500 0.016000 -0.000200
v -0.013875 0.015745 -0.000200
v -0.013875 0.016000 -0.000200
v -0.014042 0.015702 -0.000200
v -0.014042 0.014298 -0.000200
v -0.014083 0.014043 -0.000200
v -0.013875 0.014255 -0.000200
v -0.013875 0.014000 -0.000200
v -0.013500 0.014255 -0.000200
v -0.013500 0.014000 -0.000200
v -0.013292 0.014043 -0.000200
v -0.014083 0.015957 -0.000200
v -0.014250 0.015872 -0.000200
v -0.014167 0.015617 -0.000200
v -0.014417 0.015702 -0.000200
v -0.014250 0.015489 -0.000200
v -0.014500 0.015532 -0.000200
v -0.014292 0.015319 -0.000200
v -0.014542 0.015319 -0.000200
v -0.014292 0.014681 -0.000200
v -0.014542 0.014681 -0.000200
v -0.014250 0.014511 -0.000200
v -0.014500 0.014468 -0.000200
v -0.014167 0.014383 -0.000200
v -0.014417 0.014298 -0.000200
v -0.014250 0.014128 -0.000200
v 0.014375 0.015489 -0.000200
v 0.014625 0.015489 -0.000200
v 0.014333 0.015617 -0.000200
v 0.014583 0.015702 -0.000200
v 0.014208 0.015702 -0.000200
v 0.014625 0.014511 -0.000200
v 0.014375 0.014511 -0.000200
v 0.014583 0.014298 -0.000200
v 0.014333 0.014383 -0.000200
v 0.014417 0.014128 -0.000200
v 0.014208 0.014298 -0.000200
v 0.014417 0.015872 -0.000200
v 0.014250 0.015957 -0.000200
v 0.014042 0.015745 -0.000200
v 0.014042 0.016000 -0.000200
v 0.013667 0.015745 -0.000200
v 0.013667 0.016000 -0.000200
v 0.013500 0.015702 -0.000200
v 0.013500 0.014298 -0.000200
v 0.013458 0.014043 -0.000200
v 0.013667 0.014255 -0.000200
v 0.013667 0.014000 -0.000200
v 0.014042 0.014255 -0.000200
v 0.014042 0.014000 -0.000200
v 0.014250 0.014043 -0.000200
v 0.013458 0.015957 -0.000200
v 0.013292 0.015872 -0.000200
v 0.013375 0.015617 -0.000200
v 0.013125 0.015702 -0.000200
v 0.013292 0.015489 -0.000200
v 0.013042 0.015532 -0.000200
v 0.013250 0.015319 -0.000200
v 0.013000 0.015319 -0.000200
v 0.013250 0.014681 -0.000200
v 0.013000 0.014681 -0.000200
v 0.013292 0.014511 -0.000200
v 0.013042 0.014468 -0.000200
v 0.013375 0.014383 -0.000200
v 0.013125 0.014298 -0.000200
v 0.013292 0.014128 -0.000200
v 0.014958 0.016000 -0.000200
v 0.014958 0.014000 -0.000200
v 0.015208 0.014894 -0.000200
v 0.015208 0.014000 -0.000200
v 0.016458 0.015660 -0.000200
v 0.016333 0.015830 -0.000200
v 0.016167 0.015957 -0.000200
v 0.015958 0.016000 -0.000200
v 0.015958 0.014894 -0.000200
v 0.016167 0.014936 -0.000200
v 0.016333 0.015064 -0.000200
v 0.016458 0.015234 -0.000200
v 0.016500 0.015362 -0.000200
v 0.016500 0.015532 -0.000200
v -0.020750 0.010000 -0.000200
v -0.021000 0.010000 -0.000200
v -0.020750 0.008255 -0.000200
v -0.021000 0.008000 -0.000200
v -0.019500 0.008255 -0.000200
v -0.019500 0.008000 -0.000200
v 0.020667 0.010000 -0.000200
v 0.020417 0.010000 -0.000200
v 0.020667 0.008000 -0.000200
v 0.020417 0.008298 -0.000200
v 0.019000 0.008000 -0.000200
v 0.019250 0.008000 -0.000200
v 0.019000 0.010000 -0.000200
v 0.019250 0.009745 -0.000200
v 0.019375 0.010000 -0.000200
v 0.020292 0.008000 -0.000200
v -0.020250 -0.008500 -0.000200
v -0.020500 -0.008500 -0.000200
v -0.020250 -0.010245 -0.000200
v -0.020500 -0.010500 -0.000200
v -0.019000 -0.010245 -0.000200
v -0.019000 -0.010500 -0.000200
v 0.015750 -0.008500 -0.000200
v 0.015500 -0.008500 -0.000200
v 0.015750 -0.010245 -0.000200
v 0.015500 -0.010500 -0.000200
v 0.017000 -0.010245 -0.000200
v 0.017000 -0.010500 -0.000200
v -0.000000 0.010600 -0.000200
v -0.000750 0.010399 -0.000200
v -0.001299 0.009850 -0.000200
v -0.001500 0.009100 -0.000200
v -0.001299 0.008350 -0.000200
v -0.000750 0.007801 -0.000200
v -0.000000 0.007600 -0.000200
v 0.000750 0.007801 -0.000200
v 0.001299 0.008350 -0.000200
v 0.001500 0.009100 -0.000200
v 0.001299 0.009850 -0.000200
v 0.000750 0.010399 -0.000200
v -0.017167 -0.010500 -0.000200
v -0.017167 -0.010287 -0.000200
v -0.018667 -0.010500 -0.000200
v -0.018333 -0.010287 -0.000200
v -0.017417 -0.008968 -0.000200
v -0.017417 -0.009053 -0.000200
v -0.017167 -0.009053 -0.000200
v -0.017208 -0.009223 -0.000200
v -0.017500 -0.009223 -0.000200
v -0.017292 -0.009351 -0.000200
v -0.018667 -0.010287 -0.000200
v -0.017167 -0.008968 -0.000200
v -0.017208 -0.008798 -0.000200
v -0.017500 -0.008840 -0.000200
v -0.017375 -0.008628 -0.000200
v -0.017625 -0.008755 -0.000200
v -0.017542 -0.008543 -0.000200
v -0.017833 -0.008713 -0.000200
v -0.017792 -0.008500 -0.000200
v -0.018000 -0.008713 -0.000200
v -0.017958 -0.008500 -0.000200
v -0.018208 -0.008755 -0.000200
v -0.018250 -0.008543 -0.000200
v -0.018333 -0.008840 -0.000200
v -0.018417 -0.008628 -0.000200
v -0.018417 -0.008968 -0.000200
v -0.018583 -0.008798 -0.000200
v -0.018625 -0.008968 -0.000200
v 0.018167 -0.009394 -0.000200
v 0.018000 -0.009394 -0.000200
v 0.018000 -0.009564 -0.000200
v 0.018167 -0.009564 -0.000200
v 0.018500 -0.009479 -0.000200
v 0.018417 -0.009606 -0.000200
v 0.018708 -0.009564 -0.000200
v 0.018542 -0.009691 -0.000200
v 0.018792 -0.009691 -0.000200
v 0.018625 -0.009862 -0.000200
v 0.018583 -0.010117 -0.000200
v 0.018792 -0.010160 -0.000200
v 0.018625 -0.010032 -0.000200
v 0.018833 -0.010032 -0.000200
v 0.018833 -0.009862 -0.000200
v 0.018500 -0.009223 -0.000200
v 0.018750 -0.009223 -0.000200
v 0.018583 -0.009053 -0.000200
v 0.018792 -0.009053 -0.000200
v 0.018583 -0.008968 -0.000200
v 0.018417 -0.009309 -0.000200
v 0.018667 -0.009351 -0.000200
v 0.017542 -0.010032 -0.000200
v 0.017333 -0.010032 -0.000200
v 0.017375 -0.010160 -0.000200
v 0.018792 -0.008968 -0.000200
v 0.018750 -0.008798 -0.000200
v 0.018500 -0.008840 -0.000200
v 0.018583 -0.008628 -0.000200
v 0.018375 -0.008755 -0.000200
v 0.018417 -0.008543 -0.000200
v 0.018167 -0.008713 -0.000200
v 0.018125 -0.008500 -0.000200
v 0.018000 -0.008713 -0.000200
v 0.018042 -0.008500 -0.000200
v 0.017792 -0.008755 -0.000200
v 0.017750 -0.008543 -0.000200
v 0.017667 -0.008840 -0.000200
v 0.017583 -0.008628 -0.000200
v 0.017583 -0.008968 -0.000200
v 0.017417 -0.008798 -0.000200
v 0.017375 -0.008968 -0.000200
v 0.017583 -0.010117 -0.000200
v 0.017458 -0.010287 -0.000200
v 0.017667 -0.010202 -0.000200
v 0.017583 -0.010372 -0.000200
v 0.017750 -0.010245 -0.000200
v 0.017750 -0.010457 -0.000200
v 0.017958 -0.010287 -0.000200
v 0.017917 -0.010500 -0.000200
v 0.018208 -0.010287 -0.000200
v 0.018250 -0.010500 -0.000200
v 0.018417 -0.010245 -0.000200
v 0.018417 -0.010457 -0.000200
v 0.018500 -0.010202 -0.000200
v 0.018583 -0.010372 -0.000200
v 0.018708 -0.010287 -0.000200
v -0.018917 0.008000 -0.000200
v -0.018667 0.008000 -0.000200
v -0.018917 0.009660 -0.000200
v -0.018667 0.010000 -0.000200
v -0.018917 0.010000 -0.000200
v -0.019167 0.009702 -0.000200
v -0.019167 0.009362 -0.000200
v -0.012612 0.012337 -0.028000
v -0.012750 0.011200 -0.028000
v -0.012612 0.010063 -0.028000
v -0.011555 0.008050 -0.028000
v -0.009684 0.006759 -0.028000
v -0.007427 0.006485 -0.028000
v -0.005302 0.007291 -0.028000
v -0.003794 0.008993 -0.028000
v -0.003250 0.011200 -0.028000
v -0.003794 0.013407 -0.028000
v -0.005302 0.015109 -0.028000
v -0.007427 0.015915 -0.028000
v -0.009684 0.015641 -0.028000
v -0.011555 0.014350 -0.028000
v 0.003388 0.012337 -0.028000
v 0.003250 0.011200 -0.028000
v 0.003388 0.010063 -0.028000
v 0.004445 0.008050 -0.028000
v 0.006316 0.006759 -0.028000
v 0.008573 0.006485 -0.028000
v 0.010698 0.007291 -0.028000
v 0.012206 0.008993 -0.028000
v 0.012750 0.011200 -0.028000
v 0.012206 0.013407 -0.028000
v 0.010698 0.015109 -0.028000
v 0.008573 0.015915 -0.028000
v 0.006316 0.015641 -0.028000
v 0.004445 0.014350 -0.028000
v 0.021020 -0.005020 -0.028000
v 0.022560 -0.002717 -0.028000
v 0.023100 0.000000 -0.028000
v 0.010980 -0.005020 -0.028000
v 0.013283 -0.006560 -0.028000
v 0.016000 -0.007100 -0.028000
v 0.018717 -0.006560 -0.028000
v 0.010980 0.005020 -0.028000
v 0.009440 0.002717 -0.028000
v 0.008900 0.000000 -0.028000
v 0.009440 -0.002717 -0.028000
v 0.022560 0.002717 -0.028000
v 0.021020 0.005020 -0.028000
v 0.018717 0.006560 -0.028000
v 0.016000 0.007100 -0.028000
v 0.013283 0.006560 -0.028000
v -0.005020 -0.005020 -0.028000
v -0.002717 -0.006560 -0.028000
v -0.000000 -0.007100 -0.028000
v 0.002717 -0.006560 -0.028000
v 0.005020 -0.005020 -0.028000
v 0.006560 -0.002717 -0.028000
v 0.007100 0.000000 -0.028000
v -0.005020 0.005020 -0.028000
v -0.006560 0.002717 -0.028000
v -0.007100 0.000000 -0.028000
v -0.006560 -0.002717 -0.028000
v 0.006560 0.002717 -0.028000
v 0.005020 0.005020 -0.028000
v 0.002717 0.006560 -0.028000
v -0.000000 0.007100 -0.028000
v -0.002717 0.006560 -0.028000
v -0.021020 -0.005020 -0.028000
v -0.018717 -0.006560 -0.028000
v -0.016000 -0.007100 -0.028000
v -0.010980 0.005020 -0.028000
v -0.013283 0.006560 -0.028000
v -0.016000 0.007100 -0.028000
v -0.013283 -0.006560 -0.028000
v -0.010980 -0.005020 -0.028000
v -0.009440 -0.002717 -0.028000
v -0.008900 0.000000 -0.028000
v -0.009440 0.002717 -0.028000
v -0.018717 0.006560 -0.028000
v -0.021020 0.005020 -0.028000
v -0.022560 0.002717 -0.028000
v -0.023100 0.000000 -0.028000
v -0.022560 -0.002717 -0.028000
v 0.002980 -0.018920 -0.028000
v 0.005283 -0.020460 -0.028000
v 0.008000 -0.021000 -0.028000
v 0.010717 -0.020460 -0.028000
v 0.013020 -0.018920 -0.028000
v 0.014560 -0.016617 -0.028000
v 0.015100 -0.013900 -0.028000
v 0.002980 -0.008880 -0.028000
v 0.001440 -0.011183 -0.028000
v 0.000900 -0.013900 -0.028000
v 0.001440 -0.016617 -0.028000
v 0.014560 -0.011183 -0.028000
v 0.013020 -0.008880 -0.028000
v 0.010717 -0.007340 -0.028000
v 0.008000 -0.006800 -0.028000
v 0.005283 -0.007340 -0.028000
v -0.013020 -0.018920 -0.028000
v -0.010717 -0.020460 -0.028000
v -0.008000 -0.021000 -0.028000
v -0.005283 -0.020460 -0.028000
v -0.002980 -0.018920 -0.028000
v -0.001440 -0.016617 -0.028000
v -0.000900 -0.013900 -0.028000
v -0.013020 -0.008880 -0.028000
v -0.014560 -0.011183 -0.028000
v -0.015100 -0.013900 -0.028000
v -0.014560 -0.016617 -0.028000
v -0.001440 -0.011183 -0.028000
v -0.002980 -0.008880 -0.028000
v -0.005283 -0.007340 -0.028000
v -0.008000 -0.006800 -0.028000
v -0.010717 -0.007340 -0.028000
v -0.022494 0.014752 -0.036500
v -0.021364 0.016204 -0.036500
v -0.013500 0.019887 -0.036500
v -0.015240 0.019670 -0.036500
v -0.017510 0.018953 -0.036500
v -0.020877 0.016704 -0.036500
v -0.019581 0.017781 -0.036500
v -0.018379 0.018531 -0.036500
v -0.024372 0.011385 -0.036500
v -0.026890 -0.000740 -0.036500
v -0.026899 0.000182 -0.036500
v -0.026597 0.004025 -0.036500
v -0.026474 0.004770 -0.036500
v -0.025749 0.007785 -0.036500
v -0.024941 0.010078 -0.036500
v -0.026649 -0.003664 -0.036500
v -0.026171 -0.006219 -0.036500
v -0.025852 -0.007435 -0.036500
v -0.024524 -0.011054 -0.036500
v -0.022692 -0.014446 -0.036500
v -0.024349 -0.011435 -0.036500
v -0.020395 -0.017541 -0.036500
v -0.021499 -0.016169 -0.036500
v -0.014599 -0.022594 -0.036500
v -0.017678 -0.020275 -0.036500
v -0.011220 -0.024448 -0.036500
v -0.013236 -0.023418 -0.036500
v -0.002763 -0.026758 -0.036500
v -0.003845 -0.026624 -0.036500
v -0.007610 -0.025801 -0.036500
v -0.008172 -0.025629 -0.036500
v 0.000000 -0.026900 -0.036500
v 0.002763 -0.026758 -0.036500
v 0.003845 -0.026624 -0.036500
v 0.007610 -0.025801 -0.036500
v 0.008172 -0.025629 -0.036500
v 0.011220 -0.024448 -0.036500
v 0.013236 -0.023418 -0.036500
v 0.014599 -0.022594 -0.036500
v 0.017678 -0.020275 -0.036500
v 0.020395 -0.017541 -0.036500
v 0.021499 -0.016169 -0.036500
v 0.022692 -0.014446 -0.036500
v 0.024349 -0.011435 -0.036500
v 0.025852 -0.007435 -0.036500
v 0.024524 -0.011054 -0.036500
v 0.026649 -0.003664 -0.036500
v 0.026171 -0.006219 -0.036500
v 0.026474 0.004770 -0.036500
v 0.026597 0.004025 -0.036500
v 0.026899 0.000182 -0.036500
v 0.026890 -0.000740 -0.036500
v 0.025749 0.007785 -0.036500
v 0.024941 0.010078 -0.036500
v 0.024372 0.011385 -0.036500
v 0.022494 0.014752 -0.036500
v 0.021364 0.016204 -0.036500
v 0.020877 0.016704 -0.036500
v 0.019581 0.017781 -0.036500
v 0.018379 0.018531 -0.036500
v 0.017510 0.018953 -0.036500
v 0.015240 0.019670 -0.036500
v 0.013500 0.019887 -0.036500
v -0.005700 0.019900 -0.036500
v 0.005700 0.019900 -0.036500
v 0.013500 0.020108 -0.036449
v 0.013500 0.027000 -0.036500
v 0.013500 0.020400 -0.036500
v 0.013501 0.020270 -0.036322
v 0.013500 0.020357 -0.036173
v 0.013500 0.020394 -0.035500
v 0.013500 0.020388 -0.036000
v 0.013500 0.020376 -0.036110
v 0.005700 0.027000 -0.036500
v 0.005700 0.020400 -0.036500
v 0.005700 0.020400 -0.036000
v 0.005700 0.020369 -0.036173
v 0.005700 0.020254 -0.036354
v 0.005700 0.020073 -0.036469
v 0.011600 0.024000 -0.036500
v 0.011386 0.024800 -0.036500
v 0.010800 0.025386 -0.036500
v 0.010000 0.025600 -0.036500
v 0.009200 0.025386 -0.036500
v 0.008614 0.024800 -0.036500
v 0.008400 0.024000 -0.036500
v 0.008614 0.023200 -0.036500
v 0.009200 0.022614 -0.036500
v 0.010000 0.022400 -0.036500
v 0.010800 0.022614 -0.036500
v 0.011386 0.023200 -0.036500
v -0.005700 0.027000 -0.036500
v -0.005700 0.020400 -0.036500
v -0.005700 0.020400 -0.036000
v -0.005700 0.020369 -0.036173
v -0.005700 0.020254 -0.036354
v -0.005700 0.020073 -0.036469
v -0.013500 0.027000 -0.036500
v -0.013500 0.020400 -0.036500
v -0.013501 0.020241 -0.036354
v -0.013500 0.020327 -0.036239
v -0.013500 0.020388 -0.036000
v -0.013500 0.020394 -0.035500
v -0.013500 0.019946 -0.036497
v -0.013500 0.020061 -0.036469
v -0.013500 0.020161 -0.036419
v -0.008400 0.024000 -0.036500
v -0.008614 0.024800 -0.036500
v -0.009200 0.025386 -0.036500
v -0.010000 0.025600 -0.036500
v -0.010800 0.025386 -0.036500
v -0.011386 0.024800 -0.036500
v -0.011600 0.024000 -0.036500
v -0.011386 0.023200 -0.036500
v -0.010800 0.022614 -0.036500
v -0.010000 0.022400 -0.036500
v -0.009200 0.022614 -0.036500
v -0.008614 0.023200 -0.036500
v -0.014917 0.014298 0.000000
v -0.014875 0.014511 0.000000
v -0.015083 0.014128 0.000000
v -0.015250 0.014043 0.000000
v -0.015458 0.014000 0.000000
v -0.015833 0.014000 0.000000
v -0.016042 0.014043 0.000000
v -0.016208 0.014128 0.000000
v -0.016375 0.014298 0.000000
v -0.016458 0.014468 0.000000
v -0.016500 0.014681 0.000000
v -0.016500 0.015319 0.000000
v -0.016458 0.015532 0.000000
v -0.016375 0.015702 0.000000
v -0.016208 0.015872 0.000000
v -0.016042 0.015957 0.000000
v -0.015833 0.016000 0.000000
v -0.015458 0.016000 0.000000
v -0.015250 0.015957 0.000000
v -0.015083 0.015872 0.000000
v -0.014917 0.015702 0.000000
v -0.014875 0.015489 0.000000
v -0.015125 0.015489 0.000000
v -0.015167 0.015617 0.000000
v -0.015292 0.015702 0.000000
v -0.015458 0.015745 0.000000
v -0.015833 0.015745 0.000000
v -0.016000 0.015702 0.000000
v -0.016125 0.015617 0.000000
v -0.016208 0.015489 0.000000
v -0.016250 0.015319 0.000000
v -0.016250 0.014681 0.000000
v -0.016208 0.014511 0.000000
v -0.016125 0.014383 0.000000
v -0.016000 0.014298 0.000000
v -0.015833 0.014255 0.000000
v -0.015458 0.014255 0.000000
v -0.015292 0.014298 0.000000
v -0.015167 0.014383 0.000000
v -0.015125 0.014511 0.000000
v -0.012958 0.014298 0.000000
v -0.012917 0.014511 0.000000
v -0.013125 0.014128 0.000000
v -0.013292 0.014043 0.000000
v -0.013500 0.014000 0.000000
v -0.013875 0.014000 0.000000
v -0.014083 0.014043 0.000000
v -0.014250 0.014128 0.000000
v -0.014417 0.014298 0.000000
v -0.014500 0.014468 0.000000
v -0.014542 0.014681 0.000000
v -0.014542 0.015319 0.000000
v -0.014500 0.015532 0.000000
v -0.014417 0.015702 0.000000
v -0.014250 0.015872 0.000000
v -0.014083 0.015957 0.000000
v -0.013875 0.016000 0.000000
v -0.013500 0.016000 0.000000
v -0.013292 0.015957 0.000000
v -0.013125 0.015872 0.000000
v -0.012958 0.015702 0.000000
v -0.012917 0.015489 0.000000
v -0.013167 0.015489 0.000000
v -0.013208 0.015617 0.000000
v -0.013333 0.015702 0.000000
v -0.013500 0.015745 0.000000
v -0.013875 0.015745 0.000000
v -0.014042 0.015702 0.000000
v -0.014167 0.015617 0.000000
v -0.014250 0.015489 0.000000
v -0.014292 0.015319 0.000000
v -0.014292 0.014681 0.000000
v -0.014250 0.014511 0.000000
v -0.014167 0.014383 0.000000
v -0.014042 0.014298 0.000000
v -0.013875 0.014255 0.000000
v -0.013500 0.014255 0.000000
v -0.013333 0.014298 0.000000
v -0.013208 0.014383 0.000000
v -0.013167 0.014511 0.000000
v 0.014583 0.014298 0.000000
v 0.014625 0.014511 0.000000
v 0.014417 0.014128 0.000000
v 0.014250 0.014043 0.000000
v 0.014042 0.014000 0.000000
v 0.013667 0.014000 0.000000
v 0.013458 0.014043 0.000000
v 0.013292 0.014128 0.000000
v 0.013125 0.014298 0.000000
v 0.013042 0.014468 0.000000
v 0.013000 0.014681 0.000000
v 0.013000 0.015319 0.000000
v 0.013042 0.015532 0.000000
v 0.013125 0.015702 0.000000
v 0.013292 0.015872 0.000000
v 0.013458 0.015957 0.000000
v 0.013667 0.016000 0.000000
v 0.014042 0.016000 0.000000
v 0.014250 0.015957 0.000000
v 0.014417 0.015872 0.000000
v 0.014583 0.015702 0.000000
v 0.014625 0.015489 0.000000
v 0.014375 0.015489 0.000000
v 0.014333 0.015617 0.000000
v 0.014208 0.015702 0.000000
v 0.014042 0.015745 0.000000
v 0.013667 0.015745 0.000000
v 0.013500 0.015702 0.000000
v 0.013375 0.015617 0.000000
v 0.013292 0.015489 0.000000
v 0.013250 0.015319 0.000000
v 0.013250 0.014681 0.000000
v 0.013292 0.014511 0.000000
v 0.013375 0.014383 0.000000
v 0.013500 0.014298 0.000000
v 0.013667 0.014255 0.000000
v 0.014042 0.014255 0.000000
v 0.014208 0.014298 0.000000
v 0.014333 0.014383 0.000000
v 0.014375 0.014511 0.000000
v 0.016500 0.015362 0.000000
v 0.016500 0.015532 0.000000
v 0.016458 0.015234 0.000000
v 0.016333 0.015064 0.000000
v 0.016167 0.014936 0.000000
v 0.015958 0.014894 0.000000
v 0.015425 0.014894 0.000000
v 0.015208 0.014894 0.000000
v 0.015208 0.014000 0.000000
v 0.014958 0.014000 0.000000
v 0.014958 0.016000 0.000000
v 0.015958 0.016000 0.000000
v 0.015425 0.016000 0.000000
v 0.016167 0.015957 0.000000
v 0.016333 0.015830 0.000000
v 0.016458 0.015660 0.000000
v -0.020750 0.010000 0.000000
v -0.021000 0.010000 0.000000
v -0.020750 0.008255 0.000000
v -0.019500 0.008255 0.000000
v -0.019500 0.008000 0.000000
v -0.020750 0.008000 0.000000
v -0.021000 0.008000 0.000000
v 0.019000 0.008000 0.000000
v 0.019250 0.008000 0.000000
v 0.019000 0.010000 0.000000
v 0.019375 0.010000 0.000000
v 0.020417 0.008298 0.000000
v 0.020417 0.010000 0.000000
v 0.020667 0.010000 0.000000
v 0.020667 0.008000 0.000000
v 0.020292 0.008000 0.000000
v 0.019250 0.009745 0.000000
v -0.020250 -0.008500 0.000000
v -0.020500 -0.008500 0.000000
v -0.020250 -0.010245 0.000000
v -0.019333 -0.010245 0.000000
v -0.019000 -0.010245 0.000000
v -0.019000 -0.010500 0.000000
v -0.020500 -0.010500 0.000000
v -0.019333 -0.010500 0.000000
v 0.015750 -0.008500 0.000000
v 0.015500 -0.008500 0.000000
v 0.015750 -0.010245 0.000000
v 0.017000 -0.010245 0.000000
v 0.017000 -0.010500 0.000000
v 0.015500 -0.010500 0.000000
v 0.001500 0.009100 0.000000
v 0.001299 0.009850 0.000000
v 0.000750 0.010399 0.000000
v -0.000000 0.010600 0.000000
v -0.000750 0.010399 0.000000
v -0.001299 0.009850 0.000000
v -0.001500 0.009100 0.000000
v -0.001299 0.008350 0.000000
v -0.000750 0.007801 0.000000
v -0.000000 0.007600 0.000000
v 0.000750 0.007801 0.000000
v 0.001299 0.008350 0.000000
v -0.017500 -0.009223 0.000000
v -0.018667 -0.010287 0.000000
v -0.017417 -0.009053 0.000000
v -0.017417 -0.008968 0.000000
v -0.017500 -0.008840 0.000000
v -0.017625 -0.008755 0.000000
v -0.017833 -0.008713 0.000000
v -0.018000 -0.008713 0.000000
v -0.018208 -0.008755 0.000000
v -0.018333 -0.008840 0.000000
v -0.018417 -0.008968 0.000000
v -0.018625 -0.008968 0.000000
v -0.018583 -0.008798 0.000000
v -0.018417 -0.008628 0.000000
v -0.018250 -0.008543 0.000000
v -0.017958 -0.008500 0.000000
v -0.017792 -0.008500 0.000000
v -0.017542 -0.008543 0.000000
v -0.017375 -0.008628 0.000000
v -0.017208 -0.008798 0.000000
v -0.017167 -0.008968 0.000000
v -0.017167 -0.009053 0.000000
v -0.017208 -0.009223 0.000000
v -0.017292 -0.009351 0.000000
v -0.018333 -0.010287 0.000000
v -0.017167 -0.010287 0.000000
v -0.017167 -0.010500 0.000000
v -0.018667 -0.010500 0.000000
v 0.018583 -0.010372 0.000000
v 0.018708 -0.010287 0.000000
v 0.018417 -0.010457 0.000000
v 0.018250 -0.010500 0.000000
v 0.017917 -0.010500 0.000000
v 0.017750 -0.010457 0.000000
v 0.017583 -0.010372 0.000000
v 0.017458 -0.010287 0.000000
v 0.017375 -0.010160 0.000000
v 0.017333 -0.010032 0.000000
v 0.017542 -0.010032 0.000000
v 0.017583 -0.010117 0.000000
v 0.017667 -0.010202 0.000000
v 0.017750 -0.010245 0.000000
v 0.017958 -0.010287 0.000000
v 0.018208 -0.010287 0.000000
v 0.018417 -0.010245 0.000000
v 0.018500 -0.010202 0.000000
v 0.018583 -0.010117 0.000000
v 0.018625 -0.010032 0.000000
v 0.018625 -0.009862 0.000000
v 0.018542 -0.009691 0.000000
v 0.018417 -0.009606 0.000000
v 0.018167 -0.009564 0.000000
v 0.018000 -0.009564 0.000000
v 0.018000 -0.009394 0.000000
v 0.018167 -0.009394 0.000000
v 0.018417 -0.009309 0.000000
v 0.018500 -0.009223 0.000000
v 0.018583 -0.009053 0.000000
v 0.018583 -0.008968 0.000000
v 0.018500 -0.008840 0.000000
v 0.018375 -0.008755 0.000000
v 0.018167 -0.008713 0.000000
v 0.018000 -0.008713 0.000000
v 0.017792 -0.008755 0.000000
v 0.017667 -0.008840 0.000000
v 0.017583 -0.008968 0.000000
v 0.017375 -0.008968 0.000000
v 0.017417 -0.008798 0.000000
v 0.017583 -0.008628 0.000000
v 0.017750 -0.008543 0.000000
v 0.018042 -0.008500 0.000000
v 0.018125 -0.008500 0.000000
v 0.018417 -0.008543 0.000000
v 0.018583 -0.008628 0.000000
v 0.018750 -0.008798 0.000000
v 0.018792 -0.008968 0.000000
v 0.018792 -0.009053 0.000000
v 0.018750 -0.009223 0.000000
v 0.018667 -0.009351 0.000000
v 0.018500 -0.009479 0.000000
v 0.018708 -0.009564 0.000000
v 0.018792 -0.009691 0.000000
v 0.018833 -0.009862 0.000000
v 0.018833 -0.010032 0.000000
v 0.018792 -0.010160 0.000000
v -0.018917 0.008000 0.000000
v -0.018667 0.008000 0.000000
v -0.018917 0.009660 0.000000
v -0.019167 0.009362 0.000000
v -0.019167 0.009702 0.000000
v -0.018917 0.010000 0.000000
v -0.018667 0.010000 0.000000
v -0.012952 0.009979 0.000000
v -0.011817 0.007818 0.000000
v -0.011383 0.007384 0.000000
v -0.009808 0.006431 0.000000
v -0.007385 0.006137 0.000000
v -0.005103 0.007003 0.000000
v -0.003484 0.008830 0.000000
v -0.002900 0.011200 0.000000
v -0.003484 0.013570 0.000000
v -0.005103 0.015397 0.000000
v -0.007385 0.016263 0.000000
v -0.009808 0.015969 0.000000
v -0.011817 0.014582 0.000000
v -0.012952 0.012421 0.000000
v -0.013100 0.011200 0.000000
v 0.004183 0.007818 0.000000
v 0.004204 0.007794 0.000000
v 0.004617 0.007384 0.000000
v 0.006192 0.006431 0.000000
v 0.008615 0.006137 0.000000
v 0.010897 0.007003 0.000000
v 0.012516 0.008830 0.000000
v 0.013100 0.011200 0.000000
v 0.012516 0.013570 0.000000
v 0.010897 0.015397 0.000000
v 0.008615 0.016263 0.000000
v 0.006192 0.015969 0.000000
v 0.004183 0.014582 0.000000
v 0.003048 0.012421 0.000000
v 0.002900 0.011200 0.000000
v 0.003048 0.009979 0.000000
v 0.022791 0.002813 0.000000
v 0.021197 0.005197 0.000000
v 0.018813 0.006791 0.000000
v 0.016000 0.007350 0.000000
v 0.013187 0.006791 0.000000
v 0.010803 0.005197 0.000000
v 0.009209 0.002813 0.000000
v 0.008650 0.000000 0.000000
v 0.009209 -0.002813 0.000000
v 0.010803 -0.005197 0.000000
v 0.013187 -0.006791 0.000000
v 0.016000 -0.007350 0.000000
v 0.018813 -0.006791 0.000000
v 0.021197 -0.005197 0.000000
v 0.022791 -0.002813 0.000000
v 0.023350 0.000000 0.000000
v 0.006791 0.002813 0.000000
v 0.005197 0.005197 0.000000
v 0.002813 0.006791 0.000000
v -0.000000 0.007350 0.000000
v -0.002813 0.006791 0.000000
v -0.005197 0.005197 0.000000
v -0.006791 0.002813 0.000000
v -0.007350 0.000000 0.000000
v -0.006791 -0.002813 0.000000
v -0.005197 -0.005197 0.000000
v -0.002813 -0.006791 0.000000
v -0.000000 -0.007350 0.000000
v 0.002813 -0.006791 0.000000
v 0.005197 -0.005197 0.000000
v 0.006791 -0.002813 0.000000
v 0.007350 0.000000 0.000000
v -0.009209 0.002813 0.000000
v -0.010803 0.005197 0.000000
v -0.013187 0.006791 0.000000
v -0.016000 0.007350 0.000000
v -0.018813 0.006791 0.000000
v -0.021197 0.005197 0.000000
v -0.022791 0.002813 0.000000
v -0.023350 0.000000 0.000000
v -0.022791 -0.002813 0.000000
v -0.021197 -0.005197 0.000000
v -0.018813 -0.006791 0.000000
v -0.016000 -0.007350 0.000000
v -0.013187 -0.006791 0.000000
v -0.010803 -0.005197 0.000000
v -0.009209 -0.002813 0.000000
v -0.008650 0.000000 0.000000
v 0.014791 -0.011087 0.000000
v 0.013197 -0.008703 0.000000
v 0.010813 -0.007109 0.000000
v 0.008000 -0.006550 0.000000
v 0.005187 -0.007109 0.000000
v 0.002803 -0.008703 0.000000
v 0.001209 -0.011087 0.000000
v 0.000650 -0.013900 0.000000
v 0.001209 -0.016713 0.000000
v 0.002803 -0.019097 0.000000
v 0.005187 -0.020691 0.000000
v 0.008000 -0.021250 0.000000
v 0.010813 -0.020691 0.000000
v 0.013197 -0.019097 0.000000
v 0.014791 -0.016713 0.000000
v 0.015350 -0.013900 0.000000
v -0.001209 -0.011087 0.000000
v -0.002803 -0.008703 0.000000
v -0.005187 -0.007109 0.000000
v -0.008000 -0.006550 0.000000
v -0.010813 -0.007109 0.000000
v -0.013197 -0.008703 0.000000
v -0.014791 -0.011087 0.000000
v -0.015350 -0.013900 0.000000
v -0.014791 -0.016713 0.000000
v -0.013197 -0.019097 0.000000
v -0.010813 -0.020691 0.000000
v -0.008000 -0.021250 0.000000
v -0.005187 -0.020691 0.000000
v -0.002803 -0.019097 0.000000
v -0.001209 -0.016713 0.000000
v -0.000650 -0.013900 0.000000
v -0.022703 0.014889 -0.036433
v -0.022790 0.014945 -0.036354
v -0.021625 0.016443 -0.036354
v -0.022857 0.014989 -0.036250
v -0.022887 0.015009 -0.036173
v -0.021710 0.016521 -0.036173
v -0.015334 0.020130 -0.036173
v -0.015282 0.020172 -0.036000
v -0.017012 0.019689 -0.036000
v -0.017697 0.019384 -0.036173
v -0.018650 0.018952 -0.036000
v -0.019854 0.018163 -0.036173
v -0.020029 0.018074 -0.036000
v -0.021390 0.016901 -0.036000
v -0.022558 0.015537 -0.036000
v -0.022913 0.015026 -0.036000
v -0.022639 0.014847 -0.036469
v -0.021492 0.016321 -0.036469
v -0.019682 0.017922 -0.036469
v -0.015275 0.019840 -0.036469
v -0.017579 0.019112 -0.036469
v -0.019787 0.018069 -0.036354
v -0.017651 0.019278 -0.036354
v -0.015311 0.020016 -0.036354
v -0.026897 -0.003698 -0.036433
v -0.026092 -0.007505 -0.036433
v -0.026268 -0.007555 -0.036250
v 0.000000 -0.027150 -0.036433
v 0.003880 -0.026871 -0.036433
v 0.003907 -0.027052 -0.036250
v 0.026897 -0.003698 -0.036433
v 0.027149 0.000184 -0.036433
v 0.027332 0.000185 -0.036250
v -0.011324 -0.024676 -0.036433
v 0.022903 -0.014580 -0.036433
v 0.022703 0.014889 -0.036433
v 0.024598 0.011491 -0.036433
v 0.025988 0.007857 -0.036433
v 0.026844 0.004062 -0.036433
v 0.024752 -0.011157 -0.036433
v 0.026092 -0.007505 -0.036433
v 0.020584 -0.017704 -0.036433
v 0.017843 -0.020464 -0.036433
v 0.014735 -0.022804 -0.036433
v 0.011324 -0.024676 -0.036433
v 0.007681 -0.026041 -0.036433
v -0.007681 -0.026041 -0.036433
v -0.003880 -0.026871 -0.036433
v -0.014735 -0.022804 -0.036433
v -0.017843 -0.020464 -0.036433
v -0.020584 -0.017704 -0.036433
v -0.022903 -0.014580 -0.036433
v -0.024752 -0.011157 -0.036433
v -0.025988 0.007857 -0.036433
v -0.026844 0.004062 -0.036433
v -0.027149 0.000184 -0.036433
v -0.024598 0.011491 -0.036433
v 0.024764 0.011568 -0.036250
v 0.026163 0.007910 -0.036250
v 0.027025 0.004090 -0.036250
v 0.027078 -0.003723 -0.036250
v 0.026268 -0.007555 -0.036250
v 0.024919 -0.011232 -0.036250
v 0.007733 -0.026216 -0.036250
v 0.011400 -0.024842 -0.036250
v 0.014834 -0.022958 -0.036250
v 0.017963 -0.020602 -0.036250
v 0.020723 -0.017823 -0.036250
v 0.023057 -0.014678 -0.036250
v 0.000000 -0.027333 -0.036250
v -0.003907 -0.027052 -0.036250
v -0.007733 -0.026216 -0.036250
v -0.024919 -0.011232 -0.036250
v -0.023057 -0.014678 -0.036250
v -0.020723 -0.017823 -0.036250
v -0.017963 -0.020602 -0.036250
v -0.014834 -0.022958 -0.036250
v -0.011400 -0.024842 -0.036250
v -0.027078 -0.003723 -0.036250
v -0.027332 0.000185 -0.036250
v -0.027025 0.004090 -0.036250
v -0.026163 0.007910 -0.036250
v -0.024764 0.011568 -0.036250
v 0.022790 0.014945 -0.036354
v 0.022857 0.014989 -0.036250
v 0.022913 0.015026 -0.036000
v 0.024825 0.011597 -0.036000
v 0.025490 0.010050 -0.036000
v 0.026227 0.007930 -0.036000
v 0.027002 0.004654 -0.036000
v 0.027092 0.004100 -0.036000
v 0.027399 0.000186 -0.036000
v 0.027384 -0.000937 -0.036000
v 0.024980 -0.011259 -0.036000
v 0.026332 -0.007574 -0.036000
v 0.026621 -0.006489 -0.036000
v 0.027145 -0.003732 -0.036000
v 0.024744 -0.011769 -0.036000
v 0.023114 -0.014714 -0.036000
v 0.021832 -0.016557 -0.036000
v 0.020774 -0.017867 -0.036000
v 0.018007 -0.020652 -0.036000
v 0.014870 -0.023014 -0.036000
v 0.013429 -0.023884 -0.036000
v 0.011428 -0.024903 -0.036000
v 0.008289 -0.026116 -0.036000
v 0.007752 -0.026281 -0.036000
v 0.003916 -0.027119 -0.036000
v 0.002802 -0.027256 -0.036000
v -0.007752 -0.026281 -0.036000
v -0.003916 -0.027119 -0.036000
v -0.002802 -0.027256 -0.036000
v 0.000000 -0.027400 -0.036000
v -0.008289 -0.026116 -0.036000
v -0.011428 -0.024903 -0.036000
v -0.013429 -0.023884 -0.036000
v -0.014870 -0.023014 -0.036000
v -0.018007 -0.020652 -0.036000
v -0.020774 -0.017867 -0.036000
v -0.021832 -0.016557 -0.036000
v -0.023114 -0.014714 -0.036000
v -0.024744 -0.011769 -0.036000
v -0.024980 -0.011259 -0.036000
v -0.026332 -0.007574 -0.036000
v -0.026621 -0.006489 -0.036000
v -0.027092 0.004100 -0.036000
v -0.027399 0.000186 -0.036000
v -0.027384 -0.000937 -0.036000
v -0.027145 -0.003732 -0.036000
v -0.027002 0.004654 -0.036000
v -0.024825 0.011597 -0.036000
v -0.025490 0.010050 -0.036000
v -0.026227 0.007930 -0.036000
v 0.021710 0.016521 -0.036173
v 0.021733 0.016542 -0.036000
v 0.021224 0.017064 -0.036000
v 0.019854 0.018163 -0.036173
v 0.019872 0.018188 -0.036000
v 0.015334 0.020130 -0.036173
v 0.018616 0.018971 -0.036000
v 0.017697 0.019384 -0.036173
v 0.017709 0.019412 -0.036000
v 0.015340 0.020160 -0.036000
v 0.015275 0.019840 -0.036469
v 0.017579 0.019112 -0.036469
v 0.019682 0.017922 -0.036469
v 0.021492 0.016321 -0.036469
v 0.015311 0.020016 -0.036354
v 0.017651 0.019278 -0.036354
v 0.019787 0.018069 -0.036354
v 0.021625 0.016443 -0.036354
v -0.012961 0.017708 0.000000
v -0.008000 0.017708 0.000000
v -0.012961 0.017880 -0.000031
v -0.002200 0.017708 0.000000
v -0.000000 0.017708 0.000000
v 0.008000 0.017708 0.000000
v 0.012961 0.017880 -0.000031
v 0.010825 0.017708 0.000000
v 0.012961 0.017708 0.000000
v 0.012961 0.018060 -0.000145
v -0.012961 0.018060 -0.000145
v 0.012961 0.018176 -0.000324
v -0.012961 0.018176 -0.000324
v 0.012961 0.018208 -0.000496
v -0.012961 0.018208 -0.000496
v -0.014708 0.007475 0.000000
v -0.015925 0.007475 0.000000
v -0.024529 -0.002969 0.000000
v -0.023792 -0.006665 0.000000
v -0.024030 -0.000225 0.000000
v -0.018393 -0.016497 0.000000
v -0.016833 -0.015875 0.000000
v -0.018909 -0.015904 0.000000
v 0.018393 -0.016497 0.000000
v 0.017167 -0.015875 0.000000
v 0.015670 -0.019103 0.000000
v 0.020661 0.013549 0.000000
v 0.019706 0.014768 0.000000
v 0.018917 0.012300 0.000000
v 0.018192 0.016078 0.000000
v 0.017167 0.012300 0.000000
v 0.023442 0.007807 0.000000
v 0.023313 0.008183 0.000000
v 0.021798 0.011633 0.000000
v 0.018917 0.007800 0.000000
v 0.018917 0.007475 0.000000
v 0.023546 0.007487 0.000000
v 0.020661 -0.013549 0.000000
v 0.020688 -0.013508 0.000000
v 0.018917 -0.007925 0.000000
v 0.022502 -0.010205 0.000000
v 0.023792 -0.006665 0.000000
v 0.017167 -0.007925 0.000000
v 0.012583 -0.021264 0.000000
v 0.009203 -0.022930 0.000000
v 0.005609 -0.024063 0.000000
v 0.001884 -0.024636 0.000000
v -0.000000 -0.024708 0.000000
v -0.000000 -0.015875 0.000000
v -0.001884 -0.024636 0.000000
v -0.005609 -0.024063 0.000000
v -0.009203 -0.022930 0.000000
v -0.012583 -0.021264 0.000000
v -0.015670 -0.019103 0.000000
v -0.019388 -0.015315 0.000000
v -0.019333 -0.007925 0.000000
v -0.016833 -0.007925 0.000000
v -0.020688 -0.013508 0.000000
v -0.020750 -0.007925 0.000000
v -0.022502 -0.010205 0.000000
v -0.024084 0.005518 0.000000
v -0.024287 0.004542 0.000000
v -0.024695 0.000796 0.000000
v -0.020750 0.007800 0.000000
v -0.023442 0.007807 0.000000
v -0.023546 0.007487 0.000000
v -0.020661 0.013549 0.000000
v -0.019333 0.012300 0.000000
v -0.019706 0.014768 0.000000
v -0.016833 0.012300 0.000000
v -0.018192 0.016078 0.000000
v -0.016430 0.017029 0.000000
v -0.014708 0.012300 0.000000
v -0.014714 0.017539 0.000000
v -0.015925 0.012300 0.000000
v -0.014504 0.017577 0.000000
v 0.014799 0.017522 0.000000
v 0.014792 0.012300 0.000000
v 0.014504 0.017577 0.000000
v 0.015425 0.012300 0.000000
v 0.015440 0.017368 0.000000
v 0.016430 0.017029 0.000000
v -0.019333 0.007800 0.000000
v -0.020750 0.012300 0.000000
v -0.021798 0.011633 0.000000
v -0.023313 0.008183 0.000000
v -0.002200 0.007475 0.000000
v -0.002200 0.007800 0.000000
v -0.000000 0.012300 0.000000
v -0.002200 0.012300 0.000000
v -0.000000 0.007475 0.000000
v 0.014792 0.007800 0.000000
v 0.014792 0.007475 0.000000
v 0.015425 0.007475 0.000000
v 0.017167 0.007475 0.000000
v 0.015425 -0.007925 0.000000
v 0.014792 -0.007925 0.000000
v 0.024287 0.004542 0.000000
v 0.024695 0.000796 0.000000
v 0.024529 -0.002969 0.000000
v -0.002200 -0.007925 0.000000
v -0.000000 -0.007925 0.000000
v 0.008000 -0.000225 0.000000
v -0.016833 0.007475 0.000000
v -0.019333 0.007475 0.000000
v -0.020750 0.007475 0.000000
v -0.008000 -0.000225 0.000000
v 0.015425 -0.015875 0.000000
v -0.015925 -0.015875 0.000000
v -0.015925 -0.007925 0.000000
v -0.014708 -0.007925 0.000000
v 0.015425 0.007800 0.000000
v 0.017167 0.007800 0.000000
v -0.014708 0.007800 0.000000
v -0.015925 0.007800 0.000000
v -0.016833 0.007800 0.000000
v -0.021079 0.013824 -0.000496
v -0.021052 0.013806 -0.000324
v -0.020049 0.015087 -0.000324
v -0.016606 0.017463 -0.000324
v -0.018476 0.016489 -0.000496
v -0.018458 0.016463 -0.000324
v -0.018915 0.016168 -0.000496
v -0.020072 0.015109 -0.000496
v -0.014588 0.018070 -0.000496
v -0.016108 0.017683 -0.000496
v -0.016618 0.017492 -0.000496
v -0.014583 0.018039 -0.000324
v -0.014533 0.017747 -0.000031
v -0.016495 0.017189 -0.000031
v -0.018290 0.016220 -0.000031
v -0.019832 0.014885 -0.000031
v -0.020805 0.013644 -0.000031
v -0.020955 0.013742 -0.000145
v -0.019964 0.015008 -0.000145
v -0.018392 0.016368 -0.000145
v -0.016563 0.017355 -0.000145
v -0.014563 0.017924 -0.000145
v -0.012961 0.020400 -0.034000
v -0.012961 0.020400 -0.035500
v -0.015591 0.020106 -0.034000
v -0.022913 0.015026 -0.034000
v -0.021224 0.017064 -0.034000
v -0.018616 0.018971 -0.034000
v 0.002802 -0.027256 -0.034000
v 0.022913 0.015026 -0.034000
v 0.025490 0.010050 -0.034000
v 0.027384 -0.000937 -0.034000
v 0.027002 0.004654 -0.034000
v 0.026621 -0.006489 -0.034000
v 0.024744 -0.011769 -0.034000
v 0.021832 -0.016557 -0.034000
v 0.018007 -0.020652 -0.034000
v 0.013429 -0.023884 -0.034000
v 0.008289 -0.026116 -0.034000
v -0.002802 -0.027256 -0.034000
v -0.008289 -0.026116 -0.034000
v -0.013429 -0.023884 -0.034000
v -0.018007 -0.020652 -0.034000
v -0.021832 -0.016557 -0.034000
v -0.026621 -0.006489 -0.034000
v -0.024744 -0.011769 -0.034000
v -0.027002 0.004654 -0.034000
v -0.027384 -0.000937 -0.034000
v -0.025490 0.010050 -0.034000
v 0.012961 0.020400 -0.035500
v 0.012961 0.020400 -0.034000
v 0.015591 0.020106 -0.034000
v 0.018616 0.018971 -0.034000
v 0.021224 0.017064 -0.034000
v 0.014583 0.018039 -0.000324
v 0.018458 0.016463 -0.000324
v 0.016618 0.017492 -0.000496
v 0.016606 0.017463 -0.000324
v 0.016108 0.017683 -0.000496
v 0.014588 0.018070 -0.000496
v 0.020072 0.015109 -0.000496
v 0.018915 0.016168 -0.000496
v 0.018476 0.016489 -0.000496
v 0.020049 0.015087 -0.000324
v 0.021052 0.013806 -0.000324
v 0.021079 0.013824 -0.000496
v 0.020805 0.013644 -0.000031
v 0.019832 0.014885 -0.000031
v 0.018290 0.016220 -0.000031
v 0.016495 0.017189 -0.000031
v 0.014533 0.017747 -0.000031
v 0.014563 0.017924 -0.000145
v 0.016563 0.017355 -0.000145
v 0.018392 0.016368 -0.000145
v 0.019964 0.015008 -0.000145
v 0.020955 0.013742 -0.000145
v -0.012961 0.018500 -0.034000
v 0.012961 0.018500 -0.034000
v 0.021950 0.011714 -0.000031
v 0.022239 0.011868 -0.000496
v 0.022211 0.011853 -0.000324
v 0.023544 0.009005 -0.000496
v 0.023755 0.008338 -0.000324
v 0.023785 0.008348 -0.000496
v 0.024746 0.004628 -0.000324
v 0.025162 0.000811 -0.000324
v 0.024924 0.003772 -0.000496
v 0.024778 0.004634 -0.000496
v 0.024226 -0.006968 -0.000496
v 0.024273 -0.006799 -0.000496
v 0.024242 -0.006791 -0.000324
v 0.025025 -0.003029 -0.000496
v 0.024993 -0.003025 -0.000324
v 0.025154 -0.001636 -0.000496
v 0.025195 0.000812 -0.000496
v 0.022957 -0.010412 -0.000496
v 0.022928 -0.010398 -0.000324
v 0.022180 -0.011978 -0.000496
v 0.021080 -0.013764 -0.000324
v 0.021107 -0.013782 -0.000496
v 0.019111 -0.016437 -0.000496
v 0.018741 -0.016810 -0.000324
v 0.018765 -0.016831 -0.000496
v 0.015967 -0.019464 -0.000324
v 0.015987 -0.019489 -0.000496
v 0.015162 -0.020138 -0.000496
v 0.012821 -0.021666 -0.000324
v 0.012838 -0.021694 -0.000496
v 0.010514 -0.022910 -0.000496
v 0.009377 -0.023364 -0.000324
v 0.009389 -0.023394 -0.000496
v 0.005715 -0.024518 -0.000324
v 0.005722 -0.024550 -0.000496
v -0.001920 -0.025102 -0.000324
v 0.000000 -0.025208 -0.000496
v 0.001920 -0.025102 -0.000324
v 0.001922 -0.025134 -0.000496
v 0.005381 -0.024627 -0.000496
v -0.009377 -0.023364 -0.000324
v -0.005722 -0.024550 -0.000496
v -0.005715 -0.024518 -0.000324
v -0.005381 -0.024627 -0.000496
v -0.001922 -0.025134 -0.000496
v -0.012821 -0.021666 -0.000324
v -0.010514 -0.022910 -0.000496
v -0.009389 -0.023394 -0.000496
v -0.019111 -0.016437 -0.000496
v -0.018765 -0.016831 -0.000496
v -0.018741 -0.016810 -0.000324
v -0.015987 -0.019489 -0.000496
v -0.015967 -0.019464 -0.000324
v -0.015162 -0.020138 -0.000496
v -0.012838 -0.021694 -0.000496
v -0.021107 -0.013782 -0.000496
v -0.021080 -0.013764 -0.000324
v -0.022180 -0.011978 -0.000496
v -0.022928 -0.010398 -0.000324
v -0.022957 -0.010412 -0.000496
v -0.024226 -0.006968 -0.000496
v -0.024242 -0.006791 -0.000324
v -0.024273 -0.006799 -0.000496
v -0.024993 -0.003025 -0.000324
v -0.025025 -0.003029 -0.000496
v -0.025154 -0.001636 -0.000496
v -0.025162 0.000811 -0.000324
v -0.025195 0.000812 -0.000496
v -0.024924 0.003772 -0.000496
v -0.024746 0.004628 -0.000324
v -0.024778 0.004634 -0.000496
v -0.023755 0.008338 -0.000324
v -0.023785 0.008348 -0.000496
v -0.023544 0.009005 -0.000496
v -0.022211 0.011853 -0.000324
v -0.022239 0.011868 -0.000496
v -0.023476 0.008240 -0.000031
v -0.021950 0.011714 -0.000031
v -0.020832 -0.013603 -0.000031
v -0.022658 -0.010276 -0.000031
v -0.023958 -0.006711 -0.000031
v -0.024700 -0.002990 -0.000031
v -0.024867 0.000801 -0.000031
v -0.024456 0.004574 -0.000031
v -0.018521 -0.016612 -0.000031
v -0.001897 -0.024807 -0.000031
v -0.005648 -0.024230 -0.000031
v -0.009267 -0.023090 -0.000031
v -0.012671 -0.021412 -0.000031
v -0.015779 -0.019236 -0.000031
v 0.018521 -0.016612 -0.000031
v 0.015779 -0.019236 -0.000031
v 0.012671 -0.021412 -0.000031
v 0.009267 -0.023090 -0.000031
v 0.005648 -0.024230 -0.000031
v 0.001897 -0.024807 -0.000031
v 0.024456 0.004574 -0.000031
v 0.024867 0.000801 -0.000031
v 0.024700 -0.002990 -0.000031
v 0.023958 -0.006711 -0.000031
v 0.022658 -0.010276 -0.000031
v 0.020832 -0.013603 -0.000031
v 0.023476 0.008240 -0.000031
v 0.022108 0.011799 -0.000145
v 0.023645 0.008299 -0.000145
v 0.024633 0.004607 -0.000145
v 0.025047 0.000807 -0.000145
v 0.024878 -0.003011 -0.000145
v 0.024131 -0.006759 -0.000145
v 0.022822 -0.010351 -0.000145
v 0.020983 -0.013701 -0.000145
v 0.018655 -0.016732 -0.000145
v 0.015893 -0.019375 -0.000145
v 0.012762 -0.021566 -0.000145
v 0.009334 -0.023256 -0.000145
v 0.005689 -0.024405 -0.000145
v 0.001911 -0.024987 -0.000145
v -0.001911 -0.024987 -0.000145
v -0.005689 -0.024405 -0.000145
v -0.009334 -0.023256 -0.000145
v -0.012762 -0.021566 -0.000145
v -0.015893 -0.019375 -0.000145
v -0.018655 -0.016732 -0.000145
v -0.020983 -0.013701 -0.000145
v -0.022822 -0.010351 -0.000145
v -0.024131 -0.006759 -0.000145
v -0.024878 -0.003011 -0.000145
v -0.025047 0.000807 -0.000145
v -0.024633 0.004607 -0.000145
v -0.023645 0.008299 -0.000145
v -0.022108 0.011799 -0.000145
v -0.016203 0.017960 -0.034000
v -0.019095 0.016398 -0.034000
v -0.021324 0.013984 -0.034000
v 0.000000 -0.025500 -0.034000
v 0.005443 -0.024912 -0.034000
v 0.010636 -0.023176 -0.034000
v 0.015338 -0.020371 -0.034000
v 0.019333 -0.016628 -0.034000
v 0.022437 -0.012117 -0.034000
v 0.024507 -0.007048 -0.034000
v 0.025446 -0.001655 -0.034000
v 0.025213 0.003815 -0.034000
v 0.023817 0.009110 -0.034000
v 0.021324 0.013984 -0.034000
v 0.019095 0.016398 -0.034000
v 0.016203 0.017960 -0.034000
v -0.023817 0.009110 -0.034000
v -0.025213 0.003815 -0.034000
v -0.025446 -0.001655 -0.034000
v -0.024507 -0.007048 -0.034000
v -0.022437 -0.012117 -0.034000
v -0.019333 -0.016628 -0.034000
v -0.015338 -0.020371 -0.034000
v -0.010636 -0.023176 -0.034000
v -0.005443 -0.024912 -0.034000
vn -0.0000 1.0000 -0.0000
vn -0.0000 -1.0000 -0.0000
vn -0.1737 -0.0000 0.9848
vn -0.5000 -0.0000 0.8660
vn -0.7660 -0.0000 0.6428
vn -0.7661 -0.0000 0.6428
vn -0.9397 -0.0000 0.3420
vn -1.0000 -0.0000 -0.0000
vn -0.9397 -0.0000 -0.3420
vn -0.7660 -0.0000 -0.6428
vn -0.5000 -0.0000 -0.8660
vn -0.1736 -0.0000 -0.9848
vn -0.1737 -0.0000 -0.9848
vn 0.1737 -0.0000 -0.9848
vn 0.1736 -0.0000 -0.9848
vn 0.5000 -0.0000 -0.8660
vn 0.7660 -0.0000 -0.6428
vn 0.9397 -0.0000 -0.3420
vn 1.0000 -0.0000 -0.0000
vn 0.9397 -0.0000 0.3420
vn 0.7661 -0.0000 0.6428
vn 0.7660 -0.0000 0.6428
vn 0.5000 -0.0000 0.8660
vn 0.1737 -0.0000 0.9848
vn 0.1736 -0.0000 0.9848
vn -0.1736 -0.0000 0.9848
vn -0.9659 -0.2588 -0.0000
vn -0.7071 -0.7071 -0.0000
vn -0.2588 -0.9659 -0.0000
vn 0.5087 0.5086 -0.6947
vn 0.5086 0.5086 -0.6948
vn 0.6948 0.1862 -0.6947
vn 0.6947 0.1862 -0.6948
vn 0.6948 -0.1862 -0.6947
vn 0.6947 -0.1862 -0.6948
vn 0.5086 -0.5086 -0.6947
vn 0.5086 -0.5086 -0.6948
vn 0.1862 -0.6947 -0.6948
vn 0.1861 -0.6948 -0.6947
vn -0.1861 -0.6948 -0.6948
vn -0.1862 -0.6947 -0.6947
vn -0.5087 -0.5086 -0.6947
vn -0.5086 -0.5086 -0.6948
vn -0.6948 -0.1862 -0.6947
vn -0.6947 -0.1862 -0.6948
vn -0.6948 0.1862 -0.6947
vn -0.6947 0.1862 -0.6948
vn -0.5086 0.5086 -0.6947
vn -0.5086 0.5086 -0.6948
vn -0.1862 0.6947 -0.6948
vn -0.1861 0.6948 -0.6947
vn 0.1861 0.6948 -0.6947
vn 0.1862 0.6947 -0.6947
vn 0.1862 -0.6947 -0.6947
vn -0.1861 -0.6947 -0.6948
vn -0.1862 0.6947 -0.6947
vn -0.1861 0.6947 -0.6948
vn 0.1861 -0.6947 -0.6948
vn -0.1861 -0.6948 -0.6947
vn 0.1861 0.6947 -0.6948
vn 0.1862 -0.6948 -0.6947
vn -0.1862 -0.6947 -0.6948
vn 0.1861 0.6948 -0.6948
vn 0.2588 -0.9659 -0.0000
vn 0.7071 -0.7071 -0.0000
vn 0.9659 -0.2588 -0.0000
vn 0.2588 0.9659 -0.0000
vn 0.7071 0.7071 -0.0000
vn 0.9659 0.2588 -0.0000
vn -0.9659 0.2588 -0.0000
vn -0.7071 0.7071 -0.0000
vn -0.2588 0.9659 -0.0000
vn -0.0000 -0.0000 1.0000
vn 0.0001 -0.0000 1.0000
vn 0.0003 -0.0000 1.0000
vn -0.0000 -0.2588 0.9659
vn -0.0000 -0.7071 0.7071
vn -0.0000 -0.9659 0.2588
vn -0.0000 -0.9659 -0.2588
vn -0.0000 -0.7071 -0.7071
vn -0.0000 -0.2588 -0.9659
vn -0.0000 0.2588 -0.9659
vn -0.0000 0.7071 -0.7071
vn -0.0000 0.9659 -0.2588
vn -0.0000 0.9659 0.2588
vn -0.0000 0.7071 0.7071
vn -0.0000 0.2588 0.9659
vn 0.2588 -0.0000 0.9659
vn 0.7071 -0.0000 0.7071
vn 0.9659 -0.0000 0.2588
vn 0.9659 -0.0000 -0.2588
vn 0.7071 -0.0000 -0.7071
vn 0.2588 -0.0000 -0.9659
vn -0.2588 -0.0000 -0.9659
vn -0.7071 -0.0000 -0.7071
vn -0.9659 -0.0000 -0.2588
vn -0.9659 -0.0000 0.2588
vn -0.7071 -0.0000 0.7071
vn -0.2588 -0.0000 0.9659
vn -0.0001 -0.0000 -1.0000
vn -0.0000 -0.0000 -1.0000
vn 0.0001 -0.0000 -1.0000
vn 0.0021 -0.0000 1.0000
vn -0.0021 -0.0000 1.0000
vn 0.0016 -0.0000 1.0000
vn -0.0008 -0.0000 -1.0000
vn -0.0002 -0.0000 -1.0000
vn 0.2589 -0.0000 -0.9659
vn -0.2589 -0.0000 -0.9659
vn -0.0000 1.0000 0.0001
vn -0.0541 0.9985 -0.0000
vn 0.0541 0.9985 -0.0000
vn 0.2150 0.9766 -0.0000
vn 0.4199 0.9076 -0.0000
vn 0.6052 0.7961 -0.0000
vn 0.7622 0.6474 -0.0000
vn 0.8835 0.4684 -0.0000
vn 0.9636 0.2675 -0.0000
vn 0.9635 0.2675 -0.0000
vn 0.9985 0.0541 -0.0000
vn 0.9868 -0.1618 -0.0000
vn 0.9290 -0.3701 -0.0000
vn 0.8277 -0.5612 -0.0000
vn 0.6877 -0.7260 -0.0000
vn 0.5156 -0.8569 -0.0000
vn 0.3193 -0.9477 -0.0000
vn 0.1081 -0.9941 -0.0000
vn -0.1081 -0.9941 -0.0000
vn -0.3193 -0.9477 -0.0000
vn -0.5156 -0.8569 -0.0000
vn -0.6877 -0.7260 -0.0000
vn -0.8277 -0.5612 -0.0000
vn -0.9290 -0.3701 -0.0000
vn -0.9868 -0.1618 -0.0000
vn -0.9985 0.0541 -0.0000
vn -0.9636 0.2675 -0.0000
vn -0.8835 0.4684 -0.0000
vn -0.7622 0.6474 -0.0000
vn -0.6052 0.7961 -0.0000
vn -0.4199 0.9076 -0.0000
vn -0.2150 0.9766 -0.0000
vn -0.1564 0.9877 -0.0000
vn -0.4540 0.8910 -0.0000
vn -0.8910 0.4540 -0.0000
vn -0.9877 0.1564 -0.0000
vn -0.9877 -0.1564 -0.0000
vn -0.8910 -0.4540 -0.0000
vn -0.4540 -0.8910 -0.0000
vn -0.1564 -0.9877 -0.0000
vn 0.1564 -0.9877 -0.0000
vn 0.4540 -0.8910 -0.0000
vn 0.8910 -0.4540 -0.0000
vn 0.9877 -0.1564 -0.0000
vn 0.9877 0.1564 -0.0000
vn 0.8910 0.4540 -0.0000
vn 0.4540 0.8910 -0.0000
vn 0.1564 0.9877 -0.0000
vn 0.2393 0.9709 -0.0000
vn 0.6631 0.7485 -0.0000
vn 0.9350 0.3546 -0.0000
vn 0.9927 -0.1205 -0.0000
vn 0.8230 -0.5681 -0.0000
vn 0.4647 -0.8855 -0.0000
vn -0.4647 -0.8855 -0.0000
vn -0.8230 -0.5681 -0.0000
vn -0.9927 -0.1205 -0.0000
vn -0.9350 0.3546 -0.0000
vn -0.6631 0.7485 -0.0000
vn -0.2393 0.9709 -0.0000
vn -0.0775 -0.0312 0.9965
vn -0.0820 -0.0160 0.9965
vn -0.0835 -0.0002 0.9965
vn -0.0821 0.0157 0.9965
vn -0.0776 0.0309 0.9965
vn -0.0704 0.0450 0.9965
vn -0.0606 0.0575 0.9965
vn -0.0486 0.0680 0.9965
vn -0.0349 0.0759 0.9965
vn -0.0199 0.0812 0.9965
vn -0.0041 0.0834 0.9965
vn 0.0118 0.0827 0.9965
vn 0.0272 0.0790 0.9965
vn 0.0417 0.0724 0.9965
vn 0.0546 0.0632 0.9965
vn 0.0656 0.0518 0.9965
vn 0.0742 0.0384 0.9965
vn 0.0801 0.0237 0.9965
vn 0.0831 0.0081 0.9965
vn 0.0832 -0.0078 0.9965
vn 0.0802 -0.0234 0.9965
vn 0.0744 -0.0381 0.9965
vn 0.0658 -0.0515 0.9965
vn 0.0548 -0.0630 0.9965
vn 0.0419 -0.0723 0.9965
vn 0.0275 -0.0789 0.9965
vn 0.0120 -0.0827 0.9965
vn -0.0038 -0.0835 0.9965
vn -0.0196 -0.0812 0.9965
vn -0.0345 -0.0761 0.9965
vn -0.0483 -0.0681 0.9965
vn -0.0603 -0.0578 0.9965
vn -0.0702 -0.0453 0.9965
vn -0.5700 -0.5454 0.6145
vn -0.5266 -0.5931 0.6091
vn -0.4602 -0.6476 0.6074
vn -0.4594 -0.6477 0.6078
vn -0.3956 -0.6875 0.6090
vn -0.3287 -0.7232 0.6073
vn -0.2488 -0.7531 0.6090
vn -0.1847 -0.7675 0.6138
vn -0.1763 -0.7743 0.6078
vn -0.0914 -0.7879 0.6090
vn -0.0360 -0.7850 0.6185
vn -0.0161 -0.7937 0.6081
vn 0.0697 -0.7903 0.6088
vn 0.1130 -0.7756 0.6210
vn 0.1446 -0.7803 0.6085
vn 0.2281 -0.7600 0.6086
vn 0.2576 -0.7399 0.6214
vn 0.2992 -0.7348 0.6087
vn 0.3771 -0.6984 0.6083
vn 0.3937 -0.6790 0.6197
vn 0.5212 -0.5914 0.6153
vn 0.5159 -0.5932 0.6180
vn 0.4765 -0.6341 0.6090
vn 0.4415 -0.6590 0.6089
vn 0.5655 -0.5561 0.6090
vn 0.6233 -0.4925 0.6075
vn 0.6239 -0.4888 0.6097
vn 0.6662 -0.4303 0.6091
vn 0.7068 -0.3628 0.6073
vn 0.7394 -0.2868 0.6091
vn 0.7590 -0.2214 0.6123
vn 0.7644 -0.2155 0.6077
vn 0.7822 -0.1314 0.6090
vn 0.7831 -0.0733 0.6175
vn 0.7919 -0.0565 0.6081
vn 0.7927 0.0294 0.6088
vn 0.7804 0.0759 0.6206
vn 0.7867 0.1047 0.6084
vn 0.7706 0.1891 0.6086
vn 0.7513 0.2221 0.6215
vn 0.7491 0.2615 0.6087
vn 0.7167 0.3410 0.6084
vn 0.6965 0.3607 0.6203
vn 0.6807 0.4074 0.6089
vn 0.6331 0.4790 0.6080
vn 0.6177 0.4876 0.6170
vn 0.5842 0.5365 0.6090
vn 0.5235 0.5973 0.6076
vn 0.5171 0.5989 0.6115
vn 0.4637 0.6435 0.6090
vn 0.3960 0.6887 0.6073
vn 0.3240 0.7239 0.6091
vn 0.2577 0.7488 0.6106
vn 0.2541 0.7525 0.6075
vn 0.1710 0.7745 0.6090
vn 0.1107 0.7796 0.6164
vn 0.0967 0.7880 0.6080
vn 0.0109 0.7932 0.6089
vn -0.0388 0.7836 0.6200
vn -0.0646 0.7911 0.6083
vn -0.1496 0.7792 0.6087
vn -0.1861 0.7610 0.6215
vn -0.2231 0.7615 0.6086
vn -0.3041 0.7330 0.6084
vn -0.3270 0.7125 0.6208
vn -0.3723 0.7005 0.6088
vn -0.4462 0.6566 0.6081
vn -0.4572 0.6396 0.6180
vn -0.5061 0.6107 0.6090
vn -0.5699 0.5531 0.6077
vn -0.5728 0.5442 0.6130
vn -0.6190 0.4958 0.6091
vn -0.6691 0.4283 0.6073
vn -0.7065 0.3604 0.6091
vn -0.7370 0.2935 0.6088
vn -0.7387 0.2921 0.6074
vn -0.7648 0.2102 0.6091
vn -0.7744 0.1478 0.6152
vn -0.7822 0.1367 0.6079
vn -0.7916 0.0513 0.6089
vn -0.7851 -0.0014 0.6193
vn -0.7934 -0.0242 0.6082
vn -0.7857 -0.1098 0.6088
vn -0.7691 -0.1497 0.6213
vn -0.7719 -0.1840 0.6085
vn -0.7475 -0.2664 0.6085
vn -0.7270 -0.2926 0.6212
vn -0.7186 -0.3362 0.6088
vn -0.6784 -0.4121 0.6082
vn -0.6600 -0.4258 0.6189
vn -0.6357 -0.4744 0.6089
vn -0.5813 -0.5410 0.6078
vn -0.5738 -0.3702 0.7306
vn -0.6335 -0.2549 0.7306
vn -0.6703 -0.1304 0.7306
vn -0.6828 -0.0012 0.7306
vn -0.6707 0.1280 0.7306
vn -0.6344 0.2526 0.7306
vn -0.5751 0.3681 0.7306
vn -0.4950 0.4703 0.7306
vn -0.3971 0.5555 0.7306
vn -0.2848 0.6206 0.7306
vn -0.1622 0.6633 0.7306
vn -0.0337 0.6820 0.7306
vn 0.0959 0.6761 0.7306
vn 0.0960 0.6761 0.7306
vn 0.2222 0.6457 0.7306
vn 0.3403 0.5920 0.7306
vn 0.4462 0.5169 0.7306
vn 0.5360 0.4231 0.7306
vn 0.6064 0.3140 0.7306
vn 0.6548 0.1936 0.7306
vn 0.6796 0.0661 0.7306
vn 0.6799 -0.0637 0.7306
vn 0.6555 -0.1912 0.7306
vn 0.6075 -0.3118 0.7306
vn 0.5375 -0.4211 0.7306
vn 0.4481 -0.5152 0.7306
vn 0.3425 -0.5907 0.7306
vn 0.2245 -0.6449 0.7306
vn 0.0984 -0.6757 0.7306
vn -0.0313 -0.6821 0.7306
vn -0.0312 -0.6821 0.7306
vn -0.1598 -0.6639 0.7306
vn -0.2825 -0.6216 0.7306
vn -0.3951 -0.5569 0.7306
vn -0.4933 -0.4721 0.7306
vn -0.4640 -0.2993 0.8338
vn -0.5122 -0.2061 0.8338
vn -0.5420 -0.1055 0.8338
vn -0.5521 -0.0010 0.8338
vn -0.5424 0.1035 0.8338
vn -0.5130 0.2043 0.8338
vn -0.5130 0.2043 0.8337
vn -0.4650 0.2977 0.8338
vn -0.4003 0.3803 0.8338
vn -0.3211 0.4492 0.8338
vn -0.2303 0.5018 0.8338
vn -0.1311 0.5363 0.8338
vn -0.0273 0.5515 0.8338
vn 0.0776 0.5467 0.8338
vn 0.1796 0.5221 0.8338
vn 0.2752 0.4787 0.8338
vn 0.3608 0.4179 0.8338
vn 0.4334 0.3421 0.8338
vn 0.4334 0.3421 0.8337
vn 0.4903 0.2539 0.8338
vn 0.5295 0.1565 0.8338
vn 0.5295 0.1565 0.8337
vn 0.5495 0.0535 0.8338
vn 0.5497 -0.0515 0.8338
vn 0.5497 -0.0515 0.8337
vn 0.5300 -0.1546 0.8338
vn 0.5301 -0.1546 0.8338
vn 0.4912 -0.2521 0.8338
vn 0.4346 -0.3405 0.8338
vn 0.3623 -0.4166 0.8338
vn 0.2769 -0.4777 0.8338
vn 0.1815 -0.5214 0.8338
vn 0.0796 -0.5464 0.8338
vn -0.0253 -0.5516 0.8338
vn -0.1292 -0.5368 0.8337
vn -0.1292 -0.5368 0.8338
vn -0.2284 -0.5027 0.8338
vn -0.2285 -0.5027 0.8338
vn -0.3195 -0.4503 0.8338
vn -0.3989 -0.3817 0.8338
vn -0.4639 -0.2993 0.8338
vn -0.3411 -0.2201 0.9139
vn -0.3766 -0.1515 0.9139
vn -0.3766 -0.1516 0.9139
vn -0.3984 -0.0775 0.9139
vn -0.4059 -0.0007 0.9139
vn -0.3987 0.0761 0.9139
vn -0.3771 0.1502 0.9139
vn -0.3419 0.2188 0.9139
vn -0.2943 0.2796 0.9139
vn -0.2361 0.3302 0.9139
vn -0.1693 0.3689 0.9139
vn -0.0964 0.3943 0.9139
vn -0.0201 0.4054 0.9139
vn -0.0200 0.4054 0.9139
vn 0.0570 0.4019 0.9139
vn 0.1321 0.3838 0.9139
vn 0.2023 0.3519 0.9139
vn 0.2653 0.3073 0.9139
vn 0.3186 0.2515 0.9139
vn 0.3605 0.1867 0.9139
vn 0.3893 0.1151 0.9139
vn 0.4040 0.0393 0.9139
vn 0.4042 -0.0379 0.9139
vn 0.3897 -0.1137 0.9139
vn 0.3611 -0.1854 0.9139
vn 0.3195 -0.2503 0.9139
vn 0.3195 -0.2504 0.9139
vn 0.2664 -0.3063 0.9139
vn 0.2036 -0.3512 0.9139
vn 0.1335 -0.3834 0.9139
vn 0.0585 -0.4017 0.9139
vn -0.0186 -0.4055 0.9139
vn -0.0950 -0.3947 0.9139
vn -0.1680 -0.3695 0.9139
vn -0.2348 -0.3311 0.9139
vn -0.2349 -0.3311 0.9139
vn -0.2933 -0.2807 0.9139
vn -0.2086 -0.1346 0.9687
vn -0.2303 -0.0927 0.9687
vn -0.2437 -0.0474 0.9687
vn -0.2483 -0.0004 0.9687
vn -0.2439 0.0465 0.9687
vn -0.2438 0.0465 0.9687
vn -0.2306 0.0918 0.9687
vn -0.2306 0.0919 0.9687
vn -0.2091 0.1338 0.9687
vn -0.1800 0.1710 0.9687
vn -0.1444 0.2020 0.9687
vn -0.1035 0.2256 0.9687
vn -0.0590 0.2412 0.9687
vn -0.0590 0.2411 0.9687
vn -0.0123 0.2479 0.9687
vn -0.0123 0.2480 0.9687
vn 0.0349 0.2458 0.9687
vn 0.0808 0.2347 0.9687
vn 0.1237 0.2152 0.9687
vn 0.1622 0.1879 0.9687
vn 0.1949 0.1538 0.9687
vn 0.1948 0.1538 0.9687
vn 0.2205 0.1142 0.9687
vn 0.2381 0.0704 0.9687
vn 0.2471 0.0240 0.9687
vn 0.2472 -0.0232 0.9687
vn 0.2383 -0.0695 0.9687
vn 0.2209 -0.1134 0.9687
vn 0.1954 -0.1531 0.9687
vn 0.1629 -0.1873 0.9687
vn 0.1245 -0.2148 0.9687
vn 0.0816 -0.2344 0.9687
vn 0.0816 -0.2345 0.9687
vn 0.0358 -0.2457 0.9687
vn -0.0113 -0.2480 0.9687
vn -0.0114 -0.2480 0.9687
vn -0.0581 -0.2414 0.9687
vn -0.1027 -0.2260 0.9687
vn -0.1436 -0.2025 0.9687
vn -0.1794 -0.1716 0.9687
vn 0.3766 -0.6009 0.7050
vn 0.4024 -0.5923 0.6980
vn 0.3319 -0.6246 0.7069
vn 0.2387 -0.6678 0.7050
vn 0.2754 -0.6638 0.6954
vn 0.1989 -0.6790 0.7067
vn 0.1334 -0.6948 0.7067
vn 0.0900 -0.7072 0.7013
vn 0.0576 -0.7055 0.7064
vn -0.0097 -0.7072 0.7069
vn -0.0641 -0.7095 0.7018
vn -0.0863 -0.7029 0.7061
vn -0.1525 -0.6905 0.7070
vn -0.2148 -0.6782 0.7028
vn -0.2267 -0.6713 0.7057
vn -0.2889 -0.6454 0.7071
vn -0.3549 -0.6149 0.7043
vn -0.3540 -0.6157 0.7040
vn -0.4134 -0.5737 0.7071
vn -0.4782 -0.5237 0.7050
vn -0.4699 -0.5362 0.7012
vn -0.5208 -0.4784 0.7070
vn -0.5796 -0.4086 0.7050
vn -0.5705 -0.4317 0.6987
vn -0.6069 -0.3633 0.7069
vn -0.6539 -0.2745 0.7050
vn -0.6483 -0.3085 0.6961
vn -0.6680 -0.2332 0.7067
vn -0.6871 -0.1686 0.7067
vn -0.7013 -0.1281 0.7012
vn -0.7016 -0.0934 0.7065
vn -0.7068 -0.0262 0.7069
vn -0.7121 0.0256 0.7016
vn -0.7063 0.0504 0.7062
vn -0.6974 0.1172 0.7070
vn -0.6891 0.1779 0.7025
vn -0.6818 0.1922 0.7058
vn -0.6593 0.2557 0.7071
vn -0.6336 0.3212 0.7039
vn -0.6312 0.3240 0.7047
vn -0.5940 0.3836 0.7072
vn -0.5488 0.4492 0.7050
vn -0.5589 0.4416 0.7019
vn -0.5042 0.4958 0.7070
vn -0.4679 0.5309 0.7066
vn -0.4248 0.5654 0.7070
vn -0.4083 0.5791 0.7056
vn -0.3936 0.5876 0.7069
vn -0.3095 0.6381 0.7050
vn -0.3408 0.6312 0.6967
vn -0.2668 0.6552 0.7068
vn -0.2034 0.6777 0.7066
vn -0.1659 0.6934 0.7012
vn -0.1289 0.6958 0.7065
vn -0.0622 0.7046 0.7068
vn -0.0130 0.7126 0.7015
vn 0.0144 0.7078 0.7062
vn 0.0815 0.7025 0.7070
vn 0.1403 0.6980 0.7023
vn 0.1573 0.6906 0.7059
vn 0.2218 0.6714 0.7071
vn 0.2866 0.6504 0.7035
vn 0.2933 0.6453 0.7053
vn 0.3529 0.6125 0.7073
vn 0.4188 0.5723 0.7050
vn 0.4123 0.5802 0.7025
vn 0.4695 0.5288 0.7071
vn 0.5321 0.4689 0.7050
vn 0.5228 0.4865 0.7000
vn 0.5668 0.4230 0.7070
vn 0.6204 0.3436 0.7050
vn 0.6125 0.3721 0.6974
vn 0.6407 0.2998 0.7068
vn 0.6798 0.2021 0.7050
vn 0.6775 0.2415 0.6947
vn 0.6883 0.1641 0.7066
vn 0.7006 0.0979 0.7068
vn 0.7109 0.0516 0.7014
vn 0.7076 0.0216 0.7063
vn 0.7058 -0.0457 0.7070
vn 0.7048 -0.1024 0.7020
vn 0.6977 -0.1219 0.7060
vn 0.6819 -0.1874 0.7070
vn 0.6652 -0.2511 0.7031
vn 0.6590 -0.2606 0.7056
vn 0.6299 -0.3212 0.7071
vn 0.5944 -0.3874 0.7047
vn 0.5988 -0.3833 0.7032
vn 0.5519 -0.4421 0.7071
vn 0.4970 -0.5059 0.7050
vn 0.5120 -0.4970 0.7006
vn 0.4512 -0.5445 0.7070
vn 0.5341 -0.8454 -0.0000
vn 0.3467 -0.9380 -0.0000
vn 0.1441 -0.9896 -0.0000
vn -0.0648 -0.9979 -0.0000
vn -0.2708 -0.9626 -0.0000
vn -0.4651 -0.8853 -0.0000
vn -0.6390 -0.7692 -0.0000
vn -0.7849 -0.6196 -0.0000
vn -0.8966 -0.4428 -0.0000
vn -0.9691 -0.2468 -0.0000
vn -0.9992 -0.0399 -0.0000
vn -0.9857 0.1687 -0.0000
vn -0.9290 0.3700 -0.0000
vn -0.8318 0.5551 -0.0000
vn -0.6982 0.7159 -0.0000
vn -0.5341 0.8454 -0.0000
vn -0.3467 0.9380 -0.0000
vn -0.1441 0.9896 -0.0000
vn 0.0648 0.9979 -0.0000
vn 0.2708 0.9626 -0.0000
vn 0.4651 0.8853 -0.0000
vn 0.6390 0.7692 -0.0000
vn 0.7849 0.6196 -0.0000
vn 0.8966 0.4428 -0.0000
vn 0.9691 0.2468 -0.0000
vn 0.9992 0.0399 -0.0000
vn 0.9857 -0.1687 -0.0000
vn 0.9290 -0.3700 -0.0000
vn 0.8318 -0.5551 -0.0000
vn 0.6982 -0.7159 -0.0000
vn 0.5311 -0.8473 -0.0000
vn 0.3365 -0.9417 -0.0000
vn 0.1262 -0.9920 -0.0000
vn -0.0900 -0.9959 -0.0000
vn -0.3020 -0.9533 -0.0000
vn -0.4999 -0.8661 -0.0000
vn -0.6744 -0.7384 -0.0000
vn -0.8173 -0.5762 -0.0000
vn -0.9221 -0.3870 -0.0000
vn -0.9837 -0.1797 -0.0000
vn -0.9994 0.0359 -0.0000
vn -0.9683 0.2499 -0.0000
vn -0.8919 0.4522 -0.0000
vn -0.7738 0.6334 -0.0000
vn -0.6196 0.7849 -0.0000
vn -0.4364 0.8998 -0.0000
vn -0.2327 0.9725 -0.0000
vn -0.0182 0.9998 -0.0000
vn 0.1971 0.9804 -0.0000
vn 0.4033 0.9151 -0.0000
vn 0.5906 0.8070 -0.0000
vn 0.7502 0.6612 -0.0000
vn 0.8748 0.4844 -0.0000
vn 0.9585 0.2850 -0.0000
vn 0.9974 0.0723 -0.0000
vn 0.9896 -0.1438 -0.0000
vn 0.9356 -0.3531 -0.0000
vn 0.8378 -0.5460 -0.0000
vn 0.7008 -0.7133 -0.0000
vn 0.5422 -0.8403 -0.0000
vn 0.3733 -0.9277 -0.0000
vn 0.1910 -0.9816 -0.0000
vn 0.0018 -1.0000 -0.0000
vn -0.1875 -0.9823 -0.0000
vn -0.3700 -0.9290 -0.0000
vn -0.5391 -0.8422 -0.0000
vn -0.6888 -0.7250 -0.0000
vn -0.8135 -0.5815 -0.0000
vn -0.9089 -0.4171 -0.0000
vn -0.9714 -0.2375 -0.0000
vn -0.9988 -0.0494 -0.0000
vn -0.9901 0.1405 -0.0000
vn -0.9456 0.3254 -0.0000
vn -0.8669 0.4984 -0.0000
vn -0.7569 0.6535 -0.0000
vn -0.4598 0.8880 -0.0000
vn -0.2835 0.9590 -0.0000
vn -0.0969 0.9953 -0.0000
vn 0.0933 0.9956 -0.0000
vn 0.2800 0.9600 -0.0000
vn 0.4566 0.8897 -0.0000
vn 0.6167 0.7872 -0.0000
vn 0.7546 0.6562 -0.0000
vn 0.8651 0.5016 -0.0000
vn 0.9444 0.3288 -0.0000
vn 0.9896 0.1441 -0.0000
vn 0.9990 -0.0458 -0.0000
vn 0.9722 -0.2340 -0.0000
vn 0.9104 -0.4138 -0.0000
vn 0.8156 -0.5786 -0.0000
vn 0.6914 -0.7225 -0.0000
vn -0.8796 0.4758 -0.0000
vn -0.9504 0.3109 -0.0000
vn -0.9907 0.1360 -0.0000
vn -0.9991 -0.0433 -0.0000
vn -0.9752 -0.2212 -0.0000
vn -0.9200 -0.3919 -0.0000
vn -0.8351 -0.5500 -0.0000
vn -0.7234 -0.6905 -0.0000
vn -0.5883 -0.8086 -0.0000
vn -0.4343 -0.9008 -0.0000
vn -0.2663 -0.9639 -0.0000
vn -0.0897 -0.9960 -0.0000
vn 0.0897 -0.9960 -0.0000
vn 0.2663 -0.9639 -0.0000
vn 0.4343 -0.9008 -0.0000
vn 0.5883 -0.8086 -0.0000
vn 0.7234 -0.6905 -0.0000
vn 0.8351 -0.5500 -0.0000
vn 0.9200 -0.3919 -0.0000
vn 0.9752 -0.2212 -0.0000
vn 0.9991 -0.0433 -0.0000
vn 0.9907 0.1360 -0.0000
vn 0.9504 0.3109 -0.0000
vn 0.8796 0.4758 -0.0000
vn -0.0001 -0.0000 1.0000
vn 0.0002 -0.0000 -1.0000
vn -0.0003 -0.0000 -1.0000
vn 0.9051 0.4253 -0.0000
vn 0.9893 0.1459 -0.0000
vn -0.9893 0.1459 -0.0000
vn -0.9051 0.4253 -0.0000
vn -0.6012 0.3725 0.7069
vn -0.7294 0.3657 0.5782
vn -0.7020 0.0964 0.7057
vn -0.6734 0.2203 0.7057
vn -0.6232 0.3371 0.7057
vn -0.7865 -0.0524 0.6153
vn -0.7070 0.0165 0.7070
vn -0.7019 0.0964 0.7057
vn -0.6519 -0.2777 0.7057
vn -0.6910 -0.1567 0.7057
vn -0.6910 -0.1567 0.7056
vn -0.7079 -0.0307 0.7056
vn -0.6290 -0.4284 0.6487
vn -0.6178 -0.3440 0.7071
vn -0.5917 -0.3897 0.7057
vn -0.5126 -0.4892 0.7057
vn -0.5125 -0.4892 0.7057
vn -0.4439 -0.5508 0.7068
vn -0.4612 -0.6338 0.6210
vn -0.4563 -0.6309 0.6275
vn -0.3138 -0.6640 0.6787
vn -0.3583 -0.6096 0.7071
vn -0.3858 -0.5929 0.7068
vn -0.3077 -0.6382 0.7057
vn -0.1887 -0.6830 0.7057
vn -0.0636 -0.7057 0.7057
vn 0.0636 -0.7057 0.7057
vn 0.1887 -0.6830 0.7057
vn 0.3026 -0.6404 0.7059
vn 0.3179 -0.6593 0.6814
vn 0.3583 -0.6096 0.7071
vn 0.3927 -0.5885 0.7067
vn 0.4612 -0.6338 0.6210
vn 0.4439 -0.5508 0.7068
vn 0.5126 -0.4892 0.7057
vn 0.5125 -0.4892 0.7057
vn 0.5852 -0.3986 0.7061
vn 0.6275 -0.4132 0.6599
vn 0.6178 -0.3440 0.7071
vn 0.6519 -0.2777 0.7057
vn 0.6910 -0.1567 0.7057
vn 0.7063 -0.0471 0.7063
vn 0.7658 -0.0332 0.6423
vn 0.7070 0.0165 0.7070
vn 0.7020 0.0964 0.7057
vn 0.7019 0.0964 0.7057
vn 0.6734 0.2203 0.7057
vn 0.6326 0.3172 0.7065
vn 0.6835 0.3697 0.6294
vn 0.6012 0.3725 0.7069
vn 0.7033 0.1037 0.7033
vn 0.6434 0.3023 0.7033
vn -0.6434 0.3023 0.7033
vn -0.7033 0.1037 0.7033
vn 0.6948 0.1862 0.6947
vn 0.6947 0.1862 0.6948
vn 0.5086 0.5086 0.6947
vn 0.5086 0.5086 0.6948
vn 0.1862 0.6947 0.6947
vn 0.1862 0.6947 0.6948
vn -0.1862 0.6947 0.6947
vn -0.1862 0.6948 0.6947
vn -0.5086 0.5086 0.6947
vn -0.5086 0.5086 0.6948
vn -0.6948 0.1862 0.6947
vn -0.6947 0.1862 0.6948
vn -0.4759 -0.5231 -0.7070
vn 0.6232 0.3371 -0.7057
vn 0.6734 0.2203 -0.7057
vn 0.7019 0.0964 -0.7057
vn 0.7020 0.0964 -0.7057
vn 0.7079 -0.0307 -0.7057
vn 0.6910 -0.1567 -0.7057
vn 0.6518 -0.2777 -0.7057
vn 0.6519 -0.2777 -0.7057
vn 0.5917 -0.3897 -0.7057
vn 0.4614 -0.5366 -0.7065
vn 0.4638 -0.5337 -0.7071
vn 0.5125 -0.4892 -0.7057
vn 0.5486 -0.5437 -0.6352
vn 0.5449 -0.4507 -0.7070
vn 0.4317 -0.5784 -0.6921
vn 0.4443 -0.6107 -0.6554
vn 0.3735 -0.6005 -0.7071
vn 0.3077 -0.6382 -0.7057
vn 0.1887 -0.6829 -0.7057
vn 0.0636 -0.7057 -0.7057
vn -0.0636 -0.7057 -0.7057
vn -0.1887 -0.6829 -0.7057
vn -0.3077 -0.6382 -0.7057
vn -0.4638 -0.5337 -0.7071
vn -0.4614 -0.5366 -0.7065
vn -0.4262 -0.5858 -0.6893
vn -0.4568 -0.6121 -0.6455
vn -0.3735 -0.6005 -0.7071
vn -0.5498 -0.5243 -0.6503
vn -0.5488 -0.5238 -0.6515
vn -0.5462 -0.4695 -0.6937
vn -0.5449 -0.4507 -0.7070
vn -0.5917 -0.3897 -0.7057
vn -0.6518 -0.2777 -0.7057
vn -0.6519 -0.2777 -0.7057
vn -0.6910 -0.1567 -0.7057
vn -0.7079 -0.0307 -0.7057
vn -0.7020 0.0964 -0.7057
vn -0.7019 0.0964 -0.7057
vn -0.6734 0.2203 -0.7057
vn -0.6232 0.3371 -0.7057
vn 0.6434 0.3023 -0.7033
vn 0.7033 0.1037 -0.7033
vn -0.7033 0.1037 -0.7033
vn -0.6434 0.3023 -0.7033
vn 0.1862 0.6947 -0.6948
vn -0.6947 0.1862 -0.6947
vn 0.1161 0.9931 0.0150
vn 0.1781 0.9840 -0.0012
vn 0.2350 0.9720 -0.0000
vn 0.2911 0.9567 -0.0000
vn 0.3462 0.9381 0.0138
vn 0.4043 0.9146 -0.0023
vn 0.4568 0.8896 -0.0000
vn 0.5077 0.8615 -0.0000
vn 0.5569 0.8305 0.0127
vn 0.6079 0.7940 -0.0035
vn 0.6530 0.7573 -0.0000
vn 0.6959 0.7181 -0.0000
vn 0.7365 0.6764 0.0115
vn 0.7774 0.6290 -0.0046
vn 0.8127 0.5827 -0.0000
vn 0.8452 0.5345 -0.0000
vn 0.8748 0.4844 0.0104
vn 0.9034 0.4287 -0.0058
vn 0.9268 0.3754 -0.0000
vn 0.9471 0.3209 -0.0000
vn 0.9641 0.2653 0.0092
vn 0.9789 0.2044 -0.0069
vn 0.9891 0.1471 -0.0000
vn 0.9960 0.0894 -0.0000
vn 0.9995 0.0313 0.0081
vn 0.9995 -0.0313 -0.0081
vn 0.9960 -0.0894 -0.0000
vn 0.9891 -0.1471 -0.0000
vn 0.9789 -0.2044 0.0069
vn 0.9641 -0.2653 -0.0092
vn 0.9471 -0.3209 -0.0000
vn 0.9268 -0.3754 -0.0000
vn 0.9034 -0.4287 0.0058
vn 0.8748 -0.4844 -0.0104
vn 0.8452 -0.5345 -0.0000
vn 0.8127 -0.5827 -0.0000
vn 0.7774 -0.6290 0.0046
vn 0.7365 -0.6764 -0.0115
vn 0.6959 -0.7181 -0.0000
vn 0.6530 -0.7573 -0.0000
vn 0.6079 -0.7940 0.0035
vn 0.5569 -0.8305 -0.0127
vn 0.5077 -0.8615 -0.0000
vn 0.4568 -0.8896 -0.0000
vn 0.4043 -0.9146 0.0023
vn 0.3462 -0.9381 -0.0138
vn 0.2911 -0.9567 -0.0000
vn 0.2350 -0.9720 -0.0000
vn 0.1781 -0.9840 0.0012
vn 0.1161 -0.9931 -0.0150
vn 0.0581 0.9983 -0.0000
vn -0.0581 0.9983 -0.0000
vn -0.1161 0.9931 0.0150
vn -0.1781 0.9840 -0.0012
vn -0.2350 0.9720 -0.0000
vn -0.2911 0.9567 -0.0000
vn -0.3462 0.9381 0.0138
vn -0.4043 0.9146 -0.0023
vn -0.4568 0.8896 -0.0000
vn -0.5077 0.8615 -0.0000
vn -0.5569 0.8305 0.0127
vn -0.6079 0.7940 -0.0035
vn -0.6530 0.7573 -0.0000
vn -0.6959 0.7181 -0.0000
vn -0.7365 0.6764 0.0115
vn -0.7774 0.6290 -0.0046
vn -0.8127 0.5827 -0.0000
vn -0.8452 0.5345 -0.0000
vn -0.8748 0.4844 0.0104
vn -0.9034 0.4287 -0.0058
vn -0.9268 0.3754 -0.0000
vn -0.9471 0.3209 -0.0000
vn -0.9641 0.2653 0.0092
vn -0.9789 0.2044 -0.0069
vn -0.9891 0.1471 -0.0000
vn -0.9960 0.0894 -0.0000
vn -0.9995 0.0313 0.0081
vn -0.9995 -0.0313 -0.0081
vn -0.9960 -0.0894 -0.0000
vn -0.9891 -0.1471 -0.0000
vn -0.9789 -0.2044 0.0069
vn -0.9641 -0.2653 -0.0092
vn -0.9471 -0.3209 -0.0000
vn -0.9268 -0.3754 -0.0000
vn -0.9034 -0.4287 0.0058
vn -0.8748 -0.4844 -0.0104
vn -0.8452 -0.5345 -0.0000
vn -0.8127 -0.5827 -0.0000
vn -0.7774 -0.6290 0.0046
vn -0.7365 -0.6764 -0.0115
vn -0.6959 -0.7181 -0.0000
vn -0.6530 -0.7573 -0.0000
vn -0.6079 -0.7940 0.0035
vn -0.5569 -0.8305 -0.0127
vn -0.5077 -0.8615 -0.0000
vn -0.4568 -0.8896 -0.0000
vn -0.4043 -0.9146 0.0023
vn -0.3462 -0.9381 -0.0138
vn -0.2911 -0.9567 -0.0000
vn -0.2350 -0.9720 -0.0000
vn -0.1781 -0.9840 0.0012
vn -0.1161 -0.9931 -0.0150
vn -0.0581 -0.9983 -0.0000
vn 0.0581 -0.9983 -0.0000
vn -0.2465 0.6771 -0.6934
vn -0.2456 0.6654 -0.7049
vn -0.3230 0.6290 -0.7071
vn -0.4016 0.6107 -0.6825
vn -0.3950 0.5890 -0.7051
vn -0.4618 0.5355 -0.7071
vn -0.5386 0.5081 -0.6721
vn -0.5222 0.4796 -0.7052
vn -0.5747 0.4121 -0.7070
vn -0.6488 0.3746 -0.6624
vn -0.6201 0.3434 -0.7054
vn -0.6554 0.2655 -0.7070
vn -0.7252 0.2171 -0.6534
vn -0.6833 0.1880 -0.7055
vn -0.6995 0.1041 -0.7070
vn -0.7627 0.0444 -0.6452
vn -0.7082 0.0222 -0.7057
vn -0.7044 -0.0632 -0.7069
vn -0.7584 -0.1337 -0.6379
vn -0.6934 -0.1448 -0.7058
vn -0.6699 -0.2270 -0.7069
vn -0.7119 -0.3071 -0.6316
vn -0.6399 -0.3036 -0.7060
vn -0.5979 -0.3781 -0.7068
vn -0.6253 -0.4655 -0.6264
vn -0.5505 -0.4454 -0.7061
vn -0.4924 -0.5080 -0.7067
vn -0.5032 -0.5997 -0.6222
vn -0.4304 -0.5622 -0.7062
vn -0.3592 -0.6095 -0.7067
vn -0.3524 -0.7017 -0.6192
vn -0.2862 -0.6475 -0.7063
vn -0.2060 -0.6770 -0.7066
vn -0.1814 -0.7654 -0.6174
vn -0.1260 -0.6965 -0.7064
vn -0.0412 -0.7065 -0.7065
vn -0.0411 -0.7065 -0.7065
vn 0.0411 -0.7065 -0.7065
vn 0.1260 -0.6965 -0.7064
vn 0.1814 -0.7654 -0.6174
vn 0.2060 -0.6770 -0.7066
vn 0.3184 -0.6340 -0.7047
vn 0.3417 -0.7731 -0.5343
vn 0.3592 -0.6095 -0.7067
vn 0.4561 -0.5435 -0.7047
vn 0.5062 -0.6612 -0.5538
vn 0.4924 -0.5080 -0.7067
vn 0.5691 -0.4237 -0.7047
vn 0.6375 -0.5158 -0.5723
vn 0.5979 -0.3781 -0.7068
vn 0.6515 -0.2810 -0.7047
vn 0.7294 -0.3461 -0.5900
vn 0.6699 -0.2270 -0.7069
vn 0.6987 -0.1232 -0.7047
vn 0.7780 -0.1625 -0.6069
vn 0.7044 -0.0632 -0.7069
vn 0.7083 0.0413 -0.7047
vn 0.7818 0.0245 -0.6230
vn 0.6995 0.1041 -0.7070
vn 0.6797 0.2035 -0.7047
vn 0.7421 0.2042 -0.6384
vn 0.6554 0.2655 -0.7070
vn 0.6144 0.3547 -0.7047
vn 0.6626 0.3669 -0.6530
vn 0.5747 0.4121 -0.7070
vn 0.5161 0.4869 -0.7047
vn 0.5488 0.5040 -0.6669
vn 0.4618 0.5355 -0.7071
vn 0.3899 0.5928 -0.7047
vn 0.4083 0.6089 -0.6801
vn 0.3230 0.6290 -0.7071
vn 0.2427 0.6667 -0.7047
vn 0.2497 0.6766 -0.6927
vn 0.1662 0.6873 -0.7071
vn 0.0824 0.7047 -0.7047
vn -0.0824 0.7047 -0.7047
vn -0.1662 0.6873 -0.7071
vn -0.2464 -0.6771 0.6934
vn -0.2456 -0.6655 0.7049
vn -0.3230 -0.6290 0.7071
vn -0.4016 -0.6107 0.6825
vn -0.3950 -0.5890 0.7051
vn -0.4618 -0.5356 0.7071
vn -0.5386 -0.5081 0.6721
vn -0.5222 -0.4796 0.7052
vn -0.5747 -0.4121 0.7070
vn -0.6488 -0.3746 0.6624
vn -0.6201 -0.3434 0.7054
vn -0.6555 -0.2655 0.7070
vn -0.7252 -0.2171 0.6534
vn -0.6833 -0.1880 0.7055
vn -0.6995 -0.1041 0.7070
vn -0.7627 -0.0444 0.6452
vn -0.7082 -0.0222 0.7057
vn -0.7045 0.0632 0.7069
vn -0.7584 0.1337 0.6379
vn -0.6935 0.1448 0.7058
vn -0.6741 0.2137 0.7071
vn -0.6632 0.2247 0.7139
vn -0.6788 0.3059 0.6676
vn -0.6399 0.3036 0.7059
vn -0.5979 0.3781 0.7068
vn -0.6253 0.4655 0.6263
vn -0.5505 0.4454 0.7061
vn -0.4924 0.5080 0.7067
vn -0.5032 0.5997 0.6222
vn -0.4304 0.5622 0.7062
vn -0.3593 0.6096 0.7067
vn -0.3524 0.7017 0.6192
vn -0.2862 0.6475 0.7063
vn -0.2060 0.6770 0.7066
vn -0.1814 0.7654 0.6174
vn -0.1260 0.6965 0.7064
vn -0.0411 0.7065 0.7065
vn -0.0000 0.7871 0.6168
vn 0.0411 0.7065 0.7065
vn 0.1260 0.6965 0.7064
vn 0.1814 0.7654 0.6174
vn 0.2060 0.6770 0.7066
vn 0.3184 0.6340 0.7047
vn 0.3418 0.7731 0.5343
vn 0.3593 0.6096 0.7067
vn 0.4561 0.5435 0.7047
vn 0.5062 0.6612 0.5537
vn 0.4924 0.5080 0.7067
vn 0.5691 0.4237 0.7047
vn 0.6375 0.5158 0.5723
vn 0.5979 0.3781 0.7068
vn 0.6463 0.2912 0.7053
vn 0.6815 0.3234 0.6565
vn 0.6595 0.2091 0.7221
vn 0.6699 0.2270 0.7069
vn 0.6987 0.1232 0.7047
vn 0.7780 0.1625 0.6069
vn 0.7045 0.0632 0.7069
vn 0.7083 -0.0413 0.7047
vn 0.7818 -0.0245 0.6230
vn 0.6995 -0.1041 0.7070
vn 0.6797 -0.2035 0.7047
vn 0.7422 -0.2042 0.6383
vn 0.6555 -0.2655 0.7070
vn 0.6144 -0.3548 0.7047
vn 0.6626 -0.3669 0.6529
vn 0.5747 -0.4121 0.7070
vn 0.5161 -0.4869 0.7047
vn 0.5488 -0.5040 0.6669
vn 0.4618 -0.5356 0.7071
vn 0.3899 -0.5928 0.7047
vn 0.4083 -0.6089 0.6801
vn 0.3230 -0.6290 0.7071
vn 0.2427 -0.6667 0.7047
vn 0.2497 -0.6766 0.6927
vn 0.1661 -0.6873 0.7071
vn 0.0824 -0.7047 0.7047
vn -0.0824 -0.7047 0.7047
vn -0.1661 -0.6873 0.7071
vn 0.3735 0.3735 -0.8491
vn 0.1367 0.5102 -0.8491
vn 0.3735 -0.3735 -0.8491
vn 0.5102 -0.1367 -0.8491
vn 0.5102 0.1367 -0.8491
vn -0.3735 -0.3735 -0.8491
vn -0.1367 -0.5102 -0.8491
vn 0.1367 -0.5102 -0.8491
vn -0.3735 0.3735 -0.8491
vn -0.5102 0.1367 -0.8491
vn -0.5102 -0.1367 -0.8491
vn -0.1367 0.5102 -0.8491
vn 0.1294 -0.9916 -0.0000
vn 0.1327 -0.9912 0.0001
vn 0.3816 -0.9243 -0.0001
vn 0.3847 -0.9230 -0.0000
vn 0.6084 -0.7936 -0.0000
vn 0.7062 -0.7080 0.0034
vn 0.7931 -0.6091 -0.0000
vn 0.9239 -0.3827 -0.0000
vn 0.9656 -0.2600 0.0034
vn 0.9914 -0.1306 -0.0000
vn 0.9916 0.1293 -0.0000
vn 0.9914 0.1307 -0.0000
vn 0.9243 0.3816 -0.0000
vn 0.9238 0.3828 -0.0000
vn 0.7935 0.6086 -0.0000
vn 0.7932 0.6090 -0.0000
vn 0.6089 0.7932 -0.0000
vn 0.6086 0.7935 -0.0000
vn 0.3828 0.9238 -0.0000
vn 0.2837 0.9589 -0.0026
vn 0.1307 0.9914 0.0005
vn 0.0251 0.9997 -0.0000
vn -0.1306 0.9914 -0.0000
vn -0.0932 0.9957 0.0009
vn -0.3828 0.9238 -0.0012
vn -0.3472 0.9378 -0.0000
vn -0.6090 0.7932 -0.0000
vn -0.7063 0.7079 -0.0031
vn -0.7935 0.6086 -0.0000
vn -0.9244 0.3815 -0.0000
vn -0.9233 0.3840 0.0001
vn -0.9916 0.1293 -0.0001
vn -0.9913 0.1320 -0.0000
vn -0.9913 -0.1320 -0.0000
vn -0.9656 -0.2600 0.0032
vn -0.9233 -0.3841 -0.0000
vn -0.1325 -0.9912 -0.0066
vn -0.3840 -0.9233 -0.0000
vn 0.9233 -0.3841 -0.0000
vn 0.9656 -0.2600 0.0032
vn 0.9912 -0.1321 -0.0000
vn 0.9913 0.1320 -0.0000
vn 0.9916 0.1294 -0.0001
vn 0.9233 0.3840 0.0001
vn 0.7063 0.7079 -0.0031
vn 0.2577 0.9662 -0.0032
vn 0.1307 0.9914 -0.0000
vn -0.0245 0.9997 0.0026
vn -0.3827 0.9239 -0.0047
vn -0.2832 0.9591 -0.0000
vn -0.6086 0.7935 -0.0000
vn -0.7932 0.6090 -0.0000
vn -0.9238 0.3828 -0.0000
vn -0.9914 0.1307 -0.0000
vn -0.9916 0.1292 -0.0000
vn -0.9914 -0.1307 0.0067
vn -0.9238 -0.3828 -0.0000
vn -0.7929 -0.6093 0.0068
vn -0.6086 -0.7935 -0.0000
vn -0.1325 -0.9912 -0.0068
vn -0.3804 -0.9248 0.0068
vn -0.1284 -0.9917 -0.0000
vn 0.1327 -0.9912 -0.0000
vn 0.0940 -0.9956 0.0011
vn 0.3468 -0.9379 -0.0010
vn -0.0002 -0.0000 1.0000
vn -0.0025 -0.0000 1.0000
vn 0.0002 -0.0000 1.0000
vn 0.8074 0.5899 -0.0000
vn 0.9015 0.4327 -0.0000
vn 0.9653 0.2610 -0.0000
vn 0.9968 0.0805 -0.0000
vn 0.9947 -0.1028 -0.0000
vn 0.9593 -0.2825 -0.0000
vn 0.8916 -0.4528 -0.0000
vn 0.7940 -0.6079 -0.0000
vn 0.6698 -0.7425 -0.0000
vn 0.5231 -0.8523 -0.0000
vn 0.3588 -0.9334 -0.0000
vn 0.1825 -0.9832 -0.0000
vn -0.1825 -0.9832 -0.0000
vn -0.3588 -0.9334 -0.0000
vn -0.5231 -0.8523 -0.0000
vn -0.6698 -0.7425 -0.0000
vn -0.7940 -0.6079 -0.0000
vn -0.8916 -0.4528 -0.0000
vn -0.9593 -0.2825 -0.0000
vn -0.9947 -0.1028 -0.0000
vn -0.9968 0.0805 -0.0000
vn -0.9653 0.2610 -0.0000
vn -0.9015 0.4327 -0.0000
vn -0.8074 0.5899 -0.0000
vn -0.8240 0.5665 -0.0000
vn -0.9354 0.3536 -0.0000
vn -0.9928 0.1202 -0.0000
vn 0.9928 0.1202 -0.0000
vn 0.9354 0.3536 -0.0000
vn 0.8240 0.5665 -0.0000
vn -0.1253 -0.9920 0.0169
vn -0.1925 -0.9813 -0.0014
vn -0.2538 -0.9673 -0.0000
vn -0.3140 -0.9494 -0.0000
vn -0.3729 -0.9277 0.0155
vn -0.4352 -0.9003 -0.0028
vn -0.4909 -0.8712 -0.0000
vn -0.5446 -0.8387 -0.0000
vn -0.5962 -0.8027 0.0141
vn -0.6494 -0.7604 -0.0042
vn -0.7396 -0.6730 -0.0000
vn -0.7804 -0.6252 0.0127
vn -0.8211 -0.5707 -0.0056
vn -0.8554 -0.5180 -0.0000
vn -0.8862 -0.4633 -0.0000
vn -0.9135 -0.4067 0.0113
vn -0.9391 -0.3437 -0.0070
vn -0.9588 -0.2840 -0.0000
vn -0.9748 -0.2233 -0.0000
vn -0.9868 -0.1616 0.0099
vn -0.9955 -0.0941 -0.0085
vn -0.9995 -0.0314 -0.0000
vn -0.9995 0.0314 -0.0000
vn -0.9955 0.0941 0.0085
vn -0.9868 0.1616 -0.0099
vn -0.9748 0.2233 -0.0000
vn -0.9588 0.2840 -0.0000
vn -0.9391 0.3437 0.0070
vn -0.9135 0.4067 -0.0113
vn -0.8862 0.4633 -0.0000
vn -0.8554 0.5180 -0.0000
vn -0.8211 0.5707 0.0056
vn -0.7804 0.6252 -0.0127
vn -0.7396 0.6730 -0.0000
vn -0.6494 0.7604 0.0042
vn -0.5962 0.8027 -0.0141
vn -0.5446 0.8387 -0.0000
vn -0.4909 0.8712 -0.0000
vn -0.4352 0.9003 0.0028
vn -0.3729 0.9277 -0.0155
vn -0.3140 0.9494 -0.0000
vn -0.2538 0.9673 -0.0000
vn -0.1925 0.9813 0.0014
vn -0.1253 0.9920 -0.0169
vn -0.0628 -0.9980 -0.0000
vn 0.0628 -0.9980 -0.0000
vn 0.1253 -0.9920 0.0169
vn 0.1925 -0.9813 -0.0014
vn 0.2538 -0.9673 -0.0000
vn 0.3140 -0.9494 -0.0000
vn 0.3729 -0.9277 0.0155
vn 0.4352 -0.9003 -0.0028
vn 0.4909 -0.8712 -0.0000
vn 0.5446 -0.8387 -0.0000
vn 0.5962 -0.8027 0.0141
vn 0.6494 -0.7604 -0.0042
vn 0.7396 -0.6730 -0.0000
vn 0.7804 -0.6252 0.0127
vn 0.8211 -0.5707 -0.0056
vn 0.8554 -0.5180 -0.0000
vn 0.8862 -0.4633 -0.0000
vn 0.9135 -0.4067 0.0113
vn 0.9391 -0.3437 -0.0070
vn 0.9588 -0.2840 -0.0000
vn 0.9748 -0.2233 -0.0000
vn 0.9868 -0.1616 0.0099
vn 0.9955 -0.0941 -0.0085
vn 0.9995 -0.0314 -0.0000
vn 0.9995 0.0314 -0.0000
vn 0.9955 0.0941 0.0085
vn 0.9868 0.1616 -0.0099
vn 0.9748 0.2233 -0.0000
vn 0.9588 0.2840 -0.0000
vn 0.9391 0.3437 0.0070
vn 0.9135 0.4067 -0.0113
vn 0.8862 0.4633 -0.0000
vn 0.8554 0.5180 -0.0000
vn 0.8211 0.5707 0.0056
vn 0.7804 0.6252 -0.0127
vn 0.7396 0.6730 -0.0000
vn 0.6494 0.7604 0.0042
vn 0.5962 0.8027 -0.0141
vn 0.5446 0.8387 -0.0000
vn 0.4909 0.8712 -0.0000
vn 0.4352 0.9003 0.0028
vn 0.3729 0.9277 -0.0155
vn 0.3140 0.9494 -0.0000
vn 0.2538 0.9673 -0.0000
vn 0.1925 0.9813 0.0014
vn 0.1253 0.9920 -0.0169
vn 0.0628 0.9980 -0.0000
vn -0.0628 0.9980 -0.0000
vn 0.1951 -0.0000 0.9808
vn 0.5556 -0.0000 0.8315
vn 0.8315 -0.0000 0.5556
vn 0.9808 -0.0000 0.1951
vn -0.9808 -0.0000 0.1951
vn -0.8315 -0.0000 0.5556
vn -0.5556 -0.0000 0.8315
vn -0.1951 -0.0000 0.9808
vn 0.0075 0.5847 -0.8112
vn -0.0001 0.5464 -0.8376
vn -0.0000 0.5289 -0.8487
vn -0.0000 0.4714 -0.8819
vn -0.0012 0.6388 -0.7694
vn 0.0039 0.5358 -0.8443
vn 0.0029 0.5608 -0.8280
vn -0.0075 0.5845 -0.8113
vn -0.0131 0.5514 -0.8342
vn -0.0123 0.5555 -0.8314
vn -0.0026 0.4734 -0.8809
vn 0.0015 0.3630 -0.9318
vn -0.0051 0.2675 -0.9636
vn -0.0157 0.1759 -0.9843
vn -0.0000 0.1951 -0.9808
vn -0.0215 0.1970 -0.9802
vn -0.0105 0.1413 -0.9899
vn -0.0047 0.0973 -0.9952
vn -0.0021 0.0662 -0.9978
vn -0.0010 0.0467 -0.9989
vn -0.0000 0.0250 -0.9997
vn 0.0014 0.0437 -0.9990
vn 0.0032 0.0633 -0.9980
vn 0.0078 0.0934 -0.9956
vn 0.0182 0.1355 -0.9906
vn -0.0000 0.0878 -0.9961
vn -0.0000 0.1517 -0.9884
vn -0.0000 0.1518 -0.9884
vn 0.0247 0.2650 -0.9639
vn 0.0137 0.2001 -0.9797
vn 0.0010 0.0467 -0.9989
vn 0.0021 0.0662 -0.9978
vn 0.0047 0.0973 -0.9952
vn 0.0105 0.1413 -0.9899
vn 0.0215 0.1970 -0.9802
vn 0.0399 0.2631 -0.9640
vn 0.0107 0.1820 -0.9832
vn -0.0015 0.3630 -0.9318
vn 0.0058 0.5556 -0.8315
vn 0.0247 0.4904 -0.8712
vn 0.0131 0.5515 -0.8341
vn -0.0029 0.1470 -0.9891
vn -0.0051 0.0969 -0.9953
vn -0.0059 0.0809 -0.9967
vn -0.0032 0.0633 -0.9980
vn -0.0014 0.0437 -0.9990
vn -0.0000 0.3633 -0.9317
vn -0.0000 0.2681 -0.9634
vn -0.0010 0.2051 -0.9787
vn -0.0000 0.6318 -0.7751
vn -0.0000 0.8315 -0.5556
vn -0.0000 0.9808 -0.1951
vn -0.0000 -0.1758 0.9844
vn -0.0000 -0.9844 0.1758
vn -0.0194 -0.9949 0.0989
vn -0.0000 -0.9992 0.0395
vn 0.0066 -0.9844 0.1758
vn 0.0080 -0.9858 0.1675
vn -0.0000 -0.9738 0.2276
vn -0.0080 -0.9858 0.1675
vn -0.0000 -0.9312 0.3644
vn -0.0000 -0.9312 0.3645
vn -0.0000 -0.8315 0.5556
vn -0.0000 -0.5556 0.8315
vn -0.0000 -0.3645 0.9312
vn 0.9238 -0.3828 -0.0000
vn 0.7924 -0.6097 -0.0167
vn 0.6086 -0.7935 -0.0000
vn 0.9913 -0.1308 -0.0168
vn 0.9914 0.1306 -0.0000
vn 0.9659 0.2588 -0.0085
vn 0.9239 0.3827 -0.0000
vn 0.7931 0.6091 -0.0000
vn 0.7071 0.7071 -0.0085
vn 0.6084 0.7936 -0.0000
vn 0.3816 0.9243 -0.0000
vn 0.2588 0.9659 -0.0083
vn 0.1294 0.9916 -0.0000
vn -0.9233 0.3840 -0.0000
vn -0.9659 0.2588 -0.0073
vn -0.9659 -0.2588 -0.0073
vn -0.9233 -0.3840 -0.0000
vn 0.2825 -0.9593 -0.0031
vn 0.0249 -0.9997 -0.0000
vn -0.1720 -0.9850 -0.0110
vn -0.4172 -0.9088 -0.0000
vn -0.2588 -0.9659 -0.0028
vn -0.0253 -0.9997 -0.0000
vn 0.9233 -0.3840 -0.0000
vn 0.9659 -0.2588 -0.0073
vn 0.9913 -0.1320 -0.0000
vn 0.9912 0.1321 -0.0000
vn 0.9659 0.2588 -0.0073
vn 0.9233 0.3841 -0.0000
vn -0.7925 0.6097 -0.0167
vn -0.3787 0.9254 -0.0161
vn -0.1294 0.9916 -0.0000
vn -0.9659 -0.2588 -0.0085
vn -0.9914 -0.1307 -0.0000
vn -0.9913 0.1307 -0.0168
vn -0.2832 -0.9591 -0.0000
vn -0.7071 -0.7071 -0.0085
vn -0.7932 -0.6090 -0.0000
vn 0.2663 0.6726 0.6904
vn 0.2647 0.6585 0.7045
vn 0.3472 0.6160 0.7071
vn 0.4326 0.5954 0.6770
vn 0.4230 0.5696 0.7047
vn 0.4921 0.5078 0.7071
vn 0.5759 0.4765 0.6643
vn 0.5535 0.4435 0.7050
vn 0.6049 0.3663 0.7070
vn 0.6858 0.3227 0.6524
vn 0.6477 0.2884 0.7052
vn 0.6781 0.2009 0.7070
vn 0.7536 0.1438 0.6414
vn 0.6996 0.1146 0.7053
vn 0.7069 0.0222 0.7069
vn 0.7737 -0.0487 0.6316
vn 0.7055 -0.0667 0.7055
vn 0.6895 -0.1579 0.7069
vn 0.7439 -0.2417 0.6231
vn 0.6654 -0.2435 0.7057
vn 0.6269 -0.3277 0.7068
vn 0.6651 -0.4221 0.6160
vn 0.5817 -0.4043 0.7059
vn 0.5233 -0.4762 0.7067
vn 0.5423 -0.5775 0.6103
vn 0.4599 -0.5385 0.7060
vn 0.3854 -0.5934 0.7066
vn 0.3832 -0.6970 0.6062
vn 0.3082 -0.6375 0.7062
vn 0.2222 -0.6719 0.7065
vn 0.1983 -0.7722 0.6037
vn 0.1363 -0.6947 0.7063
vn 0.0444 -0.7064 0.7064
vn -0.0444 -0.7064 0.7064
vn -0.1363 -0.6947 0.7063
vn -0.1983 -0.7722 0.6037
vn -0.2222 -0.6719 0.7065
vn -0.3420 -0.6221 0.7043
vn -0.3747 -0.7752 0.5085
vn -0.3854 -0.5934 0.7066
vn -0.4860 -0.5175 0.7043
vn -0.5493 -0.6431 0.5336
vn -0.5233 -0.4762 0.7067
vn -0.5994 -0.3804 0.7043
vn -0.6819 -0.4739 0.5572
vn -0.6269 -0.3277 0.7068
vn -0.6752 -0.2194 0.7043
vn -0.7653 -0.2800 0.5796
vn -0.6895 -0.1579 0.7069
vn -0.7085 -0.0446 0.7043
vn -0.7959 -0.0752 0.6007
vn -0.7069 0.0222 0.7069
vn -0.6973 0.1330 0.7043
vn -0.7738 0.1267 0.6207
vn -0.6781 0.2009 0.7070
vn -0.6423 0.3023 0.7043
vn -0.7023 0.3127 0.6395
vn -0.6049 0.3663 0.7070
vn -0.5470 0.4525 0.7043
vn -0.5882 0.4713 0.6572
vn -0.4921 0.5078 0.7071
vn -0.4173 0.5743 0.7043
vn -0.4405 0.5932 0.6738
vn -0.3472 0.6160 0.7071
vn -0.2613 0.6600 0.7043
vn -0.2701 0.6720 0.6895
vn -0.1794 0.6840 0.7071
vn -0.0890 0.7043 0.7043
vn 0.0890 0.7043 0.7043
vn 0.1794 0.6840 0.7071
vn 0.2663 -0.6726 -0.6904
vn 0.2647 -0.6585 -0.7045
vn 0.3471 -0.6161 -0.7071
vn 0.4326 -0.5954 -0.6770
vn 0.4230 -0.5696 -0.7048
vn 0.4921 -0.5078 -0.7071
vn 0.5759 -0.4765 -0.6643
vn 0.5535 -0.4435 -0.7050
vn 0.6049 -0.3663 -0.7070
vn 0.6858 -0.3227 -0.6524
vn 0.6477 -0.2884 -0.7052
vn 0.6781 -0.2009 -0.7070
vn 0.7536 -0.1438 -0.6414
vn 0.6995 -0.1146 -0.7054
vn 0.7069 -0.0222 -0.7069
vn 0.7737 0.0487 -0.6316
vn 0.7055 0.0667 -0.7055
vn 0.6895 0.1579 -0.7069
vn 0.7439 0.2417 -0.6231
vn 0.6654 0.2435 -0.7057
vn 0.6269 0.3277 -0.7068
vn 0.6651 0.4221 -0.6160
vn 0.5816 0.4043 -0.7059
vn 0.5233 0.4762 -0.7067
vn 0.5423 0.5775 -0.6103
vn 0.4599 0.5385 -0.7060
vn 0.3854 0.5934 -0.7066
vn 0.3832 0.6970 -0.6062
vn -0.0000 0.7979 -0.6028
vn 0.3082 0.6375 -0.7062
vn 0.2222 0.6719 -0.7065
vn 0.1983 0.7722 -0.6037
vn 0.1363 0.6947 -0.7063
vn 0.0444 0.7064 -0.7064
vn -0.0444 0.7064 -0.7064
vn -0.1363 0.6947 -0.7063
vn -0.1983 0.7722 -0.6037
vn -0.2222 0.6719 -0.7065
vn -0.3420 0.6221 -0.7043
vn -0.3747 0.7752 -0.5086
vn -0.3854 0.5934 -0.7066
vn -0.4860 0.5175 -0.7043
vn -0.5493 0.6431 -0.5336
vn -0.5233 0.4762 -0.7067
vn -0.5994 0.3804 -0.7043
vn -0.6818 0.4739 -0.5572
vn -0.6269 0.3277 -0.7068
vn -0.6752 0.2194 -0.7043
vn -0.7653 0.2800 -0.5796
vn -0.6895 0.1579 -0.7069
vn -0.7085 0.0446 -0.7043
vn -0.7959 0.0752 -0.6008
vn -0.7069 -0.0222 -0.7069
vn -0.6973 -0.1330 -0.7043
vn -0.7737 -0.1267 -0.6207
vn -0.6781 -0.2009 -0.7070
vn -0.6423 -0.3023 -0.7043
vn -0.7023 -0.3127 -0.6395
vn -0.6049 -0.3663 -0.7070
vn -0.5470 -0.4525 -0.7043
vn -0.5882 -0.4713 -0.6572
vn -0.4921 -0.5078 -0.7071
vn -0.4173 -0.5743 -0.7043
vn -0.4405 -0.5932 -0.6739
vn -0.3471 -0.6161 -0.7071
vn -0.2613 -0.6600 -0.7043
vn -0.2701 -0.6720 -0.6895
vn -0.1795 -0.6840 -0.7071
vn -0.0890 -0.7043 -0.7043
vn 0.0890 -0.7043 -0.7043
vn 0.1795 -0.6840 -0.7071
vn 0.6388 0.3066 -0.7056
vn 0.5721 0.4180 -0.7056
vn 0.5722 0.4180 -0.7056
vn 0.7049 -0.0728 -0.7056
vn 0.7063 0.0570 -0.7056
vn 0.6940 0.1358 -0.7070
vn 0.7462 0.2017 -0.6344
vn 0.6795 0.1991 -0.7062
vn 0.7142 -0.2179 -0.6652
vn 0.6924 -0.1435 -0.7071
vn 0.7048 -0.0728 -0.7056
vn 0.6797 -0.2002 -0.7056
vn 0.6318 -0.3208 -0.7056
vn 0.5626 -0.4307 -0.7056
vn 0.4746 -0.5262 -0.7056
vn 0.3707 -0.6039 -0.7056
vn 0.3706 -0.6039 -0.7056
vn 0.2542 -0.6614 -0.7056
vn 0.1293 -0.6967 -0.7056
vn -0.0000 -0.7086 -0.7056
vn -0.1293 -0.6967 -0.7056
vn -0.2542 -0.6614 -0.7056
vn -0.3706 -0.6039 -0.7056
vn -0.4746 -0.5262 -0.7056
vn -0.5626 -0.4307 -0.7056
vn -0.6318 -0.3208 -0.7056
vn -0.6797 -0.2002 -0.7056
vn -0.7049 -0.0728 -0.7056
vn -0.7048 -0.0728 -0.7056
vn -0.7063 0.0570 -0.7056
vn -0.6840 0.1849 -0.7056
vn -0.6388 0.3066 -0.7056
vn -0.5721 0.4180 -0.7056
vn -0.7045 0.0853 -0.7045
vn -0.6638 0.2509 -0.7045
vn -0.5848 0.4020 -0.7045
vn 0.5848 0.4020 -0.7045
vn 0.6638 0.2509 -0.7045
vn 0.7045 0.0853 -0.7045
vn -0.7002 0.7002 -0.1393
vn -0.7002 0.5936 -0.3966
vn -0.7002 0.3966 -0.5936
vn -0.7002 0.1393 -0.7002
vn 0.7002 0.1393 -0.7002
vn 0.7002 0.3966 -0.5936
vn 0.7002 0.5936 -0.3966
vn 0.7002 0.7002 -0.1393
vn -0.7002 0.7002 0.1393
vn -0.5936 0.7002 0.3966
vn -0.3966 0.7002 0.5936
vn -0.1393 0.7002 0.7002
vn 0.1393 0.7002 0.7002
vn 0.3966 0.7002 0.5936
vn 0.5936 0.7002 0.3966
vn 0.7002 0.7002 0.1393
vn 0.4242 -0.5657 0.7071
vn 0.3706 -0.6039 0.7056
vn 0.3707 -0.6039 0.7056
vn 0.2542 -0.6614 0.7056
vn 0.1293 -0.6967 0.7056
vn -0.0000 -0.7086 0.7056
vn -0.1293 -0.6967 0.7056
vn -0.2542 -0.6614 0.7056
vn -0.3706 -0.6039 0.7056
vn -0.4746 -0.5262 0.7056
vn -0.5627 -0.4307 0.7056
vn -0.5626 -0.4307 0.7056
vn -0.6318 -0.3209 0.7056
vn -0.6318 -0.3208 0.7056
vn -0.6797 -0.2002 0.7056
vn -0.7048 -0.0728 0.7056
vn -0.7063 0.0570 0.7056
vn -0.6840 0.1849 0.7056
vn -0.6841 0.1849 0.7056
vn -0.6388 0.3066 0.7056
vn -0.5722 0.4180 0.7056
vn -0.5721 0.4180 0.7056
vn 0.4544 -0.5460 0.7039
vn 0.5358 -0.5939 0.6002
vn 0.5007 -0.5029 0.7045
vn 0.5191 -0.4801 0.7071
vn 0.5627 -0.4307 0.7056
vn 0.5626 -0.4307 0.7056
vn 0.6318 -0.3208 0.7056
vn 0.6318 -0.3209 0.7056
vn 0.6775 -0.2067 0.7059
vn 0.7121 -0.2097 0.6700
vn 0.6924 -0.1435 0.7071
vn 0.7048 -0.0728 0.7056
vn 0.7063 0.0570 0.7056
vn 0.6841 0.1849 0.7056
vn 0.6840 0.1849 0.7056
vn 0.6388 0.3066 0.7056
vn 0.5721 0.4180 0.7056
vn 0.5722 0.4180 0.7056
vn 0.7045 0.0853 0.7045
vn 0.6638 0.2509 0.7045
vn 0.5848 0.4020 0.7045
vn -0.5848 0.4020 0.7045
vn -0.5848 0.4021 0.7045
vn -0.6638 0.2509 0.7045
vn -0.7045 0.0853 0.7045
vn 0.7002 -0.7002 0.1393
vn 0.6690 -0.7317 0.1307
vn 0.7070 -0.6585 0.2577
vn 0.7002 -0.5936 0.3966
vn 0.7002 -0.3966 0.5936
vn 0.7015 -0.1253 0.7015
vn 0.6737 -0.1442 0.7248
vn 0.7070 -0.2577 0.6586
vn -0.7002 -0.1393 0.7002
vn -0.6690 -0.1307 0.7317
vn -0.7070 -0.2577 0.6586
vn -0.7002 -0.3966 0.5936
vn -0.7002 -0.5936 0.3966
vn -0.7015 -0.7015 0.1253
vn -0.6738 -0.7248 0.1442
vn -0.7070 -0.6585 0.2578
vn 0.5936 -0.7002 0.3966
vn 0.3966 -0.7002 0.5936
vn 0.1393 -0.7002 0.7002
vn -0.1393 -0.7002 0.7002
vn -0.3966 -0.7002 0.5936
vn -0.5936 -0.7002 0.3966
vn -0.7002 -0.7002 0.1393
vn -0.2935 -0.0128 -0.9559
vn -0.1949 -0.0419 -0.9799
vn -0.0919 0.0089 -0.9957
vn -0.2147 -0.0588 -0.9749
vn -0.1334 -0.0210 -0.9908
vn -0.0920 -0.0088 -0.9957
vn -0.0624 -0.0036 -0.9980
vn -0.0428 -0.0015 -0.9991
vn -0.0250 -0.0000 -0.9997
vn -0.0428 0.0015 -0.9991
vn -0.0622 0.0037 -0.9981
vn -0.1333 0.0213 -0.9909
vn -0.1869 0.0465 -0.9813
vn -0.1948 0.0520 -0.9795
vn -0.2655 0.0204 -0.9639
vn -0.3620 -0.0056 -0.9322
vn -0.5555 0.0211 -0.8313
vn -0.5174 0.0612 -0.8535
vn -0.5744 0.0268 -0.8182
vn -0.6051 -0.0115 -0.7961
vn -0.5741 -0.0266 -0.8184
vn -0.5170 -0.0607 -0.8538
vn -0.5555 -0.0208 -0.8313
vn -0.4040 -0.0000 -0.9148
vn -0.3417 -0.0000 -0.9398
vn -0.6051 0.0116 -0.7960
vn -0.6318 -0.0000 -0.7751
vn -0.8315 -0.0000 -0.5556
vn -0.9808 -0.0000 -0.1951
vn 0.1949 0.0388 -0.9800
vn 0.2555 0.0940 -0.9622
vn 0.1869 0.0465 -0.9813
vn 0.1332 0.0213 -0.9909
vn 0.0919 0.0089 -0.9957
vn 0.0623 0.0037 -0.9981
vn 0.0427 0.0015 -0.9991
vn 0.0250 -0.0000 -0.9997
vn 0.0427 -0.0015 -0.9991
vn 0.0625 -0.0036 -0.9980
vn 0.0920 -0.0088 -0.9957
vn 0.1334 -0.0210 -0.9908
vn 0.1949 -0.0495 -0.9796
vn 0.2219 -0.0340 -0.9745
vn 0.2933 -0.0128 -0.9559
vn 0.3621 0.0055 -0.9321
vn 0.5555 -0.0208 -0.8313
vn 0.5170 -0.0607 -0.8538
vn 0.5741 -0.0266 -0.8183
vn 0.6051 0.0116 -0.7961
vn 0.5744 0.0268 -0.8181
vn 0.5552 0.0387 -0.8308
vn 0.4793 0.0103 -0.8776
vn 0.3620 -0.0056 -0.9322
vn 0.9808 -0.0000 -0.1951
vn 0.8315 -0.0000 -0.5556
vn 0.6318 -0.0000 -0.7751
vn 0.6049 -0.0115 -0.7962
vn 0.2560 -0.0927 0.9622
vn 0.1949 -0.0380 0.9801
vn 0.1871 -0.0459 0.9813
vn 0.1334 -0.0210 0.9908
vn 0.0920 -0.0088 0.9957
vn 0.0623 -0.0036 0.9980
vn 0.0430 -0.0015 0.9991
vn 0.0249 -0.0000 0.9997
vn 0.0431 0.0015 0.9991
vn 0.0623 0.0036 0.9981
vn 0.0921 0.0089 0.9957
vn 0.1334 0.0210 0.9908
vn 0.1151 0.0125 0.9933
vn 0.2328 -0.0046 0.9725
vn 0.2879 0.0055 0.9577
vn 0.2934 0.0044 0.9560
vn 0.3620 -0.0058 0.9322
vn 0.3963 0.0025 0.9181
vn 0.6150 0.0135 0.7884
vn 0.5948 -0.0111 0.8038
vn 0.5244 0.0709 0.8485
vn 0.5827 0.0318 0.8121
vn 0.6050 -0.0115 0.7962
vn 0.5741 -0.0266 0.8184
vn 0.5170 -0.0607 0.8538
vn 0.5555 -0.0208 0.8313
vn 0.3851 0.0025 0.9229
vn 0.3238 -0.0048 0.9461
vn 0.6374 0.0025 0.7705
vn 0.8315 -0.0042 0.5556
vn 0.8501 0.0063 0.5267
vn 0.9808 -0.0061 0.1951
vn 0.9846 -0.0000 0.1747
vn -0.3232 -0.0000 0.9463
vn -0.2879 0.0052 0.9577
vn -0.2937 0.0065 0.9559
vn -0.1146 -0.0256 0.9931
vn -0.0920 -0.0089 0.9957
vn -0.2148 0.0588 0.9749
vn -0.1334 0.0210 0.9908
vn -0.0921 0.0089 0.9957
vn -0.0624 0.0036 0.9980
vn -0.0431 0.0015 0.9991
vn -0.0249 -0.0000 0.9997
vn -0.0430 -0.0015 0.9991
vn -0.0623 -0.0036 0.9981
vn -0.1334 -0.0210 0.9908
vn -0.1872 -0.0459 0.9813
vn -0.1948 -0.0511 0.9795
vn -0.2656 -0.0200 0.9639
vn -0.3620 0.0055 0.9321
vn -0.5555 -0.0208 0.8313
vn -0.5170 -0.0607 0.8538
vn -0.5741 -0.0266 0.8183
vn -0.6050 -0.0115 0.7961
vn -0.5745 0.0268 0.8181
vn -0.5174 0.0612 0.8535
vn -0.3859 -0.0000 0.9225
vn -0.3963 0.0025 0.9181
vn -0.5838 -0.0103 0.8118
vn -0.9846 -0.0068 0.1747
vn -0.8501 0.0063 0.5267
vn -0.8315 -0.0042 0.5556
vn -0.7167 -0.0000 0.6973
vn -0.6318 -0.0000 0.7751
vn -0.6052 0.0116 0.7960
vn -0.1393 0.7002 -0.7002
vn -0.3966 0.7002 -0.5936
vn -0.5936 0.7002 -0.3966
vn 0.5936 0.7002 -0.3966
vn 0.3966 0.7002 -0.5936
vn 0.1393 0.7002 -0.7002
vn -0.0732 -0.7052 0.7052
vn -0.0662 -0.7122 0.6989
vn -0.1873 -0.7162 0.6723
vn -0.2120 -0.7034 0.6784
vn -0.2603 -0.7392 0.6211
vn 0.0670 -0.7055 0.7055
vn 0.0722 -0.7126 0.6978
vn 0.2080 -0.7158 0.6666
vn 0.1953 -0.6902 0.6968
vn 0.2603 -0.7392 0.6211
vn -0.3956 -0.7355 0.5501
vn -0.4120 -0.7213 0.5567
vn -0.6679 -0.7347 0.1185
vn -0.5783 -0.7329 0.3583
vn -0.4822 -0.7399 0.4691
vn 0.6679 -0.7347 0.1185
vn 0.5783 -0.7329 0.3583
vn 0.4035 -0.7347 0.5453
vn -0.6727 -0.7399 -0.0000
vn 0.6727 -0.7399 -0.0000
vn -0.6667 -0.7334 -0.1326
vn -0.5652 -0.7334 -0.3777
vn -0.3777 -0.7334 -0.5652
vn -0.1326 -0.7334 -0.6667
vn 0.1326 -0.7334 -0.6667
vn 0.3777 -0.7334 -0.5652
vn 0.5652 -0.7334 -0.3777
vn 0.6667 -0.7334 -0.1326
vn -0.0000 -0.7399 -0.6727
vn -0.7399 -0.6727 -0.0000
vn 0.7399 -0.6727 -0.0000
vn 0.8592 -0.5117 -0.0000
vn 0.9440 -0.3301 -0.0000
vn 0.9842 -0.1772 -0.0000
vn 0.9908 -0.1352 -0.0017
vn 0.9979 0.0651 -0.0007
vn 0.9986 0.0529 -0.0000
vn 0.9970 -0.0776 -0.0000
vn 0.9649 0.2628 -0.0016
vn 0.9799 0.1993 -0.0000
vn 0.9883 0.1527 -0.0000
vn 0.7854 0.6189 -0.0017
vn 0.8085 0.5886 -0.0000
vn 0.8931 0.4499 -0.0000
vn 0.9550 0.2965 -0.0000
vn 0.4811 0.8767 -0.0017
vn 0.5290 0.8486 -0.0000
vn 0.6462 0.7631 -0.0000
vn 0.7454 0.6666 -0.0000
vn -0.2966 0.9550 -0.0010
vn -0.2163 0.9763 -0.0000
vn -0.1002 0.9950 -0.0000
vn 0.1002 0.9950 -0.0000
vn 0.2966 0.9550 -0.0000
vn 0.4413 0.8974 -0.0000
vn -0.6462 0.7631 -0.0017
vn -0.6029 0.7979 -0.0000
vn -0.4811 0.8767 -0.0000
vn -0.3131 0.9497 -0.0000
vn -0.8931 0.4499 -0.0014
vn -0.8573 0.5147 -0.0000
vn -0.7854 0.6189 -0.0000
vn -0.6798 0.7334 -0.0000
vn -0.8592 -0.5117 -0.0000
vn -0.9440 -0.3301 -0.0000
vn -0.9908 -0.1352 -0.0000
vn -0.9979 0.0651 -0.0000
vn -0.9649 0.2628 -0.0000
vn -0.9046 0.4262 -0.0000
vn 0.6724 0.7402 -0.0000
vn -0.5145 0.8575 -0.0000
vn -0.6724 0.7402 -0.0000
vn -0.5981 0.8014 -0.0000
vn -0.6089 0.7932 -0.0000
vn -0.6513 0.7588 0.0005
vn 0.5981 0.8014 -0.0066
vn 0.7374 0.6754 0.0069
vn 0.7085 0.7057 0.0039
vn 0.6513 0.7588 0.0007
vn 0.5145 0.8575 -0.0000
vn 0.7991 0.6012 -0.0000
vn 0.8994 0.4371 -0.0000
vn 0.9665 0.2568 -0.0000
vn 0.9978 0.0669 -0.0000
vn 0.9921 -0.1254 -0.0000
vn 0.9497 -0.3130 -0.0000
vn 0.8722 -0.4891 -0.0000
vn 0.7624 -0.6471 -0.0000
vn 0.6869 -0.7268 -0.0000
vn 0.6244 -0.7811 0.0008
vn 0.6495 -0.7604 0.0028
vn -0.6244 -0.7811 -0.0000
vn -0.4633 -0.8862 -0.0000
vn -0.2850 -0.9585 -0.0000
vn -0.0962 -0.9954 -0.0000
vn 0.0962 -0.9954 -0.0000
vn 0.2850 -0.9585 -0.0000
vn 0.4633 -0.8862 -0.0000
vn 0.5560 -0.8312 -0.0000
vn 0.5937 -0.8047 0.0004
vn -0.7085 0.7057 0.0034
vn -0.7374 0.6754 0.0063
vn -0.7991 0.6012 -0.0000
vn -0.8994 0.4371 -0.0000
vn -0.9665 0.2568 -0.0000
vn -0.9978 0.0669 -0.0000
vn -0.9921 -0.1254 -0.0000
vn -0.9497 -0.3130 -0.0000
vn -0.8722 -0.4891 -0.0000
vn -0.7799 -0.6259 -0.0000
vn -0.7624 -0.6471 0.0014
vn -0.7161 -0.6980 -0.0000
vn -0.1161 -0.9932 -0.0000
vn -0.3420 -0.9397 -0.0000
vn -0.5495 -0.8355 -0.0000
vn -0.7274 -0.6862 -0.0000
vn -0.8660 -0.5000 -0.0000
vn -0.9580 -0.2868 -0.0000
vn -0.9983 -0.0581 -0.0000
vn -0.9848 0.1736 -0.0000
vn -0.9182 0.3961 -0.0000
vn -0.8021 0.5972 -0.0000
vn -0.6428 0.7660 -0.0000
vn -0.4488 0.8936 -0.0000
vn -0.2306 0.9730 -0.0000
vn 0.2306 0.9730 -0.0000
vn 0.4488 0.8936 -0.0000
vn 0.6428 0.7660 -0.0000
vn 0.8021 0.5972 -0.0000
vn 0.9182 0.3961 -0.0000
vn 0.9848 0.1736 -0.0000
vn 0.9983 -0.0581 -0.0000
vn 0.9580 -0.2868 -0.0000
vn 0.8660 -0.5000 -0.0000
vn 0.7274 -0.6862 -0.0000
vn 0.5495 -0.8355 -0.0000
vn 0.3420 -0.9397 -0.0000
vn 0.1161 -0.9932 -0.0000
vn -0.0691 0.9173 -0.3921
vn 0.0687 0.8944 -0.4419
vn 0.0980 0.9307 -0.3525
vn 0.1511 0.9521 -0.2657
vn 0.1864 0.9677 -0.1696
vn 0.2583 0.9494 -0.1784
vn 0.5653 0.8095 -0.1587
vn 0.6244 0.7645 -0.1603
vn 0.2553 -0.9134 0.3170
vn 0.3086 -0.9062 0.2890
vn 0.4353 -0.8706 0.2294
vn 0.6416 -0.7611 0.0954
vn 0.6726 -0.7360 0.0762
vn 0.8626 -0.4930 -0.1137
vn 0.8796 -0.4569 -0.1327
vn 0.9409 -0.1774 -0.2886
vn 0.9427 -0.1363 -0.3045
vn 0.8980 0.1398 -0.4171
vn 0.8858 0.1808 -0.4274
vn 0.7344 0.4593 -0.4997
vn 0.7091 0.4952 -0.5020
vn 0.4412 0.7368 -0.5123
vn 0.4055 0.7618 -0.5052
vn 0.1225 0.8827 -0.4537
vn 0.1307 0.9229 -0.3621
vn 0.4774 0.7813 -0.4021
vn 0.5055 0.7612 -0.4062
vn 0.7722 0.5057 -0.3846
vn 0.7912 0.4768 -0.3829
vn 0.9320 0.1815 -0.3136
vn 0.9400 0.1485 -0.3071
vn 0.9673 -0.1449 -0.2081
vn 0.9638 -0.1781 -0.1984
vn 0.8777 -0.4744 -0.0677
vn 0.8621 -0.5035 -0.0566
vn 0.6421 -0.7605 0.0967
vn 0.6156 -0.7807 0.1074
vn 0.2949 -0.9230 0.2474
vn 0.2618 -0.9307 0.2556
vn 0.1758 0.9464 -0.2708
vn 0.5310 0.7977 -0.2859
vn 0.5519 0.7826 -0.2881
vn 0.8176 0.5144 -0.2587
vn 0.8313 0.4924 -0.2579
vn 0.9634 0.1818 -0.1968
vn 0.9685 0.1567 -0.1935
vn 0.9817 -0.1526 -0.1143
vn 0.9780 -0.1777 -0.1095
vn 0.8718 -0.4897 -0.0107
vn 0.8592 -0.5116 -0.0057
vn 0.6150 -0.7816 0.1043
vn 0.5945 -0.7967 0.1087
vn 0.2508 -0.9464 0.2037
vn 0.2257 -0.9521 0.2064
vn 0.8046 0.5778 -0.1374
vn 0.8449 0.5201 -0.1252
vn 0.9049 0.4097 -0.1156
vn 0.9803 0.1805 -0.0802
vn 0.9833 0.1638 -0.0792
vn 0.9869 -0.1598 -0.0240
vn 0.9648 -0.2624 -0.0153
vn 0.8642 -0.5012 0.0437
vn 0.8062 -0.5890 0.0555
vn 0.5938 -0.7980 0.1027
vn 0.6257 -0.7734 0.1012
vn 0.2190 -0.9653 0.1425
vn 0.2587 -0.9551 0.1442
vn -0.7066 -0.7066 0.0395
vn -0.7396 -0.6718 0.0411
vn -0.9065 -0.4215 0.0258
vn -0.9659 -0.2588 0.0102
vn -0.9849 -0.1726 0.0106
vn -0.9658 0.2588 -0.0158
vn -0.7064 0.7064 -0.0432
vn -0.3538 0.9336 -0.0571
vn -0.2583 0.9639 -0.0651
vn -0.1001 0.9931 -0.0607
vn 0.2584 0.9642 -0.0590
vn 0.7064 0.7064 -0.0432
vn 0.6253 0.7782 -0.0582
vn 0.8058 0.5911 -0.0361
vn 0.9658 0.2588 -0.0158
vn 0.9067 0.4196 -0.0423
vn 0.9849 0.1726 -0.0106
vn 0.9658 -0.2588 0.0158
vn 0.8058 -0.5911 0.0361
vn 0.7066 -0.7066 0.0371
vn 0.6251 -0.7791 0.0476
vn 0.2584 -0.9642 0.0590
vn -0.1001 -0.9931 0.0607
vn -0.2585 -0.9646 0.0531
vn -0.3538 -0.9336 0.0571
vn -0.5403 -0.8399 0.0514
vn -0.0857 0.9028 -0.4213
vn -0.0836 0.9017 -0.4242
vn 0.1033 0.8658 -0.4896
vn 0.1052 0.8641 -0.4922
vn 0.2918 0.7907 -0.5382
vn 0.4070 0.6124 -0.6777
vn 0.3830 0.7370 -0.5569
vn 0.6215 0.5437 -0.5640
vn 0.6588 0.4387 -0.6112
vn 0.7431 0.3898 -0.5439
vn 0.8153 0.2681 -0.5132
vn 0.8477 0.1372 -0.5124
vn 0.8778 0.1138 -0.4654
vn 0.9255 -0.1571 -0.3448
vn 0.8973 -0.1374 -0.4196
vn 0.9196 -0.2654 -0.2896
vn 0.8966 -0.3873 -0.2146
vn 0.7772 -0.5914 -0.2150
vn 0.8668 -0.4719 -0.1614
vn 0.7350 -0.6780 0.0090
vn 0.6377 -0.7703 0.0047
vn 0.6011 -0.7893 0.1251
vn 0.4430 -0.8641 0.2390
vn 0.4396 -0.8659 0.2388
vn 0.2686 -0.9017 0.3388
vn 0.2652 -0.9029 0.3384
vn -0.7071 0.7019 -0.0861
vn 0.0697 -0.9167 0.3935
vn 0.0033 -0.9432 0.3321
vn -0.6927 0.7175 -0.0737
vn -0.8595 0.5112 0.0033
vn -0.8714 0.4904 0.0130
vn -0.9783 0.1773 0.1075
vn -0.9813 0.1532 0.1163
vn -0.9688 -0.1572 0.1914
vn -0.9631 -0.1812 0.1988
vn -0.8316 -0.4930 0.2555
vn -0.8173 -0.5138 0.2610
vn -0.6351 -0.7187 0.2829
vn -0.6152 -0.7350 0.2851
vn -0.4639 -0.8383 0.2865
vn -0.4411 -0.8503 0.2872
vn -0.2727 -0.9212 0.2776
vn -0.2480 -0.9284 0.2768
vn -0.0740 -0.9635 0.2572
vn -0.0484 -0.9657 0.2550
vn 0.0277 -0.9132 0.4065
vn -0.1227 -0.8829 0.4532
vn -0.1642 -0.8714 0.4623
vn -0.3138 -0.8104 0.4948
vn -0.3531 -0.7911 0.4994
vn -0.4916 -0.7023 0.5148
vn -0.5270 -0.6762 0.5148
vn -0.7079 -0.4938 0.5050
vn -0.7356 -0.4607 0.4966
vn -0.8848 -0.1795 0.4300
vn -0.8991 -0.1409 0.4144
vn -0.9417 0.1376 0.3070
vn -0.9419 0.1763 0.2859
vn -0.8783 0.4585 0.1356
vn -0.8637 0.4917 0.1106
vn -0.7374 0.6751 -0.0198
vn -0.7115 0.7014 -0.0439
vn -0.0306 -0.9404 0.3387
vn -0.1936 -0.9076 0.3726
vn -0.2268 -0.8981 0.3767
vn -0.3864 -0.8320 0.3980
vn -0.4173 -0.8164 0.3992
vn -0.5627 -0.7201 0.4060
vn -0.5900 -0.6989 0.4043
vn -0.7715 -0.5048 0.3873
vn -0.7920 -0.4778 0.3800
vn -0.9314 -0.1806 0.3160
vn -0.9407 -0.1493 0.3046
vn -0.9667 0.1459 0.2105
vn -0.9644 0.1773 0.1960
vn -0.8769 0.4755 0.0704
vn -0.8628 0.5027 0.0537
vn -0.7143 0.6979 -0.0526
vn -0.6914 0.7192 -0.0679
vn -0.6745 0.7337 -0.0820
vn -0.6760 0.7304 -0.0972
vn -0.8634 0.5035 -0.0336
vn -0.9655 0.2605 -0.0015
vn -0.9868 0.1601 0.0255
vn -0.9834 -0.1640 0.0777
vn -0.9802 -0.1802 0.0817
vn -0.9049 -0.4098 0.1148
vn -0.8444 -0.5184 0.1350
vn -0.7389 -0.6587 0.1420
vn -0.6481 -0.7450 0.1580
vn -0.5400 -0.8253 0.1651
vn -0.4761 -0.8629 0.1695
vn -0.3539 -0.9201 0.1680
vn -0.2838 -0.9434 0.1720
vn -0.1002 -0.9807 0.1678
vn -0.0833 -0.9823 0.1680
vn -0.4346 0.8713 -0.2280
vn -0.3980 0.8828 -0.2496
vn -0.3855 0.8981 -0.2117
vn -0.3548 0.9075 -0.2249
vn -0.3453 0.9210 -0.1804
vn -0.3215 0.9282 -0.1872
vn -0.1246 0.9657 -0.2277
vn -0.1496 0.9635 -0.2220
vn -0.1638 0.9432 -0.2889
vn -0.1965 0.9404 -0.2775
vn -0.2159 0.9167 -0.3363
vn -0.2555 0.9132 -0.3174
vn -0.5990 0.7907 -0.1268
vn -0.5669 0.8100 -0.1502
vn -0.5620 0.8160 -0.1352
vn -0.5346 0.8317 -0.1498
vn -0.5304 0.8377 -0.1300
vn -0.5089 0.8497 -0.1377
vn -0.5065 0.8547 -0.1142
vn -0.3170 0.9375 -0.1434
vn -0.3543 0.9252 -0.1360
vn -0.1171 0.9807 -0.1565
vn -0.1002 0.9823 -0.1585
vn 0.9130 -0.2726 -0.3036
vn 0.3409 -0.9070 0.2473
vn 0.2525 -0.9185 0.3043
vn 0.4238 -0.8838 0.1985
vn 0.6540 -0.7557 0.0337
vn 0.5875 -0.8034 0.0966
vn 0.7191 -0.6945 -0.0242
vn 0.8576 -0.4799 -0.1849
vn 0.8245 -0.5511 -0.1283
vn 0.8868 -0.3978 -0.2353
vn 0.7532 0.4010 -0.5214
vn 0.6929 0.4799 -0.5381
vn 0.8195 0.2726 -0.5042
vn 0.8191 0.2733 -0.5044
vn 0.8794 0.1156 -0.4618
vn 0.8793 0.1157 -0.4619
vn 0.9191 -0.1155 -0.3768
vn 0.9191 -0.1157 -0.3767
vn 0.9129 -0.2732 -0.3033
vn 0.6312 0.5543 -0.5426
vn 0.4808 0.6945 -0.5353
vn 0.3964 0.7574 -0.5189
vn -0.0673 0.9219 -0.3816
vn 0.0315 0.9085 -0.4166
vn 0.1205 0.8839 -0.4520
vn 0.3071 0.8069 -0.5045
vn 0.0867 -0.9020 0.4230
vn 0.0828 -0.9026 0.4224
vn -0.1024 -0.8649 0.4913
vn -0.1061 -0.8650 0.4904
vn -0.2909 -0.7898 0.5400
vn -0.2945 -0.7893 0.5387
vn -0.4672 -0.6799 0.5652
vn -0.4706 -0.6789 0.5635
vn -0.6207 -0.5428 0.5658
vn -0.7096 -0.4959 0.5005
vn -0.7438 -0.3907 0.5423
vn -0.8157 -0.2663 0.5136
vn -0.8791 -0.1725 0.4443
vn -0.8792 -0.1136 0.4626
vn -0.9221 0.1108 0.3707
vn -0.9400 0.1398 0.3113
vn -0.9202 0.2637 0.2894
vn -0.8958 0.3882 0.2163
vn -0.8905 0.4425 0.1057
vn -0.8350 0.5397 0.1074
vn -0.7344 0.6787 -0.0062
vn -0.7332 0.6799 -0.0106
vn -0.6011 0.7893 -0.1251
vn -0.5998 0.7898 -0.1285
vn -0.4421 0.8650 -0.2373
vn -0.4405 0.8649 -0.2406
vn -0.2679 0.9026 -0.3370
vn -0.2660 0.9020 -0.3401
vn 0.5924 0.7070 -0.3863
vn 0.7439 0.5980 -0.2985
vn 0.8439 -0.2577 -0.4706
vn 0.8236 -0.1826 -0.5370
vn 0.8092 0.2587 -0.5276
vn 0.8711 0.1822 -0.4560
vn 0.7560 0.4307 -0.4929
vn -0.2170 -0.9659 0.1413
vn 0.2167 -0.9659 -0.1415
vn 0.2169 -0.9659 -0.1414
vn 0.5146 -0.7891 -0.3355
vn 0.6338 -0.7037 -0.3211
vn 0.6681 -0.6032 -0.4356
vn 0.7560 -0.4307 -0.4929
vn -0.5549 -0.7064 0.4394
vn -0.5162 -0.7876 0.3366
vn -0.2168 -0.9659 0.1413
vn -0.7779 -0.2587 0.5726
vn -0.7573 -0.4276 0.4937
vn -0.6694 -0.6012 0.4364
vn -0.7801 0.2587 0.5696
vn -0.8227 0.1883 0.5364
vn -0.8241 -0.1791 0.5373
vn 0.5146 0.7891 -0.3355
vn 0.2168 0.9659 -0.1413
vn 0.2168 0.9659 -0.1416
vn -0.2169 0.9659 0.1412
vn -0.2169 0.9659 0.1414
vn -0.5096 0.7937 0.3323
vn -0.5546 0.7064 0.4398
vn -0.6643 0.6092 0.4331
vn -0.7539 0.4360 0.4915
vn 0.1814 -0.9815 -0.0617
vn 0.8822 -0.4302 -0.1914
vn 0.1600 0.9797 -0.1209
vn 0.1506 0.9817 -0.1163
vn 0.5187 0.8293 -0.2079
vn 0.4665 0.8665 -0.1777
vn 0.8018 0.5408 -0.2543
vn 0.8729 0.4318 -0.2270
vn 0.7244 0.6430 -0.2486
vn 0.9560 -0.1765 -0.2345
vn 0.9445 -0.2602 -0.2004
vn 0.9667 -0.0828 -0.2420
vn 0.9469 0.1861 -0.2622
vn 0.9681 0.0916 -0.2334
vn 0.9273 0.2683 -0.2609
vn 0.5233 -0.8497 -0.0643
vn 0.2346 -0.9719 0.0195
vn 0.2149 -0.9762 0.0301
vn 0.0379 -0.9966 0.0728
vn 0.2221 0.9660 -0.1326
vn 0.1725 0.9812 -0.0864
vn 0.5370 0.7890 -0.2987
vn 0.4982 0.8260 -0.2635
vn 0.7127 0.6021 -0.3598
vn 0.7507 0.5326 -0.3909
vn 0.8086 0.4295 -0.4021
vn 0.8839 0.1818 -0.4308
vn 0.8843 0.1768 -0.4322
vn 0.8878 -0.1817 -0.4228
vn 0.8865 -0.1866 -0.4234
vn 0.8182 -0.4287 -0.3830
vn 0.7575 -0.5409 -0.3654
vn 0.7260 -0.6007 -0.3346
vn 0.5643 -0.7866 -0.2506
vn 0.7633 -0.6356 -0.1158
vn 0.8250 -0.5329 -0.1882
vn 0.5679 -0.8204 -0.0671
vn 0.5063 -0.8295 -0.2358
vn 0.2551 -0.9638 -0.0776
vn -0.6269 -0.7194 0.2991
vn -0.6583 -0.7281 0.1909
vn -0.4460 -0.8901 0.0936
vn -0.3966 -0.8740 -0.2808
vn -0.2753 -0.9496 0.1498
vn -0.0865 -0.9884 0.1244
vn -0.0734 -0.9579 -0.2775
vn 0.0145 -0.9971 -0.0741
vn 0.2790 -0.8839 0.3754
vn 0.2573 -0.9239 -0.2833
vn 0.5583 -0.7801 0.2825
vn 0.5094 -0.7483 -0.4250
vn 0.7658 -0.5208 0.3772
vn 0.8033 0.1581 -0.5742
vn 0.9929 0.1131 -0.0356
vn 0.9819 0.0034 -0.1896
vn 0.9950 -0.0644 -0.0762
vn 0.8700 -0.2194 -0.4416
vn 0.9665 -0.2464 -0.0726
vn 0.8961 -0.4249 -0.1279
vn -0.6853 0.7146 -0.1404
vn -0.4292 0.8763 0.2190
vn -0.4458 0.8462 -0.2921
vn -0.1318 0.9809 0.1432
vn -0.1305 0.8832 -0.4505
vn 0.1917 0.9586 0.2104
vn 0.1932 0.8727 -0.4484
vn 0.4919 0.8506 0.1858
vn 0.4606 0.7129 -0.5288
vn 0.7409 0.6466 0.1814
vn 0.6517 0.4423 -0.6162
vn 0.8897 0.4442 -0.1058
vn 0.9198 0.2642 -0.2902
vn -0.6697 0.7414 0.0431
vn -0.7399 0.6710 0.0483
vn -0.6923 0.6999 -0.1758
vn -0.6762 0.7365 0.0190
vn -0.4214 0.9061 -0.0382
vn -0.0815 0.9918 -0.0988
vn 0.2289 0.9630 -0.1422
vn 0.2779 0.9592 0.0513
vn 0.3808 0.9108 -0.1592
vn 0.5565 0.8123 -0.1745
vn 0.5564 0.8124 -0.1745
vn 0.8114 0.5548 -0.1839
vn 0.8112 0.5551 -0.1840
vn 0.9590 0.2270 -0.1694
vn 0.9590 0.2271 -0.1694
vn 0.9885 0.0177 -0.1504
vn 0.9920 0.0105 -0.1257
vn 0.9890 -0.0303 -0.1450
vn 0.9731 -0.1938 -0.1244
vn 0.9731 -0.1939 -0.1244
vn 0.6962 -0.5006 -0.5145
vn 0.8662 -0.4993 -0.0206
vn 0.8619 -0.5018 -0.0732
vn -0.6589 -0.7302 0.1807
vn -0.3681 -0.9163 0.1579
vn -0.0165 -0.9934 0.1137
vn 0.3282 -0.9429 0.0563
vn 0.5698 -0.8218 0.0065
vn 0.6364 -0.6562 0.4054
vn 0.7034 -0.7104 -0.0260
vn 0.7599 -0.6487 -0.0414
vn 0.9930 -0.0103 -0.1173
vn 0.9751 0.1150 -0.1899
vn 0.9696 0.2438 0.0199
vn 0.8925 0.3582 -0.2742
vn 0.8215 0.5646 0.0791
vn -0.6759 0.7337 0.0695
vn -0.6520 0.7466 0.1324
vn -0.4676 0.8790 -0.0932
vn -0.3438 0.8869 0.3087
vn -0.2432 0.9586 -0.1482
vn 0.0122 0.8882 0.4593
vn -0.0647 0.4833 -0.8731
vn 0.8183 0.5733 0.0406
vn 0.6916 0.7011 -0.1737
vn 0.5753 0.8133 0.0872
vn 0.3656 0.7267 -0.5816
vn 0.3780 0.9086 -0.1773
vn 0.2582 0.9598 0.1100
vn 0.8574 -0.5046 -0.1012
vn 0.7554 -0.6516 -0.0694
vn 0.7382 -0.6713 -0.0660
vn 0.7003 -0.7124 -0.0452
vn 0.5215 -0.8425 -0.1349
vn 0.5324 -0.8277 -0.1772
vn 0.1803 -0.9550 0.2355
vn 0.2905 -0.9449 -0.1507
vn -0.0707 -0.9829 0.1699
vn -0.0214 -0.9965 0.0805
vn -0.4043 -0.9115 0.0760
vn -0.3850 -0.9228 0.0179
vn -0.6800 -0.7076 0.1919
vn -0.6637 -0.7337 0.1457
vn 0.8059 -0.5721 0.1527
vn 0.9036 -0.3963 -0.1626
vn 0.9808 -0.1860 -0.0581
vn 0.9789 -0.1416 -0.1475
vn 0.9901 -0.0294 -0.1370
vn 0.9900 0.0189 -0.1400
vn 0.7937 0.2588 -0.5505
vn 0.5810 0.7071 -0.4030
vn 0.2127 0.9659 -0.1475
vn -0.2127 0.9659 0.1475
vn -0.5810 0.7071 0.4030
vn -0.7937 0.2588 0.5505
vn -0.7937 -0.2588 0.5505
vn -0.5810 -0.7071 0.4030
vn -0.2127 -0.9659 0.1475
vn 0.2127 -0.9659 -0.1475
vn 0.5810 -0.7071 -0.4030
vn 0.7937 -0.2588 -0.5505
vn 0.2564 0.9644 -0.0648
vn 0.1842 0.9685 -0.1676
vn 0.1477 0.9525 -0.2662
vn 0.0950 0.9309 -0.3527
vn 0.0669 0.9379 -0.3405
vn 0.4580 0.7695 -0.4450
vn 0.4333 0.7877 -0.4379
vn 0.7436 0.4819 -0.4635
vn 0.7266 0.5083 -0.4624
vn 0.8466 0.2970 -0.4416
vn 0.8985 0.1524 -0.4116
vn 0.9024 0.1360 -0.4088
vn 0.1989 0.9785 -0.0536
vn 0.6216 0.7780 -0.0914
vn 0.5717 0.8162 -0.0830
vn 0.8021 0.5902 -0.0916
vn 0.8487 0.5200 -0.0965
vn 0.9625 0.2585 -0.0823
vn 0.9804 0.1769 -0.0868
vn 0.9637 -0.2587 -0.0661
vn 0.9841 -0.1672 -0.0605
vn 0.8051 -0.5913 -0.0464
vn 0.8568 -0.5137 -0.0454
vn 0.6256 -0.7800 -0.0150
vn 0.5819 -0.8132 -0.0140
vn 0.2596 -0.9653 0.0283
vn 0.2098 -0.9773 0.0278
vn 0.1714 0.9714 -0.1644
vn 0.5549 0.8044 -0.2122
vn 0.5442 0.8123 -0.2100
vn 0.8321 0.5084 -0.2216
vn 0.8253 0.5198 -0.2206
vn 0.9658 0.1666 -0.1986
vn 0.9634 0.1798 -0.1989
vn 0.9726 -0.1756 -0.1526
vn 0.9747 -0.1625 -0.1537
vn 0.8518 -0.5171 -0.0837
vn 0.8585 -0.5056 -0.0852
vn 0.5844 -0.8114 0.0053
vn 0.5952 -0.8035 0.0036
vn 0.2184 -0.9714 0.0937
vn 0.2315 -0.9684 0.0923
vn 0.1270 0.9574 -0.2592
vn 0.5153 0.7894 -0.3337
vn 0.4977 0.8023 -0.3294
vn 0.7960 0.4967 -0.3460
vn 0.7844 0.5156 -0.3449
vn 0.9379 0.1596 -0.3079
vn 0.9334 0.1813 -0.3097
vn 0.9559 -0.1774 -0.2343
vn 0.9586 -0.1557 -0.2383
vn 0.8492 -0.5130 -0.1253
vn 0.8596 -0.4940 -0.1306
vn 0.5978 -0.8016 0.0143
vn 0.6150 -0.7885 0.0086
vn 0.2454 -0.9574 0.1521
vn 0.2667 -0.9525 0.1471
vn 0.9337 -0.1026 -0.3431
vn 0.9329 -0.1770 -0.3136
vn 0.9220 -0.2650 -0.2825
vn 0.8451 -0.5059 -0.1726
vn 0.8582 -0.4794 -0.1836
vn 0.6168 -0.7870 0.0139
vn 0.6396 -0.7687 0.0019
vn 0.2844 -0.9379 0.1987
vn 0.3134 -0.9308 0.1880
vn -0.8197 -0.2720 0.5041
vn -0.2491 0.9219 -0.2968
vn -0.3394 0.9085 -0.2437
vn -0.4236 0.8839 -0.1982
vn -0.5839 0.8070 -0.0891
vn -0.6523 0.7574 -0.0298
vn -0.7196 0.6939 0.0246
vn -0.8798 -0.1142 0.4614
vn -0.8217 0.5537 0.1352
vn -0.8836 0.4010 0.2418
vn -0.8576 0.4799 0.1849
vn -0.9131 0.2713 0.3043
vn -0.9130 0.2720 0.3039
vn -0.9190 0.1142 0.3774
vn -0.9190 0.1143 0.3773
vn -0.8798 -0.1143 0.4614
vn -0.8201 -0.2712 0.5039
vn -0.7503 -0.3978 0.5281
vn -0.6912 -0.4785 0.5415
vn -0.6312 -0.5542 0.5426
vn -0.4807 -0.6945 0.5353
vn -0.3927 -0.7541 0.5264
vn 0.0674 -0.9219 0.3816
vn -0.0279 -0.9053 0.4238
vn -0.1204 -0.8838 0.4522
vn -0.3070 -0.8069 0.5047
vn -0.9053 0.2371 -0.3525
vn -0.9577 0.2326 -0.1697
vn -0.8710 -0.1177 -0.4770
vn -0.9715 -0.1190 -0.2050
vn -0.5079 -0.8607 -0.0357
vn -0.6225 -0.7330 -0.2744
vn -0.6785 -0.7301 -0.0807
vn -0.8362 -0.4616 -0.2961
vn 0.3801 -0.9116 0.1566
vn 0.3249 -0.8876 -0.3265
vn 0.1218 -0.8227 0.5553
vn 0.0156 -0.9619 -0.2731
vn 0.4433 -0.8018 0.4008
vn 0.6434 -0.7620 -0.0735
vn 0.6131 -0.6230 0.4858
vn 0.8553 -0.5179 -0.0131
vn 0.8599 -0.5074 -0.0570
vn 0.7155 -0.2426 0.6551
vn 0.9452 -0.0435 0.3237
vn 0.9435 0.1328 0.3035
vn 0.9436 0.1328 0.3034
vn 0.9003 0.3453 0.2651
vn 0.9022 0.3431 0.2612
vn 0.9219 -0.1976 0.3332
vn 0.9057 -0.1850 0.3813
vn 0.9739 -0.2111 0.0835
vn 0.6908 0.1666 0.7036
vn 0.9944 -0.0020 -0.1053
vn 0.8772 0.3109 0.3659
vn 0.8296 -0.4502 0.3303
vn 0.6332 -0.4349 0.6403
vn 0.7317 -0.6048 0.3145
vn 0.5674 -0.7750 0.2782
vn 0.2710 -0.9422 0.1969
vn 0.2709 -0.9422 0.1969
vn -0.1837 -0.8957 -0.4049
vn -0.3568 -0.9279 -0.1078
vn -0.0957 -0.9781 0.1849
vn -0.1820 -0.8759 0.4469
vn 0.0375 -0.9916 0.1237
vn -0.7890 -0.5806 -0.2011
vn -0.6599 -0.7382 -0.1400
vn -0.6600 -0.7381 -0.1400
vn -0.4864 -0.8712 -0.0666
vn -0.4650 -0.8451 0.2639
vn -0.3416 -0.9398 -0.0100
vn -0.1344 -0.9888 0.0654
vn -0.8190 -0.4603 -0.3426
vn -0.9160 -0.3777 0.1350
vn -0.8974 -0.4406 -0.0224
vn -0.9110 0.2413 -0.3343
vn -0.9468 0.0170 -0.3213
vn -0.9935 -0.0481 0.1031
vn -0.9398 -0.1670 -0.2982
vn -0.9028 -0.3371 -0.2669
vn 0.8486 -0.2965 0.4381
vn 0.8267 -0.3215 0.4617
vn 0.8732 -0.0393 0.4857
vn 0.8818 0.0686 0.4666
vn 0.8697 0.1067 0.4820
vn 0.7437 -0.5225 0.4169
vn 0.5912 -0.7343 0.3335
vn 0.2124 -0.9692 0.1245
vn -0.2179 -0.9692 -0.1146
vn -0.5884 -0.7416 -0.3222
vn -0.6012 -0.7343 -0.3153
vn -0.7294 -0.5537 -0.4018
vn -0.7467 -0.5225 -0.4116
vn -0.8146 -0.3217 -0.4826
vn -0.8684 0.1068 -0.4842
vn -0.8618 0.0686 -0.5026
vn -0.8735 -0.0393 -0.4853
vn -0.8356 -0.2966 -0.4625
vn 0.9495 -0.0450 0.3104
vn 0.9418 0.0617 0.3305
vn 0.9014 0.1439 0.4084
vn 0.9424 0.2626 0.2073
vn 0.8970 0.3463 0.2748
vn -0.9136 0.2422 -0.3265
vn -0.9268 0.2636 -0.2676
vn -0.9393 0.0145 -0.3429
vn -0.7628 -0.6450 -0.0450
vn -0.5291 -0.8312 -0.1706
vn -0.4721 -0.8749 -0.1079
vn -0.6219 -0.7452 -0.2407
vn -0.7803 -0.5832 -0.2259
vn -0.8406 -0.4795 -0.2519
vn -0.8430 -0.4765 -0.2495
vn -0.8854 -0.3761 -0.2732
vn -0.9020 -0.3374 -0.2695
vn -0.9143 -0.2039 -0.3501
vn -0.9388 -0.1674 -0.3012
vn -0.9494 -0.0251 -0.3131
vn -0.9565 0.0617 -0.2853
vn -0.3260 -0.9437 -0.0552
vn -0.3424 -0.9384 -0.0463
vn -0.1131 -0.9936 0.0028
vn -0.1307 -0.9913 0.0117
vn 0.0542 -0.9958 0.0737
vn 0.1072 -0.9924 0.0605
vn 0.2715 -0.9425 0.1951
vn 0.2986 -0.9374 0.1790
vn 0.5922 -0.7812 0.1976
vn 0.4701 -0.8199 0.3267
vn 0.7617 -0.6129 0.2103
vn 0.7038 -0.6571 0.2700
vn 0.8382 -0.4530 0.3037
vn 0.8335 -0.4575 0.3098
vn 0.9294 -0.2001 0.3101
vn 0.9258 -0.2041 0.3182
vn 0.9483 -0.0251 0.3163
vn 0.0925 -0.0000 -0.9957
vn 0.0926 -0.0001 -0.9957
vn 0.0926 -0.0000 -0.9957
vn 0.0926 0.0001 -0.9957
vn 0.0925 0.0001 -0.9957
vn 0.0927 -0.0000 -0.9957
vn -0.6803 -0.7330 0.0001
vn -0.6295 0.7770 -0.0025
vn -0.6589 0.7522 -0.0000
vn -0.6588 0.7523 -0.0001
vn -0.5642 0.8256 -0.0000
vn -0.3450 0.9386 -0.0000
vn -0.3157 0.9489 -0.0051
vn 0.1035 0.9946 0.0053
vn 0.1578 0.9875 -0.0040
vn 0.5631 0.8263 0.0042
vn 0.5957 0.8032 -0.0029
vn 0.8879 0.4601 0.0030
vn 0.8992 0.4376 -0.0016
vn 0.9999 -0.0163 0.0017
vn 0.9996 -0.0267 -0.0003
vn 0.8723 -0.4889 0.0003
vn 0.8745 -0.4850 0.0011
vn 0.5359 -0.8443 -0.0012
vn 0.5520 -0.8338 0.0026
vn 0.0710 -0.9975 -0.0027
vn 0.1049 -0.9945 0.0042
vn -0.4109 -0.9117 -0.0044
vn -0.3658 -0.9307 0.0059
vn -0.6750 -0.7378 -0.0022
vn -0.6592 -0.7519 -0.0000
vn -0.9054 -0.2602 0.3355
vn -0.0893 -0.9903 0.1065
vn -0.2754 -0.9497 0.1492
vn -0.6438 -0.7332 0.2189
vn -0.7949 -0.5349 0.2865
vn -0.7969 -0.5125 0.3199
vn -0.7062 -0.6675 0.2362
vn -0.8689 -0.1733 0.4637
vn -0.8582 -0.1650 0.4861
vn -0.9383 -0.0352 0.3440
vn -0.9415 0.0535 0.3329
vn -0.8883 0.1962 0.4153
vn -0.9072 0.2203 0.3583
vn -0.7239 0.6774 0.1304
vn -0.5652 0.8222 0.0674
vn -0.7388 0.6570 0.1498
vn -0.8027 0.5482 0.2348
vn -0.8804 0.4025 0.2508
vn -0.9085 0.2814 0.3088
vn -0.6531 0.7497 0.1071
vn -0.5489 0.8317 0.0834
vn -0.4705 0.8814 0.0425
vn -0.2033 0.9789 -0.0226
vn -0.1648 0.9855 -0.0407
vn -0.7608 0.5521 0.3410
vn -0.7225 0.6066 0.3317
vn -0.4991 0.8385 0.2186
vn -0.5677 0.7899 0.2319
vn -0.1660 0.9830 0.0789
vn -0.2466 0.9647 0.0919
vn -0.5051 -0.8248 0.2542
vn -0.5191 -0.8270 0.2158
vn -0.4327 -0.8821 0.1860
vn -0.1566 -0.9786 0.1335
vn -0.1662 -0.9802 0.1074
vn -0.2138 -0.9659 0.1461
vn -0.5472 -0.7870 0.2850
vn -0.7137 -0.6001 0.3611
vn -0.7631 -0.5296 0.3704
vn -0.8102 -0.4263 0.4023
vn -0.8856 -0.1693 0.4325
vn -0.8848 -0.1784 0.4304
vn -0.8846 0.1964 0.4230
vn -0.8869 0.1874 0.4223
vn -0.8159 0.4340 0.3821
vn 0.5355 -0.8438 -0.0353
vn -0.6794 -0.7320 0.0504
vn -0.7022 -0.7105 0.0462
vn -0.4107 -0.9114 0.0270
vn 0.0710 -0.9975 -0.0047
vn 0.1482 -0.9879 -0.0458
vn -0.0935 -0.9956 0.0062
vn 0.8709 -0.4881 -0.0573
vn 0.9113 -0.3966 -0.1103
vn 0.8044 -0.5913 -0.0574
vn 0.7400 -0.6709 -0.0487
vn 0.9952 -0.0163 -0.0967
vn 0.9951 -0.0103 -0.0983
vn 0.9878 -0.1413 -0.0650
vn 0.8844 0.4583 -0.0885
vn 0.9302 0.3619 -0.0612
vn 0.9912 0.1150 -0.0653
vn 0.5135 0.8560 -0.0607
vn 0.7100 0.7027 -0.0467
vn 0.8137 0.5788 -0.0536
vn 0.5628 0.8258 -0.0370
vn 0.1035 0.9946 -0.0068
vn -0.2252 0.9742 0.0148
vn -0.3450 0.9386 0.0044
vn -0.4556 0.8894 0.0382
vn -0.5638 0.8251 0.0371
vn -0.6582 0.7516 0.0433
vn -0.6782 0.7332 0.0484
vn -0.9458 0.3248 -0.0000
vn -0.9270 0.1943 -0.3209
vn -0.9518 0.0881 0.2937
vn -0.8222 -0.2295 -0.5209
vn -0.9493 -0.2230 -0.2217
vn -0.8963 -0.4434 -0.0000
vn -0.8066 -0.5911 -0.0001
vn -0.6728 -0.6108 -0.4175
vn -0.6277 -0.7782 0.0199
vn 0.5783 -0.8158 -0.0000
vn 0.5308 -0.8474 0.0103
vn 0.1219 -0.9924 -0.0140
vn 0.1783 -0.9840 -0.0000
vn -0.1340 -0.9910 -0.0000
vn -0.3213 -0.9469 -0.0114
vn -0.3780 -0.9258 -0.0000
vn -0.6906 -0.7232 -0.0000
vn -0.5986 -0.7968 -0.0819
vn -0.7660 -0.6425 0.0212
vn -0.9939 0.1100 -0.0044
vn -0.9933 0.1156 -0.0023
vn -0.9709 -0.2395 0.0048
vn -0.9834 -0.1676 0.0690
vn -0.9132 -0.4075 0.0082
vn -0.7394 -0.6732 0.0135
vn -0.7790 -0.6229 0.0721
vn -0.6020 -0.7984 0.0160
vn -0.3292 -0.9441 0.0189
vn -0.3794 -0.9225 0.0708
vn -0.1405 -0.9899 0.0198
vn 0.1605 -0.9868 0.0198
vn 0.1153 -0.9913 0.0639
vn 0.3559 -0.9343 0.0187
vn 0.6114 -0.7912 0.0158
vn 0.5815 -0.8119 0.0515
vn 0.7636 -0.6455 0.0129
vn 0.9146 -0.4042 0.0081
vn 0.9024 -0.4295 0.0351
vn 0.9807 -0.1955 0.0039
vn 0.9982 0.0598 -0.0012
vn 0.9966 0.0805 0.0152
vn 0.9528 0.3034 -0.0061
vn 0.8379 0.5458 -0.0109
vn 0.4765 0.8790 -0.0176
vn 0.1238 0.9921 -0.0199
vn 0.9613 0.2576 -0.0975
vn 0.9613 -0.2576 -0.0975
vn 0.7053 -0.7053 -0.0715
vn 0.2587 -0.9656 -0.0262
vn -0.2587 -0.9656 0.0262
vn -0.7053 -0.7053 0.0715
vn -0.9613 -0.2576 0.0975
vn -0.9613 0.2576 0.0975
vn -0.7053 0.7053 0.0715
vn -0.2587 0.9656 0.0262
vn 0.2587 0.9656 -0.0262
vn 0.7053 0.7053 -0.0715
vn 0.9222 0.2576 -0.2885
vn 0.6766 0.7053 -0.2117
vn 0.2482 0.9656 -0.0777
vn -0.2482 0.9656 0.0777
vn -0.6766 0.7053 0.2117
vn -0.9222 0.2576 0.2885
vn -0.9222 -0.2576 0.2885
vn -0.6766 -0.7053 0.2117
vn -0.2482 -0.9656 0.0777
vn 0.2482 -0.9656 -0.0777
vn 0.6766 -0.7053 -0.2117
vn 0.9222 -0.2576 -0.2885
vn 0.8455 0.2576 -0.4678
vn 0.8455 -0.2576 -0.4678
vn 0.6203 -0.7053 -0.3432
vn 0.2275 -0.9656 -0.1259
vn -0.2275 -0.9656 0.1259
vn -0.6203 -0.7053 0.3432
vn -0.8455 -0.2576 0.4678
vn -0.8455 0.2576 0.4678
vn -0.6203 0.7053 0.3432
vn -0.2275 0.9656 0.1259
vn 0.2275 0.9656 -0.1259
vn 0.6203 0.7053 -0.3432
vn -0.9641 -0.2583 -0.0612
vn -0.9641 0.2583 -0.0612
vn -0.7064 0.7064 -0.0449
vn -0.2588 0.9658 -0.0164
vn 0.2588 0.9658 0.0164
vn 0.7064 0.7064 0.0449
vn 0.9641 0.2583 0.0612
vn 0.9641 -0.2583 0.0612
vn 0.7064 -0.7064 0.0449
vn 0.2588 -0.9658 0.0164
vn -0.2588 -0.9658 -0.0164
vn -0.7064 -0.7064 -0.0449
vn -0.9486 -0.2583 -0.1827
vn -0.6950 -0.7064 -0.1339
vn -0.2546 -0.9658 -0.0490
vn 0.2546 -0.9658 0.0490
vn 0.6950 -0.7064 0.1339
vn 0.9486 -0.2583 0.1827
vn 0.9486 0.2583 0.1827
vn 0.6950 0.7064 0.1339
vn 0.2546 0.9658 0.0490
vn -0.2546 0.9658 -0.0490
vn -0.6950 0.7064 -0.1339
vn -0.9486 0.2583 -0.1827
vn -0.9179 -0.2583 -0.3012
vn -0.6725 -0.7064 -0.2207
vn -0.2464 -0.9658 -0.0809
vn 0.2464 -0.9658 0.0809
vn 0.6725 -0.7064 0.2207
vn 0.9179 -0.2583 0.3012
vn 0.9179 0.2583 0.3012
vn 0.6725 0.7064 0.2207
vn 0.2464 0.9658 0.0809
vn -0.2464 0.9658 -0.0809
vn -0.6725 0.7064 -0.2207
vn -0.9179 0.2583 -0.3012
vn -0.8724 -0.2583 -0.4149
vn -0.8724 0.2583 -0.4149
vn -0.6392 0.7064 -0.3040
vn -0.2342 0.9658 -0.1114
vn 0.2342 0.9658 0.1114
vn 0.6392 0.7064 0.3040
vn 0.8724 0.2583 0.4149
vn 0.8724 -0.2583 0.4149
vn 0.6392 -0.7064 0.3040
vn 0.2342 -0.9658 0.1114
vn -0.2342 -0.9658 -0.1114
vn -0.6392 -0.7064 -0.3040
vn 0.0602 -0.2245 0.9726
vn 0.1644 -0.1644 0.9726
vn 0.2245 -0.0602 0.9726
vn 0.2245 0.0602 0.9726
vn 0.1644 0.1644 0.9726
vn 0.0602 0.2245 0.9726
vn -0.0602 0.2245 0.9726
vn -0.1644 0.1644 0.9726
vn -0.2245 0.0602 0.9726
vn -0.2245 -0.0602 0.9726
vn -0.1644 -0.1644 0.9726
vn -0.0602 -0.2245 0.9726
vn 0.1663 -0.6206 0.7663
vn 0.4543 -0.4543 0.7663
vn 0.6206 -0.1663 0.7663
vn 0.6206 0.1663 0.7663
vn 0.4543 0.4543 0.7663
vn 0.1663 0.6206 0.7663
vn -0.1663 0.6206 0.7663
vn -0.4543 0.4543 0.7663
vn -0.6206 0.1663 0.7663
vn -0.6206 -0.1663 0.7663
vn -0.4543 -0.4543 0.7663
vn -0.1663 -0.6206 0.7663
vn 0.2360 -0.8807 0.4107
vn 0.6447 -0.6447 0.4107
vn 0.8807 -0.2360 0.4107
vn 0.8807 0.2360 0.4107
vn 0.6447 0.6447 0.4107
vn 0.2360 0.8807 0.4107
vn -0.2360 0.8807 0.4107
vn -0.6447 0.6447 0.4107
vn -0.8807 0.2360 0.4107
vn -0.8807 -0.2360 0.4107
vn -0.6447 -0.6447 0.4107
vn -0.2360 -0.8807 0.4107
vn -0.2564 -0.9644 0.0643
vn -0.1844 -0.9687 0.1663
vn -0.1482 -0.9530 0.2642
vn -0.0959 -0.9318 0.3501
vn -0.0656 -0.9370 0.3430
vn -0.4590 -0.7704 0.4424
vn -0.4322 -0.7869 0.4405
vn -0.7446 -0.4827 0.4610
vn -0.7255 -0.5074 0.4649
vn -0.8474 -0.2957 0.4410
vn -0.8971 -0.1514 0.4152
vn -0.9022 -0.1339 0.4101
vn -0.1973 -0.9780 0.0678
vn -0.6225 -0.7786 0.0793
vn -0.5717 -0.8162 0.0834
vn -0.8021 -0.5902 0.0913
vn -0.8494 -0.5205 0.0874
vn -0.9612 -0.2582 0.0965
vn -0.9804 -0.1768 0.0872
vn -0.9637 0.2587 0.0655
vn -0.9821 0.1693 0.0827
vn -0.8058 0.5915 0.0292
vn -0.8567 0.5137 0.0458
vn -0.6256 0.7800 0.0147
vn -0.5830 0.8125 0.0058
vn -0.2593 0.9656 -0.0179
vn -0.2098 0.9774 -0.0274
vn -0.1712 -0.9712 0.1657
vn -0.5551 -0.8046 0.2109
vn -0.5439 -0.8121 0.2113
vn -0.8324 -0.5085 0.2204
vn -0.8251 -0.5197 0.2219
vn -0.9660 -0.1667 0.1975
vn -0.9632 -0.1796 0.2000
vn -0.9727 0.1756 0.1515
vn -0.9745 0.1627 0.1548
vn -0.8520 0.5171 0.0825
vn -0.8583 0.5059 0.0865
vn -0.5846 0.8113 -0.0066
vn -0.5949 0.8038 -0.0023
vn -0.2186 0.9712 -0.0950
vn -0.2312 0.9686 -0.0910
vn -0.1264 -0.9570 0.2612
vn -0.5159 -0.7898 0.3317
vn -0.4971 -0.8019 0.3315
vn -0.7966 -0.4971 0.3441
vn -0.7838 -0.5151 0.3469
vn -0.9384 -0.1600 0.3062
vn -0.9329 -0.1808 0.3115
vn -0.9563 0.1770 0.2326
vn -0.9581 0.1561 0.2399
vn -0.8497 0.5127 0.1233
vn -0.8590 0.4946 0.1325
vn -0.5982 0.8012 -0.0164
vn -0.6143 0.7890 -0.0067
vn -0.2459 0.9570 -0.1541
vn -0.2660 0.9530 -0.1451
vn -0.9342 0.1007 0.3423
vn -0.9308 0.1785 0.3190
vn -0.9218 0.2640 0.2837
vn -0.8461 0.5052 0.1700
vn -0.8571 0.4804 0.1860
vn -0.6177 0.7862 -0.0166
vn -0.6384 0.7697 0.0006
vn -0.2853 0.9370 -0.2013
vn -0.3123 0.9317 -0.1854
vn -0.7257 0.5575 -0.4032
vn -0.8440 0.2588 -0.4698
vn -0.8049 0.4182 -0.4211
vn -0.8431 0.2821 -0.4578
vn -0.2262 0.9659 -0.1257
vn -0.1797 0.9802 -0.0831
vn -0.3663 0.9080 -0.2035
vn -0.6178 0.7071 -0.3439
vn -0.5251 0.8097 -0.2620
vn -0.6277 0.6996 -0.3414
vn 0.6173 0.7071 0.3449
vn 0.6344 0.6426 0.4296
vn 0.5535 0.7732 0.3094
vn 0.2275 0.9659 0.1235
vn 0.2696 0.9464 0.1777
vn 0.0877 0.9949 0.0488
vn 0.8690 0.1068 0.4831
vn 0.8690 0.1067 0.4831
vn 0.8076 0.2582 0.5302
vn 0.8149 0.3442 0.4662
vn 0.7666 0.4805 0.4260
vn 0.5915 -0.7344 0.3329
vn 0.7452 -0.5225 0.4143
vn 0.8443 -0.2588 0.4693
vn 0.8323 -0.2966 0.4684
vn 0.8734 -0.0393 0.4855
vn 0.6189 -0.7071 0.3420
vn 0.2254 -0.9659 0.1271
vn 0.2151 -0.9692 0.1196
vn -0.2262 -0.9659 -0.1258
vn -0.2159 -0.9692 -0.1181
vn -0.5925 -0.7344 -0.3311
vn -0.6195 -0.7071 -0.3409
vn -0.7452 -0.5225 -0.4143
vn -0.8347 -0.2966 -0.4640
vn -0.8463 -0.2588 -0.4656
vn -0.8734 -0.0393 -0.4855
vn -0.8690 0.1067 -0.4831
vn -0.8690 0.1068 -0.4831
vn 1.0000 -0.0001 -0.0000
vn 1.0000 -0.0002 -0.0000
vn 1.0000 0.0004 -0.0000
vn 1.0000 0.0001 -0.0000
vn 1.0000 0.0002 -0.0000
vn 1.0000 -0.0006 -0.0003
vn 1.0000 0.0007 0.0004
vn 1.0000 -0.0012 -0.0005
vn 1.0000 0.0012 0.0005
vn 0.8992 0.3060 0.3127
vn 0.8809 0.0686 0.4683
vn 0.9092 -0.0385 0.4146
vn 0.9312 0.0509 0.3608
vn 0.8774 -0.2962 0.3775
vn 0.8647 -0.3241 0.3837
vn 0.7850 -0.5101 0.3516
vn 0.6835 -0.6543 0.3236
vn 0.5750 -0.7551 0.3150
vn 0.4958 -0.8266 0.2665
vn 0.1718 -0.9715 0.1632
vn 0.1913 -0.9675 0.1651
vn 0.3597 -0.9069 0.2194
vn -0.6631 -0.7280 -0.1739
vn -0.4815 -0.8691 -0.1130
vn -0.2402 -0.9707 -0.0083
vn -0.3479 -0.9374 -0.0168
vn -0.0970 -0.9944 0.0415
vn -0.6363 -0.7516 -0.1737
vn -0.8457 -0.4421 -0.2990
vn -0.8390 -0.4610 -0.2892
vn -0.9202 -0.1899 -0.3423
vn -0.9232 -0.1366 -0.3591
vn -0.8898 0.0693 -0.4511
vn -0.9002 0.2126 -0.3801
vn -0.9253 0.1134 -0.3620
vn -0.8902 0.0964 -0.4452
vn -0.8803 -0.1954 -0.4324
vn -0.8622 -0.3198 -0.3929
vn -0.8062 -0.4474 -0.3871
vn 0.9333 0.0736 0.3515
vn 0.8844 0.1623 0.4375
vn 0.8443 -0.3212 0.4290
vn 0.8440 -0.3217 0.4291
vn 0.5737 -0.7549 0.3177
vn 0.5998 -0.7344 0.3177
vn 0.1838 -0.9735 0.1363
vn 0.2044 -0.9690 0.1389
vn -0.2129 -0.9746 -0.0698
vn -0.2401 -0.9679 -0.0743
vn -0.5914 -0.7580 -0.2752
vn -0.6128 -0.7402 -0.2767
vn -0.7543 -0.5523 -0.3549
vn -0.9322 0.2634 -0.2483
vn -0.9395 -0.2040 -0.2751
vn -0.9644 -0.0250 -0.2632
vn -0.9645 0.0617 -0.2569
vn -0.5378 -0.8308 -0.1432
vn -0.7285 -0.6570 -0.1940
vn -0.7925 -0.5655 -0.2282
vn -0.8474 -0.4791 -0.2290
vn 0.3295 -0.9401 0.0877
vn 0.1169 -0.9927 0.0311
vn 0.0032 -0.9999 -0.0155
vn -0.1169 -0.9927 -0.0311
vn -0.3295 -0.9401 -0.0877
vn 0.7285 -0.6570 0.1940
vn 0.5378 -0.8308 0.1432
vn 0.9387 -0.1758 0.2967
vn 0.9363 -0.2041 0.2857
vn 0.9568 -0.0437 0.2874
vn 0.9571 -0.0251 0.2887
vn 0.9572 0.0201 0.2888
vn 0.9550 0.0617 0.2901
vn 0.9542 0.0828 0.2875
vn 0.9246 0.2637 0.2750
vn 0.9301 0.2223 0.2925
vn 0.8892 0.3823 0.2512
vn 0.4536 -0.8850 0.1052
vn 0.4609 -0.8848 0.0690
vn 0.6894 -0.7170 0.1032
vn 0.7009 -0.7054 0.1057
vn 0.7594 -0.6284 0.1686
vn 0.7518 -0.6298 0.1954
vn 0.8131 -0.5404 0.2164
vn 0.8550 -0.4575 0.2441
vn 0.8647 -0.4375 0.2467
vn 0.9116 -0.3162 0.2626
vn -0.3978 -0.9154 -0.0613
vn -0.1126 -0.9935 -0.0159
vn -0.0032 -0.9999 0.0155
vn 0.1196 -0.9927 0.0179
vn -0.4469 -0.8843 -0.1355
vn -0.4608 -0.8848 -0.0699
vn -0.6118 -0.7898 -0.0445
vn -0.9830 -0.1169 -0.1415
vn -0.9368 -0.3194 -0.1429
vn -0.8149 -0.5661 -0.1243
vn -0.8796 -0.4651 -0.1001
vn -0.7412 -0.6618 -0.1124
vn -0.8955 -0.3756 -0.2385
vn -0.9596 -0.1178 -0.2556
vn -0.9829 -0.1177 -0.1417
vn -0.9525 0.2635 -0.1525
vn -0.9620 0.2305 -0.1466
vn -0.0001 0.0001 -1.0000
vn 0.0027 0.0002 -1.0000
vn -0.0000 0.0003 -1.0000
vn 0.0009 -0.0008 -1.0000
vn 0.0005 -0.0004 -1.0000
vn 0.0007 -0.0000 -1.0000
vn -0.0003 0.0002 -1.0000
vn 0.0001 -0.0001 -1.0000
vn 0.1280 0.9918 -0.0000
vn 0.2048 0.9787 -0.0098
vn 0.7157 0.6984 -0.0000
vn 0.5801 0.8145 -0.0048
vn 0.5574 0.8302 -0.0000
vn 0.3284 0.9445 -0.0000
vn -0.7648 -0.6415 0.0601
vn 0.7157 0.6984 -0.0008
vn 0.9529 0.3033 -0.0091
vn -0.9871 -0.1602 0.0075
vn -0.9957 -0.0926 -0.0043
vn -0.9933 0.1157 -0.0023
vn -0.9919 0.1274 -0.0028
vn -0.9577 0.2876 -0.0065
vn -0.9885 0.1511 -0.0026
vn -0.9986 0.0525 0.0013
vn -0.9957 -0.0923 0.0107
vn -0.9998 -0.0015 0.0211
vn -0.9980 -0.0619 0.0150
vn -0.8220 -0.5694 0.0105
vn -0.9132 -0.4073 0.0122
vn -0.9854 -0.1704 0.0051
vn -0.4364 -0.8995 0.0209
vn -0.6020 -0.7981 0.0240
vn -0.7798 -0.6257 0.0188
vn 0.3560 -0.9341 0.0281
vn 0.1154 -0.9929 0.0298
vn 0.0617 -0.9978 0.0245
vn -0.1406 -0.9896 0.0297
vn -0.3796 -0.9247 0.0278
vn 0.8859 -0.4638 0.0098
vn 0.7637 -0.6453 0.0194
vn 0.5815 -0.8132 0.0244
vn 0.9982 0.0597 -0.0055
vn 0.9807 -0.1954 0.0059
vn 0.9025 -0.4304 0.0129
vn 0.8379 0.5455 -0.0192
vn 0.8555 0.5175 -0.0139
vn 0.4910 0.8707 -0.0277
vn 0.4765 0.8788 -0.0259
vn 0.1239 0.9919 -0.0298
vn 0.1280 0.9913 -0.0300
vn 0.1280 0.9917 -0.0099
vn 0.8088 0.5881 -0.0011
vn 0.7811 0.6244 -0.0053
vn 0.7672 0.6414 -0.0069
vn 0.7829 0.6222 -0.0052
vn 0.7233 0.6905 0.0002
vn 0.7802 0.6255 -0.0055
vn 0.7504 0.6610 -0.0066
vn 0.4910 0.8711 -0.0087
vn 0.5574 0.8302 0.0018
vn 0.3284 0.9445 -0.0095
vn 0.9979 -0.0465 0.0460
vn 0.9995 0.0308 -0.0009
vn 0.9938 0.0328 0.1061
vn 0.9949 0.0593 0.0822
vn 0.9878 0.1544 0.0196
vn 0.9705 0.2410 -0.0056
vn 0.8555 0.5177 -0.0042
vn 0.8884 0.4533 0.0722
vn 0.8599 0.5099 0.0238
vn 0.5439 -0.8389 0.0204
vn 0.5439 -0.8391 0.0091
vn 0.7485 -0.6631 0.0095
vn 0.7664 -0.6423 0.0099
vn 0.8366 -0.5477 0.0125
vn 0.8855 -0.4631 0.0390
vn 0.9367 -0.3501 0.0112
vn 0.9878 -0.1555 -0.0002
vn 0.5308 -0.8475 0.0008
vn 0.5160 -0.8564 0.0178
vn 0.5412 -0.8409 0.0084
vn 0.1219 -0.9925 0.0099
vn 0.0617 -0.9980 0.0159
vn -0.6951 -0.7054 0.1383
vn -0.9582 -0.2860 0.0032
vn -0.8147 -0.5798 0.0074
vn -0.8220 -0.5695 0.0057
vn -0.6006 -0.7995 0.0080
vn -0.4364 -0.8996 0.0152
vn -0.3780 -0.9258 0.0093
vn -0.1340 -0.9909 0.0099
vn 0.1239 0.9923 -0.0000
vn -0.9959 0.0906 -0.0000
vn 0.1228 0.9924 -0.0000
vn 0.4729 0.8811 0.0001
vn 0.4766 0.8791 -0.0002
vn 0.8334 0.5526 0.0002
vn 0.8379 0.5458 -0.0004
vn 0.9957 0.0928 0.0004
vn 0.9968 0.0805 -0.0005
vn 0.9212 -0.3892 0.0005
vn 0.9147 -0.4042 -0.0006
vn 0.6276 -0.7785 0.0006
vn 0.6115 -0.7912 -0.0008
vn 0.2144 -0.9767 0.0007
vn 0.1605 -0.9870 -0.0026
vn -0.0302 -0.9995 -0.0002
vn -0.3020 -0.9533 0.0009
vn -0.3293 -0.9442 -0.0010
vn -0.7170 -0.6971 0.0010
vn -0.7394 -0.6732 -0.0012
vn -0.9614 -0.2751 0.0012
vn -0.9709 -0.2395 -0.0013
vn -0.9939 0.1100 0.0007
vn -0.8230 0.4611 -0.3317
vn -0.7389 -0.6737 -0.0127
vn -0.7404 -0.6721 0.0125
vn -0.4751 -0.8799 0.0092
vn -0.7599 -0.6500 -0.0126
vn -0.7329 -0.6803 -0.0035
vn -0.9467 -0.3200 -0.0358
vn -0.9427 -0.3233 -0.0823
vn -0.9481 -0.2939 -0.1217
vn -0.9761 0.0833 -0.2007
vn -0.9699 0.1158 -0.2143
vn -0.8185 0.4651 -0.3372
vn -0.5813 0.7413 -0.3355
vn -0.4665 0.8152 -0.3432
vn -0.3069 0.8993 -0.3115
vn -0.1788 0.9393 -0.2928
vn 0.0909 0.9704 -0.2239
vn 0.6658 0.7461 -0.0082
vn 0.7080 0.7056 0.0281
vn 0.5765 0.8160 -0.0431
vn 0.3058 0.9396 -0.1540
vn 0.3961 0.9127 -0.1005
vn 0.2191 0.9590 -0.1799
vn 0.9512 0.2199 0.2163
vn 0.9566 0.2166 0.1949
vn 0.8787 0.4654 0.1058
vn 0.8909 0.4233 0.1643
vn 0.8704 0.4763 0.1245
vn 0.9189 -0.3659 0.1476
vn 0.6591 -0.7356 0.1563
vn 0.7410 -0.6529 0.1569
vn 0.9207 -0.3408 0.1901
vn -0.9365 0.2148 -0.2773
vn -0.9463 0.2234 -0.2336
vn -0.8405 0.4770 -0.2569
vn -0.8471 0.4648 -0.2577
vn -0.5995 0.7574 -0.2588
vn -0.6098 0.7484 -0.2607
vn -0.3262 0.9164 -0.2321
vn -0.2295 0.9506 -0.2092
vn 0.9313 -0.2889 0.2219
vn 0.9309 -0.2886 0.2241
vn 0.9832 0.0889 0.1595
vn 0.9794 -0.0054 0.2017
vn 0.8753 0.4749 0.0913
vn 0.8810 0.4633 0.0962
vn 0.6540 0.7564 -0.0048
vn 0.6637 0.7480 0.0002
vn 0.2827 0.9521 -0.1163
vn 0.2952 0.9490 -0.1109
vn -0.0741 0.9784 -0.1930
vn -0.0570 0.9631 -0.2630
vn -0.0262 0.9671 -0.2531
vn 0.9988 0.0243 0.0415
vn 0.9957 0.0849 0.0358
vn 0.7489 -0.6596 0.0636
vn 0.7766 -0.6274 0.0577
vn 0.3782 -0.9243 0.0505
vn 0.5952 -0.8025 0.0405
vn 0.4744 -0.8793 0.0432
vn -0.9739 -0.2250 -0.0306
vn -0.9985 0.0244 -0.0496
vn -0.9944 0.0905 -0.0551
vn -0.9833 0.1745 -0.0513
vn -0.8758 0.4793 -0.0570
vn -0.9075 0.4150 -0.0646
vn -0.6418 0.7654 -0.0466
vn -0.6872 0.7243 -0.0560
vn -0.4282 0.9022 -0.0521
vn -0.2565 0.9650 -0.0542
vn -0.1882 0.9812 -0.0437
vn 0.2631 0.9645 -0.0221
vn 0.2506 0.9678 -0.0248
vn 0.6467 0.7628 0.0037
vn 0.6884 0.7252 0.0133
vn 0.8801 0.4745 0.0180
vn 0.9091 0.4156 0.0267
vn 0.9839 0.1746 0.0389
vn -0.9557 -0.2861 -0.0693
vn -0.9430 -0.3225 -0.0825
vn -0.9869 0.0931 -0.1318
vn -0.9876 0.0849 -0.1321
vn -0.8633 0.4792 -0.1582
vn -0.8672 0.4720 -0.1589
vn -0.6263 0.7631 -0.1596
vn -0.6325 0.7577 -0.1606
vn -0.2418 0.9612 -0.1331
vn -0.2496 0.9589 -0.1351
vn 0.2750 0.9590 -0.0688
vn 0.2672 0.9610 -0.0713
vn 0.6533 0.7571 -0.0003
vn 0.6472 0.7623 -0.0025
vn 0.8806 0.4702 0.0589
vn 0.8769 0.4774 0.0566
vn 0.9900 0.0824 0.1143
vn 0.9895 0.0904 0.1123
vn 0.9361 -0.3177 0.1508
vn 0.9438 -0.3240 0.0651
vn 0.9733 -0.2249 0.0457
vn -0.9424 -0.2525 0.2194
vn -0.9192 -0.3363 0.2049
vn -0.8286 -0.5198 0.2078
vn -0.6912 -0.6912 0.2110
vn -0.6773 -0.7062 0.2064
vn -0.3319 -0.9216 0.2011
vn -0.2527 -0.9429 0.2168
vn -0.0666 -0.9760 0.2075
vn 0.1379 -0.9688 0.2059
vn 0.2524 -0.9420 0.2214
vn 0.3839 -0.9000 0.2065
vn 0.5625 -0.8004 0.2071
vn 0.6899 -0.6899 0.2194
vn 0.7509 -0.6279 0.2049
vn 0.8645 -0.4577 0.2078
vn 0.9442 -0.2530 0.2110
vn 0.9502 -0.2334 0.2064
vn 0.9641 0.1734 0.2011
vn 0.9429 0.2527 0.2168
vn 0.8785 0.4303 0.2075
vn 0.7701 0.6038 0.2059
vn 0.6896 0.6896 0.2214
vn 0.5875 0.7824 0.2065
vn 0.4119 0.8874 0.2071
vn 0.2525 0.9424 0.2194
vn 0.1683 0.9642 0.2049
vn -0.0358 0.9775 0.2078
vn -0.2530 0.9442 0.2109
vn -0.2729 0.9396 0.2064
vn -0.6322 0.7482 0.2011
vn -0.6903 0.6903 0.2168
vn -0.8119 0.5456 0.2075
vn -0.9079 0.3650 0.2059
vn -0.9420 0.2524 0.2214
vn -0.9714 0.1176 0.2065
vn -0.9744 -0.0869 0.2071
vn -0.6912 -0.6912 0.2109
vn 0.9442 -0.2530 0.2109
vn -0.2530 0.9442 0.2110
vn -0.8287 -0.5198 0.2078
vn 0.8785 0.4303 0.2074
vn 0.9658 -0.2588 -0.0151
vn 0.9658 0.2588 -0.0151
vn 0.8063 0.5914 -0.0126
vn 0.7070 0.7070 0.0133
vn -0.2588 -0.9659 0.0040
vn 0.2587 -0.9659 -0.0041
vn 0.2588 -0.9659 -0.0040
vn 0.6257 -0.7800 -0.0098
vn 0.7070 -0.7070 0.0133
vn 0.8063 -0.5914 -0.0126
vn -0.9658 0.2588 0.0151
vn -0.9658 -0.2588 0.0151
vn -0.8063 -0.5914 0.0126
vn -0.7066 -0.7066 0.0362
vn -0.6257 -0.7800 0.0098
vn -0.2587 -0.9659 0.0040
vn -0.6241 0.7796 0.0528
vn -0.8063 0.5914 0.0126
vn 0.6257 0.7800 -0.0098
vn 0.2587 0.9659 -0.0040
vn 0.2588 0.9659 -0.0041
vn -0.2587 0.9659 0.0040
vn -0.2588 0.9659 0.0040
vn -0.7071 0.7071 0.0110
vn -0.0001 1.0000 0.0003
vn 0.6885 0.7252 0.0026
vn 0.2505 0.9681 0.0009
vn -0.1887 0.9820 -0.0007
vn -0.2498 0.9655 0.0734
vn -0.4291 0.9032 -0.0016
vn -0.6885 0.7252 -0.0026
vn 0.9997 0.0244 0.0037
vn 0.9846 0.1746 0.0037
vn 0.9485 0.2987 0.1054
vn 0.9095 0.4157 0.0034
vn 0.9733 -0.2249 0.0452
vn 0.9798 -0.1999 0.0036
vn 0.7780 -0.6282 0.0029
vn 0.7593 -0.6494 0.0431
vn 0.5959 -0.8030 0.0022
vn 0.4751 -0.8800 0.0018
vn -0.8944 0.4081 0.1832
vn -0.9538 0.3003 -0.0035
vn -0.6885 0.7252 -0.0025
vn -0.9846 0.1747 -0.0037
vn -0.9997 0.0244 -0.0037
vn -0.9793 -0.1998 0.0320
vn -0.9743 -0.2251 -0.0036
vn -0.7599 -0.6500 -0.0028
vn -0.7600 -0.6500 -0.0028
vn -0.4750 -0.8800 -0.0018
vn -0.4751 -0.8800 -0.0018
vn -0.0003 -1.0000 0.0001
vn 0.0001 -1.0000 -0.0000
vn -0.0001 -1.0000 0.0002
vn -0.0003 -1.0000 -0.0000
vn 0.0001 -1.0000 0.0002
vn -0.0000 -1.0000 -0.0003
vn -0.0000 -1.0000 -0.0001
vn -0.0002 -1.0000 -0.0004
vn -0.0002 -1.0000 -0.0002
vn -0.0001 -1.0000 -0.0002
vn 0.0001 -1.0000 0.0001
vn -0.0002 -1.0000 0.0020
vn 0.0001 -1.0000 -0.0002
vn -0.0002 -1.0000 0.0003
vn -0.0002 -1.0000 -0.0000
vn -0.0002 -1.0000 0.0001
vn -0.9486 0.2542 0.1887
vn -0.6944 0.6944 0.1887
vn -0.2542 0.9486 0.1887
vn 0.2542 0.9486 0.1887
vn 0.6944 0.6944 0.1887
vn 0.9486 0.2542 0.1887
vn 0.9486 -0.2542 0.1887
vn 0.6944 -0.6944 0.1887
vn 0.2542 -0.9486 0.1887
vn -0.2542 -0.9486 0.1887
vn -0.6944 -0.6944 0.1887
vn -0.9486 -0.2542 0.1887
vn -0.8116 0.2175 0.5423
vn -0.5941 0.5941 0.5423
vn -0.2175 0.8116 0.5423
vn 0.2175 0.8116 0.5423
vn 0.5941 0.5941 0.5423
vn 0.8116 0.2175 0.5423
vn 0.8116 -0.2175 0.5423
vn 0.5941 -0.5941 0.5423
vn 0.2175 -0.8116 0.5423
vn -0.2175 -0.8116 0.5423
vn -0.5941 -0.5941 0.5423
vn -0.8116 -0.2175 0.5423
vn -0.5495 0.1472 0.8224
vn -0.4023 0.4023 0.8224
vn -0.1472 0.5495 0.8224
vn 0.1472 0.5495 0.8224
vn 0.4023 0.4023 0.8224
vn 0.5495 0.1472 0.8224
vn 0.5495 -0.1472 0.8224
vn 0.4023 -0.4023 0.8224
vn 0.1472 -0.5495 0.8224
vn -0.1472 -0.5495 0.8224
vn -0.4023 -0.4023 0.8224
vn -0.5495 -0.1472 0.8224
vn -0.1948 0.0522 0.9794
vn -0.1426 0.1426 0.9794
vn -0.0522 0.1948 0.9794
vn 0.0522 0.1948 0.9794
vn 0.1426 0.1426 0.9794
vn 0.1948 0.0522 0.9795
vn 0.1948 0.0522 0.9794
vn 0.1948 -0.0522 0.9794
vn 0.1426 -0.1426 0.9794
vn 0.0522 -0.1948 0.9794
vn -0.0522 -0.1948 0.9794
vn -0.1426 -0.1426 0.9794
vn -0.1948 -0.0522 0.9794
vn 0.8668 -0.4590 0.1950
vn -0.0133 -0.1951 0.9807
vn -0.1623 0.1091 0.9807
vn 0.1756 0.0860 0.9807
vn 0.1180 0.1571 0.9805
vn 0.1550 0.1215 0.9804
vn 0.0825 0.1776 0.9806
vn -0.0071 0.1951 0.9808
vn -0.0556 0.1914 0.9799
vn -0.1950 0.0236 0.9805
vn -0.1828 0.0735 0.9804
vn -0.1951 -0.0174 0.9806
vn -0.1654 -0.1037 0.9808
vn -0.1379 -0.1438 0.9799
vn 0.0771 -0.1807 0.9805
vn 0.0277 -0.1950 0.9804
vn 0.1518 -0.1270 0.9802
vn 0.1126 -0.1602 0.9806
vn 0.1725 -0.0914 0.9808
vn 0.1935 -0.0475 0.9799
vn 0.2919 0.1984 0.9356
vn 0.4665 0.3170 0.8257
vn 0.4666 0.3170 0.8257
vn 0.6924 0.4705 0.5471
vn -0.1573 0.5417 0.8257
vn -0.2335 0.8038 0.5471
vn -0.3178 0.1536 0.9356
vn -0.5078 0.2455 0.8257
vn -0.7536 0.3644 0.5471
vn -0.3904 -0.4071 0.8257
vn -0.5794 -0.6041 0.5471
vn 0.0258 -0.3520 0.9356
vn 0.0413 -0.5626 0.8257
vn 0.0613 -0.8348 0.5471
vn 0.9807 -0.0155 0.1951
vn 0.9281 0.1669 0.3327
vn 0.8239 0.1482 0.5471
vn 0.5552 0.0999 0.8257
vn 0.5551 0.0999 0.8257
vn 0.1961 0.0353 0.9799
vn 0.2032 0.3278 0.9226
vn 0.2973 0.4794 0.8257
vn 0.4411 0.7114 0.5471
vn 0.4211 0.6790 0.6014
vn 0.4130 0.8897 0.1944
vn 0.9631 0.1889 0.1916
vn 0.8809 0.4315 0.1947
vn 0.6790 0.4614 0.5710
vn 0.7721 0.6054 0.1932
vn 0.5891 0.7845 0.1937
vn 0.1333 0.9725 0.1910
vn 0.1136 0.8293 0.5471
vn 0.0766 0.5588 0.8257
vn 0.0380 0.2774 0.9600
vn 0.0340 0.1950 0.9802
vn 0.1480 0.8481 0.5087
vn -0.0359 0.9802 0.1950
vn -0.2738 0.9426 0.1910
vn -0.4770 0.8570 0.1951
vn -0.6087 0.7203 0.3327
vn -0.5403 0.6394 0.5471
vn -0.3641 0.4308 0.8257
vn -0.1286 0.1522 0.9799
vn -0.3855 0.0121 0.9226
vn -0.5638 0.0177 0.8257
vn -0.8367 0.0263 0.5471
vn -0.7986 0.0251 0.6014
vn -0.9771 -0.0872 0.1944
vn -0.6452 0.7396 0.1916
vn -0.8141 0.5471 0.1947
vn -0.7391 0.3573 0.5710
vn -0.9103 0.3660 0.1932
vn -0.9739 0.1179 0.1937
vn -0.9088 -0.3708 0.1910
vn -0.7750 -0.3162 0.5471
vn -0.5223 -0.2131 0.8257
vn -0.2593 -0.1058 0.9600
vn -0.1859 -0.0680 0.9802
vn -0.8085 -0.2959 0.5087
vn -0.8309 -0.5212 0.1950
vn -0.6794 -0.7084 0.1910
vn -0.5037 -0.8416 0.1951
vn -0.3195 -0.8873 0.3327
vn -0.2836 -0.7876 0.5471
vn -0.1911 -0.5307 0.8257
vn -0.0675 -0.1875 0.9799
vn 0.1822 -0.3399 0.9226
vn 0.2665 -0.4971 0.8257
vn 0.3955 -0.7377 0.5471
vn 0.3775 -0.7042 0.6014
vn 0.5640 -0.8026 0.1943
vn -0.3179 -0.9286 0.1916
vn -0.0667 -0.9786 0.1947
vn 0.0601 -0.8188 0.5710
vn 0.1382 -0.9714 0.1932
vn 0.3849 -0.9024 0.1937
vn 0.2212 -0.1716 0.9600
vn 0.4457 -0.3457 0.8257
vn 0.6614 -0.5131 0.5471
vn 0.7756 -0.6017 0.1910
vn 0.6605 -0.5523 0.5087
vn 0.5478 -0.1346 0.8257
vn 0.8129 -0.1997 0.5471
vn 0.9532 -0.2342 0.1910
vn 0.1646 0.0733 0.9836
vn 0.1689 0.0246 0.9853
vn 0.1875 -0.0000 0.9823
vn 0.1907 0.0033 0.9816
vn 0.1189 0.1622 0.9796
vn 0.1308 0.1154 0.9847
vn 0.1532 0.0759 0.9853
vn 0.1134 0.1260 0.9855
vn 0.0560 0.1723 0.9834
vn 0.0401 0.1614 0.9861
vn -0.0192 0.1825 0.9830
vn -0.0290 0.1675 0.9855
vn -0.0903 0.1564 0.9836
vn -0.0917 0.1455 0.9851
vn -0.1446 0.1051 0.9839
vn -0.1456 0.1080 0.9834
vn -0.1646 0.0425 0.9855
vn -0.1757 0.0373 0.9837
vn -0.1722 0.0032 0.9851
vn 0.0496 -0.1525 0.9871
vn -0.0493 -0.1983 0.9789
vn -0.0163 -0.1552 0.9878
vn -0.1203 -0.1641 0.9791
vn -0.0843 -0.1459 0.9857
vn -0.1320 -0.1164 0.9844
vn -0.1517 -0.1102 0.9823
vn -0.1458 -0.0722 0.9867
vn -0.1832 -0.0389 0.9823
vn -0.1744 -0.0254 0.9843
vn -0.1722 -0.0030 0.9851
vn 0.1849 -0.0035 0.9828
vn 0.1569 -0.0405 0.9868
vn 0.1710 -0.0761 0.9823
vn 0.1328 -0.0985 0.9862
vn 0.1255 -0.1394 0.9822
vn 0.0871 -0.1382 0.9866
vn 0.0360 -0.2075 0.9776
vn -0.5786 0.7964 0.1759
vn -0.7652 0.6196 0.1747
vn -0.7811 0.5675 0.2605
vn -0.3749 0.8421 0.3877
vn -0.4925 0.8530 0.1731
vn -0.1540 0.9725 0.1747
vn -0.1009 0.9602 0.2605
vn 0.0515 0.9829 0.1766
vn 0.3044 0.9367 0.1731
vn 0.6590 0.7319 0.1731
vn 0.8255 0.5361 0.1766
vn 0.8820 0.3927 0.2605
vn 0.9192 0.3529 0.1747
vn 0.9790 0.1029 0.1759
vn 0.9575 -0.0000 0.2885
vn 0.9790 -0.1029 0.1759
vn 0.9192 -0.3529 0.1747
vn 0.8820 -0.3927 0.2605
vn 0.8255 -0.5361 0.1766
vn 0.6590 -0.7319 0.1731
vn 0.3044 -0.9367 0.1731
vn 0.0515 -0.9829 0.1766
vn -0.1009 -0.9602 0.2605
vn -0.1540 -0.9725 0.1747
vn -0.8770 0.4469 0.1766
vn -0.9634 0.2048 0.1731
vn -0.9634 -0.2048 0.1731
vn -0.8770 -0.4469 0.1766
vn -0.7811 -0.5675 0.2605
vn -0.7652 -0.6196 0.1747
vn -0.4925 -0.8530 0.1731
vn -0.5418 -0.7457 0.3877
vn -0.4004 -0.8993 0.1759
vn -0.8273 0.1758 0.5336
vn -0.6842 0.4971 0.5336
vn -0.4229 0.7324 0.5336
vn -0.0884 0.8411 0.5336
vn 0.2613 0.8043 0.5336
vn 0.5659 0.6285 0.5336
vn 0.7726 0.3440 0.5336
vn 0.8457 -0.0000 0.5336
vn 0.7726 -0.3440 0.5336
vn 0.5659 -0.6285 0.5336
vn 0.2613 -0.8043 0.5336
vn -0.0884 -0.8411 0.5336
vn -0.4229 -0.7324 0.5336
vn -0.6842 -0.4971 0.5336
vn -0.8273 -0.1758 0.5336
vn -0.5306 0.1128 0.8401
vn -0.4389 0.3189 0.8401
vn -0.2712 0.4698 0.8401
vn -0.0567 0.5395 0.8401
vn 0.1676 0.5159 0.8401
vn 0.3630 0.4031 0.8401
vn 0.4956 0.2206 0.8401
vn 0.5425 -0.0000 0.8401
vn 0.4956 -0.2206 0.8401
vn 0.3630 -0.4031 0.8401
vn 0.1676 -0.5159 0.8401
vn -0.0567 -0.5395 0.8401
vn -0.2712 -0.4698 0.8401
vn -0.4389 -0.3189 0.8401
vn -0.5306 -0.1128 0.8401
vn 0.6923 0.4705 0.5471
vn 0.9807 -0.0154 0.1951
vn 0.8238 0.1482 0.5471
vn -0.3641 0.4309 0.8257
vn 0.5640 -0.8026 0.1944
vn -0.0359 0.9802 0.1949
vn -0.6086 0.7203 0.3327
vn -0.8141 0.5471 0.1946
vn -0.2592 -0.1058 0.9600
vn -0.3179 -0.9285 0.1916
vn -0.2335 0.8039 0.5471
vn 0.1267 0.9919 -0.0000
vn 0.4864 0.8737 -0.0000
vn 0.8500 0.5268 -0.0000
vn 0.9887 0.1499 -0.0000
vn 0.9989 0.0468 0.0053
vn 0.9946 -0.1034 -0.0000
vn 0.8955 -0.4450 -0.0000
vn 0.5660 -0.8244 -0.0000
vn 0.0936 -0.9956 -0.0000
vn -0.4025 -0.9154 -0.0000
vn -0.7970 -0.6040 -0.0000
vn -0.9806 -0.1960 -0.0000
vn -0.9901 -0.1401 0.0038
vn -0.9984 0.0567 -0.0000
vn -0.9712 0.2381 -0.0000
vn 0.4751 -0.8800 -0.0000
vn -0.4751 -0.8800 -0.0000
vn -0.7600 -0.6500 -0.0000
vn -0.9798 -0.1999 -0.0000
vn -0.9538 0.3003 -0.0000
vn -0.6885 0.7252 -0.0000
vn -0.2505 0.9681 -0.0000
vn 0.2505 0.9681 -0.0000
vn 0.6885 0.7252 -0.0000
vn 0.9538 0.3003 -0.0000
vn 0.9798 -0.1999 -0.0000
vn 0.7600 -0.6500 -0.0000
vn 0.3223 0.9466 -0.0000
vn 0.7145 0.6996 -0.0000
vn 0.9506 0.3103 -0.0000
vn 0.9506 -0.3103 -0.0000
vn 0.7145 -0.6996 -0.0000
vn 0.3223 -0.9466 -0.0000
vn -0.9391 -0.3436 -0.0000
vn -0.9659 -0.2588 -0.0052
vn -0.8471 -0.5314 -0.0000
vn -0.7071 -0.7071 -0.0028
vn -0.6922 -0.7217 -0.0012
vn -0.2588 -0.9659 -0.0044
vn -0.3239 -0.9461 -0.0000
vn -0.5136 -0.8581 -0.0000
vn 0.2588 -0.9659 -0.0057
vn 0.1409 -0.9900 -0.0000
vn -0.0680 -0.9977 -0.0000
vn 0.7071 -0.7071 -0.0052
vn 0.5750 -0.8182 -0.0000
vn 0.3923 -0.9198 -0.0000
vn 0.9999 -0.0157 -0.0000
vn 0.9711 -0.2386 -0.0012
vn 0.9659 -0.2588 -0.0028
vn 0.8838 -0.4679 -0.0000
vn 0.7671 -0.6415 -0.0000
vn 0.9813 0.1925 -0.0000
vn 0.9659 0.2588 -0.0044
vn 0.8980 0.4399 -0.0000
vn 0.7869 0.6170 -0.0000
vn 0.7071 0.7071 -0.0057
vn 0.6004 0.7997 -0.0000
vn 0.4211 0.9070 -0.0000
vn 0.2588 0.9659 -0.0052
vn 0.1720 0.9851 -0.0000
vn -0.0366 0.9993 -0.0000
vn -0.2588 0.9659 -0.0028
vn -0.2789 0.9603 -0.0012
vn -0.7071 0.7071 -0.0044
vn -0.6574 0.7536 -0.0000
vn -0.4863 0.8738 -0.0000
vn -0.9960 -0.0889 -0.0000
vn -0.9659 0.2588 -0.0057
vn -0.9278 0.3730 -0.0000
vn -0.8300 0.5578 -0.0000
vn -0.9659 -0.2588 -0.0030
vn -0.7071 -0.7071 -0.0046
vn -0.7771 -0.6293 -0.0000
vn -0.2588 -0.9659 -0.0046
vn -0.4067 -0.9135 -0.0000
vn -0.5878 -0.8090 -0.0000
vn 0.2588 -0.9659 -0.0030
vn 0.0523 -0.9986 -0.0000
vn 0.7071 -0.7071 -0.0030
vn 0.6691 -0.7431 -0.0000
vn 0.3090 -0.9511 -0.0000
vn 0.9659 -0.2588 -0.0046
vn 0.9336 -0.3584 -0.0000
vn 0.8387 -0.5446 -0.0000
vn 0.9659 0.2588 -0.0046
vn 0.9945 0.1045 -0.0000
vn 0.9945 -0.1045 -0.0000
vn 0.7071 0.7071 -0.0030
vn 0.8387 0.5446 -0.0000
vn 0.9336 0.3584 -0.0000
vn 0.2588 0.9659 -0.0030
vn 0.3090 0.9511 -0.0000
vn 0.6691 0.7431 -0.0000
vn -0.2588 0.9659 -0.0046
vn 0.0523 0.9986 -0.0000
vn -0.7071 0.7071 -0.0046
vn -0.5878 0.8090 -0.0000
vn -0.4067 0.9135 -0.0000
vn -0.9781 -0.2079 -0.0000
vn -0.9781 0.2079 -0.0000
vn -0.9659 0.2588 -0.0030
vn -0.7771 0.6293 -0.0000
vn 0.7870 0.6170 -0.0000
vn 0.8838 -0.4680 -0.0000
vn -0.0236 0.9997 -0.0000
vn -0.1112 0.9938 -0.0030
vn -0.7892 0.6141 -0.0000
vn -0.7701 0.6380 -0.0032
vn -0.1239 0.9923 -0.0000
vn -0.1253 0.9921 -0.0012
vn -0.3011 0.9536 0.0013
vn -0.3513 0.9362 -0.0052
vn -0.7161 0.6980 -0.0000
vn -0.6393 0.7690 -0.0000
vn -0.5902 0.8072 -0.0060
vn -0.5290 0.8486 -0.0000
vn -0.4375 0.8992 -0.0000
vn -0.8734 0.4871 -0.0000
vn -0.8860 0.4637 -0.0058
vn -0.9999 -0.0104 -0.0000
vn -0.9969 0.0784 -0.0047
vn -0.9972 0.0753 -0.0038
vn -0.9865 0.1635 -0.0000
vn -0.9800 0.1989 -0.0000
vn -0.9723 0.2337 0.0024
vn -0.9544 0.2985 -0.0050
vn -0.9432 0.3324 -0.0000
vn -0.9169 0.3991 -0.0000
vn -0.9966 -0.0820 -0.0000
vn -0.9915 -0.1300 -0.0081
vn -0.9829 -0.1839 -0.0000
vn -0.9672 -0.2539 -0.0000
vn -0.9440 -0.3299 -0.0057
vn -0.9388 -0.3446 -0.0019
vn -0.8567 -0.5158 -0.0077
vn -0.8762 -0.4820 -0.0000
vn -0.9084 -0.4180 -0.0000
vn -0.7332 -0.6799 -0.0071
vn -0.7791 -0.6269 -0.0000
vn -0.8220 -0.5695 -0.0000
vn -0.5788 -0.8154 -0.0067
vn -0.6015 -0.7989 -0.0004
vn -0.7095 -0.7047 0.0003
vn -0.4000 -0.9165 -0.0079
vn -0.4550 -0.8905 -0.0000
vn -0.5176 -0.8556 -0.0000
vn -0.1228 -0.9924 -0.0000
vn -0.2135 -0.9769 -0.0057
vn -0.2043 -0.9789 -0.0031
vn -0.2934 -0.9560 -0.0000
vn -0.3611 -0.9325 -0.0000
vn -0.0514 -0.9987 -0.0000
vn -0.0000 -1.0000 -0.0081
vn 0.0514 -0.9987 -0.0000
vn 0.1228 -0.9924 -0.0000
vn 0.1318 -0.9913 -0.0006
vn 0.2135 -0.9769 0.0017
vn 0.2329 -0.9725 -0.0021
vn 0.2934 -0.9560 -0.0000
vn 0.3611 -0.9325 -0.0000
vn 0.4000 -0.9165 -0.0079
vn 0.4550 -0.8905 -0.0000
vn 0.5176 -0.8556 -0.0000
vn 0.5788 -0.8154 -0.0067
vn 0.6015 -0.7989 -0.0004
vn 0.7095 -0.7047 0.0003
vn 0.7332 -0.6799 -0.0071
vn 0.7791 -0.6269 -0.0000
vn 0.8220 -0.5695 -0.0000
vn 0.8567 -0.5158 -0.0077
vn 0.8762 -0.4820 -0.0000
vn 0.9440 -0.3299 -0.0057
vn 0.9388 -0.3446 -0.0019
vn 0.9084 -0.4180 -0.0000
vn 0.9915 -0.1300 -0.0081
vn 0.9829 -0.1839 -0.0000
vn 0.9672 -0.2539 -0.0000
vn 0.9865 0.1635 -0.0000
vn 0.9969 0.0784 -0.0037
vn 0.9972 0.0753 -0.0045
vn 0.9999 -0.0104 -0.0000
vn 0.9966 -0.0820 -0.0000
vn 0.9723 0.2337 -0.0000
vn 0.9800 0.1989 0.0063
vn 0.9431 0.3324 -0.0089
vn 0.9544 0.2985 -0.0000
vn 0.9169 0.3991 -0.0000
vn 0.8859 0.4637 -0.0058
vn 0.8734 0.4871 -0.0000
vn 0.1112 0.9938 -0.0000
vn 0.0236 0.9996 -0.0143
vn 0.7892 0.6141 -0.0000
vn 0.7701 0.6380 -0.0032
vn 0.7161 0.6980 -0.0000
vn 0.6393 0.7690 -0.0000
vn 0.5902 0.8072 -0.0060
vn 0.4375 0.8992 -0.0000
vn 0.3513 0.9362 -0.0052
vn 0.3011 0.9536 0.0013
vn 0.1253 0.9921 -0.0012
vn 1.0000 -0.0015 -0.0000
vn 1.0000 -0.0012 -0.0000
vn 1.0000 0.0031 -0.0008
vn 1.0000 0.0036 -0.0004
vn 1.0000 0.0099 0.0002
vn 1.0000 0.0075 0.0001
vn -1.0000 0.0025 -0.0010
vn -1.0000 0.0065 0.0002
vn -1.0000 -0.0001 -0.0000
vn -1.0000 -0.0006 -0.0000
vn -1.0000 -0.0018 -0.0000
vn -1.0000 0.0007 -0.0002
vn -1.0000 0.0003 -0.0047
vn -1.0000 0.0010 -0.0026
vn -0.9814 0.1922 -0.0000
vn -0.7145 0.6996 -0.0000
vn -0.4548 0.8906 -0.0000
vn -0.2001 0.9798 -0.0000
vn 0.2001 0.9798 -0.0000
vn 0.4548 0.8906 -0.0000
vn 0.8981 0.4397 -0.0000
vn 0.9814 0.1922 -0.0000
vn 0.9814 -0.1922 -0.0000
vn 0.8981 -0.4397 -0.0000
vn 0.4548 -0.8906 -0.0000
vn 0.2001 -0.9798 -0.0000
vn -0.2001 -0.9798 -0.0000
vn -0.4548 -0.8906 -0.0000
vn -0.7145 -0.6996 -0.0000
vn -0.9814 -0.1922 -0.0000
vn 0.5628 0.8266 -0.0000
vn 0.2474 0.9689 -0.0000
vn -0.2474 0.9689 -0.0000
vn -0.5628 0.8266 -0.0000
vn -0.8374 0.5466 -0.0000
vn -0.9713 0.2378 -0.0000
vn -0.9713 -0.2378 -0.0000
vn -0.8374 -0.5466 -0.0000
vn -0.5628 -0.8266 -0.0000
vn -0.2474 -0.9689 -0.0000
vn 0.2474 -0.9689 -0.0000
vn 0.5628 -0.8266 -0.0000
vn -0.9506 0.3103 -0.0000
vn -0.8060 0.5919 -0.0000
vn -0.6081 0.7939 -0.0000
vn -0.6081 -0.7939 -0.0000
vn -0.8060 -0.5919 -0.0000
vn -0.9506 -0.3103 -0.0000
vn -0.8530 -0.5220 -0.0000
vn 0.8586 0.5126 -0.0000
vn 0.6738 -0.7389 -0.0000
vn 0.8374 0.5466 -0.0000
vn 0.9713 -0.2378 -0.0000
vn 0.1444 -0.9895 -0.0000
vn -0.1678 -0.9858 -0.0000
vn -0.6684 0.7438 -0.0000
vn -0.8982 -0.4397 -0.0000
vn -0.8981 -0.4397 -0.0000
vn 0.1678 0.9858 -0.0000
vn 0.3223 -0.9467 -0.0000
vn -0.1444 -0.9895 -0.0000
vn -0.3782 -0.9257 -0.0000
vn -0.7660 0.6429 -0.0000
vn 0.7660 -0.6429 -0.0000
vn 0.8854 0.4647 0.0121
vn 0.7072 0.7069 0.0125
vn 0.5680 0.8229 0.0161
vn 0.5175 0.8556 0.0123
vn 0.1205 0.9926 0.0121
vn -0.3546 0.9349 0.0121
vn -0.7485 0.6631 0.0121
vn -0.9709 0.2393 0.0121
vn -0.9709 -0.2393 0.0121
vn -0.7485 -0.6631 0.0121
vn -0.3546 -0.9349 0.0121
vn 0.1205 -0.9926 0.0121
vn 0.5680 -0.8229 0.0121
vn 0.8854 -0.4647 0.0121
vn 0.9926 -0.1205 0.0124
vn 0.9926 0.1205 0.0124
vn 0.7463 0.6655 0.0125
vn 0.7049 0.7092 0.0125
vn -0.8314 -0.5555 0.0088
vn -0.5555 -0.8314 0.0088
vn -0.1951 -0.9807 0.0088
vn 0.1951 -0.9807 0.0088
vn 0.5555 -0.8314 0.0088
vn 0.8314 -0.5555 0.0088
vn 0.9807 -0.1951 0.0088
vn 0.9807 0.1951 0.0088
vn 0.8314 0.5555 0.0088
vn 0.5555 0.8314 0.0088
vn 0.1951 0.9807 0.0088
vn -0.1951 0.9807 0.0088
vn -0.5555 0.8314 0.0088
vn -0.8314 0.5555 0.0088
vn -0.9807 0.1951 0.0088
vn -0.9807 -0.1951 0.0088
vn -0.4814 0.3746 -0.7924
vn -0.7150 0.5563 -0.4234
vn -0.1125 0.9629 -0.2451
vn -0.1180 0.9725 -0.2006
vn -0.2653 0.9522 -0.1514
vn -0.2699 0.8549 -0.4431
vn -0.4103 0.9119 0.0122
vn -0.4327 0.7645 -0.4778
vn -0.5340 0.8384 -0.1094
vn -0.6369 0.7202 -0.2751
vn -0.5947 0.6898 -0.4130
vn -0.7593 0.6504 -0.0217
vn -0.7391 0.5751 -0.3507
vn -0.8088 0.5612 -0.1757
vn -0.1392 0.1083 -0.9843
vn -0.1259 0.1228 -0.9844
vn -0.1645 0.1860 -0.9687
vn -0.1127 0.1355 -0.9843
vn -0.0558 0.4482 -0.8922
vn -0.0291 0.2334 -0.9720
vn -0.0932 0.1495 -0.9844
vn -0.1309 0.2314 -0.9640
vn -0.0770 0.1582 -0.9844
vn -0.0532 0.1685 -0.9843
vn -0.0257 0.1742 -0.9844
vn -0.0074 0.0591 -0.9982
vn -0.3360 0.2614 -0.9049
vn -0.4226 0.3363 -0.8416
vn -0.3586 0.4054 -0.8409
vn -0.3585 0.4054 -0.8409
vn -0.2666 0.4710 -0.8409
vn -0.1630 0.5161 -0.8409
vn -0.1629 0.5161 -0.8409
vn -0.0730 0.5350 -0.8417
vn -0.0780 0.6280 -0.7743
vn -0.6269 0.4878 -0.6075
vn -0.6617 0.5222 -0.5381
vn -0.5589 0.6319 -0.5370
vn -0.4155 0.7341 -0.5370
vn -0.4155 0.7342 -0.5370
vn -0.2540 0.8044 -0.5370
vn -0.1039 0.8365 -0.5380
vn -0.1071 0.7962 -0.5955
vn -0.6927 -0.1464 -0.7062
vn 0.0507 -0.7062 -0.7062
vn 0.7065 -0.0459 -0.7062
vn -0.1179 -0.2307 -0.9659
vn 0.2129 -0.1475 -0.9659
vn 0.2266 0.1264 -0.9658
vn 0.2374 0.1033 -0.9659
vn 0.3181 0.1217 -0.9402
vn 0.2587 0.0203 -0.9658
vn 0.2554 0.0423 -0.9659
vn 0.3019 0.0681 -0.9509
vn 0.2521 0.0606 -0.9658
vn 0.2443 0.0861 -0.9659
vn 0.2547 -0.0477 -0.9659
vn 0.2583 -0.0213 -0.9658
vn 0.3183 -0.0207 -0.9478
vn 0.2588 -0.0027 -0.9659
vn 0.2436 -0.0894 -0.9658
vn 0.2283 -0.1233 -0.9658
vn 0.2561 -0.1409 -0.9563
vn 0.2352 -0.1082 -0.9659
vn 0.1841 -0.1828 -0.9658
vn 0.1561 -0.2073 -0.9658
vn 0.1340 -0.2215 -0.9659
vn 0.1659 -0.3023 -0.9386
vn 0.0554 -0.2535 -0.9658
vn 0.0759 -0.2474 -0.9659
vn 0.1050 -0.2801 -0.9542
vn 0.0936 -0.2418 -0.9658
vn 0.1179 -0.2307 -0.9659
vn -0.0133 -0.2588 -0.9658
vn 0.0133 -0.2588 -0.9658
vn 0.0235 -0.3266 -0.9449
vn 0.0318 -0.2569 -0.9659
vn -0.0554 -0.2535 -0.9658
vn -0.0910 -0.2429 -0.9658
vn -0.1111 -0.2870 -0.9515
vn -0.0759 -0.2474 -0.9659
vn -0.1561 -0.2073 -0.9658
vn -0.1841 -0.1828 -0.9658
vn -0.2017 -0.1623 -0.9659
vn -0.2790 -0.2071 -0.9377
vn -0.2436 -0.0894 -0.9658
vn -0.2352 -0.1082 -0.9659
vn -0.2536 -0.1369 -0.9576
vn -0.2272 -0.1250 -0.9658
vn -0.2129 -0.1475 -0.9659
vn -0.2583 -0.0213 -0.9658
vn -0.2547 -0.0477 -0.9659
vn -0.3275 -0.0692 -0.9423
vn -0.2504 -0.0657 -0.9659
vn -0.2444 0.0861 -0.9659
vn -0.2521 0.0606 -0.9658
vn -0.3019 0.0681 -0.9509
vn -0.2554 0.0423 -0.9659
vn -0.2586 0.0203 -0.9658
vn -0.2587 0.0203 -0.9658
vn -0.1539 0.0858 -0.9844
vn -0.2282 0.1229 -0.9658
vn 0.6613 0.2529 -0.7062
vn 0.6907 0.1558 -0.7062
vn 0.6906 0.1558 -0.7062
vn 0.6927 -0.1465 -0.7062
vn 0.6647 -0.2439 -0.7062
vn 0.6646 -0.2440 -0.7062
vn 0.6230 -0.3364 -0.7062
vn 0.2484 -0.6630 -0.7062
vn 0.3406 -0.6207 -0.7062
vn 0.3407 -0.6207 -0.7062
vn 0.4259 -0.5656 -0.7062
vn 0.5023 -0.4990 -0.7062
vn 0.5023 -0.4989 -0.7062
vn 0.5685 -0.4220 -0.7062
vn -0.0507 -0.7062 -0.7062
vn -0.1511 -0.6917 -0.7062
vn -0.2485 -0.6630 -0.7062
vn -0.6230 -0.3364 -0.7062
vn -0.5685 -0.4220 -0.7062
vn -0.5023 -0.4989 -0.7062
vn -0.4259 -0.5656 -0.7062
vn -0.3406 -0.6207 -0.7062
vn -0.7065 -0.0459 -0.7062
vn -0.7058 0.0555 -0.7062
vn -0.6907 0.1558 -0.7062
vn -0.6613 0.2529 -0.7062
vn -0.7911 0.4412 -0.4237
vn -0.6936 0.3868 -0.6078
vn -0.6203 0.3410 -0.7063
vn -0.5325 0.2970 -0.7926
vn -0.3716 0.2072 -0.9050
vn 0.5325 0.2970 -0.7926
vn 0.6203 0.3410 -0.7063
vn 0.6936 0.3868 -0.6078
vn 0.8438 0.4705 -0.2582
vn 0.8437 0.4706 -0.2582
vn 0.8873 0.3817 -0.2587
vn 0.8208 0.3139 -0.4773
vn 0.9124 0.3172 -0.2586
vn 0.9424 0.2126 -0.2582
vn 0.8947 0.2115 -0.3934
vn 0.9535 0.1543 -0.2588
vn 0.2586 0.0203 -0.9658
vn 0.7058 0.0555 -0.7062
vn 0.9631 0.0757 -0.2582
vn 0.9658 -0.0132 -0.2588
vn 0.8936 -0.0581 -0.4452
vn 0.6927 -0.1464 -0.7062
vn 0.3275 -0.0692 -0.9423
vn 0.2504 -0.0657 -0.9659
vn 0.9069 -0.3329 -0.2582
vn 0.9336 -0.2479 -0.2588
vn 0.8761 -0.1852 -0.4452
vn 0.9490 -0.1804 -0.2585
vn 0.9625 -0.0824 -0.2585
vn 0.8765 -0.4059 -0.2588
vn 0.8155 -0.4404 -0.3755
vn 0.2790 -0.2071 -0.9377
vn 0.2017 -0.1623 -0.9659
vn 0.8453 -0.4677 -0.2584
vn 0.7929 -0.5517 -0.2586
vn 0.7056 -0.5238 -0.4773
vn 0.7514 -0.6071 -0.2587
vn 0.6854 -0.6808 -0.2582
vn 0.5811 -0.7718 -0.2582
vn 0.4990 -0.8271 -0.2587
vn 0.4228 -0.7703 -0.4773
vn 0.4385 -0.8607 -0.2586
vn 0.3390 -0.9047 -0.2582
vn 0.3314 -0.8575 -0.3934
vn 0.2828 -0.9236 -0.2588
vn 0.1511 -0.6917 -0.7062
vn 0.2062 -0.9438 -0.2582
vn 0.1184 -0.9587 -0.2587
vn 0.0642 -0.8931 -0.4452
vn -0.0235 -0.3266 -0.9449
vn -0.0318 -0.2569 -0.9659
vn -0.2062 -0.9438 -0.2582
vn -0.1184 -0.9587 -0.2587
vn -0.0642 -0.8931 -0.4452
vn -0.0495 -0.9647 -0.2585
vn 0.0495 -0.9647 -0.2585
vn -0.2827 -0.9236 -0.2588
vn -0.3252 -0.8679 -0.3755
vn -0.2484 -0.6630 -0.7062
vn -0.3407 -0.6207 -0.7062
vn -0.1659 -0.3023 -0.9386
vn -0.1340 -0.2215 -0.9659
vn -0.3482 -0.9011 -0.2584
vn -0.4385 -0.8607 -0.2586
vn -0.4228 -0.7703 -0.4773
vn -0.4990 -0.8271 -0.2587
vn -0.5811 -0.7718 -0.2582
vn -0.6854 -0.6808 -0.2582
vn -0.7514 -0.6071 -0.2587
vn -0.7056 -0.5238 -0.4773
vn -0.7929 -0.5517 -0.2586
vn -0.8500 -0.4591 -0.2582
vn -0.8044 -0.4451 -0.3934
vn -0.8765 -0.4059 -0.2588
vn -0.6647 -0.2439 -0.7062
vn -0.6647 -0.2440 -0.7062
vn -0.9069 -0.3329 -0.2582
vn -0.9336 -0.2479 -0.2588
vn -0.8761 -0.1852 -0.4452
vn -0.6927 -0.1465 -0.7062
vn -0.3183 -0.0207 -0.9478
vn -0.2588 -0.0027 -0.9659
vn -0.9631 0.0757 -0.2582
vn -0.9658 -0.0132 -0.2588
vn -0.8936 -0.0581 -0.4452
vn -0.9625 -0.0824 -0.2585
vn -0.9490 -0.1804 -0.2585
vn -0.9535 0.1543 -0.2588
vn -0.9041 0.2040 -0.3755
vn -0.6906 0.1558 -0.7062
vn -0.3181 0.1217 -0.9402
vn -0.2374 0.1033 -0.9659
vn -0.8598 0.4795 -0.1754
vn -0.8456 0.4672 -0.2583
vn -0.8873 0.3817 -0.2587
vn -0.8208 0.3139 -0.4773
vn -0.9124 0.3172 -0.2586
vn -0.9401 0.2223 -0.2584
vn 0.7672 0.5871 -0.2582
vn 0.7770 0.6046 -0.1752
vn 0.7049 0.6872 -0.1757
vn 0.5952 0.6730 -0.4390
vn 0.6294 0.7571 -0.1753
vn 0.1180 0.9522 -0.2818
vn 0.5208 0.8355 -0.1755
vn 0.4334 0.7658 -0.4750
vn 0.4307 0.8853 -0.1756
vn 0.2964 0.9389 -0.1749
vn 0.1249 0.9765 -0.1753
vn 0.1222 0.9864 -0.1099
vn 0.0283 0.2264 -0.9736
vn 0.0153 0.1763 -0.9842
vn 0.0532 0.1685 -0.9843
vn 0.0770 0.1582 -0.9844
vn 0.1309 0.2314 -0.9640
vn 0.0932 0.1495 -0.9844
vn 0.1127 0.1355 -0.9843
vn 0.1645 0.1860 -0.9687
vn 0.1259 0.1228 -0.9844
vn 0.1471 0.0996 -0.9841
vn 0.2049 0.1594 -0.9657
vn 0.0840 0.6141 -0.7847
vn 0.0606 0.5372 -0.8413
vn 0.1629 0.5161 -0.8409
vn 0.2666 0.4710 -0.8409
vn 0.3586 0.4054 -0.8409
vn 0.3585 0.4054 -0.8409
vn 0.4226 0.3363 -0.8416
vn 0.4814 0.3746 -0.7924
vn 0.1118 0.8591 -0.4994
vn 0.1037 0.8366 -0.5380
vn 0.2540 0.8044 -0.5370
vn 0.4155 0.7342 -0.5370
vn 0.5589 0.6319 -0.5370
vn 0.6653 0.5177 -0.5379
vn 0.6213 0.4954 -0.6071
vn -0.0000 0.1758 -0.9844
vn -0.0000 0.5391 -0.8422
vn -0.0000 0.8422 -0.5391
vn -0.0000 0.9844 -0.1758
vn -0.0000 0.1748 0.9846
vn -0.0000 0.5365 0.8439
vn -0.0000 0.8392 0.5438
vn -0.0000 0.9830 0.1834
vn -0.7739 0.6064 0.1828
vn -0.4672 0.8651 0.1824
vn -0.5809 0.7931 0.1834
vn -0.5984 0.6919 0.4039
vn -0.6637 0.7253 0.1828
vn -0.2180 0.8565 0.4679
vn -0.3446 0.9207 0.1833
vn -0.2692 0.9457 0.1824
vn -0.0827 0.9797 0.1828
vn -0.0148 0.1748 0.9845
vn -0.0313 0.1720 0.9846
vn -0.0577 0.1942 0.9793
vn -0.0481 0.1691 0.9844
vn -0.0836 0.1547 0.9844
vn -0.1150 0.1330 0.9844
vn -0.1381 0.1082 0.9845
vn -0.6613 0.5181 0.5425
vn -0.5499 0.6359 0.5415
vn -0.3995 0.7397 0.5415
vn -0.2301 0.8086 0.5415
vn -0.0706 0.8371 0.5425
vn -0.4234 0.3317 0.8431
vn -0.4234 0.3317 0.8430
vn -0.3524 0.4075 0.8425
vn -0.2560 0.4740 0.8425
vn -0.1475 0.5182 0.8425
vn -0.0452 0.5359 0.8430
vn -0.0452 0.5359 0.8431
vn -0.1112 0.9938 -0.0000
vn -0.0111 0.9848 0.1736
vn -0.8216 0.5701 -0.0000
vn -0.7698 0.6377 0.0265
vn -0.7595 0.6505 0.0099
vn -0.6529 0.7574 -0.0076
vn -0.5343 0.8388 0.1044
vn -0.5902 0.8072 0.0026
vn -0.4104 0.9119 -0.0014
vn -0.3508 0.9349 0.0546
vn -0.2684 0.9633 -0.0098
vn -0.1274 0.9918 0.0129
vn -0.1205 0.9926 -0.0121
vn 0.0512 -0.9987 -0.0000
vn 0.8863 0.4592 0.0602
vn 0.9186 0.3952 -0.0000
vn 0.9999 -0.0137 -0.0000
vn 0.9956 0.0783 0.0516
vn 0.9973 0.0682 0.0258
vn 0.9872 0.1597 -0.0000
vn 0.9629 0.2697 -0.0000
vn 0.9668 0.2286 0.1140
vn 0.9445 0.3284 -0.0000
vn 0.9964 -0.0853 -0.0000
vn 0.9881 -0.1359 0.0716
vn 0.9824 -0.1868 -0.0000
vn 0.9665 -0.2567 -0.0000
vn 0.9413 -0.3346 0.0459
vn 0.9385 -0.3445 0.0230
vn 0.7778 -0.6285 -0.0000
vn 0.8209 -0.5711 -0.0000
vn 0.8524 -0.5184 0.0688
vn 0.8750 -0.4842 -0.0000
vn 0.9074 -0.4202 -0.0000
vn 0.7069 -0.7021 0.0858
vn 0.7308 -0.6826 -0.0000
vn 0.6015 -0.7989 -0.0000
vn 0.5756 -0.8155 0.0602
vn 0.5166 -0.8562 -0.0000
vn 0.1226 -0.9925 -0.0000
vn 0.2132 -0.9756 0.0516
vn 0.2034 -0.9788 0.0258
vn 0.2927 -0.9562 -0.0000
vn 0.3984 -0.9172 -0.0000
vn 0.3581 -0.9267 0.1140
vn -0.0507 -0.9886 0.1420
vn -0.1226 -0.9925 -0.0000
vn -0.2032 -0.9781 0.0459
vn -0.2134 -0.9767 0.0230
vn -0.5166 -0.8562 -0.0000
vn -0.3974 -0.9150 0.0688
vn -0.3605 -0.9328 -0.0000
vn -0.2927 -0.9562 -0.0000
vn -0.5993 -0.7959 0.0858
vn -0.5767 -0.8170 -0.0000
vn -0.7095 -0.7047 -0.0000
vn -0.7295 -0.6813 0.0602
vn -0.7778 -0.6285 -0.0000
vn -0.9665 -0.2567 -0.0000
vn -0.9375 -0.3441 0.0516
vn -0.9419 -0.3348 0.0258
vn -0.9074 -0.4202 -0.0000
vn -0.8544 -0.5196 -0.0000
vn -0.8693 -0.4810 0.1140
vn -0.8209 -0.5711 -0.0000
vn -0.9872 0.1597 -0.0000
vn -0.9967 0.0784 0.0230
vn -0.9966 0.0681 0.0459
vn -0.9999 -0.0137 -0.0000
vn -0.9907 -0.1362 -0.0000
vn -0.9863 -0.0845 0.1420
vn -0.9824 -0.1868 -0.0000
vn -0.9732 0.2301 -0.0000
vn -0.9607 0.2691 0.0688
vn -0.9445 0.3284 -0.0000
vn -0.8879 0.4600 -0.0000
vn -0.8701 0.4853 0.0858
vn -0.9186 0.3952 -0.0000
vn 0.0113 0.9999 -0.0000
vn 0.1111 0.9932 0.0359
vn 0.1450 0.9894 -0.0121
vn 0.1229 0.9924 0.0114
vn 0.3010 0.9535 -0.0120
vn 0.3510 0.9352 0.0472
vn 0.7697 0.6377 0.0294
vn 0.5902 0.8072 -0.0000
vn 0.6361 0.7651 0.0999
vn -0.0113 0.9999 0.0061
vn 0.0113 0.9999 0.0061
vn 0.0827 0.9797 0.1828
vn 0.4672 0.8651 0.1824
vn 0.3446 0.9207 0.1833
vn 0.2504 0.8798 0.4039
vn 0.2425 0.9528 0.1829
vn 0.5967 0.6520 0.4679
vn 0.5809 0.7931 0.1834
vn 0.6432 0.7437 0.1824
vn 0.7739 0.6064 0.1828
vn 0.1381 0.1082 0.9845
vn 0.1150 0.1330 0.9844
vn 0.0836 0.1547 0.9844
vn 0.0566 0.1657 0.9845
vn 0.0694 0.2438 0.9673
vn 0.0451 0.1868 0.9814
vn 0.0321 0.1719 0.9846
vn 0.0148 0.1748 0.9845
vn 0.0706 0.8371 0.5425
vn 0.2301 0.8086 0.5415
vn 0.3995 0.7397 0.5415
vn 0.5499 0.6359 0.5415
vn 0.6613 0.5181 0.5425
vn 0.0452 0.5359 0.8430
vn 0.1475 0.5182 0.8425
vn 0.2560 0.4740 0.8425
vn 0.3524 0.4075 0.8425
vn 0.4234 0.3317 0.8431
vn -0.0000 1.0000 0.0087
vn 0.1505 0.0893 0.9846
vn 0.8455 0.5015 0.1832
vn 0.8945 0.4078 0.1831
vn 0.8380 0.3681 0.4028
vn 0.9230 0.3384 0.1834
vn 0.9498 0.2539 0.1829
vn 0.8941 0.0974 0.4371
vn 0.9693 0.1639 0.1834
vn 0.9457 -0.2685 0.1834
vn 0.9642 -0.1922 0.1829
vn 0.9788 -0.0910 0.1834
vn 0.8637 -0.0381 0.5026
vn 0.9829 -0.0161 0.1832
vn 0.9790 0.0895 0.1831
vn 0.9074 -0.3342 0.2549
vn 0.9237 -0.3366 0.1829
vn 0.8807 -0.4369 0.1833
vn 0.7485 -0.4109 0.5205
vn 0.8448 -0.5027 0.1833
vn 0.7860 -0.5906 0.1830
vn 0.7397 -0.5679 0.3611
vn 0.7386 -0.6487 0.1834
vn 0.6797 -0.7103 0.1829
vn 0.6075 -0.7729 0.1833
vn 0.5077 -0.7254 0.4647
vn 0.5468 -0.8170 0.1831
vn 0.4560 -0.8709 0.1832
vn 0.3863 -0.7837 0.4864
vn 0.3882 -0.9031 0.1834
vn 0.2955 -0.9377 0.1829
vn -0.0000 -0.8525 0.5227
vn 0.0375 -0.9823 0.1833
vn 0.1495 -0.9717 0.1829
vn 0.1374 -0.9364 0.3229
vn 0.2165 -0.9589 0.1834
vn -0.2955 -0.9377 0.1829
vn -0.2165 -0.9589 0.1834
vn -0.1445 -0.9394 0.3110
vn -0.1428 -0.9727 0.1830
vn -0.0375 -0.9823 0.1833
vn -0.3863 -0.7837 0.4864
vn -0.3882 -0.9031 0.1834
vn -0.7386 -0.6487 0.1834
vn -0.6797 -0.7103 0.1829
vn -0.6075 -0.7729 0.1833
vn -0.5077 -0.7254 0.4647
vn -0.5468 -0.8170 0.1831
vn -0.4560 -0.8709 0.1832
vn -0.7374 -0.5541 0.3862
vn -0.7798 -0.5987 0.1829
vn -0.8448 -0.5027 0.1833
vn -0.7485 -0.4109 0.5205
vn -0.8807 -0.4369 0.1833
vn -0.9225 -0.3398 0.1829
vn -0.9093 -0.3314 0.2518
vn -0.9457 -0.2685 0.1834
vn -0.9642 -0.1922 0.1829
vn -0.9788 -0.0910 0.1834
vn -0.8637 -0.0381 0.5026
vn -0.9829 -0.0161 0.1832
vn -0.9790 0.0895 0.1831
vn -0.8941 0.0974 0.4371
vn -0.9693 0.1639 0.1834
vn -0.9498 0.2539 0.1829
vn -0.9230 0.3384 0.1834
vn -0.8380 0.3681 0.4028
vn -0.8945 0.4078 0.1831
vn -0.8455 0.5015 0.1832
vn -0.1505 0.0893 0.9846
vn -0.1654 0.0566 0.9846
vn -0.1605 0.0705 0.9845
vn -0.1537 -0.0844 0.9845
vn -0.1647 -0.0600 0.9845
vn -0.1719 -0.0343 0.9845
vn -0.1752 -0.0077 0.9845
vn -0.1743 0.0190 0.9845
vn -0.1712 0.0356 0.9846
vn -0.2468 0.0660 0.9668
vn -0.2200 0.0601 0.9736
vn -0.1720 0.0560 0.9835
vn -0.2276 -0.1748 0.9579
vn -0.1421 -0.1022 0.9846
vn -0.0267 -0.1733 0.9845
vn -0.0527 -0.1672 0.9845
vn -0.0775 -0.1573 0.9845
vn -0.1005 -0.1436 0.9845
vn -0.1212 -0.1267 0.9845
vn -0.1320 -0.1147 0.9846
vn -0.1574 -0.1283 0.9792
vn 0.1212 -0.1267 0.9845
vn 0.1005 -0.1436 0.9845
vn 0.0775 -0.1573 0.9845
vn 0.0527 -0.1672 0.9845
vn 0.0267 -0.1733 0.9845
vn 0.0067 -0.1748 0.9846
vn -0.0000 -0.2931 0.9561
vn -0.0067 -0.1748 0.9846
vn 0.1743 0.0190 0.9845
vn 0.1752 -0.0077 0.9845
vn 0.1719 -0.0343 0.9845
vn 0.1647 -0.0600 0.9845
vn 0.1537 -0.0844 0.9845
vn 0.1463 -0.0957 0.9846
vn 0.1420 -0.1090 0.9838
vn 0.1389 -0.1069 0.9845
vn 0.2268 0.0606 0.9720
vn 0.1699 0.0427 0.9845
vn 0.1605 0.0705 0.9845
vn 0.1654 0.0566 0.9846
vn 0.1720 0.0560 0.9835
vn 0.7220 0.4282 0.5434
vn 0.7690 0.3378 0.5427
vn 0.8114 0.2169 0.5427
vn 0.8350 0.0910 0.5427
vn 0.8391 -0.0370 0.5427
vn 0.8237 -0.1642 0.5427
vn 0.7892 -0.2876 0.5427
vn 0.7363 -0.4042 0.5427
vn 0.6662 -0.5115 0.5427
vn 0.5807 -0.6069 0.5427
vn 0.4816 -0.6881 0.5427
vn 0.3714 -0.7534 0.5427
vn 0.2525 -0.8011 0.5427
vn 0.1277 -0.8302 0.5427
vn -0.0000 -0.8399 0.5427
vn -0.1277 -0.8302 0.5427
vn -0.2525 -0.8011 0.5427
vn -0.3714 -0.7534 0.5427
vn -0.4816 -0.6881 0.5427
vn -0.5807 -0.6069 0.5427
vn -0.6662 -0.5115 0.5427
vn -0.7363 -0.4042 0.5427
vn -0.7892 -0.2876 0.5427
vn -0.8237 -0.1642 0.5427
vn -0.8391 -0.0370 0.5427
vn -0.8350 0.0910 0.5427
vn -0.8114 0.2169 0.5427
vn -0.7690 0.3378 0.5427
vn -0.7220 0.4282 0.5434
vn 0.4618 0.2739 0.8437
vn 0.4922 0.2162 0.8432
vn 0.5194 0.1388 0.8432
vn 0.5344 0.0582 0.8432
vn 0.5371 -0.0237 0.8432
vn 0.5272 -0.1051 0.8432
vn 0.5051 -0.1841 0.8432
vn 0.4712 -0.2587 0.8432
vn 0.4264 -0.3274 0.8432
vn 0.3717 -0.3884 0.8432
vn 0.3083 -0.4404 0.8432
vn 0.2377 -0.4822 0.8432
vn 0.1616 -0.5127 0.8432
vn 0.0818 -0.5313 0.8432
vn -0.0000 -0.5376 0.8432
vn -0.0818 -0.5313 0.8432
vn -0.1616 -0.5127 0.8432
vn -0.2377 -0.4822 0.8432
vn -0.3083 -0.4404 0.8432
vn -0.3717 -0.3884 0.8432
vn -0.4264 -0.3274 0.8432
vn -0.4712 -0.2587 0.8432
vn -0.5051 -0.1841 0.8432
vn -0.5272 -0.1051 0.8432
vn -0.5371 -0.0237 0.8432
vn -0.5344 0.0582 0.8432
vn -0.5194 0.1388 0.8432
vn -0.4922 0.2162 0.8432
vn -0.4618 0.2739 0.8437
vn -0.0841 0.9964 0.0087
vn -0.1643 0.9864 0.0047
vn -0.2467 0.9691 0.0087
vn -0.5909 0.8067 0.0087
vn -0.4752 0.8799 0.0064
vn -0.3506 0.9365 0.0087
vn -0.7347 0.6783 0.0086
vn -0.7872 0.6168 0.0008
vn -0.6751 0.7377 0.0087
vn 0.7871 0.6167 0.0087
vn 0.7347 0.6783 0.0047
vn 0.6751 0.7377 0.0087
vn 0.5909 0.8067 0.0087
vn 0.4752 0.8799 0.0064
vn 0.3506 0.9365 0.0087
vn 0.1643 0.9864 0.0086
vn 0.0841 0.9965 0.0008
vn 0.2467 0.9691 0.0087
vn 0.9860 0.1667 0.0087
vn 0.6180 -0.7862 0.0087
vn -0.9669 0.2549 0.0063
vn -0.9661 0.2583 0.0068
vn -0.9388 0.3442 0.0087
vn -0.8902 0.4554 0.0087
vn -0.9099 0.4148 0.0013
vn -0.8601 0.5101 0.0087
vn -0.9957 -0.0926 0.0087
vn -0.9998 -0.0164 0.0087
vn -0.9991 0.0426 0.0044
vn -0.9958 0.0911 0.0087
vn -0.9860 0.1667 0.0087
vn -0.9807 -0.1955 0.0043
vn -0.9851 -0.1716 0.0081
vn -0.9620 -0.2731 0.0087
vn -0.9383 -0.3456 0.0087
vn -0.9258 -0.3780 0.0049
vn -0.8958 -0.4444 0.0087
vn -0.6838 -0.7297 0.0060
vn -0.6913 -0.7225 0.0073
vn -0.7513 -0.6599 0.0087
vn -0.8238 -0.5669 0.0087
vn -0.7995 -0.6007 0.0019
vn -0.8593 -0.5114 0.0087
vn -0.3949 -0.9187 0.0087
vn -0.4638 -0.8859 0.0087
vn -0.5122 -0.8588 0.0043
vn -0.5562 -0.8310 0.0087
vn -0.6180 -0.7862 0.0087
vn -0.3006 -0.9537 0.0050
vn -0.3171 -0.9484 0.0076
vn -0.2202 -0.9754 0.0087
vn -0.1452 -0.9894 0.0087
vn -0.1074 -0.9942 0.0047
vn -0.0382 -0.9992 0.0087
vn 0.3949 -0.9187 0.0087
vn 0.3171 -0.9484 0.0056
vn 0.3006 -0.9537 0.0078
vn 0.2202 -0.9754 0.0087
vn 0.1074 -0.9942 0.0087
vn 0.1452 -0.9894 0.0025
vn 0.0382 -0.9992 0.0087
vn 0.5122 -0.8588 0.0087
vn 0.5562 -0.8310 0.0002
vn 0.4638 -0.8859 0.0087
vn 0.6913 -0.7225 0.0056
vn 0.6838 -0.7297 0.0072
vn 0.7513 -0.6599 0.0087
vn 0.7994 -0.6007 0.0087
vn 0.8238 -0.5669 0.0046
vn 0.8593 -0.5114 0.0087
vn 0.9957 -0.0926 0.0087
vn 0.9851 -0.1716 0.0053
vn 0.9807 -0.1955 0.0083
vn 0.9620 -0.2731 0.0087
vn 0.9258 -0.3780 0.0087
vn 0.9384 -0.3456 0.0030
vn 0.8958 -0.4444 0.0087
vn 0.9991 0.0426 0.0087
vn 0.9958 0.0911 0.0008
vn 0.9998 -0.0164 0.0087
vn 0.9661 0.2583 0.0062
vn 0.9669 0.2549 0.0067
vn 0.9388 0.3442 0.0087
vn 0.9099 0.4148 0.0087
vn 0.8903 0.4554 0.0044
vn 0.8601 0.5101 0.0087
s 0
f 1//1 2//1 3//1
f 3//1 2//1 4//1
f 3//1 4//1 5//1
f 6//1 7//1 3//1
f 3//1 7//1 8//1
f 3//1 8//1 1//1
f 9//1 10//1 3//1
f 3//1 10//1 11//1
f 3//1 11//1 6//1
f 12//1 13//1 3//1
f 3//1 13//1 14//1
f 3//1 14//1 9//1
f 15//1 16//1 3//1
f 3//1 16//1 17//1
f 3//1 17//1 12//1
f 5//1 18//1 3//1
f 3//1 18//1 19//1
f 3//1 19//1 15//1
f 20//2 21//2 22//2
f 22//2 21//2 23//2
f 22//2 23//2 24//2
f 25//2 26//2 22//2
f 22//2 26//2 27//2
f 22//2 27//2 20//2
f 28//2 29//2 22//2
f 22//2 29//2 30//2
f 22//2 30//2 25//2
f 31//2 32//2 22//2
f 22//2 32//2 33//2
f 22//2 33//2 28//2
f 34//2 35//2 22//2
f 22//2 35//2 36//2
f 22//2 36//2 31//2
f 24//2 37//2 22//2
f 22//2 37//2 38//2
f 22//2 38//2 34//2
f 23//3 2//3 24//3
f 24//4 2//4 1//4
f 24//4 1//4 37//4
f 37//5 1//5 8//5
f 37//6 8//6 38//6
f 38//7 8//7 7//7
f 38//7 7//7 34//7
f 34//8 7//8 6//8
f 34//8 6//8 35//8
f 35//9 6//9 11//9
f 35//9 11//9 36//9
f 36//10 11//10 10//10
f 36//10 10//10 31//10
f 31//11 10//11 9//11
f 31//11 9//11 32//11
f 32//12 9//12 14//12
f 32//13 14//13 33//13
f 33//14 14//14 13//14
f 33//15 13//15 28//15
f 28//16 13//16 12//16
f 28//16 12//16 29//16
f 29//17 12//17 17//17
f 29//17 17//17 30//17
f 30//18 17//18 16//18
f 30//18 16//18 25//18
f 25//19 16//19 15//19
f 25//19 15//19 26//19
f 26//20 15//20 19//20
f 26//20 19//20 27//20
f 27//21 19//21 18//21
f 27//22 18//22 20//22
f 20//23 18//23 5//23
f 20//23 5//23 21//23
f 21//24 5//24 4//24
f 21//25 4//25 23//25
f 23//26 4//26 2//26
f 39//1 40//1 41//1
f 41//1 40//1 42//1
f 41//1 42//1 43//1
f 44//1 45//1 41//1
f 41//1 45//1 46//1
f 41//1 46//1 39//1
f 47//1 48//1 41//1
f 41//1 48//1 49//1
f 41//1 49//1 44//1
f 50//1 51//1 41//1
f 41//1 51//1 52//1
f 41//1 52//1 47//1
f 53//1 54//1 41//1
f 41//1 54//1 55//1
f 41//1 55//1 50//1
f 43//1 56//1 41//1
f 41//1 56//1 57//1
f 41//1 57//1 53//1
f 58//2 59//2 60//2
f 60//2 59//2 61//2
f 60//2 61//2 62//2
f 63//2 64//2 60//2
f 60//2 64//2 65//2
f 60//2 65//2 58//2
f 66//2 67//2 60//2
f 60//2 67//2 68//2
f 60//2 68//2 63//2
f 69//2 70//2 60//2
f 60//2 70//2 71//2
f 60//2 71//2 66//2
f 72//2 73//2 60//2
f 60//2 73//2 74//2
f 60//2 74//2 69//2
f 62//2 75//2 60//2
f 60//2 75//2 76//2
f 60//2 76//2 72//2
f 61//3 40//3 62//3
f 62//4 40//4 39//4
f 62//4 39//4 75//4
f 75//5 39//5 46//5
f 75//6 46//6 76//6
f 76//7 46//7 45//7
f 76//7 45//7 72//7
f 72//8 45//8 44//8
f 72//8 44//8 73//8
f 73//9 44//9 49//9
f 73//9 49//9 74//9
f 74//10 49//10 48//10
f 74//10 48//10 69//10
f 69//11 48//11 47//11
f 69//11 47//11 70//11
f 70//12 47//12 52//12
f 70//13 52//13 71//13
f 71//14 52//14 51//14
f 71//15 51//15 66//15
f 66//16 51//16 50//16
f 66//16 50//16 67//16
f 67//17 50//17 55//17
f 67//17 55//17 68//17
f 68//18 55//18 54//18
f 68//18 54//18 63//18
f 63//19 54//19 53//19
f 63//19 53//19 64//19
f 64//20 53//20 57//20
f 64//20 57//20 65//20
f 65//21 57//21 56//21
f 65//22 56//22 58//22
f 58//23 56//23 43//23
f 58//23 43//23 59//23
f 59//24 43//24 42//24
f 59//25 42//25 61//25
f 61//26 42//26 40//26
f 77//27 78//27 79//27
f 77//27 79//27 80//27
f 80//28 79//28 81//28
f 80//28 81//28 82//28
f 82//29 81//29 83//29
f 82//29 83//29 84//29
f 85//8 86//8 87//8
f 87//8 86//8 88//8
f 87//8 88//8 89//8
f 90//8 91//8 87//8
f 87//8 91//8 92//8
f 87//8 92//8 85//8
f 93//8 94//8 87//8
f 87//8 94//8 95//8
f 87//8 95//8 90//8
f 89//8 96//8 87//8
f 87//8 96//8 97//8
f 87//8 97//8 93//8
f 98//1 99//1 100//1
f 100//1 99//1 101//1
f 100//1 101//1 102//1
f 103//1 104//1 100//1
f 100//1 104//1 105//1
f 100//1 105//1 98//1
f 106//1 107//1 100//1
f 100//1 107//1 108//1
f 100//1 108//1 103//1
f 102//1 109//1 100//1
f 100//1 109//1 110//1
f 100//1 110//1 106//1
f 111//30 112//30 113//30
f 113//31 112//31 114//31
f 113//32 114//32 115//32
f 115//33 114//33 116//33
f 115//34 116//34 117//34
f 117//35 116//35 118//35
f 117//36 118//36 119//36
f 119//37 118//37 120//37
f 119//38 120//38 121//38
f 121//39 120//39 122//39
f 121//40 122//40 123//40
f 123//41 122//41 124//41
f 123//42 124//42 125//42
f 125//43 124//43 126//43
f 125//44 126//44 127//44
f 127//45 126//45 128//45
f 127//46 128//46 129//46
f 129//47 128//47 130//47
f 129//48 130//48 131//48
f 131//49 130//49 132//49
f 131//50 132//50 133//50
f 133//51 132//51 134//51
f 133//52 134//52 111//52
f 111//53 134//53 112//53
f 135//31 136//31 137//31
f 137//31 136//31 138//31
f 137//32 138//32 139//32
f 139//33 138//33 140//33
f 139//34 140//34 141//34
f 141//35 140//35 142//35
f 141//36 142//36 143//36
f 143//37 142//37 144//37
f 143//54 144//54 145//54
f 145//39 144//39 146//39
f 145//41 146//41 147//41
f 147//55 146//55 148//55
f 147//43 148//43 149//43
f 149//43 148//43 150//43
f 149//44 150//44 151//44
f 151//45 150//45 152//45
f 151//46 152//46 153//46
f 153//47 152//47 154//47
f 153//48 154//48 155//48
f 155//49 154//49 156//49
f 155//56 156//56 157//56
f 157//57 156//57 158//57
f 157//53 158//53 135//53
f 135//52 158//52 136//52
f 159//31 160//31 161//31
f 161//31 160//31 162//31
f 161//32 162//32 163//32
f 163//33 162//33 164//33
f 163//34 164//34 165//34
f 165//35 164//35 166//35
f 165//36 166//36 167//36
f 167//37 166//37 168//37
f 167//54 168//54 169//54
f 169//58 168//58 170//58
f 169//41 170//41 171//41
f 171//59 170//59 172//59
f 171//43 172//43 173//43
f 173//43 172//43 174//43
f 173//44 174//44 175//44
f 175//45 174//45 176//45
f 175//46 176//46 177//46
f 177//47 176//47 178//47
f 177//48 178//48 179//48
f 179//49 178//49 180//49
f 179//56 180//56 181//56
f 181//51 180//51 182//51
f 181//53 182//53 159//53
f 159//60 182//60 160//60
f 183//30 184//30 185//30
f 185//31 184//31 186//31
f 185//32 186//32 187//32
f 187//33 186//33 188//33
f 187//34 188//34 189//34
f 189//35 188//35 190//35
f 189//36 190//36 191//36
f 191//37 190//37 192//37
f 191//61 192//61 193//61
f 193//58 192//58 194//58
f 193//40 194//40 195//40
f 195//62 194//62 196//62
f 195//42 196//42 197//42
f 197//43 196//43 198//43
f 197//44 198//44 199//44
f 199//45 198//45 200//45
f 199//46 200//46 201//46
f 201//47 200//47 202//47
f 201//48 202//48 203//48
f 203//49 202//49 204//49
f 203//50 204//50 205//50
f 205//51 204//51 206//51
f 205//63 206//63 183//63
f 183//53 206//53 184//53
f 207//64 208//64 209//64
f 207//64 209//64 210//64
f 210//65 209//65 211//65
f 210//65 211//65 212//65
f 212//66 211//66 213//66
f 212//66 213//66 214//66
f 215//2 208//2 216//2
f 216//2 208//2 207//2
f 217//67 133//67 218//67
f 218//67 133//67 111//67
f 218//68 111//68 219//68
f 219//68 111//68 113//68
f 219//69 113//69 220//69
f 220//69 113//69 115//69
f 220//66 115//66 221//66
f 221//66 115//66 117//66
f 221//65 117//65 222//65
f 222//65 117//65 119//65
f 222//64 119//64 223//64
f 223//64 119//64 121//64
f 223//29 121//29 224//29
f 224//29 121//29 123//29
f 224//28 123//28 225//28
f 225//28 123//28 125//28
f 225//27 125//27 226//27
f 226//27 125//27 127//27
f 226//70 127//70 227//70
f 227//70 127//70 129//70
f 227//71 129//71 228//71
f 228//71 129//71 131//71
f 228//72 131//72 217//72
f 217//72 131//72 133//72
f 229//67 157//67 230//67
f 230//67 157//67 135//67
f 230//68 135//68 231//68
f 231//68 135//68 137//68
f 231//69 137//69 232//69
f 232//69 137//69 139//69
f 232//66 139//66 233//66
f 233//66 139//66 141//66
f 233//65 141//65 234//65
f 234//65 141//65 143//65
f 234//64 143//64 235//64
f 235//64 143//64 145//64
f 235//29 145//29 236//29
f 236//29 145//29 147//29
f 236//28 147//28 237//28
f 237//28 147//28 149//28
f 237//27 149//27 238//27
f 238//27 149//27 151//27
f 238//70 151//70 239//70
f 239//70 151//70 153//70
f 239//71 153//71 240//71
f 240//71 153//71 155//71
f 240//72 155//72 229//72
f 229//72 155//72 157//72
f 241//67 181//67 242//67
f 242//67 181//67 159//67
f 242//68 159//68 243//68
f 243//68 159//68 161//68
f 243//69 161//69 244//69
f 244//69 161//69 163//69
f 244//66 163//66 245//66
f 245//66 163//66 165//66
f 245//65 165//65 246//65
f 246//65 165//65 167//65
f 246//64 167//64 247//64
f 247//64 167//64 169//64
f 247//29 169//29 248//29
f 248//29 169//29 171//29
f 248//28 171//28 249//28
f 249//28 171//28 173//28
f 249//27 173//27 250//27
f 250//27 173//27 175//27
f 250//70 175//70 251//70
f 251//70 175//70 177//70
f 251//71 177//71 252//71
f 252//71 177//71 179//71
f 252//72 179//72 241//72
f 241//72 179//72 181//72
f 253//67 205//67 254//67
f 254//67 205//67 183//67
f 254//68 183//68 255//68
f 255//68 183//68 185//68
f 255//69 185//69 256//69
f 256//69 185//69 187//69
f 256//66 187//66 257//66
f 257//66 187//66 189//66
f 257//65 189//65 258//65
f 258//65 189//65 191//65
f 258//64 191//64 259//64
f 259//64 191//64 193//64
f 259//29 193//29 260//29
f 260//29 193//29 195//29
f 260//28 195//28 261//28
f 261//28 195//28 197//28
f 261//27 197//27 262//27
f 262//27 197//27 199//27
f 262//70 199//70 263//70
f 263//70 199//70 201//70
f 263//71 201//71 264//71
f 264//71 201//71 203//71
f 264//72 203//72 253//72
f 253//72 203//72 205//72
f 265//1 266//1 267//1
f 267//1 266//1 268//1
f 269//73 268//73 270//73
f 270//73 268//73 77//73
f 270//73 77//73 271//73
f 272//74 273//74 274//74
f 275//73 276//73 277//73
f 267//73 268//73 278//73
f 278//73 268//73 279//73
f 274//73 280//73 272//73
f 272//73 280//73 281//73
f 272//73 281//73 282//73
f 283//75 284//75 285//75
f 285//73 284//73 286//73
f 285//73 286//73 287//73
f 287//73 286//73 288//73
f 287//73 288//73 289//73
f 290//73 291//73 77//73
f 77//73 291//73 292//73
f 77//73 292//73 271//73
f 271//73 292//73 282//73
f 271//73 282//73 293//73
f 293//73 282//73 281//73
f 84//73 294//73 82//73
f 82//73 294//73 290//73
f 82//73 290//73 80//73
f 80//73 290//73 77//73
f 278//73 295//73 267//73
f 267//73 295//73 296//73
f 267//73 296//73 297//73
f 298//73 299//73 300//73
f 269//73 301//73 268//73
f 268//73 301//73 302//73
f 268//73 302//73 279//73
f 279//73 302//73 303//73
f 279//73 303//73 304//73
f 304//73 303//73 305//73
f 304//73 305//73 306//73
f 306//73 305//73 273//73
f 306//73 273//73 307//73
f 289//73 288//73 297//73
f 297//73 288//73 308//73
f 297//73 308//73 267//73
f 267//73 308//73 309//73
f 267//73 309//73 310//73
f 273//73 272//73 307//73
f 307//73 272//73 311//73
f 307//73 311//73 312//73
f 312//73 311//73 313//73
f 312//73 313//73 285//73
f 276//73 298//73 277//73
f 277//73 298//73 300//73
f 277//73 300//73 84//73
f 84//73 300//73 314//73
f 84//73 314//73 294//73
f 285//73 313//73 283//73
f 283//73 313//73 315//73
f 283//73 315//73 299//73
f 299//73 315//73 316//73
f 299//73 316//73 300//73
f 309//73 317//73 310//73
f 310//73 317//73 318//73
f 310//73 318//73 319//73
f 319//73 318//73 275//73
f 319//73 275//73 320//73
f 320//73 275//73 277//73
f 277//64 321//64 322//64
f 277//64 322//64 320//64
f 320//65 322//65 323//65
f 320//65 323//65 319//65
f 319//66 323//66 324//66
f 319//66 324//66 310//66
f 325//8 326//8 266//8
f 266//8 326//8 78//8
f 266//8 78//8 268//8
f 268//8 78//8 77//8
f 277//2 84//2 321//2
f 321//2 84//2 83//2
f 281//67 327//67 293//67
f 293//67 327//67 328//67
f 293//68 328//68 271//68
f 271//68 328//68 329//68
f 271//69 329//69 270//69
f 270//69 329//69 330//69
f 270//66 330//66 269//66
f 269//66 330//66 331//66
f 269//65 331//65 301//65
f 301//65 331//65 332//65
f 301//64 332//64 302//64
f 302//64 332//64 333//64
f 302//29 333//29 303//29
f 303//29 333//29 334//29
f 303//28 334//28 305//28
f 305//28 334//28 335//28
f 305//27 335//27 273//27
f 273//27 335//27 336//27
f 273//70 336//70 274//70
f 274//70 336//70 337//70
f 274//71 337//71 280//71
f 280//71 337//71 338//71
f 280//72 338//72 281//72
f 281//72 338//72 327//72
f 314//67 339//67 294//67
f 294//67 339//67 340//67
f 294//68 340//68 290//68
f 290//68 340//68 341//68
f 290//69 341//69 291//69
f 291//69 341//69 342//69
f 291//66 342//66 292//66
f 292//66 342//66 343//66
f 292//65 343//65 282//65
f 282//65 343//65 344//65
f 282//64 344//64 272//64
f 272//64 344//64 345//64
f 272//29 345//29 311//29
f 311//29 345//29 346//29
f 311//28 346//28 313//28
f 313//28 346//28 347//28
f 313//27 347//27 315//27
f 315//27 347//27 348//27
f 315//70 348//70 316//70
f 316//70 348//70 349//70
f 316//71 349//71 300//71
f 300//71 349//71 350//71
f 300//72 350//72 314//72
f 314//72 350//72 339//72
f 276//67 351//67 298//67
f 298//67 351//67 352//67
f 298//68 352//68 299//68
f 299//68 352//68 353//68
f 299//69 353//69 283//69
f 283//69 353//69 354//69
f 283//66 354//66 284//66
f 284//66 354//66 355//66
f 284//65 355//65 286//65
f 286//65 355//65 356//65
f 286//64 356//64 288//64
f 288//64 356//64 357//64
f 288//29 357//29 308//29
f 308//29 357//29 358//29
f 308//28 358//28 309//28
f 309//28 358//28 359//28
f 309//27 359//27 317//27
f 317//27 359//27 360//27
f 317//70 360//70 318//70
f 318//70 360//70 361//70
f 318//71 361//71 275//71
f 275//71 361//71 362//71
f 275//72 362//72 276//72
f 276//72 362//72 351//72
f 285//67 363//67 312//67
f 312//67 363//67 364//67
f 312//68 364//68 307//68
f 307//68 364//68 365//68
f 307//69 365//69 306//69
f 306//69 365//69 366//69
f 306//66 366//66 304//66
f 304//66 366//66 367//66
f 304//65 367//65 279//65
f 279//65 367//65 368//65
f 279//64 368//64 278//64
f 278//64 368//64 369//64
f 278//29 369//29 295//29
f 295//29 369//29 370//29
f 295//28 370//28 296//28
f 296//28 370//28 371//28
f 296//27 371//27 297//27
f 297//27 371//27 372//27
f 297//70 372//70 289//70
f 289//70 372//70 373//70
f 289//71 373//71 287//71
f 287//71 373//71 374//71
f 287//72 374//72 285//72
f 285//72 374//72 363//72
f 375//1 376//1 377//1
f 377//1 376//1 378//1
f 377//1 378//1 379//1
f 380//1 381//1 377//1
f 377//1 381//1 382//1
f 377//1 382//1 375//1
f 383//1 384//1 377//1
f 377//1 384//1 385//1
f 377//1 385//1 380//1
f 379//1 386//1 377//1
f 377//1 386//1 387//1
f 377//1 387//1 383//1
f 388//76 86//76 389//76
f 389//77 86//77 85//77
f 389//77 85//77 390//77
f 390//78 85//78 92//78
f 390//78 92//78 391//78
f 391//79 92//79 91//79
f 391//79 91//79 392//79
f 392//80 91//80 90//80
f 392//80 90//80 393//80
f 393//81 90//81 95//81
f 393//81 95//81 394//81
f 394//82 95//82 94//82
f 394//82 94//82 395//82
f 395//83 94//83 93//83
f 395//83 93//83 396//83
f 396//84 93//84 97//84
f 396//84 97//84 397//84
f 397//85 97//85 96//85
f 397//85 96//85 398//85
f 398//86 96//86 89//86
f 398//86 89//86 399//86
f 399//87 89//87 88//87
f 399//87 88//87 388//87
f 388//76 88//76 86//76
f 101//88 71//88 102//88
f 102//88 71//88 400//88
f 102//89 400//89 109//89
f 109//89 400//89 74//89
f 109//90 74//90 110//90
f 110//90 74//90 401//90
f 110//91 401//91 106//91
f 106//91 401//91 76//91
f 106//92 76//92 107//92
f 107//92 76//92 402//92
f 107//93 402//93 108//93
f 108//93 402//93 61//93
f 108//94 61//94 103//94
f 103//94 61//94 403//94
f 103//95 403//95 104//95
f 104//95 403//95 65//95
f 104//96 65//96 105//96
f 105//96 65//96 404//96
f 105//97 404//97 98//97
f 98//97 404//97 68//97
f 98//98 68//98 99//98
f 99//98 68//98 405//98
f 99//99 405//99 101//99
f 101//99 405//99 71//99
f 406//27 407//27 408//27
f 406//27 408//27 409//27
f 409//28 408//28 410//28
f 409//28 410//28 411//28
f 411//29 410//29 215//29
f 411//29 215//29 216//29
f 209//100 208//100 211//100
f 211//101 208//101 180//101
f 211//101 180//101 213//101
f 213//101 180//101 178//101
f 213//101 178//101 176//101
f 412//101 213//101 200//101
f 200//101 213//101 202//101
f 215//101 158//101 208//101
f 208//101 158//101 156//101
f 208//101 156//101 154//101
f 112//101 134//101 146//101
f 146//101 134//101 148//101
f 200//101 198//101 412//101
f 412//101 198//101 196//101
f 412//101 196//101 194//101
f 124//101 192//101 190//101
f 120//101 118//101 413//101
f 413//101 118//101 116//101
f 413//101 116//101 407//101
f 407//101 116//101 114//101
f 407//101 114//101 112//101
f 154//101 160//101 208//101
f 208//101 160//101 182//101
f 208//101 182//101 180//101
f 172//102 170//102 130//102
f 130//101 170//101 168//101
f 130//101 168//101 166//101
f 120//101 413//101 122//101
f 122//101 413//101 412//101
f 122//101 412//101 124//101
f 124//101 412//101 194//101
f 124//101 194//101 192//101
f 202//101 213//101 204//101
f 204//101 213//101 176//101
f 204//101 176//101 206//101
f 206//102 176//102 174//102
f 206//101 174//101 184//101
f 184//101 174//101 172//101
f 184//100 172//100 186//100
f 186//101 172//101 130//101
f 186//101 130//101 188//101
f 188//101 130//101 128//101
f 188//101 128//101 190//101
f 190//101 128//101 126//101
f 190//101 126//101 124//101
f 146//101 144//101 112//101
f 112//101 144//101 142//101
f 112//101 142//101 407//101
f 407//102 142//102 140//102
f 407//101 140//101 138//101
f 408//101 407//101 410//101
f 410//101 407//101 138//101
f 410//101 138//101 215//101
f 215//101 138//101 136//101
f 215//101 136//101 158//101
f 134//101 132//101 148//101
f 148//102 132//102 130//102
f 148//101 130//101 150//101
f 150//101 130//101 166//101
f 150//101 166//101 152//101
f 152//101 166//101 164//101
f 152//101 164//101 154//101
f 154//101 164//101 162//101
f 154//101 162//101 160//101
f 414//19 415//19 416//19
f 416//19 415//19 214//19
f 416//19 214//19 412//19
f 412//19 214//19 213//19
f 417//73 418//73 419//73
f 419//73 418//73 420//73
f 419//73 420//73 421//73
f 256//73 223//73 224//73
f 417//73 419//73 422//73
f 422//73 419//73 423//73
f 422//73 423//73 424//73
f 244//73 235//73 236//73
f 234//73 226//73 233//73
f 233//103 226//103 232//103
f 263//104 244//104 262//104
f 262//105 244//105 245//105
f 262//73 245//73 246//73
f 246//73 247//73 262//73
f 262//73 247//73 248//73
f 262//73 248//73 249//73
f 221//73 423//73 220//73
f 220//73 423//73 406//73
f 220//74 406//74 219//74
f 219//73 406//73 218//73
f 212//73 214//73 210//73
f 210//73 214//73 251//73
f 210//73 251//73 207//73
f 256//73 257//73 223//73
f 223//73 257//73 423//73
f 223//73 423//73 222//73
f 222//73 423//73 221//73
f 261//73 415//73 260//73
f 260//74 415//74 424//74
f 260//73 424//73 259//73
f 259//73 424//73 423//73
f 259//73 423//73 258//73
f 258//73 423//73 257//73
f 261//73 262//73 415//73
f 415//73 262//73 249//73
f 415//73 249//73 214//73
f 214//73 249//73 250//73
f 214//73 250//73 251//73
f 226//104 227//104 232//104
f 232//73 227//73 228//73
f 232//73 228//73 217//73
f 263//74 264//74 244//74
f 244//73 264//73 253//73
f 244//73 253//73 235//73
f 235//73 253//73 254//73
f 235//74 254//74 234//74
f 234//73 254//73 255//73
f 234//73 255//73 226//73
f 226//73 255//73 256//73
f 226//73 256//73 225//73
f 225//73 256//73 224//73
f 251//73 252//73 207//73
f 207//73 252//73 241//73
f 207//73 241//73 242//73
f 240//73 229//73 216//73
f 216//73 229//73 230//73
f 216//73 230//73 411//73
f 411//73 230//73 231//73
f 217//73 218//73 232//73
f 232//73 218//73 406//73
f 232//73 406//73 231//73
f 231//73 406//73 409//73
f 231//73 409//73 411//73
f 236//73 237//73 244//73
f 244//73 237//73 238//73
f 244//73 238//73 243//73
f 243//73 238//73 239//73
f 243//73 239//73 242//73
f 242//73 239//73 240//73
f 242//73 240//73 207//73
f 207//73 240//73 216//73
f 425//66 426//66 427//66
f 427//66 426//66 428//66
f 427//65 428//65 429//65
f 429//65 428//65 430//65
f 429//64 430//64 431//64
f 431//64 430//64 432//64
f 431//29 432//29 433//29
f 433//29 432//29 434//29
f 433//28 434//28 435//28
f 435//28 434//28 436//28
f 435//27 436//27 325//27
f 325//27 436//27 326//27
f 437//73 438//73 439//73
f 439//73 438//73 440//73
f 439//73 440//73 441//73
f 441//73 442//73 439//73
f 439//73 442//73 443//73
f 439//73 443//73 444//73
f 444//73 443//73 445//73
f 444//73 445//73 446//73
f 427//73 429//73 447//73
f 447//73 429//73 431//73
f 447//73 431//73 448//73
f 446//73 449//73 444//73
f 444//73 449//73 450//73
f 444//73 450//73 447//73
f 447//73 450//73 425//73
f 447//73 425//73 427//73
f 431//73 433//73 448//73
f 448//73 433//73 435//73
f 448//73 435//73 265//73
f 265//73 435//73 325//73
f 265//73 325//73 266//73
f 267//19 310//19 265//19
f 265//19 310//19 324//19
f 265//19 324//19 448//19
f 448//19 324//19 451//19
f 451//101 324//101 372//101
f 365//101 364//101 360//101
f 365//101 360//101 366//101
f 366//106 360//106 359//106
f 366//101 359//101 358//101
f 323//102 322//102 321//102
f 348//101 357//101 356//101
f 362//101 361//101 324//101
f 324//101 361//101 360//101
f 358//101 338//101 337//101
f 364//101 363//101 360//101
f 360//101 363//101 374//101
f 360//101 374//101 324//101
f 324//101 374//101 373//101
f 324//101 373//101 372//101
f 372//102 371//102 451//102
f 451//101 371//101 370//101
f 451//101 370//101 369//101
f 432//101 430//101 452//101
f 452//101 430//101 428//101
f 452//102 428//102 426//102
f 324//101 323//101 362//101
f 362//101 323//101 321//101
f 362//101 321//101 351//101
f 351//101 321//101 352//101
f 358//101 337//101 366//101
f 366//101 337//101 336//101
f 366//101 336//101 367//101
f 333//101 452//101 334//101
f 334//101 452//101 451//101
f 334//101 451//101 335//101
f 335//101 451//101 369//101
f 335//101 369//101 336//101
f 336//101 369//101 368//101
f 336//101 368//101 367//101
f 357//101 328//101 358//101
f 358//101 328//101 327//101
f 358//101 327//101 338//101
f 342//101 341//101 78//101
f 333//101 332//101 452//101
f 452//101 332//101 331//101
f 452//101 331//101 330//101
f 356//101 355//101 348//101
f 348//101 355//101 354//101
f 348//101 354//101 349//101
f 79//101 78//101 81//101
f 81//101 78//101 341//101
f 81//100 341//100 83//100
f 341//101 340//101 83//101
f 83//101 340//101 339//101
f 83//101 339//101 321//101
f 321//101 339//101 350//101
f 321//101 350//101 352//101
f 352//101 350//101 349//101
f 352//101 349//101 353//101
f 353//101 349//101 354//101
f 343//100 330//100 344//100
f 344//102 330//102 329//102
f 344//101 329//101 345//101
f 345//101 329//101 328//101
f 345//101 328//101 346//101
f 346//101 328//101 357//101
f 346//101 357//101 347//101
f 347//101 357//101 348//101
f 342//101 78//101 343//101
f 343//101 78//101 326//101
f 343//101 326//101 330//101
f 330//107 326//107 436//107
f 330//101 436//101 452//101
f 452//101 436//101 434//101
f 452//101 434//101 432//101
f 378//88 33//88 379//88
f 379//88 33//88 453//88
f 379//89 453//89 386//89
f 386//89 453//89 36//89
f 386//90 36//90 387//90
f 387//90 36//90 454//90
f 387//91 454//91 383//91
f 383//91 454//91 38//91
f 383//92 38//92 384//92
f 384//92 38//92 455//92
f 384//108 455//108 385//108
f 385//93 455//93 23//93
f 385//94 23//94 380//94
f 380//109 23//109 456//109
f 380//95 456//95 381//95
f 381//95 456//95 27//95
f 381//96 27//96 382//96
f 382//96 27//96 457//96
f 382//97 457//97 375//97
f 375//97 457//97 30//97
f 375//98 30//98 376//98
f 376//98 30//98 458//98
f 376//99 458//99 378//99
f 378//99 458//99 33//99
f 393//8 394//8 459//8
f 459//8 394//8 460//8
f 394//8 395//8 460//8
f 460//8 395//8 396//8
f 460//8 396//8 447//8
f 447//8 396//8 397//8
f 389//8 390//8 444//8
f 444//8 390//8 391//8
f 444//8 391//8 459//8
f 459//8 391//8 392//8
f 459//8 392//8 393//8
f 397//8 398//8 447//8
f 447//8 398//8 399//8
f 447//8 399//8 444//8
f 444//8 399//8 388//8
f 444//8 388//8 389//8
f 439//2 444//2 461//2
f 461//2 444//2 459//2
f 437//19 439//19 462//19
f 462//19 439//19 461//19
f 404//1 437//1 462//1
f 463//1 423//1 462//1
f 462//1 423//1 419//1
f 438//1 437//1 61//1
f 404//1 65//1 437//1
f 437//1 65//1 403//1
f 437//1 403//1 61//1
f 71//1 405//1 462//1
f 462//1 405//1 68//1
f 462//1 68//1 404//1
f 61//1 402//1 438//1
f 438//1 402//1 76//1
f 438//1 76//1 419//1
f 76//1 401//1 419//1
f 419//1 401//1 74//1
f 419//1 74//1 462//1
f 462//1 74//1 400//1
f 462//1 400//1 71//1
f 413//8 407//8 464//8
f 464//8 407//8 406//8
f 464//8 406//8 463//8
f 463//8 406//8 423//8
f 413//1 464//1 412//1
f 412//1 464//1 416//1
f 415//66 414//66 424//66
f 424//66 414//66 465//66
f 424//65 465//65 422//65
f 422//65 465//65 466//65
f 422//64 466//64 417//64
f 417//64 466//64 467//64
f 417//29 467//29 418//29
f 418//29 467//29 468//29
f 418//28 468//28 420//28
f 420//28 468//28 469//28
f 420//27 469//27 421//27
f 421//27 469//27 470//27
f 470//8 471//8 421//8
f 421//8 471//8 440//8
f 421//8 440//8 419//8
f 419//8 440//8 438//8
f 440//70 471//70 441//70
f 441//70 471//70 472//70
f 441//71 472//71 442//71
f 442//71 472//71 473//71
f 442//72 473//72 443//72
f 443//72 473//72 474//72
f 475//1 445//1 474//1
f 474//1 445//1 443//1
f 445//67 475//67 446//67
f 446//67 475//67 476//67
f 446//68 476//68 449//68
f 449//68 476//68 477//68
f 449//69 477//69 450//69
f 450//69 477//69 478//69
f 425//19 450//19 426//19
f 426//19 450//19 478//19
f 426//19 478//19 452//19
f 452//19 478//19 479//19
f 448//1 451//1 452//1
f 452//1 479//1 30//1
f 455//1 38//1 447//1
f 447//1 38//1 454//1
f 447//1 454//1 460//1
f 460//1 454//1 36//1
f 30//1 457//1 452//1
f 452//1 457//1 27//1
f 452//1 27//1 448//1
f 448//1 27//1 456//1
f 448//1 456//1 447//1
f 447//1 456//1 23//1
f 447//1 23//1 455//1
f 36//1 453//1 460//1
f 460//1 453//1 33//1
f 460//1 33//1 479//1
f 479//1 33//1 458//1
f 479//1 458//1 30//1
f 460//101 479//101 459//101
f 459//101 479//101 478//101
f 459//101 478//101 477//101
f 477//101 476//101 459//101
f 459//101 476//101 475//101
f 459//101 475//101 461//101
f 461//101 475//101 474//101
f 461//101 474//101 473//101
f 469//101 468//101 462//101
f 462//101 468//101 467//101
f 462//101 467//101 463//101
f 467//101 466//101 463//101
f 463//101 466//101 465//101
f 463//101 465//101 464//101
f 464//101 465//101 414//101
f 464//101 414//101 416//101
f 473//101 472//101 461//101
f 461//101 472//101 471//101
f 461//101 471//101 462//101
f 462//101 471//101 470//101
f 462//101 470//101 469//101
f 480//19 481//19 482//19
f 482//19 481//19 483//19
f 482//19 483//19 484//19
f 484//19 483//19 485//19
f 484//19 485//19 486//19
f 486//19 485//19 487//19
f 481//1 488//1 489//1
f 488//110 490//110 491//110
f 491//1 490//1 492//1
f 493//1 494//1 483//1
f 483//1 494//1 495//1
f 494//1 496//1 495//1
f 495//1 496//1 497//1
f 495//1 497//1 490//1
f 490//1 497//1 498//1
f 490//1 498//1 492//1
f 489//1 499//1 481//1
f 481//1 499//1 500//1
f 481//1 500//1 483//1
f 483//1 500//1 501//1
f 483//1 501//1 493//1
f 502//8 503//8 504//8
f 504//8 503//8 505//8
f 504//8 505//8 506//8
f 506//8 505//8 495//8
f 506//8 495//8 507//8
f 507//8 495//8 490//8
f 485//2 505//2 487//2
f 487//2 505//2 503//2
f 508//73 509//73 495//73
f 509//73 510//73 495//73
f 495//73 510//73 511//73
f 495//73 511//73 512//73
f 512//73 513//73 495//73
f 495//73 513//73 514//73
f 495//73 514//73 483//73
f 514//73 515//73 483//73
f 483//73 515//73 516//73
f 483//73 516//73 517//73
f 485//73 518//73 519//73
f 517//73 520//73 483//73
f 483//73 520//73 521//73
f 483//73 521//73 522//73
f 522//73 523//73 483//73
f 483//73 523//73 524//73
f 483//73 524//73 485//73
f 524//73 525//73 485//73
f 485//73 525//73 526//73
f 485//73 526//73 527//73
f 485//73 519//73 505//73
f 505//73 519//73 528//73
f 505//73 528//73 529//73
f 530//73 531//73 505//73
f 505//73 531//73 532//73
f 505//73 532//73 495//73
f 495//73 532//73 533//73
f 495//73 533//73 508//73
f 527//73 534//73 485//73
f 485//73 534//73 535//73
f 485//73 535//73 518//73
f 529//73 536//73 505//73
f 505//73 536//73 537//73
f 505//73 537//73 530//73
f 488//101 481//101 480//101
f 487//101 503//101 502//101
f 538//101 539//101 540//101
f 541//101 542//101 486//101
f 486//101 542//101 543//101
f 486//101 543//101 544//101
f 544//101 543//101 545//101
f 544//101 545//101 546//101
f 546//101 545//101 547//101
f 548//101 549//101 550//101
f 550//101 549//101 551//101
f 551//101 549//101 552//101
f 551//101 552//101 553//101
f 540//101 539//101 554//101
f 554//101 539//101 555//101
f 554//101 555//101 556//101
f 553//101 552//101 502//101
f 502//101 552//101 557//101
f 502//101 557//101 558//101
f 540//101 559//101 538//101
f 538//101 559//101 560//101
f 538//101 560//101 561//101
f 561//101 560//101 562//101
f 561//101 562//101 547//101
f 547//101 562//101 563//101
f 547//101 563//101 546//101
f 564//101 541//101 480//101
f 480//101 541//101 486//101
f 480//101 486//101 488//101
f 488//101 486//101 507//101
f 488//101 507//101 490//101
f 558//101 565//101 502//101
f 502//101 565//101 507//101
f 502//101 507//101 487//101
f 487//101 507//101 486//101
f 550//101 566//101 548//101
f 548//101 566//101 567//101
f 548//101 567//101 568//101
f 568//101 567//101 569//101
f 568//101 569//101 570//101
f 556//101 555//101 571//101
f 571//101 555//101 572//101
f 571//101 572//101 573//101
f 573//101 572//101 574//101
f 573//101 574//101 480//101
f 480//101 574//101 575//101
f 480//101 575//101 564//101
f 569//101 576//101 570//101
f 570//101 576//101 577//101
f 570//101 577//101 578//101
f 578//101 577//101 579//101
f 578//101 579//101 580//101
f 580//101 579//101 581//101
f 580//101 581//101 582//101
f 582//101 581//101 583//101
f 582//101 583//101 584//101
f 584//101 583//101 507//101
f 584//101 507//101 585//101
f 585//101 507//101 565//101
f 586//111 587//111 588//111
f 588//112 587//112 515//112
f 587//112 589//112 515//112
f 515//113 589//113 590//113
f 515//113 590//113 516//113
f 516//114 590//114 591//114
f 516//114 591//114 517//114
f 517//115 591//115 592//115
f 517//115 592//115 520//115
f 520//116 592//116 593//116
f 520//116 593//116 521//116
f 521//117 593//117 594//117
f 521//117 594//117 522//117
f 522//118 594//118 595//118
f 522//119 595//119 523//119
f 523//120 595//120 596//120
f 523//120 596//120 524//120
f 524//121 596//121 597//121
f 524//121 597//121 525//121
f 525//122 597//122 598//122
f 525//122 598//122 526//122
f 526//123 598//123 599//123
f 526//123 599//123 527//123
f 527//124 599//124 600//124
f 527//124 600//124 534//124
f 534//125 600//125 601//125
f 534//125 601//125 535//125
f 535//126 601//126 602//126
f 535//126 602//126 518//126
f 518//127 602//127 603//127
f 518//127 603//127 519//127
f 519//128 603//128 604//128
f 519//128 604//128 528//128
f 528//129 604//129 605//129
f 528//129 605//129 529//129
f 529//130 605//130 606//130
f 529//130 606//130 536//130
f 536//131 606//131 607//131
f 536//131 607//131 537//131
f 537//132 607//132 608//132
f 537//132 608//132 530//132
f 530//133 608//133 609//133
f 530//133 609//133 531//133
f 531//134 609//134 610//134
f 531//134 610//134 532//134
f 532//135 610//135 611//135
f 532//135 611//135 533//135
f 533//136 611//136 612//136
f 533//136 612//136 508//136
f 508//137 612//137 613//137
f 508//137 613//137 509//137
f 509//138 613//138 614//138
f 509//138 614//138 510//138
f 510//139 614//139 615//139
f 510//139 615//139 511//139
f 511//140 615//140 616//140
f 511//140 616//140 512//140
f 512//141 616//141 586//141
f 512//141 586//141 513//141
f 513//111 586//111 588//111
f 590//73 589//73 617//73
f 617//73 589//73 618//73
f 617//73 618//73 586//73
f 593//73 592//73 617//73
f 617//73 592//73 591//73
f 617//73 591//73 590//73
f 596//73 595//73 617//73
f 617//73 595//73 594//73
f 617//73 594//73 593//73
f 599//73 598//73 617//73
f 617//73 598//73 597//73
f 617//73 597//73 596//73
f 602//73 601//73 617//73
f 617//73 601//73 600//73
f 617//73 600//73 599//73
f 605//73 604//73 617//73
f 617//73 604//73 603//73
f 617//73 603//73 602//73
f 608//73 607//73 617//73
f 617//73 607//73 606//73
f 617//73 606//73 605//73
f 611//73 610//73 617//73
f 617//73 610//73 609//73
f 617//73 609//73 608//73
f 614//73 613//73 617//73
f 617//73 613//73 612//73
f 617//73 612//73 611//73
f 586//73 616//73 617//73
f 617//73 616//73 615//73
f 617//73 615//73 614//73
f 619//142 583//142 581//142
f 619//142 581//142 620//142
f 620//143 581//143 579//143
f 620//143 579//143 621//143
f 621//71 579//71 577//71
f 621//71 577//71 622//71
f 622//144 577//144 576//144
f 622//144 576//144 623//144
f 623//145 576//145 569//145
f 623//145 569//145 624//145
f 624//146 569//146 567//146
f 624//146 567//146 625//146
f 625//147 567//147 566//147
f 625//147 566//147 626//147
f 626//28 566//28 550//28
f 626//28 550//28 627//28
f 627//148 550//148 551//148
f 627//148 551//148 628//148
f 628//149 551//149 553//149
f 628//149 553//149 629//149
f 630//73 506//73 631//73
f 631//73 506//73 619//73
f 631//73 619//73 632//73
f 632//73 619//73 620//73
f 632//73 620//73 633//73
f 634//73 625//73 635//73
f 635//73 625//73 626//73
f 635//73 626//73 636//73
f 620//73 621//73 633//73
f 633//73 621//73 622//73
f 633//73 622//73 637//73
f 637//73 622//73 623//73
f 637//73 623//73 634//73
f 634//73 623//73 624//73
f 634//73 624//73 625//73
f 504//73 638//73 629//73
f 629//73 638//73 639//73
f 629//73 639//73 628//73
f 628//73 639//73 636//73
f 628//73 636//73 627//73
f 627//73 636//73 626//73
f 630//73 640//73 506//73
f 506//73 640//73 641//73
f 506//73 641//73 504//73
f 504//73 641//73 642//73
f 504//73 642//73 638//73
f 583//1 619//1 507//1
f 507//1 619//1 506//1
f 629//2 553//2 504//2
f 504//2 553//2 502//2
f 484//73 643//73 644//73
f 484//73 644//73 482//73
f 645//73 646//73 647//73
f 647//73 646//73 648//73
f 648//73 646//73 649//73
f 648//73 649//73 650//73
f 650//73 649//73 651//73
f 651//73 649//73 652//73
f 651//73 652//73 653//73
f 653//73 652//73 654//73
f 653//73 654//73 655//73
f 655//73 654//73 484//73
f 484//73 654//73 656//73
f 484//73 656//73 643//73
f 647//73 657//73 645//73
f 645//73 657//73 658//73
f 645//73 658//73 659//73
f 659//73 658//73 660//73
f 659//73 660//73 661//73
f 661//73 660//73 662//73
f 661//73 662//73 663//73
f 663//73 662//73 664//73
f 663//73 664//73 665//73
f 665//73 664//73 482//73
f 665//73 482//73 666//73
f 666//73 482//73 644//73
f 544//2 655//2 486//2
f 486//2 655//2 484//2
f 664//1 573//1 482//1
f 482//1 573//1 480//1
f 655//150 544//150 546//150
f 655//150 546//150 653//150
f 653//151 546//151 563//151
f 653//151 563//151 651//151
f 651//65 563//65 562//65
f 651//65 562//65 650//65
f 650//152 562//152 560//152
f 650//152 560//152 648//152
f 648//153 560//153 559//153
f 648//153 559//153 647//153
f 647//154 559//154 540//154
f 647//154 540//154 657//154
f 657//155 540//155 554//155
f 657//155 554//155 658//155
f 658//68 554//68 556//68
f 658//68 556//68 660//68
f 660//156 556//156 571//156
f 660//156 571//156 662//156
f 662//157 571//157 573//157
f 662//157 573//157 664//157
f 654//158 545//158 656//158
f 656//158 545//158 543//158
f 656//159 543//159 643//159
f 643//159 543//159 542//159
f 643//160 542//160 644//160
f 644//160 542//160 541//160
f 644//161 541//161 666//161
f 666//161 541//161 564//161
f 666//162 564//162 665//162
f 665//162 564//162 575//162
f 665//163 575//163 663//163
f 663//163 575//163 574//163
f 663//2 574//2 661//2
f 661//2 574//2 572//2
f 661//164 572//164 659//164
f 659//164 572//164 555//164
f 659//165 555//165 645//165
f 645//165 555//165 539//165
f 645//166 539//166 646//166
f 646//166 539//166 538//166
f 646//167 538//167 649//167
f 649//167 538//167 561//167
f 649//168 561//168 652//168
f 652//168 561//168 547//168
f 652//169 547//169 654//169
f 654//169 547//169 545//169
f 639//158 552//158 636//158
f 636//158 552//158 549//158
f 636//159 549//159 635//159
f 635//159 549//159 548//159
f 635//160 548//160 634//160
f 634//160 548//160 568//160
f 634//161 568//161 637//161
f 637//161 568//161 570//161
f 637//162 570//162 633//162
f 633//162 570//162 578//162
f 633//163 578//163 632//163
f 632//163 578//163 580//163
f 632//2 580//2 631//2
f 631//2 580//2 582//2
f 631//164 582//164 630//164
f 630//164 582//164 584//164
f 630//165 584//165 640//165
f 640//165 584//165 585//165
f 640//166 585//166 641//166
f 641//166 585//166 565//166
f 641//167 565//167 642//167
f 642//167 565//167 558//167
f 642//168 558//168 638//168
f 638//168 558//168 557//168
f 638//169 557//169 639//169
f 639//169 557//169 552//169
f 500//90 667//90 501//90
f 501//89 667//89 668//89
f 501//89 668//89 493//89
f 493//88 668//88 669//88
f 493//88 669//88 670//88
f 670//99 669//99 671//99
f 670//99 671//99 496//99
f 496//98 671//98 672//98
f 496//98 672//98 497//98
f 497//97 672//97 673//97
f 497//97 673//97 498//97
f 498//96 673//96 674//96
f 498//96 674//96 492//96
f 492//95 674//95 675//95
f 492//95 675//95 491//95
f 491//94 675//94 676//94
f 491//94 676//94 677//94
f 677//93 676//93 678//93
f 677//93 678//93 489//93
f 489//92 678//92 679//92
f 489//92 679//92 499//92
f 499//91 679//91 680//91
f 499//91 680//91 500//91
f 500//90 680//90 667//90
f 675//1 674//1 681//1
f 681//1 674//1 673//1
f 681//1 673//1 672//1
f 679//1 678//1 681//1
f 681//1 678//1 676//1
f 681//1 676//1 675//1
f 668//1 667//1 681//1
f 681//1 667//1 680//1
f 681//1 680//1 679//1
f 672//1 671//1 681//1
f 681//1 671//1 669//1
f 681//1 669//1 668//1
f 682//170 683//170 684//170
f 682//171 684//171 685//171
f 686//172 685//172 684//172
f 687//173 686//173 684//173
f 688//174 687//174 684//174
f 689//175 688//175 684//175
f 690//176 689//176 684//176
f 691//177 690//177 684//177
f 692//178 691//178 684//178
f 693//179 692//179 684//179
f 694//180 693//180 684//180
f 695//181 694//181 684//181
f 696//182 695//182 684//182
f 697//183 696//183 684//183
f 698//184 697//184 684//184
f 699//185 698//185 684//185
f 700//186 699//186 684//186
f 701//187 700//187 684//187
f 702//188 701//188 684//188
f 703//189 702//189 684//189
f 704//190 703//190 684//190
f 705//191 704//191 684//191
f 706//192 705//192 684//192
f 707//193 706//193 684//193
f 708//194 707//194 684//194
f 709//195 708//195 684//195
f 710//196 709//196 684//196
f 711//197 710//197 684//197
f 712//198 711//198 684//198
f 713//199 712//199 684//199
f 714//200 713//200 684//200
f 715//201 714//201 684//201
f 683//202 715//202 684//202
f 716//203 717//203 718//203
f 716//204 719//204 717//204
f 717//205 719//205 720//205
f 717//206 720//206 721//206
f 720//207 722//207 721//207
f 721//208 722//208 723//208
f 721//208 723//208 724//208
f 724//209 723//209 725//209
f 724//210 725//210 726//210
f 725//211 727//211 726//211
f 726//212 727//212 728//212
f 726//213 728//213 729//213
f 728//214 730//214 729//214
f 729//215 730//215 731//215
f 729//216 731//216 732//216
f 731//217 733//217 732//217
f 732//218 733//218 734//218
f 732//219 734//219 735//219
f 734//220 736//220 735//220
f 735//221 736//221 737//221
f 735//222 737//222 738//222
f 739//223 740//223 741//223
f 741//224 740//224 738//224
f 741//225 738//225 742//225
f 742//226 738//226 737//226
f 739//227 743//227 740//227
f 740//228 743//228 744//228
f 740//229 744//229 745//229
f 744//230 746//230 745//230
f 745//231 746//231 747//231
f 745//231 747//231 748//231
f 748//232 747//232 749//232
f 748//233 749//233 750//233
f 749//234 751//234 750//234
f 750//235 751//235 752//235
f 750//236 752//236 753//236
f 752//237 754//237 753//237
f 753//238 754//238 755//238
f 753//239 755//239 756//239
f 755//240 757//240 756//240
f 756//241 757//241 758//241
f 756//242 758//242 759//242
f 758//243 760//243 759//243
f 759//244 760//244 761//244
f 759//245 761//245 762//245
f 761//246 763//246 762//246
f 762//247 763//247 764//247
f 762//248 764//248 765//248
f 764//249 766//249 765//249
f 765//250 766//250 767//250
f 765//251 767//251 768//251
f 767//252 769//252 768//252
f 768//253 769//253 770//253
f 768//253 770//253 771//253
f 771//254 770//254 772//254
f 771//255 772//255 773//255
f 772//256 774//256 773//256
f 773//257 774//257 775//257
f 773//258 775//258 776//258
f 775//259 777//259 776//259
f 776//260 777//260 778//260
f 776//261 778//261 779//261
f 778//262 780//262 779//262
f 779//263 780//263 781//263
f 779//264 781//264 782//264
f 781//265 783//265 782//265
f 782//266 783//266 784//266
f 782//267 784//267 785//267
f 784//268 786//268 785//268
f 785//269 786//269 787//269
f 785//270 787//270 788//270
f 787//271 789//271 788//271
f 788//272 789//272 790//272
f 788//273 790//273 791//273
f 790//274 792//274 791//274
f 791//275 792//275 793//275
f 791//275 793//275 794//275
f 794//276 793//276 795//276
f 794//277 795//277 796//277
f 795//278 797//278 796//278
f 796//279 797//279 798//279
f 796//280 798//280 799//280
f 798//281 800//281 799//281
f 799//282 800//282 801//282
f 799//283 801//283 802//283
f 801//284 803//284 802//284
f 802//285 803//285 804//285
f 802//286 804//286 805//286
f 804//287 806//287 805//287
f 805//288 806//288 807//288
f 805//289 807//289 808//289
f 807//290 809//290 808//290
f 808//291 809//291 810//291
f 808//292 810//292 718//292
f 718//293 810//293 811//293
f 718//294 811//294 716//294
f 718//295 812//295 808//295
f 808//296 812//296 813//296
f 808//296 813//296 805//296
f 805//297 813//297 814//297
f 805//297 814//297 802//297
f 802//298 814//298 815//298
f 802//298 815//298 799//298
f 799//299 815//299 816//299
f 799//299 816//299 796//299
f 796//300 816//300 817//300
f 796//300 817//300 794//300
f 794//301 817//301 818//301
f 794//301 818//301 791//301
f 791//302 818//302 819//302
f 791//302 819//302 788//302
f 788//303 819//303 820//303
f 788//303 820//303 785//303
f 785//304 820//304 821//304
f 785//304 821//304 782//304
f 782//305 821//305 822//305
f 782//305 822//305 779//305
f 779//306 822//306 823//306
f 779//306 823//306 776//306
f 776//307 823//307 824//307
f 776//308 824//308 773//308
f 773//309 824//309 825//309
f 773//309 825//309 771//309
f 771//310 825//310 826//310
f 771//310 826//310 768//310
f 768//311 826//311 827//311
f 768//311 827//311 765//311
f 765//312 827//312 828//312
f 765//312 828//312 762//312
f 762//313 828//313 829//313
f 762//313 829//313 759//313
f 759//314 829//314 830//314
f 759//314 830//314 756//314
f 756//315 830//315 831//315
f 756//315 831//315 753//315
f 753//316 831//316 832//316
f 753//316 832//316 750//316
f 750//317 832//317 833//317
f 750//317 833//317 748//317
f 748//318 833//318 834//318
f 748//318 834//318 745//318
f 745//319 834//319 835//319
f 745//319 835//319 740//319
f 740//320 835//320 836//320
f 740//320 836//320 738//320
f 738//321 836//321 837//321
f 738//321 837//321 735//321
f 735//322 837//322 838//322
f 735//322 838//322 732//322
f 732//323 838//323 839//323
f 732//323 839//323 729//323
f 729//324 839//324 840//324
f 729//325 840//325 726//325
f 726//326 840//326 841//326
f 726//326 841//326 724//326
f 724//327 841//327 842//327
f 724//327 842//327 721//327
f 721//328 842//328 843//328
f 721//328 843//328 717//328
f 717//329 843//329 844//329
f 717//329 844//329 718//329
f 718//295 844//295 812//295
f 844//330 845//330 812//330
f 812//331 845//331 846//331
f 812//331 846//331 813//331
f 813//332 846//332 847//332
f 813//332 847//332 814//332
f 814//333 847//333 848//333
f 814//333 848//333 815//333
f 815//334 848//334 849//334
f 815//334 849//334 816//334
f 816//335 849//335 850//335
f 816//336 850//336 817//336
f 817//337 850//337 851//337
f 817//337 851//337 818//337
f 818//338 851//338 852//338
f 818//338 852//338 819//338
f 819//339 852//339 853//339
f 819//339 853//339 820//339
f 820//340 853//340 854//340
f 820//340 854//340 821//340
f 821//341 854//341 855//341
f 821//341 855//341 822//341
f 822//342 855//342 856//342
f 822//342 856//342 823//342
f 823//343 856//343 857//343
f 823//343 857//343 824//343
f 824//344 857//344 858//344
f 824//344 858//344 825//344
f 825//345 858//345 859//345
f 825//345 859//345 826//345
f 826//346 859//346 860//346
f 826//346 860//346 827//346
f 827//347 860//347 861//347
f 827//348 861//348 828//348
f 828//349 861//349 862//349
f 828//349 862//349 829//349
f 829//350 862//350 863//350
f 829//351 863//351 830//351
f 830//352 863//352 864//352
f 830//352 864//352 831//352
f 831//353 864//353 865//353
f 831//354 865//354 832//354
f 832//355 865//355 866//355
f 832//356 866//356 833//356
f 833//357 866//357 867//357
f 833//357 867//357 834//357
f 834//358 867//358 868//358
f 834//358 868//358 835//358
f 835//359 868//359 869//359
f 835//359 869//359 836//359
f 836//360 869//360 870//360
f 836//360 870//360 837//360
f 837//361 870//361 871//361
f 837//361 871//361 838//361
f 838//362 871//362 872//362
f 838//362 872//362 839//362
f 839//363 872//363 873//363
f 839//363 873//363 840//363
f 840//364 873//364 874//364
f 840//365 874//365 841//365
f 841//366 874//366 875//366
f 841//367 875//367 842//367
f 842//368 875//368 876//368
f 842//368 876//368 843//368
f 843//369 876//369 877//369
f 843//369 877//369 844//369
f 844//370 877//370 845//370
f 877//371 878//371 845//371
f 845//372 878//372 879//372
f 845//373 879//373 846//373
f 846//374 879//374 880//374
f 846//374 880//374 847//374
f 847//375 880//375 881//375
f 847//375 881//375 848//375
f 848//376 881//376 882//376
f 848//376 882//376 849//376
f 849//377 882//377 883//377
f 849//377 883//377 850//377
f 850//378 883//378 884//378
f 850//378 884//378 851//378
f 851//379 884//379 885//379
f 851//379 885//379 852//379
f 852//380 885//380 886//380
f 852//380 886//380 853//380
f 853//381 886//381 887//381
f 853//381 887//381 854//381
f 854//382 887//382 888//382
f 854//382 888//382 855//382
f 855//383 888//383 889//383
f 855//384 889//384 856//384
f 856//385 889//385 890//385
f 856//385 890//385 857//385
f 857//386 890//386 891//386
f 857//386 891//386 858//386
f 858//387 891//387 892//387
f 858//387 892//387 859//387
f 859//388 892//388 893//388
f 859//388 893//388 860//388
f 860//389 893//389 894//389
f 860//389 894//389 861//389
f 861//390 894//390 895//390
f 861//390 895//390 862//390
f 862//391 895//391 896//391
f 862//391 896//391 863//391
f 863//392 896//392 897//392
f 863//392 897//392 864//392
f 864//393 897//393 898//393
f 864//393 898//393 865//393
f 865//394 898//394 899//394
f 865//394 899//394 866//394
f 866//395 899//395 900//395
f 866//395 900//395 867//395
f 867//396 900//396 901//396
f 867//397 901//397 868//397
f 868//398 901//398 902//398
f 868//398 902//398 869//398
f 869//399 902//399 903//399
f 869//399 903//399 870//399
f 870//400 903//400 904//400
f 870//400 904//400 871//400
f 871//401 904//401 905//401
f 871//401 905//401 872//401
f 872//402 905//402 906//402
f 872//402 906//402 873//402
f 873//403 906//403 907//403
f 873//403 907//403 874//403
f 874//404 907//404 908//404
f 874//404 908//404 875//404
f 875//405 908//405 909//405
f 875//406 909//406 876//406
f 876//407 909//407 910//407
f 876//407 910//407 877//407
f 877//371 910//371 878//371
f 910//408 683//408 878//408
f 878//409 683//409 682//409
f 878//409 682//409 879//409
f 879//410 682//410 685//410
f 879//410 685//410 880//410
f 880//411 685//411 686//411
f 880//411 686//411 881//411
f 881//412 686//412 687//412
f 881//413 687//413 882//413
f 882//414 687//414 688//414
f 882//415 688//415 883//415
f 883//416 688//416 689//416
f 883//416 689//416 884//416
f 884//417 689//417 690//417
f 884//417 690//417 885//417
f 885//418 690//418 691//418
f 885//418 691//418 886//418
f 886//419 691//419 692//419
f 886//419 692//419 887//419
f 887//420 692//420 693//420
f 887//421 693//421 888//421
f 888//422 693//422 694//422
f 888//423 694//423 889//423
f 889//424 694//424 695//424
f 889//424 695//424 890//424
f 890//425 695//425 696//425
f 890//425 696//425 891//425
f 891//426 696//426 697//426
f 891//426 697//426 892//426
f 892//427 697//427 698//427
f 892//427 698//427 893//427
f 893//428 698//428 699//428
f 893//429 699//429 894//429
f 894//430 699//430 700//430
f 894//430 700//430 895//430
f 895//431 700//431 701//431
f 895//431 701//431 896//431
f 896//432 701//432 702//432
f 896//432 702//432 897//432
f 897//433 702//433 703//433
f 897//433 703//433 898//433
f 898//434 703//434 704//434
f 898//434 704//434 899//434
f 899//435 704//435 705//435
f 899//435 705//435 900//435
f 900//436 705//436 706//436
f 900//436 706//436 901//436
f 901//437 706//437 707//437
f 901//437 707//437 902//437
f 902//438 707//438 708//438
f 902//438 708//438 903//438
f 903//439 708//439 709//439
f 903//440 709//440 904//440
f 904//441 709//441 710//441
f 904//441 710//441 905//441
f 905//442 710//442 711//442
f 905//443 711//443 906//443
f 906//444 711//444 712//444
f 906//444 712//444 907//444
f 907//445 712//445 713//445
f 907//445 713//445 908//445
f 908//446 713//446 714//446
f 908//446 714//446 909//446
f 909//447 714//447 715//447
f 909//447 715//447 910//447
f 910//408 715//408 683//408
f 911//448 912//448 787//448
f 787//449 786//449 911//449
f 911//450 786//450 784//450
f 911//451 784//451 913//451
f 913//452 784//452 783//452
f 783//453 781//453 913//453
f 913//454 781//454 780//454
f 913//455 780//455 914//455
f 780//456 778//456 914//456
f 914//457 778//457 777//457
f 914//458 777//458 915//458
f 777//459 775//459 915//459
f 915//460 775//460 774//460
f 915//461 774//461 916//461
f 774//462 772//462 916//462
f 916//463 772//463 770//463
f 916//464 770//464 917//464
f 770//465 769//465 917//465
f 917//466 769//466 767//466
f 917//467 767//467 918//467
f 767//468 766//468 918//468
f 918//469 766//469 764//469
f 918//470 764//470 919//470
f 764//471 763//471 919//471
f 919//472 763//472 761//472
f 919//473 761//473 920//473
f 920//474 761//474 760//474
f 760//475 758//475 920//475
f 920//476 758//476 757//476
f 920//477 757//477 921//477
f 757//478 755//478 921//478
f 921//479 755//479 754//479
f 921//480 754//480 922//480
f 754//481 752//481 922//481
f 922//482 752//482 751//482
f 922//483 751//483 923//483
f 751//484 749//484 923//484
f 923//485 749//485 747//485
f 923//486 747//486 924//486
f 747//487 746//487 924//487
f 924//488 746//488 744//488
f 924//489 744//489 925//489
f 744//490 743//490 925//490
f 925//491 743//491 739//491
f 925//492 739//492 926//492
f 739//492 741//492 926//492
f 926//493 741//493 742//493
f 926//494 742//494 927//494
f 927//495 742//495 737//495
f 927//496 737//496 928//496
f 928//497 737//497 736//497
f 736//498 734//498 928//498
f 928//499 734//499 733//499
f 928//500 733//500 929//500
f 733//501 731//501 929//501
f 929//502 731//502 730//502
f 929//503 730//503 930//503
f 730//504 728//504 930//504
f 930//505 728//505 727//505
f 930//506 727//506 931//506
f 727//507 725//507 931//507
f 931//508 725//508 723//508
f 931//509 723//509 932//509
f 723//510 722//510 932//510
f 932//511 722//511 720//511
f 932//512 720//512 933//512
f 720//513 719//513 933//513
f 933//514 719//514 716//514
f 933//515 716//515 934//515
f 716//516 811//516 934//516
f 934//517 811//517 810//517
f 934//518 810//518 935//518
f 810//519 809//519 935//519
f 935//520 809//520 807//520
f 935//521 807//521 936//521
f 936//522 807//522 806//522
f 806//523 804//523 936//523
f 936//524 804//524 803//524
f 936//525 803//525 937//525
f 803//526 801//526 937//526
f 937//527 801//527 800//527
f 937//528 800//528 938//528
f 800//529 798//529 938//529
f 938//530 798//530 797//530
f 938//531 797//531 939//531
f 797//532 795//532 939//532
f 939//533 795//533 793//533
f 939//534 793//534 940//534
f 793//535 792//535 940//535
f 940//536 792//536 790//536
f 940//537 790//537 912//537
f 912//538 790//538 789//538
f 912//539 789//539 787//539
f 926//73 941//73 925//73
f 925//73 941//73 942//73
f 925//73 942//73 924//73
f 924//73 942//73 943//73
f 924//73 943//73 923//73
f 923//73 943//73 944//73
f 923//73 944//73 922//73
f 922//73 944//73 945//73
f 922//73 945//73 921//73
f 921//73 945//73 946//73
f 921//73 946//73 920//73
f 920//73 946//73 947//73
f 920//73 947//73 919//73
f 919//73 947//73 948//73
f 919//73 948//73 918//73
f 918//73 948//73 949//73
f 918//73 949//73 917//73
f 917//73 949//73 950//73
f 917//73 950//73 916//73
f 916//73 950//73 951//73
f 916//73 951//73 915//73
f 915//73 951//73 952//73
f 915//73 952//73 914//73
f 914//73 952//73 953//73
f 914//73 953//73 913//73
f 913//73 953//73 954//73
f 913//73 954//73 911//73
f 911//73 954//73 955//73
f 911//73 955//73 912//73
f 912//73 955//73 956//73
f 912//73 956//73 940//73
f 940//73 956//73 957//73
f 940//73 957//73 939//73
f 939//73 957//73 958//73
f 939//73 958//73 938//73
f 938//73 958//73 959//73
f 938//73 959//73 937//73
f 937//73 959//73 960//73
f 937//73 960//73 936//73
f 936//73 960//73 961//73
f 936//73 961//73 935//73
f 935//73 961//73 962//73
f 935//73 962//73 934//73
f 934//73 962//73 963//73
f 934//73 963//73 933//73
f 933//73 963//73 964//73
f 933//73 964//73 932//73
f 932//73 964//73 965//73
f 932//73 965//73 931//73
f 931//73 965//73 966//73
f 931//73 966//73 930//73
f 930//73 966//73 967//73
f 930//73 967//73 929//73
f 929//73 967//73 968//73
f 929//73 968//73 928//73
f 928//73 968//73 969//73
f 928//73 969//73 927//73
f 927//73 969//73 970//73
f 927//73 970//73 926//73
f 926//73 970//73 941//73
f 971//540 970//540 972//540
f 972//541 970//541 969//541
f 972//541 969//541 973//541
f 973//542 969//542 968//542
f 973//542 968//542 974//542
f 974//543 968//543 967//543
f 974//543 967//543 975//543
f 975//544 967//544 966//544
f 975//544 966//544 976//544
f 976//545 966//545 965//545
f 976//545 965//545 977//545
f 977//546 965//546 964//546
f 977//546 964//546 978//546
f 978//547 964//547 963//547
f 978//547 963//547 979//547
f 979//548 963//548 962//548
f 979//548 962//548 980//548
f 980//549 962//549 961//549
f 980//549 961//549 981//549
f 981//550 961//550 960//550
f 981//550 960//550 982//550
f 982//551 960//551 959//551
f 982//551 959//551 983//551
f 983//552 959//552 958//552
f 983//552 958//552 984//552
f 984//553 958//553 957//553
f 984//553 957//553 985//553
f 985//554 957//554 956//554
f 985//554 956//554 986//554
f 986//555 956//555 955//555
f 986//555 955//555 987//555
f 987//556 955//556 954//556
f 987//556 954//556 988//556
f 988//557 954//557 953//557
f 988//557 953//557 989//557
f 989//558 953//558 952//558
f 989//558 952//558 990//558
f 990//559 952//559 951//559
f 990//559 951//559 991//559
f 991//560 951//560 950//560
f 991//560 950//560 992//560
f 992//561 950//561 949//561
f 992//561 949//561 993//561
f 993//562 949//562 948//562
f 993//562 948//562 994//562
f 994//563 948//563 947//563
f 994//563 947//563 995//563
f 995//564 947//564 946//564
f 995//564 946//564 996//564
f 996//565 946//565 945//565
f 996//565 945//565 997//565
f 997//566 945//566 944//566
f 997//566 944//566 998//566
f 998//567 944//567 943//567
f 998//567 943//567 999//567
f 999//568 943//568 942//568
f 999//568 942//568 1000//568
f 1000//569 942//569 941//569
f 1000//569 941//569 971//569
f 971//540 941//540 970//540
f 984//101 985//101 1001//101
f 1001//101 985//101 986//101
f 1001//101 986//101 1002//101
f 1002//101 986//101 987//101
f 1002//101 987//101 1003//101
f 1003//101 987//101 988//101
f 1003//101 988//101 1004//101
f 1004//101 988//101 989//101
f 1004//101 989//101 1005//101
f 1005//101 989//101 990//101
f 1005//101 990//101 1006//101
f 1006//101 990//101 991//101
f 1006//101 991//101 1007//101
f 1007//101 991//101 992//101
f 1007//101 992//101 1008//101
f 1008//101 992//101 993//101
f 1008//101 993//101 1009//101
f 1009//101 993//101 994//101
f 1009//101 994//101 1010//101
f 1010//101 994//101 995//101
f 1010//101 995//101 1011//101
f 1011//101 995//101 996//101
f 1011//101 996//101 1012//101
f 1012//101 996//101 997//101
f 1012//101 997//101 1013//101
f 1013//101 997//101 998//101
f 1013//101 998//101 1014//101
f 1014//101 998//101 999//101
f 1014//101 999//101 1015//101
f 1015//101 999//101 1000//101
f 1015//101 1000//101 1016//101
f 1016//101 1000//101 971//101
f 1016//101 971//101 1017//101
f 1017//101 971//101 972//101
f 1017//101 972//101 1018//101
f 1018//101 972//101 973//101
f 1018//101 973//101 1019//101
f 1019//101 973//101 974//101
f 1019//101 974//101 1020//101
f 1020//101 974//101 975//101
f 1020//101 975//101 1021//101
f 1021//101 975//101 976//101
f 1021//101 976//101 1022//101
f 1022//101 976//101 977//101
f 1022//101 977//101 1023//101
f 1023//101 977//101 978//101
f 1023//101 978//101 1024//101
f 1024//101 978//101 979//101
f 1024//101 979//101 1025//101
f 1025//101 979//101 980//101
f 1025//101 980//101 1026//101
f 1026//101 980//101 981//101
f 1026//101 981//101 1027//101
f 1027//101 981//101 982//101
f 1027//101 982//101 1028//101
f 1028//101 982//101 983//101
f 1028//101 983//101 1029//101
f 1029//101 983//101 984//101
f 1029//101 984//101 1001//101
f 1030//570 1017//570 1031//570
f 1031//571 1017//571 1018//571
f 1031//571 1018//571 1032//571
f 1032//572 1018//572 1019//572
f 1032//572 1019//572 1033//572
f 1033//573 1019//573 1020//573
f 1033//573 1020//573 1034//573
f 1034//574 1020//574 1021//574
f 1034//574 1021//574 1035//574
f 1035//575 1021//575 1022//575
f 1035//575 1022//575 1036//575
f 1036//576 1022//576 1023//576
f 1036//576 1023//576 1037//576
f 1037//577 1023//577 1024//577
f 1037//577 1024//577 1038//577
f 1038//578 1024//578 1025//578
f 1038//578 1025//578 1039//578
f 1039//579 1025//579 1026//579
f 1039//579 1026//579 1040//579
f 1040//580 1026//580 1027//580
f 1040//580 1027//580 1041//580
f 1041//581 1027//581 1028//581
f 1041//581 1028//581 1042//581
f 1042//582 1028//582 1029//582
f 1042//582 1029//582 1043//582
f 1043//583 1029//583 1001//583
f 1043//583 1001//583 1044//583
f 1044//584 1001//584 1002//584
f 1044//584 1002//584 1045//584
f 1045//585 1002//585 1003//585
f 1045//585 1003//585 1046//585
f 1046//586 1003//586 1004//586
f 1046//586 1004//586 1047//586
f 1047//587 1004//587 1005//587
f 1047//587 1005//587 1048//587
f 1048//588 1005//588 1006//588
f 1048//588 1006//588 1049//588
f 1049//589 1006//589 1007//589
f 1049//589 1007//589 1050//589
f 1050//590 1007//590 1008//590
f 1050//590 1008//590 1051//590
f 1051//591 1008//591 1009//591
f 1051//591 1009//591 1052//591
f 1052//592 1009//592 1010//592
f 1052//592 1010//592 1053//592
f 1053//593 1010//593 1011//593
f 1053//593 1011//593 1054//593
f 1054//594 1011//594 1012//594
f 1054//594 1012//594 1055//594
f 1055//595 1012//595 1013//595
f 1055//595 1013//595 1056//595
f 1056//596 1013//596 1014//596
f 1056//596 1014//596 1057//596
f 1057//597 1014//597 1015//597
f 1057//597 1015//597 1058//597
f 1058//598 1015//598 1016//598
f 1058//598 1016//598 1030//598
f 1030//570 1016//570 1017//570
f 1056//73 1059//73 1055//73
f 1055//73 1059//73 1060//73
f 1055//73 1060//73 1054//73
f 1054//73 1060//73 1061//73
f 1054//73 1061//73 1053//73
f 1053//73 1061//73 1062//73
f 1053//73 1062//73 1052//73
f 1052//73 1062//73 1063//73
f 1052//73 1063//73 1051//73
f 1051//73 1063//73 1064//73
f 1051//73 1064//73 1050//73
f 1050//73 1064//73 1065//73
f 1050//73 1065//73 1049//73
f 1041//73 1066//73 1040//73
f 1040//73 1066//73 1067//73
f 1040//73 1067//73 1039//73
f 1039//73 1067//73 1068//73
f 1039//73 1068//73 1038//73
f 1038//73 1068//73 1069//73
f 1038//73 1069//73 1037//73
f 1037//73 1069//73 1070//73
f 1037//73 1070//73 1036//73
f 1036//73 1070//73 1071//73
f 1036//73 1071//73 1035//73
f 1035//73 1071//73 1072//73
f 1035//73 1072//73 1034//73
f 1065//73 1073//73 1049//73
f 1049//73 1073//73 1074//73
f 1049//73 1074//73 1048//73
f 1048//73 1074//73 1075//73
f 1048//73 1075//73 1047//73
f 1047//73 1075//73 1076//73
f 1047//73 1076//73 1046//73
f 1046//73 1076//73 1077//73
f 1046//73 1077//73 1045//73
f 1045//73 1077//73 1078//73
f 1045//73 1078//73 1044//73
f 1044//73 1078//73 1079//73
f 1044//73 1079//73 1043//73
f 1043//73 1079//73 1080//73
f 1043//73 1080//73 1042//73
f 1042//73 1080//73 1081//73
f 1042//73 1081//73 1041//73
f 1041//73 1081//73 1082//73
f 1041//73 1082//73 1066//73
f 1072//73 1083//73 1034//73
f 1034//73 1083//73 1084//73
f 1034//73 1084//73 1033//73
f 1033//73 1084//73 1085//73
f 1033//73 1085//73 1032//73
f 1032//73 1085//73 1086//73
f 1032//73 1086//73 1031//73
f 1031//73 1086//73 1087//73
f 1031//73 1087//73 1030//73
f 1030//73 1087//73 1088//73
f 1030//73 1088//73 1058//73
f 1058//73 1088//73 1089//73
f 1058//73 1089//73 1057//73
f 1057//73 1089//73 1090//73
f 1057//73 1090//73 1056//73
f 1056//73 1090//73 1091//73
f 1056//73 1091//73 1059//73
f 1092//599 1087//599 1093//599
f 1093//600 1087//600 1086//600
f 1093//600 1086//600 1094//600
f 1094//601 1086//601 1085//601
f 1094//601 1085//601 1095//601
f 1095//602 1085//602 1084//602
f 1095//602 1084//602 1096//602
f 1096//603 1084//603 1083//603
f 1096//603 1083//603 1097//603
f 1097//604 1083//604 1072//604
f 1097//604 1072//604 1098//604
f 1098//605 1072//605 1071//605
f 1098//605 1071//605 1099//605
f 1099//606 1071//606 1070//606
f 1099//606 1070//606 1100//606
f 1100//607 1070//607 1069//607
f 1100//607 1069//607 1101//607
f 1101//608 1069//608 1068//608
f 1101//608 1068//608 1102//608
f 1102//609 1068//609 1067//609
f 1102//609 1067//609 1103//609
f 1103//610 1067//610 1066//610
f 1103//610 1066//610 1104//610
f 1104//611 1066//611 1082//611
f 1104//611 1082//611 1105//611
f 1105//612 1082//612 1081//612
f 1105//612 1081//612 1106//612
f 1106//613 1081//613 1080//613
f 1106//613 1080//613 1107//613
f 1107//614 1080//614 1079//614
f 1107//614 1079//614 1108//614
f 1108//584 1079//584 1078//584
f 1108//584 1078//584 1109//584
f 1109//615 1078//615 1077//615
f 1109//615 1077//615 1110//615
f 1110//616 1077//616 1076//616
f 1110//616 1076//616 1111//616
f 1111//617 1076//617 1075//617
f 1111//617 1075//617 1112//617
f 1112//618 1075//618 1074//618
f 1112//618 1074//618 1113//618
f 1113//619 1074//619 1073//619
f 1113//619 1073//619 1114//619
f 1114//620 1073//620 1065//620
f 1114//620 1065//620 1115//620
f 1115//621 1065//621 1064//621
f 1115//621 1064//621 1116//621
f 1116//622 1064//622 1063//622
f 1116//622 1063//622 1117//622
f 1117//623 1063//623 1062//623
f 1117//623 1062//623 1118//623
f 1118//624 1062//624 1061//624
f 1118//624 1061//624 1119//624
f 1119//625 1061//625 1060//625
f 1119//625 1060//625 1120//625
f 1120//626 1060//626 1059//626
f 1120//626 1059//626 1121//626
f 1121//627 1059//627 1091//627
f 1121//627 1091//627 1122//627
f 1122//628 1091//628 1090//628
f 1122//628 1090//628 1123//628
f 1123//629 1090//629 1089//629
f 1123//629 1089//629 1124//629
f 1124//630 1089//630 1088//630
f 1124//630 1088//630 1092//630
f 1092//599 1088//599 1087//599
f 1123//101 1124//101 1125//101
f 1125//101 1124//101 1092//101
f 1125//101 1092//101 1093//101
f 1120//101 1121//101 1125//101
f 1125//101 1121//101 1122//101
f 1125//101 1122//101 1123//101
f 1117//101 1118//101 1125//101
f 1125//101 1118//101 1119//101
f 1125//101 1119//101 1120//101
f 1114//101 1115//101 1125//101
f 1125//101 1115//101 1116//101
f 1125//101 1116//101 1117//101
f 1111//101 1112//101 1125//101
f 1125//101 1112//101 1113//101
f 1125//101 1113//101 1114//101
f 1108//101 1109//101 1125//101
f 1125//101 1109//101 1110//101
f 1125//101 1110//101 1111//101
f 1105//101 1106//101 1125//101
f 1125//101 1106//101 1107//101
f 1125//101 1107//101 1108//101
f 1102//101 1103//101 1125//101
f 1125//101 1103//101 1104//101
f 1125//101 1104//101 1105//101
f 1099//101 1100//101 1125//101
f 1125//101 1100//101 1101//101
f 1125//101 1101//101 1102//101
f 1096//101 1097//101 1125//101
f 1125//101 1097//101 1098//101
f 1125//101 1098//101 1099//101
f 1093//101 1094//101 1125//101
f 1125//101 1094//101 1095//101
f 1125//101 1095//101 1096//101
f 1126//631 1127//631 1128//631
f 1126//631 1128//631 1129//631
f 1129//632 1128//632 1130//632
f 1129//632 1130//632 1131//632
f 1131//633 1130//633 1132//633
f 1131//633 1132//633 1133//633
f 1133//634 1132//634 1134//634
f 1133//634 1134//634 1135//634
f 1135//635 1134//635 1136//635
f 1135//635 1136//635 1137//635
f 1137//636 1136//636 1138//636
f 1137//636 1138//636 1139//636
f 1139//637 1138//637 1140//637
f 1139//637 1140//637 1141//637
f 1141//638 1140//638 1142//638
f 1141//638 1142//638 1143//638
f 1143//639 1142//639 1144//639
f 1143//639 1144//639 1145//639
f 1145//640 1144//640 1146//640
f 1145//640 1146//640 1147//640
f 1147//641 1146//641 1148//641
f 1147//641 1148//641 1149//641
f 1149//642 1148//642 1150//642
f 1149//642 1150//642 1151//642
f 1151//643 1150//643 1152//643
f 1151//643 1152//643 1153//643
f 1153//644 1152//644 1154//644
f 1153//644 1154//644 1155//644
f 1155//645 1154//645 1156//645
f 1155//645 1156//645 1157//645
f 1157//646 1156//646 1158//646
f 1157//646 1158//646 1159//646
f 1159//647 1158//647 1160//647
f 1159//647 1160//647 1161//647
f 1161//648 1160//648 1162//648
f 1161//648 1162//648 1163//648
f 1163//649 1162//649 1164//649
f 1163//649 1164//649 1165//649
f 1165//650 1164//650 1166//650
f 1165//650 1166//650 1167//650
f 1167//651 1166//651 1168//651
f 1167//651 1168//651 1169//651
f 1169//652 1168//652 1170//652
f 1169//652 1170//652 1171//652
f 1171//653 1170//653 1172//653
f 1171//653 1172//653 1173//653
f 1173//654 1172//654 1174//654
f 1173//654 1174//654 1175//654
f 1176//19 1177//19 1178//19
f 1178//19 1177//19 1179//19
f 1180//1 1181//1 1182//1
f 1182//1 1181//1 1183//1
f 1184//8 1185//8 1186//8
f 1186//8 1185//8 1187//8
f 1188//73 1189//73 1190//73
f 1191//73 1192//73 1193//73
f 1194//73 1195//73 1196//73
f 1197//73 1198//73 1199//73
f 1200//73 1201//73 1202//73
f 1202//73 1201//73 1203//73
f 1204//73 1205//73 1206//73
f 1207//73 1208//73 1209//73
f 1210//74 1211//74 1208//74
f 1208//73 1211//73 1212//73
f 1208//73 1212//73 1209//73
f 1213//73 1214//73 1215//73
f 1215//73 1214//73 1216//73
f 1217//73 1218//73 1219//73
f 1219//655 1218//655 1220//655
f 1219//73 1220//73 1221//73
f 1221//73 1220//73 1222//73
f 1223//73 1224//73 1203//73
f 1189//73 1225//73 1226//73
f 1227//73 1228//73 1229//73
f 1229//73 1228//73 1230//73
f 1229//73 1230//73 1231//73
f 1231//73 1230//73 1232//73
f 1231//73 1232//73 1233//73
f 1233//73 1232//73 1234//73
f 1216//73 1235//73 1236//73
f 1236//73 1235//73 1237//73
f 1236//73 1237//73 1238//73
f 1238//73 1237//73 1239//73
f 1238//73 1239//73 1203//73
f 1203//73 1239//73 1240//73
f 1203//73 1240//73 1223//73
f 1217//73 1234//73 1241//73
f 1241//73 1234//73 1232//73
f 1241//73 1232//73 1213//73
f 1213//73 1232//73 1242//73
f 1213//73 1242//73 1214//73
f 1226//73 1243//73 1189//73
f 1189//73 1243//73 1244//73
f 1189//73 1244//73 1190//73
f 1244//73 1245//73 1190//73
f 1190//73 1245//73 1246//73
f 1190//73 1246//73 1247//73
f 1247//73 1246//73 1248//73
f 1247//73 1248//73 1249//73
f 1249//73 1248//73 1250//73
f 1249//73 1250//73 1251//73
f 1223//73 1227//73 1224//73
f 1224//73 1227//73 1229//73
f 1224//73 1229//73 1252//73
f 1252//73 1229//73 1253//73
f 1252//73 1253//73 1254//73
f 1254//73 1253//73 1255//73
f 1254//73 1255//73 1225//73
f 1225//73 1255//73 1256//73
f 1225//73 1256//73 1226//73
f 1226//73 1256//73 1257//73
f 1226//73 1257//73 1258//73
f 1258//73 1257//73 1259//73
f 1259//73 1257//73 1222//73
f 1259//73 1222//73 1260//73
f 1260//73 1222//73 1220//73
f 1260//73 1220//73 1261//73
f 1261//73 1220//73 1262//73
f 1261//73 1262//73 1251//73
f 1200//73 1263//73 1264//73
f 1264//73 1263//73 1265//73
f 1264//73 1265//73 1199//73
f 1199//73 1265//73 1266//73
f 1199//73 1266//73 1267//73
f 1267//73 1266//73 1268//73
f 1267//73 1268//73 1269//73
f 1269//73 1268//73 1270//73
f 1269//73 1270//73 1271//73
f 1271//73 1270//73 1272//73
f 1271//73 1272//73 1273//73
f 1273//73 1272//73 1274//73
f 1273//73 1274//73 1275//73
f 1275//73 1274//73 1276//73
f 1275//73 1276//73 1224//73
f 1224//73 1276//73 1277//73
f 1224//73 1277//73 1203//73
f 1203//73 1277//73 1278//73
f 1203//73 1278//73 1202//73
f 1267//73 1279//73 1280//73
f 1267//73 1280//73 1199//73
f 1199//73 1280//73 1281//73
f 1199//73 1281//73 1197//73
f 1279//73 1267//73 1282//73
f 1282//73 1267//73 1269//73
f 1282//73 1269//73 1283//73
f 1283//73 1269//73 1284//73
f 1283//73 1284//73 1285//73
f 1198//73 1286//73 1287//73
f 1287//73 1286//73 1288//73
f 1287//73 1288//73 1289//73
f 1284//73 1290//73 1285//73
f 1285//73 1290//73 1291//73
f 1285//73 1291//73 1292//73
f 1292//73 1291//73 1289//73
f 1292//73 1289//73 1293//73
f 1293//73 1289//73 1288//73
f 1294//73 1295//73 1296//73
f 1296//73 1295//73 1297//73
f 1296//73 1297//73 1195//73
f 1296//73 1287//73 1294//73
f 1294//73 1287//73 1289//73
f 1294//73 1289//73 1298//73
f 1298//73 1289//73 1291//73
f 1298//73 1291//73 1299//73
f 1300//73 1301//73 1302//73
f 1299//73 1291//73 1303//73
f 1303//73 1291//73 1304//73
f 1303//73 1304//73 1305//73
f 1305//73 1304//73 1306//73
f 1305//73 1306//73 1302//73
f 1302//73 1306//73 1307//73
f 1302//73 1307//73 1300//73
f 1301//655 1300//655 1308//655
f 1308//73 1300//73 1309//73
f 1308//73 1309//73 1196//73
f 1196//73 1309//73 1310//73
f 1196//73 1310//73 1194//73
f 1311//73 1312//73 1313//73
f 1311//73 1313//73 1314//73
f 1315//73 1316//73 1317//73
f 1318//73 1319//73 1315//73
f 1320//73 1321//73 1322//73
f 1323//73 1324//73 1325//73
f 1325//73 1324//73 1300//73
f 1315//73 1326//73 1316//73
f 1316//73 1326//73 1327//73
f 1316//73 1327//73 1328//73
f 1328//73 1327//73 1329//73
f 1328//73 1329//73 1330//73
f 1330//73 1329//73 1331//73
f 1318//74 1315//74 1332//74
f 1332//73 1315//73 1317//73
f 1332//73 1317//73 1333//73
f 1333//73 1317//73 1334//73
f 1333//73 1334//73 1321//73
f 1320//74 1322//74 1335//74
f 1336//73 1337//73 1338//73
f 1324//73 1339//73 1300//73
f 1300//73 1339//73 1340//73
f 1300//73 1340//73 1309//73
f 1309//73 1340//73 1341//73
f 1309//73 1341//73 1342//73
f 1337//73 1343//73 1338//73
f 1338//73 1343//73 1344//73
f 1338//73 1344//73 1345//73
f 1346//73 1347//73 1348//73
f 1348//73 1347//73 1349//73
f 1348//73 1349//73 1319//73
f 1314//73 1313//73 1342//73
f 1342//73 1313//73 1350//73
f 1342//73 1350//73 1309//73
f 1351//73 1347//73 1352//73
f 1352//73 1347//73 1346//73
f 1352//73 1346//73 1353//73
f 1353//74 1346//74 1354//74
f 1353//73 1354//73 1312//73
f 1344//73 1331//73 1345//73
f 1345//73 1331//73 1329//73
f 1345//73 1329//73 1355//73
f 1355//73 1329//73 1356//73
f 1355//73 1356//73 1357//73
f 1357//73 1356//73 1358//73
f 1357//73 1358//73 1325//73
f 1325//73 1358//73 1359//73
f 1325//73 1359//73 1323//73
f 1323//73 1359//73 1360//73
f 1323//73 1360//73 1351//73
f 1351//73 1360//73 1361//73
f 1351//73 1361//73 1347//73
f 1338//73 1362//73 1363//73
f 1322//73 1336//73 1335//73
f 1335//73 1336//73 1338//73
f 1335//73 1338//73 1364//73
f 1364//73 1338//73 1363//73
f 1365//73 1366//73 1367//73
f 1345//73 1368//73 1338//73
f 1338//73 1368//73 1369//73
f 1338//73 1369//73 1366//73
f 1366//73 1369//73 1370//73
f 1366//73 1370//73 1367//73
f 1367//73 1371//73 1365//73
f 1365//73 1371//73 1372//73
f 1365//73 1372//73 1373//73
f 1373//73 1372//73 1374//73
f 1373//73 1374//73 1190//73
f 1190//73 1374//73 1375//73
f 1190//73 1375//73 1188//73
f 1376//73 1377//73 1378//73
f 1366//73 1379//73 1380//73
f 1381//73 1338//73 1382//73
f 1382//73 1338//73 1366//73
f 1382//73 1366//73 1383//73
f 1383//73 1366//73 1380//73
f 1377//73 1376//73 1384//73
f 1384//73 1376//73 1362//73
f 1384//73 1362//73 1385//73
f 1381//73 1386//73 1338//73
f 1338//73 1386//73 1387//73
f 1338//73 1387//73 1362//73
f 1362//73 1387//73 1388//73
f 1362//73 1388//73 1385//73
f 1389//73 1390//73 1391//73
f 1392//73 1393//73 1394//73
f 1394//73 1393//73 1389//73
f 1394//73 1389//73 1395//73
f 1395//73 1389//73 1391//73
f 1392//73 1396//73 1393//73
f 1393//73 1396//73 1397//73
f 1393//73 1397//73 1398//73
f 1397//73 1399//73 1398//73
f 1398//73 1399//73 1400//73
f 1398//73 1400//73 1401//73
f 1402//73 1403//73 1390//73
f 1390//73 1403//73 1404//73
f 1390//73 1404//73 1391//73
f 1401//73 1402//73 1398//73
f 1398//73 1402//73 1390//73
f 1398//73 1390//73 1193//73
f 1193//73 1390//73 1405//73
f 1193//73 1405//73 1191//73
f 1191//73 1405//73 1406//73
f 1191//73 1406//73 1407//73
f 1407//73 1406//73 1408//73
f 1409//73 1410//73 1411//73
f 1412//74 1413//74 1398//74
f 1414//73 1415//73 1376//73
f 1410//73 1416//73 1411//73
f 1411//73 1416//73 1417//73
f 1411//73 1417//73 1376//73
f 1376//73 1417//73 1418//73
f 1376//73 1418//73 1414//73
f 1413//73 1419//73 1398//73
f 1398//73 1419//73 1420//73
f 1398//73 1420//73 1393//73
f 1393//73 1420//73 1421//73
f 1415//73 1412//73 1376//73
f 1376//73 1412//73 1398//73
f 1376//73 1398//73 1362//73
f 1362//73 1398//73 1193//73
f 1362//73 1193//73 1363//73
f 1363//73 1193//73 1192//73
f 1422//73 1423//73 1424//73
f 1425//73 1426//73 1427//73
f 1428//73 1393//73 1429//73
f 1429//73 1393//73 1425//73
f 1429//73 1425//73 1430//73
f 1430//73 1425//73 1427//73
f 1389//73 1431//73 1424//73
f 1424//73 1431//73 1432//73
f 1424//73 1432//73 1422//73
f 1428//73 1433//73 1393//73
f 1393//73 1433//73 1434//73
f 1393//73 1434//73 1389//73
f 1389//73 1434//73 1435//73
f 1389//73 1435//73 1431//73
f 1436//73 1437//73 1425//73
f 1438//73 1439//73 1440//73
f 1440//73 1441//73 1438//73
f 1438//73 1441//73 1442//73
f 1438//73 1442//73 1411//73
f 1411//73 1442//73 1443//73
f 1411//73 1443//73 1444//73
f 1444//73 1445//73 1411//73
f 1411//73 1445//73 1393//73
f 1411//73 1393//73 1409//73
f 1409//73 1393//73 1421//73
f 1445//73 1446//73 1393//73
f 1393//73 1446//73 1447//73
f 1393//73 1447//73 1425//73
f 1425//73 1447//73 1448//73
f 1425//73 1448//73 1436//73
f 1423//73 1426//73 1424//73
f 1424//73 1426//73 1425//73
f 1424//73 1425//73 1209//73
f 1209//73 1425//73 1449//73
f 1209//73 1449//73 1207//73
f 1437//73 1439//73 1425//73
f 1425//73 1439//73 1438//73
f 1425//73 1438//73 1449//73
f 1449//73 1438//73 1206//73
f 1449//73 1206//73 1207//73
f 1207//73 1206//73 1205//73
f 1450//73 1451//73 1438//73
f 1190//73 1452//73 1453//73
f 1451//73 1454//73 1438//73
f 1438//73 1454//73 1455//73
f 1438//73 1455//73 1206//73
f 1206//73 1455//73 1456//73
f 1206//73 1456//73 1457//73
f 1247//73 1204//73 1190//73
f 1190//73 1204//73 1206//73
f 1190//73 1206//73 1452//73
f 1452//73 1206//73 1457//73
f 1453//73 1458//73 1190//73
f 1190//73 1458//73 1459//73
f 1190//73 1459//73 1373//73
f 1373//73 1459//73 1460//73
f 1373//73 1460//73 1461//73
f 1461//73 1450//73 1373//73
f 1373//73 1450//73 1438//73
f 1373//73 1438//73 1365//73
f 1365//73 1438//73 1411//73
f 1365//73 1411//73 1366//73
f 1366//73 1411//73 1376//73
f 1366//73 1376//73 1379//73
f 1379//73 1376//73 1378//73
f 1462//101 1463//101 1464//101
f 1465//101 1466//101 1463//101
f 1467//101 1468//101 1469//101
f 1470//101 1471//101 1472//101
f 1471//101 1470//101 1473//101
f 1474//101 1475//101 1476//101
f 1477//101 1478//101 1479//101
f 1480//101 1481//101 1482//101
f 1483//101 1484//101 1485//101
f 1486//101 1487//101 1488//101
f 1489//101 1490//101 1491//101
f 1492//101 1493//101 1494//101
f 1495//101 1496//101 1497//101
f 1498//101 1499//101 1500//101
f 1501//101 1502//101 1503//101
f 1504//101 1505//101 1506//101
f 1507//101 1508//101 1509//101
f 1508//101 1510//101 1509//101
f 1509//101 1510//101 1511//101
f 1509//101 1511//101 1512//101
f 1513//101 1514//101 1515//101
f 1515//101 1514//101 1516//101
f 1515//656 1516//656 1517//656
f 1517//101 1516//101 1518//101
f 1511//101 1519//101 1512//101
f 1512//101 1519//101 1520//101
f 1512//101 1520//101 1521//101
f 1521//101 1520//101 1522//101
f 1521//101 1522//101 1523//101
f 1523//101 1522//101 1524//101
f 1523//101 1524//101 1513//101
f 1513//101 1524//101 1525//101
f 1513//101 1525//101 1514//101
f 1526//101 1527//101 1528//101
f 1528//101 1527//101 1529//101
f 1528//101 1529//101 1530//101
f 1530//101 1529//101 1531//101
f 1531//101 1529//101 1532//101
f 1531//101 1532//101 1533//101
f 1489//101 1534//101 1535//101
f 1490//101 1536//101 1537//101
f 1537//101 1536//101 1538//101
f 1537//101 1538//101 1532//101
f 1532//101 1538//101 1539//101
f 1532//101 1539//101 1533//101
f 1535//101 1540//101 1489//101
f 1489//101 1540//101 1541//101
f 1489//101 1541//101 1490//101
f 1490//101 1541//101 1542//101
f 1490//101 1542//101 1536//101
f 1543//101 1544//101 1545//101
f 1545//101 1546//101 1543//101
f 1543//101 1546//101 1547//101
f 1543//101 1547//101 1492//101
f 1492//101 1547//101 1548//101
f 1492//101 1548//101 1493//101
f 1549//101 1550//101 1551//101
f 1551//101 1550//101 1552//101
f 1551//101 1552//101 1553//101
f 1553//101 1552//101 1554//101
f 1553//101 1554//101 1544//101
f 1544//101 1554//101 1555//101
f 1544//101 1555//101 1545//101
f 1556//101 1557//101 1558//101
f 1558//101 1557//101 1559//101
f 1558//101 1559//101 1549//101
f 1560//101 1561//101 1562//101
f 1562//101 1561//101 1563//101
f 1562//101 1563//101 1564//101
f 1564//101 1563//101 1565//101
f 1564//101 1565//101 1566//101
f 1506//101 1505//101 1567//101
f 1568//101 1569//101 1570//101
f 1570//101 1569//101 1571//101
f 1570//101 1571//101 1572//101
f 1572//101 1571//101 1573//101
f 1505//101 1574//101 1567//101
f 1567//101 1574//101 1575//101
f 1567//101 1575//101 1573//101
f 1503//101 1502//101 1481//101
f 1481//101 1502//101 1576//101
f 1481//101 1576//101 1482//101
f 1576//101 1577//101 1482//101
f 1482//101 1577//101 1578//101
f 1482//101 1578//101 1579//101
f 1579//101 1578//101 1580//101
f 1579//101 1580//101 1581//101
f 1582//101 1583//101 1584//101
f 1584//101 1583//101 1585//101
f 1586//101 1587//101 1588//101
f 1588//101 1587//101 1584//101
f 1588//101 1584//101 1589//101
f 1589//101 1584//101 1585//101
f 1590//101 1591//101 1503//101
f 1503//101 1591//101 1592//101
f 1503//101 1592//101 1593//101
f 1593//101 1592//101 1594//101
f 1593//101 1594//101 1595//101
f 1485//101 1484//101 1596//101
f 1590//101 1503//101 1597//101
f 1597//101 1503//101 1481//101
f 1597//101 1481//101 1598//101
f 1598//101 1481//101 1480//101
f 1598//101 1480//101 1599//101
f 1599//101 1480//101 1600//101
f 1599//101 1600//101 1601//101
f 1601//102 1600//102 1602//102
f 1602//101 1600//101 1596//101
f 1602//101 1596//101 1603//101
f 1603//101 1596//101 1484//101
f 1603//101 1484//101 1604//101
f 1605//101 1593//101 1484//101
f 1484//101 1593//101 1595//101
f 1484//101 1595//101 1604//101
f 1483//101 1606//101 1484//101
f 1484//101 1606//101 1607//101
f 1484//101 1607//101 1605//101
f 1608//101 1609//101 1610//101
f 1608//101 1610//101 1611//101
f 1612//101 1613//101 1614//101
f 1614//101 1613//101 1615//101
f 1614//101 1615//101 1616//101
f 1616//101 1615//101 1617//101
f 1616//101 1617//101 1618//101
f 1618//101 1617//101 1619//101
f 1618//101 1619//101 1483//101
f 1483//101 1619//101 1620//101
f 1483//101 1620//101 1606//101
f 1621//101 1622//101 1623//101
f 1499//101 1624//101 1623//101
f 1623//101 1624//101 1625//101
f 1623//101 1625//101 1621//101
f 1621//101 1626//101 1622//101
f 1622//101 1626//101 1627//101
f 1622//101 1627//101 1628//101
f 1628//101 1627//101 1629//101
f 1628//101 1629//101 1487//101
f 1487//101 1629//101 1630//101
f 1630//101 1631//101 1487//101
f 1487//101 1631//101 1632//101
f 1487//101 1632//101 1488//101
f 1488//101 1632//101 1633//101
f 1488//101 1633//101 1634//101
f 1634//101 1633//101 1498//101
f 1496//101 1635//101 1636//101
f 1637//101 1638//101 1495//101
f 1638//101 1569//101 1565//101
f 1565//101 1569//101 1568//101
f 1565//101 1568//101 1566//101
f 1639//101 1640//101 1641//101
f 1553//101 1642//101 1643//101
f 1506//101 1643//101 1644//101
f 1644//101 1645//101 1506//101
f 1506//101 1645//101 1561//101
f 1506//101 1561//101 1504//101
f 1504//101 1561//101 1560//101
f 1641//101 1646//101 1639//101
f 1639//101 1646//101 1647//101
f 1639//101 1647//101 1544//101
f 1544//101 1647//101 1648//101
f 1544//101 1648//101 1553//101
f 1553//101 1648//101 1649//101
f 1553//101 1649//101 1642//101
f 1645//101 1650//101 1561//101
f 1561//101 1650//101 1651//101
f 1561//101 1651//101 1640//101
f 1640//101 1651//101 1652//101
f 1640//101 1652//101 1641//101
f 1548//101 1556//101 1493//101
f 1493//101 1556//101 1558//101
f 1493//101 1558//101 1494//101
f 1494//101 1558//101 1653//101
f 1494//101 1653//101 1654//101
f 1654//101 1653//101 1655//101
f 1656//101 1657//101 1658//101
f 1658//101 1657//101 1527//101
f 1658//101 1527//101 1534//101
f 1534//101 1527//101 1526//101
f 1534//101 1526//101 1535//101
f 1498//101 1500//101 1634//101
f 1634//101 1500//101 1659//101
f 1634//101 1659//101 1660//101
f 1661//101 1662//101 1663//101
f 1662//101 1661//101 1664//101
f 1665//101 1666//101 1667//101
f 1667//102 1666//102 1579//102
f 1667//101 1579//101 1582//101
f 1582//101 1579//101 1581//101
f 1582//101 1581//101 1583//101
f 1668//101 1669//101 1665//101
f 1670//101 1671//101 1672//101
f 1672//101 1671//101 1673//101
f 1672//101 1673//101 1479//101
f 1479//101 1673//101 1674//101
f 1479//101 1674//101 1477//101
f 1635//101 1675//101 1636//101
f 1636//101 1675//101 1676//101
f 1636//101 1676//101 1677//101
f 1677//101 1676//101 1678//101
f 1677//101 1678//101 1679//101
f 1476//101 1475//101 1680//101
f 1680//101 1475//101 1681//101
f 1680//101 1681//101 1682//101
f 1683//101 1684//101 1610//101
f 1610//101 1684//101 1685//101
f 1610//101 1685//101 1587//101
f 1587//101 1685//101 1686//101
f 1587//101 1686//101 1584//101
f 1609//101 1612//101 1610//101
f 1610//101 1612//101 1614//101
f 1610//101 1614//101 1683//101
f 1683//101 1614//101 1687//101
f 1688//101 1689//101 1687//101
f 1687//101 1689//101 1690//101
f 1687//101 1690//101 1683//101
f 1691//101 1692//101 1622//101
f 1693//101 1694//101 1695//101
f 1696//101 1697//101 1698//101
f 1699//101 1700//101 1697//101
f 1697//101 1700//101 1701//101
f 1697//101 1701//101 1698//101
f 1702//101 1703//101 1704//101
f 1704//101 1703//101 1705//101
f 1704//101 1705//101 1706//101
f 1558//101 1707//101 1708//101
f 1708//101 1709//101 1558//101
f 1558//101 1709//101 1710//101
f 1558//101 1710//101 1653//101
f 1653//101 1710//101 1711//101
f 1653//101 1711//101 1655//101
f 1655//101 1711//101 1712//101
f 1655//101 1712//101 1713//101
f 1713//101 1712//101 1656//101
f 1656//657 1712//657 1657//657
f 1657//101 1712//101 1714//101
f 1657//101 1714//101 1527//101
f 1527//101 1714//101 1715//101
f 1527//101 1715//101 1529//101
f 1529//101 1715//101 1716//101
f 1529//101 1716//101 1717//101
f 1717//101 1718//101 1472//101
f 1472//101 1718//101 1719//101
f 1472//101 1719//101 1707//101
f 1707//101 1719//101 1720//101
f 1707//101 1720//101 1708//101
f 1721//101 1722//101 1723//101
f 1723//101 1724//101 1721//101
f 1721//101 1724//101 1725//101
f 1721//101 1725//101 1726//101
f 1727//101 1728//101 1681//101
f 1681//101 1728//101 1584//101
f 1681//101 1584//101 1682//101
f 1682//101 1584//101 1686//101
f 1728//101 1729//101 1584//101
f 1584//101 1729//101 1730//101
f 1584//101 1730//101 1582//101
f 1582//101 1730//101 1731//101
f 1582//101 1731//101 1667//101
f 1731//101 1732//101 1667//101
f 1667//101 1732//101 1733//101
f 1667//101 1733//101 1722//101
f 1722//101 1733//101 1734//101
f 1722//101 1734//101 1723//101
f 1735//101 1672//101 1736//101
f 1736//101 1672//101 1479//101
f 1736//101 1479//101 1668//101
f 1668//101 1479//101 1478//101
f 1668//101 1478//101 1669//101
f 1605//101 1611//101 1593//101
f 1593//101 1611//101 1610//101
f 1593//101 1610//101 1503//101
f 1503//101 1610//101 1587//101
f 1503//101 1587//101 1501//101
f 1501//101 1587//101 1586//101
f 1665//101 1667//101 1668//101
f 1668//101 1667//101 1722//101
f 1668//101 1722//101 1736//101
f 1736//101 1722//101 1721//101
f 1736//101 1721//101 1735//101
f 1499//101 1623//101 1500//101
f 1500//101 1623//101 1661//101
f 1500//101 1661//101 1659//101
f 1659//101 1661//101 1663//101
f 1659//101 1663//101 1660//101
f 1737//101 1738//101 1721//101
f 1739//101 1740//101 1741//101
f 1741//101 1740//101 1742//101
f 1741//101 1742//101 1743//101
f 1744//101 1743//101 1745//101
f 1721//101 1738//101 1735//101
f 1735//101 1738//101 1746//101
f 1735//101 1746//101 1747//101
f 1745//101 1748//101 1744//101
f 1744//101 1748//101 1749//101
f 1744//101 1749//101 1721//101
f 1721//101 1749//101 1750//101
f 1721//101 1750//101 1737//101
f 1670//101 1672//101 1751//101
f 1751//101 1672//101 1735//101
f 1751//101 1735//101 1741//101
f 1741//101 1735//101 1747//101
f 1741//101 1747//101 1739//101
f 1706//101 1705//101 1752//101
f 1752//101 1705//101 1753//101
f 1752//101 1753//101 1474//101
f 1474//101 1753//101 1744//101
f 1474//101 1744//101 1475//101
f 1475//101 1744//101 1721//101
f 1475//101 1721//101 1681//101
f 1681//101 1721//101 1726//101
f 1681//101 1726//101 1727//101
f 1618//101 1664//101 1616//101
f 1616//101 1664//101 1661//101
f 1616//101 1661//101 1614//101
f 1614//101 1661//101 1623//101
f 1614//101 1623//101 1687//101
f 1687//101 1623//101 1622//101
f 1687//101 1622//101 1688//101
f 1688//101 1622//101 1692//101
f 1688//101 1692//101 1689//101
f 1754//101 1755//101 1756//101
f 1757//101 1758//101 1462//101
f 1759//101 1760//101 1761//101
f 1761//101 1760//101 1762//101
f 1761//101 1762//101 1763//101
f 1758//101 1764//101 1462//101
f 1462//101 1764//101 1765//101
f 1462//101 1765//101 1761//101
f 1761//101 1765//101 1766//101
f 1761//101 1766//101 1759//101
f 1760//101 1767//101 1762//101
f 1762//101 1767//101 1768//101
f 1762//101 1768//101 1756//101
f 1756//101 1768//101 1769//101
f 1756//101 1769//101 1754//101
f 1770//101 1771//101 1761//101
f 1463//101 1466//101 1741//101
f 1741//101 1466//101 1772//101
f 1741//101 1772//101 1773//101
f 1771//101 1774//101 1761//101
f 1761//101 1774//101 1775//101
f 1761//101 1775//101 1462//101
f 1462//101 1775//101 1776//101
f 1776//101 1777//101 1462//101
f 1462//101 1777//101 1778//101
f 1462//101 1778//101 1463//101
f 1463//101 1778//101 1779//101
f 1463//101 1779//101 1465//101
f 1773//101 1770//101 1741//101
f 1741//101 1770//101 1761//101
f 1741//101 1761//101 1751//101
f 1751//101 1761//101 1763//101
f 1751//101 1763//101 1670//101
f 1486//101 1513//101 1487//101
f 1487//101 1513//101 1515//101
f 1487//101 1515//101 1628//101
f 1628//101 1515//101 1517//101
f 1628//101 1517//101 1622//101
f 1622//101 1517//101 1780//101
f 1622//101 1780//101 1691//101
f 1691//101 1780//101 1781//101
f 1782//101 1783//101 1756//101
f 1518//101 1507//101 1517//101
f 1517//101 1507//101 1509//101
f 1517//101 1509//101 1780//101
f 1780//101 1509//101 1784//101
f 1780//101 1784//101 1781//101
f 1781//101 1784//101 1785//101
f 1786//101 1787//101 1788//101
f 1789//101 1783//101 1790//101
f 1790//101 1783//101 1782//101
f 1790//101 1782//101 1791//101
f 1789//101 1792//101 1783//101
f 1783//101 1792//101 1793//101
f 1783//101 1793//101 1786//101
f 1786//101 1793//101 1794//101
f 1786//101 1794//101 1787//101
f 1795//101 1796//101 1797//101
f 1797//101 1796//101 1798//101
f 1797//101 1798//101 1782//101
f 1782//101 1798//101 1799//101
f 1782//101 1799//101 1791//101
f 1800//101 1801//101 1782//101
f 1802//101 1803//101 1804//101
f 1797//101 1805//101 1806//101
f 1802//101 1804//101 1464//101
f 1804//101 1807//101 1464//101
f 1464//101 1807//101 1808//101
f 1464//101 1808//101 1809//101
f 1801//101 1810//101 1782//101
f 1782//101 1810//101 1811//101
f 1782//101 1811//101 1797//101
f 1797//101 1811//101 1812//101
f 1797//101 1812//101 1805//101
f 1755//101 1757//101 1756//101
f 1756//101 1757//101 1462//101
f 1756//101 1462//101 1782//101
f 1782//101 1462//101 1464//101
f 1782//101 1464//101 1800//101
f 1800//101 1464//101 1809//101
f 1521//101 1491//101 1512//101
f 1512//101 1491//101 1490//101
f 1512//101 1490//101 1509//101
f 1509//101 1490//101 1537//101
f 1509//101 1537//101 1784//101
f 1784//101 1537//101 1532//101
f 1784//101 1532//101 1785//101
f 1813//101 1814//101 1703//101
f 1815//101 1816//101 1802//101
f 1802//101 1816//101 1817//101
f 1802//101 1817//101 1818//101
f 1817//101 1819//101 1818//101
f 1818//101 1819//101 1820//101
f 1818//101 1820//101 1821//101
f 1743//101 1744//101 1741//101
f 1741//101 1744//101 1753//101
f 1741//101 1753//101 1463//101
f 1463//101 1753//101 1705//101
f 1463//101 1705//101 1464//101
f 1464//101 1705//101 1703//101
f 1464//101 1703//101 1802//101
f 1802//101 1703//101 1814//101
f 1802//101 1814//101 1815//101
f 1822//101 1823//101 1824//101
f 1824//101 1823//101 1825//101
f 1824//101 1825//101 1703//101
f 1703//101 1825//101 1826//101
f 1703//101 1826//101 1813//101
f 1717//101 1472//101 1529//101
f 1529//101 1472//101 1471//101
f 1529//101 1471//101 1532//101
f 1532//101 1471//101 1473//101
f 1532//101 1473//101 1785//101
f 1679//101 1827//101 1677//101
f 1677//101 1827//101 1828//101
f 1677//101 1828//101 1829//101
f 1829//101 1828//101 1830//101
f 1829//101 1830//101 1831//101
f 1831//101 1830//101 1786//101
f 1831//101 1786//101 1797//101
f 1797//101 1786//101 1788//101
f 1797//101 1788//101 1795//101
f 1573//101 1571//101 1567//101
f 1567//101 1571//101 1696//101
f 1567//101 1696//101 1693//101
f 1693//101 1696//101 1698//101
f 1693//101 1698//101 1694//101
f 1549//101 1551//101 1558//101
f 1558//101 1551//101 1469//101
f 1558//101 1469//101 1707//101
f 1707//101 1469//101 1468//101
f 1707//101 1468//101 1472//101
f 1472//101 1468//101 1832//101
f 1472//101 1832//101 1470//101
f 1496//101 1636//101 1497//101
f 1497//101 1636//101 1677//101
f 1497//101 1677//101 1833//101
f 1833//101 1677//101 1829//101
f 1833//101 1829//101 1834//101
f 1834//101 1829//101 1831//101
f 1834//101 1831//101 1818//101
f 1818//101 1831//101 1797//101
f 1818//101 1797//101 1802//101
f 1802//101 1797//101 1806//101
f 1802//101 1806//101 1803//101
f 1495//101 1497//101 1637//101
f 1637//101 1497//101 1833//101
f 1637//101 1833//101 1835//101
f 1835//101 1833//101 1834//101
f 1835//101 1834//101 1836//101
f 1836//101 1834//101 1818//101
f 1836//101 1818//101 1824//101
f 1824//101 1818//101 1821//101
f 1824//101 1821//101 1822//101
f 1638//101 1637//101 1569//101
f 1569//101 1637//101 1835//101
f 1569//101 1835//101 1571//101
f 1571//101 1835//101 1836//101
f 1571//101 1836//101 1696//101
f 1696//101 1836//101 1824//101
f 1696//101 1824//101 1697//101
f 1697//101 1824//101 1703//101
f 1697//101 1703//101 1699//101
f 1699//101 1703//101 1702//101
f 1699//101 1702//101 1700//101
f 1643//101 1506//101 1553//101
f 1553//101 1506//101 1567//101
f 1553//101 1567//101 1551//101
f 1551//101 1567//101 1693//101
f 1551//101 1693//101 1469//101
f 1469//101 1693//101 1695//101
f 1469//101 1695//101 1467//101
f 1508//64 1837//64 1510//64
f 1510//64 1837//64 1838//64
f 1510//65 1838//65 1511//65
f 1511//65 1838//65 1839//65
f 1511//66 1839//66 1519//66
f 1519//66 1839//66 1840//66
f 1519//69 1840//69 1520//69
f 1520//69 1840//69 1841//69
f 1520//68 1841//68 1522//68
f 1522//68 1841//68 1842//68
f 1522//67 1842//67 1524//67
f 1524//67 1842//67 1843//67
f 1524//72 1843//72 1525//72
f 1525//72 1843//72 1844//72
f 1525//71 1844//71 1514//71
f 1514//71 1844//71 1845//71
f 1514//70 1845//70 1516//70
f 1516//70 1845//70 1846//70
f 1516//27 1846//27 1518//27
f 1518//27 1846//27 1847//27
f 1518//28 1847//28 1507//28
f 1507//28 1847//28 1848//28
f 1507//29 1848//29 1508//29
f 1508//29 1848//29 1837//29
f 1844//73 1849//73 1845//73
f 1845//73 1849//73 1850//73
f 1845//73 1850//73 1846//73
f 1846//73 1850//73 1851//73
f 1846//73 1851//73 1847//73
f 1847//73 1851//73 1852//73
f 1847//73 1852//73 1848//73
f 1848//73 1852//73 1853//73
f 1848//73 1853//73 1854//73
f 1854//73 1853//73 1855//73
f 1854//73 1855//73 1838//73
f 1838//73 1855//73 1856//73
f 1838//73 1856//73 1839//73
f 1839//73 1856//73 1857//73
f 1839//73 1857//73 1840//73
f 1840//73 1857//73 1858//73
f 1840//73 1858//73 1841//73
f 1841//73 1858//73 1859//73
f 1841//73 1859//73 1842//73
f 1842//73 1859//73 1860//73
f 1842//73 1860//73 1861//73
f 1861//73 1860//73 1862//73
f 1861//73 1862//73 1844//73
f 1844//73 1862//73 1849//73
f 1863//64 1283//64 1856//64
f 1856//64 1283//64 1285//64
f 1856//65 1285//65 1857//65
f 1857//65 1285//65 1292//65
f 1857//66 1292//66 1858//66
f 1858//66 1292//66 1293//66
f 1858//69 1293//69 1859//69
f 1859//69 1293//69 1288//69
f 1859//68 1288//68 1860//68
f 1860//68 1288//68 1286//68
f 1860//67 1286//67 1864//67
f 1864//67 1286//67 1865//67
f 1864//72 1865//72 1849//72
f 1849//72 1865//72 1197//72
f 1849//71 1197//71 1850//71
f 1850//71 1197//71 1281//71
f 1850//70 1281//70 1851//70
f 1851//70 1281//70 1280//70
f 1851//27 1280//27 1852//27
f 1852//27 1280//27 1279//27
f 1852//28 1279//28 1853//28
f 1853//28 1279//28 1282//28
f 1853//29 1282//29 1863//29
f 1863//29 1282//29 1283//29
f 1531//64 1866//64 1530//64
f 1530//64 1866//64 1867//64
f 1530//65 1867//65 1528//65
f 1528//65 1867//65 1868//65
f 1528//66 1868//66 1526//66
f 1526//66 1868//66 1869//66
f 1526//69 1869//69 1535//69
f 1535//69 1869//69 1870//69
f 1535//68 1870//68 1540//68
f 1540//68 1870//68 1871//68
f 1540//67 1871//67 1541//67
f 1541//67 1871//67 1872//67
f 1541//72 1872//72 1542//72
f 1542//72 1872//72 1873//72
f 1542//71 1873//71 1536//71
f 1536//71 1873//71 1874//71
f 1536//70 1874//70 1538//70
f 1538//70 1874//70 1875//70
f 1538//27 1875//27 1539//27
f 1539//27 1875//27 1876//27
f 1539//28 1876//28 1533//28
f 1533//28 1876//28 1877//28
f 1533//29 1877//29 1531//29
f 1531//29 1877//29 1866//29
f 1867//73 1878//73 1868//73
f 1868//73 1878//73 1879//73
f 1868//73 1879//73 1869//73
f 1869//73 1879//73 1880//73
f 1869//73 1880//73 1870//73
f 1870//73 1880//73 1881//73
f 1870//73 1881//73 1871//73
f 1871//73 1881//73 1882//73
f 1871//73 1882//73 1872//73
f 1872//73 1882//73 1883//73
f 1872//73 1883//73 1873//73
f 1873//73 1883//73 1884//73
f 1873//73 1884//73 1874//73
f 1874//73 1884//73 1885//73
f 1874//73 1885//73 1875//73
f 1875//73 1885//73 1886//73
f 1875//73 1886//73 1876//73
f 1876//73 1886//73 1887//73
f 1876//73 1887//73 1877//73
f 1877//73 1887//73 1888//73
f 1877//73 1888//73 1866//73
f 1866//73 1888//73 1889//73
f 1866//73 1889//73 1867//73
f 1867//73 1889//73 1878//73
f 1889//64 1305//64 1878//64
f 1878//64 1305//64 1302//64
f 1878//65 1302//65 1879//65
f 1879//65 1302//65 1301//65
f 1879//66 1301//66 1880//66
f 1880//66 1301//66 1308//66
f 1880//69 1308//69 1881//69
f 1881//69 1308//69 1196//69
f 1881//68 1196//68 1882//68
f 1882//68 1196//68 1195//68
f 1882//67 1195//67 1883//67
f 1883//67 1195//67 1297//67
f 1883//72 1297//72 1884//72
f 1884//72 1297//72 1295//72
f 1884//71 1295//71 1885//71
f 1885//71 1295//71 1294//71
f 1885//70 1294//70 1886//70
f 1886//70 1294//70 1298//70
f 1886//27 1298//27 1887//27
f 1887//27 1298//27 1299//27
f 1887//28 1299//28 1888//28
f 1888//28 1299//28 1303//28
f 1888//29 1303//29 1889//29
f 1889//29 1303//29 1305//29
f 1554//64 1890//64 1555//64
f 1555//64 1890//64 1891//64
f 1555//65 1891//65 1545//65
f 1545//65 1891//65 1892//65
f 1545//66 1892//66 1546//66
f 1546//66 1892//66 1893//66
f 1546//69 1893//69 1547//69
f 1547//69 1893//69 1894//69
f 1547//68 1894//68 1548//68
f 1548//68 1894//68 1895//68
f 1548//67 1895//67 1556//67
f 1556//67 1895//67 1896//67
f 1556//72 1896//72 1557//72
f 1557//72 1896//72 1897//72
f 1557//71 1897//71 1559//71
f 1559//71 1897//71 1898//71
f 1559//70 1898//70 1549//70
f 1549//70 1898//70 1899//70
f 1549//27 1899//27 1550//27
f 1550//27 1899//27 1900//27
f 1550//28 1900//28 1552//28
f 1552//28 1900//28 1901//28
f 1552//29 1901//29 1554//29
f 1554//29 1901//29 1890//29
f 1897//74 1902//74 1898//74
f 1898//73 1902//73 1903//73
f 1898//73 1903//73 1899//73
f 1899//73 1903//73 1904//73
f 1899//73 1904//73 1900//73
f 1900//73 1904//73 1905//73
f 1900//73 1905//73 1901//73
f 1901//73 1905//73 1906//73
f 1901//73 1906//73 1890//73
f 1890//73 1906//73 1907//73
f 1890//73 1907//73 1891//73
f 1891//73 1907//73 1908//73
f 1891//655 1908//655 1892//655
f 1892//73 1908//73 1909//73
f 1892//73 1909//73 1893//73
f 1893//73 1909//73 1910//73
f 1893//73 1910//73 1894//73
f 1894//73 1910//73 1911//73
f 1894//73 1911//73 1895//73
f 1895//73 1911//73 1912//73
f 1895//73 1912//73 1896//73
f 1896//73 1912//73 1913//73
f 1896//73 1913//73 1897//73
f 1897//73 1913//73 1902//73
f 1907//64 1323//64 1908//64
f 1908//64 1323//64 1351//64
f 1908//65 1351//65 1909//65
f 1909//65 1351//65 1352//65
f 1909//66 1352//66 1910//66
f 1910//66 1352//66 1353//66
f 1910//69 1353//69 1911//69
f 1911//69 1353//69 1312//69
f 1911//68 1312//68 1912//68
f 1912//68 1312//68 1311//68
f 1912//67 1311//67 1913//67
f 1913//67 1311//67 1314//67
f 1913//72 1314//72 1902//72
f 1902//72 1314//72 1342//72
f 1902//71 1342//71 1903//71
f 1903//71 1342//71 1341//71
f 1903//70 1341//70 1904//70
f 1904//70 1341//70 1340//70
f 1904//27 1340//27 1905//27
f 1905//27 1340//27 1339//27
f 1905//28 1339//28 1906//28
f 1906//28 1339//28 1324//28
f 1906//29 1324//29 1907//29
f 1907//29 1324//29 1323//29
f 1650//64 1914//64 1651//64
f 1651//64 1914//64 1915//64
f 1651//65 1915//65 1652//65
f 1652//65 1915//65 1916//65
f 1652//66 1916//66 1641//66
f 1641//66 1916//66 1917//66
f 1641//69 1917//69 1646//69
f 1646//69 1917//69 1918//69
f 1646//68 1918//68 1647//68
f 1647//68 1918//68 1919//68
f 1647//67 1919//67 1648//67
f 1648//67 1919//67 1920//67
f 1648//72 1920//72 1649//72
f 1649//72 1920//72 1921//72
f 1649//71 1921//71 1642//71
f 1642//71 1921//71 1922//71
f 1642//70 1922//70 1643//70
f 1643//70 1922//70 1923//70
f 1643//27 1923//27 1644//27
f 1644//27 1923//27 1924//27
f 1644//28 1924//28 1645//28
f 1645//28 1924//28 1925//28
f 1645//29 1925//29 1650//29
f 1650//29 1925//29 1914//29
f 1921//73 1926//73 1922//73
f 1922//73 1926//73 1927//73
f 1922//73 1927//73 1923//73
f 1923//73 1927//73 1928//73
f 1923//73 1928//73 1924//73
f 1924//73 1928//73 1929//73
f 1924//73 1929//73 1925//73
f 1925//73 1929//73 1930//73
f 1925//73 1930//73 1914//73
f 1914//73 1930//73 1931//73
f 1914//73 1931//73 1915//73
f 1915//73 1931//73 1932//73
f 1915//73 1932//73 1916//73
f 1916//73 1932//73 1933//73
f 1916//73 1933//73 1917//73
f 1917//73 1933//73 1934//73
f 1917//73 1934//73 1918//73
f 1918//73 1934//73 1935//73
f 1918//73 1935//73 1919//73
f 1919//73 1935//73 1936//73
f 1919//73 1936//73 1920//73
f 1920//73 1936//73 1937//73
f 1920//73 1937//73 1921//73
f 1921//73 1937//73 1926//73
f 1931//64 1327//64 1932//64
f 1932//64 1327//64 1326//64
f 1932//65 1326//65 1933//65
f 1933//65 1326//65 1315//65
f 1933//66 1315//66 1934//66
f 1934//66 1315//66 1938//66
f 1934//69 1938//69 1935//69
f 1935//69 1938//69 1349//69
f 1935//68 1349//68 1936//68
f 1936//68 1349//68 1347//68
f 1936//67 1347//67 1937//67
f 1937//67 1347//67 1361//67
f 1937//72 1361//72 1926//72
f 1926//72 1361//72 1360//72
f 1926//71 1360//71 1927//71
f 1927//71 1360//71 1359//71
f 1927//70 1359//70 1928//70
f 1928//70 1359//70 1358//70
f 1928//27 1358//27 1929//27
f 1929//27 1358//27 1356//27
f 1929//28 1356//28 1930//28
f 1930//28 1356//28 1329//28
f 1930//29 1329//29 1931//29
f 1931//29 1329//29 1327//29
f 1568//64 1939//64 1566//64
f 1566//64 1939//64 1940//64
f 1566//65 1940//65 1564//65
f 1564//65 1940//65 1941//65
f 1564//66 1941//66 1562//66
f 1562//66 1941//66 1942//66
f 1562//69 1942//69 1560//69
f 1560//69 1942//69 1943//69
f 1560//68 1943//68 1504//68
f 1504//68 1943//68 1944//68
f 1504//67 1944//67 1505//67
f 1505//67 1944//67 1945//67
f 1505//72 1945//72 1574//72
f 1574//72 1945//72 1946//72
f 1574//71 1946//71 1575//71
f 1575//71 1946//71 1947//71
f 1575//70 1947//70 1573//70
f 1573//70 1947//70 1948//70
f 1573//27 1948//27 1572//27
f 1572//27 1948//27 1949//27
f 1572//28 1949//28 1570//28
f 1570//28 1949//28 1950//28
f 1570//29 1950//29 1568//29
f 1568//29 1950//29 1939//29
f 1942//73 1951//73 1943//73
f 1943//73 1951//73 1952//73
f 1943//73 1952//73 1944//73
f 1944//73 1952//73 1953//73
f 1944//73 1953//73 1945//73
f 1945//73 1953//73 1954//73
f 1945//73 1954//73 1946//73
f 1946//73 1954//73 1955//73
f 1946//74 1955//74 1947//74
f 1947//73 1955//73 1956//73
f 1947//73 1956//73 1948//73
f 1948//73 1956//73 1957//73
f 1948//73 1957//73 1949//73
f 1949//73 1957//73 1958//73
f 1949//73 1958//73 1950//73
f 1950//73 1958//73 1959//73
f 1950//73 1959//73 1939//73
f 1939//73 1959//73 1960//73
f 1939//73 1960//73 1940//73
f 1940//73 1960//73 1961//73
f 1940//655 1961//655 1941//655
f 1941//73 1961//73 1962//73
f 1941//73 1962//73 1942//73
f 1942//73 1962//73 1951//73
f 1960//64 1336//64 1961//64
f 1961//64 1336//64 1322//64
f 1961//65 1322//65 1962//65
f 1962//65 1322//65 1321//65
f 1962//66 1321//66 1951//66
f 1951//66 1321//66 1334//66
f 1951//69 1334//69 1952//69
f 1952//69 1334//69 1317//69
f 1952//68 1317//68 1953//68
f 1953//68 1317//68 1316//68
f 1953//67 1316//67 1954//67
f 1954//67 1316//67 1328//67
f 1954//72 1328//72 1955//72
f 1955//72 1328//72 1330//72
f 1955//71 1330//71 1956//71
f 1956//71 1330//71 1331//71
f 1956//70 1331//70 1957//70
f 1957//70 1331//70 1344//70
f 1957//27 1344//27 1958//27
f 1958//27 1344//27 1343//27
f 1958//28 1343//28 1959//28
f 1959//28 1343//28 1337//28
f 1959//29 1337//29 1960//29
f 1960//29 1337//29 1336//29
f 1817//64 1963//64 1819//64
f 1819//64 1963//64 1964//64
f 1819//65 1964//65 1820//65
f 1820//65 1964//65 1965//65
f 1820//66 1965//66 1821//66
f 1821//66 1965//66 1966//66
f 1821//69 1966//69 1822//69
f 1822//69 1966//69 1967//69
f 1822//68 1967//68 1823//68
f 1823//68 1967//68 1968//68
f 1823//67 1968//67 1825//67
f 1825//67 1968//67 1969//67
f 1825//72 1969//72 1826//72
f 1826//72 1969//72 1970//72
f 1826//71 1970//71 1813//71
f 1813//71 1970//71 1971//71
f 1813//70 1971//70 1814//70
f 1814//70 1971//70 1972//70
f 1814//27 1972//27 1815//27
f 1815//27 1972//27 1973//27
f 1815//28 1973//28 1816//28
f 1816//28 1973//28 1974//28
f 1816//29 1974//29 1817//29
f 1817//29 1974//29 1963//29
f 1964//73 1975//73 1965//73
f 1965//73 1975//73 1976//73
f 1965//73 1976//73 1966//73
f 1966//73 1976//73 1977//73
f 1966//73 1977//73 1967//73
f 1967//73 1977//73 1978//73
f 1967//73 1978//73 1968//73
f 1968//73 1978//73 1979//73
f 1968//73 1979//73 1969//73
f 1969//73 1979//73 1980//73
f 1969//73 1980//73 1970//73
f 1970//73 1980//73 1981//73
f 1970//73 1981//73 1971//73
f 1971//73 1981//73 1982//73
f 1971//73 1982//73 1972//73
f 1972//73 1982//73 1983//73
f 1972//73 1983//73 1973//73
f 1973//73 1983//73 1984//73
f 1973//73 1984//73 1974//73
f 1974//73 1984//73 1985//73
f 1974//73 1985//73 1963//73
f 1963//73 1985//73 1986//73
f 1963//73 1986//73 1964//73
f 1964//73 1986//73 1975//73
f 1986//64 1384//64 1975//64
f 1975//64 1384//64 1385//64
f 1975//65 1385//65 1976//65
f 1976//65 1385//65 1388//65
f 1976//66 1388//66 1977//66
f 1977//66 1388//66 1387//66
f 1977//69 1387//69 1978//69
f 1978//69 1387//69 1386//69
f 1978//68 1386//68 1979//68
f 1979//68 1386//68 1381//68
f 1979//67 1381//67 1980//67
f 1980//67 1381//67 1382//67
f 1980//72 1382//72 1981//72
f 1981//72 1382//72 1383//72
f 1981//71 1383//71 1982//71
f 1982//71 1383//71 1380//71
f 1982//70 1380//70 1983//70
f 1983//70 1380//70 1379//70
f 1983//27 1379//27 1984//27
f 1984//27 1379//27 1378//27
f 1984//28 1378//28 1985//28
f 1985//28 1378//28 1377//28
f 1985//29 1377//29 1986//29
f 1986//29 1377//29 1384//29
f 1739//64 1987//64 1740//64
f 1740//64 1987//64 1988//64
f 1740//65 1988//65 1742//65
f 1742//65 1988//65 1989//65
f 1742//66 1989//66 1743//66
f 1743//66 1989//66 1990//66
f 1743//69 1990//69 1745//69
f 1745//69 1990//69 1991//69
f 1745//68 1991//68 1748//68
f 1748//68 1991//68 1992//68
f 1748//67 1992//67 1749//67
f 1749//67 1992//67 1993//67
f 1749//72 1993//72 1750//72
f 1750//72 1993//72 1994//72
f 1750//71 1994//71 1737//71
f 1737//71 1994//71 1995//71
f 1737//70 1995//70 1738//70
f 1738//70 1995//70 1996//70
f 1738//27 1996//27 1746//27
f 1746//27 1996//27 1997//27
f 1746//28 1997//28 1747//28
f 1747//28 1997//28 1998//28
f 1747//29 1998//29 1739//29
f 1739//29 1998//29 1987//29
f 1988//73 1999//73 1989//73
f 1989//73 1999//73 2000//73
f 1989//73 2000//73 1990//73
f 1990//73 2000//73 2001//73
f 1990//73 2001//73 1991//73
f 1991//73 2001//73 2002//73
f 1991//73 2002//73 1992//73
f 1992//73 2002//73 2003//73
f 1992//73 2003//73 1993//73
f 1993//73 2003//73 2004//73
f 1993//73 2004//73 1994//73
f 1994//73 2004//73 2005//73
f 1994//73 2005//73 1995//73
f 1995//73 2005//73 2006//73
f 1995//73 2006//73 1996//73
f 1996//73 2006//73 2007//73
f 1996//73 2007//73 1997//73
f 1997//73 2007//73 2008//73
f 1997//73 2008//73 1998//73
f 1998//73 2008//73 2009//73
f 1998//73 2009//73 1987//73
f 1987//73 2009//73 2010//73
f 1987//73 2010//73 1988//73
f 1988//73 2010//73 1999//73
f 2010//64 1455//64 1999//64
f 1999//64 1455//64 1454//64
f 1999//65 1454//65 2000//65
f 2000//65 1454//65 1451//65
f 2000//66 1451//66 2001//66
f 2001//66 1451//66 1450//66
f 2001//69 1450//69 2002//69
f 2002//69 1450//69 1461//69
f 2002//68 1461//68 2003//68
f 2003//68 1461//68 1460//68
f 2003//67 1460//67 2004//67
f 2004//67 1460//67 1459//67
f 2004//72 1459//72 2005//72
f 2005//72 1459//72 1458//72
f 2005//71 1458//71 2006//71
f 2006//71 1458//71 1453//71
f 2006//70 1453//70 2007//70
f 2007//70 1453//70 1452//70
f 2007//27 1452//27 2008//27
f 2008//27 1452//27 1457//27
f 2008//28 1457//28 2009//28
f 2009//28 1457//28 1456//28
f 2009//29 1456//29 2010//29
f 2010//29 1456//29 1455//29
f 1583//64 2011//64 1585//64
f 1585//64 2011//64 2012//64
f 1585//65 2012//65 1589//65
f 1589//65 2012//65 2013//65
f 1589//66 2013//66 1588//66
f 1588//66 2013//66 2014//66
f 1588//69 2014//69 1586//69
f 1586//69 2014//69 2015//69
f 1586//68 2015//68 1501//68
f 1501//68 2015//68 2016//68
f 1501//67 2016//67 1502//67
f 1502//67 2016//67 2017//67
f 1502//72 2017//72 1576//72
f 1576//72 2017//72 2018//72
f 1576//71 2018//71 1577//71
f 1577//71 2018//71 2019//71
f 1577//70 2019//70 1578//70
f 1578//70 2019//70 2020//70
f 1578//27 2020//27 1580//27
f 1580//27 2020//27 2021//27
f 1580//28 2021//28 1581//28
f 1581//28 2021//28 2022//28
f 1581//29 2022//29 1583//29
f 1583//29 2022//29 2011//29
f 2014//73 2023//73 2015//73
f 2015//73 2023//73 2024//73
f 2015//73 2024//73 2016//73
f 2016//73 2024//73 2025//73
f 2016//73 2025//73 2017//73
f 2017//73 2025//73 2026//73
f 2017//73 2026//73 2018//73
f 2018//73 2026//73 2027//73
f 2018//74 2027//74 2019//74
f 2019//73 2027//73 2028//73
f 2019//73 2028//73 2020//73
f 2020//73 2028//73 2029//73
f 2020//73 2029//73 2021//73
f 2021//73 2029//73 2030//73
f 2021//73 2030//73 2022//73
f 2022//73 2030//73 2031//73
f 2022//73 2031//73 2011//73
f 2011//73 2031//73 2032//73
f 2011//73 2032//73 2012//73
f 2012//73 2032//73 2033//73
f 2012//655 2033//655 2013//655
f 2013//73 2033//73 2034//73
f 2013//73 2034//73 2014//73
f 2014//73 2034//73 2023//73
f 2032//64 1248//64 2033//64
f 2033//64 1248//64 1246//64
f 2033//65 1246//65 2034//65
f 2034//65 1246//65 1245//65
f 2034//66 1245//66 2023//66
f 2023//66 1245//66 1244//66
f 2023//69 1244//69 2024//69
f 2024//69 1244//69 1243//69
f 2024//68 1243//68 2025//68
f 2025//68 1243//68 1226//68
f 2025//67 1226//67 2026//67
f 2026//67 1226//67 1258//67
f 2026//72 1258//72 2027//72
f 2027//72 1258//72 1259//72
f 2027//71 1259//71 2028//71
f 2028//71 1259//71 1260//71
f 2028//70 1260//70 2029//70
f 2029//70 1260//70 1261//70
f 2029//27 1261//27 2030//27
f 2030//27 1261//27 1251//27
f 2030//28 1251//28 2031//28
f 2031//28 1251//28 1250//28
f 2031//29 1250//29 2032//29
f 2032//29 1250//29 1248//29
f 1597//64 2035//64 1590//64
f 1590//64 2035//64 2036//64
f 1590//65 2036//65 1591//65
f 1591//65 2036//65 2037//65
f 1591//66 2037//66 1592//66
f 1592//66 2037//66 2038//66
f 1592//69 2038//69 1594//69
f 1594//69 2038//69 2039//69
f 1594//68 2039//68 1595//68
f 1595//68 2039//68 2040//68
f 1595//67 2040//67 1604//67
f 1604//67 2040//67 2041//67
f 1604//72 2041//72 1603//72
f 1603//72 2041//72 2042//72
f 1603//71 2042//71 1602//71
f 1602//71 2042//71 2043//71
f 1602//70 2043//70 1601//70
f 1601//70 2043//70 2044//70
f 1601//27 2044//27 1599//27
f 1599//27 2044//27 2045//27
f 1599//28 2045//28 1598//28
f 1598//28 2045//28 2046//28
f 1598//29 2046//29 1597//29
f 1597//29 2046//29 2035//29
f 2042//73 2047//73 2043//73
f 2043//73 2047//73 2048//73
f 2043//73 2048//73 2044//73
f 2044//73 2048//73 2049//73
f 2044//73 2049//73 2045//73
f 2045//73 2049//73 2050//73
f 2045//73 2050//73 2046//73
f 2046//73 2050//73 2051//73
f 2046//73 2051//73 2035//73
f 2035//73 2051//73 2052//73
f 2035//73 2052//73 2036//73
f 2036//73 2052//73 2053//73
f 2036//73 2053//73 2037//73
f 2037//73 2053//73 2054//73
f 2037//73 2054//73 2038//73
f 2038//73 2054//73 2055//73
f 2038//73 2055//73 2039//73
f 2039//73 2055//73 2056//73
f 2039//73 2056//73 2040//73
f 2040//73 2056//73 2057//73
f 2040//73 2057//73 2041//73
f 2041//73 2057//73 2058//73
f 2041//73 2058//73 2042//73
f 2042//73 2058//73 2047//73
f 2052//64 1222//64 2053//64
f 2053//64 1222//64 1257//64
f 2053//65 1257//65 2054//65
f 2054//65 1257//65 1256//65
f 2054//66 1256//66 2055//66
f 2055//66 1256//66 1255//66
f 2055//69 1255//69 2056//69
f 2056//69 1255//69 1253//69
f 2056//68 1253//68 2057//68
f 2057//68 1253//68 1229//68
f 2057//67 1229//67 2058//67
f 2058//67 1229//67 1231//67
f 2058//72 1231//72 2047//72
f 2047//72 1231//72 1233//72
f 2047//71 1233//71 2048//71
f 2048//71 1233//71 1234//71
f 2048//70 1234//70 2049//70
f 2049//70 1234//70 2059//70
f 2049//27 2059//27 2050//27
f 2050//27 2059//27 1219//27
f 2050//28 1219//28 2051//28
f 2051//28 1219//28 1221//28
f 2051//29 1221//29 2052//29
f 2052//29 1221//29 1222//29
f 1611//64 2060//64 1608//64
f 1608//64 2060//64 2061//64
f 1608//65 2061//65 1609//65
f 1609//65 2061//65 2062//65
f 1609//66 2062//66 1612//66
f 1612//66 2062//66 2063//66
f 1612//69 2063//69 1613//69
f 1613//69 2063//69 2064//69
f 1613//68 2064//68 1615//68
f 1615//68 2064//68 2065//68
f 1615//67 2065//67 1617//67
f 1617//67 2065//67 2066//67
f 1617//72 2066//72 1619//72
f 1619//72 2066//72 2067//72
f 1619//71 2067//71 1620//71
f 1620//71 2067//71 2068//71
f 1620//70 2068//70 1606//70
f 1606//70 2068//70 2069//70
f 1606//27 2069//27 1607//27
f 1607//27 2069//27 2070//27
f 1607//28 2070//28 1605//28
f 1605//28 2070//28 2071//28
f 1605//29 2071//29 1611//29
f 1611//29 2071//29 2060//29
f 2063//73 2072//73 2064//73
f 2064//73 2072//73 2073//73
f 2064//73 2073//73 2065//73
f 2065//73 2073//73 2074//73
f 2065//73 2074//73 2066//73
f 2066//73 2074//73 2075//73
f 2066//73 2075//73 2067//73
f 2067//73 2075//73 2076//73
f 2067//74 2076//74 2068//74
f 2068//73 2076//73 2077//73
f 2068//73 2077//73 2069//73
f 2069//73 2077//73 2078//73
f 2069//73 2078//73 2070//73
f 2070//73 2078//73 2079//73
f 2070//73 2079//73 2071//73
f 2071//73 2079//73 2080//73
f 2071//73 2080//73 2060//73
f 2060//73 2080//73 2081//73
f 2060//73 2081//73 2061//73
f 2061//73 2081//73 2082//73
f 2061//655 2082//655 2062//655
f 2062//73 2082//73 2083//73
f 2062//73 2083//73 2063//73
f 2063//73 2083//73 2072//73
f 2081//64 1230//64 2082//64
f 2082//64 1230//64 1228//64
f 2082//65 1228//65 2083//65
f 2083//65 1228//65 1227//65
f 2083//66 1227//66 2072//66
f 2072//66 1227//66 1223//66
f 2072//69 1223//69 2073//69
f 2073//69 1223//69 1240//69
f 2073//68 1240//68 2074//68
f 2074//68 1240//68 1239//68
f 2074//67 1239//67 2075//67
f 2075//67 1239//67 1237//67
f 2075//72 1237//72 2076//72
f 2076//72 1237//72 1235//72
f 2076//71 1235//71 2077//71
f 2077//71 1235//71 1216//71
f 2077//70 1216//70 2078//70
f 2078//70 1216//70 1214//70
f 2078//27 1214//27 2079//27
f 2079//27 1214//27 1242//27
f 2079//28 1242//28 2080//28
f 2080//28 1242//28 1232//28
f 2080//29 1232//29 2081//29
f 2081//29 1232//29 1230//29
f 1621//64 2084//64 1626//64
f 1626//64 2084//64 2085//64
f 1626//65 2085//65 1627//65
f 1627//65 2085//65 2086//65
f 1627//66 2086//66 1629//66
f 1629//66 2086//66 2087//66
f 1629//69 2087//69 1630//69
f 1630//69 2087//69 2088//69
f 1630//68 2088//68 1631//68
f 1631//68 2088//68 2089//68
f 1631//67 2089//67 1632//67
f 1632//67 2089//67 2090//67
f 1632//72 2090//72 1633//72
f 1633//72 2090//72 2091//72
f 1633//71 2091//71 1498//71
f 1498//71 2091//71 2092//71
f 1498//70 2092//70 1499//70
f 1499//70 2092//70 2093//70
f 1499//27 2093//27 1624//27
f 1624//27 2093//27 2094//27
f 1624//28 2094//28 1625//28
f 1625//28 2094//28 2095//28
f 1625//29 2095//29 1621//29
f 1621//29 2095//29 2084//29
f 2085//73 2096//73 2086//73
f 2086//73 2096//73 2097//73
f 2086//73 2097//73 2087//73
f 2087//73 2097//73 2098//73
f 2087//73 2098//73 2088//73
f 2088//73 2098//73 2099//73
f 2088//73 2099//73 2089//73
f 2089//73 2099//73 2100//73
f 2089//73 2100//73 2090//73
f 2090//73 2100//73 2101//73
f 2090//73 2101//73 2091//73
f 2091//73 2101//73 2102//73
f 2091//73 2102//73 2092//73
f 2092//73 2102//73 2103//73
f 2092//73 2103//73 2093//73
f 2093//73 2103//73 2104//73
f 2093//73 2104//73 2094//73
f 2094//73 2104//73 2105//73
f 2094//73 2105//73 2095//73
f 2095//73 2105//73 2106//73
f 2095//73 2106//73 2084//73
f 2084//73 2106//73 2107//73
f 2084//73 2107//73 2085//73
f 2085//73 2107//73 2096//73
f 2107//64 1274//64 2096//64
f 2096//64 1274//64 1272//64
f 2096//65 1272//65 2097//65
f 2097//65 1272//65 1270//65
f 2097//66 1270//66 2098//66
f 2098//66 1270//66 1268//66
f 2098//69 1268//69 2099//69
f 2099//69 1268//69 1266//69
f 2099//68 1266//68 2100//68
f 2100//68 1266//68 1265//68
f 2100//67 1265//67 2101//67
f 2101//67 1265//67 1263//67
f 2101//72 1263//72 2102//72
f 2102//72 1263//72 1200//72
f 2102//71 1200//71 2103//71
f 2103//71 1200//71 1202//71
f 2103//70 1202//70 2104//70
f 2104//70 1202//70 1278//70
f 2104//27 1278//27 2105//27
f 2105//27 1278//27 1277//27
f 2105//28 1277//28 2106//28
f 2106//28 1277//28 1276//28
f 2106//29 1276//29 2107//29
f 2107//29 1276//29 1274//29
f 1175//658 1174//658 2108//658
f 2108//658 1174//658 2109//658
f 2108//659 2109//659 1176//659
f 1176//659 2109//659 1177//659
f 1186//660 1187//660 2110//660
f 2110//660 1187//660 2111//660
f 2110//661 2111//661 1126//661
f 1126//661 2111//661 1127//661
f 1185//70 1184//70 2112//70
f 1185//70 2112//70 2113//70
f 2113//71 2112//71 2114//71
f 2113//71 2114//71 2115//71
f 2115//72 2114//72 1182//72
f 2115//72 1182//72 1183//72
f 1178//69 1179//69 2116//69
f 1178//69 2116//69 2117//69
f 2117//68 2116//68 2118//68
f 2117//68 2118//68 2119//68
f 2119//67 2118//67 1181//67
f 2119//67 1181//67 1180//67
f 1321//662 1320//662 1126//662
f 1321//663 1126//663 1333//663
f 1133//664 1332//664 1131//664
f 1131//665 1332//665 1333//665
f 1131//665 1333//665 1129//665
f 1129//666 1333//666 1126//666
f 1348//667 1319//667 1133//667
f 1133//668 1319//668 1318//668
f 1133//669 1318//669 1332//669
f 1139//670 1346//670 1137//670
f 1137//671 1346//671 1348//671
f 1137//672 1348//672 1135//672
f 1135//673 1348//673 1133//673
f 1313//674 1312//674 1139//674
f 1139//675 1312//675 1354//675
f 1139//670 1354//670 1346//670
f 1139//676 1141//676 1313//676
f 1313//677 1141//677 1143//677
f 1313//678 1143//678 1350//678
f 1350//679 1143//679 1309//679
f 1309//680 1143//680 1145//680
f 1309//681 1145//681 1310//681
f 1296//682 1195//682 1145//682
f 1145//683 1195//683 1194//683
f 1145//684 1194//684 1310//684
f 1145//685 1147//685 1296//685
f 1296//686 1147//686 1149//686
f 1296//686 1149//686 1287//686
f 1287//687 1149//687 2120//687
f 1287//687 2120//687 2121//687
f 2121//688 2120//688 1153//688
f 2121//688 1153//688 1199//688
f 1199//689 1153//689 1155//689
f 1199//689 1155//689 1264//689
f 1264//690 1155//690 1200//690
f 1200//691 1155//691 1157//691
f 1200//692 1157//692 1201//692
f 1201//693 1157//693 1203//693
f 1203//694 1157//694 1159//694
f 1203//695 1159//695 1238//695
f 1238//696 1159//696 1161//696
f 1238//697 1161//697 1236//697
f 1236//698 1161//698 1216//698
f 1216//699 1161//699 1163//699
f 1216//700 1163//700 1215//700
f 1215//701 1163//701 1165//701
f 1215//701 1165//701 1213//701
f 1213//702 1165//702 1167//702
f 1213//702 1167//702 1241//702
f 1241//703 1167//703 1217//703
f 1217//704 1167//704 1169//704
f 1217//705 1169//705 1218//705
f 1218//706 1169//706 1171//706
f 1218//707 1171//707 1220//707
f 1220//708 1171//708 1173//708
f 1220//708 1173//708 1262//708
f 1262//709 1173//709 1251//709
f 1251//710 1173//710 1175//710
f 1251//711 1175//711 1249//711
f 1176//712 1204//712 2108//712
f 2108//712 1204//712 1247//712
f 2108//713 1247//713 1175//713
f 1175//713 1247//713 1249//713
f 1126//714 1320//714 2110//714
f 2110//714 1320//714 1335//714
f 2110//715 1335//715 1186//715
f 1186//715 1335//715 1364//715
f 1178//89 1208//89 1207//89
f 1178//89 1207//89 1176//89
f 1176//89 1207//89 1205//89
f 1176//89 1205//89 1204//89
f 1191//98 1184//98 1192//98
f 1192//98 1184//98 1186//98
f 1192//98 1186//98 1363//98
f 1363//98 1186//98 1364//98
f 1208//716 1178//716 2117//716
f 1208//717 2117//717 1210//717
f 1210//718 2117//718 2119//718
f 1210//719 2119//719 1211//719
f 1211//720 2119//720 1180//720
f 1211//721 1180//721 1212//721
f 1406//722 1182//722 2114//722
f 1406//723 2114//723 1408//723
f 1408//724 2114//724 2112//724
f 1408//725 2112//725 1407//725
f 1407//726 2112//726 1184//726
f 1407//727 1184//727 1191//727
f 1209//86 1212//86 1180//86
f 1182//86 1406//86 1405//86
f 1405//86 1390//86 1182//86
f 1182//86 1390//86 1389//86
f 1182//86 1389//86 1180//86
f 1180//86 1389//86 1424//86
f 1180//86 1424//86 1209//86
f 1655//728 1713//728 1142//728
f 1579//729 1174//729 1172//729
f 1579//729 1172//729 1482//729
f 1482//730 1172//730 1170//730
f 1482//730 1170//730 1480//730
f 1480//731 1170//731 1168//731
f 1480//732 1168//732 1600//732
f 1600//733 1168//733 1166//733
f 1600//733 1166//733 1596//733
f 1596//734 1166//734 1164//734
f 1596//734 1164//734 1485//734
f 1485//735 1164//735 1162//735
f 1485//736 1162//736 1483//736
f 1483//737 1162//737 1160//737
f 1483//737 1160//737 1618//737
f 1660//738 1663//738 1158//738
f 1158//739 1663//739 1662//739
f 1158//740 1662//740 1160//740
f 1160//741 1662//741 1664//741
f 1160//742 1664//742 1618//742
f 1660//743 1158//743 1634//743
f 1634//744 1158//744 1156//744
f 1634//745 1156//745 1488//745
f 1488//746 1156//746 1154//746
f 1488//746 1154//746 1486//746
f 1486//747 1154//747 1152//747
f 1486//747 1152//747 1513//747
f 1513//748 1152//748 2122//748
f 1513//748 2122//748 2123//748
f 2123//749 2122//749 1148//749
f 2123//749 1148//749 1521//749
f 1521//750 1148//750 1146//750
f 1521//750 1146//750 1491//750
f 1491//751 1146//751 1144//751
f 1491//751 1144//751 1489//751
f 1713//752 1656//752 1142//752
f 1142//753 1656//753 1658//753
f 1142//754 1658//754 1144//754
f 1144//755 1658//755 1534//755
f 1144//756 1534//756 1489//756
f 1655//757 1142//757 1654//757
f 1654//758 1142//758 1140//758
f 1654//759 1140//759 1494//759
f 1494//760 1140//760 1492//760
f 1492//761 1140//761 1138//761
f 1492//761 1138//761 1543//761
f 1543//762 1138//762 1136//762
f 1543//763 1136//763 1544//763
f 1544//764 1136//764 1134//764
f 1544//764 1134//764 1639//764
f 1639//765 1134//765 1132//765
f 1639//765 1132//765 1640//765
f 1640//766 1132//766 1130//766
f 1640//767 1130//767 1561//767
f 1561//768 1130//768 1128//768
f 1561//768 1128//768 1563//768
f 1563//769 1128//769 1127//769
f 1563//769 1127//769 1565//769
f 1174//770 1579//770 2109//770
f 2109//770 1579//770 1666//770
f 2109//771 1666//771 1177//771
f 1177//771 1666//771 1665//771
f 1187//772 1495//772 2111//772
f 2111//772 1495//772 1638//772
f 2111//773 1638//773 1127//773
f 1127//773 1638//773 1565//773
f 1477//92 1179//92 1478//92
f 1478//92 1179//92 1177//92
f 1478//92 1177//92 1669//92
f 1669//92 1177//92 1665//92
f 1496//95 1495//95 1187//95
f 1496//95 1187//95 1635//95
f 1635//95 1187//95 1185//95
f 1635//95 1185//95 1675//95
f 1671//774 1181//774 2118//774
f 1671//774 2118//774 1673//774
f 1673//31 2118//31 2116//31
f 1673//31 2116//31 1674//31
f 1674//33 2116//33 1179//33
f 1674//33 1179//33 1477//33
f 1675//47 1185//47 2113//47
f 1675//775 2113//775 1676//775
f 1676//49 2113//49 2115//49
f 1676//49 2115//49 1678//49
f 1678//50 2115//50 1183//50
f 1678//50 1183//50 1679//50
f 1671//83 1670//83 1181//83
f 1181//83 1670//83 1763//83
f 1763//83 1762//83 1181//83
f 1181//83 1762//83 1756//83
f 1181//83 1756//83 1183//83
f 1756//83 1783//83 1183//83
f 1183//83 1783//83 1786//83
f 1183//83 1786//83 1830//83
f 1830//83 1828//83 1183//83
f 1183//83 1828//83 1827//83
f 1183//83 1827//83 1679//83
f 2124//776 2125//776 2126//776
f 2124//777 2126//777 2127//777
f 2127//778 2126//778 2128//778
f 2127//779 2128//779 2129//779
f 2129//780 2128//780 2130//780
f 2129//781 2130//781 2131//781
f 2131//782 2130//782 2132//782
f 2131//783 2132//783 2133//783
f 2133//784 2132//784 2134//784
f 2133//785 2134//785 2135//785
f 2135//786 2134//786 2136//786
f 2135//787 2136//787 2137//787
f 2137//788 2136//788 2138//788
f 2137//789 2138//789 2139//789
f 2139//790 2138//790 2140//790
f 2139//791 2140//791 2141//791
f 2141//792 2140//792 2142//792
f 2141//793 2142//793 2143//793
f 2143//794 2142//794 2144//794
f 2143//795 2144//795 2145//795
f 2145//796 2144//796 2146//796
f 2145//797 2146//797 2147//797
f 2147//798 2146//798 2148//798
f 2147//799 2148//799 2149//799
f 2149//800 2148//800 2150//800
f 2149//801 2150//801 2151//801
f 2151//802 2150//802 2152//802
f 2151//803 2152//803 2153//803
f 2153//804 2152//804 2154//804
f 2153//805 2154//805 2155//805
f 2155//806 2154//806 2156//806
f 2155//807 2156//807 2157//807
f 2157//808 2156//808 2158//808
f 2157//809 2158//809 2159//809
f 2159//810 2158//810 2160//810
f 2159//811 2160//811 2161//811
f 2161//812 2160//812 2162//812
f 2161//813 2162//813 2163//813
f 2163//814 2162//814 2164//814
f 2163//815 2164//815 2165//815
f 2165//816 2164//816 2166//816
f 2165//817 2166//817 2167//817
f 2167//818 2166//818 2168//818
f 2167//819 2168//819 2169//819
f 2169//820 2168//820 2170//820
f 2169//821 2170//821 2171//821
f 2171//822 2170//822 2172//822
f 2171//823 2172//823 2173//823
f 2173//824 2172//824 2174//824
f 2173//825 2174//825 2175//825
f 2124//826 2176//826 2125//826
f 2125//827 2176//827 2177//827
f 2125//828 2177//828 2178//828
f 2178//829 2177//829 2179//829
f 2178//830 2179//830 2180//830
f 2180//831 2179//831 2181//831
f 2180//832 2181//832 2182//832
f 2182//833 2181//833 2183//833
f 2182//834 2183//834 2184//834
f 2184//835 2183//835 2185//835
f 2184//836 2185//836 2186//836
f 2186//837 2185//837 2187//837
f 2186//838 2187//838 2188//838
f 2188//839 2187//839 2189//839
f 2188//840 2189//840 2190//840
f 2190//841 2189//841 2191//841
f 2190//842 2191//842 2192//842
f 2192//843 2191//843 2193//843
f 2192//844 2193//844 2194//844
f 2194//845 2193//845 2195//845
f 2194//846 2195//846 2196//846
f 2196//847 2195//847 2197//847
f 2196//848 2197//848 2198//848
f 2198//849 2197//849 2199//849
f 2198//850 2199//850 2200//850
f 2200//851 2199//851 2201//851
f 2200//852 2201//852 2202//852
f 2202//853 2201//853 2203//853
f 2202//854 2203//854 2204//854
f 2204//855 2203//855 2205//855
f 2204//856 2205//856 2206//856
f 2206//857 2205//857 2207//857
f 2206//858 2207//858 2208//858
f 2208//859 2207//859 2209//859
f 2208//860 2209//860 2210//860
f 2210//861 2209//861 2211//861
f 2210//862 2211//862 2212//862
f 2212//863 2211//863 2213//863
f 2212//864 2213//864 2214//864
f 2214//865 2213//865 2215//865
f 2214//866 2215//866 2216//866
f 2216//867 2215//867 2217//867
f 2216//868 2217//868 2218//868
f 2218//869 2217//869 2219//869
f 2218//870 2219//870 2220//870
f 2220//871 2219//871 2221//871
f 2220//872 2221//872 2222//872
f 2222//873 2221//873 2223//873
f 2222//874 2223//874 2224//874
f 2224//875 2223//875 2225//875
f 2224//876 2225//876 2226//876
f 2226//877 2225//877 2175//877
f 2226//878 2175//878 2227//878
f 2227//879 2175//879 2174//879
f 1429//67 2228//67 1428//67
f 1428//67 2228//67 2229//67
f 1428//68 2229//68 1433//68
f 1433//68 2229//68 2230//68
f 1433//69 2230//69 1434//69
f 1434//69 2230//69 2231//69
f 1434//66 2231//66 1435//66
f 1435//66 2231//66 2232//66
f 1435//65 2232//65 1431//65
f 1431//65 2232//65 2233//65
f 1431//64 2233//64 1432//64
f 1432//64 2233//64 2234//64
f 1432//29 2234//29 1422//29
f 1422//29 2234//29 2235//29
f 1422//28 2235//28 1423//28
f 1423//28 2235//28 2236//28
f 1423//27 2236//27 1426//27
f 1426//27 2236//27 2237//27
f 1426//70 2237//70 1427//70
f 1427//70 2237//70 2238//70
f 1427//71 2238//71 1430//71
f 1430//71 2238//71 2239//71
f 1430//72 2239//72 1429//72
f 1429//72 2239//72 2228//72
f 2234//101 2240//101 2235//101
f 2235//101 2240//101 2241//101
f 2235//101 2241//101 2236//101
f 2236//101 2241//101 2242//101
f 2236//101 2242//101 2237//101
f 2237//101 2242//101 2243//101
f 2237//101 2243//101 2238//101
f 2238//101 2243//101 2244//101
f 2238//101 2244//101 2239//101
f 2239//101 2244//101 2245//101
f 2239//101 2245//101 2228//101
f 2228//101 2245//101 2246//101
f 2228//101 2246//101 2229//101
f 2229//101 2246//101 2247//101
f 2229//101 2247//101 2230//101
f 2230//101 2247//101 2248//101
f 2230//101 2248//101 2231//101
f 2231//101 2248//101 2249//101
f 2231//101 2249//101 2232//101
f 2232//101 2249//101 2250//101
f 2232//101 2250//101 2233//101
f 2233//101 2250//101 2251//101
f 2233//101 2251//101 2234//101
f 2234//101 2251//101 2240//101
f 2246//67 1765//67 2247//67
f 2247//67 1765//67 1764//67
f 2247//68 1764//68 2248//68
f 2248//68 1764//68 1758//68
f 2248//69 1758//69 2249//69
f 2249//69 1758//69 1757//69
f 2249//66 1757//66 2250//66
f 2250//66 1757//66 1755//66
f 2250//65 1755//65 2251//65
f 2251//65 1755//65 1754//65
f 2251//64 1754//64 2240//64
f 2240//64 1754//64 1769//64
f 2240//29 1769//29 2241//29
f 2241//29 1769//29 1768//29
f 2241//28 1768//28 2242//28
f 2242//28 1768//28 1767//28
f 2242//27 1767//27 2243//27
f 2243//27 1767//27 1760//27
f 2243//70 1760//70 2244//70
f 2244//70 1760//70 1759//70
f 2244//71 1759//71 2245//71
f 2245//71 1759//71 1766//71
f 2245//72 1766//72 2246//72
f 2246//72 1766//72 1765//72
f 1399//67 2252//67 1400//67
f 1400//67 2252//67 2253//67
f 1400//68 2253//68 1401//68
f 1401//68 2253//68 2254//68
f 1401//69 2254//69 1402//69
f 1402//69 2254//69 2255//69
f 1402//66 2255//66 1403//66
f 1403//66 2255//66 2256//66
f 1403//65 2256//65 1404//65
f 1404//65 2256//65 2257//65
f 1404//64 2257//64 1391//64
f 1391//64 2257//64 2258//64
f 1391//29 2258//29 1395//29
f 1395//29 2258//29 2259//29
f 1395//28 2259//28 1394//28
f 1394//28 2259//28 2260//28
f 1394//27 2260//27 1392//27
f 1392//27 2260//27 2261//27
f 1392//70 2261//70 1396//70
f 1396//70 2261//70 2262//70
f 1396//71 2262//71 1397//71
f 1397//71 2262//71 2263//71
f 1397//72 2263//72 1399//72
f 1399//72 2263//72 2252//72
f 2258//101 2264//101 2259//101
f 2259//101 2264//101 2265//101
f 2259//101 2265//101 2260//101
f 2260//101 2265//101 2266//101
f 2260//101 2266//101 2261//101
f 2261//101 2266//101 2267//101
f 2261//101 2267//101 2262//101
f 2262//101 2267//101 2268//101
f 2262//101 2268//101 2263//101
f 2263//101 2268//101 2269//101
f 2263//101 2269//101 2252//101
f 2252//101 2269//101 2270//101
f 2252//101 2270//101 2253//101
f 2253//101 2270//101 2271//101
f 2253//101 2271//101 2254//101
f 2254//101 2271//101 2272//101
f 2254//101 2272//101 2255//101
f 2255//101 2272//101 2273//101
f 2255//101 2273//101 2256//101
f 2256//101 2273//101 2274//101
f 2256//101 2274//101 2257//101
f 2257//101 2274//101 2275//101
f 2257//101 2275//101 2258//101
f 2258//101 2275//101 2264//101
f 2270//67 1798//67 2271//67
f 2271//67 1798//67 1796//67
f 2271//68 1796//68 2272//68
f 2272//68 1796//68 1795//68
f 2272//69 1795//69 2273//69
f 2273//69 1795//69 1788//69
f 2273//66 1788//66 2274//66
f 2274//66 1788//66 1787//66
f 2274//65 1787//65 2275//65
f 2275//65 1787//65 1794//65
f 2275//64 1794//64 2264//64
f 2264//64 1794//64 1793//64
f 2264//29 1793//29 2265//29
f 2265//29 1793//29 1792//29
f 2265//28 1792//28 2266//28
f 2266//28 1792//28 1789//28
f 2266//27 1789//27 2267//27
f 2267//27 1789//27 1790//27
f 2267//70 1790//70 2268//70
f 2268//70 1790//70 1791//70
f 2268//71 1791//71 2269//71
f 2269//71 1791//71 1799//71
f 2269//72 1799//72 2270//72
f 2270//72 1799//72 1798//72
f 1418//67 2276//67 1414//67
f 1414//67 2276//67 2277//67
f 1414//68 2277//68 1415//68
f 1415//68 2277//68 2278//68
f 1415//69 2278//69 1412//69
f 1412//69 2278//69 2279//69
f 1412//66 2279//66 1413//66
f 1413//66 2279//66 2280//66
f 1413//65 2280//65 1419//65
f 1419//65 2280//65 2281//65
f 1419//64 2281//64 1420//64
f 1420//64 2281//64 2282//64
f 1420//29 2282//29 1421//29
f 1421//29 2282//29 2283//29
f 1421//28 2283//28 1409//28
f 1409//28 2283//28 2284//28
f 1409//27 2284//27 1410//27
f 1410//27 2284//27 2285//27
f 1410//70 2285//70 1416//70
f 1416//70 2285//70 2286//70
f 1416//71 2286//71 1417//71
f 1417//71 2286//71 2287//71
f 1417//72 2287//72 1418//72
f 1418//72 2287//72 2276//72
f 2277//101 2288//101 2278//101
f 2278//101 2288//101 2289//101
f 2278//101 2289//101 2279//101
f 2279//101 2289//101 2290//101
f 2279//101 2290//101 2280//101
f 2280//101 2290//101 2291//101
f 2280//101 2291//101 2281//101
f 2281//101 2291//101 2292//101
f 2281//101 2292//101 2282//101
f 2282//101 2292//101 2293//101
f 2282//101 2293//101 2283//101
f 2283//101 2293//101 2294//101
f 2283//101 2294//101 2284//101
f 2284//101 2294//101 2295//101
f 2284//101 2295//101 2285//101
f 2285//101 2295//101 2296//101
f 2285//101 2296//101 2286//101
f 2286//101 2296//101 2297//101
f 2286//101 2297//101 2287//101
f 2287//101 2297//101 2298//101
f 2287//101 2298//101 2276//101
f 2276//101 2298//101 2299//101
f 2276//101 2299//101 2277//101
f 2277//101 2299//101 2288//101
f 2299//67 1807//67 2288//67
f 2288//67 1807//67 1804//67
f 2288//68 1804//68 2289//68
f 2289//68 1804//68 1803//68
f 2289//69 1803//69 2290//69
f 2290//69 1803//69 1806//69
f 2290//66 1806//66 2291//66
f 2291//66 1806//66 1805//66
f 2291//65 1805//65 2292//65
f 2292//65 1805//65 1812//65
f 2292//64 1812//64 2293//64
f 2293//64 1812//64 1811//64
f 2293//29 1811//29 2294//29
f 2294//29 1811//29 1810//29
f 2294//28 1810//28 2295//28
f 2295//28 1810//28 1801//28
f 2295//27 1801//27 2296//27
f 2296//27 1801//27 1800//27
f 2296//70 1800//70 2297//70
f 2297//70 1800//70 1809//70
f 2297//71 1809//71 2298//71
f 2298//71 1809//71 1808//71
f 2298//72 1808//72 2299//72
f 2299//72 1808//72 1807//72
f 1442//67 2300//67 1443//67
f 1443//67 2300//67 2301//67
f 1443//68 2301//68 1444//68
f 1444//68 2301//68 2302//68
f 1444//69 2302//69 1445//69
f 1445//69 2302//69 2303//69
f 1445//66 2303//66 1446//66
f 1446//66 2303//66 2304//66
f 1446//65 2304//65 1447//65
f 1447//65 2304//65 2305//65
f 1447//64 2305//64 1448//64
f 1448//64 2305//64 2306//64
f 1448//29 2306//29 1436//29
f 1436//29 2306//29 2307//29
f 1436//28 2307//28 1437//28
f 1437//28 2307//28 2308//28
f 1437//27 2308//27 1439//27
f 1439//27 2308//27 2309//27
f 1439//70 2309//70 1440//70
f 1440//70 2309//70 2310//70
f 1440//71 2310//71 1441//71
f 1441//71 2310//71 2311//71
f 1441//72 2311//72 1442//72
f 1442//72 2311//72 2300//72
f 2301//101 2312//101 2302//101
f 2302//101 2312//101 2313//101
f 2302//101 2313//101 2303//101
f 2303//101 2313//101 2314//101
f 2303//101 2314//101 2304//101
f 2304//101 2314//101 2315//101
f 2304//101 2315//101 2305//101
f 2305//101 2315//101 2316//101
f 2305//101 2316//101 2306//101
f 2306//101 2316//101 2317//101
f 2306//101 2317//101 2307//101
f 2307//101 2317//101 2318//101
f 2307//101 2318//101 2308//101
f 2308//101 2318//101 2319//101
f 2308//101 2319//101 2309//101
f 2309//101 2319//101 2320//101
f 2309//101 2320//101 2310//101
f 2310//101 2320//101 2321//101
f 2310//101 2321//101 2311//101
f 2311//101 2321//101 2322//101
f 2311//101 2322//101 2300//101
f 2300//101 2322//101 2323//101
f 2300//101 2323//101 2301//101
f 2301//101 2323//101 2312//101
f 2323//67 1466//67 2312//67
f 2312//67 1466//67 1465//67
f 2312//68 1465//68 2313//68
f 2313//68 1465//68 1779//68
f 2313//69 1779//69 2314//69
f 2314//69 1779//69 1778//69
f 2314//66 1778//66 2315//66
f 2315//66 1778//66 1777//66
f 2315//65 1777//65 2316//65
f 2316//65 1777//65 1776//65
f 2316//64 1776//64 2317//64
f 2317//64 1776//64 1775//64
f 2317//29 1775//29 2318//29
f 2318//29 1775//29 1774//29
f 2318//28 1774//28 2319//28
f 2319//28 1774//28 1771//28
f 2319//27 1771//27 2320//27
f 2320//27 1771//27 1770//27
f 2320//70 1770//70 2321//70
f 2321//70 1770//70 1773//70
f 2321//71 1773//71 2322//71
f 2322//71 1773//71 1772//71
f 2322//72 1772//72 2323//72
f 2323//72 1772//72 1466//72
f 1692//880 1691//880 2180//880
f 2180//881 2182//881 1692//881
f 1692//882 2182//882 2184//882
f 1692//883 2184//883 1689//883
f 2184//884 2186//884 1689//884
f 1689//885 2186//885 2188//885
f 1689//886 2188//886 1690//886
f 2188//887 2190//887 1690//887
f 1690//888 2190//888 2192//888
f 1690//889 2192//889 1683//889
f 2192//890 2194//890 1683//890
f 1683//891 2194//891 2196//891
f 1683//892 2196//892 1684//892
f 2196//893 2198//893 1684//893
f 1684//894 2198//894 2200//894
f 1684//895 2200//895 1685//895
f 2200//896 2202//896 1685//896
f 1685//897 2202//897 2204//897
f 1685//898 2204//898 1686//898
f 2204//899 2206//899 1686//899
f 1686//900 2206//900 2208//900
f 1686//901 2208//901 1682//901
f 2208//902 2210//902 1682//902
f 1682//903 2210//903 2212//903
f 1682//904 2212//904 1680//904
f 2212//905 2214//905 1680//905
f 1680//906 2214//906 2216//906
f 1680//907 2216//907 1476//907
f 2216//908 2218//908 1476//908
f 1476//909 2218//909 2220//909
f 1476//910 2220//910 1474//910
f 2220//911 2222//911 1474//911
f 1474//912 2222//912 2224//912
f 1474//913 2224//913 1752//913
f 1752//914 2224//914 2226//914
f 1752//915 2226//915 2324//915
f 2324//916 2226//916 2227//916
f 2324//917 2227//917 1704//917
f 2227//917 2174//917 1704//917
f 1704//918 2174//918 2172//918
f 1704//919 2172//919 1702//919
f 1702//920 2172//920 2170//920
f 1702//921 2170//921 1700//921
f 2170//922 2168//922 1700//922
f 1700//923 2168//923 2166//923
f 1700//924 2166//924 1701//924
f 2166//925 2164//925 1701//925
f 1701//926 2164//926 2162//926
f 1701//927 2162//927 1698//927
f 2162//928 2160//928 1698//928
f 1698//929 2160//929 2158//929
f 1698//930 2158//930 1694//930
f 2158//931 2156//931 1694//931
f 1694//932 2156//932 2154//932
f 1694//933 2154//933 1695//933
f 2154//934 2152//934 1695//934
f 1695//935 2152//935 2150//935
f 1695//936 2150//936 1467//936
f 2150//937 2148//937 1467//937
f 1467//938 2148//938 2146//938
f 1467//939 2146//939 1468//939
f 2146//940 2144//940 1468//940
f 1468//941 2144//941 2142//941
f 1468//942 2142//942 1832//942
f 2142//943 2140//943 1832//943
f 1832//944 2140//944 2138//944
f 1832//945 2138//945 1470//945
f 2138//946 2136//946 1470//946
f 1470//947 2136//947 2134//947
f 1470//948 2134//948 1473//948
f 2134//949 2132//949 1473//949
f 1473//950 2132//950 2130//950
f 1473//951 2130//951 1785//951
f 2130//952 2128//952 1785//952
f 1785//953 2128//953 2126//953
f 1785//954 2126//954 1781//954
f 1781//954 2126//954 2325//954
f 1781//955 2325//955 1691//955
f 1691//955 2325//955 2178//955
f 1691//956 2178//956 2180//956
f 1374//957 1372//957 2223//957
f 2223//958 2221//958 1374//958
f 1374//959 2221//959 2219//959
f 1374//960 2219//960 1375//960
f 2219//961 2217//961 1375//961
f 1375//962 2217//962 2215//962
f 1375//963 2215//963 1188//963
f 2215//964 2213//964 1188//964
f 1188//965 2213//965 2211//965
f 1188//966 2211//966 1189//966
f 2211//967 2209//967 1189//967
f 1189//968 2209//968 2207//968
f 1189//969 2207//969 1225//969
f 2207//970 2205//970 1225//970
f 1225//971 2205//971 2203//971
f 1225//972 2203//972 1254//972
f 2203//973 2201//973 1254//973
f 1254//974 2201//974 2199//974
f 1254//975 2199//975 1252//975
f 1252//976 2199//976 2197//976
f 1252//977 2197//977 1224//977
f 1224//978 2197//978 2195//978
f 1224//979 2195//979 1275//979
f 2195//980 2193//980 1275//980
f 1275//981 2193//981 2191//981
f 1275//982 2191//982 1273//982
f 2191//983 2189//983 1273//983
f 1273//984 2189//984 2187//984
f 1273//985 2187//985 1271//985
f 2187//986 2185//986 1271//986
f 1271//987 2185//987 2183//987
f 1271//988 2183//988 1269//988
f 2183//989 2181//989 1269//989
f 1269//990 2181//990 2179//990
f 1269//991 2179//991 1284//991
f 2179//992 2177//992 1284//992
f 1284//993 2177//993 2176//993
f 1284//994 2176//994 1290//994
f 2176//995 2124//995 1290//995
f 1290//996 2124//996 2127//996
f 1290//997 2127//997 1291//997
f 1291//998 2127//998 2129//998
f 1291//999 2129//999 1304//999
f 2129//1000 2131//1000 1304//1000
f 1304//1001 2131//1001 2133//1001
f 1304//1002 2133//1002 1306//1002
f 2133//1003 2135//1003 1306//1003
f 1306//1004 2135//1004 2137//1004
f 1306//1005 2137//1005 1307//1005
f 2137//1006 2139//1006 1307//1006
f 1307//1007 2139//1007 2141//1007
f 1307//1008 2141//1008 1300//1008
f 1300//1009 2141//1009 2143//1009
f 1300//1010 2143//1010 1325//1010
f 1325//1011 2143//1011 2145//1011
f 1325//1012 2145//1012 1357//1012
f 2145//1013 2147//1013 1357//1013
f 1357//1014 2147//1014 2149//1014
f 1357//1015 2149//1015 1355//1015
f 2149//1016 2151//1016 1355//1016
f 1355//1017 2151//1017 2153//1017
f 1355//1018 2153//1018 1345//1018
f 2153//1019 2155//1019 1345//1019
f 1345//1020 2155//1020 2157//1020
f 1345//1021 2157//1021 1368//1021
f 2157//1022 2159//1022 1368//1022
f 1368//1023 2159//1023 2161//1023
f 1368//1024 2161//1024 1369//1024
f 2161//1025 2163//1025 1369//1025
f 1369//1026 2163//1026 2165//1026
f 1369//1027 2165//1027 1370//1027
f 2165//1028 2167//1028 1370//1028
f 1370//1029 2167//1029 2169//1029
f 1370//1030 2169//1030 1367//1030
f 2169//1031 2171//1031 1367//1031
f 1367//1032 2171//1032 2173//1032
f 1367//1033 2173//1033 1371//1033
f 1371//1033 2173//1033 2326//1033
f 1371//1034 2326//1034 1372//1034
f 1372//1034 2326//1034 2225//1034
f 1372//1035 2225//1035 2223//1035
f 2327//1036 2328//1036 2329//1036
f 2330//1037 2328//1037 2327//1037
f 2327//1038 2331//1038 2332//1038
f 2333//1039 2331//1039 2327//1039
f 2329//1040 2333//1040 2327//1040
f 2327//1041 2334//1041 2335//1041
f 2336//1042 2334//1042 2327//1042
f 2332//1043 2336//1043 2327//1043
f 2327//1044 2337//1044 2338//1044
f 2339//1045 2337//1045 2327//1045
f 2335//1046 2339//1046 2327//1046
f 2338//1047 2330//1047 2327//1047
f 2330//67 1714//67 2328//67
f 2328//67 1714//67 1712//67
f 2328//68 1712//68 2329//68
f 2329//68 1712//68 1711//68
f 2329//69 1711//69 2333//69
f 2333//69 1711//69 1710//69
f 2333//66 1710//66 2331//66
f 2331//66 1710//66 1709//66
f 2331//65 1709//65 2332//65
f 2332//65 1709//65 1708//65
f 2332//64 1708//64 2336//64
f 2336//64 1708//64 1720//64
f 2336//29 1720//29 2334//29
f 2334//29 1720//29 1719//29
f 2334//28 1719//28 2335//28
f 2335//28 1719//28 1718//28
f 2335//27 1718//27 2339//27
f 2339//27 1718//27 1717//27
f 2339//70 1717//70 2337//70
f 2337//70 1717//70 1716//70
f 2337//71 1716//71 2338//71
f 2338//71 1716//71 1715//71
f 2338//72 1715//72 2330//72
f 2330//72 1715//72 1714//72
f 2340//1036 2341//1036 2342//1036
f 2343//1037 2341//1037 2340//1037
f 2340//1038 2344//1038 2345//1038
f 2346//1039 2344//1039 2340//1039
f 2342//1040 2346//1040 2340//1040
f 2340//1041 2347//1041 2348//1041
f 2349//1042 2347//1042 2340//1042
f 2345//1043 2349//1043 2340//1043
f 2340//1044 2350//1044 2351//1044
f 2352//1045 2350//1045 2340//1045
f 2348//1046 2352//1046 2340//1046
f 2351//1047 2343//1047 2340//1047
f 2343//67 1729//67 2341//67
f 2341//67 1729//67 1728//67
f 2341//68 1728//68 2342//68
f 2342//68 1728//68 1727//68
f 2342//69 1727//69 2346//69
f 2346//69 1727//69 1726//69
f 2346//66 1726//66 2344//66
f 2344//66 1726//66 1725//66
f 2344//65 1725//65 2345//65
f 2345//65 1725//65 1724//65
f 2345//64 1724//64 2349//64
f 2349//64 1724//64 1723//64
f 2349//29 1723//29 2347//29
f 2347//29 1723//29 1734//29
f 2347//28 1734//28 2348//28
f 2348//28 1734//28 1733//28
f 2348//27 1733//27 2352//27
f 2352//27 1733//27 1732//27
f 2352//70 1732//70 2350//70
f 2350//70 1732//70 1731//70
f 2350//71 1731//71 2351//71
f 2351//71 1731//71 1730//71
f 2351//72 1730//72 2343//72
f 2343//72 1730//72 1729//72
f 2353//1048 2354//1048 2355//1048
f 2353//1049 2355//1049 2356//1049
f 2356//1050 2355//1050 2357//1050
f 2356//1051 2357//1051 2358//1051
f 2358//1052 2357//1052 2359//1052
f 2358//1053 2359//1053 2360//1053
f 2359//1054 2361//1054 2360//1054
f 2360//1055 2361//1055 2362//1055
f 2360//1056 2362//1056 2363//1056
f 2363//1057 2362//1057 2364//1057
f 2363//1058 2364//1058 2365//1058
f 2365//1059 2364//1059 2366//1059
f 2365//1060 2366//1060 2367//1060
f 2367//1061 2366//1061 2368//1061
f 2367//1062 2368//1062 2369//1062
f 2369//1063 2368//1063 2370//1063
f 2369//1064 2370//1064 2371//1064
f 2371//1065 2370//1065 2372//1065
f 2371//1066 2372//1066 2373//1066
f 2373//1067 2372//1067 2374//1067
f 2373//1068 2374//1068 2375//1068
f 2375//1069 2374//1069 2376//1069
f 2375//1070 2376//1070 2377//1070
f 2377//1071 2376//1071 2378//1071
f 2377//1072 2378//1072 2379//1072
f 2379//1073 2378//1073 2380//1073
f 2379//1074 2380//1074 2381//1074
f 2381//1075 2380//1075 2382//1075
f 2381//1076 2382//1076 2383//1076
f 2383//1077 2382//1077 2384//1077
f 2384//1078 2382//1078 2385//1078
f 2384//1079 2385//1079 2386//1079
f 2385//1080 2387//1080 2386//1080
f 2386//1081 2387//1081 2388//1081
f 2386//1082 2388//1082 2389//1082
f 2388//1083 2390//1083 2389//1083
f 2389//28 2390//28 2391//28
f 2389//28 2391//28 2392//28
f 2354//29 2353//29 2391//29
f 2391//1084 2353//1084 2393//1084
f 2391//1085 2393//1085 2392//1085
f 2394//1051 2395//1051 2396//1051
f 2396//65 2395//65 2397//65
f 2396//65 2397//65 2398//65
f 2398//1086 2397//1086 2399//1086
f 2398//1087 2399//1087 2400//1087
f 2399//1088 2401//1088 2400//1088
f 2400//1089 2401//1089 2402//1089
f 2400//1090 2402//1090 2403//1090
f 2403//1091 2402//1091 2404//1091
f 2403//1060 2404//1060 2405//1060
f 2405//1062 2404//1062 2406//1062
f 2406//1092 2404//1092 2407//1092
f 2406//1064 2407//1064 2408//1064
f 2408//1066 2407//1066 2409//1066
f 2409//1093 2407//1093 2410//1093
f 2409//1094 2410//1094 2411//1094
f 2411//1070 2410//1070 2412//1070
f 2412//1095 2410//1095 2413//1095
f 2412//1096 2413//1096 2414//1096
f 2413//1097 2415//1097 2414//1097
f 2414//1098 2415//1098 2416//1098
f 2414//1074 2416//1074 2417//1074
f 2417//1099 2416//1099 2418//1099
f 2417//1076 2418//1076 2419//1076
f 2419//1100 2418//1100 2420//1100
f 2419//1077 2420//1077 2421//1077
f 2421//1101 2420//1101 2422//1101
f 2421//1102 2422//1102 2423//1102
f 2423//27 2422//27 2424//27
f 2422//1103 2425//1103 2424//1103
f 2424//1104 2425//1104 2426//1104
f 2424//28 2426//28 2427//28
f 2426//1105 2428//1105 2427//1105
f 2427//1106 2428//1106 2429//1106
f 2427//1085 2429//1085 2430//1085
f 2430//1107 2429//1107 2431//1107
f 2429//1108 2432//1108 2431//1108
f 2431//1109 2432//1109 2433//1109
f 2431//1110 2433//1110 2394//1110
f 2394//1111 2433//1111 2434//1111
f 2394//1112 2434//1112 2395//1112
f 2435//73 2436//73 2437//73
f 2438//73 2439//73 2440//73
f 2441//73 2442//73 2443//73
f 2444//73 2445//73 2446//73
f 2447//73 2448//73 2449//73
f 2450//73 2451//73 2452//73
f 2453//73 2454//73 2455//73
f 2453//73 2456//73 2457//73
f 2458//73 2459//73 2460//73
f 2461//73 2462//73 2463//73
f 2464//73 2465//73 2466//73
f 2467//73 2468//73 2469//73
f 2470//73 2471//73 2472//73
f 2473//73 2474//73 2475//73
f 2475//73 2474//73 2470//73
f 2475//73 2470//73 2476//73
f 2476//73 2470//73 2472//73
f 2477//73 2478//73 2479//73
f 2479//73 2478//73 2480//73
f 2480//73 2481//73 2479//73
f 2479//73 2481//73 2482//73
f 2479//73 2482//73 2474//73
f 2482//73 2483//73 2474//73
f 2474//73 2483//73 2484//73
f 2474//73 2484//73 2470//73
f 2470//73 2484//73 2485//73
f 2470//73 2485//73 2486//73
f 2485//73 2487//73 2486//73
f 2486//73 2487//73 2488//73
f 2486//73 2488//73 2489//73
f 2489//73 2488//73 2490//73
f 2489//73 2490//73 2491//73
f 2491//73 2490//73 2492//73
f 2491//73 2492//73 2493//73
f 2494//73 2495//73 2479//73
f 2479//73 2495//73 2493//73
f 2479//73 2493//73 2477//73
f 2477//73 2493//73 2492//73
f 2495//73 2496//73 2493//73
f 2493//73 2496//73 2497//73
f 2493//73 2497//73 2498//73
f 2498//73 2497//73 2499//73
f 2498//73 2499//73 2500//73
f 2501//1113 2502//1113 2503//1113
f 2503//73 2502//73 2504//73
f 2503//73 2504//73 2505//73
f 2505//73 2504//73 2506//73
f 2505//73 2506//73 2507//73
f 2507//1113 2506//1113 2508//1113
f 2507//73 2508//73 2500//73
f 2509//73 2510//73 2511//73
f 2511//73 2510//73 2512//73
f 2511//73 2512//73 2513//73
f 2513//73 2512//73 2514//73
f 2515//73 2516//73 2517//73
f 2517//73 2516//73 2518//73
f 2517//73 2518//73 2519//73
f 2519//73 2518//73 2520//73
f 2519//73 2520//73 2510//73
f 2467//73 2469//73 2521//73
f 2522//73 2523//73 2524//73
f 2524//73 2523//73 2525//73
f 2526//73 2527//73 2528//73
f 2528//73 2527//73 2529//73
f 2528//73 2529//73 2530//73
f 2530//73 2529//73 2525//73
f 2530//73 2525//73 2531//73
f 2526//73 2464//73 2527//73
f 2527//73 2464//73 2466//73
f 2527//73 2466//73 2532//73
f 2532//73 2466//73 2533//73
f 2534//73 2535//73 2536//73
f 2536//73 2535//73 2537//73
f 2538//73 2446//73 2539//73
f 2540//655 2541//655 2542//655
f 2539//73 2543//73 2538//73
f 2538//73 2543//73 2544//73
f 2538//73 2544//73 2545//73
f 2546//73 2547//73 2446//73
f 2446//73 2547//73 2548//73
f 2446//73 2548//73 2539//73
f 2541//73 2549//73 2542//73
f 2542//73 2549//73 2550//73
f 2542//73 2550//73 2551//73
f 2551//73 2552//73 2553//73
f 2553//73 2552//73 2554//73
f 2553//73 2554//73 2555//73
f 2556//73 2557//73 2558//73
f 2558//73 2557//73 2540//73
f 2558//73 2540//73 2559//73
f 2559//73 2540//73 2542//73
f 2559//73 2542//73 2560//73
f 2560//73 2542//73 2545//73
f 2556//73 2558//73 2561//73
f 2561//73 2558//73 2562//73
f 2561//73 2562//73 2563//73
f 2564//73 2565//73 2566//73
f 2567//73 2568//73 2569//73
f 2570//73 2571//73 2566//73
f 2572//73 2573//73 2574//73
f 2438//73 2571//73 2575//73
f 2573//73 2572//73 2576//73
f 2576//73 2572//73 2439//73
f 2576//73 2439//73 2577//73
f 2569//73 2568//73 2578//73
f 2578//73 2568//73 2579//73
f 2578//73 2579//73 2565//73
f 2565//73 2579//73 2580//73
f 2565//1114 2580//1114 2566//1114
f 2566//73 2580//73 2581//73
f 2566//73 2581//73 2570//73
f 2575//73 2582//73 2438//73
f 2438//73 2582//73 2583//73
f 2438//73 2583//73 2439//73
f 2439//73 2583//73 2584//73
f 2439//73 2584//73 2585//73
f 2569//73 2586//73 2567//73
f 2567//73 2586//73 2587//73
f 2567//73 2587//73 2585//73
f 2585//1115 2587//1115 2588//1115
f 2585//73 2588//73 2439//73
f 2439//73 2588//73 2589//73
f 2439//73 2589//73 2577//73
f 2590//73 2591//73 2592//73
f 2460//73 2459//73 2593//73
f 2593//73 2459//73 2594//73
f 2593//73 2594//73 2595//73
f 2596//73 2597//73 2598//73
f 2598//73 2597//73 2599//73
f 2598//73 2599//73 2600//73
f 2600//73 2599//73 2595//73
f 2601//73 2602//73 2603//73
f 2603//73 2602//73 2604//73
f 2603//73 2604//73 2605//73
f 2605//73 2604//73 2606//73
f 2607//73 2608//73 2609//73
f 2609//73 2608//73 2610//73
f 2609//73 2610//73 2611//73
f 2454//73 2453//73 2612//73
f 2613//73 2614//73 2450//73
f 2450//73 2614//73 2615//73
f 2450//73 2615//73 2451//73
f 2616//73 2617//73 2618//73
f 2618//73 2617//73 2619//73
f 2620//73 2621//73 2622//73
f 2622//73 2621//73 2623//73
f 2622//73 2623//73 2624//73
f 2624//73 2623//73 2625//73
f 2626//73 2627//73 2628//73
f 2629//73 2626//73 2615//73
f 2627//73 2630//73 2628//73
f 2628//73 2630//73 2631//73
f 2628//73 2631//73 2632//73
f 2632//73 2631//73 2633//73
f 2632//73 2633//73 2471//73
f 2471//73 2633//73 2634//73
f 2471//73 2634//73 2472//73
f 2629//73 2615//73 2635//73
f 2448//73 2636//73 2439//73
f 2636//73 2637//73 2439//73
f 2439//73 2637//73 2638//73
f 2439//73 2638//73 2440//73
f 2440//73 2638//73 2639//73
f 2640//73 2436//73 2641//73
f 2641//73 2436//73 2435//73
f 2641//73 2435//73 2642//73
f 2640//73 2643//73 2436//73
f 2436//73 2643//73 2644//73
f 2436//73 2644//73 2624//73
f 2624//73 2644//73 2645//73
f 2624//73 2645//73 2447//73
f 2562//73 2646//73 2563//73
f 2563//73 2646//73 2546//73
f 2563//73 2546//73 2555//73
f 2555//73 2546//73 2446//73
f 2555//1113 2446//1113 2553//1113
f 2553//73 2446//73 2445//73
f 2553//74 2445//74 2647//74
f 2647//73 2648//73 2553//73
f 2553//73 2648//73 2649//73
f 2553//73 2649//73 2566//73
f 2566//73 2649//73 2650//73
f 2566//73 2650//73 2651//73
f 2574//73 2564//73 2572//73
f 2572//74 2564//74 2566//74
f 2572//73 2566//73 2652//73
f 2652//655 2566//655 2651//655
f 2653//73 2654//73 2655//73
f 2656//73 2657//73 2444//73
f 2655//73 2654//73 2656//73
f 2656//73 2654//73 2658//73
f 2656//73 2658//73 2657//73
f 2442//73 2659//73 2660//73
f 2659//73 2661//73 2660//73
f 2660//73 2661//73 2662//73
f 2660//73 2662//73 2538//73
f 2538//73 2662//73 2663//73
f 2538//73 2663//73 2664//73
f 2665//73 2666//73 2667//73
f 2668//73 2441//73 2669//73
f 2667//73 2666//73 2669//73
f 2669//73 2666//73 2670//73
f 2669//73 2670//73 2668//73
f 2531//73 2525//73 2671//73
f 2671//73 2525//73 2523//73
f 2671//73 2523//73 2672//73
f 2672//73 2523//73 2596//73
f 2672//73 2596//73 2673//73
f 2465//73 2674//73 2598//73
f 2598//73 2674//73 2675//73
f 2598//73 2675//73 2596//73
f 2596//73 2675//73 2676//73
f 2596//73 2676//73 2673//73
f 2677//73 2601//73 2678//73
f 2679//73 2680//73 2603//73
f 2603//73 2680//73 2681//73
f 2603//73 2681//73 2601//73
f 2601//73 2681//73 2682//73
f 2601//73 2682//73 2678//73
f 2678//73 2683//73 2677//73
f 2677//73 2683//73 2519//73
f 2677//73 2519//73 2684//73
f 2684//73 2519//73 2510//73
f 2684//73 2510//73 2685//73
f 2685//73 2510//73 2509//73
f 2679//73 2603//73 2686//73
f 2686//73 2603//73 2515//73
f 2686//73 2515//73 2687//73
f 2687//73 2515//73 2517//73
f 2687//73 2517//73 2688//73
f 2683//73 2689//73 2519//73
f 2519//73 2689//73 2690//73
f 2519//73 2690//73 2517//73
f 2517//73 2690//73 2691//73
f 2517//73 2691//73 2688//73
f 2692//73 2693//73 2608//73
f 2608//73 2693//73 2694//73
f 2608//73 2694//73 2610//73
f 2610//73 2694//73 2695//73
f 2696//73 2697//73 2698//73
f 2698//73 2697//73 2610//73
f 2698//73 2610//73 2699//73
f 2699//73 2610//73 2695//73
f 2453//73 2457//73 2612//73
f 2612//73 2457//73 2700//73
f 2612//73 2700//73 2701//73
f 2701//73 2702//73 2612//73
f 2612//73 2702//73 2703//73
f 2612//73 2703//73 2704//73
f 2704//73 2703//73 2705//73
f 2704//73 2705//73 2706//73
f 2706//73 2705//73 2707//73
f 2707//73 2708//73 2706//73
f 2706//73 2708//73 2709//73
f 2706//73 2709//73 2710//73
f 2709//73 2711//73 2710//73
f 2710//73 2711//73 2712//73
f 2710//73 2712//73 2713//73
f 2713//73 2712//73 2714//73
f 2713//73 2714//73 2457//73
f 2457//73 2714//73 2715//73
f 2457//73 2715//73 2700//73
f 2499//73 2716//73 2500//73
f 2500//73 2716//73 2717//73
f 2500//73 2717//73 2507//73
f 2507//73 2717//73 2718//73
f 2507//73 2718//73 2505//73
f 2505//73 2718//73 2719//73
f 2719//73 2720//73 2505//73
f 2505//73 2720//73 2721//73
f 2505//73 2721//73 2614//73
f 2614//73 2721//73 2722//73
f 2723//73 2724//73 2598//73
f 2725//73 2726//73 2533//73
f 2465//73 2598//73 2466//73
f 2466//73 2598//73 2724//73
f 2466//73 2724//73 2727//73
f 2727//73 2728//73 2466//73
f 2466//73 2728//73 2729//73
f 2466//73 2729//73 2533//73
f 2533//73 2729//73 2730//73
f 2533//73 2730//73 2725//73
f 2731//73 2732//73 2733//73
f 2733//73 2732//73 2734//73
f 2733//73 2734//73 2735//73
f 2522//73 2736//73 2737//73
f 2469//73 2738//73 2739//73
f 2596//73 2740//73 2469//73
f 2469//73 2740//73 2741//73
f 2469//73 2741//73 2738//73
f 2524//73 2521//73 2522//73
f 2522//73 2521//73 2469//73
f 2522//73 2469//73 2736//73
f 2736//73 2469//73 2739//73
f 2737//73 2742//73 2522//73
f 2522//73 2742//73 2743//73
f 2522//73 2743//73 2523//73
f 2523//73 2743//73 2744//73
f 2744//73 2745//73 2523//73
f 2523//73 2745//73 2746//73
f 2523//73 2746//73 2596//73
f 2596//73 2746//73 2747//73
f 2596//73 2747//73 2740//73
f 2442//73 2660//73 2443//73
f 2443//73 2660//73 2536//73
f 2443//73 2536//73 2748//73
f 2748//73 2536//73 2537//73
f 2748//73 2537//73 2749//73
f 2441//73 2443//73 2669//73
f 2669//73 2443//73 2748//73
f 2669//73 2748//73 2750//73
f 2750//73 2748//73 2749//73
f 2750//73 2749//73 2533//73
f 2533//74 2749//74 2751//74
f 2533//73 2751//73 2532//73
f 2595//73 2594//73 2600//73
f 2600//73 2594//73 2733//73
f 2600//73 2733//73 2598//73
f 2598//73 2733//73 2735//73
f 2598//73 2735//73 2723//73
f 2467//73 2516//73 2468//73
f 2468//73 2516//73 2515//73
f 2468//73 2515//73 2469//73
f 2469//73 2515//73 2603//73
f 2469//73 2603//73 2596//73
f 2596//73 2603//73 2605//73
f 2596//73 2605//73 2597//73
f 2597//73 2605//73 2606//73
f 2545//73 2542//73 2538//73
f 2538//73 2542//73 2752//73
f 2538//73 2752//73 2660//73
f 2660//73 2752//73 2753//73
f 2660//73 2753//73 2536//73
f 2536//73 2753//73 2754//73
f 2536//73 2754//73 2534//73
f 2726//73 2731//73 2533//73
f 2533//73 2731//73 2733//73
f 2533//73 2733//73 2750//73
f 2750//73 2733//73 2594//73
f 2750//73 2594//73 2669//73
f 2669//73 2594//73 2459//73
f 2669//73 2459//73 2667//73
f 2667//73 2459//73 2458//73
f 2667//73 2458//73 2620//73
f 2620//73 2458//73 2755//73
f 2620//73 2755//73 2621//73
f 2444//74 2446//74 2656//74
f 2656//73 2446//73 2538//73
f 2656//73 2538//73 2756//73
f 2756//73 2538//73 2664//73
f 2756//73 2664//73 2757//73
f 2685//73 2692//73 2684//73
f 2684//73 2692//73 2608//73
f 2684//73 2608//73 2677//73
f 2677//73 2608//73 2607//73
f 2677//73 2607//73 2601//73
f 2601//73 2607//73 2758//73
f 2601//73 2758//73 2602//73
f 2448//73 2439//73 2449//73
f 2449//73 2439//73 2572//73
f 2449//73 2572//73 2655//73
f 2655//73 2572//73 2652//73
f 2655//73 2652//73 2653//73
f 2447//73 2449//73 2624//73
f 2624//73 2449//73 2655//73
f 2624//73 2655//73 2622//73
f 2622//73 2655//73 2656//73
f 2622//73 2656//73 2620//73
f 2620//73 2656//73 2756//73
f 2620//73 2756//73 2667//73
f 2667//73 2756//73 2757//73
f 2667//73 2757//73 2665//73
f 2697//73 2710//73 2610//73
f 2610//73 2710//73 2713//73
f 2610//73 2713//73 2611//73
f 2611//73 2713//73 2457//73
f 2611//73 2457//73 2759//73
f 2759//73 2457//73 2456//73
f 2760//73 2590//73 2761//73
f 2761//73 2590//73 2592//73
f 2761//73 2592//73 2762//73
f 2462//73 2591//73 2463//73
f 2463//73 2591//73 2590//73
f 2463//73 2590//73 2440//73
f 2440//73 2590//73 2760//73
f 2440//73 2760//73 2438//73
f 2639//73 2642//73 2440//73
f 2440//73 2642//73 2435//73
f 2440//73 2435//73 2463//73
f 2463//73 2435//73 2437//73
f 2463//73 2437//73 2461//73
f 2461//73 2437//73 2763//73
f 2461//73 2763//73 2471//73
f 2626//73 2628//73 2615//73
f 2615//73 2628//73 2618//73
f 2615//73 2618//73 2451//73
f 2451//73 2618//73 2619//73
f 2451//73 2619//73 2452//73
f 2613//73 2455//73 2614//73
f 2614//73 2455//73 2454//73
f 2614//73 2454//73 2505//73
f 2505//73 2454//73 2612//73
f 2505//73 2612//73 2503//73
f 2503//73 2612//73 2704//73
f 2503//73 2704//73 2501//73
f 2501//73 2704//73 2706//73
f 2501//73 2706//73 2764//73
f 2764//73 2706//73 2710//73
f 2764//73 2710//73 2765//73
f 2765//73 2710//73 2697//73
f 2765//73 2697//73 2512//73
f 2512//74 2697//74 2696//74
f 2512//73 2696//73 2514//73
f 2471//73 2763//73 2632//73
f 2632//73 2763//73 2437//73
f 2632//73 2437//73 2628//73
f 2628//73 2437//73 2436//73
f 2628//73 2436//73 2618//73
f 2618//73 2436//73 2624//73
f 2618//73 2624//73 2616//73
f 2616//73 2624//73 2625//73
f 2616//73 2625//73 2617//73
f 2722//73 2494//73 2614//73
f 2614//73 2494//73 2479//73
f 2614//73 2479//73 2615//73
f 2615//73 2479//73 2474//73
f 2615//73 2474//73 2635//73
f 2635//73 2474//73 2473//73
f 2766//1116 2767//1116 2768//1116
f 2766//1116 2768//1116 2769//1116
f 2769//1117 2768//1117 2770//1117
f 2769//1117 2770//1117 2771//1117
f 2771//1118 2770//1118 2772//1118
f 2771//1118 2772//1118 2773//1118
f 2773//1119 2772//1119 2774//1119
f 2773//1119 2774//1119 2775//1119
f 2775//1120 2774//1120 2776//1120
f 2775//1120 2776//1120 2777//1120
f 2777//1121 2776//1121 2778//1121
f 2777//1121 2778//1121 2779//1121
f 2779//1122 2778//1122 2780//1122
f 2779//1122 2780//1122 2781//1122
f 2781//1123 2780//1123 2782//1123
f 2781//1123 2782//1123 2783//1123
f 2783//1124 2782//1124 2784//1124
f 2783//1124 2784//1124 2785//1124
f 2785//1125 2784//1125 2786//1125
f 2785//1125 2786//1125 2787//1125
f 2787//1126 2786//1126 2788//1126
f 2787//1126 2788//1126 2789//1126
f 2789//1127 2788//1127 2790//1127
f 2789//1127 2790//1127 2791//1127
f 2791//2 2790//2 2792//2
f 2791//2 2792//2 2793//2
f 2793//1128 2792//1128 2794//1128
f 2793//1128 2794//1128 2795//1128
f 2795//1129 2794//1129 2796//1129
f 2795//1129 2796//1129 2797//1129
f 2797//1130 2796//1130 2798//1130
f 2797//1130 2798//1130 2799//1130
f 2799//1131 2798//1131 2800//1131
f 2799//1131 2800//1131 2801//1131
f 2801//1132 2800//1132 2802//1132
f 2801//1132 2802//1132 2803//1132
f 2803//1133 2802//1133 2804//1133
f 2803//1133 2804//1133 2805//1133
f 2805//1134 2804//1134 2806//1134
f 2805//1134 2806//1134 2807//1134
f 2807//1135 2806//1135 2808//1135
f 2807//1135 2808//1135 2809//1135
f 2809//1136 2808//1136 2810//1136
f 2809//1136 2810//1136 2811//1136
f 2811//1137 2810//1137 2812//1137
f 2811//1137 2812//1137 2813//1137
f 2813//1138 2812//1138 2814//1138
f 2813//1138 2814//1138 2815//1138
f 2815//1139 2814//1139 2816//1139
f 2815//1139 2816//1139 2817//1139
f 2818//8 2819//8 2820//8
f 2820//8 2821//8 2818//8
f 2818//8 2821//8 2822//8
f 2818//8 2822//8 2823//8
f 2823//8 2822//8 2824//8
f 2825//8 2826//8 2824//8
f 2824//8 2826//8 2827//8
f 2824//8 2827//8 2823//8
f 2828//8 2829//8 2830//8
f 2830//8 2829//8 2825//8
f 2830//8 2825//8 2831//8
f 2831//8 2825//8 2824//8
f 2832//1 2833//1 2834//1
f 2835//1 2836//1 2837//1
f 2838//1 2837//1 2839//1
f 2839//1 2837//1 2840//1
f 2836//1 2841//1 2837//1
f 2837//1 2841//1 2842//1
f 2837//1 2842//1 2840//1
f 2843//1 2844//1 2845//1
f 2845//1 2844//1 2846//1
f 2847//1 2848//1 2837//1
f 2833//1 2832//1 2849//1
f 2849//1 2832//1 2850//1
f 2849//1 2850//1 2851//1
f 2852//1 2853//1 2854//1
f 2854//1 2853//1 2855//1
f 2854//1 2855//1 2856//1
f 2856//1 2855//1 2857//1
f 2856//1 2857//1 2858//1
f 2834//1 2859//1 2856//1
f 2856//1 2859//1 2860//1
f 2844//1 2835//1 2846//1
f 2846//1 2835//1 2837//1
f 2846//1 2837//1 2861//1
f 2861//1 2837//1 2848//1
f 2852//1 2854//1 2862//1
f 2862//1 2854//1 2863//1
f 2862//1 2863//1 2864//1
f 2858//1 2865//1 2856//1
f 2856//1 2865//1 2866//1
f 2856//1 2866//1 2834//1
f 2834//1 2866//1 2867//1
f 2834//1 2867//1 2832//1
f 2839//1 2868//1 2838//1
f 2838//1 2868//1 2869//1
f 2838//1 2869//1 2870//1
f 2870//1 2869//1 2871//1
f 2870//1 2871//1 2872//1
f 2872//1 2871//1 2873//1
f 2860//1 2874//1 2856//1
f 2856//1 2874//1 2875//1
f 2856//1 2875//1 2837//1
f 2837//1 2875//1 2876//1
f 2837//1 2876//1 2847//1
f 2877//1 2878//1 2879//1
f 2879//1 2878//1 2880//1
f 2879//1 2880//1 2864//1
f 2864//1 2880//1 2849//1
f 2864//1 2849//1 2862//1
f 2862//1 2849//1 2851//1
f 2843//1 2845//1 2873//1
f 2873//1 2845//1 2881//1
f 2873//1 2881//1 2872//1
f 2872//1 2881//1 2882//1
f 2872//1 2882//1 2883//1
f 2883//1 2882//1 2884//1
f 2883//1 2884//1 2885//1
f 2885//1 2884//1 2886//1
f 2885//1 2886//1 2877//1
f 2877//1 2886//1 2887//1
f 2877//1 2887//1 2878//1
f 2888//19 2889//19 2890//19
f 2890//19 2891//19 2888//19
f 2888//19 2891//19 2892//19
f 2888//19 2892//19 2893//19
f 2893//19 2892//19 2894//19
f 2895//19 2896//19 2897//19
f 2897//19 2896//19 2898//19
f 2897//19 2898//19 2899//19
f 2899//19 2898//19 2900//19
f 2899//19 2900//19 2894//19
f 2894//19 2900//19 2901//19
f 2894//19 2901//19 2893//19
f 2902//101 2903//101 2904//101
f 2905//101 2906//101 2907//101
f 2908//101 2909//101 2910//101
f 2911//101 2912//101 2913//101
f 2914//101 2915//101 2916//101
f 2917//101 2918//101 2919//101
f 2920//101 2921//101 2922//101
f 2923//101 2924//101 2925//101
f 2926//101 2927//101 2928//101
f 2926//101 2928//101 2929//101
f 2930//101 2931//101 2932//101
f 2929//100 2928//100 2933//100
f 2933//101 2928//101 2934//101
f 2933//100 2934//100 2935//100
f 2932//101 2931//101 2936//101
f 2936//101 2931//101 2937//101
f 2936//101 2937//101 2938//101
f 2939//101 2935//101 2904//101
f 2937//101 2940//101 2938//101
f 2938//101 2940//101 2941//101
f 2938//101 2941//101 2904//101
f 2904//101 2941//101 2942//101
f 2904//101 2942//101 2939//101
f 2943//101 2944//101 2945//101
f 2945//101 2944//101 2946//101
f 2945//101 2946//101 2947//101
f 2948//101 2949//101 2950//101
f 2949//101 2951//101 2950//101
f 2950//101 2951//101 2952//101
f 2950//101 2952//101 2953//101
f 2952//101 2954//101 2953//101
f 2953//101 2954//101 2955//101
f 2953//101 2955//101 2956//101
f 2956//101 2955//101 2957//101
f 2956//101 2957//101 2943//101
f 2943//101 2957//101 2958//101
f 2943//101 2958//101 2944//101
f 2959//101 2960//101 2961//101
f 2961//101 2960//101 2962//101
f 2961//101 2962//101 2963//101
f 2963//101 2962//101 2964//101
f 2963//101 2964//101 2965//101
f 2965//101 2964//101 2966//101
f 2965//101 2966//101 2967//101
f 2968//101 2969//101 2970//101
f 2971//101 2972//101 2973//101
f 2971//101 2973//101 2974//101
f 2968//101 2970//101 2975//101
f 2975//101 2970//101 2976//101
f 2975//101 2976//101 2923//101
f 2976//101 2977//101 2923//101
f 2923//101 2977//101 2978//101
f 2923//101 2978//101 2924//101
f 2972//101 2979//101 2973//101
f 2973//101 2979//101 2980//101
f 2973//101 2980//101 2981//101
f 2981//101 2980//101 2982//101
f 2981//101 2982//101 2983//101
f 2959//101 2961//101 2984//101
f 2984//101 2961//101 2981//101
f 2984//101 2981//101 2968//101
f 2968//101 2981//101 2983//101
f 2968//101 2983//101 2969//101
f 2985//101 2986//101 2987//101
f 2987//101 2986//101 2988//101
f 2989//101 2990//101 2991//101
f 2988//101 2992//101 2987//101
f 2987//101 2992//101 2993//101
f 2987//101 2993//101 2994//101
f 2993//101 2995//101 2994//101
f 2994//101 2995//101 2996//101
f 2994//101 2996//101 2997//101
f 2990//101 2998//101 2991//101
f 2991//101 2998//101 2999//101
f 2991//101 2999//101 2922//101
f 2922//101 2999//101 3000//101
f 2922//101 3000//101 2920//101
f 3001//101 3002//101 3003//101
f 2996//101 2989//101 2997//101
f 2997//101 2989//101 2991//101
f 2997//101 2991//101 3004//101
f 3004//101 2991//101 3005//101
f 3002//101 3006//101 3003//101
f 3003//101 3006//101 3007//101
f 3003//101 3007//101 2991//101
f 2991//101 3007//101 3008//101
f 2991//101 3008//101 3005//101
f 3005//101 3009//101 3004//101
f 3004//101 3009//101 3010//101
f 3004//101 3010//101 3011//101
f 3011//101 3010//101 3012//101
f 3013//101 3014//101 3015//101
f 3015//101 3014//101 3016//101
f 3012//101 3013//101 3011//101
f 3011//101 3013//101 3015//101
f 3011//101 3015//101 3017//101
f 3017//101 3015//101 2907//101
f 3017//101 2907//101 3018//101
f 3019//101 3020//101 3018//101
f 2907//101 2906//101 3018//101
f 3018//101 2906//101 3021//101
f 3018//101 3021//101 3019//101
f 3022//101 3023//101 3024//101
f 3024//101 3023//101 3020//101
f 3025//101 3026//101 3027//101
f 3027//101 3026//101 3028//101
f 3027//101 3028//101 3024//101
f 3028//101 3029//101 3024//101
f 3024//101 3029//101 3030//101
f 3024//101 3030//101 3022//101
f 3025//101 3027//101 3031//101
f 3031//101 3027//101 2918//101
f 3031//101 2918//101 3032//101
f 2917//101 3033//101 2918//101
f 2918//101 3033//101 3034//101
f 2918//101 3034//101 3032//101
f 3030//101 3035//101 3022//101
f 3022//101 3035//101 3036//101
f 3022//101 3036//101 2917//101
f 2917//101 3036//101 3037//101
f 2917//101 3037//101 3033//101
f 3038//101 3039//101 2919//101
f 2919//101 3039//101 3040//101
f 2919//101 3040//101 2917//101
f 3038//101 3041//101 3039//101
f 3039//101 3041//101 3042//101
f 3039//101 3042//101 3043//101
f 3043//101 3042//101 3044//101
f 3043//101 3044//101 3045//101
f 3045//101 3044//101 3046//101
f 3047//101 3048//101 3049//101
f 3050//101 3051//101 3052//101
f 3048//101 3053//101 3049//101
f 3049//101 3053//101 3045//101
f 3049//101 3045//101 3054//101
f 3054//101 3045//101 3046//101
f 3053//101 3055//101 3045//101
f 3045//101 3055//101 3056//101
f 3045//101 3056//101 3057//101
f 3057//101 3056//101 3058//101
f 3057//101 3058//101 3059//101
f 3059//101 3058//101 3060//101
f 3059//101 3060//101 3061//101
f 3061//101 3060//101 3062//101
f 3061//101 3062//101 3063//101
f 3063//101 3062//101 3064//101
f 3063//101 3064//101 3065//101
f 3066//101 3063//101 3050//101
f 3050//101 3063//101 3065//101
f 3050//101 3065//101 3051//101
f 3066//101 3067//101 3063//101
f 3063//101 3067//101 3068//101
f 3063//101 3068//101 3069//101
f 3069//101 3068//101 3070//101
f 3069//101 3070//101 3071//101
f 3071//101 3070//101 3072//101
f 3071//101 3072//101 3073//101
f 3073//101 3074//101 3075//101
f 3075//101 3074//101 3076//101
f 3075//101 3076//101 3077//101
f 3078//101 3079//101 3080//101
f 3080//101 3079//101 2916//101
f 3081//101 2915//101 3082//101
f 3082//101 2915//101 2914//101
f 3082//101 2914//101 3083//101
f 2913//101 2912//101 3076//101
f 2912//101 3084//101 3076//101
f 3076//101 3084//101 3085//101
f 3076//101 3085//101 3086//101
f 3086//101 3085//101 3087//101
f 3086//101 3087//101 3088//101
f 3089//101 3090//101 3091//101
f 3090//101 3089//101 3092//101
f 3092//101 3089//101 2918//101
f 3092//101 2918//101 3093//101
f 3093//101 2918//101 3027//101
f 3093//101 3027//101 3094//101
f 3003//101 3095//101 2910//101
f 2910//101 3095//101 3096//101
f 2910//101 3096//101 2908//101
f 2922//101 3097//101 2991//101
f 2991//101 3097//101 3098//101
f 2991//101 3098//101 3003//101
f 3003//101 3098//101 3099//101
f 3003//101 3099//101 3095//101
f 2973//101 3100//101 2922//101
f 2922//101 3100//101 3101//101
f 2922//101 3101//101 3097//101
f 3102//101 3103//101 2981//101
f 2981//101 3103//101 3104//101
f 2981//101 3104//101 2973//101
f 2973//101 3104//101 3105//101
f 2973//101 3105//101 3100//101
f 3076//101 3106//101 2913//101
f 2913//101 3106//101 3107//101
f 2913//101 3107//101 3050//101
f 3050//101 3107//101 3108//101
f 3050//101 3108//101 3066//101
f 3072//101 3109//101 3073//101
f 3073//101 3109//101 3110//101
f 3073//101 3110//101 3074//101
f 3074//101 3110//101 3111//101
f 3074//101 3111//101 3076//101
f 3076//101 3111//101 3112//101
f 3076//101 3112//101 3106//101
f 2945//101 3113//101 3114//101
f 3114//101 3113//101 3115//101
f 3115//101 3113//101 3116//101
f 3116//101 3113//101 2934//101
f 3116//101 2934//101 3117//101
f 3118//101 3119//101 3120//101
f 3117//101 2934//101 3121//101
f 3121//101 2934//101 2928//101
f 3121//101 2928//101 3122//101
f 3122//101 2928//101 3123//101
f 3122//101 3123//101 3124//101
f 3119//101 3125//101 3120//101
f 3120//101 3125//101 3126//101
f 3120//101 3126//101 3123//101
f 3123//101 3126//101 3127//101
f 3123//101 3127//101 3124//101
f 3128//101 2922//101 2986//101
f 2986//101 2922//101 2921//101
f 2986//101 2921//101 2988//101
f 3128//101 3129//101 2922//101
f 2922//101 3129//101 3130//101
f 2922//101 3130//101 2973//101
f 2973//101 3130//101 3131//101
f 2973//101 3131//101 3132//101
f 3132//101 3133//101 2973//101
f 2973//101 3133//101 2924//101
f 2973//101 2924//101 2974//101
f 2974//101 2924//101 2978//101
f 3133//101 3134//101 2924//101
f 2924//101 3134//101 3135//101
f 2924//101 3135//101 2925//101
f 2925//101 3135//101 3136//101
f 2925//101 3136//101 3137//101
f 3137//101 3136//101 3138//101
f 3137//101 3138//101 2985//101
f 2985//101 3138//101 3139//101
f 2985//101 3139//101 2986//101
f 2986//101 3139//101 3140//101
f 2986//101 3140//101 3128//101
f 3141//100 2909//100 3142//100
f 3142//656 2909//656 3143//656
f 3142//101 3143//101 3144//101
f 3144//101 3143//101 3145//101
f 3141//101 3146//101 2909//101
f 2909//101 3146//101 3147//101
f 2909//101 3147//101 2910//101
f 2910//101 3147//101 3148//101
f 2910//101 3148//101 3149//101
f 3054//101 3150//101 3049//101
f 3049//101 3150//101 3151//101
f 3049//101 3151//101 3089//101
f 3151//101 3152//101 3089//101
f 3089//101 3152//101 3153//101
f 3089//101 3153//101 2918//101
f 2918//101 3153//101 3154//101
f 2918//101 3154//101 2919//101
f 2919//101 3154//101 3155//101
f 2919//101 3155//101 3038//101
f 3052//101 3047//101 3050//101
f 3050//101 3047//101 3049//101
f 3050//101 3049//101 2913//101
f 2913//101 3049//101 3089//101
f 2913//101 3089//101 2911//101
f 2911//101 3089//101 3091//101
f 2938//101 3079//101 2936//101
f 2936//101 3079//101 3078//101
f 2936//101 3078//101 2932//101
f 2932//101 3078//101 3156//101
f 2932//101 3156//101 3157//101
f 3158//101 3159//101 3078//101
f 3078//101 3159//101 3160//101
f 3078//101 3160//101 3156//101
f 3080//101 3077//101 3078//101
f 3078//101 3077//101 3076//101
f 3078//101 3076//101 3158//101
f 3158//101 3076//101 3161//101
f 3162//101 3086//101 3163//101
f 3163//101 3086//101 2932//101
f 3163//101 2932//101 3164//101
f 3164//101 2932//101 3157//101
f 3162//101 3165//101 3086//101
f 3086//101 3165//101 3166//101
f 3086//101 3166//101 3076//101
f 3076//101 3166//101 3167//101
f 3076//101 3167//101 3161//101
f 2903//101 3168//101 3169//101
f 3170//101 3171//101 2938//101
f 3168//101 2903//101 3172//101
f 3172//101 2903//101 3083//101
f 3172//101 3083//101 3173//101
f 3169//101 3174//101 2903//101
f 2903//101 3174//101 3175//101
f 2903//100 3175//100 2904//100
f 2904//101 3175//101 3176//101
f 3176//101 3177//101 2904//101
f 2904//101 3177//101 3178//101
f 2904//101 3178//101 2938//101
f 2938//101 3178//101 3179//101
f 2938//101 3179//101 3170//101
f 2916//101 3079//101 2914//101
f 2914//101 3079//101 2938//101
f 2914//101 2938//101 3083//101
f 3083//101 2938//101 3171//101
f 3083//101 3171//101 3173//101
f 3180//101 3120//101 3088//101
f 3088//101 3120//101 3123//101
f 3088//101 3123//101 3086//101
f 3086//101 3123//101 2928//101
f 3086//101 2928//101 2932//101
f 2932//101 2928//101 2927//101
f 2932//101 2927//101 2930//101
f 3019//101 3145//101 3020//101
f 3020//101 3145//101 3143//101
f 3020//101 3143//101 3024//101
f 3024//101 3143//101 2909//101
f 3024//101 2909//101 3027//101
f 3027//101 2909//101 2908//101
f 3027//101 2908//101 3094//101
f 2947//101 3181//101 2945//101
f 2945//101 3181//101 2948//101
f 2945//101 2948//101 3113//101
f 3113//101 2948//101 2950//101
f 3113//101 2950//101 2934//101
f 3182//101 3183//101 3184//101
f 3184//101 3183//101 2953//101
f 3184//101 2953//101 2967//101
f 3185//101 3186//101 2902//101
f 2902//101 3186//101 3187//101
f 2902//101 3187//101 3184//101
f 3184//101 3187//101 3188//101
f 3184//101 3188//101 3182//101
f 3189//101 2950//101 3190//101
f 3190//101 2950//101 2953//101
f 3190//101 2953//101 3191//101
f 3191//101 2953//101 3183//101
f 3189//101 3192//101 2950//101
f 2950//101 3192//101 3193//101
f 2950//101 3193//101 3194//101
f 2935//101 2934//101 2904//101
f 2904//101 2934//101 2950//101
f 2904//101 2950//101 2902//101
f 2902//102 2950//102 3194//102
f 2902//101 3194//101 3185//101
f 3149//102 2905//102 2910//102
f 2910//100 2905//100 2907//100
f 2910//101 2907//101 3003//101
f 3003//101 2907//101 3015//101
f 3003//101 3015//101 3001//101
f 3001//101 3015//101 3016//101
f 2967//101 2953//101 2965//101
f 2965//101 2953//101 2956//101
f 2965//101 2956//101 2963//101
f 2963//101 2956//101 2943//101
f 2963//101 2943//101 2961//101
f 2961//101 2943//101 3195//101
f 2961//101 3195//101 3196//101
f 3197//101 3198//101 2943//101
f 2943//101 3198//101 3199//101
f 2943//101 3199//101 3195//101
f 3200//101 3201//101 3202//101
f 3202//101 3201//101 3203//101
f 3114//101 3118//101 2945//101
f 2945//101 3118//101 3120//101
f 2945//101 3120//101 2943//101
f 2943//101 3120//101 3202//101
f 2943//101 3202//101 3197//101
f 3197//101 3202//101 3203//101
f 3196//101 3204//101 2961//101
f 2961//101 3204//101 3205//101
f 2961//101 3205//101 2981//101
f 2981//101 3205//101 3206//101
f 2981//101 3206//101 3207//101
f 3180//101 3208//101 3120//101
f 3120//101 3208//101 3102//101
f 3120//101 3102//101 3202//101
f 3202//101 3102//101 2981//101
f 3202//101 2981//101 3200//101
f 3200//101 2981//101 3207//101
f 2817//1140 2816//1140 3209//1140
f 3209//1140 2816//1140 3210//1140
f 3209//1141 3210//1141 3211//1141
f 3211//1141 3210//1141 3212//1141
f 3211//1142 3212//1142 2819//1142
f 2819//1142 3212//1142 2820//1142
f 2896//1143 2895//1143 3213//1143
f 3213//1143 2895//1143 3214//1143
f 3213//1144 3214//1144 3215//1144
f 3215//1144 3214//1144 3216//1144
f 3215//1145 3216//1145 2766//1145
f 2766//1145 3216//1145 2767//1145
f 3189//72 3217//72 3192//72
f 3192//72 3217//72 3218//72
f 3192//71 3218//71 3193//71
f 3193//71 3218//71 3219//71
f 3193//70 3219//70 3194//70
f 3194//70 3219//70 3220//70
f 3194//27 3220//27 3185//27
f 3185//27 3220//27 3221//27
f 3185//28 3221//28 3186//28
f 3186//28 3221//28 3222//28
f 3186//29 3222//29 3187//29
f 3187//29 3222//29 3223//29
f 3187//64 3223//64 3188//64
f 3188//64 3223//64 3224//64
f 3188//65 3224//65 3182//65
f 3182//65 3224//65 3225//65
f 3182//66 3225//66 3183//66
f 3183//66 3225//66 3226//66
f 3183//69 3226//69 3191//69
f 3191//69 3226//69 3227//69
f 3191//68 3227//68 3190//68
f 3190//68 3227//68 3228//68
f 3190//67 3228//67 3189//67
f 3189//67 3228//67 3217//67
f 3223//73 3229//73 3224//73
f 3224//73 3229//73 3230//73
f 3224//73 3230//73 3225//73
f 3225//73 3230//73 3231//73
f 3225//73 3231//73 3226//73
f 3226//73 3231//73 3232//73
f 3226//73 3232//73 3227//73
f 3227//73 3232//73 3233//73
f 3227//73 3233//73 3228//73
f 3228//73 3233//73 3234//73
f 3228//73 3234//73 3217//73
f 3217//73 3234//73 3235//73
f 3217//73 3235//73 3218//73
f 3218//73 3235//73 3236//73
f 3218//73 3236//73 3219//73
f 3219//73 3236//73 3237//73
f 3219//73 3237//73 3220//73
f 3220//73 3237//73 3238//73
f 3220//73 3238//73 3221//73
f 3221//73 3238//73 3239//73
f 3221//73 3239//73 3222//73
f 3222//73 3239//73 3240//73
f 3222//73 3240//73 3223//73
f 3223//73 3240//73 3229//73
f 3235//72 2556//72 3236//72
f 3236//72 2556//72 2561//72
f 3236//71 2561//71 3237//71
f 3237//71 2561//71 2563//71
f 3237//70 2563//70 3238//70
f 3238//70 2563//70 2555//70
f 3238//27 2555//27 3239//27
f 3239//27 2555//27 2554//27
f 3239//28 2554//28 3240//28
f 3240//28 2554//28 2552//28
f 3240//29 2552//29 3229//29
f 3229//29 2552//29 2551//29
f 3229//64 2551//64 3230//64
f 3230//64 2551//64 2550//64
f 3230//65 2550//65 3231//65
f 3231//65 2550//65 2549//65
f 3231//66 2549//66 3232//66
f 3232//66 2549//66 2541//66
f 3232//69 2541//69 3233//69
f 3233//69 2541//69 2540//69
f 3233//68 2540//68 3234//68
f 3234//68 2540//68 2557//68
f 3234//67 2557//67 3235//67
f 3235//67 2557//67 2556//67
f 3178//72 3241//72 3179//72
f 3179//72 3241//72 3242//72
f 3179//71 3242//71 3170//71
f 3170//71 3242//71 3243//71
f 3170//70 3243//70 3171//70
f 3171//70 3243//70 3244//70
f 3171//27 3244//27 3173//27
f 3173//27 3244//27 3245//27
f 3173//28 3245//28 3172//28
f 3172//28 3245//28 3246//28
f 3172//29 3246//29 3168//29
f 3168//29 3246//29 3247//29
f 3168//64 3247//64 3169//64
f 3169//64 3247//64 3248//64
f 3169//65 3248//65 3174//65
f 3174//65 3248//65 3249//65
f 3174//66 3249//66 3175//66
f 3175//66 3249//66 3250//66
f 3175//69 3250//69 3176//69
f 3176//69 3250//69 3251//69
f 3176//68 3251//68 3177//68
f 3177//68 3251//68 3252//68
f 3177//67 3252//67 3178//67
f 3178//67 3252//67 3241//67
f 3247//73 3253//73 3248//73
f 3248//73 3253//73 3254//73
f 3248//73 3254//73 3249//73
f 3249//73 3254//73 3255//73
f 3249//73 3255//73 3250//73
f 3250//73 3255//73 3256//73
f 3250//73 3256//73 3251//73
f 3251//73 3256//73 3257//73
f 3251//73 3257//73 3252//73
f 3252//73 3257//73 3258//73
f 3252//73 3258//73 3241//73
f 3241//73 3258//73 3259//73
f 3241//73 3259//73 3242//73
f 3242//73 3259//73 3260//73
f 3242//73 3260//73 3243//73
f 3243//73 3260//73 3261//73
f 3243//73 3261//73 3244//73
f 3244//73 3261//73 3262//73
f 3244//73 3262//73 3245//73
f 3245//73 3262//73 3263//73
f 3245//73 3263//73 3246//73
f 3246//73 3263//73 3264//73
f 3246//73 3264//73 3247//73
f 3247//73 3264//73 3253//73
f 3259//72 2567//72 3260//72
f 3260//72 2567//72 2585//72
f 3260//71 2585//71 3261//71
f 3261//71 2585//71 2584//71
f 3261//70 2584//70 3262//70
f 3262//70 2584//70 2583//70
f 3262//27 2583//27 3263//27
f 3263//27 2583//27 2582//27
f 3263//28 2582//28 3264//28
f 3264//28 2582//28 2575//28
f 3264//29 2575//29 3253//29
f 3253//29 2575//29 2571//29
f 3253//64 2571//64 3254//64
f 3254//64 2571//64 2570//64
f 3254//65 2570//65 3255//65
f 3255//65 2570//65 2581//65
f 3255//66 2581//66 3256//66
f 3256//66 2581//66 2580//66
f 3256//69 2580//69 3257//69
f 3257//69 2580//69 2579//69
f 3257//68 2579//68 3258//68
f 3258//68 2579//68 2568//68
f 3258//67 2568//67 3259//67
f 3259//67 2568//67 2567//67
f 2927//72 3265//72 2930//72
f 2930//72 3265//72 3266//72
f 2930//71 3266//71 2931//71
f 2931//71 3266//71 3267//71
f 2931//70 3267//70 2937//70
f 2937//70 3267//70 3268//70
f 2937//27 3268//27 2940//27
f 2940//27 3268//27 3269//27
f 2940//28 3269//28 2941//28
f 2941//28 3269//28 3270//28
f 2941//29 3270//29 2942//29
f 2942//29 3270//29 3271//29
f 2942//64 3271//64 2939//64
f 2939//64 3271//64 3272//64
f 2939//65 3272//65 2935//65
f 2935//65 3272//65 3273//65
f 2935//66 3273//66 2933//66
f 2933//66 3273//66 3274//66
f 2933//69 3274//69 2929//69
f 2929//69 3274//69 3275//69
f 2929//68 3275//68 2926//68
f 2926//68 3275//68 3276//68
f 2926//67 3276//67 2927//67
f 2927//67 3276//67 3265//67
f 3266//73 3277//73 3267//73
f 3267//73 3277//73 3278//73
f 3267//73 3278//73 3268//73
f 3268//73 3278//73 3279//73
f 3268//73 3279//73 3269//73
f 3269//73 3279//73 3280//73
f 3269//73 3280//73 3270//73
f 3270//73 3280//73 3281//73
f 3270//73 3281//73 3271//73
f 3271//73 3281//73 3282//73
f 3271//73 3282//73 3272//73
f 3272//73 3282//73 3283//73
f 3272//73 3283//73 3273//73
f 3273//73 3283//73 3284//73
f 3273//73 3284//73 3274//73
f 3274//73 3284//73 3285//73
f 3274//73 3285//73 3275//73
f 3275//73 3285//73 3286//73
f 3275//73 3286//73 3276//73
f 3276//73 3286//73 3287//73
f 3276//73 3287//73 3265//73
f 3265//73 3287//73 3288//73
f 3265//73 3288//73 3266//73
f 3266//73 3288//73 3277//73
f 3288//72 2576//72 3277//72
f 3277//72 2576//72 2577//72
f 3277//71 2577//71 3278//71
f 3278//71 2577//71 2589//71
f 3278//70 2589//70 3279//70
f 3279//70 2589//70 2588//70
f 3279//27 2588//27 3280//27
f 3280//27 2588//27 2587//27
f 3280//28 2587//28 3281//28
f 3281//28 2587//28 2586//28
f 3281//29 2586//29 3282//29
f 3282//29 2586//29 2569//29
f 3282//64 2569//64 3283//64
f 3283//64 2569//64 2578//64
f 3283//65 2578//65 3284//65
f 3284//65 2578//65 2565//65
f 3284//66 2565//66 3285//66
f 3285//66 2565//66 2564//66
f 3285//69 2564//69 3286//69
f 3286//69 2564//69 2574//69
f 3286//68 2574//68 3287//68
f 3287//68 2574//68 2573//68
f 3287//67 2573//67 3288//67
f 3288//67 2573//67 2576//67
f 2946//72 3289//72 2947//72
f 2947//72 3289//72 3290//72
f 2947//71 3290//71 3181//71
f 3181//71 3290//71 3291//71
f 3181//70 3291//70 2948//70
f 2948//70 3291//70 3292//70
f 2948//27 3292//27 2949//27
f 2949//27 3292//27 3293//27
f 2949//28 3293//28 2951//28
f 2951//28 3293//28 3294//28
f 2951//29 3294//29 2952//29
f 2952//29 3294//29 3295//29
f 2952//64 3295//64 2954//64
f 2954//64 3295//64 3296//64
f 2954//65 3296//65 2955//65
f 2955//65 3296//65 3297//65
f 2955//66 3297//66 2957//66
f 2957//66 3297//66 3298//66
f 2957//69 3298//69 2958//69
f 2958//69 3298//69 3299//69
f 2958//68 3299//68 2944//68
f 2944//68 3299//68 3300//68
f 2944//67 3300//67 2946//67
f 2946//67 3300//67 3289//67
f 3290//73 3301//73 3291//73
f 3291//73 3301//73 3302//73
f 3291//73 3302//73 3292//73
f 3292//73 3302//73 3303//73
f 3292//73 3303//73 3293//73
f 3293//73 3303//73 3304//73
f 3293//73 3304//73 3294//73
f 3294//73 3304//73 3305//73
f 3294//73 3305//73 3295//73
f 3295//73 3305//73 3306//73
f 3295//73 3306//73 3296//73
f 3296//73 3306//73 3307//73
f 3296//73 3307//73 3297//73
f 3297//73 3307//73 3308//73
f 3297//73 3308//73 3298//73
f 3298//73 3308//73 3309//73
f 3298//73 3309//73 3299//73
f 3299//73 3309//73 3310//73
f 3299//73 3310//73 3300//73
f 3300//73 3310//73 3311//73
f 3300//73 3311//73 3289//73
f 3289//73 3311//73 3312//73
f 3289//73 3312//73 3290//73
f 3290//73 3312//73 3301//73
f 3312//72 2539//72 3301//72
f 3301//72 2539//72 2548//72
f 3301//71 2548//71 3302//71
f 3302//71 2548//71 2547//71
f 3302//70 2547//70 3303//70
f 3303//70 2547//70 2546//70
f 3303//27 2546//27 3304//27
f 3304//27 2546//27 2646//27
f 3304//28 2646//28 3305//28
f 3305//28 2646//28 2562//28
f 3305//29 2562//29 3306//29
f 3306//29 2562//29 2558//29
f 3306//64 2558//64 3307//64
f 3307//64 2558//64 2559//64
f 3307//65 2559//65 3308//65
f 3308//65 2559//65 2560//65
f 3308//66 2560//66 3309//66
f 3309//66 2560//66 2545//66
f 3309//69 2545//69 3310//69
f 3310//69 2545//69 2544//69
f 3310//68 2544//68 3311//68
f 3311//68 2544//68 2543//68
f 3311//67 2543//67 3312//67
f 3312//67 2543//67 2539//67
f 3313//1146 3314//1146 3315//1146
f 3313//1147 3315//1147 3316//1147
f 3316//1148 3315//1148 3317//1148
f 3316//1149 3317//1149 3318//1149
f 3318//1150 3317//1150 3319//1150
f 3318//1151 3319//1151 3320//1151
f 3320//1152 3319//1152 3321//1152
f 3320//1153 3321//1153 3322//1153
f 3322//1154 3321//1154 3323//1154
f 3322//1155 3323//1155 3324//1155
f 3324//866 3323//866 3325//866
f 3324//1156 3325//1156 3326//1156
f 3326//1157 3325//1157 3327//1157
f 3326//1158 3327//1158 3328//1158
f 3328//1159 3327//1159 3329//1159
f 3328//1160 3329//1160 3330//1160
f 3330//1161 3329//1161 3331//1161
f 3330//1162 3331//1162 3332//1162
f 3332//1163 3331//1163 3333//1163
f 3332//1164 3333//1164 3334//1164
f 3334//1165 3333//1165 3335//1165
f 3334//1166 3335//1166 3336//1166
f 3336//1167 3335//1167 3337//1167
f 3336//1168 3337//1168 3338//1168
f 3338//1169 3337//1169 3339//1169
f 3338//1170 3339//1170 3340//1170
f 3340//1171 3339//1171 3341//1171
f 3340//1172 3341//1172 3342//1172
f 3342//1173 3341//1173 3343//1173
f 3342//1174 3343//1174 3344//1174
f 3344//1175 3343//1175 3345//1175
f 3344//1176 3345//1176 3346//1176
f 3346//1177 3345//1177 3347//1177
f 3346//1178 3347//1178 3348//1178
f 3348//1179 3347//1179 3349//1179
f 3348//839 3349//839 3350//839
f 3350//1180 3349//1180 3351//1180
f 3350//1181 3351//1181 3352//1181
f 3352//1182 3351//1182 3353//1182
f 3352//1183 3353//1183 3354//1183
f 3354//1184 3353//1184 3355//1184
f 3354//1185 3355//1185 3356//1185
f 3356//1186 3355//1186 3357//1186
f 3356//1187 3357//1187 3358//1187
f 3358//1188 3357//1188 3359//1188
f 3358//1189 3359//1189 3360//1189
f 3313//1190 3361//1190 3314//1190
f 3314//1191 3361//1191 3362//1191
f 3314//1192 3362//1192 3363//1192
f 3363//1193 3362//1193 3364//1193
f 3363//1194 3364//1194 3365//1194
f 3365//1195 3364//1195 3366//1195
f 3365//1196 3366//1196 3367//1196
f 3367//1197 3366//1197 3368//1197
f 3367//1198 3368//1198 3369//1198
f 3369//1199 3368//1199 3370//1199
f 3369//1200 3370//1200 3371//1200
f 3371//1201 3370//1201 3372//1201
f 3371//814 3372//814 3373//814
f 3373//1202 3372//1202 3374//1202
f 3373//1203 3374//1203 3375//1203
f 3375//1204 3374//1204 3376//1204
f 3375//1205 3376//1205 3377//1205
f 3377//1206 3376//1206 3378//1206
f 3377//1207 3378//1207 3379//1207
f 3379//1208 3378//1208 3380//1208
f 3379//1209 3380//1209 3381//1209
f 3381//1210 3380//1210 3382//1210
f 3381//1211 3382//1211 3383//1211
f 3383//1212 3382//1212 3384//1212
f 3383//1213 3384//1213 3385//1213
f 3385//1214 3384//1214 3386//1214
f 3385//1215 3386//1215 3387//1215
f 3387//1216 3386//1216 3388//1216
f 3387//1217 3388//1217 3389//1217
f 3389//1218 3388//1218 3390//1218
f 3389//1219 3390//1219 3391//1219
f 3391//1220 3390//1220 3392//1220
f 3391//1221 3392//1221 3393//1221
f 3393//1222 3392//1222 3394//1222
f 3393//1223 3394//1223 3395//1223
f 3395//1224 3394//1224 3396//1224
f 3395//1225 3396//1225 3397//1225
f 3397//787 3396//787 3398//787
f 3397//1226 3398//1226 3399//1226
f 3399//1227 3398//1227 3400//1227
f 3399//1228 3400//1228 3401//1228
f 3401//1229 3400//1229 3402//1229
f 3401//1230 3402//1230 3403//1230
f 3403//1231 3402//1231 3404//1231
f 3403//1232 3404//1232 3405//1232
f 3405//1233 3404//1233 3406//1233
f 3405//1234 3406//1234 3407//1234
f 3407//1235 3406//1235 3360//1235
f 3407//1236 3360//1236 3408//1236
f 3408//1237 3360//1237 3359//1237
f 3409//2 3410//2 3411//2
f 3412//2 3413//2 3414//2
f 3415//2 3416//2 3417//2
f 3417//2 3416//2 3418//2
f 3417//2 3418//2 3411//2
f 3411//2 3418//2 3419//2
f 3411//2 3419//2 3409//2
f 3420//2 3421//2 3411//2
f 3411//2 3421//2 3422//2
f 3411//2 3422//2 3423//2
f 3413//2 3424//2 3414//2
f 3414//2 3424//2 3425//2
f 3414//2 3425//2 3426//2
f 3415//2 3417//2 3427//2
f 3427//2 3417//2 3428//2
f 3427//2 3428//2 3429//2
f 3430//2 3431//2 3432//2
f 3410//2 3433//2 3411//2
f 3411//2 3433//2 3434//2
f 3411//2 3434//2 3420//2
f 3420//2 3434//2 3435//2
f 3420//2 3435//2 3436//2
f 3435//2 3437//2 3436//2
f 3436//2 3437//2 3438//2
f 3436//2 3438//2 3439//2
f 3440//2 3441//2 3414//2
f 3414//2 3441//2 3442//2
f 3414//2 3442//2 3443//2
f 3430//2 3432//2 3443//2
f 3443//2 3432//2 3444//2
f 3443//2 3444//2 3414//2
f 3414//2 3444//2 3445//2
f 3414//2 3445//2 3412//2
f 3425//2 3446//2 3426//2
f 3426//2 3446//2 3447//2
f 3426//2 3447//2 3448//2
f 3448//2 3447//2 3449//2
f 3448//2 3449//2 3450//2
f 3450//2 3449//2 3451//2
f 3438//2 3427//2 3439//2
f 3439//2 3427//2 3429//2
f 3439//2 3429//2 3452//2
f 3452//2 3429//2 3453//2
f 3452//2 3453//2 3454//2
f 3454//2 3453//2 3455//2
f 3431//2 3430//2 3451//2
f 3451//2 3430//2 3456//2
f 3451//2 3456//2 3450//2
f 3450//2 3456//2 3457//2
f 3450//2 3457//2 3458//2
f 3458//2 3457//2 3459//2
f 3458//2 3459//2 3460//2
f 3460//2 3459//2 3461//2
f 3460//2 3461//2 3455//2
f 3455//2 3461//2 3462//2
f 3455//2 3462//2 3454//2
f 3463//73 3464//73 3465//73
f 3466//73 3467//73 3468//73
f 3468//73 3467//73 3469//73
f 3468//73 3469//73 3470//73
f 3466//73 3471//73 3467//73
f 3467//73 3471//73 3472//73
f 3467//73 3472//73 3473//73
f 3473//73 3472//73 3474//73
f 3474//73 3475//73 3473//73
f 3473//73 3475//73 3476//73
f 3473//73 3476//73 3465//73
f 3465//73 3476//73 3477//73
f 3465//73 3477//73 3463//73
f 3464//73 3478//73 3465//73
f 3465//73 3478//73 3479//73
f 3465//73 3479//73 3469//73
f 3469//73 3479//73 3480//73
f 3480//73 3481//73 3469//73
f 3469//73 3481//73 3482//73
f 3469//73 3482//73 3470//73
f 3470//73 3482//73 3483//73
f 3470//73 3483//73 3484//73
f 3484//73 3483//73 3485//73
f 3484//73 3485//73 3486//73
f 3486//73 3485//73 3487//73
f 3486//73 3487//73 3488//73
f 3488//73 3487//73 3489//73
f 3488//73 3489//73 3477//73
f 3477//73 3489//73 3490//73
f 3477//73 3490//73 3463//73
f 3465//1238 3469//1238 3491//1238
f 3465//1238 3491//1238 3492//1238
f 3492//1239 3491//1239 3493//1239
f 3492//1239 3493//1239 3494//1239
f 3494//1240 3493//1240 3495//1240
f 3494//1240 3495//1240 3496//1240
f 3496//1241 3495//1241 2890//1241
f 3496//1241 2890//1241 2889//1241
f 2829//1242 2828//1242 3497//1242
f 2829//1242 3497//1242 3498//1242
f 3498//1243 3497//1243 3499//1243
f 3498//1243 3499//1243 3500//1243
f 3500//1244 3499//1244 3501//1244
f 3500//1244 3501//1244 3502//1244
f 3502//1245 3501//1245 3467//1245
f 3502//1245 3467//1245 3473//1245
f 2393//1246 2353//1246 3503//1246
f 2353//1247 2356//1247 2427//1247
f 2427//1248 2356//1248 2358//1248
f 2427//1249 2358//1249 2424//1249
f 2353//1250 2427//1250 3503//1250
f 3503//1251 2427//1251 2430//1251
f 3503//1252 2430//1252 2431//1252
f 2431//1253 2394//1253 3504//1253
f 3504//1254 2394//1254 2396//1254
f 3504//1255 2396//1255 3505//1255
f 3505//1256 2396//1256 2398//1256
f 3505//1257 2398//1257 2400//1257
f 2400//1258 2403//1258 3505//1258
f 3505//1259 2403//1259 2967//1259
f 3505//1260 2967//1260 2966//1260
f 2403//1261 2405//1261 2967//1261
f 2967//1262 2405//1262 2406//1262
f 2967//1263 2406//1263 2408//1263
f 2408//1264 2409//1264 2967//1264
f 2967//1265 2409//1265 2411//1265
f 2967//1266 2411//1266 3184//1266
f 3184//1267 2411//1267 2412//1267
f 3184//1268 2412//1268 2414//1268
f 2414//1269 2417//1269 3184//1269
f 3184//1270 2417//1270 2419//1270
f 3184//1271 2419//1271 2902//1271
f 3083//1272 2903//1272 2423//1272
f 2423//1273 2903//1273 2902//1273
f 2423//1274 2902//1274 2421//1274
f 2421//1275 2902//1275 2419//1275
f 2377//1276 3082//1276 2375//1276
f 2375//1266 3082//1266 3083//1266
f 2377//1277 2379//1277 3082//1277
f 3082//1278 2379//1278 2381//1278
f 3082//1279 2381//1279 2383//1279
f 3506//1260 3081//1260 3082//1260
f 2383//1280 2384//1280 3082//1280
f 3082//1281 2384//1281 2386//1281
f 3082//1282 2386//1282 3506//1282
f 3506//1283 2386//1283 2389//1283
f 3506//1284 2389//1284 3503//1284
f 3503//1285 2389//1285 2392//1285
f 3503//1286 2392//1286 2393//1286
f 2367//1287 2369//1287 2423//1287
f 2423//1288 2369//1288 2371//1288
f 2423//1289 2371//1289 3083//1289
f 3083//1290 2371//1290 2373//1290
f 3083//1291 2373//1291 2375//1291
f 2358//1249 2360//1249 2424//1249
f 2424//1292 2360//1292 2363//1292
f 2424//1292 2363//1292 2423//1292
f 2423//1293 2363//1293 2365//1293
f 2423//1294 2365//1294 2367//1294
f 2431//1295 3504//1295 3503//1295
f 3503//1296 3504//1296 3507//1296
f 3503//1296 3507//1296 3508//1296
f 3508//1297 3507//1297 2856//1297
f 3508//1297 2856//1297 2837//1297
f 3509//1298 2754//1298 2753//1298
f 2753//1298 2752//1298 3509//1298
f 3509//1298 2752//1298 2542//1298
f 3509//1298 2542//1298 2551//1298
f 2553//1298 2566//1298 3510//1298
f 3510//1298 2566//1298 2571//1298
f 3510//1298 2571//1298 2438//1298
f 2438//1298 2760//1298 3510//1298
f 3510//1298 2760//1298 2761//1298
f 3510//1298 2761//1298 2762//1298
f 3411//1299 3423//1299 3511//1299
f 3511//1300 3423//1300 3512//1300
f 3440//1301 3414//1301 3513//1301
f 3513//1302 3414//1302 3514//1302
f 3513//1303 3514//1303 3515//1303
f 3515//1304 3514//1304 3516//1304
f 3512//1305 3516//1305 3511//1305
f 3511//1304 3516//1304 3514//1304
f 3511//1306 3514//1306 3517//1306
f 3517//1307 3514//1307 3518//1307
f 3517//1308 3518//1308 3519//1308
f 3519//1308 3518//1308 3520//1308
f 3519//1309 3520//1309 3521//1309
f 3521//1309 3520//1309 3522//1309
f 3521//1310 3522//1310 3510//1310
f 3510//1310 3522//1310 3509//1310
f 3510//1298 3509//1298 2553//1298
f 2553//1298 3509//1298 2551//1298
f 3523//1311 3524//1311 3489//1311
f 3463//64 3490//64 3525//64
f 3489//65 3524//65 3490//65
f 3490//1312 3524//1312 3526//1312
f 3490//1313 3526//1313 3525//1313
f 3523//1314 3489//1314 3527//1314
f 3527//66 3489//66 3487//66
f 3527//1315 3487//1315 3528//1315
f 3528//1316 3487//1316 3485//1316
f 3528//1317 3485//1317 3529//1317
f 3529//1318 3485//1318 3530//1318
f 3530//1319 3485//1319 3483//1319
f 3530//1320 3483//1320 3531//1320
f 3531//1321 3483//1321 3532//1321
f 3532//1322 3483//1322 3482//1322
f 3532//1323 3482//1323 3533//1323
f 3533//72 3482//72 3481//72
f 3533//72 3481//72 3534//72
f 3534//71 3481//71 3480//71
f 3534//71 3480//71 3535//71
f 3535//1324 3480//1324 3536//1324
f 3536//1325 3480//1325 3479//1325
f 3536//1080 3479//1080 3537//1080
f 3537//1081 3479//1081 3538//1081
f 3538//1326 3479//1326 3478//1326
f 3538//1327 3478//1327 3539//1327
f 3539//28 3478//28 3464//28
f 3539//28 3464//28 3540//28
f 3525//1328 3541//1328 3463//1328
f 3463//1329 3541//1329 3542//1329
f 3463//29 3542//29 3464//29
f 3464//1330 3542//1330 3543//1330
f 3464//1331 3543//1331 3540//1331
f 3477//1332 3476//1332 3544//1332
f 3544//1333 3476//1333 3545//1333
f 3545//64 3476//64 3475//64
f 3545//64 3475//64 3546//64
f 3546//65 3475//65 3474//65
f 3546//65 3474//65 3547//65
f 3547//1334 3474//1334 3548//1334
f 3548//1335 3474//1335 3472//1335
f 3548//1336 3472//1336 3549//1336
f 3549//1337 3472//1337 3550//1337
f 3550//1338 3472//1338 3471//1338
f 3550//1339 3471//1339 3551//1339
f 3551//68 3471//68 3466//68
f 3551//68 3466//68 3552//68
f 3552//67 3466//67 3468//67
f 3552//67 3468//67 3553//67
f 3470//71 3484//71 3554//71
f 3554//1340 3555//1340 3470//1340
f 3470//1098 3555//1098 3556//1098
f 3470//72 3556//72 3468//72
f 3468//1341 3556//1341 3557//1341
f 3468//1342 3557//1342 3553//1342
f 3488//1343 3558//1343 3486//1343
f 3486//1344 3558//1344 3559//1344
f 3486//70 3559//70 3484//70
f 3484//1345 3559//1345 3560//1345
f 3484//1100 3560//1100 3554//1100
f 3544//1346 3561//1346 3477//1346
f 3477//1106 3561//1106 3562//1106
f 3477//1347 3562//1347 3488//1347
f 3488//1348 3562//1348 3563//1348
f 3488//1104 3563//1104 3558//1104
f 2758//1349 2607//1349 3404//1349
f 3404//1350 3402//1350 2758//1350
f 2758//1351 3402//1351 3400//1351
f 2758//1352 3400//1352 2602//1352
f 3400//1353 3398//1353 2602//1353
f 2602//1354 3398//1354 3396//1354
f 2602//1355 3396//1355 2604//1355
f 3396//1356 3394//1356 2604//1356
f 2604//1357 3394//1357 3392//1357
f 2604//1358 3392//1358 2606//1358
f 3392//1359 3390//1359 2606//1359
f 2606//1360 3390//1360 3388//1360
f 2606//1361 3388//1361 2597//1361
f 3388//1362 3386//1362 2597//1362
f 2597//1363 3386//1363 3384//1363
f 2597//1364 3384//1364 2599//1364
f 3384//1365 3382//1365 2599//1365
f 2599//1366 3382//1366 3380//1366
f 2599//1367 3380//1367 2595//1367
f 3380//1368 3378//1368 2595//1368
f 2595//1369 3378//1369 3376//1369
f 2595//1370 3376//1370 2593//1370
f 3376//1371 3374//1371 2593//1371
f 2593//1372 3374//1372 3372//1372
f 2593//1373 3372//1373 2460//1373
f 3372//1374 3370//1374 2460//1374
f 2460//1375 3370//1375 3368//1375
f 2460//1376 3368//1376 2458//1376
f 3368//1377 3366//1377 2458//1377
f 2458//1378 3366//1378 3364//1378
f 2458//1379 3364//1379 2755//1379
f 2755//1380 3364//1380 3362//1380
f 2755//1381 3362//1381 2621//1381
f 2621//1381 3362//1381 3361//1381
f 2621//1382 3361//1382 2623//1382
f 3361//1382 3313//1382 2623//1382
f 2623//1383 3313//1383 3316//1383
f 2623//1384 3316//1384 2625//1384
f 2625//1385 3316//1385 3318//1385
f 2625//1386 3318//1386 2617//1386
f 3318//1387 3320//1387 2617//1387
f 2617//1388 3320//1388 3322//1388
f 2617//1389 3322//1389 2619//1389
f 3322//1390 3324//1390 2619//1390
f 2619//1391 3324//1391 3326//1391
f 2619//1392 3326//1392 2452//1392
f 3326//1393 3328//1393 2452//1393
f 2452//1394 3328//1394 3330//1394
f 2452//1395 3330//1395 2450//1395
f 3330//1396 3332//1396 2450//1396
f 2450//1397 3332//1397 3334//1397
f 2450//1398 3334//1398 2613//1398
f 3334//1399 3336//1399 2613//1399
f 2613//1400 3336//1400 3338//1400
f 2613//1401 3338//1401 2455//1401
f 3338//1402 3340//1402 2455//1402
f 2455//1403 3340//1403 3342//1403
f 2455//1404 3342//1404 2453//1404
f 3342//1405 3344//1405 2453//1405
f 2453//1406 3344//1406 3346//1406
f 2453//1407 3346//1407 2456//1407
f 3346//1408 3348//1408 2456//1408
f 2456//1409 3348//1409 3350//1409
f 2456//1410 3350//1410 2759//1410
f 3350//1411 3352//1411 2759//1411
f 2759//1412 3352//1412 3354//1412
f 2759//1413 3354//1413 2611//1413
f 3354//1414 3356//1414 2611//1414
f 2611//1415 3356//1415 3358//1415
f 2611//1416 3358//1416 2609//1416
f 2609//1416 3358//1416 3564//1416
f 2609//1417 3564//1417 2607//1417
f 2607//1417 3564//1417 3406//1417
f 2607//1418 3406//1418 3404//1418
f 3102//1419 3208//1419 3365//1419
f 3365//1420 3367//1420 3102//1420
f 3102//1421 3367//1421 3369//1421
f 3102//1422 3369//1422 3103//1422
f 3369//1423 3371//1423 3103//1423
f 3103//1424 3371//1424 3373//1424
f 3103//1425 3373//1425 3104//1425
f 3373//1426 3375//1426 3104//1426
f 3104//1427 3375//1427 3377//1427
f 3104//1428 3377//1428 3105//1428
f 3377//1429 3379//1429 3105//1429
f 3105//1430 3379//1430 3381//1430
f 3105//1431 3381//1431 3100//1431
f 3381//1432 3383//1432 3100//1432
f 3100//1433 3383//1433 3385//1433
f 3100//1434 3385//1434 3101//1434
f 3385//1435 3387//1435 3101//1435
f 3101//1436 3387//1436 3389//1436
f 3101//1437 3389//1437 3097//1437
f 3389//1438 3391//1438 3097//1438
f 3097//1439 3391//1439 3393//1439
f 3097//1440 3393//1440 3098//1440
f 3393//1441 3395//1441 3098//1441
f 3098//1442 3395//1442 3397//1442
f 3098//1443 3397//1443 3099//1443
f 3397//1444 3399//1444 3099//1444
f 3099//1445 3399//1445 3401//1445
f 3099//1446 3401//1446 3095//1446
f 3408//1447 2908//1447 3096//1447
f 3401//1448 3403//1448 3095//1448
f 3095//1449 3403//1449 3405//1449
f 3095//1450 3405//1450 3096//1450
f 3096//1451 3405//1451 3407//1451
f 3096//1452 3407//1452 3408//1452
f 3408//1453 3359//1453 2908//1453
f 2908//1454 3359//1454 3357//1454
f 2908//1455 3357//1455 3094//1455
f 3094//1456 3357//1456 3355//1456
f 3094//1457 3355//1457 3093//1457
f 3355//1458 3353//1458 3093//1458
f 3093//1459 3353//1459 3351//1459
f 3093//1460 3351//1460 3092//1460
f 3351//1461 3349//1461 3092//1461
f 3092//1462 3349//1462 3347//1462
f 3092//1463 3347//1463 3090//1463
f 3347//1464 3345//1464 3090//1464
f 3090//1465 3345//1465 3343//1465
f 3090//1466 3343//1466 3091//1466
f 3343//1467 3341//1467 3091//1467
f 3091//1468 3341//1468 3339//1468
f 3091//1469 3339//1469 2911//1469
f 3339//1470 3337//1470 2911//1470
f 2911//1471 3337//1471 3335//1471
f 2911//1472 3335//1472 2912//1472
f 3335//1473 3333//1473 2912//1473
f 2912//1474 3333//1474 3331//1474
f 2912//1475 3331//1475 3084//1475
f 3331//1476 3329//1476 3084//1476
f 3084//1477 3329//1477 3327//1477
f 3084//1478 3327//1478 3085//1478
f 3327//1479 3325//1479 3085//1479
f 3085//1480 3325//1480 3323//1480
f 3085//1481 3323//1481 3087//1481
f 3323//1482 3321//1482 3087//1482
f 3087//1483 3321//1483 3319//1483
f 3087//1484 3319//1484 3088//1484
f 3319//1485 3317//1485 3088//1485
f 3088//1486 3317//1486 3315//1486
f 3088//1487 3315//1487 3180//1487
f 3180//1487 3315//1487 3314//1487
f 3180//1488 3314//1488 3208//1488
f 3208//1488 3314//1488 3363//1488
f 3208//1489 3363//1489 3365//1489
f 2771//1490 3071//1490 2769//1490
f 2769//1491 3071//1491 3073//1491
f 2769//1492 3073//1492 2766//1492
f 2777//1493 3059//1493 2775//1493
f 2775//1494 3059//1494 3061//1494
f 2775//1494 3061//1494 2773//1494
f 2773//1495 3061//1495 3063//1495
f 2773//1496 3063//1496 2771//1496
f 2771//1497 3063//1497 3069//1497
f 2771//1490 3069//1490 3071//1490
f 3043//1498 3045//1498 2777//1498
f 2777//1499 3045//1499 3057//1499
f 2777//1500 3057//1500 3059//1500
f 2777//1501 2779//1501 3043//1501
f 3043//1502 2779//1502 2781//1502
f 3043//1502 2781//1502 3039//1502
f 3039//1503 2781//1503 2783//1503
f 3039//1503 2783//1503 3040//1503
f 3040//1504 2783//1504 2785//1504
f 3040//1504 2785//1504 2917//1504
f 2917//1505 2785//1505 2787//1505
f 2917//1506 2787//1506 3022//1506
f 3022//1507 2787//1507 2789//1507
f 3022//1507 2789//1507 3023//1507
f 3023//1508 2789//1508 2791//1508
f 3023//1508 2791//1508 3020//1508
f 3020//1509 2791//1509 2793//1509
f 3020//1509 2793//1509 3018//1509
f 3018//1510 2793//1510 2795//1510
f 3018//1510 2795//1510 3017//1510
f 3017//1511 2795//1511 2797//1511
f 3017//1511 2797//1511 3011//1511
f 3011//1512 2797//1512 2799//1512
f 3011//1512 2799//1512 3004//1512
f 3004//1513 2799//1513 2801//1513
f 3004//1513 2801//1513 2997//1513
f 2997//1514 2801//1514 2803//1514
f 2997//1514 2803//1514 2994//1514
f 2994//1515 2803//1515 2805//1515
f 2994//1515 2805//1515 2987//1515
f 2987//1516 2805//1516 2807//1516
f 2987//1516 2807//1516 2985//1516
f 2985//1517 2807//1517 2809//1517
f 2985//1518 2809//1518 3137//1518
f 3137//1519 2809//1519 2811//1519
f 3137//1519 2811//1519 2925//1519
f 2925//1520 2811//1520 2813//1520
f 2925//1520 2813//1520 2923//1520
f 2923//1521 2813//1521 2815//1521
f 2923//1521 2815//1521 2975//1521
f 2975//1522 2815//1522 2817//1522
f 2975//1522 2817//1522 2968//1522
f 2819//1523 2960//1523 3211//1523
f 3211//1523 2960//1523 2959//1523
f 3211//1524 2959//1524 3209//1524
f 3209//1524 2959//1524 2984//1524
f 3209//1525 2984//1525 2817//1525
f 2817//1525 2984//1525 2968//1525
f 2766//1526 3073//1526 3215//1526
f 3215//1526 3073//1526 3075//1526
f 3215//1527 3075//1527 3213//1527
f 3213//1527 3075//1527 3077//1527
f 3213//1528 3077//1528 2896//1528
f 2896//1528 3077//1528 3080//1528
f 2818//95 2966//95 2964//95
f 2818//95 2964//95 2819//95
f 2819//95 2964//95 2962//95
f 2819//95 2962//95 2960//95
f 3081//92 2898//92 2915//92
f 2915//92 2898//92 2896//92
f 2915//92 2896//92 2916//92
f 2916//92 2896//92 3080//92
f 2825//1529 2856//1529 3507//1529
f 2825//1529 3507//1529 2826//1529
f 2826//1530 3507//1530 3504//1530
f 2826//1530 3504//1530 2827//1530
f 2827//1531 3504//1531 3505//1531
f 2827//1531 3505//1531 2823//1531
f 2823//1532 3505//1532 2966//1532
f 2823//1532 2966//1532 2818//1532
f 2898//1533 3081//1533 3506//1533
f 2898//1533 3506//1533 2900//1533
f 2900//1534 3506//1534 3503//1534
f 2900//1534 3503//1534 2901//1534
f 2901//1535 3503//1535 3508//1535
f 2901//1535 3508//1535 2893//1535
f 2893//1536 3508//1536 2837//1536
f 2893//1536 2837//1536 2888//1536
f 2829//71 2854//71 2825//71
f 2825//71 2854//71 2856//71
f 2838//68 2889//68 2837//68
f 2837//68 2889//68 2888//68
f 2854//1537 2829//1537 3498//1537
f 2854//1537 3498//1537 2863//1537
f 2863//1538 3498//1538 3500//1538
f 2863//1538 3500//1538 2864//1538
f 2864//1539 3500//1539 3502//1539
f 2864//1539 3502//1539 2879//1539
f 2879//1540 3502//1540 3473//1540
f 2879//1540 3473//1540 2877//1540
f 2885//1541 3465//1541 3492//1541
f 2885//1541 3492//1541 2883//1541
f 2883//1542 3492//1542 3494//1542
f 2883//1542 3494//1542 2872//1542
f 2872//1543 3494//1543 3496//1543
f 2872//1543 3496//1543 2870//1543
f 2870//1544 3496//1544 2889//1544
f 2870//1544 2889//1544 2838//1544
f 3465//86 2885//86 3473//86
f 3473//86 2885//86 2877//86
f 2502//1545 2501//1545 2784//1545
f 2784//1546 2501//1546 2764//1546
f 2784//1547 2764//1547 2786//1547
f 2786//1548 2764//1548 2765//1548
f 2786//1548 2765//1548 2788//1548
f 2788//1549 2765//1549 2512//1549
f 2788//1549 2512//1549 2790//1549
f 2790//1550 2512//1550 2510//1550
f 2790//1550 2510//1550 2792//1550
f 2792//1551 2510//1551 2520//1551
f 2792//1551 2520//1551 2794//1551
f 2794//1552 2520//1552 2518//1552
f 2794//1552 2518//1552 2796//1552
f 2796//1553 2518//1553 2516//1553
f 2796//1553 2516//1553 2798//1553
f 2798//1554 2516//1554 2467//1554
f 2798//1554 2467//1554 2800//1554
f 2800//1555 2467//1555 2521//1555
f 2800//1556 2521//1556 2802//1556
f 2802//1557 2521//1557 2524//1557
f 2802//1558 2524//1558 2804//1558
f 2804//1559 2524//1559 2525//1559
f 2804//1559 2525//1559 2806//1559
f 2806//1560 2525//1560 2529//1560
f 2806//1560 2529//1560 2808//1560
f 2808//1561 2529//1561 2527//1561
f 2808//1561 2527//1561 2810//1561
f 2810//1562 2527//1562 2532//1562
f 2810//1563 2532//1563 2812//1563
f 2812//1564 2532//1564 2751//1564
f 2812//1564 2751//1564 2814//1564
f 2814//1565 2751//1565 2749//1565
f 2814//1566 2749//1566 2816//1566
f 2502//1567 2784//1567 2504//1567
f 2504//1568 2784//1568 2782//1568
f 2504//1569 2782//1569 2506//1569
f 2506//1570 2782//1570 2508//1570
f 2508//1571 2782//1571 2780//1571
f 2508//1572 2780//1572 2500//1572
f 2500//1573 2780//1573 2778//1573
f 2500//1574 2778//1574 2498//1574
f 2498//1575 2778//1575 2493//1575
f 2493//1576 2778//1576 2776//1576
f 2493//1577 2776//1577 2491//1577
f 2491//1578 2776//1578 2774//1578
f 2491//1578 2774//1578 2489//1578
f 2489//1579 2774//1579 2772//1579
f 2489//1579 2772//1579 2486//1579
f 2486//1580 2772//1580 2770//1580
f 2486//1581 2770//1581 2470//1581
f 2470//1582 2770//1582 2768//1582
f 2470//1582 2768//1582 2471//1582
f 2471//1583 2768//1583 2767//1583
f 2471//1584 2767//1584 2461//1584
f 2895//1585 2592//1585 3214//1585
f 3214//1585 2592//1585 2591//1585
f 3214//1586 2591//1586 3216//1586
f 3216//1586 2591//1586 2462//1586
f 3216//1587 2462//1587 2767//1587
f 2767//1587 2462//1587 2461//1587
f 2816//1588 2749//1588 3210//1588
f 3210//1589 2749//1589 2537//1589
f 3210//1590 2537//1590 3212//1590
f 3212//1590 2537//1590 2535//1590
f 3212//1591 2535//1591 2820//1591
f 2820//1591 2535//1591 2534//1591
f 2897//89 2762//89 2895//89
f 2895//89 2762//89 2592//89
f 2754//98 2821//98 2534//98
f 2534//98 2821//98 2820//98
f 2892//1592 2891//1592 3411//1592
f 3411//1593 3511//1593 2892//1593
f 2892//1594 3511//1594 3517//1594
f 2892//1595 3517//1595 2894//1595
f 2894//1595 3517//1595 3519//1595
f 2894//1596 3519//1596 2899//1596
f 2762//1597 2897//1597 3510//1597
f 3510//1598 2897//1598 2899//1598
f 3510//1599 2899//1599 3521//1599
f 3521//1596 2899//1596 3519//1596
f 2822//1600 2821//1600 2754//1600
f 2754//1601 3509//1601 2822//1601
f 2822//1602 3509//1602 3522//1602
f 2822//1603 3522//1603 2824//1603
f 2824//1603 3522//1603 3520//1603
f 2824//1604 3520//1604 2831//1604
f 3414//1605 2830//1605 3514//1605
f 3514//1606 2830//1606 2831//1606
f 3514//1607 2831//1607 3518//1607
f 3518//1604 2831//1604 3520//1604
f 2890//65 3417//65 2891//65
f 2891//65 3417//65 3411//65
f 3426//28 2828//28 3414//28
f 3414//28 2828//28 2830//28
f 3417//1592 2890//1592 3495//1592
f 3417//1592 3495//1592 3428//1592
f 3428//1608 3495//1608 3493//1608
f 3428//1608 3493//1608 3429//1608
f 3429//1609 3493//1609 3491//1609
f 3429//1609 3491//1609 3453//1609
f 3453//1610 3491//1610 3469//1610
f 3453//1610 3469//1610 3455//1610
f 3460//1611 3467//1611 3501//1611
f 3460//1611 3501//1611 3458//1611
f 3458//1612 3501//1612 3499//1612
f 3458//1612 3499//1612 3450//1612
f 3450//1613 3499//1613 3497//1613
f 3450//1613 3497//1613 3448//1613
f 3448//1614 3497//1614 2828//1614
f 3448//1614 2828//1614 3426//1614
f 3467//77 3460//77 3469//77
f 3469//77 3460//77 3455//77
f 3565//73 3566//73 3567//73
f 3567//73 3566//73 3568//73
f 3569//101 3570//101 3571//101
f 3571//101 3570//101 3572//101
f 3573//8 3574//8 3575//8
f 3575//8 3574//8 3576//8
f 3577//19 3578//19 3579//19
f 3579//19 3578//19 3580//19
f 3542//1615 3541//1615 3581//1615
f 3581//1616 3541//1616 3569//1616
f 3529//1617 3530//1617 3570//1617
f 3541//1618 3525//1618 3569//1618
f 3569//1619 3525//1619 3526//1619
f 3569//1620 3526//1620 3524//1620
f 3524//1621 3523//1621 3569//1621
f 3569//1622 3523//1622 3527//1622
f 3569//1623 3527//1623 3570//1623
f 3570//1624 3527//1624 3528//1624
f 3570//1625 3528//1625 3529//1625
f 3530//1626 3531//1626 3570//1626
f 3570//1627 3531//1627 3532//1627
f 3570//1628 3532//1628 3582//1628
f 3532//1629 3533//1629 3582//1629
f 3582//1630 3533//1630 3534//1630
f 3582//1631 3534//1631 3583//1631
f 3583//1632 3534//1632 3535//1632
f 3583//1633 3535//1633 3536//1633
f 3537//1634 3538//1634 3584//1634
f 3538//1635 3539//1635 3584//1635
f 3584//1636 3539//1636 3540//1636
f 3584//1637 3540//1637 3581//1637
f 3581//1638 3540//1638 3543//1638
f 3581//1639 3543//1639 3542//1639
f 3536//1640 3537//1640 3583//1640
f 3583//1641 3537//1641 3584//1641
f 3583//1642 3584//1642 3585//1642
f 3585//1642 3584//1642 3586//1642
f 3585//1643 3586//1643 3576//1643
f 3576//1643 3586//1643 3575//1643
f 3587//1644 3553//1644 3572//1644
f 3572//1645 3553//1645 3557//1645
f 3557//1646 3556//1646 3572//1646
f 3572//1647 3556//1647 3555//1647
f 3572//1648 3555//1648 3554//1648
f 3554//1649 3560//1649 3572//1649
f 3572//1650 3560//1650 3559//1650
f 3572//1651 3559//1651 3571//1651
f 3571//1652 3559//1652 3558//1652
f 3571//1653 3558//1653 3563//1653
f 3563//1654 3562//1654 3571//1654
f 3571//1655 3562//1655 3561//1655
f 3571//1656 3561//1656 3588//1656
f 3588//1657 3561//1657 3544//1657
f 3544//1658 3545//1658 3588//1658
f 3588//1659 3545//1659 3546//1659
f 3588//1660 3546//1660 3589//1660
f 3589//1661 3546//1661 3547//1661
f 3589//1662 3547//1662 3548//1662
f 3549//1663 3550//1663 3590//1663
f 3590//1664 3550//1664 3551//1664
f 3590//1665 3551//1665 3587//1665
f 3587//1666 3551//1666 3552//1666
f 3587//1667 3552//1667 3553//1667
f 3578//1668 3577//1668 3591//1668
f 3591//1668 3577//1668 3592//1668
f 3591//1669 3592//1669 3590//1669
f 3590//1669 3592//1669 3589//1669
f 3590//1670 3589//1670 3549//1670
f 3549//1671 3589//1671 3548//1671
f 2432//1672 3565//1672 2433//1672
f 2433//1673 3565//1673 3593//1673
f 2432//1674 2429//1674 3565//1674
f 3565//1675 2429//1675 2428//1675
f 3565//1676 2428//1676 2426//1676
f 2426//1677 2425//1677 3565//1677
f 3565//1678 2425//1678 2422//1678
f 3565//1679 2422//1679 3566//1679
f 3566//1680 2422//1680 2420//1680
f 3566//1681 2420//1681 2418//1681
f 2418//1682 2416//1682 3566//1682
f 3566//1683 2416//1683 2415//1683
f 3566//1684 2415//1684 3594//1684
f 3594//1685 2415//1685 2413//1685
f 3594//1686 2413//1686 3595//1686
f 2413//1687 2410//1687 3595//1687
f 3595//1688 2410//1688 2407//1688
f 3595//1689 2407//1689 3596//1689
f 2402//1690 2401//1690 3597//1690
f 3596//1691 2407//1691 3597//1691
f 3597//1692 2407//1692 2404//1692
f 3597//1693 2404//1693 2402//1693
f 2401//1694 2399//1694 3598//1694
f 2399//1695 2397//1695 3598//1695
f 3598//1696 2397//1696 2395//1696
f 3598//1697 2395//1697 3593//1697
f 3593//1698 2395//1698 2434//1698
f 3593//1699 2434//1699 2433//1699
f 2401//1700 3598//1700 3597//1700
f 3597//1701 3598//1701 3599//1701
f 3597//1702 3599//1702 3600//1702
f 3600//1703 3599//1703 3579//1703
f 3600//1704 3579//1704 3580//1704
f 3601//1705 2378//1705 2376//1705
f 3601//1706 2376//1706 3602//1706
f 3602//1707 2376//1707 2374//1707
f 3602//1708 2374//1708 3568//1708
f 2361//1709 2359//1709 3567//1709
f 2374//1710 2372//1710 3568//1710
f 3568//1711 2372//1711 2370//1711
f 3568//1712 2370//1712 2368//1712
f 2368//1713 2366//1713 3568//1713
f 3568//1714 2366//1714 2364//1714
f 3568//1715 2364//1715 3567//1715
f 3567//1716 2364//1716 2362//1716
f 3567//1717 2362//1717 2361//1717
f 2359//1718 2357//1718 3567//1718
f 3567//1719 2357//1719 2355//1719
f 3567//1720 2355//1720 3603//1720
f 2355//1721 2354//1721 3603//1721
f 3603//1722 2354//1722 2391//1722
f 3603//1723 2391//1723 3604//1723
f 2391//1724 2390//1724 3604//1724
f 3604//1725 2390//1725 2388//1725
f 3604//1726 2388//1726 2387//1726
f 2385//1727 2382//1727 3605//1727
f 3605//1728 2382//1728 2380//1728
f 2378//1729 3601//1729 2380//1729
f 2380//1730 3601//1730 3606//1730
f 2380//1731 3606//1731 3605//1731
f 3573//1242 3607//1242 3574//1242
f 3574//1732 3607//1732 3608//1732
f 3608//1733 3607//1733 3609//1733
f 3609//1734 3607//1734 3604//1734
f 3609//1735 3604//1735 3605//1735
f 3605//1736 3604//1736 2387//1736
f 3605//1737 2387//1737 2385//1737
f 3567//86 2876//86 3565//86
f 3565//86 2876//86 2875//86
f 3573//1537 2846//1537 3607//1537
f 3607//1537 2846//1537 2861//1537
f 3607//1538 2861//1538 3604//1538
f 3604//1538 2861//1538 2848//1538
f 3604//1539 2848//1539 3603//1539
f 3603//1539 2848//1539 2847//1539
f 3603//1540 2847//1540 3567//1540
f 3567//1540 2847//1540 2876//1540
f 3565//1541 2875//1541 3593//1541
f 3593//1541 2875//1541 2874//1541
f 3593//1542 2874//1542 3598//1542
f 3598//1542 2874//1542 2860//1542
f 3598//1543 2860//1543 3599//1543
f 3599//1543 2860//1543 2859//1543
f 3599//1544 2859//1544 3579//1544
f 3579//1544 2859//1544 2834//1544
f 3575//71 2845//71 3573//71
f 3573//71 2845//71 2846//71
f 2833//68 3577//68 2834//68
f 2834//68 3577//68 3579//68
f 3569//1738 2886//1738 3581//1738
f 3581//1738 2886//1738 2884//1738
f 3581//1739 2884//1739 3584//1739
f 3584//1739 2884//1739 2882//1739
f 3584//1740 2882//1740 3586//1740
f 3586//1740 2882//1740 2881//1740
f 3586//1529 2881//1529 3575//1529
f 3575//1529 2881//1529 2845//1529
f 3577//1536 2833//1536 3592//1536
f 3592//1536 2833//1536 2849//1536
f 3592//1741 2849//1741 3589//1741
f 3589//1741 2849//1741 2880//1741
f 3589//1742 2880//1742 3588//1742
f 3588//1742 2880//1742 2878//1742
f 3588//1743 2878//1743 3571//1743
f 3571//1743 2878//1743 2887//1743
f 3571//83 2887//83 3569//83
f 3569//83 2887//83 2886//83
f 3516//77 3568//77 3515//77
f 3515//77 3568//77 3566//77
f 3568//1744 3516//1744 3602//1744
f 3602//1745 3516//1745 3512//1745
f 3602//1746 3512//1746 3601//1746
f 3601//1747 3512//1747 3423//1747
f 3601//1748 3423//1748 3606//1748
f 3515//1749 3566//1749 3513//1749
f 3513//1750 3566//1750 3594//1750
f 3513//1751 3594//1751 3440//1751
f 3440//1752 3594//1752 3595//1752
f 3440//1753 3595//1753 3596//1753
f 3606//1754 3423//1754 3605//1754
f 3605//1755 3423//1755 3422//1755
f 3420//1756 3574//1756 3421//1756
f 3421//1756 3574//1756 3608//1756
f 3421//1757 3608//1757 3422//1757
f 3422//1757 3608//1757 3609//1757
f 3422//1758 3609//1758 3605//1758
f 3580//1759 3443//1759 3600//1759
f 3600//1759 3443//1759 3442//1759
f 3600//1760 3442//1760 3597//1760
f 3597//1760 3442//1760 3441//1760
f 3597//1761 3441//1761 3596//1761
f 3596//1761 3441//1761 3440//1761
f 3436//1762 3576//1762 3420//1762
f 3420//1762 3576//1762 3574//1762
f 3578//1763 3430//1763 3580//1763
f 3580//1763 3430//1763 3443//1763
f 3576//1764 3436//1764 3585//1764
f 3585//1764 3436//1764 3439//1764
f 3585//1765 3439//1765 3583//1765
f 3583//1765 3439//1765 3452//1765
f 3583//1766 3452//1766 3582//1766
f 3582//1766 3452//1766 3454//1766
f 3582//1767 3454//1767 3570//1767
f 3570//1767 3454//1767 3462//1767
f 3572//1768 3461//1768 3587//1768
f 3587//1768 3461//1768 3459//1768
f 3587//1769 3459//1769 3590//1769
f 3590//1769 3459//1769 3457//1769
f 3590//1770 3457//1770 3591//1770
f 3591//1770 3457//1770 3456//1770
f 3591//1771 3456//1771 3578//1771
f 3578//1771 3456//1771 3430//1771
f 3461//1772 3572//1772 3462//1772
f 3462//1772 3572//1772 3570//1772
f 2855//90 3425//90 2857//90
f 2857//90 3425//90 3424//90
f 2857//89 3424//89 2858//89
f 2858//89 3424//89 3413//89
f 2858//88 3413//88 2865//88
f 2865//88 3413//88 3412//88
f 2865//99 3412//99 2866//99
f 2866//99 3412//99 3445//99
f 2866//98 3445//98 2867//98
f 2867//98 3445//98 3444//98
f 2867//97 3444//97 2832//97
f 2832//97 3444//97 3432//97
f 2832//96 3432//96 2850//96
f 2850//96 3432//96 3431//96
f 2850//95 3431//95 2851//95
f 2851//95 3431//95 3451//95
f 2851//94 3451//94 2862//94
f 2862//94 3451//94 3449//94
f 2862//93 3449//93 2852//93
f 2852//93 3449//93 3447//93
f 2852//92 3447//92 2853//92
f 2853//92 3447//92 3446//92
f 2853//91 3446//91 2855//91
f 2855//91 3446//91 3425//91
f 2844//90 3435//90 2835//90
f 2835//90 3435//90 3434//90
f 2835//89 3434//89 2836//89
f 2836//89 3434//89 3433//89
f 2836//88 3433//88 2841//88
f 2841//88 3433//88 3410//88
f 2841//99 3410//99 2842//99
f 2842//99 3410//99 3409//99
f 2842//98 3409//98 2840//98
f 2840//98 3409//98 3419//98
f 2840//97 3419//97 2839//97
f 2839//97 3419//97 3418//97
f 2839//96 3418//96 2868//96
f 2868//96 3418//96 3416//96
f 2868//95 3416//95 2869//95
f 2869//95 3416//95 3415//95
f 2869//94 3415//94 2871//94
f 2871//94 3415//94 3427//94
f 2871//93 3427//93 2873//93
f 2873//93 3427//93 3438//93
f 2873//92 3438//92 2843//92
f 2843//92 3438//92 3437//92
f 2843//91 3437//91 2844//91
f 2844//91 3437//91 3435//91
f 2485//29 3610//29 2487//29
f 2487//29 3610//29 3611//29
f 2487//28 3611//28 2488//28
f 2488//28 3611//28 3612//28
f 2488//27 3612//27 2490//27
f 2490//27 3612//27 3613//27
f 2490//70 3613//70 2492//70
f 2492//70 3613//70 3614//70
f 2492//71 3614//71 2477//71
f 2477//71 3614//71 3615//71
f 2477//72 3615//72 2478//72
f 2478//72 3615//72 3616//72
f 2478//67 3616//67 2480//67
f 2480//67 3616//67 3617//67
f 2480//68 3617//68 2481//68
f 2481//68 3617//68 3618//68
f 2481//69 3618//69 2482//69
f 2482//69 3618//69 3619//69
f 2482//66 3619//66 2483//66
f 2483//66 3619//66 3620//66
f 2483//65 3620//65 2484//65
f 2484//65 3620//65 3621//65
f 2484//64 3621//64 2485//64
f 2485//64 3621//64 3610//64
f 3617//101 3622//101 3618//101
f 3618//101 3622//101 3623//101
f 3618//101 3623//101 3619//101
f 3619//101 3623//101 3624//101
f 3619//101 3624//101 3620//101
f 3620//101 3624//101 3625//101
f 3620//101 3625//101 3621//101
f 3621//101 3625//101 3626//101
f 3621//101 3626//101 3610//101
f 3610//101 3626//101 3627//101
f 3610//101 3627//101 3611//101
f 3611//101 3627//101 3628//101
f 3611//101 3628//101 3612//101
f 3612//101 3628//101 3629//101
f 3612//101 3629//101 3613//101
f 3613//101 3629//101 3630//101
f 3613//101 3630//101 3614//101
f 3614//101 3630//101 3631//101
f 3614//101 3631//101 3615//101
f 3615//101 3631//101 3632//101
f 3615//101 3632//101 3616//101
f 3616//101 3632//101 3633//101
f 3616//101 3633//101 3617//101
f 3617//101 3633//101 3622//101
f 3627//29 3065//29 3628//29
f 3628//29 3065//29 3064//29
f 3628//28 3064//28 3629//28
f 3629//28 3064//28 3062//28
f 3629//27 3062//27 3630//27
f 3630//27 3062//27 3060//27
f 3630//70 3060//70 3631//70
f 3631//70 3060//70 3058//70
f 3631//71 3058//71 3632//71
f 3632//71 3058//71 3056//71
f 3632//72 3056//72 3633//72
f 3633//72 3056//72 3055//72
f 3633//67 3055//67 3622//67
f 3622//67 3055//67 3053//67
f 3622//68 3053//68 3623//68
f 3623//68 3053//68 3048//68
f 3623//69 3048//69 3624//69
f 3624//69 3048//69 3047//69
f 3624//66 3047//66 3625//66
f 3625//66 3047//66 3052//66
f 3625//65 3052//65 3626//65
f 3626//65 3052//65 3051//65
f 3626//64 3051//64 3627//64
f 3627//64 3051//64 3065//64
f 2633//29 3634//29 2634//29
f 2634//29 3634//29 3635//29
f 2634//28 3635//28 2472//28
f 2472//28 3635//28 3636//28
f 2472//27 3636//27 2476//27
f 2476//27 3636//27 3637//27
f 2476//70 3637//70 2475//70
f 2475//70 3637//70 3638//70
f 2475//71 3638//71 2473//71
f 2473//71 3638//71 3639//71
f 2473//72 3639//72 2635//72
f 2635//72 3639//72 3640//72
f 2635//67 3640//67 2629//67
f 2629//67 3640//67 3641//67
f 2629//68 3641//68 2626//68
f 2626//68 3641//68 3642//68
f 2626//69 3642//69 2627//69
f 2627//69 3642//69 3643//69
f 2627//66 3643//66 2630//66
f 2630//66 3643//66 3644//66
f 2630//65 3644//65 2631//65
f 2631//65 3644//65 3645//65
f 2631//64 3645//64 2633//64
f 2633//64 3645//64 3634//64
f 3641//101 3646//101 3642//101
f 3642//101 3646//101 3647//101
f 3642//101 3647//101 3643//101
f 3643//101 3647//101 3648//101
f 3643//101 3648//101 3644//101
f 3644//101 3648//101 3649//101
f 3644//101 3649//101 3645//101
f 3645//101 3649//101 3650//101
f 3645//101 3650//101 3634//101
f 3634//101 3650//101 3651//101
f 3634//101 3651//101 3635//101
f 3635//101 3651//101 3652//101
f 3635//101 3652//101 3636//101
f 3636//101 3652//101 3653//101
f 3636//101 3653//101 3637//101
f 3637//101 3653//101 3654//101
f 3637//101 3654//101 3638//101
f 3638//101 3654//101 3655//101
f 3638//101 3655//101 3639//101
f 3639//101 3655//101 3656//101
f 3639//101 3656//101 3640//101
f 3640//101 3656//101 3657//101
f 3640//101 3657//101 3641//101
f 3641//101 3657//101 3646//101
f 3651//29 3110//29 3652//29
f 3652//29 3110//29 3109//29
f 3652//28 3109//28 3653//28
f 3653//28 3109//28 3072//28
f 3653//27 3072//27 3654//27
f 3654//27 3072//27 3070//27
f 3654//70 3070//70 3655//70
f 3655//70 3070//70 3068//70
f 3655//71 3068//71 3656//71
f 3656//71 3068//71 3067//71
f 3656//72 3067//72 3657//72
f 3657//72 3067//72 3066//72
f 3657//67 3066//67 3646//67
f 3646//67 3066//67 3108//67
f 3646//68 3108//68 3647//68
f 3647//68 3108//68 3107//68
f 3647//69 3107//69 3648//69
f 3648//69 3107//69 3106//69
f 3648//66 3106//66 3649//66
f 3649//66 3106//66 3112//66
f 3649//65 3112//65 3650//65
f 3650//65 3112//65 3111//65
f 3650//64 3111//64 3651//64
f 3651//64 3111//64 3110//64
f 2638//29 3658//29 2639//29
f 2639//29 3658//29 3659//29
f 2639//28 3659//28 2642//28
f 2642//28 3659//28 3660//28
f 2642//27 3660//27 2641//27
f 2641//27 3660//27 3661//27
f 2641//70 3661//70 2640//70
f 2640//70 3661//70 3662//70
f 2640//71 3662//71 2643//71
f 2643//71 3662//71 3663//71
f 2643//72 3663//72 2644//72
f 2644//72 3663//72 3664//72
f 2644//67 3664//67 2645//67
f 2645//67 3664//67 3665//67
f 2645//68 3665//68 2447//68
f 2447//68 3665//68 3666//68
f 2447//69 3666//69 2448//69
f 2448//69 3666//69 3667//69
f 2448//66 3667//66 2636//66
f 2636//66 3667//66 3668//66
f 2636//65 3668//65 2637//65
f 2637//65 3668//65 3669//65
f 2637//64 3669//64 2638//64
f 2638//64 3669//64 3658//64
f 3659//101 3670//101 3660//101
f 3660//101 3670//101 3671//101
f 3660//101 3671//101 3661//101
f 3661//101 3671//101 3672//101
f 3661//101 3672//101 3662//101
f 3662//101 3672//101 3673//101
f 3662//101 3673//101 3663//101
f 3663//101 3673//101 3674//101
f 3663//101 3674//101 3664//101
f 3664//101 3674//101 3675//101
f 3664//101 3675//101 3665//101
f 3665//101 3675//101 3676//101
f 3665//101 3676//101 3666//101
f 3666//101 3676//101 3677//101
f 3666//101 3677//101 3667//101
f 3667//101 3677//101 3678//101
f 3667//101 3678//101 3668//101
f 3668//101 3678//101 3679//101
f 3668//101 3679//101 3669//101
f 3669//101 3679//101 3680//101
f 3669//101 3680//101 3658//101
f 3658//101 3680//101 3681//101
f 3658//101 3681//101 3659//101
f 3659//101 3681//101 3670//101
f 3681//29 3156//29 3670//29
f 3670//29 3156//29 3160//29
f 3670//28 3160//28 3671//28
f 3671//28 3160//28 3159//28
f 3671//27 3159//27 3672//27
f 3672//27 3159//27 3158//27
f 3672//70 3158//70 3673//70
f 3673//70 3158//70 3161//70
f 3673//71 3161//71 3674//71
f 3674//71 3161//71 3167//71
f 3674//72 3167//72 3675//72
f 3675//72 3167//72 3166//72
f 3675//67 3166//67 3676//67
f 3676//67 3166//67 3165//67
f 3676//68 3165//68 3677//68
f 3677//68 3165//68 3162//68
f 3677//69 3162//69 3678//69
f 3678//69 3162//69 3163//69
f 3678//66 3163//66 3679//66
f 3679//66 3163//66 3164//66
f 3679//65 3164//65 3680//65
f 3680//65 3164//65 3157//65
f 3680//64 3157//64 3681//64
f 3681//64 3157//64 3156//64
f 2649//29 3682//29 2650//29
f 2650//29 3682//29 3683//29
f 2650//28 3683//28 2651//28
f 2651//28 3683//28 3684//28
f 2651//27 3684//27 2652//27
f 2652//27 3684//27 3685//27
f 2652//70 3685//70 2653//70
f 2653//70 3685//70 3686//70
f 2653//71 3686//71 2654//71
f 2654//71 3686//71 3687//71
f 2654//72 3687//72 2658//72
f 2658//72 3687//72 3688//72
f 2658//67 3688//67 2657//67
f 2657//67 3688//67 3689//67
f 2657//68 3689//68 2444//68
f 2444//68 3689//68 3690//68
f 2444//69 3690//69 2445//69
f 2445//69 3690//69 3691//69
f 2445//66 3691//66 2647//66
f 2647//66 3691//66 3692//66
f 2647//65 3692//65 2648//65
f 2648//65 3692//65 3693//65
f 2648//64 3693//64 2649//64
f 2649//64 3693//64 3682//64
f 3684//101 3694//101 3685//101
f 3685//101 3694//101 3695//101
f 3685//101 3695//101 3686//101
f 3686//101 3695//101 3696//101
f 3686//101 3696//101 3687//101
f 3687//101 3696//101 3697//101
f 3687//101 3697//101 3698//101
f 3698//101 3697//101 3699//101
f 3698//101 3699//101 3689//101
f 3689//101 3699//101 3700//101
f 3689//101 3700//101 3690//101
f 3690//101 3700//101 3701//101
f 3690//101 3701//101 3691//101
f 3691//101 3701//101 3702//101
f 3691//101 3702//101 3692//101
f 3692//101 3702//101 3703//101
f 3692//101 3703//101 3693//101
f 3693//101 3703//101 3704//101
f 3693//101 3704//101 3682//101
f 3682//101 3704//101 3705//101
f 3682//101 3705//101 3683//101
f 3683//101 3705//101 3706//101
f 3683//101 3706//101 3684//101
f 3684//101 3706//101 3694//101
f 3705//29 3116//29 3706//29
f 3706//29 3116//29 3117//29
f 3706//28 3117//28 3694//28
f 3694//28 3117//28 3121//28
f 3694//27 3121//27 3695//27
f 3695//27 3121//27 3122//27
f 3695//70 3122//70 3696//70
f 3696//70 3122//70 3124//70
f 3696//71 3124//71 3697//71
f 3697//71 3124//71 3127//71
f 3697//72 3127//72 3707//72
f 3707//72 3127//72 3126//72
f 3707//67 3126//67 3700//67
f 3700//67 3126//67 3125//67
f 3700//68 3125//68 3701//68
f 3701//68 3125//68 3119//68
f 3701//69 3119//69 3702//69
f 3702//69 3119//69 3118//69
f 3702//66 3118//66 3703//66
f 3703//66 3118//66 3114//66
f 3703//65 3114//65 3704//65
f 3704//65 3114//65 3115//65
f 3704//64 3115//64 3705//64
f 3705//64 3115//64 3116//64
f 2662//29 3708//29 2663//29
f 2663//29 3708//29 3709//29
f 2663//28 3709//28 2664//28
f 2664//28 3709//28 3710//28
f 2664//27 3710//27 2757//27
f 2757//27 3710//27 3711//27
f 2757//70 3711//70 2665//70
f 2665//70 3711//70 3712//70
f 2665//71 3712//71 2666//71
f 2666//71 3712//71 3713//71
f 2666//72 3713//72 2670//72
f 2670//72 3713//72 3714//72
f 2670//67 3714//67 2668//67
f 2668//67 3714//67 3715//67
f 2668//68 3715//68 2441//68
f 2441//68 3715//68 3716//68
f 2441//69 3716//69 2442//69
f 2442//69 3716//69 3717//69
f 2442//66 3717//66 2659//66
f 2659//66 3717//66 3718//66
f 2659//65 3718//65 2661//65
f 2661//65 3718//65 3719//65
f 2661//64 3719//64 2662//64
f 2662//64 3719//64 3708//64
f 3709//101 3720//101 3710//101
f 3710//101 3720//101 3721//101
f 3710//101 3721//101 3711//101
f 3711//101 3721//101 3722//101
f 3711//101 3722//101 3712//101
f 3712//101 3722//101 3723//101
f 3712//101 3723//101 3713//101
f 3713//101 3723//101 3724//101
f 3713//101 3724//101 3714//101
f 3714//101 3724//101 3725//101
f 3714//101 3725//101 3715//101
f 3715//101 3725//101 3726//101
f 3715//101 3726//101 3716//101
f 3716//101 3726//101 3727//101
f 3716//101 3727//101 3717//101
f 3717//101 3727//101 3728//101
f 3717//101 3728//101 3718//101
f 3718//101 3728//101 3729//101
f 3718//101 3729//101 3719//101
f 3719//101 3729//101 3730//101
f 3719//101 3730//101 3708//101
f 3708//101 3730//101 3731//101
f 3708//101 3731//101 3709//101
f 3709//101 3731//101 3720//101
f 3731//29 3195//29 3720//29
f 3720//29 3195//29 3199//29
f 3720//28 3199//28 3721//28
f 3721//28 3199//28 3198//28
f 3721//27 3198//27 3722//27
f 3722//27 3198//27 3197//27
f 3722//70 3197//70 3723//70
f 3723//70 3197//70 3203//70
f 3723//71 3203//71 3724//71
f 3724//71 3203//71 3201//71
f 3724//72 3201//72 3725//72
f 3725//72 3201//72 3200//72
f 3725//67 3200//67 3726//67
f 3726//67 3200//67 3207//67
f 3726//68 3207//68 3727//68
f 3727//68 3207//68 3206//68
f 3727//69 3206//69 3728//69
f 3728//69 3206//69 3205//69
f 3728//66 3205//66 3729//66
f 3729//66 3205//66 3204//66
f 3729//65 3204//65 3730//65
f 3730//65 3204//65 3196//65
f 3730//64 3196//64 3731//64
f 3731//64 3196//64 3195//64
f 2731//29 3732//29 2732//29
f 2732//29 3732//29 3733//29
f 2732//28 3733//28 2734//28
f 2734//28 3733//28 3734//28
f 2734//27 3734//27 2735//27
f 2735//27 3734//27 3735//27
f 2735//70 3735//70 2723//70
f 2723//70 3735//70 3736//70
f 2723//71 3736//71 2724//71
f 2724//71 3736//71 3737//71
f 2724//72 3737//72 2727//72
f 2727//72 3737//72 3738//72
f 2727//67 3738//67 2728//67
f 2728//67 3738//67 3739//67
f 2728//68 3739//68 2729//68
f 2729//68 3739//68 3740//68
f 2729//69 3740//69 2730//69
f 2730//69 3740//69 3741//69
f 2730//66 3741//66 2725//66
f 2725//66 3741//66 3742//66
f 2725//65 3742//65 2726//65
f 2726//65 3742//65 3743//65
f 2726//64 3743//64 2731//64
f 2731//64 3743//64 3732//64
f 3739//101 3744//101 3740//101
f 3740//101 3744//101 3745//101
f 3740//101 3745//101 3741//101
f 3741//101 3745//101 3746//101
f 3741//101 3746//101 3742//101
f 3742//101 3746//101 3747//101
f 3742//101 3747//101 3743//101
f 3743//101 3747//101 3748//101
f 3743//101 3748//101 3732//101
f 3732//101 3748//101 3749//101
f 3732//101 3749//101 3733//101
f 3733//101 3749//101 3750//101
f 3733//101 3750//101 3734//101
f 3734//101 3750//101 3751//101
f 3734//101 3751//101 3735//101
f 3735//101 3751//101 3752//101
f 3735//101 3752//101 3736//101
f 3736//101 3752//101 3753//101
f 3736//101 3753//101 3737//101
f 3737//101 3753//101 3754//101
f 3737//101 3754//101 3738//101
f 3738//101 3754//101 3755//101
f 3738//101 3755//101 3739//101
f 3739//101 3755//101 3744//101
f 3749//29 2969//29 3750//29
f 3750//29 2969//29 2983//29
f 3750//28 2983//28 3751//28
f 3751//28 2983//28 2982//28
f 3751//27 2982//27 3752//27
f 3752//27 2982//27 2980//27
f 3752//70 2980//70 3753//70
f 3753//70 2980//70 2979//70
f 3753//71 2979//71 3754//71
f 3754//71 2979//71 2972//71
f 3754//72 2972//72 3755//72
f 3755//72 2972//72 2971//72
f 3755//67 2971//67 3744//67
f 3744//67 2971//67 2974//67
f 3744//68 2974//68 3745//68
f 3745//68 2974//68 2978//68
f 3745//69 2978//69 3746//69
f 3746//69 2978//69 2977//69
f 3746//66 2977//66 3747//66
f 3747//66 2977//66 2976//66
f 3747//65 2976//65 3748//65
f 3748//65 2976//65 2970//65
f 3748//64 2970//64 3749//64
f 3749//64 2970//64 2969//64
f 2465//29 3756//29 2674//29
f 2674//29 3756//29 3757//29
f 2674//28 3757//28 2675//28
f 2675//28 3757//28 3758//28
f 2675//27 3758//27 2676//27
f 2676//27 3758//27 3759//27
f 2676//70 3759//70 2673//70
f 2673//70 3759//70 3760//70
f 2673//71 3760//71 2672//71
f 2672//71 3760//71 3761//71
f 2672//72 3761//72 2671//72
f 2671//72 3761//72 3762//72
f 2671//67 3762//67 2531//67
f 2531//67 3762//67 3763//67
f 2531//68 3763//68 2530//68
f 2530//68 3763//68 3764//68
f 2530//69 3764//69 2528//69
f 2528//69 3764//69 3765//69
f 2528//66 3765//66 2526//66
f 2526//66 3765//66 3766//66
f 2526//65 3766//65 2464//65
f 2464//65 3766//65 3767//65
f 2464//64 3767//64 2465//64
f 2465//64 3767//64 3756//64
f 3763//101 3768//101 3764//101
f 3764//101 3768//101 3769//101
f 3764//101 3769//101 3765//101
f 3765//101 3769//101 3770//101
f 3765//101 3770//101 3766//101
f 3766//101 3770//101 3771//101
f 3766//101 3771//101 3767//101
f 3767//101 3771//101 3772//101
f 3767//101 3772//101 3756//101
f 3756//101 3772//101 3773//101
f 3756//101 3773//101 3757//101
f 3757//101 3773//101 3774//101
f 3757//101 3774//101 3758//101
f 3758//101 3774//101 3775//101
f 3758//101 3775//101 3759//101
f 3759//101 3775//101 3776//101
f 3759//101 3776//101 3760//101
f 3760//101 3776//101 3777//101
f 3760//101 3777//101 3761//101
f 3761//101 3777//101 3778//101
f 3761//101 3778//101 3762//101
f 3762//101 3778//101 3779//101
f 3762//101 3779//101 3763//101
f 3763//101 3779//101 3768//101
f 3773//29 3134//29 3774//29
f 3774//29 3134//29 3133//29
f 3774//28 3133//28 3775//28
f 3775//28 3133//28 3132//28
f 3775//27 3132//27 3776//27
f 3776//27 3132//27 3131//27
f 3776//70 3131//70 3777//70
f 3777//70 3131//70 3130//70
f 3777//71 3130//71 3778//71
f 3778//71 3130//71 3129//71
f 3778//72 3129//72 3779//72
f 3779//72 3129//72 3128//72
f 3779//67 3128//67 3768//67
f 3768//67 3128//67 3140//67
f 3768//68 3140//68 3769//68
f 3769//68 3140//68 3139//68
f 3769//69 3139//69 3770//69
f 3770//69 3139//69 3138//69
f 3770//66 3138//66 3771//66
f 3771//66 3138//66 3136//66
f 3771//65 3136//65 3772//65
f 3772//65 3136//65 3135//65
f 3772//64 3135//64 3773//64
f 3773//64 3135//64 3134//64
f 2746//29 3780//29 2747//29
f 2747//29 3780//29 3781//29
f 2747//28 3781//28 2740//28
f 2740//28 3781//28 3782//28
f 2740//27 3782//27 2741//27
f 2741//27 3782//27 3783//27
f 2741//70 3783//70 2738//70
f 2738//70 3783//70 3784//70
f 2738//71 3784//71 2739//71
f 2739//71 3784//71 3785//71
f 2739//72 3785//72 2736//72
f 2736//72 3785//72 3786//72
f 2736//67 3786//67 2737//67
f 2737//67 3786//67 3787//67
f 2737//68 3787//68 2742//68
f 2742//68 3787//68 3788//68
f 2742//69 3788//69 2743//69
f 2743//69 3788//69 3789//69
f 2743//66 3789//66 2744//66
f 2744//66 3789//66 3790//66
f 2744//65 3790//65 2745//65
f 2745//65 3790//65 3791//65
f 2745//64 3791//64 2746//64
f 2746//64 3791//64 3780//64
f 3785//101 3792//101 3786//101
f 3786//101 3792//101 3793//101
f 3786//101 3793//101 3787//101
f 3787//101 3793//101 3794//101
f 3787//101 3794//101 3788//101
f 3788//101 3794//101 3795//101
f 3788//101 3795//101 3789//101
f 3789//101 3795//101 3796//101
f 3789//101 3796//101 3790//101
f 3790//101 3796//101 3797//101
f 3790//101 3797//101 3791//101
f 3791//101 3797//101 3798//101
f 3791//101 3798//101 3780//101
f 3780//101 3798//101 3799//101
f 3780//101 3799//101 3781//101
f 3781//101 3799//101 3800//101
f 3781//101 3800//101 3782//101
f 3782//101 3800//101 3801//101
f 3782//101 3801//101 3783//101
f 3783//101 3801//101 3802//101
f 3783//101 3802//101 3784//101
f 3784//101 3802//101 3803//101
f 3784//101 3803//101 3785//101
f 3785//101 3803//101 3792//101
f 3799//29 2921//29 3800//29
f 3800//29 2921//29 2920//29
f 3800//28 2920//28 3801//28
f 3801//28 2920//28 3000//28
f 3801//27 3000//27 3802//27
f 3802//27 3000//27 2999//27
f 3802//70 2999//70 3803//70
f 3803//70 2999//70 2998//70
f 3803//71 2998//71 3792//71
f 3792//71 2998//71 2990//71
f 3792//72 2990//72 3793//72
f 3793//72 2990//72 2989//72
f 3793//67 2989//67 3794//67
f 3794//67 2989//67 2996//67
f 3794//68 2996//68 3795//68
f 3795//68 2996//68 2995//68
f 3795//69 2995//69 3796//69
f 3796//69 2995//69 2993//69
f 3796//66 2993//66 3797//66
f 3797//66 2993//66 2992//66
f 3797//65 2992//65 3798//65
f 3798//65 2992//65 2988//65
f 3798//64 2988//64 3799//64
f 3799//64 2988//64 2921//64
f 2681//29 3804//29 2682//29
f 2682//29 3804//29 3805//29
f 2682//28 3805//28 2678//28
f 2678//28 3805//28 3806//28
f 2678//27 3806//27 2683//27
f 2683//27 3806//27 3807//27
f 2683//70 3807//70 2689//70
f 2689//70 3807//70 3808//70
f 2689//71 3808//71 2690//71
f 2690//71 3808//71 3809//71
f 2690//72 3809//72 2691//72
f 2691//72 3809//72 3810//72
f 2691//67 3810//67 2688//67
f 2688//67 3810//67 3811//67
f 2688//68 3811//68 2687//68
f 2687//68 3811//68 3812//68
f 2687//69 3812//69 2686//69
f 2686//69 3812//69 3813//69
f 2686//66 3813//66 2679//66
f 2679//66 3813//66 3814//66
f 2679//65 3814//65 2680//65
f 2680//65 3814//65 3815//65
f 2680//64 3815//64 2681//64
f 2681//64 3815//64 3804//64
f 3814//101 3816//101 3815//101
f 3815//101 3816//101 3817//101
f 3815//101 3817//101 3804//101
f 3804//101 3817//101 3818//101
f 3804//101 3818//101 3805//101
f 3805//101 3818//101 3819//101
f 3805//101 3819//101 3806//101
f 3806//101 3819//101 3820//101
f 3806//101 3820//101 3807//101
f 3807//101 3820//101 3821//101
f 3807//101 3821//101 3808//101
f 3808//101 3821//101 3822//101
f 3808//101 3822//101 3809//101
f 3809//101 3822//101 3823//101
f 3809//101 3823//101 3810//101
f 3810//101 3823//101 3824//101
f 3810//101 3824//101 3811//101
f 3811//101 3824//101 3825//101
f 3811//101 3825//101 3812//101
f 3812//101 3825//101 3826//101
f 3812//101 3826//101 3813//101
f 3813//101 3826//101 3827//101
f 3813//101 3827//101 3814//101
f 3814//101 3827//101 3816//101
f 3818//29 3007//29 3819//29
f 3819//29 3007//29 3006//29
f 3819//28 3006//28 3820//28
f 3820//28 3006//28 3002//28
f 3820//27 3002//27 3821//27
f 3821//27 3002//27 3001//27
f 3821//70 3001//70 3822//70
f 3822//70 3001//70 3016//70
f 3822//71 3016//71 3823//71
f 3823//71 3016//71 3014//71
f 3823//72 3014//72 3824//72
f 3824//72 3014//72 3013//72
f 3824//67 3013//67 3825//67
f 3825//67 3013//67 3012//67
f 3825//68 3012//68 3826//68
f 3826//68 3012//68 3010//68
f 3826//69 3010//69 3827//69
f 3827//69 3010//69 3009//69
f 3827//66 3009//66 3816//66
f 3816//66 3009//66 3005//66
f 3816//65 3005//65 3817//65
f 3817//65 3005//65 3008//65
f 3817//64 3008//64 3818//64
f 3818//64 3008//64 3007//64
f 2695//29 3828//29 2699//29
f 2699//29 3828//29 3829//29
f 2699//28 3829//28 2698//28
f 2698//28 3829//28 3830//28
f 2698//27 3830//27 2696//27
f 2696//27 3830//27 3831//27
f 2696//70 3831//70 2514//70
f 2514//70 3831//70 3832//70
f 2514//71 3832//71 2513//71
f 2513//71 3832//71 3833//71
f 2513//72 3833//72 2511//72
f 2511//72 3833//72 3834//72
f 2511//67 3834//67 2509//67
f 2509//67 3834//67 3835//67
f 2509//68 3835//68 2685//68
f 2685//68 3835//68 3836//68
f 2685//69 3836//69 2692//69
f 2692//69 3836//69 3837//69
f 2692//66 3837//66 2693//66
f 2693//66 3837//66 3838//66
f 2693//65 3838//65 2694//65
f 2694//65 3838//65 3839//65
f 2694//64 3839//64 2695//64
f 2695//64 3839//64 3828//64
f 3830//101 3840//101 3831//101
f 3831//101 3840//101 3841//101
f 3831//101 3841//101 3832//101
f 3832//101 3841//101 3842//101
f 3832//101 3842//101 3833//101
f 3833//101 3842//101 3843//101
f 3833//101 3843//101 3844//101
f 3844//101 3843//101 3845//101
f 3844//101 3845//101 3835//101
f 3835//101 3845//101 3846//101
f 3835//101 3846//101 3836//101
f 3836//101 3846//101 3847//101
f 3836//101 3847//101 3837//101
f 3837//101 3847//101 3848//101
f 3837//101 3848//101 3838//101
f 3838//101 3848//101 3849//101
f 3838//101 3849//101 3839//101
f 3839//101 3849//101 3850//101
f 3839//101 3850//101 3828//101
f 3828//101 3850//101 3851//101
f 3828//101 3851//101 3829//101
f 3829//101 3851//101 3852//101
f 3829//101 3852//101 3830//101
f 3830//101 3852//101 3840//101
f 3851//29 3147//29 3852//29
f 3852//29 3147//29 3146//29
f 3852//28 3146//28 3840//28
f 3840//28 3146//28 3141//28
f 3840//27 3141//27 3841//27
f 3841//27 3141//27 3142//27
f 3841//70 3142//70 3842//70
f 3842//70 3142//70 3144//70
f 3842//71 3144//71 3843//71
f 3843//71 3144//71 3145//71
f 3843//72 3145//72 3853//72
f 3853//72 3145//72 3019//72
f 3853//67 3019//67 3846//67
f 3846//67 3019//67 3021//67
f 3846//68 3021//68 3847//68
f 3847//68 3021//68 2906//68
f 3847//69 2906//69 3848//69
f 3848//69 2906//69 2905//69
f 3848//66 2905//66 3849//66
f 3849//66 2905//66 3149//66
f 3849//65 3149//65 3850//65
f 3850//65 3149//65 3148//65
f 3850//64 3148//64 3851//64
f 3851//64 3148//64 3147//64
f 2701//29 3854//29 2702//29
f 2702//29 3854//29 3855//29
f 2702//28 3855//28 2703//28
f 2703//28 3855//28 3856//28
f 2703//27 3856//27 2705//27
f 2705//27 3856//27 3857//27
f 2705//70 3857//70 2707//70
f 2707//70 3857//70 3858//70
f 2707//71 3858//71 2708//71
f 2708//71 3858//71 3859//71
f 2708//72 3859//72 2709//72
f 2709//72 3859//72 3860//72
f 2709//67 3860//67 2711//67
f 2711//67 3860//67 3861//67
f 2711//68 3861//68 2712//68
f 2712//68 3861//68 3862//68
f 2712//69 3862//69 2714//69
f 2714//69 3862//69 3863//69
f 2714//66 3863//66 2715//66
f 2715//66 3863//66 3864//66
f 2715//65 3864//65 2700//65
f 2700//65 3864//65 3865//65
f 2700//64 3865//64 2701//64
f 2701//64 3865//64 3854//64
f 3864//101 3866//101 3865//101
f 3865//101 3866//101 3867//101
f 3865//101 3867//101 3854//101
f 3854//101 3867//101 3868//101
f 3854//101 3868//101 3855//101
f 3855//101 3868//101 3869//101
f 3855//101 3869//101 3856//101
f 3856//101 3869//101 3870//101
f 3856//101 3870//101 3857//101
f 3857//101 3870//101 3871//101
f 3857//101 3871//101 3858//101
f 3858//101 3871//101 3872//101
f 3858//101 3872//101 3859//101
f 3859//101 3872//101 3873//101
f 3859//101 3873//101 3860//101
f 3860//101 3873//101 3874//101
f 3860//101 3874//101 3861//101
f 3861//101 3874//101 3875//101
f 3861//101 3875//101 3862//101
f 3862//101 3875//101 3876//101
f 3862//101 3876//101 3863//101
f 3863//101 3876//101 3877//101
f 3863//101 3877//101 3864//101
f 3864//101 3877//101 3866//101
f 3868//29 3031//29 3869//29
f 3869//29 3031//29 3032//29
f 3869//28 3032//28 3870//28
f 3870//28 3032//28 3034//28
f 3870//27 3034//27 3871//27
f 3871//27 3034//27 3033//27
f 3871//70 3033//70 3872//70
f 3872//70 3033//70 3037//70
f 3872//71 3037//71 3873//71
f 3873//71 3037//71 3036//71
f 3873//72 3036//72 3874//72
f 3874//72 3036//72 3035//72
f 3874//67 3035//67 3875//67
f 3875//67 3035//67 3030//67
f 3875//68 3030//68 3876//68
f 3876//68 3030//68 3029//68
f 3876//69 3029//69 3877//69
f 3877//69 3029//69 3028//69
f 3877//66 3028//66 3866//66
f 3866//66 3028//66 3026//66
f 3866//65 3026//65 3867//65
f 3867//65 3026//65 3025//65
f 3867//64 3025//64 3868//64
f 3868//64 3025//64 3031//64
f 2495//29 3878//29 2496//29
f 2496//29 3878//29 3879//29
f 2496//28 3879//28 2497//28
f 2497//28 3879//28 3880//28
f 2497//27 3880//27 2499//27
f 2499//27 3880//27 3881//27
f 2499//70 3881//70 2716//70
f 2716//70 3881//70 3882//70
f 2716//71 3882//71 2717//71
f 2717//71 3882//71 3883//71
f 2717//72 3883//72 2718//72
f 2718//72 3883//72 3884//72
f 2718//67 3884//67 2719//67
f 2719//67 3884//67 3885//67
f 2719//68 3885//68 2720//68
f 2720//68 3885//68 3886//68
f 2720//69 3886//69 2721//69
f 2721//69 3886//69 3887//69
f 2721//66 3887//66 2722//66
f 2722//66 3887//66 3888//66
f 2722//65 3888//65 2494//65
f 2494//65 3888//65 3889//65
f 2494//64 3889//64 2495//64
f 2495//64 3889//64 3878//64
f 3885//101 3890//101 3886//101
f 3886//101 3890//101 3891//101
f 3886//101 3891//101 3887//101
f 3887//101 3891//101 3892//101
f 3887//101 3892//101 3888//101
f 3888//101 3892//101 3893//101
f 3888//101 3893//101 3889//101
f 3889//101 3893//101 3894//101
f 3889//101 3894//101 3878//101
f 3878//101 3894//101 3895//101
f 3878//101 3895//101 3879//101
f 3879//101 3895//101 3896//101
f 3879//101 3896//101 3880//101
f 3880//101 3896//101 3897//101
f 3880//101 3897//101 3881//101
f 3881//101 3897//101 3898//101
f 3881//101 3898//101 3882//101
f 3882//101 3898//101 3899//101
f 3882//101 3899//101 3883//101
f 3883//101 3899//101 3900//101
f 3883//101 3900//101 3884//101
f 3884//101 3900//101 3901//101
f 3884//101 3901//101 3885//101
f 3885//101 3901//101 3890//101
f 3895//29 3150//29 3896//29
f 3896//29 3150//29 3054//29
f 3896//28 3054//28 3897//28
f 3897//28 3054//28 3046//28
f 3897//27 3046//27 3898//27
f 3898//27 3046//27 3044//27
f 3898//70 3044//70 3899//70
f 3899//70 3044//70 3042//70
f 3899//71 3042//71 3900//71
f 3900//71 3042//71 3041//71
f 3900//72 3041//72 3901//72
f 3901//72 3041//72 3038//72
f 3901//67 3038//67 3890//67
f 3890//67 3038//67 3155//67
f 3890//68 3155//68 3891//68
f 3891//68 3155//68 3154//68
f 3891//69 3154//69 3892//69
f 3892//69 3154//69 3153//69
f 3892//66 3153//66 3893//66
f 3893//66 3153//66 3152//66
f 3893//65 3152//65 3894//65
f 3894//65 3152//65 3151//65
f 3894//64 3151//64 3895//64
f 3895//64 3151//64 3150//64
f 3902//2 3903//2 3904//2
f 3905//2 3906//2 3907//2
f 3907//2 3908//2 3905//2
f 3905//2 3908//2 3909//2
f 3905//2 3909//2 3904//2
f 3904//2 3909//2 3910//2
f 3904//2 3910//2 3902//2
f 3904//1773 3903//1773 3911//1773
f 3905//1774 3912//1774 3913//1774
f 3906//1774 3905//1774 3914//1774
f 3914//1774 3905//1774 3913//1774
f 3914//1775 3913//1775 3915//1775
f 3915//1775 3913//1775 3916//1775
f 3915//1776 3916//1776 3917//1776
f 3917//1776 3916//1776 3918//1776
f 3917//1777 3918//1777 3919//1777
f 3919//1778 3918//1778 3920//1778
f 3921//1779 3922//1779 3920//1779
f 3920//1780 3922//1780 3923//1780
f 3920//1781 3923//1781 3919//1781
f 3924//1782 3925//1782 3921//1782
f 3921//1783 3925//1783 3926//1783
f 3921//1784 3926//1784 3922//1784
f 3927//1785 3928//1785 3929//1785
f 3929//1786 3928//1786 3930//1786
f 3929//1787 3930//1787 3924//1787
f 3924//1787 3930//1787 3931//1787
f 3924//1788 3931//1788 3925//1788
f 3932//1789 3933//1789 3934//1789
f 3934//1790 3933//1790 3935//1790
f 3934//1791 3935//1791 3927//1791
f 3927//1791 3935//1791 3936//1791
f 3927//1792 3936//1792 3928//1792
f 3937//1793 3938//1793 3939//1793
f 3939//1794 3938//1794 3940//1794
f 3939//1795 3940//1795 3941//1795
f 3941//1795 3940//1795 3942//1795
f 3941//1796 3942//1796 3943//1796
f 3943//1796 3942//1796 3944//1796
f 3943//1797 3944//1797 3932//1797
f 3932//1797 3944//1797 3945//1797
f 3932//1798 3945//1798 3933//1798
f 3946//1799 3947//1799 3948//1799
f 3948//1800 3947//1800 3949//1800
f 3948//1801 3949//1801 3937//1801
f 3937//1801 3949//1801 3950//1801
f 3937//1802 3950//1802 3938//1802
f 3951//1803 3952//1803 3953//1803
f 3953//1804 3952//1804 3954//1804
f 3953//1805 3954//1805 3946//1805
f 3946//1805 3954//1805 3955//1805
f 3946//1806 3955//1806 3947//1806
f 3956//1773 3904//1773 3957//1773
f 3957//1773 3904//1773 3911//1773
f 3957//1807 3911//1807 3958//1807
f 3958//1807 3911//1807 3959//1807
f 3958//1808 3959//1808 3960//1808
f 3960//1808 3959//1808 3961//1808
f 3960//1809 3961//1809 3962//1809
f 3962//1809 3961//1809 3963//1809
f 3962//1810 3963//1810 3964//1810
f 3964//1810 3963//1810 3965//1810
f 3964//1811 3965//1811 3951//1811
f 3951//1811 3965//1811 3966//1811
f 3951//1812 3966//1812 3952//1812
f 3967//72 3968//72 3969//72
f 3969//72 3968//72 3970//72
f 3969//71 3970//71 3971//71
f 3971//71 3970//71 3972//71
f 3971//70 3972//70 3973//70
f 3973//70 3972//70 3974//70
f 3973//27 3974//27 3975//27
f 3975//27 3974//27 3976//27
f 3975//28 3976//28 3977//28
f 3977//28 3976//28 3978//28
f 3977//29 3978//29 3979//29
f 3979//29 3978//29 3980//29
f 3979//64 3980//64 3981//64
f 3981//64 3980//64 3982//64
f 3981//65 3982//65 3983//65
f 3983//65 3982//65 3984//65
f 3983//66 3984//66 3985//66
f 3985//66 3984//66 3986//66
f 3985//69 3986//69 3987//69
f 3987//69 3986//69 3988//69
f 3987//68 3988//68 3989//68
f 3989//68 3988//68 3990//68
f 3989//67 3990//67 3967//67
f 3967//67 3990//67 3968//67
f 3991//72 3992//72 3993//72
f 3993//72 3992//72 3994//72
f 3993//71 3994//71 3995//71
f 3995//71 3994//71 3996//71
f 3995//70 3996//70 3997//70
f 3997//70 3996//70 3998//70
f 3997//27 3998//27 3999//27
f 3999//27 3998//27 4000//27
f 3999//28 4000//28 4001//28
f 4001//28 4000//28 4002//28
f 4001//29 4002//29 4003//29
f 4003//29 4002//29 4004//29
f 4003//64 4004//64 4005//64
f 4005//64 4004//64 4006//64
f 4005//65 4006//65 4007//65
f 4007//65 4006//65 4008//65
f 4007//66 4008//66 4009//66
f 4009//66 4008//66 4010//66
f 4009//69 4010//69 4011//69
f 4011//69 4010//69 4012//69
f 4011//68 4012//68 4013//68
f 4013//68 4012//68 4014//68
f 4013//67 4014//67 3991//67
f 3991//67 4014//67 3992//67
f 4015//1 4016//1 4017//1
f 4017//1 4016//1 4018//1
f 4017//1 4018//1 4019//1
f 4019//1 4018//1 4020//1
f 4021//1813 4022//1813 4023//1813
f 4024//1814 4016//1814 4025//1814
f 4025//1814 4016//1814 4015//1814
f 4026//1815 4027//1815 4028//1815
f 4024//1816 4025//1816 4028//1816
f 4028//1817 4025//1817 4029//1817
f 4028//1818 4029//1818 4030//1818
f 4031//1819 4021//1819 4032//1819
f 4032//1820 4033//1820 4031//1820
f 4031//1821 4033//1821 4034//1821
f 4031//1822 4034//1822 4035//1822
f 4035//1064 4036//1064 4031//1064
f 4031//1823 4036//1823 4020//1823
f 4031//1823 4020//1823 4018//1823
f 4021//1813 4023//1813 4032//1813
f 4032//1824 4023//1824 4037//1824
f 4032//1824 4037//1824 4038//1824
f 4038//1825 4037//1825 4039//1825
f 4038//1825 4039//1825 4040//1825
f 4040//1826 4039//1826 4041//1826
f 4040//1826 4041//1826 4042//1826
f 4042//1827 4041//1827 4043//1827
f 4042//1827 4043//1827 4044//1827
f 4044//1828 4043//1828 4045//1828
f 4044//1828 4045//1828 4046//1828
f 4046//1829 4045//1829 4047//1829
f 4046//1829 4047//1829 4048//1829
f 4048//1830 4047//1830 4049//1830
f 4048//1830 4049//1830 4050//1830
f 4050//1831 4049//1831 4051//1831
f 4050//1831 4051//1831 4052//1831
f 4052//1832 4051//1832 4053//1832
f 4053//1833 4051//1833 4054//1833
f 4053//1834 4054//1834 4055//1834
f 4056//1835 4057//1835 4058//1835
f 4058//1836 4057//1836 4059//1836
f 4058//1836 4059//1836 4060//1836
f 4060//1837 4059//1837 4061//1837
f 4060//1837 4061//1837 4062//1837
f 4062//1838 4061//1838 4063//1838
f 4062//1838 4063//1838 4064//1838
f 4064//1839 4063//1839 4065//1839
f 4064//1839 4065//1839 4066//1839
f 4066//1840 4065//1840 4067//1840
f 4066//1840 4067//1840 4068//1840
f 4068//1841 4067//1841 4069//1841
f 4068//1841 4069//1841 4054//1841
f 4054//1842 4069//1842 4070//1842
f 4054//1843 4070//1843 4055//1843
f 4030//1844 4071//1844 4028//1844
f 4028//1845 4071//1845 4072//1845
f 4028//1815 4072//1815 4026//1815
f 4026//1846 4072//1846 4073//1846
f 4026//1846 4073//1846 4074//1846
f 4074//1847 4073//1847 4075//1847
f 4074//1847 4075//1847 4076//1847
f 4076//1848 4075//1848 4077//1848
f 4076//1848 4077//1848 4078//1848
f 4078//1849 4077//1849 4079//1849
f 4078//1849 4079//1849 4080//1849
f 4080//1850 4079//1850 4081//1850
f 4080//1850 4081//1850 4082//1850
f 4082//1851 4081//1851 4083//1851
f 4082//1851 4083//1851 4084//1851
f 4084//1852 4083//1852 4085//1852
f 4084//1852 4085//1852 4086//1852
f 4086//1853 4085//1853 4087//1853
f 4086//1854 4087//1854 4056//1854
f 4056//1855 4087//1855 4088//1855
f 4056//1835 4088//1835 4057//1835
f 4089//101 4090//101 4091//101
f 4092//101 4093//101 4019//101
f 4094//101 4095//101 4096//101
f 4097//101 4098//101 4099//101
f 4100//101 4101//101 4102//101
f 4103//101 4104//101 4105//101
f 4035//101 4106//101 4036//101
f 4053//101 4107//101 4052//101
f 4108//101 4109//101 4110//101
f 4087//101 4111//101 4088//101
f 4083//101 4112//101 4113//101
f 4112//101 4083//101 4081//101
f 4072//101 4071//101 4114//101
f 4114//101 4071//101 4030//101
f 4015//101 4017//101 4025//101
f 4025//101 4017//101 4115//101
f 4116//101 4117//101 4115//101
f 4115//101 4117//101 4118//101
f 4118//101 4119//101 4115//101
f 4115//101 4119//101 4029//101
f 4115//101 4029//101 4025//101
f 4119//101 4120//101 4029//101
f 4029//101 4120//101 4121//101
f 4029//101 4121//101 4030//101
f 4030//101 4121//101 4122//101
f 4030//101 4122//101 4114//101
f 4114//101 4122//101 4123//101
f 4123//101 4124//101 4114//101
f 4114//101 4124//101 4125//101
f 4114//101 4125//101 4126//101
f 4126//101 4125//101 4127//101
f 4126//101 4127//101 4128//101
f 4129//101 4130//101 4099//101
f 4130//101 4131//101 4099//101
f 4099//101 4131//101 4132//101
f 4099//101 4132//101 4113//101
f 4113//101 4132//101 4133//101
f 4113//101 4133//101 4134//101
f 4134//101 4135//101 4113//101
f 4113//101 4135//101 4085//101
f 4113//101 4085//101 4083//101
f 4135//101 4136//101 4085//101
f 4085//101 4136//101 4137//101
f 4085//101 4137//101 4087//101
f 4087//101 4137//101 4138//101
f 4087//101 4138//101 4111//101
f 4138//101 4139//101 4111//101
f 4111//101 4139//101 4140//101
f 4111//101 4140//101 4129//101
f 4110//101 4109//101 4111//101
f 4141//101 4142//101 4143//101
f 4144//101 4145//101 4110//101
f 4110//101 4145//101 4146//101
f 4110//101 4146//101 4108//101
f 4109//101 4147//101 4111//101
f 4111//101 4147//101 4148//101
f 4111//101 4148//101 4088//101
f 4088//101 4148//101 4149//101
f 4088//101 4149//101 4057//101
f 4057//101 4149//101 4150//101
f 4057//101 4150//101 4151//101
f 4152//101 4059//101 4057//101
f 4067//101 4065//101 4153//101
f 4153//101 4065//101 4063//101
f 4153//101 4063//101 4152//101
f 4152//101 4063//101 4061//101
f 4152//101 4061//101 4059//101
f 4055//101 4070//101 4154//101
f 4154//101 4070//101 4069//101
f 4154//101 4069//101 4155//101
f 4155//101 4069//101 4067//101
f 4156//101 4157//101 4158//101
f 4158//101 4157//101 4159//101
f 4158//101 4159//101 4160//101
f 4160//101 4159//101 4161//101
f 4160//101 4161//101 4162//101
f 4162//101 4163//101 4160//101
f 4160//101 4163//101 4164//101
f 4160//102 4164//102 4107//102
f 4164//101 4165//101 4107//101
f 4107//101 4165//101 4166//101
f 4107//101 4166//101 4052//101
f 4052//101 4166//101 4167//101
f 4052//101 4167//101 4050//101
f 4050//101 4167//101 4168//101
f 4050//101 4168//101 4169//101
f 4169//101 4156//101 4050//101
f 4050//101 4156//101 4158//101
f 4050//101 4158//101 4048//101
f 4048//101 4158//101 4046//101
f 4170//101 4171//101 4158//101
f 4172//101 4173//101 4174//101
f 4171//101 4175//101 4158//101
f 4158//101 4175//101 4176//101
f 4158//101 4176//101 4046//101
f 4046//101 4176//101 4177//101
f 4046//101 4177//101 4044//101
f 4177//101 4178//101 4044//101
f 4044//101 4178//101 4179//101
f 4044//101 4179//101 4042//101
f 4042//101 4179//101 4180//101
f 4042//101 4180//101 4040//101
f 4040//101 4180//101 4181//101
f 4040//101 4181//101 4182//101
f 4032//101 4038//101 4183//101
f 4183//101 4038//101 4040//101
f 4183//101 4040//101 4172//101
f 4172//101 4040//101 4182//101
f 4172//101 4182//101 4173//101
f 4032//101 4096//101 4033//101
f 4033//101 4096//101 4095//101
f 4033//101 4095//101 4034//101
f 4036//101 4106//101 4020//101
f 4020//101 4106//101 4184//101
f 4020//101 4184//101 4019//101
f 4185//101 4186//101 4187//101
f 4187//101 4186//101 4188//101
f 4187//101 4188//101 4126//101
f 4189//101 4160//101 4101//101
f 4101//101 4160//101 4107//101
f 4101//101 4107//101 4102//101
f 4102//101 4107//101 4053//101
f 4102//101 4053//101 4055//101
f 4190//101 4191//101 4102//101
f 4102//101 4191//101 4192//101
f 4102//101 4192//101 4100//101
f 4110//101 4193//101 4190//101
f 4190//101 4193//101 4194//101
f 4190//101 4194//101 4191//101
f 4129//100 4099//100 4111//100
f 4111//101 4099//101 4098//101
f 4111//101 4098//101 4195//101
f 4195//101 4196//101 4111//101
f 4111//101 4196//101 4197//101
f 4111//101 4197//101 4110//101
f 4110//101 4197//101 4198//101
f 4110//101 4198//101 4193//101
f 4091//101 4199//101 4200//101
f 4200//101 4201//101 4091//101
f 4091//101 4201//101 4202//101
f 4091//101 4202//101 4203//101
f 4203//101 4202//101 4204//101
f 4075//101 4073//101 4205//101
f 4205//101 4073//101 4072//101
f 4205//101 4072//101 4091//101
f 4091//101 4072//101 4114//101
f 4091//101 4114//101 4199//101
f 4199//101 4114//101 4126//101
f 4199//101 4126//101 4206//101
f 4206//101 4126//101 4188//101
f 4096//101 4207//101 4208//101
f 4032//101 4183//101 4096//101
f 4096//101 4183//101 4209//101
f 4096//101 4209//101 4207//101
f 4210//101 4211//101 4212//101
f 4212//101 4211//101 4096//101
f 4212//101 4096//101 4213//101
f 4213//101 4096//101 4208//101
f 4210//101 4214//101 4211//101
f 4211//101 4214//101 4215//101
f 4211//101 4215//101 4172//101
f 4172//101 4215//101 4216//101
f 4216//101 4217//101 4172//101
f 4172//101 4217//101 4218//101
f 4172//101 4218//101 4183//101
f 4183//101 4218//101 4219//101
f 4183//101 4219//101 4209//101
f 4174//101 4170//101 4172//101
f 4172//101 4170//101 4158//101
f 4172//101 4158//101 4211//101
f 4211//101 4158//101 4160//101
f 4211//101 4160//101 4220//101
f 4220//101 4160//101 4189//101
f 4220//101 4221//101 4211//101
f 4211//101 4221//101 4103//101
f 4211//101 4103//101 4096//101
f 4096//101 4103//101 4105//101
f 4096//101 4105//101 4094//101
f 4222//101 4223//101 4094//101
f 4094//101 4223//101 4224//101
f 4094//101 4224//101 4225//101
f 4226//101 4184//101 4227//101
f 4227//101 4184//101 4106//101
f 4227//101 4106//101 4228//101
f 4228//101 4106//101 4229//101
f 4230//101 4231//101 4187//101
f 4187//101 4231//101 4232//101
f 4187//101 4232//101 4233//101
f 4104//101 4234//101 4105//101
f 4105//101 4234//101 4185//101
f 4105//101 4185//101 4094//101
f 4094//101 4185//101 4187//101
f 4094//101 4187//101 4222//101
f 4222//101 4187//101 4233//101
f 4034//101 4095//101 4035//101
f 4035//101 4095//101 4094//101
f 4035//101 4094//101 4106//101
f 4106//101 4094//101 4225//101
f 4106//101 4225//101 4229//101
f 4235//101 4236//101 4102//101
f 4236//101 4237//101 4102//101
f 4102//101 4237//101 4238//101
f 4102//101 4238//101 4190//101
f 4190//101 4238//101 4239//101
f 4190//101 4239//101 4240//101
f 4055//101 4154//101 4102//101
f 4102//101 4154//101 4241//101
f 4102//101 4241//101 4235//101
f 4242//101 4243//101 4155//101
f 4243//101 4244//101 4155//101
f 4155//101 4244//101 4245//101
f 4155//101 4245//101 4154//101
f 4154//101 4245//101 4246//101
f 4154//101 4246//101 4241//101
f 4019//101 4093//101 4017//101
f 4247//101 4248//101 4184//101
f 4184//101 4248//101 4019//101
f 4019//101 4248//101 4249//101
f 4019//101 4249//101 4092//101
f 4093//101 4250//101 4017//101
f 4017//101 4250//101 4251//101
f 4017//101 4251//101 4115//101
f 4115//101 4251//101 4252//101
f 4115//101 4252//101 4253//101
f 4253//101 4254//101 4115//101
f 4115//101 4254//101 4255//101
f 4115//101 4255//101 4184//101
f 4184//101 4255//101 4256//101
f 4184//101 4256//101 4247//101
f 4226//101 4230//101 4184//101
f 4184//101 4230//101 4187//101
f 4184//101 4187//101 4115//101
f 4115//101 4187//101 4126//101
f 4115//101 4126//101 4116//101
f 4116//101 4126//101 4128//101
f 4240//101 4242//101 4190//101
f 4190//101 4242//101 4155//101
f 4190//101 4155//101 4110//101
f 4110//101 4155//101 4143//101
f 4110//101 4143//101 4144//101
f 4144//101 4143//101 4142//101
f 4257//101 4258//101 4143//101
f 4155//101 4259//101 4260//101
f 4151//101 4141//101 4057//101
f 4057//101 4141//101 4143//101
f 4057//101 4143//101 4152//101
f 4152//101 4143//101 4258//101
f 4152//101 4258//101 4261//101
f 4067//101 4153//101 4155//101
f 4155//101 4153//101 4262//101
f 4155//101 4262//101 4259//101
f 4260//101 4263//101 4155//101
f 4155//101 4263//101 4264//101
f 4155//101 4264//101 4143//101
f 4143//101 4264//101 4265//101
f 4143//101 4265//101 4257//101
f 4261//101 4266//101 4152//101
f 4152//101 4266//101 4267//101
f 4152//101 4267//101 4153//101
f 4153//101 4267//101 4268//101
f 4153//101 4268//101 4262//101
f 4091//101 4090//101 4205//101
f 4205//101 4090//101 4269//101
f 4205//101 4269//101 4270//101
f 4270//101 4271//101 4205//101
f 4205//101 4271//101 4272//101
f 4205//101 4272//101 4075//101
f 4075//101 4272//101 4273//101
f 4075//101 4273//101 4077//101
f 4077//101 4273//101 4079//101
f 4271//101 4274//101 4272//101
f 4272//101 4274//101 4275//101
f 4272//101 4275//101 4203//101
f 4203//101 4275//101 4276//101
f 4203//101 4276//101 4277//101
f 4277//101 4278//101 4203//101
f 4203//101 4278//101 4279//101
f 4203//100 4279//100 4091//100
f 4091//101 4279//101 4280//101
f 4091//101 4280//101 4089//101
f 4281//101 4282//101 4272//101
f 4282//101 4283//101 4272//101
f 4272//101 4283//101 4284//101
f 4272//101 4284//101 4273//101
f 4273//101 4284//101 4285//101
f 4273//101 4285//101 4286//101
f 4113//101 4287//101 4288//101
f 4081//101 4079//101 4112//101
f 4112//101 4079//101 4273//101
f 4112//101 4273//101 4289//101
f 4289//101 4273//101 4286//101
f 4289//101 4290//101 4112//101
f 4112//101 4290//101 4291//101
f 4112//101 4291//101 4113//101
f 4113//101 4291//101 4292//101
f 4113//101 4292//101 4287//101
f 4288//101 4281//101 4113//101
f 4113//101 4281//101 4272//101
f 4113//101 4272//101 4099//101
f 4099//101 4272//101 4203//101
f 4099//101 4203//101 4097//101
f 4097//101 4203//101 4204//101
f 3912//73 4027//73 4026//73
f 3912//73 4026//73 3913//73
f 3913//73 4026//73 4074//73
f 3913//73 4074//73 3916//73
f 3916//73 4074//73 4076//73
f 3916//73 4076//73 3918//73
f 3918//73 4076//73 4078//73
f 3918//73 4078//73 3920//73
f 3920//73 4078//73 4080//73
f 3920//73 4080//73 3921//73
f 3921//73 4080//73 4082//73
f 3921//73 4082//73 3924//73
f 3924//73 4082//73 4084//73
f 3924//73 4084//73 3929//73
f 3929//73 4084//73 4086//73
f 3929//73 4086//73 3927//73
f 3927//73 4086//73 4056//73
f 3927//73 4056//73 3934//73
f 3934//73 4056//73 4058//73
f 3934//73 4058//73 3932//73
f 3932//73 4058//73 4060//73
f 3932//73 4060//73 3943//73
f 3943//73 4060//73 4062//73
f 3943//73 4062//73 3941//73
f 3941//73 4062//73 4064//73
f 3941//73 4064//73 3939//73
f 3939//73 4064//73 4066//73
f 3939//73 4066//73 3937//73
f 3937//73 4066//73 4068//73
f 3937//73 4068//73 3948//73
f 3948//73 4068//73 4054//73
f 3948//73 4054//73 3946//73
f 3946//73 4054//73 4051//73
f 3946//73 4051//73 3953//73
f 3953//73 4051//73 4049//73
f 3953//73 4049//73 3951//73
f 3951//73 4049//73 4047//73
f 3951//73 4047//73 3964//73
f 3964//73 4047//73 4045//73
f 3964//73 4045//73 3962//73
f 3962//73 4045//73 4043//73
f 3962//73 4043//73 3960//73
f 3960//73 4043//73 4041//73
f 3960//73 4041//73 3958//73
f 3958//73 4041//73 4039//73
f 3958//73 4039//73 3957//73
f 3957//73 4039//73 4037//73
f 3957//73 4037//73 3956//73
f 3956//73 4037//73 4023//73
f 3956//73 4023//73 4022//73
f 3990//73 3905//73 3968//73
f 3968//73 3905//73 3904//73
f 4024//73 4028//73 3905//73
f 3905//73 4012//73 4024//73
f 4024//73 4012//73 4010//73
f 4024//73 4010//73 4016//73
f 4016//73 4010//73 4008//73
f 4016//73 4008//73 4006//73
f 4016//73 3982//73 4018//73
f 4018//73 3982//73 3980//73
f 3980//73 3978//73 4018//73
f 4018//73 3978//73 3976//73
f 4018//73 3976//73 4031//73
f 4006//73 4004//73 4016//73
f 4016//73 4004//73 4002//73
f 4016//73 4002//73 3982//73
f 3982//73 4002//73 4000//73
f 3982//73 4000//73 3984//73
f 3904//73 4021//73 4031//73
f 3984//73 4000//73 3986//73
f 3986//73 4000//73 3998//73
f 3986//73 3998//73 3988//73
f 3976//73 3974//73 4031//73
f 4031//73 3974//73 3972//73
f 4031//73 3972//73 3904//73
f 3904//73 3972//73 3970//73
f 3904//73 3970//73 3968//73
f 3998//73 3996//73 3988//73
f 3988//73 3996//73 3994//73
f 3988//73 3994//73 3990//73
f 3990//73 3994//73 3992//73
f 3990//73 3992//73 3905//73
f 3905//73 3992//73 4014//73
f 3905//73 4014//73 4012//73
f 3905//19 4028//19 3912//19
f 3912//19 4028//19 4027//19
f 3956//8 4022//8 3904//8
f 3904//8 4022//8 4021//8
f 3999//73 4001//73 4293//73
f 4293//73 4001//73 4003//73
f 4293//73 4003//73 4005//73
f 3993//73 3995//73 4293//73
f 4293//73 3995//73 3997//73
f 4293//73 3997//73 3999//73
f 4011//73 4013//73 4293//73
f 4293//73 4013//73 3991//73
f 4293//73 3991//73 3993//73
f 4005//73 4007//73 4293//73
f 4293//73 4007//73 4009//73
f 4293//73 4009//73 4011//73
f 3975//73 3977//73 4294//73
f 4294//73 3977//73 3979//73
f 4294//73 3979//73 3981//73
f 3969//73 3971//73 4294//73
f 4294//73 3971//73 3973//73
f 4294//73 3973//73 3975//73
f 3987//73 3989//73 4294//73
f 4294//73 3989//73 3967//73
f 4294//73 3967//73 3969//73
f 3981//73 3983//73 4294//73
f 4294//73 3983//73 3985//73
f 4294//73 3985//73 3987//73
f 3917//73 4295//73 3915//73
f 3931//73 4296//73 3925//73
f 3936//73 4297//73 3928//73
f 3945//73 4298//73 3933//73
f 3950//73 4299//73 3938//73
f 3955//73 4300//73 3947//73
f 3966//73 4301//73 3952//73
f 4302//73 4300//73 4303//73
f 4304//73 4297//73 4305//73
f 4306//73 4307//73 4295//73
f 4308//73 4309//73 3907//73
f 3907//73 4309//73 4310//73
f 3907//73 4310//73 3908//73
f 3908//73 4310//73 4311//73
f 3908//73 4311//73 4312//73
f 3914//73 4313//73 4314//73
f 4315//73 3915//73 4316//73
f 4316//73 3915//73 4295//73
f 4316//73 4295//73 4317//73
f 4317//73 4295//73 4307//73
f 4317//73 4307//73 4318//73
f 4318//73 4307//73 4319//73
f 4318//73 4319//73 4320//73
f 4320//73 4319//73 4321//73
f 4321//73 4319//73 4308//73
f 4321//73 4308//73 4322//73
f 4322//73 4308//73 3907//73
f 4322//73 3907//73 4314//73
f 4314//73 3907//73 3906//73
f 4314//73 3906//73 3914//73
f 4315//73 4323//73 3915//73
f 3915//73 4323//73 4324//73
f 3915//73 4324//73 3914//73
f 3914//73 4324//73 4325//73
f 3914//73 4325//73 4313//73
f 4296//73 4326//73 4327//73
f 4327//73 4326//73 4328//73
f 4327//73 4328//73 4329//73
f 4329//73 4328//73 4330//73
f 4329//73 4330//73 4304//73
f 4304//73 4330//73 4331//73
f 4304//73 4331//73 4297//73
f 4331//73 4332//73 4297//73
f 4297//73 4332//73 4333//73
f 4297//73 4333//73 3928//73
f 3928//73 4333//73 4334//73
f 3928//73 4334//73 3930//73
f 4334//73 4335//73 3930//73
f 3930//73 4335//73 4336//73
f 3930//73 4336//73 3931//73
f 4336//73 4337//73 3931//73
f 3931//73 4337//73 4338//73
f 3931//73 4338//73 4296//73
f 4296//73 4338//73 4339//73
f 4296//73 4339//73 4326//73
f 3935//73 3933//73 4340//73
f 4305//73 4341//73 4342//73
f 4342//73 4341//73 4343//73
f 4342//73 4343//73 4344//73
f 4340//73 4345//73 3935//73
f 3935//73 4345//73 4346//73
f 3935//73 4346//73 3936//73
f 3936//73 4346//73 4347//73
f 3936//73 4347//73 4297//73
f 4297//73 4347//73 4348//73
f 4297//73 4348//73 4305//73
f 4305//73 4348//73 4349//73
f 4305//73 4349//73 4341//73
f 4350//73 4351//73 4298//73
f 4298//73 4351//73 4352//73
f 4298//73 4352//73 3933//73
f 3933//73 4352//73 4353//73
f 3933//73 4353//73 4340//73
f 4299//73 4354//73 4344//73
f 3950//73 3949//73 4355//73
f 4355//73 4356//73 3950//73
f 3950//73 4356//73 4357//73
f 3950//73 4357//73 4299//73
f 4299//73 4357//73 4358//73
f 4299//73 4358//73 4354//73
f 4354//73 4358//73 4359//73
f 4354//73 4359//73 4360//73
f 4360//73 4359//73 4361//73
f 4360//73 4361//73 4302//73
f 4361//73 4362//73 4302//73
f 4302//73 4362//73 4363//73
f 4302//73 4363//73 4300//73
f 4363//73 4364//73 4300//73
f 4300//73 4364//73 4365//73
f 4300//73 4365//73 3947//73
f 3947//73 4365//73 4366//73
f 3947//73 4366//73 3949//73
f 3949//73 4366//73 4367//73
f 3949//73 4367//73 4355//73
f 4368//73 4369//73 4301//73
f 4369//73 4370//73 4301//73
f 4301//73 4370//73 4371//73
f 4301//73 4371//73 3952//73
f 4371//655 4372//655 3952//655
f 3952//73 4372//73 4373//73
f 3952//73 4373//73 3954//73
f 3954//73 4373//73 4374//73
f 3954//73 4374//73 3955//73
f 4374//73 4375//73 3955//73
f 3955//73 4375//73 4376//73
f 3955//73 4376//73 4300//73
f 4300//73 4376//73 4377//73
f 4300//73 4377//73 4303//73
f 4303//73 4377//73 4378//73
f 4303//73 4378//73 4379//73
f 4379//73 4378//73 4380//73
f 4379//73 4380//73 4381//73
f 4301//73 4382//73 4383//73
f 4380//73 4368//73 4381//73
f 4381//73 4368//73 4301//73
f 4381//73 4301//73 4384//73
f 4384//73 4301//73 4383//73
f 3911//73 3903//73 3902//73
f 4385//73 4386//73 4387//73
f 4387//73 4386//73 4388//73
f 4387//73 4388//73 4389//73
f 4389//73 4388//73 4383//73
f 4389//73 4383//73 4390//73
f 4390//73 4383//73 4382//73
f 4390//73 4382//73 4391//73
f 4392//73 3959//73 4393//73
f 4393//73 3959//73 3911//73
f 4393//74 3911//74 4394//74
f 4395//73 4396//73 3902//73
f 3902//73 4396//73 4397//73
f 3902//73 4397//73 3911//73
f 3911//73 4397//73 4398//73
f 3911//73 4398//73 4394//73
f 4399//73 3902//73 4400//73
f 4400//73 3902//73 3910//73
f 4400//73 3910//73 4312//73
f 4385//73 4395//73 4386//73
f 4386//73 4395//73 3902//73
f 4386//73 3902//73 4401//73
f 4401//73 3902//73 4399//73
f 4392//73 4391//73 3959//73
f 3959//73 4391//73 4382//73
f 3959//73 4382//73 3961//73
f 3961//73 4382//73 4402//73
f 4403//73 4301//73 4404//73
f 4404//73 4301//73 3966//73
f 4404//73 3966//73 4405//73
f 4405//73 3966//73 3965//73
f 4403//73 4406//73 4301//73
f 4301//73 4406//73 4407//73
f 4301//73 4407//73 4382//73
f 4382//73 4407//73 4408//73
f 4382//73 4408//73 4402//73
f 4402//73 4409//73 3961//73
f 3961//73 4409//73 4410//73
f 3961//73 4410//73 3963//73
f 4410//73 4411//73 3963//73
f 3963//73 4411//73 4412//73
f 3963//73 4412//73 3965//73
f 3965//73 4412//73 4413//73
f 3965//73 4413//73 4405//73
f 3940//73 4414//73 3942//73
f 3942//73 4414//73 4415//73
f 3942//73 4415//73 3944//73
f 4298//73 4416//73 4417//73
f 4415//73 4418//73 3944//73
f 3944//73 4418//73 4419//73
f 3944//73 4419//73 3945//73
f 3945//73 4419//73 4420//73
f 3945//73 4420//73 4298//73
f 4298//73 4420//73 4421//73
f 4298//73 4421//73 4416//73
f 4343//73 4350//73 4344//73
f 4344//73 4350//73 4298//73
f 4344//73 4298//73 4299//73
f 4299//73 4298//73 4417//73
f 4417//73 4422//73 4299//73
f 4299//73 4422//73 4423//73
f 4299//73 4423//73 3938//73
f 3938//73 4423//73 4424//73
f 3938//73 4424//73 3940//73
f 3940//73 4424//73 4425//73
f 3940//73 4425//73 4414//73
f 4426//73 4427//73 3922//73
f 4426//73 3922//73 4428//73
f 4327//73 4306//73 4296//73
f 4296//73 4306//73 4295//73
f 4296//73 4295//73 4429//73
f 4429//73 4295//73 4430//73
f 3922//73 3926//73 4428//73
f 4428//73 3926//73 3925//73
f 4428//73 3925//73 4431//73
f 4431//73 3925//73 4296//73
f 4431//73 4296//73 4432//73
f 4432//73 4296//73 4429//73
f 4427//73 4433//73 3922//73
f 3922//73 4433//73 3919//73
f 3922//73 3919//73 3923//73
f 4433//655 4434//655 3919//655
f 3919//73 4434//73 4435//73
f 3919//73 4435//73 3917//73
f 3917//73 4435//73 4436//73
f 3917//73 4436//73 4295//73
f 4295//73 4436//73 4437//73
f 4295//73 4437//73 4430//73
f 4312//1856 4438//1856 4400//1856
f 4400//1856 4438//1856 4186//1856
f 4400//1857 4186//1857 4399//1857
f 4399//1857 4186//1857 4185//1857
f 4399//1858 4185//1858 4401//1858
f 4401//1858 4185//1858 4234//1858
f 4401//1859 4234//1859 4386//1859
f 4386//1859 4234//1859 4104//1859
f 4386//1860 4104//1860 4388//1860
f 4388//1860 4104//1860 4103//1860
f 4388//1861 4103//1861 4383//1861
f 4383//1861 4103//1861 4221//1861
f 4383//1862 4221//1862 4384//1862
f 4384//1862 4221//1862 4220//1862
f 4384//1863 4220//1863 4381//1863
f 4381//1863 4220//1863 4189//1863
f 4381//1864 4189//1864 4379//1864
f 4379//1864 4189//1864 4101//1864
f 4379//1865 4101//1865 4303//1865
f 4303//1865 4101//1865 4100//1865
f 4303//1866 4100//1866 4302//1866
f 4302//1866 4100//1866 4192//1866
f 4302//1867 4192//1867 4360//1867
f 4360//1867 4192//1867 4191//1867
f 4360//1868 4191//1868 4354//1868
f 4354//1868 4191//1868 4194//1868
f 4354//1 4194//1 4344//1
f 4344//1 4194//1 4193//1
f 4344//1869 4193//1869 4342//1869
f 4342//1869 4193//1869 4198//1869
f 4342//1870 4198//1870 4305//1870
f 4305//1870 4198//1870 4197//1870
f 4305//1871 4197//1871 4304//1871
f 4304//1871 4197//1871 4196//1871
f 4304//1872 4196//1872 4329//1872
f 4329//1872 4196//1872 4195//1872
f 4329//1873 4195//1873 4327//1873
f 4327//1873 4195//1873 4098//1873
f 4327//1874 4098//1874 4306//1874
f 4306//1874 4098//1874 4097//1874
f 4306//1875 4097//1875 4307//1875
f 4307//1875 4097//1875 4204//1875
f 4307//1876 4204//1876 4319//1876
f 4319//1876 4204//1876 4202//1876
f 4319//1877 4202//1877 4308//1877
f 4308//1877 4202//1877 4201//1877
f 4308//1878 4201//1878 4309//1878
f 4309//1878 4201//1878 4200//1878
f 4309//1879 4200//1879 4310//1879
f 4310//1879 4200//1879 4199//1879
f 4310//1880 4199//1880 4311//1880
f 4311//1880 4199//1880 4206//1880
f 4311//1881 4206//1881 4312//1881
f 4312//1881 4206//1881 4438//1881
f 4417//29 4439//29 4422//29
f 4422//29 4439//29 4263//29
f 4422//28 4263//28 4423//28
f 4423//28 4263//28 4260//28
f 4423//27 4260//27 4424//27
f 4424//27 4260//27 4259//27
f 4424//70 4259//70 4425//70
f 4425//70 4259//70 4262//70
f 4425//71 4262//71 4414//71
f 4414//71 4262//71 4268//71
f 4414//72 4268//72 4415//72
f 4415//72 4268//72 4267//72
f 4415//67 4267//67 4418//67
f 4418//67 4267//67 4266//67
f 4418//68 4266//68 4419//68
f 4419//68 4266//68 4261//68
f 4419//69 4261//69 4420//69
f 4420//69 4261//69 4258//69
f 4420//66 4258//66 4421//66
f 4421//66 4258//66 4257//66
f 4421//65 4257//65 4416//65
f 4416//65 4257//65 4265//65
f 4416//64 4265//64 4417//64
f 4417//64 4265//64 4439//64
f 4363//29 4238//29 4364//29
f 4364//29 4238//29 4237//29
f 4364//28 4237//28 4365//28
f 4365//28 4237//28 4236//28
f 4365//27 4236//27 4366//27
f 4366//27 4236//27 4235//27
f 4366//70 4235//70 4367//70
f 4367//70 4235//70 4241//70
f 4367//71 4241//71 4355//71
f 4355//71 4241//71 4246//71
f 4355//72 4246//72 4356//72
f 4356//72 4246//72 4245//72
f 4356//67 4245//67 4357//67
f 4357//67 4245//67 4244//67
f 4357//68 4244//68 4358//68
f 4358//68 4244//68 4243//68
f 4358//69 4243//69 4359//69
f 4359//69 4243//69 4242//69
f 4359//66 4242//66 4361//66
f 4361//66 4242//66 4240//66
f 4361//65 4240//65 4362//65
f 4362//65 4240//65 4239//65
f 4362//64 4239//64 4363//64
f 4363//64 4239//64 4238//64
f 4369//29 4161//29 4370//29
f 4370//29 4161//29 4159//29
f 4370//28 4159//28 4371//28
f 4371//28 4159//28 4157//28
f 4371//27 4157//27 4372//27
f 4372//27 4157//27 4156//27
f 4372//70 4156//70 4373//70
f 4373//70 4156//70 4169//70
f 4373//71 4169//71 4374//71
f 4374//71 4169//71 4168//71
f 4374//72 4168//72 4375//72
f 4375//72 4168//72 4167//72
f 4375//67 4167//67 4376//67
f 4376//67 4167//67 4166//67
f 4376//68 4166//68 4377//68
f 4377//68 4166//68 4165//68
f 4377//69 4165//69 4378//69
f 4378//69 4165//69 4164//69
f 4378//66 4164//66 4380//66
f 4380//66 4164//66 4163//66
f 4380//65 4163//65 4368//65
f 4368//65 4163//65 4162//65
f 4368//64 4162//64 4369//64
f 4369//64 4162//64 4161//64
f 4409//29 4182//29 4410//29
f 4410//29 4182//29 4181//29
f 4410//28 4181//28 4411//28
f 4411//28 4181//28 4180//28
f 4411//27 4180//27 4412//27
f 4412//27 4180//27 4179//27
f 4412//70 4179//70 4413//70
f 4413//70 4179//70 4178//70
f 4413//71 4178//71 4405//71
f 4405//71 4178//71 4177//71
f 4405//72 4177//72 4404//72
f 4404//72 4177//72 4176//72
f 4404//67 4176//67 4403//67
f 4403//67 4176//67 4175//67
f 4403//68 4175//68 4406//68
f 4406//68 4175//68 4171//68
f 4406//69 4171//69 4407//69
f 4407//69 4171//69 4170//69
f 4407//66 4170//66 4408//66
f 4408//66 4170//66 4174//66
f 4408//65 4174//65 4402//65
f 4402//65 4174//65 4173//65
f 4402//64 4173//64 4409//64
f 4409//64 4173//64 4182//64
f 4398//29 4207//29 4394//29
f 4394//29 4207//29 4209//29
f 4394//28 4209//28 4393//28
f 4393//28 4209//28 4219//28
f 4393//27 4219//27 4392//27
f 4392//27 4219//27 4218//27
f 4392//70 4218//70 4391//70
f 4391//70 4218//70 4217//70
f 4391//71 4217//71 4390//71
f 4390//71 4217//71 4216//71
f 4390//72 4216//72 4389//72
f 4389//72 4216//72 4215//72
f 4389//67 4215//67 4387//67
f 4387//67 4215//67 4214//67
f 4387//68 4214//68 4385//68
f 4385//68 4214//68 4210//68
f 4385//69 4210//69 4395//69
f 4395//69 4210//69 4212//69
f 4395//66 4212//66 4396//66
f 4396//66 4212//66 4213//66
f 4396//65 4213//65 4397//65
f 4397//65 4213//65 4208//65
f 4397//64 4208//64 4398//64
f 4398//64 4208//64 4207//64
f 4440//1041 4441//1041 4442//1041
f 4443//1042 4441//1042 4440//1042
f 4440//1044 4444//1044 4445//1044
f 4446//1045 4444//1045 4440//1045
f 4442//1046 4446//1046 4440//1046
f 4440//1036 4447//1036 4448//1036
f 4449//1037 4447//1037 4440//1037
f 4445//1047 4449//1047 4440//1047
f 4440//1038 4450//1038 4451//1038
f 4452//1039 4450//1039 4440//1039
f 4448//1040 4452//1040 4440//1040
f 4451//1043 4443//1043 4440//1043
f 4443//29 4227//29 4441//29
f 4441//29 4227//29 4228//29
f 4441//28 4228//28 4442//28
f 4442//28 4228//28 4229//28
f 4442//27 4229//27 4446//27
f 4446//27 4229//27 4225//27
f 4446//70 4225//70 4444//70
f 4444//70 4225//70 4224//70
f 4444//71 4224//71 4445//71
f 4445//71 4224//71 4223//71
f 4445//72 4223//72 4449//72
f 4449//72 4223//72 4222//72
f 4449//67 4222//67 4447//67
f 4447//67 4222//67 4233//67
f 4447//68 4233//68 4448//68
f 4448//68 4233//68 4232//68
f 4448//69 4232//69 4452//69
f 4452//69 4232//69 4231//69
f 4452//66 4231//66 4450//66
f 4450//66 4231//66 4230//66
f 4450//65 4230//65 4451//65
f 4451//65 4230//65 4226//65
f 4451//64 4226//64 4443//64
f 4443//64 4226//64 4227//64
f 4453//1041 4454//1041 4455//1041
f 4456//1042 4454//1042 4453//1042
f 4453//1044 4457//1044 4458//1044
f 4459//1045 4457//1045 4453//1045
f 4455//1046 4459//1046 4453//1046
f 4453//1036 4460//1036 4461//1036
f 4462//1037 4460//1037 4453//1037
f 4458//1047 4462//1047 4453//1047
f 4453//1038 4463//1038 4464//1038
f 4465//1039 4463//1039 4453//1039
f 4461//1040 4465//1040 4453//1040
f 4464//1043 4456//1043 4453//1043
f 4466//29 4467//29 4454//29
f 4454//29 4467//29 4092//29
f 4454//28 4092//28 4455//28
f 4455//28 4092//28 4249//28
f 4455//27 4249//27 4459//27
f 4459//27 4249//27 4248//27
f 4459//70 4248//70 4457//70
f 4457//70 4248//70 4247//70
f 4457//71 4247//71 4458//71
f 4458//71 4247//71 4256//71
f 4458//72 4256//72 4468//72
f 4468//72 4256//72 4255//72
f 4468//67 4255//67 4460//67
f 4460//67 4255//67 4254//67
f 4460//68 4254//68 4461//68
f 4461//68 4254//68 4253//68
f 4461//69 4253//69 4465//69
f 4465//69 4253//69 4252//69
f 4465//66 4252//66 4463//66
f 4463//66 4252//66 4251//66
f 4463//65 4251//65 4464//65
f 4464//65 4251//65 4250//65
f 4464//64 4250//64 4466//64
f 4466//64 4250//64 4467//64
f 4469//1041 4470//1041 4471//1041
f 4472//1042 4470//1042 4469//1042
f 4469//1044 4473//1044 4474//1044
f 4475//1045 4473//1045 4469//1045
f 4471//1046 4475//1046 4469//1046
f 4469//1036 4476//1036 4477//1036
f 4478//1037 4476//1037 4469//1037
f 4474//1047 4478//1047 4469//1047
f 4469//1038 4479//1038 4480//1038
f 4481//1039 4479//1039 4469//1039
f 4477//1040 4481//1040 4469//1040
f 4480//1043 4472//1043 4469//1043
f 4472//29 4119//29 4470//29
f 4470//29 4119//29 4118//29
f 4470//28 4118//28 4471//28
f 4471//28 4118//28 4117//28
f 4471//27 4117//27 4475//27
f 4475//27 4117//27 4116//27
f 4475//70 4116//70 4473//70
f 4473//70 4116//70 4128//70
f 4473//71 4128//71 4474//71
f 4474//71 4128//71 4127//71
f 4474//72 4127//72 4478//72
f 4478//72 4127//72 4125//72
f 4478//67 4125//67 4476//67
f 4476//67 4125//67 4124//67
f 4476//68 4124//68 4477//68
f 4477//68 4124//68 4123//68
f 4477//69 4123//69 4481//69
f 4481//69 4123//69 4122//69
f 4481//66 4122//66 4479//66
f 4479//66 4122//66 4121//66
f 4479//65 4121//65 4480//65
f 4480//65 4121//65 4120//65
f 4480//64 4120//64 4472//64
f 4472//64 4120//64 4119//64
f 4313//29 4090//29 4314//29
f 4314//29 4090//29 4089//29
f 4314//28 4089//28 4322//28
f 4322//28 4089//28 4280//28
f 4322//27 4280//27 4321//27
f 4321//27 4280//27 4279//27
f 4321//70 4279//70 4320//70
f 4320//70 4279//70 4278//70
f 4320//71 4278//71 4318//71
f 4318//71 4278//71 4277//71
f 4318//72 4277//72 4317//72
f 4317//72 4277//72 4276//72
f 4317//67 4276//67 4316//67
f 4316//67 4276//67 4275//67
f 4316//68 4275//68 4315//68
f 4315//68 4275//68 4274//68
f 4315//69 4274//69 4323//69
f 4323//69 4274//69 4271//69
f 4323//66 4271//66 4324//66
f 4324//66 4271//66 4270//66
f 4324//65 4270//65 4325//65
f 4325//65 4270//65 4269//65
f 4325//64 4269//64 4313//64
f 4313//64 4269//64 4090//64
f 4436//29 4284//29 4437//29
f 4437//29 4284//29 4283//29
f 4437//28 4283//28 4430//28
f 4430//28 4283//28 4282//28
f 4430//27 4282//27 4429//27
f 4429//27 4282//27 4281//27
f 4429//70 4281//70 4432//70
f 4432//70 4281//70 4288//70
f 4432//71 4288//71 4431//71
f 4431//71 4288//71 4287//71
f 4431//72 4287//72 4428//72
f 4428//72 4287//72 4292//72
f 4428//67 4292//67 4426//67
f 4426//67 4292//67 4291//67
f 4426//68 4291//68 4427//68
f 4427//68 4291//68 4290//68
f 4427//69 4290//69 4433//69
f 4433//69 4290//69 4289//69
f 4433//66 4289//66 4434//66
f 4434//66 4289//66 4286//66
f 4434//65 4286//65 4435//65
f 4435//65 4286//65 4285//65
f 4435//64 4285//64 4436//64
f 4436//64 4285//64 4284//64
f 4326//29 4132//29 4328//29
f 4328//29 4132//29 4131//29
f 4328//28 4131//28 4330//28
f 4330//28 4131//28 4130//28
f 4330//27 4130//27 4331//27
f 4331//27 4130//27 4129//27
f 4331//70 4129//70 4332//70
f 4332//70 4129//70 4140//70
f 4332//71 4140//71 4333//71
f 4333//71 4140//71 4139//71
f 4333//72 4139//72 4334//72
f 4334//72 4139//72 4138//72
f 4334//67 4138//67 4335//67
f 4335//67 4138//67 4137//67
f 4335//68 4137//68 4336//68
f 4336//68 4137//68 4136//68
f 4336//69 4136//69 4337//69
f 4337//69 4136//69 4135//69
f 4337//66 4135//66 4338//66
f 4338//66 4135//66 4134//66
f 4338//65 4134//65 4339//65
f 4339//65 4134//65 4133//65
f 4339//64 4133//64 4326//64
f 4326//64 4133//64 4132//64
f 4349//29 4109//29 4341//29
f 4341//29 4109//29 4108//29
f 4341//28 4108//28 4343//28
f 4343//28 4108//28 4146//28
f 4343//27 4146//27 4350//27
f 4350//27 4146//27 4145//27
f 4350//70 4145//70 4351//70
f 4351//70 4145//70 4144//70
f 4351//71 4144//71 4352//71
f 4352//71 4144//71 4142//71
f 4352//72 4142//72 4353//72
f 4353//72 4142//72 4141//72
f 4353//67 4141//67 4340//67
f 4340//67 4141//67 4151//67
f 4340//68 4151//68 4345//68
f 4345//68 4151//68 4150//68
f 4345//69 4150//69 4346//69
f 4346//69 4150//69 4149//69
f 4346//66 4149//66 4347//66
f 4347//66 4149//66 4148//66
f 4347//65 4148//65 4348//65
f 4348//65 4148//65 4147//65
f 4348//64 4147//64 4349//64
f 4349//64 4147//64 4109//64
f 4482//102 4483//102 4484//102
f 4485//100 4486//100 4487//100
f 4488//102 4482//102 4489//102
f 4489//101 4482//101 4484//101
f 4489//101 4484//101 4490//101
f 4490//101 4484//101 4491//101
f 4484//101 4492//101 4491//101
f 4491//101 4492//101 4485//101
f 4491//101 4485//101 4493//101
f 4493//101 4485//101 4487//101
f 4494//69 4486//69 4495//69
f 4495//68 4486//68 4485//68
f 4495//68 4485//68 4496//68
f 4496//67 4485//67 4492//67
f 4496//67 4492//67 4497//67
f 4497//72 4492//72 4484//72
f 4497//72 4484//72 4498//72
f 4498//71 4484//71 4483//71
f 4498//71 4483//71 4499//71
f 4499//70 4483//70 4482//70
f 4499//70 4482//70 4500//70
f 4500//27 4482//27 4488//27
f 4500//27 4488//27 4501//27
f 4501//28 4488//28 4489//28
f 4501//28 4489//28 4502//28
f 4502//29 4489//29 4490//29
f 4502//29 4490//29 4503//29
f 4503//64 4490//64 4491//64
f 4503//64 4491//64 4504//64
f 4504//65 4491//65 4493//65
f 4504//65 4493//65 4505//65
f 4505//66 4493//66 4487//66
f 4505//66 4487//66 4494//66
f 4494//69 4487//69 4486//69
f 4506//1882 4507//1882 4508//1882
f 4508//1883 4507//1883 4509//1883
f 4508//1884 4509//1884 4510//1884
f 4511//1885 4510//1885 4512//1885
f 4513//1886 4511//1886 4514//1886
f 4513//1887 4514//1887 4515//1887
f 4515//1888 4514//1888 4516//1888
f 4515//1889 4516//1889 4517//1889
f 4518//1890 4519//1890 4520//1890
f 4520//1891 4519//1891 4521//1891
f 4520//1892 4521//1892 4522//1892
f 4522//1893 4521//1893 4523//1893
f 4522//1894 4523//1894 4524//1894
f 4524//1895 4523//1895 4525//1895
f 4524//1896 4525//1896 4526//1896
f 4526//1897 4525//1897 4527//1897
f 4526//1898 4527//1898 4528//1898
f 4528//1899 4527//1899 4529//1899
f 4528//1900 4529//1900 4530//1900
f 4530//1901 4529//1901 4531//1901
f 4530//1902 4531//1902 4532//1902
f 4532//1903 4531//1903 4509//1903
f 4532//1904 4509//1904 4533//1904
f 4533//1905 4509//1905 4507//1905
f 4510//1906 4509//1906 4512//1906
f 4512//1907 4509//1907 4531//1907
f 4512//1908 4531//1908 4534//1908
f 4534//1909 4531//1909 4529//1909
f 4534//1910 4529//1910 4535//1910
f 4535//1911 4529//1911 4527//1911
f 4535//1912 4527//1912 4536//1912
f 4536//1913 4527//1913 4525//1913
f 4536//1914 4525//1914 4537//1914
f 4537//1915 4525//1915 4523//1915
f 4537//1916 4523//1916 4538//1916
f 4538//1917 4523//1917 4521//1917
f 4538//1918 4521//1918 4539//1918
f 4539//1919 4521//1919 4519//1919
f 4539//1920 4519//1920 4540//1920
f 4511//1921 4512//1921 4514//1921
f 4514//1922 4512//1922 4534//1922
f 4514//1923 4534//1923 4516//1923
f 4516//1924 4534//1924 4535//1924
f 4516//1925 4535//1925 4541//1925
f 4541//1926 4535//1926 4536//1926
f 4541//1927 4536//1927 4542//1927
f 4542//1928 4536//1928 4537//1928
f 4542//1929 4537//1929 4543//1929
f 4543//1930 4537//1930 4538//1930
f 4543//1931 4538//1931 4544//1931
f 4544//1932 4538//1932 4539//1932
f 4544//1933 4539//1933 4545//1933
f 4545//1934 4539//1934 4540//1934
f 4545//1935 4540//1935 4546//1935
f 4517//1936 4516//1936 4547//1936
f 4547//1937 4516//1937 4541//1937
f 4547//1938 4541//1938 4548//1938
f 4548//1939 4541//1939 4542//1939
f 4548//1940 4542//1940 4549//1940
f 4549//1941 4542//1941 4543//1941
f 4549//1942 4543//1942 4550//1942
f 4550//1943 4543//1943 4544//1943
f 4550//1944 4544//1944 4551//1944
f 4551//1945 4544//1945 4545//1945
f 4551//1946 4545//1946 4552//1946
f 4552//1947 4545//1947 4546//1947
f 4552//1948 4546//1948 4553//1948
f 4501//1949 4502//1949 4554//1949
f 4554//1950 4555//1950 4501//1950
f 4501//1951 4555//1951 4556//1951
f 4501//1952 4556//1952 4500//1952
f 4556//1953 4557//1953 4500//1953
f 4500//1954 4557//1954 4558//1954
f 4500//1954 4558//1954 4499//1954
f 4499//1955 4558//1955 4559//1955
f 4499//1955 4559//1955 4498//1955
f 4498//1956 4559//1956 4560//1956
f 4498//1957 4560//1957 4497//1957
f 4560//1958 4513//1958 4497//1958
f 4497//1959 4513//1959 4515//1959
f 4497//1959 4515//1959 4496//1959
f 4496//1960 4515//1960 4495//1960
f 4515//1961 4517//1961 4495//1961
f 4495//1962 4517//1962 4547//1962
f 4495//1963 4547//1963 4494//1963
f 4494//1964 4547//1964 4548//1964
f 4548//1965 4549//1965 4494//1965
f 4494//1966 4549//1966 4550//1966
f 4494//1966 4550//1966 4505//1966
f 4505//1967 4550//1967 4551//1967
f 4505//1968 4551//1968 4504//1968
f 4551//1969 4552//1969 4504//1969
f 4504//1970 4552//1970 4553//1970
f 4504//1970 4553//1970 4503//1970
f 4503//1971 4553//1971 4561//1971
f 4503//1972 4561//1972 4502//1972
f 4502//1973 4561//1973 4562//1973
f 4502//1974 4562//1974 4554//1974
f 4506//1975 4563//1975 4564//1975
f 4506//1976 4564//1976 4507//1976
f 4507//1977 4564//1977 4565//1977
f 4507//1978 4565//1978 4533//1978
f 4565//1979 4566//1979 4533//1979
f 4533//1980 4566//1980 4567//1980
f 4533//1981 4567//1981 4532//1981
f 4532//1982 4567//1982 4568//1982
f 4532//1983 4568//1983 4530//1983
f 4568//1984 4569//1984 4530//1984
f 4530//1985 4569//1985 4570//1985
f 4530//1986 4570//1986 4528//1986
f 4528//1987 4570//1987 4571//1987
f 4528//1988 4571//1988 4526//1988
f 4526//1989 4571//1989 4572//1989
f 4526//1990 4572//1990 4573//1990
f 4573//1991 4574//1991 4526//1991
f 4526//1992 4574//1992 4575//1992
f 4526//1993 4575//1993 4524//1993
f 4524//1994 4575//1994 4576//1994
f 4524//1995 4576//1995 4522//1995
f 4576//1996 4577//1996 4522//1996
f 4522//1997 4577//1997 4578//1997
f 4522//1998 4578//1998 4520//1998
f 4520//1999 4578//1999 4579//1999
f 4520//2000 4579//2000 4518//2000
f 4580//2001 4559//2001 4558//2001
f 4519//2002 4518//2002 4581//2002
f 4540//2003 4519//2003 4582//2003
f 4583//2004 4584//2004 4585//2004
f 4585//2005 4584//2005 4586//2005
f 4585//2006 4586//2006 4587//2006
f 4587//2007 4586//2007 4588//2007
f 4587//2008 4588//2008 4589//2008
f 4589//2009 4588//2009 4590//2009
f 4589//2010 4590//2010 4591//2010
f 4591//2011 4590//2011 4592//2011
f 4591//2012 4592//2012 4593//2012
f 4593//2013 4592//2013 4594//2013
f 4593//2014 4594//2014 4595//2014
f 4595//2015 4594//2015 4596//2015
f 4595//2016 4596//2016 4597//2016
f 4597//2017 4596//2017 4598//2017
f 4597//2018 4598//2018 4599//2018
f 4599//2019 4598//2019 4546//2019
f 4599//2020 4546//2020 4540//2020
f 4519//2021 4581//2021 4582//2021
f 4582//2022 4581//2022 4600//2022
f 4582//2023 4600//2023 4601//2023
f 4601//2024 4600//2024 4602//2024
f 4601//2025 4602//2025 4603//2025
f 4603//2026 4602//2026 4604//2026
f 4603//2027 4604//2027 4605//2027
f 4605//2028 4604//2028 4606//2028
f 4605//2029 4606//2029 4607//2029
f 4607//2030 4606//2030 4608//2030
f 4607//2031 4608//2031 4609//2031
f 4609//2032 4608//2032 4610//2032
f 4609//2033 4610//2033 4611//2033
f 4611//2034 4610//2034 4612//2034
f 4611//2035 4612//2035 4613//2035
f 4613//2036 4612//2036 4614//2036
f 4613//2037 4614//2037 4615//2037
f 4540//2038 4582//2038 4599//2038
f 4599//2039 4582//2039 4601//2039
f 4599//2040 4601//2040 4597//2040
f 4597//2041 4601//2041 4603//2041
f 4597//2042 4603//2042 4595//2042
f 4595//2043 4603//2043 4605//2043
f 4595//2044 4605//2044 4593//2044
f 4593//2045 4605//2045 4607//2045
f 4593//2046 4607//2046 4591//2046
f 4591//2047 4607//2047 4609//2047
f 4591//2048 4609//2048 4589//2048
f 4589//2049 4609//2049 4611//2049
f 4589//2050 4611//2050 4587//2050
f 4587//2051 4611//2051 4613//2051
f 4587//2052 4613//2052 4585//2052
f 4585//2053 4613//2053 4615//2053
f 4585//2054 4615//2054 4583//2054
f 4583//2055 4580//2055 4584//2055
f 4584//2056 4580//2056 4558//2056
f 4584//2057 4558//2057 4586//2057
f 4586//2058 4558//2058 4557//2058
f 4586//2059 4557//2059 4588//2059
f 4588//2060 4557//2060 4556//2060
f 4588//2061 4556//2061 4590//2061
f 4590//2062 4556//2062 4555//2062
f 4590//2063 4555//2063 4592//2063
f 4592//2064 4555//2064 4554//2064
f 4592//2065 4554//2065 4594//2065
f 4594//2066 4554//2066 4562//2066
f 4594//2067 4562//2067 4596//2067
f 4596//2068 4562//2068 4561//2068
f 4596//2069 4561//2069 4598//2069
f 4598//2070 4561//2070 4553//2070
f 4598//2071 4553//2071 4546//2071
f 4616//2072 4617//2072 4618//2072
f 4618//2073 4617//2073 4619//2073
f 4618//2074 4619//2074 4620//2074
f 4620//2075 4619//2075 4621//2075
f 4620//2076 4621//2076 4622//2076
f 4622//2077 4621//2077 4623//2077
f 4511//2078 4623//2078 4510//2078
f 4510//2079 4623//2079 4621//2079
f 4510//2080 4621//2080 4508//2080
f 4508//2081 4621//2081 4619//2081
f 4508//2082 4619//2082 4506//2082
f 4506//2083 4619//2083 4617//2083
f 4614//2084 4616//2084 4615//2084
f 4615//2085 4616//2085 4618//2085
f 4615//2086 4618//2086 4583//2086
f 4583//2087 4618//2087 4620//2087
f 4583//2088 4620//2088 4580//2088
f 4580//2089 4620//2089 4622//2089
f 4580//2090 4622//2090 4559//2090
f 4559//2091 4622//2091 4623//2091
f 4559//2092 4623//2092 4560//2092
f 4560//2093 4623//2093 4511//2093
f 4560//2094 4511//2094 4513//2094
f 4573//2095 4572//2095 4624//2095
f 4625//2096 4626//2096 4579//2096
f 4579//2097 4578//2097 4625//2097
f 4625//2098 4578//2098 4577//2098
f 4625//2099 4577//2099 4627//2099
f 4577//2100 4576//2100 4627//2100
f 4627//2101 4576//2101 4575//2101
f 4627//2102 4575//2102 4624//2102
f 4624//2103 4575//2103 4574//2103
f 4624//2104 4574//2104 4573//2104
f 4568//2105 4628//2105 4569//2105
f 4569//2106 4628//2106 4629//2106
f 4569//2107 4629//2107 4570//2107
f 4570//2108 4629//2108 4630//2108
f 4570//2109 4630//2109 4571//2109
f 4571//2110 4630//2110 4631//2110
f 4571//2111 4631//2111 4572//2111
f 4572//2112 4631//2112 4632//2112
f 4572//2113 4632//2113 4624//2113
f 4568//2114 4567//2114 4628//2114
f 4628//2115 4567//2115 4566//2115
f 4628//2116 4566//2116 4633//2116
f 4563//2117 4634//2117 4564//2117
f 4564//2118 4634//2118 4633//2118
f 4564//2119 4633//2119 4565//2119
f 4565//2120 4633//2120 4566//2120
f 4518//2121 4579//2121 4635//2121
f 4518//2122 4635//2122 4581//2122
f 4581//2123 4635//2123 4636//2123
f 4581//2124 4636//2124 4600//2124
f 4600//2125 4636//2125 4637//2125
f 4600//2126 4637//2126 4602//2126
f 4602//2127 4637//2127 4638//2127
f 4602//2128 4638//2128 4604//2128
f 4604//2129 4638//2129 4639//2129
f 4604//2130 4639//2130 4606//2130
f 4639//2131 4640//2131 4606//2131
f 4606//2132 4640//2132 4641//2132
f 4606//2133 4641//2133 4608//2133
f 4641//2134 4642//2134 4608//2134
f 4608//2135 4642//2135 4643//2135
f 4608//2136 4643//2136 4610//2136
f 4643//2137 4644//2137 4610//2137
f 4610//2138 4644//2138 4645//2138
f 4610//2139 4645//2139 4612//2139
f 4612//2140 4645//2140 4646//2140
f 4612//2141 4646//2141 4647//2141
f 4612//2142 4647//2142 4614//2142
f 4614//2143 4647//2143 4648//2143
f 4614//2144 4648//2144 4616//2144
f 4616//2145 4648//2145 4649//2145
f 4616//2146 4649//2146 4617//2146
f 4617//2147 4649//2147 4563//2147
f 4617//2148 4563//2148 4506//2148
f 4650//2149 4651//2149 4652//2149
f 4652//2150 4651//2150 4653//2150
f 4654//2151 4655//2151 4656//2151
f 4656//2152 4655//2152 4657//2152
f 4656//2153 4657//2153 4650//2153
f 4650//2154 4657//2154 4658//2154
f 4650//2155 4658//2155 4651//2155
f 4659//2156 4660//2156 4661//2156
f 4661//2157 4660//2157 4662//2157
f 4661//2158 4662//2158 4663//2158
f 4663//2159 4662//2159 4664//2159
f 4663//2160 4664//2160 4654//2160
f 4654//2161 4664//2161 4665//2161
f 4654//2162 4665//2162 4655//2162
f 4666//2163 4667//2163 4659//2163
f 4659//2164 4667//2164 4668//2164
f 4659//2165 4668//2165 4660//2165
f 4669//2166 4670//2166 4666//2166
f 4666//2167 4670//2167 4671//2167
f 4666//2168 4671//2168 4667//2168
f 4672//2169 4673//2169 4669//2169
f 4669//2170 4673//2170 4674//2170
f 4669//2171 4674//2171 4670//2171
f 4653//2172 4675//2172 4652//2172
f 4652//2173 4675//2173 4676//2173
f 4652//2174 4676//2174 4677//2174
f 4677//2175 4676//2175 4678//2175
f 4677//2176 4678//2176 4679//2176
f 4679//2177 4678//2177 4680//2177
f 4679//2178 4680//2178 4672//2178
f 4672//2179 4680//2179 4681//2179
f 4672//2180 4681//2180 4673//2180
f 4660//2181 4682//2181 4683//2181
f 4684//2182 4685//2182 4686//2182
f 4687//2183 4688//2183 4689//2183
f 4687//2184 4689//2184 4690//2184
f 4690//2185 4689//2185 4691//2185
f 4690//2186 4691//2186 4692//2186
f 4693//2187 4694//2187 4691//2187
f 4691//2188 4694//2188 4695//2188
f 4691//2189 4695//2189 4692//2189
f 4686//2190 4685//2190 4696//2190
f 4685//2191 4697//2191 4696//2191
f 4696//2192 4697//2192 4698//2192
f 4696//2193 4698//2193 4693//2193
f 4693//2194 4698//2194 4699//2194
f 4693//2195 4699//2195 4694//2195
f 4683//2196 4700//2196 4701//2196
f 4700//2197 4683//2197 4702//2197
f 4702//2198 4683//2198 4682//2198
f 4702//2199 4682//2199 4703//2199
f 4688//2200 4676//2200 4675//2200
f 4688//2201 4675//2201 4689//2201
f 4689//2202 4675//2202 4653//2202
f 4689//2203 4653//2203 4691//2203
f 4691//2204 4653//2204 4651//2204
f 4691//2205 4651//2205 4693//2205
f 4651//2206 4658//2206 4693//2206
f 4693//2207 4658//2207 4657//2207
f 4693//2208 4657//2208 4696//2208
f 4696//2209 4657//2209 4655//2209
f 4696//2210 4655//2210 4686//2210
f 4686//2211 4655//2211 4665//2211
f 4686//2212 4665//2212 4704//2212
f 4704//2213 4665//2213 4664//2213
f 4704//2214 4664//2214 4662//2214
f 4684//2215 4686//2215 4701//2215
f 4701//2216 4686//2216 4704//2216
f 4701//2217 4704//2217 4683//2217
f 4683//2218 4704//2218 4662//2218
f 4683//2219 4662//2219 4660//2219
f 4705//2220 4706//2220 4707//2220
f 4707//2221 4706//2221 4708//2221
f 4705//2222 4707//2222 4709//2222
f 4709//2223 4707//2223 4710//2223
f 4709//2224 4710//2224 4711//2224
f 4711//2225 4710//2225 4703//2225
f 4703//2226 4710//2226 4712//2226
f 4703//2227 4712//2227 4702//2227
f 4702//2228 4712//2228 4700//2228
f 4700//2229 4712//2229 4713//2229
f 4700//2230 4713//2230 4701//2230
f 4701//2231 4713//2231 4714//2231
f 4701//2232 4714//2232 4684//2232
f 4715//2233 4699//2233 4716//2233
f 4716//2234 4699//2234 4698//2234
f 4716//2235 4698//2235 4717//2235
f 4717//2236 4698//2236 4697//2236
f 4717//2237 4697//2237 4718//2237
f 4718//2238 4697//2238 4685//2238
f 4718//2239 4685//2239 4684//2239
f 4719//2240 4720//2240 4721//2240
f 4721//2241 4720//2241 4722//2241
f 4721//2242 4722//2242 4723//2242
f 4723//2243 4722//2243 4687//2243
f 4723//2244 4687//2244 4724//2244
f 4724//2245 4687//2245 4690//2245
f 4724//2246 4690//2246 4725//2246
f 4725//2247 4690//2247 4692//2247
f 4725//2248 4692//2248 4726//2248
f 4726//2249 4692//2249 4695//2249
f 4726//2250 4695//2250 4715//2250
f 4715//2251 4695//2251 4694//2251
f 4715//2252 4694//2252 4699//2252
f 4727//2253 4728//2253 4729//2253
f 4730//2254 4719//2254 4729//2254
f 4729//2255 4719//2255 4721//2255
f 4729//2256 4721//2256 4727//2256
f 4727//2257 4721//2257 4723//2257
f 4727//2257 4723//2257 4731//2257
f 4731//2258 4723//2258 4724//2258
f 4731//2258 4724//2258 4732//2258
f 4732//2259 4724//2259 4733//2259
f 4733//2260 4724//2260 4725//2260
f 4733//2261 4725//2261 4734//2261
f 4734//2262 4725//2262 4726//2262
f 4734//2263 4726//2263 4735//2263
f 4735//2264 4726//2264 4715//2264
f 4735//2265 4715//2265 4736//2265
f 4736//2266 4715//2266 4716//2266
f 4736//2267 4716//2267 4737//2267
f 4737//2268 4716//2268 4738//2268
f 4738//2269 4716//2269 4717//2269
f 4738//2270 4717//2270 4739//2270
f 4739//2271 4717//2271 4718//2271
f 4739//2272 4718//2272 4740//2272
f 4684//2273 4714//2273 4718//2273
f 4718//2274 4714//2274 4741//2274
f 4718//2275 4741//2275 4740//2275
f 4708//2276 4742//2276 4707//2276
f 4707//2277 4742//2277 4743//2277
f 4707//2277 4743//2277 4710//2277
f 4710//2278 4743//2278 4744//2278
f 4710//2278 4744//2278 4712//2278
f 4712//2279 4744//2279 4745//2279
f 4712//2279 4745//2279 4713//2279
f 4713//2280 4745//2280 4746//2280
f 4713//2281 4746//2281 4714//2281
f 4714//2282 4746//2282 4747//2282
f 4714//2283 4747//2283 4741//2283
f 4748//2284 4749//2284 4737//2284
f 4737//2285 4749//2285 4750//2285
f 4737//2286 4750//2286 4736//2286
f 4736//2287 4750//2287 4751//2287
f 4736//2288 4751//2288 4735//2288
f 4752//2289 4728//2289 4753//2289
f 4753//2290 4728//2290 4727//2290
f 4753//2291 4727//2291 4754//2291
f 4754//2292 4727//2292 4731//2292
f 4754//2293 4731//2293 4755//2293
f 4755//2294 4731//2294 4732//2294
f 4755//2295 4732//2295 4756//2295
f 4751//2296 4757//2296 4735//2296
f 4735//2297 4757//2297 4758//2297
f 4735//2298 4758//2298 4734//2298
f 4734//2299 4758//2299 4756//2299
f 4734//2300 4756//2300 4733//2300
f 4733//2301 4756//2301 4732//2301
f 4740//2302 4741//2302 4759//2302
f 4759//2303 4741//2303 4747//2303
f 4759//2304 4747//2304 4760//2304
f 4760//2305 4747//2305 4746//2305
f 4760//2306 4746//2306 4761//2306
f 4761//2307 4746//2307 4745//2307
f 4761//2308 4745//2308 4762//2308
f 4762//2309 4745//2309 4744//2309
f 4762//2310 4744//2310 4763//2310
f 4763//2311 4744//2311 4743//2311
f 4763//2312 4743//2312 4764//2312
f 4764//2313 4743//2313 4742//2313
f 4764//2314 4742//2314 4765//2314
f 4765//2315 4742//2315 4708//2315
f 4759//2316 4766//2316 4740//2316
f 4740//2317 4766//2317 4767//2317
f 4740//2318 4767//2318 4739//2318
f 4739//2319 4767//2319 4748//2319
f 4739//2320 4748//2320 4738//2320
f 4738//2321 4748//2321 4737//2321
f 4768//2322 4650//2322 4769//2322
f 4769//2323 4650//2323 4652//2323
f 4769//2323 4652//2323 4770//2323
f 4770//2324 4652//2324 4677//2324
f 4770//2324 4677//2324 4771//2324
f 4771//2325 4677//2325 4679//2325
f 4771//2325 4679//2325 4772//2325
f 4772//2326 4679//2326 4672//2326
f 4772//2326 4672//2326 4773//2326
f 4773//2327 4672//2327 4669//2327
f 4773//2327 4669//2327 4774//2327
f 4774//2328 4669//2328 4666//2328
f 4774//2328 4666//2328 4775//2328
f 4775//2329 4666//2329 4659//2329
f 4775//2329 4659//2329 4776//2329
f 4776//2330 4659//2330 4661//2330
f 4776//2330 4661//2330 4777//2330
f 4777//2331 4661//2331 4663//2331
f 4777//2331 4663//2331 4778//2331
f 4778//2332 4663//2332 4654//2332
f 4778//2332 4654//2332 4779//2332
f 4779//2333 4654//2333 4656//2333
f 4779//2333 4656//2333 4768//2333
f 4768//2322 4656//2322 4650//2322
f 4780//73 4781//73 4782//73
f 4782//73 4781//73 4783//73
f 4784//73 4785//73 4786//73
f 4786//73 4785//73 4782//73
f 4786//73 4782//73 4787//73
f 4787//73 4782//73 4783//73
f 4788//73 4780//73 4789//73
f 4789//73 4780//73 4782//73
f 4789//73 4782//73 4790//73
f 4790//73 4782//73 4791//73
f 4792//73 4793//73 4794//73
f 4795//73 4796//73 4794//73
f 4793//73 4797//73 4798//73
f 4794//73 4793//73 4795//73
f 4795//73 4793//73 4798//73
f 4795//73 4798//73 4799//73
f 4800//73 4801//73 4802//73
f 4802//73 4801//73 4792//73
f 4802//73 4792//73 4803//73
f 4803//73 4792//73 4794//73
f 4804//73 4805//73 4806//73
f 4807//73 4808//73 4809//73
f 4804//73 4810//73 4805//73
f 4805//73 4810//73 4807//73
f 4805//73 4807//73 4811//73
f 4811//73 4807//73 4809//73
f 4812//73 4813//73 4814//73
f 4814//73 4813//73 4804//73
f 4814//73 4804//73 4815//73
f 4815//73 4804//73 4806//73
f 4816//73 4817//73 4818//73
f 4819//73 4820//73 4821//73
f 4822//73 4823//73 4824//73
f 4824//73 4823//73 4816//73
f 4824//73 4816//73 4825//73
f 4825//73 4816//73 4818//73
f 4816//73 4826//73 4817//73
f 4817//73 4826//73 4819//73
f 4817//73 4819//73 4827//73
f 4827//73 4819//73 4821//73
f 4828//2334 4829//2334 4830//2334
f 4831//2335 4828//2335 4832//2335
f 4833//2336 4831//2336 4834//2336
f 4634//2337 4833//2337 4835//2337
f 4634//2338 4835//2338 4633//2338
f 4633//2339 4835//2339 4836//2339
f 4633//2340 4836//2340 4628//2340
f 4628//2341 4836//2341 4837//2341
f 4628//2342 4837//2342 4629//2342
f 4629//2343 4837//2343 4630//2343
f 4630//2344 4837//2344 4838//2344
f 4630//2345 4838//2345 4631//2345
f 4828//2346 4830//2346 4832//2346
f 4832//2347 4830//2347 4839//2347
f 4832//2348 4839//2348 4840//2348
f 4840//2349 4839//2349 4841//2349
f 4840//2350 4841//2350 4842//2350
f 4842//2351 4841//2351 4843//2351
f 4842//2352 4843//2352 4844//2352
f 4844//2353 4843//2353 4845//2353
f 4844//2354 4845//2354 4846//2354
f 4846//2355 4845//2355 4847//2355
f 4846//2356 4847//2356 4848//2356
f 4848//2357 4847//2357 4849//2357
f 4848//2358 4849//2358 4850//2358
f 4850//2359 4849//2359 4851//2359
f 4850//2360 4851//2360 4852//2360
f 4831//2361 4832//2361 4834//2361
f 4834//2362 4832//2362 4840//2362
f 4834//2363 4840//2363 4853//2363
f 4853//2364 4840//2364 4842//2364
f 4853//2365 4842//2365 4854//2365
f 4854//2366 4842//2366 4844//2366
f 4854//2367 4844//2367 4855//2367
f 4855//2368 4844//2368 4846//2368
f 4855//2369 4846//2369 4856//2369
f 4856//2370 4846//2370 4848//2370
f 4856//2371 4848//2371 4857//2371
f 4857//2372 4848//2372 4850//2372
f 4857//2373 4850//2373 4858//2373
f 4858//2374 4850//2374 4852//2374
f 4858//2375 4852//2375 4859//2375
f 4833//2376 4834//2376 4835//2376
f 4835//2377 4834//2377 4853//2377
f 4835//2378 4853//2378 4836//2378
f 4836//2379 4853//2379 4854//2379
f 4836//2380 4854//2380 4837//2380
f 4837//2381 4854//2381 4855//2381
f 4837//2382 4855//2382 4838//2382
f 4838//2383 4855//2383 4856//2383
f 4838//2384 4856//2384 4860//2384
f 4860//2385 4856//2385 4857//2385
f 4860//2386 4857//2386 4861//2386
f 4861//2387 4857//2387 4858//2387
f 4861//2388 4858//2388 4862//2388
f 4862//2389 4858//2389 4859//2389
f 4862//2390 4859//2390 4863//2390
f 4631//2391 4838//2391 4632//2391
f 4632//2392 4838//2392 4860//2392
f 4632//2393 4860//2393 4624//2393
f 4624//2394 4860//2394 4861//2394
f 4624//2395 4861//2395 4627//2395
f 4627//2396 4861//2396 4862//2396
f 4627//2397 4862//2397 4625//2397
f 4625//2398 4862//2398 4863//2398
f 4625//2399 4863//2399 4626//2399
f 4864//2400 4865//2400 4641//2400
f 4634//2401 4563//2401 4649//2401
f 4634//2402 4649//2402 4866//2402
f 4649//2403 4648//2403 4866//2403
f 4866//2404 4648//2404 4647//2404
f 4866//2405 4647//2405 4867//2405
f 4867//2406 4647//2406 4646//2406
f 4641//2407 4865//2407 4642//2407
f 4646//2408 4645//2408 4867//2408
f 4867//2409 4645//2409 4644//2409
f 4867//2410 4644//2410 4868//2410
f 4868//2411 4644//2411 4643//2411
f 4868//2412 4643//2412 4869//2412
f 4869//2413 4643//2413 4642//2413
f 4869//2414 4642//2414 4870//2414
f 4870//2415 4642//2415 4865//2415
f 4641//2416 4640//2416 4864//2416
f 4864//2417 4640//2417 4639//2417
f 4864//2418 4639//2418 4871//2418
f 4639//2419 4638//2419 4871//2419
f 4871//2420 4638//2420 4637//2420
f 4871//2421 4637//2421 4872//2421
f 4579//2422 4626//2422 4635//2422
f 4635//2423 4626//2423 4872//2423
f 4635//2424 4872//2424 4636//2424
f 4636//2425 4872//2425 4637//2425
f 4873//2426 4874//2426 4875//2426
f 4874//2427 4873//2427 4876//2427
f 4876//2428 4873//2428 4877//2428
f 4876//2429 4877//2429 4878//2429
f 4879//2430 4880//2430 4881//2430
f 4881//2431 4880//2431 4882//2431
f 4881//2432 4882//2432 4883//2432
f 4883//2433 4882//2433 4878//2433
f 4884//2434 4885//2434 4886//2434
f 4886//2435 4885//2435 4887//2435
f 4886//2436 4887//2436 4888//2436
f 4888//2437 4887//2437 4889//2437
f 4884//2438 4886//2438 4890//2438
f 4890//2439 4886//2439 4891//2439
f 4890//2440 4891//2440 4892//2440
f 4892//2441 4891//2441 4893//2441
f 4893//2442 4891//2442 4894//2442
f 4893//2443 4894//2443 4895//2443
f 4896//2444 4897//2444 4898//2444
f 4898//2445 4897//2445 4899//2445
f 4898//2446 4899//2446 4900//2446
f 4900//2447 4899//2447 4901//2447
f 4900//2448 4901//2448 4902//2448
f 4903//2449 4896//2449 4894//2449
f 4894//2450 4896//2450 4898//2450
f 4894//2451 4898//2451 4895//2451
f 4895//2452 4898//2452 4900//2452
f 4895//2453 4900//2453 4904//2453
f 4904//2454 4900//2454 4902//2454
f 4903//2455 4894//2455 4905//2455
f 4905//2456 4894//2456 4891//2456
f 4905//2457 4891//2457 4906//2457
f 4906//2458 4891//2458 4886//2458
f 4906//2458 4886//2458 4907//2458
f 4907//2459 4886//2459 4888//2459
f 4907//2460 4888//2460 4908//2460
f 4879//2461 4881//2461 4889//2461
f 4889//2462 4881//2462 4909//2462
f 4889//2463 4909//2463 4888//2463
f 4888//2464 4909//2464 4910//2464
f 4888//2465 4910//2465 4908//2465
f 4911//2466 4912//2466 4883//2466
f 4883//2467 4912//2467 4913//2467
f 4883//2468 4913//2468 4881//2468
f 4881//2469 4913//2469 4914//2469
f 4881//2470 4914//2470 4909//2470
f 4909//2471 4914//2471 4915//2471
f 4909//2472 4915//2472 4910//2472
f 4878//2473 4877//2473 4883//2473
f 4883//2474 4877//2474 4916//2474
f 4883//2475 4916//2475 4911//2475
f 4875//2476 4917//2476 4873//2476
f 4873//2477 4917//2477 4918//2477
f 4873//2478 4918//2478 4877//2478
f 4877//2479 4918//2479 4919//2479
f 4877//2480 4919//2480 4916//2480
f 4920//2481 4921//2481 4922//2481
f 4922//2482 4921//2482 4923//2482
f 4922//2483 4923//2483 4924//2483
f 4924//2484 4923//2484 4925//2484
f 4924//2485 4925//2485 4926//2485
f 4920//2486 4927//2486 4921//2486
f 4921//2487 4927//2487 4928//2487
f 4921//2487 4928//2487 4929//2487
f 4929//2488 4928//2488 4930//2488
f 4929//2488 4930//2488 4931//2488
f 4931//2489 4930//2489 4932//2489
f 4931//2489 4932//2489 4933//2489
f 4933//2490 4932//2490 4934//2490
f 4934//2491 4932//2491 4935//2491
f 4934//2492 4935//2492 4936//2492
f 4936//2493 4935//2493 4937//2493
f 4936//2494 4937//2494 4938//2494
f 4939//2495 4940//2495 4941//2495
f 4941//2496 4940//2496 4938//2496
f 4941//2497 4938//2497 4942//2497
f 4942//2498 4938//2498 4937//2498
f 4896//2499 4943//2499 4897//2499
f 4897//2500 4943//2500 4944//2500
f 4897//2501 4944//2501 4899//2501
f 4899//2502 4944//2502 4945//2502
f 4899//2503 4945//2503 4901//2503
f 4875//2504 4946//2504 4917//2504
f 4917//2505 4946//2505 4947//2505
f 4917//2506 4947//2506 4918//2506
f 4948//2507 4949//2507 4913//2507
f 4913//2508 4949//2508 4950//2508
f 4913//2509 4950//2509 4914//2509
f 4913//2510 4912//2510 4948//2510
f 4948//2511 4912//2511 4911//2511
f 4948//2512 4911//2512 4951//2512
f 4951//2513 4911//2513 4916//2513
f 4951//2514 4916//2514 4952//2514
f 4952//2515 4916//2515 4919//2515
f 4952//2516 4919//2516 4953//2516
f 4953//2517 4919//2517 4918//2517
f 4953//2518 4918//2518 4954//2518
f 4954//2519 4918//2519 4947//2519
f 4914//2520 4950//2520 4915//2520
f 4915//2521 4950//2521 4955//2521
f 4915//2522 4955//2522 4910//2522
f 4910//2523 4955//2523 4956//2523
f 4910//2524 4956//2524 4908//2524
f 4908//2525 4956//2525 4957//2525
f 4908//2526 4957//2526 4907//2526
f 4907//2527 4957//2527 4958//2527
f 4907//2528 4958//2528 4906//2528
f 4906//2529 4958//2529 4959//2529
f 4906//2530 4959//2530 4905//2530
f 4905//2531 4959//2531 4960//2531
f 4905//2532 4960//2532 4903//2532
f 4903//2533 4960//2533 4961//2533
f 4903//2534 4961//2534 4896//2534
f 4896//2535 4961//2535 4962//2535
f 4896//2536 4962//2536 4943//2536
f 4963//2537 4964//2537 4965//2537
f 4966//2538 4967//2538 4968//2538
f 4968//2539 4967//2539 4969//2539
f 4968//2539 4969//2539 4965//2539
f 4970//2540 4963//2540 4971//2540
f 4971//2541 4963//2541 4965//2541
f 4971//2542 4965//2542 4972//2542
f 4972//2542 4965//2542 4969//2542
f 4973//2543 4974//2543 4975//2543
f 4976//2544 4977//2544 4978//2544
f 4978//2545 4977//2545 4979//2545
f 4978//2546 4979//2546 4980//2546
f 4978//2547 4981//2547 4976//2547
f 4976//2548 4981//2548 4982//2548
f 4976//2549 4982//2549 4983//2549
f 4983//2550 4982//2550 4984//2550
f 4983//2551 4984//2551 4985//2551
f 4985//2552 4984//2552 4986//2552
f 4985//2553 4986//2553 4987//2553
f 4987//2554 4986//2554 4988//2554
f 4987//2555 4988//2555 4989//2555
f 4989//2556 4988//2556 4990//2556
f 4989//2557 4990//2557 4991//2557
f 4991//2558 4990//2558 4992//2558
f 4991//2559 4992//2559 4993//2559
f 4993//2560 4992//2560 4994//2560
f 4993//2561 4994//2561 4995//2561
f 4995//2562 4994//2562 4996//2562
f 4995//2563 4996//2563 4997//2563
f 4997//2564 4996//2564 4973//2564
f 4997//2565 4973//2565 4998//2565
f 4998//2566 4973//2566 4975//2566
f 4998//2567 4975//2567 4999//2567
f 5000//2568 5001//2568 5002//2568
f 4711//2569 4703//2569 4682//2569
f 5003//2570 4709//2570 4711//2570
f 5004//2571 4706//2571 4705//2571
f 5002//2572 5001//2572 5004//2572
f 5004//2573 5001//2573 5005//2573
f 5004//2574 5005//2574 4706//2574
f 5000//2575 5002//2575 5006//2575
f 5006//2576 5002//2576 5007//2576
f 5006//2577 5007//2577 5008//2577
f 5008//2578 5007//2578 5009//2578
f 5009//2579 5007//2579 5010//2579
f 5009//2580 5010//2580 5011//2580
f 5012//2581 4719//2581 4730//2581
f 4730//2582 5013//2582 5012//2582
f 5012//2583 5013//2583 5014//2583
f 5012//2584 5014//2584 5010//2584
f 5010//2585 5014//2585 5015//2585
f 5010//2586 5015//2586 5011//2586
f 4719//2587 5012//2587 4720//2587
f 4720//2588 5012//2588 5016//2588
f 4720//2589 5016//2589 4722//2589
f 4722//2590 5016//2590 4688//2590
f 4722//2591 4688//2591 4687//2591
f 5010//2592 4681//2592 5012//2592
f 5012//2593 4681//2593 4680//2593
f 5012//2594 4680//2594 5016//2594
f 5016//2595 4680//2595 4678//2595
f 5016//2596 4678//2596 4688//2596
f 4688//2597 4678//2597 4676//2597
f 4668//2598 5004//2598 5003//2598
f 5003//2599 5004//2599 4705//2599
f 5003//2600 4705//2600 4709//2600
f 4711//2601 4682//2601 5003//2601
f 5003//2602 4682//2602 4660//2602
f 5003//2603 4660//2603 4668//2603
f 4668//2604 4667//2604 5004//2604
f 5004//2605 4667//2605 4671//2605
f 5004//2606 4671//2606 5002//2606
f 5002//2607 4671//2607 4670//2607
f 5002//2608 4670//2608 5007//2608
f 5007//2609 4670//2609 4674//2609
f 5007//2610 4674//2610 5010//2610
f 5010//2611 4674//2611 4673//2611
f 5010//2612 4673//2612 4681//2612
f 4761//2613 4994//2613 4992//2613
f 4765//2614 4974//2614 4973//2614
f 4765//2615 4973//2615 4764//2615
f 4764//2616 4973//2616 4996//2616
f 4764//2616 4996//2616 4763//2616
f 4994//2617 4761//2617 4996//2617
f 4996//2618 4761//2618 4762//2618
f 4996//2619 4762//2619 4763//2619
f 4990//2620 4767//2620 4992//2620
f 4992//2621 4767//2621 4766//2621
f 4766//2622 4759//2622 4992//2622
f 4992//2623 4759//2623 4760//2623
f 4992//2613 4760//2613 4761//2613
f 4988//2624 4749//2624 4990//2624
f 4990//2625 4749//2625 4748//2625
f 4990//2626 4748//2626 4767//2626
f 4986//2627 4751//2627 4988//2627
f 4988//2628 4751//2628 4750//2628
f 4988//2629 4750//2629 4749//2629
f 4756//2630 4758//2630 4986//2630
f 4986//2631 4758//2631 4757//2631
f 4986//2632 4757//2632 4751//2632
f 4986//2633 4984//2633 4756//2633
f 4756//2634 4984//2634 4982//2634
f 4756//2634 4982//2634 4755//2634
f 4755//2635 4982//2635 4754//2635
f 4754//2636 4982//2636 4981//2636
f 4754//2637 4981//2637 4753//2637
f 4981//2638 4978//2638 4753//2638
f 4753//2639 4978//2639 4980//2639
f 4753//2640 4980//2640 4752//2640
f 4966//2641 5017//2641 4967//2641
f 4967//2642 5017//2642 5018//2642
f 4967//2643 5018//2643 4969//2643
f 4969//2644 5018//2644 4972//2644
f 4972//2645 5018//2645 5019//2645
f 4972//2646 5019//2646 4971//2646
f 4971//2647 5019//2647 4970//2647
f 4970//2648 5019//2648 5020//2648
f 4970//2649 5020//2649 5021//2649
f 5022//2650 4999//2650 4975//2650
f 4975//2651 5023//2651 5022//2651
f 5022//2652 5023//2652 5024//2652
f 5022//2653 5024//2653 5025//2653
f 5025//2654 5024//2654 5026//2654
f 5025//2655 5026//2655 5020//2655
f 5020//2656 5026//2656 5027//2656
f 5020//2657 5027//2657 5021//2657
f 5021//2658 5027//2658 5028//2658
f 5021//2659 5028//2659 5029//2659
f 5030//2660 5031//2660 5032//2660
f 5032//2661 5031//2661 5033//2661
f 5032//2662 5033//2662 5034//2662
f 5033//2663 5035//2663 5034//2663
f 5034//2664 5035//2664 5036//2664
f 5034//2665 5036//2665 5037//2665
f 5036//2666 5038//2666 5037//2666
f 5037//2667 5038//2667 5039//2667
f 5037//2668 5039//2668 5040//2668
f 5039//2669 5041//2669 5040//2669
f 5040//2670 5041//2670 5042//2670
f 5040//2671 5042//2671 5043//2671
f 5042//2672 5044//2672 5043//2672
f 5043//2673 5044//2673 5045//2673
f 5043//2674 5045//2674 5046//2674
f 5045//2675 5047//2675 5046//2675
f 5046//2676 5047//2676 5048//2676
f 5046//2677 5048//2677 5049//2677
f 5049//2678 5048//2678 5050//2678
f 5050//2679 5051//2679 5049//2679
f 5049//2680 5051//2680 5052//2680
f 5049//2681 5052//2681 5053//2681
f 5052//2682 5054//2682 5053//2682
f 5053//2683 5054//2683 5055//2683
f 5053//2683 5055//2683 5056//2683
f 5056//2684 5055//2684 5057//2684
f 5056//2684 5057//2684 5058//2684
f 5058//2685 5057//2685 5059//2685
f 5058//2685 5059//2685 5060//2685
f 5061//2686 5062//2686 5063//2686
f 5063//2687 5062//2687 5064//2687
f 5063//2687 5064//2687 5065//2687
f 5065//2688 5064//2688 5066//2688
f 5065//2688 5066//2688 5067//2688
f 5067//2689 5066//2689 5068//2689
f 5067//2689 5068//2689 5069//2689
f 5069//2690 5068//2690 5070//2690
f 5069//2690 5070//2690 5071//2690
f 5071//2691 5070//2691 5072//2691
f 5071//2691 5072//2691 5073//2691
f 5073//2692 5072//2692 5074//2692
f 5073//2692 5074//2692 5075//2692
f 5075//2693 5074//2693 5076//2693
f 5075//2693 5076//2693 5077//2693
f 5077//2694 5076//2694 5078//2694
f 5077//2694 5078//2694 5079//2694
f 5079//2695 5078//2695 5080//2695
f 5079//2695 5080//2695 5081//2695
f 5081//2696 5080//2696 5082//2696
f 5081//2696 5082//2696 5083//2696
f 5083//2697 5082//2697 5084//2697
f 5083//2697 5084//2697 5061//2697
f 5061//2686 5084//2686 5062//2686
f 5063//2698 5085//2698 5061//2698
f 5061//2699 5085//2699 5086//2699
f 5061//2699 5086//2699 5083//2699
f 5083//2700 5086//2700 5087//2700
f 5083//2700 5087//2700 5081//2700
f 5081//2701 5087//2701 5088//2701
f 5081//2701 5088//2701 5079//2701
f 5079//2702 5088//2702 5089//2702
f 5079//2702 5089//2702 5077//2702
f 5077//2703 5089//2703 5090//2703
f 5077//2703 5090//2703 5075//2703
f 5075//2704 5090//2704 5091//2704
f 5075//2704 5091//2704 5073//2704
f 5073//2705 5091//2705 5092//2705
f 5073//2705 5092//2705 5071//2705
f 5071//2706 5092//2706 5093//2706
f 5071//2706 5093//2706 5069//2706
f 5069//2707 5093//2707 5094//2707
f 5069//2707 5094//2707 5067//2707
f 5067//2708 5094//2708 5095//2708
f 5067//2708 5095//2708 5065//2708
f 5065//2709 5095//2709 5096//2709
f 5065//2709 5096//2709 5063//2709
f 5063//2698 5096//2698 5085//2698
f 4769//2710 5096//2710 4768//2710
f 4768//2711 5096//2711 5095//2711
f 4768//2711 5095//2711 4779//2711
f 4779//2712 5095//2712 5094//2712
f 4779//2712 5094//2712 4778//2712
f 4778//2713 5094//2713 5093//2713
f 4778//2713 5093//2713 4777//2713
f 4777//2714 5093//2714 5092//2714
f 4777//2714 5092//2714 4776//2714
f 4776//2715 5092//2715 5091//2715
f 4776//2715 5091//2715 4775//2715
f 4775//2716 5091//2716 5090//2716
f 4775//2716 5090//2716 4774//2716
f 4774//2717 5090//2717 5089//2717
f 4774//2717 5089//2717 4773//2717
f 4773//2718 5089//2718 5088//2718
f 4773//2718 5088//2718 4772//2718
f 4772//2719 5088//2719 5087//2719
f 4772//2719 5087//2719 4771//2719
f 4771//2720 5087//2720 5086//2720
f 4771//2720 5086//2720 4770//2720
f 4770//2721 5086//2721 5085//2721
f 4770//2721 5085//2721 4769//2721
f 4769//2710 5085//2710 5096//2710
f 5097//2722 5098//2722 5099//2722
f 5099//2723 5098//2723 5100//2723
f 5099//2723 5100//2723 5101//2723
f 5101//2724 5100//2724 5102//2724
f 5101//2724 5102//2724 5103//2724
f 5103//2725 5102//2725 5104//2725
f 5103//2725 5104//2725 5105//2725
f 5105//2726 5104//2726 5106//2726
f 5105//2726 5106//2726 5107//2726
f 5107//2727 5106//2727 5108//2727
f 5107//2727 5108//2727 5109//2727
f 5109//2728 5108//2728 5110//2728
f 5109//2728 5110//2728 5111//2728
f 5111//2729 5110//2729 5112//2729
f 5111//2729 5112//2729 5113//2729
f 5113//2730 5112//2730 5114//2730
f 5113//2730 5114//2730 5115//2730
f 5115//2731 5114//2731 5116//2731
f 5115//2731 5116//2731 5117//2731
f 5117//2732 5116//2732 5118//2732
f 5117//2732 5118//2732 5119//2732
f 5119//2733 5118//2733 5120//2733
f 5119//2733 5120//2733 5097//2733
f 5097//2722 5120//2722 5098//2722
f 5099//2734 5121//2734 5097//2734
f 5097//2735 5121//2735 5122//2735
f 5097//2735 5122//2735 5119//2735
f 5119//2736 5122//2736 5123//2736
f 5119//2736 5123//2736 5117//2736
f 5117//2737 5123//2737 5124//2737
f 5117//2737 5124//2737 5115//2737
f 5115//2738 5124//2738 5125//2738
f 5115//2738 5125//2738 5113//2738
f 5113//2739 5125//2739 5126//2739
f 5113//2739 5126//2739 5111//2739
f 5111//2740 5126//2740 5127//2740
f 5111//2740 5127//2740 5109//2740
f 5109//2741 5127//2741 5128//2741
f 5109//2741 5128//2741 5107//2741
f 5107//2742 5128//2742 5129//2742
f 5107//2742 5129//2742 5105//2742
f 5105//2743 5129//2743 5130//2743
f 5105//2743 5130//2743 5103//2743
f 5103//2744 5130//2744 5131//2744
f 5103//2744 5131//2744 5101//2744
f 5101//2745 5131//2745 5132//2745
f 5101//2745 5132//2745 5099//2745
f 5099//2734 5132//2734 5121//2734
f 5132//2746 5133//2746 5121//2746
f 5121//2747 5133//2747 5134//2747
f 5121//2747 5134//2747 5122//2747
f 5122//2748 5134//2748 5135//2748
f 5122//2748 5135//2748 5123//2748
f 5123//2749 5135//2749 5136//2749
f 5123//2749 5136//2749 5124//2749
f 5124//2750 5136//2750 5137//2750
f 5124//2750 5137//2750 5125//2750
f 5125//2751 5137//2751 5138//2751
f 5125//2751 5138//2751 5126//2751
f 5126//2752 5138//2752 5139//2752
f 5126//2752 5139//2752 5127//2752
f 5127//2753 5139//2753 5140//2753
f 5127//2753 5140//2753 5128//2753
f 5128//2754 5140//2754 5141//2754
f 5128//2754 5141//2754 5129//2754
f 5129//2755 5141//2755 5142//2755
f 5129//2755 5142//2755 5130//2755
f 5130//2756 5142//2756 5143//2756
f 5130//2756 5143//2756 5131//2756
f 5131//2757 5143//2757 5144//2757
f 5131//2757 5144//2757 5132//2757
f 5132//2746 5144//2746 5133//2746
f 5145//2758 5144//2758 5146//2758
f 5146//2759 5144//2759 5143//2759
f 5146//2759 5143//2759 5147//2759
f 5147//2760 5143//2760 5142//2760
f 5147//2760 5142//2760 5148//2760
f 5148//2761 5142//2761 5141//2761
f 5148//2761 5141//2761 5149//2761
f 5149//2762 5141//2762 5140//2762
f 5149//2762 5140//2762 5150//2762
f 5150//2763 5140//2763 5139//2763
f 5150//2763 5139//2763 5151//2763
f 5151//2764 5139//2764 5138//2764
f 5151//2764 5138//2764 5152//2764
f 5152//2765 5138//2765 5137//2765
f 5152//2765 5137//2765 5153//2765
f 5153//2766 5137//2766 5136//2766
f 5153//2766 5136//2766 5154//2766
f 5154//2767 5136//2767 5135//2767
f 5154//2767 5135//2767 5155//2767
f 5155//2768 5135//2768 5134//2768
f 5155//2768 5134//2768 5156//2768
f 5156//2769 5134//2769 5133//2769
f 5156//2769 5133//2769 5145//2769
f 5145//2758 5133//2758 5144//2758
f 5157//73 5158//73 5159//73
f 5160//73 5161//73 5162//73
f 5163//73 5164//73 5162//73
f 5162//73 5164//73 5157//73
f 5162//73 5157//73 5160//73
f 5160//73 5157//73 5159//73
f 5165//73 5166//73 5167//73
f 5167//73 5166//73 5168//73
f 5169//73 5170//73 5171//73
f 5171//73 5170//73 5172//73
f 4781//2770 5173//2770 4783//2770
f 4783//2771 5173//2771 5174//2771
f 4783//2771 5174//2771 4787//2771
f 4787//2772 5174//2772 5175//2772
f 4787//2772 5175//2772 4786//2772
f 4786//2773 5175//2773 5176//2773
f 4786//2773 5176//2773 4784//2773
f 4784//2774 5176//2774 5177//2774
f 4784//2774 5177//2774 4785//2774
f 4785//2775 5177//2775 5178//2775
f 4785//2775 5178//2775 4782//2775
f 4782//2776 5178//2776 5179//2776
f 4782//2776 5179//2776 4791//2776
f 4791//2777 5179//2777 5180//2777
f 4791//2777 5180//2777 4790//2777
f 4790//2778 5180//2778 5181//2778
f 4790//2778 5181//2778 4789//2778
f 4789//2779 5181//2779 5182//2779
f 4789//2779 5182//2779 4788//2779
f 4788//2780 5182//2780 5183//2780
f 4788//2780 5183//2780 4780//2780
f 4780//2781 5183//2781 5184//2781
f 4780//2781 5184//2781 4781//2781
f 4781//2770 5184//2770 5173//2770
f 5184//2782 5185//2782 5173//2782
f 5173//2783 5185//2783 5186//2783
f 5173//2783 5186//2783 5174//2783
f 5174//2784 5186//2784 5187//2784
f 5174//2784 5187//2784 5175//2784
f 5175//2785 5187//2785 5188//2785
f 5175//2785 5188//2785 5176//2785
f 5176//2786 5188//2786 5189//2786
f 5176//2786 5189//2786 5177//2786
f 5177//2787 5189//2787 5190//2787
f 5177//2787 5190//2787 5178//2787
f 5178//2788 5190//2788 5191//2788
f 5178//2788 5191//2788 5179//2788
f 5179//2789 5191//2789 5192//2789
f 5179//2789 5192//2789 5180//2789
f 5180//2790 5192//2790 5193//2790
f 5180//2790 5193//2790 5181//2790
f 5181//2791 5193//2791 5194//2791
f 5181//2791 5194//2791 5182//2791
f 5182//2792 5194//2792 5195//2792
f 5182//2792 5195//2792 5183//2792
f 5183//2793 5195//2793 5196//2793
f 5183//2793 5196//2793 5184//2793
f 5184//2782 5196//2782 5185//2782
f 5196//2794 5197//2794 5185//2794
f 5185//2795 5197//2795 5198//2795
f 5185//2795 5198//2795 5186//2795
f 5186//2796 5198//2796 5199//2796
f 5186//2796 5199//2796 5187//2796
f 5187//2797 5199//2797 5200//2797
f 5187//2797 5200//2797 5188//2797
f 5188//2798 5200//2798 5201//2798
f 5188//2798 5201//2798 5189//2798
f 5189//2799 5201//2799 5202//2799
f 5189//2799 5202//2799 5190//2799
f 5190//2800 5202//2800 5203//2800
f 5190//2800 5203//2800 5191//2800
f 5191//2801 5203//2801 5204//2801
f 5191//2801 5204//2801 5192//2801
f 5192//2802 5204//2802 5205//2802
f 5192//2802 5205//2802 5193//2802
f 5193//2803 5205//2803 5206//2803
f 5193//2803 5206//2803 5194//2803
f 5194//2804 5206//2804 5207//2804
f 5194//2804 5207//2804 5195//2804
f 5195//2805 5207//2805 5208//2805
f 5195//2805 5208//2805 5196//2805
f 5196//2794 5208//2794 5197//2794
f 4793//2770 5209//2770 4797//2770
f 4797//2771 5209//2771 5210//2771
f 4797//2771 5210//2771 4798//2771
f 4798//2772 5210//2772 5211//2772
f 4798//2772 5211//2772 4799//2772
f 4799//2773 5211//2773 5212//2773
f 4799//2773 5212//2773 4795//2773
f 4795//2774 5212//2774 5213//2774
f 4795//2774 5213//2774 4796//2774
f 4796//2775 5213//2775 5214//2775
f 4796//2775 5214//2775 4794//2775
f 4794//2776 5214//2776 5215//2776
f 4794//2776 5215//2776 4803//2776
f 4803//2777 5215//2777 5216//2777
f 4803//2777 5216//2777 4802//2777
f 4802//2778 5216//2778 5217//2778
f 4802//2778 5217//2778 4800//2778
f 4800//2779 5217//2779 5218//2779
f 4800//2779 5218//2779 4801//2779
f 4801//2780 5218//2780 5219//2780
f 4801//2780 5219//2780 4792//2780
f 4792//2781 5219//2781 5220//2781
f 4792//2781 5220//2781 4793//2781
f 4793//2770 5220//2770 5209//2770
f 5220//2782 5221//2782 5209//2782
f 5209//2783 5221//2783 5222//2783
f 5209//2783 5222//2783 5210//2783
f 5210//2784 5222//2784 5223//2784
f 5210//2784 5223//2784 5211//2784
f 5211//2785 5223//2785 5224//2785
f 5211//2785 5224//2785 5212//2785
f 5212//2786 5224//2786 5225//2786
f 5212//2786 5225//2786 5213//2786
f 5213//2787 5225//2787 5226//2787
f 5213//2787 5226//2787 5214//2787
f 5214//2788 5226//2788 5227//2788
f 5214//2788 5227//2788 5215//2788
f 5215//2789 5227//2789 5228//2789
f 5215//2789 5228//2789 5216//2789
f 5216//2790 5228//2790 5229//2790
f 5216//2790 5229//2790 5217//2790
f 5217//2791 5229//2791 5230//2791
f 5217//2791 5230//2791 5218//2791
f 5218//2792 5230//2792 5231//2792
f 5218//2792 5231//2792 5219//2792
f 5219//2793 5231//2793 5232//2793
f 5219//2793 5232//2793 5220//2793
f 5220//2782 5232//2782 5221//2782
f 5232//2794 5233//2794 5221//2794
f 5221//2795 5233//2795 5234//2795
f 5221//2795 5234//2795 5222//2795
f 5222//2796 5234//2796 5235//2796
f 5222//2796 5235//2796 5223//2796
f 5223//2797 5235//2797 5236//2797
f 5223//2797 5236//2797 5224//2797
f 5224//2798 5236//2798 5237//2798
f 5224//2798 5237//2798 5225//2798
f 5225//2799 5237//2799 5238//2799
f 5225//2799 5238//2799 5226//2799
f 5226//2800 5238//2800 5239//2800
f 5226//2800 5239//2800 5227//2800
f 5227//2801 5239//2801 5240//2801
f 5227//2801 5240//2801 5228//2801
f 5228//2802 5240//2802 5241//2802
f 5228//2802 5241//2802 5229//2802
f 5229//2803 5241//2803 5242//2803
f 5229//2803 5242//2803 5230//2803
f 5230//2804 5242//2804 5243//2804
f 5230//2804 5243//2804 5231//2804
f 5231//2805 5243//2805 5244//2805
f 5231//2805 5244//2805 5232//2805
f 5232//2794 5244//2794 5233//2794
f 4810//2770 5245//2770 4807//2770
f 4807//2771 5245//2771 5246//2771
f 4807//2771 5246//2771 4808//2771
f 4808//2772 5246//2772 5247//2772
f 4808//2772 5247//2772 4809//2772
f 4809//2773 5247//2773 5248//2773
f 4809//2773 5248//2773 4811//2773
f 4811//2774 5248//2774 5249//2774
f 4811//2774 5249//2774 4805//2774
f 4805//2775 5249//2775 5250//2775
f 4805//2775 5250//2775 4806//2775
f 4806//2776 5250//2776 5251//2776
f 4806//2776 5251//2776 4815//2776
f 4815//2777 5251//2777 5252//2777
f 4815//2777 5252//2777 4814//2777
f 4814//2778 5252//2778 5253//2778
f 4814//2778 5253//2778 4812//2778
f 4812//2779 5253//2779 5254//2779
f 4812//2779 5254//2779 4813//2779
f 4813//2780 5254//2780 5255//2780
f 4813//2780 5255//2780 4804//2780
f 4804//2781 5255//2781 5256//2781
f 4804//2781 5256//2781 4810//2781
f 4810//2770 5256//2770 5245//2770
f 5256//2782 5257//2782 5245//2782
f 5245//2783 5257//2783 5258//2783
f 5245//2783 5258//2783 5246//2783
f 5246//2784 5258//2784 5259//2784
f 5246//2784 5259//2784 5247//2784
f 5247//2785 5259//2785 5260//2785
f 5247//2785 5260//2785 5248//2785
f 5248//2786 5260//2786 5261//2786
f 5248//2786 5261//2786 5249//2786
f 5249//2787 5261//2787 5262//2787
f 5249//2787 5262//2787 5250//2787
f 5250//2788 5262//2788 5263//2788
f 5250//2788 5263//2788 5251//2788
f 5251//2789 5263//2789 5264//2789
f 5251//2789 5264//2789 5252//2789
f 5252//2790 5264//2790 5265//2790
f 5252//2790 5265//2790 5253//2790
f 5253//2791 5265//2791 5266//2791
f 5253//2791 5266//2791 5254//2791
f 5254//2792 5266//2792 5267//2792
f 5254//2792 5267//2792 5255//2792
f 5255//2793 5267//2793 5268//2793
f 5255//2793 5268//2793 5256//2793
f 5256//2782 5268//2782 5257//2782
f 5268//2794 5269//2794 5257//2794
f 5257//2795 5269//2795 5270//2795
f 5257//2795 5270//2795 5258//2795
f 5258//2796 5270//2796 5271//2796
f 5258//2796 5271//2796 5259//2796
f 5259//2797 5271//2797 5272//2797
f 5259//2797 5272//2797 5260//2797
f 5260//2798 5272//2798 5273//2798
f 5260//2798 5273//2798 5261//2798
f 5261//2799 5273//2799 5274//2799
f 5261//2799 5274//2799 5262//2799
f 5262//2800 5274//2800 5275//2800
f 5262//2800 5275//2800 5263//2800
f 5263//2801 5275//2801 5276//2801
f 5263//2801 5276//2801 5264//2801
f 5264//2802 5276//2802 5277//2802
f 5264//2802 5277//2802 5265//2802
f 5265//2803 5277//2803 5278//2803
f 5265//2803 5278//2803 5266//2803
f 5266//2804 5278//2804 5279//2804
f 5266//2804 5279//2804 5267//2804
f 5267//2805 5279//2805 5280//2805
f 5267//2805 5280//2805 5268//2805
f 5268//2794 5280//2794 5269//2794
f 4818//2770 5281//2770 4825//2770
f 4825//2771 5281//2771 5282//2771
f 4825//2771 5282//2771 4824//2771
f 4824//2772 5282//2772 5283//2772
f 4824//2772 5283//2772 4822//2772
f 4822//2773 5283//2773 5284//2773
f 4822//2773 5284//2773 4823//2773
f 4823//2774 5284//2774 5285//2774
f 4823//2774 5285//2774 4816//2774
f 4816//2775 5285//2775 5286//2775
f 4816//2775 5286//2775 4826//2775
f 4826//2776 5286//2776 5287//2776
f 4826//2776 5287//2776 4819//2776
f 4819//2777 5287//2777 5288//2777
f 4819//2777 5288//2777 4820//2777
f 4820//2778 5288//2778 5289//2778
f 4820//2778 5289//2778 4821//2778
f 4821//2779 5289//2779 5290//2779
f 4821//2779 5290//2779 4827//2779
f 4827//2780 5290//2780 5291//2780
f 4827//2780 5291//2780 4817//2780
f 4817//2781 5291//2781 5292//2781
f 4817//2781 5292//2781 4818//2781
f 4818//2770 5292//2770 5281//2770
f 5292//2782 5293//2782 5281//2782
f 5281//2783 5293//2783 5294//2783
f 5281//2783 5294//2783 5282//2783
f 5282//2784 5294//2784 5295//2784
f 5282//2784 5295//2784 5283//2784
f 5283//2785 5295//2785 5296//2785
f 5283//2785 5296//2785 5284//2785
f 5284//2786 5296//2786 5297//2786
f 5284//2786 5297//2786 5285//2786
f 5285//2787 5297//2787 5298//2787
f 5285//2787 5298//2787 5286//2787
f 5286//2788 5298//2788 5299//2788
f 5286//2788 5299//2788 5287//2788
f 5287//2789 5299//2789 5300//2789
f 5287//2789 5300//2789 5288//2789
f 5288//2790 5300//2790 5301//2790
f 5288//2790 5301//2790 5289//2790
f 5289//2791 5301//2791 5302//2791
f 5289//2791 5302//2791 5290//2791
f 5290//2792 5302//2792 5303//2792
f 5290//2792 5303//2792 5291//2792
f 5291//2793 5303//2793 5304//2793
f 5291//2793 5304//2793 5292//2793
f 5292//2782 5304//2782 5293//2782
f 5304//2794 5305//2794 5293//2794
f 5293//2795 5305//2795 5306//2795
f 5293//2795 5306//2795 5294//2795
f 5294//2796 5306//2796 5307//2796
f 5294//2796 5307//2796 5295//2796
f 5295//2797 5307//2797 5308//2797
f 5295//2797 5308//2797 5296//2797
f 5296//2798 5308//2798 5309//2798
f 5296//2798 5309//2798 5297//2798
f 5297//2799 5309//2799 5310//2799
f 5297//2799 5310//2799 5298//2799
f 5298//2800 5310//2800 5311//2800
f 5298//2800 5311//2800 5299//2800
f 5299//2801 5311//2801 5312//2801
f 5299//2801 5312//2801 5300//2801
f 5300//2802 5312//2802 5313//2802
f 5300//2802 5313//2802 5301//2802
f 5301//2803 5313//2803 5314//2803
f 5301//2803 5314//2803 5302//2803
f 5302//2804 5314//2804 5315//2804
f 5302//2804 5315//2804 5303//2804
f 5303//2805 5315//2805 5316//2805
f 5303//2805 5316//2805 5304//2805
f 5304//2794 5316//2794 5305//2794
f 4852//2806 4851//2806 5317//2806
f 4859//2807 4852//2807 5318//2807
f 4863//2808 4859//2808 5319//2808
f 4626//2809 4863//2809 5320//2809
f 4626//2810 5320//2810 4872//2810
f 4872//2811 5320//2811 5321//2811
f 4872//2812 5321//2812 4871//2812
f 4871//2813 5321//2813 5322//2813
f 4871//2814 5322//2814 4864//2814
f 4864//2815 5322//2815 4865//2815
f 4865//2816 5322//2816 5323//2816
f 4865//2817 5323//2817 4870//2817
f 4852//2818 5317//2818 5318//2818
f 5318//2819 5317//2819 5324//2819
f 5318//2820 5324//2820 5325//2820
f 5325//2821 5324//2821 5326//2821
f 5325//2822 5326//2822 5327//2822
f 5327//2823 5326//2823 5328//2823
f 5327//2824 5328//2824 5329//2824
f 5329//2825 5328//2825 5330//2825
f 5329//2826 5330//2826 5331//2826
f 5331//2827 5330//2827 5332//2827
f 5331//2828 5332//2828 5333//2828
f 5333//2829 5332//2829 5334//2829
f 5333//2830 5334//2830 5335//2830
f 5335//2831 5334//2831 4829//2831
f 5335//2832 4829//2832 4828//2832
f 4859//2833 5318//2833 5319//2833
f 5319//2834 5318//2834 5325//2834
f 5319//2835 5325//2835 5336//2835
f 5336//2836 5325//2836 5327//2836
f 5336//2837 5327//2837 5337//2837
f 5337//2838 5327//2838 5329//2838
f 5337//2839 5329//2839 5338//2839
f 5338//2840 5329//2840 5331//2840
f 5338//2841 5331//2841 5339//2841
f 5339//2842 5331//2842 5333//2842
f 5339//2843 5333//2843 5340//2843
f 5340//2844 5333//2844 5335//2844
f 5340//2845 5335//2845 5341//2845
f 5341//2846 5335//2846 4828//2846
f 5341//2847 4828//2847 4831//2847
f 4863//2848 5319//2848 5320//2848
f 5320//2849 5319//2849 5336//2849
f 5320//2850 5336//2850 5321//2850
f 5321//2851 5336//2851 5337//2851
f 5321//2852 5337//2852 5322//2852
f 5322//2853 5337//2853 5338//2853
f 5322//2854 5338//2854 5323//2854
f 5323//2855 5338//2855 5339//2855
f 5323//2856 5339//2856 5342//2856
f 5342//2857 5339//2857 5340//2857
f 5342//2858 5340//2858 5343//2858
f 5343//2859 5340//2859 5341//2859
f 5343//2860 5341//2860 5344//2860
f 5344//2861 5341//2861 4831//2861
f 5344//2862 4831//2862 4833//2862
f 4870//2863 5323//2863 4869//2863
f 4869//2864 5323//2864 5342//2864
f 4869//2865 5342//2865 4868//2865
f 4868//2866 5342//2866 5343//2866
f 4868//2867 5343//2867 4867//2867
f 4867//2868 5343//2868 5344//2868
f 4867//2869 5344//2869 4866//2869
f 4866//2870 5344//2870 4833//2870
f 4866//2871 4833//2871 4634//2871
f 5345//2872 5346//2872 5147//2872
f 5147//2873 5346//2873 5146//2873
f 5146//2874 5346//2874 5347//2874
f 5146//2875 5347//2875 5348//2875
f 5148//2876 5149//2876 5349//2876
f 5349//2877 5350//2877 5148//2877
f 5148//2878 5350//2878 5351//2878
f 5148//2879 5351//2879 5147//2879
f 5147//2880 5351//2880 5352//2880
f 5147//2881 5352//2881 5345//2881
f 5150//2882 5151//2882 5353//2882
f 5353//2883 5354//2883 5150//2883
f 5150//2884 5354//2884 5355//2884
f 5150//2885 5355//2885 5149//2885
f 5149//2886 5355//2886 5356//2886
f 5149//2887 5356//2887 5349//2887
f 4924//2888 4926//2888 5152//2888
f 5152//2889 4926//2889 5357//2889
f 5152//2890 5357//2890 5151//2890
f 5151//2891 5357//2891 5358//2891
f 5151//2892 5358//2892 5353//2892
f 4928//2893 4927//2893 5153//2893
f 5153//2894 4927//2894 4920//2894
f 5153//2895 4920//2895 5152//2895
f 5152//2896 4920//2896 4922//2896
f 5152//2897 4922//2897 4924//2897
f 5153//2898 5154//2898 4928//2898
f 4928//2899 5154//2899 5155//2899
f 4928//2900 5155//2900 4930//2900
f 4930//2901 5155//2901 5156//2901
f 4930//2902 5156//2902 4932//2902
f 4932//2903 5156//2903 4935//2903
f 4935//2904 5156//2904 5145//2904
f 4935//2905 5145//2905 4937//2905
f 4937//2906 5145//2906 4942//2906
f 4942//2907 5145//2907 5146//2907
f 4942//2908 5146//2908 4941//2908
f 4941//2909 5146//2909 5348//2909
f 4941//2910 5348//2910 4939//2910
f 5357//2911 5351//2911 5350//2911
f 5346//2912 5357//2912 5347//2912
f 5347//2913 5357//2913 5348//2913
f 5346//2912 5345//2912 5357//2912
f 5357//2914 5345//2914 5352//2914
f 5357//2915 5352//2915 5351//2915
f 5354//2916 5353//2916 5355//2916
f 5355//2917 5353//2917 5356//2917
f 5350//2911 5349//2911 5357//2911
f 5357//2918 5349//2918 5356//2918
f 5357//2912 5356//2912 5358//2912
f 5358//2919 5356//2919 5353//2919
f 4904//2920 4902//2920 5359//2920
f 5360//2921 4925//2921 4923//2921
f 5360//2922 4923//2922 5359//2922
f 4904//2923 5359//2923 4895//2923
f 4895//2924 5361//2924 4893//2924
f 4893//2925 5361//2925 5362//2925
f 4893//2926 5362//2926 4892//2926
f 4892//2927 5362//2927 4890//2927
f 4890//2928 5362//2928 5363//2928
f 4890//2929 5363//2929 4884//2929
f 5364//2930 4887//2930 5363//2930
f 5363//2931 4887//2931 4885//2931
f 5363//2932 4885//2932 4884//2932
f 4882//2933 4880//2933 5365//2933
f 5365//2934 4880//2934 4879//2934
f 5365//2935 4879//2935 5364//2935
f 5364//2936 4879//2936 4889//2936
f 5364//2937 4889//2937 4887//2937
f 5365//2938 5366//2938 4882//2938
f 4882//2939 5366//2939 5367//2939
f 4882//2940 5367//2940 4878//2940
f 4878//2941 5367//2941 5368//2941
f 4878//2942 5368//2942 4876//2942
f 4938//2943 4940//2943 5369//2943
f 4874//2944 4876//2944 5369//2944
f 5369//2945 4876//2945 5368//2945
f 5369//2946 5368//2946 4938//2946
f 4938//2947 5368//2947 5367//2947
f 4938//2948 5367//2948 4936//2948
f 4936//2949 5367//2949 5366//2949
f 4895//2950 5359//2950 5361//2950
f 5361//2951 5359//2951 4923//2951
f 5361//2952 4923//2952 5362//2952
f 5362//2953 4923//2953 4921//2953
f 5362//2954 4921//2954 5363//2954
f 5363//2955 4921//2955 4929//2955
f 5363//2956 4929//2956 5364//2956
f 5364//2957 4929//2957 4931//2957
f 5364//2958 4931//2958 5365//2958
f 5365//2959 4931//2959 4933//2959
f 5365//2960 4933//2960 5366//2960
f 5366//2961 4933//2961 4934//2961
f 5366//2962 4934//2962 4936//2962
f 4946//2963 5370//2963 5371//2963
f 4952//2964 4953//2964 5371//2964
f 4953//2965 4954//2965 5371//2965
f 5371//2966 4954//2966 4947//2966
f 5371//2963 4947//2963 4946//2963
f 4950//2967 4949//2967 5372//2967
f 5372//2968 4949//2968 4948//2968
f 5372//2969 4948//2969 5373//2969
f 5373//2970 4948//2970 4951//2970
f 4958//2971 4957//2971 5374//2971
f 5374//2972 4957//2972 4956//2972
f 5374//2973 4956//2973 5375//2973
f 5375//2974 4956//2974 4955//2974
f 5375//2975 4955//2975 4950//2975
f 4960//2976 4959//2976 5376//2976
f 5376//2977 4959//2977 4958//2977
f 5377//2978 5378//2978 4961//2978
f 4961//2979 5378//2979 4962//2979
f 4962//2980 5378//2980 5379//2980
f 4962//2981 5379//2981 4943//2981
f 4943//2982 5379//2982 5380//2982
f 4943//2983 5380//2983 4944//2983
f 4944//2984 5380//2984 5381//2984
f 4944//2985 5381//2985 4945//2985
f 4945//2986 5381//2986 5382//2986
f 4945//2987 5382//2987 5383//2987
f 4958//2988 5374//2988 5376//2988
f 5376//2989 5374//2989 4963//2989
f 5376//2990 4963//2990 4970//2990
f 4970//2991 5021//2991 5376//2991
f 5376//2992 5021//2992 5029//2992
f 5376//2993 5029//2993 4960//2993
f 4960//2994 5029//2994 5384//2994
f 4960//2995 5384//2995 4961//2995
f 4961//2996 5384//2996 5385//2996
f 4961//2997 5385//2997 5377//2997
f 5386//2998 5387//2998 5375//2998
f 5375//2999 5387//2999 4965//2999
f 5375//3000 4965//3000 5374//3000
f 5374//3001 4965//3001 4964//3001
f 5374//2989 4964//2989 4963//2989
f 4950//3002 5372//3002 5375//3002
f 5375//3003 5372//3003 5388//3003
f 5375//3004 5388//3004 5386//3004
f 5389//3005 5390//3005 5373//3005
f 5373//3006 5390//3006 5391//3006
f 5373//3007 5391//3007 5372//3007
f 5372//3008 5391//3008 5392//3008
f 5372//3009 5392//3009 5388//3009
f 4951//3010 4952//3010 5373//3010
f 5373//3011 4952//3011 5371//3011
f 5373//3012 5371//3012 5389//3012
f 5389//3013 5371//3013 5370//3013
f 5389//3014 5370//3014 5393//3014
f 4968//3015 5388//3015 5392//3015
f 5389//3016 5393//3016 5390//3016
f 5390//3017 5393//3017 4968//3017
f 5390//3018 4968//3018 5391//3018
f 5391//3019 4968//3019 5392//3019
f 4965//3020 5387//3020 4968//3020
f 4968//3021 5387//3021 5386//3021
f 4968//3022 5386//3022 5388//3022
f 5018//101 5017//101 5394//101
f 5022//101 5394//101 4999//101
f 4999//101 5394//101 4997//101
f 4999//101 4997//101 4998//101
f 4976//101 4995//101 4977//101
f 4977//101 4995//101 4997//101
f 4977//101 4997//101 5395//101
f 5395//101 4997//101 5394//101
f 5395//101 5394//101 5396//101
f 4983//101 4985//101 4987//101
f 4987//101 4989//101 4991//101
f 5019//101 5018//101 5020//101
f 5020//101 5018//101 5394//101
f 5020//101 5394//101 5025//101
f 5025//101 5394//101 5022//101
f 4976//101 4983//101 4995//101
f 4995//101 4983//101 4987//101
f 4995//101 4987//101 4993//101
f 4993//101 4987//101 4991//101
f 5397//3023 5398//3023 5396//3023
f 5396//3024 5398//3024 5395//3024
f 4979//3025 4977//3025 5399//3025
f 5399//3026 4977//3026 5395//3026
f 5399//3027 5395//3027 5400//3027
f 5400//3028 5395//3028 5398//3028
f 5384//3029 5029//3029 5028//3029
f 4980//3030 4979//3030 5399//3030
f 5054//3031 5052//3031 5401//3031
f 5402//3032 5378//3032 5377//3032
f 5402//3033 5033//3033 5403//3033
f 5403//3034 5033//3034 5031//3034
f 5403//3035 5031//3035 5382//3035
f 5382//3036 5031//3036 5383//3036
f 5382//3037 5381//3037 5403//3037
f 5403//3038 5381//3038 5380//3038
f 5403//3039 5380//3039 5402//3039
f 5402//3040 5380//3040 5379//3040
f 5402//3041 5379//3041 5378//3041
f 5404//3042 5036//3042 5402//3042
f 5402//3043 5036//3043 5035//3043
f 5402//3044 5035//3044 5033//3044
f 5405//3045 5039//3045 5404//3045
f 5404//3046 5039//3046 5038//3046
f 5404//3047 5038//3047 5036//3047
f 5045//3048 5044//3048 5406//3048
f 5406//3049 5044//3049 5042//3049
f 5406//3050 5042//3050 5405//3050
f 5405//3051 5042//3051 5041//3051
f 5405//3052 5041//3052 5039//3052
f 5407//3053 5048//3053 5408//3053
f 5408//3054 5048//3054 5047//3054
f 5408//3055 5047//3055 5045//3055
f 5052//3056 5051//3056 5407//3056
f 5407//3057 5051//3057 5050//3057
f 5407//3058 5050//3058 5048//3058
f 5054//3059 5401//3059 5055//3059
f 5401//3060 5409//3060 5055//3060
f 5055//3061 5409//3061 5410//3061
f 5055//3062 5410//3062 5057//3062
f 5411//3063 5059//3063 5057//3063
f 5057//3064 5410//3064 5411//3064
f 5411//3065 5410//3065 5398//3065
f 5411//3065 5398//3065 5397//3065
f 5409//3066 5014//3066 5013//3066
f 5013//3067 4730//3067 5409//3067
f 5409//3068 4730//3068 4729//3068
f 5409//3069 4729//3069 4752//3069
f 4752//3070 4729//3070 4728//3070
f 4752//3071 4980//3071 5409//3071
f 5409//3072 4980//3072 5399//3072
f 5409//3073 5399//3073 5410//3073
f 5410//3074 5399//3074 5400//3074
f 5410//3075 5400//3075 5398//3075
f 5407//3076 5000//3076 5006//3076
f 5052//3077 5407//3077 5401//3077
f 5401//3078 5407//3078 5006//3078
f 5401//3079 5006//3079 5008//3079
f 5008//3080 5009//3080 5401//3080
f 5401//3081 5009//3081 5011//3081
f 5401//3082 5011//3082 5409//3082
f 5409//3083 5011//3083 5015//3083
f 5409//3084 5015//3084 5014//3084
f 5045//3085 5406//3085 5408//3085
f 5408//3086 5406//3086 4765//3086
f 5408//3087 4765//3087 4708//3087
f 4708//3088 4706//3088 5408//3088
f 5408//3089 4706//3089 5005//3089
f 5408//3090 5005//3090 5407//3090
f 5407//3091 5005//3091 5001//3091
f 5407//3092 5001//3092 5000//3092
f 5023//3093 4975//3093 4974//3093
f 4974//3094 4765//3094 5023//3094
f 5023//3095 4765//3095 5406//3095
f 5023//3096 5406//3096 5024//3096
f 5024//3097 5406//3097 5405//3097
f 5384//3098 5028//3098 5385//3098
f 5377//3099 5385//3099 5402//3099
f 5402//3100 5385//3100 5028//3100
f 5402//3101 5028//3101 5404//3101
f 5404//3102 5028//3102 5027//3102
f 5404//3103 5027//3103 5405//3103
f 5405//3104 5027//3104 5026//3104
f 5405//3105 5026//3105 5024//3105
f 5058//3106 5060//3106 5412//3106
f 5413//3107 5414//3107 5030//3107
f 5412//3108 5415//3108 5058//3108
f 5058//3109 5415//3109 5416//3109
f 5058//3110 5416//3110 5056//3110
f 5056//3111 5416//3111 5417//3111
f 5056//3112 5417//3112 5053//3112
f 5053//3113 5417//3113 5418//3113
f 5053//3114 5418//3114 5049//3114
f 5049//3115 5418//3115 5419//3115
f 5049//3116 5419//3116 5046//3116
f 5046//3117 5419//3117 5420//3117
f 5046//3118 5420//3118 5043//3118
f 5043//3119 5420//3119 5421//3119
f 5043//3120 5421//3120 5040//3120
f 5421//3121 5422//3121 5040//3121
f 5040//3122 5422//3122 5423//3122
f 5040//3123 5423//3123 5037//3123
f 5037//3124 5423//3124 5424//3124
f 5037//3125 5424//3125 5034//3125
f 5034//3126 5424//3126 5413//3126
f 5034//3127 5413//3127 5032//3127
f 5032//3128 5413//3128 5030//3128
f 5425//69 5084//69 5426//69
f 5426//68 5084//68 5082//68
f 5426//68 5082//68 5427//68
f 5427//67 5082//67 5080//67
f 5427//67 5080//67 5428//67
f 5428//72 5080//72 5078//72
f 5428//72 5078//72 5429//72
f 5429//71 5078//71 5076//71
f 5429//71 5076//71 5430//71
f 5430//70 5076//70 5074//70
f 5430//70 5074//70 5431//70
f 5431//27 5074//27 5072//27
f 5431//27 5072//27 5432//27
f 5432//28 5072//28 5070//28
f 5432//28 5070//28 5433//28
f 5433//29 5070//29 5068//29
f 5433//29 5068//29 5434//29
f 5434//64 5068//64 5066//64
f 5434//64 5066//64 5435//64
f 5435//65 5066//65 5064//65
f 5435//65 5064//65 5436//65
f 5436//66 5064//66 5062//66
f 5436//66 5062//66 5425//66
f 5425//69 5062//69 5084//69
f 5437//69 5108//69 5438//69
f 5438//68 5108//68 5106//68
f 5438//68 5106//68 5439//68
f 5439//67 5106//67 5104//67
f 5439//67 5104//67 5440//67
f 5440//72 5104//72 5102//72
f 5440//72 5102//72 5441//72
f 5441//71 5102//71 5100//71
f 5441//71 5100//71 5442//71
f 5442//70 5100//70 5098//70
f 5442//70 5098//70 5443//70
f 5443//27 5098//27 5120//27
f 5443//27 5120//27 5444//27
f 5444//28 5120//28 5118//28
f 5444//28 5118//28 5445//28
f 5445//29 5118//29 5116//29
f 5445//29 5116//29 5446//29
f 5446//64 5116//64 5114//64
f 5446//64 5114//64 5447//64
f 5447//65 5114//65 5112//65
f 5447//65 5112//65 5448//65
f 5448//66 5112//66 5110//66
f 5448//66 5110//66 5437//66
f 5437//69 5110//69 5108//69
f 5449//3129 5450//3129 5451//3129
f 5452//3130 5453//3130 5454//3130
f 5454//3131 5453//3131 5455//3131
f 5456//3132 5457//3132 5455//3132
f 5455//3133 5457//3133 5458//3133
f 5455//3134 5458//3134 5454//3134
f 5454//3135 5458//3135 5459//3135
f 5454//3136 5459//3136 5452//3136
f 5460//3137 5461//3137 5462//3137
f 5462//3138 5461//3138 5463//3138
f 5462//3139 5463//3139 5464//3139
f 5449//3140 5451//3140 5465//3140
f 5465//3141 5451//3141 5466//3141
f 5465//3142 5466//3142 5467//3142
f 5467//3143 5466//3143 5468//3143
f 5467//3144 5468//3144 5469//3144
f 5470//3145 5471//3145 5472//3145
f 5473//3146 5474//3146 5475//3146
f 5475//3147 5476//3147 5473//3147
f 5473//3148 5476//3148 5477//3148
f 5473//3149 5477//3149 5470//3149
f 5470//3150 5477//3150 5478//3150
f 5470//3151 5478//3151 5471//3151
f 5479//3152 5480//3152 5481//3152
f 5481//3153 5480//3153 5482//3153
f 5481//3154 5482//3154 5474//3154
f 5474//3155 5482//3155 5483//3155
f 5474//3156 5483//3156 5475//3156
f 5484//3157 5485//3157 5486//3157
f 5485//3158 5484//3158 5487//3158
f 5487//3159 5484//3159 5488//3159
f 5487//3160 5488//3160 5489//3160
f 5449//3161 5464//3161 5450//3161
f 5450//3162 5464//3162 5463//3162
f 5450//3163 5463//3163 5451//3163
f 5451//3164 5463//3164 5490//3164
f 5451//3165 5490//3165 5466//3165
f 5466//3166 5490//3166 5491//3166
f 5466//3167 5491//3167 5468//3167
f 5468//3168 5491//3168 5492//3168
f 5485//3169 5493//3169 5486//3169
f 5486//3170 5493//3170 5479//3170
f 5486//3171 5479//3171 5494//3171
f 5494//3172 5479//3172 5481//3172
f 5494//3173 5481//3173 5495//3173
f 5495//3174 5481//3174 5474//3174
f 5495//3175 5474//3175 5496//3175
f 5496//3176 5474//3176 5473//3176
f 5496//3177 5473//3177 5492//3177
f 5492//3178 5473//3178 5470//3178
f 5492//3179 5470//3179 5468//3179
f 5468//3180 5470//3180 5472//3180
f 5468//3181 5472//3181 5469//3181
f 5497//3182 5498//3182 5499//3182
f 5499//3183 5498//3183 5500//3183
f 5484//3184 5501//3184 5488//3184
f 5488//3185 5501//3185 5502//3185
f 5488//3186 5502//3186 5489//3186
f 5489//3187 5502//3187 5503//3187
f 5489//3188 5503//3188 5504//3188
f 5458//3189 5505//3189 5459//3189
f 5459//3190 5505//3190 5506//3190
f 5459//3191 5506//3191 5507//3191
f 5507//3192 5506//3192 5508//3192
f 5507//3193 5508//3193 5509//3193
f 5509//3194 5508//3194 5510//3194
f 5509//3195 5510//3195 5511//3195
f 5510//3196 5512//3196 5511//3196
f 5511//3197 5512//3197 5513//3197
f 5511//3198 5513//3198 5514//3198
f 5514//3199 5513//3199 5515//3199
f 5514//3200 5515//3200 5516//3200
f 5516//3201 5515//3201 5517//3201
f 5516//3202 5517//3202 5518//3202
f 5518//3203 5517//3203 5519//3203
f 5518//3204 5519//3204 5500//3204
f 5500//3205 5519//3205 5520//3205
f 5500//3206 5520//3206 5499//3206
f 5460//3207 5452//3207 5461//3207
f 5461//3208 5452//3208 5459//3208
f 5461//3209 5459//3209 5463//3209
f 5463//3210 5459//3210 5507//3210
f 5463//3211 5507//3211 5490//3211
f 5490//3212 5507//3212 5509//3212
f 5490//3213 5509//3213 5491//3213
f 5491//3214 5509//3214 5511//3214
f 5491//3215 5511//3215 5492//3215
f 5492//3216 5511//3216 5514//3216
f 5492//3217 5514//3217 5496//3217
f 5496//3218 5514//3218 5516//3218
f 5496//3219 5516//3219 5495//3219
f 5495//3220 5516//3220 5518//3220
f 5495//3221 5518//3221 5494//3221
f 5494//3222 5518//3222 5500//3222
f 5494//3223 5500//3223 5486//3223
f 5486//3224 5500//3224 5498//3224
f 5486//3225 5498//3225 5484//3225
f 5484//3226 5498//3226 5497//3226
f 5484//3227 5497//3227 5501//3227
f 5521//2 5522//2 5163//2
f 5163//2 5522//2 5164//2
f 5523//8 5521//8 5162//8
f 5162//8 5521//8 5163//8
f 5524//2 5523//2 5161//2
f 5161//2 5523//2 5162//2
f 5525//8 5524//8 5160//8
f 5160//8 5524//8 5161//8
f 5526//1 5525//1 5159//1
f 5159//1 5525//1 5160//1
f 5527//19 5526//19 5158//19
f 5158//19 5526//19 5159//19
f 5528//2 5527//2 5157//2
f 5157//2 5527//2 5158//2
f 5522//19 5528//19 5164//19
f 5164//19 5528//19 5157//19
f 5529//2 5530//2 5168//2
f 5168//2 5530//2 5167//2
f 5531//8 5529//8 5166//8
f 5166//8 5529//8 5168//8
f 5532//1 5531//1 5165//1
f 5165//1 5531//1 5166//1
f 5530//19 5532//19 5167//19
f 5167//19 5532//19 5165//19
f 5533//2 5534//2 5172//2
f 5172//2 5534//2 5171//2
f 5535//8 5533//8 5170//8
f 5170//8 5533//8 5172//8
f 5536//1 5535//1 5169//1
f 5169//1 5535//1 5170//1
f 5534//19 5536//19 5171//19
f 5171//19 5536//19 5169//19
f 5537//73 5538//73 5539//73
f 5537//73 5540//73 5541//73
f 5542//73 5538//73 5543//73
f 5543//73 5538//73 5537//73
f 5543//73 5537//73 5544//73
f 5544//73 5537//73 5541//73
f 5545//73 5546//73 5547//73
f 5547//73 5546//73 5537//73
f 5547//73 5537//73 5548//73
f 5548//73 5537//73 5539//73
f 5549//73 5550//73 5551//73
f 5552//73 5551//73 5553//73
f 5552//73 5554//73 5555//73
f 5556//73 5557//73 5558//73
f 5558//73 5557//73 5552//73
f 5558//73 5552//73 5559//73
f 5559//73 5552//73 5553//73
f 5551//73 5552//73 5549//73
f 5549//73 5552//73 5555//73
f 5549//73 5555//73 5560//73
f 5206//3228 5205//3228 5561//3228
f 5561//3229 5562//3229 5206//3229
f 5206//3230 5562//3230 5563//3230
f 5206//3231 5563//3231 5207//3231
f 5563//3232 5564//3232 5207//3232
f 5207//3233 5564//3233 5565//3233
f 5207//3234 5565//3234 5208//3234
f 5565//3235 5566//3235 5208//3235
f 5208//3236 5566//3236 5567//3236
f 5208//3237 5567//3237 5197//3237
f 5567//3238 5568//3238 5197//3238
f 5197//3239 5568//3239 5569//3239
f 5197//3240 5569//3240 5198//3240
f 5569//3241 5570//3241 5198//3241
f 5198//3242 5570//3242 5571//3242
f 5198//3243 5571//3243 5199//3243
f 5571//3244 5572//3244 5199//3244
f 5199//3245 5572//3245 5573//3245
f 5199//3246 5573//3246 5200//3246
f 5573//3247 5574//3247 5200//3247
f 5200//3248 5574//3248 5575//3248
f 5200//3249 5575//3249 5201//3249
f 5575//3250 5576//3250 5201//3250
f 5201//3251 5576//3251 5577//3251
f 5201//3252 5577//3252 5202//3252
f 5577//3253 5578//3253 5202//3253
f 5202//3254 5578//3254 5579//3254
f 5202//3255 5579//3255 5203//3255
f 5579//3256 5580//3256 5203//3256
f 5203//3257 5580//3257 5581//3257
f 5203//3258 5581//3258 5204//3258
f 5581//3259 5582//3259 5204//3259
f 5204//3260 5582//3260 5583//3260
f 5204//3261 5583//3261 5205//3261
f 5205//3262 5583//3262 5584//3262
f 5205//3263 5584//3263 5561//3263
f 5585//73 5586//73 5587//73
f 5587//73 5586//73 5588//73
f 5589//73 5590//73 5591//73
f 5592//73 5593//73 5594//73
f 5585//73 5595//73 5586//73
f 5586//73 5595//73 5596//73
f 5586//73 5596//73 5597//73
f 5588//73 5598//73 5587//73
f 5587//73 5598//73 5599//73
f 5587//73 5599//73 5600//73
f 5601//73 5602//73 5603//73
f 5603//73 5602//73 5589//73
f 5603//73 5589//73 5597//73
f 5597//73 5589//73 5591//73
f 5597//73 5591//73 5586//73
f 5604//73 5605//73 5606//73
f 5606//73 5605//73 5592//73
f 5606//73 5592//73 5600//73
f 5600//73 5592//73 5594//73
f 5600//73 5594//73 5587//73
f 5242//3228 5241//3228 5607//3228
f 5607//3229 5608//3229 5242//3229
f 5242//3230 5608//3230 5609//3230
f 5242//3264 5609//3264 5243//3264
f 5609//3232 5610//3232 5243//3232
f 5243//3233 5610//3233 5611//3233
f 5243//3234 5611//3234 5244//3234
f 5611//3235 5612//3235 5244//3235
f 5244//3236 5612//3236 5613//3236
f 5244//3237 5613//3237 5233//3237
f 5613//3238 5614//3238 5233//3238
f 5233//3239 5614//3239 5615//3239
f 5233//3240 5615//3240 5234//3240
f 5615//3241 5616//3241 5234//3241
f 5234//3242 5616//3242 5617//3242
f 5234//3265 5617//3265 5235//3265
f 5617//3244 5618//3244 5235//3244
f 5235//3245 5618//3245 5619//3245
f 5235//3246 5619//3246 5236//3246
f 5619//3247 5620//3247 5236//3247
f 5236//3248 5620//3248 5621//3248
f 5236//3249 5621//3249 5237//3249
f 5621//3250 5622//3250 5237//3250
f 5237//3251 5622//3251 5623//3251
f 5237//3252 5623//3252 5238//3252
f 5623//3253 5624//3253 5238//3253
f 5238//3254 5624//3254 5625//3254
f 5238//3266 5625//3266 5239//3266
f 5625//3256 5626//3256 5239//3256
f 5239//3257 5626//3257 5627//3257
f 5239//3258 5627//3258 5240//3258
f 5627//3259 5628//3259 5240//3259
f 5240//3260 5628//3260 5629//3260
f 5240//3261 5629//3261 5241//3261
f 5241//3262 5629//3262 5630//3262
f 5241//3263 5630//3263 5607//3263
f 5278//3228 5277//3228 5631//3228
f 5631//3229 5632//3229 5278//3229
f 5278//3230 5632//3230 5633//3230
f 5278//3231 5633//3231 5279//3231
f 5633//3232 5634//3232 5279//3232
f 5279//3233 5634//3233 5635//3233
f 5279//3234 5635//3234 5280//3234
f 5635//3235 5636//3235 5280//3235
f 5280//3236 5636//3236 5637//3236
f 5280//3237 5637//3237 5269//3237
f 5637//3238 5638//3238 5269//3238
f 5269//3239 5638//3239 5639//3239
f 5269//3240 5639//3240 5270//3240
f 5639//3241 5640//3241 5270//3241
f 5270//3242 5640//3242 5641//3242
f 5270//3265 5641//3265 5271//3265
f 5641//3244 5642//3244 5271//3244
f 5271//3245 5642//3245 5643//3245
f 5271//3246 5643//3246 5272//3246
f 5643//3247 5644//3247 5272//3247
f 5272//3248 5644//3248 5645//3248
f 5272//3249 5645//3249 5273//3249
f 5645//3250 5646//3250 5273//3250
f 5273//3251 5646//3251 5647//3251
f 5273//3252 5647//3252 5274//3252
f 5647//3253 5648//3253 5274//3253
f 5274//3254 5648//3254 5649//3254
f 5274//3255 5649//3255 5275//3255
f 5649//3256 5650//3256 5275//3256
f 5275//3257 5650//3257 5651//3257
f 5275//3258 5651//3258 5276//3258
f 5651//3259 5652//3259 5276//3259
f 5276//3260 5652//3260 5653//3260
f 5276//3261 5653//3261 5277//3261
f 5277//3262 5653//3262 5654//3262
f 5277//3263 5654//3263 5631//3263
f 5314//3228 5313//3228 5655//3228
f 5655//3229 5656//3229 5314//3229
f 5314//3267 5656//3267 5657//3267
f 5314//3231 5657//3231 5315//3231
f 5657//3232 5658//3232 5315//3232
f 5315//3233 5658//3233 5659//3233
f 5315//3234 5659//3234 5316//3234
f 5659//3235 5660//3235 5316//3235
f 5316//3236 5660//3236 5661//3236
f 5316//3237 5661//3237 5305//3237
f 5661//3238 5662//3238 5305//3238
f 5305//3239 5662//3239 5663//3239
f 5305//3240 5663//3240 5306//3240
f 5663//3241 5664//3241 5306//3241
f 5306//3242 5664//3242 5665//3242
f 5306//3265 5665//3265 5307//3265
f 5665//3244 5666//3244 5307//3244
f 5307//3245 5666//3245 5667//3245
f 5307//3246 5667//3246 5308//3246
f 5667//3268 5668//3268 5308//3268
f 5308//3248 5668//3248 5669//3248
f 5308//3249 5669//3249 5309//3249
f 5669//3250 5670//3250 5309//3250
f 5309//3251 5670//3251 5671//3251
f 5309//3252 5671//3252 5310//3252
f 5671//3253 5672//3253 5310//3253
f 5310//3254 5672//3254 5673//3254
f 5310//3255 5673//3255 5311//3255
f 5673//3256 5674//3256 5311//3256
f 5311//3257 5674//3257 5675//3257
f 5311//3258 5675//3258 5312//3258
f 5675//3259 5676//3259 5312//3259
f 5312//3260 5676//3260 5677//3260
f 5312//3261 5677//3261 5313//3261
f 5313//3262 5677//3262 5678//3262
f 5313//3263 5678//3263 5655//3263
f 5679//3269 4843//3269 5680//3269
f 5680//3270 4843//3270 4841//3270
f 5680//3270 4841//3270 5681//3270
f 5681//3271 4841//3271 4839//3271
f 5681//3272 4839//3272 5682//3272
f 5683//3273 4851//3273 5684//3273
f 5684//3274 4851//3274 4849//3274
f 5684//3275 4849//3275 5685//3275
f 5685//3276 4849//3276 4847//3276
f 5685//3277 4847//3277 5679//3277
f 5679//3278 4847//3278 4845//3278
f 5679//3269 4845//3269 4843//3269
f 5686//3279 5328//3279 5687//3279
f 5687//3280 5328//3280 5326//3280
f 5687//3280 5326//3280 5688//3280
f 5688//3281 5326//3281 5324//3281
f 5688//3282 5324//3282 5683//3282
f 5683//3283 5324//3283 5317//3283
f 5683//3284 5317//3284 4851//3284
f 5334//3285 5332//3285 5686//3285
f 5686//3286 5332//3286 5330//3286
f 5686//3279 5330//3279 5328//3279
f 4839//3287 4830//3287 5682//3287
f 5682//3288 4830//3288 4829//3288
f 5682//3289 4829//3289 5689//3289
f 5689//3290 4829//3290 5334//3290
f 5689//3291 5334//3291 5690//3291
f 5690//3292 5334//3292 5686//3292
f 4968//1 5393//1 5370//1
f 5691//1 5692//1 5693//1
f 5693//1 5692//1 5394//1
f 5383//1 5394//1 4966//1
f 4966//1 5394//1 5017//1
f 5414//1 5693//1 5030//1
f 5030//1 5693//1 5394//1
f 5030//1 5394//1 5031//1
f 5031//1 5394//1 5383//1
f 4966//1 4968//1 5383//1
f 5383//1 4968//1 5370//1
f 5383//1 5370//1 4945//1
f 4945//1 5370//1 4946//1
f 4945//110 4946//110 4901//110
f 4901//110 4946//110 4875//110
f 4901//1 4875//1 4902//1
f 4902//3293 4875//3293 4874//3293
f 4902//1 4874//1 5359//1
f 5359//1 4874//1 5369//1
f 5359//1 5369//1 5360//1
f 5360//1 5369//1 4940//1
f 5348//1 5357//1 4939//1
f 4939//1 5357//1 4926//1
f 4939//1 4926//1 4940//1
f 4940//1 4926//1 4925//1
f 4940//1 4925//1 5360//1
f 5418//73 5694//73 5419//73
f 5419//73 5694//73 5695//73
f 5419//73 5695//73 5420//73
f 5420//73 5695//73 5696//73
f 5420//73 5696//73 5421//73
f 5421//73 5696//73 5697//73
f 5421//73 5697//73 5422//73
f 5412//73 5698//73 5415//73
f 5415//73 5698//73 5699//73
f 5415//73 5699//73 5416//73
f 5416//73 5699//73 5700//73
f 5416//73 5700//73 5417//73
f 5417//73 5700//73 5701//73
f 5417//73 5701//73 5418//73
f 5418//73 5701//73 5702//73
f 5418//73 5702//73 5694//73
f 5422//73 5697//73 5423//73
f 5423//73 5697//73 5703//73
f 5423//73 5703//73 5424//73
f 5424//73 5703//73 5704//73
f 5424//73 5704//73 5413//73
f 5413//73 5704//73 5705//73
f 5413//73 5705//73 5414//73
f 5414//73 5705//73 5706//73
f 5414//73 5706//73 5693//73
f 5394//8 5692//8 5698//8
f 5698//8 5692//8 5707//8
f 5698//8 5412//8 5060//8
f 5060//8 5059//8 5698//8
f 5698//8 5059//8 5411//8
f 5698//8 5411//8 5394//8
f 5394//8 5411//8 5397//8
f 5394//8 5397//8 5396//8
f 5708//73 5433//73 5709//73
f 5709//73 5433//73 5434//73
f 5709//73 5434//73 5710//73
f 5710//73 5434//73 5435//73
f 5710//73 5435//73 5711//73
f 5711//73 5435//73 5436//73
f 5711//73 5436//73 5712//73
f 5712//73 5436//73 5425//73
f 5712//73 5425//73 5713//73
f 5713//73 5425//73 5426//73
f 5713//73 5426//73 5714//73
f 5714//73 5426//73 5427//73
f 5714//73 5427//73 5715//73
f 5715//73 5427//73 5428//73
f 5715//73 5428//73 5716//73
f 5716//73 5428//73 5429//73
f 5716//73 5429//73 5717//73
f 5717//73 5429//73 5430//73
f 5717//73 5430//73 5718//73
f 5718//73 5430//73 5431//73
f 5718//73 5431//73 5719//73
f 5719//73 5431//73 5432//73
f 5719//73 5432//73 5708//73
f 5708//73 5432//73 5433//73
f 5720//73 5443//73 5721//73
f 5721//73 5443//73 5444//73
f 5721//73 5444//73 5722//73
f 5722//73 5444//73 5445//73
f 5722//73 5445//73 5723//73
f 5723//73 5445//73 5446//73
f 5723//73 5446//73 5724//73
f 5724//73 5446//73 5447//73
f 5724//73 5447//73 5725//73
f 5725//73 5447//73 5448//73
f 5725//73 5448//73 5726//73
f 5726//73 5448//73 5437//73
f 5726//73 5437//73 5727//73
f 5727//73 5437//73 5438//73
f 5727//73 5438//73 5728//73
f 5728//73 5438//73 5439//73
f 5728//73 5439//73 5729//73
f 5729//73 5439//73 5440//73
f 5729//73 5440//73 5730//73
f 5730//73 5440//73 5441//73
f 5730//73 5441//73 5731//73
f 5731//73 5441//73 5442//73
f 5731//73 5442//73 5720//73
f 5720//73 5442//73 5443//73
f 5732//3294 5517//3294 5733//3294
f 5733//3295 5517//3295 5515//3295
f 5733//3295 5515//3295 5734//3295
f 5734//3296 5515//3296 5513//3296
f 5734//3297 5513//3297 5735//3297
f 5735//3298 5513//3298 5512//3298
f 5735//3299 5512//3299 5510//3299
f 5497//3300 5499//3300 5736//3300
f 5736//3301 5499//3301 5520//3301
f 5736//3302 5520//3302 5732//3302
f 5732//3303 5520//3303 5519//3303
f 5732//3294 5519//3294 5517//3294
f 5497//3304 5736//3304 5501//3304
f 5501//3305 5736//3305 5737//3305
f 5501//3306 5737//3306 5502//3306
f 5502//3307 5737//3307 5738//3307
f 5502//3308 5738//3308 5503//3308
f 5503//3309 5738//3309 5739//3309
f 5503//3309 5739//3309 5504//3309
f 5508//3310 5740//3310 5510//3310
f 5510//3311 5740//3311 5741//3311
f 5510//3312 5741//3312 5735//3312
f 5508//3313 5506//3313 5740//3313
f 5740//3314 5506//3314 5505//3314
f 5740//3315 5505//3315 5742//3315
f 5505//3316 5458//3316 5742//3316
f 5742//3317 5458//3317 5457//3317
f 5742//3318 5457//3318 5743//3318
f 5743//3319 5457//3319 5456//3319
f 5743//3320 5456//3320 5744//3320
f 5485//3321 5487//3321 5460//3321
f 5745//2 5746//2 5739//2
f 5739//2 5746//2 5744//2
f 5739//2 5744//2 5504//2
f 5504//2 5744//2 5456//2
f 5504//2 5456//2 5489//2
f 5456//3322 5455//3322 5489//3322
f 5489//2 5455//2 5453//2
f 5489//3323 5453//3323 5487//3323
f 5487//3324 5453//3324 5452//3324
f 5487//3321 5452//3321 5460//3321
f 5449//3325 5482//3325 5464//3325
f 5464//3326 5482//3326 5480//3326
f 5464//2 5480//2 5462//2
f 5462//2 5480//2 5479//2
f 5462//3327 5479//3327 5460//3327
f 5460//3328 5479//3328 5493//3328
f 5460//3329 5493//3329 5485//3329
f 5465//3330 5475//3330 5449//3330
f 5449//3331 5475//3331 5483//3331
f 5449//3331 5483//3331 5482//3331
f 5472//3332 5471//3332 5469//3332
f 5469//3333 5471//3333 5478//3333
f 5469//2 5478//2 5467//2
f 5467//2 5478//2 5477//2
f 5467//3334 5477//3334 5465//3334
f 5465//3335 5477//3335 5476//3335
f 5465//3336 5476//3336 5475//3336
f 5747//73 5748//73 5749//73
f 5750//73 5751//73 5752//73
f 5752//73 5751//73 5753//73
f 5752//73 5753//73 5754//73
f 5754//73 5755//73 5752//73
f 5752//73 5755//73 5747//73
f 5752//73 5747//73 5756//73
f 5756//73 5747//73 5749//73
f 5525//73 5529//73 5531//73
f 5529//73 5525//73 5530//73
f 5757//73 5758//73 5527//73
f 5525//73 5526//73 5530//73
f 5530//73 5526//73 5759//73
f 5530//73 5759//73 5532//73
f 5532//73 5759//73 5760//73
f 5535//73 5531//73 5533//73
f 5533//73 5531//73 5532//73
f 5533//73 5532//73 5534//73
f 5534//73 5532//73 5760//73
f 5534//73 5760//73 5536//73
f 5536//73 5760//73 5761//73
f 5536//73 5761//73 5535//73
f 5535//73 5761//73 5762//73
f 5535//73 5762//73 5531//73
f 5531//73 5762//73 5763//73
f 5531//73 5763//73 5525//73
f 5525//73 5763//73 5764//73
f 5525//73 5764//73 5524//73
f 5524//73 5764//73 5765//73
f 5524//73 5765//73 5766//73
f 5527//73 5758//73 5526//73
f 5526//73 5758//73 5767//73
f 5526//73 5767//73 5759//73
f 5527//73 5528//73 5757//73
f 5757//73 5528//73 5522//73
f 5757//73 5522//73 5768//73
f 5768//73 5522//73 5521//73
f 5768//73 5521//73 5766//73
f 5766//73 5521//73 5523//73
f 5766//73 5523//73 5524//73
f 5769//3337 5770//3337 5771//3337
f 5771//3338 5770//3338 5772//3338
f 5771//3338 5772//3338 5773//3338
f 5773//3339 5772//3339 5774//3339
f 5773//3339 5774//3339 5775//3339
f 5775//3340 5774//3340 5776//3340
f 5775//3340 5776//3340 5777//3340
f 5777//3341 5776//3341 5778//3341
f 5777//3341 5778//3341 5779//3341
f 5779//3342 5778//3342 5780//3342
f 5779//3342 5780//3342 5781//3342
f 5781//3343 5780//3343 5782//3343
f 5781//3343 5782//3343 5783//3343
f 5783//3344 5782//3344 5784//3344
f 5783//3344 5784//3344 5785//3344
f 5785//3345 5784//3345 5786//3345
f 5785//3345 5786//3345 5787//3345
f 5787//3346 5786//3346 5788//3346
f 5787//3346 5788//3346 5789//3346
f 5789//3347 5788//3347 5790//3347
f 5789//3347 5790//3347 5791//3347
f 5791//3348 5790//3348 5792//3348
f 5791//3348 5792//3348 5769//3348
f 5769//3337 5792//3337 5770//3337
f 5792//3349 5793//3349 5770//3349
f 5770//3350 5793//3350 5794//3350
f 5770//3350 5794//3350 5772//3350
f 5772//3351 5794//3351 5795//3351
f 5772//3351 5795//3351 5774//3351
f 5774//3352 5795//3352 5796//3352
f 5774//3352 5796//3352 5776//3352
f 5776//3353 5796//3353 5797//3353
f 5776//3353 5797//3353 5778//3353
f 5778//3354 5797//3354 5798//3354
f 5778//3354 5798//3354 5780//3354
f 5780//3355 5798//3355 5799//3355
f 5780//3355 5799//3355 5782//3355
f 5782//3356 5799//3356 5800//3356
f 5782//3356 5800//3356 5784//3356
f 5784//3357 5800//3357 5801//3357
f 5784//3357 5801//3357 5786//3357
f 5786//3358 5801//3358 5802//3358
f 5786//3358 5802//3358 5788//3358
f 5788//3359 5802//3359 5803//3359
f 5788//3359 5803//3359 5790//3359
f 5790//3360 5803//3360 5804//3360
f 5790//3360 5804//3360 5792//3360
f 5792//3349 5804//3349 5793//3349
f 5804//3361 5805//3361 5793//3361
f 5793//3362 5805//3362 5806//3362
f 5793//3362 5806//3362 5794//3362
f 5794//3363 5806//3363 5807//3363
f 5794//3363 5807//3363 5795//3363
f 5795//3364 5807//3364 5808//3364
f 5795//3364 5808//3364 5796//3364
f 5796//3365 5808//3365 5809//3365
f 5796//3365 5809//3365 5797//3365
f 5797//3366 5809//3366 5810//3366
f 5797//3366 5810//3366 5798//3366
f 5798//3367 5810//3367 5811//3367
f 5798//3367 5811//3367 5799//3367
f 5799//3368 5811//3368 5812//3368
f 5799//3368 5812//3368 5800//3368
f 5800//3369 5812//3369 5813//3369
f 5800//3369 5813//3369 5801//3369
f 5801//3370 5813//3370 5814//3370
f 5801//3370 5814//3370 5802//3370
f 5802//3371 5814//3371 5815//3371
f 5802//3371 5815//3371 5803//3371
f 5803//3372 5815//3372 5816//3372
f 5803//3372 5816//3372 5804//3372
f 5804//3361 5816//3361 5805//3361
f 5816//3373 5546//3373 5805//3373
f 5805//3374 5546//3374 5545//3374
f 5805//3374 5545//3374 5806//3374
f 5806//3375 5545//3375 5547//3375
f 5806//3375 5547//3375 5807//3375
f 5807//3376 5547//3376 5548//3376
f 5807//3376 5548//3376 5808//3376
f 5808//3377 5548//3377 5539//3377
f 5808//3377 5539//3377 5809//3377
f 5809//3378 5539//3378 5538//3378
f 5809//3379 5538//3379 5810//3379
f 5810//3380 5538//3380 5542//3380
f 5810//3380 5542//3380 5811//3380
f 5811//3381 5542//3381 5543//3381
f 5811//3381 5543//3381 5812//3381
f 5812//3382 5543//3382 5544//3382
f 5812//3382 5544//3382 5813//3382
f 5813//3383 5544//3383 5541//3383
f 5813//3383 5541//3383 5814//3383
f 5814//3384 5541//3384 5540//3384
f 5814//3384 5540//3384 5815//3384
f 5815//3385 5540//3385 5537//3385
f 5815//3385 5537//3385 5816//3385
f 5816//3373 5537//3373 5546//3373
f 5817//3337 5818//3337 5819//3337
f 5819//3338 5818//3338 5820//3338
f 5819//3338 5820//3338 5821//3338
f 5821//3339 5820//3339 5822//3339
f 5821//3339 5822//3339 5823//3339
f 5823//3340 5822//3340 5824//3340
f 5823//3340 5824//3340 5825//3340
f 5825//3341 5824//3341 5826//3341
f 5825//3341 5826//3341 5827//3341
f 5827//3342 5826//3342 5828//3342
f 5827//3342 5828//3342 5829//3342
f 5829//3343 5828//3343 5830//3343
f 5829//3343 5830//3343 5831//3343
f 5831//3344 5830//3344 5832//3344
f 5831//3344 5832//3344 5833//3344
f 5833//3345 5832//3345 5834//3345
f 5833//3345 5834//3345 5835//3345
f 5835//3346 5834//3346 5836//3346
f 5835//3346 5836//3346 5837//3346
f 5837//3347 5836//3347 5838//3347
f 5837//3347 5838//3347 5839//3347
f 5839//3348 5838//3348 5840//3348
f 5839//3348 5840//3348 5817//3348
f 5817//3337 5840//3337 5818//3337
f 5840//3349 5841//3349 5818//3349
f 5818//3350 5841//3350 5842//3350
f 5818//3350 5842//3350 5820//3350
f 5820//3351 5842//3351 5843//3351
f 5820//3351 5843//3351 5822//3351
f 5822//3352 5843//3352 5844//3352
f 5822//3352 5844//3352 5824//3352
f 5824//3353 5844//3353 5845//3353
f 5824//3353 5845//3353 5826//3353
f 5826//3354 5845//3354 5846//3354
f 5826//3354 5846//3354 5828//3354
f 5828//3355 5846//3355 5847//3355
f 5828//3355 5847//3355 5830//3355
f 5830//3356 5847//3356 5848//3356
f 5830//3356 5848//3356 5832//3356
f 5832//3357 5848//3357 5849//3357
f 5832//3357 5849//3357 5834//3357
f 5834//3358 5849//3358 5850//3358
f 5834//3358 5850//3358 5836//3358
f 5836//3359 5850//3359 5851//3359
f 5836//3359 5851//3359 5838//3359
f 5838//3360 5851//3360 5852//3360
f 5838//3360 5852//3360 5840//3360
f 5840//3349 5852//3349 5841//3349
f 5852//3361 5853//3361 5841//3361
f 5841//3362 5853//3362 5854//3362
f 5841//3362 5854//3362 5842//3362
f 5842//3363 5854//3363 5855//3363
f 5842//3363 5855//3363 5843//3363
f 5843//3364 5855//3364 5856//3364
f 5843//3364 5856//3364 5844//3364
f 5844//3365 5856//3365 5857//3365
f 5844//3365 5857//3365 5845//3365
f 5845//3366 5857//3366 5858//3366
f 5845//3366 5858//3366 5846//3366
f 5846//3367 5858//3367 5859//3367
f 5846//3367 5859//3367 5847//3367
f 5847//3368 5859//3368 5860//3368
f 5847//3368 5860//3368 5848//3368
f 5848//3369 5860//3369 5861//3369
f 5848//3369 5861//3369 5849//3369
f 5849//3370 5861//3370 5862//3370
f 5849//3370 5862//3370 5850//3370
f 5850//3371 5862//3371 5863//3371
f 5850//3371 5863//3371 5851//3371
f 5851//3372 5863//3372 5864//3372
f 5851//3372 5864//3372 5852//3372
f 5852//3361 5864//3361 5853//3361
f 5864//3373 5557//3373 5853//3373
f 5853//3374 5557//3374 5556//3374
f 5853//3374 5556//3374 5854//3374
f 5854//3375 5556//3375 5558//3375
f 5854//3375 5558//3375 5855//3375
f 5855//3376 5558//3376 5559//3376
f 5855//3376 5559//3376 5856//3376
f 5856//3377 5559//3377 5553//3377
f 5856//3377 5553//3377 5857//3377
f 5857//3378 5553//3378 5551//3378
f 5857//3379 5551//3379 5858//3379
f 5858//3380 5551//3380 5550//3380
f 5858//3380 5550//3380 5859//3380
f 5859//3381 5550//3381 5549//3381
f 5859//3381 5549//3381 5860//3381
f 5860//3382 5549//3382 5560//3382
f 5860//3382 5560//3382 5861//3382
f 5861//3383 5560//3383 5555//3383
f 5861//3383 5555//3383 5862//3383
f 5862//3384 5555//3384 5554//3384
f 5862//3384 5554//3384 5863//3384
f 5863//3385 5554//3385 5552//3385
f 5863//3385 5552//3385 5864//3385
f 5864//3373 5552//3373 5557//3373
f 5865//3386 5866//3386 5867//3386
f 5566//3387 5565//3387 5868//3387
f 5582//3388 5581//3388 5869//3388
f 5574//3389 5573//3389 5870//3389
f 5576//3390 5575//3390 5871//3390
f 5871//3391 5575//3391 5574//3391
f 5872//3392 5577//3392 5576//3392
f 5873//3393 5579//3393 5578//3393
f 5579//3394 5873//3394 5580//3394
f 5584//3395 5583//3395 5874//3395
f 5874//3396 5583//3396 5582//3396
f 5875//3397 5561//3397 5584//3397
f 5876//3398 5563//3398 5562//3398
f 5563//3399 5876//3399 5564//3399
f 5568//3400 5567//3400 5877//3400
f 5877//3401 5567//3401 5566//3401
f 5570//3402 5569//3402 5878//3402
f 5878//3403 5569//3403 5568//3403
f 5879//3404 5571//3404 5570//3404
f 5571//3405 5879//3405 5572//3405
f 5574//3406 5870//3406 5871//3406
f 5871//3407 5870//3407 5880//3407
f 5871//3408 5880//3408 5881//3408
f 5881//3409 5880//3409 5882//3409
f 5881//3409 5882//3409 5883//3409
f 5580//3394 5873//3394 5884//3394
f 5884//3410 5873//3410 5885//3410
f 5884//3410 5885//3410 5886//3410
f 5886//3411 5885//3411 5887//3411
f 5886//3411 5887//3411 5888//3411
f 5582//3412 5869//3412 5874//3412
f 5874//3413 5869//3413 5889//3413
f 5874//3413 5889//3413 5890//3413
f 5890//3414 5889//3414 5891//3414
f 5890//3414 5891//3414 5892//3414
f 5564//3399 5876//3399 5893//3399
f 5893//3415 5876//3415 5894//3415
f 5893//3415 5894//3415 5895//3415
f 5895//3416 5894//3416 5896//3416
f 5895//3416 5896//3416 5897//3416
f 5566//3417 5868//3417 5877//3417
f 5877//3418 5868//3418 5898//3418
f 5877//3418 5898//3418 5899//3418
f 5899//3419 5898//3419 5900//3419
f 5899//3419 5900//3419 5901//3419
f 5902//3420 5903//3420 5904//3420
f 5904//3421 5882//3421 5902//3421
f 5902//3422 5882//3422 5880//3422
f 5902//3422 5880//3422 5905//3422
f 5905//3423 5880//3423 5870//3423
f 5905//3424 5870//3424 5906//3424
f 5906//3425 5870//3425 5573//3425
f 5906//3425 5573//3425 5572//3425
f 5576//3426 5871//3426 5872//3426
f 5872//3427 5871//3427 5881//3427
f 5872//3427 5881//3427 5907//3427
f 5907//3428 5881//3428 5883//3428
f 5907//3428 5883//3428 5908//3428
f 5908//3429 5883//3429 5909//3429
f 5908//3430 5909//3430 5910//3430
f 5904//3431 5911//3431 5882//3431
f 5882//3432 5911//3432 5912//3432
f 5882//3433 5912//3433 5883//3433
f 5883//3434 5912//3434 5913//3434
f 5883//3435 5913//3435 5909//3435
f 5910//3436 5887//3436 5908//3436
f 5908//3437 5887//3437 5885//3437
f 5908//3437 5885//3437 5907//3437
f 5907//3438 5885//3438 5873//3438
f 5907//3438 5873//3438 5872//3438
f 5872//3439 5873//3439 5578//3439
f 5872//3440 5578//3440 5577//3440
f 5910//3441 5914//3441 5887//3441
f 5887//3442 5914//3442 5915//3442
f 5887//3443 5915//3443 5888//3443
f 5888//3443 5915//3443 5916//3443
f 5888//3444 5916//3444 5917//3444
f 5917//3445 5891//3445 5888//3445
f 5888//3446 5891//3446 5889//3446
f 5888//3446 5889//3446 5886//3446
f 5886//3447 5889//3447 5869//3447
f 5886//3447 5869//3447 5884//3447
f 5884//3448 5869//3448 5581//3448
f 5884//3448 5581//3448 5580//3448
f 5584//3449 5874//3449 5875//3449
f 5875//3450 5874//3450 5890//3450
f 5875//3450 5890//3450 5918//3450
f 5918//3451 5890//3451 5892//3451
f 5918//3451 5892//3451 5919//3451
f 5919//3452 5892//3452 5920//3452
f 5919//3453 5920//3453 5921//3453
f 5917//3454 5922//3454 5891//3454
f 5891//3455 5922//3455 5923//3455
f 5891//3456 5923//3456 5892//3456
f 5892//3457 5923//3457 5924//3457
f 5892//3458 5924//3458 5920//3458
f 5921//3459 5896//3459 5919//3459
f 5919//3460 5896//3460 5894//3460
f 5919//3460 5894//3460 5918//3460
f 5918//3461 5894//3461 5876//3461
f 5918//3461 5876//3461 5875//3461
f 5875//3462 5876//3462 5562//3462
f 5875//3463 5562//3463 5561//3463
f 5921//3464 5925//3464 5896//3464
f 5896//3465 5925//3465 5926//3465
f 5896//3466 5926//3466 5897//3466
f 5897//3466 5926//3466 5927//3466
f 5897//3467 5927//3467 5928//3467
f 5928//3468 5900//3468 5897//3468
f 5897//3469 5900//3469 5898//3469
f 5897//3469 5898//3469 5895//3469
f 5895//3470 5898//3470 5868//3470
f 5895//3470 5868//3470 5893//3470
f 5893//3471 5868//3471 5565//3471
f 5893//3471 5565//3471 5564//3471
f 5568//3472 5877//3472 5878//3472
f 5878//3473 5877//3473 5899//3473
f 5878//3473 5899//3473 5929//3473
f 5929//3474 5899//3474 5901//3474
f 5929//3474 5901//3474 5930//3474
f 5930//3475 5901//3475 5931//3475
f 5930//3476 5931//3476 5932//3476
f 5928//3477 5933//3477 5900//3477
f 5900//3478 5933//3478 5934//3478
f 5900//3479 5934//3479 5901//3479
f 5901//3480 5934//3480 5935//3480
f 5901//3481 5935//3481 5931//3481
f 5570//3482 5878//3482 5879//3482
f 5879//3483 5878//3483 5929//3483
f 5879//3483 5929//3483 5936//3483
f 5936//3484 5929//3484 5930//3484
f 5936//3484 5930//3484 5867//3484
f 5867//3485 5930//3485 5932//3485
f 5867//3486 5932//3486 5865//3486
f 5572//3405 5879//3405 5906//3405
f 5906//3487 5879//3487 5936//3487
f 5906//3487 5936//3487 5905//3487
f 5905//3488 5936//3488 5867//3488
f 5905//3488 5867//3488 5902//3488
f 5902//3489 5867//3489 5866//3489
f 5902//3489 5866//3489 5903//3489
f 5937//3490 5595//3490 5938//3490
f 5938//3491 5595//3491 5585//3491
f 5938//3492 5585//3492 5939//3492
f 5939//3493 5585//3493 5587//3493
f 5603//3494 5597//3494 5937//3494
f 5937//3495 5597//3495 5596//3495
f 5937//3496 5596//3496 5595//3496
f 5937//3497 5940//3497 5603//3497
f 5603//3498 5940//3498 5941//3498
f 5603//3499 5941//3499 5601//3499
f 5601//3500 5941//3500 5942//3500
f 5601//3501 5942//3501 5602//3501
f 5602//3502 5942//3502 5943//3502
f 5602//3503 5943//3503 5589//3503
f 5589//3504 5943//3504 5944//3504
f 5589//3505 5944//3505 5590//3505
f 5590//3506 5944//3506 5591//3506
f 5591//3507 5944//3507 5945//3507
f 5591//3508 5945//3508 5586//3508
f 5946//3509 5604//3509 5947//3509
f 5947//3510 5604//3510 5606//3510
f 5947//3511 5606//3511 5948//3511
f 5948//3512 5606//3512 5600//3512
f 5948//3513 5600//3513 5949//3513
f 5949//3514 5600//3514 5599//3514
f 5949//3515 5599//3515 5950//3515
f 5950//3516 5599//3516 5598//3516
f 5950//3517 5598//3517 5945//3517
f 5945//3518 5598//3518 5588//3518
f 5945//3519 5588//3519 5586//3519
f 5587//3520 5594//3520 5939//3520
f 5939//3521 5594//3521 5593//3521
f 5939//3522 5593//3522 5951//3522
f 5951//3523 5593//3523 5592//3523
f 5951//3524 5592//3524 5946//3524
f 5946//3525 5592//3525 5605//3525
f 5946//3526 5605//3526 5604//3526
f 5952//3527 5953//3527 5954//3527
f 5954//3528 5953//3528 5955//3528
f 5954//3529 5955//3529 5956//3529
f 5952//3530 5954//3530 5957//3530
f 5957//3531 5954//3531 5958//3531
f 5957//3532 5958//3532 5959//3532
f 5959//3533 5958//3533 5960//3533
f 5959//3534 5960//3534 5961//3534
f 5961//3535 5960//3535 5962//3535
f 5961//3535 5962//3535 5963//3535
f 5963//3536 5962//3536 5964//3536
f 5963//3536 5964//3536 5965//3536
f 5965//3537 5964//3537 5966//3537
f 5966//3538 5964//3538 5967//3538
f 5966//3539 5967//3539 5968//3539
f 5968//3540 5967//3540 5969//3540
f 5969//3541 5967//3541 5970//3541
f 5969//3542 5970//3542 5971//3542
f 5971//3543 5970//3543 5972//3543
f 5972//3544 5970//3544 5973//3544
f 5972//3545 5973//3545 5974//3545
f 5974//3546 5973//3546 5975//3546
f 5974//3546 5975//3546 5976//3546
f 5976//3547 5975//3547 5977//3547
f 5976//3547 5977//3547 5978//3547
f 5978//3548 5977//3548 5979//3548
f 5979//3549 5977//3549 5980//3549
f 5979//3550 5980//3550 5981//3550
f 5955//3551 5982//3551 5956//3551
f 5956//3552 5982//3552 5983//3552
f 5956//3552 5983//3552 5984//3552
f 5984//3553 5983//3553 5985//3553
f 5984//3553 5985//3553 5986//3553
f 5986//3554 5985//3554 5987//3554
f 5986//3555 5987//3555 5988//3555
f 5988//3556 5987//3556 5989//3556
f 5988//3557 5989//3557 5980//3557
f 5980//3558 5989//3558 5990//3558
f 5980//3559 5990//3559 5981//3559
f 5984//3560 5991//3560 5956//3560
f 5956//3561 5991//3561 5992//3561
f 5956//3561 5992//3561 5954//3561
f 5954//3562 5992//3562 5993//3562
f 5954//3562 5993//3562 5958//3562
f 5958//3563 5993//3563 5994//3563
f 5958//3563 5994//3563 5960//3563
f 5960//3564 5994//3564 5995//3564
f 5960//3564 5995//3564 5962//3564
f 5962//3565 5995//3565 5996//3565
f 5962//3565 5996//3565 5964//3565
f 5964//3566 5996//3566 5997//3566
f 5964//3566 5997//3566 5967//3566
f 5967//3567 5997//3567 5998//3567
f 5967//3567 5998//3567 5970//3567
f 5970//3568 5998//3568 5999//3568
f 5970//3568 5999//3568 5973//3568
f 5973//3569 5999//3569 6000//3569
f 5973//3569 6000//3569 5975//3569
f 5975//3570 6000//3570 6001//3570
f 5975//3570 6001//3570 5977//3570
f 5977//3571 6001//3571 6002//3571
f 5977//3571 6002//3571 5980//3571
f 5980//3572 6002//3572 6003//3572
f 5980//3572 6003//3572 5988//3572
f 5988//3573 6003//3573 6004//3573
f 5988//3573 6004//3573 5986//3573
f 5986//3574 6004//3574 6005//3574
f 5986//3574 6005//3574 5984//3574
f 5984//3560 6005//3560 5991//3560
f 6005//3575 5944//3575 5991//3575
f 5991//3576 5944//3576 5943//3576
f 5991//3576 5943//3576 5992//3576
f 5992//3577 5943//3577 5942//3577
f 5992//3577 5942//3577 5993//3577
f 5993//3578 5942//3578 5941//3578
f 5993//3578 5941//3578 5994//3578
f 5994//3579 5941//3579 5940//3579
f 5994//3579 5940//3579 5995//3579
f 5995//3580 5940//3580 5937//3580
f 5995//3580 5937//3580 5996//3580
f 5996//3581 5937//3581 5938//3581
f 5996//3581 5938//3581 5997//3581
f 5997//3582 5938//3582 5939//3582
f 5997//3582 5939//3582 5998//3582
f 5998//3583 5939//3583 5951//3583
f 5998//3583 5951//3583 5999//3583
f 5999//3584 5951//3584 5946//3584
f 5999//3584 5946//3584 6000//3584
f 6000//3585 5946//3585 5947//3585
f 6000//3585 5947//3585 6001//3585
f 6001//3586 5947//3586 5948//3586
f 6001//3586 5948//3586 6002//3586
f 6002//3587 5948//3587 5949//3587
f 6002//3587 5949//3587 6003//3587
f 6003//3588 5949//3588 5950//3588
f 6003//3588 5950//3588 6004//3588
f 6004//3589 5950//3589 5945//3589
f 6004//3589 5945//3589 6005//3589
f 6005//3575 5945//3575 5944//3575
f 6006//3386 6007//3386 6008//3386
f 5612//3387 5611//3387 6009//3387
f 5628//3388 5627//3388 6010//3388
f 5620//3389 5619//3389 6011//3389
f 5622//3390 5621//3390 6012//3390
f 6012//3391 5621//3391 5620//3391
f 6013//3392 5623//3392 5622//3392
f 6014//3393 5625//3393 5624//3393
f 5625//3394 6014//3394 5626//3394
f 5630//3395 5629//3395 6015//3395
f 6015//3396 5629//3396 5628//3396
f 6016//3397 5607//3397 5630//3397
f 6017//3398 5609//3398 5608//3398
f 5609//3399 6017//3399 5610//3399
f 5614//3400 5613//3400 6018//3400
f 6018//3401 5613//3401 5612//3401
f 5616//3402 5615//3402 6019//3402
f 6019//3403 5615//3403 5614//3403
f 6020//3404 5617//3404 5616//3404
f 5617//3405 6020//3405 5618//3405
f 5620//3406 6011//3406 6012//3406
f 6012//3407 6011//3407 6021//3407
f 6012//3408 6021//3408 6022//3408
f 6022//3590 6021//3590 6023//3590
f 6022//3409 6023//3409 6024//3409
f 5626//3394 6014//3394 6025//3394
f 6025//3410 6014//3410 6026//3410
f 6025//3410 6026//3410 6027//3410
f 6027//3411 6026//3411 6028//3411
f 6027//3411 6028//3411 6029//3411
f 5628//3412 6010//3412 6015//3412
f 6015//3413 6010//3413 6030//3413
f 6015//3413 6030//3413 6031//3413
f 6031//3414 6030//3414 6032//3414
f 6031//3414 6032//3414 6033//3414
f 5610//3399 6017//3399 6034//3399
f 6034//3415 6017//3415 6035//3415
f 6034//3415 6035//3415 6036//3415
f 6036//3416 6035//3416 6037//3416
f 6036//3416 6037//3416 6038//3416
f 5612//3417 6009//3417 6018//3417
f 6018//3418 6009//3418 6039//3418
f 6018//3418 6039//3418 6040//3418
f 6040//3419 6039//3419 6041//3419
f 6040//3419 6041//3419 6042//3419
f 6043//3591 6044//3591 6045//3591
f 6045//3421 6023//3421 6043//3421
f 6043//3592 6023//3592 6021//3592
f 6043//3422 6021//3422 6046//3422
f 6046//3423 6021//3423 6011//3423
f 6046//3423 6011//3423 6047//3423
f 6047//3425 6011//3425 5619//3425
f 6047//3425 5619//3425 5618//3425
f 5622//3426 6012//3426 6013//3426
f 6013//3427 6012//3427 6022//3427
f 6013//3427 6022//3427 6048//3427
f 6048//3428 6022//3428 6024//3428
f 6048//3428 6024//3428 6049//3428
f 6049//3429 6024//3429 6050//3429
f 6049//3430 6050//3430 6051//3430
f 6045//3431 6052//3431 6023//3431
f 6023//3432 6052//3432 6053//3432
f 6023//3433 6053//3433 6024//3433
f 6024//3434 6053//3434 6054//3434
f 6024//3435 6054//3435 6050//3435
f 6051//3436 6028//3436 6049//3436
f 6049//3437 6028//3437 6026//3437
f 6049//3437 6026//3437 6048//3437
f 6048//3438 6026//3438 6014//3438
f 6048//3438 6014//3438 6013//3438
f 6013//3439 6014//3439 5624//3439
f 6013//3440 5624//3440 5623//3440
f 6051//3441 6055//3441 6028//3441
f 6028//3442 6055//3442 6056//3442
f 6028//3443 6056//3443 6029//3443
f 6029//3443 6056//3443 6057//3443
f 6029//3444 6057//3444 6058//3444
f 6058//3445 6032//3445 6029//3445
f 6029//3446 6032//3446 6030//3446
f 6029//3446 6030//3446 6027//3446
f 6027//3447 6030//3447 6010//3447
f 6027//3593 6010//3593 6025//3593
f 6025//3448 6010//3448 5627//3448
f 6025//3448 5627//3448 5626//3448
f 5630//3449 6015//3449 6016//3449
f 6016//3450 6015//3450 6031//3450
f 6016//3450 6031//3450 6059//3450
f 6059//3451 6031//3451 6033//3451
f 6059//3451 6033//3451 6060//3451
f 6060//3452 6033//3452 6061//3452
f 6060//3453 6061//3453 6062//3453
f 6058//3454 6063//3454 6032//3454
f 6032//3455 6063//3455 6064//3455
f 6032//3456 6064//3456 6033//3456
f 6033//3457 6064//3457 6065//3457
f 6033//3458 6065//3458 6061//3458
f 6062//3459 6037//3459 6060//3459
f 6060//3460 6037//3460 6035//3460
f 6060//3460 6035//3460 6059//3460
f 6059//3461 6035//3461 6017//3461
f 6059//3461 6017//3461 6016//3461
f 6016//3462 6017//3462 5608//3462
f 6016//3463 5608//3463 5607//3463
f 6062//3464 6066//3464 6037//3464
f 6037//3465 6066//3465 6067//3465
f 6037//3466 6067//3466 6038//3466
f 6038//3466 6067//3466 6068//3466
f 6038//3467 6068//3467 6069//3467
f 6069//3468 6041//3468 6038//3468
f 6038//3469 6041//3469 6039//3469
f 6038//3469 6039//3469 6036//3469
f 6036//3470 6039//3470 6009//3470
f 6036//3470 6009//3470 6034//3470
f 6034//3471 6009//3471 5611//3471
f 6034//3471 5611//3471 5610//3471
f 5614//3472 6018//3472 6019//3472
f 6019//3473 6018//3473 6040//3473
f 6019//3473 6040//3473 6070//3473
f 6070//3474 6040//3474 6042//3474
f 6070//3474 6042//3474 6071//3474
f 6071//3475 6042//3475 6072//3475
f 6071//3594 6072//3594 6073//3594
f 6069//3477 6074//3477 6041//3477
f 6041//3478 6074//3478 6075//3478
f 6041//3479 6075//3479 6042//3479
f 6042//3480 6075//3480 6076//3480
f 6042//3481 6076//3481 6072//3481
f 5616//3482 6019//3482 6020//3482
f 6020//3483 6019//3483 6070//3483
f 6020//3483 6070//3483 6077//3483
f 6077//3484 6070//3484 6071//3484
f 6077//3484 6071//3484 6008//3484
f 6008//3485 6071//3485 6073//3485
f 6008//3486 6073//3486 6006//3486
f 5618//3405 6020//3405 6047//3405
f 6047//3487 6020//3487 6077//3487
f 6047//3487 6077//3487 6046//3487
f 6046//3488 6077//3488 6008//3488
f 6046//3488 6008//3488 6043//3488
f 6043//3489 6008//3489 6007//3489
f 6043//3489 6007//3489 6044//3489
f 6078//3386 6079//3386 6080//3386
f 5636//3387 5635//3387 6081//3387
f 5652//3388 5651//3388 6082//3388
f 5644//3389 5643//3389 6083//3389
f 5646//3390 5645//3390 6084//3390
f 6084//3391 5645//3391 5644//3391
f 6085//3392 5647//3392 5646//3392
f 6086//3393 5649//3393 5648//3393
f 5649//3394 6086//3394 5650//3394
f 5654//3395 5653//3395 6087//3395
f 6087//3396 5653//3396 5652//3396
f 6088//3397 5631//3397 5654//3397
f 6089//3398 5633//3398 5632//3398
f 5633//3399 6089//3399 5634//3399
f 5638//3400 5637//3400 6090//3400
f 6090//3401 5637//3401 5636//3401
f 5640//3402 5639//3402 6091//3402
f 6091//3403 5639//3403 5638//3403
f 6092//3404 5641//3404 5640//3404
f 5641//3405 6092//3405 5642//3405
f 5644//3406 6083//3406 6084//3406
f 6084//3407 6083//3407 6093//3407
f 6084//3407 6093//3407 6094//3407
f 6094//3409 6093//3409 6095//3409
f 6094//3409 6095//3409 6096//3409
f 5650//3394 6086//3394 6097//3394
f 6097//3410 6086//3410 6098//3410
f 6097//3410 6098//3410 6099//3410
f 6099//3411 6098//3411 6100//3411
f 6099//3411 6100//3411 6101//3411
f 5652//3412 6082//3412 6087//3412
f 6087//3413 6082//3413 6102//3413
f 6087//3413 6102//3413 6103//3413
f 6103//3414 6102//3414 6104//3414
f 6103//3414 6104//3414 6105//3414
f 5634//3399 6089//3399 6106//3399
f 6106//3415 6089//3415 6107//3415
f 6106//3415 6107//3415 6108//3415
f 6108//3416 6107//3416 6109//3416
f 6108//3416 6109//3416 6110//3416
f 5636//3417 6081//3417 6090//3417
f 6090//3418 6081//3418 6111//3418
f 6090//3418 6111//3418 6112//3418
f 6112//3419 6111//3419 6113//3419
f 6112//3419 6113//3419 6114//3419
f 6115//3591 6116//3591 6117//3591
f 6117//3421 6095//3421 6115//3421
f 6115//3422 6095//3422 6093//3422
f 6115//3592 6093//3592 6118//3592
f 6118//3423 6093//3423 6083//3423
f 6118//3423 6083//3423 6119//3423
f 6119//3425 6083//3425 5643//3425
f 6119//3425 5643//3425 5642//3425
f 5646//3426 6084//3426 6085//3426
f 6085//3427 6084//3427 6094//3427
f 6085//3427 6094//3427 6120//3427
f 6120//3428 6094//3428 6096//3428
f 6120//3428 6096//3428 6121//3428
f 6121//3429 6096//3429 6122//3429
f 6121//3430 6122//3430 6123//3430
f 6117//3431 6124//3431 6095//3431
f 6095//3432 6124//3432 6125//3432
f 6095//3433 6125//3433 6096//3433
f 6096//3434 6125//3434 6126//3434
f 6096//3435 6126//3435 6122//3435
f 6123//3436 6100//3436 6121//3436
f 6121//3437 6100//3437 6098//3437
f 6121//3437 6098//3437 6120//3437
f 6120//3438 6098//3438 6086//3438
f 6120//3438 6086//3438 6085//3438
f 6085//3439 6086//3439 5648//3439
f 6085//3440 5648//3440 5647//3440
f 6123//3441 6127//3441 6100//3441
f 6100//3595 6127//3595 6128//3595
f 6100//3443 6128//3443 6101//3443
f 6101//3443 6128//3443 6129//3443
f 6101//3444 6129//3444 6130//3444
f 6130//3596 6104//3596 6101//3596
f 6101//3446 6104//3446 6102//3446
f 6101//3446 6102//3446 6099//3446
f 6099//3447 6102//3447 6082//3447
f 6099//3593 6082//3593 6097//3593
f 6097//3448 6082//3448 5651//3448
f 6097//3448 5651//3448 5650//3448
f 5654//3449 6087//3449 6088//3449
f 6088//3450 6087//3450 6103//3450
f 6088//3450 6103//3450 6131//3450
f 6131//3451 6103//3451 6105//3451
f 6131//3451 6105//3451 6132//3451
f 6132//3452 6105//3452 6133//3452
f 6132//3453 6133//3453 6134//3453
f 6130//3454 6135//3454 6104//3454
f 6104//3597 6135//3597 6136//3597
f 6104//3456 6136//3456 6105//3456
f 6105//3457 6136//3457 6137//3457
f 6105//3458 6137//3458 6133//3458
f 6134//3459 6109//3459 6132//3459
f 6132//3460 6109//3460 6107//3460
f 6132//3460 6107//3460 6131//3460
f 6131//3461 6107//3461 6089//3461
f 6131//3461 6089//3461 6088//3461
f 6088//3598 6089//3598 5632//3598
f 6088//3463 5632//3463 5631//3463
f 6134//3464 6138//3464 6109//3464
f 6109//3465 6138//3465 6139//3465
f 6109//3466 6139//3466 6110//3466
f 6110//3466 6139//3466 6140//3466
f 6110//3467 6140//3467 6141//3467
f 6141//3468 6113//3468 6110//3468
f 6110//3469 6113//3469 6111//3469
f 6110//3469 6111//3469 6108//3469
f 6108//3470 6111//3470 6081//3470
f 6108//3470 6081//3470 6106//3470
f 6106//3471 6081//3471 5635//3471
f 6106//3471 5635//3471 5634//3471
f 5638//3472 6090//3472 6091//3472
f 6091//3473 6090//3473 6112//3473
f 6091//3473 6112//3473 6142//3473
f 6142//3474 6112//3474 6114//3474
f 6142//3474 6114//3474 6143//3474
f 6143//3475 6114//3475 6144//3475
f 6143//3476 6144//3476 6145//3476
f 6141//3599 6146//3599 6113//3599
f 6113//3478 6146//3478 6147//3478
f 6113//3479 6147//3479 6114//3479
f 6114//3480 6147//3480 6148//3480
f 6114//3481 6148//3481 6144//3481
f 5640//3482 6091//3482 6092//3482
f 6092//3483 6091//3483 6142//3483
f 6092//3483 6142//3483 6149//3483
f 6149//3484 6142//3484 6143//3484
f 6149//3484 6143//3484 6080//3484
f 6080//3485 6143//3485 6145//3485
f 6080//3486 6145//3486 6078//3486
f 5642//3405 6092//3405 6119//3405
f 6119//3487 6092//3487 6149//3487
f 6119//3487 6149//3487 6118//3487
f 6118//3488 6149//3488 6080//3488
f 6118//3488 6080//3488 6115//3488
f 6115//3489 6080//3489 6079//3489
f 6115//3489 6079//3489 6116//3489
f 6150//3386 6151//3386 6152//3386
f 5660//3387 5659//3387 6153//3387
f 5676//3388 5675//3388 6154//3388
f 5668//3389 5667//3389 6155//3389
f 5670//3390 5669//3390 6156//3390
f 6156//3391 5669//3391 5668//3391
f 6157//3392 5671//3392 5670//3392
f 6158//3393 5673//3393 5672//3393
f 5673//3394 6158//3394 5674//3394
f 5678//3395 5677//3395 6159//3395
f 6159//3396 5677//3396 5676//3396
f 6160//3397 5655//3397 5678//3397
f 6161//3398 5657//3398 5656//3398
f 5657//3399 6161//3399 5658//3399
f 5662//3400 5661//3400 6162//3400
f 6162//3401 5661//3401 5660//3401
f 5664//3402 5663//3402 6163//3402
f 6163//3403 5663//3403 5662//3403
f 6164//3404 5665//3404 5664//3404
f 5665//3405 6164//3405 5666//3405
f 5668//3406 6155//3406 6156//3406
f 6156//3407 6155//3407 6165//3407
f 6156//3407 6165//3407 6166//3407
f 6166//3590 6165//3590 6167//3590
f 6166//3409 6167//3409 6168//3409
f 5674//3394 6158//3394 6169//3394
f 6169//3410 6158//3410 6170//3410
f 6169//3410 6170//3410 6171//3410
f 6171//3411 6170//3411 6172//3411
f 6171//3600 6172//3600 6173//3600
f 5676//3412 6154//3412 6159//3412
f 6159//3413 6154//3413 6174//3413
f 6159//3413 6174//3413 6175//3413
f 6175//3414 6174//3414 6176//3414
f 6175//3414 6176//3414 6177//3414
f 5658//3399 6161//3399 6178//3399
f 6178//3415 6161//3415 6179//3415
f 6178//3415 6179//3415 6180//3415
f 6180//3416 6179//3416 6181//3416
f 6180//3416 6181//3416 6182//3416
f 5660//3417 6153//3417 6162//3417
f 6162//3418 6153//3418 6183//3418
f 6162//3418 6183//3418 6184//3418
f 6184//3419 6183//3419 6185//3419
f 6184//3419 6185//3419 6186//3419
f 6187//3591 6188//3591 6189//3591
f 6189//3421 6167//3421 6187//3421
f 6187//3592 6167//3592 6165//3592
f 6187//3592 6165//3592 6190//3592
f 6190//3423 6165//3423 6155//3423
f 6190//3423 6155//3423 6191//3423
f 6191//3425 6155//3425 5667//3425
f 6191//3425 5667//3425 5666//3425
f 5670//3426 6156//3426 6157//3426
f 6157//3427 6156//3427 6166//3427
f 6157//3427 6166//3427 6192//3427
f 6192//3428 6166//3428 6168//3428
f 6192//3428 6168//3428 6193//3428
f 6193//3429 6168//3429 6194//3429
f 6193//3430 6194//3430 6195//3430
f 6189//3431 6196//3431 6167//3431
f 6167//3432 6196//3432 6197//3432
f 6167//3433 6197//3433 6168//3433
f 6168//3434 6197//3434 6198//3434
f 6168//3435 6198//3435 6194//3435
f 6195//3436 6172//3436 6193//3436
f 6193//3437 6172//3437 6170//3437
f 6193//3437 6170//3437 6192//3437
f 6192//3438 6170//3438 6158//3438
f 6192//3438 6158//3438 6157//3438
f 6157//3439 6158//3439 5672//3439
f 6157//3440 5672//3440 5671//3440
f 6195//3441 6199//3441 6172//3441
f 6172//3442 6199//3442 6200//3442
f 6172//3443 6200//3443 6173//3443
f 6173//3443 6200//3443 6201//3443
f 6173//3444 6201//3444 6202//3444
f 6202//3596 6176//3596 6173//3596
f 6173//3446 6176//3446 6174//3446
f 6173//3446 6174//3446 6171//3446
f 6171//3447 6174//3447 6154//3447
f 6171//3593 6154//3593 6169//3593
f 6169//3448 6154//3448 5675//3448
f 6169//3448 5675//3448 5674//3448
f 5678//3449 6159//3449 6160//3449
f 6160//3450 6159//3450 6175//3450
f 6160//3450 6175//3450 6203//3450
f 6203//3451 6175//3451 6177//3451
f 6203//3451 6177//3451 6204//3451
f 6204//3452 6177//3452 6205//3452
f 6204//3453 6205//3453 6206//3453
f 6202//3454 6207//3454 6176//3454
f 6176//3597 6207//3597 6208//3597
f 6176//3456 6208//3456 6177//3456
f 6177//3457 6208//3457 6209//3457
f 6177//3458 6209//3458 6205//3458
f 6206//3459 6181//3459 6204//3459
f 6204//3460 6181//3460 6179//3460
f 6204//3460 6179//3460 6203//3460
f 6203//3461 6179//3461 6161//3461
f 6203//3461 6161//3461 6160//3461
f 6160//3598 6161//3598 5656//3598
f 6160//3463 5656//3463 5655//3463
f 6206//3464 6210//3464 6181//3464
f 6181//3465 6210//3465 6211//3465
f 6181//3466 6211//3466 6182//3466
f 6182//3466 6211//3466 6212//3466
f 6182//3467 6212//3467 6213//3467
f 6213//3468 6185//3468 6182//3468
f 6182//3469 6185//3469 6183//3469
f 6182//3469 6183//3469 6180//3469
f 6180//3470 6183//3470 6153//3470
f 6180//3470 6153//3470 6178//3470
f 6178//3471 6153//3471 5659//3471
f 6178//3471 5659//3471 5658//3471
f 5662//3472 6162//3472 6163//3472
f 6163//3473 6162//3473 6184//3473
f 6163//3473 6184//3473 6214//3473
f 6214//3474 6184//3474 6186//3474
f 6214//3474 6186//3474 6215//3474
f 6215//3475 6186//3475 6216//3475
f 6215//3476 6216//3476 6217//3476
f 6213//3599 6218//3599 6185//3599
f 6185//3478 6218//3478 6219//3478
f 6185//3479 6219//3479 6186//3479
f 6186//3480 6219//3480 6220//3480
f 6186//3481 6220//3481 6216//3481
f 5664//3482 6163//3482 6164//3482
f 6164//3483 6163//3483 6214//3483
f 6164//3483 6214//3483 6221//3483
f 6221//3484 6214//3484 6215//3484
f 6221//3484 6215//3484 6152//3484
f 6152//3485 6215//3485 6217//3485
f 6152//3486 6217//3486 6150//3486
f 5666//3405 6164//3405 6191//3405
f 6191//3487 6164//3487 6221//3487
f 6191//3487 6221//3487 6190//3487
f 6190//3488 6221//3488 6152//3488
f 6190//3488 6152//3488 6187//3488
f 6187//3489 6152//3489 6151//3489
f 6187//3489 6151//3489 6188//3489
f 6222//69 5681//69 6223//69
f 6223//68 5681//68 5682//68
f 6223//68 5682//68 6224//68
f 6224//67 5682//67 5689//67
f 6224//67 5689//67 6225//67
f 6225//72 5689//72 5690//72
f 6225//72 5690//72 6226//72
f 6226//71 5690//71 5686//71
f 6226//71 5686//71 6227//71
f 6227//70 5686//70 5687//70
f 6227//70 5687//70 6228//70
f 6228//27 5687//27 5688//27
f 6228//27 5688//27 6229//27
f 6229//28 5688//28 5683//28
f 6229//28 5683//28 6230//28
f 6230//29 5683//29 5684//29
f 6230//29 5684//29 6231//29
f 6231//64 5684//64 5685//64
f 6231//64 5685//64 6232//64
f 6232//65 5685//65 5679//65
f 6232//65 5679//65 6233//65
f 6233//66 5679//66 5680//66
f 6233//66 5680//66 6222//66
f 6222//69 5680//69 5681//69
f 5698//3601 5707//3601 6234//3601
f 5698//3601 6234//3601 5699//3601
f 5699//3602 6234//3602 6235//3602
f 5699//3602 6235//3602 5700//3602
f 5700//3603 6235//3603 6236//3603
f 5700//3603 6236//3603 5701//3603
f 5701//3604 6236//3604 5702//3604
f 5702//3605 6236//3605 6237//3605
f 5702//3606 6237//3606 5694//3606
f 5694//3607 6237//3607 6238//3607
f 5694//3607 6238//3607 5695//3607
f 5695//3608 6238//3608 6239//3608
f 5695//3608 6239//3608 5696//3608
f 5696//3609 6239//3609 6240//3609
f 5696//3609 6240//3609 5697//3609
f 5697//3610 6240//3610 6241//3610
f 5697//3610 6241//3610 5703//3610
f 5703//3611 6241//3611 6242//3611
f 5703//3611 6242//3611 5704//3611
f 5704//3612 6242//3612 5705//3612
f 5705//3613 6242//3613 6243//3613
f 5705//3614 6243//3614 5706//3614
f 5706//3615 6243//3615 5691//3615
f 5706//3615 5691//3615 5693//3615
f 6244//69 5713//69 6245//69
f 6245//68 5713//68 5714//68
f 6245//68 5714//68 6246//68
f 6246//67 5714//67 5715//67
f 6246//67 5715//67 6247//67
f 6247//72 5715//72 5716//72
f 6247//72 5716//72 6248//72
f 6248//71 5716//71 5717//71
f 6248//71 5717//71 6249//71
f 6249//70 5717//70 5718//70
f 6249//70 5718//70 6250//70
f 6250//27 5718//27 5719//27
f 6250//27 5719//27 6251//27
f 6251//28 5719//28 5708//28
f 6251//28 5708//28 6252//28
f 6252//29 5708//29 5709//29
f 6252//29 5709//29 6253//29
f 6253//64 5709//64 5710//64
f 6253//64 5710//64 6254//64
f 6254//65 5710//65 5711//65
f 6254//65 5711//65 6255//65
f 6255//66 5711//66 5712//66
f 6255//66 5712//66 6244//66
f 6244//69 5712//69 5713//69
f 6256//69 5727//69 6257//69
f 6257//68 5727//68 5728//68
f 6257//68 5728//68 6258//68
f 6258//67 5728//67 5729//67
f 6258//67 5729//67 6259//67
f 6259//72 5729//72 5730//72
f 6259//72 5730//72 6260//72
f 6260//71 5730//71 5731//71
f 6260//71 5731//71 6261//71
f 6261//70 5731//70 5720//70
f 6261//70 5720//70 6262//70
f 6262//27 5720//27 5721//27
f 6262//27 5721//27 6263//27
f 6263//28 5721//28 5722//28
f 6263//28 5722//28 6264//28
f 6264//29 5722//29 5723//29
f 6264//29 5723//29 6265//29
f 6265//64 5723//64 5724//64
f 6265//64 5724//64 6266//64
f 6266//65 5724//65 5725//65
f 6266//65 5725//65 6267//65
f 6267//66 5725//66 5726//66
f 6267//66 5726//66 6256//66
f 6256//69 5726//69 5727//69
f 6268//3616 5745//3616 5739//3616
f 5743//3617 5744//3617 5746//3617
f 5746//3617 6269//3617 5743//3617
f 5743//3618 6269//3618 6270//3618
f 5743//3618 6270//3618 5742//3618
f 5742//3619 6270//3619 6271//3619
f 5742//3619 6271//3619 5740//3619
f 5740//3620 6271//3620 6272//3620
f 5740//3620 6272//3620 5741//3620
f 5741//3621 6272//3621 6273//3621
f 5741//3621 6273//3621 5735//3621
f 5735//3622 6273//3622 6274//3622
f 5735//3622 6274//3622 5734//3622
f 5734//3623 6274//3623 6275//3623
f 5734//3623 6275//3623 5733//3623
f 5733//3624 6275//3624 6276//3624
f 5733//3624 6276//3624 5732//3624
f 5732//3625 6276//3625 6277//3625
f 5732//3625 6277//3625 5736//3625
f 5736//3626 6277//3626 6278//3626
f 5736//3626 6278//3626 5737//3626
f 5737//3627 6278//3627 6268//3627
f 5737//3627 6268//3627 5738//3627
f 5738//3616 6268//3616 5739//3616
f 5750//8 5752//8 6279//8
f 6279//8 5752//8 6280//8
f 5752//1 5756//1 6280//1
f 6280//1 5756//1 6281//1
f 5756//3628 5749//3628 6281//3628
f 6281//3628 5749//3628 6282//3628
f 5749//3629 5748//3629 6282//3629
f 6282//3629 5748//3629 6283//3629
f 5748//3630 5747//3630 6283//3630
f 6283//3630 5747//3630 6284//3630
f 5747//19 5755//19 6284//19
f 6284//19 5755//19 6285//19
f 5755//3631 5754//3631 6285//3631
f 6285//3631 5754//3631 6286//3631
f 5754//3632 5753//3632 6286//3632
f 6286//3632 5753//3632 6287//3632
f 5753//3633 5751//3633 6287//3633
f 6287//3633 5751//3633 6288//3633
f 5751//2 5750//2 6288//2
f 6288//2 5750//2 6279//2
f 5764//69 6289//69 5765//69
f 5765//68 6289//68 6290//68
f 5765//68 6290//68 5766//68
f 5766//67 6290//67 6291//67
f 5766//67 6291//67 5768//67
f 5768//72 6291//72 6292//72
f 5768//72 6292//72 5757//72
f 5757//71 6292//71 6293//71
f 5757//71 6293//71 5758//71
f 5758//70 6293//70 6294//70
f 5758//70 6294//70 5767//70
f 5767//27 6294//27 6295//27
f 5767//27 6295//27 5759//27
f 5759//28 6295//28 6296//28
f 5759//28 6296//28 5760//28
f 5760//29 6296//29 6297//29
f 5760//29 6297//29 5761//29
f 5761//64 6297//64 6298//64
f 5761//64 6298//64 5762//64
f 5762//65 6298//65 6299//65
f 5762//65 6299//65 5763//65
f 5763//66 6299//66 6300//66
f 5763//66 6300//66 5764//66
f 5764//69 6300//69 6289//69
f 6301//70 5771//70 6302//70
f 6302//71 5771//71 5773//71
f 6302//71 5773//71 6303//71
f 6303//72 5773//72 5775//72
f 6303//72 5775//72 6304//72
f 6304//67 5775//67 5777//67
f 6304//67 5777//67 6305//67
f 6305//68 5777//68 5779//68
f 6305//68 5779//68 6306//68
f 6306//69 5779//69 5781//69
f 6306//69 5781//69 6307//69
f 6307//66 5781//66 5783//66
f 6307//66 5783//66 6308//66
f 6308//65 5783//65 5785//65
f 6308//65 5785//65 6309//65
f 6309//64 5785//64 5787//64
f 6309//64 5787//64 6310//64
f 6310//29 5787//29 5789//29
f 6310//29 5789//29 6311//29
f 6311//28 5789//28 5791//28
f 6311//28 5791//28 6312//28
f 6312//27 5791//27 5769//27
f 6312//27 5769//27 6301//27
f 6301//70 5769//70 5771//70
f 6313//70 5819//70 6314//70
f 6314//71 5819//71 5821//71
f 6314//71 5821//71 6315//71
f 6315//72 5821//72 5823//72
f 6315//72 5823//72 6316//72
f 6316//67 5823//67 5825//67
f 6316//67 5825//67 6317//67
f 6317//68 5825//68 5827//68
f 6317//68 5827//68 6318//68
f 6318//69 5827//69 5829//69
f 6318//69 5829//69 6319//69
f 6319//66 5829//66 5831//66
f 6319//66 5831//66 6320//66
f 6320//65 5831//65 5833//65
f 6320//65 5833//65 6321//65
f 6321//64 5833//64 5835//64
f 6321//64 5835//64 6322//64
f 6322//29 5835//29 5837//29
f 6322//29 5837//29 6323//29
f 6323//28 5837//28 5839//28
f 6323//28 5839//28 6324//28
f 6324//27 5839//27 5817//27
f 6324//27 5817//27 6313//27
f 6313//70 5817//70 5819//70
f 5925//3634 5921//3634 6325//3634
f 6325//3635 5921//3635 6326//3635
f 5925//3636 6325//3636 5926//3636
f 5926//3637 6325//3637 6327//3637
f 5926//3638 6327//3638 5927//3638
f 6328//3639 5933//3639 6327//3639
f 6327//3640 5933//3640 5928//3640
f 6327//3641 5928//3641 5927//3641
f 6329//3642 5935//3642 6328//3642
f 6328//3643 5935//3643 5934//3643
f 6328//3644 5934//3644 5933//3644
f 6330//3645 5932//3645 6329//3645
f 6329//3646 5932//3646 5931//3646
f 6329//3647 5931//3647 5935//3647
f 5904//3648 5903//3648 6331//3648
f 6331//3649 5903//3649 5866//3649
f 6331//3650 5866//3650 6330//3650
f 6330//3651 5866//3651 5865//3651
f 6330//3652 5865//3652 5932//3652
f 5904//3653 6331//3653 5911//3653
f 5911//3654 6331//3654 6332//3654
f 5911//3655 6332//3655 5912//3655
f 5912//3656 6332//3656 5913//3656
f 5913//3657 6332//3657 6333//3657
f 5913//3658 6333//3658 5909//3658
f 5909//3659 6333//3659 5910//3659
f 5910//3660 6333//3660 6334//3660
f 5910//3661 6334//3661 5914//3661
f 5914//3662 6334//3662 5915//3662
f 5915//3663 6334//3663 6335//3663
f 5915//3664 6335//3664 5916//3664
f 6336//3665 5922//3665 6335//3665
f 6335//3666 5922//3666 5917//3666
f 6335//3667 5917//3667 5916//3667
f 5921//3668 5920//3668 6326//3668
f 6326//1142 5920//1142 5924//1142
f 6326//3669 5924//3669 6336//3669
f 6336//3670 5924//3670 5923//3670
f 6336//3671 5923//3671 5922//3671
f 6337//3672 6338//3672 5985//3672
f 6339//3673 5989//3673 6338//3673
f 6338//3674 5989//3674 5987//3674
f 6338//147 5987//147 5985//147
f 6340//3675 5981//3675 6339//3675
f 6339//3676 5981//3676 5990//3676
f 6339//3677 5990//3677 5989//3677
f 6341//3678 5978//3678 6340//3678
f 6340//3679 5978//3679 5979//3679
f 6340//149 5979//149 5981//149
f 6342//3680 5974//3680 6341//3680
f 6341//3681 5974//3681 5976//3681
f 6341//3682 5976//3682 5978//3682
f 6343//3683 5971//3683 6342//3683
f 6342//3684 5971//3684 5972//3684
f 6342//3685 5972//3685 5974//3685
f 6344//3686 5968//3686 6343//3686
f 6343//3687 5968//3687 5969//3687
f 6343//3688 5969//3688 5971//3688
f 6345//3689 5965//3689 6344//3689
f 6344//3690 5965//3690 5966//3690
f 6344//3691 5966//3691 5968//3691
f 6346//3692 5961//3692 6345//3692
f 6345//3693 5961//3693 5963//3693
f 6345//3694 5963//3694 5965//3694
f 6347//3695 5957//3695 6346//3695
f 6346//142 5957//142 5959//142
f 6346//3696 5959//3696 5961//3696
f 6348//3697 5953//3697 6347//3697
f 6347//3698 5953//3698 5952//3698
f 6347//3699 5952//3699 5957//3699
f 5985//3700 5983//3700 6337//3700
f 6337//3701 5983//3701 5982//3701
f 6337//3702 5982//3702 6348//3702
f 6348//144 5982//144 5955//144
f 6348//3703 5955//3703 5953//3703
f 6066//3634 6062//3634 6349//3634
f 6349//3635 6062//3635 6350//3635
f 6066//3636 6349//3636 6067//3636
f 6067//3637 6349//3637 6351//3637
f 6067//3638 6351//3638 6068//3638
f 6352//3639 6074//3639 6351//3639
f 6351//3640 6074//3640 6069//3640
f 6351//3641 6069//3641 6068//3641
f 6353//3642 6076//3642 6352//3642
f 6352//3643 6076//3643 6075//3643
f 6352//3644 6075//3644 6074//3644
f 6354//3645 6073//3645 6353//3645
f 6353//3646 6073//3646 6072//3646
f 6353//3647 6072//3647 6076//3647
f 6045//3648 6044//3648 6355//3648
f 6355//3649 6044//3649 6007//3649
f 6355//3650 6007//3650 6354//3650
f 6354//3651 6007//3651 6006//3651
f 6354//3652 6006//3652 6073//3652
f 6045//3653 6355//3653 6052//3653
f 6052//3654 6355//3654 6356//3654
f 6052//3655 6356//3655 6053//3655
f 6053//3704 6356//3704 6054//3704
f 6054//3657 6356//3657 6357//3657
f 6054//3658 6357//3658 6050//3658
f 6050//3659 6357//3659 6051//3659
f 6051//3660 6357//3660 6358//3660
f 6051//3661 6358//3661 6055//3661
f 6055//3662 6358//3662 6056//3662
f 6056//3663 6358//3663 6359//3663
f 6056//3664 6359//3664 6057//3664
f 6360//3665 6063//3665 6359//3665
f 6359//3666 6063//3666 6058//3666
f 6359//3667 6058//3667 6057//3667
f 6062//3668 6061//3668 6350//3668
f 6350//1142 6061//1142 6065//1142
f 6350//3669 6065//3669 6360//3669
f 6360//3670 6065//3670 6064//3670
f 6360//3671 6064//3671 6063//3671
f 6138//3634 6134//3634 6361//3634
f 6361//3635 6134//3635 6362//3635
f 6138//3636 6361//3636 6139//3636
f 6139//3637 6361//3637 6363//3637
f 6139//3638 6363//3638 6140//3638
f 6364//3639 6146//3639 6363//3639
f 6363//3640 6146//3640 6141//3640
f 6363//3641 6141//3641 6140//3641
f 6365//3642 6148//3642 6364//3642
f 6364//3643 6148//3643 6147//3643
f 6364//3644 6147//3644 6146//3644
f 6366//3645 6145//3645 6365//3645
f 6365//3646 6145//3646 6144//3646
f 6365//3647 6144//3647 6148//3647
f 6117//3648 6116//3648 6367//3648
f 6367//3649 6116//3649 6079//3649
f 6367//3650 6079//3650 6366//3650
f 6366//3651 6079//3651 6078//3651
f 6366//3652 6078//3652 6145//3652
f 6117//3653 6367//3653 6124//3653
f 6124//3654 6367//3654 6368//3654
f 6124//3655 6368//3655 6125//3655
f 6125//3704 6368//3704 6126//3704
f 6126//3657 6368//3657 6369//3657
f 6126//3658 6369//3658 6122//3658
f 6122//3659 6369//3659 6123//3659
f 6123//3660 6369//3660 6370//3660
f 6123//3661 6370//3661 6127//3661
f 6127//3662 6370//3662 6128//3662
f 6128//3663 6370//3663 6371//3663
f 6128//3664 6371//3664 6129//3664
f 6372//3665 6135//3665 6371//3665
f 6371//3666 6135//3666 6130//3666
f 6371//3667 6130//3667 6129//3667
f 6134//3668 6133//3668 6362//3668
f 6362//1142 6133//1142 6137//1142
f 6362//3669 6137//3669 6372//3669
f 6372//3670 6137//3670 6136//3670
f 6372//3671 6136//3671 6135//3671
f 6210//3634 6206//3634 6373//3634
f 6373//3635 6206//3635 6374//3635
f 6210//3636 6373//3636 6211//3636
f 6211//3637 6373//3637 6375//3637
f 6211//3638 6375//3638 6212//3638
f 6376//3639 6218//3639 6375//3639
f 6375//3640 6218//3640 6213//3640
f 6375//3641 6213//3641 6212//3641
f 6377//3642 6220//3642 6376//3642
f 6376//3643 6220//3643 6219//3643
f 6376//3644 6219//3644 6218//3644
f 6378//3645 6217//3645 6377//3645
f 6377//3646 6217//3646 6216//3646
f 6377//3647 6216//3647 6220//3647
f 6189//3648 6188//3648 6379//3648
f 6379//3649 6188//3649 6151//3649
f 6379//3650 6151//3650 6378//3650
f 6378//3705 6151//3705 6150//3705
f 6378//3652 6150//3652 6217//3652
f 6189//3653 6379//3653 6196//3653
f 6196//3654 6379//3654 6380//3654
f 6196//3655 6380//3655 6197//3655
f 6197//3704 6380//3704 6198//3704
f 6198//3657 6380//3657 6381//3657
f 6198//3658 6381//3658 6194//3658
f 6194//3659 6381//3659 6195//3659
f 6195//3660 6381//3660 6382//3660
f 6195//3661 6382//3661 6199//3661
f 6199//3662 6382//3662 6200//3662
f 6200//3663 6382//3663 6383//3663
f 6200//3664 6383//3664 6201//3664
f 6384//3665 6207//3665 6383//3665
f 6383//3666 6207//3666 6202//3666
f 6383//3667 6202//3667 6201//3667
f 6206//3668 6205//3668 6374//3668
f 6374//1142 6205//1142 6209//1142
f 6374//3669 6209//3669 6384//3669
f 6384//3670 6209//3670 6208//3670
f 6384//3671 6208//3671 6207//3671
f 6385//101 6271//101 6386//101
f 6386//101 6271//101 6270//101
f 6387//101 6388//101 6275//101
f 6268//101 6278//101 6389//101
f 6389//101 6278//101 6277//101
f 6389//101 6277//101 6388//101
f 6388//101 6277//101 6276//101
f 6388//101 6276//101 6275//101
f 6275//101 6274//101 6387//101
f 6387//101 6274//101 6273//101
f 6387//101 6273//101 6390//101
f 6390//101 6273//101 6272//101
f 6385//101 6391//101 6271//101
f 6271//101 6391//101 6392//101
f 6271//101 6392//101 6272//101
f 6272//101 6392//101 6393//101
f 6272//101 6393//101 6390//101
f 6270//101 6269//101 6386//101
f 6386//101 6269//101 5746//101
f 6386//101 5746//101 6389//101
f 6389//101 5746//101 5745//101
f 6389//101 5745//101 6268//101
f 5707//101 5692//101 5691//101
f 6258//101 5691//101 6257//101
f 6257//101 5691//101 6243//101
f 6257//101 6243//101 6256//101
f 6265//101 6394//101 6264//101
f 6264//101 6394//101 6395//101
f 6264//101 6395//101 6263//101
f 6263//101 6395//101 6396//101
f 6263//101 6396//101 6262//101
f 6259//101 6260//101 6386//101
f 6386//101 6260//101 6261//101
f 6386//101 6261//101 6397//101
f 6397//101 6261//101 6262//101
f 6397//101 6262//101 6398//101
f 6398//101 6262//101 6396//101
f 6399//101 6266//101 6400//101
f 6400//101 6266//101 6267//101
f 6400//101 6267//101 6401//101
f 6401//101 6240//101 6239//101
f 6399//101 6402//101 6266//101
f 6266//101 6402//101 6403//101
f 6266//101 6403//101 6265//101
f 6265//101 6403//101 6404//101
f 6265//101 6404//101 6394//101
f 6235//101 6234//101 6389//101
f 6389//101 6234//101 5707//101
f 6389//101 5707//101 6386//101
f 6386//101 5707//101 5691//101
f 6386//101 5691//101 6259//101
f 6259//101 5691//101 6258//101
f 6256//101 6243//101 6267//101
f 6267//101 6243//101 6242//101
f 6267//101 6242//101 6401//101
f 6401//101 6242//101 6241//101
f 6401//101 6241//101 6240//101
f 6239//101 6238//101 6401//101
f 6401//101 6238//101 6237//101
f 6401//101 6237//101 6389//101
f 6389//101 6237//101 6236//101
f 6389//101 6236//101 6235//101
f 6405//101 6401//101 6252//101
f 6247//101 6248//101 6389//101
f 6248//101 6249//101 6389//101
f 6389//101 6249//101 6250//101
f 6389//101 6250//101 6401//101
f 6401//101 6250//101 6251//101
f 6401//101 6251//101 6252//101
f 6254//101 6406//101 6253//101
f 6253//101 6406//101 6407//101
f 6253//101 6407//101 6252//101
f 6252//101 6407//101 6408//101
f 6252//101 6408//101 6405//101
f 6246//101 6409//101 6245//101
f 6245//101 6409//101 6410//101
f 6245//101 6410//101 6244//101
f 6244//101 6410//101 6411//101
f 6244//101 6411//101 6255//101
f 6255//101 6411//101 6412//101
f 6255//101 6412//101 6254//101
f 6254//101 6412//101 6413//101
f 6254//101 6413//101 6406//101
f 6225//101 6226//101 6388//101
f 6226//101 6227//101 6388//101
f 6388//101 6227//101 6228//101
f 6388//101 6228//101 6389//101
f 6389//101 6228//101 6229//101
f 6389//101 6229//101 6230//101
f 6230//101 6231//101 6389//101
f 6389//101 6231//101 6409//101
f 6389//101 6409//101 6247//101
f 6247//101 6409//101 6246//101
f 6231//101 6232//101 6409//101
f 6409//101 6232//101 6233//101
f 6409//101 6233//101 6414//101
f 6414//101 6233//101 6222//101
f 6415//101 6223//101 6224//101
f 6225//101 6388//101 6224//101
f 6224//101 6388//101 6416//101
f 6224//101 6416//101 6415//101
f 6415//101 6417//101 6223//101
f 6223//101 6417//101 6418//101
f 6223//101 6418//101 6222//101
f 6222//101 6418//101 6419//101
f 6222//101 6419//101 6414//101
f 6420//101 6421//101 6422//101
f 6423//101 6424//101 6425//101
f 6422//101 6421//101 6424//101
f 6424//101 6421//101 6426//101
f 6424//101 6426//101 6425//101
f 6427//101 6428//101 6429//101
f 6429//101 6428//101 6430//101
f 6425//101 6431//101 6423//101
f 6423//101 6431//101 6432//101
f 6423//101 6432//101 6430//101
f 6430//101 6432//101 6433//101
f 6430//101 6433//101 6429//101
f 6427//101 6434//101 6428//101
f 6428//101 6434//101 6435//101
f 6428//101 6435//101 6422//101
f 6422//101 6435//101 6436//101
f 6422//101 6436//101 6420//101
f 6437//101 6438//101 6439//101
f 6439//101 6438//101 6440//101
f 6440//101 6438//101 6441//101
f 6440//101 6441//101 6442//101
f 6441//101 6443//101 6442//101
f 6442//101 6443//101 6444//101
f 6442//101 6444//101 6445//101
f 6444//101 6446//101 6445//101
f 6445//101 6446//101 6447//101
f 6445//101 6447//101 6448//101
f 6448//101 6447//101 6449//101
f 6448//101 6449//101 6450//101
f 6450//101 6451//101 6448//101
f 6448//101 6451//101 6452//101
f 6448//101 6452//101 6439//101
f 6439//101 6452//101 6453//101
f 6439//101 6453//101 6437//101
f 6454//73 6455//73 6456//73
f 6456//73 6455//73 6457//73
f 6456//73 6457//73 6458//73
f 6459//73 6460//73 6461//73
f 6461//73 6460//73 6462//73
f 6461//73 6462//73 6463//73
f 6463//73 6462//73 6464//73
f 6457//73 6465//73 6458//73
f 6458//73 6465//73 6466//73
f 6458//73 6466//73 6467//73
f 6467//73 6466//73 6468//73
f 6467//73 6468//73 6469//73
f 6469//73 6468//73 6470//73
f 6469//73 6470//73 6471//73
f 6472//73 6473//73 6474//73
f 6474//73 6473//73 6475//73
f 6474//73 6475//73 6476//73
f 6476//73 6475//73 6477//73
f 6476//73 6477//73 6464//73
f 6464//73 6477//73 6478//73
f 6464//73 6478//73 6463//73
f 6470//73 6479//73 6471//73
f 6471//73 6479//73 6480//73
f 6471//73 6480//73 6481//73
f 6481//73 6480//73 6482//73
f 6481//73 6482//73 6483//73
f 6483//73 6482//73 6484//73
f 6483//73 6484//73 6485//73
f 6485//73 6484//73 6486//73
f 6485//73 6486//73 6487//73
f 6487//73 6486//73 6488//73
f 6487//73 6488//73 6489//73
f 6489//73 6488//73 6490//73
f 6489//73 6490//73 6491//73
f 6491//73 6490//73 6492//73
f 6491//73 6492//73 6472//73
f 6472//73 6492//73 6493//73
f 6472//73 6493//73 6473//73
f 6494//73 6495//73 6496//73
f 6496//73 6495//73 6497//73
f 6496//73 6497//73 6498//73
f 6499//73 6500//73 6501//73
f 6501//73 6500//73 6502//73
f 6501//73 6502//73 6503//73
f 6503//73 6502//73 6504//73
f 6497//73 6505//73 6498//73
f 6498//73 6505//73 6506//73
f 6498//73 6506//73 6507//73
f 6507//73 6506//73 6508//73
f 6507//73 6508//73 6509//73
f 6509//73 6508//73 6510//73
f 6509//73 6510//73 6511//73
f 6512//73 6513//73 6514//73
f 6514//73 6513//73 6515//73
f 6514//73 6515//73 6516//73
f 6516//73 6515//73 6517//73
f 6516//73 6517//73 6504//73
f 6504//73 6517//73 6518//73
f 6504//73 6518//73 6503//73
f 6510//73 6519//73 6511//73
f 6511//73 6519//73 6520//73
f 6511//73 6520//73 6521//73
f 6521//73 6520//73 6522//73
f 6521//73 6522//73 6523//73
f 6523//73 6522//73 6524//73
f 6523//73 6524//73 6525//73
f 6525//73 6524//73 6526//73
f 6525//73 6526//73 6527//73
f 6527//73 6526//73 6528//73
f 6527//73 6528//73 6529//73
f 6529//73 6528//73 6530//73
f 6529//73 6530//73 6531//73
f 6531//73 6530//73 6532//73
f 6531//73 6532//73 6512//73
f 6512//73 6532//73 6533//73
f 6512//73 6533//73 6513//73
f 6534//73 6535//73 6536//73
f 6536//73 6535//73 6537//73
f 6536//73 6537//73 6538//73
f 6539//73 6540//73 6541//73
f 6541//73 6540//73 6542//73
f 6541//73 6542//73 6543//73
f 6543//73 6542//73 6544//73
f 6537//73 6545//73 6538//73
f 6538//73 6545//73 6546//73
f 6538//73 6546//73 6547//73
f 6547//73 6546//73 6548//73
f 6547//73 6548//73 6549//73
f 6549//73 6548//73 6550//73
f 6549//73 6550//73 6551//73
f 6552//73 6553//73 6554//73
f 6554//73 6553//73 6555//73
f 6554//73 6555//73 6556//73
f 6556//73 6555//73 6557//73
f 6556//73 6557//73 6544//73
f 6544//73 6557//73 6558//73
f 6544//73 6558//73 6543//73
f 6550//73 6559//73 6551//73
f 6551//73 6559//73 6560//73
f 6551//73 6560//73 6561//73
f 6561//73 6560//73 6562//73
f 6561//73 6562//73 6563//73
f 6563//73 6562//73 6564//73
f 6563//73 6564//73 6565//73
f 6565//73 6564//73 6566//73
f 6565//73 6566//73 6567//73
f 6567//73 6566//73 6568//73
f 6567//73 6568//73 6569//73
f 6569//73 6568//73 6570//73
f 6569//73 6570//73 6571//73
f 6571//73 6570//73 6572//73
f 6571//73 6572//73 6552//73
f 6552//73 6572//73 6573//73
f 6552//73 6573//73 6553//73
f 6574//73 6575//73 6576//73
f 6576//73 6575//73 6577//73
f 6284//73 6578//73 6283//73
f 6283//73 6578//73 6579//73
f 6283//73 6579//73 6282//73
f 6282//73 6579//73 6580//73
f 6282//73 6580//73 6281//73
f 6281//73 6580//73 6581//73
f 6281//73 6581//73 6280//73
f 6280//73 6581//73 6574//73
f 6280//73 6574//73 6279//73
f 6279//73 6574//73 6576//73
f 6279//73 6576//73 6288//73
f 6288//73 6576//73 6582//73
f 6288//73 6582//73 6287//73
f 6582//73 6583//73 6287//73
f 6287//73 6583//73 6584//73
f 6287//73 6584//73 6286//73
f 6286//73 6584//73 6585//73
f 6286//73 6585//73 6285//73
f 6285//73 6585//73 6586//73
f 6285//73 6586//73 6284//73
f 6284//73 6586//73 6587//73
f 6284//73 6587//73 6578//73
f 6588//73 6589//73 6590//73
f 6590//73 6589//73 6591//73
f 6590//73 6591//73 6592//73
f 6592//73 6591//73 6593//73
f 6594//73 6595//73 6596//73
f 6596//73 6595//73 6597//73
f 6598//73 6599//73 6600//73
f 6600//73 6599//73 6601//73
f 6600//73 6601//73 6602//73
f 6602//73 6601//73 6597//73
f 6597//73 6601//73 6603//73
f 6597//73 6603//73 6596//73
f 6604//73 6605//73 6606//73
f 6606//73 6605//73 6607//73
f 6606//73 6607//73 6608//73
f 6608//73 6607//73 6609//73
f 6610//73 6611//73 6612//73
f 6612//73 6611//73 6613//73
f 6612//73 6613//73 6614//73
f 6614//73 6613//73 6615//73
f 6291//73 6616//73 6292//73
f 6292//73 6616//73 6617//73
f 6292//73 6617//73 6293//73
f 6293//73 6617//73 6618//73
f 6293//73 6618//73 6294//73
f 6294//73 6618//73 6619//73
f 6294//73 6619//73 6295//73
f 6295//73 6619//73 6620//73
f 6295//73 6620//73 6296//73
f 6296//73 6620//73 6621//73
f 6296//73 6621//73 6297//73
f 6297//73 6621//73 6622//73
f 6297//73 6622//73 6298//73
f 6298//73 6622//73 6623//73
f 6298//73 6623//73 6299//73
f 6299//73 6623//73 6624//73
f 6299//73 6624//73 6300//73
f 6300//73 6624//73 6625//73
f 6300//73 6625//73 6289//73
f 6289//73 6625//73 6626//73
f 6289//73 6626//73 6290//73
f 6290//73 6626//73 6627//73
f 6290//73 6627//73 6291//73
f 6291//73 6627//73 6616//73
f 6628//73 6629//73 6630//73
f 6630//73 6629//73 6631//73
f 6632//73 6633//73 6634//73
f 6634//73 6633//73 6635//73
f 6635//73 6633//73 6636//73
f 6635//73 6636//73 6637//73
f 6637//73 6636//73 6631//73
f 6631//73 6636//73 6638//73
f 6631//73 6638//73 6630//73
f 6634//73 6639//73 6632//73
f 6632//73 6639//73 6640//73
f 6632//73 6640//73 6641//73
f 6641//73 6640//73 6642//73
f 6641//73 6642//73 6643//73
f 6643//73 6642//73 6644//73
f 6643//73 6644//73 6645//73
f 6645//73 6644//73 6646//73
f 6645//73 6646//73 6647//73
f 6647//73 6646//73 6648//73
f 6647//73 6648//73 6649//73
f 6649//73 6648//73 6650//73
f 6649//73 6650//73 6651//73
f 6651//73 6650//73 6652//73
f 6651//73 6652//73 6653//73
f 6653//73 6652//73 6654//73
f 6653//73 6654//73 6655//73
f 6656//73 6657//73 6658//73
f 6658//73 6659//73 6660//73
f 6660//73 6659//73 6661//73
f 6660//73 6661//73 6662//73
f 6662//73 6661//73 6663//73
f 6662//73 6663//73 6664//73
f 6664//73 6663//73 6665//73
f 6666//73 6667//73 6668//73
f 6668//73 6667//73 6669//73
f 6668//73 6669//73 6665//73
f 6665//73 6669//73 6670//73
f 6665//73 6670//73 6664//73
f 6671//73 6672//73 6673//73
f 6673//73 6672//73 6674//73
f 6673//73 6674//73 6675//73
f 6656//73 6658//73 6676//73
f 6676//73 6658//73 6660//73
f 6676//73 6660//73 6671//73
f 6671//73 6660//73 6677//73
f 6671//73 6677//73 6672//73
f 6678//73 6679//73 6680//73
f 6674//73 6681//73 6675//73
f 6675//73 6681//73 6682//73
f 6675//73 6682//73 6683//73
f 6683//73 6682//73 6684//73
f 6683//73 6684//73 6685//73
f 6685//73 6684//73 6686//73
f 6685//73 6686//73 6687//73
f 6687//73 6686//73 6688//73
f 6687//73 6688//73 6689//73
f 6689//73 6688//73 6690//73
f 6689//73 6690//73 6691//73
f 6691//73 6690//73 6692//73
f 6691//73 6692//73 6693//73
f 6693//73 6692//73 6694//73
f 6693//73 6694//73 6695//73
f 6695//73 6694//73 6696//73
f 6695//73 6696//73 6697//73
f 6678//73 6680//73 6698//73
f 6698//73 6680//73 6699//73
f 6698//73 6699//73 6700//73
f 6700//73 6699//73 6701//73
f 6700//73 6701//73 6702//73
f 6702//73 6701//73 6703//73
f 6702//73 6703//73 6704//73
f 6704//73 6703//73 6705//73
f 6704//73 6705//73 6706//73
f 6706//73 6705//73 6707//73
f 6706//73 6707//73 6708//73
f 6708//73 6707//73 6709//73
f 6708//73 6709//73 6710//73
f 6710//73 6709//73 6711//73
f 6710//73 6711//73 6666//73
f 6666//73 6711//73 6712//73
f 6666//73 6712//73 6667//73
f 6713//73 6714//73 6715//73
f 6715//73 6714//73 6716//73
f 6716//73 6717//73 6715//73
f 6715//73 6717//73 6718//73
f 6715//73 6718//73 6719//73
f 6720//73 6721//73 6301//73
f 6301//73 6721//73 6722//73
f 6301//73 6722//73 6312//73
f 6312//73 6722//73 6723//73
f 6312//73 6723//73 6311//73
f 6311//73 6723//73 6724//73
f 6311//73 6724//73 6310//73
f 6310//73 6724//73 6725//73
f 6310//73 6725//73 6309//73
f 6309//73 6725//73 6726//73
f 6309//73 6726//73 6308//73
f 6308//73 6726//73 6727//73
f 6308//73 6727//73 6307//73
f 6307//73 6727//73 6728//73
f 6307//73 6728//73 6306//73
f 6306//73 6728//73 6729//73
f 6306//73 6729//73 6305//73
f 6305//73 6729//73 6730//73
f 6305//73 6730//73 6304//73
f 6304//73 6730//73 6731//73
f 6304//73 6731//73 6303//73
f 6303//73 6731//73 6732//73
f 6303//73 6732//73 6302//73
f 6302//73 6732//73 6733//73
f 6302//73 6733//73 6301//73
f 6301//73 6733//73 6720//73
f 6734//73 6735//73 6313//73
f 6313//73 6735//73 6736//73
f 6313//73 6736//73 6324//73
f 6324//73 6736//73 6737//73
f 6324//73 6737//73 6323//73
f 6323//73 6737//73 6738//73
f 6323//73 6738//73 6322//73
f 6322//73 6738//73 6739//73
f 6322//73 6739//73 6321//73
f 6321//73 6739//73 6740//73
f 6321//73 6740//73 6320//73
f 6320//73 6740//73 6741//73
f 6320//73 6741//73 6319//73
f 6319//73 6741//73 6742//73
f 6319//73 6742//73 6318//73
f 6318//73 6742//73 6743//73
f 6318//73 6743//73 6317//73
f 6317//73 6743//73 6744//73
f 6317//73 6744//73 6316//73
f 6316//73 6744//73 6745//73
f 6316//73 6745//73 6315//73
f 6315//73 6745//73 6746//73
f 6315//73 6746//73 6314//73
f 6314//73 6746//73 6747//73
f 6314//73 6747//73 6313//73
f 6313//73 6747//73 6734//73
f 6329//73 6748//73 6330//73
f 6330//73 6748//73 6749//73
f 6330//73 6749//73 6331//73
f 6331//73 6749//73 6750//73
f 6331//73 6750//73 6332//73
f 6325//73 6751//73 6327//73
f 6327//73 6751//73 6752//73
f 6327//73 6752//73 6328//73
f 6328//73 6752//73 6753//73
f 6328//73 6753//73 6329//73
f 6329//73 6753//73 6754//73
f 6329//73 6754//73 6748//73
f 6335//73 6755//73 6336//73
f 6336//73 6755//73 6756//73
f 6336//73 6756//73 6326//73
f 6326//73 6756//73 6757//73
f 6326//73 6757//73 6325//73
f 6325//73 6757//73 6758//73
f 6325//73 6758//73 6751//73
f 6750//73 6759//73 6332//73
f 6332//73 6759//73 6760//73
f 6332//73 6760//73 6333//73
f 6333//73 6760//73 6761//73
f 6333//73 6761//73 6334//73
f 6334//73 6761//73 6762//73
f 6334//73 6762//73 6335//73
f 6335//73 6762//73 6763//73
f 6335//73 6763//73 6755//73
f 6338//73 6764//73 6339//73
f 6339//73 6764//73 6765//73
f 6339//73 6765//73 6340//73
f 6340//73 6765//73 6766//73
f 6340//73 6766//73 6341//73
f 6766//73 6767//73 6341//73
f 6341//73 6767//73 6768//73
f 6341//73 6768//73 6342//73
f 6342//73 6768//73 6769//73
f 6342//73 6769//73 6343//73
f 6343//73 6769//73 6770//73
f 6343//73 6770//73 6344//73
f 6347//73 6771//73 6348//73
f 6348//73 6771//73 6772//73
f 6348//73 6772//73 6337//73
f 6337//73 6772//73 6773//73
f 6337//73 6773//73 6338//73
f 6338//73 6773//73 6774//73
f 6338//73 6774//73 6764//73
f 6770//73 6775//73 6344//73
f 6344//73 6775//73 6776//73
f 6344//73 6776//73 6345//73
f 6345//73 6776//73 6777//73
f 6345//73 6777//73 6346//73
f 6346//73 6777//73 6778//73
f 6346//73 6778//73 6347//73
f 6347//73 6778//73 6779//73
f 6347//73 6779//73 6771//73
f 6349//73 6780//73 6351//73
f 6351//73 6780//73 6781//73
f 6351//73 6781//73 6352//73
f 6352//73 6781//73 6782//73
f 6352//73 6782//73 6353//73
f 6356//73 6783//73 6357//73
f 6357//73 6783//73 6784//73
f 6357//73 6784//73 6358//73
f 6358//73 6784//73 6785//73
f 6358//73 6785//73 6359//73
f 6782//73 6786//73 6353//73
f 6353//73 6786//73 6787//73
f 6353//73 6787//73 6354//73
f 6354//73 6787//73 6788//73
f 6354//73 6788//73 6355//73
f 6355//73 6788//73 6789//73
f 6355//73 6789//73 6356//73
f 6356//73 6789//73 6790//73
f 6356//73 6790//73 6783//73
f 6785//73 6791//73 6359//73
f 6359//73 6791//73 6792//73
f 6359//73 6792//73 6360//73
f 6360//73 6792//73 6793//73
f 6360//73 6793//73 6350//73
f 6350//73 6793//73 6794//73
f 6350//73 6794//73 6349//73
f 6349//73 6794//73 6795//73
f 6349//73 6795//73 6780//73
f 6361//73 6796//73 6363//73
f 6363//73 6796//73 6797//73
f 6363//73 6797//73 6364//73
f 6364//73 6797//73 6798//73
f 6364//73 6798//73 6365//73
f 6798//73 6799//73 6365//73
f 6365//73 6799//73 6800//73
f 6365//73 6800//73 6366//73
f 6366//73 6800//73 6801//73
f 6366//73 6801//73 6367//73
f 6367//73 6801//73 6802//73
f 6367//73 6802//73 6368//73
f 6371//73 6803//73 6372//73
f 6372//73 6803//73 6804//73
f 6372//73 6804//73 6362//73
f 6362//73 6804//73 6805//73
f 6362//73 6805//73 6361//73
f 6361//73 6805//73 6806//73
f 6361//73 6806//73 6796//73
f 6802//73 6807//73 6368//73
f 6368//73 6807//73 6808//73
f 6368//73 6808//73 6369//73
f 6369//73 6808//73 6809//73
f 6369//73 6809//73 6370//73
f 6370//73 6809//73 6810//73
f 6370//73 6810//73 6371//73
f 6371//73 6810//73 6811//73
f 6371//73 6811//73 6803//73
f 6373//73 6812//73 6375//73
f 6375//73 6812//73 6813//73
f 6375//73 6813//73 6376//73
f 6376//73 6813//73 6814//73
f 6376//73 6814//73 6377//73
f 6814//73 6815//73 6377//73
f 6377//73 6815//73 6816//73
f 6377//73 6816//73 6378//73
f 6378//73 6816//73 6817//73
f 6378//73 6817//73 6379//73
f 6379//73 6817//73 6818//73
f 6379//73 6818//73 6380//73
f 6383//73 6819//73 6384//73
f 6384//73 6819//73 6820//73
f 6384//73 6820//73 6374//73
f 6374//73 6820//73 6821//73
f 6374//73 6821//73 6373//73
f 6373//73 6821//73 6822//73
f 6373//73 6822//73 6812//73
f 6818//73 6823//73 6380//73
f 6380//73 6823//73 6824//73
f 6380//73 6824//73 6381//73
f 6381//73 6824//73 6825//73
f 6381//73 6825//73 6382//73
f 6382//73 6825//73 6826//73
f 6382//73 6826//73 6383//73
f 6383//73 6826//73 6827//73
f 6383//73 6827//73 6819//73
f 6442//3706 6387//3706 6440//3706
f 6440//3707 6387//3707 6390//3707
f 6828//3708 6829//3708 6391//3708
f 6391//3709 6829//3709 6392//3709
f 6830//3710 6440//3710 6831//3710
f 6831//3711 6440//3711 6390//3711
f 6831//3712 6390//3712 6832//3712
f 6832//3713 6390//3713 6393//3713
f 6829//3714 6833//3714 6392//3714
f 6392//3715 6833//3715 6834//3715
f 6392//3716 6834//3716 6393//3716
f 6393//3717 6834//3717 6835//3717
f 6393//3718 6835//3718 6832//3718
f 6828//3719 6391//3719 6836//3719
f 6836//3720 6391//3720 6385//3720
f 6837//3721 6838//3721 6398//3721
f 6398//3722 6838//3722 6839//3722
f 6398//3723 6839//3723 6397//3723
f 6397//3724 6839//3724 6840//3724
f 6397//3725 6840//3725 6386//3725
f 6386//3726 6840//3726 6841//3726
f 6386//3727 6841//3727 6385//3727
f 6385//3728 6841//3728 6842//3728
f 6385//3729 6842//3729 6836//3729
f 6837//3730 6398//3730 6843//3730
f 6843//3731 6398//3731 6396//3731
f 6843//3732 6396//3732 6844//3732
f 6844//3733 6396//3733 6845//3733
f 6845//3734 6396//3734 6395//3734
f 6845//3735 6395//3735 6846//3735
f 6394//3736 6847//3736 6395//3736
f 6395//3737 6847//3737 6848//3737
f 6395//3738 6848//3738 6846//3738
f 6404//3739 6849//3739 6394//3739
f 6394//3740 6849//3740 6850//3740
f 6394//3741 6850//3741 6847//3741
f 6403//3742 6851//3742 6404//3742
f 6404//3743 6851//3743 6852//3743
f 6404//3744 6852//3744 6849//3744
f 6402//3745 6853//3745 6403//3745
f 6403//3746 6853//3746 6854//3746
f 6403//3747 6854//3747 6851//3747
f 6855//3748 6856//3748 6399//3748
f 6399//3749 6856//3749 6857//3749
f 6399//3750 6857//3750 6402//3750
f 6402//3751 6857//3751 6858//3751
f 6402//3752 6858//3752 6853//3752
f 6855//3753 6399//3753 6859//3753
f 6859//3754 6399//3754 6400//3754
f 6859//3755 6400//3755 6860//3755
f 6860//3756 6400//3756 6861//3756
f 6861//3757 6400//3757 6401//3757
f 6861//3758 6401//3758 6862//3758
f 6862//3759 6401//3759 6405//3759
f 6862//3760 6405//3760 6863//3760
f 6863//3761 6405//3761 6864//3761
f 6864//3762 6405//3762 6408//3762
f 6864//3763 6408//3763 6865//3763
f 6865//3764 6408//3764 6866//3764
f 6866//3765 6408//3765 6407//3765
f 6866//3766 6407//3766 6867//3766
f 6867//3767 6407//3767 6868//3767
f 6868//3768 6407//3768 6406//3768
f 6868//3769 6406//3769 6869//3769
f 6869//3770 6406//3770 6870//3770
f 6870//3771 6406//3771 6413//3771
f 6870//3772 6413//3772 6871//3772
f 6412//3773 6872//3773 6413//3773
f 6413//3774 6872//3774 6873//3774
f 6413//3775 6873//3775 6871//3775
f 6411//3776 6874//3776 6412//3776
f 6412//3777 6874//3777 6875//3777
f 6412//3778 6875//3778 6872//3778
f 6876//3779 6877//3779 6410//3779
f 6410//3780 6877//3780 6878//3780
f 6410//3781 6878//3781 6411//3781
f 6411//3782 6878//3782 6879//3782
f 6411//3783 6879//3783 6874//3783
f 6876//3784 6410//3784 6880//3784
f 6880//3785 6410//3785 6409//3785
f 6880//3786 6409//3786 6881//3786
f 6881//3787 6409//3787 6414//3787
f 6881//3788 6414//3788 6882//3788
f 6882//3789 6414//3789 6419//3789
f 6882//3790 6419//3790 6883//3790
f 6416//3791 6423//3791 6415//3791
f 6415//3792 6423//3792 6430//3792
f 6883//3793 6419//3793 6884//3793
f 6884//3794 6419//3794 6418//3794
f 6884//3795 6418//3795 6885//3795
f 6885//3796 6418//3796 6886//3796
f 6886//3797 6418//3797 6417//3797
f 6886//1790 6417//1790 6887//1790
f 6887//3798 6417//3798 6888//3798
f 6888//3799 6417//3799 6415//3799
f 6888//3800 6415//3800 6889//3800
f 6889//3801 6415//3801 6430//3801
f 6889//3106 6430//3106 6890//3106
f 6416//1 6388//1 6423//1
f 6423//1 6388//1 6424//1
f 6387//1 6442//1 6445//1
f 6891//1 6892//1 6445//1
f 6445//1 6892//1 6424//1
f 6445//1 6424//1 6387//1
f 6387//1 6424//1 6388//1
f 6893//3802 6890//3802 6430//3802
f 6428//19 6894//19 6430//19
f 6430//19 6894//19 6895//19
f 6893//3803 6430//3803 6896//3803
f 6896//3804 6430//3804 6895//3804
f 6896//3805 6895//3805 6897//3805
f 6898//19 6899//19 6895//19
f 6895//3806 6899//3806 6900//3806
f 6895//3807 6900//3807 6897//3807
f 6422//1 6901//1 6428//1
f 6428//1 6901//1 6894//1
f 6901//8 6422//8 6902//8
f 6902//8 6422//8 6424//8
f 6903//8 6902//8 6904//8
f 6904//8 6902//8 6905//8
f 6905//8 6902//8 6906//8
f 6906//8 6902//8 6424//8
f 6906//8 6424//8 6892//8
f 6429//27 6907//27 6427//27
f 6427//27 6907//27 6908//27
f 6427//28 6908//28 6434//28
f 6434//28 6908//28 6909//28
f 6434//29 6909//29 6435//29
f 6435//29 6909//29 6910//29
f 6435//64 6910//64 6436//64
f 6436//64 6910//64 6911//64
f 6436//65 6911//65 6420//65
f 6420//65 6911//65 6912//65
f 6420//66 6912//66 6421//66
f 6421//66 6912//66 6913//66
f 6421//69 6913//69 6426//69
f 6426//69 6913//69 6914//69
f 6426//68 6914//68 6425//68
f 6425//68 6914//68 6915//68
f 6425//67 6915//67 6431//67
f 6431//67 6915//67 6916//67
f 6431//72 6916//72 6432//72
f 6432//72 6916//72 6917//72
f 6432//71 6917//71 6433//71
f 6433//71 6917//71 6918//71
f 6433//70 6918//70 6429//70
f 6429//70 6918//70 6907//70
f 6448//19 6919//19 6445//19
f 6445//19 6919//19 6920//19
f 6921//19 6922//19 6920//19
f 6920//19 6922//19 6923//19
f 6920//19 6923//19 6445//19
f 6445//19 6923//19 6924//19
f 6445//19 6924//19 6891//19
f 6439//1 6925//1 6448//1
f 6448//1 6925//1 6919//1
f 6925//8 6439//8 6926//8
f 6926//8 6439//8 6440//8
f 6927//3808 6928//3808 6926//3808
f 6926//3809 6928//3809 6929//3809
f 6926//3810 6929//3810 6930//3810
f 6830//3811 6931//3811 6440//3811
f 6440//3812 6931//3812 6932//3812
f 6440//3813 6932//3813 6926//3813
f 6926//3814 6932//3814 6933//3814
f 6926//3815 6933//3815 6927//3815
f 6449//27 6934//27 6450//27
f 6450//27 6934//27 6935//27
f 6450//28 6935//28 6451//28
f 6451//28 6935//28 6936//28
f 6451//29 6936//29 6452//29
f 6452//29 6936//29 6937//29
f 6452//64 6937//64 6453//64
f 6453//64 6937//64 6938//64
f 6453//65 6938//65 6437//65
f 6437//65 6938//65 6939//65
f 6437//66 6939//66 6438//66
f 6438//66 6939//66 6940//66
f 6438//69 6940//69 6441//69
f 6441//69 6940//69 6941//69
f 6441//68 6941//68 6443//68
f 6443//68 6941//68 6942//68
f 6443//67 6942//67 6444//67
f 6444//67 6942//67 6943//67
f 6444//72 6943//72 6446//72
f 6446//72 6943//72 6944//72
f 6446//71 6944//71 6447//71
f 6447//71 6944//71 6945//71
f 6447//70 6945//70 6449//70
f 6449//70 6945//70 6934//70
f 6946//3816 6947//3816 6461//3816
f 6461//3816 6947//3816 6459//3816
f 6948//3817 6946//3817 6463//3817
f 6463//3817 6946//3817 6461//3817
f 6949//3818 6948//3818 6478//3818
f 6478//3818 6948//3818 6463//3818
f 6950//3819 6949//3819 6477//3819
f 6477//3819 6949//3819 6478//3819
f 6951//1 6950//1 6475//1
f 6475//1 6950//1 6477//1
f 6952//3820 6951//3820 6473//3820
f 6473//3820 6951//3820 6475//3820
f 6953//3821 6952//3821 6493//3821
f 6493//3821 6952//3821 6473//3821
f 6954//3629 6953//3629 6492//3629
f 6492//3629 6953//3629 6493//3629
f 6955//3822 6954//3822 6490//3822
f 6490//3822 6954//3822 6492//3822
f 6956//3823 6955//3823 6488//3823
f 6488//3823 6955//3823 6490//3823
f 6957//19 6956//19 6486//19
f 6486//19 6956//19 6488//19
f 6958//3824 6957//3824 6484//3824
f 6484//3824 6957//3824 6486//3824
f 6959//3825 6958//3825 6482//3825
f 6482//3825 6958//3825 6484//3825
f 6960//3632 6959//3632 6480//3632
f 6480//3632 6959//3632 6482//3632
f 6961//3826 6960//3826 6479//3826
f 6479//3826 6960//3826 6480//3826
f 6962//3827 6961//3827 6470//3827
f 6470//3827 6961//3827 6479//3827
f 6963//2 6962//2 6468//2
f 6468//2 6962//2 6470//2
f 6964//3828 6963//3828 6466//3828
f 6466//3828 6963//3828 6468//3828
f 6965//3829 6964//3829 6465//3829
f 6465//3829 6964//3829 6466//3829
f 6966//3830 6965//3830 6457//3830
f 6457//3830 6965//3830 6465//3830
f 6967//3831 6966//3831 6455//3831
f 6455//3831 6966//3831 6457//3831
f 6968//1 6967//1 6454//1
f 6454//1 6967//1 6455//1
f 6969//3630 6968//3630 6456//3630
f 6456//3630 6968//3630 6454//3630
f 6970//3832 6969//3832 6458//3832
f 6458//3832 6969//3832 6456//3832
f 6971//3833 6970//3833 6467//3833
f 6467//3833 6970//3833 6458//3833
f 6972//1 6971//1 6469//1
f 6469//1 6971//1 6467//1
f 6973//3834 6972//3834 6471//3834
f 6471//3834 6972//3834 6469//3834
f 6974//3835 6973//3835 6481//3835
f 6481//3835 6973//3835 6471//3835
f 6975//3836 6974//3836 6483//3836
f 6483//3836 6974//3836 6481//3836
f 6976//3837 6975//3837 6485//3837
f 6485//3837 6975//3837 6483//3837
f 6977//8 6976//8 6487//8
f 6487//8 6976//8 6485//8
f 6978//3838 6977//3838 6489//3838
f 6489//3838 6977//3838 6487//3838
f 6979//3839 6978//3839 6491//3839
f 6491//3839 6978//3839 6489//3839
f 6980//3840 6979//3840 6472//3840
f 6472//3840 6979//3840 6491//3840
f 6981//3841 6980//3841 6474//3841
f 6474//3841 6980//3841 6472//3841
f 6982//2 6981//2 6476//2
f 6476//2 6981//2 6474//2
f 6983//3842 6982//3842 6464//3842
f 6464//3842 6982//3842 6476//3842
f 6984//3843 6983//3843 6462//3843
f 6462//3843 6983//3843 6464//3843
f 6985//3631 6984//3631 6460//3631
f 6460//3631 6984//3631 6462//3631
f 6947//2 6985//2 6459//2
f 6459//2 6985//2 6460//2
f 6986//3816 6987//3816 6501//3816
f 6501//3816 6987//3816 6499//3816
f 6988//3817 6986//3817 6503//3817
f 6503//3817 6986//3817 6501//3817
f 6989//3818 6988//3818 6518//3818
f 6518//3818 6988//3818 6503//3818
f 6990//3819 6989//3819 6517//3819
f 6517//3819 6989//3819 6518//3819
f 6991//1 6990//1 6515//1
f 6515//1 6990//1 6517//1
f 6992//3820 6991//3820 6513//3820
f 6513//3820 6991//3820 6515//3820
f 6993//3821 6992//3821 6533//3821
f 6533//3821 6992//3821 6513//3821
f 6994//3629 6993//3629 6532//3629
f 6532//3629 6993//3629 6533//3629
f 6995//3822 6994//3822 6530//3822
f 6530//3822 6994//3822 6532//3822
f 6996//3823 6995//3823 6528//3823
f 6528//3823 6995//3823 6530//3823
f 6997//19 6996//19 6526//19
f 6526//19 6996//19 6528//19
f 6998//3824 6997//3824 6524//3824
f 6524//3824 6997//3824 6526//3824
f 6999//3825 6998//3825 6522//3825
f 6522//3825 6998//3825 6524//3825
f 7000//3632 6999//3632 6520//3632
f 6520//3632 6999//3632 6522//3632
f 7001//3826 7000//3826 6519//3826
f 6519//3826 7000//3826 6520//3826
f 7002//3827 7001//3827 6510//3827
f 6510//3827 7001//3827 6519//3827
f 7003//2 7002//2 6508//2
f 6508//2 7002//2 6510//2
f 7004//3828 7003//3828 6506//3828
f 6506//3828 7003//3828 6508//3828
f 7005//3829 7004//3829 6505//3829
f 6505//3829 7004//3829 6506//3829
f 7006//3830 7005//3830 6497//3830
f 6497//3830 7005//3830 6505//3830
f 7007//3831 7006//3831 6495//3831
f 6495//3831 7006//3831 6497//3831
f 7008//1 7007//1 6494//1
f 6494//1 7007//1 6495//1
f 7009//3630 7008//3630 6496//3630
f 6496//3630 7008//3630 6494//3630
f 7010//3832 7009//3832 6498//3832
f 6498//3832 7009//3832 6496//3832
f 7011//3833 7010//3833 6507//3833
f 6507//3833 7010//3833 6498//3833
f 7012//1 7011//1 6509//1
f 6509//1 7011//1 6507//1
f 7013//3834 7012//3834 6511//3834
f 6511//3834 7012//3834 6509//3834
f 7014//3835 7013//3835 6521//3835
f 6521//3835 7013//3835 6511//3835
f 7015//3836 7014//3836 6523//3836
f 6523//3836 7014//3836 6521//3836
f 7016//3837 7015//3837 6525//3837
f 6525//3837 7015//3837 6523//3837
f 7017//8 7016//8 6527//8
f 6527//8 7016//8 6525//8
f 7018//3838 7017//3838 6529//3838
f 6529//3838 7017//3838 6527//3838
f 7019//3839 7018//3839 6531//3839
f 6531//3839 7018//3839 6529//3839
f 7020//3840 7019//3840 6512//3840
f 6512//3840 7019//3840 6531//3840
f 7021//3841 7020//3841 6514//3841
f 6514//3841 7020//3841 6512//3841
f 7022//2 7021//2 6516//2
f 6516//2 7021//2 6514//2
f 7023//3842 7022//3842 6504//3842
f 6504//3842 7022//3842 6516//3842
f 7024//3843 7023//3843 6502//3843
f 6502//3843 7023//3843 6504//3843
f 7025//3631 7024//3631 6500//3631
f 6500//3631 7024//3631 6502//3631
f 6987//2 7025//2 6499//2
f 6499//2 7025//2 6500//2
f 7026//3816 7027//3816 6541//3816
f 6541//3816 7027//3816 6539//3816
f 7028//3817 7026//3817 6543//3817
f 6543//3817 7026//3817 6541//3817
f 7029//3818 7028//3818 6558//3818
f 6558//3818 7028//3818 6543//3818
f 7030//3819 7029//3819 6557//3819
f 6557//3819 7029//3819 6558//3819
f 7031//1 7030//1 6555//1
f 6555//1 7030//1 6557//1
f 7032//3820 7031//3820 6553//3820
f 6553//3820 7031//3820 6555//3820
f 7033//3821 7032//3821 6573//3821
f 6573//3821 7032//3821 6553//3821
f 7034//3629 7033//3629 6572//3629
f 6572//3629 7033//3629 6573//3629
f 7035//3822 7034//3822 6570//3822
f 6570//3822 7034//3822 6572//3822
f 7036//3823 7035//3823 6568//3823
f 6568//3823 7035//3823 6570//3823
f 7037//19 7036//19 6566//19
f 6566//19 7036//19 6568//19
f 7038//3824 7037//3824 6564//3824
f 6564//3824 7037//3824 6566//3824
f 7039//3825 7038//3825 6562//3825
f 6562//3825 7038//3825 6564//3825
f 7040//3632 7039//3632 6560//3632
f 6560//3632 7039//3632 6562//3632
f 7041//3826 7040//3826 6559//3826
f 6559//3826 7040//3826 6560//3826
f 7042//3827 7041//3827 6550//3827
f 6550//3827 7041//3827 6559//3827
f 7043//2 7042//2 6548//2
f 6548//2 7042//2 6550//2
f 7044//3828 7043//3828 6546//3828
f 6546//3828 7043//3828 6548//3828
f 7045//3829 7044//3829 6545//3829
f 6545//3829 7044//3829 6546//3829
f 7046//3830 7045//3830 6537//3830
f 6537//3830 7045//3830 6545//3830
f 7047//3831 7046//3831 6535//3831
f 6535//3831 7046//3831 6537//3831
f 7048//1 7047//1 6534//1
f 6534//1 7047//1 6535//1
f 7049//3630 7048//3630 6536//3630
f 6536//3630 7048//3630 6534//3630
f 7050//3832 7049//3832 6538//3832
f 6538//3832 7049//3832 6536//3832
f 7051//3833 7050//3833 6547//3833
f 6547//3833 7050//3833 6538//3833
f 7052//1 7051//1 6549//1
f 6549//1 7051//1 6547//1
f 7053//3834 7052//3834 6551//3834
f 6551//3834 7052//3834 6549//3834
f 7054//3835 7053//3835 6561//3835
f 6561//3835 7053//3835 6551//3835
f 7055//3836 7054//3836 6563//3836
f 6563//3836 7054//3836 6561//3836
f 7056//3837 7055//3837 6565//3837
f 6565//3837 7055//3837 6563//3837
f 7057//8 7056//8 6567//8
f 6567//8 7056//8 6565//8
f 7058//3838 7057//3838 6569//3838
f 6569//3838 7057//3838 6567//3838
f 7059//3839 7058//3839 6571//3839
f 6571//3839 7058//3839 6569//3839
f 7060//3840 7059//3840 6552//3840
f 6552//3840 7059//3840 6571//3840
f 7061//3841 7060//3841 6554//3841
f 6554//3841 7060//3841 6552//3841
f 7062//2 7061//2 6556//2
f 6556//2 7061//2 6554//2
f 7063//3842 7062//3842 6544//3842
f 6544//3842 7062//3842 6556//3842
f 7064//3843 7063//3843 6542//3843
f 6542//3843 7063//3843 6544//3843
f 7065//3631 7064//3631 6540//3631
f 6540//3631 7064//3631 6542//3631
f 7027//2 7065//2 6539//2
f 6539//2 7065//2 6540//2
f 7066//8 7067//8 6586//8
f 6586//8 7067//8 6587//8
f 7068//3844 7066//3844 6585//3844
f 6585//3844 7066//3844 6586//3844
f 7069//3845 7068//3845 6584//3845
f 6584//3845 7068//3845 6585//3845
f 7070//3846 7069//3846 6583//3846
f 6583//3846 7069//3846 6584//3846
f 7071//3819 7070//3819 6582//3819
f 6582//3819 7070//3819 6583//3819
f 7071//1 6582//1 7072//1
f 7072//1 6582//1 6576//1
f 7072//1 6576//1 7073//1
f 7074//8 7073//8 6577//8
f 6577//8 7073//8 6576//8
f 7075//1 7074//1 6575//1
f 6575//1 7074//1 6577//1
f 7076//19 7075//19 6574//19
f 6574//19 7075//19 6575//19
f 6581//2 7077//2 6574//2
f 6574//2 7077//2 7078//2
f 6574//2 7078//2 7076//2
f 7079//3828 7077//3828 6580//3828
f 6580//3828 7077//3828 6581//3828
f 7080//3847 7079//3847 6579//3847
f 6579//3847 7079//3847 6580//3847
f 7081//3848 7080//3848 6578//3848
f 6578//3848 7080//3848 6579//3848
f 7067//3849 7081//3849 6587//3849
f 6587//3849 7081//3849 6578//3849
f 7082//2 7083//2 6588//2
f 6588//2 7083//2 6589//2
f 7084//8 7082//8 6590//8
f 6590//8 7082//8 6588//8
f 7085//2 7084//2 6592//2
f 6592//2 7084//2 6590//2
f 7086//8 7085//8 6593//8
f 6593//8 7085//8 6592//8
f 7086//1 6593//1 7087//1
f 7087//1 6593//1 6591//1
f 7087//1 6591//1 7088//1
f 7083//19 7088//19 6589//19
f 6589//19 7088//19 6591//19
f 7089//1 7090//1 6598//1
f 6598//1 7090//1 6599//1
f 7091//19 7089//19 6600//19
f 6600//19 7089//19 6598//19
f 7092//2 7091//2 6602//2
f 6602//2 7091//2 6600//2
f 7093//3850 7092//3850 6597//3850
f 6597//3850 7092//3850 6602//3850
f 7094//19 7093//19 6595//19
f 6595//19 7093//19 6597//19
f 7095//2 7094//2 6594//2
f 6594//2 7094//2 6595//2
f 7096//8 7095//8 6596//8
f 6596//8 7095//8 6594//8
f 7097//1 7096//1 6603//1
f 6603//1 7096//1 6596//1
f 7098//3851 7097//3851 6601//3851
f 6601//3851 7097//3851 6603//3851
f 7090//8 7098//8 6599//8
f 6599//8 7098//8 6601//8
f 7099//2 7100//2 6604//2
f 6604//2 7100//2 6605//2
f 7101//8 7099//8 6606//8
f 6606//8 7099//8 6604//8
f 7101//2 6606//2 7102//2
f 7102//2 6606//2 6608//2
f 7102//2 6608//2 7103//2
f 7104//8 7103//8 6609//8
f 6609//8 7103//8 6608//8
f 6607//1 7105//1 6609//1
f 6609//1 7105//1 7106//1
f 6609//1 7106//1 7104//1
f 7100//19 7105//19 6605//19
f 6605//19 7105//19 6607//19
f 7107//2 7108//2 6610//2
f 6610//2 7108//2 6611//2
f 7109//8 7107//8 6612//8
f 6612//8 7107//8 6610//8
f 7110//2 7109//2 6614//2
f 6614//2 7109//2 6612//2
f 7111//8 7110//8 6615//8
f 6615//8 7110//8 6614//8
f 7112//1 7111//1 6613//1
f 6613//1 7111//1 6615//1
f 7108//19 7112//19 6611//19
f 6611//19 7112//19 6613//19
f 6625//27 7113//27 6626//27
f 6626//27 7113//27 7114//27
f 6626//28 7114//28 6627//28
f 6627//28 7114//28 7115//28
f 6627//29 7115//29 6616//29
f 6616//29 7115//29 7116//29
f 6616//64 7116//64 6617//64
f 6617//64 7116//64 7117//64
f 6617//65 7117//65 6618//65
f 6618//65 7117//65 7118//65
f 6618//66 7118//66 6619//66
f 6619//66 7118//66 7119//66
f 6619//69 7119//69 6620//69
f 6620//69 7119//69 7120//69
f 6620//68 7120//68 6621//68
f 6621//68 7120//68 7121//68
f 6621//67 7121//67 6622//67
f 6622//67 7121//67 7122//67
f 6622//72 7122//72 6623//72
f 6623//72 7122//72 7123//72
f 6623//71 7123//71 6624//71
f 6624//71 7123//71 7124//71
f 6624//70 7124//70 6625//70
f 6625//70 7124//70 7113//70
f 7125//3852 7126//3852 6636//3852
f 6636//3852 7126//3852 6638//3852
f 7127//3825 7125//3825 6633//3825
f 6633//3825 7125//3825 6636//3825
f 7128//19 7127//19 6632//19
f 6632//19 7127//19 6633//19
f 7129//3853 7128//3853 6641//3853
f 6641//3853 7128//3853 6632//3853
f 7130//3832 7129//3832 6643//3832
f 6643//3832 7129//3832 6641//3832
f 7131//3820 7130//3820 6645//3820
f 6645//3820 7130//3820 6643//3820
f 7132//1 7131//1 6647//1
f 6647//1 7131//1 6645//1
f 7133//3819 7132//3819 6649//3819
f 6649//3819 7132//3819 6647//3819
f 7134//3835 7133//3835 6651//3835
f 6651//3835 7133//3835 6649//3835
f 7135//3836 7134//3836 6653//3836
f 6653//3836 7134//3836 6651//3836
f 7136//1 7135//1 6655//1
f 6655//1 7135//1 6653//1
f 7137//3854 7136//3854 6654//3854
f 6654//3854 7136//3854 6655//3854
f 7138//3632 7137//3632 6652//3632
f 6652//3632 7137//3632 6654//3632
f 7139//3826 7138//3826 6650//3826
f 6650//3826 7138//3826 6652//3826
f 7140//3855 7139//3855 6648//3855
f 6648//3855 7139//3855 6650//3855
f 7141//2 7140//2 6646//2
f 6646//2 7140//2 6648//2
f 7142//3856 7141//3856 6644//3856
f 6644//3856 7141//3856 6646//3856
f 7143//3829 7142//3829 6642//3829
f 6642//3829 7142//3829 6644//3829
f 7144//3830 7143//3830 6640//3830
f 6640//3830 7143//3830 6642//3830
f 7145//3838 7144//3838 6639//3838
f 6639//3838 7144//3838 6640//3838
f 7146//8 7145//8 6634//8
f 6634//8 7145//8 6639//8
f 7147//3837 7146//3837 6635//3837
f 6635//3837 7146//3837 6634//3837
f 7148//3836 7147//3836 6637//3836
f 6637//3836 7147//3836 6635//3836
f 7149//3857 7148//3857 6631//3857
f 6631//3857 7148//3857 6637//3857
f 7150//2 7149//2 6629//2
f 6629//2 7149//2 6631//2
f 7151//8 7150//8 6628//8
f 6628//8 7150//8 6629//8
f 7152//1 7151//1 6630//1
f 6630//1 7151//1 6628//1
f 7126//19 7152//19 6638//19
f 6638//19 7152//19 6630//19
f 7153//3835 7154//3835 6711//3835
f 6711//3835 7154//3835 6712//3835
f 7155//3818 7153//3818 6709//3818
f 6709//3818 7153//3818 6711//3818
f 7156//3834 7155//3834 6707//3834
f 6707//3834 7155//3834 6709//3834
f 7157//1 7156//1 6705//1
f 6705//1 7156//1 6707//1
f 7158//3833 7157//3833 6703//3833
f 6703//3833 7157//3833 6705//3833
f 7159//3821 7158//3821 6701//3821
f 6701//3821 7158//3821 6703//3821
f 7160//3832 7159//3832 6699//3832
f 6699//3832 7159//3832 6701//3832
f 7161//3853 7160//3853 6680//3853
f 6680//3853 7160//3853 6699//3853
f 7162//3630 7161//3630 6679//3630
f 6679//3630 7161//3630 6680//3630
f 7163//2 7162//2 6678//2
f 6678//2 7162//2 6679//2
f 7164//3858 7163//3858 6698//3858
f 6698//3859 7163//3859 6678//3859
f 7165//3830 7164//3830 6700//3830
f 6700//3830 7164//3830 6698//3830
f 7166//3829 7165//3829 6702//3829
f 6702//3829 7165//3829 6700//3829
f 7167//3828 7166//3828 6704//3828
f 6704//3828 7166//3828 6702//3828
f 7168//2 7167//2 6706//2
f 6706//2 7167//2 6704//2
f 7169//3827 7168//3827 6708//3827
f 6708//3827 7168//3827 6706//3827
f 7170//3826 7169//3826 6710//3826
f 6710//3826 7169//3826 6708//3826
f 7171//3632 7170//3632 6666//3632
f 6666//3632 7170//3632 6710//3632
f 7172//3825 7171//3825 6668//3825
f 6668//3825 7171//3825 6666//3825
f 7173//19 7172//19 6665//19
f 6665//19 7172//19 6668//19
f 7174//3822 7173//3822 6663//3822
f 6663//3822 7173//3822 6665//3822
f 7175//3832 7174//3832 6661//3832
f 6661//3832 7174//3832 6663//3832
f 7176//3860 7175//3860 6659//3860
f 6659//3860 7175//3860 6661//3860
f 7177//1 7176//1 6658//1
f 6658//1 7176//1 6659//1
f 7178//19 7177//19 6657//19
f 6657//19 7177//19 6658//19
f 7179//2 7178//2 6656//2
f 6656//2 7178//2 6657//2
f 7180//3861 7179//3861 6676//3861
f 6676//3861 7179//3861 6656//3861
f 7181//3632 7180//3632 6671//3632
f 6671//3632 7180//3632 6676//3632
f 7182//3825 7181//3825 6673//3825
f 6673//3825 7181//3825 6671//3825
f 7183//19 7182//19 6675//19
f 6675//19 7182//19 6673//19
f 7184//3853 7183//3853 6683//3853
f 6683//3853 7183//3853 6675//3853
f 7185//3832 7184//3832 6685//3832
f 6685//3832 7184//3832 6683//3832
f 7186//3820 7185//3820 6687//3820
f 6687//3820 7185//3820 6685//3820
f 7187//1 7186//1 6689//1
f 6689//1 7186//1 6687//1
f 7188//3819 7187//3819 6691//3819
f 6691//3819 7187//3819 6689//3819
f 7189//3835 7188//3835 6693//3835
f 6693//3835 7188//3835 6691//3835
f 7190//3836 7189//3836 6695//3836
f 6695//3836 7189//3836 6693//3836
f 7191//1 7190//1 6697//1
f 6697//1 7190//1 6695//1
f 7192//3854 7191//3854 6696//3854
f 6696//3854 7191//3854 6697//3854
f 7193//3632 7192//3632 6694//3632
f 6694//3632 7192//3632 6696//3632
f 7194//3826 7193//3826 6692//3826
f 6692//3826 7193//3826 6694//3826
f 7195//3855 7194//3855 6690//3855
f 6690//3855 7194//3855 6692//3855
f 7196//2 7195//2 6688//2
f 6688//2 7195//2 6690//2
f 7197//3862 7196//3862 6686//3862
f 6686//3862 7196//3862 6688//3862
f 7198//3829 7197//3829 6684//3829
f 6684//3829 7197//3829 6686//3829
f 7199//3830 7198//3830 6682//3830
f 6682//3830 7198//3830 6684//3830
f 7200//3838 7199//3838 6681//3838
f 6681//3838 7199//3838 6682//3838
f 7201//8 7200//8 6674//8
f 6674//8 7200//8 6681//8
f 7202//3837 7201//3837 6672//3837
f 6672//3837 7201//3837 6674//3837
f 7203//3836 7202//3836 6677//3836
f 6677//3836 7202//3836 6672//3836
f 7204//3846 7203//3846 6660//3846
f 6660//3846 7203//3846 6677//3846
f 7205//3863 7204//3863 6662//3863
f 6662//3863 7204//3863 6660//3863
f 7206//3839 7205//3839 6664//3839
f 6664//3839 7205//3839 6662//3839
f 7207//3838 7206//3838 6670//3838
f 6670//3838 7206//3838 6664//3838
f 7208//8 7207//8 6669//8
f 6669//8 7207//8 6670//8
f 7209//3844 7208//3844 6667//3844
f 6667//3844 7208//3844 6669//3844
f 7154//3836 7209//3836 6712//3836
f 6712//3836 7209//3836 6667//3836
f 7210//1 7211//1 6713//1
f 6713//1 7211//1 6714//1
f 7212//19 7210//19 6715//19
f 6715//19 7210//19 6713//19
f 7213//3864 7212//3864 6719//3864
f 6719//3864 7212//3864 6715//3864
f 7214//19 7213//19 6718//19
f 6718//19 7213//19 6719//19
f 7215//3865 7214//3865 6717//3865
f 6717//3865 7214//3865 6718//3865
f 7216//2 7215//2 6716//2
f 6716//2 7215//2 6717//2
f 7211//8 7216//8 6714//8
f 6714//8 7216//8 6716//8
f 7217//3866 7218//3866 6723//3866
f 6723//3867 7218//3867 7219//3867
f 6723//3868 7219//3868 6724//3868
f 6724//3869 7219//3869 7220//3869
f 6724//3870 7220//3870 6725//3870
f 6725//3870 7220//3870 7221//3870
f 6725//3871 7221//3871 6726//3871
f 6726//3871 7221//3871 7222//3871
f 6726//3872 7222//3872 6727//3872
f 6727//3872 7222//3872 7223//3872
f 6727//3873 7223//3873 6728//3873
f 6728//3873 7223//3873 7224//3873
f 6728//3874 7224//3874 6729//3874
f 6729//3874 7224//3874 7225//3874
f 6729//3875 7225//3875 6730//3875
f 6730//3875 7225//3875 7226//3875
f 6730//3876 7226//3876 6731//3876
f 6731//3876 7226//3876 7227//3876
f 6731//3877 7227//3877 6732//3877
f 6732//3877 7227//3877 7228//3877
f 6732//3878 7228//3878 6733//3878
f 6733//3878 7228//3878 7229//3878
f 6733//3879 7229//3879 6720//3879
f 6720//3879 7229//3879 7230//3879
f 6720//3880 7230//3880 6721//3880
f 6721//3880 7230//3880 7231//3880
f 6721//3881 7231//3881 6722//3881
f 6722//3881 7231//3881 7217//3881
f 6722//3866 7217//3866 6723//3866
f 7232//3882 7233//3882 6737//3882
f 6737//3883 7233//3883 7234//3883
f 6737//3868 7234//3868 6738//3868
f 6738//3869 7234//3869 7235//3869
f 6738//3870 7235//3870 6739//3870
f 6739//3870 7235//3870 7236//3870
f 6739//3871 7236//3871 6740//3871
f 6740//3871 7236//3871 7237//3871
f 6740//3872 7237//3872 6741//3872
f 6741//3872 7237//3872 7238//3872
f 6741//3873 7238//3873 6742//3873
f 6742//3873 7238//3873 7239//3873
f 6742//3874 7239//3874 6743//3874
f 6743//3874 7239//3874 7240//3874
f 6743//3875 7240//3875 6744//3875
f 6744//3875 7240//3875 7241//3875
f 6744//3876 7241//3876 6745//3876
f 6745//3876 7241//3876 7242//3876
f 6745//3877 7242//3877 6746//3877
f 6746//3877 7242//3877 7243//3877
f 6746//3878 7243//3878 6747//3878
f 6747//3878 7243//3878 7244//3878
f 6747//3879 7244//3879 6734//3879
f 6734//3879 7244//3879 7245//3879
f 6734//3880 7245//3880 6735//3880
f 6735//3880 7245//3880 7246//3880
f 6735//3881 7246//3881 6736//3881
f 6736//3881 7246//3881 7247//3881
f 6736//3866 7247//3866 6737//3866
f 6737//3866 7247//3866 7232//3866
f 6759//3884 7248//3884 6760//3884
f 6760//3884 7248//3884 7249//3884
f 6760//3885 7249//3885 6761//3885
f 6761//3885 7249//3885 7250//3885
f 6761//3886 7250//3886 6762//3886
f 6762//3886 7250//3886 7251//3886
f 6762//3887 7251//3887 6763//3887
f 6763//3887 7251//3887 7252//3887
f 6763//3888 7252//3888 6755//3888
f 6755//3888 7252//3888 7253//3888
f 6755//3889 7253//3889 6756//3889
f 6756//3889 7253//3889 7254//3889
f 6756//3890 7254//3890 6757//3890
f 6757//3890 7254//3890 7255//3890
f 6757//3891 7255//3891 6758//3891
f 6758//3891 7255//3891 7256//3891
f 6758//3892 7256//3892 6751//3892
f 6751//3892 7256//3892 7257//3892
f 6751//3893 7257//3893 6752//3893
f 6752//3893 7257//3893 7258//3893
f 6752//3894 7258//3894 6753//3894
f 6753//3894 7258//3894 7259//3894
f 6753//3895 7259//3895 6754//3895
f 6754//3895 7259//3895 7260//3895
f 6754//3896 7260//3896 6748//3896
f 6748//3896 7260//3896 7261//3896
f 6748//3897 7261//3897 6749//3897
f 6749//3897 7261//3897 7262//3897
f 6749//3898 7262//3898 6750//3898
f 6750//3898 7262//3898 7263//3898
f 6750//3899 7263//3899 6759//3899
f 6759//3899 7263//3899 7248//3899
f 6775//3884 7264//3884 6776//3884
f 6776//3884 7264//3884 7265//3884
f 6776//3885 7265//3885 6777//3885
f 6777//3885 7265//3885 7266//3885
f 6777//3886 7266//3886 6778//3886
f 6778//3886 7266//3886 7267//3886
f 6778//3887 7267//3887 6779//3887
f 6779//3887 7267//3887 7268//3887
f 6779//3888 7268//3888 6771//3888
f 6771//3888 7268//3888 7269//3888
f 6771//3889 7269//3889 6772//3889
f 6772//3889 7269//3889 7270//3889
f 6772//3890 7270//3890 6773//3890
f 6773//3890 7270//3890 7271//3890
f 6773//3891 7271//3891 6774//3891
f 6774//3891 7271//3891 7272//3891
f 6774//3892 7272//3892 6764//3892
f 6764//3892 7272//3892 7273//3892
f 6764//3893 7273//3893 6765//3893
f 6765//3893 7273//3893 7274//3893
f 6765//3894 7274//3894 6766//3894
f 6766//3894 7274//3894 7275//3894
f 6766//3895 7275//3895 6767//3895
f 6767//3895 7275//3895 7276//3895
f 6767//3896 7276//3896 6768//3896
f 6768//3896 7276//3896 7277//3896
f 6768//3897 7277//3897 6769//3897
f 6769//3897 7277//3897 7278//3897
f 6769//3898 7278//3898 6770//3898
f 6770//3898 7278//3898 7279//3898
f 6770//3899 7279//3899 6775//3899
f 6775//3899 7279//3899 7264//3899
f 6790//3884 7280//3884 6783//3884
f 6783//3884 7280//3884 7281//3884
f 6783//3885 7281//3885 6784//3885
f 6784//3885 7281//3885 7282//3885
f 6784//3886 7282//3886 6785//3886
f 6785//3886 7282//3886 7283//3886
f 6785//3887 7283//3887 6791//3887
f 6791//3887 7283//3887 7284//3887
f 6791//3888 7284//3888 6792//3888
f 6792//3888 7284//3888 7285//3888
f 6792//3889 7285//3889 6793//3889
f 6793//3889 7285//3889 7286//3889
f 6793//3890 7286//3890 6794//3890
f 6794//3890 7286//3890 7287//3890
f 6794//3891 7287//3891 6795//3891
f 6795//3891 7287//3891 7288//3891
f 6795//3892 7288//3892 6780//3892
f 6780//3892 7288//3892 7289//3892
f 6780//3893 7289//3893 6781//3893
f 6781//3893 7289//3893 7290//3893
f 6781//3894 7290//3894 6782//3894
f 6782//3894 7290//3894 7291//3894
f 6782//3895 7291//3895 6786//3895
f 6786//3895 7291//3895 7292//3895
f 6786//3896 7292//3896 6787//3896
f 6787//3896 7292//3896 7293//3896
f 6787//3897 7293//3897 6788//3897
f 6788//3897 7293//3897 7294//3897
f 6788//3898 7294//3898 6789//3898
f 6789//3898 7294//3898 7295//3898
f 6789//3899 7295//3899 6790//3899
f 6790//3899 7295//3899 7280//3899
f 6807//3884 7296//3884 6808//3884
f 6808//3884 7296//3884 7297//3884
f 6808//3885 7297//3885 6809//3885
f 6809//3885 7297//3885 7298//3885
f 6809//3886 7298//3886 6810//3886
f 6810//3886 7298//3886 7299//3886
f 6810//3887 7299//3887 6811//3887
f 6811//3887 7299//3887 7300//3887
f 6811//3888 7300//3888 6803//3888
f 6803//3888 7300//3888 7301//3888
f 6803//3889 7301//3889 6804//3889
f 6804//3889 7301//3889 7302//3889
f 6804//3890 7302//3890 6805//3890
f 6805//3890 7302//3890 7303//3890
f 6805//3891 7303//3891 6806//3891
f 6806//3891 7303//3891 7304//3891
f 6806//3892 7304//3892 6796//3892
f 6796//3892 7304//3892 7305//3892
f 6796//3893 7305//3893 6797//3893
f 6797//3893 7305//3893 7306//3893
f 6797//3894 7306//3894 6798//3894
f 6798//3894 7306//3894 7307//3894
f 6798//3895 7307//3895 6799//3895
f 6799//3895 7307//3895 7308//3895
f 6799//3896 7308//3896 6800//3896
f 6800//3896 7308//3896 7309//3896
f 6800//3897 7309//3897 6801//3897
f 6801//3897 7309//3897 7310//3897
f 6801//3898 7310//3898 6802//3898
f 6802//3898 7310//3898 7311//3898
f 6802//3899 7311//3899 6807//3899
f 6807//3899 7311//3899 7296//3899
f 6823//3884 7312//3884 6824//3884
f 6824//3884 7312//3884 7313//3884
f 6824//3885 7313//3885 6825//3885
f 6825//3885 7313//3885 7314//3885
f 6825//3886 7314//3886 6826//3886
f 6826//3886 7314//3886 7315//3886
f 6826//3887 7315//3887 6827//3887
f 6827//3887 7315//3887 7316//3887
f 6827//3888 7316//3888 6819//3888
f 6819//3888 7316//3888 7317//3888
f 6819//3889 7317//3889 6820//3889
f 6820//3889 7317//3889 7318//3889
f 6820//3890 7318//3890 6821//3890
f 6821//3890 7318//3890 7319//3890
f 6821//3891 7319//3891 6822//3891
f 6822//3891 7319//3891 7320//3891
f 6822//3892 7320//3892 6812//3892
f 6812//3892 7320//3892 7321//3892
f 6812//3893 7321//3893 6813//3893
f 6813//3893 7321//3893 7322//3893
f 6813//3894 7322//3894 6814//3894
f 6814//3894 7322//3894 7323//3894
f 6814//3895 7323//3895 6815//3895
f 6815//3895 7323//3895 7324//3895
f 6815//3896 7324//3896 6816//3896
f 6816//3896 7324//3896 7325//3896
f 6816//3897 7325//3897 6817//3897
f 6817//3897 7325//3897 7326//3897
f 6817//3898 7326//3898 6818//3898
f 6818//3898 7326//3898 7327//3898
f 6818//3899 7327//3899 6823//3899
f 6823//3899 7327//3899 7312//3899
f 7328//3900 7329//3900 7330//3900
f 7331//3901 7332//3901 7333//3901
f 6928//3902 7334//3902 6929//3902
f 6929//3903 7334//3903 7335//3903
f 7335//3904 7334//3904 7336//3904
f 7336//3905 7334//3905 7337//3905
f 7336//3906 7337//3906 7338//3906
f 7338//3907 7337//3907 7339//3907
f 7338//3908 7339//3908 7340//3908
f 7340//3909 7339//3909 7333//3909
f 7340//3910 7333//3910 7341//3910
f 7341//3911 7333//3911 7342//3911
f 7342//3912 7333//3912 7332//3912
f 7342//3913 7332//3913 7343//3913
f 6828//3914 7344//3914 6829//3914
f 6829//3914 7344//3914 7345//3914
f 6829//3915 7345//3915 6833//3915
f 6833//3916 7345//3916 7346//3916
f 6833//3917 7346//3917 6834//3917
f 6933//3918 6932//3918 7347//3918
f 7347//3919 6932//3919 6931//3919
f 6834//3920 7346//3920 6835//3920
f 6835//3921 7346//3921 7348//3921
f 6835//3922 7348//3922 6832//3922
f 6832//3923 7348//3923 7347//3923
f 6832//3923 7347//3923 6831//3923
f 6831//3924 7347//3924 6931//3924
f 6831//3925 6931//3925 6830//3925
f 7344//3926 7328//3926 7345//3926
f 7345//3927 7328//3927 7330//3927
f 7345//3928 7330//3928 7346//3928
f 7346//3929 7330//3929 7349//3929
f 7346//3930 7349//3930 7348//3930
f 7348//3930 7349//3930 7350//3930
f 7348//3931 7350//3931 7347//3931
f 7347//3932 7350//3932 7351//3932
f 7347//3933 7351//3933 6933//3933
f 6933//3934 7351//3934 6927//3934
f 7329//3935 7331//3935 7330//3935
f 7330//3936 7331//3936 7333//3936
f 7330//3937 7333//3937 7349//3937
f 7349//3937 7333//3937 7339//3937
f 7349//3938 7339//3938 7350//3938
f 7350//3939 7339//3939 7337//3939
f 7350//3940 7337//3940 7351//3940
f 7351//3940 7337//3940 7334//3940
f 7351//3941 7334//3941 6927//3941
f 6927//3942 7334//3942 6928//3942
f 7352//3943 7353//3943 7354//3943
f 7355//3944 7356//3944 7357//3944
f 7358//3945 7359//3945 7360//3945
f 6854//3946 6853//3946 7361//3946
f 6869//3947 6870//3947 7362//3947
f 6882//3948 6883//3948 7363//3948
f 6882//3949 7364//3949 6881//3949
f 6881//3950 7364//3950 7365//3950
f 6878//3951 6877//3951 7366//3951
f 7366//3952 6877//3952 6876//3952
f 7366//3953 6876//3953 7365//3953
f 7365//3954 6876//3954 6880//3954
f 7365//3955 6880//3955 6881//3955
f 6875//3956 6874//3956 7358//3956
f 7358//3957 6874//3957 6879//3957
f 7358//3958 6879//3958 7359//3958
f 7359//3959 6879//3959 6878//3959
f 7367//3960 6873//3960 7368//3960
f 7368//3960 6873//3960 6872//3960
f 7362//3961 6870//3961 7367//3961
f 7367//3962 6870//3962 6871//3962
f 7367//3963 6871//3963 6873//3963
f 6868//3964 7369//3964 6867//3964
f 6867//3964 7369//3964 7370//3964
f 6867//3965 7370//3965 6866//3965
f 6866//3965 7370//3965 7371//3965
f 6866//3966 7371//3966 6865//3966
f 6865//3967 7371//3967 7372//3967
f 6861//3968 6862//3968 7373//3968
f 7373//3969 6862//3969 6863//3969
f 7373//3970 6863//3970 7372//3970
f 7372//3971 6863//3971 6864//3971
f 7372//3972 6864//3972 6865//3972
f 6855//3973 6859//3973 7355//3973
f 7355//3974 6859//3974 6860//3974
f 7355//3975 6860//3975 7356//3975
f 7356//3976 6860//3976 6861//3976
f 7374//3977 6857//3977 7375//3977
f 7375//3977 6857//3977 6856//3977
f 7361//3978 6853//3978 7374//3978
f 7374//3979 6853//3979 6858//3979
f 7374//3980 6858//3980 6857//3980
f 6851//3981 7376//3981 6852//3981
f 6852//3981 7376//3981 7377//3981
f 6852//3982 7377//3982 6849//3982
f 6849//3982 7377//3982 7378//3982
f 6849//3983 7378//3983 6850//3983
f 6850//3984 7378//3984 7379//3984
f 6845//3985 6846//3985 7380//3985
f 7380//3986 6846//3986 6848//3986
f 7380//3987 6848//3987 7379//3987
f 7379//3988 6848//3988 6847//3988
f 7379//3989 6847//3989 6850//3989
f 6837//3990 6843//3990 7352//3990
f 7352//3991 6843//3991 6844//3991
f 7352//3992 6844//3992 7353//3992
f 7353//3993 6844//3993 6845//3993
f 6842//3994 6841//3994 7381//3994
f 7381//3995 6841//3995 6840//3995
f 7381//3996 6840//3996 7382//3996
f 7382//3997 6840//3997 6839//3997
f 7382//3998 6839//3998 7383//3998
f 7383//3999 6839//3999 6838//3999
f 6828//4000 6836//4000 7344//4000
f 7344//4001 6836//4001 7384//4001
f 7364//4002 7385//4002 7365//4002
f 7365//4002 7385//4002 7386//4002
f 7365//4003 7386//4003 7366//4003
f 7366//4004 7386//4004 7387//4004
f 7388//4005 7389//4005 7368//4005
f 7368//4006 7389//4006 7367//4006
f 7367//4007 7389//4007 7390//4007
f 7367//4008 7390//4008 7362//4008
f 7391//4009 7373//4009 7392//4009
f 7392//4009 7373//4009 7372//4009
f 7392//4010 7372//4010 7393//4010
f 7393//4011 7372//4011 7371//4011
f 7393//4012 7371//4012 7394//4012
f 7394//4012 7371//4012 7370//4012
f 7394//4013 7370//4013 7395//4013
f 7395//4014 7370//4014 7369//4014
f 7395//4015 7369//4015 7396//4015
f 7397//4016 7398//4016 7375//4016
f 7375//4017 7398//4017 7374//4017
f 7374//4017 7398//4017 7399//4017
f 7374//4018 7399//4018 7361//4018
f 7400//4019 7380//4019 7401//4019
f 7401//4019 7380//4019 7379//4019
f 7401//4020 7379//4020 7402//4020
f 7402//4020 7379//4020 7378//4020
f 7402//4021 7378//4021 7403//4021
f 7403//4021 7378//4021 7377//4021
f 7403//4022 7377//4022 7404//4022
f 7404//4022 7377//4022 7376//4022
f 7404//4023 7376//4023 7405//4023
f 7406//4024 7407//4024 7383//4024
f 7383//4025 7407//4025 7382//4025
f 7382//4025 7407//4025 7408//4025
f 7382//4026 7408//4026 7381//4026
f 7409//4027 7410//4027 7384//4027
f 7332//4028 7331//4028 7410//4028
f 7410//4029 7331//4029 7329//4029
f 7410//4030 7329//4030 7384//4030
f 7384//4031 7329//4031 7328//4031
f 7384//4032 7328//4032 7344//4032
f 6882//3948 7363//3948 7364//3948
f 7364//4033 7363//4033 7411//4033
f 7364//4034 7411//4034 7385//4034
f 7385//4035 7411//4035 7412//4035
f 7385//4036 7412//4036 7413//4036
f 7413//4037 7414//4037 7385//4037
f 7385//4038 7414//4038 7415//4038
f 7385//4039 7415//4039 7386//4039
f 7386//4040 7415//4040 7416//4040
f 7386//4041 7416//4041 7387//4041
f 7387//4042 7416//4042 7417//4042
f 7387//4043 7417//4043 7418//4043
f 6878//4044 7366//4044 7359//4044
f 7359//4045 7366//4045 7387//4045
f 7359//4045 7387//4045 7360//4045
f 7360//4046 7387//4046 7418//4046
f 7360//4046 7418//4046 7419//4046
f 7419//4047 7420//4047 7360//4047
f 7360//4048 7420//4048 7388//4048
f 7360//3945 7388//3945 7358//3945
f 7358//4049 7388//4049 7368//4049
f 7358//4050 7368//4050 6875//4050
f 6875//4051 7368//4051 6872//4051
f 7421//4052 7390//4052 7422//4052
f 7422//4052 7390//4052 7389//4052
f 7422//4053 7389//4053 7423//4053
f 7423//4054 7389//4054 7388//4054
f 7423//4055 7388//4055 7424//4055
f 7424//4056 7388//4056 7420//4056
f 7421//4057 7425//4057 7390//4057
f 7390//4058 7425//4058 7396//4058
f 7390//4008 7396//4008 7362//4008
f 7362//4015 7396//4015 7369//4015
f 7362//4059 7369//4059 6869//4059
f 6869//4060 7369//4060 6868//4060
f 7425//4061 7426//4061 7396//4061
f 7396//4062 7426//4062 7427//4062
f 7396//4063 7427//4063 7395//4063
f 7395//4064 7427//4064 7428//4064
f 7395//4065 7428//4065 7394//4065
f 7394//4065 7428//4065 7429//4065
f 7394//4066 7429//4066 7393//4066
f 7429//4066 7430//4066 7393//4066
f 7393//4067 7430//4067 7431//4067
f 7393//4068 7431//4068 7392//4068
f 7392//4069 7431//4069 7432//4069
f 7392//4070 7432//4070 7391//4070
f 7391//4071 7432//4071 7433//4071
f 7391//4072 7433//4072 7434//4072
f 6861//3968 7373//3968 7356//3968
f 7356//4073 7373//4073 7391//4073
f 7356//4073 7391//4073 7357//4073
f 7357//4074 7391//4074 7434//4074
f 7357//4074 7434//4074 7435//4074
f 7435//4075 7436//4075 7357//4075
f 7357//4076 7436//4076 7397//4076
f 7357//3944 7397//3944 7355//3944
f 7355//4016 7397//4016 7375//4016
f 7355//4077 7375//4077 6855//4077
f 6855//4078 7375//4078 6856//4078
f 7437//4079 7399//4079 7438//4079
f 7438//4079 7399//4079 7398//4079
f 7438//4080 7398//4080 7439//4080
f 7439//4081 7398//4081 7397//4081
f 7439//4082 7397//4082 7440//4082
f 7440//4083 7397//4083 7436//4083
f 7437//4084 7441//4084 7399//4084
f 7399//4085 7441//4085 7405//4085
f 7399//4086 7405//4086 7361//4086
f 7361//4087 7405//4087 7376//4087
f 7361//4088 7376//4088 6854//4088
f 6854//4089 7376//4089 6851//4089
f 7441//4090 7442//4090 7405//4090
f 7405//4091 7442//4091 7443//4091
f 7405//4092 7443//4092 7404//4092
f 7404//4093 7443//4093 7444//4093
f 7404//4094 7444//4094 7403//4094
f 7403//4094 7444//4094 7445//4094
f 7403//4095 7445//4095 7402//4095
f 7445//4095 7446//4095 7402//4095
f 7402//4096 7446//4096 7447//4096
f 7402//4097 7447//4097 7401//4097
f 7401//4098 7447//4098 7448//4098
f 7401//4099 7448//4099 7400//4099
f 7400//4100 7448//4100 7449//4100
f 7400//4101 7449//4101 7450//4101
f 6845//3985 7380//3985 7353//3985
f 7353//4102 7380//4102 7400//4102
f 7353//4103 7400//4103 7354//4103
f 7354//4104 7400//4104 7450//4104
f 7354//4104 7450//4104 7451//4104
f 7451//4105 7452//4105 7354//4105
f 7354//4106 7452//4106 7406//4106
f 7354//4107 7406//4107 7352//4107
f 7352//4024 7406//4024 7383//4024
f 7352//4108 7383//4108 6837//4108
f 6837//4109 7383//4109 6838//4109
f 7453//4110 7408//4110 7454//4110
f 7454//4110 7408//4110 7407//4110
f 7454//4111 7407//4111 7455//4111
f 7455//4112 7407//4112 7406//4112
f 7455//4113 7406//4113 7456//4113
f 7456//4114 7406//4114 7452//4114
f 7453//4115 7457//4115 7408//4115
f 7408//4116 7457//4116 7409//4116
f 7408//4117 7409//4117 7381//4117
f 7381//4027 7409//4027 7384//4027
f 7381//4118 7384//4118 6842//4118
f 6842//4119 7384//4119 6836//4119
f 7343//4120 7332//4120 7458//4120
f 7458//4121 7332//4121 7410//4121
f 7458//4122 7410//4122 7459//4122
f 7459//4123 7410//4123 7409//4123
f 7459//4124 7409//4124 7460//4124
f 7460//4125 7409//4125 7457//4125
f 7412//4126 7461//4126 7413//4126
f 7413//4127 7461//4127 7462//4127
f 7462//4128 7461//4128 7463//4128
f 7463//4129 7461//4129 7464//4129
f 7463//4130 7464//4130 7465//4130
f 7466//4131 6897//4131 6900//4131
f 7465//4132 7464//4132 7467//4132
f 7467//4133 7464//4133 7468//4133
f 7467//4134 7468//4134 7469//4134
f 7469//4135 7468//4135 7466//4135
f 7469//4135 7466//4135 7470//4135
f 7470//4136 7466//4136 6900//4136
f 7470//4137 6900//4137 6899//4137
f 6889//4138 6890//4138 6893//4138
f 6893//4139 7471//4139 6889//4139
f 6889//4140 7471//4140 7472//4140
f 6889//4140 7472//4140 6888//4140
f 6888//4141 7472//4141 6887//4141
f 6887//4142 7472//4142 7473//4142
f 6887//4143 7473//4143 6886//4143
f 6886//4144 7473//4144 6885//4144
f 6885//4145 7473//4145 7474//4145
f 6885//4146 7474//4146 6884//4146
f 6884//4147 7474//4147 7363//4147
f 6884//4148 7363//4148 6883//4148
f 6893//4149 6896//4149 7471//4149
f 7471//4150 6896//4150 7475//4150
f 7471//4151 7475//4151 7472//4151
f 7472//4151 7475//4151 7476//4151
f 7472//4152 7476//4152 7473//4152
f 7473//4152 7476//4152 7477//4152
f 7473//4153 7477//4153 7474//4153
f 7474//4154 7477//4154 7478//4154
f 7474//4155 7478//4155 7363//4155
f 7363//4156 7478//4156 7411//4156
f 6896//4157 6897//4157 7475//4157
f 7475//4158 6897//4158 7466//4158
f 7475//4159 7466//4159 7476//4159
f 7476//4159 7466//4159 7468//4159
f 7476//4160 7468//4160 7477//4160
f 7477//4160 7468//4160 7464//4160
f 7477//4161 7464//4161 7478//4161
f 7478//4161 7464//4161 7461//4161
f 7478//4162 7461//4162 7411//4162
f 7411//4163 7461//4163 7412//4163
f 6892//4164 6891//4164 6924//4164
f 6892//4164 6924//4164 6906//4164
f 6906//4165 6924//4165 6923//4165
f 6906//4165 6923//4165 6905//4165
f 6905//4166 6923//4166 6922//4166
f 6905//4166 6922//4166 6904//4166
f 6904//4167 6922//4167 6921//4167
f 6904//4167 6921//4167 6903//4167
f 6918//73 6895//73 6907//73
f 6907//73 6895//73 6894//73
f 6907//73 6894//73 6908//73
f 6918//73 6917//73 6895//73
f 6895//73 6917//73 6916//73
f 6895//73 6916//73 6902//73
f 6916//73 6915//73 6902//73
f 6902//73 6915//73 6914//73
f 6902//73 6914//73 6901//73
f 6901//73 6914//73 6913//73
f 6901//73 6913//73 6912//73
f 6912//73 6911//73 6901//73
f 6901//73 6911//73 6910//73
f 6901//73 6910//73 6894//73
f 6894//73 6910//73 6909//73
f 6894//73 6909//73 6908//73
f 6945//73 6920//73 6934//73
f 6934//73 6920//73 6919//73
f 6934//73 6919//73 6935//73
f 6935//73 6919//73 6936//73
f 6945//73 6944//73 6920//73
f 6920//73 6944//73 6943//73
f 6920//73 6943//73 6926//73
f 6926//73 6943//73 6942//73
f 6936//73 6919//73 6937//73
f 6937//73 6919//73 6925//73
f 6937//73 6925//73 6938//73
f 6942//73 6941//73 6926//73
f 6926//73 6941//73 6940//73
f 6926//73 6940//73 6925//73
f 6925//73 6940//73 6939//73
f 6925//73 6939//73 6938//73
f 7479//4168 7480//4168 7481//4168
f 7481//4168 7480//4168 7482//4168
f 7481//4168 7482//4168 7483//4168
f 7483//4168 7484//4168 7485//4168
f 7485//4168 7484//4168 7486//4168
f 7485//4168 7486//4168 7487//4168
f 7483//4168 7485//4168 7481//4168
f 7481//4169 7485//4169 7488//4169
f 7481//4169 7488//4169 7489//4169
f 7489//4170 7488//4170 7490//4170
f 7489//4170 7490//4170 7491//4170
f 7491//4171 7490//4171 7492//4171
f 7491//4171 7492//4171 7493//4171
f 7282//73 7494//73 7495//73
f 7496//73 7497//73 7498//73
f 7499//73 7500//73 7501//73
f 7502//73 7503//73 7504//73
f 7505//73 7506//73 7507//73
f 7507//73 7506//73 7508//73
f 7507//73 7508//73 7509//73
f 7092//73 7093//73 7094//73
f 7092//73 7094//73 7507//73
f 7507//73 7094//73 7095//73
f 7507//73 7095//73 7505//73
f 7097//73 7510//73 7096//73
f 7096//73 7510//73 7511//73
f 7096//73 7511//73 7095//73
f 7095//73 7511//73 7512//73
f 7095//73 7512//73 7505//73
f 7090//73 7089//73 7513//73
f 7513//73 7089//73 7091//73
f 7514//73 7515//73 7510//73
f 7516//73 7517//73 7518//73
f 7518//73 7517//73 7519//73
f 7518//73 7519//73 7520//73
f 7154//73 7516//73 7209//73
f 7209//73 7516//73 7208//73
f 7503//73 7161//73 7162//73
f 7191//73 7192//73 7521//73
f 7186//73 7187//73 7178//73
f 7178//73 7187//73 7188//73
f 7201//73 7202//73 7205//73
f 7205//73 7202//73 7203//73
f 7205//73 7203//73 7204//73
f 7198//73 7199//73 7518//73
f 7158//73 7159//73 7503//73
f 7503//73 7159//73 7160//73
f 7503//73 7160//73 7161//73
f 7176//73 7168//73 7169//73
f 7191//73 7177//73 7190//73
f 7190//73 7177//73 7178//73
f 7190//73 7178//73 7189//73
f 7189//73 7178//73 7188//73
f 7154//73 7153//73 7516//73
f 7516//73 7153//73 7155//73
f 7516//73 7155//73 7502//73
f 7502//73 7155//73 7156//73
f 7502//73 7156//73 7503//73
f 7503//73 7156//73 7157//73
f 7503//73 7157//73 7158//73
f 7168//73 7176//73 7167//73
f 7167//73 7176//73 7177//73
f 7167//73 7177//73 7166//73
f 7178//73 7179//73 7186//73
f 7186//73 7179//73 7180//73
f 7186//73 7180//73 7181//73
f 7173//73 7174//73 7175//73
f 7185//73 7186//73 7184//73
f 7184//73 7186//73 7181//73
f 7184//73 7181//73 7183//73
f 7183//73 7181//73 7182//73
f 7192//73 7193//73 7521//73
f 7521//73 7193//73 7194//73
f 7521//73 7194//73 7195//73
f 7208//73 7516//73 7207//73
f 7207//73 7516//73 7518//73
f 7207//73 7518//73 7206//73
f 7165//73 7166//73 7164//73
f 7164//73 7166//73 7177//73
f 7164//73 7177//73 7163//73
f 7163//73 7177//73 7191//73
f 7163//73 7191//73 7162//73
f 7162//73 7191//73 7521//73
f 7162//73 7521//73 7503//73
f 7199//73 7200//73 7518//73
f 7518//73 7200//73 7201//73
f 7518//73 7201//73 7206//73
f 7206//73 7201//73 7205//73
f 7169//73 7170//73 7176//73
f 7176//73 7170//73 7171//73
f 7176//73 7171//73 7175//73
f 7175//73 7171//73 7172//73
f 7175//73 7172//73 7173//73
f 7195//73 7196//73 7518//73
f 7518//73 7196//73 7197//73
f 7518//73 7197//73 7198//73
f 7504//73 7309//73 7522//73
f 7522//73 7309//73 7308//73
f 7522//73 7308//73 7523//73
f 7523//73 7308//73 7307//73
f 7523//73 7307//73 7524//73
f 7524//73 7307//73 7306//73
f 7524//73 7306//73 7525//73
f 7525//73 7306//73 7526//73
f 7526//73 7306//73 7305//73
f 7526//73 7305//73 7527//73
f 7326//73 7325//73 7528//73
f 7528//73 7325//73 7324//73
f 7528//73 7324//73 7529//73
f 7529//73 7324//73 7530//73
f 7530//73 7324//73 7323//73
f 7530//73 7323//73 7531//73
f 7531//73 7323//73 7322//73
f 7531//73 7322//73 7532//73
f 7501//73 7500//73 7533//73
f 7151//73 7152//73 7533//73
f 7135//73 7136//73 7102//73
f 7149//73 7150//73 7148//73
f 7148//73 7150//73 7147//73
f 7102//73 7136//73 7534//73
f 7534//73 7136//73 7137//73
f 7534//73 7137//73 7138//73
f 7142//73 7143//73 7535//73
f 7143//73 7144//73 7535//73
f 7535//73 7144//73 7145//73
f 7535//73 7145//73 7146//73
f 7533//73 7500//73 7151//73
f 7151//73 7500//73 7535//73
f 7151//73 7535//73 7150//73
f 7150//73 7535//73 7146//73
f 7150//73 7146//73 7147//73
f 7102//73 7103//73 7135//73
f 7135//73 7103//73 7129//73
f 7135//73 7129//73 7130//73
f 7133//73 7134//73 7132//73
f 7132//73 7134//73 7135//73
f 7132//73 7135//73 7131//73
f 7131//73 7135//73 7130//73
f 7138//73 7139//73 7534//73
f 7534//73 7139//73 7140//73
f 7534//73 7140//73 7535//73
f 7535//73 7140//73 7141//73
f 7535//73 7141//73 7142//73
f 7127//73 7128//73 7125//73
f 7125//73 7128//73 7129//73
f 7125//73 7129//73 7126//73
f 7126//73 7129//73 7103//73
f 7126//73 7103//73 7152//73
f 7152//73 7103//73 7104//73
f 7152//73 7104//73 7533//73
f 7533//73 7104//73 7106//73
f 7533//73 7106//73 7536//73
f 7101//73 7102//73 7099//73
f 7099//73 7102//73 7534//73
f 7099//73 7534//73 7100//73
f 7100//73 7534//73 7537//73
f 7100//73 7537//73 7105//73
f 7106//73 7105//73 7536//73
f 7536//73 7105//73 7537//73
f 7536//73 7537//73 7538//73
f 7538//73 7537//73 7497//73
f 7289//73 7288//73 7497//73
f 7539//73 7540//73 7498//73
f 7498//73 7540//73 7541//73
f 7498//73 7541//73 7496//73
f 7497//73 7288//73 7498//73
f 7498//73 7288//73 7287//73
f 7498//73 7287//73 7539//73
f 7087//73 7088//73 7542//73
f 7542//73 7088//73 7543//73
f 7542//73 7543//73 7544//73
f 7545//73 7546//73 7547//73
f 7547//73 7546//73 7548//73
f 7547//73 7548//73 7549//73
f 7548//73 6953//73 6954//73
f 6960//73 7550//73 6959//73
f 6959//73 7550//73 7549//73
f 7548//73 6954//73 7549//73
f 7549//73 6954//73 6955//73
f 7549//73 6955//73 6956//73
f 6956//73 6957//73 7549//73
f 7549//73 6957//73 6958//73
f 7549//73 6958//73 6959//73
f 6947//73 6946//73 7551//73
f 7551//73 6946//73 6948//73
f 6964//73 6965//73 7552//73
f 7552//73 6965//73 6966//73
f 7552//73 6966//73 6967//73
f 6968//73 6969//73 6981//73
f 6981//73 6969//73 6970//73
f 6948//73 6949//73 7551//73
f 7551//73 6949//73 6950//73
f 7551//73 6950//73 7553//73
f 7553//73 6950//73 6951//73
f 7553//73 6951//73 7548//73
f 7548//73 6951//73 6952//73
f 7548//73 6952//73 6953//73
f 6960//73 6961//73 7550//73
f 7550//73 6961//73 6962//73
f 7550//73 6962//73 7552//73
f 7552//73 6962//73 6963//73
f 7552//73 6963//73 6964//73
f 6983//73 6984//73 6982//73
f 6982//73 6984//73 6985//73
f 7016//73 7007//73 7008//73
f 7023//73 7024//73 7025//73
f 7011//73 7012//73 7016//73
f 7217//73 7231//73 7551//73
f 7551//73 7231//73 7230//73
f 7025//73 6987//73 7007//73
f 7007//73 6987//73 7480//73
f 7007//73 7480//73 7006//73
f 7013//73 7014//73 7012//73
f 7012//73 7014//73 7015//73
f 7012//73 7015//73 7016//73
f 7008//73 7009//73 7016//73
f 7016//73 7009//73 7010//73
f 7016//73 7010//73 7011//73
f 7006//73 7480//73 7005//73
f 7005//73 7480//73 7479//73
f 7005//73 7479//73 7004//73
f 7007//73 7016//73 7025//73
f 7025//73 7016//73 7017//73
f 7025//73 7017//73 7023//73
f 7019//73 7020//73 7018//73
f 7018//73 7020//73 7021//73
f 7018//73 7021//73 7017//73
f 7017//73 7021//73 7022//73
f 7017//73 7022//73 7023//73
f 6999//73 7000//73 7552//73
f 7552//73 7000//73 7001//73
f 7552//73 7001//73 7554//73
f 7554//73 7001//73 7002//73
f 7554//73 7002//73 7479//73
f 7479//73 7002//73 7003//73
f 7479//73 7003//73 7004//73
f 6992//73 6993//73 7551//73
f 7551//73 6993//73 6994//73
f 7551//73 6994//73 6995//73
f 6988//73 6989//73 7230//73
f 7230//73 6989//73 6990//73
f 7230//73 6990//73 7551//73
f 7551//73 6990//73 6991//73
f 7551//73 6991//73 6992//73
f 6996//73 6997//73 7552//73
f 7552//73 6997//73 6998//73
f 7552//73 6998//73 6999//73
f 6995//73 6996//73 7551//73
f 7551//73 6996//73 7552//73
f 7551//73 7552//73 6947//73
f 6947//73 7552//73 6967//73
f 6947//73 6967//73 6985//73
f 6985//73 6967//73 6968//73
f 6985//73 6968//73 6982//73
f 6982//73 6968//73 6981//73
f 7065//73 7027//73 7047//73
f 7063//73 7064//73 7065//73
f 7045//73 7046//73 7555//73
f 7047//73 7048//73 7056//73
f 7056//73 7048//73 7049//73
f 7056//73 7049//73 7050//73
f 7052//73 7053//73 7054//73
f 7046//73 7047//73 7555//73
f 7555//73 7047//73 7027//73
f 7555//73 7027//73 7556//73
f 7556//73 7027//73 7026//73
f 7556//73 7026//73 7028//73
f 7050//73 7051//73 7056//73
f 7056//73 7051//73 7052//73
f 7056//73 7052//73 7055//73
f 7055//73 7052//73 7054//73
f 7242//73 7241//73 7487//73
f 7047//73 7056//73 7065//73
f 7065//73 7056//73 7057//73
f 7065//73 7057//73 7063//73
f 7059//73 7060//73 7058//73
f 7058//73 7060//73 7061//73
f 7058//73 7061//73 7057//73
f 7057//73 7061//73 7062//73
f 7057//73 7062//73 7063//73
f 7028//73 7029//73 7556//73
f 7556//73 7029//73 7030//73
f 7556//73 7030//73 7239//73
f 7239//73 7030//73 7031//73
f 7239//73 7031//73 7240//73
f 7240//73 7031//73 7032//73
f 7240//73 7032//73 7033//73
f 7040//73 7487//73 7039//73
f 7039//73 7487//73 7241//73
f 7039//73 7241//73 7038//73
f 7038//73 7241//73 7037//73
f 7040//73 7041//73 7487//73
f 7487//73 7041//73 7042//73
f 7487//73 7042//73 7557//73
f 7557//73 7042//73 7043//73
f 7557//73 7043//73 7555//73
f 7555//73 7043//73 7044//73
f 7555//73 7044//73 7045//73
f 7033//73 7034//73 7240//73
f 7240//73 7034//73 7035//73
f 7240//73 7035//73 7241//73
f 7241//73 7035//73 7036//73
f 7241//73 7036//73 7037//73
f 7558//73 7072//73 7074//73
f 7074//73 7072//73 7073//73
f 7069//73 7070//73 7509//73
f 7558//73 7074//73 7556//73
f 7556//73 7074//73 7075//73
f 7556//73 7075//73 7555//73
f 7555//73 7075//73 7076//73
f 7555//73 7076//73 7559//73
f 7559//73 7076//73 7078//73
f 7559//73 7078//73 7560//73
f 7509//73 7070//73 7558//73
f 7558//73 7070//73 7071//73
f 7558//73 7071//73 7072//73
f 7078//73 7077//73 7560//73
f 7560//73 7077//73 7079//73
f 7560//73 7079//73 7508//73
f 7508//73 7079//73 7080//73
f 7508//73 7080//73 7081//73
f 7081//73 7067//73 7508//73
f 7508//73 7067//73 7066//73
f 7508//73 7066//73 7509//73
f 7509//73 7066//73 7068//73
f 7509//73 7068//73 7069//73
f 6970//73 6971//73 6981//73
f 6981//73 6971//73 6972//73
f 6981//73 6972//73 6976//73
f 6973//73 6974//73 6972//73
f 6972//73 6974//73 6975//73
f 6972//73 6975//73 6976//73
f 6979//73 6980//73 6978//73
f 6978//73 6980//73 6981//73
f 6978//73 6981//73 6977//73
f 6977//73 6981//73 6976//73
f 7087//73 7542//73 7086//73
f 7086//73 7542//73 7561//73
f 7086//73 7561//73 7085//73
f 7085//73 7561//73 7546//73
f 7085//73 7546//73 7562//73
f 7562//73 7546//73 7545//73
f 7562//73 7545//73 7563//73
f 7084//73 7085//73 7082//73
f 7082//73 7085//73 7562//73
f 7082//73 7562//73 7083//73
f 7083//73 7562//73 7563//73
f 7083//73 7563//73 7088//73
f 7088//73 7563//73 7564//73
f 7088//73 7564//73 7543//73
f 7565//73 7121//73 7566//73
f 7566//73 7121//73 7120//73
f 7233//73 7232//73 7113//73
f 7113//73 7232//73 7247//73
f 7113//73 7247//73 7114//73
f 7114//73 7247//73 7246//73
f 7114//73 7246//73 7115//73
f 7115//73 7246//73 7245//73
f 7115//73 7245//73 7116//73
f 7116//73 7245//73 7567//73
f 7116//73 7567//73 7117//73
f 7117//73 7567//73 7568//73
f 7117//73 7568//73 7118//73
f 7118//73 7568//73 7119//73
f 7569//73 7234//73 7233//73
f 7122//73 7569//73 7123//73
f 7123//73 7569//73 7233//73
f 7123//73 7233//73 7124//73
f 7124//73 7233//73 7113//73
f 7225//73 7224//73 7568//73
f 7568//73 7224//73 7566//73
f 7568//73 7566//73 7119//73
f 7119//73 7566//73 7120//73
f 6988//73 7230//73 6986//73
f 6986//73 7230//73 7229//73
f 6986//73 7229//73 6987//73
f 6987//73 7229//73 7228//73
f 6987//73 7228//73 7480//73
f 7480//73 7228//73 7227//73
f 7480//73 7227//73 7482//73
f 7482//73 7227//73 7226//73
f 7482//73 7226//73 7225//73
f 7221//73 7269//73 7222//73
f 7222//73 7269//73 7268//73
f 7487//73 7486//73 7242//73
f 7242//73 7486//73 7484//73
f 7242//73 7484//73 7243//73
f 7243//73 7484//73 7483//73
f 7243//73 7483//73 7244//73
f 7239//73 7238//73 7570//73
f 7570//73 7238//73 7237//73
f 7571//73 7252//73 7572//73
f 7572//73 7252//73 7251//73
f 7572//73 7251//73 7573//73
f 7573//73 7251//73 7250//73
f 7573//73 7250//73 7514//73
f 7195//73 7518//73 7521//73
f 7521//73 7518//73 7259//73
f 7521//73 7259//73 7574//73
f 7574//73 7259//73 7258//73
f 7574//73 7258//73 7575//73
f 7514//73 7250//73 7515//73
f 7515//73 7250//73 7249//73
f 7515//73 7249//73 7576//73
f 7576//73 7249//73 7248//73
f 7576//73 7248//73 7577//73
f 7577//73 7248//73 7263//73
f 7577//73 7263//73 7578//73
f 7578//73 7263//73 7262//73
f 7578//73 7262//73 7520//73
f 7520//73 7262//73 7261//73
f 7520//73 7261//73 7518//73
f 7518//73 7261//73 7260//73
f 7518//73 7260//73 7259//73
f 7224//73 7223//73 7566//73
f 7566//73 7223//73 7222//73
f 7566//73 7222//73 7565//73
f 7565//73 7222//73 7268//73
f 7565//73 7268//73 7267//73
f 7579//73 7580//73 7274//73
f 7274//73 7580//73 7275//73
f 7275//73 7580//73 7276//73
f 7276//73 7580//73 7301//73
f 7276//73 7301//73 7277//73
f 7277//73 7301//73 7300//73
f 7277//73 7300//73 7278//73
f 7278//73 7300//73 7299//73
f 7278//73 7299//73 7279//73
f 7279//73 7299//73 7581//73
f 7279//73 7581//73 7264//73
f 7264//73 7581//73 7236//73
f 7264//73 7236//73 7265//73
f 7265//73 7236//73 7235//73
f 7265//73 7235//73 7266//73
f 7266//73 7235//73 7234//73
f 7266//73 7234//73 7267//73
f 7267//73 7234//73 7569//73
f 7267//73 7569//73 7565//73
f 7565//73 7569//73 7122//73
f 7565//73 7122//73 7121//73
f 7282//73 7495//73 7283//73
f 7283//73 7495//73 7582//73
f 7283//73 7582//73 7284//73
f 7582//73 7583//73 7284//73
f 7284//73 7583//73 7584//73
f 7284//73 7584//73 7285//73
f 7497//73 7537//73 7289//73
f 7289//73 7537//73 7534//73
f 7289//73 7534//73 7290//73
f 7290//73 7534//73 7535//73
f 7290//73 7535//73 7291//73
f 7218//73 7494//73 7219//73
f 7219//73 7494//73 7282//73
f 7219//73 7282//73 7220//73
f 7220//73 7282//73 7281//73
f 7220//73 7281//73 7221//73
f 7221//73 7281//73 7280//73
f 7221//73 7280//73 7585//73
f 7585//73 7280//73 7295//73
f 7585//73 7295//73 7315//73
f 7315//73 7295//73 7294//73
f 7315//73 7294//73 7293//73
f 7310//73 7586//73 7311//73
f 7311//73 7586//73 7574//73
f 7311//73 7574//73 7296//73
f 7296//73 7574//73 7575//73
f 7296//73 7575//73 7297//73
f 7297//73 7575//73 7258//73
f 7297//73 7258//73 7298//73
f 7298//73 7258//73 7257//73
f 7298//73 7257//73 7299//73
f 7299//73 7257//73 7256//73
f 7299//73 7256//73 7581//73
f 7581//73 7256//73 7255//73
f 7581//73 7255//73 7236//73
f 7236//73 7255//73 7254//73
f 7236//73 7254//73 7237//73
f 7237//73 7254//73 7253//73
f 7305//73 7304//73 7527//73
f 7527//73 7304//73 7303//73
f 7527//73 7303//73 7580//73
f 7580//73 7303//73 7302//73
f 7580//73 7302//73 7301//73
f 7528//73 7526//73 7326//73
f 7326//73 7526//73 7527//73
f 7326//73 7527//73 7327//73
f 7327//73 7527//73 7580//73
f 7327//73 7580//73 7312//73
f 7312//73 7580//73 7579//73
f 7312//73 7579//73 7313//73
f 7313//73 7579//73 7274//73
f 7313//73 7274//73 7314//73
f 7314//73 7274//73 7273//73
f 7314//73 7273//73 7315//73
f 7315//73 7273//73 7272//73
f 7315//73 7272//73 7585//73
f 7585//73 7272//73 7271//73
f 7585//73 7271//73 7221//73
f 7221//73 7271//73 7270//73
f 7221//73 7270//73 7269//73
f 7322//73 7321//73 7532//73
f 7532//73 7321//73 7320//73
f 7532//73 7320//73 7587//73
f 7587//73 7320//73 7319//73
f 7587//73 7319//73 7588//73
f 7588//73 7319//73 7318//73
f 7588//73 7318//73 7589//73
f 7589//73 7318//73 7317//73
f 7225//73 7568//73 7482//73
f 7482//73 7568//73 7567//73
f 7482//73 7567//73 7483//73
f 7483//73 7567//73 7245//73
f 7483//73 7245//73 7244//73
f 7239//73 7570//73 7556//73
f 7556//73 7570//73 7590//73
f 7556//73 7590//73 7558//73
f 7558//73 7590//73 7591//73
f 7558//73 7591//73 7509//73
f 7509//73 7591//73 7513//73
f 7509//73 7513//73 7507//73
f 7507//73 7513//73 7091//73
f 7507//73 7091//73 7092//73
f 7217//73 7551//73 7592//73
f 7592//73 7551//73 7553//73
f 7592//73 7553//73 7593//73
f 7593//73 7553//73 7548//73
f 7593//73 7548//73 7594//73
f 7212//73 7213//73 7210//73
f 7210//73 7213//73 7561//73
f 7210//73 7561//73 7211//73
f 7211//73 7561//73 7594//73
f 7211//73 7594//73 7216//73
f 7216//73 7594//73 7548//73
f 7216//73 7548//73 7215//73
f 7215//73 7548//73 7546//73
f 7215//73 7546//73 7214//73
f 7214//73 7546//73 7561//73
f 7214//73 7561//73 7213//73
f 7253//73 7252//73 7237//73
f 7237//73 7252//73 7571//73
f 7237//73 7571//73 7570//73
f 7570//73 7571//73 7572//73
f 7570//73 7572//73 7590//73
f 7590//73 7572//73 7573//73
f 7590//73 7573//73 7591//73
f 7591//73 7573//73 7514//73
f 7591//73 7514//73 7513//73
f 7513//73 7514//73 7510//73
f 7513//73 7510//73 7090//73
f 7090//73 7510//73 7097//73
f 7090//73 7097//73 7098//73
f 7287//73 7286//73 7539//73
f 7539//73 7286//73 7285//73
f 7539//73 7285//73 7544//73
f 7544//73 7285//73 7584//73
f 7544//73 7584//73 7542//73
f 7542//73 7584//73 7583//73
f 7542//73 7583//73 7561//73
f 7561//73 7583//73 7582//73
f 7561//73 7582//73 7594//73
f 7594//73 7582//73 7495//73
f 7594//73 7495//73 7593//73
f 7593//73 7495//73 7494//73
f 7593//73 7494//73 7592//73
f 7592//73 7494//73 7218//73
f 7592//73 7218//73 7217//73
f 7111//73 7112//73 7586//73
f 7586//73 7112//73 7574//73
f 7574//73 7112//73 7108//73
f 7574//73 7108//73 7521//73
f 7521//73 7108//73 7107//73
f 7521//73 7107//73 7109//73
f 7109//73 7110//73 7521//73
f 7521//73 7110//73 7111//73
f 7521//73 7111//73 7503//73
f 7503//73 7111//73 7586//73
f 7503//73 7586//73 7504//73
f 7504//73 7586//73 7310//73
f 7504//73 7310//73 7309//73
f 7499//73 7532//73 7500//73
f 7500//73 7532//73 7587//73
f 7500//73 7587//73 7535//73
f 7535//73 7587//73 7588//73
f 7535//73 7588//73 7291//73
f 7291//73 7588//73 7589//73
f 7291//73 7589//73 7292//73
f 7292//73 7589//73 7317//73
f 7292//73 7317//73 7293//73
f 7293//73 7317//73 7316//73
f 7293//73 7316//73 7315//73
f 7595//4172 7596//4172 7597//4172
f 7598//4173 7599//4173 7600//4173
f 7600//4174 7599//4174 7601//4174
f 7600//4175 7601//4175 7597//4175
f 7597//4176 7601//4176 7602//4176
f 7597//4172 7602//4172 7595//4172
f 7603//4177 7604//4177 7598//4177
f 7598//4178 7604//4178 7605//4178
f 7598//4173 7605//4173 7599//4173
f 7598//4179 7606//4179 7603//4179
f 7603//4180 7606//4180 7491//4180
f 7603//4180 7491//4180 7493//4180
f 7479//4181 7481//4181 7554//4181
f 7554//4181 7481//4181 7607//4181
f 7554//4182 7607//4182 7552//4182
f 7552//4183 7607//4183 7550//4183
f 7607//4184 7608//4184 7550//4184
f 7550//4185 7608//4185 7609//4185
f 7550//4185 7609//4185 7549//4185
f 7549//4186 7609//4186 7610//4186
f 7549//4186 7610//4186 7547//4186
f 7547//4187 7610//4187 7611//4187
f 7547//4187 7611//4187 7545//4187
f 7596//4188 7612//4188 7597//4188
f 7597//4188 7612//4188 7613//4188
f 7597//4189 7613//4189 7600//4189
f 7600//4189 7613//4189 7614//4189
f 7600//4190 7614//4190 7598//4190
f 7598//4190 7614//4190 7615//4190
f 7598//4191 7615//4191 7606//4191
f 7606//4191 7615//4191 7616//4191
f 7606//4192 7616//4192 7491//4192
f 7491//4192 7616//4192 7489//4192
f 7612//4193 7611//4193 7613//4193
f 7613//4194 7611//4194 7610//4194
f 7613//4195 7610//4195 7614//4195
f 7614//4195 7610//4195 7609//4195
f 7614//4196 7609//4196 7615//4196
f 7615//4196 7609//4196 7608//4196
f 7615//4197 7608//4197 7616//4197
f 7616//4197 7608//4197 7607//4197
f 7616//4198 7607//4198 7489//4198
f 7489//4199 7607//4199 7481//4199
f 7617//4200 7618//4200 7619//4200
f 7619//4201 7618//4201 6930//4201
f 7343//4202 7620//4202 7342//4202
f 7342//4203 7620//4203 7621//4203
f 7342//4204 7621//4204 7341//4204
f 7341//4205 7621//4205 7340//4205
f 7340//4206 7621//4206 7338//4206
f 7338//4207 7621//4207 7622//4207
f 7338//4208 7622//4208 7336//4208
f 7336//4209 7622//4209 7619//4209
f 7336//4210 7619//4210 7335//4210
f 7335//4211 7619//4211 6930//4211
f 7335//4212 6930//4212 6929//4212
f 7440//4213 7436//4213 7623//4213
f 7413//3790 7624//3790 7414//3790
f 7414//4214 7624//4214 7625//4214
f 7414//4215 7625//4215 7415//4215
f 7420//4216 7419//4216 7626//4216
f 7626//4217 7419//4217 7418//4217
f 7626//4218 7418//4218 7627//4218
f 7627//4219 7418//4219 7417//4219
f 7627//4220 7417//4220 7625//4220
f 7625//4221 7417//4221 7416//4221
f 7625//4222 7416//4222 7415//4222
f 7420//4223 7626//4223 7424//4223
f 7424//4224 7626//4224 7628//4224
f 7424//4225 7628//4225 7423//4225
f 7423//4226 7628//4226 7422//4226
f 7422//4227 7628//4227 7629//4227
f 7422//4228 7629//4228 7421//4228
f 7428//4229 7427//4229 7630//4229
f 7630//4230 7427//4230 7426//4230
f 7630//4231 7426//4231 7629//4231
f 7629//4232 7426//4232 7425//4232
f 7629//4233 7425//4233 7421//4233
f 7428//4234 7630//4234 7429//4234
f 7429//4235 7630//4235 7631//4235
f 7429//4236 7631//4236 7430//4236
f 7430//4237 7631//4237 7632//4237
f 7430//4238 7632//4238 7431//4238
f 7436//4239 7435//4239 7623//4239
f 7623//4240 7435//4240 7434//4240
f 7623//4241 7434//4241 7633//4241
f 7633//4242 7434//4242 7433//4242
f 7633//4243 7433//4243 7632//4243
f 7632//4244 7433//4244 7432//4244
f 7632//151 7432//151 7431//151
f 7440//4245 7623//4245 7439//4245
f 7439//2 7623//2 7634//2
f 7439//4246 7634//4246 7438//4246
f 7438//4247 7634//4247 7635//4247
f 7438//4248 7635//4248 7437//4248
f 7444//4249 7443//4249 7636//4249
f 7636//148 7443//148 7442//148
f 7636//4250 7442//4250 7635//4250
f 7635//4251 7442//4251 7441//4251
f 7635//4252 7441//4252 7437//4252
f 7444//4253 7636//4253 7445//4253
f 7445//4254 7636//4254 7637//4254
f 7445//4255 7637//4255 7446//4255
f 7446//4256 7637//4256 7638//4256
f 7446//4257 7638//4257 7447//4257
f 7452//4258 7451//4258 7639//4258
f 7639//4259 7451//4259 7450//4259
f 7639//4260 7450//4260 7640//4260
f 7640//4261 7450//4261 7449//4261
f 7640//4262 7449//4262 7638//4262
f 7638//4263 7449//4263 7448//4263
f 7638//4264 7448//4264 7447//4264
f 7457//4265 7453//4265 7641//4265
f 7641//4266 7453//4266 7454//4266
f 7641//4267 7454//4267 7642//4267
f 7642//4268 7454//4268 7455//4268
f 7642//4269 7455//4269 7639//4269
f 7639//4270 7455//4270 7456//4270
f 7639//4271 7456//4271 7452//4271
f 7457//4272 7641//4272 7460//4272
f 7460//4273 7641//4273 7643//4273
f 7460//4274 7643//4274 7459//4274
f 7620//4275 7343//4275 7643//4275
f 7643//4276 7343//4276 7458//4276
f 7643//4277 7458//4277 7459//4277
f 7644//4278 7645//4278 6898//4278
f 6898//4279 7645//4279 7646//4279
f 6898//4280 7646//4280 6899//4280
f 6899//4281 7646//4281 7470//4281
f 7624//3793 7413//3793 7462//3793
f 7470//4282 7646//4282 7469//4282
f 7469//4283 7646//4283 7647//4283
f 7469//3798 7647//3798 7467//3798
f 7624//4284 7462//4284 7648//4284
f 7648//3795 7462//3795 7463//3795
f 7648//4285 7463//4285 7647//4285
f 7647//4286 7463//4286 7465//4286
f 7647//1790 7465//1790 7467//1790
f 6926//4287 6930//4287 7618//4287
f 6898//4288 6895//4288 7644//4288
f 7644//1 6895//1 6902//1
f 7644//1 6902//1 7645//1
f 7645//1 6902//1 6903//1
f 7645//1 6903//1 7617//1
f 7617//1 6903//1 6921//1
f 7617//1 6921//1 7618//1
f 7618//1 6921//1 6920//1
f 7618//1 6920//1 6926//1
f 7492//4289 7490//4289 7649//4289
f 7650//4290 7651//4290 7652//4290
f 7652//4291 7651//4291 7653//4291
f 7652//4292 7653//4292 7649//4292
f 7649//4293 7653//4293 7654//4293
f 7649//4289 7654//4289 7492//4289
f 7655//4294 7656//4294 7650//4294
f 7650//4295 7656//4295 7657//4295
f 7650//4290 7657//4290 7651//4290
f 7650//4296 7658//4296 7655//4296
f 7655//4297 7658//4297 7659//4297
f 7655//4297 7659//4297 7660//4297
f 7506//4298 7505//4298 7661//4298
f 7661//4298 7662//4298 7506//4298
f 7506//4299 7662//4299 7663//4299
f 7506//4299 7663//4299 7508//4299
f 7508//4300 7663//4300 7664//4300
f 7508//4300 7664//4300 7560//4300
f 7560//4301 7664//4301 7559//4301
f 7559//4302 7664//4302 7665//4302
f 7559//4303 7665//4303 7555//4303
f 7555//4304 7665//4304 7557//4304
f 7557//4305 7665//4305 7485//4305
f 7557//4305 7485//4305 7487//4305
f 7490//4306 7488//4306 7649//4306
f 7649//4306 7488//4306 7666//4306
f 7649//4307 7666//4307 7652//4307
f 7652//4307 7666//4307 7667//4307
f 7652//4308 7667//4308 7650//4308
f 7650//4308 7667//4308 7668//4308
f 7650//4309 7668//4309 7658//4309
f 7658//4309 7668//4309 7669//4309
f 7658//4310 7669//4310 7659//4310
f 7659//4310 7669//4310 7670//4310
f 7488//4311 7485//4311 7666//4311
f 7666//4311 7485//4311 7665//4311
f 7666//4312 7665//4312 7667//4312
f 7667//4312 7665//4312 7664//4312
f 7667//4313 7664//4313 7668//4313
f 7668//4313 7664//4313 7663//4313
f 7668//4314 7663//4314 7669//4314
f 7669//4314 7663//4314 7662//4314
f 7669//4315 7662//4315 7670//4315
f 7670//4315 7662//4315 7661//4315
f 7493//4316 7492//4316 7671//4316
f 7671//4316 7492//4316 7672//4316
f 7673//4317 7661//4317 7505//4317
f 7660//4318 7659//4318 7674//4318
f 7674//4318 7659//4318 7675//4318
f 7674//4319 7675//4319 7676//4319
f 7676//4320 7675//4320 7677//4320
f 7676//4321 7677//4321 7678//4321
f 7678//4322 7677//4322 7679//4322
f 7680//4323 7681//4323 7679//4323
f 7679//4324 7681//4324 7682//4324
f 7679//4322 7682//4322 7678//4322
f 7683//4325 7684//4325 7685//4325
f 7685//4326 7684//4326 7686//4326
f 7685//4326 7686//4326 7687//4326
f 7687//4327 7686//4327 7688//4327
f 7687//4328 7688//4328 7680//4328
f 7680//4329 7688//4329 7689//4329
f 7680//4330 7689//4330 7681//4330
f 7683//4331 7685//4331 7690//4331
f 7690//4332 7685//4332 7691//4332
f 7690//4333 7691//4333 7692//4333
f 7692//4334 7691//4334 7693//4334
f 7692//4335 7693//4335 7694//4335
f 7694//4336 7693//4336 7695//4336
f 7695//4337 7693//4337 7696//4337
f 7695//4338 7696//4338 7697//4338
f 7697//4339 7696//4339 7698//4339
f 7697//4339 7698//4339 7699//4339
f 7699//4340 7698//4340 7700//4340
f 7700//4341 7698//4341 7701//4341
f 7700//4342 7701//4342 7702//4342
f 7702//4343 7701//4343 7703//4343
f 7703//4344 7701//4344 7704//4344
f 7703//4345 7704//4345 7705//4345
f 7705//4346 7704//4346 7706//4346
f 7705//4346 7706//4346 7707//4346
f 7708//4347 7709//4347 7710//4347
f 7710//4348 7709//4348 7711//4348
f 7710//4349 7711//4349 7706//4349
f 7706//4350 7711//4350 7712//4350
f 7706//4351 7712//4351 7707//4351
f 7713//4352 7714//4352 7715//4352
f 7715//4353 7714//4353 7716//4353
f 7715//4354 7716//4354 7708//4354
f 7708//4355 7716//4355 7717//4355
f 7708//4356 7717//4356 7709//4356
f 7718//4357 7719//4357 7713//4357
f 7713//4358 7719//4358 7720//4358
f 7713//4352 7720//4352 7714//4352
f 7721//4359 7722//4359 7723//4359
f 7723//4360 7722//4360 7724//4360
f 7723//4360 7724//4360 7725//4360
f 7725//4361 7724//4361 7726//4361
f 7725//4362 7726//4362 7718//4362
f 7718//4363 7726//4363 7727//4363
f 7718//4364 7727//4364 7719//4364
f 7721//4365 7723//4365 7728//4365
f 7728//4366 7723//4366 7729//4366
f 7728//4367 7729//4367 7730//4367
f 7730//4368 7729//4368 7731//4368
f 7730//4369 7731//4369 7732//4369
f 7732//4370 7731//4370 7733//4370
f 7733//4371 7731//4371 7734//4371
f 7733//4372 7734//4372 7735//4372
f 7735//4373 7734//4373 7736//4373
f 7735//4373 7736//4373 7737//4373
f 7737//4374 7736//4374 7738//4374
f 7738//4375 7736//4375 7739//4375
f 7738//4376 7739//4376 7740//4376
f 7740//4377 7739//4377 7741//4377
f 7741//4378 7739//4378 7742//4378
f 7741//4379 7742//4379 7743//4379
f 7743//4380 7742//4380 7744//4380
f 7743//4380 7744//4380 7745//4380
f 7745//4381 7744//4381 7746//4381
f 7746//4382 7744//4382 7747//4382
f 7746//4383 7747//4383 7748//4383
f 7748//4384 7747//4384 7596//4384
f 7748//4384 7596//4384 7595//4384
f 7563//4385 7545//4385 7611//4385
f 7543//4386 7564//4386 7749//4386
f 7749//4387 7564//4387 7563//4387
f 7749//4387 7563//4387 7750//4387
f 7750//4385 7563//4385 7611//4385
f 7751//4388 7538//4388 7752//4388
f 7752//4389 7538//4389 7497//4389
f 7752//4389 7497//4389 7753//4389
f 7753//4390 7497//4390 7496//4390
f 7753//4390 7496//4390 7754//4390
f 7754//4391 7496//4391 7541//4391
f 7754//4391 7541//4391 7755//4391
f 7755//4392 7541//4392 7540//4392
f 7755//4392 7540//4392 7756//4392
f 7756//4393 7540//4393 7539//4393
f 7756//4394 7539//4394 7749//4394
f 7749//4395 7539//4395 7544//4395
f 7749//4396 7544//4396 7543//4396
f 7757//4397 7533//4397 7751//4397
f 7751//4398 7533//4398 7536//4398
f 7751//4388 7536//4388 7538//4388
f 7758//4399 7529//4399 7759//4399
f 7759//4400 7529//4400 7530//4400
f 7759//4400 7530//4400 7760//4400
f 7760//4401 7530//4401 7531//4401
f 7760//4401 7531//4401 7761//4401
f 7761//4402 7531//4402 7532//4402
f 7761//4402 7532//4402 7762//4402
f 7762//4403 7532//4403 7499//4403
f 7762//4403 7499//4403 7757//4403
f 7757//4404 7499//4404 7501//4404
f 7757//4405 7501//4405 7533//4405
f 7763//4406 7504//4406 7764//4406
f 7764//4407 7504//4407 7522//4407
f 7764//4407 7522//4407 7765//4407
f 7765//4408 7522//4408 7523//4408
f 7765//4408 7523//4408 7766//4408
f 7766//4409 7523//4409 7524//4409
f 7766//4409 7524//4409 7767//4409
f 7767//4410 7524//4410 7525//4410
f 7767//4410 7525//4410 7768//4410
f 7768//4411 7525//4411 7526//4411
f 7768//4412 7526//4412 7758//4412
f 7758//4413 7526//4413 7528//4413
f 7758//4399 7528//4399 7529//4399
f 7769//4414 7577//4414 7770//4414
f 7770//4415 7577//4415 7578//4415
f 7770//4415 7578//4415 7771//4415
f 7771//4416 7578//4416 7520//4416
f 7771//4416 7520//4416 7772//4416
f 7772//4417 7520//4417 7519//4417
f 7772//4417 7519//4417 7773//4417
f 7773//4418 7519//4418 7517//4418
f 7773//4418 7517//4418 7774//4418
f 7774//4419 7517//4419 7516//4419
f 7774//4420 7516//4420 7763//4420
f 7763//4421 7516//4421 7502//4421
f 7763//4406 7502//4406 7504//4406
f 7775//4422 7515//4422 7769//4422
f 7769//4423 7515//4423 7576//4423
f 7769//4414 7576//4414 7577//4414
f 7505//4317 7512//4317 7673//4317
f 7673//4424 7512//4424 7511//4424
f 7673//4424 7511//4424 7775//4424
f 7775//4425 7511//4425 7510//4425
f 7775//4426 7510//4426 7515//4426
f 7659//4427 7670//4427 7675//4427
f 7675//4427 7670//4427 7776//4427
f 7675//4428 7776//4428 7677//4428
f 7677//4428 7776//4428 7777//4428
f 7677//4429 7777//4429 7679//4429
f 7679//4429 7777//4429 7778//4429
f 7679//4430 7778//4430 7680//4430
f 7680//4430 7778//4430 7779//4430
f 7680//4431 7779//4431 7687//4431
f 7687//4431 7779//4431 7780//4431
f 7687//4432 7780//4432 7685//4432
f 7685//4432 7780//4432 7781//4432
f 7685//4433 7781//4433 7691//4433
f 7691//4433 7781//4433 7782//4433
f 7691//4434 7782//4434 7693//4434
f 7693//4434 7782//4434 7783//4434
f 7693//4435 7783//4435 7696//4435
f 7696//4435 7783//4435 7784//4435
f 7696//4436 7784//4436 7698//4436
f 7698//4436 7784//4436 7785//4436
f 7698//4437 7785//4437 7701//4437
f 7701//4437 7785//4437 7786//4437
f 7701//4438 7786//4438 7704//4438
f 7704//4438 7786//4438 7787//4438
f 7704//4439 7787//4439 7706//4439
f 7706//4439 7787//4439 7788//4439
f 7706//4440 7788//4440 7710//4440
f 7710//4440 7788//4440 7789//4440
f 7710//4441 7789//4441 7708//4441
f 7708//4441 7789//4441 7790//4441
f 7708//4442 7790//4442 7715//4442
f 7715//4442 7790//4442 7791//4442
f 7715//4443 7791//4443 7713//4443
f 7713//4443 7791//4443 7792//4443
f 7713//4444 7792//4444 7718//4444
f 7718//4444 7792//4444 7793//4444
f 7718//4445 7793//4445 7725//4445
f 7725//4445 7793//4445 7794//4445
f 7725//4446 7794//4446 7723//4446
f 7723//4446 7794//4446 7795//4446
f 7723//4447 7795//4447 7729//4447
f 7729//4447 7795//4447 7796//4447
f 7729//4448 7796//4448 7731//4448
f 7731//4448 7796//4448 7797//4448
f 7731//4449 7797//4449 7734//4449
f 7734//4449 7797//4449 7798//4449
f 7734//4450 7798//4450 7736//4450
f 7736//4450 7798//4450 7799//4450
f 7736//4451 7799//4451 7739//4451
f 7739//4451 7799//4451 7800//4451
f 7739//4452 7800//4452 7742//4452
f 7742//4452 7800//4452 7801//4452
f 7742//4453 7801//4453 7744//4453
f 7744//4453 7801//4453 7802//4453
f 7744//4454 7802//4454 7747//4454
f 7747//4454 7802//4454 7803//4454
f 7747//4455 7803//4455 7596//4455
f 7596//4455 7803//4455 7612//4455
f 7670//4456 7661//4456 7776//4456
f 7776//4456 7661//4456 7673//4456
f 7776//4457 7673//4457 7777//4457
f 7777//4457 7673//4457 7775//4457
f 7777//4458 7775//4458 7778//4458
f 7778//4458 7775//4458 7769//4458
f 7778//4459 7769//4459 7779//4459
f 7779//4459 7769//4459 7770//4459
f 7779//4460 7770//4460 7780//4460
f 7780//4460 7770//4460 7771//4460
f 7780//4461 7771//4461 7781//4461
f 7781//4461 7771//4461 7772//4461
f 7781//4462 7772//4462 7782//4462
f 7782//4462 7772//4462 7773//4462
f 7782//4463 7773//4463 7783//4463
f 7783//4463 7773//4463 7774//4463
f 7783//4464 7774//4464 7784//4464
f 7784//4464 7774//4464 7763//4464
f 7784//4465 7763//4465 7785//4465
f 7785//4465 7763//4465 7764//4465
f 7785//4466 7764//4466 7786//4466
f 7786//4466 7764//4466 7765//4466
f 7786//4467 7765//4467 7787//4467
f 7787//4467 7765//4467 7766//4467
f 7787//4468 7766//4468 7788//4468
f 7788//4468 7766//4468 7767//4468
f 7788//4469 7767//4469 7789//4469
f 7789//4469 7767//4469 7768//4469
f 7789//4470 7768//4470 7790//4470
f 7790//4470 7768//4470 7758//4470
f 7790//4471 7758//4471 7791//4471
f 7791//4471 7758//4471 7759//4471
f 7791//4472 7759//4472 7792//4472
f 7792//4472 7759//4472 7760//4472
f 7792//4473 7760//4473 7793//4473
f 7793//4473 7760//4473 7761//4473
f 7793//4474 7761//4474 7794//4474
f 7794//4474 7761//4474 7762//4474
f 7794//4475 7762//4475 7795//4475
f 7795//4475 7762//4475 7757//4475
f 7795//4476 7757//4476 7796//4476
f 7796//4476 7757//4476 7751//4476
f 7796//4477 7751//4477 7797//4477
f 7797//4477 7751//4477 7752//4477
f 7797//4478 7752//4478 7798//4478
f 7798//4478 7752//4478 7753//4478
f 7798//4479 7753//4479 7799//4479
f 7799//4479 7753//4479 7754//4479
f 7799//4480 7754//4480 7800//4480
f 7800//4480 7754//4480 7755//4480
f 7800//4481 7755//4481 7801//4481
f 7801//4481 7755//4481 7756//4481
f 7801//4482 7756//4482 7802//4482
f 7802//4482 7756//4482 7749//4482
f 7802//4483 7749//4483 7803//4483
f 7803//4483 7749//4483 7750//4483
f 7803//4484 7750//4484 7612//4484
f 7612//4484 7750//4484 7611//4484
f 7493//4485 7671//4485 7603//4485
f 7603//4486 7671//4486 7804//4486
f 7603//4487 7804//4487 7604//4487
f 7805//4488 7601//4488 7599//4488
f 7805//4489 7599//4489 7804//4489
f 7804//4489 7599//4489 7605//4489
f 7804//4490 7605//4490 7604//4490
f 7806//4491 7595//4491 7805//4491
f 7805//4492 7595//4492 7602//4492
f 7805//4493 7602//4493 7601//4493
f 7807//73 7623//73 7808//73
f 7808//73 7623//73 7633//73
f 7808//73 7633//73 7809//73
f 7809//73 7633//73 7632//73
f 7809//73 7632//73 7810//73
f 7810//73 7632//73 7631//73
f 7810//73 7631//73 7811//73
f 7811//73 7631//73 7630//73
f 7811//73 7630//73 7812//73
f 7812//73 7630//73 7629//73
f 7812//73 7629//73 7813//73
f 7813//73 7629//73 7628//73
f 7813//73 7628//73 7814//73
f 7814//73 7628//73 7626//73
f 7814//73 7626//73 7815//73
f 7815//73 7626//73 7627//73
f 7815//73 7627//73 7816//73
f 7816//73 7627//73 7625//73
f 7816//73 7625//73 7817//73
f 7817//73 7625//73 7624//73
f 7817//73 7624//73 7818//73
f 7818//73 7624//73 7648//73
f 7818//73 7648//73 7819//73
f 7648//73 7647//73 7819//73
f 7819//73 7647//73 7646//73
f 7819//73 7646//73 7672//73
f 7672//73 7646//73 7645//73
f 7672//73 7645//73 7671//73
f 7671//73 7645//73 7617//73
f 7671//73 7617//73 7804//73
f 7804//73 7617//73 7619//73
f 7804//73 7619//73 7805//73
f 7619//73 7622//73 7805//73
f 7805//73 7622//73 7621//73
f 7805//73 7621//73 7806//73
f 7806//73 7621//73 7620//73
f 7806//73 7620//73 7820//73
f 7820//73 7620//73 7643//73
f 7820//73 7643//73 7821//73
f 7821//73 7643//73 7641//73
f 7821//73 7641//73 7822//73
f 7822//73 7641//73 7642//73
f 7822//73 7642//73 7823//73
f 7823//73 7642//73 7639//73
f 7823//73 7639//73 7824//73
f 7824//73 7639//73 7640//73
f 7824//73 7640//73 7825//73
f 7825//73 7640//73 7638//73
f 7825//73 7638//73 7826//73
f 7826//73 7638//73 7637//73
f 7826//73 7637//73 7827//73
f 7827//73 7637//73 7636//73
f 7827//73 7636//73 7828//73
f 7828//73 7636//73 7635//73
f 7828//73 7635//73 7807//73
f 7807//73 7635//73 7634//73
f 7807//73 7634//73 7623//73
f 7660//4494 7817//4494 7655//4494
f 7655//4495 7817//4495 7818//4495
f 7655//4496 7818//4496 7656//4496
f 7656//4497 7818//4497 7657//4497
f 7657//4498 7818//4498 7651//4498
f 7651//4498 7818//4498 7819//4498
f 7651//4499 7819//4499 7653//4499
f 7672//4500 7492//4500 7819//4500
f 7819//4501 7492//4501 7654//4501
f 7819//4502 7654//4502 7653//4502
f 7682//4503 7681//4503 7815//4503
f 7699//4504 7700//4504 7810//4504
f 7820//4505 7821//4505 7743//4505
f 7743//4506 7745//4506 7820//4506
f 7820//4507 7745//4507 7746//4507
f 7820//4508 7746//4508 7806//4508
f 7806//4509 7746//4509 7748//4509
f 7806//4510 7748//4510 7595//4510
f 7737//4511 7738//4511 7822//4511
f 7822//4512 7738//4512 7740//4512
f 7822//4513 7740//4513 7821//4513
f 7821//4514 7740//4514 7741//4514
f 7821//4515 7741//4515 7743//4515
f 7737//4516 7822//4516 7735//4516
f 7735//4517 7822//4517 7823//4517
f 7735//4518 7823//4518 7733//4518
f 7733//4519 7823//4519 7732//4519
f 7732//4520 7823//4520 7824//4520
f 7732//4521 7824//4521 7730//4521
f 7825//4522 7826//4522 7724//4522
f 7724//4523 7722//4523 7825//4523
f 7825//4524 7722//4524 7721//4524
f 7825//4525 7721//4525 7824//4525
f 7824//4526 7721//4526 7728//4526
f 7824//4527 7728//4527 7730//4527
f 7720//4528 7719//4528 7827//4528
f 7827//4529 7719//4529 7727//4529
f 7827//4530 7727//4530 7826//4530
f 7826//4531 7727//4531 7726//4531
f 7826//4532 7726//4532 7724//4532
f 7720//4533 7827//4533 7714//4533
f 7714//4534 7827//4534 7828//4534
f 7714//4535 7828//4535 7716//4535
f 7716//4536 7828//4536 7717//4536
f 7717//4537 7828//4537 7807//4537
f 7717//4538 7807//4538 7709//4538
f 7809//4539 7703//4539 7705//4539
f 7809//4540 7705//4540 7808//4540
f 7705//4541 7707//4541 7808//4541
f 7808//4542 7707//4542 7712//4542
f 7808//4543 7712//4543 7807//4543
f 7807//4544 7712//4544 7711//4544
f 7807//4545 7711//4545 7709//4545
f 7810//4546 7700//4546 7809//4546
f 7809//4547 7700//4547 7702//4547
f 7809//4548 7702//4548 7703//4548
f 7699//4549 7810//4549 7697//4549
f 7697//4550 7810//4550 7811//4550
f 7697//4551 7811//4551 7695//4551
f 7695//4552 7811//4552 7694//4552
f 7694//4553 7811//4553 7812//4553
f 7694//4554 7812//4554 7692//4554
f 7814//4555 7688//4555 7686//4555
f 7814//4556 7686//4556 7813//4556
f 7686//4557 7684//4557 7813//4557
f 7813//4558 7684//4558 7683//4558
f 7813//4559 7683//4559 7812//4559
f 7812//4560 7683//4560 7690//4560
f 7812//4561 7690//4561 7692//4561
f 7815//4562 7681//4562 7814//4562
f 7814//4563 7681//4563 7689//4563
f 7814//4564 7689//4564 7688//4564
f 7682//4565 7815//4565 7678//4565
f 7678//4566 7815//4566 7816//4566
f 7678//4567 7816//4567 7676//4567
f 7676//4568 7816//4568 7674//4568
f 7674//4569 7816//4569 7817//4569
f 7674//4570 7817//4570 7660//4570
