# Blender 4.2.3 LTS
# www.blender.org
mtllib ee_link.mtl
o ee_link
v 0.004894 0.028542 0.002794
v 0.008406 0.027712 0.002794
v 0.009647 0.027305 0.002032
v 0.009647 0.027305 0.002794
v 0.011082 0.026754 0.002032
v 0.011082 0.026754 0.002794
v 0.014123 0.025281 0.002032
v 0.014123 0.025281 0.002794
v 0.016089 0.024078 0.002032
v 0.016089 0.024078 0.002794
v 0.018192 0.022531 0.002032
v 0.018192 0.022531 0.002794
v 0.020477 0.020477 0.002032
v 0.020477 0.020477 0.002794
v 0.021739 0.019132 0.002032
v 0.021739 0.019132 0.002794
v 0.022385 0.018371 0.002032
v 0.024659 0.015183 0.002032
v 0.024078 0.016089 0.002794
v 0.024659 0.015183 0.002794
v 0.025539 0.013651 0.002032
v 0.025539 0.013651 0.002794
v 0.026871 0.010797 0.002032
v 0.026871 0.010797 0.002794
v 0.027712 0.008406 0.002032
v 0.027712 0.008406 0.002794
v 0.028309 0.006101 0.002032
v 0.028309 0.006101 0.002794
v 0.028819 0.002838 0.002032
v 0.028819 0.002838 0.002794
v 0.028933 0.001229 0.002032
v 0.028933 0.001229 0.002794
v 0.028959 -0.000000 0.002032
v 0.028724 -0.003678 0.002032
v 0.028819 -0.002838 0.002794
v 0.028724 -0.003678 0.002794
v 0.028402 -0.005650 0.002032
v 0.028402 -0.005650 0.002794
v 0.027689 -0.008480 0.002032
v 0.027689 -0.008480 0.002794
v 0.026754 -0.011082 0.002032
v 0.026754 -0.011082 0.002794
v 0.025858 -0.013037 0.002032
v 0.025858 -0.013037 0.002794
v 0.025539 -0.013651 0.002032
v 0.023283 -0.017220 0.002032
v 0.024078 -0.016089 0.002794
v 0.023283 -0.017220 0.002794
v 0.022385 -0.018371 0.002032
v 0.022385 -0.018371 0.002794
v 0.020038 -0.020907 0.002032
v 0.020038 -0.020907 0.002794
v 0.018371 -0.022385 0.002032
v 0.018371 -0.022385 0.002794
v 0.016216 -0.023993 0.002032
v 0.016216 -0.023993 0.002794
v 0.013651 -0.025539 0.002032
v 0.013651 -0.025539 0.002794
v 0.011928 -0.026388 0.002032
v 0.011928 -0.026388 0.002794
v 0.011082 -0.026754 0.002032
v 0.007297 -0.028024 0.002032
v 0.008407 -0.027712 0.002794
v 0.007297 -0.028024 0.002794
v 0.005650 -0.028402 0.002032
v 0.005650 -0.028402 0.002794
v 0.002456 -0.028854 0.002032
v 0.002456 -0.028854 0.002794
v 0.000000 -0.028959 0.002032
v 0.000000 -0.028959 0.002794
v -0.002456 -0.028854 0.002032
v -0.002456 -0.028854 0.002794
v -0.005650 -0.028402 0.002032
v -0.005650 -0.028402 0.002794
v -0.007297 -0.028024 0.002032
v -0.007297 -0.028024 0.002794
v -0.008407 -0.027712 0.002032
v -0.008407 -0.027712 0.002794
v -0.011928 -0.026388 0.002032
v -0.011082 -0.026754 0.002794
v -0.011928 -0.026388 0.002794
v -0.013651 -0.025539 0.002032
v -0.013651 -0.025539 0.002794
v -0.016216 -0.023993 0.002032
v -0.016216 -0.023993 0.002794
v -0.018371 -0.022385 0.002032
v -0.018371 -0.022385 0.002794
v -0.020038 -0.020907 0.002032
v -0.020038 -0.020907 0.002794
v -0.022385 -0.018371 0.002032
v -0.022385 -0.018371 0.002794
v -0.023283 -0.017220 0.002032
v -0.023283 -0.017220 0.002794
v -0.024078 -0.016089 0.002032
v -0.025858 -0.013037 0.002032
v -0.025539 -0.013651 0.002794
v -0.025858 -0.013037 0.002794
v -0.026754 -0.011082 0.002032
v -0.026754 -0.011082 0.002794
v -0.027689 -0.008480 0.002032
v -0.027689 -0.008480 0.002794
v -0.028402 -0.005650 0.002032
v -0.028402 -0.005650 0.002794
v -0.028724 -0.003678 0.002032
v -0.028724 -0.003678 0.002794
v -0.028819 -0.002838 0.002032
v -0.028933 0.001229 0.002032
v -0.028959 -0.000000 0.002794
v -0.028933 0.001229 0.002794
v -0.028819 0.002838 0.002032
v -0.028819 0.002838 0.002794
v -0.028309 0.006101 0.002032
v -0.028309 0.006101 0.002794
v -0.027712 0.008406 0.002032
v -0.027712 0.008406 0.002794
v -0.026871 0.010797 0.002032
v -0.026871 0.010797 0.002794
v -0.025539 0.013651 0.002032
v -0.025539 0.013651 0.002794
v -0.024659 0.015183 0.002032
v -0.024659 0.015183 0.002794
v -0.024078 0.016089 0.002032
v -0.021739 0.019132 0.002032
v -0.022385 0.018371 0.002794
v -0.021739 0.019132 0.002794
v -0.020477 0.020477 0.002032
v -0.020477 0.020477 0.002794
v -0.018192 0.022531 0.002032
v -0.018192 0.022531 0.002794
v -0.016089 0.024078 0.002032
v -0.016089 0.024078 0.002794
v -0.014123 0.025281 0.002032
v -0.014123 0.025281 0.002794
v -0.011082 0.026754 0.002032
v -0.011082 0.026754 0.002794
v -0.009647 0.027305 0.002032
v -0.009647 0.027305 0.002794
v -0.008406 0.027712 0.002032
v -0.004894 0.028542 0.002032
v -0.005650 0.028402 0.002794
v -0.004894 0.028542 0.002794
v -0.002838 0.028819 0.002032
v -0.002838 0.028819 0.002794
v 0.000000 0.028959 0.002032
v -0.000000 0.028959 0.002794
v 0.002838 0.028819 0.002032
v 0.002838 0.028819 0.002794
v 0.004894 0.028542 0.002032
v 0.005650 0.028402 0.002032
v 0.014477 0.024114 0.001778
v 0.010915 0.025923 0.001778
v 0.010985 0.026520 0.001778
v 0.001052 -0.028685 0.001778
v 0.000000 -0.028705 0.001778
v 0.000000 -0.028128 0.001778
v 0.003245 0.027938 0.001778
v 0.001586 0.028660 0.001778
v 0.005565 0.028158 0.001778
v -0.004346 -0.027788 0.001778
v -0.002757 -0.027991 0.001778
v -0.002813 -0.028566 0.001778
v -0.000593 -0.028121 0.001778
v 0.002813 -0.028566 0.001778
v 0.002757 -0.027991 0.001778
v 0.004839 -0.028292 0.001778
v -0.010236 0.026818 0.001778
v -0.010764 0.025986 0.001778
v -0.012254 0.025317 0.001778
v -0.003999 -0.028423 0.001778
v -0.005600 -0.028151 0.001778
v -0.008215 -0.026900 0.001778
v -0.007927 -0.027587 0.001778
v -0.011936 -0.025469 0.001778
v 0.009454 0.027103 0.001778
v 0.007150 0.027202 0.001778
v 0.005487 0.027585 0.001778
v -0.008545 0.026797 0.001778
v -0.008332 0.027468 0.001778
v -0.004675 0.027735 0.001778
v -0.006398 0.027981 0.001778
v -0.002422 0.028602 0.001778
v 0.003959 -0.027846 0.001778
v 0.005487 -0.027585 0.001778
v 0.008736 -0.027342 0.001778
v 0.007845 -0.027010 0.001778
v 0.010985 -0.026520 0.001778
v 0.011594 -0.025627 0.001778
v 0.012479 -0.025850 0.001778
v 0.013259 -0.024805 0.001778
v 0.015975 -0.023846 0.001778
v 0.015086 -0.023738 0.001778
v 0.019144 -0.021388 0.001778
v 0.018289 -0.021369 0.001778
v 0.020297 -0.020297 0.001778
v 0.019889 -0.019889 0.001778
v 0.021937 -0.018511 0.001778
v 0.021114 -0.018583 0.001778
v 0.024309 -0.015262 0.001778
v 0.023520 -0.015423 0.001778
v 0.025315 -0.013531 0.001778
v 0.024805 -0.013259 0.001778
v 0.026201 -0.011725 0.001778
v 0.025467 -0.011941 0.001778
v 0.027585 -0.007933 0.001778
v 0.026899 -0.008220 0.001778
v 0.028151 -0.005600 0.001778
v 0.027787 -0.004351 0.001778
v 0.028422 -0.004005 0.001778
v 0.027991 -0.002757 0.001778
v 0.028705 -0.000000 0.001778
v 0.013156 0.025511 0.001778
v 0.016584 0.023427 0.001778
v 0.017729 0.021836 0.001778
v 0.018210 0.022188 0.001778
v 0.020624 0.019126 0.001778
v 0.019705 0.020873 0.001778
v 0.021970 0.018472 0.001778
v 0.000000 0.028705 0.001778
v -0.000723 0.028118 0.001778
v -0.002757 0.027991 0.001778
v 0.028125 -0.000371 0.001778
v 0.028105 0.001111 0.001778
v 0.028428 0.003965 0.001778
v 0.027991 0.002757 0.001778
v 0.028151 0.005600 0.001778
v 0.027669 0.005050 0.001778
v 0.027598 0.007889 0.001778
v 0.026678 0.008910 0.001778
v 0.026225 0.011670 0.001778
v 0.025986 0.010764 0.001778
v 0.025315 0.013531 0.001778
v 0.025149 0.012596 0.001778
v 0.024329 0.015231 0.001778
v 0.023122 0.016013 0.001778
v 0.021742 0.017843 0.001778
v -0.010985 -0.026520 0.001778
v -0.011719 -0.026203 0.001778
v -0.013259 -0.024805 0.001778
v -0.013531 -0.025315 0.001778
v -0.015419 -0.023522 0.001778
v -0.015256 -0.024313 0.001778
v -0.018579 -0.021117 0.001778
v -0.018507 -0.021941 0.001778
v -0.019889 -0.019889 0.001778
v -0.020297 -0.020297 0.001778
v -0.021366 -0.018293 0.001778
v -0.021384 -0.019149 0.001778
v -0.023735 -0.015090 0.001778
v -0.023843 -0.015980 0.001778
v -0.024805 -0.013259 0.001778
v -0.025847 -0.012485 0.001778
v -0.025625 -0.011598 0.001778
v -0.026520 -0.010985 0.001778
v -0.027009 -0.007850 0.001778
v -0.027340 -0.008742 0.001778
v -0.027585 -0.005487 0.001778
v -0.028291 -0.004845 0.001778
v -0.027845 -0.003964 0.001778
v -0.028566 -0.002813 0.001778
v -0.028128 -0.000000 0.001778
v -0.028693 -0.000832 0.001778
v -0.027892 0.003625 0.001778
v -0.028596 0.002492 0.001778
v -0.027585 0.005487 0.001778
v -0.027969 0.006451 0.001778
v -0.027103 0.007517 0.001778
v -0.027468 0.008332 0.001778
v -0.025772 0.011268 0.001778
v -0.026790 0.010309 0.001778
v -0.024805 0.013259 0.001778
v -0.025084 0.013952 0.001778
v -0.023914 0.014804 0.001778
v -0.023866 0.015946 0.001778
v -0.021592 0.018025 0.001778
v -0.022894 0.017313 0.001778
v -0.019889 0.019889 0.001778
v -0.020297 0.020297 0.001778
v -0.018841 0.020884 0.001778
v -0.017265 0.022930 0.001778
v -0.015696 0.023338 0.001778
v -0.015946 0.023866 0.001778
v -0.013896 0.025115 0.001778
v -0.005565 0.028158 0.003048
v -0.001052 -0.028685 0.003048
v 0.000000 -0.028705 0.003048
v 0.002813 -0.028566 0.003048
v 0.003999 -0.028423 0.003048
v -0.001586 0.028660 0.003048
v 0.023866 0.015946 0.003048
v 0.005600 -0.028151 0.003048
v 0.007927 -0.027587 0.003048
v 0.022894 0.017313 0.003048
v 0.020297 0.020297 0.003048
v 0.017265 0.022930 0.003048
v 0.015946 0.023866 0.003048
v 0.013896 0.025115 0.003048
v 0.010236 0.026818 0.003048
v 0.008332 0.027468 0.003048
v 0.006398 0.027981 0.003048
v -0.002813 -0.028566 0.003048
v -0.009454 0.027103 0.003048
v -0.010985 0.026520 0.003048
v -0.018210 0.022188 0.003048
v -0.019705 0.020873 0.003048
v 0.002422 0.028602 0.003048
v 0.000000 0.028705 0.003048
v -0.013156 0.025511 0.003048
v -0.016584 0.023427 0.003048
v -0.025315 0.013531 0.003048
v -0.026225 0.011670 0.003048
v -0.027598 0.007889 0.003048
v -0.028151 0.005600 0.003048
v -0.028428 0.003965 0.003048
v -0.028705 -0.000000 0.003048
v -0.028422 -0.004005 0.003048
v -0.028151 -0.005600 0.003048
v -0.027585 -0.007933 0.003048
v -0.026201 -0.011725 0.003048
v -0.025315 -0.013531 0.003048
v -0.024309 -0.015262 0.003048
v 0.015256 -0.024313 0.003048
v 0.018507 -0.021941 0.003048
v 0.028566 -0.002813 0.003048
v 0.020297 -0.020297 0.003048
v 0.028291 -0.004845 0.003048
v 0.028596 0.002492 0.003048
v 0.027969 0.006451 0.003048
v 0.013531 -0.025315 0.003048
v 0.027468 0.008332 0.003048
v 0.026790 0.010309 0.003048
v 0.011719 -0.026203 0.003048
v 0.025084 0.013952 0.003048
v -0.021970 0.018472 0.003048
v -0.024329 0.015231 0.003048
v -0.021937 -0.018511 0.003048
v -0.020297 -0.020297 0.003048
v -0.004839 -0.028292 0.003048
v 0.023843 -0.015980 0.003048
v 0.025847 -0.012485 0.003048
v 0.021384 -0.019149 0.003048
v 0.026520 -0.010985 0.003048
v 0.027340 -0.008742 0.003048
v 0.028693 -0.000832 0.003048
v -0.015975 -0.023846 0.003048
v -0.012479 -0.025850 0.003048
v -0.019144 -0.021388 0.003048
v -0.010985 -0.026520 0.003048
v -0.008736 -0.027342 0.003048
v 0.004711 0.027473 0.001524
v 0.008091 0.026673 0.001524
v 0.009286 0.026281 0.000254
v 0.009286 0.026281 0.001524
v 0.010667 0.025752 0.000254
v 0.010667 0.025752 0.001524
v 0.013594 0.024334 0.000254
v 0.013594 0.024334 0.001524
v 0.015486 0.023176 0.000254
v 0.015486 0.023176 0.001524
v 0.017511 0.021687 0.000254
v 0.017511 0.021687 0.001524
v 0.019710 0.019710 0.000254
v 0.019710 0.019710 0.001524
v 0.020924 0.018415 0.000254
v 0.020924 0.018415 0.001524
v 0.021546 0.017683 0.000254
v 0.023735 0.014614 0.000254
v 0.023176 0.015486 0.001524
v 0.023735 0.014614 0.001524
v 0.024582 0.013139 0.000254
v 0.024582 0.013139 0.001524
v 0.025864 0.010393 0.000254
v 0.025864 0.010393 0.001524
v 0.026673 0.008091 0.000254
v 0.026673 0.008091 0.001524
v 0.027248 0.005872 0.000254
v 0.027248 0.005872 0.001524
v 0.027739 0.002732 0.000254
v 0.027739 0.002732 0.001524
v 0.027848 0.001183 0.000254
v 0.027848 0.001183 0.001524
v 0.027873 -0.000000 0.000254
v 0.027648 -0.003540 0.000254
v 0.027739 -0.002732 0.001524
v 0.027648 -0.003540 0.001524
v 0.027338 -0.005438 0.000254
v 0.027338 -0.005438 0.001524
v 0.026652 -0.008162 0.000254
v 0.026652 -0.008162 0.001524
v 0.025752 -0.010667 0.000254
v 0.025752 -0.010667 0.001524
v 0.024889 -0.012549 0.000254
v 0.024889 -0.012549 0.001524
v 0.024582 -0.013139 0.000254
v 0.022410 -0.016575 0.000254
v 0.023176 -0.015486 0.001524
v 0.022410 -0.016575 0.001524
v 0.021546 -0.017683 0.000254
v 0.019287 -0.020123 0.000254
v 0.019710 -0.019710 0.001524
v 0.019287 -0.020123 0.001524
v 0.017683 -0.021546 0.000254
v 0.017683 -0.021546 0.001524
v 0.015608 -0.023093 0.000254
v 0.015608 -0.023093 0.001524
v 0.013139 -0.024582 0.000254
v 0.013139 -0.024582 0.001524
v 0.011481 -0.025399 0.000254
v 0.011481 -0.025399 0.001524
v 0.010667 -0.025752 0.000254
v 0.007024 -0.026974 0.000254
v 0.008092 -0.026673 0.001524
v 0.007024 -0.026974 0.001524
v 0.005438 -0.027338 0.000254
v 0.005438 -0.027338 0.001524
v 0.002364 -0.027773 0.000254
v 0.002364 -0.027773 0.001524
v 0.000000 -0.027874 0.000254
v 0.000000 -0.027874 0.001524
v -0.002364 -0.027773 0.000254
v -0.002364 -0.027773 0.001524
v -0.005438 -0.027338 0.000254
v -0.005438 -0.027338 0.001524
v -0.007024 -0.026974 0.000254
v -0.007024 -0.026974 0.001524
v -0.008092 -0.026673 0.000254
v -0.008092 -0.026673 0.001524
v -0.011481 -0.025399 0.000254
v -0.010667 -0.025752 0.001524
v -0.011481 -0.025399 0.001524
v -0.013139 -0.024582 0.000254
v -0.013139 -0.024582 0.001524
v -0.015608 -0.023093 0.000254
v -0.015608 -0.023093 0.001524
v -0.017683 -0.021546 0.000254
v -0.017683 -0.021546 0.001524
v -0.019287 -0.020123 0.000254
v -0.019287 -0.020123 0.001524
v -0.019710 -0.019710 0.000254
v -0.022410 -0.016575 0.000254
v -0.021546 -0.017683 0.001524
v -0.022410 -0.016575 0.001524
v -0.023176 -0.015486 0.000254
v -0.024889 -0.012549 0.000254
v -0.024582 -0.013139 0.001524
v -0.024889 -0.012549 0.001524
v -0.025752 -0.010667 0.000254
v -0.025752 -0.010667 0.001524
v -0.026652 -0.008162 0.000254
v -0.026652 -0.008162 0.001524
v -0.027338 -0.005438 0.000254
v -0.027338 -0.005438 0.001524
v -0.027648 -0.003540 0.000254
v -0.027648 -0.003540 0.001524
v -0.027739 -0.002732 0.000254
v -0.027848 0.001183 0.000254
v -0.027873 -0.000000 0.001524
v -0.027848 0.001183 0.001524
v -0.027739 0.002732 0.000254
v -0.027739 0.002732 0.001524
v -0.027248 0.005872 0.000254
v -0.027248 0.005872 0.001524
v -0.026673 0.008091 0.000254
v -0.026673 0.008091 0.001524
v -0.025864 0.010393 0.000254
v -0.025864 0.010393 0.001524
v -0.024582 0.013139 0.000254
v -0.024582 0.013139 0.001524
v -0.023735 0.014614 0.000254
v -0.023735 0.014614 0.001524
v -0.023176 0.015486 0.000254
v -0.020924 0.018415 0.000254
v -0.021546 0.017683 0.001524
v -0.020924 0.018415 0.001524
v -0.019710 0.019710 0.000254
v -0.019710 0.019710 0.001524
v -0.017511 0.021687 0.000254
v -0.017511 0.021687 0.001524
v -0.015486 0.023176 0.000254
v -0.015486 0.023176 0.001524
v -0.013594 0.024334 0.000254
v -0.013594 0.024334 0.001524
v -0.010667 0.025752 0.000254
v -0.010667 0.025752 0.001524
v -0.009286 0.026281 0.000254
v -0.009286 0.026281 0.001524
v -0.008091 0.026673 0.000254
v -0.004711 0.027473 0.000254
v -0.005438 0.027338 0.001524
v -0.004711 0.027473 0.001524
v -0.002732 0.027739 0.000254
v -0.002732 0.027739 0.001524
v 0.000000 0.027874 0.000254
v -0.000000 0.027874 0.001524
v 0.002732 0.027739 0.000254
v 0.002732 0.027739 0.001524
v 0.004711 0.027473 0.000254
v 0.005438 0.027338 0.000254
v 0.010566 -0.001806 0.000000
v 0.009699 -0.000306 0.000000
v 0.027439 0.003141 0.000000
v 0.014950 -0.023222 0.000000
v 0.013019 -0.024357 0.000000
v 0.007469 -0.007171 0.000000
v 0.020861 -0.018100 0.000000
v 0.019530 -0.019530 0.000000
v 0.009052 -0.006466 0.000000
v 0.018100 -0.020861 0.000000
v 0.023229 -0.014939 0.000000
v 0.010212 -0.005178 0.000000
v 0.024357 -0.013019 0.000000
v 0.027619 -0.000000 0.000000
v 0.027337 -0.003929 0.000000
v 0.010747 -0.003530 0.000000
v 0.027087 -0.005388 0.000000
v 0.026500 -0.007778 0.000000
v 0.025117 -0.011488 0.000000
v -0.005426 0.001097 0.000000
v -0.007292 0.001494 0.000000
v 0.003505 -0.000306 0.000000
v -0.009158 0.001097 0.000000
v -0.027439 0.003140 0.000000
v -0.006338 -0.007582 0.000000
v 0.002992 -0.005178 0.000000
v 0.004152 -0.006466 0.000000
v 0.008297 0.000713 0.000000
v 0.006602 0.001074 0.000000
v 0.005028 0.003137 0.000000
v 0.004907 0.000713 0.000000
v -0.010702 -0.000024 0.000000
v -0.011656 -0.001677 0.000000
v -0.027619 -0.000000 0.000000
v -0.027337 -0.003930 0.000000
v -0.002707 -0.027486 0.000000
v -0.003923 -0.027338 0.000000
v -0.027087 -0.005388 0.000000
v -0.011855 -0.003574 0.000000
v -0.026502 -0.007774 0.000000
v -0.011266 -0.005389 0.000000
v -0.025123 -0.011474 0.000000
v -0.019530 -0.019530 0.000000
v -0.009989 -0.006806 0.000000
v -0.018095 -0.020866 0.000000
v -0.008246 -0.007582 0.000000
v -0.014934 -0.023232 0.000000
v -0.007772 -0.026502 0.000000
v -0.010570 -0.025517 0.000000
v -0.007292 -0.007683 0.000000
v -0.011482 -0.025119 0.000000
v -0.013019 -0.024357 0.000000
v 0.000000 -0.027619 0.000000
v -0.005388 -0.027087 0.000000
v -0.004595 -0.006806 0.000000
v -0.003319 -0.005389 0.000000
v 0.002457 -0.003530 0.000000
v -0.002729 -0.003574 0.000000
v 0.002638 -0.001806 0.000000
v -0.002928 -0.001677 0.000000
v -0.003882 -0.000024 0.000000
v -0.020866 -0.018095 0.000000
v -0.023225 -0.014944 0.000000
v -0.024357 -0.013019 0.000000
v 0.011480 -0.025120 0.000000
v 0.007781 -0.026500 0.000000
v 0.006602 -0.007262 0.000000
v 0.005388 -0.027087 0.000000
v 0.005735 -0.007171 0.000000
v 0.005039 -0.027154 0.000000
v 0.003936 -0.027336 0.000000
v 0.009943 0.004872 0.000000
v 0.011277 0.005572 0.000000
v 0.012133 0.006812 0.000000
v 0.027336 0.003936 0.000000
v 0.027087 0.005388 0.000000
v 0.009189 0.011077 0.000000
v 0.007778 0.026500 0.000000
v 0.011488 0.025117 0.000000
v 0.005388 0.027087 0.000000
v 0.007727 0.010716 0.000000
v 0.005040 0.027154 0.000000
v 0.006599 0.009717 0.000000
v 0.006064 0.008308 0.000000
v 0.006246 0.006812 0.000000
v 0.007102 0.005572 0.000000
v 0.008436 0.004872 0.000000
v 0.009189 0.004781 0.000000
v 0.026500 0.007781 0.000000
v 0.012314 0.008308 0.000000
v 0.025120 0.011480 0.000000
v 0.011780 0.009717 0.000000
v 0.023222 0.014950 0.000000
v 0.024357 0.013019 0.000000
v 0.010652 0.010716 0.000000
v 0.019530 0.019530 0.000000
v 0.020861 0.018100 0.000000
v 0.013019 0.024357 0.000000
v 0.014939 0.023229 0.000000
v 0.018100 0.020861 0.000000
v -0.009702 0.005418 0.000000
v -0.008447 0.005754 0.000000
v -0.007528 0.006673 0.000000
v -0.004490 0.013919 0.000000
v -0.004680 0.012116 0.000000
v -0.011877 0.006673 0.000000
v -0.010958 0.005754 0.000000
v 0.000561 0.008309 0.000000
v 0.002217 0.009046 0.000000
v -0.004120 0.010393 0.000000
v -0.002907 0.009046 0.000000
v -0.001251 0.008309 0.000000
v -0.000345 0.008213 0.000000
v -0.003936 0.027336 0.000000
v 0.000000 0.027620 0.000000
v -0.008447 0.010103 0.000000
v -0.003584 0.015488 0.000000
v -0.007528 0.009184 0.000000
v -0.007191 0.007929 0.000000
v -0.013019 0.024357 0.000000
v -0.009702 0.010439 0.000000
v -0.014950 0.023222 0.000000
v -0.010958 0.010103 0.000000
v -0.018100 0.020862 0.000000
v -0.019530 0.019530 0.000000
v -0.011480 0.025120 0.000000
v -0.007781 0.026500 0.000000
v -0.005388 0.027087 0.000000
v -0.020862 0.018100 0.000000
v -0.011877 0.009184 0.000000
v -0.023229 0.014939 0.000000
v -0.024357 0.013019 0.000000
v -0.012213 0.007929 0.000000
v -0.025117 0.011488 0.000000
v 0.003800 0.013919 0.000000
v 0.003990 0.012116 0.000000
v 0.003430 0.010393 0.000000
v -0.027337 0.003929 0.000000
v -0.027087 0.005388 0.000000
v -0.026500 0.007778 0.000000
v 0.002894 0.015488 0.000000
v 0.001428 0.016554 0.000000
v 0.003929 0.027337 0.000000
v -0.000345 0.016930 0.000000
v -0.002118 0.016554 0.000000
v 0.007414 0.000994 -0.019812
v 0.008919 0.000370 -0.019812
v 0.008297 0.000713 -0.019812
v 0.010067 -0.000778 -0.019812
v 0.009699 -0.000306 -0.019812
v 0.010690 -0.002283 -0.019812
v 0.010566 -0.001806 -0.019812
v 0.010690 -0.003907 -0.019812
v 0.010747 -0.003530 -0.019812
v 0.010067 -0.005411 -0.019812
v 0.010212 -0.005178 -0.019812
v 0.008918 -0.006560 -0.019812
v 0.009052 -0.006466 -0.019812
v 0.005007 -0.006945 -0.019812
v 0.005735 -0.007171 -0.019812
v 0.006602 -0.007262 -0.019812
v 0.007469 -0.007171 -0.019812
v 0.003655 -0.006042 -0.019812
v 0.004152 -0.006466 -0.019812
v 0.002751 -0.004689 -0.019812
v 0.002992 -0.005178 -0.019812
v 0.002434 -0.003094 -0.019812
v 0.002457 -0.003530 -0.019812
v 0.002752 -0.001499 -0.019812
v 0.002638 -0.001806 -0.019812
v 0.003655 -0.000147 -0.019812
v 0.003505 -0.000306 -0.019812
v 0.006602 0.001074 -0.019812
v 0.005790 0.000994 -0.019812
v 0.004907 0.000713 -0.019812
v 0.007809 -0.004855 -0.021844
v 0.007018 -0.005188 -0.021844
v 0.006602 -0.000958 -0.021844
v 0.006856 -0.005215 -0.021844
v 0.005987 -0.001051 -0.021844
v 0.008482 -0.004104 -0.021844
v 0.006994 -0.000996 -0.021844
v 0.007419 -0.001123 -0.021844
v 0.008112 -0.004605 -0.021844
v 0.004631 -0.002278 -0.021844
v 0.004590 -0.002384 -0.021844
v 0.006602 -0.005230 -0.021844
v 0.005786 -0.005066 -0.021844
v 0.005619 -0.004988 -0.021844
v 0.005092 -0.004605 -0.021844
v 0.004857 -0.004324 -0.021844
v 0.008112 -0.001584 -0.021844
v 0.008528 -0.002176 -0.021844
v 0.008738 -0.003094 -0.021844
v 0.004631 -0.003911 -0.021844
v 0.004484 -0.003362 -0.021844
v 0.004466 -0.003094 -0.021844
v 0.005092 -0.001584 -0.021844
v 0.005786 -0.001123 -0.021844
v 0.007932 -0.001424 -0.021844
v 0.008573 -0.003911 -0.021844
v -0.006397 0.001406 -0.019812
v -0.004743 0.000720 -0.019812
v -0.005426 0.001097 -0.019812
v -0.003477 -0.000545 -0.019812
v -0.003882 -0.000024 -0.019812
v -0.002792 -0.002199 -0.019812
v -0.002928 -0.001677 -0.019812
v -0.002792 -0.003990 -0.019812
v -0.002729 -0.003574 -0.019812
v -0.003477 -0.005644 -0.019812
v -0.003319 -0.005389 -0.019812
v -0.005536 -0.007333 -0.019812
v -0.004595 -0.006806 -0.019812
v -0.009048 -0.007333 -0.019812
v -0.008246 -0.007582 -0.019812
v -0.007292 -0.007683 -0.019812
v -0.006338 -0.007582 -0.019812
v -0.010536 -0.006339 -0.019812
v -0.009989 -0.006806 -0.019812
v -0.011531 -0.004850 -0.019812
v -0.011266 -0.005389 -0.019812
v -0.011880 -0.003094 -0.019812
v -0.011855 -0.003574 -0.019812
v -0.011531 -0.001339 -0.019812
v -0.011656 -0.001677 -0.019812
v -0.010536 0.000150 -0.019812
v -0.010702 -0.000024 -0.019812
v -0.007292 0.001494 -0.019812
v -0.008187 0.001406 -0.019812
v -0.009158 0.001097 -0.019812
v -0.009654 -0.004073 -0.021844
v -0.009817 -0.003493 -0.021844
v -0.006891 -0.000570 -0.021844
v -0.006314 -0.000733 -0.021844
v -0.005786 -0.001029 -0.021844
v -0.005791 -0.005163 -0.021844
v -0.006314 -0.005456 -0.021844
v -0.006896 -0.005620 -0.021844
v -0.007292 -0.005651 -0.021844
v -0.008270 -0.005456 -0.021844
v -0.008451 -0.005373 -0.021844
v -0.009100 -0.004902 -0.021844
v -0.009359 -0.004598 -0.021844
v -0.009848 -0.003094 -0.021844
v -0.008080 -0.000663 -0.021844
v -0.007292 -0.000538 -0.021844
v -0.009723 -0.002305 -0.021844
v -0.009654 -0.002116 -0.021844
v -0.008270 -0.000733 -0.021844
v -0.009100 -0.001287 -0.021844
v -0.005485 -0.001287 -0.021844
v -0.005015 -0.004257 -0.021844
v -0.005485 -0.004902 -0.021844
v -0.005013 -0.001937 -0.021844
v -0.004930 -0.002116 -0.021844
v -0.004930 -0.004073 -0.021844
v -0.004736 -0.003094 -0.021844
v -0.008742 0.010248 -0.019812
v -0.007927 0.009704 -0.019812
v -0.008447 0.010103 -0.019812
v -0.007382 0.008889 -0.019812
v -0.007528 0.009184 -0.019812
v -0.007382 0.006968 -0.019812
v -0.007191 0.007929 -0.019812
v -0.007927 0.006153 -0.019812
v -0.007528 0.006673 -0.019812
v -0.008742 0.005609 -0.019812
v -0.008447 0.005754 -0.019812
v -0.010663 0.005609 -0.019812
v -0.009702 0.005418 -0.019812
v -0.011478 0.006153 -0.019812
v -0.010958 0.005754 -0.019812
v -0.012022 0.006968 -0.019812
v -0.011877 0.006673 -0.019812
v -0.012022 0.008889 -0.019812
v -0.012213 0.007929 -0.019812
v -0.011478 0.009704 -0.019812
v -0.011877 0.009184 -0.019812
v -0.009702 0.010439 -0.019812
v -0.010663 0.010248 -0.019812
v -0.010958 0.010103 -0.019812
v -0.010041 0.007590 -0.021844
v -0.010094 0.007653 -0.021844
v -0.009271 0.008135 -0.021844
v -0.010144 0.007746 -0.021844
v -0.009923 0.007504 -0.021844
v -0.009702 0.007450 -0.021844
v -0.009645 0.007453 -0.021844
v -0.009223 0.007929 -0.021844
v -0.009432 0.007534 -0.021844
v -0.009281 0.007702 -0.021844
v -0.009840 0.008387 -0.021844
v -0.009614 0.008399 -0.021844
v -0.010041 0.008267 -0.021844
v -0.009404 0.008303 -0.021844
v -0.010153 0.008088 -0.021844
v -0.010177 0.007869 -0.021844
v 0.000505 0.016847 -0.019812
v 0.002076 0.016196 -0.019812
v 0.001428 0.016554 -0.019812
v 0.003279 0.014993 -0.019812
v 0.002894 0.015488 -0.019812
v 0.003930 0.013422 -0.019812
v 0.003800 0.013919 -0.019812
v 0.003930 0.011722 -0.019812
v 0.003990 0.012116 -0.019812
v 0.003279 0.010150 -0.019812
v 0.003430 0.010393 -0.019812
v 0.001323 0.008545 -0.019812
v 0.002217 0.009046 -0.019812
v -0.002013 0.008545 -0.019812
v -0.001251 0.008309 -0.019812
v -0.000345 0.008213 -0.019812
v 0.000561 0.008309 -0.019812
v -0.003427 0.009490 -0.019812
v -0.002907 0.009046 -0.019812
v -0.004372 0.010904 -0.019812
v -0.004120 0.010393 -0.019812
v -0.004703 0.012572 -0.019812
v -0.004680 0.012116 -0.019812
v -0.004372 0.014240 -0.019812
v -0.004490 0.013919 -0.019812
v -0.003427 0.015654 -0.019812
v -0.003584 0.015488 -0.019812
v -0.000345 0.016930 -0.019812
v -0.001195 0.016847 -0.019812
v -0.002118 0.016554 -0.019812
v -0.001235 0.010422 -0.021844
v -0.001425 0.010511 -0.021844
v -0.000345 0.014898 -0.021844
v -0.001990 0.010927 -0.021844
v -0.002258 0.011249 -0.021844
v 0.000091 0.014857 -0.021844
v 0.000545 0.014721 -0.021844
v -0.000056 0.010264 -0.021844
v 0.001123 0.014377 -0.021844
v 0.000109 0.010290 -0.021844
v 0.000959 0.010645 -0.021844
v -0.000345 0.010245 -0.021844
v -0.002494 0.011682 -0.021844
v -0.002657 0.012315 -0.021844
v -0.001020 0.014798 -0.021844
v -0.002671 0.012572 -0.021844
v 0.001300 0.014217 -0.021844
v 0.001721 0.013642 -0.021844
v 0.001704 0.011471 -0.021844
v 0.001804 0.013462 -0.021844
v 0.001804 0.011682 -0.021844
v 0.001981 0.012572 -0.021844
v 0.001300 0.010927 -0.021844
v -0.002544 0.013330 -0.021844
v -0.002494 0.013462 -0.021844
v -0.001235 0.014721 -0.021844
v -0.001990 0.014217 -0.021844
v 0.010394 0.010837 -0.019812
v 0.011415 0.010155 -0.019812
v 0.010652 0.010716 -0.019812
v 0.012098 0.009133 -0.019812
v 0.011780 0.009717 -0.019812
v 0.012337 0.007929 -0.019812
v 0.012314 0.008308 -0.019812
v 0.011415 0.005703 -0.019812
v 0.012133 0.006812 -0.019812
v 0.010394 0.005020 -0.019812
v 0.011277 0.005572 -0.019812
v 0.007985 0.005020 -0.019812
v 0.008436 0.004872 -0.019812
v 0.009189 0.004781 -0.019812
v 0.009943 0.004872 -0.019812
v 0.006964 0.005703 -0.019812
v 0.007102 0.005572 -0.019812
v 0.006042 0.007929 -0.019812
v 0.006246 0.006812 -0.019812
v 0.006281 0.009133 -0.019812
v 0.006064 0.008308 -0.019812
v 0.006964 0.010155 -0.019812
v 0.006599 0.009717 -0.019812
v 0.009189 0.011077 -0.019812
v 0.007985 0.010837 -0.019812
v 0.007727 0.010716 -0.019812
v 0.009884 0.008802 -0.021844
v 0.008665 0.006945 -0.021844
v 0.009616 0.008958 -0.021844
v 0.009393 0.009025 -0.021844
v 0.009979 0.007140 -0.021844
v 0.009820 0.007009 -0.021844
v 0.009616 0.006899 -0.021844
v 0.009322 0.006821 -0.021844
v 0.010197 0.008407 -0.021844
v 0.010305 0.007929 -0.021844
v 0.010172 0.007402 -0.021844
v 0.009189 0.006813 -0.021844
v 0.008763 0.006899 -0.021844
v 0.008400 0.007140 -0.021844
v 0.008271 0.007295 -0.021844
v 0.008160 0.007502 -0.021844
v 0.008400 0.008718 -0.021844
v 0.008867 0.008996 -0.021844
v 0.008141 0.008308 -0.021844
v 0.009189 0.009045 -0.021844
v 0.008074 0.007929 -0.021844
v 0.008081 0.007799 -0.021844
v -0.009190 0.009165 -0.021773
v -0.008755 0.008876 -0.021773
v -0.008466 0.008441 -0.021773
v -0.008363 0.007929 -0.021773
v -0.008466 0.007417 -0.021773
v -0.008755 0.006982 -0.021773
v -0.009190 0.006693 -0.021773
v -0.009702 0.006589 -0.021773
v -0.007977 0.009654 -0.020673
v -0.008770 0.010180 -0.020673
v -0.008077 0.006304 -0.021071
v -0.008793 0.005733 -0.020878
v -0.008824 0.005808 -0.021071
v -0.009702 0.005549 -0.020878
v -0.009215 0.005477 -0.020242
v -0.009227 0.005538 -0.020673
v -0.008746 0.005621 -0.020242
v -0.008770 0.005678 -0.020673
v -0.007977 0.006204 -0.020673
v -0.007451 0.006996 -0.020673
v -0.007451 0.008861 -0.020673
v -0.007263 0.007929 -0.020673
v -0.008913 0.006024 -0.021398
v -0.008242 0.006469 -0.021398
v -0.007582 0.007050 -0.021071
v -0.007797 0.007140 -0.021398
v -0.007404 0.007929 -0.021071
v -0.007638 0.007929 -0.021398
v -0.007582 0.008807 -0.021071
v -0.007797 0.008718 -0.021398
v -0.008077 0.009554 -0.021071
v -0.008242 0.009388 -0.021398
v -0.008824 0.010049 -0.021071
v -0.008913 0.009834 -0.021398
v -0.009702 0.010227 -0.021071
v -0.009702 0.009993 -0.021398
v -0.010581 0.010049 -0.021071
v -0.010491 0.009834 -0.021398
v -0.011327 0.009554 -0.021071
v -0.011162 0.009388 -0.021398
v -0.011823 0.008807 -0.021071
v -0.011607 0.008718 -0.021398
v -0.012000 0.007929 -0.021071
v -0.011767 0.007929 -0.021398
v -0.011823 0.007050 -0.021071
v -0.011607 0.007140 -0.021398
v -0.011327 0.006304 -0.021071
v -0.011162 0.006469 -0.021398
v -0.010581 0.005808 -0.021071
v -0.010491 0.006024 -0.021398
v -0.009702 0.005631 -0.021071
v -0.009702 0.005864 -0.021398
v -0.009702 0.005428 -0.020242
v -0.009702 0.005489 -0.020673
v -0.010635 0.005678 -0.020673
v -0.011427 0.009654 -0.020673
v -0.011953 0.008861 -0.020673
v -0.011427 0.006204 -0.020673
v -0.011953 0.006996 -0.020673
v -0.012142 0.007929 -0.020673
v -0.009702 0.010368 -0.020673
v -0.010635 0.010180 -0.020673
v -0.010649 0.006982 -0.021773
v -0.010214 0.006693 -0.021773
v -0.009702 0.009667 -0.021631
v -0.009702 0.009268 -0.021773
v -0.010367 0.009532 -0.021631
v -0.010214 0.009165 -0.021773
v -0.010931 0.009158 -0.021631
v -0.010649 0.008876 -0.021773
v -0.011306 0.008593 -0.021631
v -0.010938 0.008441 -0.021773
v -0.011440 0.007929 -0.021631
v -0.011042 0.007929 -0.021773
v -0.011306 0.007264 -0.021631
v -0.010938 0.007417 -0.021773
v -0.010931 0.006700 -0.021631
v -0.010367 0.006325 -0.021631
v -0.009702 0.006191 -0.021631
v -0.009038 0.006325 -0.021631
v -0.008473 0.006700 -0.021631
v -0.008098 0.007264 -0.021631
v -0.007964 0.007929 -0.021631
v -0.008098 0.008593 -0.021631
v -0.008473 0.009158 -0.021631
v -0.009038 0.009532 -0.021631
v -0.001717 0.015885 -0.021631
v -0.000345 0.016157 -0.021631
v -0.000345 0.015759 -0.021773
v -0.004411 0.013381 -0.021071
v -0.004491 0.012572 -0.021071
v -0.004632 0.012572 -0.020673
v -0.002648 0.009125 -0.021071
v -0.001931 0.008742 -0.021071
v -0.001986 0.008611 -0.020673
v 0.003219 0.010190 -0.020673
v 0.002686 0.009540 -0.020673
v 0.002586 0.009640 -0.021071
v 0.001909 0.014825 -0.021773
v 0.002599 0.013791 -0.021773
v 0.000875 0.015516 -0.021773
v 0.000277 0.009446 -0.021773
v 0.000875 0.009627 -0.021773
v 0.001909 0.010318 -0.021773
v 0.002599 0.011352 -0.021773
v 0.002842 0.012572 -0.021773
v -0.000345 0.016484 -0.021398
v 0.000418 0.016409 -0.021398
v 0.001027 0.015885 -0.021631
v 0.002908 0.014745 -0.021398
v 0.002968 0.013944 -0.021631
v 0.002421 0.015338 -0.021398
v 0.002190 0.015107 -0.021631
v 0.001828 0.015824 -0.021398
v 0.001152 0.016186 -0.021398
v 0.001027 0.009259 -0.021631
v 0.002190 0.010036 -0.021631
v 0.002421 0.009806 -0.021398
v 0.003241 0.012572 -0.021631
v 0.003492 0.011809 -0.021398
v 0.002968 0.011200 -0.021631
v 0.003269 0.011075 -0.021398
v 0.002908 0.010399 -0.021398
v 0.003269 0.014069 -0.021398
v 0.003492 0.013335 -0.021398
v 0.003567 0.012572 -0.021398
v -0.000345 0.016718 -0.021071
v -0.000345 0.016859 -0.020673
v 0.000464 0.016638 -0.021071
v 0.000491 0.016776 -0.020673
v 0.001241 0.016402 -0.021071
v 0.001296 0.016533 -0.020673
v 0.001958 0.016019 -0.021071
v 0.002037 0.016136 -0.020673
v 0.002586 0.015503 -0.021071
v 0.002686 0.015603 -0.020673
v 0.003102 0.014875 -0.021071
v 0.003219 0.014954 -0.020673
v 0.003485 0.014158 -0.021071
v 0.003616 0.014212 -0.020673
v 0.003721 0.013381 -0.021071
v 0.003859 0.013408 -0.020673
v 0.003801 0.012572 -0.021071
v 0.003942 0.012572 -0.020673
v 0.003721 0.011763 -0.021071
v 0.003859 0.011736 -0.020673
v 0.003485 0.010985 -0.021071
v 0.003616 0.010931 -0.020673
v 0.003102 0.010269 -0.021071
v 0.001828 0.009319 -0.021398
v 0.001958 0.009125 -0.021071
v 0.001152 0.008958 -0.021398
v 0.001241 0.008742 -0.021071
v 0.000418 0.008735 -0.021398
v 0.000464 0.008506 -0.021071
v -0.000345 0.008660 -0.021398
v -0.000345 0.008426 -0.021071
v -0.001108 0.008735 -0.021398
v -0.001154 0.008506 -0.021071
v -0.004411 0.011763 -0.021071
v -0.004182 0.011809 -0.021398
v -0.004175 0.010985 -0.021071
v -0.003959 0.011075 -0.021398
v -0.003792 0.010269 -0.021071
v -0.003598 0.010399 -0.021398
v -0.003276 0.009640 -0.021071
v -0.001842 0.008958 -0.021398
v -0.002518 0.009319 -0.021398
v -0.003111 0.009806 -0.021398
v 0.002037 0.009007 -0.020673
v 0.001296 0.008611 -0.020673
v 0.000491 0.008367 -0.020673
v -0.000345 0.008285 -0.020673
v -0.001181 0.008367 -0.020673
v -0.004549 0.011736 -0.020673
v -0.004306 0.010931 -0.020673
v -0.003909 0.010190 -0.020673
v -0.003376 0.009540 -0.020673
v -0.002727 0.009007 -0.020673
v -0.004257 0.012572 -0.021398
v -0.004182 0.013335 -0.021398
v -0.003959 0.014069 -0.021398
v -0.001154 0.016638 -0.021071
v -0.001108 0.016409 -0.021398
v -0.001931 0.016402 -0.021071
v -0.001842 0.016186 -0.021398
v -0.002648 0.016019 -0.021071
v -0.002518 0.015824 -0.021398
v -0.003276 0.015503 -0.021071
v -0.001181 0.016776 -0.020673
v -0.001986 0.016533 -0.020673
v -0.002727 0.016136 -0.020673
v -0.003376 0.015603 -0.020673
v -0.003909 0.014954 -0.020673
v -0.001565 0.009627 -0.021773
v -0.002599 0.010318 -0.021773
v -0.000345 0.009385 -0.021773
v -0.003658 0.011200 -0.021631
v -0.002880 0.010036 -0.021631
v -0.001717 0.009259 -0.021631
v -0.003532 0.012572 -0.021773
v -0.003289 0.011352 -0.021773
v -0.003289 0.013791 -0.021773
v -0.003658 0.013944 -0.021631
v -0.003931 0.012572 -0.021631
v 0.000354 0.009055 -0.021631
v -0.000345 0.008986 -0.021631
v -0.002599 0.014825 -0.021773
v -0.001565 0.015516 -0.021773
v -0.002880 0.015107 -0.021631
v -0.003598 0.014745 -0.021398
v -0.004175 0.014158 -0.021071
v -0.004549 0.013408 -0.020673
v -0.003111 0.015338 -0.021398
v -0.003792 0.014875 -0.021071
v -0.004306 0.014212 -0.020673
v 0.010222 0.005436 -0.021398
v 0.011100 0.006018 -0.021398
v 0.011265 0.005853 -0.021071
v 0.010587 0.006531 -0.021773
v 0.011013 0.007173 -0.021773
v 0.011166 0.007929 -0.021773
v 0.011013 0.008684 -0.021773
v 0.010587 0.009326 -0.021773
v 0.009945 0.009753 -0.021773
v 0.009189 0.009905 -0.021773
v 0.009189 0.005952 -0.021773
v 0.009945 0.006105 -0.021773
v 0.012029 0.009105 -0.020673
v 0.011365 0.010104 -0.020673
v 0.010365 0.010768 -0.020673
v 0.011898 0.006807 -0.021071
v 0.012029 0.006753 -0.020673
v 0.012266 0.007929 -0.020673
v 0.011683 0.006896 -0.021398
v 0.012125 0.007929 -0.021071
v 0.011891 0.007929 -0.021398
v 0.011898 0.009051 -0.021071
v 0.011683 0.008961 -0.021398
v 0.011265 0.010004 -0.021071
v 0.011100 0.009839 -0.021398
v 0.010311 0.010637 -0.021071
v 0.010222 0.010422 -0.021398
v 0.009189 0.010864 -0.021071
v 0.009189 0.010630 -0.021398
v 0.008068 0.010637 -0.021071
v 0.008157 0.010422 -0.021398
v 0.007114 0.010004 -0.021071
v 0.007279 0.009839 -0.021398
v 0.006481 0.009051 -0.021071
v 0.006696 0.008961 -0.021398
v 0.006254 0.007929 -0.021071
v 0.006488 0.007929 -0.021398
v 0.006481 0.006807 -0.021071
v 0.006696 0.006896 -0.021398
v 0.007114 0.005853 -0.021071
v 0.007279 0.006018 -0.021398
v 0.008068 0.005220 -0.021071
v 0.008157 0.005436 -0.021398
v 0.009189 0.004994 -0.021071
v 0.009189 0.005227 -0.021398
v 0.009761 0.005052 -0.021071
v 0.009715 0.005281 -0.021398
v 0.010311 0.005220 -0.021071
v 0.008013 0.005090 -0.020673
v 0.009189 0.004852 -0.020673
v 0.006113 0.007929 -0.020673
v 0.006350 0.009105 -0.020673
v 0.007014 0.010104 -0.020673
v 0.007014 0.005753 -0.020673
v 0.006350 0.006753 -0.020673
v 0.009189 0.011005 -0.020673
v 0.008013 0.010768 -0.020673
v 0.009789 0.004913 -0.020673
v 0.010365 0.005090 -0.020673
v 0.011365 0.005753 -0.020673
v 0.008434 0.006105 -0.021773
v 0.007792 0.006531 -0.021773
v 0.007213 0.007929 -0.021773
v 0.007366 0.007173 -0.021773
v 0.008282 0.010120 -0.021631
v 0.008434 0.009753 -0.021773
v 0.007510 0.009608 -0.021631
v 0.007792 0.009326 -0.021773
v 0.006998 0.008837 -0.021631
v 0.007366 0.008684 -0.021773
v 0.006814 0.007929 -0.021631
v 0.006998 0.007021 -0.021631
v 0.007510 0.006249 -0.021631
v 0.008282 0.005737 -0.021631
v 0.009189 0.005554 -0.021631
v 0.010097 0.005737 -0.021631
v 0.010869 0.006249 -0.021631
v 0.011381 0.007021 -0.021631
v 0.011565 0.007929 -0.021631
v 0.011381 0.008837 -0.021631
v 0.010869 0.009608 -0.021631
v 0.010097 0.010120 -0.021631
v 0.009189 0.010304 -0.021631
v 0.005457 -0.000329 -0.021773
v 0.004483 -0.000976 -0.021773
v 0.004201 -0.000694 -0.021631
v 0.006602 -0.000098 -0.021773
v 0.007747 -0.000329 -0.021773
v 0.008721 -0.000976 -0.021773
v 0.007185 -0.006032 -0.021773
v 0.007747 -0.005860 -0.021773
v 0.008721 -0.005213 -0.021773
v 0.009367 -0.004240 -0.021773
v 0.009599 -0.003094 -0.021773
v 0.009367 -0.001949 -0.021773
v 0.008799 0.000191 -0.021071
v 0.009234 -0.000463 -0.021398
v 0.008114 0.000555 -0.021071
v 0.008025 0.000340 -0.021398
v 0.007372 0.000782 -0.021071
v 0.006602 0.000627 -0.021398
v 0.006602 0.000861 -0.021071
v 0.009399 -0.000298 -0.021071
v 0.009888 -0.000898 -0.021071
v 0.010036 -0.001672 -0.021398
v 0.010252 -0.001583 -0.021071
v 0.010324 -0.003094 -0.021398
v 0.010479 -0.002324 -0.021071
v 0.010557 -0.003094 -0.021071
v 0.010479 -0.003865 -0.021071
v 0.010036 -0.004517 -0.021398
v 0.010252 -0.004606 -0.021071
v 0.009234 -0.005726 -0.021398
v 0.009888 -0.005291 -0.021071
v 0.006602 -0.007050 -0.021071
v 0.006602 -0.006816 -0.021398
v 0.007372 -0.006971 -0.021071
v 0.007327 -0.006742 -0.021398
v 0.008114 -0.006744 -0.021071
v 0.008025 -0.006529 -0.021398
v 0.008799 -0.006380 -0.021071
v 0.009399 -0.005891 -0.021071
v 0.004405 -0.006380 -0.021071
v 0.003970 -0.005726 -0.021398
v 0.005090 -0.006744 -0.021071
v 0.005180 -0.006529 -0.021398
v 0.005832 -0.006971 -0.021071
v 0.003805 -0.005891 -0.021071
v 0.003316 -0.005291 -0.021071
v 0.003168 -0.004517 -0.021398
v 0.002952 -0.004606 -0.021071
v 0.002880 -0.003094 -0.021398
v 0.002725 -0.003865 -0.021071
v 0.003970 -0.000463 -0.021398
v 0.003805 -0.000298 -0.021071
v 0.004405 0.000191 -0.021071
v 0.002647 -0.003094 -0.021071
v 0.002725 -0.002324 -0.021071
v 0.003168 -0.001672 -0.021398
v 0.002952 -0.001583 -0.021071
v 0.003316 -0.000898 -0.021071
v 0.005180 0.000340 -0.021398
v 0.005090 0.000555 -0.021071
v 0.005832 0.000782 -0.021071
v 0.004327 0.000309 -0.020673
v 0.003705 -0.000198 -0.020673
v 0.003199 -0.000819 -0.020673
v 0.002822 -0.001529 -0.020673
v 0.002587 -0.002297 -0.020673
v 0.002505 -0.003094 -0.020673
v 0.002587 -0.003892 -0.020673
v 0.002822 -0.004660 -0.020673
v 0.003199 -0.005370 -0.020673
v 0.003705 -0.005991 -0.020673
v 0.004327 -0.006498 -0.020673
v 0.005036 -0.006875 -0.020673
v 0.005804 -0.007110 -0.020673
v 0.006602 -0.007191 -0.020673
v 0.005036 0.000686 -0.020673
v 0.005804 0.000921 -0.020673
v 0.006602 0.001002 -0.020673
v 0.007400 0.000921 -0.020673
v 0.008168 0.000686 -0.020673
v 0.008877 0.000309 -0.020673
v 0.009499 -0.000198 -0.020673
v 0.010005 -0.000819 -0.020673
v 0.010382 -0.001529 -0.020673
v 0.010618 -0.002297 -0.020673
v 0.010699 -0.003094 -0.020673
v 0.010618 -0.003892 -0.020673
v 0.010382 -0.004660 -0.020673
v 0.010005 -0.005370 -0.020673
v 0.009499 -0.005991 -0.020673
v 0.008877 -0.006498 -0.020673
v 0.008168 -0.006875 -0.020673
v 0.007400 -0.007110 -0.020673
v 0.005457 -0.005860 -0.021773
v 0.004483 -0.005213 -0.021773
v 0.006602 -0.006091 -0.021773
v 0.003606 -0.003094 -0.021773
v 0.003837 -0.004240 -0.021773
v 0.003837 -0.001949 -0.021773
v 0.003469 -0.001797 -0.021631
v 0.003207 -0.003094 -0.021631
v 0.003469 -0.004392 -0.021631
v 0.004201 -0.005495 -0.021631
v 0.005304 -0.006228 -0.021631
v 0.006602 -0.006490 -0.021631
v 0.007263 -0.006422 -0.021631
v 0.007900 -0.006228 -0.021631
v 0.009003 -0.005495 -0.021631
v 0.009735 -0.004392 -0.021631
v 0.009997 -0.003094 -0.021631
v 0.009735 -0.001797 -0.021631
v 0.009003 -0.000694 -0.021631
v 0.007900 0.000039 -0.021631
v 0.006602 0.000301 -0.021631
v 0.005304 0.000039 -0.021631
v -0.008146 -0.007386 -0.021071
v -0.007292 -0.007470 -0.021071
v -0.007292 -0.007611 -0.020673
v -0.006439 -0.007386 -0.021071
v -0.007292 -0.007236 -0.021398
v -0.007292 0.000322 -0.021773
v -0.005985 0.000062 -0.021773
v -0.004876 -0.000678 -0.021773
v -0.004876 -0.005510 -0.021773
v -0.004135 -0.004402 -0.021773
v -0.004135 -0.001787 -0.021773
v -0.003875 -0.003094 -0.021773
v -0.004594 -0.000397 -0.021631
v -0.004120 -0.000975 -0.021631
v -0.005172 0.000078 -0.021631
v -0.005832 0.000430 -0.021631
v -0.003477 -0.003094 -0.021631
v -0.003550 -0.002350 -0.021631
v -0.003767 -0.001634 -0.021631
v -0.003550 -0.003839 -0.021631
v -0.003767 -0.004555 -0.021631
v -0.004120 -0.005214 -0.021631
v -0.004594 -0.005792 -0.021631
v -0.005172 -0.006267 -0.021631
v -0.005985 -0.006251 -0.021773
v -0.005832 -0.006619 -0.021631
v -0.006626 -0.006445 -0.021773
v -0.006548 -0.006836 -0.021631
v -0.007292 -0.006511 -0.021773
v -0.006411 -0.007524 -0.020673
v -0.005564 -0.007267 -0.020673
v -0.008100 -0.007156 -0.021398
v -0.008877 -0.006921 -0.021398
v -0.009723 0.000543 -0.021071
v -0.009593 0.000349 -0.021398
v -0.010386 -0.000001 -0.021071
v -0.010221 -0.000166 -0.021398
v -0.010930 -0.000664 -0.021071
v -0.010736 -0.000794 -0.021398
v -0.011334 -0.001420 -0.021071
v -0.011119 -0.001509 -0.021398
v -0.011583 -0.002241 -0.021071
v -0.011354 -0.002286 -0.021398
v -0.011667 -0.003094 -0.021071
v -0.011434 -0.003094 -0.021398
v -0.011583 -0.003948 -0.021071
v -0.011354 -0.003902 -0.021398
v -0.011334 -0.004769 -0.021071
v -0.011119 -0.004679 -0.021398
v -0.010930 -0.005525 -0.021071
v -0.010736 -0.005395 -0.021398
v -0.010386 -0.006188 -0.021071
v -0.010221 -0.006023 -0.021398
v -0.009723 -0.006732 -0.021071
v -0.008877 0.000732 -0.021398
v -0.008966 0.000948 -0.021071
v -0.008100 0.000968 -0.021398
v -0.008146 0.001197 -0.021071
v -0.007292 0.001047 -0.021398
v -0.007292 0.001281 -0.021071
v -0.006484 0.000968 -0.021398
v -0.006439 0.001197 -0.021071
v -0.005707 0.000732 -0.021398
v -0.005618 0.000948 -0.021071
v -0.004991 0.000349 -0.021398
v -0.004861 0.000543 -0.021071
v -0.004363 -0.000166 -0.021398
v -0.004198 -0.000001 -0.021071
v -0.003848 -0.000794 -0.021398
v -0.003654 -0.000664 -0.021071
v -0.003465 -0.001509 -0.021398
v -0.003250 -0.001420 -0.021071
v -0.003230 -0.002286 -0.021398
v -0.003001 -0.002241 -0.021071
v -0.003150 -0.003094 -0.021398
v -0.002917 -0.003094 -0.021071
v -0.003230 -0.003902 -0.021398
v -0.003001 -0.003948 -0.021071
v -0.003465 -0.004679 -0.021398
v -0.003250 -0.004769 -0.021071
v -0.003848 -0.005395 -0.021398
v -0.003654 -0.005525 -0.021071
v -0.004363 -0.006023 -0.021398
v -0.004198 -0.006188 -0.021071
v -0.004991 -0.006538 -0.021398
v -0.004861 -0.006732 -0.021071
v -0.005707 -0.006921 -0.021398
v -0.005618 -0.007137 -0.021071
v -0.006484 -0.007156 -0.021398
v -0.009801 0.000661 -0.020673
v -0.010486 0.000099 -0.020673
v -0.011047 -0.000585 -0.020673
v -0.011465 -0.001366 -0.020673
v -0.011722 -0.002213 -0.020673
v -0.011809 -0.003094 -0.020673
v -0.011722 -0.003976 -0.020673
v -0.011465 -0.004823 -0.020673
v -0.011047 -0.005604 -0.020673
v -0.010486 -0.006288 -0.020673
v -0.009801 -0.006850 -0.020673
v -0.009021 -0.007267 -0.020673
v -0.006399 -0.007584 -0.020242
v -0.007292 -0.007673 -0.020242
v -0.008173 -0.007524 -0.020673
v -0.008966 -0.007137 -0.021071
v -0.009593 -0.006538 -0.021398
v -0.009021 0.001079 -0.020673
v -0.008173 0.001335 -0.020673
v -0.007292 0.001422 -0.020673
v -0.006411 0.001335 -0.020673
v -0.005564 0.001079 -0.020673
v -0.004783 0.000661 -0.020673
v -0.004098 0.000099 -0.020673
v -0.003537 -0.000585 -0.020673
v -0.003119 -0.001366 -0.020673
v -0.002862 -0.002213 -0.020673
v -0.002775 -0.003094 -0.020673
v -0.002862 -0.003976 -0.020673
v -0.003119 -0.004823 -0.020673
v -0.003537 -0.005604 -0.020673
v -0.004098 -0.006288 -0.020673
v -0.004783 -0.006850 -0.020673
v -0.008600 -0.006251 -0.021773
v -0.009708 -0.005510 -0.021773
v -0.007292 -0.006910 -0.021631
v -0.008036 -0.006836 -0.021631
v -0.008752 -0.006619 -0.021631
v -0.009412 -0.006267 -0.021631
v -0.009990 -0.005792 -0.021631
v -0.010464 -0.005214 -0.021631
v -0.010449 -0.004402 -0.021773
v -0.010817 -0.004555 -0.021631
v -0.010709 -0.003094 -0.021773
v -0.010449 -0.001787 -0.021773
v -0.011034 -0.003839 -0.021631
v -0.011107 -0.003094 -0.021631
v -0.011034 -0.002350 -0.021631
v -0.010817 -0.001634 -0.021631
v -0.009708 -0.000678 -0.021773
v -0.010464 -0.000975 -0.021631
v -0.009990 -0.000397 -0.021631
v -0.009412 0.000078 -0.021631
v -0.008600 0.000062 -0.021773
v -0.008752 0.000430 -0.021631
v -0.008036 0.000647 -0.021631
v -0.007292 0.000721 -0.021631
v -0.006548 0.000647 -0.021631
v -0.018278 0.022271 0.003039
v -0.016006 0.023955 0.003039
v 0.028673 -0.002824 0.003039
v 0.028257 -0.005621 0.003039
v 0.025531 0.013646 0.002902
v 0.024069 0.016083 0.002902
v 0.022378 0.018365 0.002902
v 0.020471 0.020471 0.002902
v 0.018365 0.022378 0.002902
v 0.016083 0.024069 0.002902
v 0.000000 -0.028950 0.002902
v 0.002837 -0.028809 0.002902
v 0.005647 -0.028392 0.002902
v 0.008404 -0.027702 0.002902
v 0.011079 -0.026746 0.002902
v 0.013646 -0.025531 0.002902
v 0.016083 -0.024069 0.002902
v 0.018365 -0.022378 0.002902
v 0.020471 -0.020471 0.002902
v 0.022378 -0.018365 0.002902
v 0.024069 -0.016083 0.002902
v 0.025531 -0.013646 0.002902
v 0.026746 -0.011079 0.002902
v 0.027702 -0.008404 0.002902
v 0.028392 -0.005647 0.002902
v 0.028809 -0.002837 0.002902
v 0.028950 -0.000000 0.002902
v 0.028809 0.002837 0.002902
v 0.028392 0.005647 0.002902
v 0.027702 0.008404 0.002902
v 0.026746 0.011079 0.002902
v 0.002824 0.028673 0.003039
v 0.000000 0.028812 0.003039
v 0.005621 0.028257 0.003039
v 0.008364 0.027571 0.003039
v 0.011026 0.026619 0.003039
v 0.013581 0.025409 0.003039
v 0.016006 0.023955 0.003039
v 0.025409 0.013581 0.003039
v 0.023955 0.016006 0.003039
v 0.022271 0.018278 0.003039
v 0.027571 0.008364 0.003039
v 0.028257 0.005621 0.003039
v 0.028673 0.002824 0.003039
v 0.026619 0.011026 0.003039
v 0.020373 0.020373 0.003039
v 0.018278 0.022271 0.003039
v 0.025409 -0.013581 0.003039
v 0.026619 -0.011026 0.003039
v 0.027571 -0.008364 0.003039
v 0.018278 -0.022271 0.003039
v 0.020373 -0.020373 0.003039
v 0.016006 -0.023955 0.003039
v 0.013581 -0.025409 0.003039
v 0.011026 -0.026619 0.003039
v 0.008364 -0.027571 0.003039
v 0.005621 -0.028257 0.003039
v 0.022271 -0.018278 0.003039
v 0.023955 -0.016006 0.003039
v 0.028812 -0.000000 0.003039
v -0.008378 0.027618 0.003021
v -0.008390 0.027657 0.002992
v -0.011045 0.026665 0.003021
v -0.011061 0.026703 0.002992
v -0.013605 0.025453 0.003021
v -0.013624 0.025489 0.002992
v -0.016034 0.023996 0.003021
v -0.016057 0.024030 0.002992
v -0.018309 0.022310 0.003021
v -0.018335 0.022341 0.002992
v -0.020409 0.020409 0.003021
v -0.020437 0.020437 0.002992
v -0.022310 0.018309 0.003021
v -0.022341 0.018335 0.002992
v -0.023996 0.016034 0.003021
v -0.024030 0.016057 0.002992
v -0.025453 0.013605 0.003021
v -0.025489 0.013624 0.002992
v -0.026665 0.011045 0.003021
v -0.026703 0.011061 0.002992
v -0.027618 0.008378 0.003021
v -0.027657 0.008390 0.002992
v -0.028306 0.005630 0.003021
v -0.028346 0.005638 0.002992
v -0.028722 0.002829 0.003021
v -0.028763 0.002833 0.002992
v -0.028862 -0.000000 0.003021
v -0.028903 -0.000000 0.002992
v -0.028722 -0.002829 0.003021
v -0.028763 -0.002833 0.002992
v -0.028306 -0.005630 0.003021
v -0.028346 -0.005638 0.002992
v -0.027618 -0.008378 0.003021
v -0.027657 -0.008390 0.002992
v -0.026665 -0.011045 0.003021
v -0.026703 -0.011061 0.002992
v -0.025453 -0.013605 0.003021
v -0.025489 -0.013624 0.002992
v -0.023996 -0.016034 0.003021
v -0.024030 -0.016057 0.002992
v -0.022310 -0.018309 0.003021
v -0.022341 -0.018335 0.002992
v -0.020409 -0.020409 0.003021
v -0.020437 -0.020437 0.002992
v -0.018309 -0.022310 0.003021
v -0.018335 -0.022341 0.002992
v -0.016034 -0.023996 0.003021
v -0.016057 -0.024030 0.002992
v -0.013605 -0.025453 0.003021
v -0.013624 -0.025489 0.002992
v -0.011045 -0.026665 0.003021
v -0.011061 -0.026703 0.002992
v -0.008378 -0.027618 0.003021
v -0.008390 -0.027657 0.002992
v -0.005630 -0.028306 0.003021
v -0.005638 -0.028346 0.002992
v -0.002829 -0.028722 0.003021
v -0.002833 -0.028763 0.002992
v 0.000000 -0.028862 0.003021
v 0.000000 -0.028903 0.002992
v 0.002829 -0.028722 0.003021
v 0.002833 -0.028763 0.002992
v 0.005630 -0.028306 0.003021
v 0.005638 -0.028346 0.002992
v 0.008378 -0.027618 0.003021
v 0.008390 -0.027657 0.002992
v 0.011045 -0.026665 0.003021
v 0.011061 -0.026703 0.002992
v 0.013605 -0.025453 0.003021
v 0.013624 -0.025489 0.002992
v 0.016034 -0.023996 0.003021
v 0.016057 -0.024030 0.002992
v 0.018309 -0.022310 0.003021
v 0.018335 -0.022341 0.002992
v 0.020409 -0.020409 0.003021
v 0.020437 -0.020437 0.002992
v 0.022310 -0.018309 0.003021
v 0.022341 -0.018335 0.002992
v 0.023996 -0.016034 0.003021
v 0.024030 -0.016057 0.002992
v 0.025453 -0.013605 0.003021
v 0.025489 -0.013624 0.002992
v 0.026665 -0.011045 0.003021
v 0.026703 -0.011061 0.002992
v 0.027618 -0.008378 0.003021
v 0.027657 -0.008390 0.002992
v 0.028306 -0.005630 0.003021
v 0.028346 -0.005638 0.002992
v 0.028722 -0.002829 0.003021
v 0.028763 -0.002833 0.002992
v 0.028862 -0.000000 0.003021
v 0.028903 -0.000000 0.002992
v 0.028722 0.002829 0.003021
v 0.028763 0.002833 0.002992
v 0.028306 0.005630 0.003021
v 0.028346 0.005638 0.002992
v 0.027618 0.008378 0.003021
v 0.027657 0.008390 0.002992
v 0.026665 0.011045 0.003021
v 0.026703 0.011061 0.002992
v 0.025453 0.013605 0.003021
v 0.025489 0.013624 0.002992
v 0.023996 0.016034 0.003021
v 0.024030 0.016057 0.002992
v 0.022310 0.018309 0.003021
v 0.022341 0.018335 0.002992
v 0.020409 0.020409 0.003021
v 0.020437 0.020437 0.002992
v 0.018309 0.022310 0.003021
v 0.018335 0.022341 0.002992
v 0.016034 0.023996 0.003021
v 0.016057 0.024030 0.002992
v 0.013605 0.025453 0.003021
v 0.013624 0.025489 0.002992
v 0.011045 0.026665 0.003021
v 0.011061 0.026703 0.002992
v 0.008378 0.027618 0.003021
v 0.008390 0.027657 0.002992
v 0.005630 0.028306 0.003021
v 0.005638 0.028346 0.002992
v 0.002829 0.028722 0.003021
v 0.002833 0.028763 0.002992
v 0.000000 0.028862 0.003021
v 0.000000 0.028903 0.002992
v -0.002829 0.028722 0.003021
v -0.002833 0.028763 0.002992
v -0.005630 0.028306 0.003021
v -0.005638 0.028346 0.002992
v -0.002824 -0.028673 0.003039
v 0.000000 -0.028812 0.003039
v -0.011026 -0.026619 0.003039
v -0.013581 -0.025409 0.003039
v -0.005621 -0.028257 0.003039
v -0.008364 -0.027571 0.003039
v -0.022271 -0.018278 0.003039
v -0.020373 -0.020373 0.003039
v -0.023955 -0.016006 0.003039
v -0.025409 -0.013581 0.003039
v -0.026619 -0.011026 0.003039
v -0.027571 -0.008364 0.003039
v -0.028257 -0.005621 0.003039
v -0.018278 -0.022271 0.003039
v -0.016006 -0.023955 0.003039
v -0.027571 0.008364 0.003039
v -0.028257 0.005621 0.003039
v -0.028673 0.002824 0.003039
v -0.025409 0.013581 0.003039
v -0.023955 0.016006 0.003039
v -0.022271 0.018278 0.003039
v -0.026619 0.011026 0.003039
v -0.008364 0.027571 0.003039
v -0.011026 0.026619 0.003039
v -0.013581 0.025409 0.003039
v -0.020373 0.020373 0.003039
v -0.028812 -0.000000 0.003039
v -0.028673 -0.002824 0.003039
v 0.002824 -0.028673 0.003039
v -0.002824 0.028673 0.003039
v -0.005621 0.028257 0.003039
v -0.013646 -0.025531 0.002902
v -0.011079 -0.026746 0.002902
v -0.008404 -0.027702 0.002902
v -0.005647 -0.028392 0.002902
v -0.002837 -0.028809 0.002902
v -0.026746 -0.011079 0.002902
v -0.025531 -0.013646 0.002902
v -0.024069 -0.016083 0.002902
v -0.022378 -0.018365 0.002902
v -0.020471 -0.020471 0.002902
v -0.018365 -0.022378 0.002902
v -0.016083 -0.024069 0.002902
v -0.027702 0.008404 0.002902
v -0.028392 0.005647 0.002902
v -0.028809 0.002837 0.002902
v -0.028950 -0.000000 0.002902
v -0.028809 -0.002837 0.002902
v -0.028392 -0.005647 0.002902
v -0.027702 -0.008404 0.002902
v -0.020471 0.020471 0.002902
v -0.022378 0.018365 0.002902
v -0.024069 0.016083 0.002902
v -0.025531 0.013646 0.002902
v -0.026746 0.011079 0.002902
v -0.002837 0.028809 0.002902
v -0.005647 0.028392 0.002902
v -0.008404 0.027702 0.002902
v -0.011079 0.026746 0.002902
v -0.013646 0.025531 0.002902
v -0.016083 0.024069 0.002902
v -0.018365 0.022378 0.002902
v -0.002836 0.028792 0.002951
v -0.005644 0.028374 0.002951
v -0.008398 0.027685 0.002951
v -0.011072 0.026730 0.002951
v -0.013638 0.025515 0.002951
v -0.016073 0.024055 0.002951
v -0.018354 0.022364 0.002951
v -0.020458 0.020458 0.002951
v -0.022364 0.018354 0.002951
v -0.024055 0.016073 0.002951
v -0.025515 0.013638 0.002951
v -0.026730 0.011072 0.002951
v -0.027685 0.008398 0.002951
v -0.028374 0.005644 0.002951
v -0.028792 0.002836 0.002951
v -0.028932 -0.000000 0.002951
v -0.028792 -0.002836 0.002951
v -0.028374 -0.005644 0.002951
v -0.027685 -0.008398 0.002951
v -0.026730 -0.011072 0.002951
v -0.025515 -0.013638 0.002951
v -0.024055 -0.016073 0.002951
v -0.022364 -0.018354 0.002951
v -0.020458 -0.020458 0.002951
v -0.018354 -0.022364 0.002951
v -0.016073 -0.024055 0.002951
v -0.013638 -0.025515 0.002951
v -0.011072 -0.026730 0.002951
v -0.008398 -0.027685 0.002951
v -0.005644 -0.028374 0.002951
v -0.002836 -0.028792 0.002951
v 0.000000 -0.028932 0.002951
v 0.002836 -0.028792 0.002951
v 0.005644 -0.028374 0.002951
v 0.008398 -0.027685 0.002951
v 0.011072 -0.026730 0.002951
v 0.013638 -0.025515 0.002951
v 0.016073 -0.024055 0.002951
v 0.018354 -0.022364 0.002951
v 0.020458 -0.020458 0.002951
v 0.022364 -0.018354 0.002951
v 0.024055 -0.016073 0.002951
v 0.025515 -0.013638 0.002951
v 0.026730 -0.011072 0.002951
v 0.027685 -0.008398 0.002951
v 0.028374 -0.005644 0.002951
v 0.028792 -0.002836 0.002951
v 0.028932 -0.000000 0.002951
v 0.028792 0.002836 0.002951
v 0.028374 0.005644 0.002951
v 0.027685 0.008398 0.002951
v 0.026730 0.011072 0.002951
v 0.025515 0.013638 0.002951
v 0.024055 0.016073 0.002951
v 0.022364 0.018354 0.002951
v 0.020458 0.020458 0.002951
v 0.018354 0.022364 0.002951
v 0.016073 0.024055 0.002951
v 0.013638 0.025515 0.002951
v 0.013646 0.025531 0.002902
v 0.011072 0.026730 0.002951
v 0.011079 0.026746 0.002902
v 0.008398 0.027685 0.002951
v 0.008404 0.027702 0.002902
v 0.005644 0.028374 0.002951
v 0.005647 0.028392 0.002902
v 0.002836 0.028792 0.002951
v 0.002837 0.028809 0.002902
v 0.000000 0.028932 0.002951
v 0.000000 0.028950 0.002902
v -0.002824 0.028673 0.001787
v 0.000000 0.028812 0.001787
v -0.018278 -0.022271 0.001787
v -0.020373 -0.020373 0.001787
v 0.022271 -0.018278 0.001787
v 0.020373 -0.020373 0.001787
v 0.011026 0.026619 0.001787
v 0.013581 0.025409 0.001787
v 0.016006 0.023955 0.001787
v 0.018278 0.022271 0.001787
v 0.008364 0.027571 0.001787
v 0.023955 0.016006 0.001787
v 0.025409 0.013581 0.001787
v 0.026619 0.011026 0.001787
v 0.027571 0.008364 0.001787
v 0.028257 0.005621 0.001787
v 0.020373 0.020373 0.001787
v 0.022271 0.018278 0.001787
v 0.028257 -0.005621 0.001787
v 0.028673 -0.002824 0.001787
v 0.028812 -0.000000 0.001787
v 0.023955 -0.016006 0.001787
v 0.025409 -0.013581 0.001787
v 0.027571 -0.008364 0.001787
v 0.026619 -0.011026 0.001787
v 0.011026 -0.026619 0.001787
v 0.008364 -0.027571 0.001787
v 0.005621 -0.028257 0.001787
v 0.002824 -0.028673 0.001787
v 0.013581 -0.025409 0.001787
v 0.016006 -0.023955 0.001787
v 0.018278 -0.022271 0.001787
v 0.028673 0.002824 0.001787
v 0.000000 -0.028812 0.001787
v 0.020471 0.020471 0.001924
v 0.022378 0.018365 0.001924
v 0.024069 0.016083 0.001924
v 0.025531 0.013646 0.001924
v 0.026746 0.011079 0.001924
v 0.027702 0.008404 0.001924
v 0.002837 0.028809 0.001924
v 0.005647 0.028392 0.001924
v 0.008404 0.027702 0.001924
v 0.011079 0.026746 0.001924
v 0.013646 0.025531 0.001924
v 0.016083 0.024069 0.001924
v 0.018365 0.022378 0.001924
v 0.026746 -0.011079 0.001924
v 0.025531 -0.013646 0.001924
v 0.024069 -0.016083 0.001924
v 0.022378 -0.018365 0.001924
v 0.020471 -0.020471 0.001924
v 0.018365 -0.022378 0.001924
v 0.016083 -0.024069 0.001924
v 0.013646 -0.025531 0.001924
v 0.028392 0.005647 0.001924
v 0.028809 0.002837 0.001924
v 0.028950 -0.000000 0.001924
v 0.028809 -0.002837 0.001924
v 0.028392 -0.005647 0.001924
v 0.027702 -0.008404 0.001924
v -0.002836 0.028792 0.001875
v -0.002833 0.028763 0.001834
v -0.005644 0.028374 0.001875
v -0.005638 0.028346 0.001834
v -0.008398 0.027685 0.001875
v -0.008390 0.027657 0.001834
v -0.011072 0.026730 0.001875
v -0.011061 0.026703 0.001834
v -0.013638 0.025515 0.001875
v -0.013624 0.025489 0.001834
v -0.016073 0.024055 0.001875
v -0.016057 0.024030 0.001834
v -0.018354 0.022364 0.001875
v -0.018335 0.022341 0.001834
v -0.020458 0.020458 0.001875
v -0.020437 0.020437 0.001834
v -0.022364 0.018354 0.001875
v -0.022341 0.018335 0.001834
v -0.024055 0.016073 0.001875
v -0.024030 0.016057 0.001834
v -0.025515 0.013638 0.001875
v -0.025489 0.013624 0.001834
v -0.026730 0.011072 0.001875
v -0.026703 0.011061 0.001834
v -0.027685 0.008398 0.001875
v -0.027657 0.008390 0.001834
v -0.028374 0.005644 0.001875
v -0.028346 0.005638 0.001834
v -0.028792 0.002836 0.001875
v -0.028763 0.002833 0.001834
v -0.028932 -0.000000 0.001875
v -0.028903 -0.000000 0.001834
v -0.028792 -0.002836 0.001875
v -0.028763 -0.002833 0.001834
v -0.028374 -0.005644 0.001875
v -0.028346 -0.005638 0.001834
v -0.027685 -0.008398 0.001875
v -0.027657 -0.008390 0.001834
v -0.026730 -0.011072 0.001875
v -0.026703 -0.011061 0.001834
v -0.025515 -0.013638 0.001875
v -0.025489 -0.013624 0.001834
v -0.024055 -0.016073 0.001875
v -0.024030 -0.016057 0.001834
v -0.022364 -0.018354 0.001875
v -0.022341 -0.018335 0.001834
v -0.020458 -0.020458 0.001875
v -0.020437 -0.020437 0.001834
v -0.018354 -0.022364 0.001875
v -0.018335 -0.022341 0.001834
v -0.016073 -0.024055 0.001875
v -0.016057 -0.024030 0.001834
v -0.013638 -0.025515 0.001875
v -0.013624 -0.025489 0.001834
v -0.011072 -0.026730 0.001875
v -0.011061 -0.026703 0.001834
v -0.008398 -0.027685 0.001875
v -0.008390 -0.027657 0.001834
v -0.005644 -0.028374 0.001875
v -0.005638 -0.028346 0.001834
v -0.002836 -0.028792 0.001875
v -0.002833 -0.028763 0.001834
v 0.000000 -0.028932 0.001875
v 0.000000 -0.028903 0.001834
v 0.002836 -0.028792 0.001875
v 0.002833 -0.028763 0.001834
v 0.005644 -0.028374 0.001875
v 0.005638 -0.028346 0.001834
v 0.008398 -0.027685 0.001875
v 0.008390 -0.027657 0.001834
v 0.011072 -0.026730 0.001875
v 0.011061 -0.026703 0.001834
v 0.013638 -0.025515 0.001875
v 0.013624 -0.025489 0.001834
v 0.016073 -0.024055 0.001875
v 0.016057 -0.024030 0.001834
v 0.018354 -0.022364 0.001875
v 0.018335 -0.022341 0.001834
v 0.020458 -0.020458 0.001875
v 0.020437 -0.020437 0.001834
v 0.022364 -0.018354 0.001875
v 0.022341 -0.018335 0.001834
v 0.024055 -0.016073 0.001875
v 0.024030 -0.016057 0.001834
v 0.025515 -0.013638 0.001875
v 0.025489 -0.013624 0.001834
v 0.026730 -0.011072 0.001875
v 0.026703 -0.011061 0.001834
v 0.027685 -0.008398 0.001875
v 0.027657 -0.008390 0.001834
v 0.028374 -0.005644 0.001875
v 0.028346 -0.005638 0.001834
v 0.028792 -0.002836 0.001875
v 0.028763 -0.002833 0.001834
v 0.028932 -0.000000 0.001875
v 0.028903 -0.000000 0.001834
v 0.028792 0.002836 0.001875
v 0.028763 0.002833 0.001834
v 0.028374 0.005644 0.001875
v 0.028346 0.005638 0.001834
v 0.027685 0.008398 0.001875
v 0.027657 0.008390 0.001834
v 0.026730 0.011072 0.001875
v 0.026703 0.011061 0.001834
v 0.025515 0.013638 0.001875
v 0.025489 0.013624 0.001834
v 0.024055 0.016073 0.001875
v 0.024030 0.016057 0.001834
v 0.022364 0.018354 0.001875
v 0.022341 0.018335 0.001834
v 0.020458 0.020458 0.001875
v 0.020437 0.020437 0.001834
v 0.018354 0.022364 0.001875
v 0.018335 0.022341 0.001834
v 0.016073 0.024055 0.001875
v 0.016057 0.024030 0.001834
v 0.013638 0.025515 0.001875
v 0.013624 0.025489 0.001834
v 0.011072 0.026730 0.001875
v 0.011061 0.026703 0.001834
v 0.008398 0.027685 0.001875
v 0.008390 0.027657 0.001834
v 0.005644 0.028374 0.001875
v 0.005638 0.028346 0.001834
v 0.002836 0.028792 0.001875
v 0.002833 0.028763 0.001834
v 0.000000 0.028932 0.001875
v 0.000000 0.028903 0.001834
v 0.000000 -0.028950 0.001924
v -0.002837 -0.028809 0.001924
v -0.005647 -0.028392 0.001924
v -0.008404 -0.027702 0.001924
v -0.011079 -0.026746 0.001924
v -0.013646 -0.025531 0.001924
v -0.016083 -0.024069 0.001924
v -0.018365 -0.022378 0.001924
v -0.020471 -0.020471 0.001924
v -0.022378 -0.018365 0.001924
v -0.024069 -0.016083 0.001924
v -0.025531 -0.013646 0.001924
v -0.026746 -0.011079 0.001924
v -0.027702 -0.008404 0.001924
v -0.028392 -0.005647 0.001924
v -0.025531 0.013646 0.001924
v -0.024069 0.016083 0.001924
v -0.022378 0.018365 0.001924
v -0.020471 0.020471 0.001924
v -0.018365 0.022378 0.001924
v -0.016083 0.024069 0.001924
v -0.028809 -0.002837 0.001924
v -0.028950 -0.000000 0.001924
v -0.028809 0.002837 0.001924
v -0.028392 0.005647 0.001924
v -0.027702 0.008404 0.001924
v -0.026746 0.011079 0.001924
v -0.002837 0.028809 0.001924
v -0.005647 0.028392 0.001924
v -0.008404 0.027702 0.001924
v -0.011079 0.026746 0.001924
v -0.013646 0.025531 0.001924
v 0.002837 -0.028809 0.001924
v 0.005647 -0.028392 0.001924
v 0.008404 -0.027702 0.001924
v 0.011079 -0.026746 0.001924
v 0.000000 0.028950 0.001924
v -0.005621 -0.028257 0.001787
v -0.002824 -0.028673 0.001787
v -0.016006 -0.023955 0.001787
v -0.013581 -0.025409 0.001787
v -0.011026 -0.026619 0.001787
v -0.008364 -0.027571 0.001787
v -0.026619 -0.011026 0.001787
v -0.027571 -0.008364 0.001787
v -0.028257 -0.005621 0.001787
v -0.028673 -0.002824 0.001787
v -0.025409 -0.013581 0.001787
v -0.023955 -0.016006 0.001787
v -0.022271 -0.018278 0.001787
v -0.028257 0.005621 0.001787
v -0.027571 0.008364 0.001787
v -0.028812 -0.000000 0.001787
v -0.028673 0.002824 0.001787
v -0.026619 0.011026 0.001787
v -0.025409 0.013581 0.001787
v -0.023955 0.016006 0.001787
v -0.016006 0.023955 0.001787
v -0.018278 0.022271 0.001787
v -0.020373 0.020373 0.001787
v -0.005621 0.028257 0.001787
v -0.008364 0.027571 0.001787
v -0.013581 0.025409 0.001787
v -0.011026 0.026619 0.001787
v -0.022271 0.018278 0.001787
v 0.005630 0.028306 0.001805
v 0.005621 0.028257 0.001787
v 0.002829 0.028722 0.001805
v 0.002824 0.028673 0.001787
v 0.000000 0.028862 0.001805
v -0.002829 0.028722 0.001805
v -0.005630 0.028306 0.001805
v -0.008378 0.027618 0.001805
v -0.011045 0.026665 0.001805
v -0.013605 0.025453 0.001805
v -0.016034 0.023996 0.001805
v -0.018309 0.022310 0.001805
v -0.020409 0.020409 0.001805
v -0.022310 0.018309 0.001805
v -0.023996 0.016034 0.001805
v -0.025453 0.013605 0.001805
v -0.026665 0.011045 0.001805
v -0.027618 0.008378 0.001805
v -0.028306 0.005630 0.001805
v -0.028722 0.002829 0.001805
v -0.028862 -0.000000 0.001805
v -0.028722 -0.002829 0.001805
v -0.028306 -0.005630 0.001805
v -0.027618 -0.008378 0.001805
v -0.026665 -0.011045 0.001805
v -0.025453 -0.013605 0.001805
v -0.023996 -0.016034 0.001805
v -0.022310 -0.018309 0.001805
v -0.020409 -0.020409 0.001805
v -0.018309 -0.022310 0.001805
v -0.016034 -0.023996 0.001805
v -0.013605 -0.025453 0.001805
v -0.011045 -0.026665 0.001805
v -0.008378 -0.027618 0.001805
v -0.005630 -0.028306 0.001805
v -0.002829 -0.028722 0.001805
v 0.000000 -0.028862 0.001805
v 0.002829 -0.028722 0.001805
v 0.005630 -0.028306 0.001805
v 0.008378 -0.027618 0.001805
v 0.011045 -0.026665 0.001805
v 0.013605 -0.025453 0.001805
v 0.016034 -0.023996 0.001805
v 0.018309 -0.022310 0.001805
v 0.020409 -0.020409 0.001805
v 0.022310 -0.018309 0.001805
v 0.023996 -0.016034 0.001805
v 0.025453 -0.013605 0.001805
v 0.026665 -0.011045 0.001805
v 0.027618 -0.008378 0.001805
v 0.028306 -0.005630 0.001805
v 0.028722 -0.002829 0.001805
v 0.028862 -0.000000 0.001805
v 0.028722 0.002829 0.001805
v 0.028306 0.005630 0.001805
v 0.027618 0.008378 0.001805
v 0.026665 0.011045 0.001805
v 0.025453 0.013605 0.001805
v 0.023996 0.016034 0.001805
v 0.022310 0.018309 0.001805
v 0.020409 0.020409 0.001805
v 0.018309 0.022310 0.001805
v 0.016034 0.023996 0.001805
v 0.013605 0.025453 0.001805
v 0.011045 0.026665 0.001805
v 0.008378 0.027618 0.001805
v 0.027884 -0.002746 0.001769
v 0.027480 -0.005466 0.001769
v 0.008107 0.026726 0.001722
v 0.005448 0.027391 0.001722
v 0.005456 0.027431 0.001751
v 0.024589 0.013143 0.001632
v 0.023182 0.015490 0.001632
v 0.021552 0.017688 0.001632
v 0.019716 0.019716 0.001632
v 0.017688 0.021552 0.001632
v 0.015490 0.023182 0.001632
v 0.000000 -0.027882 0.001632
v 0.002733 -0.027747 0.001632
v 0.005439 -0.027345 0.001632
v 0.008094 -0.026681 0.001632
v 0.010670 -0.025760 0.001632
v 0.013143 -0.024589 0.001632
v 0.015490 -0.023182 0.001632
v 0.017688 -0.021552 0.001632
v 0.019716 -0.019716 0.001632
v 0.021552 -0.017688 0.001632
v 0.023182 -0.015490 0.001632
v 0.024589 -0.013143 0.001632
v 0.025760 -0.010670 0.001632
v 0.026681 -0.008094 0.001632
v 0.027345 -0.005439 0.001632
v 0.027747 -0.002733 0.001632
v 0.027882 -0.000000 0.001632
v 0.027747 0.002733 0.001632
v 0.027345 0.005439 0.001632
v 0.026681 0.008094 0.001632
v 0.025760 0.010670 0.001632
v 0.002741 0.027834 0.001751
v 0.002746 0.027884 0.001769
v 0.013208 0.024711 0.001769
v 0.015566 0.023296 0.001769
v 0.017775 0.021659 0.001769
v 0.010723 0.025887 0.001769
v 0.008134 0.026812 0.001769
v 0.005466 0.027480 0.001769
v 0.027884 0.002746 0.001769
v 0.027480 0.005466 0.001769
v 0.026812 0.008134 0.001769
v 0.025887 0.010723 0.001769
v 0.024711 0.013208 0.001769
v 0.023296 0.015566 0.001769
v 0.021659 0.017775 0.001769
v 0.019813 0.019813 0.001769
v 0.017775 -0.021659 0.001769
v 0.019813 -0.019813 0.001769
v 0.015566 -0.023296 0.001769
v 0.013208 -0.024711 0.001769
v 0.010723 -0.025887 0.001769
v 0.008134 -0.026812 0.001769
v 0.005466 -0.027480 0.001769
v 0.021659 -0.017775 0.001769
v 0.023296 -0.015566 0.001769
v 0.024711 -0.013208 0.001769
v 0.025887 -0.010723 0.001769
v 0.026812 -0.008134 0.001769
v 0.028020 -0.000000 0.001769
v 0.002737 0.027794 0.001722
v 0.000000 0.027970 0.001751
v 0.000000 0.027929 0.001722
v -0.002741 0.027834 0.001751
v -0.002737 0.027794 0.001722
v -0.005456 0.027431 0.001751
v -0.005448 0.027391 0.001722
v -0.008119 0.026765 0.001751
v -0.008107 0.026726 0.001722
v -0.010704 0.025841 0.001751
v -0.010688 0.025803 0.001722
v -0.013184 0.024667 0.001751
v -0.013165 0.024631 0.001722
v -0.015538 0.023255 0.001751
v -0.015516 0.023221 0.001722
v -0.017744 0.021620 0.001751
v -0.017718 0.021589 0.001722
v -0.019778 0.019778 0.001751
v -0.019749 0.019749 0.001722
v -0.021620 0.017744 0.001751
v -0.021589 0.017718 0.001722
v -0.023255 0.015538 0.001751
v -0.023221 0.015516 0.001722
v -0.024667 0.013184 0.001751
v -0.024631 0.013165 0.001722
v -0.025841 0.010704 0.001751
v -0.025803 0.010688 0.001722
v -0.026765 0.008119 0.001751
v -0.026726 0.008107 0.001722
v -0.027431 0.005456 0.001751
v -0.027391 0.005448 0.001722
v -0.027834 0.002741 0.001751
v -0.027794 0.002737 0.001722
v -0.027970 -0.000000 0.001751
v -0.027929 -0.000000 0.001722
v -0.027834 -0.002741 0.001751
v -0.027794 -0.002737 0.001722
v -0.027431 -0.005456 0.001751
v -0.027391 -0.005448 0.001722
v -0.026765 -0.008119 0.001751
v -0.026726 -0.008107 0.001722
v -0.025841 -0.010704 0.001751
v -0.025803 -0.010688 0.001722
v -0.024667 -0.013184 0.001751
v -0.024631 -0.013165 0.001722
v -0.023255 -0.015538 0.001751
v -0.023221 -0.015516 0.001722
v -0.021620 -0.017744 0.001751
v -0.021589 -0.017718 0.001722
v -0.019778 -0.019778 0.001751
v -0.019749 -0.019749 0.001722
v -0.017744 -0.021620 0.001751
v -0.017718 -0.021589 0.001722
v -0.015538 -0.023255 0.001751
v -0.015516 -0.023221 0.001722
v -0.013184 -0.024667 0.001751
v -0.013165 -0.024631 0.001722
v -0.010704 -0.025841 0.001751
v -0.010688 -0.025803 0.001722
v -0.008119 -0.026765 0.001751
v -0.008107 -0.026726 0.001722
v -0.005456 -0.027431 0.001751
v -0.005448 -0.027391 0.001722
v -0.002741 -0.027834 0.001751
v -0.002737 -0.027794 0.001722
v 0.000000 -0.027970 0.001751
v 0.000000 -0.027929 0.001722
v 0.002741 -0.027834 0.001751
v 0.002737 -0.027794 0.001722
v 0.005456 -0.027431 0.001751
v 0.005448 -0.027391 0.001722
v 0.008119 -0.026765 0.001751
v 0.008107 -0.026726 0.001722
v 0.010704 -0.025841 0.001751
v 0.010688 -0.025803 0.001722
v 0.013184 -0.024667 0.001751
v 0.013165 -0.024631 0.001722
v 0.015538 -0.023255 0.001751
v 0.015516 -0.023221 0.001722
v 0.017744 -0.021620 0.001751
v 0.017718 -0.021589 0.001722
v 0.019778 -0.019778 0.001751
v 0.019749 -0.019749 0.001722
v 0.021620 -0.017744 0.001751
v 0.021589 -0.017718 0.001722
v 0.023255 -0.015538 0.001751
v 0.023221 -0.015516 0.001722
v 0.024667 -0.013184 0.001751
v 0.024631 -0.013165 0.001722
v 0.025841 -0.010704 0.001751
v 0.025803 -0.010688 0.001722
v 0.026765 -0.008119 0.001751
v 0.026726 -0.008107 0.001722
v 0.027431 -0.005456 0.001751
v 0.027391 -0.005448 0.001722
v 0.027834 -0.002741 0.001751
v 0.027794 -0.002737 0.001722
v 0.027970 -0.000000 0.001751
v 0.027929 -0.000000 0.001722
v 0.027834 0.002741 0.001751
v 0.027794 0.002737 0.001722
v 0.027431 0.005456 0.001751
v 0.027391 0.005448 0.001722
v 0.026765 0.008119 0.001751
v 0.026726 0.008107 0.001722
v 0.025841 0.010704 0.001751
v 0.025803 0.010688 0.001722
v 0.024667 0.013184 0.001751
v 0.024631 0.013165 0.001722
v 0.023255 0.015538 0.001751
v 0.023221 0.015516 0.001722
v 0.021620 0.017744 0.001751
v 0.021589 0.017718 0.001722
v 0.019778 0.019778 0.001751
v 0.019749 0.019749 0.001722
v 0.017744 0.021620 0.001751
v 0.017718 0.021589 0.001722
v 0.015538 0.023255 0.001751
v 0.015516 0.023221 0.001722
v 0.013184 0.024667 0.001751
v 0.013165 0.024631 0.001722
v 0.010704 0.025841 0.001751
v 0.010688 0.025803 0.001722
v 0.008119 0.026765 0.001751
v -0.002746 -0.027884 0.001769
v 0.000000 -0.028020 0.001769
v -0.005466 -0.027480 0.001769
v -0.021659 -0.017775 0.001769
v -0.019813 -0.019813 0.001769
v -0.023296 -0.015566 0.001769
v -0.024711 -0.013208 0.001769
v -0.025887 -0.010723 0.001769
v -0.026812 -0.008134 0.001769
v -0.027480 -0.005466 0.001769
v -0.017775 -0.021659 0.001769
v -0.015566 -0.023296 0.001769
v -0.013208 -0.024711 0.001769
v -0.010723 -0.025887 0.001769
v -0.008134 -0.026812 0.001769
v -0.027884 0.002746 0.001769
v -0.027480 0.005466 0.001769
v -0.024711 0.013208 0.001769
v -0.025887 0.010723 0.001769
v -0.026812 0.008134 0.001769
v -0.019813 0.019813 0.001769
v -0.017775 0.021659 0.001769
v -0.008134 0.026812 0.001769
v -0.010723 0.025887 0.001769
v -0.005466 0.027480 0.001769
v -0.002746 0.027884 0.001769
v -0.013208 0.024711 0.001769
v -0.015566 0.023296 0.001769
v -0.023296 0.015566 0.001769
v -0.021659 0.017775 0.001769
v -0.028020 -0.000000 0.001769
v -0.027884 -0.002746 0.001769
v 0.000000 0.028020 0.001769
v 0.002746 -0.027884 0.001769
v -0.013143 -0.024589 0.001632
v -0.010670 -0.025760 0.001632
v -0.008094 -0.026681 0.001632
v -0.005439 -0.027345 0.001632
v -0.002733 -0.027747 0.001632
v -0.025760 -0.010670 0.001632
v -0.024589 -0.013143 0.001632
v -0.023182 -0.015490 0.001632
v -0.021552 -0.017688 0.001632
v -0.019716 -0.019716 0.001632
v -0.017688 -0.021552 0.001632
v -0.015490 -0.023182 0.001632
v -0.026681 0.008094 0.001632
v -0.027345 0.005439 0.001632
v -0.027747 0.002733 0.001632
v -0.027882 -0.000000 0.001632
v -0.027747 -0.002733 0.001632
v -0.027345 -0.005439 0.001632
v -0.026681 -0.008094 0.001632
v -0.019716 0.019716 0.001632
v -0.021552 0.017688 0.001632
v -0.023182 0.015490 0.001632
v -0.024589 0.013143 0.001632
v -0.025760 0.010670 0.001632
v -0.002733 0.027747 0.001632
v -0.005439 0.027345 0.001632
v -0.008094 0.026681 0.001632
v -0.010670 0.025760 0.001632
v -0.013143 0.024589 0.001632
v -0.015490 0.023182 0.001632
v -0.017688 0.021552 0.001632
v -0.002734 0.027765 0.001681
v -0.005443 0.027362 0.001681
v -0.008099 0.026698 0.001681
v -0.010677 0.025776 0.001681
v -0.013151 0.024605 0.001681
v -0.015499 0.023197 0.001681
v -0.017699 0.021566 0.001681
v -0.019728 0.019728 0.001681
v -0.021566 0.017699 0.001681
v -0.023197 0.015499 0.001681
v -0.024605 0.013151 0.001681
v -0.025776 0.010677 0.001681
v -0.026698 0.008099 0.001681
v -0.027362 0.005443 0.001681
v -0.027765 0.002734 0.001681
v -0.027900 -0.000000 0.001681
v -0.027765 -0.002734 0.001681
v -0.027362 -0.005443 0.001681
v -0.026698 -0.008099 0.001681
v -0.025776 -0.010677 0.001681
v -0.024605 -0.013151 0.001681
v -0.023197 -0.015499 0.001681
v -0.021566 -0.017699 0.001681
v -0.019728 -0.019728 0.001681
v -0.017699 -0.021566 0.001681
v -0.015499 -0.023197 0.001681
v -0.013151 -0.024605 0.001681
v -0.010677 -0.025776 0.001681
v -0.008099 -0.026698 0.001681
v -0.005443 -0.027362 0.001681
v -0.002734 -0.027765 0.001681
v 0.000000 -0.027900 0.001681
v 0.002734 -0.027765 0.001681
v 0.005443 -0.027362 0.001681
v 0.008099 -0.026698 0.001681
v 0.010677 -0.025776 0.001681
v 0.013151 -0.024605 0.001681
v 0.015499 -0.023197 0.001681
v 0.017699 -0.021566 0.001681
v 0.019728 -0.019728 0.001681
v 0.021566 -0.017699 0.001681
v 0.023197 -0.015499 0.001681
v 0.024605 -0.013151 0.001681
v 0.025776 -0.010677 0.001681
v 0.026698 -0.008099 0.001681
v 0.027362 -0.005443 0.001681
v 0.027765 -0.002734 0.001681
v 0.027900 -0.000000 0.001681
v 0.027765 0.002734 0.001681
v 0.027362 0.005443 0.001681
v 0.026698 0.008099 0.001681
v 0.025776 0.010677 0.001681
v 0.024605 0.013151 0.001681
v 0.023197 0.015499 0.001681
v 0.021566 0.017699 0.001681
v 0.019728 0.019728 0.001681
v 0.017699 0.021566 0.001681
v 0.015499 0.023197 0.001681
v 0.013151 0.024605 0.001681
v 0.013143 0.024589 0.001632
v 0.010677 0.025776 0.001681
v 0.010670 0.025760 0.001632
v 0.008099 0.026698 0.001681
v 0.008094 0.026681 0.001632
v 0.005443 0.027362 0.001681
v 0.005439 0.027345 0.001632
v 0.002734 0.027765 0.001681
v 0.002733 0.027747 0.001632
v 0.000000 0.027900 0.001681
v 0.000000 0.027882 0.001632
v -0.015403 0.023053 0.000009
v -0.013070 0.024452 0.000009
v 0.015403 -0.023053 0.000009
v 0.013070 -0.024452 0.000009
v 0.023053 0.015403 0.000009
v 0.024452 0.013070 0.000009
v 0.005409 0.027193 0.000009
v 0.002717 0.027593 0.000009
v 0.008049 0.026532 0.000009
v 0.010611 0.025616 0.000009
v 0.013070 0.024452 0.000009
v 0.021432 0.017589 0.000009
v 0.019606 0.019606 0.000009
v 0.017589 0.021432 0.000009
v 0.015403 0.023053 0.000009
v 0.027193 -0.005409 0.000009
v 0.026532 -0.008049 0.000009
v 0.025616 -0.010611 0.000009
v 0.024452 -0.013070 0.000009
v 0.017589 -0.021432 0.000009
v 0.019606 -0.019606 0.000009
v 0.005409 -0.027193 0.000009
v 0.008049 -0.026532 0.000009
v 0.010611 -0.025616 0.000009
v 0.021432 -0.017589 0.000009
v 0.023053 -0.015403 0.000009
v 0.027593 -0.002717 0.000009
v 0.027727 -0.000000 0.000009
v 0.027593 0.002717 0.000009
v 0.027193 0.005409 0.000009
v 0.026532 0.008049 0.000009
v 0.025616 0.010611 0.000009
v 0.019703 0.019703 0.000146
v 0.021539 0.017677 0.000146
v 0.023167 0.015480 0.000146
v 0.024574 0.013135 0.000146
v 0.025744 0.010663 0.000146
v 0.026664 0.008089 0.000146
v 0.002731 0.027729 0.000146
v 0.005436 0.027327 0.000146
v 0.008089 0.026664 0.000146
v 0.010663 0.025744 0.000146
v 0.013135 0.024574 0.000146
v 0.015480 0.023167 0.000146
v 0.017677 0.021539 0.000146
v 0.025744 -0.010663 0.000146
v 0.024574 -0.013135 0.000146
v 0.023167 -0.015480 0.000146
v 0.021539 -0.017677 0.000146
v 0.019703 -0.019703 0.000146
v 0.017677 -0.021539 0.000146
v 0.015480 -0.023167 0.000146
v 0.013135 -0.024574 0.000146
v 0.027327 0.005436 0.000146
v 0.027729 0.002731 0.000146
v 0.027865 -0.000000 0.000146
v 0.027729 -0.002731 0.000146
v 0.027327 -0.005436 0.000146
v 0.026664 -0.008089 0.000146
v -0.002729 0.027712 0.000097
v -0.002726 0.027683 0.000056
v -0.005432 0.027310 0.000097
v -0.005427 0.027281 0.000056
v -0.008083 0.026647 0.000097
v -0.008075 0.026619 0.000056
v -0.010657 0.025727 0.000097
v -0.010645 0.025700 0.000056
v -0.013126 0.024558 0.000097
v -0.013113 0.024532 0.000056
v -0.015470 0.023152 0.000097
v -0.015454 0.023128 0.000056
v -0.017665 0.021525 0.000097
v -0.017647 0.021502 0.000056
v -0.019691 0.019691 0.000097
v -0.019670 0.019670 0.000056
v -0.021525 0.017665 0.000097
v -0.021502 0.017647 0.000056
v -0.023152 0.015470 0.000097
v -0.023128 0.015454 0.000056
v -0.024558 0.013126 0.000097
v -0.024532 0.013113 0.000056
v -0.025727 0.010657 0.000097
v -0.025700 0.010645 0.000056
v -0.026647 0.008083 0.000097
v -0.026619 0.008075 0.000056
v -0.027310 0.005432 0.000097
v -0.027281 0.005427 0.000056
v -0.027712 0.002729 0.000097
v -0.027683 0.002726 0.000056
v -0.027847 -0.000000 0.000097
v -0.027818 -0.000000 0.000056
v -0.027712 -0.002729 0.000097
v -0.027683 -0.002726 0.000056
v -0.027310 -0.005432 0.000097
v -0.027281 -0.005427 0.000056
v -0.026647 -0.008083 0.000097
v -0.026619 -0.008075 0.000056
v -0.025727 -0.010657 0.000097
v -0.025700 -0.010645 0.000056
v -0.024558 -0.013126 0.000097
v -0.024532 -0.013113 0.000056
v -0.023152 -0.015470 0.000097
v -0.023128 -0.015454 0.000056
v -0.021525 -0.017665 0.000097
v -0.021502 -0.017647 0.000056
v -0.019691 -0.019691 0.000097
v -0.019670 -0.019670 0.000056
v -0.017665 -0.021525 0.000097
v -0.017647 -0.021502 0.000056
v -0.015470 -0.023152 0.000097
v -0.015454 -0.023128 0.000056
v -0.013126 -0.024558 0.000097
v -0.013113 -0.024532 0.000056
v -0.010657 -0.025727 0.000097
v -0.010645 -0.025700 0.000056
v -0.008083 -0.026647 0.000097
v -0.008075 -0.026619 0.000056
v -0.005432 -0.027310 0.000097
v -0.005427 -0.027281 0.000056
v -0.002729 -0.027712 0.000097
v -0.002726 -0.027683 0.000056
v 0.000000 -0.027847 0.000097
v 0.000000 -0.027818 0.000056
v 0.002729 -0.027712 0.000097
v 0.002726 -0.027683 0.000056
v 0.005432 -0.027310 0.000097
v 0.005427 -0.027281 0.000056
v 0.008083 -0.026647 0.000097
v 0.008075 -0.026619 0.000056
v 0.010657 -0.025727 0.000097
v 0.010645 -0.025700 0.000056
v 0.013126 -0.024558 0.000097
v 0.013113 -0.024532 0.000056
v 0.015470 -0.023152 0.000097
v 0.015454 -0.023128 0.000056
v 0.017665 -0.021525 0.000097
v 0.017647 -0.021502 0.000056
v 0.019691 -0.019691 0.000097
v 0.019670 -0.019670 0.000056
v 0.021525 -0.017665 0.000097
v 0.021502 -0.017647 0.000056
v 0.023152 -0.015470 0.000097
v 0.023128 -0.015454 0.000056
v 0.024558 -0.013126 0.000097
v 0.024532 -0.013113 0.000056
v 0.025727 -0.010657 0.000097
v 0.025700 -0.010645 0.000056
v 0.026647 -0.008083 0.000097
v 0.026619 -0.008075 0.000056
v 0.027310 -0.005432 0.000097
v 0.027281 -0.005427 0.000056
v 0.027712 -0.002729 0.000097
v 0.027683 -0.002726 0.000056
v 0.027847 -0.000000 0.000097
v 0.027818 -0.000000 0.000056
v 0.027712 0.002729 0.000097
v 0.027683 0.002726 0.000056
v 0.027310 0.005432 0.000097
v 0.027281 0.005427 0.000056
v 0.026647 0.008083 0.000097
v 0.026619 0.008075 0.000056
v 0.025727 0.010657 0.000097
v 0.025700 0.010645 0.000056
v 0.024558 0.013126 0.000097
v 0.024532 0.013113 0.000056
v 0.023152 0.015470 0.000097
v 0.023128 0.015454 0.000056
v 0.021525 0.017665 0.000097
v 0.021502 0.017647 0.000056
v 0.019691 0.019691 0.000097
v 0.019670 0.019670 0.000056
v 0.017665 0.021525 0.000097
v 0.017647 0.021502 0.000056
v 0.015470 0.023152 0.000097
v 0.015454 0.023128 0.000056
v 0.013126 0.024558 0.000097
v 0.013113 0.024532 0.000056
v 0.010657 0.025727 0.000097
v 0.010645 0.025700 0.000056
v 0.008083 0.026647 0.000097
v 0.008075 0.026619 0.000056
v 0.005432 0.027310 0.000097
v 0.005427 0.027281 0.000056
v 0.002729 0.027712 0.000097
v 0.002726 0.027683 0.000056
v 0.000000 0.027847 0.000097
v 0.000000 0.027818 0.000056
v 0.000000 -0.027865 0.000146
v -0.002731 -0.027729 0.000146
v -0.005436 -0.027327 0.000146
v -0.008089 -0.026664 0.000146
v -0.010663 -0.025744 0.000146
v -0.013135 -0.024574 0.000146
v -0.015480 -0.023167 0.000146
v -0.017677 -0.021539 0.000146
v -0.019703 -0.019703 0.000146
v -0.021539 -0.017677 0.000146
v -0.023167 -0.015480 0.000146
v -0.024574 -0.013135 0.000146
v -0.025744 -0.010663 0.000146
v -0.026664 -0.008089 0.000146
v -0.027327 -0.005436 0.000146
v -0.024574 0.013135 0.000146
v -0.023167 0.015480 0.000146
v -0.021539 0.017677 0.000146
v -0.019703 0.019703 0.000146
v -0.017677 0.021539 0.000146
v -0.015480 0.023167 0.000146
v -0.027729 -0.002731 0.000146
v -0.027865 -0.000000 0.000146
v -0.027729 0.002731 0.000146
v -0.027327 0.005436 0.000146
v -0.026664 0.008089 0.000146
v -0.025744 0.010663 0.000146
v -0.002731 0.027729 0.000146
v -0.005436 0.027327 0.000146
v -0.008089 0.026664 0.000146
v -0.010663 0.025744 0.000146
v -0.013135 0.024574 0.000146
v 0.002731 -0.027729 0.000146
v 0.005436 -0.027327 0.000146
v 0.008089 -0.026664 0.000146
v 0.010663 -0.025744 0.000146
v 0.000000 0.027865 0.000146
v -0.005409 -0.027193 0.000009
v -0.002717 -0.027593 0.000009
v 0.000000 -0.027727 0.000009
v 0.002717 -0.027593 0.000009
v -0.013070 -0.024452 0.000009
v -0.010611 -0.025616 0.000009
v -0.008049 -0.026532 0.000009
v -0.023053 -0.015403 0.000009
v -0.024452 -0.013070 0.000009
v -0.021432 -0.017589 0.000009
v -0.019606 -0.019606 0.000009
v -0.017589 -0.021432 0.000009
v -0.015403 -0.023053 0.000009
v -0.025616 -0.010611 0.000009
v -0.026532 -0.008049 0.000009
v -0.027193 -0.005409 0.000009
v -0.027593 -0.002717 0.000009
v -0.027727 -0.000000 0.000009
v -0.027593 0.002717 0.000009
v -0.027193 0.005409 0.000009
v -0.026532 0.008049 0.000009
v -0.025616 0.010611 0.000009
v -0.024452 0.013070 0.000009
v -0.017589 0.021432 0.000009
v -0.019606 0.019606 0.000009
v -0.021432 0.017589 0.000009
v -0.023053 0.015403 0.000009
v 0.000000 0.027777 0.000027
v 0.000000 0.027727 0.000009
v -0.002722 0.027642 0.000027
v -0.002717 0.027593 0.000009
v -0.005419 0.027241 0.000027
v -0.005409 0.027193 0.000009
v -0.008063 0.026580 0.000027
v -0.008049 0.026532 0.000009
v -0.010630 0.025663 0.000027
v -0.010611 0.025616 0.000009
v -0.013093 0.024496 0.000027
v -0.015431 0.023094 0.000027
v -0.017621 0.021471 0.000027
v -0.019641 0.019641 0.000027
v -0.021471 0.017621 0.000027
v -0.023094 0.015431 0.000027
v -0.024496 0.013093 0.000027
v -0.025663 0.010630 0.000027
v -0.026580 0.008063 0.000027
v -0.027241 0.005419 0.000027
v -0.027642 0.002722 0.000027
v -0.027777 -0.000000 0.000027
v -0.027642 -0.002722 0.000027
v -0.027241 -0.005419 0.000027
v -0.026580 -0.008063 0.000027
v -0.025663 -0.010630 0.000027
v -0.024496 -0.013093 0.000027
v -0.023094 -0.015431 0.000027
v -0.021471 -0.017621 0.000027
v -0.019641 -0.019641 0.000027
v -0.017621 -0.021471 0.000027
v -0.015431 -0.023094 0.000027
v -0.013093 -0.024496 0.000027
v -0.010630 -0.025662 0.000027
v -0.008063 -0.026580 0.000027
v -0.005419 -0.027241 0.000027
v -0.002722 -0.027642 0.000027
v 0.000000 -0.027777 0.000027
v 0.002722 -0.027642 0.000027
v 0.005419 -0.027241 0.000027
v 0.008063 -0.026580 0.000027
v 0.010630 -0.025662 0.000027
v 0.013093 -0.024496 0.000027
v 0.015431 -0.023094 0.000027
v 0.017621 -0.021471 0.000027
v 0.019641 -0.019641 0.000027
v 0.021471 -0.017621 0.000027
v 0.023094 -0.015431 0.000027
v 0.024496 -0.013093 0.000027
v 0.025663 -0.010630 0.000027
v 0.026580 -0.008063 0.000027
v 0.027241 -0.005419 0.000027
v 0.027642 -0.002722 0.000027
v 0.027777 -0.000000 0.000027
v 0.027642 0.002722 0.000027
v 0.027241 0.005419 0.000027
v 0.026580 0.008063 0.000027
v 0.025663 0.010630 0.000027
v 0.024496 0.013093 0.000027
v 0.023094 0.015431 0.000027
v 0.021471 0.017621 0.000027
v 0.019641 0.019641 0.000027
v 0.017621 0.021471 0.000027
v 0.015431 0.023094 0.000027
v 0.013093 0.024496 0.000027
v 0.010630 0.025663 0.000027
v 0.008063 0.026580 0.000027
v 0.005419 0.027241 0.000027
v 0.002722 0.027642 0.000027
v 0.009014 0.023324 -0.031861
v 0.009300 0.020972 -0.031429
v 0.006294 0.022143 -0.031645
v -0.009328 0.020958 -0.031427
v -0.011103 0.022335 -0.031680
v -0.009267 0.023217 -0.031842
v 0.000000 -0.019962 -0.023914
v -0.000249 -0.021993 -0.023541
v -0.002309 -0.021880 -0.023562
v -0.006324 0.022134 -0.031643
v 0.003164 0.022850 -0.031774
v 0.004595 0.024663 -0.032107
v 0.006623 0.024165 -0.032016
v -0.003159 -0.019728 -0.023957
v -0.003582 -0.021719 -0.023591
v -0.006289 -0.019022 -0.024086
v -0.006857 -0.020973 -0.023728
v -0.009295 -0.017852 -0.024301
v -0.010007 -0.019763 -0.023950
v -0.012093 -0.016242 -0.024597
v -0.012935 -0.018123 -0.024251
v -0.014613 -0.014241 -0.024964
v 0.009786 0.022987 -0.031800
v 0.011103 0.022335 -0.031680
v 0.012097 0.019362 -0.031134
v 0.012731 0.021378 -0.031504
v 0.014617 0.017360 -0.030766
v -0.002788 0.024950 -0.032160
v 0.000000 0.025117 -0.032190
v 0.000000 0.023085 -0.031817
v 0.002309 0.025003 -0.032170
v 0.003343 0.024877 -0.032146
v -0.006086 0.024316 -0.032043
v -0.004595 0.024663 -0.032107
v -0.003195 0.022845 -0.031773
v -0.002109 0.022980 -0.031798
v 0.015523 -0.016155 -0.024613
v 0.012837 -0.018187 -0.024240
v 0.012111 -0.016230 -0.024599
v 0.011103 -0.019212 -0.024051
v 0.009332 -0.017834 -0.024304
v 0.009879 -0.019822 -0.023939
v 0.006329 -0.019010 -0.024089
v 0.006725 -0.021013 -0.023721
v 0.003200 -0.019722 -0.023958
v 0.003448 -0.021739 -0.023587
v 0.000083 -0.021994 -0.023541
v -0.012272 0.021666 -0.031557
v -0.012107 0.019355 -0.031133
v -0.015013 0.019712 -0.031198
v 0.013654 -0.015076 -0.024811
v 0.014636 -0.014220 -0.024968
v 0.016656 -0.015095 -0.024807
v 0.016822 -0.011865 -0.025400
v 0.017717 -0.013962 -0.025015
v 0.019759 -0.011260 -0.025511
v 0.017895 -0.010396 -0.025670
v 0.020774 -0.009542 -0.025827
v 0.018636 -0.009206 -0.025889
v 0.021390 -0.008303 -0.026054
v 0.020043 -0.006283 -0.026425
v 0.022587 -0.005120 -0.026639
v 0.015430 0.019359 -0.031133
v 0.016656 0.018218 -0.030924
v 0.016810 0.015001 -0.030333
v 0.017797 0.016991 -0.030699
v 0.017895 0.013518 -0.030061
v 0.019815 0.014295 -0.030203
v 0.018631 0.012336 -0.029844
v 0.020774 0.012665 -0.029904
v 0.020037 0.009420 -0.029308
v 0.021439 0.011320 -0.029657
v 0.020596 0.007809 -0.029013
v 0.022616 0.008146 -0.029074
v 0.020991 0.006315 -0.028738
v 0.023101 0.006156 -0.028709
v 0.021467 0.003117 -0.028151
v 0.023324 0.004844 -0.028468
v 0.021524 0.001561 -0.027866
v 0.023556 0.001561 -0.027866
v 0.021467 0.000005 -0.027580
v 0.023311 -0.001814 -0.027246
v 0.020990 -0.003198 -0.026992
v 0.020596 -0.004687 -0.026718
v -0.015615 -0.016074 -0.024628
v -0.016656 -0.015095 -0.024807
v -0.016807 -0.011883 -0.025397
v -0.017636 -0.014054 -0.024998
v -0.017895 -0.010396 -0.025670
v -0.019681 -0.011380 -0.025489
v -0.018628 -0.009218 -0.025886
v -0.020774 -0.009542 -0.025827
v -0.020035 -0.006303 -0.026422
v -0.021334 -0.008424 -0.026032
v -0.020596 -0.004687 -0.026718
v -0.022545 -0.005260 -0.026613
v -0.020989 -0.003198 -0.026992
v -0.023289 -0.001967 -0.027218
v -0.021466 -0.000000 -0.027579
v -0.023555 0.001423 -0.027840
v -0.021524 0.001561 -0.027866
v -0.023552 0.001976 -0.027942
v -0.021466 0.003123 -0.028152
v -0.023441 0.003870 -0.028289
v -0.020988 0.006325 -0.028740
v -0.023250 0.005334 -0.028558
v -0.020596 0.007809 -0.029013
v -0.022469 0.008632 -0.029164
v -0.020041 0.009410 -0.029307
v -0.021763 0.010576 -0.029521
v -0.018633 0.012333 -0.029843
v -0.021218 0.011792 -0.029744
v -0.017895 0.013518 -0.030061
v -0.019536 0.014720 -0.030282
v -0.016818 0.014991 -0.030331
v -0.017446 0.017388 -0.030772
v -0.014632 0.017346 -0.030764
v -0.013654 0.018198 -0.030920
v -0.002333 0.025301 -0.031920
v -0.003024 0.025223 -0.031905
v -0.003024 0.025224 0.000000
v 0.000000 0.025417 -0.031941
v 0.001011 0.025395 0.000000
v 0.001011 0.025395 -0.031937
v 0.002632 0.025270 -0.031914
v 0.005016 0.024882 0.000000
v 0.004645 0.024958 -0.031857
v 0.009160 0.023584 -0.031608
v 0.008878 0.023700 -0.031629
v 0.008878 0.023700 0.000000
v 0.005954 0.024659 -0.031803
v 0.005016 0.024881 -0.031843
v 0.015730 0.019480 0.000000
v 0.014973 0.020118 -0.030978
v 0.012484 0.021882 0.000000
v 0.012483 0.021880 -0.031298
v 0.012198 0.022053 -0.031330
v 0.018404 0.016711 -0.030359
v 0.017445 0.017811 -0.030559
v 0.015731 0.019479 -0.030862
v 0.018525 0.016563 -0.030332
v 0.018525 0.016565 0.000000
v 0.019579 0.015153 -0.030076
v 0.020786 0.013219 0.000000
v 0.020786 0.013218 -0.029725
v 0.022609 0.009071 -0.028972
v 0.022449 0.009538 -0.029056
v 0.022450 0.009539 0.000000
v 0.021997 0.010719 -0.029271
v 0.021308 0.012229 -0.029545
v 0.023810 0.001607 0.000000
v 0.023810 0.001607 -0.027616
v 0.023467 0.005631 0.000000
v 0.023797 0.002385 -0.027757
v 0.023694 0.003941 -0.028040
v 0.023466 0.005630 -0.028347
v 0.023442 0.005765 -0.028371
v 0.022450 -0.006325 0.000000
v 0.022449 -0.006324 -0.026175
v 0.023467 -0.002417 0.000000
v 0.023050 -0.004355 -0.026533
v 0.023351 -0.003038 -0.026772
v 0.023466 -0.002416 -0.026885
v 0.023664 -0.001012 -0.027140
v 0.020786 -0.010005 0.000000
v 0.018525 -0.013351 0.000000
v 0.018488 -0.013395 -0.024891
v 0.020428 -0.010621 -0.025395
v 0.020785 -0.010004 -0.025507
v 0.021967 -0.007576 -0.025948
v 0.013526 -0.017985 -0.024057
v 0.015730 -0.016266 0.000000
v 0.012483 -0.018666 -0.023933
v 0.012484 -0.018667 0.000000
v 0.010619 -0.019703 -0.023745
v 0.015104 -0.016797 -0.024273
v 0.015731 -0.016265 -0.024369
v 0.016177 -0.015863 -0.024442
v 0.009112 -0.020390 -0.023620
v 0.008878 -0.020486 0.000000
v 0.008878 -0.020485 -0.023603
v 0.001011 -0.022181 0.000000
v 0.001011 -0.022181 -0.023295
v 0.002333 -0.022087 -0.023312
v 0.005016 -0.021668 0.000000
v 0.004204 -0.021827 -0.023359
v 0.005016 -0.021667 -0.023388
v 0.007484 -0.020995 -0.023510
v -0.003024 -0.022010 0.000000
v -0.003024 -0.022008 -0.023326
v -0.002333 -0.022087 -0.023312
v 0.000000 -0.022202 0.000000
v -0.000286 -0.022201 -0.023291
v 0.000859 -0.022187 -0.023294
v -0.010719 -0.019653 0.000000
v -0.010122 -0.019944 -0.023701
v -0.006972 -0.021159 0.000000
v -0.006957 -0.021163 -0.023480
v -0.003668 -0.021917 -0.023343
v -0.014158 -0.017536 0.000000
v -0.013086 -0.018282 -0.024003
v -0.010719 -0.019652 -0.023754
v -0.017190 -0.014867 -0.024623
v -0.016836 -0.015229 -0.024557
v -0.017189 -0.014868 0.000000
v -0.015775 -0.016226 -0.024376
v -0.014158 -0.017534 -0.024139
v -0.017833 -0.014168 -0.024750
v -0.019726 -0.011726 0.000000
v -0.019725 -0.011724 -0.025194
v -0.019901 -0.011461 -0.025242
v -0.021696 -0.008200 0.000000
v -0.021558 -0.008498 -0.025780
v -0.023041 -0.004392 0.000000
v -0.022783 -0.005307 -0.026360
v -0.021696 -0.008200 -0.025834
v -0.023723 -0.000412 -0.027249
v -0.023694 -0.000726 -0.027192
v -0.023724 -0.000412 0.000000
v -0.023535 -0.001986 -0.026963
v -0.023040 -0.004392 -0.026526
v -0.023809 0.001392 -0.027577
v -0.023724 0.003626 0.000000
v -0.023809 0.001679 -0.027629
v -0.023041 0.007607 0.000000
v -0.023552 0.005088 -0.028248
v -0.023723 0.003626 -0.027982
v -0.021696 0.011414 0.000000
v -0.022818 0.008403 -0.028850
v -0.023040 0.007606 -0.028705
v -0.019726 0.014940 0.000000
v -0.019726 0.014939 -0.030037
v -0.019970 0.014570 -0.029970
v -0.020998 0.012830 -0.029654
v -0.021616 0.011588 -0.029429
v -0.021696 0.011414 -0.029397
v -0.017929 0.017273 -0.030461
v -0.017189 0.018082 0.000000
v -0.017190 0.018081 -0.030608
v -0.016836 0.018443 -0.030674
v -0.014158 0.020750 0.000000
v -0.015529 0.019654 -0.030894
v -0.010719 0.022866 -0.031477
v -0.011223 0.022605 -0.031430
v -0.010719 0.022867 0.000000
v -0.012809 0.021676 -0.031261
v -0.014158 0.020748 -0.031093
v -0.009844 0.023286 -0.031554
v -0.006972 0.024373 0.000000
v -0.006972 0.024372 -0.031751
v -0.003361 0.025177 -0.031897
v -0.004645 0.024958 -0.031857
v -0.006661 0.024465 -0.031768
v -0.020353 -0.004567 -0.026469
v -0.020502 -0.004050 -0.026565
v -0.020503 -0.004051 0.000000
v 0.002085 0.022774 -0.031548
v 0.002855 0.022684 0.000000
v 0.000000 0.022877 -0.031568
v -0.000954 0.022855 0.000000
v -0.004733 0.022343 0.000000
v -0.003004 0.022662 -0.031528
v -0.000954 0.022855 -0.031564
v -0.008359 0.021165 0.000000
v -0.006118 0.021977 -0.031400
v -0.004733 0.022342 -0.031468
v -0.011897 0.019237 -0.030891
v -0.011717 0.019357 -0.030914
v -0.011717 0.019358 0.000000
v -0.009110 0.020827 -0.031187
v -0.008360 0.021165 -0.031250
v -0.014408 0.017253 -0.030523
v -0.014699 0.016981 0.000000
v -0.014699 0.016980 -0.030472
v -0.016592 0.014914 -0.030088
v -0.017207 0.014109 0.000000
v -0.017207 0.014108 -0.029938
v -0.019803 0.009368 -0.029058
v -0.019163 0.010835 -0.029330
v -0.019163 0.010836 0.000000
v -0.018404 0.012267 -0.029596
v -0.017684 0.013423 -0.029811
v -0.021184 0.003514 0.000000
v -0.020748 0.006281 -0.028484
v -0.020503 0.007266 0.000000
v -0.020502 0.007265 -0.028667
v -0.020353 0.007781 -0.028763
v -0.021270 0.001607 -0.027616
v -0.021217 0.003101 -0.027893
v -0.021183 0.003513 -0.027970
v -0.021184 -0.000299 0.000000
v -0.020698 -0.003286 -0.026707
v -0.021183 -0.000299 -0.027262
v -0.021200 -0.000108 -0.027297
v -0.019163 -0.007621 0.000000
v -0.017207 -0.010895 0.000000
v -0.017207 -0.010893 -0.025293
v -0.018298 -0.009234 -0.025601
v -0.019163 -0.007621 -0.025901
v -0.019727 -0.006345 -0.026138
v -0.011717 -0.016144 0.000000
v -0.011717 -0.016143 -0.024318
v -0.014699 -0.013766 0.000000
v -0.012029 -0.015933 -0.024357
v -0.013493 -0.014834 -0.024561
v -0.014530 -0.013926 -0.024730
v -0.014699 -0.013766 -0.024759
v -0.016466 -0.011855 -0.025114
v -0.008359 -0.017951 0.000000
v -0.004733 -0.019129 0.000000
v -0.004733 -0.019128 -0.023763
v -0.006289 -0.018711 -0.023841
v -0.008360 -0.017951 -0.023982
v -0.009271 -0.017535 -0.024059
v 0.002855 -0.019470 0.000000
v 0.006573 -0.018621 0.000000
v 0.006105 -0.018767 -0.023830
v 0.002990 -0.019450 -0.023703
v 0.002855 -0.019469 -0.023700
v 0.000000 -0.019662 0.000000
v 0.000000 -0.019662 -0.023664
v -0.000954 -0.019641 0.000000
v -0.000954 -0.019641 -0.023668
v -0.003180 -0.019422 -0.023708
v 0.010079 -0.017123 0.000000
v 0.009097 -0.017618 -0.024044
v 0.006573 -0.018621 -0.023857
v 0.013261 -0.015022 0.000000
v 0.011885 -0.016030 -0.024339
v 0.010079 -0.017122 -0.024136
v 0.016018 -0.012387 0.000000
v 0.014397 -0.014049 -0.024707
v 0.013262 -0.015021 -0.024526
v 0.018258 -0.009301 -0.025589
v 0.017684 -0.010209 -0.025420
v 0.018259 -0.009302 0.000000
v 0.016583 -0.011711 -0.025141
v 0.016018 -0.012386 -0.025016
v 0.018397 -0.009065 -0.025633
v 0.019913 -0.005866 0.000000
v 0.019798 -0.006167 -0.026171
v 0.020927 -0.002190 -0.026910
v 0.020745 -0.003080 -0.026745
v 0.020928 -0.002191 0.000000
v 0.020353 -0.004567 -0.026469
v 0.019913 -0.005866 -0.026227
v 0.021216 0.000099 -0.027335
v 0.021270 0.001607 0.000000
v 0.021270 0.001607 -0.027616
v 0.021201 0.003309 -0.027932
v 0.020928 0.005405 0.000000
v 0.020927 0.005404 -0.028321
v 0.020701 0.006486 -0.028522
v 0.019913 0.009081 0.000000
v 0.020353 0.007781 -0.028763
v 0.018259 0.012516 0.000000
v 0.019732 0.009546 -0.029091
v 0.019913 0.009080 -0.029004
v 0.016018 0.015601 0.000000
v 0.016475 0.015059 -0.030115
v 0.018305 0.012436 -0.029628
v 0.013262 0.018235 -0.030705
v 0.013493 0.018048 -0.030670
v 0.013261 0.018236 0.000000
v 0.014527 0.017143 -0.030502
v 0.016018 0.015600 -0.030216
v 0.012025 0.019150 -0.030875
v 0.010079 0.020337 0.000000
v 0.010079 0.020336 -0.031095
v 0.009267 0.020751 -0.031173
v 0.006573 0.021836 0.000000
v 0.006573 0.021835 -0.031374
v 0.002855 0.022683 -0.031532
v 0.003175 0.022637 -0.031523
v 0.006285 0.021926 -0.031391
v 0.000000 -0.022196 -0.023383
v 0.004614 -0.021629 -0.023601
v 0.002318 -0.021970 -0.023538
v 0.020983 -0.009627 -0.025676
v 0.019781 -0.011628 -0.025311
v 0.022780 0.008497 -0.028982
v 0.023687 0.003920 -0.028147
v 0.023801 0.001588 -0.027722
v 0.023783 0.001579 -0.027770
v 0.022724 -0.005321 -0.026549
v 0.023291 -0.003061 -0.026963
v 0.023320 -0.003059 -0.026923
v 0.002331 0.025233 -0.032142
v 0.000000 0.025348 -0.032163
v 0.000000 0.025383 -0.032120
v -0.002335 0.025290 -0.032044
v -0.002331 0.025233 -0.032142
v -0.004639 0.024889 -0.032079
v -0.004645 0.024924 -0.032036
v -0.023670 0.003909 -0.028196
v -0.023783 0.001579 -0.027770
v -0.023801 0.001588 -0.027722
v -0.018374 0.016648 -0.030571
v -0.019761 0.014773 -0.030227
v -0.019785 0.014796 -0.030186
v -0.021983 -0.007517 -0.026061
v -0.020983 -0.009627 -0.025676
v -0.004640 -0.021737 -0.023467
v -0.016807 -0.015226 -0.024699
v -0.016786 -0.015212 -0.024738
v -0.015059 -0.016774 -0.024452
v 0.000000 -0.022182 -0.023428
v -0.002331 -0.022080 -0.023404
v -0.016725 -0.015161 -0.024788
v -0.015005 -0.016718 -0.024502
v 0.000000 -0.022084 -0.023517
v -0.002318 -0.021970 -0.023538
v -0.004614 -0.021629 -0.023601
v -0.006865 -0.021066 -0.023704
v -0.009051 -0.020285 -0.023847
v -0.011149 -0.019293 -0.024029
v -0.013139 -0.018099 -0.024248
v -0.021857 -0.007489 -0.026196
v -0.020862 -0.009587 -0.025811
v -0.019667 -0.011577 -0.025445
v -0.018284 -0.013441 -0.025103
v -0.020875 0.012719 -0.029904
v -0.021868 0.010619 -0.029519
v -0.022648 0.008432 -0.029117
v -0.023210 0.006179 -0.028704
v -0.023550 0.003882 -0.028282
v -0.019682 0.014712 -0.030270
v -0.018300 0.016579 -0.030612
v -0.016741 0.018302 -0.030928
v -0.011162 0.022442 -0.031688
v -0.009062 0.023437 -0.031871
v -0.006874 0.024220 -0.032014
v -0.004620 0.024784 -0.032118
v -0.015020 0.019862 -0.031215
v -0.013154 0.021246 -0.031469
v -0.023663 0.001563 -0.027857
v -0.023547 -0.000756 -0.027431
v -0.023204 -0.003052 -0.027010
v -0.022639 -0.005304 -0.026597
v 0.000000 -0.022158 -0.023466
v -0.002326 -0.022043 -0.023487
v -0.004630 -0.021701 -0.023549
v -0.018351 -0.013486 -0.025054
v -0.018374 -0.013498 -0.025015
v -0.019739 -0.011616 -0.025396
v -0.019764 -0.011625 -0.025357
v -0.020939 -0.009619 -0.025762
v -0.020965 -0.009626 -0.025723
v -0.021938 -0.007514 -0.026147
v -0.021965 -0.007518 -0.026108
v -0.022724 -0.005321 -0.026549
v -0.022752 -0.005322 -0.026509
v -0.023291 -0.003061 -0.026963
v -0.023320 -0.003059 -0.026923
v -0.023636 -0.000756 -0.027385
v -0.023666 -0.000752 -0.027345
v -0.023754 0.001571 -0.027811
v -0.023684 -0.000744 -0.027296
v -0.023339 -0.003054 -0.026875
v -0.022770 -0.005319 -0.026462
v -0.019781 -0.011628 -0.025311
v -0.018390 -0.013503 -0.024969
v -0.016822 -0.015232 -0.024654
v -0.015091 -0.016799 -0.024368
v -0.013215 -0.018188 -0.024114
v -0.013186 -0.018160 -0.024198
v -0.011213 -0.019388 -0.023896
v -0.011188 -0.019358 -0.023978
v -0.009103 -0.020386 -0.023713
v -0.009083 -0.020353 -0.023796
v -0.006905 -0.021171 -0.023570
v -0.006890 -0.021136 -0.023653
v -0.023641 0.003899 -0.028237
v -0.023301 0.006205 -0.028659
v -0.021981 0.010682 -0.029434
v -0.021955 0.010663 -0.029475
v -0.022764 0.008483 -0.029032
v -0.022737 0.008467 -0.029073
v -0.023329 0.006218 -0.028618
v -0.020997 0.012809 -0.029768
v -0.020984 0.012793 -0.029820
v -0.020959 0.012772 -0.029861
v -0.021995 0.010697 -0.029383
v -0.022780 0.008497 -0.028982
v -0.023345 0.006231 -0.028568
v -0.023687 0.003920 -0.028147
v -0.006911 0.024356 -0.031933
v -0.006903 0.024322 -0.031975
v -0.009111 0.023569 -0.031789
v -0.009100 0.023536 -0.031832
v -0.011221 0.022569 -0.031606
v -0.011208 0.022537 -0.031649
v -0.013224 0.021366 -0.031386
v -0.013209 0.021335 -0.031429
v -0.015100 0.019974 -0.031132
v -0.015082 0.019945 -0.031174
v -0.016830 0.018405 -0.030845
v -0.016810 0.018378 -0.030887
v -0.018396 0.016673 -0.030529
v -0.002333 0.025268 -0.032099
v -0.004647 0.024946 -0.031981
v -0.006915 0.024378 -0.031877
v -0.009115 0.023591 -0.031734
v -0.011227 0.022590 -0.031551
v -0.013231 0.021387 -0.031332
v -0.015108 0.019994 -0.031078
v -0.016839 0.018425 -0.030792
v -0.018407 0.016692 -0.030476
v -0.019797 0.014814 -0.030133
v 0.004639 0.024889 -0.032079
v 0.002333 0.025268 -0.032099
v 0.004645 0.024924 -0.032036
v 0.006903 0.024322 -0.031975
v 0.006911 0.024356 -0.031933
v 0.009100 0.023536 -0.031832
v 0.009111 0.023569 -0.031789
v 0.011208 0.022537 -0.031649
v 0.011221 0.022569 -0.031606
v 0.013209 0.021335 -0.031429
v 0.013224 0.021366 -0.031386
v 0.015082 0.019945 -0.031174
v 0.015100 0.019974 -0.031132
v 0.016810 0.018378 -0.030887
v 0.016830 0.018405 -0.030845
v 0.018374 0.016648 -0.030571
v 0.018396 0.016673 -0.030529
v 0.019761 0.014773 -0.030227
v 0.019785 0.014796 -0.030186
v 0.020959 0.012772 -0.029861
v 0.020984 0.012793 -0.029820
v 0.021955 0.010663 -0.029475
v 0.021981 0.010682 -0.029434
v 0.022737 0.008467 -0.029073
v 0.022764 0.008483 -0.029032
v 0.023301 0.006205 -0.028659
v 0.004647 0.024946 -0.031981
v 0.006915 0.024378 -0.031877
v 0.009115 0.023591 -0.031734
v 0.011227 0.022590 -0.031551
v 0.013231 0.021387 -0.031332
v 0.015108 0.019994 -0.031078
v 0.016839 0.018425 -0.030792
v 0.018407 0.016692 -0.030476
v 0.019797 0.014814 -0.030133
v 0.020997 0.012809 -0.029768
v 0.021995 0.010697 -0.029383
v 0.023666 -0.000752 -0.027345
v 0.023636 -0.000756 -0.027385
v 0.019764 -0.011625 -0.025357
v 0.019739 -0.011616 -0.025396
v 0.020965 -0.009626 -0.025723
v 0.020939 -0.009619 -0.025762
v 0.021965 -0.007518 -0.026108
v 0.021938 -0.007514 -0.026147
v 0.022752 -0.005322 -0.026509
v 0.016786 -0.015212 -0.024738
v 0.018351 -0.013486 -0.025054
v 0.018374 -0.013498 -0.025015
v 0.023684 -0.000744 -0.027296
v 0.021983 -0.007517 -0.026061
v 0.022770 -0.005319 -0.026462
v 0.023339 -0.003054 -0.026875
v 0.002331 -0.022080 -0.023404
v 0.002329 -0.022067 -0.023449
v 0.004640 -0.021737 -0.023467
v 0.004636 -0.021724 -0.023511
v 0.006905 -0.021171 -0.023570
v 0.006898 -0.021158 -0.023615
v 0.009103 -0.020386 -0.023713
v 0.009094 -0.020374 -0.023758
v 0.011213 -0.019388 -0.023896
v 0.011203 -0.019377 -0.023940
v 0.013215 -0.018188 -0.024114
v 0.013203 -0.018178 -0.024159
v 0.015091 -0.016799 -0.024368
v 0.015078 -0.016791 -0.024413
v 0.016807 -0.015226 -0.024699
v 0.018390 -0.013503 -0.024969
v 0.016822 -0.015232 -0.024654
v 0.015059 -0.016774 -0.024452
v 0.013186 -0.018160 -0.024198
v 0.011188 -0.019358 -0.023978
v 0.009083 -0.020353 -0.023796
v 0.006890 -0.021136 -0.023653
v 0.004630 -0.021701 -0.023549
v 0.002326 -0.022043 -0.023487
v 0.000000 0.025405 -0.032065
v 0.002335 0.025290 -0.032044
v 0.023641 0.003899 -0.028237
v 0.023329 0.006218 -0.028618
v 0.023345 0.006231 -0.028568
v 0.023670 0.003909 -0.028196
v 0.023754 0.001571 -0.027811
v 0.004620 0.024784 -0.032118
v 0.002321 0.025126 -0.032181
v 0.000000 0.025241 -0.032202
v -0.002321 0.025126 -0.032181
v 0.011162 0.022442 -0.031688
v 0.009062 0.023437 -0.031871
v 0.006874 0.024220 -0.032014
v 0.019682 0.014712 -0.030270
v 0.020875 0.012719 -0.029904
v 0.018300 0.016579 -0.030612
v 0.016741 0.018302 -0.030928
v 0.015020 0.019862 -0.031215
v 0.013154 0.021246 -0.031469
v 0.021868 0.010619 -0.029519
v 0.022648 0.008432 -0.029117
v 0.023210 0.006179 -0.028704
v 0.023550 0.003882 -0.028282
v 0.020862 -0.009587 -0.025811
v 0.021857 -0.007489 -0.026196
v 0.023663 0.001563 -0.027857
v 0.023547 -0.000756 -0.027431
v 0.023204 -0.003052 -0.027010
v 0.022639 -0.005304 -0.026597
v 0.013139 -0.018099 -0.024248
v 0.011149 -0.019293 -0.024029
v 0.015005 -0.016718 -0.024502
v 0.016725 -0.015161 -0.024788
v 0.009051 -0.020285 -0.023847
v 0.006865 -0.021066 -0.023704
v 0.018284 -0.013441 -0.025103
v 0.019667 -0.011577 -0.025445
v 0.016758 -0.015189 -0.024767
v 0.018320 -0.013467 -0.025083
v 0.019706 -0.011599 -0.025426
v 0.020904 -0.009605 -0.025791
v 0.021901 -0.007504 -0.026176
v 0.022685 -0.005315 -0.026578
v 0.023252 -0.003058 -0.026992
v 0.023596 -0.000757 -0.027413
v 0.023713 0.001566 -0.027839
v 0.023600 0.003890 -0.028265
v 0.023260 0.006192 -0.028687
v 0.022697 0.008450 -0.029101
v 0.021916 0.010642 -0.029503
v 0.020922 0.012747 -0.029889
v 0.019726 0.014744 -0.030255
v 0.018341 0.016616 -0.030598
v 0.016780 0.018342 -0.030915
v 0.015055 0.019907 -0.031202
v 0.013185 0.021294 -0.031456
v 0.011188 0.022493 -0.031676
v 0.009083 0.023491 -0.031859
v 0.006890 0.024275 -0.032003
v 0.004631 0.024841 -0.032106
v 0.002326 0.025184 -0.032169
v 0.000000 0.025300 -0.032190
v -0.002326 0.025184 -0.032169
v -0.004631 0.024841 -0.032106
v -0.006890 0.024275 -0.032003
v -0.009083 0.023491 -0.031859
v -0.011188 0.022493 -0.031676
v -0.013185 0.021294 -0.031456
v -0.015055 0.019907 -0.031202
v -0.016780 0.018342 -0.030915
v -0.018341 0.016616 -0.030598
v -0.019726 0.014744 -0.030255
v -0.020922 0.012747 -0.029889
v -0.021916 0.010642 -0.029503
v -0.022697 0.008450 -0.029101
v -0.023260 0.006192 -0.028687
v -0.023600 0.003890 -0.028265
v -0.023713 0.001566 -0.027839
v -0.023596 -0.000757 -0.027413
v -0.023252 -0.003058 -0.026992
v -0.022685 -0.005315 -0.026578
v -0.021901 -0.007504 -0.026176
v -0.020904 -0.009605 -0.025791
v -0.019706 -0.011599 -0.025426
v -0.018320 -0.013467 -0.025083
v -0.016758 -0.015189 -0.024767
v -0.015034 -0.016750 -0.024481
v -0.013165 -0.018133 -0.024227
v -0.011170 -0.019329 -0.024008
v -0.009068 -0.020323 -0.023826
v -0.006878 -0.021105 -0.023683
v -0.004622 -0.021669 -0.023579
v -0.002322 -0.022010 -0.023517
v 0.000000 -0.022125 -0.023495
v 0.021220 -0.000519 -0.027426
v 0.021325 0.001571 -0.027811
v 0.021366 0.001566 -0.027839
v 0.020497 0.007782 -0.028999
v 0.021006 0.005742 -0.028624
v 0.020958 0.005736 -0.028606
v 0.020451 0.007771 -0.028980
v 0.019747 0.009747 -0.029344
v 0.019791 0.009762 -0.029363
v 0.018851 0.011644 -0.029693
v 0.019710 0.009737 -0.029315
v 0.000000 0.022954 -0.031772
v 0.000000 0.022921 -0.031742
v -0.002092 0.022817 -0.031723
v -0.021224 0.003662 -0.028196
v -0.021325 0.001571 -0.027811
v -0.021366 0.001566 -0.027839
v -0.002097 -0.019735 -0.023944
v -0.004174 -0.019426 -0.024001
v -0.004163 -0.019369 -0.023989
v -0.008148 0.021262 -0.031360
v -0.011812 -0.016093 -0.024451
v -0.010022 -0.017165 -0.024252
v -0.008136 -0.018057 -0.024087
v -0.006171 -0.018759 -0.023957
v -0.019652 -0.006554 -0.026215
v -0.020356 -0.004588 -0.026579
v -0.018758 -0.008440 -0.025866
v -0.017683 -0.010229 -0.025535
v -0.016438 -0.011905 -0.025225
v -0.015037 -0.013451 -0.024939
v -0.013489 -0.014851 -0.024680
v -0.020871 0.005740 -0.028490
v -0.020366 0.007767 -0.028864
v -0.021177 0.003674 -0.028107
v -0.021279 0.001588 -0.027721
v -0.017699 0.013415 -0.029909
v -0.018772 0.011623 -0.029578
v -0.019665 0.009734 -0.029228
v -0.010036 0.020367 -0.031195
v -0.011828 0.019292 -0.030996
v -0.013506 0.018047 -0.030766
v -0.015054 0.016643 -0.030506
v -0.016455 0.015094 -0.030220
v -0.021174 -0.000498 -0.027336
v -0.020865 -0.002563 -0.026954
v -0.006181 0.021965 -0.031490
v -0.004154 0.022473 -0.031584
v -0.002087 0.022780 -0.031641
v 0.000000 0.022884 -0.031660
v -0.021260 -0.000528 -0.027454
v -0.021220 -0.000519 -0.027426
v -0.020950 -0.002602 -0.027073
v -0.020910 -0.002589 -0.027044
v -0.020439 -0.004636 -0.026699
v -0.020399 -0.004618 -0.026671
v -0.019732 -0.006609 -0.026336
v -0.019693 -0.006588 -0.026308
v -0.018833 -0.008502 -0.025988
v -0.018796 -0.008477 -0.025960
v -0.017753 -0.010299 -0.025657
v -0.017718 -0.010270 -0.025629
v -0.016504 -0.011981 -0.025348
v -0.016471 -0.011949 -0.025320
v -0.015096 -0.013533 -0.025062
v -0.015066 -0.013498 -0.025035
v -0.013542 -0.014939 -0.024804
v -0.013515 -0.014900 -0.024776
v -0.011858 -0.016185 -0.024575
v -0.011834 -0.016144 -0.024547
v -0.010061 -0.017262 -0.024377
v -0.010041 -0.017218 -0.024349
v -0.008168 -0.018157 -0.024212
v -0.008151 -0.018112 -0.024185
v -0.006195 -0.018861 -0.024082
v -0.006183 -0.018814 -0.024055
v -0.010087 -0.017313 -0.024389
v -0.008189 -0.018211 -0.024224
v -0.006212 -0.018917 -0.024094
v -0.017798 -0.010331 -0.025672
v -0.016546 -0.012018 -0.025362
v -0.015135 -0.013574 -0.025076
v -0.013577 -0.014983 -0.024817
v -0.011889 -0.016233 -0.024587
v -0.020489 -0.004653 -0.026715
v -0.019780 -0.006632 -0.026351
v -0.018880 -0.008530 -0.026003
v -0.021000 -0.002615 -0.027089
v -0.021311 -0.000536 -0.027471
v -0.020451 0.007771 -0.028980
v -0.020413 0.007765 -0.028951
v -0.020958 0.005736 -0.028606
v -0.020919 0.005733 -0.028577
v -0.021265 0.003661 -0.028225
v -0.020497 0.007782 -0.028999
v -0.021006 0.005742 -0.028624
v -0.021314 0.003662 -0.028242
v -0.019710 0.009737 -0.029315
v -0.019747 0.009747 -0.029344
v -0.018816 0.011630 -0.029663
v -0.018851 0.011644 -0.029693
v -0.017740 0.013427 -0.029994
v -0.017773 0.013444 -0.030024
v -0.016495 0.015111 -0.030304
v -0.016525 0.015130 -0.030334
v -0.015090 0.016664 -0.030590
v -0.015118 0.016686 -0.030620
v -0.013593 0.018127 -0.030900
v -0.008200 0.021363 -0.031494
v -0.008168 0.021294 -0.031443
v -0.010101 0.020462 -0.031329
v -0.010061 0.020397 -0.031278
v -0.011904 0.019380 -0.031130
v -0.011857 0.019319 -0.031079
v -0.013539 0.018071 -0.030849
v -0.019791 0.009762 -0.029363
v -0.018893 0.011662 -0.029712
v -0.017812 0.013466 -0.030043
v -0.016561 0.015156 -0.030354
v -0.015150 0.016715 -0.030640
v -0.021416 0.001563 -0.027857
v 0.000000 0.022995 -0.031794
v -0.002100 0.022891 -0.031775
v -0.004180 0.022582 -0.031718
v -0.004164 0.022509 -0.031667
v -0.006220 0.022071 -0.031624
v -0.006196 0.022000 -0.031573
v 0.004164 0.022509 -0.031667
v 0.002092 0.022817 -0.031723
v 0.002096 0.022850 -0.031753
v 0.010079 0.020426 -0.031308
v 0.010061 0.020397 -0.031278
v 0.008183 0.021325 -0.031473
v 0.008168 0.021294 -0.031443
v 0.006207 0.022032 -0.031603
v 0.006196 0.022000 -0.031573
v 0.020413 0.007765 -0.028951
v 0.020919 0.005733 -0.028577
v 0.011857 0.019319 -0.031079
v 0.011878 0.019346 -0.031109
v 0.013539 0.018071 -0.030849
v 0.013563 0.018096 -0.030879
v 0.015090 0.016664 -0.030590
v 0.015118 0.016686 -0.030620
v 0.016495 0.015111 -0.030304
v 0.016525 0.015130 -0.030334
v 0.017740 0.013427 -0.029994
v 0.017773 0.013444 -0.030024
v 0.018816 0.011630 -0.029663
v 0.004172 0.022541 -0.031696
v 0.002100 0.022891 -0.031775
v 0.004180 0.022582 -0.031718
v 0.010101 0.020462 -0.031329
v 0.008200 0.021363 -0.031494
v 0.006220 0.022071 -0.031624
v 0.018893 0.011662 -0.029712
v 0.017812 0.013466 -0.030043
v 0.011904 0.019380 -0.031130
v 0.013593 0.018127 -0.030900
v 0.015150 0.016715 -0.030640
v 0.016561 0.015156 -0.030354
v 0.021265 0.003661 -0.028225
v 0.021224 0.003662 -0.028196
v 0.020439 -0.004636 -0.026699
v 0.020399 -0.004618 -0.026671
v 0.020950 -0.002602 -0.027073
v 0.020910 -0.002589 -0.027044
v 0.021260 -0.000528 -0.027454
v 0.008168 -0.018157 -0.024212
v 0.008151 -0.018112 -0.024185
v 0.010061 -0.017262 -0.024377
v 0.010041 -0.017218 -0.024349
v 0.011858 -0.016185 -0.024575
v 0.011834 -0.016144 -0.024547
v 0.013542 -0.014939 -0.024804
v 0.013515 -0.014900 -0.024776
v 0.015096 -0.013533 -0.025062
v 0.015066 -0.013498 -0.025035
v 0.016504 -0.011981 -0.025348
v 0.016471 -0.011949 -0.025320
v 0.017753 -0.010299 -0.025657
v 0.017718 -0.010270 -0.025629
v 0.018833 -0.008502 -0.025988
v 0.018796 -0.008477 -0.025960
v 0.019732 -0.006609 -0.026336
v 0.019693 -0.006588 -0.026308
v 0.020489 -0.004653 -0.026715
v 0.021000 -0.002615 -0.027089
v 0.021311 -0.000536 -0.027471
v 0.008189 -0.018211 -0.024224
v 0.010087 -0.017313 -0.024389
v 0.011889 -0.016233 -0.024587
v 0.013577 -0.014983 -0.024817
v 0.015135 -0.013574 -0.025076
v 0.016546 -0.012018 -0.025362
v 0.017798 -0.010331 -0.025672
v 0.018880 -0.008530 -0.026003
v 0.019780 -0.006632 -0.026351
v 0.006183 -0.018814 -0.024055
v 0.006195 -0.018861 -0.024082
v 0.004155 -0.019321 -0.023962
v 0.004163 -0.019369 -0.023989
v 0.002087 -0.019628 -0.023905
v 0.002092 -0.019676 -0.023932
v 0.000000 -0.019731 -0.023886
v 0.000000 -0.019780 -0.023913
v -0.002087 -0.019628 -0.023905
v -0.002092 -0.019676 -0.023932
v -0.004155 -0.019321 -0.023962
v 0.021314 0.003662 -0.028242
v 0.021416 0.001563 -0.027857
v 0.006212 -0.018917 -0.024094
v 0.004174 -0.019426 -0.024001
v 0.002097 -0.019735 -0.023944
v 0.000000 -0.019838 -0.023925
v 0.013506 0.018047 -0.030766
v 0.011828 0.019292 -0.030996
v 0.010036 0.020367 -0.031195
v 0.008148 0.021262 -0.031360
v 0.006181 0.021965 -0.031490
v 0.004154 0.022473 -0.031584
v 0.002087 0.022780 -0.031641
v 0.021279 0.001588 -0.027721
v 0.021177 0.003674 -0.028107
v 0.020871 0.005740 -0.028490
v 0.020366 0.007767 -0.028864
v 0.019665 0.009734 -0.029228
v 0.018772 0.011623 -0.029578
v 0.017699 0.013415 -0.029909
v 0.016455 0.015094 -0.030220
v 0.015054 0.016643 -0.030506
v 0.000000 0.022897 -0.031704
v 0.020356 -0.004588 -0.026579
v 0.020865 -0.002563 -0.026954
v 0.021174 -0.000498 -0.027336
v 0.018758 -0.008440 -0.025866
v 0.017683 -0.010229 -0.025535
v 0.019652 -0.006554 -0.026215
v 0.013489 -0.014851 -0.024680
v 0.015037 -0.013451 -0.024939
v 0.016438 -0.011905 -0.025225
v -0.002089 0.022794 -0.031685
v -0.004158 0.022486 -0.031628
v -0.006187 0.021978 -0.031535
v -0.008157 0.021273 -0.031405
v -0.010047 0.020378 -0.031239
v -0.011840 0.019301 -0.031041
v -0.013520 0.018055 -0.030811
v -0.015069 0.016650 -0.030552
v -0.016471 0.015099 -0.030265
v -0.017715 0.013418 -0.029955
v -0.018790 0.011623 -0.029624
v -0.019683 0.009733 -0.029275
v -0.020384 0.007763 -0.028912
v -0.020890 0.005735 -0.028537
v -0.021195 0.003666 -0.028156
v -0.021296 0.001579 -0.027770
v -0.021191 -0.000509 -0.027385
v -0.020881 -0.002576 -0.027004
v -0.020372 -0.004602 -0.026630
v -0.019667 -0.006569 -0.026267
v -0.018771 -0.008456 -0.025918
v -0.017695 -0.010247 -0.025588
v -0.016449 -0.011924 -0.025278
v -0.015046 -0.013471 -0.024993
v -0.013497 -0.014871 -0.024734
v -0.011819 -0.016113 -0.024505
v -0.010028 -0.017186 -0.024307
v -0.008141 -0.018078 -0.024142
v -0.006175 -0.018780 -0.024013
v -0.004149 -0.019286 -0.023919
v -0.004147 -0.019264 -0.023864
v -0.002085 -0.019593 -0.023862
v -0.002083 -0.019571 -0.023807
v 0.000000 -0.019696 -0.023843
v 0.000000 -0.019674 -0.023788
v 0.002085 -0.019593 -0.023862
v 0.002083 -0.019571 -0.023807
v 0.004149 -0.019286 -0.023919
v 0.004147 -0.019264 -0.023864
v 0.006175 -0.018780 -0.024013
v 0.006171 -0.018759 -0.023957
v 0.008141 -0.018078 -0.024142
v 0.008136 -0.018057 -0.024087
v 0.010028 -0.017186 -0.024307
v 0.010022 -0.017165 -0.024252
v 0.011819 -0.016113 -0.024505
v 0.011812 -0.016093 -0.024451
v 0.013497 -0.014871 -0.024734
v 0.015046 -0.013471 -0.024993
v 0.016449 -0.011924 -0.025278
v 0.017695 -0.010247 -0.025588
v 0.018771 -0.008456 -0.025918
v 0.019667 -0.006569 -0.026267
v 0.020372 -0.004602 -0.026630
v 0.020881 -0.002576 -0.027004
v 0.021191 -0.000509 -0.027385
v 0.021296 0.001579 -0.027770
v 0.021195 0.003666 -0.028156
v 0.020890 0.005735 -0.028537
v 0.020384 0.007763 -0.028912
v 0.019683 0.009733 -0.029275
v 0.018790 0.011623 -0.029624
v 0.017715 0.013418 -0.029955
v 0.016471 0.015099 -0.030265
v 0.015069 0.016650 -0.030552
vn 0.2277 0.9631 -0.1438
vn 0.3118 0.9501 -0.0000
vn 0.3580 0.9337 -0.0000
vn 0.4359 0.9000 -0.0000
vn 0.5220 0.8529 -0.0000
vn 0.5925 0.8056 -0.0000
vn 0.6686 0.7436 -0.0000
vn 0.7293 0.6842 -0.0000
vn 0.7620 0.6476 -0.0000
vn 0.8091 0.5771 0.1105
vn 0.7872 0.6051 -0.1189
vn 0.8416 0.5400 -0.0000
vn 0.8671 0.4981 -0.0000
vn 0.9062 0.4227 -0.0000
vn 0.9433 0.3319 -0.0000
vn 0.9681 0.2507 -0.0000
vn 0.9880 0.1546 -0.0000
vn 0.9975 0.0703 -0.0000
vn 0.9998 0.0212 -0.0000
vn 0.9888 -0.0631 0.1356
vn 0.9952 -0.0277 -0.0937
vn 0.9936 -0.1125 -0.0000
vn 0.9869 -0.1612 -0.0000
vn 0.9869 -0.1611 -0.0000
vn 0.9697 -0.2443 -0.0000
vn 0.9411 -0.3381 -0.0000
vn 0.9090 -0.4167 -0.0000
vn 0.8875 -0.4608 -0.0000
vn 0.8427 -0.5329 0.0767
vn 0.8538 -0.4980 -0.1521
vn 0.8180 -0.5753 -0.0000
vn 0.7888 -0.6147 -0.0000
vn 0.7338 -0.6794 -0.0000
vn 0.6637 -0.7480 -0.0000
vn 0.5978 -0.8016 -0.0000
vn 0.5164 -0.8564 -0.0000
vn 0.4419 -0.8971 -0.0000
vn 0.3973 -0.9177 -0.0000
vn 0.3164 -0.9431 0.1021
vn 0.3490 -0.9284 -0.1273
vn 0.2712 -0.9625 -0.0000
vn 0.2236 -0.9747 -0.0000
vn 0.1402 -0.9901 -0.0000
vn 0.0424 -0.9991 -0.0000
vn -0.0424 -0.9991 -0.0000
vn -0.1402 -0.9901 -0.0000
vn -0.2236 -0.9747 -0.0000
vn -0.2712 -0.9625 -0.0000
vn -0.3518 -0.9361 -0.0000
vn -0.3359 -0.9386 -0.0784
vn -0.3973 -0.9177 -0.0000
vn -0.4419 -0.8971 -0.0000
vn -0.5164 -0.8564 -0.0000
vn -0.5978 -0.8016 -0.0000
vn -0.6637 -0.7480 -0.0000
vn -0.7338 -0.6794 -0.0000
vn -0.7888 -0.6147 -0.0000
vn -0.8180 -0.5753 -0.0000
vn -0.8538 -0.4980 0.1521
vn -0.8427 -0.5329 -0.0767
vn -0.8875 -0.4608 -0.0000
vn -0.9090 -0.4167 -0.0000
vn -0.9411 -0.3381 -0.0000
vn -0.9697 -0.2443 -0.0000
vn -0.9869 -0.1611 -0.0000
vn -0.9869 -0.1612 -0.0000
vn -0.9936 -0.1125 -0.0000
vn -0.9952 -0.0277 0.0937
vn -0.9888 -0.0631 -0.1356
vn -0.9998 0.0212 -0.0000
vn -0.9975 0.0703 -0.0000
vn -0.9880 0.1546 -0.0000
vn -0.9681 0.2507 -0.0000
vn -0.9433 0.3319 -0.0000
vn -0.9062 0.4227 -0.0000
vn -0.8671 0.4981 -0.0000
vn -0.8416 0.5400 -0.0000
vn -0.7872 0.6051 0.1189
vn -0.8091 0.5771 -0.1105
vn -0.7620 0.6476 -0.0000
vn -0.7293 0.6842 -0.0000
vn -0.6686 0.7436 -0.0000
vn -0.5925 0.8056 -0.0000
vn -0.5220 0.8529 -0.0000
vn -0.4359 0.9000 -0.0000
vn -0.3580 0.9337 -0.0000
vn -0.3118 0.9501 -0.0000
vn -0.2277 0.9631 0.1438
vn -0.2638 0.9608 -0.0852
vn -0.1821 0.9833 -0.0000
vn -0.1336 0.9910 -0.0000
vn -0.0491 0.9988 -0.0000
vn 0.0491 0.9988 -0.0000
vn 0.1336 0.9910 -0.0000
vn 0.1821 0.9833 -0.0000
vn 0.2638 0.9608 0.0852
vn -0.0000 -0.0000 -1.0000
vn -0.0000 -0.0000 1.0000
vn 0.2293 0.9698 -0.0836
vn 0.8125 0.5795 0.0641
vn 0.7909 0.6080 -0.0690
vn 0.9949 -0.0634 0.0788
vn 0.9981 -0.0278 -0.0543
vn 0.8444 -0.5339 0.0444
vn 0.8604 -0.5018 -0.0885
vn 0.7306 -0.6764 0.0934
vn 0.7571 -0.6522 -0.0395
vn 0.6996 -0.7146 -0.0000
vn 0.3175 -0.9464 0.0592
vn 0.3509 -0.9335 -0.0739
vn -0.3365 -0.9406 -0.0453
vn -0.6996 -0.7146 -0.0000
vn -0.7571 -0.6522 0.0395
vn -0.7306 -0.6764 -0.0934
vn -0.8604 -0.5018 0.0885
vn -0.8444 -0.5339 -0.0444
vn -0.9981 -0.0278 0.0543
vn -0.9949 -0.0634 -0.0788
vn -0.7909 0.6080 0.0690
vn -0.8125 0.5795 -0.0641
vn -0.2293 0.9698 0.0836
vn -0.2645 0.9631 -0.0493
vn 0.2645 0.9631 0.0493
vn 0.2079 0.9781 0.0046
vn 0.5878 0.8090 0.0044
vn 0.4830 0.8756 -0.0000
vn 0.3027 0.9531 -0.0000
vn 0.8660 0.5000 0.0041
vn 0.7893 0.6140 -0.0000
vn 0.6545 0.7560 -0.0000
vn 0.9945 0.1045 0.0037
vn 0.9676 0.2523 -0.0000
vn 0.8997 0.4365 -0.0000
vn 0.9511 -0.3090 0.0031
vn 0.9887 -0.1499 -0.0000
vn 0.9990 0.0456 -0.0000
vn 0.7431 -0.6691 0.0024
vn 0.8491 -0.5282 -0.0000
vn 0.9359 -0.3522 -0.0000
vn 0.4067 -0.9135 0.0016
vn 0.5719 -0.8204 -0.0000
vn 0.7207 -0.6932 -0.0000
vn -0.4067 -0.9135 0.0045
vn -0.2966 -0.9550 -0.0000
vn -0.1045 -0.9945 -0.0000
vn 0.1045 -0.9945 -0.0000
vn 0.3888 -0.9213 -0.0000
vn -0.7431 -0.6691 0.0043
vn -0.6494 -0.7604 -0.0000
vn -0.4886 -0.8725 -0.0000
vn -0.9510 -0.3090 0.0040
vn -0.8969 -0.4423 -0.0000
vn -0.7934 -0.6088 -0.0000
vn -0.9945 0.1045 0.0034
vn -0.9986 -0.0523 -0.0000
vn -0.9692 -0.2461 -0.0000
vn -0.8660 0.5000 0.0028
vn -0.9382 0.3462 -0.0000
vn -0.9877 0.1564 -0.0000
vn -0.5878 0.8090 0.0020
vn -0.7254 0.6884 -0.0000
vn -0.8457 0.5337 -0.0000
vn 0.0979 0.9952 -0.0000
vn -0.0979 0.9952 -0.0000
vn -0.2079 0.9781 0.0046
vn -0.3027 0.9531 -0.0000
vn -0.5664 0.8241 -0.0000
vn 0.2079 0.9781 0.0050
vn 0.5878 0.8090 0.0049
vn 0.4829 0.8757 -0.0000
vn 0.3028 0.9531 -0.0000
vn 0.8660 0.5000 0.0046
vn 0.7894 0.6139 -0.0000
vn 0.6544 0.7561 -0.0000
vn 0.9945 0.1045 0.0041
vn 0.9676 0.2525 -0.0000
vn 0.8997 0.4364 -0.0000
vn 0.9511 -0.3090 0.0035
vn 0.9887 -0.1500 -0.0000
vn 0.9990 0.0458 -0.0000
vn 0.7431 -0.6691 0.0027
vn 0.8492 -0.5281 -0.0000
vn 0.9359 -0.3523 -0.0000
vn 0.4067 -0.9135 0.0050
vn 0.4886 -0.8725 -0.0000
vn 0.7208 -0.6931 -0.0000
vn -0.4067 -0.9135 0.0050
vn -0.2965 -0.9550 -0.0000
vn 0.2965 -0.9550 -0.0000
vn -0.7431 -0.6691 0.0047
vn -0.9510 -0.3090 0.0043
vn -0.9945 0.1045 0.0038
vn -0.9692 -0.2462 -0.0000
vn -0.8660 0.5000 0.0031
vn -0.9382 0.3461 -0.0000
vn -0.5878 0.8090 0.0022
vn -0.8457 0.5336 -0.0000
vn 0.0980 0.9952 -0.0000
vn -0.0980 0.9952 -0.0000
vn -0.2079 0.9781 0.0050
vn -0.3028 0.9531 -0.0000
vn 0.2588 0.9659 0.0032
vn 0.7071 0.7071 0.0043
vn 0.6088 0.7934 -0.0000
vn 0.4422 0.8969 -0.0000
vn 0.9659 0.2588 0.0032
vn 0.8969 0.4422 -0.0000
vn 0.7934 0.6088 -0.0000
vn 0.9659 -0.2588 0.0032
vn 0.9808 -0.1950 -0.0000
vn 0.9808 0.1950 -0.0000
vn 0.7071 -0.7071 0.0043
vn 0.7934 -0.6088 -0.0000
vn 0.8969 -0.4422 -0.0000
vn 0.2588 -0.9659 0.0032
vn 0.4422 -0.8969 -0.0000
vn 0.6088 -0.7934 -0.0000
vn -0.2588 -0.9659 0.0032
vn -0.1950 -0.9808 -0.0000
vn 0.1950 -0.9808 -0.0000
vn -0.7071 -0.7071 0.0043
vn -0.6088 -0.7934 -0.0000
vn -0.4422 -0.8969 -0.0000
vn -0.9659 -0.2588 0.0032
vn -0.8969 -0.4422 -0.0000
vn -0.9659 0.2588 0.0032
vn -0.9808 0.1950 -0.0000
vn -0.9808 -0.1950 -0.0000
vn -0.7071 0.7071 0.0043
vn -0.7934 0.6088 -0.0000
vn -0.8969 0.4422 -0.0000
vn 0.1950 0.9808 -0.0000
vn -0.1950 0.9808 -0.0000
vn -0.2588 0.9659 0.0032
vn -0.4422 0.8969 -0.0000
vn -0.6088 0.7934 -0.0000
vn 0.2079 0.9781 0.0048
vn 0.5878 0.8090 0.0046
vn 0.8660 0.5000 0.0043
vn 0.9945 0.1045 0.0039
vn 0.9511 -0.3090 0.0033
vn 0.7431 -0.6691 0.0025
vn 0.4067 -0.9135 0.0047
vn 0.7209 -0.6931 -0.0000
vn -0.4067 -0.9135 0.0047
vn -0.7431 -0.6691 0.0045
vn -0.9510 -0.3090 0.0041
vn -0.9945 0.1045 0.0036
vn -0.8660 0.5000 0.0029
vn -0.5878 0.8090 0.0021
vn -0.7254 0.6883 -0.0000
vn -0.2079 0.9781 0.0048
vn 0.2393 0.9709 0.0028
vn 0.6631 0.7485 0.0043
vn 0.5927 0.8055 -0.0000
vn 0.4241 0.9056 -0.0000
vn 0.9350 0.3546 0.0045
vn 0.8783 0.4780 -0.0000
vn 0.7682 0.6402 -0.0000
vn 0.9927 -0.1205 0.0035
vn 0.9982 0.0604 -0.0000
vn 0.9672 0.2539 -0.0000
vn 0.8230 -0.5681 0.0020
vn 0.8398 -0.5429 -0.0000
vn 0.9836 -0.1803 -0.0000
vn 0.4647 -0.8854 0.0040
vn 0.5303 -0.8478 -0.0000
vn 0.6854 -0.7282 -0.0000
vn -0.4647 -0.8854 0.0040
vn -0.3119 -0.9501 -0.0000
vn -0.1205 -0.9927 -0.0000
vn 0.1205 -0.9927 -0.0000
vn 0.3119 -0.9501 -0.0000
vn -0.8230 -0.5681 0.0020
vn -0.6854 -0.7282 -0.0000
vn -0.5303 -0.8478 -0.0000
vn -0.9927 -0.1205 0.0035
vn -0.9836 -0.1803 -0.0000
vn -0.8398 -0.5429 -0.0000
vn -0.9350 0.3546 0.0045
vn -0.9672 0.2539 -0.0000
vn -0.9982 0.0604 -0.0000
vn -0.6631 0.7485 0.0043
vn -0.7682 0.6402 -0.0000
vn -0.8783 0.4780 -0.0000
vn -0.2393 0.9709 0.0028
vn -0.4241 0.9056 -0.0000
vn -0.5927 0.8055 -0.0000
vn 0.0338 0.0741 -0.9967
vn 0.0470 0.0708 -0.9964
vn 0.0645 0.0511 -0.9966
vn 0.0706 0.0468 -0.9964
vn 0.0813 0.0186 -0.9965
vn 0.0826 0.0167 -0.9964
vn 0.0826 -0.0209 -0.9964
vn 0.0815 -0.0165 -0.9965
vn 0.0664 -0.0595 -0.9960
vn 0.0681 -0.0452 -0.9966
vn 0.0471 -0.0710 -0.9964
vn 0.0288 -0.0763 -0.9967
vn 0.0168 -0.0834 -0.9964
vn 0.5483 0.8258 -0.1321
vn 0.5107 -0.7691 -0.3842
vn 0.1827 -0.9050 -0.3842
vn 0.2898 -0.9468 -0.1401
vn 0.2897 -0.9468 -0.1401
vn 0.5479 -0.8251 -0.1382
vn 0.8258 -0.5483 -0.1321
vn 0.7907 -0.6067 -0.0819
vn 0.5726 -0.8158 -0.0814
vn 0.6067 0.7907 -0.0819
vn 0.7907 0.6067 -0.0819
vn 0.8258 0.5483 -0.1321
vn 0.8936 0.4406 -0.0856
vn 0.9767 0.1972 -0.0843
vn 0.9776 0.1944 -0.0810
vn 0.9770 -0.1973 -0.0810
vn 0.9773 -0.1943 -0.0843
vn 0.8936 -0.4406 -0.0856
vn 0.4529 -0.6821 -0.5742
vn 0.6821 -0.4529 -0.5742
vn 0.8025 -0.1621 -0.5742
vn 0.8025 0.1621 -0.5742
vn 0.6821 0.4529 -0.5742
vn 0.4529 0.6821 -0.5742
vn 0.1620 0.8025 -0.5742
vn -0.1621 0.8025 -0.5742
vn -0.1620 0.8025 -0.5742
vn -0.4529 0.6821 -0.5742
vn -0.6821 0.4529 -0.5742
vn -0.8025 0.1621 -0.5742
vn -0.8025 -0.1621 -0.5742
vn -0.6821 -0.4529 -0.5742
vn -0.4529 -0.6821 -0.5742
vn -0.1621 -0.8025 -0.5742
vn 0.1001 -0.9850 -0.1402
vn -0.1960 -0.9708 -0.1382
vn -0.1904 -0.9430 -0.2730
vn -0.8258 0.5483 -0.1321
vn -0.8258 -0.5483 -0.1321
vn -0.8936 -0.4406 -0.0856
vn -0.9767 -0.1972 -0.0843
vn -0.9776 -0.1944 -0.0810
vn -0.9770 0.1973 -0.0810
vn -0.9773 0.1943 -0.0843
vn -0.8936 0.4406 -0.0856
vn 0.0972 -0.9560 -0.2768
vn 0.2366 -0.7732 -0.5883
vn 0.1904 -0.9430 -0.2731
vn 0.5321 -0.8014 -0.2731
vn 0.5335 -0.7791 -0.3293
vn 0.7868 -0.5225 -0.3285
vn 0.9258 -0.1869 -0.3285
vn 0.9258 0.1869 -0.3285
vn 0.7868 0.5225 -0.3285
vn 0.5225 0.7868 -0.3285
vn 0.1869 0.9258 -0.3285
vn -0.1869 0.9258 -0.3285
vn -0.5225 0.7868 -0.3285
vn -0.7868 0.5225 -0.3285
vn -0.9258 0.1869 -0.3285
vn -0.9258 -0.1869 -0.3285
vn -0.7868 -0.5225 -0.3285
vn -0.5225 -0.7868 -0.3285
vn -0.2000 -0.9228 -0.3293
vn -0.1827 -0.9050 -0.3842
vn 0.1621 -0.8025 -0.5742
vn -0.0466 -0.0702 -0.9964
vn -0.0505 -0.0694 -0.9963
vn -0.0165 -0.0817 -0.9965
vn -0.0203 -0.0826 -0.9964
vn 0.0051 -0.0826 -0.9966
vn -0.0674 0.3337 -0.9403
vn -0.1883 0.2836 -0.9403
vn -0.2836 0.1883 -0.9403
vn -0.3337 0.0674 -0.9403
vn -0.3337 -0.0674 -0.9403
vn -0.2836 -0.1883 -0.9403
vn -0.1883 -0.2836 -0.9403
vn -0.0674 -0.3337 -0.9403
vn 0.0674 -0.3337 -0.9403
vn 0.1883 -0.2836 -0.9403
vn 0.2836 -0.1883 -0.9403
vn 0.3337 -0.0674 -0.9403
vn 0.3337 0.0674 -0.9403
vn 0.2836 0.1883 -0.9403
vn 0.1883 0.2836 -0.9403
vn 0.0674 0.3337 -0.9403
vn 0.0169 0.0835 -0.9964
vn -0.0162 0.0802 -0.9966
vn -0.0049 0.0890 -0.9960
vn -0.0460 0.0693 -0.9965
vn -0.0436 0.0732 -0.9964
vn -0.0702 0.0466 -0.9964
vn -0.0706 0.0443 -0.9965
vn -0.0830 0.0168 -0.9964
vn -0.0816 0.0089 -0.9966
vn -0.0834 -0.0168 -0.9964
vn -0.0806 -0.0216 -0.9965
vn -0.0702 -0.0466 -0.9964
vn -0.0770 -0.0421 -0.9961
vn -0.0636 -0.0532 -0.9966
vn 0.5993 -0.7811 -0.1753
vn 0.4420 -0.8965 -0.0300
vn 0.2925 -0.9558 -0.0301
vn 0.1943 -0.9773 0.0846
vn 0.1011 -0.9946 -0.0233
vn -0.1950 -0.9805 -0.0230
vn -0.2209 -0.9716 -0.0847
vn -0.4406 -0.8936 -0.0856
vn -0.5483 -0.8258 -0.1321
vn -0.6067 -0.7907 -0.0819
vn -0.7907 -0.6067 -0.0819
vn -0.7907 0.6067 -0.0819
vn -0.6067 0.7907 -0.0819
vn -0.5483 0.8258 -0.1321
vn -0.4406 0.8936 -0.0856
vn -0.1972 0.9767 -0.0843
vn -0.1944 0.9776 -0.0810
vn 0.1973 0.9770 -0.0810
vn 0.1943 0.9773 -0.0843
vn 0.4406 0.8936 -0.0856
vn -0.3261 0.4911 -0.8077
vn -0.4911 0.3261 -0.8077
vn -0.5779 0.1167 -0.8077
vn -0.5779 -0.1167 -0.8077
vn -0.4911 -0.3261 -0.8077
vn -0.3261 -0.4911 -0.8077
vn -0.1167 -0.5779 -0.8077
vn 0.1167 -0.5779 -0.8077
vn 0.3261 -0.4911 -0.8077
vn 0.4911 -0.3261 -0.8077
vn 0.5779 -0.1167 -0.8077
vn 0.5779 0.1167 -0.8077
vn 0.4911 0.3261 -0.8077
vn 0.3261 0.4911 -0.8077
vn 0.1167 0.5779 -0.8077
vn -0.1167 0.5779 -0.8077
vn -0.0664 0.3337 -0.9403
vn -0.9384 0.0927 -0.3330
vn -0.4448 -0.8315 -0.3330
vn 0.7291 -0.5980 -0.3330
vn 0.0726 0.0485 -0.9962
vn 0.0275 0.0920 -0.9954
vn 0.0164 0.0826 -0.9964
vn 0.0428 0.0717 -0.9965
vn 0.0488 0.0730 -0.9961
vn 0.0554 0.0614 -0.9966
vn 0.0675 0.0493 -0.9965
vn 0.0241 -0.0794 -0.9965
vn 0.0302 -0.0724 -0.9969
vn 0.0494 -0.0739 -0.9960
vn 0.0528 -0.0640 -0.9966
vn 0.0700 -0.0468 -0.9964
vn 0.0723 -0.0537 -0.9959
vn 0.0747 -0.0355 -0.9966
vn 0.0826 -0.0164 -0.9964
vn 0.0826 0.0164 -0.9964
vn 0.0750 0.0349 -0.9966
vn 0.0574 0.5809 -0.8119
vn 0.0993 0.4991 -0.8608
vn 0.3491 0.2863 -0.8923
vn 0.4900 0.3274 -0.8079
vn 0.3702 0.4513 -0.8119
vn 0.2827 0.4231 -0.8608
vn 0.2753 0.5147 -0.8119
vn 0.1693 0.5587 -0.8119
vn 0.3274 -0.4900 -0.8079
vn 0.4991 -0.0993 -0.8608
vn 0.5586 -0.1693 -0.8120
vn 0.4900 -0.3274 -0.8079
vn 0.3981 -0.2130 -0.8923
vn 0.4513 -0.3702 -0.8120
vn 0.5147 0.2753 -0.8119
vn 0.5586 0.1693 -0.8120
vn 0.4991 0.0993 -0.8608
vn 0.5809 0.0574 -0.8120
vn 0.5809 -0.0574 -0.8120
vn 0.0927 0.9384 -0.3330
vn 0.0927 0.9384 -0.3329
vn 0.2734 0.9024 -0.3329
vn 0.2734 0.9024 -0.3330
vn 0.4448 0.8315 -0.3329
vn 0.4448 0.8315 -0.3330
vn 0.5980 0.7291 -0.3330
vn 0.7291 0.5980 -0.3330
vn 0.8315 0.4448 -0.3330
vn 0.9024 0.2734 -0.3330
vn 0.9384 0.0927 -0.3330
vn 0.9384 -0.0927 -0.3330
vn 0.9024 -0.2734 -0.3330
vn 0.8315 -0.4448 -0.3330
vn 0.0801 0.8107 -0.5800
vn 0.2362 0.7796 -0.5800
vn 0.3842 0.7183 -0.5800
vn 0.5166 0.6299 -0.5800
vn 0.6299 0.5166 -0.5800
vn 0.7183 0.3842 -0.5800
vn 0.7796 0.2362 -0.5800
vn 0.8107 0.0801 -0.5800
vn 0.8107 -0.0801 -0.5800
vn 0.7796 -0.2362 -0.5800
vn 0.7183 -0.3842 -0.5800
vn 0.6299 -0.5166 -0.5800
vn 0.7208 -0.6931 -0.0050
vn 0.7706 -0.6320 -0.0825
vn 0.8463 -0.5262 -0.0829
vn 0.0980 0.9918 -0.0822
vn 0.0977 0.9918 -0.0825
vn 0.2890 0.9538 -0.0825
vn 0.3021 0.9508 -0.0694
vn 0.4696 0.8779 -0.0934
vn 0.4812 0.8727 -0.0826
vn 0.6320 0.7706 -0.0825
vn 0.6534 0.7549 -0.0566
vn 0.7693 0.6309 -0.1011
vn 0.7866 0.6118 -0.0827
vn 0.8788 0.4701 -0.0825
vn 0.8989 0.4360 -0.0437
vn 0.9517 0.2884 -0.1055
vn 0.9643 0.2516 -0.0828
vn 0.9918 0.0980 -0.0825
vn 0.9985 0.0458 -0.0308
vn 0.9895 -0.0978 -0.1063
vn 0.9853 -0.1495 -0.0829
vn 0.9538 -0.2890 -0.0825
vn 0.3842 -0.7183 -0.5800
vn 0.2362 -0.7796 -0.5800
vn 0.0801 -0.8107 -0.5800
vn -0.0801 -0.8107 -0.5800
vn -0.7796 -0.2362 -0.5800
vn -0.7183 -0.3842 -0.5800
vn -0.6299 -0.5166 -0.5800
vn -0.3842 -0.7183 -0.5800
vn -0.5166 -0.6299 -0.5800
vn 0.4448 -0.8315 -0.3330
vn 0.2734 -0.9024 -0.3330
vn 0.0927 -0.9384 -0.3330
vn -0.0927 -0.9384 -0.3330
vn -0.9024 -0.2734 -0.3330
vn -0.8315 -0.4448 -0.3330
vn -0.7291 -0.5980 -0.3330
vn -0.5980 -0.7291 -0.3330
vn -0.8107 0.0801 -0.5800
vn -0.7796 0.2362 -0.5800
vn -0.2362 0.7796 -0.5800
vn -0.3842 0.7183 -0.5800
vn -0.5166 0.6299 -0.5800
vn -0.2734 0.9024 -0.3330
vn -0.4448 0.8315 -0.3330
vn -0.5980 0.7291 -0.3330
vn -0.7291 0.5980 -0.3330
vn -0.9685 -0.2460 -0.0376
vn -0.9538 -0.2890 -0.0822
vn -0.8938 -0.4408 -0.0824
vn -0.8770 -0.4691 -0.1038
vn -0.7923 -0.6080 -0.0505
vn -0.7706 -0.6320 -0.0822
vn -0.6472 -0.7578 -0.0824
vn -0.6311 -0.7695 -0.0979
vn -0.4876 -0.8707 -0.0633
vn -0.4701 -0.8788 -0.0822
vn -0.3018 0.9498 -0.0824
vn -0.2893 0.9548 -0.0676
vn -0.4696 0.8779 -0.0934
vn -0.5664 0.8241 0.0012
vn -0.6320 0.7706 -0.0822
vn -0.7229 0.6860 -0.0826
vn -0.7693 0.6309 -0.1011
vn -0.8457 0.5336 -0.0118
vn -0.0468 -0.0700 -0.9964
vn -0.0529 -0.0720 -0.9960
vn -0.0351 -0.0749 -0.9966
vn -0.0164 -0.0826 -0.9964
vn 0.0082 -0.0826 -0.9965
vn 0.0053 -0.0848 -0.9964
vn 0.0132 -0.0816 -0.9966
vn -0.4900 -0.3274 -0.8079
vn -0.3702 -0.4513 -0.8119
vn -0.2827 -0.4231 -0.8608
vn -0.2753 -0.5147 -0.8120
vn -0.0863 -0.0172 -0.9961
vn -0.0808 -0.0208 -0.9965
vn -0.0700 -0.0468 -0.9964
vn -0.0838 -0.0457 -0.9954
vn -0.0637 -0.0531 -0.9966
vn -0.0849 0.0169 -0.9962
vn -0.0826 0.0138 -0.9965
vn -0.0826 -0.0046 -0.9966
vn -0.5586 0.1693 -0.8120
vn -0.4991 0.0993 -0.8608
vn -0.5809 0.0574 -0.8120
vn 0.0664 0.3337 -0.9403
vn 0.1890 0.2829 -0.9403
vn 0.2829 0.1890 -0.9403
vn 0.3337 0.0664 -0.9403
vn 0.3337 -0.0664 -0.9403
vn 0.2829 -0.1890 -0.9403
vn 0.1890 -0.2829 -0.9403
vn 0.0974 -0.3214 -0.9419
vn 0.0330 -0.3342 -0.9419
vn -0.0664 -0.3337 -0.9403
vn -0.1890 -0.2829 -0.9403
vn -0.2829 -0.1890 -0.9403
vn -0.3337 -0.0664 -0.9403
vn -0.3337 0.0664 -0.9403
vn -0.2829 0.1890 -0.9403
vn -0.1890 0.2829 -0.9403
vn -0.4231 0.2827 -0.8608
vn -0.5147 0.2753 -0.8119
vn -0.7183 0.3842 -0.5800
vn -0.9024 0.2734 -0.3330
vn -0.9918 0.0980 -0.0822
vn 0.0078 0.0826 -0.9966
vn -0.0164 0.0826 -0.9964
vn -0.3274 0.4900 -0.8079
vn -0.4513 0.3702 -0.8120
vn -0.6299 0.5166 -0.5800
vn -0.8315 0.4448 -0.3330
vn -0.9517 0.2884 -0.1055
vn -0.9874 0.1564 -0.0247
vn -0.0132 0.0889 -0.9959
vn -0.0278 0.0779 -0.9966
vn -0.0468 0.0700 -0.9964
vn -0.0700 0.0468 -0.9964
vn -0.0773 0.0293 -0.9966
vn -0.3491 -0.2863 -0.8923
vn -0.5147 -0.2753 -0.8119
vn -0.5780 -0.1150 -0.8079
vn -0.4321 -0.1309 -0.8923
vn -0.5809 -0.0574 -0.8120
vn -0.8107 -0.0801 -0.5800
vn -0.9384 -0.0927 -0.3330
vn -0.9895 -0.0978 -0.1063
vn -0.9952 -0.0522 -0.0825
vn -0.1042 -0.9916 -0.0762
vn -0.0980 -0.9918 -0.0822
vn 0.1042 -0.9912 -0.0822
vn 0.0981 -0.9923 -0.0757
vn 0.2954 -0.9512 -0.0889
vn 0.2890 -0.9538 -0.0822
vn 0.4870 -0.8696 -0.0820
vn 0.4708 -0.8802 -0.0594
vn 0.6311 -0.7695 -0.0979
vn 0.5980 -0.7291 -0.3330
vn 0.5166 -0.6299 -0.5800
vn 0.9358 -0.3522 -0.0179
vn 0.8770 -0.4691 -0.1038
vn 0.2863 -0.3491 -0.8923
vn 0.2753 -0.5147 -0.8119
vn 0.1693 -0.5586 -0.8120
vn 0.0574 -0.5809 -0.8120
vn 0.0574 -0.5809 -0.8119
vn -0.1150 -0.5780 -0.8079
vn -0.0444 -0.4493 -0.8923
vn -0.1693 -0.5586 -0.8120
vn -0.2362 -0.7796 -0.5800
vn -0.2734 -0.9024 -0.3330
vn -0.2888 -0.9533 -0.0885
vn -0.2955 -0.9518 -0.0823
vn -0.9350 0.3449 -0.0826
vn -0.8788 0.4701 -0.0822
vn -0.2863 0.3491 -0.8923
vn -0.2753 0.5147 -0.8119
vn -0.1150 0.5780 -0.8079
vn -0.1309 0.4321 -0.8923
vn -0.0574 0.5809 -0.8119
vn -0.0801 0.8107 -0.5800
vn -0.0927 0.9384 -0.3329
vn -0.0927 0.9384 -0.3330
vn -0.0980 0.9918 -0.0825
vn -0.0977 0.9918 -0.0822
vn 0.0702 -0.0466 -0.9964
vn 0.0704 -0.0519 -0.9962
vn 0.0801 -0.0162 -0.9967
vn 0.0808 0.0184 -0.9966
vn 0.0710 0.0471 -0.9964
vn 0.0636 0.0503 -0.9967
vn 0.0476 0.0717 -0.9963
vn 0.0421 0.0721 -0.9965
vn 0.0167 0.0826 -0.9964
vn 0.0170 -0.0844 -0.9963
vn 0.0214 -0.0807 -0.9965
vn 0.0466 -0.0702 -0.9964
vn 0.0430 -0.0797 -0.9959
vn 0.8235 0.5468 -0.1513
vn 0.5482 0.8257 -0.1331
vn 0.5907 0.8028 -0.0817
vn 0.7656 0.6380 -0.0823
vn 0.8751 0.4763 -0.0862
vn 0.9636 0.2530 -0.0859
vn 0.9704 0.1960 -0.1410
vn 0.9948 0.0602 -0.0825
vn 0.1621 0.8025 -0.5742
vn -0.1620 -0.8025 -0.5742
vn 0.0824 -0.8105 -0.5799
vn 0.2385 -0.7792 -0.5797
vn -0.1957 -0.9693 -0.1487
vn -0.9704 0.1960 -0.1410
vn -0.9636 0.2530 -0.0859
vn -0.8301 0.5512 -0.0851
vn -0.8598 0.4679 -0.2043
vn -0.3108 -0.9465 -0.0864
vn -0.5283 -0.8447 -0.0856
vn -0.5493 -0.8273 -0.1176
vn -0.6831 -0.7257 -0.0826
vn -0.8303 -0.5513 -0.0810
vn -0.8380 -0.5418 -0.0639
vn -0.9749 -0.1968 -0.1044
vn -0.9804 -0.1797 -0.0813
vn -0.9948 0.0602 -0.0825
vn -0.1869 -0.9258 -0.3285
vn 0.0954 -0.9381 -0.3329
vn 0.0953 -0.9381 -0.3329
vn 0.2760 -0.9017 -0.3327
vn 0.2760 -0.9018 -0.3327
vn 0.5225 -0.7868 -0.3285
vn -0.0517 -0.0703 -0.9962
vn -0.0353 -0.0749 -0.9966
vn -0.0167 -0.0826 -0.9964
vn -0.0844 -0.0170 -0.9963
vn -0.0807 -0.0213 -0.9965
vn -0.0796 -0.0430 -0.9959
vn -0.0639 -0.0529 -0.9966
vn 0.0260 0.0867 -0.9959
vn 0.0079 0.0826 -0.9966
vn -0.0167 0.0826 -0.9964
vn -0.0131 0.0864 -0.9962
vn -0.0452 0.0681 -0.9967
vn -0.0701 0.0444 -0.9966
vn -0.0834 0.0168 -0.9964
vn -0.0826 0.0148 -0.9965
vn -0.0826 -0.0050 -0.9966
vn 0.8370 -0.5412 -0.0808
vn 0.6831 -0.7257 -0.0826
vn 0.5493 -0.8273 -0.1176
vn 0.5283 -0.8447 -0.0856
vn 0.2916 -0.9527 -0.0863
vn 0.3104 -0.9453 -0.1004
vn 0.1009 -0.9928 -0.0651
vn 0.1201 -0.9894 -0.0820
vn -0.1201 -0.9894 -0.0820
vn -0.7656 0.6380 -0.0823
vn -0.5907 0.8028 -0.0817
vn -0.5482 0.8257 -0.1331
vn -0.4225 0.9022 -0.0866
vn -0.1972 0.9767 -0.0852
vn 0.1943 0.9772 -0.0852
vn 0.4225 0.9022 -0.0866
vn 0.9781 -0.1792 -0.1060
vn 0.8315 -0.5521 -0.0624
vn 0.1435 -0.4690 -0.8715
vn 0.0590 -0.5808 -0.8119
vn 0.0273 0.0910 -0.9955
vn 0.0422 0.0721 -0.9965
vn 0.0485 0.0731 -0.9961
vn 0.0243 -0.0794 -0.9965
vn 0.0306 -0.0727 -0.9969
vn 0.0490 -0.0737 -0.9961
vn 0.0721 -0.0532 -0.9960
vn 0.0749 -0.0354 -0.9966
vn 0.0826 -0.0167 -0.9964
vn 0.0798 0.0183 -0.9966
vn 0.0718 0.0477 -0.9963
vn 0.0686 0.0482 -0.9965
vn 0.0550 0.0619 -0.9966
vn 0.3086 0.5809 -0.7532
vn 0.2385 0.7792 -0.5797
vn 0.1447 0.7167 -0.6822
vn 0.0824 0.8105 -0.5799
vn 0.5149 0.6314 -0.5799
vn 0.6314 0.5149 -0.5799
vn 0.6091 0.4044 -0.6822
vn 0.7196 0.3824 -0.5797
vn 0.6290 0.1925 -0.7532
vn 0.8105 0.0824 -0.5799
vn 0.8105 -0.0824 -0.5799
vn 0.7167 -0.1447 -0.6822
vn 0.7792 -0.2385 -0.5797
vn 0.5809 -0.3086 -0.7532
vn 0.3823 -0.7196 -0.5797
vn 0.4044 -0.6091 -0.6822
vn 0.5149 -0.6314 -0.5799
vn 0.6314 -0.5149 -0.5799
vn -0.3086 -0.5809 -0.7532
vn -0.2385 -0.7792 -0.5797
vn -0.5149 -0.6314 -0.5799
vn -0.6314 -0.5149 -0.5799
vn -0.6091 -0.4044 -0.6822
vn -0.7196 -0.3824 -0.5797
vn -0.6290 -0.1925 -0.7532
vn -0.5149 0.6314 -0.5799
vn -0.8105 -0.0824 -0.5799
vn -0.8105 0.0824 -0.5799
vn -0.7167 0.1447 -0.6822
vn -0.7792 0.2385 -0.5797
vn -0.5809 0.3086 -0.7532
vn -0.6314 0.5149 -0.5799
vn -0.1925 0.6290 -0.7532
vn -0.0824 0.8105 -0.5799
vn -0.5959 0.7308 -0.3329
vn -0.7308 0.5959 -0.3329
vn -0.8328 0.4425 -0.3327
vn -0.9018 0.2760 -0.3327
vn -0.9017 0.2760 -0.3327
vn -0.9381 0.0954 -0.3329
vn -0.9381 -0.0954 -0.3329
vn -0.9017 -0.2760 -0.3327
vn -0.9018 -0.2760 -0.3327
vn -0.8328 -0.4425 -0.3327
vn -0.7308 -0.5959 -0.3329
vn -0.5959 -0.7308 -0.3329
vn -0.4425 -0.8328 -0.3327
vn -0.2760 -0.9017 -0.3327
vn -0.0954 -0.9381 -0.3329
vn -0.5664 0.8241 -0.0052
vn -0.6298 0.7724 -0.0822
vn -0.7710 0.6287 -0.1010
vn -0.8456 0.5336 -0.0177
vn -0.8797 0.4674 -0.0877
vn -0.9345 0.3448 -0.0879
vn -0.9505 0.2909 -0.1088
vn -0.9872 0.1564 -0.0299
vn -0.9915 0.1008 -0.0822
vn -0.9892 -0.1005 -0.1067
vn -0.9684 -0.2459 -0.0424
vn -0.9525 -0.2915 -0.0877
vn -0.8934 -0.4405 -0.0878
vn -0.8781 -0.4666 -0.1065
vn -0.7922 -0.6079 -0.0545
vn -0.7724 -0.6298 -0.0822
vn -0.6289 -0.7712 -0.0993
vn -0.4875 -0.8705 -0.0670
vn -0.4674 -0.8797 -0.0877
vn -0.2954 -0.9513 -0.0877
vn -0.2914 -0.9522 -0.0912
vn -0.1042 -0.9914 -0.0790
vn -0.1008 -0.9915 -0.0822
vn -0.2760 0.9018 -0.3327
vn -0.2760 0.9017 -0.3327
vn -0.0954 0.9381 -0.3329
vn 0.0954 0.9381 -0.3329
vn 0.2760 0.9017 -0.3327
vn 0.2760 0.9018 -0.3327
vn 0.4425 0.8328 -0.3327
vn 0.5959 0.7308 -0.3329
vn 0.7308 0.5959 -0.3329
vn 0.8328 0.4425 -0.3327
vn 0.9018 0.2760 -0.3327
vn 0.9017 0.2760 -0.3327
vn 0.9381 0.0954 -0.3329
vn 0.9381 -0.0954 -0.3329
vn 0.9017 -0.2760 -0.3327
vn 0.8328 -0.4425 -0.3327
vn 0.7308 -0.5959 -0.3329
vn 0.5959 -0.7308 -0.3329
vn 0.4425 -0.8328 -0.3327
vn -0.0522 -0.0718 -0.9961
vn -0.0348 -0.0751 -0.9966
vn 0.0084 -0.0826 -0.9965
vn 0.0053 -0.0849 -0.9964
vn 0.0133 -0.0816 -0.9966
vn -0.0862 -0.0174 -0.9961
vn -0.0826 -0.0452 -0.9956
vn -0.0845 0.0171 -0.9963
vn -0.0826 0.0144 -0.9965
vn -0.0826 -0.0054 -0.9966
vn 0.0340 -0.3342 -0.9419
vn 0.0984 -0.3214 -0.9418
vn -0.0134 0.0886 -0.9960
vn -0.0279 0.0779 -0.9966
vn -0.0466 0.0702 -0.9964
vn -0.0772 0.0297 -0.9966
vn -0.1447 -0.7167 -0.6823
vn -0.0824 -0.8105 -0.5799
vn 0.1008 -0.9918 -0.0788
vn 0.2914 -0.9522 -0.0912
vn 0.3888 -0.9213 -0.0014
vn 0.4675 -0.8799 -0.0853
vn 0.5698 -0.8173 -0.0856
vn 0.6289 -0.7712 -0.0993
vn 0.7207 -0.6932 -0.0085
vn 0.7722 -0.6297 -0.0853
vn 0.8460 -0.5263 -0.0856
vn 0.8781 -0.4665 -0.1065
vn 0.9356 -0.3520 -0.0262
vn 0.9527 -0.2916 -0.0852
vn 0.9851 -0.1493 -0.0855
vn 0.9892 -0.1005 -0.1067
vn 0.9984 0.0456 -0.0332
vn 0.9912 0.1008 -0.0853
vn 0.9641 0.2514 -0.0855
vn 0.9505 0.2909 -0.1088
vn 0.8985 0.4359 -0.0508
vn 0.8799 0.4675 -0.0852
vn 0.7864 0.6118 -0.0854
vn 0.7710 0.6287 -0.1010
vn 0.6534 0.7548 -0.0578
vn 0.6297 0.7722 -0.0853
vn 0.4813 0.8724 -0.0853
vn 0.4670 0.8788 -0.0980
vn 0.3018 0.9504 -0.0754
vn 0.2916 0.9527 -0.0852
vn 0.0975 0.9916 -0.0852
vn 0.1008 0.9915 -0.0822
vn -0.0976 0.9918 -0.0822
vn -0.1008 0.9913 -0.0853
vn -0.3016 0.9496 -0.0851
vn -0.2918 0.9536 -0.0740
vn -0.4670 0.8788 -0.0980
vn -0.4425 0.8328 -0.3327
vn -0.3824 0.7196 -0.5797
vn -0.4044 0.6091 -0.6822
vn 0.1709 -0.5585 -0.8117
vn 0.0257 0.0911 -0.9955
vn 0.0407 0.0725 -0.9965
vn 0.0495 0.0741 -0.9960
vn 0.0538 0.0630 -0.9966
vn 0.0677 0.0491 -0.9965
vn 0.0721 -0.0524 -0.9960
vn 0.2597 0.2130 -0.9419
vn 0.2424 0.1620 -0.9565
vn 0.0727 0.0486 -0.9962
vn 0.0751 0.0346 -0.9966
vn 0.2130 0.2597 -0.9419
vn 0.1620 0.2424 -0.9565
vn 0.1584 0.2962 -0.9419
vn 0.3342 0.0330 -0.9419
vn 0.2860 0.0569 -0.9565
vn 0.3214 0.0974 -0.9419
vn 0.2962 0.1584 -0.9419
vn 0.3342 -0.0330 -0.9419
vn 0.2860 -0.0569 -0.9565
vn 0.0751 -0.0347 -0.9966
vn 0.3214 -0.0974 -0.9419
vn 0.2962 -0.1584 -0.9419
vn 0.2425 -0.1620 -0.9565
vn 0.2597 -0.2130 -0.9419
vn 0.2130 -0.2597 -0.9419
vn 0.1620 -0.2424 -0.9565
vn 0.1584 -0.2962 -0.9419
vn 0.3843 0.7183 -0.5800
vn 0.4870 -0.8696 -0.0821
vn 0.3160 -0.9452 -0.0824
vn 0.2871 -0.9476 -0.1402
vn 0.0974 -0.9853 -0.1402
vn -0.0974 -0.9853 -0.1402
vn -0.5664 0.8241 0.0056
vn -0.7692 0.6308 -0.1021
vn -0.8457 0.5336 -0.0080
vn -0.9516 0.2883 -0.1067
vn -0.9875 0.1564 -0.0216
vn -0.9894 -0.0978 -0.1076
vn -0.9686 -0.2460 -0.0352
vn -0.8769 -0.4691 -0.1050
vn -0.7924 -0.6080 -0.0488
vn -0.6310 -0.7694 -0.0987
vn -0.4877 -0.8708 -0.0623
vn -0.2734 0.9024 -0.3329
vn -0.0523 -0.0720 -0.9960
vn -0.0346 -0.0751 -0.9966
vn 0.0066 -0.0839 -0.9964
vn 0.0237 -0.0783 -0.9966
vn 0.0225 -0.0801 -0.9965
vn 0.0468 -0.0700 -0.9964
vn 0.0463 -0.0826 -0.9955
vn 0.0538 -0.0631 -0.9966
vn -0.0330 -0.3342 -0.9419
vn -0.0569 -0.2860 -0.9565
vn -0.0974 -0.3214 -0.9419
vn -0.1223 -0.2286 -0.9658
vn -0.2130 -0.2597 -0.9419
vn -0.2597 -0.2130 -0.9419
vn -0.2425 -0.1620 -0.9565
vn -0.2962 -0.1584 -0.9419
vn -0.0874 -0.0174 -0.9960
vn -0.0801 -0.0225 -0.9965
vn -0.0825 -0.0463 -0.9955
vn -0.0630 -0.0538 -0.9966
vn -0.0858 0.0171 -0.9962
vn -0.0826 0.0131 -0.9965
vn -0.0826 -0.0065 -0.9966
vn -0.2481 -0.0752 -0.9658
vn -0.3342 -0.0330 -0.9419
vn -0.2580 0.0255 -0.9658
vn -0.3214 0.0974 -0.9419
vn -0.2286 0.1223 -0.9658
vn -0.2597 0.2130 -0.9419
vn -0.2130 0.2597 -0.9419
vn -0.1620 0.2424 -0.9565
vn -0.0752 0.2481 -0.9658
vn -0.0330 0.3342 -0.9419
vn 0.0255 0.2580 -0.9658
vn 0.0974 0.3214 -0.9419
vn 0.0065 0.0826 -0.9966
vn -0.1584 0.2962 -0.9419
vn -0.0139 0.0880 -0.9960
vn -0.0286 0.0776 -0.9966
vn -0.0776 0.0286 -0.9966
vn -0.2888 -0.9532 -0.0889
vn -0.1285 -0.9887 -0.0777
vn -0.1045 -0.9943 -0.0233
vn 0.0983 -0.9949 -0.0233
vn 0.1045 -0.9945 -0.0103
vn 0.2963 -0.9543 -0.0377
vn 0.4709 -0.8803 -0.0582
vn 0.6310 -0.7694 -0.0987
vn 0.7208 -0.6931 -0.0009
vn 0.7706 -0.6320 -0.0826
vn 0.8463 -0.5263 -0.0829
vn 0.8769 -0.4691 -0.1050
vn 0.9358 -0.3522 -0.0145
vn 0.9538 -0.2890 -0.0826
vn 0.9894 -0.0978 -0.1076
vn 0.9986 0.0458 -0.0281
vn 0.9918 0.0980 -0.0826
vn 0.9516 0.2883 -0.1067
vn 0.8990 0.4360 -0.0417
vn 0.8788 0.4701 -0.0826
vn 0.7692 0.6308 -0.1021
vn 0.6534 0.7550 -0.0552
vn 0.6320 0.7706 -0.0826
vn 0.4813 0.8727 -0.0827
vn 0.4696 0.8779 -0.0940
vn 0.3021 0.9508 -0.0688
vn 0.2890 0.9538 -0.0826
vn 0.0977 0.9918 -0.0826
vn -0.0980 0.9918 -0.0826
vn -0.3018 0.9498 -0.0825
vn -0.2893 0.9549 -0.0668
vn -0.4696 0.8779 -0.0940
vn -0.1693 0.5586 -0.8120
vn -0.2753 0.5147 -0.8120
vn -0.3702 0.4513 -0.8120
vn -0.4513 0.3702 -0.8119
vn -0.4514 0.3702 -0.8119
vn -0.5586 0.1693 -0.8119
vn -0.5586 -0.1693 -0.8120
vn -0.5587 -0.1693 -0.8119
vn -0.5147 -0.2753 -0.8120
vn -0.4513 -0.3702 -0.8120
vn -0.4514 -0.3702 -0.8119
vn -0.3702 -0.4514 -0.8120
vn -0.2753 -0.5147 -0.8119
vn -0.1693 -0.5587 -0.8119
vn -0.0574 -0.5809 -0.8120
vn -0.0574 -0.5809 -0.8119
vn 0.1693 -0.5587 -0.8119
vn 0.3702 -0.4514 -0.8119
vn 0.3702 -0.4513 -0.8119
vn 0.5147 -0.2753 -0.8119
vn 0.5587 -0.1693 -0.8119
vn 0.5586 0.1693 -0.8119
vn 0.5147 0.2753 -0.8120
vn 0.4513 0.3702 -0.8119
vn 0.4514 0.3702 -0.8119
vn 0.3702 0.4513 -0.8120
vn 0.2753 0.5147 -0.8120
vn 0.1693 0.5586 -0.8120
vn 0.0574 0.5809 -0.8120
vn -0.0574 0.5809 -0.8120
vn -0.0659 0.0889 0.9939
vn -0.0306 0.0504 0.9983
vn 0.1093 -0.0162 0.9939
vn 0.0574 -0.0140 0.9983
vn 0.7956 0.4772 0.3733
vn 0.8375 0.5373 0.0997
vn 0.7994 0.5925 0.0997
vn 0.7452 0.5729 -0.3412
vn 0.6918 0.6265 0.3591
vn 0.7268 0.6819 0.0826
vn 0.6690 0.7387 0.0825
vn 0.6686 0.7436 -0.0127
vn 0.5850 0.7893 0.1865
vn 0.0480 -0.9706 0.2359
vn 0.1397 -0.9868 -0.0824
vn 0.1463 -0.9842 0.0998
vn 0.2225 -0.9698 0.0998
vn 0.2247 -0.8981 0.3780
vn 0.2700 -0.9584 0.0922
vn 0.3351 -0.9377 0.0922
vn 0.3333 -0.8868 -0.3200
vn 0.4013 -0.8476 0.3472
vn 0.4400 -0.8932 0.0922
vn 0.5122 -0.8539 0.0921
vn 0.5161 -0.8560 0.0300
vn 0.5874 -0.7925 0.1638
vn 0.5953 -0.7982 0.0922
vn 0.6608 -0.7448 0.0923
vn 0.6421 -0.7090 0.2915
vn 0.7199 -0.6665 -0.1938
vn 0.7380 -0.6684 0.0921
vn 0.7854 -0.6121 0.0922
vn 0.7406 -0.5489 0.3876
vn 0.8139 -0.5724 0.0997
vn 0.8533 -0.5118 0.0996
vn 0.8431 -0.4918 -0.2175
vn 0.8586 -0.4065 0.3124
vn 0.9059 -0.4153 0.0826
vn 0.9385 -0.3354 0.0825
vn 0.9335 -0.3354 0.1264
vn 0.9686 -0.2423 0.0563
vn 0.9649 -0.2431 0.0996
vn 0.9820 -0.1603 0.0997
vn 0.9289 -0.1381 0.3436
vn 0.9894 -0.1120 0.0922
vn 0.9945 -0.0492 0.0921
vn 0.9019 -0.0251 -0.4312
vn 0.9256 0.0458 0.3757
vn 0.9933 0.0700 0.0922
vn 0.9849 0.1464 0.0921
vn 0.9820 0.1537 -0.1095
vn 0.9353 0.2340 0.2653
vn 0.9639 0.2496 0.0921
vn 0.9377 0.3351 0.0921
vn 0.9207 0.3239 0.2176
vn 0.9014 0.4267 -0.0734
vn 0.9024 0.4209 0.0921
vn 0.8634 0.4960 0.0922
vn 0.0048 0.0975 0.9952
vn 0.0035 0.0826 0.9966
vn 0.0101 0.0680 0.9976
vn 0.0090 0.0575 0.9983
vn 0.0272 0.1086 0.9937
vn 0.0212 0.0799 0.9966
vn 0.0267 0.0782 0.9966
vn 0.0377 0.1055 0.9937
vn 0.0245 0.0527 0.9983
vn 0.0291 0.0614 0.9977
vn 0.0506 0.0844 0.9951
vn 0.0864 0.0518 0.9949
vn 0.0705 0.0431 0.9966
vn 0.0673 0.0479 0.9966
vn 0.0957 0.0709 0.9929
vn 0.0410 0.0357 0.9985
vn 0.1100 0.0275 0.9935
vn 0.0568 0.0090 0.9983
vn 0.0703 0.0105 0.9975
vn 0.0595 0.0282 0.9978
vn 0.0539 0.0252 0.9982
vn 0.1032 0.0369 0.9940
vn 0.0781 0.0268 0.9966
vn 0.0798 0.0213 0.9966
vn 0.0613 0.0555 0.9966
vn 0.0555 0.0613 0.9966
vn 0.0350 0.0404 0.9986
vn 0.0714 0.0963 0.9928
vn 0.0478 0.0674 0.9966
vn 0.0430 0.0706 0.9966
vn 0.0466 -0.0267 0.9986
vn 0.1085 -0.0514 0.9928
vn 0.0754 -0.0338 0.9966
vn 0.0776 -0.0284 0.9966
vn 0.0933 -0.0333 0.9951
vn 0.0655 -0.0164 0.9977
vn 0.0654 -0.0722 0.9952
vn 0.0559 -0.0609 0.9966
vn 0.0411 -0.0554 0.9976
vn 0.0343 -0.0469 0.9983
vn 0.0576 -0.0961 0.9937
vn 0.0415 -0.0714 0.9966
vn 0.0364 -0.0742 0.9966
vn 0.0479 -0.1011 0.9937
vn 0.0199 -0.0546 0.9983
vn 0.0228 -0.0638 0.9977
vn 0.0239 -0.0957 0.9951
vn 0.0600 -0.0568 0.9966
vn 0.0895 -0.0811 0.9927
vn 0.0420 -0.0326 0.9986
vn 0.0676 -0.0501 0.9964
vn 0.0696 -0.0417 0.9967
vn 0.0949 0.0047 0.9955
vn 0.0617 0.0018 0.9981
vn 0.1127 -0.0056 0.9936
vn 0.0824 -0.0053 0.9966
vn 0.0819 -0.0111 0.9966
vn -0.1960 0.5483 0.8130
vn -0.2492 0.5263 0.8129
vn -0.2491 0.5262 0.8130
vn -0.2995 0.4993 0.8130
vn -0.3467 0.4678 0.8130
vn -0.3909 0.4316 0.8130
vn -0.4316 0.3909 0.8130
vn -0.4678 0.3467 0.8130
vn -0.4993 0.2995 0.8130
vn -0.4994 0.2995 0.8130
vn -0.5263 0.2491 0.8130
vn -0.5483 0.1960 0.8130
vn -0.5648 0.1413 0.8130
vn -0.5759 0.0856 0.8130
vn -0.5815 0.0288 0.8130
vn -0.5815 -0.0288 0.8130
vn -0.5759 -0.0856 0.8130
vn -0.5648 -0.1413 0.8130
vn -0.5483 -0.1960 0.8130
vn -0.5263 -0.2491 0.8130
vn -0.4993 -0.2995 0.8130
vn -0.4994 -0.2995 0.8130
vn -0.4678 -0.3467 0.8130
vn -0.4316 -0.3909 0.8130
vn -0.4315 -0.3908 0.8130
vn -0.3908 -0.4315 0.8130
vn -0.3909 -0.4316 0.8130
vn -0.3467 -0.4678 0.8130
vn -0.2995 -0.4993 0.8130
vn -0.2995 -0.4994 0.8130
vn -0.2492 -0.5263 0.8130
vn -0.2491 -0.5262 0.8130
vn -0.1959 -0.5482 0.8131
vn -0.1960 -0.5483 0.8130
vn -0.1413 -0.5649 0.8129
vn -0.1413 -0.5649 0.8130
vn -0.0856 -0.5759 0.8130
vn -0.0856 -0.5760 0.8130
vn -0.0288 -0.5816 0.8129
vn -0.0288 -0.5815 0.8130
vn 0.0288 -0.5815 0.8130
vn 0.0288 -0.5816 0.8130
vn 0.0856 -0.5760 0.8129
vn 0.0856 -0.5759 0.8130
vn 0.1413 -0.5648 0.8130
vn 0.1414 -0.5650 0.8129
vn 0.1960 -0.5484 0.8129
vn 0.1959 -0.5482 0.8131
vn 0.2491 -0.5262 0.8130
vn 0.2492 -0.5263 0.8130
vn 0.2995 -0.4994 0.8130
vn 0.2995 -0.4993 0.8130
vn 0.3467 -0.4678 0.8130
vn 0.3909 -0.4316 0.8130
vn 0.3908 -0.4315 0.8131
vn 0.4315 -0.3908 0.8130
vn 0.4316 -0.3909 0.8130
vn 0.4678 -0.3467 0.8130
vn 0.4994 -0.2995 0.8130
vn 0.4993 -0.2995 0.8130
vn 0.5263 -0.2491 0.8130
vn 0.5483 -0.1960 0.8130
vn 0.5648 -0.1413 0.8130
vn 0.5759 -0.0856 0.8130
vn 0.5815 -0.0288 0.8130
vn 0.5815 0.0288 0.8130
vn 0.5759 0.0856 0.8130
vn 0.5648 0.1413 0.8130
vn 0.5483 0.1960 0.8130
vn 0.5263 0.2491 0.8130
vn 0.4994 0.2995 0.8130
vn 0.4993 0.2995 0.8130
vn 0.4678 0.3467 0.8130
vn 0.4316 0.3909 0.8130
vn 0.3909 0.4316 0.8130
vn 0.3467 0.4678 0.8130
vn 0.2995 0.4993 0.8130
vn 0.2491 0.5263 0.8130
vn 0.2492 0.5263 0.8130
vn 0.1960 0.5483 0.8130
vn 0.1413 0.5649 0.8130
vn 0.1413 0.5648 0.8130
vn 0.0856 0.5759 0.8130
vn 0.0288 0.5816 0.8130
vn 0.0288 0.5815 0.8130
vn -0.0288 0.5816 0.8130
vn -0.0288 0.5815 0.8130
vn -0.0856 0.5759 0.8130
vn -0.0058 -0.1180 0.9930
vn -0.0284 -0.0776 0.9966
vn -0.0338 -0.0754 0.9966
vn -0.0514 -0.1086 0.9928
vn -0.0267 -0.0465 0.9986
vn -0.0056 -0.0824 0.9966
vn -0.0110 -0.0819 0.9966
vn -0.0163 -0.1094 0.9939
vn -0.0140 -0.0573 0.9983
vn -0.0164 -0.0657 0.9977
vn -0.0333 -0.0931 0.9951
vn -0.0724 -0.0656 0.9952
vn -0.0609 -0.0559 0.9966
vn -0.0552 -0.0409 0.9976
vn -0.0470 -0.0343 0.9983
vn -0.0960 -0.0576 0.9937
vn -0.0714 -0.0415 0.9966
vn -0.0742 -0.0364 0.9966
vn -0.1013 -0.0479 0.9937
vn -0.0545 -0.0199 0.9983
vn -0.0639 -0.0229 0.9977
vn -0.0955 -0.0239 0.9951
vn -0.0567 -0.0600 0.9966
vn -0.0811 -0.0895 0.9927
vn -0.0327 -0.0421 0.9986
vn -0.0500 -0.0675 0.9965
vn -0.0419 -0.0698 0.9967
vn -0.0971 0.0243 0.9950
vn -0.0803 0.0194 0.9966
vn -0.0814 0.0138 0.9966
vn -0.1181 0.0176 0.9928
vn -0.0540 0.0038 0.9985
vn -0.0968 0.0581 0.9936
vn -0.0467 0.0340 0.9983
vn -0.0566 0.0420 0.9975
vn -0.0625 0.0224 0.9978
vn -0.0556 0.0202 0.9982
vn -0.0996 0.0472 0.9939
vn -0.0742 0.0363 0.9966
vn -0.0715 0.0414 0.9966
vn -0.0140 0.0517 0.9986
vn -0.0404 0.1131 0.9928
vn -0.0294 0.0772 0.9966
vn -0.0348 0.0749 0.9966
vn -0.0423 0.0893 0.9951
vn -0.0348 0.0581 0.9977
vn -0.0709 0.0642 0.9954
vn -0.0451 0.0426 0.9981
vn -0.0756 0.0835 0.9936
vn -0.0546 0.0620 0.9966
vn -0.0501 0.0657 0.9966
vn -0.0826 0.0041 0.9966
vn -0.0826 -0.0041 0.9966
vn -0.0533 -0.0038 0.9986
vn -0.1186 -0.0176 0.9928
vn -0.0814 -0.0138 0.9966
vn -0.0803 -0.0195 0.9966
vn -0.1127 0.3153 0.9423
vn -0.1433 0.3027 0.9423
vn -0.1433 0.3026 0.9423
vn -0.1723 0.2872 0.9423
vn -0.1722 0.2872 0.9423
vn -0.1994 0.2690 0.9423
vn -0.1994 0.2691 0.9422
vn -0.2248 0.2482 0.9423
vn -0.2482 0.2248 0.9423
vn -0.2691 0.1994 0.9422
vn -0.2690 0.1994 0.9423
vn -0.2872 0.1722 0.9423
vn -0.3027 0.1433 0.9423
vn -0.3153 0.1127 0.9423
vn -0.3154 0.1127 0.9423
vn -0.3249 0.0813 0.9423
vn -0.3313 0.0492 0.9423
vn -0.3312 0.0492 0.9423
vn -0.3345 0.0166 0.9423
vn -0.3345 -0.0166 0.9423
vn -0.3312 -0.0492 0.9423
vn -0.3313 -0.0492 0.9423
vn -0.3249 -0.0813 0.9423
vn -0.3154 -0.1127 0.9423
vn -0.3153 -0.1127 0.9423
vn -0.3027 -0.1433 0.9423
vn -0.2872 -0.1723 0.9423
vn -0.2872 -0.1722 0.9423
vn -0.2690 -0.1994 0.9423
vn -0.2691 -0.1994 0.9422
vn -0.2482 -0.2248 0.9423
vn -0.2248 -0.2482 0.9423
vn -0.1994 -0.2690 0.9423
vn -0.1994 -0.2691 0.9422
vn -0.1723 -0.2872 0.9423
vn -0.1433 -0.3027 0.9423
vn -0.1127 -0.3154 0.9422
vn -0.1127 -0.3153 0.9423
vn -0.0813 -0.3249 0.9423
vn -0.0813 -0.3249 0.9422
vn -0.0492 -0.3313 0.9422
vn -0.0492 -0.3312 0.9423
vn -0.0166 -0.3344 0.9423
vn -0.0166 -0.3345 0.9423
vn 0.0166 -0.3345 0.9423
vn 0.0166 -0.3344 0.9423
vn 0.0492 -0.3312 0.9423
vn 0.0492 -0.3313 0.9422
vn 0.0813 -0.3249 0.9422
vn 0.0813 -0.3249 0.9423
vn 0.1127 -0.3153 0.9423
vn 0.1127 -0.3154 0.9422
vn 0.1433 -0.3027 0.9422
vn 0.1433 -0.3026 0.9423
vn 0.1722 -0.2872 0.9423
vn 0.1723 -0.2872 0.9423
vn 0.1994 -0.2691 0.9422
vn 0.1994 -0.2690 0.9423
vn 0.2248 -0.2482 0.9423
vn 0.2482 -0.2248 0.9423
vn 0.2691 -0.1994 0.9422
vn 0.2690 -0.1994 0.9423
vn 0.2872 -0.1722 0.9423
vn 0.2872 -0.1723 0.9423
vn 0.3027 -0.1433 0.9423
vn 0.3153 -0.1127 0.9423
vn 0.3154 -0.1127 0.9423
vn 0.3249 -0.0813 0.9423
vn 0.3313 -0.0492 0.9423
vn 0.3312 -0.0492 0.9423
vn 0.3345 -0.0166 0.9423
vn 0.3345 0.0166 0.9423
vn 0.3313 0.0492 0.9423
vn 0.3249 0.0813 0.9423
vn 0.3154 0.1127 0.9423
vn 0.3153 0.1127 0.9423
vn 0.3027 0.1433 0.9423
vn 0.2872 0.1722 0.9423
vn 0.2690 0.1994 0.9423
vn 0.2691 0.1994 0.9422
vn 0.2482 0.2248 0.9423
vn 0.2248 0.2482 0.9423
vn 0.1994 0.2691 0.9423
vn 0.1994 0.2690 0.9423
vn 0.1722 0.2872 0.9423
vn 0.1433 0.3027 0.9423
vn 0.1433 0.3026 0.9423
vn 0.1127 0.3154 0.9423
vn 0.1127 0.3153 0.9423
vn 0.0813 0.3249 0.9423
vn 0.0492 0.3313 0.9423
vn 0.0492 0.3313 0.9422
vn 0.0166 0.3345 0.9423
vn -0.0166 0.3344 0.9423
vn -0.0166 0.3345 0.9422
vn -0.0492 0.3313 0.9422
vn -0.0492 0.3312 0.9423
vn -0.4013 -0.8476 0.3472
vn -0.3960 -0.9145 0.0826
vn -0.3354 -0.9385 0.0825
vn -0.3355 -0.9375 0.0921
vn -0.2700 -0.9584 0.0922
vn -0.2247 -0.8981 0.3780
vn -0.2225 -0.9698 0.0998
vn -0.1463 -0.9842 0.0998
vn -0.1397 -0.9868 -0.0824
vn -0.0480 -0.9706 0.2359
vn -0.0423 -0.9957 0.0826
vn 0.0423 -0.9957 0.0826
vn -0.8586 -0.4065 0.3124
vn -0.8837 -0.4589 0.0922
vn -0.8539 -0.5122 0.0922
vn -0.7466 -0.4721 -0.4688
vn -0.7406 -0.5489 0.3876
vn -0.7854 -0.6121 0.0922
vn -0.7380 -0.6684 0.0921
vn -0.7199 -0.6665 -0.1938
vn -0.6421 -0.7090 0.2915
vn -0.6608 -0.7448 0.0923
vn -0.5929 -0.8000 0.0922
vn -0.5894 -0.7903 0.1678
vn -0.5142 -0.8573 0.0266
vn -0.5142 -0.8527 0.0921
vn -0.4400 -0.8932 0.0922
vn -0.9353 0.2340 0.2653
vn -0.9820 0.1537 -0.1095
vn -0.9849 0.1464 0.0921
vn -0.9933 0.0700 0.0922
vn -0.9256 0.0458 0.3757
vn -0.9964 0.0212 0.0826
vn -0.9954 -0.0493 0.0825
vn -0.9577 -0.0611 -0.2813
vn -0.9289 -0.1381 0.3436
vn -0.9820 -0.1603 0.0997
vn -0.9653 -0.2415 0.0996
vn -0.9681 -0.2439 0.0575
vn -0.9343 -0.3339 0.1252
vn -0.9379 -0.3370 0.0825
vn -0.9059 -0.4153 0.0826
vn -0.6918 0.6265 0.3591
vn -0.7587 0.6449 0.0922
vn -0.8000 0.5929 0.0921
vn -0.7583 0.5409 -0.3638
vn -0.7956 0.4772 0.3733
vn -0.8634 0.4960 0.0922
vn -0.9000 0.4261 0.0922
vn -0.9048 0.4221 -0.0573
vn -0.9218 0.3294 0.2045
vn -0.9393 0.3305 0.0921
vn -0.9639 0.2496 0.0921
vn -0.1386 0.9325 0.3336
vn -0.1812 0.9784 0.0997
vn -0.2415 0.9653 0.0996
vn -0.2365 0.8614 -0.4495
vn -0.3114 0.8712 0.3795
vn -0.3568 0.9305 0.0827
vn -0.4264 0.9007 0.0825
vn -0.4309 0.8896 -0.1512
vn -0.4936 0.8230 0.2811
vn -0.5194 0.8487 0.0996
vn -0.5925 0.7994 0.0996
vn -0.5812 0.7903 0.1940
vn -0.6712 0.7410 -0.0205
vn -0.6663 0.7411 0.0825
vn -0.7268 0.6819 0.0826
vn -0.1386 0.9323 0.3342
vn -0.1386 0.9323 0.3340
vn -0.2288 0.9144 0.3340
vn -0.2288 0.9144 0.3341
vn -0.3172 0.8876 0.3340
vn -0.4033 0.8520 0.3339
vn -0.4033 0.8519 0.3341
vn -0.4848 0.8083 0.3340
vn -0.4848 0.8083 0.3341
vn -0.5613 0.7572 0.3340
vn -0.5613 0.7572 0.3341
vn -0.6327 0.6986 0.3341
vn -0.6986 0.6327 0.3341
vn -0.6986 0.6327 0.3340
vn -0.7572 0.5613 0.3340
vn -0.8083 0.4848 0.3340
vn -0.8519 0.4033 0.3340
vn -0.8876 0.3172 0.3340
vn -0.8876 0.3172 0.3341
vn -0.9144 0.2288 0.3340
vn -0.9323 0.1386 0.3340
vn -0.9323 0.1386 0.3341
vn -0.9414 0.0466 0.3341
vn -0.9414 0.0466 0.3340
vn -0.9414 -0.0466 0.3340
vn -0.9414 -0.0466 0.3341
vn -0.9323 -0.1386 0.3341
vn -0.9323 -0.1386 0.3340
vn -0.9144 -0.2288 0.3340
vn -0.9144 -0.2288 0.3341
vn -0.8876 -0.3172 0.3341
vn -0.8876 -0.3172 0.3340
vn -0.8519 -0.4033 0.3340
vn -0.8083 -0.4848 0.3340
vn -0.7572 -0.5613 0.3340
vn -0.7572 -0.5613 0.3341
vn -0.6986 -0.6327 0.3341
vn -0.6327 -0.6986 0.3340
vn -0.6327 -0.6986 0.3341
vn -0.5613 -0.7572 0.3340
vn -0.5613 -0.7573 0.3339
vn -0.4848 -0.8084 0.3339
vn -0.4033 -0.8520 0.3339
vn -0.3172 -0.8876 0.3340
vn -0.3172 -0.8875 0.3342
vn -0.2288 -0.9143 0.3342
vn -0.2288 -0.9144 0.3339
vn -0.1386 -0.9324 0.3339
vn -0.1386 -0.9323 0.3341
vn -0.0466 -0.9414 0.3341
vn -0.0466 -0.9415 0.3338
vn 0.0466 -0.9414 0.3339
vn 0.0466 -0.9414 0.3340
vn 0.1386 -0.9323 0.3342
vn 0.1386 -0.9324 0.3338
vn 0.2288 -0.9144 0.3339
vn 0.2287 -0.9143 0.3341
vn 0.3172 -0.8875 0.3342
vn 0.3172 -0.8876 0.3340
vn 0.4033 -0.8520 0.3339
vn 0.4848 -0.8084 0.3339
vn 0.5613 -0.7573 0.3339
vn 0.5613 -0.7572 0.3340
vn 0.6327 -0.6986 0.3340
vn 0.6327 -0.6986 0.3341
vn 0.6986 -0.6327 0.3341
vn 0.7572 -0.5613 0.3340
vn 0.8083 -0.4848 0.3340
vn 0.8519 -0.4033 0.3340
vn 0.8876 -0.3172 0.3340
vn 0.8876 -0.3172 0.3341
vn 0.9144 -0.2288 0.3340
vn 0.9323 -0.1386 0.3340
vn 0.9323 -0.1386 0.3341
vn 0.9414 -0.0466 0.3341
vn 0.9414 -0.0466 0.3340
vn 0.9414 0.0466 0.3340
vn 0.9414 0.0466 0.3341
vn 0.9323 0.1386 0.3341
vn 0.9323 0.1386 0.3340
vn 0.9144 0.2288 0.3340
vn 0.9144 0.2288 0.3341
vn 0.8876 0.3172 0.3341
vn 0.8876 0.3172 0.3340
vn 0.8519 0.4033 0.3340
vn 0.8083 0.4848 0.3340
vn 0.7572 0.5613 0.3340
vn 0.7573 0.5613 0.3340
vn 0.6986 0.6327 0.3340
vn 0.6986 0.6327 0.3341
vn 0.6327 0.6986 0.3340
vn 0.6327 0.6986 0.3341
vn 0.5613 0.7572 0.3341
vn 0.5613 0.7572 0.3340
vn 0.4848 0.8083 0.3340
vn 0.4848 0.8083 0.3341
vn 0.4033 0.8519 0.3340
vn 0.3172 0.8876 0.3340
vn 0.2288 0.9144 0.3341
vn 0.2288 0.9144 0.3340
vn 0.1386 0.9323 0.3340
vn 0.1386 0.9323 0.3341
vn 0.0466 0.9414 0.3340
vn -0.0466 0.9414 0.3340
vn 0.5895 0.8016 0.0996
vn 0.5194 0.8487 0.0996
vn 0.4936 0.8230 0.2811
vn 0.4309 0.8896 -0.1512
vn 0.4264 0.9008 0.0825
vn 0.3568 0.9305 0.0827
vn 0.3114 0.8712 0.3795
vn 0.3105 0.9461 0.0922
vn 0.2417 0.9660 0.0921
vn 0.2232 0.9440 -0.2429
vn 0.1386 0.9325 0.3336
vn 0.1330 0.9868 0.0922
vn 0.0492 0.9945 0.0921
vn 0.0489 0.9954 0.0825
vn -0.0493 0.9954 0.0825
vn -0.0489 0.9945 0.0921
vn -0.1330 0.9868 0.0922
vn 0.0195 -0.0803 0.9966
vn 0.0138 -0.0814 0.9966
vn 0.0176 -0.1185 0.9928
vn 0.0098 -0.0820 0.9966
vn 0.0041 -0.0826 0.9966
vn -0.0015 -0.0826 0.9966
vn -0.0023 0.0826 0.9966
vn -0.0060 0.1206 0.9927
vn -0.0067 0.0529 0.9986
vn -0.0123 0.0831 0.9965
vn -0.0197 0.0789 0.9967
vn -0.0813 0.3249 0.9423
vn -0.1413 0.5648 0.8130
vn -0.1413 0.5649 0.8130
vn -0.1196 0.8048 0.5814
vn -0.1975 0.7893 0.5814
vn -0.2738 0.7662 0.5813
vn -0.2738 0.7661 0.5815
vn -0.3481 0.7354 0.5814
vn -0.3482 0.7354 0.5813
vn -0.4185 0.6978 0.5813
vn -0.4185 0.6978 0.5814
vn -0.4845 0.6537 0.5813
vn -0.5462 0.6031 0.5813
vn -0.5462 0.6031 0.5814
vn -0.6031 0.5462 0.5813
vn -0.6031 0.5462 0.5814
vn -0.6537 0.4845 0.5813
vn -0.6978 0.4185 0.5813
vn -0.6978 0.4185 0.5814
vn -0.7354 0.3481 0.5814
vn -0.7662 0.2738 0.5814
vn -0.7893 0.1975 0.5813
vn -0.8048 0.1196 0.5813
vn -0.8127 0.0402 0.5814
vn -0.8127 0.0402 0.5813
vn -0.8127 -0.0402 0.5813
vn -0.8127 -0.0402 0.5814
vn -0.8048 -0.1196 0.5813
vn -0.7893 -0.1975 0.5813
vn -0.7662 -0.2738 0.5813
vn -0.7662 -0.2738 0.5814
vn -0.7354 -0.3481 0.5814
vn -0.6978 -0.4185 0.5814
vn -0.6536 -0.4845 0.5814
vn -0.6537 -0.4845 0.5813
vn -0.6031 -0.5462 0.5814
vn -0.6031 -0.5462 0.5813
vn -0.5462 -0.6031 0.5813
vn -0.4846 -0.6537 0.5812
vn -0.4844 -0.6536 0.5815
vn -0.4184 -0.6977 0.5815
vn -0.4185 -0.6978 0.5813
vn -0.3481 -0.7354 0.5814
vn -0.3482 -0.7355 0.5813
vn -0.2738 -0.7662 0.5813
vn -0.1975 -0.7893 0.5814
vn -0.1196 -0.8048 0.5814
vn -0.0402 -0.8127 0.5813
vn -0.0402 -0.8126 0.5815
vn 0.0402 -0.8126 0.5815
vn 0.0402 -0.8127 0.5813
vn 0.1196 -0.8048 0.5814
vn 0.1975 -0.7892 0.5815
vn 0.1975 -0.7893 0.5814
vn 0.2738 -0.7662 0.5813
vn 0.3482 -0.7354 0.5813
vn 0.4185 -0.6978 0.5813
vn 0.4184 -0.6977 0.5815
vn 0.4844 -0.6536 0.5815
vn 0.4846 -0.6537 0.5813
vn 0.5462 -0.6031 0.5813
vn 0.6031 -0.5462 0.5813
vn 0.6031 -0.5462 0.5814
vn 0.6537 -0.4845 0.5814
vn 0.6978 -0.4185 0.5814
vn 0.7354 -0.3481 0.5814
vn 0.7662 -0.2738 0.5814
vn 0.7893 -0.1975 0.5813
vn 0.8048 -0.1196 0.5813
vn 0.8127 -0.0402 0.5814
vn 0.8127 -0.0402 0.5813
vn 0.8127 0.0402 0.5813
vn 0.8127 0.0402 0.5814
vn 0.8048 0.1196 0.5813
vn 0.7893 0.1975 0.5813
vn 0.7662 0.2738 0.5813
vn 0.7662 0.2738 0.5814
vn 0.7354 0.3481 0.5814
vn 0.6978 0.4185 0.5814
vn 0.6978 0.4185 0.5813
vn 0.6537 0.4845 0.5813
vn 0.6031 0.5462 0.5814
vn 0.6031 0.5462 0.5813
vn 0.5462 0.6031 0.5814
vn 0.5462 0.6031 0.5813
vn 0.4845 0.6537 0.5813
vn 0.4185 0.6978 0.5813
vn 0.4185 0.6978 0.5814
vn 0.3482 0.7354 0.5813
vn 0.3481 0.7354 0.5814
vn 0.2738 0.7662 0.5814
vn 0.1975 0.7893 0.5813
vn 0.1975 0.7893 0.5814
vn 0.1196 0.8048 0.5814
vn 0.0402 0.8127 0.5813
vn 0.0402 0.8126 0.5814
vn -0.0402 0.8127 0.5813
vn -0.0402 0.8126 0.5814
vn -0.0048 0.0977 -0.9952
vn -0.0655 -0.0723 -0.9952
vn 0.0725 -0.0657 -0.9952
vn 0.0424 0.0895 -0.9951
vn 0.0349 0.0582 -0.9977
vn 0.0307 0.0505 -0.9983
vn 0.0660 0.0890 -0.9938
vn 0.0502 0.0658 -0.9966
vn 0.0349 0.0751 -0.9966
vn 0.0294 0.0773 -0.9966
vn 0.0405 0.1133 -0.9927
vn 0.0141 0.0518 -0.9986
vn 0.0468 0.0340 -0.9983
vn 0.0970 0.0582 -0.9936
vn 0.0716 0.0415 -0.9966
vn 0.0743 0.0364 -0.9966
vn 0.0998 0.0472 -0.9939
vn 0.0557 0.0202 -0.9982
vn 0.0626 0.0224 -0.9978
vn 0.0973 0.0243 -0.9950
vn 0.0547 0.0621 -0.9966
vn 0.0757 0.0836 -0.9936
vn 0.0452 0.0426 -0.9981
vn 0.0711 0.0644 -0.9954
vn 0.0567 0.0420 -0.9975
vn 0.0804 -0.0195 -0.9966
vn 0.0816 -0.0139 -0.9966
vn 0.1188 -0.0177 -0.9928
vn 0.0534 -0.0038 -0.9986
vn 0.0827 -0.0041 -0.9966
vn 0.0553 -0.0410 -0.9976
vn 0.0471 -0.0344 -0.9983
vn 0.0961 -0.0577 -0.9937
vn 0.0956 -0.0239 -0.9951
vn 0.0641 -0.0229 -0.9977
vn 0.0546 -0.0200 -0.9983
vn 0.1014 -0.0480 -0.9937
vn 0.0743 -0.0365 -0.9966
vn 0.0716 -0.0416 -0.9966
vn 0.0333 -0.0932 -0.9951
vn 0.0165 -0.0658 -0.9977
vn 0.0140 -0.0574 -0.9983
vn 0.0163 -0.1096 -0.9938
vn 0.0284 -0.0777 -0.9966
vn 0.0338 -0.0755 -0.9966
vn 0.0515 -0.1088 -0.9927
vn 0.0267 -0.0466 -0.9986
vn 0.0419 -0.0699 -0.9967
vn 0.0501 -0.0676 -0.9965
vn 0.0327 -0.0422 -0.9986
vn 0.0812 -0.0896 -0.9927
vn 0.0568 -0.0601 -0.9966
vn 0.0610 -0.0560 -0.9966
vn 0.0827 0.0041 -0.9966
vn 0.0541 0.0038 -0.9985
vn 0.1183 0.0176 -0.9928
vn 0.0816 0.0138 -0.9966
vn 0.0805 0.0194 -0.9966
vn 0.0058 -0.1182 -0.9930
vn 0.0056 -0.0825 -0.9966
vn 0.0111 -0.0820 -0.9966
vn 0.6918 0.6265 -0.3590
vn 0.7587 0.6449 -0.0922
vn 0.8000 0.5929 -0.0921
vn 0.7584 0.5409 0.3638
vn 0.7956 0.4772 -0.3733
vn 0.8634 0.4960 -0.0922
vn 0.9000 0.4261 -0.0921
vn 0.9048 0.4221 0.0573
vn 0.9218 0.3294 -0.2045
vn 0.1386 0.9325 -0.3336
vn 0.1812 0.9784 -0.0997
vn 0.2415 0.9653 -0.0996
vn 0.2365 0.8614 0.4494
vn 0.3114 0.8712 -0.3795
vn 0.3568 0.9305 -0.0826
vn 0.4264 0.9008 -0.0825
vn 0.4309 0.8896 0.1512
vn 0.4936 0.8230 -0.2811
vn 0.5194 0.8487 -0.0996
vn 0.5925 0.7994 -0.0996
vn 0.5812 0.7903 -0.1940
vn 0.6711 0.7410 0.0205
vn 0.6663 0.7411 -0.0825
vn 0.7268 0.6819 -0.0826
vn 0.8586 -0.4065 -0.3124
vn 0.8837 -0.4589 -0.0922
vn 0.8539 -0.5122 -0.0921
vn 0.7466 -0.4721 0.4688
vn 0.7406 -0.5489 -0.3876
vn 0.7854 -0.6121 -0.0922
vn 0.7380 -0.6684 -0.0921
vn 0.7199 -0.6665 0.1938
vn 0.6422 -0.7090 -0.2914
vn 0.6608 -0.7448 -0.0922
vn 0.5929 -0.8000 -0.0922
vn 0.5894 -0.7903 -0.1678
vn 0.5142 -0.8573 -0.0266
vn 0.9393 0.3305 -0.0921
vn 0.9639 0.2496 -0.0921
vn 0.9354 0.2340 -0.2652
vn 0.9820 0.1537 0.1095
vn 0.9849 0.1464 -0.0921
vn 0.9933 0.0700 -0.0922
vn 0.9256 0.0458 -0.3756
vn 0.9964 0.0212 -0.0826
vn 0.9954 -0.0493 -0.0825
vn 0.9577 -0.0611 0.2812
vn 0.9289 -0.1381 -0.3435
vn 0.9820 -0.1604 -0.0997
vn 0.9653 -0.2415 -0.0996
vn 0.9681 -0.2439 -0.0574
vn 0.9343 -0.3339 -0.1252
vn 0.9379 -0.3370 -0.0825
vn 0.9059 -0.4153 -0.0826
vn -0.1196 0.8047 -0.5815
vn -0.1974 0.7892 -0.5816
vn -0.1975 0.7892 -0.5815
vn -0.2738 0.7661 -0.5815
vn -0.3481 0.7353 -0.5815
vn -0.4184 0.6977 -0.5815
vn -0.4185 0.6977 -0.5815
vn -0.4845 0.6536 -0.5815
vn -0.4845 0.6536 -0.5814
vn -0.5461 0.6030 -0.5815
vn -0.6030 0.5461 -0.5815
vn -0.6536 0.4845 -0.5815
vn -0.6977 0.4185 -0.5815
vn -0.6977 0.4184 -0.5815
vn -0.7353 0.3481 -0.5815
vn -0.7661 0.2738 -0.5815
vn -0.7892 0.1975 -0.5815
vn -0.8047 0.1196 -0.5815
vn -0.8126 0.0402 -0.5815
vn -0.8126 -0.0402 -0.5815
vn -0.8047 -0.1196 -0.5815
vn -0.7892 -0.1975 -0.5815
vn -0.7661 -0.2738 -0.5815
vn -0.7353 -0.3481 -0.5815
vn -0.6977 -0.4184 -0.5815
vn -0.6536 -0.4844 -0.5815
vn -0.6030 -0.5461 -0.5815
vn -0.6030 -0.5462 -0.5814
vn -0.5462 -0.6030 -0.5814
vn -0.4845 -0.6536 -0.5814
vn -0.4844 -0.6535 -0.5816
vn -0.4184 -0.6976 -0.5816
vn -0.4185 -0.6977 -0.5815
vn -0.3481 -0.7353 -0.5815
vn -0.2738 -0.7661 -0.5815
vn -0.1975 -0.7892 -0.5815
vn -0.1974 -0.7891 -0.5816
vn -0.1196 -0.8047 -0.5815
vn -0.0402 -0.8126 -0.5815
vn -0.0402 -0.8125 -0.5816
vn 0.0402 -0.8125 -0.5816
vn 0.0402 -0.8126 -0.5815
vn 0.1196 -0.8047 -0.5815
vn 0.1974 -0.7892 -0.5816
vn 0.1974 -0.7892 -0.5815
vn 0.2738 -0.7661 -0.5815
vn 0.3481 -0.7354 -0.5814
vn 0.3481 -0.7353 -0.5815
vn 0.4185 -0.6977 -0.5815
vn 0.4184 -0.6976 -0.5816
vn 0.4844 -0.6535 -0.5816
vn 0.4845 -0.6537 -0.5814
vn 0.5462 -0.6030 -0.5814
vn 0.6030 -0.5462 -0.5814
vn 0.6030 -0.5461 -0.5815
vn 0.6536 -0.4845 -0.5815
vn 0.6536 -0.4844 -0.5815
vn 0.6977 -0.4184 -0.5815
vn 0.7353 -0.3481 -0.5815
vn 0.7661 -0.2738 -0.5815
vn 0.7892 -0.1975 -0.5815
vn 0.8047 -0.1196 -0.5815
vn 0.8126 -0.0402 -0.5815
vn 0.8126 0.0402 -0.5815
vn 0.8047 0.1196 -0.5815
vn 0.7892 0.1975 -0.5815
vn 0.7661 0.2738 -0.5815
vn 0.7353 0.3481 -0.5815
vn 0.6977 0.4184 -0.5815
vn 0.6977 0.4185 -0.5815
vn 0.6536 0.4845 -0.5815
vn 0.6030 0.5461 -0.5815
vn 0.5461 0.6030 -0.5815
vn 0.4845 0.6536 -0.5815
vn 0.4845 0.6536 -0.5814
vn 0.4184 0.6977 -0.5815
vn 0.4185 0.6977 -0.5815
vn 0.3481 0.7353 -0.5815
vn 0.2738 0.7660 -0.5816
vn 0.2738 0.7661 -0.5815
vn 0.1975 0.7892 -0.5815
vn 0.1974 0.7892 -0.5815
vn 0.1196 0.8047 -0.5815
vn 0.0402 0.8125 -0.5815
vn 0.0402 0.8126 -0.5815
vn -0.0402 0.8125 -0.5815
vn -0.0402 0.8126 -0.5815
vn -0.0480 -0.9706 -0.2359
vn -0.1397 -0.9868 0.0823
vn -0.1463 -0.9842 -0.0998
vn -0.2225 -0.9698 -0.0998
vn -0.2247 -0.8981 -0.3780
vn -0.2700 -0.9584 -0.0922
vn -0.3351 -0.9377 -0.0922
vn -0.3334 -0.8869 0.3199
vn -0.4013 -0.8476 -0.3471
vn -0.4400 -0.8933 -0.0922
vn -0.5122 -0.8539 -0.0921
vn -0.5161 -0.8560 -0.0300
vn -0.5874 -0.7925 -0.1637
vn -0.5953 -0.7982 -0.0922
vn -0.6608 -0.7448 -0.0922
vn -0.6422 -0.7090 -0.2914
vn -0.7199 -0.6665 0.1938
vn -0.7380 -0.6684 -0.0921
vn -0.7854 -0.6121 -0.0922
vn -0.7406 -0.5489 -0.3876
vn -0.8139 -0.5724 -0.0997
vn -0.8533 -0.5118 -0.0996
vn -0.8431 -0.4918 0.2175
vn -0.8586 -0.4065 -0.3124
vn -0.9059 -0.4153 -0.0826
vn -0.9385 -0.3354 -0.0825
vn -0.9335 -0.3354 -0.1264
vn -0.9686 -0.2423 -0.0563
vn -0.7956 0.4772 -0.3733
vn -0.8375 0.5373 -0.0997
vn -0.7994 0.5925 -0.0996
vn -0.7453 0.5729 0.3412
vn -0.6918 0.6265 -0.3590
vn -0.7268 0.6819 -0.0826
vn -0.6690 0.7387 -0.0825
vn -0.6686 0.7436 0.0127
vn -0.5850 0.7893 -0.1865
vn -0.9649 -0.2431 -0.0996
vn -0.9820 -0.1604 -0.0997
vn -0.9289 -0.1381 -0.3435
vn -0.9894 -0.1120 -0.0922
vn -0.9945 -0.0492 -0.0921
vn -0.9019 -0.0251 0.4311
vn -0.9256 0.0458 -0.3756
vn -0.9933 0.0700 -0.0922
vn -0.9849 0.1464 -0.0921
vn -0.9820 0.1537 0.1095
vn -0.9354 0.2340 -0.2652
vn -0.9639 0.2496 -0.0921
vn -0.9377 0.3351 -0.0921
vn -0.9207 0.3239 -0.2176
vn -0.9014 0.4267 0.0734
vn -0.9024 0.4210 -0.0921
vn -0.8634 0.4960 -0.0922
vn -0.1386 0.9323 -0.3341
vn -0.1386 0.9323 -0.3340
vn -0.2288 0.9144 -0.3340
vn -0.2288 0.9144 -0.3341
vn -0.3172 0.8876 -0.3340
vn -0.4033 0.8519 -0.3340
vn -0.4848 0.8083 -0.3341
vn -0.4848 0.8083 -0.3340
vn -0.5613 0.7572 -0.3340
vn -0.5613 0.7572 -0.3341
vn -0.6327 0.6986 -0.3341
vn -0.6327 0.6986 -0.3340
vn -0.6986 0.6327 -0.3341
vn -0.6986 0.6327 -0.3340
vn -0.7572 0.5613 -0.3340
vn -0.8083 0.4848 -0.3340
vn -0.8519 0.4033 -0.3340
vn -0.8876 0.3172 -0.3340
vn -0.8876 0.3172 -0.3341
vn -0.9144 0.2288 -0.3341
vn -0.9144 0.2288 -0.3340
vn -0.9323 0.1386 -0.3340
vn -0.9323 0.1386 -0.3341
vn -0.9414 0.0466 -0.3341
vn -0.9414 0.0466 -0.3340
vn -0.9414 -0.0466 -0.3340
vn -0.9414 -0.0466 -0.3341
vn -0.9323 -0.1386 -0.3341
vn -0.9323 -0.1386 -0.3340
vn -0.9144 -0.2288 -0.3340
vn -0.9144 -0.2288 -0.3341
vn -0.8876 -0.3172 -0.3341
vn -0.8876 -0.3172 -0.3340
vn -0.8519 -0.4033 -0.3340
vn -0.8083 -0.4848 -0.3340
vn -0.7572 -0.5613 -0.3340
vn -0.6986 -0.6327 -0.3341
vn -0.6327 -0.6986 -0.3341
vn -0.6327 -0.6986 -0.3340
vn -0.5613 -0.7572 -0.3340
vn -0.5613 -0.7573 -0.3339
vn -0.4848 -0.8084 -0.3339
vn -0.4033 -0.8520 -0.3339
vn -0.3172 -0.8876 -0.3340
vn -0.3172 -0.8875 -0.3342
vn -0.2288 -0.9143 -0.3341
vn -0.2288 -0.9144 -0.3339
vn -0.1386 -0.9324 -0.3338
vn -0.1386 -0.9323 -0.3342
vn -0.0466 -0.9414 -0.3340
vn -0.0466 -0.9414 -0.3339
vn 0.0466 -0.9415 -0.3338
vn 0.0466 -0.9414 -0.3341
vn 0.1386 -0.9323 -0.3341
vn 0.1386 -0.9324 -0.3339
vn 0.2288 -0.9144 -0.3339
vn 0.2288 -0.9143 -0.3342
vn 0.3172 -0.8875 -0.3342
vn 0.3172 -0.8876 -0.3340
vn 0.4033 -0.8520 -0.3339
vn 0.4848 -0.8084 -0.3339
vn 0.5613 -0.7573 -0.3339
vn 0.5613 -0.7572 -0.3340
vn 0.6327 -0.6986 -0.3341
vn 0.6327 -0.6986 -0.3340
vn 0.6986 -0.6327 -0.3341
vn 0.7572 -0.5613 -0.3341
vn 0.7572 -0.5613 -0.3340
vn 0.8083 -0.4848 -0.3340
vn 0.8519 -0.4033 -0.3340
vn 0.8876 -0.3172 -0.3340
vn 0.8876 -0.3172 -0.3341
vn 0.9144 -0.2288 -0.3341
vn 0.9144 -0.2288 -0.3340
vn 0.9323 -0.1386 -0.3340
vn 0.9323 -0.1386 -0.3341
vn 0.9414 -0.0466 -0.3341
vn 0.9414 -0.0466 -0.3340
vn 0.9414 0.0466 -0.3340
vn 0.9414 0.0466 -0.3341
vn 0.9323 0.1386 -0.3341
vn 0.9323 0.1386 -0.3340
vn 0.9144 0.2288 -0.3340
vn 0.9144 0.2288 -0.3341
vn 0.8876 0.3172 -0.3341
vn 0.8876 0.3172 -0.3340
vn 0.8519 0.4033 -0.3340
vn 0.8083 0.4848 -0.3340
vn 0.7572 0.5613 -0.3340
vn 0.6986 0.6327 -0.3340
vn 0.6986 0.6327 -0.3341
vn 0.6327 0.6986 -0.3341
vn 0.5613 0.7572 -0.3341
vn 0.5613 0.7572 -0.3340
vn 0.4848 0.8083 -0.3341
vn 0.4848 0.8083 -0.3340
vn 0.4033 0.8519 -0.3341
vn 0.4033 0.8520 -0.3339
vn 0.3172 0.8876 -0.3340
vn 0.2288 0.9144 -0.3341
vn 0.2288 0.9144 -0.3340
vn 0.1386 0.9323 -0.3340
vn 0.1386 0.9323 -0.3342
vn 0.0466 0.9414 -0.3340
vn -0.0466 0.9414 -0.3340
vn -0.0176 -0.1187 -0.9928
vn -0.0099 -0.0821 -0.9966
vn -0.0041 -0.0827 -0.9966
vn 0.0015 -0.0827 -0.9966
vn -0.0411 -0.0555 -0.9976
vn -0.0343 -0.0470 -0.9983
vn -0.0577 -0.0963 -0.9937
vn -0.0415 -0.0716 -0.9966
vn -0.0365 -0.0743 -0.9966
vn -0.0479 -0.1013 -0.9937
vn -0.0327 -0.0760 -0.9966
vn -0.0279 -0.0780 -0.9966
vn -0.0229 -0.0656 -0.9976
vn -0.0240 -0.0959 -0.9951
vn -0.0195 -0.0804 -0.9966
vn -0.0139 -0.0816 -0.9966
vn -0.0934 -0.0334 -0.9951
vn -0.0656 -0.0164 -0.9977
vn -0.0575 -0.0140 -0.9982
vn -0.1094 -0.0163 -0.9939
vn -0.0820 -0.0111 -0.9966
vn -0.0777 -0.0284 -0.9966
vn -0.0755 -0.0339 -0.9966
vn -0.1087 -0.0515 -0.9927
vn -0.0466 -0.0267 -0.9986
vn -0.0697 -0.0418 -0.9967
vn -0.0678 -0.0502 -0.9964
vn -0.0421 -0.0327 -0.9986
vn -0.0897 -0.0812 -0.9927
vn -0.0601 -0.0568 -0.9966
vn -0.0560 -0.0610 -0.9966
vn -0.0569 0.0090 -0.9983
vn -0.1102 0.0276 -0.9935
vn -0.0800 0.0213 -0.9966
vn -0.0826 -0.0053 -0.9966
vn -0.1128 -0.0056 -0.9936
vn -0.0619 0.0018 -0.9981
vn -0.0950 0.0047 -0.9955
vn -0.0704 0.0105 -0.9975
vn -0.0783 0.0269 -0.9966
vn -0.1034 0.0370 -0.9940
vn -0.0540 0.0253 -0.9982
vn -0.0596 0.0282 -0.9978
vn -0.0866 0.0519 -0.9949
vn -0.0431 0.0707 -0.9966
vn -0.0479 0.0675 -0.9966
vn -0.0715 0.0965 -0.9928
vn -0.0351 0.0404 -0.9986
vn -0.0556 0.0614 -0.9966
vn -0.0101 0.0681 -0.9976
vn -0.0090 0.0576 -0.9983
vn -0.0272 0.1087 -0.9937
vn -0.0507 0.0845 -0.9951
vn -0.0291 0.0615 -0.9977
vn -0.0245 0.0527 -0.9983
vn -0.0378 0.1057 -0.9937
vn -0.0267 0.0783 -0.9966
vn -0.0212 0.0800 -0.9966
vn -0.0614 0.0556 -0.9966
vn -0.0411 0.0358 -0.9985
vn -0.0959 0.0711 -0.9929
vn -0.0674 0.0479 -0.9966
vn -0.0706 0.0432 -0.9966
vn 0.0492 0.3310 -0.9423
vn 0.0165 0.3343 -0.9423
vn 0.0165 0.3342 -0.9424
vn -0.0165 0.3342 -0.9423
vn -0.0492 0.3310 -0.9423
vn -0.0812 0.3246 -0.9423
vn -0.1126 0.3151 -0.9424
vn -0.1126 0.3151 -0.9423
vn -0.1432 0.3024 -0.9424
vn -0.1721 0.2870 -0.9423
vn -0.1721 0.2870 -0.9424
vn -0.1993 0.2688 -0.9423
vn -0.1993 0.2689 -0.9423
vn -0.2246 0.2480 -0.9423
vn -0.2480 0.2246 -0.9424
vn -0.2480 0.2246 -0.9423
vn -0.2689 0.1993 -0.9423
vn -0.2688 0.1993 -0.9424
vn -0.2870 0.1721 -0.9423
vn -0.2870 0.1721 -0.9424
vn -0.3024 0.1432 -0.9424
vn -0.3024 0.1432 -0.9423
vn -0.3151 0.1126 -0.9423
vn -0.3246 0.0812 -0.9423
vn -0.3310 0.0492 -0.9423
vn -0.3342 0.0165 -0.9423
vn -0.3342 0.0165 -0.9424
vn -0.3342 -0.0165 -0.9424
vn -0.3342 -0.0165 -0.9423
vn -0.3310 -0.0492 -0.9423
vn -0.3246 -0.0812 -0.9423
vn -0.3151 -0.1126 -0.9423
vn -0.3024 -0.1432 -0.9423
vn -0.3025 -0.1432 -0.9423
vn -0.2870 -0.1721 -0.9423
vn -0.2688 -0.1993 -0.9423
vn -0.2689 -0.1993 -0.9423
vn -0.2480 -0.2246 -0.9423
vn -0.2480 -0.2246 -0.9424
vn -0.2246 -0.2480 -0.9424
vn -0.1993 -0.2688 -0.9423
vn -0.1993 -0.2689 -0.9423
vn -0.1721 -0.2870 -0.9423
vn -0.1432 -0.3024 -0.9424
vn -0.1432 -0.3025 -0.9423
vn -0.1126 -0.3152 -0.9423
vn -0.1126 -0.3151 -0.9424
vn -0.0812 -0.3246 -0.9423
vn -0.0812 -0.3247 -0.9423
vn -0.0492 -0.3310 -0.9423
vn -0.0492 -0.3310 -0.9424
vn -0.0165 -0.3342 -0.9424
vn -0.0165 -0.3342 -0.9423
vn 0.0165 -0.3342 -0.9423
vn 0.0165 -0.3342 -0.9424
vn 0.0492 -0.3310 -0.9424
vn 0.0492 -0.3310 -0.9423
vn 0.0812 -0.3247 -0.9423
vn 0.0812 -0.3246 -0.9424
vn 0.1126 -0.3151 -0.9423
vn 0.1432 -0.3024 -0.9424
vn 0.1432 -0.3025 -0.9423
vn 0.1721 -0.2870 -0.9423
vn 0.1993 -0.2689 -0.9423
vn 0.1993 -0.2688 -0.9424
vn 0.2246 -0.2480 -0.9424
vn 0.2480 -0.2246 -0.9424
vn 0.2480 -0.2246 -0.9423
vn 0.2689 -0.1993 -0.9423
vn 0.2688 -0.1993 -0.9424
vn 0.2870 -0.1721 -0.9423
vn 0.3024 -0.1432 -0.9423
vn 0.3151 -0.1126 -0.9423
vn 0.3246 -0.0812 -0.9423
vn 0.3310 -0.0492 -0.9423
vn 0.3342 -0.0165 -0.9423
vn 0.3342 -0.0165 -0.9424
vn 0.3342 0.0165 -0.9424
vn 0.3342 0.0165 -0.9423
vn 0.3310 0.0492 -0.9423
vn 0.3246 0.0812 -0.9423
vn 0.3151 0.1126 -0.9423
vn 0.3024 0.1432 -0.9423
vn 0.3024 0.1432 -0.9424
vn 0.2870 0.1721 -0.9423
vn 0.2688 0.1993 -0.9423
vn 0.2689 0.1993 -0.9423
vn 0.2480 0.2246 -0.9423
vn 0.2246 0.2480 -0.9423
vn 0.1993 0.2689 -0.9423
vn 0.1993 0.2688 -0.9424
vn 0.1721 0.2870 -0.9424
vn 0.1721 0.2870 -0.9423
vn 0.1432 0.3024 -0.9424
vn 0.1126 0.3151 -0.9423
vn 0.1126 0.3151 -0.9424
vn 0.0812 0.3246 -0.9423
vn 0.0198 0.0791 -0.9967
vn 0.0124 0.0832 -0.9965
vn 0.0067 0.0530 -0.9986
vn 0.0060 0.1208 -0.9927
vn 0.0023 0.0827 -0.9966
vn -0.0035 0.0827 -0.9966
vn 0.5142 -0.8527 -0.0921
vn 0.4400 -0.8933 -0.0922
vn 0.4013 -0.8476 -0.3471
vn 0.3960 -0.9145 -0.0826
vn 0.3354 -0.9385 -0.0825
vn 0.2919 -0.8699 0.3975
vn 0.2247 -0.8981 -0.3780
vn 0.2225 -0.9698 -0.0998
vn 0.1463 -0.9842 -0.0998
vn 0.1397 -0.9868 0.0823
vn 0.0480 -0.9706 -0.2359
vn 0.0423 -0.9957 -0.0826
vn -0.0423 -0.9957 -0.0826
vn -0.5896 0.8016 -0.0996
vn -0.5194 0.8487 -0.0996
vn -0.4936 0.8230 -0.2811
vn -0.4309 0.8896 0.1512
vn -0.4264 0.9008 -0.0825
vn -0.3568 0.9305 -0.0826
vn -0.3114 0.8712 -0.3795
vn -0.3105 0.9461 -0.0922
vn -0.2417 0.9660 -0.0921
vn -0.2232 0.9440 0.2428
vn -0.1386 0.9325 -0.3336
vn -0.1330 0.9868 -0.0921
vn -0.0492 0.9945 -0.0921
vn -0.0489 0.9954 -0.0825
vn 0.0493 0.9954 -0.0825
vn 0.0489 0.9946 -0.0921
vn 0.1330 0.9868 -0.0921
vn -0.0856 0.5761 -0.8129
vn -0.1414 0.5650 -0.8129
vn -0.1414 0.5651 -0.8128
vn -0.1960 0.5485 -0.8129
vn -0.1960 0.5485 -0.8128
vn -0.2492 0.5265 -0.8128
vn -0.2492 0.5264 -0.8129
vn -0.2996 0.4995 -0.8129
vn -0.3469 0.4679 -0.8128
vn -0.3468 0.4679 -0.8129
vn -0.3910 0.4317 -0.8129
vn -0.4317 0.3910 -0.8129
vn -0.4679 0.3468 -0.8129
vn -0.4995 0.2996 -0.8129
vn -0.4995 0.2996 -0.8128
vn -0.5265 0.2492 -0.8129
vn -0.5485 0.1960 -0.8129
vn -0.5650 0.1414 -0.8129
vn -0.5761 0.0856 -0.8129
vn -0.5817 0.0288 -0.8129
vn -0.5817 -0.0288 -0.8129
vn -0.5761 -0.0856 -0.8129
vn -0.5650 -0.1414 -0.8129
vn -0.5485 -0.1960 -0.8129
vn -0.5264 -0.2492 -0.8129
vn -0.4995 -0.2996 -0.8129
vn -0.4995 -0.2996 -0.8128
vn -0.4680 -0.3469 -0.8128
vn -0.4680 -0.3468 -0.8128
vn -0.4317 -0.3910 -0.8128
vn -0.4317 -0.3910 -0.8129
vn -0.3909 -0.4317 -0.8129
vn -0.3910 -0.4317 -0.8129
vn -0.3468 -0.4679 -0.8129
vn -0.2996 -0.4995 -0.8129
vn -0.2996 -0.4995 -0.8128
vn -0.2492 -0.5265 -0.8128
vn -0.2492 -0.5264 -0.8129
vn -0.1960 -0.5483 -0.8130
vn -0.1961 -0.5486 -0.8128
vn -0.1414 -0.5652 -0.8128
vn -0.1414 -0.5650 -0.8129
vn -0.0856 -0.5761 -0.8129
vn -0.0856 -0.5762 -0.8128
vn -0.0288 -0.5818 -0.8128
vn -0.0288 -0.5817 -0.8129
vn 0.0288 -0.5817 -0.8129
vn 0.0288 -0.5818 -0.8128
vn 0.0856 -0.5762 -0.8128
vn 0.0856 -0.5761 -0.8129
vn 0.1414 -0.5651 -0.8128
vn 0.1960 -0.5485 -0.8128
vn 0.1960 -0.5484 -0.8129
vn 0.2492 -0.5264 -0.8129
vn 0.2492 -0.5265 -0.8128
vn 0.2996 -0.4995 -0.8128
vn 0.2996 -0.4995 -0.8129
vn 0.3468 -0.4679 -0.8128
vn 0.3468 -0.4679 -0.8129
vn 0.3910 -0.4317 -0.8129
vn 0.4317 -0.3910 -0.8129
vn 0.4317 -0.3910 -0.8128
vn 0.4680 -0.3469 -0.8128
vn 0.4680 -0.3468 -0.8128
vn 0.4995 -0.2996 -0.8128
vn 0.4995 -0.2996 -0.8129
vn 0.5264 -0.2492 -0.8129
vn 0.5485 -0.1960 -0.8129
vn 0.5650 -0.1414 -0.8129
vn 0.5761 -0.0856 -0.8129
vn 0.5817 -0.0288 -0.8129
vn 0.5817 0.0288 -0.8129
vn 0.5761 0.0856 -0.8129
vn 0.5650 0.1414 -0.8129
vn 0.5485 0.1960 -0.8129
vn 0.5264 0.2492 -0.8129
vn 0.5265 0.2492 -0.8129
vn 0.4995 0.2996 -0.8128
vn 0.4995 0.2996 -0.8129
vn 0.4679 0.3468 -0.8129
vn 0.4317 0.3910 -0.8129
vn 0.3910 0.4317 -0.8129
vn 0.3468 0.4679 -0.8129
vn 0.2996 0.4995 -0.8129
vn 0.2492 0.5264 -0.8129
vn 0.2493 0.5265 -0.8128
vn 0.1960 0.5485 -0.8129
vn 0.1960 0.5485 -0.8128
vn 0.1414 0.5651 -0.8128
vn 0.1414 0.5650 -0.8129
vn 0.0856 0.5761 -0.8129
vn 0.0288 0.5817 -0.8129
vn 0.0288 0.5818 -0.8128
vn -0.0288 0.5817 -0.8129
vn -0.0288 0.5818 -0.8128
vn 0.0627 -0.0093 -0.9980
vn 0.1708 -0.0392 -0.9845
vn 0.1413 0.5649 -0.8130
vn 0.8367 0.5018 0.2193
vn 0.8398 0.5389 -0.0661
vn 0.8016 0.5942 -0.0660
vn 0.7057 0.5425 -0.4558
vn 0.7257 0.6573 0.2034
vn 0.6690 0.7387 -0.0825
vn 0.6586 0.7325 -0.1722
vn 0.5953 0.8032 0.0202
vn 0.0493 -0.9963 0.0710
vn 0.1362 -0.9623 -0.2353
vn 0.1467 -0.9870 -0.0660
vn 0.2231 -0.9725 -0.0662
vn 0.2365 -0.9453 0.2246
vn 0.2705 -0.9599 -0.0734
vn 0.3356 -0.9391 -0.0732
vn 0.3162 -0.8414 -0.4383
vn 0.4201 -0.8873 0.1903
vn 0.4407 -0.8947 -0.0733
vn 0.5130 -0.8553 -0.0733
vn 0.5118 -0.8488 -0.1324
vn 0.5955 -0.8034 -0.0027
vn 0.5962 -0.7995 -0.0733
vn 0.6619 -0.7460 -0.0733
vn 0.6656 -0.7349 0.1296
vn 0.6972 -0.7121 -0.0826
vn 0.7387 -0.6690 -0.0825
vn 0.6164 -0.5310 -0.5814
vn 0.7808 -0.5787 0.2354
vn 0.8162 -0.5740 -0.0661
vn 0.8557 -0.5132 -0.0660
vn 0.8083 -0.4714 -0.3528
vn 0.8933 -0.4229 0.1522
vn 0.9385 -0.3354 -0.0825
vn 0.9404 -0.3379 -0.0398
vn 0.9645 -0.2413 -0.1076
vn 0.9676 -0.2437 -0.0660
vn 0.9848 -0.1608 -0.0660
vn 0.9718 -0.1444 0.1863
vn 0.9910 -0.1122 -0.0734
vn 0.9961 -0.0493 -0.0732
vn 0.8486 -0.0236 -0.5285
vn 0.9739 0.0482 0.2220
vn 0.9948 0.0701 -0.0733
vn 0.9865 0.1466 -0.0733
vn 0.9542 0.1493 -0.2594
vn 0.9651 0.2414 0.1018
vn 0.9655 0.2500 -0.0733
vn 0.9391 0.3356 -0.0733
vn 0.9420 0.3314 0.0521
vn 0.8802 0.4167 -0.2272
vn 0.9038 0.4216 -0.0733
vn 0.8648 0.4967 -0.0734
vn 0.0492 0.3312 -0.9423
vn 0.0923 0.1816 -0.9790
vn 0.0324 0.0540 -0.9980
vn 0.1120 0.1599 -0.9808
vn 0.0463 0.0625 -0.9970
vn 0.0330 0.0698 -0.9970
vn 0.0302 0.0846 -0.9960
vn 0.0537 0.1581 -0.9860
vn 0.0155 0.0619 -0.9980
vn 0.0186 0.0805 -0.9966
vn 0.0129 0.0816 -0.9966
vn 0.0700 0.0104 -0.9975
vn 0.1045 0.0262 -0.9942
vn 0.1355 0.0348 -0.9902
vn 0.0620 0.0222 -0.9978
vn 0.0774 0.0289 -0.9966
vn 0.0751 0.0344 -0.9966
vn 0.0599 0.0283 -0.9978
vn 0.1171 0.0695 -0.9907
vn 0.0941 0.0564 -0.9940
vn 0.0565 0.0419 -0.9975
vn 0.0597 0.0659 -0.9960
vn 0.1148 0.1226 -0.9858
vn 0.0472 0.0427 -0.9980
vn 0.0623 0.0543 -0.9966
vn 0.0660 0.0498 -0.9966
vn 0.0459 -0.0507 -0.9977
vn 0.0561 -0.0607 -0.9966
vn 0.0721 -0.0973 -0.9926
vn 0.0758 -0.1024 -0.9918
vn 0.0348 -0.0580 -0.9977
vn 0.0417 -0.0713 -0.9966
vn 0.0365 -0.0741 -0.9966
vn 0.0277 -0.0585 -0.9979
vn 0.0531 -0.1440 -0.9881
vn 0.0335 -0.0938 -0.9950
vn 0.0177 -0.0708 -0.9973
vn 0.0603 -0.0565 -0.9966
vn 0.0476 -0.0431 -0.9979
vn 0.1253 -0.0954 -0.9875
vn 0.0754 -0.0559 -0.9956
vn 0.0641 -0.0381 -0.9972
vn 0.0709 -0.0425 -0.9966
vn 0.0738 -0.0370 -0.9966
vn 0.0569 -0.0269 -0.9980
vn 0.1805 -0.0694 -0.9811
vn 0.0759 -0.0271 -0.9967
vn 0.0824 -0.0206 -0.9964
vn 0.0818 0.0115 -0.9966
vn 0.0824 0.0057 -0.9966
vn 0.0634 0.0031 -0.9980
vn 0.0886 0.0012 -0.9961
vn 0.0720 -0.0036 -0.9974
vn 0.0825 -0.0046 -0.9966
vn 0.0819 -0.0105 -0.9966
vn 0.0856 0.5759 -0.8130
vn 0.0288 0.5815 -0.8130
vn 0.0288 0.5816 -0.8130
vn -0.0288 0.5816 -0.8130
vn -0.0288 0.5815 -0.8130
vn -0.0856 0.5759 -0.8130
vn -0.1413 0.5649 -0.8130
vn -0.1413 0.5648 -0.8131
vn -0.1959 0.5483 -0.8130
vn -0.2491 0.5262 -0.8130
vn -0.2491 0.5262 -0.8131
vn -0.2995 0.4993 -0.8130
vn -0.3467 0.4678 -0.8130
vn -0.3909 0.4316 -0.8130
vn -0.4316 0.3909 -0.8130
vn -0.4678 0.3467 -0.8130
vn -0.4993 0.2995 -0.8130
vn -0.5262 0.2491 -0.8130
vn -0.5263 0.2491 -0.8130
vn -0.5483 0.1960 -0.8130
vn -0.5648 0.1413 -0.8130
vn -0.5649 0.1413 -0.8130
vn -0.5760 0.0856 -0.8130
vn -0.5816 0.0288 -0.8130
vn -0.5815 0.0288 -0.8130
vn -0.5815 -0.0288 -0.8130
vn -0.5816 -0.0288 -0.8130
vn -0.5760 -0.0856 -0.8130
vn -0.5649 -0.1413 -0.8130
vn -0.5648 -0.1413 -0.8130
vn -0.5483 -0.1960 -0.8130
vn -0.5263 -0.2491 -0.8130
vn -0.4994 -0.2995 -0.8130
vn -0.4993 -0.2995 -0.8130
vn -0.4678 -0.3467 -0.8130
vn -0.4316 -0.3909 -0.8130
vn -0.3909 -0.4316 -0.8129
vn -0.3909 -0.4316 -0.8130
vn -0.3467 -0.4678 -0.8130
vn -0.2995 -0.4994 -0.8130
vn -0.2492 -0.5263 -0.8130
vn -0.2491 -0.5262 -0.8131
vn -0.1959 -0.5482 -0.8131
vn -0.1960 -0.5484 -0.8130
vn -0.1413 -0.5649 -0.8129
vn -0.1413 -0.5649 -0.8130
vn -0.0856 -0.5759 -0.8130
vn -0.0288 -0.5815 -0.8131
vn -0.0288 -0.5815 -0.8130
vn 0.0288 -0.5815 -0.8130
vn 0.0288 -0.5815 -0.8131
vn 0.0856 -0.5759 -0.8131
vn 0.0856 -0.5759 -0.8130
vn 0.1413 -0.5648 -0.8130
vn 0.1413 -0.5650 -0.8129
vn 0.1959 -0.5482 -0.8131
vn 0.2491 -0.5262 -0.8131
vn 0.2491 -0.5263 -0.8130
vn 0.2995 -0.4994 -0.8130
vn 0.2995 -0.4993 -0.8130
vn 0.3467 -0.4678 -0.8130
vn 0.3909 -0.4316 -0.8130
vn 0.4316 -0.3909 -0.8130
vn 0.4678 -0.3467 -0.8130
vn 0.4993 -0.2995 -0.8130
vn 0.4994 -0.2995 -0.8130
vn 0.5263 -0.2491 -0.8130
vn 0.5483 -0.1960 -0.8130
vn 0.5648 -0.1413 -0.8130
vn 0.5649 -0.1413 -0.8130
vn 0.5760 -0.0856 -0.8130
vn 0.5816 -0.0288 -0.8130
vn 0.5815 -0.0288 -0.8130
vn 0.5815 0.0288 -0.8130
vn 0.5816 0.0288 -0.8130
vn 0.5760 0.0856 -0.8130
vn 0.5759 0.0856 -0.8130
vn 0.5649 0.1413 -0.8130
vn 0.5648 0.1413 -0.8130
vn 0.5483 0.1960 -0.8130
vn 0.5263 0.2491 -0.8130
vn 0.5262 0.2491 -0.8130
vn 0.4993 0.2995 -0.8130
vn 0.4678 0.3467 -0.8130
vn 0.4316 0.3909 -0.8130
vn 0.3909 0.4316 -0.8130
vn 0.3467 0.4678 -0.8130
vn 0.2995 0.4993 -0.8130
vn 0.2491 0.5262 -0.8130
vn 0.2491 0.5262 -0.8131
vn 0.1960 0.5483 -0.8130
vn -0.0034 -0.0681 -0.9977
vn -0.0050 -0.0825 -0.9966
vn -0.0105 -0.0819 -0.9966
vn -0.0093 -0.0627 -0.9980
vn -0.0393 -0.1713 -0.9844
vn -0.0506 -0.0458 -0.9977
vn -0.0607 -0.0561 -0.9966
vn -0.0977 -0.0724 -0.9926
vn -0.1021 -0.0755 -0.9919
vn -0.0580 -0.0348 -0.9977
vn -0.0713 -0.0417 -0.9966
vn -0.0741 -0.0366 -0.9966
vn -0.0584 -0.0277 -0.9979
vn -0.1445 -0.0533 -0.9881
vn -0.0709 -0.0177 -0.9973
vn -0.0565 -0.0603 -0.9966
vn -0.0431 -0.0476 -0.9979
vn -0.0951 -0.1249 -0.9876
vn -0.0560 -0.0756 -0.9956
vn -0.0380 -0.0639 -0.9972
vn -0.0425 -0.0709 -0.9966
vn -0.0370 -0.0738 -0.9966
vn -0.0269 -0.0569 -0.9980
vn -0.0692 -0.1800 -0.9812
vn -0.0272 -0.0761 -0.9967
vn -0.0206 -0.0822 -0.9964
vn -0.1364 0.0089 -0.9906
vn -0.0644 0.0096 -0.9979
vn -0.0622 0.0295 -0.9976
vn -0.1112 0.0397 -0.9930
vn -0.1230 0.0436 -0.9914
vn -0.0652 0.0163 -0.9977
vn -0.0804 0.0191 -0.9966
vn -0.0815 0.0134 -0.9966
vn -0.0610 0.0557 -0.9966
vn -0.0569 0.0599 -0.9966
vn -0.0422 0.0466 -0.9980
vn -0.1192 0.1528 -0.9810
vn -0.0241 0.0674 -0.9974
vn -0.0284 0.0776 -0.9966
vn -0.0253 0.1010 -0.9946
vn -0.0338 0.1397 -0.9896
vn -0.0096 0.0648 -0.9979
vn -0.0338 0.0753 -0.9966
vn -0.0271 0.0573 -0.9980
vn -0.0864 0.1502 -0.9849
vn -0.0443 0.0738 -0.9963
vn -0.0475 0.0640 -0.9968
vn -0.0743 0.0361 -0.9966
vn -0.0716 0.0413 -0.9966
vn -0.0552 0.0331 -0.9979
vn -0.1280 0.0923 -0.9875
vn -0.0751 0.0556 -0.9956
vn -0.0558 0.0505 -0.9972
vn -0.0826 0.0041 -0.9966
vn -0.0826 -0.0041 -0.9966
vn -0.1827 -0.0130 -0.9831
vn -0.0625 -0.0093 -0.9980
vn -0.0814 -0.0139 -0.9966
vn -0.0803 -0.0196 -0.9966
vn 0.0166 0.3345 -0.9423
vn -0.0166 0.3345 -0.9423
vn -0.0492 0.3312 -0.9423
vn -0.0492 0.3313 -0.9423
vn -0.0813 0.3249 -0.9423
vn -0.0813 0.3249 -0.9422
vn -0.1127 0.3154 -0.9423
vn -0.1433 0.3027 -0.9422
vn -0.1433 0.3027 -0.9423
vn -0.1723 0.2872 -0.9423
vn -0.1722 0.2872 -0.9423
vn -0.1994 0.2690 -0.9423
vn -0.2248 0.2482 -0.9423
vn -0.2482 0.2248 -0.9423
vn -0.2690 0.1994 -0.9423
vn -0.2872 0.1722 -0.9423
vn -0.2872 0.1723 -0.9423
vn -0.3027 0.1433 -0.9423
vn -0.3154 0.1127 -0.9423
vn -0.3153 0.1127 -0.9423
vn -0.3249 0.0813 -0.9423
vn -0.3313 0.0492 -0.9423
vn -0.3312 0.0492 -0.9423
vn -0.3345 0.0166 -0.9423
vn -0.3345 -0.0166 -0.9423
vn -0.3313 -0.0492 -0.9423
vn -0.3312 -0.0492 -0.9423
vn -0.3249 -0.0813 -0.9423
vn -0.3153 -0.1127 -0.9423
vn -0.3154 -0.1127 -0.9423
vn -0.3027 -0.1433 -0.9423
vn -0.2872 -0.1722 -0.9423
vn -0.2690 -0.1994 -0.9423
vn -0.2691 -0.1994 -0.9423
vn -0.2482 -0.2248 -0.9423
vn -0.2248 -0.2482 -0.9423
vn -0.2248 -0.2482 -0.9422
vn -0.1994 -0.2691 -0.9422
vn -0.1994 -0.2691 -0.9423
vn -0.1723 -0.2872 -0.9422
vn -0.1722 -0.2872 -0.9423
vn -0.1433 -0.3027 -0.9423
vn -0.1433 -0.3027 -0.9422
vn -0.1127 -0.3154 -0.9423
vn -0.1127 -0.3153 -0.9423
vn -0.0813 -0.3249 -0.9423
vn -0.0813 -0.3249 -0.9422
vn -0.0492 -0.3313 -0.9422
vn -0.0166 -0.3345 -0.9422
vn -0.0166 -0.3345 -0.9423
vn 0.0166 -0.3345 -0.9423
vn 0.0166 -0.3345 -0.9422
vn 0.0492 -0.3313 -0.9422
vn 0.0813 -0.3249 -0.9422
vn 0.0813 -0.3249 -0.9423
vn 0.1127 -0.3153 -0.9423
vn 0.1127 -0.3154 -0.9423
vn 0.1433 -0.3027 -0.9422
vn 0.1433 -0.3027 -0.9423
vn 0.1723 -0.2872 -0.9423
vn 0.1994 -0.2691 -0.9422
vn 0.2248 -0.2483 -0.9422
vn 0.2248 -0.2482 -0.9423
vn 0.2482 -0.2248 -0.9423
vn 0.2691 -0.1994 -0.9423
vn 0.2690 -0.1994 -0.9423
vn 0.2872 -0.1722 -0.9423
vn 0.3027 -0.1433 -0.9423
vn 0.3154 -0.1127 -0.9423
vn 0.3153 -0.1127 -0.9423
vn 0.3249 -0.0813 -0.9423
vn 0.3313 -0.0492 -0.9423
vn 0.3312 -0.0492 -0.9423
vn 0.3345 -0.0166 -0.9423
vn 0.3345 0.0166 -0.9423
vn 0.3312 0.0492 -0.9423
vn 0.3313 0.0492 -0.9423
vn 0.3249 0.0813 -0.9423
vn 0.3153 0.1127 -0.9423
vn 0.3154 0.1127 -0.9423
vn 0.3027 0.1433 -0.9423
vn 0.2872 0.1723 -0.9423
vn 0.2872 0.1722 -0.9423
vn 0.2690 0.1994 -0.9423
vn 0.2482 0.2248 -0.9423
vn 0.2248 0.2482 -0.9423
vn 0.1994 0.2690 -0.9423
vn 0.1722 0.2872 -0.9423
vn 0.1723 0.2872 -0.9423
vn 0.1433 0.3027 -0.9423
vn 0.1433 0.3027 -0.9422
vn 0.1127 0.3154 -0.9423
vn 0.0813 0.3249 -0.9422
vn -0.4201 -0.8873 0.1903
vn -0.3960 -0.9145 -0.0826
vn -0.3354 -0.9385 -0.0825
vn -0.3360 -0.9390 -0.0733
vn -0.2705 -0.9599 -0.0734
vn -0.2365 -0.9453 0.2246
vn -0.2231 -0.9725 -0.0662
vn -0.1467 -0.9870 -0.0661
vn -0.1362 -0.9623 -0.2353
vn -0.0493 -0.9963 0.0709
vn -0.0423 -0.9957 -0.0825
vn 0.0423 -0.9957 -0.0825
vn -0.8933 -0.4229 0.1522
vn -0.8851 -0.4596 -0.0734
vn -0.8553 -0.5130 -0.0733
vn -0.7010 -0.4433 -0.5586
vn -0.7808 -0.5787 0.2354
vn -0.7866 -0.6131 -0.0733
vn -0.7392 -0.6695 -0.0733
vn -0.6920 -0.6407 -0.3327
vn -0.6656 -0.7349 0.1296
vn -0.6619 -0.7460 -0.0733
vn -0.5939 -0.8012 -0.0733
vn -0.5978 -0.8016 0.0014
vn -0.5096 -0.8497 -0.1356
vn -0.5150 -0.8541 -0.0733
vn -0.4407 -0.8947 -0.0733
vn -0.9651 0.2414 0.1018
vn -0.9542 0.1493 -0.2594
vn -0.9865 0.1466 -0.0733
vn -0.9948 0.0701 -0.0733
vn -0.9739 0.0482 0.2220
vn -0.9964 0.0211 -0.0826
vn -0.9954 -0.0493 -0.0825
vn -0.9119 -0.0581 -0.4063
vn -0.9718 -0.1444 0.1863
vn -0.9848 -0.1608 -0.0660
vn -0.9680 -0.2422 -0.0660
vn -0.9642 -0.2429 -0.1065
vn -0.9409 -0.3363 -0.0410
vn -0.9379 -0.3370 -0.0825
vn -0.7257 0.6573 0.2034
vn -0.7599 0.6459 -0.0733
vn -0.8012 0.5939 -0.0733
vn -0.7168 0.5113 -0.4742
vn -0.8367 0.5018 0.2193
vn -0.8648 0.4967 -0.0734
vn -0.9014 0.4267 -0.0733
vn -0.8855 0.4131 -0.2128
vn -0.9410 0.3363 0.0385
vn -0.9408 0.3310 -0.0733
vn -0.9655 0.2500 -0.0733
vn -0.1447 0.9738 0.1754
vn -0.1817 0.9811 -0.0661
vn -0.2422 0.9680 -0.0660
vn -0.2223 0.8096 -0.5432
vn -0.3278 0.9172 0.2263
vn -0.4164 0.8597 -0.2959
vn -0.5107 0.8515 0.1187
vn -0.5209 0.8511 -0.0661
vn -0.5942 0.8016 -0.0660
vn -0.5923 0.8053 0.0279
vn -0.6604 0.7292 -0.1793
vn -0.6663 0.7411 -0.0825
vn -0.1386 0.9323 -0.3342
vn -0.4033 0.8520 -0.3339
vn -0.5612 -0.7572 -0.3341
vn -0.4848 -0.8083 -0.3342
vn -0.4033 -0.8519 -0.3340
vn -0.3172 -0.8876 -0.3341
vn -0.2287 -0.9143 -0.3342
vn -0.0466 -0.9414 -0.3341
vn 0.0466 -0.9414 -0.3342
vn 0.0466 -0.9414 -0.3340
vn 0.2287 -0.9143 -0.3342
vn 0.3172 -0.8876 -0.3341
vn 0.4033 -0.8519 -0.3340
vn 0.4848 -0.8083 -0.3340
vn 0.4848 -0.8083 -0.3341
vn 0.5612 -0.7572 -0.3342
vn 0.6327 0.6986 -0.3340
vn 0.4033 0.8519 -0.3340
vn 0.5912 0.8038 -0.0660
vn 0.5209 0.8511 -0.0661
vn 0.5107 0.8515 0.1187
vn 0.4164 0.8597 -0.2959
vn 0.3278 0.9172 0.2263
vn 0.3110 0.9476 -0.0733
vn 0.2421 0.9675 -0.0732
vn 0.2134 0.9024 -0.3743
vn 0.1447 0.9738 0.1754
vn 0.1332 0.9884 -0.0734
vn 0.0493 0.9961 -0.0733
vn 0.0489 0.9954 -0.0826
vn -0.0493 0.9954 -0.0825
vn -0.0489 0.9961 -0.0733
vn -0.1332 0.9884 -0.0734
vn 0.0196 -0.0803 -0.9966
vn 0.0139 -0.0814 -0.9966
vn 0.0093 -0.0625 -0.9980
vn 0.0099 -0.0820 -0.9966
vn 0.0041 -0.0826 -0.9966
vn -0.0009 -0.0826 -0.9966
vn -0.0110 0.0819 -0.9966
vn -0.0052 0.0825 -0.9966
vn -0.0033 0.0664 -0.9978
vn 0.0061 0.1350 -0.9908
vn 0.0055 0.1119 -0.9937
vn 0.0103 0.0692 -0.9976
vn 0.0813 0.3249 -0.9423
vn 0.1413 0.5648 -0.8130
vn 0.1959 0.5483 -0.8130
vn -0.1196 0.8048 -0.5813
vn -0.1196 0.8048 -0.5814
vn -0.1975 0.7893 -0.5814
vn -0.2738 0.7662 -0.5813
vn -0.2738 0.7662 -0.5814
vn -0.3481 0.7354 -0.5813
vn -0.3482 0.7354 -0.5813
vn -0.4185 0.6978 -0.5813
vn -0.4845 0.6537 -0.5813
vn -0.5462 0.6031 -0.5813
vn -0.5462 0.6031 -0.5814
vn -0.6031 0.5462 -0.5813
vn -0.6031 0.5462 -0.5814
vn -0.6537 0.4845 -0.5814
vn -0.6978 0.4185 -0.5814
vn -0.7354 0.3481 -0.5814
vn -0.7662 0.2738 -0.5814
vn -0.7893 0.1975 -0.5814
vn -0.8048 0.1196 -0.5813
vn -0.8048 0.1196 -0.5814
vn -0.8126 0.0402 -0.5814
vn -0.8126 -0.0402 -0.5814
vn -0.8048 -0.1196 -0.5814
vn -0.8048 -0.1196 -0.5813
vn -0.7893 -0.1975 -0.5813
vn -0.7893 -0.1975 -0.5814
vn -0.7662 -0.2738 -0.5814
vn -0.7354 -0.3481 -0.5814
vn -0.6978 -0.4185 -0.5814
vn -0.6537 -0.4845 -0.5813
vn -0.6537 -0.4845 -0.5814
vn -0.6031 -0.5462 -0.5814
vn -0.5461 -0.6030 -0.5815
vn -0.5462 -0.6031 -0.5814
vn -0.4845 -0.6537 -0.5813
vn -0.4185 -0.6978 -0.5813
vn -0.3481 -0.7354 -0.5813
vn -0.3482 -0.7355 -0.5813
vn -0.2739 -0.7662 -0.5813
vn -0.2738 -0.7662 -0.5814
vn -0.1975 -0.7893 -0.5814
vn -0.1196 -0.8048 -0.5814
vn -0.0402 -0.8126 -0.5814
vn -0.0402 -0.8127 -0.5813
vn 0.0402 -0.8127 -0.5813
vn 0.0402 -0.8126 -0.5814
vn 0.1196 -0.8048 -0.5814
vn 0.1975 -0.7893 -0.5814
vn 0.2738 -0.7662 -0.5813
vn 0.3482 -0.7355 -0.5813
vn 0.3482 -0.7354 -0.5813
vn 0.4185 -0.6978 -0.5813
vn 0.4845 -0.6537 -0.5813
vn 0.4845 -0.6536 -0.5814
vn 0.6031 -0.5462 -0.5814
vn 0.6537 -0.4845 -0.5814
vn 0.6978 -0.4185 -0.5814
vn 0.7354 -0.3481 -0.5814
vn 0.7662 -0.2738 -0.5814
vn 0.7893 -0.1975 -0.5814
vn 0.8048 -0.1196 -0.5813
vn 0.8048 -0.1196 -0.5814
vn 0.8126 -0.0402 -0.5814
vn 0.8126 0.0402 -0.5814
vn 0.8048 0.1196 -0.5814
vn 0.8048 0.1196 -0.5813
vn 0.7893 0.1975 -0.5814
vn 0.7662 0.2738 -0.5814
vn 0.7354 0.3481 -0.5814
vn 0.6978 0.4185 -0.5814
vn 0.6537 0.4845 -0.5813
vn 0.6537 0.4845 -0.5814
vn 0.6031 0.5462 -0.5813
vn 0.6031 0.5462 -0.5814
vn 0.5462 0.6031 -0.5814
vn 0.5462 0.6031 -0.5813
vn 0.4845 0.6537 -0.5813
vn 0.4185 0.6978 -0.5813
vn 0.3482 0.7355 -0.5813
vn 0.3481 0.7354 -0.5814
vn 0.2738 0.7661 -0.5814
vn 0.2738 0.7662 -0.5813
vn 0.1975 0.7893 -0.5814
vn 0.1196 0.8048 -0.5814
vn 0.1196 0.8049 -0.5812
vn 0.0402 0.8127 -0.5813
vn 0.0402 0.8126 -0.5814
vn -0.0402 0.8127 -0.5813
vn -0.0516 0.0860 -0.9950
vn 0.0516 -0.0860 -0.9950
vn 0.0860 0.0516 -0.9950
vn 0.0197 0.0803 -0.9966
vn 0.0156 0.0811 -0.9966
vn 0.0147 0.0893 -0.9959
vn 0.0174 0.1173 -0.9929
vn 0.0038 0.0528 -0.9986
vn 0.0223 0.0893 -0.9958
vn 0.0248 0.0693 -0.9973
vn 0.0192 0.0516 -0.9985
vn 0.0497 0.1049 -0.9932
vn 0.0367 0.0740 -0.9966
vn 0.0419 0.0712 -0.9966
vn 0.0531 0.0394 -0.9978
vn 0.0472 0.0354 -0.9983
vn 0.0815 0.0738 -0.9939
vn 0.0605 0.0563 -0.9966
vn 0.0563 0.0605 -0.9966
vn 0.0738 0.0815 -0.9939
vn 0.0353 0.0471 -0.9983
vn 0.0392 0.0528 -0.9978
vn 0.0518 0.0864 -0.9949
vn 0.0893 -0.0223 -0.9958
vn 0.0693 -0.0248 -0.9973
vn 0.0516 -0.0192 -0.9985
vn 0.1049 -0.0497 -0.9932
vn 0.0740 -0.0367 -0.9966
vn 0.0712 -0.0419 -0.9966
vn 0.0394 -0.0531 -0.9978
vn 0.0354 -0.0472 -0.9983
vn 0.0738 -0.0815 -0.9939
vn 0.0201 -0.0802 -0.9966
vn 0.0222 -0.0904 -0.9957
vn 0.0248 -0.0693 -0.9973
vn 0.0193 -0.0518 -0.9985
vn 0.0496 -0.1047 -0.9933
vn 0.0367 -0.0740 -0.9966
vn 0.0419 -0.0712 -0.9966
vn 0.0563 -0.0605 -0.9966
vn 0.0605 -0.0563 -0.9966
vn 0.0815 -0.0738 -0.9939
vn 0.0471 -0.0353 -0.9983
vn 0.0528 -0.0392 -0.9978
vn 0.0864 -0.0518 -0.9949
vn 0.0803 -0.0197 -0.9966
vn 0.0814 -0.0140 -0.9966
vn 0.1173 -0.0174 -0.9929
vn 0.0528 -0.0038 -0.9986
vn 0.0826 -0.0041 -0.9966
vn 0.0826 0.0041 -0.9966
vn 0.0688 0.0040 -0.9976
vn 0.0900 0.0117 -0.9959
vn 0.1174 0.0174 -0.9929
vn 0.0814 0.0140 -0.9966
vn 0.0802 0.0201 -0.9966
vn 0.0904 0.0222 -0.9957
vn 0.0693 0.0248 -0.9973
vn 0.0518 0.0193 -0.9985
vn 0.1047 0.0496 -0.9933
vn 0.0740 0.0367 -0.9966
vn 0.0712 0.0419 -0.9966
vn 0.6944 0.6289 -0.3498
vn 0.7587 0.6449 -0.0918
vn 0.8000 0.5930 -0.0917
vn 0.7628 0.5441 0.3493
vn 0.7989 0.4791 -0.3637
vn 0.8635 0.4960 -0.0918
vn 0.9000 0.4261 -0.0918
vn 0.9050 0.4222 0.0521
vn 0.9226 0.3297 -0.2001
vn 0.1390 0.9354 -0.3251
vn 0.1812 0.9784 -0.0991
vn 0.2415 0.9653 -0.0991
vn 0.2386 0.8689 0.4336
vn 0.3127 0.8749 -0.3697
vn 0.4264 0.9008 -0.0826
vn 0.4315 0.8908 0.1426
vn 0.4946 0.8247 -0.2742
vn 0.5195 0.8487 -0.0990
vn 0.5926 0.7994 -0.0990
vn 0.5817 0.7909 -0.1900
vn 0.6712 0.7411 0.0166
vn 0.8609 -0.4076 -0.3045
vn 0.8837 -0.4589 -0.0919
vn 0.8540 -0.5122 -0.0918
vn 0.7536 -0.4765 0.4527
vn 0.7439 -0.5514 -0.3776
vn 0.7854 -0.6121 -0.0918
vn 0.7381 -0.6685 -0.0917
vn 0.7213 -0.6678 0.1839
vn 0.6436 -0.7107 -0.2841
vn 0.6609 -0.7449 -0.0918
vn 0.5930 -0.8000 -0.0918
vn 0.5897 -0.7907 -0.1647
vn 0.5141 -0.8572 -0.0288
vn 0.9393 0.3305 -0.0918
vn 0.9640 0.2496 -0.0918
vn 0.9371 0.2344 -0.2588
vn 0.9828 0.1538 0.1024
vn 0.9850 0.1464 -0.0918
vn 0.9933 0.0700 -0.0918
vn 0.9295 0.0460 -0.3660
vn 0.9613 -0.0613 0.2687
vn 0.9321 -0.1385 -0.3348
vn 0.9821 -0.1604 -0.0990
vn 0.9653 -0.2415 -0.0990
vn 0.9681 -0.2439 -0.0584
vn 0.9344 -0.3340 -0.1237
vn -0.1975 0.7894 -0.5812
vn -0.2738 0.7661 -0.5814
vn -0.3481 0.7354 -0.5814
vn -0.4185 0.6977 -0.5814
vn -0.5462 0.6030 -0.5814
vn -0.6537 0.4845 -0.5813
vn -0.6978 0.4185 -0.5813
vn -0.7354 0.3482 -0.5813
vn -0.7662 0.2738 -0.5813
vn -0.7893 0.1975 -0.5813
vn -0.7662 -0.2738 -0.5813
vn -0.6978 -0.4185 -0.5813
vn -0.5462 -0.6031 -0.5813
vn -0.4846 -0.6538 -0.5812
vn -0.4845 -0.6537 -0.5814
vn -0.3481 -0.7354 -0.5814
vn -0.2738 -0.7662 -0.5813
vn -0.0402 -0.8127 -0.5814
vn 0.0402 -0.8128 -0.5812
vn 0.2738 -0.7662 -0.5814
vn 0.4846 -0.6537 -0.5812
vn 0.5462 -0.6031 -0.5813
vn 0.6537 -0.4845 -0.5813
vn 0.6978 -0.4185 -0.5813
vn 0.7662 -0.2738 -0.5813
vn 0.7893 -0.1975 -0.5813
vn 0.7893 0.1975 -0.5813
vn 0.7662 0.2738 -0.5813
vn 0.7354 0.3481 -0.5813
vn 0.6978 0.4185 -0.5813
vn 0.6030 0.5462 -0.5814
vn 0.5462 0.6030 -0.5814
vn 0.4185 0.6978 -0.5814
vn 0.3481 0.7354 -0.5813
vn 0.1975 0.7894 -0.5812
vn 0.0402 0.8127 -0.5814
vn -0.0402 0.8127 -0.5814
vn -0.0481 -0.9719 -0.2304
vn -0.1398 -0.9872 0.0762
vn -0.1463 -0.9843 -0.0990
vn -0.2225 -0.9699 -0.0990
vn -0.2257 -0.9019 -0.3682
vn -0.2700 -0.9585 -0.0918
vn -0.3351 -0.9377 -0.0917
vn -0.3349 -0.8910 0.3064
vn -0.4027 -0.8505 -0.3383
vn -0.4400 -0.8933 -0.0919
vn -0.5122 -0.8540 -0.0918
vn -0.5161 -0.8559 -0.0320
vn -0.5877 -0.7929 -0.1608
vn -0.5953 -0.7982 -0.0918
vn -0.6609 -0.7449 -0.0918
vn -0.6436 -0.7107 -0.2841
vn -0.6972 -0.7121 -0.0826
vn -0.7387 -0.6690 -0.0825
vn -0.6642 -0.5722 0.4812
vn -0.7439 -0.5514 -0.3776
vn -0.8139 -0.5724 -0.0990
vn -0.8534 -0.5118 -0.0990
vn -0.8451 -0.4929 0.2068
vn -0.8609 -0.4076 -0.3045
vn -0.9337 -0.3355 -0.1248
vn -0.9685 -0.2423 -0.0573
vn -0.7989 0.4791 -0.3637
vn -0.8375 0.5374 -0.0990
vn -0.7994 0.5925 -0.0990
vn -0.7492 0.5759 0.3273
vn -0.6944 0.6289 -0.3498
vn -0.6686 0.7436 0.0091
vn -0.5854 0.7898 -0.1828
vn -0.9649 -0.2431 -0.0990
vn -0.9821 -0.1604 -0.0990
vn -0.9321 -0.1385 -0.3348
vn -0.9894 -0.1121 -0.0919
vn -0.9946 -0.0492 -0.0918
vn -0.9092 -0.0253 0.4156
vn -0.9295 0.0460 -0.3660
vn -0.9933 0.0700 -0.0918
vn -0.9850 0.1464 -0.0918
vn -0.9828 0.1538 0.1024
vn -0.9371 0.2344 -0.2588
vn -0.9640 0.2496 -0.0918
vn -0.9377 0.3351 -0.0918
vn -0.9217 0.3243 -0.2127
vn -0.9018 0.4269 0.0676
vn -0.9024 0.4210 -0.0917
vn -0.8635 0.4960 -0.0918
vn -0.2288 0.9144 -0.3339
vn -0.3172 0.8875 -0.3341
vn -0.3172 0.8876 -0.3339
vn -0.4033 0.8519 -0.3341
vn -0.7572 0.5613 -0.3341
vn -0.7572 -0.5613 -0.3341
vn -0.6986 -0.6327 -0.3340
vn -0.6327 -0.6986 -0.3342
vn -0.5612 -0.7572 -0.3342
vn -0.4848 -0.8083 -0.3340
vn -0.4033 -0.8519 -0.3339
vn -0.3172 -0.8875 -0.3341
vn -0.2288 -0.9143 -0.3342
vn -0.2288 -0.9144 -0.3341
vn -0.1386 -0.9323 -0.3341
vn -0.1386 -0.9324 -0.3339
vn -0.0466 -0.9415 -0.3338
vn 0.0466 -0.9415 -0.3339
vn 0.1386 -0.9324 -0.3338
vn 0.1386 -0.9323 -0.3342
vn 0.2288 -0.9144 -0.3341
vn 0.3172 -0.8876 -0.3339
vn 0.4033 -0.8519 -0.3339
vn 0.6327 -0.6986 -0.3342
vn 0.6986 -0.6327 -0.3340
vn 0.7572 0.5613 -0.3341
vn 0.1386 0.9323 -0.3341
vn -0.0174 -0.1173 -0.9929
vn -0.0099 -0.0820 -0.9966
vn -0.0041 -0.0826 -0.9966
vn 0.0038 -0.0527 -0.9986
vn 0.0174 -0.1174 -0.9929
vn 0.0147 -0.0893 -0.9959
vn 0.0156 -0.0811 -0.9966
vn -0.0419 -0.0712 -0.9966
vn -0.0367 -0.0740 -0.9966
vn -0.0496 -0.1048 -0.9933
vn -0.0330 -0.0757 -0.9966
vn -0.0278 -0.0778 -0.9966
vn -0.0246 -0.0698 -0.9973
vn -0.0224 -0.0896 -0.9957
vn -0.0197 -0.0803 -0.9966
vn -0.0139 -0.0814 -0.9966
vn -0.0862 -0.0517 -0.9949
vn -0.0712 -0.0419 -0.9966
vn -0.0530 -0.0393 -0.9978
vn -0.0473 -0.0354 -0.9983
vn -0.0814 -0.0737 -0.9940
vn -0.0605 -0.0563 -0.9966
vn -0.0563 -0.0605 -0.9966
vn -0.0737 -0.0814 -0.9940
vn -0.0354 -0.0472 -0.9983
vn -0.0390 -0.0527 -0.9978
vn -0.0519 -0.0866 -0.9949
vn -0.0740 -0.0367 -0.9966
vn -0.1046 -0.0495 -0.9933
vn -0.0518 -0.0193 -0.9985
vn -0.0691 -0.0247 -0.9973
vn -0.0907 -0.0222 -0.9956
vn -0.0802 -0.0201 -0.9966
vn -0.0814 -0.0140 -0.9966
vn -0.1173 -0.0174 -0.9929
vn -0.0528 -0.0038 -0.9986
vn -0.0803 0.0197 -0.9966
vn -0.0814 0.0140 -0.9966
vn -0.1173 0.0174 -0.9929
vn -0.0900 0.0116 -0.9959
vn -0.0688 0.0040 -0.9976
vn -0.0893 0.0223 -0.9958
vn -0.0693 0.0248 -0.9973
vn -0.0516 0.0192 -0.9985
vn -0.1049 0.0497 -0.9932
vn -0.0740 0.0367 -0.9966
vn -0.0712 0.0419 -0.9966
vn -0.0394 0.0531 -0.9978
vn -0.0354 0.0472 -0.9983
vn -0.0738 0.0815 -0.9939
vn -0.0563 0.0605 -0.9966
vn -0.0605 0.0563 -0.9966
vn -0.0815 0.0738 -0.9939
vn -0.0471 0.0353 -0.9983
vn -0.0528 0.0392 -0.9978
vn -0.0864 0.0518 -0.9949
vn -0.1127 0.3153 -0.9423
vn -0.1723 0.2872 -0.9422
vn -0.1994 0.2691 -0.9422
vn -0.2482 0.2248 -0.9422
vn -0.2691 0.1994 -0.9422
vn -0.1994 -0.2690 -0.9423
vn -0.1722 -0.2871 -0.9423
vn -0.1127 -0.3154 -0.9422
vn -0.0813 -0.3248 -0.9423
vn -0.0492 -0.3312 -0.9423
vn 0.0492 -0.3312 -0.9423
vn 0.1127 -0.3154 -0.9422
vn 0.1722 -0.2872 -0.9423
vn 0.1994 -0.2690 -0.9423
vn 0.2691 0.1994 -0.9422
vn 0.1994 0.2691 -0.9423
vn 0.1723 0.2872 -0.9422
vn 0.1433 0.3026 -0.9423
vn 0.1127 0.3153 -0.9423
vn 0.0492 0.3313 -0.9422
vn 0.0041 0.0826 -0.9966
vn -0.0041 0.0826 -0.9966
vn -0.0038 0.0527 -0.9986
vn -0.0174 0.1174 -0.9929
vn -0.0140 0.0814 -0.9966
vn -0.0201 0.0802 -0.9966
vn -0.0222 0.0904 -0.9957
vn -0.0248 0.0693 -0.9973
vn -0.0193 0.0518 -0.9985
vn -0.0496 0.1047 -0.9933
vn -0.0367 0.0740 -0.9966
vn -0.0419 0.0712 -0.9966
vn 0.5142 -0.8527 -0.0918
vn 0.4400 -0.8933 -0.0919
vn 0.4027 -0.8505 -0.3383
vn 0.2939 -0.8760 0.3825
vn 0.2257 -0.9019 -0.3682
vn 0.2225 -0.9699 -0.0990
vn 0.1463 -0.9843 -0.0990
vn 0.1398 -0.9872 0.0762
vn 0.0481 -0.9719 -0.2304
vn -0.5896 0.8016 -0.0990
vn -0.5195 0.8487 -0.0990
vn -0.4946 0.8247 -0.2742
vn -0.4315 0.8908 0.1426
vn -0.3127 0.8749 -0.3697
vn -0.3105 0.9461 -0.0919
vn -0.2417 0.9660 -0.0918
vn -0.2238 0.9467 0.2315
vn -0.1390 0.9354 -0.3251
vn -0.1330 0.9869 -0.0918
vn -0.0492 0.9946 -0.0917
vn 0.0493 0.9954 -0.0826
vn 0.0489 0.9946 -0.0917
vn 0.1330 0.9869 -0.0918
vn -0.0856 0.5760 -0.8129
vn -0.1413 0.5648 -0.8130
vn -0.1960 0.5483 -0.8130
vn -0.2492 0.5263 -0.8130
vn -0.2995 0.4994 -0.8130
vn -0.4315 0.3908 -0.8130
vn -0.5759 0.0856 -0.8130
vn -0.5759 -0.0856 -0.8130
vn -0.2995 -0.4993 -0.8130
vn -0.0856 -0.5759 -0.8131
vn 0.5759 -0.0856 -0.8130
vn 0.2491 0.5263 -0.8130
vn 0.0856 0.5760 -0.8130
vn -0.0000 -0.1806 -0.9836
vn -0.1130 0.9936 -0.0000
vn -0.0494 0.9988 0.0014
vn -0.0424 0.9991 0.0020
vn 0.0214 0.9998 -0.0000
vn 0.0770 0.9970 -0.0000
vn 0.1270 0.9919 0.0026
vn 0.1532 0.9882 0.0006
vn 0.3787 0.9255 -0.0000
vn 0.3117 0.9502 -0.0000
vn 0.2928 0.9562 0.0019
vn 0.2302 0.9731 -0.0000
vn 0.2028 0.9792 -0.0000
vn 0.5946 0.8040 0.0020
vn 0.5777 0.8163 -0.0000
vn 0.4502 0.8929 -0.0000
vn 0.5177 0.8555 0.0099
vn 0.4500 0.8930 0.0008
vn 0.7529 0.6581 0.0063
vn 0.6975 0.7166 -0.0000
vn 0.6446 0.7645 -0.0000
vn 0.7749 0.6320 0.0106
vn 0.7220 0.6919 -0.0000
vn 0.8010 0.5987 -0.0000
vn 0.8285 0.5600 0.0028
vn 0.8486 0.5291 -0.0000
vn 0.9464 0.3229 -0.0000
vn 0.9338 0.3578 -0.0000
vn 0.9112 0.4119 0.0025
vn 0.9097 0.4153 0.0022
vn 0.8840 0.4675 -0.0000
vn 0.9964 0.0848 -0.0000
vn 0.9998 0.0183 0.0097
vn 0.9978 0.0666 0.0041
vn 0.9910 0.1339 -0.0001
vn 0.9677 0.2520 -0.0001
vn 0.9847 0.1739 0.0113
vn 0.9696 0.2447 0.0014
vn 0.9677 -0.2520 -0.0000
vn 0.9568 -0.2906 0.0062
vn 0.9749 -0.2225 0.0009
vn 0.9833 -0.1821 -0.0001
vn 0.9964 -0.0848 -0.0001
vn 0.9903 -0.1384 0.0081
vn 0.9985 -0.0555 -0.0000
vn 0.8285 -0.5600 -0.0002
vn 0.8196 -0.5729 0.0023
vn 0.8654 -0.5010 -0.0000
vn 0.9112 -0.4119 -0.0000
vn 0.8994 -0.4371 0.0044
vn 0.9332 -0.3593 -0.0000
vn 0.5473 -0.8369 0.0097
vn 0.5946 -0.8040 -0.0001
vn 0.4860 -0.8739 -0.0001
vn 0.6017 -0.7987 0.0020
vn 0.6473 -0.7623 -0.0000
vn 0.7220 -0.6919 -0.0000
vn 0.6708 -0.7415 0.0118
vn 0.7300 -0.6835 0.0001
vn 0.4154 -0.9096 0.0070
vn 0.4502 -0.8929 0.0009
vn 0.3777 -0.9259 -0.0000
vn 0.0707 -0.9975 -0.0000
vn 0.1270 -0.9919 0.0032
vn 0.1378 -0.9905 0.0019
vn 0.1937 -0.9811 -0.0001
vn 0.2928 -0.9562 -0.0001
vn 0.2628 -0.9648 0.0053
vn 0.3434 -0.9392 -0.0000
vn -0.1130 -0.9936 -0.0001
vn -0.0636 -0.9980 0.0014
vn -0.0555 -0.9985 0.0006
vn 0.0212 -0.9998 -0.0003
vn 0.0122 -0.9999 0.0002
vn 0.0396 -0.9992 -0.0000
vn -0.3729 -0.9279 0.0020
vn -0.3594 -0.9332 -0.0001
vn -0.2107 -0.9776 -0.0000
vn -0.2236 -0.9747 0.0023
vn -0.1409 -0.9900 -0.0001
vn -0.5243 -0.8515 0.0031
vn -0.5011 -0.8654 -0.0000
vn -0.4381 -0.8989 -0.0000
vn -0.7147 -0.6995 -0.0000
vn -0.6850 -0.7285 0.0009
vn -0.6607 -0.7507 0.0035
vn -0.6289 -0.7775 -0.0001
vn -0.5723 -0.8201 -0.0001
vn -0.7359 -0.6771 -0.0000
vn -0.7780 -0.6282 0.0025
vn -0.7906 -0.6123 -0.0001
vn -0.8322 -0.5544 -0.0001
vn -0.8730 -0.4877 0.0009
vn -0.8728 -0.4881 0.0010
vn -0.9429 -0.3331 0.0023
vn -0.9361 -0.3517 -0.0000
vn -0.9082 -0.4185 -0.0000
vn -0.9958 -0.0919 -0.0000
vn -0.9922 -0.1249 0.0004
vn -0.9856 -0.1690 0.0030
vn -0.9795 -0.2017 -0.0000
vn -0.9626 -0.2708 -0.0000
vn -0.9989 -0.0473 -0.0000
vn -1.0000 -0.0000 0.0031
vn -1.0000 -0.0024 0.0033
vn -0.9856 0.1690 0.0028
vn -0.9933 0.1160 -0.0000
vn -0.9990 0.0443 -0.0000
vn -0.9429 0.3331 0.0019
vn -0.9633 0.2683 -0.0000
vn -0.9799 0.1993 -0.0000
vn -0.8337 0.5522 -0.0001
vn -0.8609 0.5088 0.0007
vn -0.8946 0.4469 0.0066
vn -0.8730 0.4877 0.0005
vn -0.9094 0.4159 -0.0000
vn -0.9370 0.3492 -0.0000
vn -0.7925 0.6098 -0.0001
vn -0.7780 0.6282 0.0022
vn -0.7380 0.6748 -0.0000
vn -0.7147 0.6995 -0.0000
vn -0.6607 0.7507 0.0012
vn -0.6795 0.7336 0.0042
vn -0.4613 0.8873 -0.0000
vn -0.5053 0.8629 0.0009
vn -0.5243 0.8515 0.0026
vn -0.5666 0.8240 -0.0000
vn -0.6235 0.7818 -0.0000
vn -0.4323 0.9017 -0.0000
vn -0.3729 0.9279 0.0020
vn -0.3537 0.9354 -0.0000
vn -0.1345 0.9909 -0.0000
vn -0.1684 0.9857 0.0003
vn -0.2107 0.9776 0.0025
vn -0.2374 0.9714 0.0005
vn -0.2859 0.9583 -0.0000
vn 0.9607 0.2777 -0.0000
vn -0.0494 -0.9988 -0.0016
vn -0.0449 -0.9990 -0.0020
vn 0.1342 -0.9909 -0.0027
vn 0.0936 -0.9956 -0.0000
vn 0.0227 -0.9997 -0.0000
vn 0.3090 -0.9511 -0.0025
vn 0.2549 -0.9670 -0.0000
vn 0.1821 -0.9833 -0.0000
vn 0.5552 -0.8317 -0.0000
vn 0.4912 -0.8711 -0.0000
vn 0.4739 -0.8806 -0.0018
vn 0.4110 -0.9116 -0.0000
vn 0.3406 -0.9402 -0.0000
vn 0.6198 -0.7848 -0.0005
vn 0.6235 -0.7818 -0.0010
vn 0.6840 -0.7295 -0.0000
vn 0.7374 -0.6755 -0.0000
vn 0.7531 -0.6579 -0.0022
vn 0.7950 -0.6066 -0.0000
vn 0.9166 -0.3998 -0.0000
vn 0.8836 -0.4683 -0.0000
vn 0.8584 -0.5129 -0.0028
vn 0.8486 -0.5290 -0.0014
vn 0.8205 -0.5717 -0.0000
vn 0.9839 -0.1786 -0.0023
vn 0.9701 -0.2426 -0.0000
vn 0.9362 -0.3514 -0.0000
vn 0.9601 -0.2794 -0.0100
vn 0.9446 -0.3281 -0.0042
vn 0.9994 -0.0356 -0.0006
vn 0.9968 -0.0804 -0.0000
vn 0.9879 -0.1552 -0.0000
vn 0.9839 0.1786 -0.0000
vn 0.9692 0.2460 -0.0099
vn 0.9870 0.1604 -0.0000
vn 1.0000 -0.0000 -0.0000
vn 0.9964 0.0835 -0.0117
vn 0.9992 0.0396 -0.0058
vn 0.8584 0.5129 -0.0000
vn 0.8361 0.5485 -0.0063
vn 0.8813 0.4726 -0.0000
vn 0.9362 0.3514 -0.0000
vn 0.9152 0.4030 -0.0082
vn 0.9433 0.3318 -0.0011
vn 0.6235 0.7818 0.0001
vn 0.5592 0.8289 -0.0124
vn 0.6007 0.7994 -0.0053
vn 0.6588 0.7523 -0.0004
vn 0.6869 0.7267 -0.0000
vn 0.7531 0.6579 -0.0000
vn 0.7346 0.6785 -0.0043
vn 0.7922 0.6103 0.0001
vn 0.3090 0.9511 0.0001
vn 0.2593 0.9658 -0.0083
vn 0.3445 0.9388 -0.0000
vn 0.4739 0.8806 -0.0000
vn 0.4156 0.9095 -0.0103
vn 0.4948 0.8690 0.0001
vn -0.2225 0.9749 -0.0016
vn -0.2143 0.9768 -0.0004
vn -0.1377 0.9905 -0.0000
vn -0.0673 0.9977 -0.0000
vn -0.0677 0.9977 -0.0000
vn 0.0224 0.9997 -0.0000
vn 0.0227 0.9997 -0.0000
vn 0.1342 0.9909 -0.0000
vn 0.0979 0.9952 -0.0059
vn 0.1862 0.9825 0.0001
vn -0.3930 0.9195 -0.0029
vn -0.3690 0.9294 -0.0000
vn -0.2976 0.9547 -0.0000
vn -0.5509 0.8346 -0.0034
vn -0.5172 0.8558 -0.0000
vn -0.4514 0.8923 -0.0000
vn -0.6911 0.7228 -0.0033
vn -0.6502 0.7597 -0.0000
vn -0.5914 0.8064 -0.0000
vn -0.8451 0.5345 -0.0000
vn -0.8068 0.5909 -0.0028
vn -0.8090 0.5878 -0.0024
vn -0.7669 0.6418 -0.0000
vn -0.7161 0.6980 -0.0000
vn -0.8616 0.5076 -0.0000
vn -0.9010 0.4339 -0.0008
vn -0.9004 0.4350 -0.0010
vn -0.9799 0.1995 0.0001
vn -0.9670 0.2548 -0.0019
vn -0.9640 0.2660 -0.0029
vn -0.9472 0.3206 -0.0000
vn -0.9337 0.3582 -0.0000
vn -0.9921 0.1253 -0.0000
vn -0.9960 0.0896 -0.0030
vn -0.9994 0.0358 -0.0000
vn -0.9992 -0.0404 -0.0000
vn -0.9960 -0.0896 -0.0030
vn -0.9915 -0.1298 -0.0000
vn -0.9790 -0.2040 -0.0000
vn -0.9640 -0.2660 -0.0024
vn -0.9656 -0.2601 -0.0030
vn -0.9010 -0.4339 -0.0013
vn -0.9321 -0.3621 -0.0000
vn -0.9472 -0.3206 -0.0000
vn -0.8090 -0.5878 -0.0017
vn -0.8200 -0.5723 0.0003
vn -0.8966 -0.4428 -0.0002
vn -0.6286 -0.7777 -0.0000
vn -0.6587 -0.7524 -0.0004
vn -0.6911 -0.7228 -0.0028
vn -0.7191 -0.6950 -0.0000
vn -0.7643 -0.6449 -0.0000
vn -0.5946 -0.8040 -0.0000
vn -0.5509 -0.8346 -0.0026
vn -0.5206 -0.8538 -0.0000
vn -0.4553 -0.8903 -0.0000
vn -0.3930 -0.9195 -0.0020
vn -0.3732 -0.9278 -0.0000
vn -0.1166 -0.9932 -0.0000
vn -0.1421 -0.9899 -0.0000
vn -0.2225 -0.9749 -0.0008
vn -0.2228 -0.9749 -0.0008
vn -0.3018 -0.9534 -0.0000
vn 0.0121 -0.9998 -0.0176
vn 0.0102 -0.2250 -0.9743
vn 0.0159 -0.2832 -0.9589
vn 0.7815 -0.5295 -0.3299
vn 0.7700 -0.4579 0.4443
vn 0.9376 0.2831 -0.2020
vn 0.9414 -0.0155 -0.3369
vn 0.7774 -0.2968 -0.5546
vn 0.0440 0.7714 -0.6349
vn -0.1144 0.9893 -0.0907
vn -0.1306 0.7615 -0.6349
vn -0.9414 -0.0158 -0.3368
vn -0.6858 0.3957 -0.6108
vn -0.8285 -0.4529 -0.3292
vn -0.2174 -0.8662 0.4499
vn -0.5180 -0.6701 -0.5317
vn -0.0444 -0.9530 -0.2996
vn -0.0715 -0.2559 -0.9641
vn -0.0312 -0.2198 -0.9750
vn -0.0002 -0.2521 -0.9677
vn -0.0042 -0.2623 -0.9650
vn -0.0041 -0.2524 -0.9676
vn -0.0094 -0.2519 -0.9677
vn -0.0158 -0.2826 -0.9591
vn -0.0107 -0.2259 -0.9741
vn -0.0181 -0.2499 -0.9681
vn -0.0256 -0.2492 -0.9681
vn -0.0172 -0.2237 -0.9745
vn -0.0464 -0.2745 -0.9605
vn -0.0232 -0.2204 -0.9751
vn -0.0428 -0.2490 -0.9676
vn -0.0411 -0.2337 -0.9714
vn -0.0488 -0.1984 -0.9789
vn -0.0992 -0.2249 -0.9693
vn -0.0705 -0.2142 -0.9742
vn -0.0677 -0.2193 -0.9733
vn -0.0734 -0.2221 -0.9722
vn -0.0575 -0.2214 -0.9735
vn -0.0418 -0.2112 -0.9765
vn -0.0793 -0.2490 -0.9652
vn -0.0561 -0.2311 -0.9713
vn -0.0528 -0.2344 -0.9707
vn -0.0527 -0.1510 -0.9871
vn -0.1034 -0.1320 -0.9858
vn -0.0787 -0.1458 -0.9862
vn -0.0812 -0.1518 -0.9851
vn -0.0901 -0.1481 -0.9849
vn -0.0744 -0.1620 -0.9840
vn -0.0584 -0.1669 -0.9842
vn -0.1087 -0.1638 -0.9805
vn -0.0726 -0.1378 -0.9878
vn -0.0733 -0.1272 -0.9892
vn -0.0476 -0.1442 -0.9884
vn -0.0870 -0.1031 -0.9909
vn -0.0423 -0.1373 -0.9896
vn -0.0434 -0.0909 -0.9949
vn -0.0274 -0.1057 -0.9940
vn -0.0222 -0.1179 -0.9928
vn -0.0282 -0.0704 -0.9971
vn -0.0627 -0.1128 -0.9916
vn -0.0517 -0.1123 -0.9923
vn -0.0375 -0.1294 -0.9909
vn -0.0606 -0.0815 -0.9948
vn -0.0454 -0.1032 -0.9936
vn -0.0396 -0.1001 -0.9942
vn -0.0829 -0.1695 -0.9820
vn -0.0835 -0.1752 -0.9810
vn -0.0980 -0.1750 -0.9797
vn -0.0817 -0.1795 -0.9804
vn -0.0879 -0.1841 -0.9790
vn -0.0532 -0.1844 -0.9814
vn -0.1098 -0.1952 -0.9746
vn -0.0527 -0.1918 -0.9800
vn -0.0785 -0.1990 -0.9769
vn -0.0750 -0.2059 -0.9757
vn -0.0373 -0.8511 -0.5237
vn -0.0437 -0.9100 -0.4124
vn -0.1227 -0.9021 -0.4138
vn -0.5710 -0.6171 -0.5414
vn -0.5750 -0.6192 -0.5347
vn -0.6222 -0.5617 -0.5453
vn -0.6268 -0.5636 -0.5380
vn -0.6681 -0.5020 -0.5493
vn -0.6732 -0.5035 -0.5416
vn -0.7085 -0.4375 -0.5537
vn -0.7142 -0.4385 -0.5456
vn -0.7431 -0.3686 -0.5585
vn -0.7491 -0.3690 -0.5501
vn -0.7710 -0.2968 -0.5634
vn -0.7774 -0.2966 -0.5546
vn -0.7922 -0.2225 -0.5682
vn -0.7988 -0.2217 -0.5593
vn -0.8063 -0.1457 -0.5733
vn -0.9278 -0.1964 -0.3173
vn -0.9228 -0.1984 -0.3302
vn -0.9057 -0.2845 -0.3143
vn -0.9007 -0.2860 -0.3271
vn -0.8751 -0.3703 -0.3116
vn -0.8702 -0.3711 -0.3241
vn -0.8363 -0.4529 -0.3091
vn -0.8316 -0.4532 -0.3210
vn -0.7902 -0.5305 -0.3068
vn -0.7858 -0.5303 -0.3183
vn -0.7374 -0.6027 -0.3049
vn -0.7334 -0.6021 -0.3157
vn -0.6778 -0.6698 -0.3032
vn -0.6743 -0.6688 -0.3131
vn -0.6118 -0.7312 -0.3016
vn -0.5655 -0.7066 -0.4252
vn -0.5043 -0.7568 -0.4159
vn -0.5015 -0.7548 -0.4228
vn -0.4340 -0.7999 -0.4145
vn -0.4319 -0.7979 -0.4205
vn -0.3600 -0.8364 -0.4134
vn -0.3585 -0.8345 -0.4184
vn -0.2824 -0.8660 -0.4126
vn -0.2814 -0.8645 -0.4165
vn -0.0466 -0.9790 -0.1987
vn -0.0546 -0.9959 -0.0728
vn -0.1112 -0.9910 -0.0739
vn -0.2027 -0.8870 -0.4149
vn -0.1229 -0.9029 -0.4120
vn -0.1296 -0.9337 -0.3339
vn -0.1291 -0.9555 -0.2651
vn -0.2033 -0.8882 -0.4121
vn -0.2403 -0.9696 -0.0460
vn -0.3289 -0.9391 -0.0999
vn -0.3440 -0.8057 0.4822
vn -0.3782 -0.8613 -0.3393
vn -0.8123 -0.3730 0.4483
vn -0.8321 -0.5297 -0.1643
vn -0.8240 -0.5620 -0.0720
vn -0.7854 -0.6059 -0.1264
vn -0.7748 -0.5404 0.3282
vn -0.6723 -0.6678 -0.3196
vn -0.6951 -0.6813 -0.2297
vn -0.4123 -0.8851 -0.2159
vn -0.5066 -0.8388 0.1992
vn -0.4966 -0.8554 -0.1473
vn -0.5689 -0.8216 -0.0351
vn -0.5310 -0.7782 -0.3353
vn -0.6349 -0.7563 0.1581
vn -0.6049 -0.7275 -0.3237
vn -0.6766 -0.7328 -0.0718
vn -0.7055 -0.7045 -0.0771
vn -0.8127 -0.0666 -0.5789
vn -0.8191 -0.0644 -0.5701
vn -0.8115 0.0128 -0.5842
vn -0.7906 0.1745 -0.5870
vn -0.7853 0.1708 -0.5951
vn -0.8081 0.0952 -0.5813
vn -0.8300 0.4324 -0.3523
vn -0.7309 0.3282 -0.5984
vn -0.7266 0.3239 -0.6059
vn -0.9055 0.2620 -0.3338
vn -0.9019 0.2581 -0.3462
vn -0.9282 0.1713 -0.3303
vn -0.9242 0.1676 -0.3430
vn -0.9417 0.0796 -0.3269
vn -0.2154 0.7446 -0.6318
vn -0.2151 0.7428 -0.6341
vn -0.2979 0.7176 -0.6295
vn -0.2973 0.7152 -0.6325
vn -0.3775 0.6820 -0.6264
vn -0.3765 0.6791 -0.6301
vn -0.4519 0.6388 -0.6227
vn -0.4505 0.6352 -0.6274
vn -0.5205 0.5883 -0.6188
vn -0.5188 0.5848 -0.6236
vn -0.5837 0.5314 -0.6139
vn -0.5812 0.5273 -0.6199
vn -0.6405 0.4679 -0.6090
vn -0.0440 0.7709 -0.6354
vn -0.2419 0.8997 -0.3634
vn -0.2418 0.8984 -0.3666
vn -0.3348 0.8702 -0.3615
vn -0.3346 0.8684 -0.3660
vn -0.4248 0.8310 -0.3591
vn -0.4244 0.8286 -0.3652
vn -0.5092 0.7832 -0.3568
vn -0.5086 0.7805 -0.3636
vn -0.5877 0.7276 -0.3539
vn -0.5867 0.7244 -0.3620
vn -0.6602 0.6641 -0.3510
vn -0.6587 0.6606 -0.3601
vn -0.7260 0.5933 -0.3478
vn -0.7243 0.5897 -0.3574
vn -0.7836 0.5173 -0.3442
vn -0.9968 -0.0172 -0.0778
vn -0.9924 0.0265 -0.1202
vn -0.9461 -0.0129 -0.3237
vn -0.9373 0.0763 -0.3402
vn -0.8176 0.0155 -0.5756
vn -0.8024 0.0919 -0.5896
vn -0.8788 0.3577 -0.3159
vn -0.8734 0.3512 -0.3374
vn -0.8703 0.3472 -0.3494
vn -0.7646 0.2528 -0.5928
vn -0.7598 0.2489 -0.6007
vn -0.8979 0.4326 -0.0811
vn -0.8616 0.4990 -0.0933
vn -0.8327 0.4365 -0.3408
vn -0.7814 0.5133 -0.3549
vn -0.6896 0.4000 -0.6037
vn -0.6374 0.4637 -0.6154
vn -0.9789 0.0063 -0.2042
vn -0.9935 0.1130 -0.0166
vn -0.9433 0.0808 -0.3219
vn -0.9491 0.2318 0.2131
vn -0.9338 0.1761 -0.3116
vn -0.9630 0.2499 -0.1009
vn -0.9434 0.3295 -0.0379
vn -0.8919 0.3776 0.2489
vn -0.9016 0.3723 -0.2201
vn -0.5103 0.8556 -0.0863
vn -0.5184 0.8183 -0.2482
vn -0.5658 0.8245 0.0090
vn -0.5923 0.7402 -0.3182
vn -0.6212 0.7833 0.0244
vn -0.6722 0.6948 -0.2556
vn -0.6853 0.7223 -0.0927
vn -0.1307 0.7624 -0.6338
vn -0.1467 0.9186 -0.3669
vn -0.1467 0.9194 -0.3649
vn -0.1480 0.9373 -0.3155
vn -0.1365 0.9677 -0.2118
vn -0.4661 0.8801 -0.0907
vn -0.4365 0.8663 -0.2427
vn -0.4297 0.8527 -0.2971
vn -0.3339 0.9202 0.2043
vn -0.3412 0.9332 -0.1126
vn -0.2891 0.9532 -0.0881
vn -0.2467 0.9513 -0.1848
vn -0.2402 0.9666 -0.0893
vn -0.1704 0.9811 -0.0919
vn -0.8583 0.4696 -0.2068
vn -0.8376 0.5406 -0.0788
vn -0.8078 0.5721 -0.1418
vn -0.7604 0.6202 0.1928
vn -0.7351 0.6116 -0.2926
vn -0.7392 0.6353 -0.2234
vn -0.7198 0.6888 -0.0865
vn -0.8670 -0.4415 -0.2312
vn -0.9155 -0.2941 0.2745
vn -0.9348 -0.3479 -0.0717
vn -0.9554 -0.2836 -0.0817
vn -0.9036 -0.2851 -0.3199
vn -0.9645 -0.1604 0.2099
vn -0.9253 -0.1973 -0.3239
vn -0.9875 -0.1381 -0.0756
vn -0.9910 -0.1063 -0.0815
vn -0.8127 -0.1441 -0.5646
vn -0.9365 -0.1082 -0.3335
vn -0.9414 -0.1057 -0.3203
vn -0.9746 -0.0866 -0.2065
vn -0.9851 -0.0748 -0.1551
vn 0.1307 0.7623 -0.6338
vn 0.2155 0.7446 -0.6318
vn 0.2150 0.7427 -0.6341
vn 0.2980 0.7176 -0.6295
vn 0.2972 0.7152 -0.6325
vn 0.3776 0.6819 -0.6264
vn 0.3764 0.6792 -0.6301
vn 0.4520 0.6387 -0.6227
vn 0.4504 0.6352 -0.6274
vn 0.5207 0.5883 -0.6187
vn 0.5186 0.5848 -0.6237
vn 0.5838 0.5313 -0.6138
vn 0.5811 0.5274 -0.6199
vn 0.6406 0.4678 -0.6089
vn 0.6373 0.4638 -0.6154
vn 0.6897 0.3998 -0.6037
vn 0.6857 0.3958 -0.6108
vn 0.7310 0.3280 -0.5983
vn 0.7265 0.3241 -0.6059
vn 0.7647 0.2526 -0.5928
vn 0.7597 0.2491 -0.6007
vn 0.7907 0.1743 -0.5869
vn 0.7852 0.1710 -0.5951
vn 0.8082 0.0949 -0.5812
vn 0.2420 0.8997 -0.3634
vn 0.2417 0.8984 -0.3667
vn 0.3349 0.8701 -0.3615
vn 0.3345 0.8684 -0.3659
vn 0.4249 0.8310 -0.3591
vn 0.4242 0.8286 -0.3652
vn 0.5094 0.7831 -0.3568
vn 0.5084 0.7806 -0.3636
vn 0.5879 0.7275 -0.3538
vn 0.5865 0.7245 -0.3621
vn 0.6603 0.6639 -0.3510
vn 0.6586 0.6607 -0.3601
vn 0.7262 0.5931 -0.3477
vn 0.7241 0.5898 -0.3575
vn 0.7838 0.5170 -0.3441
vn 0.7812 0.5136 -0.3550
vn 0.8328 0.4362 -0.3408
vn 0.8298 0.4327 -0.3523
vn 0.8735 0.3510 -0.3374
vn 0.8702 0.3474 -0.3495
vn 0.9056 0.2617 -0.3337
vn 0.7923 -0.2223 -0.5682
vn 0.7987 -0.2219 -0.5593
vn 0.8063 -0.1454 -0.5733
vn 0.6682 -0.5018 -0.5493
vn 0.6731 -0.5036 -0.5416
vn 0.7086 -0.4373 -0.5538
vn 0.7141 -0.4387 -0.5455
vn 0.7432 -0.3684 -0.5585
vn 0.5749 -0.6193 -0.5347
vn 0.9414 -0.1060 -0.3202
vn 0.9366 -0.1078 -0.3335
vn 0.9277 -0.1967 -0.3172
vn 0.7859 -0.5301 -0.3183
vn 0.7901 -0.5307 -0.3068
vn 0.8317 -0.4529 -0.3211
vn 0.8362 -0.4532 -0.3090
vn 0.8703 -0.3708 -0.3241
vn 0.8750 -0.3705 -0.3115
vn 0.9008 -0.2856 -0.3271
vn 0.1321 -0.9445 -0.3007
vn 0.1322 -0.9452 -0.2985
vn 0.2183 -0.9281 -0.3016
vn 0.2186 -0.9291 -0.2982
vn 0.3029 -0.9035 -0.3030
vn 0.3036 -0.9048 -0.2984
vn 0.3857 -0.8709 -0.3047
vn 0.3868 -0.8724 -0.2989
vn 0.4644 -0.8309 -0.3065
vn 0.4660 -0.8325 -0.2997
vn 0.5389 -0.7838 -0.3086
vn 0.5410 -0.7855 -0.3004
vn 0.5711 -0.6170 -0.5414
vn 0.6777 -0.6700 -0.3032
vn 0.6745 -0.6686 -0.3131
vn 0.4574 -0.7146 -0.5293
vn 0.4549 -0.7121 -0.5347
vn 0.3934 -0.7532 -0.5272
vn 0.3915 -0.7507 -0.5321
vn 0.3260 -0.7857 -0.5258
vn 0.3248 -0.7835 -0.5298
vn 0.2556 -0.8120 -0.5246
vn 0.2549 -0.8103 -0.5277
vn 0.1839 -0.8317 -0.5238
vn 0.1836 -0.8305 -0.5259
vn 0.1112 -0.8449 -0.5233
vn 0.1111 -0.8440 -0.5248
vn 0.0374 -0.8513 -0.5234
vn 0.0217 0.9956 -0.0910
vn 0.0440 0.7709 -0.6354
vn 0.0494 0.9293 -0.3659
vn 0.0493 0.9290 -0.3667
vn 0.0498 0.9473 -0.3165
vn 0.0773 0.9967 -0.0241
vn 0.1306 0.7615 -0.6349
vn 0.1467 0.9194 -0.3649
vn 0.1466 0.9187 -0.3669
vn 0.1495 0.9696 -0.1937
vn 0.1551 0.9836 -0.0924
vn 0.2053 0.9745 -0.0907
vn 0.2338 0.9563 -0.1757
vn 0.2441 0.9175 -0.3139
vn 0.2896 0.9265 0.2404
vn 0.3417 0.9217 -0.1836
vn 0.3829 0.9196 -0.0882
vn 0.4333 0.8948 -0.1074
vn 0.4055 0.8607 0.3080
vn 0.5134 0.7972 -0.3178
vn 0.8176 0.0153 -0.5756
vn 0.8024 0.0922 -0.5896
vn 0.9283 0.1710 -0.3302
vn 0.9018 0.2584 -0.3463
vn 0.9089 0.2655 -0.3216
vn 0.9356 0.3439 -0.0803
vn 0.9798 0.1463 -0.1362
vn 0.9583 0.0924 -0.2704
vn 0.9372 0.0766 -0.3402
vn 0.9461 -0.0132 -0.3236
vn 0.8127 -0.0664 -0.5790
vn 0.8127 -0.1444 -0.5645
vn 0.9365 0.2755 0.2171
vn 0.9500 0.2666 0.1624
vn 0.9242 0.1679 -0.3431
vn 0.9417 0.0793 -0.3268
vn 0.8115 0.0130 -0.5843
vn 0.8191 -0.0646 -0.5700
vn 0.9122 0.3996 -0.0905
vn 0.8869 0.3683 -0.2788
vn 0.8859 0.4628 -0.0313
vn 0.8519 0.4669 -0.2371
vn 0.8438 0.5346 0.0466
vn 0.8026 0.5536 -0.2222
vn 0.8049 0.5752 -0.1458
vn 0.5205 0.8080 -0.2760
vn 0.5435 0.8088 0.2244
vn 0.6021 0.7829 -0.1567
vn 0.6489 0.7583 -0.0631
vn 0.6676 0.6817 -0.2993
vn 0.6779 0.7218 0.1394
vn 0.7332 0.6075 -0.3056
vn 0.7585 0.6452 -0.0914
vn 0.7806 0.6190 -0.0866
vn 0.7491 -0.3692 -0.5501
vn 0.7711 -0.2966 -0.5634
vn 0.9056 -0.2849 -0.3143
vn 0.9229 -0.1981 -0.3303
vn 0.9404 -0.1917 -0.2810
vn 0.9772 -0.1959 -0.0819
vn 0.9691 -0.2349 -0.0747
vn 0.9027 -0.2852 -0.3220
vn 0.9545 -0.2668 0.1333
vn 0.8690 -0.3709 -0.3274
vn 0.9276 -0.3684 -0.0622
vn 0.8909 -0.4417 -0.1057
vn 0.9008 -0.4161 0.1240
vn 0.8385 -0.5168 -0.1728
vn 0.6089 -0.7310 -0.3081
vn 0.4084 -0.9096 -0.0765
vn 0.3873 -0.8728 -0.2969
vn 0.4920 -0.8582 0.1465
vn 0.4606 -0.8272 -0.3218
vn 0.5461 -0.8377 -0.0041
vn 0.5605 -0.7976 -0.2229
vn 0.5939 -0.8015 -0.0703
vn 0.6384 -0.7658 -0.0770
vn 0.7045 -0.5872 0.3987
vn 0.7409 -0.6716 0.0006
vn 0.7825 -0.6064 -0.1414
vn 0.7335 -0.6019 -0.3157
vn 0.7372 -0.6030 -0.3049
vn 0.6223 -0.5616 -0.5453
vn 0.6267 -0.5638 -0.5379
vn 0.9891 0.1176 -0.0885
vn 0.9957 0.0518 -0.0764
vn 0.9530 -0.0088 -0.3030
vn 0.9964 0.0012 -0.0842
vn 0.9954 -0.0632 -0.0723
vn 0.9979 -0.0477 0.0428
vn 0.9720 -0.1673 -0.1653
vn 0.0176 -0.0646 -0.9978
vn 0.0112 -0.0908 -0.9958
vn 0.0046 -0.0902 -0.9959
vn -0.0046 -0.0902 -0.9959
vn -0.0046 -0.1050 -0.9945
vn -0.0161 -0.0749 -0.9971
vn -0.0145 -0.0915 -0.9957
vn -0.0210 -0.0928 -0.9955
vn 0.0463 -0.1037 -0.9935
vn 0.0406 -0.1006 -0.9941
vn 0.0500 -0.0772 -0.9958
vn 0.0366 -0.0986 -0.9945
vn 0.0309 -0.0962 -0.9949
vn 0.0280 -0.1029 -0.9943
vn 0.0243 -0.0857 -0.9960
vn 0.0220 -0.0930 -0.9954
vn 0.0156 -0.0917 -0.9957
vn 0.0879 -0.1286 -0.9878
vn 0.0751 -0.1372 -0.9877
vn 0.0583 -0.1382 -0.9887
vn 0.0540 -0.1411 -0.9885
vn 0.0815 -0.1080 -0.9908
vn 0.0655 -0.1210 -0.9905
vn 0.0610 -0.1165 -0.9913
vn 0.0746 -0.0998 -0.9922
vn 0.0413 -0.1267 -0.9911
vn 0.0449 -0.1214 -0.9916
vn 0.0544 -0.0918 -0.9943
vn 0.0780 -0.1426 -0.9867
vn 0.1011 -0.1332 -0.9859
vn 0.0580 -0.1594 -0.9855
vn 0.0713 -0.1554 -0.9853
vn 0.0939 -0.1576 -0.9830
vn 0.0819 -0.1601 -0.9837
vn 0.0832 -0.1663 -0.9826
vn 0.1106 -0.1635 -0.9803
vn 0.0579 -0.1763 -0.9826
vn 0.0679 -0.2189 -0.9734
vn 0.0706 -0.2140 -0.9743
vn 0.0981 -0.2244 -0.9695
vn 0.0501 -0.1986 -0.9788
vn 0.0825 -0.1760 -0.9809
vn 0.0825 -0.1839 -0.9795
vn 0.0545 -0.1841 -0.9814
vn 0.1096 -0.1952 -0.9746
vn 0.0516 -0.1913 -0.9802
vn 0.0839 -0.2002 -0.9762
vn 0.0699 -0.2042 -0.9764
vn 0.0452 -0.2528 -0.9664
vn 0.0384 -0.2430 -0.9693
vn 0.0386 -0.2305 -0.9723
vn 0.0321 -0.2213 -0.9747
vn 0.0698 -0.2541 -0.9647
vn 0.0337 -0.2455 -0.9688
vn 0.0459 -0.2734 -0.9608
vn 0.0174 -0.2250 -0.9742
vn 0.0237 -0.2443 -0.9694
vn 0.0194 -0.2550 -0.9668
vn 0.0526 -0.2345 -0.9707
vn 0.0562 -0.2309 -0.9713
vn 0.0774 -0.2474 -0.9658
vn 0.0432 -0.2119 -0.9763
vn 0.0534 -0.2184 -0.9744
vn 0.0774 -0.2247 -0.9713
vn -0.0440 0.7714 -0.6349
vn -0.0494 0.9290 -0.3667
vn -0.0493 0.9294 -0.3659
vn -0.0501 0.9945 -0.0918
vn -0.0500 0.9946 -0.0909
vn 0.0374 -0.8511 -0.5237
vn 0.0444 -0.9532 -0.2990
vn 0.0444 -0.9530 -0.2996
vn 0.0435 -0.9402 -0.3378
vn 0.0365 -0.9665 -0.2540
vn 0.3720 -0.9253 -0.0737
vn 0.3291 -0.9298 -0.1648
vn 0.3058 -0.9083 -0.2856
vn 0.2664 -0.9436 0.1966
vn 0.2263 -0.9469 -0.2283
vn 0.1923 -0.9807 -0.0357
vn 0.1359 -0.9596 -0.2463
vn 0.1355 -0.9880 -0.0743
vn 0.0696 -0.9949 -0.0731
vn 0.6047 -0.7274 -0.3244
vn 0.6090 -0.7298 -0.3107
vn 0.6117 -0.7313 -0.3016
vn 0.5149 -0.6674 -0.5380
vn 0.5180 -0.6701 -0.5317
vn 0.3670 -0.5438 -0.7547
vn 0.4045 -0.5063 -0.7616
vn 0.4078 -0.5089 -0.7581
vn 0.4415 -0.4679 -0.7656
vn 0.4451 -0.4701 -0.7621
vn 0.4745 -0.4261 -0.7702
vn 0.4786 -0.4281 -0.7666
vn 0.5037 -0.3810 -0.7753
vn 0.5083 -0.3826 -0.7715
vn 0.5290 -0.3326 -0.7807
vn 0.5339 -0.3337 -0.7769
vn 0.5496 -0.2820 -0.7864
vn 0.5549 -0.2828 -0.7824
vn 0.5655 -0.2296 -0.7921
vn 0.5707 -0.2299 -0.7884
vn 0.5761 -0.1753 -0.7984
vn 0.5814 -0.1750 -0.7946
vn 0.5814 -0.1192 -0.8049
vn 0.5871 -0.1183 -0.8008
vn 0.5816 -0.0626 -0.8111
vn 0.5869 -0.0613 -0.8074
vn 0.5759 -0.0062 -0.8175
vn 0.5810 -0.0044 -0.8139
vn 0.5643 0.0502 -0.8240
vn 0.5691 0.0524 -0.8206
vn 0.5469 0.1062 -0.8304
vn 0.5516 0.1089 -0.8270
vn 0.5240 0.1605 -0.8364
vn 0.5276 0.1630 -0.8337
vn 0.4949 0.2119 -0.8427
vn 0.4983 0.2148 -0.8400
vn 0.4604 0.2610 -0.8485
vn 0.4638 0.2644 -0.8456
vn 0.4207 0.3075 -0.8535
vn 0.4229 0.3102 -0.8514
vn 0.3756 0.3489 -0.8586
vn 0.3777 0.3520 -0.8564
vn 0.3267 0.3861 -0.8626
vn 0.3282 0.3888 -0.8609
vn 0.2734 0.4182 -0.8662
vn 0.2743 0.4203 -0.8649
vn 0.2160 0.4445 -0.8693
vn 0.2165 0.4461 -0.8684
vn 0.1563 0.4643 -0.8718
vn 0.1566 0.4656 -0.8711
vn 0.0949 0.4779 -0.8733
vn 0.0951 0.4791 -0.8726
vn 0.0320 0.4853 -0.8738
vn 0.0320 0.4853 -0.8737
vn -0.0320 0.4853 -0.8737
vn -0.0320 0.4853 -0.8738
vn -0.0950 0.4791 -0.8726
vn -0.0949 0.4778 -0.8733
vn -0.1566 0.4656 -0.8711
vn -0.1563 0.4643 -0.8718
vn -0.2165 0.4461 -0.8684
vn -0.2161 0.4445 -0.8693
vn -0.2743 0.4204 -0.8649
vn -0.2734 0.4182 -0.8663
vn -0.3282 0.3889 -0.8609
vn -0.3268 0.3861 -0.8626
vn -0.3777 0.3521 -0.8564
vn -0.3757 0.3489 -0.8586
vn -0.4228 0.3103 -0.8515
vn -0.4207 0.3074 -0.8535
vn -0.4637 0.2645 -0.8456
vn -0.4605 0.2609 -0.8485
vn -0.4983 0.2148 -0.8400
vn -0.4950 0.2118 -0.8427
vn -0.5275 0.1631 -0.8337
vn -0.5241 0.1604 -0.8364
vn -0.5516 0.1091 -0.8270
vn -0.5469 0.1061 -0.8304
vn -0.5690 0.0525 -0.8207
vn -0.5644 0.0501 -0.8240
vn -0.5809 -0.0043 -0.8139
vn -0.5759 -0.0063 -0.8175
vn -0.5869 -0.0612 -0.8074
vn -0.5816 -0.0628 -0.8110
vn -0.5871 -0.1181 -0.8008
vn -0.5814 -0.1193 -0.8048
vn -0.5815 -0.1748 -0.7946
vn -0.5760 -0.1754 -0.7984
vn -0.5707 -0.2297 -0.7884
vn -0.5654 -0.2298 -0.7921
vn -0.5549 -0.2826 -0.7824
vn -0.5496 -0.2822 -0.7864
vn -0.5339 -0.3336 -0.7769
vn -0.5290 -0.3327 -0.7807
vn -0.5083 -0.3825 -0.7716
vn -0.5037 -0.3811 -0.7753
vn -0.4786 -0.4279 -0.7667
vn -0.4745 -0.4263 -0.7702
vn -0.4452 -0.4700 -0.7621
vn -0.4414 -0.4680 -0.7656
vn -0.4079 -0.5088 -0.7581
vn -0.4044 -0.5064 -0.7616
vn -0.3670 -0.5438 -0.7547
vn -0.3644 -0.5417 -0.7575
vn -0.3238 -0.5750 -0.7514
vn -0.3217 -0.5727 -0.7540
vn -0.2783 -0.6016 -0.7487
vn -0.2767 -0.5995 -0.7510
vn -0.2305 -0.6242 -0.7465
vn -0.2295 -0.6224 -0.7483
vn -0.1808 -0.6426 -0.7445
vn -0.1800 -0.6409 -0.7462
vn -0.1300 -0.6561 -0.7434
vn -0.1295 -0.6548 -0.7446
vn -0.0785 -0.6649 -0.7428
vn -0.0784 -0.6644 -0.7432
vn -0.0264 -0.6695 -0.7423
vn -0.0264 -0.6691 -0.7427
vn 0.0264 -0.6690 -0.7428
vn 0.0232 -0.5708 -0.8208
vn 0.0618 -0.5670 -0.8214
vn 0.0619 -0.5674 -0.8211
vn 0.1022 -0.5594 -0.8226
vn 0.1024 -0.5606 -0.8217
vn 0.1420 -0.5486 -0.8240
vn 0.1424 -0.5499 -0.8230
vn 0.1810 -0.5339 -0.8259
vn 0.1818 -0.5356 -0.8247
vn 0.2183 -0.5161 -0.8282
vn 0.2194 -0.5179 -0.8268
vn 0.2538 -0.4949 -0.8311
vn 0.2553 -0.4970 -0.8293
vn 0.2855 -0.4723 -0.8339
vn 0.2105 -0.3966 -0.8935
vn 0.2321 -0.3750 -0.8975
vn 0.2336 -0.3763 -0.8965
vn 0.2529 -0.3529 -0.9008
vn 0.2553 -0.3545 -0.8995
vn 0.2720 -0.3292 -0.9042
vn 0.2746 -0.3306 -0.9030
vn 0.2889 -0.3036 -0.9080
vn 0.2919 -0.3048 -0.9066
vn 0.3037 -0.2760 -0.9119
vn 0.3067 -0.2769 -0.9106
vn 0.3156 -0.2472 -0.9161
vn 0.3187 -0.2479 -0.9149
vn 0.3249 -0.2173 -0.9205
vn 0.3279 -0.2177 -0.9193
vn 0.3312 -0.1863 -0.9250
vn 0.3345 -0.1863 -0.9238
vn 0.3346 -0.1542 -0.9297
vn 0.3376 -0.1539 -0.9286
vn 0.3344 -0.1219 -0.9345
vn 0.3376 -0.1213 -0.9334
vn 0.3312 -0.0896 -0.9393
vn 0.3344 -0.0888 -0.9383
vn 0.3248 -0.0573 -0.9440
vn 0.3278 -0.0562 -0.9431
vn 0.3149 -0.0252 -0.9488
vn 0.3175 -0.0239 -0.9479
vn 0.3016 0.0058 -0.9534
vn 0.3042 0.0074 -0.9526
vn 0.2855 0.0356 -0.9577
vn 0.2875 0.0372 -0.9571
vn 0.2656 0.0639 -0.9620
vn 0.2671 0.0652 -0.9615
vn 0.2422 0.0901 -0.9660
vn 0.2437 0.0917 -0.9655
vn 0.2165 0.1140 -0.9696
vn 0.2177 0.1155 -0.9692
vn 0.1882 0.1352 -0.9728
vn 0.1889 0.1363 -0.9725
vn 0.1573 0.1532 -0.9756
vn 0.1581 0.1546 -0.9752
vn 0.1244 0.1686 -0.9778
vn 0.1249 0.1699 -0.9775
vn 0.0901 0.1804 -0.9794
vn 0.0903 0.1810 -0.9793
vn 0.0547 0.1881 -0.9806
vn 0.0548 0.1882 -0.9806
vn 0.0184 0.1918 -0.9813
vn 0.0184 0.1920 -0.9812
vn -0.0184 0.1921 -0.9812
vn -0.0184 0.1918 -0.9813
vn -0.0548 0.1882 -0.9806
vn -0.0547 0.1881 -0.9806
vn -0.0903 0.1810 -0.9793
vn -0.0902 0.1804 -0.9794
vn -0.1249 0.1699 -0.9775
vn -0.1245 0.1686 -0.9778
vn -0.1581 0.1547 -0.9752
vn -0.1574 0.1531 -0.9756
vn -0.1889 0.1363 -0.9725
vn -0.1883 0.1352 -0.9728
vn -0.2176 0.1156 -0.9692
vn -0.2166 0.1140 -0.9696
vn -0.2437 0.0918 -0.9655
vn -0.2423 0.0900 -0.9660
vn -0.2670 0.0652 -0.9615
vn -0.2657 0.0638 -0.9619
vn -0.2874 0.0373 -0.9571
vn -0.2855 0.0356 -0.9577
vn -0.3042 0.0075 -0.9526
vn -0.3016 0.0057 -0.9534
vn -0.3175 -0.0238 -0.9480
vn -0.3149 -0.0252 -0.9488
vn -0.3277 -0.0561 -0.9431
vn -0.3248 -0.0574 -0.9440
vn -0.3342 -0.0887 -0.9383
vn -0.3314 -0.0897 -0.9392
vn -0.3375 -0.1213 -0.9335
vn -0.3345 -0.1220 -0.9345
vn -0.3376 -0.1538 -0.9286
vn -0.3346 -0.1543 -0.9296
vn -0.3347 -0.1862 -0.9238
vn -0.3310 -0.1864 -0.9250
vn -0.3280 -0.2176 -0.9193
vn -0.3248 -0.2174 -0.9205
vn -0.3188 -0.2478 -0.9149
vn -0.3156 -0.2473 -0.9161
vn -0.3067 -0.2768 -0.9107
vn -0.3037 -0.2761 -0.9119
vn -0.2919 -0.3047 -0.9066
vn -0.2889 -0.3036 -0.9079
vn -0.2745 -0.3305 -0.9030
vn -0.2721 -0.3293 -0.9042
vn -0.2553 -0.3544 -0.8996
vn -0.2529 -0.3529 -0.9008
vn -0.2337 -0.3763 -0.8966
vn -0.2321 -0.3751 -0.8975
vn -0.2105 -0.3966 -0.8936
vn -0.2089 -0.3950 -0.8946
vn -0.1855 -0.4140 -0.8911
vn -0.1843 -0.4125 -0.8921
vn -0.1595 -0.4291 -0.8891
vn -0.1586 -0.4279 -0.8898
vn -0.1322 -0.4421 -0.8872
vn -0.1313 -0.4405 -0.8881
vn -0.1034 -0.4520 -0.8860
vn -0.1031 -0.4512 -0.8864
vn -0.0744 -0.4599 -0.8848
vn -0.0742 -0.4591 -0.8853
vn -0.0450 -0.4649 -0.8842
vn -0.0449 -0.4644 -0.8845
vn -0.0151 -0.4673 -0.8840
vn -0.0151 -0.4672 -0.8840
vn 0.0151 -0.4672 -0.8840
vn 0.0039 -0.2557 -0.9668
vn 0.0035 -0.2257 -0.9742
vn -0.5814 -0.1188 -0.8049
vn -0.3183 -0.2475 -0.9151
vn -0.3036 -0.2759 -0.9120
vn -0.5087 -0.3822 -0.7714
vn 0.5814 -0.1745 -0.7947
vn 0.0547 0.1880 -0.9806
vn 0.4102 -0.9119 -0.0123
vn 0.5173 0.8544 -0.0488
vn 0.4859 0.7802 -0.3939
vn 0.4174 0.9024 0.1067
vn 0.4168 0.9085 -0.0304
vn 0.3411 0.9181 -0.2015
vn 0.9427 0.3207 -0.0921
vn 0.9426 0.3338 0.0109
vn 0.9151 0.3789 -0.1379
vn 0.8864 0.4444 0.1293
vn 0.8718 0.4211 -0.2501
vn 0.8402 0.5278 0.1244
vn 0.8267 0.4932 -0.2708
vn 0.7874 0.6057 0.1148
vn 0.7966 0.6001 -0.0731
vn 0.7463 0.6563 -0.1107
vn 0.7303 0.6236 -0.2788
vn 0.6890 0.7243 -0.0247
vn 0.6585 0.7461 0.0983
vn 0.6642 0.7427 -0.0849
vn 0.6007 0.7939 -0.0943
vn 0.5985 0.8009 0.0186
vn 0.5638 0.8204 -0.0948
vn 0.9695 -0.2228 0.1026
vn 0.9687 -0.2216 0.1117
vn 0.9209 -0.2062 -0.3309
vn 0.9725 -0.1726 -0.1561
vn 0.9940 -0.0914 -0.0605
vn 0.9937 -0.0284 0.1081
vn 0.8599 -0.4863 0.1551
vn 0.8446 -0.4884 -0.2195
vn 0.9029 -0.3955 0.1684
vn 0.8883 -0.4214 -0.1825
vn 0.9436 -0.3228 0.0739
vn 0.9382 -0.3385 -0.0721
vn 0.9534 -0.2907 -0.0810
vn 0.4337 -0.8777 0.2040
vn 0.3956 -0.7890 -0.4701
vn 0.5135 -0.8580 -0.0132
vn 0.5468 -0.8337 -0.0774
vn 0.5927 -0.8048 -0.0321
vn 0.4821 -0.7066 -0.5179
vn 0.6768 -0.7120 0.1871
vn 0.6865 -0.7265 0.0301
vn 0.6681 -0.6715 -0.3205
vn 0.7094 -0.6776 -0.1936
vn 0.7941 -0.6077 -0.0102
vn 0.8067 -0.5653 0.1722
vn 0.8118 -0.5793 -0.0738
vn 0.8391 -0.5379 -0.0814
vn 0.9960 -0.0493 -0.0749
vn 0.9958 0.0241 -0.0884
vn 0.9964 0.0610 0.0587
vn 0.9951 0.0733 -0.0659
vn 0.9778 0.1136 -0.1760
vn 0.9129 0.0738 -0.4015
vn 0.9572 0.2627 0.1211
vn 0.9633 0.2593 0.0695
vn 0.9614 0.2628 -0.0815
vn 0.3227 -0.9267 -0.1924
vn 0.3285 -0.9384 -0.1072
vn 0.2523 -0.9664 -0.0502
vn 0.2467 -0.9568 0.1537
vn 0.1693 -0.9575 -0.2334
vn 0.1495 -0.9675 0.2038
vn 0.0837 -0.9477 -0.3079
vn 0.0503 -0.9766 0.2089
vn 0.0223 -0.9970 -0.0734
vn 0.5814 -0.1187 -0.8049
vn 0.5871 -0.1178 -0.8009
vn 0.5816 -0.0621 -0.8111
vn 0.5868 -0.0609 -0.8075
vn 0.5758 -0.0057 -0.8176
vn 0.5808 -0.0039 -0.8140
vn 0.5642 0.0507 -0.8241
vn 0.5692 0.0530 -0.8205
vn 0.5468 0.1068 -0.8304
vn 0.5512 0.1093 -0.8272
vn 0.5236 0.1608 -0.8366
vn 0.5274 0.1635 -0.8337
vn 0.4948 0.2124 -0.8426
vn 0.4983 0.2154 -0.8398
vn 0.4603 0.2616 -0.8483
vn 0.4633 0.2646 -0.8458
vn 0.4202 0.3077 -0.8537
vn 0.4225 0.3105 -0.8515
vn 0.3753 0.3492 -0.8586
vn 0.3774 0.3521 -0.8565
vn 0.3263 0.3861 -0.8628
vn 0.3279 0.3888 -0.8610
vn 0.2731 0.4181 -0.8664
vn 0.2740 0.4203 -0.8650
vn 0.2157 0.4445 -0.8694
vn 0.2164 0.4461 -0.8684
vn 0.1561 0.4644 -0.8718
vn 0.0354 -0.0264 -0.9990
vn 0.0113 -0.1069 -0.9942
vn 0.0118 -0.0240 -0.9996
vn 0.0775 -0.0481 -0.9958
vn 0.0323 -0.1141 -0.9929
vn 0.0615 -0.0253 -0.9978
vn 0.0305 -0.0973 -0.9948
vn 0.0228 -0.0917 -0.9955
vn 0.0649 -0.1335 -0.9889
vn 0.0754 -0.1137 -0.9907
vn 0.1078 -0.0816 -0.9908
vn 0.0499 -0.1269 -0.9907
vn 0.1073 -0.0472 -0.9931
vn 0.0509 -0.1136 -0.9922
vn 0.0503 -0.0987 -0.9938
vn 0.0711 -0.1556 -0.9853
vn 0.0984 -0.1345 -0.9860
vn 0.1238 -0.1211 -0.9849
vn 0.0625 -0.1439 -0.9876
vn 0.0746 -0.1349 -0.9880
vn 0.0711 -0.1296 -0.9890
vn 0.0902 0.1810 -0.9793
vn 0.0900 0.1803 -0.9795
vn 0.1248 0.1697 -0.9776
vn 0.1244 0.1688 -0.9778
vn 0.1581 0.1549 -0.9752
vn 0.1574 0.1534 -0.9755
vn 0.1889 0.1366 -0.9725
vn 0.1882 0.1354 -0.9727
vn 0.2177 0.1158 -0.9691
vn 0.2164 0.1141 -0.9696
vn 0.2436 0.0918 -0.9655
vn 0.2421 0.0902 -0.9660
vn 0.2670 0.0653 -0.9615
vn 0.2653 0.0638 -0.9620
vn 0.2872 0.0372 -0.9571
vn 0.2849 0.0355 -0.9579
vn 0.3037 0.0073 -0.9527
vn 0.3016 0.0060 -0.9534
vn 0.3174 -0.0237 -0.9480
vn 0.3146 -0.0251 -0.9489
vn 0.3275 -0.0561 -0.9432
vn 0.3248 -0.0571 -0.9441
vn 0.3343 -0.0886 -0.9383
vn 0.3312 -0.0895 -0.9393
vn 0.3376 -0.1212 -0.9335
vn 0.3344 -0.1217 -0.9345
vn 0.3376 -0.1538 -0.9287
vn 0.5499 -0.2816 -0.7863
vn 0.5551 -0.2824 -0.7824
vn 0.5657 -0.2292 -0.7921
vn 0.3155 -0.2470 -0.9162
vn 0.3183 -0.2476 -0.9151
vn 0.3244 -0.2171 -0.9207
vn 0.3278 -0.2174 -0.9194
vn 0.5087 -0.3823 -0.7714
vn 0.5039 -0.3806 -0.7754
vn 0.4788 -0.4278 -0.7667
vn 0.4745 -0.4257 -0.7705
vn 0.4451 -0.4698 -0.7624
vn 0.4415 -0.4675 -0.7658
vn 0.4079 -0.5085 -0.7583
vn 0.4048 -0.5062 -0.7615
vn 0.3714 -0.5398 -0.7554
vn 0.1811 -0.5340 -0.8259
vn 0.1818 -0.5354 -0.8248
vn 0.2183 -0.5159 -0.8284
vn 0.2196 -0.5180 -0.8268
vn 0.2540 -0.4950 -0.8310
vn 0.2554 -0.4969 -0.8293
vn 0.2875 -0.4706 -0.8342
vn 0.2917 -0.3045 -0.9067
vn 0.2890 -0.3034 -0.9080
vn 0.2747 -0.3304 -0.9030
vn 0.2721 -0.3291 -0.9042
vn 0.2553 -0.3544 -0.8996
vn 0.2532 -0.3529 -0.9007
vn 0.2340 -0.3764 -0.8964
vn 0.2317 -0.3746 -0.8978
vn 0.2103 -0.3961 -0.8938
vn 0.0825 -0.1770 -0.9807
vn 0.0825 -0.1829 -0.9797
vn 0.3309 -0.1861 -0.9251
vn 0.0690 -0.1835 -0.9806
vn 0.1186 -0.1963 -0.9733
vn 0.1210 -0.1967 -0.9730
vn 0.0656 -0.1961 -0.9784
vn 0.0775 -0.1998 -0.9768
vn 0.0759 -0.2054 -0.9757
vn 0.0703 -0.3510 -0.9337
vn 0.0253 -0.2321 -0.9724
vn 0.0786 -0.3102 -0.9474
vn 0.0435 -0.2501 -0.9673
vn 0.0415 -0.2339 -0.9714
vn 0.0455 -0.2395 -0.9698
vn 0.0501 -0.2357 -0.9705
vn 0.0410 -0.2241 -0.9737
vn 0.1071 -0.2749 -0.9555
vn 0.0688 -0.2402 -0.9683
vn 0.0547 -0.2188 -0.9742
vn 0.0629 -0.2252 -0.9723
vn 0.0663 -0.2200 -0.9732
vn 0.0547 -0.2120 -0.9757
vn 0.1218 -0.2357 -0.9642
vn 0.0950 -0.2231 -0.9702
vn 0.0645 -0.2025 -0.9771
vn 0.3036 -0.2758 -0.9120
vn 0.3064 -0.2767 -0.9108
vn 0.5294 -0.3322 -0.7806
vn 0.5342 -0.3334 -0.7768
vn 0.0151 -0.4671 -0.8841
vn 0.0181 -0.5710 -0.8208
vn 0.0618 -0.5667 -0.8216
vn 0.1024 -0.5603 -0.8219
vn 0.0806 -0.1529 -0.9850
vn 0.0825 -0.1588 -0.9838
vn 0.0696 -0.1633 -0.9841
vn 0.1222 -0.1616 -0.9793
vn 0.1194 -0.1621 -0.9795
vn 0.0704 -0.1768 -0.9817
vn 0.3346 -0.1540 -0.9297
vn 0.3346 -0.1861 -0.9238
vn 0.5766 -0.1748 -0.7982
vn 0.5712 -0.2294 -0.7881
vn -0.0784 -0.6642 -0.7434
vn -0.2307 -0.6241 -0.7465
vn -0.2296 -0.6223 -0.7483
vn -0.1809 -0.6425 -0.7446
vn -0.1800 -0.6406 -0.7465
vn -0.5294 -0.3324 -0.7806
vn -0.5343 -0.3333 -0.7769
vn -0.5498 -0.2818 -0.7863
vn -0.3218 -0.5725 -0.7541
vn -0.3238 -0.5747 -0.7516
vn -0.3645 -0.5414 -0.7577
vn -0.3673 -0.5438 -0.7546
vn -0.4047 -0.5063 -0.7615
vn -0.4080 -0.5084 -0.7583
vn -0.4414 -0.4676 -0.7658
vn -0.4452 -0.4697 -0.7624
vn -0.4745 -0.4259 -0.7704
vn -0.0786 -0.6648 -0.7429
vn -0.0448 -0.4642 -0.8846
vn -0.0450 -0.4650 -0.8842
vn -0.1320 -0.4416 -0.8874
vn -0.1315 -0.4407 -0.8880
vn -0.1035 -0.4523 -0.8858
vn -0.1031 -0.4512 -0.8865
vn -0.2917 -0.3045 -0.9068
vn -0.2889 -0.3035 -0.9080
vn -0.2746 -0.3304 -0.9030
vn -0.1846 -0.4128 -0.8919
vn -0.1858 -0.4142 -0.8910
vn -0.2090 -0.3951 -0.8945
vn -0.2103 -0.3961 -0.8938
vn -0.2317 -0.3746 -0.8977
vn -0.2340 -0.3764 -0.8964
vn -0.2531 -0.3530 -0.9008
vn -0.5814 -0.1744 -0.7947
vn -0.5765 -0.1749 -0.7981
vn -0.5712 -0.2293 -0.7882
vn -0.5808 -0.0038 -0.8140
vn -0.5758 -0.0059 -0.8176
vn -0.5867 -0.0607 -0.8075
vn -0.2740 0.4204 -0.8650
vn -0.2731 0.4181 -0.8664
vn -0.3278 0.3889 -0.8610
vn -0.3264 0.3861 -0.8628
vn -0.3772 0.3521 -0.8566
vn -0.3754 0.3491 -0.8586
vn -0.4225 0.3105 -0.8515
vn -0.4203 0.3076 -0.8537
vn -0.4632 0.2647 -0.8458
vn -0.4604 0.2615 -0.8483
vn -0.4982 0.2155 -0.8398
vn -0.4949 0.2123 -0.8426
vn -0.5274 0.1636 -0.8337
vn -0.5237 0.1607 -0.8366
vn -0.5511 0.1094 -0.8272
vn -0.5468 0.1066 -0.8304
vn -0.3342 -0.0885 -0.9383
vn -0.3312 -0.0895 -0.9393
vn -0.3376 -0.1211 -0.9335
vn -0.3344 -0.1218 -0.9345
vn -0.1580 0.1549 -0.9752
vn -0.1574 0.1534 -0.9755
vn -0.1889 0.1366 -0.9725
vn -0.1883 0.1354 -0.9727
vn -0.2176 0.1158 -0.9691
vn -0.2165 0.1141 -0.9696
vn -0.2436 0.0918 -0.9655
vn -0.2422 0.0901 -0.9660
vn -0.2669 0.0654 -0.9615
vn -0.2654 0.0638 -0.9620
vn -0.2872 0.0373 -0.9572
vn -0.2850 0.0354 -0.9579
vn -0.3037 0.0074 -0.9527
vn -0.3016 0.0059 -0.9534
vn -0.3173 -0.0236 -0.9480
vn -0.3146 -0.0252 -0.9489
vn -0.1562 0.4644 -0.8718
vn -0.1565 0.4659 -0.8709
vn -0.0949 0.4782 -0.8731
vn -0.0949 0.4789 -0.8727
vn -0.0319 0.4851 -0.8739
vn -0.0319 0.4853 -0.8737
vn 0.0319 0.4854 -0.8737
vn 0.0319 0.4851 -0.8739
vn 0.0950 0.4789 -0.8727
vn -0.3244 -0.2172 -0.9207
vn -0.3278 -0.2174 -0.9194
vn -0.3308 -0.1862 -0.9251
vn -0.0383 -0.3420 -0.9389
vn -0.0086 -0.2364 -0.9716
vn -0.0128 -0.3452 -0.9384
vn -0.0811 -0.3145 -0.9458
vn -0.0254 -0.2322 -0.9723
vn -0.0690 -0.3486 -0.9347
vn -0.0247 -0.2470 -0.9687
vn -0.0188 -0.2527 -0.9674
vn -0.0745 -0.4599 -0.8849
vn -0.1300 -0.6557 -0.7437
vn -0.1296 -0.6546 -0.7448
vn -0.5039 -0.3807 -0.7754
vn -0.4788 -0.4276 -0.7668
vn -0.2722 -0.3292 -0.9042
vn -0.2554 -0.3543 -0.8996
vn -0.0557 -0.2201 -0.9739
vn -0.0682 -0.2396 -0.9685
vn -0.1087 -0.2764 -0.9549
vn -0.0409 -0.2240 -0.9737
vn -0.1187 -0.3219 -0.9393
vn -0.0418 -0.2348 -0.9711
vn -0.0431 -0.2496 -0.9674
vn -0.1598 -0.4295 -0.8888
vn -0.1583 -0.4275 -0.8900
vn -0.2784 -0.6015 -0.7488
vn -0.2768 -0.5994 -0.7510
vn -0.5657 -0.2293 -0.7921
vn -0.5552 -0.2822 -0.7824
vn -0.3154 -0.2471 -0.9162
vn -0.3064 -0.2766 -0.9108
vn -0.0646 -0.2026 -0.9771
vn -0.0940 -0.2227 -0.9703
vn -0.1221 -0.2359 -0.9641
vn -0.0547 -0.2120 -0.9757
vn -0.0664 -0.2200 -0.9732
vn -0.0632 -0.2247 -0.9724
vn -0.0825 -0.1829 -0.9797
vn -0.0826 -0.1771 -0.9807
vn -0.3376 -0.1537 -0.9287
vn -0.0703 -0.1768 -0.9817
vn -0.1201 -0.1620 -0.9795
vn -0.1223 -0.1616 -0.9793
vn -0.0696 -0.1633 -0.9841
vn -0.0825 -0.1588 -0.9839
vn -0.0807 -0.1529 -0.9849
vn -0.0626 -0.0234 -0.9978
vn -0.0324 -0.1140 -0.9930
vn -0.0758 -0.0514 -0.9958
vn -0.0509 -0.0977 -0.9939
vn -0.0505 -0.1146 -0.9921
vn -0.0538 -0.1098 -0.9925
vn -0.0592 -0.1142 -0.9917
vn -0.0499 -0.1268 -0.9907
vn -0.1061 -0.0835 -0.9908
vn -0.0764 -0.1127 -0.9907
vn -0.0638 -0.1349 -0.9888
vn -0.0708 -0.1292 -0.9891
vn -0.0747 -0.1349 -0.9880
vn -0.0625 -0.1439 -0.9876
vn -0.1228 -0.1217 -0.9849
vn -0.0999 -0.1338 -0.9860
vn -0.0706 -0.1557 -0.9853
vn -0.3274 -0.0560 -0.9432
vn -0.3248 -0.0572 -0.9441
vn -0.5690 0.0531 -0.8206
vn -0.5643 0.0506 -0.8240
vn -0.0759 -0.2055 -0.9757
vn -0.0775 -0.1998 -0.9768
vn -0.0658 -0.1961 -0.9784
vn -0.1202 -0.1965 -0.9731
vn -0.1194 -0.1965 -0.9732
vn -0.0690 -0.1835 -0.9806
vn -0.3346 -0.1860 -0.9238
vn -0.3346 -0.1541 -0.9297
vn -0.5870 -0.1177 -0.8010
vn -0.5816 -0.0623 -0.8111
vn -0.0901 0.1802 -0.9795
vn -0.0902 0.1810 -0.9793
vn -0.0547 0.1880 -0.9806
vn -0.0547 0.1885 -0.9805
vn -0.0184 0.1923 -0.9812
vn 0.0184 0.1923 -0.9812
vn -0.6201 -0.7810 -0.0742
vn -0.6000 -0.7978 0.0593
vn -0.5971 -0.8016 0.0313
vn -0.4871 -0.8492 -0.2037
vn -0.5164 -0.8552 -0.0445
vn -0.4472 -0.8903 -0.0853
vn -0.4339 -0.8796 0.1950
vn -0.2966 -0.8264 -0.4787
vn -0.3410 -0.9344 0.1032
vn -0.2979 -0.9526 -0.0625
vn -0.2350 -0.9630 -0.1321
vn -0.1740 -0.8527 -0.4926
vn -0.1495 -0.9669 0.2067
vn -0.1444 -0.9788 0.1452
vn -0.1147 -0.9907 -0.0739
vn -0.9977 -0.0381 0.0567
vn -0.9628 -0.1657 -0.2134
vn -0.9893 -0.1369 0.0507
vn -0.9646 -0.2262 -0.1354
vn -0.9661 -0.2142 0.1444
vn -0.9583 -0.2732 -0.0842
vn -0.9405 -0.3319 -0.0734
vn -0.9403 -0.3088 0.1434
vn -0.9282 -0.3692 -0.0463
vn -0.8764 -0.4472 -0.1786
vn -0.7471 -0.4584 -0.4814
vn -0.8587 -0.4821 0.1741
vn -0.6593 -0.5545 -0.5079
vn -0.7973 -0.6008 -0.0573
vn -0.7541 -0.6516 -0.0823
vn -0.7467 -0.6471 0.1538
vn -0.6571 -0.6910 -0.3012
vn -0.0393 -0.9532 -0.2999
vn -0.9623 0.2577 0.0868
vn -0.9766 0.1757 -0.1241
vn -0.9863 0.1569 0.0514
vn -0.9556 0.0673 -0.2870
vn -0.9918 0.0697 0.1072
vn -0.9960 0.0194 -0.0875
vn -0.9958 -0.0540 -0.0740
vn -0.8397 0.5280 0.1269
vn -0.8555 0.5147 0.0572
vn -0.8455 0.3307 -0.4193
vn -0.8845 0.3660 -0.2895
vn -0.9348 0.3545 -0.0224
vn -0.9277 0.3542 0.1177
vn -0.9484 0.3044 -0.0892
vn -0.9674 0.2409 -0.0775
vn -0.6557 0.7462 0.1153
vn -0.7059 0.6267 -0.3301
vn -0.7289 0.6783 0.0928
vn -0.7722 0.6244 -0.1176
vn -0.8029 0.5961 0.0006
vn -0.8112 0.5774 -0.0928
vn -0.8491 0.5217 -0.0826
vn 0.0445 -0.9530 -0.2998
vn 0.0445 -0.9532 -0.2989
vn 0.1322 -0.9446 -0.3005
vn 0.1324 -0.9451 -0.2987
vn 0.2184 -0.9280 -0.3019
vn 0.2188 -0.9290 -0.2985
vn 0.3032 -0.9034 -0.3032
vn 0.3038 -0.9048 -0.2985
vn 0.3860 -0.8707 -0.3047
vn 0.3871 -0.8723 -0.2989
vn 0.4648 -0.8307 -0.3066
vn 0.4664 -0.8323 -0.2995
vn 0.5392 -0.7836 -0.3085
vn 0.5414 -0.7853 -0.3004
vn 0.6094 -0.7294 -0.3107
vn 0.6121 -0.7309 -0.3018
vn 0.6748 -0.6681 -0.3133
vn 0.6781 -0.6695 -0.3032
vn 0.7339 -0.6014 -0.3157
vn 0.7376 -0.6024 -0.3049
vn 0.7863 -0.5295 -0.3184
vn 0.7904 -0.5301 -0.3070
vn 0.8320 -0.4523 -0.3213
vn 0.8365 -0.4525 -0.3092
vn 0.8705 -0.3701 -0.3243
vn 0.8753 -0.3698 -0.3117
vn 0.9010 -0.2849 -0.3273
vn 0.9058 -0.2840 -0.3145
vn 0.9230 -0.1972 -0.3304
vn 0.9279 -0.1958 -0.3173
vn 0.9366 -0.1070 -0.3337
vn 0.9415 -0.1051 -0.3202
vn 0.9414 -0.0146 -0.3369
vn 0.9461 -0.0123 -0.3237
vn 0.9372 0.0775 -0.3402
vn 0.9416 0.0802 -0.3270
vn 0.9239 0.1688 -0.3433
vn 0.9281 0.1719 -0.3303
vn 0.9015 0.2593 -0.3464
vn 0.9053 0.2626 -0.3339
vn 0.8698 0.3483 -0.3496
vn 0.8731 0.3517 -0.3376
vn 0.8294 0.4334 -0.3526
vn 0.8323 0.4369 -0.3410
vn 0.7807 0.5142 -0.3552
vn 0.7832 0.5177 -0.3443
vn 0.7235 0.5904 -0.3576
vn 0.7256 0.5938 -0.3477
vn 0.6581 0.6613 -0.3600
vn 0.6598 0.6644 -0.3510
vn 0.5860 0.7249 -0.3621
vn 0.5874 0.7278 -0.3540
vn 0.5079 0.7809 -0.3637
vn 0.5089 0.7834 -0.3568
vn 0.4238 0.8289 -0.3651
vn 0.4245 0.8311 -0.3592
vn 0.3341 0.8686 -0.3660
vn 0.3346 0.8703 -0.3614
vn 0.2414 0.8985 -0.3666
vn 0.2417 0.8998 -0.3632
vn 0.1464 0.9188 -0.3667
vn 0.1466 0.9195 -0.3646
vn 0.0493 0.9292 -0.3664
vn 0.0493 0.9293 -0.3660
vn -0.0493 0.9293 -0.3660
vn -0.0493 0.9291 -0.3664
vn -0.1465 0.9196 -0.3646
vn -0.1465 0.9187 -0.3667
vn -0.2416 0.8998 -0.3632
vn -0.2415 0.8985 -0.3666
vn -0.3345 0.8704 -0.3614
vn -0.3343 0.8685 -0.3660
vn -0.4243 0.8312 -0.3592
vn -0.4239 0.8288 -0.3651
vn -0.5087 0.7835 -0.3568
vn -0.5081 0.7808 -0.3637
vn -0.5872 0.7279 -0.3540
vn -0.5862 0.7248 -0.3621
vn -0.6596 0.6646 -0.3511
vn -0.6583 0.6611 -0.3600
vn -0.7254 0.5940 -0.3477
vn -0.7238 0.5902 -0.3576
vn -0.7830 0.5179 -0.3443
vn -0.7808 0.5140 -0.3552
vn -0.8322 0.4372 -0.3411
vn -0.8295 0.4331 -0.3525
vn -0.8730 0.3520 -0.3376
vn -0.8699 0.3480 -0.3496
vn -0.9052 0.2629 -0.3340
vn -0.9017 0.2590 -0.3463
vn -0.9280 0.1722 -0.3304
vn -0.9240 0.1685 -0.3432
vn -0.9415 0.0806 -0.3271
vn -0.9372 0.0772 -0.3401
vn -0.9460 -0.0119 -0.3238
vn -0.9415 -0.0149 -0.3368
vn -0.9415 -0.1047 -0.3203
vn -0.9366 -0.1073 -0.3336
vn -0.9279 -0.1955 -0.3174
vn -0.9230 -0.1975 -0.3303
vn -0.9058 -0.2838 -0.3146
vn -0.9009 -0.2852 -0.3272
vn -0.8754 -0.3695 -0.3118
vn -0.8704 -0.3704 -0.3243
vn -0.8366 -0.4522 -0.3092
vn -0.8319 -0.4525 -0.3213
vn -0.7905 -0.5299 -0.3071
vn -0.7862 -0.5297 -0.3183
vn -0.7378 -0.6022 -0.3050
vn -0.7338 -0.6016 -0.3157
vn -0.6783 -0.6693 -0.3033
vn -0.6747 -0.6683 -0.3133
vn -0.6121 -0.7309 -0.3018
vn -0.6774 -0.7162 0.1680
vn -0.6494 -0.7564 -0.0787
vn 0.3464 0.9375 -0.0341
vn 0.2627 0.9566 -0.1264
vn 0.2385 0.9682 0.0750
vn 0.1892 0.9608 -0.2025
vn 0.1431 0.9837 0.1085
vn 0.0983 0.9407 -0.3247
vn 0.0481 0.9928 0.1095
vn 0.0230 0.9956 -0.0910
vn -0.0672 0.9184 -0.3900
vn -0.1366 0.9898 0.0416
vn -0.1432 0.9840 0.1063
vn -0.2046 0.8385 -0.5050
vn -0.2448 0.9674 -0.0653
vn -0.3012 0.9487 -0.0961
vn -0.3334 0.9418 0.0429
vn -0.3621 0.8350 -0.4144
vn -0.4165 0.9019 0.1143
vn -0.4567 0.8835 -0.1038
vn -0.5180 0.8531 -0.0621
vn -0.5234 0.8427 -0.1263
vn -0.5989 0.7991 -0.0525
vn -0.5896 0.8075 0.0199
vn -0.6565 0.7382 -0.1554
vn 0.0037 -0.2526 -0.9676
vn 0.0093 -0.2521 -0.9677
vn 0.0086 -0.2365 -0.9716
vn 0.0378 -0.3389 -0.9401
vn 0.0191 -0.2539 -0.9670
vn 0.0243 -0.2460 -0.9690
vn 0.1420 -0.5483 -0.8241
vn 0.1425 -0.5500 -0.8229
vn 0.1565 0.4659 -0.8709
vn 0.0948 0.4782 -0.8731
vn 0.0548 0.1885 -0.9805
vn 0.0184 0.1921 -0.9812
vn 0.0046 -0.0903 -0.9959
vn -0.0046 -0.0903 -0.9959
vn -0.0123 -0.0195 -0.9997
vn -0.0113 -0.1069 -0.9942
vn -0.0352 -0.0288 -0.9990
vn -0.0232 -0.0900 -0.9957
vn -0.0300 -0.0986 -0.9947
vn -0.1247 0.1697 -0.9776
vn -0.1245 0.1688 -0.9778
vn -0.2163 0.4461 -0.8684
vn -0.2158 0.4444 -0.8694
vn -0.0037 -0.2526 -0.9676
vn -0.0151 -0.4671 -0.8841
vn -0.0151 -0.4670 -0.8841
vn -0.0264 -0.6693 -0.7425
vn -0.0264 -0.6690 -0.7428
vn -0.0374 -0.8511 -0.5237
vn 0.0374 -0.8514 -0.5231
vn 0.1112 -0.8441 -0.5245
vn 0.1114 -0.8450 -0.5231
vn 0.1838 -0.8305 -0.5258
vn 0.1842 -0.8320 -0.5233
vn 0.2552 -0.8104 -0.5274
vn 0.2559 -0.8120 -0.5245
vn 0.3250 -0.7834 -0.5297
vn 0.3263 -0.7856 -0.5257
vn 0.3919 -0.7506 -0.5320
vn 0.3936 -0.7529 -0.5275
vn 0.4552 -0.7118 -0.5349
vn 0.4577 -0.7144 -0.5292
vn 0.5153 -0.6672 -0.5379
vn 0.5184 -0.6698 -0.5316
vn 0.5716 -0.6166 -0.5413
vn 0.5752 -0.6190 -0.5348
vn 0.6226 -0.5611 -0.5454
vn 0.6272 -0.5633 -0.5379
vn 0.6685 -0.5013 -0.5493
vn 0.6736 -0.5031 -0.5414
vn 0.7090 -0.4368 -0.5536
vn 0.7144 -0.4381 -0.5456
vn 0.7435 -0.3678 -0.5585
vn 0.7493 -0.3685 -0.5502
vn 0.7713 -0.2959 -0.5635
vn 0.7776 -0.2961 -0.5546
vn 0.7924 -0.2216 -0.5683
vn 0.7987 -0.2212 -0.5597
vn 0.8062 -0.1447 -0.5737
vn 0.8127 -0.1436 -0.5648
vn 0.8126 -0.0656 -0.5791
vn 0.8190 -0.0638 -0.5702
vn 0.8113 0.0139 -0.5845
vn 0.8175 0.0161 -0.5758
vn 0.8021 0.0930 -0.5899
vn 0.8080 0.0958 -0.5813
vn 0.7849 0.1719 -0.5953
vn 0.7904 0.1751 -0.5870
vn 0.7595 0.2498 -0.6007
vn 0.7644 0.2534 -0.5928
vn 0.7262 0.3249 -0.6059
vn 0.7307 0.3287 -0.5984
vn 0.6854 0.3965 -0.6108
vn 0.6892 0.4004 -0.6039
vn 0.6368 0.4643 -0.6156
vn 0.6401 0.4683 -0.6091
vn 0.5805 0.5278 -0.6200
vn 0.5834 0.5317 -0.6140
vn 0.5181 0.5852 -0.6238
vn 0.5202 0.5887 -0.6187
vn 0.4499 0.6357 -0.6273
vn 0.4516 0.6390 -0.6227
vn 0.3760 0.6794 -0.6301
vn 0.3771 0.6820 -0.6266
vn 0.2969 0.7152 -0.6327
vn 0.2976 0.7177 -0.6296
vn 0.2148 0.7427 -0.6342
vn 0.2152 0.7444 -0.6321
vn 0.1304 0.7613 -0.6352
vn 0.1305 0.7623 -0.6339
vn 0.0439 0.7708 -0.6355
vn 0.0439 0.7714 -0.6349
vn -0.0439 0.7714 -0.6349
vn -0.0439 0.7708 -0.6355
vn -0.1305 0.7623 -0.6339
vn -0.1304 0.7612 -0.6352
vn -0.2151 0.7444 -0.6321
vn -0.2148 0.7427 -0.6342
vn -0.2975 0.7177 -0.6296
vn -0.2970 0.7152 -0.6327
vn -0.3770 0.6821 -0.6266
vn -0.3761 0.6793 -0.6301
vn -0.4515 0.6391 -0.6227
vn -0.4500 0.6356 -0.6273
vn -0.5201 0.5888 -0.6187
vn -0.5182 0.5851 -0.6238
vn -0.5832 0.5319 -0.6140
vn -0.5807 0.5277 -0.6200
vn -0.6400 0.4684 -0.6091
vn -0.6369 0.4642 -0.6156
vn -0.6891 0.4006 -0.6039
vn -0.6855 0.3963 -0.6108
vn -0.7306 0.3289 -0.5984
vn -0.7263 0.3247 -0.6059
vn -0.7643 0.2536 -0.5929
vn -0.7595 0.2496 -0.6007
vn -0.7903 0.1753 -0.5871
vn -0.7850 0.1716 -0.5952
vn -0.8080 0.0960 -0.5813
vn -0.8022 0.0927 -0.5898
vn -0.8174 0.0164 -0.5758
vn -0.8113 0.0136 -0.5844
vn -0.8190 -0.0636 -0.5703
vn -0.8127 -0.0658 -0.5790
vn -0.8127 -0.1434 -0.5648
vn -0.8062 -0.1449 -0.5736
vn -0.7987 -0.2209 -0.5597
vn -0.7924 -0.2218 -0.5683
vn -0.7777 -0.2958 -0.5547
vn -0.7712 -0.2961 -0.5635
vn -0.7493 -0.3683 -0.5503
vn -0.7434 -0.3680 -0.5585
vn -0.7145 -0.4379 -0.5456
vn -0.7089 -0.4370 -0.5536
vn -0.6737 -0.5029 -0.5415
vn -0.6685 -0.5015 -0.5492
vn -0.6273 -0.5632 -0.5379
vn -0.6225 -0.5613 -0.5454
vn -0.5754 -0.6188 -0.5348
vn -0.5715 -0.6168 -0.5413
vn -0.5186 -0.6697 -0.5316
vn -0.5699 -0.7028 -0.4258
vn -0.5046 -0.7565 -0.4159
vn -0.5018 -0.7546 -0.4228
vn -0.4344 -0.7997 -0.4146
vn -0.4322 -0.7978 -0.4204
vn -0.3602 -0.8363 -0.4134
vn -0.3587 -0.8345 -0.4183
vn -0.2826 -0.8660 -0.4126
vn -0.2816 -0.8645 -0.4164
vn -0.2034 -0.8882 -0.4120
vn -0.2029 -0.8869 -0.4149
vn -0.1230 -0.9028 -0.4121
vn -0.1228 -0.9022 -0.4136
vn -0.0413 -0.9102 -0.4121
vn -0.0487 -0.9962 -0.0726
vn -0.0486 -0.9961 -0.0734
s 0
f 1//1 2//1 3//1
f 3//2 2//2 4//2
f 3//3 4//3 5//3
f 5//3 4//3 6//3
f 5//4 6//4 7//4
f 7//4 6//4 8//4
f 7//5 8//5 9//5
f 9//5 8//5 10//5
f 9//6 10//6 11//6
f 11//6 10//6 12//6
f 11//7 12//7 13//7
f 13//7 12//7 14//7
f 13//8 14//8 15//8
f 15//8 14//8 16//8
f 15//9 16//9 17//9
f 17//10 16//10 18//10
f 16//11 19//11 18//11
f 18//12 19//12 20//12
f 18//13 20//13 21//13
f 21//13 20//13 22//13
f 21//14 22//14 23//14
f 23//14 22//14 24//14
f 23//15 24//15 25//15
f 25//15 24//15 26//15
f 25//16 26//16 27//16
f 27//16 26//16 28//16
f 27//17 28//17 29//17
f 29//17 28//17 30//17
f 29//18 30//18 31//18
f 31//18 30//18 32//18
f 31//19 32//19 33//19
f 33//20 32//20 34//20
f 32//21 35//21 34//21
f 34//22 35//22 36//22
f 34//23 36//23 37//23
f 37//24 36//24 38//24
f 37//25 38//25 39//25
f 39//25 38//25 40//25
f 39//26 40//26 41//26
f 41//26 40//26 42//26
f 41//27 42//27 43//27
f 43//27 42//27 44//27
f 43//28 44//28 45//28
f 45//29 44//29 46//29
f 44//30 47//30 46//30
f 46//31 47//31 48//31
f 46//32 48//32 49//32
f 49//32 48//32 50//32
f 49//33 50//33 51//33
f 51//33 50//33 52//33
f 51//34 52//34 53//34
f 53//34 52//34 54//34
f 53//35 54//35 55//35
f 55//35 54//35 56//35
f 55//36 56//36 57//36
f 57//36 56//36 58//36
f 57//37 58//37 59//37
f 59//37 58//37 60//37
f 59//38 60//38 61//38
f 61//39 60//39 62//39
f 60//40 63//40 62//40
f 62//41 63//41 64//41
f 62//42 64//42 65//42
f 65//42 64//42 66//42
f 65//43 66//43 67//43
f 67//43 66//43 68//43
f 67//44 68//44 69//44
f 69//44 68//44 70//44
f 69//45 70//45 71//45
f 71//45 70//45 72//45
f 71//46 72//46 73//46
f 73//46 72//46 74//46
f 73//47 74//47 75//47
f 75//47 74//47 76//47
f 75//48 76//48 77//48
f 77//48 76//48 78//48
f 77//49 78//49 79//49
f 78//50 80//50 79//50
f 79//51 80//51 81//51
f 79//52 81//52 82//52
f 82//52 81//52 83//52
f 82//53 83//53 84//53
f 84//53 83//53 85//53
f 84//54 85//54 86//54
f 86//54 85//54 87//54
f 86//55 87//55 88//55
f 88//55 87//55 89//55
f 88//56 89//56 90//56
f 90//56 89//56 91//56
f 90//57 91//57 92//57
f 92//57 91//57 93//57
f 92//58 93//58 94//58
f 94//59 93//59 95//59
f 93//60 96//60 95//60
f 95//61 96//61 97//61
f 95//62 97//62 98//62
f 98//62 97//62 99//62
f 98//63 99//63 100//63
f 100//63 99//63 101//63
f 100//64 101//64 102//64
f 102//64 101//64 103//64
f 102//65 103//65 104//65
f 104//66 103//66 105//66
f 104//67 105//67 106//67
f 106//68 105//68 107//68
f 105//69 108//69 107//69
f 107//70 108//70 109//70
f 107//71 109//71 110//71
f 110//71 109//71 111//71
f 110//72 111//72 112//72
f 112//72 111//72 113//72
f 112//73 113//73 114//73
f 114//73 113//73 115//73
f 114//74 115//74 116//74
f 116//74 115//74 117//74
f 116//75 117//75 118//75
f 118//75 117//75 119//75
f 118//76 119//76 120//76
f 120//76 119//76 121//76
f 120//77 121//77 122//77
f 122//78 121//78 123//78
f 121//79 124//79 123//79
f 123//80 124//80 125//80
f 123//81 125//81 126//81
f 126//81 125//81 127//81
f 126//82 127//82 128//82
f 128//82 127//82 129//82
f 128//83 129//83 130//83
f 130//83 129//83 131//83
f 130//84 131//84 132//84
f 132//84 131//84 133//84
f 132//85 133//85 134//85
f 134//85 133//85 135//85
f 134//86 135//86 136//86
f 136//86 135//86 137//86
f 136//87 137//87 138//87
f 138//88 137//88 139//88
f 137//89 140//89 139//89
f 139//90 140//90 141//90
f 139//91 141//91 142//91
f 142//91 141//91 143//91
f 142//92 143//92 144//92
f 144//92 143//92 145//92
f 144//93 145//93 146//93
f 146//93 145//93 147//93
f 146//94 147//94 148//94
f 148//94 147//94 1//94
f 148//95 1//95 149//95
f 149//96 1//96 3//96
f 150//97 151//97 152//97
f 153//97 154//97 155//97
f 156//97 157//97 158//97
f 159//97 160//97 161//97
f 161//97 160//97 154//97
f 154//97 160//97 162//97
f 154//97 162//97 155//97
f 153//97 155//97 163//97
f 163//97 155//97 164//97
f 163//97 164//97 165//97
f 166//97 167//97 168//97
f 161//97 169//97 159//97
f 159//97 169//97 170//97
f 159//97 170//97 171//97
f 171//97 170//97 172//97
f 171//97 172//97 173//97
f 152//97 151//97 174//97
f 174//97 151//97 175//97
f 174//97 175//97 158//97
f 158//97 175//97 176//97
f 158//97 176//97 156//97
f 167//97 166//97 177//97
f 177//97 166//97 178//97
f 177//97 178//97 179//97
f 179//97 178//97 180//97
f 179//97 180//97 181//97
f 164//97 182//97 165//97
f 165//97 182//97 183//97
f 165//97 183//97 184//97
f 184//97 183//97 185//97
f 184//97 185//97 186//97
f 186//97 185//97 187//97
f 186//97 187//97 188//97
f 188//97 187//97 189//97
f 188//97 189//97 190//97
f 190//97 189//97 191//97
f 190//97 191//97 192//97
f 192//97 191//97 193//97
f 192//97 193//97 194//97
f 194//97 193//97 195//97
f 194//97 195//97 196//97
f 196//97 195//97 197//97
f 196//97 197//97 198//97
f 198//97 197//97 199//97
f 198//97 199//97 200//97
f 200//97 199//97 201//97
f 200//97 201//97 202//97
f 202//97 201//97 203//97
f 202//97 203//97 204//97
f 204//97 203//97 205//97
f 204//97 205//97 206//97
f 206//97 205//97 207//97
f 206//97 207//97 208//97
f 208//97 207//97 209//97
f 208//97 209//97 210//97
f 152//97 211//97 150//97
f 150//97 211//97 212//97
f 150//97 212//97 213//97
f 213//97 212//97 214//97
f 213//97 214//97 215//97
f 215//97 214//97 216//97
f 215//97 216//97 217//97
f 157//97 156//97 218//97
f 218//97 156//97 219//97
f 218//97 219//97 181//97
f 181//97 219//97 220//97
f 181//97 220//97 179//97
f 209//97 221//97 210//97
f 210//97 221//97 222//97
f 210//97 222//97 223//97
f 223//97 222//97 224//97
f 223//97 224//97 225//97
f 225//97 224//97 226//97
f 225//97 226//97 227//97
f 227//97 226//97 228//97
f 227//97 228//97 229//97
f 229//97 228//97 230//97
f 229//97 230//97 231//97
f 231//97 230//97 232//97
f 231//97 232//97 233//97
f 233//97 232//97 234//97
f 233//97 234//97 217//97
f 217//97 234//97 235//97
f 217//97 235//97 215//97
f 172//97 236//97 173//97
f 173//97 236//97 237//97
f 173//97 237//97 238//97
f 238//97 237//97 239//97
f 238//97 239//97 240//97
f 240//97 239//97 241//97
f 240//97 241//97 242//97
f 242//97 241//97 243//97
f 242//97 243//97 244//97
f 244//97 243//97 245//97
f 244//97 245//97 246//97
f 246//97 245//97 247//97
f 246//97 247//97 248//97
f 248//97 247//97 249//97
f 248//97 249//97 250//97
f 250//97 249//97 251//97
f 250//97 251//97 252//97
f 252//97 251//97 253//97
f 252//97 253//97 254//97
f 254//97 253//97 255//97
f 254//97 255//97 256//97
f 256//97 255//97 257//97
f 256//97 257//97 258//97
f 258//97 257//97 259//97
f 258//97 259//97 260//97
f 260//97 259//97 261//97
f 260//97 261//97 262//97
f 262//97 261//97 263//97
f 262//97 263//97 264//97
f 264//97 263//97 265//97
f 264//97 265//97 266//97
f 266//97 265//97 267//97
f 266//97 267//97 268//97
f 268//97 267//97 269//97
f 268//97 269//97 270//97
f 270//97 269//97 271//97
f 270//97 271//97 272//97
f 272//97 271//97 273//97
f 272//97 273//97 274//97
f 274//97 273//97 275//97
f 274//97 275//97 276//97
f 276//97 275//97 277//97
f 276//97 277//97 278//97
f 278//97 277//97 279//97
f 278//97 279//97 280//97
f 280//97 279//97 281//97
f 280//97 281//97 168//97
f 168//97 281//97 282//97
f 168//97 282//97 166//97
f 283//98 284//98 285//98
f 285//98 286//98 283//98
f 283//98 286//98 287//98
f 283//98 287//98 288//98
f 289//98 290//98 291//98
f 290//98 289//98 287//98
f 287//98 289//98 292//98
f 287//98 292//98 293//98
f 293//98 294//98 287//98
f 287//98 294//98 295//98
f 287//98 295//98 296//98
f 296//98 297//98 287//98
f 287//98 297//98 298//98
f 287//98 298//98 299//98
f 284//98 283//98 300//98
f 300//98 283//98 301//98
f 300//98 301//98 302//98
f 300//98 303//98 304//98
f 299//98 305//98 287//98
f 287//98 305//98 306//98
f 287//98 306//98 288//98
f 302//98 307//98 300//98
f 300//98 307//98 308//98
f 300//98 308//98 303//98
f 309//98 310//98 300//98
f 300//98 310//98 311//98
f 311//98 312//98 300//98
f 300//98 312//98 313//98
f 300//98 313//98 314//98
f 314//98 315//98 300//98
f 300//98 315//98 316//98
f 300//98 316//98 317//98
f 317//98 318//98 300//98
f 300//98 318//98 319//98
f 300//98 319//98 320//98
f 321//98 322//98 323//98
f 323//98 322//98 324//98
f 323//98 324//98 325//98
f 326//98 327//98 328//98
f 328//98 327//98 329//98
f 328//98 329//98 330//98
f 291//98 331//98 289//98
f 289//98 331//98 328//98
f 289//98 328//98 332//98
f 332//98 328//98 330//98
f 304//98 333//98 300//98
f 300//98 333//98 334//98
f 300//98 334//98 309//98
f 320//98 335//98 300//98
f 300//98 335//98 336//98
f 300//98 336//98 337//98
f 338//98 339//98 340//98
f 340//98 339//98 341//98
f 340//98 341//98 324//98
f 324//98 341//98 342//98
f 324//98 342//98 325//98
f 321//98 323//98 328//98
f 328//98 323//98 343//98
f 328//98 343//98 326//98
f 344//98 345//98 346//98
f 346//98 345//98 347//98
f 346//98 347//98 336//98
f 336//98 347//98 348//98
f 336//98 348//98 337//98
f 349//99 350//99 351//99
f 351//2 350//2 352//2
f 351//3 352//3 353//3
f 353//3 352//3 354//3
f 353//4 354//4 355//4
f 355//4 354//4 356//4
f 355//5 356//5 357//5
f 357//5 356//5 358//5
f 357//6 358//6 359//6
f 359//6 358//6 360//6
f 359//7 360//7 361//7
f 361//7 360//7 362//7
f 361//8 362//8 363//8
f 363//8 362//8 364//8
f 363//9 364//9 365//9
f 365//100 364//100 366//100
f 364//101 367//101 366//101
f 366//12 367//12 368//12
f 366//13 368//13 369//13
f 369//13 368//13 370//13
f 369//14 370//14 371//14
f 371//14 370//14 372//14
f 371//15 372//15 373//15
f 373//15 372//15 374//15
f 373//16 374//16 375//16
f 375//16 374//16 376//16
f 375//17 376//17 377//17
f 377//17 376//17 378//17
f 377//18 378//18 379//18
f 379//18 378//18 380//18
f 379//19 380//19 381//19
f 381//102 380//102 382//102
f 380//103 383//103 382//103
f 382//22 383//22 384//22
f 382//24 384//24 385//24
f 385//23 384//23 386//23
f 385//25 386//25 387//25
f 387//25 386//25 388//25
f 387//26 388//26 389//26
f 389//26 388//26 390//26
f 389//27 390//27 391//27
f 391//27 390//27 392//27
f 391//28 392//28 393//28
f 393//104 392//104 394//104
f 392//105 395//105 394//105
f 394//31 395//31 396//31
f 394//32 396//32 397//32
f 397//106 396//106 398//106
f 396//107 399//107 398//107
f 398//108 399//108 400//108
f 398//34 400//34 401//34
f 401//34 400//34 402//34
f 401//35 402//35 403//35
f 403//35 402//35 404//35
f 403//36 404//36 405//36
f 405//36 404//36 406//36
f 405//37 406//37 407//37
f 407//37 406//37 408//37
f 407//38 408//38 409//38
f 409//109 408//109 410//109
f 408//110 411//110 410//110
f 410//41 411//41 412//41
f 410//42 412//42 413//42
f 413//42 412//42 414//42
f 413//43 414//43 415//43
f 415//43 414//43 416//43
f 415//44 416//44 417//44
f 417//44 416//44 418//44
f 417//45 418//45 419//45
f 419//45 418//45 420//45
f 419//46 420//46 421//46
f 421//46 420//46 422//46
f 421//47 422//47 423//47
f 423//47 422//47 424//47
f 423//48 424//48 425//48
f 425//48 424//48 426//48
f 425//49 426//49 427//49
f 426//111 428//111 427//111
f 427//51 428//51 429//51
f 427//52 429//52 430//52
f 430//52 429//52 431//52
f 430//53 431//53 432//53
f 432//53 431//53 433//53
f 432//54 433//54 434//54
f 434//54 433//54 435//54
f 434//55 435//55 436//55
f 436//55 435//55 437//55
f 436//112 437//112 438//112
f 438//113 437//113 439//113
f 437//114 440//114 439//114
f 439//57 440//57 441//57
f 439//58 441//58 442//58
f 442//115 441//115 443//115
f 441//116 444//116 443//116
f 443//61 444//61 445//61
f 443//62 445//62 446//62
f 446//62 445//62 447//62
f 446//63 447//63 448//63
f 448//63 447//63 449//63
f 448//64 449//64 450//64
f 450//64 449//64 451//64
f 450//66 451//66 452//66
f 452//65 451//65 453//65
f 452//67 453//67 454//67
f 454//117 453//117 455//117
f 453//118 456//118 455//118
f 455//70 456//70 457//70
f 455//71 457//71 458//71
f 458//71 457//71 459//71
f 458//72 459//72 460//72
f 460//72 459//72 461//72
f 460//73 461//73 462//73
f 462//73 461//73 463//73
f 462//74 463//74 464//74
f 464//74 463//74 465//74
f 464//75 465//75 466//75
f 466//75 465//75 467//75
f 466//76 467//76 468//76
f 468//76 467//76 469//76
f 468//77 469//77 470//77
f 470//119 469//119 471//119
f 469//120 472//120 471//120
f 471//80 472//80 473//80
f 471//81 473//81 474//81
f 474//81 473//81 475//81
f 474//82 475//82 476//82
f 476//82 475//82 477//82
f 476//83 477//83 478//83
f 478//83 477//83 479//83
f 478//84 479//84 480//84
f 480//84 479//84 481//84
f 480//85 481//85 482//85
f 482//85 481//85 483//85
f 482//86 483//86 484//86
f 484//86 483//86 485//86
f 484//87 485//87 486//87
f 486//121 485//121 487//121
f 485//122 488//122 487//122
f 487//90 488//90 489//90
f 487//91 489//91 490//91
f 490//91 489//91 491//91
f 490//92 491//92 492//92
f 492//92 491//92 493//92
f 492//93 493//93 494//93
f 494//93 493//93 495//93
f 494//94 495//94 496//94
f 496//94 495//94 349//94
f 496//95 349//95 497//95
f 497//123 349//123 351//123
f 498//97 499//97 500//97
f 501//97 502//97 503//97
f 504//97 505//97 506//97
f 506//97 505//97 503//97
f 503//97 505//97 507//97
f 503//97 507//97 501//97
f 504//97 506//97 508//97
f 508//97 506//97 509//97
f 508//97 509//97 510//97
f 500//97 511//97 498//97
f 498//97 511//97 512//97
f 498//97 512//97 513//97
f 512//97 514//97 513//97
f 513//97 514//97 515//97
f 513//97 515//97 509//97
f 509//97 515//97 516//97
f 509//97 516//97 510//97
f 517//97 518//97 519//97
f 518//97 520//97 521//97
f 522//97 523//97 524//97
f 525//97 526//97 527//97
f 527//97 526//97 528//97
f 520//97 529//97 521//97
f 521//97 529//97 530//97
f 521//97 530//97 531//97
f 531//97 530//97 532//97
f 533//97 534//97 524//97
f 532//97 530//97 535//97
f 535//97 530//97 536//97
f 535//97 536//97 537//97
f 537//97 536//97 538//97
f 537//97 538//97 539//97
f 540//97 541//97 542//97
f 542//97 541//97 543//97
f 542//97 543//97 544//97
f 545//97 546//97 547//97
f 547//97 546//97 548//97
f 547//97 548//97 543//97
f 543//97 548//97 549//97
f 543//97 549//97 544//97
f 533//97 524//97 550//97
f 547//97 522//97 545//97
f 545//97 522//97 524//97
f 545//97 524//97 551//97
f 551//97 524//97 534//97
f 522//97 552//97 523//97
f 523//97 552//97 553//97
f 523//97 553//97 554//97
f 554//97 553//97 555//97
f 554//97 555//97 556//97
f 556//97 555//97 557//97
f 556//97 557//97 519//97
f 519//97 557//97 558//97
f 519//97 558//97 517//97
f 540//97 559//97 541//97
f 541//97 559//97 560//97
f 541//97 560//97 538//97
f 538//97 560//97 561//97
f 538//97 561//97 539//97
f 502//97 562//97 503//97
f 503//97 562//97 563//97
f 503//97 563//97 564//97
f 564//97 563//97 565//97
f 564//97 565//97 566//97
f 566//97 565//97 567//97
f 566//97 567//97 524//97
f 524//97 567//97 568//97
f 524//97 568//97 550//97
f 499//97 525//97 500//97
f 500//97 525//97 527//97
f 500//97 527//97 569//97
f 569//97 570//97 500//97
f 500//97 570//97 571//97
f 500//97 571//97 572//97
f 572//97 571//97 573//97
f 574//97 575//97 576//97
f 575//97 574//97 577//97
f 577//97 574//97 578//97
f 577//97 578//97 579//97
f 578//97 580//97 579//97
f 579//97 580//97 581//97
f 579//97 581//97 527//97
f 527//97 581//97 582//97
f 527//97 582//97 583//97
f 583//97 584//97 527//97
f 527//97 584//97 585//97
f 527//97 585//97 569//97
f 573//97 571//97 586//97
f 586//97 571//97 587//97
f 586//97 587//97 588//97
f 589//97 590//97 587//97
f 587//97 590//97 591//97
f 587//97 591//97 588//97
f 592//97 593//97 589//97
f 589//97 593//97 594//97
f 589//97 594//97 590//97
f 576//97 595//97 574//97
f 574//97 595//97 596//97
f 574//97 596//97 592//97
f 592//97 596//97 597//97
f 592//97 597//97 593//97
f 527//97 598//97 599//97
f 600//97 601//97 602//97
f 521//97 603//97 604//97
f 604//97 598//97 521//97
f 521//97 598//97 527//97
f 521//97 527//97 518//97
f 518//97 527//97 528//97
f 518//97 528//97 519//97
f 605//97 606//97 527//97
f 602//97 607//97 600//97
f 600//97 607//97 608//97
f 600//97 608//97 599//97
f 599//97 608//97 609//97
f 599//97 609//97 527//97
f 527//97 609//97 610//97
f 527//97 610//97 605//97
f 611//97 612//97 613//97
f 613//97 612//97 614//97
f 613//97 614//97 615//97
f 615//97 614//97 601//97
f 615//97 601//97 616//97
f 616//97 601//97 600//97
f 617//97 618//97 619//97
f 619//97 618//97 620//97
f 619//97 620//97 621//97
f 621//97 620//97 622//97
f 617//97 623//97 618//97
f 618//97 623//97 624//97
f 618//97 624//97 613//97
f 613//97 624//97 625//97
f 613//97 625//97 611//97
f 622//97 620//97 626//97
f 626//97 620//97 627//97
f 626//97 627//97 628//97
f 628//97 627//97 629//97
f 629//97 627//97 630//97
f 629//97 630//97 631//97
f 632//97 579//97 633//97
f 633//97 579//97 527//97
f 633//97 527//97 634//97
f 634//97 527//97 606//97
f 521//97 635//97 603//97
f 603//97 635//97 636//97
f 603//97 636//97 630//97
f 630//97 636//97 637//97
f 630//97 637//97 631//97
f 632//97 638//97 579//97
f 579//97 638//97 639//97
f 579//97 639//97 640//97
f 640//97 639//97 641//97
f 640//97 641//97 612//97
f 612//97 641//97 642//97
f 612//97 642//97 614//97
f 643//124 526//124 525//124
f 499//125 644//125 525//125
f 525//126 644//126 645//126
f 525//127 645//127 643//127
f 498//128 646//128 499//128
f 499//129 646//129 647//129
f 499//130 647//130 644//130
f 513//131 648//131 498//131
f 498//132 648//132 649//132
f 498//133 649//133 646//133
f 509//134 650//134 513//134
f 513//135 650//135 651//135
f 513//136 651//136 648//136
f 506//137 652//137 509//137
f 509//138 652//138 653//138
f 509//139 653//139 650//139
f 503//140 654//140 506//140
f 506//141 654//141 655//141
f 506//142 655//142 652//142
f 524//143 656//143 566//143
f 566//144 656//144 657//144
f 566//145 657//145 564//145
f 564//145 657//145 658//145
f 564//146 658//146 503//146
f 503//146 658//146 659//146
f 503//147 659//147 654//147
f 523//148 660//148 524//148
f 524//149 660//149 661//149
f 524//150 661//150 656//150
f 554//151 662//151 523//151
f 523//152 662//152 663//152
f 523//153 663//153 660//153
f 556//154 664//154 554//154
f 554//155 664//155 665//155
f 554//156 665//156 662//156
f 519//157 666//157 556//157
f 556//158 666//158 667//158
f 556//159 667//159 664//159
f 528//160 668//160 519//160
f 519//161 668//161 669//161
f 519//162 669//162 666//162
f 643//163 670//163 526//163
f 526//164 670//164 671//164
f 526//165 671//165 528//165
f 528//166 671//166 672//166
f 528//167 672//167 668//167
f 673//97 674//97 675//97
f 675//97 674//97 676//97
f 675//97 676//97 677//97
f 678//97 679//97 680//97
f 679//97 678//97 675//97
f 675//97 678//97 681//97
f 675//97 681//97 673//97
f 682//97 676//97 683//97
f 683//97 676//97 684//97
f 683//97 684//97 685//97
f 685//97 686//97 683//97
f 683//97 686//97 687//97
f 683//97 687//97 688//97
f 689//97 690//97 691//97
f 688//97 692//97 683//97
f 683//97 692//97 693//97
f 683//97 693//97 694//97
f 682//97 695//97 676//97
f 676//97 695//97 696//97
f 676//97 696//97 677//97
f 680//97 697//97 678//97
f 678//97 697//97 689//97
f 678//97 689//97 698//97
f 698//97 689//97 691//97
f 699//168 518//168 517//168
f 558//169 700//169 517//169
f 517//170 700//170 701//170
f 517//171 701//171 699//171
f 557//172 702//172 558//172
f 558//173 702//173 703//173
f 558//174 703//174 700//174
f 555//175 704//175 557//175
f 557//176 704//176 705//176
f 557//177 705//177 702//177
f 553//178 706//178 555//178
f 555//179 706//179 707//179
f 555//180 707//180 704//180
f 552//181 708//181 553//181
f 553//182 708//182 709//182
f 553//183 709//183 706//183
f 522//184 710//184 552//184
f 552//185 710//185 711//185
f 552//186 711//186 708//186
f 541//187 712//187 543//187
f 543//188 712//188 713//188
f 543//145 713//145 547//145
f 547//145 713//145 714//145
f 547//146 714//146 522//146
f 522//146 714//146 715//146
f 522//189 715//189 710//189
f 538//190 716//190 541//190
f 541//149 716//149 717//149
f 541//150 717//150 712//150
f 536//191 718//191 538//191
f 538//152 718//152 719//152
f 538//153 719//153 716//153
f 530//192 720//192 536//192
f 536//155 720//155 721//155
f 536//193 721//193 718//193
f 529//194 722//194 530//194
f 530//195 722//195 723//195
f 530//159 723//159 720//159
f 520//196 724//196 529//196
f 529//161 724//161 725//161
f 529//197 725//197 722//197
f 699//198 726//198 518//198
f 518//199 726//199 727//199
f 518//200 727//200 520//200
f 520//201 727//201 728//201
f 520//167 728//167 724//167
f 729//97 730//97 731//97
f 732//97 733//97 734//97
f 732//97 734//97 731//97
f 731//97 734//97 735//97
f 731//97 735//97 736//97
f 736//97 737//97 731//97
f 731//97 737//97 738//97
f 731//97 738//97 739//97
f 739//97 740//97 731//97
f 731//97 740//97 741//97
f 731//97 741//97 729//97
f 742//97 743//97 730//97
f 730//97 743//97 744//97
f 730//97 744//97 731//97
f 742//97 745//97 743//97
f 743//97 745//97 746//97
f 743//97 746//97 747//97
f 747//97 746//97 748//97
f 749//97 750//97 733//97
f 733//97 750//97 751//97
f 733//97 751//97 734//97
f 749//97 752//97 750//97
f 750//97 752//97 753//97
f 750//97 753//97 754//97
f 754//97 753//97 755//97
f 618//202 613//202 756//202
f 615//203 757//203 613//203
f 613//204 757//204 758//204
f 613//205 758//205 756//205
f 616//206 759//206 615//206
f 615//207 759//207 760//207
f 615//208 760//208 757//208
f 600//209 761//209 616//209
f 616//210 761//210 762//210
f 616//211 762//211 759//211
f 599//212 763//212 600//212
f 600//213 763//213 764//213
f 600//214 764//214 761//214
f 598//215 765//215 599//215
f 599//216 765//216 766//216
f 599//217 766//217 763//217
f 604//218 767//218 598//218
f 598//219 767//219 768//219
f 598//220 768//220 765//220
f 603//221 769//221 604//221
f 604//222 769//222 770//222
f 604//223 770//223 767//223
f 630//224 771//224 603//224
f 603//225 771//225 772//225
f 603//153 772//153 769//153
f 627//226 773//226 630//226
f 630//227 773//227 774//227
f 630//228 774//228 771//228
f 620//229 775//229 627//229
f 627//230 775//230 776//230
f 627//231 776//231 773//231
f 756//232 777//232 618//232
f 618//233 777//233 778//233
f 618//234 778//234 620//234
f 620//235 778//235 779//235
f 620//236 779//236 775//236
f 780//97 781//97 782//97
f 782//97 781//97 783//97
f 784//97 780//97 785//97
f 785//97 780//97 782//97
f 785//97 782//97 786//97
f 786//97 782//97 787//97
f 786//97 787//97 788//97
f 788//97 787//97 789//97
f 790//97 791//97 792//97
f 792//97 791//97 793//97
f 792//97 793//97 794//97
f 794//97 793//97 782//97
f 794//97 782//97 795//97
f 795//97 782//97 783//97
f 796//237 641//237 639//237
f 638//238 797//238 639//238
f 639//170 797//170 798//170
f 639//171 798//171 796//171
f 632//239 799//239 638//239
f 638//173 799//173 800//173
f 638//174 800//174 797//174
f 633//240 801//240 632//240
f 632//176 801//176 802//176
f 632//177 802//177 799//177
f 634//241 803//241 633//241
f 633//179 803//179 804//179
f 633//180 804//180 801//180
f 606//242 805//242 634//242
f 634//182 805//182 806//182
f 634//183 806//183 803//183
f 605//243 807//243 606//243
f 606//185 807//185 808//185
f 606//244 808//244 805//244
f 608//245 809//245 609//245
f 609//188 809//188 810//188
f 609//145 810//145 610//145
f 610//145 810//145 811//145
f 610//146 811//146 605//146
f 605//146 811//146 812//146
f 605//189 812//189 807//189
f 607//246 813//246 608//246
f 608//149 813//149 814//149
f 608//150 814//150 809//150
f 602//247 815//247 607//247
f 607//152 815//152 816//152
f 607//153 816//153 813//153
f 601//248 817//248 602//248
f 602//155 817//155 818//155
f 602//193 818//193 815//193
f 614//249 819//249 601//249
f 601//195 819//195 820//195
f 601//159 820//159 817//159
f 642//250 821//250 614//250
f 614//251 821//251 822//251
f 614//197 822//197 819//197
f 796//198 823//198 641//198
f 641//199 823//199 824//199
f 641//252 824//252 642//252
f 642//201 824//201 825//201
f 642//167 825//167 821//167
f 826//97 827//97 828//97
f 828//97 827//97 829//97
f 828//97 829//97 830//97
f 831//97 832//97 833//97
f 833//97 832//97 834//97
f 833//97 834//97 835//97
f 835//97 834//97 836//97
f 831//97 833//97 828//97
f 828//97 833//97 837//97
f 828//97 837//97 826//97
f 830//97 838//97 828//97
f 828//97 838//97 839//97
f 828//97 839//97 840//97
f 840//97 839//97 841//97
f 842//97 843//97 844//97
f 844//97 843//97 845//97
f 844//97 845//97 846//97
f 846//97 845//97 847//97
f 842//97 844//97 834//97
f 834//97 844//97 848//97
f 834//97 848//97 836//97
f 841//97 849//97 840//97
f 840//97 849//97 850//97
f 840//97 850//97 851//97
f 851//97 850//97 852//97
f 574//253 592//253 853//253
f 589//254 854//254 592//254
f 592//255 854//255 855//255
f 592//256 855//256 853//256
f 587//257 856//257 589//257
f 589//258 856//258 857//258
f 589//259 857//259 854//259
f 571//260 858//260 587//260
f 587//261 858//261 859//261
f 587//262 859//262 856//262
f 570//263 860//263 571//263
f 571//264 860//264 861//264
f 571//265 861//265 858//265
f 569//266 862//266 570//266
f 570//267 862//267 863//267
f 570//268 863//268 860//268
f 583//269 864//269 584//269
f 584//270 864//270 865//270
f 584//271 865//271 585//271
f 585//271 865//271 866//271
f 585//272 866//272 569//272
f 569//272 866//272 867//272
f 569//273 867//273 862//273
f 582//274 868//274 583//274
f 583//275 868//275 869//275
f 583//276 869//276 864//276
f 581//277 870//277 582//277
f 582//278 870//278 871//278
f 582//279 871//279 868//279
f 580//280 872//280 581//280
f 581//281 872//281 873//281
f 581//282 873//282 870//282
f 578//283 874//283 580//283
f 580//284 874//284 875//284
f 580//285 875//285 872//285
f 853//232 876//232 574//232
f 574//233 876//233 877//233
f 574//286 877//286 578//286
f 578//287 877//287 878//287
f 578//288 878//288 874//288
f 879//97 880//97 881//97
f 881//97 880//97 882//97
f 883//97 884//97 879//97
f 879//97 884//97 885//97
f 879//97 885//97 886//97
f 887//97 888//97 879//97
f 879//97 888//97 889//97
f 879//97 889//97 883//97
f 886//97 890//97 879//97
f 879//97 890//97 891//97
f 879//97 891//97 880//97
f 880//97 892//97 882//97
f 882//97 892//97 893//97
f 882//97 893//97 894//97
f 895//97 896//97 897//97
f 897//97 896//97 898//97
f 897//97 898//97 899//97
f 899//97 898//97 882//97
f 899//97 882//97 900//97
f 900//97 882//97 894//97
f 791//289 901//289 793//289
f 793//290 901//290 902//290
f 793//291 902//291 782//291
f 782//292 902//292 903//292
f 782//293 903//293 787//293
f 787//294 903//294 904//294
f 787//295 904//295 789//295
f 789//296 904//296 905//296
f 789//297 905//297 788//297
f 905//298 906//298 788//298
f 788//299 906//299 907//299
f 788//300 907//300 786//300
f 786//301 907//301 908//301
f 909//302 910//302 758//302
f 911//303 912//303 913//303
f 913//304 912//304 914//304
f 915//305 916//305 917//305
f 917//306 916//306 918//306
f 917//307 918//307 919//307
f 920//308 764//308 919//308
f 919//309 764//309 763//309
f 919//310 763//310 917//310
f 758//311 757//311 909//311
f 909//312 757//312 760//312
f 909//313 760//313 921//313
f 921//314 760//314 759//314
f 921//315 759//315 922//315
f 922//316 759//316 762//316
f 922//317 762//317 920//317
f 920//318 762//318 761//318
f 920//319 761//319 764//319
f 913//320 923//320 911//320
f 911//320 923//320 924//320
f 911//321 924//321 925//321
f 925//321 924//321 926//321
f 925//322 926//322 927//322
f 927//322 926//322 928//322
f 927//323 928//323 929//323
f 929//323 928//323 930//323
f 929//324 930//324 931//324
f 931//324 930//324 932//324
f 931//325 932//325 933//325
f 933//325 932//325 934//325
f 933//326 934//326 935//326
f 935//326 934//326 936//326
f 935//327 936//327 937//327
f 937//328 936//328 938//328
f 937//329 938//329 939//329
f 939//329 938//329 940//329
f 939//330 940//330 941//330
f 941//330 940//330 942//330
f 941//331 942//331 943//331
f 943//331 942//331 944//331
f 943//332 944//332 945//332
f 945//332 944//332 946//332
f 945//333 946//333 947//333
f 947//333 946//333 948//333
f 947//334 948//334 949//334
f 949//334 948//334 950//334
f 949//335 950//335 951//335
f 951//335 950//335 952//335
f 915//336 953//336 954//336
f 954//337 953//337 955//337
f 954//338 955//338 914//338
f 956//339 957//339 776//339
f 958//340 772//340 959//340
f 959//341 772//341 771//341
f 959//342 771//342 960//342
f 960//343 771//343 774//343
f 960//344 774//344 957//344
f 957//345 774//345 773//345
f 957//346 773//346 776//346
f 915//336 954//336 916//336
f 916//347 954//347 914//347
f 916//348 914//348 918//348
f 918//349 914//349 912//349
f 918//350 912//350 919//350
f 919//351 912//351 911//351
f 919//352 911//352 920//352
f 920//352 911//352 925//352
f 920//353 925//353 922//353
f 922//353 925//353 927//353
f 922//354 927//354 921//354
f 921//354 927//354 929//354
f 921//355 929//355 909//355
f 909//355 929//355 931//355
f 909//356 931//356 910//356
f 910//356 931//356 933//356
f 910//357 933//357 961//357
f 961//357 933//357 935//357
f 961//358 935//358 962//358
f 962//358 935//358 937//358
f 962//359 937//359 956//359
f 956//359 937//359 939//359
f 956//360 939//360 957//360
f 957//360 939//360 941//360
f 957//361 941//361 960//361
f 960//361 941//361 943//361
f 960//362 943//362 959//362
f 959//362 943//362 945//362
f 959//363 945//363 958//363
f 958//363 945//363 947//363
f 958//364 947//364 955//364
f 955//364 947//364 949//364
f 955//365 949//365 914//365
f 914//366 949//366 951//366
f 914//304 951//304 913//304
f 913//367 951//367 952//367
f 913//367 952//367 923//367
f 963//368 780//368 964//368
f 964//369 780//369 784//369
f 964//370 784//370 908//370
f 908//371 784//371 785//371
f 908//372 785//372 786//372
f 965//373 966//373 967//373
f 967//373 966//373 968//373
f 967//374 968//374 969//374
f 969//374 968//374 970//374
f 969//375 970//375 971//375
f 971//375 970//375 972//375
f 971//376 972//376 973//376
f 973//376 972//376 974//376
f 973//377 974//377 975//377
f 975//377 974//377 976//377
f 975//378 976//378 977//378
f 977//378 976//378 963//378
f 977//379 963//379 978//379
f 978//379 963//379 964//379
f 978//380 964//380 979//380
f 979//380 964//380 908//380
f 979//381 908//381 980//381
f 980//381 908//381 907//381
f 980//382 907//382 981//382
f 981//382 907//382 906//382
f 981//383 906//383 982//383
f 982//383 906//383 905//383
f 982//384 905//384 983//384
f 983//384 905//384 904//384
f 983//385 904//385 984//385
f 984//385 904//385 903//385
f 984//386 903//386 985//386
f 985//386 903//386 902//386
f 985//387 902//387 986//387
f 986//387 902//387 901//387
f 986//388 901//388 965//388
f 965//388 901//388 966//388
f 966//389 901//389 791//389
f 966//390 791//390 968//390
f 968//391 791//391 790//391
f 968//392 790//392 970//392
f 970//393 790//393 792//393
f 970//394 792//394 972//394
f 972//395 792//395 794//395
f 972//396 794//396 974//396
f 974//397 794//397 795//397
f 974//398 795//398 976//398
f 976//399 795//399 783//399
f 976//400 783//400 963//400
f 963//401 783//401 781//401
f 963//402 781//402 780//402
f 763//403 766//403 917//403
f 917//404 766//404 765//404
f 917//405 765//405 915//405
f 915//406 765//406 768//406
f 915//407 768//407 953//407
f 953//408 768//408 767//408
f 953//409 767//409 955//409
f 955//410 767//410 770//410
f 955//411 770//411 958//411
f 958//412 770//412 769//412
f 958//413 769//413 772//413
f 776//414 775//414 956//414
f 956//415 775//415 779//415
f 956//416 779//416 962//416
f 962//417 779//417 778//417
f 962//418 778//418 961//418
f 961//419 778//419 777//419
f 961//420 777//420 910//420
f 910//421 777//421 756//421
f 910//422 756//422 758//422
f 938//423 967//423 940//423
f 940//423 967//423 969//423
f 940//424 969//424 942//424
f 942//424 969//424 971//424
f 942//425 971//425 944//425
f 944//425 971//425 973//425
f 944//426 973//426 946//426
f 946//426 973//426 975//426
f 946//427 975//427 948//427
f 948//427 975//427 977//427
f 948//428 977//428 950//428
f 950//428 977//428 978//428
f 950//429 978//429 952//429
f 952//429 978//429 979//429
f 952//430 979//430 923//430
f 923//430 979//430 980//430
f 923//431 980//431 924//431
f 924//431 980//431 981//431
f 924//432 981//432 926//432
f 926//432 981//432 982//432
f 926//433 982//433 928//433
f 928//433 982//433 983//433
f 928//434 983//434 930//434
f 930//434 983//434 984//434
f 930//435 984//435 932//435
f 932//435 984//435 985//435
f 932//436 985//436 934//436
f 934//436 985//436 986//436
f 934//437 986//437 936//437
f 936//437 986//437 965//437
f 936//438 965//438 938//438
f 938//438 965//438 967//438
f 987//439 988//439 989//439
f 990//440 991//440 992//440
f 993//441 994//441 995//441
f 996//442 997//442 998//442
f 999//443 1000//443 843//443
f 831//444 989//444 832//444
f 832//445 989//445 1001//445
f 832//446 1001//446 834//446
f 834//447 1001//447 999//447
f 834//448 999//448 842//448
f 842//449 999//449 843//449
f 1002//450 835//450 1003//450
f 1003//451 835//451 836//451
f 1003//452 836//452 1004//452
f 1004//453 836//453 848//453
f 1004//454 848//454 1005//454
f 848//455 844//455 1005//455
f 1005//456 844//456 846//456
f 1005//457 846//457 1006//457
f 1006//457 846//457 847//457
f 1006//458 847//458 1000//458
f 1000//458 847//458 845//458
f 1000//459 845//459 843//459
f 988//460 1007//460 1008//460
f 988//461 1008//461 1009//461
f 1010//462 1011//462 1012//462
f 1012//463 1011//463 1013//463
f 1012//464 1013//464 1014//464
f 1014//465 1013//465 1009//465
f 1014//466 1009//466 1015//466
f 1015//467 1009//467 1008//467
f 1016//468 1017//468 1018//468
f 1019//469 1020//469 1021//469
f 1021//470 1020//470 1022//470
f 1021//471 1022//471 1017//471
f 1017//472 1022//472 1023//472
f 1017//473 1023//473 1018//473
f 1010//474 1024//474 1011//474
f 1011//475 1024//475 1025//475
f 1011//476 1025//476 1019//476
f 1019//477 1025//477 1026//477
f 1019//478 1026//478 1020//478
f 1027//479 1028//479 1029//479
f 1029//480 1028//480 1030//480
f 1029//481 1030//481 1031//481
f 1031//482 1030//482 1032//482
f 1031//483 1032//483 1033//483
f 1033//484 1032//484 1034//484
f 1033//485 1034//485 1035//485
f 1035//485 1034//485 1036//485
f 1035//486 1036//486 1037//486
f 1037//486 1036//486 1038//486
f 1037//487 1038//487 1039//487
f 1039//487 1038//487 1040//487
f 1039//488 1040//488 1041//488
f 1041//488 1040//488 1042//488
f 1041//489 1042//489 1043//489
f 1043//489 1042//489 1044//489
f 1043//490 1044//490 1045//490
f 1045//490 1044//490 1046//490
f 1045//491 1046//491 1047//491
f 1047//491 1046//491 1048//491
f 1047//492 1048//492 1049//492
f 1007//493 1027//493 1008//493
f 1008//493 1027//493 1029//493
f 1008//494 1029//494 1015//494
f 1015//494 1029//494 1031//494
f 1015//495 1031//495 1014//495
f 1014//495 1031//495 1033//495
f 1014//496 1033//496 1012//496
f 1012//496 1033//496 1035//496
f 1012//497 1035//497 1010//497
f 1010//497 1035//497 1037//497
f 1010//498 1037//498 1024//498
f 1024//498 1037//498 1039//498
f 1024//499 1039//499 1025//499
f 1025//499 1039//499 1041//499
f 1025//500 1041//500 1026//500
f 1026//500 1041//500 1043//500
f 1026//501 1043//501 1020//501
f 1020//501 1043//501 1045//501
f 1020//502 1045//502 1022//502
f 1022//502 1045//502 1047//502
f 1022//503 1047//503 1023//503
f 1023//503 1047//503 1049//503
f 1023//504 1049//504 1018//504
f 808//505 997//505 805//505
f 805//506 997//506 996//506
f 805//507 996//507 806//507
f 1028//508 823//508 1030//508
f 1030//509 823//509 796//509
f 1030//510 796//510 1032//510
f 1032//511 796//511 798//511
f 1032//512 798//512 1034//512
f 1034//513 798//513 797//513
f 1034//514 797//514 1036//514
f 1036//515 797//515 800//515
f 1036//516 800//516 1038//516
f 1038//517 800//517 799//517
f 1038//518 799//518 1040//518
f 1040//519 799//519 802//519
f 1040//520 802//520 1042//520
f 1042//521 802//521 801//521
f 1042//522 801//522 1044//522
f 1044//523 801//523 804//523
f 1044//524 804//524 1046//524
f 1046//525 804//525 803//525
f 1046//526 803//526 1048//526
f 1050//527 1051//527 1052//527
f 1052//527 1051//527 1053//527
f 1052//528 1053//528 1054//528
f 1054//528 1053//528 1055//528
f 1054//529 1055//529 1056//529
f 1056//529 1055//529 1057//529
f 1056//530 1057//530 1058//530
f 1058//530 1057//530 1059//530
f 1060//531 1061//531 1062//531
f 1062//531 1061//531 1063//531
f 1062//532 1063//532 1064//532
f 1064//532 1063//532 1065//532
f 1064//533 1065//533 1066//533
f 1067//534 994//534 1068//534
f 1068//534 994//534 993//534
f 1068//535 993//535 1069//535
f 1051//536 1070//536 1053//536
f 1053//536 1070//536 1071//536
f 1053//537 1071//537 1055//537
f 1055//537 1071//537 1072//537
f 1055//538 1072//538 1057//538
f 1057//538 1072//538 1073//538
f 1057//539 1073//539 1059//539
f 1059//539 1073//539 1074//539
f 1075//540 1060//540 1076//540
f 1076//540 1060//540 1062//540
f 1076//541 1062//541 1077//541
f 1077//541 1062//541 1064//541
f 1077//542 1064//542 1078//542
f 1078//542 1064//542 1066//542
f 1078//543 1066//543 1079//543
f 1080//544 991//544 1081//544
f 1081//544 991//544 990//544
f 1081//545 990//545 1082//545
f 1083//546 1084//546 1085//546
f 1085//546 1084//546 1086//546
f 1085//547 1086//547 1087//547
f 1087//547 1086//547 1088//547
f 1087//548 1088//548 1089//548
f 1090//549 1083//549 1091//549
f 1091//549 1083//549 1085//549
f 1091//550 1085//550 1092//550
f 1092//550 1085//550 1087//550
f 1092//551 1087//551 1093//551
f 1093//551 1087//551 1089//551
f 1093//552 1089//552 1094//552
f 818//553 1075//553 815//553
f 815//554 1075//554 1076//554
f 815//555 1076//555 816//555
f 816//556 1076//556 1077//556
f 816//557 1077//557 813//557
f 813//558 1077//558 1078//558
f 813//559 1078//559 814//559
f 814//560 1078//560 1079//560
f 814//561 1079//561 809//561
f 809//562 1079//562 995//562
f 825//563 824//563 1090//563
f 1090//564 1091//564 825//564
f 825//565 1091//565 1092//565
f 825//566 1092//566 821//566
f 821//567 1092//567 1093//567
f 821//568 1093//568 822//568
f 822//569 1093//569 1094//569
f 822//570 1094//570 819//570
f 1095//571 1096//571 829//571
f 829//572 827//572 1095//572
f 1095//573 827//573 826//573
f 1095//574 826//574 1097//574
f 1097//574 826//574 837//574
f 1097//575 837//575 1002//575
f 1002//576 837//576 833//576
f 1002//577 833//577 835//577
f 1098//578 1099//578 1069//578
f 1069//579 1099//579 1068//579
f 1068//580 1099//580 1100//580
f 1068//581 1100//581 1067//581
f 1101//582 839//582 1102//582
f 1102//583 839//583 838//583
f 1102//584 838//584 1096//584
f 1096//585 838//585 830//585
f 1096//586 830//586 829//586
f 1103//587 849//587 1101//587
f 1101//588 849//588 841//588
f 1101//589 841//589 839//589
f 1082//590 1104//590 1081//590
f 1081//591 1104//591 1105//591
f 1081//592 1105//592 1080//592
f 989//593 988//593 1001//593
f 1001//593 988//593 1009//593
f 1001//594 1009//594 999//594
f 999//594 1009//594 1013//594
f 999//595 1013//595 1000//595
f 1000//595 1013//595 1011//595
f 1000//596 1011//596 1006//596
f 1006//596 1011//596 1019//596
f 1006//597 1019//597 1005//597
f 1005//597 1019//597 1021//597
f 1005//598 1021//598 1004//598
f 1004//598 1021//598 1017//598
f 1004//599 1017//599 1003//599
f 1003//599 1017//599 1016//599
f 1003//600 1016//600 1002//600
f 1002//600 1016//600 1106//600
f 1002//601 1106//601 1097//601
f 1097//601 1106//601 1107//601
f 1097//602 1107//602 1095//602
f 1095//602 1107//602 1100//602
f 1095//603 1100//603 1096//603
f 1096//603 1100//603 1099//603
f 1096//604 1099//604 1102//604
f 1102//604 1099//604 1098//604
f 1102//605 1098//605 1101//605
f 1101//605 1098//605 1105//605
f 1101//606 1105//606 1103//606
f 1103//606 1105//606 1104//606
f 1103//607 1104//607 1108//607
f 1109//608 1108//608 1110//608
f 1110//607 1108//607 1104//607
f 1110//609 1104//609 1111//609
f 1111//610 1104//610 1082//610
f 1111//611 1082//611 1112//611
f 1112//545 1082//545 990//545
f 1112//612 990//612 1113//612
f 1113//440 990//440 992//440
f 1113//613 992//613 817//613
f 831//614 828//614 989//614
f 989//615 828//615 1109//615
f 989//439 1109//439 987//439
f 987//608 1109//608 1110//608
f 987//616 1110//616 1114//616
f 1114//617 1110//617 1111//617
f 1114//618 1111//618 1115//618
f 1115//611 1111//611 1112//611
f 1115//619 1112//619 1116//619
f 1116//612 1112//612 1113//612
f 1116//620 1113//620 820//620
f 820//621 1113//621 817//621
f 828//622 840//622 1109//622
f 1109//623 840//623 851//623
f 1109//624 851//624 1108//624
f 1108//624 851//624 852//624
f 1108//625 852//625 1103//625
f 1103//625 852//625 850//625
f 1103//626 850//626 849//626
f 995//441 1079//441 993//441
f 993//543 1079//543 1066//543
f 993//535 1066//535 1069//535
f 1069//533 1066//533 1065//533
f 1069//627 1065//627 1098//627
f 1098//628 1065//628 1063//628
f 1098//629 1063//629 1105//629
f 1105//630 1063//630 1061//630
f 1105//631 1061//631 1080//631
f 1080//632 1061//632 1060//632
f 1080//632 1060//632 991//632
f 991//633 1060//633 1075//633
f 991//633 1075//633 992//633
f 992//634 1075//634 818//634
f 992//635 818//635 817//635
f 810//636 1074//636 811//636
f 811//637 1074//637 1073//637
f 811//638 1073//638 812//638
f 812//639 1073//639 1072//639
f 812//640 1072//640 807//640
f 807//641 1072//641 1071//641
f 807//642 1071//642 808//642
f 808//643 1071//643 1070//643
f 808//644 1070//644 997//644
f 997//645 1070//645 1051//645
f 997//645 1051//645 998//645
f 998//646 1051//646 1050//646
f 803//647 806//647 1048//647
f 1048//648 806//648 996//648
f 1048//492 996//492 1049//492
f 1049//442 996//442 998//442
f 1049//504 998//504 1018//504
f 1018//646 998//646 1050//646
f 1018//649 1050//649 1016//649
f 1016//650 1050//650 1052//650
f 1016//651 1052//651 1106//651
f 1106//651 1052//651 1054//651
f 1106//652 1054//652 1107//652
f 1107//653 1054//653 1056//653
f 1107//654 1056//654 1100//654
f 1100//655 1056//655 1058//655
f 1100//656 1058//656 1067//656
f 1067//657 1058//657 1059//657
f 1067//657 1059//657 994//657
f 994//658 1059//658 1074//658
f 994//658 1074//658 995//658
f 995//659 1074//659 810//659
f 995//660 810//660 809//660
f 820//661 819//661 1116//661
f 1116//662 819//662 1094//662
f 1116//619 1094//619 1115//619
f 1115//552 1094//552 1089//552
f 1115//618 1089//618 1114//618
f 1114//548 1089//548 1088//548
f 1114//663 1088//663 987//663
f 987//664 1088//664 1086//664
f 987//665 1086//665 988//665
f 988//666 1086//666 1084//666
f 988//667 1084//667 1007//667
f 1007//668 1084//668 1083//668
f 1007//668 1083//668 1027//668
f 1027//669 1083//669 1090//669
f 1027//670 1090//670 1028//670
f 1028//671 1090//671 824//671
f 1028//672 824//672 823//672
f 1117//320 1118//320 1119//320
f 1120//673 883//673 1121//673
f 1121//674 883//674 889//674
f 1121//675 889//675 1122//675
f 1122//295 889//295 888//295
f 1122//294 888//294 1123//294
f 1123//676 888//676 887//676
f 1123//677 887//677 1124//677
f 1124//678 887//678 879//678
f 1124//679 879//679 1125//679
f 1125//680 879//680 881//680
f 1125//681 881//681 1126//681
f 1127//682 886//682 1128//682
f 1128//683 886//683 885//683
f 1128//684 885//684 1120//684
f 1120//685 885//685 884//685
f 1120//453 884//453 883//453
f 1129//686 1130//686 857//686
f 1131//687 855//687 1130//687
f 1130//688 855//688 854//688
f 1130//689 854//689 857//689
f 1119//352 1132//352 1133//352
f 857//690 856//690 1129//690
f 1129//691 856//691 859//691
f 1129//692 859//692 1134//692
f 1134//693 859//693 858//693
f 1134//317 858//317 1133//317
f 1119//321 1118//321 1132//321
f 1132//321 1118//321 1135//321
f 1132//322 1135//322 1136//322
f 1136//322 1135//322 1137//322
f 1136//323 1137//323 1138//323
f 1138//323 1137//323 1139//323
f 1138//324 1139//324 1140//324
f 1140//324 1139//324 1141//324
f 1140//325 1141//325 1142//325
f 1142//325 1141//325 1143//325
f 1142//694 1143//694 1144//694
f 1144//694 1143//694 1145//694
f 1144//327 1145//327 1146//327
f 1146//327 1145//327 1147//327
f 1146//329 1147//329 1148//329
f 1148//329 1147//329 1149//329
f 1148//330 1149//330 1150//330
f 1150//330 1149//330 1151//330
f 1150//331 1151//331 1152//331
f 1152//331 1151//331 1153//331
f 1152//332 1153//332 1154//332
f 1154//332 1153//332 1155//332
f 1154//333 1155//333 1156//333
f 1156//333 1155//333 1157//333
f 1156//334 1157//334 1158//334
f 1158//334 1157//334 1159//334
f 1158//695 1159//695 1160//695
f 1160//335 1159//335 1161//335
f 1160//696 1161//696 1162//696
f 1162//696 1161//696 1163//696
f 1162//697 1163//697 1164//697
f 865//698 1165//698 1166//698
f 1167//699 873//699 1168//699
f 1168//700 873//700 872//700
f 1168//701 872//701 1169//701
f 1169//702 872//702 875//702
f 865//703 864//703 1165//703
f 1165//704 864//704 869//704
f 1165//705 869//705 1170//705
f 1170//706 869//706 868//706
f 1170//707 868//707 1171//707
f 1171//708 868//708 871//708
f 1171//709 871//709 1167//709
f 1167//710 871//710 870//710
f 1167//711 870//711 873//711
f 1133//353 1132//353 1134//353
f 1134//353 1132//353 1136//353
f 1134//354 1136//354 1129//354
f 1129//354 1136//354 1138//354
f 1129//355 1138//355 1130//355
f 1130//355 1138//355 1140//355
f 1130//356 1140//356 1131//356
f 1131//356 1140//356 1142//356
f 1131//357 1142//357 1172//357
f 1172//357 1142//357 1144//357
f 1172//358 1144//358 1173//358
f 1173//358 1144//358 1146//358
f 1173//359 1146//359 1169//359
f 1169//359 1146//359 1148//359
f 1169//360 1148//360 1168//360
f 1168//360 1148//360 1150//360
f 1168//361 1150//361 1167//361
f 1167//361 1150//361 1152//361
f 1167//362 1152//362 1171//362
f 1171//362 1152//362 1154//362
f 1171//363 1154//363 1170//363
f 1170//363 1154//363 1156//363
f 1170//364 1156//364 1165//364
f 1165//364 1156//364 1158//364
f 1165//712 1158//712 1166//712
f 1166//712 1158//712 1160//712
f 1166//713 1160//713 1174//713
f 1174//714 1160//714 1162//714
f 1174//715 1162//715 1175//715
f 1175//716 1162//716 1164//716
f 1175//717 1164//717 1176//717
f 1177//368 1178//368 892//368
f 892//718 880//718 1177//718
f 1177//719 880//719 891//719
f 1177//720 891//720 1127//720
f 1127//720 891//720 890//720
f 1127//372 890//372 886//372
f 1179//721 900//721 1180//721
f 1180//722 900//722 894//722
f 1180//400 894//400 1178//400
f 1178//723 894//723 893//723
f 1178//724 893//724 892//724
f 1181//374 1182//374 1183//374
f 1183//374 1182//374 1184//374
f 1183//375 1184//375 1185//375
f 1185//375 1184//375 1186//375
f 1185//376 1186//376 1187//376
f 1187//376 1186//376 1179//376
f 1187//377 1179//377 1188//377
f 1188//377 1179//377 1180//377
f 1188//378 1180//378 1189//378
f 1189//378 1180//378 1178//378
f 1189//379 1178//379 1190//379
f 1190//379 1178//379 1177//379
f 1190//380 1177//380 1191//380
f 1191//380 1177//380 1127//380
f 1191//381 1127//381 1192//381
f 1192//381 1127//381 1128//381
f 1192//382 1128//382 1193//382
f 1193//382 1128//382 1120//382
f 1193//383 1120//383 1194//383
f 1194//383 1120//383 1121//383
f 1194//384 1121//384 1195//384
f 1195//384 1121//384 1122//384
f 1195//385 1122//385 1196//385
f 1196//385 1122//385 1123//385
f 1196//386 1123//386 1197//386
f 1197//386 1123//386 1124//386
f 1197//387 1124//387 1198//387
f 1198//387 1124//387 1125//387
f 1198//388 1125//388 1199//388
f 1199//388 1125//388 1126//388
f 1199//373 1126//373 1181//373
f 1181//373 1126//373 1182//373
f 881//725 882//725 1126//725
f 1126//726 882//726 898//726
f 1126//727 898//727 1182//727
f 1182//728 898//728 896//728
f 1182//729 896//729 1184//729
f 1184//393 896//393 895//393
f 1184//394 895//394 1186//394
f 1186//730 895//730 897//730
f 1186//731 897//731 1179//731
f 1179//732 897//732 899//732
f 1179//733 899//733 900//733
f 861//734 860//734 1176//734
f 1176//735 860//735 863//735
f 1176//736 863//736 1175//736
f 1175//737 863//737 862//737
f 1175//738 862//738 1174//738
f 1174//739 862//739 867//739
f 1174//740 867//740 1166//740
f 1166//741 867//741 866//741
f 1166//742 866//742 865//742
f 875//743 874//743 1169//743
f 1169//744 874//744 878//744
f 1169//745 878//745 1173//745
f 1173//746 878//746 877//746
f 1173//747 877//747 1172//747
f 1172//419 877//419 876//419
f 1172//420 876//420 1131//420
f 1131//748 876//748 853//748
f 1131//749 853//749 855//749
f 858//750 861//750 1133//750
f 1133//751 861//751 1176//751
f 1133//352 1176//352 1119//352
f 1119//717 1176//717 1164//717
f 1119//320 1164//320 1117//320
f 1117//697 1164//697 1163//697
f 1117//752 1163//752 1191//752
f 1191//753 1163//753 1161//753
f 1191//429 1161//429 1190//429
f 1190//429 1161//429 1159//429
f 1190//428 1159//428 1189//428
f 1189//428 1159//428 1157//428
f 1189//427 1157//427 1188//427
f 1188//427 1157//427 1155//427
f 1188//426 1155//426 1187//426
f 1187//426 1155//426 1153//426
f 1187//425 1153//425 1185//425
f 1185//425 1153//425 1151//425
f 1185//424 1151//424 1183//424
f 1183//424 1151//424 1149//424
f 1183//423 1149//423 1181//423
f 1181//423 1149//423 1147//423
f 1181//438 1147//438 1199//438
f 1199//438 1147//438 1145//438
f 1199//437 1145//437 1198//437
f 1198//437 1145//437 1143//437
f 1198//436 1143//436 1197//436
f 1197//436 1143//436 1141//436
f 1197//435 1141//435 1196//435
f 1196//435 1141//435 1139//435
f 1196//434 1139//434 1195//434
f 1195//434 1139//434 1137//434
f 1195//433 1137//433 1194//433
f 1194//433 1137//433 1135//433
f 1194//432 1135//432 1193//432
f 1193//432 1135//432 1118//432
f 1193//431 1118//431 1192//431
f 1192//431 1118//431 1117//431
f 1192//430 1117//430 1191//430
f 1200//374 1201//374 1202//374
f 679//754 1203//754 680//754
f 680//681 1203//681 1204//681
f 680//755 1204//755 697//755
f 697//756 1204//756 1205//756
f 1206//757 674//757 1207//757
f 1207//758 674//758 673//758
f 1207//759 673//759 1208//759
f 1208//453 673//453 681//453
f 1208//673 681//673 1209//673
f 681//760 678//760 1209//760
f 1209//761 678//761 698//761
f 1209//762 698//762 1210//762
f 1210//762 698//762 691//762
f 1210//294 691//294 1211//294
f 1211//763 691//763 690//763
f 1211//764 690//764 1205//764
f 1205//765 690//765 689//765
f 1205//766 689//766 697//766
f 1212//767 1213//767 1214//767
f 1214//325 1213//325 1215//325
f 1214//768 1215//768 1216//768
f 1216//769 1215//769 1217//769
f 1216//770 1217//770 1218//770
f 1212//771 1219//771 1213//771
f 1213//772 1219//772 1220//772
f 1213//773 1220//773 1221//773
f 1221//774 1220//774 1222//774
f 1221//323 1222//323 1223//323
f 1223//775 1222//775 1224//775
f 1224//776 1225//776 1223//776
f 1223//777 1225//777 1226//777
f 1223//778 1226//778 1227//778
f 1227//779 1226//779 1228//779
f 1227//321 1228//321 1229//321
f 1229//780 1228//780 1230//780
f 1231//696 1232//696 1233//696
f 1233//696 1232//696 1234//696
f 1233//697 1234//697 1235//697
f 1235//697 1234//697 1236//697
f 1235//781 1236//781 1237//781
f 1237//782 1236//782 1229//782
f 1237//783 1229//783 1238//783
f 1238//784 1229//784 1230//784
f 1239//785 1240//785 1241//785
f 1241//334 1240//334 1242//334
f 1241//786 1242//786 1243//786
f 1239//787 1244//787 1240//787
f 1240//788 1244//788 1245//788
f 1240//789 1245//789 1246//789
f 1246//790 1245//790 1247//790
f 1246//332 1247//332 1248//332
f 1248//791 1247//791 1249//791
f 1250//792 1251//792 1252//792
f 1249//793 1253//793 1248//793
f 1248//794 1253//794 1254//794
f 1248//795 1254//795 1255//795
f 1255//796 1254//796 1256//796
f 1255//330 1256//330 1250//330
f 1250//797 1256//797 1257//797
f 1250//798 1257//798 1251//798
f 1258//328 1259//328 1217//328
f 1217//799 1259//799 1260//799
f 1217//800 1260//800 1218//800
f 1261//801 1252//801 1262//801
f 1262//801 1252//801 1251//801
f 1262//802 1251//802 1263//802
f 1263//802 1251//802 1257//802
f 1263//803 1257//803 1264//803
f 1264//803 1257//803 1256//803
f 1264//804 1256//804 1265//804
f 1265//805 1256//805 1254//805
f 1265//806 1254//806 1266//806
f 1266//806 1254//806 1253//806
f 1266//807 1253//807 1267//807
f 1267//807 1253//807 1249//807
f 1267//808 1249//808 1268//808
f 1268//809 1249//809 1247//809
f 1268//810 1247//810 1269//810
f 1269//810 1247//810 1245//810
f 1269//811 1245//811 1270//811
f 1270//811 1245//811 1244//811
f 1270//812 1244//812 1271//812
f 1271//812 1244//812 1239//812
f 1271//813 1239//813 1272//813
f 1272//813 1239//813 1241//813
f 1272//814 1241//814 1273//814
f 1273//814 1241//814 1243//814
f 1273//815 1243//815 1274//815
f 672//816 1261//816 668//816
f 668//817 1261//817 1262//817
f 668//568 1262//568 669//568
f 669//818 1262//818 1263//818
f 669//819 1263//819 666//819
f 666//820 1263//820 1264//820
f 666//821 1264//821 667//821
f 667//822 1264//822 1265//822
f 667//823 1265//823 664//823
f 664//824 1265//824 1266//824
f 664//635 1266//635 665//635
f 665//825 1266//825 1267//825
f 665//826 1267//826 662//826
f 662//827 1267//827 1268//827
f 662//828 1268//828 663//828
f 663//829 1268//829 1269//829
f 663//830 1269//830 660//830
f 660//831 1269//831 1270//831
f 660//559 1270//559 661//559
f 661//832 1270//832 1271//832
f 661//833 1271//833 656//833
f 656//834 1271//834 1272//834
f 656//835 1272//835 657//835
f 657//836 1272//836 1273//836
f 657//837 1273//837 658//837
f 658//838 1273//838 1274//838
f 658//638 1274//638 659//638
f 1259//839 1275//839 1260//839
f 1260//840 1275//840 1276//840
f 1260//841 1276//841 1218//841
f 1218//841 1276//841 1277//841
f 1218//842 1277//842 1216//842
f 1216//842 1277//842 1278//842
f 1216//843 1278//843 1214//843
f 1214//844 1278//844 1279//844
f 1214//845 1279//845 1212//845
f 1212//845 1279//845 1280//845
f 1212//846 1280//846 1219//846
f 1219//846 1280//846 1281//846
f 1219//847 1281//847 1220//847
f 1220//847 1281//847 1282//847
f 1220//848 1282//848 1222//848
f 1222//848 1282//848 1283//848
f 1222//849 1283//849 1224//849
f 1224//850 1283//850 1284//850
f 1224//851 1284//851 1225//851
f 1225//851 1284//851 1285//851
f 1225//852 1285//852 1226//852
f 1226//852 1285//852 1286//852
f 1226//853 1286//853 1228//853
f 1228//853 1286//853 1287//853
f 1228//854 1287//854 1230//854
f 1230//854 1287//854 1288//854
f 1230//855 1288//855 1238//855
f 1238//855 1288//855 1289//855
f 1238//856 1289//856 1237//856
f 1237//856 1289//856 1290//856
f 1237//857 1290//857 1235//857
f 1235//857 1290//857 1291//857
f 1235//715 1291//715 1233//715
f 1233//715 1291//715 1292//715
f 1233//713 1292//713 1231//713
f 1293//368 1294//368 687//368
f 687//858 686//858 1293//858
f 1293//859 686//859 685//859
f 1293//720 685//720 1295//720
f 1295//720 685//720 684//720
f 1295//860 684//860 1206//860
f 1206//861 684//861 676//861
f 1206//862 676//862 674//862
f 1296//863 693//863 1297//863
f 1297//399 693//399 692//399
f 1297//400 692//400 1294//400
f 1294//864 692//864 688//864
f 1294//402 688//402 687//402
f 1298//865 683//865 1296//865
f 1296//866 683//866 694//866
f 1296//867 694//867 693//867
f 1202//375 1201//375 1299//375
f 1299//375 1201//375 1298//375
f 1299//376 1298//376 1300//376
f 1300//376 1298//376 1296//376
f 1300//377 1296//377 1301//377
f 1301//377 1296//377 1297//377
f 1301//378 1297//378 1302//378
f 1302//378 1297//378 1294//378
f 1302//379 1294//379 1303//379
f 1303//379 1294//379 1293//379
f 1303//380 1293//380 1304//380
f 1304//380 1293//380 1295//380
f 1304//868 1295//868 1305//868
f 1305//868 1295//868 1206//868
f 1305//869 1206//869 1306//869
f 1306//869 1206//869 1207//869
f 1306//382 1207//382 1307//382
f 1307//382 1207//382 1208//382
f 1307//383 1208//383 1308//383
f 1308//383 1208//383 1209//383
f 1308//384 1209//384 1309//384
f 1309//384 1209//384 1210//384
f 1309//385 1210//385 1310//385
f 1310//385 1210//385 1211//385
f 1310//386 1211//386 1311//386
f 1311//386 1211//386 1205//386
f 1311//387 1205//387 1312//387
f 1312//387 1205//387 1204//387
f 1312//388 1204//388 1313//388
f 1313//388 1204//388 1203//388
f 1313//373 1203//373 1314//373
f 679//726 675//726 1203//726
f 1203//727 675//727 1200//727
f 1203//373 1200//373 1314//373
f 1314//374 1200//374 1202//374
f 675//870 677//870 1200//870
f 1200//871 677//871 696//871
f 1200//872 696//872 1201//872
f 1201//872 696//872 695//872
f 1201//394 695//394 1298//394
f 1298//394 695//394 682//394
f 1298//873 682//873 683//873
f 1242//874 1232//874 1243//874
f 1243//875 1232//875 1231//875
f 1243//815 1231//815 1274//815
f 1274//713 1231//713 1292//713
f 1274//876 1292//876 659//876
f 659//877 1292//877 1291//877
f 659//878 1291//878 654//878
f 654//879 1291//879 1290//879
f 654//880 1290//880 655//880
f 655//881 1290//881 1289//881
f 655//882 1289//882 652//882
f 652//883 1289//883 1288//883
f 652//884 1288//884 653//884
f 653//885 1288//885 1287//885
f 653//886 1287//886 650//886
f 650//887 1287//887 1286//887
f 650//888 1286//888 651//888
f 651//889 1286//889 1285//889
f 651//890 1285//890 648//890
f 648//891 1285//891 1284//891
f 648//892 1284//892 649//892
f 649//893 1284//893 1283//893
f 649//894 1283//894 646//894
f 646//895 1283//895 1282//895
f 646//896 1282//896 647//896
f 647//897 1282//897 1281//897
f 647//898 1281//898 644//898
f 644//899 1281//899 1280//899
f 644//900 1280//900 645//900
f 645//901 1280//901 1279//901
f 645//902 1279//902 643//902
f 643//903 1279//903 1278//903
f 643//904 1278//904 670//904
f 670//905 1278//905 1277//905
f 670//906 1277//906 671//906
f 671//907 1277//907 1276//907
f 671//908 1276//908 672//908
f 672//909 1276//909 1275//909
f 672//910 1275//910 1261//910
f 1261//911 1275//911 1259//911
f 1261//911 1259//911 1252//911
f 1252//912 1259//912 1258//912
f 1252//913 1258//913 1250//913
f 1258//423 1314//423 1250//423
f 1250//423 1314//423 1202//423
f 1250//424 1202//424 1255//424
f 1255//424 1202//424 1299//424
f 1255//425 1299//425 1248//425
f 1248//425 1299//425 1300//425
f 1248//426 1300//426 1246//426
f 1246//426 1300//426 1301//426
f 1246//427 1301//427 1240//427
f 1240//427 1301//427 1302//427
f 1240//428 1302//428 1242//428
f 1242//428 1302//428 1303//428
f 1242//429 1303//429 1232//429
f 1232//429 1303//429 1304//429
f 1232//753 1304//753 1234//753
f 1234//753 1304//753 1305//753
f 1234//914 1305//914 1236//914
f 1236//914 1305//914 1306//914
f 1236//431 1306//431 1229//431
f 1229//431 1306//431 1307//431
f 1229//432 1307//432 1227//432
f 1227//432 1307//432 1308//432
f 1227//433 1308//433 1223//433
f 1223//433 1308//433 1309//433
f 1223//434 1309//434 1221//434
f 1221//434 1309//434 1310//434
f 1221//435 1310//435 1213//435
f 1213//435 1310//435 1311//435
f 1213//436 1311//436 1215//436
f 1215//436 1311//436 1312//436
f 1215//437 1312//437 1217//437
f 1217//437 1312//437 1313//437
f 1217//438 1313//438 1258//438
f 1258//438 1313//438 1314//438
f 1315//539 1316//539 1317//539
f 1318//529 1316//529 1319//529
f 731//915 1320//915 732//915
f 732//445 1320//445 1321//445
f 732//916 1321//916 733//916
f 733//917 1321//917 1322//917
f 733//918 1322//918 749//918
f 749//919 1322//919 752//919
f 1323//454 751//454 1324//454
f 1324//920 751//920 750//920
f 753//458 1325//458 755//458
f 755//458 1325//458 1326//458
f 755//457 1326//457 754//457
f 1327//921 1328//921 1322//921
f 1322//922 1328//922 1325//922
f 1322//923 1325//923 752//923
f 752//924 1325//924 753//924
f 1327//925 1322//925 1329//925
f 1329//926 1322//926 1321//926
f 1329//927 1321//927 1330//927
f 1331//928 1326//928 1332//928
f 1332//929 1326//929 1325//929
f 1332//930 1325//930 1333//930
f 1333//931 1325//931 1328//931
f 1331//932 1334//932 1326//932
f 1326//933 1334//933 1324//933
f 1326//457 1324//457 754//457
f 754//934 1324//934 750//934
f 1334//935 1335//935 1324//935
f 1324//936 1335//936 1336//936
f 1324//937 1336//937 1323//937
f 1336//938 1337//938 1323//938
f 1323//939 1337//939 1338//939
f 1323//940 1338//940 1339//940
f 1339//941 1338//941 1340//941
f 1339//600 1340//600 1341//600
f 1341//600 1340//600 1342//600
f 1341//601 1342//601 1343//601
f 1317//538 1316//538 1344//538
f 1344//538 1316//538 1318//538
f 1344//537 1318//537 1345//537
f 1319//530 1316//530 1346//530
f 1346//530 1316//530 1315//530
f 1346//657 1315//657 1347//657
f 1348//548 1349//548 1350//548
f 1350//548 1349//548 1351//548
f 1350//618 1351//618 1352//618
f 1352//618 1351//618 1353//618
f 1352//611 1353//611 1354//611
f 1354//611 1353//611 1355//611
f 1354//545 1355//545 1356//545
f 1356//545 1355//545 1357//545
f 1356//544 1357//544 1358//544
f 1358//544 1357//544 1359//544
f 1358//632 1359//632 1360//632
f 1360//632 1359//632 1361//632
f 1360//531 1361//531 1362//531
f 1362//531 1361//531 1363//531
f 1362//532 1363//532 1364//532
f 1364//532 1363//532 1365//532
f 1364//533 1365//533 1366//533
f 1366//533 1365//533 1367//533
f 1366//535 1367//535 1368//535
f 1369//546 1370//546 1371//546
f 1371//546 1370//546 1372//546
f 1371//668 1372//668 1373//668
f 1373//668 1372//668 1374//668
f 1373//493 1374//493 1375//493
f 1375//493 1374//493 1376//493
f 1375//494 1376//494 1377//494
f 1377//494 1376//494 1378//494
f 1377//495 1378//495 1379//495
f 1379//942 1378//942 1380//942
f 1379//496 1380//496 1381//496
f 1381//496 1380//496 1382//496
f 1381//497 1382//497 1383//497
f 1383//497 1382//497 1384//497
f 1383//498 1384//498 1385//498
f 1385//498 1384//498 1386//498
f 1385//499 1386//499 1387//499
f 1387//499 1386//499 1388//499
f 1387//500 1388//500 1389//500
f 1389//500 1388//500 1390//500
f 1389//501 1390//501 1391//501
f 1391//501 1390//501 1392//501
f 1391//502 1392//502 1393//502
f 1393//502 1392//502 1394//502
f 1393//503 1394//503 1395//503
f 1395//503 1394//503 1396//503
f 1395//504 1396//504 1397//504
f 1397//504 1396//504 1398//504
f 1397//646 1398//646 1399//646
f 1399//646 1398//646 1400//646
f 1399//527 1400//527 1401//527
f 1401//527 1400//527 1402//527
f 1401//528 1402//528 1403//528
f 1404//551 1348//551 1405//551
f 1405//551 1348//551 1350//551
f 1405//552 1350//552 1406//552
f 1406//552 1350//552 1352//552
f 1406//619 1352//619 1407//619
f 1407//619 1352//619 1354//619
f 1407//612 1354//612 1408//612
f 1408//612 1354//612 1356//612
f 1408//440 1356//440 1409//440
f 1409//440 1356//440 1358//440
f 1409//633 1358//633 1410//633
f 1410//633 1358//633 1360//633
f 1410//540 1360//540 1411//540
f 1411//540 1360//540 1362//540
f 1411//541 1362//541 1412//541
f 1412//541 1362//541 1364//541
f 1412//542 1364//542 1413//542
f 1413//542 1364//542 1366//542
f 1413//543 1366//543 1414//543
f 1414//543 1366//543 1368//543
f 1414//441 1368//441 1415//441
f 711//943 710//943 1345//943
f 1345//944 710//944 1416//944
f 1345//945 1416//945 1344//945
f 1344//946 1416//946 1417//946
f 1344//946 1417//946 1317//946
f 1317//947 1417//947 1418//947
f 1317//539 1418//539 1315//539
f 1315//658 1418//658 1419//658
f 1315//657 1419//657 1347//657
f 1347//534 1419//534 1420//534
f 728//948 1404//948 724//948
f 724//567 1404//567 1405//567
f 724//568 1405//568 725//568
f 725//949 1405//949 1406//949
f 725//950 1406//950 722//950
f 722//662 1406//662 1407//662
f 722//661 1407//661 723//661
f 723//951 1407//951 1408//951
f 723//952 1408//952 720//952
f 720//613 1408//613 1409//613
f 720//635 1409//635 721//635
f 721//953 1409//953 1410//953
f 721//954 1410//954 718//954
f 718//554 1410//554 1411//554
f 718//555 1411//555 719//555
f 719//955 1411//955 1412//955
f 719//956 1412//956 716//956
f 716//558 1412//558 1413//558
f 716//559 1413//559 717//559
f 717//957 1413//957 1414//957
f 717//958 1414//958 712//958
f 712//562 1414//562 1415//562
f 712//660 1415//660 713//660
f 1370//549 1421//549 1372//549
f 1372//959 1421//959 1422//959
f 1372//669 1422//669 1374//669
f 1374//669 1422//669 1423//669
f 1374//480 1423//480 1376//480
f 1376//480 1423//480 1424//480
f 1376//481 1424//481 1378//481
f 1378//482 1424//482 1425//482
f 1378//484 1425//484 1380//484
f 1380//484 1425//484 1426//484
f 1380//485 1426//485 1382//485
f 1382//485 1426//485 1427//485
f 1382//486 1427//486 1384//486
f 1384//486 1427//486 1428//486
f 1384//487 1428//487 1386//487
f 1386//487 1428//487 1429//487
f 1386//488 1429//488 1388//488
f 1388//488 1429//488 1430//488
f 1388//489 1430//489 1390//489
f 1390//489 1430//489 1431//489
f 1390//490 1431//490 1392//490
f 1392//490 1431//490 1432//490
f 1392//491 1432//491 1394//491
f 1394//491 1432//491 1433//491
f 1394//492 1433//492 1396//492
f 1396//492 1433//492 1434//492
f 1396//442 1434//442 1398//442
f 1398//442 1434//442 1435//442
f 1398//645 1435//645 1400//645
f 1400//645 1435//645 1436//645
f 1400//536 1436//536 1402//536
f 1437//571 1438//571 740//571
f 740//960 739//960 1437//960
f 1437//961 739//961 738//961
f 1437//574 738//574 1343//574
f 1343//574 738//574 737//574
f 1343//575 737//575 1341//575
f 1341//962 737//962 736//962
f 1341//963 736//963 1339//963
f 1339//964 736//964 735//964
f 1339//965 735//965 1323//965
f 1323//966 735//966 734//966
f 1323//967 734//967 751//967
f 1342//601 1439//601 1343//601
f 1343//968 1439//968 1440//968
f 1343//969 1440//969 1437//969
f 1437//970 1440//970 1441//970
f 1437//603 1441//603 1438//603
f 1438//971 1441//971 1442//971
f 1442//972 1443//972 1438//972
f 1438//973 1443//973 1444//973
f 1438//974 1444//974 1445//974
f 1445//975 1444//975 1446//975
f 1445//605 1446//605 1447//605
f 1447//976 730//976 1445//976
f 1445//977 730//977 729//977
f 1445//584 729//584 1438//584
f 1438//978 729//978 741//978
f 1438//979 741//979 740//979
f 1448//980 745//980 1447//980
f 1447//981 745//981 742//981
f 1447//982 742//982 730//982
f 1446//983 1449//983 1447//983
f 1447//984 1449//984 1450//984
f 1447//606 1450//606 1448//606
f 1450//985 1451//985 1448//985
f 1448//986 1451//986 1452//986
f 1448//607 1452//607 1453//607
f 1453//987 1452//987 1454//987
f 1454//988 1455//988 1453//988
f 1453//989 1455//989 1456//989
f 1453//990 1456//990 1457//990
f 1458//991 1459//991 1320//991
f 1320//992 1459//992 1460//992
f 1320//593 1460//593 1321//593
f 1321//993 1460//993 1461//993
f 1321//994 1461//994 1330//994
f 731//995 744//995 1320//995
f 1320//615 744//615 1457//615
f 1320//439 1457//439 1458//439
f 1458//996 1457//996 1456//996
f 744//997 743//997 1457//997
f 1457//998 743//998 747//998
f 1457//624 747//624 1453//624
f 1453//624 747//624 748//624
f 1453//625 748//625 1448//625
f 1448//625 748//625 746//625
f 1448//999 746//999 745//999
f 1367//535 1420//535 1368//535
f 1368//534 1420//534 1419//534
f 1368//441 1419//441 1415//441
f 1415//658 1419//658 1418//658
f 1415//1000 1418//1000 713//1000
f 713//1001 1418//1001 1417//1001
f 713//1002 1417//1002 714//1002
f 714//1003 1417//1003 1416//1003
f 714//1004 1416//1004 715//1004
f 715//1005 1416//1005 710//1005
f 1319//529 1403//529 1318//529
f 1318//528 1403//528 1402//528
f 1318//537 1402//537 1345//537
f 1345//536 1402//536 1436//536
f 1345//1006 1436//1006 711//1006
f 711//1007 1436//1007 1435//1007
f 711//1008 1435//1008 708//1008
f 708//1009 1435//1009 1434//1009
f 708//1010 1434//1010 709//1010
f 709//1011 1434//1011 1433//1011
f 709//1012 1433//1012 706//1012
f 706//1013 1433//1013 1432//1013
f 706//525 1432//525 707//525
f 707//1014 1432//1014 1431//1014
f 707//1015 1431//1015 704//1015
f 704//1016 1431//1016 1430//1016
f 704//521 1430//521 705//521
f 705//1017 1430//1017 1429//1017
f 705//1018 1429//1018 702//1018
f 702//1019 1429//1019 1428//1019
f 702//517 1428//517 703//517
f 703//1020 1428//1020 1427//1020
f 703//1021 1427//1021 700//1021
f 700//1022 1427//1022 1426//1022
f 700//1023 1426//1023 701//1023
f 701//1024 1426//1024 1425//1024
f 701//1025 1425//1025 699//1025
f 699//1026 1425//1026 1424//1026
f 699//1027 1424//1027 726//1027
f 726//508 1424//508 1423//508
f 726//672 1423//672 727//672
f 727//1028 1423//1028 1422//1028
f 727//1029 1422//1029 728//1029
f 728//1030 1422//1030 1421//1030
f 728//1031 1421//1031 1404//1031
f 1404//550 1421//550 1370//550
f 1404//550 1370//550 1348//550
f 1348//547 1370//547 1369//547
f 1348//547 1369//547 1349//547
f 1371//1032 1459//1032 1369//1032
f 1369//1032 1459//1032 1458//1032
f 1369//1033 1458//1033 1349//1033
f 1349//1033 1458//1033 1456//1033
f 1349//1034 1456//1034 1351//1034
f 1351//1034 1456//1034 1455//1034
f 1351//1035 1455//1035 1353//1035
f 1353//1036 1455//1036 1454//1036
f 1353//610 1454//610 1355//610
f 1355//610 1454//610 1452//610
f 1355//1037 1452//1037 1357//1037
f 1357//1037 1452//1037 1451//1037
f 1357//592 1451//592 1359//592
f 1359//592 1451//592 1450//592
f 1359//631 1450//631 1361//631
f 1361//631 1450//631 1449//631
f 1361//1038 1449//1038 1363//1038
f 1363//1039 1449//1039 1446//1039
f 1363//628 1446//628 1365//628
f 1365//1040 1446//1040 1444//1040
f 1365//1041 1444//1041 1367//1041
f 1367//1042 1444//1042 1443//1042
f 1367//1043 1443//1043 1420//1043
f 1420//579 1443//579 1442//579
f 1420//1044 1442//1044 1347//1044
f 1347//1044 1442//1044 1441//1044
f 1347//1045 1441//1045 1346//1045
f 1346//656 1441//656 1440//656
f 1346//1046 1440//1046 1319//1046
f 1319//1047 1440//1047 1439//1047
f 1319//653 1439//653 1403//653
f 1403//652 1439//652 1342//652
f 1403//651 1342//651 1401//651
f 1401//1048 1342//1048 1340//1048
f 1401//650 1340//650 1399//650
f 1399//650 1340//650 1338//650
f 1399//1049 1338//1049 1397//1049
f 1397//1050 1338//1050 1337//1050
f 1397//473 1337//473 1395//473
f 1395//473 1337//473 1336//473
f 1395//1051 1336//1051 1393//1051
f 1393//1051 1336//1051 1335//1051
f 1393//470 1335//470 1391//470
f 1391//1052 1335//1052 1334//1052
f 1391//478 1334//478 1389//478
f 1389//478 1334//478 1331//478
f 1389//477 1331//477 1387//477
f 1387//477 1331//477 1332//477
f 1387//475 1332//475 1385//475
f 1385//1053 1332//1053 1333//1053
f 1385//1054 1333//1054 1383//1054
f 1383//474 1333//474 1328//474
f 1383//1055 1328//1055 1381//1055
f 1381//1056 1328//1056 1327//1056
f 1381//1057 1327//1057 1379//1057
f 1379//1057 1327//1057 1329//1057
f 1379//1058 1329//1058 1377//1058
f 1377//1058 1329//1058 1330//1058
f 1377//1059 1330//1059 1375//1059
f 1375//1059 1330//1059 1461//1059
f 1375//1060 1461//1060 1373//1060
f 1373//1060 1461//1060 1460//1060
f 1373//1061 1460//1061 1371//1061
f 1371//1061 1460//1061 1459//1061
f 1462//1062 308//1062 1463//1062
f 1463//1063 308//1063 307//1063
f 1464//1064 325//1064 1465//1064
f 1465//1065 325//1065 342//1065
f 1466//1066 20//1066 1467//1066
f 1467//1067 20//1067 19//1067
f 1467//1068 19//1068 1468//1068
f 1468//1069 19//1069 16//1069
f 1468//1070 16//1070 1469//1070
f 1469//1071 16//1071 14//1071
f 1469//1072 14//1072 1470//1072
f 1470//1073 14//1073 12//1073
f 1470//1074 12//1074 1471//1074
f 1472//1075 68//1075 1473//1075
f 1473//1076 68//1076 66//1076
f 1473//1077 66//1077 1474//1077
f 1474//1078 66//1078 64//1078
f 1474//1079 64//1079 1475//1079
f 1475//1080 64//1080 63//1080
f 1475//1081 63//1081 1476//1081
f 1476//1082 63//1082 60//1082
f 1476//1083 60//1083 1477//1083
f 1477//1084 60//1084 58//1084
f 1477//1085 58//1085 1478//1085
f 1478//1086 58//1086 56//1086
f 1478//1087 56//1087 1479//1087
f 56//1088 54//1088 1479//1088
f 1479//1089 54//1089 52//1089
f 1479//1090 52//1090 1480//1090
f 1480//1091 52//1091 50//1091
f 1480//1092 50//1092 1481//1092
f 1481//1093 50//1093 48//1093
f 1481//1094 48//1094 1482//1094
f 1482//1095 48//1095 47//1095
f 1482//1096 47//1096 1483//1096
f 1483//1097 47//1097 44//1097
f 1483//1098 44//1098 1484//1098
f 1484//1099 44//1099 42//1099
f 1484//1100 42//1100 1485//1100
f 1485//1101 42//1101 40//1101
f 1485//1102 40//1102 1486//1102
f 40//1103 38//1103 1486//1103
f 1486//1104 38//1104 36//1104
f 1486//1105 36//1105 1487//1105
f 1487//1106 36//1106 35//1106
f 1487//1107 35//1107 1488//1107
f 1488//1108 35//1108 32//1108
f 1488//1109 32//1109 1489//1109
f 1489//1110 32//1110 30//1110
f 1489//1111 30//1111 1490//1111
f 1490//1112 30//1112 28//1112
f 1490//1113 28//1113 1491//1113
f 1491//1114 28//1114 26//1114
f 1491//1115 26//1115 1492//1115
f 1492//1116 26//1116 24//1116
f 1492//1117 24//1117 1466//1117
f 1466//1118 24//1118 22//1118
f 1466//1119 22//1119 20//1119
f 1493//1120 1494//1120 305//1120
f 305//1121 1494//1121 306//1121
f 1493//1122 305//1122 1495//1122
f 1495//1123 305//1123 299//1123
f 1495//1124 299//1124 1496//1124
f 299//1125 298//1125 1496//1125
f 1496//1126 298//1126 297//1126
f 1496//1127 297//1127 1497//1127
f 1497//1128 297//1128 296//1128
f 1497//1129 296//1129 1498//1129
f 1498//1130 296//1130 1499//1130
f 1500//1131 1501//1131 332//1131
f 332//1132 1501//1132 289//1132
f 289//1133 1501//1133 292//1133
f 292//1134 1501//1134 1502//1134
f 292//1135 1502//1135 293//1135
f 1503//1136 327//1136 1504//1136
f 1504//1137 327//1137 326//1137
f 1504//1138 326//1138 1505//1138
f 1500//1139 332//1139 1506//1139
f 1506//1140 332//1140 330//1140
f 1506//1141 330//1141 1503//1141
f 1503//1142 330//1142 329//1142
f 1503//1143 329//1143 327//1143
f 1502//1144 1507//1144 293//1144
f 293//1145 1507//1145 1508//1145
f 293//1146 1508//1146 294//1146
f 294//1147 1508//1147 1499//1147
f 294//1148 1499//1148 295//1148
f 295//1149 1499//1149 296//1149
f 338//1150 1509//1150 339//1150
f 339//1151 1509//1151 1510//1151
f 339//1152 1510//1152 341//1152
f 341//1153 1510//1153 342//1153
f 342//1154 1510//1154 1511//1154
f 342//1155 1511//1155 1465//1155
f 1512//1156 1513//1156 322//1156
f 322//1157 1513//1157 324//1157
f 1512//1158 322//1158 1514//1158
f 1514//1159 322//1159 321//1159
f 1514//1160 321//1160 1515//1160
f 321//1161 328//1161 1515//1161
f 1515//1162 328//1162 331//1162
f 1515//1163 331//1163 1516//1163
f 1516//1164 331//1164 291//1164
f 1516//1165 291//1165 1517//1165
f 1517//1166 291//1166 1518//1166
f 324//1167 1513//1167 340//1167
f 340//1168 1513//1168 1519//1168
f 340//1169 1519//1169 338//1169
f 338//1170 1519//1170 1520//1170
f 338//1171 1520//1171 1509//1171
f 1505//1172 326//1172 1521//1172
f 1521//1173 326//1173 343//1173
f 1521//1174 343//1174 1464//1174
f 1464//1175 343//1175 323//1175
f 1464//1176 323//1176 325//1176
f 1522//1177 1523//1177 1524//1177
f 1524//1177 1523//1177 1525//1177
f 1524//1178 1525//1178 1526//1178
f 1526//1179 1525//1179 1527//1179
f 1526//1180 1527//1180 1528//1180
f 1528//1180 1527//1180 1529//1180
f 1528//1181 1529//1181 1530//1181
f 1530//1181 1529//1181 1531//1181
f 1530//1182 1531//1182 1532//1182
f 1532//1182 1531//1182 1533//1182
f 1532//1183 1533//1183 1534//1183
f 1534//1183 1533//1183 1535//1183
f 1534//1184 1535//1184 1536//1184
f 1536//1184 1535//1184 1537//1184
f 1536//1185 1537//1185 1538//1185
f 1538//1186 1537//1186 1539//1186
f 1538//1187 1539//1187 1540//1187
f 1540//1187 1539//1187 1541//1187
f 1540//1188 1541//1188 1542//1188
f 1542//1188 1541//1188 1543//1188
f 1542//1189 1543//1189 1544//1189
f 1544//1189 1543//1189 1545//1189
f 1544//1190 1545//1190 1546//1190
f 1546//1190 1545//1190 1547//1190
f 1546//1191 1547//1191 1548//1191
f 1548//1191 1547//1191 1549//1191
f 1548//1192 1549//1192 1550//1192
f 1550//1192 1549//1192 1551//1192
f 1550//1193 1551//1193 1552//1193
f 1552//1193 1551//1193 1553//1193
f 1552//1194 1553//1194 1554//1194
f 1554//1194 1553//1194 1555//1194
f 1554//1195 1555//1195 1556//1195
f 1556//1195 1555//1195 1557//1195
f 1556//1196 1557//1196 1558//1196
f 1558//1196 1557//1196 1559//1196
f 1558//1197 1559//1197 1560//1197
f 1560//1198 1559//1198 1561//1198
f 1560//1199 1561//1199 1562//1199
f 1562//1199 1561//1199 1563//1199
f 1562//1200 1563//1200 1564//1200
f 1564//1201 1563//1201 1565//1201
f 1564//1202 1565//1202 1566//1202
f 1566//1203 1565//1203 1567//1203
f 1566//1204 1567//1204 1568//1204
f 1568//1204 1567//1204 1569//1204
f 1568//1205 1569//1205 1570//1205
f 1570//1206 1569//1206 1571//1206
f 1570//1207 1571//1207 1572//1207
f 1572//1208 1571//1208 1573//1208
f 1572//1209 1573//1209 1574//1209
f 1574//1210 1573//1210 1575//1210
f 1574//1211 1575//1211 1576//1211
f 1576//1212 1575//1212 1577//1212
f 1576//1213 1577//1213 1578//1213
f 1578//1214 1577//1214 1579//1214
f 1578//1215 1579//1215 1580//1215
f 1580//1216 1579//1216 1581//1216
f 1580//1217 1581//1217 1582//1217
f 1582//1218 1581//1218 1583//1218
f 1582//1219 1583//1219 1584//1219
f 1584//1220 1583//1220 1585//1220
f 1584//1221 1585//1221 1586//1221
f 1586//1222 1585//1222 1587//1222
f 1586//1223 1587//1223 1588//1223
f 1588//1224 1587//1224 1589//1224
f 1588//1225 1589//1225 1590//1225
f 1590//1226 1589//1226 1591//1226
f 1590//1227 1591//1227 1592//1227
f 1592//1228 1591//1228 1593//1228
f 1592//1229 1593//1229 1594//1229
f 1594//1229 1593//1229 1595//1229
f 1594//1230 1595//1230 1596//1230
f 1596//1231 1595//1231 1597//1231
f 1596//1232 1597//1232 1598//1232
f 1598//1233 1597//1233 1599//1233
f 1598//1234 1599//1234 1600//1234
f 1600//1234 1599//1234 1601//1234
f 1600//1235 1601//1235 1602//1235
f 1602//1236 1601//1236 1603//1236
f 1602//1237 1603//1237 1604//1237
f 1604//1237 1603//1237 1605//1237
f 1604//1238 1605//1238 1606//1238
f 1606//1238 1605//1238 1607//1238
f 1606//1239 1607//1239 1608//1239
f 1608//1239 1607//1239 1609//1239
f 1608//1240 1609//1240 1610//1240
f 1610//1240 1609//1240 1611//1240
f 1610//1241 1611//1241 1612//1241
f 1612//1241 1611//1241 1613//1241
f 1612//1242 1613//1242 1614//1242
f 1614//1242 1613//1242 1615//1242
f 1614//1243 1615//1243 1616//1243
f 1616//1243 1615//1243 1617//1243
f 1616//1244 1617//1244 1618//1244
f 1618//1244 1617//1244 1619//1244
f 1618//1245 1619//1245 1620//1245
f 1620//1245 1619//1245 1621//1245
f 1620//1246 1621//1246 1622//1246
f 1622//1246 1621//1246 1623//1246
f 1622//1247 1623//1247 1624//1247
f 1624//1248 1623//1248 1625//1248
f 1624//1249 1625//1249 1626//1249
f 1626//1249 1625//1249 1627//1249
f 1626//1250 1627//1250 1628//1250
f 1628//1250 1627//1250 1629//1250
f 1628//1251 1629//1251 1630//1251
f 1630//1251 1629//1251 1631//1251
f 1630//1252 1631//1252 1632//1252
f 1632//1252 1631//1252 1633//1252
f 1632//1253 1633//1253 1634//1253
f 1634//1253 1633//1253 1635//1253
f 1634//1254 1635//1254 1636//1254
f 1636//1255 1635//1255 1637//1255
f 1636//1256 1637//1256 1638//1256
f 1638//1256 1637//1256 1639//1256
f 1638//1257 1639//1257 1640//1257
f 1640//1258 1639//1258 1641//1258
f 1640//1259 1641//1259 1642//1259
f 1642//1259 1641//1259 1643//1259
f 1642//1260 1643//1260 1644//1260
f 1644//1261 1643//1261 1645//1261
f 1644//1262 1645//1262 1646//1262
f 1646//1263 1645//1263 1647//1263
f 1646//1264 1647//1264 1648//1264
f 1648//1264 1647//1264 1649//1264
f 1650//1265 1651//1265 284//1265
f 348//1266 347//1266 1652//1266
f 1652//1267 347//1267 345//1267
f 1652//1268 345//1268 1653//1268
f 1653//1269 345//1269 344//1269
f 284//1270 300//1270 1650//1270
f 1650//1271 300//1271 337//1271
f 1650//1272 337//1272 1654//1272
f 1654//1273 337//1273 348//1273
f 1654//1274 348//1274 1655//1274
f 1655//1275 348//1275 1652//1275
f 1656//1276 1657//1276 335//1276
f 335//1277 1657//1277 336//1277
f 1656//1278 335//1278 1658//1278
f 1658//1279 335//1279 320//1279
f 1658//1280 320//1280 1659//1280
f 320//1281 319//1281 1659//1281
f 1659//1282 319//1282 318//1282
f 1659//1283 318//1283 1660//1283
f 1660//1284 318//1284 317//1284
f 1660//1285 317//1285 1661//1285
f 1661//1286 317//1286 1662//1286
f 336//1287 1657//1287 346//1287
f 346//1288 1657//1288 1663//1288
f 346//1289 1663//1289 344//1289
f 344//1290 1663//1290 1664//1290
f 344//1291 1664//1291 1653//1291
f 1665//1292 1666//1292 311//1292
f 311//1293 1666//1293 312//1293
f 312//1294 1666//1294 313//1294
f 313//1295 1666//1295 1667//1295
f 313//1296 1667//1296 314//1296
f 1668//1297 334//1297 1669//1297
f 1669//1298 334//1298 333//1298
f 1669//1299 333//1299 1670//1299
f 1665//1300 311//1300 1671//1300
f 1671//1301 311//1301 310//1301
f 1671//1302 310//1302 1668//1302
f 1668//1303 310//1303 309//1303
f 1668//1304 309//1304 334//1304
f 283//1305 1672//1305 301//1305
f 301//1306 1672//1306 1673//1306
f 301//1307 1673//1307 302//1307
f 302//1308 1673//1308 307//1308
f 307//1309 1673//1309 1674//1309
f 307//1310 1674//1310 1463//1310
f 1670//1311 333//1311 1675//1311
f 1675//1312 333//1312 304//1312
f 1675//1313 304//1313 1462//1313
f 1462//1314 304//1314 303//1314
f 1462//1315 303//1315 308//1315
f 1667//1316 1676//1316 314//1316
f 314//1317 1676//1317 1677//1317
f 314//1318 1677//1318 315//1318
f 315//1319 1677//1319 1662//1319
f 315//1320 1662//1320 316//1320
f 316//1321 1662//1321 317//1321
f 1672//1322 1522//1322 1673//1322
f 1673//1322 1522//1322 1524//1322
f 1673//1323 1524//1323 1674//1323
f 1674//1324 1524//1324 1526//1324
f 1674//1325 1526//1325 1463//1325
f 1463//1326 1526//1326 1528//1326
f 1463//1327 1528//1327 1462//1327
f 1462//1328 1528//1328 1530//1328
f 1462//1329 1530//1329 1675//1329
f 1675//1329 1530//1329 1532//1329
f 1675//1330 1532//1330 1670//1330
f 1670//1330 1532//1330 1534//1330
f 1670//1331 1534//1331 1669//1331
f 1669//1332 1534//1332 1536//1332
f 1669//1333 1536//1333 1668//1333
f 1668//1333 1536//1333 1538//1333
f 1668//1334 1538//1334 1671//1334
f 1671//1334 1538//1334 1540//1334
f 1671//1335 1540//1335 1665//1335
f 1665//1336 1540//1336 1542//1336
f 1665//1337 1542//1337 1666//1337
f 1666//1337 1542//1337 1544//1337
f 1666//1338 1544//1338 1667//1338
f 1667//1339 1544//1339 1546//1339
f 1667//1340 1546//1340 1676//1340
f 1676//1340 1546//1340 1548//1340
f 1676//1341 1548//1341 1677//1341
f 1677//1341 1548//1341 1550//1341
f 1677//1342 1550//1342 1662//1342
f 1662//1343 1550//1343 1552//1343
f 1662//1344 1552//1344 1661//1344
f 1661//1344 1552//1344 1554//1344
f 1661//1345 1554//1345 1660//1345
f 1660//1346 1554//1346 1556//1346
f 1660//1347 1556//1347 1659//1347
f 1659//1347 1556//1347 1558//1347
f 1659//1348 1558//1348 1658//1348
f 1658//1349 1558//1349 1560//1349
f 1658//1350 1560//1350 1656//1350
f 1656//1351 1560//1351 1562//1351
f 1656//1352 1562//1352 1657//1352
f 1657//1352 1562//1352 1564//1352
f 1657//1353 1564//1353 1663//1353
f 1663//1353 1564//1353 1566//1353
f 1663//1354 1566//1354 1664//1354
f 1664//1355 1566//1355 1568//1355
f 1664//1356 1568//1356 1653//1356
f 1653//1356 1568//1356 1570//1356
f 1653//1357 1570//1357 1652//1357
f 1652//1357 1570//1357 1572//1357
f 1652//1358 1572//1358 1655//1358
f 1655//1359 1572//1359 1574//1359
f 1655//1360 1574//1360 1654//1360
f 1654//1361 1574//1361 1576//1361
f 1654//1362 1576//1362 1650//1362
f 1650//1363 1576//1363 1578//1363
f 1650//1364 1578//1364 1651//1364
f 1651//1365 1578//1365 1580//1365
f 1651//1366 1580//1366 1678//1366
f 1678//1367 1580//1367 1582//1367
f 1678//1368 1582//1368 1518//1368
f 1518//1369 1582//1369 1584//1369
f 1518//1370 1584//1370 1517//1370
f 1517//1371 1584//1371 1586//1371
f 1517//1372 1586//1372 1516//1372
f 1516//1373 1586//1373 1588//1373
f 1516//1374 1588//1374 1515//1374
f 1515//1375 1588//1375 1590//1375
f 1515//1376 1590//1376 1514//1376
f 1514//1377 1590//1377 1592//1377
f 1514//1378 1592//1378 1512//1378
f 1512//1379 1592//1379 1594//1379
f 1512//1380 1594//1380 1513//1380
f 1513//1380 1594//1380 1596//1380
f 1513//1381 1596//1381 1519//1381
f 1519//1381 1596//1381 1598//1381
f 1519//1382 1598//1382 1520//1382
f 1520//1383 1598//1383 1600//1383
f 1520//1384 1600//1384 1509//1384
f 1509//1385 1600//1385 1602//1385
f 1509//1386 1602//1386 1510//1386
f 1510//1386 1602//1386 1604//1386
f 1510//1387 1604//1387 1511//1387
f 1511//1388 1604//1388 1606//1388
f 1511//1389 1606//1389 1465//1389
f 1465//1389 1606//1389 1608//1389
f 1465//1390 1608//1390 1464//1390
f 1464//1391 1608//1391 1610//1391
f 1464//1392 1610//1392 1521//1392
f 1521//1392 1610//1392 1612//1392
f 1521//1393 1612//1393 1505//1393
f 1505//1393 1612//1393 1614//1393
f 1505//1394 1614//1394 1504//1394
f 1504//1394 1614//1394 1616//1394
f 1504//1395 1616//1395 1503//1395
f 1503//1395 1616//1395 1618//1395
f 1503//1396 1618//1396 1506//1396
f 1506//1397 1618//1397 1620//1397
f 1506//1398 1620//1398 1500//1398
f 1500//1398 1620//1398 1622//1398
f 1500//1399 1622//1399 1501//1399
f 1501//1399 1622//1399 1624//1399
f 1501//1400 1624//1400 1502//1400
f 1502//1401 1624//1401 1626//1401
f 1502//1402 1626//1402 1507//1402
f 1507//1402 1626//1402 1628//1402
f 1507//1403 1628//1403 1508//1403
f 1508//1403 1628//1403 1630//1403
f 1508//1404 1630//1404 1499//1404
f 1499//1405 1630//1405 1632//1405
f 1499//1406 1632//1406 1498//1406
f 1498//1406 1632//1406 1634//1406
f 1498//1407 1634//1407 1497//1407
f 1497//1408 1634//1408 1636//1408
f 1497//1409 1636//1409 1496//1409
f 1496//1410 1636//1410 1638//1410
f 1496//1411 1638//1411 1495//1411
f 1495//1411 1638//1411 1640//1411
f 1495//1412 1640//1412 1493//1412
f 1493//1413 1640//1413 1642//1413
f 1493//1414 1642//1414 1494//1414
f 1494//1414 1642//1414 1644//1414
f 1494//1415 1644//1415 1679//1415
f 1679//1416 1644//1416 1646//1416
f 1679//1417 1646//1417 1680//1417
f 1680//1418 1646//1418 1648//1418
f 1681//1419 81//1419 1682//1419
f 1682//1420 81//1420 80//1420
f 1682//1421 80//1421 1683//1421
f 80//1422 78//1422 1683//1422
f 1683//1423 78//1423 76//1423
f 1683//1424 76//1424 1684//1424
f 1684//1425 76//1425 74//1425
f 1684//1426 74//1426 1685//1426
f 1685//1427 74//1427 72//1427
f 1685//1428 72//1428 1472//1428
f 1472//1429 72//1429 70//1429
f 1472//1430 70//1430 68//1430
f 1686//1431 97//1431 1687//1431
f 1687//1432 97//1432 96//1432
f 1687//1433 96//1433 1688//1433
f 1688//1434 96//1434 93//1434
f 1688//1435 93//1435 1689//1435
f 1689//1436 93//1436 91//1436
f 1689//1437 91//1437 1690//1437
f 1690//1438 91//1438 89//1438
f 1690//1439 89//1439 1691//1439
f 1691//1440 89//1440 87//1440
f 1691//1441 87//1441 1692//1441
f 1692//1442 87//1442 85//1442
f 1692//1443 85//1443 1681//1443
f 1681//1444 85//1444 83//1444
f 1681//1445 83//1445 81//1445
f 1693//1446 113//1446 1694//1446
f 1694//1447 113//1447 111//1447
f 1694//1448 111//1448 1695//1448
f 1695//1449 111//1449 109//1449
f 1695//1450 109//1450 1696//1450
f 1696//1451 109//1451 108//1451
f 1696//1452 108//1452 1697//1452
f 1697//1453 108//1453 105//1453
f 1697//1454 105//1454 1698//1454
f 1698//1455 105//1455 103//1455
f 1698//1456 103//1456 1699//1456
f 1699//1457 103//1457 101//1457
f 1699//1458 101//1458 1686//1458
f 1686//1459 101//1459 99//1459
f 1686//1460 99//1460 97//1460
f 1700//1461 125//1461 1701//1461
f 1701//1462 125//1462 124//1462
f 1701//1463 124//1463 1702//1463
f 1702//1464 124//1464 121//1464
f 1702//1465 121//1465 1703//1465
f 1703//1466 121//1466 119//1466
f 1703//1467 119//1467 1704//1467
f 1704//1468 119//1468 117//1468
f 1704//1469 117//1469 1693//1469
f 1693//1470 117//1470 115//1470
f 1693//1471 115//1471 113//1471
f 1705//1472 141//1472 1706//1472
f 1706//1473 141//1473 140//1473
f 1706//1474 140//1474 1707//1474
f 1707//1475 140//1475 137//1475
f 1707//1476 137//1476 1708//1476
f 1708//1477 137//1477 135//1477
f 1708//1478 135//1478 1709//1478
f 1709//1479 135//1479 133//1479
f 1709//1480 133//1480 1710//1480
f 1710//1481 133//1481 131//1481
f 1710//1482 131//1482 1711//1482
f 1711//1483 131//1483 129//1483
f 1711//1484 129//1484 1700//1484
f 1700//1485 129//1485 127//1485
f 1700//1486 127//1486 125//1486
f 1712//1487 1705//1487 1713//1487
f 1713//1488 1705//1488 1706//1488
f 1713//1489 1706//1489 1714//1489
f 1714//1490 1706//1490 1707//1490
f 1714//1491 1707//1491 1715//1491
f 1715//1491 1707//1491 1708//1491
f 1715//1492 1708//1492 1716//1492
f 1716//1493 1708//1493 1709//1493
f 1716//1494 1709//1494 1717//1494
f 1717//1495 1709//1495 1710//1495
f 1717//1496 1710//1496 1718//1496
f 1718//1497 1710//1497 1711//1497
f 1718//1498 1711//1498 1719//1498
f 1719//1498 1711//1498 1700//1498
f 1719//1499 1700//1499 1720//1499
f 1720//1500 1700//1500 1701//1500
f 1720//1501 1701//1501 1721//1501
f 1721//1501 1701//1501 1702//1501
f 1721//1502 1702//1502 1722//1502
f 1722//1502 1702//1502 1703//1502
f 1722//1503 1703//1503 1723//1503
f 1723//1503 1703//1503 1704//1503
f 1723//1504 1704//1504 1724//1504
f 1724//1505 1704//1505 1693//1505
f 1724//1506 1693//1506 1725//1506
f 1725//1506 1693//1506 1694//1506
f 1725//1507 1694//1507 1726//1507
f 1726//1508 1694//1508 1695//1508
f 1726//1509 1695//1509 1727//1509
f 1727//1510 1695//1510 1696//1510
f 1727//1511 1696//1511 1728//1511
f 1728//1512 1696//1512 1697//1512
f 1728//1513 1697//1513 1729//1513
f 1729//1514 1697//1514 1698//1514
f 1729//1515 1698//1515 1730//1515
f 1730//1516 1698//1516 1699//1516
f 1730//1517 1699//1517 1731//1517
f 1731//1518 1699//1518 1686//1518
f 1731//1519 1686//1519 1732//1519
f 1732//1519 1686//1519 1687//1519
f 1732//1520 1687//1520 1733//1520
f 1733//1520 1687//1520 1688//1520
f 1733//1521 1688//1521 1734//1521
f 1734//1522 1688//1522 1689//1522
f 1734//1523 1689//1523 1735//1523
f 1735//1523 1689//1523 1690//1523
f 1735//1524 1690//1524 1736//1524
f 1736//1525 1690//1525 1691//1525
f 1736//1526 1691//1526 1737//1526
f 1737//1527 1691//1527 1692//1527
f 1737//1528 1692//1528 1738//1528
f 1738//1528 1692//1528 1681//1528
f 1738//1529 1681//1529 1739//1529
f 1739//1529 1681//1529 1682//1529
f 1739//1530 1682//1530 1740//1530
f 1740//1531 1682//1531 1683//1531
f 1740//1532 1683//1532 1741//1532
f 1741//1533 1683//1533 1684//1533
f 1741//1534 1684//1534 1742//1534
f 1742//1535 1684//1535 1685//1535
f 1742//1536 1685//1536 1743//1536
f 1743//1537 1685//1537 1472//1537
f 1743//1538 1472//1538 1744//1538
f 1744//1539 1472//1539 1473//1539
f 1744//1540 1473//1540 1745//1540
f 1745//1541 1473//1541 1474//1541
f 1745//1542 1474//1542 1746//1542
f 1746//1543 1474//1543 1475//1543
f 1746//1544 1475//1544 1747//1544
f 1747//1545 1475//1545 1476//1545
f 1747//1546 1476//1546 1748//1546
f 1748//1546 1476//1546 1477//1546
f 1748//1547 1477//1547 1749//1547
f 1749//1547 1477//1547 1478//1547
f 1749//1548 1478//1548 1750//1548
f 1750//1549 1478//1549 1479//1549
f 1750//1550 1479//1550 1751//1550
f 1751//1551 1479//1551 1480//1551
f 1751//1552 1480//1552 1752//1552
f 1752//1552 1480//1552 1481//1552
f 1752//1553 1481//1553 1753//1553
f 1753//1553 1481//1553 1482//1553
f 1753//1554 1482//1554 1754//1554
f 1754//1554 1482//1554 1483//1554
f 1754//1555 1483//1555 1755//1555
f 1755//1555 1483//1555 1484//1555
f 1755//1556 1484//1556 1756//1556
f 1756//1557 1484//1557 1485//1557
f 1756//1558 1485//1558 1757//1558
f 1757//1558 1485//1558 1486//1558
f 1757//1559 1486//1559 1758//1559
f 1758//1560 1486//1560 1487//1560
f 1758//1561 1487//1561 1759//1561
f 1759//1562 1487//1562 1488//1562
f 1759//1563 1488//1563 1760//1563
f 1760//1564 1488//1564 1489//1564
f 1760//1565 1489//1565 1761//1565
f 1761//1566 1489//1566 1490//1566
f 1761//1567 1490//1567 1762//1567
f 1762//1568 1490//1568 1491//1568
f 1762//1569 1491//1569 1763//1569
f 1763//1570 1491//1570 1492//1570
f 1763//1571 1492//1571 1764//1571
f 1764//1571 1492//1571 1466//1571
f 1764//1572 1466//1572 1765//1572
f 1765//1572 1466//1572 1467//1572
f 1765//1573 1467//1573 1766//1573
f 1766//1574 1467//1574 1468//1574
f 1766//1575 1468//1575 1767//1575
f 1767//1576 1468//1576 1469//1576
f 1767//1577 1469//1577 1768//1577
f 1768//1578 1469//1578 1470//1578
f 1768//1579 1470//1579 1769//1579
f 1769//1580 1470//1580 1471//1580
f 1769//1581 1471//1581 1770//1581
f 1770//1582 1471//1582 1771//1582
f 1770//1583 1771//1583 1772//1583
f 1772//1583 1771//1583 1773//1583
f 1772//1584 1773//1584 1774//1584
f 1774//1584 1773//1584 1775//1584
f 1774//1585 1775//1585 1776//1585
f 1776//1586 1775//1586 1777//1586
f 1776//1587 1777//1587 1778//1587
f 1778//1588 1777//1588 1779//1588
f 1778//1589 1779//1589 1780//1589
f 1780//1589 1779//1589 1781//1589
f 1780//1590 1781//1590 1712//1590
f 1712//1590 1781//1590 1705//1590
f 12//1591 10//1591 1471//1591
f 1471//1592 10//1592 8//1592
f 1471//1593 8//1593 1771//1593
f 1771//1594 8//1594 6//1594
f 1771//1595 6//1595 1773//1595
f 1773//1596 6//1596 4//1596
f 1773//1597 4//1597 1775//1597
f 1775//1598 4//1598 2//1598
f 1775//1599 2//1599 1777//1599
f 1777//1600 2//1600 1//1600
f 1777//1601 1//1601 1779//1601
f 1779//1602 1//1602 147//1602
f 1779//1603 147//1603 1781//1603
f 1781//1604 147//1604 145//1604
f 1781//1605 145//1605 1705//1605
f 1705//1606 145//1606 143//1606
f 1705//1607 143//1607 141//1607
f 291//1608 290//1608 1518//1608
f 1518//1609 290//1609 287//1609
f 1518//1610 287//1610 1678//1610
f 1678//1611 287//1611 286//1611
f 1678//1612 286//1612 1651//1612
f 1651//1612 286//1612 285//1612
f 1651//1613 285//1613 284//1613
f 306//1614 1494//1614 288//1614
f 288//1615 1494//1615 1679//1615
f 288//1616 1679//1616 283//1616
f 283//1617 1679//1617 1680//1617
f 283//1618 1680//1618 1672//1618
f 1672//1619 1680//1619 1648//1619
f 1672//1619 1648//1619 1522//1619
f 1522//1620 1648//1620 1649//1620
f 1522//1621 1649//1621 1523//1621
f 1647//1622 1712//1622 1649//1622
f 1649//1622 1712//1622 1713//1622
f 1649//1623 1713//1623 1523//1623
f 1523//1623 1713//1623 1714//1623
f 1523//1624 1714//1624 1525//1624
f 1525//1625 1714//1625 1715//1625
f 1525//1626 1715//1626 1527//1626
f 1527//1627 1715//1627 1716//1627
f 1527//1628 1716//1628 1529//1628
f 1529//1629 1716//1629 1717//1629
f 1529//1630 1717//1630 1531//1630
f 1531//1630 1717//1630 1718//1630
f 1531//1631 1718//1631 1533//1631
f 1533//1632 1718//1632 1719//1632
f 1533//1633 1719//1633 1535//1633
f 1535//1634 1719//1634 1720//1634
f 1535//1635 1720//1635 1537//1635
f 1537//1635 1720//1635 1721//1635
f 1537//1636 1721//1636 1539//1636
f 1539//1637 1721//1637 1722//1637
f 1539//1638 1722//1638 1541//1638
f 1541//1638 1722//1638 1723//1638
f 1541//1639 1723//1639 1543//1639
f 1543//1639 1723//1639 1724//1639
f 1543//1640 1724//1640 1545//1640
f 1545//1640 1724//1640 1725//1640
f 1545//1641 1725//1641 1547//1641
f 1547//1641 1725//1641 1726//1641
f 1547//1642 1726//1642 1549//1642
f 1549//1643 1726//1643 1727//1643
f 1549//1644 1727//1644 1551//1644
f 1551//1645 1727//1645 1728//1645
f 1551//1646 1728//1646 1553//1646
f 1553//1646 1728//1646 1729//1646
f 1553//1647 1729//1647 1555//1647
f 1555//1647 1729//1647 1730//1647
f 1555//1648 1730//1648 1557//1648
f 1557//1649 1730//1649 1731//1649
f 1557//1650 1731//1650 1559//1650
f 1559//1650 1731//1650 1732//1650
f 1559//1651 1732//1651 1561//1651
f 1561//1651 1732//1651 1733//1651
f 1561//1652 1733//1652 1563//1652
f 1563//1653 1733//1653 1734//1653
f 1563//1654 1734//1654 1565//1654
f 1565//1655 1734//1655 1735//1655
f 1565//1656 1735//1656 1567//1656
f 1567//1656 1735//1656 1736//1656
f 1567//1657 1736//1657 1569//1657
f 1569//1658 1736//1658 1737//1658
f 1569//1659 1737//1659 1571//1659
f 1571//1660 1737//1660 1738//1660
f 1571//1661 1738//1661 1573//1661
f 1573//1662 1738//1662 1739//1662
f 1573//1663 1739//1663 1575//1663
f 1575//1663 1739//1663 1740//1663
f 1575//1664 1740//1664 1577//1664
f 1577//1664 1740//1664 1741//1664
f 1577//1665 1741//1665 1579//1665
f 1579//1665 1741//1665 1742//1665
f 1579//1666 1742//1666 1581//1666
f 1581//1667 1742//1667 1743//1667
f 1581//1668 1743//1668 1583//1668
f 1583//1669 1743//1669 1744//1669
f 1583//1670 1744//1670 1585//1670
f 1585//1670 1744//1670 1745//1670
f 1585//1671 1745//1671 1587//1671
f 1587//1672 1745//1672 1746//1672
f 1587//1673 1746//1673 1589//1673
f 1589//1673 1746//1673 1747//1673
f 1589//1674 1747//1674 1591//1674
f 1591//1674 1747//1674 1748//1674
f 1591//1675 1748//1675 1593//1675
f 1593//1676 1748//1676 1749//1676
f 1593//1677 1749//1677 1595//1677
f 1595//1678 1749//1678 1750//1678
f 1595//1679 1750//1679 1597//1679
f 1597//1679 1750//1679 1751//1679
f 1597//1680 1751//1680 1599//1680
f 1599//1681 1751//1681 1752//1681
f 1599//1682 1752//1682 1601//1682
f 1601//1682 1752//1682 1753//1682
f 1601//1683 1753//1683 1603//1683
f 1603//1683 1753//1683 1754//1683
f 1603//1684 1754//1684 1605//1684
f 1605//1684 1754//1684 1755//1684
f 1605//1685 1755//1685 1607//1685
f 1607//1685 1755//1685 1756//1685
f 1607//1686 1756//1686 1609//1686
f 1609//1686 1756//1686 1757//1686
f 1609//1687 1757//1687 1611//1687
f 1611//1687 1757//1687 1758//1687
f 1611//1688 1758//1688 1613//1688
f 1613//1689 1758//1689 1759//1689
f 1613//1690 1759//1690 1615//1690
f 1615//1691 1759//1691 1760//1691
f 1615//1692 1760//1692 1617//1692
f 1617//1692 1760//1692 1761//1692
f 1617//1693 1761//1693 1619//1693
f 1619//1693 1761//1693 1762//1693
f 1619//1694 1762//1694 1621//1694
f 1621//1695 1762//1695 1763//1695
f 1621//1696 1763//1696 1623//1696
f 1623//1696 1763//1696 1764//1696
f 1623//1697 1764//1697 1625//1697
f 1625//1698 1764//1698 1765//1698
f 1625//1699 1765//1699 1627//1699
f 1627//1699 1765//1699 1766//1699
f 1627//1700 1766//1700 1629//1700
f 1629//1701 1766//1701 1767//1701
f 1629//1702 1767//1702 1631//1702
f 1631//1703 1767//1703 1768//1703
f 1631//1704 1768//1704 1633//1704
f 1633//1704 1768//1704 1769//1704
f 1633//1705 1769//1705 1635//1705
f 1635//1706 1769//1706 1770//1706
f 1635//1707 1770//1707 1637//1707
f 1637//1708 1770//1708 1772//1708
f 1637//1709 1772//1709 1639//1709
f 1639//1709 1772//1709 1774//1709
f 1639//1710 1774//1710 1641//1710
f 1641//1711 1774//1711 1776//1711
f 1641//1712 1776//1712 1643//1712
f 1643//1712 1776//1712 1778//1712
f 1643//1713 1778//1713 1645//1713
f 1645//1714 1778//1714 1780//1714
f 1645//1715 1780//1715 1647//1715
f 1647//1716 1780//1716 1712//1716
f 181//1717 1782//1717 1783//1717
f 243//1718 1784//1718 1785//1718
f 196//1719 1786//1719 1787//1719
f 1788//1720 1789//1720 211//1720
f 211//1721 1789//1721 1790//1721
f 211//1722 1790//1722 212//1722
f 212//1723 1790//1723 1791//1723
f 212//1724 1791//1724 214//1724
f 211//1725 152//1725 1788//1725
f 1788//1726 152//1726 174//1726
f 1788//1727 174//1727 1792//1727
f 1792//1728 174//1728 158//1728
f 217//1729 1793//1729 233//1729
f 233//1730 1793//1730 1794//1730
f 233//1731 1794//1731 231//1731
f 231//1732 1794//1732 229//1732
f 229//1733 1794//1733 1795//1733
f 229//1734 1795//1734 227//1734
f 227//1735 1795//1735 1796//1735
f 227//1736 1796//1736 1797//1736
f 214//1737 1791//1737 216//1737
f 216//1738 1791//1738 1798//1738
f 216//1739 1798//1739 217//1739
f 217//1740 1798//1740 1799//1740
f 217//1741 1799//1741 1793//1741
f 204//1742 206//1742 1800//1742
f 1800//1743 206//1743 208//1743
f 1800//1744 208//1744 1801//1744
f 1801//1745 208//1745 210//1745
f 1801//1746 210//1746 1802//1746
f 1786//1747 196//1747 1803//1747
f 1803//1748 196//1748 198//1748
f 1803//1749 198//1749 1804//1749
f 1800//1750 1805//1750 204//1750
f 204//1751 1805//1751 1806//1751
f 204//1752 1806//1752 202//1752
f 202//1753 1806//1753 1804//1753
f 202//1754 1804//1754 200//1754
f 200//1755 1804//1755 198//1755
f 1807//1756 1808//1756 184//1756
f 184//1757 1808//1757 1809//1757
f 184//1758 1809//1758 165//1758
f 165//1759 1809//1759 1810//1759
f 184//1760 186//1760 1807//1760
f 1807//1761 186//1761 188//1761
f 1807//1762 188//1762 1811//1762
f 1811//1763 188//1763 190//1763
f 1811//1764 190//1764 1812//1764
f 1812//1765 190//1765 1813//1765
f 1813//1766 190//1766 192//1766
f 1813//1767 192//1767 1787//1767
f 1787//1768 192//1768 194//1768
f 1787//1769 194//1769 196//1769
f 1802//1770 210//1770 1814//1770
f 1814//1771 210//1771 223//1771
f 1814//1772 223//1772 1797//1772
f 1797//1773 223//1773 225//1773
f 1797//1774 225//1774 227//1774
f 1815//1775 153//1775 1810//1775
f 1810//1776 153//1776 163//1776
f 1810//1777 163//1777 165//1777
f 1816//1778 15//1778 1817//1778
f 1817//1779 15//1779 17//1779
f 1817//1780 17//1780 1818//1780
f 1818//1781 17//1781 18//1781
f 1818//1782 18//1782 1819//1782
f 1819//1783 18//1783 21//1783
f 1819//1784 21//1784 1820//1784
f 1820//1785 21//1785 23//1785
f 1820//1786 23//1786 1821//1786
f 1822//1787 148//1787 1823//1787
f 1823//1788 148//1788 149//1788
f 1823//1789 149//1789 1824//1789
f 1824//1790 149//1790 3//1790
f 1824//1791 3//1791 1825//1791
f 1825//1792 3//1792 5//1792
f 1825//1793 5//1793 1826//1793
f 1826//1794 5//1794 7//1794
f 1826//1795 7//1795 1827//1795
f 1827//1796 7//1796 9//1796
f 1827//1797 9//1797 1828//1797
f 1828//1798 9//1798 11//1798
f 1828//1799 11//1799 1816//1799
f 1816//1800 11//1800 13//1800
f 1816//1801 13//1801 15//1801
f 1829//1802 43//1802 1830//1802
f 1830//1803 43//1803 45//1803
f 1830//1804 45//1804 1831//1804
f 1831//1805 45//1805 46//1805
f 1831//1806 46//1806 1832//1806
f 1832//1807 46//1807 49//1807
f 1832//1808 49//1808 1833//1808
f 1833//1809 49//1809 51//1809
f 1833//1810 51//1810 1834//1810
f 1834//1811 51//1811 53//1811
f 1834//1812 53//1812 1835//1812
f 1835//1813 53//1813 55//1813
f 1835//1814 55//1814 1836//1814
f 23//1815 25//1815 1821//1815
f 1821//1816 25//1816 27//1816
f 1821//1817 27//1817 1837//1817
f 1837//1818 27//1818 29//1818
f 1837//1819 29//1819 1838//1819
f 1838//1820 29//1820 31//1820
f 1838//1821 31//1821 1839//1821
f 1839//1822 31//1822 33//1822
f 1839//1823 33//1823 1840//1823
f 1840//1824 33//1824 34//1824
f 1840//1825 34//1825 1841//1825
f 1841//1826 34//1826 37//1826
f 1841//1827 37//1827 1842//1827
f 1842//1828 37//1828 39//1828
f 1842//1829 39//1829 1829//1829
f 1829//1830 39//1830 41//1830
f 1829//1831 41//1831 43//1831
f 1843//1832 1844//1832 1845//1832
f 1845//1832 1844//1832 1846//1832
f 1845//1833 1846//1833 1847//1833
f 1847//1834 1846//1834 1848//1834
f 1847//1835 1848//1835 1849//1835
f 1849//1835 1848//1835 1850//1835
f 1849//1836 1850//1836 1851//1836
f 1851//1836 1850//1836 1852//1836
f 1851//1837 1852//1837 1853//1837
f 1853//1838 1852//1838 1854//1838
f 1853//1839 1854//1839 1855//1839
f 1855//1840 1854//1840 1856//1840
f 1855//1841 1856//1841 1857//1841
f 1857//1841 1856//1841 1858//1841
f 1857//1842 1858//1842 1859//1842
f 1859//1842 1858//1842 1860//1842
f 1859//1843 1860//1843 1861//1843
f 1861//1843 1860//1843 1862//1843
f 1861//1844 1862//1844 1863//1844
f 1863//1845 1862//1845 1864//1845
f 1863//1846 1864//1846 1865//1846
f 1865//1846 1864//1846 1866//1846
f 1865//1847 1866//1847 1867//1847
f 1867//1847 1866//1847 1868//1847
f 1867//1848 1868//1848 1869//1848
f 1869//1848 1868//1848 1870//1848
f 1869//1849 1870//1849 1871//1849
f 1871//1849 1870//1849 1872//1849
f 1871//1850 1872//1850 1873//1850
f 1873//1850 1872//1850 1874//1850
f 1873//1851 1874//1851 1875//1851
f 1875//1851 1874//1851 1876//1851
f 1875//1852 1876//1852 1877//1852
f 1877//1852 1876//1852 1878//1852
f 1877//1853 1878//1853 1879//1853
f 1879//1853 1878//1853 1880//1853
f 1879//1854 1880//1854 1881//1854
f 1881//1854 1880//1854 1882//1854
f 1881//1855 1882//1855 1883//1855
f 1883//1855 1882//1855 1884//1855
f 1883//1856 1884//1856 1885//1856
f 1885//1856 1884//1856 1886//1856
f 1885//1857 1886//1857 1887//1857
f 1887//1857 1886//1857 1888//1857
f 1887//1858 1888//1858 1889//1858
f 1889//1859 1888//1859 1890//1859
f 1889//1860 1890//1860 1891//1860
f 1891//1860 1890//1860 1892//1860
f 1891//1861 1892//1861 1893//1861
f 1893//1862 1892//1862 1894//1862
f 1893//1863 1894//1863 1895//1863
f 1895//1864 1894//1864 1896//1864
f 1895//1865 1896//1865 1897//1865
f 1897//1865 1896//1865 1898//1865
f 1897//1866 1898//1866 1899//1866
f 1899//1866 1898//1866 1900//1866
f 1899//1867 1900//1867 1901//1867
f 1901//1868 1900//1868 1902//1868
f 1901//1869 1902//1869 1903//1869
f 1903//1869 1902//1869 1904//1869
f 1903//1870 1904//1870 1905//1870
f 1905//1871 1904//1871 1906//1871
f 1905//1872 1906//1872 1907//1872
f 1907//1873 1906//1873 1908//1873
f 1907//1874 1908//1874 1909//1874
f 1909//1874 1908//1874 1910//1874
f 1909//1875 1910//1875 1911//1875
f 1911//1876 1910//1876 1912//1876
f 1911//1877 1912//1877 1913//1877
f 1913//1877 1912//1877 1914//1877
f 1913//1878 1914//1878 1915//1878
f 1915//1879 1914//1879 1916//1879
f 1915//1880 1916//1880 1917//1880
f 1917//1881 1916//1881 1918//1881
f 1917//1882 1918//1882 1919//1882
f 1919//1883 1918//1883 1920//1883
f 1919//1884 1920//1884 1921//1884
f 1921//1884 1920//1884 1922//1884
f 1921//1885 1922//1885 1923//1885
f 1923//1886 1922//1886 1924//1886
f 1923//1887 1924//1887 1925//1887
f 1925//1888 1924//1888 1926//1888
f 1925//1889 1926//1889 1927//1889
f 1927//1889 1926//1889 1928//1889
f 1927//1890 1928//1890 1929//1890
f 1929//1890 1928//1890 1930//1890
f 1929//1891 1930//1891 1931//1891
f 1931//1891 1930//1891 1932//1891
f 1931//1892 1932//1892 1933//1892
f 1933//1892 1932//1892 1934//1892
f 1933//1893 1934//1893 1935//1893
f 1935//1893 1934//1893 1936//1893
f 1935//1894 1936//1894 1937//1894
f 1937//1894 1936//1894 1938//1894
f 1937//1895 1938//1895 1939//1895
f 1939//1895 1938//1895 1940//1895
f 1939//1896 1940//1896 1941//1896
f 1941//1896 1940//1896 1942//1896
f 1941//1897 1942//1897 1943//1897
f 1943//1897 1942//1897 1944//1897
f 1943//1898 1944//1898 1945//1898
f 1945//1898 1944//1898 1946//1898
f 1945//1899 1946//1899 1947//1899
f 1947//1899 1946//1899 1948//1899
f 1947//1900 1948//1900 1949//1900
f 1949//1901 1948//1901 1950//1901
f 1949//1902 1950//1902 1951//1902
f 1951//1902 1950//1902 1952//1902
f 1951//1903 1952//1903 1953//1903
f 1953//1903 1952//1903 1954//1903
f 1953//1904 1954//1904 1955//1904
f 1955//1904 1954//1904 1956//1904
f 1955//1905 1956//1905 1957//1905
f 1957//1906 1956//1906 1958//1906
f 1957//1907 1958//1907 1959//1907
f 1959//1908 1958//1908 1960//1908
f 1959//1909 1960//1909 1961//1909
f 1961//1909 1960//1909 1962//1909
f 1961//1910 1962//1910 1963//1910
f 1963//1911 1962//1911 1964//1911
f 1963//1912 1964//1912 1965//1912
f 1965//1913 1964//1913 1966//1913
f 1965//1914 1966//1914 1967//1914
f 1967//1914 1966//1914 1968//1914
f 1967//1915 1968//1915 1969//1915
f 1969//1916 1968//1916 1970//1916
f 1969//1917 1970//1917 1843//1917
f 1843//1918 1970//1918 1844//1918
f 1971//1919 71//1919 1972//1919
f 1972//1920 71//1920 73//1920
f 1972//1921 73//1921 1973//1921
f 1973//1922 73//1922 75//1922
f 1973//1923 75//1923 1974//1923
f 1974//1924 75//1924 77//1924
f 1974//1925 77//1925 1975//1925
f 1975//1926 77//1926 79//1926
f 1975//1927 79//1927 1976//1927
f 1976//1928 79//1928 82//1928
f 1976//1929 82//1929 1977//1929
f 1977//1930 82//1930 84//1930
f 1977//1931 84//1931 1978//1931
f 84//1932 86//1932 1978//1932
f 1978//1933 86//1933 88//1933
f 1978//1934 88//1934 1979//1934
f 1979//1935 88//1935 90//1935
f 1979//1936 90//1936 1980//1936
f 1980//1937 90//1937 92//1937
f 1980//1938 92//1938 1981//1938
f 1981//1939 92//1939 94//1939
f 1981//1940 94//1940 1982//1940
f 1982//1941 94//1941 95//1941
f 1982//1942 95//1942 1983//1942
f 1983//1943 95//1943 98//1943
f 1983//1944 98//1944 1984//1944
f 1984//1945 98//1945 100//1945
f 1984//1946 100//1946 1985//1946
f 1986//1947 120//1947 1987//1947
f 1987//1948 120//1948 122//1948
f 1987//1949 122//1949 1988//1949
f 1988//1950 122//1950 123//1950
f 1988//1951 123//1951 1989//1951
f 1989//1952 123//1952 126//1952
f 1989//1953 126//1953 1990//1953
f 1990//1954 126//1954 128//1954
f 1990//1955 128//1955 1991//1955
f 100//1956 102//1956 1985//1956
f 1985//1957 102//1957 104//1957
f 1985//1958 104//1958 1992//1958
f 1992//1959 104//1959 106//1959
f 1992//1960 106//1960 1993//1960
f 1993//1961 106//1961 107//1961
f 1993//1962 107//1962 1994//1962
f 1994//1963 107//1963 110//1963
f 1994//1964 110//1964 1995//1964
f 1995//1965 110//1965 112//1965
f 1995//1966 112//1966 1996//1966
f 1996//1967 112//1967 114//1967
f 1996//1968 114//1968 1997//1968
f 1997//1969 114//1969 116//1969
f 1997//1970 116//1970 1986//1970
f 1986//1971 116//1971 118//1971
f 1986//1972 118//1972 120//1972
f 1998//1973 1843//1973 1999//1973
f 1999//1974 1843//1974 1845//1974
f 1999//1975 1845//1975 2000//1975
f 2000//1976 1845//1976 1847//1976
f 2000//1977 1847//1977 2001//1977
f 2001//1977 1847//1977 1849//1977
f 2001//1978 1849//1978 2002//1978
f 2002//1978 1849//1978 1851//1978
f 2002//1979 1851//1979 1991//1979
f 1991//1980 1851//1980 1853//1980
f 1991//1981 1853//1981 1990//1981
f 1990//1982 1853//1982 1855//1982
f 1990//1983 1855//1983 1989//1983
f 1989//1984 1855//1984 1857//1984
f 1989//1985 1857//1985 1988//1985
f 1988//1986 1857//1986 1859//1986
f 1988//1987 1859//1987 1987//1987
f 1987//1987 1859//1987 1861//1987
f 1987//1988 1861//1988 1986//1988
f 1986//1988 1861//1988 1863//1988
f 1986//1989 1863//1989 1997//1989
f 1997//1989 1863//1989 1865//1989
f 1997//1990 1865//1990 1996//1990
f 1996//1991 1865//1991 1867//1991
f 1996//1992 1867//1992 1995//1992
f 1995//1993 1867//1993 1869//1993
f 1995//1994 1869//1994 1994//1994
f 1994//1995 1869//1995 1871//1995
f 1994//1996 1871//1996 1993//1996
f 1993//1997 1871//1997 1873//1997
f 1993//1998 1873//1998 1992//1998
f 1992//1999 1873//1999 1875//1999
f 1992//2000 1875//2000 1985//2000
f 1985//2001 1875//2001 1877//2001
f 1985//2002 1877//2002 1984//2002
f 1984//2003 1877//2003 1879//2003
f 1984//2004 1879//2004 1983//2004
f 1983//2005 1879//2005 1881//2005
f 1983//2006 1881//2006 1982//2006
f 1982//2006 1881//2006 1883//2006
f 1982//2007 1883//2007 1981//2007
f 1981//2007 1883//2007 1885//2007
f 1981//2008 1885//2008 1980//2008
f 1980//2008 1885//2008 1887//2008
f 1980//2009 1887//2009 1979//2009
f 1979//2009 1887//2009 1889//2009
f 1979//2010 1889//2010 1978//2010
f 1978//2011 1889//2011 1891//2011
f 1978//2012 1891//2012 1977//2012
f 1977//2013 1891//2013 1893//2013
f 1977//2014 1893//2014 1976//2014
f 1976//2014 1893//2014 1895//2014
f 1976//2015 1895//2015 1975//2015
f 1975//2015 1895//2015 1897//2015
f 1975//2016 1897//2016 1974//2016
f 1974//2017 1897//2017 1899//2017
f 1974//2018 1899//2018 1973//2018
f 1973//2019 1899//2019 1901//2019
f 1973//2020 1901//2020 1972//2020
f 1972//2021 1901//2021 1903//2021
f 1972//2022 1903//2022 1971//2022
f 1971//2023 1903//2023 1905//2023
f 1971//2024 1905//2024 2003//2024
f 2003//2025 1905//2025 1907//2025
f 2003//2026 1907//2026 2004//2026
f 2004//2027 1907//2027 1909//2027
f 2004//2028 1909//2028 2005//2028
f 2005//2029 1909//2029 1911//2029
f 2005//2030 1911//2030 2006//2030
f 2006//2031 1911//2031 1913//2031
f 2006//2032 1913//2032 1836//2032
f 1836//2032 1913//2032 1915//2032
f 1836//2033 1915//2033 1835//2033
f 1835//2033 1915//2033 1917//2033
f 1835//2034 1917//2034 1834//2034
f 1834//2035 1917//2035 1919//2035
f 1834//2036 1919//2036 1833//2036
f 1833//2037 1919//2037 1921//2037
f 1833//2038 1921//2038 1832//2038
f 1832//2038 1921//2038 1923//2038
f 1832//2039 1923//2039 1831//2039
f 1831//2040 1923//2040 1925//2040
f 1831//2041 1925//2041 1830//2041
f 1830//2041 1925//2041 1927//2041
f 1830//2042 1927//2042 1829//2042
f 1829//2042 1927//2042 1929//2042
f 1829//2043 1929//2043 1842//2043
f 1842//2044 1929//2044 1931//2044
f 1842//2045 1931//2045 1841//2045
f 1841//2046 1931//2046 1933//2046
f 1841//2047 1933//2047 1840//2047
f 1840//2048 1933//2048 1935//2048
f 1840//2049 1935//2049 1839//2049
f 1839//2050 1935//2050 1937//2050
f 1839//2051 1937//2051 1838//2051
f 1838//2052 1937//2052 1939//2052
f 1838//2053 1939//2053 1837//2053
f 1837//2054 1939//2054 1941//2054
f 1837//2055 1941//2055 1821//2055
f 1821//2056 1941//2056 1943//2056
f 1821//2057 1943//2057 1820//2057
f 1820//2058 1943//2058 1945//2058
f 1820//2059 1945//2059 1819//2059
f 1819//2059 1945//2059 1947//2059
f 1819//2060 1947//2060 1818//2060
f 1818//2060 1947//2060 1949//2060
f 1818//2061 1949//2061 1817//2061
f 1817//2061 1949//2061 1951//2061
f 1817//2062 1951//2062 1816//2062
f 1816//2063 1951//2063 1953//2063
f 1816//2064 1953//2064 1828//2064
f 1828//2064 1953//2064 1955//2064
f 1828//2065 1955//2065 1827//2065
f 1827//2066 1955//2066 1957//2066
f 1827//2067 1957//2067 1826//2067
f 1826//2068 1957//2068 1959//2068
f 1826//2069 1959//2069 1825//2069
f 1825//2070 1959//2070 1961//2070
f 1825//2071 1961//2071 1824//2071
f 1824//2071 1961//2071 1963//2071
f 1824//2072 1963//2072 1823//2072
f 1823//2073 1963//2073 1965//2073
f 1823//2074 1965//2074 1822//2074
f 1822//2075 1965//2075 1967//2075
f 1822//2076 1967//2076 2007//2076
f 2007//2076 1967//2076 1969//2076
f 2007//2077 1969//2077 1998//2077
f 1998//2077 1969//2077 1843//2077
f 2008//2078 169//2078 2009//2078
f 2009//2079 169//2079 161//2079
f 2009//2080 161//2080 1815//2080
f 1815//2080 161//2080 154//2080
f 1815//2081 154//2081 153//2081
f 1784//2082 243//2082 2010//2082
f 2010//2083 243//2083 241//2083
f 2010//2084 241//2084 2011//2084
f 241//2085 239//2085 2011//2085
f 2011//2086 239//2086 237//2086
f 2011//2087 237//2087 2012//2087
f 2012//2088 237//2088 236//2088
f 2012//2089 236//2089 2013//2089
f 2013//2090 236//2090 172//2090
f 2013//2091 172//2091 2008//2091
f 2008//2092 172//2092 170//2092
f 2008//2093 170//2093 169//2093
f 2014//2094 2015//2094 255//2094
f 255//2095 2015//2095 2016//2095
f 255//2096 2016//2096 257//2096
f 257//2097 2016//2097 2017//2097
f 257//2098 2017//2098 259//2098
f 255//2099 253//2099 2014//2099
f 2014//2100 253//2100 251//2100
f 2014//2101 251//2101 2018//2101
f 2018//2102 251//2102 249//2102
f 2018//2103 249//2103 2019//2103
f 2019//2104 249//2104 2020//2104
f 2020//2105 249//2105 247//2105
f 2020//2106 247//2106 1785//2106
f 1785//2107 247//2107 245//2107
f 1785//2108 245//2108 243//2108
f 263//2109 2021//2109 265//2109
f 265//2110 2021//2110 2022//2110
f 265//2111 2022//2111 267//2111
f 259//2112 2017//2112 261//2112
f 261//2113 2017//2113 2023//2113
f 261//2114 2023//2114 263//2114
f 263//2115 2023//2115 2024//2115
f 263//2116 2024//2116 2021//2116
f 267//2117 2022//2117 269//2117
f 269//2118 2022//2118 2025//2118
f 269//2119 2025//2119 271//2119
f 271//2120 2025//2120 2026//2120
f 271//2121 2026//2121 2027//2121
f 282//2122 281//2122 2028//2122
f 2028//2123 281//2123 279//2123
f 2028//2124 279//2124 2029//2124
f 2029//2125 279//2125 277//2125
f 2029//2126 277//2126 2030//2126
f 1782//2127 181//2127 2031//2127
f 2031//2128 181//2128 180//2128
f 2031//2129 180//2129 2032//2129
f 2028//2130 2033//2130 282//2130
f 282//2131 2033//2131 2034//2131
f 282//2132 2034//2132 166//2132
f 166//2133 2034//2133 2032//2133
f 166//2134 2032//2134 178//2134
f 178//2135 2032//2135 180//2135
f 2030//2136 277//2136 2035//2136
f 2035//2137 277//2137 275//2137
f 2035//2138 275//2138 2027//2138
f 2027//2139 275//2139 273//2139
f 2027//2140 273//2140 271//2140
f 2036//2141 2037//2141 2038//2141
f 2038//2141 2037//2141 2039//2141
f 2038//2142 2039//2142 2040//2142
f 2040//2143 2039//2143 1783//2143
f 2040//2144 1783//2144 2041//2144
f 2041//2144 1783//2144 1782//2144
f 2041//2145 1782//2145 2042//2145
f 2042//2145 1782//2145 2031//2145
f 2042//2146 2031//2146 2043//2146
f 2043//2146 2031//2146 2032//2146
f 2043//2147 2032//2147 2044//2147
f 2044//2148 2032//2148 2034//2148
f 2044//2149 2034//2149 2045//2149
f 2045//2149 2034//2149 2033//2149
f 2045//2150 2033//2150 2046//2150
f 2046//2151 2033//2151 2028//2151
f 2046//2152 2028//2152 2047//2152
f 2047//2153 2028//2153 2029//2153
f 2047//2154 2029//2154 2048//2154
f 2048//2154 2029//2154 2030//2154
f 2048//2155 2030//2155 2049//2155
f 2049//2156 2030//2156 2035//2156
f 2049//2157 2035//2157 2050//2157
f 2050//2158 2035//2158 2027//2158
f 2050//2159 2027//2159 2051//2159
f 2051//2160 2027//2160 2026//2160
f 2051//2161 2026//2161 2052//2161
f 2052//2162 2026//2162 2025//2162
f 2052//2163 2025//2163 2053//2163
f 2053//2163 2025//2163 2022//2163
f 2053//2164 2022//2164 2054//2164
f 2054//2164 2022//2164 2021//2164
f 2054//2165 2021//2165 2055//2165
f 2055//2165 2021//2165 2024//2165
f 2055//2166 2024//2166 2056//2166
f 2056//2167 2024//2167 2023//2167
f 2056//2168 2023//2168 2057//2168
f 2057//2169 2023//2169 2017//2169
f 2057//2170 2017//2170 2058//2170
f 2058//2170 2017//2170 2016//2170
f 2058//2171 2016//2171 2059//2171
f 2059//2171 2016//2171 2015//2171
f 2059//2172 2015//2172 2060//2172
f 2060//2172 2015//2172 2014//2172
f 2060//2173 2014//2173 2061//2173
f 2061//2174 2014//2174 2018//2174
f 2061//2175 2018//2175 2062//2175
f 2062//2175 2018//2175 2019//2175
f 2062//2176 2019//2176 2063//2176
f 2063//2177 2019//2177 2020//2177
f 2063//2178 2020//2178 2064//2178
f 2064//2179 2020//2179 1785//2179
f 2064//2180 1785//2180 2065//2180
f 2065//2180 1785//2180 1784//2180
f 2065//2181 1784//2181 2066//2181
f 2066//2182 1784//2182 2010//2182
f 2066//2183 2010//2183 2067//2183
f 2067//2183 2010//2183 2011//2183
f 2067//2184 2011//2184 2068//2184
f 2068//2185 2011//2185 2012//2185
f 2068//2186 2012//2186 2069//2186
f 2069//2187 2012//2187 2013//2187
f 2069//2188 2013//2188 2070//2188
f 2070//2189 2013//2189 2008//2189
f 2070//2190 2008//2190 2071//2190
f 2071//2191 2008//2191 2009//2191
f 2071//2192 2009//2192 2072//2192
f 2072//2193 2009//2193 1815//2193
f 2072//2194 1815//2194 2073//2194
f 2073//2195 1815//2195 1810//2195
f 2073//2196 1810//2196 2074//2196
f 2074//2197 1810//2197 1809//2197
f 2074//2198 1809//2198 2075//2198
f 2075//2199 1809//2199 1808//2199
f 2075//2200 1808//2200 2076//2200
f 2076//2200 1808//2200 1807//2200
f 2076//2201 1807//2201 2077//2201
f 2077//2202 1807//2202 1811//2202
f 2077//2203 1811//2203 2078//2203
f 2078//2203 1811//2203 1812//2203
f 2078//2204 1812//2204 2079//2204
f 2079//2205 1812//2205 1813//2205
f 2079//2206 1813//2206 2080//2206
f 2080//2206 1813//2206 1787//2206
f 2080//2207 1787//2207 2081//2207
f 2081//2208 1787//2208 1786//2208
f 2081//2209 1786//2209 2082//2209
f 2082//2210 1786//2210 1803//2210
f 2082//2211 1803//2211 2083//2211
f 2083//2211 1803//2211 1804//2211
f 2083//2212 1804//2212 2084//2212
f 2084//2212 1804//2212 1806//2212
f 2084//2213 1806//2213 2085//2213
f 2085//2213 1806//2213 1805//2213
f 2085//2214 1805//2214 2086//2214
f 2086//2214 1805//2214 1800//2214
f 2086//2215 1800//2215 2087//2215
f 2087//2215 1800//2215 1801//2215
f 2087//2216 1801//2216 2088//2216
f 2088//2217 1801//2217 1802//2217
f 2088//2218 1802//2218 2089//2218
f 2089//2219 1802//2219 1814//2219
f 2089//2220 1814//2220 2090//2220
f 2090//2220 1814//2220 1797//2220
f 2090//2221 1797//2221 2091//2221
f 2091//2221 1797//2221 1796//2221
f 2091//2222 1796//2222 2092//2222
f 2092//2222 1796//2222 1795//2222
f 2092//2223 1795//2223 2093//2223
f 2093//2224 1795//2224 1794//2224
f 2093//2225 1794//2225 2094//2225
f 2094//2225 1794//2225 1793//2225
f 2094//2226 1793//2226 2095//2226
f 2095//2227 1793//2227 1799//2227
f 2095//2228 1799//2228 2096//2228
f 2096//2228 1799//2228 1798//2228
f 2096//2229 1798//2229 2097//2229
f 2097//2229 1798//2229 1791//2229
f 2097//2230 1791//2230 2098//2230
f 2098//2231 1791//2231 1790//2231
f 2098//2232 1790//2232 2099//2232
f 2099//2233 1790//2233 1789//2233
f 2099//2234 1789//2234 2100//2234
f 2100//2234 1789//2234 1788//2234
f 2100//2235 1788//2235 2101//2235
f 2101//2236 1788//2236 1792//2236
f 2101//2237 1792//2237 2036//2237
f 2036//2237 1792//2237 2037//2237
f 2037//2238 1792//2238 158//2238
f 2037//2239 158//2239 2039//2239
f 2039//2240 158//2240 157//2240
f 2039//2241 157//2241 1783//2241
f 1783//2242 157//2242 218//2242
f 1783//2243 218//2243 181//2243
f 55//2244 57//2244 1836//2244
f 1836//2245 57//2245 59//2245
f 1836//2246 59//2246 2006//2246
f 2006//2247 59//2247 61//2247
f 2006//2248 61//2248 2005//2248
f 2005//2249 61//2249 62//2249
f 2005//2250 62//2250 2004//2250
f 2004//2251 62//2251 65//2251
f 2004//2252 65//2252 2003//2252
f 2003//2253 65//2253 67//2253
f 2003//2254 67//2254 1971//2254
f 1971//2255 67//2255 69//2255
f 1971//2256 69//2256 71//2256
f 128//2257 130//2257 1991//2257
f 1991//2258 130//2258 132//2258
f 1991//2259 132//2259 2002//2259
f 2002//2260 132//2260 134//2260
f 2002//2261 134//2261 2001//2261
f 2001//2262 134//2262 136//2262
f 2001//2263 136//2263 2000//2263
f 2000//2264 136//2264 138//2264
f 2000//2265 138//2265 1999//2265
f 1999//2266 138//2266 139//2266
f 1999//2267 139//2267 1998//2267
f 1998//2268 139//2268 142//2268
f 1998//2269 142//2269 2007//2269
f 2007//2270 142//2270 144//2270
f 2007//2271 144//2271 1822//2271
f 1822//2272 144//2272 146//2272
f 1822//2273 146//2273 148//2273
f 1844//2274 2041//2274 1846//2274
f 1846//2274 2041//2274 2042//2274
f 1846//2275 2042//2275 1848//2275
f 1848//2276 2042//2276 2043//2276
f 1848//2277 2043//2277 1850//2277
f 1850//2278 2043//2278 2044//2278
f 1850//2279 2044//2279 1852//2279
f 1852//2280 2044//2280 2045//2280
f 1852//2281 2045//2281 1854//2281
f 1854//2281 2045//2281 2046//2281
f 1854//2282 2046//2282 1856//2282
f 1856//2283 2046//2283 2047//2283
f 1856//2284 2047//2284 1858//2284
f 1858//2284 2047//2284 2048//2284
f 1858//2285 2048//2285 1860//2285
f 1860//2285 2048//2285 2049//2285
f 1860//2286 2049//2286 1862//2286
f 1862//2286 2049//2286 2050//2286
f 1862//2287 2050//2287 1864//2287
f 1864//2288 2050//2288 2051//2288
f 1864//2289 2051//2289 1866//2289
f 1866//2289 2051//2289 2052//2289
f 1866//2290 2052//2290 1868//2290
f 1868//2290 2052//2290 2053//2290
f 1868//2291 2053//2291 1870//2291
f 1870//2291 2053//2291 2054//2291
f 1870//2292 2054//2292 1872//2292
f 1872//2292 2054//2292 2055//2292
f 1872//2293 2055//2293 1874//2293
f 1874//2293 2055//2293 2056//2293
f 1874//2294 2056//2294 1876//2294
f 1876//2294 2056//2294 2057//2294
f 1876//2295 2057//2295 1878//2295
f 1878//2295 2057//2295 2058//2295
f 1878//2296 2058//2296 1880//2296
f 1880//2296 2058//2296 2059//2296
f 1880//2297 2059//2297 1882//2297
f 1882//2297 2059//2297 2060//2297
f 1882//2298 2060//2298 1884//2298
f 1884//2298 2060//2298 2061//2298
f 1884//2299 2061//2299 1886//2299
f 1886//2300 2061//2300 2062//2300
f 1886//2301 2062//2301 1888//2301
f 1888//2302 2062//2302 2063//2302
f 1888//2303 2063//2303 1890//2303
f 1890//2304 2063//2304 2064//2304
f 1890//2305 2064//2305 1892//2305
f 1892//2306 2064//2306 2065//2306
f 1892//2307 2065//2307 1894//2307
f 1894//2307 2065//2307 2066//2307
f 1894//2308 2066//2308 1896//2308
f 1896//2309 2066//2309 2067//2309
f 1896//2310 2067//2310 1898//2310
f 1898//2311 2067//2311 2068//2311
f 1898//2312 2068//2312 1900//2312
f 1900//2313 2068//2313 2069//2313
f 1900//2314 2069//2314 1902//2314
f 1902//2315 2069//2315 2070//2315
f 1902//2316 2070//2316 1904//2316
f 1904//2317 2070//2317 2071//2317
f 1904//2318 2071//2318 1906//2318
f 1906//2319 2071//2319 2072//2319
f 1906//2320 2072//2320 1908//2320
f 1908//2321 2072//2321 2073//2321
f 1908//2322 2073//2322 1910//2322
f 1910//2323 2073//2323 2074//2323
f 1910//2324 2074//2324 1912//2324
f 1912//2324 2074//2324 2075//2324
f 1912//2325 2075//2325 1914//2325
f 1914//2326 2075//2326 2076//2326
f 1914//2327 2076//2327 1916//2327
f 1916//2328 2076//2328 2077//2328
f 1916//2329 2077//2329 1918//2329
f 1918//2330 2077//2330 2078//2330
f 1918//2331 2078//2331 1920//2331
f 1920//2332 2078//2332 2079//2332
f 1920//2333 2079//2333 1922//2333
f 1922//2333 2079//2333 2080//2333
f 1922//2334 2080//2334 1924//2334
f 1924//2335 2080//2335 2081//2335
f 1924//2336 2081//2336 1926//2336
f 1926//2337 2081//2337 2082//2337
f 1926//2338 2082//2338 1928//2338
f 1928//2339 2082//2339 2083//2339
f 1928//2340 2083//2340 1930//2340
f 1930//2340 2083//2340 2084//2340
f 1930//2341 2084//2341 1932//2341
f 1932//2341 2084//2341 2085//2341
f 1932//2342 2085//2342 1934//2342
f 1934//2342 2085//2342 2086//2342
f 1934//2343 2086//2343 1936//2343
f 1936//2343 2086//2343 2087//2343
f 1936//2344 2087//2344 1938//2344
f 1938//2344 2087//2344 2088//2344
f 1938//2345 2088//2345 1940//2345
f 1940//2345 2088//2345 2089//2345
f 1940//2346 2089//2346 1942//2346
f 1942//2346 2089//2346 2090//2346
f 1942//2347 2090//2347 1944//2347
f 1944//2347 2090//2347 2091//2347
f 1944//2348 2091//2348 1946//2348
f 1946//2348 2091//2348 2092//2348
f 1946//2349 2092//2349 1948//2349
f 1948//2350 2092//2350 2093//2350
f 1948//2351 2093//2351 1950//2351
f 1950//2352 2093//2352 2094//2352
f 1950//2353 2094//2353 1952//2353
f 1952//2353 2094//2353 2095//2353
f 1952//2354 2095//2354 1954//2354
f 1954//2354 2095//2354 2096//2354
f 1954//2355 2096//2355 1956//2355
f 1956//2355 2096//2355 2097//2355
f 1956//2356 2097//2356 1958//2356
f 1958//2356 2097//2356 2098//2356
f 1958//2357 2098//2357 1960//2357
f 1960//2357 2098//2357 2099//2357
f 1960//2358 2099//2358 1962//2358
f 1962//2359 2099//2359 2100//2359
f 1962//2360 2100//2360 1964//2360
f 1964//2361 2100//2361 2101//2361
f 1964//2362 2101//2362 1966//2362
f 1966//2363 2101//2363 2036//2363
f 1966//2364 2036//2364 1968//2364
f 1968//2364 2036//2364 2038//2364
f 1968//2365 2038//2365 1970//2365
f 1970//2366 2038//2366 2040//2366
f 1970//2367 2040//2367 1844//2367
f 1844//2368 2040//2368 2041//2368
f 2102//2369 207//2369 2103//2369
f 2103//2370 207//2370 205//2370
f 2104//2371 2105//2371 2106//2371
f 2107//2372 368//2372 2108//2372
f 2108//2373 368//2373 367//2373
f 2108//2374 367//2374 2109//2374
f 2109//2375 367//2375 364//2375
f 2109//2376 364//2376 2110//2376
f 2110//1801 364//1801 362//1801
f 2110//2377 362//2377 2111//2377
f 2111//2378 362//2378 360//2378
f 2111//2379 360//2379 2112//2379
f 2113//2380 416//2380 2114//2380
f 2114//2381 416//2381 414//2381
f 2114//2382 414//2382 2115//2382
f 2115//2383 414//2383 412//2383
f 2115//2384 412//2384 2116//2384
f 2116//2385 412//2385 411//2385
f 2116//2386 411//2386 2117//2386
f 2117//2387 411//2387 408//2387
f 2117//2388 408//2388 2118//2388
f 2118//2389 408//2389 406//2389
f 2118//2390 406//2390 2119//2390
f 2119//2391 406//2391 404//2391
f 2119//2392 404//2392 2120//2392
f 404//2393 402//2393 2120//2393
f 2120//2394 402//2394 400//2394
f 2120//2395 400//2395 2121//2395
f 2121//2396 400//2396 399//2396
f 2121//2397 399//2397 2122//2397
f 2122//2398 399//2398 396//2398
f 2122//2399 396//2399 2123//2399
f 2123//2400 396//2400 395//2400
f 2123//2401 395//2401 2124//2401
f 2124//2402 395//2402 392//2402
f 2124//2403 392//2403 2125//2403
f 2125//1831 392//1831 390//1831
f 2125//2404 390//2404 2126//2404
f 2126//2405 390//2405 388//2405
f 2126//2406 388//2406 2127//2406
f 388//2407 386//2407 2127//2407
f 2127//2408 386//2408 384//2408
f 2127//2409 384//2409 2128//2409
f 2128//2410 384//2410 383//2410
f 2128//2411 383//2411 2129//2411
f 2129//2412 383//2412 380//2412
f 2129//2413 380//2413 2130//2413
f 2130//2414 380//2414 378//2414
f 2130//2415 378//2415 2131//2415
f 2131//2416 378//2416 376//2416
f 2131//2417 376//2417 2132//2417
f 2132//2418 376//2418 374//2418
f 2132//2419 374//2419 2133//2419
f 2133//2420 374//2420 372//2420
f 2133//2421 372//2421 2107//2421
f 2107//2422 372//2422 370//2422
f 2107//2423 370//2423 368//2423
f 2106//2424 2134//2424 2135//2424
f 151//2425 150//2425 2136//2425
f 2136//2426 150//2426 2137//2426
f 2137//2427 150//2427 213//2427
f 2137//2428 213//2428 2138//2428
f 2136//2429 2139//2429 151//2429
f 151//2430 2139//2430 2140//2430
f 151//2431 2140//2431 175//2431
f 175//2432 2140//2432 2141//2432
f 175//2433 2141//2433 176//2433
f 176//2434 2141//2434 156//2434
f 2142//2435 2143//2435 226//2435
f 226//2436 2143//2436 2144//2436
f 226//2437 2144//2437 228//2437
f 228//2438 2144//2438 2145//2438
f 228//2439 2145//2439 230//2439
f 230//2440 2145//2440 232//2440
f 232//2441 2145//2441 2146//2441
f 232//2442 2146//2442 234//2442
f 234//2443 2146//2443 2147//2443
f 234//2444 2147//2444 2148//2444
f 2138//2445 213//2445 2149//2445
f 2149//2446 213//2446 215//2446
f 2149//2447 215//2447 2148//2447
f 2148//2448 215//2448 235//2448
f 2148//2449 235//2449 234//2449
f 2150//2450 2151//2450 193//2450
f 193//2451 2151//2451 195//2451
f 2150//2452 193//2452 2152//2452
f 2152//2453 193//2453 191//2453
f 2152//2454 191//2454 2153//2454
f 191//2455 189//2455 2153//2455
f 2153//2456 189//2456 187//2456
f 2153//2457 187//2457 2154//2457
f 2154//2458 187//2458 185//2458
f 2154//2459 185//2459 2155//2459
f 2155//2460 185//2460 2156//2460
f 195//2461 2151//2461 197//2461
f 197//2462 2151//2462 2157//2462
f 197//2463 2157//2463 199//2463
f 199//2464 2157//2464 2158//2464
f 199//2465 2158//2465 201//2465
f 201//2466 2158//2466 2159//2466
f 201//2467 2159//2467 203//2467
f 203//2468 2159//2468 2160//2468
f 203//2469 2160//2469 205//2469
f 205//2470 2160//2470 2161//2470
f 205//2471 2161//2471 2103//2471
f 226//2472 224//2472 2142//2472
f 2142//2473 224//2473 222//2473
f 2142//2474 222//2474 2162//2474
f 2162//2475 222//2475 221//2475
f 2162//2476 221//2476 2102//2476
f 2102//2477 221//2477 209//2477
f 2102//2478 209//2478 207//2478
f 2106//2479 2105//2479 2134//2479
f 2134//2479 2105//2479 2163//2479
f 2134//2480 2163//2480 2164//2480
f 2164//2481 2163//2481 2165//2481
f 2164//2482 2165//2482 2166//2482
f 2166//2483 2165//2483 2167//2483
f 2166//2484 2167//2484 2168//2484
f 2168//2484 2167//2484 2169//2484
f 2168//2485 2169//2485 2170//2485
f 2170//2486 2169//2486 2171//2486
f 2170//2487 2171//2487 2172//2487
f 2172//2487 2171//2487 2173//2487
f 2172//2488 2173//2488 2174//2488
f 2174//2489 2173//2489 2175//2489
f 2174//2490 2175//2490 2176//2490
f 2176//2490 2175//2490 2177//2490
f 2176//2491 2177//2491 2178//2491
f 2178//2491 2177//2491 2179//2491
f 2178//2492 2179//2492 2180//2492
f 2180//2492 2179//2492 2181//2492
f 2180//2493 2181//2493 2182//2493
f 2182//2493 2181//2493 2183//2493
f 2182//2494 2183//2494 2184//2494
f 2184//2494 2183//2494 2185//2494
f 2184//2495 2185//2495 2186//2495
f 2186//2495 2185//2495 2187//2495
f 2186//2496 2187//2496 2188//2496
f 2188//2497 2187//2497 2189//2497
f 2188//2498 2189//2498 2190//2498
f 2190//2498 2189//2498 2191//2498
f 2190//2499 2191//2499 2192//2499
f 2192//2500 2191//2500 2193//2500
f 2192//2501 2193//2501 2194//2501
f 2194//2501 2193//2501 2195//2501
f 2194//2502 2195//2502 2196//2502
f 2196//2503 2195//2503 2197//2503
f 2196//2504 2197//2504 2198//2504
f 2198//2505 2197//2505 2199//2505
f 2198//2506 2199//2506 2200//2506
f 2200//2506 2199//2506 2201//2506
f 2200//2507 2201//2507 2202//2507
f 2202//2508 2201//2508 2203//2508
f 2202//2509 2203//2509 2204//2509
f 2204//2509 2203//2509 2205//2509
f 2204//2510 2205//2510 2206//2510
f 2206//2510 2205//2510 2207//2510
f 2206//2511 2207//2511 2208//2511
f 2208//2512 2207//2512 2209//2512
f 2208//2513 2209//2513 2210//2513
f 2210//2513 2209//2513 2211//2513
f 2210//2514 2211//2514 2212//2514
f 2212//2514 2211//2514 2213//2514
f 2212//2515 2213//2515 2214//2515
f 2214//2516 2213//2516 2215//2516
f 2214//2517 2215//2517 2216//2517
f 2216//2517 2215//2517 2217//2517
f 2216//2518 2217//2518 2218//2518
f 2218//2518 2217//2518 2219//2518
f 2218//2519 2219//2519 2220//2519
f 2220//2520 2219//2520 2221//2520
f 2220//2521 2221//2521 2222//2521
f 2222//2522 2221//2522 2223//2522
f 2222//2523 2223//2523 2224//2523
f 2224//2524 2223//2524 2225//2524
f 2224//2525 2225//2525 2226//2525
f 2226//2525 2225//2525 2227//2525
f 2226//2526 2227//2526 2228//2526
f 2228//2527 2227//2527 2229//2527
f 2228//2528 2229//2528 2230//2528
f 2230//2529 2229//2529 2231//2529
f 2230//2530 2231//2530 2232//2530
f 2232//2531 2231//2531 2233//2531
f 2232//2532 2233//2532 2234//2532
f 2234//2533 2233//2533 2235//2533
f 2234//2326 2235//2326 2236//2326
f 2236//2534 2235//2534 2237//2534
f 2236//2535 2237//2535 2238//2535
f 2238//2536 2237//2536 2239//2536
f 2238//2537 2239//2537 2240//2537
f 2240//2538 2239//2538 2241//2538
f 2240//2539 2241//2539 2242//2539
f 2242//2539 2241//2539 2243//2539
f 2242//2540 2243//2540 2244//2540
f 2244//2540 2243//2540 2245//2540
f 2244//2541 2245//2541 2246//2541
f 2246//2541 2245//2541 2247//2541
f 2246//2542 2247//2542 2248//2542
f 2248//2542 2247//2542 2249//2542
f 2248//2543 2249//2543 2250//2543
f 2250//2544 2249//2544 2251//2544
f 2250//2545 2251//2545 2252//2545
f 2252//2545 2251//2545 2253//2545
f 2252//2546 2253//2546 2254//2546
f 2254//2546 2253//2546 2255//2546
f 2254//2547 2255//2547 2256//2547
f 2256//2548 2255//2548 2257//2548
f 2256//2549 2257//2549 2258//2549
f 2258//2549 2257//2549 2259//2549
f 2258//2550 2259//2550 2260//2550
f 2260//2551 2259//2551 2261//2551
f 2260//2552 2261//2552 2262//2552
f 2262//2553 2261//2553 2263//2553
f 2262//2554 2263//2554 2264//2554
f 2264//2555 2263//2555 2265//2555
f 2264//2556 2265//2556 2266//2556
f 2266//2557 2265//2557 2267//2557
f 2266//2558 2267//2558 2268//2558
f 2268//2558 2267//2558 2269//2558
f 2268//2559 2269//2559 2270//2559
f 2270//2560 2269//2560 2271//2560
f 2270//2561 2271//2561 2272//2561
f 2272//2561 2271//2561 2273//2561
f 2272//2562 2273//2562 2274//2562
f 2274//2562 2273//2562 2275//2562
f 2274//2563 2275//2563 2276//2563
f 2276//2563 2275//2563 2277//2563
f 2276//2564 2277//2564 2278//2564
f 2278//2564 2277//2564 2279//2564
f 2278//2565 2279//2565 2280//2565
f 2280//2565 2279//2565 2281//2565
f 2280//2566 2281//2566 2282//2566
f 2282//2566 2281//2566 2283//2566
f 2282//2567 2283//2567 2284//2567
f 2284//2568 2283//2568 2285//2568
f 2284//2569 2285//2569 2286//2569
f 2287//2570 2288//2570 162//2570
f 162//2571 160//2571 2287//2571
f 2287//2572 160//2572 159//2572
f 2287//2573 159//2573 2289//2573
f 2289//2574 159//2574 171//2574
f 2290//2575 2291//2575 246//2575
f 246//2576 2291//2576 244//2576
f 2290//2577 246//2577 2292//2577
f 2292//2578 246//2578 248//2578
f 2292//2579 248//2579 2293//2579
f 248//2580 250//2580 2293//2580
f 2293//2581 250//2581 252//2581
f 2293//2582 252//2582 2294//2582
f 2294//2583 252//2583 254//2583
f 2294//2094 254//2094 2295//2094
f 2295//2584 254//2584 2296//2584
f 244//2585 2291//2585 242//2585
f 242//2586 2291//2586 2297//2586
f 242//2587 2297//2587 240//2587
f 240//2588 2297//2588 2298//2588
f 240//2589 2298//2589 238//2589
f 238//2590 2298//2590 2299//2590
f 238//2591 2299//2591 173//2591
f 173//2592 2299//2592 2300//2592
f 173//2593 2300//2593 171//2593
f 171//2594 2300//2594 2301//2594
f 171//2595 2301//2595 2289//2595
f 260//2596 262//2596 2302//2596
f 2302//2597 262//2597 2303//2597
f 2304//2598 2305//2598 268//2598
f 268//2599 2305//2599 2306//2599
f 268//2600 2306//2600 266//2600
f 266//2601 2306//2601 2303//2601
f 266//2602 2303//2602 264//2602
f 264//2603 2303//2603 262//2603
f 274//2604 276//2604 2307//2604
f 2307//2605 276//2605 278//2605
f 2307//2606 278//2606 2308//2606
f 2308//2607 278//2607 280//2607
f 2309//2608 2310//2608 177//2608
f 177//2609 2310//2609 167//2609
f 2309//2610 177//2610 2311//2610
f 2311//2611 177//2611 179//2611
f 2311//2612 179//2612 2312//2612
f 167//2613 2310//2613 168//2613
f 168//2614 2310//2614 2313//2614
f 168//2615 2313//2615 280//2615
f 280//2616 2313//2616 2314//2616
f 280//2617 2314//2617 2308//2617
f 268//2618 270//2618 2304//2618
f 2304//2619 270//2619 272//2619
f 2304//2620 272//2620 2315//2620
f 2315//2621 272//2621 274//2621
f 2315//2622 274//2622 2316//2622
f 2316//2623 274//2623 2307//2623
f 2302//2624 2317//2624 260//2624
f 260//2625 2317//2625 2318//2625
f 260//2626 2318//2626 258//2626
f 258//2627 2318//2627 2296//2627
f 258//2628 2296//2628 256//2628
f 256//2629 2296//2629 254//2629
f 2135//2630 2134//2630 2319//2630
f 2319//2630 2134//2630 2164//2630
f 2319//2631 2164//2631 2312//2631
f 2312//2631 2164//2631 2166//2631
f 2312//2632 2166//2632 2311//2632
f 2311//2633 2166//2633 2168//2633
f 2311//2634 2168//2634 2309//2634
f 2309//2635 2168//2635 2170//2635
f 2309//2636 2170//2636 2310//2636
f 2310//2636 2170//2636 2172//2636
f 2310//2637 2172//2637 2313//2637
f 2313//2638 2172//2638 2174//2638
f 2313//2639 2174//2639 2314//2639
f 2314//2640 2174//2640 2176//2640
f 2314//2641 2176//2641 2308//2641
f 2308//2641 2176//2641 2178//2641
f 2308//2642 2178//2642 2307//2642
f 2307//2642 2178//2642 2180//2642
f 2307//2643 2180//2643 2316//2643
f 2316//2643 2180//2643 2182//2643
f 2316//2644 2182//2644 2315//2644
f 2315//2644 2182//2644 2184//2644
f 2315//2645 2184//2645 2304//2645
f 2304//2646 2184//2646 2186//2646
f 2304//2647 2186//2647 2305//2647
f 2305//2647 2186//2647 2188//2647
f 2305//2648 2188//2648 2306//2648
f 2306//2649 2188//2649 2190//2649
f 2306//2650 2190//2650 2303//2650
f 2303//2650 2190//2650 2192//2650
f 2303//2651 2192//2651 2302//2651
f 2302//2652 2192//2652 2194//2652
f 2302//2653 2194//2653 2317//2653
f 2317//2653 2194//2653 2196//2653
f 2317//2654 2196//2654 2318//2654
f 2318//2654 2196//2654 2198//2654
f 2318//2655 2198//2655 2296//2655
f 2296//2656 2198//2656 2200//2656
f 2296//2657 2200//2657 2295//2657
f 2295//2657 2200//2657 2202//2657
f 2295//2658 2202//2658 2294//2658
f 2294//2659 2202//2659 2204//2659
f 2294//2660 2204//2660 2293//2660
f 2293//2660 2204//2660 2206//2660
f 2293//2661 2206//2661 2292//2661
f 2292//2661 2206//2661 2208//2661
f 2292//2662 2208//2662 2290//2662
f 2290//2663 2208//2663 2210//2663
f 2290//2664 2210//2664 2291//2664
f 2291//2664 2210//2664 2212//2664
f 2291//2665 2212//2665 2297//2665
f 2297//2666 2212//2666 2214//2666
f 2297//2667 2214//2667 2298//2667
f 2298//2668 2214//2668 2216//2668
f 2298//2669 2216//2669 2299//2669
f 2299//2670 2216//2670 2218//2670
f 2299//2671 2218//2671 2300//2671
f 2300//2672 2218//2672 2220//2672
f 2300//2673 2220//2673 2301//2673
f 2301//2674 2220//2674 2222//2674
f 2301//2675 2222//2675 2289//2675
f 2289//2676 2222//2676 2224//2676
f 2289//2677 2224//2677 2287//2677
f 2287//2677 2224//2677 2226//2677
f 2287//2678 2226//2678 2288//2678
f 2288//2679 2226//2679 2228//2679
f 2288//2680 2228//2680 2320//2680
f 2320//2681 2228//2681 2230//2681
f 2320//2682 2230//2682 2156//2682
f 2156//2682 2230//2682 2232//2682
f 2156//2683 2232//2683 2155//2683
f 2155//2684 2232//2684 2234//2684
f 2155//2685 2234//2685 2154//2685
f 2154//2686 2234//2686 2236//2686
f 2154//2687 2236//2687 2153//2687
f 2153//2688 2236//2688 2238//2688
f 2153//2689 2238//2689 2152//2689
f 2152//2689 2238//2689 2240//2689
f 2152//2690 2240//2690 2150//2690
f 2150//2690 2240//2690 2242//2690
f 2150//2691 2242//2691 2151//2691
f 2151//2692 2242//2692 2244//2692
f 2151//2693 2244//2693 2157//2693
f 2157//2693 2244//2693 2246//2693
f 2157//2694 2246//2694 2158//2694
f 2158//2695 2246//2695 2248//2695
f 2158//2696 2248//2696 2159//2696
f 2159//2696 2248//2696 2250//2696
f 2159//2697 2250//2697 2160//2697
f 2160//2697 2250//2697 2252//2697
f 2160//2698 2252//2698 2161//2698
f 2161//2699 2252//2699 2254//2699
f 2161//2700 2254//2700 2103//2700
f 2103//2700 2254//2700 2256//2700
f 2103//2701 2256//2701 2102//2701
f 2102//2702 2256//2702 2258//2702
f 2102//2703 2258//2703 2162//2703
f 2162//2703 2258//2703 2260//2703
f 2162//2704 2260//2704 2142//2704
f 2142//2704 2260//2704 2262//2704
f 2142//2705 2262//2705 2143//2705
f 2143//2706 2262//2706 2264//2706
f 2143//2707 2264//2707 2144//2707
f 2144//2707 2264//2707 2266//2707
f 2144//2708 2266//2708 2145//2708
f 2145//2709 2266//2709 2268//2709
f 2145//2710 2268//2710 2146//2710
f 2146//2710 2268//2710 2270//2710
f 2146//2711 2270//2711 2147//2711
f 2147//2712 2270//2712 2272//2712
f 2147//2713 2272//2713 2148//2713
f 2148//2713 2272//2713 2274//2713
f 2148//2714 2274//2714 2149//2714
f 2149//2714 2274//2714 2276//2714
f 2149//2715 2276//2715 2138//2715
f 2138//2715 2276//2715 2278//2715
f 2138//2716 2278//2716 2137//2716
f 2137//2716 2278//2716 2280//2716
f 2137//2717 2280//2717 2136//2717
f 2136//2718 2280//2718 2282//2718
f 2136//2719 2282//2719 2139//2719
f 2139//2720 2282//2720 2284//2720
f 2139//2721 2284//2721 2140//2721
f 2140//2721 2284//2721 2286//2721
f 2140//2722 2286//2722 2141//2722
f 2321//2723 429//2723 2322//2723
f 2322//2724 429//2724 428//2724
f 2322//2725 428//2725 2323//2725
f 428//2726 426//2726 2323//2726
f 2323//2727 426//2727 424//2727
f 2323//2728 424//2728 2324//2728
f 2324//2729 424//2729 422//2729
f 2324//2730 422//2730 2325//2730
f 2325//2731 422//2731 420//2731
f 2325//2732 420//2732 2113//2732
f 2113//2733 420//2733 418//2733
f 2113//2734 418//2734 416//2734
f 2326//2735 445//2735 2327//2735
f 2327//2736 445//2736 444//2736
f 2327//2737 444//2737 2328//2737
f 2328//2738 444//2738 441//2738
f 2328//2739 441//2739 2329//2739
f 2329//2740 441//2740 440//2740
f 2329//2741 440//2741 2330//2741
f 2330//2742 440//2742 437//2742
f 2330//2743 437//2743 2331//2743
f 2331//2744 437//2744 435//2744
f 2331//2745 435//2745 2332//2745
f 2332//2746 435//2746 433//2746
f 2332//2747 433//2747 2321//2747
f 2321//2748 433//2748 431//2748
f 2321//2749 431//2749 429//2749
f 2333//2750 461//2750 2334//2750
f 2334//2751 461//2751 459//2751
f 2334//2752 459//2752 2335//2752
f 2335//2753 459//2753 457//2753
f 2335//2754 457//2754 2336//2754
f 2336//2755 457//2755 456//2755
f 2336//2756 456//2756 2337//2756
f 2337//2757 456//2757 453//2757
f 2337//2758 453//2758 2338//2758
f 2338//2759 453//2759 451//2759
f 2338//2760 451//2760 2339//2760
f 2339//2761 451//2761 449//2761
f 2339//2762 449//2762 2326//2762
f 2326//2763 449//2763 447//2763
f 2326//1943 447//1943 445//1943
f 2340//2764 473//2764 2341//2764
f 2341//2765 473//2765 472//2765
f 2341//2766 472//2766 2342//2766
f 2342//2767 472//2767 469//2767
f 2342//2768 469//2768 2343//2768
f 2343//2769 469//2769 467//2769
f 2343//2770 467//2770 2344//2770
f 2344//2771 467//2771 465//2771
f 2344//2772 465//2772 2333//2772
f 2333//2773 465//2773 463//2773
f 2333//2774 463//2774 461//2774
f 2345//2775 489//2775 2346//2775
f 2346//2776 489//2776 488//2776
f 2346//2777 488//2777 2347//2777
f 2347//2778 488//2778 485//2778
f 2347//2779 485//2779 2348//2779
f 2348//2262 485//2262 483//2262
f 2348//2261 483//2261 2349//2261
f 2349//2780 483//2780 481//2780
f 2349//2781 481//2781 2350//2781
f 2350//2782 481//2782 479//2782
f 2350//2783 479//2783 2351//2783
f 2351//2784 479//2784 477//2784
f 2351//2785 477//2785 2340//2785
f 2340//2786 477//2786 475//2786
f 2340//1952 475//1952 473//1952
f 2352//2787 2345//2787 2353//2787
f 2353//1974 2345//1974 2346//1974
f 2353//1975 2346//1975 2354//1975
f 2354//1976 2346//1976 2347//1976
f 2354//1977 2347//1977 2355//1977
f 2355//1977 2347//1977 2348//1977
f 2355//2788 2348//2788 2356//2788
f 2356//1978 2348//1978 2349//1978
f 2356//1980 2349//1980 2357//1980
f 2357//1980 2349//1980 2350//1980
f 2357//1982 2350//1982 2358//1982
f 2358//1981 2350//1981 2351//1981
f 2358//1984 2351//1984 2359//1984
f 2359//1984 2351//1984 2340//1984
f 2359//1985 2340//1985 2360//1985
f 2360//1985 2340//1985 2341//1985
f 2360//1987 2341//1987 2361//1987
f 2361//1987 2341//1987 2342//1987
f 2361//1988 2342//1988 2362//1988
f 2362//1988 2342//1988 2343//1988
f 2362//1989 2343//1989 2363//1989
f 2363//1989 2343//1989 2344//1989
f 2363//1990 2344//1990 2364//1990
f 2364//1990 2344//1990 2333//1990
f 2364//1993 2333//1993 2365//1993
f 2365//1992 2333//1992 2334//1992
f 2365//1994 2334//1994 2366//1994
f 2366//1994 2334//1994 2335//1994
f 2366//1997 2335//1997 2367//1997
f 2367//1997 2335//1997 2336//1997
f 2367//1998 2336//1998 2368//1998
f 2368//1998 2336//1998 2337//1998
f 2368//2001 2337//2001 2369//2001
f 2369//2001 2337//2001 2338//2001
f 2369//2002 2338//2002 2370//2002
f 2370//2002 2338//2002 2339//2002
f 2370//2005 2339//2005 2371//2005
f 2371//2005 2339//2005 2326//2005
f 2371//2006 2326//2006 2372//2006
f 2372//2006 2326//2006 2327//2006
f 2372//2007 2327//2007 2373//2007
f 2373//2007 2327//2007 2328//2007
f 2373//2008 2328//2008 2374//2008
f 2374//2008 2328//2008 2329//2008
f 2374//2009 2329//2009 2375//2009
f 2375//2009 2329//2009 2330//2009
f 2375//2010 2330//2010 2376//2010
f 2376//2011 2330//2011 2331//2011
f 2376//2012 2331//2012 2377//2012
f 2377//2789 2331//2789 2332//2789
f 2377//2790 2332//2790 2378//2790
f 2378//2014 2332//2014 2321//2014
f 2378//2791 2321//2791 2379//2791
f 2379//2015 2321//2015 2322//2015
f 2379//2016 2322//2016 2380//2016
f 2380//2792 2322//2792 2323//2792
f 2380//2793 2323//2793 2381//2793
f 2381//2019 2323//2019 2324//2019
f 2381//2020 2324//2020 2382//2020
f 2382//2021 2324//2021 2325//2021
f 2382//2794 2325//2794 2383//2794
f 2383//2794 2325//2794 2113//2794
f 2383//2795 2113//2795 2384//2795
f 2384//2796 2113//2796 2114//2796
f 2384//2026 2114//2026 2385//2026
f 2385//2027 2114//2027 2115//2027
f 2385//2028 2115//2028 2386//2028
f 2386//2797 2115//2797 2116//2797
f 2386//2798 2116//2798 2387//2798
f 2387//2031 2116//2031 2117//2031
f 2387//2032 2117//2032 2388//2032
f 2388//2799 2117//2799 2118//2799
f 2388//2800 2118//2800 2389//2800
f 2389//2801 2118//2801 2119//2801
f 2389//2802 2119//2802 2390//2802
f 2390//2035 2119//2035 2120//2035
f 2390//2037 2120//2037 2391//2037
f 2391//2037 2120//2037 2121//2037
f 2391//2038 2121//2038 2392//2038
f 2392//2038 2121//2038 2122//2038
f 2392//2040 2122//2040 2393//2040
f 2393//2040 2122//2040 2123//2040
f 2393//2041 2123//2041 2394//2041
f 2394//2041 2123//2041 2124//2041
f 2394//2042 2124//2042 2395//2042
f 2395//2042 2124//2042 2125//2042
f 2395//2043 2125//2043 2396//2043
f 2396//2043 2125//2043 2126//2043
f 2396//2046 2126//2046 2397//2046
f 2397//2045 2126//2045 2127//2045
f 2397//2047 2127//2047 2398//2047
f 2398//2047 2127//2047 2128//2047
f 2398//2050 2128//2050 2399//2050
f 2399//2050 2128//2050 2129//2050
f 2399//2051 2129//2051 2400//2051
f 2400//2051 2129//2051 2130//2051
f 2400//2054 2130//2054 2401//2054
f 2401//2054 2130//2054 2131//2054
f 2401//2055 2131//2055 2402//2055
f 2402//2055 2131//2055 2132//2055
f 2402//2058 2132//2058 2403//2058
f 2403//2058 2132//2058 2133//2058
f 2403//2059 2133//2059 2404//2059
f 2404//2059 2133//2059 2107//2059
f 2404//2060 2107//2060 2405//2060
f 2405//2060 2107//2060 2108//2060
f 2405//2061 2108//2061 2406//2061
f 2406//2061 2108//2061 2109//2061
f 2406//2063 2109//2063 2407//2063
f 2407//2063 2109//2063 2110//2063
f 2407//2064 2110//2064 2408//2064
f 2408//2803 2110//2803 2111//2803
f 2408//2066 2111//2066 2409//2066
f 2409//2066 2111//2066 2112//2066
f 2409//2068 2112//2068 2410//2068
f 2410//2068 2112//2068 2411//2068
f 2410//2804 2411//2804 2412//2804
f 2412//2070 2411//2070 2413//2070
f 2412//2071 2413//2071 2414//2071
f 2414//2071 2413//2071 2415//2071
f 2414//2072 2415//2072 2416//2072
f 2416//2073 2415//2073 2417//2073
f 2416//2074 2417//2074 2418//2074
f 2418//2075 2417//2075 2419//2075
f 2418//2076 2419//2076 2420//2076
f 2420//2076 2419//2076 2421//2076
f 2420//2077 2421//2077 2352//2077
f 2352//2077 2421//2077 2345//2077
f 360//2805 358//2805 2112//2805
f 2112//2806 358//2806 356//2806
f 2112//2807 356//2807 2411//2807
f 2411//2808 356//2808 354//2808
f 2411//1793 354//1793 2413//1793
f 2413//1792 354//1792 352//1792
f 2413//2809 352//2809 2415//2809
f 2415//2810 352//2810 350//2810
f 2415//2811 350//2811 2417//2811
f 2417//2812 350//2812 349//2812
f 2417//2813 349//2813 2419//2813
f 2419//2814 349//2814 495//2814
f 2419//2815 495//2815 2421//2815
f 2421//2816 495//2816 493//2816
f 2421//2817 493//2817 2345//2817
f 2345//2818 493//2818 491//2818
f 2345//2819 491//2819 489//2819
f 185//2820 183//2820 2156//2820
f 2156//2821 183//2821 182//2821
f 2156//2822 182//2822 2320//2822
f 2320//2823 182//2823 164//2823
f 2320//2824 164//2824 2288//2824
f 2288//2824 164//2824 155//2824
f 2288//2825 155//2825 162//2825
f 179//2826 220//2826 2312//2826
f 2312//2827 220//2827 219//2827
f 2312//2828 219//2828 2319//2828
f 2319//2829 219//2829 156//2829
f 2319//2830 156//2830 2135//2830
f 2135//2831 156//2831 2141//2831
f 2135//2424 2141//2424 2106//2424
f 2106//2832 2141//2832 2286//2832
f 2106//2833 2286//2833 2104//2833
f 2104//2834 2286//2834 2285//2834
f 2167//2835 2352//2835 2169//2835
f 2169//2836 2352//2836 2353//2836
f 2169//2837 2353//2837 2171//2837
f 2171//2837 2353//2837 2354//2837
f 2171//2838 2354//2838 2173//2838
f 2173//2839 2354//2839 2355//2839
f 2173//2840 2355//2840 2175//2840
f 2175//2841 2355//2841 2356//2841
f 2175//2842 2356//2842 2177//2842
f 2177//2842 2356//2842 2357//2842
f 2177//2843 2357//2843 2179//2843
f 2179//2843 2357//2843 2358//2843
f 2179//2844 2358//2844 2181//2844
f 2181//2845 2358//2845 2359//2845
f 2181//2846 2359//2846 2183//2846
f 2183//2847 2359//2847 2360//2847
f 2183//2848 2360//2848 2185//2848
f 2185//2848 2360//2848 2361//2848
f 2185//2849 2361//2849 2187//2849
f 2187//2849 2361//2849 2362//2849
f 2187//2850 2362//2850 2189//2850
f 2189//2850 2362//2850 2363//2850
f 2189//2851 2363//2851 2191//2851
f 2191//2851 2363//2851 2364//2851
f 2191//2852 2364//2852 2193//2852
f 2193//2852 2364//2852 2365//2852
f 2193//2853 2365//2853 2195//2853
f 2195//2854 2365//2854 2366//2854
f 2195//2855 2366//2855 2197//2855
f 2197//2855 2366//2855 2367//2855
f 2197//2856 2367//2856 2199//2856
f 2199//2856 2367//2856 2368//2856
f 2199//2857 2368//2857 2201//2857
f 2201//2858 2368//2858 2369//2858
f 2201//2859 2369//2859 2203//2859
f 2203//2860 2369//2860 2370//2860
f 2203//2861 2370//2861 2205//2861
f 2205//2861 2370//2861 2371//2861
f 2205//2862 2371//2862 2207//2862
f 2207//2862 2371//2862 2372//2862
f 2207//2863 2372//2863 2209//2863
f 2209//2863 2372//2863 2373//2863
f 2209//2864 2373//2864 2211//2864
f 2211//2865 2373//2865 2374//2865
f 2211//2866 2374//2866 2213//2866
f 2213//1859 2374//1859 2375//1859
f 2213//2867 2375//2867 2215//2867
f 2215//2868 2375//2868 2376//2868
f 2215//1861 2376//1861 2217//1861
f 2217//2869 2376//2869 2377//2869
f 2217//2870 2377//2870 2219//2870
f 2219//2870 2377//2870 2378//2870
f 2219//2871 2378//2871 2221//2871
f 2221//2872 2378//2872 2379//2872
f 2221//2873 2379//2873 2223//2873
f 2223//2874 2379//2874 2380//2874
f 2223//2875 2380//2875 2225//2875
f 2225//2875 2380//2875 2381//2875
f 2225//2876 2381//2876 2227//2876
f 2227//2876 2381//2876 2382//2876
f 2227//2877 2382//2877 2229//2877
f 2229//2878 2382//2878 2383//2878
f 2229//2879 2383//2879 2231//2879
f 2231//2880 2383//2880 2384//2880
f 2231//2881 2384//2881 2233//2881
f 2233//2881 2384//2881 2385//2881
f 2233//2882 2385//2882 2235//2882
f 2235//2882 2385//2882 2386//2882
f 2235//2883 2386//2883 2237//2883
f 2237//2883 2386//2883 2387//2883
f 2237//2884 2387//2884 2239//2884
f 2239//2885 2387//2885 2388//2885
f 2239//2886 2388//2886 2241//2886
f 2241//2886 2388//2886 2389//2886
f 2241//2887 2389//2887 2243//2887
f 2243//2888 2389//2888 2390//2888
f 2243//1884 2390//1884 2245//1884
f 2245//1884 2390//1884 2391//1884
f 2245//1885 2391//1885 2247//1885
f 2247//2889 2391//2889 2392//2889
f 2247//2890 2392//2890 2249//2890
f 2249//2890 2392//2890 2393//2890
f 2249//2891 2393//2891 2251//2891
f 2251//2891 2393//2891 2394//2891
f 2251//2892 2394//2892 2253//2892
f 2253//2892 2394//2892 2395//2892
f 2253//2893 2395//2893 2255//2893
f 2255//2893 2395//2893 2396//2893
f 2255//2894 2396//2894 2257//2894
f 2257//2894 2396//2894 2397//2894
f 2257//2895 2397//2895 2259//2895
f 2259//2896 2397//2896 2398//2896
f 2259//2897 2398//2897 2261//2897
f 2261//2897 2398//2897 2399//2897
f 2261//2898 2399//2898 2263//2898
f 2263//2898 2399//2898 2400//2898
f 2263//2899 2400//2899 2265//2899
f 2265//2900 2400//2900 2401//2900
f 2265//2901 2401//2901 2267//2901
f 2267//2901 2401//2901 2402//2901
f 2267//2902 2402//2902 2269//2902
f 2269//2902 2402//2902 2403//2902
f 2269//2903 2403//2903 2271//2903
f 2271//2903 2403//2903 2404//2903
f 2271//2904 2404//2904 2273//2904
f 2273//2904 2404//2904 2405//2904
f 2273//2905 2405//2905 2275//2905
f 2275//2906 2405//2906 2406//2906
f 2275//2907 2406//2907 2277//2907
f 2277//2908 2406//2908 2407//2908
f 2277//2909 2407//2909 2279//2909
f 2279//2910 2407//2910 2408//2910
f 2279//2911 2408//2911 2281//2911
f 2281//2911 2408//2911 2409//2911
f 2281//2912 2409//2912 2283//2912
f 2283//2912 2409//2912 2410//2912
f 2283//2913 2410//2913 2285//2913
f 2285//2914 2410//2914 2412//2914
f 2285//2915 2412//2915 2104//2915
f 2104//2916 2412//2916 2414//2916
f 2104//2917 2414//2917 2105//2917
f 2105//2917 2414//2917 2416//2917
f 2105//2918 2416//2918 2163//2918
f 2163//2919 2416//2919 2418//2919
f 2163//2920 2418//2920 2165//2920
f 2165//2921 2418//2921 2420//2921
f 2165//2922 2420//2922 2167//2922
f 2167//2922 2420//2922 2352//2922
f 619//2923 2422//2923 2423//2923
f 501//2924 2424//2924 2425//2924
f 590//2925 2426//2925 2427//2925
f 575//2926 577//2926 2428//2926
f 577//2927 579//2927 2428//2927
f 2428//2928 579//2928 640//2928
f 2428//2929 640//2929 2429//2929
f 2429//2930 640//2930 612//2930
f 2428//2931 2430//2931 575//2931
f 575//2932 2430//2932 2431//2932
f 575//2933 2431//2933 576//2933
f 576//2934 2431//2934 2432//2934
f 576//2935 2432//2935 595//2935
f 595//2936 2432//2936 596//2936
f 2426//2937 590//2937 2433//2937
f 2433//2938 590//2938 594//2938
f 2433//2939 594//2939 2434//2939
f 594//2940 593//2940 2434//2940
f 2434//2941 593//2941 597//2941
f 2434//2942 597//2942 2435//2942
f 2435//2943 597//2943 596//2943
f 2435//2944 596//2944 2436//2944
f 2436//2945 596//2945 2432//2945
f 2437//2946 2438//2946 515//2946
f 515//2947 2438//2947 2439//2947
f 515//2948 2439//2948 516//2948
f 516//2949 2439//2949 2440//2949
f 516//2950 2440//2950 510//2950
f 510//2951 2440//2951 508//2951
f 2424//2952 501//2952 2441//2952
f 2441//2953 501//2953 507//2953
f 2441//2954 507//2954 2442//2954
f 2443//2955 565//2955 2444//2955
f 2444//2956 565//2956 563//2956
f 2444//2957 563//2957 2445//2957
f 2445//2958 563//2958 562//2958
f 2445//2959 562//2959 2425//2959
f 2425//2960 562//2960 502//2960
f 2425//2961 502//2961 501//2961
f 507//2962 505//2962 2442//2962
f 2442//2963 505//2963 504//2963
f 2442//2964 504//2964 2446//2964
f 2446//2965 504//2965 508//2965
f 2446//2966 508//2966 2447//2966
f 2447//2967 508//2967 2440//2967
f 515//2968 514//2968 2437//2968
f 2437//2969 514//2969 512//2969
f 2437//2970 512//2970 2448//2970
f 2448//2971 512//2971 511//2971
f 2448//2972 511//2972 2449//2972
f 2449//2973 511//2973 2450//2973
f 511//2974 500//2974 2450//2974
f 2450//2975 500//2975 572//2975
f 2450//2976 572//2976 2451//2976
f 2451//2977 572//2977 573//2977
f 2451//2978 573//2978 2452//2978
f 2452//2979 573//2979 586//2979
f 2452//2980 586//2980 2453//2980
f 2453//2981 586//2981 588//2981
f 2453//2982 588//2982 2427//2982
f 2427//2983 588//2983 591//2983
f 2427//2984 591//2984 590//2984
f 2454//2985 363//2985 2455//2985
f 2455//2986 363//2986 365//2986
f 2455//2987 365//2987 2456//2987
f 2456//2988 365//2988 366//2988
f 2456//2989 366//2989 2457//2989
f 2457//2990 366//2990 369//2990
f 2457//2991 369//2991 2458//2991
f 2458//2992 369//2992 371//2992
f 2458//2993 371//2993 2459//2993
f 2460//2994 496//2994 2461//2994
f 2461//2995 496//2995 497//2995
f 2461//2996 497//2996 2462//2996
f 2462//2997 497//2997 351//2997
f 2462//2998 351//2998 2463//2998
f 2463//1792 351//1792 353//1792
f 2463//2999 353//2999 2464//2999
f 2464//3000 353//3000 355//3000
f 2464//3001 355//3001 2465//3001
f 2465//3002 355//3002 357//3002
f 2465//3003 357//3003 2466//3003
f 2466//3004 357//3004 359//3004
f 2466//3005 359//3005 2454//3005
f 2454//1800 359//1800 361//1800
f 2454//1801 361//1801 363//1801
f 2467//3006 391//3006 2468//3006
f 2468//3007 391//3007 393//3007
f 2468//3008 393//3008 2469//3008
f 2469//3009 393//3009 394//3009
f 2469//3010 394//3010 2470//3010
f 2470//3011 394//3011 397//3011
f 2470//3012 397//3012 2471//3012
f 2471//3013 397//3013 398//3013
f 2471//3014 398//3014 2472//3014
f 2472//3015 398//3015 401//3015
f 2472//3016 401//3016 2473//3016
f 2473//3017 401//3017 403//3017
f 2473//3018 403//3018 2474//3018
f 371//3019 373//3019 2459//3019
f 2459//3020 373//3020 375//3020
f 2459//3021 375//3021 2475//3021
f 2475//3022 375//3022 377//3022
f 2475//3023 377//3023 2476//3023
f 2476//3024 377//3024 379//3024
f 2476//3025 379//3025 2477//3025
f 2477//1822 379//1822 381//1822
f 2477//1823 381//1823 2478//1823
f 2478//3026 381//3026 382//3026
f 2478//3027 382//3027 2479//3027
f 2479//3028 382//3028 385//3028
f 2479//3029 385//3029 2480//3029
f 2480//3030 385//3030 387//3030
f 2480//3031 387//3031 2467//3031
f 2467//1830 387//1830 389//1830
f 2467//1831 389//1831 391//1831
f 2481//2836 2482//2836 2483//2836
f 2483//2836 2482//2836 2484//2836
f 2483//3032 2484//3032 2485//3032
f 2485//2837 2484//2837 2486//2837
f 2485//2839 2486//2839 2487//2839
f 2487//3033 2486//3033 2488//3033
f 2487//3034 2488//3034 2489//3034
f 2489//2840 2488//2840 2490//2840
f 2489//2842 2490//2842 2491//2842
f 2491//3035 2490//3035 2492//3035
f 2491//1839 2492//1839 2493//1839
f 2493//2843 2492//2843 2494//2843
f 2493//2845 2494//2845 2495//2845
f 2495//3036 2494//3036 2496//3036
f 2495//2847 2496//2847 2497//2847
f 2497//2847 2496//2847 2498//2847
f 2497//3037 2498//3037 2499//3037
f 2499//3037 2498//3037 2500//3037
f 2499//3038 2500//3038 2501//3038
f 2501//3038 2500//3038 2502//3038
f 2501//3039 2502//3039 2503//3039
f 2503//2850 2502//2850 2504//2850
f 2503//2851 2504//2851 2505//2851
f 2505//3040 2504//3040 2506//3040
f 2505//3041 2506//3041 2507//3041
f 2507//2852 2506//2852 2508//2852
f 2507//2853 2508//2853 2509//2853
f 2509//2854 2508//2854 2510//2854
f 2509//2855 2510//2855 2511//2855
f 2511//2855 2510//2855 2512//2855
f 2511//2856 2512//2856 2513//2856
f 2513//2856 2512//2856 2514//2856
f 2513//2857 2514//2857 2515//2857
f 2515//2858 2514//2858 2516//2858
f 2515//2859 2516//2859 2517//2859
f 2517//2859 2516//2859 2518//2859
f 2517//3042 2518//3042 2519//3042
f 2519//2861 2518//2861 2520//2861
f 2519//2862 2520//2862 2521//2862
f 2521//2862 2520//2862 2522//2862
f 2521//2863 2522//2863 2523//2863
f 2523//3043 2522//3043 2524//3043
f 2523//2864 2524//2864 2525//2864
f 2525//2864 2524//2864 2526//2864
f 2525//2866 2526//2866 2527//2866
f 2527//1859 2526//1859 2528//1859
f 2527//1860 2528//1860 2529//1860
f 2529//3044 2528//3044 2530//3044
f 2529//3045 2530//3045 2531//3045
f 2531//3046 2530//3046 2532//3046
f 2531//2870 2532//2870 2533//2870
f 2533//2870 2532//2870 2534//2870
f 2533//3047 2534//3047 2535//3047
f 2535//2872 2534//2872 2536//2872
f 2535//2874 2536//2874 2537//2874
f 2537//3048 2536//3048 2538//3048
f 2537//2875 2538//2875 2539//2875
f 2539//2875 2538//2875 2540//2875
f 2539//1869 2540//1869 2541//1869
f 2541//2876 2540//2876 2542//2876
f 2541//3049 2542//3049 2543//3049
f 2543//2878 2542//2878 2544//2878
f 2543//3050 2544//3050 2545//3050
f 2545//2880 2544//2880 2546//2880
f 2545//2881 2546//2881 2547//2881
f 2547//2881 2546//2881 2548//2881
f 2547//2882 2548//2882 2549//2882
f 2549//2882 2548//2882 2550//2882
f 2549//3051 2550//3051 2551//3051
f 2551//2883 2550//2883 2552//2883
f 2551//2885 2552//2885 2553//2885
f 2553//2885 2552//2885 2554//2885
f 2553//2886 2554//2886 2555//2886
f 2555//2886 2554//2886 2556//2886
f 2555//2887 2556//2887 2557//2887
f 2557//3052 2556//3052 2558//3052
f 2557//3053 2558//3053 2559//3053
f 2559//1884 2558//1884 2560//1884
f 2559//2889 2560//2889 2561//2889
f 2561//2889 2560//2889 2562//2889
f 2561//3054 2562//3054 2563//3054
f 2563//3054 2562//3054 2564//3054
f 2563//3055 2564//3055 2565//3055
f 2565//2891 2564//2891 2566//2891
f 2565//2892 2566//2892 2567//2892
f 2567//2892 2566//2892 2568//2892
f 2567//2893 2568//2893 2569//2893
f 2569//3056 2568//3056 2570//3056
f 2569//3057 2570//3057 2571//3057
f 2571//3057 2570//3057 2572//3057
f 2571//2895 2572//2895 2573//2895
f 2573//2896 2572//2896 2574//2896
f 2573//2897 2574//2897 2575//2897
f 2575//2897 2574//2897 2576//2897
f 2575//2898 2576//2898 2577//2898
f 2577//2898 2576//2898 2578//2898
f 2577//2899 2578//2899 2579//2899
f 2579//2900 2578//2900 2580//2900
f 2579//3058 2580//3058 2581//3058
f 2581//3058 2580//3058 2582//3058
f 2581//3059 2582//3059 2583//3059
f 2583//2902 2582//2902 2584//2902
f 2583//2903 2584//2903 2585//2903
f 2585//3060 2584//3060 2586//3060
f 2585//3061 2586//3061 2587//3061
f 2587//3061 2586//3061 2588//3061
f 2587//2905 2588//2905 2589//2905
f 2589//2905 2588//2905 2590//2905
f 2589//2908 2590//2908 2591//2908
f 2591//3062 2590//3062 2592//3062
f 2591//3063 2592//3063 2593//3063
f 2593//2909 2592//2909 2594//2909
f 2593//2911 2594//2911 2595//2911
f 2595//1906 2594//1906 2596//1906
f 2595//3064 2596//3064 2597//3064
f 2597//2912 2596//2912 2598//2912
f 2597//2914 2598//2914 2599//2914
f 2599//3065 2598//3065 2600//3065
f 2599//2915 2600//2915 2601//2915
f 2601//2916 2600//2916 2602//2916
f 2601//2917 2602//2917 2603//2917
f 2603//3066 2602//3066 2604//3066
f 2603//2918 2604//2918 2605//2918
f 2605//2918 2604//2918 2606//2918
f 2605//3067 2606//3067 2607//3067
f 2607//2920 2606//2920 2608//2920
f 2607//3068 2608//3068 2481//3068
f 2481//2922 2608//2922 2482//2922
f 2609//3069 419//3069 2610//3069
f 2610//3070 419//3070 421//3070
f 2610//3071 421//3071 2611//3071
f 2611//3072 421//3072 423//3072
f 2611//3073 423//3073 2612//3073
f 2612//3074 423//3074 425//3074
f 2612//3075 425//3075 2613//3075
f 2613//3076 425//3076 427//3076
f 2613//3077 427//3077 2614//3077
f 2614//3078 427//3078 430//3078
f 2614//3079 430//3079 2615//3079
f 2615//3080 430//3080 432//3080
f 2615//3081 432//3081 2616//3081
f 432//3082 434//3082 2616//3082
f 2616//3083 434//3083 436//3083
f 2616//3084 436//3084 2617//3084
f 2617//3085 436//3085 438//3085
f 2617//3086 438//3086 2618//3086
f 2618//3087 438//3087 439//3087
f 2618//3088 439//3088 2619//3088
f 2619//3089 439//3089 442//3089
f 2619//3090 442//3090 2620//3090
f 2620//3091 442//3091 443//3091
f 2620//3092 443//3092 2621//3092
f 2621//1943 443//1943 446//1943
f 2621//1944 446//1944 2622//1944
f 2622//3093 446//3093 448//3093
f 2622//3094 448//3094 2623//3094
f 2624//3095 468//3095 2625//3095
f 2625//3096 468//3096 470//3096
f 2625//3097 470//3097 2626//3097
f 2626//3098 470//3098 471//3098
f 2626//3099 471//3099 2627//3099
f 2627//1952 471//1952 474//1952
f 2627//1953 474//1953 2628//1953
f 2628//3100 474//3100 476//3100
f 2628//3101 476//3101 2629//3101
f 448//3102 450//3102 2623//3102
f 2623//3103 450//3103 452//3103
f 2623//3104 452//3104 2630//3104
f 2630//3105 452//3105 454//3105
f 2630//3106 454//3106 2631//3106
f 2631//3107 454//3107 455//3107
f 2631//3108 455//3108 2632//3108
f 2632//3109 455//3109 458//3109
f 2632//3110 458//3110 2633//3110
f 2633//3111 458//3111 460//3111
f 2633//3112 460//3112 2634//3112
f 2634//3113 460//3113 462//3113
f 2634//3114 462//3114 2635//3114
f 2635//3115 462//3115 464//3115
f 2635//3116 464//3116 2624//3116
f 2624//3117 464//3117 466//3117
f 2624//3118 466//3118 468//3118
f 2636//1973 2481//1973 2637//1973
f 2637//1974 2481//1974 2483//1974
f 2637//3119 2483//3119 2638//3119
f 2638//1976 2483//1976 2485//1976
f 2638//3120 2485//3120 2639//3120
f 2639//3121 2485//3121 2487//3121
f 2639//1978 2487//1978 2640//1978
f 2640//3122 2487//3122 2489//3122
f 2640//1980 2489//1980 2629//1980
f 2629//1980 2489//1980 2491//1980
f 2629//1981 2491//1981 2628//1981
f 2628//1981 2491//1981 2493//1981
f 2628//1984 2493//1984 2627//1984
f 2627//1984 2493//1984 2495//1984
f 2627//1986 2495//1986 2626//1986
f 2626//1985 2495//1985 2497//1985
f 2626//3123 2497//3123 2625//3123
f 2625//1987 2497//1987 2499//1987
f 2625//1988 2499//1988 2624//1988
f 2624//1988 2499//1988 2501//1988
f 2624//1989 2501//1989 2635//1989
f 2635//1989 2501//1989 2503//1989
f 2635//1991 2503//1991 2634//1991
f 2634//1990 2503//1990 2505//1990
f 2634//1993 2505//1993 2633//1993
f 2633//1993 2505//1993 2507//1993
f 2633//1994 2507//1994 2632//1994
f 2632//1994 2507//1994 2509//1994
f 2632//1997 2509//1997 2631//1997
f 2631//1997 2509//1997 2511//1997
f 2631//1998 2511//1998 2630//1998
f 2630//1998 2511//1998 2513//1998
f 2630//2001 2513//2001 2623//2001
f 2623//2001 2513//2001 2515//2001
f 2623//2002 2515//2002 2622//2002
f 2622//2002 2515//2002 2517//2002
f 2622//2005 2517//2005 2621//2005
f 2621//2005 2517//2005 2519//2005
f 2621//2006 2519//2006 2620//2006
f 2620//2006 2519//2006 2521//2006
f 2620//2007 2521//2007 2619//2007
f 2619//2007 2521//2007 2523//2007
f 2619//2008 2523//2008 2618//2008
f 2618//3124 2523//3124 2525//3124
f 2618//2009 2525//2009 2617//2009
f 2617//3125 2525//3125 2527//3125
f 2617//2011 2527//2011 2616//2011
f 2616//3126 2527//3126 2529//3126
f 2616//3127 2529//3127 2615//3127
f 2615//2013 2529//2013 2531//2013
f 2615//2014 2531//2014 2614//2014
f 2614//3128 2531//3128 2533//3128
f 2614//3129 2533//3129 2613//3129
f 2613//2791 2533//2791 2535//2791
f 2613//2016 2535//2016 2612//2016
f 2612//3130 2535//3130 2537//3130
f 2612//3131 2537//3131 2611//3131
f 2611//3132 2537//3132 2539//3132
f 2611//3133 2539//3133 2610//3133
f 2610//3134 2539//3134 2541//3134
f 2610//3135 2541//3135 2609//3135
f 2609//2023 2541//2023 2543//2023
f 2609//3136 2543//3136 2641//3136
f 2641//3136 2543//3136 2545//3136
f 2641//3137 2545//3137 2642//3137
f 2642//3138 2545//3138 2547//3138
f 2642//3139 2547//3139 2643//3139
f 2643//2029 2547//2029 2549//2029
f 2643//2030 2549//2030 2644//2030
f 2644//3140 2549//3140 2551//3140
f 2644//3141 2551//3141 2474//3141
f 2474//2799 2551//2799 2553//2799
f 2474//2033 2553//2033 2473//2033
f 2473//2033 2553//2033 2555//2033
f 2473//2034 2555//2034 2472//2034
f 2472//2802 2555//2802 2557//2802
f 2472//3142 2557//3142 2471//3142
f 2471//2037 2557//2037 2559//2037
f 2471//3143 2559//3143 2470//3143
f 2470//2038 2559//2038 2561//2038
f 2470//2039 2561//2039 2469//2039
f 2469//2040 2561//2040 2563//2040
f 2469//2041 2563//2041 2468//2041
f 2468//2041 2563//2041 2565//2041
f 2468//2042 2565//2042 2467//2042
f 2467//2042 2565//2042 2567//2042
f 2467//2044 2567//2044 2480//2044
f 2480//2043 2567//2043 2569//2043
f 2480//2046 2569//2046 2479//2046
f 2479//2045 2569//2045 2571//2045
f 2479//2047 2571//2047 2478//2047
f 2478//2047 2571//2047 2573//2047
f 2478//2050 2573//2050 2477//2050
f 2477//2050 2573//2050 2575//2050
f 2477//2051 2575//2051 2476//2051
f 2476//2051 2575//2051 2577//2051
f 2476//2054 2577//2054 2475//2054
f 2475//2054 2577//2054 2579//2054
f 2475//2055 2579//2055 2459//2055
f 2459//2055 2579//2055 2581//2055
f 2459//2058 2581//2058 2458//2058
f 2458//2058 2581//2058 2583//2058
f 2458//2059 2583//2059 2457//2059
f 2457//2059 2583//2059 2585//2059
f 2457//2060 2585//2060 2456//2060
f 2456//2060 2585//2060 2587//2060
f 2456//2061 2587//2061 2455//2061
f 2455//3144 2587//3144 2589//3144
f 2455//2063 2589//2063 2454//2063
f 2454//2062 2589//2062 2591//2062
f 2454//2803 2591//2803 2466//2803
f 2466//2803 2591//2803 2593//2803
f 2466//2066 2593//2066 2465//2066
f 2465//2066 2593//2066 2595//2066
f 2465//2068 2595//2068 2464//2068
f 2464//2067 2595//2067 2597//2067
f 2464//2069 2597//2069 2463//2069
f 2463//2804 2597//2804 2599//2804
f 2463//2071 2599//2071 2462//2071
f 2462//2071 2599//2071 2601//2071
f 2462//2073 2601//2073 2461//2073
f 2461//2073 2601//2073 2603//2073
f 2461//2074 2603//2074 2460//2074
f 2460//3145 2603//3145 2605//3145
f 2460//2076 2605//2076 2645//2076
f 2645//2076 2605//2076 2607//2076
f 2645//2077 2607//2077 2636//2077
f 2636//2077 2607//2077 2481//2077
f 2646//3146 534//3146 2647//3146
f 2647//3147 534//3147 533//3147
f 2647//3148 533//3148 2648//3148
f 2648//3148 533//3148 550//3148
f 2648//2824 550//2824 2649//2824
f 2649//3149 550//3149 568//3149
f 2649//3150 568//3150 2443//3150
f 2443//3151 568//3151 567//3151
f 2443//3152 567//3152 565//3152
f 544//3153 549//3153 2650//3153
f 2650//3154 549//3154 548//3154
f 2650//3155 548//3155 2651//3155
f 2651//3156 548//3156 546//3156
f 2651//3157 546//3157 2652//3157
f 2652//3158 546//3158 545//3158
f 2652//3159 545//3159 2646//3159
f 2646//3160 545//3160 551//3160
f 2646//3161 551//3161 534//3161
f 2653//3162 2654//3162 560//3162
f 560//3163 2654//3163 561//3163
f 2653//3164 560//3164 2655//3164
f 2655//3165 560//3165 559//3165
f 2655//3166 559//3166 2656//3166
f 559//3167 540//3167 2656//3167
f 2656//3168 540//3168 542//3168
f 2656//3169 542//3169 2657//3169
f 2657//3170 542//3170 544//3170
f 2657//3171 544//3171 2658//3171
f 2658//3172 544//3172 2650//3172
f 561//3173 2654//3173 539//3173
f 539//3174 2654//3174 2659//3174
f 539//3175 2659//3175 537//3175
f 537//3176 2659//3176 2660//3176
f 537//3177 2660//3177 535//3177
f 535//3178 2660//3178 2661//3178
f 535//3179 2661//3179 532//3179
f 532//3180 2661//3180 2662//3180
f 532//3181 2662//3181 531//3181
f 531//2625 2662//2625 2663//2625
f 531//2624 2663//2624 2664//2624
f 637//3182 636//3182 2665//3182
f 2665//3183 636//3183 635//3183
f 2665//3184 635//3184 2664//3184
f 2664//3185 635//3185 521//3185
f 2664//3186 521//3186 531//3186
f 2665//3187 2666//3187 637//3187
f 637//3188 2666//3188 2667//3188
f 637//3189 2667//3189 631//3189
f 631//3190 2667//3190 2668//3190
f 631//3191 2668//3191 629//3191
f 629//3192 2668//3192 628//3192
f 2422//3193 619//3193 2669//3193
f 2669//3194 619//3194 621//3194
f 2669//3195 621//3195 2670//3195
f 621//3196 622//3196 2670//3196
f 2670//3197 622//3197 626//3197
f 2670//3198 626//3198 2671//3198
f 2671//3199 626//3199 628//3199
f 2671//3200 628//3200 2672//3200
f 2672//3201 628//3201 2668//3201
f 2673//2631 2674//2631 2675//2631
f 2675//2631 2674//2631 2676//2631
f 2675//2632 2676//2632 2677//2632
f 2677//2632 2676//2632 2678//2632
f 2677//2634 2678//2634 2679//2634
f 2679//2634 2678//2634 2680//2634
f 2679//3202 2680//3202 2681//3202
f 2681//3202 2680//3202 2682//3202
f 2681//2638 2682//2638 2683//2638
f 2683//2638 2682//2638 2423//2638
f 2683//2640 2423//2640 2684//2640
f 2684//3203 2423//3203 2422//3203
f 2684//3204 2422//3204 2685//3204
f 2685//2641 2422//2641 2669//2641
f 2685//2642 2669//2642 2686//2642
f 2686//2642 2669//2642 2670//2642
f 2686//2643 2670//2643 2687//2643
f 2687//3205 2670//3205 2671//3205
f 2687//3206 2671//3206 2688//3206
f 2688//2644 2671//2644 2672//2644
f 2688//2645 2672//2645 2689//2645
f 2689//2645 2672//2645 2668//2645
f 2689//2647 2668//2647 2690//2647
f 2690//2647 2668//2647 2667//2647
f 2690//2649 2667//2649 2691//2649
f 2691//2648 2667//2648 2666//2648
f 2691//2650 2666//2650 2692//2650
f 2692//2650 2666//2650 2665//2650
f 2692//2651 2665//2651 2693//2651
f 2693//2652 2665//2652 2664//2652
f 2693//2653 2664//2653 2694//2653
f 2694//2653 2664//2653 2663//2653
f 2694//2654 2663//2654 2695//2654
f 2695//2654 2663//2654 2662//2654
f 2695//2656 2662//2656 2696//2656
f 2696//2655 2662//2655 2661//2655
f 2696//2657 2661//2657 2697//2657
f 2697//2657 2661//2657 2660//2657
f 2697//2658 2660//2658 2698//2658
f 2698//2658 2660//2658 2659//2658
f 2698//2660 2659//2660 2699//2660
f 2699//2660 2659//2660 2654//2660
f 2699//2661 2654//2661 2700//2661
f 2700//2661 2654//2661 2653//2661
f 2700//2662 2653//2662 2701//2662
f 2701//2662 2653//2662 2655//2662
f 2701//2664 2655//2664 2702//2664
f 2702//2664 2655//2664 2656//2664
f 2702//2665 2656//2665 2703//2665
f 2703//2665 2656//2665 2657//2665
f 2703//3207 2657//3207 2704//3207
f 2704//3207 2657//3207 2658//3207
f 2704//3208 2658//3208 2705//3208
f 2705//2670 2658//2670 2650//2670
f 2705//2671 2650//2671 2706//2671
f 2706//2672 2650//2672 2651//2672
f 2706//3209 2651//3209 2707//3209
f 2707//2674 2651//2674 2652//2674
f 2707//3210 2652//3210 2708//3210
f 2708//2676 2652//2676 2646//2676
f 2708//2677 2646//2677 2709//2677
f 2709//3211 2646//3211 2647//3211
f 2709//2679 2647//2679 2710//2679
f 2710//2679 2647//2679 2648//2679
f 2710//2680 2648//2680 2711//2680
f 2711//2680 2648//2680 2649//2680
f 2711//3212 2649//3212 2712//3212
f 2712//2682 2649//2682 2443//2682
f 2712//2683 2443//2683 2713//2683
f 2713//2684 2443//2684 2444//2684
f 2713//2686 2444//2686 2714//2686
f 2714//3213 2444//3213 2445//3213
f 2714//2688 2445//2688 2715//2688
f 2715//2687 2445//2687 2425//2687
f 2715//3214 2425//3214 2716//3214
f 2716//3214 2425//3214 2424//3214
f 2716//3215 2424//3215 2717//3215
f 2717//3215 2424//3215 2441//3215
f 2717//2692 2441//2692 2718//2692
f 2718//2692 2441//2692 2442//2692
f 2718//2693 2442//2693 2719//2693
f 2719//2693 2442//2693 2446//2693
f 2719//2695 2446//2695 2720//2695
f 2720//2695 2446//2695 2447//2695
f 2720//2696 2447//2696 2721//2696
f 2721//2696 2447//2696 2440//2696
f 2721//2697 2440//2697 2722//2697
f 2722//2697 2440//2697 2439//2697
f 2722//2699 2439//2699 2723//2699
f 2723//2699 2439//2699 2438//2699
f 2723//2700 2438//2700 2724//2700
f 2724//2700 2438//2700 2437//2700
f 2724//2701 2437//2701 2725//2701
f 2725//2702 2437//2702 2448//2702
f 2725//2703 2448//2703 2726//2703
f 2726//2703 2448//2703 2449//2703
f 2726//2704 2449//2704 2727//2704
f 2727//2704 2449//2704 2450//2704
f 2727//2705 2450//2705 2728//2705
f 2728//2706 2450//2706 2451//2706
f 2728//2707 2451//2707 2729//2707
f 2729//2707 2451//2707 2452//2707
f 2729//2709 2452//2709 2730//2709
f 2730//2708 2452//2708 2453//2708
f 2730//2710 2453//2710 2731//2710
f 2731//2710 2453//2710 2427//2710
f 2731//2712 2427//2712 2732//2712
f 2732//2712 2427//2712 2426//2712
f 2732//2713 2426//2713 2733//2713
f 2733//3216 2426//3216 2433//3216
f 2733//2714 2433//2714 2734//2714
f 2734//2714 2433//2714 2434//2714
f 2734//2715 2434//2715 2735//2715
f 2735//2715 2434//2715 2435//2715
f 2735//2716 2435//2716 2736//2716
f 2736//3217 2435//3217 2436//3217
f 2736//3218 2436//3218 2737//3218
f 2737//2717 2436//2717 2432//2717
f 2737//2719 2432//2719 2738//2719
f 2738//3219 2432//3219 2431//3219
f 2738//3220 2431//3220 2739//3220
f 2739//3220 2431//3220 2430//3220
f 2739//2832 2430//2832 2740//2832
f 2740//2832 2430//2832 2428//2832
f 2740//3221 2428//3221 2741//3221
f 2741//2424 2428//2424 2429//2424
f 2741//2630 2429//2630 2673//2630
f 2673//2630 2429//2630 2674//2630
f 2674//3222 2429//3222 612//3222
f 2674//3223 612//3223 2676//3223
f 2676//3224 612//3224 611//3224
f 2676//3225 611//3225 2678//3225
f 2678//3226 611//3226 625//3226
f 2678//3227 625//3227 2680//3227
f 2680//3228 625//3228 624//3228
f 2680//3229 624//3229 2682//3229
f 2682//3230 624//3230 623//3230
f 2682//3231 623//3231 2423//3231
f 2423//3232 623//3232 617//3232
f 2423//3233 617//3233 619//3233
f 403//3234 405//3234 2474//3234
f 2474//3235 405//3235 407//3235
f 2474//3236 407//3236 2644//3236
f 2644//2247 407//2247 409//2247
f 2644//2248 409//2248 2643//2248
f 2643//3237 409//3237 410//3237
f 2643//3238 410//3238 2642//3238
f 2642//3239 410//3239 413//3239
f 2642//3240 413//3240 2641//3240
f 2641//3241 413//3241 415//3241
f 2641//3242 415//3242 2609//3242
f 2609//2255 415//2255 417//2255
f 2609//2256 417//2256 419//2256
f 476//3243 478//3243 2629//3243
f 2629//3244 478//3244 480//3244
f 2629//3245 480//3245 2640//3245
f 2640//3246 480//3246 482//3246
f 2640//2261 482//2261 2639//2261
f 2639//2262 482//2262 484//2262
f 2639//3247 484//3247 2638//3247
f 2638//3248 484//3248 486//3248
f 2638//3249 486//3249 2637//3249
f 2637//3250 486//3250 487//3250
f 2637//3251 487//3251 2636//3251
f 2636//3252 487//3252 490//3252
f 2636//3253 490//3253 2645//3253
f 2645//2270 490//2270 492//2270
f 2645//3254 492//3254 2460//3254
f 2460//3255 492//3255 494//3255
f 2460//3256 494//3256 496//3256
f 2482//3257 2675//3257 2484//3257
f 2484//2484 2675//2484 2677//2484
f 2484//3258 2677//3258 2486//3258
f 2486//2485 2677//2485 2679//2485
f 2486//3259 2679//3259 2488//3259
f 2488//3259 2679//3259 2681//3259
f 2488//3260 2681//3260 2490//3260
f 2490//2488 2681//2488 2683//2488
f 2490//2490 2683//2490 2492//2490
f 2492//3261 2683//3261 2684//3261
f 2492//2491 2684//2491 2494//2491
f 2494//2491 2684//2491 2685//2491
f 2494//2492 2685//2492 2496//2492
f 2496//2492 2685//2492 2686//2492
f 2496//2493 2686//2493 2498//2493
f 2498//3262 2686//3262 2687//3262
f 2498//2494 2687//2494 2500//2494
f 2500//2494 2687//2494 2688//2494
f 2500//2495 2688//2495 2502//2495
f 2502//2495 2688//2495 2689//2495
f 2502//2497 2689//2497 2504//2497
f 2504//2497 2689//2497 2690//2497
f 2504//2498 2690//2498 2506//2498
f 2506//2498 2690//2498 2691//2498
f 2506//2499 2691//2499 2508//2499
f 2508//2500 2691//2500 2692//2500
f 2508//2501 2692//2501 2510//2501
f 2510//3263 2692//3263 2693//3263
f 2510//2502 2693//2502 2512//2502
f 2512//2503 2693//2503 2694//2503
f 2512//2504 2694//2504 2514//2504
f 2514//2505 2694//2505 2695//2505
f 2514//3264 2695//3264 2516//3264
f 2516//3264 2695//3264 2696//3264
f 2516//2507 2696//2507 2518//2507
f 2518//2508 2696//2508 2697//2508
f 2518//2509 2697//2509 2520//2509
f 2520//2509 2697//2509 2698//2509
f 2520//2510 2698//2510 2522//2510
f 2522//2510 2698//2510 2699//2510
f 2522//2511 2699//2511 2524//2511
f 2524//2512 2699//2512 2700//2512
f 2524//2513 2700//2513 2526//2513
f 2526//2513 2700//2513 2701//2513
f 2526//2514 2701//2514 2528//2514
f 2528//2514 2701//2514 2702//2514
f 2528//2516 2702//2516 2530//2516
f 2530//2516 2702//2516 2703//2516
f 2530//2517 2703//2517 2532//2517
f 2532//2517 2703//2517 2704//2517
f 2532//3265 2704//3265 2534//3265
f 2534//2518 2704//2518 2705//2518
f 2534//2519 2705//2519 2536//2519
f 2536//2520 2705//2520 2706//2520
f 2536//2521 2706//2521 2538//2521
f 2538//2522 2706//2522 2707//2522
f 2538//2523 2707//2523 2540//2523
f 2540//2524 2707//2524 2708//2524
f 2540//2525 2708//2525 2542//2525
f 2542//3266 2708//3266 2709//3266
f 2542//2526 2709//2526 2544//2526
f 2544//2527 2709//2527 2710//2527
f 2544//2528 2710//2528 2546//2528
f 2546//2529 2710//2529 2711//2529
f 2546//2530 2711//2530 2548//2530
f 2548//2531 2711//2531 2712//2531
f 2548//2532 2712//2532 2550//2532
f 2550//2533 2712//2533 2713//2533
f 2550//2326 2713//2326 2552//2326
f 2552//2534 2713//2534 2714//2534
f 2552//2535 2714//2535 2554//2535
f 2554//2536 2714//2536 2715//2536
f 2554//2537 2715//2537 2556//2537
f 2556//2537 2715//2537 2716//2537
f 2556//2539 2716//2539 2558//2539
f 2558//2539 2716//2539 2717//2539
f 2558//2540 2717//2540 2560//2540
f 2560//2540 2717//2540 2718//2540
f 2560//2541 2718//2541 2562//2541
f 2562//2541 2718//2541 2719//2541
f 2562//2542 2719//2542 2564//2542
f 2564//2542 2719//2542 2720//2542
f 2564//2543 2720//2543 2566//2543
f 2566//2544 2720//2544 2721//2544
f 2566//2545 2721//2545 2568//2545
f 2568//2545 2721//2545 2722//2545
f 2568//2546 2722//2546 2570//2546
f 2570//2546 2722//2546 2723//2546
f 2570//2547 2723//2547 2572//2547
f 2572//2548 2723//2548 2724//2548
f 2572//3267 2724//3267 2574//3267
f 2574//3267 2724//3267 2725//3267
f 2574//2551 2725//2551 2576//2551
f 2576//2551 2725//2551 2726//2551
f 2576//2552 2726//2552 2578//2552
f 2578//2552 2726//2552 2727//2552
f 2578//2555 2727//2555 2580//2555
f 2580//2554 2727//2554 2728//2554
f 2580//2556 2728//2556 2582//2556
f 2582//2556 2728//2556 2729//2556
f 2582//2558 2729//2558 2584//2558
f 2584//2558 2729//2558 2730//2558
f 2584//2559 2730//2559 2586//2559
f 2586//2559 2730//2559 2731//2559
f 2586//2561 2731//2561 2588//2561
f 2588//2561 2731//2561 2732//2561
f 2588//2562 2732//2562 2590//2562
f 2590//2562 2732//2562 2733//2562
f 2590//2563 2733//2563 2592//2563
f 2592//2563 2733//2563 2734//2563
f 2592//2564 2734//2564 2594//2564
f 2594//2564 2734//2564 2735//2564
f 2594//2565 2735//2565 2596//2565
f 2596//2565 2735//2565 2736//2565
f 2596//2566 2736//2566 2598//2566
f 2598//2566 2736//2566 2737//2566
f 2598//3268 2737//3268 2600//3268
f 2600//3268 2737//3268 2738//3268
f 2600//2569 2738//2569 2602//2569
f 2602//2569 2738//2569 2739//2569
f 2602//2371 2739//2371 2604//2371
f 2604//2833 2739//2833 2740//2833
f 2604//2479 2740//2479 2606//2479
f 2606//3269 2740//3269 2741//3269
f 2606//2481 2741//2481 2608//2481
f 2608//2481 2741//2481 2673//2481
f 2608//2482 2673//2482 2482//2482
f 2482//2482 2673//2482 2675//2482
f 2742//3270 2743//3270 2744//3270
f 2745//3270 2746//3270 2747//3270
f 2748//3270 2749//3270 2750//3270
f 2745//3270 2747//3270 2751//3270
f 2752//3270 2753//3270 2744//3270
f 2744//3270 2753//3270 2754//3270
f 2744//3270 2754//3270 2742//3270
f 2748//3270 2750//3270 2755//3270
f 2755//3270 2750//3270 2756//3270
f 2755//3270 2756//3270 2757//3270
f 2757//3270 2756//3270 2758//3270
f 2757//3270 2758//3270 2759//3270
f 2759//3270 2758//3270 2760//3270
f 2759//3270 2760//3270 2761//3270
f 2761//3270 2760//3270 2762//3270
f 2761//3270 2762//3270 2763//3270
f 2742//3270 2764//3270 2743//3270
f 2743//3270 2764//3270 2765//3270
f 2743//3270 2765//3270 2766//3270
f 2766//3270 2765//3270 2767//3270
f 2766//3270 2767//3270 2768//3270
f 2769//3270 2770//3270 2771//3270
f 2771//3270 2770//3270 2772//3270
f 2771//3270 2772//3270 2752//3270
f 2752//3270 2772//3270 2773//3270
f 2752//3270 2773//3270 2753//3270
f 2747//3270 2774//3270 2751//3270
f 2751//3270 2774//3270 2775//3270
f 2751//3270 2775//3270 2776//3270
f 2776//3270 2775//3270 2769//3270
f 2776//3270 2769//3270 2777//3270
f 2777//3270 2769//3270 2771//3270
f 2778//3270 2779//3270 2780//3270
f 2780//3270 2779//3270 2781//3270
f 2780//3270 2781//3270 2782//3270
f 2782//3270 2781//3270 2783//3270
f 2782//3270 2783//3270 2784//3270
f 2784//3270 2783//3270 2785//3270
f 2784//3270 2785//3270 2786//3270
f 2786//3270 2785//3270 2787//3270
f 2786//3270 2787//3270 2748//3270
f 2748//3270 2787//3270 2788//3270
f 2748//3270 2788//3270 2749//3270
f 2746//3270 2745//3270 2789//3270
f 2789//3270 2745//3270 2790//3270
f 2789//3270 2790//3270 2791//3270
f 2780//3270 2792//3270 2778//3270
f 2778//3270 2792//3270 2793//3270
f 2778//3270 2793//3270 2794//3270
f 2794//3270 2793//3270 2795//3270
f 2794//3270 2795//3270 2796//3270
f 2796//3270 2795//3270 2797//3270
f 2797//3270 2795//3270 2798//3270
f 2797//3270 2798//3270 2799//3270
f 2799//3270 2798//3270 2800//3270
f 2799//3270 2800//3270 2801//3270
f 2801//3270 2800//3270 2802//3270
f 2801//3270 2802//3270 2803//3270
f 2767//3270 2804//3270 2768//3270
f 2768//3270 2804//3270 2805//3270
f 2768//3270 2805//3270 2806//3270
f 2806//3270 2805//3270 2807//3270
f 2806//3270 2807//3270 2808//3270
f 2808//3270 2807//3270 2809//3270
f 2808//3270 2809//3270 2810//3270
f 2810//3270 2809//3270 2811//3270
f 2810//3270 2811//3270 2812//3270
f 2812//3270 2811//3270 2813//3270
f 2812//3270 2813//3270 2814//3270
f 2814//3270 2813//3270 2815//3270
f 2814//3270 2815//3270 2816//3270
f 2816//3270 2815//3270 2817//3270
f 2816//3270 2817//3270 2818//3270
f 2818//3270 2817//3270 2819//3270
f 2818//3270 2819//3270 2820//3270
f 2820//3270 2819//3270 2821//3270
f 2820//3270 2821//3270 2822//3270
f 2822//3270 2821//3270 2823//3270
f 2822//3270 2823//3270 2824//3270
f 2824//3270 2823//3270 2803//3270
f 2824//3270 2803//3270 2825//3270
f 2825//3270 2803//3270 2802//3270
f 2762//3270 2826//3270 2763//3270
f 2763//3270 2826//3270 2827//3270
f 2763//3270 2827//3270 2828//3270
f 2828//3270 2827//3270 2829//3270
f 2828//3270 2829//3270 2830//3270
f 2830//3270 2829//3270 2831//3270
f 2830//3270 2831//3270 2832//3270
f 2832//3270 2831//3270 2833//3270
f 2832//3270 2833//3270 2834//3270
f 2834//3270 2833//3270 2835//3270
f 2834//3270 2835//3270 2836//3270
f 2836//3270 2835//3270 2837//3270
f 2836//3270 2837//3270 2838//3270
f 2838//3270 2837//3270 2839//3270
f 2838//3270 2839//3270 2840//3270
f 2840//3270 2839//3270 2841//3270
f 2840//3270 2841//3270 2842//3270
f 2842//3270 2841//3270 2843//3270
f 2842//3270 2843//3270 2844//3270
f 2844//3270 2843//3270 2845//3270
f 2844//3270 2845//3270 2846//3270
f 2846//3270 2845//3270 2847//3270
f 2846//3270 2847//3270 2848//3270
f 2848//3270 2847//3270 2849//3270
f 2848//3270 2849//3270 2850//3270
f 2850//3270 2849//3270 2851//3270
f 2850//3270 2851//3270 2852//3270
f 2852//3270 2851//3270 2853//3270
f 2852//3270 2853//3270 2854//3270
f 2854//3270 2853//3270 2855//3270
f 2854//3270 2855//3270 2856//3270
f 2856//3270 2855//3270 2857//3270
f 2856//3270 2857//3270 2858//3270
f 2858//3270 2857//3270 2791//3270
f 2858//3270 2791//3270 2859//3270
f 2859//3270 2791//3270 2790//3270
f 2860//3271 2861//3271 2862//3271
f 2860//3272 2862//3272 2863//3272
f 2863//3273 2862//3273 2864//3273
f 2863//3274 2864//3274 2865//3274
f 2865//3275 2864//3275 2866//3275
f 2866//3276 2864//3276 2867//3276
f 2866//3277 2867//3277 2868//3277
f 2869//3278 2870//3278 2871//3278
f 2871//3279 2870//3279 2872//3279
f 2871//3280 2872//3280 2867//3280
f 2867//3281 2872//3281 2873//3281
f 2867//3282 2873//3282 2868//3282
f 2874//3283 2875//3283 2876//3283
f 2876//3284 2875//3284 2877//3284
f 2876//3285 2877//3285 2871//3285
f 2871//3286 2877//3286 2878//3286
f 2871//3287 2878//3287 2869//3287
f 2879//3288 2880//3288 2874//3288
f 2874//3289 2880//3289 2881//3289
f 2874//3290 2881//3290 2875//3290
f 2879//3291 2874//3291 2882//3291
f 2882//3292 2874//3292 2883//3292
f 2882//3293 2883//3293 2884//3293
f 2884//3294 2883//3294 2885//3294
f 2884//3295 2885//3295 2886//3295
f 2887//3296 2888//3296 2889//3296
f 2889//3297 2888//3297 2890//3297
f 2889//3298 2890//3298 2885//3298
f 2885//3299 2890//3299 2891//3299
f 2885//3300 2891//3300 2886//3300
f 2892//3301 2893//3301 2894//3301
f 2894//3302 2893//3302 2895//3302
f 2895//3303 2896//3303 2894//3303
f 2894//3304 2896//3304 2897//3304
f 2894//3305 2897//3305 2889//3305
f 2889//3306 2897//3306 2898//3306
f 2889//3307 2898//3307 2887//3307
f 2899//3308 2900//3308 2901//3308
f 2901//3309 2900//3309 2902//3309
f 2902//3310 2903//3310 2901//3310
f 2901//3311 2903//3311 2904//3311
f 2901//3312 2904//3312 2892//3312
f 2892//3313 2904//3313 2905//3313
f 2892//3314 2905//3314 2893//3314
f 2906//3315 2907//3315 2908//3315
f 2908//3316 2909//3316 2906//3316
f 2906//3317 2909//3317 2910//3317
f 2906//3318 2910//3318 2899//3318
f 2899//3319 2910//3319 2911//3319
f 2899//3320 2911//3320 2900//3320
f 2912//3321 2913//3321 2914//3321
f 2914//3322 2913//3322 2915//3322
f 2914//3323 2915//3323 2916//3323
f 2912//3324 2917//3324 2913//3324
f 2913//3325 2917//3325 2918//3325
f 2913//3326 2918//3326 2907//3326
f 2907//3327 2918//3327 2919//3327
f 2907//3328 2919//3328 2908//3328
f 2916//3329 2915//3329 2920//3329
f 2920//3330 2915//3330 2921//3330
f 2920//3331 2921//3331 2922//3331
f 2923//3332 2924//3332 2925//3332
f 2923//3333 2925//3333 2926//3333
f 2925//3334 2927//3334 2926//3334
f 2926//3335 2927//3335 2928//3335
f 2926//3336 2928//3336 2921//3336
f 2921//3337 2928//3337 2929//3337
f 2921//3338 2929//3338 2922//3338
f 2930//3339 2931//3339 2932//3339
f 2930//3340 2932//3340 2933//3340
f 2933//3341 2932//3341 2934//3341
f 2933//3342 2934//3342 2923//3342
f 2923//3343 2934//3343 2935//3343
f 2923//3344 2935//3344 2924//3344
f 2936//3345 2937//3345 2938//3345
f 2938//3346 2937//3346 2939//3346
f 2938//3347 2939//3347 2930//3347
f 2930//3348 2939//3348 2940//3348
f 2930//3349 2940//3349 2931//3349
f 2941//3350 2942//3350 2936//3350
f 2936//3351 2942//3351 2943//3351
f 2936//3352 2943//3352 2937//3352
f 2944//3353 2945//3353 2946//3353
f 2946//3354 2945//3354 2947//3354
f 2946//3355 2947//3355 2941//3355
f 2941//3356 2947//3356 2948//3356
f 2941//3357 2948//3357 2942//3357
f 2944//3358 2946//3358 2949//3358
f 2949//3359 2946//3359 2950//3359
f 2949//3360 2950//3360 2951//3360
f 2951//3361 2950//3361 2952//3361
f 2952//3362 2950//3362 2953//3362
f 2952//3363 2953//3363 2954//3363
f 2955//3364 2956//3364 2953//3364
f 2953//3365 2956//3365 2957//3365
f 2953//3366 2957//3366 2954//3366
f 2958//3367 2959//3367 2960//3367
f 2960//3368 2959//3368 2961//3368
f 2960//3369 2961//3369 2955//3369
f 2955//3370 2961//3370 2962//3370
f 2955//3371 2962//3371 2956//3371
f 2958//3372 2960//3372 2963//3372
f 2963//3373 2960//3373 2964//3373
f 2963//3374 2964//3374 2965//3374
f 2966//3375 2967//3375 2964//3375
f 2964//3376 2967//3376 2968//3376
f 2964//3377 2968//3377 2965//3377
f 2969//3378 2970//3378 2966//3378
f 2966//3379 2970//3379 2971//3379
f 2966//3380 2971//3380 2967//3380
f 2972//3381 2973//3381 2974//3381
f 2974//3382 2975//3382 2972//3382
f 2972//3383 2975//3383 2976//3383
f 2972//3384 2976//3384 2969//3384
f 2969//3385 2976//3385 2977//3385
f 2969//3386 2977//3386 2970//3386
f 2973//3387 2972//3387 2978//3387
f 2978//3388 2972//3388 2979//3388
f 2978//3389 2979//3389 2980//3389
f 2980//3390 2979//3390 2981//3390
f 2981//3391 2979//3391 2982//3391
f 2981//3392 2982//3392 2983//3392
f 2984//3393 2985//3393 2986//3393
f 2986//3394 2985//3394 2987//3394
f 2986//3395 2987//3395 2982//3395
f 2982//3396 2987//3396 2988//3396
f 2982//3397 2988//3397 2983//3397
f 2984//3398 2986//3398 2989//3398
f 2989//3399 2986//3399 2990//3399
f 2989//3400 2990//3400 2991//3400
f 2861//3401 2992//3401 2862//3401
f 2862//3402 2992//3402 2993//3402
f 2862//3403 2993//3403 2990//3403
f 2990//3404 2993//3404 2994//3404
f 2990//3405 2994//3405 2991//3405
f 2995//3406 2996//3406 2997//3406
f 2998//3407 2999//3407 3000//3407
f 3000//3408 2999//3408 3001//3408
f 3002//3409 3003//3409 3001//3409
f 3001//3410 3003//3410 3004//3410
f 3001//3411 3004//3411 3000//3411
f 3005//3412 3006//3412 3002//3412
f 3002//3413 3006//3413 3007//3413
f 3002//3414 3007//3414 3003//3414
f 3008//3415 3009//3415 3010//3415
f 3010//3416 3009//3416 3011//3416
f 3010//3417 3011//3417 3005//3417
f 3005//3418 3011//3418 3012//3418
f 3005//3419 3012//3419 3006//3419
f 3008//3420 3010//3420 3013//3420
f 3013//3421 3010//3421 3014//3421
f 3013//3422 3014//3422 3015//3422
f 3015//3423 3014//3423 3016//3423
f 3016//3424 3014//3424 3017//3424
f 3016//3425 3017//3425 3018//3425
f 3019//3426 3020//3426 3021//3426
f 3021//3427 3020//3427 3022//3427
f 3021//3428 3022//3428 3017//3428
f 3017//3429 3022//3429 3023//3429
f 3017//3430 3023//3430 3018//3430
f 3024//3431 3025//3431 3026//3431
f 3026//3432 3025//3432 3027//3432
f 3026//3433 3027//3433 3021//3433
f 3021//3434 3027//3434 3028//3434
f 3021//3435 3028//3435 3019//3435
f 3029//3436 3030//3436 3024//3436
f 3024//3437 3030//3437 3031//3437
f 3024//3438 3031//3438 3025//3438
f 2997//3439 2996//3439 3032//3439
f 2996//3440 3033//3440 3032//3440
f 3032//3441 3033//3441 3034//3441
f 3032//3442 3034//3442 3024//3442
f 3024//3443 3034//3443 3035//3443
f 3024//3444 3035//3444 3029//3444
f 3036//3445 3037//3445 3038//3445
f 3038//3446 3039//3446 3036//3446
f 3036//3447 3039//3447 3040//3447
f 3036//3448 3040//3448 2997//3448
f 2997//3449 3040//3449 3041//3449
f 2997//3450 3041//3450 2995//3450
f 3042//3451 3043//3451 3044//3451
f 3044//3452 3043//3452 3045//3452
f 3044//3453 3045//3453 3046//3453
f 3046//3454 3047//3454 3044//3454
f 3044//3455 3047//3455 3048//3455
f 3044//3456 3048//3456 3037//3456
f 3037//3457 3048//3457 3049//3457
f 3037//3458 3049//3458 3038//3458
f 3050//3459 3051//3459 3052//3459
f 3052//3460 3053//3460 3050//3460
f 3050//3461 3053//3461 3054//3461
f 3050//3462 3054//3462 3042//3462
f 3042//3463 3054//3463 3055//3463
f 3042//3464 3055//3464 3043//3464
f 3056//3465 3057//3465 3058//3465
f 3058//3466 3059//3466 3056//3466
f 3056//3467 3059//3467 3060//3467
f 3056//3468 3060//3468 3061//3468
f 3061//3469 3060//3469 3062//3469
f 3061//3470 3062//3470 3063//3470
f 3063//3471 3062//3471 3064//3471
f 3063//3472 3064//3472 3051//3472
f 3051//3473 3064//3473 3065//3473
f 3051//3474 3065//3474 3052//3474
f 3066//3475 3067//3475 3057//3475
f 3057//3476 3067//3476 3068//3476
f 3057//3477 3068//3477 3058//3477
f 3069//3478 3070//3478 3066//3478
f 3066//3479 3070//3479 3071//3479
f 3066//3480 3071//3480 3067//3480
f 3072//3481 3073//3481 3069//3481
f 3069//3482 3073//3482 3074//3482
f 3069//3483 3074//3483 3070//3483
f 3075//3484 3076//3484 3077//3484
f 3077//3485 3076//3485 3078//3485
f 3077//3486 3078//3486 3072//3486
f 3072//3487 3078//3487 3079//3487
f 3072//3488 3079//3488 3073//3488
f 3075//3489 3077//3489 3080//3489
f 3080//3490 3077//3490 3081//3490
f 3080//3491 3081//3491 3082//3491
f 3083//3492 3084//3492 3085//3492
f 3085//3493 3084//3493 3086//3493
f 3085//3494 3086//3494 3081//3494
f 3081//3495 3086//3495 3087//3495
f 3081//3496 3087//3496 3082//3496
f 3083//3497 3085//3497 3088//3497
f 3088//3498 3085//3498 3089//3498
f 3088//3499 3089//3499 3090//3499
f 3090//3500 3089//3500 3091//3500
f 3091//3501 3089//3501 3092//3501
f 3091//3502 3092//3502 3093//3502
f 3093//3503 3092//3503 3094//3503
f 3094//3504 3092//3504 3095//3504
f 3094//3505 3095//3505 3096//3505
f 3097//3506 3098//3506 3095//3506
f 3095//3507 3098//3507 3099//3507
f 3095//3508 3099//3508 3096//3508
f 3100//3509 3101//3509 3097//3509
f 3097//3510 3101//3510 3102//3510
f 3097//3511 3102//3511 3098//3511
f 3103//3512 3104//3512 3105//3512
f 3105//3513 3104//3513 3106//3513
f 3105//3514 3106//3514 3100//3514
f 3100//3515 3106//3515 3107//3515
f 3100//3516 3107//3516 3101//3516
f 3103//3517 3105//3517 3108//3517
f 3108//3518 3105//3518 3109//3518
f 3108//3519 3109//3519 3110//3519
f 3110//3520 3109//3520 3111//3520
f 3111//3521 3109//3521 3112//3521
f 3111//3522 3112//3522 3113//3522
f 2998//3523 3114//3523 2999//3523
f 2999//3524 3114//3524 3115//3524
f 2999//3525 3115//3525 3112//3525
f 3112//3526 3115//3526 3116//3526
f 3112//3527 3116//3527 3113//3527
f 3001//98 2862//98 3002//98
f 3002//98 2862//98 2990//98
f 3002//98 2990//98 3005//98
f 3005//98 2990//98 2986//98
f 3005//98 2986//98 3010//98
f 3010//98 2986//98 2982//98
f 3010//98 2982//98 3014//98
f 3014//98 2982//98 2979//98
f 3014//98 2979//98 3017//98
f 3017//98 2979//98 2972//98
f 3017//98 2972//98 3021//98
f 3021//98 2972//98 2969//98
f 3021//98 2969//98 3026//98
f 3026//98 2969//98 2966//98
f 3026//98 2966//98 3024//98
f 3024//98 2966//98 2964//98
f 3024//98 2964//98 3032//98
f 3032//98 2964//98 2960//98
f 3032//98 2960//98 2997//98
f 2997//98 2960//98 2955//98
f 2997//98 2955//98 3036//98
f 3036//98 2955//98 2953//98
f 3036//98 2953//98 3037//98
f 3037//98 2953//98 2950//98
f 3037//98 2950//98 3044//98
f 3044//98 2950//98 2946//98
f 3044//98 2946//98 3042//98
f 3042//98 2946//98 2941//98
f 3042//98 2941//98 3050//98
f 3050//98 2941//98 2936//98
f 3050//98 2936//98 3051//98
f 3051//98 2936//98 2938//98
f 3051//98 2938//98 3063//98
f 2938//98 2930//98 3063//98
f 3063//98 2930//98 2933//98
f 3063//98 2933//98 3061//98
f 3061//98 2933//98 2923//98
f 3061//98 2923//98 3056//98
f 3056//98 2923//98 2926//98
f 3056//98 2926//98 3057//98
f 3057//98 2926//98 2921//98
f 3057//98 2921//98 3066//98
f 3066//98 2921//98 2915//98
f 3066//98 2915//98 3069//98
f 3069//98 2915//98 2913//98
f 3069//98 2913//98 3072//98
f 3072//98 2913//98 2907//98
f 3072//98 2907//98 3077//98
f 3077//98 2907//98 2906//98
f 3077//98 2906//98 3081//98
f 3081//98 2906//98 2899//98
f 3081//98 2899//98 3085//98
f 3085//98 2899//98 2901//98
f 3085//98 2901//98 3089//98
f 3089//98 2901//98 2892//98
f 3089//98 2892//98 3092//98
f 3092//98 2892//98 2894//98
f 3092//98 2894//98 3095//98
f 3095//98 2894//98 2889//98
f 3095//98 2889//98 3097//98
f 3097//98 2889//98 2885//98
f 3097//98 2885//98 3100//98
f 3100//98 2885//98 2883//98
f 3100//98 2883//98 3105//98
f 3105//98 2883//98 2874//98
f 3105//98 2874//98 3109//98
f 3109//98 2874//98 2876//98
f 3109//98 2876//98 3112//98
f 3112//98 2876//98 2871//98
f 3112//98 2871//98 2999//98
f 2999//98 2871//98 2867//98
f 2999//98 2867//98 3001//98
f 3001//98 2867//98 2864//98
f 3001//98 2864//98 2862//98
f 2935//3528 2934//3528 3117//3528
f 2785//3529 3118//3529 2787//3529
f 2787//3530 3118//3530 3119//3530
f 3120//3531 2909//3531 3121//3531
f 3121//3532 2909//3532 2908//3532
f 2888//3533 2887//3533 3122//3533
f 3123//3534 3124//3534 3125//3534
f 3126//3535 3127//3535 3128//3535
f 3129//3536 3130//3536 3131//3536
f 2861//3537 2860//3537 3132//3537
f 3133//3538 3134//3538 3135//3538
f 3136//3539 3137//3539 3138//3539
f 3139//3540 3140//3540 3141//3540
f 2954//3541 3142//3541 3143//3541
f 3144//3542 2940//3542 2939//3542
f 3145//3543 3146//3543 3147//3543
f 3148//3544 3117//3544 3149//3544
f 3150//3545 2826//3545 3151//3545
f 3151//3546 2826//3546 2762//3546
f 2788//3547 3152//3547 2749//3547
f 2749//3548 3152//3548 3153//3548
f 2749//3549 3153//3549 2750//3549
f 2750//3550 3153//3550 2756//3550
f 2756//3551 3153//3551 3154//3551
f 2756//3552 3154//3552 2758//3552
f 3154//3553 3155//3553 2758//3553
f 2758//3554 3155//3554 3156//3554
f 2758//3555 3156//3555 2760//3555
f 2760//3556 3156//3556 3157//3556
f 2760//3557 3157//3557 2762//3557
f 2762//3558 3157//3558 3158//3558
f 2762//3559 3158//3559 3151//3559
f 2837//3560 2835//3560 3159//3560
f 3159//3561 2835//3561 3160//3561
f 3160//3562 2835//3562 2833//3562
f 3160//3563 2833//3563 3161//3563
f 3161//3564 2833//3564 2831//3564
f 3161//3565 2831//3565 3162//3565
f 3162//3566 2831//3566 2829//3566
f 3162//3567 2829//3567 3150//3567
f 3150//3568 2829//3568 2827//3568
f 3150//3569 2827//3569 2826//3569
f 2855//3570 2853//3570 3163//3570
f 3163//3571 2853//3571 3164//3571
f 3164//3572 2853//3572 2851//3572
f 3164//3573 2851//3573 3165//3573
f 3165//3574 2851//3574 2849//3574
f 3165//3575 2849//3575 3166//3575
f 3166//3576 2849//3576 2847//3576
f 3166//3577 2847//3577 3167//3577
f 3163//3578 3168//3578 2855//3578
f 2855//3579 3168//3579 3169//3579
f 2855//3580 3169//3580 2857//3580
f 2857//3581 3169//3581 3170//3581
f 2857//3582 3170//3582 2791//3582
f 3171//3583 3172//3583 2747//3583
f 2747//3584 3172//3584 3173//3584
f 2747//3585 3173//3585 2774//3585
f 2774//3586 3173//3586 3174//3586
f 3170//3587 3175//3587 2791//3587
f 2791//3588 3175//3588 3176//3588
f 2791//3589 3176//3589 2789//3589
f 2789//3590 3176//3590 3171//3590
f 2789//3591 3171//3591 2746//3591
f 2746//3592 3171//3592 2747//3592
f 2847//3593 2845//3593 3167//3593
f 3167//3594 2845//3594 2843//3594
f 3167//3595 2843//3595 3177//3595
f 3177//3596 2843//3596 2841//3596
f 3177//3597 2841//3597 3178//3597
f 3178//3598 2841//3598 2839//3598
f 3178//3599 2839//3599 3179//3599
f 3179//3600 2839//3600 2837//3600
f 3179//3601 2837//3601 3180//3601
f 3180//3602 2837//3602 3159//3602
f 3181//3603 3148//3603 3182//3603
f 3182//3604 3148//3604 3149//3604
f 3182//3605 3149//3605 3183//3605
f 3146//3606 3145//3606 3184//3606
f 3184//3607 3145//3607 3185//3607
f 3184//3608 3185//3608 3186//3608
f 3186//3609 3185//3609 3187//3609
f 3186//3610 3187//3610 3188//3610
f 3188//3611 3187//3611 3189//3611
f 3188//3612 3189//3612 3190//3612
f 3190//3613 3189//3613 3191//3613
f 3190//3614 3191//3614 3192//3614
f 3192//3615 3191//3615 3193//3615
f 3192//3616 3193//3616 3194//3616
f 3194//3617 3193//3617 3195//3617
f 3194//3618 3195//3618 3196//3618
f 3196//3619 3195//3619 3197//3619
f 3196//3620 3197//3620 3198//3620
f 3199//3621 3197//3621 3200//3621
f 3200//3622 3197//3622 3195//3622
f 3200//3623 3195//3623 3201//3623
f 3201//3624 3195//3624 3193//3624
f 3201//3625 3193//3625 3142//3625
f 3142//3626 3193//3626 3191//3626
f 3142//3627 3191//3627 3143//3627
f 3143//3628 3191//3628 3189//3628
f 3143//3629 3189//3629 3202//3629
f 3202//3630 3189//3630 3187//3630
f 3202//3631 3187//3631 3203//3631
f 3203//3632 3187//3632 3185//3632
f 3203//3633 3185//3633 3204//3633
f 3204//3634 3185//3634 3145//3634
f 3204//3635 3145//3635 3205//3635
f 3205//3636 3145//3636 3147//3636
f 3205//3637 3147//3637 3206//3637
f 3206//3638 3147//3638 3207//3638
f 3206//3639 3207//3639 3208//3639
f 3208//3640 3207//3640 3209//3640
f 3208//3641 3209//3641 3210//3641
f 3210//3642 3209//3642 3211//3642
f 3210//3643 3211//3643 3212//3643
f 3212//3644 3211//3644 3213//3644
f 3117//3645 2934//3645 3149//3645
f 3149//3646 2934//3646 2932//3646
f 3149//3647 2932//3647 2931//3647
f 3213//3648 3183//3648 3144//3648
f 3144//3649 3183//3649 3149//3649
f 3144//3650 3149//3650 2940//3650
f 2940//3651 3149//3651 2931//3651
f 3213//3652 3144//3652 3212//3652
f 3212//3653 3144//3653 2939//3653
f 3212//3654 2939//3654 3210//3654
f 3210//3655 2939//3655 2937//3655
f 3210//3656 2937//3656 3208//3656
f 2954//3657 3143//3657 2952//3657
f 2952//3658 3143//3658 3202//3658
f 2952//3659 3202//3659 2951//3659
f 2951//3660 3202//3660 3203//3660
f 2951//3661 3203//3661 2949//3661
f 2949//3662 3203//3662 3204//3662
f 2949//3663 3204//3663 2944//3663
f 2937//3664 2943//3664 3208//3664
f 3208//3665 2943//3665 2942//3665
f 3208//3666 2942//3666 3206//3666
f 3206//3667 2942//3667 2948//3667
f 3206//3668 2948//3668 3205//3668
f 3205//3669 2948//3669 2947//3669
f 3205//3670 2947//3670 3204//3670
f 3204//3671 2947//3671 2945//3671
f 3204//3672 2945//3672 2944//3672
f 3198//3673 3137//3673 3214//3673
f 3214//3674 3137//3674 3136//3674
f 3214//3675 3136//3675 3215//3675
f 3216//3676 3217//3676 3218//3676
f 3218//3677 3217//3677 3219//3677
f 3218//3678 3219//3678 3220//3678
f 3221//3679 3141//3679 3222//3679
f 3222//3680 3141//3680 3140//3680
f 3222//3681 3140//3681 3223//3681
f 3224//3682 3216//3682 3225//3682
f 3225//3683 3216//3683 3218//3683
f 3225//3684 3218//3684 3226//3684
f 3226//3685 3218//3685 3220//3685
f 3226//3686 3220//3686 3227//3686
f 3135//3687 3134//3687 3228//3687
f 3228//3688 3134//3688 3229//3688
f 3228//3689 3229//3689 3230//3689
f 3230//3690 3229//3690 3231//3690
f 3230//3691 3231//3691 3232//3691
f 3232//3692 3231//3692 3233//3692
f 3232//3693 3233//3693 3234//3693
f 3234//3694 3233//3694 3235//3694
f 3234//3695 3235//3695 3236//3695
f 3236//3696 3235//3696 3237//3696
f 3236//3697 3237//3697 3238//3697
f 3238//3698 3237//3698 3239//3698
f 3238//3699 3239//3699 3240//3699
f 3130//3700 3133//3700 3241//3700
f 3242//3701 3135//3701 3243//3701
f 3243//3702 3135//3702 3228//3702
f 3243//3703 3228//3703 3244//3703
f 3244//3704 3228//3704 3230//3704
f 3244//3705 3230//3705 3245//3705
f 3245//3706 3230//3706 3232//3706
f 3245//3707 3232//3707 3246//3707
f 3246//3708 3232//3708 3234//3708
f 3246//3709 3234//3709 3247//3709
f 3247//3710 3234//3710 3236//3710
f 3247//3711 3236//3711 3248//3711
f 3248//3712 3236//3712 3238//3712
f 3248//3713 3238//3713 3249//3713
f 3249//3714 3238//3714 3240//3714
f 3249//3715 3240//3715 3250//3715
f 2963//3716 2965//3716 3138//3716
f 3138//3717 2965//3717 3227//3717
f 3138//3718 3227//3718 3136//3718
f 3136//3719 3227//3719 3220//3719
f 3136//3720 3220//3720 3215//3720
f 3215//3721 3220//3721 3219//3721
f 2976//3722 3221//3722 3224//3722
f 3224//3723 3221//3723 3222//3723
f 3224//3724 3222//3724 3216//3724
f 3216//3725 3222//3725 3223//3725
f 3216//3726 3223//3726 3217//3726
f 2976//3727 2975//3727 3221//3727
f 3221//3728 2975//3728 3250//3728
f 3221//3729 3250//3729 3141//3729
f 3141//3730 3250//3730 3240//3730
f 3141//3731 3240//3731 3139//3731
f 3139//3732 3240//3732 3239//3732
f 2965//3733 2968//3733 3227//3733
f 3227//3734 2968//3734 2967//3734
f 3227//3735 2967//3735 3226//3735
f 3226//3736 2967//3736 2971//3736
f 3226//3737 2971//3737 3225//3737
f 3225//3738 2971//3738 2970//3738
f 3225//3739 2970//3739 3224//3739
f 3224//3740 2970//3740 2977//3740
f 3224//3741 2977//3741 2976//3741
f 2985//3742 3245//3742 2987//3742
f 2987//3743 3245//3743 3246//3743
f 2987//3744 3246//3744 2988//3744
f 2988//3745 3246//3745 3247//3745
f 2988//3746 3247//3746 2983//3746
f 2983//3747 3247//3747 3248//3747
f 2983//3748 3248//3748 2981//3748
f 3133//3749 3135//3749 3241//3749
f 3241//3750 3135//3750 3242//3750
f 3241//3751 3242//3751 3132//3751
f 3132//3752 3242//3752 2992//3752
f 3132//3753 2992//3753 2861//3753
f 2985//3754 2984//3754 3245//3754
f 3245//3755 2984//3755 2989//3755
f 3245//3756 2989//3756 3244//3756
f 3244//3757 2989//3757 2991//3757
f 3244//3758 2991//3758 3243//3758
f 3243//3759 2991//3759 2994//3759
f 3243//3760 2994//3760 3242//3760
f 3242//3761 2994//3761 2993//3761
f 3242//3762 2993//3762 2992//3762
f 2975//3763 2974//3763 3250//3763
f 3250//3764 2974//3764 2973//3764
f 3250//3765 2973//3765 3249//3765
f 3249//3766 2973//3766 2978//3766
f 3249//3767 2978//3767 3248//3767
f 3248//3768 2978//3768 2980//3768
f 3248//3769 2980//3769 2981//3769
f 2954//3770 2957//3770 3142//3770
f 3142//3771 2957//3771 2956//3771
f 3142//3772 2956//3772 3201//3772
f 3201//3773 2956//3773 2962//3773
f 3201//3774 2962//3774 3200//3774
f 3200//3775 2962//3775 2961//3775
f 3200//3776 2961//3776 3199//3776
f 3199//3777 2961//3777 2959//3777
f 3199//3778 2959//3778 2958//3778
f 3198//3779 3197//3779 3137//3779
f 3137//3780 3197//3780 3199//3780
f 3137//3781 3199//3781 3138//3781
f 3138//3782 3199//3782 2958//3782
f 3138//3783 2958//3783 2963//3783
f 3251//3784 3129//3784 3252//3784
f 3251//3785 3253//3785 3254//3785
f 3254//3786 3253//3786 3255//3786
f 3254//3787 3255//3787 3256//3787
f 3256//3788 3255//3788 3257//3788
f 3256//3789 3257//3789 3258//3789
f 3258//3790 3257//3790 3259//3790
f 3258//3791 3259//3791 3260//3791
f 3260//3792 3259//3792 3261//3792
f 3260//3793 3261//3793 3262//3793
f 3262//3794 3261//3794 3263//3794
f 3262//3795 3263//3795 3264//3795
f 3264//3796 3263//3796 3265//3796
f 3264//3797 3265//3797 3266//3797
f 3266//3798 3265//3798 3267//3798
f 3266//3799 3267//3799 3268//3799
f 3268//3800 3267//3800 3269//3800
f 3268//3801 3269//3801 3270//3801
f 3270//3802 3269//3802 3271//3802
f 3270//3803 3271//3803 3272//3803
f 3272//3804 3271//3804 3273//3804
f 3272//3805 3273//3805 3274//3805
f 3274//3806 3273//3806 3275//3806
f 3274//3807 3275//3807 3276//3807
f 3253//3808 3277//3808 3255//3808
f 3255//3809 3277//3809 3278//3809
f 3255//3810 3278//3810 3257//3810
f 3257//3811 3278//3811 3279//3811
f 3257//3812 3279//3812 3259//3812
f 3259//3813 3279//3813 3280//3813
f 3259//3814 3280//3814 3261//3814
f 3261//3815 3280//3815 3281//3815
f 3261//3816 3281//3816 3263//3816
f 3263//3817 3281//3817 3282//3817
f 3263//3818 3282//3818 3265//3818
f 3265//3819 3282//3819 3283//3819
f 3265//3820 3283//3820 3267//3820
f 3267//3821 3283//3821 3284//3821
f 3267//3822 3284//3822 3269//3822
f 3269//3823 3284//3823 3285//3823
f 3269//3824 3285//3824 3271//3824
f 3271//3825 3285//3825 3286//3825
f 3271//3826 3286//3826 3273//3826
f 3273//3827 3286//3827 3287//3827
f 3273//3828 3287//3828 3275//3828
f 3128//3829 3127//3829 3288//3829
f 3288//3830 3127//3830 3289//3830
f 3288//3831 3289//3831 3125//3831
f 3290//3832 3291//3832 3292//3832
f 3292//3833 3291//3833 3293//3833
f 3292//3834 3293//3834 3294//3834
f 3294//3835 3293//3835 3295//3835
f 3294//3836 3295//3836 3296//3836
f 3297//3837 3298//3837 3299//3837
f 3125//3838 3124//3838 3288//3838
f 3288//3839 3124//3839 3300//3839
f 3288//3840 3300//3840 3128//3840
f 3121//3841 3290//3841 3120//3841
f 3120//3842 3290//3842 3292//3842
f 3120//3843 3292//3843 3301//3843
f 3301//3844 3292//3844 3294//3844
f 3301//3845 3294//3845 3302//3845
f 3302//3846 3294//3846 3296//3846
f 3302//3847 3296//3847 3303//3847
f 3304//3848 3305//3848 3306//3848
f 3306//3849 3305//3849 3307//3849
f 3306//3850 3307//3850 3308//3850
f 3308//3851 3307//3851 3309//3851
f 3308//3852 3309//3852 3310//3852
f 3310//3853 3309//3853 3311//3853
f 3310//3854 3311//3854 3312//3854
f 3312//3855 3311//3855 3313//3855
f 3312//3856 3313//3856 3314//3856
f 3314//3857 3313//3857 3315//3857
f 3314//3858 3315//3858 3316//3858
f 3316//3859 3315//3859 3317//3859
f 3297//3860 3299//3860 3318//3860
f 3318//3861 3299//3861 3319//3861
f 3318//3862 3319//3862 3320//3862
f 3321//3863 3317//3863 3322//3863
f 3322//3864 3317//3864 3315//3864
f 3322//3865 3315//3865 3323//3865
f 3323//3866 3315//3866 3313//3866
f 3323//3867 3313//3867 3324//3867
f 3324//3868 3313//3868 3311//3868
f 3324//3869 3311//3869 3325//3869
f 3325//3870 3311//3870 3309//3870
f 3325//3871 3309//3871 3326//3871
f 3326//3872 3309//3872 3307//3872
f 3326//3873 3307//3873 3327//3873
f 3327//3874 3307//3874 3305//3874
f 3327//3875 3305//3875 3181//3875
f 3328//3876 2863//3876 2865//3876
f 3129//3877 3131//3877 3252//3877
f 3252//3878 3131//3878 3328//3878
f 3252//3879 3328//3879 3329//3879
f 3329//3880 3328//3880 2865//3880
f 3329//3881 2865//3881 2866//3881
f 3251//3882 3252//3882 3253//3882
f 3253//3883 3252//3883 3329//3883
f 3253//3884 3329//3884 3277//3884
f 3277//3885 3329//3885 2866//3885
f 3277//3886 2866//3886 2868//3886
f 2868//3887 2873//3887 3277//3887
f 3277//3888 2873//3888 2872//3888
f 3277//3889 2872//3889 3278//3889
f 3278//3890 2872//3890 2870//3890
f 3278//3891 2870//3891 3279//3891
f 3279//3892 2870//3892 2869//3892
f 3279//3893 2869//3893 3280//3893
f 3280//3894 2869//3894 2878//3894
f 3280//3895 2878//3895 3281//3895
f 3330//3896 3276//3896 3331//3896
f 3331//3897 3276//3897 3275//3897
f 3331//3898 3275//3898 3122//3898
f 3122//3899 3275//3899 3287//3899
f 3122//3900 3287//3900 2888//3900
f 2888//3901 3287//3901 2890//3901
f 2898//3902 2897//3902 3332//3902
f 3332//3903 2897//3903 3123//3903
f 3332//3904 3123//3904 3333//3904
f 3333//3905 3123//3905 3125//3905
f 3333//3906 3125//3906 3334//3906
f 3334//3907 3125//3907 3289//3907
f 2887//3908 2898//3908 3122//3908
f 3122//3909 2898//3909 3332//3909
f 3122//3910 3332//3910 3331//3910
f 3331//3911 3332//3911 3333//3911
f 3331//3912 3333//3912 3330//3912
f 3330//3913 3333//3913 3334//3913
f 2890//3914 3287//3914 2891//3914
f 2891//3915 3287//3915 3286//3915
f 2891//3916 3286//3916 2886//3916
f 2886//3917 3286//3917 3285//3917
f 2886//3918 3285//3918 2884//3918
f 2884//3919 3285//3919 3284//3919
f 2884//3920 3284//3920 2882//3920
f 2878//3921 2877//3921 3281//3921
f 3281//3922 2877//3922 2875//3922
f 3281//3923 2875//3923 3282//3923
f 3282//3924 2875//3924 2881//3924
f 3282//3925 2881//3925 3283//3925
f 3283//3926 2881//3926 2880//3926
f 3283//3927 2880//3927 3284//3927
f 3284//3928 2880//3928 2879//3928
f 3284//3929 2879//3929 2882//3929
f 3295//3930 3126//3930 3296//3930
f 3296//3931 3126//3931 3128//3931
f 3296//3932 3128//3932 3303//3932
f 3303//3933 3128//3933 3300//3933
f 3303//3934 3300//3934 2904//3934
f 2904//3935 2903//3935 3303//3935
f 3303//3936 2903//3936 2902//3936
f 3303//3937 2902//3937 3302//3937
f 3302//3938 2902//3938 2900//3938
f 3302//3939 2900//3939 3301//3939
f 3301//3940 2900//3940 2911//3940
f 3301//3941 2911//3941 3120//3941
f 3120//3942 2911//3942 2910//3942
f 3120//3943 2910//3943 2909//3943
f 2919//3944 2918//3944 3316//3944
f 2920//3945 3310//3945 2916//3945
f 2916//3946 3310//3946 3312//3946
f 2916//3947 3312//3947 2914//3947
f 2914//3948 3312//3948 3314//3948
f 2914//3949 3314//3949 2912//3949
f 2912//3950 3314//3950 3316//3950
f 2912//3951 3316//3951 2917//3951
f 2917//3952 3316//3952 2918//3952
f 2919//3953 3320//3953 2908//3953
f 2908//3954 3320//3954 3319//3954
f 2908//3955 3319//3955 3121//3955
f 3121//3956 3319//3956 3299//3956
f 3121//3957 3299//3957 3290//3957
f 3290//3958 3299//3958 3298//3958
f 3290//3959 3298//3959 3291//3959
f 2897//3960 2896//3960 3123//3960
f 3123//3961 2896//3961 2895//3961
f 3123//3962 2895//3962 3124//3962
f 3124//3963 2895//3963 2893//3963
f 3124//3964 2893//3964 3300//3964
f 3300//3965 2893//3965 2905//3965
f 3300//3966 2905//3966 2904//3966
f 3335//3967 2773//3967 3336//3967
f 3336//3968 2773//3968 2772//3968
f 3336//3969 2772//3969 3337//3969
f 3337//3969 2772//3969 2770//3969
f 3337//3970 2770//3970 3338//3970
f 3338//3971 2770//3971 2769//3971
f 3338//3972 2769//3972 3174//3972
f 3174//3973 2769//3973 2775//3973
f 3174//3974 2775//3974 2774//3974
f 2767//3975 2765//3975 3339//3975
f 3339//3976 2765//3976 2764//3976
f 3339//3977 2764//3977 3340//3977
f 3340//3978 2764//3978 2742//3978
f 3340//3979 2742//3979 3341//3979
f 3341//3980 2742//3980 2754//3980
f 3341//3981 2754//3981 3335//3981
f 3335//3982 2754//3982 2753//3982
f 3335//3983 2753//3983 2773//3983
f 3342//3984 3343//3984 2809//3984
f 2809//3985 3343//3985 2811//3985
f 3342//3986 2809//3986 3344//3986
f 3344//3987 2809//3987 2807//3987
f 3344//3988 2807//3988 3345//3988
f 2807//3989 2805//3989 3345//3989
f 3345//3990 2805//3990 2804//3990
f 3345//3991 2804//3991 3346//3991
f 3346//3992 2804//3992 2767//3992
f 3346//3993 2767//3993 3347//3993
f 3347//3994 2767//3994 3339//3994
f 2811//3995 3343//3995 2813//3995
f 2813//3996 3343//3996 3348//3996
f 2813//3997 3348//3997 2815//3997
f 2815//3998 3348//3998 3349//3998
f 2815//3999 3349//3999 2817//3999
f 2817//4000 3349//4000 3350//4000
f 2817//4001 3350//4001 2819//4001
f 2819//4002 3350//4002 3351//4002
f 2819//4003 3351//4003 2821//4003
f 2797//4004 2799//4004 3352//4004
f 3352//4005 2799//4005 2801//4005
f 3352//4006 2801//4006 3353//4006
f 3353//4007 2801//4007 2803//4007
f 3351//4008 3354//4008 2821//4008
f 2821//4009 3354//4009 3355//4009
f 2821//4010 3355//4010 2823//4010
f 2823//4011 3355//4011 3356//4011
f 2823//4012 3356//4012 2803//4012
f 2803//4013 3356//4013 3357//4013
f 2803//4014 3357//4014 3353//4014
f 3358//4015 3359//4015 2779//4015
f 2779//4016 3359//4016 2781//4016
f 3358//4017 2779//4017 3360//4017
f 3360//4018 2779//4018 2778//4018
f 3360//4019 2778//4019 3361//4019
f 2781//4020 3359//4020 2783//4020
f 2783//4021 3359//4021 3362//4021
f 2783//4022 3362//4022 2785//4022
f 2785//4023 3362//4023 3363//4023
f 2785//4024 3363//4024 3118//4024
f 2778//4025 2794//4025 3361//4025
f 3361//4026 2794//4026 2796//4026
f 3361//4027 2796//4027 3364//4027
f 3364//4028 2796//4028 2797//4028
f 3364//4029 2797//4029 3365//4029
f 3365//4030 2797//4030 3352//4030
f 3130//4031 3241//4031 3131//4031
f 3131//4032 3241//4032 3132//4032
f 3131//4033 3132//4033 3328//4033
f 3328//4034 3132//4034 2860//4034
f 3328//4035 2860//4035 2863//4035
f 3181//4036 3305//4036 3148//4036
f 3148//4037 3305//4037 3304//4037
f 3148//4038 3304//4038 3117//4038
f 3117//4039 3304//4039 2924//4039
f 3117//4040 2924//4040 2935//4040
f 2920//4041 2922//4041 3310//4041
f 3310//4042 2922//4042 2929//4042
f 3310//4043 2929//4043 3308//4043
f 3308//4044 2929//4044 2928//4044
f 3308//4045 2928//4045 3306//4045
f 3306//4046 2928//4046 2927//4046
f 3306//4047 2927//4047 3304//4047
f 3304//4048 2927//4048 2925//4048
f 3304//4049 2925//4049 2924//4049
f 2919//4050 3316//4050 3320//4050
f 3320//4051 3316//4051 3317//4051
f 3320//4052 3317//4052 3318//4052
f 3318//4053 3317//4053 3321//4053
f 3318//4054 3321//4054 3297//4054
f 3297//4055 3321//4055 3366//4055
f 3297//4056 3366//4056 3298//4056
f 3298//4057 3366//4057 3367//4057
f 3298//4058 3367//4058 3291//4058
f 3291//4059 3367//4059 3368//4059
f 3291//4060 3368//4060 3293//4060
f 3293//4061 3368//4061 3369//4061
f 3293//4062 3369//4062 3295//4062
f 3295//4063 3369//4063 3370//4063
f 3295//4064 3370//4064 3126//4064
f 3126//4065 3370//4065 3371//4065
f 3126//4066 3371//4066 3127//4066
f 3127//4067 3371//4067 3372//4067
f 3127//4068 3372//4068 3289//4068
f 3289//4069 3372//4069 3373//4069
f 3289//4070 3373//4070 3334//4070
f 3334//4071 3373//4071 3374//4071
f 3334//4072 3374//4072 3330//4072
f 3330//4073 3374//4073 3375//4073
f 3330//4074 3375//4074 3276//4074
f 3276//4075 3375//4075 3376//4075
f 3276//4076 3376//4076 3274//4076
f 3274//4077 3376//4077 3377//4077
f 3274//4078 3377//4078 3272//4078
f 3272//4079 3377//4079 3378//4079
f 3272//4080 3378//4080 3270//4080
f 3270//4081 3378//4081 3379//4081
f 3270//4082 3379//4082 3268//4082
f 3268//4083 3379//4083 3380//4083
f 3268//4084 3380//4084 3266//4084
f 3266//4085 3380//4085 3381//4085
f 3266//4086 3381//4086 3264//4086
f 3264//4087 3381//4087 3382//4087
f 3264//4088 3382//4088 3262//4088
f 3262//4089 3382//4089 3383//4089
f 3262//4090 3383//4090 3260//4090
f 3260//4091 3383//4091 3384//4091
f 3260//4092 3384//4092 3258//4092
f 3258//4093 3384//4093 3385//4093
f 3258//4094 3385//4094 3256//4094
f 3256//4095 3385//4095 3386//4095
f 3256//4096 3386//4096 3254//4096
f 3254//4097 3386//4097 3387//4097
f 3254//4098 3387//4098 3251//4098
f 3251//4099 3387//4099 3388//4099
f 3251//4100 3388//4100 3129//4100
f 3129//4101 3388//4101 3389//4101
f 3129//4102 3389//4102 3130//4102
f 3130//4103 3389//4103 3390//4103
f 3130//4104 3390//4104 3133//4104
f 3133//4105 3390//4105 3391//4105
f 3133//4106 3391//4106 3134//4106
f 3134//4107 3391//4107 3392//4107
f 3134//4108 3392//4108 3229//4108
f 3229//4109 3392//4109 3393//4109
f 3229//4110 3393//4110 3231//4110
f 3231//4111 3393//4111 3394//4111
f 3231//4112 3394//4112 3233//4112
f 3233//4113 3394//4113 3395//4113
f 3233//4114 3395//4114 3235//4114
f 3235//4115 3395//4115 3396//4115
f 3235//4116 3396//4116 3237//4116
f 3237//4117 3396//4117 3397//4117
f 3237//4118 3397//4118 3239//4118
f 3239//4119 3397//4119 3398//4119
f 3239//4120 3398//4120 3139//4120
f 3139//4121 3398//4121 3399//4121
f 3139//4122 3399//4122 3140//4122
f 3140//4123 3399//4123 3400//4123
f 3140//4124 3400//4124 3223//4124
f 3223//4125 3400//4125 3401//4125
f 3223//4126 3401//4126 3217//4126
f 3217//4127 3401//4127 3402//4127
f 3217//4128 3402//4128 3219//4128
f 3219//4129 3402//4129 3403//4129
f 3219//4130 3403//4130 3215//4130
f 3215//4131 3403//4131 3404//4131
f 3215//4132 3404//4132 3214//4132
f 3214//4133 3404//4133 3405//4133
f 3214//4134 3405//4134 3198//4134
f 3198//4135 3405//4135 3406//4135
f 3198//4136 3406//4136 3196//4136
f 3196//4137 3406//4137 3407//4137
f 3196//4138 3407//4138 3194//4138
f 3194//4139 3407//4139 3408//4139
f 3194//4140 3408//4140 3192//4140
f 3192//4141 3408//4141 3409//4141
f 3192//4142 3409//4142 3190//4142
f 3190//4143 3409//4143 3410//4143
f 3190//4144 3410//4144 3188//4144
f 3188//4145 3410//4145 3411//4145
f 3188//4146 3411//4146 3186//4146
f 3186//4147 3411//4147 3412//4147
f 3186//4148 3412//4148 3184//4148
f 3184//4149 3412//4149 3413//4149
f 3184//4150 3413//4150 3146//4150
f 3146//4151 3413//4151 3414//4151
f 3146//4152 3414//4152 3147//4152
f 3147//4153 3414//4153 3415//4153
f 3147//4154 3415//4154 3207//4154
f 3207//4155 3415//4155 3416//4155
f 3207//4156 3416//4156 3209//4156
f 3209//4157 3416//4157 3417//4157
f 3209//4158 3417//4158 3211//4158
f 3211//4159 3417//4159 3418//4159
f 3211//4160 3418//4160 3213//4160
f 3213//4161 3418//4161 3419//4161
f 3213//4162 3419//4162 3183//4162
f 3183//4163 3419//4163 3420//4163
f 3183//4164 3420//4164 3182//4164
f 3182//4165 3420//4165 3421//4165
f 3182//4166 3421//4166 3181//4166
f 3181//4167 3421//4167 3422//4167
f 3181//4168 3422//4168 3327//4168
f 3327//4169 3422//4169 3119//4169
f 3327//4170 3119//4170 3326//4170
f 3326//4171 3119//4171 3118//4171
f 3326//4172 3118//4172 3325//4172
f 3325//4173 3118//4173 3363//4173
f 3325//4174 3363//4174 3324//4174
f 3324//4175 3363//4175 3362//4175
f 3324//4176 3362//4176 3323//4176
f 3323//4177 3362//4177 3359//4177
f 3323//4178 3359//4178 3322//4178
f 3322//4179 3359//4179 3358//4179
f 3322//4180 3358//4180 3321//4180
f 3321//4181 3358//4181 3360//4181
f 3321//4182 3360//4182 3366//4182
f 3366//4183 3360//4183 3361//4183
f 3366//4184 3361//4184 3367//4184
f 3367//4185 3361//4185 3364//4185
f 3367//4186 3364//4186 3368//4186
f 3368//4187 3364//4187 3365//4187
f 3368//4188 3365//4188 3369//4188
f 3369//4189 3365//4189 3352//4189
f 3369//4190 3352//4190 3370//4190
f 3370//4191 3352//4191 3353//4191
f 3370//4192 3353//4192 3371//4192
f 3371//4193 3353//4193 3357//4193
f 3371//4194 3357//4194 3372//4194
f 3372//4195 3357//4195 3356//4195
f 3372//4196 3356//4196 3373//4196
f 3373//4197 3356//4197 3355//4197
f 3373//4198 3355//4198 3374//4198
f 3374//4199 3355//4199 3354//4199
f 3374//4200 3354//4200 3375//4200
f 3375//4201 3354//4201 3351//4201
f 3375//4202 3351//4202 3376//4202
f 3376//4203 3351//4203 3350//4203
f 3376//4204 3350//4204 3377//4204
f 3377//4205 3350//4205 3349//4205
f 3377//4206 3349//4206 3378//4206
f 3378//4207 3349//4207 3348//4207
f 3378//4208 3348//4208 3379//4208
f 3379//4209 3348//4209 3343//4209
f 3379//4210 3343//4210 3380//4210
f 3380//4211 3343//4211 3342//4211
f 3380//4212 3342//4212 3381//4212
f 3381//4213 3342//4213 3344//4213
f 3381//4214 3344//4214 3382//4214
f 3382//4215 3344//4215 3345//4215
f 3382//4216 3345//4216 3383//4216
f 3383//4217 3345//4217 3346//4217
f 3383//4218 3346//4218 3384//4218
f 3384//4219 3346//4219 3347//4219
f 3384//4220 3347//4220 3385//4220
f 3385//4221 3347//4221 3339//4221
f 3385//4222 3339//4222 3386//4222
f 3386//4223 3339//4223 3340//4223
f 3386//4224 3340//4224 3387//4224
f 3387//4225 3340//4225 3341//4225
f 3387//4226 3341//4226 3388//4226
f 3388//4227 3341//4227 3335//4227
f 3388//4228 3335//4228 3389//4228
f 3389//4229 3335//4229 3336//4229
f 3389//4230 3336//4230 3390//4230
f 3390//4231 3336//4231 3337//4231
f 3390//4232 3337//4232 3391//4232
f 3391//4233 3337//4233 3338//4233
f 3391//4234 3338//4234 3392//4234
f 3392//4235 3338//4235 3174//4235
f 3392//4236 3174//4236 3393//4236
f 3393//4237 3174//4237 3173//4237
f 3393//4238 3173//4238 3394//4238
f 3394//4239 3173//4239 3172//4239
f 3394//4240 3172//4240 3395//4240
f 3395//4241 3172//4241 3171//4241
f 3395//4242 3171//4242 3396//4242
f 3396//4243 3171//4243 3176//4243
f 3396//4244 3176//4244 3397//4244
f 3397//4245 3176//4245 3175//4245
f 3397//4246 3175//4246 3398//4246
f 3398//4247 3175//4247 3170//4247
f 3398//4248 3170//4248 3399//4248
f 3399//4249 3170//4249 3169//4249
f 3399//4250 3169//4250 3400//4250
f 3400//4251 3169//4251 3168//4251
f 3400//4252 3168//4252 3401//4252
f 3401//4253 3168//4253 3163//4253
f 3401//4254 3163//4254 3402//4254
f 3402//4255 3163//4255 3164//4255
f 3402//4256 3164//4256 3403//4256
f 3403//4257 3164//4257 3165//4257
f 3403//4258 3165//4258 3404//4258
f 3404//4259 3165//4259 3166//4259
f 3404//4260 3166//4260 3405//4260
f 3405//4261 3166//4261 3167//4261
f 3405//4262 3167//4262 3406//4262
f 3406//4263 3167//4263 3177//4263
f 3406//4264 3177//4264 3407//4264
f 3407//4265 3177//4265 3178//4265
f 3407//4266 3178//4266 3408//4266
f 3408//4267 3178//4267 3179//4267
f 3408//4268 3179//4268 3409//4268
f 3409//4269 3179//4269 3180//4269
f 3409//4270 3180//4270 3410//4270
f 3410//4271 3180//4271 3159//4271
f 3410//4272 3159//4272 3411//4272
f 3411//4273 3159//4273 3160//4273
f 3411//4274 3160//4274 3412//4274
f 3412//4275 3160//4275 3161//4275
f 3412//4276 3161//4276 3413//4276
f 3413//4277 3161//4277 3162//4277
f 3413//4278 3162//4278 3414//4278
f 3414//4279 3162//4279 3150//4279
f 3414//4280 3150//4280 3415//4280
f 3415//4281 3150//4281 3151//4281
f 3415//4282 3151//4282 3416//4282
f 3416//4283 3151//4283 3158//4283
f 3416//4284 3158//4284 3417//4284
f 3417//4285 3158//4285 3157//4285
f 3417//4286 3157//4286 3418//4286
f 3418//4287 3157//4287 3156//4287
f 3418//4288 3156//4288 3419//4288
f 3419//4289 3156//4289 3155//4289
f 3419//4290 3155//4290 3420//4290
f 3420//4291 3155//4291 3154//4291
f 3420//4292 3154//4292 3421//4292
f 3421//4293 3154//4293 3153//4293
f 3421//4294 3153//4294 3422//4294
f 3422//4295 3153//4295 3152//4295
f 3422//4296 3152//4296 3119//4296
f 3119//4297 3152//4297 2788//4297
f 3119//4298 2788//4298 2787//4298
f 3423//4299 3424//4299 3425//4299
f 3426//4300 3427//4300 3428//4300
f 3429//4301 3430//4301 3431//4301
f 3432//4302 3430//4302 3433//4302
f 3434//4168 3435//4168 3436//4168
f 3437//4303 3438//4303 3439//4303
f 3440//4304 3441//4304 3442//4304
f 3012//4305 3011//4305 3443//4305
f 3444//4306 3043//4306 3445//4306
f 3445//4307 3043//4307 3055//4307
f 3445//4308 3055//4308 3446//4308
f 3446//4309 3055//4309 3054//4309
f 3446//4310 3054//4310 3447//4310
f 3448//4311 3449//4311 2995//4311
f 2995//4312 3041//4312 3448//4312
f 3448//4313 3041//4313 3040//4313
f 3448//4314 3040//4314 3450//4314
f 3450//4315 3040//4315 3039//4315
f 3450//4316 3039//4316 3451//4316
f 3451//4317 3039//4317 3038//4317
f 3451//4318 3038//4318 3452//4318
f 3452//4319 3038//4319 3049//4319
f 3452//4320 3049//4320 3453//4320
f 3049//4321 3048//4321 3453//4321
f 3453//4322 3048//4322 3047//4322
f 3453//4323 3047//4323 3454//4323
f 3454//4324 3047//4324 3046//4324
f 3454//4325 3046//4325 3444//4325
f 3444//4326 3046//4326 3045//4326
f 3444//4327 3045//4327 3043//4327
f 3455//4328 3456//4328 3027//4328
f 3027//4329 3025//4329 3455//4329
f 3455//4330 3025//4330 3031//4330
f 3455//4331 3031//4331 3457//4331
f 3457//4332 3031//4332 3030//4332
f 3457//4333 3030//4333 3458//4333
f 3459//4334 3022//4334 3460//4334
f 3460//4335 3022//4335 3020//4335
f 3460//4336 3020//4336 3461//4336
f 3461//4337 3020//4337 3019//4337
f 3461//4338 3019//4338 3456//4338
f 3456//4339 3019//4339 3028//4339
f 3456//4340 3028//4340 3027//4340
f 3443//4341 3011//4341 3462//4341
f 3462//4342 3011//4342 3009//4342
f 3462//4343 3009//4343 3463//4343
f 3463//4344 3009//4344 3008//4344
f 3463//4345 3008//4345 3464//4345
f 3464//4346 3008//4346 3013//4346
f 3464//4347 3013//4347 3465//4347
f 3013//4348 3015//4348 3465//4348
f 3465//4349 3015//4349 3016//4349
f 3465//4350 3016//4350 3466//4350
f 3466//4351 3016//4351 3018//4351
f 3466//4352 3018//4352 3459//4352
f 3459//4353 3018//4353 3023//4353
f 3459//4354 3023//4354 3022//4354
f 3030//4355 3029//4355 3458//4355
f 3458//4356 3029//4356 3035//4356
f 3458//4357 3035//4357 3467//4357
f 3467//4358 3035//4358 3034//4358
f 3467//4359 3034//4359 3468//4359
f 3468//4360 3034//4360 3033//4360
f 3468//4361 3033//4361 3449//4361
f 3449//4362 3033//4362 2996//4362
f 3449//4363 2996//4363 2995//4363
f 3012//4364 3443//4364 3006//4364
f 3006//4365 3443//4365 3469//4365
f 3006//4366 3469//4366 3007//4366
f 3007//4367 3469//4367 3470//4367
f 3007//4368 3470//4368 3003//4368
f 3003//4369 3470//4369 3471//4369
f 3003//4370 3471//4370 3004//4370
f 3004//4371 3471//4371 3472//4371
f 3004//4372 3472//4372 3000//4372
f 3439//4373 3438//4373 3473//4373
f 3473//4374 3438//4374 3474//4374
f 3473//4375 3474//4375 3475//4375
f 3475//4376 3474//4376 3476//4376
f 3475//4377 3476//4377 3477//4377
f 3477//4378 3476//4378 3478//4378
f 3477//4379 3478//4379 3479//4379
f 3479//4380 3478//4380 3480//4380
f 3479//4381 3480//4381 3481//4381
f 3481//4382 3480//4382 3482//4382
f 3481//4383 3482//4383 3483//4383
f 3483//4384 3482//4384 3484//4384
f 3483//4385 3484//4385 3485//4385
f 3485//4386 3484//4386 3486//4386
f 3485//4387 3486//4387 3487//4387
f 3487//4388 3486//4388 3488//4388
f 3487//4389 3488//4389 3489//4389
f 3489//4390 3488//4390 3490//4390
f 3489//4391 3490//4391 3491//4391
f 3491//4392 3490//4392 3492//4392
f 3491//4393 3492//4393 3493//4393
f 3493//4394 3492//4394 3494//4394
f 3493//4395 3494//4395 3495//4395
f 3495//4396 3494//4396 3496//4396
f 3495//4397 3496//4397 3497//4397
f 3497//4398 3496//4398 3498//4398
f 3497//4399 3498//4399 3442//4399
f 2757//4400 3441//4400 2755//4400
f 2755//4401 3441//4401 3440//4401
f 2755//4402 3440//4402 2748//4402
f 2761//4403 3499//4403 2759//4403
f 2759//4404 3499//4404 3500//4404
f 2759//4405 3500//4405 2757//4405
f 2757//4406 3500//4406 3501//4406
f 2757//4407 3501//4407 3441//4407
f 3502//4408 3503//4408 2828//4408
f 2828//4409 3503//4409 3504//4409
f 2828//4410 3504//4410 2763//4410
f 2763//4411 3504//4411 3505//4411
f 2763//4412 3505//4412 2761//4412
f 2761//4413 3505//4413 3506//4413
f 2761//4414 3506//4414 3499//4414
f 3507//4415 3508//4415 2834//4415
f 2834//4416 3508//4416 3509//4416
f 2834//4417 3509//4417 2832//4417
f 2832//4418 3509//4418 3502//4418
f 2832//4419 3502//4419 2830//4419
f 2830//4420 3502//4420 2828//4420
f 3442//4421 3441//4421 3497//4421
f 3497//4422 3441//4422 3501//4422
f 3497//4423 3501//4423 3495//4423
f 3495//4424 3501//4424 3500//4424
f 3495//4425 3500//4425 3493//4425
f 3493//4426 3500//4426 3499//4426
f 3493//4427 3499//4427 3491//4427
f 3491//4428 3499//4428 3506//4428
f 3491//4429 3506//4429 3489//4429
f 3489//4430 3506//4430 3505//4430
f 3489//4431 3505//4431 3487//4431
f 3487//4432 3505//4432 3504//4432
f 3487//4433 3504//4433 3485//4433
f 3485//4434 3504//4434 3503//4434
f 3485//4435 3503//4435 3483//4435
f 3483//4436 3503//4436 3502//4436
f 3483//4437 3502//4437 3481//4437
f 3481//4438 3502//4438 3509//4438
f 3481//4439 3509//4439 3479//4439
f 3479//4440 3509//4440 3508//4440
f 3479//4441 3508//4441 3477//4441
f 3477//4442 3508//4442 3507//4442
f 3477//4443 3507//4443 3475//4443
f 3475//4444 3507//4444 3510//4444
f 3475//4445 3510//4445 3473//4445
f 3473//4446 3510//4446 3511//4446
f 3473//4447 3511//4447 3439//4447
f 3512//4448 3513//4448 3514//4448
f 3514//4449 3513//4449 3515//4449
f 3514//4450 3515//4450 3516//4450
f 3517//4451 3512//4451 3518//4451
f 3518//4452 3512//4452 3514//4452
f 3518//4453 3514//4453 3519//4453
f 3519//4454 3514//4454 3516//4454
f 3520//4455 3521//4455 3522//4455
f 3522//4456 3521//4456 3523//4456
f 3522//4457 3523//4457 3524//4457
f 3524//4458 3523//4458 3525//4458
f 3524//4459 3525//4459 3526//4459
f 3526//4460 3525//4460 3527//4460
f 3526//4461 3527//4461 3528//4461
f 3528//4462 3527//4462 3529//4462
f 3528//4463 3529//4463 3530//4463
f 3531//4464 3532//4464 3533//4464
f 3533//4465 3532//4465 3534//4465
f 3533//4466 3534//4466 3535//4466
f 3535//4467 3534//4467 3536//4467
f 3535//4468 3536//4468 3530//4468
f 3530//4469 3536//4469 3537//4469
f 3530//4470 3537//4470 3528//4470
f 3521//4471 3538//4471 3523//4471
f 3523//4472 3538//4472 3539//4472
f 3523//4473 3539//4473 3525//4473
f 3525//4474 3539//4474 3540//4474
f 3525//4475 3540//4475 3527//4475
f 3527//4476 3540//4476 3541//4476
f 3527//4477 3541//4477 3529//4477
f 3529//4478 3541//4478 3542//4478
f 3529//4479 3542//4479 3530//4479
f 2840//4480 2842//4480 3543//4480
f 3543//4481 2842//4481 2844//4481
f 3516//4482 3543//4482 3519//4482
f 3519//4483 3543//4483 2844//4483
f 3519//4484 2844//4484 3518//4484
f 3518//4485 2844//4485 2846//4485
f 3518//4486 2846//4486 3517//4486
f 3517//4487 2846//4487 2848//4487
f 3517//4488 2848//4488 2850//4488
f 2751//4489 3531//4489 2745//4489
f 2745//4490 3531//4490 3533//4490
f 2745//4491 3533//4491 2790//4491
f 2790//4492 3533//4492 3535//4492
f 2790//4493 3535//4493 2859//4493
f 2859//4494 3535//4494 3530//4494
f 2859//4495 3530//4495 2858//4495
f 2858//4496 3530//4496 3542//4496
f 2858//4497 3542//4497 2856//4497
f 2856//4498 3542//4498 3541//4498
f 2856//4499 3541//4499 2854//4499
f 2854//4500 3541//4500 3540//4500
f 2854//4501 3540//4501 2852//4501
f 2852//4502 3540//4502 3539//4502
f 2852//4503 3539//4503 2850//4503
f 2850//4504 3539//4504 3538//4504
f 2850//4505 3538//4505 3517//4505
f 3517//4506 3538//4506 3521//4506
f 3517//4507 3521//4507 3512//4507
f 3512//4508 3521//4508 3520//4508
f 3512//4509 3520//4509 3513//4509
f 3544//4510 3434//4510 3545//4510
f 3545//4511 3434//4511 3436//4511
f 3545//4512 3436//4512 3546//4512
f 3546//4171 3436//4171 3547//4171
f 3546//4172 3547//4172 3548//4172
f 3548//4513 3547//4513 3549//4513
f 2834//4514 2836//4514 3507//4514
f 3507//4515 2836//4515 2838//4515
f 3507//4516 2838//4516 3510//4516
f 3510//4517 2838//4517 2840//4517
f 3510//4518 2840//4518 3511//4518
f 3511//4519 2840//4519 3543//4519
f 3511//4520 3543//4520 3439//4520
f 3439//4521 3543//4521 3516//4521
f 3439//4522 3516//4522 3437//4522
f 3437//4523 3516//4523 3515//4523
f 3550//4524 3551//4524 3552//4524
f 3553//4525 3554//4525 3555//4525
f 3555//4526 3554//4526 3556//4526
f 3555//4527 3556//4527 3557//4527
f 3557//4528 3556//4528 3558//4528
f 3433//4529 3430//4529 3559//4529
f 3559//4530 3430//4530 3429//4530
f 3559//4531 3429//4531 3560//4531
f 3561//4532 3562//4532 3563//4532
f 3563//4533 3562//4533 3564//4533
f 3563//4534 3564//4534 3565//4534
f 3565//4535 3564//4535 3566//4535
f 3565//4536 3566//4536 3567//4536
f 3567//4537 3566//4537 3568//4537
f 3567//4538 3568//4538 3569//4538
f 3569//4539 3568//4539 3570//4539
f 3569//4540 3570//4540 3571//4540
f 3550//4541 3552//4541 3572//4541
f 3572//4542 3552//4542 3573//4542
f 3572//4543 3573//4543 3574//4543
f 3575//4544 3553//4544 3576//4544
f 3576//4545 3553//4545 3555//4545
f 3576//4546 3555//4546 3577//4546
f 3577//4547 3555//4547 3557//4547
f 3431//4548 3430//4548 3578//4548
f 3578//4549 3430//4549 3432//4549
f 3578//4550 3432//4550 3579//4550
f 3562//4551 3580//4551 3564//4551
f 3564//4552 3580//4552 3581//4552
f 3564//4553 3581//4553 3566//4553
f 3566//4554 3581//4554 3582//4554
f 3566//4555 3582//4555 3568//4555
f 3568//4556 3582//4556 3583//4556
f 3568//4557 3583//4557 3570//4557
f 3425//4558 3424//4558 3584//4558
f 3584//4559 3424//4559 3585//4559
f 3584//4560 3585//4560 3428//4560
f 3586//4561 3587//4561 3588//4561
f 3588//4562 3587//4562 3589//4562
f 3588//4563 3589//4563 3590//4563
f 3591//4564 3592//4564 3593//4564
f 3593//4565 3592//4565 3594//4565
f 3593//4566 3594//4566 3595//4566
f 3595//4567 3594//4567 3596//4567
f 3595//4568 3596//4568 3597//4568
f 3597//4569 3596//4569 3598//4569
f 3597//4570 3598//4570 3599//4570
f 3599//4571 3598//4571 3600//4571
f 3599//4572 3600//4572 3601//4572
f 3601//4573 3600//4573 3602//4573
f 3601//4574 3602//4574 3603//4574
f 3603//4575 3602//4575 3604//4575
f 3603//4576 3604//4576 3605//4576
f 3605//4577 3604//4577 3606//4577
f 3605//4578 3606//4578 3607//4578
f 3607//4579 3606//4579 3608//4579
f 3609//4580 3586//4580 3610//4580
f 3610//4581 3586//4581 3588//4581
f 3610//4582 3588//4582 3611//4582
f 3611//4583 3588//4583 3590//4583
f 3612//4584 3591//4584 3613//4584
f 3613//4585 3591//4585 3593//4585
f 3613//4586 3593//4586 3614//4586
f 3614//4587 3593//4587 3595//4587
f 3614//4588 3595//4588 3615//4588
f 3615//4589 3595//4589 3597//4589
f 3615//4590 3597//4590 3616//4590
f 3616//4591 3597//4591 3599//4591
f 3616//4592 3599//4592 3617//4592
f 3617//4593 3599//4593 3601//4593
f 3617//4594 3601//4594 3618//4594
f 3618//4595 3601//4595 3603//4595
f 3618//4596 3603//4596 3619//4596
f 3619//4597 3603//4597 3605//4597
f 3619//4598 3605//4598 3620//4598
f 3620//4599 3605//4599 3607//4599
f 3621//4600 3622//4600 3623//4600
f 3623//4601 3622//4601 3624//4601
f 3623//4602 3624//4602 3625//4602
f 3625//4603 3624//4603 3626//4603
f 3625//4604 3626//4604 3627//4604
f 3627//4605 3626//4605 3628//4605
f 3627//4606 3628//4606 3629//4606
f 3629//4607 3628//4607 3630//4607
f 3629//4608 3630//4608 3631//4608
f 3428//4609 3427//4609 3584//4609
f 3584//4610 3427//4610 3632//4610
f 3584//4611 3632//4611 3425//4611
f 2744//4612 3574//4612 2752//4612
f 2752//4613 3574//4613 3573//4613
f 2752//4614 3573//4614 2771//4614
f 2766//4615 3575//4615 2743//4615
f 2743//4616 3575//4616 3576//4616
f 2743//4617 3576//4617 2744//4617
f 2744//4618 3576//4618 3577//4618
f 2744//4619 3577//4619 3574//4619
f 3574//4620 3577//4620 3557//4620
f 3574//4291 3557//4291 3572//4291
f 3572//4621 3557//4621 3558//4621
f 3572//4622 3558//4622 3550//4622
f 3433//4623 3571//4623 3432//4623
f 3432//4624 3571//4624 3570//4624
f 3432//4625 3570//4625 3579//4625
f 3579//4626 3570//4626 3583//4626
f 3579//4627 3583//4627 2806//4627
f 2806//4628 3583//4628 3582//4628
f 2806//4629 3582//4629 2768//4629
f 2768//4630 3582//4630 3581//4630
f 2768//4631 3581//4631 2766//4631
f 2766//4632 3581//4632 3580//4632
f 2766//4633 3580//4633 3575//4633
f 3575//4634 3580//4634 3562//4634
f 3575//4635 3562//4635 3553//4635
f 3553//4636 3562//4636 3561//4636
f 3553//4637 3561//4637 3554//4637
f 3585//4638 3560//4638 3428//4638
f 3428//4639 3560//4639 3429//4639
f 3428//4640 3429//4640 3426//4640
f 3426//4641 3429//4641 3431//4641
f 3426//4642 3431//4642 2812//4642
f 2812//4643 3431//4643 3578//4643
f 2812//4644 3578//4644 2810//4644
f 2810//4645 3578//4645 3579//4645
f 2810//4646 3579//4646 2808//4646
f 2808//4647 3579//4647 2806//4647
f 2818//4648 2820//4648 3633//4648
f 3633//4649 2820//4649 2822//4649
f 3590//4650 3633//4650 3611//4650
f 3611//4651 3633//4651 2822//4651
f 3611//4652 2822//4652 3610//4652
f 3610//4653 2822//4653 2824//4653
f 3610//4654 2824//4654 3609//4654
f 3609//4655 2824//4655 2825//4655
f 3609//4656 2825//4656 2802//4656
f 2784//4657 3612//4657 2782//4657
f 2782//4658 3612//4658 3613//4658
f 2782//4659 3613//4659 2780//4659
f 2780//4660 3613//4660 3614//4660
f 2780//4661 3614//4661 2792//4661
f 2792//4662 3614//4662 3615//4662
f 2792//4663 3615//4663 2793//4663
f 2793//4664 3615//4664 3616//4664
f 2793//4665 3616//4665 2795//4665
f 2795//4666 3616//4666 3617//4666
f 2795//4667 3617//4667 2798//4667
f 2798//4668 3617//4668 3618//4668
f 2798//4669 3618//4669 2800//4669
f 2800//4670 3618//4670 3619//4670
f 2800//4671 3619//4671 2802//4671
f 2802//4672 3619//4672 3620//4672
f 2802//4673 3620//4673 3609//4673
f 3609//4674 3620//4674 3607//4674
f 3609//4675 3607//4675 3586//4675
f 3586//4676 3607//4676 3608//4676
f 3586//4677 3608//4677 3587//4677
f 2812//4678 2814//4678 3426//4678
f 3426//4679 2814//4679 2816//4679
f 3426//4680 2816//4680 3427//4680
f 3427//4681 2816//4681 2818//4681
f 3427//4682 2818//4682 3632//4682
f 3632//4683 2818//4683 3633//4683
f 3632//4684 3633//4684 3425//4684
f 3425//4685 3633//4685 3590//4685
f 3425//4686 3590//4686 3423//4686
f 3423//4687 3590//4687 3589//4687
f 3622//4688 3634//4688 3624//4688
f 3624//4689 3634//4689 3635//4689
f 3624//4690 3635//4690 3626//4690
f 3626//4691 3635//4691 3636//4691
f 3626//4232 3636//4232 3628//4232
f 3628//4692 3636//4692 3637//4692
f 3628//4693 3637//4693 3630//4693
f 3638//4694 3104//4694 3103//4694
f 3638//4695 3103//4695 3639//4695
f 3639//4696 3103//4696 3108//4696
f 3639//4697 3108//4697 3640//4697
f 3108//4698 3110//4698 3640//4698
f 3640//4699 3110//4699 3111//4699
f 3640//4700 3111//4700 3641//4700
f 3641//4701 3111//4701 3113//4701
f 3641//4702 3113//4702 3642//4702
f 3642//4703 3113//4703 3116//4703
f 3642//4704 3116//4704 3643//4704
f 3643//4705 3116//4705 3115//4705
f 3643//4706 3115//4706 3644//4706
f 3644//4707 3115//4707 3114//4707
f 3644//4708 3114//4708 2998//4708
f 3645//4709 3091//4709 3646//4709
f 3646//4710 3091//4710 3093//4710
f 3646//4711 3093//4711 3647//4711
f 3647//4712 3093//4712 3094//4712
f 3647//4713 3094//4713 3648//4713
f 3094//4714 3096//4714 3648//4714
f 3648//4715 3096//4715 3099//4715
f 3648//4716 3099//4716 3649//4716
f 3649//4717 3099//4717 3098//4717
f 3649//4718 3098//4718 3650//4718
f 3650//4719 3098//4719 3102//4719
f 3650//4720 3102//4720 3651//4720
f 3651//4721 3102//4721 3101//4721
f 3651//4722 3101//4722 3652//4722
f 3652//4723 3101//4723 3107//4723
f 3652//4724 3107//4724 3653//4724
f 3653//4725 3107//4725 3106//4725
f 3472//4726 3654//4726 3551//4726
f 3655//4727 3084//4727 3656//4727
f 3656//4728 3084//4728 3083//4728
f 3656//4729 3083//4729 3657//4729
f 3657//4730 3083//4730 3088//4730
f 3657//4731 3088//4731 3645//4731
f 3645//4732 3088//4732 3090//4732
f 3645//4733 3090//4733 3091//4733
f 3075//4734 3658//4734 3659//4734
f 3075//4735 3080//4735 3658//4735
f 3658//4736 3080//4736 3082//4736
f 3658//4737 3082//4737 3660//4737
f 3660//4738 3082//4738 3087//4738
f 3660//4739 3087//4739 3655//4739
f 3655//4740 3087//4740 3086//4740
f 3655//4741 3086//4741 3084//4741
f 3661//4742 3073//4742 3662//4742
f 3662//4743 3073//4743 3079//4743
f 3662//4744 3079//4744 3663//4744
f 3663//4745 3079//4745 3078//4745
f 3663//4746 3078//4746 3659//4746
f 3659//4747 3078//4747 3076//4747
f 3659//4748 3076//4748 3075//4748
f 3654//4749 3472//4749 3664//4749
f 3664//4750 3472//4750 3471//4750
f 3664//4751 3471//4751 3665//4751
f 3665//4752 3471//4752 3470//4752
f 3665//4753 3470//4753 3666//4753
f 3666//4754 3470//4754 3469//4754
f 3666//4755 3469//4755 3667//4755
f 3667//4756 3469//4756 3443//4756
f 3667//4757 3443//4757 3668//4757
f 3668//4758 3443//4758 3462//4758
f 3668//4759 3462//4759 3669//4759
f 3669//4760 3462//4760 3463//4760
f 3669//4761 3463//4761 3670//4761
f 3670//4762 3463//4762 3464//4762
f 3670//4763 3464//4763 3671//4763
f 3671//4764 3464//4764 3465//4764
f 3671//4765 3465//4765 3672//4765
f 3672//4766 3465//4766 3466//4766
f 3672//4767 3466//4767 3673//4767
f 3673//4768 3466//4768 3459//4768
f 3673//4769 3459//4769 3674//4769
f 3674//4770 3459//4770 3460//4770
f 3674//4771 3460//4771 3675//4771
f 3675//4772 3460//4772 3461//4772
f 3675//4773 3461//4773 3676//4773
f 3676//4774 3461//4774 3456//4774
f 3676//4775 3456//4775 3677//4775
f 3677//4776 3456//4776 3455//4776
f 3677//4777 3455//4777 3678//4777
f 3678//4778 3455//4778 3457//4778
f 3678//4779 3457//4779 3679//4779
f 3679//4780 3457//4780 3458//4780
f 3679//4781 3458//4781 3680//4781
f 3680//4782 3458//4782 3467//4782
f 3680//4783 3467//4783 3681//4783
f 3681//4784 3467//4784 3468//4784
f 3681//4785 3468//4785 3682//4785
f 3682//4786 3468//4786 3449//4786
f 3682//4787 3449//4787 3683//4787
f 3683//4788 3449//4788 3448//4788
f 3683//4789 3448//4789 3684//4789
f 3684//4790 3448//4790 3450//4790
f 3684//4791 3450//4791 3685//4791
f 3685//4792 3450//4792 3451//4792
f 3685//4793 3451//4793 3686//4793
f 3686//4794 3451//4794 3452//4794
f 3686//4795 3452//4795 3687//4795
f 3687//4796 3452//4796 3453//4796
f 3687//4797 3453//4797 3688//4797
f 3688//4798 3453//4798 3454//4798
f 3688//4799 3454//4799 3689//4799
f 3689//4800 3454//4800 3444//4800
f 3689//4801 3444//4801 3690//4801
f 3690//4802 3444//4802 3445//4802
f 3690//4803 3445//4803 3691//4803
f 3691//4804 3445//4804 3446//4804
f 3691//4805 3446//4805 3692//4805
f 3692//4806 3446//4806 3447//4806
f 3692//4807 3447//4807 3693//4807
f 3693//4808 3447//4808 3694//4808
f 3693//4809 3694//4809 3695//4809
f 3695//4810 3694//4810 3696//4810
f 3695//4811 3696//4811 3697//4811
f 3697//4812 3696//4812 3698//4812
f 3697//4813 3698//4813 3699//4813
f 3699//4814 3698//4814 3700//4814
f 3699//4815 3700//4815 3701//4815
f 3701//4816 3700//4816 3702//4816
f 3701//4817 3702//4817 3703//4817
f 3703//4818 3702//4818 3704//4818
f 3703//4819 3704//4819 3705//4819
f 3705//4820 3704//4820 3706//4820
f 3705//4821 3706//4821 3707//4821
f 3707//4822 3706//4822 3708//4822
f 3707//4823 3708//4823 3709//4823
f 3709//4824 3708//4824 3710//4824
f 3709//4825 3710//4825 3711//4825
f 3711//4826 3710//4826 3661//4826
f 3711//4827 3661//4827 3712//4827
f 3712//4828 3661//4828 3662//4828
f 3712//4829 3662//4829 3713//4829
f 3713//4830 3662//4830 3663//4830
f 3713//4831 3663//4831 3714//4831
f 3714//4832 3663//4832 3659//4832
f 3714//4833 3659//4833 3715//4833
f 3715//4834 3659//4834 3658//4834
f 3715//4835 3658//4835 3716//4835
f 3716//4836 3658//4836 3660//4836
f 3716//4837 3660//4837 3717//4837
f 3717//4838 3660//4838 3655//4838
f 3717//4839 3655//4839 3718//4839
f 3718//4840 3655//4840 3656//4840
f 3718//4841 3656//4841 3719//4841
f 3719//4842 3656//4842 3657//4842
f 3719//4843 3657//4843 3720//4843
f 3720//4844 3657//4844 3645//4844
f 3720//4845 3645//4845 3721//4845
f 3721//4846 3645//4846 3646//4846
f 3721//4847 3646//4847 3722//4847
f 3722//4848 3646//4848 3647//4848
f 3722//4849 3647//4849 3723//4849
f 3723//4850 3647//4850 3648//4850
f 3723//4851 3648//4851 3724//4851
f 3724//4852 3648//4852 3649//4852
f 3724//4853 3649//4853 3725//4853
f 3725//4854 3649//4854 3650//4854
f 3725//4855 3650//4855 3726//4855
f 3726//4856 3650//4856 3651//4856
f 3726//4857 3651//4857 3727//4857
f 3727//4858 3651//4858 3652//4858
f 3727//4859 3652//4859 3728//4859
f 3728//4860 3652//4860 3653//4860
f 3728//4861 3653//4861 3638//4861
f 3638//4862 3653//4862 3106//4862
f 3638//4863 3106//4863 3104//4863
f 3054//4864 3053//4864 3447//4864
f 3447//4865 3053//4865 3052//4865
f 3447//4866 3052//4866 3694//4866
f 3694//4867 3052//4867 3065//4867
f 3694//4868 3065//4868 3696//4868
f 3696//4869 3065//4869 3064//4869
f 3696//4870 3064//4870 3698//4870
f 3698//4871 3064//4871 3062//4871
f 3698//4035 3062//4035 3700//4035
f 3062//4872 3060//4872 3700//4872
f 3700//4873 3060//4873 3059//4873
f 3700//4874 3059//4874 3702//4874
f 3702//4875 3059//4875 3058//4875
f 3702//4876 3058//4876 3704//4876
f 3704//4877 3058//4877 3068//4877
f 3704//4878 3068//4878 3706//4878
f 3706//4879 3068//4879 3067//4879
f 3706//4880 3067//4880 3708//4880
f 3708//4881 3067//4881 3071//4881
f 3708//4882 3071//4882 3710//4882
f 3710//4883 3071//4883 3070//4883
f 3710//4884 3070//4884 3661//4884
f 3661//4885 3070//4885 3074//4885
f 3661//4886 3074//4886 3073//4886
f 2771//4887 3544//4887 2777//4887
f 2777//4887 3544//4887 3545//4887
f 2777//4888 3545//4888 2776//4888
f 2776//4889 3545//4889 3546//4889
f 2776//4890 3546//4890 2751//4890
f 2751//4891 3546//4891 3548//4891
f 2751//4892 3548//4892 3531//4892
f 3531//4893 3548//4893 3549//4893
f 3531//4894 3549//4894 3532//4894
f 3498//4895 3631//4895 3442//4895
f 3442//4896 3631//4896 3630//4896
f 3442//4897 3630//4897 3440//4897
f 3440//4898 3630//4898 3637//4898
f 3440//4899 3637//4899 2748//4899
f 2748//4900 3637//4900 3636//4900
f 2748//4901 3636//4901 2786//4901
f 2786//4902 3636//4902 3635//4902
f 2786//4903 3635//4903 2784//4903
f 2784//4904 3635//4904 3634//4904
f 2784//4905 3634//4905 3612//4905
f 3612//4906 3634//4906 3622//4906
f 3612//4907 3622//4907 3591//4907
f 3591//4908 3622//4908 3621//4908
f 3591//4909 3621//4909 3592//4909
f 2771//4910 3573//4910 3544//4910
f 3544//4911 3573//4911 3552//4911
f 3544//4912 3552//4912 3434//4912
f 3434//4913 3552//4913 3551//4913
f 3434//4914 3551//4914 3435//4914
f 3435//4915 3551//4915 3654//4915
f 3435//4036 3654//4036 3436//4036
f 3436//4916 3654//4916 3664//4916
f 3436//4917 3664//4917 3547//4917
f 3547//4918 3664//4918 3665//4918
f 3547//4919 3665//4919 3549//4919
f 3549//4920 3665//4920 3666//4920
f 3549//4921 3666//4921 3532//4921
f 3532//4922 3666//4922 3667//4922
f 3532//4923 3667//4923 3534//4923
f 3534//4924 3667//4924 3668//4924
f 3534//4925 3668//4925 3536//4925
f 3536//4926 3668//4926 3669//4926
f 3536//4927 3669//4927 3537//4927
f 3537//4928 3669//4928 3670//4928
f 3537//4929 3670//4929 3528//4929
f 3528//4930 3670//4930 3671//4930
f 3528//4931 3671//4931 3526//4931
f 3526//4932 3671//4932 3672//4932
f 3526//4933 3672//4933 3524//4933
f 3524//4934 3672//4934 3673//4934
f 3524//4935 3673//4935 3522//4935
f 3522//4936 3673//4936 3674//4936
f 3522//4937 3674//4937 3520//4937
f 3520//4938 3674//4938 3675//4938
f 3520//4939 3675//4939 3513//4939
f 3513//4940 3675//4940 3676//4940
f 3513//4941 3676//4941 3515//4941
f 3515//4942 3676//4942 3677//4942
f 3515//4943 3677//4943 3437//4943
f 3437//4944 3677//4944 3678//4944
f 3437//4945 3678//4945 3438//4945
f 3438//4946 3678//4946 3679//4946
f 3438//4947 3679//4947 3474//4947
f 3474//4948 3679//4948 3680//4948
f 3474//4949 3680//4949 3476//4949
f 3476//4950 3680//4950 3681//4950
f 3476//4951 3681//4951 3478//4951
f 3478//4952 3681//4952 3682//4952
f 3478//4953 3682//4953 3480//4953
f 3480//4954 3682//4954 3683//4954
f 3480//4955 3683//4955 3482//4955
f 3482//4956 3683//4956 3684//4956
f 3482//4957 3684//4957 3484//4957
f 3484//4958 3684//4958 3685//4958
f 3484//4959 3685//4959 3486//4959
f 3486//4960 3685//4960 3686//4960
f 3486//4961 3686//4961 3488//4961
f 3488//4962 3686//4962 3687//4962
f 3488//4963 3687//4963 3490//4963
f 3490//4964 3687//4964 3688//4964
f 3490//4965 3688//4965 3492//4965
f 3492//4966 3688//4966 3689//4966
f 3492//4967 3689//4967 3494//4967
f 3494//4968 3689//4968 3690//4968
f 3494//4969 3690//4969 3496//4969
f 3496//4970 3690//4970 3691//4970
f 3496//4971 3691//4971 3498//4971
f 3498//4972 3691//4972 3692//4972
f 3498//4973 3692//4973 3631//4973
f 3631//4974 3692//4974 3693//4974
f 3631//4975 3693//4975 3629//4975
f 3629//4976 3693//4976 3695//4976
f 3629//4977 3695//4977 3627//4977
f 3627//4978 3695//4978 3697//4978
f 3627//4979 3697//4979 3625//4979
f 3625//4980 3697//4980 3699//4980
f 3625//4981 3699//4981 3623//4981
f 3623//4982 3699//4982 3701//4982
f 3623//4983 3701//4983 3621//4983
f 3621//4984 3701//4984 3703//4984
f 3621//4985 3703//4985 3592//4985
f 3592//4986 3703//4986 3705//4986
f 3592//4987 3705//4987 3594//4987
f 3594//4988 3705//4988 3707//4988
f 3594//4989 3707//4989 3596//4989
f 3596//4990 3707//4990 3709//4990
f 3596//4991 3709//4991 3598//4991
f 3598//4992 3709//4992 3711//4992
f 3598//4993 3711//4993 3600//4993
f 3600//4994 3711//4994 3712//4994
f 3600//4995 3712//4995 3602//4995
f 3602//4996 3712//4996 3713//4996
f 3602//4997 3713//4997 3604//4997
f 3604//4998 3713//4998 3714//4998
f 3604//4999 3714//4999 3606//4999
f 3606//5000 3714//5000 3715//5000
f 3606//5001 3715//5001 3608//5001
f 3608//5002 3715//5002 3716//5002
f 3608//5003 3716//5003 3587//5003
f 3587//5004 3716//5004 3717//5004
f 3587//5005 3717//5005 3589//5005
f 3589//5006 3717//5006 3718//5006
f 3589//5007 3718//5007 3423//5007
f 3423//5008 3718//5008 3719//5008
f 3423//5009 3719//5009 3424//5009
f 3424//5010 3719//5010 3720//5010
f 3424//5011 3720//5011 3585//5011
f 3585//5012 3720//5012 3721//5012
f 3585//5013 3721//5013 3560//5013
f 3560//5014 3721//5014 3722//5014
f 3560//5015 3722//5015 3559//5015
f 3559//5016 3722//5016 3723//5016
f 3559//5017 3723//5017 3433//5017
f 3433//5018 3723//5018 3724//5018
f 3433//5019 3724//5019 3571//5019
f 3571//5020 3724//5020 3725//5020
f 3571//5021 3725//5021 3569//5021
f 3569//5022 3725//5022 3726//5022
f 3569//5023 3726//5023 3567//5023
f 3567//5024 3726//5024 3727//5024
f 3567//5025 3727//5025 3565//5025
f 3565//5026 3727//5026 3728//5026
f 3565//5027 3728//5027 3563//5027
f 3563//5028 3728//5028 3638//5028
f 3563//5029 3638//5029 3561//5029
f 3561//5030 3638//5030 3639//5030
f 3561//5031 3639//5031 3554//5031
f 3554//5032 3639//5032 3640//5032
f 3554//5033 3640//5033 3556//5033
f 3556//5034 3640//5034 3641//5034
f 3556//5035 3641//5035 3558//5035
f 3558//5036 3641//5036 3642//5036
f 3558//5037 3642//5037 3550//5037
f 3550//5038 3642//5038 3643//5038
f 3550//5039 3643//5039 3551//5039
f 3551//5040 3643//5040 3644//5040
f 3551//5041 3644//5041 3472//5041
f 3472//5042 3644//5042 2998//5042
f 3472//5043 2998//5043 3000//5043
