# L_phi_L=0.19,L_phi_R=0.195
t,theta,s,theta_dot,s_dot,sin_phi_L,cos_phi_L,sin_phi_R,cos_phi_R,phi_dot_L,phi_dot_R,qL1,qL2,qL3,qL4,qL5,qL6,qL7,qR1,qR2,qR3,qR4,qR5,qR6,qR7,qdotL1,qdotL2,qdotL3,qdotL4,qdotL5,qdotL6,qdotL7,qdotR1,qdotR2,qdotR3,qdotR4,qdotR5,qdotR6,qdotR7,dL,dR,d_min,m_phi_minus_L,m_phi_minus_R,m_phi_plus_L,m_phi_plus_R,m_q
0,-0.5880002142,-0.08640443167,0.380475227,-0.0183817811,-0.03896651094,0.9992405171,0.002637792114,0.999996521,0,0,1.272749711,1.553558191,-1.470955128,1.727168091,0.5861324347,-0.2052246785,-0.2796740121,-1.284030836,1.6493361,1.067298985,1.287887195,0.4893007822,0.4631771949,-0.8367358668,0.05788539135,-0.002571375819,0.00804650371,-0.1705601369,-0.3718641587,0.08899566191,0.343177807,-0.02309764951,0,0.1981231927,0.01174201554,-0.3147182666,-0.2736170906,0.1787655662,0.007343846023,0.03708688347,0.007343846023,0.1010236219,0.1969583527,0.00397637859,0.002362204716,4.35100076e-08
0.01,-0.5841952902,-0.08658826248,0.3805266471,-0.01838567071,-0.03896651094,0.9992405171,0.002637792114,0.999996521,0,0,1.273328565,1.553532477,-1.470874663,1.72546249,0.5824137931,-0.2043347219,-0.276242234,-1.284261812,1.6493361,1.069280217,1.288004616,0.4861535995,0.460441024,-0.8349482112,0.05777311231,-0.002575756593,0.008068473983,-0.1706060484,-0.3719064645,0.08901779269,0.3429856784,-0.02316211534,0,0.1984161033,0.01179682415,-0.3153079219,-0.2737596427,0.1785586824,0.007338358105,0.03708446117,0.007338358105,0.1010236219,0.1966748304,0.00397637859,0.002362204716,4.35100076e-08
0.02,-0.5803893446,-0.08677217056,0.3806790683,-0.01839720041,-0.03896651094,0.9992405171,0.002637792114,0.999996521,0,0,1.273906296,1.55350672,-1.470793978,1.723756429,0.5786947285,-0.203444544,-0.2728123772,-1.284493434,1.6493361,1.071264378,1.288122584,0.4830005203,0.4577034276,-0.8331626244,0.05766858099,-0.002580315377,0.008092143549,-0.1707086497,-0.372046798,0.08906755682,0.3428851565,-0.02322356943,0,0.1987601836,0.01184180787,-0.3159752731,-0.2739692926,0.178400166,0.007332858027,0.03708231514,0.007332858027,0.1010236219,0.1965516429,0.00397637859,0.002362204716,4.35100076e-08
0.03,-0.5765813813,-0.08695623126,0.3809297488,-0.0184161628,-0.03896651094,0.9992405171,0.002637792114,0.999996521,0,0,1.274482982,1.553480917,-1.470713057,1.722049343,0.5749742605,-0.2025538684,-0.2693835257,-1.284725669,1.6493361,1.07325198,1.288241002,0.4798407676,0.4549637347,-0.8313786227,0.05602829731,-0.002093813389,0.01086524433,-0.1727019286,-0.3723211089,0.09386074104,0.3423830145,-0.02126432074,0,0.1974507495,0.01267315514,-0.3159118695,-0.2717274179,0.1805928626,0.007327345651,0.03708044675,0.007327345651,0.1010236219,0.1965890392,0.00397637859,0.002362204716,4.35100076e-08
0.04,-0.5727704312,-0.0871405179,0.3812759692,-0.01844235218,-0.03896651094,0.9992405171,0.002637792114,0.999996521,0,0,1.275043265,1.553459978,-1.470604405,1.720322324,0.5712510494,-0.201615261,-0.2659596955,-1.284938312,1.6493361,1.075226487,1.288367733,0.4766816489,0.4522464605,-0.8295726941,0.05563638738,-0.002001161643,0.01143031534,-0.1732741801,-0.3726598315,0.09488700929,0.3423629114,-0.0209227808,-2.220446049e-14,0.1975525454,0.01285484814,-0.3165571941,-0.2715696486,0.18098571,0.00732284841,0.03707897401,0.00732284841,0.1018057053,0.1960053967,0.00397637859,0.002362204716,4.35100076e-08
0.05,-0.5689555524,-0.08732510172,0.381715032,-0.01847556451,-0.03896651094,0.9992405171,0.002637792114,0.999996521,0,0,1.275599629,1.553439967,-1.470490101,1.718589582,0.5675244511,-0.2006663909,-0.2625360664,-1.28514754,1.6493361,1.077202013,1.288496282,0.473516077,0.449530764,-0.827762837,0.05554642357,-0.002004527295,0.0114628212,-0.1735664472,-0.3730771088,0.09503566557,0.3425320303,-0.02095253002,2.220446049e-14,0.1979944268,0.01281982017,-0.3173969955,-0.2719274298,0.1809883425,0.007318545612,0.03707779992,0.007318545612,0.1028895704,0.1952816833,0.00397637859,0.002362204716,4.351000782e-08
0.06,-0.56513583,-0.08751005193,0.3822442625,-0.01851559744,-0.03896651094,0.9992405171,0.002637792114,0.999996521,0,0,1.276155093,1.553419922,-1.470375473,1.716853917,0.56379368,-0.1997160343,-0.2591107461,-1.285357066,1.6493361,1.079181957,1.28862448,0.470342107,0.4468114897,-0.8259529535,0.05536992126,-0.00201098716,0.01152440273,-0.1743348222,-0.3735163628,0.09548781795,0.3429522608,-0.02066090955,0,0.1978421364,0.01191185755,-0.317743575,-0.2717402722,0.1812765346,0.007314236297,0.03707690453,0.007314236297,0.1041241987,0.1945496778,0.00397637859,0.002362204716,4.35100076e-08
0.07,-0.5613103755,-0.08769543573,0.3828610077,-0.01856225032,-0.03896651094,0.9992405171,0.002637792114,0.999996521,0,0,1.276708792,1.553399812,-1.470260229,1.715110569,0.5600585164,-0.1987611561,-0.2556812235,-1.285563675,1.6493361,1.081160378,1.288743599,0.4671646712,0.444094087,-0.8241401882,0.05479051837,-0.001848042625,0.01243267657,-0.1752900587,-0.3740821134,0.09719918203,0.3430608801,-0.02005780923,0,0.1978704199,0.01216360601,-0.3185279672,-0.2714348768,0.1820809288,0.007309904123,0.03707630723,0.007309904123,0.1052201092,0.1937693581,0.00397637859,0.002362204716,4.35100076e-08
0.08,-0.5574783269,-0.08788131834,0.3835626373,-0.01861532416,-0.03896651094,0.9992405171,0.002637792114,0.999996521,0,0,1.277256698,1.553381331,-1.470135902,1.713357669,0.5563176953,-0.1977891643,-0.2522506147,-1.285764253,1.6493361,1.083139083,1.288865235,0.4639793916,0.4413797382,-0.8223193789,0.05333614513,-0.001394906727,0.01485725601,-0.1773097515,-0.3746839878,0.1015815501,0.3428858803,-0.01832348501,0,0.1969747268,0.01283942787,-0.3189428704,-0.2697633801,0.1842134462,0.007305924251,0.03707602443,0.007305924251,0.1060236171,0.1931061371,0.00397637859,0.002362204716,4.35100076e-08
0.09,-0.5536388485,-0.08806776296,0.3843465431,-0.01867462168,-0.03896651094,0.9992405171,0.002637792114,0.999996521,0,0,1.277790059,1.553367382,-1.46998733,1.711584571,0.5525708554,-0.1967733488,-0.2488217559,-1.285947488,1.6493361,1.08510883,1.288993629,0.4607899629,0.4386821044,-0.8204772445,0.05327084042,-0.001396153609,0.01490250493,-0.1777789635,-0.3754413758,0.1018257508,0.3433490009,-0.01835850491,0,0.1976337174,0.0128281423,-0.3200911929,-0.2703775794,0.1843698919,0.007302923769,0.03707611472,0.007302923769,0.1060236171,0.1923790979,0.00397637859,0.002362204716,4.35100076e-08
0.1,-0.5497911304,-0.08825483086,0.3852101391,-0.01873994725,-0.03896651094,0.9992405171,0.002637792114,0.999996521,0,0,1.278322768,1.553353421,-1.469838305,1.709806781,0.5488164416,-0.1957550913,-0.2453882659,-1.286131073,1.6493361,1.087085167,1.28912191,0.4575890509,0.4359783286,-0.8186335455,0.05320969157,-0.001397315807,0.01495060239,-0.1782937396,-0.3762753763,0.1020940278,0.3438812394,-0.01839072327,0,0.1983342351,0.01280985221,-0.3213049004,-0.2710438278,0.1845632018,0.007299925898,0.03707648554,0.007299925898,0.1060236171,0.1916509449,0.00397637859,0.002362204716,4.35100076e-08
0.11,-0.5459343886,-0.08844258135,0.3861508617,-0.01881110697,-0.03896651094,0.9992405171,0.002637792114,0.999996521,0,0,1.278854864,1.553339447,-1.469688799,1.708023844,0.5450536879,-0.194734151,-0.2419494535,-1.28631498,1.6493361,1.089068509,1.289250009,0.4543760019,0.4332678903,-0.8167879135,0.0531524035,-0.001398399209,0.01500147812,-0.1788525823,-0.377183425,0.1023855845,0.3444799597,-0.01842032581,0,0.1990752545,0.01278487702,-0.3225825406,-0.2717605295,0.184791837,0.007296931068,0.03707714021,0.007296931068,0.1060236171,0.1909215719,0.00397637859,0.002362204716,4.35100076e-08
0.12,-0.5420678645,-0.08863107181,0.3871661695,-0.01888790858,-0.03896651094,0.9992405171,0.002637792114,0.999996521,0,0,1.279386388,1.553325463,-1.469538784,1.706235318,0.5412818536,-0.1937102951,-0.2385046539,-1.286499183,1.6493361,1.091059262,1.289377858,0.4511501765,0.430550285,-0.8149399951,0.05166147067,-0.0009087349643,0.01745098631,-0.1810617001,-0.3779846453,0.1069498554,0.3444360099,-0.016643326,-2.220446049e-14,0.1982861588,0.01341608697,-0.3232647456,-0.2702247296,0.1871020845,0.007293939697,0.03707808229,0.007293939697,0.1060236171,0.1901908764,0.00397637859,0.002362204716,4.35100076e-08
0.13,-0.538190825,-0.0888203577,0.3882535434,-0.01897016153,-0.03896651094,0.9992405171,0.002637792114,0.999996521,0,0,1.279903003,1.553316376,-1.469364274,1.704424701,0.5375020072,-0.1926407966,-0.2350602938,-1.286665616,1.6493361,1.093042123,1.289512019,0.4479175291,0.4278480377,-0.8130689743,0.05109707579,-0.0007329070963,0.01836553975,-0.1822821802,-0.378972356,0.1088079203,0.344908611,-0.01601944468,4.440892099e-14,0.1985345323,0.01361642757,-0.3244157868,-0.2702101276,0.1881381384,0.007292038975,0.03707939913,0.007292038975,0.1060236171,0.1894587594,0.00397637859,0.002362204716,4.351000782e-08
0.14,-0.5343025618,-0.08901049258,0.3894104864,-0.01905767696,-0.03896651094,0.9992405171,0.002637792114,0.999996521,0,0,1.280413974,1.553309047,-1.469180619,1.702601879,0.5337122836,-0.1915527174,-0.2316112077,-1.286825811,1.6493361,1.095027469,1.289648183,0.4446733712,0.4251459365,-0.8111875929,0.05104571451,-0.0007309309438,0.01843266888,-0.1829722848,-0.3800903304,0.1091790305,0.3456909234,-0.01603314116,-2.220446049e-14,0.1993758349,0.01357602519,-0.3258574577,-0.2710572206,0.1884797822,0.007290536706,0.03708103564,0.007290536706,0.1060236171,0.1887251249,0.00397637859,0.002362204716,4.351000737e-08
0.15,-0.5304023916,-0.08920152815,0.3906345241,-0.01915026767,-0.03896651094,0.9992405171,0.002637792114,0.999996521,0,0,1.280924431,1.553301738,-1.468996292,1.700772157,0.5299113803,-0.1904609271,-0.2281542984,-1.286986142,1.6493361,1.097021227,1.289783943,0.4414147966,0.4224353643,-0.8093027951,0.05099678397,-0.000728775416,0.01850282836,-0.1837009848,-0.3812723379,0.1095712432,0.3465293454,-0.0160444952,2.220446049e-14,0.2002530975,0.01353032276,-0.3273568976,-0.2719479501,0.1888513592,0.007289048516,0.03708296543,0.007289048516,0.1060236171,0.1879898808,0.00397637859,0.002362204716,4.35100076e-08
0.16,-0.5264896558,-0.08939351423,0.3919232041,-0.01924774816,-0.03896651094,0.9992405171,0.002637792114,0.999996521,0,0,1.281434399,1.55329445,-1.468811264,1.698935147,0.5260986569,-0.1893652146,-0.224689005,-1.287146587,1.6493361,1.099023758,1.289919246,0.4381412277,0.4197158848,-0.8074142815,0.05041969955,-0.0005407118937,0.01942870287,-0.1850416046,-0.3824159473,0.111521389,0.3471194531,-0.015401373,-2.220446049e-14,0.2005904143,0.01371107234,-0.3286866005,-0.2720400637,0.1899880119,0.007287575091,0.03708519275,0.007287575091,0.1060236171,0.1872529379,0.00397637859,0.002362204716,4.351000737e-08
0.17,-0.5225637202,-0.0895864988,0.3932740963,-0.01934993461,-0.03896651094,0.9992405171,0.002637792114,0.999996521,0,0,1.281938596,1.553289043,-1.468616977,1.697084731,0.5222744974,-0.1882500007,-0.2212178105,-1.287300601,1.6493361,1.101029662,1.290056357,0.4348543617,0.4169954841,-0.8055144014,0.04888861963,-1.661223499e-05,0.02189552054,-0.1874559469,-0.3834404414,0.1162652083,0.3472173971,-0.0135777293,-2.220446049e-14,0.1999189604,0.01430447248,-0.3296529427,-0.2706536009,0.1924861095,0.007286537714,0.03708774885,0.007286537714,0.1060236171,0.1865632659,0.00397637859,0.002362204716,4.35100076e-08
0.18,-0.5186239746,-0.089780528,0.394684793,-0.01945664489,-0.03896651094,0.9992405171,0.002637792114,0.999996521,0,0,1.282427482,1.553288877,-1.468398022,1.695210171,0.518440093,-0.1870873487,-0.2177456365,-1.287436378,1.6493361,1.103028852,1.290199402,0.4315578322,0.4142889481,-0.8035895403,0.04884063807,-1.054450476e-05,0.02198355304,-0.1883002401,-0.3848021913,0.1167341245,0.3482081046,-0.01357280347,0,0.2008824991,0.0142469759,-0.3312976554,-0.2716524892,0.1929562698,0.007286699766,0.03709068265,0.007286699766,0.1060236171,0.1858987361,0.00397637859,0.002362204716,4.351000782e-08
0.19,-0.5146698329,-0.08997564618,0.3961529086,-0.01956769855,-0.03896651094,0.9992405171,0.002637792114,0.999996521,0,0,1.282915888,1.553288771,-1.468178186,1.693327169,0.5145920711,-0.1859200074,-0.2142635554,-1.287572106,1.6493361,1.105037677,1.290341872,0.4282448557,0.4115724232,-0.8016599776,0.04869385378,-4.432852085e-06,0.02210233552,-0.1896383682,-0.3861536836,0.1175324566,0.3494180213,-0.01324100153,2.220446049e-14,0.2012537394,0.0132826974,-0.3324619505,-0.2720584683,0.1936735382,0.0072868897,0.03709392168,0.0072868897,0.1060236171,0.1850559945,0.00397637859,0.002362204716,4.351000782e-08
0.2,-0.5107007329,-0.09017189586,0.3976760799,-0.01968291682,-0.03896651094,0.9992405171,0.002637792114,0.999996521,0,0,1.283402827,1.553288727,-1.467957163,1.691430785,0.5107305343,-0.1847446829,-0.2107693752,-1.287704516,1.6493361,1.107050214,1.290474698,0.4249202362,0.4088518385,-0.7997232422,0.048633196,2.508911812e-06,0.02220095684,-0.1906177074,-0.3876129053,0.1180875934,0.3505232153,-0.01318762788,0,0.2021991987,0.01308694043,-0.3341448471,-0.2730388617,0.1942189954,0.007287100804,0.03709747562,0.007287100804,0.1060236171,0.1842865127,0.00397637859,0.002362204716,4.35100076e-08
0.21,-0.5067161356,-0.0903693178,0.3992519659,-0.01980212263,-0.03896651094,0.9992405171,0.002637792114,0.999996521,0,0,1.283889159,1.553288752,-1.467735153,1.689524608,0.5068544052,-0.1835638069,-0.2072641431,-1.287836393,1.6493361,1.109072206,1.290605568,0.4215787877,0.4061214499,-0.7977810523,0.0468001524,0.0006504168026,0.02509042824,-0.1934372828,-0.3886888228,0.1237014169,0.3504976477,-0.01102001348,0,0.2013363818,0.01374663467,-0.335237694,-0.2713298851,0.1971885437,0.007287341782,0.03710134338,0.007287341782,0.1060236171,0.1835398548,0.00397637859,0.002362204716,4.35100076e-08
0.22,-0.5027155256,-0.09056795102,0.4008782479,-0.01992514057,-0.03896651094,0.9992405171,0.002637792114,0.999996521,0,0,1.28435716,1.553295256,-1.467484249,1.687590235,0.502967517,-0.1823267927,-0.2037591666,-1.287946593,1.6493361,1.11108557,1.290743034,0.4182264108,0.4034081511,-0.7958091668,0.04645114215,0.0007683239641,0.02566610131,-0.1947324182,-0.3901823171,0.1251137258,0.3514654024,-0.01063956072,0,0.2020914719,0.01379704224,-0.3369545796,-0.2719832249,0.1981672465,0.007289092827,0.03710560347,0.007289092827,0.1060236171,0.1837737033,0.00397637859,0.002362204716,4.35100076e-08
0.23,-0.4986984103,-0.09076783274,0.4025526293,-0.02005179694,-0.03896651094,0.9992405171,0.002637792114,0.999996521,0,0,1.284821672,1.553302939,-1.467227588,1.685642911,0.4990656938,-0.1810756555,-0.2002445126,-1.288052988,1.6493361,1.113106485,1.290881005,0.414856865,0.4006883188,-0.7938274944,0.04639963094,0.000780069886,0.02578031598,-0.1957438792,-0.3917948022,0.1256964747,0.3526611592,-0.01061645883,0,0.203193737,0.01372286819,-0.3388347214,-0.2731351093,0.198761332,0.007291134815,0.03711019347,0.007291134815,0.1060236171,0.1841734663,0.00397637859,0.002362204716,4.35100076e-08
0.24,-0.4946643202,-0.09096899851,0.4042728361,-0.02018191971,-0.03896651094,0.9992405171,0.002637792114,0.999996521,0,0,1.285285668,1.55331074,-1.466969785,1.683685472,0.4951477458,-0.1798186907,-0.196717901,-1.288159153,1.6493361,1.115138422,1.291018233,0.4114685177,0.3979569677,-0.791839881,0.04634805274,0.0007921206513,0.02589741361,-0.1967820537,-0.393450219,0.1262947417,0.3538916156,-0.01059194389,0,0.2043223722,0.01364593181,-0.3407589661,-0.2743165256,0.1993737839,0.007293223494,0.037115106,0.007293223494,0.1060236171,0.1845757975,0.00397637859,0.002362204716,4.35100076e-08
0.25,-0.4906128083,-0.09117148213,0.4060366164,-0.02031533852,-0.03896651094,0.9992405171,0.002637792114,0.999996521,0,0,1.285749149,1.553318661,-1.466710811,1.681717652,0.4912132436,-0.1785557433,-0.1931789848,-1.288265072,1.6493361,1.117181646,1.291154693,0.4080609281,0.3952138025,-0.7898461432,0.04515818947,0.001220135614,0.02773933101,-0.199007554,-0.3948039181,0.1300845703,0.3543457577,-0.009215556502,0,0.204252456,0.01400586452,-0.3423006733,-0.2737466338,0.2015203486,0.007295360003,0.03712034659,0.007295360003,0.1060236171,0.1849807643,0.00397637859,0.002362204716,4.35100076e-08
0.26,-0.4865434501,-0.0913753157,0.4078417403,-0.02045188473,-0.03896651094,0.9992405171,0.002637792114,0.999996521,0,0,1.286200731,1.553330863,-1.466433417,1.679727576,0.4872652044,-0.1772548976,-0.1896355272,-1.288357228,1.6493361,1.11922417,1.291294751,0.4046379214,0.3924763361,-0.7878309397,0.04408031731,0.001609147703,0.02941361221,-0.2011444211,-0.396232789,0.1335749911,0.3549116525,-0.007968897598,-2.220446049e-14,0.2043205112,0.01431949323,-0.3439125438,-0.2733760288,0.2035399912,0.007298520115,0.0371259596,0.007298520115,0.1060236171,0.1847728023,0.00397637859,0.002362204716,4.35100076e-08
0.27,-0.4824558431,-0.09158052969,0.4096860007,-0.02059139137,-0.03896651094,0.9992405171,0.002637792114,0.999996521,0,0,1.286641534,1.553346954,-1.466139281,1.677716132,0.4833028766,-0.1759191477,-0.1860864107,-1.288436917,1.6493361,1.121267376,1.291437946,0.4011987959,0.3897425758,-0.7857955398,0.04401899827,0.001627486814,0.02955120872,-0.2022661528,-0.398004986,0.1342393185,0.3562291365,-0.007927678075,2.220446049e-14,0.205503646,0.01423819347,-0.3459399563,-0.2746202583,0.2042205721,0.007302616089,0.03713194163,0.007302616089,0.1060236171,0.1840122172,0.00397637859,0.002362204716,4.351000782e-08
0.28,-0.4783496069,-0.09178715285,0.4115672123,-0.02073369313,-0.03896651094,0.9992405171,0.002637792114,0.999996521,0,0,1.287081724,1.553363229,-1.465843769,1.67569347,0.4793228267,-0.1745767545,-0.1825241194,-1.288516194,1.6493361,1.123322412,1.291580328,0.3977393964,0.3869963733,-0.7837533341,0.04395675011,0.001646174638,0.02969143431,-0.2034094951,-0.3998113895,0.1349164769,0.3575726145,-0.007885509828,2.220446049e-14,0.206709053,0.01415517154,-0.3480053705,-0.2758882904,0.2049147789,0.007306780305,0.03713826228,0.007306780305,0.1060236171,0.1832491142,0.00397637859,0.002362204716,4.35100076e-08
0.29,-0.4742243829,-0.09199521232,0.4134832124,-0.02087862641,-0.03896651094,0.9992405171,0.002637792114,0.999996521,0,0,1.287521291,1.553379691,-1.465546855,1.673659375,0.4753247128,-0.1732275898,-0.1789483932,-1.288595049,1.6493361,1.125389503,1.29172188,0.3942593426,0.3842374904,-0.7817041863,0.04327050608,0.001896212528,0.0307514267,-0.2051890679,-0.4014322338,0.1373121937,0.3584572737,-0.007115984786,-4.440892099e-14,0.2072691227,0.01429730135,-0.3498902514,-0.2762091138,0.2064364028,0.007311014118,0.03714492745,0.007311014118,0.1060236171,0.1824834448,0.00397637859,0.002362204716,4.351000737e-08
0.3,-0.4700798338,-0.09220473361,0.4154318602,-0.02102602929,-0.03896651094,0.9992405171,0.002637792114,0.999996521,0,0,1.287953996,1.553398653,-1.46523934,1.671607485,0.4713103905,-0.1718544678,-0.1753638205,-1.288666209,1.6493361,1.127462194,1.291864853,0.3907604401,0.3814753992,-0.7796398223,0.04159313815,0.002514981222,0.03327293125,-0.2079685699,-0.4027394704,0.14243414,0.3585973146,-0.005188153789,0,0.2067829804,0.01479838961,-0.3514534233,-0.2750058238,0.2092710897,0.007315867731,0.03715195975,0.007315867731,0.1060236171,0.1817543864,0.00397637859,0.002362204716,4.351000782e-08
0.31,-0.4659156439,-0.09241574061,0.4174110376,-0.02117574154,-0.03896651094,0.9992405171,0.002637792114,0.999996521,0,0,1.288369928,1.553423803,-1.464906611,1.669527799,0.4672829958,-0.1704301264,-0.1717778473,-1.28871809,1.6493361,1.129530024,1.292012837,0.3872459059,0.378725341,-0.7775471114,0.04144175353,0.002540501925,0.03345415791,-0.2095391898,-0.4045898202,0.1434193626,0.3601254231,-0.004892036521,2.220446049e-14,0.207593127,0.01403898937,-0.3532432278,-0.275847072,0.2101640197,0.007322220254,0.03715938693,0.007322220254,0.1060236171,0.1809956232,0.00397637859,0.002362204716,4.351000782e-08
0.32,-0.4617315183,-0.09262825561,0.4194186484,-0.0213276046,-0.03896651094,0.9992405171,0.002637792114,0.999996521,0,0,1.288784345,1.553449208,-1.464572069,1.667432407,0.4632370976,-0.1689959328,-0.1681765931,-1.288767011,1.6493361,1.131605955,1.292153227,0.3837134736,0.3759668703,-0.7754454712,0.04131448729,0.002566455318,0.03363018719,-0.2110098647,-0.4064819843,0.1443357461,0.3616286666,-0.004678303461,0,0.2085768423,0.0135064102,-0.3551979626,-0.2768650758,0.2110128934,0.007328660092,0.03716716522,0.007328660092,0.1060236171,0.1801705878,0.00397637859,0.002362204716,4.35100076e-08
0.33,-0.4575271831,-0.09284229934,0.421452619,-0.02148146161,-0.03896651094,0.9992405171,0.002637792114,0.999996521,0,0,1.28919749,1.553474872,-1.464235768,1.665322309,0.4591722777,-0.1675525753,-0.1645603064,-1.288813794,1.6493361,1.133691723,1.292288291,0.380161494,0.3731982195,-0.7733353422,0.04097266532,0.002690914029,0.03417198902,-0.2125148665,-0.4083254384,0.1458070593,0.3628459388,-0.004319696526,-2.220446049e-14,0.2095866691,0.01350765878,-0.3573375482,-0.2778022445,0.2121121126,0.007335190766,0.03717530061,0.007335190766,0.1060236171,0.1793942208,0.00397637859,0.002362204716,4.35100076e-08
0.34,-0.4533023849,-0.09305789097,0.4235108977,-0.02163715737,-0.03896651094,0.9992405171,0.002637792114,0.999996521,0,0,1.289607217,1.553501781,-1.463894048,1.66319716,0.4550890233,-0.1660945047,-0.160931847,-1.288856991,1.6493361,1.13578759,1.292423367,0.3765881185,0.3704201971,-0.7712142211,0.03884060715,0.003486152315,0.03727222339,-0.2157584067,-0.4094914479,0.152085622,0.3625871346,-0.001910372512,2.220446049e-14,0.208701612,0.01411609234,-0.35891589,-0.2759850268,0.2155189936,0.007342052478,0.03718380701,0.007342052478,0.1060236171,0.1787226718,0.00397637859,0.002362204716,4.351000782e-08
0.35,-0.4490568909,-0.09327504811,0.4255914553,-0.0217945384,-0.03896651094,0.9992405171,0.002637792114,0.999996521,0,0,1.289995623,1.553536643,-1.463521325,1.661039576,0.4509941088,-0.1645736485,-0.1573059757,-1.288876094,1.6493361,1.137874606,1.292564528,0.3729989596,0.3676603468,-0.7690590312,0.03874945993,0.00351885239,0.03745490667,-0.2170473448,-0.4114803866,0.1528929344,0.3640441196,-0.00183845015,0,0.2100031818,0.01403001277,-0.3611756023,-0.2773407239,0.2163128607,0.007350860514,0.03719272077,0.007350860514,0.1060236171,0.1787678977,0.00397637859,0.002362204716,4.35100076e-08
0.36,-0.4447904882,-0.09349378685,0.4276922849,-0.02195345287,-0.03896651094,0.9992405171,0.002637792114,0.999996521,0,0,1.290383117,1.553571832,-1.463146776,1.658869102,0.446879305,-0.1630447192,-0.1536655345,-1.288894479,1.6493361,1.139974638,1.292704828,0.3693872036,0.3648869395,-0.7668959026,0.03865618062,0.003551909919,0.03763933492,-0.2183481297,-0.4134873019,0.1537074565,0.3655112405,-0.001766699387,0,0.2113194102,0.01394400224,-0.3634614699,-0.2787097167,0.2171113309,0.007359785185,0.03720200568,0.007359785185,0.1060236171,0.1786009859,0.00397637859,0.002362204716,4.35100076e-08
0.37,-0.4405029842,-0.09371412178,0.4298114017,-0.02211375065,-0.03896651094,0.9992405171,0.002637792114,0.999996521,0,0,1.290769679,1.553607351,-1.462770383,1.656685621,0.442744432,-0.1615076446,-0.1500104221,-1.288912146,1.6493361,1.142087832,1.292844268,0.3657525889,0.3620998424,-0.7647247893,0.03848406104,0.003614219769,0.03793194437,-0.2197311121,-0.4154773007,0.1547295179,0.3669186928,-0.001609008554,2.220446049e-14,0.2125682215,0.01388271071,-0.3657489544,-0.279972873,0.2180098151,0.007368828119,0.03721166811,0.007368828119,0.1060236171,0.1782180247,0.00397637859,0.002362204716,4.35100076e-08
0.38,-0.4361942058,-0.09393606598,0.4319468432,-0.0222752833,-0.03896651094,0.9992405171,0.002637792114,0.999996521,0,0,1.29115452,1.553643493,-1.462391064,1.65448831,0.438589659,-0.1599603494,-0.1463412352,-1.288928236,1.6493361,1.144213514,1.292983096,0.3620950993,0.3593001136,-0.7625446911,0.03606522917,0.004525019953,0.04134895665,-0.2232222363,-0.4165178832,0.1616508547,0.366341841,0.001077833426,-4.440892099e-14,0.2114448974,0.01453801733,-0.3673723215,-0.2777881221,0.2217437443,0.007378061126,0.0372217154,0.007378061126,0.1060236171,0.1776209317,0.00397637859,0.002362204716,4.351000737e-08
0.39,-0.4318639994,-0.09415963107,0.4340966694,-0.02243790405,-0.03896651094,0.9992405171,0.002637792114,0.999996521,0,0,1.291515172,1.553688743,-1.461977574,1.652256088,0.4344244801,-0.1583438409,-0.1426778168,-1.288917457,1.6493361,1.146327963,1.293128476,0.3584213761,0.3565222324,-0.7603272537,0.03595575583,0.004564591028,0.04155104924,-0.2245640521,-0.4185674728,0.1625104915,0.3678212687,0.001161981895,2.220446049e-14,0.2127781633,0.01445613481,-0.3697062963,-0.2791692224,0.2225713834,0.007389547823,0.03723217648,0.007389547823,0.1060236171,0.1772074798,0.00397637859,0.002362204716,4.351000782e-08
0.4,-0.4275122308,-0.0943848272,0.4362589623,-0.02260146783,-0.03896651094,0.9992405171,0.002637792114,0.999996521,0,0,1.29187473,1.553734389,-1.461562064,1.650010447,0.4302388054,-0.156718736,-0.1389996041,-1.288905838,1.6493361,1.148455745,1.293273037,0.3547243132,0.3537305402,-0.7581015398,0.03584379658,0.004604471319,0.04175427019,-0.2259130001,-0.420627538,0.1633743285,0.3693036995,0.001245335669,-2.220446049e-14,0.2141224158,0.01437509403,-0.3720604733,-0.2805588616,0.2233994626,0.007401175537,0.03724302639,0.007401175537,0.1060236171,0.1770160204,0.00397637859,0.002362204716,4.35100076e-08
0.41,-0.4231387849,-0.09461166309,0.4384318263,-0.02276583124,-0.03896651094,0.9992405171,0.002637792114,0.999996521,0,0,1.292233168,1.553780434,-1.461144521,1.647751317,0.42603253,-0.1550849927,-0.1353065671,-1.288893384,1.6493361,1.150596969,1.293416788,0.3510037084,0.3509249516,-0.7558675452,0.03565320606,0.00467360737,0.04206159789,-0.2273371762,-0.4226609868,0.164437329,0.3707160463,0.001412280576,2.220446049e-14,0.2153960441,0.01431778247,-0.3744118691,-0.2818389756,0.2243211165,0.007412945908,0.03725427157,0.007412945908,0.1060236171,0.1770506709,0.00397637859,0.002362204716,4.351000782e-08
0.42,-0.4187435653,-0.09484014602,0.4406133879,-0.02293085258,-0.03896651094,0.9992405171,0.002637792114,0.999996521,0,0,1.2925897,1.55382717,-1.460723905,1.645477945,0.4218059201,-0.1534406194,-0.1315994066,-1.288879262,1.6493361,1.152750929,1.293559966,0.3472595897,0.3481065618,-0.753624334,0.03309047983,0.00563182844,0.0455317585,-0.2310900112,-0.4236009246,0.1716291643,0.370012562,0.004293279461,-2.220446049e-14,0.2139799408,0.01458433931,-0.3759321168,-0.2792902083,0.2281915809,0.00742493158,0.03726591885,0.00742493158,0.1060236171,0.1772817127,0.00397637859,0.002362204716,4.35100076e-08
0.43,-0.4143264943,-0.09507028187,0.4428017961,-0.02309639182,-0.03896651094,0.9992405171,0.002637792114,0.999996521,0,0,1.292920605,1.553883488,-1.460268587,1.643167045,0.4175699109,-0.1517243278,-0.127899281,-1.288836329,1.6493361,1.154890729,1.293705809,0.3435002686,0.3453136597,-0.7513424182,0.03285725466,0.005684596122,0.04577604654,-0.2329398279,-0.4256232529,0.1728646341,0.3716326649,0.004683029339,2.220446049e-14,0.2148219004,0.01366043488,-0.3779170609,-0.280084211,0.2291885254,0.007439315601,0.0372779744,0.007439315601,0.1060236171,0.1764741038,0.00397637859,0.002362204716,4.351000782e-08
0.44,-0.4098875127,-0.09530207512,0.444995222,-0.02326231061,-0.03896651094,0.9992405171,0.002637792114,0.999996521,0,0,1.293249177,1.553940334,-1.459810827,1.640837647,0.4133136784,-0.1499956814,-0.1241829543,-1.288789498,1.6493361,1.157038948,1.293842414,0.339721098,0.3425128176,-0.749050533,0.03272423694,0.005733048847,0.04599559508,-0.2343257488,-0.4277066982,0.1737741756,0.3731012828,0.004774810217,0,0.2161889638,0.013583397,-0.3803297606,-0.2814726675,0.2300248809,0.007453879745,0.03729042071,0.007453879745,0.1060236171,0.1756660176,0.00397637859,0.002362204716,4.35100076e-08
0.45,-0.4054265792,-0.09553552889,0.447191859,-0.02342847231,-0.03896651094,0.9992405171,0.002637792114,0.999996521,0,0,1.293576419,1.553997664,-1.459350871,1.638494389,0.4090366114,-0.1482579397,-0.1204519415,-1.28874175,1.6493361,1.159200837,1.293978248,0.3359178004,0.339698091,-0.7467502842,0.03231476122,0.005885996369,0.04657840206,-0.2359553168,-0.4296570203,0.1753739501,0.3742950185,0.005164711388,0,0.2172740079,0.01358410064,-0.382683656,-0.2824445531,0.2311909447,0.007468617308,0.03730327757,0.007468617308,0.1060236171,0.174854963,0.00397637859,0.002362204716,4.35100076e-08
0.46,-0.4009436707,-0.09577064493,0.4493899229,-0.02359474194,-0.03896651094,0.9992405171,0.002637792114,0.999996521,0,0,1.293899567,1.554056524,-1.458885087,1.636134836,0.4047400412,-0.1465042002,-0.1167089913,-1.288690103,1.6493361,1.161373578,1.294114089,0.3320909638,0.3368736454,-0.7444383747,0.02989380631,0.006806216645,0.04982453601,-0.2393644649,-0.4306210601,0.1820360022,0.3735041722,0.007755155294,2.220446049e-14,0.2162375406,0.01414425562,-0.3845088739,-0.2803357509,0.2348092826,0.00748378739,0.03731655067,0.00748378739,0.1060236171,0.1741790853,0.00397637859,0.002362204716,4.35100076e-08
0.47,-0.3964387819,-0.09600742364,0.4515876516,-0.02376098622,-0.03896651094,0.9992405171,0.002637792114,0.999996521,0,0,1.294198505,1.554124587,-1.458386842,1.633741192,0.4004338306,-0.1446838401,-0.1129739496,-1.288612552,1.6493361,1.163535953,1.294255531,0.3282458751,0.3340702879,-0.7420902819,0.02974181942,0.006862986828,0.05005727812,-0.2407648833,-0.4327040843,0.1829729262,0.3749438692,0.007857393742,-2.220446049e-14,0.2175978974,0.01407584419,-0.3869328467,-0.2817081629,0.2356499756,0.007501289246,0.03733023608,0.007501289246,0.1060236171,0.1746526423,0.00397637859,0.002362204716,4.351000737e-08
0.48,-0.3919119246,-0.09624586413,0.4537833054,-0.02392707353,-0.03896651094,0.9992405171,0.002637792114,0.999996521,0,0,1.294495923,1.554193216,-1.457886269,1.631333543,0.3961067897,-0.1428541109,-0.1092245109,-1.288533978,1.6493361,1.165711932,1.29439629,0.3243765466,0.3312532063,-0.7397337821,0.02958707009,0.006919950744,0.05028965305,-0.2421634979,-0.4347837943,0.1839079411,0.3763738572,0.007957473611,0,0.218962536,0.01400964723,-0.3893655999,-0.2830805637,0.2364832603,0.007518994282,0.03734434228,0.007518994282,0.1060236171,0.1751295228,0.00397637859,0.002362204716,4.35100076e-08
0.49,-0.3873631284,-0.09648596416,0.4559751666,-0.02409287397,-0.03896651094,0.9992405171,0.002637792114,0.999996521,0,0,1.294791794,1.554262416,-1.457383372,1.628911908,0.3917589518,-0.1410150315,-0.1054607723,-1.288454403,1.6493361,1.167901557,1.294536386,0.3204828906,0.3284224007,-0.7373689495,0.02868878535,0.006698287611,0.05199515445,-0.2441439335,-0.437096918,0.186286084,0.3776794317,0.008786085482,2.220446049e-14,0.219615633,0.01412066863,-0.3916389629,-0.2834138591,0.2381231065,0.007536904139,0.03735887556,0.007536904139,0.1060236171,0.1756097224,0.00397637859,0.002362204716,4.35100076e-08
0.5,-0.3827924396,-0.09672772022,0.4581615401,-0.0242582593,-0.03896651094,0.9992405171,0.002637792114,0.999996521,0,0,1.295078682,1.554329399,-1.456863421,1.626470468,0.3873879826,-0.1391521706,-0.101683978,-1.288366542,1.6493361,1.170097714,1.294677593,0.316566501,0.3255882621,-0.7349877185,0.02635552154,0.005663447356,0.05680514798,-0.2472271185,-0.4401734332,0.1912730291,0.3790723753,0.01099496323,0,0.2189128532,0.01456377275,-0.3935906898,-0.2817799399,0.2412994497,0.007553972534,0.03737383529,0.007553972534,0.1060236171,0.1757551435,0.00397637859,0.002362204716,4.351000737e-08
0.51,-0.3781999215,-0.09697112754,0.460340753,-0.02442310297,-0.03896651094,0.9992405171,0.002637792114,0.999996521,0,0,1.295342237,1.554386033,-1.456295369,1.623998197,0.3829862483,-0.1372394403,-0.09789325428,-1.288256593,1.6493361,1.172286842,1.29482323,0.3126305941,0.3227704627,-0.732574724,0.02612869476,0.005254973071,0.05757450323,-0.248625881,-0.4427518576,0.1920272826,0.3809685832,0.01110166953,0,0.2202625285,0.01450644132,-0.3960189275,-0.2831245144,0.24212716,0.007567325895,0.03738920874,0.007567325895,0.1060236171,0.1749263,0.00397637859,0.002362204716,4.351000737e-08
0.52,-0.3735856539,-0.09721618006,0.4625111544,-0.02458728011,-0.03896651094,0.9992405171,0.002637792114,0.999996521,0,0,1.295603524,1.554438583,-1.455719624,1.621511938,0.3785587297,-0.1353191675,-0.09408356844,-1.288145576,1.6493361,1.174489467,1.294968295,0.3086704048,0.3199392175,-0.7301534524,0.02589829094,0.004838733105,0.05835138111,-0.250018558,-0.4453292788,0.1927731864,0.3828580614,0.01120552664,-2.220446049e-14,0.2216132272,0.01445183348,-0.3984502029,-0.2844652318,0.2429439299,0.007579432133,0.03740501849,0.007579432133,0.1060236171,0.1740945161,0.00397637859,0.002362204716,4.351000737e-08
0.53,-0.3689497332,-0.09746287051,0.464671116,-0.02475066754,-0.03896651094,0.9992405171,0.002637792114,0.999996521,0,0,1.295862507,1.55448697,-1.45513611,1.619011753,0.3741054369,-0.1333914356,-0.09025498783,-1.288033521,1.6493361,1.1767056,1.295112813,0.3046859028,0.3170945652,-0.7277240131,0.02411308182,0.004051132764,0.06180765963,-0.2531382376,-0.4481007187,0.1967958638,0.3845053867,0.01306954548,-2.220446049e-14,0.220967355,0.0135920782,-0.4001018575,-0.2830426733,0.2454480428,0.00759027028,0.03742127061,0.00759027028,0.1060236171,0.1732598049,0.00397637859,0.002362204716,4.35100076e-08
0.54,-0.3642922717,-0.09771119038,0.4668190316,-0.02491314377,-0.03896651094,0.9992405171,0.002637792114,0.999996521,0,0,1.296103638,1.554527482,-1.454518034,1.61648037,0.3696244297,-0.131423477,-0.08640993396,-1.287902825,1.6493361,1.178915273,1.295248734,0.3006848842,0.3142641385,-0.7252695326,0.02234371113,0.003570217237,0.06510395383,-0.2558363695,-0.4505647645,0.2008752508,0.3855675532,0.01475217266,4.440892099e-14,0.2207043123,0.01368305319,-0.4021189128,-0.2820518778,0.2479534962,0.007598351076,0.03743791998,0.007598351076,0.1060236171,0.1730062819,0.004398759409,0.002362204716,4.351000782e-08
0.55,-0.359613398,-0.09796112995,0.4689533173,-0.02507458898,-0.03896651094,0.9992405171,0.002637792114,0.999996521,0,0,1.296327075,1.554563184,-1.453866994,1.613922007,0.3651187821,-0.1294147245,-0.08255425843,-1.287755303,1.6493361,1.181122316,1.295385565,0.2966636951,0.3114436197,-0.7227899977,0.0221483223,0.003630485387,0.06538020002,-0.2572251171,-0.4525975588,0.2018432699,0.3868854021,0.01485940584,-2.220446049e-14,0.222040807,0.01363696982,-0.4045431089,-0.2833514593,0.248746972,0.007602320444,0.03745498459,0.007602320444,0.1060236171,0.1731951376,0.004898638636,0.002362204716,4.351000737e-08
0.56,-0.354913256,-0.09821267832,0.4710724115,-0.02523488505,-0.03896651094,0.9992405171,0.002637792114,0.999996521,0,0,1.296548558,1.554599489,-1.453213192,1.611349756,0.3605928065,-0.1273962918,-0.07868540441,-1.287606709,1.6493361,1.183342724,1.295521934,0.292618264,0.3086101051,-0.720302528,0.02195053128,0.003691176252,0.06565401971,-0.2586036868,-0.4546144547,0.2028034736,0.3881824512,0.01496300941,0,0.2233754839,0.01359421063,-0.4069650108,-0.2846437276,0.2495260487,0.007602024278,0.03747249758,0.007602024278,0.1060236171,0.1731153237,0.005401735472,0.002362204716,4.35100076e-08
0.57,-0.3501920055,-0.09846582343,0.4731747747,-0.02539391553,-0.03896651094,0.9992405171,0.002637792114,0.999996521,0,0,1.296768063,1.554636401,-1.452556652,1.608763719,0.356046662,-0.1253682571,-0.0748035799,-1.287457079,1.6493361,1.185576479,1.295657876,0.2885486139,0.3057636678,-0.7178072675,0.01958167308,0.004349756753,0.06883379467,-0.261708587,-0.4556723585,0.2088164414,0.3873919169,0.01729184526,0,0.2224753748,0.01402175949,-0.408926731,-0.2826818695,0.2527682637,0.007601900891,0.03749046475,0.007601900891,0.1060236171,0.1727624177,0.005908025766,0.002362204716,4.35100076e-08
0.58,-0.3454498214,-0.09872055203,0.47525889,-0.02555156567,-0.03896651094,0.9992405171,0.002637792114,0.999996521,0,0,1.29696388,1.554679898,-1.451868314,1.606146633,0.3514899384,-0.1232800926,-0.07092966073,-1.287284161,1.6493361,1.187801233,1.295798094,0.2844593466,0.3029368491,-0.7152795848,0.01869381289,0.004605398258,0.07001922207,-0.2636165907,-0.4573598727,0.2113614924,0.3879903253,0.01809635746,0,0.2230845757,0.01413285752,-0.4111753428,-0.2829246374,0.2543067988,0.007603223537,0.03750883898,0.007603223537,0.1065293946,0.1721076155,0.00591170651,0.002362204716,4.35100076e-08
0.59,-0.3406868935,-0.09897684976,0.4773232623,-0.02570772238,-0.03896651094,0.9992405171,0.002637792114,0.999996521,0,0,1.297150818,1.554725952,-1.451168122,1.603510467,0.3469163396,-0.1211664777,-0.06704975748,-1.287103197,1.6493361,1.190032079,1.295939422,0.2803475931,0.3001076028,-0.7127365168,0.01847944533,0.004676030523,0.07029496973,-0.2649706303,-0.4593211975,0.2123199937,0.3892078572,0.01820287127,-2.220446049e-14,0.224383154,0.01410202138,-0.4135568711,-0.2841679754,0.2550574861,0.007605145553,0.037527653,0.007605145553,0.1074416534,0.1716553952,0.005512044945,0.002362204716,4.35100076e-08
0.6,-0.3359034268,-0.09923470113,0.4793664193,-0.02586227428,-0.03896651094,0.9992405171,0.002637792114,0.999996521,0,0,1.297335613,1.554772712,-1.450465172,1.600860761,0.3423231277,-0.1190432778,-0.06315767891,-1.286921168,1.6493361,1.19227591,1.296080443,0.2762120244,0.297265923,-0.710185942,0.01795183769,0.004833527954,0.07097665791,-0.2665534512,-0.4611206451,0.2139787678,0.3900927165,0.01862067067,4.440892099e-14,0.2253573744,0.01413585741,-0.4158701368,-0.2849354151,0.2561404481,0.007607276678,0.03754692746,0.007607276678,0.1086401053,0.1714834831,0.004829298088,0.002362204716,4.351000782e-08
0.61,-0.3310996407,-0.09949408954,0.4813869105,-0.02601511166,-0.03896651094,0.9992405171,0.002637792114,0.999996521,0,0,1.297515131,1.554821048,-1.449755406,1.598195226,0.3377119212,-0.1169034901,-0.05925675174,-1.286734962,1.6493361,1.194529484,1.296221801,0.272053323,0.2944165689,-0.7076245375,0.01512069105,0.005633813053,0.07468276958,-0.2699208111,-0.4618615873,0.2208888158,0.3886776511,0.02137086776,-2.220446049e-14,0.2239548828,0.01462295189,-0.4177156333,-0.2822454125,0.2597978062,0.007609806308,0.03756665845,0.007609806308,0.1100415479,0.1715087401,0.00397637859,0.002362204716,4.351000737e-08
0.62,-0.326275769,-0.09975499729,0.483383308,-0.0261661265,-0.03896651094,0.9992405171,0.002637792114,0.999996521,0,0,1.297666338,1.554877386,-1.449008578,1.595496018,0.3330933053,-0.1146946019,-0.05536997523,-1.286521253,1.6493361,1.196769033,1.296368031,0.2678761667,0.2915941147,-0.7050265594,0.01487903551,0.0057146921,0.07496184084,-0.2712973784,-0.463748907,0.2218772447,0.389818752,0.02150924399,0,0.2251643103,0.01450994081,-0.4200096911,-0.2833690587,0.2605252566,0.007614127247,0.03758677673,0.007614127247,0.1106834567,0.1707687114,0.00397637859,0.002362204716,4.35100076e-08
0.63,-0.3214320596,-0.1000174056,0.485354206,-0.02631521247,-0.03896651094,0.9992405171,0.002637792114,0.999996521,0,0,1.297815128,1.554934533,-1.448258959,1.592783044,0.3284558163,-0.1124758295,-0.05147178771,-1.286306161,1.6493361,1.199020676,1.29651313,0.2636760698,0.2887604241,-0.7024213069,0.01446758534,0.005817739112,0.07528240002,-0.2733905026,-0.4655326287,0.2233847587,0.3911017474,0.0220562332,0,0.2257312283,0.01318944503,-0.4218261732,-0.2836347663,0.261382484,0.007618693909,0.03760735751,0.007618693909,0.1110236272,0.169741568,0.004011189866,0.002362204716,4.35100076e-08
0.64,-0.3165687744,-0.1002812948,0.4872982209,-0.0264622649,-0.03896651094,0.9992405171,0.002637792114,0.999996521,0,0,1.297959804,1.55499271,-1.447506135,1.590049139,0.32380049,-0.1102419819,-0.04756077024,-1.286085598,1.6493361,1.201277988,1.296645025,0.2594578081,0.2859240765,-0.699807482,0.01271650337,0.006317539524,0.07750322836,-0.2758369946,-0.4666716807,0.2277061977,0.3906240447,0.02366778748,0,0.2254328453,0.01345199135,-0.4238739317,-0.2825292509,0.2637313592,0.007623557208,0.03762836686,0.007623557208,0.1110236272,0.168812961,0.004538968202,0.002362204716,4.35100076e-08
0.65,-0.3116861893,-0.1005466438,0.4892139916,-0.02660718084,-0.03896651094,0.9992405171,0.002637792114,0.999996521,0,0,1.298086969,1.555055885,-1.446731103,1.587290769,0.3191337732,-0.1079649199,-0.04365452979,-1.28584892,1.6493361,1.203532317,1.296779545,0.2552190688,0.283098784,-0.6971701684,0.0109935728,0.006813750607,0.07968061969,-0.2782454217,-0.4678003684,0.2319492617,0.3901450421,0.02524661845,0,0.2251459374,0.01371169259,-0.4258953692,-0.2814483214,0.2660329035,0.007629582958,0.03764979363,0.007629582958,0.1110236272,0.1687310883,0.00562326511,0.002362204716,4.35100076e-08
0.66,-0.3067845932,-0.1008134309,0.4911001791,-0.02674985899,-0.03896651094,0.9992405171,0.002637792114,0.999996521,0,0,1.298196905,1.555124023,-1.445934297,1.584508315,0.3144557695,-0.1056454273,-0.03975307937,-1.285596454,1.6493361,1.205783776,1.296916661,0.2509601151,0.2802843008,-0.6945098394,0.01074814976,0.006902432814,0.07994817011,-0.2795128067,-0.4695852466,0.2328713015,0.3911399631,0.02534211781,0,0.226362281,0.0137081621,-0.4281629158,-0.2825594568,0.2666769009,0.007636772395,0.03767163549,0.007636772395,0.1110236272,0.169264662,0.007028544001,0.002362204716,4.35100076e-08
0.67,-0.3018642887,-0.1010816332,0.4929554667,-0.02689019976,-0.03896651094,0.9992405171,0.002637792114,0.999996521,0,0,1.298304387,1.555193047,-1.445134815,1.581713187,0.309759917,-0.1033167143,-0.03584167974,-1.285343033,1.6493361,1.208047399,1.297053743,0.2466784859,0.2774587062,-0.6918430704,0.01050163012,0.006991320999,0.08021022708,-0.2807595173,-0.4713397203,0.2337768995,0.3921026499,0.02543194937,0,0.2275691724,0.01370896663,-0.4304133475,-0.283655154,0.2672983353,0.007644242772,0.03769394908,0.007644242772,0.1110236272,0.1698010661,0.008138004454,0.002362204716,4.35100076e-08
0.68,-0.2969255912,-0.1013512268,0.4947785599,-0.02702810523,-0.03896651094,0.9992405171,0.002637792114,0.999996521,0,0,1.298409403,1.555262961,-1.444332713,1.578905592,0.3050465198,-0.1009789453,-0.03192065324,-1.285088714,1.6493361,1.210323091,1.297190833,0.2423743524,0.2746221546,-0.689170087,0.007322269585,0.007897514699,0.08418049493,-0.2841598374,-0.4716784774,0.2410889376,0.3899598621,0.02841268297,0,0.22575572,0.01418674541,-0.432143573,-0.2803482314,0.2710957392,0.007651996942,0.03771673886,0.007651996942,0.1110236272,0.1703402527,0.008947485657,0.002362204716,4.35100076e-08
0.69,-0.2919688291,-0.1016221869,0.4965681866,-0.02716347917,-0.03896651094,0.9992405171,0.002637792114,0.999996521,0,0,1.298482626,1.555341936,-1.443490908,1.576063993,0.3003297351,-0.09856805593,-0.02802105462,-1.284804587,1.6493361,1.212580648,1.2973327,0.2380529167,0.2718186723,-0.6864591297,0.006931369224,0.0080326783,0.0846111678,-0.2854751657,-0.4733063956,0.2422784465,0.3907032015,0.02863947873,2.220446049e-14,0.2267772115,0.01421789936,-0.4343076649,-0.2811880144,0.2718351392,0.007661839712,0.03773987885,0.007661839712,0.1110236272,0.1700015674,0.008976379409,0.002362204716,4.35100076e-08
0.7,-0.2869943432,-0.1018944876,0.4983230969,-0.02729622704,-0.03896651094,0.9992405171,0.002637792114,0.999996521,0,0,1.298551939,1.555422262,-1.442644796,1.573209242,0.2955966711,-0.09614527147,-0.0241140226,-1.284518192,1.6493361,1.21484842,1.297474879,0.2337098401,0.2690067922,-0.6837407783,0.006675876067,0.008130192433,0.08486321115,-0.2866664688,-0.4749647748,0.2431514112,0.391554328,0.02872595452,-2.220446049e-14,0.227926435,0.01423155498,-0.4364733515,-0.282213691,0.2724019185,0.007672082538,0.03776348604,0.007672082538,0.1110236272,0.1693184288,0.008976379409,0.002362204716,4.351000737e-08
0.71,-0.2820024869,-0.1021681023,0.5000420632,-0.02742625596,-0.03896651094,0.9992405171,0.002637792114,0.999996521,0,0,1.298618698,1.555503564,-1.441796164,1.570342577,0.2908470234,-0.09371375735,-0.02019847932,-1.284230932,1.6493361,1.217127684,1.297617195,0.2293451065,0.2661846553,-0.6810167591,0.005007921448,0.008617943657,0.0868679353,-0.2888519707,-0.475913502,0.2470318342,0.3908542555,0.03018249835,0,0.2276213739,0.0144534949,-0.4383981948,-0.2811087403,0.274464813,0.007682645127,0.03778757016,0.007682645127,0.1110236272,0.1683209501,0.008976379409,0.002362204716,4.35100076e-08
0.72,-0.2769936258,-0.1024430034,0.5017238801,-0.02755347477,-0.03896651094,0.9992405171,0.002637792114,0.999996521,0,0,1.298668777,1.555589744,-1.440927485,1.567454057,0.2860878883,-0.09124343901,-0.01628993677,-1.283929107,1.6493361,1.219403898,1.29776173,0.2249611246,0.2633735679,-0.6782721109,0.002850963973,0.009221500572,0.08930303067,-0.2919747092,-0.4766049811,0.2521029896,0.3899269698,0.032335774,0,0.2263989737,0.01355989929,-0.4398305551,-0.2786989438,0.2769616648,0.007694394958,0.03781206498,0.007694394958,0.1110236272,0.1676230463,0.008976379409,0.002362204716,4.35100076e-08
0.73,-0.2719681371,-0.1027191622,0.5033673645,-0.02767779397,-0.03896651094,0.9992405171,0.002637792114,0.999996521,0,0,1.298697287,1.555681959,-1.440034455,1.56453431,0.2813218385,-0.08872240912,-0.01239066707,-1.28360575,1.6493361,1.221667888,1.297897329,0.220562819,0.2605865784,-0.6755024943,0.002540558079,0.009334427106,0.08955413675,-0.2932993934,-0.4781379986,0.2530810726,0.3906950861,0.03251277263,0,0.2273511228,0.01328526087,-0.441811854,-0.2794393726,0.2774903797,0.007707600548,0.03783690701,0.007707600548,0.1110236272,0.1678931779,0.008976379409,0.002362204716,4.35100076e-08
0.74,-0.2669264101,-0.1029965493,0.5049713556,-0.02779912575,-0.03896651094,0.9992405171,0.002637792114,0.999996521,0,0,1.298722692,1.555775303,-1.439138913,1.561601316,0.2765404585,-0.08619159839,-0.008483716207,-1.283280622,1.6493361,1.223941399,1.298030181,0.2161447005,0.2577921847,-0.6727275905,0.00227551697,0.009440950764,0.08978577402,-0.2944073917,-0.479652432,0.2538991092,0.3913867008,0.03257979782,0,0.2284402034,0.01331914215,-0.44387422,-0.2803714267,0.2779616119,0.007721178862,0.03786221247,0.007721178862,0.1110236272,0.1679295243,0.008976379409,0.002362204716,4.35100076e-08
0.75,-0.2618688454,-0.1032751344,0.5065347148,-0.02791738399,-0.03896651094,0.9992405171,0.002637792114,0.999996521,0,0,1.298745448,1.555869713,-1.438241055,1.558657242,0.2717439342,-0.0836526073,-0.004569849199,-1.282954824,1.6493361,1.226225801,1.298163373,0.2117059583,0.2549884704,-0.6699479744,-0.001144682906,0.0104226198,0.09387657016,-0.2977096819,-0.479613561,0.2613135302,0.3885781681,0.03567888348,0,0.2262848,0.0137641927,-0.4454439535,-0.2765554409,0.2817500849,0.00773511775,0.03788799578,0.00773511775,0.1110236272,0.1676439613,0.008976379409,0.002362204716,4.35100076e-08
0.76,-0.256795855,-0.1035548865,0.5080563259,-0.02803248424,-0.03896651094,0.9992405171,0.002637792114,0.999996521,0,0,1.298734001,1.555973939,-1.43730229,1.555680146,0.2669477986,-0.081039472,-0.0006840675175,-1.282598035,1.6493361,1.228488649,1.298301015,0.2072515188,0.252222916,-0.6671304735,-0.001459020859,0.01054745847,0.09415311392,-0.2988032208,-0.4810307377,0.2621946866,0.3891357491,0.03578520973,0,0.2272770789,0.0138107844,-0.4474200997,-0.2773640303,0.2822281862,0.007751381263,0.03791408019,0.007751381263,0.1110236272,0.1668092077,0.008976379409,0.002362204716,4.35100076e-08
0.77,-0.2517078617,-0.1038357733,0.5095350947,-0.02814434375,-0.03896651094,0.9992405171,0.002637792114,0.999996521,0,0,1.298719411,1.556079413,-1.436360759,1.552692113,0.2621374912,-0.07841752513,0.003207289974,-1.282240183,1.6493361,1.23076142,1.298439123,0.2027773178,0.2494492757,-0.6643081917,-0.001728711978,0.0106599254,0.09436757416,-0.2998368217,-0.482427862,0.2629598761,0.3897021606,0.03584192757,0,0.2282986451,0.01385654917,-0.4493727947,-0.2782172614,0.2826313995,0.007768060043,0.03794063391,0.007768060043,0.1110236272,0.1662914686,0.008976379409,0.002362204716,4.35100076e-08
0.78,-0.2466052995,-0.1041177623,0.5109699496,-0.02825288145,-0.03896651094,0.9992405171,0.002637792114,0.999996521,0,0,1.298702123,1.556186013,-1.435417083,1.549693745,0.2573132126,-0.07578792637,0.00710431158,-1.281881764,1.6493361,1.233044406,1.298577688,0.1982835898,0.2466671031,-0.6614818777,0.006771496072,0.08837494574,0.004933752242,-0.3020882509,-0.3967096752,0.2888181179,0.3011931501,0.0376189265,0,0.2274525785,0.0141110871,-0.4510506479,-0.2763217675,0.2849045335,0.007785129058,0.03796766205,0.007785129058,0.1110236272,0.1661017112,0.008976379409,0.002362204716,4.35100076e-08
0.79,-0.2414886126,-0.1044008196,0.5123598411,-0.02835801795,-0.03896651094,0.9992405171,0.002637792114,0.999996521,0,0,1.298769838,1.557069762,-1.435367745,1.546672863,0.2533461159,-0.07289974519,0.01011624308,-1.281505575,1.6493361,1.235318932,1.298718799,0.1937730833,0.2439038854,-0.6586328323,0.01344789759,0.1500242939,-0.06623873711,-0.3040555499,-0.3287652955,0.309439472,0.2310828542,0.03903648276,0,0.2269576879,0.01432752069,-0.4527271982,-0.2749596962,0.2867623982,0.008059240484,0.03799505435,0.008059240484,0.1102049874,0.1664394385,0.009795017367,0.002362204716,4.35100076e-08
0.8,-0.236358256,-0.104684911,0.5137037419,-0.02845967554,-0.03896651094,0.9992405171,0.002637792114,0.999996521,0,0,1.298904317,1.558570005,-1.436030133,1.543632307,0.2500584629,-0.06980535047,0.01242707162,-1.28111521,1.6493361,1.237588509,1.298862074,0.1892458114,0.2411542885,-0.6557652084,0.01318291538,0.1502568276,-0.06656195403,-0.3050054329,-0.3296268868,0.3101527823,0.2313981941,0.0390805428,-2.220446049e-14,0.2279064389,0.01438722685,-0.4545577691,-0.2757307794,0.287089713,0.008096688485,0.03802282691,0.008096688485,0.1087352462,0.1670076225,0.01126475535,0.002362204716,4.35100076e-08
0.81,-0.2312146944,-0.1049700013,0.515000647,-0.02855777821,-0.03896651094,0.9992405171,0.002637792114,0.999996521,0,0,1.299036147,1.560072573,-1.436695752,1.540582253,0.246762194,-0.06670382265,0.01474105356,-1.280724404,1.6493361,1.239867573,1.299005946,0.1847002337,0.2383969807,-0.6528943112,0.01324158381,0.1586076944,-0.07600572725,-0.3071791449,-0.3213252976,0.3140156328,0.2221081018,0.04007666588,2.220446049e-14,0.2276692176,0.01313895808,-0.4558672571,-0.2747290385,0.2880348223,0.008100377581,0.03805106835,0.008100377581,0.107261722,0.1675778042,0.01273827625,0.002362204716,4.351000782e-08
0.82,-0.226058403,-0.1052560545,0.5162495739,-0.02865225163,-0.03896651094,0.9992405171,0.002637792114,0.999996521,0,0,1.299168562,1.56165865,-1.43745581,1.537510461,0.2435489411,-0.06356366632,0.01696213458,-1.280323638,1.6493361,1.242144265,1.299137336,0.1801415611,0.2356496903,-0.650013963,0.01576473056,0.2008465724,-0.1240061765,-0.3100405881,-0.2751327869,0.3278624108,0.1718832085,0.04276523332,2.220446049e-14,0.2256829859,0.01331751798,-0.4572407842,-0.2711661495,0.291170136,0.008104398206,0.0380796884,0.008104398206,0.1057845516,0.1674232211,0.01423992963,0.002362204716,4.35100076e-08
0.83,-0.2208898661,-0.105543034,0.517449562,-0.02874302314,-0.03896651094,0.9992405171,0.002637792114,0.999996521,0,0,1.29932621,1.563667116,-1.438695871,1.534410056,0.2407976132,-0.06028504221,0.01868096667,-1.279895985,1.6493361,1.244401095,1.299270511,0.1755691533,0.2329380288,-0.6471022616,0.01549044117,0.2010574455,-0.1244789974,-0.3109097016,-0.2757753183,0.3284953357,0.1720907894,0.04278769399,-2.220446049e-14,0.2265737951,0.01339265303,-0.4589593878,-0.2718550592,0.2914092689,0.008109675722,0.03810857851,0.008109675722,0.1043038769,0.1662916085,0.01606967172,0.002362204716,4.351000737e-08
0.84,-0.215709578,-0.1058309024,0.5185996732,-0.02883002178,-0.03896651094,0.9992405171,0.002637792114,0.999996521,0,0,1.299481114,1.56567769,-1.439940661,1.531300959,0.23803986,-0.05700008885,0.02040187456,-1.279468108,1.6493361,1.246666833,1.299404438,0.1709795594,0.2302194782,-0.644188169,0.01521575588,0.2012466466,-0.1249410752,-0.3117443036,-0.2763909083,0.3290934233,0.1722798975,0.04280141145,0,0.2274457139,0.01347284481,-0.4606401619,-0.2725203364,0.2916164619,0.008115183491,0.03813366614,0.008115183491,0.1028198358,0.1654988258,0.01824497607,0.002362204716,4.35100076e-08
0.85,-0.2105180419,-0.1061196216,0.5196989916,-0.02891317826,-0.03896651094,0.9992405171,0.002637792114,0.999996521,0,0,1.299633272,1.567690157,-1.441190072,1.528183515,0.2352759509,-0.05370915462,0.02212467354,-1.279040094,1.6493361,1.24894129,1.299539166,0.1663731578,0.2274942749,-0.6412720043,0.01213736906,0.2013185255,-0.1230778939,-0.3142851509,-0.2773859831,0.3304181958,0.1694906636,0.0452841026,0,0.2255809275,0.01377338272,-0.4619700132,-0.2691458313,0.2944960966,0.008120921593,0.03815360035,0.008120921593,0.1013325723,0.1650476272,0.02076830839,0.002362204716,4.35100076e-08
0.86,-0.2053157704,-0.1064091529,0.5207466236,-0.028992425,-0.03896651094,0.9992405171,0.002637792114,0.999996521,0,0,1.299754645,1.569703342,-1.442420851,1.525040664,0.2325020911,-0.05040497266,0.02381958017,-1.278587253,1.6493361,1.2511971,1.2996769,0.1617534576,0.2248028165,-0.6383270434,0.01112443326,0.2014399607,-0.1229110884,-0.3155114686,-0.2780583725,0.3311511919,0.1688636401,0.04593647403,-2.220446049e-14,0.2256819796,0.01391976404,-0.463467457,-0.2686994049,0.2953554426,0.008126831743,0.0381738872,0.008126831743,0.09866084131,0.1654561031,0.02349156071,0.002362204716,4.35100076e-08
0.87,-0.2001032847,-0.1066994568,0.5217416979,-0.02906769607,-0.03896651094,0.9992405171,0.002637792114,0.999996521,0,0,1.29986589,1.571717742,-1.443649962,1.521885549,0.2297215074,-0.04709346074,0.02550821657,-1.278127888,1.6493361,1.25345392,1.299816098,0.1571187831,0.2221158225,-0.6353734889,0.01084528375,0.2015641757,-0.1233386807,-0.3162460991,-0.2785964947,0.3316490175,0.168992225,0.04593189501,2.220446049e-14,0.2264716909,0.01401475401,-0.4650027458,-0.2692782122,0.2954746329,0.008132956394,0.03819457138,0.008132956394,0.09567430663,0.1660367122,0.02590641998,0.002362204716,4.351000782e-08
0.88,-0.1948811145,-0.1069904934,0.5226833653,-0.02913892725,-0.03896651094,0.9992405171,0.002637792114,0.999996521,0,0,1.299974342,1.573733384,-1.444883349,1.518723088,0.2269355424,-0.04377697057,0.02719813882,-1.277668569,1.6493361,1.255718636,1.299956245,0.1524687556,0.2194230404,-0.6324187426,0.008994594408,0.2016046426,-0.1224759541,-0.3179146849,-0.2793516723,0.3325192425,0.1674214896,0.04731414123,2.220446049e-14,0.2256899841,0.0142127676,-0.4663318562,-0.2675342559,0.2970799544,0.008139310523,0.03821567224,0.008139310523,0.09268222321,0.1666187864,0.02797806194,0.002362204716,4.35100076e-08
0.89,-0.1896497981,-0.1072822217,0.5235707991,-0.029206056,-0.03896651094,0.9992405171,0.002637792114,0.999996521,0,0,1.300064288,1.57574943,-1.446108108,1.515543941,0.2241420257,-0.04045177814,0.02887235372,-1.277195428,1.6493361,1.257975536,1.300098373,0.147805437,0.2167476978,-0.6294479431,0.006694436711,0.2016172989,-0.1212767277,-0.3200580259,-0.2801172878,0.3336540208,0.1654681019,0.04916094159,-2.220446049e-14,0.2243304379,0.01403710095,-0.4674495576,-0.2649291121,0.2990410944,0.008145860596,0.03823714124,0.008145860596,0.09035425894,0.1665911935,0.03031509531,0.002362204716,4.351000737e-08
0.9,-0.184409882,-0.1075746006,0.5244031946,-0.02926902146,-0.03896651094,0.9992405171,0.002637792114,0.999996521,0,0,1.300131233,1.577765603,-1.447320876,1.512343361,0.2213408528,-0.03711523794,0.03052703474,-1.276703819,1.6493361,1.260218841,1.300238744,0.1431309415,0.2140984067,-0.6264575321,0.006208785154,0.2016964145,-0.1216189148,-0.3214922826,-0.2805053153,0.3346317008,0.1656571785,0.04952272055,0,0.2245495246,0.01298020922,-0.468519058,-0.264616453,0.2991173726,0.008152596743,0.03825894736,0.008152596743,0.08885313561,0.1655320822,0.03331734477,0.002362204716,4.35100076e-08
0.91,-0.1791619203,-0.1078675881,0.5251797696,-0.02932776445,-0.03896651094,0.9992405171,0.002637792114,0.999996521,0,0,1.300193321,1.579782567,-1.448537065,1.509128438,0.2185357997,-0.03376892093,0.03218360652,-1.276208591,1.6493361,1.262464336,1.300368546,0.1384457509,0.2114522422,-0.6234663584,0.005509263881,0.2017120649,-0.1216607887,-0.3223450489,-0.2810030046,0.3350972929,0.1652516471,0.04985451591,-2.220446049e-14,0.2248342924,0.0131189934,-0.4698342015,-0.2644636579,0.2995065471,0.00815955725,0.03828112734,0.00815955725,0.08734970742,0.1645040774,0.03632420395,0.002362204716,4.35100076e-08
0.92,-0.1739064752,-0.1081611416,0.5258997641,-0.02938222748,-0.03896651094,0.9992405171,0.002637792114,0.999996521,0,0,1.300248413,1.581799688,-1.449753673,1.505904988,0.2157257696,-0.030417948,0.03383612299,-1.275710046,1.6493361,1.264712679,1.300499736,0.1337474089,0.2088076056,-0.6204712929,0.002143721021,0.2015915019,-0.1195481046,-0.3247944794,-0.2819227337,0.3361913072,0.161938435,0.05256671486,2.220446049e-14,0.2224187837,0.01339382639,-0.4708321135,-0.2603028026,0.3024531246,0.008166735809,0.03830369983,0.008166735809,0.08566464922,0.1639600775,0.03915586479,0.002362204716,4.351000782e-08
0.93,-0.1686441161,-0.1084552182,0.5265624403,-0.02943235474,-0.03896651094,0.9992405171,0.002637792114,0.999996521,0,0,1.30026985,1.583815603,-1.450949154,1.502657043,0.2129065423,-0.02705603493,0.03545550734,-1.275184379,1.6493361,1.266936867,1.300633674,0.1290390877,0.2062045776,-0.6174467617,0.001861953974,0.2015816603,-0.1198999203,-0.3253192971,-0.2822946993,0.3364817417,0.1619441714,0.05251075979,0,0.2230558007,0.01351794385,-0.472067837,-0.2607098102,0.3023738779,0.008174074201,0.03831279454,0.008174074201,0.08264954148,0.1645482318,0.04066341894,0.002362204716,4.35100076e-08
0.94,-0.1633754198,-0.1087497741,0.5271670828,-0.02947809212,-0.03896651094,0.9992405171,0.002637792114,0.999996521,0,0,1.30028847,1.585831419,-1.452148153,1.49940385,0.2100835953,-0.02369121751,0.03707494906,-1.274659272,1.6493361,1.269167425,1.300768854,0.1243184094,0.2035974795,-0.6144230229,0.001582460319,0.2015483081,-0.1202391024,-0.3258029276,-0.2826352356,0.3367323829,0.1619309188,0.05244449535,0,0.2236696994,0.01364706781,-0.4732552629,-0.2610905535,0.3022591201,0.008181637559,0.03831257944,0.008181637559,0.07963080281,0.1651373448,0.04217278856,0.002362204716,4.35100076e-08
0.95,-0.1581009702,-0.1090447652,0.5277129983,-0.02951938717,-0.03896651094,0.9992405171,0.002637792114,0.999996521,0,0,1.300304295,1.587846902,-1.453350544,1.496145821,0.2072572429,-0.02032389368,0.03869425825,-1.274134827,1.6493361,1.271404122,1.300905324,0.1195858567,0.2009865739,-0.6114004317,-0.001502089425,0.2013530789,-0.1183526028,-0.327954899,-0.2834546968,0.337610277,0.1588227237,0.05489309953,2.220446049e-14,0.2213942137,0.01387944389,-0.4741262804,-0.2571747957,0.3048323632,0.008189424929,0.03831236472,0.008189424929,0.0766087677,0.1657273283,0.0436838064,0.002362204716,4.35100076e-08
0.96,-0.1528213579,-0.1093401468,0.5281995158,-0.02955618915,-0.03896651094,0.9992405171,0.002637792114,0.999996521,0,0,1.300289274,1.589860433,-1.45453407,1.492866272,0.204422696,-0.01694779091,0.04028248548,-1.273585896,1.6493361,1.273618064,1.301044119,0.1148445939,0.198414826,-0.6083521081,-0.00245209065,0.2012405665,-0.1181349801,-0.3287696353,-0.2838590898,0.337946246,0.1580324579,0.05541677067,-2.220446049e-14,0.2212592779,0.01403982501,-0.4751288517,-0.2564708793,0.3053053334,0.008197373501,0.03831214006,0.008197373501,0.07480369806,0.1654201547,0.04641622785,0.002362204716,4.351000737e-08
0.97,-0.1475371801,-0.1096358738,0.5286259868,-0.02958844898,-0.03896651094,0.9992405171,0.002637792114,0.999996521,0,0,1.300264753,1.591872839,-1.45571542,1.489578576,0.2015841051,-0.01356832845,0.04186281006,-1.273031728,1.6493361,1.275830657,1.301184517,0.1100933054,0.1958501172,-0.6052990547,-0.002725516183,0.2011375275,-0.1184351955,-0.3291316372,-0.2841089045,0.3380817229,0.1579612494,0.05532434164,0,0.2217863163,0.01418124716,-0.4761421047,-0.25676398,0.305089098,0.008205528567,0.03831191336,0.008205528567,0.07328989246,0.1645739827,0.04944383735,0.002362204716,4.35100076e-08
0.98,-0.1422490404,-0.1099319005,0.5289917847,-0.02961611928,-0.03896651094,0.9992405171,0.002637792114,0.999996521,0,0,1.300237498,1.593884214,-1.456899772,1.486287259,0.198743016,-0.01018751122,0.04344242255,-1.272478484,1.6493361,1.27804852,1.301326329,0.1053318844,0.1932824774,-0.6022481638,-0.004969093883,0.200934066,-0.1173181137,-0.3313856606,-0.2846000005,0.3392053409,0.1560537586,0.05720241219,-2.220446049e-14,0.2200066294,0.01314012547,-0.4766568231,-0.2534871894,0.3065562056,0.008213903619,0.03831168714,0.008213903619,0.07177495187,0.1633686578,0.05247371683,0.002362204716,4.35100076e-08
0.99,-0.1369575486,-0.1102281808,0.5292963054,-0.02963915435,-0.03896651094,0.9992405171,0.002637792114,0.999996521,0,0,1.300187807,1.595893555,-1.458072953,1.482973403,0.195897016,-0.006795457814,0.04500296014,-1.27190646,1.6493361,1.280248586,1.301457731,0.1005653161,0.1907476055,-0.5991826017,-0.007019787267,0.2006972949,-0.1162464902,-0.3329701525,-0.2851046091,0.3398450348,0.1540757976,0.05875359878,6.661338148e-14,0.2185703076,0.01296670636,-0.4773252257,-0.2508195536,0.3079342881,0.008222454326,0.03831145335,0.008222454326,0.06949448244,0.1630243699,0.05550551706,0.002362204716,4.351000782e-08
1,-0.1316633205,-0.110524668,0.5295389671,-0.02965751017,-0.03896651094,0.9992405171,0.002637792114,0.999996521,0,0,1.300117609,1.597900528,-1.459235418,1.479643701,0.1930459699,-0.003397007466,0.04654371812,-1.271318924,1.6493361,1.282434289,1.301587398,0.09579206388,0.1882394099,-0.5961032588,-0.007285044651,0.2005229693,-0.11650738,-0.3332139588,-0.2852620672,0.3398684298,0.1539439751,0.05862526297,-4.440892099e-14,0.2190212543,0.01312845424,-0.4781737132,-0.2510306604,0.3076025112,0.008231182205,0.03831121333,0.008231182205,0.06646111508,0.1632083685,0.05853888526,0.002362204716,4.351000715e-08
1.01,-0.1263669773,-0.1108213152,0.5297192101,-0.02967114441,-0.03896651094,0.9992405171,0.002637792114,0.999996521,0,0,1.300044758,1.599905757,-1.460400491,1.476311561,0.1901933493,1.676832498e-06,0.04808315787,-1.270732672,1.6493361,1.284624502,1.301718682,0.09101032674,0.1857291033,-0.5930272337,-0.008259278513,0.2002833526,-0.1162088601,-0.3338391,-0.2855353054,0.340001681,0.1529918571,0.05913448638,0,0.218696343,0.01330020919,-0.4789077461,-0.2500865848,0.3079262484,0.008240125067,0.03831097396,0.008240125067,0.06342653593,0.1630325023,0.06157346526,0.002362204716,4.35100076e-08
1.02,-0.1210691461,-0.111118075,0.5298364972,-0.02968001643,-0.03896651094,0.9992405171,0.002637792114,0.999996521,0,0,1.299962166,1.601908591,-1.46156258,1.47297317,0.1873379962,0.003401693643,0.04961307644,-1.270141327,1.6493361,1.286811465,1.301851684,0.08622124928,0.1832282375,-0.5899479712,-0.01122606907,0.1999048763,-0.1143702187,-0.3356159145,-0.2861970862,0.3405222517,0.1497779494,0.06144944851,2.220446049e-14,0.216237276,0.01348849397,-0.4794048917,-0.2459554167,0.3101537935,0.00824926492,0.03831073261,0.00824926492,0.06070736323,0.1626377916,0.0644340791,0.002362204716,4.35100076e-08
1.03,-0.115770459,-0.1114148996,0.5298903131,-0.02968408727,-0.03896651094,0.9992405171,0.002637792114,0.999996521,0,0,1.299849905,1.60390764,-1.462706282,1.469617011,0.1844760253,0.00680691616,0.05111085593,-1.269526832,1.6493361,1.288973838,1.301986569,0.08142720037,0.1807686833,-0.5868464333,-0.01147795004,0.1996587677,-0.114591603,-0.3357280772,-0.2862574538,0.3404233364,0.1495916497,0.06128839727,-4.440892099e-14,0.2165985567,0.01366048382,-0.4800643874,-0.2460810017,0.3097137107,0.008258554008,0.03831048195,0.008258554008,0.05918940101,0.1626377916,0.06684869492,0.002362204716,4.351000737e-08
1.04,-0.1104715531,-0.1117117406,0.5298801651,-0.02968331963,-0.03896651094,0.9992405171,0.002637792114,0.999996521,0,0,1.299735125,1.605904227,-1.463852198,1.46625973,0.1816134508,0.01021114952,0.05260677243,-1.268913948,1.6493361,1.291139823,1.302123174,0.07662655649,0.1783078733,-0.5837492962,-0.01172455374,0.1993883826,-0.1147988475,-0.3357935411,-0.2862828376,0.3402810343,0.1493869834,0.061115747,2.220446049e-14,0.2169336271,0.01383719097,-0.4806669138,-0.2461791375,0.3092360111,0.008268052124,0.03831023206,0.008268052124,0.05767137613,0.1626377916,0.06962389311,0.002362204716,4.351000782e-08
1.05,-0.1051730705,-0.1120085497,0.5298055826,-0.02967767794,-0.03896651094,0.9992405171,0.002637792114,0.999996521,0,0,1.29961788,1.607898111,-1.465000187,1.462901795,0.1787506224,0.01361395987,0.05410064226,-1.268302791,1.6493361,1.29330916,1.302261546,0.07181988735,0.1758460819,-0.5806569361,-0.01506615227,0.1989071203,-0.1126649807,-0.3376568492,-0.2869726839,0.3407211643,0.1456372233,0.06669617119,-0.01051280437,0.1982012124,0.01398954532,-0.4683579643,-0.2405612435,0.299013934,0.008277757262,0.03830998301,0.008277757262,0.0561534725,0.1626377916,0.07275929983,0.002362204716,4.35100076e-08
1.06,-0.0998756577,-0.1123052778,0.5296661174,-0.02966712828,-0.03896651094,0.9992405171,0.002637792114,0.999996521,0,0,1.299467218,1.609887182,-1.466126837,1.459525227,0.1758808956,0.01702117151,0.0555570145,-1.267635829,1.649230972,1.295291172,1.302401441,0.06713630771,0.1734404695,-0.5776667967,-0.0157016573,0.1985795241,-0.1126057367,-0.338217642,-0.2869706238,0.3408519602,0.1451143076,0.06647837098,-0.008826340476,0.2004283836,0.013621576,-0.4706599147,-0.2398651665,0.300777237,0.008287595026,0.03830971136,0.008287595026,0.05324813275,0.1625297019,0.07508276799,0.002362204716,0.0001051715537
1.07,-0.0945799658,-0.1126018758,0.5294613435,-0.02965163843,-0.03896651094,0.9992405171,0.002637792114,0.999996521,0,0,1.299310202,1.611872978,-1.467252894,1.45614305,0.1730111893,0.02042969111,0.05700815757,-1.266971046,1.649142708,1.297295456,1.302537657,0.06242970856,0.1710418178,-0.5746590244,-0.01614363169,0.198247227,-0.1127282259,-0.3389400596,-0.286843963,0.3411542415,0.1449417627,0.06595872774,-0.006457384371,0.2038808553,0.01276792872,-0.4737213472,-0.2393275202,0.3030454395,0.008297626397,0.03830944074,0.008297626397,0.05021392673,0.1627231699,0.07688122556,0.002362204716,0.0001934349584
1.08,-0.08928664988,-0.112898294,0.5291908571,-0.02963117785,-0.03896651094,0.9992405171,0.002637792114,0.999996521,0,0,1.299148765,1.61385545,-1.468380176,1.45275365,0.1701427497,0.02384123353,0.0584575752,-1.266311458,1.649078134,1.299334264,1.302665337,0.05769249509,0.1686485426,-0.57162857,-0.01843935328,0.1977410332,-0.1113495599,-0.3400467563,-0.2872352288,0.3412396412,0.1422743569,0.09155906135,-0.09359318658,0.0717558511,0.01291993261,-0.3688678664,-0.2317063905,0.1993057684,0.008307853859,0.03830917238,0.008307853859,0.04718108204,0.1627299937,0.0783976479,0.002362204716,0.0002580088021
1.09,-0.08399636898,-0.1131944827,0.5288542767,-0.02960571767,-0.03896651094,0.9992405171,0.002637792114,0.999996521,0,0,1.298964372,1.61583286,-1.469493672,1.449353182,0.1672703974,0.02725362994,0.05988031877,-1.265395868,1.648142202,1.300051823,1.302794536,0.05400381643,0.1663314787,-0.5696355123,-0.01993424112,0.1972653902,-0.1105447681,-0.3406405248,-0.2874026775,0.341134736,0.1405056862,0.1066874168,-0.1453002298,-0.007175490837,0.01309403691,-0.3063240108,-0.2269669935,0.1374672405,0.008318229103,0.03830880011,0.008318229103,0.04508679852,0.1607641471,0.08085002441,0.003975607955,0.001193940668
1.1,-0.07870978585,-0.1134903916,0.5284512432,-0.02957523073,-0.03896651094,0.9992405171,0.002637792114,0.999996521,0,0,1.29876503,1.617805514,-1.470599119,1.445946777,0.1643963707,0.0306649773,0.06128537563,-1.264328993,1.6466892,1.299980068,1.302925476,0.05094057632,0.1640618088,-0.5682608399,-0.02014119655,0.1968519736,-0.1106710607,-0.3404314245,-0.287224938,0.3407436027,0.1401951366,0.1053482086,-0.1413753139,-0.001796332349,0.01330371824,-0.3107896392,-0.2269898971,0.1414558054,0.008328768218,0.03788985347,0.008328768218,0.04357230386,0.1577351623,0.08387901262,0.006293733053,0.002646942966
1.11,-0.07342756675,-0.1137859705,0.5279814195,-0.02953969154,-0.03896651094,0.9992405171,0.002637792114,0.999996521,0,0,1.298563618,1.619774034,-1.47170583,1.442542463,0.1615241213,0.03407241333,0.062687327,-1.263275511,1.645275447,1.299962104,1.303058513,0.04783267993,0.1617919098,-0.5668462818,-0.02138672653,0.1963426539,-0.1100247025,-0.3407821145,-0.2872799915,0.3404914349,0.1386488037,0.1091494475,-0.1536783401,-0.02111724626,0.01347722807,-0.2952398909,-0.2260946928,0.1270483751,0.008339499192,0.03745051454,0.008339499192,0.04205905939,0.1547086779,0.08690550043,0.008252002694,0.004060696105
1.12,-0.06815038115,-0.1140811686,0.527444491,-0.0294990763,-0.03896651094,0.9992405171,0.002637792114,0.999996521,0,0,1.29834975,1.62173746,-1.472806077,1.439134641,0.1586513214,0.03747732768,0.06407381503,-1.262184017,1.643738664,1.299750932,1.303193286,0.04488028102,0.1595309629,-0.5655757981,-0.02384869097,0.1957269431,-0.1084782161,-0.3417994214,-0.2876173802,0.3404133224,0.1356600773,0.1196129419,-0.1873244469,-0.07301657887,0.01360421426,-0.2533296168,-0.2239580835,0.08827587218,0.008350393895,0.03697060838,0.008350393895,0.04007089506,0.1515099975,0.0899291039,0.01015259208,0.005597479506
1.13,-0.06287890159,-0.114375935,0.5268401654,-0.02945336289,-0.03896651094,0.9992405171,0.002637792114,0.999996521,0,0,1.298111263,1.62369473,-1.473890859,1.435716647,0.1557751476,0.0408814609,0.06543041581,-1.260987887,1.641865419,1.299020766,1.303329328,0.04234698485,0.1572913821,-0.5646930394,-0.02402878261,0.1952437491,-0.10856438,-0.3414425998,-0.287333086,0.3398914776,0.1353031988,0.119190441,-0.1868886398,-0.07317216814,0.01382217095,-0.2532398783,-0.2236433288,0.08792776166,0.008361419458,0.03637975108,0.008361419458,0.03705056168,0.1481688515,0.09294943728,0.01258339319,0.007470723975
1.14,-0.0576138034,-0.1146702188,0.5261681724,-0.02940253087,-0.03896651094,0.9992405171,0.002637792114,0.999996521,0,0,1.297870976,1.625647167,-1.474976503,1.432302221,0.1529018167,0.04428037568,0.0667834478,-1.259795983,1.639996533,1.298289045,1.30346755,0.03981458607,0.1550549488,-0.5638137617,-0.02420305235,0.1947362757,-0.1086334403,-0.3410362974,-0.2870118776,0.3393243846,0.1349264817,0.1187511605,-0.1864304638,-0.07331881036,0.01404426027,-0.253116103,-0.2233029745,0.08757155532,0.008372628129,0.03579046596,0.008372628129,0.03403388455,0.1451870446,0.09596611441,0.0150115034,0.009339610373
1.15,-0.05235576453,-0.1149639685,0.5254282642,-0.02934656149,-0.03896651094,0.9992405171,0.002637792114,0.999996521,0,0,1.297628945,1.62759453,-1.476062837,1.428891858,0.1500316979,0.04767361952,0.06813271261,-1.258608471,1.638132228,1.297555856,1.303607992,0.03728342504,0.152821919,-0.5629380462,-0.02793935962,0.1939658427,-0.1063084607,-0.3435669395,-0.2874949203,0.3400307763,0.1307756564,0.1210336304,-0.1861960469,-0.07470013553,0.0127076462,-0.2515403608,-0.2224860073,0.09077351204,0.00838401688,0.03520282369,0.00838401688,0.03102125211,0.1425633634,0.09897872977,0.01743663684,0.01120391501
1.16,-0.04710546526,-0.1152571328,0.5246202151,-0.02928543769,-0.03896651094,0.9992405171,0.002637792114,0.999996521,0,0,1.297349551,1.629534189,-1.477125922,1.425456189,0.1471567487,0.05107392729,0.06944046918,-1.257398135,1.636270268,1.296808855,1.303735069,0.03476802143,0.1505970589,-0.5620303111,-0.02813338163,0.1934108014,-0.1063447283,-0.3432189367,-0.2870955382,0.3394906172,0.130383821,0.1206120628,-0.1856791883,-0.07483467879,0.0127537571,-0.2513585045,-0.2219706329,0.09039063554,0.008395494851,0.03461613061,0.008395494851,0.02801305301,0.1401414917,0.1019869459,0.02037277237,0.01306587548
1.17,-0.04186358804,-0.11554966,0.523743822,-0.02921914409,-0.03896651094,0.9992405171,0.002637792114,0.999996521,0,0,1.297068218,1.631468297,-1.478189369,1.422023999,0.1442857933,0.05446883346,0.07074430739,-1.256192015,1.634413476,1.296060508,1.303862606,0.03225443638,0.1483773526,-0.5611264047,-0.02827486537,0.1928312243,-0.1063737479,-0.3426647791,-0.2866665993,0.3387947005,0.1299620424,0.1201071851,-0.1851503355,-0.07494835843,0.01299897634,-0.2511359192,-0.221556119,0.08998800605,0.008407145308,0.03403127126,0.008407145308,0.02500967939,0.1377231723,0.1049903196,0.02337614543,0.01492266736
1.18,-0.03663081724,-0.1158414984,0.5227989035,-0.02914766699,-0.03896651094,0.9992405171,0.002637792114,0.999996521,0,0,1.296785469,1.633396609,-1.479253107,1.418597352,0.1414191273,0.05785678046,0.07204392781,-1.254990943,1.632561972,1.295311025,1.303992596,0.02974307719,0.1461617914,-0.5602265246,-0.03056576523,0.1920614605,-0.1048811335,-0.3432967123,-0.2868360744,0.3383773116,0.1269424436,0.121127226,-0.1848045937,-0.07585710219,0.01309480185,-0.2499220572,-0.2213777734,0.09191847616,0.00841896586,0.03344828216,0.00841896586,0.02201152337,0.1353086939,0.1079884756,0.0263743009,0.0159395343
1.19,-0.03140783892,-0.116132596,0.5217853011,-0.02907099437,-0.03896651094,0.9992405171,0.002637792114,0.999996521,0,0,1.296479811,1.635317223,-1.480301918,1.415164385,0.1385507666,0.06124055358,0.07331335225,-1.25377967,1.630713926,1.294552454,1.304123544,0.02724385662,0.1439480137,-0.5593073399,-0.03174611284,0.1913550035,-0.1041437863,-0.3432476216,-0.2866470614,0.3377526724,0.1252244653,0.1213426414,-0.1843316726,-0.07634109931,0.01326961332,-0.2491578332,-0.2210374862,0.09264438976,0.008430898069,0.0328665895,0.008430898069,0.02002129934,0.1328983452,0.1104327898,0.02936684569,0.0140189197
1.2,-0.02619534062,-0.1164229009,0.520702878,-0.02898911592,-0.03896651094,0.9992405171,0.002637792114,0.999996521,0,0,1.29616235,1.637230773,-1.481343356,1.411731908,0.135684296,0.0646180803,0.0745655969,-1.252566244,1.62887061,1.293789043,1.30425624,0.02475227829,0.1417376388,-0.558380896,-0.03185228219,0.1907074138,-0.1041334327,-0.3425358154,-0.2861063986,0.3369223864,0.1247635147,0.1207789391,-0.1837351884,-0.07641627673,0.01352347652,-0.248830835,-0.2205415024,0.09220446276,0.008442966237,0.03228659451,0.008442966237,0.01852802953,0.1304924151,0.1128923614,0.03235338587,0.01210536966
1.21,-0.02099401114,-0.116712361,0.5195515202,-0.02890202298,-0.03896651094,0.9992405171,0.002637792114,0.999996521,0,0,1.295843827,1.639137848,-1.48238469,1.40830655,0.132823232,0.06798730417,0.07581323205,-1.251358455,1.627033258,1.29302488,1.304391475,0.02226396994,0.1395322238,-0.5574588514,-0.03295808856,0.1899528129,-0.103416671,-0.3423421997,-0.2858435556,0.3361833894,0.1230657934,0.120932211,-0.1832079541,-0.0768729225,0.01369503709,-0.2480306676,-0.2201242091,0.09285985089,0.00845519398,0.03170868462,0.00845519398,0.01703795934,0.1280911941,0.1156919964,0.0353335268,0.01019829553
1.22,-0.01580454031,-0.117000924,0.5183311354,-0.02880970859,-0.03896651094,0.9992405171,0.002637792114,0.999996521,0,0,1.295514247,1.641037376,-1.483418857,1.404883128,0.1299647964,0.07134913806,0.07704388998,-1.250149133,1.625201178,1.292256151,1.304528425,0.01978366326,0.1373309817,-0.5565302529,-0.03520468144,0.189080162,-0.1018972901,-0.3427508569,-0.285906769,0.3355587374,0.1199606576,0.1219049375,-0.1827623239,-0.07776637123,0.01377105994,-0.2466917498,-0.2197985261,0.09476704881,0.008467551264,0.03113264285,0.008467551264,0.01507895185,0.125316931,0.1185448531,0.0383068734,0.008298767397
1.23,-0.01062761876,-0.1172885377,0.5170416541,-0.02871216749,-0.03896651094,0.9992405171,0.002637792114,0.999996521,0,0,1.2951622,1.642928177,-1.48443783,1.40145562,0.1271057288,0.07470472543,0.07824349656,-1.248930083,1.623373555,1.291478487,1.304666136,0.01731674576,0.1351329965,-0.5555825824,-0.03536956707,0.18836355,-0.1018273435,-0.3422211491,-0.2852370372,0.3348327811,0.1194869923,0.1214144584,-0.1820724491,-0.07782603032,0.01362811031,-0.2462787961,-0.2189568723,0.09429782998,0.008480003864,0.03055821542,0.008480003864,0.01211279618,0.1215140303,0.1206742649,0.04127303017,0.006407965777
1.24,-0.005463937711,-0.1175751499,0.5156830287,-0.02860939607,-0.03896651094,0.9992405171,0.002637792114,0.999996521,0,0,1.294808504,1.644811813,-1.485456103,1.398033408,0.1242533584,0.07805305325,0.07943836648,-1.247715939,1.621552831,1.290700227,1.304802417,0.0148539578,0.1329434277,-0.5546396041,-0.03570293914,0.1876219741,-0.1017091384,-0.342255566,-0.2845013532,0.3344950367,0.1190364577,0.1211476628,-0.1813136208,-0.07791150033,0.01276055159,-0.2458674434,-0.2176173214,0.09383055995,0.008492602701,0.02998617206,0.008492602701,0.009154226758,0.1174369482,0.1225143236,0.0442316007,0.004524330277
1.25,-0.0003141887513,-0.1178607082,0.5142552341,-0.02850139244,-0.03896651094,0.9992405171,0.002637792114,0.999996521,0,0,1.294451475,1.646688033,-1.486473195,1.394610852,0.1214083449,0.08139800361,0.08062873106,-1.246504462,1.619739694,1.289921112,1.304930022,0.01239528337,0.1307672545,-0.5537012985,-0.04749001484,0.08128422533,0.04293789861,-0.3429239582,-0.4038518426,0.3204756487,0.23617652,0.122716201,-0.1810415041,-0.07937934697,0.01274336639,-0.243888002,-0.2172464345,0.09633882836,0.008505340169,0.02941673874,0.008505340169,0.006203639829,0.1136162499,0.1245948013,0.04718218873,0.002648110536
1.26,0.004820936394,-0.1181451603,0.5127582673,-0.02838815637,-0.03896651094,0.9992405171,0.002637792114,0.999996521,0,0,1.293976574,1.647500875,-1.486043816,1.391181613,0.1173698264,0.0846027601,0.08299049626,-1.2452773,1.617929279,1.289127318,1.305057456,0.009956403347,0.1285947902,-0.5527379102,-0.04820644625,0.07429201071,0.05192253641,-0.3420027114,-0.4104433386,0.3186356022,0.2425489196,0.1221691967,-0.180337,-0.07946982245,0.01301108576,-0.2432593491,-0.2166129522,0.09600860128,0.008510261465,0.02884835581,0.008510261465,0.003261430693,0.111165924,0.1276724808,0.0501243969,0.001835268283
1.27,0.009940746082,-0.1184284539,0.5111921476,-0.02826968932,-0.03896651094,0.9992405171,0.002637792114,0.999996521,0.5944881588,0,1.29349451,1.648243795,-1.48552459,1.387761586,0.113265393,0.08778911612,0.08541598545,-1.244055608,1.616125909,1.28833262,1.305187567,0.007523809856,0.1264286606,-0.5517778242,-0.06193975021,-0.08234608349,0.2635903945,-0.340919849,-0.5868596287,0.2976538483,0.4214788334,0.1214579596,-0.1795824415,-0.07945293454,0.01330215825,-0.2426929898,-0.2159373323,0.09547075819,0.008514692763,0.02828239902,0.008514692763,0.0003279965997,0.1087990775,0.130471287,0.0530578299,0.001092348176
1.28,0.01504454897,-0.1187105367,0.5095569166,-0.02814599444,-0.03302549081,0.9994545097,0.002637792114,0.999996521,0.5944883451,0,1.292875113,1.647420334,-1.482888686,1.384352387,0.1073967968,0.0907656546,0.08963077379,-1.242841028,1.614330085,1.287538091,1.305320589,0.005096879958,0.1242692873,-0.5508231166,-0.07739020055,-0.2293497239,0.4667948302,-0.3406770759,-0.7530306381,0.2836471493,0.5881818801,0.1219576863,-0.1789371027,-0.080096234,0.01340403915,-0.2414160066,-0.2153465891,0.09672278757,0.008507411678,0.02771902511,0.008507411678,0.003348615311,0.10643898,0.1269855196,0.05598209169,0.001915809011
1.29,0.02013165425,-0.1189913564,0.5078526383,-0.02801707656,-0.02708330165,0.9996331801,0.002637792114,0.999996521,0.5944881588,0,1.292101211,1.645126837,-1.478220738,1.380945616,0.09986649037,0.0936021261,0.09551259259,-1.241621451,1.612540714,1.286737128,1.305454629,0.002682719893,0.1221158214,-0.5498558887,-0.08006865137,-0.227154263,0.466928485,-0.340287734,-0.7501584088,0.287352448,0.5829894579,0.1223074741,-0.1782559195,-0.0806534678,0.01352770607,-0.2401728421,-0.2147163712,0.09777344232,0.008489292852,0.02715789533,0.008489292852,0.007146094678,0.1040859236,0.1236211955,0.05889678703,0.004209306249
1.3,0.02520137186,-0.1192708608,0.5060793987,-0.0278829422,-0.02114015718,0.9997765219,0.002637792114,0.999996521,0.5944881588,0,1.291300524,1.642855294,-1.473551453,1.377542739,0.09236490628,0.09647565058,0.1013424872,-1.240398377,1.610758155,1.285930594,1.305589906,0.0002809914714,0.1199686577,-0.5488781543,-0.08349113465,-0.2478274764,0.4980658692,-0.3390397508,-0.7728449214,0.2891219363,0.6062854112,0.121533305,-0.1774359502,-0.08059215576,0.01382749687,-0.2395024831,-0.2139604831,0.09719416954,0.008471574286,0.02659912229,0.008471574286,0.01163860954,0.1017401996,0.1205810463,0.06180152048,0.00648084888
1.31,0.03025301271,-0.1195489979,0.5042373062,-0.02774359956,-0.01519626559,0.9998845301,0.002637792114,0.999996521,0.5944881588,0,1.290465613,1.640377019,-1.468570795,1.374152342,0.08463645707,0.09936686994,0.1074053413,-1.239183044,1.608983795,1.285124672,1.305728181,-0.00211403336,0.1178290529,-0.5479062126,-0.08549597663,-0.245859551,0.498378793,-0.3378605848,-0.7698880889,0.2936077027,0.6031204863,0.1209170611,-0.1766123711,-0.0806161271,0.01409994447,-0.2387049213,-0.213190392,0.09685906447,0.008452659569,0.02604313509,0.008452659569,0.01613630301,0.09940209797,0.1175305398,0.06469589672,0.008959123644
1.32,0.03528588891,-0.1198257155,0.5023264915,-0.02759905852,-0.009251836943,0.9999572008,0.002637792114,0.999996521,0.5944882287,0,1.289610653,1.637918424,-1.463587007,1.370773736,0.07693757618,0.102302947,0.1134365461,-1.237973873,1.607217671,1.284318511,1.30586918,-0.004501082573,0.115697149,-0.5469376219,-0.0902037158,-0.2441102605,0.5003514066,-0.3385042965,-0.7678617733,0.2985069574,0.5966979136,0.1224433441,-0.1759242237,-0.08175927559,0.01347980316,-0.2368555035,-0.2121663499,0.09937801728,0.008434188271,0.0254899438,0.008434188271,0.02053071395,0.09707190886,0.1144692822,0.06757952153,0.01141771915
1.33,0.04029931398,-0.1201009617,0.5003471076,-0.02744933064,-0.00330708062,0.9999945316,0.002637792114,0.999996521,0.5944881821,0,1.288708616,1.635477321,-1.458583493,1.367388693,0.06925895844,0.1052880165,0.1194035253,-1.23674944,1.605458429,1.283500918,1.306003978,-0.006869637608,0.1135754855,-0.5459438418,-0.09070840959,-0.2423584633,0.5005853726,-0.3379257974,-0.7646308431,0.3019083147,0.5937232843,0.1219189802,-0.174973559,-0.08170002737,0.01285410298,-0.2361334122,-0.2107290452,0.09875272031,0.0084160829,0.02493914466,0.0084160829,0.02360311656,0.09454799844,0.1115364145,0.07025007717,0.01385882176
1.34,0.04529260308,-0.1203746848,0.4982993296,-0.02729442919,0.002637792114,0.999996521,0.002637792114,0.999996521,0,0,1.287801532,1.633053737,-1.453577639,1.364009435,0.06161265001,0.1083070997,0.1253407581,-1.23553025,1.603708694,1.282683918,1.306132519,-0.00923097173,0.111468195,-0.5449563146,-0.04134256309,0.1868403316,-0.0937004854,-0.3364586386,-0.2712466623,0.3341656068,0.09372155601,0.1210575639,-0.1740681711,-0.08157816182,0.01318221908,-0.2353284492,-0.2098792289,0.09811088269,0.008398422479,0.02439155718,0.008398422479,0.02668705576,0.09168705635,0.1086163831,0.07256357333,0.01628240639
1.35,0.05026507325,-0.1206468331,0.4961833551,-0.0271343691,0.002637792114,0.999996521,0.002637792114,0.999996521,0,0,1.287388106,1.63492214,-1.454514644,1.360644848,0.05890018339,0.1116487558,0.1262779737,-1.234319674,1.601968012,1.281868136,1.306264342,-0.01158425622,0.1093694027,-0.5439752057,-0.04298760591,0.1856934166,-0.0924178371,-0.3358538255,-0.2708962438,0.33269388,0.0909495762,0.1215224015,-0.1732615358,-0.08220145086,0.01325637014,-0.2338080175,-0.2090558757,0.09938201106,0.008409739418,0.02384701877,0.008409739418,0.0238380415,0.08883804262,0.1113172314,0.07486829123,0.01441400308
1.36,0.05521604359,-0.1209173551,0.4939994037,-0.02696916699,0.002637792114,0.999996521,0.002637792114,0.999996521,0,0,1.28695823,1.636779074,-1.455438822,1.35728631,0.05619122095,0.1149756946,0.1271874694,-1.23310445,1.600235397,1.281046122,1.306396905,-0.0139223364,0.107278844,-0.5429813856,-0.04414182442,0.184559227,-0.09141174488,-0.3349456445,-0.2703153419,0.331150561,0.08876790067,0.1216008739,-0.1724022006,-0.08260278405,0.01340132229,-0.2324363362,-0.2081916029,0.1001166016,0.008421142283,0.02330522727,0.008421142283,0.02100134573,0.08600134738,0.1139986556,0.07664596025,0.01255706891
1.37,0.06014483553,-0.1211861994,0.4917477174,-0.02679884117,0.002637792114,0.999996521,0.002637792114,0.999996521,0,0,1.286516812,1.638624666,-1.45635294,1.353936854,0.05348806754,0.1182872002,0.1280751484,-1.231888441,1.598511375,1.280220094,1.306530919,-0.01624669976,0.1051969279,-0.5419802196,-0.04400502605,0.1834938146,-0.09116991437,-0.3333095135,-0.2691723758,0.3294854833,0.0881843905,0.1206757492,-0.1714356969,-0.08243349491,0.01373725233,-0.2315295592,-0.2072643887,0.09942986881,0.00843263823,0.02276634473,0.00843263823,0.01817735724,0.08317735941,0.1168226436,0.07827821917,0.01071147664
1.38,0.06505077303,-0.1214533149,0.4894285606,-0.02662341162,0.002637792114,0.999996521,0.002637792114,0.999996521,0,0,1.286076761,1.640459605,-1.457264639,1.350603759,0.05079634378,0.121582055,0.1289569924,-1.230681684,1.596797018,1.279395759,1.306668291,-0.01856199535,0.1031242841,-0.5409859209,-0.04401811215,0.1815762495,-0.08970042136,-0.331655505,-0.2689686883,0.3277401412,0.08846118195,0.1197902071,-0.1704541197,-0.08228301319,0.01406425383,-0.2305613052,-0.2063134041,0.09881322124,0.008444254726,0.02223069708,0.008444254726,0.01536646337,0.08036646607,0.1196335369,0.08020474859,0.008876538495
1.39,0.0699331828,-0.1217186507,0.4870422197,-0.02644290003,0.002637792114,0.999996521,0.002637792114,0.999996521,0,0,1.28563658,1.642275367,-1.458161643,1.347287204,0.04810665689,0.1248594564,0.1298416042,-1.229483782,1.595092476,1.278572929,1.306808934,-0.0208676084,0.10106115,-0.5399977887,-0.05038762277,0.1472530377,-0.04092782236,-0.3314014699,-0.30693169,0.3246581229,0.1226899967,0.1210877861,-0.1696303308,-0.08338451302,0.01393298532,-0.2284882913,-0.205366708,0.1012962508,0.008455925935,0.02169832874,0.008455925935,0.0125690499,0.07756905307,0.1224309499,0.08243095076,0.007060775999
1.4,0.07479139451,-0.121982156,0.4845890036,-0.02625732975,0.002637792114,0.999996521,0.002637792114,0.999996521,0,0,1.285132704,1.643747898,-1.458570921,1.343973189,0.04503733999,0.1281060376,0.1310685041,-1.228272904,1.593396173,1.277739084,1.306948263,-0.02315249132,0.09900748294,-0.5389848262,-0.05026092988,0.1454768799,-0.03961684327,-0.3295966545,-0.3065008957,0.3228342729,0.1228584482,0.1201001269,-0.1686037372,-0.08316452635,0.01427735511,-0.2274813551,-0.2043636246,0.1005629506,0.008465226098,0.02116876275,0.008465226098,0.009785500886,0.0747855025,0.1252145005,0.08521449925,0.005588245622
1.41,0.07962474105,-0.1222437805,0.4820692433,-0.02606672582,0.002637792114,0.999996521,0.002637792114,0.999996521,0,0,1.284630095,1.645202666,-1.45896709,1.340677222,0.04197233104,0.1313343804,0.1322970886,-1.227071903,1.591710136,1.276907438,1.307091037,-0.02542730487,0.09696384669,-0.5379791967,-0.05012253598,0.1436997388,-0.0383189915,-0.3277541055,-0.3060059354,0.3209768569,0.1229954774,0.1191015902,-0.1675565765,-0.08293104361,0.01460557724,-0.2264422585,-0.2033243466,0.09981872163,0.008474523168,0.02064261306,0.008474523168,0.007016198556,0.07201619862,0.1279838044,0.08798380107,0.004133476823
1.42,0.08443255874,-0.1225034739,0.4794832923,-0.02587111498,0.002637792114,0.999996521,0.002637792114,0.999996521,0,0,1.284128869,1.646639664,-1.45935028,1.337399681,0.03891227168,0.1345441489,0.1335270434,-1.225880887,1.59003457,1.276078128,1.307237093,-0.02769172745,0.09493060323,-0.5369810095,-0.05806146669,0.08447866036,0.04619418376,-0.3277402477,-0.3720943043,0.3187738602,0.1887376081,0.1194848174,-0.1664478312,-0.08329666429,0.01335932325,-0.2250136519,-0.201376291,0.1003519505,0.008483812944,0.02011994083,0.008483812944,0.004261523178,0.06926846943,0.1307396094,0.09073847593,0.002696479435
1.43,0.08921418751,-0.1227611862,0.476831526,-0.02567052563,0.002637792114,0.999996521,0.002637792114,0.999996521,0,0,1.283548255,1.64748445,-1.458888338,1.334122279,0.03519132864,0.1377318875,0.1354144195,-1.224686039,1.588370092,1.275245161,1.307370686,-0.02994186397,0.09291684032,-0.53597749,-0.06888192353,0.0005953787961,0.1666589714,-0.3266394252,-0.4670187081,0.3151745032,0.2825976686,0.1197925745,-0.1654594519,-0.08382008481,0.01342269194,-0.223274924,-0.2002968655,0.1014732709,0.008488742276,0.01960098177,0.008488742276,0.002637795173,0.0670442234,0.1323622102,0.09347814567,0.001851692831
1.44,0.0939689712,-0.1230168679,0.4741143423,-0.02546498788,0.002637792114,0.999996521,0.002637792114,0.999996521,0,0,1.282859436,1.647490404,-1.457221748,1.330855885,0.03052114156,0.1408836326,0.1382403962,-1.223488113,1.586715497,1.27440696,1.307504913,-0.03217461321,0.09091387166,-0.5349627573,-0.0684527835,0.0005907399363,0.1658839943,-0.3246100732,-0.4646839474,0.3132687557,0.2806061411,0.1187168427,-0.1643559423,-0.08353324825,0.01379658191,-0.2221387528,-0.1992084586,0.1006756275,0.008487374727,0.01908532604,0.008487374727,0.002637795173,0.06483129814,0.1323622102,0.09620243431,0.001845739043
1.45,0.0986962577,-0.1232704696,0.4713321615,-0.0252545335,0.002637792114,0.999996521,0.002637792114,0.999996521,0,0,1.282174908,1.647496311,-1.455562908,1.327609784,0.02587430208,0.1440163201,0.1410464576,-1.222300945,1.585071938,1.273571628,1.307642879,-0.03439600074,0.08892178708,-0.533956001,-0.06800603296,0.0005860213252,0.1650829051,-0.3225254425,-0.462276783,0.3113168686,0.2785837657,0.1176244214,-0.163234321,-0.08323168107,0.01417310804,-0.2209699381,-0.1980968546,0.09986775724,0.008486015959,0.01857331601,0.008486015959,0.002637795173,0.06262996741,0.1323622102,0.09891096823,0.001839831644
1.46,0.1033953992,-0.1235219423,0.4684854259,-0.02503919596,0.002637792114,0.999996521,0.002637792114,0.999996521,0,0,1.281494847,1.647502172,-1.453912079,1.324384529,0.02125153425,0.1471294888,0.1438322952,-1.2211247,1.583439595,1.272739311,1.30778461,-0.03660570012,0.08694081853,-0.5329573234,-0.06998700863,0.0005823860374,0.1675664291,-0.321398376,-0.4603960597,0.3130803456,0.2742985214,0.1181461681,-0.162197631,-0.08388311846,0.01415896596,-0.2190391381,-0.1969047618,0.1013049715,0.008484666322,0.018065004,0.008484666322,0.002637795173,0.06044050437,0.1323622102,0.1016033763,0.001833971431
1.47,0.1080657526,-0.1237712373,0.4655746002,-0.0248190104,0.002637792114,0.999996521,0.002637792114,0.999996521,0,0,1.280794977,1.647507996,-1.452236415,1.321170546,0.01664757366,0.1502602923,0.1465752804,-1.219943239,1.581817618,1.27190048,1.3079262,-0.0387960915,0.08497177091,-0.5319442737,-0.07045149392,0.0005784997879,0.1680038116,-0.3196002469,-0.4580935011,0.3124952221,0.2713525871,0.11765273,-0.1610792233,-0.08392390807,0.01438502843,-0.2175193239,-0.1957231606,0.1013513751,0.008483276204,0.01756014044,0.008483276204,0.002637795173,0.05826318061,0.1323622102,0.1042792914,0.00182814757
1.48,0.1127066792,-0.1240183064,0.4626001713,-0.02459401367,0.002637792114,0.999996521,0.002637792114,0.999996521,0,0,1.280090462,1.647513781,-1.450556377,1.317974543,0.01206663865,0.1533852445,0.1492888063,-1.218766711,1.580206826,1.271061241,1.30807005,-0.04097128474,0.08301453931,-0.53093076,-0.06993006062,0.000574152138,0.167105548,-0.3173473546,-0.4554847147,0.3103757859,0.2692613694,0.1164976748,-0.1599025791,-0.08356633349,0.0147686614,-0.216255682,-0.1945414709,0.1004952822,0.008481876646,0.0170589669,0.008481876646,0.002637795173,0.05609826533,0.1323622102,0.1069383468,0.001822362572
1.49,0.1173175457,-0.1242631017,0.4595626484,-0.02436424428,0.002637792114,0.999996521,0.002637792114,0.999996521,0,0,1.279391162,1.647519522,-1.448885321,1.31480107,0.007511791499,0.1564890024,0.15198142,-1.217601735,1.5786078,1.270225577,1.308217736,-0.04313384156,0.0810691246,-0.5299258071,-0.06939066214,0.0005697136161,0.1661806361,-0.3150401123,-0.4528041325,0.3082107534,0.2671415386,0.1153266009,-0.1587088251,-0.08319391258,0.01515466523,-0.2149602884,-0.1933374853,0.09962929427,0.008480487788,0.01656165313,0.008480487788,0.002637795173,0.05394602553,0.1323622102,0.1095801789,0.001816621051
1.5,0.1218977237,-0.1245055756,0.456462563,-0.02412974243,0.002637792114,0.999996521,0.002637792114,0.999996521,0,0,1.278697255,1.647525219,-1.447223515,1.311650668,0.002983750174,0.1595711099,0.1546528354,-1.216448469,1.577020712,1.269393638,1.308369283,-0.04528344444,0.07913574974,-0.5289295142,-0.07199330054,0.0005684008104,0.1695139942,-0.3139514597,-0.4509346596,0.3107797641,0.2620938823,0.1162501133,-0.1576146787,-0.08407929252,0.01500121253,-0.2127300723,-0.1919874175,0.1016327876,0.008479109983,0.01606824774,0.008479109983,0.002637795173,0.05180672616,0.1323622102,0.1122044279,0.001810923915
1.51,0.1264465903,-0.1247456809,0.4533004689,-0.02389055001,0.002637792114,0.999996521,0.002637792114,0.999996521,0,0,1.277977322,1.647530903,-1.445528375,1.308511154,-0.001525596422,0.1626789075,0.1572737742,-1.215285967,1.575444565,1.268552845,1.308519295,-0.04741074517,0.07721587557,-0.5279131863,-0.07160042567,0.0005633952862,0.1687916448,-0.3116148257,-0.4481803914,0.3087997931,0.2597533467,0.115168004,-0.1563946923,-0.08374973897,0.01535850113,-0.2113163909,-0.1907302912,0.1009122133,0.008477679214,0.01557846536,0.008477679214,0.002637795173,0.04968062894,0.1334619319,0.1148107349,0.001805239907
1.52,0.1309635283,-0.1249833711,0.4500769421,-0.0236467106,0.002637792114,0.999996521,0.002637792114,0.999996521,0,0,1.277261318,1.647536537,-1.443840458,1.305395006,-0.006007400335,0.1657669055,0.1598713077,-1.214134287,1.573880618,1.267715348,1.30867288,-0.04952390908,0.07530857266,-0.5269040642,-0.07137195898,0.0005599261829,0.1679007029,-0.3103336375,-0.445351664,0.3072706168,0.257558253,0.1143371837,-0.1550463378,-0.0833808073,0.01455969727,-0.2100078077,-0.1887005085,0.0999535988,0.00847625648,0.01509266828,0.00847625648,0.002637795173,0.047567995,0.1348637285,0.1173987481,0.001799605954
1.53,0.1354479263,-0.1252185998,0.4467925808,-0.02339826944,0.002637792114,0.999996521,0.002637792114,0.999996521,0,0,1.276547598,1.647542136,-1.442161451,1.302291669,-0.01046091698,0.1688396116,0.1624468902,-1.212990916,1.572330155,1.26688154,1.308818477,-0.05162398715,0.07342156757,-0.5259045282,-0.07097095695,0.0005555559692,0.1671404764,-0.3079726478,-0.4424755425,0.3052529811,0.2551565868,0.113247254,-0.153784115,-0.08302561905,0.01484808462,-0.2085417581,-0.1873526394,0.09920493262,0.008474838526,0.01461129036,0.008474838526,0.002637795173,0.04503188272,0.1362698319,0.1199681173,0.001794006692
1.54,0.1398991792,-0.1254513213,0.4434480057,-0.02314527349,0.002637792114,0.999996521,0.002637792114,0.999996521,0,0,1.275837889,1.647547692,-1.440490047,1.299211943,-0.0148856724,0.1718921414,0.1649984561,-1.211858443,1.570792314,1.266051284,1.308966958,-0.05370940473,0.07154804118,-0.5249124789,-0.07341448823,0.0005554961319,0.1702715527,-0.3065919783,-0.4404409122,0.3074393038,0.2500603593,0.1140455739,-0.1525997739,-0.08382989916,0.01470357535,-0.2062463009,-0.1858833866,0.1010593523,0.00847342881,0.01413402313,0.00847342881,0.002637795173,0.04248150341,0.1373622054,0.1224403502,0.001788451132
1.55,0.1443166879,-0.1256814902,0.4400438594,-0.02288777135,0.002637792114,0.999996521,0.002637792114,0.999996521,0,0,1.275103744,1.647553247,-1.438787331,1.296146023,-0.01929008152,0.1749665345,0.1674990597,-1.210717987,1.569266316,1.265212985,1.309113994,-0.05577186774,0.06968920731,-0.5239018853,-0.07271943237,0.0005499066534,0.1691482133,-0.3039514215,-0.4373674934,0.3049333794,0.2478205394,0.1127423868,-0.1513063124,-0.08334659168,0.01512699211,-0.2047726271,-0.1845621353,0.1000898961,0.008471969543,0.01366064792,0.008471969543,0.002637795173,0.03995045851,0.1373622054,0.1237058715,0.001782896171
1.56,0.14869986,-0.1259090618,0.4365808071,-0.02262581335,0.002637792114,0.999996521,0.002637792114,0.999996521,0,0,1.274376549,1.647558746,-1.437095849,1.293106509,-0.02366375646,0.1780158683,0.1699772651,-1.209590563,1.567753253,1.264379519,1.309265264,-0.05781959401,0.06784358596,-0.5229009864,-0.07200579194,0.0005442471409,0.1679971629,-0.3012583388,-0.434223826,0.3023830443,0.2455565081,0.1114244866,-0.1499976966,-0.0828483871,0.01555239358,-0.2032692296,-0.1832205325,0.09911130509,0.008470524448,0.01319146764,0.008470524448,0.002637795173,0.03743908699,0.1373622054,0.124961556,0.001777397104
1.57,0.1530481099,-0.1261339918,0.4330595362,-0.02235945148,0.002637792114,0.999996521,0.002637792114,0.999996521,0,0,1.273656492,1.647564189,-1.435415877,1.290093925,-0.02800599472,0.1810396987,0.1724328302,-1.208476319,1.566253276,1.263551035,1.309420788,-0.05985228631,0.06601138064,-0.5219098733,-0.07148610984,0.0005386230002,0.1671074108,-0.2985932976,-0.4310850514,0.3001001651,0.2430716976,0.1102342725,-0.1486794869,-0.08242336821,0.01593900213,-0.2016808224,-0.1818441083,0.09831315928,0.008469093889,0.01272652388,0.008469093889,0.002637795173,0.03494772442,0.1373622054,0.1262072362,0.001771954633
1.58,0.157360859,-0.1263562364,0.4294807561,-0.02208873941,0.002637792114,0.999996521,0.002637792114,0.999996521,0,0,1.27294163,1.647569575,-1.433744803,1.287107992,-0.03231684523,0.1840407004,0.1748635471,-1.207373976,1.564766481,1.262726801,1.309580178,-0.06186909453,0.06419293955,-0.5209267417,-0.07375550763,0.0005345809426,0.1700118178,-0.2969368548,-0.4288722745,0.3018888474,0.2379599444,0.1109072945,-0.1474160874,-0.08314490714,0.01578814825,-0.1993272785,-0.1802520199,0.1000081665,0.0084676739,0.01226584336,0.0084676739,0.002637795173,0.03247670233,0.1373622054,0.1275232923,0.001766568403
1.59,0.1616375358,-0.1265757523,0.425845199,-0.0218137325,0.002637792114,0.999996521,0.002637792114,0.999996521,0,0,1.272204075,1.647574921,-1.432044685,1.284138624,-0.03660556798,0.1870595888,0.1772431466,-1.206264903,1.56329232,1.261895352,1.309738059,-0.06386236732,0.06239041935,-0.5199266601,-0.07296118278,0.0005292071072,0.1687522852,-0.2940834325,-0.425529693,0.299170687,0.2356515704,0.1095285017,-0.1460625598,-0.0825885129,0.01622066545,-0.1977402679,-0.1788510267,0.09897934462,0.008466207684,0.01180928529,0.008466207684,0.002637795173,0.03002634813,0.1373622054,0.1299736479,0.001761222594
1.6,0.1658775762,-0.1267924969,0.4221536188,-0.02153448781,0.002637792114,0.999996521,0.002637792114,0.999996521,0,0,1.271474464,1.647580213,-1.430357162,1.28119779,-0.04086086491,0.1900512957,0.1795996623,-1.205169618,1.561831695,1.261069467,1.309900266,-0.06583977,0.06060190909,-0.5189368666,-0.07214831249,0.0005237516637,0.1674649815,-0.2911793545,-0.4221185673,0.2964095253,0.2333214393,0.1081359012,-0.144695056,-0.08201747459,0.01665494898,-0.1961249662,-0.177430923,0.09794189771,0.008464757672,0.01135708924,0.008464757672,0.002637795173,0.027596985,0.1373622054,0.1324030124,0.001755930523
1.61,0.170080424,-0.1270064281,0.418406792,-0.02125106406,0.002637792114,0.999996521,0.002637792114,0.999996521,0,0,1.27075298,1.64758545,-1.428682512,1.278285996,-0.04508205058,0.193015391,0.1819328767,-1.204088259,1.560384744,1.260249292,1.310066815,-0.06780101966,0.05882759986,-0.5179574477,-0.07131705643,0.0005182157671,0.1661501628,-0.2882252217,-0.4186395856,0.2936059438,0.2309700702,0.1067298015,-0.1433138781,-0.08143190124,0.01709089764,-0.1944817073,-0.1759920139,0.09689605889,0.008463324225,0.0109092927,0.008463324225,0.002637795173,0.0251889317,0.1373622054,0.134811067,0.001750693006
1.62,0.1742455306,-0.1272175044,0.4146055172,-0.02096352167,0.002637792114,0.999996521,0.002637792114,0.999996521,0,0,1.27003981,1.647590632,-1.427021011,1.275403744,-0.04926844643,0.1959514504,0.1842425774,-1.203020961,1.558951605,1.259434973,1.310237724,-0.06974583673,0.05706767972,-0.5169884871,-0.0734018391,0.0005178453081,0.1688107144,-0.2862934199,-0.4162471815,0.2949948044,0.2258632991,0.07946219674,-0.05578361149,0.04977476214,0.01693869388,-0.3079644068,-0.1658729343,0.2023517302,0.008461907701,0.01046593215,0.008461907701,0.002637795173,0.02280250249,0.1373622054,0.1371974976,0.001745510848
1.63,0.1783723556,-0.127425685,0.4107506155,-0.02067192274,0.002637792114,0.999996521,0.002637792114,0.999996521,0,0,1.269305791,1.647595811,-1.425332904,1.27254081,-0.05343091825,0.1989013984,0.1865012104,-1.202226339,1.558393769,1.259932721,1.310407111,-0.0728254808,0.05540895037,-0.5149649698,-0.07298190549,0.0005128325264,0.1678237526,-0.2840785829,-0.4127952971,0.292892777,0.2232647153,0.0766585889,-0.04887603115,0.05885533576,0.01662188673,-0.3137772814,-0.163412444,0.2079744478,0.008460449028,0.01030233657,0.008460449028,0.002637795173,0.02153790086,0.1373622054,0.1384620983,0.001740332395
1.64,0.182460367,-0.1276309296,0.4068429301,-0.02037633105,0.002637792114,0.999996521,0.002637792114,0.999996521,0,0,1.268575972,1.647600939,-1.423654666,1.269700024,-0.05755887122,0.2018303262,0.1887338575,-1.201459753,1.557905009,1.260521274,1.31057333,-0.07596325362,0.05377482593,-0.5128852253,-0.07221052849,0.0005068258971,0.1664658002,-0.2813943048,-0.4091678262,0.2902051052,0.220860176,0.07566843361,-0.04844843245,0.05816929802,0.01668089528,-0.3109034856,-0.1617923104,0.2056142,0.00845899894,0.0101607104,0.00845899894,0.002637795173,0.02062863162,0.1374811429,0.1396332256,0.00173520407
1.65,0.1865090411,-0.1278331986,0.4028833263,-0.02007681208,0.002637792114,0.999996521,0.002637792114,0.999996521,0,0,1.267853867,1.647606007,-1.421990008,1.266886081,-0.06165054948,0.2047323773,0.1909424593,-1.200703069,1.557420524,1.261102967,1.310740139,-0.07907228847,0.05215690283,-0.5108290833,-0.0712759214,0.0005004831044,0.1650177195,-0.2782298149,-0.4054369106,0.2871892909,0.2184523667,0.07452844878,-0.04805285164,0.05749794719,0.01714862187,-0.3079591118,-0.1604120769,0.2032607238,0.008457564519,0.01002032455,0.008457564519,0.002637795173,0.01987331035,0.1378194709,0.1407930837,0.001730135811
1.66,0.1905178634,-0.128032453,0.3988726921,-0.01977343297,0.002637792114,0.999996521,0.002637792114,0.999996521,0,0,1.267141108,1.647611012,-1.420339831,1.264103783,-0.06570491859,0.2076042702,0.1931269829,-1.199957784,1.556939996,1.261677947,1.310911625,-0.08215187959,0.05055278206,-0.508796476,-0.07225647329,0.0004962872296,0.166187363,-0.2757011621,-0.4024801321,0.2868790915,0.2142163731,0.06713125701,-0.02409763471,0.09129320307,0.01721390878,-0.3366228013,-0.1545489592,0.2307419816,0.008456149052,0.009881060272,0.008456149052,0.002637795173,0.01912337669,0.1383375144,0.1419415251,0.00172513098
1.67,0.1944863279,-0.1282286546,0.3948119373,-0.01946626255,0.002637792114,0.999996521,0.002637792114,0.999996521,0,0,1.266418543,1.647615975,-1.418677957,1.261346771,-0.06972971991,0.2104730611,0.1952691467,-1.199286472,1.55669902,1.262590879,1.311083764,-0.0855181076,0.04900729247,-0.5064890562,-0.07239120633,0.0004914275736,0.1662035669,-0.2728362896,-0.3991128343,0.2853538567,0.2107386087,0.06242050301,-0.01028475357,0.1103108872,0.01745193034,-0.3516662579,-0.1505961369,0.2453507119,0.008454713689,0.009818219405,0.008454713689,0.002637795173,0.01909510396,0.1388195132,0.1423622007,0.001720168108
1.68,0.1984139382,-0.1284217658,0.3907019944,-0.01915537136,0.002637792114,0.999996521,0.002637792114,0.999996521,0,0,1.265694631,1.647620889,-1.417015922,1.258618408,-0.07372084825,0.2133265997,0.1973765328,-1.198662267,1.556596172,1.263693988,1.311258284,-0.08903477018,0.0475013311,-0.5040355491,-0.07137265486,0.000485278884,0.1646405754,-0.2695245395,-0.3951916834,0.2821769053,0.2083073864,0.061372953,-0.01031305871,0.1090724164,0.01792800399,-0.3480731274,-0.1492528853,0.2423977689,0.008453275613,0.009799426236,0.008453275613,0.002637795173,0.01948132643,0.1392057353,0.1423622007,0.001715253832
1.69,0.202300207,-0.1286117498,0.3865438177,-0.0188408316,0.002637792114,0.999996521,0.002637792114,0.999996521,0,0,1.264980905,1.647625742,-1.415369516,1.255923163,-0.07767276509,0.2161483687,0.1994596066,-1.198048537,1.556493041,1.264784712,1.311437564,-0.09251550146,0.04600880225,-0.5016115714,-0.07033628428,0.0004790591803,0.163050481,-0.2661672315,-0.3912073925,0.2789612487,0.2058601901,0.06031583274,-0.01033767508,0.1078221703,0.01840526291,-0.3444347839,-0.1478938171,0.2394288287,0.008451858205,0.009780444905,0.008451858205,0.002637795173,0.01986129447,0.139585703,0.1423622007,0.001710401043
1.7,0.206144657,-0.1287985705,0.3823383842,-0.01852271716,0.002637792114,0.999996521,0.002637792114,0.999996521,0,0,1.264277542,1.647630533,-1.413739011,1.25326149,-0.08158483901,0.2189379812,0.2015182085,-1.197445379,1.556389665,1.265862934,1.311621616,-0.09595984929,0.04452986408,-0.4992172831,-0.06967895558,0.000473116373,0.1619791279,-0.262900473,-0.3873498124,0.2762625122,0.2030240313,0.05943348575,-0.01006696969,0.1066250679,0.01879680372,-0.341130488,-0.1459649441,0.2370726783,0.008450461805,0.009761282222,0.008450461805,0.002637795173,0.02023493585,0.139959344,0.1423622007,0.001705610451
1.71,0.2099468205,-0.1289821925,0.378086693,-0.01820110361,0.002637792114,0.999996521,0.002637792114,0.999996521,0,0,1.263580752,1.647635264,-1.41211922,1.250632486,-0.08545833713,0.2217006063,0.2035484488,-1.196851044,1.556288995,1.266929184,1.311809584,-0.09937115417,0.04307021464,-0.4968465564,-0.07115128704,0.0004689803949,0.1638387846,-0.2603243006,-0.384461754,0.2765309114,0.1981506415,0.05953816652,-0.008214717622,0.1057678033,0.01871830624,-0.3398276903,-0.1410229346,0.2381006165,0.008449078709,0.009742865801,0.008449078709,0.002637795173,0.0205160301,0.1403857458,0.1423622007,0.001700879287
1.72,0.2137062401,-0.1291625812,0.3737897654,-0.01787606822,0.002637792114,0.999996521,0.002637792114,0.999996521,0,0,1.262869239,1.647639954,-1.410480832,1.248029243,-0.08930295467,0.2244659154,0.2055299553,-1.196255662,1.556206848,1.267986862,1.311996767,-0.1027694311,0.04165998529,-0.4944655502,-0.07003038251,0.0004625270974,0.1621327504,-0.2568277319,-0.3802927247,0.2731591189,0.1956891181,0.05843776793,-0.008253868062,0.1044806291,0.0192037606,-0.3360219728,-0.1396687331,0.2350331038,0.008447665733,0.009730184883,0.008447665733,0.002637795173,0.02015008677,0.1410967957,0.1423622007,0.001696189484
1.73,0.2174224685,-0.1293397027,0.369448645,-0.01754768992,0.002637792114,0.999996521,0.002637792114,0.999996521,0,0,1.262168935,1.647644579,-1.408859504,1.245460965,-0.09310588192,0.2271975066,0.2074868464,-1.195671284,1.556124309,1.269031669,1.312188805,-0.1061296508,0.04026329796,-0.4921152192,-0.06889238078,0.0004560085639,0.1604004206,-0.2532887091,-0.3760639111,0.2697512016,0.1932142007,0.05732864798,-0.008289590268,0.1031827052,0.01969017827,-0.3321745525,-0.138300381,0.2319516997,0.008446275452,0.009717263609,0.008446275452,0.002637795173,0.01963429732,0.1416456263,0.1423622007,0.001691564213
1.74,0.2210950692,-0.1295135241,0.3650643976,-0.01721604934,0.002637792114,0.999996521,0.002637792114,0.999996521,0,0,1.261480012,1.647649139,-1.4072555,1.242928078,-0.09686652103,0.2298950186,0.2094189884,-1.195097998,1.556041413,1.270063496,1.312385707,-0.1094513963,0.03888029415,-0.4897957022,-0.06773759418,0.0004494264034,0.158642272,-0.2497081446,-0.3717764533,0.2663080118,0.1907264379,0.05621106739,-0.008321896249,0.1018743398,0.02017746064,-0.328286397,-0.1369182185,0.2288570717,0.008444908191,0.009704108129,0.008444908191,0.002637795173,0.01897554437,0.1420389951,0.1423622007,0.001687004127
1.75,0.2247236163,-0.1296840131,0.3606381116,-0.0168812288,0.002637792114,0.999996521,0.002637792114,0.999996521,0,0,1.260802636,1.647653633,-1.405669077,1.240430997,-0.1005842856,0.2325580988,0.2113262528,-1.194535887,1.555958194,1.271082239,1.312587481,-0.1127342603,0.03751111196,-0.4875071314,-0.06768705973,0.0004437485899,0.1584072396,-0.2464565042,-0.3680175797,0.2643731917,0.187168414,0.05578997629,-0.008139577152,0.09980272843,0.02041256118,-0.3245965493,-0.1340177056,0.2267582384,0.008443564269,0.009690724605,0.008443564269,0.002637795173,0.01818070007,0.1422836522,0.1423622007,0.001682509863
1.76,0.228307695,-0.1298511384,0.3561708972,-0.01654331229,0.002637792114,0.999996521,0.002637792114,0.999996521,0,0,1.260125765,1.647658071,-1.404085005,1.237966432,-0.1042644614,0.2352018307,0.213197937,-1.193977988,1.555876799,1.272080266,1.312791607,-0.1159802258,0.03617093491,-0.4852395491,-0.06821595083,0.0004385660517,0.1589480802,-0.2434461545,-0.3645201867,0.2632415076,0.1830615993,0.05574149564,-0.007838944997,0.09734088499,0.02043911553,-0.3209905506,-0.1302998416,0.2251471561,0.008442221304,0.009677755352,0.008442221304,0.002637795173,0.01763779484,0.1423622007,0.1423622007,0.001678072377
1.77,0.2318469016,-0.1300148693,0.3516638873,-0.01620238549,0.002637792114,0.999996521,0.002637792114,0.999996521,0,0,1.259443606,1.647662456,-1.402495524,1.23553197,-0.1079096632,0.2378342458,0.215028553,-1.193420573,1.555798409,1.273053675,1.312995998,-0.1191901313,0.03486793649,-0.4829880775,-0.06729839266,0.0004324655832,0.1572553095,-0.2406547266,-0.3601997793,0.2602499947,0.1805128436,0.05484917649,-0.007793673682,0.09598945031,0.02014037328,-0.3170346499,-0.1284302794,0.2219143517,0.008440867565,0.00966555527,0.008440867565,0.002637795173,0.01766753352,0.1423622007,0.1423622007,0.001673686716
1.78,0.2353408439,-0.1301751763,0.3471182366,-0.01585853577,0.002637792114,0.999996521,0.002637792114,0.999996521,0,0,1.258770622,1.647666781,-1.400922971,1.233125423,-0.111511661,0.2404367457,0.2168336814,-1.192872081,1.555720472,1.27401357,1.313197402,-0.1223604778,0.0335836337,-0.480768934,-0.06604048707,0.0004255980325,0.1553606,-0.2368930805,-0.3556891379,0.2566161506,0.1780098316,0.05366857187,-0.007820193925,0.0946688665,0.02065931181,-0.3129813935,-0.1270612602,0.2187404171,0.008439532361,0.009653385916,0.008439532361,0.002637795173,0.01798814752,0.1423622007,0.1423622007,0.001669362061
1.79,0.2387891415,-0.1303320306,0.3425351225,-0.01551185218,0.002637792114,0.999996521,0.002637792114,0.999996521,0,0,1.258110217,1.647671037,-1.399369365,1.230756492,-0.1150685524,0.2430029072,0.2186137797,-1.192335395,1.55564227,1.274960258,1.313403995,-0.1254902917,0.0323130211,-0.4785815298,-0.06476692559,0.0004186750154,0.153441409,-0.2330940512,-0.3511247504,0.2529507694,0.175497315,0.05248077195,-0.007843518134,0.09333959406,0.02117874114,-0.3088926739,-0.1256804917,0.2155564931,0.008438222533,0.009640986819,0.008438222533,0.002637795173,0.01830185604,0.1423622007,0.1423622007,0.00166510608
1.8,0.2421914255,-0.1304854042,0.3379157445,-0.01516242545,0.002637792114,0.999996521,0.002637792114,0.999996521,0,0,1.257462548,1.647675224,-1.397834951,1.228425552,-0.1185797999,0.2455324149,0.2203687529,-1.191810587,1.555563835,1.275893654,1.313615782,-0.1285792185,0.03105621618,-0.4764259649,-0.06444085666,0.0004133391544,0.1528375268,-0.2295655759,-0.3470563644,0.2505606352,0.1720613698,0.0518802318,-0.007679472851,0.09136248156,0.02147354853,-0.3049751501,-0.1229938764,0.2132088074,0.008436938375,0.009628363867,0.008436938375,0.002637795173,0.01860860331,0.1423622007,0.1423622007,0.00166091933
1.81,0.2455473395,-0.1306352703,0.3332613243,-0.014810348,0.002637792114,0.999996521,0.002637792114,0.999996521,0,0,1.256818139,1.647679357,-1.396306576,1.226129896,-0.1220503635,0.2480380213,0.2220893666,-1.191291785,1.55548704,1.276807279,1.313830518,-0.13162897,0.02982627741,-0.4742938768,-0.06482793304,0.0004091903909,0.1532267568,-0.226235742,-0.3433596126,0.2491284307,0.1679256351,0.05172116363,-0.007372125383,0.08889558737,0.0215978485,-0.3011772847,-0.1193202204,0.2114917458,0.008435660762,0.009616076142,0.008435660762,0.002637795173,0.01882089653,0.1424496397,0.1423622007,0.001656785939
1.82,0.2488565393,-0.1307816027,0.3285731059,-0.01445571394,0.002637792114,0.999996521,0.002637792114,0.999996521,0,0,1.25616986,1.647683449,-1.394774308,1.223867538,-0.1254839597,0.2505293056,0.2237686229,-1.190774573,1.555413319,1.277696235,1.314046496,-0.1346407428,0.02863307521,-0.4721789593,-0.06347358546,0.0004020477705,0.1511926412,-0.2223220817,-0.3386328752,0.2453254364,0.1654224856,0.05048950097,-0.00739172767,0.08756881905,0.02212569318,-0.2969775795,-0.1179590502,0.2082500074,0.008434375309,0.009604549278,0.008434375309,0.002637795173,0.01879703149,0.1427661702,0.1423622007,0.001652694035
1.83,0.2521186932,-0.1309243764,0.3238523556,-0.01409861904,0.002637792114,0.999996521,0.002637792114,0.999996521,0,0,1.255535124,1.64768747,-1.393262382,1.221644318,-0.1288702884,0.2529825599,0.2254228478,-1.190269678,1.555339402,1.278571923,1.314267753,-0.1376105186,0.02745348471,-0.4700964593,-0.0621048519,0.0003948567346,0.1491357244,-0.218375188,-0.3338572177,0.2414944885,0.1629124032,0.04925171344,-0.00740839668,0.08623479264,0.02265376324,-0.2927470908,-0.1165878845,0.20500075,0.008433117121,0.00959279736,0.008433117121,0.002637795173,0.01866324088,0.143185509,0.1423622007,0.001648673557
1.84,0.2553334823,-0.1310635672,0.3191003621,-0.01373916078,0.002637792114,0.999996521,0.002637792114,0.999996521,0,0,1.254914075,1.647691418,-1.391771025,1.219460566,-0.1322088606,0.2553975048,0.2270519718,-1.189777161,1.555265318,1.279434271,1.314494291,-0.1405379895,0.02628760586,-0.4680464518,-0.06072217433,0.0003876192567,0.1470566859,-0.2143962296,-0.3290341656,0.2376366662,0.1603959488,0.04800811235,-0.007422166939,0.08489385207,0.02318195653,-0.2884870088,-0.1152071095,0.2017446808,0.008431886466,0.009580825842,0.008431886466,0.002637795173,0.01842584571,0.1437012869,0.1423622007,0.00164472499
1.85,0.2585006007,-0.131199152,0.314318436,-0.01337743833,0.002637792114,0.999996521,0.002637792114,0.999996521,0,0,1.254306854,1.647695294,-1.390300458,1.217316603,-0.1354992023,0.2577738715,0.2286559313,-1.18929708,1.555191096,1.28028321,1.314726111,-0.1434228596,0.02513553477,-0.466029005,-0.05932600549,0.0003803373438,0.1449562221,-0.2103863991,-0.3241652812,0.2337530682,0.1578736868,0.04675901294,-0.00743307545,0.0835463461,0.02371017121,-0.2841985458,-0.1138171182,0.1984825104,0.008430683605,0.009568640156,0.008430683605,0.002637795173,0.0180911053,0.1443071982,0.1423622007,0.001640848797
1.86,0.2616197557,-0.1313311087,0.3095079106,-0.0130135525,0.002637792114,0.999996521,0.002637792114,0.999996521,0,0,1.253713594,1.647699098,-1.388850895,1.215212739,-0.1387408551,0.2601114022,0.2302346681,-1.18882949,1.555116766,1.281118673,1.314963212,-0.1462648451,0.02399736359,-0.4640441799,-0.06026343978,0.0003749877583,0.1461226583,-0.2070704935,-0.3207058681,0.2329800822,0.1531057752,0.04692702517,-0.006989932625,0.08065613462,0.02367089893,-0.2803830852,-0.1092625913,0.1972230016,0.00842950879,0.009556245695,0.00842950879,0.002637795173,0.01766521191,0.1449970064,0.1423622007,0.001637045424
1.87,0.2646906681,-0.1314594162,0.3046701411,-0.01264760585,0.002637792114,0.999996521,0.002637792114,0.999996521,0,0,1.253110959,1.647702848,-1.387389669,1.213142034,-0.1419479138,0.262441203,0.2317657259,-1.18836022,1.555046866,1.281925234,1.315199921,-0.1490686759,0.02290473767,-0.4620719498,-0.05894901329,0.0003677127683,0.1441375799,-0.2030376528,-0.3158261304,0.2291924621,0.150470599,0.04573184754,-0.006973547913,0.07922782574,0.02417229064,-0.2760617949,-0.1077136252,0.1940428298,0.008428314862,0.009544999119,0.008428314862,0.002637795173,0.01763779484,0.1456257885,0.1423622007,0.001633295546
1.88,0.2677130723,-0.1315840543,0.2998065053,-0.01227970256,0.002637792114,0.999996521,0.002637792114,0.999996521,0,0,1.252521469,1.647706525,-1.385948293,1.211111658,-0.1451061751,0.2647331276,0.2332704319,-1.187902901,1.554977131,1.282717513,1.315441644,-0.1518292939,0.02182760142,-0.4601315215,-0.05747639179,0.0003602766266,0.141928325,-0.198932528,-0.310814573,0.2251872169,0.1479708622,0.04444361707,-0.006982566008,0.07788964565,0.02470875602,-0.2716848495,-0.106353073,0.190733659,0.008427147308,0.009533618023,0.008427147308,0.002637795173,0.01763779484,0.1461510032,0.1423622007,0.001629618418
1.89,0.2706867166,-0.1317050041,0.2949184029,-0.01190994853,0.002637792114,0.999996521,0.002637792114,0.999996521,0,0,1.251946705,1.647710127,-1.38452901,1.209122333,-0.1482143208,0.2669849998,0.2347501405,-1.187458465,1.554907305,1.283496409,1.315688732,-0.1545461424,0.02076407069,-0.458224185,-0.05599194785,0.0003528042538,0.1396998574,-0.194801329,-0.3057629833,0.2211604043,0.1454678862,0.04315111441,-0.006989014812,0.07654640063,0.02524493988,-0.2672847204,-0.1049851039,0.1874210376,0.008426009302,0.009522023432,0.008426009302,0.002637795173,0.01763779484,0.1465818409,0.1423622007,0.001626015652
1.9,0.2736113635,-0.1318222475,0.2900072562,-0.01153845135,0.002637792114,0.999996521,0.002637792114,0.999996521,0,0,1.251386786,1.647713656,-1.383132011,1.207174319,-0.1512719506,0.2691966038,0.2362048194,-1.187026954,1.554837415,1.284261873,1.315941181,-0.1572189896,0.01971421965,-0.4563499746,-0.05449619947,0.0003452978357,0.1374529813,-0.1906453738,-0.3006731206,0.2171132391,0.142962242,0.04185468154,-0.006992939538,0.07519845741,0.02578073756,-0.2628627284,-0.1036101323,0.1841057062,0.008424901064,0.009510220264,0.008424901064,0.002637795173,0.01763779484,0.1469240695,0.1423622007,0.00162248761
1.91,0.2764867897,-0.1319357677,0.2850745096,-0.01116532027,0.002637792114,0.999996521,0.002637792114,0.999996521,0,0,1.250841824,1.647717109,-1.381757481,1.205267866,-0.1542786818,0.2713677362,0.2376344418,-1.186608407,1.554767486,1.285013858,1.316198988,-0.1598476169,0.01867811833,-0.4545089175,-0.05303899425,0.0003378005641,0.135257973,-0.186480616,-0.2955797085,0.2131118382,0.1404071985,0.04057672246,-0.006959527805,0.07385232222,0.02630379742,-0.2584652245,-0.1021568781,0.1808591724,0.008423822799,0.009498213392,0.008423822799,0.002637795173,0.01763779484,0.1471833706,0.1423622007,0.001619034631
1.92,0.2793127866,-0.1320455488,0.2801216298,-0.01079066624,0.002637792114,0.999996521,0.002637792114,0.999996521,0,0,1.250311434,1.647720487,-1.380404902,1.203403059,-0.1572344789,0.2734988546,0.2390385138,-1.18620264,1.55469789,1.285752381,1.316462026,-0.1624322691,0.01765654955,-0.4527003258,-0.05375613548,0.0003320880918,0.1361245353,-0.1829419486,-0.2919141116,0.2119665153,0.135755189,0.04027215673,-0.005379906656,0.07277447345,0.02628343613,-0.2560407353,-0.0975230671,0.1807447407,0.008422773711,0.009485505362,0.008422773711,0.002637795173,0.01763779484,0.1473622108,0.1423622007,0.001615656626
1.93,0.2820891602,-0.1321515763,0.2751501057,-0.01041460189,0.002637792114,0.999996521,0.002637792114,0.999996521,0,0,1.249773872,1.647723807,-1.379043656,1.20157364,-0.16015362,0.2756185197,0.2403960657,-1.185799918,1.554644091,1.286480126,1.316724861,-0.1649926765,0.01668131888,-0.4508928784,-0.0521898065,0.0003244589768,0.1337746367,-0.1787097165,-0.2867008987,0.2078133234,0.1332832176,0.03894741023,-0.005405340193,0.07141065772,0.02682670042,-0.2515221175,-0.09619057697,0.1773665285,0.008421709914,0.009476802746,0.008421709914,0.002637795173,0.01763779484,0.1473622108,0.1423622007,0.001612335745
1.94,0.2848157316,-0.1322538365,0.2701614487,-0.01003724154,0.002637792114,0.999996521,0.002637792114,0.999996521,0,0,1.249251974,1.647727052,-1.37770591,1.199786543,-0.163020629,0.277696653,0.2417288978,-1.185410444,1.554590038,1.287194232,1.316993128,-0.1675078976,0.01571941311,-0.4491192131,-0.0506141264,0.0003168047878,0.1314091207,-0.1744580318,-0.2814560574,0.2036445442,0.1308111226,0.03762010927,-0.005428558709,0.07004355491,0.02736926772,-0.2469871613,-0.09485288912,0.1739884667,0.008420677474,0.009467869335,0.008420677474,0.002637795173,0.01763779484,0.1473622108,0.1423622007,0.001609091155
1.95,0.2874923372,-0.1323523172,0.2651571921,-0.009658701184,0.002637792114,0.999996521,0.002637792114,0.999996521,0,0,1.248745833,1.64773022,-1.376391819,1.198041963,-0.1658351896,0.2797330984,0.2430370091,-1.185034243,1.554535752,1.287894668,1.31726682,-0.1699777692,0.01477088422,-0.4473793284,-0.04902967936,0.0003091278908,0.129028901,-0.1701883367,-0.276181544,0.1994615111,0.1283394834,0.0362906226,-0.005449608117,0.06867356004,0.02791102764,-0.2424373028,-0.09351043599,0.1706113397,0.00841967656,0.009458709807,0.00841967656,0.002637795173,0.01763779484,0.1473622108,0.1423622007,0.001605923107
1.96,0.2901188286,-0.132447007,0.2601388918,-0.009279098506,0.002637792114,0.999996521,0.002637792114,0.999996521,0,0,1.248255536,1.647733311,-1.37510153,1.196340079,-0.168597005,0.2817277135,0.2443204039,-1.184671337,1.554481256,1.288581403,1.317545931,-0.1724021423,0.01383577986,-0.445673215,-0.04753161092,0.0003015698606,0.1267018013,-0.1661624373,-0.2709393177,0.1954326947,0.1258445284,0.03503090855,-0.005451161644,0.06729045339,0.02824518963,-0.2378906593,-0.09203543121,0.1672099777,0.008418707329,0.009449328792,0.008418707329,0.002637795173,0.01763779484,0.1473622108,0.1423622007,0.001602831828
1.97,0.2926950734,-0.132537896,0.2551081257,-0.008898552877,0.002637792114,0.999996521,0.002637792114,0.999996521,0,0,1.24778022,1.647736327,-1.373834512,1.194678455,-0.1713063982,0.2836820405,0.2455788492,-1.184321028,1.554426745,1.289254308,1.317828383,-0.1747810489,0.01291542555,-0.4440011153,-0.04605517145,0.0002941216544,0.1243847312,-0.1622010076,-0.2656925845,0.1914432267,0.1233426009,0.03379065025,-0.005445899123,0.06590201088,0.02851779749,-0.233337174,-0.09051907995,0.1638024361,0.008417768026,0.009439786417,0.008417768026,0.002637795173,0.01765521297,0.1474205846,0.1423622007,0.001599816129
1.98,0.2952209549,-0.1326249753,0.2500664943,-0.008517185347,0.002637792114,0.999996521,0.002637792114,0.999996521,0,0,1.247319668,1.647739268,-1.372590664,1.193056445,-0.1739633241,0.2855964727,0.2468122752,-1.183983121,1.554372286,1.289913328,1.318113561,-0.1771144206,0.01201023475,-0.4423630909,-0.04526474615,0.0002871092347,0.1231353874,-0.158098631,-0.260932799,0.1882794632,0.1200809794,0.03317044715,-0.006135585717,0.06274187968,0.02886861684,-0.2277811782,-0.08824724749,0.160117893,0.008416858205,0.00943010238,0.008416858205,0.002637795173,0.01765906377,0.1475908923,0.1423622007,0.001596874913
1.99,0.2976963725,-0.1327082374,0.24501562,-0.008135118655,0.002637792114,0.999996521,0.002637792114,0.999996521,0,0,1.246867021,1.647742139,-1.371359311,1.191475458,-0.176572652,0.2874792674,0.248013085,-1.183651417,1.55431093,1.290540747,1.318402247,-0.1793922324,0.01112776227,-0.440761912,-0.04483848187,0.0002802767653,0.1224035667,-0.1540908465,-0.2564215615,0.1855873041,0.1164647364,0.03287284192,-0.007123529762,0.05877981166,0.02912340597,-0.2217806751,-0.08555464288,0.1562970495,0.008415964017,0.009417928476,0.008415964017,0.002637795173,0.01763779484,0.1477786852,0.1423622007,0.001594003821
2,0.300121242,-0.1327876758,0.2399571477,-0.007752477222,0.002637792114,0.999996521,0.002637792114,0.999996521,0,0,1.246418636,1.647744942,-1.370135275,1.18993455,-0.1791368677,0.2893351404,0.2491777324,-1.183322689,1.554239694,1.291128545,1.318693481,-0.1816100391,0.01027221584,-0.4391989415,-0.04316936043,0.0002724701875,0.1199041734,-0.1497185007,-0.2510017913,0.1812842845,0.1140451041,0.03149298366,-0.007100367813,0.05749386941,0.02969156614,-0.2172254834,-0.08425676305,0.1529561715,0.008415078107,0.009402251208,0.008415078107,0.002637795173,0.01763779484,0.1479375618,0.1423622007,0.001591201053
2.01,0.3024954957,-0.1328632854,0.2348927445,-0.007369387153,0.002637792114,0.999996521,0.002637792114,0.999996521,0,0,1.245986942,1.647747667,-1.368936233,1.188437365,-0.1816468856,0.2911479832,0.2503181834,-1.183007759,1.554168691,1.291703484,1.318990397,-0.183782294,0.009429648211,-0.4376693798,-0.04149493496,0.0002646557622,0.1173950688,-0.1453368606,-0.2455637517,0.1769751182,0.1116298173,0.03011332141,-0.007075471116,0.05620759718,0.03025821159,-0.2126646042,-0.08295678303,0.1496210219,0.008414225512,0.009386487089,0.008414225512,0.002637795173,0.01763779484,0.148088781,0.1423622007,0.001588476351
2.02,0.3048190827,-0.1329350625,0.2298240997,-0.006985976238,0.002637792114,0.999996521,0.002637792114,0.999996521,0,0,1.245571993,1.647750313,-1.367762282,1.186983996,-0.1841025231,0.2929177344,0.2514344816,-1.182706625,1.554097936,1.29226556,1.319292979,-0.18590894,0.008600080381,-0.4361731695,-0.03981588214,0.0002568361122,0.1148773227,-0.1409475518,-0.2401096734,0.1726613091,0.109219472,0.02873426816,-0.007048902162,0.05492139624,0.03082321813,-0.2080996033,-0.08165516427,0.1462924327,0.008413406322,0.009370640157,0.008413406322,0.002637795173,0.01763779484,0.1482323349,0.1423622007,0.001585829793
2.03,0.3070919693,-0.1330030043,0.2247529251,-0.006602373953,0.002637792114,0.999996521,0.002637792114,0.999996521,0,0,1.245173834,1.647752882,-1.366613509,1.185574521,-0.1865036198,0.2946443475,0.2525266763,-1.182419283,1.554027447,1.292814774,1.319601211,-0.187989936,0.007783528738,-0.4347102452,-0.03813288837,0.0002490138945,0.1123520207,-0.1365522221,-0.2346418192,0.1683443813,0.1068146709,0.02735624192,-0.007020724663,0.05363567285,0.03138646041,-0.2035320673,-0.08035237449,0.1429712446,0.008412620615,0.009354714352,0.008412620615,0.002637795173,0.01763779484,0.1483682185,0.1423622007,0.001583261432
2.04,0.3093141386,-0.1330671098,0.2196809544,-0.006218711455,0.002637792114,0.999996521,0.002637792114,0.999996521,0,0,1.244792505,1.647755372,-1.365489989,1.184208999,-0.188850038,0.2963277913,0.253594823,-1.18214572,1.55395724,1.29335113,1.319915075,-0.1900252567,0.006980004993,-0.4332805328,-0.03644664957,0.0002411918006,0.1098202635,-0.132152542,-0.2291624838,0.1640258786,0.1044160228,0.02597966581,-0.006991003472,0.05235083838,0.03194781186,-0.1989636036,-0.07904888757,0.1396583074,0.008411868455,0.009338713508,0.008411868455,0.002637795173,0.01763779484,0.1484964292,0.1423622007,0.001580771293
2.05,0.3114855915,-0.1331273788,0.214609944,-0.005835121588,0.002637792114,0.999996521,0.002637792114,0.999996521,0,0,1.244428039,1.647757784,-1.364391786,1.182887473,-0.1911416628,0.2979680501,0.2546389832,-1.181885924,1.55388733,1.293874639,1.320234554,-0.1920148928,0.006189516118,-0.4318839497,-0.0347578711,0.0002333725561,0.1072831673,-0.1277502035,-0.2236739928,0.1597073652,0.1020241436,0.02460496811,-0.006959804514,0.05106730929,0.0325071446,-0.1943958399,-0.07774518357,0.1363544806,0.008411149891,0.009322641358,0.008411149891,0.002637795173,0.01763779484,0.1486169672,0.1423622007,0.001578359375
2.06,0.3136063466,-0.1331838129,0.2095416721,-0.00545173888,0.002637792114,0.999996521,0.002637792114,0.999996521,0,0,1.24408046,1.647760117,-1.363318955,1.181609971,-0.1933784028,0.2995651238,0.2556592247,-1.181639874,1.553817732,1.294385312,1.320559625,-0.1939588511,0.005412064282,-0.4305204049,-0.0343465718,0.0002276312546,0.10657358,-0.1236975785,-0.2191660903,0.1570257448,0.09839803438,0.02378394354,-0.006042613605,0.04993965503,0.03273049894,-0.1909669423,-0.07458770583,0.1348076547,0.008410464962,0.009306501524,0.008410464962,0.002637795173,0.01763779484,0.1487298352,0.1423622007,0.00157602565
2.07,0.3156764401,-0.1332364147,0.2044779395,-0.005068699542,0.002637792114,0.999996521,0.002637792114,0.999996521,0,0,1.243736994,1.647762394,-1.362253219,1.180372995,-0.1955700637,0.3011353812,0.256643205,-1.181402035,1.553757305,1.294884708,1.32088693,-0.1958685206,0.004666187224,-0.4291723283,-0.0330789987,0.0002205123842,0.1046377652,-0.1194119323,-0.2139962388,0.1532541204,0.09560987634,0.02259677903,-0.005715733089,0.04871134356,0.03317465111,-0.1867814374,-0.07267140611,0.1321031305,0.008409788015,0.009293215934,0.008409788015,0.002637795173,0.01763779484,0.1491416201,0.1423622007,0.001573749337
2.08,0.3176959266,-0.1332851885,0.1994205693,-0.004686141472,0.002637792114,0.999996521,0.002637792114,0.999996521,0,0,1.243406204,1.647764599,-1.361206841,1.179178876,-0.1977100261,0.3026679224,0.2575993038,-1.181176067,1.553700148,1.295371822,1.321218676,-0.1977363349,0.003939473163,-0.427851297,-0.03134473024,0.0002126493546,0.1020323458,-0.1150010088,-0.2084644497,0.1488911967,0.09328296946,0.02121183257,-0.005710018989,0.04742942672,0.03373807911,-0.1821873694,-0.07143218476,0.128773546,0.00840913623,0.009280836346,0.00840913623,0.002637795173,0.01763779484,0.1496275231,0.1423622007,0.001571544213
2.09,0.3196648789,-0.1333301396,0.1943714065,-0.004304204248,0.002637792114,0.999996521,0.002637792114,0.999996521,0,0,1.243092757,1.647766725,-1.360186518,1.178028866,-0.1997946706,0.3041568344,0.2585321335,-1.180963948,1.553643048,1.295846116,1.321556057,-0.1995582086,0.003225151315,-0.4265635616,-0.02961083908,0.0002048005457,0.09942598519,-0.1105943125,-0.2029326859,0.1445347265,0.09096537313,0.01983058811,-0.005703038682,0.04615049432,0.03429897371,-0.1776008767,-0.07019454156,0.1254567446,0.008408518964,0.009268302284,0.008408518964,0.002637795173,0.01763779484,0.1500759709,0.1423622007,0.00156941772
2.1,0.3215833883,-0.1333712751,0.1893323189,-0.003923029138,0.002637792114,0.999996521,0.002637792114,0.999996521,0,0,1.242796649,1.647768773,-1.359192258,1.176922923,-0.2018239974,0.3056021817,0.2594417872,-1.180765643,1.553586018,1.296307621,1.321899047,-0.2013342174,0.0025232059,-0.4253089941,-0.02787809395,0.0001969688808,0.09681990608,-0.1061936516,-0.1974034522,0.1401863964,0.08865772309,0.01845350673,-0.005694851667,0.044874993,0.03485719351,-0.1730237,-0.06895896701,0.1221536601,0.008407936196,0.009255617108,0.008407936196,0.002637795173,0.01763779484,0.1504903567,0.1423622007,0.001567369714
2.11,0.3234515651,-0.1334086032,0.184305196,-0.003542759089,0.002637792114,0.999996521,0.002637792114,0.999996521,0,0,1.242517868,1.647770743,-1.358224059,1.175860986,-0.2037980319,0.3070040456,0.2603283644,-1.180581108,1.553529069,1.296756371,1.322247619,-0.2030644544,0.001833616229,-0.4240874575,-0.0261472722,0.0001891573175,0.09421534455,-0.1018008552,-0.1918792814,0.1358479126,0.08636066353,0.01708105515,-0.005685517908,0.0436033748,0.03541259517,-0.1684576007,-0.06772595729,0.1188652388,0.008407387893,0.009242784096,0.008407387893,0.002637795173,0.01763779484,0.1508739383,0.1423622007,0.001565400026
2.12,0.3252695385,-0.1334421338,0.1792919499,-0.003163538737,0.002637792114,0.999996521,0.002637792114,0.999996521,0,0,1.242256395,1.647772635,-1.357281905,1.174842978,-0.2057168248,0.3083625247,0.2611919711,-1.180410297,1.553472214,1.297192405,1.322601745,-0.2047490304,0.001156356657,-0.4228988051,-0.02441915959,0.0001813688483,0.09161354977,-0.09741777287,-0.1863627338,0.1315210009,0.08407484748,0.01571370588,-0.005675097758,0.04233609722,0.03596503327,-0.1639043607,-0.06649601422,0.1155924398,0.008406874007,0.00922980645,0.008406874007,0.002637795173,0.01763779484,0.151229837,0.1423622007,0.001563508452
2.13,0.3270374568,-0.133471878,0.174294515,-0.002785514398,0.002637792114,0.999996521,0.002637792114,0.999996521,0,0,1.242012204,1.647774448,-1.35636577,1.1738688,-0.2075804521,0.3096777348,0.2620327195,-1.18025316,1.553415463,1.297615766,1.322961395,-0.206388074,0.0004913965143,-0.4217428807,-0.0226945501,0.0001736065003,0.08901578364,-0.0930462745,-0.1808563957,0.1272074069,0.08180093712,0.01435193726,-0.005663651869,0.04107362327,0.03651436027,-0.159365782,-0.06526964524,0.1123362352,0.008406394474,0.009216687287,0.008406394474,0.002637795173,0.01763779484,0.1515610368,0.1423622007,0.001561694764
2.14,0.328755488,-0.1334978485,0.1693148479,-0.002408834076,0.002637792114,0.999996521,0.002637792114,0.999996521,0,0,1.241785258,1.647776184,-1.355475612,1.172938337,-0.2093890161,0.3109498088,0.2628507289,-1.180109641,1.553358826,1.298026502,1.323326539,-0.2079817318,-0.0001612999382,-0.4206195184,-0.02097424578,0.0001658733352,0.08642332036,-0.08868824985,-0.1753628795,0.1229088954,0.07953960411,0.01299623358,-0.005651241107,0.03981642151,0.03706042633,-0.1548436872,-0.06404736334,0.1090976109,0.008405949215,0.009203429645,0.008405949215,0.002637795173,0.01763779484,0.1518703837,0.1423622007,0.001559958699
2.15,0.3304238196,-0.1335200596,0.1643549273,-0.002033647457,0.002637792114,0.999996521,0.002637792114,0.999996521,0,0,1.241575516,1.647777843,-1.354611379,1.172051455,-0.2111426448,0.3121788978,0.263646125,-1.179979678,1.553302314,1.298424666,1.323697143,-0.2095301687,-0.0008017735715,-0.4195285423,-0.01962641069,0.0001587597894,0.08436748011,-0.08444222151,-0.1701867507,0.1190898622,0.07693295088,0.01185417217,-0.005567301037,0.0383339924,0.03750526454,-0.1504132366,-0.06233662218,0.1061536766,0.008405538136,0.009190036481,0.008405538136,0.002637795173,0.01763779484,0.1521605856,0.1423622007,0.001558299966
2.16,0.332042659,-0.133538527,0.1594167544,-0.001660105914,0.002637792114,0.999996521,0.002637792114,0.999996521,0,0,1.241379251,1.647779431,-1.353767704,1.171207033,-0.2128445124,0.3133697964,0.2644154545,-1.179861136,1.553246641,1.298808006,1.324072196,-0.2110343011,-0.001425139793,-0.4184670055,-0.01889089071,0.0001526510716,0.08319470564,-0.08037306401,-0.1655275882,0.1160531425,0.07374831295,0.01106094794,-0.005365900988,0.03647661062,0.03778504933,-0.1461239014,-0.05981725512,0.1036850905,0.008405153762,0.009176734189,0.008405153762,0.002637795173,0.01756578857,0.152362206,0.1423622007,0.001556712368
2.17,0.3336122339,-0.1335532678,0.1545023526,-0.0012883625,0.002637792114,0.999996521,0.002637792114,0.999996521,0,0,1.241190343,1.647780957,-1.352935757,1.170403302,-0.2144997882,0.3145303278,0.2651529376,-1.179750527,1.553192982,1.299172772,1.324450046,-0.2124955401,-0.002023312345,-0.4174301546,-0.01714657313,0.0001449572134,0.08056586129,-0.07605608555,-0.160054586,0.1117580212,0.07156962149,0.009702779251,-0.005358961073,0.03526447677,0.03833151732,-0.1416539447,-0.05866664163,0.1004738189,0.008404783809,0.009163894488,0.008404783809,0.002637795173,0.01730630565,0.152362206,0.1423622007,0.001555185857
2.18,0.3351327921,-0.1335643007,0.1496137675,-0.0009185719576,0.002637792114,0.999996521,0.002637792114,0.999996521,0,0,1.241018877,1.647782407,-1.352130098,1.169642741,-0.2161003341,0.315647908,0.2658686338,-1.179653499,1.553139392,1.299525417,1.324833361,-0.2139120795,-0.002609978761,-0.4164254164,-0.01541003982,0.0001373054982,0.07794764658,-0.07176033481,-0.1546049724,0.1074854651,0.06940612996,0.008352812849,-0.005351286256,0.03405937131,0.03887406455,-0.1372080644,-0.05752187717,0.09728437192,0.008404448503,0.009150902135,0.008404448503,0.002637795173,0.017058673,0.152362206,0.1423622007,0.001553736285
2.19,0.3366046022,-0.1335716462,0.144753067,-0.0005508907095,0.002637792114,0.999996521,0.002637792114,0.999996521,0,0,1.240864776,1.64778378,-1.351350622,1.168925138,-0.2176463838,0.3167227627,0.2665626951,-1.179569971,1.553085879,1.299866011,1.325222102,-0.2152841602,-0.003185197533,-0.4154525727,-0.01368215032,0.0001296991894,0.07534143147,-0.06748780639,-0.1491815144,0.1032373612,0.06725854159,0.007011573213,-0.005342931753,0.03286178207,0.03941252194,-0.132788184,-0.05638348043,0.0941178251,0.008404147685,0.009137759837,0.008404147685,0.002637795173,0.0168207342,0.152362206,0.1423622007,0.00155236323
2.2,0.3380279534,-0.1335753261,0.1399223412,-0.0001854768651,0.002637792114,0.999996521,0.002637792114,0.999996521,0,0,1.240727955,1.647785077,-1.350597208,1.16825026,-0.219138199,0.3177551363,0.2672352805,-1.179499855,1.55303245,1.300194628,1.325616227,-0.216612042,-0.003749032337,-0.4145113944,-0.0119637713,0.0001221415853,0.07274859608,-0.06324051336,-0.1437870007,0.09901561515,0.06512757103,0.005679591346,-0.00533395244,0.03167220257,0.03994671753,-0.1283962473,-0.05525197513,0.09097527074,0.008403881175,0.009124470246,0.008403881175,0.002637795173,0.01659046925,0.152362206,0.1423622007,0.001551066238
2.21,0.339403156,-0.1335753639,0.1351237028,0.0001775097826,0.002637792114,0.999996521,0.002637792114,0.999996521,0,0,1.240608317,1.647786298,-1.349869722,1.167617854,-0.220576069,0.3187452925,0.2678865562,-1.179443059,1.552979111,1.30051135,1.326015694,-0.2178960045,-0.004301552088,-0.4136016417,-0.01025577629,0.000114636019,0.07017053028,-0.05902048699,-0.1384242412,0.09482215184,0.06301394474,0.004357404869,-0.005324402776,0.03049113206,0.04047647629,-0.1240342179,-0.05412788993,0.08785781818,0.008403648781,0.009111035951,0.008403648781,0.002637795173,0.01636599352,0.152362206,0.1423622007,0.001549844822
2.22,0.3407305415,-0.1335717845,0.1303592862,0.000537907756,0.002637792114,0.999996521,0.002637792114,0.999996521,0,0,1.240505759,1.647787445,-1.349168016,1.16702765,-0.2219603114,0.319693514,0.2685166957,-1.179399485,1.552925867,1.300816262,1.326420459,-0.2191363467,-0.004842830988,-0.4127230636,-0.008559045545,0.0001071858589,0.06760863326,-0.05482977647,-0.1330960659,0.09065891487,0.06091840135,0.003045558102,-0.005314336714,0.02931907556,0.0410016201,-0.1197040794,-0.05301175843,0.08476659429,0.008403450292,0.009097459484,0.008403450292,0.002637795173,0.01614555647,0.152362206,0.1423622007,0.001548698462
2.23,0.342010463,-0.1335646149,0.1256312487,0.0008955538933,0.002637792114,0.999996521,0.002637792114,0.999996521,0,0,1.240420169,1.647788517,-1.34849193,1.166479352,-0.223291272,0.3206001031,0.2691258797,-1.17936903,1.552872723,1.301109452,1.326830475,-0.2203333875,-0.005372948572,-0.4118753976,-0.006874465782,9.979450815e-05,0.06506431309,-0.05067044866,-0.1278053244,0.08652786661,0.05884169202,0.001744602151,-0.005303807616,0.02815654391,0.04152196758,-0.1154078357,-0.05190411907,0.08170274393,0.008403285481,0.009083743324,0.008403285481,0.002637795173,0.01592754015,0.152362206,0.1423622007,0.001547626603
2.24,0.343243295,-0.1335538832,0.1209417692,0.001250283348,0.002637792114,0.999996521,0.002637792114,0.999996521,0,0,1.240351424,1.647789514,-1.347841287,1.165972647,-0.2245693253,0.3214653818,0.2697142966,-1.179351584,1.552819685,1.301391018,1.327245695,-0.2214874658,-0.005891989763,-0.4110583702,-0.005202930046,9.246540478e-05,0.06253898636,-0.04654458782,-0.1225548851,0.08243098805,0.05678458081,0.0004550949871,-0.005292868165,0.02700405382,0.04203733406,-0.1111475102,-0.0508055151,0.07866743043,0.008403154104,0.009069889894,0.008403154104,0.002637795173,0.01571045747,0.152362206,0.1423622007,0.001546628658
2.25,0.3444294342,-0.1335396195,0.1162930495,0.00160192959,0.002637792114,0.999996521,0.002637792114,0.999996521,0,0,1.240299395,1.647790439,-1.347215897,1.165507201,-0.2257948741,0.3222896917,0.2702821424,-1.179347033,1.552766756,1.301661058,1.327666068,-0.2225989409,-0.006400044914,-0.4102716959,-0.00354533748,8.520202188e-05,0.06003407772,-0.04245429532,-0.1173476345,0.07837027873,0.054747845,-0.000822398463,-0.005281570288,0.02586212791,0.04254753138,-0.1069251465,-0.04971649454,0.07566183606,0.008403055899,0.009055901568,0.008403055899,0.002637795173,0.01549295019,0.152362206,0.1423622007,0.001545704004
2.26,0.3455692993,-0.1335218554,0.1116873133,0.001950324404,0.002637792114,0.999996521,0.002637792114,0.999996521,0,0,1.240263942,1.647791291,-1.346615556,1.165082659,-0.2269683505,0.3230733945,0.2708296209,-1.179355257,1.552713941,1.30191968,1.328091544,-0.2236681924,-0.006897209859,-0.4095150775,-0.001902593149,7.80078675e-05,0.05755101951,-0.03840168944,-0.1121864766,0.07434775658,0.05273227548,-0.002087306239,-0.005269965063,0.02473129474,0.0430523679,-0.1027428079,-0.04863761014,0.07268716245,0.008402990588,0.009041780671,0.008402990588,0.002637795173,0.01527378677,0.152362206,0.1423622007,0.001544851984
2.27,0.3466633313,-0.1335006244,0.1071268066,0.002295297891,0.002637792114,0.999996521,0.002637792114,0.999996521,0,0,1.240244916,1.647792071,-1.346040046,1.164698642,-0.2280902152,0.323816872,0.2713569436,-1.17937613,1.552661241,1.302166993,1.328522067,-0.2246956205,-0.00738358596,-0.4087882059,-0.0002756078402,7.088648455e-05,0.0550912513,-0.03438890502,-0.1070743321,0.07036545787,0.05073867711,-0.003339049264,-0.005258102641,0.02361208886,0.0435516483,-0.09860257769,-0.04756941928,0.06974463112,0.008402957875,0.009027529485,0.008402957875,0.002637795173,0.01505185993,0.152362206,0.1423622007,0.001544071905
2.28,0.3477119937,-0.1334759614,0.1026137977,0.002636678467,0.002637792114,0.999996521,0.002637792114,0.999996521,0,0,1.24024216,1.64779278,-1.345489134,1.164354753,-0.2291609586,0.3245205266,0.2718643304,-1.17940952,1.55260866,1.302403114,1.328957584,-0.2256816462,-0.007859280153,-0.4080907596,0.001334702122,6.384145097e-05,0.05265621954,-0.03041809328,-0.1020141374,0.06642543708,0.04876786904,-0.00457704126,-0.005246032162,0.02250505084,0.04404517357,-0.09450655865,-0.04651248398,0.06683548387,0.008402957448,0.009013150246,0.008402957448,0.002637795173,0.01482618399,0.152362206,0.1423622007,0.00154336304
2.29,0.3487157732,-0.1334479034,0.09815057723,0.002974292863,0.002637792114,0.999996521,0.002637792114,0.999996521,0,0,1.240255507,1.647793419,-1.344962571,1.164050572,-0.2301810999,0.325184781,0.2723520091,-1.179455291,1.5525562,1.302628164,1.329398036,-0.2266267118,-0.008324404993,-0.4074224047,0.002400532505,5.729246022e-05,0.05101067559,-0.0266226945,-0.09746505927,0.06318352956,0.04630356664,-0.005508794163,-0.005132611055,0.02108237028,0.04439035824,-0.09056040842,-0.04475995534,0.06434278905,0.008402988976,0.008998645154,0.008402988976,0.002637795173,0.01459589199,0.152362206,0.1423622007,0.001542724626
2.3,0.349675179,-0.1334164887,0.09373945804,0.003307966128,0.002637792114,0.999996521,0.002637792114,0.999996521,0,0,1.240279512,1.647793991,-1.344452465,1.163784345,-0.2311557505,0.3258166163,0.2728150448,-1.179510379,1.552504874,1.302838988,1.329841939,-0.2275323159,-0.008772004546,-0.4067789768,0.003709856806,5.062026627e-05,0.04901273054,-0.02280815245,-0.09274612695,0.05966293242,0.04412095227,-0.006570630186,-0.00506946053,0.01983609491,0.04480023635,-0.08661141679,-0.04337133619,0.06169619333,0.008403041517,0.008984336009,0.008403041517,0.002637795173,0.01447077236,0.152426183,0.1423622007,0.001542151701
2.31,0.3505907438,-0.1333817578,0.08938277523,0.003637521625,0.002637792114,0.999996521,0.002637792114,0.999996521,0,0,1.240316611,1.647794498,-1.343962337,1.163556263,-0.2320832118,0.3264132456,0.2732562543,-1.179576085,1.552454179,1.303037349,1.330289942,-0.2283984301,-0.009205717908,-0.4061620149,0.005302195804,4.379653349e-05,0.04660557229,-0.0189667177,-0.08782589365,0.05581557114,0.04226055544,-0.007784443835,-0.005064351614,0.01879210262,0.04528549229,-0.08265367605,-0.04240171381,0.05886765967,0.008403119973,0.008970065752,0.008403119973,0.002637795173,0.01440131048,0.152516269,0.1423622007,0.001541645499
2.32,0.3514630238,-0.1333437526,0.08508288621,0.003962781032,0.002637792114,0.999996521,0.002637792114,0.999996521,0,0,1.240369633,1.647794936,-1.343496282,1.163366596,-0.2329614707,0.3269714013,0.2736788598,-1.179653929,1.552403536,1.30322527,1.330742797,-0.2292249668,-0.009629735046,-0.4055733383,0.006873649753,3.706420733e-05,0.0442296797,-0.01517612927,-0.08296987226,0.05201949619,0.04042589533,-0.008981806051,-0.005059128993,0.01776218426,0.04576402801,-0.0787488631,-0.04144495985,0.0560780489,0.00840323004,0.008955652935,0.00840323004,0.002637795173,0.01432530014,0.1525939666,0.1423622007,0.001541207533
2.33,0.3522925987,-0.1333025171,0.0808421706,0.004283564344,0.002637792114,0.999996521,0.002637792114,0.999996521,0,0,1.240438369,1.647795306,-1.343053985,1.163214835,-0.2337911695,0.3274915963,0.2740831188,-1.179743748,1.552352944,1.303402892,1.331200437,-0.2300124555,-0.01004418464,-0.4050125578,0.008423254532,3.042705676e-05,0.04188656856,-0.01143862517,-0.07818110301,0.04827688026,0.03861784433,-0.01016208289,-0.005053830125,0.01674689949,0.04623561732,-0.07489918062,-0.04050163268,0.05332872677,0.008403371306,0.008941099932,0.008403371306,0.002637795173,0.01424282908,0.1526589291,0.1423622007,0.001540836891
2.34,0.3530800724,-0.1332580969,0.07666303033,0.00459968987,0.002637792114,0.999996521,0.002637792114,0.999996521,0,0,1.240522602,1.647795611,-1.342635119,1.163100448,-0.2345729805,0.3279743651,0.2744692972,-1.179845368,1.552302406,1.303570361,1.331662793,-0.2307614473,-0.01044920097,-0.4044792706,0.009950041453,2.388888591e-05,0.03957775901,-0.007756458162,-0.07346263764,0.04458991381,0.03683729108,-0.01132463262,-0.005048491009,0.01574681408,0.04670002973,-0.07110685096,-0.03957229472,0.05062108203,0.008403543339,0.008926409116,0.008403543339,0.002637795173,0.01415398862,0.152710914,0.1423622007,0.001540532621
2.35,0.3538260727,-0.1332105394,0.0725478896,0.004910974238,0.002637792114,0.999996521,0.002637792114,0.999996521,0,0,1.240622102,1.647795849,-1.342239342,1.163022884,-0.2353076069,0.3284202642,0.2748376701,-1.179958615,1.552251921,1.303727829,1.332129793,-0.2314725158,-0.01084492392,-0.4039730597,0.01145303743,1.7453534e-05,0.03730477526,-0.004131895579,-0.06881753873,0.04096080491,0.03508514074,-0.01246880559,-0.005043146117,0.01476249993,0.04715703042,-0.06737411606,-0.03865751232,0.04795652679,0.008403745689,0.00891158286,0.008403745689,0.002637795173,0.01405887376,0.1527497793,0.1423622007,0.001540293732
2.36,0.3545312517,-0.1331598941,0.06849919484,0.005217232387,0.002637792114,0.999996521,0.002637792114,0.999996521,0,0,1.240736632,1.647796024,-1.341866294,1.162981565,-0.2359957823,0.3288298723,0.2751885215,-1.180083303,1.55220149,1.303875454,1.332601364,-0.232146257,-0.01123149904,-0.4034934945,0.01293126516,1.112487529e-05,0.03506914517,-0.0005672190643,-0.06424887904,0.03739177926,0.03336231528,-0.01359394423,-0.005037828326,0.01379453509,0.04760638007,-0.06370323743,-0.03775785577,0.0453364969,0.008403977889,0.008896623543,0.008403977889,0.002637795173,0.01395758317,0.1527754785,0.1423622007,0.001540119197
2.37,0.3551962863,-0.1331062122,0.06451941479,0.005518277575,0.002637792114,0.999996521,0.002637792114,0.999996521,0,0,1.240865945,1.647796135,-1.341515602,1.162975893,-0.236638271,0.32920379,0.2755221447,-1.180219242,1.552151111,1.304013399,1.333077427,-0.2327832893,-0.0116090776,-0.4030401295,0.01438374324,4.906819284e-06,0.0328723999,0.002935275634,-0.05975974098,0.03388507996,0.03166975383,-0.01469938293,-0.005032568853,0.01284350383,0.04804783485,-0.06009649617,-0.03687389922,0.04276245234,0.008404239449,0.008881533552,0.008404239449,0.002637795173,0.01385021922,0.1527880568,0.1423622007,0.001540007948
2.38,0.355821878,-0.1330495466,0.06061104042,0.005813921374,0.002637792114,0.999996521,0.002637792114,0.999996521,0,0,1.241009782,1.647796184,-1.341186878,1.163005246,-0.2372358685,0.3295426408,0.2758388422,-1.180366236,1.552100786,1.304141834,1.333557906,-0.2333842543,-0.01197781659,-0.402612505,0.01580948638,-1.196689614e-06,0.03071607364,0.006373278874,-0.05535321594,0.03044296755,0.0300084129,-0.015784448,-0.005027397192,0.01190999663,0.04848114631,-0.05655619285,-0.03600622068,0.04023587758,0.008404529864,0.00886631529,0.008404529864,0.002637795173,0.01373688808,0.152787646,0.1423622007,0.00153995888
2.39,0.3564087535,-0.1329899524,0.05677658499,0.006103973673,0.002637792114,0.999996521,0.002637792114,0.999996521,0,0,1.241167877,1.647796172,-1.340879718,1.163068978,-0.2377894006,0.3298470705,0.2761389264,-1.18052408,1.552050512,1.304260934,1.334042717,-0.2339498162,-0.0123378788,-0.4022101462,0.01720750549,-7.181671635e-06,0.02860170318,0.009744467325,-0.05103240378,0.02706771985,0.02837926669,-0.01684845761,-0.005022341054,0.01099461023,0.04890606134,-0.05308464755,-0.03515540193,0.03775828187,0.008404848608,0.008850971182,0.008404848608,0.002637795173,0.01361769965,0.15277446,0.1423622007,0.001539970846
2.4,0.3569576646,-0.1329274864,0.05301858403,0.006388242675,0.002637792114,0.999996521,0.002637792114,0.999996521,0,0,1.241339952,1.6477961,-1.340593701,1.163166423,-0.2382997247,0.3301177477,0.276422719,-1.180692565,1.552000288,1.30437088,1.334531778,-0.2344806627,-0.01268943282,-0.4018325634,0.01857680788,-1.304411217e-05,0.0265308277,0.01304650416,-0.0468004123,0.02376163189,0.02678330734,-0.01789072169,-0.005017426309,0.01009794767,0.04932232204,-0.04968419981,-0.03432202852,0.03533119964,0.008405195135,0.008835503676,0.008405195135,0.002637795173,0.01349276769,0.1527487892,0.1423622007,0.001540042663
2.41,0.3574693885,-0.1328622074,0.04933959532,0.0066665349,0.002637792114,0.999996521,0.002637792114,0.999996521,0,0,1.24152572,1.64779597,-1.340328392,1.163296888,-0.2387677288,0.330355364,0.2766905521,-1.180871472,1.551950114,1.30447186,1.335025001,-0.2349775047,-0.0130326531,-0.4014792514,0.01991639732,-1.877996127e-05,0.02450498842,0.01627703922,-0.0426603567,0.02052701589,0.02522154514,-0.01891054194,-0.005012676936,0.009220618285,0.04972966574,-0.04635720862,-0.03350668971,0.03295619075,0.008405568881,0.00881991525,0.008405568881,0.002637795173,0.01336220979,0.1527109959,0.1423622007,0.001540173104
2.42,0.3579447284,-0.1327941763,0.04574219891,0.006938655184,0.002637792114,0.999996521,0.002637792114,0.999996521,0,0,1.241724884,1.647795782,-1.340083342,1.163459658,-0.2391943323,0.3305606342,0.2769427676,-1.181060578,1.551899987,1.304564066,1.335522298,-0.2354410768,-0.01336772,-0.4011496895,0.02122527425,-2.438513413e-05,0.02252572835,0.01943370923,-0.03861535915,0.01736620112,0.0236950088,-0.0199072117,-0.005008114964,0.008363237749,0.05012782486,-0.04310605234,-0.03270997848,0.0306348408,0.008405969261,0.008804208421,0.008405969261,0.002637795173,0.01322614745,0.1526615086,0.1423622007,0.001540360904
2.43,0.3583845132,-0.1327234556,0.04222899714,0.007204406676,0.002637792114,0.999996521,0.002637792114,0.999996521,0,0,1.241937137,1.647795538,-1.339858085,1.163653995,-0.2395804859,0.3307342962,0.2771797176,-1.18125965,1.551849906,1.304647698,1.336023576,-0.2358721373,-0.01369481979,-0.4008433411,0.02250243582,-2.985551064e-05,0.02059459203,0.02251413791,-0.03466854831,0.01428153385,0.02220474564,-0.02088001597,-0.005003760433,0.007526428102,0.05051652688,-0.03993312877,-0.03193249143,0.02836876141,0.008406395673,0.008788385745,0.008406395673,0.002637795173,0.01308470605,0.1526008167,0.1423622007,0.001540604755
2.44,0.3587895978,-0.13265011,0.03880261459,0.007463590843,0.002637792114,0.999996521,0.002637792114,0.999996521,0,0,1.242162162,1.64779524,-1.339652139,1.163879137,-0.2399271714,0.3308771115,0.2774017651,-1.18146845,1.551799868,1.304722963,1.336528741,-0.2362714686,-0.0140141447,-0.4005596535,0.02374687603,-3.518693559e-05,0.01871312529,0.02551593614,-0.03082305892,0.01127537735,0.02075182179,-0.02182823131,-0.004999631342,0.00671081776,0.05089549432,-0.03684085503,-0.0311748288,0.02615959043,0.008406847491,0.008772449826,0.008406847491,0.002637795173,0.01293801497,0.1525294647,0.1423622007,0.00154090331
2.45,0.3591608637,-0.1325742063,0.03546569812,0.007716007467,0.002637792114,0.999996521,0.002637792114,0.999996521,0,0,1.24239963,1.647794888,-1.339465008,1.164134296,-0.240235402,0.3309898653,0.2776092833,-1.181686732,1.551749872,1.304790071,1.337037696,-0.2366398771,-0.01432589299,-0.4002980576,0.02494608682,-4.035525409e-05,0.01689313902,0.02840603349,-0.0270920635,0.00836959068,0.01933334922,-0.0227435071,-0.004994074389,0.005915823696,0.05124244308,-0.03383363606,-0.03042409231,0.02400529124,0.008407324073,0.008756403322,0.008407324073,0.002637795173,0.01278620754,0.1524480467,0.1423622007,0.00154125518
2.46,0.3594992189,-0.1324958131,0.03222091685,0.007961454646,0.002637792114,0.999996521,0.002637792114,0.999996521,0,0,1.242649091,1.647794484,-1.339296077,1.164418357,-0.2405063226,0.3310735612,0.2778026168,-1.181914167,1.551699931,1.304849229,1.337550121,-0.2369782135,-0.01463013391,-0.4000580046,0.02591150263,-4.503079345e-05,0.01530379452,0.03068189072,-0.02364259974,0.00588420253,0.01788553685,-0.02350093782,-0.004959921551,0.005122234857,0.05119850643,-0.03094602718,-0.02946085297,0.02184715142,0.008407824525,0.008740254292,0.008407824525,0.002637795173,0.01263779495,0.1523588379,0.1423622007,0.001541658732
2.47,0.3598055981,-0.1324150011,0.02907096217,0.008199728792,0.002637792114,0.999996521,0.002637792114,0.999996521,0,0,1.242908206,1.647794034,-1.339143039,1.164725175,-0.2407427486,0.3311324033,0.2779814722,-1.182149177,1.551650332,1.304900451,1.338062106,-0.2372876738,-0.01492474244,-0.3998395331,0.02704508211,-4.990889535e-05,0.01358689727,0.03341581473,-0.02012618946,0.003139022198,0.01654876731,-0.02436674203,-0.00495567052,0.004373374654,0.05153435151,-0.02811152245,-0.02875884691,0.01981659699,0.008408344171,0.008723709017,0.008408344171,0.002637795173,0.01263779495,0.1522968136,0.1423622007,0.00154210904
2.48,0.3600809632,-0.1323318431,0.02601854775,0.008430624636,0.002637792114,0.999996521,0.002637792114,0.999996521,0,0,1.243178657,1.647793535,-1.33900717,1.165059334,-0.2409440105,0.3311637935,0.2781469599,-1.182392844,1.551600775,1.304944185,1.338577449,-0.237568789,-0.01521233091,-0.3996413672,0.02814211505,-5.463143089e-05,0.01192561405,0.03606201535,-0.01672343717,0.0004816038099,0.01525389169,-0.02520510861,-0.00495171952,0.00364831337,0.05185967906,-0.02536749176,-0.02807932963,0.01784985112,0.008408886396,0.008706077472,0.008408886396,0.002637795173,0.01263779495,0.1522381436,0.1423622007,0.001542608129
2.49,0.3603263033,-0.1322464139,0.0230664095,0.008653935221,0.002637792114,0.999996521,0.002637792114,0.999996521,0,0,1.243460078,1.647792989,-1.338887913,1.165419954,-0.2411112449,0.3311686095,0.2782994988,-1.182644895,1.551551258,1.304980668,1.339096046,-0.2378224639,-0.01549312421,-0.3994628686,0.02920815581,-5.92223516e-05,0.01031165832,0.03863387224,-0.01341733226,-0.002101452688,0.01399432771,-0.02602033448,-0.004948073339,0.002943387788,0.05217624539,-0.02270013008,-0.02741893019,0.01593692283,0.008409450482,0.008688315278,0.008409450482,0.002637795173,0.01263779495,0.1521822451,0.1423622007,0.001543154443
2.5,0.3605424562,-0.1321587767,0.02014454431,0.00887503318,0.002637792114,0.999996521,0.002637792114,0.999996521,0,0,1.24375216,1.647792396,-1.338784797,1.165806292,-0.2412454182,0.331147595,0.278439442,-1.182905099,1.551501778,1.305010102,1.339617808,-0.2380494652,-0.01576731351,-0.3993034994,0.03030188105,-6.393431593e-05,0.00865725189,0.04127268244,-0.01002778634,-0.004751658138,0.01270079471,-0.02685764705,-0.004944715312,0.002219948754,0.0525023809,-0.01996362669,-0.0267419561,0.01397261325,0.00841003582,0.008670425538,0.00841003582,0.002637795173,0.01263779495,0.1521285039,0.1423622007,0.001543746667
2.51,0.3607286632,-0.1320688721,0.01707025937,0.009107932226,0.002637792114,0.999996521,0.002637792114,0.999996521,0,0,1.244055179,1.647791757,-1.338698224,1.166219019,-0.2413456961,0.3311000784,0.27856645,-1.183173675,1.55145233,1.305032302,1.340142832,-0.2382491015,-0.01603473307,-0.3991637733,0.031453683,-6.889846216e-05,0.006916954165,0.04405170279,-0.006461537231,-0.007542437822,0.01133721626,-0.02774054239,-0.004941659818,0.001457920527,0.05284761518,-0.01708229727,-0.02602988705,0.01190216918,0.008410642966,0.008652403641,0.008410642966,0.002637795173,0.01263779495,0.152076128,0.1423622007,0.00154438601
2.52,0.3608833367,-0.1319765774,0.01383858002,0.009353011055,0.002637792114,0.999996521,0.002637792114,0.999996521,0,0,1.244369715,1.647791068,-1.338629055,1.166659536,-0.2414103115,0.331024654,0.2786798222,-1.18345108,1.551402914,1.305046881,1.340671308,-0.2384199245,-0.01629503194,-0.3990447516,0.0326621637,-7.410917711e-05,0.005092902595,0.04696767057,-0.00272291565,-0.01047060736,0.009904955448,-0.0286680509,-0.004938943282,0.0006581395607,0.05321157157,-0.01405938344,-0.02528352909,0.009727700802,0.008411273083,0.008634240912,0.008411273083,0.002637795173,0.01263779495,0.1520241625,0.1423622007,0.001545074995
2.53,0.3610049246,-0.1318817724,0.01045384012,0.009609934301,0.002637792114,0.999996521,0.002637792114,0.999996521,0,0,1.244696337,1.647790327,-1.338578126,1.167129213,-0.2414375406,0.330919948,0.2787788717,-1.183737761,1.551353524,1.305053462,1.341203424,-0.2385605183,-0.01654786723,-0.3989474746,0.03392563071,-7.955960475e-05,0.003187679248,0.05001662002,0.001182839223,-0.01353228298,0.008405705322,-0.02963898315,-0.004936604658,-0.0001783687602,0.0535937862,-0.01089884547,-0.02450386542,0.007451821914,0.008411927307,0.008615928749,0.008411927307,0.002637795173,0.01263779495,0.151971548,0.1423622007,0.001545816087
2.54,0.3610919177,-0.1317843404,0.006920338071,0.009878369333,0.002637792114,0.999996521,0.002637792114,0.999996521,0,0,1.245035593,1.647789531,-1.338546249,1.167629379,-0.2414257122,0.3307846251,0.2788629288,-1.184034151,1.551304158,1.305051678,1.341739362,-0.2386695067,-0.01679290588,-0.3988729564,0.03524239899,-8.524294526e-05,0.001203859142,0.05319460916,0.005250506287,-0.01672360922,0.006841132965,-0.03065216228,-0.004934685279,-0.001050588821,0.05399380219,-0.007604612408,-0.02369187288,0.005077109318,0.00841260674,0.008597458656,0.00841260674,0.002637795173,0.01263779495,0.1519171149,0.1423622007,0.001546611683
2.55,0.3611428497,-0.1316841678,0.003242336899,0.01015798626,0.002637792114,0.999996521,0.002637792114,0.999996521,0,0,1.245388017,1.647788679,-1.33853421,1.168161325,-0.2413732072,0.330617389,0.2789313401,-1.184340672,1.551254811,1.305041173,1.3422793,-0.2387455529,-0.01702982461,-0.3988221853,0.03661079086,-9.115245523e-05,-0.0008559897158,0.05649771968,0.009474882438,-0.0200407589,0.005212879439,-0.03170642406,-0.004933228865,-0.001957514781,0.05441116962,-0.004180582156,-0.02284852188,0.002606102776,0.008413312451,0.008578822236,0.008413312451,0.002637795173,0.01263779495,0.1518595759,0.1423622007,0.001547464112
2.56,0.3611562968,-0.1315811445,-0.0005759357932,0.01044845795,0.002637792114,0.999996521,0.002637792114,0.999996521,0,0,1.245754125,1.647787767,-1.33854277,1.168726303,-0.2412784583,0.3304169814,0.2789834689,-1.184657737,1.551205479,1.305021597,1.342823412,-0.2387873587,-0.01725830983,-0.3987961242,0.038029136,-9.72814473e-05,-0.002989306342,0.05992205698,0.01385078261,-0.02347993318,0.003522559801,-0.03280061686,-0.004932281524,-0.002898150577,0.05484544555,-0.0006306214176,-0.02197477644,4.13050252e-05,0.008414045478,0.008560011186,0.008414045478,0.002637795173,0.01263779495,0.1517975196,0.1423622007,0.001548375637
2.57,0.3611308774,-0.1314751635,-0.004530287806,0.01074945997,0.002637792114,0.999996521,0.002637792114,0.999996521,0,0,1.246134417,1.647786795,-1.338572663,1.169325523,-0.2411399505,0.3301821821,0.2790186945,-1.184985743,1.551156156,1.304992616,1.343371866,-0.2387936649,-0.0174780576,-0.3987957112,0.03949577153,-0.0001036232904,-0.005193536857,0.06346375024,0.01837303991,-0.02703736153,0.00177176317,-0.03393360168,-0.004931891732,-0.003871509907,0.05529619402,0.003041434289,-0.02107159416,-0.002614818132,0.008414806827,0.008541017287,0.008414806827,0.002637795173,0.01263779495,0.1517294034,0.1423622007,0.001549348451
2.58,0.3610652514,-0.1313661212,-0.008616562351,0.01106067066,0.002637792114,0.999996521,0.002637792114,0.999996521,0,0,1.246529374,1.647785758,-1.338624599,1.169960161,-0.2409562201,0.3299118085,0.2790364121,-1.185325079,1.551106837,1.304953901,1.343924828,-0.2387632506,-0.01768877354,-0.3988218594,0.04100904202,-0.0001101714099,-0.00746613462,0.06711895246,0.02303650584,-0.03070930179,-3.794715633e-05,-0.03510425205,-0.004932110309,-0.004876616225,0.05576298596,0.006831780644,-0.02013992623,-0.005359837682,0.00841559747,0.008521832396,0.00841559747,0.002637795173,0.01263779495,0.1516535465,0.1423622007,0.001550384684
2.59,0.3609581201,-0.1312539171,-0.01283063805,0.0113817711,0.002637792114,0.999996521,0.002637792114,0.999996521,0,0,1.246939465,1.647784657,-1.33869926,1.17063135,-0.2407258551,0.3296047155,0.2790360326,-1.185676121,1.551057516,1.304905135,1.344482458,-0.2386949328,-0.0178901728,-0.3988754578,0.04256729961,-0.0001169192871,-0.009804560412,0.07088384061,0.02783605066,-0.0344920402,-0.001905033545,-0.03631145404,-0.004932990386,-0.005912502721,0.05624539923,0.01073664455,-0.01918071738,-0.008191361197,0.008416418349,0.008502448442,0.008416418349,0.002637795173,0.01263779495,0.151568123,0.1423622007,0.001551486398
2.6,0.3608082262,-0.1311384539,-0.01716842892,0.0117124451,0.002637792114,0.999996521,0.002637792114,0.999996521,0,0,1.247365138,1.647783488,-1.338797306,1.171340189,-0.2404474946,0.3292597951,0.2790169823,-1.186039236,1.551008186,1.30484601,1.345044912,-0.2385875663,-0.01808197997,-0.3989573714,0.04416890411,-0.0001238604597,-0.01220628268,0.07475461577,0.03276656375,-0.03838189147,-0.003827983822,-0.03755410622,-0.004934587357,-0.006978212296,0.05674301849,0.01475228414,-0.01819490589,-0.01110703257,0.008417270372,0.008482857418,0.008417270372,0.002637795173,0.01263779495,0.1514711559,0.1423622007,0.001552655591
2.61,0.3606143527,-0.1310196374,-0.02162588441,0.01205237921,0.002637792114,0.999996521,0.002637792114,0.999996521,0,0,1.247806827,1.647782249,-1.338919369,1.172087735,-0.2401198289,0.3288759762,0.2789787025,-1.186414777,1.550958841,1.304776227,1.345612342,-0.2384400435,-0.01826392903,-0.3990684417,0.0458122231,-0.0001309885217,-0.0146687778,0.07872750331,0.03782295418,-0.04237519886,-0.005805311033,-0.03883111957,-0.004936958824,-0.008072797537,0.05725543519,0.01887498882,-0.01718342348,-0.01410453171,0.008418154418,0.008463051373,0.008418154418,0.002637795173,0.01263779495,0.1513605095,0.1423622007,0.001553894196
2.62,0.360375323,-0.1308973765,-0.02619898935,0.01240126271,0.002637792114,0.999996521,0.002637792114,0.999996521,0,0,1.248264949,1.647780939,-1.339066056,1.17287501,-0.2397415994,0.3284522242,0.2789206494,-1.186803088,1.550909471,1.3046955,1.346184896,-0.2382512936,-0.01843576327,-0.399209487,0.04749563213,-0.0001382971233,-0.01718953044,0.08279875308,0.04300015122,-0.04646833424,-0.007835553156,-0.04014141744,-0.004940164537,-0.009195320683,0.05778224747,0.0231010793,-0.01614719538,-0.01718157416,0.008419071333,0.008443022407,0.008419071333,0.002637795173,0.01263779495,0.1512338839,0.1423622007,0.001555204081
2.63,0.3600900007,-0.1307715833,-0.03088376401,0.01275878765,0.002637792114,0.999996521,0.002637792114,0.999996521,0,0,1.248739905,1.647779556,-1.339237952,1.173702997,-0.2393115979,0.3279875408,0.2788422938,-1.187204502,1.550860069,1.304603546,1.346762719,-0.2380202828,-0.01859723522,-0.3993813027,0.04921751489,-0.0001457799709,-0.01976603393,0.08696463965,0.04829310508,-0.05065769819,-0.009917272784,-0.04148393546,-0.004944266319,-0.01034485359,0.05832306007,0.0274269076,-0.0150871402,-0.02033591072,0.008420021932,0.008422762659,0.008420021932,0.002637795173,0.01263779495,0.1510888081,0.1423622007,0.001556587052
2.64,0.3597572887,-0.130642173,-0.03567626403,0.01312464879,0.002637792114,0.999996521,0.002637792114,0.999996521,0,0,1.24923208,1.647778098,-1.339435612,1.174572644,-0.2388286668,0.3274809638,0.2787431211,-1.187619342,1.550810627,1.304500098,1.347345949,-0.2377460137,-0.01874810662,-0.3995846619,0.05097626335,-0.0001534308272,-0.02239579062,0.09122146258,0.05369678754,-0.05493972013,-0.01204905677,-0.04285762147,-0.004949327992,-0.0115204777,0.05887748428,0.03184885713,-0.01400416989,-0.02356532694,0.008421006999,0.00840226431,0.00840226431,0.002637795173,0.01263779495,0.1509226346,0.1423622007,0.001558044852
2.65,0.3593761293,-0.1305090636,-0.0405725805,0.01349854365,0.002637792114,0.999996521,0.002637792114,0.999996521,0,0,1.249741843,1.647776564,-1.33965957,1.175484858,-0.2382916989,0.3269315666,0.2786226305,-1.188047918,1.550761133,1.304384893,1.347934724,-0.2374275251,-0.01888814832,-0.3998203151,0.052770278,-0.000161243511,-0.0250763124,0.09556554667,0.05920619282,-0.05931085839,-0.01422951586,-0.0442614354,-0.004955415285,-0.01272128398,0.05944513779,0.03636334269,-0.01289918976,-0.0268676427,0.008422027288,0.008381519569,0.008381519569,0.002637795173,0.01263779495,0.1507325331,0.1423622007,0.00155957916
2.66,0.3589455039,-0.1303721763,-0.04556883988,0.01388017248,0.002637792114,0.999996521,0.002637792114,0.999996521,0,0,1.250269546,1.647774952,-1.339910333,1.176440514,-0.237699637,0.3263384581,0.2784803354,-1.188490532,1.550711579,1.30425768,1.348529176,-0.2370638917,-0.01901714022,-0.4000889916,0.05459796808,-0.0001692118977,-0.02780512115,0.09999324232,0.06481633841,-0.06376760037,-0.01645728424,-0.04569434921,-0.004962595747,-0.01394637288,0.0600256446,0.04096681056,-0.01177309832,-0.0302407116,0.008423083521,0.008360520668,0.008360520668,0.002637795173,0.01263779495,0.1505154851,0.1423622007,0.001561191595
2.67,0.3584644322,-0.1302314353,-0.05066120407,0.01426923826,0.002637792114,0.999996521,0.002637792114,0.999996521,0,0,1.250815526,1.647773259,-1.340188384,1.177440446,-0.2370514736,0.3257007821,0.2783157625,-1.188947476,1.550661953,1.304118216,1.349129432,-0.2366542236,-0.0191348712,-0.4003913987,0.05645775181,-0.0001773299185,-0.03057974926,0.1045009258,0.07052226596,-0.06830646264,-0.01873101913,-0.04715534677,-0.004970938646,-0.01519485431,0.0606186349,0.0456557385,-0.01062678729,-0.03368242044,0.00842417639,0.008339259861,0.008339259861,0.002637795173,0.01263779495,0.1502682787,0.1423622007,0.001562883714
2.68,0.3579319722,-0.1300867677,-0.05584587037,0.01466544674,0.002637792114,0.999996521,0.002637792114,0.999996521,0,0,1.251380103,1.647771486,-1.340494182,1.178485455,-0.236346251,0.3250177174,0.2781284523,-1.189419029,1.550612244,1.303966268,1.349735619,-0.2361976662,-0.01924113908,-0.4007282229,0.05818671764,-0.0001850012707,-0.03325637176,0.1086480702,0.07618302359,-0.07264480783,-0.02110604892,-0.04853537045,-0.004956748135,-0.0164836963,0.06090772419,0.05039757533,-0.009265704468,-0.03724403456,0.008425306557,0.008317729412,0.008317729412,0.002637795173,0.01263779495,0.1499875036,0.1423622007,0.001564657013
2.69,0.3573472197,-0.1299381036,-0.06111907146,0.01506850638,0.002637792114,0.999996521,0.002637792114,0.999996521,0,0,1.25196197,1.647769636,-1.340826745,1.179571936,-0.2355844207,0.3242912694,0.2779173919,-1.189904383,1.550562676,1.303801431,1.350344696,-0.2356936905,-0.01933379612,-0.4011006632,0.05986974352,-0.0001925343436,-0.03590932243,0.1126646789,0.08186790993,-0.07692837014,-0.0235502633,-0.04989081923,-0.004932715613,-0.01780248511,0.06106050756,0.05520439359,-0.007794481763,-0.04089472307,0.008426471429,0.008296007229,0.008296007229,0.002637795173,0.01252032076,0.1496758652,0.1423622007,0.001566507026
2.7,0.3567093081,-0.1297853757,-0.06647707547,0.0154781284,0.002637792114,0.999996521,0.002637792114,0.999996521,0,0,1.252560668,1.647767711,-1.341185839,1.180698583,-0.2347657416,0.3235219857,0.2776818892,-1.190403291,1.550513349,1.303623406,1.350955301,-0.2351416465,-0.01941174094,-0.4015096104,0.06180649368,-0.0002010260518,-0.03879969488,0.1173631526,0.08782546872,-0.08167515013,-0.02595680424,-0.05142264199,-0.004943331862,-0.01911702723,0.061667173,0.06012703638,-0.006579242668,-0.04453295117,0.008427670107,0.00827412571,0.00827412571,0.002637795173,0.0122618341,0.149363874,0.1423622007,0.001568432369
2.71,0.3560174078,-0.1296285201,-0.07191618591,0.01589402674,0.002637792114,0.999996521,0.002637792114,0.999996521,0,0,1.253178733,1.647765701,-1.341573836,1.181872214,-0.2338874869,0.3227052342,0.2774223212,-1.190917518,1.550463916,1.303432236,1.351571973,-0.2345403762,-0.01947753336,-0.40195494,0.06376907753,-0.0002096430973,-0.04172636994,0.1221271784,0.09385955,-0.08649025734,-0.02840405445,-0.05297845593,-0.004955369642,-0.020451503,0.06228450405,0.06512135176,-0.005347006668,-0.04823164426,0.008428907687,0.008251957231,0.008251957231,0.002637795173,0.0120459737,0.1490577293,0.1423622007,0.00157044263
2.72,0.3552707262,-0.1294674752,-0.07743274172,0.01631591811,0.002637792114,0.999996521,0.002637792114,0.999996521,0,0,1.253816423,1.647763604,-1.341991099,1.183093486,-0.2329488914,0.3218403316,0.2771382806,-1.191447302,1.550414362,1.303227721,1.352194818,-0.2338891627,-0.01953100343,-0.4024372564,0.06575597727,-0.0002183797196,-0.04468696989,0.1269533007,0.09996536416,-0.09137037636,-0.03089076664,-0.05455730541,-0.00496890567,-0.02180506731,0.06291216934,0.07018397796,-0.004098634546,-0.05198883747,0.008430184709,0.008229494174,0.008229494174,0.002637795173,0.0118805352,0.1487611019,0.1423622007,0.001572539061
2.73,0.3544685069,-0.1293021827,-0.08302311723,0.01674352193,0.002637792114,0.999996521,0.002637792114,0.999996521,0,0,1.254473983,1.64776142,-1.342437969,1.184363019,-0.2319492378,0.3209266278,0.276829373,-1.191992875,1.550364673,1.30300967,1.352823939,-0.2331873229,-0.01957198978,-0.4029571448,0.06776568583,-0.0002272302142,-0.04767913138,0.1318380918,0.1061381525,-0.09631222188,-0.0334157133,-0.05615824588,-0.004984017664,-0.02317688411,0.06354984268,0.07531158509,-0.002834979701,-0.05580259501,0.008431501686,0.00820672891,0.00820672891,0.002637795173,0.01177378346,0.1484779075,0.1423622007,0.001574722858
2.74,0.3536100298,-0.1291325867,-0.08868372219,0.01717656037,0.002637792114,0.999996521,0.002637792114,0.999996521,0,0,1.25515164,1.647759148,-1.34291476,1.1856814,-0.2308878563,0.3199635056,0.2764952158,-1.192554458,1.550314833,1.302777901,1.353459438,-0.232434207,-0.01960033957,-0.4035151707,0.06979670711,-0.0002361889326,-0.05070050612,0.1367781529,0.1123731883,-0.1013125388,-0.03597768613,-0.05778034373,-0.005000784212,-0.0245661264,0.06419720289,0.08050087512,-0.00155688807,-0.05967100947,0.008432859102,0.008183653791,0.008183653791,0.002637795173,0.01173445818,0.1482123097,0.1423622007,0.00157699516
2.75,0.3526946102,-0.1289586343,-0.09441100174,0.01761475835,0.002637792114,0.999996521,0.002637792114,0.999996521,0,0,1.255849607,1.647756786,-1.343421765,1.187049182,-0.2297641244,0.3189503802,0.276135439,-1.193132261,1.550264825,1.30253224,1.35410141,-0.2316291983,-0.01961590845,-0.4041118808,0.07184755631,-0.0002452502822,-0.05374876152,0.1417701138,0.1186657783,-0.1063681023,-0.03857549548,-0.05942267621,-0.005019284641,-0.02597197612,0.06485393369,0.08574858202,-0.0002651980565,-0.06359220102,0.008434257411,0.008160261152,0.008160261152,0.002637795173,0.01177177871,0.1479687219,0.1423622007,0.00157935705
2.76,0.3517215992,-0.1287802752,-0.1002014365,0.01805784352,0.002637792114,0.999996521,0.002637792114,0.999996521,0,0,1.256568083,1.647754334,-1.343959253,1.188466883,-0.2285774666,0.3178866992,0.275749684,-1.193726488,1.550214632,1.30227252,1.354749949,-0.2307717125,-0.01961856044,-0.4047478028,0.07391676026,-0.0002544087266,-0.05682158136,0.1468106339,0.1250112635,-0.1114757184,-0.04120796972,-0.06108433122,-0.005039598877,-0.02739362409,0.06551972351,0.09105147176,0.001039259547,-0.06756431665,0.00843569704,0.008136543305,0.008136543305,0.002637795173,0.0118954482,0.1477518098,0.1423622007,0.001581809552
2.77,0.3506903826,-0.128597462,-0.1060515423,0.01850554627,0.002637792114,0.999996521,0.002637792114,0.999996521,0,0,1.25730725,1.647751789,-1.344527469,1.189934989,-0.227327354,0.316771942,0.2753376043,-1.194337331,1.550164236,1.301998584,1.355405146,-0.2298611977,-0.01960816784,-0.405423446,0.07600285772,-0.0002636587853,-0.0599166665,0.1518964025,0.1314050208,-0.1166322236,-0.04387395467,-0.06276440721,-0.005061807313,-0.02883026996,0.06619426536,0.09640634242,0.002355661636,-0.07158552938,0.008437178387,0.008112492533,0.008112492533,0.002637795173,0.01211565684,0.1475664927,0.1423622007,0.00158435364
2.78,0.349600381,-0.1284101498,-0.1119578707,0.01895759973,0.002637792114,0.999996521,0.002637792114,0.999996521,0,0,1.258067279,1.647749153,-1.345126635,1.191453953,-0.2260133038,0.3156056198,0.2748988648,-1.194964975,1.550113618,1.301710281,1.356067089,-0.2288971343,-0.01958461122,-0.4061393013,0.07757936639,-0.0002724543302,-0.06229816867,0.1569031628,0.1374364192,-0.1211845074,-0.04708402857,-0.06416415883,-0.004989202021,-0.03061683637,0.06673714769,0.1016966101,0.004403550321,-0.07527127476,0.008438701823,0.008088101096,0.008088101096,0.002637795173,0.01244308434,0.1474179442,0.1423622007,0.001586990227
2.79,0.3484510492,-0.1282182964,-0.1179170083,0.01941373979,0.002637792114,0.999996521,0.002637792114,0.999996521,0,0,1.258843072,1.647746428,-1.345749617,1.193022985,-0.2246389396,0.3143937747,0.2744280245,-1.195606617,1.550063726,1.301404113,1.35673446,-0.2278801682,-0.01954057572,-0.406892014,0.07918826611,-0.0002814468178,-0.0647260345,0.1619540893,0.143526467,-0.1258024569,-0.05030698009,-0.06559030564,-0.004922404537,-0.03240609739,0.0672930997,0.1070353586,0.006438169732,-0.07901570939,0.008440257067,0.008063646398,0.008063646398,0.002637795173,0.01263779495,0.1473622108,0.1423622007,0.001589714771
2.8,0.347241876,-0.1280218622,-0.1239255775,0.01987370504,0.002637792114,0.999996521,0.002637792114,0.999996521,0,0,1.259634955,1.647743614,-1.346396877,1.194642526,-0.2232036749,0.3131357501,0.2739249547,-1.19626252,1.550014502,1.301080052,1.357407391,-0.2268098146,-0.01947619402,-0.4076821711,0.08126588292,-0.0002910265225,-0.06780795479,0.1671461387,0.1500061892,-0.131024781,-0.05311531803,-0.06729070226,-0.004941987518,-0.03391679228,0.06797863648,0.1125147037,0.007857191482,-0.08313634099,0.008441844792,0.008039109643,0.008039109643,0.002637795173,0.01263779495,0.1473622108,0.1423622007,0.001592529239
2.81,0.345972384,-0.1278208104,-0.1299802358,0.02033723684,0.002637792114,0.999996521,0.002637792114,0.999996521,0,0,1.260447614,1.647740704,-1.347074957,1.196313987,-0.221703613,0.3118255023,0.2733938015,-1.196935427,1.549965082,1.300740884,1.358087178,-0.2256846676,-0.01939762211,-0.4085135345,0.08335439887,-0.0003006909477,-0.07090319294,0.1723706207,0.1565166638,-0.1362833489,-0.0559529107,-0.06900575635,-0.004963792442,-0.03543970215,0.06867166838,0.1180333083,0.009285569072,-0.08729877017,0.008443474504,0.008014234814,0.008014234814,0.002637795173,0.01263779495,0.1473622108,0.1423622007,0.001595439504
2.82,0.3446421287,-0.1276151065,-0.1360776761,0.02080407929,0.002637792114,0.999996521,0.002637792114,0.999996521,0,0,1.261281158,1.647737697,-1.347783989,1.198037693,-0.2201384464,0.3104626688,0.2728342724,-1.197625484,1.549915444,1.300386487,1.358773894,-0.2245043345,-0.01930476642,-0.4093865222,0.08522149404,-0.0003098298025,-0.07381696796,0.1769842326,0.1628745681,-0.1411617852,-0.0588978167,-0.07057425018,-0.004951409913,-0.03700252718,0.06889546997,0.1235436823,0.01101985728,-0.09157816933,0.008445146456,0.007989014046,0.007989014046,0.002637795173,0.01263779495,0.1473622108,0.1423622007,0.001598446414
2.83,0.3432506988,-0.1274047186,-0.1422146271,0.02127397922,0.002637792114,0.999996521,0.002637792114,0.999996521,0,0,1.262133373,1.647734598,-1.348522159,1.199807536,-0.2185097007,0.309051051,0.2722452942,-1.198331227,1.54986593,1.300016462,1.359462849,-0.2232688977,-0.01919456784,-0.4103023039,0.08703901907,-0.000318765081,-0.07669425584,0.1814617521,0.1692134806,-0.1459655148,-0.06188821845,-0.07211406379,-0.004931533972,-0.03858324167,0.06900252685,0.12907602,0.01283946511,-0.095914575,0.008446856223,0.007963569939,0.007963569939,0.002637795173,0.0122566694,0.1472987167,0.1423622007,0.001601544712
2.84,0.3417977153,-0.1271896175,-0.1483878523,0.0217466862,0.002637792114,0.999996521,0.002637792114,0.999996521,0,0,1.263003763,1.647731411,-1.349289101,1.201622153,-0.2168175659,0.3075913958,0.271626412,-1.199052368,1.549816615,1.299630629,1.360152874,-0.2219781375,-0.01906617319,-0.4112614497,0.0891431807,-0.0003284428045,-0.07981316389,0.1867368268,0.1757887748,-0.1512966897,-0.06480801516,-0.07385957737,-0.004957985524,-0.04013943347,0.06969122076,0.1346923762,0.01430733122,-0.1001943467,0.008448602845,0.007937929633,0.007937929633,0.002637795173,0.01139626505,0.1471036977,0.1423622007,0.001604732363
2.85,0.3402828315,-0.1269697764,-0.1545941512,0.02222195254,0.002637792114,0.999996521,0.002637792114,0.999996521,0,0,1.263895195,1.647728126,-1.350087233,1.203489521,-0.2150596781,0.3060784289,0.2709783319,-1.199790963,1.549767035,1.299229235,1.360849787,-0.2206312137,-0.01892309988,-0.4122633932,0.09125304793,-0.000338169982,-0.0829374737,0.1920321651,0.1823782662,-0.156652526,-0.06775245592,-0.07561636465,-0.004986932789,-0.04170479473,0.07038606014,0.1403360411,0.01578154979,-0.1045091385,0.008450392135,0.007911928197,0.007911928197,0.002637795173,0.01051690042,0.146828552,0.1423622007,0.001608016791
2.86,0.3387057325,-0.1267451708,-0.1608303584,0.02269953329,0.002637792114,0.999996521,0.002637792114,0.999996521,0,0,1.264807725,1.647724745,-1.350916608,1.205409843,-0.2132358955,0.3045119037,0.2703008073,-1.200547127,1.549717166,1.298812187,1.361553647,-0.2192278533,-0.01876528438,-0.4133084845,0.09336732705,-0.0003479416698,-0.08606515707,0.1973447875,0.1889777947,-0.1620302021,-0.070720471,-0.07738362812,-0.005018460331,-0.04327858622,0.07108678773,0.1460041066,0.01726133498,-0.1088573343,0.008452224244,0.007885557787,0.007885557787,0.002637795173,0.009618478032,0.1464660767,0.1423622007,0.00161139849
2.87,0.3370661351,-0.1265157788,-0.1670933438,0.02317918625,0.002637792114,0.999996521,0.002637792114,0.999996521,0,0,1.265741399,1.647721265,-1.351777259,1.207383291,-0.2113461175,0.3028916016,0.2695936026,-1.201320963,1.549666981,1.298379401,1.362264515,-0.2177678122,-0.01859267103,-0.4143970579,0.09548473907,-0.0003577529799,-0.08919420901,0.2026717486,0.1955832477,-0.167426928,-0.07371100231,-0.07916057912,-0.005052651671,-0.04486007699,0.0717931491,0.1516936972,0.01874590982,-0.1132373354,0.008454099301,0.007858810509,0.007858810509,0.002637795173,0.008700910169,0.1460088225,0.1423622007,0.001614877907
2.88,0.3353637867,-0.1262815809,-0.173380013,0.02366067196,0.002637792114,0.999996521,0.002637792114,0.999996521,0,0,1.266696246,1.647717688,-1.352669201,1.209410008,-0.2093902851,0.3012173324,0.2688564926,-1.202112569,1.549616455,1.2979308,1.362982447,-0.2162508753,-0.01840521194,-0.4155294312,0.09760402008,-0.00036759908,-0.09232264843,0.2080101369,0.2021905615,-0.1728399457,-0.07672300281,-0.08094643775,-0.005089589141,-0.04644854427,0.07250489245,0.1574019706,0.02023450626,-0.11764756,0.008456017409,0.007831678418,0.007831678418,0.002637795173,0.007764118738,0.1454490973,0.1423622007,0.001618455437
2.89,0.333598466,-0.12604256,-0.1796873069,0.02414375368,0.002637792114,0.999996521,0.002637792114,0.999996521,0,0,1.267672286,1.647714012,-1.353592428,1.21149011,-0.2073683794,0.2994889329,0.2680892626,-1.202922033,1.549565559,1.297466315,1.363707496,-0.2146768556,-0.01820286687,-0.4167059068,0.09972392155,-0.0003774751934,-0.09544851874,0.2133570756,0.2087957222,-0.1782665296,-0.0797554359,-0.08274043271,-0.005129353738,-0.04804327341,0.07322176844,0.1631261171,0.0217263653,-0.1220864425,0.008457978647,0.007804153524,0.007804153524,0.002637795173,0.006808035175,0.1447789689,0.1423622007,0.001622131428
2.9,0.3317699819,-0.1257987013,-0.1860122017,0.02462819742,0.002637792114,0.999996521,0.002637792114,0.999996521,0,0,1.268669525,1.647710237,-1.354546913,1.213623681,-0.2052804222,0.2977062676,0.2672917082,-1.203749438,1.549514265,1.296985882,1.364439713,-0.2130455944,-0.01798560322,-0.4179267713,0.1003882633,-0.0003850071708,-0.09657821847,0.2183686911,0.2143958667,-0.1818785017,-0.08421511786,-0.08369340371,-0.004909563468,-0.05059384063,0.07356811793,0.1685278608,0.02523676221,-0.1254511161,0.008459983068,0.00777622779,0.00777622779,0.002637795173,0.005832600328,0.1439902694,0.1423622007,0.00162590618
2.91,0.3298781733,-0.1255499923,-0.192351709,0.02511377195,0.002637792114,0.999996521,0.002637792114,0.999996521,0,0,1.269673408,1.647706387,-1.355512695,1.215807367,-0.2031364635,0.2958874826,0.266449557,-1.204586372,1.54946517,1.296479944,1.365175394,-0.2113603158,-0.0177332356,-0.4191812824,0.1023218431,-0.0003946276668,-0.09944917776,0.2236841637,0.2208715993,-0.1870946046,-0.08746208041,-0.08539240063,-0.004923607475,-0.0523209381,0.07424776758,0.1742300766,0.02699124365,-0.1298032254,0.008462001215,0.0077486673,0.0077486673,0.002637795173,0.00483776435,0.1434621875,0.1423622007,0.001629756251
2.92,0.3279229089,-0.1252964229,-0.1987028761,0.02560024875,0.002637792114,0.999996521,0.002637792114,0.999996521,0,0,1.270696627,1.647702441,-1.356507187,1.218044209,-0.2009277476,0.2940165365,0.2655749362,-1.205440296,1.549415934,1.295956734,1.365917872,-0.209618015,-0.01746332316,-0.4204793147,0.1043843964,-0.0004044788931,-0.1024935059,0.2290310835,0.2274256822,-0.1924820538,-0.09059854506,-0.08717402375,-0.004964717876,-0.05396621511,0.07496596134,0.1799700046,0.02856429671,-0.1342792701,0.008464058833,0.007720783288,0.007720783288,0.002637795173,0.003823486588,0.1429550476,0.1423622007,0.001633702528
2.93,0.3259040866,-0.1250379851,-0.2050627855,0.02608740206,0.002637792114,0.999996521,0.002637792114,0.999996521,0,0,1.27174047,1.647698396,-1.357532122,1.22033452,-0.1986534907,0.292091716,0.2646689508,-1.206312036,1.549366286,1.295417072,1.366667532,-0.207818315,-0.01717768019,-0.4218221074,0.1059375834,-0.0004132670407,-0.1051345106,0.2329358375,0.2336148307,-0.1969336647,-0.09391595945,-0.0885934307,-0.004924452568,-0.05568219618,0.0745812096,0.1856106934,0.03083576731,-0.1389447129,0.008466158577,0.007692496836,0.007692496836,0.002637795173,0.002789735476,0.142438171,0.1423622007,0.001637747317
2.94,0.3238216336,-0.1247746733,-0.2114285549,0.02657500884,0.002637792114,0.999996521,0.002637792114,0.999996521,0,0,1.272799846,1.647694263,-1.358583467,1.222663878,-0.1963173424,0.2901223794,0.2637297912,-1.20719797,1.549317042,1.29486025,1.367413344,-0.205962208,-0.01686932252,-0.4232115545,0.1078983226,-0.0004229321484,-0.1080919696,0.2380072957,0.2400761995,-0.2021492212,-0.09711086218,-0.09031334706,-0.004954932807,-0.05734705497,0.0750941235,0.1913380488,0.03254418598,-0.1434932289,0.008468290174,0.007664101056,0.007664101056,0.002637795173,0.002637795173,0.1423622007,0.1423622007,0.001641879987
2.95,0.3216755055,-0.1245064841,-0.2177973378,0.02706284882,0.002637792114,0.999996521,0.002637792114,0.999996521,0,0,1.27387883,1.647690034,-1.359664387,1.225043951,-0.1939165804,0.2881008872,0.2627586826,-1.208101104,1.549267492,1.29428678,1.368164285,-0.2040488275,-0.01654388066,-0.4246464868,0.1099383673,-0.0004327808759,-0.1111042129,0.243314682,0.2465739688,-0.2075216376,-0.1002915337,-0.09209857432,-0.005002939033,-0.05900288693,0.07579700168,0.1970824612,0.03413438486,-0.1480327854,0.008470461914,0.00763534659,0.00763534659,0.002637795173,0.002637795173,0.1423622007,0.1423622007,0.001646109309
2.96,0.3194656862,-0.1242334163,-0.2241663229,0.02755070444,0.002637792114,0.999996521,0.002637792114,0.999996521,0,0,1.274978213,1.647685706,-1.360775429,1.227477098,-0.1914508407,0.2860256708,0.2617557672,-1.20902209,1.549217463,1.293696751,1.368922255,-0.2020780029,-0.01620253681,-0.4261268146,0.1119711762,-0.0004426277569,-0.114102491,0.2486122533,0.2530450672,-0.2128899535,-0.1034850496,-0.09388659059,-0.005054361815,-0.06066030779,0.07650319302,0.2028237994,0.03572311431,-0.1525902623,0.008472675446,0.007606174465,0.007606174465,0.002637795173,0.002637795173,0.1423622007,0.1423622007,0.001650437118
2.97,0.3171921876,-0.1239554707,-0.2305327343,0.02803836091,0.002637792114,0.999996521,0.002637792114,0.999996521,0,0,1.276097925,1.64768128,-1.361916454,1.229963221,-0.1889203901,0.2838967712,0.2607209167,-1.209960956,1.549166919,1.293090148,1.369687287,-0.2000497649,-0.01584530567,-0.4276527173,0.113995671,-0.0004524685077,-0.1170851333,0.2538974588,0.2594859832,-0.2182517536,-0.1066904004,-0.09567670156,-0.005109272947,-0.06231865186,0.07721247632,0.2085595217,0.03730965807,-0.1571642067,0.00847493067,0.007576576259,0.007576576259,0.002637795173,0.002637795173,0.1423622007,0.1423622007,0.001654863395
2.98,0.3148550492,-0.1236726504,-0.2368938316,0.02852560614,0.002637792114,0.999996521,0.002637792114,0.999996521,0,0,1.277237882,1.647676755,-1.363087305,1.232502195,-0.1863255302,0.2817142537,0.2596540127,-1.210917723,1.549115827,1.292466961,1.370459412,-0.1979641697,-0.01547220909,-0.4292243593,0.1146011534,-0.0004618866529,-0.1181526597,0.2588286006,0.265029679,-0.2218128032,-0.1112608224,-0.09684249572,-0.004170853153,-0.06383620143,0.07757045204,0.2129597499,0.04101833256,-0.1597711521,0.008477227461,0.007546543513,0.007546543513,0.002637795173,0.002637795173,0.1423622007,0.1423622007,0.00165938808
2.99,0.3124543377,-0.1233849606,-0.2432469097,0.02901223082,0.002637792114,0.999996521,0.002637792114,0.999996521,0,0,1.278383893,1.647672136,-1.364268832,1.235090481,-0.1836752335,0.2794961257,0.2585414045,-1.211886147,1.549074118,1.291828599,1.371235116,-0.1958345722,-0.01506202576,-0.4308220709,0.1159795883,-0.0004718522081,-0.120264172,0.2639345579,0.27103148,-0.2263598527,-0.1150868586,-0.09835549052,-0.003789110429,-0.0654336219,0.0781295714,0.2180821537,0.04354740998,-0.163489772,0.00847953688,0.007519226887,0.007519226887,0.002637795173,0.002983612403,0.1423622007,0.1423622007,0.001664006947
3,0.3099901467,-0.1230924086,-0.249589299,0.02949802836,0.002637792114,0.999996521,0.002637792114,0.999996521,0,0,1.279543689,1.647667418,-1.365471473,1.237729827,-0.1809649187,0.2772325271,0.2573905359,-1.212869702,1.549036227,1.291174263,1.372016412,-0.1936537507,-0.01462655166,-0.4324569686,0.1179221161,-0.0004820470152,-0.1231320311,0.2691600851,0.2773491451,-0.2316252784,-0.1183684271,-0.1001237151,-0.003817846318,-0.06708805276,0.07883613016,0.2237323001,0.04520576905,-0.1680289808,0.008481874711,0.007492865303,0.007492865303,0.002637795173,0.003203854624,0.1423622007,0.1423622007,0.001668725469
3.01,0.3074625962,-0.1227950035,-0.2559183653,0.02998279491,0.002637792114,0.999996521,0.002637792114,0.999996521,0,0,1.28072291,1.647662597,-1.366702794,1.240421428,-0.1781914272,0.2749162744,0.2562068517,-1.21387094,1.548998049,1.290503383,1.372804773,-0.1914164277,-0.01417449397,-0.4341372584,0.1198373351,-0.0004922078167,-0.1259677647,0.2743197014,0.2836152836,-0.2368461706,-0.1216621781,-0.1018799324,-0.003847719367,-0.06874315988,0.07951017568,0.229363522,0.04688147074,-0.1725838885,0.008484252514,0.007466161119,0.007466161119,0.002637795173,0.003090564705,0.1423622007,0.1423622007,0.001673545939
3.02,0.3048718325,-0.1224927568,-0.2622315097,0.03046632937,0.002637792114,0.999996521,0.002637792114,0.999996521,0,0,1.281921284,1.647657675,-1.367962471,1.243164625,-0.1753552744,0.2725478127,0.2549902299,-1.214889739,1.548959571,1.289815951,1.373599875,-0.1891227925,-0.01370567927,-0.4358630973,0.1211329417,-0.000500427141,-0.1283426348,0.2776797763,0.2894725252,-0.240877032,-0.1251482105,-0.1031739403,-0.003772129421,-0.07048403931,0.07877359133,0.2348431298,0.04945223735,-0.1773439437,0.008486669775,0.007439115084,0.007439115084,0.002637795173,0.002637795173,0.1423544919,0.1423622007,0.001678468017
3.03,0.3022180276,-0.1221856817,-0.2685261688,0.03094843337,0.002637792114,0.999996521,0.002637792114,0.999996521,0,0,1.283132613,1.647652671,-1.369245898,1.245941422,-0.1724605491,0.2701390423,0.2537387478,-1.215921478,1.54892185,1.289111111,1.374387611,-0.1867743612,-0.01321115689,-0.4376365367,0.1230314376,-0.000509668999,-0.1311493197,0.282811769,0.2956630915,-0.2460747726,-0.128446854,-0.1049298982,-0.003809861754,-0.0721335527,0.07945843035,0.2404378471,0.05111198949,-0.1819100206,0.008489113992,0.007412105968,0.007412105968,0.002637795173,0.002637795173,0.1419320942,0.1423622007,0.001683472289
3.04,0.2995013791,-0.1218737935,-0.2747998147,0.03142891128,0.002637792114,0.999996521,0.002637792114,0.999996521,0,0,1.284362927,1.647647574,-1.370557391,1.24876954,-0.1695039182,0.2676782946,0.2524542792,-1.216970777,1.548883752,1.288389775,1.375182195,-0.1843699827,-0.012700037,-0.4394556369,0.1249152161,-0.0005188496361,-0.133931361,0.2879155465,0.3018028736,-0.251250831,-0.1317496732,-0.1066832924,-0.003851587511,-0.07377971104,0.08014483247,0.2460100312,0.05276491748,-0.1864824769,0.008491597472,0.007384736853,0.007384736853,0.002637795173,0.002637795173,0.1413103722,0.1423622007,0.001688568979
3.05,0.2967221097,-0.1215571095,-0.2810499548,0.03190757022,0.002637792114,0.999996521,0.002637792114,0.999996521,0,0,1.28561208,1.647642386,-1.371896705,1.251648696,-0.1664858895,0.2651657863,0.2511367825,-1.21803761,1.548845236,1.287651978,1.375983644,-0.1819098824,-0.01217238782,-0.4413204617,0.1244809754,-0.0005241271009,-0.1336344901,0.2924177555,0.3066408155,-0.2534363643,-0.1372604421,-0.1063036844,-0.005977089088,-0.08052472597,0.08027295046,0.2542222183,0.05709753876,-0.1921196692,0.008494119965,0.007356998935,0.007356998935,0.002637795173,0.002637795173,0.1404781513,0.1423622007,0.001693757475
3.06,0.2938804666,-0.1212356488,-0.2872741318,0.03238422003,0.002637792114,0.999996521,0.002637792114,0.999996521,0,0,1.286856889,1.647637144,-1.373233049,1.254572873,-0.1634194813,0.2626314227,0.2497641781,-1.219100647,1.548785465,1.286846731,1.376786373,-0.1793676602,-0.01160141243,-0.4432416584,0.1262710222,-0.000534087977,-0.1362930333,0.297448826,0.3126581775,-0.2584853404,-0.1406256697,-0.1079866025,-0.006093155929,-0.08230343305,0.08094844151,0.2598105934,0.05881060486,-0.1967384858,0.008496634259,0.00732204147,0.00732204147,0.002637795173,0.002637795173,0.1394334059,0.1423622007,0.001698998746
3.07,0.2909767216,-0.1209094325,-0.293469924,0.03285867332,0.002637792114,0.999996521,0.002637792114,0.999996521,0,0,1.2881196,1.647631804,-1.37459598,1.257547361,-0.1602928995,0.2600465693,0.2483579214,-1.220180513,1.548724533,1.286023696,1.377595858,-0.1767695543,-0.01101330639,-0.4452090432,0.1280570995,-0.0005440558923,-0.1389413129,0.302448789,0.3186244901,-0.2635237802,-0.1439791361,-0.10967712,-0.006201886307,-0.08404755,0.08162823315,0.2653540738,0.06049945248,-0.2013539379,0.008499185635,0.007286485479,0.007286485479,0.002637795173,0.002637795173,0.1385839921,0.1423622007,0.001704339626
3.08,0.2880111707,-0.1205784833,-0.299634945,0.03333074542,0.002637792114,0.999996521,0.002637792114,0.999996521,0,0,1.289400171,1.647626363,-1.375985393,1.260571849,-0.1571066546,0.2574113314,0.24691813,-1.221277284,1.548662514,1.285183221,1.37841214,-0.1741160135,-0.01040831186,-0.4472225826,0.129825329,-0.0005540029481,-0.1415607348,0.3074122979,0.3245298503,-0.2685328753,-0.1473323324,-0.1113625891,-0.006315077739,-0.08578536332,0.08230895182,0.2708655969,0.06217864377,-0.2059706398,0.008501774054,0.007250360331,0.007250360331,0.002637795173,0.002637795173,0.1379427909,0.1423622007,0.001709780185
3.09,0.2849841332,-0.1202428261,-0.3057668439,0.0338002544,0.002637792114,0.999996521,0.002637792114,0.999996521,0,0,1.290698424,1.647620823,-1.377401,1.263645972,-0.1538613561,0.2547260027,0.2454448067,-1.22239091,1.548599364,1.284325367,1.379235229,-0.1714073576,-0.009786525423,-0.449282289,0.1313873472,-0.0005635312703,-0.1440233726,0.3117730844,0.3302741781,-0.2731336743,-0.1507378733,-0.1128929818,-0.0063957068,-0.0875464081,0.0825273819,0.276298818,0.06414550884,-0.2106460533,0.008504399195,0.007213656731,0.007213656731,0.002637795173,0.002637795173,0.1375216842,0.1423622007,0.001715320214
3.1,0.2818959519,-0.1199024874,-0.311863305,0.03426702108,0.002637792114,0.999996521,0.002637792114,0.999996521,0,0,1.292012297,1.647615188,-1.378841234,1.266763703,-0.1505586143,0.251994666,0.243937428,-1.22351984,1.548535407,1.283449903,1.380060503,-0.1686443694,-0.009145070335,-0.4513887495,0.132237545,-0.0005716991595,-0.1457347328,0.3151273698,0.3356165071,-0.2765928303,-0.1546068556,-0.1139968318,-0.006128701397,-0.08930690498,0.08193604539,0.2812286871,0.06718235801,-0.2148035939,0.008507056895,0.007176495813,0.007176495813,0.002637795173,0.002637795173,0.1373622054,0.1423622007,0.001720955527
3.11,0.2787469928,-0.1195574954,-0.3179220484,0.034730869,0.002637792114,0.999996521,0.002637792114,0.999996521,0,0,1.293334673,1.647609471,-1.380298581,1.269914977,-0.1472024493,0.2492287376,0.2423913594,-1.224659808,1.548474119,1.282556834,1.380879864,-0.1658320825,-0.008473246755,-0.4535367855,0.1317685472,-0.0005790839551,-0.1454240041,0.3193985677,0.3403002052,-0.2786497897,-0.1600206328,-0.1146440399,-0.00467851743,-0.09081337988,0.08208388237,0.2844901333,0.07216410419,-0.2161874705,0.008509732658,0.007140004465,0.007140004465,0.002637795173,0.002637795173,0.1373622054,0.1423622007,0.001726672518
3.12,0.2755376442,-0.1192078803,-0.3239408292,0.03519162447,0.002637792114,0.999996521,0.002637792114,0.999996521,0,0,1.294652358,1.64760368,-1.381752821,1.273108962,-0.1437994472,0.2464422398,0.2407911531,-1.225806249,1.548427334,1.2816487,1.381700702,-0.1629871812,-0.007751605713,-0.4556986602,0.1334093067,-0.0005882112748,-0.1478780133,0.3241744277,0.3459514347,-0.2834522393,-0.1633995481,-0.1162714837,-0.004771272383,-0.09252038704,0.08272999418,0.2897968077,0.07389573893,-0.2207173599,0.008512399435,0.007107906139,0.007107906139,0.002637795173,0.002637795173,0.1373622054,0.1423622007,0.001732463358
3.13,0.2722683168,-0.1188536738,-0.3299174381,0.03564911651,0.002637792114,0.999996521,0.002637792114,0.999996521,0,0,1.295986451,1.647597798,-1.383231601,1.276350707,-0.1403399329,0.2436077174,0.2391571576,-1.226968963,1.548379622,1.280723496,1.382528002,-0.1600892131,-0.007012648324,-0.4579058338,0.1350291848,-0.0005972724459,-0.1502992683,0.3289050269,0.3515310485,-0.2882169743,-0.1667722877,-0.1178910991,-0.004868790915,-0.09421827471,0.08337613531,0.2950612194,0.07561440533,-0.2252417571,0.008515100483,0.007075315493,0.007075315493,0.002637795173,0.002637795173,0.1373622054,0.1423622007,0.001738345471
3.14,0.2689394432,-0.1184949094,-0.3358497011,0.03610317691,0.002637792114,0.999996521,0.002637792114,0.999996521,0,0,1.297336743,1.647591825,-1.384734594,1.279639757,-0.1368246224,0.2407255476,0.2374894347,-1.228147874,1.548330934,1.279781314,1.383361764,-0.1571386009,-0.00625650427,-0.4601582514,0.1366274889,-0.0006062641713,-0.152686724,0.3335885241,0.3570366801,-0.2929422323,-0.1701378342,-0.1195023392,-0.004971097794,-0.09590646343,0.08402211716,0.3002814179,0.07731947854,-0.2297593276,0.008517835416,0.007042223,0.007042223,0.002637795173,0.002637795173,0.1373622054,0.1423622007,0.001744318195
3.15,0.2655514777,-0.1181316222,-0.3417354799,0.03655364016,0.002637792114,0.999996521,0.002637792114,0.999996521,0,0,1.298703018,1.647585762,-1.386261461,1.282975642,-0.1332542556,0.2377961253,0.2357880564,-1.229342898,1.548281223,1.278822249,1.384201985,-0.1541357867,-0.005483309485,-0.4624558446,0.1382035449,-0.0006151832082,-0.1550393644,0.3382231168,0.362466026,-0.2976262822,-0.1734951726,-0.1211046627,-0.005078213083,-0.09758438073,0.08466775039,0.305455488,0.07901034441,-0.2342687376,0.008520603834,0.007008619188,0.007008619188,0.002637795173,0.002637795173,0.1373622054,0.1423622007,0.001750380837
3.16,0.2621048956,-0.1177638491,-0.3475726712,0.03700034354,0.002637792114,0.999996521,0.002637792114,0.999996521,0,0,1.300085053,1.64757961,-1.387811855,1.286357873,-0.1296295953,0.2348198625,0.2340531046,-1.230553945,1.548230441,1.277846405,1.385048662,-0.1510812318,-0.004693206041,-0.464798532,0.1370209157,-0.000621324426,-0.1539405482,0.3415375466,0.3666647837,-0.2984962232,-0.1793069626,-0.1209123773,-0.004721316056,-0.1010493911,0.08423394844,0.3098318513,0.08459403528,-0.2366489275,0.008523405324,0.006974494652,0.006974494652,0.002637795173,0.002637795173,0.1373622054,0.1423622007,0.001756532669
3.17,0.2586001931,-0.1173916284,-0.3533592075,0.03744312703,0.002637792114,0.999996521,0.002637792114,0.999996521,0,0,1.301455263,1.647573397,-1.389351261,1.289773249,-0.1259629475,0.2318349002,0.232260035,-1.231763068,1.548183227,1.276835911,1.385891002,-0.1479829133,-0.003847265688,-0.4671650213,0.1377913009,-0.0006285614913,-0.1555751271,0.3445285504,0.3716456964,-0.3017193028,-0.1830335995,-0.1219068779,-0.004690560809,-0.1029924095,0.08355753611,0.314700201,0.08748354485,-0.2410305126,0.008526183272,0.006941257471,0.006941257471,0.002637795173,0.002637795173,0.1362686603,0.1423622007,0.001762745913
3.18,0.2550378871,-0.1170150002,-0.3590930563,0.03788183337,0.002637792114,0.999996521,0.002637792114,0.999996521,0,0,1.302833176,1.647567112,-1.390907012,1.293218534,-0.1222464905,0.2288177072,0.230429699,-1.232982137,1.548136322,1.275805987,1.386726577,-0.1448359113,-0.00297243024,-0.4695753264,0.1392519452,-0.000637183751,-0.1577879183,0.3489895996,0.3768587033,-0.3062054106,-0.1863936871,-0.1234369969,-0.004805166336,-0.1046720118,0.08416659084,0.3197023257,0.08921520937,-0.2454652632,0.008528977828,0.006907975378,0.006907975378,0.002637795173,0.002637795173,0.1348309388,0.1423622007,0.001769031528
3.19,0.2514185143,-0.1166340059,-0.3647722209,0.03831630803,0.002637792114,0.999996521,0.002637792114,0.999996521,0,0,1.304225695,1.64756074,-1.392484891,1.29670843,-0.1184779035,0.2257556531,0.2285657622,-1.234216507,1.54808827,1.274759267,1.387568243,-0.1416388881,-0.002080278146,-0.472029979,0.1406886847,-0.0006457214782,-0.1599641143,0.3533960682,0.3819890043,-0.3106449339,-0.1897406189,-0.1249561646,-0.004924794471,-0.1063389235,0.08477467987,0.3246508355,0.09092996221,-0.2498866449,0.008531803145,0.006874168732,0.006874168732,0.002637795173,0.002637795173,0.1336864517,0.1423622007,0.001775403366
3.2,0.2477426315,-0.1162486886,-0.3703947398,0.03874639922,0.002637792114,0.999996521,0.002637792114,0.999996521,0,0,1.305632582,1.647554283,-1.394084532,1.300242391,-0.1146580135,0.2226492038,0.226668356,-1.235466069,1.548039022,1.273695878,1.38841599,-0.1383923797,-0.001170978524,-0.4745288455,0.1418372846,-0.0006538639283,-0.1617646252,0.357674259,0.3869377965,-0.3146823492,-0.1933232855,-0.1262926188,-0.005006134933,-0.1081775945,0.08532487421,0.3294697714,0.09299813298,-0.2540622496,0.00853465877,0.006839828055,0.006839828055,0.002637795173,0.002637795173,0.1328482021,0.1423622007,0.00178186058
3.21,0.2440108147,-0.115859093,-0.3759586869,0.03917195791,0.002637792114,0.999996521,0.002637792114,0.999996521,0,0,1.307050955,1.647547744,-1.395702178,1.303819134,-0.1107886355,0.2195023803,0.2247351231,-1.236728995,1.547988961,1.272614102,1.389269239,-0.135097682,-0.000240997194,-0.477069468,0.1405121769,-0.0006594995707,-0.1603937012,0.3612283045,0.3909162572,-0.3153842081,-0.1992110349,-0.1260239949,-0.004692724866,-0.1117245928,0.08534867323,0.333536667,0.09849767676,-0.2560759309,0.008537538819,0.006805073178,0.006805073178,0.002637795173,0.002637795173,0.1323622102,0.1423622007,0.00178839922
3.22,0.2402236593,-0.1154652651,-0.3814621715,0.03959283777,0.002637792114,0.999996521,0.002637792114,0.999996521,0,0,1.308456077,1.647541149,-1.397306115,1.307431417,-0.1068794729,0.2163485382,0.2227430128,-1.237989235,1.547942034,1.271496856,1.390122725,-0.1317623153,0.0007439795736,-0.4796302273,0.1418333807,-0.0006685518364,-0.1624183333,0.3654565283,0.3958011195,-0.3196231121,-0.2025496107,-0.1274760411,-0.004825342391,-0.1133862021,0.08594768261,0.3382919831,0.1002242127,-0.2604140698,0.008540392403,0.006771088429,0.006771088429,0.002637795173,0.002637795173,0.1323622102,0.1423622007,0.001794994215
3.23,0.236381779,-0.1150672523,-0.3869033384,0.04000889526,0.002637792114,0.999996521,0.002637792114,0.999996521,0,0,1.30987441,1.647534463,-1.398930299,1.311085982,-0.1029214617,0.2131523071,0.2207175167,-1.239263995,1.54789378,1.270362994,1.390982202,-0.1283793955,0.0017462217,-0.482234368,0.1425825943,-0.0006764541503,-0.1640917723,0.3678681039,0.4004090831,-0.322604,-0.2059947926,-0.128431955,-0.004832716621,-0.1151371421,0.08499657201,0.3428368504,0.102944308,-0.2648846214,0.008543273917,0.006736549853,0.006736549853,0.002637795173,0.002637795173,0.1323622102,0.1423622007,0.001801679734
3.24,0.2324858063,-0.1146651037,-0.3922803679,0.04041998954,0.002637792114,0.999996521,0.002637792114,0.999996521,0,0,1.311300236,1.647527699,-1.400571216,1.314764663,-0.09891737089,0.2099262671,0.2186575687,-1.240548315,1.547845453,1.269211623,1.391832168,-0.124951027,0.00277566478,-0.4848832142,0.1437415826,-0.0006843431767,-0.1659840577,0.3716120543,0.4050894225,-0.3264871215,-0.2093131014,-0.1297519233,-0.004944824292,-0.1167896788,0.08525462111,0.3474384283,0.1048515593,-0.2692084472,0.00854617165,0.006701901481,0.006701901481,0.002637795173,0.002637795173,0.1323622102,0.1423622007,0.001808444275
3.25,0.2285363914,-0.1142588695,-0.3975914754,0.04082598252,0.002637792114,0.999996521,0.002637792114,0.999996521,0,0,1.312737652,1.647520855,-1.402231057,1.318480784,-0.09486647667,0.2066613959,0.2165644377,-1.241845834,1.547796005,1.268043726,1.392684714,-0.1214766427,0.003824180373,-0.4875752987,0.143151987,-0.0006897974687,-0.165567362,0.3751312613,0.4091448746,-0.3280631221,-0.2143197984,-0.1299380393,-0.004796720077,-0.1197106646,0.08544296443,0.351477504,0.1091158233,-0.2718382924,0.008549094092,0.006666786857,0.006666786857,0.002637795173,0.002637795173,0.1323622102,0.1423622007,0.001815287707
3.26,0.2245342024,-0.1138486015,-0.4028349119,0.04122673887,0.002637792114,0.999996521,0.002637792114,0.999996521,0,0,1.314169172,1.647513957,-1.403886731,1.322232096,-0.09077502792,0.2033807646,0.2144212397,-1.243145214,1.547748038,1.266846619,1.393539144,-0.1179618677,0.004915338606,-0.4902936816,0.143053286,-0.0006965712038,-0.1657832927,0.3787375231,0.4132935435,-0.3302903624,-0.218816642,-0.1304499555,-0.004740649459,-0.1222501847,0.08573917425,0.3555911784,0.1126378594,-0.2749094545,0.008552005266,0.006631978352,0.006631978352,0.002637795173,0.002637795173,0.1323622102,0.1423622007,0.001822185682
3.27,0.2204799245,-0.1134343527,-0.408008964,0.04162212597,0.002637792114,0.999996521,0.002637792114,0.999996521,0,0,1.315599705,1.647506992,-1.405544564,1.326019471,-0.08664209249,0.200077861,0.2122330733,-1.244449714,1.547700631,1.265624117,1.394396536,-0.1144059559,0.0060417172,-0.4930427762,0.1442058349,-0.0007051824072,-0.1675900236,0.3826400694,0.4177538303,-0.3342021285,-0.2220817838,-0.1317949327,-0.00489413762,-0.1238631626,0.08629778437,0.3600043473,0.1143403656,-0.2791019889,0.008554915213,0.006597208703,0.006597208703,0.002637795173,0.002637795173,0.1323622102,0.1423622007,0.001829151394
3.28,0.21637426,-0.1130161773,-0.4131119532,0.04201201396,0.002637792114,0.999996521,0.002637792114,0.999996521,0,0,1.317041763,1.64749994,-1.407220464,1.329845872,-0.08246455418,0.1967358397,0.2100122555,-1.245767663,1.54765169,1.264385486,1.395259513,-0.1108059124,0.007185120856,-0.495833796,0.1453316719,-0.0007137160522,-0.1693568251,0.386476576,0.4221189963,-0.3380568426,-0.2253230352,-0.1331251476,-0.005052927795,-0.1254582129,0.08685423789,0.3643492297,0.1160198857,-0.2832700402,0.008557849707,0.006561857688,0.006561857688,0.002637795173,0.002637795173,0.1323622102,0.1423622007,0.001836203218
3.29,0.2122179278,-0.1125941311,-0.4181422369,0.04239627572,0.002637792114,0.999996521,0.002637792114,0.999996521,0,0,1.31849508,1.647492803,-1.408914032,1.333710638,-0.07824336422,0.1933552713,0.2077590251,-1.247098915,1.54760116,1.263130904,1.396128056,-0.1071624201,0.008345319713,-0.4986664964,0.1448315881,-0.0007186370028,-0.1694371836,0.3882652862,0.4259706215,-0.3391794274,-0.2296766835,-0.1334436479,-0.004265648176,-0.1270038272,0.08568056229,0.3673261448,0.1202888837,-0.2857473668,0.008560808225,0.006525915996,0.006525915996,0.002637795173,0.002637795173,0.1323622102,0.1423622007,0.001843340378
3.3,0.208011663,-0.112168271,-0.4230982077,0.04277478686,0.002637792114,0.999996521,0.002637792114,0.999996521,0,0,1.319943396,1.647485616,-1.410608404,1.337593291,-0.073983658,0.189963477,0.2054622583,-1.248433351,1.547558504,1.261860865,1.396984861,-0.1034891587,0.00954820855,-0.5015239701,0.143585265,-0.0007226781681,-0.1683223849,0.3908603744,0.4295658718,-0.3395818859,-0.234938361,-0.1335487739,-0.002761044455,-0.1283235407,0.08535304817,0.3692015655,0.1254234901,-0.2863418255,0.00856375735,0.006492430222,0.006492430222,0.002637795173,0.002637795173,0.1313439571,0.1423622007,0.001850526748
3.31,0.2037562166,-0.111738655,-0.4279782936,0.04314742573,0.002637792114,0.999996521,0.002637792114,0.999996521,0,0,1.321379248,1.64747839,-1.412291628,1.341501894,-0.06968799929,0.1865676582,0.2031128747,-1.249768839,1.547530893,1.26057763,1.397838392,-0.09979714301,0.01080244345,-0.5043873884,0.1445951342,-0.0007308791814,-0.1699497963,0.3944845609,0.4336758845,-0.3432075875,-0.2381245512,-0.1348018129,-0.00290097048,-0.1298654315,0.08587264126,0.3732812131,0.1271104222,-0.2903539333,0.008566681651,0.006463657388,0.006463657388,0.002637795173,0.002637795173,0.1297071853,0.1423622007,0.00185775353
3.32,0.1994523552,-0.1113053424,-0.432780958,0.04351407343,0.002637792114,0.999996521,0.002637792114,0.999996521,0,0,1.3228252,1.647471081,-1.413991126,1.34544674,-0.06535124044,0.1831355823,0.2007316292,-1.251116857,1.547501884,1.259278976,1.398697118,-0.09606433088,0.01207354767,-0.5072909277,0.1455778527,-0.0007389932696,-0.1715369003,0.3980390667,0.4376870445,-0.346772889,-0.2412818113,-0.13603858,-0.003046310809,-0.1313876692,0.0863895913,0.3772875185,0.1287716256,-0.2943368348,0.008569627595,0.006434376475,0.006434376475,0.002637795173,0.002637795173,0.1284789835,0.1423622007,0.001865062322
3.33,0.1951008605,-0.1108683939,-0.4375046998,0.0438746138,0.002637792114,0.999996521,0.002637792114,0.999996521,0,0,1.324280978,1.647463691,-1.415706495,1.349427131,-0.06097437,0.1796678534,0.198318811,-1.252477243,1.547471421,1.257965099,1.399561014,-0.0922914557,0.01336126393,-0.510234296,0.145555447,-0.0007462910627,-0.1718546982,0.4012285762,0.4413864483,-0.3489072147,-0.2453312512,-0.140781182,0.009694538835,-0.1154638778,0.0867219158,0.3649253888,0.1329129602,-0.2819910033,0.008572594645,0.006404577984,0.006404577984,0.002637795173,0.002637795173,0.1276721324,0.1423622007,0.001872452255
3.34,0.1907025291,-0.1104278709,-0.4421480532,0.0442289334,0.002637792114,0.999996521,0.002637792114,0.999996521,0,0,1.325736533,1.647456228,-1.417425042,1.353439417,-0.05656050551,0.1761787813,0.1958654985,-1.253885055,1.547568366,1.25681046,1.400428233,-0.08864220181,0.01469039353,-0.5130542061,0.1440534339,-0.0007516622728,-0.1703368503,0.4038448226,0.4446933759,-0.3489264071,-0.2507021439,-0.150669968,0.04136720269,-0.07407929124,0.08671416171,0.3286555251,0.1407641551,-0.2456855254,0.008575562009,0.006415649177,0.006415649177,0.002637795173,0.002637795173,0.1273622001,0.1423622007,0.001879915165
3.35,0.1862581722,-0.1099838363,-0.4467095879,0.04457692156,0.002637792114,0.999996521,0.002637792114,0.999996521,0,0,1.327177067,1.647448711,-1.41912841,1.357477865,-0.05211357175,0.1726895172,0.1933584771,-1.255391754,1.547982038,1.256069667,1.401295375,-0.08535564656,0.01609803508,-0.5155110613,0.1443205406,-0.0007563188816,-0.1714951755,0.4051210259,0.4483283301,-0.3508044279,-0.2538969439,-0.1514473787,0.04195905505,-0.07511149653,0.08527510976,0.3316634114,0.1437627603,-0.2489618942,0.008578499083,0.006528355718,0.006528355718,0.002637795173,0.002637795173,0.1273622001,0.1423622007,0.001887431788
3.36,0.1817686148,-0.1095363539,-0.451187909,0.04491847033,0.002637792114,0.999996521,0.002637792114,0.999996521,0,0,1.328620273,1.647441148,-1.420843362,1.361529075,-0.04763028845,0.1691814729,0.1908195077,-1.256906228,1.548401629,1.255318552,1.402148126,-0.08203901244,0.01753566268,-0.5180006803,0.1451611587,-0.0007628906322,-0.1729088529,0.4083833172,0.451976998,-0.3540729616,-0.2569500568,-0.1527842166,0.04237922895,-0.07600001761,0.08575376957,0.3347953262,0.1454579748,-0.2520715109,0.008581442641,0.006642917038,0.006642917038,0.002637795173,0.002637795173,0.1273622001,0.1423622007,0.001894994977
3.37,0.1772346959,-0.1090854887,-0.4555816569,0.04525347449,0.002637792114,0.999996521,0.002637792114,0.999996521,0,0,1.330071884,1.647433519,-1.42257245,1.365612908,-0.04311051847,0.1656407433,0.1882500071,-1.25843407,1.548825421,1.254558552,1.403005664,-0.07869105918,0.01899024243,-0.5205213954,0.1445592611,-0.0007674743623,-0.172512161,0.4111303731,0.4552781984,-0.3552670482,-0.2612988435,-0.167977673,0.08791468276,-0.01402277525,0.0859820533,0.2816753005,0.1519933613,-0.1994574263,0.008584404468,0.006758748203,0.006758748203,0.002637795173,0.002637795173,0.1273622001,0.1423622007,0.001902623883
3.38,0.1726572679,-0.1086313066,-0.4598895076,0.0455818316,0.002637792114,0.999996521,0.002637792114,0.999996521,0,0,1.331517477,1.647425845,-1.424297572,1.369724212,-0.03855773649,0.1620880728,0.1856370187,-1.260113847,1.549704568,1.254418324,1.403865484,-0.07587430618,0.02051017604,-0.5225159696,0.1432751867,-0.0007718790978,-0.1712663018,0.4136048205,0.4583851477,-0.355469757,-0.2662274133,-0.1896818236,0.1545815546,0.07699016355,0.08609410759,0.2024772139,0.1608101556,-0.1207222301,0.008587354719,0.007020818225,0.007020818225,0.002637795173,0.00395567638,0.1273622001,0.1412874868,0.001910298627
3.39,0.1680371964,-0.1081738746,-0.4641101722,0.04590344192,0.002637792114,0.999996521,0.002637792114,0.999996521,0,0,1.332950229,1.647418126,-1.426010235,1.37386026,-0.03397388501,0.1585333752,0.1829747445,-1.262010665,1.551250383,1.255188226,1.404726425,-0.07384953404,0.0221182776,-0.5237231919,0.1440022559,-0.0007791972167,-0.1725339828,0.41664277,0.461750076,-0.3585049023,-0.269201888,-0.1914204863,0.156330483,0.07741212485,0.08655939149,0.2041625393,0.1626066551,-0.1220663608,0.008590279189,0.00749719924,0.00749719924,0.002637795173,0.006861222736,0.1273622001,0.1386403845,0.001918017418
3.4,0.1633753593,-0.1077132606,-0.4682423976,0.04621820847,0.002637792114,0.999996521,0.002637792114,0.999996521,0,0,1.334390251,1.647410334,-1.427735575,1.378026688,-0.02935638425,0.1549483262,0.1802827256,-1.26392487,1.552813688,1.255962347,1.405592019,-0.07180790864,0.02374434415,-0.5249438556,0.1443823715,-0.0007853254045,-0.1736222229,0.4184557026,0.464980291,-0.360650468,-0.2721783358,-0.192804096,0.1581454156,0.07772915642,0.08590755535,0.2056939752,0.165118292,-0.123457774,0.008593219496,0.007979380666,0.007979380666,0.002637795173,0.009303318244,0.1273622001,0.1359693523,0.00192580939
3.41,0.1586726473,-0.1072495335,-0.4722849658,0.046526037,0.002637792114,0.999996521,0.002637792114,0.999996521,0,0,1.335834075,1.64740248,-1.429471797,1.382211245,-0.02470658134,0.1513418215,0.1775609423,-1.265852911,1.554395142,1.256739639,1.406451095,-0.06975096889,0.02539552707,-0.5261784333,0.1424305213,-0.00078903115,-0.1717725305,0.4196024678,0.4678205373,-0.3594546353,-0.2773156482,-0.1926125704,0.1598442545,0.07700958762,0.08501348152,0.2077148023,0.1676022685,-0.122707465,0.008596168511,0.008467606065,0.008467606065,0.002637795173,0.0117251038,0.1269069872,0.1332749005,0.001933662644
3.42,0.1539299628,-0.1067827633,-0.4762366944,0.04682683602,0.002637792114,0.999996521,0.002637792114,0.999996521,0,0,1.33725838,1.64739459,-1.431189522,1.38640727,-0.02002837597,0.1477472752,0.1747877858,-1.267779037,1.555993585,1.257509735,1.40730123,-0.06767382087,0.02707154975,-0.5274055079,0.1418590078,-0.0007950084304,-0.1714308299,0.4220259521,0.4707574915,-0.3605350291,-0.2813093463,-0.1934440423,0.1614774687,0.07682959629,0.08524880286,0.2095301512,0.1693686201,-0.1229011087,0.008599077828,0.008961528681,0.008599077828,0.002637795173,0.01444246062,0.1259277279,0.1305575435,0.001941552955
3.43,0.14914822,-0.1063130205,-0.4800964363,0.04712051674,0.002637792114,0.999996521,0.002637792114,0.999996521,0,0,1.33867697,1.64738664,-1.432903831,1.390627529,-0.01532080105,0.1441419249,0.1719746923,-1.269713477,1.55760836,1.258278031,1.408153718,-0.06557851936,0.02876523596,-0.528634519,0.1424508829,-0.0008018539988,-0.1725342025,0.4247565313,0.4737471522,-0.363265543,-0.2841414855,-0.1950560052,0.1631246113,0.07714535328,0.08567484722,0.2110375186,0.1710510328,-0.1241450523,0.008601975997,0.009460920494,0.008601975997,0.002637795173,0.01718219619,0.1249882434,0.1278178064,0.00194950304
3.44,0.1443283444,-0.1058403769,-0.4838630797,0.04740699315,0.002637792114,0.999996521,0.002637792114,0.999996521,0,0,1.340101479,1.647378622,-1.434629173,1.394875094,-0.01058332953,0.1405092695,0.1691332775,-1.271664037,1.559239606,1.259049484,1.409010466,-0.06346814417,0.03047574628,-0.5298759696,0.1429007785,-0.0008083901043,-0.173454693,0.4273707386,0.4766197148,-0.3657603273,-0.2870380784,-0.1965651108,0.1647412012,0.07738939617,0.08607936419,0.2125252889,0.1727032822,-0.1252677401,0.008604887193,0.009965827966,0.008604887193,0.002637795173,0.01994378025,0.1240429571,0.1250562208,0.00195752158
3.45,0.1394712723,-0.105364905,-0.4875355486,0.04768618197,0.002637792114,0.999996521,0.002637792114,0.999996521,0,0,1.341530487,1.647370538,-1.43636372,1.399148802,-0.005817132384,0.1368516662,0.1662628967,-1.273629688,1.560887018,1.259823378,1.40987126,-0.06134289128,0.03220277911,-0.531128647,0.1397930771,-0.0008079635217,-0.1700633024,0.4282783494,0.4790822941,-0.3628615721,-0.2930823224,-0.1956106122,0.166233396,0.07611411618,0.08546673312,0.2146911341,0.1747446827,-0.1233304099,0.008607808486,0.01047616531,0.008607808486,0.002637795173,0.02272667629,0.123092014,0.1223112774,0.001965605481
3.46,0.1345779508,-0.1048866779,-0.4911128019,0.04795800265,0.002637792114,0.999996521,0.002637792114,0.999996521,0,0,1.342928418,1.647362458,-1.438064353,1.403431585,-0.001026309443,0.1332230505,0.1633320735,-1.275585795,1.562549352,1.260584519,1.410725927,-0.05919597994,0.03395022593,-0.5323619511,0.1398471604,-0.0008126777125,-0.1708636791,0.4291626799,0.4817824395,-0.3641835817,-0.295835366,-0.1966502302,0.1679168612,0.07622628489,0.08426199102,0.2159014504,0.1774169902,-0.1245693915,0.008610666146,0.01099157218,0.008610666146,0.002637795173,0.02530369746,0.1223622048,0.1209159305,0.001973685116
3.47,0.129649337,-0.1044057697,-0.4945938344,0.04822237738,0.002637792114,0.999996521,0.002637792114,0.999996521,0,0,1.344326889,1.647354331,-1.43977299,1.407723212,0.003791514952,0.1295812147,0.1603737198,-1.277552297,1.56422852,1.261346782,1.411568547,-0.05703696544,0.03572439584,-0.533607645,0.1403098824,-0.0008189983614,-0.1718076111,0.4315807852,0.4843912993,-0.3666080241,-0.298503997,-0.1981332834,0.1694525869,0.07643822693,0.08465053905,0.2172234789,0.1789745341,-0.1257092786,0.008613525724,0.01151266178,0.008613525724,0.002637795173,0.02716576774,0.1223622048,0.1195039865,0.001981811893
3.48,0.1246863981,-0.1039222554,-0.4979776759,0.0484792311,0.002637792114,0.999996521,0.002637792114,0.999996521,0,0,1.345729988,1.647346141,-1.441491066,1.41203902,0.008635427945,0.1259151344,0.1573886798,-1.27953363,1.565923046,1.262111164,1.412415052,-0.05486473065,0.03751414118,-0.5348647378,0.13892315,-0.0008230770954,-0.1704532577,0.4332947397,0.4867966384,-0.3662573391,-0.3028335004,-0.1983655783,0.1708776077,0.07585951061,0.08478016816,0.2189311013,0.1805134421,-0.1251698323,0.008616395633,0.01203894733,0.008616395633,0.002637795173,0.02904229256,0.1223622048,0.1180822091,0.001990001877
3.49,0.1196901106,-0.1034362104,-0.5012633918,0.04872849149,0.002637792114,0.999996521,0.002637792114,0.999996521,0,0,1.347119219,1.64733791,-1.443195598,1.416371967,0.01350339433,0.122252561,0.1543603448,-1.281517285,1.567631822,1.262869759,1.413262854,-0.05267541964,0.0393192756,-0.5361164361,0.1374640357,-0.0008249748425,-0.1690136414,0.434918738,0.4891159514,-0.3657737499,-0.3071586361,-0.1985385317,0.1722707819,0.0752374721,0.08490189333,0.2205961144,0.1820129054,-0.1245698634,0.008619237402,0.01257009347,0.008619237402,0.002637795173,0.03066648403,0.1223622048,0.1159395549,0.001998232648
3.5,0.1146614604,-0.1029477111,-0.5044500829,0.04897008896,0.002637792114,0.999996521,0.002637792114,0.999996521,0,0,1.34849386,1.647329661,-1.444885735,1.420721155,0.01839455384,0.1185948235,0.1512887585,-1.283502671,1.56935453,1.263622134,1.414111873,-0.05046945849,0.04113940465,-0.5373621347,0.1377776875,-0.0008282745892,-0.1698089445,0.4369141906,0.4914351414,-0.3678273685,-0.3097055493,-0.1998682568,0.1737309078,0.07535643175,0.08509058897,0.2217542935,0.1835853481,-0.1256393225,0.008622049637,0.01310600523,0.008622049637,0.002637795173,0.03245169184,0.1223622048,0.1130583524,0.002006482396
3.51,0.1096014419,-0.1024568344,-0.5075368855,0.04920395667,0.002637792114,0.999996521,0.002637792114,0.999996521,0,0,1.349871637,1.647321378,-1.446583824,1.425090297,0.02330890526,0.1149165498,0.148191703,-1.285501353,1.571091839,1.264375698,1.414962779,-0.04825191556,0.04297525813,-0.5386185279,0.1374720208,-0.0008515842479,-0.1701990657,0.4370638154,0.4936545949,-0.3683187114,-0.3123270224,-0.2005556801,0.1752754507,0.07525139905,0.08348407487,0.2227309252,0.1863275021,-0.1266127813,0.008624869263,0.01364689872,0.008624869263,0.002637795173,0.03484082179,0.1223622048,0.1101591772,0.002014765142
3.52,0.1045110584,-0.1019636579,-0.510522971,0.0494300305,0.002637792114,0.999996521,0.002637792114,0.999996521,0,0,1.351246357,1.647312862,-1.448285815,1.429460935,0.02824545121,0.1112333627,0.1450684328,-1.28750691,1.572844594,1.265128212,1.41579762,-0.0460246063,0.04483853315,-0.5398846558,0.1341093443,-0.001697224991,-0.1654336998,0.4378192627,0.4948288789,-0.3650275813,-0.3171182923,-0.1994864461,0.1764796766,0.07386132503,0.08337079211,0.2246929617,0.1876831159,-0.12434803,0.008627681864,0.01419307127,0.008627681864,0.002637795173,0.03774456612,0.1223622048,0.1072426042,0.002023280984
3.53,0.09939132087,-0.10146826,-0.5134075466,0.04964824911,0.002637792114,0.999996521,0.002637792114,0.999996521,0,0,1.35258745,1.64729589,-1.449940152,1.433839127,0.03319373999,0.1075830869,0.1418972498,-1.289501775,1.57460939,1.265866826,1.416631328,-0.04377767669,0.04671536431,-0.5411281361,0.1342788143,-0.002521177131,-0.1650794827,0.4397604414,0.49600685,-0.3670246455,-0.318563542,-0.2007627984,0.1778298877,0.07391749238,0.08371607719,0.2257230238,0.1890245672,-0.1253230247,0.008630363237,0.01474343158,0.008630363237,0.002637795173,0.04006080895,0.1223622048,0.1043092125,0.002040253234
3.54,0.09424324833,-0.1009707193,-0.5161898546,0.04985855386,0.002637792114,0.999996521,0.002637792114,0.999996521,0,0,1.353930238,1.647270678,-1.451590947,1.438236732,0.03815380849,0.1039128405,0.1387116144,-1.291509403,1.576387689,1.266606001,1.417468488,-0.04152044645,0.04860560999,-0.5423813663,0.1344222439,-0.003356476027,-0.1646731801,0.4416203027,0.497064353,-0.3689526037,-0.3199407104,-0.202010219,0.1791487685,0.07395278668,0.08405659513,0.2267037639,0.1903276545,-0.1262781608,0.008632988819,0.01529844017,0.008632988819,0.002637795173,0.04180447674,0.1223622048,0.1013595861,0.002065465006
3.55,0.08906786708,-0.1004711155,-0.518869173,0.05006088887,0.002637792114,0.999996521,0.002637792114,0.999996521,0,0,1.355274461,1.647237113,-1.453237678,1.442652935,0.04312445202,0.1002233144,0.1355122073,-1.293529505,1.578179177,1.267345528,1.418309054,-0.03925340881,0.05050888653,-0.5436441479,0.1170296508,-0.1335481205,0.003865590547,0.4423738093,0.362426712,-0.3756349476,-0.1735604302,-0.2015582697,0.1803070137,0.07296037715,0.08397328709,0.2282513305,0.1916204991,-0.1249488667,0.008635557238,0.01585800535,0.008635557238,0.002637795173,0.04296672402,0.1223622048,0.09839431297,0.002099029766
3.56,0.08386621047,-0.0999695283,-0.5214448148,0.05025520099,0.002637792114,0.999996521,0.002637792114,0.999996521,0,0,1.356444757,1.645901632,-1.453199022,1.447076673,0.04674871915,0.09646696494,0.133776603,-1.295545087,1.579982247,1.268075132,1.419148787,-0.03697089551,0.05242509152,-0.5448936366,0.1070727394,-0.2050449899,0.0953145351,0.4416798428,0.2900398161,-0.3787855139,-0.09414158912,-0.201288349,0.18161316,0.07225327951,0.08211309883,0.2292694947,0.1942076717,-0.1246974577,0.008628278641,0.01642162757,0.008628278641,0.004586016688,0.04458601616,0.1203649134,0.09542585828,0.003434510971
3.57,0.07863931855,-0.09946603835,-0.5239161288,0.05044143982,0.002637792114,0.999996521,0.002637792114,0.999996521,0,0,1.357515485,1.643851182,-1.452245877,1.451493471,0.04964911731,0.0926791098,0.1328351871,-1.297557971,1.581798379,1.268797665,1.419969918,-0.03467820056,0.05436716824,-0.5461406112,0.1070119436,-0.2063691902,0.09533438579,0.4433013924,0.291151194,-0.3806287001,-0.09483057752,-0.2024280103,0.1828303815,0.07221766498,0.08242121916,0.2301006928,0.1954003491,-0.1255662065,0.008615776201,0.01698979285,0.008615776201,0.007580803808,0.04758080383,0.1168791489,0.09294707352,0.00548496087
3.58,0.07338823771,-0.09896072658,-0.526282499,0.0506195577,0.002637792114,0.999996521,0.002637792114,0.999996521,0,0,1.358585604,1.64178749,-1.451292533,1.455926485,0.05256062925,0.0888728228,0.1318868813,-1.299582251,1.583626682,1.269519842,1.42079413,-0.03237719363,0.05632117173,-0.5473962732,0.1059152039,-0.2077510446,0.09596300379,0.4443806811,0.2918377905,-0.3824333984,-0.09680336256,-0.2027320332,0.1839401023,0.07167672724,0.08259689197,0.2312058596,0.1965016894,-0.1252831207,0.008603413806,0.01756220586,0.008603413806,0.01058945015,0.05058945074,0.113984793,0.09106334002,0.007548652772
3.59,0.06811402032,-0.09845367442,-0.5285433449,0.0507895097,0.002637792114,0.999996521,0.002637792114,0.999996521,0,0,1.359644756,1.63970998,-1.450332903,1.460370292,0.05547900715,0.08504848882,0.1309188477,-1.301609571,1.585466083,1.270236609,1.421620099,-0.03006513504,0.05828618862,-0.5486491044,0.1036648449,-0.2092030467,0.09727547294,0.4448703663,0.2920634444,-0.3842098611,-0.1002118486,-0.2021057723,0.1849331915,0.07057192844,0.08262700738,0.2326172416,0.1975015682,-0.1237145767,0.008591170501,0.01813853126,0.008591170501,0.01361135275,0.05361135354,0.1113886486,0.08966699026,0.009626163218
3.6,0.06281772438,-0.09794496374,-0.5306981214,0.05095125364,0.002637792114,0.999996521,0.002637792114,0.999996521,0,0,1.360681405,1.637617949,-1.449360148,1.464818996,0.0583996416,0.08120639021,0.1299167292,-1.303630629,1.587315415,1.270942328,1.422446369,-0.02773896262,0.0602612043,-0.5498862502,0.1034722153,-0.2104243943,0.097253017,0.4459951429,0.2930121978,-0.3856564117,-0.100857081,-0.2030656709,0.1860642604,0.07044457382,0.08264336518,0.2332670263,0.1987586308,-0.124509581,0.008579022378,0.01871840136,0.008579022378,0.01664590543,0.05664590565,0.1083540942,0.0878208597,0.01171819369
3.61,0.05750041316,-0.09743467684,-0.5327463187,0.05110475008,0.002637792114,0.999996521,0.002637792114,0.999996521,0,0,1.361716127,1.635513706,-1.448387618,1.469278947,0.06132976357,0.07734982609,0.1289081584,-1.305661286,1.589176058,1.271646774,1.423272803,-0.02540629236,0.06224879061,-0.551131346,0.1027866494,-0.211640896,0.0973867192,0.4455024263,0.2939416188,-0.3859151267,-0.1015659447,-0.2034456014,0.1872419379,0.07010793804,0.08101646481,0.2337523708,0.2010923903,-0.1251765214,0.008567033029,0.0193022605,0.008567033029,0.01969249897,0.05956185232,0.1052690197,0.08530750093,0.01382243763
3.62,0.05216315485,-0.09692289636,-0.5346874625,0.0512499623,0.002637792114,0.999996521,0.002637792114,0.999996521,0,0,1.362743993,1.633397297,-1.447413751,1.473733971,0.06426917976,0.07349067482,0.127892499,-1.307695742,1.591048477,1.272347853,1.424082968,-0.02306876865,0.06425971452,-0.5523831112,0.09950413565,-0.2130533822,0.09928643769,0.4452955571,0.2937271798,-0.3874763073,-0.1061177982,-0.2020044879,0.1880439886,0.06853671671,0.08095092394,0.2353404859,0.201865863,-0.1224892273,0.008555196898,0.01989026599,0.008555196898,0.02275052134,0.06159631341,0.102249475,0.08224947913,0.01593884659
3.63,0.04680702222,-0.09640970532,-0.5365211139,0.05138685635,0.002637792114,0.999996521,0.002637792114,0.999996521,0,0,1.363739035,1.631266763,-1.446420887,1.478186927,0.06720645156,0.06961591175,0.126831321,-1.309715787,1.592928917,1.273033221,1.424892477,-0.02071536379,0.06627837315,-0.5536080035,0.09931130279,-0.2141528639,0.09918621288,0.4464387446,0.2944918466,-0.3889128445,-0.1067233007,-0.2029337326,0.1890495709,0.0683694348,0.08121674772,0.2358638337,0.202811153,-0.1231936791,0.008543451686,0.02048121488,0.008543451686,0.0258193579,0.06363876817,0.09918063897,0.07918064314,0.01806938041
3.64,0.04143309223,-0.09589518706,-0.5382468695,0.051515401,0.002637792114,0.999996521,0.002637792114,0.999996521,0,0,1.364732148,1.629125234,-1.445429025,1.482651314,0.07015137003,0.0657267833,0.125764088,-1.311745124,1.594819413,1.273716915,1.425704644,-0.01835672545,0.06830648468,-0.5548399403,0.09910118376,-0.2152128663,0.0990630904,0.4474998502,0.2951961085,-0.3902759127,-0.1073093732,-0.2038313812,0.1900194463,0.06818407053,0.08147709332,0.2363364481,0.2037140806,-0.1238767706,0.008531886774,0.02107576104,0.008531886774,0.02889839159,0.06568876516,0.09610160585,0.07610161002,0.02021090905
3.65,0.03604244571,-0.09537942522,-0.5398643611,0.05163556777,0.002637792114,0.999996521,0.002637792114,0.999996521,0,0,1.36572316,1.626973105,-1.444438394,1.487126313,0.07310333111,0.06182402418,0.1246909943,-1.313783438,1.596719607,1.274398756,1.426519415,-0.01599336097,0.07034362548,-0.556078708,0.09614399877,-0.2164683472,0.100650143,0.4467502962,0.2950704182,-0.3911874259,-0.1111065374,-0.2025655101,0.1907629986,0.06678100975,0.08091406227,0.2375641961,0.2047445656,-0.1217102072,0.008520508293,0.02167379553,0.008520508293,0.03198700314,0.06774585237,0.09301299488,0.07301299905,0.02236303771
3.66,0.030636167,-0.09486250372,-0.5413732561,0.05174733091,0.002637792114,0.999996521,0.002637792114,0.999996521,0,0,1.3666846,1.624808422,-1.443431892,1.491593816,0.07605403529,0.05791214992,0.1235799289,-1.315809093,1.598627237,1.275066566,1.427328556,-0.01361771901,0.07239107114,-0.5572958101,0.09486902211,-0.2175312051,0.1010450968,0.4459082293,0.2955368498,-0.3913311195,-0.1124433527,-0.2024225502,0.1916783893,0.06610951701,0.07949163486,0.2380113819,0.2066160058,-0.1215920555,0.008509251155,0.02227459468,0.008509251155,0.03386118312,0.07008457093,0.08991542732,0.06991542967,0.02452772118
3.67,0.02521534357,-0.09434450669,-0.5427732571,0.05185066743,0.002637792114,0.999996521,0.002637792114,0.999996521,0,0,1.36763329,1.62263311,-1.442421441,1.496052898,0.07900940379,0.05399883872,0.1224554954,-1.317833318,1.600544021,1.275727661,1.428123472,-0.01123760519,0.0744572312,-0.5585117306,0.09460406932,-0.2184710738,0.1008618753,0.4467363692,0.2960715635,-0.392489175,-0.1129710577,-0.203211196,0.1925353107,0.06586587014,0.07972049682,0.2383301634,0.2073940522,-0.1221903842,0.00849816656,0.02287870685,0.00849816656,0.03541413422,0.0731904743,0.08680952626,0.06680952629,0.02670303324
3.68,0.01978106571,-0.09382551853,-0.5440641024,0.05194555705,0.002637792114,0.999996521,0.002637792114,0.999996521,0,0,1.368579331,1.620448399,-1.441412823,1.500520262,0.08197011942,0.05007394697,0.1213257848,-1.31986543,1.602469374,1.27638632,1.428920677,-0.008854303558,0.07653117172,-0.5597336345,0.09239642597,-0.2195246135,0.1019309437,0.4465761071,0.2959999494,-0.3935595395,-0.115858357,-0.2025507509,0.1931881512,0.06478883409,0.07980176349,0.2392448994,0.2079210322,-0.1207047732,0.008487286679,0.02348595199,0.008487286679,0.03697093974,0.0763040865,0.08369591638,0.0636959141,0.02888774397
3.69,0.01433442614,-0.09330562377,-0.5452455655,0.05203198225,0.002637792114,0.999996521,0.002637792114,0.999996521,0,0,1.369503295,1.618253153,-1.440393513,1.504986023,0.08493011892,0.04613835158,0.1201672012,-1.321890938,1.604401256,1.277034208,1.429718695,-0.006461854564,0.07861038204,-0.5609406822,0.09065420329,-0.2204991378,0.1026616521,0.4465668513,0.2960124886,-0.394567317,-0.1181304741,-0.2022117035,0.1938427821,0.06389707899,0.07991877989,0.2399404747,0.2084512792,-0.1197126384,0.008476568239,0.02409567666,0.008476568239,0.03942477794,0.07942478011,0.08057522377,0.06146871147,0.03108299011
3.7,0.008876519651,-0.09278490714,-0.5463174553,0.05210992826,0.002637792114,0.999996521,0.002637792114,0.999996521,0,0,1.370409837,1.616048162,-1.439366897,1.509451691,0.0878902438,0.04219267841,0.1189858965,-1.323913055,1.606339684,1.277673179,1.430517883,-0.004062449817,0.08069489483,-0.5621378086,0.09014781787,-0.221326882,0.1024837399,0.4462988571,0.2964343262,-0.3948509882,-0.1185405197,-0.2026283865,0.1946257122,0.06350891626,0.07915160567,0.2400095512,0.2097844341,-0.1202337754,0.008466029367,0.02470788802,0.008466029367,0.04255192718,0.08255192818,0.07744807569,0.05990513743,0.03328798149
3.71,0.003408442797,-0.09226345351,-0.5472796162,0.05217938301,0.002637792114,0.999996521,0.002637792114,0.999996521,0,0,1.371311315,1.613834893,-1.438342059,1.51391468,0.09085458707,0.03824416852,0.1178004913,-1.325939339,1.608285941,1.278308268,1.431309399,-0.001662354306,0.08279273917,-0.5633401463,0.08828165475,-0.2223558331,0.1033399541,0.4451648925,0.2963293931,-0.3949198716,-0.1203254773,-0.2019992349,0.1951735351,0.0624444243,0.07808722285,0.2405511904,0.2110609958,-0.1194651874,0.008455707462,0.02532299532,0.008455707462,0.04568490361,0.0852118102,0.07431510043,0.05843103985,0.03550125031
3.72,-0.002068706506,-0.09174134782,-0.548131928,0.05224033722,0.002637792114,0.999996521,0.002637792114,0.999996521,0,0,1.372194132,1.611611334,-1.43730866,1.518366329,0.093817881,0.03429496981,0.1165972365,-1.327959331,1.610237676,1.278932712,1.432090271,0.000743157598,0.08490334913,-0.5645347982,0.08577478306,-0.2234893611,0.1047763715,0.4445887564,0.295787043,-0.3957146311,-0.1230854474,-0.2010381711,0.1954987156,0.06105246488,0.07815632062,0.2414985009,0.2113503951,-0.1178577547,0.008445566816,0.02594023287,0.008445566816,0.04823043734,0.08689297502,0.07117692616,0.05617692272,0.03772480864
3.73,-0.007553829313,-0.09121867512,-0.5488743059,0.05229278432,0.002637792114,0.999996521,0.002637792114,0.999996521,0,0,1.373051879,1.609376441,-1.436260896,1.522812217,0.09677575143,0.0303378235,0.115366382,-1.329969713,1.612192663,1.279543237,1.432871834,0.003158142607,0.08701685308,-0.5657133757,0.08541356952,-0.2241812856,0.1044727492,0.4449502973,0.2959824097,-0.3964526765,-0.1234858708,-0.2016155547,0.1961205088,0.06070532438,0.07834644717,0.2415051542,0.2118589099,-0.1183036726,0.008435592737,0.02655888675,0.008435592737,0.04980180828,0.0883482793,0.06803418195,0.05303418086,0.03714347976
3.74,-0.01304582601,-0.0906955205,-0.5495067004,0.05233672049,0.002637792114,0.999996521,0.002637792114,0.999996521,0,0,1.373906015,1.607134628,-1.435216168,1.527261719,0.09973557553,0.02637329673,0.1141315233,-1.331985868,1.614153868,1.28015029,1.433655299,0.005573194149,0.08913544218,-0.5668964125,0.08434972815,-0.2248804162,0.1046215911,0.444898139,0.2959537987,-0.3970940011,-0.1246957515,-0.2016785596,0.1966386622,0.06007436047,0.07850069674,0.2417002928,0.2122251404,-0.1180100942,0.008425856481,0.027179927,0.008425856481,0.05137514843,0.09046378104,0.0648874993,0.04988750054,0.03518227467
3.75,-0.01854359666,-0.09017196908,-0.5500290975,0.05237214463,0.002637792114,0.999996521,0.002637792114,0.999996521,0,0,1.374749512,1.604885824,-1.434169953,1.531710701,0.1026951135,0.02240235672,0.1128845658,-1.334002654,1.616120255,1.280751034,1.434440306,0.007990197077,0.09125769359,-0.5680765134,0.08091392366,-0.2257003721,0.1062937345,0.4425278568,0.2954658044,-0.3966433598,-0.1283129222,-0.1998546564,0.1969712587,0.05846949158,0.07710588769,0.2424356368,0.2132757423,-0.1154845056,0.008416345862,0.02780302132,0.008416345862,0.05326248949,0.09326249232,0.06204985566,0.04673751177,0.03321588805
3.76,-0.02404604137,-0.08964810598,-0.5504415187,0.05239905841,0.002637792114,0.999996521,0.002637792114,0.999996521,0,0,1.375558652,1.60262882,-1.433107015,1.536135979,0.1056497716,0.01843592312,0.1116014366,-1.336001201,1.618089968,1.281335728,1.435211365,0.01041455344,0.09339045101,-0.5692313585,0.08039279591,-0.2262663107,0.1059782866,0.4420633939,0.2955424613,-0.3967038083,-0.1285850356,-0.2001361014,0.197495158,0.05801051468,0.07656144286,0.242223775,0.2141523905,-0.1158406257,0.008407008798,0.02842754959,0.008407008798,0.05641515607,0.09571137048,0.06020767628,0.04358484401,0.03124617546
3.77,-0.02955206063,-0.08912401627,-0.5507440207,0.05241746623,0.002637792114,0.999996521,0.002637792114,0.999996521,0,0,1.37636258,1.600366157,-1.432047232,1.540556613,0.1086051962,0.01446888504,0.1103155862,-1.338002562,1.620064919,1.281915834,1.435976979,0.01283679119,0.09553197491,-0.5703897647,0.0798885338,-0.2267899854,0.1056630254,0.4420727588,0.2954926919,-0.3971542872,-0.1290017795,-0.2005058554,0.1979437938,0.05756887861,0.07671703665,0.2420620347,0.2144659787,-0.1160836838,0.008397920751,0.02905414024,0.008397920751,0.05956987072,0.09781790515,0.0576816881,0.04043012819,0.02927122388
3.78,-0.03506055569,-0.08859978498,-0.5509366959,0.05242737522,0.002637792114,0.999996521,0.002637792114,0.999996521,0,0,1.377161465,1.598098257,-1.430990602,1.544977341,0.1115601231,0.01049734217,0.1090255684,-1.34000762,1.622044357,1.282491522,1.436744149,0.01525741154,0.0976766347,-0.5715506016,0.07604266651,-0.2275028638,0.1076526405,0.4403830152,0.2946642695,-0.3973914344,-0.1333758237,-0.1985778669,0.1980313082,0.05587166738,0.07677690504,0.243016358,0.2142058681,-0.1128947514,0.008389086248,0.02968256098,0.008389086248,0.06272600392,0.09992557518,0.05449826659,0.03729869648,0.02729178594
3.79,-0.04057042888,-0.08807549706,-0.5510196718,0.05242879525,0.002637792114,0.999996521,0.002637792114,0.999996521,0,0,1.377921892,1.595823229,-1.429914076,1.549381171,0.1145067658,0.006523427825,0.1076918102,-1.341993399,1.62402467,1.283050239,1.437511918,0.01768757512,0.09981869338,-0.5726795491,0.07561320097,-0.2279319043,0.1072304966,0.4402878736,0.2945288637,-0.3977056933,-0.1336276725,-0.1989484677,0.1984127395,0.05543994618,0.07692433962,0.242712517,0.2144374399,-0.1131957613,0.008380430063,0.03031164103,0.008380430063,0.06588292788,0.1020339216,0.05151711911,0.03536612449,0.02531147286
3.8,-0.046080584,-0.08755123733,-0.5509931114,0.05242173895,0.002637792114,0.999996521,0.002637792114,0.999996521,0,0,1.378678024,1.59354391,-1.428841771,1.55378405,0.1174520544,0.002546370892,0.1063555335,-1.343982884,1.626008798,1.283604639,1.438281162,0.02011470029,0.1019630678,-0.5738115067,0.07486095908,-0.2283227467,0.1069161188,0.4385234028,0.294473015,-0.3966866255,-0.1336844407,-0.198773908,0.1988107568,0.05480932205,0.07513122179,0.2421880381,0.2160041906,-0.1134194481,0.008372037813,0.0309423337,0.008372037813,0.06904001337,0.1041424859,0.04919796409,0.03409548882,0.02332734547
3.81,-0.05158992665,-0.08702709049,-0.5508572132,0.05240622168,0.002637792114,0.999996521,0.002637792114,0.999996521,0,0,1.379426633,1.591260682,-1.42777261,1.558169284,0.1203967846,-0.001420495363,0.1050186891,-1.345970623,1.627996905,1.284152732,1.439032474,0.02253658067,0.1041231097,-0.5749457012,0.07131105357,-0.2288658351,0.1086570196,0.4366021289,0.2936367448,-0.396556451,-0.1374884436,-0.1969862702,0.1988011203,0.05323241194,0.07501184109,0.2428629442,0.2157646787,-0.1105602175,0.008363906175,0.0315746593,0.008363906175,0.07219663335,0.1071966299,0.04758278655,0.03262451192,0.0213392379
3.82,-0.05709736458,-0.08650314104,-0.5506122112,0.05238226152,0.002637792114,0.999996521,0.002637792114,0.999996521,0,0,1.380139744,1.588972024,-1.426686039,1.562535305,0.123333152,-0.005386059873,0.1036438046,-1.347940485,1.629984916,1.284685056,1.439782592,0.02496521012,0.1062807565,-0.5760513033,0.07035986653,-0.2291921661,0.1085312165,0.4360464973,0.2932422215,-0.3966360684,-0.1382434529,-0.1969236232,0.1990048213,0.05258662169,0.07512866088,0.2425864473,0.2157727571,-0.1102827417,0.008355973002,0.03220732249,0.008355973002,0.07399497925,0.1103521594,0.04464783903,0.02964783894,0.01935122669
3.83,-0.06260180808,-0.08597947333,-0.5502583744,0.05234987931,0.002637792114,0.999996521,0.002637792114,0.999996521,0,0,1.380843342,1.586680102,-1.425600727,1.56689577,0.1262655742,-0.009352420557,0.1022613701,-1.349909722,1.631974965,1.285210922,1.440533879,0.02739107459,0.108438484,-0.5771541308,0.06990064718,-0.2294395658,0.1080296593,0.4356591705,0.2928891762,-0.396667184,-0.1383806348,-0.1971573597,0.1992183799,0.05210911433,0.07524528791,0.2420838238,0.2158214117,-0.1104874965,0.008348302557,0.03284101897,0.008348302557,0.07557188632,0.1135059736,0.04149402605,0.02649402655,0.01736117848
3.84,-0.0681021703,-0.08545617145,-0.5497960077,0.05230909864,0.002637792114,0.999996521,0.002637792114,0.999996521,0,0,1.381542349,1.584385706,-1.424520431,1.571252362,0.129194466,-0.0133190924,0.1008775637,-1.351881295,1.633967148,1.285732013,1.441286332,0.02981191283,0.1105966982,-0.5782590057,0.06691547358,-0.2297616881,0.1092842822,0.433742514,0.2920990919,-0.3962792131,-0.1414141403,-0.1956874988,0.1991443433,0.05074429804,0.07509658236,0.2424031234,0.2155468147,-0.1081948374,0.008340909306,0.03347578178,0.008340909306,0.0771476242,0.1166574493,0.03834255148,0.02334255256,0.01536899468
3.85,-0.0735973676,-0.08493331926,-0.5492254511,0.05225994581,0.002637792114,0.999996521,0.002637792114,0.999996521,0,0,1.382211504,1.582088089,-1.423427588,1.575589787,0.1321154569,-0.01728188453,0.09946342234,-1.35383817,1.635958592,1.286239456,1.442037298,0.03223594406,0.1127521663,-0.5793409541,0.06509433502,-0.2296712894,0.1093098966,0.4311734388,0.2919124583,-0.3948632268,-0.1429983,-0.1946527322,0.1992036897,0.04967983501,0.07336148557,0.2420412671,0.2166148428,-0.1071707017,0.008333739663,0.0341049035,0.008333739663,0.0798059651,0.1196726027,0.03519403659,0.02019403765,0.01337755125
3.86,-0.07908631993,-0.08441100035,-0.54854708,0.05220244989,0.002637792114,0.999996521,0.002637792114,0.999996521,0,0,1.382862447,1.579791377,-1.422334489,1.579901521,0.1350345815,-0.0212305168,0.09803343934,-1.355784697,1.637950629,1.286736255,1.442770913,0.03465635673,0.1149183147,-0.5804126611,0.06463896619,-0.2296682082,0.1086218623,0.4305772265,0.2915173797,-0.3946693121,-0.1431714845,-0.1947835022,0.1992903225,0.04917316438,0.07345484182,0.2413912407,0.2165252123,-0.1073041002,0.0083268335,0.03470681331,0.0083268335,0.08295090112,0.1217729003,0.03204909998,0.01704910075,0.01138551435
3.87,-0.08456795118,-0.08388929797,-0.5477613054,0.05213664268,0.002637792114,0.999996521,0.002637792114,0.999996521,0,0,1.383508837,1.577494695,-1.42124827,1.584207294,0.1379497553,-0.02517720992,0.0966017245,-1.357732532,1.639943532,1.287227986,1.443505461,0.03707026914,0.1170835669,-0.5814857021,0.06233768378,-0.2296896241,0.1092309589,0.4289791827,0.2908154243,-0.3942475871,-0.1454963118,-0.1931741418,0.1972153499,0.04549711851,0.07357401555,0.243408601,0.216118735,-0.1079321777,0.008320215648,0.03530936715,0.008320215648,0.08609164247,0.1238702363,0.02890835804,0.01390835852,0.009392611127
3.88,-0.09004118951,-0.08336829508,-0.5468685737,0.0520625587,0.002637792114,0.999996521,0.002637792114,0.999996521,0,0,1.384132213,1.575197798,-1.420155961,1.588497085,0.1408579095,-0.02911968579,0.09514676138,-1.359664274,1.641915686,1.287682957,1.444241201,0.03950435515,0.1192447542,-0.5825650239,0.06007523943,-0.2297403645,0.1098714966,0.4273403409,0.2899954483,-0.3937746181,-0.1476426326,-0.1925659848,0.1985931551,0.04646026661,0.07368930605,0.2416562353,0.2154813922,-0.1044007682,0.008313847525,0.03590574089,0.008313847525,0.08843268615,0.125964163,0.02656731467,0.01129123535,0.007420457628
3.89,-0.09550496773,-0.08284807426,-0.5458693664,0.05198023524,0.002637792114,0.999996521,0.002637792114,0.999996521,0,0,1.384732966,1.572900395,-1.419057246,1.592770489,0.143757864,-0.03305743197,0.09367033505,-1.361589934,1.643901617,1.28814756,1.444978094,0.0419209175,0.1213995681,-0.5836090316,0.05950071827,-0.2296992496,0.1092907969,0.4259896147,0.2893950261,-0.3929448662,-0.1475392539,-0.1931883859,0.2012302801,0.04939142531,0.07307987613,0.2379776333,0.215599756,-0.1012444872,0.008307729237,0.03650685847,0.008307729237,0.08999794348,0.1280542332,0.02500205851,0.009673455958,0.005434526077
3.9,-0.1009582236,-0.08232871771,-0.5447642008,0.05188971231,0.002637792114,0.999996521,0.002637792114,0.999996521,0,0,1.385327973,1.570603402,-1.417964338,1.597030385,0.1466518143,-0.03698688063,0.09219494251,-1.363521818,1.64591392,1.288641474,1.445708893,0.04430069383,0.1235555657,-0.5846214765,0.05769400943,-0.2296794832,0.1095997362,0.4234427845,0.2886296992,-0.3914969357,-0.1486127962,-0.17809123,0.1527037289,-0.01541522264,0.0717856137,0.2879494033,0.2193350813,-0.158418371,0.008301898439,0.03711671942,0.008301898439,0.09156018639,0.1304825673,0.02343981676,0.00851364669,0.003422223276
3.91,-0.1063999004,-0.08181030721,-0.5435536293,0.05179103268,0.002637792114,0.999996521,0.002637792114,0.999996521,0,0,1.385904913,1.568306607,-1.41686834,1.601264813,0.1495381113,-0.04090184999,0.09070881455,-1.36530273,1.647440957,1.288487322,1.446426749,0.04718018787,0.1257489165,-0.5862056602,0.05467880752,-0.2297042384,0.1108478796,0.4212208022,0.2875055769,-0.3907436404,-0.1513931032,-0.1484130831,0.0557957751,-0.1435059437,0.07192633416,0.3883589138,0.2249178367,-0.2723561977,0.008296329221,0.03757316056,0.008296329221,0.09360042475,0.1331191045,0.02139957893,0.006880891512,0.001895185986
3.92,-0.1118289468,-0.08129292409,-0.54223824,0.05168424183,0.002637792114,0.999996521,0.002637792114,0.999996521,0,0,1.386451701,1.566009565,-1.415759861,1.605477021,0.152413167,-0.04480928639,0.08919488352,-1.366786861,1.647998915,1.287052263,1.447146012,0.051063777,0.1279980949,-0.5889292221,0.05419495238,-0.2295379972,0.1101736309,0.4202125852,0.2866875929,-0.390149485,-0.1512462958,-0.151176797,0.06551882929,-0.1302612832,0.07198304137,0.3764984344,0.2237476445,-0.2604386656,0.008290995704,0.03772269378,0.008290995704,0.09671103725,0.1346744142,0.01828896556,0.005325584975,0.001337228235
3.93,-0.1172443179,-0.08077664925,-0.5408186561,0.05156938801,0.002637792114,0.999996521,0.002637792114,0.999996521,0,0,1.386993651,1.563714185,-1.414658125,1.609679147,0.155280043,-0.04871078124,0.08768242056,-1.368298629,1.648654103,1.28574965,1.447865843,0.05482876135,0.1302355713,-0.5915336088,0.05338690787,-0.2293418478,0.1097276409,0.4189672943,0.2857758515,-0.3894475416,-0.1514333351,-0.1515980041,0.06819964324,-0.1264365102,0.07204767363,0.3718270068,0.2233750757,-0.2566451801,0.008285954852,0.03790327046,0.008285954852,0.09981381432,0.1362258062,0.01518618762,0.003774196149,0.0006820399425
3.94,-0.1226449748,-0.08026156304,-0.5392955364,0.05144652219,0.002637792114,0.999996521,0.002637792114,0.999996521,0,0,1.38752752,1.561420766,-1.413560849,1.61386882,0.1581378015,-0.05260525666,0.08616808721,-1.369814609,1.6493361,1.284485285,1.44858632,0.05854703142,0.1324693221,-0.5941000606,0.04941811129,-0.2292526389,0.1116547124,0.4153336058,0.284521488,-0.3877407923,-0.1549073769,-0.1285651676,0,-0.2177618738,0.07124018861,0.4402452333,0.2318682872,-0.3353917677,0.008281200203,0.03809256574,0.008281200203,0.1028940174,0.1376378005,0.01210598371,0.002362204716,4.35100076e-08
3.95,-0.1280298858,-0.07974774533,-0.5376695752,0.05131569809,0.002637792114,0.999996521,0.002637792114,0.999996521,0,0,1.388021701,1.55912824,-1.412444302,1.618022156,0.1609830164,-0.05648266458,0.08461901344,-1.37110026,1.6493361,1.282307666,1.449298722,0.06294948375,0.1347880049,-0.5974539783,0.04881023108,-0.2289425567,0.1109986199,0.4133359052,0.2836400743,-0.3862963037,-0.1545360143,-0.128184456,0,-0.217083957,0.07023815427,0.4380951723,0.2317858098,-0.3349252694,0.008276664083,0.03806602836,0.008276664083,0.1059934856,0.1376378005,0.009006514931,0.002362204716,4.35100076e-08
3.96,-0.133398026,-0.07923527542,-0.5359415019,0.05117697217,0.002637792114,0.999996521,0.002637792114,0.999996521,0,0,1.388509803,1.556838815,-1.411334315,1.622155515,0.1638194171,-0.06034562762,0.0830736533,-1.372382105,1.6493361,1.280136826,1.450001103,0.06733043547,0.137105863,-0.600803231,0.04833172061,-0.2285909355,0.1102517082,0.4120672452,0.2826217575,-0.3854292889,-0.1542527539,-0.1280294881,2.220446049e-14,-0.216026058,0.07026772317,0.4357724136,0.2308670078,-0.334433283,0.007888614164,0.03803989021,0.007888614164,0.1090692014,0.1376378005,0.005930798565,0.002362204716,4.35100076e-08
3.97,-0.138748378,-0.07872423203,-0.5341120815,0.05103040363,0.002637792114,0.999996521,0.002637792114,0.999996521,0,0,1.38899312,1.554552905,-1.410231798,1.626276187,0.1666456347,-0.06419992051,0.08153112576,-1.3736624,1.6493361,1.277976566,1.45070378,0.07168815961,0.1394145331,-0.6041475638,0.04476441598,-0.2283462147,0.1118779969,0.4091436682,0.2812223284,-0.3841431233,-0.1573922847,-0.1252505923,-2.220446049e-14,-0.217468235,0.07046864037,0.4327576317,0.2342874605,-0.331123215,0.007160720574,0.038014156,0.007160720574,0.1121347253,0.1376378005,0.002865274036,0.002362204716,4.351000737e-08
3.98,-0.1440799324,-0.07821469328,-0.5321821145,0.05087605439,0.002637792114,0.999996521,0.002637792114,0.999996521,-0.5944881821,0,1.389440765,1.552269443,-1.409113018,1.630367624,0.169457858,-0.06804135174,0.07995720291,-1.374914906,1.6493361,1.275801884,1.451408467,0.07601573592,0.1417574077,-0.6074587959,0.1265600798,0.2899042997,-0.4598799249,0.4074361626,0.8093950846,-0.2775731123,-0.7521145831,-0.1245536662,0,-0.2168104129,0.07052235653,0.4301392636,0.2341188963,-0.3299634623,0.006432795594,0.03798871175,0.006432795594,0.1139136378,0.1376378005,0.00108636223,0.002362204716,4.35100076e-08
3.99,-0.1493916879,-0.07770673666,-0.5301524366,0.05071398915,-0.00330708062,0.9999945316,0.002637792114,0.999996521,-0.5944882287,0,1.390706365,1.555168486,-1.413711818,1.634441986,0.1775518088,-0.07081708286,0.07243605708,-1.376160442,1.6493361,1.273633779,1.45211369,0.08031712856,0.1440985967,-0.6107584306,0.1255267227,0.2908930909,-0.4571898038,0.4050897241,0.8082331139,-0.2706285257,-0.7514082317,-0.1240741044,-2.220446049e-14,-0.216023685,0.06935317543,0.4276902614,0.2339438776,-0.329205077,0.007431074458,0.03796365747,0.007431074458,0.109490462,0.1376378005,0.005509538881,0.002362204716,4.35100076e-08
4,-0.1546826517,-0.07720043899,-0.5280239191,0.05054427532,-0.009251836943,0.9999572008,0.002637792114,0.999996521,-0.5944881588,0,1.391961633,1.558077417,-1.418283716,1.638492883,0.18563414,-0.07352336812,0.06492197477,-1.377401183,1.6493361,1.271473543,1.452807222,0.08459403117,0.1464380355,-0.6140504813,0.1208919478,0.292218503,-0.4529523886,0.4019121136,0.8065516759,-0.2618046285,-0.7527213858,-0.121974519,2.220446049e-14,-0.2167038124,0.06868726166,0.4247457917,0.236237664,-0.3266150078,0.008282259692,0.0379390128,0.008282259692,0.1050613293,0.1375555165,0.009938672382,0.002362204716,4.351000782e-08
4.01,-0.1599518399,-0.07669587642,-0.5257974685,0.05036698305,-0.01519626559,0.9998845301,0.002637792114,0.999996521,-0.5944881588,0,1.393170552,1.560999602,-1.42281324,1.642512004,0.1936996567,-0.07614141441,0.05739476091,-1.378620929,1.6493361,1.269306504,1.453494095,0.08884148909,0.1488004121,-0.6173166314,0.1167223787,0.2935837445,-0.4491033169,0.3994663715,0.8047383379,-0.2534836263,-0.7536673641,-0.1203353697,0,-0.2167795527,0.06880493204,0.4216980996,0.2373761899,-0.3243155617,0.008291685569,0.03791471274,0.008291685569,0.1014487654,0.1376378005,0.01355123635,0.002362204716,4.35100076e-08
4.02,-0.1651982778,-0.07619312435,-0.523474027,0.05018218524,-0.02114015718,0.9997765219,0.002637792114,0.999996521,-0.5944881588,0,1.394337776,1.563935439,-1.427304273,1.646506668,0.2017470401,-0.07867625067,0.04985808727,-1.379824282,1.6493361,1.267138709,1.454182144,0.09305847009,0.151174174,-0.620559787,0.1146922538,0.2949451467,-0.4466230707,0.3978313137,0.8030512821,-0.2458310238,-0.75272788,-0.1200827737,2.220446049e-14,-0.21546577,0.06879655458,0.4189080399,0.2361360143,-0.3234342911,0.008301554395,0.03789077654,0.008301554395,0.09850986942,0.1376378005,0.0164901318,0.002362204716,4.35100076e-08
4.03,-0.1704210003,-0.07569225748,-0.5210545719,0.04998995753,-0.02708330165,0.9996331801,0.002637792114,0.999996521,-0.5944883451,0,1.395484698,1.566884891,-1.431770503,1.650484981,0.2097775529,-0.08113456091,0.04233080847,-1.38102511,1.6493361,1.264984051,1.454870109,0.09724755049,0.1535355341,-0.6237941299,0.111917931,0.2963229869,-0.4436094949,0.395727515,0.8012227782,-0.2380351507,-0.7525612217,-0.1191729213,-2.220446049e-14,-0.2147222151,0.06884680324,0.4158984569,0.2358959965,-0.3218119768,0.008311916323,0.03786725986,0.008311916323,0.09555738554,0.1376378005,0.01944261512,0.002362204716,4.351000737e-08
4.04,-0.1756190525,-0.07519334971,-0.518540116,0.0497903783,-0.03302549081,0.9994545097,0.002637792114,0.999996521,-0.5944881588,0,1.396603878,1.569848121,-1.436206598,1.654442256,0.2177897807,-0.08351491241,0.03480519625,-1.382216839,1.6493361,1.262836829,1.455558578,0.1014065351,0.1558944941,-0.6270122497,0.1069570998,0.2976001948,-0.4390129069,0.3915729579,0.7993253823,-0.2292049446,-0.7545038889,-0.1162081632,0,-0.216036189,0.06788783656,0.4125209649,0.2394062134,-0.3181662296,0.008322763155,0.03784413885,0.008322763155,0.09256670229,0.1376378005,0.02272036639,0.002362204716,4.35100076e-08
4.05,-0.1807914895,-0.07469647415,-0.5159317077,0.04958352867,-0.03896651094,0.9992405171,0.002637792114,0.999996521,-0.5944881588,0,1.397673449,1.572824123,-1.440596727,1.658357986,0.2257830345,-0.08580696186,0.02726015736,-1.383378921,1.6493361,1.260676467,1.456237456,0.1055317447,0.1582885562,-0.630193912,0.1049176661,0.2990850271,-0.4367546438,0.3892176331,0.797501175,-0.2209961933,-0.7532191164,-0.1157409366,0,-0.2148732098,0.06710901087,0.4096070411,0.2385817018,-0.3170363491,0.008334053392,0.03782135422,0.008334053392,0.08960947198,0.1376378005,0.02696577505,0.002362204716,4.35100076e-08
4.06,-0.1859373771,-0.07420170309,-0.5132304306,0.04936949249,-0.04490615394,0.9989912098,0.002637792114,0.999996521,-0.5944881588,0,1.398722625,1.575814973,-1.444964274,1.662250162,0.2337580463,-0.08801692379,0.0197279662,-1.38453633,1.6493361,1.258527735,1.456908546,0.1096278151,0.1606743733,-0.6333642755,0.1026169449,0.3006691909,-0.4345477093,0.3873534689,0.7954101764,-0.212825871,-0.7518897959,-0.1154287527,0,-0.2134068629,0.0670777371,0.406547947,0.2371335637,-0.3159000946,0.008345860041,0.03779899266,0.008345860041,0.08661296714,0.1376378005,0.03061089851,0.002362204716,4.35100076e-08
4.07,-0.1910557923,-0.07370910796,-0.5104374037,0.04914835637,-0.05084420988,0.9987065967,0.002637792114,0.999996521,0,0,1.399748795,1.578821665,-1.449309751,1.666123697,0.241712148,-0.0901451825,0.01220906824,-1.385690618,1.6493361,1.256393666,1.457579323,0.1136932946,0.1630457089,-0.6365232764,0.03467497949,-0.2220514168,0.1258864376,0.383845348,0.2682147991,-0.352847347,-0.1636140996,-0.1126395553,0,-0.2141946605,0.06732479034,0.4028367095,0.2395946242,-0.3121139149,0.008358188481,0.03777705264,0.008358188481,0.08360072173,0.1376378005,0.03368857455,0.002362204716,4.35100076e-08
4.08,-0.1961458232,-0.07321875933,-0.5075537815,0.04892020963,-0.05084420988,0.9987065967,0.002637792114,0.999996521,0,0,1.400095545,1.576601151,-1.448050887,1.66996215,0.244394296,-0.09367365597,0.01057292724,-1.386817013,1.6493361,1.25425172,1.458252571,0.1177216617,0.1654416551,-0.6396444156,0.03358953691,-0.2212112529,0.1253459246,0.3815190932,0.2666265681,-0.3511991022,-0.1636207181,-0.1117583629,0,-0.2131500597,0.06734649916,0.3995072253,0.2389130335,-0.3102944258,0.008351310257,0.03775546045,0.008351310257,0.08532547742,0.1376378005,0.03076945191,0.002362204716,4.35100076e-08
4.09,-0.2012065699,-0.07273072683,-0.504580754,0.04868514436,-0.05084420988,0.9987065967,0.002637792114,0.999996521,0,0,1.40043144,1.574389038,-1.446797427,1.673777341,0.2470605617,-0.09718564699,0.00893672006,-1.387934597,1.6493361,1.252120219,1.458926036,0.1217167339,0.1678307855,-0.6427473599,0.03306621076,-0.2202789522,0.1242611511,0.3787797473,0.2651663743,-0.3489828954,-0.1627241191,-0.111187307,0,-0.2119273506,0.06630950856,0.3963674702,0.2380660163,-0.3088950409,0.008344715919,0.03773427586,0.008344715919,0.08677527255,0.1376378005,0.02844240616,0.002362204716,4.35100076e-08
4.1,-0.2062371443,-0.07224507919,-0.5015195464,0.04844325538,-0.05084420988,0.9987065967,0.002637792114,0.999996521,0,0,1.400762102,1.572186249,-1.445554816,1.677565138,0.2497122254,-0.1006754759,0.007309478869,-1.38904647,1.6493361,1.250000946,1.459589131,0.1256804086,0.1702114456,-0.6458363103,0.0312936045,-0.2193711516,0.1241826012,0.3753632201,0.2635995734,-0.3465737504,-0.163219982,-0.1095560455,0,-0.2116195742,0.06550232101,0.392911246,0.2387867835,-0.3063122389,0.008338416824,0.03771351346,0.008338416824,0.08863271584,0.137544251,0.02678357727,0.002362204716,4.35100076e-08
4.11,-0.2112366711,-0.07176188415,-0.4983714194,0.04819464024,-0.05084420988,0.9987065967,0.002637792114,0.999996521,0,0,1.401075038,1.569992537,-1.44431299,1.681318771,0.2523482212,-0.1041412135,0.005677279048,-1.390142031,1.6493361,1.24788475,1.460244155,0.1296095211,0.1725993135,-0.6488994327,0.02863591478,-0.2184839957,0.1248879024,0.3720010963,0.261828982,-0.3444984629,-0.1648979529,-0.1072941278,0,-0.2116906478,0.06569175837,0.3890841496,0.2400638647,-0.3028983645,0.00833238311,0.03769314473,0.00833238311,0.09148773558,0.1376378005,0.02483649613,0.002362204716,4.35100076e-08
4.12,-0.2162042873,-0.07128120847,-0.4951376691,0.04793939924,-0.05084420988,0.9987065967,0.002637792114,0.999996521,0,0,1.401361397,1.567807697,-1.443064111,1.685038782,0.254966511,-0.1075861981,0.004028299519,-1.391214972,1.6493361,1.245767843,1.460901072,0.1335003626,0.1749999521,-0.6519284163,0.02823886185,-0.2174323107,0.1237591816,0.3698254994,0.2601015814,-0.3427123287,-0.1640271726,-0.1069133791,0,-0.2099898194,0.06562732518,0.3856531496,0.2382916064,-0.3014212323,0.008326592718,0.03767315037,0.008326592718,0.09450254344,0.1376378005,0.02199026297,0.002362204716,4.35100076e-08
4.13,-0.2211391435,-0.07080311791,-0.4918196271,0.04767763542,-0.05084420988,0.9987065967,0.002637792114,0.999996521,0,0,1.401643786,1.565633374,-1.441826519,1.688737037,0.2575675268,-0.1110133214,0.002388027794,-1.392284106,1.6493361,1.243667945,1.461557345,0.1373568941,0.1773828682,-0.6549426286,0.02784856651,-0.2163374667,0.1226159488,0.3675936112,0.2583304497,-0.3408630262,-0.1631247151,-0.1065170694,0,-0.2082593416,0.06555686655,0.3821697702,0.2364786804,-0.2998840508,0.008321093431,0.03765357566,0.008321093431,0.09695601103,0.1376378005,0.01916279994,0.002362204716,4.35100076e-08
4.14,-0.2260404034,-0.07032767715,-0.4884186603,0.04740945456,-0.05084420988,0.9987065967,0.002637792114,0.999996521,0,0,1.401922272,1.563469999,-1.44060036,1.692412973,0.2601508313,-0.1144219516,0.0007567806432,-1.393349276,1.6493361,1.241585352,1.462212914,0.1411785918,0.179747655,-0.6579414691,0.0303630432,-0.1720250441,0.07884646398,0.3633231098,0.3001166625,-0.3247399738,-0.2139898239,-0.103592731,-2.220446049e-14,-0.208868944,0.06527393616,0.3781333115,0.2387796733,-0.295733497,0.008315882669,0.03763441647,0.008315882669,0.098857631,0.1376378005,0.0163545861,0.002362204716,4.35100076e-08
4.15,-0.2309072449,-0.06985494984,-0.4849361709,0.04713496517,-0.05084420988,0.9987065967,0.002637792114,0.999996521,0,0,1.402225902,1.561749749,-1.439811895,1.696046204,0.2631519979,-0.1176693514,-0.001383117596,-1.394385204,1.6493361,1.239496662,1.462865653,0.1449599249,0.1821354517,-0.6608988041,0.03051020957,-0.1619316516,0.06904249695,0.3597895393,0.3072925394,-0.3191711635,-0.223531868,-0.1023975545,2.220446049e-14,-0.2080000291,0.0640110964,0.3745823458,0.2386090159,-0.2934274615,0.008312097158,0.03761562375,0.008312097158,0.1002838876,0.1374144243,0.01471611739,0.002362204716,4.351000782e-08
4.16,-0.2357388599,-0.06938499851,-0.4813735968,0.04685427852,-0.05084420988,0.9987065967,0.002637792114,0.999996521,0,0,1.402531004,1.560130432,-1.43912147,1.699644099,0.2662249233,-0.120861063,-0.003618436276,-1.395409179,1.6493361,1.237416662,1.463505764,0.1487057484,0.1845215419,-0.6638330787,0.030142597,-0.160982677,0.06829850428,0.3574260344,0.3049940538,-0.3172416398,-0.2222159273,-0.1019744417,2.220446049e-14,-0.2061627641,0.06392550889,0.3709457925,0.23663473,-0.2917294396,0.008308726403,0.03759723982,0.008308726403,0.1016680414,0.1370312061,0.01333196254,0.002362204716,4.35100076e-08
4.17,-0.2405344548,-0.06891788455,-0.4777324111,0.0465675086,-0.05084420988,0.9987065967,0.002637792114,0.999996521,0,0,1.40283243,1.558520606,-1.438438485,1.70321836,0.2692748639,-0.1240334794,-0.005840595549,-1.396428924,1.6493361,1.235355035,1.464145019,0.1524152063,0.1868878892,-0.6667503731,0.03295685411,-0.131482044,0.03884026987,0.3546266083,0.3314279153,-0.3056010738,-0.2535980723,-0.1009723156,-2.220446049e-14,-0.2047985216,0.06392583717,0.3671278912,0.2354897885,-0.2893861102,0.008305518679,0.03757926706,0.008305518679,0.1030418762,0.1371651384,0.01195812667,0.002362204716,4.351000737e-08
4.18,-0.2452932511,-0.06845366822,-0.4740141224,0.04627477215,-0.05084420988,0.9987065967,0.002637792114,0.999996521,0,0,1.403161999,1.557205785,-1.438050082,1.706764626,0.272589143,-0.1270894901,-0.008376576273,-1.397438647,1.6493361,1.233307049,1.464784278,0.1560864852,0.1892427871,-0.6696442342,0.04530362055,-0.01662305701,-0.07623228552,0.3506327217,0.443711312,-0.26501588,-0.3829084867,-0.09827030248,0,-0.2048967983,0.06419467897,0.3628499701,0.2368948961,-0.2852341895,0.008303178426,0.03756169178,0.008303178426,0.1041338593,0.1376378005,0.01086614281,0.002362204716,4.35100076e-08
4.19,-0.2500144854,-0.0679924086,-0.4702202747,0.04597618865,-0.05084420988,0.9987065967,0.002637792114,0.999996521,0,0,1.403615035,1.557039555,-1.438812405,1.710270953,0.2770262561,-0.1297396489,-0.01220566114,-1.39842135,1.6493361,1.231258081,1.465426225,0.1597149849,0.191611736,-0.6724965761,0.04490316055,-0.01643035771,-0.07567921906,0.3481345232,0.4400711393,-0.2631967456,-0.3805205384,-0.09782762727,0,-0.2029530673,0.06408957001,0.3590663693,0.2347683168,-0.2833987679,0.008303732149,0.03754448676,0.008303732149,0.1041338593,0.1376378005,0.01086614281,0.002362204716,4.35100076e-08
4.2,-0.25469741,-0.06753416353,-0.4663524472,0.04567188032,-0.05084420988,0.9987065967,0.002637792114,0.999996521,0,0,1.404064066,1.556875251,-1.439569197,1.713752298,0.2814269675,-0.1323716164,-0.01601086652,-1.399399626,1.6493361,1.229228551,1.46606712,0.1633056486,0.1939594192,-0.6753305638,0.04439430845,-0.01621697041,-0.07512738978,0.3444878137,0.4365951967,-0.2603930461,-0.3777919902,-0.0970194253,-2.220446049e-14,-0.2016238706,0.06237214502,0.3554653802,0.2338509521,-0.2812952422,0.008304283573,0.03752768434,0.008304283573,0.1041338593,0.1376378005,0.01086614281,0.002362204716,4.35100076e-08
4.21,-0.2593412931,-0.06707898966,-0.4624122549,0.04536197211,-0.05084420988,0.9987065967,0.002637792114,0.999996521,0,0,1.404508009,1.556713081,-1.440320471,1.717197176,0.2857929195,-0.1349755469,-0.01978878642,-1.40036982,1.6493361,1.227212312,1.466690842,0.1668603024,0.1962979287,-0.6781435162,0.04255563957,-0.01563061765,-0.07292517901,0.340929961,0.4338575623,-0.2554964825,-0.3769495228,-0.09523596194,2.220446049e-14,-0.2008076214,0.06236142774,0.3513224008,0.2336885313,-0.2779950456,0.008304830886,0.03751128843,0.008304830886,0.1049758792,0.137519206,0.01086614281,0.002362204716,4.351000782e-08
4.22,-0.2639454194,-0.06662694233,-0.4584013478,0.04504659173,-0.05084420988,0.9987065967,0.002637792114,0.999996521,0,0,1.404933566,1.556556775,-1.441049723,1.720606476,0.2901314951,-0.1375305117,-0.02355828165,-1.40132218,1.6493361,1.225204236,1.467314456,0.1703735264,0.198634814,-0.6809234667,0.04054022936,-0.01500095623,-0.07049482351,0.3373039798,0.4311750033,-0.2502622961,-0.3762781671,-0.0933054663,0,-0.2000512599,0.06250633524,0.3470703537,0.2336330462,-0.2744951066,0.008305355061,0.03749527262,0.008305355061,0.1058799729,0.1376378005,0.01086614281,0.002362204716,4.35100076e-08
4.23,-0.26850909,-0.06617807563,-0.4543214117,0.04472586961,-0.05084420988,0.9987065967,0.002637792114,0.999996521,0,0,1.405338968,1.556406766,-1.441754671,1.723979516,0.2944432452,-0.1400331346,-0.02732106332,-1.402255235,1.6493361,1.223203723,1.467939519,0.1738442299,0.2009711445,-0.6836684177,0.04017280899,-0.01482276563,-0.06990950134,0.3346494058,0.4272636781,-0.24833992,-0.373564043,-0.09283359392,0,-0.1979879698,0.06238340217,0.3431299265,0.2313173515,-0.2724688191,0.008305853275,0.03747963321,0.008305853275,0.1067777055,0.1376378005,0.01086614281,0.002362204716,4.35100076e-08
4.24,-0.2730316232,-0.0657324423,-0.4501741675,0.04439993894,-0.05084420988,0.9987065967,0.002637792114,0.999996521,0,0,1.405740696,1.556258538,-1.442453766,1.72732601,0.2987158819,-0.1425165338,-0.03105670375,-1.403183571,1.6493361,1.221223843,1.468563353,0.1772755292,0.203284318,-0.6863931059,0.03980918175,-0.01464448064,-0.06931162639,0.3319504471,0.4232906351,-0.2463775655,-0.3707785973,-0.09234974279,-2.220446049e-14,-0.1959024513,0.06225516911,0.3391552577,0.2289682738,-0.2703922794,0.008306349184,0.03746438149,0.008306349184,0.1076689713,0.1376378005,0.01086614281,0.002362204716,4.35100076e-08
4.25,-0.2775123548,-0.06529009376,-0.4459613716,0.04406893562,-0.05084420988,0.9987065967,0.002637792114,0.999996521,0,0,1.406138788,1.556112093,-1.443146882,1.730645514,0.3029487883,-0.1449803095,-0.03476448973,-1.404107068,1.6493361,1.219264819,1.469185905,0.1806670818,0.2055740007,-0.6890970287,0.03761556729,-0.01395873874,-0.06664657727,0.3276954402,0.420621752,-0.2403079635,-0.3699525685,-0.09011325671,2.220446049e-14,-0.1954101237,0.0618684175,0.334841095,0.229436062,-0.2665177722,0.008306842822,0.03744951127,0.008306842822,0.1085536675,0.1376378005,0.01086614281,0.002362204716,4.351000782e-08
4.26,-0.2819506381,-0.06485108004,-0.4416848159,0.04373299832,-0.05084420988,0.9987065967,0.002637792114,0.999996521,0,0,1.406514944,1.555972506,-1.443813348,1.733922469,0.3071550058,-0.1473833891,-0.03846401541,-1.405008201,1.6493361,1.217310718,1.469804589,0.1840154927,0.2078683614,-0.6917622064,0.03605590992,-0.01345876271,-0.06473031288,0.3234747176,0.4175015519,-0.2352894881,-0.3681773078,-0.08835096731,0,-0.194596587,0.06083809303,0.3307090754,0.2293811271,-0.2631328085,0.008307307743,0.03743501128,0.008307307743,0.1084070203,0.1373859986,0.01061434126,0.002362204716,4.35100076e-08
4.27,-0.2863458447,-0.06441544977,-0.4373463276,0.04339226844,-0.05084420988,0.9987065967,0.002637792114,0.999996521,0,0,1.406875503,1.555837918,-1.444460651,1.737157216,0.3113300213,-0.149736284,-0.04214578849,-1.40589171,1.6493361,1.215364752,1.47041297,0.1873225835,0.2101621726,-0.6943935345,0.03572816213,-0.0132970629,-0.06412143199,0.3206838145,0.4133411863,-0.2332855303,-0.3651537401,-0.08785739433,0,-0.1924238858,0.06069815688,0.3266401562,0.2268863293,-0.2609354789,0.008274567967,0.0374208887,0.008274567967,0.1075769732,0.1369438227,0.01017216598,0.002362204716,4.35100076e-08
4.28,-0.2906973645,-0.06398325016,-0.4329477693,0.04304689012,-0.05084420988,0.9987065967,0.002637792114,0.999996521,0,0,1.407232784,1.555704948,-1.445101866,1.740364054,0.3154634332,-0.1520691393,-0.04579732589,-1.406770284,1.6493361,1.213440513,1.471019952,0.190588985,0.2124310359,-0.6970028893,0.03540523982,-0.01313542043,-0.06350177062,0.3178534068,0.4091254384,-0.2312459415,-0.3620637173,-0.08735323965,0,-0.1902319934,0.06055338348,0.3225436966,0.2243616051,-0.2586923244,0.008241826598,0.03740713584,0.008241826598,0.1071886481,0.1369377159,0.01016605925,0.002362204716,4.35100076e-08
4.29,-0.2950046062,-0.06355452697,-0.4284910391,0.04269701023,-0.05084420988,0.9987065967,0.002637792114,0.999996521,0,0,1.407586837,1.555573593,-1.445736883,1.743542588,0.3195546876,-0.1543815987,-0.04941796306,-1.407643817,1.6493361,1.211538193,1.471625486,0.193814422,0.214674652,-0.6995898126,0.03339014929,-0.01249023807,-0.06090515947,0.31388363,0.4060714197,-0.2255598892,-0.3608927539,-0.085298182,0,-0.1893179455,0.0607261122,0.3180516123,0.2240685885,-0.2548284061,0.008209583763,0.03739374602,0.008209583763,0.1072304106,0.1373559663,0.01058430903,0.002362204716,4.35100076e-08
4.3,-0.2992669978,-0.06312932447,-0.4239780706,0.04234277839,-0.05084420988,0.9987065967,0.002637792114,0.999996521,0,0,1.407920738,1.555448691,-1.446345935,1.746681424,0.3236154018,-0.1566371976,-0.0530268906,-1.408496798,1.6493361,1.209645014,1.472232747,0.1969949381,0.2169153379,-0.7021380966,0.03197419774,-0.012020797,-0.05898765076,0.3102674186,0.4025447009,-0.2211153841,-0.3589624832,-0.0837765349,0,-0.1879223178,0.06078262525,0.3136515558,0.2229459991,-0.2514807393,0.008179006467,0.03738070983,0.008179006467,0.1078752068,0.1376378005,0.01086614281,0.002362204716,4.35100076e-08
4.31,-0.3034839867,-0.0627076854,-0.4194108324,0.04198434697,-0.05084420988,0.9987065967,0.002637792114,0.999996521,0,0,1.40824048,1.555328483,-1.446935811,1.749784098,0.3276408488,-0.1588483515,-0.05661651543,-1.409334564,1.6493361,1.20776579,1.472840573,0.2001314537,0.2191447979,-0.704652904,0.03164930184,-0.01186464912,-0.05837100054,0.3068287997,0.3982738841,-0.2185881002,-0.3555036267,-0.08310272879,-2.220446049e-14,-0.185980954,0.05983144441,0.3095935833,0.2209084942,-0.249008637,0.008149658741,0.03736802553,0.008149658741,0.1087184841,0.1376378005,0.01086614281,0.002362204716,4.35100076e-08
4.32,-0.3076550402,-0.06228965101,-0.414791329,0.04162187105,-0.05084420988,0.9987065967,0.002637792114,0.999996521,0,0,1.408556973,1.555209836,-1.447519521,1.752852386,0.3316235876,-0.1610342325,-0.0601715517,-1.410165591,1.6493361,1.205905981,1.473438887,0.2032273895,0.2213538828,-0.7071429904,0.03133060816,-0.01170969955,-0.05774518024,0.3033756695,0.3939507353,-0.2160475835,-0.3519843384,-0.08242181249,0,-0.1840224529,0.05889361793,0.3055213732,0.2188279221,-0.2464946272,0.008120783836,0.03735569744,0.008120783836,0.1091338545,0.1374810178,0.0104454446,0.002362204716,4.351000782e-08
4.33,-0.3117796458,-0.06187526094,-0.4101216,0.04125550849,-0.05084420988,0.9987065967,0.002637792114,0.999996521,0,0,1.408870279,1.555092739,-1.448096973,1.755886143,0.335563095,-0.1631947083,-0.06369139508,-1.410989809,1.6493361,1.204065756,1.474027824,0.2062826033,0.223542162,-0.7096079366,0.0299391657,-0.01124102943,-0.05579089326,0.2996586034,0.3902702717,-0.211489243,-0.3498397491,-0.08087095821,2.220446049e-14,-0.1825695398,0.05895665378,0.3010693705,0.2175964689,-0.2430296537,0.008092374437,0.03734371943,0.008092374437,0.1091338545,0.1374674341,0.009616664017,0.002362204716,4.351000782e-08
4.34,-0.3158573117,-0.06146455326,-0.4054037204,0.04088541986,-0.05084420988,0.9987065967,0.002637792114,0.999996521,0,0,1.409169671,1.554980329,-1.448654882,1.758882729,0.3394657977,-0.1653096007,-0.06718979257,-1.411798519,1.6493361,1.202240061,1.47461739,0.209293297,0.2257181267,-0.7120382332,0.02813178054,-0.0106549621,-0.05333117438,0.2956316187,0.3868509114,-0.2059917688,-0.3481235807,-0.07892885265,0,-0.1814120513,0.0591024952,0.2964963995,0.2168916252,-0.2391398053,0.00806517741,0.03733207876,0.00806517741,0.1088489021,0.1376378005,0.008795248218,0.002362204716,4.35100076e-08
4.35,-0.3198875668,-0.06105756442,-0.4006398009,0.04051176847,-0.05084420988,0.9987065967,0.002637792114,0.999996521,0,0,1.409450989,1.55487378,-1.449188194,1.761839045,0.3433343068,-0.1673695184,-0.07067102838,-1.412587807,1.6493361,1.20042594,1.475208415,0.212258261,0.227887043,-0.7144296312,0.02789680622,-0.01052388533,-0.05270432081,0.2926179848,0.3822707821,-0.2038775943,-0.3445482235,-0.07841390309,0,-0.179051304,0.05892596407,0.2922442612,0.2140876201,-0.2366680978,0.008039467719,0.03732077255,0.008039467719,0.1084396706,0.1376378005,0.007981270097,0.002362204716,4.35100076e-08
4.36,-0.3238699614,-0.06065432921,-0.3958319874,0.0401347204,-0.05084420988,0.9987065967,0.002637792114,0.999996521,0,0,1.409729957,1.554768541,-1.449715237,1.764765225,0.3471570146,-0.1694082944,-0.07411651062,-1.413371946,1.6493361,1.198635427,1.475797675,0.2151807036,0.2300279192,-0.7167963122,0.02766817392,-0.01039313217,-0.05207025591,0.2895755571,0.3776497304,-0.2017370129,-0.3409186041,-0.07789112528,-2.220446049e-14,-0.1766784899,0.05874533175,0.2879786906,0.2112621085,-0.2341604257,0.008014141164,0.03730979147,0.008014141164,0.1084057518,0.1376378005,0.007174799255,0.002362204716,4.35100076e-08
4.37,-0.3278040675,-0.06025488077,-0.390982461,0.03975444443,-0.05084420988,0.9987065967,0.002637792114,0.999996521,0,0,1.410006639,1.554664609,-1.45023594,1.767660981,0.3509335119,-0.1714256645,-0.07752569666,-1.414150858,1.6493361,1.196868642,1.476385128,0.2180604905,0.2321405402,-0.7191379165,0.02737420898,-0.01024328039,-0.05137278189,0.2861345937,0.3730992088,-0.1991644124,-0.3371884809,-0.07720630479,4.440892099e-14,-0.1745599367,0.05804887997,0.2837756366,0.2088912236,-0.2314764532,0.007989193728,0.03729912817,0.007989193728,0.1087353327,0.1376378005,0.00637590194,0.002362204716,4.351000782e-08
4.38,-0.331689479,-0.05985925051,-0.3860934387,0.0393711121,-0.05084420988,0.9987065967,0.002637792114,0.999996521,0,0,1.410280381,1.554562177,-1.450749667,1.770522327,0.354664504,-0.1734173086,-0.08089758147,-1.414922921,1.6493361,1.195123043,1.476965617,0.2208982468,0.2342294525,-0.721452681,0.02465805015,-0.009384737135,-0.04779678397,0.280765031,0.3702859402,-0.1909771318,-0.3360523067,-0.07420059379,-2.220446049e-14,-0.1744254183,0.05746543086,0.2791049315,0.2099935654,-0.2264461327,0.007964671984,0.03728878261,0.007964671984,0.1091130973,0.1376378005,0.005866140127,0.002362204716,4.351000737e-08
4.39,-0.3355258121,-0.05946746813,-0.3811671724,0.0389848977,-0.05084420988,0.9987065967,0.002637792114,0.999996521,0,0,1.410526961,1.554468329,-1.451227635,1.773329977,0.3583673634,-0.1753270799,-0.08425810453,-1.415664926,1.6493361,1.193378789,1.477540271,0.2236892962,0.2363293881,-0.7237171423,0.02447499198,-0.009270470694,-0.0471749768,0.2776816326,0.3655380949,-0.1888479278,-0.3322393926,-0.07368480966,0,-0.1719949508,0.05727801728,0.2748104988,0.2070550568,-0.2238694506,0.007942280503,0.03727876965,0.007942280503,0.1082516241,0.1376378005,0.005866140127,0.002362204716,4.35100076e-08
4.4,-0.3393127059,-0.05907956158,-0.3762059498,0.03859597825,-0.05084420988,0.9987065967,0.002637792114,0.999996521,0,0,1.410771711,1.554375625,-1.451699385,1.776106793,0.3620227444,-0.1772155592,-0.08758049846,-1.416401775,1.6493361,1.191658839,1.478113051,0.2264374011,0.2383999387,-0.7259558368,0.02429873255,-0.009156569467,-0.04654770539,0.2745751908,0.360757488,-0.1866970575,-0.3283797473,-0.07316266585,-2.220446049e-14,-0.1695560952,0.05708706022,0.2705095912,0.2040998633,-0.2212624122,0.007920211329,0.03726905752,0.007920211329,0.1077401213,0.1376378005,0.005866140127,0.002362204716,4.35100076e-08
4.41,-0.3430498223,-0.05869555699,-0.3712120939,0.03820453349,-0.05084420988,0.9987065967,0.002637792114,0.999996521,0,0,1.411014699,1.554284059,-1.452164862,1.778852545,0.3656303193,-0.1790825298,-0.09086429593,-1.417133401,1.6493361,1.189963278,1.478683922,0.2291424971,0.2404409373,-0.728168461,0.02412924114,-0.00904307103,-0.04591528158,0.2714471849,0.3559463713,-0.1845256255,-0.3244754635,-0.07263444008,4.440892099e-14,-0.1671098872,0.05689267196,0.2662039255,0.2011293311,-0.2186264144,0.007898460725,0.03725963869,0.007898460725,0.1075669625,0.1376378005,0.005866140127,0.002362204716,4.351000782e-08
4.42,-0.3467368468,-0.05831547872,-0.3661879629,0.03781074595,-0.05084420988,0.9987065967,0.002637792114,0.999996521,0,0,1.411255991,1.554193628,-1.452624015,1.781567017,0.369189783,-0.180927786,-0.09410905057,-1.417859746,1.6493361,1.18829218,1.479252849,0.2318045363,0.2424522306,-0.7303547251,0.02311740541,-0.008676183947,-0.04424871137,0.2677029905,0.3517055052,-0.1804017352,-0.3214713431,-0.07130918403,-2.220446049e-14,-0.1652896918,0.05689395918,0.2617079057,0.1992571542,-0.215174205,0.007877024896,0.03725050567,0.007877024896,0.1077205507,0.1376378005,0.005866140127,0.002362204716,4.351000737e-08
4.43,-0.3503734886,-0.05793934926,-0.3611359507,0.03741480084,-0.05084420988,0.9987065967,0.002637792114,0.999996521,0,0,1.411487165,1.554106866,-1.453066502,1.784244047,0.372706838,-0.1827318034,-0.097323764,-1.418572837,1.6493361,1.186639283,1.479821788,0.2344216154,0.2444448022,-0.7325064672,0.02147820165,-0.008124749087,-0.04180922407,0.2634990374,0.3478884212,-0.1748230539,-0.3191308752,-0.06939080704,0,-0.1639308541,0.05704033006,0.2570626371,0.1981965352,-0.2111134397,0.007856510362,0.03724124132,0.007856510362,0.1079464158,0.1376378005,0.005866140127,0.002362204716,4.35100076e-08
4.44,-0.353959481,-0.05756718926,-0.3560584864,0.03701688615,-0.05084420988,0.9987065967,0.002637792114,0.999996521,0,0,1.411701947,1.554025619,-1.453484594,1.786879037,0.3761857222,-0.1844800339,-0.1005150728,-1.419266746,1.6493361,1.184999974,1.480392192,0.2369922417,0.2464267675,-0.7346176016,0.02131952641,-0.00801678918,-0.0412026564,0.2596374443,0.3431382553,-0.1720553652,-0.3148388719,-0.06865307218,-2.220446049e-14,-0.1619334863,0.05571857847,0.2529378823,0.1960101051,-0.208211247,0.007837353759,0.03722740634,0.007837353759,0.1076352754,0.1376378005,0.005866140127,0.002362204716,4.35100076e-08
4.45,-0.3574945817,-0.05719901747,-0.3509580346,0.03661719261,-0.05084420988,0.9987065967,0.002637792114,0.999996521,0,0,1.411915142,1.553945451,-1.453896621,1.789475412,0.3796171048,-0.1862005876,-0.1036634615,-1.419953276,1.6493361,1.183380639,1.480949377,0.2395216206,0.2483868686,-0.736699714,0.02119723961,-0.007917083732,-0.04058931183,0.2563186896,0.3382443463,-0.1697627196,-0.3106937695,-0.06808484356,4.440892099e-14,-0.1595495165,0.05526885783,0.2486737673,0.1931287368,-0.2054570121,0.007818492142,0.03721391092,0.007818492142,0.1070099489,0.1376378005,0.005866140127,0.002362204716,4.351000782e-08
4.46,-0.3609785734,-0.0568348507,-0.3458370954,0.03621591366,-0.05084420988,0.9987065967,0.002637792114,0.999996521,0,0,1.412127115,1.55386628,-1.454302514,1.792038599,0.3829995482,-0.1878982148,-0.1067703992,-1.420634125,1.6493361,1.181785144,1.481502066,0.2420083582,0.250318156,-0.7387542841,0.02109010897,-0.007820173157,-0.03997174736,0.2531433327,0.3332968316,-0.1675933659,-0.3065673043,-0.06756195273,-4.440892099e-14,-0.1570537773,0.05506412286,0.2443721365,0.1900452143,-0.2027307542,0.007799897272,0.03720080182,0.007799897272,0.1066291393,0.1376378005,0.005866140127,0.002362204716,4.351000737e-08
4.47,-0.3644112638,-0.05647470383,-0.3406982041,0.03581324551,-0.05084420988,0.9987065967,0.002637792114,0.999996521,0,0,1.412338016,1.553788078,-1.454702231,1.794570032,0.3863325166,-0.1895741484,-0.1098360722,-1.421309744,1.6493361,1.180214606,1.482052707,0.2444520796,0.2522186081,-0.7407815917,0.02016891808,-0.007474544559,-0.03834039433,0.2493644701,0.3289034322,-0.1635005559,-0.3033003863,-0.06626230625,2.220446049e-14,-0.155161378,0.05506251651,0.2398936383,0.1880245585,-0.1992234744,0.007781558292,0.0371880863,0.007781558292,0.1065406833,0.1376378005,0.005866140127,0.002362204716,4.351000782e-08
4.48,-0.3677924862,-0.05611858975,-0.3355439315,0.03540938711,-0.05084420988,0.9987065967,0.002637792114,0.999996521,0,0,1.412539705,1.553713333,-1.455085635,1.797063677,0.3896215509,-0.191209154,-0.1128690761,-1.421972367,1.6493361,1.178662993,1.482603332,0.246851016,0.2540988537,-0.7427738264,0.01874632886,-0.006979673004,-0.0360801841,0.245212141,0.324851891,-0.1582197311,-0.3005563162,-0.06448311307,0,-0.1536377167,0.05518545432,0.2353025515,0.1866546831,-0.1952325956,0.007764069584,0.03717574762,0.007764069584,0.1068966771,0.1376378005,0.005866140127,0.002362204716,4.35100076e-08
4.49,-0.3711220998,-0.05576651938,-0.3303768839,0.03500454012,-0.05084420988,0.9987065967,0.002637792114,0.999996521,0,0,1.412727168,1.553643536,-1.455446437,1.799515798,0.3928700698,-0.1927913513,-0.1158746392,-1.422617198,1.6493361,1.177126615,1.483155187,0.2492040415,0.2559654005,-0.7447261524,0.01868810436,-0.006899439786,-0.03548992955,0.2420301821,0.3198456846,-0.15609051,-0.2963124072,-0.06397972775,0,-0.1511129673,0.0549656475,0.2310202495,0.1835085815,-0.1924868531,0.007747782684,0.03716377497,0.007747782684,0.1076008172,0.1376378005,0.005866140127,0.002362204716,4.35100076e-08
4.5,-0.3743999901,-0.05541850157,-0.3251997029,0.03459890897,-0.05084420988,0.9987065967,0.002637792114,0.999996521,0,0,1.412914049,1.553574542,-1.455801337,1.8019361,0.3960685266,-0.1943522564,-0.1188377633,-1.423256996,1.6493361,1.175615486,1.483704843,0.251514244,0.2578004863,-0.7466510209,0.01863654407,-0.006819607443,-0.03489816035,0.2388409201,0.3148301485,-0.1539518651,-0.2920444452,-0.06347329315,2.220446049e-14,-0.148590584,0.05474363028,0.2267495981,0.1803600666,-0.1897261193,0.007731698843,0.03715217543,0.007731698843,0.1082968522,0.1376378005,0.005866140127,0.002362204716,4.35100076e-08
4.51,-0.377626069,-0.05507454312,-0.3200150656,0.03419270082,-0.05084420988,0.9987065967,0.002637792114,0.999996521,0,0,1.413100415,1.553506346,-1.456150318,1.804324509,0.3992168281,-0.1958917751,-0.1217582078,-1.423891729,1.6493361,1.17412958,1.48425228,0.25378174,0.259604087,-0.7485482821,0.01856540126,-0.006731577362,-0.03430979797,0.2350430781,0.3099422032,-0.1512746947,-0.2875388156,-0.06277248096,0,-0.146512278,0.05354665443,0.2226659043,0.1779700023,-0.1867396696,0.00771581516,0.03714094073,0.00771581516,0.1089847684,0.1376378005,0.005866140127,0.002362204716,4.351000737e-08
4.52,-0.3808002756,-0.05473464877,-0.3148256843,0.03378612557,-0.05084420988,0.9987065967,0.002637792114,0.999996521,0,0,1.413286069,1.55343903,-1.456493416,1.80667494,0.4023162502,-0.197404522,-0.1246335959,-1.424519453,1.6493361,1.172664457,1.484787746,0.256008399,0.261383787,-0.7504156788,0.01851879539,-0.006649827982,-0.03371821253,0.2316857027,0.3049512071,-0.1489836827,-0.2831707513,-0.06220843639,-2.220446049e-14,-0.1441202499,0.05305918782,0.2184766817,0.175023512,-0.1838929736,0.007700155866,0.03713000341,0.007700155866,0.1091338545,0.1375413395,0.005866140127,0.002362204716,4.351000737e-08
4.53,-0.3839225761,-0.05439882113,-0.309634307,0.03337939586,-0.05084420988,0.9987065967,0.002637792114,0.999996521,0,0,1.413471257,1.553372532,-1.456830598,1.808991797,0.4053657622,-0.1988943588,-0.1274653034,-1.425141538,1.6493361,1.171223255,1.485318338,0.2581931658,0.2631340221,-0.7522546085,0.01655012816,-0.005975244668,-0.03070144358,0.2270655229,0.3012411097,-0.14224012,-0.2808918012,-0.05985995438,0,-0.1430197668,0.05335902194,0.2138186432,0.1743720202,-0.17930631,0.007684699661,0.03711939903,0.007684699661,0.1091338545,0.1376343544,0.005866140127,0.002362204716,4.35100076e-08
4.54,-0.3869929644,-0.05406706065,-0.3044437169,0.03297272706,-0.05084420988,0.9987065967,0.002637792114,0.999996521,0,0,1.413636758,1.553312779,-1.457137613,1.811262452,0.4083781733,-0.20031676,-0.1302742214,-1.425740137,1.6493361,1.169793057,1.485851928,0.2603313523,0.2648777423,-0.7540476716,0.01652109848,-0.005900516053,-0.03010394131,0.2238769976,0.2962175536,-0.1400900619,-0.2765584973,-0.05934692725,0,-0.1405118739,0.05314271111,0.2096072594,0.1712148174,-0.1765060209,0.007670861034,0.0371091277,0.007670861034,0.1085914826,0.1376378005,0.005866140127,0.002362204716,4.35100076e-08
4.55,-0.3900114624,-0.05373936566,-0.2992567327,0.0325663373,-0.05084420988,0.9987065967,0.002637792114,0.999996521,0,0,1.413801969,1.553253774,-1.457438652,1.813501222,0.4113403489,-0.2017176607,-0.1330398064,-1.426333607,1.6493361,1.168387938,1.486383355,0.2624274249,0.2665898905,-0.7558127319,0.01653017893,-0.005836094,-0.02954681491,0.2207134105,0.2911761196,-0.138012905,-0.2721807445,-0.05886288572,0,-0.1379888527,0.05291649477,0.2054238535,0.1680218606,-0.1737290799,0.007657199035,0.03709919298,0.007657199035,0.1082762114,0.1376378005,0.005866140127,0.002362204716,4.35100076e-08
4.56,-0.3929781205,-0.05341573224,-0.2940762085,0.03216044744,-0.05084420988,0.9987065967,0.002637792114,0.999996521,0,0,1.413967271,1.553195413,-1.45773412,1.815708356,0.4142521101,-0.2030977897,-0.1357616139,-1.426922235,1.6493361,1.16700805,1.48691252,0.2644816634,0.2682701091,-0.7575500226,0.01654515036,-0.005772109832,-0.02899028925,0.2175528593,0.2861414402,-0.1359338328,-0.2677952216,-0.0583777347,0,-0.1354753058,0.05268906452,0.201263096,0.1648363668,-0.1709476173,0.007643687485,0.03708958688,0.007643687485,0.1081888598,0.1376378005,0.005866140127,0.002362204716,4.35100076e-08
4.57,-0.3958930177,-0.0530961543,-0.2889050337,0.03175528108,-0.05084420988,0.9987065967,0.002637792114,0.999996521,0,0,1.414132722,1.553137692,-1.458024023,1.817883885,0.4171135245,-0.204457128,-0.1384395661,-1.427506013,1.6493361,1.165653297,1.487439411,0.2664942944,0.2699184728,-0.7592594988,0.01656581715,-0.005708588326,-0.02843468532,0.2143971611,0.2811163708,-0.133854163,-0.2634048284,-0.05789179306,0,-0.1329724739,0.0524605827,0.1971268348,0.1616600505,-0.1681634594,0.007630323903,0.03708030132,0.007630323903,0.1083195212,0.1376378005,0.005866140127,0.002362204716,4.35100076e-08
4.58,-0.3987562621,-0.05278062345,-0.2837461333,0.03135106455,-0.05084420988,0.9987065967,0.002637792114,0.999996521,0,0,1.41429838,1.553080606,-1.45830837,1.820027856,0.4199246882,-0.2057956697,-0.1410736144,-1.428084931,1.6493361,1.164323572,1.487964017,0.2684655627,0.2715350733,-0.7609411334,0.01649974677,-0.005616778993,-0.0277657047,0.2111113411,0.2761793344,-0.1314956763,-0.2590790228,-0.05729692727,-2.220446049e-14,-0.1305992828,0.05214485911,0.193017311,0.1586988343,-0.1652693041,0.007617105799,0.03707132829,0.007617105799,0.1086584558,0.1376378005,0.005866140127,0.002362204716,4.35100076e-08
4.59,-0.4015679912,-0.05246912908,-0.2786024676,0.03094802694,-0.05084420988,0.9987065967,0.002637792114,0.999996521,0,0,1.414463378,1.553024438,-1.458586027,1.82213897,0.4226864815,-0.2071106264,-0.1436644046,-1.4286579,1.6493361,1.163017579,1.488485465,0.2703957358,0.2731220616,-0.7625938265,0.01484923215,-0.005032693662,-0.02509603872,0.2060976687,0.2724299575,-0.1248406169,-0.256160868,-0.05501712747,4.440892099e-14,-0.1297960098,0.05138165508,0.1887452884,0.158477869,-0.160719415,0.00760409983,0.03706265319,0.00760409983,0.1090931484,0.1376378005,0.005866140127,0.002362204716,4.351000782e-08
4.6,-0.4043283722,-0.05216165821,-0.2734770322,0.03054640007,-0.05084420988,0.9987065967,0.002637792114,0.999996521,0,0,1.41461187,1.552974111,-1.458836987,1.824199947,0.4254107811,-0.2083590326,-0.1462260133,-1.429208071,1.6493361,1.161719619,1.488999282,0.2722831887,0.2747068403,-0.7642010206,0.01491488565,-0.004984042137,-0.02458290483,0.2030034388,0.2674324068,-0.1228562294,-0.2517459083,-0.05456301037,0,-0.1273038977,0.05115456469,0.1846961143,0.1552845486,-0.1579708241,0.007592480615,0.0370542169,0.007592480615,0.1083023586,0.1376378005,0.005866140127,0.002362204716,4.351000737e-08
4.61,-0.4070376027,-0.05185819559,-0.2683728584,0.03014641849,-0.05084420988,0.9987065967,0.002637792114,0.999996521,0,0,1.414761019,1.552924271,-1.459082816,1.826229981,0.4280851052,-0.2095875949,-0.1487434723,-1.429753701,1.6493361,1.16044658,1.489510828,0.2741301498,0.2762596858,-0.7657807288,0.01498541846,-0.004935757237,-0.02407200532,0.1999213045,0.2624561152,-0.1208762122,-0.2473381506,-0.05410936276,0,-0.1248276511,0.05092716419,0.1806790417,0.1521077733,-0.1552270143,0.007580963719,0.03704607321,0.007580963719,0.1075262223,0.1376378005,0.005866140127,0.002362204716,4.351000737e-08
4.62,-0.4096959105,-0.05155872357,-0.2632930126,0.02974831951,-0.05084420988,0.9987065967,0.002637792114,0.999996521,0,0,1.414910873,1.552874913,-1.459323537,1.828229194,0.4307096663,-0.210796357,-0.1512168539,-1.430294795,1.6493361,1.159198303,1.490020099,0.2759369403,0.2777807635,-0.767332999,0.01506058232,-0.004887861453,-0.02356365273,0.1968531805,0.2575041341,-0.1189019279,-0.2429407338,-0.05365650584,-2.220446049e-14,-0.1223685897,0.05069962521,0.1766959786,0.1489493845,-0.1524899276,0.007569547302,0.0370382143,0.007569547302,0.1067646743,0.1376378005,0.005866140127,0.002362204716,4.351000737e-08
4.63,-0.4123035544,-0.05126322212,-0.2582405967,0.02935234317,-0.05084420988,0.9987065967,0.002637792114,0.999996521,0,0,1.415061479,1.552826035,-1.459559173,1.830197726,0.4332847076,-0.2119853763,-0.1536462612,-1.43083136,1.6493361,1.157974618,1.490527096,0.2777039,0.2792702574,-0.7688578983,0.01514012327,-0.00484037745,-0.0230581632,0.1938010044,0.2525795504,-0.1169347571,-0.2385568395,-0.05320476526,0,-0.1199280461,0.05047212198,0.1727488475,0.1458112436,-0.1497615322,0.007558229523,0.03703063245,0.007558229523,0.1060176404,0.1376378005,0.005866140127,0.002362204716,4.35100076e-08
4.64,-0.4148608243,-0.05097166882,-0.2532187482,0.02895873225,-0.05084420988,0.9987065967,0.002637792114,0.999996521,0,0,1.41521288,1.552777631,-1.459789755,1.832135736,0.4358105031,-0.2131547239,-0.1560318296,-1.431363408,1.6493361,1.156775337,1.491031817,0.2794313885,0.2807283698,-0.7703555136,0.0152237819,-0.004793328074,-0.02255585652,0.1907667368,0.2476854867,-0.1149760985,-0.2341896913,-0.05275447112,-2.220446049e-14,-0.1175073652,0.05024483134,0.168839586,0.1426952319,-0.1470438227,0.00754700854,0.03702332001,0.00754700854,0.1052850375,0.1376378005,0.005866140127,0.002362204716,4.35100076e-08
4.65,-0.4173680418,-0.05068403878,-0.2482306399,0.02856773227,-0.05084420988,0.9987065967,0.002637792114,0.999996521,0,0,1.415365118,1.552729698,-1.460015313,1.834043403,0.438287358,-0.2143044848,-0.1583737265,-1.431890952,1.6493361,1.155600263,1.491534265,0.2811197844,0.2821553221,-0.7718259518,0.01471496834,-0.004558768167,-0.0212829759,0.1872880516,0.2432103372,-0.1115486249,-0.2304339935,-0.0517276533,2.220446049e-14,-0.1155337417,0.05019623051,0.1648328049,0.1403698985,-0.1437911647,0.007535882512,0.03701626948,0.007535882512,0.1045667736,0.1376378005,0.005866140127,0.002362204716,4.351000782e-08
4.66,-0.4198255603,-0.05040030464,-0.2432794797,0.02817959149,-0.05084420988,0.9987065967,0.002637792114,0.999996521,0,0,1.415512268,1.55268411,-1.460228143,1.835916284,0.4407194614,-0.2154199711,-0.1606780664,-1.432408229,1.6493361,1.154444926,1.492036227,0.2827681124,0.2835590211,-0.7732638635,0.01388260984,-0.004223584932,-0.01958997684,0.1835788666,0.2389847196,-0.1073263975,-0.2270261771,-0.05038743839,0,-0.113813382,0.05024557926,0.1607889647,0.1384872143,-0.1402577713,0.007525296427,0.03700947725,0.007525296427,0.1041338593,0.1376812115,0.005866140127,0.002362204716,4.35100076e-08
4.67,-0.4222337654,-0.05012043658,-0.2383685114,0.0277945609,-0.05084420988,0.9987065967,0.002637792114,0.999996521,0,0,1.415651094,1.552641874,-1.460424043,1.837752072,0.4431093086,-0.2164932351,-0.1629483282,-1.432912103,1.6493361,1.153306792,1.492538683,0.2843760021,0.2849438933,-0.7746664412,0.01399795231,-0.004185012408,-0.019136217,0.1802991397,0.2342628385,-0.1051799884,-0.2225661602,-0.04986683461,0,-0.1117017934,0.0494514969,0.1571140085,0.1358467828,-0.1374763644,0.007515487021,0.03700293944,0.007515487021,0.1041338593,0.1376840969,0.005866140127,0.002362204716,4.35100076e-08
4.68,-0.4245930754,-0.04984440221,-0.233501014,0.02741289425,-0.05084420988,0.9987065967,0.002637792114,0.999996521,0,0,1.415791073,1.552600024,-1.460615405,1.839555064,0.445451937,-0.217545035,-0.1651739898,-1.433410772,1.6493361,1.152189774,1.493033198,0.2859471422,0.2863023611,-0.7760412048,0.01411787612,-0.004147901344,-0.01868696006,0.1771303108,0.2295648909,-0.1031236856,-0.2181691902,-0.04937476333,-2.220446049e-14,-0.1095522019,0.04879747811,0.1534612655,0.1331266924,-0.1347452704,0.007505750959,0.03699661054,0.007505750959,0.1043431752,0.1376378005,0.005866140127,0.002362204716,4.35100076e-08
4.69,-0.4269039416,-0.04957216663,-0.2286803017,0.02703484803,-0.05084420988,0.9987065967,0.002637792114,0.999996521,0,0,1.415932252,1.552558545,-1.460802275,1.841326367,0.4477475859,-0.2185762718,-0.1673556817,-1.433904519,1.6493361,1.151094252,1.493521173,0.2874817548,0.287633628,-0.7773886575,0.01424556637,-0.004114601658,-0.01824217422,0.174249391,0.2248536155,-0.1013129848,-0.2139105537,-0.04896737266,4.440892099e-14,-0.107225187,0.04857748261,0.149774106,0.1300995184,-0.1321424875,0.007496083539,0.03699049168,0.007496083539,0.104596104,0.1376378005,0.005866140127,0.002362204716,4.351000782e-08
4.7,-0.4291668485,-0.04930369232,-0.2239097244,0.02666068144,-0.05084420988,0.9987065967,0.002637792114,0.999996521,0,0,1.416074708,1.552517399,-1.460984696,1.843068861,0.449996122,-0.2195894017,-0.1694947872,-1.434394193,1.6493361,1.150022,1.494006948,0.2889794959,0.2889346232,-0.7787100824,0.0143755398,-0.004081687679,-0.01780227933,0.1713981729,0.2201923812,-0.09951858059,-0.2096890664,-0.0485632242,-2.220446049e-14,-0.1049265975,0.04835881806,0.1461368051,0.1271067875,-0.129562571,0.007486472927,0.03698460104,0.007486472927,0.1047056129,0.1376378005,0.005866140127,0.002362204716,4.351000737e-08
4.71,-0.4313823145,-0.04903893919,-0.2191926674,0.02629065646,-0.05084420988,0.9987065967,0.002637792114,0.999996521,0,0,1.416218463,1.552476582,-1.461162719,1.844782843,0.4521980458,-0.2205845875,-0.1715916779,-1.434879825,1.6493361,1.148972734,1.494490536,0.2904408639,0.2902056911,-0.7800057081,0.01450747722,-0.004049179654,-0.01736758805,0.1685787558,0.2155845796,-0.09774193672,-0.2055082578,-0.04816265278,-2.220446049e-14,-0.1026578949,0.04814167344,0.1425514127,0.1241505563,-0.1270076675,0.007476917861,0.0369789316,0.007476917861,0.1046790198,0.1376378005,0.005866140127,0.002362204716,4.35100076e-08
4.72,-0.4335508917,-0.04877786451,-0.2145325512,0.02592503777,-0.05084420988,0.9987065967,0.002637792114,0.999996521,0,0,1.416363538,1.55243609,-1.461336395,1.84646863,0.4543538916,-0.2215620068,-0.1736467605,-1.435361452,1.6493361,1.147946155,1.494971953,0.2918663781,0.2914471967,-0.7812757848,0.01464105511,-0.004017098027,-0.01693841631,0.1657932612,0.211033638,-0.09598453309,-0.2013716963,-0.04776599698,0,-0.1004205554,0.04792623995,0.1390199973,0.1212329018,-0.1244799475,0.007467417082,0.03697347647,0.007467417082,0.104523413,0.1376378005,0.005866140127,0.002362204716,4.351000782e-08
4.73,-0.4356731668,-0.04852042286,-0.2099328319,0.02556409283,-0.05084420988,0.9987065967,0.002637792114,0.999996521,0,0,1.416509949,1.552395919,-1.461505779,1.848126563,0.456464228,-0.2225218522,-0.1756604775,-1.435839112,1.6493361,1.14694195,1.495451215,0.293256578,0.2926595257,-0.7825205843,0.01389191465,-0.003704597143,-0.01534355139,0.1623339801,0.2070954692,-0.09200550991,-0.198129008,-0.0465071473,2.220446049e-14,-0.09884125268,0.04799246751,0.135335874,0.1194897076,-0.1211726537,0.007457969335,0.03696822886,0.007457969335,0.1042456471,0.1376378005,0.005866140127,0.002362204716,4.351000782e-08
4.74,-0.4377497613,-0.04826656617,-0.2053970009,0.02520809181,-0.05084420988,0.9987065967,0.002637792114,0.999996521,0,0,1.416648868,1.552358873,-1.461659215,1.849749903,0.4585351827,-0.2234419073,-0.1776417675,-1.436304183,1.6493361,1.145953537,1.49593114,0.2946099368,0.2938544227,-0.7837323108,0.01364248224,-0.003553340598,-0.01441645856,0.1593153349,0.2029106647,-0.08931852642,-0.1944608351,-0.04574308386,0,-0.09694069474,0.0479022983,0.1318244884,0.1171461929,-0.1183580977,0.007449237791,0.03696319292,0.007449237791,0.1041338593,0.1377622954,0.005866140127,0.002362204716,4.35100076e-08
4.75,-0.4397813316,-0.04801624363,-0.200928585,0.02485730764,-0.05084420988,0.9987065967,0.002637792114,0.999996521,0,0,1.416785293,1.55232334,-1.461803379,1.851343056,0.4605642894,-0.2243350925,-0.1795863759,-1.436761614,1.6493361,1.14498413,1.496410163,0.2959281816,0.2950258847,-0.7849158918,0.01380425269,-0.003533314943,-0.0140400193,0.1566670283,0.1985368061,-0.0876973228,-0.1904549805,-0.04538654595,0,-0.09478529069,0.04768441575,0.12846994,0.1143206113,-0.115953688,0.007440838967,0.03695835711,0.007440838967,0.1041338593,0.1378418233,0.005866140127,0.002362204716,4.35100076e-08
4.76,-0.4417685696,-0.04776940171,-0.1965311465,0.02451201596,-0.05084420988,0.9987065967,0.002637792114,0.999996521,0,0,1.416923335,1.552288007,-1.461943779,1.852909726,0.4625496574,-0.2252120658,-0.1814909257,-1.43721548,1.6493361,1.144036277,1.496887007,0.297212881,0.2961690908,-0.7860754287,0.01396600522,-0.003513554642,-0.0136699235,0.1540609716,0.1942339995,-0.08610032314,-0.1865083224,-0.04503491271,0,-0.09266770761,0.04746917382,0.125177958,0.1115427553,-0.1135847878,0.00743246209,0.03695371008,0.00743246209,0.1041338593,0.1378056181,0.005866140127,0.002362204716,4.35100076e-08
4.77,-0.4437122031,-0.04752598408,-0.1922082831,0.0241724952,-0.05084420988,0.9987065967,0.002637792114,0.999996521,0,0,1.417062995,1.552252871,-1.462080479,1.854450336,0.4644919974,-0.226073069,-0.1833560089,-1.437665829,1.6493361,1.1431096,1.497361699,0.2984646606,0.2972845183,-0.7872112765,0.01412478522,-0.003490473001,-0.01330599022,0.1510473128,0.1901115341,-0.08412914089,-0.1824328174,-0.0445475876,0,-0.09095676182,0.04649366778,0.1221011369,0.1094131186,-0.1110496391,0.007424106619,0.03694924541,0.007424106619,0.1041338593,0.137659774,0.005866140127,0.002362204716,4.35100076e-08
4.78,-0.4456129959,-0.04728593163,-0.1879636278,0.02383902648,-0.05084420988,0.9987065967,0.002637792114,0.999996521,0,0,1.417204243,1.552217967,-1.462213539,1.855960809,0.4663931128,-0.2269143604,-0.1851803371,-1.438111305,1.6493361,1.142200033,1.497826635,0.299685672,0.2983786495,-0.7883217729,0.01428488457,-0.003470687742,-0.01294965371,0.1484854383,0.1859730505,-0.08254446777,-0.1785947902,-0.04419137581,2.220446049e-14,-0.08896049486,0.0462027955,0.1189594587,0.1068006979,-0.1087342312,0.007415782934,0.03694491331,0.007415782934,0.1043343414,0.1376378005,0.005866140127,0.002362204716,4.35100076e-08
4.79,-0.4474717485,-0.04704918243,-0.1838008491,0.02351189368,-0.05084420988,0.9987065967,0.002637792114,0.999996521,0,0,1.417347092,1.55218326,-1.462343035,1.857445663,0.4682528433,-0.2277398051,-0.186966285,-1.438553218,1.6493361,1.141310428,1.498288663,0.3008752666,0.2994466565,-0.7894091152,0.01444415672,-0.003451659394,-0.01260061897,0.1460272586,0.1819038052,-0.08103696271,-0.1748506504,-0.04385813939,-2.220446049e-14,-0.08696232015,0.04600759181,0.1158686649,0.1041702585,-0.1064859121,0.007407481429,0.03694074661,0.007407481429,0.104460042,0.1376378005,0.005866140127,0.002362204716,4.351000737e-08
4.8,-0.4492892982,-0.04681567168,-0.1797236509,0.02319138343,-0.05084420988,0.9987065967,0.002637792114,0.999996521,0,0,1.417491533,1.552148743,-1.462469041,1.858905936,0.4700718813,-0.2285501747,-0.1887147915,-1.4389918,1.6493361,1.140440805,1.498748739,0.3020339532,0.3004883591,-0.7904739744,0.01460192013,-0.003432982119,-0.01225912087,0.1436201221,0.1779203499,-0.07955952427,-0.1711810528,-0.04353113844,0,-0.08500831324,0.04581567156,0.1128490823,0.1015967079,-0.1042824064,0.00739920025,0.03693674448,0.00739920025,0.1044864666,0.1376378005,0.005866140127,0.002362204716,4.35100076e-08
4.81,-0.4510665193,-0.04658533172,-0.1757357725,0.02287778509,-0.05084420988,0.9987065967,0.002637792114,0.999996521,0,0,1.417637553,1.552114413,-1.462591633,1.860342137,0.4718510848,-0.2293457699,-0.190426602,-1.439427111,1.6493361,1.139590722,1.499206896,0.3031624441,0.3015043262,-0.7915167984,0.01475779027,-0.003414674342,-0.01192546872,0.1412663253,0.1740264527,-0.07811370891,-0.1675899242,-0.04321071548,0,-0.08310010882,0.04562723931,0.1099029608,0.09908235133,-0.1021260639,0.007390938835,0.03693290093,0.007390938835,0.1044188756,0.1376378005,0.005866140127,0.002362204716,4.35100076e-08
4.82,-0.4528043239,-0.04635809197,-0.1718409885,0.02257139076,-0.05084420988,0.9987065967,0.002637792114,0.999996521,0,0,1.417785131,1.552080267,-1.462710887,1.8617548,0.4735913493,-0.230126907,-0.1921025013,-1.439859218,1.6493361,1.13875972,1.499663168,0.3042614737,0.3024951497,-0.7925380591,0.01446795423,-0.003253719858,-0.01100009403,0.1386021902,0.1704919839,-0.07555181403,-0.1644884538,-0.04245762763,0,-0.08154985693,0.04559133428,0.1069250641,0.09719678403,-0.09961502056,0.007382696624,0.03692921005,0.007382696624,0.1042622882,0.1376378005,0.005866140127,0.002362204716,4.35100076e-08
4.83,-0.4545036621,-0.04613387891,-0.1680431091,0.02227249528,-0.05084420988,0.9987065967,0.002637792114,0.999996521,0,0,1.41792981,1.552047729,-1.462820888,1.863140822,0.4752962692,-0.2308824252,-0.1937473858,-1.440283795,1.6493361,1.137944222,1.500119082,0.3053307243,0.3034671175,-0.7935342093,0.01403461124,-0.00304897757,-0.009892784098,0.1358809028,0.1671401481,-0.07266221241,-0.1616031869,-0.04157319225,0,-0.08014581658,0.04560635992,0.1039889566,0.09555324421,-0.09703029108,0.007374810648,0.03692567402,0.007374810648,0.1041338593,0.1377310743,0.005866140127,0.002362204716,4.35100076e-08
4.84,-0.456165522,-0.04591261607,-0.1643459799,0.02198139624,-0.05084420988,0.9987065967,0.002637792114,0.999996521,0,0,1.418070156,1.55201724,-1.462919816,1.864499631,0.4769676707,-0.2316090473,-0.1953634177,-1.440699526,1.6493361,1.137142764,1.500575145,0.3063706139,0.30442265,-0.7945045122,0.01420343322,-0.003040313728,-0.009613081957,0.1337198969,0.1635265512,-0.07137850002,-0.1582527097,-0.04129671729,0,-0.07836825335,0.04542227317,0.1012792153,0.09320099054,-0.09505259658,0.007367383636,0.03692229029,0.007367383636,0.1041338593,0.137886667,0.005866140127,0.002362204716,4.35100076e-08
4.85,-0.4577909304,-0.045694224,-0.1607534817,0.02169839394,-0.05084420988,0.9987065967,0.002637792114,0.999996521,0,0,1.41821219,1.551986836,-1.463015947,1.86583683,0.4786029362,-0.2323228323,-0.1969459448,-1.441112494,1.6493361,1.136359081,1.501029368,0.307383406,0.3053546599,-0.7954550381,0.0143682159,-0.003031822186,-0.009341702111,0.1316210779,0.1600182197,-0.07013110286,-0.1549972641,-0.04102757856,0,-0.07664370189,0.04524272162,0.09865217005,0.09091825137,-0.09313095651,0.007359952911,0.03691904267,0.007359952911,0.1041338593,0.1379564171,0.005866140127,0.002362204716,4.35100076e-08
4.86,-0.4593809534,-0.0454786202,-0.1572695308,0.02142379146,-0.05084420988,0.9987065967,0.002637792114,0.999996521,0,0,1.418355873,1.551956518,-1.463109364,1.867153041,0.4802031184,-0.2330241433,-0.1984959174,-1.441522769,1.6493361,1.135592644,1.501481795,0.3083699277,0.3062638424,-0.7963863477,0.01452853139,-0.003023517807,-0.009078929995,0.1295868299,0.1566191194,-0.06892158292,-0.1518409817,-0.04076610923,0,-0.0749738911,0.04506792749,0.09611017107,0.08870747103,-0.0912678112,0.007352518644,0.03691592562,0.007352518644,0.1041338593,0.137944671,0.005866140127,0.002362204716,4.35100076e-08
4.87,-0.460936696,-0.04526571915,-0.1538980791,0.02115789459,-0.05084420988,0.9987065967,0.002637792114,0.999996521,0,0,1.418501158,1.551926283,-1.463200153,1.868448909,0.4817693096,-0.2337133592,-0.2000143272,-1.441930431,1.6493361,1.134842905,1.501932474,0.3093310294,0.3071509171,-0.7972990258,0.01468394893,-0.003015415562,-0.008825053688,0.1276195582,0.1533332511,-0.06775151547,-0.1487880292,-0.04051264521,0,-0.07336056618,0.04489811478,0.09365559198,0.08657111622,-0.08946562168,0.007345081015,0.03691293374,0.007345081015,0.1041338593,0.1378555391,0.005866140127,0.002362204716,4.35100076e-08
4.88,-0.4624593033,-0.04505543226,-0.1506431137,0.02090101188,-0.05084420988,0.9987065967,0.002637792114,0.999996521,0,0,1.418647997,1.551896129,-1.463288404,1.869725105,0.4833026421,-0.2343908743,-0.2015022075,-1.442335557,1.6493361,1.1341093,1.502381456,0.3102675854,0.3080166283,-0.798193682,0.014835791,-0.003004625018,-0.008578607802,0.1254081339,0.1502396497,-0.06634340356,-0.1457028816,-0.04017140424,-2.220446049e-14,-0.07206903527,0.04419563183,0.09139856676,0.08493395823,-0.08757548842,0.007337640209,0.0369100617,0.007337640209,0.1041338593,0.1376928952,0.005866140127,0.002362204716,4.35100076e-08
4.89,-0.46394996,-0.04484766783,-0.1475086571,0.02065345461,-0.05084420988,0.9987065967,0.002637792114,0.999996521,0,0,1.418796355,1.551866083,-1.46337419,1.870979186,0.4848050386,-0.2350543083,-0.2029592363,-1.442737271,1.6493361,1.133388609,1.502823412,0.311181571,0.3088659678,-0.7990694369,0.01498057729,-0.002995961378,-0.008342929552,0.1234735829,0.1472184863,-0.06516105235,-0.1428200931,-0.03990095343,2.220446049e-14,-0.07066711202,0.04384844855,0.08916538512,0.08310084357,-0.08584843311,0.007330205022,0.03690727419,0.007330205022,0.1042610982,0.1376378005,0.005866140127,0.002362204716,4.351000782e-08
4.9,-0.4654098916,-0.04464233103,-0.1444987673,0.02041553679,-0.05084420988,0.9987065967,0.002637792114,0.999996521,0,0,1.418946161,1.551836123,-1.463457619,1.872213922,0.4862772234,-0.2357059189,-0.2043874373,-1.443136281,1.6493361,1.132681938,1.503261896,0.3120732249,0.3096969763,-0.7999279212,0.01511850357,-0.002988600817,-0.008117679907,0.1217273082,0.1442955275,-0.06412445431,-0.1401040459,-0.039674389,0,-0.0692314237,0.04370222359,0.08698794341,0.08119629263,-0.08424466679,0.007322770033,0.03690458579,0.007322770033,0.104372774,0.1376378005,0.005866140127,0.002362204716,4.35100076e-08
4.91,-0.4668403642,-0.0444393239,-0.1416175376,0.0201875752,-0.05084420988,0.9987065967,0.002637792114,0.999996521,0,0,1.419097346,1.551806237,-1.463538796,1.873431195,0.4877201787,-0.2363471634,-0.2057884777,-1.443533024,1.6493361,1.131989624,1.503698919,0.3129431043,0.3105089392,-0.8007703679,0.01524978879,-0.002981501368,-0.007902496456,0.1200576049,0.1415022088,-0.06313349923,-0.1375082782,-0.03945716651,0,-0.06785946858,0.04356158043,0.08490763054,0.07937654073,-0.08271188574,0.007315332321,0.03690200242,0.007315332321,0.1044164722,0.1376378005,0.005866140127,0.002362204716,4.35100076e-08
4.92,-0.468242685,-0.04423854528,-0.138869097,0.01996988932,-0.05084420988,0.9987065967,0.002637792114,0.999996521,0,0,1.419249844,1.551776422,-1.463617821,1.874631771,0.4891352008,-0.2369784984,-0.2071635605,-1.443927596,1.6493361,1.131311029,1.504134534,0.3137921806,0.3113027046,-0.8015974868,0.01537398743,-0.002974678456,-0.007697681041,0.1184669799,0.1388427099,-0.06218982731,-0.1350371262,-0.03924963147,0,-0.06655308499,0.04342673736,0.0829269482,0.07764417554,-0.08125264472,0.007307892102,0.03689951911,0.007307892102,0.104395315,0.1376378005,0.005866140127,0.002362204716,4.35100076e-08
4.93,-0.4696182027,-0.04403989079,-0.1362576095,0.01976280141,-0.05084420988,0.9987065967,0.002637792114,0.999996521,0,0,1.419403584,1.551746675,-1.463694798,1.875816441,0.4905236279,-0.2376003967,-0.2085139318,-1.444320092,1.6493361,1.130645498,1.504568802,0.3146214501,0.3120791464,-0.8024100132,0.01549065102,-0.002968147608,-0.007503538148,0.1169579607,0.1363212456,-0.06129509205,-0.1326949615,-0.03905213216,2.220446049e-14,-0.06531412762,0.04329791443,0.08104842159,0.0760018072,-0.07986951918,0.007300449596,0.03689713098,0.007300449596,0.1043121908,0.1376378005,0.005866140127,0.002362204716,4.35100076e-08
4.94,-0.4709683077,-0.04384325284,-0.1337872747,0.01956663645,-0.05084420988,0.9987065967,0.002637792114,0.999996521,0,0,1.41955849,1.551716994,-1.463769833,1.876986021,0.4918868403,-0.2382133476,-0.2098408814,-1.444710614,1.6493361,1.129992357,1.505001781,0.3154319343,0.3128391644,-0.8032087084,0.01495252574,-0.002752343739,-0.006428106784,0.1149852792,0.1343115563,-0.05874204167,-0.1310527103,-0.03821734087,-2.220446049e-14,-0.06458936407,0.04340283732,0.07911218219,0.07527557634,-0.07798137467,0.007293005031,0.03689483326,0.007293005031,0.1041697537,0.1376378005,0.005866140127,0.002362204716,4.351000737e-08
4.95,-0.4722944328,-0.04364852056,-0.1314623278,0.01938172215,-0.05084420988,0.9987065967,0.002637792114,0.999996521,0,0,1.419708016,1.55168947,-1.463834114,1.878135874,0.4932299559,-0.238800768,-0.2111514085,-1.445092787,1.6493361,1.129346463,1.505435809,0.3162230561,0.3135919202,-0.8039885222,0.0148995942,-0.002697882185,-0.006045190398,0.113518255,0.1321673393,-0.05754771772,-0.1291164283,-0.03788846569,0,-0.06359468864,0.04334061939,0.07740527908,0.07401440186,-0.07662226132,0.007286050798,0.03689263667,0.007286050798,0.1041338593,0.1377766935,0.005866140127,0.002362204716,4.35100076e-08
4.96,-0.4735980531,-0.04345557979,-0.129287039,0.01920838897,-0.05084420988,0.9987065967,0.002637792114,0.999996521,0,0,1.419857012,1.551662491,-1.463894566,1.879271056,0.4945516293,-0.2393762452,-0.2124425728,-1.445471672,1.6493361,1.128710517,1.505869215,0.3169971089,0.3143320642,-0.8047547448,0.01500272552,-0.002697290922,-0.005901460226,0.1122803255,0.1300798461,-0.05684338067,-0.1271780108,-0.03773593764,0,-0.06255951881,0.04322707076,0.0758495292,0.07264103183,-0.07549615392,0.007279208181,0.03689052532,0.007279208181,0.1041338593,0.1378961088,0.005866140127,0.002362204716,4.35100076e-08
4.97,-0.4748806868,-0.04326431307,-0.1272657143,0.01904697013,-0.05084420988,0.9987065967,0.002637792114,0.999996521,0,0,1.420007039,1.551635519,-1.463953581,1.880393859,0.4958524278,-0.239944679,-0.2137143529,-1.445849031,1.6493361,1.128084921,1.506301486,0.3177556042,0.3150584745,-0.8055097063,0.01509557713,-0.002696717021,-0.005768368529,0.111133514,0.1281480948,-0.05619221605,-0.1253872085,-0.03759391297,0,-0.06160004714,0.04312076245,0.07440610649,0.07136955898,-0.07445576062,0.007272351652,0.03688849075,0.007272351652,0.1041338593,0.1379567442,0.005866140127,0.002362204716,4.35100076e-08
4.98,-0.4761438951,-0.04307459956,-0.1254026948,0.01889780156,-0.05084420988,0.9987065967,0.002637792114,0.999996521,0,0,1.420157995,1.551608551,-1.464011264,1.881505194,0.4971339087,-0.2405066012,-0.214968225,-1.44622497,1.6493361,1.127468921,1.506732694,0.3184996653,0.3157721701,-0.8062542639,0.01517806196,-0.002696175446,-0.005645879944,0.1100778722,0.1263719732,-0.05559432686,-0.1237442282,-0.03746248923,0,-0.06071606712,0.04302181395,0.0730744521,0.07019977372,-0.07350120853,0.007265482285,0.03688652851,0.007265482285,0.1041338593,0.1379607527,0.005866140127,0.002362204716,4.35100076e-08
4.99,-0.4773892377,-0.04288631833,-0.1236736129,0.01875915155,-0.05084420988,0.9987065967,0.002637792114,0.999996521,0,0,1.420309775,1.55158159,-1.464067723,1.882605973,0.4983976284,-0.2410625444,-0.2162056672,-1.446599595,1.6493361,1.12686176,1.507162912,0.3192304098,0.3164741679,-0.806989276,0.01526044174,-0.00269578346,-0.005526099204,0.1090487023,0.1246369053,-0.05501070293,-0.1221386531,-0.03733573215,0,-0.0598528763,0.04292727054,0.07177365502,0.06905656546,-0.07256847898,0.007258601117,0.03688463429,0.007258601117,0.1041338593,0.1379100595,0.005866140127,0.002362204716,4.35100076e-08
5,-0.4786171275,-0.04269943087,-0.1218894433,0.0186174116,-0.05084420988,0.9987065967,0.002637792114,0.999996521,0,0,1.42046238,1.551554632,-1.464122984,1.88369646,0.4996439975,-0.2416126515,-0.2174270538,-1.446972953,1.6493361,1.126263231,1.507592185,0.3199481464,0.3171647335,-0.8077149608,0.01535393495,-0.002695652654,-0.005400473096,0.1079755517,0.1228183663,-0.05439880789,-0.1204501901,-0.03720707224,0,-0.05895116048,0.04283377627,0.07041622691,0.06785843534,-0.07158781948,0.007251707962,0.03688280613,0.007251707962,0.1041338593,0.1378064111,0.005866140127,0.002362204716,4.35100076e-08
5.01,-0.4798267322,-0.04251398845,-0.120016965,0.01847016742,-0.05084420988,0.9987065967,0.002637792114,0.999996521,0,0,1.420615919,1.551527675,-1.464176989,1.884776216,0.5008721812,-0.2421566395,-0.2186315557,-1.447345023,1.6493361,1.12567372,1.508020522,0.3206523086,0.3178433179,-0.808430839,0.01546446297,-0.002693702052,-0.005266319765,0.1065135294,0.1209958758,-0.05345177013,-0.1185160899,-0.03697355974,0,-0.0583022788,0.04214725708,0.06911953375,0.06706989649,-0.07038109869,0.007244801345,0.03688104444,0.007244801345,0.1041338593,0.1376515661,0.005866140127,0.002362204716,4.35100076e-08
5.02,-0.4810171805,-0.04233004536,-0.1180585971,0.0183175698,-0.05084420988,0.9987065967,0.002637792114,0.999996521,0,0,1.420770564,1.551500738,-1.464229652,1.885841351,0.5020821399,-0.2426911572,-0.2198167166,-1.447714759,1.6493361,1.125090697,1.508441995,0.321343504,0.3185140168,-0.80913465,0.01558083668,-0.002693805056,-0.005128502133,0.1053244785,0.1190111833,-0.05275985948,-0.1166443427,-0.03683271158,-2.220446049e-14,-0.05734393833,0.04201138738,0.06765595566,0.06579274691,-0.06928748092,0.007237885697,0.03687931704,0.007237885697,0.1042833368,0.1376378005,0.005866140127,0.002362204716,4.35100076e-08
5.03,-0.4821876258,-0.0421476544,-0.1160167392,0.0181597683,-0.05084420988,0.9987065967,0.002637792114,0.999996521,0,0,1.420926372,1.5514738,-1.464280937,1.886894596,0.5032722518,-0.2432187558,-0.22098316,-1.448083086,1.6493361,1.124517258,1.508862109,0.3220200635,0.3191719443,-0.8098275248,0.01570776476,-0.002694311327,-0.004985144237,0.1041199537,0.1169370209,-0.0520650097,-0.1147033513,-0.03669823809,2.220446049e-14,-0.05632343908,0.04192533878,0.06612704766,0.06442288296,-0.06816074867,0.007230954409,0.03687765454,0.007230954409,0.1043964946,0.1376378005,0.005866140127,0.002362204716,4.351000782e-08
5.04,-0.483337245,-0.04196686685,-0.1138937708,0.01799691124,-0.05084420988,0.9987065967,0.002637792114,0.999996521,0,0,1.42108345,1.551446857,-1.464330788,1.887935795,0.504441622,-0.2437394059,-0.2221301935,-1.448450068,1.6493361,1.123954023,1.509281362,0.322681334,0.3198161731,-0.8105091323,0.01584548987,-0.002695043601,-0.004836220597,0.1028729652,0.1147826,-0.05134277588,-0.1126822224,-0.03656174496,0,-0.05526601886,0.04184021181,0.06454443601,0.06300034495,-0.06698771953,0.007224005599,0.03687605989,0.007224005599,0.1044610189,0.1376378005,0.005866140127,0.002362204716,4.35100076e-08
5.05,-0.4844652387,-0.04178773254,-0.1116920521,0.01782914572,-0.05084420988,0.9987065967,0.002637792114,0.999996521,0,0,1.421241905,1.551419907,-1.464379151,1.888964525,0.505589448,-0.2442528337,-0.2232570157,-1.448815686,1.6493361,1.123401363,1.509699764,0.3233267784,0.3204461766,-0.8111790095,0.01599378455,-0.002695991114,-0.004681903982,0.1015847316,0.112550252,-0.05059389047,-0.1105831168,-0.0364232745,0,-0.05417282973,0.04175596467,0.06290991564,0.06152672079,-0.06576964197,0.007217037909,0.03687453325,0.007217037909,0.104478879,0.1376378005,0.005866140127,0.002362204716,4.35100076e-08
5.06,-0.4855708313,-0.04161029981,-0.1094139232,0.0176566176,-0.05084420988,0.9987065967,0.002637792114,0.999996521,0,0,1.421401842,1.551392947,-1.46442597,1.889980372,0.5067149505,-0.2447587726,-0.2243628469,-1.449179919,1.6493361,1.122859635,1.510117324,0.3239558775,0.3210614438,-0.8118367059,0.01615241926,-0.002697143378,-0.0045223653,0.1002564626,0.1102422897,-0.049819083,-0.1084081859,-0.03628286944,2.220446049e-14,-0.0530450111,0.04167255656,0.0612252568,0.06000358327,-0.06450775897,0.007210050028,0.03687307471,0.007210050028,0.1044521094,0.1376378005,0.005866140127,0.002362204716,4.35100076e-08
5.07,-0.4866532702,-0.04143461558,-0.1070617048,0.01747947153,-0.05084420988,0.9987065967,0.002637792114,0.999996521,0,0,1.421563367,1.551365975,-1.464471193,1.890982937,0.5078173734,-0.2452569634,-0.2254469288,-1.449542747,1.6493361,1.122329185,1.51053405,0.3245681301,0.3216614796,-0.8124817835,0.01632116239,-0.002698490175,-0.004357773612,0.09888935884,0.1078610079,-0.04901908005,-0.1061595714,-0.03614057291,0,-0.05188368983,0.04158994767,0.05949220518,0.05843249018,-0.06320330803,0.007203040693,0.03687168429,0.007203040693,0.1043828042,0.1376378005,0.005866140127,0.002362204716,4.351000737e-08
5.08,-0.4877118261,-0.0412607253,-0.1046376975,0.01729785091,-0.05084420988,0.9987065967,0.002637792114,0.999996521,0,0,1.421726578,1.55133899,-1.464514771,1.891971831,0.5088959835,-0.2457471542,-0.2265085245,-1.449904153,1.6493361,1.121810348,1.510949949,0.3251630521,0.3222458045,-0.8131138166,0.01646737787,-0.002689459936,-0.004142562234,0.09745638593,0.1054262057,-0.0481072078,-0.1038663663,-0.03596365951,-2.220446049e-14,-0.05071198806,0.0415200813,0.05770401795,0.05685613537,-0.06182858098,0.007196008688,0.03687036191,0.007196008688,0.1042731108,0.1376378005,0.005866140127,0.002362204716,4.351000737e-08
5.09,-0.4887457925,-0.041088673,-0.1021441826,0.01711189792,-0.05084420988,0.9987065967,0.002637792114,0.999996521,0,0,1.421891252,1.551312096,-1.464556197,1.892946394,0.5099502455,-0.2462282263,-0.2275471881,-1.45026379,1.6493361,1.121303228,1.51136515,0.3257400923,0.3228143659,-0.8137321024,0.01607549379,-0.002502493566,-0.003149647118,0.09551015348,0.1032191788,-0.04569508453,-0.1019597154,-0.03523135886,0,-0.04988036278,0.04165338923,0.0557270404,0.05592986145,-0.05992540604,0.007188977517,0.03686910843,0.007188977517,0.1041338593,0.1376444614,0.005866140127,0.002362204716,4.35100076e-08
5.1,-0.4897544856,-0.04091850131,-0.09958342134,0.0169217535,-0.05084420988,0.9987065967,0.002637792114,0.999996521,0,0,1.422052007,1.551287071,-1.464587693,1.893901496,0.5109824373,-0.2466851771,-0.2285667853,-1.450616103,1.6493361,1.120804424,1.511781684,0.3262973627,0.3233736645,-0.8143313564,0.01628816947,-0.002510037296,-0.002992294052,0.09404737116,0.1006240505,-0.04486594886,-0.09949073558,-0.03509947705,0,-0.04861375688,0.04156721922,0.05386161739,0.0542038162,-0.05851562518,0.007182361869,0.03686793994,0.007182361869,0.1041338593,0.1377495875,0.005866140127,0.002362204716,4.35100076e-08
5.11,-0.4907372442,-0.04075025144,-0.09695765543,0.01672755739,-0.05084420988,0.9987065967,0.002637792114,0.999996521,0,0,1.422214889,1.55126197,-1.464617616,1.89484197,0.5119886778,-0.2471338366,-0.2295616927,-1.450967098,1.6493361,1.120318287,1.512197356,0.3268359789,0.3239157027,-0.8149165127,0.01651043764,-0.002517832258,-0.002831140319,0.09255080541,0.09796432785,-0.04401555838,-0.09695615917,-0.03496627735,2.220446049e-14,-0.04731780929,0.04148155037,0.05195473233,0.05243542115,-0.05706846078,0.007175706348,0.03686683882,0.007175706348,0.1041338593,0.1378136006,0.005866140127,0.002362204716,4.35100076e-08
5.12,-0.4916934294,-0.0405839632,-0.09426910679,0.01652944807,-0.05084420988,0.9987065967,0.002637792114,0.999996521,0,0,1.422379993,1.551236792,-1.464645928,1.895767478,0.5129683211,-0.2475739922,-0.2305312542,-1.451316761,1.6493361,1.119845109,1.512612171,0.3273555262,0.3244400569,-0.8154871973,0.01674204455,-0.002525864761,-0.002666327488,0.09102160041,0.09524222024,-0.04314458817,-0.09435808856,-0.03483179114,-4.440892099e-14,-0.04599359427,0.0413963526,0.05000800817,0.05062617653,-0.05558510879,0.007169009731,0.03686580475,0.007169009731,0.1041338593,0.1378386209,0.005866140127,0.002362204716,4.351000737e-08
5.13,-0.4926224244,-0.04041967506,-0.09151997761,0.01632756281,-0.05084420988,0.9987065967,0.002637792114,0.999996521,0,0,1.422547413,1.551211533,-1.464672591,1.896677694,0.5139207433,-0.2480054381,-0.2314748351,-1.451665079,1.6493361,1.119385173,1.513026135,0.3278556063,0.3249463186,-0.8160430484,0.01698273487,-0.002534121484,-0.002497995376,0.0894608914,0.09245991858,-0.04225371028,-0.0916986157,-0.03469605026,0,-0.04464217364,0.04131159672,0.04802304411,0.04877756752,-0.05406675935,0.007162270854,0.03686483737,0.007162270854,0.1041338593,0.1378267999,0.005866140127,0.002362204716,4.351000782e-08
5.14,-0.4935236343,-0.04025742408,-0.08871245039,0.01612203763,-0.05084420988,0.9987065967,0.002637792114,0.999996521,0,0,1.422717241,1.551186192,-1.464697571,1.897572303,0.5148453425,-0.2484279752,-0.2323918213,-1.452012039,1.6493361,1.118938751,1.513439251,0.3283358367,0.3254340943,-0.816583716,0.01723225173,-0.002542589468,-0.002326282055,0.08786980467,0.08961959542,-0.04134359369,-0.08897982197,-0.03455908693,2.220446049e-14,-0.04326459682,0.04122725442,0.04600141588,0.04689106431,-0.05251459667,0.007155488602,0.03686393626,0.007155488602,0.1041338593,0.1377803151,0.005866140127,0.002362204716,4.351000782e-08
5.15,-0.494396486,-0.04009724599,-0.08584868788,0.01591300735,-0.05084420988,0.9987065967,0.002637792114,0.999996521,0,0,1.422889563,1.551160766,-1.464720834,1.898451001,0.5157415384,-0.2488414111,-0.2332816195,-1.45235763,1.6493361,1.118506105,1.513851524,0.3287958509,0.325903005,-0.8171088619,0.01749388968,-0.00255067604,-0.002149982499,0.08612934682,0.08675333293,-0.04030729244,-0.08614592931,-0.0343858755,0,-0.04196645924,0.04093287741,0.04398701267,0.04513395881,-0.05086486682,0.007148661918,0.03686310099,0.007148661918,0.1041338593,0.1377013643,0.005866140127,0.002362204716,4.35100076e-08
5.16,-0.4952404278,-0.03993917517,-0.08293083311,0.01570060553,-0.05084420988,0.9987065967,0.002637792114,0.999996521,0,0,1.423064502,1.55113526,-1.464742333,1.899312294,0.5166090718,-0.2492444841,-0.2341430788,-1.452701489,1.6493361,1.11808644,1.514260852,0.329235721,0.3263543445,-0.8176175106,0.01776574217,-0.002558622093,-0.001969864935,0.08429328361,0.08385023028,-0.03919282887,-0.08322410375,-0.03419150724,0,-0.04070373523,0.04052007395,0.04196352712,0.04343525973,-0.04914664414,0.007141791356,0.03686231965,0.007141791356,0.1041338593,0.1376378005,0.005866140127,0.002362204716,4.35100076e-08
5.17,-0.4960549294,-0.03978324468,-0.07996100941,0.01548496451,-0.05084420988,0.9987065967,0.002637792114,0.999996521,0,0,1.42324216,1.551109673,-1.464762032,1.900155227,0.5174475741,-0.2496364123,-0.2349753198,-1.453043404,1.6493361,1.117679403,1.514666053,0.3296553563,0.3267886971,-0.818108977,0.01803992604,-0.002567670361,-0.001788932451,0.08262234727,0.08084765745,-0.03823336043,-0.08034160421,-0.0340519987,2.220446049e-14,-0.0392509144,0.04044406376,0.03984048353,0.04143774154,-0.04750181628,0.007134876838,0.03686158532,0.007134876838,0.1041338593,0.1376378005,0.005866140127,0.002362204716,4.35100076e-08
5.18,-0.4968394818,-0.03962948624,-0.07694132036,0.01526621543,-0.05084420988,0.9987065967,0.002637792114,0.999996521,0,0,1.423422559,1.551083997,-1.464779921,1.90098145,0.5182560506,-0.250018746,-0.2357787359,-1.453383924,1.6493361,1.117286894,1.515070494,0.3300537611,0.3272030746,-0.8185839952,0.01832190445,-0.002576881854,-0.001605149254,0.08092548172,0.07779555113,-0.03725730729,-0.07740804318,-0.0339114442,-4.440892099e-14,-0.03777589704,0.04036848878,0.03768675709,0.03940798407,-0.04582793035,0.007127914955,0.03686091575,0.007127914955,0.1041338593,0.1376378005,0.005866140127,0.002362204716,4.351000737e-08
5.19,-0.4975935966,-0.0394779303,-0.07387384984,0.01504448815,-0.05084420988,0.9987065967,0.002637792114,0.999996521,0,0,1.423605778,1.551058228,-1.464795973,1.901790705,0.5190340061,-0.250391319,-0.2365528163,-1.453723038,1.6493361,1.116909135,1.515474179,0.3304306287,0.3275971544,-0.8190422745,0.01861141444,-0.002586245324,-0.00141864486,0.07920376539,0.07469599205,-0.03626531967,-0.07442544464,-0.03376987695,2.220446049e-14,-0.03627967398,0.04029332039,0.03550381038,0.03734738655,-0.04412613772,0.007120904852,0.03686031043,0.007120904852,0.1041338593,0.1376378005,0.005866140127,0.002362204716,4.351000782e-08
5.2,-0.4983168064,-0.03932860598,-0.07076066199,0.01481991134,-0.05084420988,0.9987065967,0.002637792114,0.999996521,0,0,1.423791892,1.551032365,-1.464810159,1.902582743,0.5197809661,-0.2507539722,-0.2372970708,-1.454060737,1.6493361,1.116546338,1.515877112,0.3307856668,0.3279706283,-0.8194835359,0.0189081921,-0.002595749848,-0.001229547124,0.07745826762,0.07155104235,-0.03525804433,-0.07139582067,-0.03362733043,0,-0.03476322419,0.04021853074,0.03329308403,0.03525733338,-0.04239758303,0.007113845718,0.03685976881,0.007113845718,0.1041338593,0.1376378005,0.005866140127,0.002362204716,4.35100076e-08
5.21,-0.4990086642,-0.03918154114,-0.06760380124,0.01459261243,-0.05084420988,0.9987065967,0.002637792114,0.999996521,0,0,1.423980974,1.551006408,-1.464822455,1.903357326,0.5204964765,-0.2511065527,-0.238011029,-1.45439701,1.6493361,1.116198706,1.516279297,0.3311185976,0.3283232016,-0.8199075117,0.01921197268,-0.002605384822,-0.00103798226,0.07569004861,0.06836274552,-0.03423612454,-0.06832117123,-0.03348383833,0,-0.03322751489,0.04014409276,0.03105599695,0.03313919423,-0.04064340403,0.007106736792,0.0368584571,0.007106736792,0.1041338593,0.1376378005,0.005866140127,0.002362204716,4.35100076e-08
5.22,-0.4996687436,-0.03903676238,-0.06440529228,0.01436271761,-0.05084420988,0.9987065967,0.002637792114,0.999996521,0,0,1.424173094,1.550980354,-1.464832835,1.904114226,0.5211801039,-0.2514489139,-0.2386942407,-1.454731849,1.6493361,1.115866431,1.516680738,0.3314291576,0.3286545935,-0.8203139458,0.01952249071,-0.002615139953,-0.0008440748499,0.07390015943,0.06513312639,-0.03320019993,-0.0652034839,-0.03333943457,0,-0.03167350158,0.04006998014,0.02879394659,0.03099432404,-0.03886473144,0.007099577359,0.03685496302,0.007099577359,0.1041338593,0.1376378005,0.005866140127,0.002362204716,4.35100076e-08
5.23,-0.5002966379,-0.03889429503,-0.0611671401,0.01413035186,-0.05084420988,0.9987065967,0.002637792114,0.999996521,0,0,1.424368319,1.550954203,-1.464841275,1.904853228,0.5218314352,-0.2517809159,-0.2393462755,-1.455065243,1.6493361,1.115549696,1.517081438,0.3317170971,0.3289645368,-0.8207025931,0.01983948009,-0.002625005252,-0.0006479478609,0.07208964191,0.06186419109,-0.03215090646,-0.06204473367,-0.03319415328,-2.220446049e-14,-0.03010212817,0.03999616729,0.02650830923,0.0288240631,-0.03706268887,0.007092366748,0.03685152933,0.007092366748,0.1041338593,0.1376378005,0.005866140127,0.002362204716,4.35100076e-08
5.24,-0.5008919608,-0.03875416317,-0.05789132995,0.01389563891,-0.05084420988,0.9987065967,0.002637792114,0.999996521,0,0,1.424566713,1.550927953,-1.464847755,1.905574124,0.5224500771,-0.252102425,-0.2399667229,-1.455397185,1.6493361,1.115248674,1.517481399,0.3319821802,0.3292527774,-0.82107322,0.02016267422,-0.002634971027,-0.000449722656,0.07025952868,0.05855792697,-0.03108887628,-0.05884688267,-0.03304802873,2.220446049e-14,-0.02851432704,0.03992262934,0.02420044022,0.02662973707,-0.03523839262,0.007085104335,0.03684815574,0.007085104335,0.1041338593,0.1376378005,0.005866140127,0.002362204716,4.351000782e-08
5.25,-0.5014543456,-0.03861638966,-0.05457982736,0.01365870127,-0.05084420988,0.9987065967,0.002637792114,0.999996521,0,0,1.42476834,1.550901603,-1.464852252,1.906276719,0.5230356564,-0.2524133137,-0.2405551917,-1.455727665,1.6493361,1.114963531,1.517880626,0.3322241846,0.3295190748,-0.8214256039,0.02049180611,-0.002645027878,-0.0002495190106,0.06841084307,0.05521630261,-0.03001473768,-0.05561187995,-0.0329010954,0,-0.02691101908,0.03984934214,0.02187167424,0.02441265707,-0.03339295155,0.007077789538,0.03684484195,0.007077789538,0.1041338593,0.1376378005,0.005866140127,0.002362204716,4.35100076e-08
5.26,-0.5019834449,-0.03848099615,-0.05123457816,0.01341966022,-0.05084420988,0.9987065967,0.002637792114,0.999996521,0,0,1.424973258,1.550875153,-1.464854747,1.906960828,0.5235878194,-0.2527134611,-0.2411113105,-1.456056676,1.6493361,1.114694421,1.518279119,0.3324429013,0.3297632013,-0.8217595334,0.0208266085,-0.002655166685,-4.745512592e-05,0.06654459911,0.05184126778,-0.02892911497,-0.0523416612,-0.03275338787,2.220446049e-14,-0.02529311386,0.03977628221,0.0195233256,0.02217411968,-0.03152746697,0.007070421817,0.03684158768,0.007070421817,0.1041338593,0.1376378005,0.005866140127,0.002362204716,4.35100076e-08
5.27,-0.5024789311,-0.03834800307,-0.04785750842,0.01317863583,-0.05084420988,0.9987065967,0.002637792114,0.999996521,0,0,1.425181524,1.550848601,-1.464855222,1.907626274,0.5241062321,-0.2530027523,-0.2416347271,-1.45638421,1.6493361,1.11444149,1.518676882,0.3326381346,0.3299849425,-0.8220748081,0.02116681395,-0.002665378604,0.0001563523565,0.06466180147,0.04843475333,-0.02783262839,-0.04903814857,-0.03260494086,-2.220446049e-14,-0.02366150961,0.03970342673,0.01715668848,0.01991540703,-0.02964303248,0.007063000677,0.03683839269,0.007063000677,0.1041338593,0.1376378005,0.005866140127,0.002362204716,4.351000737e-08
5.28,-0.5029404954,-0.03821742965,-0.04445052451,0.0129357469,-0.05084420988,0.9987065967,0.002637792114,0.999996521,0,0,1.425393193,1.550821947,-1.464853658,1.908272892,0.5245905796,-0.2532810785,-0.2421251086,-1.456710259,1.6493361,1.114204875,1.519073916,0.3328097015,0.3301840966,-0.8223712384,0.02151215502,-0.00267565506,0.0003617883403,0.06276344541,0.04499867125,-0.02672589403,-0.04570325031,-0.03245578918,0,-0.02201709341,0.03963075356,0.01477303725,0.01763778684,-0.02774073383,0.007055525662,0.03683525672,0.007055525662,0.1041338593,0.1376378005,0.005866140127,0.002362204716,4.35100076e-08
5.29,-0.5033678481,-0.03808929396,-0.04101551308,0.01269111103,-0.05084420988,0.9987065967,0.002637792114,0.999996521,0,0,1.425608314,1.550795191,-1.46485004,1.908900526,0.5250405663,-0.2535483375,-0.2425821411,-1.457034817,1.6493361,1.113984704,1.519470224,0.3329574318,0.3303604745,-0.8226486457,0.0218623643,-0.002685987736,0.0005687392597,0.06085051678,0.04153491455,-0.02560952372,-0.04233886065,-0.03230596775,0,-0.02036074115,0.03955824115,0.01237362668,0.01534251247,-0.02582164876,0.007047996356,0.03683217957,0.007047996356,0.1041338593,0.1376378005,0.005866140127,0.002362204716,4.35100076e-08
5.3,-0.5037607184,-0.03796361287,-0.03755434104,0.01244484459,-0.05084420988,0.9987065967,0.002637792114,0.999996521,0,0,1.425826938,1.550768331,-1.464844353,1.909509031,0.5254559155,-0.2538044327,-0.2430055297,-1.457357877,1.6493361,1.113781096,1.519865806,0.3330811681,0.3305138996,-0.8229068622,0.02221717463,-0.00269636857,0.0007770930645,0.05892399194,0.03804535725,-0.02448412496,-0.03894685943,-0.03215551153,0,-0.01869331774,0.03948586861,0.009959692268,0.01303082298,-0.02388684686,0.007040412384,0.03682916103,0.007040412384,0.1041338593,0.1376378005,0.005866140127,0.002362204716,4.35100076e-08
5.31,-0.5041188539,-0.03784040212,-0.0340688556,0.01219706272,-0.05084420988,0.9987065967,0.002637792114,0.999996521,0,0,1.426049109,1.550741367,-1.464836582,1.910098271,0.5258363691,-0.254049274,-0.2433949983,-1.457679432,1.6493361,1.113594163,1.520260665,0.333180765,0.3306442078,-0.8231457307,0.02257631912,-0.002706789744,0.0009867392062,0.05698483773,0.03453185436,-0.02335030079,-0.03552911191,-0.03200445551,0,-0.01701567709,0.0394136156,0.007532450518,0.01070394315,-0.02193738946,0.007032773408,0.03682620095,0.007032773408,0.1041338593,0.1376378005,0.005866140127,0.002362204716,4.35100076e-08
5.32,-0.5044420206,-0.03771967628,-0.03056088423,0.0119478793,-0.05084420988,0.9987065967,0.002637792114,0.999996521,0,0,1.426274873,1.550714299,-1.464826715,1.91066812,0.5261816876,-0.254282777,-0.2437502894,-1.457999476,1.6493361,1.113424006,1.520654801,0.3332560895,0.3307512473,-0.8233651046,0.02293953135,-0.002717243679,0.001197568623,0.05503401145,0.03099624178,-0.02220864973,-0.03208746851,-0.03185283475,0,-0.01532866227,0.03934146241,0.005093099183,0.008363083576,-0.01997432943,0.00702507913,0.03682329919,0.00702507913,0.1041338593,0.1376378005,0.005866140127,0.002362204716,4.35100076e-08
5.33,-0.5047300027,-0.03760144883,-0.02703223469,0.01169740704,-0.05084420988,0.9987065967,0.002637792114,0.999996521,0,0,1.426504268,1.550687127,-1.464814739,1.91121846,0.52649165,-0.2545048635,-0.2440711641,-1.458318005,1.6493361,1.11327072,1.521048216,0.3333070205,0.3308348781,-0.8235648479,0.02330771108,-0.002727518918,0.001409881932,0.05304476155,0.02744733711,-0.02103475889,-0.02861003399,-0.0316930054,0,-0.01365742571,0.03922062251,0.002652386688,0.006048051581,-0.01798314244,0.007017329288,0.03682045564,0.007017329288,0.1041338593,0.1376378005,0.005866140127,0.002362204716,4.35100076e-08
5.34,-0.5049826023,-0.03748573207,-0.02348469499,0.01144575736,-0.05084420988,0.9987065967,0.002637792114,0.999996521,0,0,1.426737345,1.550659852,-1.46480064,1.911748907,0.5267661234,-0.2547152111,-0.2443572644,-1.458634935,1.6493361,1.113134146,1.521440422,0.3333335444,0.3308953586,-0.8237446793,0.02368632878,-0.002736601385,0.001625586905,0.05088138669,0.0239214878,-0.01970590964,-0.02503086759,-0.03148710359,2.220446049e-14,-0.01212283343,0.03881046019,0.0002587799034,0.003950514931,-0.01588798035,0.007009524223,0.03681767151,0.007009524223,0.1041357609,0.1376358989,0.005864238482,0.002362204716,4.35100076e-08
5.35,-0.5051996395,-0.03737253724,-0.01992003347,0.01119304048,-0.05084420988,0.9987065967,0.002637792114,0.999996521,0,0,1.426974208,1.550632486,-1.464784384,1.912257721,0.5270053383,-0.2549122702,-0.2446075731,-1.458949806,1.6493361,1.113012917,1.521828527,0.3333361322,0.3309348638,-0.8239035591,0.02405992325,-0.002747146604,0.001839253976,0.048906129,0.02032914414,-0.0185488504,-0.02153089376,-0.03133533982,0,-0.01040841733,0.03874711561,-0.002211457251,0.001567983642,-0.01389299815,0.007001667114,0.0368149543,0.007001667114,0.1041476776,0.1376239822,0.005852321828,0.002362204716,4.351000737e-08
5.36,-0.5053809517,-0.03726187445,-0.01633999869,0.0109393654,-0.05084420988,0.9987065967,0.002637792114,0.999996521,0,0,1.427214808,1.550605014,-1.464765992,1.912746783,0.5272086297,-0.2550977587,-0.244822882,-1.459263159,1.6493361,1.112908833,1.522215998,0.3333140176,0.3309505436,-0.8240424891,0.02443653294,-0.002757696619,0.002053682386,0.04692294233,0.01672183304,-0.01738629647,-0.01801429086,-0.03118316342,0,-0.008687847735,0.03868383915,-0.004689247081,-0.000823849605,-0.01188858382,0.006993753766,0.0368122949,0.006993753766,0.1041547271,0.1376169327,0.005845272319,0.002362204716,4.351000737e-08
5.37,-0.505526394,-0.03715375276,-0.01274631952,0.01068483988,-0.05084420988,0.9987065967,0.002637792114,0.999996521,0,0,1.427459173,1.550577437,-1.464745455,1.913216012,0.527375848,-0.2552716216,-0.2450030249,-1.459574991,1.6493361,1.112821955,1.522602836,0.3332671251,0.3309423051,-0.8241613749,0.02481589521,-0.00276824491,0.002268770317,0.04493273378,0.01310129516,-0.0162188215,-0.01448282989,-0.03103060838,0,-0.006961917466,0.03862060963,-0.007173478918,-0.003223841603,-0.009875743425,0.006985784059,0.03680969335,0.006985784059,0.1041584315,0.1376132283,0.005841567932,0.002362204716,4.351000737e-08
5.38,-0.5056358384,-0.03704818013,-0.009140705101,0.01042957044,-0.05084420988,0.9987065967,0.002637792114,0.999996521,0,0,1.427707332,1.550549755,-1.464722767,1.913665339,0.527506861,-0.2554338098,-0.2451478532,-1.459885297,1.6493361,1.112752335,1.522989042,0.3331953903,0.3309100667,-0.8242601324,0.02519774852,-0.002778785152,0.002484417351,0.04293640068,0.009469251825,-0.01504699409,-0.01093826548,-0.03087770864,-2.220446049e-14,-0.005231408987,0.0385574064,-0.009663059125,-0.005630863075,-0.007855473704,0.006977757908,0.03680714969,0.006977757908,0.1041602572,0.1376114025,0.005839742188,0.002362204716,4.351000737e-08
5.39,-0.5057091739,-0.03694516348,-0.005524844852,0.01017366238,-0.05084420988,0.9987065967,0.002637792114,0.999996521,0,0,1.427959309,1.550521967,-1.464697923,1.914094703,0.5276015535,-0.2555842798,-0.2452572359,-1.460194074,1.6493361,1.112700021,1.523374616,0.3330987598,0.3308537581,-0.8243386871,0.02558183259,-0.002789311203,0.002700524451,0.04093483057,0.005827405034,-0.01387137771,-0.00738233569,-0.03072449801,0,-0.003497094476,0.03849420928,-0.01215691083,-0.008043798628,-0.005828761924,0.006969675257,0.03680466403,0.006969675257,0.1041616134,0.1376100463,0.005838386001,0.002362204716,4.35100076e-08
5.4,-0.5057463067,-0.03684470867,-0.001900408468,0.009917219783,-0.05084420988,0.9987065967,0.002637792114,0.999996521,0,0,1.428215128,1.550494074,-1.464670918,1.914504052,0.5276598276,-0.2557229936,-0.2453310593,-1.460501319,1.6493361,1.11266505,1.523759558,0.3329771906,0.3307733201,-0.8243969747,0.02596788851,-0.002799817102,0.002916993955,0.03892890112,0.002177437371,-0.01269253058,-0.003816761699,-0.03057101017,0,-0.001759735906,0.03843099857,-0.01465397367,-0.0104615467,-0.003796585761,0.006961536086,0.03680223651,0.006961536086,0.10416385,0.1376078097,0.005836149359,0.002362204716,4.35100076e-08
5.41,-0.505747159,-0.03674682053,0.00173095408,0.009660345478,-0.05084420988,0.9987065967,0.002637792114,0.999996521,0,0,1.428474807,1.550466076,-1.464641748,1.914893341,0.5276816019,-0.2558499189,-0.2453692269,-1.460807029,1.6493361,1.112647453,1.524143868,0.3328306509,0.3306687046,-0.8244349406,0.02635565883,-0.002810297058,0.003133729554,0.03691948016,-0.001478988014,-0.01151100562,-0.0002432476227,-0.03041727864,0,-2.00851197e-05,0.03836775503,-0.0171532035,-0.0128830195,-0.001759913154,0.006953340406,0.0367998673,0.006953340406,0.1041682565,0.1376034032,0.005831742871,0.002362204716,4.35100076e-08
5.42,-0.5057116699,-0.03665150286,0.005367612541,0.009403141082,-0.05084420988,0.9987065967,0.002637792114,0.999996521,0,0,1.428738363,1.550437973,-1.464610411,1.915262535,0.5276668121,-0.2559650289,-0.2453716594,-1.461111202,1.6493361,1.112647252,1.524527546,0.3326591189,0.3305398744,-0.8244525397,0.02674488773,-0.002820745444,0.003350636282,0.03490742556,-0.005140227451,-0.0103273503,0.00333651975,-0.03026333679,0,0.001721116091,0.03830445985,-0.0196535722,-0.01530714298,0.0002802978214,0.006945088257,0.03679755663,0.006945088257,0.1041760602,0.1375955995,0.005823939146,0.002362204716,4.35100076e-08
5.43,-0.5056397945,-0.03655875847,0.009007956389,0.009145706979,-0.05084420988,0.9987065967,0.002637792114,0.999996521,0,0,1.429005812,1.550409765,-1.464576904,1.91561161,0.5276154098,-0.2560683024,-0.2453382942,-1.461413835,1.6493361,1.112664463,1.52491059,0.3324625832,0.330386803,-0.8244497367,0.02713532104,-0.002831156791,0.003567620504,0.03289358526,-0.008804656781,-0.009142106619,0.006920871187,-0.0301092178,0,0.003463135915,0.03824109464,-0.02215406735,-0.01773285677,0.002323099088,0.00693677971,0.03679530475,0.00693677971,0.1041884253,0.1375832343,0.005811574037,0.002362204716,4.35100076e-08
5.44,-0.5055315038,-0.03646858915,0.01265039482,0.008888142321,-0.05084420988,0.9987065967,0.002637792114,0.999996521,0,0,1.429277165,1.550381454,-1.464541228,1.915940546,0.5275273632,-0.2561597235,-0.2452690854,-1.461714927,1.6493361,1.112699095,1.525293001,0.3322410425,0.3302094744,-0.8244265057,0.02752670645,-0.002841525781,0.003784589897,0.03087879719,-0.0124706714,-0.007955810946,0.01050815525,-0.02995495464,-2.220446049e-14,0.005205252443,0.03817764143,-0.024653692,-0.02015911415,0.004367552698,0.006928414869,0.03679311197,0.006928414869,0.1042064516,0.137565208,0.005793547728,0.002362204716,4.35100076e-08
5.45,-0.5053867849,-0.03638099573,0.01629335675,0.008630545035,-0.05084420988,0.9987065967,0.002637792114,0.999996521,0,0,1.429552432,1.550353038,-1.464503382,1.916249334,0.5274026565,-0.2562392816,-0.2451640039,-1.462014477,1.6493361,1.112751147,1.525674778,0.3319945056,0.3300078833,-0.8243828302,0.02791879356,-0.002851847237,0.004001453443,0.02886388925,-0.01613668631,-0.006768993973,0.01409673851,-0.02980058009,0,0.006946753597,0.03811408265,-0.02715146447,-0.02258488197,0.006412730957,0.006919993863,0.03679097864,0.006919993863,0.1042311737,0.1375404859,0.005768825681,0.002362204716,4.351000782e-08
5.46,-0.5052056401,-0.03629597804,0.01993529081,0.008373011814,-0.05084420988,0.9987065967,0.002637792114,0.999996521,0,0,1.42983162,1.55032452,-1.464463368,1.916537972,0.5272412896,-0.2563069715,-0.2450230365,-1.462312483,1.6493361,1.112820615,1.526055919,0.3317229909,0.3297820345,-0.8243187029,0.02831133398,-0.002862116121,0.004218121412,0.02684967927,-0.01980113611,-0.005582180617,0.0176850058,-0.02964612665,4.440892099e-14,0.008686937059,0.03805040108,-0.02964641804,-0.02500914063,0.008457716553,0.006911516852,0.03678890513,0.006911516852,0.1042635599,0.1375080996,0.00573643944,0.002362204716,4.351000782e-08
5.47,-0.5049880876,-0.03621353496,0.02357466538,0.008115638125,-0.05084420988,0.9987065967,0.002637792114,0.999996521,0,0,1.430114734,1.550295899,-1.464421186,1.916806469,0.5270432783,-0.2563627934,-0.2448461864,-1.462608944,1.6493361,1.112907484,1.526436423,0.3314265267,0.329531943,-0.8242341257,0.02870408147,-0.002872327524,0.004434505349,0.02483697497,-0.02346247509,-0.004395889932,0.02127136039,-0.0294916266,-2.220446049e-14,0.0104251102,0.03798657989,-0.03213760074,-0.02743088402,0.01050160268,0.006902984023,0.03678689188,0.006902984023,0.104304512,0.1374671473,0.005695487288,0.002362204716,4.351000737e-08
5.48,-0.5047341604,-0.03613366443,0.02720996854,0.007858518204,-0.05084420988,0.9987065967,0.002637792114,0.999996521,0,0,1.430401774,1.550267175,-1.464376841,1.917054839,0.5268086535,-0.2564067523,-0.2446334728,-1.46290386,1.6493361,1.113011735,1.526816288,0.3311051507,0.3292576342,-0.8241291097,0.02909679202,-0.002882476661,0.004650518063,0.02282657393,-0.02711917725,-0.003210635024,0.02485422426,-0.02933711195,0,0.01216059,0.03792260259,-0.03462407511,-0.02984911951,0.01254349316,0.006894395591,0.03678493935,0.006894395591,0.1043548645,0.1374167947,0.005645134772,0.002362204716,4.35100076e-08
5.49,-0.5044439067,-0.03605636344,0.0308397081,0.00760174506,-0.05084420988,0.9987065967,0.002637792114,0.999996521,0,0,1.430692742,1.550238351,-1.464330336,1.917283105,0.5265374618,-0.2564388586,-0.2443849306,-1.463197231,1.6493361,1.113133341,1.527195514,0.33075891,0.328959143,-0.8240036748,0.02948922398,-0.002892558864,0.004866073616,0.02081926358,-0.03076973629,-0.002026922972,0.02843203828,-0.02918261441,0,0.013892703,0.03785845304,-0.03710491799,-0.03226286785,0.01458250256,0.0068857518,0.03678304805,0.0068857518,0.1044153841,0.1373562749,0.005584615093,0.002362204716,4.35100076e-08
5.5,-0.5041173897,-0.03598162807,0.03446241158,0.007345410469,-0.05084420988,0.9987065967,0.002637792114,0.999996521,0,0,1.430987635,1.550209425,-1.464281675,1.917491297,0.5262297644,-0.2564591278,-0.2441006102,-1.463489058,1.6493361,1.113272268,1.527574099,0.3303878608,0.3286365143,-0.8238578498,0.02988113811,-0.002902569576,0.005081087306,0.01881582109,-0.03441266572,-0.0008452547421,0.03200326241,-0.02902816541,0,0.01562078523,0.0377941154,-0.03957922025,-0.03467116316,0.01661775632,0.006877052916,0.03678121854,0.006877052916,0.1044867698,0.137284889,0.005513229352,0.002362204716,4.35100076e-08
5.51,-0.5037546868,-0.03590945347,0.03807662624,0.007089604981,-0.05084420988,0.9987065967,0.002637792114,0.999996521,0,0,1.431286446,1.550180399,-1.464230865,1.917679456,0.5258856377,-0.2564675804,-0.2437805776,-1.463779339,1.6493361,1.113428476,1.52795204,0.3299920686,0.3282898027,-0.8236916722,0.03027229772,-0.002912504346,0.005295475657,0.01681701342,-0.03804649883,0.0003338748883,0.03556637596,-0.02887379604,2.220446049e-14,0.01734418212,0.03772957416,-0.04204608661,-0.03707305289,0.01864839084,0.006868299236,0.0367794514,0.006868299236,0.1045696524,0.1372020061,0.005430346675,0.002362204716,4.35100076e-08
5.52,-0.5033558902,-0.03583983391,0.04168091906,0.006834417915,-0.05084420988,0.9987065967,0.002637792114,0.999996521,0,0,1.431589169,1.550151274,-1.46417791,1.917847626,0.5255051727,-0.2564642416,-0.2434249138,-1.464068077,1.6493361,1.113601918,1.528329336,0.3295716077,0.3279190722,-0.8235051883,0.03066246875,-0.002922358819,0.005509156413,0.01482359725,-0.04166978876,0.001509977411,0.0391198777,-0.02871953708,-2.220446049e-14,0.01906224847,0.03766481409,-0.0445046354,-0.03946759778,0.02067355363,0.00685949108,0.03677774726,0.00685949108,0.1046645948,0.1371070634,0.005335404207,0.002362204716,4.351000737e-08
5.53,-0.5029211062,-0.03577276276,0.04527387673,0.006579937362,-0.05084420988,0.9987065967,0.002637792114,0.999996521,0,0,1.431895794,1.550122051,-1.464122818,1.917995862,0.5250884749,-0.2564491419,-0.2430337151,-1.464355273,1.6493361,1.11379254,1.528705984,0.3291265614,0.3275243962,-0.8232984527,0.03105141987,-0.002932128736,0.005722048516,0.01283631895,-0.04528110851,0.00268257066,0.04266228614,-0.02856541896,2.220446049e-14,0.02077434836,0.03759982025,-0.04695399836,-0.04185387179,0.02269240339,0.006850628793,0.0367761068,0.006850628793,0.104772092,0.136999566,0.005227906978,0.002362204716,4.35100076e-08
5.54,-0.5024504551,-0.03570823252,0.04885410568,0.006326250181,-0.05084420988,0.9987065967,0.002637792114,0.999996521,0,0,1.432206308,1.550092729,-1.464065598,1.918124225,0.5246356638,-0.2564223162,-0.2426070922,-1.464640927,1.6493361,1.114000284,1.529081982,0.3286570214,0.3271058575,-0.8230715287,0.03143892254,-0.002941809924,0.005934072105,0.01085591456,-0.048879051,0.003851178891,0.0461921397,-0.02841147176,-4.440892099e-14,0.0224798551,0.03753457797,-0.04939332043,-0.0442309621,0.02470411014,0.006841712746,0.03677453071,0.006841712746,0.1048925712,0.1368790864,0.005107427651,0.002362204716,4.351000737e-08
5.55,-0.5019440711,-0.03564623482,0.05242023204,0.006073442006,-0.05084420988,0.9987065967,0.002637792114,0.999996521,0,0,1.432520697,1.550063311,-1.464006257,1.918232784,0.5241468733,-0.2563838044,-0.2421451708,-1.464925041,1.6493361,1.114225082,1.529457328,0.3281630882,0.3266635479,-0.8228244876,0.03182475114,-0.002951398292,0.006145148499,0.008883109716,-0.05246222905,0.005015332847,0.04970799684,-0.02825772516,2.220446049e-14,0.0241781512,0.03746907284,-0.05182175952,-0.04659796905,0.0267078553,0.006832743334,0.03677301974,0.006832743334,0.1050263926,0.1367452646,0.004973606144,0.002362204716,4.351000782e-08
5.56,-0.501402102,-0.03558676046,0.0559709017,0.005821597238,-0.05084420988,0.9987065967,0.002637792114,0.999996521,0,0,1.432838945,1.550033797,-1.463944806,1.918321615,0.523622251,-0.256333651,-0.2416480908,-1.465207619,1.6493361,1.114466864,1.529832019,0.3276448706,0.3261975682,-0.8225574091,0.03220868305,-0.002960889826,0.006355200188,0.0069186197,-0.05602927549,0.006174569833,0.05320843634,-0.02810420848,0,0.02586862823,0.0374032907,-0.05423848637,-0.04895400611,0.0287028318,0.006823720975,0.03677157467,0.006823720975,0.1051738495,0.1365978072,0.004826149143,0.002362204716,4.35100076e-08
5.57,-0.5008247091,-0.03552979939,0.05950478023,0.005570799049,-0.05084420988,0.9987065967,0.002637792114,0.999996521,0,0,1.433161031,1.550004188,-1.463881253,1.918390801,0.5230619582,-0.2562719053,-0.2411160065,-1.465488661,1.6493361,1.11472555,1.530206052,0.3271024857,0.3257080281,-0.8222703807,0.03259049869,-0.002970280582,0.006564150823,0.00496314934,-0.05957884309,0.007328433783,0.05669205738,-0.02795095064,-2.220446049e-14,0.02755068687,0.03733721761,-0.05664268433,-0.05129819983,0.03068824419,0.006814646111,0.0367701963,0.006814646111,0.105335169,0.1364364872,0.004664829496,0.002362204716,4.35100076e-08
5.58,-0.5002120668,-0.03547534072,0.06302055294,0.005321129385,-0.05084420988,0.9987065967,0.002637792114,0.999996521,0,0,1.433486936,1.549974486,-1.463815612,1.918440433,0.5224661698,-0.256198621,-0.2405490859,-1.46576817,1.6493361,1.115001057,1.530579424,0.3265360589,0.3251950461,-0.8219634983,0.03296998166,-0.002979566683,0.006771925208,0.003017393017,-0.06310960467,0.008476475327,0.06015747976,-0.02779798013,2.220446049e-14,0.02922373677,0.03727083986,-0.05903354916,-0.05362968983,0.03266330872,0.006805519208,0.03676888549,0.006805519208,0.1055105129,0.1362611428,0.004489485502,0.002362204716,4.351000782e-08
5.59,-0.4995643627,-0.03542337277,0.06651692487,0.005072668959,-0.05084420988,0.9987065967,0.002637792114,0.999996521,0,0,1.433816636,1.54994469,-1.463747893,1.918470607,0.5218350737,-0.2561138562,-0.2399475111,-1.46604615,1.6493361,1.115293294,1.530952132,0.3259457234,0.3246587492,-0.8216368652,0.03334691879,-0.002988744312,0.006978449287,0.00108203463,-0.0666202531,0.009618251851,0.06360334408,-0.02764532502,-2.220446049e-14,0.03088719655,0.03720414397,-0.06141028889,-0.05594762875,0.03462725344,0.006796340752,0.03676764311,0.006796340752,0.1056999782,0.136071677,0.004300020086,0.002362204716,4.35100076e-08
5.6,-0.4988817972,-0.03537388305,0.06999262078,0.004825497256,-0.05084420988,0.9987065967,0.002637792114,0.999996521,0,0,1.434150105,1.549914802,-1.463678108,1.918481427,0.5211688712,-0.2560176737,-0.2393114777,-1.466322603,1.6493361,1.115602166,1.531324174,0.3253316205,0.3240992729,-0.8212905927,0.03372110019,-0.002997809711,0.007183650136,-0.00084225243,-0.0701095013,0.01075332757,0.06702831184,-0.02749301296,2.220446049e-14,0.03254049371,0.03713711664,-0.0637721236,-0.05825118222,0.0365793183,0.006787111255,0.03676647007,0.006787111255,0.1059035982,0.1358680563,0.004096399883,0.002362204716,4.351000782e-08
5.61,-0.4981645834,-0.03532685827,0.07344638515,0.004579692532,-0.05084420988,0.9987065967,0.002637792114,0.999996521,0,0,1.434487316,1.549884824,-1.463606272,1.918473005,0.5204677762,-0.2559101405,-0.2386411945,-1.466597533,1.6493361,1.115927571,1.531695545,0.3246938993,0.3235167611,-0.8209247995,0.03409231937,-0.00300675917,0.007387455956,-0.002754805306,-0.0735760823,0.01188127356,0.07043106566,-0.02734107114,0,0.03418306462,0.03706974476,-0.06611828529,-0.06053952881,0.03851875521,0.006777831248,0.0367653673,0.006777831248,0.1061213437,0.1356503102,0.003878654206,0.002362204716,4.35100076e-08
5.62,-0.4974129467,-0.03528228438,0.07687698217,0.004335331814,-0.05084420988,0.9987065967,0.002637792114,0.999996521,0,0,1.43482824,1.549854757,-1.463532397,1.918445456,0.5197320154,-0.2557913277,-0.2379368839,-1.466870944,1.6493361,1.116269402,1.532066242,0.3240327164,0.3229113658,-0.8205396119,0.03446037329,-0.00301558903,0.007589796061,-0.004654971697,-0.07701874927,0.01300166787,0.07381030937,-0.02718952629,0,0.03581435443,0.03700201543,-0.06844801773,-0.06281186004,0.04044482813,0.006768501285,0.03676433577,0.006768501285,0.1063531238,0.1354185294,0.003646873934,0.002362204716,4.35100076e-08
5.63,-0.496627125,-0.03524014657,0.08028319577,0.004092490898,-0.05084420988,0.9987065967,0.002637792114,0.999996521,0,0,1.435172843,1.549824601,-1.463456499,1.918398907,0.5189618279,-0.255661311,-0.2371987808,-1.467142839,1.6493361,1.116627545,1.532436262,0.3233482362,0.3222832472,-0.8201351637,0.03482506243,-0.003024295672,0.007790600872,-0.00654210988,-0.08043627549,0.0141140955,0.07716476821,-0.02703840467,0,0.03743381708,0.03693391589,-0.07076057625,-0.06506738032,0.04235681318,0.006759121941,0.03676337647,0.006759121941,0.1065987873,0.1351728652,0.003401210296,0.002362204716,4.35100076e-08
5.64,-0.4958073681,-0.03520042925,0.0836638296,0.003851244354,-0.05084420988,0.9987065967,0.002637792114,0.999996521,0,0,1.435521094,1.549794358,-1.463378593,1.918333486,0.5181574651,-0.2555201701,-0.2364271331,-1.467413223,1.6493361,1.117001884,1.532805602,0.3226406305,0.3216325734,-0.8197115955,0.03518619083,-0.003032875519,0.007989801909,-0.008415588738,-0.08382745444,0.01521814854,0.08049318892,-0.02688773207,0,0.03904091518,0.03686543358,-0.07305522765,-0.06730530693,0.04425399868,0.006749693812,0.03676249041,0.006749693812,0.1068581238,0.1349135279,0.003141873567,0.002362204716,4.35100076e-08
5.65,-0.4949539376,-0.03516311612,0.08701770703,0.003611665519,-0.05084420988,0.9987065967,0.002637792114,0.999996521,0,0,1.435872956,1.549764029,-1.463298695,1.91824933,0.5173191906,-0.2553679886,-0.2356222012,-1.467682101,1.6493361,1.117392293,1.533174256,0.3219100782,0.3209595203,-0.8192690555,0.03554356619,-0.003041325028,0.008187331782,-0.01027478777,-0.08719109977,0.01631342614,0.08379433989,-0.02673753378,0,0.04063512006,0.03679655605,-0.07533125002,-0.06952486999,0.04613568522,0.006740217514,0.03676167861,0.006740217514,0.1071308655,0.1346407854,0.002869131688,0.002362204716,4.35100076e-08
5.66,-0.494067107,-0.03512819014,0.09034367115,0.003373826502,-0.05084420988,0.9987065967,0.002637792114,0.999996521,0,0,1.436228391,1.549733616,-1.463216822,1.918146582,0.5164472796,-0.2552048543,-0.2347842578,-1.467949476,1.6493361,1.117798644,1.533542221,0.3211567657,0.3202642716,-0.8188076987,0.03589699992,-0.003049640685,0.008383124185,-0.01211909714,-0.09052604535,0.01739953462,0.08706701129,-0.02658783459,0,0.04221591165,0.03672727104,-0.07758793265,-0.07172531245,0.04800118579,0.006730693685,0.03676094215,0.006730693685,0.1074166882,0.1343549619,0.002583308791,0.002362204716,4.35100076e-08
5.67,-0.493147161,-0.03509563355,0.09364058478,0.003137798185,-0.05084420988,0.9987065967,0.002637792114,0.999996521,0,0,1.436587361,1.54970312,-1.463132991,1.918025391,0.5155420191,-0.255030859,-0.2339135877,-1.468215354,1.6493361,1.118220803,1.533909494,0.3203808864,0.3195470185,-0.8183276868,0.03624630718,-0.003057819008,0.00857711389,-0.01394791764,-0.09383114528,0.01847608748,0.09031001517,-0.0264386588,0,0.04378277848,0.03665756641,-0.07982457583,-0.07390589004,0.04984982575,0.006721122981,0.03676028208,0.006721122981,0.1077152131,0.1340564361,0.002284783654,0.002362204716,4.35100076e-08
5.68,-0.4921943958,-0.03506542791,0.09690733044,0.002903650216,-0.05084420988,0.9987065967,0.002637792114,0.999996521,0,0,1.436949825,1.549672541,-1.463047219,1.917885912,0.5146037077,-0.2548460981,-0.2330104875,-1.468479741,1.6493361,1.118658631,1.53427607,0.3195826406,0.3188079596,-0.8178291886,0.03659130695,-0.003065856537,0.008769236736,-0.01576066078,-0.09710527392,0.01954270547,0.09352218559,-0.02629003017,0,0.04533521764,0.03658743015,-0.08204049081,-0.07606587126,0.05168094298,0.006711506079,0.0367596995,0.006711506079,0.1080260084,0.1337456398,0.001973988077,0.002362204716,4.35100076e-08
5.69,-0.4912091186,-0.03503755405,0.1001428104,0.002671451019,-0.05084420988,0.9987065967,0.002637792114,0.999996521,0,0,1.437315738,1.549641883,-1.462959527,1.917728305,0.5136326549,-0.2546506711,-0.2320752657,-1.468742641,1.6493361,1.119111983,1.534641944,0.3187622357,0.3180473009,-0.8173123791,0.03693182206,-0.003073749833,0.008959429629,-0.01755674873,-0.1003473259,0.02059901661,0.09670237873,-0.02614197196,0,0.04687273474,0.03651685039,-0.0842349996,-0.07820453736,0.05349388791,0.006701843675,0.03675919551,0.006701843675,0.1083485911,0.1334230562,0.001651405196,0.002362204716,4.35100076e-08
5.7,-0.4901916474,-0.03501199217,0.1033459467,0.002441267785,-0.05084420988,0.9987065967,0.002637792114,0.999996521,0,0,1.437685056,1.549611145,-1.462869933,1.917552738,0.5126291817,-0.2544446809,-0.2311082419,-1.469004061,1.6493361,1.11958071,1.535007113,0.3179198857,0.3172652555,-0.8167774403,0.03726902098,-0.003081335526,0.009148060761,-0.0193574941,-0.1035507575,0.02166489218,0.09986023308,-0.02598917444,0,0.04837675619,0.03640805429,-0.08640125716,-0.08029089139,0.05529997007,0.006692136484,0.03675877122,0.006692136484,0.1086824283,0.133089218,0.001317567714,0.002362204716,4.35100076e-08
5.71,-0.489142311,-0.03498872176,0.1065156809,0.002213166477,-0.05084420988,0.9987065967,0.002637792114,0.999996521,0,0,1.438057746,1.549580332,-1.462778452,1.917359163,0.5115936741,-0.254228032,-0.2301096396,-1.469263953,1.6493361,1.120064478,1.535371193,0.3170558731,0.3164623466,-0.8162244406,0.03720901619,-0.002969011561,0.009884092835,-0.02147104953,-0.1065012961,0.02375359163,0.1026513363,-0.02544991223,-2.220446049e-14,0.04961498581,0.03644756081,-0.08866436768,-0.08187692401,0.05741732713,0.006682385687,0.03675842849,0.006682385687,0.1090049647,0.1327666806,0.0009944496438,0.002362204716,4.35100076e-08
5.72,-0.4880614486,-0.03496772168,0.1096509746,0.001987211828,-0.05084420988,0.9987065967,0.002637792114,0.999996521,0,0,1.438429836,1.549550642,-1.462679611,1.917144452,0.5105286611,-0.2539904961,-0.2290831262,-1.469518452,1.6493361,1.120560628,1.535735669,0.3161692295,0.3156435774,-0.8156502673,0.03723568541,-0.00288520261,0.01048711508,-0.02346383607,-0.1094743689,0.02556327512,0.1054742579,-0.02500905949,2.220446049e-14,0.05091608257,0.03649258577,-0.09088264883,-0.08358617252,0.05942288272,0.006672868089,0.03675816766,0.006672868089,0.1091338545,0.1326377904,0.0008661411703,0.002362204716,4.351000782e-08
5.73,-0.4869494097,-0.03494897015,0.1127508088,0.001763467343,-0.05084420988,0.9987065967,0.002637792114,0.999996521,0,0,1.438802193,1.54952179,-1.46257474,1.916909814,0.5094339175,-0.2537348633,-0.2280283836,-1.469768543,1.6493361,1.121069789,1.536100595,0.315260403,0.3148077156,-0.8150560385,0.03753708836,-0.002886716412,0.01069582223,-0.02519976213,-0.1125677097,0.02662153641,0.1084971051,-0.02484564258,-2.220446049e-14,0.05238052261,0.03643462748,-0.09299226593,-0.0856151223,0.06117059373,0.006663518417,0.03675798897,0.006663518417,0.1091338545,0.1326377904,0.0008661411703,0.002362204716,4.35100076e-08
5.74,-0.485806554,-0.03493244476,0.1158141844,0.001541995297,-0.05084420988,0.9987065967,0.002637792114,0.999996521,0,0,1.439177564,1.549492923,-1.462467782,1.916657816,0.5083082404,-0.2534686479,-0.2269434126,-1.470016999,1.6493361,1.121593594,1.536464941,0.3143304803,0.3139515644,-0.8144443325,0.03783342271,-0.002888130588,0.01090196397,-0.02691614611,-0.1156238882,0.02766715634,0.1114828319,-0.02468311552,0,0.0538277817,0.03637599855,-0.09507711561,-0.0876195691,0.06289693396,0.006654140471,0.03675789392,0.006654140471,0.1091338545,0.1326377904,0.0008661411703,0.002362204716,4.351000782e-08
5.75,-0.4846332508,-0.03491812247,0.1188401221,0.001322856735,-0.05084420988,0.9987065967,0.002637792114,0.999996521,0,0,1.439555898,1.549464041,-1.462358762,1.916388655,0.5071520015,-0.2531919764,-0.2258285843,-1.47026383,1.6493361,1.122131872,1.536828701,0.3133797092,0.3130753687,-0.8138153632,0.03812454202,-0.002889443171,0.01110547426,-0.02861247032,-0.118641925,0.02869979147,0.114430436,-0.02452150369,2.220446049e-14,0.05525741759,0.03631668307,-0.09713657801,-0.08959887579,0.06460132726,0.00664473494,0.03675788364,0.00664473494,0.1091338545,0.1326377904,0.0008661411703,0.002362204716,4.351000782e-08
5.76,-0.4834298795,-0.03490597965,0.1218276622,0.001106111474,-0.05084420988,0.9987065967,0.002637792114,0.999996521,0,0,1.439937144,1.549435147,-1.462247708,1.91610253,0.5059655822,-0.2529049785,-0.2246842799,-1.470509045,1.6493361,1.122684446,1.537191868,0.3124083434,0.31217938,-0.8131693499,0.03841030383,-0.002890652185,0.01130628833,-0.03028822797,-0.1216208608,0.02971910623,0.1173389376,-0.02436083179,0,0.05666899641,0.03625666532,-0.0991700436,-0.09155241776,0.06628321036,0.006635302529,0.03675795924,0.006635302529,0.1091338545,0.1326377904,0.0008661411703,0.002362204716,4.35100076e-08
5.77,-0.4821968287,-0.03489599207,0.1247758646,0.0008918181012,-0.05084420988,0.9987065967,0.002637792114,0.999996521,0,0,1.440321247,1.54940624,-1.462134645,1.915799648,0.5047493736,-0.2526077874,-0.2235108905,-1.470752654,1.6493361,1.123251136,1.537554434,0.3114166429,0.3112638558,-0.8125065178,0.03869056968,-0.002891755644,0.01150434266,-0.03194292317,-0.124559757,0.03072477296,0.1202073796,-0.02420112387,0,0.0580620926,0.03619592977,-0.1011769132,-0.09347958291,0.06794203288,0.006625843956,0.03675812182,0.006625843956,0.1091338545,0.1326377904,0.0008661411703,0.002362204716,4.35100076e-08
5.78,-0.4809344964,-0.03488813492,0.1276838092,0.0006800339736,-0.05084420988,0.9987065967,0.002637792114,0.999996521,0,0,1.440708152,1.549377323,-1.462019601,1.915480219,0.503503776,-0.2523005397,-0.2223088167,-1.470994665,1.6493361,1.123831757,1.537916394,0.3104048738,0.31032906,-0.8118270975,0.03896520516,-0.002892751552,0.01169957494,-0.03357607098,-0.1274576948,0.03171647188,0.1230348274,-0.02404240328,0,0.05943628893,0.0361344611,-0.1031565978,-0.09537977165,0.06957725739,0.006616359953,0.03675837251,0.006616359953,0.1091338545,0.1326377904,0.0008661411703,0.002362204716,4.35100076e-08
5.79,-0.4796432897,-0.03488238284,0.1305505955,0.0004708152201,-0.05084420988,0.9987065967,0.002637792114,0.999996521,0,0,1.441097804,1.549348395,-1.461902605,1.915144458,0.5022291991,-0.251983375,-0.2210784685,-1.471235089,1.6493361,1.12442612,1.538277738,0.3093733078,0.3093752623,-0.8111313249,0.03923407993,-0.002893637901,0.01189192413,-0.03518719735,-0.1303137758,0.03269389115,0.125820369,-0.0238846927,0,0.06079117648,0.03607224415,-0.1051085187,-0.09725239689,0.07118835939,0.006606851268,0.03675871239,0.006606851268,0.1091338545,0.1326377904,0.0008661411703,0.002362204716,4.35100076e-08
5.8,-0.4783236247,-0.03487870988,0.1333753426,0.0002642167399,-0.05084420988,0.9987065967,0.002637792114,0.999996521,0,0,1.441490145,1.549319459,-1.461783686,1.914792586,0.5009260613,-0.251656436,-0.2198202648,-1.471473936,1.6493361,1.125034031,1.538638461,0.3083222226,0.3084027383,-0.8104194413,0.03949706772,-0.00289441267,0.01208133041,-0.03677583918,-0.133127122,0.03365672688,0.1285631153,-0.02372801413,2.220446049e-14,0.06212635463,0.03600926398,-0.1070321072,-0.09909688402,0.0727748274,0.006597318661,0.03675914255,0.006597318661,0.1091338545,0.1326377904,0.0008661411703,0.002362204716,4.35100076e-08
5.81,-0.4769759259,-0.03487708959,0.1361571894,6.029220289e-05,-0.05084420988,0.9987065967,0.002637792114,0.999996521,0,0,1.441885116,1.549290515,-1.461662873,1.914424828,0.4995947901,-0.2513198688,-0.2185346336,-1.471711216,1.6493361,1.125655295,1.538998553,0.3072519016,0.3074117694,-0.809691693,0.03975404634,-0.002895073822,0.01226773521,-0.0383415443,-0.1358968756,0.03460468314,0.1312621996,-0.02357238888,-2.220446049e-14,0.06344143104,0.0359455058,-0.1089268049,-0.1009126709,0.0743361629,0.006587762907,0.03675966407,0.006587762907,0.1091338545,0.1326377904,0.0008661411703,0.002362204716,4.351000737e-08
5.82,-0.4756006267,-0.03487749495,0.1388952947,-0.0001409059504,-0.05084420988,0.9987065967,0.002637792114,0.999996521,0,0,1.442282656,1.549261564,-1.461540196,1.914041412,0.4982358214,-0.2509738219,-0.2172220116,-1.47194694,1.6493361,1.126289709,1.539358008,0.3061626335,0.3064026427,-0.8089483314,0.04000489773,-0.00289561931,0.01245108118,-0.0398838715,-0.138622199,0.03553747196,0.1339167784,-0.02341783759,0,0.06473602163,0.03588095504,-0.1107920634,-0.1026992079,0.0758718804,0.006578184794,0.03676027799,0.006578184794,0.1091338545,0.1326377904,0.0008661411703,0.002362204716,4.35100076e-08
5.83,-0.4741981685,-0.03487989845,0.1415888369,-0.0003393265086,-0.05084420988,0.9987065967,0.002637792114,0.999996521,0,0,1.442682705,1.549232608,-1.461415685,1.913642573,0.4968495994,-0.2506184472,-0.2158828438,-1.472181118,1.6493361,1.12693707,1.539716818,0.3050547129,0.3053756507,-0.8081896126,0.04024950796,-0.002896047069,0.0126313122,-0.0414023905,-0.141302275,0.03645481336,0.1365260306,-0.0232643802,0,0.06600975061,0.03581559727,-0.1126273442,-0.1044559577,0.07738150742,0.006568585122,0.03676098536,0.006568585122,0.1091338545,0.1326377904,0.0008661411703,0.002362204716,4.35100076e-08
5.84,-0.4727690012,-0.03488427206,0.1442370139,-0.0005349194897,-0.05084420988,0.9987065967,0.002637792114,0.999996521,0,0,1.4430852,1.549203647,-1.461289372,1.913228549,0.4954365766,-0.2502538991,-0.2145175835,-1.472413762,1.6493361,1.127597167,1.540074974,0.3039284394,0.3043310911,-0.8074157975,0.04048776719,-0.00289635502,0.01280837341,-0.04289668198,-0.1439363066,0.03735643535,0.1390891581,-0.02311203594,0,0.06726225044,0.03574941827,-0.1144321192,-0.1061823957,0.07886458455,0.006558964704,0.03676178719,0.006558964704,0.1091338545,0.1326377904,0.0008661411703,0.002362204716,4.35100076e-08
5.85,-0.4713135821,-0.03489058725,0.1468390436,-0.000727636141,-0.05084420988,0.9987065967,0.002637792114,0.999996521,0,0,1.443490078,1.549174684,-1.461161288,1.912799583,0.4939972136,-0.2498803347,-0.2131266919,-1.472644882,1.6493361,1.12826979,1.540432468,0.3027841183,0.3032692671,-0.8066271517,0.0398303851,-0.002634432128,0.01420287809,-0.04509559861,-0.1459912181,0.04053048963,0.1408118884,-0.02209612586,0,0.0679179817,0.03598906057,-0.116478433,-0.1067936708,0.08106642966,0.006549324367,0.03676268447,0.006549324367,0.1091338545,0.1326377904,0.0008661411703,0.002362204716,4.35100076e-08
5.86,-0.4698323767,-0.03489881503,0.1493941637,-0.0009174289392,-0.05084420988,0.9987065967,0.002637792114,0.999996521,0,0,1.443888382,1.54914834,-1.461019259,1.912348627,0.4925373014,-0.2494750298,-0.2117185731,-1.472865844,1.6493361,1.128948969,1.540792359,0.3016193339,0.3022013304,-0.8058164874,0.03999263751,-0.002615859416,0.01445994787,-0.04659195607,-0.1484931894,0.04156221125,0.1432242666,-0.02188471155,0,0.06908607684,0.03594291975,-0.1182398528,-0.1083809975,0.08254805119,0.00654026774,0.03676367299,0.00654026774,0.1091338545,0.1326377904,0.0008661411703,0.002362204716,4.35100076e-08
5.87,-0.4683258577,-0.03490892593,0.1519016312,-0.00110425159,-0.05084420988,0.9987065967,0.002637792114,0.999996521,0,0,1.444288308,1.549122181,-1.46087466,1.911882707,0.4910523695,-0.2490594077,-0.2102863304,-1.473084691,1.6493361,1.12963983,1.541151788,0.3004369354,0.3011175204,-0.8049910069,0.04019564695,-0.002611114653,0.01464861371,-0.0480240325,-0.150975246,0.04245549176,0.1456305785,-0.0217205398,-2.220446049e-14,0.07026251632,0.03587956415,-0.119954673,-0.1099942832,0.0839621034,0.006531236165,0.03676475788,0.006531236165,0.1091338545,0.1326377904,0.0008661411703,0.002362204716,4.35100076e-08
5.88,-0.4667945053,-0.03492089001,0.1543607233,-0.001288059029,-0.05084420988,0.9987065967,0.002637792114,0.999996521,0,0,1.444690265,1.54909607,-1.460728174,1.911402467,0.489542617,-0.2486348528,-0.2088300246,-1.473301896,1.6493361,1.130342455,1.541510584,0.2992373887,0.3000175776,-0.8041513858,0.04039224317,-0.002606319829,0.01483345204,-0.04943006105,-0.153408489,0.04333124521,0.147988106,-0.02155784831,4.440892099e-14,0.07141651568,0.03581521591,-0.1216368378,-0.1115756464,0.08534766021,0.006522198453,0.03676594027,0.006522198453,0.1091338545,0.1326377904,0.0008661411703,0.002362204716,4.351000782e-08
5.89,-0.4652388068,-0.03493467691,0.1567707367,-0.00146880742,-0.05084420988,0.9987065967,0.002637792114,0.999996521,0,0,1.445094187,1.549070007,-1.460579839,1.910908166,0.4880085321,-0.2482015404,-0.2073501436,-1.473517475,1.6493361,1.13105662,1.541868736,0.2980210203,0.2989018211,-0.8032979092,0.04058234157,-0.002601474009,0.01501440795,-0.05080967356,-0.1557922257,0.04418922827,0.1502961691,-0.02139665712,-2.220446049e-14,0.07254775141,0.03574986013,-0.1232858676,-0.11312463,0.08670432385,0.00651315533,0.036767221,0.00651315533,0.1091338545,0.1326377904,0.0008661411703,0.002362204716,4.351000737e-08
5.9,-0.4636592564,-0.03495025582,0.1591309877,-0.001646454157,-0.05084420988,0.9987065967,0.002637792114,0.999996521,0,0,1.445500011,1.549043992,-1.460429695,1.910400069,0.4864506099,-0.2477596481,-0.2058471819,-1.473731441,1.6493361,1.131782098,1.542226234,0.2967881616,0.2977705748,-0.802430866,0.04076586148,-0.002596576236,0.01519142804,-0.05216251294,-0.1581257837,0.04502920591,0.1525541104,-0.02123698548,0,0.07365590819,0.03568348216,-0.1249012929,-0.1146407892,0.08803170962,0.006504107529,0.03676860088,0.006504107529,0.1091338545,0.1326377904,0.0008661411703,0.002362204716,4.35100076e-08
5.91,-0.4620563551,-0.03496759552,0.1614408125,-0.001820957863,-0.05084420988,0.9987065967,0.002637792114,0.999996521,0,0,1.445907669,1.549018026,-1.460277781,1.909878444,0.484869352,-0.247309356,-0.2043216408,-1.473943811,1.6493361,1.132518657,1.542583069,0.2955391487,0.296624167,-0.8015505489,0.04094272616,-0.002591625527,0.01536446034,-0.05348823313,-0.1604085103,0.04585095142,0.1547612952,-0.02107885182,-2.220446049e-14,0.07474067897,0.03561606758,-0.1264826542,-0.1161236914,0.08932944592,0.00649505579,0.03677008069,0.00649505579,0.1091338545,0.1326377904,0.0008661411703,0.002362204716,4.35100076e-08
5.92,-0.4604306104,-0.03498666437,0.1636995671,-0.001992278391,-0.05084420988,0.9987065967,0.002637792114,0.999996521,0,0,1.446317096,1.54899211,-1.460124136,1.909343562,0.4832652669,-0.2468508465,-0.2027740278,-1.474154599,1.6493361,1.133266064,1.54293923,0.2942743221,0.29546293,-0.8006572545,0.04111385485,-0.002586539872,0.01553378839,-0.05480116229,-0.16263621,0.04666808381,0.1569240044,-0.02091893817,2.220446049e-14,0.07579034083,0.0355229525,-0.1280261314,-0.117552901,0.09060446041,0.006486000861,0.03677166116,0.006486000861,0.1091338545,0.1326377904,0.0008661411703,0.002362204716,4.351000782e-08
5.93,-0.4587825361,-0.03500743035,0.1659066269,-0.002160376822,-0.05084420988,0.9987065967,0.002637792114,0.999996521,0,0,1.446728235,1.548966244,-1.459968798,1.90879555,0.4816389048,-0.2463841657,-0.2012047878,-1.474363789,1.6493361,1.134023967,1.543294459,0.2929940608,0.294287401,-0.7997512098,0.0412791973,-0.002581330343,0.01569939666,-0.05610130652,-0.164808207,0.04748076372,0.1590417336,-0.02075725315,0,0.076804552,0.03540374146,-0.1295313958,-0.1189276304,0.09185644239,0.006476943721,0.03677334327,0.006476943721,0.1091338545,0.1326377904,0.0008661411703,0.002362204716,4.35100076e-08
5.94,-0.4571126522,-0.03502986104,0.1680613874,-0.002325215468,-0.05084420988,0.9987065967,0.002637792114,0.999996521,0,0,1.447141027,1.548940431,-1.459811804,1.908234537,0.4799908228,-0.245909358,-0.1996143704,-1.474571361,1.6493361,1.134792013,1.543648497,0.2916987469,0.2930981247,-0.7988326454,0.0414358929,-0.002576219179,0.01586028642,-0.05734701285,-0.1669339494,0.04824975564,0.1610945072,-0.02060319257,2.220446049e-14,0.07781516308,0.03532785288,-0.1310074554,-0.1203038891,0.09306456446,0.006467885317,0.03677512792,0.006467885317,0.1091338545,0.1326377904,0.0008661411703,0.002362204716,4.35100076e-08
5.95,-0.4554214846,-0.03505392367,0.1701632636,-0.002486757868,-0.05084420988,0.9987065967,0.002637792114,0.999996521,0,0,1.447555386,1.548914669,-1.459653201,1.907661067,0.4783214833,-0.2454268605,-0.1980034254,-1.474777393,1.6493361,1.135570164,1.544001775,0.2903886723,0.2918950858,-0.7979019998,0.04153652358,-0.002557191721,0.01608290283,-0.05860301125,-0.16897552,0.04912231743,0.1630483945,-0.02040395196,-2.220446049e-14,0.07876991522,0.03526713659,-0.1324630458,-0.121586084,0.09428251621,0.006458825987,0.03677701518,0.006458825987,0.1091338545,0.1326377904,0.0008661411703,0.002362204716,4.351000737e-08
5.96,-0.4537095651,-0.03507958509,0.1722116903,-0.002644968791,-0.05084420988,0.9987065967,0.002637792114,0.999996521,0,0,1.447970751,1.548889097,-1.459492372,1.907075037,0.4766317281,-0.2449356373,-0.1963729414,-1.474981433,1.6493361,1.136357864,1.544354447,0.2890640419,0.290679225,-0.7969591746,0.04061212774,-0.002250776337,0.01766675776,-0.06063300164,-0.1703221895,0.05251733744,0.1640002656,-0.01923643551,0,0.0790490171,0.03553981799,-0.134198886,-0.121604534,0.09631643036,0.006449798222,0.03677900513,0.006449798222,0.1091338545,0.1326377904,0.0008661411703,0.002362204716,4.35100076e-08
5.97,-0.4519774308,-0.03510681183,0.1742061218,-0.002799814238,-0.05084420988,0.9987065967,0.002637792114,0.999996521,0,0,1.448376872,1.548866589,-1.459315705,1.906468707,0.4749285062,-0.2444104639,-0.1947329388,-1.475173797,1.6493361,1.137148354,1.544709845,0.287722053,0.2894631797,-0.7959960103,0.04073546828,-0.002241729528,0.01783171409,-0.06180249701,-0.1722789719,0.05326008129,0.1658806663,-0.01907525368,0,0.07997719433,0.03546510436,-0.1355699636,-0.1228599421,0.09744123027,0.006441460725,0.03678108844,0.006441460725,0.1091338545,0.1326377904,0.0008661411703,0.002362204716,4.35100076e-08
5.98,-0.4502256244,-0.03513557005,0.1761460326,-0.002951261435,-0.05084420988,0.9987065967,0.002637792114,0.999996521,0,0,1.448784227,1.548844172,-1.459137388,1.905850682,0.4732057165,-0.2438778631,-0.1930741321,-1.47536455,1.6493361,1.137948126,1.545064496,0.2863663534,0.2882345802,-0.795021598,0.04085209976,-0.00223270659,0.01799186404,-0.06294242417,-0.17418119,0.05398230754,0.1677068155,-0.01891608104,0,0.08088035811,0.03538926769,-0.1369039451,-0.1240799172,0.09853381746,0.006433133988,0.03678327484,0.006433133988,0.1091338545,0.1326377904,0.0008661411703,0.002362204716,4.35100076e-08
5.99,-0.4484546936,-0.03516582562,0.1780309164,-0.003099278841,-0.05084420988,0.9987065967,0.002637792114,0.999996521,0,0,1.449192748,1.548821845,-1.458957469,1.905221258,0.4714639046,-0.24333804,-0.1913970639,-1.475553711,1.6493361,1.138756929,1.545418389,0.2849973139,0.2869937811,-0.7940362598,0.04096197909,-0.002223707498,0.01814716341,-0.06405252196,-0.176028354,0.05468384664,0.1694782605,-0.01875893268,0,0.08175827001,0.03531229541,-0.1382004535,-0.1252641308,0.09959392132,0.006424818643,0.0367855647,0.006424818643,0.1091338545,0.1326377904,0.0008661411703,0.002362204716,4.35100076e-08
6,-0.4466651911,-0.03519754409,0.179860287,-0.003243836142,-0.05084420988,0.9987065967,0.002637792114,0.999996521,0,0,1.449602368,1.548799608,-1.458775997,1.904580733,0.469703621,-0.2427912016,-0.1897022813,-1.4757413,1.6493361,1.139574512,1.545771512,0.2836153094,0.2857411398,-0.7930403206,0.04106506673,-0.002214732199,0.01829756968,-0.06513254028,-0.1778199941,0.05536453754,0.1711945703,-0.01860382279,0,0.08261069983,0.03523417524,-0.1394591222,-0.1264122666,0.1006212842,0.006416515324,0.03678795833,0.006416515324,0.1091338545,0.1326377904,0.0008661411703,0.002362204716,4.35100076e-08
6.01,-0.4448576745,-0.03523069071,0.1816336777,-0.003384904255,-0.05084420988,0.9987065967,0.002637792114,0.999996521,0,0,1.450013019,1.54877746,-1.458593022,1.903929407,0.4679254211,-0.2422375562,-0.1879903356,-1.475927338,1.6493361,1.140400619,1.546123853,0.2822207182,0.2844770171,-0.7920341078,0.04116132672,-0.002205780619,0.01844304201,-0.06618224013,-0.1795556604,0.05602422758,0.1728553362,-0.01845076462,0,0.0834374256,0.03515489514,-0.1406795957,-0.1275240205,0.1016156615,0.006408224666,0.03679045598,0.006408224666,0.1091338545,0.1326377904,0.0008661411703,0.002362204716,4.35100076e-08
6.02,-0.4430327057,-0.03526523045,0.1833506417,-0.003522455323,-0.05084420988,0.9987065967,0.002637792114,0.999996521,0,0,1.450424632,1.548755403,-1.458408591,1.903267585,0.4661298645,-0.2416773139,-0.1862617823,-1.476111846,1.6493361,1.141234993,1.546475402,0.2808139222,0.2832017769,-0.7910179512,0.04125072659,-0.002196852658,0.01858354125,-0.06720139355,-0.1812349228,0.05666277253,0.1744601713,-0.01829977051,0,0.08423823363,0.03507444333,-0.141861529,-0.1285991008,0.1025768215,0.006399947306,0.03679305783,0.006399947306,0.1091338545,0.1326377904,0.0008661411703,0.002362204716,4.35100076e-08
6.03,-0.4411908511,-0.03530112801,0.1850107518,-0.003656462723,-0.05084420988,0.9987065967,0.002637792114,0.999996521,0,0,1.450837139,1.548733434,-1.458222756,1.902595571,0.4643175152,-0.2411106862,-0.1845171806,-1.476294843,1.6493361,1.142077376,1.546826147,0.2793953069,0.2819157859,-0.7899921829,0.04133323736,-0.002187948195,0.01871902996,-0.06818978365,-0.1828573714,0.05728003654,0.1760087106,-0.01815085189,0,0.08501291852,0.03499280827,-0.1430045883,-0.129637228,0.1035045452,0.00639168388,0.03679576403,0.00639168388,0.1091338545,0.1326377904,0.0008661411703,0.002362204716,4.35100076e-08
6.04,-0.4393326815,-0.03533834781,0.1866136004,-0.003786901058,-0.05084420988,0.9987065967,0.002637792114,0.999996521,0,0,1.451250471,1.548711555,-1.458035565,1.901913673,0.4624889415,-0.2405378858,-0.1827570934,-1.476476352,1.6493361,1.142927505,1.547176075,0.277965261,0.2806194136,-0.7889571375,0.04140883352,-0.002179067082,0.01884947236,-0.06914720457,-0.1844226159,0.05787589208,0.1775006109,-0.01800401927,0,0.08576128318,0.03490997872,-0.1441084504,-0.130638135,0.1043986266,0.006383435027,0.03679857463,0.006383435027,0.1091338545,0.1326377904,0.0008661411703,0.002362204716,4.35100076e-08
6.05,-0.4374587713,-0.03537685405,0.1881588,-0.003913746161,-0.05084420988,0.9987065967,0.002637792114,0.999996521,0,0,1.45166456,1.548689764,-1.457847071,1.901222201,0.4606447154,-0.2399591269,-0.1809820873,-1.476656392,1.6493361,1.143785118,1.547525175,0.2765241765,0.2793130322,-0.7879131512,0.04097906246,-0.002034226302,0.01963043545,-0.07045336265,-0.1856017908,0.05966322281,0.1784516106,-0.01739193867,2.220446049e-14,0.08616506398,0.03498094342,-0.1453302997,-0.131002821,0.1056736378,0.006375201385,0.03680148965,0.006375201385,0.1091338545,0.1326377904,0.0008661411703,0.002362204716,4.35100076e-08
6.06,-0.4355696989,-0.03541661068,0.1896459825,-0.004036975095,-0.05084420988,0.9987065967,0.002637792114,0.999996521,0,0,1.45207435,1.548669422,-1.457650766,1.900517667,0.4587886975,-0.2393624947,-0.1791975712,-1.476830312,1.6493361,1.144646768,1.547874984,0.2750708735,0.278003004,-0.7868564149,0.0402955485,-0.001821835221,0.02073090856,-0.07191648486,-0.1865605942,0.0620300331,0.1791058448,-0.01655034313,0,0.08638424627,0.03512742151,-0.1465899106,-0.1310329192,0.1071203881,0.006367294189,0.0368045025,0.006367294189,0.1091338545,0.1326377904,0.0008661411703,0.002362204716,4.351000737e-08
6.07,-0.4336660462,-0.03545758143,0.1910747995,-0.004156566151,-0.05084420988,0.9987065967,0.002637792114,0.999996521,0,0,1.452477306,1.548651203,-1.457443457,1.899798502,0.4569230915,-0.2387421943,-0.1774065128,-1.476995815,1.6493361,1.145510611,1.548226258,0.2736049744,0.2766926748,-0.785785211,0.04034149222,-0.001810261788,0.02085759855,-0.07278688759,-0.1879465905,0.06258315253,0.1804176117,-0.01640124846,-2.220446049e-14,0.08704631592,0.03504365419,-0.1475765219,-0.1319095122,0.1079203326,0.006359869075,0.03680760911,0.006359869075,0.1091338545,0.1326377904,0.0008661411703,0.002362204716,4.351000737e-08
6.08,-0.4317483985,-0.03549972981,0.1924449227,-0.004272498851,-0.05084420988,0.9987065967,0.002637792114,0.999996521,0,0,1.452880721,1.548633101,-1.457234881,1.899070634,0.4550436256,-0.2381163628,-0.1756023367,-1.477159827,1.6493361,1.146381074,1.548576695,0.2721292092,0.2753735797,-0.7847060076,0.04038085551,-0.001798802326,0.02097858785,-0.07362531694,-0.1892743014,0.06311349614,0.1816719819,-0.01625463353,2.220446049e-14,0.08768158578,0.03495852378,-0.1485225972,-0.1327483922,0.1086856329,0.006352468342,0.03681081858,0.006352468342,0.1091338545,0.1326377904,0.0008661411703,0.002362204716,4.35100076e-08
6.09,-0.4298173444,-0.03554301914,0.193756043,-0.004384753945,-0.05084420988,0.9987065967,0.002637792114,0.999996521,0,0,1.453284529,1.548615113,-1.457025095,1.89833438,0.4531508826,-0.2374852279,-0.1737856168,-1.477322374,1.6493361,1.14725789,1.54892628,0.2706439832,0.2740460958,-0.7836191513,0.04041363083,-0.001787457597,0.02109384741,-0.07443162044,-0.1905434365,0.06362097298,0.1828687209,-0.01611050626,-2.220446049e-14,0.08828990267,0.03487202005,-0.1494278702,-0.1335493566,0.1094161443,0.006345092444,0.03681413062,0.006345092444,0.1091338545,0.1326377904,0.0008661411703,0.002362204716,4.351000737e-08
6.1,-0.4278734753,-0.03558741257,0.1950078714,-0.004493313413,-0.05084420988,0.9987065967,0.002637792114,0.999996521,0,0,1.453688666,1.548597238,-1.456814157,1.897590064,0.4512454482,-0.2368490181,-0.1719569296,-1.477483479,1.6493361,1.148140789,1.549275,0.2691497045,0.2727106022,-0.7825249899,0.0404398137,-0.00177622833,0.02120335007,-0.07520565668,-0.1917537251,0.06410550058,0.1840076154,-0.0159688736,0,0.08887112184,0.03478413313,-0.1502920863,-0.134312215,0.1101117348,0.006337741827,0.03681754489,0.006337741827,0.1091338545,0.1326377904,0.0008661411703,0.002362204716,4.35100076e-08
6.11,-0.4259173855,-0.03563287304,0.1962001385,-0.004598160463,-0.05084420988,0.9987065967,0.002637792114,0.999996521,0,0,1.454093064,1.548579476,-1.456602123,1.896838008,0.449327911,-0.2362079631,-0.1701168535,-1.477643168,1.6493361,1.1490295,1.549622842,0.2676467837,0.2713674801,-0.7814238725,0.04045940267,-0.001765115223,0.02130707061,-0.07594729527,-0.1929049161,0.06456700486,0.1850884728,-0.01582974153,0,0.089425107,0.03469485351,-0.1511150026,-0.1350367893,0.110772285,0.006330416935,0.03682106096,0.006330416935,0.1091338545,0.1326377904,0.0008661411703,0.002362204716,4.35100076e-08
6.12,-0.4239496719,-0.03567936335,0.1973325947,-0.004699279535,-0.05084420988,0.9987065967,0.002637792114,0.999996521,0,0,1.454497658,1.548561825,-1.456389053,1.896078535,0.4473988618,-0.2355622931,-0.1682659688,-1.477801465,1.6493361,1.149923751,1.54996979,0.2661356336,0.2700171122,-0.7803161497,0.04047239925,-0.00175411894,0.02140498569,-0.07665641684,-0.1939967783,0.0650054201,0.1861111217,-0.01569311503,0,0.08995173032,0.03460417203,-0.1518963878,-0.1357229139,0.111397688,0.006323118204,0.03682467834,0.006323118204,0.1091338545,0.1326377904,0.0008661411703,0.002362204716,4.35100076e-08
6.13,-0.4219709338,-0.03572684615,0.19840501,-0.004796656295,-0.05084420988,0.9987065967,0.002637792114,0.999996521,0,0,1.454902382,1.548544284,-1.456175003,1.895311971,0.445458894,-0.2349122389,-0.1664048575,-1.477958396,1.6493361,1.150823268,1.550315832,0.2646166698,0.268659883,-0.7792021728,0.04047880785,-0.001743240114,0.02149707388,-0.07733291298,-0.1950291001,0.06542068892,0.1870754114,-0.01555899817,0,0.09045087249,0.0345120799,-0.1526360229,-0.1363704351,0.1119878493,0.006315846065,0.03682839645,0.006315846065,0.1091338545,0.1326377904,0.0008661411703,0.002362204716,4.35100076e-08
6.14,-0.4199817726,-0.03577528396,0.1994171741,-0.00489027764,-0.05084420988,0.9987065967,0.002637792114,0.999996521,0,0,1.45530717,1.548526851,-1.455960032,1.894538641,0.443508603,-0.234258032,-0.1645341034,-1.478113986,1.6493361,1.151727777,1.550660953,0.2630903095,0.2672961787,-0.7780822943,0.03988533328,-0.001575342352,0.02234927651,-0.07841465667,-0.1955952219,0.06722043572,0.1873841807,-0.0148783956,0,0.09054241544,0.03459367606,-0.1535227657,-0.1362683317,0.1130345173,0.006308600941,0.03683221466,0.006308600941,0.1091338545,0.1326377904,0.0008661411703,0.002362204716,4.35100076e-08
6.15,-0.4179827918,-0.03582463915,0.2003688966,-0.004980131697,-0.05084420988,0.9987065967,0.002637792114,0.999996521,0,0,1.455706023,1.548511098,-1.455736539,1.893754495,0.4415526508,-0.2335858276,-0.1626602616,-1.47826277,1.6493361,1.152633201,1.551006889,0.2615550819,0.2659334954,-0.7769519491,0.03914309508,-0.001369608822,0.02337929259,-0.0795688614,-0.1960042761,0.06933510587,0.1874913423,-0.01406844074,2.220446049e-14,0.09051488078,0.03471591788,-0.1544122443,-0.1359563935,0.1141643621,0.006301741894,0.03683612221,0.006301741894,0.1093059492,0.1326377904,0.0008661411703,0.002362204716,4.35100076e-08
6.16,-0.4159745967,-0.035874874,0.2012600067,-0.005066207821,-0.05084420988,0.9987065967,0.002637792114,0.999996521,0,0,1.456097454,1.548497402,-1.455502746,1.892958806,0.4395926081,-0.2328924766,-0.1607853482,-1.478403454,1.6493361,1.15353835,1.551354049,0.2600109594,0.2645739314,-0.7758103055,0.03912460636,-0.001357294514,0.02346063711,-0.08015120254,-0.1968537067,0.06969410543,0.188274746,-0.01393665246,-2.220446049e-14,0.09092718735,0.03462122618,-0.155026487,-0.1364802562,0.1146536434,0.006295356731,0.03684011506,0.006295356731,0.1096747672,0.1326377904,0.0008661411703,0.002362204716,4.351000737e-08
6.17,-0.4139577942,-0.03592595068,0.2020903533,-0.005148496598,-0.05084420988,0.9987065967,0.002637792114,0.999996521,0,0,1.4564887,1.548483829,-1.45526814,1.892157294,0.437624071,-0.2321955355,-0.1589026007,-1.478542821,1.6493361,1.154447622,1.551700261,0.2584606946,0.2632091289,-0.7746637691,0.03909999319,-0.001345198212,0.02353555346,-0.08070029871,-0.1976432437,0.07002885355,0.1889998173,-0.01380775475,0,0.09131187581,0.03452497361,-0.1555980734,-0.1369655014,0.1151071119,0.00628900498,0.03684348735,0.00628900498,0.1100215435,0.1326377904,0.0008661411703,0.002362204716,4.35100076e-08
6.18,-0.4119329926,-0.03597783128,0.2028598051,-0.00522698984,-0.05084420988,0.9987065967,0.002637792114,0.999996521,0,0,1.4568797,1.548470377,-1.455032785,1.891350291,0.4356476386,-0.231495247,-0.1570126026,-1.478680899,1.6493361,1.155360741,1.552045511,0.2569047138,0.2618394739,-0.773512698,0.03906927375,-0.001333321127,0.02360402971,-0.08121609551,-0.198372773,0.07033933201,0.1896665078,-0.01368174759,0,0.09166887059,0.03442715305,-0.1561268465,-0.1374120391,0.1155247329,0.006282686829,0.03684392227,0.006282686829,0.1103454673,0.1326377904,0.0008661411703,0.002362204716,4.35100076e-08
6.19,-0.4099008014,-0.0360304778,0.2035682505,-0.005301680591,-0.05084420988,0.9987065967,0.002637792114,0.999996521,0,0,1.457270393,1.548457044,-1.454796744,1.89053813,0.4336639108,-0.2307918537,-0.1551159375,-1.478817716,1.6493361,1.156277429,1.552389782,0.2553434454,0.2604653535,-0.7723574506,0.0390324687,-0.001321664414,0.023666056,-0.0816985495,-0.1990421998,0.07062553095,0.190274789,-0.01355862996,0,0.09199810474,0.03432775783,-0.1566126624,-0.1378197916,0.1159064839,0.006276402457,0.03684443221,0.006276402457,0.1106457729,0.1326377904,0.0008661411703,0.002362204716,4.35100076e-08
6.2,-0.4078618313,-0.0360838522,0.2042155976,-0.005372563124,-0.05084420988,0.9987065967,0.002637792114,0.999996521,0,0,1.457660718,1.548443827,-1.454560084,1.889721145,0.4316734888,-0.2300855983,-0.1532131896,-1.478953302,1.6493361,1.15719741,1.55273306,0.2537773187,0.2590871556,-0.7711983858,0.03898960111,-0.001310229168,0.02372162457,-0.08214762823,-0.1996514491,0.0708874488,0.1908246523,-0.01343839982,0,0.09229951998,0.03422678174,-0.1570553895,-0.1381886933,0.1162523548,0.006270152028,0.03684501731,0.006270152028,0.1109217404,0.1326377904,0.0008661411703,0.002362204716,4.35100076e-08
6.21,-0.4058166934,-0.03613791636,0.2048017742,-0.005439632941,-0.05084420988,0.9987065967,0.002637792114,0.999996521,0,0,1.458050614,1.548430725,-1.454322867,1.888899668,0.4296769743,-0.2293767239,-0.1513049431,-1.479087686,1.6493361,1.158120406,1.553075327,0.2522067648,0.2577052686,-0.7700358622,0.03894069647,-0.001299016422,0.02377072978,-0.08256331015,-0.2002004653,0.07112509228,0.191316109,-0.01332105408,0,0.09257306669,0.03412421899,-0.1574549095,-0.1385186913,0.1165623474,0.006263935698,0.03684567763,0.006263935698,0.1111726968,0.1326377904,0.0008661411703,0.002362204716,4.35100076e-08
6.22,-0.4037659998,-0.03619263214,0.2053267279,-0.005502886774,-0.05084420988,0.9987065967,0.002637792114,0.999996521,0,0,1.458440021,1.548417734,-1.45408516,1.888074035,0.4276749697,-0.2286654729,-0.149391782,-1.479220897,1.6493361,1.159046136,1.55341657,0.2506322157,0.2563200817,-0.7688702388,0.03888578258,-0.001288027149,0.02381336805,-0.08294558463,-0.2006892123,0.07133847629,0.1917491899,-0.0132065887,0,0.092818704,0.03402006429,-0.1578111168,-0.1388097447,0.1168364756,0.006257753609,0.03684641317,0.006257753609,0.1113980168,0.1326377904,0.0008661411703,0.002362204716,4.35100076e-08
6.23,-0.401710363,-0.03624796136,0.205790426,-0.005562322581,-0.05084420988,0.9987065967,0.002637792114,0.999996521,0,0,1.458828878,1.548404854,-1.453847026,1.88724458,0.4256680776,-0.2279520882,-0.1474742901,-1.479352963,1.6493361,1.159974323,1.55375677,0.2490541046,0.2549319843,-0.767701874,0.03763243168,-0.000973297353,0.02535851115,-0.08414213107,-0.2002768327,0.07427862016,0.1908899194,-0.01200962978,0,0.0922746135,0.03424532834,-0.1585074005,-0.1376395108,0.118059004,0.006251605891,0.03684722386,0.006251605891,0.111597124,0.1326377904,0.0008661411703,0.002362204716,4.35100076e-08
6.24,-0.3996503956,-0.03630386586,0.2061928554,-0.005617939555,-0.05084420988,0.9987065967,0.002637792114,0.999996521,0,0,1.459205203,1.548395121,-1.453593441,1.886403158,0.4236653092,-0.227209302,-0.1455653909,-1.479473059,1.6493361,1.160897069,1.554099224,0.2474690306,0.2535555892,-0.766521284,0.03737257752,-0.0009130069309,0.02563260091,-0.08459518865,-0.2005092596,0.07489003061,0.1910067548,-0.01172474341,2.220446049e-14,0.09234022574,0.03419158418,-0.1588380216,-0.1376214814,0.11842154,0.006246184343,0.03684812657,0.006246184343,0.1117914098,0.1321291466,0.0008661411703,0.002362204716,4.35100076e-08
6.25,-0.3975867101,-0.03636030743,0.2065340229,-0.005669738113,-0.05084420988,0.9987065967,0.002637792114,0.999996521,0,0,1.459578929,1.548385991,-1.453337115,1.885557206,0.4216602166,-0.2264604017,-0.1436553233,-1.479590306,1.6493361,1.161820472,1.554441139,0.2458806503,0.2521793743,-0.7653370686,0.03729832052,-0.0009017098008,0.02565789631,-0.08487876861,-0.2008164968,0.07503557029,0.1912636167,-0.0116169864,-2.220446049e-14,0.09250012846,0.03408307633,-0.1590634362,-0.137792803,0.1185903217,0.006240911802,0.03684910568,0.006240911802,0.1120116972,0.131537945,0.0008661411703,0.002362204716,4.351000737e-08
6.26,-0.3955199192,-0.0364172479,0.206813955,-0.005717719904,-0.05084420988,0.9987065967,0.002637792114,0.999996521,0,0,1.459951912,1.548376974,-1.453080536,1.884708419,0.4196520517,-0.225710046,-0.1417426872,-1.479706476,1.6493361,1.162745473,1.55478197,0.244290016,0.2508014463,-0.7641511654,0.03721860684,-0.0008907380394,0.02567620328,-0.08512871515,-0.2010638156,0.0751560421,0.191462856,-0.01151245784,2.220446049e-14,0.09263230174,0.03397284414,-0.1592451026,-0.1379256278,0.1187230787,0.006235677493,0.03685015806,0.006235677493,0.1122585234,0.1309458539,0.0008661411703,0.002362204716,4.35100076e-08
6.27,-0.393450635,-0.03647464911,0.2070326978,-0.005761887806,-0.05084420988,0.9987065967,0.002637792114,0.999996521,0,0,1.460324098,1.548368067,-1.452823774,1.883857131,0.4176414135,-0.2249584855,-0.1398280586,-1.479821601,1.6493361,1.163671796,1.555121699,0.242697565,0.24942219,-0.7629639346,0.03713347372,-0.0008800930519,0.0256875303,-0.0853450722,-0.2012512752,0.07525150221,0.1916045986,-0.01141114844,-2.220446049e-14,0.09273674954,0.03386088504,-0.1593829843,-0.1380199775,0.1188198838,0.006230481281,0.03685128335,0.006230481281,0.1125322415,0.1303530484,0.0008661411703,0.002362204716,4.351000737e-08
6.28,-0.391379469,-0.03653247295,0.2071903172,-0.005802245926,-0.05084420988,0.9987065967,0.002637792114,0.999996521,0,0,1.460695433,1.548359266,-1.452566899,1.883003681,0.4156289008,-0.2242059705,-0.1379120126,-1.479935712,1.6493361,1.164599163,1.555460307,0.2411037351,0.2480419903,-0.7617757357,0.03704296026,-0.0008697761455,0.02569188808,-0.08552789457,-0.2013789545,0.07532201498,0.1916889895,-0.01131304786,0,0.09281348471,0.03374719704,-0.1594770585,-0.138075886,0.1188808215,0.006225323016,0.03685248106,0.006225323016,0.1128331537,0.1297597039,0.0008661411703,0.002362204716,4.35100076e-08
6.29,-0.3893070321,-0.03659068135,0.2072868988,-0.005838799599,-0.05084420988,0.9987065967,0.002637792114,0.999996521,0,0,1.461065862,1.548350568,-1.45230998,1.882148402,0.4136151112,-0.2234527504,-0.1359951227,-1.480048843,1.6493361,1.165527298,1.555797779,0.2395089645,0.2466612314,-0.7605869275,0.03694710742,-0.0008597885265,0.02568928961,-0.08567724793,-0.2014469515,0.07536765292,0.191716192,-0.01121814469,0,0.09286252892,0.03363177864,-0.1595273164,-0.1380933995,0.118905988,0.006220202532,0.03685375069,0.006220202532,0.11316151,0.1291659953,0.0008661411703,0.002362204716,4.35100076e-08
6.3,-0.3872339341,-0.03664923629,0.207322548,-0.005871555393,-0.05084420988,0.9987065967,0.002637792114,0.999996521,0,0,1.461435333,1.54834197,-1.452053087,1.881291629,0.4116006417,-0.2226990738,-0.1340779608,-1.480161024,1.6493361,1.166455924,1.556134097,0.2379136914,0.2452802974,-0.7593978676,0.03684595794,-0.000850131298,0.02567975012,-0.08579320882,-0.2014553834,0.07538849667,0.1916863886,-0.01112642649,0,0.09288391282,0.03351462894,-0.1595337632,-0.1380725768,0.1188954914,0.006215119647,0.03685509161,0.006215119647,0.1135175088,0.1285720973,0.0008661411703,0.002362204716,4.35100076e-08
6.31,-0.3851607838,-0.03670809982,0.2072973897,-0.005900521101,-0.05084420988,0.9987065967,0.002637792114,0.999996521,0,0,1.461803793,1.548333469,-1.45179629,1.880433697,0.4095860879,-0.2219451889,-0.1321610969,-1.480272289,1.6493361,1.167384763,1.556469244,0.2363183537,0.2438995716,-0.7582089127,0.03613872586,-0.0006934437611,0.02641108347,-0.08629007921,-0.2009696417,0.0767359201,0.1909612647,-0.01049809162,2.220446049e-14,0.09249376897,0.03355376381,-0.1596921992,-0.1372977083,0.1193453609,0.006210074164,0.03685650316,0.006210074164,0.1139012965,0.1279781843,0.0008661411703,0.002362204716,4.35100076e-08
6.32,-0.3830881886,-0.0367672341,0.2072115689,-0.005925705748,-0.05084420988,0.9987065967,0.002637792114,0.999996521,0,0,1.46216518,1.548326534,-1.451532179,1.879570796,0.4075763915,-0.2211778297,-0.1302514843,-1.48037727,1.6493361,1.1683097,1.556804781,0.2347214317,0.2425265946,-0.7570154591,0.03522113821,-0.0004863313995,0.02739090074,-0.08689551888,-0.2002764378,0.07852105655,0.1899615736,-0.009688314862,-4.440892099e-14,0.09194445502,0.03364513841,-0.1598731946,-0.1362395298,0.1199298346,0.00620539972,0.03685799092,0.00620539972,0.1141338646,0.1276377952,0.0008661411703,0.002362204716,4.351000737e-08
6.33,-0.3810167541,-0.03682660137,0.20706525,-0.005947119587,-0.05084420988,0.9987065967,0.002637792114,0.999996521,0,0,1.462517391,1.548321671,-1.45125827,1.878701841,0.4055736271,-0.2203926191,-0.1283518685,-1.480474153,1.6493361,1.169229145,1.557141233,0.2331226998,0.2411641993,-0.7558161608,0.03510617802,-0.0004774931157,0.02735848573,-0.08691111049,-0.2001087311,0.07846533457,0.1897639992,-0.009607278581,2.220446049e-14,0.09188356039,0.03352234473,-0.1597470467,-0.1361052999,0.1198125937,0.006201212058,0.03685955539,0.006201212058,0.1141338646,0.1276377952,0.0008661411703,0.002362204716,4.351000782e-08
6.34,-0.3789470846,-0.03688616396,0.2068586172,-0.005964774102,-0.05084420988,0.9987065967,0.002637792114,0.999996521,0,0,1.462868453,1.548316896,-1.450984685,1.87783273,0.4035725398,-0.2196079658,-0.1264542286,-1.480570225,1.6493361,1.170147981,1.557476456,0.2315252293,0.2398031463,-0.7546180348,0.03498651937,-0.0004690878755,0.02731870256,-0.08689344195,-0.1998824193,0.07838430082,0.1895107677,-0.00952973501,2.220446049e-14,0.09179547839,0.03339771382,-0.1595771159,-0.1359335795,0.1196598999,0.006197062882,0.03686118677,0.006197062882,0.1141338646,0.1276377952,0.0008661411703,0.002362204716,4.35100076e-08
6.35,-0.3768797822,-0.03694588436,0.2065918745,-0.005978682004,-0.05084420988,0.9987065967,0.002637792114,0.999996521,0,0,1.463218318,1.548312205,-1.450711498,1.876963796,0.4015737156,-0.2188241228,-0.1245591209,-1.480665523,1.6493361,1.171065935,1.557810433,0.2299294582,0.2384438105,-0.7534214358,0.0348622106,-0.0004611167392,0.02727158072,-0.08684264459,-0.1995977137,0.07827807903,0.1892021501,-0.009455665067,-2.220446049e-14,0.09168028441,0.03327124827,-0.1593634813,-0.1357244884,0.1194719187,0.006192951702,0.03686288409,0.006192951702,0.1141338646,0.1276377952,0.0008661411703,0.002362204716,4.351000737e-08
6.36,-0.3748154467,-0.03700572516,0.2062652455,-0.005988857234,-0.05084420988,0.9987065967,0.002637792114,0.999996521,0,0,1.463566941,1.548307594,-1.450438782,1.876095369,0.3995777384,-0.218041342,-0.1226670994,-1.480760079,1.6493361,1.171982738,1.558143146,0.2283358234,0.2370865656,-0.7522267166,0.03473330142,-0.0004535806103,0.02721715212,-0.08675886057,-0.1992548446,0.07814680106,0.1888384349,-0.009385048563,0,0.09153806286,0.03314295127,-0.1591062371,-0.1354781589,0.119248827,0.00618887801,0.03686464634,0.00618887801,0.1141338646,0.1276377952,0.0008661411703,0.002362204716,4.35100076e-08
6.37,-0.3727546761,-0.03706564911,0.2058789737,-0.005995314963,-0.05084420988,0.9987065967,0.002637792114,0.999996521,0,0,1.463914274,1.548303058,-1.450166611,1.875227781,0.39758519,-0.2172598739,-0.120778715,-1.48085393,1.6493361,1.172898119,1.558474575,0.226744761,0.235731784,-0.7510342284,0.03459984287,-0.0004464802322,0.02715545105,-0.08664224285,-0.1988540617,0.0779906068,0.1884199286,-0.009317864212,0,0.0913689072,0.03301282662,-0.1588054922,-0.1351947353,0.1189908131,0.006184841279,0.0368664724,0.006184841279,0.1141338646,0.1276377952,0.0008661411703,0.002362204716,4.35100076e-08
6.38,-0.3706980652,-0.03712561912,0.2054333222,-0.005998071592,-0.05084420988,0.9987065967,0.002637792114,0.999996521,0,0,1.464260272,1.548298593,-1.449895056,1.874361358,0.3955966494,-0.2164799679,-0.1188945157,-1.480947109,1.6493361,1.173811808,1.558804703,0.2251567061,0.2343798366,-0.7498443202,0.03446188723,-0.0004398161842,0.02708651417,-0.08649295516,-0.1983956337,0.07780964413,0.187946955,-0.009254089643,-2.220446049e-14,0.09117291998,0.03288087878,-0.1584613705,-0.1348743747,0.1186980765,0.006180840963,0.03686836109,0.006180840963,0.1141338646,0.1276377952,0.0008661411703,0.002362204716,4.35100076e-08
6.39,-0.3686462066,-0.03718559827,0.2049285737,-0.00599714475,-0.05084420988,0.9987065967,0.002637792114,0.999996521,0,0,1.464604891,1.548294195,-1.449624191,1.873496429,0.393612693,-0.2157018714,-0.1170150462,-1.481039649,1.6493361,1.174723537,1.559133512,0.2235720924,0.2330310929,-0.7486573395,0.03431948803,-0.0004335888776,0.02701038055,-0.08631117202,-0.1978798486,0.07760406891,0.1874198556,-0.009193701407,2.220446049e-14,0.09095021288,0.03274711286,-0.1580740113,-0.1345172464,0.118370828,0.0061768765,0.0368703112,0.0061768765,0.1141338646,0.1276377952,0.0008661411703,0.002362204716,4.351000782e-08
6.4,-0.3665996897,-0.0372455498,0.204365031,-0.005992553294,-0.05084420988,0.9987065967,0.002637792114,0.999996521,0,0,1.464948086,1.548289859,-1.449354087,1.872633317,0.3916338945,-0.2149258308,-0.1151408476,-1.481131587,1.6493361,1.175633039,1.559460983,0.2219913523,0.2316859204,-0.7474736312,0.03282621543,-0.0001083337875,0.02857481794,-0.0869952403,-0.1963129519,0.08032571257,0.1853755727,-0.007942418558,2.220446049e-14,0.08983786782,0.03294769077,-0.1580862945,-0.1325200297,0.1191198077,0.006172947307,0.0368723214,0.006172947307,0.1141338646,0.1276377952,0.0008661411703,0.002362204716,4.35100076e-08
6.41,-0.3645591009,-0.03730543719,0.2037430161,-0.005984317314,-0.05084420988,0.9987065967,0.002637792114,0.999996521,0,0,1.465276348,1.548288776,-1.449068339,1.871763365,0.389670765,-0.2141225736,-0.1132870919,-1.481211011,1.6493361,1.176531418,1.55979046,0.2204104893,0.2303607201,-0.7462824331,0.03262493337,-9.061387334e-05,0.028545932,-0.08678301431,-0.1956467431,0.08018265778,0.184686821,-0.007843717631,-4.440892099e-14,0.08952923897,0.03282291081,-0.1576287433,-0.1320292114,0.1187665235,0.006169775408,0.03687439899,0.006169775408,0.1141338646,0.1276377952,0.0008661411703,0.002362204716,4.351000737e-08
6.42,-0.3625250232,-0.03736522407,0.2030628713,-0.005972458126,-0.05084420988,0.9987065967,0.002637792114,0.999996521,0,0,1.465602597,1.54828787,-1.44878288,1.870895534,0.3877142976,-0.213320747,-0.1114402237,-1.481289448,1.6493361,1.17742671,1.560118689,0.2188342019,0.229040428,-0.7450947679,0.03247500069,-8.652315295e-05,0.02844191193,-0.08650178222,-0.1949652266,0.07989358175,0.1840055282,-0.007797657032,4.440892099e-14,0.08922992571,0.03268244573,-0.1571101657,-0.1315684402,0.1183335599,0.006166666772,0.03687653304,0.006166666772,0.1141338646,0.1276377952,0.0008661411703,0.002362204716,4.351000782e-08
6.43,-0.360498036,-0.03742487435,0.2023249582,-0.005956998276,-0.05084420988,0.9987065967,0.002637792114,0.999996521,0,0,1.465927347,1.548287005,-1.448498461,1.870030517,0.3857646453,-0.2125218112,-0.1096001684,-1.481367424,1.6493361,1.17831901,1.560445514,0.2172631002,0.2277247436,-0.7439114323,0.03232123922,-8.296631178e-05,0.02833039714,-0.08618859474,-0.1942279798,0.0795797281,0.1832720714,-0.007755229187,-2.220446049e-14,0.08890468791,0.03254009141,-0.1565489389,-0.131072177,0.1178667073,0.00616359094,0.0368787217,0.00616359094,0.1141338646,0.1276377952,0.0008661411703,0.002362204716,4.351000737e-08
6.44,-0.3584787153,-0.03748435212,0.2015296582,-0.005937961541,-0.05084420988,0.9987065967,0.002637792114,0.999996521,0,0,1.46625056,1.548286175,-1.448215157,1.869168631,0.3838223655,-0.2117260139,-0.1077674477,-1.481444977,1.6493361,1.179208056,1.560770915,0.2156976108,0.2264140218,-0.7427327652,0.03216932036,-7.940699569e-05,0.02821405869,-0.08593589068,-0.1934137868,0.07933128821,0.1825219162,-0.0076994098,0,0.08849577514,0.03225414922,-0.1559363646,-0.1304219912,0.1173992239,0.006160547032,0.03688096341,0.006160547032,0.1141338646,0.1276377952,0.0008661411703,0.002362204716,4.35100076e-08
6.45,-0.3564676328,-0.03754362174,0.2006773725,-0.005915372925,-0.05084420988,0.9987065967,0.002637792114,0.999996521,0,0,1.466572253,1.548285381,-1.447933016,1.868309272,0.3818882277,-0.2109327011,-0.1059422285,-1.481521971,1.6493361,1.180093014,1.561093456,0.2141382472,0.2251098019,-0.741558773,0.03201005121,-7.667066462e-05,0.02808870246,-0.08559227884,-0.1925585567,0.07900064747,0.1816975155,-0.007658376796,0,0.08809916734,0.03205817115,-0.1552878746,-0.1298135193,0.1168765796,0.006157535767,0.03688325644,0.006157535767,0.1141338646,0.1276377952,0.0008661411703,0.002362204716,4.35100076e-08
6.46,-0.3544653564,-0.03760264782,0.199768522,-0.005889258663,-0.05084420988,0.9987065967,0.002637792114,0.999996521,0,0,1.466892353,1.548284614,-1.447652129,1.867453349,0.3799626421,-0.2101426946,-0.1041252534,-1.481598555,1.6493361,1.180974006,1.561414038,0.2125853684,0.2238116667,-0.7403900072,0.03184510241,-7.4650784e-05,0.02795509185,-0.08518431215,-0.1916565511,0.07861355371,0.1808096344,-0.007627020171,0,0.08769801275,0.03191130377,-0.1546007148,-0.1292129374,0.1163089554,0.006154555362,0.03688559911,0.006154555362,0.1141338646,0.1276377952,0.0008661411703,0.002362204716,4.35100076e-08
6.47,-0.3524724495,-0.03766139525,0.1988035474,-0.005859646218,-0.05084420988,0.9987065967,0.002637792114,0.999996521,0,0,1.467210804,1.548283868,-1.447372578,1.866601506,0.3780460766,-0.2093565591,-0.102317157,-1.481674825,1.6493361,1.181850986,1.561733151,0.2110393613,0.2225195374,-0.7392269176,0.03167654628,-7.316259474e-05,0.02781421919,-0.08474529525,-0.1907004689,0.07820245453,0.1798713599,-0.007599174745,0,0.08727165332,0.03176269827,-0.1538718731,-0.1285779486,0.11570856,0.006151604327,0.03688798974,0.006151604327,0.1141338646,0.1276377952,0.0008661411703,0.002362204716,4.35100076e-08
6.48,-0.350489471,-0.03771982918,0.197782909,-0.005826564284,-0.05084420988,0.9987065967,0.002637792114,0.999996521,0,0,1.46752757,1.548283136,-1.447094436,1.865754053,0.3761390719,-0.2085745345,-0.1005184434,-1.481750817,1.6493361,1.182723702,1.562050778,0.2095006426,0.2212337579,-0.738069832,0.03112307241,1.508575156e-05,0.02812514221,-0.08452116369,-0.1894047714,0.07858168933,0.1784609314,-0.007240684604,0,0.08657557666,0.03170119733,-0.1532282326,-0.1274548116,0.1153890759,0.006148681713,0.03689042657,0.006148681713,0.1141338646,0.1276377952,0.0008661411703,0.002362204716,4.35100076e-08
6.49,-0.3485169752,-0.03777791507,0.1967070868,-0.005790042782,-0.05084420988,0.9987065967,0.002637792114,0.999996521,0,0,1.467838801,1.548283287,-1.446813185,1.864908841,0.3742450242,-0.2077887176,-0.09873383413,-1.481823223,1.6493361,1.183589458,1.56236779,0.2079683602,0.2199592098,-0.7369159413,0.02996671196,0.0002403582939,0.02915040632,-0.08465291495,-0.1876066389,0.08021767741,0.1763374325,-0.006360184686,2.220446049e-14,0.08546966063,0.03177764086,-0.1527420475,-0.1255836574,0.1155305098,0.006145983389,0.03689290888,0.006145983389,0.1141338646,0.1276377952,0.0008661411703,0.002362204716,4.35100076e-08
6.5,-0.3465555115,-0.03783561867,0.1955765807,-0.005750112864,-0.05084420988,0.9987065967,0.002637792114,0.999996521,0,0,1.468138468,1.54828569,-1.44652168,1.864062312,0.3723689578,-0.2069865408,-0.0969704598,-1.481886825,1.6493361,1.184444155,1.562685566,0.2064409398,0.2187033732,-0.7357606362,0.02979627728,0.0002388470924,0.02897792114,-0.08411730754,-0.1864979042,0.07971881393,0.1752604618,-0.006349696644,-6.661338148e-14,0.08497373209,0.03162195428,-0.1518864112,-0.1248564703,0.1148274762,0.006143819387,0.03689543586,0.006143819387,0.1141338646,0.1276377952,0.0008661411703,0.002362204716,4.351000737e-08
6.51,-0.3446056242,-0.03789290607,0.1943919102,-0.005706806912,-0.05084420988,0.9987065967,0.002637792114,0.999996521,0,0,1.46843643,1.548288079,-1.446231901,1.863221139,0.3705039788,-0.2061893527,-0.09521785518,-1.481950322,1.6493361,1.185293892,1.563001786,0.2049220756,0.2174548085,-0.7346123614,0.02962283583,0.0002367165832,0.02879801012,-0.0835515625,-0.1853372985,0.07919612219,0.1741355606,-0.00634289667,6.661338148e-14,0.08445367021,0.03146449086,-0.1509902078,-0.1240965128,0.1140926699,0.00614167897,0.03689800232,0.00614167897,0.1141338646,0.1276377952,0.0008661411703,0.002362204716,4.351000804e-08
6.52,-0.3426678521,-0.03794974367,0.1931536144,-0.005660158534,-0.05084420988,0.9987065967,0.002637792114,0.999996521,0,0,1.468732659,1.548290446,-1.445943921,1.862385623,0.3686506058,-0.2053973915,-0.09347649958,-1.482013751,1.6493361,1.186138429,1.563316431,0.2034121736,0.2162138434,-0.7334714347,0.02944644396,0.0002339694009,0.02861075367,-0.08295599766,-0.1841253505,0.07864987382,0.1729632797,-0.006339740923,-2.220446049e-14,0.08390970262,0.03130526514,-0.1500537862,-0.1233041083,0.1133264489,0.006139560897,0.03690060633,0.006139560897,0.1141338646,0.1276377952,0.0008661411703,0.002362204716,4.351000737e-08
6.53,-0.3407427288,-0.03800609822,0.1918622524,-0.005610202571,-0.05084420988,0.9987065967,0.002637792114,0.999996521,0,0,1.469027123,1.548292786,-1.445657814,1.861556063,0.3668093523,-0.2046108927,-0.09174686678,-1.482077149,1.6493361,1.186977526,1.563629483,0.2019116357,0.2149808023,-0.7323381702,0.0292671585,0.0002306084993,0.0284162348,-0.08233094164,-0.1828626077,0.07808034843,0.1717441858,-0.006340184368,0,0.08334206619,0.03114429239,-0.1490775115,-0.122479592,0.1125291816,0.00613746391,0.03690324592,0.00613746391,0.1141338646,0.1276377952,0.0008661411703,0.002362204716,4.35100076e-08
6.54,-0.338830782,-0.03806193682,0.1905184028,-0.005556975091,-0.05084420988,0.9987065967,0.002637792114,0.999996521,0,0,1.469319795,1.548295092,-1.445373651,1.860732754,0.3649807262,-0.2038300893,-0.09002942492,-1.48214055,1.6493361,1.187810947,1.563940926,0.2004208606,0.2137560064,-0.7312128784,0.02908503667,0.0002266371551,0.02821453909,-0.08167673379,-0.1815496369,0.07748783364,0.1704788614,-0.006344180785,0,0.08275100714,0.03098158863,-0.1480617653,-0.1216233118,0.1117012476,0.006135386743,0.03690591906,0.006135386743,0.1141338646,0.1276377952,0.0008661411703,0.002362204716,4.35100076e-08
6.55,-0.3369325337,-0.03811722694,0.189122664,-0.005500513392,-0.05084420988,0.9987065967,0.002637792114,0.999996521,0,0,1.469610645,1.548297358,-1.445091506,1.859915987,0.3631652298,-0.2030552109,-0.08832463631,-1.482203992,1.6493361,1.188638457,1.564250742,0.1989402429,0.2125397732,-0.7300958659,0.0289001361,0.0002220589723,0.02800575476,-0.08099372419,-0.1801870236,0.07687262494,0.1691679049,-0.006351682776,0,0.082136781,0.03081717062,-0.147006946,-0.1207356277,0.1108430367,0.006133328117,0.03690862368,0.006133328117,0.1141338646,0.1276377952,0.0008661411703,0.002362204716,4.35100076e-08
6.56,-0.3350484996,-0.03817193643,0.1876756542,-0.005440856002,-0.05084420988,0.9987065967,0.002637792114,0.999996521,0,0,1.469899647,1.548299579,-1.444811448,1.859106049,0.3613633596,-0.2022864847,-0.08663295726,-1.482267509,1.6493361,1.189459824,1.564558914,0.1974701735,0.211332417,-0.7289874356,0.0287125148,0.0002168778856,0.02778997255,-0.08028227365,-0.1787753724,0.07623502576,0.1678119305,-0.006362641772,0,0.08149965266,0.0306510559,-0.1459134686,-0.1198169119,0.1099549498,0.006131286745,0.0369113577,0.006131286745,0.1141338646,0.1276377952,0.0008661411703,0.002362204716,4.35100076e-08
6.57,-0.3331791894,-0.03822603354,0.1861780112,-0.005378042677,-0.05084420988,0.9987065967,0.002637792114,0.999996521,0,0,1.470186772,1.548301748,-1.444533549,1.858303227,0.3595756059,-0.2015241344,-0.08495483795,-1.482331135,1.6493361,1.190274821,1.564865424,0.1960110388,0.2101342478,-0.7278878861,0.02832045731,0.0002556016117,0.02780644297,-0.07966872788,-0.1771621864,0.07599512114,0.1661845227,-0.006202441176,0,0.08071035052,0.0305277303,-0.1448495805,-0.1186271445,0.1092033705,0.006129261329,0.03691411897,0.006129261329,0.1141338646,0.1276377952,0.0008661411703,0.002362204716,4.35100076e-08
6.58,-0.331325106,-0.0382794869,0.1846303926,-0.005312114403,-0.05084420988,0.9987065967,0.002637792114,0.999996521,0,0,1.470469976,1.548304304,-1.444255484,1.857506539,0.357803984,-0.2007641832,-0.08329299273,-1.48239316,1.6493361,1.191081924,1.565170702,0.194562543,0.2089479764,-0.7267958523,0.02703983988,0.0004893528905,0.028866287,-0.07958083019,-0.1748290599,0.07757720064,0.1635164282,-0.005278894019,0,0.07932946683,0.03059799477,-0.1440453188,-0.1163510751,0.1091518252,0.006127350588,0.03691690515,0.006127350588,0.1141338646,0.1276377952,0.0008661411703,0.002362204716,4.35100076e-08
6.59,-0.3294867459,-0.03833226559,0.1830334756,-0.005243113395,-0.05084420988,0.9987065967,0.002637792114,0.999996521,0,0,1.470740375,1.548309197,-1.443966821,1.856710731,0.3560556934,-0.1999884112,-0.08165782844,-1.482445949,1.6493361,1.191875219,1.565476682,0.1931220898,0.2077844656,-0.7257043341,0.02685624857,0.0004801401775,0.02861618506,-0.07877927886,-0.1732833657,0.0768506843,0.1620425235,-0.00530981377,-2.220446049e-14,0.07863220362,0.03042429216,-0.1428339315,-0.1153549278,0.1081674192,0.006125993491,0.03691971272,0.006125993491,0.1141338646,0.1276377952,0.0008661411703,0.002362204716,4.35100076e-08
6.6,-0.3276645985,-0.03838433907,0.1813879573,-0.005171083098,-0.05084420988,0.9987065967,0.002637792114,0.999996521,0,0,1.471008937,1.548313999,-1.443680659,1.855922938,0.3543228597,-0.1992199044,-0.08003740321,-1.482499047,1.6493361,1.192661541,1.565780925,0.1916937505,0.2066309164,-0.7246226599,0.02667049392,0.0004702599589,0.02835908738,-0.07795062367,-0.1716914768,0.07610236475,0.160526578,-0.005344275677,2.220446049e-14,0.07791342342,0.03024889952,-0.1415856274,-0.1143297732,0.1071545619,0.006124644423,0.03692254,0.006124644423,0.1141338646,0.1276377952,0.0008661411703,0.002362204716,4.351000782e-08
6.61,-0.3258591463,-0.0384356773,0.1796945544,-0.005096068185,-0.05084420988,0.9987065967,0.002637792114,0.999996521,0,0,1.471275642,1.548318701,-1.443397069,1.855143432,0.352605945,-0.1984588807,-0.07843213743,-1.48255249,1.6493361,1.193440675,1.566083414,0.1902778942,0.2054876186,-0.7235511143,0.02648262972,0.0004597186724,0.02809510414,-0.07709528202,-0.1700540879,0.07533259508,0.1589692776,-0.005382220924,2.220446049e-14,0.07717343536,0.03007183942,-0.1403009083,-0.1132760393,0.1061137109,0.006123301848,0.03692538477,0.006123301848,0.1141338646,0.1276377952,0.0008661411703,0.002362204716,4.35100076e-08
6.62,-0.3240708646,-0.03848625064,0.1779540034,-0.00501811456,-0.05084420988,0.9987065967,0.002637792114,0.999996521,0,0,1.471540468,1.548323298,-1.443116118,1.854372479,0.3509054041,-0.1977055548,-0.07684244465,-1.482606312,1.6493361,1.19421241,1.566384132,0.1888748851,0.2043548582,-0.7224899772,0.02629270993,0.0004485231564,0.02782434822,-0.07621368204,-0.1683719129,0.07454173643,0.1573713233,-0.00542358944,-2.220446049e-14,0.0764125579,0.02989313523,-0.1389802933,-0.1121941665,0.1050453343,0.006121964225,0.0369282448,0.006121964225,0.1141338646,0.1276377952,0.0008661411703,0.002362204716,4.351000737e-08
6.63,-0.3223002209,-0.03853602995,0.1761670604,-0.004937269355,-0.05084420988,0.9987065967,0.002637792114,0.999996521,0,0,1.471803395,1.548327784,-1.442837874,1.853610342,0.349221685,-0.1969601374,-0.07526873142,-1.482660548,1.6493361,1.194976535,1.566683063,0.1874850822,0.2032329166,-0.7214395238,0.0261007886,0.0004366806532,0.02754693515,-0.07530626261,-0.1666456843,0.07373015796,0.1557334316,-0.005468319901,0,0.07563111883,0.02971281112,-0.1376243184,-0.1110846073,0.1039499109,0.006120630016,0.03693111781,0.006120630016,0.1141338646,0.1276377952,0.0008661411703,0.002362204716,4.35100076e-08
6.64,-0.3205476754,-0.03858498655,0.1743345014,-0.004853580931,-0.05084420988,0.9987065967,0.002637792114,0.999996521,0,0,1.472064403,1.54833215,-1.442562405,1.85285728,0.3475552281,-0.1962228358,-0.0737113971,-1.482715231,1.6493361,1.195732847,1.566980191,0.186108839,0.2021220705,-0.7204000247,0.0259069199,0.0004241988101,0.0272629832,-0.07437347336,-0.1648761537,0.07289823684,0.1540563341,-0.005516349741,0,0.07482945531,0.02953089206,-0.1362335367,-0.1099478263,0.1028279298,0.006119297681,0.03693400153,0.006119297681,0.1141338646,0.1276377952,0.0008661411703,0.002362204716,4.35100076e-08
6.65,-0.3188136803,-0.03863309226,0.172457122,-0.00476709888,-0.05084420988,0.9987065967,0.002637792114,0.999996521,0,0,1.472323473,1.548336392,-1.442289775,1.852113545,0.3459064666,-0.1954938534,-0.07217083376,-1.482770395,1.6493361,1.196481141,1.5672755,0.1847465036,0.2010225922,-0.7193717454,0.02571115809,0.0004110856835,0.02697261327,-0.07341577466,-0.1630640915,0.07204635822,0.1523407777,-0.005567615145,0,0.07400791381,0.02934740381,-0.1348085184,-0.1087843005,0.1016798908,0.006117965683,0.03693689365,0.006117965683,0.1141338646,0.1276377952,0.0008661411703,0.002362204716,4.35100076e-08
6.66,-0.3170986796,-0.03868031939,0.1705357376,-0.004677874022,-0.05084420988,0.9987065967,0.002637792114,0.999996521,0,0,1.472580584,1.548340503,-1.442020049,1.851379387,0.3442758257,-0.1947733899,-0.07064742599,-1.482826071,1.6493361,1.19722122,1.567568974,0.1833984185,0.1999347492,-0.7183549465,0.02551355749,0.0003973497395,0.02667594895,-0.0724336376,-0.1612102871,0.07117491522,0.1505875245,-0.005622051063,0,0.07316685021,0.02916237292,-0.1333498509,-0.1075945188,0.1005063044,0.006116632491,0.03693979187,0.006116632491,0.1141338646,0.1276377952,0.0008661411703,0.002362204716,4.35100076e-08
6.67,-0.3154031094,-0.03872664077,0.1685711831,-0.004585958407,-0.05084420988,0.9987065967,0.002637792114,0.999996521,0,0,1.47283572,1.548344477,-1.441753289,1.850655051,0.3426637228,-0.1940616407,-0.06914155074,-1.482882291,1.6493361,1.197952889,1.567860598,0.1820649199,0.1988588041,-0.7173498835,0.02500835993,0.0004476401265,0.02673041554,-0.0716124107,-0.1590815928,0.07090468663,0.1484484309,-0.005417722669,0,0.07210966013,0.02903882077,-0.131962025,-0.1060138823,0.09955881075,0.006115296576,0.03694269387,0.006115296576,0.1141338646,0.1276377952,0.0008661411703,0.002362204716,4.35100076e-08
6.68,-0.313727397,-0.03877202976,0.1665643135,-0.004491405312,-0.05084420988,0.9987065967,0.002637792114,0.999996521,0,0,1.473085803,1.548348953,-1.441485985,1.849938927,0.3410729069,-0.1933525938,-0.06765706643,-1.482936468,1.6493361,1.198673985,1.568150986,0.1807452997,0.1977986652,-0.7163542954,0.02394141157,0.0006159496123,0.02743316168,-0.07110647178,-0.1564844879,0.07175224899,0.1456342052,-0.004736712912,0,0.07067271259,0.02902916125,-0.1307317827,-0.1037390297,0.09904705021,0.006114100943,0.03694559588,0.006114100943,0.1141338646,0.1276377952,0.0008661411703,0.002362204716,4.35100076e-08
6.69,-0.3120719613,-0.03881646026,0.1645160032,-0.004394269247,-0.05084420988,0.9987065967,0.002637792114,0.999996521,0,0,1.473325217,1.548355113,-1.441211653,1.849227862,0.339508062,-0.1926350714,-0.06620072438,-1.482983836,1.6493361,1.199380712,1.568441278,0.1794379819,0.1967612749,-0.7153638249,0.02375361334,0.0005976143209,0.0271008863,-0.07004521713,-0.15452205,0.07079486352,0.1437896272,-0.004812836032,2.220446049e-14,0.06978455009,0.02883661469,-0.12917041,-0.1024908505,0.09778823428,0.006113309933,0.03694849244,0.006113309933,0.1141338646,0.1276377952,0.0008661411703,0.002362204716,4.35100076e-08
6.7,-0.3104372121,-0.03885990672,0.1624271465,-0.004294605949,-0.05084420988,0.9987065967,0.002637792114,0.999996521,0,0,1.473562754,1.548361089,-1.440940645,1.84852741,0.3379628415,-0.1919271227,-0.06476282811,-1.483031964,1.6493361,1.200078558,1.568729644,0.1781462778,0.1957363664,-0.7143859425,0.0235644591,0.0005786173784,0.02676252711,-0.06896133787,-0.1525214086,0.06981898889,0.1419108577,-0.004892098019,-2.220446049e-14,0.068878576,0.02864258341,-0.1275778392,-0.1012188418,0.09650576945,0.006112506407,0.03695138507,0.006112506407,0.1141338646,0.1276377952,0.0008661411703,0.002362204716,4.351000737e-08
6.71,-0.3088235505,-0.03890234415,0.1602986572,-0.004192472385,-0.05084420988,0.9987065967,0.002637792114,0.999996521,0,0,1.473798398,1.548366875,-1.440673019,1.847837797,0.3364376274,-0.1912289328,-0.06334371953,-1.483080885,1.6493361,1.200767344,1.56901607,0.1768704994,0.194724178,-0.7134208848,0.02337399664,0.0005589704933,0.02641822898,-0.06785536255,-0.1504834423,0.0688250712,0.1399987267,-0.004974422027,0,0.06795518903,0.02844709938,-0.125954746,-0.09992354577,0.09520022368,0.006111688662,0.03695427149,0.006111688662,0.1141338646,0.1276377952,0.0008661411703,0.002362204716,4.35100076e-08
6.72,-0.307231368,-0.03894374813,0.1581314693,-0.00408792675,-0.05084420988,0.9987065967,0.002637792114,0.999996521,0,0,1.474032138,1.548372465,-1.440408837,1.847159243,0.334932793,-0.1905406821,-0.06194373226,-1.483130629,1.6493361,1.201446896,1.569300541,0.1756109519,0.1937249426,-0.7124688826,0.02318227372,0.000538685855,0.02606813955,-0.06672783056,-0.1484090486,0.06781356475,0.138054079,-0.005059729865,0,0.06701479715,0.02825019537,-0.1243018239,-0.0986055169,0.09387217558,0.006110855008,0.03695714938,0.006110855008,0.1141338646,0.1276377952,0.0008661411703,0.002362204716,4.35100076e-08
6.73,-0.3056610469,-0.03898409484,0.1559265359,-0.003981028471,-0.05084420988,0.9987065967,0.002637792114,0.999996521,0,0,1.474263961,1.548377852,-1.440148156,1.846491965,0.3334487025,-0.1898625465,-0.06056319147,-1.483181226,1.6493361,1.202117044,1.569583043,0.1743679337,0.1927388874,-0.7115301608,0.02298933802,0.0005177761351,0.02571240925,-0.06557929209,-0.1462991441,0.06678493205,0.1360777746,-0.005147941996,2.220446049e-14,0.06605781761,0.028051905,-0.1226197831,-0.09726532157,0.09252221436,0.006110003769,0.03696001646,0.006110003769,0.1141338646,0.1276377952,0.0008661411703,0.002362204716,4.35100076e-08
6.74,-0.3041129598,-0.03902336106,0.1536848303,-0.003871838201,-0.05084420988,0.9987065967,0.002637792114,0.999996521,0,0,1.474493854,1.548383029,-1.439891032,1.845836172,0.3319857111,-0.1891946971,-0.05920241373,-1.483232706,1.6493361,1.202777622,1.569863562,0.1731417358,0.1917662342,-0.7106049387,0.02279523715,0.0004962544869,0.02535119131,-0.06441030814,-0.144154664,0.06573964384,0.1340706883,-0.00523897754,-2.220446049e-14,0.06508467693,0.02785226271,-0.1209093514,-0.0959035382,0.09115093987,0.006109133293,0.03696287045,0.006109133293,0.1141338646,0.1276377952,0.0008661411703,0.002362204716,4.351000737e-08
6.75,-0.3025874696,-0.03906152417,0.1514073453,-0.003760417824,-0.05084420988,0.9987065967,0.002637792114,0.999996521,0,0,1.474721807,1.548387992,-1.43963752,1.845192069,0.3305441644,-0.1885373007,-0.05786170684,-1.483285096,1.6493361,1.203428469,1.570142085,0.1719326423,0.1908071988,-0.7096934293,0.02260001866,0.0004741345447,0.02498464171,-0.06322145053,-0.1419765623,0.06467817904,0.13203371,-0.005332754272,0,0.06409581094,0.02765130379,-0.1191712738,-0.09452075724,0.08975896254,0.006108241942,0.03696570907,0.006108241942,0.1141338646,0.1276377952,0.0008661411703,0.002362204716,4.35100076e-08
6.76,-0.3010849288,-0.03909856219,0.1490950935,-0.003646830455,-0.05084420988,0.9987065967,0.002637792114,0.999996521,0,0,1.474947807,1.548392733,-1.439387673,1.844559854,0.3291243988,-0.1878905189,-0.05654136974,-1.483338423,1.6493361,1.204069427,1.570418598,0.1707409296,0.1898619912,-0.7087958397,0.02240373007,0.0004514304237,0.02461291927,-0.06201330188,-0.1397658122,0.06360102482,0.1299677445,-0.005429188618,0,0.06309166471,0.02744906432,-0.1174063123,-0.09311758115,0.08834690347,0.006107328104,0.03696853005,0.006107328104,0.1141338646,0.1276377952,0.0008661411703,0.002362204716,4.35100076e-08
6.77,-0.2996056802,-0.03913445377,0.1467491071,-0.003531140435,-0.05084420988,0.9987065967,0.002637792114,0.999996521,0,0,1.475171844,1.548397247,-1.439141544,1.843939721,0.3277267407,-0.1872545087,-0.0552416923,-1.483392715,1.6493361,1.204700343,1.570693088,0.1695668665,0.1889308154,-0.7079123706,0.0222064188,0.0004281567182,0.02423618556,-0.06078645564,-0.1375234054,0.06250867655,0.1278737116,-0.005528195659,0,0.06207269262,0.02724558125,-0.1156152464,-0.09169462441,0.08691539435,0.006106390189,0.03697133117,0.006106390189,0.1141338646,0.1276377952,0.0008661411703,0.002362204716,4.35100076e-08
6.78,-0.2981500556,-0.03916917821,0.1443704383,-0.003413413335,-0.05084420988,0.9987065967,0.002637792114,0.999996521,0,0,1.475393908,1.548401529,-1.438899182,1.843331857,0.3263515066,-0.1866294219,-0.05396295518,-1.483447997,1.6493361,1.20532107,1.570965544,0.168410714,0.1880138692,-0.7070432167,0.02200813226,0.0004043285008,0.02385460496,-0.05954151607,-0.1352503528,0.06140163784,0.1257525461,-0.005629689126,0,0.06103935829,0.02704089234,-0.1137988727,-0.0902525135,0.08546507755,0.006105426633,0.0369741102,0.006105426633,0.1141338646,0.1276377952,0.0008661411703,0.002362204716,4.35100076e-08
6.79,-0.2967183768,-0.03920271547,0.1419601588,-0.003293715959,-0.05084420988,0.9987065967,0.002637792114,0.999996521,0,0,1.47561399,1.548405572,-1.438660636,1.842736441,0.3249990031,-0.1860154055,-0.05270542972,-1.483504294,1.6493361,1.205931464,1.571235953,0.1672727253,0.187111344,-0.7061885659,0.02081174658,0.0005830876548,0.02461798155,-0.05886103504,-0.1321813801,0.06225042715,0.1224557633,-0.004889963968,0,0.05934971651,0.02702649299,-0.1122997648,-0.08759947675,0.08481347439,0.006104435897,0.03697686493,0.006104435897,0.1141338646,0.1276377952,0.0008661411703,0.002362204716,4.35100076e-08
6.8,-0.2953109542,-0.03923504619,0.1395193599,-0.003172116334,-0.05084420988,0.9987065967,0.002637792114,0.999996521,0,0,1.475822107,1.548411403,-1.438414456,1.842147831,0.3236771893,-0.1853929013,-0.05148087209,-1.483553194,1.6493361,1.206524961,1.571506218,0.1661497276,0.1862353493,-0.7053404312,0.02062061689,0.0005565513914,0.02421690422,-0.05757666666,-0.1298571713,0.06109823327,0.1202935151,-0.005003614674,0,0.05829459815,0.02681775306,-0.1104318864,-0.0861313707,0.08332038133,0.006103869374,0.03697958456,0.006103869374,0.1141338646,0.1276377952,0.0008661411703,0.002362204716,4.35100076e-08
6.81,-0.2939280876,-0.03926615169,0.137049153,-0.003048683723,-0.05084420988,0.9987065967,0.002637792114,0.999996521,0,0,1.476028313,1.548416969,-1.438172287,1.841572064,0.3223786176,-0.1847819189,-0.05027793694,-1.48360323,1.6493361,1.207107907,1.571774395,0.1650454088,0.1853740355,-0.7045072274,0.02043761935,0.0005276676628,0.02380115129,-0.05627083961,-0.1275123404,0.05991516498,0.1181173646,-0.005127080876,2.220446049e-14,0.05723236145,0.02660620697,-0.1085381426,-0.08465681024,0.08180310975,0.006103269658,0.03698227508,0.006103269658,0.1141338646,0.1276377952,0.0008661411703,0.002362204716,4.35100076e-08
6.82,-0.2925700654,-0.03929601399,0.1345506688,-0.002923488612,-0.05084420988,0.9987065967,0.002637792114,0.999996521,0,0,1.476232689,1.548422245,-1.437934276,1.841009356,0.3211034942,-0.1841827673,-0.04909676329,-1.4836545,1.6493361,1.207680231,1.572040458,0.1639600273,0.1845274674,-0.7036891963,0.02025401767,0.0004982419705,0.02338102486,-0.05494932696,-0.1251412231,0.05871911029,0.1159181823,-0.005252840374,0,0.05615784928,0.02639358239,-0.10662241,-0.08316596778,0.08026953929,0.006102631161,0.03698493447,0.006102631161,0.1141338646,0.1276377952,0.0008661411703,0.002362204716,4.351000737e-08
6.83,-0.2912371646,-0.03932461582,0.1320250582,-0.002796602722,-0.05084420988,0.9987065967,0.002637792114,0.999996521,0,0,1.47643523,1.548427228,-1.437700466,1.840459863,0.3198520819,-0.1835955762,-0.04793758147,-1.483707029,1.6493361,1.208241809,1.572304393,0.1628938032,0.1836958078,-0.7028865009,0.020069851,0.0004682935497,0.02295671269,-0.05361279201,-0.1227449183,0.05751063055,0.1136969689,-0.005380793112,-2.220446049e-14,0.05507156607,0.02617992271,-0.1046855733,-0.08165951982,0.07872037255,0.006101952318,0.03698756069,0.006101952318,0.1141338646,0.1276377952,0.0008661411703,0.002362204716,4.351000737e-08
6.84,-0.2899296507,-0.03935194065,0.1294734913,-0.002668098998,-0.05084420988,0.9987065967,0.002637792114,0.999996521,0,0,1.476635928,1.548431911,-1.437470898,1.839923735,0.3186246328,-0.1830204699,-0.04680061178,-1.483760837,1.6493361,1.208792525,1.572566193,0.1618469475,0.1828792126,-0.7020992971,0.01988515846,0.0004378421502,0.02252840554,-0.05226190896,-0.1203245437,0.05629029574,0.1114547404,-0.005510837548,0,0.05397402532,0.02596527219,-0.1027285343,-0.08013815465,0.07715632303,0.0061012316,0.0369901517,0.0061012316,0.1141338646,0.1276377952,0.0008661411703,0.002362204716,4.35100076e-08
6.85,-0.2886477774,-0.03937797266,0.1268971583,-0.002538051619,-0.05084420988,0.9987065967,0.002637792114,0.999996521,0,0,1.47683478,1.548436289,-1.437245614,1.839401116,0.3174213873,-0.1824575669,-0.04568606438,-1.483815945,1.6493361,1.209332265,1.572825845,0.1608196622,0.182077831,-0.7013277339,0.01969997905,0.0004069080318,0.02209629707,-0.05089736298,-0.1178812358,0.05505868442,0.1091925276,-0.00564287065,0,0.05286574962,0.02574967591,-0.1007522116,-0.07860257233,0.07557811509,0.006100467523,0.03699270552,0.006100467523,0.1141338646,0.1276377952,0.0008661411703,0.002362204716,4.35100076e-08
6.86,-0.2873917861,-0.03940269679,0.124297269,-0.00240653599,-0.05084420988,0.9987065967,0.002637792114,0.999996521,0,0,1.47703178,1.548440358,-1.437024651,1.838892142,0.316242575,-0.1819069801,-0.0445941391,-1.483872374,1.6493361,1.209860922,1.573083342,0.1598121401,0.1812918053,-0.7005719528,0.01951435177,0.0003755119597,0.02166058392,-0.04951985019,-0.1154161499,0.05381638384,0.1069113768,-0.005776787895,0,0.05174727065,0.02553317976,-0.09875754088,-0.07705348474,0.07398648402,0.006099658644,0.0369952202,0.006099658644,0.1141338646,0.1276377952,0.0008661411703,0.002362204716,4.35100076e-08
6.87,-0.2861619064,-0.03942609874,0.121675053,-0.002273628747,-0.05084420988,0.9987065967,0.002637792114,0.999996521,0,0,1.477226923,1.548444113,-1.436808046,1.838396944,0.3150884135,-0.1813688162,-0.04352502533,-1.483930142,1.6493361,1.210378395,1.573338674,0.1588245646,0.1805212705,-0.6998320879,0.01932831556,0.0003436752,0.02122146568,-0.04813007766,-0.1129304601,0.05256398989,0.1046123493,-0.005912483254,0,0.05061912914,0.02531583048,-0.09674547455,-0.07549161551,0.07238217606,0.006098803565,0.03699769384,0.006098803565,0.1141338646,0.1276377952,0.0008661411703,0.002362204716,4.35100076e-08
6.88,-0.2849583553,-0.03944816498,0.1190317594,-0.002139407754,-0.05084420988,0.9987065967,0.002637792114,0.999996521,0,0,1.477420206,1.54844755,-1.436595831,1.837915643,0.3139591089,-0.1808431763,-0.04247890184,-1.483989267,1.6493361,1.210884586,1.573591832,0.1578571099,0.1797663543,-0.6991082662,0.01914190936,0.000311419514,0.02077914492,-0.04672876344,-0.1104253592,0.05130210717,0.1022965218,-0.006049849195,0,0.0494818749,0.02509767563,-0.0947169819,-0.07391770004,0.07076594842,0.006097900939,0.03700012457,0.006097900939,0.1141338646,0.1276377952,0.0008661411703,0.002362204716,4.35100076e-08
6.89,-0.2837813373,-0.03946888278,0.1163686572,-0.002003952107,-0.05084420988,0.9987065967,0.002637792114,0.999996521,0,0,1.477611625,1.548450664,-1.436388039,1.837448355,0.3128548553,-0.1803301553,-0.04145593662,-1.484049765,1.6493361,1.211379405,1.573842809,0.1569099401,0.1790271773,-0.6984006067,0.01895517213,0.0002787671525,0.02033382718,-0.04531663655,-0.1079020589,0.05003134901,0.09996498606,-0.006188776672,0,0.04833606672,0.02487876357,-0.09267304893,-0.07233248549,0.06913856934,0.006096949462,0.03700251058,0.006096949462,0.1141338646,0.1276377952,0.0008661411703,0.002362204716,4.35100076e-08
6.9,-0.2826310439,-0.03948824018,0.1136870352,-0.001867342127,-0.05084420988,0.9987065967,0.002637792114,0.999996521,0,0,1.477801177,1.548453452,-1.436184701,1.836995189,0.3117758347,-0.1798298418,-0.04045628676,-1.484111653,1.6493361,1.211862766,1.574091597,0.1559832096,0.1783038524,-0.697709221,0.01876814286,0.00024574085,0.01988572098,-0.04389443702,-0.1053617896,0.04875233748,0.09761884952,-0.006329155119,0,0.04718227246,0.02465914351,-0.09061467833,-0.07073673077,0.06750081806,0.006095947886,0.0370048501,0.006095947886,0.1141338646,0.1276377952,0.0008661411703,0.002362204716,4.35100076e-08
6.91,-0.2815076539,-0.03950622605,0.1109882017,-0.001729659368,-0.05084420988,0.9987065967,0.002637792114,0.999996521,0,0,1.477988858,1.548455909,-1.435985844,1.836556244,0.3107222168,-0.1793423184,-0.03948009826,-1.484174944,1.6493361,1.212334589,1.574338188,0.1550770628,0.1775964851,-0.6970342128,0.01858086061,0.0002123638187,0.01943503785,-0.04246291586,-0.1028058004,0.04746570346,0.09525923491,-0.006470872443,0,0.04602106895,0.02443886544,-0.0885428894,-0.06913120653,0.06585348495,0.006094895011,0.03700714141,0.006094895011,0.1141338646,0.1276377952,0.0008661411703,0.002362204716,4.35100076e-08
6.92,-0.2804113328,-0.03952283007,0.1082734848,-0.001590986612,-0.05084420988,0.9987065967,0.002637792114,0.999996521,0,0,1.478174667,1.548458033,-1.435791494,1.836131615,0.3096941588,-0.1788676614,-0.03852750592,-1.484239653,1.6493361,1.212794799,1.574582577,0.1541916339,0.1769051731,-0.696375678,0.01839336453,0.0001786597409,0.0189819923,-0.04102283511,-0.1002353594,0.04617208662,0.0928872805,-0.006613815014,-2.220446049e-14,0.044853042,0.0242179802,-0.08645871799,-0.06751669515,0.06419737145,0.006093789693,0.03700938285,0.006093789693,0.1141338646,0.1276377952,0.0008661411703,0.002362204716,4.35100076e-08
6.93,-0.2793422327,-0.03953804276,0.1055442325,-0.001451407869,-0.05084420988,0.9987065967,0.002637792114,0.999996521,0,0,1.478358601,1.54845982,-1.435601674,1.835721387,0.3086918052,-0.1784059405,-0.03759863311,-1.484305791,1.6493361,1.21324333,1.574824756,0.1533270467,0.1762300061,-0.6957337042,0.01751919307,0.0002783619065,0.01930761708,-0.03996316635,-0.09712316917,0.04619389844,0.08970573064,-0.006182758513,4.440892099e-14,0.04323499947,0.02412024036,-0.08460193178,-0.06507097191,0.06309528302,0.006092630843,0.03701157281,0.006092630843,0.1141338646,0.1276377952,0.0008661411703,0.002362204716,4.351000782e-08
6.94,-0.2783004921,-0.03955185549,0.1028018124,-0.001311008381,-0.05084420988,0.9987065967,0.002637792114,0.999996521,0,0,1.478533793,1.548462603,-1.435408597,1.835321755,0.3077205735,-0.1779440015,-0.0367015758,-1.484367619,1.6493361,1.21367568,1.575065959,0.1524810274,0.1755792964,-0.6951027514,0.01728678317,0.0002528278399,0.01890124166,-0.03853355596,-0.09449339851,0.04497425809,0.0872606901,-0.006290399859,0,0.04202622354,0.02390633662,-0.08251161823,-0.06338731218,0.06146065258,0.006091713843,0.03701370122,0.006091713843,0.1141338646,0.1276377952,0.0008661411703,0.002362204716,4.351000737e-08
6.95,-0.2772862357,-0.03956426048,0.1000476116,-0.001169874618,-0.05084420988,0.9987065967,0.002637792114,0.999996521,0,0,1.47870666,1.548465132,-1.435219585,1.83493642,0.3067756395,-0.1774942589,-0.0358289689,-1.484430523,1.6493361,1.214095942,1.575305022,0.1516559112,0.1749454233,-0.6944881449,0.01711881897,0.0002144591965,0.01841975607,-0.03706123572,-0.09190278063,0.04362532376,0.08488188216,-0.006452991432,-2.220446049e-14,0.04085416809,0.02368035277,-0.08038969564,-0.0617744744,0.05976686413,0.006090761032,0.03701577426,0.006090761032,0.1141338646,0.1276377952,0.0008661411703,0.002362204716,4.351000737e-08
6.96,-0.2762995744,-0.03957525082,0.09728303732,-0.001028094278,-0.05084420988,0.9987065967,0.002637792114,0.999996521,0,0,1.478877849,1.548467276,-1.435035388,1.834565807,0.3058566117,-0.1770580057,-0.03498015008,-1.484495053,1.6493361,1.214504484,1.575541826,0.1508520143,0.1743276785,-0.6938904762,0.01695085746,0.0001758380348,0.01793672833,-0.03558347366,-0.08930300714,0.04227191897,0.08249551395,-0.006616395171,-2.220446049e-14,0.03967777246,0.02345396189,-0.07825969029,-0.06015598582,0.05806754844,0.006089743587,0.03701779131,0.006089743587,0.1141338646,0.1276377952,0.0008661411703,0.002362204716,4.35100076e-08
6.97,-0.2753406048,-0.0395848205,0.09450951623,-0.0008857562897,-0.05084420988,0.9987065967,0.002637792114,0.999996521,0,0,1.479047357,1.548469035,-1.43485602,1.834209973,0.3049635816,-0.1766352865,-0.03415519494,-1.484561217,1.6493361,1.214901261,1.575776365,0.1500694174,0.1737261187,-0.6933098008,0.01678292883,0.0001369927637,0.01745239942,-0.034101093,-0.08669543249,0.04091474805,0.08010279088,-0.006780481029,2.220446049e-14,0.03849766012,0.02322722061,-0.07612272249,-0.05853267459,0.05636357199,0.00608866057,0.03701975101,0.00608866057,0.1141338646,0.1276377952,0.0008661411703,0.002362204716,4.351000782e-08
6.98,-0.2744094091,-0.03959296439,0.09172849482,-0.0007429508113,-0.05084420988,0.9987065967,0.002637792114,0.999996521,0,0,1.479215186,1.548470404,-1.434681496,1.833868962,0.3040966273,-0.176226139,-0.03335416703,-1.484629022,1.6493361,1.215286238,1.576008638,0.1493081901,0.1731407919,-0.692746165,0.01661506336,9.795226088e-05,0.01696701354,-0.03261492815,-0.08408142979,0.03955452466,0.07770493423,-0.006945117252,0,0.03731446329,0.02300018638,-0.07397992863,-0.05690538035,0.05465581278,0.00608751111,0.0370216521,0.00608751111,0.1141338646,0.1276377952,0.0008661411703,0.002362204716,4.35100076e-08
6.99,-0.273506055,-0.03959967827,0.08894143928,-0.0005997692296,-0.05084420988,0.9987065967,0.002637792114,0.999996521,0,0,1.479381337,1.548471384,-1.434511826,1.833542812,0.303255813,-0.1758305938,-0.03257711769,-1.484698473,1.6493361,1.215659383,1.576238639,0.1485683909,0.1725717381,-0.6921996069,0.01644729155,5.874586269e-05,0.01648081811,-0.03112582471,-0.08146239079,0.03819197184,0.0753031812,-0.007110170369,0,0.03612882291,0.02277291743,-0.0718324611,-0.05527495419,0.05294516037,0.006086294409,0.03702349335,0.006086294409,0.1141338646,0.1276377952,0.0008661411703,0.002362204716,4.35100076e-08
7,-0.2726305955,-0.03960495883,0.08614983554,-0.000456304161,-0.05084420988,0.9987065967,0.002637792114,0.999996521,0,0,1.47954581,1.548471971,-1.434347018,1.833231554,0.3024411891,-0.1754486741,-0.03182408588,-1.484769574,1.6493361,1.216020671,1.576466369,0.1478500662,0.1720189886,-0.6916701553,0.01627964412,1.940335375e-05,0.01599406377,-0.02963463948,-0.07883972589,0.03682782203,0.07289878504,-0.007275505186,0,0.03494138861,0.02254547281,-0.06968148819,-0.05364225863,0.05123251591,0.00608500974,0.03702527362,0.00608500974,0.1141338646,0.1276377952,0.0008661411703,0.002362204716,4.35100076e-08
7.01,-0.2717830684,-0.03960880372,0.08335518922,-0.000312649451,-0.05084420988,0.9987065967,0.002637792114,0.999996521,0,0,1.479708606,1.548472165,-1.434187077,1.832935208,0.3016527918,-0.1750803958,-0.03109509803,-1.484842329,1.6493361,1.216370085,1.576691823,0.1471532514,0.171482566,-0.6911578301,0.01611215203,-2.004504356e-05,0.01550700442,-0.02814224052,-0.07621486411,0.03546281716,0.07049301512,-0.00744098477,0,0.03375281872,0.02231791235,-0.06752819398,-0.05200816766,0.04951879224,0.00608365645,0.03702699183,0.00608365645,0.1141338646,0.1276377952,0.0008661411703,0.002362204716,4.35100076e-08
7.02,-0.2709634967,-0.0396112115,0.0805590257,-0.0001689001746,-0.05084420988,0.9987065967,0.002637792114,0.999996521,0,0,1.479869728,1.548471965,-1.434032007,1.832653785,0.3008906432,-0.1747257677,-0.03039016788,-1.484916739,1.6493361,1.216707613,1.576915002,0.1464779694,0.1709624843,-0.6906626422,0.01594484654,-5.956868006e-05,0.01501989721,-0.0266495071,-0.07358925309,0.03409770863,0.06808715701,-0.00760647044,-2.220446049e-14,0.03256378018,0.0220902967,-0.0653737783,-0.05037356665,0.04780491391,0.00608223396,0.03702864698,0.00608223396,0.1141338646,0.1276377952,0.0008661411703,0.002362204716,4.35100076e-08
7.03,-0.2701718878,-0.03961218173,0.07776289006,-2.515263594e-05,-0.05084420988,0.9987065967,0.002637792114,0.999996521,0,0,1.480029176,1.548471369,-1.433881808,1.83238729,0.3001547507,-0.1743847906,-0.02970929631,-1.484992804,1.6493361,1.217033251,1.577135905,0.1458242316,0.1704587487,-0.6901845931,0.01577775923,-9.913649071e-05,0.01453300259,-0.02515732977,-0.07096435911,0.03273325745,0.06568251262,-0.007771821757,0,0.03137494857,0.02186268728,-0.06321945653,-0.0487393524,0.04609181722,0.006080741771,0.03703023812,0.006080741771,0.1141338646,0.1276377952,0.0008661411703,0.002362204716,4.351000782e-08
7.04,-0.2694082336,-0.03961171489,0.07496834711,0.0001184956314,-0.05084420988,0.9987065967,0.002637792114,0.999996521,0,0,1.480186954,1.548470378,-1.433736478,1.832135717,0.2994451071,-0.174057458,-0.02905247118,-1.485070522,1.6493361,1.217347,1.577354532,0.1451920371,0.1699713551,-0.6897236749,0.01561092206,-0.0001387170062,0.01404658426,-0.02366661035,-0.06834166701,0.03137023419,0.06328040029,-0.007936896511,2.220446049e-14,0.03018700808,0.0216351463,-0.06106645962,-0.04710643308,0.04438045033,0.006079179457,0.03703176439,0.006079179457,0.1141338646,0.1276377952,0.0008661411703,0.002362204716,4.351000782e-08
7.05,-0.2686725103,-0.03960981247,0.07217698138,0.0002619458645,-0.05084420988,0.9987065967,0.002637792114,0.999996521,0,0,1.480343063,1.548468991,-1.433596012,1.831899051,0.2987616904,-0.1737437557,-0.02841966718,-1.485149891,1.6493361,1.21764887,1.577570884,0.1445813725,0.1695002908,-0.6892798704,0.01544436737,-0.0001782783642,0.01356090927,-0.02217826198,-0.06572268027,0.0300094191,0.06088215485,-0.008101550708,0,0.02900065144,0.02140773674,-0.05891603387,-0.04547572824,0.04267177324,0.006077546673,0.03703322502,0.006077546673,0.1141338646,0.1276377952,0.0008661411703,0.002362204716,4.35100076e-08
7.06,-0.2679646781,-0.03960647696,0.06939039712,0.0004050980715,-0.05084420988,0.9987065967,0.002637792114,0.999996521,0,0,1.480497507,1.548467208,-1.433460403,1.831677268,0.2981044636,-0.1734436615,-0.02781084563,-1.485230907,1.6493361,1.217938877,1.577784961,0.1439922121,0.1690455335,-0.6888531527,0.01527812797,-0.0002177883216,0.01307624795,-0.02069320908,-0.06310892093,0.02865160214,0.05848912779,-0.008265638561,0,0.02781657993,0.02118052236,-0.05676944093,-0.0438481688,0.04096675793,0.006075843155,0.03703461929,0.006075843155,0.1141338646,0.1276377952,0.0008661411703,0.002362204716,4.35100076e-08
7.07,-0.267284681,-0.03960171184,0.06661021832,0.0005478510308,-0.05084420988,0.9987065967,0.002637792114,0.999996521,0,0,1.480650288,1.54846503,-1.433329641,1.831470336,0.2974733744,-0.1731571454,-0.02722595435,-1.485313563,1.6493361,1.218217043,1.577996766,0.1434245177,0.1686070518,-0.6884434851,0.01511223714,-0.0002572142654,0.01259287399,-0.01921238744,-0.06050192962,0.02729758301,0.05610268732,-0.008429012476,-2.220446049e-14,0.02663550333,0.02095356769,-0.05462795761,-0.042224697,0.03926638834,0.006074068718,0.03703594656,0.006074068718,0.1141338646,0.1276377952,0.0008661411703,0.002362204716,4.35100076e-08
7.08,-0.2666324469,-0.03959552162,0.06383808866,0.0006901022918,-0.05084420988,0.9987065967,0.002637792114,0.999996521,0,0,1.480801411,1.548462458,-1.433203712,1.831278212,0.2968683551,-0.1728841696,-0.02666492748,-1.485397853,1.6493361,1.218483398,1.578206302,0.1428782382,0.1681848049,-0.6880508212,0.01494672869,-0.0002965232261,0.01211106442,-0.01773674417,-0.05790326555,0.02594817124,0.05372421849,-0.008591523041,2.220446049e-14,0.02545813991,0.02072693802,-0.05249287582,-0.04060626643,0.0375716605,0.006072223259,0.03703720628,0.006072223259,0.1141338646,0.1276377952,0.0008661411703,0.002362204716,4.351000782e-08
7.09,-0.2660078869,-0.03958791181,0.06107567158,0.0008317481744,-0.05084420988,0.9987065967,0.002637792114,0.999996521,0,0,1.480950878,1.548459493,-1.433082601,1.831100845,0.2962893224,-0.1726246879,-0.02612768529,-1.485483768,1.6493361,1.218737979,1.578413571,0.1423533094,0.1677787422,-0.6876751046,0.01478163699,-0.0003356818889,0.01163109964,-0.01626723778,-0.05531450647,0.02460418623,0.0513551233,-0.008753019013,0,0.0242852164,0.0205006994,-0.05036550245,-0.03899384196,0.03588358253,0.006070306759,0.03703839798,0.006070306759,0.1141338646,0.1276377952,0.0008661411703,0.002362204716,4.35100076e-08
7.1,-0.2654108955,-0.03957888902,0.05832465021,0.0009726837694,-0.05084420988,0.9987065967,0.002637792114,0.999996521,0,0,1.481098694,1.548456136,-1.43296629,1.830938173,0.2957361774,-0.172378646,-0.02561413406,-1.485571299,1.6493361,1.218980831,1.578618578,0.1418496544,0.1673888038,-0.6873162688,0.01461699701,-0.0003746566065,0.01115326343,-0.01480483814,-0.0527372487,0.02326645728,0.04899682081,-0.008913347303,-2.220446049e-14,0.02311746794,0.02027491864,-0.04824715926,-0.03738839978,0.03420317473,0.006068319282,0.03703952126,0.006068319282,0.1141338646,0.1276377952,0.0008661411703,0.002362204716,4.35100076e-08
7.11,-0.2648413502,-0.03956846086,0.05558672742,0.001112802938,-0.05084420988,0.9987065967,0.002637792114,0.999996521,0,0,1.481244864,1.548452389,-1.432854758,1.830790124,0.2952088049,-0.1721459815,-0.02512416585,-1.485660432,1.6493361,1.219212006,1.578821328,0.1413671828,0.1670149198,-0.686974237,0.01445284438,-0.0004134134111,0.01067784296,-0.01335052655,-0.05017310708,0.02193582367,0.04665074725,-0.009072352968,2.220446049e-14,0.02195563805,0.02004966328,-0.04613918277,-0.03579092735,0.03253146966,0.006066260977,0.03704057581,0.006066260977,0.1141338646,0.1276377952,0.0008661411703,0.002362204716,4.351000782e-08
7.12,-0.2642991115,-0.03955663604,0.0528636258,0.001251998313,-0.05084420988,0.9987065967,0.002637792114,0.999996521,0,0,1.481389393,1.548448255,-1.432747979,1.830656619,0.2947070738,-0.1719266232,-0.02465765838,-1.485751156,1.6493361,1.219431562,1.579021824,0.140905791,0.1666570105,-0.6866489223,0.01428921541,-0.0004519180274,0.01020512884,-0.01190529575,-0.04762371501,0.02061313471,0.04431835613,-0.009229879196,2.220446049e-14,0.02080047864,0.01982500162,-0.04404292412,-0.03420242338,0.03086951214,0.006064132076,0.03704156139,0.006064132076,0.1141338646,0.1276377952,0.0008661411703,0.002362204716,4.35100076e-08
7.13,-0.2637840225,-0.03954342434,0.05015708767,0.001390161297,-0.05084420988,0.9987065967,0.002637792114,0.999996521,0,0,1.481532285,1.548443736,-1.432645928,1.830537566,0.2942308367,-0.1717204919,-0.02421447482,-1.485843454,1.6493361,1.219639567,1.579220074,0.1404653617,0.1663149863,-0.6863402272,0.01412614714,-0.0004901358845,0.009735415068,-0.01047014989,-0.04509072439,0.01929924978,0.04200111835,-0.009385767292,-2.220446049e-14,0.01965274994,0.01960100268,-0.04195974903,-0.03262389784,0.02921835937,0.006061932901,0.03704247787,0.006061932901,0.1141338646,0.1276377952,0.0008661411703,0.002362204716,4.351000737e-08
7.14,-0.2632959087,-0.03952883662,0.04746887505,0.001527182062,-0.05084420988,0.9987065967,0.002637792114,0.999996521,0,0,1.481673546,1.548438835,-1.432548574,1.830432864,0.2937799294,-0.1715274994,-0.02379446364,-1.485937312,1.6493361,1.219836095,1.579416084,0.1400457642,0.1659887473,-0.6860480436,0.0139636774,-0.0005280321289,0.009268999126,-0.009046104612,-0.04257580565,0.0179950384,0.03970052231,-0.009539856667,2.220446049e-14,0.01851322047,0.01937773623,-0.03989103761,-0.03105637192,0.02757908098,0.006059663855,0.03704332516,0.006059663855,0.1141338646,0.1276377952,0.0008661411703,0.002362204716,4.35100076e-08
7.15,-0.2628345779,-0.03951288487,0.0448007697,0.001662949555,-0.05084420988,0.9987065967,0.002637792114,0.999996521,0,0,1.481813183,1.548433554,-1.432455884,1.830342403,0.2933541714,-0.171347549,-0.02339745841,-1.486032711,1.6493361,1.220021227,1.579609862,0.1396468538,0.1656781836,-0.6857722528,0.01380184481,-0.0005655716366,0.008806181937,-0.007634187046,-0.04008064771,0.01670138029,0.03741807403,-0.009691984827,0,0.01738266704,0.01915527276,-0.03783818429,-0.02950087802,0.02595275905,0.006057325432,0.0370441033,0.006057325432,0.1141338646,0.1276377952,0.0008661411703,0.002362204716,4.351000737e-08
7.16,-0.2623998202,-0.03949558218,0.04215457311,0.001797351488,-0.05084420988,0.9987065967,0.002637792114,0.999996521,0,0,1.481951202,1.548427899,-1.432367822,1.830266061,0.2929533649,-0.1711805352,-0.02302327767,-1.486129631,1.6493361,1.220195053,1.579801414,0.139268472,0.1653831748,-0.6855127252,0.01364068886,-0.000602719026,0.008347267906,-0.006235435818,-0.037606958,0.01541916539,0.03515529726,-0.009841987356,-2.220446049e-14,0.01626187471,0.01893368347,-0.03580259772,-0.02795845974,0.02434048822,0.006054918213,0.03704481239,0.006054918213,0.1141338646,0.1276377952,0.0008661411703,0.002362204716,4.351000737e-08
7.17,-0.2619914074,-0.03947694277,0.03953210648,0.001930274349,-0.05084420988,0.9987065967,0.002637792114,0.999996521,0,0,1.482087608,1.548421871,-1.432284349,1.830203707,0.2925772953,-0.1710263435,-0.0226717247,-1.48622805,1.6493361,1.220357672,1.579990751,0.138910446,0.1651035902,-0.6852693203,0.01334172259,-0.0006138579403,0.008048230834,-0.004926404571,-0.03504973417,0.01440896464,0.03275147866,-0.00987496414,0,0.01506199705,0.01873601412,-0.03383455586,-0.02626386895,0.02285621816,0.006052442865,0.03704545261,0.006052442865,0.1141338646,0.1276377952,0.0008661411703,0.002362204716,4.35100076e-08
7.18,-0.2616090929,-0.03945698201,0.03693521073,0.002061603393,-0.05084420988,0.9987065967,0.002637792114,0.999996521,0,0,1.482221026,1.548415733,-1.432203867,1.830154443,0.292226798,-0.1708822539,-0.02234420991,-1.4863268,1.6493361,1.220508292,1.580178111,0.1385721005,0.1648409515,-0.6850407582,0.013061186,-0.0006278214036,0.00773385149,-0.003622996185,-0.03253104928,0.01337882856,0.03039114354,-0.009920139884,0,0.01388495611,0.0185364371,-0.03188044022,-0.02460574189,0.02137380088,0.006049956346,0.037046022,0.006049956346,0.1141457128,0.1276377952,0.0008661411703,0.002362204716,4.35100076e-08
7.19,-0.2612526117,-0.0394357164,0.0343657465,0.002191222648,-0.05084420988,0.9987065967,0.002637792114,0.999996521,0,0,1.482351637,1.548409455,-1.432126529,1.830118213,0.2919014875,-0.1707484656,-0.02204029848,-1.486426001,1.6493361,1.220647142,1.580363476,0.1382532961,0.1645948941,-0.6848270202,0.01292085272,-0.000667035212,0.007267657829,-0.002259951391,-0.03014646397,0.01210153626,0.02821844265,-0.01007815097,0,0.01281030079,0.01831483448,-0.02989874729,-0.02313125821,0.01979522959,0.006047452287,0.03704652119,0.006047452287,0.1141692276,0.1276377952,0.0008661411703,0.002362204716,4.35100076e-08
7.2,-0.2609216802,-0.03941316364,0.03182559417,0.002319014911,-0.05084420988,0.9987065967,0.002637792114,0.999996521,0,0,1.482480846,1.548402784,-1.432053852,1.830095614,0.2916000228,-0.1706274503,-0.02175811405,-1.486526783,1.6493361,1.220775245,1.580546624,0.1379543086,0.1643635815,-0.6846290679,0.0127811445,-0.0007056716467,0.006806866313,-0.0009144631263,-0.02779019324,0.01083976334,0.02607143075,-0.01023317709,0,0.01174848515,0.01809443412,-0.02794017141,-0.02167387131,0.01823539408,0.006044875046,0.03704695285,0.006044875046,0.1141928949,0.1276377952,0.0008661411703,0.002362204716,4.35100076e-08
7.21,-0.2606159958,-0.03938934259,0.02931665383,0.00244486175,-0.05084420988,0.9987065967,0.002637792114,0.999996521,0,0,1.482608657,1.548395728,-1.431985783,1.830086469,0.2913221209,-0.1705190526,-0.02149739974,-1.486629115,1.6493361,1.22089273,1.580727568,0.1376749069,0.1641468428,-0.6844467139,0.01264209233,-0.0007436913459,0.00635181412,0.0004123644952,-0.02546402677,0.009594477888,0.02395170595,-0.0103850326,0,0.0107003256,0.01787531292,-0.02600619479,-0.02023466358,0.016695464,0.006042225727,0.03704731752,0.006042225727,0.1142166816,0.1276377952,0.0008661411703,0.002362204716,4.35100076e-08
7.22,-0.2603352367,-0.03936427329,0.0268408453,0.002568643506,-0.05084420988,0.9987065967,0.002637792114,0.999996521,0,0,1.482735078,1.548388291,-1.431922265,1.830090593,0.2910674806,-0.1704231078,-0.02125788268,-1.486732965,1.6493361,1.220999733,1.580906322,0.1374148449,0.1639444962,-0.6842797593,0.01250372813,-0.0007810547512,0.005902842183,0.001719415668,-0.02316977255,0.008366658801,0.02186088455,-0.01053352973,0,0.00966664656,0.01765754847,-0.02409831327,-0.01881472837,0.01517662199,0.006039505533,0.03704761582,0.006039505533,0.1142405345,0.1276377952,0.0008661411703,0.002362204716,4.35100076e-08
7.23,-0.260079062,-0.03933797701,0.02440010811,0.002690239287,-0.05084420988,0.9987065967,0.002637792114,0.999996521,0,0,1.482860116,1.54838048,-1.431863237,1.830107787,0.2908357829,-0.1703394413,-0.02103927384,-1.4868383,1.6493361,1.221096399,1.581082897,0.1371738618,0.1637563489,-0.6841279931,0.0123660848,-0.0008177221205,0.005460295207,0.003005562882,-0.02090925683,0.007157295856,0.01980060112,-0.01067847857,0,0.008648280427,0.01744121911,-0.02221803624,-0.01741516997,0.01368006375,0.006036715761,0.03704784845,0.006036715761,0.1142643808,0.1276377952,0.0008661411703,0.002362204716,4.35100076e-08
7.24,-0.2598471111,-0.0393104762,0.02199640152,0.002809526974,-0.05084420988,0.9987065967,0.002637792114,0.999996521,0,0,1.482983777,1.548372303,-1.431808634,1.830137842,0.2906266903,-0.1702678683,-0.02084126783,-1.486945085,1.6493361,1.221182882,1.581257309,0.1369516814,0.1635821972,-0.6839911924,0.01222919623,-0.0008536535398,0.005024521683,0.004269666901,-0.01868432418,0.005967389746,0.01777250861,-0.0108196871,0,0.007646067537,0.01722640387,-0.02036688653,-0.01603710356,0.01220699811,0.006033857804,0.0370480162,0.006033857804,0.1142881297,0.1276377952,0.0008661411703,0.002362204716,4.35100076e-08
7.25,-0.2596390039,-0.03928179457,0.01963170451,0.002926383219,-0.05084420988,0.9987065967,0.002637792114,0.999996521,0,0,1.483106068,1.548363766,-1.431758389,1.830180539,0.2904398471,-0.1702081944,-0.02066354274,-1.487053282,1.6493361,1.221259343,1.581429573,0.1367480126,0.1634218261,-0.6838691224,0.01209309734,-0.000888808935,0.004595873901,0.00551057675,-0.01649683739,0.004797952129,0.01577827843,-0.01095696111,0,0.006660856151,0.0170131825,-0.01854640034,-0.01468165522,0.01075864705,0.006030933151,0.03704811995,0.006030933151,0.1143116738,0.1276377952,0.0008661411703,0.002362204716,4.35100076e-08
7.26,-0.2594543404,-0.03925195706,0.0173080158,0.003040683443,-0.05084420988,0.9987065967,0.002637792114,0.999996521,0,0,1.483226999,1.548354878,-1.43171243,1.830235645,0.2902748787,-0.1701602149,-0.02050575996,-1.487162852,1.6493361,1.221325951,1.581599705,0.1365625486,0.1632750096,-0.683761536,0.01195782412,-0.0009231480834,0.004174707972,0.006727129699,-0.01434867754,0.003650005669,0.01381960058,-0.01109010428,0,0.005693502429,0.01680163545,-0.01675812713,-0.01334996192,0.009336245785,0.006027943388,0.03704816063,0.006027943388,0.1143348901,0.1276377952,0.0008661411703,0.002362204716,4.35100076e-08
7.27,-0.2592927002,-0.03922098984,0.01502735381,0.00315230184,-0.05084420988,0.9987065967,0.002637792114,0.999996521,0,0,1.483346578,1.548345647,-1.431670683,1.830302916,0.290131392,-0.1701237148,-0.02036756395,-1.487273753,1.6493361,1.221382886,1.581767721,0.1363949673,0.16314151,-0.6836681735,0.01182341367,-0.0009566306247,0.003761383834,0.007918151248,-0.01224174394,0.002524584085,0.01189818367,-0.01121891808,-2.220446049e-14,0.00474487041,0.01659184388,-0.01500362953,-0.01204317152,0.007941042796,0.006024890193,0.0370481393,0.006024890193,0.1143576413,0.1276377952,0.0008661411703,0.002362204716,4.35100076e-08
7.28,-0.2591536431,-0.03918892038,0.01279175668,0.003261111372,-0.05084420988,0.9987065967,0.002637792114,0.999996521,0,0,1.483464812,1.548336081,-1.431633069,1.830382098,0.2900089745,-0.170098469,-0.02024858211,-1.487385942,1.6493361,1.221430335,1.58193364,0.136244931,0.1630210782,-0.6835887631,0.01168990419,-0.0009892160713,0.003356265272,0.009082455112,-0.01017795414,0.001422732186,0.01001575506,-0.01134320182,2.220446049e-14,0.003815831987,0.01638388965,-0.01328448327,-0.0107624427,0.006574299869,0.006021775342,0.03704805708,0.006021775342,0.1143797779,0.1276377952,0.0008661411703,0.002362204716,4.351000782e-08
7.29,-0.259036708,-0.0391557774,0.0106032823,0.003366983773,-0.05084420988,0.9987065967,0.002637792114,0.999996521,0,0,1.483581711,1.548326188,-1.431599506,1.830472922,0.289907195,-0.1700842417,-0.02014842456,-1.487499374,1.6493361,1.221468493,1.582097479,0.1361120862,0.1629134538,-0.6835230201,0.01155733507,-0.001020863818,0.002959719927,0.01021884321,-0.008159243926,0.0003455059141,0.008174060941,-0.01146275261,0,0.002907266887,0.0161778553,-0.01160227709,-0.009508945031,0.005237292155,0.006018600704,0.03704791516,0.006018600704,0.1144011389,0.1276377952,0.0008661411703,0.002362204716,4.35100076e-08
7.3,-0.2589414134,-0.03912159093,0.00846400826,0.00346978955,-0.05084420988,0.9987065967,0.002637792114,0.999996521,0,0,1.483697284,1.54831598,-1.431569909,1.830575111,0.2898256025,-0.1700807866,-0.02006668395,-1.487614001,1.6493361,1.221497566,1.582259257,0.1359960634,0.1628183644,-0.6834706472,0.01142574686,-0.001051533153,0.00257211931,0.01132610564,-0.006187567299,-0.00070602762,0.006374866354,-0.01157736538,2.220446049e-14,0.002020062655,0.01597382407,-0.009958612686,-0.008283858899,0.003931308199,0.006015368241,0.03704771484,0.006015368241,0.1144215543,0.1276377952,0.0008661411703,0.002362204716,4.35100076e-08
7.31,-0.2588672568,-0.03908639227,0.006376031874,0.003569397976,-0.05084420988,0.9987065967,0.002637792114,0.999996521,0,0,1.483811542,1.548305464,-1.431544188,1.830688372,0.2897637269,-0.1700878469,-0.02000293529,-1.487729775,1.6493361,1.221517767,1.582418996,0.1358964773,0.1627355258,-0.6834313341,0.01129518134,-0.001081183264,0.002193838812,0.01240302068,-0.004264896476,-0.001730790102,0.00461995532,-0.01168683284,-2.220446049e-14,0.00115511463,0.01577187989,-0.008355104609,-0.007088375527,0.002657649989,0.006012080012,0.03704745747,0.006012080012,0.1144408458,0.1276377952,0.0008661411703,0.002362204716,4.351000737e-08
7.32,-0.2588137147,-0.03905021407,0.004341470185,0.003665677098,-0.05084420988,0.9987065967,0.002637792114,0.999996521,0,0,1.483924494,1.548294653,-1.43152225,1.830812402,0.2897210779,-0.1701051548,-0.01995673574,-1.487846643,1.6493361,1.221529318,1.582576714,0.1358129262,0.162664642,-0.6834047576,0.01116568151,-0.001109773249,0.001825257717,0.0134483548,-0.002393221879,-0.002727691985,0.002911130875,-0.01179094548,0,0.0003133259348,0.01557210737,-0.006793380227,-0.005923696958,0.001417632983,0.006008738165,0.03704714451,0.006008738165,0.1144588294,0.1276377952,0.0008661411703,0.002362204716,4.35100076e-08
7.33,-0.2587802423,-0.03901309027,0.002362459957,0.003758493733,-0.05084420988,0.9987065967,0.002637792114,0.999996521,0,0,1.48403615,1.548283555,-1.431503997,1.830946885,0.2896971457,-0.1701324317,-0.01992762443,-1.487964553,1.6493361,1.221532451,1.582732435,0.1357449924,0.1626054051,-0.6833905812,0.01103729162,-0.00113726212,0.001466759208,0.01446086258,-0.0005745521312,-0.003695632454,0.001250215133,-0.01188949158,2.220446049e-14,-0.000504392543,0.01537459181,-0.005275079657,-0.004791036043,0.000212586148,0.006005344944,0.03704677749,0.006005344944,0.1144753166,0.1276377952,0.0008661411703,0.002362204716,4.35100076e-08
7.34,-0.2587662732,-0.03897505618,0.0004411576757,0.003847713469,-0.05084420988,0.9987065967,0.002637792114,0.999996521,0,0,1.484146523,1.548272182,-1.431489329,1.831091494,0.2896914002,-0.170169388,-0.01991512228,-1.488083448,1.6493361,1.221527407,1.582886181,0.1356922416,0.1625574947,-0.6833884554,0.01091005721,-0.001163608814,0.00111873038,0.01543928677,0.001189085951,-0.004633499408,-0.0003609506543,-0.0119822572,-2.220446049e-14,-0.001297122165,0.01517941918,-0.003801855713,-0.003691616442,-0.0009561480141,0.006001902683,0.03704635801,0.006001902683,0.1144901164,0.1276377952,0.0008661411703,0.002362204716,4.351000737e-08
7.35,-0.2587712195,-0.03893614844,-0.00142026045,0.003933200664,-0.05084420988,0.9987065967,0.002637792114,0.999996521,0,0,1.484255624,1.548260546,-1.431478142,1.831245887,0.289703291,-0.170215723,-0.01991873178,-1.48820327,1.6493361,1.221514436,1.583037976,0.1356542231,0.1625205785,-0.6833980169,0.0107840251,-0.001188772198,0.0007815622428,0.01638235827,0.002895647362,-0.005540169431,-0.00192050606,-0.01206902616,2.220446049e-14,-0.00206393655,0.01498667615,-0.002375373859,-0.002626672609,-0.00208721344,0.005998413807,0.03704588775,0.005998413807,0.114503037,0.1276377952,0.0008661411703,0.002362204716,4.35100076e-08
7.36,-0.2587944715,-0.03889640507,-0.003219598489,0.004014818447,-0.05084420988,0.9987065967,0.002637792114,0.999996521,0,0,1.484363464,1.548248658,-1.431470326,1.831409711,0.2897322475,-0.1702711247,-0.01993793684,-1.488323961,1.6493361,1.221493797,1.583187842,0.1356304693,0.1624943118,-0.683418889,0.01065924343,-0.001212711069,0.0004556497312,0.01728879609,0.004543068911,-0.006414507776,-0.003426571437,-0.01214958002,-2.220446049e-14,-0.002803901592,0.01479645005,-0.0009973121719,-0.00159744979,-0.003179240481,0.005994880831,0.03704536848,0.005994880831,0.114513888,0.1276377952,0.0008661411703,0.002362204716,4.351000737e-08
7.37,-0.2588353972,-0.03885586543,-0.004954640787,0.004092428717,-0.05084420988,0.9987065967,0.002637792114,0.999996521,0,0,1.484470056,1.548236531,-1.43146577,1.831582598,0.2897776782,-0.1703352698,-0.01997220256,-1.488445456,1.6493361,1.221465758,1.583335807,0.1356204962,0.1624783373,-0.6834506814,0.01053576163,-0.001235384165,0.0001413917083,0.01815730737,0.006129269226,-0.007255368348,-0.004877247885,-0.01222369815,0,-0.003516075458,0.01460882888,0.0003306386922,-0.0006052040214,-0.004230845889,0.005991306363,0.03704480203,0.005991306363,0.1145224822,0.1276377952,0.0008661411703,0.002362204716,4.35100076e-08
7.38,-0.2588933425,-0.03881457031,-0.006623151968,0.004165892146,-0.05084420988,0.9987065967,0.002637792114,0.999996521,0,0,1.484575414,1.548224177,-1.431464356,1.831764172,0.2898389709,-0.1704078235,-0.02002097504,-1.488567693,1.6493361,1.221430597,1.583481895,0.1356238026,0.1624722853,-0.6834929899,0.01041363048,-0.001256750165,-0.0001608090299,0.01898658739,0.007652148756,-0.00806159369,-0.006270617232,-0.01229115762,0,-0.004199508604,0.01442390133,0.001606775521,0.0003487978802,-0.0052406328,0.005987693097,0.03704419032,0.005987693097,0.1145286372,0.1276377952,0.0008661411703,0.002362204716,4.35100076e-08
7.39,-0.2589676309,-0.03877256188,-0.008222876933,0.004235068174,-0.05084420988,0.9987065967,0.002637792114,0.999996521,0,0,1.48467955,1.54821161,-1.431465964,1.831954037,0.2899154924,-0.1704884394,-0.02008368121,-1.488690605,1.6493361,1.221388602,1.583626134,0.1356398704,0.1624757732,-0.6835453962,0.01029290208,-0.001276767688,-0.0004505457517,0.01977531952,0.009109589773,-0.008832014978,-0.007604742009,-0.0123517333,-2.220446049e-14,-0.004853243773,0.01424175676,0.002829382564,0.001263278315,-0.006207190727,0.005984043815,0.03704353534,0.005984043815,0.1145321779,0.1276377952,0.0008661411703,0.002362204716,4.35100076e-08
7.4,-0.2590575632,-0.03872988371,-0.009751540861,0.004299815013,-0.05084420988,0.9987065967,0.002637792114,0.999996521,0,0,1.484782479,1.548198842,-1.43147047,1.832151791,0.2900065883,-0.1705767596,-0.02015972863,-1.488814122,1.6493361,1.221340069,1.583768552,0.1356681642,0.162488406,-0.6836074681,0.01017362987,-0.0012953953,-0.0007274077891,0.02052217527,0.01049945637,-0.009565452018,-0.008877665452,-0.01240519779,2.220446049e-14,-0.005476316001,0.0140624852,0.003996731536,0.002136948902,-0.007129095552,0.005980361389,0.03704283914,0.005980361389,0.1145329382,0.1276377952,0.0008661411703,0.002362204716,4.351000782e-08
7.41,-0.2591624172,-0.03868658082,-0.01120684921,0.004359989646,-0.05084420988,0.9987065967,0.002637792114,0.999996521,0,0,1.484884216,1.548185888,-1.431477744,1.832357012,0.2901115828,-0.1706724141,-0.02024850528,-1.488938174,1.6493361,1.221285306,1.583909177,0.1357081315,0.1625097755,-0.6836787591,0.01005586862,-0.001312591509,-0.0009909805374,0.02122581426,0.01181959448,-0.01026071324,-0.0100874115,-0.01245132144,0,-0.006067752611,0.01388617736,0.005107081622,0.002968510481,-0.008004909533,0.005976648776,0.03704210387,0.005976648776,0.1145307629,0.1276377952,0.0008661411703,0.002362204716,4.35100076e-08
7.42,-0.2592814479,-0.03864269964,-0.01258648771,0.004415447825,-0.05084420988,0.9987065967,0.002637792114,0.999996521,0,0,1.484984774,1.548172762,-1.431487653,1.832569271,0.2902297788,-0.1707750212,-0.0203493794,-1.489062687,1.6493361,1.221224629,1.584048038,0.1357592023,0.1625394606,-0.6837588081,0.009939674428,-0.001328314765,-0.001240845457,0.02188488424,0.01306783183,-0.01091659572,-0.01123198479,-0.01248987237,0,-0.006626573218,0.0137129246,0.00615867946,0.00375665311,-0.008833181304,0.00597290902,0.03704133173,0.00597290902,0.1145255097,0.1276377952,0.0008661411703,0.002362204716,4.35100076e-08
7.43,-0.259413887,-0.03859828807,-0.01388812237,0.004466044075,-0.05084420988,0.9987065967,0.002637792114,0.999996521,0,0,1.485084171,1.548159479,-1.431500062,1.832788119,0.2903604571,-0.1708841872,-0.02046169925,-1.489187586,1.6493361,1.221158363,1.584185168,0.1358207891,0.1625770272,-0.68384714,0.009825104725,-0.00134252346,-0.001476580078,0.02249802106,0.01424197799,-0.01153188516,-0.01230937072,-0.01252061645,0,-0.007151789716,0.013542819,0.007149759123,0.004500056058,-0.00961244589,0.005969145249,0.03704052499,0.005969145249,0.1145170517,0.1276377952,0.0008661411703,0.002362204716,4.35100076e-08
7.44,-0.2595589425,-0.03855339546,-0.01510939948,0.004511631691,-0.05084420988,0.9987065967,0.002637792114,0.999996521,0,0,1.485182422,1.548146054,-1.431514828,1.8330131,0.2905028769,-0.170999506,-0.02058479295,-1.489312792,1.6493361,1.221086845,1.584320596,0.1358922867,0.1626220277,-0.6839432644,0.009712218242,-0.001355175918,-0.001697758004,0.02306384871,0.01533982434,-0.01210535594,-0.01331753544,-0.01254331731,0,-0.007642406276,0.01337595328,0.008078542087,0.00519738781,-0.01034122473,0.005965360676,0.03703968601,0.005965360676,0.1145052784,0.1276377952,0.0008661411703,0.002362204716,4.35100076e-08
7.45,-0.2597157992,-0.03850807263,-0.01624794561,0.004552062737,-0.05084420988,0.9987065967,0.002637792114,0.999996521,0,0,1.485279544,1.548132502,-1.431531805,1.833243738,0.2906562751,-0.1711205596,-0.02071796831,-1.489438226,1.6493361,1.221010421,1.584454355,0.1359730721,0.1626740016,-0.6840466767,0.009601075009,-0.001366230397,-0.001903948919,0.02358097933,0.01635914407,-0.01263577111,-0.01425442589,-0.01255773635,-2.220446049e-14,-0.00809741933,0.01321242085,0.00894323719,0.00584730605,-0.01101802568,0.005961558597,0.03703881719,0.005961558597,0.1144900984,0.1276377952,0.0008661411703,0.002362204716,4.35100076e-08
7.46,-0.2598836177,-0.03846237189,-0.01730136759,0.004587188051,-0.05084420988,0.9987065967,0.002637792114,0.999996521,0,0,1.485375555,1.54811884,-1.431550845,1.833479548,0.2908198665,-0.1712469173,-0.02086051257,-1.489563803,1.6493361,1.220929447,1.584586479,0.1360625045,0.1627324747,-0.6841568569,0.009491736331,-0.001375645075,-0.002094718598,0.0240480132,0.01729769218,-0.01312188244,-0.01511796991,-0.01256363275,2.220446049e-14,-0.008515817559,0.0130523158,0.009742040574,0.006448457661,-0.01164134307,0.005957742394,0.03703792103,0.005957742394,0.1144714411,0.1276377952,0.0008661411703,0.002362204716,4.351000782e-08
7.47,-0.2600615347,-0.03841634705,-0.01826725256,0.004616857237,-0.05084420988,0.9987065967,0.002637792114,0.999996521,0,0,1.485470473,1.548105083,-1.431571792,1.833720028,0.2909928435,-0.1713781361,-0.02101169227,-1.489689439,1.6493361,1.220844288,1.584717003,0.1361599249,0.1627969592,-0.6842732704,0.009384255907,-0.001383381031,-0.002269662936,0.02446364076,0.01815338007,-0.01356252477,-0.01590623571,-0.01256077678,-2.220446049e-14,-0.008896660583,0.01289571889,0.01047327964,0.006999586006,-0.01220977362,0.005953915527,0.03703700007,0.005953915527,0.1144492584,0.1276377952,0.0008661411703,0.002362204716,4.35100076e-08
7.48,-0.2602486647,-0.03837005334,-0.01914585115,0.004641061854,-0.05084420988,0.9987065967,0.002637792114,0.999996521,0,0,1.485564315,1.54809125,-1.431594489,1.833964664,0.2911743773,-0.1715137614,-0.02117075462,-1.489815047,1.6493361,1.220755322,1.58484596,0.1362646577,0.1628669551,-0.6843953681,0.009277023735,-0.001389963055,-0.002434799796,0.02484582674,0.018957082,-0.01397434723,-0.01664739736,-0.01255146638,2.220446049e-14,-0.009253867098,0.01274007802,0.01116246584,0.007519686635,-0.01274379234,0.005950081535,0.03703605693,0.005950081535,0.1144235264,0.1276377952,0.0008661411703,0.002362204716,4.351000782e-08
7.49,-0.2604444526,-0.0383235285,-0.02001674958,0.004664037408,-0.05084420988,0.9987065967,0.002637792114,0.999996521,0,0,1.485657085,1.54807735,-1.431618837,1.834213123,0.2913639481,-0.1716535048,-0.0213372286,-1.489940562,1.6493361,1.220662783,1.584973361,0.1363762823,0.162942152,-0.684522806,0.009166478614,-0.001396596938,-0.00260386263,0.02523578172,0.01977929221,-0.01439544164,-0.01740583212,-0.01254110018,0,-0.009619215658,0.01257975437,0.01186774338,0.008052073566,-0.01329018381,0.005946242952,0.03703509329,0.005946242952,0.1143941817,0.1276377952,0.0008661411703,0.002362204716,4.35100076e-08
7.5,-0.2606490986,-0.03827676998,-0.02091732996,0.004687796014,-0.05084420988,0.9987065967,0.002637792114,0.999996521,0,0,1.48574875,1.548063384,-1.431644875,1.83446548,0.291561741,-0.1717974592,-0.02151128692,-1.490065973,1.6493361,1.220566591,1.585099158,0.1364949598,0.1630226727,-0.6846557079,0.009052237484,-0.001403435445,-0.002778532178,0.02563864524,0.02062866465,-0.01483051112,-0.01818945081,-0.01253040511,-2.220446049e-14,-0.009996609251,0.01241413688,0.01259621527,0.008602039901,-0.01385469889,0.005942400004,0.03703410876,0.005942400004,0.1143610313,0.1276377952,0.0008661411703,0.002362204716,4.35100076e-08
7.51,-0.2608628955,-0.03822977004,-0.02184678329,0.00471231633,-0.05084420988,0.9987065967,0.002637792114,0.999996521,0,0,1.485839272,1.54804935,-1.431672661,1.834721867,0.2917680277,-0.1719457644,-0.02169318143,-1.490191277,1.6493361,1.220466625,1.5852233,0.1366209219,0.1631086931,-0.6847942548,0.008934396106,-0.001410470889,-0.002958656814,0.02605406488,0.02150445003,-0.01527917916,-0.01899757679,-0.01251939217,0,-0.01038571216,0.01224337193,0.01334722693,0.009169099528,-0.01443684789,0.005938552621,0.03703310266,0.005938552621,0.1143238578,0.1276377952,0.0008661411703,0.002362204716,4.351000782e-08
7.52,-0.2610861279,-0.03818252118,-0.02280430717,0.004737577187,-0.05084420988,0.9987065967,0.002637792114,0.999996521,0,0,1.485928616,1.548035245,-1.431702247,1.834982408,0.2919830722,-0.1720985561,-0.02188315719,-1.490316471,1.6493361,1.220362768,1.585345733,0.1367543942,0.1632003841,-0.6849386233,0.008813049464,-0.001417695647,-0.003144086148,0.02648169108,0.02240590518,-0.01574107229,-0.01982953894,-0.01250807226,4.440892099e-14,-0.01078619143,0.01206760472,0.01412012913,0.009752770304,-0.01503614517,0.005934700746,0.03703207436,0.005934700746,0.1142824368,0.1276377952,0.0008661411703,0.002362204716,4.351000782e-08
7.53,-0.2613190725,-0.0381350161,-0.02378910577,0.004763557591,-0.05084420988,0.9987065967,0.002637792114,0.999996521,0,0,1.486016747,1.548021068,-1.431733688,1.835247224,0.2922071312,-0.1722559669,-0.02208145258,-1.490441551,1.6493361,1.220254906,1.585466409,0.1368955955,0.1632979118,-0.6850889848,0.008688291765,-0.001425102161,-0.003334671023,0.0269211772,0.02333229306,-0.01621582014,-0.02068467162,-0.01249645616,-4.440892099e-14,-0.01119771682,0.01188697924,0.014914278,0.01035257406,-0.01565210903,0.005930844331,0.03703102326,0.005930844331,0.1142365373,0.1276377952,0.0008661411703,0.002362204716,4.351000737e-08
7.54,-0.2615619983,-0.0380872477,-0.02480038983,0.004790236719,-0.05084420988,0.9987065967,0.002637792114,0.999996521,0,0,1.48610363,1.548006817,-1.431767035,1.835516436,0.2924404541,-0.1724181251,-0.0222882993,-1.490566516,1.6493361,1.220142929,1.585585279,0.1370447383,0.1634014375,-0.6852455059,0.008548758225,-0.001430614656,-0.003517401275,0.0273659794,0.02429173829,-0.0166816997,-0.02157571125,-0.01247510864,2.220446049e-14,-0.01162728756,0.01170354672,0.01572493236,0.01098169135,-0.01627498662,0.005926983343,0.03702994877,0.005926983343,0.1141859214,0.1276377952,0.0008661411703,0.002362204716,4.351000782e-08
7.55,-0.261815166,-0.0380392091,-0.02583737671,0.004817593925,-0.05084420988,0.9987065967,0.002637792114,0.999996521,0,0,1.486189117,1.547992511,-1.431802209,1.835790096,0.2926833715,-0.1725849421,-0.02250405641,-1.490691267,1.6493361,1.220026656,1.585702315,0.1372019876,0.1635112544,-0.6854082557,0.008236034702,-0.001405642983,-0.003514209012,0.02773001637,0.02540603571,-0.01684299809,-0.02268730879,-0.01231339681,0,-0.01217587927,0.01154385358,0.01649466734,0.01182848332,-0.01677603192,0.00592312227,0.03702885014,0.00592312227,0.1141338646,0.1276377952,0.0008661411703,0.002362204716,4.35100076e-08
7.56,-0.2620788289,-0.03799089363,-0.0268992903,0.004845608733,-0.05084420988,0.9987065967,0.002637792114,0.999996521,0,0,1.486271478,1.547978454,-1.431837351,1.836067396,0.2929374319,-0.172753372,-0.0227309295,-1.490814401,1.6493361,1.219904897,1.585817753,0.1373669343,0.1636295393,-0.685576016,0.008093672732,-0.001412175783,-0.003710494052,0.02819879481,0.02640902129,-0.01733948798,-0.02361725522,-0.01229447266,0,-0.01262355403,0.01135083561,0.01734583417,0.01248318468,-0.01743279727,0.005919327929,0.03702772412,0.005919327929,0.1141338646,0.1276377952,0.0008661411703,0.002362204716,4.35100076e-08
7.57,-0.2623532323,-0.03794229481,-0.02798536111,0.004874260843,-0.05084420988,0.9987065967,0.002637792114,0.999996521,0,0,1.486352415,1.547964333,-1.431874456,1.836349384,0.2932015221,-0.1729267669,-0.02296710205,-1.490937346,1.6493361,1.219778662,1.585931261,0.1375403926,0.1637543711,-0.685750344,0.007948089855,-0.001418832383,-0.00391115065,0.02867798217,0.02743419318,-0.01784705837,-0.02456797198,-0.01227515077,0,-0.01308108868,0.01115355388,0.01821565672,0.013152351,-0.01810420239,0.005915531916,0.03702657301,0.005915531916,0.1141338646,0.1276377952,0.0008661411703,0.002362204716,4.35100076e-08
7.58,-0.2626386141,-0.03789340636,-0.02909482622,0.004903530129,-0.05084420988,0.9987065967,0.002637792114,0.999996521,0,0,1.486431895,1.547950144,-1.431913567,1.836636164,0.293475864,-0.1731052375,-0.02321278177,-1.491060097,1.6493361,1.219647851,1.586042797,0.1377225492,0.1638858946,-0.685931386,0.007799381763,-0.001425606667,-0.004116041893,0.02916724919,0.02848084089,-0.01836536458,-0.02553881466,-0.01225544602,0,-0.01354816301,0.01095214555,0.01910351968,0.01383551725,-0.01878979007,0.005911734299,0.03702539632,0.005911734299,0.1141338646,0.1276377952,0.0008661411703,0.002362204716,4.35100076e-08
7.59,-0.2629352043,-0.03784422221,-0.03022692928,0.004933396636,-0.05084420988,0.9987065967,0.002637792114,0.999996521,0,0,1.486509889,1.547935888,-1.431954728,1.836927836,0.2937606724,-0.1732888912,-0.02346816992,-1.491182652,1.6493361,1.219512369,1.586152318,0.1379135844,0.1640242498,-0.6861192839,0.007647643327,-0.001432492579,-0.004325032047,0.02966626947,0.02954826007,-0.01889406491,-0.02652914438,-0.0122353732,0,-0.01402445961,0.01074674657,0.0200088131,0.01453222246,-0.01948910705,0.005907935156,0.03702419361,0.005907935156,0.1141338646,0.1276377952,0.0008661411703,0.002362204716,4.35100076e-08
7.6,-0.2632432256,-0.0377947365,-0.03138092054,0.004963840586,-0.05084420988,0.9987065967,0.002637792114,0.999996521,0,0,1.486586366,1.547921563,-1.431997978,1.837224499,0.294056155,-0.1734778318,-0.02373346136,-1.491305005,1.6493361,1.219372124,1.586259786,0.1381136725,0.164169572,-0.686314175,0.007492968601,-0.001439484116,-0.004537986566,0.03017471947,0.03063575255,-0.01943282065,-0.02753832784,-0.01221494694,0,-0.01450966385,0.0105374917,0.02093093236,0.01524200968,-0.02020170402,0.005904134571,0.03702296445,0.005904134571,0.1141338646,0.1276377952,0.0008661411703,0.002362204716,4.35100076e-08
7.61,-0.2635628932,-0.03774494354,-0.03255605681,0.004994842371,-0.05084420988,0.9987065967,0.002637792114,0.999996521,0,0,1.486661295,1.547907169,-1.432043358,1.837526246,0.2943625126,-0.17367216,-0.02400884464,-1.491427155,1.6493361,1.219227028,1.586365161,0.1383229818,0.1643219921,-0.6865161921,0.007335450819,-0.001446575332,-0.004754772083,0.03069227848,0.03174262632,-0.01998129604,-0.02856573728,-0.01219418174,0,-0.01500346388,0.01032451455,0.02186927823,0.01596442599,-0.02092713561,0.00590033264,0.03702170843,0.00590033264,0.1141338646,0.1276377952,0.0008661411703,0.002362204716,4.35100076e-08
7.62,-0.2638944148,-0.03769483786,-0.03375160151,0.00502638256,-0.05084420988,0.9987065967,0.002637792114,0.999996521,0,0,1.48673465,1.547892703,-1.432090906,1.837833169,0.2946799388,-0.173871973,-0.02429450201,-1.491549097,1.6493361,1.219076993,1.586468406,0.1385416746,0.1644816364,-0.6867254634,0.007175182399,-0.001453760338,-0.004975256411,0.03121862866,0.03286819551,-0.02053915831,-0.0296107505,-0.01217309197,0,-0.01550555063,0.01010794748,0.02282325684,0.01669902253,-0.02166496041,0.005896529465,0.03702042519,0.005896529465,0.1141338646,0.1276377952,0.0008661411703,0.002362204716,4.35100076e-08
7.63,-0.2642379908,-0.03764441416,-0.03496682461,0.005058441894,-0.05084420988,0.9987065967,0.002637792114,0.999996521,0,0,1.486806402,1.547878165,-1.432140658,1.838145355,0.2950086208,-0.1740773646,-0.02459060952,-1.491670828,1.6493361,1.218921938,1.586569485,0.1387699072,0.1646486266,-0.686942113,0.007012254946,-0.001461033303,-0.005199308545,0.03175345499,0.03401178041,-0.02110607765,-0.03067275084,-0.01215169188,0,-0.01601561782,0.009887921708,0.02379227968,0.01744535443,-0.02241474092,0.005892725158,0.03701911438,0.005892725158,0.1141338646,0.1276377952,0.0008661411703,0.002362204716,4.35100076e-08
7.64,-0.2645938145,-0.03759366735,-0.03620100268,0.005091001287,-0.05084420988,0.9987065967,0.002637792114,0.999996521,0,0,1.486876524,1.547863555,-1.432192651,1.83846289,0.2953487386,-0.1742884253,-0.02489733703,-1.491792344,1.6493361,1.218761781,1.586668365,0.13900783,0.1648230802,-0.6871662604,0.006846759247,-0.001468388451,-0.005426798663,0.03229644532,0.0351727075,-0.02168172719,-0.03175112718,-0.01212999558,0,-0.01653336195,0.009664567243,0.02477576361,0.0182029809,-0.02317604362,0.005888919839,0.03701777568,0.005888919839,0.1141338646,0.1276377952,0.0008661411703,0.002362204716,4.35100076e-08
7.65,-0.2649620717,-0.03754259253,-0.03745341887,0.005124041827,-0.05084420988,0.9987065967,0.002637792114,0.999996521,0,0,1.486944992,1.547848871,-1.432246919,1.838785854,0.2957004657,-0.1745052426,-0.0252148483,-1.491913644,1.6493361,1.218596448,1.58676501,0.1392555876,0.16500511,-0.6873980209,0.00667985318,-0.0014757025,-0.005656816554,0.03282772839,0.03635497065,-0.02224625193,-0.03283939378,-0.01210529276,0,-0.01706847897,0.00941031231,0.02577306154,0.0189954473,-0.02394344877,0.005885113638,0.03701640879,0.005885113638,0.1141338646,0.1276377952,0.0008661411703,0.002362204716,4.35100076e-08
7.66,-0.2653429413,-0.03749118497,-0.03872336291,0.005157544778,-0.05084420988,0.9987065967,0.002637792114,0.999996521,0,0,1.48701179,1.547834114,-1.432303487,1.839114132,0.2960640154,-0.1747277051,-0.02554324224,-1.492034697,1.6493361,1.218425763,1.586859113,0.1395133182,0.1651950644,-0.6876374554,0.006514703888,-0.001482638883,-0.005887004632,0.03329087318,0.03757127542,-0.02274331018,-0.03392003544,-0.01206975237,2.220446049e-14,-0.01764942071,0.009045749332,0.0267834575,0.01989115294,-0.02470216963,0.005881307068,0.037015013,0.005881307068,0.1141514947,0.1276377952,0.0008661411703,0.002362204716,4.35100076e-08
7.67,-0.265736595,-0.03743944015,-0.04001013111,0.005191491574,-0.05084420988,0.9987065967,0.002637792114,0.999996521,0,0,1.487076937,1.547819288,-1.432362357,1.83944704,0.2964397281,-0.1749551382,-0.02588244259,-1.492155395,1.6493361,1.218249269,1.586949571,0.1397811528,0.165393976,-0.687884477,0.006342104662,-0.001490213563,-0.006124034465,0.03385578767,0.03878040971,-0.02334252441,-0.03504363169,-0.01204709872,-2.220446049e-14,-0.01818889435,0.008812045444,0.0278069756,0.02068099088,-0.02549521397,0.005877501714,0.0370135863,0.005877501714,0.1142549842,0.1276377952,0.0008661411703,0.002362204716,4.351000737e-08
7.68,-0.2661431977,-0.03738735372,-0.04131302635,0.005225863825,-0.05084420988,0.9987065967,0.002637792114,0.999996521,0,0,1.487140358,1.547804385,-1.432423598,1.839785598,0.2968275322,-0.1751885635,-0.02623287891,-1.492275866,1.6493361,1.21806738,1.587037691,0.1400592226,0.1656007859,-0.6881394292,0.006167294096,-0.001497848533,-0.006363995757,0.03442763873,0.04000425462,-0.0239491855,-0.03618120804,-0.01202419993,-2.220446049e-14,-0.01873486961,0.008575504541,0.02884268175,0.02148041199,-0.02629807924,0.005873695894,0.03701213069,0.005873695894,0.114359157,0.1276377952,0.0008661411703,0.002362204716,4.35100076e-08
7.69,-0.266562907,-0.03733492152,-0.04263135812,0.005260643314,-0.05084420988,0.9987065967,0.002637792114,0.999996521,0,0,1.487202031,1.547789407,-1.432487238,1.840129875,0.2972275748,-0.1754280553,-0.02659469099,-1.492396108,1.6493361,1.217880031,1.587123446,0.1403476494,0.16581559,-0.68840241,0.005990358947,-0.001505538334,-0.006606764629,0.03500612887,0.04124216728,-0.02456298191,-0.03733218104,-0.01200106944,6.661338148e-14,-0.01928705688,0.00833625116,0.02989001989,0.02228899516,-0.02711035158,0.00586988977,0.03701064598,0.00586988977,0.1144640213,0.1276377952,0.0008661411703,0.002362204716,4.351000782e-08
7.7,-0.266995874,-0.03728213956,-0.04396444246,0.005295811996,-0.05084420988,0.9987065967,0.002637792114,0.999996521,0,0,1.487261935,1.547774352,-1.432553305,1.840479936,0.2976399964,-0.1756736851,-0.0269680128,-1.492516119,1.6493361,1.217687161,1.587206809,0.1406465496,0.1660384799,-0.6886735135,0.005811385169,-0.001513277566,-0.006852218377,0.03559096343,0.04249351099,-0.02518360504,-0.03849597275,-0.0119777205,-6.661338148e-14,-0.01984516935,0.008094408642,0.03094843937,0.02310632331,-0.027931621,0.005866083511,0.037009132,0.005866083511,0.1145695851,0.1276377952,0.0008661411703,0.002362204716,4.351000715e-08
7.71,-0.2674422428,-0.03722900404,-0.04531160201,0.005331352003,-0.05084420988,0.9987065967,0.002637792114,0.999996521,0,0,1.487320049,1.547759219,-1.432621828,1.840835846,0.2980649315,-0.1759255212,-0.02735297253,-1.492635896,1.6493361,1.217488709,1.587287753,0.140956034,0.1662695432,-0.6889528297,0.005630457914,-0.001521060891,-0.00710023547,0.0361818506,0.04375765521,-0.02581074923,-0.03967201074,-0.01195416627,0,-0.02040892301,0.007850099134,0.0320173949,0.02393198343,-0.02876148147,0.005862277294,0.03700758863,0.005862277294,0.114675856,0.1276377952,0.0008661411703,0.002362204716,4.351000782e-08
7.72,-0.2679021507,-0.03717551134,-0.04667216599,0.005367245638,-0.05084420988,0.9987065967,0.002637792114,0.999996521,0,0,1.487376353,1.547744008,-1.43269283,1.841197664,0.2985025081,-0.1761836287,-0.02774969263,-1.492755437,1.6493361,1.21728462,1.587366254,0.1412762079,0.166508863,-0.6892404445,0.005447661534,-0.001528883031,-0.007350695555,0.03677850138,0.04503397554,-0.02644411178,-0.0408597281,-0.01193041975,0,-0.02097803663,0.007603443587,0.03309634664,0.02476556652,-0.02959953088,0.005858471307,0.03700601575,0.005858471307,0.1147828413,0.1276377952,0.0008661411703,0.002362204716,4.351000782e-08
7.73,-0.2683757286,-0.03712165801,-0.04804547019,0.005403475379,-0.05084420988,0.9987065967,0.002637792114,0.999996521,0,0,1.48743083,1.547728719,-1.432766337,1.841565449,0.2989528479,-0.1764480698,-0.02815828992,-1.492874742,1.6493361,1.217074839,1.587442288,0.1416071714,0.1667565187,-0.6895364398,0.005263079581,-0.001536738773,-0.00760347945,0.03738062964,0.04632185379,-0.0270833929,-0.04205856341,-0.0119064938,4.440892099e-14,-0.02155223179,0.007354561756,0.03418476015,0.02560666766,-0.03044537101,0.005854665742,0.03700441329,0.005854665742,0.1148905479,0.1276377952,0.0008661411703,0.002362204716,4.351000782e-08
7.74,-0.2688631004,-0.03706744077,-0.04943085699,0.005440023875,-0.05084420988,0.9987065967,0.002637792114,0.999996521,0,0,1.487483461,1.547713352,-1.432842372,1.841939255,0.2994160664,-0.1767189037,-0.02857887555,-1.492993807,1.6493361,1.216859317,1.587515834,0.141949019,0.1670125854,-0.6898408935,0.005076794815,-0.001544622963,-0.007858469146,0.03798795205,0.04762067789,-0.02772829576,-0.04326796075,-0.01188240116,-4.440892099e-14,-0.02213123286,0.007103572198,0.03528210639,0.02645488593,-0.03129860757,0.005850860803,0.03700278119,0.005850860803,0.1149989823,0.1276377952,0.0008661411703,0.002362204716,4.351000737e-08
7.75,-0.2693643838,-0.03701285653,-0.05082767536,0.005476873953,-0.05084420988,0.9987065967,0.002637792114,0.999996521,0,0,1.487534229,1.547697906,-1.432920956,1.842319135,0.2998922732,-0.1769961867,-0.02901155516,-1.493112631,1.6493361,1.216638005,1.58758687,0.1423018401,0.1672771342,-0.6901538796,0.004888889197,-0.001552530513,-0.008115547805,0.03860018811,0.04892984196,-0.02837852647,-0.04448736967,-0.0118581544,2.220446049e-14,-0.022714767,0.006850592276,0.03638786176,0.02730982452,-0.03215885018,0.005847056698,0.03700111942,0.005847056698,0.1151081507,0.1276377952,0.0008661411703,0.002362204716,4.351000782e-08
7.76,-0.2698796899,-0.03695790234,-0.05223528083,0.005514008611,-0.05084420988,0.9987065967,0.002637792114,0.999996521,0,0,1.487583118,1.54768238,-1.433002112,1.842705137,0.3003815716,-0.177279972,-0.02945642885,-1.493231212,1.6493361,1.216410857,1.587655376,0.1426657187,0.1675502325,-0.6904754681,0.004699443899,-0.001560456397,-0.008374599761,0.03921706018,0.05024874628,-0.02903379406,-0.04571624524,-0.01183376599,0,-0.02330256418,0.006595738154,0.03750150809,0.02817109061,-0.03302571236,0.005843253647,0.03699942797,0.005843253647,0.1152180589,0.1276377952,0.0008661411703,0.002362204716,4.35100076e-08
7.77,-0.2704091233,-0.03690257546,-0.05365303552,0.005551411019,-0.05084420988,0.9987065967,0.002637792114,0.999996521,0,0,1.487630112,1.547666776,-1.433085858,1.843097307,0.3008840591,-0.1775703099,-0.02991359131,-1.49334955,1.6493361,1.216177831,1.587721333,0.1430407338,0.1678319434,-0.6908057252,0.004508539304,-0.001568395654,-0.008635510518,0.03983829343,0.0515767973,-0.02969381048,-0.04695404799,-0.01180924823,0,-0.02389435718,0.006339124801,0.03862253262,0.02903829547,-0.03389881155,0.005839451875,0.03699770688,0.005839451875,0.1153287126,0.1276377952,0.0008661411703,0.002362204716,4.35100076e-08
7.78,-0.2709527823,-0.03684687329,-0.05508030815,0.005589064524,-0.05084420988,0.9987065967,0.002637792114,0.999996521,0,0,1.487675197,1.547651092,-1.433172213,1.84349569,0.301399827,-0.177867248,-0.03038313179,-1.493467642,1.6493361,1.215938888,1.587784724,0.1434269591,0.1681223263,-0.6911447134,0.004316255005,-0.001576343388,-0.008898166749,0.04046361584,0.05291340762,-0.03035829062,-0.0482002439,-0.01178461328,0,-0.02448988155,0.006080865989,0.03975042806,0.02991105439,-0.03477776908,0.005835651614,0.03699595619,0.005835651614,0.1154401168,0.1276377952,0.0008661411703,0.002362204716,4.35100076e-08
7.79,-0.2715107591,-0.03679079339,-0.056516474,0.005626952645,-0.05084420988,0.9987065967,0.002637792114,0.999996521,0,0,1.48771836,1.547635328,-1.433261195,1.843900327,0.3019289611,-0.1781708309,-0.03086513422,-1.493585488,1.6493361,1.215693989,1.587845533,0.1438244634,0.1684214369,-0.691492491,0.00412266981,-0.00158429477,-0.009162456296,0.04109275826,0.05425799603,-0.03102695228,-0.04945430447,-0.01175987318,-2.220446049e-14,-0.02508887569,0.005821074291,0.04088469255,0.03078898674,-0.03566221018,0.005831853106,0.03699417597,0.005831853106,0.1155522765,0.1276377952,0.0008661411703,0.002362204716,4.35100076e-08
7.8,-0.2720831394,-0.03673433351,-0.05796091493,0.005665059075,-0.05084420988,0.9987065967,0.002637792114,0.999996521,0,0,1.487759587,1.547619486,-1.433352819,1.844311254,0.3024715411,-0.1784811004,-0.03135967727,-1.493703087,1.6493361,1.2154431,1.587903744,0.1442333103,0.1687293267,-0.6918491131,0.003927861744,-0.001592245036,-0.009428268167,0.04172545433,0.05560998748,-0.03169951621,-0.0507157066,-0.01173503981,0,-0.02569108076,0.005559861084,0.04202482967,0.03167171591,-0.03655176396,0.005828056599,0.03699236632,0.005828056599,0.1156651962,0.1276377952,0.0008661411703,0.002362204716,4.351000782e-08
7.81,-0.2726700029,-0.03667749153,-0.05941301939,0.005703367679,-0.05084420988,0.9987065967,0.002637792114,0.999996521,0,0,1.487798865,1.547603563,-1.433447102,1.844728509,0.3030276409,-0.1787980956,-0.03186683434,-1.493820438,1.6493361,1.215186189,1.587959342,0.1446535586,0.1690460439,-0.6922146308,0.00373190805,-0.001600189488,-0.009695492538,0.04236144053,0.05696881308,-0.03237570604,-0.0519839327,-0.01171012491,2.220446049e-14,-0.02629624076,0.005297336545,0.04317034849,0.03255886937,-0.03744606345,0.005824262348,0.03699052736,0.005824262348,0.11577888,0.1276377952,0.0008661411703,0.002362204716,4.351000782e-08
7.82,-0.2732714233,-0.03662026553,-0.06087218241,0.005741862499,-0.05084420988,0.9987065967,0.002637792114,0.999996521,0,0,1.487836184,1.547587561,-1.433544057,1.845152123,0.3035973291,-0.1791218527,-0.03238667366,-1.493937539,1.6493361,1.214923227,1.588012316,0.1450852621,0.1693716326,-0.6925890914,0.003534885193,-0.001608123499,-0.009964020751,0.04300045616,0.05833391011,-0.03305524834,-0.0532584706,-0.01168514008,2.220446049e-14,-0.02690410248,0.005033609656,0.0443207635,0.03345007863,-0.03834474556,0.005820470616,0.03698865925,0.005820470616,0.1158933319,0.1276377952,0.0008661411703,0.002362204716,4.35100076e-08
7.83,-0.2738874681,-0.03656265372,-0.0623378056,0.005780527747,-0.05084420988,0.9987065967,0.002637792114,0.999996521,0,0,1.487871533,1.54757148,-1.433643697,1.845582128,0.3041806682,-0.1794524051,-0.03291925837,-1.49405439,1.6493361,1.214654186,1.588062652,0.1455284697,0.1697061334,-0.6929725389,0.00333686886,-0.001616042506,-0.01023374531,0.04364224335,0.05970472203,-0.03373787258,-0.05453881357,-0.01166009677,-4.440892099e-14,-0.02751441553,0.004768788199,0.04547559468,0.03434497925,-0.03924745107,0.005816681673,0.03698676216,0.005816681673,0.1160085554,0.1276377952,0.0008661411703,0.002362204716,4.351000737e-08
7.84,-0.274518199,-0.03650465446,-0.06380929716,0.005819347811,-0.05084420988,0.9987065967,0.002637792114,0.999996521,0,0,1.487904902,1.54755532,-1.433746034,1.84601855,0.3047777154,-0.1797897839,-0.0334646465,-1.494170991,1.6493361,1.214379042,1.58811034,0.1459832256,0.1700495832,-0.6933650134,0.003137933961,-0.001623942018,-0.01050455989,0.04428654705,0.06108069845,-0.03442331114,-0.05582446036,-0.0116350063,2.220446049e-14,-0.02812693233,0.004502978759,0.04663436749,0.03524321086,-0.04015382466,0.005812895794,0.03698483627,0.005812895794,0.1161245538,0.1276377952,0.0008661411703,0.002362204716,4.351000782e-08
7.85,-0.2751636716,-0.0364462663,-0.06528607185,0.005858307252,-0.05084420988,0.9987065967,0.002637792114,0.999996521,0,0,1.487936281,1.54753908,-1.43385108,1.846461416,0.3053885224,-0.180134017,-0.03402289111,-1.494287341,1.6493361,1.214097773,1.58815537,0.1464495693,0.1704020153,-0.6937665516,0.002938154637,-0.001631817612,-0.01077635933,0.04493311502,0.06246129518,-0.0351112993,-0.0571149151,-0.01160987983,0,-0.0287414081,0.004236286719,0.04779661286,0.03614441713,-0.04106351489,0.005809113265,0.03698288183,0.005809113265,0.11624133,0.1276377952,0.0008661411703,0.002362204716,4.35100076e-08
7.86,-0.2758239361,-0.0363874879,-0.06676755103,0.005897390804,-0.05084420988,0.9987065967,0.002637792114,0.999996521,0,0,1.487965663,1.547522762,-1.433958844,1.846910747,0.3060131353,-0.18048513,-0.03459404026,-1.49440344,1.6493361,1.213810358,1.588197732,0.1469275355,0.1707634594,-0.6941771868,0.002737604255,-0.001639664935,-0.01104903962,0.04558169785,0.06384597417,-0.03580157527,-0.05840968738,-0.01158472838,0,-0.0293576009,0.003968816267,0.04896186719,0.03704824579,-0.04197617418,0.005805334373,0.03698089906,0.005805334373,0.1163588867,0.1276377952,0.0008661411703,0.002362204716,4.35100076e-08
7.87,-0.2764990364,-0.03632831812,-0.06825316265,0.005936583376,-0.05084420988,0.9987065967,0.002637792114,0.999996521,0,0,1.487993039,1.547506365,-1.434069334,1.847366564,0.3066515951,-0.1808431457,-0.03517813713,-1.494519287,1.6493361,1.213516782,1.588237421,0.1474171541,0.1711339419,-0.6945969485,0.002536355413,-0.001647479707,-0.01132249792,0.04623204895,0.06523420357,-0.03649388014,-0.05970829221,-0.01155956282,0,-0.02997527157,0.00370067039,0.05012967238,0.03795434865,-0.04289145884,0.005801559415,0.03697888824,0.005801559415,0.1164772262,0.1276377952,0.0008661411703,0.002362204716,4.35100076e-08
7.88,-0.2771890112,-0.03626875592,-0.0697423412,0.005975870048,-0.05084420988,0.9987065967,0.002637792114,0.999996521,0,0,1.488018402,1.54748989,-1.434182559,1.847828884,0.3073039371,-0.1812080845,-0.03577522005,-1.494634883,1.6493361,1.21321703,1.588274427,0.1479184508,0.1715134854,-0.6950258631,0.002334479943,-0.001655257714,-0.01159663254,0.04688392455,0.06662545767,-0.03718795789,-0.06101025002,-0.01153439389,-2.220446049e-14,-0.03059418379,0.003431950877,0.05129957584,0.03886238154,-0.04380902906,0.005797788694,0.03697684966,0.005797788694,0.1165963504,0.1276377952,0.0008661411703,0.002362204716,4.35100076e-08
7.89,-0.2778938933,-0.03620880045,-0.0712345278,0.006015236077,-0.05084420988,0.9987065967,0.002637792114,0.999996521,0,0,1.488041747,1.547473338,-1.434298525,1.848297723,0.3079701917,-0.1815799641,-0.03638532255,-1.494750227,1.6493361,1.212911088,1.588308747,0.1484314466,0.1719021092,-0.6954639534,0.002132048913,-0.00166299482,-0.01187134298,0.04753708368,0.06801921695,-0.03788355541,-0.06231508664,-0.01150923215,2.220446049e-14,-0.03121410406,0.003162758315,0.05247113046,0.03977200437,-0.04472854887,0.005794022518,0.03697478363,0.005794022518,0.1167162613,0.1276377952,0.0008661411703,0.002362204716,4.351000782e-08
7.9,-0.27861371,-0.03614845098,-0.07272917012,0.006054666892,-0.05084420988,0.9987065967,0.002637792114,0.999996521,0,0,1.488063068,1.547456708,-1.434417239,1.848773094,0.3086503838,-0.1819587997,-0.03700847342,-1.494865319,1.6493361,1.212598947,1.588340374,0.1489561579,0.1722998292,-0.6959112389,0.00185939514,-0.001657903165,-0.01206731616,0.04815244841,0.06946917341,-0.03844772079,-0.06370328969,-0.01142625037,0,-0.03187888123,0.002905748415,0.05361877436,0.04076515249,-0.04559358887,0.005790261202,0.03697269048,0.005790261202,0.1168369601,0.1276377952,0.0008661411703,0.002362204716,4.35100076e-08
7.91,-0.2793484831,-0.03608770695,-0.07422572243,0.006094148095,-0.05084420988,0.9987065967,0.002637792114,0.999996521,0,0,1.488081662,1.547440129,-1.434537912,1.849254619,0.3093450756,-0.1823432769,-0.03764550632,-1.494979582,1.6493361,1.212280158,1.588369432,0.1494923457,0.1727074808,-0.6963671748,0.001179229893,-0.0015782446,-0.01180127117,0.04854200717,0.07123711498,-0.03823851921,-0.06556599565,-0.01100577183,0,-0.03280133093,0.002721766497,0.05462040616,0.04223926675,-0.0461325779,0.005786532841,0.03697056971,0.005786532841,0.116942963,0.1276377952,0.0008661411703,0.002362204716,4.35100076e-08
7.92,-0.280098229,-0.0360265679,-0.07572364556,0.006133665462,-0.05084420988,0.9987065967,0.002637792114,0.999996521,0,0,1.488093454,1.547424346,-1.434655925,1.849740039,0.3100574467,-0.1827256621,-0.03830116627,-1.495089639,1.6493361,1.211952145,1.588396649,0.1500385497,0.1731298734,-0.6968285006,0.0009643986468,-0.001583987292,-0.01206448124,0.04919159424,0.07264413799,-0.03891644393,-0.06688956888,-0.01097163637,0,-0.03342959953,0.002453764075,0.05579000563,0.04316441768,-0.04704723608,0.005782999502,0.03696841663,0.005782999502,0.1169379816,0.1276377952,0.0008661411703,0.002362204716,4.35100076e-08
7.93,-0.2808629588,-0.03596503356,-0.07722240694,0.006173204943,-0.05084420988,0.9987065967,0.002637792114,0.999996521,0,0,1.488103098,1.547408507,-1.434776569,1.850231955,0.3107838881,-0.1831148265,-0.03897006196,-1.495199356,1.6493361,1.211617849,1.588421187,0.1505964498,0.1735615176,-0.6972989729,0.0007492752686,-0.001589678512,-0.01232786284,0.04984152985,0.07405166537,-0.03959489842,-0.06821419149,-0.01093754546,0,-0.03405796498,0.002185681723,0.05695950788,0.04408983883,-0.04796253732,0.005779475708,0.03696623761,0.005779475708,0.1169205774,0.1276377952,0.0008661411703,0.002362204716,4.35100076e-08
7.94,-0.2816426782,-0.03590310378,-0.07872148057,0.006212752662,-0.05084420988,0.9987065967,0.002637792114,0.999996521,0,0,1.488110591,1.54739261,-1.434899848,1.85073037,0.3115244048,-0.1835107755,-0.03965220388,-1.495308731,1.6493361,1.211277269,1.588443044,0.1511660448,0.174002416,-0.6977785983,0.0005339307483,-0.001595315243,-0.01259132547,0.05049158928,0.07545920563,-0.04027365126,-0.06953941197,-0.01090351212,0,-0.03468620538,0.001917613364,0.0581284946,0.04501520588,-0.04887816804,0.005775961767,0.03696403308,0.005775961767,0.1168903289,0.1276377952,0.0008661411703,0.002362204716,4.35100076e-08
7.95,-0.2824373877,-0.03584077853,-0.08022034704,0.006252294916,-0.05084420988,0.9987065967,0.002637792114,0.999996521,0,0,1.48811593,1.547376657,-1.435025761,1.851235286,0.3122789968,-0.183913512,-0.040347598,-1.495417766,1.6493361,1.210930407,1.58846222,0.1517473298,0.1744525681,-0.69826738,0.0003184352788,-0.001600894533,-0.01285477976,0.05114155058,0.07686627347,-0.04095247384,-0.07086478425,-0.01086954913,0,-0.03531410172,0.001649651726,0.05929655301,0.04594019862,-0.0497938185,0.005772457992,0.03696180349,0.005772457992,0.1168468108,0.1276377952,0.0008661411703,0.002362204716,4.35100076e-08
7.96,-0.2832470827,-0.03577805794,-0.08171849353,0.006291818175,-0.05084420988,0.9987065967,0.002637792114,0.999996521,0,0,1.488119114,1.547360648,-1.435154309,1.851746701,0.3130476596,-0.1843230367,-0.04105624584,-1.495526462,1.6493361,1.210577266,1.588478717,0.1523402953,0.1749119701,-0.6987653182,0.0001028582573,-0.001606413494,-0.01311813743,0.05179119459,0.0782723898,-0.04163114033,-0.07218986768,-0.01083566911,0,-0.03594143782,0.001381888345,0.06046327586,0.04686450097,-0.05070918274,0.005768964698,0.0369595493,0.005768964698,0.1167895946,0.1276377952,0.0008661411703,0.002362204716,4.35100076e-08
7.97,-0.2840717535,-0.03571494227,-0.08321541377,0.006331309085,-0.05084420988,0.9987065967,0.002637792114,0.999996521,0,0,1.488120143,1.547344584,-1.435285491,1.852264613,0.3138303835,-0.1847393481,-0.04177814452,-1.495634819,1.6493361,1.210217852,1.588492535,0.1529449281,0.1753806151,-0.69927241,-0.0001127317128,-0.001611869299,-0.01338131131,0.05244030491,0.07967708175,-0.04230942769,-0.07351422704,-0.01080188449,0,-0.0365680004,0.001114413563,0.06162826142,0.04778780097,-0.05162395865,0.005765482204,0.03695727103,0.005765482204,0.1167182488,0.1276377952,0.0008661411703,0.002362204716,4.35100076e-08
7.98,-0.2849113852,-0.03565143191,-0.08471060809,0.006370754462,-0.05084420988,0.9987065967,0.002637792114,0.999996521,0,0,1.488119016,1.547328465,-1.435419304,1.852789016,0.3146271543,-0.1851624424,-0.04251328679,-1.495742837,1.6493361,1.209852172,1.58850368,0.1535612107,0.1758584931,-0.6997886496,-0.0003282668208,-0.001617259188,-0.01364421534,0.05308866796,0.08107988264,-0.04298711565,-0.07483743254,-0.01076820749,0,-0.037193579,0.0008473165293,0.06279111349,0.04870979078,-0.05253784788,0.005762010828,0.03695496916,0.005762010828,0.1166323392,0.1276377952,0.0008661411703,0.002362204716,4.35100076e-08
7.99,-0.2857659582,-0.03558752738,-0.08620358342,0.006410141299,-0.05084420988,0.9987065967,0.002637792114,0.999996521,0,0,1.488115733,1.547312292,-1.435555746,1.853319903,0.3154379531,-0.1855923136,-0.04326166111,-1.495850519,1.6493361,1.209480236,1.588512153,0.1541891218,0.176345591,-0.7003140281,-0.0005436800474,-0.001622580462,-0.01390676454,0.0537360729,0.08248033198,-0.04366398672,-0.07615905979,-0.01073465016,0,-0.03781796606,0.0005806851989,0.06395144141,0.04963016669,-0.05345055593,0.005758550894,0.03695264425,0.005758550894,0.1165314286,0.1276377952,0.0008661411703,0.002362204716,4.35100076e-08
8,-0.2866354479,-0.03552322932,-0.08769385324,0.00644945676,-0.05084420988,0.9987065967,0.002637792114,0.999996521,0,0,1.488110296,1.547296066,-1.435694813,1.853857264,0.3162627564,-0.1860289534,-0.04402325171,-1.495957866,1.6493361,1.209102056,1.58851796,0.1548286362,0.1768418926,-0.7008485336,-0.0007589051624,-0.001627830488,-0.01416887508,0.0543823117,0.08387797552,-0.04433982623,-0.07747868985,-0.01070122434,0,-0.03844095687,0.0003146063327,0.06510886006,0.05054862912,-0.05436179207,0.005755102727,0.03695029684,0.005755102727,0.116415078,0.1276377952,0.0008661411703,0.002362204716,4.35100076e-08
8.01,-0.2875198247,-0.03545853852,-0.08918093762,0.006488688186,-0.05084420988,0.9987065967,0.002637792114,0.999996521,0,0,1.488102707,1.547279788,-1.435836502,1.854401087,0.3171015362,-0.1864723517,-0.04479803861,-1.496064878,1.6493361,1.208717647,1.588521106,0.1554797248,0.1773473789,-0.7013921515,-0.0009738767246,-0.0016330067,-0.01443046418,0.0550271791,0.0852723652,-0.04501442223,-0.07879590916,-0.01066794169,0,-0.03906234959,4.916549776e-05,0.06626298983,0.05146488262,-0.05527126939,0.005751666654,0.03694792749,0.005751666654,0.1162828461,0.1276377952,0.0008661411703,0.002362204716,4.35100076e-08
8.02,-0.2884190544,-0.03539345588,-0.09066436322,0.006527823087,-0.05084420988,0.9987065967,0.002637792114,0.999996521,0,0,1.488092968,1.547263458,-1.435980807,1.854951359,0.3179542598,-0.1869224959,-0.0455859977,-1.496171558,1.6493361,1.208327023,1.588521597,0.1561423547,0.1778620278,-0.7019448642,-0.00118853008,-0.001638106593,-0.01469145022,0.05567047262,0.08666305916,-0.04568756558,-0.08011030959,-0.01063481367,0,-0.03968194523,-0.0002155529332,0.0674134567,0.05237863585,-0.05617870478,0.005748243002,0.0369455368,0.005748243002,0.1161342898,0.1276377952,0.0008661411703,0.002362204716,4.35100076e-08
8.03,-0.2893330982,-0.03532798242,-0.09214366328,0.006566849151,-0.05084420988,0.9987065967,0.002637792114,0.999996521,0,0,1.488081083,1.547247077,-1.436127721,1.855508063,0.3188208904,-0.1873793716,-0.0463871008,-1.496277906,1.6493361,1.207930204,1.588519442,0.1568164893,0.1783858141,-0.7025066513,-0.00140280136,-0.001643127731,-0.01495175263,0.05631199255,0.08804962175,-0.04635904992,-0.08142148841,-0.01060185154,-2.220446049e-14,-0.04029954771,-0.0004794657815,0.06855989217,0.0532896016,-0.0570838189,0.005744832101,0.03694312536,0.005744832101,0.1159689645,0.1276377952,0.0008661411703,0.002362204716,4.35100076e-08
8.04,-0.2902619124,-0.0352621193,-0.09361837762,0.006605754236,-0.05084420988,0.9987065967,0.002637792114,0.999996521,0,0,1.488067055,1.547230646,-1.436277239,1.856071183,0.3197013866,-0.1878429621,-0.04720131568,-1.496383924,1.6493361,1.207527208,1.588514647,0.1575020882,0.1789187101,-0.7030774895,-0.001616627483,-0.001648067743,-0.01521129198,0.05695154197,0.08943162354,-0.04702867165,-0.08272904829,-0.01056906639,2.220446049e-14,-0.04091496377,-0.000742491063,0.06970193329,0.0541974968,-0.05798633624,0.005741434283,0.0369406938,0.005741434283,0.1157864242,0.1276377952,0.0008661411703,0.002362204716,4.351000782e-08
8.05,-0.2912054489,-0.03519586778,-0.09508805263,0.006644526377,-0.05084420988,0.9987065967,0.002637792114,0.999996521,0,0,1.488050889,1.547214165,-1.436429352,1.856640699,0.3205957029,-0.1883132488,-0.04802860616,-1.496489615,1.6493361,1.207118059,1.588507222,0.1581991076,0.1794606851,-0.7036573528,-0.001829946148,-0.001652924322,-0.01546998992,0.05758892673,0.0908086413,-0.04769622993,-0.08403259731,-0.01053646909,2.220446049e-14,-0.04152800304,-0.001004547988,0.07083922268,0.0551020425,-0.05888598508,0.00573804988,0.03693824274,0.00573804988,0.1155862221,0.1276377952,0.0008661411703,0.002362204716,4.35100076e-08
8.06,-0.2921636552,-0.03512922926,-0.0965522413,0.006683153781,-0.05084420988,0.9987065967,0.002637792114,0.999996521,0,0,1.488032589,1.547197636,-1.436584052,1.857216588,0.3215037893,-0.1887902111,-0.04886893214,-1.49659498,1.6493361,1.206702779,1.588497177,0.1589074998,0.1800117055,-0.7042462127,-0.002042695841,-0.001657695231,-0.01572776923,0.05822395547,0.09218025798,-0.04836152673,-0.08533174893,-0.01050407033,-4.440892099e-14,-0.04213847803,-0.001265556962,0.07197140848,0.05600296387,-0.05978249748,0.005734679225,0.03693577285,0.005734679225,0.1153679104,0.1276377952,0.0008661411703,0.002362204716,4.351000737e-08
8.07,-0.293136474,-0.03506220523,-0.09801050318,0.006721624827,-0.05084420988,0.9987065967,0.002637792114,0.999996521,0,0,1.488012162,1.547181059,-1.436741329,1.857798828,0.3224255919,-0.1892738264,-0.04972224963,-1.49670002,1.6493361,1.206281394,1.588484521,0.1596272139,0.1805717352,-0.7048440377,-0.002253997154,-0.001662353487,-0.01598412834,0.05884521154,0.09354874851,-0.04901303925,-0.086622391,-0.0104703535,4.440892099e-14,-0.04275229506,-0.001541727638,0.07309823463,0.05691409331,-0.06067234421,0.005731322652,0.03693328479,0.005731322652,0.1151310408,0.1276377952,0.0008661411703,0.002362204716,4.351000782e-08
8.08,-0.294123844,-0.03499479732,-0.09946240442,0.006759928071,-0.05084420988,0.9987065967,0.002637792114,0.999996521,0,0,1.487989622,1.547164435,-1.436901171,1.85838728,0.3233610793,-0.1897639567,-0.05058847354,-1.496804724,1.6493361,1.205853871,1.588469104,0.1603581962,0.1811408761,-0.7054507611,-0.002455578969,-0.001666648162,-0.0162347454,0.0593399737,0.09494061062,-0.04953707702,-0.0878666106,-0.01041995236,0,-0.04343056336,-0.001996409161,0.07422043241,0.05797661813,-0.06152239687,0.005727980576,0.03693077901,0.005727980576,0.1148824913,0.1276377952,0.0008661411703,0.002362204716,4.351000737e-08
8.09,-0.2951256995,-0.03492700726,-0.1009075178,0.006798052239,-0.05084420988,0.9987065967,0.002637792114,0.999996521,0,0,1.487965067,1.547147769,-1.437063518,1.85898068,0.3243104855,-0.1902593275,-0.05146713964,-1.496908923,1.6493361,1.205419565,1.58844914,0.1611004005,0.1817206423,-0.7060659851,-0.002666200629,-0.001671147475,-0.01648932314,0.05996614465,0.09629371406,-0.05019381849,-0.08914981318,-0.01038798615,-2.220446049e-14,-0.04403307318,-0.002255112888,0.07533557582,0.05886609453,-0.06240746435,0.00572465422,0.03692825376,0.00572465422,0.1147193817,0.1276377952,0.0008661411703,0.002362204716,4.351000737e-08
8.1,-0.2961419703,-0.03485883691,-0.1023454225,0.006835986234,-0.05084420988,0.9987065967,0.002637792114,0.999996521,0,0,1.487938405,1.547131057,-1.437228411,1.859580341,0.3252734226,-0.1907612657,-0.05235863777,-1.497012803,1.6493361,1.204979234,1.588426589,0.1618537563,0.1823093032,-0.7066900597,-0.003214307752,-0.001611698061,-0.01635373323,0.06039524672,0.09790284061,-0.05018935672,-0.09081628757,-0.01007359045,0,-0.04484434435,-0.0024471164,0.07632249981,0.06014699227,-0.06301762586,0.005721342948,0.03692571244,0.005721342948,0.1145686762,0.1276377952,0.0008661411703,0.002362204716,4.35100076e-08
8.11,-0.2971725825,-0.03479028821,-0.1037757045,0.006873719131,-0.05084420988,0.9987065967,0.002637792114,0.999996521,0,0,1.487906262,1.54711494,-1.437391949,1.860184293,0.326252451,-0.1912631593,-0.05326680065,-1.497113539,1.6493361,1.204530791,1.588402118,0.1626169813,0.1829107732,-0.707320236,-0.003842963579,-0.001537033115,-0.01612328964,0.06077460626,0.09956802903,-0.05002383054,-0.09257012054,-0.009691571955,0,-0.04570286317,-0.002621984394,0.07727307718,0.06151783668,-0.06355851356,0.005718185989,0.03692315275,0.005718185989,0.1145532878,0.1276377952,0.0008661411703,0.002362204716,4.35100076e-08
8.12,-0.2982174577,-0.03472136323,-0.1051979562,0.006911240178,-0.05084420988,0.9987065967,0.002637792114,0.999996521,0,0,1.487867832,1.54709957,-1.437553182,1.860792039,0.3272481313,-0.1917633976,-0.05419250186,-1.497210455,1.6493361,1.204073762,1.588375898,0.1633897121,0.1835259515,-0.7079558211,-0.004061637664,-0.001539584831,-0.01636182224,0.06138517641,0.1009074482,-0.05065101868,-0.09384675046,-0.009651671376,0,-0.04630123085,-0.002874369442,0.07836370224,0.06240433703,-0.06442222146,0.005715216166,0.03692057492,0.005715216166,0.1146911376,0.1276377952,0.0008661411703,0.002362204716,4.35100076e-08
8.13,-0.2992765135,-0.03465206415,-0.1066117767,0.006948538797,-0.05084420988,0.9987065967,0.002637792114,0.999996521,0,0,1.487827215,1.547084174,-1.4377168,1.861405891,0.3282572058,-0.1922699078,-0.05513096936,-1.497306972,1.6493361,1.20361075,1.588347154,0.1641733491,0.1841499949,-0.7086000433,-0.004279281929,-0.001542056756,-0.0165989895,0.06199217618,0.1022386832,-0.05127477101,-0.09511636143,-0.00961208606,0,-0.04689576468,-0.003125190015,0.07944693405,0.06328532014,-0.06528107228,0.005712265476,0.03691798346,0.005712265476,0.1148297357,0.1276377952,0.0008661411703,0.002362204716,4.35100076e-08
8.14,-0.3003496638,-0.03458239323,-0.1080167717,0.006985604586,-0.05084420988,0.9987065967,0.002637792114,0.999996521,0,0,1.487784423,1.547068754,-1.43788279,1.862025813,0.3292795926,-0.1927826555,-0.05608213297,-1.497403092,1.6493361,1.203141792,1.588315902,0.1649678184,0.1847828481,-0.709252854,-0.004495838276,-0.001544447715,-0.01683472629,0.06259543825,0.1035613643,-0.05189491736,-0.09637860688,-0.009572827542,0,-0.04748629822,-0.003374376301,0.08052246628,0.06416054064,-0.06613483075,0.005709334188,0.03691537913,0.005709334188,0.1149690774,0.1276377952,0.0008661411703,0.002362204716,4.35100076e-08
8.15,-0.3014368182,-0.03451235287,-0.1094125533,0.007022427312,-0.05084420988,0.9987065967,0.002637792114,0.999996521,0,0,1.487739464,1.547053309,-1.438051137,1.862651767,0.3303152062,-0.1933016046,-0.05704591904,-1.497498821,1.6493361,1.202666929,1.588282158,0.1657730431,0.1854244535,-0.7099142023,-0.004711249423,-0.001546756587,-0.0170689685,0.06319479804,0.1048751282,-0.05251129022,-0.09763314567,-0.009533907125,-2.220446049e-14,-0.04807266794,-0.003621859674,0.08158999815,0.06502975733,-0.06698326534,0.005706422572,0.03691276273,0.005706422572,0.115109158,0.1276377952,0.0008661411703,0.002362204716,4.35100076e-08
8.16,-0.3025378829,-0.03444194553,-0.1107987403,0.00705899692,-0.05084420988,0.9987065967,0.002637792114,0.999996521,0,0,1.487692352,1.547037842,-1.438221827,1.863283715,0.3313639575,-0.1938267175,-0.0580222505,-1.49759416,1.6493361,1.202186203,1.58824594,0.1665889431,0.1860747511,-0.710584035,-0.004925458913,-0.001548982301,-0.01730165308,0.06379009371,0.1061796178,-0.05312372475,-0.09887964211,-0.009495335881,2.220446049e-14,-0.04865471322,-0.0038675727,0.08264923444,0.06589273322,-0.06782614829,0.005703530891,0.03691013504,0.005703530891,0.1152499725,0.1276377952,0.0008661411703,0.002362204716,4.351000782e-08
8.17,-0.3036527598,-0.0343711738,-0.1121749582,0.007095303527,-0.05084420988,0.9987065967,0.002637792114,0.999996521,0,0,1.487643097,1.547022352,-1.438394843,1.863921616,0.3324257537,-0.1943579548,-0.05901104692,-1.497689113,1.6493361,1.201699656,1.588207264,0.1674154354,0.1867336784,-0.7112622965,-0.005138411105,-0.001551123845,-0.01753271804,0.06438116616,0.107474482,-0.05373205875,-0.1001177659,-0.009457124649,0,-0.04923227631,-0.004111449136,0.08369988547,0.06674923551,-0.06866325558,0.005700659408,0.03690749687,0.005700659408,0.1153915158,0.1276377952,0.0008661411703,0.002362204716,4.35100076e-08
8.18,-0.3047813476,-0.03430004037,-0.1135408388,0.007131337422,-0.05084420988,0.9987065967,0.002637792114,0.999996521,0,0,1.487591713,1.547006841,-1.43857017,1.864565428,0.3335004985,-0.1948952754,-0.06001222458,-1.497783684,1.6493361,1.201207333,1.58816615,0.1682524343,0.1874011708,-0.711948929,-0.005350051184,-0.001553180255,-0.01776210242,0.06496785902,0.1087593762,-0.05433613272,-0.1013471924,-0.009419284037,0,-0.04980520241,-0.004353423927,0.08474166713,0.06759903559,-0.06949436694,0.005697808384,0.03690484902,0.005697808384,0.1155337826,0.1276377952,0.0008661411703,0.002362204716,4.35100076e-08
8.19,-0.3059235409,-0.034228548,-0.1148960207,0.00716708907,-0.05084420988,0.9987065967,0.002637792114,0.999996521,0,0,1.487538213,1.546991309,-1.438747791,1.865215107,0.3345880923,-0.1954386367,-0.0610256965,-1.497877877,1.6493361,1.200709281,1.588122615,0.169099851,0.1880771611,-0.7126438727,-0.005560325153,-0.001555150624,-0.01798974635,0.06555001868,0.110033962,-0.0549357898,-0.102567602,-0.00938182442,2.220446049e-14,-0.05037333957,-0.004593433208,0.08577430083,0.06844190905,-0.07031926585,0.005694978075,0.03690219232,0.005694978075,0.1156767672,0.1276377952,0.0008661411703,0.002362204716,4.35100076e-08
8.2,-0.3070792311,-0.03415669956,-0.116240149,0.007202549109,-0.05084420988,0.9987065967,0.002637792114,0.999996521,0,0,1.487482609,1.546975757,-1.438927689,1.865870607,0.3356884319,-0.1959879946,-0.06205137252,-1.497971695,1.6493361,1.200205547,1.588076681,0.169957594,0.1887615802,-0.7133470654,-0.005769179837,-0.001557034096,-0.01821559097,0.06612749425,0.1112979072,-0.05553087582,-0.1037786809,-0.009344755943,-4.440892099e-14,-0.05093653877,-0.004831414304,0.08679751354,0.06927763566,-0.07113773956,0.005692168733,0.0368995276,0.005692168733,0.1158204639,0.1276377952,0.0008661411703,0.002362204716,4.351000737e-08
8.21,-0.3082483059,-0.03408449802,-0.1175728755,0.00723770835,-0.05084420988,0.9987065967,0.002637792114,0.999996521,0,0,1.487424918,1.546960187,-1.439109845,1.866531882,0.336801411,-0.1965433034,-0.06308915933,-1.498065143,1.6493361,1.199696182,1.588028367,0.1708255691,0.1894543566,-0.7140584428,-0.005976562884,-0.001558829868,-0.01843957849,0.0667001376,0.1125508857,-0.05612123925,-0.1049801207,-0.009308088518,2.220446049e-14,-0.0514946539,-0.00506730573,0.08781103779,0.07010599939,-0.07194957905,0.00568938061,0.03689685568,0.00568938061,0.1159648669,0.1276377952,0.0008661411703,0.002362204716,4.351000782e-08
8.22,-0.3094306495,-0.03401194642,-0.1188938583,0.007272557777,-0.05084420988,0.9987065967,0.002637792114,0.999996521,0,0,1.487365152,1.546944599,-1.439294241,1.867198883,0.3379269198,-0.1971045158,-0.06413896054,-1.498158224,1.6493361,1.199181235,1.587977694,0.1717036795,0.1901554166,-0.7147779386,-0.006182422766,-0.001560537191,-0.01866165218,0.06726780333,0.1137925779,-0.05670673125,-0.1061716182,-0.009271831826,2.220446049e-14,-0.05204754172,-0.005301047191,0.08881461162,0.07092678842,-0.07275457907,0.005686613952,0.03689417741,0.005686613952,0.1161099699,0.1276377952,0.0008661411703,0.002362204716,4.35100076e-08
8.23,-0.3106261428,-0.03393904792,-0.1202027624,0.007307088551,-0.05084420988,0.9987065967,0.002637792114,0.999996521,0,0,1.487303328,1.546928993,-1.439480857,1.867871561,0.3390648456,-0.1976715831,-0.06520067672,-1.498250942,1.6493361,1.19866076,1.587924683,0.1725918256,0.1908646844,-0.7155054843,-0.006386708776,-0.001562155368,-0.01888175634,0.06783034878,0.1150226702,-0.05728720564,-0.1073528759,-0.009235995316,0,-0.05259506191,-0.00553257958,0.08980797866,0.07173979509,-0.07355253811,0.005683869001,0.03689149363,0.005683869001,0.1162557668,0.1276377952,0.0008661411703,0.002362204716,4.351000737e-08
8.24,-0.3118346634,-0.03386580574,-0.1214992592,0.007341292002,-0.05084420988,0.9987065967,0.002637792114,0.999996521,0,0,1.487239461,1.546913372,-1.439669675,1.868549865,0.3402150723,-0.1982444551,-0.06627420548,-1.498343302,1.6493361,1.198134809,1.587869357,0.1734899054,0.1915820824,-0.7162410097,-0.006589371034,-0.001563683755,-0.01909983636,0.06838763404,0.1162408554,-0.05786251892,-0.1085236016,-0.009200588208,-4.440892099e-14,-0.05313707704,-0.005761844981,0.09079088804,0.07254481596,-0.07434325844,0.005681145996,0.0368888052,0.005681145996,0.116402251,0.1276377952,0.0008661411703,0.002362204716,4.351000737e-08
8.25,-0.3130560856,-0.0337922232,-0.1227830268,0.007375159636,-0.05084420988,0.9987065967,0.002637792114,0.999996521,0,0,1.487173567,1.546897735,-1.439860673,1.869233741,0.3413774809,-0.1988230803,-0.0673594415,-1.498435308,1.6493361,1.197603439,1.587811739,0.1743978143,0.1923075305,-0.7169844423,-0.006884725822,-0.001546624046,-0.01920596461,0.06888387544,0.1175199256,-0.05824473193,-0.1097908434,-0.009086148417,2.220446049e-14,-0.05373217751,-0.005969342386,0.09172928285,0.07345145002,-0.07505130282,0.005678445171,0.03688611298,0.005678445171,0.1165494159,0.1276377952,0.0008661411703,0.002362204716,4.351000782e-08
8.26,-0.3142902804,-0.0337183037,-0.1240537497,0.007408683134,-0.05084420988,0.9987065967,0.002637792114,0.999996521,0,0,1.48710472,1.546882269,-1.440052733,1.86992258,0.3425526801,-0.1994055276,-0.06845734993,-1.49852617,1.6493361,1.197066117,1.587752046,0.1753151071,0.193042045,-0.7177349553,-0.007888854011,-0.001390417646,-0.01848276962,0.06895578836,0.1193369645,-0.05720806801,-0.1118550975,-0.008374014907,0,-0.05476333349,-0.006028084759,0.09240187733,0.07517597382,-0.07518550204,0.00567580719,0.03688341731,0.00567580719,0.1166780322,0.1276377952,0.0008661411703,0.002362204716,4.35100076e-08
8.27,-0.315537116,-0.03364405071,-0.1253111191,0.007441854348,-0.05084420988,0.9987065967,0.002637792114,0.999996521,0,0,1.487025831,1.546868364,-1.44023756,1.870612138,0.3437460498,-0.1999776083,-0.0695759009,-1.49860991,1.6493361,1.196518484,1.587691765,0.1762391259,0.1937938048,-0.7184868104,-0.008095832619,-0.001390213852,-0.01868355074,0.06949121528,0.1205252473,-0.05774917716,-0.113003255,-0.008332355525,0,-0.05529334106,-0.006248304351,0.09334804668,0.07596611232,-0.07594634749,0.00567353585,0.03688071544,0.00567353585,0.1166316909,0.1276377952,0.0008661411703,0.002362204716,4.35100076e-08
8.28,-0.3167964573,-0.03356946781,-0.1265548328,0.007474665305,-0.05084420988,0.9987065967,0.002637792114,0.999996521,0,0,1.486944873,1.546854462,-1.440424396,1.87130705,0.3449513022,-0.2005551001,-0.07070593346,-1.498693233,1.6493361,1.19596555,1.587629282,0.1771726063,0.1945534659,-0.7192462738,-0.008300906524,-0.001389944276,-0.01888220685,0.07002090956,0.1217003924,-0.05828477718,-0.1141396635,-0.008291243933,0,-0.05581725435,-0.006466056597,0.09428283136,0.07674737226,-0.07669928403,0.005671289866,0.03687801275,0.005671289866,0.1165626422,0.1276377952,0.0008661411703,0.002362204716,4.35100076e-08
8.29,-0.3180681662,-0.03349455863,-0.1277845951,0.007507108205,-0.05084420988,0.9987065967,0.002637792114,0.999996521,0,0,1.486861864,1.546840563,-1.440613218,1.872007259,0.3461683062,-0.2011379479,-0.07184733009,-1.498776146,1.6493361,1.195407378,1.587564621,0.1781154346,0.1953209396,-0.7200132667,-0.008504027785,-0.001389608885,-0.01907869112,0.07054474624,0.1228621219,-0.05881474211,-0.1152640554,-0.008250689974,0,-0.05633494918,-0.006681289972,0.09520600905,0.07751956874,-0.07744413436,0.005669069378,0.03687531014,0.005669069378,0.1164704408,0.1276377952,0.0008661411703,0.002362204716,4.35100076e-08
8.3,-0.3193521017,-0.0334193269,-0.1290001171,0.007539175422,-0.05084420988,0.9987065967,0.002637792114,0.999996521,0,0,1.486776823,1.546826667,-1.440804005,1.872712706,0.3473969274,-0.2017260953,-0.07299997064,-1.498858653,1.6493361,1.194844028,1.587497808,0.1790674947,0.1960961353,-0.720787708,-0.008705149337,-0.001389207686,-0.01927295772,0.07106260308,0.1240101644,-0.05933894859,-0.1163761692,-0.008210703221,0,-0.05684630426,-0.006893954128,0.09611736296,0.0782825211,-0.07818072492,0.005666874523,0.03687260848,0.005666874523,0.1163546457,0.1276377952,0.0008661411703,0.002362204716,4.35100076e-08
8.31,-0.3206481201,-0.0333437764,-0.1302011161,0.007570859504,-0.05084420988,0.9987065967,0.002637792114,0.999996521,0,0,1.486689772,1.546812775,-1.440996734,1.873423332,0.348637029,-0.2023194848,-0.07416373234,-1.49894076,1.6493361,1.194275565,1.587428869,0.1800286684,0.1968789605,-0.7215695153,-0.008904224986,-0.001388740719,-0.01946496182,0.07157436055,0.1251442544,-0.05985727584,-0.1174757483,-0.00817129298,0,-0.05735120127,-0.007103999899,0.09701668182,0.07903605293,-0.07890888585,0.00566470543,0.03686990867,0.00566470543,0.1162148211,0.1276377952,0.0008661411703,0.002362204716,4.35100076e-08
8.32,-0.3219560747,-0.03326791101,-0.1313873163,0.007602153172,-0.05084420988,0.9987065967,0.002637792114,0.999996521,0,0,1.48660073,1.546798887,-1.441191384,1.874139076,0.3498884716,-0.2029180575,-0.07533848982,-1.499022473,1.6493361,1.193702053,1.587357829,0.1809988352,0.1976693211,-0.7223586041,-0.009101209419,-0.001388208065,-0.01965465962,0.07207990182,0.126264133,-0.06036960565,-0.1185625422,-0.008132468286,0,-0.05784952479,-0.007311379297,0.09790375985,0.07977999207,-0.07962845105,0.005662562222,0.03686721158,0.005662562222,0.1160505358,0.1276377952,0.0008661411703,0.002362204716,4.35100076e-08
8.33,-0.3232758162,-0.03319173467,-0.1325584484,0.007633049321,-0.05084420988,0.9987065967,0.002637792114,0.999996521,0,0,1.486509718,1.546785005,-1.441387931,1.874859875,0.3511511129,-0.2035217536,-0.07652411524,-1.499103797,1.6493361,1.193123558,1.587284715,0.1819778728,0.198467121,-0.7231548886,-0.009296058197,-0.001387609839,-0.0198420083,0.07257911282,0.1273695474,-0.06087582241,-0.1196363055,-0.008094237908,-2.220446049e-14,-0.05834116233,-0.007516045513,0.09877839678,0.0805141706,-0.08033925814,0.005660445017,0.0368645181,0.005660445017,0.1158613641,0.1276377952,0.0008661411703,0.002362204716,4.35100076e-08
8.34,-0.3246071926,-0.03311525137,-0.1337142496,0.007663541019,-0.05084420988,0.9987065967,0.002637792114,0.999996521,0,0,1.486416757,1.546771129,-1.441586351,1.875585666,0.3524248084,-0.2041305118,-0.0777204783,-1.49918474,1.6493361,1.192540146,1.587209554,0.1829656567,0.1992722627,-0.7239582812,-0.009488727765,-0.001386946194,-0.02002696606,0.07307188217,0.1284602511,-0.06137581313,-0.1206967986,-0.008056610346,4.440892099e-14,-0.05882600434,-0.007717952919,0.09964039782,0.08123842484,-0.08104114848,0.005658353927,0.03686182912,0.005658353927,0.115646886,0.1276377952,0.0008661411703,0.002362204716,4.351000782e-08
8.35,-0.3259500493,-0.03303846522,-0.1348544637,0.007693621509,-0.05084420988,0.9987065967,0.002637792114,0.999996521,0,0,1.48632187,1.54675726,-1.44178662,1.876316385,0.3537094109,-0.2047442699,-0.07892744628,-1.499265306,1.6493361,1.191951886,1.587132375,0.1839620607,0.2000846469,-0.7247686927,-0.009679175448,-0.001386217319,-0.0202094921,0.07355810123,0.1295360039,-0.06186946737,-0.1217437872,-0.008019593833,0,-0.05930394416,-0.007917057064,0.1004895737,0.08195259536,-0.08173396717,0.005656289057,0.03685914552,0.005656289057,0.1154066871,0.1276377952,0.0008661411703,0.002362204716,4.351000737e-08
8.36,-0.3273042291,-0.03296138034,-0.1359788412,0.007723284205,-0.05084420988,0.9987065967,0.002637792114,0.999996521,0,0,1.486225078,1.546743397,-1.441988715,1.877051966,0.3550047709,-0.2053629646,-0.08014488415,-1.499345502,1.6493361,1.191358847,1.587053204,0.1849669565,0.2009041729,-0.7255860324,-0.009867359457,-0.001385423437,-0.02038954664,0.07403766405,0.1305965718,-0.06235667731,-0.1227770428,-0.007983196338,-2.220446049e-14,-0.05977487807,-0.008113314675,0.1013257406,0.08265652697,-0.08241756303,0.005654250505,0.03685646818,0.005654250505,0.1151403591,0.1276377952,0.0008661411703,0.002362204716,4.351000737e-08
8.37,-0.3286695725,-0.03288400095,-0.1370871391,0.007752522698,-0.05084420988,0.9987065967,0.002637792114,0.999996521,0,0,1.486126404,1.546729543,-1.442192611,1.877792343,0.3563107366,-0.2059865314,-0.08137265458,-1.499425334,1.6493361,1.190761098,1.586972071,0.1859802139,0.2017307382,-0.726410208,-0.01005323889,-0.001384564807,-0.02056709089,0.07451046744,0.1316417272,-0.06283733775,-0.1237963423,-0.00794742556,0,-0.06023870528,-0.008306683659,0.1021487202,0.08335006874,-0.08309178864,0.005652238363,0.03685379798,0.005652238363,0.1148475004,0.1276377952,0.0008661411703,0.002362204716,4.35100076e-08
8.38,-0.3300459175,-0.03280633132,-0.138179121,0.00778133075,-0.05084420988,0.9987065967,0.002637792114,0.999996521,0,0,1.486025872,1.546715698,-1.442398282,1.878537447,0.3576271539,-0.2066149048,-0.082610618,-1.499504808,1.6493361,1.190158711,1.586889004,0.1870017011,0.2025642388,-0.7272411259,-0.01023677373,-0.001383641724,-0.02074208707,0.07497641092,0.1326712485,-0.06331134605,-0.1248014682,-0.007912288934,-2.220446049e-14,-0.06069532789,-0.008497123101,0.1029583397,0.08403307394,-0.08375650033,0.005650252716,0.03685113579,0.005650252716,0.1145277155,0.1276377952,0.0008661411703,0.002362204716,4.35100076e-08
8.39,-0.3314330997,-0.03272837579,-0.139254557,0.007809702299,-0.05084420988,0.9987065967,0.002637792114,0.999996521,0,0,1.485923504,1.546701861,-1.442605702,1.879287211,0.3589538664,-0.2072480182,-0.08385863269,-1.499583931,1.6493361,1.189551758,1.586804033,0.1880312845,0.2034045696,-0.7280786909,-0.01128867261,-0.001207565963,-0.01988477167,0.0749036417,0.134356208,-0.06200143627,-0.1267715678,-0.007135669922,2.220446049e-14,-0.06168409467,-0.00849336264,0.1034434014,0.08571526134,-0.08372015822,0.005648293645,0.0368484825,0.005648293645,0.1141806161,0.1276377952,0.0008661411703,0.002362204716,4.351000782e-08
8.4,-0.3328309527,-0.03265013875,-0.1403132238,0.007837631453,-0.05084420988,0.9987065967,0.002637792114,0.999996521,0,0,1.485810618,1.546689786,-1.44280455,1.880036248,0.3602974285,-0.2078680326,-0.08512634836,-1.499655287,1.6493361,1.188934917,1.5867191,0.1890657185,0.2042617222,-0.7289158925,-0.01160378465,-0.001179587706,-0.01989342807,0.07527265348,0.1354592773,-0.06218456036,-0.127901079,-0.006985905516,0,-0.06220992185,-0.008647815365,0.1041766073,0.08653410046,-0.08425793097,0.005646743387,0.03684583756,0.005646743387,0.1141338646,0.1276377952,0.0008661411703,0.002362204716,4.35100076e-08
8.41,-0.3342393076,-0.03257162465,-0.1413549049,0.007865112498,-0.05084420988,0.9987065967,0.002637792114,0.999996521,0,0,1.48569458,1.54667799,-1.443003484,1.880788974,0.3616520213,-0.2084898782,-0.08640535915,-1.499725147,1.6493361,1.188312817,1.586632621,0.1901074846,0.2051270632,-0.7297584718,-0.0117866231,-0.001177382586,-0.02005078762,0.07569804857,0.1364506657,-0.06260784869,-0.1288657121,-0.006944198595,0,-0.06265737106,-0.008849896197,0.1049423084,0.08721226272,-0.08488270384,0.005645277789,0.03684320354,0.005645277789,0.1141338646,0.1276377952,0.0008661411703,0.002362204716,4.35100076e-08
8.42,-0.3356579935,-0.03249283801,-0.14237939,0.007892139889,-0.05084420988,0.9987065967,0.002637792114,0.999996521,0,0,1.485576713,1.546666216,-1.443203992,1.881545955,0.3630165279,-0.2091159567,-0.08769401628,-1.499794589,1.6493361,1.187686244,1.586544122,0.1911569076,0.2059991858,-0.7306072988,-0.01195450451,-0.00117483749,-0.02020055285,0.07598141511,0.1374578178,-0.06288772225,-0.129764325,-0.006884217728,2.220446049e-14,-0.06317630781,-0.0092521301,0.1056987935,0.08805375476,-0.08545074433,0.005643840468,0.03684058135,0.005643840468,0.1141448686,0.1276377952,0.0008661411703,0.002362204716,4.35100076e-08
8.43,-0.3370868374,-0.03241378338,-0.1433864757,0.00791870826,-0.05084420988,0.9987065967,0.002637792114,0.999996521,0,0,1.485457168,1.546654467,-1.443405998,1.882305769,0.3643911061,-0.2097448339,-0.08899165953,-1.499863431,1.6493361,1.187054481,1.586451601,0.1922138956,0.2068797234,-0.7314618063,-0.01213340034,-0.001172603257,-0.02035325195,0.07640717754,0.1384124253,-0.06331234699,-0.1307036097,-0.006845944664,-2.220446049e-14,-0.06360040396,-0.009426668791,0.1064363526,0.08869068777,-0.08605979456,0.005642432267,0.03683797017,0.005642432267,0.114252215,0.1276377952,0.0008661411703,0.002362204716,4.351000737e-08
8.44,-0.3385256644,-0.03233446539,-0.1443759651,0.007944812413,-0.05084420988,0.9987065967,0.002637792114,0.999996521,0,0,1.485335834,1.546642741,-1.44360953,1.883069841,0.3657752303,-0.2103779574,-0.09029869562,-1.49993189,1.6493361,1.186418477,1.586357334,0.1932782591,0.2077666303,-0.7323224042,-0.01230961312,-0.001170338998,-0.0205033391,0.07682562799,0.1393501126,-0.0637300334,-0.131627398,-0.006808450218,2.220446049e-14,-0.06401668731,-0.009598071283,0.1071596693,0.08931612897,-0.08665864803,0.005641052145,0.03683537281,0.005641052145,0.1143338026,0.1276377952,0.0008661411703,0.002362204716,4.35100076e-08
8.45,-0.3399742974,-0.0322548887,-0.1453476678,0.007970447329,-0.05084420988,0.9987065967,0.002637792114,0.999996521,0,0,1.485212738,1.546631038,-1.443814564,1.883838097,0.3671687315,-0.2110152577,-0.0916149696,-1.499999975,1.6493361,1.18577831,1.586261354,0.1943498558,0.2086597915,-0.7331889907,-0.01248310762,-0.001168045372,-0.02065078535,0.07723668588,0.1402707007,-0.06414069988,-0.13253551,-0.006771741213,-2.220446049e-14,-0.06442507943,-0.009766305022,0.1078686095,0.08992995973,-0.08724718855,0.005639700051,0.03683279014,0.005639700051,0.1143892292,0.1276377952,0.0008661411703,0.002362204716,4.351000737e-08
8.46,-0.3414325578,-0.03217505802,-0.1463014001,0.007995608157,-0.05084420988,0.9987065967,0.002637792114,0.999996521,0,0,1.485087907,1.546619358,-1.444021072,1.884610464,0.3685714385,-0.2116566647,-0.0929403247,-1.500067692,1.6493361,1.185134059,1.586163691,0.1954285419,0.2095590911,-0.7340614626,-0.01265384959,-0.001165723058,-0.02079556272,0.0776402733,0.1411740172,-0.06454426734,-0.1334277713,-0.006735824172,0,-0.06482550481,-0.009931338623,0.1085630444,0.09053206569,-0.08782530365,0.005638375926,0.03683022298,0.005638375926,0.1144181001,0.1276377952,0.0008661411703,0.002362204716,4.35100076e-08
8.47,-0.3429002649,-0.03209497813,-0.1472369847,0.008020290225,-0.05084420988,0.9987065967,0.002637792114,0.999996521,0,0,1.484961369,1.5466077,-1.444229027,1.885386867,0.3699831787,-0.2123021074,-0.09427460242,-1.50013505,1.6493361,1.184485804,1.586064377,0.1965141723,0.2104644118,-0.7349397156,-0.01282180571,-0.001163372752,-0.0209376442,0.07803631509,0.1420598957,-0.06494065925,-0.1343040133,-0.006700705321,0,-0.06521789088,-0.01009314187,0.1092428507,0.09112233682,-0.08839288463,0.005637079707,0.03682767218,0.005637079707,0.1144200289,0.1276377952,0.0008661411703,0.002362204716,4.35100076e-08
8.48,-0.3443772364,-0.03201465383,-0.148154251,0.008044489031,-0.05084420988,0.9987065967,0.002637792114,0.999996521,0,0,1.484833151,1.546596067,-1.444438404,1.88616723,0.3714037776,-0.212951514,-0.09561764255,-1.500202057,1.6493361,1.183833625,1.585963446,0.1976066008,0.2113756352,-0.7358236445,-0.01298694365,-0.001160995166,-0.02107700375,0.07842473873,0.1429281764,-0.06532980159,-0.135164073,-0.006666390586,0,-0.06560216802,-0.01025168573,0.1099079105,0.09170066734,-0.08894982651,0.005635811318,0.03682513856,0.005635811318,0.1143946372,0.1276377952,0.0008661411703,0.002362204716,4.35100076e-08
8.49,-0.3458632883,-0.03193408998,-0.1490530351,0.008068200248,-0.05084420988,0.9987065967,0.002637792114,0.999996521,0,0,1.484703281,1.546584457,-1.444649174,1.886951477,0.3728330594,-0.213604812,-0.09696928328,-1.500268721,1.6493361,1.183177603,1.585860929,0.1987056799,0.2122926418,-0.7367131427,-0.01314923201,-0.001158591029,-0.02121361628,0.07880547445,0.1437787054,-0.06571162287,-0.1360077929,-0.0066328856,0,-0.0659782695,-0.01040694231,0.1105581113,0.0922669558,-0.08949602806,0.005634570681,0.03682262294,0.005634570681,0.1143415554,0.1276377952,0.0008661411703,0.002362204716,4.35100076e-08
8.5,-0.347358235,-0.03185329146,-0.1499331795,0.008091419723,-0.05084420988,0.9987065967,0.002637792114,0.999996521,0,0,1.484571789,1.546572871,-1.44486131,1.887739532,0.3742708464,-0.2142619282,-0.09832936121,-1.50033505,1.6493361,1.182517821,1.58575686,0.1998112611,0.2132153114,-0.737608103,-0.01330864037,-0.001156161084,-0.02134745767,0.07917845517,0.1446113354,-0.06608605418,-0.1368350216,-0.006600195695,0,-0.06634613155,-0.01055888492,0.1111933458,0.09282110501,-0.09003139182,0.005633357707,0.03682012612,0.005633357707,0.1142604224,0.1276377952,0.0008661411703,0.002362204716,4.35100076e-08
8.51,-0.3488618893,-0.03177226323,-0.1507945333,0.008114143475,-0.05084420988,0.9987065967,0.002637792114,0.999996521,0,0,1.484438702,1.546561309,-1.445074784,1.888531316,0.3757169598,-0.2149227888,-0.09969771142,-1.500401052,1.6493361,1.181854359,1.585651271,0.2009231945,0.2141435224,-0.7385084169,-0.01439422933,-0.0009606727776,-0.02036505271,0.07896081032,0.1461340885,-0.06451401762,-0.1386730069,-0.005770807159,0,-0.06727572845,-0.01049098859,0.1114819929,0.09443469241,-0.08981955856,0.0056321723,0.0368176489,0.0056321723,0.1141508859,0.1276377952,0.0008661411703,0.002362204716,4.35100076e-08
8.52,-0.3503740626,-0.03169101026,-0.1516369522,0.008136367698,-0.05084420988,0.9987065967,0.002637792114,0.999996521,0,0,1.48429476,1.546551702,-1.445278435,1.889320924,0.3771783007,-0.2155679289,-0.1010844415,-1.50045876,1.6493361,1.181181602,1.585546361,0.2020380144,0.2150878694,-0.7394066125,-0.01469924851,-0.0009272211485,-0.02031200923,0.07922337534,0.1470462704,-0.06455860099,-0.1396343231,-0.005610113005,0,-0.06771932128,-0.01060100365,0.1120324846,0.09513806882,-0.0902139607,0.005631436958,0.03681519399,0.005631436958,0.1141338646,0.1276377952,0.0008661411703,0.002362204716,4.35100076e-08
8.53,-0.3518945648,-0.03160953756,-0.1524602986,0.008158088761,-0.05084420988,0.9987065967,0.002637792114,0.999996521,0,0,1.484147768,1.54654243,-1.445481555,1.890113158,0.3786487634,-0.2162135149,-0.1024807847,-1.500514861,1.6493361,1.180504409,1.585440351,0.2031583393,0.2160392501,-0.7403087521,-0.0148562388,-0.0009239273665,-0.02042999713,0.07956902163,0.1478296073,-0.0648984542,-0.1404183168,-0.005574799368,0,-0.06806545286,-0.01074144063,0.1126194429,0.09566163669,-0.09071229829,0.00563079592,0.03681276115,0.00563079592,0.1141338646,0.1276377952,0.0008661411703,0.002362204716,4.35100076e-08
8.54,-0.3534232045,-0.03152785017,-0.1532644413,0.008179303202,-0.05084420988,0.9987065967,0.002637792114,0.999996521,0,0,1.483999205,1.546533191,-1.445685855,1.890908848,0.3801270594,-0.2168624995,-0.1038849679,-1.500570609,1.6493361,1.179823754,1.585332936,0.2042845337,0.2169958664,-0.7412158751,-0.01501010745,-0.0009206440889,-0.02054528554,0.07990675672,0.1485944238,-0.0652309533,-0.1411851265,-0.005540435086,0,-0.06840303274,-0.01087849961,0.1131911002,0.09617255821,-0.09119956142,0.005630182918,0.03681035087,0.005630182918,0.1141338646,0.1276377952,0.0008661411703,0.002362204716,4.35100076e-08
8.55,-0.3549597892,-0.03144595319,-0.1540492559,0.008200007738,-0.05084420988,0.9987065967,0.002637792114,0.999996521,0,0,1.483849104,1.546523984,-1.445891308,1.891707916,0.3816130037,-0.217514809,-0.1052968192,-1.500626014,1.6493361,1.179139724,1.585224151,0.2054164447,0.217957592,-0.7421278707,-0.01516082786,-0.0009173721707,-0.02065785636,0.08023652764,0.1493406031,-0.06555604392,-0.141934628,-0.00550702481,2.220446049e-14,-0.06873201129,-0.01101215994,0.1137473767,0.09667075673,-0.09167567194,0.005629597741,0.03680796393,0.005629597741,0.1141338646,0.1276377952,0.0008661411703,0.002362204716,4.35100076e-08
8.56,-0.3565041248,-0.03136385173,-0.1548146242,0.008220199256,-0.05084420988,0.9987065967,0.002637792114,0.999996521,0,0,1.483697496,1.546514811,-1.446097887,1.892510281,0.3831064097,-0.2181703695,-0.1067161654,-1.500681084,1.6493361,1.178452404,1.58511403,0.2065539185,0.2189242996,-0.7430446274,-0.01530837445,-0.0009141124667,-0.02076769244,0.0805582841,0.1500680346,-0.06587367416,-0.1426667029,-0.005474572859,-2.220446049e-14,-0.06905234179,-0.01114240214,0.1142881978,0.09715615993,-0.09214055543,0.00562904017,0.03680560107,0.00562904017,0.1141338646,0.1276377952,0.0008661411703,0.002362204716,4.351000737e-08
8.57,-0.3580560165,-0.03128155093,-0.155560435,0.008239874819,-0.05084420988,0.9987065967,0.002637792114,0.999996521,0,0,1.483544412,1.54650567,-1.446305563,1.893315864,0.3846070901,-0.2188291062,-0.1081428325,-1.50073583,1.6493361,1.17776188,1.585002606,0.2076968005,0.2198958612,-0.743966033,-0.01545272269,-0.000910865832,-0.0208747775,0.08087197852,0.1507766141,-0.06618379461,-0.1433812385,-0.005443083222,0,-0.06936398047,-0.01126920789,0.1148134942,0.09762869982,-0.09259414122,0.005628509978,0.03680326301,0.005628509978,0.1141338646,0.1276377952,0.0008661411703,0.002362204716,4.35100076e-08
8.58,-0.359615268,-0.03119905596,-0.1562865835,0.008259031661,-0.05084420988,0.9987065967,0.002637792114,0.999996521,0,0,1.483389885,1.546496561,-1.446514311,1.894124584,0.3861148562,-0.2194909441,-0.1095766449,-1.50079026,1.6493361,1.177068241,1.584889914,0.2088449354,0.2208721482,-0.7448919744,-0.01559384909,-0.0009076331209,-0.02097909623,0.08117756599,0.1514662438,-0.06648635832,-0.144078128,-0.005412559561,-2.220446049e-14,-0.06966688651,-0.01139256002,0.1153232019,0.09808831273,-0.0930363624,0.005628006931,0.03680095049,0.005628006931,0.1141338646,0.1276377952,0.0008661411703,0.002362204716,4.35100076e-08
8.59,-0.3611816823,-0.03111637203,-0.1569929715,0.008277667191,-0.05084420988,0.9987065967,0.002637792114,0.999996521,0,0,1.483233946,1.546487485,-1.446724102,1.89493636,0.3876295186,-0.2201558077,-0.1110174261,-1.500844386,1.6493361,1.176371572,1.584775988,0.2099981674,0.2218530313,-0.745822338,-0.0157317312,-0.0009044151866,-0.02108063421,0.0814750043,0.1521368321,-0.06678132083,-0.1447572702,-0.005383005207,2.220446049e-14,-0.069961022,-0.01151244252,0.1158172623,0.09853493934,-0.09346715581,0.00562753079,0.0367986642,0.00562753079,0.1141338646,0.1276377952,0.0008661411703,0.002362204716,4.351000782e-08
8.6,-0.3627550612,-0.03103350436,-0.1576795073,0.008295778993,-0.05084420988,0.9987065967,0.002637792114,0.999996521,0,0,1.483076629,1.54647844,-1.446934909,1.89575111,0.389150887,-0.2208236209,-0.1124649988,-1.500898216,1.6493361,1.175671962,1.584660864,0.21115634,0.2228383807,-0.7467570096,-0.01586634762,-0.0009012128807,-0.02117937793,0.08176425394,0.1527882937,-0.06706864019,-0.1454185701,-0.005354423164,-2.220446049e-14,-0.070246352,-0.01162884052,0.1162956219,0.09896852464,-0.09388646204,0.005627081306,0.03679640483,0.005627081306,0.1141338646,0.1276377952,0.0008661411703,0.002362204716,4.35100076e-08
8.61,-0.3643352059,-0.03095045821,-0.1583461059,0.008313364823,-0.05084420988,0.9987065967,0.002637792114,0.999996521,0,0,1.482917966,1.546469428,-1.447146702,1.896568752,0.3906787699,-0.2214943073,-0.1139191845,-1.50095176,1.6493361,1.174969498,1.584544575,0.2123192963,0.2238280659,-0.7476958742,-0.015997678,-0.0008980270527,-0.02127531483,0.08204527808,0.1534205498,-0.06734827693,-0.1460619383,-0.00532681611,2.220446049e-14,-0.07052284446,-0.01174174033,0.1167582326,0.09938901796,-0.09429422546,0.005626658225,0.03679417306,0.005626658225,0.1141338646,0.1276377952,0.0008661411703,0.002362204716,4.351000782e-08
8.62,-0.3659219166,-0.03086723883,-0.1589926888,0.00833042261,-0.05084420988,0.9987065967,0.002637792114,0.999996521,0,0,1.482757989,1.546460448,-1.447359455,1.897389205,0.3922129754,-0.2221677901,-0.1153798039,-1.501005028,1.6493361,1.17426427,1.584427158,0.2134868786,0.2248219561,-0.7486388165,-0.01682587672,-0.0007442158994,-0.02051456222,0.08186468506,0.1545604188,-0.06612111342,-0.1474487918,-0.004692877905,0,-0.07121769091,-0.0116781363,0.1169554997,0.1006026816,-0.09413663893,0.005626261283,0.03679196955,0.005626261283,0.1141338646,0.1276377952,0.0008661411703,0.002362204716,4.35100076e-08
8.63,-0.3675149928,-0.03078385152,-0.1596191841,0.008346950458,-0.05084420988,0.9987065967,0.002637792114,0.999996521,0,0,1.48258973,1.546453006,-1.447564601,1.898207852,0.3937585796,-0.2228290012,-0.1168542918,-1.501051957,1.6493361,1.173552093,1.584310376,0.2146564336,0.2258279829,-0.7495801828,-0.017375646,-0.0006502261093,-0.02008661869,0.08185447049,0.1554741871,-0.06547662569,-0.1485182601,-0.004299102362,0,-0.07173497268,-0.01167902354,0.1172343843,0.1014853257,-0.0941857384,0.005626220959,0.03678979889,0.005626220959,0.1141338646,0.1276377952,0.0008661411703,0.002362204716,4.35100076e-08
8.64,-0.3691142331,-0.03070030159,-0.1602255266,0.008362946645,-0.05084420988,0.9987065967,0.002637792114,0.999996521,0,0,1.482415974,1.546446504,-1.447765467,1.899026397,0.3953133215,-0.2234837675,-0.1183394744,-1.501094948,1.6493361,1.172834743,1.584193586,0.2158287774,0.2268428362,-0.7505220402,-0.01750200764,-0.0006467804061,-0.02016814761,0.08210805635,0.1560525083,-0.06572406275,-0.1491126823,-0.004270796396,0,-0.07198683361,-0.01178017526,0.1176469793,0.1018707616,-0.09455555519,0.005626404735,0.03678766072,0.005626404735,0.1141338646,0.1276377952,0.0008661411703,0.002362204716,4.35100076e-08
8.65,-0.3707194359,-0.03061659436,-0.1608116574,0.008378409621,-0.05084420988,0.9987065967,0.002637792114,0.999996521,0,0,1.482240954,1.546440036,-1.447967149,1.899847477,0.3968738465,-0.2241410081,-0.1198306013,-1.501137656,1.6493361,1.172114875,1.584075785,0.2170052472,0.2278615438,-0.7514675958,-0.01762487669,-0.0006433899163,-0.02024699564,0.08235338978,0.156611272,-0.06596398941,-0.1496887254,-0.004243596317,0,-0.07222966712,-0.01187781949,0.1180437273,0.1022427793,-0.09491375936,0.005626613347,0.03678555342,0.005626613347,0.1141338646,0.1276377952,0.0008661411703,0.002362204716,4.35100076e-08
8.66,-0.3723303987,-0.03053273518,-0.1613775246,0.00839333801,-0.05084420988,0.9987065967,0.002637792114,0.999996521,0,0,1.482064705,1.546433602,-1.448169619,1.900671011,0.3984399593,-0.224800648,-0.1213274885,-1.501180092,1.6493361,1.171392578,1.583957006,0.2181856845,0.2288839716,-0.7524167334,-0.0177442375,-0.0006400553328,-0.02032315552,0.08259044763,0.1571504305,-0.06619637947,-0.1502463287,-0.004217503479,0,-0.07246345575,-0.01197194844,0.1184246068,0.1026013494,-0.09526031434,0.005626846418,0.03678347759,0.005626846418,0.1141338646,0.1276377952,0.0008661411703,0.002362204716,4.35100076e-08
8.67,-0.3739469187,-0.03044872939,-0.1619230824,0.008407730611,-0.05084420988,0.9987065967,0.002637792114,0.999996521,0,0,1.481887262,1.546427201,-1.44837285,1.901496915,0.4000114636,-0.2254626118,-0.1228299518,-1.501222267,1.6493361,1.170667943,1.583837287,0.2193699306,0.2299099851,-0.7533693365,-0.01786007554,-0.0006367773314,-0.02039662087,0.08281920946,0.1576699422,-0.0664212092,-0.1507854374,-0.004192518876,0,-0.07268818498,-0.01206255547,0.1187896013,0.1029464471,-0.09559518734,0.005627103562,0.03678143381,0.005627103562,0.1141338646,0.1276377952,0.0008661411703,0.002362204716,4.35100076e-08
8.68,-0.3755687926,-0.03036458236,-0.162448292,0.008421586395,-0.05084420988,0.9987065967,0.002637792114,0.999996521,0,0,1.481708662,1.546420834,-1.448576816,1.902325108,0.401588163,-0.2261268239,-0.1243378062,-1.501264192,1.6493361,1.169941062,1.583716661,0.2205578266,0.2309394496,-0.7543252884,-0.01797237742,-0.0006335565707,-0.02046738617,0.08303965747,0.158169772,-0.06663845726,-0.151306003,-0.00416864314,0,-0.07290384326,-0.01214963504,0.1191386998,0.1032780516,-0.09591834936,0.005627384389,0.03677942266,0.005627384389,0.1141338646,0.1276377952,0.0008661411703,0.002362204716,4.35100076e-08
8.69,-0.3771958166,-0.03028029945,-0.1629531209,0.008434904508,-0.05084420988,0.9987065967,0.002637792114,0.999996521,0,0,1.481528938,1.546414498,-1.44878149,1.903155504,0.4031698607,-0.2267932085,-0.1258508662,-1.501305879,1.6493361,1.169212023,1.583595165,0.2217492136,0.2319722301,-0.7552844719,-0.01808113087,-0.0006303936911,-0.02053544678,0.08325177659,0.1586498911,-0.0668481048,-0.1518079825,-0.00414587654,0,-0.07311042193,-0.01223318281,0.119471896,0.1035961467,-0.09622977513,0.005627688504,0.03677744468,0.005627688504,0.1141338646,0.1276377952,0.0008661411703,0.002362204716,4.35100076e-08
8.7,-0.378827787,-0.03019588606,-0.1634375434,0.008447684269,-0.05084420988,0.9987065967,0.002637792114,0.999996521,0,0,1.481348127,1.546408194,-1.448986845,1.903988022,0.4047563596,-0.2274616895,-0.127368946,-1.501347338,1.6493361,1.168480919,1.583472833,0.2229439325,0.2330081916,-0.7562467696,-0.01818632477,-0.000627289315,-0.02060079894,0.08345555439,0.159110277,-0.06705013537,-0.1522913393,-0.004124218992,-2.220446049e-14,-0.0733079153,-0.01231319552,0.1197891892,0.1039007205,-0.0965294432,0.005628015505,0.03677550039,0.005628015505,0.1141338646,0.1276377952,0.0008661411703,0.002362204716,4.35100076e-08
8.71,-0.3804644994,-0.03011134756,-0.1639015401,0.008459925169,-0.05084420988,0.9987065967,0.002637792114,0.999996521,0,0,1.481166263,1.546401921,-1.449192853,1.904822577,0.4063474624,-0.2281321909,-0.1288918594,-1.50138858,1.6493361,1.16774784,1.583349701,0.2241418244,0.2340471988,-0.7572120641,-0.01828794914,-0.0006242440462,-0.02066343975,0.08365098115,0.1595509138,-0.067244535,-0.1527560425,-0.004103670048,2.220446049e-14,-0.07349632061,-0.0123896711,0.1200905835,0.1041917656,-0.0968173359,0.005628364985,0.03677359032,0.005628364985,0.1141338646,0.1276377952,0.0008661411703,0.002362204716,4.351000782e-08
8.72,-0.3821057496,-0.03002668936,-0.1643450984,0.008471626876,-0.05084420988,0.9987065967,0.002637792114,0.999996521,0,0,1.480983384,1.546395679,-1.449399487,1.905659087,0.4079429715,-0.2288046362,-0.1304194198,-1.501429617,1.6493361,1.167012876,1.583225804,0.2253427303,0.2350891164,-0.7581802374,-0.0183732584,-0.0006204310943,-0.02071920573,0.08372143473,0.1599999752,-0.06731317872,-0.1531524388,-0.004066794336,2.220446049e-14,-0.07375066315,-0.01264538958,0.1203843625,0.1046248634,-0.09704554593,0.005628736533,0.03677171494,0.005628736533,0.1141338646,0.1276377952,0.0008661411703,0.002362204716,4.35100076e-08
8.73,-0.3837513332,-0.02994191683,-0.1647682123,0.008482789229,-0.05084420988,0.9987065967,0.002637792114,0.999996521,0,0,1.480799651,1.546389474,-1.449606679,1.906496302,0.4095429713,-0.229477768,-0.1319509442,-1.501470284,1.6493361,1.16627537,1.583099351,0.2265465739,0.236135365,-0.7591506929,-0.0194565279,-0.0003950008148,-0.01954273712,0.08318022275,0.1611496553,-0.06525484435,-0.154616558,-0.003164995608,-4.440892099e-14,-0.07456261324,-0.01253882229,0.1203052027,0.1061045393,-0.09650370659,0.005629132149,0.03676987445,0.005629132149,0.1141338646,0.1276377952,0.0008661411703,0.002362204716,4.351000737e-08
8.74,-0.3854010457,-0.02985703537,-0.1651708822,0.008493412242,-0.05084420988,0.9987065967,0.002637792114,0.999996521,0,0,1.480605086,1.546385524,-1.449802107,1.907328104,0.4111544678,-0.2301303165,-0.1334971098,-1.501501934,1.6493361,1.165529744,1.582973962,0.2277496259,0.2371964104,-0.76011573,-0.01970483157,-0.000357551827,-0.01940238956,0.08324561238,0.161647866,-0.06508241298,-0.1551926202,-0.003009460321,2.220446049e-14,-0.07481977996,-0.01256417094,0.1205030519,0.1065352437,-0.0966324741,0.005630040045,0.03676807889,0.005630040045,0.1141338646,0.1280470142,0.0008661411703,0.002362204716,4.351000782e-08
8.75,-0.3870546827,-0.02977205038,-0.1655531153,0.008503496101,-0.05084420988,0.9987065967,0.002637792114,0.999996521,0,0,1.480408038,1.546381949,-1.44999613,1.90816056,0.4127709465,-0.2307811406,-0.135049036,-1.501532029,1.6493361,1.164781546,1.582848321,0.2289546564,0.2382617629,-0.7610820547,-0.01979536392,-0.0003546313063,-0.01945026463,0.08340596803,0.1620123417,-0.06524085304,-0.1555856842,-0.002990716543,0,-0.07497380281,-0.01262636198,0.1207397633,0.1067750323,-0.09687096455,0.005631044043,0.0367663217,0.005631044043,0.1141338646,0.1285207456,0.0008661411703,0.002362204716,4.35100076e-08
8.76,-0.38871204,-0.02968696724,-0.1659149253,0.008513041167,-0.05084420988,0.9987065967,0.002637792114,0.999996521,0,0,1.480210084,1.546378403,-1.450190633,1.90899462,0.4143910699,-0.2314335491,-0.1366048929,-1.501561936,1.6493361,1.164031808,1.582722057,0.2301620541,0.2393295132,-0.7620507643,-0.01988215654,-0.0003518066524,-0.01949560008,0.08355807189,0.1623569798,-0.06539195475,-0.1559598864,-0.002973199045,0,-0.075118675,-0.01268504388,0.1209607217,0.10700114,-0.09709776433,0.005632067615,0.03676460191,0.005632067615,0.1141338646,0.1289955428,0.0008661411703,0.002362204716,4.35100076e-08
8.77,-0.3903729132,-0.02960179135,-0.1662563323,0.008522047975,-0.05084420988,0.9987065967,0.002637792114,0.999996521,0,0,1.480011263,1.546374885,-1.450385589,1.9098302,0.4160146397,-0.2320874687,-0.1381644917,-1.501591668,1.6493361,1.163280621,1.582595207,0.2313716613,0.2403995246,-0.763021742,-0.01996520633,-0.0003490781435,-0.01953839829,0.0837019302,0.1626818024,-0.06553571838,-0.1563152325,-0.002956905218,2.220446049e-14,-0.07525441129,-0.01274022125,0.1211659619,0.1072135858,-0.09731287851,0.005633110245,0.03676291993,0.005633110245,0.1141338646,0.1294713473,0.0008661411703,0.002362204716,4.35100076e-08
8.78,-0.3920370987,-0.02951652807,-0.1665773632,0.008530517232,-0.05084420988,0.9987065967,0.002637792114,0.999996521,0,0,1.47981161,1.546371394,-1.450580973,1.91066722,0.4176414577,-0.2327428259,-0.139727644,-1.501621237,1.6493361,1.162528077,1.582467804,0.2325833209,0.2414716605,-0.7639948708,-0.02004451142,-0.0003464460257,-0.01957866249,0.08383755182,0.1629868377,-0.0656721466,-0.1566517337,-0.002941832063,-2.220446049e-14,-0.0753810294,-0.01279189987,0.1213555238,0.1074123929,-0.09751631593,0.005634171411,0.03676127613,0.005634171411,0.1141338646,0.1299481007,0.0008661411703,0.002362204716,4.351000737e-08
8.79,-0.3937043927,-0.02943118279,-0.1668780514,0.00853844982,-0.05084420988,0.9987065967,0.002637792114,0.999996521,0,0,1.479611165,1.546367929,-1.45077676,1.911505595,0.4192713261,-0.2333995473,-0.1412941614,-1.501650656,1.6493361,1.161774267,1.582339885,0.2337968761,0.2425457844,-0.7649700339,-0.02012007116,-0.000343910513,-0.01961639673,0.08396494831,0.1632721204,-0.06580124448,-0.1569694079,-0.002927976188,0,-0.07549854998,-0.01284008662,0.1215294524,0.1075975891,-0.09770808925,0.005635250589,0.03675967089,0.005635250589,0.1141338646,0.1304257446,0.0008661411703,0.002362204716,4.35100076e-08
8.8,-0.395374592,-0.02934576086,-0.167158437,0.008545846795,-0.05084420988,0.9987065967,0.002637792114,0.999996521,0,0,1.479409965,1.54636449,-1.450972924,1.912345245,0.4209040473,-0.2340575598,-0.1428638555,-1.501679935,1.6493361,1.161019281,1.582211484,0.2350121707,0.2436217603,-0.7659471148,-0.02019188614,-0.0003414717867,-0.01965160587,0.0840841339,0.1635376915,-0.06592301947,-0.1572682789,-0.002915333811,0,-0.07560699661,-0.01288478951,0.1216877976,0.1077692066,-0.0978882149,0.005636347252,0.03675535625,0.005636347252,0.1141338646,0.1309042208,0.0008661411703,0.002362204716,4.35100076e-08
8.81,-0.3970474939,-0.02926026764,-0.1674185664,0.008552709384,-0.05084420988,0.9987065967,0.002637792114,0.999996521,0,0,1.479208046,1.546361076,-1.45116944,1.913186086,0.4225394242,-0.23471679,-0.1444365383,-1.501709089,1.6493361,1.160263211,1.582082637,0.2362290486,0.2446994523,-0.766925997,-0.0202599582,-0.0003391299957,-0.01968429559,0.0841951255,0.1637835987,-0.06603748145,-0.1575483766,-0.002903900761,2.220446049e-14,-0.07570639579,-0.01292601771,0.1218306142,0.1079272818,-0.09805671316,0.00563746087,0.03675046777,0.00563746087,0.1141338646,0.1313834712,0.0008661411703,0.002362204716,4.35100076e-08
8.82,-0.398722896,-0.02917470845,-0.167658493,0.008559038991,-0.05084420988,0.9987065967,0.002637792114,0.999996521,0,0,1.479005446,1.546357684,-1.451366283,1.914028037,0.4241772602,-0.2353771648,-0.146012022,-1.501738128,1.6493361,1.159506147,1.581953376,0.2374473548,0.2457787252,-0.7679065641,-0.02032429043,-0.0003368852555,-0.01971447241,0.08429794268,0.1640098958,-0.06614464269,-0.1578097373,-0.002893672476,-4.440892099e-14,-0.07579677698,-0.01296378147,0.1219579621,0.1080718557,-0.09821360809,0.00563859091,0.03674561524,0.00563859091,0.1141338646,0.1318634379,0.0008661411703,0.002362204716,4.351000737e-08
8.83,-0.4004005966,-0.02908908863,-0.1678782763,0.008564837192,-0.05084420988,0.9987065967,0.002637792114,0.999996521,0,0,1.478802203,1.546354315,-1.451563427,1.914871017,0.4258173592,-0.2360386112,-0.1475901194,-1.501767064,1.6493361,1.15874818,1.581823739,0.2386669344,0.2468594437,-0.7688887002,-0.02083638337,-0.0002316484043,-0.01917370322,0.08408066694,0.1645427898,-0.06522962118,-0.1585216681,-0.002483478092,2.220446049e-14,-0.07615211863,-0.01287372973,0.1219103247,0.1087215561,-0.09800532222,0.005639736835,0.03674079932,0.005639736835,0.1141338646,0.132344063,0.0008661411703,0.002362204716,4.351000782e-08
8.84,-0.4020803946,-0.02900341347,-0.1680779827,0.008570105735,-0.05084420988,0.9987065967,0.002637792114,0.999996521,0,0,1.478593839,1.546351999,-1.451755164,1.915711823,0.4274627871,-0.2366909074,-0.1491753361,-1.501791899,1.6493361,1.157986658,1.581695001,0.2398860377,0.2479466593,-0.7698687534,-0.02160240068,-6.813226006e-05,-0.01830624248,0.08367779167,0.1652426245,-0.0637293851,-0.1594827939,-0.00184597722,2.220446049e-14,-0.07665407239,-0.01270925442,0.1217556922,0.1096528932,-0.0975844036,0.00564112522,0.03673601117,0.00564112522,0.1141338646,0.1326377904,0.0008661411703,0.002362204716,4.35100076e-08
8.85,-0.4037620896,-0.02891768827,-0.1682576852,0.008574846545,-0.05084420988,0.9987065967,0.002637792114,0.999996521,0,0,1.478377815,1.546351318,-1.451938227,1.916548601,0.4291152133,-0.2373282013,-0.150770164,-1.501810359,1.6493361,1.157220118,1.581567909,0.2411035946,0.2490431882,-0.7708445974,-0.02165750431,-6.6385096e-05,-0.01832674354,0.08375565767,0.1654123305,-0.06381210013,-0.1596903267,-0.00183821273,-2.220446049e-14,-0.07671768464,-0.0127361386,0.1218354954,0.1097582129,-0.09770614874,0.005642883404,0.03673124654,0.005642883404,0.1141338646,0.1326377904,0.0008661411703,0.002362204716,4.351000737e-08
8.86,-0.4054454819,-0.0288319183,-0.1684174632,0.008579061718,-0.05084420988,0.9987065967,0.002637792114,0.999996521,0,0,1.47816124,1.546350654,-1.452121494,1.917386158,0.4307693366,-0.2379663223,-0.1523670673,-1.501828741,1.6493361,1.156452941,1.581440547,0.2423219495,0.2501407703,-0.7718216589,-0.02170875744,-6.476737893e-05,-0.01834493718,0.08382554964,0.1655626089,-0.06388789604,-0.1598791881,-0.0018317526,0,-0.07677234137,-0.01275964803,0.1219001654,0.1098500806,-0.09781653334,0.005644654354,0.03672652115,0.005644654354,0.1141338646,0.1326377904,0.0008661411703,0.002362204716,4.35100076e-08
8.87,-0.4071303727,-0.02874610878,-0.1685574028,0.008582753525,-0.05084420988,0.9987065967,0.002637792114,0.999996521,0,0,1.477944153,1.546350006,-1.452304944,1.918224413,0.4324249627,-0.2386052012,-0.1539658592,-1.501847059,1.6493361,1.155685217,1.581312951,0.2435409512,0.2512392711,-0.7727998243,-0.02175616978,-6.327874593e-05,-0.01836083351,0.08388750011,0.1656935458,-0.06395679587,-0.1600494458,-0.001826589818,0,-0.07681808719,-0.01277979853,0.121949787,0.1099285599,-0.09791560002,0.005646437453,0.03672183559,0.005646437453,0.1141338646,0.1326377904,0.0008661411703,0.002362204716,4.35100076e-08
8.88,-0.4088165641,-0.02866026496,-0.1686775966,0.00858592441,-0.05084420988,0.9987065967,0.002637792114,0.999996521,0,0,1.477726591,1.546349373,-1.452488552,1.919063288,0.4340818982,-0.2392447692,-0.1555663536,-1.501865324,1.6493361,1.154917037,1.581185153,0.2447604491,0.2523385567,-0.7737789803,-0.02179975239,-6.191878965e-05,-0.01837444338,0.08394154423,0.1658052336,-0.06401882499,-0.1602011734,-0.001822716949,2.220446049e-14,-0.07685496967,-0.01279660703,0.1219844501,0.109993719,-0.09800339522,0.005648232083,0.03671719041,0.005648232083,0.1141338646,0.1326377904,0.0008661411703,0.002362204716,4.35100076e-08
8.89,-0.4105038592,-0.02857439202,-0.1687781438,0.008588576991,-0.05084420988,0.9987065967,0.002637792114,0.999996521,0,0,1.477508594,1.546348754,-1.452672296,1.919902704,0.4357399505,-0.2398849574,-0.1571683654,-1.501883552,1.6493361,1.154148487,1.581057187,0.2459802936,0.2534384939,-0.7747590142,-0.02183951766,-6.068705836e-05,-0.01838577842,0.08398771983,0.1658977712,-0.06407401115,-0.1603344512,-0.001820126136,-2.220446049e-14,-0.07688303929,-0.01281009158,0.1220042492,0.1100456305,-0.09807996921,0.005650037626,0.03671258614,0.005650037626,0.1141338646,0.1326377904,0.0008661411703,0.002362204716,4.351000737e-08
8.9,-0.4121920619,-0.02848849514,-0.1688591503,0.008590714059,-0.05084420988,0.9987065967,0.002637792114,0.999996521,0,0,1.477290198,1.546348147,-1.452856154,1.920742581,0.4373989282,-0.2405256975,-0.1587717099,-1.501901753,1.6493361,1.153379656,1.580929086,0.247200336,0.2545389502,-0.7757398139,-0.02187547932,-5.95830556e-05,-0.01839485103,0.0840260674,0.1659712639,-0.06412238444,-0.1604493656,-0.001818809097,2.220446049e-14,-0.07690234948,-0.01282027135,0.1220092839,0.1100843714,-0.09814537606,0.005651853464,0.03670802331,0.005651853464,0.1141338646,0.1326377904,0.0008661411703,0.002362204716,4.35100076e-08
8.91,-0.4138809774,-0.02840257945,-0.1689207285,0.00859233858,-0.05084420988,0.9987065967,0.002637792114,0.999996521,0,0,1.477071444,1.546347551,-1.453040103,1.921582842,0.4390586408,-0.2411669214,-0.1603762035,-1.501919941,1.6493361,1.152610633,1.580800883,0.2484204289,0.255639794,-0.7767212677,-0.02190765242,-5.860624031e-05,-0.01840167438,0.0840566301,0.1660258234,-0.0641639773,-0.1605460092,-0.001818757131,-2.220446049e-14,-0.07691295658,-0.01282716661,0.1219996584,0.1101100231,-0.09819967372,0.005653678981,0.03670350241,0.005653678981,0.1141338646,0.1326377904,0.0008661411703,0.002362204716,4.351000737e-08
8.92,-0.4155704121,-0.02831665007,-0.1689629973,0.008593453691,-0.05084420988,0.9987065967,0.002637792114,0.999996521,0,0,1.476852367,1.546346965,-1.45322412,1.922423408,0.4407188991,-0.2418085612,-0.1619816636,-1.501938129,1.6493361,1.151841503,1.580672612,0.2496404255,0.2567408942,-0.7777032644,-0.02193605338,-5.775602603e-05,-0.01840626237,0.08407945378,0.1660615681,-0.06419882455,-0.1606244812,-0.001819961115,0,-0.07691491987,-0.01283079873,0.121975482,0.1101226713,-0.09824292394,0.005655513559,0.03669902389,0.005655513559,0.1141338646,0.1326377904,0.0008661411703,0.002362204716,4.35100076e-08
8.93,-0.4172601734,-0.02823071206,-0.1689860822,0.008594062706,-0.05084420988,0.9987065967,0.002637792114,0.999996521,0,0,1.476633007,1.546346388,-1.453408182,1.923264202,0.4423795148,-0.2424505494,-0.1635879084,-1.501956328,1.6493361,1.151072354,1.580544304,0.2508601803,0.2578421209,-0.7786856936,-0.02200904169,-4.552065143e-05,-0.0183466251,0.08406008618,0.1661126225,-0.06411552628,-0.1607337857,-0.001778919767,0,-0.07693753856,-0.01281712913,0.1219198087,0.110177949,-0.09823740164,0.005657356583,0.03669458821,0.005657356583,0.1141338646,0.1326377904,0.0008661411703,0.002362204716,4.35100076e-08
8.94,-0.4189500702,-0.02814477049,-0.1689901155,0.00859416911,-0.05084420988,0.9987065967,0.002637792114,0.999996521,0,0,1.476412916,1.546345933,-1.453591648,1.924104803,0.444040641,-0.2430917047,-0.1651952463,-1.501974117,1.6493361,1.150302979,1.580416132,0.2520793784,0.2589439004,-0.7796680677,-0.02313465234,0.0002177512706,-0.01693001182,0.08327939688,0.1668883576,-0.06159127057,-0.1618937813,-0.0007889907225,0,-0.07759029975,-0.01249300692,0.1214766655,0.1114335195,-0.09739589404,0.005659232955,0.03669019493,0.005659232955,0.1141338646,0.1326377904,0.0008661411703,0.002362204716,4.35100076e-08
8.95,-0.4206399127,-0.02805883035,-0.1689752358,0.008593776562,-0.05084420988,0.9987065967,0.002637792114,0.999996521,0,0,1.47618157,1.54634811,-1.453760949,1.924937597,0.4457095246,-0.2437076174,-0.1668141841,-1.501982007,1.6493361,1.149527076,1.580291202,0.253294145,0.2600582356,-0.7806420266,-0.02315239733,0.0002176308689,-0.01692756272,0.08327934408,0.1668693461,-0.06160642599,-0.1619191711,-0.0007938939283,0,-0.07756661623,-0.01248687854,0.1214086562,0.1114071993,-0.09740737355,0.005661698282,0.0366858262,0.005661698282,0.1141338646,0.1326377904,0.0008661411703,0.002362204716,4.35100076e-08
8.96,-0.4223295124,-0.02797289661,-0.1689415885,0.008592888896,-0.05084420988,0.9987065967,0.002637792114,0.999996521,0,0,1.475950046,1.546350286,-1.453930224,1.925770391,0.447378218,-0.2443236816,-0.1684333758,-1.501989946,1.6493361,1.14875141,1.580166333,0.2545082316,0.2611723076,-0.7816161003,-0.0231663215,0.0002173566248,-0.01692310556,0.0832718534,0.1668319667,-0.06161529284,-0.1619267196,-0.0008001272048,0,-0.07753447801,-0.01247762084,0.1213266266,0.1113681168,-0.09740819043,0.00566416782,0.03668150226,0.00566416782,0.1141338646,0.1326377904,0.0008661411703,0.002362204716,4.35100076e-08
8.97,-0.4240186824,-0.0278869742,-0.1688893253,0.008591510119,-0.05084420988,0.9987065967,0.002637792114,0.999996521,0,0,1.475718382,1.54635246,-1.454099455,1.926603109,0.4490465377,-0.2449398346,-0.170052643,-1.501997948,1.6493361,1.147976065,1.580041557,0.2557214979,0.2622859887,-0.7825901822,-0.02317644888,0.0002169297884,-0.01691665695,0.08325698334,0.1667763703,-0.06161791544,-0.1619165587,-0.0008076784382,0,-0.07749395957,-0.01246526048,0.1212307099,0.1113163815,-0.09739842463,0.005666640894,0.03667722345,0.005666640894,0.1141338646,0.1326377904,0.0008661411703,0.002362204716,4.35100076e-08
8.98,-0.4257072374,-0.02780106803,-0.1688186048,0.008589644411,-0.05084420988,0.9987065967,0.002637792114,0.999996521,0,0,1.475486618,1.546354629,-1.454268622,1.927435679,0.4507143014,-0.2455560137,-0.1716718086,-1.502006024,1.6493361,1.147201125,1.579916905,0.256933805,0.2633991526,-0.7835641665,-0.02318280497,0.0002163516644,-0.01690823422,0.08323479505,0.1667027141,-0.06161434042,-0.1618888265,-0.0008165350581,0,-0.07744513831,-0.01244982524,0.121121044,0.1112521068,-0.09737815997,0.00566911683,0.03667299011,0.00566911683,0.1141338646,0.1326377904,0.0008661411703,0.002362204716,4.35100076e-08
8.99,-0.4273949935,-0.02771518292,-0.168729592,0.008587296126,-0.05084420988,0.9987065967,0.002637792114,0.999996521,0,0,1.47525479,1.546356793,-1.454437704,1.928268027,0.4523813285,-0.2461721571,-0.1732906969,-1.50201419,1.6493361,1.146426674,1.579792406,0.2581450154,0.2645116736,-0.7845379481,-0.02318541666,0.0002156236121,-0.0168978554,0.08320535235,0.166611162,-0.06160461672,-0.1618436676,-0.0008266840379,0,-0.07738809457,-0.01243134399,0.1209977716,0.1111754111,-0.0973474841,0.005671594959,0.03666880255,0.005671594959,0.1141338646,0.1326377904,0.0008661411703,0.002362204716,4.35100076e-08
9,-0.4290817688,-0.0276293237,-0.1686224586,0.008584469791,-0.05084420988,0.9987065967,0.002637792114,0.999996521,0,0,1.475022936,1.546358949,-1.454606683,1.929100081,0.4540474402,-0.2467882033,-0.1749091335,-1.502022456,1.6493361,1.145652793,1.579668093,0.2593549931,0.2656234277,-0.7855114229,-0.02318431231,0.0002147470452,-0.01688553923,0.08316872169,0.1665018842,-0.06158879556,-0.161781233,-0.0008381118958,0,-0.0773229116,-0.01240984667,0.1208610403,0.1110864168,-0.09730648853,0.005674074617,0.03666466105,0.005674074617,0.1141338646,0.1326377904,0.0008661411703,0.002362204716,4.35100076e-08
9.01,-0.4307673829,-0.02754349511,-0.1684973827,0.008581170109,-0.05084420988,0.9987065967,0.002637792114,0.999996521,0,0,1.474791093,1.546361096,-1.454775538,1.929931768,0.455712459,-0.2474040912,-0.1765269459,-1.502030838,1.6493361,1.144879564,1.579543994,0.2605636035,0.2667342919,-0.7864844878,-0.02316939219,0.0002141268183,-0.0168681229,0.0830432639,0.166395199,-0.06148474029,-0.1616629135,-0.0008381877151,0,-0.07730738217,-0.01251906442,0.1207205207,0.1110976502,-0.09721562502,0.005676555142,0.03666056587,0.005676555142,0.1141338646,0.1326377904,0.0008661411703,0.002362204716,4.35100076e-08
9.02,-0.4324516573,-0.02745770186,-0.1683545491,0.008577401953,-0.05084420988,0.9987065967,0.002637792114,0.999996521,0,0,1.474559399,1.546363238,-1.454944219,1.9307622,0.457376411,-0.2480189386,-0.178143575,-1.502039219,1.6493361,1.14410649,1.579418804,0.2617708087,0.2678452684,-0.7874566441,-0.02315059886,0.0002133721015,-0.01684866292,0.08290881849,0.1662716696,-0.06137291249,-0.161526337,-0.0008390512376,0,-0.07728570269,-0.01262928069,0.1205675897,0.1110998446,-0.09711290451,0.005679036923,0.03665651711,0.005679036923,0.1141338646,0.1326377904,0.0008661411703,0.002362204716,4.35100076e-08
9.03,-0.4341344153,-0.02737194861,-0.1681941492,0.008573170373,-0.05084420988,0.9987065967,0.002637792114,0.999996521,0,0,1.474327893,1.546365371,-1.455112706,1.931591289,0.4590391277,-0.2486326678,-0.1797588384,-1.50204761,1.6493361,1.143333633,1.579292511,0.2629764846,0.2689562669,-0.7884277731,-0.02313862031,0.0002120585926,-0.01683057885,0.08285152912,0.1661102411,-0.06133983611,-0.1614127636,-0.000854086184,2.220446049e-14,-0.07719688478,-0.01259917838,0.1203920426,0.1109745179,-0.09704071364,0.005681519318,0.03665251512,0.005681519318,0.1141338646,0.1326377904,0.0008661411703,0.002362204716,4.35100076e-08
9.04,-0.4358154823,-0.02728623998,-0.1680163809,0.008568480591,-0.05084420988,0.9987065967,0.002637792114,0.999996521,0,0,1.474096506,1.546367492,-1.455281012,1.932419804,0.4607002301,-0.2492460661,-0.181372966,-1.502056151,1.6493361,1.142561664,1.579166519,0.264180405,0.270066012,-0.7893981802,-0.02390598783,0.0004022256362,-0.01578578948,0.08220946969,0.1664654808,-0.05944905477,-0.1620506702,-0.0001564368456,-2.220446049e-14,-0.07757071777,-0.01232625928,0.1199258805,0.1117385876,-0.09634729517,0.005684000598,0.03664856027,0.005684000598,0.1141338646,0.1326377904,0.0008661411703,0.002362204716,4.351000737e-08
9.05,-0.4374946857,-0.02720058051,-0.1678214488,0.008563338001,-0.05084420988,0.9987065967,0.002637792114,0.999996521,0,0,1.473857447,1.546371514,-1.45543887,1.933241899,0.4623648849,-0.2498405567,-0.1829934727,-1.502057715,1.6493361,1.141785957,1.579043257,0.2653796639,0.2711833979,-0.7903616532,-0.02423453127,0.00048520829,-0.01530929255,0.08188241547,0.1665076074,-0.05858365218,-0.1622452494,0.0001426423642,0,-0.07767468778,-0.01218394747,0.119600956,0.1119889133,-0.0959852767,0.005686904802,0.0366446419,0.005686904802,0.1141338646,0.1326377904,0.0008661411703,0.002362204716,4.35100076e-08
9.06,-0.4391718548,-0.02711497471,-0.167609564,0.008557748175,-0.05084420988,0.9987065967,0.002637792114,0.999996521,0,0,1.473615101,1.546376366,-1.455591963,1.934060723,0.464029961,-0.2504263932,-0.1846159252,-1.502056289,1.6493361,1.14100921,1.578921417,0.2665756734,0.272303287,-0.791321506,-0.02421127622,0.0004827182514,-0.01528694967,0.08180579973,0.1662958355,-0.05853659175,-0.1620819433,0.0001228702584,0,-0.07756168774,-0.01214554868,0.1193870287,0.1118266786,-0.09588575645,0.005689993289,0.03664076684,0.005689993289,0.1141338646,0.1326377904,0.0008661411703,0.002362204716,4.35100076e-08
9.07,-0.4408468212,-0.02702942702,-0.1673809441,0.008551716854,-0.05084420988,0.9987065967,0.002637792114,0.999996521,0,0,1.473372989,1.546381194,-1.455744832,1.934878781,0.4656929193,-0.2510117591,-0.1862367446,-1.50205506,1.6493361,1.140233593,1.578799962,0.2677695437,0.2734215538,-0.7922803635,-0.02418443026,0.0004800649369,-0.0152629699,0.08172262569,0.1660676302,-0.05848412922,-0.1619024939,0.000101821612,2.220446049e-14,-0.07744113933,-0.01210439369,0.1191608457,0.1116529889,-0.09577675724,0.005693076175,0.03663694013,0.005693076175,0.1141338646,0.1326377904,0.0008661411703,0.002362204716,4.35100076e-08
9.08,-0.4425194187,-0.02694394182,-0.1671358135,0.008545249956,-0.05084420988,0.9987065967,0.002637792114,0.999996521,0,0,1.473131144,1.546385994,-1.455897462,1.935696007,0.4673535956,-0.2515966004,-0.1878557696,-1.502054042,1.6493361,1.139459182,1.578678918,0.2689611522,0.2745380837,-0.7932381311,-0.02415403466,0.0004772506874,-0.01523737586,0.08163297979,0.1658232147,-0.05842633061,-0.1617071058,7.951482535e-05,-2.220446049e-14,-0.07731315009,-0.01206052085,0.1189225914,0.1114680044,-0.09565840037,0.005696152783,0.03663316189,0.005696152783,0.1141338646,0.1326377904,0.0008661411703,0.002362204716,4.351000737e-08
9.09,-0.4441894832,-0.02685852345,-0.166874403,0.00853835357,-0.05084420988,0.9987065967,0.002637792114,0.999996521,0,0,1.472889604,1.546390767,-1.456049835,1.936512337,0.4690118278,-0.2521808637,-0.1894728406,-1.502053247,1.6493361,1.13868605,1.578558312,0.2701503781,0.2756527638,-0.7941947151,-0.02412013224,0.0004742779069,-0.01521019081,0.08153695112,0.1655628184,-0.05836326417,-0.1614959902,5.596879127e-05,0,-0.0771778305,-0.01201396958,0.1186724549,0.1112718898,-0.09553081103,0.005699222442,0.03662943219,0.005699222442,0.1141338646,0.1326377904,0.0008661411703,0.002362204716,4.35100076e-08
9.1,-0.4458568532,-0.02677317616,-0.16659695,0.008531033961,-0.05084420988,0.9987065967,0.002637792114,0.999996521,0,0,1.472648403,1.546395509,-1.456201937,1.937327706,0.470667456,-0.2527644964,-0.1910878005,-1.502052687,1.6493361,1.137914272,1.578438173,0.2713371026,0.2767654827,-0.7951500232,-0.02408276734,0.0004711490626,-0.01518143866,0.08143463142,0.1652866775,-0.05829500043,-0.161269365,3.120289409e-05,0,-0.07703529395,-0.01196478038,0.1184106298,0.1110648142,-0.09539411829,0.005702284491,0.03662575111,0.005702284491,0.1141338646,0.1326377904,0.0008661411703,0.002362204716,4.35100076e-08
9.11,-0.4475213695,-0.02668790416,-0.1663036986,0.008523297566,-0.05084420988,0.9987065967,0.002637792114,0.999996521,0,0,1.472407575,1.546400221,-1.456353752,1.938142053,0.4723203227,-0.2533474464,-0.1927004942,-1.502052375,1.6493361,1.137143919,1.578318525,0.2725212089,0.2778761308,-0.7961039644,-0.02404198586,0.0004678666846,-0.01515114397,0.08132611507,0.1649950346,-0.05822161214,-0.1610274547,5.237009648e-06,-2.220446049e-14,-0.07688565674,-0.01191299483,0.1181373145,0.1108469514,-0.09524845508,0.005705338276,0.03662211868,0.005705338276,0.1141338646,0.1326377904,0.0008661411703,0.002362204716,4.35100076e-08
9.12,-0.4491828754,-0.02660271158,-0.1659948993,0.008515150996,-0.05084420988,0.9987065967,0.002637792114,0.999996521,0,0,1.472167155,1.5464049,-1.456505263,1.938955314,0.4739702731,-0.2539296625,-0.1943107687,-1.502052323,1.6493361,1.136375062,1.578199395,0.2737025821,0.2789846003,-0.7970564489,-0.02399783523,0.000464433366,-0.01511933193,0.08121149911,0.1646881388,-0.05814317437,-0.1607704905,-2.190849584e-05,2.220446049e-14,-0.07672903812,-0.01185865561,0.1178527118,0.1106184794,-0.09509395824,0.005708383154,0.03661853493,0.005708383154,0.1141338646,0.1326377904,0.0008661411703,0.002362204716,4.351000782e-08
9.13,-0.4508412166,-0.02651760249,-0.1656708093,0.008506601037,-0.05084420988,0.9987065967,0.002637792114,0.999996521,0,0,1.471927177,1.546409544,-1.456656457,1.939767429,0.4756171545,-0.2545110942,-0.1959184736,-1.502052542,1.6493361,1.135607772,1.578080808,0.2748811092,0.2800907851,-0.7980073885,-0.02395036445,0.0004608517629,-0.0150860284,0.08109088322,0.1643662458,-0.05805976441,-0.16049871,-5.021276583e-05,0,-0.07656556024,-0.01180180645,0.1175570292,0.1103795808,-0.09493076849,0.005711418488,0.03661499985,0.005711418488,0.1141338646,0.1326377904,0.0008661411703,0.002362204716,4.35100076e-08
9.14,-0.4524962415,-0.02643258088,-0.1653316924,0.008497654646,-0.05084420988,0.9987065967,0.002637792114,0.999996521,0,0,1.471687673,1.546414152,-1.456807317,1.940578338,0.4772608169,-0.2550916919,-0.1975234607,-1.502053044,1.6493361,1.134842116,1.57796279,0.2760566795,0.2811945809,-0.7989566962,-0.02414061904,0.000517892952,-0.01473030731,0.08078066033,0.1641874493,-0.05738741341,-0.1604402644,0.0001431403353,0,-0.07653966892,-0.01166474061,0.1171649454,0.1104081805,-0.09457167793,0.005714443653,0.03661151342,0.005714443653,0.1141338646,0.1326377904,0.0008661411703,0.002362204716,4.35100076e-08
9.15,-0.4541478012,-0.02634765069,-0.164977819,0.008488318955,-0.05084420988,0.9987065967,0.002637792114,0.999996521,0,0,1.471446267,1.546419331,-1.45695462,1.941386144,0.4789026914,-0.255665566,-0.1991278634,-1.502051612,1.6493361,1.13407672,1.577846143,0.2772283289,0.2822986627,-0.799902413,-0.02494312707,0.0007295660496,-0.0135534597,0.07999575815,0.1643976645,-0.05521951597,-0.1609497843,0.0009039300999,0,-0.0768752924,-0.0113267614,0.1165432255,0.1111354121,-0.09372628197,0.005717593038,0.03660807307,0.005717593038,0.1140301588,0.1326377904,0.0008661411703,0.002362204716,4.35100076e-08
9.16,-0.4557957496,-0.02626281577,-0.1646094659,0.00847860127,-0.05084420988,0.9987065967,0.002637792114,0.999996521,0,0,1.471196836,1.546426627,-1.457090154,1.942186102,0.4805466681,-0.2562177612,-0.2007373612,-1.502042573,1.6493361,1.133307967,1.577732875,0.2783937612,0.2834100168,-0.8008396758,-0.02488411465,0.0007243930302,-0.01351833485,0.0798596726,0.1640317893,-0.05512764835,-0.1606336557,0.0008698164586,0,-0.07669012133,-0.01126338609,0.1162153769,0.1108631701,-0.09354029682,0.00572120928,0.03660467272,0.00572120928,0.1135580556,0.1326377904,0.0008661411703,0.002362204716,4.35100076e-08
9.17,-0.4574399432,-0.02617807991,-0.1642269166,0.008468509071,-0.05084420988,0.9987065967,0.002637792114,0.999996521,0,0,1.470947994,1.546433871,-1.457225338,1.942984699,0.482186986,-0.2567690377,-0.2023436978,-1.502033875,1.6493361,1.132541066,1.577620242,0.279555915,0.2845186485,-0.8017750788,-0.02482189681,0.0007190622555,-0.0134819574,0.07971808373,0.1636519382,-0.05503136775,-0.1603036353,0.0008345467059,0,-0.07649855478,-0.01119771724,0.1158773628,0.1105811706,-0.09334629094,0.005724809951,0.03660132159,0.005724809951,0.113087028,0.1326377904,0.0008661411703,0.002362204716,4.35100076e-08
9.18,-0.4590802416,-0.02609344682,-0.1638304613,0.008458050009,-0.05084420988,0.9987065967,0.002637792114,0.999996521,0,0,1.470699775,1.546441062,-1.457360157,1.943781879,0.4838235053,-0.2573193513,-0.2039467341,-1.50202553,1.6493361,1.13177608,1.577508264,0.2807146886,0.2856244603,-0.8027085417,-0.0247565322,0.0007135773175,-0.01344435402,0.07957110302,0.1632584007,-0.05493075819,-0.159959996,0.0007981459834,0,-0.07630073074,-0.01112980338,0.115529413,0.110289621,-0.09314442298,0.005728394425,0.03659801956,0.005728394425,0.1126171164,0.1326377904,0.0008661411703,0.002362204716,4.35100076e-08
9.19,-0.4607165071,-0.02600892011,-0.1634203966,0.008447231913,-0.05084420988,0.9987065967,0.002637792114,0.999996521,0,0,1.47045221,1.546448197,-1.457494601,1.94457759,0.4854560893,-0.2578686589,-0.2055463341,-1.502017548,1.6493361,1.131013073,1.577396966,0.2818699827,0.2867273565,-0.8036399859,-0.02468808105,0.0007079418777,-0.01340555196,0.07941884457,0.1628514729,-0.05482590588,-0.1596030174,0.0007606399592,0,-0.07609679012,-0.01105969411,0.1151717618,0.1099887332,-0.09293485545,0.005731962091,0.03659476653,0.005731962091,0.1121483601,0.1326377904,0.0008661411703,0.002362204716,4.35100076e-08
9.2,-0.4623486052,-0.02592450335,-0.1629970258,0.008436062781,-0.05084420988,0.9987065967,0.002637792114,0.999996521,0,0,1.470205329,1.546455277,-1.457628656,1.945371779,0.4870846041,-0.258416918,-0.2071423643,-1.502009942,1.6493361,1.130252105,1.577286369,0.2830217003,0.2878272438,-0.8045693345,-0.02461660524,0.0007021596667,-0.01336557904,0.07926142514,0.1624314572,-0.05471689923,-0.159232986,0.0007220548267,0,-0.07588687674,-0.01098744011,0.1148046478,0.1096787233,-0.09271775476,0.005735512348,0.03659156235,0.005735512348,0.1116807977,0.1326377904,0.0008661411703,0.002362204716,4.35100076e-08
9.21,-0.4639764043,-0.0258402,-0.1625606587,0.008424550789,-0.05084420988,0.9987065967,0.002637792114,0.999996521,0,0,1.469959163,1.546462298,-1.457762312,1.946164393,0.4887089187,-0.258964087,-0.2087346941,-1.502002721,1.6493361,1.129493236,1.577176495,0.2841697468,0.288924031,-0.805496512,-0.0245421683,0.0006962344846,-0.01332446367,0.0790989641,0.161998663,-0.05460382882,-0.158850195,0.000682417305,0,-0.07567113736,-0.01091309309,0.1144283144,0.1093598124,-0.09249329123,0.005739044608,0.03658840687,0.005739044608,0.1112144669,0.1326377904,0.0008661411703,0.002362204716,4.35100076e-08
9.22,-0.4655997761,-0.02575601345,-0.1621116116,0.008412704282,-0.05084420988,0.9987065967,0.002637792114,0.999996521,0,0,1.469713742,1.546469261,-1.457895557,1.946955383,0.4903289053,-0.2595101252,-0.2103231961,-1.501995897,1.6493361,1.128736525,1.577067364,0.28531403,0.2900176292,-0.8064214449,-0.02446483538,0.0006901701997,-0.01328223482,0.07893158345,0.1615534059,-0.05448678747,-0.1584549443,0.0006417546378,0,-0.07544972165,-0.01083670585,0.1140430093,0.1090322257,-0.09226163908,0.005742558298,0.0365852999,0.005742558298,0.1107494044,0.1326377904,0.0008661411703,0.002362204716,4.35100076e-08
9.23,-0.4672185953,-0.025671947,-0.1616502077,0.008400531782,-0.05084420988,0.9987065967,0.002637792114,0.999996521,0,0,1.469469093,1.546476162,-1.458028379,1.947744699,0.4919444393,-0.2600549931,-0.2119077455,-1.501989479,1.6493361,1.127982028,1.576958997,0.28645446,0.2911079514,-0.8073440613,-0.02438467328,0.0006839707496,-0.01323892206,0.07875940786,0.1610960084,-0.05436587018,-0.1580475407,0.000600094593,0,-0.07522278222,-0.01075833225,0.1136489844,0.1086961932,-0.09202297643,0.005746052859,0.03658224127,0.005746052859,0.1102856461,0.1326377904,0.0008661411703,0.002362204716,4.35100076e-08
9.24,-0.4688327401,-0.02558800387,-0.1611767764,0.008388041984,-0.05084420988,0.9987065967,0.002637792114,0.999996521,0,0,1.469225247,1.546483002,-1.458160768,1.948532293,0.4935553994,-0.2605986518,-0.2134882209,-1.501983478,1.6493361,1.1272298,1.576851414,0.2875909499,0.2921949133,-0.8082642911,-0.02430175044,0.0006776401405,-0.01319455552,0.07858256459,0.1606267993,-0.05424117416,-0.157628298,0.0005574654623,-2.220446049e-14,-0.07499047456,-0.0106780272,0.1132464966,0.1083519492,-0.09177748533,0.005749527744,0.03657923077,0.005749527744,0.1098232269,0.1326377904,0.0008661411703,0.002362204716,4.35100076e-08
9.25,-0.4704420919,-0.02550418719,-0.1606916539,0.008375243755,-0.05084420988,0.9987065967,0.002637792114,0.999996521,0,0,1.468982229,1.546489779,-1.458292714,1.949318118,0.4951616674,-0.2611410636,-0.2150645039,-1.501977904,1.6493361,1.126479895,1.576744633,0.2887234149,0.2932784328,-0.8091820659,-0.02474684899,0.0008100710954,-0.01242809592,0.07798315158,0.1604779188,-0.05279424898,-0.1576789677,0.001012167808,2.220446049e-14,-0.07507071514,-0.01041578663,0.1126473697,0.1086131812,-0.09111572365,0.005752982421,0.03657626817,0.005752982421,0.1093621809,0.1326377904,0.0008661411703,0.002362204716,4.351000782e-08
9.26,-0.4720465354,-0.02542049999,-0.160195183,0.008362146139,-0.05084420988,0.9987065967,0.002637792114,0.999996521,0,0,1.468734761,1.546497879,-1.458416995,1.95009795,0.4967664466,-0.2616690061,-0.2166412936,-1.501967782,1.6493361,1.125729188,1.576640476,0.2898498886,0.2943645646,-0.8100932232,-0.0251797249,0.0009394472795,-0.01167394502,0.07738733086,0.1603122433,-0.05136884804,-0.1577099429,0.001456591492,0,-0.07513944356,-0.01015500758,0.1120430735,0.1088546733,-0.09045575812,0.005756726306,0.03657334953,0.005756726306,0.1091338545,0.1326377904,0.0008661411703,0.002362204716,4.35100076e-08
9.27,-0.4736459589,-0.02533694523,-0.159687713,0.00834875835,-0.05084420988,0.9987065967,0.002637792114,0.999996521,0,0,1.468482963,1.546507274,-1.458533734,1.950871823,0.498369569,-0.2621826945,-0.218218393,-1.501953216,1.6493361,1.124977793,1.576538925,0.2909703193,0.2954531114,-0.8109977808,-0.02508630279,0.0009315025961,-0.01163052967,0.07719992971,0.1598084397,-0.0512416323,-0.1572550098,0.001408283365,0,-0.07488946682,-0.010070174,0.1116168696,0.1084829867,-0.09019405949,0.005760751774,0.03657047518,0.005760751774,0.1091338545,0.1326377904,0.0008661411703,0.002362204716,4.35100076e-08
9.28,-0.4752402542,-0.02525352576,-0.1591695998,0.008335089777,-0.05084420988,0.9987065967,0.002637792114,0.999996521,0,0,1.4682321,1.546516589,-1.45865004,1.951643822,0.4999676534,-0.2626951109,-0.2197909431,-1.501939133,1.6493361,1.124228899,1.576438224,0.292086488,0.2965379412,-0.8118997214,-0.02499033612,0.0009234281585,-0.01158628515,0.0770084506,0.1592941566,-0.05111122094,-0.1567894907,0.001359058367,0,-0.07463473563,-0.009983664225,0.1111833061,0.1081039943,-0.0899263488,0.00576475198,0.03656764867,0.00576475198,0.1091338545,0.1326377904,0.0008661411703,0.002362204716,4.35100076e-08
9.29,-0.4768293166,-0.02517024434,-0.1586412058,0.008321149984,-0.05084420988,0.9987065967,0.002637792114,0.999996521,0,0,1.467982197,1.546525823,-1.458765903,1.952413907,0.501560595,-0.2632062231,-0.221358838,-1.501925543,1.6493361,1.123482551,1.576338387,0.293198321,0.2976189812,-0.8127989848,-0.02489190391,0.0009152290066,-0.01154124132,0.07681303213,0.158769757,-0.05097771634,-0.1563137355,0.001308949622,0,-0.07437542159,-0.009895537693,0.110742661,0.1077179559,-0.08965282574,0.005768726427,0.03656486971,0.005768726427,0.1091338545,0.1326377904,0.0008661411703,0.002362204716,4.35100076e-08
9.3,-0.4784130452,-0.02508710363,-0.1581029001,0.008306948706,-0.05084420988,0.9987065967,0.002637792114,0.999996521,0,0,1.467733278,1.546534975,-1.458881315,1.953182037,0.5031482926,-0.2637160002,-0.2229219754,-1.501912453,1.6493361,1.122738797,1.576239432,0.2943057477,0.2986961607,-0.8136955131,-0.0247910869,0.0009069102555,-0.01149542857,0.07661381553,0.1582356109,-0.050841223,-0.1558281009,0.001257990818,0,-0.07411169923,-0.0098058549,0.1102952168,0.1073251357,-0.08937369392,0.005772674633,0.03656213799,0.005772674633,0.1091338545,0.1326377904,0.0008661411703,0.002362204716,4.35100076e-08
9.31,-0.4799913428,-0.0250041062,-0.1575550584,0.008292495854,-0.05084420988,0.9987065967,0.002637792114,0.999996521,0,0,1.467485367,1.546544044,-1.458996269,1.953948175,0.5047306487,-0.2642244125,-0.2244802564,-1.501899873,1.6493361,1.12199768,1.576141373,0.2954086998,0.2997694121,-0.81458925,-0.02466873308,0.0008993814281,-0.01144362095,0.07626464195,0.1577293792,-0.05055654446,-0.1552564546,0.00123069168,2.220446049e-14,-0.07395741837,-0.0099643609,0.109866327,0.1071331313,-0.08900743934,0.005776596137,0.03655945321,0.005776596137,0.1091338545,0.1326377904,0.0008661411703,0.002362204716,4.35100076e-08
9.32,-0.4815641159,-0.02492125452,-0.1569980629,0.008277801511,-0.05084420988,0.9987065967,0.002637792114,0.999996521,0,0,1.46723868,1.546553038,-1.459110705,1.954710822,0.5063079425,-0.2647299779,-0.2260328209,-1.501887566,1.6493361,1.121258106,1.57604173,0.2965073631,0.3008407434,-0.8154793244,-0.02456263612,0.0008908154556,-0.01139609931,0.07605118584,0.1571787849,-0.05040767962,-0.1547480976,0.001179504571,-2.220446049e-14,-0.0736916813,-0.009884647071,0.10940817,0.1067379108,-0.08871312495,0.005780492868,0.03655681694,0.005780492868,0.1091981772,0.1326377904,0.0008661411703,0.002362204716,4.351000737e-08
9.33,-0.4831312749,-0.02483855094,-0.1564323024,0.008262875935,-0.05084420988,0.9987065967,0.002637792114,0.999996521,0,0,1.466993053,1.546561946,-1.459224666,1.955471334,0.5078797303,-0.2652340547,-0.2275803019,-1.501875771,1.6493361,1.120521189,1.575942883,0.2976014448,0.3019081225,-0.8163664557,-0.02445541401,0.000882097313,-0.0113481772,0.07584200886,0.1566176487,-0.05026374341,-0.1542349601,0.001126297235,0,-0.07341615575,-0.009790543675,0.1089427927,0.1063259102,-0.08841809155,0.005784361915,0.03655422717,0.005784361915,0.1092367394,0.1326377904,0.0008661411703,0.002362204716,4.35100076e-08
9.34,-0.484692734,-0.02475599774,-0.1558581723,0.008247729556,-0.05084420988,0.9987065967,0.002637792114,0.999996521,0,0,1.466748499,1.546570767,-1.459338148,1.956229754,0.5094459068,-0.2657366921,-0.2291226515,-1.501864508,1.6493361,1.119787028,1.575844978,0.2986908727,0.3029713816,-0.8172506366,-0.02434614606,0.0008732813482,-0.01129961295,0.0756296264,0.1560483106,-0.05011725669,-0.1537134429,0.001072378376,0,-0.07313694139,-0.009695126656,0.1084717828,0.1059082253,-0.08811830934,0.005788202741,0.03655168347,0.005788202741,0.1092456877,0.1326377904,0.0008661411703,0.002362204716,4.35100076e-08
9.35,-0.4862484117,-0.02467359705,-0.1552760745,0.008232372978,-0.05084420988,0.9987065967,0.002637792114,0.999996521,0,0,1.466505038,1.5465795,-1.459451144,1.95698605,0.5110063899,-0.2662378647,-0.2306597859,-1.501853785,1.6493361,1.119055658,1.575748026,0.2997755905,0.3040304639,-0.8181318197,-0.02423492159,0.0008643730622,-0.01125043946,0.07541419251,0.1554711734,-0.04996833434,-0.1531839373,0.001017784512,0,-0.07285422741,-0.009598462021,0.1079954444,0.1054851432,-0.08781400147,0.005792014959,0.03654918545,0.005792014959,0.1092252672,0.1326377904,0.0008661411703,0.002362204716,4.35100076e-08
9.36,-0.4877982303,-0.02459135094,-0.1546864176,0.008216816981,-0.05084420988,0.9987065967,0.002637792114,0.999996521,0,0,1.466262688,1.546588144,-1.459563649,1.957740192,0.5125611016,-0.266737548,-0.2321916253,-1.501843607,1.6493361,1.118327116,1.575652042,0.300855545,0.3050853153,-0.8190099597,-0.02454277715,0.0009690780488,-0.01061670751,0.07485283097,0.1551364442,-0.04874417666,-0.1530114635,0.001363449734,2.220446049e-14,-0.0728191175,-0.009350892684,0.1073637169,0.1055457729,-0.08718134059,0.005795798203,0.03654673275,0.005795798203,0.1091757265,0.1326377904,0.0008661411703,0.002362204716,4.35100076e-08
9.37,-0.4893421163,-0.02450926134,-0.1540896167,0.008201072516,-0.05084420988,0.9987065967,0.002637792114,0.999996521,0,0,1.466017261,1.546597835,-1.459669816,1.95848872,0.5141124661,-0.2672249898,-0.2337217399,-1.501829972,1.6493361,1.117598925,1.575558533,0.3019291822,0.306140773,-0.8198817731,-0.02500374239,0.001115234945,-0.009767617393,0.07416283799,0.1548870809,-0.0471239275,-0.1529662851,0.001855745241,-2.220446049e-14,-0.07287283494,-0.009047162922,0.1066713856,0.10578081,-0.08642612208,0.005799806445,0.03654432352,0.005799806445,0.1091338545,0.1328239207,0.0008661411703,0.002362204716,4.351000737e-08
9.38,-0.4908800003,-0.02442733008,-0.1534860936,0.008185150707,-0.05084420988,0.9987065967,0.002637792114,0.999996521,0,0,1.465767223,1.546608987,-1.459767492,1.959230349,0.5156613369,-0.2676962291,-0.2352514028,-1.501811415,1.6493361,1.116870196,1.575468061,0.302995896,0.3071985811,-0.8207460343,-0.02488381827,0.001104748049,-0.009721587939,0.07394240366,0.1542876227,-0.04697825686,-0.1524127494,0.001795744352,0,-0.07257823837,-0.008948423285,0.1061813428,0.1053384846,-0.0861132571,0.005804131803,0.03654195725,0.005804131803,0.1091338545,0.1332644927,0.0008661411703,0.002362204716,4.35100076e-08
9.39,-0.4924118172,-0.02434555888,-0.1528762765,0.008169062855,-0.05084420988,0.9987065967,0.002637792114,0.999996521,0,0,1.465518385,1.546620035,-1.459864708,1.959969773,0.5172042131,-0.2681660117,-0.2367755303,-1.501793457,1.6493361,1.116144414,1.575378577,0.3040577094,0.308251966,-0.8216071669,-0.02476226808,0.001094183396,-0.0096751468,0.07371959244,0.1536820125,-0.04683073345,-0.1518528171,0.00173518144,0,-0.07228090665,-0.008848725803,0.1056872547,0.1048919131,-0.08579682305,0.005808423582,0.03653963573,0.005808423582,0.1091338545,0.1337033266,0.0008661411703,0.002362204716,4.35100076e-08
9.4,-0.4939375063,-0.02426394934,-0.1522606003,0.008152820431,-0.05084420988,0.9987065967,0.002637792114,0.999996521,0,0,1.465270762,1.546630976,-1.459961459,1.960706969,0.5187410333,-0.268634319,-0.2382940585,-1.501776106,1.6493361,1.115421605,1.57529009,0.305114582,0.3093008851,-0.8224651351,-0.02463919266,0.001083547643,-0.009628325566,0.07349456921,0.1530706883,-0.04668147565,-0.1512869165,0.001674098533,2.220446049e-14,-0.0719810453,-0.008748140741,0.1051894465,0.1044414087,-0.08547706049,0.005812681483,0.03653735853,0.005812681483,0.1091338545,0.1341404051,0.0008661411703,0.002362204716,4.35100076e-08
9.41,-0.4954570111,-0.02418250295,-0.1516395065,0.008136435083,-0.05084420988,0.9987065967,0.002637792114,0.999996521,0,0,1.46502437,1.546641812,-1.460057743,1.961441914,0.5202717401,-0.2691011337,-0.2398069276,-1.501759365,1.6493361,1.114701794,1.575202608,0.3061664765,0.3103452992,-0.8233199057,-0.02451469468,0.001072847533,-0.009581156265,0.07326750139,0.1524540945,-0.04653060391,-0.1507154829,0.001612538261,-2.220446049e-14,-0.0716788628,-0.008646739398,0.1046882474,0.1039872895,-0.08515421386,0.005816905232,0.03653512523,0.005816905232,0.1091338545,0.1345757118,0.0008661411703,0.002362204716,4.351000737e-08
9.42,-0.4969702798,-0.02410122108,-0.151013443,0.008119918629,-0.05084420988,0.9987065967,0.002637792114,0.999996521,0,0,1.464779224,1.54665254,-1.460153554,1.962174589,0.5217962811,-0.2695664398,-0.2413140824,-1.501743239,1.6493361,1.113985006,1.575116141,0.3072133589,0.3113851721,-0.8241714479,-0.02438887857,0.001062089886,-0.009533671369,0.07303855905,0.1518326825,-0.04637824072,-0.1501389586,0.001550543861,2.220446049e-14,-0.07137457055,-0.008544594109,0.1041839909,0.1035298777,-0.0848285315,0.005821094576,0.03653293538,0.005821094576,0.1091338545,0.1350092321,0.0008661411703,0.002362204716,4.35100076e-08
9.43,-0.4984772649,-0.02402010497,-0.1503828646,0.008103283064,-0.05084420988,0.9987065967,0.002637792114,0.999996521,0,0,1.464535335,1.546663161,-1.460248891,1.962904975,0.5233146079,-0.2700302222,-0.242815472,-1.501727734,1.6493361,1.11327126,1.575030695,0.3082551988,0.3124204709,-0.8250197332,-0.0242618506,0.001051281608,-0.009485903787,0.07280791479,0.1512069101,-0.04622451061,-0.1495577932,0.001488159174,-2.220446049e-14,-0.07106838292,-0.008441778241,0.1036770149,0.1030695004,-0.08450026569,0.005825249287,0.03653078854,0.005825249287,0.1091338545,0.1354409522,0.0008661411703,0.002362204716,4.351000737e-08
9.44,-0.4999779236,-0.02393915577,-0.1497482324,0.008086540554,-0.05084420988,0.9987065967,0.002637792114,0.999996521,0,0,1.464292716,1.546673674,-1.46034375,1.963633054,0.524826677,-0.2704924673,-0.24431105,-1.501712852,1.6493361,1.112560576,1.574946277,0.309291969,0.3134511659,-0.8258647358,-0.02413371883,0.001040429684,-0.00943788687,0.07257574386,0.1505772418,-0.04606954016,-0.1489724428,0.001425428645,0,-0.07076051719,-0.008338366196,0.1031676615,0.1026064892,-0.0841696726,0.005829369159,0.03652868427,0.005829369159,0.1091338545,0.1358708599,0.0008661411703,0.002362204716,4.35100076e-08
9.45,-0.5014722176,-0.02385837448,-0.1491100143,0.00806970344,-0.05084420988,0.9987065967,0.002637792114,0.999996521,0,0,1.464051379,1.546684078,-1.460438129,1.964358811,0.5263324494,-0.2709531627,-0.2458007744,-1.501698598,1.6493361,1.111852971,1.574862894,0.3103236456,0.3144772308,-0.8267064326,-0.02400459315,0.001029541177,-0.00938965441,0.07234222408,0.149944149,-0.04591345802,-0.1483833709,0.001362397323,2.220446049e-14,-0.07045119359,-0.008234433408,0.1026562772,0.1021411801,-0.08383701234,0.005833454012,0.0365266221,0.005833454012,0.1091338545,0.1362989443,0.0008661411703,0.002362204716,4.35100076e-08
9.46,-0.5029601135,-0.02377776198,-0.1484686845,0.008052784237,-0.05084420988,0.9987065967,0.002637792114,0.999996521,0,0,1.463811333,1.546694374,-1.460532025,1.965082234,0.5278318909,-0.2714122973,-0.2472846081,-1.501684974,1.6493361,1.111148459,1.574780549,0.3113502084,0.3154986426,-0.8275448027,-0.02387458525,0.001018623236,-0.009341240636,0.07210753585,0.1493081097,-0.04575639488,-0.1477910481,0.001299110861,-4.440892099e-14,-0.07014063528,-0.008130056347,0.1021432127,0.1016739141,-0.08350254891,0.005837503688,0.03652460157,0.005837503688,0.1091338545,0.1367251958,0.0008661411703,0.002362204716,4.351000737e-08
9.47,-0.5044415825,-0.02369731903,-0.1478247239,0.008035795632,-0.05084420988,0.9987065967,0.002637792114,0.999996521,0,0,1.463572587,1.54670456,-1.460625438,1.965803309,0.529324972,-0.2718698612,-0.2487625186,-1.501671983,1.6493361,1.110447053,1.574699249,0.3123716405,0.3165153817,-0.8283798282,-0.02374380864,0.001007683088,-0.009292680219,0.07187186219,0.1486696083,-0.0455984835,-0.1471959517,0.001235615515,4.440892099e-14,-0.06982906835,-0.008025312513,0.1016288229,0.1012050363,-0.08316655027,0.005841518055,0.03652262222,0.005841518055,0.1091338545,0.1371496061,0.0008661411703,0.002362204716,4.351000782e-08
9.48,-0.5059166008,-0.02361704625,-0.1471786203,0.008018750488,-0.05084420988,0.9987065967,0.002637792114,0.999996521,0,0,1.463335149,1.546714637,-1.460718365,1.966522028,0.5308116681,-0.2723258461,-0.2502344781,-1.501659627,1.6493361,1.109748762,1.574618995,0.3133879287,0.3175274321,-0.8292114937,-0.0244034426,0.001217249163,-0.008122080886,0.07096744729,0.1484694425,-0.04337156672,-0.1472481345,0.00193810133,-2.220446049e-14,-0.0699866291,-0.00762433311,0.100828346,0.1016578772,-0.08222249444,0.005845497006,0.03652068357,0.005845497006,0.1091338545,0.1375721684,0.0008661411703,0.002362204716,4.351000737e-08
9.49,-0.5073851494,-0.02353694416,-0.1465308675,0.008001661839,-0.05084420988,0.9987065967,0.002637792114,0.999996521,0,0,1.463091115,1.546726809,-1.460799585,1.967231702,0.5322963625,-0.2727595617,-0.2517069594,-1.501640246,1.6493361,1.109048896,1.574542752,0.3143962122,0.3185440108,-0.8300337186,-0.02441420701,0.001245540069,-0.007871294468,0.07061039433,0.1479073474,-0.0428406911,-0.1467664307,0.002011935113,0,-0.06975783925,-0.007465878762,0.1002603662,0.1013523545,-0.08177593806,0.005849934752,0.03651878527,0.005849934752,0.1091338545,0.1376378005,0.0008661411703,0.002362204716,4.35100076e-08
9.5,-0.5088472144,-0.02345701312,-0.1458819664,0.007984542894,-0.05084420988,0.9987065967,0.002637792114,0.999996521,0,0,1.462846973,1.546739265,-1.460878298,1.967937806,0.533775436,-0.2731879686,-0.2531746238,-1.501620126,1.6493361,1.108351317,1.574468093,0.3153988159,0.3195575344,-0.830851478,-0.02427837682,0.001233042034,-0.007827813152,0.0703763873,0.1472629522,-0.04269168052,-0.1461634179,0.001944083379,0,-0.06944185395,-0.007361996844,0.09974479511,0.1008756548,-0.08144088805,0.005854424313,0.03651692725,0.005854424313,0.1091338545,0.1376378005,0.0008661411703,0.002362204716,4.35100076e-08
9.51,-0.5103027866,-0.02337725336,-0.1452324242,0.007967407036,-0.05084420988,0.9987065967,0.002637792114,0.999996521,0,0,1.462604189,1.546751595,-1.460956576,1.96864157,0.5352480655,-0.2736148855,-0.2546362579,-1.501600685,1.6493361,1.107656899,1.574394473,0.3163962638,0.3205662909,-0.8316658869,-0.02414224079,0.001220554597,-0.007784337407,0.07014215494,0.1466180908,-0.04254238178,-0.1455596013,0.001876211442,0,-0.06912579543,-0.007258070038,0.09922937071,0.1003987702,-0.08110540848,0.005858874186,0.03651510904,0.005858874186,0.1091338545,0.1376378005,0.0008661411703,0.002362204716,4.35100076e-08
9.52,-0.5117518624,-0.02329766499,-0.1445827547,0.007950267821,-0.05084420988,0.9987065967,0.002637792114,0.999996521,0,0,1.462362767,1.546763801,-1.46103442,1.969342992,0.5367142464,-0.2740403093,-0.2560918539,-1.501581923,1.6493361,1.106965641,1.574321893,0.3173885575,0.3215702786,-0.832476941,-0.02400592484,0.001208086292,-0.007740899399,0.06990789044,0.1459732831,-0.04239292932,-0.1449554964,0.001808371769,0,-0.06880990638,-0.007154179775,0.09871446805,0.09992207267,-0.08076978441,0.005863284382,0.03651333015,0.005863284382,0.1091338545,0.1376378005,0.0008661411703,0.002362204716,4.35100076e-08
9.53,-0.513194443,-0.02321824797,-0.1439334785,0.007933138978,-0.05084420988,0.9987065967,0.002637792114,0.999996521,0,0,1.462122707,1.546775882,-1.461111829,1.97004207,0.5381739793,-0.2744642386,-0.2575414089,-1.50156384,1.6493361,1.106277542,1.574250351,0.3183757022,0.3225694994,-0.8332846388,-0.02386955681,0.001195645744,-0.007697531663,0.06967378961,0.1453290557,-0.04224345951,-0.1443516257,0.001740617473,0,-0.06849443246,-0.007050408498,0.09820046639,0.0994459388,-0.08043430482,0.005867654939,0.03651159009,0.005867654939,0.1091338545,0.1376378005,0.0008661411703,0.002362204716,4.35100076e-08
9.54,-0.5146305351,-0.02313900213,-0.1432851224,0.007916034412,-0.05084420988,0.9987065967,0.002637792114,0.999996521,0,0,1.461884012,1.546787838,-1.461188804,1.970738808,0.5396272698,-0.2748866732,-0.2589849252,-1.501546433,1.6493361,1.105592598,1.574179847,0.3193577069,0.3235639588,-0.8340889819,-0.0237332664,0.001183241661,-0.007654267105,0.06944005077,0.1446859421,-0.04209411072,-0.143748519,0.001673002309,0,-0.06817962227,-0.006946839669,0.0976877492,0.09897074985,-0.0800992626,0.005871985924,0.03650988836,0.005871985924,0.1091338545,0.1376378005,0.0008661411703,0.002362204716,4.35100076e-08
9.55,-0.5160601503,-0.02305992715,-0.1426382201,0.007898968198,-0.05084420988,0.9987065967,0.002637792114,0.999996521,0,0,1.461646679,1.54679967,-1.461265347,1.971433209,0.5410741292,-0.2753076143,-0.2604224104,-1.501529703,1.6493361,1.104910801,1.574110378,0.3203345843,0.3245536663,-0.8348899745,-0.02359718518,0.001170882841,-0.007611139001,0.06920687485,0.1440444822,-0.04194502323,-0.143146713,0.001605580673,0,-0.06786572735,-0.006843557765,0.09717670414,0.09849689167,-0.07976495456,0.005876277434,0.03650822447,0.005876277434,0.1091338545,0.1376378005,0.0008661411703,0.002362204716,4.35100076e-08
9.56,-0.5174833061,-0.02298102259,-0.1419933117,0.007881954588,-0.05084420988,0.9987065967,0.002637792114,0.999996521,0,0,1.461410707,1.546811379,-1.461341458,1.972125278,0.5425145741,-0.2757270645,-0.2618538775,-1.501513648,1.6493361,1.104232144,1.574041943,0.3213063514,0.3255386352,-0.835687624,-0.02346144663,0.001158578164,-0.007568180999,0.06897446532,0.1434052229,-0.04179633931,-0.1425467517,0.001538407607,0,-0.0675530022,-0.006740648277,0.09666772311,0.09802475472,-0.07943168142,0.005880529593,0.03650659794,0.005880529593,0.1091338545,0.1376378005,0.0008661411703,0.002362204716,4.35100076e-08
9.57,-0.518900025,-0.02290228784,-0.1413509441,0.007865008006,-0.05084420988,0.9987065967,0.002637792114,0.999996521,0,0,1.461176093,1.546822965,-1.46141714,1.972815022,0.5439486263,-0.2761450279,-0.263279345,-1.501498264,1.6493361,1.103556614,1.573974536,0.3222730286,0.3265188827,-0.8364819409,-0.02332618609,0.0011463366,-0.007525427115,0.06874302823,0.1427687176,-0.04164820319,-0.1419491861,0.001471538793,-2.220446049e-14,-0.06724170425,-0.006638197712,0.0961612022,0.0975547341,-0.07909974781,0.005884742556,0.03650500826,0.005884742556,0.1091338545,0.1376378005,0.0008661411703,0.002362204716,4.35100076e-08
9.58,-0.5203103353,-0.02282372216,-0.1407116705,0.00784814305,-0.05084420988,0.9987065967,0.002637792114,0.999996521,0,0,1.460942831,1.546834428,-1.461492394,1.973502453,0.5453763135,-0.2765615099,-0.2646988369,-1.501483548,1.6493361,1.102884197,1.573908154,0.3232346406,0.3274944301,-0.8372729383,-0.02319154082,0.001134167202,-0.007482911737,0.0685127722,0.1421355266,-0.04150076104,-0.1413545743,0.001405030557,4.440892099e-14,-0.06693209389,-0.006536293594,0.09565754169,0.09708722948,-0.07876946229,0.00588891651,0.03650345496,0.00588891651,0.1091338545,0.1376378005,0.0008661411703,0.002362204716,4.351000782e-08
9.59,-0.5217142706,-0.02274532465,-0.1400760509,0.00783137449,-0.05084420988,0.9987065967,0.002637792114,0.999996521,0,0,1.460710915,1.54684577,-1.461567223,1.97418758,0.5467976687,-0.2769765175,-0.2661123826,-1.501469498,1.6493361,1.102214876,1.573842791,0.3241912161,0.3284653024,-0.838060633,-0.02305764993,0.001122079111,-0.007440669618,0.06828390841,0.1415062169,-0.04135416104,-0.1407634818,0.001338939867,-2.220446049e-14,-0.06662443445,-0.00643502446,0.09515714608,0.09662264517,-0.07844113736,0.005893051669,0.03650193755,0.005893051669,0.1091338545,0.1376378005,0.0008661411703,0.002362204716,4.351000737e-08
9.6,-0.5231118704,-0.0226670943,-0.1394446518,0.007814717273,-0.05084420988,0.9987065967,0.002637792114,0.999996521,0,0,1.460480339,1.546856991,-1.46164163,1.974870419,0.5482127309,-0.2773900591,-0.2675200174,-1.501456108,1.6493361,1.101548632,1.573778441,0.3251427875,0.3294315288,-0.8388450443,-0.02349262232,0.001273847972,-0.006575115391,0.06756074068,0.1411750183,-0.039684778,-0.1406152635,0.001832226571,0,-0.0666563402,-0.006111580524,0.0944532884,0.09682846079,-0.07768108045,0.005897148279,0.03650045553,0.005897148279,0.1091338545,0.1376378005,0.0008661411703,0.002362204716,4.35100076e-08
9.61,-0.5245031796,-0.02258902989,-0.1388180462,0.007798186517,-0.05084420988,0.9987065967,0.002637792114,0.999996521,0,0,1.460245413,1.546869729,-1.461707381,1.975546027,0.5496244811,-0.2777869069,-0.2689261701,-1.501437786,1.6493361,1.100882068,1.573717325,0.3260873204,0.3303998134,-0.8396218551,-0.02366317863,0.00134880618,-0.006094993942,0.0670715544,0.1407120627,-0.03872970862,-0.1402669895,0.002064397836,0,-0.06653246257,-0.005893204082,0.09384967119,0.09672552441,-0.07712716659,0.005901574915,0.03649901045,0.005901574915,0.10912463,0.1376378005,0.0008661411703,0.002362204716,4.35100076e-08
9.62,-0.5258882492,-0.02251113009,-0.1381968139,0.007781797514,-0.05084420988,0.9987065967,0.002637792114,0.999996521,0,0,1.460008781,1.546883217,-1.461768331,1.976216742,0.5510316017,-0.278174204,-0.27032884,-1.501417142,1.6493361,1.100216744,1.573658393,0.3270258171,0.3313670687,-0.8403931268,-0.02351241464,0.001335989531,-0.006053431387,0.06673258295,0.1401287885,-0.03848054563,-0.1396203407,0.002017130918,2.220446049e-14,-0.06633026174,-0.006007262756,0.09338904539,0.0964408836,-0.07673392843,0.005906158477,0.03649760127,0.005906158477,0.1091309348,0.1376378005,0.0008661411703,0.002362204716,4.35100076e-08
9.63,-0.5272671358,-0.02243339341,-0.137581541,0.007765565731,-0.05084420988,0.9987065967,0.002637792114,0.999996521,0,0,1.459773657,1.546896577,-1.461828865,1.976884068,0.5524328896,-0.2785590095,-0.2717250434,-1.501396971,1.6493361,1.099553441,1.573598321,0.3279597076,0.3323314775,-0.8411604661,-0.02337707061,0.001323038808,-0.00601674369,0.06649532493,0.1395249467,-0.03833028361,-0.1390357474,0.001953299745,-4.440892099e-14,-0.0660475348,-0.005945873562,0.09291143029,0.09601588842,-0.0764071896,0.005910701302,0.03649623001,0.005910701302,0.1091338545,0.1376378005,0.0008661411703,0.002362204716,4.351000737e-08
9.64,-0.5286399019,-0.0223558182,-0.1369728204,0.007749506806,-0.05084420988,0.9987065967,0.002637792114,0.999996521,0,0,1.459539886,1.546909808,-1.461889033,1.977549021,0.5538281391,-0.2789423123,-0.2731154008,-1.501377438,1.6493361,1.098892966,1.573538862,0.3288888219,0.3332916364,-0.841924538,-0.0232460328,0.001310171002,-0.005981353863,0.06628039993,0.1389225729,-0.03820096715,-0.1384688853,0.001886728643,2.220446049e-14,-0.06575135869,-0.005850243973,0.09243468353,0.09556696341,-0.07609669262,0.005915203459,0.03649489341,0.005915203459,0.1091338545,0.1376378005,0.0008661411703,0.002362204716,4.351000782e-08
9.65,-0.530006616,-0.02227840265,-0.1363712515,0.007733636554,-0.05084420988,0.9987065967,0.002637792114,0.999996521,0,0,1.459307426,1.546922909,-1.461948846,1.978211825,0.5552173648,-0.279324322,-0.2745000897,-1.501358571,1.6493361,1.098235452,1.57348036,0.3298131687,0.334247306,-0.8426855049,-0.02311666363,0.001297456848,-0.005946391029,0.06606814277,0.1383276406,-0.03807329109,-0.1379091116,0.001820973746,0,-0.06545880432,-0.005755788655,0.09196370232,0.09512354415,-0.07579007443,0.005919665301,0.03649359045,0.005919665301,0.1091338545,0.1376378005,0.0008661411703,0.002362204716,4.35100076e-08
9.66,-0.5313673528,-0.02220114479,-0.1357774404,0.00771797096,-0.05084420988,0.9987065967,0.002637792114,0.999996521,0,0,1.459076259,1.546935884,-1.46200831,1.978872507,0.5566006412,-0.2797050549,-0.2758791808,-1.501340361,1.6493361,1.097580864,1.573422802,0.3307328057,0.3351985415,-0.8434434057,-0.02298911942,0.001284907137,-0.005911886841,0.06585877901,0.1377407659,-0.03794740691,-0.1373570445,0.001756100399,0,-0.06517015816,-0.00566260228,0.09149891908,0.09468607206,-0.07548767193,0.005924087307,0.03649232066,0.005924087307,0.1091338545,0.1376378005,0.0008661411703,0.002362204716,4.35100076e-08
9.67,-0.5327221927,-0.02212404249,-0.1351919994,0.007702526186,-0.05084420988,0.9987065967,0.002637792114,0.999996521,0,0,1.458846368,1.546948733,-1.462067429,1.979531095,0.5579780488,-0.280084529,-0.2772527512,-1.5013228,1.6493361,1.096929163,1.573366176,0.3316477949,0.3361454022,-0.8441982824,-0.02286355847,0.001272532756,-0.005877873254,0.06565253678,0.137162572,-0.03782346791,-0.1368133095,0.001692174637,0,-0.06488570963,-0.005570780524,0.09104077036,0.0942549932,-0.07518982591,0.005928469987,0.03649108358,0.005928469987,0.1091338545,0.1376378005,0.0008661411703,0.002362204716,4.35100076e-08
9.68,-0.5340712227,-0.02204709347,-0.1346155479,0.007687318566,-0.05084420988,0.9987065967,0.002637792114,0.999996521,0,0,1.458617732,1.546961458,-1.462126208,1.98018762,0.5593496746,-0.2804627636,-0.2786208843,-1.501305878,1.6493361,1.096280305,1.573310468,0.3325582026,0.3370879521,-0.8449501806,-0.022740141,0.001260344684,-0.005844382516,0.06544964673,0.1365936886,-0.03770162931,-0.1362785392,0.001629263183,0,-0.06460575113,-0.005480420068,0.09058969687,0.09383075828,-0.07489688108,0.005932813887,0.03648987877,0.005932813887,0.1091338545,0.1376378005,0.0008661411703,0.002362204716,4.35100076e-08
9.69,-0.5354145357,-0.02197029528,-0.1340487115,0.007672364606,-0.05084420988,0.9987065967,0.002637792114,0.999996521,0,0,1.458390331,1.546974062,-1.462184652,1.980842116,0.5607156115,-0.2808397799,-0.2799836697,-1.501289586,1.6493361,1.095634248,1.573255664,0.3334640996,0.3380262597,-0.8456991494,-0.02261902923,0.001248353992,-0.005811447178,0.06525034206,0.1360347523,-0.03758204816,-0.1357533733,0.001567433444,0,-0.06433057801,-0.005391618599,0.09014614347,0.09341382266,-0.07460918605,0.005937119591,0.03648870578,0.005937119591,0.1091338545,0.1376378005,0.0008661411703,0.002362204716,4.35100076e-08
9.7,-0.5367522311,-0.02189364528,-0.1334921226,0.00765768099,-0.05084420988,0.9987065967,0.002637792114,0.999996521,0,0,1.458164141,1.546986545,-1.462242766,1.98149462,0.562075959,-0.2812156004,-0.2813412035,-1.501273911,1.6493361,1.094990942,1.573201747,0.334365561,0.3389603979,-0.8464452413,-0.0225003873,0.001236571845,-0.005779100086,0.06505485849,0.1354864064,-0.0374648834,-0.1352384588,0.001506753519,0,-0.0640604886,-0.005304474807,0.08971055915,0.09300464637,-0.07432709334,0.005941387715,0.0364875642,0.005941387715,0.1091338545,0.1376378005,0.0008661411703,0.002362204716,4.35100076e-08
9.71,-0.5380844145,-0.0218171407,-0.13294642,0.007643284571,-0.05084420988,0.9987065967,0.002637792114,0.999996521,0,0,1.457939137,1.546998911,-1.462300557,1.982145168,0.563430823,-0.2815902492,-0.2826935881,-1.501258844,1.6493361,1.094350337,1.573148703,0.3352626666,0.3398904444,-0.8471885122,-0.02238438133,0.001225009498,-0.005747374384,0.0648634343,0.134949301,-0.03735029584,-0.1347344501,0.001447292191,2.220446049e-14,-0.06379578417,-0.005219088388,0.08928339705,0.09260369407,-0.07405095938,0.005945618914,0.03648645359,0.005945618914,0.1091338545,0.1376378005,0.0008661411703,0.002362204716,4.35100076e-08
9.72,-0.5394111979,-0.02174077858,-0.1324122493,0.007629192378,-0.05084420988,0.9987065967,0.002637792114,0.999996521,0,0,1.457715293,1.547011161,-1.462358031,1.982793803,0.5647803161,-0.2819637522,-0.2840409326,-1.501244371,1.6493361,1.093712379,1.573096512,0.3361555006,0.3408164813,-0.8479290218,-0.02227117941,0.001213678302,-0.005716303513,0.0646763103,0.134424093,-0.03723844818,-0.1342420084,0.00138911893,-4.440892099e-14,-0.06353676898,-0.005135560043,0.08886511445,0.09221143507,-0.07378114451,0.005949813878,0.03648537354,0.005949813878,0.1091338545,0.1376378005,0.0008661411703,0.002362204716,4.351000737e-08
9.73,-0.5407327001,-0.02166455578,-0.1318902624,0.007615421614,-0.05084420988,0.9987065967,0.002637792114,0.999996521,0,0,1.457492581,1.547023298,-1.462415194,1.983440566,0.566124557,-0.2823361367,-0.2853833526,-1.50123048,1.6493361,1.093077012,1.573045156,0.3370441517,0.3417385957,-0.8486668333,-0.02277658289,0.001387205893,-0.004772533786,0.06393597351,0.1342025575,-0.03543445915,-0.1342050259,0.00195065108,4.440892099e-14,-0.06364877739,-0.004800238879,0.08822928647,0.09255703971,-0.07305083813,0.005953973335,0.03648432367,0.005953973335,0.1091338545,0.1376378005,0.0008661411703,0.002362204716,4.351000782e-08
9.74,-0.542049046,-0.02158846901,-0.1313811181,0.007601989653,-0.05084420988,0.9987065967,0.002637792114,0.999996521,0,0,1.457264815,1.54703717,-1.462462919,1.984079926,0.5674665826,-0.2826904813,-0.2867254029,-1.501210973,1.6493361,1.092440524,1.572997154,0.3379264446,0.3426641661,-0.8493973417,-0.02286422697,0.001434397254,-0.004454127844,0.06358224903,0.133795688,-0.0347934227,-0.1338783086,0.002090321198,-2.220446049e-14,-0.06351702924,-0.004640552072,0.08775775504,0.09241335666,-0.07264774768,0.005958515485,0.03648330795,0.005958515485,0.1088483082,0.1376378005,0.0008661411703,0.002362204716,4.351000737e-08
9.75,-0.5433603675,-0.0215125148,-0.1308854815,0.007588914047,-0.05084420988,0.9987065967,0.002637792114,0.999996521,0,0,1.457036173,1.547051514,-1.462507461,1.984715748,0.5688045394,-0.2830384155,-0.288064186,-1.50119007,1.6493361,1.091805354,1.572950748,0.3388040221,0.3435882996,-0.8501238191,-0.02275793438,0.001422653067,-0.004429161557,0.06341233818,0.1333095113,-0.03469886881,-0.1334232208,0.002033296518,0,-0.06327487702,-0.004564347896,0.08736911545,0.09204622445,-0.07240186824,0.005963154489,0.0364823234,0.005963154489,0.1084726428,0.1376378005,0.0008661411703,0.002362204716,4.35100076e-08
9.76,-0.5446668029,-0.02143668949,-0.1304040244,0.007576212518,-0.05084420988,0.9987065967,0.002637792114,0.999996521,0,0,1.456808594,1.547065741,-1.462551752,1.985349871,0.5701376346,-0.2833854042,-0.2893984182,-1.501169737,1.6493361,1.091172605,1.572905105,0.3396777133,0.3445087619,-0.8508478378,-0.02265522368,0.001411215371,-0.004404858065,0.06324763411,0.1328379636,-0.03460747927,-0.1329824765,0.001977935577,4.440892099e-14,-0.06303971593,-0.00449037853,0.08699119968,0.09168981734,-0.07216371655,0.005967757273,0.03648136827,0.005967757273,0.1080983771,0.1376378005,0.0008661411703,0.002362204716,4.35100076e-08
9.77,-0.5459684975,-0.02136098924,-0.1299374253,0.007563902961,-0.05084420988,0.9987065967,0.002637792114,0.999996521,0,0,1.456582041,1.547079853,-1.462595801,1.985982348,0.5714660142,-0.283731479,-0.290728243,-1.501149958,1.6493361,1.090542208,1.572860201,0.3405476253,0.3454256601,-0.851569475,-0.02255627719,0.001400097138,-0.004381245847,0.06308838655,0.1323817378,-0.03451941453,-0.1325567766,0.001924315466,-4.440892099e-14,-0.0628118674,-0.004418747921,0.08662448374,0.09134463275,-0.07193366954,0.005972324785,0.03648044222,0.005972324785,0.1077254696,0.1376378005,0.0008661411703,0.002362204716,4.351000715e-08
9.78,-0.5472656032,-0.02128541006,-0.1294863691,0.007552003449,-0.05084420988,0.9987065967,0.002637792114,0.999996521,0,0,1.456356479,1.547093854,-1.462639613,1.986613232,0.5727898316,-0.2840766731,-0.2920538107,-1.501130714,1.6493361,1.089914089,1.572816014,0.3414138701,0.3463391064,-0.8522888117,-0.02246127925,0.001389311439,-0.004358353611,0.06293484777,0.1319415337,-0.03443483678,-0.1321468291,0.001872514005,0,-0.06259165585,-0.004349561001,0.0862694477,0.09101117282,-0.07171210804,0.005976858012,0.03647954491,0.005976858012,0.1073538767,0.1376378005,0.0008661411703,0.002362204716,4.35100076e-08
9.79,-0.548558279,-0.02120994775,-0.1290515473,0.007540532225,-0.05084420988,0.9987065967,0.002637792114,0.999996521,0,0,1.456131866,1.547107747,-1.462683197,1.98724258,0.5741092469,-0.2844210215,-0.293375279,-1.501111989,1.6493361,1.089288173,1.572772518,0.3422765646,0.3472492181,-0.8530059328,-0.02237041626,0.001378871442,-0.004336210285,0.06278727256,0.131518058,-0.03435390998,-0.1317533497,0.001822609736,0,-0.06237940867,-0.004282923685,0.0859265757,0.09068994437,-0.07149941679,0.005981357984,0.036478676,0.005981357984,0.1069835529,0.1376378005,0.0008661411703,0.002362204716,4.35100076e-08
9.8,-0.5498466906,-0.02113459793,-0.128633658,0.007529507706,-0.05084420988,0.9987065967,0.002637792114,0.999996521,0,0,1.455908162,1.547121535,-1.462726559,1.987870453,0.5754244275,-0.2847645606,-0.2946928125,-1.501093763,1.6493361,1.088664378,1.572729689,0.3431358304,0.3481561176,-0.8537209269,-0.02228387663,0.001368790415,-0.004314845024,0.06264591818,0.1311120239,-0.03427679989,-0.131377061,0.001774681927,2.220446049e-14,-0.06217545622,-0.004218942874,0.08559635594,0.09038145888,-0.07129598445,0.00598582577,0.03647783519,0.00598582577,0.1066144507,0.1376378005,0.0008661411703,0.002362204716,4.35100076e-08
9.81,-0.5511310109,-0.02105935604,-0.1282334061,0.007518948484,-0.05084420988,0.9987065967,0.002637792114,0.999996521,0,0,1.455685323,1.547135223,-1.462769707,1.988496912,0.5767355477,-0.2851073286,-0.2960065831,-1.501076016,1.6493361,1.088042624,1.572687499,0.3439917939,0.3490599321,-0.8544338868,-0.02220185082,0.001359081721,-0.004294287204,0.06251104447,0.1307241519,-0.03420367405,-0.1310186931,0.001728810569,-2.220446049e-14,-0.06198013182,-0.004157726452,0.08527928069,0.09008623253,-0.07110220357,0.005990262483,0.03647702218,0.005990262483,0.1062465205,0.1376378005,0.0008661411703,0.002362204716,4.351000737e-08
9.82,-0.5524114199,-0.02098421734,-0.1278515027,0.007508873323,-0.05084420988,0.9987065967,0.002637792114,0.999996521,0,0,1.455463304,1.547148814,-1.46281265,1.989122023,0.5780427892,-0.2854493653,-0.2973167701,-1.501058728,1.6493361,1.087422823,1.572645922,0.3448445867,0.3499607945,-0.8551449088,-0.02212453131,0.001349758822,-0.004274566427,0.06238291372,0.1303551687,-0.03413470178,-0.1306789834,0.001685076378,0,-0.06179377177,-0.004099383289,0.08497584626,0.08980478619,-0.07091847065,0.005994669276,0.03647623668,0.005994669276,0.1058797109,0.1376378005,0.0008661411703,0.002362204716,4.35100076e-08
9.83,-0.5536881045,-0.0209091769,-0.1274886657,0.007499301162,-0.05084420988,0.9987065967,0.002637792114,0.999996521,0,0,1.455242059,1.547162312,-1.462855396,1.989745852,0.5793463409,-0.2857907124,-0.2986235599,-1.501041877,1.6493361,1.086804885,1.572604928,0.3456943452,0.3508588423,-0.8558540935,-0.02205211266,0.001340835276,-0.004255712513,0.06226179079,0.1300058084,-0.03407005417,-0.1303586766,0.001643560793,0,-0.06161671532,-0.004044023236,0.08468655298,0.08953764538,-0.0707451861,0.005999047346,0.03647547845,0.005999047346,0.1055139682,0.1376378005,0.0008661411703,0.002362204716,4.35100076e-08
9.84,-0.5549612592,-0.02083422958,-0.1271456197,0.007490251113,-0.05084420988,0.9987065967,0.002637792114,0.999996521,0,0,1.455021538,1.54717572,-1.462897953,1.99036847,0.580646399,-0.2861314129,-0.2999271467,-1.501025442,1.6493361,1.086188718,1.572564488,0.3465412107,0.3517542188,-0.8565615454,-0.02198479146,0.001332324735,-0.004237755503,0.06214794302,0.1296768115,-0.03400990413,-0.1300585248,0.001604345977,0,-0.06144930471,-0.003991757129,0.08441190525,0.08928534033,-0.07058275424,0.006003397929,0.03647474722,0.006003397929,0.1051492367,0.1376378005,0.0008661411703,0.002362204716,4.35100076e-08
9.85,-0.5562310853,-0.02075937007,-0.1268230955,0.007481742462,-0.05084420988,0.9987065967,0.002637792114,0.999996521,0,0,1.45480169,1.547189043,-1.462940331,1.990989949,0.5819431671,-0.2864715119,-0.3012277319,-1.501009398,1.6493361,1.085574225,1.57252457,0.3473853298,0.3526470722,-0.8572673729,-0.02192276634,0.001324240951,-0.004220725662,0.06204164031,0.1293689256,-0.03395442634,-0.1297792872,0.001567514814,0,-0.06129188513,-0.003942696787,0.08415241148,0.08904840592,-0.07043158336,0.006007722308,0.03647404277,0.006007722308,0.1047854588,0.1376378005,0.0008661411703,0.002362204716,4.35100076e-08
9.86,-0.5574977919,-0.02068459286,-0.1265218309,0.007473794668,-0.05084420988,0.9987065967,0.002637792114,0.999996521,0,0,1.454582462,1.547202286,-1.462982538,1.991610365,0.5832368564,-0.2868110562,-0.3025255248,-1.500993723,1.6493361,1.084961306,1.572485143,0.3482268539,0.3535375562,-0.8579716887,-0.02202155975,0.001364852019,-0.003968858281,0.06179724097,0.1291487932,-0.03346476612,-0.1296247766,0.001691918536,0,-0.0612367287,-0.003829987633,0.08385038704,0.08901278411,-0.07017464421,0.006012021807,0.0364733649,0.006012021807,0.1044225746,0.1376378005,0.0008661411703,0.002362204716,4.35100076e-08
9.87,-0.5587615953,-0.02060989224,-0.12624257,0.007466427364,-0.05084420988,0.9987065967,0.002637792114,0.999996521,0,0,1.454362247,1.547215934,-1.463022226,1.992228338,0.5845283443,-0.2871457039,-0.3038217725,-1.500976804,1.6493361,1.084348939,1.572446844,0.3490653578,0.3544276841,-0.8586734352,-0.02258091965,0.001547002999,-0.00302764931,0.06113387568,0.1291445018,-0.03169520136,-0.1297947342,0.002283608126,0,-0.06146117202,-0.003524740456,0.08339377618,0.08953606185,-0.06958652103,0.006016407359,0.03647271505,0.006016407359,0.1041338593,0.1377111377,0.0008661411703,0.002362204716,4.35100076e-08
9.88,-0.5600227192,-0.02053526231,-0.1259860636,0.007459660357,-0.05084420988,0.9987065967,0.002637792114,0.999996521,0,0,1.454136438,1.547231404,-1.463052503,1.992839677,0.5858197893,-0.2874626559,-0.3051197199,-1.500953968,1.6493361,1.083734327,1.572411596,0.3498992955,0.3553230447,-0.8593693004,-0.02253507395,0.001539616355,-0.003015326914,0.06105314546,0.1289045382,-0.03165872301,-0.1295826529,0.002253119251,0,-0.06133479329,-0.003486618573,0.08318262219,0.08934654291,-0.06947341178,0.006021200503,0.03647209805,0.006021200503,0.1041338593,0.1380724226,0.0008661411703,0.002362204716,4.35100076e-08
9.89,-0.5612813949,-0.02046069697,-0.1257530691,0.007453513626,-0.05084420988,0.9987065967,0.002637792114,0.999996521,0,0,1.453911087,1.5472468,-1.463082656,1.993450208,0.5871088347,-0.2877792431,-0.3064155464,-1.500931437,1.6493361,1.083120979,1.57237673,0.3507311218,0.3562165101,-0.8600640345,-0.02249548238,0.001532758233,-0.00300383679,0.06098092924,0.1286888026,-0.03162722501,-0.1293946902,0.002225500202,2.220446049e-14,-0.06121990229,-0.003452097053,0.08298864446,0.08917475461,-0.06937312384,0.006025971118,0.03647150749,0.006025971118,0.1041338593,0.1384330061,0.0008661411703,0.002362204716,4.35100076e-08
9.9,-0.5625378615,-0.02038618991,-0.1255443504,0.007448007326,-0.05084420988,0.9987065967,0.002637792114,0.999996521,0,0,1.453686132,1.547262128,-1.463112695,1.994060017,0.5883957227,-0.2880955154,-0.3077094933,-1.500909182,1.6493361,1.08250878,1.572342209,0.3515610082,0.3571082577,-0.8607577658,-0.0224623589,0.001526444183,-0.002993202928,0.06091750511,0.1284980789,-0.03160087776,-0.1292316457,0.002200842352,-2.220446049e-14,-0.06111686165,-0.003421290617,0.08281236919,0.08902126064,-0.06928608205,0.00603072081,0.03647094326,0.00603072081,0.1041338593,0.1387929568,0.0008661411703,0.002362204716,4.351000737e-08
9.91,-0.5637923654,-0.02031173462,-0.125360678,0.007443161784,-0.05084420988,0.9987065967,0.002637792114,0.999996521,0,0,1.453461509,1.547277393,-1.463142627,1.994669192,0.5896807035,-0.2884115241,-0.3090018098,-1.500887173,1.6493361,1.081897611,1.572307996,0.3523891319,0.3579984703,-0.8614506266,-0.02243591959,0.001520689857,-0.002983449463,0.06086315363,0.1283331579,-0.03157985337,-0.1290943266,0.002179237837,0,-0.06102603697,-0.003394314952,0.08265432652,0.0888866294,-0.06921271522,0.00603545123,0.03647040525,0.00603545123,0.1041338593,0.1391523452,0.0008661411703,0.002362204716,4.35100076e-08
9.92,-0.5650451611,-0.0202373244,-0.125202829,0.007438997501,-0.05084420988,0.9987065967,0.002637792114,0.999996521,0,0,1.453237149,1.547292599,-1.463172461,1.995277824,0.5909640351,-0.2887273227,-0.310292753,-1.500865381,1.6493361,1.081287351,1.572274053,0.3532156752,0.3588873366,-0.8621427537,-0.02241638271,0.001515511008,-0.002974600669,0.06081815787,0.1281948374,-0.03156432566,-0.1289835475,0.00216077956,0,-0.06094779681,-0.003371286707,0.08251505052,0.08877143398,-0.06915345611,0.00604016408,0.03646989338,0.00604016408,0.1041338593,0.1395112442,0.0008661411703,0.002362204716,4.35100076e-08
9.93,-0.5662965107,-0.02016295233,-0.1250715872,0.007435535153,-0.05084420988,0.9987065967,0.002637792114,0.999996521,0,0,1.453012985,1.547307755,-1.463202207,1.995886005,0.5922459835,-0.2890429659,-0.3115825885,-1.500843773,1.6493361,1.080677873,1.57224034,0.3540408257,0.3597750509,-0.8628342883,-0.02240396865,0.001510923487,-0.002966680964,0.06078280339,0.1280839218,-0.03155447014,-0.1289001305,0.002145561189,0,-0.06088251269,-0.003352323494,0.08239507915,0.08867625218,-0.06910874142,0.006044861108,0.03646940759,0.006044861108,0.1041338593,0.139869729,0.0008661411703,0.002362204716,4.35100076e-08
9.94,-0.5675466842,-0.02008861129,-0.1249677427,0.007432795586,-0.05084420988,0.9987065967,0.002637792114,0.999996521,0,0,1.452788946,1.547322864,-1.463231874,1.996493834,0.5935268227,-0.2893585106,-0.3128715898,-1.500822318,1.6493361,1.080069048,1.572206817,0.3548647765,0.3606618134,-0.8635253757,-0.02239889994,0.001506943244,-0.002959714903,0.06075737825,0.1280012225,-0.03155046408,-0.1288449051,0.002133677155,0,-0.06083055909,-0.00333754389,0.08229495428,0.08860166649,-0.06907901184,0.00604954411,0.03646894785,0.00604954411,0.1041338593,0.1402278768,0.0008661411703,0.002362204716,4.35100076e-08
9.95,-0.5687959595,-0.02001429394,-0.1248920925,0.007430799824,-0.05084420988,0.9987065967,0.002637792114,0.999996521,0,0,1.452564957,1.547337933,-1.463261471,1.997101407,0.5948068349,-0.2896740153,-0.3141600389,-1.500800981,1.6493361,1.079460742,1.572173441,0.355687726,0.3615478301,-0.8642161658,-0.0223866144,0.001503586326,-0.002948862851,0.06063820361,0.1279773598,-0.03145361069,-0.1287562612,0.002143913768,0,-0.06088672914,-0.003517726828,0.08224498515,0.08870280466,-0.06899037913,0.006054214931,0.03646851415,0.006054214931,0.1041338593,0.1405857673,0.0008661411703,0.002362204716,4.35100076e-08
9.96,-0.5700446227,-0.01993999274,-0.1248454399,0.007429569061,-0.05084420988,0.9987065967,0.002637792114,0.999996521,0,0,1.452341091,1.547352969,-1.46329096,1.997707789,0.5960866085,-0.2899885514,-0.3154476015,-1.500779542,1.6493361,1.078851875,1.572138264,0.3565101758,0.3624348582,-0.8649060696,-0.0223934841,0.001500868879,-0.002942720271,0.06060894324,0.1279607642,-0.03143875003,-0.1287450025,0.002143526044,2.220446049e-14,-0.06088532361,-0.003557154681,0.08219381818,0.08870788778,-0.06897382661,0.006058874845,0.03646811133,0.006058874845,0.1041745277,0.1409434825,0.0008661411703,0.002362204716,4.35100076e-08
9.97,-0.5712929677,-0.01986569994,-0.1248285949,0.007429124667,-0.05084420988,0.9987065967,0.002637792114,0.999996521,0,0,1.452117156,1.547367978,-1.463320387,1.998313879,0.5973662162,-0.2903029389,-0.3167350515,-1.500758106,1.6493361,1.078243022,1.572102693,0.357332114,0.363321937,-0.8655958079,0,0,0,0,0,0,0,0,0,0,0,0,0,0,0.00606352626,0.03646773588,0.00606352626,0.1042056663,0.1413011065,0.0008661411703,0.002362204716,4.351000737e-08
