# L_phi_L=0.19,L_phi_R=0.195
t,theta,s,theta_dot,s_dot,sin_phi_L,cos_phi_L,sin_phi_R,cos_phi_R,phi_dot_L,phi_dot_R,qL1,qL2,qL3,qL4,qL5,qL6,qL7,qR1,qR2,qR3,qR4,qR5,qR6,qR7,qdotL1,qdotL2,qdotL3,qdotL4,qdotL5,qdotL6,qdotL7,qdotR1,qdotR2,qdotR3,qdotR4,qdotR5,qdotR6,qdotR7,dL,dR,d_min,m_phi_minus_L,m_phi_minus_R,m_phi_plus_L,m_phi_plus_R,m_q
0,0.7432782849,-0.1161808019,-0.6243379168,0.002424312788,0.002637792114,0.999996521,0.008582571391,0.9999631691,0,0,1.229936289,1.648040145,-1.09218439,1.078540903,-0.6441052446,0.6204155658,0.4350069137,-1.192105257,1.542544929,1.368858716,1.517447606,-0.6103491329,-0.1399635894,-0.1034455569,0.1914202302,-0.0007397466345,-0.5066038712,0.2959646079,0.7867674306,-0.5970400706,-0.1665529064,-0.1030266652,0.002244366701,-0.05591689969,-0.1237284753,0.5868849854,0.05829195033,-0.4834512278,0.008384012034,0.006377455235,0.006377455235,0.002637795173,0.003582676873,0.195295656,0.1314173238,0.001295997722
0.01,0.7370346263,-0.1161565661,-0.6244215566,0.002422130444,0.002637792114,0.999996521,0.008582571391,0.9999631691,0,0,1.231850491,1.648032748,-1.097250429,1.081500549,-0.6362375703,0.6144451651,0.4333413846,-1.193135524,1.542567373,1.368299547,1.516210321,-0.604480283,-0.1393806698,-0.1082800692,0.1888822352,-0.0007352081548,-0.5026866934,0.2961217787,0.7820329881,-0.59472115,-0.1697877272,-0.1021251598,0.002377117511,-0.05755263686,-0.1245872667,0.5875246216,0.06115520874,-0.4836358614,0.008387803641,0.006370738834,0.006370738834,0.002637795173,0.003582676873,0.1935069767,0.1314173238,0.001303395188
0.02,0.7307893064,-0.1161323736,-0.624669395,0.002415663801,0.002637792114,0.999996521,0.008582571391,0.9999631691,0,0,1.233739313,1.648025396,-1.102277295,1.084461767,-0.6284172405,0.6084979536,0.4316435074,-1.194156775,1.542591144,1.367724021,1.514964448,-0.5986050368,-0.1387691178,-0.1131164278,0.1844133814,-0.0007272332896,-0.4958718621,0.2964499276,0.7738644043,-0.5906582173,-0.1754667146,-0.1005113493,0.002615716551,-0.06046430498,-0.1261286378,0.5886885901,0.06626439652,-0.4839419514,0.008391547494,0.006364300332,0.006364300332,0.002637795173,0.003582676873,0.1917178234,0.1314173238,0.00131074727
0.03,0.7245407064,-0.1161082667,-0.6250768397,0.002405032685,0.002637792114,0.999996521,0.008582571391,0.9999631691,0,0,1.235583447,1.648018124,-1.107236014,1.087426266,-0.6206785964,0.6025913714,0.4298888402,-1.195161889,1.542617301,1.367119378,1.513703162,-0.5927181509,-0.1381064738,-0.1179558473,0.1844577037,-0.0007275887975,-0.4960985069,0.2965511192,0.7741822383,-0.5910514156,-0.1757145518,-0.1005651093,0.002619615156,-0.06050779813,-0.1262933243,0.5891557777,0.06632704582,-0.4843927116,0.008395204852,0.006358337229,0.006358337229,0.002637795173,0.003582676873,0.1899277338,0.1314173238,0.001318019603
0.04,0.7182872528,-0.1160842864,-0.6256393364,0.002390355922,0.002637792114,0.999996521,0.008582571391,0.9999631691,0,0,1.237428024,1.648010848,-1.112196999,1.090391778,-0.612936774,0.5966808572,0.4281316947,-1.19616754,1.542643497,1.3665143,1.512440229,-0.5868265932,-0.1374432033,-0.1227997744,0.1806133607,-0.0007246218236,-0.4904760593,0.2969027703,0.767757333,-0.5877797049,-0.1806745312,-0.09914279295,0.002854893748,-0.06310250844,-0.1277644025,0.5904270855,0.07096233781,-0.4848345355,0.008398865797,0.006352417011,0.006352417011,0.002637795173,0.003582676873,0.1881362538,0.1314173238,0.001325295491
0.05,0.7120274179,-0.1160604727,-0.6263523697,0.002371751337,0.002637792114,0.999996521,0.008582571391,0.9999631691,0,0,1.239234158,1.648003601,-1.11710176,1.093360805,-0.6052592007,0.5908030602,0.4263249494,-1.197158968,1.542672046,1.365883274,1.511162585,-0.5809223223,-0.13673358,-0.1276481198,0.1777314458,-0.000722677793,-0.4863963509,0.2972528933,0.7631658524,-0.5855467133,-0.1845645429,-0.09808605875,0.003037606242,-0.06510594572,-0.1289881573,0.5916823458,0.07453824725,-0.4854258426,0.008402452182,0.006346998833,0.006346998833,0.002637795173,0.003582676873,0.1867753033,0.1314173238,0.001332541709
0.06,0.7057597186,-0.1160368641,-0.6272114621,0.002349335749,0.002637792114,0.999996521,0.008582571391,0.9999631691,0,0,1.241011472,1.647996375,-1.121965723,1.096333334,-0.5976275422,0.584947593,0.424479304,-1.198139829,1.542702422,1.365232215,1.509872703,-0.5750054988,-0.1359881975,-0.1325023782,0.1778494782,-0.0007235080292,-0.4869585075,0.2974937255,0.7639997102,-0.5863262168,-0.1849570123,-0.09816914452,0.00304855701,-0.06519649348,-0.1293107469,0.5925744566,0.07468588658,-0.4862309492,0.008405983168,0.006341980598,0.006341980598,0.002637795173,0.003582676873,0.185714818,0.1314173238,0.001339768487
0.07,0.6994827165,-0.1160134983,-0.628212175,0.002323224976,0.002637792114,0.999996521,0.008582571391,0.9999631691,0,0,1.242789967,1.64798914,-1.126835308,1.099308272,-0.5899875451,0.5790843309,0.4226297338,-1.19912152,1.542732908,1.36458025,1.508579596,-0.5690797543,-0.1352413386,-0.1373646877,0.1726643581,-0.0007190544761,-0.4796003554,0.2980041756,0.7559985353,-0.5820080371,-0.1915981948,-0.09617330723,0.003416419287,-0.06877456378,-0.131393376,0.5943696021,0.08121199571,-0.4867987525,0.008409518967,0.006337023068,0.006337023068,0.002637795173,0.003582676873,0.1846192833,0.1314173238,0.001347003567
0.08,0.6931950177,-0.1159904116,-0.629350108,0.002293533834,0.002637792114,0.999996521,0.008582571391,0.9999631691,0,0,1.244516611,1.647981949,-1.131631312,1.102288313,-0.5824275597,0.5732642505,0.4207137519,-1.200083253,1.542767072,1.363892504,1.507265662,-0.5631360583,-0.1344292187,-0.1422326752,0.1713614258,-0.0007185669035,-0.4781623762,0.2983940009,0.7546788434,-0.5815890416,-0.1937864555,-0.09569876188,0.003529431489,-0.06985095427,-0.132284796,0.5957356644,0.08316247885,-0.4877256022,0.008412952851,0.006332888498,0.006332888498,0.002637795173,0.003582676873,0.1829286891,0.1314173238,0.001354194112
0.09,0.6868952715,-0.1159676392,-0.630620899,0.002260376135,0.002637792114,0.999996521,0.008582571391,0.9999631691,0,0,1.246230225,1.647974763,-1.136412936,1.105272253,-0.5748807713,0.5674483601,0.4187758873,-1.201040241,1.542802366,1.363193995,1.505942814,-0.5571787016,-0.1335975939,-0.1471099312,0.1714355701,-0.0007195104167,-0.4788666441,0.2987665257,0.755807571,-0.5826106729,-0.1944361517,-0.09576275559,0.003555051021,-0.07005758196,-0.13278747,0.5970281457,0.0835243574,-0.4888409221,0.008416362767,0.006329035228,0.006329035228,0.002637795173,0.003582676873,0.1810784026,0.1314173238,0.001361379781
0.1,0.6805821712,-0.1159452152,-0.6320202247,0.00222386469,0.002637792114,0.999996521,0.008582571391,0.9999631691,0,0,1.247944581,1.647967568,-1.141201602,1.108259919,-0.5673226956,0.5616222534,0.4168315258,-1.201997868,1.542837917,1.362493419,1.504614939,-0.5512084202,-0.1327623503,-0.1519983404,0.1650246942,-0.0007106413916,-0.4699828214,0.2993893586,0.7465970192,-0.5773144869,-0.2025360326,-0.09320400808,0.004058274082,-0.07453411825,-0.1354248669,0.5992281309,0.09184766539,-0.4894190005,0.008419776399,0.006325278277,0.006325278277,0.002637795173,0.003582676873,0.1792421852,0.1314173238,0.001368574885
0.11,0.6742544529,-0.1159231727,-0.6335437998,0.002184111306,0.002637792114,0.999996521,0.008582571391,0.9999631691,0,0,1.249594828,1.647960462,-1.14590143,1.111253812,-0.5598567254,0.5558491085,0.4148061655,-1.202929908,1.5428785,1.361748078,1.50326069,-0.5452161388,-0.1318438736,-0.1568925305,0.1652276544,-0.0007120136926,-0.4710082487,0.2998387819,0.7481621955,-0.5786381126,-0.2031648949,-0.09331842745,0.004081540934,-0.07471099003,-0.1359883364,0.6007471984,0.0921530014,-0.4907386065,0.008423063218,0.006322687542,0.006322687542,0.002637795173,0.003582676873,0.1785289496,0.1314173238,0.001375681299
0.12,0.6679108952,-0.1159015434,-0.6351873777,0.002141226788,0.002637792114,0.999996521,0.008582571391,0.9999631691,0,0,1.251247104,1.647953342,-1.150611513,1.1142522,-0.5523751034,0.5500627274,0.4127745165,-1.203863093,1.542919315,1.361000968,1.501900807,-0.5392086669,-0.1309223436,-0.1617999165,0.1637041152,-0.0007104586943,-0.4695513073,0.300363662,0.7471775181,-0.5783228542,-0.2057837793,-0.09271532299,0.004247306324,-0.07604889356,-0.1371533829,0.602547954,0.09465914096,-0.4919216887,0.008426356148,0.006320190908,0.006320190908,0.002637795173,0.003582676873,0.1778462664,0.1314173238,0.001382801436
0.13,0.6615503193,-0.1158803582,-0.6369467502,0.002095320939,0.002637792114,0.999996521,0.008582571391,0.9999631691,0,0,1.252884145,1.647946237,-1.155307026,1.117255837,-0.5449033283,0.5442794988,0.4107166788,-1.204790246,1.542961788,1.360240479,1.500529273,-0.5331831873,-0.1299757522,-0.1667191334,0.1590442451,-0.0007034793615,-0.4635364293,0.300993932,0.7414747517,-0.5749599793,-0.2119652201,-0.0908088467,0.004668852249,-0.07947495732,-0.1393701269,0.6047627934,0.1011244719,-0.4927797972,0.008429620417,0.006318120755,0.006318120755,0.002637795173,0.003582676873,0.176882336,0.1315863085,0.001389906023
0.14,0.6551715882,-0.1158596467,-0.6388177474,0.002046502559,0.002637792114,0.999996521,0.008582571391,0.9999631691,0,0,1.254474588,1.647939202,-1.15994239,1.120265776,-0.5374885807,0.538529899,0.4085970266,-1.205698334,1.543008477,1.359445729,1.499135572,-0.5271355594,-0.1289645075,-0.1716469314,0.1592827737,-0.0007050419992,-0.464792315,0.3015536675,0.7434126609,-0.5765586101,-0.2127264074,-0.0909350085,0.004699740001,-0.0797032124,-0.1400623537,0.6066095392,0.1015249845,-0.494363878,0.008432792769,0.006317075104,0.006317075104,0.002637795173,0.003582676873,0.1750549612,0.1322106897,0.001396940817
0.15,0.6487736061,-0.1158394375,-0.6407962379,0.001994879444,0.002637792114,0.999996521,0.008582571391,0.9999631691,0,0,1.256067416,1.647932152,-1.164590313,1.123281313,-0.5300544541,0.5327643129,0.4064697625,-1.206607684,1.543055474,1.358648697,1.497734948,-0.521069464,-0.1279492577,-0.1765905702,0.1560337109,-0.0007035975785,-0.4610243682,0.3021911346,0.7403301615,-0.5747237234,-0.2173660376,-0.08957324024,0.00503985826,-0.08225203683,-0.1419154156,0.6088083453,0.106404372,-0.4954485587,0.008435971771,0.006316145106,0.006316145106,0.002637795173,0.003582676873,0.1732220714,0.1328074754,0.001403991237
0.16,0.6423553187,-0.1158197581,-0.6428781288,0.001940558389,0.002637792114,0.999996521,0.008582571391,0.9999631691,0,0,1.257627753,1.647925116,-1.169200557,1.126303224,-0.5226511525,0.5270170757,0.4042961021,-1.207503417,1.543105873,1.357826177,1.496315794,-0.5149813805,-0.1268852139,-0.1815450557,0.1532048411,-0.0007026505922,-0.4579231886,0.3028570653,0.7379636719,-0.5733824023,-0.2215944503,-0.08838895182,0.005346253868,-0.08454688575,-0.1436759008,0.611074936,0.1107924978,-0.496678929,0.008439086852,0.006316076969,0.006316076969,0.002637795173,0.003582676873,0.1717043304,0.1337147099,0.001411027212
0.17,0.6359157124,-0.115800635,-0.6450593655,0.001883645187,0.002637792114,0.999996521,0.008582571391,0.9999631691,0,0,1.259159801,1.647918089,-1.173779789,1.129331795,-0.5152715158,0.5212832517,0.4020801576,-1.208387306,1.543159335,1.356980708,1.494879035,-0.5088706312,-0.125777289,-0.186511845,0.1534677976,-0.0007045238491,-0.4593752584,0.3035164474,0.7402272801,-0.5752184877,-0.2224801884,-0.08852143447,0.005384690682,-0.0848263808,-0.1444860161,0.6132139227,0.1112889516,-0.4984951212,0.008442146387,0.006316791853,0.006316791853,0.002637795173,0.003582676873,0.1704428417,0.1349379524,0.001418053718
0.18,0.6294538137,-0.1157820935,-0.6473359318,0.001824244626,0.002637792114,0.999996521,0.008582571391,0.9999631691,0,0,1.260694479,1.647911044,-1.178373541,1.132366959,-0.507869243,0.5155310668,0.3998553557,-1.209272521,1.543213182,1.356132444,1.493434175,-0.502738492,-0.1246643994,-0.1914967962,0.1483498396,-0.0007028213137,-0.4531243869,0.3042123164,0.7350435897,-0.5716489683,-0.2292254923,-0.08629381342,0.005932689899,-0.08869167476,-0.14704982,0.6157054186,0.1187963356,-0.4993053967,0.008445212893,0.006317644661,0.006317644661,0.002637795173,0.003582676873,0.1691498279,0.1361938833,0.001425098957
0.19,0.6229686892,-0.115764158,-0.6497038501,0.001762460495,0.002637792114,0.999996521,0.008582571391,0.9999631691,0,0,1.262177977,1.647904016,-1.182904785,1.135409082,-0.5005188071,0.5098145771,0.3975631008,-1.210135459,1.543272509,1.355245528,1.491963677,-0.4965814378,-0.1234764361,-0.1964898502,0.147471466,-0.0007040564006,-0.4530308423,0.3049334736,0.7358878253,-0.5724521351,-0.2314342173,-0.08592254738,0.006084732073,-0.08976852544,-0.1482992858,0.6180759526,0.1208499035,-0.5010284856,0.008448177227,0.00631989553,0.00631989553,0.002637795173,0.003582676873,0.1684220337,0.1364173191,0.00143212717
0.2,0.6164594453,-0.1157468519,-0.6521591811,0.001698395576,0.002637792114,0.999996521,0.008582571391,0.9999631691,0,0,1.263652692,1.647896975,-1.187435094,1.138458417,-0.4931599288,0.5040900558,0.3952487586,-1.210994684,1.543333356,1.354347842,1.490480684,-0.4904006782,-0.1222679371,-0.2015001351,0.1468145467,-0.0007042112803,-0.4533145631,0.3056729416,0.7371867535,-0.5735320097,-0.2334294395,-0.0856370818,0.006225468136,-0.090717113,-0.1495120995,0.6204940841,0.1226719401,-0.5028253404,0.008451125243,0.006322569022,0.006322569022,0.002637795173,0.003582676873,0.1678409521,0.1364173191,0.001439167734
0.21,0.6099252272,-0.1157301974,-0.654698024,0.001632151653,0.002637792114,0.999996521,0.008582571391,0.9999631691,0,0,1.265120838,1.647889933,-1.191968239,1.141515146,-0.4857880613,0.4983547357,0.3929144642,-1.211851055,1.543395611,1.353440671,1.488985563,-0.4841957374,-0.1210412177,-0.2065283885,0.1415177266,-0.0006948456735,-0.4470231518,0.3063967047,0.7323779789,-0.5699116375,-0.2403941728,-0.08326743524,0.006838268147,-0.09475572005,-0.1522304309,0.6230979861,0.1306365046,-0.503589333,0.00845406149,0.006325643755,0.006325643755,0.002637795173,0.003582676873,0.1671715154,0.1364173191,0.001446209847
0.22,0.6033652193,-0.1157142158,-0.6573165162,0.001563829503,0.002637792114,0.999996521,0.008582571391,0.9999631691,0,0,1.266536015,1.647882985,-1.196438471,1.144579113,-0.4784642815,0.4926556193,0.3905105225,-1.212683729,1.543463994,1.352493114,1.487463259,-0.4779647575,-0.1197348526,-0.2115642818,0.1417919803,-0.0006970055704,-0.4487223894,0.3071982746,0.7350792775,-0.5720569048,-0.241477196,-0.08339599686,0.006890516201,-0.09512410815,-0.1532142377,0.6256472706,0.1313028407,-0.5057207086,0.008456892144,0.006330317197,0.006330317197,0.002637795173,0.003582676873,0.1658273828,0.1364173191,0.001453158304
0.23,0.5967786442,-0.1156989274,-0.6600108339,0.001493528903,0.002637792114,0.999996521,0.008582571391,0.9999631691,0,0,1.267953935,1.647876015,-1.200925695,1.147651096,-0.4711134887,0.4869350502,0.3880957505,-1.213517689,1.543532899,1.351541873,1.485931116,-0.4717082848,-0.1184218242,-0.2166214889,0.1388961707,-0.0006970075114,-0.4459805491,0.3079574639,0.7338235796,-0.570968275,-0.2459214792,-0.08206511121,0.007284721479,-0.09761346267,-0.1552317693,0.6282635396,0.13623777,-0.5070460633,0.008459729703,0.006335172573,0.006335172573,0.002637795173,0.003582676873,0.1644548566,0.1364173191,0.001460128359
0.24,0.5901647625,-0.1156843515,-0.6627771914,0.001421348628,0.002637792114,0.999996521,0.008582571391,0.9999631691,0,0,1.269342896,1.647869045,-1.2053855,1.150730671,-0.4637752529,0.4812253675,0.3856365357,-1.214338341,1.543605746,1.350565738,1.484378799,-0.4654256494,-0.1170594465,-0.2216919495,0.1358661953,-0.0006969660804,-0.4430885391,0.3087377545,0.7324704485,-0.5697892999,-0.2505399513,-0.08067037768,0.007695846952,-0.1002082289,-0.1573211082,0.6309465982,0.1413836554,-0.5083848473,0.008462509705,0.006341091818,0.006341091818,0.002637795173,0.003582676873,0.1634762464,0.1364173191,0.001467098434
0.25,0.5835228727,-0.1156705064,-0.6656118415,0.001347386449,0.002637792114,0.999996521,0.008582571391,0.9999631691,0,0,1.270701558,1.647862075,-1.209816386,1.153818048,-0.4564505485,0.4755274745,0.3831311362,-1.215145044,1.543682704,1.349563656,1.482805588,-0.4591161835,-0.1156456099,-0.226775798,0.1361408801,-0.0006992775511,-0.4449038902,0.3096103862,0.735386436,-0.5720808965,-0.2517241029,-0.08079325659,0.007755984297,-0.1006244974,-0.1583927359,0.6336970764,0.1421428204,-0.5106658754,0.008465229323,0.006348122003,0.006348122003,0.002637795173,0.003582676873,0.1629433836,0.1364173191,0.001474068095
0.26,0.5768523104,-0.1156574094,-0.6685110756,0.001271739134,0.002637792114,0.999996521,0.008582571391,0.9999631691,0,0,1.272062967,1.647855082,-1.214265425,1.156914152,-0.4490966841,0.4698066655,0.3806138952,-1.215952977,1.543760264,1.348557411,1.48122166,-0.4527792127,-0.1142241817,-0.2318824567,0.1308211855,-0.0006947311033,-0.4389248997,0.3103266557,0.7315954908,-0.5685572113,-0.2587419962,-0.07828469581,0.008459358713,-0.1047757051,-0.1612412299,0.6363654857,0.1505111044,-0.5112741836,0.00846795572,0.006355360564,0.006355360564,0.002637795173,0.003582676873,0.1624295151,0.1364173191,0.001481060871
0.27,0.5701524481,-0.1156450769,-0.6714712234,0.00119450245,0.002637792114,0.999996521,0.008582571391,0.9999631691,0,0,1.273371179,1.647848135,-1.218654674,1.160017419,-0.4417807292,0.4641210934,0.3780264752,-1.216735824,1.543844858,1.347509654,1.479609248,-0.4464155578,-0.1127190707,-0.2369951986,0.1302211093,-0.000696002688,-0.4395843282,0.3112132994,0.7335803582,-0.5700167359,-0.260891613,-0.07799212667,0.008624635863,-0.1058020418,-0.1626377092,0.6392097115,0.1525113453,-0.5133713011,0.008470575191,0.006364497558,0.006364497558,0.002637795173,0.003582676873,0.1611279985,0.1364173191,0.001488008182
0.28,0.563422695,-0.1156335243,-0.6744886529,0.00111577116,0.002637792114,0.999996521,0.008582571391,0.9999631691,0,0,1.27467339,1.647841175,-1.223050517,1.163129552,-0.4344449256,0.4584209261,0.3754175591,-1.217515745,1.543931104,1.346451634,1.477982871,-0.4400234607,-0.1111939572,-0.2421289116,0.1287330194,-0.0006964963374,-0.4390528742,0.3120701385,0.7346526592,-0.5705667994,-0.2639650722,-0.07726091211,0.008903314745,-0.107430394,-0.1643317596,0.6420427727,0.1557650997,-0.5151719676,0.00847318355,0.006374124683,0.006374124683,0.002637795173,0.003582676873,0.159680934,0.1364173191,0.001494968209
0.29,0.5566624961,-0.1156227661,-0.6775597708,0.001035639026,0.002637792114,0.999996521,0.008582571391,0.9999631691,0,0,1.27596072,1.64783421,-1.227441046,1.166250253,-0.427098399,0.4527152581,0.3727779084,-1.218288354,1.544020137,1.34537733,1.476339553,-0.433603033,-0.1096363062,-0.2472806313,0.1242920975,-0.0006939050604,-0.4344546553,0.3128166326,0.732383376,-0.5680305513,-0.2700858097,-0.07510714925,0.009538074158,-0.1110325495,-0.1669655499,0.6447803283,0.1630865564,-0.5159973458,0.008475762685,0.006384548512,0.006384548512,0.002637795173,0.003582676873,0.158476205,0.1364173191,0.001501933172
0.3,0.5498713325,-0.1156128159,-0.6806810219,0.000954198805,0.002637792114,0.999996521,0.008582571391,0.9999631691,0,0,1.277203641,1.647827271,-1.231785592,1.169378419,-0.4197745653,0.4470349525,0.3700770503,-1.219039426,1.544115518,1.344267004,1.474669898,-0.4271552297,-0.1080054407,-0.2524406047,0.1245436574,-0.0006964080743,-0.4363937109,0.3137843785,0.7355659286,-0.5704887124,-0.2714248601,-0.07520844397,0.009612589342,-0.1115289765,-0.1681613435,0.6477937047,0.164005248,-0.5184603922,0.008478252414,0.006396720336,0.006396720336,0.002637795173,0.003582676873,0.1579815058,0.1364173191,0.001508872223
0.31,0.5430487203,-0.1156036862,-0.6838488897,0.0008715422536,0.002637792114,0.999996521,0.008582571391,0.9999631691,0,0,1.278449078,1.647820307,-1.236149529,1.172516263,-0.412418906,0.4413300654,0.3673628017,-1.21979151,1.544211644,1.343151714,1.472988284,-0.4206772927,-0.1063653882,-0.2576252086,0.1202344816,-0.0006930958117,-0.4320812433,0.3145197972,0.7338044102,-0.5680994554,-0.2774126814,-0.07306883199,0.01025990265,-0.1150719709,-0.170780542,0.6505208471,0.1712613553,-0.5192297424,0.008480748208,0.006409152326,0.006409152326,0.002637795173,0.003582676873,0.1575003085,0.1364173191,0.001515836303
0.32,0.5361942109,-0.1155953888,-0.687059896,0.000787760125,0.002637792114,0.999996521,0.008582571391,0.9999631691,0,0,1.279651423,1.647813376,-1.240470342,1.175661461,-0.4050808619,0.4356490709,0.3645886749,-1.220522198,1.544314243,1.342000995,1.471280479,-0.4141720842,-0.1046527747,-0.2628175061,0.1185900596,-0.0006931923797,-0.4314605295,0.3154152031,0.7350067206,-0.5685885088,-0.2807154617,-0.07223509104,0.01057570211,-0.116851219,-0.1725969804,0.6534791227,0.174847396,-0.5210324364,0.008483157182,0.006423388121,0.006423388121,0.002637795173,0.003582676873,0.1563019133,0.1364173191,0.001522767261
0.33,0.5293073901,-0.1155879344,-0.6903106011,0.0007029421698,0.002637792114,0.999996521,0.008582571391,0.9999631691,0,0,1.280837323,1.647806444,-1.244784947,1.178815613,-0.3977307947,0.4299631858,0.3617815203,-1.221244549,1.54442,1.340832482,1.469554509,-0.407637293,-0.1029043007,-0.2680278304,0.1177023325,-0.00069425411,-0.4319154946,0.3163519654,0.737142085,-0.5698994266,-0.2832578708,-0.07175945541,0.01080688026,-0.118135142,-0.1741934555,0.6565016059,0.1774179419,-0.5231045532,0.008485533514,0.006438540432,0.006438540432,0.002637795173,0.003582676873,0.1547888178,0.1364173191,0.001529699185
0.34,0.5223878779,-0.1155813331,-0.6935976035,0.0006171771361,0.002637792114,0.999996521,0.008582571391,0.9999631691,0,0,1.282014347,1.647799501,-1.249104102,1.181979133,-0.3903593738,0.4242641915,0.3589489416,-1.221962144,1.544528069,1.339651131,1.467812575,-0.4010722769,-0.1011301213,-0.273258876,0.1126135583,-0.0006898607185,-0.4266557954,0.3170223015,0.7349524995,-0.566690989,-0.2900414049,-0.06917712393,0.01159604162,-0.1222214008,-0.1770860582,0.6591556187,0.185876224,-0.5234594313,0.008487892585,0.006454388964,0.006454388964,0.002637795173,0.003582676873,0.1534441913,0.1364173191,0.001536641726
0.35,0.5154353282,-0.1155755938,-0.6969175405,0.0005305527694,0.002637792114,0.999996521,0.008582571391,0.9999631691,0,0,1.283140482,1.647792603,-1.25337066,1.185149356,-0.3830098488,0.4185972816,0.3560485275,-1.222653915,1.544644029,1.338428917,1.466041714,-0.3944807207,-0.09927135903,-0.2784934703,0.1128276022,-0.0006923768251,-0.428653899,0.3180567856,0.7383089662,-0.5692377288,-0.2915050087,-0.06924912925,0.01168488526,-0.1227888683,-0.1783751706,0.6623452683,0.1869404346,-0.5260274455,0.008490148709,0.006472460243,0.006472460243,0.002637795173,0.003582676873,0.1529749322,0.1364173191,0.001543540334
0.36,0.5084494284,-0.1155707246,-0.7002670876,0.0004431558124,0.002637792114,0.999996521,0.008582571391,0.9999631691,0,0,1.284268758,1.647785679,-1.257657199,1.188329924,-0.3756267592,0.4129049043,0.3531334774,-1.223346406,1.544760878,1.337201028,1.464257962,-0.387857268,-0.09740195468,-0.2837537447,0.1087210264,-0.0006909679206,-0.4248172436,0.3187616308,0.7374380842,-0.5670777561,-0.2972935579,-0.06710954267,0.01236331669,-0.1262447402,-0.1809772219,0.6650637081,0.1941015133,-0.5266796199,0.008492409926,0.006490847738,0.006490847738,0.002637795173,0.003582676873,0.1525128702,0.1364173191,0.001550464102
0.37,0.5014298987,-0.1155667329,-0.7036429586,0.0003550720056,0.002637792114,0.999996521,0.008582571391,0.9999631691,0,0,1.285355968,1.647778769,-1.261905371,1.19151754,-0.3682523783,0.4072341268,0.3501605418,-1.224017502,1.544884511,1.335938581,1.46244819,-0.381206631,-0.09546093955,-0.2890205409,0.1067985856,-0.0006915853477,-0.4239537699,0.3196482281,0.73875139,-0.5673229035,-0.3009125586,-0.06608480711,0.01274607996,-0.1282503655,-0.1829327448,0.6680567573,0.1982011953,-0.5283219639,0.008494587949,0.006511174732,0.006511174732,0.002637795173,0.003582676873,0.1513174873,0.1364173191,0.001557373781
0.38,0.4943764923,-0.1155636252,-0.707041906,0.0002663860866,0.002637792114,0.999996521,0.008582571391,0.9999631691,0,0,1.286423954,1.647771854,-1.266144909,1.194714022,-0.3608648644,0.4015608977,0.3471514162,-1.22467835,1.545011972,1.334656077,1.460618863,-0.3745260634,-0.0934789276,-0.2943037606,0.1057194608,-0.0006922345321,-0.4242573526,0.320595546,0.7409889567,-0.5684885838,-0.303689541,-0.06547738848,0.01302129017,-0.129697539,-0.184639275,0.6711396125,0.2011369743,-0.5303079055,0.008496727326,0.006532634399,0.006532634399,0.002637795173,0.003582676873,0.1497507141,0.1364173191,0.001564289634
0.39,0.4872889944,-0.1155614069,-0.7104607205,0.0001771817905,0.002637792114,0.999996521,0.008582571391,0.9999631691,0,0,1.287481149,1.647764931,-1.270387483,1.197919978,-0.3534549749,0.3958760119,0.3441145208,-1.225333124,1.545142185,1.333359102,1.45877247,-0.3678146673,-0.09146755786,-0.2996068396,0.1007321225,-0.0006870030788,-0.4193159171,0.3211986947,0.7395994249,-0.5653429594,-0.3103463475,-0.06283258395,0.01384732099,-0.1337510982,-0.1875159023,0.6737051888,0.2096204735,-0.5304178395,0.008498845309,0.006554938115,0.006554938115,0.002637795173,0.003582676873,0.1484850236,0.1364173191,0.00157121198
0.4,0.4801672222,-0.115560083,-0.7138962314,8.754184992e-05,0.002637792114,0.999996521,0.008582571391,0.9999631691,0,0,1.28848847,1.647758061,-1.274580642,1.201131965,-0.3460589806,0.3902225823,0.3410110574,-1.22596145,1.545280658,1.332021591,1.456897311,-0.3610776154,-0.08937135312,-0.304911018,0.1008991788,-0.0006895474877,-0.4213171799,0.3222725845,0.7430461653,-0.5679086659,-0.3119017397,-0.06287018534,0.01394994249,-0.13437785,-0.1888675499,0.6769895606,0.2108104381,-0.5330195855,0.008500862097,0.006579618993,0.006579618993,0.002637795173,0.003582676873,0.1484823757,0.1364173191,0.001578082011
0.41,0.4730110245,-0.1155596573,-0.7173453063,-2.452005243e-06,0.002637792114,0.999996521,0.008582571391,0.9999631691,0,0,1.289497462,1.647751166,-1.278793814,1.204354691,-0.3386285189,0.3845434957,0.33789204,-1.226590152,1.545420158,1.330677812,1.455008635,-0.3543077198,-0.08726324874,-0.3102412139,0.09621337785,-0.0006883996218,-0.4168437847,0.3228555685,0.7422190425,-0.5650476219,-0.3182409439,-0.06033068034,0.01475996538,-0.138247525,-0.1916489551,0.6795287838,0.2189205923,-0.5331209709,0.008502882828,0.006604675242,0.006604675242,0.002637795173,0.003582676873,0.1484815243,0.1364173191,0.001584977485
0.42,0.4658202812,-0.1155601329,-0.7208048512,-9.271904764e-05,0.002637792114,0.999996521,0.008582571391,0.9999631691,0,0,1.290459596,1.647744282,-1.282962251,1.207583246,-0.3312063285,0.3788930194,0.3347096305,-1.227193458,1.545567757,1.329295337,1.453092146,-0.3475124319,-0.08507404282,-0.3155724236,0.09476620725,-0.0006897256033,-0.4167033568,0.3237747167,0.744270843,-0.5658184853,-0.3213931881,-0.05950788626,0.01509980043,-0.1399581427,-0.1934847445,0.6825809733,0.2224243199,-0.5348951137,0.008504808117,0.00663208787,0.00663208787,0.002637795173,0.003582676873,0.148134661,0.1364173191,0.001591861482
0.43,0.4585949028,-0.1155615123,-0.7242718108,-0.0001831795525,0.002637792114,0.999996521,0.008582571391,0.9999631691,0,0,1.291407258,1.647737384,-1.287129285,1.210820993,-0.3237636201,0.3732348346,0.3314956986,-1.227788537,1.545718755,1.327895756,1.451157298,-0.3406866222,-0.08284979962,-0.3209213747,0.09273765357,-0.0006889180488,-0.4158065098,0.3246101155,0.7459246833,-0.5659112948,-0.325108612,-0.05835436304,0.01553430819,-0.1420580863,-0.1954844109,0.6855078283,0.2267755436,-0.5362972062,0.008506704216,0.006660549406,0.006660549406,0.002637795173,0.003582676873,0.14767165,0.1364173191,0.001598758738
0.44,0.4513348303,-0.1155637969,-0.7277431679,-0.0002737547976,0.002637792114,0.999996521,0.008582571391,0.9999631691,0,0,1.292334634,1.647730495,-1.29128735,1.214067095,-0.3163043733,0.3675757216,0.3282446125,-1.228372081,1.545874098,1.326475175,1.449202454,-0.3338315439,-0.08058204418,-0.3262843468,0.08859141563,-0.0006848438908,-0.4120987712,0.3252042304,0.7458161523,-0.5636043191,-0.3308991142,-0.05605544126,0.01628677042,-0.145572188,-0.1980977513,0.6880681135,0.2341608321,-0.5365339527,0.008508559303,0.006690334378,0.006690334378,0.002637795173,0.003582676873,0.1473622108,0.1364173191,0.001605647918
0.45,0.4440400347,-0.1155669875,-0.7312159438,-0.0003643670635,0.002637792114,0.999996521,0.008582571391,0.9999631691,0,0,1.293220548,1.647723647,-1.295408338,1.217319137,-0.3088462117,0.3619396784,0.3249356214,-1.228932635,1.546036966,1.325019453,1.447221477,-0.3269508628,-0.07824043586,-0.3316496863,0.0887064642,-0.0006873391073,-0.414055264,0.3262914657,0.7492772978,-0.5661274419,-0.3325118589,-0.05605603742,0.01640217196,-0.1462444097,-0.1994816483,0.691371009,0.2354516911,-0.5391044019,0.00851033005,0.006722345186,0.006722345186,0.002637795173,0.003582676873,0.1473622108,0.1364173191,0.001612496357
0.46,0.4367105165,-0.1155710841,-0.7346871983,-0.000454939633,0.002637792114,0.999996521,0.008582571391,0.9999631691,0,0,1.294107613,1.647716773,-1.29954889,1.220582052,-0.3013534388,0.356278404,0.3216105028,-1.229493196,1.546200988,1.323557009,1.44522666,-0.3200371527,-0.07588591895,-0.3370407303,0.08269810616,-0.0006850604845,-0.407928379,0.3266007239,0.7479086225,-0.5616214275,-0.3400905528,-0.05269135289,0.01745403881,-0.1510102809,-0.2026025249,0.693500815,0.2455273675,-0.538110869,0.008512103512,0.006754792485,0.006754792485,0.002637795173,0.003582676873,0.1473622108,0.1364173191,0.001619369748
0.47,0.4293463055,-0.1155760859,-0.7381540296,-0.0005453967918,0.002637792114,0.999996521,0.008582571391,0.9999631691,0,0,1.294934594,1.647709923,-1.303628174,1.223848059,-0.2938743525,0.3506621897,0.3182095973,-1.230020109,1.546375528,1.322046906,1.443200635,-0.3131021445,-0.07343064527,-0.342421839,0.0824543508,-0.0006872675048,-0.4094096161,0.3276433428,0.7510893228,-0.5637247385,-0.3420453242,-0.05249159215,0.01762572285,-0.1519220103,-0.2040867383,0.6967265622,0.2473346299,-0.5404559914,0.008513754104,0.006790333996,0.006790333996,0.002637795173,0.004043867402,0.1458220018,0.1364173191,0.001626220353
0.48,0.4219474602,-0.1155819914,-0.7416135744,-0.0006356638281,0.002637792114,0.999996521,0.008582571391,0.9999631691,0,0,1.295759138,1.64770305,-1.30772227,1.227124492,-0.2863634593,0.3450249424,0.314789144,-1.230545025,1.546551785,1.320527686,1.441159768,-0.3061348789,-0.07095729898,-0.3478263989,0.07876036292,-0.0006860428636,-0.4063568209,0.3281981004,0.7517128948,-0.5618026811,-0.3473445324,-0.05035833501,0.01833794654,-0.1551408938,-0.2065315665,0.6992248966,0.2541066095,-0.5406653536,0.008515399982,0.006826484033,0.006826484033,0.002637795173,0.004542033523,0.1442005525,0.1364173191,0.001633093028
0.49,0.4145140677,-0.1155887983,-0.7450630076,-0.0007256670326,0.002637792114,0.999996521,0.008582571391,0.9999631691,0,0,1.296546741,1.64769619,-1.311785839,1.230406473,-0.2788463304,0.3394069155,0.3113156987,-1.231048608,1.546735165,1.318976277,1.439094452,-0.2991426299,-0.06841623288,-0.3532330525,0.07616172682,-0.0006858504723,-0.4047382252,0.3289043144,0.7531459734,-0.5611456692,-0.3515723539,-0.04883595305,0.01887964128,-0.1576251471,-0.2086665828,0.7019390088,0.2593002605,-0.5415320573,0.008516970395,0.006864787957,0.006864787957,0.002637795173,0.00476027352,0.143245278,0.1364173191,0.001639953457
0.5,0.4070462431,-0.1155965037,-0.7484995427,-0.0008153336986,0.002637792114,0.999996521,0.008582571391,0.9999631691,0,0,1.297308359,1.647689331,-1.315833221,1.233695516,-0.2713148706,0.3337954589,0.3077999752,-1.231536968,1.546923961,1.317400026,1.437007786,-0.2921232399,-0.06582323028,-0.358648373,0.07460908068,-0.0006862775052,-0.4044966515,0.3297333362,0.7554212143,-0.5616698123,-0.3547691347,-0.04788190937,0.01926223534,-0.1594117663,-0.2104948926,0.704833601,0.262987694,-0.5429746047,0.008518487754,0.006904768411,0.006904768411,0.002637795173,0.004775684148,0.1427463758,0.1364173191,0.001646811961
0.51,0.399544129,-0.1156051037,-0.7519204317,-0.0009045921222,0.002637792114,0.999996521,0.008582571391,0.9999631691,0,0,1.298054449,1.647682468,-1.319878187,1.23699285,-0.2637606585,0.3281787607,0.3042522838,-1.232015787,1.547116584,1.315805908,1.434902837,-0.2850749038,-0.06319335334,-0.3640781191,0.06982069921,-0.0006828294639,-0.4000132417,0.3300637901,0.7554179928,-0.5583681352,-0.3610868484,-0.04508799689,0.02015832974,-0.1633687392,-0.2132027381,0.7069980466,0.2713299126,-0.5423187017,0.008519973504,0.006945979781,0.006945979781,0.002637795173,0.004792884146,0.1423622007,0.1364173191,0.001653674736
0.52,0.3920078956,-0.1156145939,-0.7553229649,-0.0009933716019,0.002637792114,0.999996521,0.008582571391,0.9999631691,0,0,1.298752656,1.64767564,-1.32387832,1.240293488,-0.2562064786,0.3225950794,0.3006414153,-1.232466667,1.547318167,1.314172221,1.43277081,-0.2780049234,-0.06048005421,-0.3695013061,0.06985610412,-0.0006852192511,-0.4018325869,0.3311278623,0.7587798964,-0.5607359791,-0.3627256142,-0.04503371041,0.02028971835,-0.1640819942,-0.2145837568,0.7102085385,0.272720211,-0.5447450439,0.008521361276,0.006989900549,0.006989900549,0.002637795173,0.004811864639,0.1423622007,0.1364173191,0.001660503031
0.53,0.3844377398,-0.1156249693,-0.7587044709,-0.001081602439,0.002637792114,0.999996521,0.008582571391,0.9999631691,0,0,1.299451217,1.647668788,-1.327896646,1.243604766,-0.2486186796,0.3169877196,0.2970141592,-1.232917004,1.547521064,1.312531401,1.430624972,-0.270902838,-0.0577528521,-0.3749487565,0.06382972273,-0.0006802417263,-0.3957501113,0.3311873008,0.7581340815,-0.5558500191,-0.3701992662,-0.04148540518,0.02139870874,-0.1688614453,-0.2175800827,0.7119818953,0.2828357242,-0.5430762969,0.008522749927,0.007034347562,0.007034347562,0.002637795173,0.004832615351,0.1423622007,0.1364173191,0.001667355224
0.54,0.3768338851,-0.1156362239,-0.762062317,-0.001169215936,0.002637792114,0.999996521,0.008582571391,0.9999631691,0,0,1.300089515,1.647661985,-1.331854147,1.246916639,-0.2410373388,0.3114292194,0.2933121665,-1.233331858,1.547735051,1.310842786,1.428449171,-0.263783019,-0.05492449486,-0.3803795195,0.06344432777,-0.0006819984697,-0.3969985816,0.3321705112,0.7611821863,-0.5576804739,-0.3722172679,-0.04118626118,0.02159829631,-0.1698481585,-0.2190567499,0.7150496598,0.2848170775,-0.5451748002,0.008524015116,0.007082141405,0.007082141405,0.002637795173,0.00485512462,0.1423622007,0.1364173191,0.001674157641
0.55,0.369196581,-0.1156483513,-0.7653939088,-0.001256144401,0.002637792114,0.999996521,0.008582571391,0.9999631691,0,0,1.300723958,1.647655166,-1.335824133,1.250238344,-0.2334255169,0.3058524147,0.2895899939,-1.233743721,1.547951034,1.309144305,1.426258604,-0.2566325224,-0.05207632408,-0.3858312675,0.05925628415,-0.0006807967585,-0.393298257,0.332461695,0.7618749249,-0.5548811525,-0.3778735757,-0.03865072411,0.02242044359,-0.1733937195,-0.2215222117,0.717157072,0.2922638149,-0.5445727484,0.008525272505,0.007130673209,0.007130673209,0.002637795173,0.00487937942,0.1423622007,0.1364173191,0.001680977626
0.56,0.361526103,-0.1156613443,-0.7686966902,-0.001342321142,0.002637792114,0.999996521,0.008582571391,0.9999631691,0,0,1.301316521,1.647648358,-1.339757115,1.253562961,-0.2258067677,0.3003036031,0.2858112581,-1.234130228,1.548175239,1.307410367,1.424043382,-0.2494609517,-0.04915368593,-0.391276995,0.05698972633,-0.0006811281496,-0.3920772311,0.3330884856,0.7637293365,-0.5543857534,-0.3816666393,-0.03724175513,0.02292845342,-0.1756380158,-0.2234709096,0.7197063813,0.2969335804,-0.5452896589,0.008526443937,0.007181749755,0.007181749755,0.002637795173,0.005957403697,0.1413101633,0.1364173191,0.001687785593
0.57,0.3538227516,-0.115675195,-0.7719681438,-0.001427680471,0.002637792114,0.999996521,0.008582571391,0.9999631691,0,0,1.301886418,1.647641546,-1.343677887,1.256893846,-0.2181694743,0.2947597456,0.2819945917,-1.234502646,1.548404523,1.305653987,1.421808673,-0.2422638879,-0.04618435013,-0.3967298916,0.05449838431,-0.0006803138828,-0.3905568583,0.3336355011,0.765516879,-0.5535494376,-0.3856563858,-0.03567977979,0.02347554114,-0.1780343608,-0.2254509035,0.7221437573,0.3019158321,-0.5457491027,0.008527568856,0.007234472784,0.007234472784,0.002637795173,0.007588005949,0.139707264,0.1364173191,0.001694596875
0.58,0.3460868528,-0.1156898949,-0.7752057903,-0.001512157701,0.002637792114,0.999996521,0.008582571391,0.9999631691,0,0,1.302431402,1.647634743,-1.347583456,1.260230201,-0.2105143055,0.2892242512,0.2781380278,-1.234859443,1.548639279,1.303873644,1.419554164,-0.2350424503,-0.04316519181,-0.4021873826,0.05050310566,-0.0006777715235,-0.3870708662,0.3338851576,0.7664041675,-0.5508398094,-0.3910716868,-0.03322247523,0.0242698885,-0.1814412424,-0.2278040108,0.7241647862,0.3090504275,-0.5450812528,0.008528642686,0.007288965067,0.007288965067,0.002637795173,0.008582676761,0.1385064744,0.1364173191,0.001701400013
0.59,0.3383187567,-0.115705435,-0.7784071891,-0.001595689149,0.002637792114,0.999996521,0.008582571391,0.9999631691,0,0,1.302936433,1.647627965,-1.351454165,1.263569053,-0.2028502638,0.2837158531,0.274227311,-1.235191668,1.548881977,1.302059231,1.417276124,-0.2278008025,-0.04007468753,-0.4076381951,0.04956444585,-0.0006787744328,-0.3875294104,0.3346971794,0.769061445,-0.5518448257,-0.3935276246,-0.03257471584,0.02456046476,-0.1827745991,-0.2293517806,0.7269253233,0.3117661957,-0.5465888438,0.008529634515,0.007345954981,0.007345954981,0.002637795173,0.008582676761,0.1379043015,0.1364173191,0.001708177729
0.6,0.3305188378,-0.1157218054,-0.7815699379,-0.001678212134,0.002637792114,0.999996521,0.008582571391,0.9999631691,0,0,1.303432077,1.647621178,-1.355329459,1.266916025,-0.1951596494,0.2781974049,0.2702920347,-1.235517415,1.549127582,1.300231485,1.414982606,-0.2205315492,-0.03695702558,-0.4131040836,0.04397191434,-0.0006735921674,-0.3819689867,0.3345441032,0.7691740446,-0.5470298755,-0.4004162654,-0.02911807643,0.02561374917,-0.187265093,-0.2320486626,0.7284342349,0.3211443175,-0.5445599499,0.008530607079,0.007403987805,0.007403987805,0.002637795173,0.008582676761,0.1373622054,0.1364173191,0.001714965473
0.61,0.3226874946,-0.1157389957,-0.7846916729,-0.001759664979,0.002637792114,0.999996521,0.008582571391,0.9999631691,0,0,1.303871796,1.647614442,-1.359149149,1.270261466,-0.1874679089,0.2727271061,0.2662878721,-1.235808596,1.54938372,1.298358834,1.412662119,-0.2132472069,-0.0337455824,-0.4185496831,0.04391432408,-0.0006755419478,-0.3835206749,0.3355138272,0.7722333521,-0.5490719925,-0.4019855136,-0.02900067007,0.02575921539,-0.1879821131,-0.2333448755,0.7313480849,0.3225654561,-0.5466607517,0.008531464832,0.00746529428,0.00746529428,0.002637795173,0.008582676761,0.1373622054,0.1364173191,0.001721701395
0.62,0.3148251488,-0.1157569949,-0.7877700686,-0.001839987008,0.002637792114,0.999996521,0.008582571391,0.9999631691,0,0,1.30431094,1.647607686,-1.362984355,1.273616604,-0.1797455754,0.2672363862,0.2622680169,-1.236098603,1.549641312,1.296479013,1.41032867,-0.205933726,-0.03051992784,-0.4240162906,0.03795929492,-0.0006740525809,-0.3774496985,0.3351844599,0.7722858578,-0.5436274339,-0.4091671904,-0.02619347689,0.03013581784,-0.1881919512,-0.2360624933,0.7284749161,0.3331500737,-0.5403100675,0.00853232138,0.007527239414,0.007527239414,0.002637795173,0.008582676761,0.1373622054,0.1364173191,0.001728456814
0.63,0.3069322453,-0.1157757914,-0.7908028379,-0.001919118548,0.002637792114,0.999996521,0.008582571391,0.9999631691,0,0,1.304690533,1.647600946,-1.366758852,1.276968448,-0.1720227168,0.2618001119,0.258176345,-1.236360538,1.54994267,1.294597094,1.407968045,-0.1986489769,-0.0271884271,-0.4294193913,0.03733857054,-0.0006756848656,-0.3782281112,0.3360053031,0.774979171,-0.5448920441,-0.4112264681,-0.02581900093,0.03068624164,-0.1888385915,-0.2374611758,0.7307517041,0.3354133981,-0.5415286772,0.008533055303,0.00760327876,0.00760327876,0.002637795173,0.008582676761,0.1373622054,0.1364173191,0.00173519734
0.64,0.2990092517,-0.1157953731,-0.7937877324,-0.001997000927,0.002637792114,0.999996521,0.008582571391,0.9999631691,0,0,1.305063918,1.647594189,-1.370541133,1.280328502,-0.1642729251,0.2563511914,0.2540640804,-1.236618728,1.550249532,1.292708708,1.405593434,-0.1913414598,-0.02383429312,-0.434834678,0.03269454069,-0.0006698851001,-0.3738060737,0.3358720246,0.7757651912,-0.5409523896,-0.417091485,-0.02140124121,0.02652034316,-0.1997304688,-0.2397943755,0.7387769812,0.3421915916,-0.5457821055,0.008533776392,0.007681246536,0.007681246536,0.002637795173,0.008582676761,0.1373622054,0.1364173191,0.001741954189
0.65,0.2910566576,-0.1158157271,-0.7967225418,-0.00207357648,0.002637792114,0.999996521,0.008582571391,0.9999631691,0,0,1.305390864,1.64758749,-1.374279194,1.283687222,-0.1565152732,0.2509416675,0.2498931655,-1.23683274,1.550514736,1.290711403,1.40319549,-0.18395369,-0.02041237721,-0.4402924991,0.03073659571,-0.0006685836043,-0.3728127901,0.3363462,0.7777601285,-0.5404205082,-0.4203707416,-0.01950576177,0.0248935827,-0.2046139678,-0.241468932,0.743664988,0.3457844746,-0.5486460838,0.008534402163,0.007745614034,0.007745614034,0.002637795173,0.008582676761,0.1373622054,0.1364173191,0.00174865304
0.66,0.283074975,-0.1158368401,-0.7996050945,-0.002148788539,0.002637792114,0.999996521,0.008582571391,0.9999631691,0,0,1.30569823,1.647580804,-1.378007322,1.287050684,-0.1487376719,0.2455374624,0.2456894581,-1.237027798,1.550763672,1.288665263,1.400780801,-0.1765170402,-0.01695453246,-0.4457789599,0.0272915813,-0.0006675339566,-0.3698850273,0.3364127378,0.779128465,-0.5378760089,-0.4250383115,-0.01778507668,0.02746687912,-0.2050162819,-0.2434503217,0.7430208741,0.3523559249,-0.5455494511,0.00853498769,0.007804815105,0.007804815105,0.002637795173,0.008582676761,0.1373622054,0.1364173191,0.001755338876
0.67,0.2750647371,-0.1158586981,-0.8024332571,-0.002222581443,0.002637792114,0.999996521,0.008582571391,0.9999631691,0,0,1.305971146,1.647574129,-1.381706172,1.290414811,-0.1409463873,0.2401587023,0.241439075,-1.237205648,1.55103834,1.2866151,1.398346297,-0.1690868314,-0.01343097321,-0.4512344545,0.02412045008,-0.0006666799336,-0.3672792438,0.3365301724,0.7805627126,-0.5356485121,-0.429416072,-0.01619372782,0.02984184451,-0.205428274,-0.2453472831,0.7425952429,0.3584808246,-0.5428128731,0.008535502253,0.007872428307,0.007872428307,0.002637795173,0.008582676761,0.1365745184,0.1364173191,0.001762014215
0.68,0.2670264982,-0.1158812868,-0.8052049347,-0.002294900532,0.002637792114,0.999996521,0.008582571391,0.9999631691,0,0,1.30621235,1.647567462,-1.385378965,1.293780113,-0.1331407602,0.2348022172,0.2371449143,-1.237367586,1.551336759,1.284560818,1.395892825,-0.161660879,-0.009846164964,-0.4566625832,0.02176083897,-0.0006664615832,-0.3656849218,0.3368010833,0.7823683117,-0.5343933633,-0.4329833394,-0.01460357095,0.03036112627,-0.2076726433,-0.2470209757,0.7445389387,0.3630268935,-0.5426712753,0.00853595147,0.007947822951,0.007947822951,0.002637795173,0.008582676761,0.1350943412,0.1364173191,0.001768681015
0.69,0.2589608335,-0.1159045911,-0.8079180708,-0.002365692147,0.002637792114,0.999996521,0.008582571391,0.9999631691,0,0,1.306429958,1.647560798,-1.389035814,1.297148124,-0.125317077,0.2294582836,0.2328150809,-1.237513621,1.55164037,1.282484091,1.393422615,-0.1542154896,-0.006215896029,-0.4620892959,0.01748822031,-0.0006645562721,-0.3615997339,0.3365583431,0.7833507835,-0.530566747,-0.4383355241,-0.01179052108,0.03119481496,-0.2112368121,-0.2490995223,0.745898473,0.3702609805,-0.5408604235,0.008536352034,0.008025026186,0.008025026186,0.002637795173,0.008582676761,0.1338771391,0.1364173191,0.00177534563
0.7,0.2508683386,-0.1159285954,-0.8105706476,-0.002434903635,0.002637792114,0.999996521,0.008582571391,0.9999631691,0,0,1.306604841,1.647554152,-1.392651811,1.300513707,-0.1174835692,0.2241526161,0.2284317256,-1.237631527,1.551952318,1.280371723,1.39093162,-0.1467565049,-0.002513286224,-0.4674979002,0.01611372023,-0.0006646765994,-0.361209702,0.3370292859,0.7854773064,-0.5305013951,-0.4409033252,-0.01081844404,0.03154722344,-0.2127741437,-0.2504946149,0.7480029629,0.3733544139,-0.5414309962,0.008536664567,0.008104980373,0.008104980373,0.002637795173,0.008582676761,0.1330562247,0.1364173191,0.001781991193
0.71,0.242749629,-0.1159532837,-0.8131606852,-0.002502483343,0.002637792114,0.999996521,0.008582571391,0.9999631691,0,0,1.306765978,1.647547505,-1.396263908,1.303884,-0.1096287961,0.2188476022,0.2240226924,-1.237739711,1.55226779,1.278243982,1.388426673,-0.1392764752,0.001220257915,-0.4729122101,0.01085096303,-0.0006600188146,-0.3557955,0.3364167178,0.7861110939,-0.5251703491,-0.4471239519,-0.007324566772,0.03253173318,-0.2170224632,-0.252702197,0.748976647,0.3819116141,-0.5385749267,0.008536948735,0.008186273338,0.008186273338,0.002637795173,0.008582676761,0.1323622102,0.1364173191,0.001788637959
0.72,0.2346053399,-0.1159786394,-0.8156862426,-0.002568380621,0.002637792114,0.999996521,0.008582571391,0.9999631691,0,0,1.306874487,1.647540905,-1.399821863,1.307248167,-0.1017676852,0.2135958987,0.2195514528,-1.237812957,1.552593108,1.276073757,1.385899651,-0.1317867088,0.005039374056,-0.4782979594,0.01036576589,-0.0006609269567,-0.3564769689,0.3370869852,0.7884536526,-0.5261994055,-0.4487816805,-0.006926894579,0.03273587878,-0.21791098,-0.2538528366,0.7512072391,0.3836948626,-0.5398084626,0.008537124611,0.008270792122,0.008270792122,0.002637795173,0.008582676761,0.1323622102,0.1364173191,0.001795238147
0.73,0.2264361255,-0.1160046455,-0.818145417,-0.002632545822,0.002637792114,0.999996521,0.008582571391,0.9999631691,0,0,1.306978145,1.647534296,-1.403386633,1.310619037,-0.09388314867,0.2083339046,0.215063636,-1.237882226,1.552920467,1.273894647,1.383361123,-0.1242746364,0.008876322682,-0.483696044,0.00421636709,-0.0006539057014,-0.3498327289,0.3361090011,0.7888152727,-0.5194544887,-0.4557604749,-0.002804780352,0.03385181049,-0.2227929199,-0.2561601578,0.751826375,0.3934128692,-0.5359571675,0.008537290412,0.00835623279,0.00835623279,0.002637795173,0.008582676761,0.1323622102,0.1364173191,0.001801847417
0.74,0.218242659,-0.1160312844,-0.8205363441,-0.002694930302,0.002637792114,0.999996521,0.008582571391,0.9999631691,0,0,1.307020309,1.647527757,-1.40688496,1.313980127,-0.08599499594,0.2031393597,0.2105060313,-1.237910273,1.553258985,1.271666718,1.380799522,-0.1167563726,0.01281045137,-0.4890556157,0.004079166703,-0.000655316426,-0.3508893389,0.3368371747,0.7911454187,-0.5208609642,-0.4570190281,-0.00263663583,0.03399704057,-0.2234058256,-0.2571839917,0.7540254238,0.394650824,-0.5373926633,0.008537329772,0.008445319524,0.008445319524,0.002637795173,0.008582676761,0.1323622102,0.1364173191,0.001808386474
0.75,0.2100256322,-0.116058538,-0.8228571979,-0.002755486418,0.002637792114,0.999996521,0.008582571391,0.9999631691,0,0,1.3070611,1.647521203,-1.410393854,1.317348499,-0.07808354176,0.1979307501,0.205935841,-1.23793664,1.553598955,1.26943266,1.378227682,-0.1092161184,0.01675695961,-0.4944295423,-0.001961483112,-0.0006544129235,-0.3443123118,0.3357604799,0.7915800868,-0.5140402277,-0.4638006524,0.0003695811857,0.03855971973,-0.2231993221,-0.2593635076,0.7501222013,0.4045003045,-0.5292560155,0.008537366201,0.008535175959,0.008535175959,0.002637795173,0.008582676761,0.1323622102,0.1364173191,0.001814939638
0.76,0.2017857546,-0.1160863879,-0.825106191,-0.002814167531,0.002637792114,0.999996521,0.008582571391,0.9999631691,0,0,1.307041486,1.647514659,-1.413836977,1.320706104,-0.07016774089,0.1927903478,0.2012978345,-1.237932944,1.553984552,1.267200667,1.375634047,-0.1017148964,0.02080196266,-0.4997221025,-0.002555995504,-0.0006554334833,-0.3447035352,0.3363058029,0.7936310276,-0.514710658,-0.4654166351,0.0007546237286,0.03905007679,-0.2237086417,-0.2604219557,0.7517113916,0.4063489026,-0.5298347847,0.008537277982,0.00863982265,0.008537277982,0.002637795173,0.008582676761,0.1323622102,0.1364173191,0.001821483767
0.77,0.1935237537,-0.116114815,-0.8272815742,-0.002870928006,0.002637792114,0.999996521,0.008582571391,0.9999631691,0,0,1.307015926,1.647508105,-1.417284012,1.324069162,-0.06223143061,0.1876432412,0.1966436681,-1.237925398,1.554375053,1.26496358,1.373029827,-0.09419778246,0.02486545169,-0.5050204503,-0.007842051554,-0.0006473596853,-0.3389975957,0.3353308234,0.7943037709,-0.5087022294,-0.4714130491,-0.01670736276,0.1058165687,-0.1322263299,-0.2623528377,0.6681027506,0.4207523542,-0.4470462057,0.008537177419,0.008746336838,0.008537177419,0.002637795173,0.008582676761,0.1323622102,0.1364173191,0.001828038102
0.78,0.1852403742,-0.1161437999,-0.8293816371,-0.002925723206,0.002637792114,0.999996521,0.008582571391,0.9999631691,0,0,1.306937505,1.647501631,-1.420673988,1.32742247,-0.0542883929,0.1825562189,0.1919295376,-1.238092471,1.555433219,1.263641317,1.370406299,-0.08751675496,0.02907297523,-0.5094909124,-0.009160162516,-0.0006463232141,-0.3383722225,0.33559182,0.7960189564,-0.5082338021,-0.4736335973,-0.02061424103,0.1213322756,-0.1114944253,-0.2634873955,0.6502492615,0.424915359,-0.4288586195,0.008536968315,0.009067801559,0.008536968315,0.002637795173,0.0124478058,0.1323622102,0.1364173191,0.001834511699
0.79,0.1769363776,-0.1161733228,-0.8314047072,-0.002978509501,0.002637792114,0.999996521,0.008582571391,0.9999631691,0,0,1.306845904,1.647495168,-1.42405771,1.330778388,-0.04632820334,0.1774738809,0.1871932017,-1.238298614,1.556646541,1.262526373,1.367771425,-0.08101426234,0.03332212882,-0.5137794986,-0.0137830808,-0.000645240428,-0.3334319581,0.3347205167,0.7968462737,-0.502958773,-0.4789014196,-0.06195072693,0.2607067721,0.0879035651,-0.26518906,0.4742827886,0.4414475556,-0.2584792414,0.008536732083,0.00943917542,0.008536732083,0.002637795173,0.01720564322,0.1323622102,0.1364173191,0.001840974931
0.8,0.1686125421,-0.1162033633,-0.833349151,-0.003029244262,0.002637792114,0.999996521,0.008582571391,0.9999631691,0,0,1.306708073,1.647488716,-1.42739203,1.334125593,-0.0383597406,0.1724442932,0.1824041875,-1.238918121,1.559253609,1.263405408,1.365119534,-0.07627143445,0.03773660437,-0.516364291,-0.01574792107,-0.0006454658761,-0.331884461,0.3347025921,0.7982749708,-0.501429318,-0.4816403491,-0.0787881743,0.3178720053,0.16937511,-0.2663693478,0.4031621646,0.4488078108,-0.1893160618,0.008536400506,0.01025897894,0.008536400506,0.002637795173,0.0219748475,0.1323622102,0.1330251513,0.001847427335
0.81,0.160269662,-0.1162339007,-0.835213373,-0.003077885863,0.002637792114,0.999996521,0.008582571391,0.9999631691,0,0,1.306550594,1.647482261,-1.430710875,1.337472619,-0.0303769909,0.16743,0.177587784,-1.239706003,1.562432329,1.265099159,1.362455841,-0.07223981281,0.04222468248,-0.5182574516,-0.01975958149,-0.0006412388868,-0.3276276741,0.3339183613,0.7992030227,-0.4968151976,-0.4862492009,-0.07619460284,0.3184241559,0.1681374626,-0.2678633334,0.4050108132,0.4500723618,-0.1862208471,0.008536028371,0.01126310289,0.008536028371,0.002637795173,0.02675496354,0.1323622102,0.1282450397,0.001853881994
0.82,0.1519085473,-0.1162649139,-0.8369958162,-0.003124393678,0.002637792114,0.999996521,0.008582571391,0.9999631691,0,0,1.306352998,1.647475849,-1.433987151,1.340811803,-0.02238496067,0.162461848,0.172725292,-1.240467949,1.565616571,1.266780534,1.359777207,-0.06818970468,0.0467254061,-0.5201196601,-0.02229076831,-0.000639084807,-0.3252475882,0.3336213074,0.8003904498,-0.4942976099,-0.4894323741,-0.07458567706,0.3189909098,0.1675127253,-0.2690632195,0.4064672398,0.4512057714,-0.1844209301,0.00853557376,0.01226949001,0.00853557376,0.002637795173,0.03154552724,0.1316303335,0.123454476,0.001860294383
0.83,0.1435300233,-0.1162963813,-0.8386949623,-0.003168728089,0.002637792114,0.999996521,0.008582571391,0.9999631691,0,0,1.30613009,1.647469458,-1.437239627,1.344148016,-0.01438105617,0.1575188719,0.1678309682,-1.241213806,1.56880648,1.268455661,1.357086575,-0.06412503228,0.05123746381,-0.5219638694,-0.02575779444,-0.0006369089785,-0.3215963209,0.3329245831,0.8013604186,-0.4902780039,-0.4934317949,-0.07234398869,0.3194754372,0.1664963293,-0.2703642246,0.4081529816,0.4522971295,-0.181733107,0.008535067094,0.01327815875,0.008535067094,0.002637795173,0.03634606568,0.1304933742,0.1186539349,0.001866685231
0.84,0.1351349306,-0.116328281,-0.840309331,-0.003210850474,0.002637792114,0.999996521,0.008582571391,0.9999631691,0,0,1.305872512,1.647463089,-1.44045559,1.347477262,-0.006367451984,0.1526160919,0.1628966503,-1.241937245,1.572001234,1.270120625,1.354382933,-0.06004350246,0.05576043511,-0.5237812005,-0.02879063895,-0.0006348754579,-0.3184634952,0.3323568648,0.8023360096,-0.4868397536,-0.4969841444,-0.07038444257,0.3199416348,0.165641407,-0.2715577651,0.4096903328,0.4533206223,-0.1794086568,0.008534489074,0.01428884046,0.008534489074,0.002637795173,0.04115609732,0.1300187675,0.1138439025,0.001873054321
0.85,0.1267241241,-0.1163605908,-0.8418374807,-0.00325072322,0.002637792114,0.999996521,0.008582571391,0.9999631691,0,0,1.305584606,1.64745674,-1.443640225,1.35080083,0.001655908112,0.1477476944,0.1579268088,-1.24264109,1.575200651,1.271777039,1.351667355,-0.05594659913,0.06029364133,-0.525575287,-0.03176553951,-0.0006317373835,-0.315344642,0.3317388705,0.803304339,-0.4833564067,-0.5004252833,-0.06846077089,0.3203608914,0.164813009,-0.2726806238,0.4112113944,0.4542508572,-0.1770834647,0.008533848668,0.01530145661,0.008533848668,0.002637795173,0.0459751323,0.1300833872,0.1090248684,0.001879403076
0.86,0.1182984731,-0.1163932879,-0.8432780082,-0.003288309712,0.002637792114,0.999996521,0.008582571391,0.9999631691,0,0,1.30526695,1.647450423,-1.446793672,1.354118219,0.009688951503,0.1429141303,0.152922556,-1.243325698,1.57840426,1.273425169,1.348940549,-0.05183448519,0.0648361499,-0.5273461217,-0.03523851294,-0.0006279779814,-0.3115269329,0.3309039714,0.8040941692,-0.4790606463,-0.5042825456,-0.06619557003,0.3207234307,0.1637588504,-0.2738466259,0.4128251234,0.4551441967,-0.1742771877,0.008533147169,0.01631584299,0.008533147169,0.002637795173,0.05080267297,0.1295301613,0.1041973274,0.001885720449
0.87,0.1098588606,-0.1164263493,-0.8446295487,-0.003323574338,0.002637792114,0.999996521,0.008582571391,0.9999631691,0,0,1.304914565,1.647444143,-1.449908941,1.357427259,0.01772989319,0.1381235238,0.1478797306,-1.243987653,1.581611494,1.275062757,1.346202083,-0.04770623396,0.06938759187,-0.5290888936,-0.03776470904,-0.0006273730327,-0.308881939,0.3303553429,0.8050225697,-0.4760608092,-0.5072079521,-0.06455846642,0.321076582,0.1630899017,-0.2748039111,0.4141800131,0.4559239826,-0.1722800986,0.008532374366,0.01733180459,0.008532374366,0.002637795173,0.05563821346,0.1282021684,0.0993617851,0.001892000229
0.88,0.1014061832,-0.1164597515,-0.8458907758,-0.003356482492,0.002637792114,0.999996521,0.008582571391,0.9999631691,0,0,1.304536918,1.647437869,-1.452997761,1.360730812,0.02578011889,0.1333629157,0.142807651,-1.244633238,1.58482226,1.276693656,1.343454044,-0.04356443383,0.0739468317,-0.5308116945,-0.04161829828,-0.0006258768251,-0.3044429517,0.3292536057,0.8056449022,-0.4709635483,-0.5113098161,-0.06202864401,0.3213291295,0.1618640419,-0.2759223429,0.4158659899,0.4566698691,-0.1690341397,0.008531549585,0.01834929124,0.008531549585,0.002637795173,0.0604812389,0.1273622001,0.09491375399,0.00189827396
0.89,0.09294135041,-0.1164934709,-0.8470604015,-0.003387000568,0.002637792114,0.999996521,0.008582571391,0.9999631691,0,0,1.304120735,1.64743161,-1.45604219,1.364023348,0.03383656791,0.1286532803,0.1376945529,-1.245253524,1.588035551,1.278312297,1.34069482,-0.03940577393,0.07851353039,-0.5325020359,-0.05370791794,-0.09027190995,-0.1791471977,0.3287756674,0.7057945492,-0.4738677152,-0.4095000318,-0.06064485362,0.3216184806,0.1613311749,-0.2767238253,0.4170527436,0.4573081157,-0.1673342656,0.008530645533,0.01936797216,0.008530645533,0.002637795173,0.06533122771,0.1273622001,0.09102729314,0.001904532728
0.9,0.08446528463,-0.1165274835,-0.8481371763,-0.003415095961,0.002637792114,0.999996521,0.008582571391,0.9999631691,0,0,1.303583656,1.646528891,-1.457833662,1.367311105,0.04089451341,0.1239146031,0.1335995526,-1.245859973,1.591251736,1.279925608,1.337927582,-0.03523524649,0.08308661154,-0.5341753786,-0.07811009188,-0.2720542891,0.07550260087,0.3274218147,0.5019899398,-0.4790971432,-0.2023792148,-0.05787528964,0.3217605371,0.1599588996,-0.2777756204,0.4188069522,0.4578913212,-0.1636854177,0.008522985547,0.02038794075,0.008522985547,0.004242772629,0.07018765317,0.1262475385,0.0872476946,0.002807251827
0.91,0.07597892043,-0.1165617647,-0.8491198891,-0.003440737072,0.002637792114,0.999996521,0.008582571391,0.9999631691,0,0,1.302802555,1.643808348,-1.457078636,1.370585323,0.0459144128,0.1191236317,0.1315757604,-1.246438726,1.594469341,1.281525197,1.335149826,-0.03104717697,0.08766552476,-0.5358122328,-0.08096584276,-0.2843614164,0.09295949981,0.3270050993,0.488591968,-0.4800894734,-0.1904497131,-0.05672619952,0.3219872592,0.159541617,-0.2784316736,0.4198230837,0.4583954434,-0.1622573023,0.008501909278,0.02140872044,0.008501909278,0.009105098961,0.07504998041,0.1229149799,0.08384657357,0.005527794718
0.92,0.0674832043,-0.1165962899,-0.8500073672,-0.003463893303,0.002637792114,0.999996521,0.008582571391,0.9999631691,0,0,1.301992897,1.640964734,-1.456149041,1.373855374,0.05080033248,0.1143227369,0.1296712633,-1.247005988,1.597689214,1.283120614,1.332365509,-0.02684894613,0.09224947919,-0.5374348058,-0.08839236142,-0.3169606386,0.1396573371,0.3253927332,0.4515610473,-0.4818914497,-0.1579943594,-0.0537553634,0.3220196512,0.1580435716,-0.2794040783,0.4216421175,0.4588020924,-0.1582382041,0.008480345426,0.02243055399,0.008480345426,0.01397278354,0.0799176654,0.119461084,0.08008233748,0.008371408883
0.93,0.05897909432,-0.1166310342,-0.8507984763,-0.003484535058,0.002637792114,0.999996521,0.008582571391,0.9999631691,0,0,1.301108973,1.637795128,-1.454752468,1.377109301,0.05531594296,0.1095038224,0.1280913197,-1.247543541,1.60090941,1.284701049,1.329571468,-0.02263252496,0.09683750012,-0.5390171878,-0.08962235609,-0.3172758684,0.1405296305,0.3250370526,0.451522182,-0.4822191161,-0.1595456044,-0.05282076679,0.3221798873,0.1577233218,-0.2799232786,0.4224843291,0.459178867,-0.157060713,0.008456892096,0.02345281665,0.008456892096,0.01884527745,0.08479015841,0.1154956095,0.07520984084,0.01154101527
0.94,0.05046755967,-0.1166659721,-0.8514921206,-0.003502633745,0.002637792114,0.999996521,0.008582571391,0.9999631691,0,0,1.300212749,1.634622369,-1.453347171,1.380359672,0.05983116478,0.1046816313,0.1264958636,-1.248071749,1.604131209,1.286278283,1.326772235,-0.01840768167,0.1014292888,-0.540587795,-0.09371016353,-0.3177674424,0.1431647054,0.3231754728,0.4502921971,-0.482363071,-0.1647028423,-0.0496727835,0.3220873766,0.1561129226,-0.2808062522,0.4243656131,0.4593972844,-0.1526969211,0.008433967087,0.02447588745,0.008433967087,0.02372202538,0.08966690624,0.1112779757,0.070333091,0.01471377395
0.95,0.04194958032,-0.1167010783,-0.8520872427,-0.003518161773,0.002637792114,0.999996521,0.008582571391,0.9999631691,0,0,1.299275648,1.631444695,-1.451915524,1.383591427,0.06433408675,0.09985800057,0.1248488352,-1.248568477,1.607352083,1.287839412,1.323964173,-0.01416402553,0.1060232616,-0.5421147642,-0.09466688739,-0.3179870507,0.143868292,0.3228799658,0.4502623264,-0.482579646,-0.1659017466,-0.04893630696,0.3221853636,0.1558773576,-0.2811908853,0.4250294561,0.4596526588,-0.1517546164,0.008411502849,0.02549895673,0.008411502849,0.02860246585,0.09454734943,0.1063975325,0.06545265144,0.01789144838
0.96,0.03342614662,-0.1167363267,-0.8525828236,-0.003531092555,0.002637792114,0.999996521,0.008582571391,0.9999631691,0,0,1.298328979,1.628264824,-1.450476841,1.386820226,0.06883671001,0.09503220411,0.1231898177,-1.24905784,1.610573937,1.289398185,1.321152264,-0.009913730974,0.1106197882,-0.5436323103,-0.0990187266,-0.318408827,0.1467026485,0.3207729966,0.4488982661,-0.4825248163,-0.1713293594,-0.04562646511,0.3219781914,0.1541758635,-0.2819569487,0.4269712406,0.4596716144,-0.1470655389,0.00838958345,0.02652260212,0.00838958345,0.03306191304,0.0994309171,0.1015139648,0.06056908646,0.02107131888
0.97,0.02489825892,-0.1167716914,-0.8529778828,-0.003541400506,0.002637792114,0.999996521,0.008582571391,0.9999631691,0,0,1.297338792,1.625080736,-1.449009815,1.390027956,0.07332569267,0.09020695595,0.1214765242,-1.249514105,1.613793718,1.290939944,1.318332694,-0.005644018568,0.1152165044,-0.5451029657,-0.09970551151,-0.3185332907,0.1472363639,0.320536631,0.4488632933,-0.4826367689,-0.172188017,-0.04507850546,0.3220133935,0.1540123116,-0.2822166531,0.4274509403,0.45981145,-0.1463498698,0.008368129167,0.02754584823,0.008368129167,0.03550497226,0.1043170337,0.09662784816,0.05568296802,0.02425540715
0.98,0.01636692718,-0.1168071459,-0.853271478,-0.003549061043,0.002637792114,0.999996521,0.008582571391,0.9999631691,0,0,1.296341736,1.621895403,-1.447537451,1.393233323,0.0778143256,0.08538058826,0.119754644,-1.24996489,1.617013852,1.292480067,1.315510528,-0.001369509165,0.1198146189,-0.5465664644,-0.1043094605,-0.3188740063,0.1502830596,0.3181703939,0.4473756368,-0.4823724408,-0.1778635278,-0.0416265381,0.32168645,0.1522241912,-0.2828744264,0.4294530469,0.4596214057,-0.141357923,0.008347234816,0.02856943688,0.008347234816,0.03826024093,0.1092051236,0.09173975826,0.05079487652,0.02744074006
0.99,0.007833170589,-0.1168426637,-0.8534627056,-0.003554050587,0.002637792114,0.999996521,0.008582571391,0.9999631691,0,0,1.295298642,1.618706663,-1.446034621,1.396415026,0.08228808197,0.08055686385,0.1179760087,-1.250381155,1.620230717,1.294002309,1.312681784,0.002925021304,0.1244108329,-0.5479800437,-0.1047308672,-0.318947978,0.1506963795,0.3179993454,0.4472744136,-0.4823913599,-0.1783372673,-0.0412529078,0.3216323317,0.1520837484,-0.2830117734,0.4297746644,0.4596520699,-0.1408970722,0.008326809752,0.02959221166,0.008326809752,0.043149722,0.1140946029,0.08685027901,0.04590539727,0.02910542625
1,-0.0007019828191,-0.1168782179,-0.8535507004,-0.003556346561,0.002637792114,0.999996521,0.008582571391,0.9999631691,0,0,1.294251333,1.615517183,-1.444527657,1.39959502,0.08676082611,0.07573295025,0.116192636,-1.250793684,1.62344704,1.295523147,1.309851666,0.007222767948,0.1290073536,-0.5493890144,-0.1096466379,-0.3196882557,0.1545965821,0.3153915536,0.4451165024,-0.4819618805,-0.1836818068,-0.03758863743,0.3208757669,0.1497649567,-0.2835397087,0.4322126805,0.4592490434,-0.1359765953,0.008306955803,0.03061500853,0.008306955803,0.04804000323,0.1191359688,0.08211108554,0.04101511756,0.02588910293
1.01,-0.009237496549,-0.1169137816,-0.8535346353,-0.003555927389,0.002637792114,0.999996521,0.008582571391,0.9999631691,0,0,1.293154867,1.612320301,-1.442981691,1.402748935,0.09121199113,0.07091333145,0.114355818,-1.251169571,1.626655798,1.297020796,1.307016269,0.01154489475,0.1335998441,-0.5507487803,-0.1097846604,-0.3196256404,0.1547623502,0.3152912357,0.4450394243,-0.4818856953,-0.1838714064,-0.03740163453,0.3207885642,0.1497227039,-0.283559478,0.4322996155,0.4591761201,-0.1357065455,0.008287547675,0.03163555944,0.008287547675,0.05293048924,0.1259011814,0.07909532332,0.03612462973,0.02268034526
1.02,-0.01777232603,-0.1169493274,-0.8534137221,-0.0035527725,0.002637792114,0.999996521,0.008582571391,0.9999631691,0,0,1.29205702,1.609124044,-1.441434068,1.405901848,0.09566238538,0.0660944745,0.1125171039,-1.251543587,1.629863684,1.298518023,1.304180674,0.01586789091,0.1381916053,-0.5521058458,-0.1148792194,-0.3197850675,0.1582130704,0.3124305282,0.4433260073,-0.4811833341,-0.1900067171,-0.03369838687,0.3202123347,0.1477875395,-0.2839454405,0.4344274205,0.4585464908,-0.1301334713,0.008268727468,0.03265599534,0.008268727468,0.05772918904,0.1326641193,0.07609820177,0.03123453398,0.01947245962
1.03,-0.02630541899,-0.1169848278,-0.8531872106,-0.003546862324,0.002637792114,0.999996521,0.008582571391,0.9999631691,0,0,1.290908228,1.605926194,-1.439851937,1.409026153,0.1000956454,0.06128264116,0.1106170367,-1.251880571,1.633065807,1.299995899,1.30134122,0.02021216511,0.1427770702,-0.5534071805,-0.1147728933,-0.3196332897,0.1582063875,0.3123850877,0.4432030256,-0.4810182063,-0.1899077092,-0.03366025149,0.3200626845,0.147782722,-0.2838546819,0.434320864,0.4583717932,-0.1300469424,0.00825038448,0.03367475768,0.00825038448,0.06017373855,0.1376242222,0.071782551,0.02634543405,0.01627033627
1.04,-0.03483571587,-0.1170202554,-0.8528543894,-0.003538178295,0.002637792114,0.999996521,0.008582571391,0.9999631691,0,0,1.289760499,1.602729861,-1.438269873,1.412150004,0.1045276757,0.05647245909,0.1087179596,-1.252217173,1.636266434,1.301473726,1.298502673,0.02455537375,0.1473607881,-0.5547076499,-0.1200276665,-0.319698289,0.1618150278,0.309305423,0.4414109847,-0.4800883348,-0.196156743,-0.02990736078,0.3193678469,0.1458109004,-0.2840981018,0.4364798207,0.4575147469,-0.1242804436,0.008232639514,0.03469317399,0.008232639514,0.06261748704,0.1425825773,0.06739892189,0.02145793617,0.01306970943
1.05,-0.04336215017,-0.1170555821,-0.8524145852,-0.003526702848,0.002637792114,0.999996521,0.008582571391,0.9999631691,0,0,1.288560222,1.599532878,-1.436651723,1.415243058,0.1089417856,0.05167157575,0.1067563922,-1.252516247,1.639460112,1.302931835,1.295661692,0.02892017196,0.1519359356,-0.5559504544,-0.1199203211,-0.3194692485,0.1617973845,0.3091795455,0.441163958,-0.4798043619,-0.1960601301,-0.02984718745,0.3191330488,0.1457514505,-0.2839155185,0.4362809755,0.4572118294,-0.1241189353,0.008215374716,0.03570950733,0.008215374716,0.06748246593,0.1475385125,0.06251753303,0.01657265137,0.009876030958
1.06,-0.05188364884,-0.1170907801,-0.8518671633,-0.003512419421,0.002637792114,0.999996521,0.008582571391,0.9999631691,0,0,1.287361019,1.596338185,-1.435033749,1.418334854,0.1133534251,0.04687353213,0.1047957909,-1.252814719,1.642651443,1.304389349,1.292822537,0.03328298172,0.1565080539,-0.5571916437,-0.1249117675,-0.3194078212,0.1652786439,0.3061293583,0.4394138304,-0.4787033982,-0.2019242103,-0.01801443063,0.2874855388,0.09691352285,-0.2839737632,0.4761710457,0.4577248339,-0.1558165531,0.00819871128,0.03672519254,0.00819871128,0.07236492373,0.152491362,0.05763507523,0.01169019448,0.00668470047
1.07,-0.06039913271,-0.1171258211,-0.8512115273,-0.003495312455,0.002637792114,0.999996521,0.008582571391,0.9999631691,0,0,1.286111902,1.593144107,-1.433380962,1.421396147,0.1177475634,0.04208649814,0.1027765488,-1.252994863,1.645526298,1.305358484,1.289982799,0.03804469217,0.1610853022,-0.5587498092,-0.1250164251,-0.3191091418,0.1653965336,0.3058015027,0.4389826389,-0.4782664024,-0.202077309,-0.01709368332,0.2845587158,0.09278680431,-0.2837087605,0.4791494376,0.4573932396,-0.1584753492,0.008182539466,0.03763649867,0.008182539466,0.07724393359,0.157440457,0.05275606537,0.006811183819,0.003809845082
1.08,-0.06890751681,-0.1171606768,-0.8504471195,-0.003475367395,0.002637792114,0.999996521,0.008582571391,0.9999631691,0,-0.5944881588,1.284861737,1.589953016,-1.431726997,1.424454162,0.1221373898,0.03730383412,0.1007557757,-1.2531658,1.648371885,1.306286353,1.287145711,0.04283618655,0.1656592346,-0.5603345627,-0.1297101323,-0.3189265877,0.1687279716,0.3027911868,0.4372698785,-0.4770058407,-0.2075339567,0.09739095081,-0.122340089,-0.529570993,-0.2835927426,0.9789221138,0.4817913732,-0.6439779216,0.008166966468,0.03830385455,0.008166966468,0.08211887547,0.162385114,0.04788112348,0.001936241024,0.0009642579242
1.09,-0.07740771079,-0.1171953189,-0.8495734203,-0.003452570685,0.002637792114,0.999996521,0.002637792114,0.999996521,0,0,1.283564636,1.58676375,-1.430039717,1.427482074,0.1265100886,0.03253377571,0.09868043615,-1.25219189,1.647148484,1.300990643,1.284309784,0.05262540769,0.1704771483,-0.5667743419,-0.1300430764,-0.3185547248,0.1689996864,0.3022459154,0.4366571802,-0.4764034368,-0.2079493774,0.01225302594,0.188504457,-0.055857195,-0.2832380745,0.5964123656,0.4646815274,-0.2672111827,0.008151895335,0.03809599745,0.008151895335,0.0848134607,0.1613797686,0.04492138601,0.005186538505,0.002187658814
1.1,-0.08589861931,-0.1172297187,-0.8485899487,-0.003426909774,0.002637792114,0.999996521,0.002637792114,0.999996521,0,0,1.282264205,1.583578203,-1.42834972,1.430504533,0.1308766604,0.02776974135,0.09660094237,-1.25206936,1.649033529,1.300432071,1.281477403,0.05858953134,0.1751239636,-0.5694464538,-0.1344202585,-0.3182590419,0.172139111,0.2993113738,0.4349764564,-0.4749975037,-0.2129700829,0.05968180137,0.03025707338,-0.3016421627,-0.2829471606,0.7904059283,0.4800504518,-0.4532949846,0.008137419095,0.03830341365,0.008137419095,0.08724592707,0.1663135002,0.0422558784,0.002754073492,0.0003026142439
1.11,-0.09437914238,-0.1172638475,-0.847496262,-0.003398373115,0.002637792114,0.999996521,0.002637792114,0.999996521,0,0,1.280920003,1.580395612,-1.426628329,1.433497647,0.135226425,0.02301976631,0.09447124154,-1.251472542,1.6493361,1.297415649,1.278647932,0.06649359063,0.1799244681,-0.5739794036,-0.1350066897,-0.3178125173,0.1725848187,0.298532445,0.4341836287,-0.4742156648,-0.2136669063,0.06863197931,4.440892099e-14,-0.3483167262,-0.2824943866,0.8266571009,0.4824331008,-0.4882556556,0.008123453401,0.03830317383,0.008123453401,0.09171303737,0.1673579719,0.03800713441,0.002362204716,4.351000782e-08
1.12,-0.1028481758,-0.1172976766,-0.8462919562,-0.00336695016,0.002637792114,0.999996521,0.002637792114,0.999996521,0,0,1.279569936,1.577217487,-1.424902481,1.436482971,0.1395682613,0.01827760966,0.09233457248,-1.250786222,1.6493361,1.293932482,1.275822988,0.07476016163,0.1847487991,-0.5788619602,-0.1390223441,-0.3173944754,0.1755132035,0.2956831946,0.4325332351,-0.4726811764,-0.2182158505,0.07234005618,-2.220446049e-14,-0.3525316851,-0.2820399908,0.8261252245,0.4885024806,-0.483336906,0.008110077043,0.03830289819,0.008110077043,0.096565433,0.1675944089,0.03339117357,0.002362204716,4.351000737e-08
1.13,-0.1113046115,-0.1173311769,-0.8449766654,-0.003332631366,0.002637792114,0.999996521,0.002637792114,0.999996521,0,0,1.278179712,1.574043542,-1.423147349,1.439439803,0.1438935936,0.0135507979,0.09015241398,-1.250062822,1.6493361,1.290407165,1.273002588,0.08302141388,0.1896338239,-0.5836953292,-0.1398918942,-0.3168675751,0.176164109,0.2946444716,0.4315613899,-0.4717037872,-0.2192193852,0.07325123967,0,-0.3533514348,-0.2814817289,0.825048687,0.4896090913,-0.481305816,0.008097219511,0.03830260784,0.008097219511,0.09952420374,0.1676378017,0.02858938757,0.002362204716,4.35100076e-08
1.14,-0.1197473381,-0.1173643195,-0.8435500623,-0.003295408192,0.002637792114,0.999996521,0.002637792114,0.999996521,0,0,1.276780793,1.570874866,-1.421385708,1.442386248,0.1482092075,0.008833760025,0.08796022012,-1.249330309,1.6493361,1.286873651,1.270187771,0.09127190075,0.1945299148,-0.5885083874,-0.1434937094,-0.316339168,0.1788266403,0.2919258276,0.429938276,-0.4700608967,-0.2232553362,0.0765890088,-2.220446049e-14,-0.3570489426,-0.2808672452,0.8243100139,0.4948729711,-0.4765874819,0.008084944114,0.03830231401,0.008084944114,0.101942867,0.1676378017,0.02375206378,0.002362204716,4.35100076e-08
1.15,-0.1281752408,-0.1173970753,-0.8420118579,-0.003255273099,0.002637792114,0.999996521,0.002637792114,0.999996521,0,0,1.275345856,1.567711475,-1.419597442,1.445305506,0.1525085903,0.004133151059,0.08572766676,-1.248564419,1.6493361,1.283303161,1.267379098,0.09951500089,0.1994786445,-0.5932742622,-0.1446798773,-0.3157306512,0.1797126985,0.2906037435,0.4287876535,-0.4688693736,-0.2245974654,0.07778639192,4.440892099e-14,-0.3581552391,-0.2801930451,0.8230877194,0.4963772357,-0.4740777469,0.008073194824,0.03830200699,0.008073194824,0.1060767678,0.1692864951,0.02057192798,0.002362204716,4.351000782e-08
1.16,-0.1365872024,-0.1174294152,-0.8403618018,-0.003212219553,0.002637792114,0.999996521,0.002637792114,0.999996521,0,0,1.273899057,1.564554168,-1.417800315,1.448211544,0.1567964668,-0.0005555426773,0.08348169211,-1.247786555,1.6493361,1.279721609,1.264577168,0.1077458781,0.2044424169,-0.5980150397,-0.1478293528,-0.3150808244,0.1820761465,0.2880512965,0.4271890273,-0.4671416557,-0.2280729722,0.08071386124,-2.220446049e-14,-0.3613044666,-0.2794320268,0.8221229409,0.5007755875,-0.4696093213,0.00806201861,0.03830169538,0.00806201861,0.1108964637,0.1716505451,0.0181162829,0.002362204716,4.351000737e-08
1.17,-0.1449821033,-0.11746131,-0.838599682,-0.003166242019,0.002637792114,0.999996521,0.002637792114,0.999996521,0,0,1.272420764,1.56140336,-1.415979553,1.451092057,0.1610683571,-0.005226959234,0.08120096239,-1.246979417,1.6493361,1.276108564,1.261782847,0.1159671075,0.2094501728,-0.6027111329,-0.1493823211,-0.3143790286,0.1832445481,0.2864151991,0.4258591457,-0.4657143945,-0.2297920452,0.0822345873,0,-0.3627448774,-0.2786333207,0.8207742921,0.5027237482,-0.4665750964,0.00805137522,0.03830137225,0.00805137522,0.1157063846,0.1725841617,0.01423997856,0.002362204716,4.35100076e-08
1.18,-0.1533588219,-0.1174927303,-0.8367253247,-0.003117335967,0.002637792114,0.999996521,0.002637792114,0.999996521,0,0,1.270926941,1.55825957,-1.414147108,1.453956209,0.1653269485,-0.009884103179,0.07890304193,-1.246157071,1.6493361,1.272481115,1.258996514,0.1241748504,0.2144774103,-0.6073768839,-0.1520333392,-0.3136284913,0.1852406767,0.2839650938,0.4242913897,-0.463862618,-0.2326396465,0.08475061097,0,-0.365337313,-0.2778743995,0.8196025152,0.5062835726,-0.4624201569,0.007912786314,0.03830104327,0.007912786314,0.1205058877,0.1726346973,0.009491010099,0.002362204716,4.35100076e-08
1.19,-0.1617162352,-0.1175236469,-0.8347385948,-0.003065497869,0.002637792114,0.999996521,0.002637792114,0.999996521,-0.5944881821,0,1.269406607,1.555123285,-1.412294701,1.45679586,0.1695698624,-0.01452272936,0.07657664547,-1.245309565,1.6493361,1.268827742,1.25621777,0.1323708756,0.219540246,-0.6120010854,-0.08127292612,0.1493798389,-0.4077321398,0.2819454264,0.9634048029,-0.3670885847,-0.7641367961,0.08665213531,-2.220446049e-14,-0.3671733075,-0.2769790778,0.8181687337,0.5087578983,-0.458812616,0.006916947691,0.03830070447,0.006916947691,0.1239660621,0.1726503607,0.004705666824,0.002362204716,4.35100076e-08
1.2,-0.1700532189,-0.1175540305,-0.8326393955,-0.003010725199,-0.00330708062,0.9999945316,0.002637792114,0.999996521,-0.5944882287,0,1.268593878,1.556617083,-1.416372022,1.459615314,0.1792039105,-0.01819361521,0.06893527751,-1.244443043,1.6493361,1.265156009,1.253447979,0.1405525629,0.224627825,-0.6165892116,-0.08277399455,0.1522773181,-0.4060775283,0.279855029,0.9654820481,-0.3587673493,-0.7676664056,0.08860426285,2.220446049e-14,-0.3690276173,-0.2759535943,0.816675302,0.5112130995,-0.4550381977,0.007443059501,0.03830035831,0.007443059501,0.1204095505,0.1727181216,0.005873810996,0.002362204716,4.351000782e-08
1.21,-0.178368648,-0.1175838516,-0.8304276684,-0.002953016435,-0.009251836943,0.9999572008,0.002637792114,0.999996521,-0.5944881588,0,1.267766138,1.558139856,-1.420432798,1.462413864,0.1888587309,-0.0217812887,0.06125861345,-1.243557001,1.6493361,1.261465733,1.250688443,0.1487193159,0.229739956,-0.6211395936,-0.08621579334,0.1555262751,-0.4040783318,0.2774760864,0.9671839617,-0.3485901459,-0.7713479729,0.09090977745,-2.220446049e-14,-0.3712753652,-0.2748621562,0.8151573033,0.5142171711,-0.4507963224,0.007979262572,0.03830000463,0.007979262572,0.1179456957,0.1738674753,0.007054305505,0.002362204716,4.35100076e-08
1.22,-0.1866613971,-0.117613081,-0.8281033935,-0.002892371056,-0.01519626559,0.9998845301,0.002637792114,0.999996521,-0.5944881588,0,1.26690398,1.559695119,-1.424473581,1.465188625,0.1985305706,-0.02526719016,0.05354513372,-1.242647903,1.6493361,1.257752979,1.247939822,0.156870889,0.2348821277,-0.6256475568,-0.0886127601,0.1588026559,-0.4028605036,0.2756931138,0.9689585664,-0.3385529902,-0.7737693012,0.09227422538,2.220446049e-14,-0.3723806089,-0.2737305938,0.8133462242,0.5155828398,-0.4474845018,0.008036687149,0.03829964203,0.008036687149,0.1167522099,0.1761813227,0.008247793997,0.002362204716,4.351000782e-08
1.23,-0.1949303408,-0.1176416893,-0.8256665894,-0.002828789545,-0.02114015718,0.9997765219,0.002637792114,0.999996521,-0.5944881588,0,1.266017853,1.561283146,-1.428502186,1.467945556,0.2082201562,-0.02865272006,0.04580744071,-1.241725161,1.6493361,1.254029173,1.245202516,0.1650043512,0.2400379561,-0.6301224018,-0.092125135,0.1619855963,-0.4004222046,0.2728726885,0.9703703093,-0.3284420031,-0.7778161766,0.09504116325,0,-0.3751224725,-0.2724737478,0.8117958341,0.5192163551,-0.4425505432,0.008038642857,0.03829927427,0.008038642857,0.1147016776,0.1776377922,0.01029832716,0.002362204716,4.35100076e-08
1.24,-0.203174354,-0.117669647,-0.823117313,-0.002762273386,-0.02708330165,0.9996331801,0.002637792114,0.999996521,-0.5944883451,0,1.265096601,1.562903002,-1.432506408,1.470674283,0.2179238593,-0.03193714009,0.03802927894,-1.240774749,1.6493361,1.250277948,1.242477778,0.1731223095,0.2452301196,-0.6345479072,-0.09334213597,0.1652103572,-0.3998070132,0.2714579268,0.9720676903,-0.3188774892,-0.7793076794,0.09575465638,0,-0.3753945157,-0.2712521615,0.8096189155,0.5194029159,-0.4397797427,0.008040749405,0.0382988958,0.008040749405,0.1111185286,0.1776377922,0.013881474,0.002362204716,4.35100076e-08
1.25,-0.2113923124,-0.117696925,-0.8204556596,-0.002692825067,-0.03302549081,0.9994545097,0.002637792114,0.999996521,-0.5944881588,0,1.26416318,1.564555105,-1.436504478,1.473388862,0.2276445362,-0.03512591498,0.03023620215,-1.239817203,1.6493361,1.246524003,1.239765257,0.1812184987,0.2504241488,-0.6389457047,-0.09742724899,0.1684190279,-0.3968535251,0.2681433269,0.9731280553,-0.3083589567,-0.7837185147,0.0990540843,0,-0.3786859345,-0.2698047731,0.8080730941,0.5237399026,-0.4340674415,0.008043061042,0.03829851479,0.008043061042,0.1080873254,0.1776818571,0.01695674085,0.002362204716,4.35100076e-08
1.26,-0.219583093,-0.1177234938,-0.8176817629,-0.002620448079,-0.03896651094,0.9992405171,0.002637792114,0.999996521,-0.5944881588,0,1.263188907,1.566239296,-1.440473013,1.476070296,0.2373758168,-0.03820950455,0.022399017,-1.238826662,1.6493361,1.242737144,1.237067209,0.1892992296,0.2556615478,-0.6432863791,-0.09677342676,0.1796672239,-0.4068852067,0.267164303,0.9840189738,-0.2965181195,-0.793119085,0.09903763141,0,-0.3780456602,-0.2685185871,0.8054809655,0.522653764,-0.4319370595,0.008045530526,0.038298121,0.008045530526,0.1068354159,0.1778975725,0.01842436762,0.002362204716,4.35100076e-08
1.27,-0.2277455741,-0.1177493242,-0.8147957952,-0.002545146913,-0.04490615394,0.9989912098,0.002637792114,0.999996521,0,0,1.262221173,1.568035968,-1.444541865,1.478741939,0.2472160065,-0.04117468574,0.01446782615,-1.237836285,1.6493361,1.238956687,1.234382023,0.1973540393,0.2608880855,-0.6476057497,-0.1525192132,-0.2223939035,0.1049252527,0.2632994063,0.5122320892,-0.4031409734,-0.3430657356,0.1029287816,0,-0.3819883302,-0.2668653235,0.8040095892,0.527780418,-0.4253836973,0.008048479015,0.03827761976,0.008048479015,0.1053230184,0.1783563538,0.02015127415,0.002362204716,4.35100076e-08
1.28,-0.235878636,-0.117774387,-0.811797967,-0.002466927064,-0.04490615394,0.9989912098,0.002637792114,0.999996521,0,0,1.260695981,1.565812029,-1.443492613,1.481374933,0.2523383274,-0.04520609548,0.0110371688,-1.236806998,1.6493361,1.235136804,1.23171337,0.2053941352,0.2661658896,-0.6518595867,-0.1517035583,-0.2215479265,0.1045587457,0.2626631878,0.5103260164,-0.4017438879,-0.3417580869,0.1023252631,0,-0.3806015441,-0.2655187447,0.8010122262,0.5256747698,-0.4237422046,0.00803956689,0.03824327249,0.00803956689,0.1076529658,0.1804782613,0.01761327858,0.002362204716,4.35100076e-08
1.29,-0.2439811614,-0.117798653,-0.8086885274,-0.002385795032,-0.04490615394,0.9989912098,0.002637792114,0.999996521,0,0,1.259178945,1.563596549,-1.442447026,1.484001565,0.2574415876,-0.04922353436,0.007619587928,-1.235783745,1.6493361,1.231330789,1.229058183,0.2134042574,0.2714226373,-0.6560970087,-0.1297578157,-0.01973597629,-0.1409905222,0.2585098198,0.7430345357,-0.3344898432,-0.5702064625,0.1064422373,0,-0.3847216004,-0.2636710735,0.7995067623,0.5309703573,-0.4167369991,0.008030982562,0.03821030518,0.008030982562,0.1099741652,0.1825457191,0.01503832954,0.002362204716,4.35100076e-08
1.3,-0.2520520355,-0.1178220932,-0.8054677638,-0.002301758316,-0.04490615394,0.9989912098,0.002637792114,0.999996521,0,0,1.257881367,1.56339919,-1.443856931,1.486586663,0.2648719329,-0.05256843279,0.001917523303,-1.234719323,1.6493361,1.227483573,1.226421472,0.2213993251,0.2767323409,-0.6602643787,-0.1279834673,-0.01019861625,-0.1519705552,0.2576740654,0.7511086972,-0.3301669745,-0.578685063,0.1059949344,0,-0.3834632974,-0.2622019918,0.7963427184,0.5290304412,-0.4147582808,0.008027981112,0.0381784245,0.008027981112,0.1100787409,0.1829222179,0.014921261,0.002362204716,4.35100076e-08
1.31,-0.2600901467,-0.1178446785,-0.8021360022,-0.002214825419,-0.04490615394,0.9989912098,0.002637792114,0.999996521,0,0,1.256601533,1.563297204,-1.445376636,1.489163404,0.2723830199,-0.05587010253,-0.003869327327,-1.233659373,1.6493361,1.22364894,1.223799452,0.2293627523,0.2820226453,-0.6644119615,-0.1310349402,-0.008928429983,-0.1466296906,0.2540748207,0.749571617,-0.3206721201,-0.5804674794,0.1091956821,0,-0.3864476894,-0.2602837228,0.7944180591,0.5327178925,-0.4085919631,0.008025253037,0.03814792998,0.008025253037,0.1100787409,0.1832596441,0.014921261,0.002362204716,4.35100076e-08
1.32,-0.2680943868,-0.1178663801,-0.7986936068,-0.002125005847,-0.04490615394,0.9989912098,0.002637792114,0.999996521,0,0,1.255291183,1.563207919,-1.446842933,1.491704152,0.2798787361,-0.05907682374,-0.009674002121,-1.232567416,1.6493361,1.219784463,1.221196615,0.2373069328,0.2873498242,-0.6684978811,-0.1312365563,-0.008574066314,-0.1447085268,0.2525841554,0.7467497894,-0.3171916515,-0.5790458739,0.109510615,2.220446049e-14,-0.3860262089,-0.2586216679,0.7913224196,0.5318775221,-0.4055925329,0.008022499624,0.03811861942,0.008022499624,0.1100787409,0.1833705618,0.014921261,0.002362204716,4.35100076e-08
1.33,-0.2760636514,-0.1178871691,-0.7951409804,-0.002032310108,-0.04490615394,0.9989912098,0.002637792114,0.999996521,0,0,1.253978818,1.563122179,-1.448290018,1.494229993,0.287346234,-0.06224874025,-0.01546446086,-1.23147231,1.6493361,1.215924201,1.218610398,0.245220157,0.2926685995,-0.6725538065,-0.133234575,-0.007608489136,-0.1404898054,0.2496377285,0.7445730283,-0.3096240773,-0.579499253,0.1116954038,-2.220446049e-14,-0.3877553477,-0.2566579835,0.7888893146,0.5338430668,-0.4003892919,0.00801975336,0.03809066584,0.00801975336,0.1100787409,0.1834121397,0.014921261,0.002362204716,4.351000737e-08
1.34,-0.2839968404,-0.1179070167,-0.7914785641,-0.001936749712,-0.04490615394,0.9989912098,0.002637792114,0.999996521,0,0,1.252646472,1.563046094,-1.449694917,1.496726371,0.2947919642,-0.06534498102,-0.02125945339,-1.230355356,1.6493361,1.212046647,1.216043818,0.2531090502,0.2980070301,-0.6765576994,-0.1342465362,-0.006959650895,-0.1374433321,0.2474137487,0.7418959022,-0.304128027,-0.5788365176,0.1128634427,0,-0.3882703251,-0.2547655133,0.785945101,0.5342082876,-0.3962569567,0.008016994455,0.03806398227,0.008016994455,0.1100787409,0.1848109006,0.014921261,0.002362204716,4.35100076e-08
1.35,-0.2918928583,-0.1179258945,-0.7877068376,-0.001838337174,-0.04490615394,0.9989912098,0.002637792114,0.999996521,0,0,1.251304007,1.562976497,-1.45106935,1.499200508,0.3022109233,-0.06838626129,-0.02704781857,-1.229226722,1.6493361,1.208163944,1.213496163,0.2609685012,0.303349113,-0.6805202689,-0.135129464,-0.006341675789,-0.1344758362,0.245211445,0.7390563352,-0.2987428102,-0.5779325327,0.113923978,-2.220446049e-14,-0.3886302608,-0.2528083861,0.782907654,0.5343323308,-0.3921492683,0.008014234123,0.03803862963,0.008014234123,0.1100787409,0.1871106956,0.014921261,0.002362204716,4.35100076e-08
1.36,-0.2997506145,-0.117943774,-0.7838263187,-0.001737086009,-0.04490615394,0.9989912098,0.002637792114,0.999996521,0,0,1.249952712,1.56291308,-1.452414108,1.501652623,0.3096014866,-0.07137368939,-0.03282714389,-1.228087482,1.6493361,1.204277641,1.210968079,0.2687975777,0.3086924363,-0.6844417616,-0.1370229381,-0.005377845989,-0.1301897012,0.2421633035,0.736533044,-0.2910036873,-0.5780466477,0.1160403576,2.220446049e-14,-0.3901944008,-0.2506538386,0.7802149756,0.5360156693,-0.3867573263,0.008011474039,0.03801461854,0.008011474039,0.1100787409,0.1885253448,0.014921261,0.002362204716,4.351000782e-08
1.37,-0.3075690239,-0.1179606269,-0.779837564,-0.001633010735,-0.04490615394,0.9989912098,0.002637792114,0.999996521,0,0,1.248582483,1.562859302,-1.453716005,1.504074256,0.3169668171,-0.07428372627,-0.03860761037,-1.226927078,1.6493361,1.200375697,1.208461541,0.2765997275,0.314052593,-0.6883093349,-0.1367117617,-0.005133934961,-0.1286075802,0.2408094062,0.7330204889,-0.2880705685,-0.575769442,0.1158666568,0,-0.3890548973,-0.2487446607,0.7764563159,0.5341723214,-0.38389501,0.008008703088,0.03799191639,0.008008703088,0.1100787409,0.1885590504,0.014921261,0.002362204716,4.35100076e-08
1.38,-0.315347007,-0.1179764249,-0.7757411683,-0.001526126875,-0.04490615394,0.9989912098,0.002637792114,0.999996521,0,0,1.247215365,1.562807963,-1.455002081,1.50648235,0.3242970219,-0.07716443195,-0.04436530479,-1.225768412,1.6493361,1.196485148,1.205974094,0.2843642906,0.3193943162,-0.692148285,-0.1395405898,-0.00381903765,-0.1229584048,0.2368349181,0.7306512187,-0.2778474271,-0.5766649996,0.1190416658,0,-0.3917794745,-0.246276172,0.7741223595,0.5372886477,-0.3771084698,0.008005946197,0.03797061177,0.008005946197,0.1098033534,0.1889308703,0.014921261,0.002362204716,4.35100076e-08
1.39,-0.3230834906,-0.1179911401,-0.7715377649,-0.001416450951,-0.04490615394,0.9989912098,0.002637792114,0.999996521,0,0,1.245819959,1.562769772,-1.456231665,1.508850699,0.3316035341,-0.07994290622,-0.05013195479,-1.224577995,1.6493361,1.192567354,1.203511332,0.2921055142,0.3247672027,-0.6959193697,-0.1384541159,-0.003818267085,-0.1222703337,0.2360344568,0.726652396,-0.2765086383,-0.5734985112,0.1180402326,0,-0.3896216095,-0.2443837102,0.7697723558,0.5341286208,-0.3750406003,0.008003168857,0.03795060086,0.008003168857,0.1080244324,0.1911766369,0.014921261,0.002362204716,4.35100076e-08
1.4,-0.3307774078,-0.1180047446,-0.7672280255,-0.001304000489,-0.04490615394,0.9989912098,0.002637792114,0.999996521,0,0,1.244435418,1.56273159,-1.457454368,1.511211043,0.3388700581,-0.08270799261,-0.0558669399,-1.223397593,1.6493361,1.188671137,1.201067495,0.2998032378,0.3301084889,-0.6996697757,-0.1413115017,-0.00246573429,-0.1163784461,0.2318627328,0.7240530094,-0.2658296289,-0.5741990265,0.1213276346,0,-0.3924134892,-0.2417405487,0.7674205607,0.5372465864,-0.3679400171,0.008000414524,0.03793201188,0.008000414524,0.1062792144,0.1934079879,0.014921261,0.002362204716,4.35100076e-08
1.41,-0.338427699,-0.1180172109,-0.7628126602,-0.001188794019,-0.04490615394,0.9989912098,0.002637792114,0.999996521,0,0,1.243022303,1.562706932,-1.458618153,1.513529671,0.3461105882,-0.0853662889,-0.06160893016,-1.222184317,1.6493361,1.184747003,1.19865009,0.3074774434,0.3354809548,-0.7033491759,-0.1406360957,-0.002306442159,-0.1150555129,0.2306322487,0.7200296523,-0.2633444682,-0.5713461578,0.1207727925,0,-0.390717178,-0.2396676278,0.7630792865,0.5346637642,-0.3652021621,0.007997640045,0.03791473471,0.007997640045,0.1057092556,0.1936722136,0.014921261,0.002362204716,4.35100076e-08
1.42,-0.3460333114,-0.1180285114,-0.7582924176,-0.001070851073,-0.04490615394,0.9989912098,0.002637792114,0.999996521,0,0,1.241615942,1.562683868,-1.459768708,1.515835993,0.3533108847,-0.08799973358,-0.06732239174,-1.220976589,1.6493361,1.180839831,1.196253414,0.3151082363,0.3408275924,-0.7070011975,-0.1420558516,-0.001423840857,-0.1108816215,0.2275302337,0.7166580394,-0.2557348858,-0.5704244022,0.1225403055,0,-0.391681304,-0.2371184804,0.7598663291,0.5354111813,-0.3596698245,0.007994884446,0.0378988623,0.007994884446,0.1052624139,0.1936948146,0.014921261,0.002362204716,4.35100076e-08
1.43,-0.3535932004,-0.1180386189,-0.7536680847,-0.0009501921837,-0.04490615394,0.9989912098,0.002637792114,0.999996521,0,0,1.240195383,1.562669629,-1.460877524,1.518111296,0.3604774651,-0.09055708244,-0.07302663576,-1.219751186,1.6493361,1.176923018,1.193882229,0.3227068996,0.3461817042,-0.7105978957,-0.1425634784,-0.0008429656585,-0.1078739195,0.2251786593,0.7128709958,-0.2502161082,-0.5685860209,0.1233002686,-2.220446049e-14,-0.3914501105,-0.2346953826,0.7560230184,0.5346522218,-0.3552381865,0.007992124931,0.03788434579,0.007992124931,0.1050787456,0.1950119759,0.014921261,0.002362204716,4.35100076e-08
1.44,-0.3611063289,-0.1180475063,-0.7489404869,-0.0008268388884,-0.04490615394,0.9989912098,0.002637792114,0.999996521,0,0,1.238769749,1.5626612,-1.461956263,1.520363082,0.3676061751,-0.09305924352,-0.07871249597,-1.218518183,1.6493361,1.173008517,1.191535275,0.3302671297,0.3515282264,-0.7141502776,-0.1424626901,-0.0004582569193,-0.1055908142,0.22328437,0.7087516206,-0.2459966114,-0.5660760498,0.1234172456,2.220446049e-14,-0.3904422416,-0.2323176749,0.7517840268,0.5328912429,-0.3514728028,0.007989371721,0.0378712038,0.007989371721,0.1050787456,0.1971821019,0.014921261,0.002362204716,4.351000782e-08
1.45,-0.3685716687,-0.1180551467,-0.7441104879,-0.0007008137262,-0.04490615394,0.9989912098,0.002637792114,0.999996521,0,0,1.237345122,1.562656617,-1.463012172,1.522595926,0.3746936913,-0.09551920963,-0.08437325647,-1.21728401,1.6493361,1.169104094,1.189212098,0.33778497,0.3568571389,-0.7176650056,-0.1442131629,0.0005700239821,-0.1007343092,0.2196942195,0.7051653001,-0.2371542921,-0.5652126304,0.1256261948,0,-0.3918246255,-0.2294886269,0.7486093958,0.5340927518,-0.3451748613,0.007986631737,0.03785943756,0.007986631737,0.1050787456,0.1992054831,0.014921261,0.002362204716,4.35100076e-08
1.46,-0.3759882003,-0.1180615137,-0.7391789902,-0.000572140239,-0.04490615394,0.9989912098,0.002637792114,0.999996521,0,0,1.23590299,1.562662317,-1.464019515,1.524792868,0.3817453443,-0.09789075255,-0.09002538277,-1.216027748,1.6493361,1.165185848,1.186917212,0.345271064,0.3621980664,-0.7211167542,-0.1428724906,0.0005472247914,-0.1000463772,0.2188266869,0.700455661,-0.2357915586,-0.5614748299,0.1243421972,0,-0.389140115,-0.2272714211,0.7433862912,0.5302419896,-0.3429075144,0.007983885003,0.03784902861,0.007983885003,0.1050787456,0.2008641874,0.014921261,0.002362204716,4.35100076e-08
1.47,-0.3833549134,-0.1180665808,-0.7341469343,-0.0004408429713,-0.04490615394,0.9989912098,0.002637792114,0.999996521,0,0,1.234474265,1.56266779,-1.465019978,1.526981135,0.3887499009,-0.1002486681,-0.09564013107,-1.214784326,1.6493361,1.161294447,1.184644498,0.3527049269,0.3675004863,-0.7245458294,-0.1452555431,0.00179909198,-0.09412635913,0.2144976446,0.6968023539,-0.2250526001,-0.5609228945,0.1273413985,0,-0.3913723892,-0.2241237144,0.7406049611,0.5324185323,-0.3354940676,0.00798116541,0.03783998832,0.00798116541,0.1050787456,0.2025009473,0.014921261,0.002362204716,4.35100076e-08
1.48,-0.3906708071,-0.1180703219,-0.7290152993,-0.00030694747,-0.04490615394,0.9989912098,0.002637792114,0.999996521,0,0,1.23302171,1.562685781,-1.465961242,1.529126111,0.3957179244,-0.1024991941,-0.10124936,-1.213510912,1.6493361,1.157380723,1.182403261,0.3601109765,0.3728246716,-0.7279007701,-0.1441825183,0.001884217205,-0.09297036634,0.2133033796,0.692002395,-0.2228449279,-0.5573237375,0.1263656391,0,-0.3889868722,-0.2217380798,0.7353653136,0.5289257645,-0.332716272,0.007978432367,0.03783230342,0.007978432367,0.1050787456,0.2030755527,0.014921261,0.002362204716,4.35100076e-08
1.49,-0.3979348908,-0.1180727112,-0.7237851029,-0.0001704802848,-0.04490615394,0.9989912098,0.002637792114,0.999996521,0,0,1.231579885,1.562704623,-1.466890946,1.531259145,0.4026379484,-0.1047276434,-0.1068225974,-1.212247256,1.6493361,1.153490854,1.18018588,0.3674646296,0.3781139293,-0.7312279328,-0.1447900722,0.002548869217,-0.08935405752,0.2104684235,0.6875682894,-0.2162543557,-0.5550380868,0.127371268,0,-0.3888542671,-0.218863488,0.7312897415,0.5281567956,-0.3274902049,0.007975723925,0.03782596532,0.007975723925,0.1050787456,0.2035541123,0.014921261,0.002362204716,4.35100076e-08
1.5,-0.4051461841,-0.118073723,-0.7184574008,-3.146896779e-05,-0.04490615394,0.9989912098,0.002637792114,0.999996521,0,0,1.230131984,1.562730111,-1.467784486,1.533363829,0.4095136313,-0.106890187,-0.1123729783,-1.210973543,1.6493361,1.149602312,1.177997245,0.374777527,0.3833954972,-0.7345028348,-0.1452173519,0.003160345302,-0.08594800504,0.2077642212,0.6829999118,-0.2100352488,-0.5525580642,0.1281656623,4.440892099e-14,-0.3884499796,-0.2159830509,0.7269838126,0.527053803,-0.3224461197,0.00797302189,0.03782096915,0.00797302189,0.1050787456,0.2048510246,0.014921261,0.002362204716,4.35100076e-08
1.51,-0.4123037174,-0.1180733322,-0.7130332876,0.0001100579262,-0.04490615394,0.9989912098,0.002637792114,0.999996521,0,0,1.22867981,1.562761715,-1.468643966,1.535441472,0.4163436304,-0.1089905395,-0.1178985589,-1.209691887,1.6493361,1.145717812,1.175837414,0.3820473652,0.3886660352,-0.737727296,-0.1439812313,0.003213469481,-0.08485900494,0.2065866428,0.6778798438,-0.207946815,-0.5486541646,0.1270154643,-4.440892099e-14,-0.3857767097,-0.2134701393,0.721369409,0.5231880152,-0.3196552397,0.00797032845,0.0378173076,0.00797032845,0.1050787456,0.2069007223,0.014921261,0.002362204716,4.351000715e-08
1.52,-0.4194065323,-0.1180715136,-0.7075138961,0.0002540708397,-0.04490615394,0.9989912098,0.002637792114,0.999996521,0,0,1.227239998,1.56279385,-1.469492556,1.537507338,0.4231224288,-0.1110700076,-0.1233851005,-1.208421732,1.6493361,1.141860045,1.173702713,0.3892610593,0.3938979154,-0.7409238484,-0.1459648967,0.004359637251,-0.07899029041,0.2022263782,0.6734459871,-0.1973936191,-0.5471797877,0.1297328459,0,-0.3875235779,-0.2100117455,0.718240527,0.5246259156,-0.3121161218,0.007967661909,0.03781494068,0.007967661909,0.1050787456,0.2088973536,0.014921261,0.002362204716,4.35100076e-08
1.53,-0.4264536817,-0.1180682426,-0.7019003973,0.000400539213,-0.04490615394,0.9989912098,0.002637792114,0.999996521,0,0,1.225780349,1.562837446,-1.470282459,1.539529602,0.4298568887,-0.1130439438,-0.1288568984,-1.207124404,1.6493361,1.137984809,1.171602596,0.3964434645,0.3991441746,-0.7440450096,-0.1443648866,0.004305468592,-0.07834275607,0.2013255681,0.6680730579,-0.1960804351,-0.5429035519,0.1281468229,0,-0.38429264,-0.2074977523,0.7121458021,0.520082336,-0.3097148027,0.00796498718,0.03781391791,0.00796498718,0.1050787456,0.2104509858,0.014921261,0.002362204716,4.35100076e-08
1.54,-0.4334442306,-0.1180634947,-0.6961940012,0.0005494314833,-0.04490615394,0.9989912098,0.002637792114,0.999996521,0,0,1.2243367,1.562880501,-1.471065887,1.541542857,0.4365376193,-0.1150047482,-0.1342859339,-1.205842935,1.6493361,1.134141882,1.169527618,0.4035649226,0.4043449979,-0.7471421577,-0.1448989295,0.004966621447,-0.07443329286,0.1982412597,0.6630392137,-0.1890315546,-0.5400977685,0.1291801283,0,-0.3840407562,-0.2042922707,0.7078087025,0.5190675136,-0.3040500082,0.007962343702,0.03781414981,0.007962343702,0.1050787456,0.2119968618,0.014921261,0.002362204716,4.35100076e-08
1.55,-0.4403772562,-0.118057246,-0.6903959556,0.0007007150856,-0.04490615394,0.9989912098,0.002637792114,0.999996521,0,0,1.222887711,1.562930167,-1.47181022,1.54352527,0.4431680114,-0.1168950637,-0.1396869116,-1.204551134,1.6493361,1.130301475,1.167484695,0.4106430096,0.409535673,-0.7501826577,-0.1447613884,0.005412136057,-0.07148983998,0.1957934346,0.6577916966,-0.1836771912,-0.5367686375,0.1293901813,-2.220446049e-14,-0.3828156931,-0.2012384311,0.7027979715,0.5168946131,-0.2993231706,0.007959708041,0.03781567265,0.007959708041,0.1050787456,0.2128960697,0.014921261,0.002362204716,4.35100076e-08
1.56,-0.4472518485,-0.1180494726,-0.6845075471,0.0008543564522,-0.04490615394,0.9989912098,0.002637792114,0.999996521,0,0,1.221440097,1.562984288,-1.472525118,1.545483204,0.4497459284,-0.1187318356,-0.145054598,-1.203257232,1.6493361,1.126473318,1.165472311,0.4176709893,0.4147046192,-0.7531758894,-0.1432068094,0.005393901141,-0.07062928884,0.1947271318,0.6521775741,-0.1819848033,-0.5323780687,0.1278664382,2.220446049e-14,-0.3795725211,-0.1985571785,0.696479758,0.5123215097,-0.2966430895,0.007957087815,0.03781845465,0.007957087815,0.1050787456,0.2133253256,0.014921261,0.002362204716,4.351000782e-08
1.57,-0.4540671103,-0.1180401511,-0.6785301006,0.001010321013,-0.04490615394,0.9989912098,0.002637792114,0.999996521,0,0,1.220008029,1.563038227,-1.473231411,1.547430476,0.4562677041,-0.1205516836,-0.1503783787,-1.201978568,1.6493361,1.122677593,1.163486739,0.4246357869,0.4198278343,-0.7561423203,-0.1448746612,0.006434396283,-0.06471541621,0.1902858968,0.6469706553,-0.1715109926,-0.5300375438,0.1303857653,0,-0.3809380807,-0.1947804522,0.6930919094,0.5131540616,-0.2888994239,0.007954498777,0.03782242205,0.007954498777,0.1050155683,0.2137986826,0.014921261,0.002362204716,4.35100076e-08
1.58,-0.4608221582,-0.1180292585,-0.6724649795,0.001168573194,-0.04490615394,0.9989912098,0.002637792114,0.999996521,0,0,1.218559282,1.563102571,-1.473878565,1.549333335,0.4627374107,-0.1222667936,-0.1556787541,-1.20067471,1.6493361,1.118868212,1.161538935,0.431566706,0.4249593749,-0.7590313146,-0.143094806,0.006355918416,-0.06411457375,0.1893777888,0.6411642992,-0.1702635003,-0.5254095743,0.1285814595,2.220446049e-14,-0.3773179379,-0.1920745707,0.6863867026,0.5081310694,-0.2864377686,0.007951905244,0.03782768762,0.007951905244,0.1034897199,0.2157120779,0.014921261,0.002362204716,4.35100076e-08
1.59,-0.4675161223,-0.1180167721,-0.6663135856,0.001329076421,-0.04490615394,0.9989912098,0.002637792114,0.999996521,0,0,1.217128334,1.56316613,-1.474519711,1.551227113,0.4691490537,-0.1239694286,-0.1609328499,-1.199388896,1.6493361,1.115095033,1.159618189,0.438430573,0.4300406856,-0.7618956923,-0.142926422,0.005312420538,-0.05943096852,0.1868559248,0.6337694016,-0.1656624967,-0.5201190614,0.1286725393,-2.220446049e-14,-0.375839491,-0.1888066183,0.6810905617,0.5055906039,-0.2815434019,0.007949345718,0.03783408622,0.007949345718,0.1019583715,0.2176047865,0.014921261,0.002362204716,4.351000737e-08
1.6,-0.4741481471,-0.1180026696,-0.6600773591,0.001491793116,-0.04490615394,0.9989912098,0.002637792114,0.999996521,0,0,1.21569907,1.563219255,-1.475114021,1.553095672,0.4754867477,-0.1256260535,-0.1661340405,-1.19810217,1.6493361,1.111336638,1.157730123,0.4452414786,0.4350965916,-0.7647111263,-0.1431611992,0.00398309957,-0.0536448747,0.1839080098,0.6258648175,-0.160201726,-0.5145779545,0.1292326318,0,-0.3748702025,-0.1853642004,0.6760781631,0.5036383344,-0.2760010911,0.007946766339,0.03784166111,0.007946766339,0.1009165105,0.2194765165,0.014921261,0.002362204716,4.35100076e-08
1.61,-0.4807173917,-0.117986929,-0.6537577786,0.001656684697,-0.04490615394,0.9989912098,0.002637792114,0.999996521,0,0,1.214267458,1.563259086,-1.475650469,1.554934752,0.4817453959,-0.1272280708,-0.17127982,-1.196809844,1.6493361,1.107587936,1.155876481,0.4520022602,0.440132975,-0.7674711372,-0.1412840018,0.003867342913,-0.05304264575,0.1829965198,0.6197898928,-0.1590038158,-0.5097322862,0.1273042616,0,-0.3710273869,-0.1825506467,0.6690206424,0.4983454468,-0.2735091276,0.007944152542,0.03785041467,0.007944152542,0.1005237254,0.2213269827,0.014921261,0.002362204716,4.35100076e-08
1.62,-0.4872230299,-0.1179695288,-0.6473563611,0.001823711582,-0.04490615394,0.9989912098,0.002637792114,0.999996521,0,0,1.212854618,1.563297759,-1.476180896,1.556764717,0.4879432948,-0.128818109,-0.1763771429,-1.195536801,1.6493361,1.103877662,1.154050974,0.4586924667,0.4451164294,-0.7702062285,-0.1419276778,0.004174481127,-0.04788652902,0.1793098068,0.6133459312,-0.1510450298,-0.5058059853,0.1286568873,0,-0.3709065344,-0.1787573181,0.6646059354,0.4973185765,-0.2668032121,0.007941573521,0.03786020978,0.007941573521,0.1001577937,0.2231559078,0.014921261,0.002362204716,4.35100076e-08
1.63,-0.4936642513,-0.1179504478,-0.6408746622,0.001992833185,-0.04490615394,0.9989912098,0.002637792114,0.999996521,0,0,1.211435341,1.563339504,-1.476659761,1.558557815,0.4940767541,-0.1303285593,-0.1814352027,-1.194250233,1.6493361,1.100168596,1.152263401,0.465338526,0.4500896152,-0.7728742606,-0.1407211584,0.004220939394,-0.04603806576,0.1775945183,0.6070894849,-0.1478868521,-0.5011715834,0.1276091182,0,-0.3680164299,-0.1756019412,0.6581161677,0.4931120101,-0.2630784964,0.007938991774,0.03787117735,0.007938991774,0.1000787355,0.224963018,0.014921261,0.002362204716,4.35100076e-08
1.64,-0.5000402609,-0.1179296653,-0.6343142757,0.002164007917,-0.04490615394,0.9989912098,0.002637792114,0.999996521,0,0,1.21002813,1.563381713,-1.477120142,1.56033376,0.5001476489,-0.1318074278,-0.1864469186,-1.192974141,1.6493361,1.096488432,1.150507382,0.4719196877,0.4550207353,-0.7755050456,-0.1388412108,0.004189268973,-0.04537565127,0.1765694409,0.6008658306,-0.1464130905,-0.4962604268,0.1256940241,0,-0.3641097315,-0.1726475747,0.6508341715,0.4877336535,-0.2603919118,0.007936435979,0.03788317682,0.007936435979,0.1000787355,0.2267480436,0.014921261,0.002362204716,4.35100076e-08
1.65,-0.5063502799,-0.1179071609,-0.627676834,0.002337193187,-0.04490615394,0.9989912098,0.002637792114,0.999996521,0,0,1.208639717,1.563423606,-1.477573898,1.562099455,0.5061563072,-0.1332715587,-0.1914095228,-1.191717201,1.6493361,1.092847335,1.148780906,0.4784280294,0.4598980718,-0.7781089647,-0.1397882917,0.005389966357,-0.04023071891,0.1722409216,0.5949628716,-0.136595451,-0.4930074397,0.1276522439,0,-0.3645887324,-0.1684989651,0.6468602228,0.4873390885,-0.2526720932,0.007933916908,0.03789612599,0.007933916908,0.1000787355,0.2285107207,0.014921261,0.002362204716,4.35100076e-08
1.66,-0.5125935463,-0.1178829149,-0.6209640078,0.002512345402,-0.04490615394,0.9989912098,0.002637792114,0.999996521,0,0,1.207241835,1.563477506,-1.477976205,1.563821864,0.512105936,-0.1346375132,-0.1963395972,-1.190440679,1.6493361,1.089201448,1.147095916,0.4848966316,0.4647714627,-0.7806356856,-0.1377344129,0.005299026441,-0.0397647926,0.1713482514,0.588580381,-0.1354815524,-0.4879137089,0.1255031484,2.220446049e-14,-0.3603637462,-0.1655274488,0.6392192697,0.4815936545,-0.2501750857,0.007931410955,0.03791022137,0.007931410955,0.1000787355,0.2302507945,0.014921261,0.002362204716,4.35100076e-08
1.67,-0.5187693145,-0.1178569076,-0.6141775063,0.002689419965,-0.04490615394,0.9989912098,0.002637792114,0.999996521,0,0,1.20586449,1.563530496,-1.478373853,1.565535347,0.5179917398,-0.1359923287,-0.2012187343,-1.189185647,1.6493361,1.08559781,1.145440642,0.4912888243,0.4695873993,-0.7831374365,-0.1362726516,0.005465885026,-0.03829898867,0.1697174416,0.5821741849,-0.1325332391,-0.4830891375,0.1241875726,-2.220446049e-14,-0.3570617197,-0.1622541282,0.6322735998,0.4768824019,-0.2465366959,0.007928943524,0.03792519548,0.007928943524,0.1000787355,0.2319680093,0.014921261,0.002362204716,4.351000737e-08
1.68,-0.5248768566,-0.1178291202,-0.6073190771,0.002868371278,-0.04490615394,0.9989912098,0.002637792114,0.999996521,0,0,1.204501764,1.563585155,-1.478756843,1.567232521,0.5238134816,-0.1373176611,-0.2060496257,-1.187943771,1.6493361,1.082027193,1.143818101,0.4976115603,0.4743562233,-0.7856028034,-0.1364603754,0.006336782187,-0.034116917,0.1660922403,0.5758231498,-0.1246064718,-0.4790857418,0.1251876932,0,-0.3563655336,-0.1582178554,0.6273846068,0.4751011818,-0.2398265912,0.007926509617,0.03794106146,0.007926509617,0.1000787355,0.2336621176,0.014921261,0.002362204716,4.35100076e-08
1.69,-0.5309154622,-0.1177995341,-0.6003905063,0.00304915274,-0.04490615394,0.9989912098,0.002637792114,0.999996521,0,0,1.20313716,1.563648523,-1.479098012,1.568893443,0.5295717131,-0.1385637258,-0.2108404831,-1.186691895,1.6493361,1.078463538,1.142235922,0.5038854064,0.4791072351,-0.7880010693,-0.1343142678,0.006228821172,-0.0336895627,0.165210637,0.5692395706,-0.123554446,-0.473829193,0.1229166634,0,-0.3519281033,-0.1551604372,0.6194152661,0.4691079352,-0.2373310283,0.007924095197,0.03795794605,0.007924095197,0.1000787355,0.2353328761,0.014921261,0.002362204716,4.35100076e-08
1.7,-0.536884439,-0.1177681312,-0.5933936182,0.003231716745,-0.04490615394,0.9989912098,0.002637792114,0.999996521,0,0,1.201794017,1.563710811,-1.479434908,1.57054555,0.5352641088,-0.1397992703,-0.2155787751,-1.185462728,1.6493361,1.074944256,1.140684318,0.5100795591,0.4837983145,-0.7903743796,-0.1329632681,0.006456908692,-0.03188816294,0.1633232653,0.5625940563,-0.1200306414,-0.4688811454,0.1217906694,0,-0.348768118,-0.1516932179,0.6124869689,0.4645320144,-0.2332671275,0.007921720483,0.03797559707,0.007921720483,0.1000787355,0.2369800539,0.014921261,0.002362204716,4.35100076e-08
1.71,-0.5427831131,-0.117734894,-0.5863302758,0.003416014689,-0.04490615394,0.9989912098,0.002637792114,0.999996521,0,0,1.200464385,1.56377538,-1.47975379,1.572178782,0.5408900494,-0.1409995767,-0.2202675865,-1.184244821,1.6493361,1.071456575,1.139167386,0.5162044288,0.4884436346,-0.7927070509,-0.1327070164,0.007144704494,-0.02820981264,0.1600647106,0.5558892169,-0.1131314211,-0.4643733176,0.12223874,0,-0.347371098,-0.1476781737,0.6070114568,0.461916639,-0.2270688504,0.007919378595,0.03799405713,0.007919378595,0.1000787355,0.238650011,0.014921261,0.002362204716,4.35100076e-08
1.72,-0.5486108294,-0.1176998053,-0.5792023804,0.003601996961,-0.04490615394,0.9989912098,0.002637792114,0.999996521,0,0,1.199137315,1.563846827,-1.480035888,1.573779429,0.5464489416,-0.1421308909,-0.2249113197,-1.183022434,1.6493361,1.067982864,1.137690604,0.5222745433,0.493062801,-0.7949777394,-0.1304724647,0.007019821007,-0.02782596734,0.1591993015,0.5491225114,-0.112149069,-0.4589681152,0.1198479354,0,-0.342727571,-0.1445440291,0.5987261444,0.4556866886,-0.2245860748,0.007917060105,0.03801341605,0.007917060105,0.1000787355,0.2403758214,0.014921261,0.002362204716,4.35100076e-08
1.73,-0.554366952,-0.1176628486,-0.5720118717,0.00378961295,-0.04490615394,0.9989912098,0.002637792114,0.999996521,0,0,1.19783259,1.563917025,-1.480314147,1.575371422,0.5519401667,-0.1432523816,-0.2295010008,-1.181823954,1.6493361,1.064555589,1.136245163,0.5282618048,0.4976196679,-0.7972236001,-0.128929572,0.007176930037,-0.02619444159,0.1574238089,0.5422450783,-0.1089702778,-0.4537673378,0.1184842548,0,-0.3392248167,-0.1410266104,0.5914237974,0.4507108591,-0.2206731759,0.007914782421,0.03803342353,0.007914782421,0.1000787355,0.2420263192,0.014921261,0.002362204716,4.35100076e-08
1.74,-0.5600508647,-0.1176240078,-0.5647607279,0.003978811042,-0.04490615394,0.9989912098,0.002637792114,0.999996521,0,0,1.196543294,1.563988794,-1.480576092,1.576945661,0.5573626175,-0.1443420844,-0.2340386742,-1.180639112,1.6493361,1.06116334,1.134834897,0.5341760427,0.5021267765,-0.7994303319,-0.1285266305,0.007794455487,-0.02252976191,0.1541689605,0.5352258101,-0.1022139816,-0.4489282562,0.1188100532,0,-0.3376103148,-0.1369028158,0.5857735073,0.4478166831,-0.2144408919,0.007912539342,0.03805412081,0.007912539342,0.1000787355,0.2439972341,0.014921261,0.002362204716,4.35100076e-08
1.75,-0.5656619711,-0.1175832673,-0.5574509654,0.00416953862,-0.04490615394,0.9989912098,0.002637792114,0.999996521,0,0,1.195258028,1.564066739,-1.48080139,1.57848735,0.5627148756,-0.1453642242,-0.2385279568,-1.179451011,1.6493361,1.057787237,1.133465869,0.5400337778,0.5066049433,-0.8015747408,-0.1262076622,0.007652773138,-0.02219425498,0.1533243995,0.5282954284,-0.1013083505,-0.4433896239,0.1163024202,0,-0.3327686359,-0.1337011793,0.5771866173,0.4413624973,-0.2119822494,0.007910320677,0.03807561821,0.007910320677,0.1000787355,0.247002874,0.014921261,0.002362204716,4.35100076e-08
1.76,-0.5711996954,-0.1175406121,-0.5500846395,0.004361742063,-0.04490615394,0.9989912098,0.002637792114,0.999996521,0,0,1.193995951,1.564143267,-1.481023332,1.580020594,0.5679978298,-0.1463773077,-0.242961853,-1.178287987,1.6493361,1.054459551,1.132128857,0.545805644,0.5110185683,-0.8036945633,-0.1241944055,0.00763118909,-0.02127777796,0.1520454541,0.521264429,-0.09939670364,-0.4378876555,0.114269749,-2.220446049e-14,-0.3284577344,-0.1303362583,0.5690676392,0.4354716276,-0.2088408695,0.007908143829,0.03809764186,0.007908143829,0.1000787355,0.2500143441,0.014921261,0.002362204716,4.35100076e-08
1.77,-0.5766634824,-0.1174960277,-0.5426638433,0.004555366751,-0.04490615394,0.9989912098,0.002637792114,0.999996521,0,0,1.192754007,1.564219579,-1.48123611,1.581541049,0.5732104741,-0.1473712747,-0.2473407296,-1.17714529,1.6493361,1.051174974,1.130825495,0.5514963204,0.5153732845,-0.805782972,-0.1239999789,0.008292219116,-0.01708918974,0.1482910283,0.5139153777,-0.09180672386,-0.4327506158,0.1150778054,2.220446049e-14,-0.3274754942,-0.126296288,0.5640787201,0.4330860907,-0.2018737183,0.007906005913,0.03812019199,0.007906005913,0.1000787355,0.2528240744,0.014921261,0.002362204716,4.351000782e-08
1.78,-0.5820527978,-0.1174495002,-0.5351907089,0.004750357059,-0.04490615394,0.9989912098,0.002637792114,0.999996521,0,0,1.191514007,1.564302501,-1.481407002,1.583023959,0.5783496279,-0.148289342,-0.2516682357,-1.175994512,1.6493361,1.047900219,1.129562532,0.5571371076,0.5197041455,-0.8078017092,-0.1216035295,0.008134281135,-0.01680640306,0.1474663031,0.5068429182,-0.09098177551,-0.4270919481,0.1124676343,0,-0.3224714622,-0.1230550649,0.5552360464,0.4264346553,-0.1994423886,0.007903889527,0.03814351378,0.007903889527,0.1000787355,0.2542168311,0.014921261,0.002362204716,4.35100076e-08
1.79,-0.5873671293,-0.1174010162,-0.5276674065,0.004946656358,-0.04490615394,0.9989912098,0.002637792114,0.999996521,0,0,1.190297972,1.564383844,-1.481575066,1.584498622,0.5834180571,-0.1491991597,-0.2559391552,-1.174869835,1.6493361,1.044675504,1.128331981,0.562689468,0.523968492,-0.8097961331,-0.1191927957,0.007975328291,-0.01652155636,0.1466360742,0.4997247868,-0.09015097786,-0.4213998588,0.1098387671,2.220446049e-14,-0.3174290599,-0.1197911608,0.546325788,0.4197382471,-0.1969994754,0.007901815836,0.03816724107,0.007901815836,0.1000787355,0.2556394726,0.014921261,0.002362204716,4.35100076e-08
1.8,-0.5926059861,-0.1173505629,-0.5200961448,0.00514420702,-0.04490615394,0.9989912098,0.002637792114,0.999996521,0,0,1.189106044,1.564463597,-1.481740281,1.585964983,0.588415305,-0.1501006695,-0.2601531538,-1.173771448,1.6493361,1.041501213,1.12713407,0.5681527259,0.5281658745,-0.8117661278,-0.1186827833,0.008520168903,-0.01261210373,0.1432037588,0.4920913686,-0.08322887727,-0.4159681882,0.1101831924,-2.220446049e-14,-0.3157111074,-0.11542171,0.5406838105,0.4166376261,-0.1903669054,0.007899784981,0.03819132719,0.007899784981,0.1000787355,0.2570941477,0.014921261,0.002362204716,4.351000737e-08
1.81,-0.5977688998,-0.1172981281,-0.5124791709,0.005342950413,-0.04490615394,0.9989912098,0.002637792114,0.999996521,0,0,1.187919216,1.564548799,-1.481866402,1.58739702,0.5933362186,-0.1509329583,-0.2643128357,-1.172669616,1.6493361,1.038344102,1.125979853,0.573559564,0.5323322507,-0.8136697969,-0.1165667339,0.008477105411,-0.01171585339,0.1419288186,0.4848099965,-0.08136638441,-0.4102633078,0.1080191071,0,-0.3111540405,-0.11193351,0.5321943941,0.4104657428,-0.1872073376,0.007897778658,0.03821602929,0.007897778658,0.1000787355,0.259629466,0.014921261,0.002362204716,4.35100076e-08
1.82,-0.6028554248,-0.1172437001,-0.5048187704,0.0055428269,-0.04490615394,0.9989912098,0.002637792114,0.999996521,0,0,1.186753549,1.56463357,-1.481983561,1.588816309,0.5981843186,-0.1517466221,-0.2684154688,-1.171589425,1.6493361,1.035232562,1.124860518,0.578881508,0.5364369082,-0.8155418703,-0.1140840543,0.008302649682,-0.01148846505,0.141129999,0.4775767339,-0.08062544426,-0.4044756868,0.1052848893,2.220446049e-14,-0.3059407138,-0.108626352,0.523028033,0.4035812236,-0.1848121664,0.007895812416,0.03824106531,0.007895812416,0.1000787355,0.2622584076,0.014921261,0.002362204716,4.35100076e-08
1.83,-0.6078651382,-0.117187268,-0.4971172672,0.005743775844,-0.04490615394,0.9989912098,0.002637792114,0.999996521,0,0,1.185612709,1.564716596,-1.482098446,1.590227609,0.6029600859,-0.1525528766,-0.2724602256,-1.170536576,1.6493361,1.032173155,1.123774254,0.5841117883,0.5404727204,-0.8173899919,-0.1124188114,0.008413667326,-0.009621574904,0.1391645039,0.4700205501,-0.07720685795,-0.3986987348,0.1038684375,-2.220446049e-14,-0.3021885976,-0.104800599,0.5153626529,0.3982606731,-0.180505398,0.007893889781,0.03826633432,0.007893889781,0.1000787355,0.2647752978,0.014921261,0.002362204716,4.351000737e-08
1.84,-0.612797641,-0.1171288212,-0.4893770238,0.005945735605,-0.04490615394,0.9989912098,0.002637792114,0.999996521,0,0,1.18448852,1.564800733,-1.482194661,1.591619254,0.6076602915,-0.1533249451,-0.276447213,-1.169497891,1.6493361,1.029151269,1.122726248,0.5892654148,0.5444553271,-0.8191950459,-0.1111679087,0.008670666684,-0.006913274351,0.1365991424,0.4622836305,-0.07241252532,-0.3929159792,0.1031196965,2.220446049e-14,-0.2991669881,-0.1007010552,0.5084332084,0.3937251286,-0.1752190673,0.007892002458,0.038271424,0.007892002458,0.1000787355,0.2667887684,0.014921261,0.002362204716,4.35100076e-08
1.85,-0.6176525576,-0.1170683501,-0.481600441,0.006148643541,-0.04490615394,0.9989912098,0.002637792114,0.999996521,0,0,1.183376841,1.564887439,-1.482263794,1.592985245,0.6122831278,-0.1540490704,-0.2803763728,-1.168466694,1.6493361,1.026159599,1.121719237,0.5943497469,0.5483925784,-0.8209472366,-0.1086191116,0.008482124593,-0.006747744207,0.1358354561,0.4549583813,-0.0717658362,-0.3870510413,0.1002858265,-2.220446049e-14,-0.2937958303,-0.09736203743,0.4990315366,0.3866700734,-0.1728824479,0.007890146292,0.03827104012,0.007890146292,0.1000787355,0.2681912493,0.014921261,0.002362204716,4.351000737e-08
1.86,-0.6224295368,-0.1170058454,-0.473789958,0.006352436006,-0.04490615394,0.9989912098,0.002637792114,0.999996521,0,0,1.18229065,1.564972261,-1.482331272,1.5943436,0.6168327116,-0.1547667288,-0.2842468832,-1.167463836,1.6493361,1.023221641,1.120745617,0.5993400623,0.5522592792,-0.8226760611,-0.1060606427,0.008292798902,-0.006581348605,0.1350685097,0.4476029016,-0.07111605494,-0.3811640965,0.09743886433,-2.220446049e-14,-0.2883978854,-0.09400797208,0.4895830237,0.3795843648,-0.1705393391,0.007888334412,0.03827066717,0.007888334412,0.1000787355,0.2696288518,0.014921261,0.002362204716,4.35100076e-08
1.87,-0.627128252,-0.1169412986,-0.4659480525,0.006557048352,-0.04490615394,0.9989912098,0.002637792114,0.999996521,0,0,1.181230044,1.565055189,-1.482397085,1.595694285,0.6213087406,-0.1554778893,-0.2880585241,-1.166489447,1.6493361,1.020337662,1.119805537,0.6042358925,0.5560551228,-0.8243814545,-0.1049321299,0.008570074171,-0.003460865838,0.1322155002,0.4395759157,-0.06577068513,-0.3751624451,0.09695798917,2.220446049e-14,-0.2856279675,-0.08971822237,0.4829922483,0.3752933061,-0.1647249018,0.00788656688,0.03827030516,0.00788656688,0.1000787355,0.2711031079,0.014921261,0.002362204716,4.351000782e-08
1.88,-0.6317484015,-0.1168747019,-0.4580772406,0.006762414928,-0.04490615394,0.9989912098,0.002637792114,0.999996521,0,0,1.180180722,1.565140889,-1.482431694,1.59701644,0.6257044997,-0.1561355962,-0.2918101486,-1.165519868,1.6493361,1.017481382,1.118908355,0.609065815,0.5598080559,-0.8260287035,-0.1028231629,0.008530546597,-0.002335172766,0.1307680087,0.4319590956,-0.06359280507,-0.3692063567,0.09485704142,0,-0.2810354243,-0.08603838072,0.4743876769,0.3690669445,-0.1612532425,0.007884828578,0.03826994529,0.007884828578,0.09909622841,0.2731064752,0.01565802472,0.002362204716,4.35100076e-08
1.89,-0.6362897089,-0.1168060481,-0.4501800769,0.006968469082,-0.04490615394,0.9989912098,0.002637792114,0.999996521,0,0,1.179152491,1.565226195,-1.482455045,1.59832412,0.6300240907,-0.1567715242,-0.2955022122,-1.164571297,1.6493361,1.014671028,1.118047971,0.6138096918,0.5634987253,-0.8276412359,-0.1002072652,0.008328107804,-0.002234147118,0.1300413477,0.4245426992,-0.06304165906,-0.3632663618,0.09191996779,0,-0.275499845,-0.08266693481,0.4647372519,0.361836597,-0.1589810264,0.007883129854,0.03826959357,0.007883129854,0.09779524145,0.2751830329,0.01657090222,0.002362204716,4.35100076e-08
1.9,-0.6407519238,-0.1167353305,-0.4422591543,0.007175143157,-0.04490615394,0.9989912098,0.002637792114,0.999996521,0,0,1.178150418,1.565309476,-1.482477387,1.599624533,0.6342695177,-0.1574019408,-0.2991348758,-1.163652097,1.6493361,1.011916029,1.117221302,0.6184570643,0.5671170913,-0.8292310462,-0.09758470562,0.008125094491,-0.002132698237,0.1293125872,0.4171056212,-0.06248863769,-0.3573114484,0.088973618,0,-0.2699452272,-0.07928512398,0.4550536293,0.3545848909,-0.1567049457,0.007881476007,0.03826925305,0.007881476007,0.09651691282,0.2771426642,0.01739363863,0.002362204716,4.35100076e-08
1.91,-0.6451348216,-0.1166625434,-0.4343171041,0.007382368496,-0.04490615394,0.9989912098,0.002637792114,0.999996521,0,0,1.177174571,1.565390727,-1.482498714,1.600917659,0.6384405739,-0.1580268272,-0.3027079903,-1.162762361,1.6493361,1.009216577,1.116428451,0.6230076006,0.5706629402,-0.8307980956,-0.0964539387,0.008367289625,0.00118361101,0.1263317758,0.4088144501,-0.0569810577,-0.3510687522,0.0885722014,0,-0.267206951,-0.07487067612,0.4485976022,0.3503071583,-0.1506175404,0.007879867048,0.03826892375,0.007879867048,0.09526130683,0.2789839961,0.018124937,0.002362204716,4.35100076e-08
1.92,-0.6494382044,-0.1165876815,-0.4263565962,0.007590075437,-0.04490615394,0.9989912098,0.002637792114,0.999996521,0,0,1.176210032,1.5654744,-1.482486878,1.602180977,0.6425287184,-0.1585966378,-0.3062186778,-1.161876639,1.6493361,1.006544508,1.115679744,0.6274935766,0.5741660118,-0.832304271,-0.09404879078,0.008231122357,0.001775005819,0.1252574839,0.4012172763,-0.05566997579,-0.3450479963,0.08599682529,0,-0.2620436242,-0.07131574188,0.4393388,0.3434739452,-0.1477635975,0.007878286305,0.03826859623,0.007878286305,0.09507874027,0.2810890461,0.01809662335,0.002362204716,4.35100076e-08
1.93,-0.653661901,-0.1165107405,-0.4183803387,0.007798193316,-0.04490615394,0.9989912098,0.002637792114,0.999996521,0,0,1.175269544,1.565556711,-1.482469128,1.603433552,0.6465408912,-0.1591533375,-0.3096691578,-1.161016671,1.6493361,1.003924071,1.114966587,0.6318869646,0.5776007512,-0.833781907,-0.091379113,0.008017090968,0.001807818432,0.124573098,0.3937523175,-0.05521866242,-0.3390656851,0.08297130519,0,-0.2563743825,-0.06793199726,0.4294903662,0.3361064561,-0.145570241,0.007876747955,0.03826827851,0.007876747955,0.09507874027,0.2832012788,0.01794274132,0.002362204716,4.35100076e-08
1.94,-0.6578057678,-0.1164317165,-0.4103910784,0.008006650469,-0.04490615394,0.9989912098,0.002637792114,0.999996521,0,0,1.174355753,1.565636882,-1.482451049,1.604679283,0.6504784143,-0.1597055241,-0.3130598146,-1.160186958,1.6493361,1.001360328,1.114287267,0.6361818683,0.5809618158,-0.8352376094,-0.08870606178,0.007802748209,0.001840772622,0.1238876934,0.3862767515,-0.05476646982,-0.3330759596,0.07994073991,0,-0.2506946065,-0.06454279825,0.4196235996,0.3287276776,-0.1433754808,0.007875254875,0.03826797224,0.007875254875,0.09507874027,0.2852594407,0.01778469343,0.002362204716,4.35100076e-08
1.95,-0.6618696885,-0.1163506066,-0.4023916004,0.008215374226,-0.04490615394,0.9989912098,0.002637792114,0.999996521,0,0,1.173468692,1.565714909,-1.482432642,1.60591816,0.6543411819,-0.1602531888,-0.3163905742,-1.159387551,1.6493361,0.9988533815,1.113641839,0.6403781043,0.5842490926,-0.8366713642,-0.08707699945,0.007871818892,0.00421730086,0.1215742495,0.3780862947,-0.05081429356,-0.326760992,0.07874818851,0,-0.2470378687,-0.06038916647,0.4121926518,0.3234702722,-0.138374897,0.007873807026,0.0382676774,0.007873807026,0.09507874027,0.2872634532,0.0176224736,0.002362204716,4.35100076e-08
1.96,-0.6658535751,-0.1162674084,-0.394384728,0.008424290915,-0.04490615394,0.9989912098,0.002637792114,0.999996521,0,0,1.172597922,1.565793628,-1.482390469,1.607133902,0.6581220448,-0.1607613318,-0.3196581841,-1.158600069,1.6493361,0.9963830028,1.113037947,0.6445000308,0.5874837953,-0.8380551132,-0.08490836926,0.007794448469,0.00538835008,0.12009788,0.3702549161,-0.04866090096,-0.3206072697,0.07660315019,0,-0.2423225772,-0.05662400579,0.4034754023,0.3171092327,-0.1348246258,0.007872392091,0.03826738719,0.007872392091,0.09507874027,0.2895949594,0.01782729253,0.002362204716,4.35100076e-08
1.97,-0.669757368,-0.1161821204,-0.3863733233,0.008633325864,-0.04490615394,0.9989912098,0.002637792114,0.999996521,0,0,1.171748838,1.565871572,-1.482336585,1.608334881,0.661824594,-0.1612479408,-0.3228642568,-1.157834037,1.6493361,0.9939597771,1.112471707,0.6485347848,0.5906548876,-0.8394033594,-0.0821993204,0.007570611052,0.005350695741,0.1194606867,0.3627855929,-0.0483119719,-0.3146170246,0.07350601036,2.220446049e-14,-0.236554322,-0.05324940611,0.3934847958,0.3096459125,-0.1327230365,0.007871016346,0.03826710511,0.007871016346,0.09507874027,0.2919936412,0.01827194458,0.002362204716,4.35100076e-08
1.98,-0.6735810362,-0.1160947417,-0.3783602866,0.008842403395,-0.04490615394,0.9989912098,0.002637792114,0.999996521,0,0,1.170926845,1.565947278,-1.482283078,1.609529488,0.6654524499,-0.1617310605,-0.3260104271,-1.157098977,1.6493361,0.9915942338,1.111939213,0.6524696328,0.5937513467,-0.8407305898,-0.07949046977,0.007346767383,0.005313089215,0.1188234697,0.355316243,-0.04796291767,-0.3086272905,0.07040848007,-2.220446049e-14,-0.2307847841,-0.04987447581,0.3834919325,0.3021821488,-0.1306223204,0.007869686046,0.03826683465,0.007869686046,0.09507874027,0.2942491948,0.01877831865,0.002362204716,4.351000737e-08
1.99,-0.6773245781,-0.1160052724,-0.3703485567,0.00905144683,-0.04490615394,0.9989912098,0.002637792114,0.999996521,0,0,1.170131941,1.566020746,-1.482229947,1.610717722,0.6690056123,-0.1622106897,-0.3290967,-1.156394892,1.6493361,0.989286386,1.111440468,0.6563045521,0.5967731682,-0.842036813,-0.07690254377,0.007152078885,0.005556024475,0.1179931322,0.3477536816,-0.04720876241,-0.3025880516,0.06752899901,2.220446049e-14,-0.2252546017,-0.04640814466,0.3738029647,0.2949692599,-0.1281828405,0.007868401099,0.03826657577,0.007868401099,0.09507874027,0.2963612776,0.0193467557,0.002362204716,4.35100076e-08
2,-0.6809880216,-0.1159137132,-0.3623411107,0.009260378487,-0.04490615394,0.9989912098,0.002637792114,0.999996521,0,0,1.169362915,1.566092267,-1.482174387,1.611897654,0.6724831491,-0.1626827773,-0.3321225805,-1.155719602,1.6493361,0.98703384,1.110976387,0.6600425817,0.5997228608,-0.8433186414,-0.07546486635,0.007236358898,0.008487551869,0.1153104911,0.3392777105,-0.04257070189,-0.2960544775,0.06673212398,-2.220446049e-14,-0.2220060217,-0.04205846111,0.3670039532,0.2901423229,-0.1224898954,0.007867159921,0.03826632766,0.007867159921,0.09507874027,0.2983535266,0.01992125995,0.002362204716,4.351000737e-08
2.01,-0.6845714246,-0.1158200655,-0.3543409643,0.009469119682,-0.04490615394,0.9989912098,0.002637792114,0.999996521,0,0,1.168608266,1.56616463,-1.482089512,1.613050759,0.6758759262,-0.1631084843,-0.3350831253,-1.155052281,1.6493361,0.9848137798,1.110555802,0.6637126213,0.602624284,-0.8445435404,-0.07273131009,0.007005666479,0.008377781297,0.1147251655,0.3318502971,-0.04232511535,-0.290092236,0.06358212898,0,-0.2161761927,-0.03871399,0.3569328388,0.2826282829,-0.1204923755,0.007865948221,0.03826608264,0.007865948221,0.09507874027,0.3005379261,0.01992125995,0.002362204716,4.35100076e-08
2.02,-0.6880748754,-0.1157243317,-0.3463511716,0.009677590727,-0.04490615394,0.9989912098,0.002637792114,0.999996521,0,0,1.167880953,1.566234687,-1.482005734,1.61419801,0.6791944292,-0.1635317355,-0.3379840476,-1.15441646,1.6493361,0.9826520178,1.110168662,0.6672819497,0.6054505669,-0.8457484641,-0.07000181816,0.006775317334,0.008268173452,0.114140711,0.3244339339,-0.04207989579,-0.2841388583,0.06043682525,-2.220446049e-14,-0.2103550532,-0.03537449861,0.3468767362,0.2751254271,-0.1184978161,0.007864781952,0.03826584934,0.007864781952,0.09507874027,0.3027264273,0.01992125995,0.002362204716,4.35100076e-08
2.03,-0.6914984928,-0.1156265148,-0.3383748249,0.009885710935,-0.04490615394,0.9989912098,0.002637792114,0.999996521,0,0,1.167180935,1.56630244,-1.481923052,1.615339417,0.6824387686,-0.1639525344,-0.3408254362,-1.153812092,1.6493361,0.9805484673,1.109814917,0.670750717,0.6082018211,-0.8469334423,-0.06727739156,0.006545401448,0.008158758844,0.1135573573,0.3170314791,-0.04183516994,-0.2781965078,0.05729752224,2.220446049e-14,-0.2045451701,-0.03204135345,0.3368400925,0.2676367536,-0.1165067576,0.007863660969,0.03826562773,0.007863660969,0.09507874027,0.30491902,0.01992125995,0.002362204716,4.351000782e-08
2.04,-0.6948424271,-0.1155266189,-0.3304150553,0.01009339861,-0.04490615394,0.9989912098,0.002637792114,0.999996521,0,0,1.166508161,1.566367894,-1.481841464,1.616474991,0.6856090833,-0.1643708861,-0.3436074013,-1.153239116,1.6493361,0.9785030156,1.109494504,0.6741191179,0.6108781887,-0.8480985099,-0.06455904539,0.006316009909,0.008049568688,0.1129753371,0.3096458272,-0.04159106527,-0.2722673789,0.05416554328,0,-0.198749134,-0.02871593614,0.3268273953,0.2601652953,-0.1145197539,0.007862585111,0.03826541776,0.007862585111,0.09507874027,0.3071156083,0.01992125995,0.002362204716,4.35100076e-08
2.05,-0.6981068598,-0.1154246486,-0.322475032,0.01030057106,-0.04490615394,0.9989912098,0.002637792114,0.999996521,0,0,1.165862571,1.566431054,-1.481760969,1.617604744,0.6887055416,-0.1647867968,-0.3463300751,-1.152697461,1.6493361,0.9765155243,1.109207344,0.6773873919,0.6134798416,-0.8492437074,-0.06303866002,0.006331681121,0.01085384274,0.1104046178,0.3011681965,-0.03728345635,-0.2656758396,0.05327295564,0,-0.1953914433,-0.02442191444,0.3200559555,0.2552314944,-0.1089683005,0.007861554208,0.03826521938,0.007861554208,0.09507874027,0.3093160119,0.01992125995,0.002362204716,4.35100076e-08
2.06,-0.7012920043,-0.1153206095,-0.3145579629,0.01050714459,-0.04490615394,0.9989912098,0.002637792114,0.999996521,0,0,1.165232184,1.566494371,-1.48165243,1.618708791,0.6917172236,-0.1651596313,-0.3489868335,-1.152164731,1.6493361,0.9745616098,1.108963125,0.6805879514,0.6160321566,-0.8503333904,-0.06031562723,0.006099083015,0.010695869,0.1098601042,0.2938447593,-0.03710842087,-0.2597915165,0.05011941871,0,-0.1895802972,-0.02113283505,0.3100300778,0.2477588566,-0.1070620837,0.007860552313,0.03826502437,0.007860552313,0.09507874027,0.3117521552,0.01992125995,0.002362204716,4.35100076e-08
2.07,-0.7043981064,-0.115214508,-0.306667094,0.0107130345,-0.04490615394,0.9989912098,0.002637792114,0.999996521,0,0,1.164629028,1.566555362,-1.481545472,1.619807392,0.6946556712,-0.1655307156,-0.3515847486,-1.151663537,1.6493361,0.9726658069,1.108751797,0.6836882522,0.6185097451,-0.8514040112,-0.05759243516,0.005865367758,0.010515296,0.1093332964,0.2865557688,-0.03696637805,-0.2539325209,0.04695971736,0,-0.1837718957,-0.01786340979,0.3000166617,0.2402929446,-0.1051896972,0.007859595266,0.03826484101,0.007859595266,0.09507874027,0.3140351743,0.01992125995,0.002362204716,4.35100076e-08
2.08,-0.7074254444,-0.1151063513,-0.2988057099,0.01091815509,-0.04490615394,0.9989912098,0.002637792114,0.999996521,0,0,1.164053104,1.566614015,-1.481440319,1.620900725,0.6975212289,-0.1659003793,-0.3541240738,-1.15119394,1.6493361,0.9708280879,1.108573163,0.6866884188,0.6209126746,-0.8524559082,-0.05488361115,0.005632335828,0.01033611105,0.108796859,0.2792973442,-0.03681931363,-0.2480909033,0.04382960761,2.220446049e-14,-0.1780280345,-0.01463829037,0.290090229,0.2328792519,-0.1033104854,0.007858682974,0.0382646693,0.007858682974,0.09507874027,0.3161635828,0.01992125995,0.002362204716,4.35100076e-08
2.09,-0.7103743299,-0.1149961477,-0.2909771337,0.01112241964,-0.04490615394,0.9989912098,0.002637792114,0.999996521,0,0,1.163504267,1.566670339,-1.481336958,1.621988693,0.7003142023,-0.1662685725,-0.3566049829,-1.150755644,1.6493361,0.9690478076,1.10842678,0.6895893211,0.6232414671,-0.8534890131,-0.05229428062,0.005393793307,0.01017801163,0.1079449827,0.2721235233,-0.03651708716,-0.2421415973,0.04116657163,-2.220446049e-14,-0.1733997736,-0.01227079323,0.2814224327,0.2261046797,-0.1010869332,0.007857815125,0.0382645091,0.007857815125,0.09507874027,0.3181438862,0.01991895963,0.002362204716,4.351000737e-08
2.1,-0.7132451077,-0.1148839061,-0.2831847269,0.01132574046,-0.04490615394,0.9989912098,0.002637792114,0.999996521,0,0,1.162981325,1.566724277,-1.481235177,1.623068143,0.7030354375,-0.1666337433,-0.3590263988,-1.150343978,1.6493361,0.9673138098,1.108304072,0.6924035455,0.6255025139,-0.8544998824,-0.04977431134,0.005192872043,0.01042390804,0.1071320297,0.2647538799,-0.03580448482,-0.2362366236,0.03838303303,2.220446049e-14,-0.168055362,-0.008920614671,0.2720779206,0.219110918,-0.09869247032,0.007856989318,0.03826435871,0.007856989318,0.09507874027,0.3201621683,0.0198901275,0.002362204716,4.35100076e-08
2.11,-0.7160381563,-0.1147696363,-0.2754318893,0.01152802883,-0.04490615394,0.9989912098,0.002637792114,0.999996521,0,0,1.162483582,1.566776205,-1.481130938,1.624139463,0.7056829763,-0.1669917882,-0.3613887651,-1.149960148,1.6493361,0.9656332562,1.108214866,0.6951243247,0.6276936231,-0.8554868071,-0.04793194854,0.005111646941,0.01236455507,0.105172352,0.2567137892,-0.032807578,-0.2298931844,0.03689384957,-2.220446049e-14,-0.1641127834,-0.005010426043,0.2646973998,0.2135833919,-0.09420409544,0.007856205177,0.03826421854,0.007856205177,0.09507874027,0.3215866007,0.01992125995,0.002362204716,4.351000737e-08
2.12,-0.7187538888,-0.1146533493,-0.2677220592,0.01172919504,-0.04490615394,0.9989912098,0.002637792114,0.999996521,0,0,1.162004262,1.566827322,-1.481007293,1.625191187,0.7082501142,-0.167319864,-0.3636876969,-1.149591209,1.6493361,0.9639921284,1.108164761,0.6977712987,0.629829457,-0.8564288481,-0.04524628216,0.004878413344,0.01211664796,0.1047018536,0.2496310581,-0.03276384655,-0.2241864663,0.03377010381,0,-0.1584259323,-0.001865642131,0.2548911391,0.2062529415,-0.09245259452,0.007855453232,0.03826408386,0.007855453232,0.09507874027,0.3203434538,0.01992125995,0.002362204716,4.35100076e-08
2.13,-0.7213927525,-0.1145350565,-0.2600587133,0.01192914838,-0.04490615394,0.9989912098,0.002637792114,0.999996521,0,0,1.161551799,1.566876106,-1.480886126,1.626238205,0.7107464248,-0.1676475024,-0.3659295616,-1.149253508,1.6493361,0.962407869,1.108146105,0.7003202101,0.6318919864,-0.857353374,-0.04257682367,0.004646649465,0.01187016498,0.1042343159,0.2425924251,-0.03272072967,-0.2185139725,0.03066680117,0,-0.1527777915,0.001258785295,0.2451519219,0.1989692329,-0.09070955123,0.007854745089,0.03826396063,0.007854745089,0.09507874027,0.3191143055,0.01992125995,0.002362204716,4.35100076e-08
2.14,-0.7239552297,-0.1144147706,-0.2524453668,0.01212779713,-0.04490615394,0.9989912098,0.002637792114,0.999996521,0,0,1.161126031,1.566922573,-1.480767425,1.627280549,0.7131723491,-0.1679747097,-0.3681147013,-1.14894684,1.6493361,0.9608800911,1.108158693,0.7027717293,0.6338816788,-0.8582604695,-0.03992476262,0.004416462971,0.01162521088,0.1037699557,0.2356011223,-0.03267827133,-0.2128782156,0.02758543687,2.220446049e-14,-0.1471711878,0.00436136669,0.2354846434,0.1917356886,-0.08897559315,0.007854080437,0.03826384876,0.007854080437,0.09507874027,0.3178990679,0.01992125995,0.002362204716,4.35100076e-08
2.15,-0.7264418383,-0.1142925052,-0.2448855732,0.01232504856,-0.04490615394,0.9989912098,0.002637792114,0.999996521,0,0,1.160726783,1.566966737,-1.480651173,1.628318248,0.7155283603,-0.1683014925,-0.3702434835,-1.148670986,1.6493361,0.9594083792,1.108202306,0.7051265757,0.6357990356,-0.8591502255,-0.03729130488,0.004187962663,0.01138189224,0.1033089924,0.2286604186,-0.0326365142,-0.2072817438,0.02452751796,0,-0.1416089629,0.007440599575,0.2258942229,0.1845557642,-0.08725136797,0.007853458949,0.03826374817,0.007853458949,0.09507874027,0.3166976467,0.01992125995,0.002362204716,4.351000737e-08
2.16,-0.7288531317,-0.1141682746,-0.2373829246,0.01252080896,-0.04490615394,0.9989912098,0.002637792114,0.999996521,0,0,1.16035387,1.567008617,-1.480537354,1.629351338,0.7178149645,-0.1686278576,-0.3723163009,-1.148425711,1.6493361,0.9579922896,1.108276712,0.7073855179,0.6376445933,-0.8600227391,-0.0346776728,0.003961258484,0.01114031752,0.1028516474,0.2217736202,-0.03259549952,-0.2017271414,0.02149456311,-6.661338148e-14,-0.1360939725,0.01049496871,0.2163856024,0.1774329486,-0.08553754423,0.00785288028,0.03826365875,0.00785288028,0.09507874027,0.3155099412,0.01992125995,0.002362204716,4.351000737e-08
2.17,-0.7311896994,-0.1140420943,-0.2299410514,0.01271498359,-0.04490615394,0.9989912098,0.002637792114,0.999996521,0,0,1.160007094,1.567048229,-1.480425951,1.630379854,0.7200327007,-0.1689538126,-0.3743335723,-1.148210765,1.6493361,0.9566313499,1.108381662,0.709549374,0.6394189228,-0.8608781146,-0.0322323602,0.003756234709,0.01129364153,0.1021330239,0.2147650489,-0.03204441956,-0.1960916197,0.01878132467,4.440892099e-14,-0.1309403655,0.0136590989,0.2074178165,0.1706938968,-0.08334084401,0.00785234407,0.0382635804,0.00785234407,0.09507874027,0.314335844,0.01992125995,0.002362204716,4.351000804e-08
2.18,-0.7334521675,-0.1139139806,-0.2225636223,0.01290747674,-0.04490615394,0.9989912098,0.002637792114,0.999996521,0,0,1.15968477,1.567085792,-1.480313014,1.631401185,0.7221803512,-0.1692742568,-0.3762944885,-1.148022952,1.6493361,0.9553219462,1.108518253,0.7116235521,0.6411258617,-0.861711523,-0.03029456222,0.003618344393,0.01274333777,0.1005455068,0.2072279503,-0.02981091063,-0.1900902211,0.01706023648,0,-0.1268599019,0.01724365402,0.2000265135,0.1650821517,-0.0795348824,0.007851847743,0.03826351196,0.007851847743,0.09496026207,0.313175241,0.01992125995,0.002362204716,4.35100076e-08
2.19,-0.735641199,-0.1137839507,-0.2152543448,0.01309819166,-0.04490615394,0.9989912098,0.002637792114,0.999996521,0,0,1.159381824,1.567121975,-1.480185581,1.63240664,0.7242526307,-0.1695723659,-0.3781953907,-1.14785235,1.6493361,0.9540533472,1.10869069,0.7136238173,0.6427766833,-0.8625068718,-0.02772246901,0.003394221959,0.01243869059,0.1001471501,0.2005551735,-0.0298605392,-0.1846990799,0.01405738276,0,-0.1214410311,0.02019026965,0.19069587,0.1580934877,-0.07795261514,0.007851383658,0.03826344981,0.007851383658,0.09433315161,0.3120280116,0.01992125995,0.002362204716,4.35100076e-08
2.2,-0.7377574941,-0.113652023,-0.2080169645,0.01328703064,-0.04490615394,0.9989912098,0.002637792114,0.999996521,0,0,1.1591046,1.567155917,-1.480061194,1.633408111,0.7262581824,-0.1698709713,-0.3800423815,-1.147711776,1.6493361,0.9528389369,1.108892592,0.715530776,0.6443576181,-0.863286398,-0.02517550874,0.003172382028,0.01213693725,0.09975284336,0.1939495616,-0.02991019715,-0.1793602935,0.01108627474,0,-0.1160817361,0.02310607943,0.1814683183,0.1511768388,-0.07638249078,0.007850961234,0.0382633986,0.007850961234,0.09372687857,0.3108940282,0.01992125995,0.002362204716,4.35100076e-08
2.21,-0.7398017905,-0.1135182167,-0.2008552654,0.01347389492,-0.04490615394,0.9989912098,0.002637792114,0.999996521,0,0,1.158852845,1.567187641,-1.479939824,1.63440564,0.728197678,-0.1701700733,-0.3818359845,-1.147600913,1.6493361,0.9516781195,1.109123653,0.7173454591,0.6458693865,-0.8640502229,-0.0226550021,0.002952942017,0.01183823207,0.09936279515,0.1874145905,-0.02995987199,-0.1740766218,0.008148515042,0,-0.1107849668,0.02598951948,0.1723489505,0.1443358877,-0.07482523785,0.007850580039,0.03826335822,0.007850580039,0.09314123157,0.3097731564,0.01992125995,0.002362204716,4.35100076e-08
2.22,-0.7417748644,-0.113382552,-0.1937730703,0.01365868477,-0.04490615394,0.9989912098,0.002637792114,0.999996521,0,0,1.158626295,1.567217171,-1.479821442,1.635399268,0.7300718239,-0.170469672,-0.3835767507,-1.147519428,1.6493361,0.9505702699,1.109383548,0.7190689487,0.6473127454,-0.8647984753,-0.02016228751,0.00273602049,0.01154273185,0.09897721605,0.1809537736,-0.03000954867,-0.1688508635,0.005245716584,2.220446049e-14,-0.1055536817,0.02883901434,0.1633428714,0.1375743491,-0.07328161028,0.007850239619,0.03826332854,0.007850239619,0.09257598834,0.3086652551,0.01992125995,0.002362204716,4.35100076e-08
2.23,-0.7436775298,-0.1132450502,-0.1867742399,0.01384129946,-0.04490615394,0.9989912098,0.002637792114,0.999996521,0,0,1.158424672,1.567244531,-1.479706015,1.63638904,0.7318813617,-0.1707697675,-0.3852652593,-1.147466971,1.6493361,0.9495147331,1.109671939,0.7207023774,0.6486884889,-0.8655312914,-0.01769872136,0.002521737153,0.01125059588,0.0985963187,0.1745706619,-0.03005920944,-0.1636858562,0.002379502317,-2.220446049e-14,-0.1003908472,0.03165297711,0.1544551971,0.1308959695,-0.07175238804,0.007849939502,0.03826330944,0.007849939502,0.09203091559,0.3075701757,0.01992125995,0.002362204716,4.351000737e-08
2.24,-0.74551064,-0.1131057336,-0.1798626738,0.01402163723,-0.04490615394,0.9989912098,0.002637792114,0.999996521,0,0,1.158247684,1.567269748,-1.479593509,1.637375003,0.7336270683,-0.1710703596,-0.3869021179,-1.147443176,1.6493361,0.9485108246,1.109988468,0.7222469293,0.6499974486,-0.8662488153,-0.01526567813,0.002310212854,0.01096198598,0.09822031782,0.1682688442,-0.03010883381,-0.158584477,-0.0004484949917,-2.220446049e-14,-0.09529943634,0.03442980963,0.145691053,0.124304527,-0.07023837787,0.0078496792,0.03826330077,0.0078496792,0.09150576892,0.3064877631,0.01992125995,0.002362204716,4.35100076e-08
2.25,-0.7472750873,-0.1129646254,-0.1730423098,0.01419959534,-0.04490615394,0.9989912098,0.002637792114,0.999996521,0,0,1.158095028,1.56729285,-1.479483889,1.638357206,0.7353097567,-0.1713714479,-0.3884879626,-1.147447661,1.6493361,0.9475578302,1.110332766,0.7237038399,0.6512404939,-0.866951199,-0.01286455056,0.002101569582,0.01067706656,0.09784943018,0.162051947,-0.0301583984,-0.1535496431,-0.003236632987,4.440892099e-14,-0.09028242853,0.03716790267,0.1370555725,0.1178038314,-0.06874041399,0.007849458201,0.03826330241,0.007849458201,0.09100029272,0.3054178547,0.01992125995,0.002362204716,4.351000782e-08
2.26,-0.7489718035,-0.11282175,-0.166317124,0.01437507004,-0.04490615394,0.9989912098,0.002637792114,0.999996521,0,0,1.157966382,1.567313866,-1.479377118,1.6393357,0.7369302762,-0.1716730319,-0.3900234591,-1.147480027,1.6493361,0.9466550059,1.110704445,0.7250743956,0.6524185322,-0.8676386032,-0.01053470782,0.001899676984,0.01050202619,0.09741303465,0.1558716961,-0.03007514716,-0.148546272,-0.005905442163,-2.220446049e-14,-0.08542364737,0.03990285424,0.1286772642,0.1114825653,-0.06712514236,0.007849275977,0.03826331419,0.007849275977,0.09051422001,0.3043602807,0.01992125995,0.002362204716,4.351000737e-08
2.27,-0.7506017604,-0.1126771326,-0.1596911312,0.01454795658,-0.04490615394,0.9989912098,0.002637792114,0.999996521,0,0,1.157861035,1.567332863,-1.479272098,1.640309831,0.7384889931,-0.1719737833,-0.3915089218,-1.147539081,1.6493361,0.9458007695,1.111103474,0.7263611682,0.6535333578,-0.8683098546,-0.008704290853,0.001746830218,0.01162858826,0.09611530836,0.1491482661,-0.02836669426,-0.1431498164,-0.007579737186,0,-0.08163094926,0.04305129744,0.1219395761,0.1062974326,-0.06388952667,0.007849131378,0.0382633357,0.007849131378,0.09007874504,0.3033148642,0.01992125995,0.002362204716,4.35100076e-08
2.28,-0.7521659703,-0.1125307998,-0.1531683845,0.01471814921,-0.04490615394,0.9989912098,0.002637792114,0.999996521,0,0,1.157773992,1.567350331,-1.479155812,1.641270984,0.7399804758,-0.1722574503,-0.39294042,-1.147614879,1.6493361,0.94498446,1.111533987,0.727580564,0.6545963321,-0.8689487499,-0.006504043675,0.001537561482,0.01131757727,0.09546002663,0.1433021169,-0.0283309363,-0.138208948,-0.009772063677,0,-0.07806166319,0.04471144339,0.1150635076,0.1007174929,-0.06209762979,0.007849016482,0.0382633633,0.007849016482,0.09007874504,0.3022814183,0.01992125995,0.002362204716,4.35100076e-08
2.29,-0.7536654859,-0.112382779,-0.1467529753,0.01488554117,-0.04490615394,0.9989912098,0.002637792114,0.999996521,0,0,1.157708952,1.567365707,-1.479042636,1.642225584,0.741413497,-0.1725407597,-0.3943225094,-1.147712599,1.6493361,0.9442038433,1.111981101,0.7287311991,0.6556035071,-0.8695697262,-0.004256213159,0.001337331972,0.01099464249,0.09505829202,0.1375100847,-0.02841160247,-0.1334518151,-0.01228548978,-2.220446049e-14,-0.07367889776,0.0469975115,0.1073197446,0.09475775002,-0.06063252332,0.00784893662,0.0382633989,0.00784893662,0.09007874504,0.301025311,0.01992125995,0.002362204716,4.35100076e-08
2.3,-0.7551014013,-0.1122330987,-0.1404490337,0.0150500247,-0.04490615394,0.9989912098,0.002637792114,0.999996521,0,0,1.15766639,1.56737908,-1.47893269,1.643176167,0.7427885978,-0.1728248757,-0.3956570276,-1.147835454,1.6493361,0.9434670544,1.112451076,0.7298043965,0.6565510846,-0.8701760514,-0.002016717861,0.001142721436,0.01067100889,0.0947522498,0.1318045911,-0.02853335285,-0.1288144048,-0.01488477808,2.220446049e-14,-0.06905576175,0.04948151273,0.09935726294,0.08873142805,-0.05930020885,0.007848892891,0.03826344365,0.007848892891,0.09007874504,0.2997158676,0.01992125995,0.002362204716,4.351000782e-08
2.31,-0.756474852,-0.1120817886,-0.134260728,0.01521149104,-0.04490615394,0.9989912098,0.002637792114,0.999996521,0,0,1.157646222,1.567390507,-1.47882598,1.64412369,0.7441066437,-0.1731102092,-0.3969451716,-1.147984302,1.6493361,0.9427764968,1.112945892,0.7307979691,0.6574383989,-0.8707690535,0.0001817595693,0.0009517899794,0.0103532264,0.09445197233,0.1262059691,-0.02865347267,-0.1242615367,-0.0174335515,0,-0.06452524675,0.05191762951,0.09155514514,0.08282002848,-0.05798814812,0.007848885278,0.03826349788,0.007848885278,0.09007874504,0.2984145402,0.01992125995,0.002362204716,4.35100076e-08
2.32,-0.7577870154,-0.1119288793,-0.128192265,0.01536983042,-0.04490615394,0.9989912098,0.002637792114,0.999996521,0,0,1.15764804,1.567400025,-1.478722448,1.645068209,0.7453687034,-0.1733967439,-0.398187787,-1.148158637,1.6493361,0.9421312443,1.113465068,0.7317135206,0.6582665991,-0.871348935,0.002337680476,0.0007646690471,0.0100415189,0.09415766674,0.1207180919,-0.02877186645,-0.1197964048,-0.01993008152,0,-0.06009037235,0.0543042023,0.08391857533,0.07702760202,-0.05669733837,0.007848913121,0.03826356141,0.007848913121,0.09007874504,0.297121176,0.01992125995,0.002362204716,4.35100076e-08
2.33,-0.759039111,-0.1117744027,-0.1222478899,0.01552493207,-0.04490615394,0.9989912098,0.002637792114,0.999996521,0,0,1.157671417,1.567407672,-1.478622032,1.646009786,0.7465758843,-0.1736844626,-0.3993857511,-1.148357938,1.6493361,0.9415303406,1.11400811,0.7325527064,0.6590368752,-0.8719159084,0.00444948651,0.0005814912279,0.009736113469,0.09386954204,0.1153448711,-0.02888843467,-0.1154222459,-0.02237263122,0,-0.05575415938,0.05663956161,0.07645273552,0.07135822983,-0.05542880913,0.007848975732,0.03826363404,0.007848975732,0.09007874504,0.2958356165,0.01992125995,0.002362204716,4.35100076e-08
2.34,-0.7602324011,-0.1116183918,-0.1164318863,0.01567668424,-0.04490615394,0.9989912098,0.002637792114,0.999996521,0,0,1.157715912,1.567413487,-1.478524671,1.646948481,0.7477293331,-0.1739733469,-0.4005399735,-1.148581665,1.6493361,0.940972799,1.114574506,0.7333172337,0.6597504575,-0.8724701964,0.006515599492,0.0004023902519,0.009437240447,0.09358780916,0.1100902567,-0.02900307369,-0.1111423396,-0.02475945541,2.220446049e-14,-0.05151962929,0.05892202801,0.06916280455,0.06581602335,-0.05418362274,0.007849072405,0.0382637156,0.007849072405,0.09007874504,0.2945576976,0.01992125995,0.002362204716,4.35100076e-08
2.35,-0.761368191,-0.1114608806,-0.1107485764,0.01582497414,-0.04490615394,0.9989912098,0.002637792114,0.999996521,0,0,1.157781068,1.567417511,-1.478430299,1.647884359,0.7488302356,-0.1742633777,-0.4016513969,-1.148829259,1.6493361,0.9404576027,1.115163726,0.7340088618,0.6604086177,-0.8730120327,0.008534421294,0.0002275009892,0.009145133456,0.09331268093,0.1049582375,-0.02911567569,-0.1069600091,-0.02708880078,-2.220446049e-14,-0.0473898036,0.06114991237,0.062053957,0.06040512419,-0.05296287491,0.007849202406,0.03826380588,0.007849202406,0.09007874504,0.2932872498,0.01992125995,0.002362204716,4.351000737e-08
2.36,-0.7624478294,-0.1113019043,-0.1052023206,0.015969688,-0.04490615394,0.9989912098,0.002637792114,0.999996521,0,0,1.157866412,1.567419786,-1.478338848,1.648817486,0.749879818,-0.1745545344,-0.402720997,-1.149100147,1.6493361,0.9399837046,1.115775225,0.7346294013,0.6610126689,-0.8735416614,0.01050433371,5.695944918e-05,0.008860029419,0.09304437208,0.09995284071,-0.02922612859,-0.1028786211,-0.02935890607,0,-0.04336770334,0.06332151584,0.05513136217,0.05512970398,-0.05176769519,0.007849364979,0.03826390468,0.007849364979,0.09007874504,0.2920240978,0.01992125995,0.002362204716,4.35100076e-08
2.37,-0.7634727089,-0.1111414991,-0.09979751791,0.01611071104,-0.04490615394,0.9989912098,0.002637792114,0.999996521,0,0,1.157971455,1.567420355,-1.478250247,1.64974793,0.7508793464,-0.1748467957,-0.4037497832,-1.149393736,1.6493361,0.9395500276,1.11640844,0.7351807149,0.661563966,-0.8740593384,0.01242369837,-0.0001090972204,0.008582168586,0.09278309923,0.09507813222,-0.02933431599,-0.09890158638,-0.0315680022,0,-0.03945634854,0.06543513004,0.04840018314,0.04999396424,-0.05059924739,0.007849559342,0.0382640118,0.007849559342,0.09007874504,0.2907680607,0.01992125995,0.002362204716,4.35100076e-08
2.38,-0.7644442661,-0.1109797027,-0.09453860558,0.01624792748,-0.04490615394,0.9989912098,0.002637792114,0.999996521,0,0,1.158095692,1.567419264,-1.478164426,1.650675761,0.7518301277,-0.1751401389,-0.4047387991,-1.149709416,1.6493361,0.9391554641,1.117062791,0.7356647168,0.6620639056,-0.8745653308,0.01429085659,-0.0002705307347,0.008311794557,0.09252908093,0.09033821674,-0.02944011713,-0.09503235966,-0.03371431242,2.220446049e-14,-0.03565875777,0.06748903711,0.04186557588,0.04500213629,-0.04945873,0.007849784688,0.03826412701,0.007849784688,0.09007874504,0.2895189518,0.01992125995,0.002362204716,4.35100076e-08
2.39,-0.7653639822,-0.1108165537,-0.08943005941,0.01638122055,-0.04490615394,0.9989912098,0.002637792114,0.999996521,0,0,1.158238601,1.567416559,-1.478081308,1.651601052,0.7527335099,-0.1754345401,-0.4056891227,-1.150046559,1.6493361,0.9387988765,1.117737682,0.7360833725,0.662513927,-0.8750599181,0.01610412934,-0.0004272016726,0.008049154299,0.0922825376,0.08573723775,-0.02954340683,-0.09127444018,-0.03579605239,-2.220446049e-14,-0.0319779477,0.06948150982,0.03553268841,0.04015848112,-0.04834737663,0.007850040186,0.03826425009,0.007850040186,0.09007874504,0.2882765785,0.01992125995,0.002362204716,4.351000737e-08
2.4,-0.7662333835,-0.1106520918,-0.0844763936,0.01651047245,-0.04490615394,0.9989912098,0.002637792114,0.999996521,0,0,1.158399642,1.567412287,-1.478000816,1.652523877,0.7535908823,-0.1757299741,-0.4066018671,-1.15040452,1.6493361,0.9384790971,1.118432497,0.7364386994,0.6629155118,-0.8755433919,0.0178618171,-0.0005789694771,0.007794498164,0.09204369159,0.08127937757,-0.02964405541,-0.08763137175,-0.03781143034,0,-0.02841693271,0.07141081159,0.0294066601,0.0354672893,-0.04726645629,0.007850324977,0.03826438082,0.007850324977,0.09007874504,0.2870407427,0.01992125995,0.002362204716,4.35100076e-08
2.41,-0.7670540415,-0.1104863581,-0.07968216077,0.01663556439,-0.04490615394,0.9989912098,0.002637792114,0.999996521,0,0,1.15857826,1.567406497,-1.477922871,1.653444314,0.754403676,-0.1760264147,-0.4074781808,-1.150782634,1.6493361,0.9381949277,1.119146605,0.736732766,0.6632701847,-0.8760160565,0.01956219983,-0.0007256924565,0.007548079906,0.09181276714,0.07696885741,-0.0297419287,-0.08410674294,-0.03975864713,0,-0.02497872454,0.07327519663,0.023492621,0.03093288089,-0.04621727374,0.007850638176,0.03826451896,0.007850638176,0.09007874504,0.2858112401,0.01992125995,0.002362204716,4.35100076e-08
2.42,-0.7678275735,-0.1103193948,-0.07505195196,0.0167563766,-0.04490615394,0.9989912098,0.002637792114,0.999996521,0,0,1.158773882,1.56739924,-1.47784739,1.654362442,0.7551733646,-0.176323834,-0.4083192482,-1.151180221,1.6493361,0.9379451405,1.119879357,0.7369676922,0.6635795135,-0.8764782292,0.02102470798,-0.000858166292,0.007903773272,0.0911956782,0.07243989516,-0.02911837979,-0.08042010853,-0.04123811265,0,-0.02204786624,0.07531568937,0.01839107939,0.02695932483,-0.04443905345,0.00785097887,0.03826466428,0.00785097887,0.09007874504,0.2845878606,0.01992125995,0.002362204716,4.35100076e-08
2.43,-0.7685550047,-0.1101512181,-0.07039154587,0.01688124418,-0.04490615394,0.9989912098,0.002637792114,0.999996521,0,0,1.158984129,1.567390659,-1.477768353,1.655274399,0.7558977636,-0.1766150178,-0.4091234493,-1.151592602,1.6493361,0.9377246618,1.120632514,0.737151603,0.6638491067,-0.8769226197,0.02273223544,-0.001008206054,0.007725776892,0.09089543926,0.06803474359,-0.02912399396,-0.07678887832,-0.04311126905,0,-0.0187993219,0.07712676821,0.01267983114,0.02249635482,-0.04321635062,0.007851343068,0.03826481507,0.007851343068,0.09007874504,0.283370408,0.01992125995,0.002362204716,4.35100076e-08
2.44,-0.7692345554,-0.1099817246,-0.06547672965,0.01701967932,-0.04490615394,0.9989912098,0.002637792114,0.999996521,0,0,1.159211452,1.567380577,-1.477691095,1.656183353,0.756578111,-0.1769062577,-0.4098913381,-1.152023715,1.6493361,0.9375366686,1.121403782,0.7372784013,0.6640740703,-0.8773547833,0.02446000941,-0.001178361405,0.007444620461,0.09031018091,0.06353529615,-0.02911215216,-0.07285376327,-0.04462223193,2.220446049e-14,-0.016692757,0.0779928743,0.008125132975,0.0184426849,-0.04157704011,0.00785173483,0.03826497277,0.00785173483,0.09007874504,0.2821953223,0.01992125995,0.002362204716,4.35100076e-08
2.45,-0.769863714,-0.1098107805,-0.06031431342,0.01717131563,-0.04490615394,0.9989912098,0.002637792114,0.999996521,0,0,1.159456052,1.567368793,-1.477616649,1.657086455,0.757213464,-0.1771973792,-0.4106198757,-1.152469937,1.6493361,0.937369741,1.12218371,0.7373596527,0.6642584971,-0.8777705537,0.02644485592,-0.001347160673,0.007118516126,0.09017648127,0.0587314436,-0.02932230514,-0.06892223892,-0.0468979579,-2.220446049e-14,-0.01283794489,0.08015382296,0.001473919368,0.01329415085,-0.04044599102,0.007852154024,0.03826513608,0.007852154024,0.09007874504,0.2813313058,0.01992125995,0.002362204716,4.351000737e-08
2.46,-0.7704400399,-0.1096382556,-0.0549113566,0.01733577673,-0.04490615394,0.9989912098,0.002637792114,0.999996521,0,0,1.1597205,1.567355321,-1.477545463,1.65798822,0.7578007784,-0.1774906023,-0.4113090981,-1.152938916,1.6493361,0.9372413616,1.122985248,0.7373743919,0.6643914386,-0.8781750136,0.02853598829,-0.001524445677,0.006778147188,0.09006265137,0.05371209289,-0.02955290571,-0.06481439357,-0.04929287088,0,-0.008815630524,0.08243938533,-0.005469595417,0.007905505028,-0.03925946028,0.007852605426,0.0382653078,0.007852605426,0.09007874504,0.2804761013,0.01992125995,0.002362204716,4.35100076e-08
2.47,-0.7709611627,-0.1094640234,-0.04927485905,0.01751268942,-0.04490615394,0.9989912098,0.002637792114,0.999996521,0,0,1.16000586,1.567340077,-1.477477682,1.658888846,0.7583378993,-0.1777861313,-0.411957242,-1.153431845,1.6493361,0.9371532053,1.123809642,0.7373196959,0.6644704937,-0.8785676082,0.03073051971,-0.001709965447,0.006423882502,0.08996810259,0.04848344417,-0.02980348615,-0.06053484638,-0.05180317555,0,-0.004631788162,0.08484569833,-0.01269479987,0.002284063488,-0.03801810785,0.007853090791,0.03826548837,0.007853090791,0.09007874504,0.2796298826,0.01992125995,0.002362204716,4.35100076e-08
2.48,-0.7714247817,-0.1092879615,-0.04341176111,0.01770168364,-0.04490615394,0.9989912098,0.002637792114,0.999996521,0,0,1.160313165,1.567322977,-1.477413443,1.659788527,0.7588227338,-0.1780841662,-0.4125625905,-1.153949877,1.6493361,0.9371068874,1.124658099,0.7371927479,0.6644933343,-0.8789477892,0.0330255948,-0.001903471115,0.006056086336,0.08989225122,0.04305164076,-0.03007358652,-0.05608816096,-0.05442510077,0,-0.0002923708824,0.08736892624,-0.02019111576,-0.003562912925,-0.03672256043,0.007853611829,0.03826567824,0.007853611829,0.09007874504,0.278792818,0.01992125995,0.002362204716,4.35100076e-08
2.49,-0.7718286655,-0.1091099507,-0.03732894356,0.01790239255,-0.04490615394,0.9989912098,0.002637792114,0.999996521,0,0,1.160643421,1.567303943,-1.477352882,1.66068745,0.7592532502,-0.1783849021,-0.4131234721,-1.154494128,1.6493361,0.9371039637,1.125531789,0.7369908367,0.6644577052,-0.8793150149,0.03541838969,-0.002104715915,0.005675118346,0.08983451846,0.03742276908,-0.03036275475,-0.05147884515,-0.05715489946,0,0.00419668906,0.09000526059,-0.0279479974,-0.009628218509,-0.03537341109,0.007854170208,0.03826587783,0.007854170208,0.09007874504,0.2779650709,0.01992125995,0.002362204716,4.35100076e-08
2.5,-0.7721706509,-0.1089298758,-0.03103322762,0.01811445247,-0.04490615394,0.9989912098,0.002637792114,0.999996521,0,0,1.160997605,1.567282895,-1.477296131,1.661585795,0.7596274779,-0.1786885296,-0.4136382606,-1.155065677,1.6493361,0.9371459306,1.126431841,0.7367113568,0.664361423,-0.879668749,0.03790611211,-0.002313455184,0.005281333571,0.0897943304,0.03160285861,-0.03067054661,-0.04671135094,-0.05998884851,0,0.008829480058,0.09275092018,-0.03595493134,-0.01590470266,-0.03397121911,0.007854767555,0.03826608756,0.007854767555,0.09007874504,0.2771467997,0.01992125995,0.002362204716,4.35100076e-08
2.51,-0.7724486429,-0.108747625,-0.02453137501,0.01833750287,-0.04490615394,0.9989912098,0.002637792114,0.999996521,0,0,1.161376666,1.567259761,-1.477243318,1.662483738,0.7599435065,-0.1789952351,-0.4141053741,-1.155665565,1.6493361,0.9372342254,1.12735935,0.7363518075,0.664202376,-0.8800084612,0.04048600137,-0.002529446359,0.004875082437,0.08977111806,0.0255978819,-0.03099652574,-0.04179007448,-0.06292324884,0,0.01360011118,0.09560215103,-0.04420143643,-0.02238526987,-0.03251651001,0.007855405455,0.03826630781,0.007855405455,0.09007874504,0.2763381579,0.01992125995,0.002362204716,4.35100076e-08
2.52,-0.7726606137,-0.1085630903,-0.01783008785,0.01857118644,-0.04490615394,0.9989912098,0.002637792114,0.999996521,0,0,1.161781526,1.567234466,-1.477194567,1.663381449,0.7601994853,-0.1793052003,-0.4145232748,-1.156294798,1.6493361,0.9373702265,1.128315372,0.7359097931,0.6639785233,-0.8803336263,0.04315532827,-0.002752448982,0.004456710759,0.08976431733,0.01941375463,-0.03134026361,-0.03671935622,-0.06595442543,0,0.01850271235,0.09855522646,-0.05267706414,-0.02906287979,-0.03100977572,0.007856085452,0.03826653898,0.007856085452,0.09007874504,0.2755392938,0.01992125995,0.002362204716,4.35100076e-08
2.53,-0.7728046021,-0.108376167,-0.01093600876,0.01881514899,-0.04490615394,0.9989912098,0.002637792114,0.999996521,0,0,1.16221308,1.567206942,-1.47715,1.664279092,0.7603936228,-0.179618603,-0.4148904684,-1.156954342,1.6493361,0.9375552536,1.129300924,0.7353830225,0.6636878945,-0.880643724,0.04591139505,-0.002982224697,0.004026559769,0.08977336903,0.01305633561,-0.0317013395,-0.03150348107,-0.06907872745,0,0.02353143479,0.1016064471,-0.06137139939,-0.03593054731,-0.02945147496,0.007856809051,0.03826678145,0.007856809051,0.09007874504,0.2747503511,0.01992125995,0.002362204716,4.35100076e-08
2.54,-0.7728787132,-0.1081867542,-0.003855720787,0.01906903956,-0.04490615394,0.9989912098,0.002637792114,0.999996521,0,0,1.162672194,1.56717712,-1.477109734,1.665176826,0.7605241862,-0.1799356164,-0.4152055032,-1.157645129,1.6493361,0.937790568,1.130316989,0.7347693085,0.663328589,-0.8809382388,0.04875153529,-0.003218537251,0.003584966135,0.08979771888,0.006531426886,-0.03207934039,-0.02614667869,-0.07229252836,0,0.02868045147,0.1047521412,-0.07027406151,-0.04298134271,-0.02784203373,0.007857577717,0.03826703559,0.007857577717,0.09007874504,0.2739714686,0.01992125995,0.002362204716,4.35100076e-08
2.55,-0.7728811175,-0.1079947543,0.003404252545,0.01933251033,-0.04490615394,0.9989912098,0.002637792114,0.999996521,0,0,1.163159709,1.567144934,-1.477073885,1.666074803,0.7605895005,-0.1802564098,-0.41546697,-1.158368055,1.6493361,0.9380773725,1.13136451,0.7340665678,0.6628987756,-0.8812166591,0.05167311369,-0.003461152497,0.003132261996,0.08983681751,-0.0001552261769,-0.03247386089,-0.02065312392,-0.07559222617,0,0.03394395789,0.1079886644,-0.0793747056,-0.05020839179,-0.02618184595,0.007858392878,0.03826730173,0.007858392878,0.09007874504,0.2732027803,0.01992125995,0.002362204716,4.35100076e-08
2.56,-0.7728100507,-0.1078000732,0.01083744727,0.01960521666,-0.04490615394,0.9989912098,0.002637792114,0.999996521,0,0,1.16367644,1.567110323,-1.477042562,1.666973172,0.7605879482,-0.1805811484,-0.4156735012,-1.159123977,1.6493361,0.9384168121,1.132444397,0.7332728208,0.6623966917,-0.8814784776,0.05467352593,-0.003709838392,0.002668775005,0.08989012045,-0.006997934801,-0.03288450313,-0.01502693719,-0.0789742436,0,0.03931617287,0.1113124002,-0.08866302418,-0.05760487614,-0.02447127424,0.007859255923,0.03826758024,0.007859255923,0.09007874504,0.2724444153,0.01992125995,0.002362204716,4.35100076e-08
2.57,-0.7726638125,-0.1076026203,0.01843745896,0.01988681709,-0.04490615394,0.9989912098,0.002637792114,0.999996521,0,0,1.164223175,1.567073224,-1.477015874,1.667872073,0.7605179688,-0.1809099934,-0.4158237706,-1.159913719,1.6493361,0.9388099738,1.133557521,0.7323861905,0.6618206429,-0.8817231903,0.05765725829,-0.003970540778,0.002214859062,0.08968493761,-0.01393719624,-0.03318344218,-0.009154885879,-0.08204119742,0,0.04383141924,0.1139931289,-0.09703883393,-0.06463804775,-0.02235726937,0.007860168207,0.03826787144,0.007860168207,0.09007874504,0.2716964981,0.01992125995,0.002362204716,4.35100076e-08
2.58,-0.7724407666,-0.1074023084,0.02619794274,0.02017697333,-0.04490615394,0.9989912098,0.002637792114,0.999996521,0,0,1.164799748,1.567033519,-1.476993726,1.668768922,0.7603785969,-0.1812418278,-0.4159153195,-1.160734131,1.6493361,0.939248288,1.134697452,0.7314158022,0.6611742624,-0.881946763,0.06070726857,-0.004237328893,0.00175241631,0.08947088161,-0.02101702613,-0.03348726278,-0.003148812273,-0.08515227771,2.220446049e-14,0.04836871964,0.1166957433,-0.1054971985,-0.07178524993,-0.0201662062,0.007861129174,0.03826817419,0.007861129174,0.09007874504,0.2709088219,0.01972587675,0.002362204716,4.35100076e-08
2.59,-0.7721393397,-0.1071990535,0.03411261328,0.02047535028,-0.04490615394,0.9989912098,0.002637792114,0.999996521,0,0,1.165406821,1.566991146,-1.476976201,1.669663631,0.7601684266,-0.1815767005,-0.4159468076,-1.161585654,1.6493361,0.9397319752,1.135864409,0.7303608302,0.6604564099,-0.8821484251,0.06392607616,-0.004503001655,0.001259122483,0.08955502196,-0.02829277785,-0.03393965197,0.002854747606,-0.08874897957,-2.220446049e-14,0.05400687717,0.1202378852,-0.115259178,-0.07963422265,-0.01829753997,0.007862139956,0.03826848869,0.007862139956,0.09007874504,0.2700878416,0.01931936703,0.002362204716,4.351000737e-08
2.6,-0.7717580212,-0.1069927751,0.04217524478,0.02078161599,-0.04490615394,0.9989912098,0.002637792114,0.999996521,0,0,1.166046081,1.566946116,-1.47696361,1.670559181,0.7598854988,-0.181916097,-0.4159182601,-1.162473144,1.6493361,0.940272044,1.137066788,0.7292082384,0.6596600677,-0.8823314005,0.06721356108,-0.00477382811,0.0007563284089,0.08965097857,-0.03570238726,-0.03440642512,0.008975094012,-0.09241400304,-4.440892099e-14,0.05973141322,0.123852702,-0.1251690595,-0.08762576942,-0.01638006147,0.007863203764,0.03826881677,0.007863203764,0.09007874504,0.2692949907,0.01890681032,0.002362204716,4.35100076e-08
2.61,-0.7712953622,-0.106783396,0.05037967099,0.0210954417,-0.04490615394,0.9989912098,0.002637792114,0.999996521,0,0,1.166718217,1.566898377,-1.476956047,1.671455691,0.759528475,-0.1822601612,-0.4158285092,-1.163397284,1.6493361,0.9408693581,1.138305315,0.7279565478,0.65878381,-0.8824952011,0.07056727456,-0.0050495858,0.0002443394578,0.08975823846,-0.04324044995,-0.03488721798,0.01520836594,-0.09614393156,4.440892099e-14,0.06553677951,0.127536755,-0.1352168899,-0.09575338606,-0.01441404028,0.007864321811,0.03826915871,0.007864321811,0.09007874504,0.2685365262,0.01848805216,0.002362204716,4.351000804e-08
2.62,-0.7707499755,-0.1065708421,0.05871978521,0.02141650182,-0.04490615394,0.9989912098,0.002637792114,0.999996521,0,0,1.16742389,1.566847882,-1.476953604,1.672353273,0.7590960705,-0.1826090334,-0.4156764255,-1.164358723,1.6493361,0.9415247259,1.139580683,0.7266043789,0.6578262762,-0.8826393415,0.07398479706,-0.005330054377,-0.0002765431151,0.08987629347,-0.05090161708,-0.03538167274,0.02155075272,-0.09993537551,0,0.07141745921,0.1312866346,-0.1453927693,-0.104010626,-0.01239972205,0.007865495275,0.03826951479,0.007865495275,0.09007874504,0.2678190217,0.0180629446,0.002362204716,4.35100076e-08
2.63,-0.7701205344,-0.1063550429,0.06718954029,0.02174447395,-0.04490615394,0.9989912098,0.002637792114,0.999996521,0,0,1.168163738,1.566794581,-1.476956369,1.673252036,0.7585870543,-0.1829628501,-0.415460918,-1.165358077,1.6493361,0.9422389005,1.140893549,0.7251504513,0.6567861699,-0.8827633387,0.07746373786,-0.005615015608,-0.0008060220887,0.09000464028,-0.05868059517,-0.03588943783,0.02799849314,-0.1037849727,0,0.07736796844,0.1350989604,-0.1556868533,-0.1123911005,-0.01033732995,0.007866725305,0.03826988528,0.007866725305,0.09007874504,0.2671493708,0.01763134619,0.002362204716,4.35100076e-08
2.64,-0.7694057725,-0.1061359307,0.07578294861,0.02207903883,-0.04490615394,0.9989912098,0.002637792114,0.999996521,0,0,1.168938375,1.566738431,-1.476964429,1.674152083,0.7580002483,-0.1833217445,-0.415180933,-1.166395927,1.6493361,0.9430125802,1.142244539,0.7235935827,0.6556622589,-0.882866712,0.08100173471,-0.005904253372,-0.001343804195,0.09014278042,-0.06657214592,-0.03641016772,0.03454787453,-0.1076893886,0,0.0833828579,0.1389703818,-0.1660893566,-0.1208884795,-0.008227066215,0.007868013013,0.03827027043,0.007868013013,0.09007874504,0.2665347908,0.01719312187,0.002362204716,4.35100076e-08
2.65,-0.768604483,-0.1059134412,0.08449408211,0.02241988041,-0.04490615394,0.9989912098,0.002637792114,0.999996521,0,0,1.169748392,1.566679388,-1.476977867,1.67505351,0.7573345269,-0.1836858462,-0.4148354543,-1.167472821,1.6493361,0.9438464087,1.143634243,0.7219326892,0.6544533741,-0.8829489827,0.08451857177,-0.006193161111,-0.001664638281,0.09014103019,-0.07468773188,-0.03666852647,0.04128477625,-0.1114876087,0,0.08930802246,0.1429773582,-0.176366171,-0.1293243089,-0.005804889483,0.007869359482,0.03827067051,0.007869359482,0.09007874504,0.2659828253,0.01674814297,0.002362204716,4.35100076e-08
2.66,-0.767715518,-0.1056875132,0.09331707226,0.0227666858,-0.04490615394,0.9989912098,0.002637792114,0.999996521,0,0,1.170593578,1.566617457,-1.476994514,1.675954921,0.7565876496,-0.1840525315,-0.4144226065,-1.168587697,1.6493361,0.944739489,1.145064016,0.7201690274,0.653160131,-0.8830070315,0.08791390286,-0.00647600601,-0.001485487649,0.08981138601,-0.08316868354,-0.03631769935,0.04831818364,-0.1149790422,0,0.09495445248,0.1472167219,-0.1862334075,-0.1374765307,-0.002743481984,0.007870764437,0.03827108514,0.007870764437,0.09007874504,0.2654536429,0.01627819201,0.002362204716,4.35100076e-08
2.67,-0.766737788,-0.1054580886,0.1022461101,0.02311914529,-0.04490615394,0.9989912098,0.002637792114,0.999996521,0,0,1.171472717,1.566552697,-1.477009369,1.676853035,0.7557559627,-0.1844157084,-0.4139394247,-1.169737487,1.6493361,0.9456890335,1.146536183,0.7183066934,0.6517853657,-0.8830344664,0.09158445198,-0.006775080561,-0.001958506567,0.08991763658,-0.09141240218,-0.03676628139,0.05518579301,-0.1189681679,0,0.1010778746,0.1512765471,-0.1968293822,-0.146220935,-0.0003956281398,0.007872225895,0.03827151325,0.007872225895,0.09007874504,0.2648160414,0.0157740573,0.002362204716,4.35100076e-08
2.68,-0.7656702615,-0.1052251125,0.1112754461,0.02347695232,-0.04490615394,0.9989912098,0.002637792114,0.999996521,0,0,1.172388562,1.566484946,-1.477028954,1.677752211,0.7548418387,-0.1847833713,-0.4133875668,-1.170927169,1.6493361,0.9466998122,1.148048949,0.7163383996,0.6503231563,-0.8830384226,0.09529410131,-0.007078291367,-0.002435453045,0.08999974919,-0.09974256149,-0.03721014825,0.06215460595,-0.1229555908,2.220446049e-14,0.107141074,0.1553005783,-0.2073802127,-0.1549981102,0.002038019088,0.007873748648,0.03827195673,0.007873748648,0.09007874504,0.2641899583,0.01531280157,0.002362204716,4.35100076e-08
2.69,-0.7645119638,-0.1049885328,0.1203993905,0.02383980355,-0.04490615394,0.9989912098,0.002637792114,0.999996521,0,0,1.173341503,1.566414163,-1.477053308,1.678652208,0.7538444131,-0.1851554727,-0.4127660207,-1.172156725,1.6493361,0.947771223,1.149601955,0.7142645974,0.6487731752,-0.8830180425,0.09885401713,-0.007398472242,-0.002875164697,0.08949434272,-0.1080434648,-0.03737984602,0.06946441615,-0.1261675392,-2.220446049e-14,0.1112889618,0.1578133634,-0.2157999198,-0.1627475249,0.005248027665,0.007875333441,0.03827241563,0.007875333441,0.09007874504,0.2635754651,0.014921261,0.002362204716,4.351000737e-08
2.7,-0.7632619771,-0.1047483006,0.129612313,0.02420739877,-0.04490615394,0.9989912098,0.002637792114,0.999996521,0,0,1.174330043,1.566340178,-1.47708206,1.679547152,0.7527639784,-0.1855292712,-0.4120713766,-1.1734184,1.6493361,0.9488841126,1.151180088,0.7121065982,0.6471457,-0.8829655622,0.1026636803,-0.007707591573,-0.003365610208,0.08961046134,-0.1165485622,-0.03785212509,0.07658896265,-0.1302617299,0,0.1175071475,0.1619784806,-0.2265641122,-0.1717327289,0.007741641844,0.007876977199,0.0382728871,0.007876977199,0.09007874504,0.2629726316,0.014921261,0.002362204716,4.35100076e-08
2.71,-0.7619194395,-0.10450437,0.1389086426,0.02457944098,-0.04490615394,0.9989912098,0.002637792114,0.999996521,0,0,1.17535668,1.566263102,-1.477115716,1.680443257,0.7515984928,-0.1859077925,-0.4113054869,-1.174721017,1.6493361,0.9500591841,1.152799873,0.7098409571,0.6454283727,-0.8828881458,0.1065163344,-0.00801954425,-0.003861633399,0.08973233385,-0.1251314849,-0.03833364047,0.08379082955,-0.1343883258,0,0.123754539,0.1661803442,-0.2373738834,-0.1807919081,0.01028089548,0.007878684968,0.03827337449,0.007878684968,0.09007874504,0.2623815182,0.014921261,0.002362204716,4.35100076e-08
2.72,-0.7604835446,-0.1042566979,0.1482828681,0.02495563632,-0.04490615394,0.9989912098,0.002637792114,0.999996521,0,0,1.176421843,1.566182907,-1.477154332,1.68134058,0.750347178,-0.1862911289,-0.4104675786,-1.176064901,1.6493361,0.9512967295,1.154461677,0.7074672183,0.6436204536,-0.8827853368,0.1104098513,-0.008334132923,-0.004363024409,0.08985954295,-0.1337874008,-0.03882414013,0.09106663155,-0.1385443114,0,0.1300261904,0.1704158652,-0.2482203081,-0.1899192904,0.01286553515,0.007880457618,0.03827387798,0.007880457618,0.09007874504,0.261802184,0.014921261,0.002362204716,4.35100076e-08
2.73,-0.7589535407,-0.1040052444,0.1577295379,0.02533569414,-0.04490615394,0.9989912098,0.002637792114,0.999996521,0,0,1.177525942,1.566099566,-1.477197962,1.682239175,0.749009304,-0.1866793703,-0.4095569123,-1.177450344,1.6493361,0.9525969914,1.156165835,0.7049850152,0.6417212607,-0.8826566815,0.1143421269,-0.008651162384,-0.004869575874,0.08999167583,-0.142511531,-0.03932337524,0.0984130225,-0.142726703,0,0.1363172059,0.1746819878,-0.2590945508,-0.199109166,0.01549531382,0.007882295993,0.03827439774,0.007882295993,0.09007874504,0.261234684,0.014921261,0.002362204716,4.35100076e-08
2.74,-0.7573287303,-0.1037499721,0.1672432598,0.02571932695,-0.04490615394,0.9989912098,0.002637792114,0.999996521,0,0,1.178669363,1.566013054,-1.477246658,1.683139092,0.7475841887,-0.187072604,-0.4085727821,-1.178877611,1.6493361,0.9539601634,1.157912655,0.7023940697,0.6397301691,-0.8825017283,0.1183110806,-0.008970439562,-0.005381082822,0.09012832419,-0.1512991494,-0.03983109997,0.1058266943,-0.1469325491,0,0.1426227415,0.1789756891,-0.2699878689,-0.208355887,0.01816998908,0.007884200909,0.03827493393,0.007884200909,0.09007874504,0.2606790692,0.014921261,0.002362204716,4.35100076e-08
2.75,-0.7556084697,-0.1034908468,0.1768187011,0.02610625042,-0.04490615394,0.9989912098,0.002637792114,0.999996521,0,0,1.179852474,1.56592335,-1.477300469,1.684040375,0.7460711972,-0.187470915,-0.4075145151,-1.180346936,1.6493361,0.9553863908,1.159702412,0.699694191,0.6376466102,-0.8823200284,0.122314655,-0.009291773533,-0.005897342563,0.09026908427,-0.1601455822,-0.04034707123,0.1133043755,-0.151158931,0,0.1489380067,0.1832939798,-0.2808916166,-0.2176538682,0.02088932135,0.007886173158,0.03827548671,0.007886173158,0.09007874504,0.2601353868,0.014921261,0.002362204716,4.35100076e-08
2.76,-0.7537921681,-0.1032278371,0.1864505887,0.02649618341,-0.04490615394,0.9989912098,0.002637792114,0.999996521,0,0,1.18107562,1.565830432,-1.477359442,1.684943066,0.7444697413,-0.1878743857,-0.4063814714,-1.181858526,1.6493361,0.9568757709,1.161535352,0.6968852748,0.6354700715,-0.8821111352,0.1263508156,-0.009614975517,-0.006418154588,0.09041355686,-0.1690462081,-0.04087104846,0.1208428306,-0.1554029631,0,0.1552582666,0.1876339044,-0.2917972486,-0.2269975878,0.0236530721,0.007888213504,0.03827605622,0.007888213504,0.09007874504,0.25960368,0.014921261,0.002362204716,4.35100076e-08
2.77,-0.7518792872,-0.1029609141,0.1961337092,0.02688884796,-0.04490615394,0.9989912098,0.002637792114,0.999996521,0,0,1.182339128,1.565734282,-1.477423624,1.685847202,0.7427792793,-0.1882830962,-0.4051730431,-1.183412555,1.6493361,0.9584283536,1.163411691,0.6939673023,0.6332000956,-0.8818746045,0.1301990838,-0.009917812103,-0.00634124151,0.09016082256,-0.178285066,-0.04063155056,0.12865487,-0.1592405675,0,0.1611945085,0.1922034509,-0.3021713763,-0.2359144858,0.02712288527,0.007890322686,0.0382766426,0.007890322686,0.09007874504,0.2590839883,0.014921261,0.002362204716,4.35100076e-08
2.78,-0.7498693404,-0.1026900519,0.2058629086,0.02728396928,-0.04490615394,0.9989912098,0.002637792114,0.999996521,0,0,1.183641119,1.565635104,-1.477487036,1.68674881,0.7409964286,-0.1886894117,-0.4038864944,-1.185004961,1.6493361,0.9600402986,1.165333725,0.6909455886,0.6308409508,-0.8816033756,0.133699272,-0.01019611184,-0.005417747327,0.08912751567,-0.1879236674,-0.03921652577,0.1369192677,-0.1622150472,0,0.165911573,0.1965000369,-0.3110612542,-0.2438077621,0.03180178858,0.007892497903,0.03827724437,0.007892497903,0.09007874504,0.2585763474,0.014921261,0.002362204716,4.35100076e-08
2.79,-0.7477618924,-0.1024152274,0.2156330923,0.02768127574,-0.04490615394,0.9989912098,0.002637792114,0.999996521,0,0,1.184978112,1.565533143,-1.477541214,1.687640085,0.7391171919,-0.189081577,-0.4025173017,-1.186627111,1.6493361,0.9616994144,1.167298726,0.687834976,0.6284028732,-0.8812853578,0.1376181782,-0.01053113372,-0.005818096812,0.08869398223,-0.1969027017,-0.03937888212,0.1448810115,-0.1657650301,-2.220446049e-14,0.1706068203,0.1995935966,-0.320150202,-0.2522430676,0.03536930244,0.007894733463,0.03827785835,0.007894733463,0.09007874504,0.2580807888,0.014921261,0.002362204716,4.35100076e-08
2.8,-0.7455565587,-0.10213642,0.2254392256,0.0280804989,-0.04490615394,0.9989912098,0.002637792114,0.999996521,0,0,1.186354294,1.565427831,-1.477599395,1.688527025,0.7371481649,-0.1894753658,-0.4010684916,-1.188284762,1.6493361,0.9634054826,1.169294662,0.684633474,0.6258804425,-0.8809316647,0.1417264563,-0.01085634231,-0.006259015245,0.08877434718,-0.206018149,-0.03979845925,0.1526697072,-0.1699820018,2.220446049e-14,0.1768466574,0.2040013509,-0.3309304627,-0.2616300166,0.03839283557,0.007897035927,0.03827848675,0.007897035927,0.09007874504,0.2575973411,0.014921261,0.002362204716,4.351000782e-08
2.81,-0.7432530047,-0.1018536119,0.235276333,0.0284813735,-0.04490615394,0.9989912098,0.002637792114,0.999996521,0,0,1.187771558,1.565319268,-1.477661985,1.689414768,0.7350879834,-0.1898733504,-0.3995417945,-1.189984582,1.6493361,0.9651739492,1.171334675,0.6813241694,0.6232641423,-0.8805477364,0.1458573256,-0.01118246763,-0.006703203235,0.08885618168,-0.2151655643,-0.04022390206,0.1605036167,-0.17420338,-2.220446049e-14,0.1830716985,0.2084168413,-0.3416769512,-0.2710363931,0.0414572039,0.007899409275,0.03827913219,0.007899409275,0.09007874504,0.2571260285,0.014921261,0.002362204716,4.35100076e-08
2.82,-0.7408509452,-0.1015667879,0.2451394987,0.02888363743,-0.04490615394,0.9989912098,0.002637792114,0.999996521,0,0,1.189230132,1.565207443,-1.477729017,1.69030333,0.7329363278,-0.1902755894,-0.3979367584,-1.191726616,1.6493361,0.9670046661,1.173418844,0.6779073999,0.6205537784,-0.8801331643,0.1500088956,-0.01150933468,-0.007150518142,0.08893915037,-0.2243406117,-0.04065502951,0.1683796739,-0.1784265538,2.220446049e-14,0.189277713,0.2128373337,-0.3523820091,-0.2804571285,0.04456201162,0.007901854117,0.03827979475,0.007901854117,0.09007874504,0.2566668719,0.014921261,0.002362204716,4.351000782e-08
2.83,-0.738350144,-0.1012759354,0.2550238665,0.02928703179,-0.04490615394,0.9989912098,0.002637792114,0.999996521,0,0,1.19073022,1.56509235,-1.477800522,1.691192722,0.7306929217,-0.1906821397,-0.3962529616,-1.193510881,1.6493361,0.9688974433,1.175547217,0.6743835798,0.6177492071,-0.8796875442,0.1541792948,-0.01183677063,-0.007600818214,0.08902292212,-0.2335390059,-0.04109166105,0.1762948407,-0.1826489481,0,0.1954605356,0.2172601306,-0.3630380987,-0.2898872196,0.04770685426,0.007904371037,0.03828047452,0.007904371037,0.09007874504,0.2562198888,0.014921261,0.002362204716,4.35100076e-08
2.84,-0.7357504132,-0.1009810444,0.2649246396,0.02969130082,-0.04490615394,0.9989912098,0.002637792114,0.999996521,0,0,1.192272013,1.564973982,-1.47787653,1.692082951,0.7283575316,-0.1910930563,-0.3944900132,-1.195337371,1.6493361,0.9708520486,1.177719818,0.6707531988,0.6148503349,-0.8792104757,0.15836667,-0.01216460481,-0.008053962484,0.08910717009,-0.2427565121,-0.04153361648,0.1842461057,-0.1868680237,0,0.201616068,0.2216825707,-0.3736378064,-0.2993217287,0.05089131715,0.0079069606,0.0382710082,0.0079069606,0.09007874504,0.2557850927,0.014921261,0.002362204716,4.35100076e-08
2.85,-0.7330516123,-0.1006821073,0.274837081,0.03009619196,-0.04490615394,0.9989912098,0.002637792114,0.999996521,0,0,1.19385568,1.564852336,-1.47795707,1.692974023,0.7259299665,-0.1915083925,-0.3926475521,-1.197206051,1.6493361,0.9728682093,1.179936644,0.6670168207,0.6118571176,-0.8787015625,0.1615575183,-0.01235600068,-0.00584866938,0.08741494131,-0.2531550361,-0.0384262545,0.1930719357,-0.1892224485,0,0.2060796741,0.2270169754,-0.3821082079,-0.3066616622,0.05689472504,0.007909623344,0.03823408384,0.007909623344,0.09007874504,0.2553624941,0.014921261,0.002362204716,4.35100076e-08
2.86,-0.7302536483,-0.1003791193,0.2847565128,0.03050145581,-0.04490615394,0.9989912098,0.002637792114,0.999996521,0,0,1.195471255,1.564728776,-1.478015557,1.693848172,0.7233984161,-0.191892655,-0.3907168328,-1.199098275,1.6493361,0.974929006,1.182206814,0.6631957387,0.608790501,-0.8781326153,0.1657321157,-0.01267814425,-0.006199848536,0.08742758736,-0.2624435809,-0.0387296055,0.2011200135,-0.1933563254,0,0.2121174204,0.2314677348,-0.3925292703,-0.3160089347,0.06024603106,0.0079123442,0.03819700113,0.0079123442,0.09007874504,0.2557499292,0.014921261,0.002362204716,4.35100076e-08
2.87,-0.7273564742,-0.1000720778,0.2946783171,0.03090684616,-0.04490615394,0.9989912098,0.002637792114,0.999996521,0,0,1.197128576,1.564601995,-1.478077555,1.694722448,0.7207739803,-0.1922799511,-0.3887056327,-1.201031838,1.6493361,0.9770501803,1.184521491,0.659270446,0.6056304116,-0.8775301549,0.1697286017,-0.01301503968,-0.006521436554,0.0868121026,-0.2716130081,-0.03872821473,0.2094660197,-0.1967350431,0,0.2163900842,0.2343389448,-0.401017067,-0.3242532055,0.06427436489,0.007915138572,0.03815957643,0.007915138572,0.09007874504,0.2561817201,0.014921261,0.002362204716,4.35100076e-08
2.88,-0.7243600892,-0.09976098275,0.3045979353,0.03131211994,-0.04490615394,0.9989912098,0.002637792114,0.999996521,0,0,1.198825862,1.564471844,-1.47814277,1.695590569,0.7180578502,-0.1926672332,-0.3866109725,-1.202999189,1.6493361,0.9792140811,1.18686488,0.6552602753,0.6023878796,-0.8768874113,0.173867709,-0.01334145977,-0.006875645056,0.08662738022,-0.2808683177,-0.03894924667,0.2176490962,-0.2006228473,0,0.2218318296,0.2382731393,-0.4107366124,-0.3332401314,0.06787869384,0.007918002996,0.03812208637,0.007918002996,0.09007874504,0.2568944761,0.014921261,0.002362204716,4.35100076e-08
2.89,-0.7212645378,-0.09944583657,0.3145108684,0.0317170373,-0.04490615394,0.9989912098,0.002637792114,0.999996521,0,0,1.20056454,1.56433843,-1.478211526,1.696456843,0.7152491671,-0.1930567257,-0.3844344815,-1.205005417,1.6493361,0.9814323994,1.189247612,0.6511529092,0.5990554783,-0.8762086244,0.1780734852,-0.01366303379,-0.00724549146,0.08663303196,-0.2901586951,-0.03927186123,0.225770687,-0.2047244599,0,0.2277570688,0.2426679607,-0.4209392327,-0.3425418025,0.07131848264,0.007920940654,0.03808440828,0.007920940654,0.09007874504,0.25752782,0.014921261,0.002362204716,4.35100076e-08
2.9,-0.7180699089,-0.09912664398,0.324412677,0.03212136154,-0.04490615394,0.9989912098,0.002637792114,0.999996521,0,0,1.202345274,1.564201799,-1.478283981,1.697323173,0.7123475801,-0.1934494443,-0.3821767746,-1.207052662,1.6493361,0.9837099701,1.191674291,0.6469435168,0.5956300603,-0.8754954395,0.1819811129,-0.0139309176,-0.006855550405,0.08612612699,-0.2997453566,-0.03853847918,0.2341167806,-0.2082738549,0,0.2331614303,0.2473062711,-0.4305116969,-0.3512088417,0.07556014053,0.007923953172,0.03804651928,0.007923953172,0.09007874504,0.2579694482,0.014921261,0.002362204716,4.35100076e-08
2.91,-0.7147763359,-0.0988034121,0.3342989811,0.03252485914,-0.04490615394,0.9989912098,0.002637792114,0.999996521,0,0,1.204165086,1.56406249,-1.478352536,1.698184434,0.7093501265,-0.1938348291,-0.3798356068,-1.209135401,1.6493361,0.9860415844,1.194147354,0.6426383999,0.5921179718,-0.8747398381,0.1852248109,-0.01408165251,-0.004795663737,0.08449716103,-0.3099822836,-0.03547995916,0.2429297549,-0.2106327233,0,0.2374878853,0.2524942896,-0.4388331723,-0.3585093732,0.08150413974,0.007927036512,0.0380085316,0.007927036512,0.09031049586,0.2577306119,0.014921261,0.002362204716,4.35100076e-08
2.92,-0.7113839954,-0.09847615033,0.3441654604,0.03292729974,-0.04490615394,0.9989912098,0.002637792114,0.999996521,0,0,1.206017334,1.563921674,-1.478400493,1.699029406,0.7062503037,-0.1941896287,-0.3774063093,-1.211241728,1.6493361,0.9884164632,1.196672297,0.6382500681,0.5885328781,-0.8739247967,0.1894059256,-0.01439436385,-0.005077552953,0.08443671589,-0.3192782637,-0.03567690955,0.2511221116,-0.2146173843,0,0.243225043,0.2568681876,-0.4487231436,-0.367658376,0.08511065896,0.007930181264,0.03797062791,0.007930181264,0.09128232849,0.2560724414,0.014921261,0.002362204716,4.35100076e-08
2.93,-0.707893107,-0.09814487038,0.3540078541,0.03332845618,-0.04490615394,0.9989912098,0.002637792114,0.999996521,0,0,1.207911393,1.56377773,-1.478451269,1.699873773,0.7030575211,-0.1945463978,-0.3748950882,-1.213387902,1.6493361,0.9908487137,1.199240979,0.6337628367,0.5848562943,-0.8730736901,0.1935882285,-0.01470598917,-0.005361460935,0.0843742949,-0.3285570299,-0.03587705867,0.2593242347,-0.2185792501,0,0.2489065114,0.261219852,-0.4585058048,-0.3767717529,0.08874719298,0.007933401357,0.03793266312,0.007933401357,0.09228239296,0.2546488473,0.014921261,0.002362204716,4.35100076e-08
2.94,-0.7043039326,-0.09780958623,0.3638219609,0.03372810447,-0.04490615394,0.9989912098,0.002637792114,0.999996521,0,0,1.209847275,1.56363067,-1.478504883,1.700717516,0.6997719508,-0.1949051684,-0.3723018458,-1.215573694,1.6493361,0.9933377788,1.201853177,0.6291777787,0.5810885768,-0.8721862182,0.1977472295,-0.01501796075,-0.005641928997,0.08423165632,-0.3378005044,-0.03603868899,0.2675669863,-0.2224309675,0,0.254336729,0.2653606321,-0.4679734799,-0.3857151606,0.09248604274,0.007936697111,0.03789468881,0.007936697111,0.09331061426,0.253475922,0.014921261,0.002362204716,4.35100076e-08
2.95,-0.7006167759,-0.09747031406,0.373603639,0.03412602377,-0.04490615394,0.9989912098,0.002637792114,0.999996521,0,0,1.211824747,1.563480491,-1.478561303,1.701559833,0.6963939457,-0.1952655553,-0.3696261759,-1.217798004,1.6493361,0.9958811461,1.204506784,0.6244980439,0.5772314252,-0.8712613578,0.2011800482,-0.015241275,-0.004662661486,0.08252516711,-0.3473115908,-0.03405967696,0.2764062892,-0.224593359,-4.440892099e-14,0.2571399588,0.2681009312,-0.4746496532,-0.3923873234,0.09811874912,0.007940068357,0.03785677968,0.007940068357,0.0943669054,0.2525784233,0.014921261,0.002362204716,4.35100076e-08
2.96,-0.6968319815,-0.09712707224,0.3833488062,0.03452199644,-0.04490615394,0.9989912098,0.002637792114,0.999996521,0,0,1.213836548,1.563328078,-1.478607929,1.702385084,0.6929208298,-0.195606152,-0.3668621131,-1.220043937,1.6493361,0.9984525457,1.207187793,0.6197515473,0.573307552,-0.8702801703,0.2043469479,-0.01534619777,-0.002547777628,0.08082675775,-0.3573636736,-0.03079096479,0.2851608548,-0.2267829241,4.440892099e-14,0.2611800648,0.2731588336,-0.4826046591,-0.3994017593,0.1041502964,0.007943503776,0.03781928624,0.007943503776,0.09507874027,0.2511470846,0.014921261,0.002362204716,4.351000804e-08
2.97,-0.6929499349,-0.09677988133,0.39305344,0.034915808,-0.04490615394,0.9989912098,0.002637792114,0.999996521,0,0,1.215880017,1.563174616,-1.478633407,1.703193352,0.6893471931,-0.1959140617,-0.3640105045,-1.222311767,1.6493361,1.001064346,1.209919381,0.6149255007,0.5693135344,-0.8692386673,0.208476055,-0.01564465214,-0.002748300042,0.08068020753,-0.3665647347,-0.03085259431,0.2933966022,-0.2305753912,2.220446049e-14,0.2665892509,0.2774138641,-0.4919273746,-0.408252447,0.1079458609,0.007947001413,0.03778210514,0.007947001413,0.09507874027,0.2482284543,0.014921261,0.002362204716,4.35100076e-08
2.98,-0.6889710611,-0.09642876399,0.4027135773,0.03530724716,-0.04490615394,0.9989912098,0.002637792114,0.999996521,0,0,1.217964778,1.563018169,-1.47866089,1.704000154,0.6856815457,-0.1962225876,-0.3610765385,-1.224617521,1.6493361,1.003730239,1.21269352,0.610006227,0.5652310099,-0.8681592087,0.2125983437,-0.01594135316,-0.002950967786,0.08053078761,-0.3757299358,-0.0309168154,0.3016279092,-0.2343363194,-2.220446049e-14,0.2719311237,0.2816361232,-0.5011213381,-0.4170483797,0.1117643922,0.007950575048,0.03774510891,0.007950575048,0.09507874027,0.2452464933,0.014921261,0.002362204716,4.351000737e-08
2.99,-0.6848958247,-0.09607374499,0.4123253144,0.0356961058,-0.04490615394,0.9989912098,0.002637792114,0.999996521,0,0,1.220090761,1.562858756,-1.4786904,1.704805462,0.6819242464,-0.1965317558,-0.3580602594,-1.226960884,1.6493361,1.00644955,1.215509881,0.6049950136,0.5610605261,-0.8670415648,0.2167122358,-0.01623616997,-0.00315575103,0.08037832009,-0.3848557231,-0.03098357598,0.309852012,-0.2380638614,0,0.2772029121,0.285823529,-0.5101815453,-0.4257857664,0.1156049848,0.007954224882,0.03770835075,0.007954224882,0.09507874027,0.2422015172,0.014921261,0.002362204716,4.35100076e-08
3,-0.6807247289,-0.09571485116,0.4218848074,0.03608217896,-0.04490615394,0.9989912098,0.002637792114,0.999996521,0,0,1.222257884,1.562696394,-1.478721957,1.705609245,0.6780756891,-0.1968415915,-0.3549617393,-1.229341522,1.6493361,1.009221579,1.218368117,0.5998931982,0.5568026685,-0.8658855149,0.2191195303,-0.01613446352,0.0005157395882,0.0776077051,-0.3951284555,-0.02527123663,0.3187304778,-0.2390033642,0,0.2800181738,0.2912477431,-0.5168791714,-0.431242703,0.1231214448,0.007957951092,0.03767188414,0.007957951092,0.09507874027,0.2390938682,0.014921261,0.002362204716,4.35100076e-08
3.01,-0.6764583153,-0.09535211137,0.4313882717,0.03646526487,-0.04490615394,0.9989912098,0.002637792114,0.999996521,0,0,1.224449079,1.56253505,-1.4787168,1.706385322,0.6741244046,-0.1970943039,-0.3517744345,-1.231731556,1.6493361,1.012021761,1.221280594,0.5947244064,0.5524902414,-0.8646543005,0.2231424407,-0.01641176496,0.000442170098,0.07732466117,-0.4041932751,-0.02511950299,0.3269674143,-0.2425351207,2.220446049e-14,0.285003259,0.2953159142,-0.5255538081,-0.4396897704,0.1271271165,0.007961730963,0.03763603611,0.007961730963,0.09507874027,0.2371329672,0.014921261,0.002362204716,4.35100076e-08
3.02,-0.6720971627,-0.09498555648,0.4408319826,0.03684516493,-0.04490615394,0.9989912098,0.002637792114,0.999996521,0,0,1.226680504,1.562370932,-1.478712378,1.707158569,0.6700824718,-0.1973454989,-0.3485047604,-1.234156907,1.6493361,1.014871793,1.224233753,0.5894688684,0.5480933437,-0.8633830293,0.2269275874,-0.01670612933,0.0003832406922,0.07617620896,-0.4130393264,-0.02453302066,0.3355622014,-0.2451723446,-4.440892099e-14,0.287996329,0.2972822607,-0.5321421867,-0.4466802063,0.1318437997,0.007965586362,0.03760059214,0.007965586362,0.09507874027,0.2351504816,0.014921261,0.002362204716,4.351000737e-08
3.03,-0.667641887,-0.09461521934,0.4502122746,0.03722168372,-0.04490615394,0.9989912098,0.002637792114,0.999996521,0,0,1.228949779,1.562203871,-1.478708546,1.707920331,0.6659520786,-0.1975908291,-0.3451491383,-1.236608631,1.6493361,1.017751757,1.227206576,0.5841474465,0.5436265417,-0.8620645913,0.2308963395,-0.01696763436,0.0003785743674,0.07585836831,-0.4220258461,-0.02427309683,0.3437596764,-0.2486135661,2.220446049e-14,0.29288441,0.3013648383,-0.5406076545,-0.4549729281,0.1359083428,0.007969512642,0.03756578369,0.007969512642,0.09507874027,0.2331334656,0.014921261,0.002362204716,4.351000782e-08
3.04,-0.6630931406,-0.09424113472,0.4595255418,0.03759462898,-0.04490615394,0.9989912098,0.002637792114,0.999996521,0,0,1.231258743,1.562034194,-1.47870476,1.708678914,0.6617318201,-0.1978335601,-0.3417115416,-1.239094766,1.6493361,1.020680601,1.230220224,0.5787413699,0.5390768124,-0.8607055079,0.2330349409,-0.01676163794,0.004335412706,0.07285538493,-0.4319860716,-0.01790630006,0.3524049556,-0.2491767648,2.220446049e-14,0.2952547573,0.3066827724,-0.5468647871,-0.4598334304,0.1436327087,0.007973514366,0.03753146723,0.007973514366,0.09507874027,0.2310821762,0.014921261,0.002362204716,4.35100076e-08
3.05,-0.6584516114,-0.0938633393,0.4687682381,0.03796381164,-0.04490615394,0.9989912098,0.002637792114,0.999996521,0,0,1.233589092,1.561866578,-1.478661406,1.709407468,0.6574119594,-0.1980126231,-0.338187492,-1.241586534,1.6493361,1.023633148,1.233287052,0.5732727221,0.5344784781,-0.8592691808,0.2369831879,-0.01702323565,0.004291355359,0.07255506345,-0.4408403576,-0.01769639138,0.360549667,-0.2525653575,-2.220446049e-14,0.3000288522,0.3106633925,-0.5551015759,-0.4680087926,0.1476601387,0.007977567875,0.03749795479,0.007977567875,0.09507874027,0.2289968833,0.014921261,0.002362204716,4.351000737e-08
3.06,-0.6537180227,-0.09348187165,0.4779368766,0.0383290458,-0.04490615394,0.9989912098,0.002637792114,0.999996521,0,0,1.235958924,1.561696346,-1.478618492,1.710133019,0.6530035558,-0.198189587,-0.3345819953,-1.244112188,1.6493361,1.026633437,1.236393686,0.5677217063,0.5297983901,-0.8577925794,0.2409127445,-0.0172822025,0.004244232391,0.07225145897,-0.4496309276,-0.01748944474,0.3686676138,-0.2559109416,0,0.3047209927,0.3145959705,-0.5631827148,-0.4761031974,0.151697526,0.007981696871,0.03746502372,0.007981696871,0.09507874027,0.2268778741,0.014921261,0.002362204716,4.35100076e-08
3.07,-0.6488931322,-0.09309677216,0.4870280302,0.03869014873,-0.04490615394,0.9989912098,0.002637792114,0.999996521,0,0,1.238368052,1.561523523,-1.47857605,1.710855534,0.6485072465,-0.1983644815,-0.3308953192,-1.246671297,1.6493361,1.029680647,1.239539646,0.5620898792,0.5250373582,-0.8562756042,0.2440551371,-0.01732415834,0.005799140197,0.07085737278,-0.4586959661,-0.0147411638,0.3768567381,-0.2580545624,2.220446049e-14,0.3083364697,0.3189884804,-0.5703439299,-0.4827293636,0.1571924144,0.00798590135,0.03743272564,0.00798590135,0.09507874027,0.2247254464,0.014921261,0.002362204716,4.35100076e-08
3.08,-0.6439777316,-0.09270808304,0.4960383311,0.03904694088,-0.04490615394,0.9989912098,0.002637792114,0.999996521,0,0,1.240808603,1.561350282,-1.478518058,1.711564107,0.6439202869,-0.1985118931,-0.3271267518,-1.249251843,1.6493361,1.032764012,1.24272953,0.5563864399,0.5202100645,-0.85470368,0.2464473309,-0.01720058558,0.008652981095,0.0681265209,-0.4678751346,-0.00970020025,0.385291827,-0.2588046716,-2.220446049e-14,0.3101646248,0.3226755499,-0.5758681554,-0.4874438047,0.1641709838,0.007990171585,0.03740121094,0.007990171585,0.09507874027,0.2225399117,0.014921261,0.002362204716,4.351000737e-08
3.09,-0.6389726461,-0.0923158483,0.5049644714,0.03939924588,-0.04490615394,0.9989912098,0.002637792114,0.999996521,0,0,1.243273076,1.561178276,-1.478431529,1.712245372,0.6392415355,-0.1986088951,-0.3232738336,-1.251839889,1.6493361,1.035865658,1.245956286,0.5506277583,0.5153356265,-0.8530619702,0.2501328823,-0.01744729652,0.008716587273,0.0672102366,-0.4763744017,-0.009036475743,0.3935445144,-0.2614675734,0,0.3135358852,0.325274335,-0.58247863,-0.4943745081,0.1686604184,0.007994497228,0.03737066873,0.007994497228,0.09507874027,0.2203215931,0.01477777739,0.002362204716,4.35100076e-08
3.1,-0.6338787336,-0.09192011366,0.5138032024,0.03974689052,-0.04490615394,0.9989912098,0.002637792114,0.999996521,0,0,1.245774405,1.561003803,-1.478344363,1.712917475,0.6344777915,-0.1986992599,-0.3193383884,-1.254454565,1.6493361,1.039001017,1.249209029,0.544802972,0.5103918814,-0.851375366,0.2539321485,-0.01768205224,0.008739803621,0.06682691054,-0.4848887059,-0.008689970043,0.4015310954,-0.2645810064,0,0.3178890668,0.329016262,-0.5899727064,-0.5020459531,0.1727453992,0.007998894649,0.03734096976,0.007998894649,0.09507874027,0.2180708263,0.01413094606,0.002362204716,4.35100076e-08
3.11,-0.6286968841,-0.09152092659,0.5225513352,0.04008970477,-0.04490615394,0.9989912098,0.002637792114,0.999996521,0,0,1.248313727,1.560826983,-1.478256965,1.713585744,0.6296289045,-0.1987861596,-0.3153230775,-1.257100375,1.6493361,1.042179907,1.252499192,0.538903245,0.5053714219,-0.849647912,0.2555539258,-0.01727416022,0.01307548036,0.06351409898,-0.4940280009,-0.001310614562,0.409498549,-0.2645116142,0,0.3194871698,0.3340499612,-0.5954749867,-0.5058324852,0.180652597,0.00800336659,0.03731207959,0.00800336659,0.09507874027,0.215787961,0.01300553244,0.002362204716,4.35100076e-08
3.12,-0.6234280193,-0.09111833622,0.5312057401,0.04042752179,-0.04490615394,0.9989912098,0.002637792114,0.999996521,0,0,1.250869266,1.560654241,-1.47812621,1.714220885,0.6246886245,-0.1987992657,-0.311228092,-1.259745491,1.6493361,1.045374779,1.255839691,0.5329484951,0.500313097,-0.847841386,0.2590920091,-0.01744302987,0.01350294689,0.06284657297,-0.5024397326,-0.0002919766895,0.4173982714,-0.2672347017,0,0.3234333155,0.3378052041,-0.6025151346,-0.5129577959,0.1850719844,0.008007886225,0.03728428877,0.008007886225,0.09507874027,0.2134733602,0.01215793299,0.002362204716,4.35100076e-08
3.13,-0.6180730919,-0.09071239336,0.5397633474,0.04076017789,-0.04490615394,0.9989912098,0.002637792114,0.999996521,0,0,1.253460186,1.560479811,-1.47799118,1.714849351,0.6196642271,-0.1988021855,-0.3070541093,-1.262417838,1.6493361,1.048609112,1.259217743,0.5269233437,0.4951835191,-0.8459906662,0.2627682581,-0.01765825165,0.01359218408,0.06240251273,-0.510710895,0.0001784246135,0.4252502554,-0.2701499461,0,0.3274965823,0.3413968718,-0.6095274512,-0.5202769371,0.1891915056,0.008012477243,0.03725741079,0.008012477243,0.09507874027,0.2111274006,0.01134604713,0.002362204716,4.35100076e-08
3.14,-0.6126330851,-0.0903031504,0.5482211467,0.04108751257,-0.04490615394,0.9989912098,0.002637792114,0.999996521,0,0,1.256087868,1.560303228,-1.477855259,1.715473376,0.6145571182,-0.1988004012,-0.3028016067,-1.265119338,1.6493361,1.051884078,1.262631712,0.5208280692,0.4899807497,-0.8440987511,0.2646465428,-0.01733714744,0.01696944211,0.05945340803,-0.5192204378,0.006285882223,0.4329927304,-0.2703827472,-2.220446049e-14,0.3289418634,0.3453299616,-0.6146594176,-0.5241464104,0.19634802,0.008017141502,0.03723147266,0.008017141502,0.09507874027,0.2087504689,0.01052756109,0.002362204716,4.35100076e-08
3.15,-0.6071090115,-0.08989066137,0.556576187,0.0414093685,-0.04490615394,0.9989912098,0.002637792114,0.999996521,0,0,1.258734334,1.560129857,-1.477685564,1.71606791,0.6093649138,-0.1987375424,-0.2984716794,-1.267823165,1.6493361,1.055173497,1.266085012,0.5146814751,0.4847392856,-0.8421352709,0.2672339522,-0.01729045175,0.01871884793,0.05712132085,-0.5273613279,0.009943134387,0.440979036,-0.2713682463,4.440892099e-14,0.3304928242,0.347617858,-0.6195055641,-0.5286545909,0.2023476765,0.008021856786,0.03720671613,0.008021856786,0.09507874027,0.206342963,0.009921260178,0.002362204716,4.351000782e-08
3.16,-0.6015019135,-0.08947498181,0.5648255771,0.04172559153,-0.04490615394,0.9989912098,0.002637792114,0.999996521,0,0,1.261406673,1.559956952,-1.477498376,1.716639123,0.6040913005,-0.1986381111,-0.294061889,-1.270536848,1.6493361,1.058478425,1.26956119,0.5084864194,0.4794527397,-0.8401117942,0.2707763267,-0.01748418525,0.01887238869,0.05660834529,-0.5353576343,0.01054708823,0.4486683409,-0.2740860035,-4.440892099e-14,0.3342945406,0.3510416909,-0.626073985,-0.5355986077,0.2064612275,0.008026630601,0.03718312332,0.008026630601,0.09507874027,0.2039052901,0.009921260178,0.002362204716,4.351000737e-08
3.17,-0.5958128616,-0.08905616882,0.5729664853,0.04203603068,-0.04490615394,0.9989912098,0.002637792114,0.999996521,0,0,1.264114437,1.55978211,-1.477309652,1.717205207,0.5987377242,-0.1985326402,-0.2895752056,-1.273277708,1.6493361,1.06182137,1.273071607,0.5022256796,0.4740967536,-0.8380471819,0.2727171041,-0.0171591417,0.02191556717,0.05412556459,-0.5434387165,0.01609982736,0.4559655787,-0.2746082647,4.440892099e-14,0.336189082,0.3552743668,-0.6314802763,-0.5397914721,0.2130594951,0.008031476136,0.0371605756,0.008031476136,0.09507874027,0.2014378707,0.009921260178,0.002362204716,4.351000782e-08
3.18,-0.5900429546,-0.08863428097,0.5809961393,0.04234053814,-0.04490615394,0.9989912098,0.002637792114,0.999996521,0,0,1.266841608,1.559610519,-1.477090496,1.717746462,0.593303337,-0.1983716419,-0.2850155498,-1.27602379,1.6493361,1.065183261,1.276624351,0.4959108768,0.4686988389,-0.835916587,0.2750342161,-0.01696672261,0.02419147972,0.05215961694,-0.5513632034,0.02034972593,0.4632857294,-0.2756454163,-2.220446049e-14,0.3384891168,0.3592117608,-0.6370153055,-0.5445764559,0.2189622966,0.008036374331,0.03713925282,0.008036374331,0.09507874027,0.1994684226,0.009921260178,0.002362204716,4.351000737e-08
3.19,-0.5841933187,-0.08820937831,0.5889118265,0.04263896929,-0.04490615394,0.9989912098,0.002637792114,0.999996521,0,0,1.26959195,1.559440852,-1.476848581,1.718268058,0.587789705,-0.1981681446,-0.2803826926,-1.278780244,1.6493361,1.068568152,1.280216469,0.4895407237,0.4632530743,-0.833726964,0.2784330093,-0.01713833552,0.02439848412,0.05159403284,-0.5590527149,0.0210643767,0.4707813849,-0.2781553296,0,0.3419941147,0.3624596082,-0.6430863457,-0.551134333,0.2230642398,0.008041329544,0.03711914608,0.008041329544,0.09507874027,0.1983071548,0.009921260178,0.002362204716,4.35100076e-08
3.2,-0.5782651068,-0.08778152231,0.5967108937,0.04293118268,-0.04490615394,0.9989912098,0.002637792114,0.999996521,0,0,1.27237628,1.559269468,-1.476604597,1.718783999,0.5821991778,-0.1979575009,-0.2756748787,-1.281561798,1.6493361,1.071988093,1.283841065,0.4831098603,0.457741731,-0.8314963216,0.279943872,-0.0167107797,0.02776961013,0.04851639743,-0.5666225604,0.02749809418,0.4778154358,-0.2779761783,0,0.3428310778,0.3657756535,-0.6475025398,-0.5541082831,0.2300536733,0.008046354712,0.03710019309,0.008046354712,0.09507874027,0.1977121866,0.009921260178,0.002362204716,4.35100076e-08
3.21,-0.5722594982,-0.08735077584,0.6043907475,0.04321704001,-0.04490615394,0.9989912098,0.002637792114,0.999996521,0,0,1.275175719,1.559102361,-1.4763269,1.719269163,0.5765329522,-0.1976825199,-0.2708967243,-1.28434156,1.6493361,1.075416404,1.287498821,0.4766348349,0.4522006482,-0.8291957849,0.2819647033,-0.01649671126,0.03004153577,0.04584812966,-0.5740057995,0.03221526019,0.4851111265,-0.2783233189,0,0.3437937326,0.3679929273,-0.6516825668,-0.5575203254,0.2362378429,0.008051426772,0.03708258554,0.008051426772,0.0960752803,0.1962795409,0.009921260178,0.002362204716,4.35100076e-08
3.22,-0.5661776977,-0.08691720315,0.6119488537,0.04349640618,-0.04490615394,0.9989912098,0.002637792114,0.999996521,0,0,1.277995366,1.558937393,-1.476026485,1.719727644,0.5707928942,-0.1973603673,-0.2660456131,-1.287124793,1.6493361,1.078854342,1.29117875,0.4701180092,0.4466254449,-0.8268334064,0.285207114,-0.0166475621,0.03029998224,0.04522325731,-0.5813605644,0.03304775973,0.4923851308,-0.2806300898,2.220446049e-14,0.3470360066,0.3710512348,-0.6573008688,-0.5636756015,0.2402886801,0.008056550879,0.037066305,0.008056550879,0.09722762144,0.1936700913,0.009921260178,0.002362204716,4.35100076e-08
3.23,-0.5600209352,-0.0864808698,0.6193827379,0.04376914927,-0.04490615394,0.9989912098,0.002637792114,0.999996521,0,0,1.280847437,1.558770918,-1.475723485,1.720179877,0.5649792886,-0.1970298897,-0.2611217618,-1.289931094,1.6493361,1.082324702,1.294889263,0.4635450005,0.4409886889,-0.8244305196,0.2860982513,-0.01599002032,0.03450982331,0.0419154622,-0.5884565981,0.04090030445,0.4986387596,-0.2799085995,-2.220446049e-14,0.3476816942,0.3751791236,-0.6617013329,-0.5659691017,0.2476602503,0.008061742807,0.03705125962,0.008061742807,0.09778333231,0.1910336453,0.009921260178,0.002362204716,4.351000737e-08
3.24,-0.5537904651,-0.08604184267,0.6266899852,0.04403514052,-0.04490615394,0.9989912098,0.002637792114,0.999996521,0,0,1.283708419,1.558611018,-1.475378387,1.720599031,0.5590947226,-0.1966208867,-0.2561353742,-1.29273018,1.6493361,1.085801519,1.298641054,0.4569279872,0.4353289979,-0.8219539171,0.2884775862,-0.01586317722,0.03609128397,0.04038857365,-0.5955228314,0.04409236583,0.505437945,-0.2811056847,0,0.3499168002,0.3784756894,-0.6666582385,-0.5706302977,0.2527617034,0.008066974822,0.03703763437,0.008066974822,0.09795028631,0.1883706961,0.009921260178,0.002362204716,4.35100076e-08
3.25,-0.5474875655,-0.08560018991,0.63386824,0.04429425434,-0.04490615394,0.9989912098,0.002637792114,0.999996521,0,0,1.286593195,1.558452386,-1.475017474,1.721002917,0.5531394943,-0.196179963,-0.2510809947,-1.295541236,1.6493361,1.089300687,1.302425811,0.4502614048,0.4296226949,-0.8194263001,0.2915575913,-0.01599194129,0.03639232355,0.03972415862,-0.6025161231,0.04501539296,0.5124635113,-0.2832010432,2.220446049e-14,0.3528647126,0.3813308809,-0.6717724814,-0.5763738811,0.2567558626,0.008072264177,0.03702534596,0.008072264177,0.09867776598,0.1856817462,0.009921260178,0.002362204716,4.35100076e-08
3.26,-0.5411135379,-0.08515598092,0.6409152067,0.04454636834,-0.04490615394,0.9989912098,0.002637792114,0.999996521,0,0,1.289508771,1.558292466,-1.474653551,1.721400158,0.5471143331,-0.1957298091,-0.2459563596,-1.298373247,1.6493361,1.092829334,1.30623912,0.44354368,0.4238589561,-0.8168587415,0.2912330826,-0.01498734384,0.04202809123,0.03473854924,-0.60881771,0.05598512135,0.5181006226,-0.2807204385,-4.440892099e-14,0.3513185169,0.384143503,-0.6746503768,-0.5758650375,0.2655507276,0.008077619055,0.03701437491,0.008077619055,0.1000622867,0.1829673072,0.009921260178,0.002362204716,4.351000737e-08
3.27,-0.5346697065,-0.08470928628,0.6478286489,0.04479136327,-0.04490615394,0.9989912098,0.002637792114,0.999996521,0,0,1.292421102,1.558142593,-1.47423327,1.721747544,0.541026156,-0.1951699579,-0.2407753534,-1.301180451,1.6493361,1.096342519,1.310080555,0.4367971762,0.4181003057,-0.8142032342,0.2940723225,-0.01508975684,0.04245106235,0.03359210837,-0.6154849976,0.05737689478,0.5250771985,-0.282353154,0,0.3535140939,0.3860949238,-0.6790106651,-0.5807100067,0.2697407731,0.008082997901,0.03700493336,0.008082997901,0.1000787355,0.1824251765,0.009921260178,0.002362204716,4.351000782e-08
3.28,-0.5281574173,-0.08426017777,0.6546063898,0.04502912308,-0.04490615394,0.9989912098,0.002637792114,0.999996521,0,0,1.295361825,1.557991695,-1.473808759,1.722083465,0.534871306,-0.1945961889,-0.2355245814,-1.304003983,1.6493361,1.09987766,1.313941504,0.4300070696,0.4122932056,-0.8115058265,0.2959408945,-0.01482442272,0.04444776634,0.03176219738,-0.6218667594,0.0614271741,0.5312212322,-0.2829784837,2.220446049e-14,0.3551354908,0.3891961784,-0.6833466622,-0.5844061829,0.2750249658,0.008088438245,0.03699684529,0.008088438245,0.1000787355,0.1815446062,0.009921260178,0.002362204716,4.351000782e-08
3.29,-0.5215780381,-0.08380872831,0.6612463123,0.04525953489,-0.04490615394,0.9989912098,0.002637792114,0.999996521,0,0,1.298321234,1.557843451,-1.473364282,1.722401087,0.5286526384,-0.1939819172,-0.2302123691,-1.306833768,1.6493361,1.103429015,1.317833466,0.423173603,0.4064491438,-0.8087555768,0.2964225182,-0.01407628002,0.04857581659,0.02849694424,-0.6278222684,0.06937656883,0.5364911628,-0.2819165052,0,0.3553021553,0.3928046848,-0.6871193931,-0.5858854002,0.2820390161,0.008093929262,0.03699017878,0.008093929262,0.1000787355,0.1796762911,0.009921260178,0.002362204716,4.35100076e-08
3.3,-0.5149329573,-0.08335501193,0.6677463586,0.04548248898,-0.04490615394,0.9989912098,0.002637792114,0.999996521,0,0,1.301285459,1.557702688,-1.472878524,1.722686056,0.5223744157,-0.1932881515,-0.2248474575,-1.309652933,1.6493361,1.106982036,1.321761513,0.416302409,0.4005902898,-0.8059351866,0.299196629,-0.01417042431,0.04895503946,0.02775160313,-0.6341501918,0.07047609283,0.5430325688,-0.2836501731,2.220446049e-14,0.3577903505,0.395312015,-0.6914556447,-0.5909079389,0.2858780278,0.008099454277,0.03698501004,0.008099454277,0.1000787355,0.1768651821,0.009921260178,0.002362204716,4.35100076e-08
3.31,-0.5082235838,-0.08289910374,0.6741045306,0.04569787884,-0.04490615394,0.9989912098,0.002637792114,0.999996521,0,0,1.304277426,1.557560984,-1.472388973,1.722963572,0.5160329138,-0.1925833906,-0.2194171318,-1.312489434,1.6493361,1.11055994,1.325714633,0.4093878526,0.3946812104,-0.8030764064,0.2994161934,-0.01343299522,0.05321453496,0.02430322634,-0.6396916397,0.07867613829,0.547977322,-0.2823067455,-2.220446049e-14,0.357538888,0.3984775001,-0.694853742,-0.5917986186,0.2929167111,0.008105039949,0.03698124501,0.008105039949,0.1000787355,0.174031273,0.009921260178,0.002362204716,4.351000737e-08
3.32,-0.5014513461,-0.08244107991,0.6803188897,0.04590560109,-0.04490615394,0.9989912098,0.002637792114,0.999996521,0,0,1.307271588,1.557426654,-1.471856828,1.723206605,0.5096359974,-0.1917966292,-0.2139373585,-1.315312502,1.6493361,1.114135329,1.329699408,0.4024393152,0.3887632242,-0.8001472392,0.3006400486,-0.0144084912,0.05668293079,0.02137555263,-0.6466072818,0.08298152985,0.5553033043,-0.2819608321,0,0.3575117489,0.3993602778,-0.6976322667,-0.5934668913,0.2985671195,0.00811065417,0.03697899614,0.00811065417,0.1000787355,0.1726061019,0.009921260178,0.002362204716,4.35100076e-08
3.33,-0.4946176917,-0.08198101761,0.686387557,0.04610555556,-0.04490615394,0.9989912098,0.002637792114,0.999996521,0,0,1.310277988,1.557282569,-1.471289998,1.72342036,0.5031699246,-0.1909668139,-0.2083843255,-1.31813211,1.6493361,1.117710446,1.333693011,0.3954629925,0.3828285553,-0.7971615681,0.3025042971,-0.01632227056,0.05990918864,0.02007525987,-0.654420695,0.08450379676,0.5632445536,-0.282892772,0,0.3592409208,0.4018472319,-0.7014135024,-0.597270259,0.3029206246,0.008116279349,0.0369781954,0.008116279349,0.1000787355,0.1719522157,0.009921260178,0.002362204716,4.35100076e-08
3.34,-0.4877240867,-0.08151899502,0.6923087129,0.04629764523,-0.04490615394,0.9989912098,0.002637792114,0.999996521,0,0,1.313303031,1.557119347,-1.470690907,1.723621113,0.4966257176,-0.1901217759,-0.20275188,-1.320961038,1.6493361,1.121302855,1.337711483,0.3884488575,0.3768558527,-0.7941323618,0.3012717474,-0.02064759893,0.07061507179,0.01609378561,-0.6646710278,0.09179245067,0.5726727965,-0.2806505143,-2.220446049e-14,0.3582592154,0.4053041399,-0.7045129845,-0.5968545282,0.3105575061,0.008121907979,0.0369788463,0.008121907979,0.1000787355,0.1705072406,0.009921260178,0.002362204716,4.35100076e-08
3.35,-0.480772015,-0.08105509124,0.6980805974,0.04648177628,-0.04490615394,0.9989912098,0.002637792114,0.999996521,0,0,1.316315748,1.556912871,-1.469984756,1.723782051,0.4899790073,-0.1892038514,-0.197025152,-1.323767543,1.6493361,1.124885448,1.341764524,0.3814037276,0.3708873075,-0.7910267867,0.3034172831,-0.02365158824,0.07402437915,0.01529180696,-0.6733036904,0.09147774943,0.5817351816,-0.2820315572,2.220446049e-14,0.3603024922,0.4074413134,-0.7080762203,-0.6011451968,0.3141785592,0.008127426971,0.03698103865,0.008127426971,0.1000787355,0.1687903729,0.009921260178,0.002362204716,4.351000782e-08
3.36,-0.473762978,-0.08058938632,0.7037015102,0.04665785803,-0.04490615394,0.9989912098,0.002637792114,0.999996521,0,0,1.319349921,1.556676355,-1.469244512,1.723934969,0.4832459704,-0.1882890739,-0.1912078002,-1.326587859,1.6493361,1.128488472,1.345838937,0.3743229654,0.3648758555,-0.7878850012,0.3029831268,-0.02589261274,0.08123498294,0.01209977388,-0.6809685722,0.09807379407,0.5889576285,-0.2805460205,0,0.359884124,0.4104034736,-0.7111047693,-0.6015768661,0.3207449387,0.008132932787,0.03698468117,0.008132932787,0.1000787355,0.1678082609,0.009921260178,0.002362204716,4.35100076e-08
3.37,-0.4666984935,-0.0801219612,0.7091698104,0.04682580301,-0.04490615394,0.9989912098,0.002637792114,0.999996521,0,0,1.322379753,1.556417429,-1.468432162,1.724055967,0.4764362847,-0.187308336,-0.1853182239,-1.329393319,1.6493361,1.132087314,1.349942972,0.3672119177,0.3588600868,-0.7846775518,0.303662771,-0.02609635774,0.08436563937,0.009060985199,-0.6862012314,0.1036124974,0.5947023004,-0.2797216474,0,0.3594727443,0.4112814293,-0.7134562046,-0.6023418744,0.3263126925,0.008138391575,0.03698984288,0.008138391575,0.1000787355,0.1664004701,0.009921260178,0.002362204716,4.35100076e-08
3.38,-0.4595800957,-0.07965289767,0.7144839166,0.04698552691,-0.04490615394,0.9989912098,0.002637792114,0.999996521,0,0,1.32541638,1.556156465,-1.467588506,1.724146576,0.4695742724,-0.186272211,-0.1793712009,-1.332190535,1.6493361,1.135682041,1.354055786,0.3600773557,0.3528366681,-0.7814144248,0.3050702831,-0.02591160612,0.08593816785,0.007208989232,-0.6909692049,0.1072796257,0.5999038483,-0.2798784823,-2.220446049e-14,0.3602166625,0.412885406,-0.716241198,-0.6046547249,0.3307951825,0.008143869561,0.03699645808,0.008143869561,0.1000787355,0.1640672692,0.009921260178,0.002362204716,4.35100076e-08
3.39,-0.4524093342,-0.07918227834,0.7196423072,0.04713694859,-0.04490615394,0.9989912098,0.002637792114,0.999996521,0,0,1.328467083,1.555897349,-1.466729124,1.724218666,0.4626645804,-0.1851994148,-0.1733721624,-1.33498932,1.6493361,1.139284208,1.358184641,0.3529149437,0.3467901208,-0.778106473,0.303964998,-0.02469870963,0.09096182402,0.003359937417,-0.6944015745,0.1176386514,0.6026832248,-0.2773942586,2.220446049e-14,0.3588901143,0.415832434,-0.7188766708,-0.6035471523,0.3379925278,0.008149389539,0.03700453277,0.008149389539,0.1002077161,0.1626377916,0.009921260178,0.002362204716,4.351000782e-08
3.4,-0.4451877735,-0.07871018663,0.7246435199,0.04727999009,-0.04490615394,0.9989912098,0.002637792114,0.999996521,0,0,1.331506733,1.555650362,-1.465819506,1.724252266,0.4557205646,-0.1840230283,-0.1673453302,-1.337763263,1.6493361,1.142873109,1.362342965,0.345726177,0.3407546493,-0.7747265477,0.3060540843,-0.02482393917,0.091497041,0.002523570984,-0.6992896379,0.118982251,0.6081840206,-0.2784358272,0,0.3605091574,0.4175774911,-0.7216763062,-0.6071053903,0.3413413234,0.008154923065,0.03701411686,0.008154923065,0.1013495407,0.1626377916,0.009921260178,0.002362204716,4.35100076e-08
3.41,-0.4379169924,-0.07823670672,0.729486152,0.04741457663,-0.04490615394,0.9989912098,0.002637792114,0.999996521,0,0,1.334567274,1.555402122,-1.464904536,1.724277501,0.4487276682,-0.1828332057,-0.16126349,-1.340547621,1.6493361,1.1464782,1.36651874,0.3385094139,0.3346835954,-0.7713131345,0.3047978446,-0.02363387496,0.09643096878,-0.001231662693,-0.7022673999,0.1291372847,0.6105323266,-0.2758938068,2.220446049e-14,0.359052708,0.4202966099,-0.7241172704,-0.6057510552,0.3483374943,0.008119755658,0.03702515872,0.008119755658,0.1032851685,0.1626377916,0.009921260178,0.002362204716,4.35100076e-08
3.42,-0.4305985836,-0.07776192352,0.7341688604,0.04754063658,-0.04490615394,0.9989912098,0.002637792114,0.999996521,0,0,1.337615252,1.555165784,-1.463940226,1.724265185,0.4417049942,-0.1815418329,-0.1551581667,-1.343306559,1.6493361,1.150068728,1.370721706,0.3312682412,0.3286260849,-0.7678297596,0.3057442878,-0.02337840582,0.09817969073,-0.003433656119,-0.706221876,0.1333686102,0.6151120806,-0.2755383196,-2.220446049e-14,0.359141202,0.4212198184,-0.7262023404,-0.6069969043,0.3527973039,0.008048373327,0.0370376897,0.008048373327,0.1047269969,0.1611672466,0.009921260178,0.002362204716,4.351000737e-08
3.43,-0.4232341526,-0.07728592264,0.7386903614,0.04765810153,-0.04490615394,0.9989912098,0.002637792114,0.999996521,0,0,1.340672695,1.554932,-1.462958429,1.724230848,0.4346427755,-0.1802081468,-0.1490070459,-1.346061942,1.6493361,1.15366014,1.374933904,0.3240062178,0.3225561158,-0.7643017865,0.3057402816,-0.02278757195,0.1010333263,-0.006478641177,-0.709466378,0.1399026673,0.6187181128,-0.2741691491,0,0.3582893729,0.422096021,-0.7280821361,-0.6067113095,0.3581543942,0.007977541633,0.03705164636,0.007977541633,0.1050787456,0.1587785635,0.009493105543,0.002362204716,4.35100076e-08
3.44,-0.4158253178,-0.07680879036,0.7430494311,0.04776690619,-0.04490615394,0.9989912098,0.002637792114,0.999996521,0,0,1.343730098,1.554704124,-1.461948096,1.724166062,0.4275481117,-0.1788091201,-0.1428198648,-1.348803634,1.6493361,1.157243033,1.379154864,0.3167253965,0.3164890027,-0.7607202426,0.304990812,-0.02190526551,0.1049268497,-0.009519514698,-0.7122360912,0.1479592341,0.621201588,-0.2722633025,0,0.3573145012,0.4242931666,-0.7302412625,-0.6060165213,0.3640417629,0.007908096185,0.03706701392,0.007908096185,0.1050787456,0.1573959085,0.008538841178,0.002362204716,4.35100076e-08
3.45,-0.4083737093,-0.07633061359,0.7472449049,0.0478669885,-0.04490615394,0.9989912098,0.002637792114,0.999996521,0,0,1.346780006,1.554485071,-1.460898827,1.724070867,0.4204257508,-0.1773295278,-0.1366078489,-1.351526267,1.6493361,1.160816178,1.383397796,0.3094229838,0.3104288375,-0.757079825,0.3064025794,-0.02188411904,0.1058737445,-0.0106390258,-0.7160974628,0.1501570794,0.6256979096,-0.2726408728,0,0.3582386734,0.4257238744,-0.7322883133,-0.6083864278,0.3674060796,0.007840759121,0.0370838202,0.007840759121,0.1050787456,0.1562300435,0.007582487844,0.002362204716,4.35100076e-08
3.46,-0.4008809687,-0.07585147986,0.7512756779,0.04795828953,-0.04490615394,0.9989912098,0.002637792114,0.999996521,0,0,1.349844032,1.55426623,-1.45984009,1.723964476,0.4132647762,-0.175827957,-0.1303508698,-1.354252676,1.6493361,1.164398565,1.387655035,0.3021001007,0.3043449732,-0.7534057642,0.3039184008,-0.02043456844,0.1117525153,-0.01491019622,-0.717501322,0.1620740659,0.6261908822,-0.2690221307,0,0.3557389313,0.4281599062,-0.7342437144,-0.6051735867,0.3748056835,0.007773402604,0.03710205409,0.007773402604,0.1050787456,0.154287589,0.006571050357,0.002362204716,4.35100076e-08
3.47,-0.3933487482,-0.07537147726,0.7551407046,0.04804075354,-0.04490615394,0.9989912098,0.002637792114,0.999996521,0,0,1.352883216,1.554061884,-1.458722565,1.723815374,0.4060897629,-0.1742072163,-0.124088961,-1.356942897,1.6493361,1.167955954,1.391936634,0.2947576636,0.2982932374,-0.7496577073,0.3054656973,-0.02052679967,0.1122781601,-0.0160365851,-0.7211514614,0.1636678159,0.630818129,-0.2694703456,0,0.3565403621,0.4288664598,-0.7358394265,-0.6073667185,0.3777754839,0.007709562525,0.03712169142,0.007709562525,0.1050787456,0.1530369259,0.005320386325,0.002362204716,4.35100076e-08
3.48,-0.3857787104,-0.07489069442,0.7588389992,0.04811432798,-0.04490615394,0.9989912098,0.002637792114,0.999996521,0,0,1.355937873,1.553856616,-1.457599783,1.723655009,0.3988782483,-0.1725705382,-0.1177807797,-1.3596376,1.6493361,1.171521358,1.396225298,0.2873992693,0.2922195702,-0.7458799525,0.3033406858,-0.01933065486,0.117208861,-0.02062874222,-0.7223115528,0.1744511105,0.6318499941,-0.266022246,2.220446049e-14,0.3536927032,0.4292960168,-0.7371102362,-0.6036517779,0.3845459043,0.007645434017,0.03714271451,0.007645434017,0.1050787456,0.1526378011,0.004921261221,0.002362204716,4.35100076e-08
3.49,-0.3781725271,-0.07440922049,0.7623696354,0.04817896345,-0.04490615394,0.9989912098,0.002637792114,0.999996521,0,0,1.35897128,1.55366331,-1.456427694,1.723448721,0.3916551328,-0.1708260271,-0.1114622797,-1.362297823,1.6493361,1.175058285,1.400518258,0.2800281669,0.2861830524,-0.7420344934,0.3036808621,-0.01902420015,0.1191167757,-0.02235166289,-0.7249868665,0.1785301199,0.6349425447,-0.2653774187,0,0.3536591961,0.4306013904,-0.7386335314,-0.6043625765,0.3884075797,0.007584218114,0.03716502838,0.007584218114,0.1054714004,0.1522451452,0.004921261221,0.002362204716,4.351000737e-08
3.5,-0.3705318794,-0.0739271451,0.7657317464,0.04823461375,-0.04490615394,0.9989912098,0.002637792114,0.999996521,0,0,1.362008088,1.553473068,-1.455236527,1.723225204,0.3844052641,-0.1690407259,-0.1051128543,-1.364951597,1.6493361,1.178594877,1.404824272,0.2726418316,0.2801394266,-0.7381504176,0.3028015922,-0.01833053383,0.1224198733,-0.0249220916,-0.7267273777,0.1852844309,0.6366159192,-0.2635493365,-4.440892099e-14,0.3525819153,0.4320852034,-0.7401084819,-0.603333501,0.3933557177,0.007523710386,0.0371887048,0.007523710386,0.1067311471,0.1509853948,0.004921261221,0.002362204716,4.351000737e-08
3.51,-0.3628584566,-0.07344455831,0.768924525,0.04828123583,-0.04490615394,0.9989912098,0.002637792114,0.999996521,0,0,1.365036104,1.553289762,-1.454012328,1.722975984,0.3771379904,-0.1671878816,-0.09874669509,-1.36758709,1.6493361,1.182120696,1.409145124,0.2652407468,0.2741060916,-0.7342168605,0.3016198827,-0.01756085074,0.1260023143,-0.02765891916,-0.7281403265,0.1925701879,0.6378933526,-0.2614312422,2.220446049e-14,0.3512341706,0.4335404582,-0.7414582008,-0.601846048,0.3984504704,0.007464867048,0.03721371247,0.007464867048,0.108189626,0.149130667,0.004921261221,0.002362204716,4.351000782e-08
3.52,-0.3551539559,-0.07296155061,0.7719472234,0.04831878982,-0.04490615394,0.9989912098,0.002637792114,0.999996521,0,0,1.368052303,1.553114154,-1.452752305,1.722699394,0.3698565871,-0.1652621797,-0.09236776156,-1.370201403,1.6493361,1.185633038,1.413480529,0.2578261648,0.2680876311,-0.7302323558,0.3018088839,-0.01730331621,0.1277481448,-0.0293046132,-0.7302876913,0.1963273314,0.6405786308,-0.2606817027,0,0.3509948035,0.4344442495,-0.7425393872,-0.6021848971,0.4019754849,0.007407883067,0.03724002582,0.007407883067,0.1091556405,0.1479597823,0.004921261221,0.002362204716,4.35100076e-08
3.53,-0.3474200814,-0.07247821287,0.7747991535,0.04834723905,-0.04490615394,0.9989912098,0.002637792114,0.999996521,0,0,1.371070392,1.552941121,-1.451474823,1.722406348,0.3625537102,-0.1632989064,-0.08596197525,-1.37280822,1.6493361,1.189142986,1.417824972,0.2504007709,0.2620657822,-0.7262126009,0.2989813153,-0.01609697623,0.1328839881,-0.03414104358,-0.7301744643,0.2075034952,0.640357242,-0.2567116913,0,0.3475341634,0.4341030987,-0.7433383422,-0.5971700187,0.4085290366,0.007351498136,0.03726764466,0.007351498136,0.1100787409,0.1476336818,0.004921261221,0.002362204716,4.35100076e-08
3.54,-0.3396585441,-0.07199463629,0.7774796867,0.04836654999,-0.04490615394,0.9989912098,0.002637792114,0.999996521,0,0,1.374060205,1.552780151,-1.450145983,1.722064938,0.3552519655,-0.1612238714,-0.07955840283,-1.375375337,1.6493361,1.192618327,1.422166002,0.2429673875,0.256094082,-0.7221273105,0.300060394,-0.01618204545,0.1333571833,-0.03495985465,-0.7326602882,0.2087812092,0.6438548461,-0.2568700044,2.220446049e-14,0.3480666464,0.434695707,-0.7440732077,-0.5987275823,0.4108195389,0.007298069552,0.03729639329,0.007298069552,0.1100787409,0.1470930021,0.004921261221,0.002362204716,4.35100076e-08
3.55,-0.3318710609,-0.07151091243,0.779988254,0.0483766923,-0.04490615394,0.9989912098,0.002637792114,0.999996521,0,0,1.377060809,1.552618331,-1.448812412,1.721715339,0.3479253627,-0.1591360593,-0.07311985437,-1.377944037,1.6493361,1.196098994,1.42651296,0.2355266554,0.2501068062,-0.7180191152,0.29626581,-0.01473275383,0.1395856332,-0.03918749444,-0.7317238075,0.2209065909,0.6417800614,-0.2524072599,-4.440892099e-14,0.3446003875,0.4362335618,-0.7452715321,-0.5935521528,0.4177528413,0.007244410455,0.0373264284,0.007244410455,0.1100787409,0.1456889006,0.004921261221,0.002362204716,4.351000737e-08
3.56,-0.324059354,-0.0710271331,0.7823243459,0.04837763882,-0.04490615394,0.9989912098,0.002637792114,0.999996521,0,0,1.380023467,1.552471003,-1.447416555,1.721323464,0.3406081246,-0.1569269934,-0.06670205376,-1.380468109,1.6493361,1.199544998,1.430875295,0.2280739401,0.2441712846,-0.7138415867,0.297031865,-0.01476952863,0.1402305729,-0.04010391245,-0.7337423832,0.2225007938,0.6447888211,-0.2522914909,2.220446049e-14,0.3448492027,0.4366896523,-0.7457331785,-0.5946103367,0.4200333796,0.007194297039,0.03735760817,0.007194297039,0.1100787409,0.1438030265,0.004921261221,0.002362204716,4.351000782e-08
3.57,-0.3162251504,-0.07054339038,0.7844875123,0.04836936556,-0.04490615394,0.9989912098,0.002637792114,0.999996521,0,0,1.382993786,1.552323308,-1.44601425,1.720922425,0.3332707007,-0.1547019855,-0.06025416555,-1.382991024,1.6493361,1.20299349,1.435242192,0.2206166083,0.2382251813,-0.7096412529,0.2941587438,-0.01372103481,0.1450794076,-0.0434548989,-0.7331327078,0.2319049637,0.6435415913,-0.2487884991,2.220446049e-14,0.3421476333,0.4377706519,-0.7465778009,-0.5906610675,0.4256765827,0.007144084994,0.03739002682,0.007144084994,0.1100787409,0.1427664256,0.004921261221,0.002362204716,4.35100076e-08
3.58,-0.3083701815,-0.07005977659,0.7864773629,0.0483518517,-0.04490615394,0.9989912098,0.002637792114,0.999996521,0,0,1.385935373,1.552186097,-1.444563455,1.720487876,0.3259393737,-0.1523829358,-0.05381874963,-1.385478909,1.6493361,1.206414966,1.439619898,0.2131508303,0.2323185706,-0.7053844871,0.2934852373,-0.01338352831,0.1470713527,-0.04624230452,-0.7337670254,0.236912644,0.6451935055,-0.2470700993,-2.220446049e-14,0.3405869744,0.4366029845,-0.7466084728,-0.5885767415,0.4291602618,0.007096434808,0.03742355721,0.007096434808,0.1100787409,0.1426377958,0.004921261221,0.002362204716,4.351000737e-08
3.59,-0.300496182,-0.06957638421,0.7882935667,0.0483250796,-0.04490615394,0.9989912098,0.002637792114,0.999996521,0,0,1.388870226,1.552052262,-1.443092742,1.720025453,0.3186017034,-0.1500138094,-0.04736681458,-1.38794961,1.6493361,1.209820836,1.443985928,0.2056847456,0.2264328032,-0.7010928845,0.2915013784,-0.01268722041,0.1506041269,-0.04894013106,-0.7334745866,0.2439000934,0.6448378003,-0.2444306443,-2.220446049e-14,0.3385345571,0.4370312674,-0.7470386188,-0.5856399896,0.4335748515,0.007049633077,0.03745814241,0.007049633077,0.1100787409,0.1419745459,0.004921261221,0.002362204716,4.35100076e-08
3.6,-0.2926048899,-0.06909330591,0.7899358525,0.0482890348,-0.04490615394,0.9989912098,0.002637792114,0.999996521,0,0,1.391785239,1.55192539,-1.441586701,1.719536052,0.3112669575,-0.1475748085,-0.04091843658,-1.390393917,1.6493361,1.213206182,1.448356241,0.1982143594,0.2205764033,-0.696757136,0.2896576663,-0.01206079286,0.1538908881,-0.05133791768,-0.7331686437,0.250293234,0.6445155036,-0.2419781646,2.220446049e-14,0.3366804566,0.4375770221,-0.747347977,-0.5830249133,0.4376699394,0.007004543824,0.03749379334,0.007004543824,0.1100787409,0.1400756138,0.004921261221,0.002362204716,4.351000782e-08
3.61,-0.2846980454,-0.06861063446,0.7914040085,0.04824370599,-0.04490615394,0.9989912098,0.002637792114,0.999996521,0,0,1.394681816,1.551804782,-1.440047792,1.719022673,0.3039352711,-0.1450718761,-0.03447328154,-1.392813698,1.6493361,1.216572986,1.452732011,0.1907408796,0.2147461541,-0.6923804366,0.2885933553,-0.01170521673,0.1561414776,-0.05312202551,-0.7332726437,0.2547353874,0.6450075424,-0.2402707809,0,0.3354393316,0.4378522711,-0.7473880827,-0.5814350277,0.4408471223,0.006961002636,0.03751658339,0.006961002636,0.1100787409,0.1383308123,0.004921261221,0.002362204716,4.35100076e-08
3.62,-0.2767773906,-0.06812846276,0.7926978824,0.04818908507,-0.04490615394,0.9989912098,0.002637792114,0.999996521,0,0,1.39756775,1.55168773,-1.438486377,1.718491452,0.2966025447,-0.1425245222,-0.02802320612,-1.395216406,1.6493361,1.219927379,1.457110534,0.1832669988,0.2089318039,-0.6879719654,0.2854803407,-0.01080793508,0.1606546927,-0.05614442262,-0.7318112353,0.2632363288,0.6430108675,-0.2367222261,0,0.3325804686,0.4383757663,-0.7476706055,-0.5770484574,0.4457731009,0.00691834784,0.03751330367,0.00691834784,0.1100787409,0.1376378005,0.004921261221,0.002362204716,4.35100076e-08
3.63,-0.268844669,-0.06764688375,0.7938173815,0.0481251671,-0.04490615394,0.9989912098,0.002637792114,0.999996521,0,0,1.400422553,1.55157965,-1.43687983,1.717930008,0.2892844323,-0.139892159,-0.02159309744,-1.397583628,1.6493361,1.223253184,1.461494291,0.1757902927,0.2031613193,-0.6835142344,0.2852242095,-0.01073198102,0.161652508,-0.05808864726,-0.7321139609,0.2661296126,0.6446310576,-0.2355744338,-2.220446049e-14,0.3315140264,0.4370133328,-0.7470552498,-0.5756238994,0.4479404581,0.006877905038,0.03751145793,0.006877905038,0.1100787409,0.1376378005,0.004921261221,0.002362204716,4.35100076e-08
3.64,-0.2609016244,-0.06716599042,0.7947624726,0.04805195029,-0.04490615394,0.9989912098,0.002637792114,0.999996521,0,0,1.403274795,1.551472331,-1.435263305,1.717349122,0.2819632927,-0.1372308628,-0.01514678687,-1.399939373,1.6493361,1.226568324,1.465864425,0.1683197402,0.1974050803,-0.6790348298,0.2807977513,-0.009583567747,0.1673467267,-0.06207717423,-0.7294257311,0.276913058,0.6410353747,-0.2308619365,0,0.3274751638,0.4369476574,-0.7472885109,-0.569063635,0.4537117104,0.006827778946,0.03751105165,0.006827778946,0.1107467594,0.1376034346,0.004921261221,0.002362204716,4.351000782e-08
3.65,-0.2529500008,-0.06668587574,0.7955331822,0.04796943607,-0.04490615394,0.9989912098,0.002637792114,0.999996521,0,0,1.406082773,1.551376495,-1.433589838,1.71672835,0.2746690354,-0.1344617322,-0.008736433119,-1.402247992,1.6493361,1.229843076,1.470233901,0.1608468551,0.1917144439,-0.6744977127,0.2811001103,-0.00969476473,0.1676137277,-0.06274781273,-0.7299806392,0.2777455148,0.6428478927,-0.2304429214,2.220446049e-14,0.3272806428,0.4366042887,-0.7464666671,-0.5691993413,0.4549289006,0.00676924262,0.03751201057,0.00676924262,0.1117069878,0.1368122138,0.004921261221,0.002362204716,4.351000782e-08
3.66,-0.2449915417,-0.06620663267,0.7961295961,0.04787762902,-0.04490615394,0.9989912098,0.002637792114,0.999996521,0,0,1.408893774,1.551279547,-1.4319137,1.716100872,0.267369229,-0.1316842771,-0.002307954192,-1.404552421,1.6493361,1.233115882,1.474599944,0.1533821885,0.1860224505,-0.6699484237,0.3073503477,0.2115076543,-0.0531305273,-0.06635155159,-0.507986523,0.352234925,0.3896768354,-0.225613949,0,0.3231896763,0.4368912234,-0.7466257786,-0.5625285754,0.4605721012,0.00671042042,0.03751435741,0.00671042042,0.1126654731,0.1351467062,0.004921261221,0.002362204716,4.35100076e-08
3.67,-0.2370279894,-0.06572835411,0.7965518599,0.04777653688,-0.04490615394,0.9989912098,0.002637792114,0.999996521,0,0,1.411967277,1.553394624,-1.432445006,1.715437356,0.2622893638,-0.1281619279,0.001588814162,-1.406808561,1.6493361,1.236347779,1.478968856,0.1459159307,0.1803971648,-0.6653427027,0.3099635052,0.2315320571,-0.07227519942,-0.06724200348,-0.4885684766,0.359667551,0.3679699519,-0.2247157777,0,0.3225305651,0.4364377054,-0.7456228441,-0.5618346978,0.4619825511,0.007394273684,0.03751799819,0.007394273684,0.1100398099,0.1334836991,0.007017772793,0.002362204716,4.35100076e-08
3.68,-0.2290610843,-0.06525113285,0.7968001786,0.04766617059,-0.04490615394,0.9989912098,0.002637792114,0.999996521,0,0,1.415066912,1.555709944,-1.433167758,1.714764936,0.257403679,-0.1245652523,0.005268513681,-1.409055719,1.6493361,1.239573085,1.483333233,0.1384597022,0.1747788178,-0.6607228771,0.3149023688,0.2949996724,-0.1330121571,-0.0707187739,-0.4256853857,0.3809234323,0.2927926549,-0.2205406885,0,0.3188067783,0.4355303216,-0.7452631834,-0.5556087732,0.466576243,0.008144841184,0.03752297417,0.008144841184,0.1062586268,0.1327001859,0.009300121514,0.002362204716,4.35100076e-08
3.69,-0.2210925648,-0.06477506156,0.7968748167,0.04754654426,-0.04490615394,0.9989912098,0.002637792114,0.999996521,0,0,1.418215936,1.558659941,-1.434497879,1.714057749,0.2531468252,-0.120756018,0.00819644023,-1.411261125,1.6493361,1.242761153,1.487688537,0.1310070704,0.1692227301,-0.6560571147,0.3168404497,0.3191360158,-0.1553796281,-0.0728176332,-0.4020591154,0.3897609984,0.2648953132,-0.2184680592,0,0.3169045846,0.4341222975,-0.7441702058,-0.5525482234,0.4688085855,0.008337447071,0.03752919376,0.008337447071,0.1037174363,0.1326377904,0.01158293338,0.002362204716,4.35100076e-08
3.7,-0.2131241659,-0.06430023277,0.7967760984,0.04741767517,-0.04490615394,0.9989912098,0.002637792114,0.999996521,0,0,1.421384341,1.561851301,-1.436051676,1.713329572,0.249126234,-0.116858408,0.01084539336,-1.413445806,1.6493361,1.245930198,1.49202976,0.1235653683,0.1636972478,-0.6513690289,0.3139358428,0.3194870685,-0.1523666078,-0.07502480663,-0.4020435073,0.3909096288,0.2617259946,-0.2152848906,0,0.3141626007,0.4337111955,-0.7434201582,-0.5481161312,0.4721194615,0.008351773218,0.03753667069,0.008351773218,0.101429743,0.1326377904,0.01386571091,0.002362204716,4.35100076e-08
3.71,-0.2051576194,-0.0638267388,0.7965044073,0.04727958377,-0.04490615394,0.9989912098,0.002637792114,0.999996521,0,0,1.424523699,1.565046172,-1.437575342,1.712579324,0.2451057989,-0.1129493117,0.01346265331,-1.415598655,1.6493361,1.249071824,1.496366872,0.1161311668,0.1582160865,-0.6466478342,0.3113872912,0.3197869833,-0.1496632068,-0.07698002599,-0.4019224144,0.3919004808,0.2589685505,-0.2124159193,0,0.3116859389,0.4331662281,-0.7424361869,-0.5441320759,0.4749518909,0.008366649339,0.03754534435,0.008366649339,0.09762534471,0.1326377904,0.01737465407,0.002362204716,4.35100076e-08
3.72,-0.1971946528,-0.06335467176,0.7960601866,0.04713229369,-0.04490615394,0.9989912098,0.002637792114,0.999996521,0,0,1.427637572,1.568244042,-1.439071974,1.711809524,0.2410865748,-0.1090303069,0.01605233881,-1.417722814,1.6493361,1.252188684,1.500698534,0.1087068049,0.1527747658,-0.6418983153,0.3094614588,0.3200365168,-0.1475090489,-0.07852610684,-0.4017107673,0.3926705086,0.2568986544,-0.2100704713,0,0.3096393306,0.432436431,-0.7411715464,-0.540880364,0.4770998762,0.008382082516,0.03755519268,0.008382082516,0.09306290727,0.1326377904,0.02193709577,0.002362204716,4.35100076e-08
3.73,-0.1892369891,-0.0628841235,0.7954439391,0.04697583174,-0.04490615394,0.9989912098,0.002637792114,0.999996521,0,0,1.430732186,1.571444407,-1.440547064,1.711024263,0.2370694671,-0.1051036019,0.01862132536,-1.419823519,1.6493361,1.255285077,1.505022898,0.1012950894,0.1473659621,-0.6371273166,0.3057047489,0.3200874589,-0.1439204601,-0.0811797145,-0.4014129288,0.3937284636,0.2528448885,-0.2061793007,2.220446049e-14,0.306142418,0.431504732,-0.7402278973,-0.5349724197,0.4806789336,0.008398085082,0.03756620246,0.008398085082,0.08929112421,0.131971189,0.0258298972,0.002362204716,4.35100076e-08
3.74,-0.1812863456,-0.0624151856,0.794656227,0.04681022789,-0.04490615394,0.9989912098,0.002637792114,0.999996521,0,0,1.433789234,1.574645282,-1.441986269,1.710212466,0.2330553378,-0.1011663172,0.02114977424,-1.421885312,1.6493361,1.258346501,1.509337945,0.09389281046,0.1420162379,-0.6323205272,0.3046737041,0.320260713,-0.1425990423,-0.08309751151,-0.400796416,0.3950656212,0.2521022732,-0.2044301247,0,0.3043493326,0.4291206513,-0.7383416076,-0.5318694253,0.4817609888,0.008414613209,0.03757828819,0.008414613209,0.08707906477,0.1295068477,0.02798657053,0.002362204716,4.351000737e-08
3.75,-0.173344434,-0.06194794931,0.7936976722,0.04663551531,-0.04490615394,0.9989912098,0.002637792114,0.999996521,0,0,1.436835971,1.577847889,-1.443412259,1.709381491,0.2290473737,-0.09721566101,0.02367079697,-1.423929613,1.6493361,1.261389995,1.513629152,0.08650939438,0.1366975437,-0.6275029174,0.2997617803,0.3200611552,-0.1381638594,-0.08598863481,-0.4004305326,0.3957559507,0.2466416848,-0.1996157496,-2.220446049e-14,0.3000463084,0.4283970882,-0.7375183214,-0.5244910176,0.4860089885,0.008431727381,0.03759149065,0.008431727381,0.08439773719,0.1276377952,0.03026175958,0.002362204716,4.351000737e-08
3.76,-0.1654129594,-0.06148250553,0.7925689561,0.04645173031,-0.04490615394,0.9989912098,0.002637792114,0.999996521,0,0,1.439833589,1.5810485,-1.444793898,1.708521604,0.2250430683,-0.0932581015,0.02613721382,-1.425925771,1.6493361,1.264390458,1.517913123,0.07913421117,0.1314526335,-0.6226428275,0.2995124891,0.3201352591,-0.1374584398,-0.08641276234,-0.3997982881,0.3959236155,0.2465267472,-0.1987528342,0,0.2992510391,0.4271342224,-0.7352080589,-0.5234123459,0.4859914586,0.008449333439,0.03760566086,0.008449333439,0.07985333986,0.1276377952,0.03253395867,0.002362204716,4.35100076e-08
3.77,-0.1574936196,-0.06101894481,0.7912708196,0.04625891241,-0.04490615394,0.9989912098,0.002637792114,0.999996521,0,0,1.442828714,1.584249853,-1.446168482,1.707657477,0.2210450855,-0.08929886534,0.02860248129,-1.427913299,1.6493361,1.267382968,1.522184465,0.07178213058,0.12621851,-0.6177829129,0.2940068386,0.3197086401,-0.1326544085,-0.08943859309,-0.3993128193,0.3963551828,0.2403556657,-0.1934371755,0,0.2944303564,0.4262340426,-0.7343365252,-0.5150516319,0.490463442,0.008467537335,0.03762092957,0.008467537335,0.07531589532,0.1276377952,0.03480268136,0.002362204716,4.35100076e-08
3.78,-0.149588105,-0.06055735725,0.7898040631,0.04605710427,-0.04490615394,0.9989912098,0.002637792114,0.999996521,0,0,1.445768782,1.587446939,-1.447495026,1.706763091,0.2170519573,-0.08533531352,0.03100603795,-1.429847671,1.6493361,1.270327272,1.526446806,0.06443876533,0.1210679937,-0.6128782785,0.2933433417,0.3196096903,-0.1316751794,-0.08994919323,-0.3985127004,0.396343394,0.2398006079,-0.1922618935,0,0.2933184501,0.4248245917,-0.7318498666,-0.5133806698,0.4904714186,0.008486208835,0.03763706841,0.008486208835,0.07245407959,0.1276377952,0.04135980923,0.002362204716,4.35100076e-08
3.79,-0.1416980976,-0.06009783254,0.7881695467,0.04584635176,-0.04490615394,0.9989912098,0.002637792114,0.999996521,0,0,1.448702215,1.590643036,-1.448811778,1.705863599,0.2130668303,-0.08137187958,0.03340404403,-1.43177029,1.6493361,1.273260456,1.530695051,0.05712026666,0.115934187,-0.6079735643,0.2888522898,0.3190947216,-0.1278088894,-0.09321965569,-0.3976517659,0.3972790926,0.2350502271,-0.1685309694,-0.06337162848,0.2121453286,0.4223858102,-0.6696668272,-0.5022293296,0.4173473871,0.008505459981,0.03765423503,0.008505459981,0.07049979875,0.1276377952,0.04814076811,0.002362204716,4.35100076e-08
3.8,-0.1338252703,-0.05964045987,0.7863681899,0.0456267039,-0.04490615394,0.9989912098,0.002637792114,0.999996521,0,0,1.451590738,1.593833983,-1.450089867,1.704931402,0.2090903126,-0.07739908865,0.0357545463,-1.433455599,1.648702383,1.275381909,1.53491891,0.05042359839,0.1109118937,-0.6038000904,0.286910053,0.3187339697,-0.1259090865,-0.09449771785,-0.396692942,0.3973585293,0.2331043637,-0.1568566732,-0.0944243239,0.1727184691,0.4205779729,-0.6378270605,-0.4970367825,0.3807007653,0.00852519108,0.03746953652,0.00852519108,0.06675493889,0.125736886,0.05110308844,0.002601212685,0.0006337597948
3.81,-0.1259712867,-0.05918532794,0.7844009718,0.0453982129,-0.04490615394,0.9989912098,0.002637792114,0.999996521,0,0,1.454459839,1.597021323,-1.451348958,1.703986425,0.2051233832,-0.07342550336,0.03808558994,-1.435024166,1.64775814,1.277109094,1.539124689,0.04404532778,0.1059415259,-0.5999930828,0.2836109241,0.3181722961,-0.1230039936,-0.09611837061,-0.3957948431,0.397117194,0.2294870727,-0.1168458431,-0.21790407,0.02200528207,0.4190919113,-0.5171867129,-0.4887957038,0.2341019839,0.008545459156,0.03718586397,0.008545459156,0.06225493728,0.1224511278,0.05347858245,0.003636970988,0.001578003034
3.82,-0.1181378002,-0.0587325249,0.7822689312,0.04516093413,-0.04490615394,0.9989912098,0.002637792114,0.999996521,0,0,1.457295948,1.600203046,-1.452578998,1.703025241,0.2011654347,-0.06945433142,0.04038046066,-1.436192624,1.645579099,1.277329147,1.543315608,0.03887346066,0.1010535689,-0.5976520629,0.2804174259,0.3175512669,-0.1202083403,-0.09762257085,-0.3947955473,0.3967676898,0.2260178428,-0.08071639102,-0.3286268341,-0.1125854498,0.4175149428,-0.4090999281,-0.4813908943,0.102605523,0.008566223491,0.03650698559,0.008566223491,0.05776668141,0.1183768837,0.05723331552,0.006623115733,0.003757043734
3.83,-0.1103264538,-0.05828213835,0.779973166,0.04491492613,-0.04490615394,0.9989912098,0.002637792114,0.999996521,0,0,1.460100122,1.603378559,-1.453781081,1.702049016,0.1972174793,-0.06548665452,0.04264063909,-1.436999788,1.642292831,1.276203292,1.547490758,0.03478246137,0.09623965992,-0.5966260077,0.2782722624,0.3169512469,-0.1182579771,-0.09854330967,-0.3936562924,0.3962622989,0.2237916873,-0.07806718841,-0.3307513478,-0.1152569284,0.4157677638,-0.4044671784,-0.4803551055,0.100817152,0.008587479602,0.03547342387,0.008587479602,0.05329111242,0.1147464865,0.06170888534,0.01025351295,0.007043312075
3.84,-0.1025388788,-0.05783425527,0.7775148342,0.04466025065,-0.04490615394,0.9989912098,0.002637792114,0.999996521,0,0,1.462882845,1.606548071,-1.454963661,1.701063582,0.1932809164,-0.06152403153,0.04487855597,-1.43778046,1.638985318,1.275050723,1.551648435,0.03073778959,0.09143610887,-0.5956178362,0.273768606,0.3160381858,-0.1145685191,-0.1008191575,-0.3925436059,0.3959452032,0.2188377272,-0.07428965712,-0.3319792218,-0.1173959153,0.4136990316,-0.4001050774,-0.4795749507,0.1025076627,0.008609246654,0.03443291911,0.008609246654,0.04945395145,0.1113882196,0.06554604761,0.01361177984,0.01035082555
3.85,-0.09477669494,-0.05738896202,0.774895153,0.04439697258,-0.04490615394,0.9989912098,0.002637792114,0.999996521,0,0,1.465620531,1.609708453,-1.456109346,1.700055391,0.1893554803,-0.0575645795,0.04706693324,-1.438523357,1.635665525,1.273876764,1.555785426,0.02673673882,0.08664035936,-0.5945927595,0.272759001,0.3153953495,-0.1135566614,-0.1019518563,-0.3909812402,0.3960528508,0.2182256132,-0.07298188676,-0.3313249849,-0.1167464896,0.4106204873,-0.3983154879,-0.4772452933,0.1024208101,0.008631454256,0.03338836048,0.008631454256,0.04732581249,0.1068452588,0.0677697489,0.0181547418,0.01367061777
3.86,-0.08704150933,-0.05694634427,0.7721153992,0.04412515999,-0.04490615394,0.9989912098,0.002637792114,0.999996521,0,0,1.468348121,1.612862407,-1.457244913,1.699035872,0.1854456679,-0.05360405099,0.04924918937,-1.439253176,1.632352276,1.272709299,1.559891631,0.02275358394,0.08186790643,-0.5935685514,0.2669533051,0.3141904312,-0.1089932196,-0.1043941351,-0.3898983916,0.3951756493,0.2116151088,-0.06890890697,-0.3309740108,-0.1173887671,0.4087883445,-0.3948904468,-0.4769137679,0.1071227373,0.008654185573,0.03234578464,0.008654185573,0.04494983308,0.1025088866,0.0700501708,0.0224911153,0.01698386762
3.87,-0.07933491608,-0.05650648703,0.7691769092,0.04384488414,-0.04490615394,0.9989912098,0.002637792114,0.999996521,0,0,1.471017654,1.616004311,-1.458334845,1.697991931,0.181546684,-0.0496522945,0.05136534046,-1.439942265,1.629042535,1.271535411,1.563979514,0.01880467947,0.07709876875,-0.5924973241,0.2660433119,0.3134376245,-0.1080887255,-0.1044989446,-0.3883145837,0.3942704227,0.2109554133,-0.06792282676,-0.3300163339,-0.1163527364,0.4066596688,-0.3929596355,-0.4752339371,0.1069314576,0.008677302975,0.0313042302,0.008677302975,0.04053427993,0.09809333672,0.07446572148,0.02690666598,0.02029360773
3.88,-0.07165849562,-0.05606947455,0.7660810788,0.04355621945,-0.04490615394,0.9989912098,0.002637792114,0.999996521,0,0,1.473678087,1.619138687,-1.459415732,1.696946942,0.1776635381,-0.04570959027,0.05347489459,-1.440621493,1.625742372,1.270371884,1.568046111,0.01487508311,0.07234642938,-0.5914280095,0.261292459,0.3121937006,-0.1044044982,-0.1062984048,-0.3870107409,0.393136387,0.2056166168,-0.06450445339,-0.3293885712,-0.1166402725,0.4045810751,-0.3897998054,-0.4743743767,0.1104990776,0.008700929599,0.03026564874,0.008700929599,0.03613601451,0.09369507459,0.07886398444,0.03130492894,0.02359377107
3.89,-0.06401381413,-0.05563539034,0.7628293636,0.04325924352,-0.04490615394,0.9989912098,0.002637792114,0.999996521,0,0,1.476291012,1.622260624,-1.460459777,1.695883958,0.1737934307,-0.0417782264,0.05553106076,-1.441266538,1.622448486,1.269205481,1.572091922,0.01097708506,0.06760268561,-0.5903230187,0.2590781017,0.3111610814,-0.1026037758,-0.1068851791,-0.3853755176,0.3919959253,0.2034103088,-0.06275166676,-0.3284125526,-0.1159925784,0.4023360598,-0.3873659489,-0.4727877941,0.1114418781,0.008724949596,0.02922899314,0.008724949596,0.03299508303,0.08931499505,0.08324406294,0.03526275196,0.02688765678
3.9,-0.05640242292,-0.05520431712,0.7594232786,0.04295403713,-0.04490615394,0.9989912098,0.002637792114,0.999996521,0,0,1.478881793,1.625372235,-1.461485815,1.694815106,0.1699396756,-0.03785826715,0.05756516385,-1.441894054,1.619164361,1.268045556,1.576115282,0.007103425571,0.06287480767,-0.5892085999,0.2556930896,0.3099054061,-0.1000170325,-0.1085193084,-0.3836893121,0.3912399891,0.199895774,-0.06014805975,-0.3274820516,-0.1158571685,0.399310932,-0.3846769716,-0.4707638163,0.1134693293,0.008749422717,0.02819539081,0.008749422717,0.03092285178,0.08495398866,0.08760506771,0.03973202542,0.0239639082
3.91,-0.04882585788,-0.05477633676,0.7558643982,0.04264068423,-0.04490615394,0.9989912098,0.002637792114,0.999996521,0,0,1.481438724,1.628471289,-1.462485985,1.693729913,0.1661027824,-0.03394586725,0.05956412159,-1.442495535,1.61588954,1.266886984,1.580108391,0.003256655855,0.05816716951,-0.5880739066,0.2519427993,0.3085413731,-0.09719659875,-0.1102057103,-0.3819662139,0.3903170958,0.1959398254,-0.05735261327,-0.3265080721,-0.1158111935,0.3962969711,-0.3818228891,-0.4687799239,0.1157734933,0.008774303703,0.02716470971,0.008774303703,0.02805388545,0.08061293769,0.09093368996,0.04346521162,0.02086485414
3.92,-0.04128563884,-0.0543515303,0.7521543567,0.04231927193,-0.04490615394,0.9989912098,0.002637792114,0.999996521,0,0,1.483958152,1.631556703,-1.463457951,1.692627856,0.1622831203,-0.0300426963,0.06152351984,-1.443069061,1.61262446,1.265728872,1.584071361,-0.0005615730356,0.05347937027,-0.5869161717,0.2500583687,0.3073416101,-0.09574716458,-0.110463791,-0.3800680252,0.3888853243,0.1941931402,-0.05589172278,-0.3252551016,-0.1149649733,0.393808413,-0.3793555328,-0.4667787834,0.1161422158,0.008799570346,0.02613710084,0.008799570346,0.02373365771,0.07629271317,0.09309380222,0.04635766518,0.01777944041
3.93,-0.03378326898,-0.05392997788,0.7482948476,0.04198989055,-0.04490615394,0.9989912098,0.002637792114,0.999996521,0,0,1.486458735,1.634630119,-1.464415423,1.691523218,0.15848244,-0.02615384305,0.06346545124,-1.443627978,1.609371909,1.264579222,1.588009445,-0.004355128363,0.04881158244,-0.5857547495,0.2448012628,0.305672335,-0.09194245841,-0.1121256794,-0.3784877719,0.3870913228,0.1882436329,-0.05216788484,-0.3242720366,-0.1153978455,0.3912805064,-0.375878224,-0.4654271083,0.1199211574,0.008825265766,0.02511346423,0.008825265766,0.01943511643,0.07217824709,0.09556488193,0.05000813251,0.01470602431
3.94,-0.02632023427,-0.05351175874,0.7442876241,0.04165263354,-0.04490615394,0.9989912098,0.002637792114,0.999996521,0,0,1.488906748,1.637686842,-1.465334848,1.690401961,0.1546975623,-0.02228292983,0.06534788757,-1.444149657,1.606129188,1.263425244,1.59192225,-0.008113910603,0.04415731135,-0.584555538,0.2435418834,0.3044205746,-0.0909943975,-0.1120105226,-0.376346811,0.3855323297,0.1873349239,-0.05120753553,-0.3228032684,-0.1142393543,0.3886398141,-0.3734901159,-0.4630728618,0.119470798,0.008851278495,0.02409294158,0.008851278495,0.01515911525,0.06871366571,0.09984088311,0.05379399261,0.01164930096
3.95,-0.01889800284,-0.05309695114,0.7401344989,0.04130759757,-0.04490615394,0.9989912098,0.002637792114,0.999996521,0,0,1.491342167,1.640731048,-1.466244791,1.689281856,0.1509340942,-0.01842760653,0.06722123681,-1.444661732,1.602901156,1.26228285,1.595808648,-0.01184881176,0.03952658274,-0.58336083,0.2384987269,0.3026356471,-0.08744076353,-0.1134370825,-0.3746256818,0.3834992722,0.1816603784,-0.04763877999,-0.3216417379,-0.1145964621,0.3859249507,-0.3700160534,-0.4614208219,0.1229253494,0.008877714344,0.02307710321,0.008877714344,0.0109064926,0.06456062375,0.1040935058,0.05684950122,0.008605095216
3.96,-0.0115180244,-0.05268563238,0.7358373443,0.04095488245,-0.04490615394,0.9989912098,0.002637792114,0.999996521,0,0,1.493727154,1.643757404,-1.467119199,1.688147485,0.1471878374,-0.01459261381,0.06903784059,-1.44513812,1.599684738,1.261136886,1.599667898,-0.0155489723,0.03491237452,-0.5821315765,0.2362104914,0.3011044581,-0.08584086323,-0.1142490886,-0.3723542869,0.3822376901,0.1796199427,-0.04595671825,-0.3201244502,-0.113885215,0.3824543911,-0.3673887925,-0.4585087622,0.1233351416,0.008904446478,0.02206496733,0.008904446478,0.008378409248,0.06118247386,0.1067478437,0.06076286501,0.005578738744
3.97,-0.004181729623,-0.05227787875,0.7313980922,0.04059459118,-0.04490615394,0.9989912098,0.002637792114,0.999996521,0,0,1.496089259,1.646768449,-1.467977608,1.687004994,0.1434642945,-0.01077023691,0.07083404002,-1.445597687,1.596483494,1.259998033,1.603492442,-0.01922286022,0.03032728689,-0.5808982251,0.2209538729,0.1849602043,0.03567102056,-0.1153402177,-0.4712701369,0.3635935488,0.3071343187,-0.04349144904,-0.3187847722,-0.1137666539,0.3790185375,-0.3642753084,-0.4558112326,0.1246494503,0.008931543011,0.02105769596,0.008931543011,0.006276716947,0.05849796741,0.1087232814,0.06507268959,0.002567694163
3.98,0.003109470417,-0.05187376546,0.7268187339,0.04022682994,-0.04490615394,0.9989912098,0.002637792114,0.999996521,0.5944881588,0,1.498298798,1.648618051,-1.467620898,1.685851592,0.1387515932,-0.007134301418,0.07390538321,-1.446032602,1.593295646,1.258860367,1.607282627,-0.02286561331,0.02576917457,-0.5796517306,0.1759275466,-0.2047565955,0.4406146796,-0.1161565316,-0.8121572276,0.3013351499,0.7464865086,-0.04063736713,-0.3174871237,-0.1138764397,0.3760819995,-0.3607812021,-0.4536269525,0.1265748873,0.008950079685,0.02005473014,0.008950079685,0.003297145575,0.05482687104,0.1117028534,0.0691437993,0.0007180921204
3.99,0.01035418486,-0.05147336668,0.7221013202,0.03985170806,-0.03896651094,0.9992405171,0.002637792114,0.999996521,0.5944881588,0,1.500058073,1.646570485,-1.463214751,1.684690026,0.1306300209,-0.004120949919,0.08137024829,-1.446438976,1.590120775,1.257721603,1.611043447,-0.02647342533,0.02123290504,-0.5783859817,0.1812000677,-0.1266137123,0.3598334798,-0.1159023871,-0.7367329366,0.3177783698,0.6552004088,-0.03967348101,-0.3156704732,-0.1126619566,0.3731081333,-0.3580848609,-0.4508284829,0.125993216,0.008938622338,0.01905593931,0.008938622338,0.005091112646,0.05087012342,0.1099088879,0.07329471228,0.002765658075
4,0.01755104367,-0.05107675546,0.7172479617,0.03946933808,-0.03302549081,0.9994545097,0.002637792114,0.999996521,0.5944883451,0,1.501870074,1.645304348,-1.459616416,1.683531003,0.1232626915,-0.0009431662211,0.08792225238,-1.44683571,1.58696407,1.256594983,1.614774529,-0.03005427394,0.01672462021,-0.5771260495,0.1624058207,-0.2315031902,0.47170589,-0.1173049921,-0.8228810132,0.3069612531,0.7671660885,-0.03554816195,-0.3142035777,-0.1133480876,0.3699541211,-0.3542581009,-0.448766971,0.13004309,0.00893321321,0.0180629929,0.00893321321,0.006912498985,0.04758179398,0.1080875031,0.07741820604,0.004031795198
4.01,0.02469869818,-0.0506840037,0.7122608283,0.03907983569,-0.02708330165,0.9996331801,0.002637792114,0.999996521,0.5944881588,0,1.503494132,1.642989316,-1.454899357,1.682357953,0.1150338814,0.00212644631,0.09559391327,-1.447191192,1.583822034,1.255461502,1.61847407,-0.03359685494,0.0122369505,-0.5758256186,0.1608702323,-0.2153876001,0.4551316174,-0.1169679535,-0.801978472,0.3138942031,0.7466977184,-0.03465408376,-0.3122466794,-0.1120755015,0.3668500307,-0.3514689157,-0.4457755934,0.1293103246,0.008919917871,0.01707476982,0.008919917871,0.008762079915,0.0434864907,0.1062379214,0.08151351085,0.0063468271
4.02,0.03179582174,-0.05029518212,0.7071421496,0.03868331976,-0.02114015718,0.9997765219,0.002637792114,0.999996521,0.5944881588,0,1.505102834,1.64083544,-1.450348041,1.681188273,0.1070140967,0.005265388341,0.1030608905,-1.447537733,1.580699567,1.254340747,1.62214257,-0.0371115441,0.00777919457,-0.5745325154,0.1538443736,-0.226259747,0.4679919265,-0.1177655778,-0.8047662387,0.3170818328,0.753575609,-0.03190586108,-0.3104496631,-0.1119586323,0.3633203318,-0.3481056904,-0.4429079412,0.1311863975,0.008908027047,0.01609285578,0.008908027047,0.01064061107,0.0394201395,0.1043593895,0.08557986356,0.0085007031
4.03,0.03884111031,-0.04991036027,0.7018942147,0.03827991233,-0.01519626559,0.9998845301,0.002637792114,0.999996521,0.5944881588,0,1.506641278,1.638572843,-1.445668122,1.680010617,0.09896643428,0.008436206669,0.1105966465,-1.447856791,1.577595071,1.253221161,1.625775773,-0.040592601,0.003350115158,-0.5732206514,0.1478661645,-0.2276162972,0.4706892454,-0.1189004281,-0.7990586137,0.3223702582,0.7502743726,-0.02948417939,-0.3085358008,-0.1116836729,0.3591506744,-0.3449422074,-0.4393654842,0.1324110849,0.008895489343,0.0150909858,0.008895489343,0.01367599535,0.03538348799,0.1013240057,0.08852977614,0.01076330057
4.04,0.045833283,-0.04952960643,0.6965193721,0.03786973863,-0.009251836943,0.9999572008,0.002637792114,0.999996521,0.5944882287,0,1.50811994,1.63629668,-1.440961229,1.678821613,0.09097584814,0.01165990925,0.1180993903,-1.448151633,1.574509713,1.252104324,1.62936728,-0.04404202308,-0.001043539685,-0.5718965406,0.1435300701,-0.2287686247,0.4722201875,-0.1185646268,-0.7930760961,0.3269900339,0.7489587345,-0.02843331506,-0.3064043398,-0.1104870966,0.3558639525,-0.3419378259,-0.4361666232,0.1318338734,0.008883016965,0.01409407726,0.008883016965,0.01761776829,0.03137726994,0.09738223427,0.09108145068,0.01303946354
4.05,0.05277108274,-0.04915298763,0.6910200301,0.03745292705,-0.00330708062,0.9999945316,0.002637792114,0.999996521,0.5944881821,0,1.509555241,1.634008993,-1.436239027,1.677635967,0.08304508718,0.01492980959,0.1255889776,-1.448435966,1.571445669,1.250999453,1.63292592,-0.04746140134,-0.005405205917,-0.5705782018,0.1369978917,-0.2307060892,0.4761443773,-0.1195368617,-0.7876806897,0.3292311437,0.7427139857,-0.02452999082,-0.3045537677,-0.1110702204,0.3523263959,-0.3380549235,-0.4335036157,0.1353367457,0.008870664307,0.01310434228,0.008870664307,0.02145732345,0.02740220527,0.09354268043,0.0942519099,0.01532714979
4.06,0.05965327683,-0.04878056958,0.6853986563,0.03702960917,0.002637792114,0.999996521,0.002637792114,0.999996521,0,0,1.510925219,1.631701932,-1.431477584,1.676440598,0.07516828028,0.01822212103,0.1330161175,-1.448681266,1.568400132,1.249888751,1.636449184,-0.05084195057,-0.009740242074,-0.5692248344,0.2058110942,0.2819346196,-0.06272432244,-0.119049604,-0.3350961002,0.3752650616,0.1470891122,-0.02370676954,-0.3022714625,-0.1097219893,0.3489317437,-0.3350107049,-0.4300930744,0.1343923384,0.008858337398,0.01212086,0.008858337398,0.02345899994,0.02345899994,0.09154100285,0.09796070965,0.01763421068
4.07,0.06647865752,-0.04841241668,0.6796577781,0.03659991972,0.002637792114,0.999996521,0.002637792114,0.999996521,0,0,1.51298333,1.634521279,-1.432104827,1.675250102,0.07181731928,0.02197477164,0.1344870086,-1.448918334,1.565377417,1.248791531,1.639938501,-0.05419205762,-0.01404117282,-0.567880911,0.201928552,0.2795860348,-0.06051025624,-0.1192531495,-0.3326323572,0.3720555626,0.1431789257,-0.02124301941,-0.3001141841,-0.1094158653,0.3453470907,-0.3314771075,-0.4269208699,0.1357596018,0.008881464291,0.01114505546,0.008881464291,0.01954834626,0.01954834626,0.09545165543,0.1010582829,0.01481486449
4.08,0.07324604265,-0.04804859196,0.6737999822,0.03616399663,0.002637792114,0.999996521,0.002637792114,0.999996521,0,0,1.515002616,1.637317139,-1.432709929,1.674057571,0.06849099571,0.02569532727,0.1359187978,-1.449130764,1.562376275,1.247697372,1.643391972,-0.0575068287,-0.01831038152,-0.566523315,0.1980950372,0.277191458,-0.05835893921,-0.1193987872,-0.3300897066,0.3687845391,0.1393630507,-0.0188573335,-0.2978877249,-0.1090553392,0.3417117108,-0.3279161657,-0.4236569965,0.1369955067,0.008904802662,0.0101765187,0.008904802662,0.01468748523,0.01511908953,0.09932907902,0.1043290757,0.01201900414
4.09,0.07995427625,-0.04768915706,0.667827915,0.03572198099,0.002637792114,0.999996521,0.002637792114,0.999996521,0,0,1.516983566,1.640089054,-1.433293519,1.672863583,0.06519009864,0.02938317266,0.1373124284,-1.449319338,1.559397398,1.246606819,1.646809089,-0.06078599035,-0.02254695148,-0.5651533599,0.1962032675,0.2749593713,-0.05744727341,-0.1192965042,-0.3269923873,0.3663004459,0.1381837412,-0.01801484905,-0.2954203314,-0.1077536238,0.3376665675,-0.3248392851,-0.4196007322,0.1358957316,0.008928338646,0.009210496322,0.008928338646,0.008922185736,0.009361817465,0.1031726113,0.1081726109,0.009247089558
4.1,0.08660222906,-0.04733417217,0.6617442824,0.03527401707,0.002637792114,0.999996521,0.002637792114,0.999996521,0,0,1.518945599,1.642838647,-1.433867991,1.671670618,0.06192017477,0.03304617712,0.1386942658,-1.449499486,1.556443195,1.245529283,1.650185755,-0.06403438321,-0.0267429588,-0.5637944026,0.1751674085,0.1595183633,0.06484280313,-0.1203980359,-0.4208380447,0.3562694615,0.2628570282,-0.01428820316,-0.2932108052,-0.1083247294,0.333242308,-0.3210269624,-0.4159296566,0.1388193722,0.00895211399,0.00825255568,0.00825255568,0.003208693732,0.003208693732,0.1069816053,0.1119942305,0.006497495844
4.11,0.09318879922,-0.04698369605,0.6555518498,0.03482025231,0.002637792114,0.999996521,0.002637792114,0.999996521,0,0,1.520697273,1.644433831,-1.433219563,1.670466637,0.05771179432,0.03660887173,0.141322836,-1.449642368,1.553511087,1.244446035,1.653518178,-0.06724465283,-0.03090225537,-0.5624062089,0.1715192336,0.1476908792,0.07564290775,-0.1198974623,-0.4256054668,0.3525080815,0.2720785268,-0.01322614559,-0.2906633304,-0.107113955,0.3295599015,-0.3176792041,-0.412190211,0.1381147338,0.008967428825,0.007301947764,0.007301947764,0.002637795173,0.002287407981,0.1090588182,0.1157554323,0.004902312211
4.12,0.0997129128,-0.04663778596,0.6492534422,0.03436083733,0.002637792114,0.999996521,0.002637792114,0.999996521,0,0.5944881588,1.522412465,1.64591074,-1.432463134,1.669267663,0.05345573965,0.04013395255,0.1440436213,-1.44977463,1.550604453,1.243374896,1.656813777,-0.07042144487,-0.03502415748,-0.5610250615,0.1642977236,0.1149698547,0.1091214431,-0.1195162249,-0.4477215586,0.3485257512,0.3048771811,-0.1779030353,0.203545332,0.4490480456,0.3257776171,-0.8050170443,-0.3632265207,0.7324957022,0.008981940843,0.00635988547,0.00635988547,0.002637795173,0.001408059637,0.1109278392,0.1194934716,0.00342540342
4.13,0.1061735244,-0.04629649763,0.6428519441,0.03389592593,0.002637792114,0.999996521,0.008582571391,0.9999631691,0,0.594488252,1.524055443,1.647060438,-1.43137192,1.6680725,0.04897852407,0.04361921006,0.1470923931,-1.45155366,1.552639907,1.247865376,1.660071553,-0.07847161531,-0.03865642269,-0.5537001045,0.1431809696,0.0001715358516,0.2311345371,-0.1197611179,-0.5387986511,0.3419407551,0.4299669696,-0.1732366787,0.2068585184,0.4463290955,0.3217591173,-0.8023942201,-0.353095891,0.7347450357,0.008993989534,0.00706236652,0.00706236652,0.002637795173,0.005543234516,0.1123622069,0.1172502461,0.002275704873
4.14,0.1125696179,-0.04595988524,0.6363502996,0.03342567507,0.002637792114,0.999996521,0.01452704828,0.9998944769,0,0.5944881588,1.525487252,1.647062154,-1.429060575,1.666874889,0.04359053756,0.04703861761,0.1513920628,-1.453286027,1.554708492,1.252328667,1.663289144,-0.08649555751,-0.0421873816,-0.5463526542,0.1414724511,0.0001697913096,0.2286727066,-0.1190549475,-0.5328744622,0.3386622237,0.4258691572,-0.1708682451,0.2105427713,0.4452508193,0.3179581826,-0.8002212171,-0.342360545,0.733476205,0.008997093401,0.00775866333,0.00775866333,0.002637795173,0.008335085346,0.1123622069,0.1149700555,0.002273989514
4.15,0.1189002066,-0.04562800139,0.6297515124,0.0329502449,0.002637792114,0.999996521,0.02047101083,0.9997904469,0,0.5944881588,1.526901977,1.647063852,-1.426773847,1.66568434,0.03826179293,0.05042523985,0.1556507544,-1.454994709,1.55681392,1.256781175,1.666468726,-0.09449776968,-0.04561098705,-0.5390178921,0.1374551478,0.0001636890916,0.2284950347,-0.1188527893,-0.5260879016,0.3383194205,0.419474523,-0.1670144598,0.2141119228,0.443220761,0.3139239268,-0.7976467316,-0.331814237,0.734210436,0.009000160661,0.008467986173,0.008467986173,0.002637795173,0.01164558484,0.1123622069,0.1126523345,0.002272291601
4.16,0.1251643345,-0.04530089706,0.6230586456,0.03246979873,0.002637792114,0.999996521,0.0264142499,0.9996510828,0,0.5944881588,1.528276528,1.647065488,-1.424488897,1.664495812,0.03300091392,0.05380843405,0.1598454996,-1.456664854,1.558955039,1.261213383,1.669607965,-0.102474237,-0.04892912942,-0.5316757877,0.133244043,0.0001580070656,0.2284527247,-0.1187271892,-0.5191642009,0.3381896876,0.4128393396,-0.1632255877,0.2176282439,0.4412163794,0.3097716973,-0.7949836663,-0.3214223379,0.7350282697,0.009003141108,0.009190865708,0.009003141108,0.002637795173,0.01470347233,0.1115052813,0.1101933933,0.00227065471
4.17,0.1313610763,-0.04497862158,0.6162748218,0.03198450305,0.002637792114,0.999996521,0.03235655545,0.9994763896,0,0.5944881588,1.529608969,1.647067068,-1.42220437,1.66330854,0.02780927191,0.05719033093,0.163973893,-1.45829711,1.561131321,1.265625547,1.672705682,-0.1104240737,-0.0521433528,-0.524325505,0.1314725669,0.0001560354882,0.2259403765,-0.1187971359,-0.512974883,0.3354778503,0.4085172466,-0.1609828494,0.2213674352,0.4402562072,0.3050077751,-0.7927763969,-0.3101324482,0.733427924,0.009006030551,0.009927122639,0.009006030551,0.002637795173,0.01707763572,0.1097525539,0.1079021167,0.00226907464
4.18,0.1374895383,-0.0446612226,0.6094032234,0.03149452753,0.002637792114,0.999996521,0.03829771747,0.9992663733,0,0.5944881588,1.530923694,1.647068629,-1.419944966,1.662120569,0.02267952308,0.06054510943,0.1680590655,-1.459906938,1.563344996,1.270028109,1.67575576,-0.1183518376,-0.05524467728,-0.5169912258,0.1266931991,0.000149627576,0.2263209942,-0.1186379026,-0.5058044808,0.3357656622,0.4012562969,-0.1568813708,0.2249281177,0.4381263134,0.3007775927,-0.789892393,-0.2998011809,0.734592799,0.009008178232,0.01067748508,0.009008178232,0.002637795173,0.01944846194,0.10856897,0.1054685803,0.002267514285
4.19,0.143548859,-0.04434874606,0.6024470921,0.03100004502,0.002637792114,0.999996521,0.044237526,0.9990210415,0,0.5944881588,1.532190626,1.647070125,-1.417681756,1.66093419,0.01762147827,0.06390276605,0.1720716285,-1.461475752,1.565594277,1.274409372,1.678763536,-0.1262507616,-0.05824268909,-0.5096452978,0.1233134254,0.0001462359209,0.2252378902,-0.1181562762,-0.4990507597,0.3341706035,0.3953039132,-0.1536274449,0.2286348282,0.4366724636,0.2966360024,-0.7870836868,-0.2892708561,0.7343886885,0.0090075143,0.01143892555,0.0090075143,0.002637795173,0.02200456522,0.1083719867,0.1021644578,0.002266018009
4.2,0.1495382094,-0.04404123614,0.5954097293,0.03050123152,0.002637792114,0.999996521,0.0501757711,0.9987404027,0,0,1.533423761,1.647071587,-1.415429377,1.659752627,0.01263097067,0.06724447209,0.1760246676,-1.463012026,1.567880625,1.278776097,1.681729896,-0.1341215984,-0.06113539765,-0.5023014109,0.1215527705,0.0001455038865,0.2224790305,-0.1173096126,-0.4927997474,0.3304217067,0.3908742558,-0.0020909107,-0.2669985251,-0.107314509,0.2925953143,-0.2898424373,-0.3617343135,0.1386671215,0.009006868119,0.01217973244,0.009006868119,0.002637795173,0.02451780335,0.1081907596,0.09873164757,0.00226455565
4.21,0.155456794,-0.04373873527,0.5882944959,0.02999826623,0.002637792114,0.999996521,0.0501757711,0.9987404027,0,0,1.534639288,1.647073043,-1.413204587,1.658579531,0.007702973201,0.07054868916,0.1799334101,-1.463032935,1.56521064,1.277702952,1.684655849,-0.1370200228,-0.06475274078,-0.5009147397,0.1165127962,0.0001439985428,0.2229269846,-0.1170911031,-0.4854381846,0.3307273484,0.3832394054,0.0006827446057,-0.2641580626,-0.1071618378,0.2881974086,-0.2858335189,-0.3576930766,0.140097711,0.009006231203,0.01133574015,0.009006231203,0.002637795173,0.0211267057,0.1075967633,0.1016261964,0.002263100611
4.22,0.1613038512,-0.04344128405,0.5811048122,0.02949133151,0.002637792114,0.999996521,0.0501757711,0.9987404027,0,0,1.535804416,1.647074483,-1.410975317,1.65740862,0.002848591355,0.07385596264,0.1837658042,-1.463026108,1.562569059,1.276631333,1.687537823,-0.139878358,-0.06832967155,-0.4995137626,0.113512784,0.0001412870304,0.2212978908,-0.1164473595,-0.4786965099,0.3283880663,0.3775335168,0.002092147217,-0.2611170906,-0.1060666676,0.2839675675,-0.2820203188,-0.3534477503,0.1396342906,0.009005620733,0.01049292245,0.009005620733,0.002637795173,0.01777659024,0.1073622042,0.1045863444,0.002261660625
4.23,0.1670786537,-0.04314892125,0.5738441583,0.02898061291,0.002637792114,0.999996521,0.0501757711,0.9987404027,0,0,1.536939544,1.647075895,-1.408762338,1.656244146,-0.001938373744,0.0771398433,0.1875411394,-1.463005186,1.559957888,1.275570667,1.690377499,-0.1426985612,-0.07186414905,-0.4981174197,0.1117451272,0.000138610155,0.2184016328,-0.1155424206,-0.4723232114,0.3244303459,0.3729797976,0.002668599289,-0.2579396137,-0.1043986465,0.2798257427,-0.278313903,-0.3490565069,0.1380121837,0.009005026017,0.009644660738,0.009005026017,0.002637795173,0.01446787361,0.1073622042,0.1071133265,0.002260247755
4.24,0.1727805095,-0.04286168377,0.5665160737,0.02846629913,0.002637792114,0.999996521,0.0501757711,0.9987404027,0,0,1.538056995,1.647077281,-1.406578322,1.655088722,-0.006661605858,0.08038414676,0.1912709373,-1.4629785,1.557378492,1.27452668,1.693175756,-0.1454817002,-0.07535471412,-0.4967372979,0.10695476,0.0001358743286,0.2184347599,-0.1151702687,-0.4649747466,0.3241402666,0.3654956788,-0.02961745483,-0.1409554357,0.01904559993,0.2753217274,-0.3883576865,-0.3233882141,0.2747567193,0.009004440597,0.008807023143,0.008807023143,0.002637795173,0.01120095232,0.1073622042,0.1092284633,0.002258861654
4.25,0.1784087624,-0.04257960661,0.5591241575,0.02794858208,0.002637792114,0.999996521,0.0501757711,0.9987404027,0,0,1.539126543,1.64707864,-1.404393974,1.653937019,-0.01131135332,0.08362554943,0.1949258941,-1.463274675,1.555968938,1.274717136,1.695928974,-0.1493652771,-0.07858859626,-0.4939897307,0.1038262765,0.0001339256374,0.2168493506,-0.1150438893,-0.4580635607,0.3222427408,0.3595362167,-0.04333517582,-0.08826531695,0.07331629765,0.2704392496,-0.4339935236,-0.3091788884,0.3331646439,0.009003880307,0.008356741448,0.008356741448,0.002637795173,0.009121881111,0.1073622042,0.1109134735,0.00225750291
4.26,0.1839627921,-0.04230272282,0.5516720682,0.0274276568,0.002637792114,0.999996521,0.0501757711,0.9987404027,0,0,1.540164806,1.647079979,-1.402225481,1.65278658,-0.01589198893,0.08684797684,0.1985212563,-1.463708027,1.555086285,1.275450299,1.698633366,-0.1537052123,-0.08168038515,-0.4906580842,0.102050375,0.0001321360745,0.213861197,-0.1143085951,-0.4515800534,0.3182971121,0.3548576538,-0.04224378659,-0.08698118693,0.07252898567,0.2660109979,-0.428032271,-0.3048028121,0.3290308843,0.009003336437,0.00808067596,0.00808067596,0.002637795173,0.007495412964,0.1073622042,0.1126859705,0.002256163654
4.27,0.1894420156,-0.04203106351,0.5441635241,0.02690372155,0.002637792114,0.999996521,0.0501757711,0.9987404027,0,0,1.54118531,1.647081301,-1.400086869,1.651643494,-0.02040778946,0.09003094796,0.2020698328,-1.464130465,1.554216473,1.276175589,1.701293476,-0.157985535,-0.08472841327,-0.4873677754,0.09803836187,0.0001289547136,0.2129915912,-0.1137035042,-0.4444284707,0.3167967914,0.3480388087,-0.0502427326,-0.05053076426,0.1079874488,0.2615098956,-0.4579911592,-0.2912019734,0.368586956,0.009002801901,0.007808611685,0.007808611685,0.002637795173,0.005925730904,0.1073622042,0.1142109931,0.002254842293
4.28,0.194845887,-0.04176465776,0.5366023027,0.02637697774,0.002637792114,0.999996521,0.0501757711,0.9987404027,0,0,1.542165693,1.64708259,-1.397956953,1.650506459,-0.02485207417,0.09319891587,0.2055502209,-1.464632892,1.553711165,1.277255463,1.703908575,-0.1625654466,-0.087640433,-0.4836819058,0.09431617501,0.000126533829,0.21180318,-0.1130346434,-0.4373347917,0.3148910382,0.3414650918,-0.05702974741,-0.01882861595,0.1384505167,0.2570192096,-0.4829801997,-0.2788232058,0.4021923642,0.00900228841,0.007656981114,0.007656981114,0.002637795173,0.005196847022,0.1073622042,0.1148031577,0.002253552746
4.29,0.2001738988,-0.04150353263,0.5289922414,0.02584762994,0.002637792114,0.999996521,0.0501757711,0.9987404027,0,0,1.543108855,1.647083856,-1.395838921,1.649376113,-0.02922542209,0.09634782625,0.2089648718,-1.465203189,1.553522879,1.278639969,1.706478767,-0.1673952486,-0.09042866506,-0.4796599822,0.09256383782,0.0001254742514,0.2086672633,-0.1120261716,-0.4308078767,0.3105548571,0.3367345488,-0.05574937989,-0.01839655908,0.1366466848,0.2527362484,-0.4758785298,-0.2747456543,0.3968755944,0.009001794442,0.007610150192,0.007610150192,0.002637795173,0.005196847022,0.1073622042,0.1148031577,0.002252287408
4.3,0.205425582,-0.04124771314,0.5213372369,0.02531588594,0.002637792114,0.999996521,0.0501757711,0.9987404027,0,0,1.544034493,1.64708511,-1.393752248,1.648255851,-0.03353350086,0.09945337482,0.2123322173,-1.465760683,1.553338913,1.280006435,1.70900613,-0.1721540339,-0.0931761216,-0.4756912262,0.08988935285,0.0001238888516,0.2063927928,-0.1111467942,-0.4240073571,0.3072705762,0.3311107561,-0.05397594498,-0.01722885066,0.1348758715,0.248314849,-0.4699195361,-0.2691405678,0.3931026919,0.009001309679,0.007564613137,0.007564613137,0.002637795173,0.005196847022,0.1073622042,0.1148031577,0.002251032665
4.31,0.2106005069,-0.0409972222,0.5136412456,0.02478195666,0.002637792114,0.999996521,0.0501757711,0.9987404027,0,0,1.544933387,1.647086349,-1.391688321,1.647144383,-0.03777357443,0.1025260806,0.2156433249,-1.466300443,1.553166625,1.281355194,1.711489278,-0.1768532293,-0.09586752728,-0.4717601993,0.08502719528,0.0001206967502,0.2061981453,-0.1105871108,-0.416573902,0.306538824,0.3234051183,-0.05102824354,-0.01429750638,0.1332043885,0.2435970005,-0.4667459397,-0.2599229537,0.3931014391,0.009000838948,0.007522768092,0.007522768092,0.002637795173,0.005196847022,0.1073622042,0.1148031577,0.002249793777
4.32,0.2156982837,-0.04075208058,0.5059082833,0.02424605621,0.002637792114,0.999996521,0.0501757711,0.9987404027,0,0,1.545783659,1.647087556,-1.389626339,1.646038512,-0.04193931345,0.1055914688,0.2188773761,-1.466810725,1.55302365,1.282687238,1.713925248,-0.1815206887,-0.09846675682,-0.4678291849,0.08329918777,0.0001188697179,0.2029626023,-0.1095435208,-0.4100143655,0.3020501793,0.3186310092,-0.04976797692,-0.01392349609,0.1313480273,0.239262238,-0.4594842314,-0.255865231,0.387534114,0.009000393703,0.007490375126,0.007490375126,0.002637795173,0.005196847022,0.1073622042,0.1148031577,0.002248586809
4.33,0.2207185629,-0.04051230692,0.4981424255,0.02370840189,0.002637792114,0.999996521,0.0501757711,0.9987404027,0,0,1.546616651,1.647088745,-1.387596713,1.644943077,-0.0460394571,0.1086119706,0.2220636862,-1.467308405,1.552884415,1.284000718,1.71631787,-0.186115531,-0.1010254091,-0.4639538438,0.08156145952,0.0001170353931,0.1997173065,-0.1084938685,-0.4034477219,0.2975413088,0.3138286313,-0.04850536647,-0.01355303635,0.1294792441,0.2349109793,-0.4521998791,-0.2517864069,0.3819231005,0.008999957529,0.007459074947,0.007459074947,0.002637795173,0.005196847022,0.1073622042,0.1148031577,0.002247398112
4.34,0.2256610363,-0.04027791766,0.4903478072,0.02316921416,0.002637792114,0.999996521,0.0501757711,0.9987404027,0,0,1.547432265,1.647089915,-1.38559954,1.643858138,-0.05007393432,0.1115873837,0.2252019725,-1.467793459,1.552748884,1.285295511,1.71866698,-0.1906375298,-0.1035432732,-0.4601346128,0.07695680905,0.0001151947608,0.1991861027,-0.1078311306,-0.3961096622,0.296343669,0.3063259609,-0.04509254029,-0.01293292422,0.1255300952,0.2301533049,-0.4465268288,-0.2433284078,0.3788024927,0.008999530477,0.007428850809,0.007428850809,0.002637795173,0.005196847022,0.1073622042,0.1148031577,0.002246227758
4.35,0.2305254372,-0.04004892701,0.4825286227,0.02262871665,0.002637792114,0.999996521,0.0501757711,0.9987404027,0,0,1.548201833,1.647091067,-1.383607679,1.642779827,-0.05403503094,0.1145508204,0.2282652321,-1.468244384,1.552619555,1.286550812,1.720968513,-0.1951027981,-0.1059765573,-0.4563465879,0.07427122911,0.0001129177178,0.1968676499,-0.1074061017,-0.3892481089,0.2933337771,0.3005555067,-0.04311049648,-0.0124880482,0.1229309266,0.2251927391,-0.4398752531,-0.2374287637,0.3738342757,0.008999127555,0.007400404267,0.007400404267,0.002637795173,0.005196847022,0.1073622042,0.1148031577,0.00224507581
4.36,0.2353115411,-0.03982534693,0.4746891263,0.02208713617,0.002637792114,0.999996521,0.0501757711,0.9987404027,0,0,1.548944546,1.647092197,-1.381639002,1.641705766,-0.05792751203,0.1174841582,0.2312707872,-1.468675489,1.552494675,1.287780121,1.723220441,-0.1995015506,-0.1083508449,-0.4526082451,0.07256305243,0.0001114653124,0.1935626192,-0.1064624672,-0.382679578,0.2888227044,0.29572007,-0.04187904768,-0.01213547015,0.1210617787,0.2207020485,-0.4325511034,-0.2332953818,0.368035105,0.008998738713,0.007373216971,0.007373216971,0.002637795173,0.005196847022,0.1073622042,0.1148031577,0.002243946633
4.37,0.2400191664,-0.03960718713,0.4668336314,0.02154470271,0.002637792114,0.999996521,0.0501757711,0.9987404027,0,0,1.549670176,1.647093311,-1.379703376,1.640641141,-0.06175430781,0.1203723852,0.2342279879,-1.469094279,1.55237332,1.288990739,1.725427461,-0.2038270616,-0.1106837987,-0.4489278941,0.07061611118,0.0001101594143,0.1904579766,-0.1054020016,-0.3760683008,0.2844407105,0.2906661464,-0.04047781182,-0.01176499341,0.1190266259,0.2162975713,-0.425314513,-0.2288944783,0.3624395813,0.008998358832,0.007347029481,0.007347029481,0.002637795173,0.005196847022,0.1073622042,0.1148031577,0.00224283198
4.38,0.2446481749,-0.03939445495,0.4589665112,0.02100164944,0.002637792114,0.999996521,0.0501757711,0.9987404027,0,0,1.550376337,1.647094413,-1.377798796,1.639587121,-0.06551499082,0.1232167923,0.2371346493,-1.469499057,1.55225567,1.290181005,1.727590437,-0.2080802068,-0.1129727435,-0.4453034982,0.06554524598,0.0001088169618,0.1903015501,-0.1047168982,-0.3686808119,0.2836175509,0.2827119893,-0.03674606421,-0.01110543955,0.1147299058,0.2114379768,-0.4198504859,-0.2196759604,0.3595571962,0.008997989161,0.007321890378,0.007321890378,0.002637795173,0.005196847022,0.1073622042,0.1148031577,0.002241730386
4.39,0.2491984726,-0.03918715542,0.4510921985,0.02045821268,0.002637792114,0.999996521,0.0501757711,0.9987404027,0,0,1.55103179,1.647095501,-1.375895781,1.638539952,-0.06920179894,0.1260529678,0.2399617692,-1.469866518,1.552144616,1.291328304,1.729704817,-0.2122787116,-0.1151695031,-0.4417079263,0.06388803738,0.000107439683,0.1869074929,-0.1036155463,-0.362159606,0.2788755986,0.2779121539,-0.03556812572,-0.01077275675,0.1128998366,0.20706778,-0.4124440837,-0.2157215511,0.3536514932,0.008997646052,0.007298615503,0.007298615503,0.002637795173,0.005196847022,0.1073622042,0.1148031577,0.002240642216
4.4,0.2536700099,-0.03898529117,0.4432151854,0.01991463195,0.002637792114,0.999996521,0.0501757711,0.9987404027,0,0,1.55167067,1.647096575,-1.374026706,1.637503797,-0.072823395,0.1288417238,0.2427408908,-1.470222199,1.552036888,1.292457302,1.731775494,-0.2164031524,-0.1173267186,-0.4381714114,0.06222742838,0.0001060293491,0.183516056,-0.1025141742,-0.3556547549,0.274132298,0.2731047729,-0.03439156011,-0.01044375263,0.1110659372,0.2026961513,-0.4050416502,-0.2117623543,0.3477279624,0.008997311632,0.007276267598,0.007276267598,0.002637795173,0.005196847022,0.1073622042,0.1148031577,0.00223956782
4.41,0.2580627825,-0.03878886245,0.4353400238,0.01937114992,0.002637792114,0.999996521,0.0501757711,0.9987404027,0,0,1.552292944,1.647097636,-1.372191545,1.636478655,-0.07637994255,0.1315830468,0.2454719385,-1.470566115,1.551932451,1.293567962,1.733802456,-0.220453569,-0.1194443422,-0.4346941317,0.06010600416,0.0001045397808,0.1805591739,-0.1014624987,-0.3490628007,0.2699055871,0.2678736561,-0.03287754021,-0.01007322301,0.1088988338,0.198254061,-0.3979067378,-0.2070868719,0.3421885877,0.008996985918,0.007254831315,0.007254831315,0.002637795173,0.005196847022,0.1073622042,0.1148031577,0.002238507526
4.42,0.2623768319,-0.03859786703,0.4274713249,0.01882801247,0.002637792114,0.999996521,0.0501757711,0.9987404027,0,0,1.552894004,1.647098681,-1.370385954,1.63546403,-0.07987057056,0.1342821027,0.248150675,-1.47089489,1.551831718,1.29465695,1.735784997,-0.2244326363,-0.1215152109,-0.4312722458,0.05553704189,0.0001022767324,0.1799021279,-0.1006720805,-0.3419204845,0.2684298266,0.2604041005,-0.02955392389,-0.009465970039,0.1049647924,0.1934350428,-0.3921707576,-0.1986017748,0.3387638629,0.008996671322,0.007234420312,0.007234420312,0.002637795173,0.005196847022,0.1073622042,0.1148031577,0.002237462128
4.43,0.2666122461,-0.03841230022,0.4196137596,0.01828546863,0.002637792114,0.999996521,0.0501757711,0.9987404027,0,0,1.553449375,1.647099704,-1.368586932,1.634457309,-0.0832897754,0.1369664009,0.250754716,-1.47119043,1.551737059,1.295706598,1.737719347,-0.2283543439,-0.1235012286,-0.4278846072,0.0539328324,9.996837496e-05,0.176468914,-0.0995679226,-0.3354933183,0.2636262775,0.2556492527,-0.02842781349,-0.009156068419,0.1031692785,0.1890835293,-0.3847740224,-0.1947389996,0.332758047,0.008996380652,0.00721570309,0.00721570309,0.002637795173,0.005196847022,0.1073622042,0.1148031577,0.002236439361
4.44,0.27076916,-0.03823215483,0.4117720583,0.0177437706,0.002637792114,0.999996521,0.0501757711,0.9987404027,0,0,1.553988703,1.647100703,-1.366822243,1.63346163,-0.08664470858,0.1396026637,0.2533112086,-1.471474708,1.551645498,1.296738291,1.739610182,-0.2322020841,-0.1254486186,-0.4245570268,0.05232858431,9.769443641e-05,0.1730462384,-0.09846761471,-0.3290964293,0.2588334208,0.2508990201,-0.02730493584,-0.008849894606,0.1013749847,0.184739867,-0.3773979408,-0.1908808643,0.3267507743,0.008996098388,0.007194480532,0.007194480532,0.002637795173,0.005196847022,0.1073622042,0.1148031577,0.002235439677
4.45,0.2748477561,-0.03805742114,0.403951011,0.01720317377,0.002637792114,0.999996521,0.0501757711,0.9987404027,0,0,1.554511989,1.64710168,-1.365091781,1.632476954,-0.08993567288,0.1421909979,0.2558201988,-1.471747757,1.551556999,1.297752041,1.741457581,-0.2359760635,-0.1273574273,-0.421289519,0.05072515035,9.545528799e-05,0.1696360901,-0.09737212113,-0.3227332662,0.2540542932,0.2461565455,-0.02618571739,-0.008547491502,0.09958316587,0.1804064687,-0.3700468963,-0.1870297931,0.3207463106,0.008995824531,0.007174078741,0.007174078741,0.002637795173,0.005196847022,0.1073622042,0.1148031577,0.002234462733
4.46,0.2788482652,-0.03788808683,0.3961554672,0.01666393669,0.002637792114,0.999996521,0.0501757711,0.9987404027,0,0,1.555019241,1.647102635,-1.36339542,1.631503233,-0.09316300554,0.1447315408,0.2582817642,-1.472009614,1.551471524,1.298747872,1.743261646,-0.2396765325,-0.1292277252,-0.4180820559,0.04631955567,9.762636624e-05,0.1688470289,-0.09654280084,-0.3157963962,0.2523879559,0.2388801563,-0.02355517487,-0.005963889115,0.09782740917,0.1756287818,-0.3662918555,-0.1781727481,0.3194737433,0.008995559075,0.007154623218,0.007154623218,0.002637795173,0.005196847022,0.1073622042,0.1148031577,0.00223350818
4.47,0.2827709668,-0.037724137,0.3883903359,0.01612632111,0.002637792114,0.999996521,0.0501757711,0.9987404027,0,0,1.555482436,1.647103611,-1.36170695,1.630537805,-0.0963209695,0.1472554204,0.2606705658,-1.472245166,1.551411885,1.299726146,1.745017934,-0.2433394511,-0.1310094527,-0.4148873185,0.04445906536,9.650265977e-05,0.1657077559,-0.09548280566,-0.3094496629,0.2479306055,0.2339263743,-0.02230242108,-0.005456415354,0.09604577983,0.1712814261,-0.3593385906,-0.1738758952,0.3139299416,0.008995316682,0.007143254404,0.007143254404,0.002637795173,0.005196847022,0.1073622042,0.1148031577,0.002232531916
4.48,0.2866161898,-0.03756555412,0.3806605857,0.01559059192,0.002637792114,0.999996521,0.0501757711,0.9987404027,0,0,1.555927027,1.647104576,-1.360049872,1.629582977,-0.09941546613,0.1497347265,0.2630098295,-1.47246819,1.551357321,1.300686604,1.746730748,-0.246932837,-0.1327482116,-0.4117480191,0.04291204115,9.477947354e-05,0.1623349317,-0.09466168549,-0.3032032389,0.2433818695,0.2292362082,-0.02121883668,-0.005214772413,0.09424173429,0.1667821874,-0.3520844626,-0.1699732681,0.3078065543,0.008995084034,0.007133466304,0.007133466304,0.002637795173,0.005196847022,0.1073622042,0.1148031577,0.00223156689
4.49,0.2903843132,-0.03741231798,0.3729712448,0.01505701721,0.002637792114,0.999996521,0.0501757711,0.9987404027,0,0,1.556356147,1.647105524,-1.358426523,1.62863636,-0.1024474985,0.1521685452,0.2653021916,-1.472680379,1.551305173,1.301629022,1.74839857,-0.2504536816,-0.1344479443,-0.4086699535,0.0413721378,9.260181983e-05,0.1589700129,-0.09376897281,-0.2970109891,0.2387846739,0.2245793614,-0.02014416565,-0.004977230641,0.0924533355,0.1623732902,-0.3448511504,-0.1661494183,0.3017186765,0.008994859488,0.007124423088,0.007124423088,0.002637795173,0.005196847022,0.1073622042,0.1148031577,0.002230619095
4.5,0.2940757664,-0.03726440569,0.3653274008,0.01452586824,0.002637792114,0.999996521,0.0501757711,0.9987404027,0,0,1.556769869,1.64710645,-1.356836823,1.62769867,-0.1054176084,0.1545563919,0.2675479852,-1.47288182,1.551255401,1.302553555,1.750022303,-0.2539021931,-0.1361094385,-0.4056527667,0.0390581943,9.061624977e-05,0.1563212293,-0.09275276612,-0.2907248699,0.2348936548,0.2192743291,-0.01820160392,-0.005777031765,0.08897937772,0.1580168751,-0.336938495,-0.1615746982,0.2950635274,0.008994643006,0.007116106342,0.007116106342,0.002637795173,0.005196847022,0.1073622042,0.1148031577,0.002229693077
4.51,0.29769103,-0.03712179161,0.3577342009,0.01399741944,0.002637792114,0.999996521,0.0501757711,0.9987404027,0,0,1.55716045,1.647107356,-1.35527361,1.626771142,-0.1083248571,0.1569053284,0.2697407285,-1.473063836,1.551197631,1.303443349,1.751602471,-0.257271578,-0.1377251855,-0.4027021315,0.03549427395,8.933244906e-05,0.1548563677,-0.09184448681,-0.2842417676,0.2323992423,0.2128709389,-0.01485880172,-0.008229194979,0.08278507804,0.1534689172,-0.3280054241,-0.155560728,0.287430544,0.008994438638,0.007105104904,0.007105104904,0.002637795173,0.005196847022,0.1073622042,0.1148031577,0.002228786914
4.52,0.3012306366,-0.03698444737,0.3501968519,0.01347194842,0.002637792114,0.999996521,0.0501757711,0.9987404027,0,0,1.557515393,1.64710825,-1.353725047,1.625852697,-0.1111672748,0.1592293209,0.2718694379,-1.473212424,1.551115339,1.3042712,1.75313716,-0.2605516323,-0.1392807928,-0.399827826,0.03404060413,8.77010359e-05,0.1514754185,-0.09078393317,-0.2782347441,0.2276548268,0.2083834106,-0.013874275,-0.007927405981,0.08117744476,0.149312727,-0.3209322538,-0.1520191357,0.2815187542,0.008994252923,0.007085982947,0.007085982947,0.002637795173,0.005196847022,0.1073622042,0.1148031577,0.00222789359
4.53,0.3046951708,-0.03685234178,0.3427206202,0.01294973595,0.002637792114,0.999996521,0.0501757711,0.9987404027,0,0,1.557855799,1.647109127,-1.352210293,1.624944858,-0.1139496222,0.1615058691,0.273953272,-1.473351167,1.551036065,1.305082974,1.754630288,-0.2637609548,-0.1408009841,-0.3970126385,0.03259408642,8.606281405e-05,0.1481249625,-0.08973661429,-0.2722907753,0.22295138,0.203929456,-0.01289646669,-0.007629704397,0.07958190825,0.1451867481,-0.3139209243,-0.148503457,0.2756464893,0.008994074819,0.007067775351,0.007067775351,0.002637795173,0.005196847022,0.1073622042,0.1148031577,0.002227016579
4.54,0.3080852704,-0.03672544085,0.3353108315,0.012431066,0.002637792114,0.999996521,0.0501757711,0.9987404027,0,0,1.55818174,1.647109987,-1.350729043,1.624047492,-0.11667253,0.1637353829,0.2759925666,-1.473480132,1.550959768,1.305878793,1.756082155,-0.2669001641,-0.1422860187,-0.3942561736,0.03115558079,8.442000052e-05,0.1448072788,-0.08870361368,-0.2664136344,0.2182923638,0.1995124907,-0.01192576526,-0.007336165742,0.07799976881,0.1410936484,-0.3069763377,-0.1450162608,0.2698185395,0.008993904287,0.0070504662,0.0070504662,0.002637795173,0.005196847022,0.1073622042,0.1148031577,0.002226155951
4.55,0.3114016268,-0.0366037077,0.3279728713,0.01191622569,0.002637792114,0.999996521,0.0501757711,0.9987404027,0,0,1.558493296,1.647110831,-1.34928097,1.623160456,-0.1193366663,0.1659183066,0.2779876915,-1.473599389,1.550886406,1.306658791,1.757493092,-0.2699699274,-0.1437361813,-0.3915579882,0.02933565089,8.310649688e-05,0.1418823231,-0.08771129634,-0.2605371473,0.2140983558,0.1947909382,-0.01075652906,-0.00672714278,0.07643471679,0.1369654184,-0.3005921061,-0.1408495478,0.2646855109,0.008993741285,0.007034039581,0.007034039581,0.002637795173,0.005196847022,0.1073622042,0.1148031577,0.002225311751
4.56,0.3146449854,-0.0364871026,0.3207121845,0.01140550534,0.002637792114,0.999996521,0.0501757711,0.9987404027,0,0,1.558786652,1.647111662,-1.347862147,1.622283343,-0.1219420378,0.1680592901,0.2799356009,-1.473706955,1.550819135,1.307423138,1.758862746,-0.2729758485,-0.1451446768,-0.3889111331,0.0257569421,8.329552992e-05,0.1406141435,-0.08684976299,-0.2544163033,0.2118444355,0.1885501861,-0.008661396681,-0.004673898241,0.0748956892,0.1325553688,-0.2964994016,-0.1334966984,0.2625332019,0.008993587809,0.007019482352,0.007019482352,0.002637795173,0.005196847022,0.1073622042,0.1148031577,0.002224480686
4.57,0.3178161464,-0.03637558288,0.3135342756,0.01089919841,0.002637792114,0.999996521,0.0501757711,0.9987404027,0,0,1.559044222,1.647112495,-1.346456006,1.621414845,-0.1244862008,0.1701777345,0.2818211027,-1.473793569,1.550772396,1.308172095,1.7601883,-0.2759408425,-0.1464796438,-0.3862858011,0.02440470793,8.160371305e-05,0.1373545471,-0.08586226757,-0.2487701757,0.2072769974,0.1843158323,-0.007744124977,-0.004440288365,0.07336007616,0.1285879576,-0.2897146977,-0.1302143697,0.2567741418,0.008993453058,0.007011322769,0.007011322769,0.002637795173,0.005196847022,0.1073622042,0.1148031577,0.002223647731
4.58,0.3209159654,-0.03626910293,0.3064447087,0.01039760157,0.002637792114,0.999996521,0.0501757711,0.9987404027,0,0,1.559288269,1.647113311,-1.34508246,1.620556223,-0.1269739026,0.1722505045,0.2836642611,-1.47387101,1.550727993,1.308905696,1.761474179,-0.2788379895,-0.1477817875,-0.3837180597,0.02306332102,7.991698465e-05,0.134137939,-0.08489363064,-0.2432065862,0.2027691725,0.1801318403,-0.006835230652,-0.004210557238,0.07184333636,0.1246642216,-0.2830176595,-0.1269698139,0.2510801079,0.008993325384,0.007003852318,0.007003852318,0.002637795173,0.005196847022,0.1073622042,0.1148031577,0.002222831694
4.59,0.3239453538,-0.03616761415,0.2994491073,0.009901014644,0.002637792114,0.999996521,0.0501757711,0.9987404027,0,0,1.559518902,1.647114111,-1.343741081,1.619707286,-0.1294059684,0.1742781962,0.2854655795,-1.473939362,1.550685887,1.309624129,1.762720821,-0.2816681661,-0.1490514856,-0.3812072586,0.02173363859,7.823768715e-05,0.1309667627,-0.08394499754,-0.237729516,0.1983246558,0.176001768,-0.005935099525,-0.003984750855,0.07034683293,0.1207869692,-0.2764135299,-0.1237656516,0.2454562201,0.00899320473,0.006997056832,0.006997056832,0.002637795173,0.005196847022,0.1073622042,0.1148031577,0.002222032524
4.6,0.3269052797,-0.03607106493,0.2925531545,0.009409740637,0.002637792114,0.999996521,0.0501757711,0.9987404027,0,0,1.559736239,1.647114893,-1.342431413,1.618867836,-0.1317832636,0.1762614427,0.2872255971,-1.473998713,1.55064604,1.310327597,1.763928691,-0.2844323014,-0.1502891421,-0.3787526964,0.02041652587,7.656817615e-05,0.1278434884,-0.08301752581,-0.2323429946,0.1939471815,0.1719292082,-0.005044122239,-0.003762916796,0.06887194228,0.1169590376,-0.2699076079,-0.1206045298,0.2399076463,0.008993091033,0.006990922247,0.006990922247,0.002637795173,0.005196847022,0.1073622042,0.1148031577,0.002221250147
4.61,0.3297967682,-0.03597940061,0.2857625931,0.008924085729,0.002637792114,0.999996521,0.0501757711,0.9987404027,0,0,1.559940404,1.647115659,-1.341152978,1.618037661,-0.1341066936,0.1782009146,0.2889448892,-1.474049154,1.55060841,1.311016317,1.765098281,-0.2871313775,-0.1514951874,-0.3763536199,0.01829984049,7.515667417e-05,0.1255123561,-0.08215286588,-0.2269206553,0.1904965883,0.1672073905,-0.003579087588,-0.003450468514,0.06683570958,0.1130276646,-0.2639438643,-0.1161684505,0.235104625,0.008992984229,0.006985434604,0.006985434604,0.002637795173,0.005196847022,0.1073622042,0.1148031577,0.002220484465
4.62,0.3326209022,-0.03589256345,0.2790832252,0.008444359273,0.002637792114,0.999996521,0.0501757711,0.9987404027,0,0,1.560123402,1.64711641,-1.339897855,1.617216132,-0.1363759001,0.1801058804,0.2906169631,-1.474084945,1.550573906,1.311684674,1.766228558,-0.2897708161,-0.1526568719,-0.3740025737,0.01559943463,7.385608072e-05,0.1237791811,-0.08134106973,-0.221499992,0.187749527,0.162028332,-0.001694178557,-0.003072827705,0.06439376819,0.1090369114,-0.2584124717,-0.1108093558,0.2308768663,0.008992888499,0.006980820714,0.006980820714,0.002637795173,0.005196847022,0.1073622042,0.1148031577,0.002219732899
4.63,0.3353788229,-0.03581049262,0.2725209125,0.007970873798,0.002637792114,0.999996521,0.0501757711,0.9987404027,0,0,1.560279397,1.647117149,-1.338660063,1.616402722,-0.1385909,0.1819833757,0.2922372464,-1.474101887,1.550543177,1.312328611,1.767318927,-0.2923549408,-0.1537649655,-0.371693805,0.01437761433,7.210185433e-05,0.1207662018,-0.08048097697,-0.2164166844,0.1835398148,0.1581966124,-0.0008699025469,-0.002869766504,0.06302933597,0.10538429,-0.2522062887,-0.1078785288,0.2255433015,0.008992806897,0.006977241882,0.006977241882,0.002637795173,0.005196847022,0.1073622042,0.1148031577,0.002218994338
4.64,0.3380717304,-0.03573312412,0.2660815765,0.007503945007,0.002637792114,0.999996521,0.0501757711,0.9987404027,0,0,1.560423173,1.64711787,-1.337452401,1.615597912,-0.1407550669,0.1838187739,0.2938192126,-1.474110586,1.55051448,1.312958905,1.76837277,-0.2948770037,-0.1548437508,-0.369438372,0.01317090023,7.03815016e-05,0.1178122912,-0.07964691998,-0.2114405738,0.1794136612,0.1544361584,-5.576374449e-05,-0.002670711391,0.06169147893,0.1017924326,-0.2461204918,-0.1049999515,0.2203069542,0.008992731686,0.006974250532,0.006974250532,0.002637795173,0.005196847022,0.1073622042,0.1148031577,0.002218273319
4.65,0.3407008843,-0.0356603908,0.2597711979,0.007043891779,0.002637792114,0.999996521,0.0501757711,0.9987404027,0,0,1.560554882,1.647118574,-1.336274278,1.614801443,-0.1428694726,0.1856129105,0.2953635741,-1.474111144,1.550487773,1.31357582,1.769390694,-0.2973382086,-0.1558937503,-0.3672353024,0.01198014622,6.869663889e-05,0.1149200965,-0.07884011599,-0.2065759253,0.1753750394,0.150750695,0.0007478620508,-0.002475717512,0.06038159974,0.09826431101,-0.2401606973,-0.1021763183,0.2151732624,0.008992662789,0.00697183363,0.00697183363,0.002637795173,0.005196847022,0.1073622042,0.1148031577,0.002217569504
4.66,0.3432676043,-0.03559222229,0.2535958171,0.006591036165,0.002637792114,0.999996521,0.0501757711,0.9987404027,0,0,1.560674683,1.647119261,-1.335125077,1.614013042,-0.1449352319,0.1873666609,0.2968710811,-1.474103665,1.550463015,1.314179636,1.770373338,-0.2997398156,-0.1569155135,-0.3650835698,0.01080621294,6.704889868e-05,0.1120922934,-0.07806179462,-0.2018270571,0.1714279617,0.1471439801,0.001540593933,-0.002284842304,0.05910111319,0.09480292577,-0.2343325786,-0.09941034741,0.2101477078,0.008992600122,0.006969978214,0.006969978214,0.002637795173,0.005196847022,0.1073622042,0.1148031577,0.002216882538
4.67,0.3457732709,-0.035528545,0.2475615341,0.006145703393,0.002637792114,0.999996521,0.0501757711,0.9987404027,0,0,1.560782745,1.647119931,-1.334004154,1.613232424,-0.1469535024,0.1890809405,0.2983425209,-1.474088259,1.550440167,1.314770647,1.771321367,-0.3020831414,-0.1579096169,-0.3629820927,0.009649967692,6.543992921e-05,0.1093315858,-0.07731319788,-0.1971983413,0.1675764803,0.143619804,0.002322045802,-0.002098145606,0.05785144617,0.0914113058,-0.2286418669,-0.09670478132,0.2052358152,0.008992543595,0.006968671384,0.006968671384,0.002637795173,0.005196847022,0.1073622042,0.1148031577,0.002216212049
4.68,0.3482193259,-0.03546928206,0.2416745083,0.005708221865,0.002637792114,0.999996521,0.0501757711,0.9987404027,0,0,1.560879245,1.647120585,-1.332910838,1.612459292,-0.1489254858,0.1907567053,0.2997787189,-1.474065039,1.550419186,1.315349161,1.77223548,-0.3043695601,-0.1588766647,-0.3609297346,0.007264987997,6.597683089e-05,0.1077707906,-0.07664171948,-0.1925180997,0.1651191046,0.1391038318,0.003978395111,-0.001763400465,0.05574115236,0.08784459627,-0.223756782,-0.09201405874,0.2014454742,0.008992493118,0.006967900299,0.006967900299,0.002637795173,0.005196847022,0.1073622042,0.1148031577,0.00221555765
4.69,0.3506072727,-0.03541435329,0.2359409588,0.005278923158,0.002637792114,0.999996521,0.0501757711,0.9987404027,0,0,1.560951895,1.647121245,-1.33183313,1.611692874,-0.1508506668,0.1924078963,0.3011697573,-1.474025255,1.550401552,1.315906573,1.773113926,-0.3066071279,-0.1597968053,-0.3589152798,0.005507267677,6.552976231e-05,0.1057313555,-0.07597973291,-0.1880518658,0.1621342366,0.1352035702,0.005190874321,-0.001507393938,0.0540994478,0.08447477604,-0.2186983846,-0.0883874705,0.1972916891,0.008992455116,0.006968041684,0.006968041684,0.002637795173,0.005196847022,0.1073622042,0.1148031577,0.002214897881
4.7,0.3529386775,-0.0353636752,0.2303671641,0.004858142023,0.002637792114,0.999996521,0.0501757711,0.9987404027,0,0,1.561006968,1.647121901,-1.330775817,1.610933077,-0.1527311855,0.1940292387,0.302521793,-1.473973346,1.550386478,1.316447567,1.773958674,-0.3087941117,-0.16068068,-0.356942363,0.004453738004,6.397214294e-05,0.1031476797,-0.07532596239,-0.1838157449,0.1585476372,0.1319885428,0.005904809688,-0.001339267372,0.05298245131,0.08131990991,-0.2134317578,-0.08595270421,0.1927188499,0.008992426308,0.006968891541,0.006968891541,0.002637795173,0.005196847022,0.1073622042,0.1148031577,0.002214242584
4.71,0.3552151696,-0.03531716093,0.2249594623,0.004446216387,0.002637792114,0.999996521,0.0501757711,0.9987404027,0,0,1.561051505,1.64712254,-1.32974434,1.610179818,-0.1545693429,0.1956147151,0.3038416784,-1.473914298,1.550373085,1.316977392,1.774771873,-0.3109284293,-0.1615402071,-0.3550151745,0.003420069541,6.246236059e-05,0.1006435318,-0.0747071076,-0.1797177799,0.1550747451,0.1288703417,0.006606792857,-0.001175379117,0.05190116766,0.0782469071,-0.2083266788,-0.08358731317,0.1882832538,0.008992403012,0.006970223455,0.006970223455,0.002637795173,0.005196847022,0.1073622042,0.1148031577,0.002213602862
4.72,0.3574384417,-0.03527472022,0.2197242512,0.00404348735,0.002637792114,0.999996521,0.0501757711,0.9987404027,0,0,1.561085706,1.647123165,-1.328737905,1.609432746,-0.1563665207,0.1971654625,0.3051303818,-1.47384823,1.550361331,1.317496403,1.775554342,-0.3130116961,-0.1623760802,-0.3531323419,0.002407108651,6.100223162e-05,0.09822180166,-0.0741244714,-0.1757626031,0.1517198582,0.1258528719,0.007296450905,-0.001015798851,0.05085704194,0.07525892971,-0.2033892006,-0.08129407084,0.1839906759,0.008992385122,0.006972025334,0.006972025334,0.002637795173,0.005196847022,0.1073622042,0.1148031577,0.002212978239
4.73,0.3596102511,-0.03523625938,0.2146679878,0.003650299188,0.002637792114,0.999996521,0.0501757711,0.9987404027,0,0,1.561109777,1.647123775,-1.327755686,1.608691502,-0.1581241468,0.1986826611,0.3063889105,-1.473775265,1.550351173,1.318004974,1.776306931,-0.3150455881,-0.1631890209,-0.3512924352,0.001415707341,5.959358902e-05,0.09588540899,-0.07357936925,-0.1719549042,0.1484873149,0.122940069,0.007973405527,-0.0008605990681,0.04985153052,0.07235916781,-0.1986254343,-0.07907577308,0.1798469315,0.008992372531,0.0069742851,0.0069742851,0.002637795173,0.005196847022,0.1073622042,0.1148031577,0.002212368216
4.74,0.3617324197,-0.03520168127,0.209797189,0.003266999352,0.002637792114,0.999996521,0.0501757711,0.9987404027,0,0,1.561123934,1.647124371,-1.326796832,1.607955708,-0.1598436958,0.2001675342,0.3076183112,-1.473695531,1.550342567,1.318503489,1.777030523,-0.3170318424,-0.1639797787,-0.3494939658,0.0004467232049,5.823828277e-05,0.09363730348,-0.07307312926,-0.1682994311,0.1453814938,0.1201358991,0.008637272989,-0.0007098551379,0.04888610098,0.06955083947,-0.1940415487,-0.07693523802,0.1758578754,0.008992365126,0.006976990681,0.006976990681,0.002637795173,0.005196847022,0.1073622042,0.1148031577,0.00221177228
4.75,0.363806835,-0.03517088526,0.2051184311,0.002893938466,0.002637792114,0.999996521,0.0501757711,0.9987404027,0,0,1.561128401,1.647124953,-1.325860459,1.607224977,-0.1615266901,0.2016213492,0.3088196702,-1.473609159,1.550335469,1.31899235,1.777726031,-0.3189722579,-0.164749131,-0.3477353871,-0.0004989806363,5.693817962e-05,0.09148046483,-0.07260709217,-0.1648009896,0.1424068137,0.117444359,0.009287664074,-0.0005636453618,0.04796223204,0.06683719069,-0.189643771,-0.07487530598,0.1720294019,0.008992362789,0.00698013,0.00698013,0.002637795173,0.005196847022,0.1073622042,0.1148031577,0.002211189898
4.76,0.3658354506,-0.0351437672,0.2006383498,0.00253147033,0.002637792114,0.999996521,0.0501757711,0.9987404027,0,0,1.561123411,1.647125523,-1.324945655,1.606498906,-0.1631747,0.2030454173,0.3099941138,-1.473516282,1.550329832,1.319471972,1.778394403,-0.3208686956,-0.1654978841,-0.3460150931,-0.002477967276,5.654103044e-05,0.09037006139,-0.07220677444,-0.1613382123,0.1406498809,0.1139694519,0.01066848738,-0.0002885903818,0.04632449891,0.06400019176,-0.1859847226,-0.07114637668,0.1691963354,0.008992365399,0.006983690965,0.006983690965,0.002637795173,0.005196847022,0.1073622042,0.1148031577,0.002210620516
4.77,0.3678202866,-0.03512021936,0.1963636406,0.002179951919,0.002637792114,0.999996521,0.0501757711,0.9987404027,0,0,1.561098632,1.647126088,-1.324041954,1.605776838,-0.1647880822,0.2044519161,0.3111338083,-1.473409597,1.550326946,1.319935217,1.779034405,-0.3227285429,-0.1662093479,-0.3443231297,-0.003896439677,5.579232001e-05,0.08887459847,-0.07183707148,-0.1581058767,0.138484878,0.1110710775,0.011658261,-8.589179212e-05,0.04511455313,0.06137653577,-0.182247898,-0.06839122645,0.1661160716,0.008992378361,0.00698800353,0.00698800353,0.002637795173,0.005196847022,0.1073622042,0.1148031577,0.002210055105
4.78,0.3697634305,-0.03510013046,0.1923010584,0.001839743381,0.002637792114,0.999996521,0.0501757711,0.9987404027,0,0,1.561059667,1.647126646,-1.323153208,1.605058467,-0.1663691409,0.2058367649,0.3122445191,-1.473293015,1.550326087,1.320386363,1.77964817,-0.3245510218,-0.1668932601,-0.342661969,-0.004734933988,5.465968156e-05,0.08698062554,-0.07149901501,-0.1551115138,0.1358975034,0.1087690978,0.01224334258,4.209519273e-05,0.04434728712,0.05897342241,-0.1784299269,-0.0666435954,0.1627799762,0.008992398742,0.006992881604,0.006992881604,0.002637795173,0.005196847022,0.1073622042,0.1148031577,0.002209497182
4.79,0.3716670376,-0.03508338558,0.1884574177,0.001511208041,0.002637792114,0.999996521,0.0501757711,0.9987404027,0,0,1.561012318,1.647127193,-1.322283402,1.604343477,-0.1679202561,0.2071957399,0.3133322101,-1.473170581,1.550326508,1.320829836,1.780237905,-0.3263353211,-0.1675596961,-0.3410341692,-0.005548448382,5.358582487e-05,0.08519182751,-0.0712067143,-0.1522938718,0.1334612484,0.1065944863,0.01281456368,0.000165454921,0.0436263357,0.05667786789,-0.1748244395,-0.06498516382,0.1596298243,0.00899242351,0.006998133703,0.006998133703,0.002637795173,0.005196847022,0.1073622042,0.1148031577,0.002208950585
4.8,0.3735333315,-0.03506986617,0.1848395924,0.001194712397,0.002637792114,0.999996521,0.0501757711,0.9987404027,0,0,1.560956833,1.647127728,-1.321431484,1.60363141,-0.1694431948,0.2085303524,0.3143981549,-1.473042436,1.550328163,1.321266099,1.780804683,-0.3280835655,-0.1682095477,-0.339437871,-0.006336148657,5.257323408e-05,0.08351137996,-0.07096157274,-0.149658036,0.1311807864,0.1045513444,0.01337155068,0.0002840991164,0.04295319083,0.05449324641,-0.1714379871,-0.06341878851,0.1566717503,0.008992452533,0.007003748261,0.007003748261,0.002637795173,0.005196847022,0.1073622042,0.1148031577,0.002208414727
4.81,0.3753646052,-0.03505944997,0.1814545162,0.0008906261226,0.002637792114,0.999996521,0.0501757711,0.9987404027,0,0,1.560893472,1.647128254,-1.32059637,1.602921794,-0.1709397751,0.2098421603,0.3154436684,-1.47290872,1.550331004,1.321695631,1.781349616,-0.3297979454,-0.1688437356,-0.3378711535,-0.007097195672,5.162438965e-05,0.0819424893,-0.07076500649,-0.1472091512,0.1290608318,0.1026438028,0.01391392457,0.000397936614,0.04232935524,0.05242295994,-0.1682771791,-0.06194734756,0.1539119274,0.008992485676,0.007009713656,0.007009713656,0.002637795173,0.005196847022,0.1073622042,0.1148031577,0.002207888995
4.82,0.377163221,-0.03505201104,0.1783091821,0.0005993220656,0.002637792114,0.999996521,0.0501757711,0.9987404027,0,0,1.5608225,1.64712877,-1.319776945,1.602214144,-0.1724118666,0.2111327686,0.3164701064,-1.472769581,1.550334983,1.322118925,1.781873845,-0.3314807172,-0.1694632091,-0.3363320342,-0.007830745317,5.074176821e-05,0.08048839275,-0.07061844444,-0.1449524211,0.1271061401,0.1008760221,0.01444130096,0.0005068733825,0.04175634246,0.05047043821,-0.1653486832,-0.06057374035,0.151356568,0.0089925228,0.007016018195,0.007016018195,0.002637795173,0.005196847022,0.1073622042,0.1148031577,0.002207372751
4.83,0.3789316115,-0.03504741967,0.1754106428,0.0003211762487,0.002637792114,0.999996521,0.0501757711,0.9987404027,0,0,1.560744192,1.647129278,-1.318972061,1.60150796,-0.1738613909,0.21240383,0.3174788666,-1.472625168,1.550340052,1.322536488,1.78237855,-0.333134204,-0.1700689465,-0.3348184685,-0.008535948485,4.992784322e-05,0.07915235828,-0.07052332825,-0.1428931082,0.1253215078,0.09925219297,0.01495329011,0.0006108125595,0.0412356769,0.04863913876,-0.1626592256,-0.05930088764,0.149011924,0.008992563762,0.007022650112,0.007022650112,0.002637795173,0.005196847022,0.1073622042,0.1148031577,0.002206865333
4.84,0.3806722802,-0.03504554239,0.1727660104,5.656786933e-05,0.002637792114,0.999996521,0.0501757711,0.9987404027,0,0,1.560658833,1.647129777,-1.318180537,1.600802727,-0.1752903219,0.2136570451,0.3184713886,-1.472475635,1.55034616,1.322948845,1.782864941,-0.3347607963,-0.1706619554,-0.3333283493,-0.009223300823,4.916894578e-05,0.07791149854,-0.07047604196,-0.1409951768,0.1236758107,0.09774452166,0.01545729004,0.0007113501233,0.04075816255,0.04689959006,-0.1601626937,-0.05810755546,0.1468377583,0.008992608413,0.007029597557,0.007029597557,0.002637795173,0.005196847022,0.1073622042,0.1148031577,0.002206366055
4.85,0.3823872535,-0.03504628728,0.170204331,-0.0002088401376,0.002637792114,0.999996521,0.0501757711,0.9987404027,0,0,1.5605666,1.647130269,-1.317401422,1.600097966,-0.1767002737,0.2148938032,0.3194488338,-1.472321062,1.550353274,1.323356426,1.783333937,-0.3363624232,-0.1712430309,-0.3318599717,-0.0100330571,4.845935608e-05,0.07671303509,-0.07045293674,-0.1390474886,0.1220777475,0.09612516355,0.0160504203,0.0008279397992,0.04021087493,0.04507132386,-0.157641623,-0.05673400732,0.1446701216,0.00899265666,0.007036853245,0.007036853245,0.002637795173,0.005196847022,0.1073622042,0.1148031577,0.002205874365
4.86,0.3840758651,-0.03504978599,0.1674932476,-0.0004941976219,0.002637792114,0.999996521,0.0501757711,0.9987404027,0,0,1.560466269,1.647130753,-1.316634292,1.599393437,-0.1780907486,0.2161145807,0.3204100854,-1.472160558,1.550361553,1.323758535,1.78378465,-0.3379388394,-0.171810371,-0.3304132705,-0.01208426777,4.874053183e-05,0.07651001877,-0.07045788731,-0.1368829619,0.1215880316,0.09342139041,0.01751053081,0.001107959367,0.03878886877,0.04286584459,-0.1555701615,-0.05330018178,0.1432816008,0.008992709142,0.00704446153,0.00704446153,0.002637795173,0.005196847022,0.1073622042,0.1148025686,0.002205389772
4.87,0.3857366305,-0.03505623619,0.1646357721,-0.0007990437504,0.002637792114,0.999996521,0.0501757711,0.9987404027,0,0,1.560345427,1.647131241,-1.315869192,1.598688858,-0.1794595782,0.217330461,0.3213442993,-1.471985452,1.550372633,1.324146424,1.784213309,-0.339494541,-0.1723433728,-0.3289804545,-0.01289340064,4.785859871e-05,0.07507147058,-0.07046331718,-0.1347419584,0.1197005785,0.09171761023,0.01811052805,0.001224955736,0.03826853943,0.0408266276,-0.1527075349,-0.0519593762,0.1407799207,0.008992772356,0.007052846178,0.007052846178,0.002637795173,0.005196847022,0.1073622042,0.11479179,0.002204902367
4.88,0.3873681065,-0.03506582998,0.1616360752,-0.0011228233,0.002637792114,0.999996521,0.0501757711,0.9987404027,0,0,1.560216493,1.647131719,-1.315118477,1.597984225,-0.1808069978,0.2185274668,0.3222614754,-1.471804347,1.550384882,1.324529109,1.784621575,-0.3410216164,-0.1728629666,-0.3275726553,-0.0137529199,4.693792193e-05,0.07356361941,-0.07048297072,-0.132503845,0.117725794,0.08993083107,0.01874898946,0.001348765801,0.03772484437,0.03867538218,-0.1497068338,-0.05054947783,0.1381567651,0.008992839802,0.00706159072,0.00706159072,0.002637795173,0.005196847022,0.1073622042,0.1147775435,0.002204423781
4.89,0.3889688917,-0.03507875393,0.1584982923,-0.001464985729,0.002637792114,0.999996521,0.0501757711,0.9987404027,0,0,1.560078963,1.647132189,-1.314382841,1.597279395,-0.1821320362,0.2197047247,0.3231607837,-1.471616857,1.55039837,1.324906358,1.785008329,-0.3425186847,-0.1733684613,-0.3261910876,-0.01466136767,4.597989935e-05,0.07198853806,-0.07051643778,-0.1301716363,0.1156662535,0.08806343224,0.01942476157,0.001479168369,0.03715845017,0.03641538543,-0.1465721307,-0.04907248274,0.1354155598,0.008992911746,0.007070715815,0.007070715815,0.002637795173,0.005196847022,0.1073622042,0.1147580685,0.002203954401
4.9,0.3905376257,-0.03509518915,0.1552265238,-0.001824985177,0.002637792114,0.999996521,0.0501757711,0.9987404027,0,0,1.55993235,1.647132649,-1.313662956,1.596574231,-0.1834337526,0.2208613873,0.324041418,-1.47142261,1.550413162,1.325277942,1.785372483,-0.343984406,-0.1738591862,-0.324836932,-0.01561729515,4.498587818e-05,0.07034827623,-0.07056331057,-0.1277482974,0.1135245089,0.0861177815,0.02013670419,0.001615947232,0.03657002063,0.0340498886,-0.1433074612,-0.04753037501,0.1325597226,0.008992988442,0.007080241417,0.007080241417,0.002637795173,0.005196847022,0.1073622042,0.1147315472,0.002203494602
4.91,0.3920729891,-0.03511531129,0.1518248348,-0.002202280467,0.002637792114,0.999996521,0.0501757711,0.9987404027,0,0,1.559776177,1.647133098,-1.312959473,1.595868598,-0.1847112356,0.2219966323,0.3249025959,-1.471221243,1.550429321,1.325643642,1.785712981,-0.3454174806,-0.1743344899,-0.3235113348,-0.01661926271,4.395715578e-05,0.06864486056,-0.07062318367,-0.125236744,0.1113030886,0.08409623499,0.02088369041,0.001758891158,0.03596021684,0.03158211707,-0.1399168236,-0.04592512664,0.1295926631,0.00899307014,0.007090186791,0.007090186791,0.002637795173,0.005196847022,0.1073622042,0.1146961215,0.002203044744
4.92,0.3935737028,-0.03513929062,0.1482972553,-0.002596335102,0.002637792114,0.999996521,0.0501757711,0.9987404027,0,0,1.559609984,1.647133538,-1.312273024,1.595162366,-0.185963603,0.2231096632,0.3257435582,-1.471012406,1.55044691,1.326003245,1.786028803,-0.3468166489,-0.1747937412,-0.3222154082,-0.01766583987,4.289497968e-05,0.06688029464,-0.07069565401,-0.1226398423,0.1090044978,0.08200113725,0.02166460659,0.001907793874,0.03532969708,0.0290152704,-0.1364041792,-0.04425869755,0.1265177824,0.008993157081,0.007100570536,0.007100570536,0.002637795173,0.005196847022,0.1073622042,0.1146499092,0.002202605172
4.93,0.3950385279,-0.03516729208,0.14464778,-0.003006617268,0.002637792114,0.999996521,0.0501757711,0.9987404027,0,0,1.559433326,1.647133967,-1.311604221,1.594455409,-0.1871900014,0.2241997082,0.3265635696,-1.47079576,1.550465988,1.326356542,1.786318955,-0.3481806907,-0.1752363282,-0.3209502304,-0.01875560532,4.180054787e-05,0.06505655905,-0.07078032091,-0.1199604095,0.1066312185,0.07983482105,0.02247835232,0.002062454037,0.03467911684,0.02635252221,-0.1327734524,-0.04253303557,0.1233384734,0.008993249498,0.007111410603,0.007111410603,0.002637795173,0.005196847022,0.1073622042,0.1145910207,0.002202176222
4.94,0.3964662653,-0.0351994753,0.1408803688,-0.003432599831,0.002637792114,0.999996521,0.0501757711,0.9987404027,0,0,1.55924577,1.647134385,-1.310953656,1.593747606,-0.1883896055,0.2252660204,0.3273619178,-1.470570976,1.550486612,1.326703333,1.786582481,-0.3495084252,-0.1756616585,-0.3197168456,-0.01988714698,4.067500938e-05,0.06317561146,-0.07087678608,-0.117201214,0.1041857091,0.07759960738,0.02332384037,0.002222675196,0.03400912878,0.02359702026,-0.1290285303,-0.04075007631,0.1200581201,0.008993347617,0.007122724314,0.007122724314,0.002637795173,0.005196847022,0.1073622042,0.1145175748,0.002201758217
4.95,0.3978557553,-0.03523599467,0.1369989459,-0.003873760339,0.002637792114,0.999996521,0.0501757711,0.9987404027,0,0,1.559046898,1.647134792,-1.3103219,1.593038838,-0.1895616177,0.2263078775,0.3281379139,-1.470337738,1.550508839,1.327043424,1.786818451,-0.3507987105,-0.1760691593,-0.3185162644,-0.02105906205,3.951946472e-05,0.06123938667,-0.07098465362,-0.1143649756,0.1016704048,0.07529780524,0.02419999665,0.002388265749,0.03332038265,0.02075188633,-0.1251732633,-0.03891174314,0.1166800973,0.008993451658,0.007134528379,0.007134528379,0.002637795173,0.005196847022,0.1073622042,0.114427715,0.002201351467
4.96,0.3992058771,-0.03527699938,0.1330074008,-0.004329581024,0.002637792114,0.999996521,0.0501757711,0.9987404027,0,0,1.558836308,1.647135187,-1.309709506,1.592328992,-0.1907052674,0.2273245815,0.3288908919,-1.470095738,1.550532722,1.327376628,1.78702597,-0.3520504431,-0.1764582767,-0.3173494634,-0.02226995706,3.833496653e-05,0.05924979671,-0.07110353007,-0.111454366,0.09908771757,0.07293171155,0.02510576016,0.002559038893,0.03261352532,0.01782021625,-0.1212114646,-0.03701994709,0.1132077708,0.008993561831,0.007146838918,0.007146838918,0.002637795173,0.005196847022,0.1073622042,0.1143196255,0.002200956272
4.97,0.400515549,-0.03532263345,0.1289095875,-0.004799548797,0.002637792114,0.999996521,0.0501757711,0.9987404027,0,0,1.558613608,1.64713557,-1.309117008,1.591617956,-0.1918198111,0.2283154587,0.329620209,-1.46984468,1.550558312,1.327702763,1.787204172,-0.3532625578,-0.1768284762,-0.3162173857,-0.02381145037,3.778279216e-05,0.05747088752,-0.07123264502,-0.1084509047,0.09673309773,0.07026024145,0.02624191226,0.002774588148,0.03167996626,0.01473839434,-0.1172888859,-0.03458183115,0.1098617191,0.008993678341,0.007159671478,0.007159671478,0.002637795173,0.005196847022,0.1073622042,0.1141915462,0.002200572922
4.98,0.4017837274,-0.03537303581,0.1247093251,-0.005283155252,0.002637792114,0.999996521,0.0501757711,0.9987404027,0,0,1.558375494,1.647135948,-1.308542299,1.59090563,-0.1929043201,0.2292827897,0.3303228114,-1.469582261,1.550586058,1.328019563,1.787351556,-0.3544354466,-0.1771742945,-0.3151187685,-0.02580676809,3.809688602e-05,0.05601629386,-0.07137152033,-0.1053486171,0.09473377591,0.06718206945,0.02769307188,0.003051773759,0.03043149482,0.01148112447,-0.1134694387,-0.03138888859,0.1067375672,0.008993802918,0.007173143683,0.007173143683,0.002637795173,0.005196847022,0.1073622042,0.1140570846,0.002200195094
4.99,0.4030094067,-0.03542834034,0.1204103973,-0.005779896664,0.002637792114,0.999996521,0.0501757711,0.9987404027,0,0,1.558117426,1.647136329,-1.307982136,1.590191915,-0.1939578063,0.2302301274,0.3309946321,-1.46930533,1.550616576,1.328323878,1.787466367,-0.355570141,-0.1774881834,-0.3140513929,-0.02709070441,3.667211674e-05,0.05384644413,-0.07152125201,-0.102233716,0.09192793528,0.06466618381,0.02865658744,0.003232386763,0.02969980856,0.008316300565,-0.1091929538,-0.02940821952,0.102975847,0.008993937936,0.007187416512,0.007187416512,0.002637795173,0.005196847022,0.1073622042,0.1139464753,0.002199814126
5,0.404191619,-0.03548867587,0.1160165528,-0.00628927399,0.002637792114,0.999996521,0.0501757711,0.9987404027,0,0,1.557846519,1.647136696,-1.307443671,1.589476702,-0.1949801435,0.2311494068,0.331641294,-1.469018764,1.5506489,1.328620876,1.78754953,-0.3566620706,-0.1777822656,-0.3130216344,-0.02840737663,3.52148027e-05,0.05163000123,-0.07168045292,-0.09905476461,0.08906339039,0.06209569266,0.02964504818,0.003417392406,0.02895312895,0.005077239355,-0.1048244275,-0.02738289809,0.09913260396,0.008994079674,0.007202242702,0.007202242702,0.002637795173,0.005196847022,0.1073622042,0.113825804,0.002199447404
5.01,0.4053294337,-0.03555416629,0.1115315052,-0.00681079287,0.002637792114,0.999996521,0.0501757711,0.9987404027,0,0,1.557562445,1.647137048,-1.306927371,1.588759898,-0.1959706911,0.2320400407,0.3322622509,-1.468722314,1.550683074,1.328910407,1.787600302,-0.3577103148,-0.1780560946,-0.3120303084,-0.02975546958,3.372641109e-05,0.04936878911,-0.0718487412,-0.09581419493,0.08614246493,0.05947280533,0.03065748051,0.003606629503,0.02819206386,0.001766898884,-0.1003675061,-0.02531472031,0.09521117319,0.008994228305,0.007217635485,0.007217635485,0.002637795173,0.005196847022,0.1073622042,0.1136948229,0.002199095256
5.02,0.4064219573,-0.03562493056,0.1069589325,-0.007343963623,0.002637792114,0.999996521,0.0501757711,0.9987404027,0,0,1.55726489,1.647137385,-1.306433684,1.58804141,-0.1969288331,0.2329014653,0.332856979,-1.468415739,1.55071914,1.329192328,1.787617971,-0.3587139899,-0.1783092418,-0.3110781966,-0.03113367766,3.220842959e-05,0.04706460917,-0.07202573752,-0.09251439382,0.08316745892,0.05679971813,0.03169292342,0.003799941012,0.02741721783,-0.001611789062,-0.09582579994,-0.02320546954,0.09121487736,0.008994383992,0.007233607615,0.007233607615,0.002637795173,0.005196847022,0.1073622042,0.1135532941,0.002198757992
5.03,0.4074683328,-0.03570108278,0.1023024781,-0.007888301251,0.002637792114,0.999996521,0.0501757711,0.9987404027,0,0,1.556953554,1.647137707,-1.305963037,1.587321153,-0.197853977,0.2337331399,0.3334249761,-1.46809881,1.550757139,1.3294665,1.787601853,-0.3596722479,-0.1785412965,-0.3101660479,-0.0325407049,3.06623648e-05,0.04471924041,-0.07221106505,-0.08915770381,0.08014064881,0.05407861403,0.03275042845,0.00399717394,0.02662919195,-0.00505591902,-0.09120288258,-0.02105691632,0.08714702582,0.008994546894,0.007250171381,0.007250171381,0.002637795173,0.005196847022,0.1073622042,0.1134009893,0.002198435908
5.04,0.4084677393,-0.03578273221,0.09756574994,-0.008443325439,0.002637792114,0.999996521,0.0501757711,0.9987404027,0,0,1.556628147,1.647138014,-1.305515845,1.586599042,-0.198745554,0.2345345464,0.3339657623,-1.467771306,1.550797111,1.329732792,1.787551294,-0.3605842767,-0.1787518656,-0.3092945776,-0.03397526515,2.908974153e-05,0.04233443963,-0.07240434958,-0.08574642386,0.07706428749,0.05131166242,0.0338290595,0.004198179254,0.02582858383,-0.008562611921,-0.08650229141,-0.01887081823,0.083010914,0.008994717162,0.007267338625,0.007267338625,0.002637795173,0.005196847022,0.1073622042,0.1132376902,0.002198129284
5.05,0.4094193921,-0.03586998333,0.09275232073,-0.009008560551,0.002637792114,0.999996521,0.0501757711,0.9987404027,0,0,1.556288394,1.647138305,-1.305092501,1.585874999,-0.1996030183,0.2353051893,0.3344788789,-1.467433015,1.550839093,1.329991078,1.787465668,-0.3614492996,-0.1789405738,-0.3084644685,-0.03543608211,2.749210106e-05,0.03991194161,-0.07260521951,-0.08228281018,0.07394060437,0.04850101876,0.03492789276,0.004402811777,0.02501598743,-0.01212901516,-0.0817275275,-0.01664891971,0.07880982263,0.00899489494,0.007285120755,0.007285120755,0.002637795173,0.005196847022,0.1073622042,0.1130631876,0.002197838387
5.06,0.4103225418,-0.03596293589,0.08786572815,-0.009583535636,0.002637792114,0.999996521,0.0501757711,0.9987404027,0,0,1.555934033,1.64713858,-1.304693381,1.585148946,-0.2004258464,0.2360445953,0.3349638891,-1.467083736,1.550883121,1.330241238,1.787344378,-0.3622665749,-0.179107063,-0.3076763702,-0.03692188949,2.587100001e-05,0.03745345936,-0.07281330589,-0.07876907713,0.07077180544,0.04564882429,0.03604601651,0.004610930093,0.02419199301,-0.01575230266,-0.07688205573,-0.0143929519,0.07454701705,0.008995080367,0.00730352876,0.00730352876,0.002637795173,0.005196847022,0.1073622042,0.1128772821,0.002197563466
5.07,0.4111764745,-0.03606168495,0.08290947468,-0.01016778442,0.002637792114,0.999996521,0.0501757711,0.9987404027,0,0,1.555564814,1.647138838,-1.304318847,1.584420813,-0.2012135372,0.2367523134,0.3354203773,-1.466723276,1.55092923,1.330483157,1.787186855,-0.3630353955,-0.1792509925,-0.3069309001,-0.0384314311,2.422800889e-05,0.03496068426,-0.07302824252,-0.07520739805,0.06756007332,0.04275720572,0.03718253107,0.004822396435,0.02335718703,-0.01942967498,-0.07196930485,-0.01210463245,0.0702257464,0.008995273574,0.007322573224,0.007322573224,0.002637795173,0.005196847022,0.1073622042,0.1126797835,0.002197304756
5.08,0.4119805107,-0.03616632095,0.07788702762,-0.01076084532,0.002637792114,0.999996521,0.0501757711,0.9987404027,0,0,1.5551805,1.647139081,-1.30396924,1.583690531,-0.2019656111,0.2374279141,0.3358479494,-1.466351451,1.550977454,1.330716729,1.786992558,-0.3637550885,-0.1793720388,-0.3062286426,-0.03996346102,2.256471079e-05,0.03243528634,-0.07324966593,-0.07159990624,0.06430756735,0.03982827487,0.03833654859,0.005037076582,0.02251215206,-0.02315835935,-0.06699266753,-0.009785665322,0.06584924285,0.008995474686,0.007342264341,0.007342264341,0.002637795173,0.005196847022,0.1073622042,0.1124705111,0.002197062476
5.09,0.4127340058,-0.03627692971,0.0728018191,-0.01136226142,0.002637792114,0.999996521,0.0501757711,0.9987404027,0,0,1.554780865,1.647139306,-1.303644887,1.582958034,-0.2026816102,0.2380709898,0.3362462321,-1.465968085,1.551027825,1.330941851,1.786760975,-0.3644250152,-0.1794698955,-0.3055701502,-0.04151674366,2.088269966e-05,0.02987891446,-0.07347721547,-0.0679486958,0.06101642362,0.03686412837,0.03950719295,0.005254839745,0.02165746663,-0.02693560978,-0.06195550047,-0.007437740651,0.06142072075,0.008995683821,0.007362611925,0.007362611925,0.002637795173,0.005196847022,0.1073622042,0.1122492932,0.002196836829
5.1,0.4134363492,-0.03639359252,0.06765724609,-0.0119715805,0.002637792114,0.999996521,0.0501757711,0.9987404027,0,0,1.554365698,1.647139515,-1.303346098,1.582223262,-0.2033610972,0.238681154,0.3366148734,-1.465573013,1.551080373,1.331158426,1.786491619,-0.3650445702,-0.1795442729,-0.304955943,-0.04309005396,1.918357915e-05,0.02729319657,-0.07371053334,-0.06425582269,0.05768875506,0.03386684728,0.04069359959,0.005475558457,0.02079370518,-0.03075870713,-0.05686112446,-0.005062534501,0.05694337584,0.00899590109,0.007383625429,0.007383625429,0.002637795173,0.005196847022,0.1073622042,0.1120159671,0.002196628002
5.11,0.4140869641,-0.03651638617,0.0624566704,-0.01258835501,0.002637792114,0.999996521,0.0501757711,0.9987404027,0,0,1.553934797,1.647139707,-1.303073166,1.581486157,-0.2040036554,0.2392580416,0.3369535419,-1.465166077,1.551135129,1.331366363,1.786184031,-0.3656131814,-0.1795948982,-0.3043865092,-0.04468217745,1.74689609e-05,0.02467973989,-0.07394926466,-0.0605233056,0.05432665151,0.03083849675,0.04189491536,0.005699108455,0.01992143791,-0.03462495919,-0.05171282445,-0.002661708693,0.05242038442,0.0089961266,0.007405313947,0.007405313947,0.002637795173,0.005196847022,0.1073622042,0.1117703793,0.002196436166
5.12,0.414685307,-0.03664538299,0.05720341866,-0.01321214209,0.002637792114,0.999996521,0.0501757711,0.9987404027,0,0,1.553487976,1.647139882,-1.302826368,1.580746664,-0.2046088884,0.2398013081,0.3372619269,-1.464747128,1.55119212,1.331565577,1.785837782,-0.3661303097,-0.1796215153,-0.3038623054,-0.04629191042,1.574046309e-05,0.02204013121,-0.0741930575,-0.056753127,0.05093217978,0.02778112568,0.0431102984,0.005925368564,0.01904123069,-0.0385317008,-0.04651384965,-0.0002369106041,0.04785490241,0.008996360449,0.007427686237,0.007427686237,0.002637795173,0.005196847022,0.1073622042,0.1115123851,0.002196261476
5.13,0.4152308678,-0.03678065092,0.05190078233,-0.01384250356,0.002637792114,0.999996521,0.0501757711,0.9987404027,0,0,1.553025056,1.647140039,-1.302605967,1.580004734,-0.2051764197,0.2403106299,0.3375397381,-1.464316025,1.551251374,1.331755989,1.785452465,-0.3665954482,-0.1796238844,-0.3033837563,-0.04791806008,1.399970866e-05,0.01937593707,-0.07444156294,-0.05294723412,0.04750738371,0.02469676632,0.04433891794,0.006154220579,0.01815364497,-0.04247629387,-0.04126741359,0.002210227038,0.04325006458,0.008996602731,0.007450750725,0.007450750725,0.002637795173,0.005196847022,0.1073622042,0.1112418487,0.002196104072
5.14,0.4157231689,-0.03692225353,0.04655201772,-0.01447900592,0.002637792114,0.999996521,0.0501757711,0.9987404027,0,0,1.552545876,1.647140179,-1.302412208,1.579260318,-0.2057058921,0.2407857037,0.3377867058,-1.463872636,1.551312916,1.331937526,1.785027702,-0.3670081223,-0.1796017822,-0.3029512557,-0.04955944462,1.224832418e-05,0.01668870402,-0.07469443513,-0.04910753994,0.04405428426,0.02158743394,0.0455799542,0.006385549148,0.01725923762,-0.04645612752,-0.03597669422,0.004678086353,0.0386089836,0.008996853532,0.007474515517,0.007474515517,0.002637795173,0.005196847022,0.1073622042,0.1109586429,0.002195964075
5.15,0.4161617652,-0.03707025008,0.04116034596,-0.01512122036,0.002637792114,0.999996521,0.0501757711,0.9987404027,0,0,1.552050281,1.647140302,-1.302245321,1.578513374,-0.2061969675,0.2412262466,0.3380025801,-1.463416836,1.551376771,1.332110118,1.784563141,-0.3673678893,-0.1795550013,-0.3025651659,-0.05121489342,1.048793772e-05,0.01397995889,-0.07495133132,-0.04523592425,0.04057487958,0.01845512644,0.04683259818,0.006619241645,0.01635856086,-0.05046861816,-0.03064483398,0.007165064519,0.0339347492,0.008997112932,0.007498988411,0.007498988411,0.002637795173,0.005196847022,0.1073622042,0.1106626492,0.002195841591
5.16,0.4165462434,-0.03722469557,0.03572895301,-0.01576872273,0.002637792114,0.999996521,0.0501757711,0.9987404027,0,0,1.551538132,1.647140406,-1.302105521,1.57776386,-0.2066493267,0.2416319954,0.3381871314,-1.46294851,1.551442964,1.332273704,1.784058454,-0.3676743376,-0.1794833507,-0.3022258184,-0.05288324715,8.720177802e-06,0.01125120897,-0.07521191194,-0.0413342346,0.03707114506,0.01530182398,0.04809605156,0.006855188054,0.0154521621,-0.05451120956,-0.02527493987,0.009669573973,0.02923042724,0.008997381007,0.007524176907,0.007524176907,0.002637795173,0.005196847022,0.1073622042,0.1103537576,0.002195736712
5.17,0.4168762223,-0.03738564076,0.03026098968,-0.01642109358,0.002637792114,0.999996521,0.0501757711,0.9987404027,0,0,1.5510093,1.647140494,-1.301993009,1.577011741,-0.207062669,0.2420027068,0.3383401496,-1.46246755,1.551511516,1.332428225,1.783513342,-0.367927087,-0.1793866549,-0.3019335141,-0.05457767371,6.946671305e-06,0.00854476,-0.07564439913,-0.03740904975,0.0336916846,0.01208627724,0.04937309852,0.007093027492,0.01452715612,-0.05870908868,-0.01991020198,0.01230182461,0.02445518275,0.008997657824,0.007550088214,0.007550088214,0.002637795173,0.005196847022,0.1073622042,0.1100318665,0.00219564951
5.18,0.4171513517,-0.03755313228,0.02475957159,-0.01707791814,0.002637792114,0.999996521,0.0501757711,0.9987404027,0,0,1.550463523,1.647140563,-1.301907561,1.576255297,-0.2074367595,0.2423396237,0.3384610124,-1.461973819,1.551582446,1.332573497,1.782926251,-0.368126189,-0.1792636367,-0.3016889623,-0.05630106132,5.16904215e-06,0.005873484139,-0.0762951377,-0.03346360349,0.0304789615,0.008798392469,0.05066393507,0.007332584779,0.01358036956,-0.06309503576,-0.01456473008,0.01509108857,0.01959982724,0.008997943521,0.00757672892,0.00757672892,0.002637795173,0.005196847022,0.1073622042,0.1098031476,0.002195580043
5.19,0.4173713125,-0.03772721261,0.01922777921,-0.01773878632,0.002637792114,0.999996521,0.0501757711,0.9987404027,0,0,1.549900513,1.647140615,-1.301848827,1.575492346,-0.2077713956,0.2426444133,0.3385489963,-1.46146718,1.551655772,1.332709301,1.782295301,-0.3682718363,-0.1791127258,-0.301492964,-0.0580031522,3.388909753e-06,0.003098803351,-0.07658589974,-0.02948321444,0.02693216117,0.005588304671,0.05195556074,0.007574625488,0.01265836509,-0.06722878156,-0.009104011858,0.01765269298,0.01481782397,0.00899823825,0.007604105263,0.007604105263,0.002637795173,0.005196847022,0.1073622042,0.1098031476,0.002195528353
5.2,0.4175358162,-0.03790792014,0.01366865783,-0.01840329271,0.002637792114,0.999996521,0.0501757711,0.9987404027,0,0,1.549320481,1.647140649,-1.301817839,1.574726487,-0.2080662277,0.2429137349,0.3386048794,-1.460947624,1.551731518,1.332835884,1.781623013,-0.3683628764,-0.1789361989,-0.3013447858,-0.05971359891,1.607887068e-06,0.0003099170112,-0.07687907817,-0.02547977256,0.02336879872,0.002364981334,0.05325491548,0.00781850353,0.01173276959,-0.07138276863,-0.00361736851,0.02022574154,0.0100177542,0.008998541901,0.007632224372,0.007632224372,0.002637795173,0.005196847022,0.1073622042,0.1098031476,0.002195494464
5.21,0.4176446046,-0.03809528925,0.00808521759,-0.01907103658,0.002637792114,0.999996521,0.0501757711,0.9987404027,0,0,1.548723345,1.647140665,-1.301814739,1.573957696,-0.2083210254,0.2431474229,0.3386285292,-1.460415075,1.551809703,1.332953212,1.780909186,-0.3683990501,-0.1787339414,-0.3012446082,-0.06143129634,-1.724205889e-07,-0.002491770352,-0.07717433287,-0.02145497323,0.01979072564,-0.0008696838511,0.05456125223,0.008064120125,0.0108041059,-0.07555456998,0.001892271204,0.02280872072,0.005202558187,0.008998854519,0.007661092385,0.007661092385,0.002637795173,0.005196847022,0.1073622042,0.1098031476,0.002195478385
5.22,0.4176974494,-0.03828935034,0.002480433443,-0.01974162189,0.002637792114,0.999996521,0.0501757711,0.9987404027,0,0,1.548109032,1.647140663,-1.301839657,1.573185953,-0.2085355752,0.2433453301,0.3386198324,-1.459869462,1.551890344,1.333061253,1.78015364,-0.3683801274,-0.1785058542,-0.3011925826,-0.06315515153,-1.950417361e-06,-0.005304872236,-0.07747132731,-0.01741048577,0.01619977127,-0.004113817184,0.05587383364,0.008311378369,0.009872891385,-0.07974178663,0.00742201342,0.02540013361,0.0003751469572,0.008999176142,0.007690715189,0.007690715189,0.002637795173,0.005196847022,0.1073622042,0.1098031476,0.002195480109
5.23,0.4176941519,-0.03849012986,-0.003142754814,-0.02041465727,0.002637792114,0.999996521,0.0501757711,0.9987404027,0,0,1.547477481,1.647140644,-1.301892706,1.572411239,-0.20870968,0.2435073279,0.3385786942,-1.459310724,1.551973458,1.333159982,1.779356222,-0.3683059073,-0.1782518529,-0.3011888312,-0.06488408378,-3.724518471e-06,-0.008128019909,-0.07776972867,-0.01334795443,0.01259774282,-0.007365565335,0.05719193192,0.008560183119,0.00893963781,-0.08394204771,0.01296899909,0.02799850009,-0.004461598587,0.008999506803,0.007721098425,0.007721098425,0.002637795173,0.005196847022,0.1073622042,0.1098031476,0.002195499613
5.24,0.4176345427,-0.03869765036,-0.008781442552,-0.02108975604,0.002637792114,0.999996521,0.0501757711,0.9987404027,0,0,1.54682864,1.647140606,-1.301973986,1.571633542,-0.2088431596,0.2436333053,0.3385050385,-1.458738805,1.55205906,1.333249378,1.778516802,-0.3681762173,-0.1779718679,-0.3012334471,-0.06661702481,-5.493151556e-06,-0.01095986216,-0.07806920786,-0.009268999477,0.008986425452,-0.01062309571,0.05851482869,0.008810440872,0.008004851254,-0.0881530105,0.0185304039,0.03060235706,-0.009304828535,0.00899984653,0.007752247496,0.007752247496,0.002637795173,0.005196847022,0.1073622042,0.1098031476,0.002195536859
5.25,0.417518481,-0.03891193058,-0.01443276031,-0.0217665362,0.002637792114,0.999996521,0.0501757711,0.9987404027,0,0,1.54616247,1.647140551,-1.302083585,1.57085285,-0.2089358496,0.2437231695,0.3383988076,-1.458153656,1.552147164,1.333329427,1.777635271,-0.3679909132,-0.1776658443,-0.3013264954,-0.06835291888,-7.254758527e-06,-0.01379906506,-0.0783694396,-0.005175218124,0.005367582371,-0.01388459685,0.05984181482,0.009062059648,0.007069031989,-0.09237236056,0.0241034382,0.0332102586,-0.01415172485,0.009000195346,0.00778416757,0.00778416757,0.002637795173,0.005196847022,0.1073622042,0.1098031476,0.00219559179
5.26,0.4173458548,-0.03913298543,-0.0200938738,-0.02244462043,0.002637792114,0.999996521,0.0501757711,0.9987404027,0,0,1.54547894,1.647140479,-1.302221575,1.570069156,-0.2089876018,0.2437768454,0.3382599616,-1.457555238,1.552237785,1.333400117,1.776711548,-0.3677498789,-0.1773337417,-0.3014680127,-0.07009072297,-9.007796731e-06,-0.0166443117,-0.07867010248,-0.001068185574,0.001742954862,-0.01714827873,0.06117219027,0.009314948874,0.006132674372,-0.09659781181,0.02968534691,0.03582077616,-0.01899950221,0.009000553266,0.007816863587,0.007816863587,0.002637795173,0.005196847022,0.1073622042,0.1098031476,0.002195664338
5.27,0.4171165802,-0.03936082609,-0.02576198389,-0.02312363609,0.002637792114,0.999996521,0.0501757711,0.9987404027,0,0,1.544778033,1.647140389,-1.302388018,1.569282455,-0.2089982836,0.2437942749,0.3380884788,-1.456943516,1.552330934,1.333461444,1.77574557,-0.3674530254,-0.176975534,-0.3016580077,-0.07182940685,-1.075074076e-05,-0.01949430194,-0.078970879,0.003050544019,-0.001885737619,-0.02041237322,0.06250526395,0.009569019269,0.005196266738,-0.1008271066,0.03527340948,0.0384324988,-0.0238454089,0.009000920301,0.007850340263,0.007850340263,0.002637795173,0.005196847022,0.1073622042,0.1098031476,0.002195754416
5.28,0.416830601,-0.03959546003,-0.03143432662,-0.02380321523,0.002637792114,0.999996521,0.0501757711,0.9987404027,0,0,1.544059739,1.647140281,-1.302582961,1.568492746,-0.2089677782,0.2437754175,0.3378843551,-1.456318464,1.552426625,1.333513407,1.774737299,-0.3671002913,-0.176591209,-0.3018964618,-0.07356795329,-1.248208383e-05,-0.02234775222,-0.07927145568,0.007179436586,-0.005516797389,-0.02367513434,0.0638403536,0.009824182731,0.004260291295,-0.1050580157,0.04086493975,0.04104403329,-0.02868672759,0.009001296458,0.007884602089,0.007884602089,0.002637795173,0.005196847022,0.1073622042,0.1098031476,0.002195861923
5.29,0.4164878886,-0.03983689106,-0.03710817321,-0.02448299456,0.002637792114,0.999996521,0.0501757711,0.9987404027,0,0,1.54332406,1.647140156,-1.302806439,1.567700031,-0.2088959838,0.2437202496,0.3376476037,-1.45568006,1.552524866,1.333556009,1.773686719,-0.3666916419,-0.1761807687,-0.3021833291,-0.07533101002,-1.385935815e-05,-0.02513715528,-0.07984557406,0.01130782427,-0.008912918377,-0.02700459793,0.0651849681,0.01008082301,0.003303988417,-0.1094949155,0.04639309186,0.04383334063,-0.03359077469,0.009001681735,0.007919653342,0.007919653342,0.002637795173,0.005196847022,0.1073622042,0.1098031476,0.002195986744
5.3,0.4160884415,-0.0400851194,-0.04278083003,-0.02516261551,0.002637792114,0.999996521,0.0501757711,0.9987404027,0,0,1.542570749,1.647140018,-1.303057811,1.566901576,-0.2087829056,0.2436311204,0.3373775578,-1.45502821,1.552625675,1.333589049,1.772591769,-0.366227711,-0.1757424353,-0.3025192368,-0.07711727293,-1.492483435e-05,-0.02786173329,-0.08069163532,0.01543456438,-0.01207336553,-0.03039829005,0.06653845245,0.01033889456,0.002327826771,-0.1141350732,0.05185545927,0.0467985467,-0.03855435239,0.009002076264,0.00795550054,0.00795550054,0.002637795173,0.005367085903,0.1073622042,0.1098031476,0.002196125337
5.31,0.4156322849,-0.04034014167,-0.04844963861,-0.02584172416,0.002637792114,0.999996521,0.0501757711,0.9987404027,0,0,1.541799577,1.647139869,-1.303336428,1.566094659,-0.2086285599,0.2435103867,0.3370735749,-1.454362826,1.552729064,1.333612328,1.771450419,-0.3657091564,-0.1752744498,-0.3029047803,-0.0788511077,-1.665992726e-05,-0.03071311528,-0.08101125104,0.01958475763,-0.01568275096,-0.03365148855,0.06787630918,0.01059693086,0.001394135959,-0.1183746557,0.0574364259,0.0494159729,-0.04337105624,0.009002480166,0.007992150163,0.007992150163,0.002637795173,0.00587713072,0.1073622042,0.1098031476,0.002196274586
5.32,0.4151194703,-0.04060195101,-0.05411197568,-0.02651997128,0.002637792114,0.999996521,0.0501757711,0.9987404027,0,0,1.541011066,1.647139702,-1.303643559,1.565284547,-0.2084327123,0.2433535592,0.33673706,-1.453684063,1.552835033,1.333626269,1.770266672,-0.3651347921,-0.1747802901,-0.3033384909,-0.08058079024,-1.839263617e-05,-0.03356306678,-0.08132934571,0.02373927321,-0.01928795421,-0.03689641411,0.06921355193,0.01085573237,0.0004627154681,-0.1226072874,0.06301045134,0.05202786492,-0.04817255727,0.009002893168,0.008029601271,0.008029601271,0.002637795173,0.006400749679,0.1073622042,0.1098031476,0.002196441185
5.33,0.4145500756,-0.04087053707,-0.05976525311,-0.02719701232,0.002637792114,0.999996521,0.0501757711,0.9987404027,0,0,1.540205258,1.647139518,-1.30397919,1.564471253,-0.2081953196,0.2431606797,0.3363680958,-1.452991927,1.55294359,1.333630896,1.769040599,-0.3645046876,-0.1742600114,-0.3038202165,-0.08230536611,-2.012217228e-05,-0.0364103891,-0.08164561266,0.0278966684,-0.0228873948,-0.0401314271,0.07054954059,0.01111521582,-0.0004659849677,-0.1268308781,0.06857502253,0.05463291645,-0.05295631559,0.009003315248,0.008067857345,0.008067857345,0.002637795173,0.006937922098,0.1073622042,0.1098031476,0.002196625111
5.34,0.413924204,-0.0411458861,-0.06540691794,-0.02787250742,0.002637792114,0.999996521,0.0501757711,0.9987404027,0,0,1.539382204,1.647139317,-1.304343294,1.563654797,-0.2079163529,0.2429318057,0.3359667816,-1.452286432,1.553054742,1.333626236,1.76777229,-0.3638189374,-0.1737136822,-0.3043497796,-0.08402389466,-2.184775756e-05,-0.03925389866,-0.08195974977,0.03205551501,-0.02647951354,-0.04335491235,0.071883643,0.01137529849,-0.00139152231,-0.1310433664,0.07412766037,0.05722983997,-0.05771983058,0.009003746382,0.008106921662,0.008106921662,0.002637795173,0.007488620448,0.1073622042,0.1098031476,0.002196826333
5.35,0.4132419843,-0.04142798095,-0.07103445239,-0.02854612139,0.002637792114,0.999996521,0.0501757711,0.9987404027,0,0,1.538541965,1.647139098,-1.304735833,1.5628352,-0.2075957978,0.2426670106,0.3355332324,-1.451567595,1.553168495,1.333612321,1.766461857,-0.3630776608,-0.1731413838,-0.3049269779,-0.08573544916,-2.356862472e-05,-0.04209242676,-0.08227145951,0.03621439858,-0.03006277241,-0.04656527937,0.07321523486,0.01163589809,-0.002313460306,-0.1352427202,0.07966591972,0.05981736694,-0.06246064158,0.009004186538,0.008146797291,0.008146797291,0.002637795173,0.008052810451,0.1073622042,0.1098031476,0.002197044811
5.36,0.4125035703,-0.04171680115,-0.07664537383,-0.02921752374,0.002637792114,0.999996521,0.0501757711,0.9987404027,0,0,1.537684611,1.647138863,-1.305156757,1.562012485,-0.2072336538,0.2423663829,0.3350675796,-1.450835443,1.553284854,1.333589186,1.76510943,-0.3622810016,-0.1725432102,-0.3055515843,-0.08743911697,-2.528401728e-05,-0.04492481934,-0.08258044903,0.04037191757,-0.03363565457,-0.04976096275,0.07454369959,0.01189693267,-0.003231369572,-0.1394269364,0.08518738928,0.06239424795,-0.06717632859,0.009004635681,0.008187487097,0.008187487097,0.002637795173,0.008630451171,0.1073622042,0.1098031476,0.002197280497
5.37,0.4117091404,-0.04201232296,-0.08223723481,-0.02988638863,0.002637792114,0.999996521,0.0501757711,0.9987404027,0,0,1.536810219,1.64713861,-1.305606005,1.56118668,-0.2068299346,0.2420300263,0.33456997,-1.450090006,1.553403824,1.333556873,1.76371516,-0.3614291277,-0.1719192677,-0.3062233476,-0.08913399961,-2.699318964e-05,-0.04774993686,-0.0828864302,0.04452668252,-0.03719666428,-0.0529404224,0.07586842821,0.01215832053,-0.004144827677,-0.143594041,0.09068969158,0.06495925286,-0.07186451299,0.009005093771,0.00822899374,0.00822899374,0.002637795173,0.00922149511,0.1073622042,0.1098031476,0.002197533337
5.38,0.4108588972,-0.0423145194,-0.08780762305,-0.03055239494,0.002637792114,0.999996521,0.0501757711,0.9987404027,0,0,1.535918879,1.64713834,-1.306083504,1.560357816,-0.2063846678,0.2416580597,0.3340405658,-1.449331322,1.553525407,1.333515424,1.76227922,-0.3605222308,-0.1712696752,-0.3069419928,-0.09086007452,-2.810717925e-05,-0.05047053933,-0.08359023713,0.04866252985,-0.04040150462,-0.05620136023,0.07720500218,0.01242086919,-0.00508194154,-0.1480468045,0.09607746097,0.06777233831,-0.07662230347,0.009005560762,0.008271319671,0.008271319671,0.002637795173,0.0098258883,0.1073622042,0.1098031476,0.002197803269
5.39,0.4099530674,-0.04262336028,-0.09335416143,-0.0312152262,0.002637792114,0.999996521,0.0501757711,0.9987404027,0,0,1.535010279,1.647138059,-1.30658821,1.559521914,-0.2058980425,0.2412540446,0.3334785522,-1.448559272,1.553649616,1.333464605,1.760798752,-0.3595614562,-0.1705919518,-0.3077082158,-0.09259803103,-2.888575248e-05,-0.05312911604,-0.0845130387,0.05278579204,-0.04340060917,-0.05949754415,0.07854577615,0.01268421869,-0.006029556828,-0.1526486019,0.1013894372,0.07071719076,-0.08140270516,0.009006036818,0.008314472122,0.008314472122,0.002637795173,0.0101968497,0.1073622042,0.1098031476,0.002198084341
5.4,0.4089919013,-0.0429388123,-0.09887450799,-0.03187457064,0.002637792114,0.999996521,0.0501757711,0.9987404027,0,0,1.534084298,1.64713777,-1.307119501,1.558676783,-0.2053701846,0.2408200385,0.3328835767,-1.447773814,1.553776458,1.333404309,1.759272266,-0.3585475618,-0.1698847799,-0.3085222429,-0.09426294666,-3.054054729e-05,-0.05592221544,-0.0848282477,0.05692508594,-0.04689907877,-0.06262337378,0.07985675983,0.01294640527,-0.006928537147,-0.1567694215,0.1068151265,0.07325413569,-0.08599879497,0.009006522004,0.008357378586,0.008357378586,0.002637795173,0.0101968497,0.1073622042,0.1098031476,0.002198373198
5.41,0.4079756723,-0.04326083905,-0.104366356,-0.03253012117,0.002637792114,0.999996521,0.0501757711,0.9987404027,0,0,1.533141669,1.647137465,-1.307678723,1.557828501,-0.2048009337,0.2403510478,0.332257343,-1.446975246,1.553905922,1.333335024,1.757704572,-0.3574794105,-0.1691522385,-0.3093822308,-0.0959155543,-3.218643523e-05,-0.0587038323,-0.08513905659,0.06105637807,-0.05038002502,-0.06572690748,0.0811616599,0.01320863866,-0.007821418645,-0.1608654686,0.1122124805,0.07577448769,-0.09055814779,0.009007015936,0.008398587071,0.008398587071,0.002637795173,0.0101968497,0.1073622042,0.1098031476,0.002198678604
5.42,0.4069046767,-0.04358940107,-0.1098274337,-0.03318157537,0.002637792114,0.999996521,0.0501757711,0.9987404027,0,0,1.532182513,1.647137143,-1.308265761,1.55697711,-0.2041903699,0.2398472475,0.3316000739,-1.44616363,1.554038008,1.33325681,1.756095917,-0.3563572857,-0.1683944936,-0.3102878123,-0.09755502564,-3.382273892e-05,-0.06147290283,-0.0854451884,0.06517833335,-0.05384206553,-0.06880673065,0.08245990373,0.01347083751,-0.008707813675,-0.1649349091,0.1175792916,0.07827711053,-0.0950785963,0.009007518552,0.008440537723,0.008440537723,0.002637795173,0.0101968497,0.1073622042,0.1098031476,0.002199000468
5.43,0.4057792336,-0.04392445591,-0.1152555048,-0.03382863551,0.002637792114,0.999996521,0.0501757711,0.9987404027,0,0,1.531206963,1.647136804,-1.30888049,1.556122658,-0.2035385866,0.2393088268,0.3309120066,-1.445339031,1.554172717,1.333169732,1.754446568,-0.3551814928,-0.1676117225,-0.3112385982,-0.09918054724,-3.544879152e-05,-0.06422837643,-0.08574637154,0.06928962438,-0.0572838386,-0.07186145584,0.08375092567,0.01373292022,-0.009587342012,-0.1689759385,0.1229133858,0.08076088795,-0.0995580183,0.009008029782,0.008483232059,0.008483232059,0.002637795173,0.0101968497,0.1073622042,0.1098031476,0.002199338696
5.44,0.404599684,-0.04426595815,-0.1206483679,-0.03447100854,0.002637792114,0.999996521,0.0501757711,0.9987404027,0,0,1.530215158,1.64713645,-1.309522774,1.555265195,-0.2028456904,0.2387359885,0.3301933921,-1.444501522,1.554310046,1.333073858,1.752756808,-0.353952359,-0.1668041137,-0.3122341784,-0.1007913206,-3.706393676e-05,-0.06696921549,-0.08604233983,0.07338893089,-0.06070400316,-0.07488972297,0.0850341669,0.01399480486,-0.01045963092,-0.172986782,0.1282126225,0.08322472382,-0.1039943372,0.009007855624,0.008526671399,0.008526671399,0.002637795173,0.0101968497,0.1073622042,0.1098031476,0.002199693184
5.45,0.4033663908,-0.04461385949,-0.126003857,-0.03510840611,0.002637792114,0.999996521,0.0501757711,0.9987404027,0,0,1.529207244,1.647136079,-1.310192466,1.554404771,-0.202111801,0.2381289484,0.3294444948,-1.44365118,1.554449994,1.332969262,1.751026941,-0.3526702327,-0.1659718664,-0.3132741218,-0.1023865623,-3.866752898e-05,-0.06969439525,-0.08633283253,0.07747493915,-0.0641012387,-0.07789019955,0.08630907539,0.01425640909,-0.0113243152,-0.1769656942,0.1334748946,0.08566754218,-0.1083855227,0.009005675873,0.008570856861,0.008570856861,0.002637795173,0.0101968497,0.1073622042,0.1098031476,0.002200063823
5.46,0.4020797385,-0.04496810874,-0.131319841,-0.03574054451,0.002637792114,0.999996521,0.0501757711,0.9987404027,0,0,1.528183379,1.647135693,-1.31088941,1.553541443,-0.2013370517,0.237487936,0.3286655928,-1.442788089,1.554592558,1.332856019,1.749257284,-0.3513354838,-0.165115191,-0.314357977,-0.1046439262,-3.979054113e-05,-0.07162491873,-0.08770431438,0.08151243483,-0.06597944421,-0.08159155825,0.08800332393,0.01460590999,-0.01264852579,-0.1818658545,0.1381938815,0.08973326387,-0.1125807673,0.009003461748,0.008615789362,0.008615789362,0.002637795173,0.0101968497,0.1073622042,0.1098031476,0.002200450498
5.47,0.4007401327,-0.04532865192,-0.1365942243,-0.03636714475,0.002637792114,0.999996521,0.0501757711,0.9987404027,0,0,1.52713694,1.647135295,-1.31160566,1.5526644,-0.2005219273,0.2368281416,0.3278496773,-1.441908056,1.554738617,1.332729534,1.747438625,-0.349953545,-0.1642178584,-0.3154837847,-0.1067963522,-4.088667149e-05,-0.07374889951,-0.08811532845,0.08556926744,-0.06862350183,-0.08504938975,0.08965148374,0.0149539429,-0.01390887834,-0.1860071731,0.1430847775,0.09318544884,-0.1164845993,0.009001198999,0.008661704702,0.008661704702,0.002637795173,0.0101968497,0.1073622042,0.1098031476,0.002200848404
5.48,0.3993479996,-0.04569543226,-0.1418249461,-0.03698793251,0.002637792114,0.999996521,0.0501757711,0.9987404027,0,0,1.526068976,1.647134886,-1.312343148,1.551783247,-0.1996662346,0.2361419066,0.3269991834,-1.441011541,1.554888156,1.332590445,1.745578553,-0.3485226972,-0.1632860039,-0.3166486307,-0.1083840739,-4.241626412e-05,-0.07637609214,-0.08840841494,0.08960470721,-0.071880702,-0.08799831865,0.09092644275,0.01522152733,-0.01477865687,-0.1899073002,0.1482017914,0.09564448499,-0.1207018588,0.00899888991,0.008708618243,0.008708618243,0.002637795173,0.0101968497,0.1073622042,0.1098031476,0.00220125727
5.49,0.3979037861,-0.0460683903,-0.1470099811,-0.03760263815,0.002637792114,0.999996521,0.0501757711,0.9987404027,0,0,1.524985135,1.647134462,-1.313106909,1.550899162,-0.1987701876,0.2354230996,0.3261192002,-1.440102277,1.555040372,1.332442658,1.74367948,-0.3470406793,-0.162329559,-0.3178556493,-0.1099527861,-4.393214554e-05,-0.07898400954,-0.08869480636,0.0936214446,-0.07511027639,-0.09091393825,0.09219056972,0.01548850805,-0.01563907325,-0.1937687046,0.1532741276,0.09807767707,-0.1248665106,0.008996546658,0.008756301384,0.008756301384,0.002637795173,0.0101968497,0.1073622042,0.1098031476,0.002201681433
5.5,0.3964079589,-0.04644746387,-0.152147339,-0.0382109967,0.002637792114,0.999996521,0.0501757711,0.9987404027,0,0,1.523885607,1.647134022,-1.31389675,1.550012214,-0.1978339731,0.2346719968,0.3252100608,-1.439180371,1.555195257,1.332286268,1.741741793,-0.345507938,-0.1613487823,-0.3191043144,-0.1115017636,-4.543373626e-05,-0.08157170588,-0.08897426079,0.09761818943,-0.07831102919,-0.09379504034,0.0934433333,0.01575479805,-0.01648978807,-0.1975897806,0.1582998564,0.1004840191,-0.1289767706,0.008994169665,0.008804754258,0.008804754258,0.002637795173,0.0101968497,0.1073622042,0.1098031476,0.002202120754
5.51,0.3948610047,-0.04683258821,-0.1572350646,-0.03881274789,0.002637792114,0.999996521,0.0501757711,0.9987404027,0,0,1.52277059,1.647133568,-1.314712467,1.549122472,-0.1968577912,0.2338888865,0.3242721104,-1.438245938,1.555352805,1.33212137,1.739765895,-0.3439249394,-0.1603439421,-0.3203940821,-0.1130302972,-4.692046733e-05,-0.08413824725,-0.08924654218,0.1015936556,-0.08148178484,-0.09664044575,0.09468420882,0.01602030958,-0.01733047006,-0.201368952,0.1632770807,0.1028625263,-0.1330309029,0.008991759375,0.008853976772,0.008853976772,0.002637795173,0.0101968497,0.1073622042,0.1098031476,0.002202575092
5.52,0.3932634295,-0.04722369595,-0.162271238,-0.03940763613,0.002637792114,0.999996521,0.0501757711,0.9987404027,0,0,1.521640287,1.647133099,-1.315553849,1.548230006,-0.1958418547,0.2330740687,0.3233057059,-1.437299095,1.555513008,1.331948065,1.737752206,-0.3422921686,-0.1593153168,-0.3217243911,-0.1145739165,-8.684247588e-06,-0.08663525156,-0.08991094147,0.1055616397,-0.08429261815,-0.09958718734,0.09593660243,0.01628873133,-0.01818651867,-0.2054125226,0.168112682,0.1054714673,-0.1371201762,0.008989316241,0.008903968605,0.008903968605,0.002637795173,0.0101968497,0.1073622042,0.1098031476,0.002203044296
5.53,0.3916157581,-0.04762071721,-0.1672539744,-0.03999541049,0.002637792114,0.999996521,0.0501757711,0.9987404027,0,0,1.520494548,1.647133012,-1.316420202,1.547330897,-0.1947862383,0.2322311425,0.3223098341,-1.436339729,1.555675895,1.3317662,1.735698081,-0.3406110418,-0.1582606021,-0.3230955929,-0.1161497439,5.717448341e-05,-0.08901666932,-0.09110026977,0.109507891,-0.08662529813,-0.1026477271,0.09720831369,0.01656149051,-0.01906702213,-0.2098240093,0.1727739328,0.1083984466,-0.1412727837,0.008986842904,0.008954734002,0.008954734002,0.002637795173,0.0101968497,0.1074679334,0.1095617134,0.002203131139
5.54,0.3899185343,-0.04802357963,-0.1721814243,-0.04057582476,0.002637792114,0.999996521,0.0501757711,0.9987404027,0,0,1.51933305,1.647133584,-1.317310368,1.546419894,-0.1936911594,0.2313648895,0.3212833568,-1.435367646,1.55584151,1.33157553,1.733599841,-0.3388833025,-0.1571766177,-0.3245083207,-0.1176235836,1.653171393e-05,-0.09146502082,-0.09136601875,0.1133834487,-0.08967347611,-0.1053326256,0.09841197753,0.01682470352,-0.0198781034,-0.2134849708,0.1775900348,0.1107019463,-0.1451506,0.008984340736,0.009006279417,0.008984340736,0.002637795173,0.0101968497,0.1077189473,0.1087559894,0.002202559394
5.55,0.38817232,-0.04843220837,-0.1770517731,-0.04114863738,0.002637792114,0.999996521,0.0501757711,0.9987404027,0,0,1.518156814,1.647133749,-1.318225018,1.545506234,-0.1925573249,0.2304681547,0.3202300305,-1.434383527,1.556009757,1.331376749,1.731464991,-0.3371074021,-0.1560695982,-0.3259598267,-0.119074839,-2.667481305e-05,-0.09388570897,-0.09162328375,0.117230799,-0.09268674338,-0.1079740057,0.09960172973,0.0170868004,-0.0206779658,-0.2170979463,0.1823504183,0.1129738316,-0.148965623,0.008981804038,0.009058593332,0.008981804038,0.002637795173,0.0101968497,0.1078108318,0.1079387327,0.002202394077
5.56,0.3863776951,-0.04884652624,-0.1818632417,-0.04171361147,0.002637792114,0.999996521,0.0501757711,0.9987404027,0,0,1.516966066,1.647133482,-1.319163876,1.544590001,-0.1913850169,0.2295412873,0.3191502905,-1.433387509,1.556180625,1.331169969,1.729294011,-0.335283898,-0.1549398599,-0.3274494829,-0.1205028809,-7.244832352e-05,-0.09627785575,-0.0918718504,0.1210486695,-0.09566403098,-0.1105708287,0.100777078,0.01734768896,-0.02146631903,-0.2206615029,0.1870533516,0.1152132195,-0.1527163608,0.008979233122,0.009111674534,0.008979233122,0.002637795173,0.0101968497,0.1077333117,0.1071100977,0.002202660825
5.57,0.3845352572,-0.0492664537,-0.1866140858,-0.04227051486,0.002637792114,0.999996521,0.0501757711,0.9987404027,0,0,1.515761037,1.647132758,-1.320126654,1.543671283,-0.1901745302,0.228584647,0.3180445822,-1.432379738,1.556354102,1.330955306,1.727087396,-0.3334133644,-0.1537877277,-0.3289766466,-0.1229690774,-5.211287366e-05,-0.09769950009,-0.09214618827,0.1249000922,-0.09748091722,-0.1141341699,0.102658756,0.01777008414,-0.02299129098,-0.2244188408,0.1911989101,0.1192191019,-0.1555963389,0.008976628315,0.009165521562,0.008976628315,0.002637795173,0.0101968497,0.1074760977,0.1062702436,0.002203385308
5.58,0.3826456211,-0.04969190888,-0.1913025966,-0.04281912004,0.002637792114,0.999996521,0.0501757711,0.9987404027,0,0,1.514531346,1.647132237,-1.321103649,1.542749821,-0.1889255293,0.2276098378,0.3169032405,-1.431353151,1.556531803,1.330725393,1.724843208,-0.3315013753,-0.1525955367,-0.3305326099,-0.1248592653,3.617953492e-05,-0.09963287776,-0.09280576212,0.1287484834,-0.09954432291,-0.1173244836,0.1041609838,0.01810779712,-0.0241210916,-0.2283110638,0.1954627804,0.1224823783,-0.1589380337,0.008973972151,0.009220603289,0.008973972151,0.002637795173,0.0101968497,0.1073622042,0.105419334,0.002203906437
5.59,0.3807094186,-0.05012280769,-0.1959271003,-0.04335920419,0.002637792114,0.999996521,0.0501757711,0.9987404027,0,0,1.513282754,1.647132598,-1.322099978,1.541821763,-0.1876380444,0.2266143946,0.3157299957,-1.430311541,1.556712881,1.330484182,1.722560097,-0.3295467475,-0.1513707129,-0.3321219903,-0.1263241525,0.0001991193721,-0.1019180636,-0.0940771311,0.1325990215,-0.1015330951,-0.1203026197,0.1053852486,0.01838110435,-0.02495758952,-0.2325424159,0.1997312791,0.125360851,-0.1626941272,0.008971282125,0.009276671464,0.008971282125,0.002637795173,0.01044246504,0.1076078198,0.1048031524,0.002203544642
5.6,0.378727298,-0.05055906383,-0.2004859582,-0.04389054916,0.002637792114,0.999996521,0.0501757711,0.9987404027,0,0,1.512019512,1.64713459,-1.323119159,1.540880992,-0.1863120542,0.2255990636,0.3145269695,-1.429257689,1.556896692,1.330234606,1.720234673,-0.3275494347,-0.1501171044,-0.3337489316,-0.1276863121,0.0001597209474,-0.1041669568,-0.09430676572,0.1362939116,-0.1043028789,-0.12276486,0.1065219847,0.01864391298,-0.02572072644,-0.2359190546,0.2041702548,0.1275355421,-0.1661489776,0.008968572968,0.009333533281,0.008968572968,0.002637795173,0.01131497714,0.1084803325,0.1048031524,0.002201553448
5.61,0.3766999236,-0.05100058883,-0.204977567,-0.04441294149,0.002637792114,0.999996521,0.0501757711,0.9987404027,0,0,1.510742649,1.647136187,-1.324160828,1.539937924,-0.1849491151,0.2245560348,0.3132993209,-1.428192469,1.557083131,1.329977399,1.717875483,-0.3255077322,-0.1488417489,-0.3354104213,-0.1290215555,0.0001182114615,-0.1063841692,-0.0945263552,0.1399531161,-0.1070324158,-0.1251777147,0.1076414631,0.01890504944,-0.02647047762,-0.2392393203,0.208544109,0.1296725692,-0.1695331097,0.008965831883,0.00939117528,0.008965831883,0.002637795173,0.01219802695,0.109363383,0.1048031524,0.002199956239
5.62,0.374627976,-0.05144729212,-0.2094003583,-0.0449261724,0.002637792114,0.999996521,0.0501757711,0.9987404027,0,0,1.509452434,1.647137369,-1.32522467,1.538992661,-0.1835495839,0.2234857107,0.3120475437,-1.427116054,1.557272182,1.329712694,1.715483089,-0.3234222911,-0.1475450233,-0.3371057524,-0.1303293342,7.460417006e-05,-0.1085689237,-0.09473571661,0.1435753904,-0.1097207814,-0.1275403341,0.1087432219,0.01916441279,-0.02720659423,-0.2425019503,0.2128513122,0.131771152,-0.1728453406,0.008963059311,0.009449594738,0.008963059311,0.002637795173,0.01309143335,0.11025679,0.1048031524,0.002198774124
5.63,0.372512151,-0.05189908106,-0.2137527991,-0.04543003781,0.002637792114,0.999996521,0.0501757711,0.9987404027,0,0,1.50814914,1.647138115,-1.326310359,1.538045304,-0.18211383,0.2223885029,0.3107721404,-1.426028622,1.557463826,1.329440628,1.71305807,-0.321293778,-0.1462273117,-0.3388342058,-0.1316091159,2.891536166e-05,-0.1107204582,-0.09493467368,0.1471594946,-0.1123670718,-0.1298519028,0.1098268057,0.01942190096,-0.02792883615,-0.2457057113,0.2170903675,0.1338305321,-0.1760845374,0.008960255707,0.009508788641,0.008960255707,0.002637795173,0.01399501104,0.1111603684,0.1048031524,0.002198028082
5.64,0.3703531595,-0.052355861,-0.2180333914,-0.04592433829,0.002637792114,0.999996521,0.0501757711,0.9987404027,0,0,1.506833049,1.647138404,-1.327417564,1.537095957,-0.1806422351,0.2212648322,0.3094736213,-1.424930354,1.557658045,1.32916134,1.710601013,-0.3191228743,-0.1448890064,-0.3405950512,-0.1329701963,9.782755384e-05,-0.1127390286,-0.09619453537,0.150762088,-0.1140993616,-0.1324737602,0.1109765572,0.01969089628,-0.02869876786,-0.2496908295,0.2210180344,0.136544905,-0.1794795496,0.008957421535,0.009568753672,0.008957421535,0.002637795173,0.01490857071,0.1120739288,0.1048031524,0.002197738929
5.65,0.3681517275,-0.0528175353,-0.2222406724,-0.04640887911,0.002637792114,0.999996521,0.0501757711,0.9987404027,0,0,1.505503347,1.647139382,-1.328544954,1.536134011,-0.1791346142,0.2201238385,0.3081488837,-1.423820588,1.557854954,1.328874352,1.708104105,-0.316912694,-0.1435235574,-0.3423898467,-0.1347228523,0.0001517431823,-0.114362249,-0.09689580804,0.1543430017,-0.1157283972,-0.1353387813,0.1123933117,0.02002631728,-0.02976348954,-0.2532782174,0.2247724218,0.1396677945,-0.1822966106,0.008954563571,0.009629512354,0.008954563571,0.002637795173,0.01519684866,0.1123622069,0.1048031524,0.002196760653
5.66,0.3659085952,-0.05328400541,-0.2263732146,-0.04688347021,0.002637792114,0.999996521,0.0501757711,0.9987404027,0,0,1.504156119,1.6471409,-1.329688576,1.535165053,-0.1775911842,0.2189665546,0.3067954959,-1.422696655,1.558055217,1.328576717,1.705571322,-0.3146649698,-0.1421268794,-0.3442128128,-0.1372516233,0.0001642074618,-0.1151795035,-0.09714306716,0.1578689331,-0.1167812573,-0.1387552315,0.1143266778,0.0204858588,-0.03137726708,-0.2566118471,0.2281664393,0.143853118,-0.1842765454,0.008951672281,0.00969126602,0.008951672281,0.002637795173,0.01519684866,0.1122421188,0.1048031524,0.002195243221
5.67,0.363624517,-0.05375517092,-0.2304296255,-0.04734792624,0.002637792114,0.999996521,0.0501757711,0.9987404027,0,0,1.502783602,1.647142542,-1.330840371,1.534193623,-0.1760124949,0.217798742,0.3054079436,-1.421553388,1.558260075,1.328262944,1.703005204,-0.3123833054,-0.1406883482,-0.3460555783,-0.1384359723,0.0001486310552,-0.1172010213,-0.09731459846,0.1613122868,-0.1192063098,-0.1409290561,0.1153537335,0.02074298044,-0.03206331499,-0.2595913914,0.2321043087,0.1458133105,-0.1871897269,0.008948727894,0.009754382089,0.008948727894,0.002637795173,0.01519684866,0.111949275,0.1048031524,0.002193601147
5.68,0.361300261,-0.05423092955,-0.2344085478,-0.04780206649,0.002637792114,0.999996521,0.0501757711,0.9987404027,0,0,1.501399243,1.647144028,-1.332012382,1.533220477,-0.174399372,0.2166066789,0.303998653,-1.420399851,1.558467505,1.327942311,1.70040929,-0.3100622623,-0.1392302151,-0.3479274755,-0.1395887633,0.0001324188168,-0.1191879587,-0.09747451483,0.164712156,-0.1215861569,-0.1430490833,0.1163598927,0.02099771877,-0.03273388891,-0.2625060765,0.2359675755,0.1477296025,-0.1900252905,0.008945757314,0.009818277498,0.008945757314,0.002637795173,0.01519684866,0.1119022583,0.1048031524,0.002192114836
5.69,0.3589366088,-0.05471117727,-0.2383086595,-0.04824571497,0.002637792114,0.999996521,0.0501757711,0.9987404027,0,0,1.500003355,1.647145352,-1.333204261,1.532245732,-0.1727522504,0.2153908173,0.3025681622,-1.419236252,1.558677482,1.327614972,1.697784229,-0.3077025865,-0.1377529191,-0.3498277284,-0.140797049,0.0001304025913,-0.1210121353,-0.09828838836,0.1680573835,-0.1233683946,-0.1452633035,0.1174048902,0.02126023221,-0.03342334058,-0.265883974,0.2396051491,0.1500342781,-0.1929195578,0.00894276119,0.009882947456,0.00894276119,0.002637795173,0.01519684866,0.1121112452,0.1048031524,0.002190790648
5.7,0.3565343548,-0.05519580831,-0.2421286735,-0.04867870035,0.002637792114,0.999996521,0.0501757711,0.9987404027,0,0,1.498595385,1.647146657,-1.334414383,1.531262848,-0.1710716766,0.2141571334,0.3011155292,-1.418062203,1.558890085,1.327280739,1.695125389,-0.305306535,-0.1362525763,-0.351756924,-0.1420113645,0.000147003901,-0.1227557315,-0.0994179442,0.1713666967,-0.124832963,-0.1475078404,0.1184575904,0.02152524002,-0.03411410269,-0.2694591931,0.2430907838,0.1525108267,-0.1957996668,0.008939739401,0.00994841014,0.008939739401,0.002637795173,0.01519684866,0.1123622069,0.1048031524,0.002189486622
5.71,0.3540943065,-0.05568471518,-0.2458673382,-0.04910085598,0.002637792114,0.999996521,0.0501757711,0.9987404027,0,0,1.497175271,1.647148127,-1.33564194,1.530268668,-0.1693580096,0.2129088038,0.2996404508,-1.416877627,1.559105337,1.326939598,1.692430798,-0.3028756272,-0.1347274681,-0.3537149207,-0.1430614074,0.0001466654292,-0.1246595591,-0.09955167076,0.1746504961,-0.1270655392,-0.1494827756,0.1193991772,0.02177236974,-0.03473785721,-0.2721863055,0.2467188802,0.1543036691,-0.1983960165,0.008936693216,0.01001467185,0.008936693216,0.002637795173,0.01519684866,0.1123622069,0.1048031524,0.002188016583
5.72,0.3516172833,-0.05617778879,-0.2495234369,-0.0495120199,0.002637792114,0.999996521,0.0501757711,0.9987404027,0,0,1.495744657,1.647149593,-1.336888535,1.529273152,-0.1676115047,0.2116381484,0.298145623,-1.415683636,1.559323061,1.326592219,1.689708935,-0.3004084384,-0.1331844314,-0.3556988808,-0.1440779324,0.0001463211183,-0.1265271223,-0.09967271825,0.1778866963,-0.1292504335,-0.1514020015,0.1203181727,0.02201665529,-0.03534539265,-0.2748442521,0.2502674327,0.1560500003,-0.2009115053,0.008933624934,0.01008169244,0.008933624934,0.002637795173,0.01519684866,0.1123622069,0.1048031524,0.002186549929
5.73,0.3491041169,-0.05667491841,-0.2530957882,-0.04991203484,0.002637792114,0.999996521,0.0501757711,0.9987404027,0,0,1.494303877,1.647151056,-1.338153807,1.528276424,-0.1658326377,0.210345644,0.296631603,-1.414480454,1.559543227,1.326238765,1.686960492,-0.2979057641,-0.1316239314,-0.3577079959,-0.1470818807,0.0001491778979,-0.1263766155,-0.09992045719,0.1810936707,-0.1291573326,-0.1550617877,0.1225711133,0.02256721458,-0.0373196405,-0.2778654358,0.2527877714,0.1610527368,-0.2017651925,0.008930535293,0.01014946568,0.008930535293,0.002637795173,0.01519684866,0.1123622069,0.1048031524,0.002185086717
5.74,0.3465556505,-0.05717599181,-0.2565832458,-0.0503007482,0.002637792114,0.999996521,0.0501757711,0.9987404027,0,0,1.492833059,1.647152548,-1.339417573,1.52727722,-0.164021701,0.2090540707,0.2950809851,-1.413254743,1.5597689,1.325865569,1.684181838,-0.2953778863,-0.130013404,-0.3597256478,-0.1481784717,0.00015109038,-0.1279740172,-0.1006443654,0.1841975116,-0.1306600054,-0.1570370205,0.1235438432,0.02282826401,-0.03796031251,-0.2808951255,0.2560134295,0.1632023699,-0.2041961102,0.008927381793,0.01021888029,0.008927381793,0.002637795173,0.01519684866,0.1122690011,0.1048031524,0.002183594939
5.75,0.3439727386,-0.05768089521,-0.2599846987,-0.05067801205,0.002637792114,0.999996521,0.0501757711,0.9987404027,0,0,1.491351274,1.647154059,-1.340697313,1.526270776,-0.1621797259,0.2077474706,0.2935106149,-1.412019304,1.559997182,1.325485966,1.681372886,-0.292817752,-0.1283813803,-0.3617676089,-0.1492784604,0.0001536771334,-0.1294620978,-0.1018538474,0.187238946,-0.1317308029,-0.1590181753,0.1245227878,0.02308985244,-0.03858720115,-0.2842536732,0.2590578286,0.1655827625,-0.2066648156,0.008924205432,0.01028909635,0.008924205432,0.002637795173,0.01519684866,0.1123622069,0.1048031524,0.002182084035
5.76,0.3413562468,-0.05818951341,-0.2632990709,-0.05104368317,0.002637792114,0.999996521,0.0501757711,0.9987404027,0,0,1.489858489,1.647155596,-1.341991934,1.525252238,-0.1603073364,0.2064301626,0.2919204332,-1.410774076,1.560228081,1.325100094,1.67853035,-0.2902271738,-0.1267255527,-0.3638342571,-0.1501817989,0.0001533876637,-0.1311466292,-0.1019358035,0.190263848,-0.1336736722,-0.1607300328,0.1253642597,0.02332957769,-0.03914394572,-0.2866465382,0.2622673526,0.1671897368,-0.2088299487,0.008921006207,0.01036011359,0.008921006207,0.002637795173,0.01519684866,0.1123622069,0.1048031524,0.002180547263
5.77,0.338707051,-0.05870172977,-0.2665253216,-0.051397623,0.002637792114,0.999996521,0.0501757711,0.9987404027,0,0,1.488356671,1.64715713,-1.3433034,1.52423288,-0.1584046979,0.2050934259,0.2903131328,-1.409520434,1.560461376,1.324708654,1.675663884,-0.2876045002,-0.1250536553,-0.3659225566,-0.1510490717,0.0001530896352,-0.1327923995,-0.102004069,0.1932348716,-0.1355666047,-0.1623829424,0.1261806782,0.02356585539,-0.03968316978,-0.2889654502,0.2653923796,0.1687461905,-0.2109119462,0.008917788154,0.01043187952,0.008917788154,0.002637795173,0.01519684866,0.1123622069,0.1048031524,0.002179013387
5.78,0.3360260375,-0.05921742632,-0.2696624453,-0.05173969768,0.002637792114,0.999996521,0.0501757711,0.9987404027,0,0,1.486846181,1.647158661,-1.344631324,1.523212839,-0.1564723492,0.2037377598,0.2886893034,-1.408258627,1.560697035,1.324311823,1.67277423,-0.2849505764,-0.1233661934,-0.368031676,-0.1518799894,0.0001527829526,-0.1343988142,-0.102058558,0.196150832,-0.1374090306,-0.1639765139,0.1269716864,0.02379856046,-0.04020475383,-0.2912095974,0.2684318995,0.1702516501,-0.2129104238,0.008914552067,0.01050438606,0.008914552067,0.002637795173,0.01519684866,0.1123622069,0.1048031524,0.00217748249
5.79,0.3333141024,-0.05973648374,-0.2727094715,-0.052069778,0.002637792114,0.999996521,0.0501757711,0.9987404027,0,0,1.485327381,1.647160188,-1.345975312,1.522192253,-0.1545108409,0.2023636695,0.2870495383,-1.40698891,1.560935021,1.323909775,1.669862134,-0.2822662574,-0.1216636769,-0.3701607803,-0.1536426787,0.0001532518055,-0.134954011,-0.1030666127,0.1989973885,-0.1375224973,-0.1664185194,0.1283980566,0.02417347482,-0.04131964353,-0.2942800933,0.2707939978,0.1736387524,-0.2143287798,0.008911298744,0.0105776247,0.008911298744,0.002637795173,0.01519684866,0.1123622069,0.1048031524,0.002175954661
5.8,0.3305721515,-0.06025878148,-0.2756654649,-0.05238773946,0.002637792114,0.999996521,0.0501757711,0.9987404027,0,0,1.483790954,1.647161721,-1.347324853,1.521161587,-0.152520867,0.2009884446,0.2853853531,-1.40570493,1.561176755,1.323496579,1.666919333,-0.2795583175,-0.1199272894,-0.3723040681,-0.1559225283,0.0001547790024,-0.1349133888,-0.1041337358,0.2017884471,-0.136935734,-0.1692990978,0.1301712657,0.02463155478,-0.04279335192,-0.2974149449,0.2728075562,0.1778863894,-0.2152248342,0.008908008239,0.01065200388,0.008908008239,0.002637795173,0.01571441171,0.1123622069,0.1042855899,0.002174422143
5.81,0.3278010995,-0.06078419774,-0.2785295255,-0.05269346224,0.002637792114,0.999996521,0.0501757711,0.9987404027,0,0,1.482231729,1.647163269,-1.348673986,1.52012025,-0.1505029825,0.1996190872,0.2836923621,-1.404403217,1.561423071,1.323068645,1.663945183,-0.2768302419,-0.1181484255,-0.3744563164,-0.1566636979,0.0001552761122,-0.1363721326,-0.1041563312,0.204523435,-0.1385841758,-0.1707296913,0.1308970998,0.02486047516,-0.04327325656,-0.2994482131,0.2755781789,0.1792805889,-0.2169514096,0.008904669551,0.01072776685,0.008904669551,0.002637795173,0.01676524439,0.1123622069,0.1032347584,0.002172874353
5.82,0.3250018703,-0.06131260955,-0.2813007883,-0.05298683119,0.002637792114,0.999996521,0.0501757711,0.9987404027,0,0,1.480665092,1.647164822,-1.350037708,1.519078687,-0.1484577482,0.1982332455,0.2819850652,-1.403094246,1.561671676,1.322635913,1.660950701,-0.2740744601,-0.1163556196,-0.3766258305,-0.1573666402,0.0001557818702,-0.1377900517,-0.1041643277,0.2071984997,-0.1401811032,-0.1720988188,0.1315955534,0.02508528561,-0.04373450791,-0.3014033709,0.2782601611,0.180620658,-0.218593819,0.008901315693,0.01080425799,0.008901315693,0.002637795173,0.01782206818,0.1123622069,0.1021779358,0.002171321592
5.83,0.3221753959,-0.06184389281,-0.2839784236,-0.05326773585,0.002637792114,0.999996521,0.0501757711,0.9987404027,0,0,1.479091425,1.647166379,-1.351415608,1.518037043,-0.1463857632,0.1968314344,0.280264077,-1.40177829,1.561922529,1.322198568,1.657936668,-0.2712918585,-0.114549413,-0.3788117687,-0.158031146,0.0001562953905,-0.1391666193,-0.1041576723,0.2098125069,-0.1417260597,-0.1734062349,0.1322663092,0.02530585327,-0.04417702901,-0.3032797455,0.28085265,0.1819062195,-0.2201519108,0.008897947504,0.01088146707,0.008897947504,0.002637795173,0.01888463489,0.1123622069,0.1011153703,0.002169763773
5.84,0.3193226166,-0.06237792236,-0.2865616367,-0.05353607044,0.002637792114,0.999996521,0.0501757711,0.9987404027,0,0,1.477511114,1.647167942,-1.352807274,1.516995467,-0.1442876381,0.1954141738,0.2785300147,-1.400455627,1.562175587,1.321756797,1.65490387,-0.268483332,-0.1127303508,-0.3810132878,-0.1588814406,0.0001585337805,-0.1402138095,-0.1055851722,0.2123267738,-0.1420300136,-0.1748894666,0.1330844791,0.02555711023,-0.04465953895,-0.3062694069,0.2830333542,0.1840860737,-0.2218824648,0.008894565829,0.01095938343,0.008894565829,0.002637795173,0.01995269416,0.1123622069,0.1000473122,0.002168200819
5.85,0.3164444804,-0.06291457198,-0.2890496683,-0.05379173385,0.002637792114,0.999996521,0.0501757711,0.9987404027,0,0,1.475922299,1.647169528,-1.354209413,1.515939615,-0.1421643704,0.1939938737,0.27678112,-1.399124782,1.562431158,1.321310202,1.651841176,-0.2656529985,-0.1108894901,-0.3832321125,-0.1600238206,0.0001606934115,-0.1409318051,-0.1060312333,0.2148207627,-0.1425475099,-0.1765863879,0.1339993774,0.02618580653,-0.04505024149,-0.3084470685,0.2847633506,0.1864331531,-0.2225609446,0.008891166826,0.01103809327,0.008891166826,0.002637795173,0.02019684948,0.1123622069,0.09980315715,0.002166615481
5.86,0.3135419429,-0.06345371448,-0.2914417941,-0.05403462967,0.002637792114,0.999996521,0.0501757711,0.9987404027,0,0,1.474322061,1.647171135,-1.355618731,1.514879302,-0.1400161628,0.1925683986,0.2750152561,-1.397784789,1.562693016,1.320859699,1.648756705,-0.262805365,-0.1090251586,-0.3854577219,-0.1624050878,0.0001618791847,-0.1403259167,-0.1061794253,0.2172748493,-0.1418063659,-0.1793765772,0.1355069894,0.02790779849,-0.04530942912,-0.3104641346,0.2849017862,0.1908615076,-0.2209397623,0.00888774424,0.01111884197,0.00888774424,0.002637795173,0.02019684948,0.1123622069,0.09980315715,0.002165008547
5.87,0.3106159665,-0.06399522171,-0.293737325,-0.05426466617,0.002637792114,0.999996521,0.0501757711,0.9987404027,0,0,1.47269801,1.647172753,-1.35702199,1.513817508,-0.1378434143,0.1911503349,0.2732214903,-1.396429719,1.562972094,1.320406605,1.645652064,-0.2599563471,-0.1071165435,-0.3876671195,-0.1629296325,0.0001606913622,-0.1415090174,-0.1061207974,0.2196230722,-0.1431068776,-0.1804453482,0.1360730015,0.02812500059,-0.04567029277,-0.3120354303,0.2871117857,0.1919620146,-0.2221334432,0.008884271446,0.01120519947,0.008884271446,0.002637795173,0.02019684948,0.1123622069,0.09980315715,0.002163389755
5.88,0.3076675206,-0.06453896465,-0.2959356071,-0.05448175628,0.002637792114,0.999996521,0.0501757711,0.9987404027,0,0,1.471068714,1.64717436,-1.35843708,1.5127563,-0.1356471836,0.1897192662,0.2714170369,-1.395068989,1.563253344,1.319949902,1.64253171,-0.2570852292,-0.1051969233,-0.389888454,-0.1634626905,0.0001597291384,-0.1425913152,-0.1063457274,0.2218971855,-0.1441103931,-0.181497057,0.1366494745,0.02834413918,-0.0460228504,-0.3137736009,0.2891634793,0.1932012173,-0.2232944359,0.00888078814,0.01129226334,0.00888078814,0.002637795173,0.02019684948,0.1123622069,0.09980315715,0.002161782842
5.89,0.3046975806,-0.06508481341,-0.2980360216,-0.05468581764,0.002637792114,0.999996521,0.0501757711,0.9987404027,0,0,1.469434087,1.647175958,-1.359862993,1.511692843,-0.1334282117,0.1882781622,0.2696020663,-1.393702494,1.563536786,1.319489674,1.639393974,-0.2541935944,-0.1032649112,-0.3921213983,-0.1641698465,0.0001614202487,-0.1433791014,-0.1078847046,0.2240764015,-0.1439729229,-0.1826887374,0.137375792,0.02859153324,-0.0464047302,-0.3165420814,0.2908270285,0.1952606077,-0.2245940662,0.008877294173,0.01138003982,0.008877294173,0.002637795173,0.02019684948,0.1123622069,0.09980315715,0.00216018555
5.9,0.3017071283,-0.06563263731,-0.3000379849,-0.05487677256,0.002637792114,0.999996521,0.0501757711,0.9987404027,0,0,1.467792389,1.647177572,-1.361296784,1.510613996,-0.1311874477,0.186838433,0.2677751789,-1.392328736,1.563822701,1.319025626,1.636228553,-0.2512853242,-0.1013123051,-0.394367339,-0.1645702059,0.0001628707991,-0.144442418,-0.1077800337,0.2262311657,-0.1451107246,-0.1835624301,0.137854865,0.02879270341,-0.04670955891,-0.3178754309,0.2927566331,0.1961950603,-0.2255328373,0.008873786026,0.01146861045,0.008873786026,0.002637795173,0.02019684948,0.1123622069,0.09980315715,0.002158571348
5.91,0.2986971509,-0.06618230493,-0.3019409486,-0.05505454802,0.002637792114,0.999996521,0.0501757711,0.9987404027,0,0,1.466146687,1.6471792,-1.362741208,1.509536196,-0.128925136,0.1853873258,0.2659395546,-1.390950187,1.564110628,1.318558531,1.633049799,-0.2483577578,-0.09935035448,-0.3966226673,-0.1657512797,0.0001654765298,-0.1446181846,-0.1077617677,0.2283320151,-0.1452271467,-0.1851277786,0.1391434811,0.02801222116,-0.04879537841,-0.3192846067,0.2953932414,0.1980539211,-0.2269789698,0.008870270278,0.01155784446,0.008870270278,0.002637795173,0.02019684948,0.1123622069,0.09980315715,0.00215694264
5.92,0.295668641,-0.06673368411,-0.3037443995,-0.0552190757,0.002637792114,0.999996521,0.0501757711,0.9987404027,0,0,1.464489174,1.647180855,-1.36418739,1.508458578,-0.1266418159,0.1839350543,0.2640882768,-1.389558753,1.56439075,1.318070577,1.629856953,-0.2454038254,-0.09736981527,-0.398892457,-0.1676605004,0.0001679285142,-0.143950664,-0.1078264575,0.2303630455,-0.1443788795,-0.1873360393,0.141180911,0.0263222022,-0.05254648391,-0.3207602083,0.2986912487,0.2007746781,-0.2288886212,0.008866730301,0.01164441384,0.008866730301,0.002637795173,0.02019684948,0.1123622069,0.09980315715,0.002155287875
5.93,0.2926225962,-0.06728664207,-0.3054478594,-0.05537029195,0.002637792114,0.999996521,0.0501757711,0.9987404027,0,0,1.462812569,1.647182535,-1.365626897,1.507380313,-0.1243381854,0.1824912655,0.2622149164,-1.388146944,1.564653972,1.317545112,1.62664935,-0.2424169129,-0.09536206849,-0.4011813433,-0.1681569464,0.0001675713075,-0.1446280745,-0.1088945512,0.2322597614,-0.1443473792,-0.1882042431,0.1417429967,0.02654108432,-0.05285925123,-0.3228690052,0.3000919376,0.2023498061,-0.2297715803,0.008863150515,0.0117252381,0.008863150515,0.002637795173,0.02019684948,0.1123622069,0.09980315715,0.002153608589
5.94,0.2895600186,-0.06784104538,-0.3070508855,-0.0555081378,0.002637792114,0.999996521,0.0501757711,0.9987404027,0,0,1.461130999,1.64718421,-1.367073178,1.506291368,-0.1220155878,0.1810477917,0.260332874,-1.386729514,1.564919383,1.31701652,1.62342066,-0.2394159936,-0.09333857043,-0.4034790591,-0.1685322422,0.0001671983409,-0.1453526685,-0.1094906714,0.2341004079,-0.1446297402,-0.1889373524,0.1422124091,0.02674032986,-0.05313735574,-0.3245161957,0.3014948791,0.2035710784,-0.2304946248,0.00885956101,0.01180678516,0.00885956101,0.002637795173,0.02047612475,0.1123622069,0.09980315715,0.002151932876
5.95,0.2864819147,-0.06839676008,-0.3085530699,-0.05563255898,0.002637792114,0.999996521,0.0501757711,0.9987404027,0,0,1.459445677,1.647185882,-1.368526704,1.505196461,-0.1196745837,0.1796014943,0.2584435005,-1.385307389,1.565186786,1.316485146,1.620175498,-0.2364010448,-0.09130285964,-0.4057840053,-0.1687368831,0.0001668095534,-0.146175396,-0.1093091792,0.2358848844,-0.145476214,-0.1894956274,0.1425428015,0.02691097373,-0.05337126422,-0.3254376261,0.302968415,0.204231442,-0.2310131474,0.008855964397,0.01188899873,0.008855964397,0.002637795173,0.0212474977,0.1123622069,0.09980315715,0.002150260893
5.96,0.2833892946,-0.06895365165,-0.3099540402,-0.05574350589,0.002637792114,0.999996521,0.0501757711,0.9987404027,0,0,1.457758308,1.64718755,-1.369988458,1.504103369,-0.1173157349,0.1781467322,0.2565485442,-1.383881961,1.565455896,1.315951434,1.616921122,-0.2333713606,-0.08926054522,-0.4080941368,-0.1688999099,0.0001664048892,-0.1469530374,-0.109111237,0.2375946599,-0.146269511,-0.1899896483,0.142840737,0.02707603227,-0.05358440545,-0.3262728442,0.304344915,0.2048311009,-0.2314493608,0.008852364347,0.01197179559,0.008852364347,0.002637795173,0.02241511102,0.1123622069,0.09980315715,0.002148592797
5.97,0.2802831724,-0.06951158513,-0.3112534588,-0.05584093359,0.002637792114,0.999996521,0.0501757711,0.9987404027,0,0,1.456069309,1.647189214,-1.371457989,1.503012257,-0.1149397883,0.1766840371,0.2546486477,-1.382453554,1.565726656,1.315415589,1.613658394,-0.2303279115,-0.08721223421,-0.4104086304,-0.1707072282,0.0001691727183,-0.145927185,-0.1093870749,0.2392582036,-0.1448241958,-0.1919796066,0.1439814278,0.02857544124,-0.05366389925,-0.327549382,0.3036282508,0.2084261384,-0.2292014586,0.00884876176,0.0120551605,0.00884876176,0.002637795173,0.02398250722,0.1123622069,0.09980315715,0.002146928748
5.98,0.277164565,-0.07007042512,-0.3124510236,-0.05592480187,0.002637792114,0.999996521,0.0501757711,0.9987404027,0,0,1.454362237,1.647190906,-1.37291726,1.501918386,-0.1125472062,0.1752357951,0.2527288517,-1.38101374,1.566012411,1.31487895,1.6103829,-0.227291629,-0.08512797283,-0.412700645,-0.1719116104,0.000172491964,-0.1454345607,-0.1110331737,0.2407859174,-0.1430968771,-0.1933363873,0.1449754265,0.02915879891,-0.05416143979,-0.3298767486,0.3037834211,0.2114326851,-0.2287636851,0.008845121709,0.01214343195,0.008845121709,0.002637795173,0.02519684844,0.1123622069,0.09967915897,0.002145237021
5.99,0.2740344923,-0.07063003585,-0.3135464674,-0.05599507515,0.002637792114,0.999996521,0.0501757711,0.9987404027,0,0,1.452643121,1.647192631,-1.374371606,1.500808054,-0.1101393471,0.1738048263,0.2507954878,-1.379563986,1.566303999,1.314337336,1.607084132,-0.2242537947,-0.08301364598,-0.4149882818,-0.1719557219,0.000172056683,-0.1460621332,-0.1107867629,0.2422538343,-0.1437129233,-0.1936378078,0.1452708256,0.02896001075,-0.05471785936,-0.3304619927,0.3052509407,0.2117753639,-0.2293548884,0.008841457171,0.0122335969,0.008841457171,0.002637795173,0.02519684844,0.1123622069,0.09891982857,0.002143512102
6,0.2708939768,-0.0711902812,-0.3145395584,-0.05605172257,0.002637792114,0.999996521,0.0501757711,0.9987404027,0,0,1.450923563,1.647194352,-1.375832227,1.499700187,-0.1077168087,0.1723676971,0.2488591097,-1.378111277,1.566593599,1.313790157,1.603779512,-0.2212012853,-0.08089589234,-0.4172818307,-0.1719574987,0.0001716033082,-0.1466442511,-0.1105234986,0.2436434578,-0.1442765785,-0.1938748574,0.1455331333,0.02875236753,-0.05525608714,-0.3309595388,0.3066232962,0.2120548324,-0.2298692605,0.008837792712,0.01232312488,0.008837792712,0.002637795173,0.02519684844,0.1123622069,0.09856270329,0.002141791535
6.01,0.267744043,-0.07175102479,-0.3154300997,-0.05609471793,0.002637792114,0.999996521,0.0501757711,0.9987404027,0,0,1.449203988,1.647196068,-1.37729867,1.498594952,-0.1052803741,0.1709249313,0.2469203611,-1.376655946,1.566881123,1.313237597,1.600469917,-0.2181350524,-0.07877534402,-0.4195805233,-0.1719170274,0.0001711318081,-0.1471806381,-0.1102434538,0.2449539796,-0.1447877585,-0.1940477919,0.1457621036,0.02853612887,-0.05577573151,-0.3313692149,0.3078997603,0.2122711828,-0.2303068881,0.008834129244,0.01241199084,0.008834129244,0.002637795173,0.02519684844,0.1123622069,0.09861036688,0.002140075502
6.02,0.2645857172,-0.07231212998,-0.3162179298,-0.05612403972,0.002637792114,0.999996521,0.0501757711,0.9987404027,0,0,1.447484818,1.647197779,-1.378770476,1.497492517,-0.1028308344,0.1694770537,0.2449798832,-1.375198325,1.567166484,1.312679839,1.597156225,-0.2150560548,-0.07665263219,-0.4218835922,-0.172372396,0.0001746834042,-0.1471240544,-0.1113499858,0.2461724918,-0.1437924751,-0.1946001227,0.147773512,0.02313652821,-0.06271039229,-0.3329221668,0.3144577076,0.2124818246,-0.2367376816,0.008830467682,0.0125001706,0.008830467682,0.002637795173,0.02519684844,0.1123622069,0.09906494612,0.002138364184
6.03,0.2614200272,-0.07287345995,-0.3169029223,-0.05613967112,0.002637792114,0.999996521,0.0501757711,0.9987404027,0,0,1.445761094,1.647199526,-1.380241717,1.496379017,-0.1003691094,0.168039129,0.243033882,-1.37372059,1.567397849,1.312052735,1.593827003,-0.2119114777,-0.07452781394,-0.424250969,-0.1745437021,0.0001789531481,-0.1451412289,-0.1120709524,0.2473623783,-0.1409590331,-0.1967644926,0.1504199789,0.02001426782,-0.06854058222,-0.3341506694,0.3179697627,0.2156991113,-0.2390396618,0.00882679774,0.01257037783,0.00882679774,0.002637795173,0.02519684844,0.1123622069,0.09980315715,0.00213661735
6.04,0.2582480018,-0.07343487773,-0.317484986,-0.05614159997,0.002637792114,0.999996521,0.0501757711,0.9987404027,0,0,1.444015657,1.647201315,-1.381693129,1.495258308,-0.09789548565,0.1666295386,0.2410662371,-1.37221639,1.567597992,1.31136733,1.590485497,-0.2087317801,-0.07237082283,-0.4266413656,-0.174376388,0.0001774587706,-0.1455326087,-0.1117386343,0.2484191004,-0.1413028686,-0.1967426642,0.1504610014,0.02015943752,-0.06858902008,-0.3343034278,0.3185495839,0.2158876738,-0.2388097631,0.008823082844,0.01263009963,0.008823082844,0.002637795173,0.02519684844,0.1123622069,0.09980315715,0.002134827818
6.05,0.2550706707,-0.07399624625,-0.3179640647,-0.05612981881,0.002637792114,0.999996521,0.0501757711,0.9987404027,0,0,1.442271893,1.64720309,-1.383148455,1.494140922,-0.09541129465,0.16521651,0.2390988104,-1.37071178,1.567799586,1.310681439,1.587142462,-0.2055462842,-0.07021194609,-0.4290294633,-0.1741664231,0.0001759421258,-0.1458782363,-0.1113892554,0.249393705,-0.1415954573,-0.1966571506,0.1504664537,0.02029974129,-0.0686135671,-0.3343673594,0.3190283498,0.2160128904,-0.2385011244,0.008819372552,0.01269037062,0.008819372552,0.002637795173,0.02519684844,0.1123622069,0.09980315715,0.00213305323
6.06,0.2518890639,-0.0745574284,-0.3183401375,-0.05610432486,0.002637792114,0.999996521,0.0501757711,0.9987404027,0,0,1.440530229,1.647204849,-1.384607238,1.493027029,-0.0929173576,0.1638005554,0.2371322389,-1.369207115,1.568002584,1.309995304,1.583798789,-0.2023560007,-0.06805181719,-0.4314144745,-0.1739953349,0.0001751098834,-0.1461062823,-0.1114566645,0.2502799051,-0.1414903867,-0.1965568362,0.1505092903,0.02044897708,-0.06866566189,-0.3347238655,0.3193457056,0.2163674568,-0.2381736143,0.008815667779,0.01275117767,0.008815667779,0.002637795173,0.02519684844,0.1123622069,0.09980315715,0.002131293809
6.07,0.2487042113,-0.07511828704,-0.3186132187,-0.05606512,0.002637792114,0.999996521,0.0501757711,0.9987404027,0,0,1.438790276,1.6472066,-1.3860683,1.491912462,-0.09041455855,0.1623856515,0.2351666705,-1.367702023,1.568207073,1.309308647,1.58045155,-0.1991625437,-0.06588814262,-0.4337962106,-0.1740017241,0.0001779620067,-0.1460968249,-0.112689922,0.2510732793,-0.1403876566,-0.196521678,0.1507175367,0.02063183257,-0.06883461085,-0.3360398627,0.319396745,0.2174623864,-0.237926327,0.008811967753,0.01281254564,0.008811967753,0.002637795173,0.02519684844,0.1125987808,0.09980315715,0.00212954271
6.08,0.2455171427,-0.07567868512,-0.3187833577,-0.05601221084,0.002637792114,0.999996521,0.0501757711,0.9987404027,0,0,1.437050258,1.64720838,-1.387529269,1.490785563,-0.08790382576,0.160981775,0.2332014538,-1.366194847,1.568413392,1.308620301,1.577091151,-0.1959685762,-0.06371351875,-0.4361754739,-0.1752255212,0.000182075912,-0.144627173,-0.1125659008,0.2518440738,-0.1385564423,-0.1977133863,0.1517320923,0.02088971415,-0.06999082539,-0.3361184132,0.318974958,0.219826703,-0.2361400831,0.00880826897,0.01287456828,0.00880826897,0.002637795173,0.02519684844,0.1137195758,0.09980315715,0.00212776309
6.09,0.242328887,-0.07623848562,-0.3188506391,-0.05594560861,0.002637792114,0.999996521,0.0501757711,0.9987404027,0,0,1.435298003,1.647210201,-1.38897554,1.489659904,-0.08538538502,0.1595962105,0.2312243199,-1.364677526,1.568622289,1.307920393,1.573729967,-0.1927788266,-0.06151525172,-0.4385368747,-0.1757496639,0.0001834140329,-0.1438100293,-0.1123088487,0.2524976823,-0.1374972735,-0.1982249185,0.1522399321,0.021091375,-0.07061581708,-0.3359926597,0.3187100106,0.2211061549,-0.2347968547,0.008804545575,0.01293742719,0.008804545575,0.002637795173,0.02519684844,0.1145528791,0.09980315715,0.002125942331
6.1,0.2391404723,-0.0767975517,-0.3188151827,-0.05586532927,0.002637792114,0.999996521,0.0501757711,0.9987404027,0,0,1.433540507,1.647212035,-1.390413641,1.488536816,-0.08286040819,0.1582212378,0.2292420707,-1.363155127,1.568833203,1.307214235,1.570370041,-0.1895917265,-0.05930419018,-0.4408848433,-0.1753221285,0.000182764173,-0.1439235421,-0.1118696476,0.2530410616,-0.1375336559,-0.1978185736,0.1520634833,0.02121159503,-0.07051795755,-0.3356174587,0.3186923734,0.2209118386,-0.2340978744,0.008800812313,0.01300098073,0.008800812313,0.002637795173,0.02519684844,0.1148850104,0.09980315715,0.002124108191
6.11,0.2359529253,-0.07735574668,-0.3186771433,-0.05577139344,0.002637792114,0.999996521,0.0501757711,0.9987404027,0,0,1.431787285,1.647213863,-1.391852876,1.487418119,-0.08032999758,0.1568459012,0.227263885,-1.361634492,1.569045319,1.306509055,1.567013866,-0.1864048028,-0.05709507179,-0.443225822,-0.175146354,0.0001814287337,-0.143748406,-0.112942801,0.253482537,-0.1363060395,-0.1974993324,0.1521254721,0.02137906044,-0.07057158122,-0.3365195609,0.3183645996,0.2216907981,-0.2335164784,0.008797089339,0.01306501897,0.008797089339,0.002637795173,0.02519684844,0.1148079454,0.09980315715,0.002122280549
6.12,0.2327672708,-0.07791293413,-0.3184367112,-0.05566382642,0.002637792114,0.999996521,0.0501757711,0.9987404027,0,0,1.430035822,1.647215677,-1.39329036,1.486288691,-0.07779517221,0.1554828408,0.2252888917,-1.360113237,1.569259109,1.305803339,1.56364867,-0.1832211568,-0.05487816381,-0.4455609868,-0.17473301,0.0001813461086,-0.1436920225,-0.112993075,0.2538550924,-0.1358252639,-0.1970125408,0.1519720357,0.02150571223,-0.07048709932,-0.3364448116,0.3180726134,0.2217308041,-0.2327307022,0.008793371243,0.01312967638,0.008793371243,0.002637795173,0.02602271683,0.1145929877,0.09980315715,0.002120466262
6.13,0.2295845316,-0.07846897787,-0.3180941114,-0.0555426582,0.002637792114,0.999996521,0.0501757711,0.9987404027,0,0,1.428288492,1.64721749,-1.39472728,1.48515876,-0.07525662128,0.1541245882,0.2233187663,-1.358593517,1.569474166,1.305098468,1.560284222,-0.1800404307,-0.05266085577,-0.4478882938,-0.1745499231,0.000181593042,-0.1432647007,-0.1125671662,0.254157017,-0.1352360989,-0.1967662968,0.1519550371,0.02164004124,-0.07060633517,-0.3358679708,0.3176114515,0.2219218146,-0.2315016127,0.008789663181,0.01319483691,0.008789663181,0.002637795173,0.0271348045,0.114772386,0.09980315715,0.002118652801
6.14,0.2264057283,-0.07902374207,-0.3176496045,-0.05540792346,0.002637792114,0.999996521,0.0501757711,0.9987404027,0,0,1.426542992,1.647219306,-1.396159927,1.484033089,-0.07271505111,0.1527722272,0.2213511033,-1.357073967,1.569690567,1.304392405,1.556925543,-0.1768643162,-0.05044163762,-0.45020331,-0.1760198737,0.0001818114493,-0.140931855,-0.112471145,0.2544029648,-0.1324084555,-0.1980626688,0.1531138783,0.02191800527,-0.07200332903,-0.3354918584,0.3164157659,0.2246531107,-0.2288297624,0.008785960282,0.01326051379,0.008785960282,0.002637795173,0.02824433307,0.1154096881,0.09980315715,0.00211683687
6.15,0.2232318783,-0.07957709125,-0.317103486,-0.05525966155,0.002637792114,0.999996521,0.0501757711,0.9987404027,0,0,1.424782794,1.647221124,-1.397569246,1.482908377,-0.07017102147,0.1514481427,0.2193704766,-1.355542828,1.569909747,1.303672372,1.553570624,-0.1737001585,-0.04819510651,-0.4524916076,-0.1754699348,0.0001820003285,-0.1407464474,-0.1124214524,0.2544985575,-0.1318248341,-0.1973827523,0.1528392561,0.02203128372,-0.07183650001,-0.3351119809,0.3158423745,0.2244553766,-0.227822961,0.008782227372,0.01332708089,0.008782227372,0.002637795173,0.02935103162,0.1165163855,0.09980315715,0.002115018756
6.16,0.2200639961,-0.08012889036,-0.3164560867,-0.05509791648,0.002637792114,0.999996521,0.0501757711,0.9987404027,0,0,1.423028094,1.647222944,-1.39897671,1.481784163,-0.06762603589,0.1501298943,0.2173966491,-1.354014435,1.57013006,1.302954007,1.550219504,-0.1705417348,-0.04595055275,-0.4547698372,-0.1750928614,0.000182158696,-0.1403537534,-0.1134443107,0.2545024245,-0.1303320666,-0.1967337528,0.1527363538,0.02218097525,-0.07176796194,-0.3356361703,0.3150223687,0.2249403413,-0.2268696584,0.008778507462,0.01339411557,0.008778507462,0.002637795173,0.03019684926,0.1173622021,0.09980315715,0.002113198752
6.17,0.2169030929,-0.0806790048,-0.3157077725,-0.05492273699,0.002637792114,0.999996521,0.0501757711,0.9987404027,0,0,1.421277166,1.647224766,-1.400380248,1.48064972,-0.06508101165,0.1488265737,0.2154293115,-1.352487072,1.570351869,1.302236327,1.546863143,-0.1673915111,-0.04370114934,-0.4570385338,-0.1743578347,0.0001822855885,-0.14015898,-0.112864388,0.2544325093,-0.1300434214,-0.1958798609,0.152295403,0.02226118744,-0.07149745057,-0.3346399391,0.3143152258,0.2242834326,-0.225662614,0.008774796872,0.01346172463,0.008774796872,0.002637795173,0.03019684926,0.1173622021,0.09980315715,0.002111377165
6.18,0.2137501757,-0.08122730049,-0.3148589446,-0.05473417647,0.002637792114,0.999996521,0.0501757711,0.9987404027,0,0,1.419533587,1.647226589,-1.401781838,1.479521076,-0.06253668655,0.1475261394,0.2134705129,-1.350964118,1.570574481,1.301521352,1.543516743,-0.1642483588,-0.04145831501,-0.4592951599,-0.1735817107,0.0001823800633,-0.1399190589,-0.1122675591,0.254274394,-0.1297082375,-0.1949674374,0.1518173722,0.02233429276,-0.07120381008,-0.3335550605,0.3135089382,0.2235617665,-0.2243892981,0.008771103213,0.01352970407,0.008771103213,0.002637795173,0.03019684926,0.1173622021,0.09980315715,0.00210955431
6.19,0.2106062476,-0.08177364392,-0.3139100391,-0.05453229299,0.002637792114,0.999996521,0.0501757711,0.9987404027,0,0,1.41779777,1.647228413,-1.403181028,1.4783984,-0.05999394261,0.1462290571,0.2115208386,-1.349445944,1.570797824,1.300809314,1.540181193,-0.1611132694,-0.03922269734,-0.4615390529,-0.1742711376,0.000185128596,-0.1379592924,-0.1119881093,0.2540619505,-0.1273407338,-0.1954248061,0.1520979159,0.02355439012,-0.07078687559,-0.3326287363,0.3109062676,0.2252456328,-0.2206023093,0.008767427351,0.01359803209,0.008767427351,0.002637795173,0.03019684926,0.1173622021,0.09980315715,0.002107730509
6.2,0.207472307,-0.08231790215,-0.3128615275,-0.05431714931,0.002637792114,0.999996521,0.0501757711,0.9987404027,0,0,1.416055059,1.647230264,-1.404560621,1.477278519,-0.05745332311,0.1449556497,0.2095665905,-1.347924965,1.571033368,1.300101446,1.536854905,-0.1580042068,-0.03697024102,-0.463745076,-0.1745794661,0.0001879499533,-0.1364446797,-0.112918569,0.2537280985,-0.1246734692,-0.19534398,0.1522894277,0.02435149084,-0.07053498229,-0.3327693937,0.3087337326,0.2267740749,-0.2179078591,0.008763738342,0.0136704166,0.008763738342,0.002637795173,0.03019684926,0.1173211509,0.09980315715,0.002105879223
6.21,0.2043493474,-0.08285994293,-0.3117139164,-0.05408881288,0.002637792114,0.999996521,0.0501757711,0.9987404027,0,0,1.414309264,1.647232143,-1.405925068,1.476149333,-0.05491604212,0.143708915,0.2076131507,-1.346402071,1.571276883,1.299396096,1.533527211,-0.1549168694,-0.03470250027,-0.4659241546,-0.1738094631,0.0001877678924,-0.1359799406,-0.112948036,0.2532896385,-0.1236756172,-0.1942983122,0.1518339915,0.02442645952,-0.07024482176,-0.3320528862,0.3075621654,0.2263076082,-0.216526492,0.008760044311,0.01374547498,0.008760044311,0.002637795173,0.03019684926,0.1173622021,0.09980315715,0.002103999723
6.22,0.2012383572,-0.08339963467,-0.3104677476,-0.05384735581,0.002637792114,0.999996521,0.0501757711,0.9987404027,0,0,1.41257117,1.647234021,-1.407284867,1.475019853,-0.05238314574,0.1424721589,0.2056701676,-1.344883731,1.571521148,1.298693647,1.530206682,-0.1518412478,-0.03243942418,-0.4680894195,-0.1728563118,0.0001867895509,-0.1355703155,-0.1122712487,0.2527654587,-0.1231745651,-0.1931406645,0.1512015167,0.02446269962,-0.0698569574,-0.3306151593,0.306384495,0.2253048964,-0.2150108108,0.008756367946,0.01382088133,0.008756367946,0.002637795173,0.03019684926,0.1173622021,0.09980315715,0.002102122045
6.23,0.1981403191,-0.08393684656,-0.309123598,-0.05359285492,0.002637792114,0.999996521,0.0501757711,0.9987404027,0,0,1.410842606,1.647235889,-1.408640571,1.473897141,-0.04985549115,0.1412404132,0.2037387609,-1.343371716,1.571765775,1.297995078,1.526900531,-0.1487774028,-0.03018637522,-0.4702395276,-0.1718632151,0.0001857855217,-0.135116716,-0.1115779491,0.2521525117,-0.1226296834,-0.1919273046,0.1505320458,0.02449058394,-0.06944718334,-0.3290901752,0.3051104524,0.224237715,-0.2134352934,0.008752713067,0.01389651833,0.008752713067,0.002637795173,0.03019684926,0.1173622021,0.09980315715,0.002100254149
6.24,0.1950562098,-0.08447144856,-0.3076820796,-0.05332539168,0.002637792114,0.999996521,0.0501757711,0.9987404027,0,0,1.409123974,1.647237747,-1.409991738,1.472781361,-0.04733396603,0.1400141164,0.2018194879,-1.341866395,1.57201068,1.297300606,1.523609629,-0.1457262983,-0.02794399807,-0.4723738806,-0.1708332908,0.0001847559701,-0.134617474,-0.1108810235,0.2514507519,-0.1220313932,-0.1906598204,0.1498284564,0.02451060198,-0.06901708331,-0.3274902679,0.3037388987,0.2231152225,-0.2118022286,0.008749080509,0.01397235956,0.008749080509,0.002637795173,0.03019684926,0.1173622021,0.09980315715,0.002098396294
6.25,0.1919869999,-0.08500331147,-0.3061438398,-0.05304505227,0.002637792114,0.999996521,0.0501757711,0.9987404027,0,0,1.407415641,1.647239594,-1.411337912,1.471672551,-0.04481945851,0.1387938024,0.1999128897,-1.340368111,1.572255786,1.296610435,1.520334726,-0.1426889093,-0.02571284585,-0.4744919028,-0.1725019781,0.0001845889656,-0.1311721081,-0.112726888,0.2507004998,-0.1167044808,-0.1916640175,0.141568577,0.05851713878,-0.02821590929,-0.3280386819,0.2631011819,0.2318778478,-0.1684022845,0.008745471039,0.01404837992,0.008745471039,0.002637795173,0.03020347221,0.1173622021,0.09980315715,0.002096548734
6.26,0.1889336531,-0.08553230699,-0.304509561,-0.05275192754,0.002637792114,0.999996521,0.0501757711,0.9987404027,0,0,1.405690622,1.64724144,-1.412649634,1.470545282,-0.04231245352,0.1376267576,0.1979962495,-1.338952425,1.572840958,1.296328276,1.51705434,-0.1400578975,-0.02339406737,-0.4761759257,-0.1713726675,0.0001852543325,-0.1306018415,-0.1119674866,0.249809909,-0.1160533521,-0.1902677429,0.1408697881,0.05823737234,-0.02791557693,-0.3262503294,0.2617493004,0.2305301865,-0.1669944923,0.008741827505,0.01423670123,0.008741827505,0.002637795173,0.0319497768,0.1173622021,0.09892863684,0.002094702844
6.27,0.1858971264,-0.08605830773,-0.3027799607,-0.05244611301,0.002637792114,0.999996521,0.0501757711,0.9987404027,0,0,1.403976895,1.647243293,-1.413955652,1.469425607,-0.03981435443,0.1364662241,0.1960935721,-1.337543727,1.573423332,1.29604912,1.513791836,-0.1374404045,-0.0210887655,-0.4778458706,-0.1702039365,0.0001858638689,-0.1299896161,-0.1111917615,0.2488309243,-0.1153617965,-0.1888177551,0.1401382133,0.05793228023,-0.02761694706,-0.3243761544,0.2603243081,0.2291156319,-0.1655517476,0.008738209305,0.01442415405,0.008738209305,0.002637795173,0.03331943079,0.1173622021,0.09805873462,0.002092850301
6.28,0.1828783691,-0.08658118728,-0.3009557918,-0.0521277089,0.002637792114,0.999996521,0.0501757711,0.9987404027,0,0,1.402274856,1.647245151,-1.415255548,1.46831369,-0.03732604518,0.1353126062,0.1942053945,-1.336142345,1.574002654,1.295772951,1.510548075,-0.1348371614,-0.01879760918,-0.4795013881,-0.1689968057,0.0001864160515,-0.1293350007,-0.1104000887,0.2477637249,-0.1146294521,-0.1873153738,0.1393721857,0.05760974634,-0.02731094327,-0.3224168738,0.2588178248,0.2276367477,-0.1640653246,0.008734617254,0.01461065638,0.008734617254,0.002637795173,0.0343181808,0.1173622021,0.09719392299,0.002090991662
6.29,0.1798783232,-0.08710082029,-0.2990378422,-0.05179682011,0.002637792114,0.999996521,0.0501757711,0.9987404027,0,0,1.400584888,1.647247016,-1.416548898,1.467209689,-0.03484840793,0.1341663116,0.1923322408,-1.334748623,1.574578752,1.295499841,1.507323906,-0.1322489832,-0.01652124171,-0.4811420413,-0.1678508205,0.0001865024189,-0.1285785518,-0.1100460997,0.2466092455,-0.1135058572,-0.1857866019,0.138674304,0.0572932504,-0.02704467979,-0.3208030679,0.2571738406,0.2264078537,-0.1625748137,0.008731052144,0.01479615218,0.008731052144,0.002637795173,0.03495234014,0.1173622021,0.09633447175,0.002089127502
6.3,0.1768979222,-0.08761708243,-0.2970269349,-0.05145355621,0.002637792114,0.999996521,0.0501757711,0.9987404027,0,0,1.398906379,1.647248881,-1.417834684,1.466109228,-0.03238231548,0.1330312531,0.1904743748,-1.33336188,1.575151684,1.295229395,1.504115875,-0.1296772448,-0.01425716317,-0.4827677895,-0.1673503953,0.0001846438134,-0.1271255217,-0.1108696805,0.2453807477,-0.1108913374,-0.1846863929,0.1340418546,0.07267420247,-0.007261445096,-0.3201997444,0.2374520412,0.2284678745,-0.1421772219,0.008727512627,0.01498065787,0.008727512627,0.002637795173,0.03539928467,0.1173622021,0.09548064839,0.002087262478
6.31,0.1739380915,-0.08812985054,-0.2949239283,-0.05109803145,0.002637792114,0.999996521,0.0501757711,0.9987404027,0,0,1.397232875,1.647250727,-1.419105939,1.465000531,-0.029928508,0.1319223397,0.1886275108,-1.332021461,1.575878426,1.29515678,1.500913878,-0.1273027243,-0.01197248442,-0.4841895617,-0.1677924876,0.0001842891736,-0.1243156669,-0.1104789039,0.2440790478,-0.1076154756,-0.1846974948,0.11689754,0.1338355212,0.0704090331,-0.3182492073,0.1653337666,0.2370012995,-0.06607370279,0.008723984885,0.01521596941,0.008723984885,0.002637795173,0.03675446969,0.1173622021,0.09446229001,0.00208541604
6.32,0.1709997476,-0.08863900259,-0.2927297158,-0.05073036478,0.002637792114,0.999996521,0.0501757711,0.9987404027,0,0,1.39555495,1.64725257,-1.420349096,1.463895742,-0.02748771752,0.1308461849,0.1867805359,-1.330852486,1.577216782,1.295860871,1.497731386,-0.1256493867,-0.009602471429,-0.4848502987,-0.1664128125,0.000183814909,-0.1235124454,-0.1096038956,0.2426497867,-0.1067566984,-0.182968447,0.1162441459,0.1326159956,0.07008650521,-0.3159474276,0.1641704067,0.2350896907,-0.06541593986,0.008720449093,0.01565320608,0.008720449093,0.002637795173,0.03903809767,0.1173622021,0.09277874532,0.002083573148
6.33,0.1680837981,-0.08914441778,-0.2904452259,-0.05035067983,0.002637792114,0.999996521,0.0501757711,0.9987404027,0,0,1.393890822,1.647254408,-1.42158422,1.462799703,-0.02506121966,0.1297786179,0.1849508514,-1.329690044,1.578542941,1.296561736,1.494571912,-0.1240076826,-0.007251574522,-0.4855044581,-0.1649966647,0.0001832961926,-0.1226688701,-0.1087136656,0.2411340597,-0.1058604548,-0.1811908033,0.115561235,0.1313615678,0.06973879045,-0.3135634918,0.1629560407,0.2331145411,-0.06474100711,0.008716943777,0.01608650129,0.008716943777,0.002637795173,0.04096553965,0.1173622021,0.09110803161,0.002081734999
6.34,0.1651911408,-0.08964597655,-0.2880714225,-0.04995910488,0.002637792114,0.999996521,0.0501757711,0.9987404027,0,0,1.392240856,1.647256241,-1.422810909,1.461712566,-0.02264987906,0.1287200134,0.1831389434,-1.328534432,1.579856557,1.297259124,1.491436277,-0.1223781222,-0.004920429111,-0.4861518682,-0.1636700207,0.0001834171379,-0.1217173805,-0.1083700995,0.2395360003,-0.1044950048,-0.1793917529,0.1149822569,0.1301020151,0.06930931298,-0.3116396405,0.1616234546,0.2314688552,-0.06409271935,0.008713469683,0.01651573934,0.008713469683,0.002637795173,0.04254402776,0.1173622021,0.08945066338,0.002079902037
6.35,0.162322664,-0.09014356068,-0.2856093044,-0.04955577293,0.002637792114,0.999996521,0.0501757711,0.9987404027,0,0,1.390604156,1.647258075,-1.424028082,1.460628865,-0.02025451906,0.1276750633,0.1813450259,-1.32738461,1.581157577,1.297952217,1.48831988,-0.1207618877,-0.00260574056,-0.4867927954,-0.1624863464,0.0001844768516,-0.1206320592,-0.1088152336,0.2378615913,-0.1024737825,-0.1775785117,0.114567651,0.1288497297,0.06877286087,-0.31041708,0.1601445086,0.2303277145,-0.06348760659,0.00871002494,0.01694089663,0.00871002494,0.002637795173,0.04389572127,0.1173622021,0.0878071495,0.002078067865
6.36,0.1594792457,-0.09063705328,-0.2830599059,-0.04914082165,0.002637792114,0.999996521,0.0501757711,0.9987404027,0,0,1.388979292,1.64725992,-1.425234403,1.459540713,-0.01787590314,0.1266503255,0.1795692407,-1.326238933,1.582446075,1.298639945,1.485215709,-0.1191604426,-0.0003024634144,-0.4874276714,-0.1612698305,0.0001842445739,-0.119310797,-0.1079478101,0.2360998698,-0.1010433704,-0.1759479753,0.1140023792,0.1274708051,0.06821070908,-0.3078266883,0.1588431781,0.2281665106,-0.06248171705,0.008706606578,0.01736198753,0.008706606578,0.002637795173,0.04560836758,0.1173622021,0.08617799305,0.002076223097
6.37,0.1566617533,-0.09112633886,-0.2804242961,-0.04871439338,0.002637792114,0.999996521,0.0501757711,0.9987404027,0,0,1.387366594,1.647261762,-1.426427511,1.458461235,-0.01551490445,0.1256398918,0.177809761,-1.325098909,1.583720783,1.299322052,1.482137443,-0.1175720108,0.001979201692,-0.4880524886,-0.1614798315,0.0001856094664,-0.1162346335,-0.107486081,0.2342655198,-0.09751617499,-0.1756564042,0.1143725185,0.125961419,0.06696984884,-0.3053711313,0.1577744494,0.2259790683,-0.06016970336,0.008703215174,0.01777860576,0.008703215174,0.002637795173,0.04762320336,0.1173622021,0.08468342345,0.002074380651
6.38,0.1538710434,-0.09161130338,-0.2777035795,-0.04827663515,0.002637792114,0.999996521,0.0501757711,0.9987404027,0,0,1.385751795,1.647263619,-1.427589857,1.457386374,-0.01317224925,0.1246647301,0.176053197,-1.323955184,1.584980397,1.299991751,1.479083731,-0.1159942663,0.004238992375,-0.4886541856,-0.1598626506,0.0001840873956,-0.1152157021,-0.1064994011,0.2323125821,-0.09648073202,-0.1736193667,0.1135274936,0.1245423897,0.06650952976,-0.3025769801,0.1563155938,0.2236937146,-0.05942811878,0.008699820725,0.01819030667,0.008699820725,0.002637795173,0.04993111934,0.1173622021,0.08388394269,0.002072524557
6.39,0.1511079616,-0.0920918343,-0.2748988957,-0.04782769867,0.002637792114,0.999996521,0.0501757711,0.9987404027,0,0,1.384153169,1.647265459,-1.428742014,1.45632138,-0.01084912343,0.1236999227,0.1743170033,-1.322819909,1.586225821,1.300656846,1.476057961,-0.1144311104,0.006475929522,-0.4892484668,-0.1582738418,0.0001825389608,-0.114128578,-0.1057673933,0.2302794597,-0.0952066845,-0.1715487296,0.1127201912,0.1231065157,0.06599905003,-0.2999686816,0.1547775694,0.2215386285,-0.05869114586,0.008696461573,0.01859740376,0.008696461573,0.002637795173,0.05252275789,0.1173622021,0.08309237678,0.002070683683
6.4,0.1483733415,-0.09256782061,-0.2720114195,-0.04736774033,0.002637792114,0.999996521,0.0501757711,0.9987404027,0,0,1.382570431,1.647267285,-1.4298833,1.455263706,-0.008546328829,0.1227478559,0.172601516,-1.321692707,1.587456886,1.301316837,1.473058275,-0.1128833347,0.008691315807,-0.4898353783,-0.1569566621,0.0001809645392,-0.1128570736,-0.1063478348,0.2281813384,-0.09288599681,-0.169481295,0.1122168119,0.1217098645,0.06533659366,-0.2985893814,0.1530392958,0.220263303,-0.05803155505,0.008693137089,0.01899983812,0.008693137089,0.002637795173,0.05518522253,0.1174301805,0.08230896459,0.002068858293
6.41,0.1456680051,-0.0930391529,-0.2690423607,-0.04689692122,0.002637792114,0.999996521,0.0501757711,0.9987404027,0,0,1.381000864,1.647269094,-1.431011871,1.454200228,-0.006264515444,0.1218189959,0.170906703,-1.320570539,1.588673985,1.301970203,1.470072381,-0.1113529417,0.01089394884,-0.4904156938,-0.1552329699,0.0001793645186,-0.1117372761,-0.1052941771,0.2259894976,-0.09176933259,-0.1673117198,0.1112828063,0.1201972366,0.06480444171,-0.2955518177,0.151441277,0.2177951654,-0.05724244187,0.008689841515,0.01939772413,0.008689841515,0.002637795173,0.05673526539,0.1177354669,0.08153394157,0.002067048648
6.42,0.1429927621,-0.09350572339,-0.2659929646,-0.04641540709,0.002637792114,0.999996521,0.0501757711,0.9987404027,0,0,1.379448534,1.647270888,-1.432129244,1.453147286,-0.004004620468,0.1209013026,0.1692335858,-1.319457711,1.589875957,1.302618247,1.467116863,-0.1098385289,0.01307190049,-0.4909881183,-0.1534776762,0.0001777392984,-0.1105810275,-0.1042271796,0.2237169986,-0.09062099292,-0.1651018624,0.1103200731,0.1186555586,0.06424833164,-0.2924395332,0.1497969304,0.215270872,-0.0564402034,0.008686583392,0.01979069605,0.008686583392,0.002637795173,0.05826806606,0.1177501667,0.08076753966,0.002065255002
6.43,0.1403484094,-0.09396742596,-0.2628645114,-0.04592336837,0.002637792114,0.999996521,0.0501757711,0.9987404027,0,0,1.377913757,1.647272666,-1.433235054,1.452105014,-0.001767450483,0.1199950927,0.1675825672,-1.31835451,1.591062512,1.30326073,1.464192467,-0.1083405596,0.01522460921,-0.4915525203,-0.1530928768,0.0001783745642,-0.1077216178,-0.1035757048,0.2213764764,-0.08742236904,-0.1641783792,0.1102486247,0.1169873693,0.06305544221,-0.2894484724,0.1483983895,0.212710899,-0.05438004615,0.008683363349,0.02017865765,0.008683363349,0.002637795173,0.05978316788,0.1174836114,0.0800099872,0.002063477609
6.44,0.137735731,-0.09442415626,-0.2596583165,-0.04542098019,0.002637792114,0.999996521,0.0501757711,0.9987404027,0,0,1.376382829,1.647274449,-1.43431227,1.451069257,0.0004463142815,0.119120869,0.1659407834,-1.317252024,1.592232386,1.303891285,1.461297983,-0.1068565757,0.0173517182,-0.4920963208,-0.1517869768,0.0001780853617,-0.1058786082,-0.1026420634,0.2189362025,-0.08547290229,-0.1623725287,0.1095641486,0.1153538497,0.06223004569,-0.2862640209,0.1467726152,0.2100869143,-0.05309910261,0.008680152666,0.02056117857,0.008680152666,0.002637795173,0.06115536244,0.1173622021,0.07871987357,0.002061693864
6.45,0.1351554977,-0.09487581167,-0.2563757306,-0.04490842234,0.002637792114,0.999996521,0.0501757711,0.9987404027,0,0,1.374864959,1.64727623,-1.435371056,1.450042836,0.002635676307,0.11826614,0.1643170581,-1.316156383,1.593385925,1.304513585,1.458435342,-0.1053888496,0.01945258734,-0.4926273118,-0.1502221359,0.0001778844383,-0.1044984002,-0.1028247028,0.2164297425,-0.08328546781,-0.1600545368,0.1088370051,0.1137984845,0.06149440277,-0.2842227313,0.1448492349,0.208320245,-0.05236274706,0.008676970658,0.02093838051,0.008676970658,0.002637795173,0.06269486068,0.1173622021,0.07724150972,0.00205991301
6.46,0.1326084664,-0.09532229142,-0.2530181394,-0.04438587931,0.002637792114,0.999996521,0.0501757711,0.9987404027,0,0,1.373362738,1.647278009,-1.43641604,1.449014589,0.004799973732,0.1174332853,0.1627165128,-1.315068012,1.59452391,1.305128529,1.455593115,-0.1039403572,0.02153578979,-0.4931509393,-0.1484324411,0.0001765315953,-0.1031757374,-0.102175469,0.213839617,-0.08169014233,-0.1576740954,0.1078709597,0.112174206,0.06081239368,-0.2813013852,0.1429729565,0.2059254868,-0.051561035,0.008673822755,0.02131051156,0.008673822755,0.002637795173,0.06421782653,0.1180067853,0.07578216923,0.002058134166
6.47,0.1300953802,-0.0957634966,-0.2495869638,-0.04385354027,0.002637792114,0.999996521,0.0501757711,0.9987404027,0,0,1.371878413,1.647279774,-1.437447798,1.447992835,0.006938369901,0.1166163839,0.1611397718,-1.313989303,1.595645652,1.305736653,1.452780101,-0.1025106277,0.02359504466,-0.4936665496,-0.1464956549,0.0001747137757,-0.1018738976,-0.1010154852,0.2111678556,-0.080444858,-0.1552449725,0.1067476481,0.1104983159,0.06015446352,-0.2778147002,0.1411086131,0.2031263846,-0.05071709256,0.008670713572,0.0216773527,0.008670713572,0.002637795173,0.06565771823,0.1188891962,0.0743422778,0.00205636885
6.48,0.1276169676,-0.09619933022,-0.24608366,-0.04331159906,0.002637792114,0.999996521,0.0501757711,0.9987404027,0,0,1.370413457,1.647281521,-1.438466537,1.44698268,0.009050048458,0.1158119353,0.1595873221,-1.312921826,1.596750635,1.306338198,1.450001954,-0.1010995415,0.02562630851,-0.4941737205,-0.1445309286,0.0001728719572,-0.1005394072,-0.09984368562,0.2084218114,-0.07917235608,-0.1527815053,0.1055969876,0.108797584,0.05947408621,-0.2742599723,0.139201977,0.200277128,-0.04986287692,0.008667646131,0.02203873884,0.008667646131,0.002637795173,0.06707774341,0.1197608639,0.07292225288,0.002054621712
6.49,0.1251739424,-0.09662969723,-0.2425097193,-0.04276025421,0.002637792114,0.999996521,0.0501757711,0.9987404027,0,0,1.368968147,1.64728325,-1.439471931,1.445984243,0.01113426657,0.1150202117,0.158059507,-1.311865857,1.597838611,1.306932939,1.447259354,-0.09970752177,0.02762907979,-0.4946723493,-0.1425390021,0.0001710066469,-0.0991728229,-0.09866042419,0.2056026571,-0.07787322735,-0.1502847519,0.1044193659,0.1070727307,0.05877153483,-0.2706385638,0.1372538437,0.1973788802,-0.04899876179,0.008664620981,0.02239458786,0.008664620981,0.002637795173,0.06847749307,0.1206215984,0.07152250348,0.002052892993
6.5,0.1227670036,-0.09705450463,-0.238866668,-0.04219970893,0.002637792114,0.999996521,0.0501757711,0.9987404027,0,0,1.367542757,1.64728496,-1.440463659,1.444997639,0.01319029314,0.1142414795,0.1565566595,-1.310821663,1.598909338,1.307520654,1.444552969,-0.09833498333,0.02960286859,-0.4951623369,-0.1418260647,0.0001703315865,-0.09619402077,-0.09789547426,0.2027147517,-0.07462639487,-0.1489864603,0.1040668719,0.105229851,0.05749021786,-0.2671241124,0.135558564,0.1944393298,-0.04695768806,0.008661638652,0.02274482002,0.008661638652,0.002637795173,0.06985656685,0.1214712136,0.07014342996,0.002051182926
6.51,0.1203968342,-0.09747366144,-0.2351560678,-0.04163017112,0.002637792114,0.999996521,0.0501757711,0.9987404027,0,0,1.366124497,1.647286664,-1.441425599,1.444018684,0.01521744066,0.1134952155,0.1550667949,-1.309780994,1.599961636,1.308095556,1.441881728,-0.09697939769,0.03154726189,-0.4956319138,-0.1405708255,0.0001710812124,-0.09411261719,-0.09839771032,0.1997744607,-0.07148913231,-0.1468376174,0.1035347414,0.1035114833,0.05642852467,-0.2650234251,0.1334595445,0.1925764275,-0.04579563547,0.008658672332,0.02308903458,0.008658672332,0.002637795173,0.07121457322,0.121806026,0.06878542384,0.00204947961
6.52,0.118064102,-0.09788707879,-0.2313795156,-0.04105185333,0.002637792114,0.999996521,0.0501757711,0.9987404027,0,0,1.364718788,1.647288374,-1.442366725,1.443034707,0.01721518527,0.1127803242,0.1535984187,-1.308745647,1.600996751,1.308659841,1.439231493,-0.09564480225,0.03347302616,-0.4960898702,-0.1384914898,0.0001697416012,-0.09267900708,-0.09725428667,0.1967378636,-0.07009239074,-0.144217062,0.1022848453,0.1017240372,0.05566670229,-0.261296822,0.1313808499,0.1896028379,-0.04493068149,0.008655733501,0.02342763253,0.008655733501,0.002637795173,0.07332528741,0.1213673221,0.0674488676,0.002047768798
6.53,0.1157694583,-0.09829466996,-0.2275386431,-0.04046497284,0.002637792114,0.999996521,0.0501757711,0.9987404027,0,0,1.363333873,1.647290072,-1.443293515,1.442062164,0.0191825639,0.1120794003,0.1521562481,-1.307722798,1.602013992,1.309216508,1.436618525,-0.09433099375,0.03536905454,-0.496539177,-0.1363616283,0.0001682173457,-0.09122688013,-0.09599342638,0.1936317139,-0.06875299608,-0.141565375,0.1009799601,0.09990985005,0.05489381149,-0.2574003104,0.1292750796,0.1865081332,-0.04405189338,0.008652839276,0.02376040557,0.008652839276,0.002637795173,0.0754552033,0.1211108279,0.06613413444,0.002046071382
6.54,0.113513538,-0.09869635044,-0.2236351176,-0.03986975158,0.002637792114,0.999996521,0.0501757711,0.9987404027,0,0,1.361970257,1.647291754,-1.444205784,1.44110223,0.02111888104,0.1113918703,0.1507405944,-1.306712999,1.60301309,1.309765447,1.434044522,-0.09303824295,0.03723413587,-0.4969796959,-0.1342079877,0.0001666473068,-0.08974633112,-0.09472252472,0.1904593854,-0.06739103839,-0.1388856157,0.09964988181,0.09807529857,0.05410054808,-0.2534438044,0.1271318933,0.1833700963,-0.0431656092,0.008649990661,0.02408726663,0.008649990661,0.002637795173,0.07755111094,0.1210685767,0.06484158813,0.002044389209
6.55,0.1112969592,-0.09909203795,-0.2196706413,-0.03926641616,0.002637792114,0.999996521,0.0501757711,0.9987404027,0,0,1.360628177,1.64729342,-1.445103247,1.440155005,0.0230234749,0.1107179599,0.1493517382,-1.3057165,1.603993843,1.310306452,1.431510084,-0.09176692402,0.03906783684,-0.497411352,-0.1320313778,0.0001650320187,-0.08823802229,-0.09344196464,0.1872223464,-0.06600716039,-0.1361788939,0.09829512527,0.09622113955,0.05328728302,-0.2494288922,0.1249522317,0.1801900252,-0.04227219323,0.008647188109,0.02440814852,0.008647188109,0.002637795173,0.07961249164,0.1212305989,0.0635715828,0.002042722736
6.56,0.1091203226,-0.09948165249,-0.2156469517,-0.03865519789,0.002637792114,0.999996521,0.0501757711,0.9987404027,0,0,1.359307864,1.647295071,-1.445985628,1.439220585,0.02489569836,0.1100578883,0.1479899493,-1.304733549,1.604956054,1.310839325,1.429015795,-0.0905174017,0.04086973709,-0.4978340739,-0.1298326174,0.0001633720637,-0.08670263578,-0.09215213181,0.1839221133,-0.06460201717,-0.1334463262,0.09691622487,0.0943481358,0.0524544045,-0.2453571984,0.1227370594,0.1769692398,-0.04137200948,0.008644432056,0.0247229866,0.008644432056,0.002637795173,0.08163884119,0.1215868926,0.0623244627,0.002041072415
6.57,0.1069842116,-0.09986511641,-0.2115658214,-0.03803633274,0.002637792114,0.999996521,0.0501757711,0.9987404027,0,0,1.358009537,1.647296704,-1.446852654,1.438299064,0.02673491949,0.1094118682,0.146655486,-1.303764386,1.605899536,1.311363869,1.426562223,-0.08929003111,0.04263942949,-0.498247794,-0.1278598968,0.000161668071,-0.0850483442,-0.09184969633,0.1805820913,-0.06243162521,-0.1306953495,0.09579915443,0.09251139359,0.05151564528,-0.2422588218,0.1203879533,0.1744292322,-0.04051259244,0.00864172292,0.02503171873,0.00864172292,0.002637795173,0.08362967005,0.1221274374,0.06110056204,0.002039438695
6.58,0.1048891916,-0.1002423545,-0.2074290582,-0.03741006138,0.002637792114,0.999996521,0.0501757711,0.9987404027,0,0,1.356730938,1.647298321,-1.447703137,1.437380567,0.02854074041,0.1087875519,0.1453485325,-1.302806395,1.60682465,1.311879025,1.424139635,-0.08808615157,0.04438372181,-0.4986529199,-0.1271875874,-0.0004062456024,-0.08098931325,-0.09154948012,0.1765686218,-0.05855865039,-0.1285375506,0.09541783862,0.09052852639,0.05002905093,-0.2388016272,0.1183859911,0.1715094853,-0.03838523955,0.00863905592,0.02533445358,0.00863905592,0.002637795173,0.08509979477,0.1223622048,0.05990020477,0.002037822014
6.59,0.1028358097,-0.1006132938,-0.2032385049,-0.03677662916,0.002637792114,0.999996521,0.0501757711,0.9987404027,0,0,1.355459063,1.647294259,-1.448513031,1.436465072,0.03030642662,0.1082019654,0.144063157,-1.301852216,1.607729935,1.312379316,1.421751619,-0.08690229166,0.04609881666,-0.4990367723,-0.1249892788,-0.0002200789077,-0.0795055486,-0.09023889027,0.1732786196,-0.05696451016,-0.1260350868,0.09402383356,0.08859486083,0.04910402506,-0.2345588264,0.1160986029,0.1681592419,-0.03737964434,0.008636362309,0.02563070329,0.008636362309,0.002637795173,0.0858689757,0.1223622048,0.05872370437,0.00204188447
6.6,0.1008245945,-0.100977864,-0.1989960398,-0.03613628611,0.002637792114,0.999996521,0.0501757711,0.9987404027,0,0,1.35420917,1.647292058,-1.449308086,1.435562683,0.03203921282,0.1076323203,0.1428028061,-1.300911978,1.608615884,1.312870356,1.41940603,-0.08574130564,0.04778040908,-0.4994105688,-0.1226429123,1.352321846e-05,-0.07821163459,-0.08887704922,0.1699828171,-0.05553558382,-0.123451192,0.09252743778,0.08665474425,0.04821250815,-0.2302498509,0.1137496966,0.1647739316,-0.03648046735,0.008633729271,0.02592064624,0.008633729271,0.002637795173,0.08674921955,0.1223622048,0.05757136369,0.002044085259
6.61,0.0988560556,-0.1013359973,-0.1947035762,-0.03548928692,0.002637792114,0.999996521,0.0501757711,0.9987404027,0,0,1.352982741,1.647292193,-1.450090202,1.434673912,0.03373904099,0.1070769645,0.1415682942,-1.299986704,1.609482431,1.313352481,1.417103532,-0.08460380867,0.0494281484,-0.4997753735,-0.1202799055,0.0002337086784,-0.07687767917,-0.08750760544,0.1666184286,-0.05409027214,-0.1208314816,0.0910094857,0.08469972557,0.04730372439,-0.2258921854,0.1113702168,0.1613544175,-0.03557679539,0.008631163331,0.02620426229,0.008631163331,0.002637795173,0.08777439118,0.1223622048,0.05644347467,0.002043950027
6.62,0.09693068319,-0.1016876284,-0.1903630624,-0.034835891,0.002637792114,0.999996521,0.0501757711,0.9987404027,0,0,1.351779942,1.64729453,-1.450858979,1.433798836,0.03540522528,0.1065360617,0.1403599794,-1.299076609,1.610329428,1.313825518,1.41484461,-0.0834901065,0.05104169257,-0.5001311414,-0.1179011407,0.0004405573361,-0.0755045655,-0.08613097677,0.1631873399,-0.05262927123,-0.1181772167,0.08947064171,0.08273060479,0.04637815752,-0.2214876873,0.1089612763,0.1579021612,-0.03466897876,0.008628663801,0.02648150242,0.008628663801,0.002637795173,0.08893458679,0.1223622048,0.05534031824,0.00204161294
6.63,0.09504894791,-0.1020326947,-0.185976482,-0.03417636241,0.002637792114,0.999996521,0.0501757711,0.9987404027,0,0,1.35060093,1.647298936,-1.451614025,1.432937527,0.03703709867,0.106009769,0.1391782072,-1.298181902,1.611156734,1.3142893,1.412629733,-0.08240049374,0.05262071418,-0.5004778312,-0.1155075078,0.0006341679252,-0.07409322004,-0.08474758424,0.1596915035,-0.05115328814,-0.1154896878,0.08791158966,0.08074818849,0.04543630785,-0.2170382512,0.1065240122,0.1544186471,-0.03375736756,0.008626229983,0.02675232029,0.008626229983,0.002637795173,0.0902199707,0.1223622048,0.05426216404,0.002037207367
6.64,0.09321130038,-0.1023711361,-0.181545854,-0.03351096991,0.002637792114,0.999996521,0.0501757711,0.9987404027,0,0,1.349445855,1.647305277,-1.452354957,1.432090051,0.03863401371,0.1054982361,0.1380233104,-1.297302787,1.611964216,1.314743663,1.410459351,-0.08133525362,0.05416490066,-0.5008154049,-0.1133667123,0.0003838191895,-0.07201913748,-0.08420476428,0.1557026414,-0.04905845665,-0.1122660955,0.08658678987,0.07879922189,0.04440880344,-0.2134342797,0.1039797547,0.1515218647,-0.0328760222,0.00862386117,0.02701667222,0.00862386117,0.002637795173,0.09162078905,0.1223622048,0.05320927023,0.002030865688
6.65,0.09141817082,-0.1027028954,-0.1770732322,-0.03283998693,0.002637792114,0.999996521,0.0501757711,0.9987404027,0,0,1.348312188,1.647309116,-1.453075148,1.431248003,0.04019104012,0.1050076516,0.1369006494,-1.296436919,1.612752209,1.315187751,1.408325008,-0.08029545607,0.0556801193,-0.5011441651,-0.1111227787,0.0001449918629,-0.06997069986,-0.08331637387,0.1516724253,-0.04719987048,-0.1090390783,0.0851429491,0.07681980456,0.04339413945,-0.2094373534,0.1014419768,0.1483529271,-0.03197620877,0.00862151953,0.02727465966,0.00862151953,0.002637795173,0.09281811907,0.1223622048,0.05218188332,0.002027027496
6.66,0.08966996875,-0.1030279181,-0.1725607057,-0.03216369159,0.002637792114,0.999996521,0.0501757711,0.9987404027,0,0,1.34720096,1.647310566,-1.453774855,1.430414839,0.04170776438,0.1045356529,0.1358102586,-1.295585489,1.613520407,1.315621693,1.406230634,-0.0792810363,0.05716364857,-0.5014639272,-0.1086998168,0.0001429598823,-0.06825378171,-0.08188397816,0.1478321751,-0.04571412429,-0.1060746815,0.08351995963,0.07480028561,0.04240923906,-0.2048371659,0.09893026507,0.1447658632,-0.03105191141,0.008619208031,0.02752618584,0.008619208031,0.002637795173,0.0938197648,0.1223622048,0.05118023796,0.002025577577
6.67,0.08796708264,-0.1033461525,-0.1680103989,-0.03148236669,0.002637792114,0.999996521,0.0501757711,0.9987404027,0,0,1.346113962,1.647311995,-1.454457393,1.429596,0.04318608613,0.1040785116,0.1347495118,-1.29475029,1.614268409,1.316045785,1.404182263,-0.07829173365,0.05861130721,-0.5017744463,-0.1110577952,-0.03551747356,-0.01942640593,-0.08070579752,0.1059879395,-0.04548891275,-0.06236443307,0.08232648274,0.0727175229,0.04113152079,-0.2002834605,0.09657552233,0.141144026,-0.02949747106,0.008616947706,0.02777112443,0.008616947706,0.002637795173,0.09479544642,0.1223622048,0.05020455671,0.002024147978
6.68,0.08630987952,-0.1036575497,-0.1634244712,-0.0307962997,0.002637792114,0.999996521,0.0501757711,0.9987404027,0,0,1.345003384,1.64695682,-1.454651657,1.428788942,0.04424596552,0.1036236225,0.1341258675,-1.293927025,1.614995585,1.3164571,1.402179428,-0.07732597843,0.06002274747,-0.502069421,-0.1118440532,-0.05959232261,0.01429057866,-0.07944244816,0.07630465718,-0.04481728725,-0.03187653626,0.08097526299,0.0706426698,0.03992847514,-0.1956690846,0.09414269595,0.1375022575,-0.02813941455,0.008612033116,0.02800926221,0.008612033116,0.003185898089,0.09574495341,0.121814102,0.04925504987,0.002379322714
6.69,0.08469870464,-0.1039620637,-0.1588051172,-0.0301057828,0.002637792114,0.999996521,0.0501757711,0.9987404027,0,0,1.343884943,1.646360897,-1.454508752,1.427994517,0.04500901209,0.1031754496,0.1338071021,-1.293117272,1.615702011,1.316856385,1.400222737,-0.07638455147,0.06139777004,-0.5023508152,-0.1090988873,-0.05748129651,0.01347272692,-0.07798524434,0.07443505873,-0.0431957465,-0.03129055313,0.07928077096,0.06859861292,0.03891671837,-0.1909603389,0.09155677808,0.1338454141,-0.02723988205,0.008605360667,0.02824062686,0.008605360667,0.004109032876,0.09666808803,0.1208909674,0.04833191525,0.00297524594
6.7,0.08313388116,-0.1042596515,-0.1541545667,-0.02941111282,0.002637792114,0.999996521,0.0501757711,0.9987404027,0,0,1.342793955,1.645786084,-1.454374024,1.427214665,0.04575336268,0.1027434922,0.1334941966,-1.292324464,1.616387997,1.317245552,1.398313134,-0.07546898369,0.06273622418,-0.502623214,-0.1063468498,-0.05539010875,0.01267983556,-0.07652415386,0.0725200448,-0.04156655153,-0.03067273353,0.07757113953,0.0665471326,0.03789269336,-0.1862204953,0.0889509529,0.1301680256,-0.02633935974,0.008598920066,0.02846532367,0.008598920066,0.005005610281,0.09756466527,0.1199943902,0.04743533801,0.003550058905
6.71,0.08161570975,-0.1045502731,-0.1494750846,-0.0287125913,0.002637792114,0.999996521,0.0501757711,0.9987404027,0,0,1.341730486,1.645232183,-1.454247226,1.426449423,0.04647856313,0.1023278266,0.1331874693,-1.291548753,1.617053469,1.317624479,1.396450929,-0.07457947416,0.06403790444,-0.5028866076,-0.1035889578,-0.05331902608,0.01191161651,-0.07505964362,0.07056131253,-0.03993047572,-0.0300240122,0.07584721848,0.06448909309,0.03685702032,-0.18145176,0.08632655433,0.1264717736,-0.02543818339,0.008592707821,0.02868332834,0.008592707821,0.005875458035,0.09843451286,0.1191245426,0.04656549042,0.004103959992
6.72,0.08014446825,-0.1048338915,-0.1447689712,-0.02801052442,0.002637792114,0.999996521,0.0501757711,0.9987404027,0,0,1.340694597,1.644698993,-1.45412811,1.425698827,0.04718417626,0.1019285219,0.1328872291,-1.290790281,1.61769836,1.317993049,1.394636411,-0.07371620862,0.06530262217,-0.5031409894,-0.1009497705,-0.05127084682,0.01120103483,-0.07405975781,0.06857623233,-0.03794556444,-0.02933650144,0.07425577075,0.06245118971,0.03577240648,-0.1771557157,0.08364334188,0.1231017062,-0.02455213859,0.008586720505,0.02889461943,0.008586720505,0.006718416943,0.09927747161,0.1182815838,0.04572253167,0.004637150253
6.73,0.07872041132,-0.1051104728,-0.1400385616,-0.0273052231,0.002637792114,0.999996521,0.0501757711,0.9987404027,0,0,1.339685099,1.644186284,-1.454016099,1.424958229,0.04786993858,0.1015490662,0.1325938641,-1.290047723,1.618322872,1.318350773,1.392864854,-0.0728797752,0.06653363924,-0.5033865108,-0.09836095287,-0.04924635469,0.010526516,-0.0732613889,0.06656014712,-0.03580605018,-0.02861287509,0.07271649965,0.0604195473,0.03466075488,-0.1730559734,0.08092641737,0.1198680045,-0.02367183382,0.008580951996,0.02909925844,0.008580951996,0.007534341093,0.1003143412,0.1175738467,0.04490660767,0.005149858721
6.74,0.0773437701,-0.1053799862,-0.1352862263,-0.02659700289,0.002637792114,0.999996521,0.0501757711,0.9987404027,0,0,1.338701489,1.643693821,-1.453910834,1.424225615,0.04853554005,0.1011910057,0.1323077354,-1.289320558,1.618927067,1.318697381,1.391134294,-0.07207051102,0.06773231928,-0.5036232291,-0.0955835533,-0.0472394168,0.009824733498,-0.07175735324,0.06448301668,-0.0341779038,-0.02787364502,0.07094637469,0.05834506222,0.03359644226,-0.1681836081,0.07825775246,0.1161045598,-0.02276830845,0.008575397648,0.02929726386,0.008575397648,0.008323098052,0.1016421247,0.11710897,0.04411785086,0.005642322268
6.75,0.07601475186,-0.1056424042,-0.1305143711,-0.02588618405,0.002637792114,0.999996521,0.0501757711,0.9987404027,0,0,1.337745654,1.643221427,-1.453812587,1.423508042,0.04918037022,0.1008492267,0.1320289989,-1.288611094,1.619510518,1.319033345,1.389452458,-0.0712879335,0.06889336488,-0.5038509122,-0.09280443625,-0.04525315185,0.009146483701,-0.07025190478,0.06236920951,-0.03254595879,-0.02710805555,0.06916543433,0.05626758976,0.03252311676,-0.1632912874,0.07557604143,0.1123290341,-0.0218656136,0.008570058319,0.02948850218,0.008570058319,0.00908456907,0.1029284314,0.1167437183,0.04335637998,0.006114716436
6.76,0.07473353962,-0.1058977023,-0.1257254365,-0.02517309151,0.002637792114,0.999996521,0.0501757711,0.9987404027,0,0,1.336817609,1.642768895,-1.453721122,1.422805523,0.04980406231,0.1005237671,0.1317579184,-1.28791944,1.620073194,1.319358576,1.387819545,-0.07053217308,0.07001665522,-0.5040695684,-0.09002466263,-0.04328771795,0.008491325291,-0.06874554171,0.06022069605,-0.03091102787,-0.02631721572,0.06737462306,0.05418803746,0.03144146911,-0.158381418,0.07288273475,0.1085432422,-0.02096408774,0.008564930847,0.02967296365,0.008564930847,0.009818649282,0.1041731076,0.1164706047,0.04262229991,0.006567247955
6.77,0.07350029181,-0.1061458595,-0.1209218987,-0.02445805489,0.002637792114,0.999996521,0.0501757711,0.9987404027,0,0,1.335917363,1.642336018,-1.453636209,1.422118067,0.05040626927,0.1002146568,0.1314947462,-1.287245694,1.620615074,1.319672991,1.386235731,-0.06980334574,0.07110208764,-0.5042792092,-0.08724530277,-0.04134325515,0.007858791792,-0.06723876721,0.05803949543,-0.02927393328,-0.0255022673,0.0655749024,0.05210732233,0.03035220354,-0.1534564433,0.0701793057,0.1047490233,-0.02006407106,0.008560012132,0.02985064154,0.008560012132,0.01052524791,0.1053760205,0.1162823345,0.04191570142,0.007000125134
6.78,0.07231514195,-0.1063868581,-0.1161062687,-0.02374140848,0.002637792114,0.999996521,0.0501757711,0.9987404027,0,0,1.33504491,1.641922585,-1.453557621,1.42144568,0.05098666423,0.0999219175,0.1312397235,-1.286589945,1.621136147,1.319976513,1.384701167,-0.06910155268,0.07214957788,-0.5044798499,-0.08446743693,-0.03941988712,0.007248393153,-0.06573208962,0.05582767373,-0.02763550695,-0.02466438336,0.0637672506,0.05002637116,0.02925603745,-0.1485188426,0.06746725027,0.1009482417,-0.01916590576,0.008555299127,0.03002153208,0.008555299127,0.01120428845,0.1065370578,0.116171813,0.041236661,0.007413557686
6.79,0.07117819826,-0.1066206835,-0.1112810929,-0.02302349127,0.002637792114,0.999996521,0.0501757711,0.9987404027,0,0,1.334200235,1.641528387,-1.453485137,1.420788359,0.05154494096,0.09964556244,0.1309930797,-1.285952272,1.621636411,1.320269074,1.383215978,-0.06842688018,0.07315906029,-0.504671509,-0.08169215573,-0.03751772291,0.006659617368,-0.06422602264,0.05358734223,-0.02599659073,-0.02380476682,0.06195266237,0.04794612081,0.02815370112,-0.1435711312,0.0647480869,0.09714278621,-0.01826993626,0.008550788847,0.03018563456,0.008550788847,0.01185570891,0.1076561289,0.1161321541,0.04058524066,0.007807756557
6.8,0.07008954332,-0.1068473248,-0.1064489526,-0.02230464691,0.002637792114,0.999996521,0.0501757711,0.9987404027,0,0,1.333383314,1.641153209,-1.453418541,1.420146098,0.05208081439,0.09938559653,0.130755032,-1.285332746,1.622115872,1.320550611,1.381780267,-0.06777939931,0.07413048815,-0.5048542084,-0.07955779701,-0.03723093984,0.008431721604,-0.06293951949,0.04946951604,-0.0244365282,-0.02170275326,0.06048479706,0.04582411842,0.0268312954,-0.1386786369,0.0621772945,0.09332208289,-0.01687484097,0.00854647836,0.03034295132,0.00854647836,0.01247946196,0.1087331644,0.1161566875,0.03996148772,0.008182933786
6.81,0.06904923371,-0.1070667745,-0.1016124646,-0.02158522375,0.002637792114,0.999996521,0.0501757711,0.9987404027,0,0,1.332587736,1.6407809,-1.453334224,1.419516703,0.05257550955,0.09914123125,0.1305380045,-1.284727898,1.622574113,1.320818923,1.380393481,-0.06715762636,0.07506370898,-0.5050229568,-0.07699571346,-0.03597349833,0.008753731656,-0.06150223255,0.0464865465,-0.0228279531,-0.02029132487,0.05876471642,0.04373527334,0.0256550137,-0.1337375334,0.05949511209,0.08950972122,-0.01583455786,0.00854224099,0.03049334146,0.00854224099,0.0130755152,0.1097681169,0.1160580317,0.03936543428,0.008555243185
6.82,0.06805729968,-0.1072790285,-0.09677428061,-0.02086557481,0.002637792114,0.999996521,0.0501757711,0.9987404027,0,0,1.331817779,1.640421165,-1.453246686,1.418901681,0.05304037501,0.09891295172,0.1303350912,-1.28414025,1.623011466,1.321075474,1.379056105,-0.06656267524,0.0759588062,-0.5051813023,-0.07420937797,-0.03416375325,0.008253214182,-0.05998813643,0.04414810122,-0.02119320282,-0.0193005957,0.05691321882,0.0416657045,0.02455247285,-0.128771381,0.05675484055,0.08570302927,-0.01497898588,0.00853815249,0.03063691653,0.00853815249,0.01364385127,0.1107609611,0.1159142034,0.03879709788,0.008914978168
6.83,0.06711374479,-0.1074840864,-0.0919370876,-0.0201460578,0.002637792114,0.999996521,0.0501757711,0.9987404027,0,0,1.331075685,1.640079527,-1.453164154,1.4183018,0.05348185602,0.09870101969,0.1301420853,-1.283571118,1.623428123,1.321320998,1.377768392,-0.06599512684,0.07681583649,-0.5053310922,-0.07164088386,-0.03236640811,0.007796535137,-0.05925970443,0.0418411578,-0.01899392101,-0.01828712713,0.05531348621,0.03964525567,0.02338690585,-0.1246538804,0.05394841164,0.08247836051,-0.01414683401,0.008534254738,0.03077374119,0.008534254738,0.01418446815,0.1117116938,0.1157837021,0.0382564807,0.0092566157
6.84,0.06621854556,-0.1076819513,-0.08710360771,-0.0194270351,0.002637792114,0.999996521,0.0501757711,0.9987404027,0,0,1.330359276,1.639755863,-1.453086189,1.417709203,0.0539002676,0.09851108048,0.129959214,-1.283017983,1.623824576,1.321554867,1.376521853,-0.06545564272,0.07764062009,-0.5054725605,-0.06887591168,-0.03056707255,0.007291548271,-0.05778792868,0.03950413454,-0.01733803037,-0.01730119807,0.05346985157,0.03758763812,0.02227595477,-0.1197324043,0.0512051361,0.07870812418,-0.01329905135,0.008530541217,0.03090396905,0.008530541217,0.01469737931,0.1122564322,0.1153026182,0.03774356926,0.009580279781
6.85,0.06537165108,-0.10787263,-0.08227659823,-0.01870887378,0.002637792114,0.999996521,0.0501757711,0.9987404027,0,0,1.329670517,1.639450193,-1.453013273,1.417131323,0.05429530895,0.09833770017,0.129786202,-1.282483285,1.624200452,1.321777627,1.375324529,-0.06494359136,0.07842770133,-0.5056055511,-0.06610003629,-0.02877336037,0.006779877129,-0.05625155466,0.03716621788,-0.01573575359,-0.01632159879,0.05160333217,0.03553268457,0.02116865215,-0.1147423825,0.04846994202,0.07489437337,-0.01245388518,0.008527015054,0.03102748525,0.008527015054,0.01518261388,0.1127416669,0.1148173837,0.03725833441,0.009885950507
6.86,0.06457298272,-0.1080561329,-0.07745885162,-0.01799194559,0.002637792114,0.999996521,0.0501757711,0.9987404027,0,0,1.329009517,1.639162459,-1.452945474,1.416568808,0.05466697113,0.09818034264,0.129622986,-1.281967252,1.624555779,1.321989313,1.374177105,-0.06445889194,0.07917664507,-0.5057300899,-0.06333316853,-0.02698682761,0.006266161792,-0.0547196932,0.0348317054,-0.01413843539,-0.0153465336,0.04973730541,0.03348532032,0.02006056517,-0.1097607713,0.04573878918,0.07108980367,-0.01161344594,0.008523675065,0.03114429912,0.008523675065,0.01564021693,0.11319927,0.1143597807,0.0368007311,0.01017368411
6.87,0.06382243375,-0.1082324743,-0.07265319554,-0.01727662698,0.002637792114,0.999996521,0.0501757711,0.9987404027,0,0,1.328376185,1.638892591,-1.452882813,1.416021611,0.05501528818,0.09803895828,0.1294695207,-1.281469879,1.624890632,1.322189919,1.373079497,-0.06400150405,0.07988754311,-0.5058462244,-0.06057661549,-0.02520835836,0.005750898378,-0.05319293012,0.03250208972,-0.01254703128,-0.01437644547,0.04787290578,0.0314465728,0.01895250686,-0.1047903956,0.04301337884,0.06729652503,-0.01077808323,0.008520519606,0.03125443546,0.008520519606,0.01607024963,0.1136293028,0.1139297481,0.03637069817,0.01044355239
6.88,0.06311986897,-0.1084016721,-0.06786249276,-0.01656329904,0.002637792114,0.999996521,0.0501757711,0.9987404027,0,0,1.327770419,1.638640507,-1.452825304,1.415489681,0.05534030908,0.09791348797,0.1293257563,-1.280991149,1.625205098,1.322379444,1.372031593,-0.06357137026,0.08056050836,-0.5059540052,-0.05783170084,-0.02343884809,0.005234588692,-0.05167185876,0.03017888169,-0.01096250877,-0.0134117832,0.04601128135,0.02941748254,0.01784529983,-0.09983411497,0.04029543301,0.06351667364,-0.009948151356,0.008517547013,0.03135792242,0.008517547013,0.01647278941,0.1140318426,0.1135272084,0.03596815816,0.01069563597
6.89,0.06246512439,-0.1085637482,-0.06308964127,-0.01585234758,0.002637792114,0.999996521,0.0501757711,0.9987404027,0,0,1.327192102,1.638406119,-1.452772958,1.414972963,0.05564209789,0.09780386288,0.1291916384,-1.280531037,1.625499273,1.322557897,1.371033252,-0.06316841593,0.08119567509,-0.5060534867,-0.05509976533,-0.02167920402,0.004717739829,-0.0501570802,0.02786361012,-0.00938584743,-0.01245300168,0.04415359341,0.02739910362,0.01673977593,-0.09489482351,0.03758669425,0.059752412,-0.009124009683,0.008514755595,0.03145479153,0.008514755595,0.01684793025,0.1144069836,0.1131520676,0.03559301711,0.01093002445
6.9,0.06185800686,-0.1087187283,-0.05833757419,-0.01514416307,0.002637792114,0.999996521,0.0501757711,0.9987404027,0,0,1.326641104,1.638189327,-1.452725781,1.414471392,0.055920734,0.09771000441,0.1290671084,-1.280089501,1.625773264,1.322725295,1.370084304,-0.06279254899,0.08179319921,-0.5061447268,-0.05238216714,-0.0199303455,0.00420086378,-0.04864920349,0.02555782158,-0.007818039103,-0.01150056218,0.04230101609,0.02539250394,0.01563677586,-0.08997544943,0.03488892537,0.05600592912,-0.008306022979,0.008512143632,0.03154507775,0.008512143632,0.01719578281,0.1147548362,0.1128042151,0.03524516436,0.01114681649
6.91,0.06129829373,-0.108866642,-0.05360925982,-0.01443914067,0.002637792114,0.999996521,0.0501757711,0.9987404027,0,0,1.326117282,1.637990023,-1.452683772,1.4139849,0.05617631221,0.09763182402,0.1289521028,-1.279666491,1.626027189,1.322881663,1.369184549,-0.06244365973,0.0823532585,-0.506227787,-0.04968028234,-0.01819320448,0.00368447703,-0.04714884588,0.02326308017,-0.006260088011,-0.01055493264,0.04045473594,0.02339876572,0.01453714873,-0.08507895499,0.03220390927,0.05227944063,-0.007494561764,0.008509709378,0.03162881951,0.008509709378,0.01751647467,0.1150755281,0.1124835233,0.03492447232,0.01134611995
6.92,0.06078573248,-0.1090075229,-0.04890770164,-0.01373768023,0.002637792114,0.999996521,0.0501757711,0.9987404027,0,0,1.32562048,1.637808091,-1.452646927,1.413513412,0.05640894301,0.09756922314,0.1288465535,-1.279261943,1.626261176,1.323027034,1.36833376,-0.06212162064,0.08287605291,-0.5063027327,-0.04699550529,-0.01646872579,0.003169100159,-0.04565663309,0.02098096729,-0.004713010903,-0.009616587994,0.03861595159,0.0214189858,0.01344175173,-0.08020833622,0.02953344862,0.04857518886,-0.006690002662,0.008507451056,0.03170605878,0.008507451056,0.0178101505,0.115369204,0.1121898476,0.03463079633,0.01152805199
6.93,0.06032004039,-0.1091414088,-0.04423593827,-0.01304018626,0.002637792114,0.999996521,0.0501757711,0.9987404027,0,0,1.325150525,1.637643404,-1.452615236,1.413056845,0.05661875269,0.09752209303,0.1287503876,-1.278875784,1.626475366,1.323161452,1.367531676,-0.06182628615,0.0833618048,-0.5063696327,-0.04432924908,-0.01475786766,0.002655257434,-0.04417319951,0.01871308142,-0.0031778372,-0.008686010434,0.03678587334,0.01945427606,0.01235144966,-0.07536662268,0.02687936566,0.04489544304,-0.005892728754,0.008505366857,0.03177684105,0.008505366857,0.0180769723,0.1156360258,0.1119230258,0.03436397438,0.01169273925
6.94,0.05990090416,-0.1092683412,-0.03959704354,-0.01234706797,0.002637792114,0.999996521,0.0501757711,0.9987404027,0,0,1.324707232,1.637495825,-1.452588684,1.412615113,0.0568058835,0.09749031466,0.1286635275,-1.278507925,1.626669909,1.323284966,1.36677801,-0.0615574925,0.08381075923,-0.50642856,-0.04168294594,-0.01306160203,0.002143476408,-0.04269918848,0.01646103789,-0.001655609135,-0.007763689728,0.03496572274,0.0175057638,0.01126711462,-0.07055687727,0.02424350197,0.0412424994,-0.005103129935,0.008503454938,0.03184121546,0.008503454938,0.01831711956,0.1158761731,0.1116828786,0.03412382699,0.01184031793
6.95,0.0595279796,-0.1093883661,-0.03499412639,-0.01165873925,0.002637792114,0.999996521,0.0501757711,0.9987404027,0,0,1.324290403,1.637365209,-1.452567249,1.412188121,0.05697049388,0.09747375857,0.1285858906,-1.278158268,1.626844967,1.323397637,1.366072441,-0.06131505748,0.08422318422,-0.5064795913,-0.03905804769,-0.011380915,0.001634287506,-0.0412352525,0.01422646863,-0.0001473818944,-0.006850123513,0.03315673226,0.01557459214,0.01018962552,-0.06578219599,0.02162771819,0.03761868131,-0.004321603269,0.00850171342,0.03189923481,0.00850171342,0.0185307895,0.1160898431,0.1114692087,0.03391015693,0.01197093395
6.96,0.05920089123,-0.1095015334,-0.03043033098,-0.01097561866,0.002637792114,0.999996521,0.0501757711,0.9987404027,0,0,1.323899822,1.6372514,-1.452550906,1.411775769,0.05711275856,0.09747228475,0.1285173893,-1.2778267,1.627000713,1.323499534,1.365414619,-0.06109878029,0.08459937104,-0.5065228073,-0.03645602614,-0.009716807218,0.001128223629,-0.03978205347,0.01201102198,0.001345776234,-0.005945817593,0.03136014484,0.0136619204,0.009119867755,-0.06104570768,0.01903389379,0.03402633938,-0.003548553341,0.008500140385,0.03195095558,0.008500140385,0.01871819724,0.1162772509,0.111281801,0.03372274908,0.0120847431
6.97,0.05891923198,-0.1096078973,-0.0259088366,-0.01029812945,0.002637792114,0.999996521,0.0501757711,0.9987404027,0,0,1.323535262,1.637154232,-1.452539624,1.411377948,0.05723286878,0.09748574251,0.1284579312,-1.277513099,1.627137332,1.323590732,1.364804162,-0.06090844136,0.08493963443,-0.5065582928,-0.03387837353,-0.008070294283,0.0006258197391,-0.03834026297,0.009816362439,0.002822783722,-0.005051286241,0.02957721353,0.01176892449,0.008058732755,-0.05635057384,0.01646392685,0.03046785164,-0.002784392614,0.008498733875,0.03199643806,0.008498733875,0.01887957603,0.1164386297,0.1111204222,0.0335613702,0.01218191117
6.98,0.05868256278,-0.1097075162,-0.02143285773,-0.009626699557,0.002637792114,0.999996521,0.0501757711,0.9987404027,0,0,1.323196478,1.637073529,-1.452533366,1.410994546,0.05733103241,0.09751397035,0.1284074183,-1.277217327,1.627255021,1.32367132,1.364240657,-0.06074380209,0.08524431295,-0.5065861368,-0.03132660298,-0.00644240714,0.0001276124623,-0.03691056243,0.007644170444,0.004282545659,-0.00416705249,0.0278092011,0.009896797282,0.007007117621,-0.05169998838,0.01391973376,0.02694562364,-0.002029541783,0.008497491887,0.03203574634,0.008497491887,0.01901517743,0.1165742311,0.1109848209,0.03342576872,0.01226261411
6.99,0.05849041228,-0.1098004529,-0.01700564401,-0.00896176159,0.002637792114,0.999996521,0.0501757711,0.9987404027,0,0,1.322883212,1.637009105,-1.452532089,1.41062544,0.05740747411,0.0975567958,0.1283657478,-1.276939235,1.627353989,1.323741391,1.363723657,-0.06060460475,0.08551376918,-0.5066064322,-0.02880224884,-0.00483419248,-0.000365860314,-0.03549364345,0.005496142139,0.00572395361,-0.003293648433,0.02605737964,0.008046749022,0.005965924719,-0.04709717739,0.01140324906,0.0234620886,-0.001284430121,0.008496412371,0.03206894838,0.008496412371,0.01912527151,0.1166843252,0.1108747268,0.03331567458,0.01232703818
7,0.05834227641,-0.1098867745,-0.01263048024,-0.008303752844,0.002637792114,0.999996521,0.0501757711,0.9987404027,0,0,1.32259519,1.636960763,-1.452535748,1.410270504,0.05746243553,0.09761403534,0.1283328113,-1.276678661,1.627434456,1.32380105,1.363252685,-0.06049057226,0.08574839007,-0.5066192765,-0.02630686719,-0.003246713132,-0.0008540598371,-0.03409020797,0.003373989156,0.007145885479,-0.002431615509,0.0243230302,0.006220007681,0.004936061292,-0.04254539894,0.008916425135,0.0200197075,-0.0005494958313,0.008495493227,0.03209611608,0.008495493227,0.01921014707,0.1167692008,0.1107898512,0.03323079897,0.01237538011
7.01,0.05823761811,-0.1099665525,-0.008310686398,-0.007653115294,0.002637792114,0.999996521,0.0501757711,0.9987404027,0,0,1.322332121,1.636928296,-1.452544289,1.409929602,0.05749617543,0.09768549419,0.1283084951,-1.276435431,1.627496657,1.323850411,1.362827231,-0.06040140801,0.08594858714,-0.5066247714,-0.02389057012,-0.001682315558,-0.001326372589,-0.03287558937,0.001286617978,0.008672567597,-0.001575239895,0.02266636761,0.004427830237,0.00390583039,-0.03823973473,0.006447530408,0.01675061651,0.0001712655938,0.008494732305,0.03211732533,0.008494732305,0.01927011184,0.1168291656,0.1107298865,0.03317083417,0.01240784724
7.02,0.05817586693,-0.1100398629,-0.004049617628,-0.007010295599,0.002637792114,0.999996521,0.0501757711,0.9987404027,0,0,1.322093215,1.636911473,-1.452557552,1.409600846,0.05750904161,0.09777221987,0.1282927427,-1.276208767,1.627540935,1.323889469,1.362444834,-0.0603369327,0.08611609331,-0.5066230588,-0.02149083462,-0.0001404191182,-0.001795569077,-0.03161980155,-0.0007737130909,0.01013722166,-0.0007333552424,0.02101084304,0.002658254063,0.002892806605,-0.03393012217,0.00401665621,0.01348605057,0.0008820891409,0.008494126309,0.0321326874,0.008494126309,0.01930549264,0.1169442722,0.1106945057,0.03313545335,0.01242467039
7.03,0.05815641871,-0.110106786,0.000149335764,-0.006375745097,0.002637792114,0.999996521,0.0501757711,0.9987404027,0,0,1.321878307,1.636910069,-1.452575508,1.409284648,0.05750130448,0.09787359209,0.1282854092,-1.275998659,1.627567517,1.323918397,1.362105532,-0.06029676614,0.08625095381,-0.5066142379,-0.01908426175,0.001378504193,-0.002266306253,-0.03023354188,-0.002808957726,0.01147404348,9.021775657e-05,0.01932735617,0.0009074040913,0.001904410254,-0.02952097272,0.001632866402,0.01016167197,0.001584318567,0.008493673318,0.03214227627,0.008493673318,0.01931663564,0.1170892615,0.1106833627,0.03312431034,0.01242607459
7.04,0.05817863518,-0.1101674069,0.004282748303,-0.00574991981,0.002637792114,0.999996521,0.0501757711,0.9987404027,0,0,1.321687464,1.636923854,-1.452598171,1.408982312,0.0574732149,0.09798833252,0.1282863114,-1.275805385,1.627576591,1.323937441,1.361810323,-0.06028043748,0.08635257053,-0.5065983947,-0.01671322735,0.002872259415,-0.002729591634,-0.02886409508,-0.004811319837,0.01278705687,0.0009001541307,0.01766666836,-0.0008150159685,0.0009309832774,-0.02517661701,-0.0007133158267,0.006888850718,0.002274498462,0.008493371911,0.03214615396,0.008493371911,0.01930390655,0.1171977741,0.1106960918,0.03313703944,0.01241228954
7.05,0.05824184367,-0.110221815,0.008347159346,-0.00513328044,0.002637792114,0.999996521,0.0501757711,0.9987404027,0,0,1.321520332,1.636952576,-1.452625467,1.408693671,0.0574251017,0.09811620309,0.1282953129,-1.275628718,1.627568441,1.323946751,1.361558557,-0.06028757064,0.08642145904,-0.5065756497,-0.01437940582,0.004339699485,-0.003184886728,-0.02751223354,-0.006779011316,0.01407508065,0.001695865682,0.01603010944,-0.002507683712,-2.654934979e-05,-0.02090049609,-0.003019852325,0.003670206576,0.002952144207,0.008493219683,0.032144413,0.008493219683,0.01926769077,0.1172703747,0.1107323076,0.03317325524,0.01238356695
7.06,0.05834533672,-0.1102701046,0.01233907308,-0.004526292372,0.002637792114,0.999996521,0.0501757711,0.9987404027,0,0,1.321376538,1.636995973,-1.452657316,1.408418549,0.05735731159,0.0982569539,0.1283122716,-1.275468417,1.627543364,1.323946485,1.361349552,-0.06031776916,0.08645816111,-0.5065461283,-0.01208449569,0.005779658879,-0.00363165441,-0.02617874181,-0.008710229889,0.0153369195,0.002476753064,0.01441901595,-0.004169256795,-0.0009672600152,-0.0166960818,-0.005284688498,0.0005083878548,0.003616760125,0.008493214161,0.03213715021,0.008493214161,0.01920839365,0.1173076568,0.1107916047,0.0332325524,0.01234016995
7.07,0.05848837171,-0.1103123746,0.01625495854,-0.003929425672,0.002637792114,0.999996521,0.0501757711,0.9987404027,0,0,1.321255693,1.63705377,-1.452693632,1.408156761,0.05727020929,0.09841032309,0.1283370391,-1.275324227,1.627501672,1.323936813,1.361182591,-0.06037061605,0.08646324498,-0.5065099607,-0.009830220101,0.007190953264,-0.004069359273,-0.02486441677,-0.01060315931,0.0165713638,0.00324220552,0.01283473084,-0.005798372606,-0.001890218809,-0.01256687651,-0.00750575352,-0.002593928494,0.004267839171,0.008493352793,0.0321244668,0.008493352793,0.01912644067,0.1173102438,0.1108735576,0.03331450542,0.01228237337
7.08,0.05867017058,-0.1103487285,0.02009124956,-0.003343155088,0.002637792114,0.999996521,0.0501757711,0.9987404027,0,0,1.321157391,1.637125679,-1.452734326,1.407908117,0.05716417769,0.09857603673,0.1283694612,-1.27519588,1.627443688,1.323917911,1.361056922,-0.06044567358,0.0864373057,-0.5064672823,-0.007618327062,0.008572379165,-0.00449746795,-0.02357006783,-0.01245596953,0.01777718958,0.00399160063,0.01127860312,-0.007393647947,-0.002794493851,-0.008516412946,-0.009680960529,-0.005634036777,0.004904862631,0.008493632951,0.03210646838,0.008493632951,0.01902227764,0.1172787885,0.1109777206,0.03341866851,0.01221046383
7.09,0.05888991939,-0.1103792746,0.02384434484,-0.002767960049,0.002637792114,0.999996521,0.0501757711,0.9987404027,0,0,1.321081208,1.637211403,-1.452779301,1.407672417,0.057039618,0.09875380862,0.1284093772,-1.275083094,1.627369752,1.323889966,1.360971758,-0.06054248319,0.08638096533,-0.5064182337,-0.005450589849,0.009922713649,-0.004915449439,-0.02229651717,-0.01426681693,0.01895315836,0.00472430407,0.009751987555,-0.008953678726,-0.003679151599,-0.004548254003,-0.01180820683,-0.008609202467,0.005527299838,0.008494051919,0.03208326508,0.008494051919,0.0188963709,0.117213974,0.1111036274,0.03354457532,0.01212474004
7.1,0.05914676804,-0.1104041262,0.02751060791,-0.002204324667,0.002637792114,0.999996521,0.0501757711,0.9987404027,0,0,1.321026702,1.63731063,-1.452828455,1.407449451,0.05689694983,0.09894334021,0.1284566202,-1.274985574,1.627280215,1.323853174,1.360926275,-0.06066056525,0.08629487331,-0.5063629607,-0.003328807303,0.01124071401,-0.005322775405,-0.02104459991,-0.01603384445,0.02009801709,0.005439669379,0.008256244358,-0.01047703966,-0.004543257153,-0.0006659925569,-0.01388537407,-0.01151666211,0.006134607896,0.008494606894,0.03205497159,0.008494606894,0.01874920753,0.1171165138,0.1112507907,0.03369173877,0.0120255129
7.11,0.05943982987,-0.1104234013,0.03108636711,-0.001652737734,0.002637792114,0.999996521,0.0501757711,0.9987404027,0,0,1.320993414,1.637423037,-1.452881683,1.407239005,0.05673661139,0.09914432038,0.1285110169,-1.274903011,1.627175444,1.323807742,1.360919615,-0.06079941899,0.08617970669,-0.5063016146,-0.00125480414,0.0125251175,-0.005718920462,-0.01981516428,-0.01775518175,0.02121049803,0.00613703774,0.006792738913,-0.01196228402,-0.005385874536,0.003126748703,-0.01591032842,-0.01435362322,0.006726231422,0.008495294979,0.03202170722,0.008495294979,0.01858129555,0.1169871519,0.1114187027,0.03385965085,0.01191310576
7.12,0.05976818135,-0.1104372228,0.03456791563,-0.001113692725,0.002637792114,0.999996521,0.0501757711,0.9987404027,0,0,1.320980866,1.637548289,-1.452938872,1.407040854,0.05655905957,0.09935642536,0.1285723873,-1.274835084,1.627055822,1.323753883,1.360950883,-0.06095852228,0.08603617045,-0.5062343523,0.0007695687573,0.01377464102,-0.00610336245,-0.01860907181,-0.01942894541,0.02228931869,0.006815737775,0.00536284151,-0.01340794334,-0.00620606696,0.006826317432,-0.01788092074,-0.01711726425,0.007301602298,0.008496113177,0.03198359602,0.008496113177,0.01839316409,0.1168266634,0.1116068341,0.03404778241,0.01178785459
7.13,0.06013086168,-0.1104457186,0.0379515115,-0.000587687796,0.002637792114,0.999996521,0.0501757711,0.9987404027,0,0,1.320988561,1.637686035,-1.452999906,1.406854763,0.05636477011,0.09957931855,0.1286405446,-1.274781456,1.626921742,1.323691822,1.361019146,-0.06113733149,0.08586499781,-0.5061613363,0.002742434075,0.01498798091,-0.006475582683,-0.01742719748,-0.02105323902,0.02333318173,0.007475085348,0.003967927093,-0.01481252718,-0.007002897076,0.01042903178,-0.01979498675,-0.01980473444,0.00786013945,0.008497058389,0.0319407668,0.008497058389,0.01818536366,0.1166358546,0.1118146345,0.03425558295,0.01165010818
7.14,0.06052687248,-0.1104490217,0.04123337755,-7.522578537e-05,0.002637792114,0.999996521,0.0501757711,0.9987404027,0,0,1.321015986,1.637835915,-1.453064662,1.406680491,0.05615423772,0.09981265036,0.1287152955,-1.274741776,1.626773617,1.323621793,1.361123436,-0.06133528135,0.08566695047,-0.5060827349,0.00466188782,0.01616381268,-0.006835066184,-0.01627042989,-0.02262615336,0.02434077487,0.008114383396,0.002609375032,-0.01617452293,-0.007775427199,0.01393118053,-0.02165034711,-0.02241315383,0.008401248631,0.008498127407,0.03189335321,0.008498127407,0.01795846629,0.1164155633,0.1120415318,0.03448248045,0.01150022837
7.15,0.06095517743,-0.1104472699,0.04440970148,0.0004231857876,0.002637792114,0.999996521,0.0501757711,0.9987404027,0,0,1.321062604,1.637997553,-1.453133012,1.406517787,0.05592797619,0.1000560581,0.1287964393,-1.274715683,1.626611872,1.323544039,1.361262748,-0.06155178482,0.08544281893,-0.5059987224,0.006525999089,0.01730079082,-0.007181301895,-0.01513967135,-0.02414576651,0.02531077086,0.008732921757,0.001288568915,-0.01749239558,-0.008522719525,0.01732902324,-0.02344480764,-0.02493961312,0.008924322231,0.008499316908,0.03184149384,0.008499316908,0.01771306574,0.1161666592,0.1122869323,0.03472788114,0.01133859024
7.16,0.06141470188,-0.1104406065,0.04747663581,0.0009070347214,0.002637792114,0.999996521,0.0501757711,0.9987404027,0,0,1.321127864,1.638170561,-1.453204825,1.40636639,0.05568651852,0.1003091658,0.1288837686,-1.274702797,1.626436948,1.323458812,1.361436038,-0.0617862329,0.0851934228,-0.5059094791,0.008332809874,0.0183975486,-0.007513782867,-0.01403583803,-0.02561014391,0.02624182738,0.009329977036,6.896360638e-06,-0.01876458753,-0.009243836308,0.0206187903,-0.02517615937,-0.02738117366,0.00942873911,0.008500623451,0.03178533227,0.008500623451,0.01744977774,0.1158900443,0.1125502202,0.03499116928,0.01116558234
7.17,0.06190433257,-0.1104291795,0.05043029788,0.001375804133,0.002637792114,0.999996521,0.0501757711,0.9987404027,0,0,1.321211193,1.638354536,-1.453279963,1.406226032,0.05543041709,0.1005715841,0.1289770683,-1.274702728,1.626249302,1.323366373,1.361642226,-0.06203799449,0.08491961106,-0.5058151918,0.01008033488,0.01945269788,-0.007832006426,-0.01295986007,-0.02701733854,0.027132587,0.00990481247,-0.001234251144,-0.01998951847,-0.009937840029,0.02379668311,-0.02684217865,-0.02973486739,0.009913864446,0.00850204347,0.03172501717,0.00850204347,0.01716924015,0.1155866526,0.1128307578,0.03527170703,0.01098160685
7.18,0.06242291721,-0.1104131424,0.05326676988,0.001828972458,0.002637792114,0.999996521,0.0501757711,0.9987404027,0,0,1.321311996,1.638549063,-1.453358283,1.406096433,0.0551602437,0.10084291,0.1290761164,-1.27471507,1.626049407,1.323266995,1.361880193,-0.06230641628,0.08462226239,-0.5057160531,0.01176656139,0.02046482902,-0.00813547431,-0.01191268165,-0.02836539092,0.02798167717,0.01045667783,-0.002433478383,-0.02116558518,-0.01060379353,0.0268588741,-0.02844062726,-0.03199769681,0.01037904961,0.008503573268,0.03166070233,0.008503573268,0.01687211317,0.1152574514,0.1131278847,0.03556883418,0.01078707987
7.19,0.06296926416,-0.1103926538,0.05598209883,0.00226601345,0.002637792114,0.999996521,0.0501757711,0.9987404027,0,0,1.321429661,1.638753712,-1.453439638,1.405977306,0.05487658979,0.1011227267,0.1291806832,-1.274739405,1.625837751,1.323160957,1.362148782,-0.06259082255,0.08430228542,-0.5056122626,0.01338944912,0.02143251073,-0.008423692787,-0.01089526107,-0.02965232924,0.0287877101,0.01098480931,-0.00358938652,-0.02229116151,-0.01124076014,0.02980150682,-0.02996925246,-0.0341666349,0.01082363205,0.008505209014,0.03159254677,0.008505209014,0.01655907957,0.1149034405,0.1134409183,0.03588186796,0.01058243158
7.2,0.06354214209,-0.1103678777,0.05857229656,0.002686396181,0.002637792114,0.999996521,0.0501757711,0.9987404027,0,0,1.321563556,1.638968037,-1.453523875,1.405868354,0.0545800665,0.1014106038,0.1292905313,-1.274775299,1.625614839,1.323048549,1.362446797,-0.06289051508,0.08396061907,-0.5055040263,0.01494693014,0.02235428998,-0.008696172735,-0.009908570801,-0.03087616936,0.02954928282,0.01148842952,-0.004700573185,-0.02336459821,-0.01184780372,0.032620696,-0.03142578705,-0.03623862514,0.01124693525,0.008506946734,0.03152071483,0.008506946734,0.01623084484,0.1145256534,0.1137691529,0.03621010286,0.01036810647
7.21,0.06414027958,-0.1103389832,0.06103333977,0.003089585041,0.002637792114,0.999996521,0.0501757711,0.9987404027,0,0,1.321713025,1.63919158,-1.453610837,1.405769268,0.05427130481,0.1017060967,0.1294054156,-1.274822305,1.625381193,1.322930071,1.362773004,-0.06320477295,0.08359823282,-0.5053915569,0.01643690884,0.02322869198,-0.008952429701,-0.00895359752,-0.03203491486,0.03026497711,0.01196674737,-0.005765632526,-0.02438422292,-0.01242398877,0.03531252756,-0.03280794939,-0.0382105815,0.01164826863,0.00850878231,0.03144537619,0.00850878231,0.01588813746,0.114125157,0.1141118602,0.03655281044,0.01014456357
7.22,0.06476236484,-0.1103061451,0.06336116997,0.003475039739,0.002637792114,0.999996521,0.0501757711,0.9987404027,0,0,1.321877394,1.639423866,-1.453700361,1.405679732,0.05395095566,0.1020087464,0.1295250831,-1.274879961,1.625137351,1.322805832,1.363126129,-0.06353285244,0.083216127,-0.5052750743,0.01785726185,0.02405422012,-0.009191983919,-0.008031342131,-0.03312655706,0.03093335951,0.01241895811,-0.006783155233,-0.02534834017,-0.01296838041,0.03787305864,-0.03411344344,-0.04007938838,0.01202692757,0.008510711469,0.03136670601,0.008510711469,0.01553170902,0.1137030522,0.1144682886,0.03690923908,0.009912276653
7.23,0.0654070453,-0.1102695433,0.0655516935,0.003842215302,0.002637792114,0.999996521,0.0501757711,0.9987404027,0,0,1.322055967,1.639664409,-1.453792281,1.405599419,0.05361969009,0.10231808,0.1296492727,-1.274947793,1.624883868,1.322676148,1.36350486,-0.06387398688,0.08281533312,-0.505154805,0.01920583812,0.02482935599,-0.009414360307,-0.007142819753,-0.03414907502,0.03155298131,0.0128442433,-0.00775172853,-0.02625523134,-0.01348004439,0.0402983176,-0.03533995874,-0.04184190066,0.0123821934,0.008512729782,0.03128488496,0.008512729782,0.01516233449,0.1132604742,0.1148376631,0.03727861381,0.009671734452
7.24,0.06607292727,-0.1102293635,0.06760078155,0.004190562074,0.002637792114,0.999996521,0.0501757711,0.9987404027,0,0,1.322248025,1.639912702,-1.453886424,1.40552799,0.05327819934,0.1026336098,0.1297777151,-1.27502531,1.624621315,1.322541347,1.363907843,-0.06422738646,0.08239691411,-0.505030983,0.02048045889,0.02555255943,-0.009619088416,-0.00628905969,-0.03510043546,0.03212237859,0.01324177087,-0.008669936126,-0.02710315473,-0.01395804705,0.04258430396,-0.03648517034,-0.04349494371,0.01271333344,0.008514832653,0.03120009931,0.008514832653,0.0147808124,0.1127985924,0.1152191851,0.03766013612,0.009423440892
7.25,0.0667585756,-0.1101857967,0.06950427012,0.004519525719,0.002637792114,0.999996521,0.0501757711,0.9987404027,0,0,1.32245283,1.640168228,-1.453982615,1.4054651,0.05292719498,0.1029548336,0.1299101328,-1.275112009,1.624350284,1.322401767,1.364333686,-0.06459223817,0.08196196468,-0.5049038497,0.02167891786,0.02622226863,-0.009805702353,-0.005471105384,-0.03597859281,0.03264007223,0.01361069517,-0.009536358141,-0.02789034562,-0.0144014552,0.0447269884,-0.03754673885,-0.04503531339,0.01301960107,0.00851701532,0.03111254102,0.00851701532,0.01438796502,0.1123186113,0.1156120324,0.03805298372,0.009167915298
7.26,0.06746251334,-0.1101390395,0.07125796007,0.00482854722,0.002637792114,0.999996521,0.0501757711,0.9987404027,0,0,1.322669619,1.640430451,-1.454080672,1.405410389,0.05256740905,0.1032812344,0.1300462398,-1.275207373,1.62407138,1.322257752,1.364780956,-0.06496770556,0.08151161154,-0.5047736537,0.02281312388,0.0268461132,-0.009976597127,-0.004682264819,-0.03679379975,0.03311287273,0.01395514494,-0.01035929224,-0.02862557907,-0.01481522729,0.04674826493,-0.03853662922,-0.04647961435,0.01330452705,0.008519272846,0.03102240779,0.008519272846,0.01398463859,0.1118217703,0.1160153588,0.03845631038,0.008905692612
7.27,0.06818347298,-0.1100892574,0.07294285551,0.005129505061,0.002637792114,0.999996521,0.0501757711,0.9987404027,0,0,1.32289775,1.640698912,-1.454180438,1.405363566,0.05219947106,0.1036123631,0.1301857912,-1.275310966,1.623785124,1.3221096,1.365248439,-0.06535307185,0.0810468154,-0.5046406084,0.02396090827,0.02747473913,-0.01014748653,-0.003879816608,-0.03761375377,0.03358640308,0.01430253909,-0.01119228438,-0.02936693216,-0.01523178144,0.04879097139,-0.03953359996,-0.04793697683,0.01359169163,0.008521601041,0.03092986871,0.008521601041,0.01357155933,0.1113091268,0.1164284379,0.03886938987,0.00863723148
7.28,0.06892157066,-0.1100364136,0.07468657557,0.005441017171,0.002637792114,0.999996521,0.0501757711,0.9987404027,0,0,1.323137359,1.640973659,-1.454281913,1.405324768,0.05182333352,0.1039482271,0.1303288166,-1.275422889,1.623491455,1.321957282,1.365736348,-0.06574840785,0.08056744563,-0.5045046915,0.02512489398,0.02812473421,-0.01031880269,-0.003135769467,-0.0384584469,0.03413857136,0.014664978,-0.01202498978,-0.03012941996,-0.01566848865,0.05081034409,-0.04057168653,-0.04938160652,0.01388704338,0.00852400082,0.03083490346,0.00852400082,0.0131486607,0.1107805405,0.1168513365,0.03929228873,0.008362484088
7.29,0.06967739963,-0.1099804022,0.07648883528,0.005762987272,0.002637792114,0.999996521,0.0501757711,0.9987404027,0,0,1.323388608,1.641254906,-1.454385101,1.40529341,0.05143874905,0.1042896128,0.1304754664,-1.275543139,1.623190161,1.321800597,1.366244452,-0.06615412471,0.08007362957,-0.5043658211,0.02570102527,0.02684913317,-0.007691776225,-0.002638843429,-0.04156321051,0.03468020539,0.01677798496,-0.0125616286,-0.03094843054,-0.01630383677,0.05274777332,-0.04151839785,-0.05081922135,0.01460981155,0.008526474317,0.03073744222,0.008526474317,0.0127156028,0.1102746553,0.1172843943,0.03972534688,0.008081236746
7.3,0.07045153694,-0.10992112,0.07834796814,0.006095117647,0.002637792114,0.999996521,0.0501757711,0.9987404027,0,0,1.323645619,1.641523398,-1.454462019,1.405267022,0.05102311694,0.1046364149,0.1306432462,-1.275668755,1.622880677,1.321637559,1.366771929,-0.06656930869,0.07956543735,-0.504219723,0.02681986806,0.02710137262,-0.007240792436,-0.001814227756,-0.04297228755,0.03519231624,0.01754754298,-0.01340088627,-0.03177423246,-0.01680513222,0.05496674424,-0.04258446745,-0.05241574974,0.0150286515,0.008528875469,0.03063729626,0.008528875469,0.01227205499,0.1098311076,0.1177221721,0.04016889466,0.007812745415
7.31,0.07124454306,-0.1098584669,0.08026232169,0.006437113091,0.002637792114,0.999996521,0.0501757711,0.9987404027,0,0,1.323913817,1.641794411,-1.454534427,1.40524888,0.05059339407,0.104988338,0.1308187217,-1.275802764,1.622562934,1.321469508,1.367321597,-0.06699515337,0.07904127985,-0.5040694365,0.02810418613,0.02779339147,-0.007396659954,-0.0009247725019,-0.04392560256,0.03573945417,0.01795306554,-0.01432809863,-0.03261657167,-0.01728108995,0.05726124518,-0.04370972873,-0.054056673,0.01536830918,0.00853132165,0.03053444681,0.00853132165,0.01181769616,0.1093767488,0.1181590866,0.04062325341,0.007541731688
7.32,0.07205696198,-0.1097923458,0.08223025755,0.006788680905,0.002637792114,0.999996521,0.0501757711,0.9987404027,0,0,1.324194859,1.642072345,-1.454608393,1.405239632,0.05015413804,0.1053457326,0.1309982523,-1.275946045,1.622236769,1.321296697,1.367894209,-0.06743225065,0.07850071312,-0.5039157534,0.02942455439,0.02850821749,-0.007560540294,-1.069083018e-05,-0.04490073693,0.03630185287,0.01836634047,-0.01527980865,-0.03348250617,-0.01776927112,0.05961771818,-0.04486515643,-0.05574244736,0.01571783558,0.008533847208,0.03042884036,0.008533847208,0.01135221461,0.1089112674,0.1185943911,0.04108873486,0.007263797774
7.33,0.0728893214,-0.1097226624,0.08425015135,0.007149530903,0.002637792114,0.999996521,0.0501757711,0.9987404027,0,0,1.324489105,1.642357428,-1.454683999,1.405239525,0.04970513067,0.1057087511,0.1311819157,-1.276098843,1.621901944,1.321119004,1.368490386,-0.06788090222,0.07794328865,-0.503758575,0.03078001481,0.02924566695,-0.00773267473,0.0009273203396,-0.04589649402,0.03687909469,0.01878670845,-0.01625517443,-0.03437140283,-0.01826920901,0.0620342125,-0.04604977169,-0.05747172995,0.01607701024,0.008536454839,0.03032039962,0.008536454839,0.01087530801,0.1084343609,0.1190269281,0.04156564138,0.006978715599
7.34,0.07374213283,-0.1096493252,0.0863203928,0.007519375407,0.002637792114,0.999996521,0.0501757711,0.9987404027,0,0,1.324796905,1.642649884,-1.454761326,1.405248798,0.04924616573,0.1060775421,0.1313697828,-1.276261395,1.62155823,1.320936312,1.369110729,-0.06834139994,0.07736857135,-0.5035978049,0.03216962083,0.03000556875,-0.007913312894,0.001888571384,-0.04691167624,0.03747076663,0.01921350683,-0.01725335941,-0.03528263595,-0.01878043894,0.06450879323,-0.04726260297,-0.05924319027,0.01644561636,0.00853914723,0.03020904939,0.00853914723,0.01038668327,0.1079457362,0.1194554319,0.04205426602,0.006686258929
7.35,0.07461589176,-0.1095722458,0.08843938563,0.007897929248,0.002637792114,0.999996521,0.0501757711,0.9987404027,0,0,1.325118601,1.64294994,-1.454840459,1.405267684,0.04877704897,0.1064522497,0.1315619179,-1.276433928,1.621205403,1.320748508,1.369755817,-0.06881402596,0.07677613945,-0.5034333487,0.0335924373,0.0307877642,-0.008102712521,0.002872379942,-0.04794508534,0.03807646039,0.01964606982,-0.01827353245,-0.03621558721,-0.01930249837,0.06703954131,-0.04850268612,-0.06105551014,0.01682344077,0.008541927065,0.03009471652,0.008541927065,0.00988605651,0.1074451095,0.1198785268,0.04255489269,0.006386203242
7.36,0.07551107777,-0.1094913386,0.09060554762,0.008284909767,0.002637792114,0.999996521,0.0501757711,0.9987404027,0,0,1.325454525,1.643257818,-1.454921486,1.405296408,0.04829759812,0.1068330143,0.1317583786,-1.276616664,1.620843247,1.320555483,1.370426212,-0.06929905283,0.07616558435,-0.5032651143,0.03504754037,0.03159210669,-0.008301139159,0.003878070888,-0.04899552274,0.03869577232,0.02008372883,-0.01931486786,-0.03716964562,-0.01983492695,0.0696245536,-0.04976906436,-0.0629073837,0.01721027391,0.00854479702,0.02997732985,0.00854479702,0.009373152936,0.1069322061,0.1202947244,0.04306779617,0.0060783256
7.37,0.07642815471,-0.1094065205,0.09281731063,0.008680036815,0.002637792114,0.999996521,0.0501757711,0.9987404027,0,0,1.325805001,1.643573739,-1.455004497,1.405335188,0.04780764289,0.1072199721,0.1319592159,-1.276809812,1.620471551,1.320357133,1.371122458,-0.06979674347,0.07553651051,-0.5030930116,0.0365340174,0.03241846136,-0.008508865853,0.004904976286,-0.05006178983,0.03932830339,0.02052581264,-0.02037654547,-0.03814420748,-0.02037726656,0.07226194288,-0.05106078836,-0.06479751736,0.01760590972,0.008547759771,0.02985682027,0.008547759771,0.008847706792,0.10640676,0.1207024221,0.04359324222,0.005762404533
7.38,0.07736757081,-0.1093177116,0.09507312053,0.009083032753,0.002637792114,0.999996521,0.0501757711,0.9987404027,0,0,1.326170341,1.643897923,-1.455089586,1.405384238,0.04730702499,0.1076132551,0.132164474,-1.277013578,1.620090109,1.320153361,1.371845077,-0.07030735135,0.07488853534,-0.5029169525,0.03805096686,0.03326670473,-0.008726172803,0.005952435354,-0.05114268836,0.03997365911,0.02097164776,-0.0214577507,-0.03913867629,-0.02092906139,0.07494983791,-0.05237691625,-0.06672462981,0.01801014563,0.008550817995,0.02973312062,0.008550817995,0.00830946126,0.1058685146,0.1210999012,0.04413148765,0.005438219919
7.39,0.07832975881,-0.1092248345,0.09737143726,0.009493622451,0.002637792114,0.999996521,0.0501757711,0.9987404027,0,0,1.326550851,1.64423059,-1.455176848,1.405443762,0.04679559811,0.1080129917,0.1323741905,-1.277228155,1.619698722,1.31994407,1.372594575,-0.07083112052,0.07422128904,-0.502736851,0.03959749825,0.03413672432,-0.008953346998,0.007019794418,-0.05223702086,0.04063144959,0.02142055874,-0.02255767461,-0.0401524627,-0.02148985798,0.07768638344,-0.05371651367,-0.06868745199,0.01842278247,0.008553974369,0.02960616569,0.008553974369,0.007758168391,0.1053172218,0.1214853249,0.04468278042,0.005105552872
7.4,0.07931513615,-0.1091278147,0.09971073479,0.009911533287,0.002637792114,0.999996521,0.0501757711,0.9987404027,0,0,1.326946826,1.644571958,-1.455266381,1.40551396,0.0462732279,0.1084193062,0.1325883961,-1.277453732,1.619297197,1.319729171,1.373371439,-0.07136828565,0.07353441452,-0.5025526232,0.04117273193,0.03502841823,-0.009190681825,0.008106406868,-0.05334359104,0.04130128938,0.02187186848,-0.02367551398,-0.0411849844,-0.02205920536,0.08046974027,-0.05507865383,-0.07068472705,0.01884362444,0.008557231576,0.02947589221,0.008557231576,0.007193589017,0.1047526426,0.1218567367,0.04524735968,0.004764185629
7.41,0.08032410507,-0.1090265804,0.1020895011,0.01033649515,0.002637792114,0.999996521,0.0501757711,0.9987404027,0,0,1.327358553,1.644922242,-1.455358288,1.405595024,0.04573979199,0.1088323191,0.1328071147,-1.277690487,1.618885348,1.319508579,1.374176137,-0.07191907219,0.07282756725,-0.502364187,0.04277579901,0.03594169473,-0.009438476655,0.009211633107,-0.05446120422,0.04198279754,0.02232489863,-0.02481047141,-0.04223566612,-0.02263665503,0.08329808531,-0.05646241754,-0.07271521033,0.01927247898,0.008560592302,0.02934223882,0.008560592302,0.006615492673,0.1041745463,0.1222120589,0.04582545592,0.004413901446
7.42,0.08135705274,-0.1089210622,0.1045062384,0.01076824044,0.002637792114,0.999996521,0.0501757711,0.9987404027,0,0,1.327786311,1.645281659,-1.455452673,1.405687141,0.04519517995,0.109252147,0.1330303637,-1.277938592,1.618462991,1.319282213,1.375009117,-0.07248369637,0.07210041515,-0.5021714622,0.04440584125,0.03687647176,-0.009697036414,0.0103348405,-0.05558866785,0.04267559752,0.02277896992,-0.02596175537,-0.04330393946,-0.02322176116,0.08616961159,-0.05786689323,-0.07477766934,0.01970915676,0.008564059244,0.02920514606,0.008564059244,0.006023657517,0.1035827113,0.1225490911,0.04641729097,0.004054484499
7.43,0.08241435146,-0.1088111938,0.1069594627,0.01120650407,0.002637792114,0.999996521,0.0501757711,0.9987404027,0,0,1.328230369,1.645650423,-1.455549643,1.405790489,0.04463929327,0.109678903,0.1332581534,-1.278198209,1.618029951,1.319049995,1.375870814,-0.0730623653,0.07135263845,-0.5019743706,0.04606201089,0.03783267648,-0.009966671132,0.01147540332,-0.05672479195,0.04337931713,0.02323340259,-0.02712858029,-0.04438924289,-0.02381408055,0.08908252831,-0.05929117707,-0.07687088373,0.02015347157,0.008567635106,0.02906455629,0.008567635106,0.00541787025,0.1029769241,0.1228655089,0.04702307812,0.003685719781
7.44,0.08349635872,-0.1086969113,0.1094477042,0.01165102345,0.002637792114,0.999996521,0.0501757711,0.9987404027,0,0,1.32869099,1.64602875,-1.45564931,1.405905243,0.04407204535,0.1101126962,0.1334904874,-1.278469495,1.617586059,1.318811854,1.376761639,-0.07365527707,0.07058392961,-0.5017728359,0.04774347052,0.03881024477,-0.01024769547,0.0126327027,-0.05786838964,0.04409358852,0.02368751675,-0.02831016665,-0.04549102159,-0.02441317283,0.09203506094,-0.06073437295,-0.07899364522,0.02060524024,0.008571322608,0.02892041377,0.008571322608,0.004797926034,0.10235698,0.1231588626,0.04764302222,0.003307393017
7.45,0.08460341741,-0.1085781534,0.1119695071,0.0121015385,0.002637792114,0.999996521,0.0501757711,0.9987404027,0,0,1.329168424,1.646416853,-1.455751787,1.40603157,0.04349336145,0.1105536321,0.1337273626,-1.278752597,1.617131149,1.318567723,1.377681989,-0.0742626208,0.06979399316,-0.5015667835,0.04944939296,0.03980912073,-0.01054042826,0.01380612656,-0.05901827765,0.04481804809,0.02414063286,-0.0295057411,-0.04660872742,-0.02501860047,0.09502545121,-0.06219559258,-0.08114475765,0.02106428259,0.008575124478,0.02877266454,0.008575124478,0.004163628413,0.1017226825,0.1234265763,0.04827731972,0.002919290569
7.46,0.08573585593,-0.1084548614,0.1145234297,0.01255779168,0.002637792114,0.999996521,0.0501757711,0.9987404027,0,0,1.329662918,1.646814944,-1.455857191,1.406169632,0.04290317868,0.1110018126,0.1339687689,-1.279047654,1.616665062,1.318317537,1.378632244,-0.07488457672,0.06898254559,-0.5013561407,0.05117896106,0.04082925613,-0.01084519196,0.01499506955,-0.06017327687,0.04555233648,0.02459207208,-0.0307145365,-0.04774181879,-0.02562992892,0.09805195719,-0.06367395553,-0.08332303685,0.02153042129,0.008579043465,0.02862125645,0.008579043465,0.003514789231,0.1010738434,0.1236659471,0.04892615879,0.002521199362
7.47,0.08689398831,-0.1083269793,0.1171080443,0.01301952792,0.002637792114,0.999996521,0.0501757711,0.9987404027,0,0,1.330174708,1.647223236,-1.455965643,1.406319582,0.04230144591,0.1114573359,0.1342146897,-1.2793548,1.616187643,1.318061237,1.379612763,-0.07552131628,0.06814931522,-0.5011408365,0.04907994458,0.01314157135,0.02757202632,0.01597278992,-0.09251742584,0.04536563761,0.0578585789,-0.03155590986,-0.04893395441,-0.02648186253,0.1010379548,-0.06500946837,-0.0855312508,0.02253670279,0.008583082333,0.02846613913,0.008583082333,0.002851228553,0.1004102829,0.1238741441,0.04958971934,0.0021129068
7.48,0.0880781144,-0.1081944534,0.1197219372,0.01348649467,0.002637792114,0.999996521,0.0501757711,0.9987404027,0,0,1.330665507,1.647354652,-1.455689923,1.40647931,0.04137627165,0.1119109923,0.1347932755,-1.279670359,1.615698304,1.317796419,1.380623143,-0.07617141096,0.06729400271,-0.5009154694,0.04894605526,-2.614752359e-05,0.04636741127,0.0170803958,-0.1090798189,0.04565036234,0.07455977198,-0.03260228981,-0.05011800856,-0.02721946399,0.1040950334,-0.06644177828,-0.08776259833,0.02327847652,0.00858506247,0.02830711506,0.00858506247,0.002637795173,0.09973182888,0.1237511103,0.05026817318,0.001981491087
7.49,0.08928851998,-0.1080572328,0.1223637089,0.01395844191,0.002637792114,0.999996521,0.0501757711,0.9987404027,0,0,1.331154968,1.647354391,-1.455226248,1.406650114,0.04028547346,0.1123674959,0.1355388732,-1.279996382,1.615197124,1.317524224,1.381664093,-0.07683582875,0.06641637673,-0.5006826847,0.0505953958,-2.8241843e-05,0.04741054258,0.01830561132,-0.1113626754,0.0463675467,0.07624216654,-0.03383387851,-0.05129561396,-0.02785390187,0.1072175368,-0.06796174436,-0.09001590967,0.0237822634,0.008586078477,0.02814421294,0.008586078477,0.002637795173,0.09903831775,0.1234766693,0.05096168405,0.001981752562
7.5,0.09052547689,-0.1079152688,0.1250319738,0.01443512211,0.002637792114,0.999996521,0.0501757711,0.9987404027,0,0,1.331660922,1.647354108,-1.454752143,1.40683317,0.03917184671,0.1128311714,0.1363012948,-1.28033472,1.614684168,1.317245685,1.382736269,-0.07751544619,0.06551621763,-0.500444862,0.05226230934,-3.035651788e-05,0.04846242504,0.01954397474,-0.1136640765,0.04709171178,0.07794432701,-0.03507557113,-0.05248652431,-0.0284926327,0.1103693607,-0.06949540911,-0.09229180412,0.02429263004,0.008587128785,0.02797745585,0.008587128785,0.002637795173,0.09832959384,0.1231927416,0.0516704077,0.001982034981
7.51,0.09178924319,-0.1077685154,0.1277253604,0.01491629026,0.002637792114,0.999996521,0.0501757711,0.9987404027,0,0,1.332183545,1.647353805,-1.454267519,1.40702861,0.03803520594,0.1133020885,0.1370807381,-1.280685476,1.614159302,1.316960759,1.383839962,-0.07821040028,0.06459329959,-0.5002019357,0.05394602668,-3.249047207e-05,0.04952245207,0.02079491944,-0.1159826638,0.04782248954,0.07966556235,-0.0363266399,-0.05369022895,-0.02913523519,0.1135488483,-0.0710419368,-0.09458915839,0.02480940312,0.008588213775,0.02780680028,0.008588213775,0.002637795173,0.09760550927,0.122899235,0.052394492,0.001982338546
7.52,0.09308006331,-0.1076169288,0.1304425113,0.01540170384,0.002637792114,0.999996521,0.0501757711,0.9987404027,0,0,1.332723005,1.64735348,-1.453772294,1.407236559,0.0368753793,0.1137803134,0.1378773937,-1.281048742,1.6136224,1.316669406,1.384975451,-0.07892081965,0.063647408,-0.4999538417,0.05559884163,-3.475411856e-05,0.05060477674,0.02188455705,-0.1183143153,0.04868524117,0.08140569312,-0.03753219436,-0.05489588994,-0.02979440992,0.1165726926,-0.07261557778,-0.09678293461,0.02532578266,0.00858933381,0.02763220438,0.00858933381,0.002637795173,0.09686592402,0.1225960623,0.05313407697,0.00198266345
7.53,0.09439816815,-0.1074604679,0.133182083,0.01589112287,0.002637792114,0.999996521,0.0501757711,0.9987404027,0,0,1.333278994,1.647353132,-1.453266247,1.407455405,0.03569223615,0.1142671658,0.1386914507,-1.281424064,1.613073441,1.316371462,1.386141178,-0.07964697543,0.06267957866,-0.4997005839,0.05716883259,-3.719317569e-05,0.0517253602,0.02262396157,-0.1206554148,0.04981611157,0.08316389702,-0.03863319869,-0.0560916791,-0.03048386442,0.1192432779,-0.07423204097,-0.09873838619,0.02583385437,0.008590488254,0.02745366075,0.008590488254,0.002637795173,0.09603164166,0.1223622048,0.05388929494,0.001983010992
7.54,0.09574377527,-0.1072990938,0.1359427463,0.01638430985,0.002637792114,0.999996521,0.0501757711,0.9987404027,0,0,1.333850682,1.64735276,-1.452748993,1.407681644,0.034485682,0.1147653269,0.1395230896,-1.281810396,1.612512524,1.316066624,1.387333611,-0.08038929584,0.0616921948,-0.4994422453,0.0588919276,-3.926750773e-05,0.05280908669,0.02388623529,-0.1230184112,0.05058107271,0.08493718463,-0.03990181522,-0.05732921795,-0.03113710839,0.1224742363,-0.07581447273,-0.1010787516,0.02636703131,0.008591675386,0.02727119964,0.008591675386,0.002637795173,0.0949379176,0.1223622048,0.05466027054,0.001983382923
7.55,0.097117089,-0.10713277,0.1387231857,0.01688102981,0.002637792114,0.999996521,0.0501757711,0.9987404027,0,0,1.334439601,1.647352368,-1.452220902,1.407920507,0.03325549789,0.1152711377,0.1403724615,-1.282209415,1.611939232,1.315755253,1.388558353,-0.08114744056,0.06068140728,-0.499178575,0.0606287463,-4.134760603e-05,0.05389867729,0.02515863286,-0.1253933777,0.05135137918,0.08672677759,-0.04117695634,-0.05857753944,-0.03179257804,0.1257263161,-0.07740654709,-0.1034361525,0.02690586609,0.008592898437,0.02708468763,0.008592898437,0.002637795173,0.09381841937,0.1223622048,0.05544712084,0.001983775598
7.56,0.09851830057,-0.1069614622,0.1415221001,0.01738105028,0.002637792114,0.999996521,0.0501757711,0.9987404027,0,0,1.335045889,1.647351954,-1.451681915,1.408172093,0.03200156411,0.1157846514,0.1412397293,-1.282621184,1.611353457,1.315437327,1.389815616,-0.08192150603,0.05964704576,-0.4989095164,0.06237856241,-4.343213422e-05,0.05499355633,0.02644062526,-0.127779024,0.05212667645,0.0885320222,-0.04245793356,-0.05983616174,-0.03244987014,0.1289979574,-0.07900746986,-0.1058095333,0.0274501946,0.008594157709,0.02689408953,0.008594157709,0.002637795173,0.09267296907,0.1223622048,0.05624995542,0.001984189075
7.57,0.09994758829,-0.1067851387,0.1443382022,0.01788414131,0.002637792114,0.999996521,0.0501757711,0.9987404027,0,0,1.335669674,1.64735152,-1.45113198,1.408436499,0.03072377387,0.1163059182,0.1421250495,-1.283045763,1.610755095,1.315112828,1.391105596,-0.08271158073,0.05858895042,-0.4986350144,0.06414065772,-4.551976964e-05,0.05609315423,0.02773168935,-0.1301740734,0.05290661385,0.09035227228,-0.04374406563,-0.06110460846,-0.03310858558,0.1322876171,-0.08061645536,-0.1081978503,0.02799985471,0.008595453492,0.02669937172,0.008595453492,0.002637795173,0.09150140083,0.1223622048,0.05706887644,0.001984623396
7.58,0.1014051177,-0.1066037699,0.1471702189,0.01839007544,0.002637792114,0.999996521,0.0501757711,0.9987404027,0,0,1.336311081,1.647351065,-1.450571048,1.408713816,0.02942203314,0.1168349843,0.1430285722,-1.283483204,1.610144049,1.314781742,1.392428472,-0.08351774529,0.05750697192,-0.4983550159,0.065914322,-4.760920354e-05,0.05719690757,0.02903130782,-0.1325772631,0.05369084454,0.09218688894,-0.04503467867,-0.06238240861,-0.03376832955,0.1355937689,-0.08223272645,-0.1106000712,0.0285546862,0.008596786061,0.02650050217,0.008596786061,0.002637795173,0.09030356069,0.1223622048,0.05790397872,0.001985078594
7.59,0.1028910415,-0.1064173285,0.150016891,0.01889862773,0.002637792114,0.999996521,0.0501757711,0.9987404027,0,0,1.336970224,1.647350588,-1.449999079,1.409004129,0.02809626051,0.1173718928,0.1439504411,-1.283933551,1.609520225,1.314444059,1.393784409,-0.08434007255,0.05640097121,-0.498069469,0.06769885293,-4.969914189e-05,0.05830425917,0.0303389691,-0.1349873439,0.05447902557,0.09403524043,-0.04632910626,-0.06366909638,-0.03442871157,0.1389149034,-0.0838555146,-0.113015175,0.02911453062,0.008598155676,0.0262974504,0.008598155676,0.002637795173,0.08907930648,0.1223622048,0.05875534984,0.001985554686
7.6,0.1044055002,-0.1062257894,0.1528769735,0.01940957577,0.002637792114,0.999996521,0.0501757711,0.9987404027,0,0,1.337647213,1.647350091,-1.449416036,1.409307519,0.02674638707,0.117916683,0.1448907935,-1.284396842,1.608883534,1.314099772,1.395173559,-0.0851786277,0.05527081946,-0.4977783237,0.06859934742,-5.010968911e-05,0.06054145282,0.03132693658,-0.1374547422,0.05662517973,0.09506426235,-0.04704455527,-0.06502898616,-0.03545676535,0.1421294583,-0.08525630873,-0.115438399,0.03048643573,0.008599562585,0.02609018748,0.008599562585,0.002637795173,0.08782850767,0.1223622048,0.05962307018,0.001986051677
7.61,0.1059486216,-0.1060291297,0.1557492354,0.01992269962,0.002637792114,0.999996521,0.0501757711,0.9987404027,0,0,1.338333206,1.64734959,-1.448810622,1.409620788,0.02537183965,0.1184829348,0.1458414361,-1.284867288,1.608233244,1.313745204,1.396594853,-0.08603119078,0.05411643547,-0.4974734593,0.07015403351,-5.172815558e-05,0.06196724923,0.03255889187,-0.1398854014,0.05779768124,0.09670536059,-0.04818196088,-0.06635046587,-0.03622031425,0.1454433477,-0.08682718082,-0.1178758263,0.03128120317,0.008600988505,0.02587846703,0.008600988505,0.002637795173,0.08675816228,0.122507119,0.06036229884,0.001986552774
7.62,0.1075205214,-0.1058273289,0.1586324596,0.02043778188,0.002637792114,0.999996521,0.0501757711,0.9987404027,0,0,1.339034746,1.647349073,-1.448190949,1.409946377,0.02397298563,0.1190609117,0.1468084897,-1.285349107,1.60756974,1.313383001,1.398049287,-0.08689946259,0.0529376772,-0.4971606473,0.07194619341,-5.377253827e-05,0.06310659012,0.03388125656,-0.14230536,0.05862670433,0.09857110352,-0.0494700446,-0.06766296065,-0.03688949673,0.148798636,-0.08846071644,-0.1203242161,0.03187412471,0.008602446997,0.02566242015,0.008602446997,0.002637795173,0.08578363698,0.1226277266,0.06114232299,0.001987070055
7.63,0.1091213033,-0.1056203683,0.1615254433,0.02095460764,0.002637792114,0.999996521,0.0501757711,0.9987404027,0,0,1.339754208,1.647348535,-1.447559884,1.41028519,0.02254993203,0.1196471787,0.1477942008,-1.285843808,1.60689311,1.313014106,1.399537273,-0.08778406976,0.05173443504,-0.4968419061,0.07374643289,-5.581227567e-05,0.06424731962,0.03520973159,-0.144727063,0.05945839257,0.1004480259,-0.05075929869,-0.06898255856,-0.03755786364,0.1521630895,-0.09009783415,-0.122781566,0.03247150173,0.008603942999,0.02544207824,0.008603942999,0.002637795173,0.08486374963,0.1226751027,0.06201212673,0.001987607781
7.64,0.1107510589,-0.1054082316,0.1644269976,0.02147296452,0.002637792114,0.999996521,0.0501757711,0.9987404027,0,0,1.340491673,1.647347977,-1.44691741,1.410637287,0.0211026614,0.1202417626,0.148798681,-1.286351401,1.606203284,1.312638527,1.401058904,-0.0886850481,0.05050661938,-0.496517191,0.07555409673,-5.78461679e-05,0.06538889883,0.03654383833,-0.1471493265,0.06029240787,0.102335536,-0.05204910088,-0.07030881846,-0.03822504522,0.1555352871,-0.09173781323,-0.1252469132,0.03307317562,0.008605476703,0.0252174183,0.008605476703,0.002637795173,0.08400334257,0.1226443461,0.06297666391,0.001988165904
7.65,0.1124098679,-0.1051909046,0.1673359476,0.02199264263,0.002637792114,0.999996521,0.0501757711,0.9987404027,0,0,1.341247214,1.647347399,-1.446263521,1.411002725,0.01963116814,0.1208446867,0.1498220364,-1.286871892,1.605500196,1.312256277,1.402614257,-0.08960242623,0.04925415025,-0.4961864593,0.0773320097,-5.973348753e-05,0.06654389056,0.0377458893,-0.1495697536,0.06122862726,0.1042315532,-0.05329814349,-0.07163321916,-0.03890153431,0.1587735449,-0.09339268981,-0.1276228299,0.03367238714,0.008607048287,0.02498841878,0.008607048287,0.002637795173,0.08320738821,0.1225304329,0.06404100405,0.001988744365
7.66,0.1140977986,-0.104968375,0.1702511326,0.02251343461,0.002637792114,0.999996521,0.0501757711,0.9987404027,0,0,1.342020534,1.647346801,-1.445598082,1.411380184,0.0181354706,0.121456973,0.1508643519,-1.287404873,1.604783864,1.311867262,1.404201992,-0.09053635313,0.04797792195,-0.4958497354,0.0789253375,-6.113014843e-05,0.0677678806,0.03823759461,-0.1519832402,0.06268845657,0.1061280766,-0.05433534032,-0.07292099723,-0.03963258763,0.1612879653,-0.09511563878,-0.1295037742,0.03424033051,0.008608657164,0.02475508529,0.008608657164,0.002637795173,0.08247626555,0.1223622048,0.06517634457,0.0019893417
7.67,0.1158149075,-0.1047406329,0.1731714057,0.02303513559,0.002637792114,0.999996521,0.0501757711,0.9987404027,0,0,1.342809787,1.64734619,-1.444920404,1.41176256,0.0166156382,0.1220838575,0.1519256327,-1.287948226,1.604054654,1.311470936,1.405814872,-0.09148750952,0.04668288421,-0.4955073321,0.08074405042,-6.356145557e-05,0.06891300902,0.03956067817,-0.1544022441,0.06354531481,0.1080415248,-0.05561730595,-0.07426263982,-0.0402958377,0.1646534391,-0.09676265564,-0.1319728485,0.03485119776,0.008610299541,0.02451753412,0.008610299541,0.002637795173,0.08168857497,0.1223622048,0.06616017489,0.001989953002
7.68,0.1175612399,-0.10450767,0.1760956345,0.02355754321,0.002637792114,0.999996521,0.0501757711,0.9987404027,0,0,1.343617228,1.647345555,-1.444231274,1.412158167,0.01507161576,0.1227193107,0.1530060479,-1.288504399,1.603312028,1.311067977,1.407461406,-0.09245513607,0.04536315572,-0.4951588201,0.08256755342,-6.600839682e-05,0.07005702117,0.04088736116,-0.1568173575,0.06440328379,0.1099631284,-0.05689745604,-0.07560918435,-0.04095647659,0.1680212089,-0.09840977737,-0.1344462391,0.03546564082,0.008611980068,0.02427559398,0.008611980068,0.002637795173,0.08079357505,0.1223622048,0.067160749,0.001990588616
7.69,0.1193368297,-0.1042694803,0.1790227001,0.02408045764,0.002637792114,0.999996521,0.0501757711,0.9987404027,0,0,1.344442903,1.647344894,-1.443530703,1.412567041,0.01350344218,0.1233633435,0.1541056792,-1.289073374,1.602555936,1.310658413,1.409141618,-0.09343923385,0.04401869333,-0.4948041637,0.08439522762,-6.84703962e-05,0.07119941482,0.04221719647,-0.1592274778,0.06526204072,0.111892321,-0.05817521294,-0.07696021155,-0.04161415989,0.1713899503,-0.1000563282,-0.1369230463,0.03608350539,0.008613698869,0.02402924919,0.008613698869,0.002637795173,0.07978576841,0.1223622048,0.06817808635,0.0019912487
7.7,0.1211416997,-0.1040260598,0.1819514979,0.02460368154,0.002637792114,0.999996521,0.0501757711,0.9987404027,0,0,1.345286855,1.64734421,-1.442818709,1.412989213,0.01191116741,0.1240159639,0.1552246024,-1.289655126,1.601786334,1.310242271,1.410855518,-0.09443979713,0.04264946287,-0.4944433287,0.08563703721,-7.041060117e-05,0.07307092073,0.04334738274,-0.1616643594,0.066996557,0.1132762043,-0.05906509993,-0.07835586859,-0.04251664898,0.1746752589,-0.1015613279,-0.1393936605,0.03723210095,0.008615456055,0.02377848549,0.008615456055,0.002637795173,0.07865955215,0.1223622048,0.06921220003,0.001991933404
7.71,0.1229758618,-0.1037774063,0.1848809376,0.02512702009,0.002637792114,0.999996521,0.0501757711,0.9987404027,0,0,1.346143226,1.647343506,-1.442088,1.413422686,0.01029452381,0.1246859295,0.1563573645,-1.290245777,1.601002775,1.309817105,1.41260227,-0.09545541041,0.04125552627,-0.4940710077,0.08669241587,-7.182253396e-05,0.07517273771,0.04441593245,-0.1641001368,0.06901153851,0.1144888593,-0.05982779087,-0.07976858493,-0.04349541114,0.1779331677,-0.103020401,-0.1418638909,0.03855338142,0.008617239453,0.0235231523,0.008617239453,0.002637795173,0.07729171279,0.1223622048,0.07003312284,0.00199263751
7.72,0.124839317,-0.1035235196,0.1878099425,0.02565028097,0.002637792114,0.999996521,0.0501757711,0.9987404027,0,0,1.34701015,1.647342787,-1.441336273,1.413866846,0.008653522445,0.1253760449,0.1575022531,-1.290844055,1.600205089,1.30938215,1.414381602,-0.09648561442,0.03983688736,-0.4936854738,0.08850745793,-7.37685363e-05,0.07633104843,0.04574682418,-0.1664834652,0.06990134659,0.1164169878,-0.06108094599,-0.0811326036,-0.04415153599,0.1812953665,-0.1046576884,-0.1443464581,0.03919996976,0.008619045223,0.0232631929,0.008619045223,0.002637795173,0.07571625883,0.1223622048,0.07056696349,0.001993355735
7.73,0.1267320556,-0.1032644016,0.1907374501,0.02617327437,0.002637792114,0.999996521,0.0501757711,0.9987404027,0,0,1.347895224,1.64734205,-1.440572962,1.414324314,0.006988687793,0.1260750584,0.1586664229,-1.291454865,1.599393763,1.308940635,1.416194556,-0.0975321913,0.03839342278,-0.4932934741,0.09032427896,-7.569868448e-05,0.07748562808,0.04707921986,-0.1688572036,0.07079059813,0.1183504864,-0.06232949197,-0.08249949629,-0.04480339152,0.1846534874,-0.1062918788,-0.1468290111,0.03984936538,0.008620889217,0.02299877358,0.008620889217,0.002637795173,0.07411356383,0.1223622048,0.07110919323,0.001994093421
7.74,0.1286540575,-0.1030000557,0.1936624122,0.02669581301,0.002637792114,0.999996521,0.0501757711,0.9987404027,0,0,1.348798467,1.647341293,-1.439798106,1.414795106,0.005300115756,0.1267829643,0.1598499278,-1.292078159,1.598568768,1.308492601,1.418041091,-0.09859511009,0.03692513266,-0.4928949805,0.0921423016,-7.761196061e-05,0.07863599893,0.0484127006,-0.171220326,0.071678978,0.1202888199,-0.06357289909,-0.08386886365,-0.0454506587,0.1880062953,-0.1079223458,-0.1493107051,0.04050141143,0.008622771498,0.02272988546,0.008622771498,0.002637795173,0.07248364659,0.1223622048,0.07165980626,0.001994850408
7.75,0.1306052919,-0.1027304874,0.1965837943,0.0272177121,0.002637792114,0.999996521,0.0501757711,0.9987404027,0,0,1.34971989,1.647340517,-1.439011746,1.415279233,0.003587912496,0.1274997541,0.161052816,-1.292713888,1.597730079,1.308038095,1.419921154,-0.09967433355,0.03543202561,-0.4924899664,0.09391165933,-7.942216076e-05,0.07980179395,0.04955697344,-0.1735718201,0.07270592413,0.1222274413,-0.06475695237,-0.08522928583,-0.04610835822,0.1911625125,-0.1095671952,-0.151659028,0.04114514235,0.008624692121,0.022456521,0.008624692121,0.002637795173,0.07082653562,0.1223622048,0.07221879382,0.001995626527
7.76,0.132585718,-0.1024557042,0.1995005762,0.02773878935,0.002637792114,0.999996521,0.0501757711,0.9987404027,0,0,1.350659007,1.647339722,-1.438213728,1.415774803,0.001852194295,0.1282268134,0.1622750904,-1.293361458,1.596877787,1.307577011,1.421832779,-0.1007700055,0.03391543533,-0.492078515,0.09546737001,-8.102338933e-05,0.08105055714,0.04987928166,-0.1759122774,0.07433626656,0.1241506172,-0.06570336179,-0.08654340462,-0.0468272829,0.1934910169,-0.1112884295,-0.153436908,0.04174325956,0.008626650103,0.02217870913,0.008626650103,0.002637795173,0.06923086064,0.1223622048,0.07278614417,0.001996420749
7.77,0.1345952848,-0.102175715,0.2024117514,0.02825886501,0.002637792114,0.999996521,0.0501757711,0.9987404027,0,0,1.351613681,1.647338912,-1.437403222,1.416273596,9.307152114e-05,0.128970176,0.1635165966,-1.294018492,1.596012353,1.307108738,1.423767689,-0.1018828898,0.03238106625,-0.4916610824,0.09727854441,-8.318814118e-05,0.08219009614,0.0511881013,-0.1782404167,0.0752384408,0.126096477,-0.06692291879,-0.0879159078,-0.04746104707,0.1968005851,-0.1129070321,-0.1558974787,0.04239882877,0.008628641015,0.0218965981,0.008628641015,0.002637795173,0.06807946414,0.1223622048,0.07336184269,0.001997230983
7.78,0.1366339311,-0.1018905308,0.205316328,0.02877776181,0.002637792114,0.999996521,0.0501757711,0.9987404027,0,0,1.352586466,1.64733808,-1.436581321,1.416785477,-0.001689332646,0.1297225604,0.1647775613,-1.294687721,1.595133193,1.306634128,1.425735695,-0.1030119601,0.03082209147,-0.4912370941,0.09908862746,-8.534761582e-05,0.0833236954,0.05249627594,-0.1805541488,0.07613857583,0.1280449119,-0.06813536815,-0.08928929701,-0.04808901813,0.2001002369,-0.1145195313,-0.1583540458,0.04305632238,0.008630670186,0.02161000246,0.008630670186,0.002637795173,0.06691140626,0.1223622048,0.0739458719,0.001998062864
7.79,0.1387015861,-0.1016001643,0.2082133276,0.02929530502,0.002637792114,0.999996521,0.0501757711,0.9987404027,0,0,1.353577352,1.647337227,-1.435748084,1.41731044,-0.003494874133,0.1304839462,0.1660580105,-1.295369074,1.594240301,1.306153238,1.427736697,-0.1041571554,0.02923855101,-0.4908065308,0.1000291233,-8.6318069e-05,0.0855119951,0.05352239045,-0.1828987908,0.07829940624,0.1291783669,-0.06877118553,-0.09072081533,-0.04908623173,0.2032603262,-0.1159329456,-0.160784341,0.04448610424,0.008632737621,0.02131892002,0.008632737621,0.002637795173,0.06572672764,0.1223622048,0.07453821149,0.00199891634
7.8,0.1407981692,-0.1013046298,0.2111017862,0.02981132238,0.002637792114,0.999996521,0.0501757711,0.9987404027,0,0,1.354577644,1.647336364,-1.434892965,1.417845663,-0.005323862041,0.1312669403,0.1673497941,-1.296056786,1.593333092,1.305662375,1.4297693,-0.1053164849,0.0276307076,-0.4903616698,0.1011287379,-8.723115805e-05,0.08749245277,0.05460101878,-0.1852114287,0.08022100971,0.1304645395,-0.06950486286,-0.09214173382,-0.05000775821,0.2064329721,-0.1173763937,-0.1632142138,0.04577420952,0.008634825231,0.02102315368,0.008634825231,0.002637795173,0.06418978753,0.1223622048,0.07547452553,0.001999779521
7.81,0.1429235902,-0.1010039435,0.2139807537,0.03032564418,0.002637792114,0.999996521,0.0501757711,0.9987404027,0,0,1.355588931,1.647335491,-1.43401804,1.418391674,-0.007175976329,0.1320691504,0.1686544395,-1.296751835,1.592411675,1.305162298,1.43183363,-0.1064902488,0.02599856546,-0.4899039277,0.1029106566,-8.897991726e-05,0.08862695935,0.0559002082,-0.1874680068,0.08114224176,0.1323963555,-0.07067917467,-0.09351691943,-0.05062657006,0.2096940439,-0.1189643895,-0.1656550975,0.04645562706,0.008636936366,0.02072274063,0.008636936366,0.002637795173,0.06236312355,0.1223622048,0.07669230219,0.002000651833
7.82,0.1450777495,-0.1006981231,0.2168492941,0.03083810319,0.002637792114,0.999996521,0.0501757711,0.9987404027,0,0,1.356618037,1.647334602,-1.43313177,1.418950676,-0.009050656396,0.1328805728,0.1699784031,-1.297458627,1.591476506,1.304656032,1.43393057,-0.1076798927,0.02434201449,-0.4894393714,0.1046894077,-9.070447997e-05,0.08975351254,0.05719733879,-0.1897061097,0.08206006003,0.1343287232,-0.07184455644,-0.09489148014,-0.05123846888,0.2129408087,-0.1205441258,-0.1680889683,0.04713828855,0.008639085273,0.02041783744,0.008639085273,0.002637795173,0.06051176083,0.1223622048,0.0779265447,0.002001541632
7.83,0.1472605382,-0.1003871882,0.2197064853,0.03134853471,0.002637792114,0.999996521,0.0501757711,0.9987404027,0,0,1.357664932,1.647333694,-1.432234235,1.419522649,-0.01094771749,0.1337011734,0.1713216903,-1.298177072,1.590527591,1.304143647,1.436059979,-0.108885334,0.0226611248,-0.4889679886,0.1064644779,-9.24040245e-05,0.09087169603,0.05849204011,-0.1919248695,0.08297417238,0.1362611461,-0.07300056676,-0.09626504727,-0.05184318879,0.2161721991,-0.1221150631,-0.1705150826,0.04782203474,0.008641271916,0.02010844704,0.008641271916,0.002637795173,0.05863579295,0.1223622048,0.07917719065,0.002002448677
7.84,0.1494718383,-0.1000711597,0.2225514195,0.03185677653,0.002637792114,0.999996521,0.0501757711,0.9987404027,0,0,1.358729576,1.64733277,-1.431325518,1.42010757,-0.01286696619,0.1345309151,0.1726843018,-1.298907078,1.589564941,1.303625215,1.438221701,-0.1101064846,0.02095597398,-0.4884897682,0.1079639029,-9.371118355e-05,0.09210660982,0.0587229634,-0.19413161,0.08466931295,0.1381572614,-0.07386119902,-0.09757445619,-0.05252903061,0.2183509375,-0.1237869369,-0.172208361,0.04843668725,0.00864349625,0.01979457361,0.00864349625,0.002637795173,0.05673532135,0.1223622048,0.08044417243,0.002003372717
7.85,0.1517115228,-0.09975006046,0.2253832028,0.03236266897,0.002637792114,0.999996521,0.0501757711,0.9987404027,0,0,1.359809215,1.647331833,-1.430404452,1.420694799,-0.01480828229,0.1353776082,0.1740658744,-1.29964569,1.588589196,1.303099925,1.44040521,-0.111344354,0.01923389037,-0.4880054013,0.1096459006,-9.56035016e-05,0.09324938927,0.05968500658,-0.1963160366,0.08581647014,0.1400748835,-0.07491082183,-0.09892543831,-0.05314526636,0.2212353571,-0.1253731639,-0.1743979873,0.04909845735,0.008645752552,0.01947642313,0.008645752552,0.002637795173,0.05465670554,0.1223622048,0.08188116677,0.002004309829
7.86,0.1539794556,-0.09942391468,0.2282009554,0.03286605484,0.002637792114,0.999996521,0.0501757711,0.9987404027,0,0,1.360905674,1.647330877,-1.429471958,1.421291649,-0.01677144265,0.1362357729,0.1754666232,-1.300394798,1.587599942,1.302568472,1.442617564,-0.1125980856,0.01748991049,-0.4875144168,0.1113997853,-9.763327977e-05,0.0943475795,0.06094516959,-0.198477044,0.08673582097,0.1420008845,-0.0760312601,-0.1002921649,-0.05372828193,0.2243969163,-0.1269177697,-0.1767843396,0.04978038594,0.008648044633,0.01915386436,0.008648044633,0.002637795173,0.05265665037,0.1223622048,0.08323150801,0.002005265864
7.87,0.1562754922,-0.09909274823,0.2310038114,0.03336677947,0.002637792114,0.999996521,0.0501757711,0.9987404027,0,0,1.362019672,1.647329901,-1.428528483,1.421901101,-0.01875621309,0.1371031311,0.1768866321,-1.301155111,1.58659702,1.30203119,1.444861533,-0.1138672633,0.0157220671,-0.4870166129,0.1120118272,-9.8613953e-05,0.09680470271,0.06185886251,-0.2006749274,0.08926905403,0.14285395,-0.07639177241,-0.101727547,-0.05480601572,0.2273664129,-0.128217905,-0.1791212573,0.0514633281,0.008650374018,0.01882684829,0.008650374018,0.002637795173,0.05080440605,0.1223622048,0.08442598744,0.002006242197
7.88,0.1585994793,-0.09875658847,0.2337909191,0.03386469071,0.002637792114,0.999996521,0.0501757711,0.9987404027,0,0,1.36313979,1.647328915,-1.427560435,1.42251969,-0.02076296237,0.1379958217,0.1783151716,-1.301919028,1.585579744,1.301483129,1.447135197,-0.1151494424,0.01393085452,-0.4865019796,0.1131314724,-0.0001000527171,0.09862687125,0.06292477586,-0.2028132946,0.09106265387,0.1441881349,-0.0770802127,-0.1031283114,-0.05564879699,0.2303950181,-0.1296143434,-0.1814662257,0.05269396552,0.008652716854,0.01849514119,0.008652716854,0.002637795173,0.0497614643,0.1223622048,0.08567392477,0.002007228336
7.89,0.1609512553,-0.09841546429,0.2365614409,0.03435963889,0.002637792114,0.999996521,0.0501757711,0.9987404027,0,0,1.364271105,1.647327914,-1.426574167,1.423148937,-0.02279109531,0.1389064482,0.1797570529,-1.302689831,1.584548461,1.300926641,1.449439147,-0.1164455858,0.01211619227,-0.48597504,0.1148456757,-0.0001020286088,0.09971276157,0.06416777114,-0.2048939379,0.09199364966,0.1460858959,-0.0781533858,-0.1044883834,-0.05621700702,0.233494227,-0.1311231108,-0.1838204014,0.05339510115,0.00865508377,0.01815886249,0.00865508377,0.002637795173,0.04908773042,0.1223622048,0.08702139128,0.002008228863
7.9,0.1633306501,-0.09806940606,0.239314553,0.03485147689,0.002637792114,0.999996521,0.0501757711,0.9987404027,0,0,1.365419562,1.647326894,-1.425577039,1.423790615,-0.02484003469,0.1398263847,0.1812179119,-1.303471364,1.583503578,1.300364471,1.451774089,-0.1177568169,0.01027798825,-0.485441089,0.1165528504,-0.0001039917551,0.1007873755,0.06540594725,-0.2069494407,0.09291872863,0.1479802854,-0.0792145345,-0.1058449662,-0.05677632845,0.2365714198,-0.1326197165,-0.1861621717,0.05409601121,0.008657487227,0.01781815205,0.008657487227,0.002637795173,0.04840608432,0.1223622048,0.0883846822,0.002009249149
7.91,0.1657374856,-0.09771844561,0.242049446,0.03534006006,0.002637792114,0.999996521,0.0501757711,0.9987404027,0,0,1.36658509,1.647325854,-1.424569165,1.424444675,-0.0269095291,0.140755572,0.1826977147,-1.30426351,1.582445128,1.299796708,1.454139803,-0.1190830141,0.008416366537,-0.4849001288,0.1181087154,-0.0001048701589,0.1019226501,0.06606267177,-0.2089862036,0.09426685585,0.1498441698,-0.08011607894,-0.107163889,-0.05737698875,0.2390737238,-0.1341664083,-0.1881018992,0.05475413382,0.008659927108,0.01747302255,0.008659927108,0.002637795173,0.04771657705,0.1223622048,0.08976369546,0.002010289067
7.92,0.1681715757,-0.09736261619,0.2447653242,0.03582524628,0.002637792114,0.999996521,0.0501757711,0.9987404027,0,0,1.367766178,1.647324805,-1.423549939,1.425105301,-0.02899939114,0.1416982406,0.1841961564,-1.305064671,1.581373489,1.299222938,1.456530541,-0.1204246782,0.006535347545,-0.4843525875,0.1195653775,-0.000104729907,0.1030944932,0.06635058617,-0.2110040019,0.09587853333,0.1516834791,-0.08091351154,-0.108457152,-0.0579998754,0.2412094374,-0.1357399438,-0.189786621,0.05538310351,0.008662400342,0.01712359591,0.008662400342,0.002637795173,0.04684464233,0.1223622048,0.09115832439,0.002011337768
7.93,0.1706327261,-0.09700195247,0.2474614061,0.03630689594,0.002637792114,0.999996521,0.0501757711,0.9987404027,0,0,1.368961831,1.647323758,-1.422518994,1.425768807,-0.03110943115,0.1426570259,0.1857129912,-1.305873806,1.580288917,1.298642939,1.458942635,-0.1217820776,0.004637481335,-0.4837987565,0.1212417164,-0.0001061161784,0.1041406783,0.06754772813,-0.2129847781,0.09680168055,0.153558682,-0.08193231512,-0.1097995312,-0.05853303054,0.2441993391,-0.1372005806,-0.1920765165,0.05607776943,0.008664904945,0.01676995606,0.008664904945,0.002637795173,0.04554069604,0.1223622048,0.09256845778,0.002012385068
7.94,0.1731207352,-0.09663649051,0.2501369244,0.03678487193,0.002637792114,0.999996521,0.0501757711,0.9987404027,0,0,1.370174249,1.647322697,-1.421477587,1.426444284,-0.03323927894,0.1436250427,0.187248578,-1.306693129,1.579190922,1.298057609,1.461384628,-0.1231540834,0.00271671617,-0.4832379788,0.122079443,-0.0001067073223,0.1061596679,0.06850530358,-0.2149804785,0.09887745531,0.1546431416,-0.09033612626,-0.08285716652,-0.02244954604,0.2470310119,-0.1717808588,-0.1897598948,0.09100636096,0.008667445448,0.01641194807,0.008667445448,0.002637795173,0.04401415866,0.1223622048,0.09399398003,0.002013446229
7.95,0.1756353935,-0.09626626773,0.2527911255,0.03725903966,0.002637792114,0.999996521,0.0501757711,0.9987404027,0,0,1.371395043,1.64732163,-1.420415991,1.427129337,-0.03538908372,0.1446138172,0.1887950095,-1.30759649,1.57836235,1.297833114,1.463854939,-0.124871892,0.0008191172217,-0.4823279152,0.1226539938,-0.0001077793242,0.1084623199,0.0693874711,-0.2169522372,0.1012976405,0.1554826266,-0.1010269372,-0.04716852265,0.02477407575,0.2497970948,-0.2164505333,-0.185992228,0.1365141606,0.008670004304,0.01614278522,0.008670004304,0.002637795173,0.04256942324,0.1223622048,0.09495899849,0.002014513303
7.96,0.1781764842,-0.09589132285,0.2554232701,0.03772926705,0.002637792114,0.999996521,0.0501757711,0.9987404027,0,0,1.372621583,1.647320552,-1.419331367,1.427823212,-0.03755860609,0.1456267937,0.1903498357,-1.308606759,1.577890665,1.298080854,1.46635291,-0.1270363973,-0.001040805058,-0.4809627736,0.1242816402,-0.0001101165938,0.109487626,0.07056297796,-0.2188366718,0.1022235977,0.1573222477,-0.1022431378,-0.04766015803,0.02508753355,0.2527069674,-0.2186498223,-0.1880769305,0.1382144636,0.008672575953,0.01599128137,0.008672575953,0.002637795173,0.0416073564,0.1223622048,0.09547479097,0.002015591096
7.97,0.180743783,-0.09551169595,0.258032633,0.03819542452,0.002637792114,0.999996521,0.0501757711,0.9987404027,0,0,1.373864399,1.647319451,-1.418236491,1.428528842,-0.03974697281,0.1466490296,0.1919230582,-1.309629191,1.577414064,1.29833173,1.468879979,-0.1292228955,-0.002921574363,-0.4795806289,0.1258992686,-0.0001124557774,0.1104990995,0.07173160164,-0.2206911088,0.1031414615,0.1591552923,-0.1034456019,-0.04814643815,0.02540178666,0.2555891199,-0.2208267827,-0.1901443458,0.1399126419,0.008675182468,0.01583820119,0.008675182468,0.002637795173,0.04085606538,0.1223622048,0.09621823185,0.002016692262
7.98,0.1833370586,-0.09512742835,0.2606185028,0.03865738501,0.002637792114,0.999996521,0.0501757711,0.9987404027,0,0,1.375123392,1.647318326,-1.4171315,1.429246158,-0.0419538839,0.1476804442,0.1935146111,-1.310663647,1.576932599,1.298585748,1.47143587,-0.1314311634,-0.004823017821,-0.4781815025,0.1272422246,-0.0001135952635,0.111642589,0.07180779726,-0.2225359838,0.1048638203,0.1609183894,-0.104370086,-0.04856489395,0.0256187169,0.2574237408,-0.2231036377,-0.1914701026,0.1415175365,0.008677823666,0.01568356257,0.008677823666,0.002637795173,0.04032314705,0.1223622048,0.09719676909,0.002017816819
7.99,0.1859560724,-0.09473856266,0.2631801823,0.03911502395,0.002637792114,0.999996521,0.0501757711,0.9987404027,0,0,1.376395814,1.64731719,-1.416015074,1.429964236,-0.04417924374,0.1487290824,0.195123795,-1.311707348,1.57644695,1.298841935,1.474010108,-0.1336621997,-0.006737718847,-0.4767663271,0.1287037631,-0.0001139109893,0.1127030694,0.07240916496,-0.2243432822,0.1061772937,0.1626995102,-0.1054117771,-0.04900858719,0.02588439063,0.2597369679,-0.2252966167,-0.1931381213,0.1431604556,0.00868049388,0.01552758201,0.00868049388,0.002637795173,0.03985463093,0.1221815482,0.09807562144,0.002018952772
8,0.1886005793,-0.09434514269,0.2657169885,0.0395682193,0.002637792114,0.999996521,0.0501757711,0.9987404027,0,0,1.377682852,1.647316051,-1.414888043,1.430688328,-0.04642267656,0.1497908554,0.1967507901,-1.312761465,1.575956864,1.299100779,1.476607477,-0.1359151659,-0.00866910006,-0.4753347226,0.1302825705,-0.0001144853381,0.1136784531,0.07353083036,-0.226109577,0.1070861196,0.1645021087,-0.1065676218,-0.04947691472,0.02619836167,0.2625177719,-0.2274057081,-0.1951406612,0.1448434164,0.00868319569,0.01537017981,0.00868319569,0.002637795173,0.0391412026,0.1221081365,0.09883321807,0.002020091882
8.01,0.1912703271,-0.09394721348,0.268228252,0.04001685152,0.002637792114,0.999996521,0.0501757711,0.9987404027,0,0,1.378985678,1.647314906,-1.413751259,1.431423636,-0.04868377233,0.1508617166,0.1983958112,-1.313827142,1.575462095,1.299362762,1.479232655,-0.138189223,-0.01062050667,-0.4738862884,0.130348747,-0.000113876389,0.1163927101,0.07425318164,-0.2279191622,0.1100405682,0.1648746583,-0.1126682969,-0.02848328089,0.05299601085,0.2650198553,-0.2547049699,-0.1917650435,0.1730412002,0.008685931572,0.01521127842,0.008685931572,0.002637795173,0.0381776513,0.1222758295,0.09959804568,0.002021236735
8.02,0.193965057,-0.09354482126,0.270713318,0.0404608036,0.002637792114,0.999996521,0.0501757711,0.9987404027,0,0,1.380289165,1.647313768,-1.412587332,1.432166168,-0.05096296395,0.1519621223,0.2000445578,-1.314953825,1.575177263,1.299892722,1.481882854,-0.1407362727,-0.01253815711,-0.4721558764,0.1313414958,-0.0001149646887,0.1179888136,0.07521516678,-0.2296371752,0.1116968587,0.1661286344,-0.115674466,-0.02084509359,0.06320171107,0.2676481408,-0.2662041024,-0.1916990427,0.1847204245,0.008688669763,0.01512162223,0.008688669763,0.002637795173,0.03728649161,0.1223622048,0.09980315715,0.002022375499
8.03,0.196684504,-0.09313801339,0.2731715453,0.040899961,0.002637792114,0.999996521,0.0501757711,0.9987404027,0,0,1.38160258,1.647312618,-1.411407444,1.432918319,-0.0532593357,0.1530790908,0.2017058441,-1.316110569,1.574968812,1.30052474,1.484559335,-0.1433983137,-0.01445514753,-0.4703086722,0.1328650298,-0.0001166009892,0.1189336699,0.07631077476,-0.2312926981,0.1125992303,0.1678879404,-0.1168742175,-0.02095548796,0.06381762362,0.2703347596,-0.2685508102,-0.1935481874,0.1868105866,0.008691429668,0.01505723017,0.008691429668,0.002637795173,0.0364728759,0.1223622048,0.09980315715,0.002023525146
8.04,0.1994283964,-0.09272683839,0.2756023069,0.04133421172,0.002637792114,0.999996521,0.0501757711,0.9987404027,0,0,1.38293123,1.647311452,-1.410218107,1.433681427,-0.05557226269,0.1542050832,0.2033847235,-1.317279311,1.574759257,1.301162916,1.487262683,-0.1460838218,-0.01639062941,-0.4684405663,0.1341898084,-0.0001185920232,0.1199751318,0.07662329143,-0.2329342802,0.1140750073,0.1695848042,-0.1178788369,-0.02101964753,0.06435777993,0.2722754623,-0.270957804,-0.1948646391,0.1888219153,0.008694222454,0.01499256857,0.008694222454,0.002637795173,0.03565052592,0.1223622048,0.09980315715,0.002024691156
8.05,0.2021964565,-0.09231134588,0.27800499,0.04176344626,0.002637792114,0.999996521,0.0501757711,0.9987404027,0,0,1.384273128,1.647310266,-1.409018356,1.43444766,-0.05790160549,0.1553458332,0.2050805716,-1.3184581,1.57454906,1.301806494,1.489985437,-0.1487933999,-0.0183392758,-0.4665523472,0.1354573998,-0.0001201839813,0.1210298042,0.07674795276,-0.2345504293,0.115673773,0.1712546083,-0.1188275096,-0.02106966297,0.06487705086,0.2740247925,-0.2733549914,-0.1960466829,0.1908060376,0.008697043928,0.01492778514,0.008697043928,0.002637795173,0.03519684914,0.1219848964,0.09980315715,0.002025877076
8.06,0.2049884006,-0.09189158655,0.2803789957,0.04218755764,0.002637792114,0.999996521,0.0501757711,0.9987404027,0,0,1.385627702,1.647309064,-1.407808058,1.43521514,-0.06024710978,0.156502571,0.2067931177,-1.319646375,1.574338364,1.302455264,1.492725685,-0.1515269498,-0.02029974263,-0.4646442868,0.136934571,-0.0001211181908,0.1219341001,0.0777928506,-0.2361096301,0.116560861,0.1729754575,-0.1199757808,-0.02116355597,0.06547777743,0.2765992855,-0.2756130488,-0.1978235274,0.1928689224,0.008699892935,0.01486292599,0.008699892935,0.002637795173,0.03519684914,0.1211453773,0.09980315715,0.002027078916
8.07,0.2078039389,-0.09146761215,0.2827237391,0.04260644137,0.002637792114,0.999996521,0.0501757711,0.9987404027,0,0,1.386997048,1.647307853,-1.406588717,1.435993068,-0.06260820608,0.1576681796,0.2085228722,-1.320846133,1.574126728,1.303110042,1.495491678,-0.1542830803,-0.0222779779,-0.4627155976,0.1374785562,-0.000121193039,0.1238820474,0.07860684154,-0.2376807688,0.1186703182,0.1738139458,-0.1206295571,-0.02054937276,0.06615121723,0.2789812929,-0.2788483422,-0.1980887493,0.1964065139,0.008702773968,0.01479785474,0.008702773968,0.002637795173,0.03519684914,0.120297428,0.09980315715,0.002028290098
8.08,0.2106427759,-0.09103947548,0.2850386494,0.04301999548,0.002637792114,0.999996521,0.0501757711,0.9987404027,0,0,1.388371834,1.647306641,-1.405349896,1.436779136,-0.06498501377,0.1588548827,0.2102610117,-1.322052428,1.573921234,1.303771554,1.498281491,-0.1570715637,-0.02425886539,-0.4607515324,0.1376613382,-0.0001209189826,0.1262073187,0.0793301852,-0.2392219341,0.1212323346,0.1743104897,-0.1210850919,-0.019663728,0.06684678243,0.2812705098,-0.2824383877,-0.1977640611,0.2004996571,0.00870566741,0.01473485594,0.00870566741,0.002637795173,0.03519684914,0.1196425223,0.09980315715,0.002029502028
8.09,0.2135046106,-0.09060723034,0.2873231699,0.04342812051,0.002637792114,0.999996521,0.0501757711,0.9987404027,0,0,1.389748447,1.647305432,-1.404087823,1.437572438,-0.06737723311,0.1600672061,0.2120041166,-1.323263279,1.573724597,1.304440022,1.501094196,-0.1598959476,-0.02623650601,-0.4587465358,0.1390802796,-0.0001217243129,0.127070669,0.08034598329,-0.2406581984,0.1221046719,0.1759797002,-0.1221731823,-0.01972796861,0.06743129583,0.283740472,-0.2846264148,-0.1994406337,0.2025696892,0.008708565663,0.01467480817,0.008708565663,0.002637795173,0.03519684914,0.1194583458,0.09980315715,0.002030711218
8.1,0.2163891362,-0.09017093149,0.289576758,0.04383071952,0.002637792114,0.999996521,0.0501757711,0.9987404027,0,0,1.39113925,1.647304215,-1.402817116,1.438375898,-0.06978381509,0.1612882528,0.2137639136,-1.324485011,1.573527317,1.305114335,1.503931601,-0.1627422117,-0.02823091234,-0.4567208389,0.1402291749,-0.0001219325887,0.1280849015,0.08025788606,-0.2420925546,0.12379401,0.1775489623,-0.1230052867,-0.01973422414,0.06790462998,0.2851860756,-0.2869115111,-0.2003776852,0.2045149281,0.008711494765,0.01461465113,0.008711494765,0.002637795173,0.03519684914,0.1195588383,0.09980315715,0.002031928461
8.11,0.2192960408,-0.08973063468,0.2917988849,0.04422769805,0.002637792114,0.999996521,0.0501757711,0.9987404027,0,0,1.392541542,1.647302995,-1.401536267,1.439178477,-0.07220474064,0.1625261929,0.2155394032,-1.325715064,1.573329975,1.305793381,1.506783462,-0.1656113268,-0.0302346892,-0.4546756897,0.1414488812,-0.0001228698814,0.1290293685,0.08053756184,-0.2434853097,0.1251829147,0.179132651,-0.1239047866,-0.01975361959,0.0684093272,0.2869454642,-0.2891174048,-0.2015453661,0.2064856001,0.008714449075,0.01455456682,0.008714449075,0.002637795173,0.03519684914,0.119881626,0.09980315715,0.002033147787
8.12,0.2222250073,-0.08928639657,0.293989036,0.04461896418,0.002637792114,0.999996521,0.0501757711,0.9987404027,0,0,1.39395603,1.647301767,-1.400245974,1.439983853,-0.07463959374,0.1637780221,0.2173307297,-1.326954112,1.573132439,1.306477474,1.509652916,-0.1685025009,-0.03225014286,-0.4526108337,0.1428145697,-0.0001242768403,0.129850544,0.08149960698,-0.2448209467,0.1260338853,0.1807582702,-0.124938405,-0.01980110321,0.06897578658,0.2892963072,-0.2912065232,-0.2031449732,0.2085177406,0.008717430054,0.01449451599,0.008717430054,0.002637795173,0.03519684914,0.1199794516,0.09980315715,0.002034376486
8.13,0.2251757133,-0.08883827474,0.2961467108,0.04500442849,0.002637792114,0.999996521,0.0501757711,0.9987404027,0,0,1.395384176,1.647300524,-1.398947468,1.440798849,-0.0770878032,0.1650383609,0.2191383124,-1.328203496,1.572934428,1.307167232,1.512545879,-0.1714145661,-0.03428159259,-0.4505256563,0.1431975535,-0.0001242522227,0.1317503985,0.08223802276,-0.2461700841,0.1281412254,0.1814568865,-0.1252771102,-0.01974371632,0.06880648478,0.2914376357,-0.2935932451,-0.2032495411,0.2113253146,0.008720440773,0.01443441352,0.008720440773,0.002637795173,0.03519684914,0.1197754139,0.09980315715,0.002035619254
8.14,0.2281478316,-0.08838632763,0.2982714229,0.04538400406,0.002637792114,0.999996521,0.0501757711,0.9987404027,0,0,1.396816152,1.647299281,-1.397629964,1.441621229,-0.07954950405,0.1663197732,0.2209528813,-1.329456267,1.572736991,1.307855297,1.515460256,-0.1743504986,-0.036314088,-0.4484124031,0.1431927085,-0.0001231339944,0.134045895,0.08288724443,-0.24748707,0.1307208329,0.1817885862,-0.1253337802,-0.01964583278,0.06834868649,0.2934764854,-0.2960782591,-0.2027604413,0.214423485,0.008723460572,0.01437454476,0.008723460572,0.002637795173,0.03496479578,0.1191348584,0.09980315715,0.002036861777
8.15,0.2311410303,-0.08793061457,0.3003626997,0.04575760649,0.002637792114,0.999996521,0.0501757711,0.9987404027,0,0,1.398248079,1.64729805,-1.396289505,1.442450101,-0.08202437474,0.1676269815,0.2227707672,-1.330709605,1.572540532,1.308538784,1.518395021,-0.1773112811,-0.03834169241,-0.4462681683,0.1444692195,-0.0001236151385,0.1348368507,0.08370288958,-0.2486950468,0.1316370976,0.1833456479,-0.1262733335,-0.0196751965,0.06887255341,0.295610621,-0.2980894452,-0.2041839372,0.2164196242,0.008726481323,0.01431502001,0.008726481323,0.002637795173,0.03418947303,0.1182234317,0.09980315715,0.002038093117
8.16,0.2341549727,-0.08747119569,0.3024200829,0.04612515389,0.002637792114,0.999996521,0.0501757711,0.9987404027,0,0,1.399692771,1.647296814,-1.394941137,1.44328713,-0.08451132521,0.1689433525,0.2246042236,-1.331972338,1.57234378,1.309227509,1.521351127,-0.1802921756,-0.04038353178,-0.444103972,0.1453561458,-0.0001233367652,0.1358783322,0.08287585629,-0.2499287383,0.1337818725,0.1847370999,-0.1268583026,-0.01962904084,0.06923211301,0.2962576369,-0.3002628383,-0.2045253788,0.2182119588,0.008729530028,0.01425550329,0.008729530028,0.002637795173,0.03308278103,0.1173622021,0.09980315715,0.002039329268
8.17,0.2371893175,-0.08700813194,0.304443128,0.04648656686,0.002637792114,0.999996521,0.0501757711,0.9987404027,0,0,1.401146332,1.64729558,-1.393582353,1.444115889,-0.0870106126,0.1702811712,0.2264515946,-1.333240921,1.57214749,1.309919831,1.524313703,-0.183294804,-0.04242878557,-0.4419218524,0.1466191998,-0.0001245903452,0.1366235701,0.08376169145,-0.2510656206,0.1345965308,0.1862681097,-0.1277857118,-0.01965319691,0.06975417521,0.2984090944,-0.3021896479,-0.2059688958,0.2201871927,0.008732598514,0.01419622716,0.008732598514,0.002637795173,0.03184375431,0.1173622021,0.09980315715,0.002040562636
8.18,0.2402437193,-0.08654148506,0.3064314048,0.04684176855,0.002637792114,0.999996521,0.0501757711,0.9987404027,0,0,1.402612524,1.647294335,-1.392216118,1.444953506,-0.0895212688,0.1716271365,0.2283142757,-1.334518778,1.571950958,1.310617372,1.527297794,-0.1863167005,-0.04448847453,-0.4397199805,0.1478654655,-0.0001258220638,0.137349466,0.08463605947,-0.2521639686,0.1353970308,0.1877840415,-0.1286944334,-0.01967220232,0.07027024611,0.300521386,-0.30407975,-0.2073875178,0.222148604,0.008735694646,0.01413697823,0.008735694646,0.002637795173,0.03092151594,0.1173622021,0.09980315715,0.002041808539
8.19,0.2433178283,-0.08607131752,0.308384497,0.04719068458,0.002637792114,0.999996521,0.0501757711,0.9987404027,0,0,1.404091179,1.647293076,-1.390842623,1.445799866,-0.09204290849,0.1729811068,0.2301921162,-1.335805723,1.571754236,1.311320075,1.530303008,-0.189357498,-0.04656234971,-0.4374984945,0.1474937519,-0.0001245478916,0.1398505329,0.08517622066,-0.2533110474,0.1382429082,0.1877770347,-0.1284695364,-0.01952499907,0.06956994004,0.3022982742,-0.3064921794,-0.2063227506,0.2253680425,0.008738818089,0.01407777426,0.008738818089,0.002637795173,0.03032309616,0.1173622021,0.09980315715,0.00204306676
8.2,0.2464112906,-0.08559769256,0.3103020025,0.04753324309,0.002637792114,0.999996521,0.0501757711,0.9987404027,0,0,1.405566117,1.647291831,-1.389444118,1.446651629,-0.09457601896,0.1743635359,0.2320698865,-1.337090418,1.571558986,1.312015774,1.533325991,-0.1924224198,-0.04862557721,-0.435244814,0.147893664,-0.0001238006512,0.1414381277,0.08586820494,-0.2543595132,0.1400545932,0.1884975882,-0.1287702532,-0.01945543003,0.06945715422,0.3041829516,-0.3085982104,-0.2064404627,0.227944809,0.008741934752,0.0140190597,0.008741934752,0.002637795173,0.03019684926,0.1175036413,0.09921155132,0.002044312239
8.21,0.2495237484,-0.08512067408,0.3121835329,0.04786937475,0.002637792114,0.999996521,0.0501757711,0.9987404027,0,0,1.407045053,1.647290593,-1.388029736,1.447510311,-0.09711961409,0.1757640818,0.2339548624,-1.33837812,1.571364432,1.312710346,1.53636782,-0.1955084019,-0.05068998184,-0.432965366,0.1487538173,-0.0001232205949,0.1423564931,0.08527991607,-0.2553823104,0.1419201275,0.1898026882,-0.1293246934,-0.01940506564,0.06979454938,0.3049271088,-0.3105663417,-0.2068345342,0.2296906237,0.008745060942,0.01396062992,0.008745060942,0.002637795173,0.03019684926,0.1174337985,0.09831989641,0.002045550245
8.22,0.2526548401,-0.08464032671,0.3140287142,0.04819901272,0.002637792114,0.999996521,0.0501757711,0.9987404027,0,0,1.408532591,1.647289361,-1.386606171,1.44836311,-0.0996734372,0.1771832831,0.2358528893,-1.339671367,1.571170381,1.313408291,1.539417091,-0.1986140653,-0.05275832718,-0.4306684597,0.1498022625,-0.0001239171603,0.143100187,0.08560951546,-0.25633348,0.1430548912,0.1911822385,-0.1300457191,-0.0193883301,0.07022118647,0.3064520926,-0.3123801423,-0.2078102667,0.2315335226,0.008748206409,0.01390245681,0.008748206409,0.002637795173,0.03019684926,0.1173622021,0.09742290328,0.002046782451
8.23,0.2558042004,-0.08415671569,0.3158371864,0.04852209266,0.002637792114,0.999996521,0.0501757711,0.9987404027,0,0,1.410030614,1.647288122,-1.38517517,1.449219205,-0.102236772,0.178613832,0.2377647116,-1.340971825,1.570976498,1.314110503,1.542481612,-0.2017378667,-0.05483642985,-0.4283531245,0.1509395816,-0.0001249962112,0.1437418806,0.08640570397,-0.2572260369,0.143806891,0.1925944221,-0.1308420188,-0.01938591235,0.07069034821,0.3083555155,-0.3140960596,-0.2090700171,0.2334199487,0.008751375064,0.01384444087,0.008751375064,0.002637795173,0.03019684926,0.1173622021,0.09652067659,0.002048021623
8.24,0.2589714603,-0.08366990692,0.3176086033,0.04883855276,0.002637792114,0.999996521,0.0501757711,0.9987404027,0,0,1.41154001,1.647286872,-1.383737751,1.450083262,-0.1048090324,0.1800519009,0.2396906559,-1.342280245,1.570782639,1.314817407,1.545565167,-0.2048788273,-0.05692713002,-0.426018925,0.1517802896,-0.000125809158,0.1446707496,0.08713898644,-0.2580956225,0.1448942168,0.1937282418,-0.1314266239,-0.01935130408,0.07094226876,0.3101647484,-0.3158710071,-0.2098730702,0.2355051419,0.008754568781,0.01378654113,0.008754568781,0.002637795173,0.03019684926,0.1173622021,0.095613322,0.002049271585
8.25,0.2621562478,-0.0831799669,0.3193426331,0.04914833372,0.002637792114,0.999996521,0.0501757711,0.9987404027,0,0,1.413057813,1.647285613,-1.382291043,1.450954652,-0.1073899886,0.1815008431,0.2416279383,-1.343594511,1.570589126,1.315526829,1.548666815,-0.2080375374,-0.05902586072,-0.4236638736,0.1506599534,-0.0001248998166,0.1477188081,0.08750975995,-0.259029774,0.148410973,0.1930235905,-0.1306488428,-0.01912325308,0.06971562491,0.3115637554,-0.3182935198,-0.2076427268,0.2390778453,0.008757781297,0.01372884568,0.008757781297,0.002637795173,0.03019684926,0.1173622021,0.09480314702,0.002050529676
8.26,0.2653581873,-0.0826869627,0.3210389577,0.04945137873,0.002637792114,0.999996521,0.0501757711,0.9987404027,0,0,1.414564412,1.647284364,-1.380813855,1.451829749,-0.1099802863,0.1829849528,0.2435581742,-1.344900999,1.570397893,1.316223986,1.551782452,-0.2112204726,-0.06110228799,-0.4212730951,0.1514645716,-0.000123853681,0.1485239596,0.08705433339,-0.2598437249,0.1500625236,0.1942339553,-0.1311510026,-0.01906543234,0.07002487008,0.3122986575,-0.320058462,-0.2080213899,0.240754532,0.008760971102,0.01367186291,0.008760971102,0.002637795173,0.03019684926,0.1173622021,0.09480314702,0.002051778675
8.27,0.2685769003,-0.08219096196,0.3226972734,0.04974763352,0.002637792114,0.999996521,0.0501757711,0.9987404027,0,0,1.416079058,1.647283126,-1.379328616,1.452700293,-0.1125787236,0.1844855781,0.2455005137,-1.346212509,1.570207239,1.316924234,1.554905439,-0.2144210572,-0.06318250189,-0.4188655498,0.1523498419,-0.0001228594333,0.1492300024,0.08704831158,-0.2606018715,0.1513387174,0.1954721673,-0.1317208306,-0.01902094624,0.07037634408,0.3133984877,-0.3217247637,-0.2086770224,0.2424710693,0.008764179069,0.01361516212,0.008764179069,0.002637795173,0.03019684926,0.1173622021,0.09518121487,0.002053017211
8.28,0.2718120051,-0.08169203284,0.3243172902,0.05003704629,0.002637792114,0.999996521,0.0501757711,0.9987404027,0,0,1.417602556,1.647281897,-1.377836316,1.453570776,-0.1151847423,0.1859989652,0.2474552354,-1.347529718,1.570017029,1.317627998,1.558039424,-0.2176383048,-0.06526927212,-0.4164408391,0.153375809,-0.0001229018064,0.1497830173,0.08776422729,-0.2612863643,0.1520320639,0.1967753879,-0.1324061055,-0.01899821893,0.07079778979,0.315089138,-0.3232585077,-0.2097779424,0.2442678901,0.008767406918,0.01355870547,0.008767406918,0.002637795173,0.03019684926,0.1173622021,0.09549206317,0.002054245806
8.29,0.2750631175,-0.081190244,0.3258987324,0.05031956778,0.002637792114,0.999996521,0.0501757711,0.9987404027,0,0,1.419136314,1.647280668,-1.376338485,1.454448418,-0.1177976059,0.1875192859,0.2494229893,-1.348853779,1.569827047,1.318335976,1.561190315,-0.2208708899,-0.06736705154,-0.4139981602,0.1543828467,-0.0001229077403,0.1503149398,0.08846729416,-0.2619311935,0.1527084548,0.1980601819,-0.1330715874,-0.01897090607,0.07121244461,0.3167375621,-0.3247521728,-0.2108525275,0.2460450175,0.008770657571,0.01350243122,0.008770657571,0.002637795173,0.03019684926,0.1173622021,0.09543196483,0.002055474824
8.3,0.2783298503,-0.08068566461,0.3274413382,0.05059515123,0.002637792114,0.999996521,0.0501757711,0.9987404027,0,0,1.420680143,1.647279439,-1.374835336,1.455333091,-0.1204169179,0.1890463704,0.2514035911,-1.350184495,1.569637338,1.3190481,1.564357691,-0.2241184116,-0.06947557681,-0.41153771,0.1535163161,-0.0001226475657,0.1528412936,0.0888552584,-0.2626479383,0.155654763,0.1975968897,-0.1327460659,-0.01755348691,0.07164979487,0.3179775167,-0.3282143781,-0.208667654,0.2505956488,0.008773930642,0.01344635474,0.008773930642,0.002637795173,0.03019684926,0.1173622021,0.09499503551,0.002056703901
8.31,0.281611814,-0.08017836425,0.32894486,0.05086375239,0.002637792114,0.999996521,0.0501757711,0.9987404027,0,0,1.422215306,1.647278213,-1.373306923,1.456221644,-0.1230433973,0.1906029181,0.25337956,-1.351511955,1.569461803,1.319764598,1.567537466,-0.2274005554,-0.07156225335,-0.4090317536,0.1534713136,-0.0001241099468,0.1543658221,0.08812544967,-0.2633099984,0.1581998886,0.197995022,-0.132757939,-0.01692386307,0.07192192559,0.3183036489,-0.3305977107,-0.2075778503,0.2532563257,0.008777186314,0.01339497416,0.008777186314,0.002637795173,0.03019684926,0.1173622021,0.09480314702,0.002057930377
8.32,0.2849086164,-0.07966841297,0.330409064,0.05112532953,0.002637792114,0.999996521,0.0501757711,0.9987404027,0,0,1.423750019,1.647276972,-1.371763265,1.457102898,-0.1256764972,0.1921849169,0.2553595102,-1.352839535,1.569292565,1.320483817,1.570720503,-0.2307065325,-0.07363803186,-0.4064991903,0.154254637,-0.0001235977503,0.1549752808,0.08808100679,-0.2638614787,0.1593798394,0.1991168432,-0.1332336397,-0.01685241853,0.07223596136,0.3192308036,-0.3320800764,-0.208101691,0.2548842687,0.008780441912,0.01334572766,0.008780441912,0.002637795173,0.02953367509,0.1173622021,0.09480314702,0.002059171476
8.33,0.2882198635,-0.07915588121,0.3318337308,0.0513798434,0.002637792114,0.999996521,0.0501757711,0.9987404027,0,0,1.425292566,1.647275736,-1.370213512,1.457983708,-0.128315112,0.1937787153,0.2573506787,-1.354171871,1.56912404,1.321206177,1.573912811,-0.2340273333,-0.07571904877,-0.4039503476,0.1551661541,-0.000122531524,0.1554335599,0.08871690855,-0.2643375011,0.1600046648,0.2003059658,-0.1338107237,-0.01679954929,0.07261606142,0.3207039977,-0.3334324445,-0.2090411882,0.2565917158,0.008783715203,0.01329681673,0.008783715203,0.002637795173,0.02850861139,0.1173622021,0.09480314702,0.002060407454
8.34,0.2915451586,-0.07864083977,0.3332186546,0.05162725728,0.002637792114,0.999996521,0.0501757711,0.9987404027,0,0,1.426844227,1.64727451,-1.368659176,1.458870877,-0.130958487,0.195378762,0.2593537383,-1.355509978,1.568956045,1.321932337,1.577119851,-0.2373616577,-0.07780946065,-0.4013844305,0.1560580915,-0.0001214176403,0.155870235,0.08933956698,-0.2647741092,0.1606114005,0.201475445,-0.1343678587,-0.01674257096,0.07298888731,0.3221342054,-0.3347434951,-0.2099542486,0.2582767964,0.008787008964,0.01324819012,0.008787008964,0.002637795173,0.02747852835,0.1173622021,0.09480314702,0.002061632769
8.35,0.2948841034,-0.07812335984,0.3345636441,0.05186753698,0.002637792114,0.999996521,0.0501757711,0.9987404027,0,0,1.428404808,1.647273296,-1.367100474,1.459764273,-0.1336062281,0.196984876,0.2613684928,-1.356853657,1.568788619,1.322662226,1.580341193,-0.2407090927,-0.07990900313,-0.3988016625,0.155719992,-0.0001191251539,0.1575849161,0.08977510546,-0.2652505937,0.1626628483,0.2015033468,-0.1336783766,-0.01815141688,0.07058052374,0.3232755018,-0.3346803591,-0.2093909071,0.2589995375,0.008790322792,0.01319986143,0.008790322792,0.002637795173,0.02644356832,0.1173622021,0.09480314702,0.002062846945
8.36,0.2982362978,-0.07760351292,0.3358685218,0.05210065077,0.002637792114,0.999996521,0.0501757711,0.9987404027,0,0,1.429962008,1.647272105,-1.365524625,1.460662024,-0.1362587341,0.1986115045,0.2633835262,-1.358190441,1.568607105,1.323368032,1.583573948,-0.2440558963,-0.08200291221,-0.3962116671,0.1547848634,-0.0001179578808,0.1598529411,0.08855080319,-0.2657850478,0.1662376085,0.2010668737,-0.1324574262,-0.01981258283,0.06743882323,0.3229860003,-0.3345259688,-0.2074946694,0.2592476717,0.00879363058,0.01314685201,0.00879363058,0.002637795173,0.02538572356,0.1173622021,0.09480314702,0.002064038197
8.37,0.3016013396,-0.07708137081,0.3371331243,0.05232656948,0.002637792114,0.999996521,0.0501757711,0.9987404027,0,0,1.431509857,1.647270925,-1.363926096,1.461547532,-0.1389165845,0.2002738806,0.265394195,-1.359515015,1.568408979,1.32404242,1.586803808,-0.2474011559,-0.0840778589,-0.3936191904,0.1555179712,-0.0001186337456,0.1603135624,0.0887214343,-0.2661172354,0.1671139805,0.2021050976,-0.1328707292,-0.01975999911,0.06772294734,0.3239528527,-0.3357629425,-0.2080632229,0.2607718801,0.00879691951,0.01308826877,0.00879691951,0.002637795173,0.02519684844,0.1173622021,0.09480314702,0.002065217776
8.38,0.3049788255,-0.0765570056,0.3383573022,0.05254526641,0.002637792114,0.999996521,0.0501757711,0.9987404027,0,0,1.433065036,1.647269739,-1.36232296,1.462434746,-0.1415777569,0.2019450204,0.267415246,-1.360843722,1.568211379,1.324719649,1.590043336,-0.2507587854,-0.08615849113,-0.3910114716,0.1563138279,-0.0001192876175,0.1606729093,0.08927736781,-0.2663875942,0.1676611716,0.2031773181,-0.1333288354,-0.01971509092,0.06804320633,0.325208429,-0.3369067389,-0.2088576268,0.2623344801,0.008800224977,0.01302995137,0.008800224977,0.002637795173,0.02519684844,0.1173622021,0.09480314702,0.002066404113
8.39,0.3083683505,-0.07603048964,0.3395409201,0.0527567174,0.002637792114,0.999996521,0.0501757711,0.9987404027,0,0,1.434628175,1.647268546,-1.360716231,1.46332752,-0.1442416328,0.2036216321,0.2694470191,-1.362177011,1.568014228,1.325400081,1.59329542,-0.2541278528,-0.0882470674,-0.3883881268,0.1570896479,-0.0001199194268,0.1610103433,0.08981978685,-0.2666192536,0.1681892878,0.2042288833,-0.1337671148,-0.01966614855,0.06835659198,0.3264206353,-0.3380090087,-0.209625677,0.2638726929,0.008803548326,0.01297188049,0.008803548326,0.002637795173,0.02519684844,0.1173622021,0.09480314702,0.002067596989
8.4,0.3117695083,-0.07550189548,0.3406838569,0.05296090078,0.002637792114,0.999996521,0.0501757711,0.9987404027,0,0,1.436199071,1.647267347,-1.359106127,1.464225718,-0.1469078254,0.205303525,0.271489308,-1.363514682,1.567817567,1.326083647,1.596559627,-0.2575079429,-0.09034332417,-0.3857493999,0.1570104346,-0.0001196858401,0.1622084922,0.09013627363,-0.2668751577,0.1697474656,0.2044926838,-0.1336893368,-0.01925332025,0.06836652542,0.3273290874,-0.3396819955,-0.2089360759,0.266275413,0.008806889139,0.01291406914,0.008806889139,0.002637795173,0.02519684844,0.1173622021,0.09480314702,0.002068796184
8.41,0.3151818916,-0.07497129591,0.3417860053,0.05315779739,0.002637792114,0.999996521,0.0501757711,0.9987404027,0,0,1.437769175,1.64726615,-1.357484042,1.465127081,-0.149576577,0.2070009996,0.2735342348,-1.364851575,1.567625034,1.326767313,1.599832918,-0.2609047628,-0.09243268493,-0.3830866457,0.1554487582,-0.0001155655398,0.1649115976,0.08848398514,-0.2672703235,0.1739981157,0.2034458072,-0.1316633368,-0.02235473341,0.06315603589,0.3264804001,-0.3379314679,-0.2065070856,0.2649318454,0.008810229245,0.01285767086,0.008810229245,0.002637795173,0.02519684844,0.1173622021,0.09480314702,0.002069993042
8.42,0.3186050921,-0.07443876388,0.3428472722,0.0533473906,0.002637792114,0.999996521,0.0501757711,0.9987404027,0,0,1.439323663,1.647264994,-1.355834927,1.466011921,-0.1522492802,0.2087409808,0.2755686929,-1.366168209,1.567401486,1.327398873,1.603097722,-0.2642840775,-0.09449775578,-0.3804373273,0.1561479797,-0.000115111637,0.1651938159,0.08897413717,-0.2673771424,0.1744790883,0.2044197981,-0.1319094541,-0.0228381447,0.06282563932,0.3275613558,-0.3383230025,-0.2073846314,0.2657852377,0.008813537288,0.01279083135,0.008813537288,0.002637795173,0.02519684844,0.1173622021,0.09480314702,0.002071148698
8.43,0.3220387005,-0.07390437249,0.3438675783,0.05352966625,0.002637792114,0.999996521,0.0501757711,0.9987404027,0,0,1.440885143,1.647263843,-1.354182988,1.466901662,-0.1549230516,0.2104857716,0.2776128909,-1.367487303,1.567173105,1.328027129,1.606373335,-0.2676673075,-0.0965716021,-0.3777794749,0.1568269949,-0.0001146267164,0.1654539654,0.08945070409,-0.2674461134,0.1749401875,0.2053725272,-0.1321349736,-0.02332236733,0.06248322153,0.3285989528,-0.3386676508,-0.2082380245,0.2666073761,0.008816861219,0.01272246057,0.008816861219,0.002637795173,0.02519684844,0.1173622021,0.09480314702,0.002072299814
8.44,0.3254823069,-0.07336819498,0.3448468587,0.05370461274,0.002637792114,0.999996521,0.0501757711,0.9987404027,0,0,1.442453413,1.647262697,-1.352528449,1.467796169,-0.1575975127,0.2122351735,0.2796666161,-1.368808653,1.566939881,1.328651961,1.609659325,-0.271053984,-0.09865398234,-0.3751134011,0.1574857003,-0.0001141112338,0.1656921271,0.08991360819,-0.2674775269,0.1753813947,0.2063037895,-0.1323399776,-0.02380719956,0.06212902137,0.3295931377,-0.338965668,-0.2090671243,0.2673981923,0.008820200613,0.01265255314,0.008820200613,0.002637795173,0.02519684844,0.1173622021,0.09480314702,0.002073446081
8.45,0.3289355008,-0.0728303047,0.3457850623,0.05387222094,0.002637792114,0.999996521,0.0501757711,0.9987404027,0,0,1.44402827,1.647261556,-1.350871527,1.468695305,-0.160272288,0.2139889875,0.281729654,-1.370132053,1.566701809,1.329273252,1.612955256,-0.2744436407,-0.1007446536,-0.3724394192,0.1573427242,-0.0001130293704,0.1667312041,0.08950234446,-0.2675715715,0.1771528216,0.2065077742,-0.1317509812,-0.02517363951,0.06017002206,0.3297685128,-0.3385388438,-0.208703617,0.2673617698,0.008823555043,0.01258110429,0.008823555043,0.002637795173,0.02519684844,0.1173622021,0.09480314702,0.002074587193
8.46,0.3323978711,-0.07229077505,0.3466821521,0.05403248425,0.002637792114,0.999996521,0.0501757711,0.9987404027,0,0,1.445601697,1.647260426,-1.349204215,1.469590328,-0.1629480037,0.2157605157,0.2837947318,-1.371449562,1.566450073,1.329874952,1.616252941,-0.2778290291,-0.1028316898,-0.3697658015,0.1555672531,-0.0001106196151,0.169431009,0.08844509628,-0.2677663844,0.1810309246,0.2052172573,-0.1300285493,-0.02650098726,0.05692323402,0.3292016845,-0.3385751364,-0.20568504,0.2681551724,0.008826907428,0.01250510682,0.008826907428,0.002637795173,0.02477839862,0.1173622021,0.09522159777,0.002075717487
8.47,0.3358690067,-0.07174967951,0.3475381052,0.05418539856,0.002637792114,0.999996521,0.0501757711,0.9987404027,0,0,1.44715737,1.647259319,-1.347509905,1.470474779,-0.1656256676,0.2175708249,0.2858469043,-1.372749848,1.566185063,1.330444184,1.619544958,-0.2812147805,-0.1048885402,-0.3670842498,0.1561525735,-0.0001100095939,0.1696088402,0.08885608631,-0.2676754997,0.1814190541,0.2060697173,-0.1302977254,-0.02647011578,0.05713435687,0.3300677099,-0.3393211603,-0.2062883333,0.2694546344,0.008830222973,0.0124245671,0.008830222973,0.002637795173,0.02369620777,0.1173622021,0.09630379104,0.002076823683
8.48,0.3393484961,-0.07120709158,0.3483529128,0.0543309623,0.002637792114,0.999996521,0.0501757711,0.9987404027,0,0,1.448718895,1.647258219,-1.345813817,1.47136334,-0.1683024226,0.2193850155,0.2879076015,-1.374052825,1.565920362,1.331015528,1.622845635,-0.2846079921,-0.1069514235,-0.3643897035,0.1567175902,-0.0001093712308,0.1697646591,0.08925343193,-0.2675482207,0.1817866443,0.2069002622,-0.1305480974,-0.02643492614,0.05733981078,0.3308906146,-0.3400262518,-0.206866409,0.2707272437,0.008833551964,0.01234419963,0.008833551964,0.002637795173,0.02261103213,0.1173622021,0.0973889691,0.002077923779
8.49,0.3428359278,-0.07066308476,0.3491265798,0.05446917639,0.002637792114,0.999996521,0.0501757711,0.9987404027,0,0,1.450286071,1.647257126,-1.34411617,1.472255875,-0.1709779048,0.2212028819,0.2899766041,-1.375358306,1.565656012,1.331588926,1.626154541,-0.2880082546,-0.1090200876,-0.361682431,0.1572622356,-0.0001087050377,0.1698985864,0.08963708029,-0.2673849105,0.1821337135,0.2077087257,-0.1307797185,-0.02639546993,0.05753955669,0.3316704156,-0.3406904591,-0.2074192357,0.271972688,0.008836893971,0.01226401795,0.008836893971,0.002637795173,0.02152301873,0.1173622021,0.09847698494,0.002079017491
8.5,0.3463308906,-0.07011773254,0.3498591257,0.05460004424,0.002637792114,0.999996521,0.0501757711,0.9987404027,0,0,1.451858694,1.647256039,-1.342417184,1.473152245,-0.1736517539,0.2230242191,0.2920536914,-1.376666103,1.565392058,1.332164322,1.629471246,-0.2914151592,-0.1110942799,-0.3589627041,0.1568606976,-0.0001074876788,0.1710052964,0.08834167943,-0.2673538494,0.184428588,0.2076479716,-0.1303723275,-0.02620295921,0.05728477439,0.3309917123,-0.3419133745,-0.2059634112,0.273373927,0.008840248563,0.01218403543,0.008840248563,0.002637795173,0.02043231451,0.1173622021,0.0995676916,0.002080104542
8.51,0.3498329734,-0.06957110834,0.3505505836,0.05472357182,0.002637792114,0.999996521,0.0501757711,0.9987404027,0,0,1.4534273,1.647254964,-1.340707131,1.474035662,-0.1763252924,0.2248685049,0.2941301711,-1.377969827,1.565130028,1.332737169,1.632781163,-0.294834293,-0.113153914,-0.3562289649,0.1550707641,-0.0001048946859,0.1734684513,0.08805008827,-0.2673255614,0.1875937895,0.2063259722,-0.129075494,-0.02576786665,0.05599487429,0.3308442163,-0.343549852,-0.2026184885,0.2761802949,0.008843595541,0.01210470115,0.008843595541,0.002637795173,0.02019684948,0.1165421143,0.09980315715,0.002081179419
8.52,0.3533417655,-0.06902328554,0.3512010009,0.05483976756,0.002637792114,0.999996521,0.0501757711,0.9987404027,0,0,1.454978008,1.647253915,-1.338972447,1.474916163,-0.178998548,0.2267444428,0.2961934308,-1.379260582,1.564872349,1.333297118,1.636089605,-0.2982697915,-0.1151800989,-0.3534671619,0.1555438649,-0.0001041438653,0.173539453,0.08838452953,-0.2670450544,0.1878825037,0.2070555866,-0.129244223,-0.02572022558,0.05617064864,0.3314968005,-0.3441028146,-0.203085596,0.2773400665,0.008846905287,0.0120267167,0.008846905287,0.002637795173,0.02019684948,0.1158873319,0.09980315715,0.002082228366
8.53,0.3568568568,-0.0684743374,0.3518104388,0.05494864243,0.002637792114,0.999996521,0.0501757711,0.9987404027,0,0,1.456533447,1.647252873,-1.337237052,1.475800008,-0.1816689985,0.2286232679,0.2982639867,-1.380553024,1.564615147,1.333858824,1.639404573,-0.3017108196,-0.1172109549,-0.3506937613,0.1559967537,-0.0001033676343,0.173588697,0.08870539649,-0.266729978,0.1881502168,0.2077628435,-0.1293947125,-0.02566863093,0.05634078674,0.3321068206,-0.3446150685,-0.2035281223,0.2784712842,0.008850226058,0.01194895549,0.008850226058,0.002637795173,0.02019684948,0.1156729383,0.09980315715,0.002083269804
8.54,0.3603778379,-0.06792433705,0.3523789728,0.0550502099,0.002637792114,0.999996521,0.0501757711,0.9987404027,0,0,1.458093414,1.64725184,-1.335501165,1.476687062,-0.1843362983,0.23050477,0.3003416151,-1.381846971,1.564358461,1.334422232,1.642725641,-0.3051569703,-0.1192462361,-0.3479090484,0.1563422897,-0.0001024760699,0.1737252543,0.08854175573,-0.2664176701,0.1887687832,0.2083595406,-0.1294670836,-0.02560166489,0.05649155234,0.3323055449,-0.3451841485,-0.2036601643,0.2794835879,0.008853557424,0.01187142972,0.008853557424,0.002637795173,0.02019684948,0.1159014362,0.09980315715,0.002084303481
8.55,0.3639043002,-0.0673733575,0.3529066924,0.05514448594,0.002637792114,0.999996521,0.0501757711,0.9987404027,0,0,1.459656837,1.647250815,-1.333763913,1.47757248,-0.187000475,0.2323924579,0.3024252105,-1.383141642,1.564102444,1.334987148,1.646048696,-0.3086088118,-0.1212828378,-0.3451142125,0.1557178681,-0.000101831648,0.1748575921,0.08719595181,-0.2662295077,0.1910718317,0.208054081,-0.1289020242,-0.02537711846,0.05610793817,0.3314262479,-0.3462598299,-0.2018829966,0.2808067966,0.008856897094,0.01179418478,0.008856897094,0.002637795173,0.02019684948,0.1163977254,0.09980315715,0.002085328241
8.56,0.3674358361,-0.06682147158,0.3533937009,0.05523148905,0.002637792114,0.999996521,0.0501757711,0.9987404027,0,0,1.461214016,1.647249797,-1.332015337,1.478444439,-0.1896627701,0.2343031762,0.3045057513,-1.384430662,1.563848673,1.335548227,1.649362959,-0.3120714101,-0.1233016677,-0.3423061446,0.1539866989,-0.0001008920698,0.1769984702,0.08731621276,-0.2659918043,0.1936407188,0.2067844213,-0.127626119,-0.02495586252,0.05484177492,0.3314294874,-0.3475643945,-0.1987836228,0.2834366161,0.008860224273,0.01171767829,0.008860224273,0.002637795173,0.02019684948,0.1160764105,0.09980315715,0.002086346558
8.57,0.3709720389,-0.0662687519,0.3538401161,0.05531124023,0.002637792114,0.999996521,0.0501757711,0.9987404027,0,0,1.462753883,1.647248788,-1.330245352,1.479317602,-0.1923226881,0.2362395834,0.3065735956,-1.385706923,1.563599114,1.336096645,1.652677254,-0.315547054,-0.125289504,-0.3394717784,0.1543502424,-0.0001000198244,0.1769633168,0.08757624832,-0.2655303908,0.1938244657,0.2073904801,-0.1276977028,-0.02489479208,0.05498136686,0.3318747624,-0.3479254575,-0.1991215932,0.2844486053,0.008863515255,0.01164247988,0.008863515255,0.002637795173,0.02019684948,0.1155279472,0.09980315715,0.002087355478
8.58,0.3745125035,-0.06571527087,0.3542460694,0.05538376298,0.002637792114,0.999996521,0.0501757711,0.9987404027,0,0,1.464297385,1.647247787,-1.328475719,1.480193364,-0.194977992,0.238177828,0.3086475004,-1.3869839,1.563350167,1.336646459,1.655996001,-0.3190263086,-0.1272807199,-0.3366272924,0.1546938529,-9.912501648e-05,0.1769068715,0.08782289869,-0.2650365612,0.1939869704,0.2079739572,-0.127751769,-0.02483014417,0.05511541079,0.3322783629,-0.3482463556,-0.1994358196,0.2854306361,0.008866814885,0.01156754415,0.008866814885,0.002637795173,0.02019684948,0.1154274742,0.09980315715,0.002088355677
8.59,0.3780568259,-0.06516110064,0.3546117065,0.05544908332,0.002637792114,0.999996521,0.0501757711,0.9987404027,0,0,1.465844324,1.647246796,-1.32670665,1.481071593,-0.1976283577,0.2401176977,0.3107272399,-1.388261418,1.563101865,1.337197613,1.659318785,-0.3225087722,-0.1292750781,-0.333772986,0.1547541182,-9.633098927e-05,0.177177321,0.08660333305,-0.2646337676,0.1952782752,0.2082426143,-0.1276187189,-0.02473194118,0.05519883705,0.3315208417,-0.3488269444,-0.1988521593,0.2860900311,0.008870122736,0.01149288196,0.008870122736,0.002637795173,0.02019684948,0.1157766697,0.09980315715,0.002089346927
8.6,0.3816046038,-0.06460631311,0.3549371871,0.05550722978,0.002637792114,0.999996521,0.0501757711,0.9987404027,0,0,1.467391865,1.647245833,-1.324934877,1.481937626,-0.2002746953,0.2420704805,0.3128096661,-1.389537605,1.562854546,1.337749601,1.662633993,-0.3259970416,-0.1312635997,-0.3309120857,0.1539824167,-9.381413817e-05,0.1781985108,0.08616672154,-0.2642284773,0.1969256556,0.2078023028,-0.1269534194,-0.02448278115,0.05465942746,0.3311577227,-0.3495963447,-0.1971751766,0.2875875975,0.008873432872,0.01141858798,0.008873432872,0.002637795173,0.02019684948,0.1160032768,0.09980315715,0.002090310237
8.61,0.3851554364,-0.06405097986,0.3552226849,0.05555823339,0.002637792114,0.999996521,0.0501757711,0.9987404027,0,0,1.468931689,1.647244895,-1.323152892,1.482799294,-0.2029169801,0.244039737,0.3148876891,-1.390807139,1.562609718,1.338296195,1.665945571,-0.3294930051,-0.1332353514,-0.3280362097,0.152331826,-9.123373292e-05,0.18001743,0.0862610128,-0.2638160987,0.1991323842,0.2066046888,-0.1257155279,-0.02407949895,0.05348275394,0.3309865644,-0.3506172947,-0.194234465,0.2898809561,0.008876727425,0.01134510211,0.008876727425,0.002637795173,0.02019684948,0.1154641637,0.09980315715,0.002091248378
8.62,0.3887089248,-0.06349517214,0.3554683877,0.0556021277,0.002637792114,0.999996521,0.0501757711,0.9987404027,0,0,1.470455007,1.647243982,-1.321352718,1.483661904,-0.2055551411,0.2460310609,0.316953736,-1.392064295,1.562368923,1.338831023,1.669255436,-0.332999178,-0.1351776961,-0.3251374001,0.1525894007,-9.0251144e-05,0.1798768356,0.08644930057,-0.2631850376,0.1992067397,0.2070886972,-0.1256950826,-0.02400511119,0.05358778978,0.3312300685,-0.3507886617,-0.1944518595,0.2907379663,0.00887998753,0.01127287229,0.00887998753,0.002637795173,0.02019684948,0.1143525493,0.09980315715,0.002092160715
8.63,0.3922646721,-0.06293896088,0.3556744973,0.05563894878,0.002637792114,0.999996521,0.0501757711,0.9987404027,0,0,1.471980901,1.64724308,-1.319553949,1.484526397,-0.2081869915,0.2480231283,0.319024623,-1.393321245,1.562128872,1.339366901,1.672567737,-0.3365070646,-0.1371222147,-0.3222300205,0.1527515942,-8.924958979e-05,0.1798216669,0.08619404584,-0.262562349,0.1996015544,0.2074591604,-0.1256116584,-0.02391948546,0.05367229586,0.3311066291,-0.3510098204,-0.1943889348,0.2914734857,0.008883253973,0.01120094377,0.008883253973,0.002637795173,0.02019684948,0.1132401278,0.09980315715,0.002093063227
8.64,0.3958222835,-0.06238241662,0.3558412296,0.05566873517,0.002637792114,0.999996521,0.0501757711,0.9987404027,0,0,1.473508417,1.647242187,-1.317755733,1.485388337,-0.210812615,0.2500191438,0.3210992146,-1.394577362,1.561889677,1.339903624,1.675878803,-0.3400171628,-0.139066104,-0.3193152856,0.152683429,-8.822967745e-05,0.1800440718,0.08474364193,-0.2620242857,0.2009116132,0.2075535782,-0.1253863012,-0.02380940345,0.0537099971,0.3300525182,-0.3514348115,-0.1936019317,0.2919259718,0.008886524704,0.01112934769,0.008886524704,0.002637795173,0.01996168267,0.1123622069,0.09980315715,0.002093955723
8.65,0.3993813662,-0.06182560949,0.3559688145,0.05569152796,0.002637792114,0.999996521,0.0501757711,0.9987404027,0,0,1.475035252,1.647241305,-1.315955292,1.486235774,-0.2134328578,0.25202826,0.3231747504,-1.395831225,1.561651583,1.340440724,1.679179329,-0.3435315109,-0.1410021233,-0.3163960259,0.15163909,-8.615681322e-05,0.1810828385,0.08483940409,-0.2614429744,0.2022561078,0.2068799666,-0.1245270895,-0.02351439593,0.0529660427,0.3298799114,-0.3520008284,-0.1916898652,0.2935598462,0.008889794775,0.01105814998,0.008889794775,0.002637795173,0.01884806824,0.1123622069,0.09980315715,0.00209483802
8.66,0.4029415301,-0.06126860922,0.3560574961,0.05570737074,0.002637792114,0.999996521,0.0501757711,0.9987404027,0,0,1.476551643,1.647240444,-1.314144464,1.487084168,-0.2160472876,0.254050821,0.32524355,-1.397076496,1.561416439,1.340970384,1.682478128,-0.3470515192,-0.142919022,-0.3134604274,0.1501428528,-8.370508859e-05,0.1825189236,0.08491053281,-0.2608570049,0.2040374439,0.2058079705,-0.1233713323,-0.02314529609,0.05192184427,0.3295647457,-0.3527139033,-0.1890308548,0.2954718044,0.008893043301,0.01098789324,0.008893043301,0.002637795173,0.01773406753,0.1125825367,0.09980315715,0.002095699588
8.67,0.4065023874,-0.06071148509,0.3561075322,0.05571630959,0.002637792114,0.999996521,0.0501757711,0.9987404027,0,0,1.478053071,1.647239606,-1.312319274,1.487933273,-0.2186558576,0.2560911955,0.3273016297,-1.398310209,1.561184986,1.341489603,1.685773775,-0.3505786583,-0.1448093305,-0.3105057094,0.1502978821,-8.263356046e-05,0.1822746631,0.08503131884,-0.2600698102,0.2040004394,0.2061742536,-0.1232657611,-0.02306085472,0.05199431199,0.3296145776,-0.3526991004,-0.1891367035,0.2961690269,0.008896260584,0.01091879149,0.008896260584,0.002637795173,0.01661981907,0.1127760933,0.09980315715,0.002096536639
8.68,0.4100635528,-0.06015430588,0.3561191949,0.05571839312,0.002637792114,0.999996521,0.0501757711,0.9987404027,0,0,1.47955605,1.64723878,-1.310496528,1.488783586,-0.2212565557,0.2581311999,0.3293633723,-1.399542867,1.560954377,1.342009546,1.689069921,-0.3541056493,-0.1467006976,-0.3075440191,0.1501853335,-8.288903539e-05,0.1823867419,0.08367510047,-0.2593960838,0.2051068379,0.2061884865,-0.1230024097,-0.02295186405,0.05200724601,0.3285314525,-0.3529488375,-0.1883526356,0.2965126559,0.008899481957,0.01085001876,0.008899481957,0.002637795173,0.01550546048,0.112514939,0.09980315715,0.002097362974
8.69,0.4136246443,-0.05959713991,0.3560927705,0.05571367245,0.002637792114,0.999996521,0.0501757711,0.9987404027,0,0,1.481057903,1.647237951,-1.30867266,1.489620337,-0.2238505166,0.2601822682,0.3314252571,-1.400772891,1.560724859,1.342529618,1.692355235,-0.3576351376,-0.1485842239,-0.3045788926,0.1502029026,-8.323466079e-05,0.1822602834,0.08320162961,-0.2586223586,0.2054756508,0.2063773644,-0.1228113381,-0.02285442687,0.05204950785,0.3280895387,-0.3529730502,-0.188087553,0.2970170428,0.00890270157,0.010781637,0.00890270157,0.002637795173,0.01519684866,0.1123622069,0.10004573,0.002098191864
8.7,0.4171852823,-0.05904005494,0.356028559,0.05570220119,0.002637792114,0.999996521,0.0501757711,0.9987404027,0,0,1.482559932,1.647237119,-1.306850058,1.490452353,-0.2264367401,0.2622370247,0.3334890308,-1.402001004,1.560496315,1.343050113,1.695636131,-0.3611648681,-0.1504650995,-0.3016087221,0.1487640193,-8.165423968e-05,0.1834696463,0.08324484253,-0.2579327309,0.2069927146,0.2053494093,-0.1216832016,-0.02249870349,0.0510739908,0.3276476812,-0.353463812,-0.1855548321,0.2986628626,0.008905922201,0.0107136179,0.008905922201,0.002637795173,0.01519684866,0.1123622069,0.09998949055,0.002099024211
8.71,0.4207450906,-0.0584831182,0.3559268746,0.05568403548,0.002637792114,0.999996521,0.0501757711,0.9987404027,0,0,1.484047572,1.647236302,-1.305015361,1.491284802,-0.2290160674,0.2643069519,0.3355425249,-1.403217836,1.560271327,1.343560853,1.698912608,-0.3646995063,-0.1523206478,-0.2986220935,0.1474496736,-7.855198096e-05,0.1845070272,0.08328276917,-0.2571818962,0.2083318698,0.2044246399,-0.1206264811,-0.02216730934,0.05018515127,0.3272042053,-0.3538664358,-0.183237777,0.3001822019,0.008909112689,0.0106467146,0.008909112689,0.002637795173,0.01519684866,0.1125724123,0.09980315715,0.002099840753
8.72,0.424303696,-0.05792639635,0.3557880457,0.05565923397,0.002637792114,0.999996521,0.0501757711,0.9987404027,0,0,1.485522069,1.647235517,-1.303170291,1.49211763,-0.2315878864,0.2663902706,0.3375867713,-1.404424101,1.560049654,1.344062705,1.70218465,-0.3682381706,-0.1541530256,-0.2956202715,0.147431378,-7.572434821e-05,0.1842848476,0.08286960017,-0.2562994974,0.2085559911,0.2045664619,-0.1203991699,-0.02206766683,0.0502086261,0.3267236446,-0.3537685928,-0.1829650731,0.3006089819,0.008912275797,0.01058085572,0.008912275797,0.002637795173,0.01519684866,0.1126272551,0.09980315715,0.002100626273
8.73,0.4278607288,-0.05736995544,0.3556124144,0.05562785779,0.002637792114,0.999996521,0.0501757711,0.9987404027,0,0,1.486996383,1.64723476,-1.301327442,1.492946326,-0.2341508814,0.2684758305,0.3396324359,-1.405628093,1.559828978,1.344564791,1.705451886,-0.3717758565,-0.1559826763,-0.2926141817,0.1472159279,-7.284854213e-05,0.1843330539,0.0813745561,-0.2555085869,0.2096117661,0.2044290047,-0.1200655938,-0.02195280411,0.05018205007,0.3254211064,-0.3538550726,-0.1820461171,0.3007553977,0.008915439344,0.01051536432,0.008915439344,0.002637795173,0.01519684866,0.1123622069,0.100063246,0.002101383517
8.74,0.4314158228,-0.05681386089,0.3554003372,0.05558997063,0.002637792114,0.999996521,0.0501757711,0.9987404027,0,0,1.488468542,1.647234031,-1.299484112,1.493760071,-0.2367059673,0.2705719482,0.3416767259,-1.406828749,1.55960945,1.345066611,1.708706097,-0.3753144073,-0.1578031375,-0.2896066277,0.1472338642,-7.276162401e-05,0.1839655798,0.08139908486,-0.2545459241,0.209421641,0.2046289868,-0.1198527126,-0.02185662388,0.05021568237,0.3252194513,-0.3535853422,-0.1820160108,0.3012192756,0.008918599088,0.01045027489,0.008918599088,0.002637795173,0.01519684866,0.1123622069,0.1011754341,0.002102112002
8.75,0.4349686153,-0.05625817751,0.3551521845,0.05554563863,0.002637792114,0.999996521,0.0501757711,0.9987404027,0,0,1.489940881,1.647233304,-1.297644456,1.494574062,-0.2392514265,0.2726661646,0.3437230158,-1.408027276,1.559390883,1.345568768,1.711958292,-0.3788502607,-0.1596232976,-0.2865944349,0.1454298387,-7.009454108e-05,0.1853239396,0.08140722986,-0.2537644759,0.2110784501,0.2032794136,-0.118482966,-0.02144814392,0.0490202049,0.3245197385,-0.35398904,-0.1789022515,0.3028461018,0.00892175983,0.01038554525,0.00892175983,0.002637795173,0.01519684866,0.1123622069,0.1022867998,0.002102839618
8.76,0.4385187475,-0.05570296938,0.3548683406,0.05549493049,0.002637792114,0.999996521,0.0501757711,0.9987404027,0,0,1.491395179,1.647232603,-1.295791217,1.495388134,-0.2417890713,0.2747769491,0.3457558099,-1.409212106,1.559176402,1.34605897,1.715203489,-0.3823901511,-0.1614123201,-0.2835659739,0.1442902848,-6.751419857e-05,0.1859938384,0.08140897747,-0.2528632095,0.2120030079,0.2024912085,-0.117525595,-0.02115611875,0.04827864664,0.3239594084,-0.3540964514,-0.1769225216,0.3039931859,0.008924882565,0.01032208108,0.008924882565,0.002637795173,0.01519684866,0.1123622069,0.1029470136,0.002103540564
8.77,0.4420658645,-0.05514829991,0.3545492042,0.0554379174,0.002637792114,0.999996521,0.0501757711,0.9987404027,0,0,1.492838082,1.647231927,-1.293931278,1.496202224,-0.2443177033,0.2768969792,0.347780722,-1.410387361,1.558964841,1.346541757,1.718443083,-0.3859311156,-0.1631815453,-0.2805260421,0.144025932,-6.541210678e-05,0.1859454674,0.07995139947,-0.2519620749,0.212900766,0.2022712417,-0.1171533485,-0.02104031682,0.04823159914,0.3225958368,-0.3540303711,-0.1759851623,0.3040171412,0.008927981555,0.01025954411,0.008927981555,0.002637795173,0.01519684866,0.1123622069,0.1029614994,0.002104215706
8.78,0.4456096153,-0.0545942318,0.3541951876,0.05537467305,0.002637792114,0.999996521,0.0501757711,0.9987404027,0,0,1.494278341,1.647231273,-1.292071824,1.497001738,-0.2468373241,0.2790259868,0.3498034344,-1.411558895,1.558754438,1.347024073,1.721669042,-0.3894714193,-0.1649413969,-0.2774858707,0.1438884651,-6.480526993e-05,0.1856396131,0.07940017307,-0.2509528617,0.2130417314,0.2022520071,-0.1168407746,-0.02093401044,0.04822062478,0.3218729071,-0.3537364086,-0.1755744787,0.3042242136,0.008931075575,0.01019740821,0.008931075575,0.002637795173,0.01519684866,0.1123622069,0.1025768214,0.002104869827
8.79,0.4491496534,-0.05404082697,0.3538067176,0.05530527366,0.002637792114,0.999996521,0.0501757711,0.9987404027,0,0,1.495717226,1.647230625,-1.290215427,1.49779574,-0.2493468527,0.2811564041,0.3518259545,-1.412727303,1.558545098,1.347506279,1.724887771,-0.3930087834,-0.1666971417,-0.2744436285,0.1438188223,-6.466111571e-05,0.1851751392,0.07936745447,-0.2498683042,0.2127393319,0.2023436938,-0.116556704,-0.02083153084,0.04822848067,0.3215021658,-0.3532974417,-0.1754566348,0.3045253128,0.008934167237,0.0101356538,0.008934167237,0.002637795173,0.01519684866,0.1123622069,0.102540085,0.00210551788
8.8,0.4526856363,-0.05348814658,0.3533842347,0.05522979794,0.002637792114,0.999996521,0.0501757711,0.9987404027,0,0,1.497155414,1.647229979,-1.288363676,1.498589414,-0.2518455358,0.2832837974,0.3538493914,-1.41389287,1.558336782,1.347988564,1.728102792,-0.3965417578,-0.1684517081,-0.2713983754,0.1417147997,-6.1763121e-05,0.1866161713,0.07935107457,-0.249005869,0.2144667534,0.2007343687,-0.114989509,-0.02038074234,0.04685824479,0.3205704338,-0.3535901665,-0.1718680385,0.3060798982,0.008937257958,0.01007427461,0.008937257958,0.002637795173,0.01519684866,0.1123622069,0.1029514361,0.002106164491
8.81,0.4562172262,-0.05293625099,0.3529281937,0.05514832712,0.002637792114,0.999996521,0.0501757711,0.9987404027,0,0,1.498572562,1.647229361,-1.286497514,1.499382925,-0.2543355944,0.285428465,0.3558567351,-1.415042765,1.558132975,1.348457146,1.731308497,-0.4000776595,-0.1701703884,-0.2683375764,0.1406395114,-5.820523559e-05,0.1870887352,0.0789041348,-0.248017039,0.2153686121,0.1999300514,-0.114075243,-0.02011732809,0.04621432314,0.3196037091,-0.3535203793,-0.1699179127,0.3067993176,0.008940304137,0.01001428095,0.008940304137,0.002637795173,0.01519684866,0.1123622069,0.1039306512,0.002106782122
8.82,0.4597440899,-0.05238519974,0.3524390632,0.05506094493,0.002637792114,0.999996521,0.0501757711,0.9987404027,0,0,1.499978957,1.647228779,-1.284626627,1.500171966,-0.2568157648,0.2875821511,0.3578560356,-1.416183517,1.557931802,1.34891929,1.734504534,-0.4036128633,-0.1718695676,-0.2652695832,0.1402819566,-5.518765582e-05,0.1869919797,0.07729338032,-0.2470297772,0.2162350262,0.1995621996,-0.1136474363,-0.01999970833,0.04613304599,0.3180270023,-0.3533094543,-0.1688530552,0.3066212742,0.008943327944,0.009955123384,0.008943327944,0.002637795173,0.01519684866,0.1123622069,0.1048031524,0.002107364174
8.83,0.4632658988,-0.05183505151,0.3519173261,0.05496773764,0.002637792114,0.999996521,0.0501757711,0.9987404027,0,0,1.501381777,1.647228227,-1.282756707,1.5009449,-0.2592860626,0.2897445014,0.3598516576,-1.417319992,1.557731804,1.34938062,1.737684804,-0.4071459578,-0.1735580981,-0.2622033705,0.1401487294,-5.39549013e-05,0.1864547779,0.07721740904,-0.2458575214,0.2158417125,0.1995740362,-0.1133115056,-0.01989456035,0.04612221723,0.3175320303,-0.3527426241,-0.1686750749,0.306793098,0.00894634478,0.009896364517,0.00894634478,0.002637795173,0.01519684866,0.1123622069,0.1048031524,0.002107916051
8.84,0.4667823293,-0.05128586411,0.3513634791,0.05486879398,0.002637792114,0.999996521,0.0501757711,0.9987404027,0,0,1.502783264,1.647227688,-1.280892159,1.501717074,-0.2617446378,0.2919029185,0.361847398,-1.418453107,1.557532859,1.349841842,1.740860124,-0.4106733841,-0.1752448489,-0.2591354395,0.1399999274,-5.271712931e-05,0.1859018055,0.07713109023,-0.2446677755,0.215429914,0.1995659706,-0.1129639737,-0.01978767237,0.0461072792,0.3170051575,-0.3521437338,-0.1684803397,0.3069338243,0.008949359335,0.009837985708,0.008949359335,0.002637795173,0.01519684866,0.1123622069,0.1048031524,0.0021084556
8.85,0.470293063,-0.05073769445,0.3507780332,0.05476420524,0.002637792114,0.999996521,0.0501757711,0.9987404027,0,0,1.504183264,1.64722716,-1.279033141,1.502488385,-0.2641913156,0.2940572176,0.3638430577,-1.419582746,1.557334982,1.350302915,1.744030176,-0.4141948214,-0.1769296523,-0.2560661013,0.1377037734,-5.30892964e-05,0.1873427926,0.07710056082,-0.243732487,0.2171296451,0.1977935862,-0.1112705646,-0.01930995481,0.04462778796,0.3158751426,-0.3522913225,-0.1645897063,0.3083470665,0.008952371265,0.009779991517,0.008952371265,0.002637795173,0.01519684866,0.1123622069,0.1048031524,0.002108982771
8.86,0.4737977864,-0.05019059851,0.3501615133,0.05465406517,0.002637792114,0.999996521,0.0501757711,0.9987404027,0,0,1.505560301,1.647226629,-1.277159713,1.503259391,-0.2666286404,0.2962285141,0.3658209936,-1.420695452,1.557141883,1.350749193,1.747188927,-0.4177177346,-0.1785755493,-0.2529826306,0.1365511812,-5.216341956e-05,0.187847191,0.07576679457,-0.242738529,0.218462523,0.1967691717,-0.1103330695,-0.01905732274,0.04400036711,0.3141916398,-0.3521847918,-0.162284202,0.3085861692,0.008955334176,0.009723458747,0.008955334176,0.002637795173,0.01519684866,0.1123622069,0.1047472682,0.002109513664
8.87,0.4772961915,-0.04964463133,0.3495144582,0.05453847008,0.002637792114,0.999996521,0.0501757711,0.9987404027,0,0,1.506925813,1.647226108,-1.275281241,1.504017059,-0.2690560257,0.2984131393,0.3677886853,-1.421798783,1.556951309,1.351189197,1.750330843,-0.4212395825,-0.1801983914,-0.2498967689,0.1362561428,-4.960401501e-05,0.1874317106,0.07497956142,-0.2415664929,0.2185195405,0.19652322,-0.109911658,-0.01894540062,0.0439386663,0.3131059179,-0.3516381559,-0.1616654116,0.3084594555,0.008958272779,0.009667715942,0.008958272779,0.002637795173,0.01448611147,0.1123622069,0.1048031524,0.002110035298
8.88,0.4807879757,-0.04909984696,0.3488374211,0.05441751876,0.002637792114,0.999996521,0.0501757711,0.9987404027,0,0,1.508288375,1.647225612,-1.273406924,1.504766854,-0.2714716907,0.3005983347,0.3697539175,-1.422897899,1.556761855,1.351628583,1.753461903,-0.4247559641,-0.1818150455,-0.2468121744,0.1360473254,-4.731473617e-05,0.1868106839,0.07485424478,-0.2403021792,0.2180197139,0.1964415144,-0.1095189394,-0.01883731805,0.04390778022,0.3124663831,-0.3509206912,-0.1614203031,0.3084745268,0.008961205661,0.009612360924,0.008961205661,0.002637795173,0.01339654297,0.1123622069,0.1048031524,0.002110531339
8.89,0.4842728419,-0.04855629847,0.348130969,0.0542913125,0.002637792114,0.999996521,0.0501757711,0.9987404027,0,0,1.509648848,1.647225139,-1.271538818,1.505515397,-0.2738747125,0.3027785319,0.3717183326,-1.423993089,1.556573482,1.352067661,1.756586566,-0.428265171,-0.1834292485,-0.2437274291,0.1358243166,-4.503000719e-05,0.186175522,0.07471946342,-0.2390236713,0.2175028181,0.1963411659,-0.1091160959,-0.01872781392,0.04387322187,0.3117977529,-0.3501737895,-0.1611601754,0.3084596564,0.008964134652,0.00955739078,0.008964134652,0.002637795173,0.01230944621,0.1123622069,0.1048031524,0.002111004486
8.9,0.4877504989,-0.04801403789,0.3473956831,0.05415995513,0.002637792114,0.999996521,0.0501757711,0.9987404027,0,0,1.511007091,1.647224688,-1.269677062,1.506262591,-0.2762649492,0.30495356,0.3736817443,-1.42508425,1.556386204,1.352506393,1.759704544,-0.4317669089,-0.1850408503,-0.2406428325,0.1334601524,-4.117062247e-05,0.1875259747,0.07458163303,-0.2380286134,0.2191234572,0.194497347,-0.1073795197,-0.01825225301,0.04237067119,0.3104547025,-0.3501539895,-0.157150828,0.3096279741,0.00896705944,0.009502809037,0.00896705944,0.002637795173,0.01122492526,0.1123622069,0.1048031524,0.002111454786
8.91,0.4912206614,-0.04747311619,0.3466321584,0.05402355297,0.002637792114,0.999996521,0.0501757711,0.9987404027,0,0,1.512341693,1.647224277,-1.267801803,1.507008408,-0.2786452353,0.3071447946,0.3756267178,-1.426158045,1.556203681,1.3529301,1.762809091,-0.4352684488,-0.1866123585,-0.2375465528,0.1321682953,-4.159400606e-05,0.188112166,0.07267334032,-0.2370380755,0.2207777962,0.1932236247,-0.1063806599,-0.01800079536,0.04168934228,0.3082656388,-0.3500044525,-0.1544708226,0.3095362673,0.008969933963,0.009449676687,0.008969933963,0.002637795173,0.0101968497,0.1123622069,0.1048031524,0.002111866492
8.92,0.49468305,-0.04693358328,0.3458410042,0.05388221485,0.002637792114,0.999996521,0.0501757711,0.9987404027,0,0,1.513663375,1.647223861,-1.265920681,1.507735141,-0.2810156161,0.3093525726,0.377558954,-1.427221851,1.556023674,1.353346993,1.765891747,-0.4387684933,-0.1881570668,-0.2344511901,0.1319075386,-4.034138852e-05,0.1874282742,0.0725127452,-0.2357108269,0.220193749,0.1930753514,-0.1059494356,-0.01789160478,0.04164595813,0.3075236154,-0.3491763578,-0.1541837289,0.309430137,0.008972781003,0.00939731553,0.008972781003,0.002637795173,0.0101968497,0.1123622069,0.1048031524,0.002112282432
8.93,0.4981373915,-0.04639548797,0.3450228437,0.05373605211,0.002637792114,0.999996521,0.0501757711,0.9987404027,0,0,1.514982451,1.647223457,-1.264046398,1.508460269,-0.2833727243,0.3115545101,0.3794897075,-1.428281346,1.555844757,1.353763453,1.768966983,-0.4422602569,-0.189698904,-0.2313568887,0.1316338534,-3.908878379e-05,0.1867316327,0.07234349928,-0.2343720566,0.2195939159,0.1929096518,-0.1055093534,-0.01778124468,0.0415993066,0.3067549876,-0.348321152,-0.1538831657,0.3092953397,0.008975622906,0.009345339549,0.008975622906,0.002637795173,0.0101968497,0.1123622069,0.1048031524,0.002112685846
8.94,0.501583419,-0.04585887794,0.3441783143,0.05358517861,0.002637792114,0.999996521,0.0501757711,0.9987404027,0,0,1.516298789,1.647223066,-1.262179082,1.509183704,-0.2857164449,0.3137504492,0.381418804,-1.429336439,1.555666945,1.354179446,1.772034533,-0.4457434684,-0.1912377357,-0.2282639353,0.1313475004,-3.783668978e-05,0.1860226684,0.07216577156,-0.2330224323,0.2189787207,0.1927267969,-0.1050606924,-0.01766977267,0.04154944468,0.3059603736,-0.3474394937,-0.1535694107,0.3091322661,0.008978459387,0.009289214758,0.008978459387,0.002637795173,0.0101968497,0.1123622069,0.1048031524,0.002113076734
8.95,0.505020872,-0.04532379971,0.3433080672,0.05342971071,0.002637792114,0.999996521,0.0501757711,0.9987404027,0,0,1.517612264,1.647222688,-1.260318855,1.509905361,-0.2880466692,0.3159402364,0.383346072,-1.430387046,1.555490247,1.35459494,1.775094137,-0.4492178634,-0.1927734298,-0.2251726127,0.129009336,-3.4144115e-05,0.187296468,0.07137268261,-0.2320291819,0.2208058651,0.1907796354,-0.1033734692,-0.01722074339,0.04010897444,0.3040922144,-0.3473231822,-0.149434194,0.3098180487,0.008981290165,0.00923170064,0.008981290165,0.002637795173,0.0101968497,0.1123622069,0.1048031524,0.002113455101
8.96,0.5084494968,-0.04479029864,0.3424127679,0.05326976728,0.002637792114,0.999996521,0.0501757711,0.9987404027,0,0,1.518902358,1.647222347,-1.25844589,1.510619088,-0.290366961,0.3181482951,0.3852538684,-1.431420781,1.55531804,1.35499603,1.778135059,-0.4526910952,-0.1942677718,-0.2220744322,0.1276009545,-3.149175947e-05,0.1877563669,0.07011700619,-0.2309267754,0.2219614043,0.189487004,-0.1022780055,-0.01694630343,0.03933151735,0.302215731,-0.3469411598,-0.1468139083,0.3098139868,0.008984071141,0.009175519907,0.008984071141,0.002637795173,0.0101968497,0.1123622069,0.1048031524,0.002113796542
8.97,0.5118690461,-0.04425841888,0.3414930959,0.0531054697,0.002637792114,0.999996521,0.0501757711,0.9987404027,0,0,1.520178367,1.647222032,-1.256568327,1.511320258,-0.2926762288,0.3203679091,0.3871487384,-1.432443561,1.555148577,1.355389345,1.781157217,-0.4561605068,-0.1957359108,-0.2189762923,0.1272839228,-3.124481784e-05,0.1870041397,0.06991821374,-0.229538609,0.2212826295,0.1892630841,-0.101805471,-0.01683814586,0.03927322988,0.3013591311,-0.3459871035,-0.1464813197,0.3095659868,0.008986822278,0.009120208042,0.008986822278,0.002637795173,0.0101968497,0.1123622069,0.1048031524,0.00211411146
8.98,0.5152792798,-0.04372820335,0.3405497445,0.05293694186,0.002637792114,0.999996521,0.0501757711,0.9987404027,0,0,1.521451207,1.647221719,-1.254698285,1.51201944,-0.2949716149,0.3225807354,0.3890413692,-1.433461616,1.554980195,1.355782078,1.784170808,-0.4596203778,-0.197200724,-0.2158806325,0.1269555868,-3.099169279e-05,0.1862411208,0.06971181818,-0.2281422807,0.2205900304,0.189023401,-0.1013256817,-0.01672909753,0.03921217022,0.3004792644,-0.3450092163,-0.1461371382,0.3092914056,0.008989566936,0.009065317421,0.008989566936,0.002637795173,0.0101968497,0.1123622069,0.1048031524,0.002114423908
8.99,0.5186799645,-0.04319969373,0.3395834214,0.05276431017,0.002637792114,0.999996521,0.0501757711,0.9987404027,0,0,1.522720762,1.647221409,-1.252835874,1.512716559,-0.2972530377,0.3247866357,0.3909316032,-1.434474873,1.554812904,1.356174199,1.787175601,-0.46307047,-0.1986620954,-0.2127877184,0.1266162401,-3.073257369e-05,0.1854677668,0.06949801129,-0.2267384574,0.2198840801,0.1887682784,-0.1008389314,-0.0166192142,0.03914840273,0.2995768149,-0.3440082291,-0.1457816678,0.3089907381,0.008992304865,0.009010850245,0.008992304865,0.002637795173,0.0101968497,0.1123622069,0.1048031524,0.002114733825
9,0.522070874,-0.0426729304,0.3385948482,0.05258770353,0.002637792114,0.999996521,0.0501757711,0.9987404027,0,0,1.523986925,1.647221102,-1.250981197,1.513411539,-0.2995204223,0.3269854765,0.392819286,-1.435483262,1.554646712,1.356565683,1.790171369,-0.4665105523,-0.2001199121,-0.209697811,0.1245353697,-2.457928703e-05,0.1864731398,0.06818401205,-0.2257245249,0.2216333766,0.1869054426,-0.09934465746,-0.01622985219,0.03792204128,0.2973727312,-0.3437283935,-0.1419663401,0.3091465635,0.008995035821,0.008956808515,0.008956808515,0.002637795173,0.0101968497,0.1123622069,0.1048031524,0.00211504115
9.01,0.5254517897,-0.04214795247,0.3375847604,0.05240725336,0.002637792114,0.999996521,0.0501757711,0.9987404027,0,0,1.525232278,1.647220856,-1.249116465,1.514093379,-0.3017776675,0.3292018103,0.3946883405,-1.436476708,1.554484414,1.356944904,1.793145096,-0.4699478362,-0.2015395755,-0.2066063454,0.1228080089,-2.060342108e-05,0.1870225846,0.06746404618,-0.2245720242,0.2225914604,0.1854435619,-0.09803348711,-0.01589349713,0.03692382114,0.2956582867,-0.3432120833,-0.1389944927,0.3093056255,0.008997722633,0.008903939364,0.008903939364,0.002637795173,0.0101968497,0.1123622069,0.1048031524,0.002115286943
9.02,0.5288225,-0.0416247977,0.3365539077,0.0522230936,0.002637792114,0.999996521,0.0501757711,0.9987404027,0,0,1.526460359,1.64722065,-1.247246239,1.514768019,-0.3040233878,0.3314277249,0.3965427761,-1.437457043,1.554325479,1.357314142,1.796101679,-0.473379957,-0.2029295204,-0.2035132891,0.1224423547,-2.035944722e-05,0.1862101298,0.06723302766,-0.223138922,0.2218267064,0.18515324,-0.09752848012,-0.01578587772,0.03685500372,0.294704032,-0.3421489282,-0.1386278752,0.3089275318,0.009000372754,0.008852096994,0.008852096994,0.002637795173,0.0101968497,0.1123622069,0.1048031524,0.002115492978
9.03,0.5321828012,-0.04110350251,0.335503054,0.05203536067,0.002637792114,0.999996521,0.0501757711,0.9987404027,0,0,1.527684782,1.647220447,-1.245384138,1.51544035,-0.306254777,0.333645992,0.3983943085,-1.438432328,1.55416762,1.357682692,1.799048719,-0.4768014463,-0.2043157992,-0.2004240138,0.1220671712,-2.011087632e-05,0.1853890346,0.06699554457,-0.2217010235,0.2210503974,0.1848490568,-0.0970178752,-0.0156776475,0.03678391715,0.2937301575,-0.3410655947,-0.1382516059,0.3085254834,0.009003015296,0.008800670316,0.008800670316,0.002637795173,0.0101968497,0.1123622069,0.1048031524,0.002115696572
9.04,0.535532497,-0.04058410193,0.3344329769,0.05184419353,0.002637792114,0.999996521,0.0501757711,0.9987404027,0,0,1.528905454,1.647220245,-1.243530248,1.516110305,-0.3084717872,0.3358564959,0.400242799,-1.439402507,1.554010844,1.358050531,1.801986021,-0.4802121023,-0.2056983152,-0.197338759,0.1216827838,-1.985789226e-05,0.1845597858,0.06675181093,-0.2202589901,0.2202630561,0.1845313895,-0.09650197918,-0.0155688609,0.03671063166,0.2927374136,-0.3399628874,-0.1378660132,0.308100083,0.009005650048,0.008749660585,0.008749660585,0.002637795173,0.0101968497,0.1123622069,0.1048031524,0.002115897681
9.05,0.5388713993,-0.04006662961,0.3333444683,0.05164973364,0.002637792114,0.999996521,0.0501757711,0.9987404027,0,0,1.530122282,1.647220047,-1.24168465,1.516777823,-0.3106743771,0.3380591265,0.4020881129,-1.440367527,1.553855155,1.358417638,1.804913395,-0.4836117311,-0.2070769754,-0.1942577581,0.1201156519,-1.589336251e-05,0.1850762311,0.06504938844,-0.2191871609,0.2216194633,0.1829602625,-0.09535351941,-0.01528842075,0.03585538614,0.2904028498,-0.3394486796,-0.1348787758,0.3076838445,0.009008276803,0.008699068869,0.008699068869,0.002637795173,0.0101968497,0.1123622069,0.1048031524,0.00211609626
9.06,0.5421993276,-0.03955111775,0.332238334,0.05145212496,0.002637792114,0.999996521,0.0501757711,0.9987404027,0,0,1.531323438,1.647219888,-1.239833887,1.517428317,-0.3128662487,0.3402753211,0.4039177156,-1.441321062,1.553702271,1.358776191,1.807817423,-0.4870062179,-0.2084257631,-0.1911809197,0.1178430729,-1.235993172e-05,0.1859524102,0.06474171522,-0.2180552348,0.2227106844,0.1811518931,-0.09369317126,-0.01485680767,0.03447233041,0.2886836976,-0.33889179,-0.1310854065,0.3080653532,0.009007968743,0.008649350863,0.008649350863,0.002637795173,0.0101968497,0.1123622069,0.1048031524,0.002116255193
9.07,0.5455161099,-0.03903759712,0.331115394,0.05125151397,0.002637792114,0.999996521,0.0501757711,0.9987404027,0,0,1.532501869,1.647219764,-1.237974363,1.518075734,-0.3150468011,0.342502428,0.4057292345,-1.442257994,1.553553703,1.359120915,1.81070426,-0.4903951358,-0.2097366172,-0.1881002662,0.1174408288,-1.211992928e-05,0.185088121,0.06448477256,-0.2165932352,0.2218707945,0.1808049916,-0.0931637496,-0.01475113622,0.03439635721,0.287650186,-0.3377379268,-0.1306964285,0.3075720272,0.009007351201,0.00860090401,0.00860090401,0.002637795173,0.0101968497,0.1123622069,0.1048031524,0.002116378793
9.08,0.5488215823,-0.03852609699,0.3299764822,0.05104804965,0.002637792114,0.999996521,0.0501757711,0.9987404027,0,0,1.533676277,1.647219643,-1.236123482,1.518720582,-0.3172127334,0.3447211359,0.4075372844,-1.443189631,1.553406191,1.359464878,1.813580762,-0.4937725151,-0.2110435815,-0.1850245459,0.1170309334,-1.187662726e-05,0.1842175524,0.06422259124,-0.2151297891,0.2210219286,0.1804463749,-0.09263043885,-0.01464511873,0.03431862477,0.286601013,-0.3365679236,-0.1302997856,0.3070579262,0.009006735801,0.008552862876,0.008552862876,0.002637795173,0.0101968497,0.1123622069,0.1048031524,0.002116499992
9.09,0.5521155892,-0.03801664513,0.3288224467,0.05084188351,0.002637792114,0.999996521,0.0501757711,0.9987404027,0,0,1.534846587,1.647219524,-1.234281307,1.519362808,-0.3193640313,0.3469313552,0.4093417482,-1.444115935,1.55325974,1.359808065,1.816446772,-0.4971381943,-0.2123465793,-0.1819539666,0.1166137424,-1.163020713e-05,0.1833412216,0.06395540695,-0.2136655486,0.2201646593,0.1800764742,-0.09209355687,-0.0145388082,0.03423920788,0.2855369953,-0.3353826594,-0.1298958282,0.3065237633,0.009006122586,0.008505227838,0.008505227838,0.002637795173,0.0101968497,0.1123622069,0.1048031524,0.002116618758
9.1,0.5553979837,-0.03750926781,0.3276541495,0.05063316955,0.002637792114,0.999996521,0.0501757711,0.9987404027,0,0,1.536012724,1.647219408,-1.232447894,1.520002362,-0.3215006868,0.3491330018,0.4111425129,-1.445036871,1.553114352,1.360150457,1.819302142,-0.5004920209,-0.2136455376,-0.178888729,0.1158329917,-8.770897808e-06,0.1831225517,0.06200262805,-0.2124792383,0.2207933453,0.1790151749,-0.09145255435,-0.01441008059,0.03394947807,0.2832983519,-0.3345818428,-0.1282946809,0.3055224779,0.009005511594,0.008457999089,0.008457999089,0.002637795173,0.0101968497,0.1123622069,0.1048031524,0.00211673506
9.11,0.5586686275,-0.03700398971,0.3264724667,0.05042206428,0.002637792114,0.999996521,0.0501757711,0.9987404027,0,0,1.537171054,1.64721932,-1.230616669,1.520622388,-0.3236254792,0.3513409352,0.4129326646,-1.445951397,1.552970251,1.360489951,1.822135126,-0.5038378394,-0.2149284844,-0.1758335042,0.1127576736,-3.365940149e-06,0.1845905137,0.06198540609,-0.2114556609,0.2223762237,0.1766735991,-0.08930539578,-0.01383875447,0.03201073303,0.2813974503,-0.3340785741,-0.1231548563,0.3061752393,0.009004904729,0.008411233009,0.008411233009,0.002637795173,0.0101968497,0.1123622069,0.1048031524,0.002116822769
9.12,0.5619273914,-0.03650083397,0.3252782885,0.05020872672,0.002637792114,0.999996521,0.0501757711,0.9987404027,0,0,1.538298631,1.647219287,-1.228770764,1.521242242,-0.3257400358,0.3535646975,0.4146994006,-1.446844451,1.552831864,1.360810059,1.8249491,-0.5071786251,-0.216160033,-0.1727717518,0.1123293121,-2.250793685e-06,0.1836859452,0.06170912749,-0.2099816641,0.221473674,0.1762825825,-0.08876068015,-0.01373634586,0.03192994615,0.2803054172,-0.332854441,-0.1227549051,0.3055841637,0.009004314012,0.008366102638,0.008366102638,0.002637795173,0.0101968497,0.1123622069,0.1048031524,0.002116856429
9.13,0.5651741547,-0.03599982208,0.3240725191,0.04999331842,0.002637792114,0.999996521,0.0501757711,0.9987404027,0,0,1.539421924,1.647219264,-1.226933904,1.521859333,-0.3278398524,0.3557794342,0.4164622265,-1.447732057,1.5526945,1.361129358,1.827752154,-0.5105071695,-0.217387582,-0.1697159102,0.1118952875,-1.144279205e-06,0.1827776532,0.06142891938,-0.2085095257,0.2205650426,0.1758822213,-0.08821381458,-0.01363384116,0.03184791636,0.2792019815,-0.3316186002,-0.1223493054,0.3049760591,0.009003725575,0.008321363781,0.008321363781,0.002637795173,0.0101968497,0.1123622069,0.1048031524,0.002116878937
9.14,0.5684088062,-0.03550097395,0.3228560767,0.04977600341,0.002637792114,0.999996521,0.0501757711,0.9987404027,0,0,1.540540877,1.647219253,-1.225106128,1.522473623,-0.3299249477,0.3579850846,0.4182210487,-1.448614195,1.552558162,1.361447837,1.830544174,-0.5138233555,-0.2186110751,-0.1666661496,0.1114559842,-4.664866271e-08,0.1818661856,0.06114503854,-0.2070398846,0.219650952,0.1754730002,-0.08766512605,-0.01353129198,0.03176472176,0.2780880259,-0.3303720066,-0.1219384276,0.3043517509,0.009003139449,0.008277015995,0.008277015995,0.002637795173,0.0101968497,0.1123622069,0.1048031524,0.002116890379
9.15,0.5716312437,-0.03500430781,0.3216298937,0.04955694826,0.002637792114,0.999996521,0.0501757711,0.9987404027,0,0,1.541655436,1.647219252,-1.223287466,1.523085073,-0.3319953465,0.3601815942,0.4199757787,-1.449490847,1.552422849,1.361765485,1.833325055,-0.5171270756,-0.2198304594,-0.1636226321,0.110810754,1.181692755e-05,0.1814843484,0.05919247487,-0.2058302464,0.2200700905,0.1744538314,-0.08711245711,-0.01343123689,0.03156591612,0.2758768715,-0.329473082,-0.1206040833,0.3031939068,0.009002555661,0.008233058666,0.008233058666,0.002637795173,0.0101968497,0.1123622069,0.1048031524,0.002116890846
9.16,0.5748413747,-0.03450984022,0.3203949163,0.04933632201,0.002637792114,0.999996521,0.0501757711,0.9987404027,0,0,1.542763544,1.64721937,-1.221472622,1.523676998,-0.334053649,0.3623822951,0.421720317,-1.450361971,1.552288536,1.362081144,1.836083823,-0.5204218064,-0.2210365002,-0.160590693,0.108566548,-8.095717852e-06,0.182168756,0.05911051881,-0.2046970533,0.2207846814,0.1727724821,-0.08548730819,-0.01301045355,0.03022332036,0.2741935042,-0.3286427328,-0.1169857127,0.3033119788,0.009001975291,0.008189479508,0.008189479508,0.002637795173,0.009216529628,0.1123622069,0.1048031524,0.002116772677
9.17,0.5780391159,-0.03401758604,0.319152105,0.04911429625,0.002637792114,0.999996521,0.0501757711,0.9987404027,0,0,1.543849209,1.64721929,-1.219650935,1.524268103,-0.3361006195,0.3645901419,0.4234480418,-1.451216844,1.552158432,1.362383377,1.838825758,-0.5237082337,-0.2222063573,-0.1575575732,0.1071681088,4.750484828e-06,0.1820659684,0.05893896273,-0.2033862062,0.2207042114,0.1716530209,-0.08436088812,-0.01274139968,0.0294671611,0.272770774,-0.3276029394,-0.1148679438,0.3030608326,0.009001406711,0.008147132708,0.008147132708,0.002637795173,0.008232020729,0.1123622069,0.1048031524,0.002116853634
9.18,0.5812243939,-0.03352755838,0.3179024342,0.04889104506,0.002637792114,0.999996521,0.0501757711,0.9987404027,0,0,1.544920891,1.647219337,-1.217830275,1.524857493,-0.3381344816,0.366797184,0.425164572,-1.452060453,1.552031018,1.362678049,1.841553466,-0.5269842631,-0.2233550368,-0.1545269649,0.1067199933,6.651319184e-06,0.1811337302,0.05864597859,-0.2019226152,0.2197513643,0.1712253132,-0.08381048399,-0.0126436271,0.02938483428,0.2716371836,-0.3263248525,-0.1144646115,0.3023798007,0.009000845491,0.008105613553,0.008105613553,0.002637795173,0.007251964894,0.1123622069,0.1048031524,0.002116806129
9.19,0.5843971451,-0.03303976863,0.3166468924,0.04866674502,0.002637792114,0.999996521,0.0501757711,0.9987404027,0,0,1.54598809,1.647219404,-1.216018938,1.525443952,-0.3401537077,0.3689946976,0.4268768252,-1.452898558,1.551904582,1.362971897,1.844269838,-0.5302475117,-0.2244996829,-0.1515031669,0.106268724,8.531303264e-06,0.180201091,0.05835075228,-0.2004647405,0.2187963096,0.1707913782,-0.083260011,-0.01254604433,0.02930183548,0.2704976744,-0.3250409161,-0.1140580456,0.3016869984,0.009000286655,0.00806446682,0.00806446682,0.002637795173,0.00627638487,0.1123622069,0.1048031524,0.002116739616
9.2,0.5875573156,-0.03255422638,0.3153864821,0.04844157524,0.002637792114,0.999996521,0.0501757711,0.9987404027,0,0,1.547050778,1.647219489,-1.214216927,1.52602746,-0.3421583551,0.3711826607,0.4285847389,-1.453731158,1.551779121,1.363264915,1.846974815,-0.5334979208,-0.2256402633,-0.1484862969,0.1056821538,0.0001186018932,0.1796173715,0.05660695863,-0.1991803314,0.2189640617,0.1696861659,-0.08272003526,-0.01245515681,0.02911767851,0.2684175892,-0.3240648858,-0.1128549263,0.3005198413,0.008999730219,0.008023691141,0.008023691141,0.002637795173,0.005305299848,0.1123622069,0.1048031524,0.002116654303
9.21,0.5907048619,-0.03207093942,0.31412222,0.04821571734,0.002637792114,0.999996521,0.0501757711,0.9987404027,0,0,1.548107599,1.647220675,-1.212420753,1.526593529,-0.3441501585,0.3733723014,0.4302816006,-1.454558359,1.55165457,1.363556092,1.849658991,-0.5367385697,-0.2267688126,-0.1454810985,0.1048129933,6.467004725e-05,0.1791387775,0.05618004037,-0.1978775942,0.2185005729,0.1689825285,-0.08195143463,-0.01229202997,0.02876164027,0.2670407913,-0.3228908897,-0.111687735,0.2998955245,0.008999176892,0.007983259936,0.007983259936,0.002637795173,0.005196847022,0.1123622069,0.1048031524,0.002115468284
9.22,0.5938397506,-0.03158991372,0.3128551366,0.04798935542,0.002637792114,0.999996521,0.0501757711,0.9987404027,0,0,1.549155729,1.647221322,-1.210629366,1.52715533,-0.3461289344,0.3755573071,0.4319714259,-1.455377873,1.551531649,1.363843708,1.852329398,-0.5399674786,-0.2278856899,-0.1424821433,0.1020288157,5.117001389e-05,0.1802435704,0.05621101229,-0.1968597091,0.2196275996,0.1669421399,-0.08001186626,-0.0117789443,0.02703361317,0.2651620008,-0.3221010615,-0.1070960994,0.3001124536,0.008998628152,0.007943370978,0.007943370978,0.002637795173,0.005274742763,0.1123622069,0.1048031524,0.002114821583
9.23,0.5969619587,-0.03111115337,0.3115862767,0.04776267613,0.002637792114,0.999996521,0.0501757711,0.9987404027,0,0,1.550176017,1.647221833,-1.20882693,1.52771744,-0.3480975315,0.3777535831,0.4336408473,-1.456177992,1.55141386,1.364114045,1.854981018,-0.5431884892,-0.2289566509,-0.1394810187,0.1015663702,2.030730752e-05,0.1793423169,0.05591420624,-0.1954421454,0.2186605681,0.1665415991,-0.07946613394,-0.01168536636,0.02695296863,0.2640202262,-0.3208063921,-0.1067058163,0.2993827053,0.008998094026,0.007904951787,0.007904951787,0.002637795173,0.005648833573,0.1123622069,0.1048031524,0.002114309883
9.24,0.6000714737,-0.03063466062,0.3103166989,0.04753586859,0.002637792114,0.999996521,0.0501757711,0.9987404027,0,0,1.551191681,1.647222036,-1.207033507,1.528276582,-0.3500519529,0.3799401888,0.4353062633,-1.456972653,1.551297006,1.364383574,1.857621221,-0.5463965531,-0.2300237091,-0.1364871917,0.101103131,-1.014736895e-05,0.1784431046,0.05561664109,-0.1940331618,0.2176947244,0.1661371501,-0.07892210324,-0.01159222,0.02687212796,0.2628774515,-0.3195111782,-0.1063143333,0.2986461969,0.008997562356,0.007866888116,0.007866888116,0.002637795173,0.005681154409,0.1123622069,0.1048031524,0.00211410681
9.25,0.6031682938,-0.03016043579,0.3090474761,0.04730912446,0.002637792114,0.999996521,0.0501757711,0.9987404027,0,0,1.552202712,1.647221935,-1.205249076,1.528832748,-0.3519922846,0.382117136,0.4369676348,-1.457761874,1.551181084,1.364652296,1.860249995,-0.5495916649,-0.2310868524,-0.1335007297,0.1005840494,0.0001242443755,0.1776990428,0.05427372773,-0.192707887,0.2175053034,0.1651281093,-0.07839754892,-0.01150510343,0.02671423632,0.2610695288,-0.3184436243,-0.1053529546,0.2975604923,0.008997033147,0.007829177838,0.007829177838,0.002637795173,0.005376208801,0.1123622069,0.1048031524,0.002114208284
9.26,0.606252428,-0.02968847728,0.307779695,0.0470826379,0.002637792114,0.999996521,0.0501757711,0.9987404027,0,0,1.553208553,1.647223177,-1.203472085,1.529375486,-0.3539193634,0.384292189,0.4386189159,-1.458545849,1.551066033,1.364919438,1.862860691,-0.5527761011,-0.232140382,-0.1305251248,0.1000858283,0.0001689143559,0.1768989304,0.05344108662,-0.1913707843,0.2169394156,0.1644167985,-0.07786745619,-0.01141644043,0.02659615157,0.2595920835,-0.3172663396,-0.1046753668,0.2966365185,0.008996506692,0.00779179607,0.00779179607,0.002637795173,0.005196847022,0.1123622069,0.1048031524,0.00211296584
9.27,0.6093238962,-0.02921878152,0.3065144565,0.04685660558,0.002637792114,0.999996521,0.0501757711,0.9987404027,0,0,1.554209411,1.647224866,-1.201703096,1.529909897,-0.3558330713,0.3864615832,0.4402630838,-1.459324524,1.550951869,1.365185399,1.865456611,-0.5559487645,-0.2331871357,-0.1275587596,0.09831080642,0.0001503744016,0.1771261571,0.05334907575,-0.1902303093,0.2171370518,0.1631031233,-0.07655195388,-0.01108623758,0.02558493291,0.2580358544,-0.3162263514,-0.1019125391,0.2963730044,0.008995982881,0.007754749393,0.007754749393,0.002637795173,0.005196847022,0.1123622069,0.1048031524,0.002111276696
9.28,0.6123827293,-0.02875134299,0.3052528756,0.04663122666,0.002637792114,0.999996521,0.0501757711,0.9987404027,0,0,1.555192519,1.64722637,-1.199931834,1.530443387,-0.3577353744,0.3886329537,0.4418941151,-1.460090044,1.550841006,1.365441249,1.86803697,-0.559111028,-0.234206261,-0.1245950296,0.09651865703,0.0001105188234,0.1773888314,0.05326147663,-0.1891031529,0.2173539192,0.1618166959,-0.07522883194,-0.0107559534,0.0245625116,0.2564794885,-0.315196425,-0.09912881529,0.2961152437,0.008995468396,0.007718682801,0.007718682801,0.002637795173,0.005196847022,0.1123622069,0.1045855921,0.002109772952
9.29,0.6154289697,-0.02828615414,0.3039960812,0.04640670285,0.002637792114,0.999996521,0.0501757711,0.9987404027,0,0,1.556157706,1.647227475,-1.198157946,1.530976002,-0.3596264059,0.3908064929,0.443512282,-1.460842332,1.550733447,1.365686874,1.870601765,-0.5622629923,-0.2351975492,-0.1216338771,0.09605109182,4.093295827e-05,0.1765471287,0.05296908428,-0.1877622709,0.2164005128,0.1614663538,-0.074699422,-0.01066993188,0.02448711405,0.255357999,-0.3139177165,-0.09876229886,0.2953623844,0.008994963325,0.007683594518,0.007683594518,0.002637795173,0.005196847022,0.1123622069,0.1043920454,0.002108667764
9.3,0.6184626707,-0.0278232054,0.3027452164,0.04618323834,0.002637792114,0.999996521,0.0501757711,0.9987404027,0,0,1.557118217,1.647227885,-1.196392475,1.531505693,-0.3615040286,0.392970498,0.4451269456,-1.461589326,1.550626747,1.365931745,1.873155345,-0.5654021695,-0.2361851722,-0.1186802533,0.09556369497,4.307395434e-05,0.1757814097,0.05221903046,-0.1864711688,0.2157919671,0.1608457969,-0.07418578037,-0.01058721872,0.02437675911,0.2539526798,-0.3127453862,-0.09814893908,0.2944550047,0.008994460736,0.007648833828,0.007648833828,0.002637795173,0.005196847022,0.1123622069,0.1045217793,0.002108258435
9.31,0.6214838976,-0.02736248515,0.3015014381,0.04596103983,0.002637792114,0.999996521,0.0501757711,0.9987404027,0,0,1.558073854,1.647228315,-1.194634661,1.532027883,-0.3633687403,0.3951284177,0.4467354035,-1.462331184,1.550520875,1.366175513,1.875694872,-0.5685296233,-0.2371666616,-0.1157357032,0.0950652664,0.0001856689256,0.1750635637,0.05085536635,-0.1852211672,0.2156213876,0.159804433,-0.07369322681,-0.01050873844,0.02422072057,0.2521704496,-0.311714077,-0.09720931546,0.2933407998,0.008993960733,0.007614386648,0.007614386648,0.002637795173,0.005196847022,0.1123622069,0.1048031524,0.002107827695
9.32,0.624492727,-0.02690397968,0.3002659175,0.04574031654,0.002637792114,0.999996521,0.0501757711,0.9987404027,0,0,1.559024506,1.647230172,-1.192884025,1.532536437,-0.365220952,0.3972846316,0.4483334479,-1.463068116,1.550415788,1.36641772,1.878216576,-0.5716467641,-0.2381387547,-0.1128022952,0.0946298302,0.0001863909443,0.1741585305,0.0505701548,-0.1838837023,0.2146497299,0.1593645892,-0.07317763303,-0.01042487507,0.02414855262,0.2510766058,-0.3104565903,-0.09685642243,0.2925913305,0.008993463372,0.007580234899,0.007580234899,0.002637795173,0.005196847022,0.1123622069,0.1048031524,0.002105971006
9.33,0.6274892474,-0.0264476732,0.2990398397,0.04552128019,0.002637792114,0.999996521,0.0501757711,0.9987404027,0,0,1.559970805,1.647232036,-1.19114244,1.533042138,-0.367059789,0.3994311289,0.4499270938,-1.463799892,1.550311539,1.366659205,1.880727342,-0.57475133,-0.239107319,-0.1098763819,0.09234168005,0.0002333253412,0.1747939173,0.05060407605,-0.1828744839,0.2153144235,0.1576494642,-0.07156482237,-0.009997755904,0.02273966957,0.2493732288,-0.3095153573,-0.09309666974,0.2924776247,0.008992968326,0.007546401512,0.007546401512,0.002637795173,0.005196847022,0.1123622069,0.1048031524,0.002104107096
9.34,0.6304735593,-0.02599354774,0.297824404,0.04530414503,0.002637792114,0.999996521,0.0501757711,0.9987404027,0,0,1.560894221,1.647234369,-1.1893945,1.533548179,-0.3688885338,0.4015842731,0.4515035884,-1.464515541,1.550211562,1.366886602,1.883221074,-0.5778464836,-0.2400382857,-0.1069516057,0.09119016817,0.0002047103373,0.1745399694,0.05044620942,-0.1817001348,0.2149947727,0.1567980584,-0.07063612845,-0.009786329412,0.0221575354,0.248063227,-0.3084002387,-0.09145255471,0.2919814486,0.008992485284,0.007513798617,0.007513798617,0.002637795173,0.005196847022,0.1123622069,0.1045578287,0.002101773843
9.35,0.633445775,-0.02554158324,0.2966208236,0.04508912779,0.002637792114,0.999996521,0.0501757711,0.9987404027,0,0,1.561806123,1.647236416,-1.187649101,1.534052641,-0.3707055352,0.4037342208,0.453071569,-1.465221902,1.550113698,1.367108177,1.885701707,-0.5809304859,-0.2409528112,-0.1040317912,0.09075453727,0.0001513892603,0.1737136694,0.05016945508,-0.1804223084,0.2140611126,0.1564522973,-0.07013646841,-0.009708463455,0.02209028656,0.2470020701,-0.3071806292,-0.09112365963,0.2912490548,0.008992008299,0.007481850322,0.007481850322,0.002637795173,0.005196847022,0.1123622069,0.1044849683,0.00209972674
9.36,0.6364060194,-0.0250917574,0.2954303258,0.04487644773,0.002637792114,0.999996521,0.0501757711,0.9987404027,0,0,1.562713668,1.64723793,-1.185911964,1.534554336,-0.3725097583,0.405874832,0.454636092,-1.465923267,1.550016614,1.36732908,1.888171727,-0.5840022922,-0.2418640478,-0.1011193006,0.09023123358,0.0001754092059,0.1732220848,0.04871480999,-0.179339254,0.2140574319,0.1555295478,-0.06968284513,-0.009638944069,0.02192919599,0.2452167711,-0.3062359986,-0.09016564474,0.2901156089,0.008991533627,0.007450199937,0.007450199937,0.002637795173,0.005196847022,0.1123622069,0.1047181184,0.002098212847
9.37,0.6393544293,-0.02464404575,0.2942541519,0.04466632661,0.002637792114,0.999996521,0.0501757711,0.9987404027,0,0,1.563615981,1.647239684,-1.184179743,1.535041484,-0.3743031508,0.4080154063,0.4561913874,-1.466620095,1.549920224,1.367548372,1.890623895,-0.5870646522,-0.2427657042,-0.09821814455,0.08979936007,0.0001897202598,0.1724442919,0.0481432286,-0.1781180017,0.2133554871,0.1549796778,-0.06920613445,-0.009564215517,0.0218409993,0.2439967255,-0.3051116038,-0.08968909237,0.2892947234,0.008991061726,0.007418811262,0.007418811262,0.002637795173,0.005196847022,0.1123622069,0.1048031524,0.002096458755
9.38,0.6422911543,-0.02419842159,0.2930935573,0.04445898871,0.002637792114,0.999996521,0.0501757711,0.9987404027,0,0,1.564513974,1.647241582,-1.1824553,1.535522916,-0.3760843308,0.4101489612,0.4577411842,-1.467312156,1.549824582,1.367766782,1.893063862,-0.5901157683,-0.2436625952,-0.09532519732,0.08939896849,0.0001896705204,0.1715884227,0.04787939205,-0.1768652088,0.2124269788,0.1545777901,-0.06872578116,-0.009488538387,0.02177822821,0.2429809605,-0.3039365173,-0.08938054272,0.2885893401,0.008990592118,0.007387706709,0.007387706709,0.002637795173,0.005196847022,0.1123622069,0.1048031524,0.002094561552
9.39,0.6452163566,-0.02375485594,0.2919498115,0.0442546608,0.002637792114,0.999996521,0.0501757711,0.9987404027,0,0,1.565407964,1.647243478,-1.180739416,1.53600171,-0.3778529829,0.4122732309,0.4592869621,-1.467999414,1.549729697,1.367984564,1.895493672,-0.5931551334,-0.2445564006,-0.09243930392,0.08694856349,0.0001971524967,0.1724688583,0.04799928367,-0.1760121614,0.2133035907,0.1528797017,-0.06705132018,-0.009024733527,0.02024531943,0.2412882334,-0.3030623775,-0.08530980564,0.2885244739,0.008990124637,0.007356890867,0.007356890867,0.002637795173,0.005196847022,0.1123622069,0.1048031524,0.002092664847
9.4,0.648130211,-0.02331331757,0.290824198,0.04405357219,0.002637792114,0.999996521,0.0501757711,0.9987404027,0,0,1.56627745,1.64724545,-1.179014728,1.536481703,-0.3796131045,0.4144062668,0.4608157591,-1.468669927,1.549639449,1.368187018,1.897906554,-0.5961857572,-0.2454094986,-0.08955405918,0.08608749964,0.0001994794498,0.1720286815,0.04783420573,-0.1748680758,0.2128115761,0.1521990281,-0.0663034789,-0.008862647985,0.01984167687,0.2401468002,-0.3019942845,-0.08413812512,0.2879942081,0.008989670002,0.007327401293,0.007327401293,0.002637795173,0.005196847022,0.1123622069,0.1041276043,0.002090693322
9.41,0.6510329053,-0.02287377293,0.2897180143,0.04385595468,0.002637792114,0.999996521,0.0501757711,0.9987404027,0,0,1.567138325,1.647247445,-1.177294441,1.536960045,-0.3813617853,0.4165343826,0.4623377494,-1.469332962,1.549550823,1.368385434,1.900308022,-0.5992057001,-0.2462508799,-0.0866741171,0.08569714731,0.0002004200532,0.1712717222,0.04737392957,-0.1736931292,0.2120827644,0.1517452718,-0.0658548504,-0.008795070376,0.0197678059,0.2390572508,-0.3009273715,-0.08374726886,0.2872563745,0.008989219903,0.007298428549,0.007298428549,0.002637795173,0.005196847022,0.1123622069,0.1032960448,0.002088698528
9.42,0.6539246404,-0.02243618613,0.2886325719,0.04366204257,0.002637792114,0.999996521,0.0501757711,0.9987404027,0,0,1.567995296,1.647249449,-1.175581723,1.537433784,-0.3830987166,0.4186552103,0.4638552021,-1.469991511,1.549462872,1.368583112,1.902698595,-0.6022149738,-0.2470883526,-0.08380155335,0.08520988042,0.000202138008,0.1709021503,0.0458988517,-0.172746683,0.2121921003,0.1508681992,-0.06545790115,-0.008736007994,0.01960987044,0.2373622608,-0.3001084992,-0.08282356513,0.2861734134,0.008988771876,0.007269715696,0.007269715696,0.002637795173,0.005196847022,0.1123622069,0.1025272404,0.002086694327
9.43,0.6568056303,-0.02200051894,0.2875691966,0.04347207268,0.002637792114,0.999996521,0.0501757711,0.9987404027,0,0,1.568847395,1.64725147,-1.173872702,1.537892773,-0.3848261834,0.4207771313,0.4653638841,-1.47064609,1.549375512,1.368779211,1.905072217,-0.6052160588,-0.2479165882,-0.08093981922,0.08485216366,0.0002013821661,0.1701063435,0.04566223929,-0.1715790186,0.2113224002,0.1505194991,-0.06501708231,-0.008669251267,0.01955650009,0.2364463739,-0.2990392516,-0.08256504455,0.2855439123,0.008988326429,0.007241225682,0.007241225682,0.002637795173,0.005196847022,0.1123622069,0.1022738009,0.002084672947
9.44,0.6596761024,-0.02156673074,0.2865292279,0.04328628436,0.002637792114,0.999996521,0.0501757711,0.9987404027,0,0,1.569695917,1.647253484,-1.172171639,1.538349395,-0.3865419736,0.4228903553,0.4668690791,-1.471296261,1.549288819,1.368974776,1.907436681,-0.6082064513,-0.2487422387,-0.0780843801,0.08450313935,0.0002006436303,0.1693269024,0.0454314552,-0.1704316675,0.2104713281,0.150181131,-0.06458497266,-0.008603756873,0.01950439737,0.2355521497,-0.2979949122,-0.08231331971,0.2849335464,0.008987882884,0.007212993191,0.007212993191,0.002637795173,0.005196847022,0.1123622069,0.102306913,0.002082659125
9.45,0.6625362974,-0.02113477851,0.2855140197,0.04310491943,0.002637792114,0.999996521,0.0501757711,0.9987404027,0,0,1.570540948,1.64725549,-1.17047837,1.53880371,-0.3882462903,0.4249950685,0.4683708904,-1.47194211,1.549202782,1.36916982,1.909792203,-0.6111864004,-0.2495653719,-0.07523504463,0.08226791031,0.0002039355115,0.1701356525,0.04558159784,-0.1696641624,0.2112743834,0.1486990258,-0.06306707511,-0.008176461556,0.01809585953,0.2340276336,-0.297180457,-0.0785875072,0.2848556798,0.008987441196,0.007185013525,0.007185013525,0.002637795173,0.005196847022,0.1123622069,0.1026232056,0.002080652689
9.46,0.6653864699,-0.02070461679,0.2845249396,0.04292822225,0.002637792114,0.999996521,0.0501757711,0.9987404027,0,0,1.571363627,1.64725753,-1.168777013,1.539259526,-0.3899429319,0.4271078124,0.4698578807,-1.472572781,1.549121017,1.369350779,1.912132479,-0.614158205,-0.250351247,-0.07238648783,0.08134439508,0.0002050811861,0.1698780334,0.04548372378,-0.1686573605,0.2109722191,0.1480283393,-0.06230459669,-0.00799948188,0.01761735182,0.2329764429,-0.2962586674,-0.07725288795,0.2844538704,0.008987011223,0.007158256454,0.007158256454,0.002637795173,0.005196847022,0.112981307,0.1029493114,0.002078613334
9.47,0.6682268879,-0.02027619768,0.2835633695,0.04275643967,0.002637792114,0.999996521,0.0501757711,0.9987404027,0,0,1.572177071,1.647259581,-1.167078233,1.539714363,-0.3916295055,0.4292175346,0.4713381641,-1.473195827,1.549041022,1.369526952,1.914462243,-0.6171207916,-0.2511237758,-0.06954194913,0.08098778914,0.0002053640932,0.1693193936,0.04477932416,-0.1676592279,0.2105689149,0.147523163,-0.06192573107,-0.007944266696,0.01752976026,0.2318594139,-0.2954129184,-0.0767748966,0.2837340551,0.008986586106,0.007132048985,0.007132048985,0.002637795173,0.005196847022,0.1137950257,0.1029762353,0.002076562522
9.48,0.6710578336,-0.01984947078,0.2826307053,0.04258982107,0.002637792114,0.999996521,0.0501757711,0.9987404027,0,0,1.572986949,1.647261634,-1.165385039,1.540162156,-0.3933060978,0.4313232237,0.4728133957,-1.473815084,1.54896158,1.36970225,1.916780838,-0.6200749208,-0.2518915248,-0.06670460858,0.08059968172,0.0002063710133,0.1689339469,0.04367231402,-0.1667753692,0.2105163045,0.1468482412,-0.06157832466,-0.007894703128,0.01740810273,0.2305235217,-0.2946896717,-0.07609328887,0.2828906229,0.008986162884,0.007106055569,0.007106055569,0.002637795173,0.005030893171,0.1147719845,0.1025593285,0.002074508881
9.49,0.6738796031,-0.01942438321,0.2817283569,0.04242861833,0.002637792114,0.999996521,0.0501757711,0.9987404027,0,0,1.573792946,1.647263698,-1.163695699,1.540598879,-0.3949738515,0.4334283868,0.4742818781,-1.474430868,1.548882633,1.369876331,1.919086073,-0.6230218175,-0.2526524577,-0.06387570235,0.08030930987,0.0002070100572,0.1682366737,0.04347864611,-0.1657286635,0.2097548946,0.1465822302,-0.06119485092,-0.007838291956,0.01736693843,0.2297663539,-0.2937950846,-0.0759002594,0.2824025913,0.008985741721,0.007080253156,0.007080253156,0.002637795173,0.004748373259,0.1158628805,0.1017509523,0.002072445171
9.5,0.6766925065,-0.01900087952,0.2808577483,0.04227308583,0.002637792114,0.999996521,0.0501757711,0.9987404027,0,0,1.574596039,1.647265768,-1.162013333,1.541033666,-0.3966311381,0.4355259357,0.4757477004,-1.475042816,1.54880425,1.37005,1.921383736,-0.6259597684,-0.2534114603,-0.06105167644,0.08003067849,0.0002076604005,0.167560625,0.04329297025,-0.1647054624,0.2090182497,0.1463313482,-0.06082213723,-0.00778335615,0.01732731581,0.2290385708,-0.2929343577,-0.07571630883,0.2819432843,0.008985322105,0.007054672154,0.007054672154,0.002637795173,0.004740464939,0.1166766252,0.1009451159,0.00207037507
9.51,0.6794968686,-0.01857890173,0.2800203174,0.04212348047,0.002637792114,0.999996521,0.0501757711,0.9987404027,0,0,1.575396346,1.647267845,-1.160337726,1.541466596,-0.3982781927,0.4376161182,0.4772110139,-1.475651038,1.548726416,1.370223273,1.923674122,-0.628889112,-0.2541686234,-0.05823224359,0.07834139625,0.0002122124606,0.1680732698,0.04341692193,-0.163980594,0.2095236444,0.1452629768,-0.05964773853,-0.007450977281,0.01626694802,0.2278420579,-0.2922200259,-0.07291937464,0.2818487104,0.008984903976,0.007029307226,0.007029307226,0.002637795173,0.00500439079,0.117216089,0.1001417264,0.002068298466
9.52,0.6822930283,-0.01815838929,0.2792175163,0.04198006166,0.002637792114,0.999996521,0.0501757711,0.9987404027,0,0,1.57617976,1.647269967,-1.158656994,1.541900765,-0.3999179987,0.4397113546,0.4786636437,-1.476247515,1.548651907,1.370385943,1.925952543,-0.6318113122,-0.2548978171,-0.05541375649,0.07705414227,0.0002147105288,0.1682864361,0.04346899014,-0.1631937759,0.2097204829,0.1444478027,-0.05870299402,-0.007196254158,0.01548562181,0.226813932,-0.2915159237,-0.070844442,0.281699335,0.008984494703,0.007004905117,0.007004905117,0.002637795173,0.005196847022,0.1173622021,0.09980315715,0.002066176342
9.53,0.6850813393,-0.01773927901,0.2784508111,0.04184309131,0.002637792114,0.999996521,0.0501757711,0.9987404027,0,0,1.576950301,1.647272114,-1.156974129,1.542335455,-0.4015499364,0.4418085595,0.4801081217,-1.476834545,1.548579944,1.370540799,1.928220682,-0.6347264715,-0.2556062615,-0.05259676314,0.07676798536,0.0002136185267,0.1678871372,0.04272622881,-0.1623561736,0.2095249141,0.1440001374,-0.05839892266,-0.007152404905,0.01540076107,0.2258344345,-0.2909027628,-0.0703933593,0.2811238688,0.008984092183,0.006981255392,0.006981255392,0.002637795173,0.005196847022,0.1173622021,0.09980315715,0.002064029237
9.54,0.6878621698,-0.01732150508,0.277721682,0.04171283385,0.002637792114,0.999996521,0.0501757711,0.9987404027,0,0,1.577717981,1.64727425,-1.155295258,1.542762717,-0.4031734982,0.4439038086,0.4815481231,-1.477418534,1.54850842,1.370694807,1.930479026,-0.6376354991,-0.2563101951,-0.04978552445,0.07647479828,0.000212840715,0.1675900192,0.04179614621,-0.1615936384,0.2095146521,0.14347837,-0.05811852084,-0.00711184161,0.01529933616,0.224774269,-0.2903744413,-0.06985424851,0.2805106405,0.008983691187,0.006957778799,0.006957778799,0.002637795173,0.004986787939,0.1173622021,0.1000132161,0.002061893051
9.55,0.6906359031,-0.01690499906,0.2770316232,0.04158955622,0.002637792114,0.999996521,0.0501757711,0.9987404027,0,0,1.578482729,1.647276378,-1.153619358,1.543180678,-0.4047894345,0.4459989551,0.4829829068,-1.477999719,1.548437302,1.3708478,1.932726769,-0.6405392435,-0.2570087376,-0.04698041805,0.076267211,0.0002129422469,0.1670269063,0.04165776439,-0.160688249,0.2089030934,0.1433259169,-0.05780373681,-0.007066058629,0.01527058407,0.2242205669,-0.289710217,-0.06973627885,0.2802243296,0.008983291752,0.006934461722,0.006934461722,0.002637795173,0.004685747833,0.1173622021,0.100314256,0.002059764644
9.56,0.6934029375,-0.0164896898,0.2763821429,0.04147352787,0.002637792114,0.999996521,0.0501757711,0.9987404027,0,0,1.579245401,1.647278508,-1.151949089,1.543597256,-0.406396317,0.4480879861,0.4844161659,-1.478577757,1.548366641,1.371000506,1.934968975,-0.6434363457,-0.2577061004,-0.04417817475,0.07607447742,0.0002130715757,0.1664901631,0.04152962508,-0.1598093685,0.2083228696,0.1431936862,-0.05750170154,-0.007021942747,0.01524353811,0.2237044053,-0.2890894337,-0.06962955721,0.2799772001,0.008982893429,0.006911329256,0.006911329256,0.002637795173,0.004649349519,0.1173622021,0.1003506542,0.002057635222
9.57,0.6961636863,-0.01607550343,0.2757747635,0.04136502074,0.002637792114,0.999996521,0.0501757711,0.9987404027,0,0,1.580006146,1.647280639,-1.150284187,1.544012552,-0.4079944107,0.4501712148,0.4858481028,-1.479152774,1.548296422,1.371152941,1.937206019,-0.64632724,-0.258402396,-0.04137840275,0.07519994656,0.0002159165781,0.1665449637,0.04156912423,-0.1590932358,0.2083656588,0.1426900678,-0.05681902875,-0.006839170916,0.01471757755,0.2229778082,-0.2885471299,-0.06824644164,0.279910028,0.008982496143,0.006888375499,0.006888375499,0.002637795173,0.004875548989,0.1173622021,0.1001244549,0.002055504506
9.58,0.6989185782,-0.0156623634,0.2752110212,0.0412643093,0.002637792114,0.999996521,0.0501757711,0.9987404027,0,0,1.580758145,1.647282798,-1.148618737,1.544428244,-0.4095853431,0.4522548714,0.4872750035,-1.479720964,1.54822803,1.371300117,1.939435797,-0.6492127113,-0.2590848604,-0.03857930247,0.07329992879,0.0002228099341,0.1674665925,0.04185565605,-0.1585978235,0.2093219822,0.1416277806,-0.05555779092,-0.006448632763,0.01344308707,0.2219190491,-0.2881043034,-0.06494637837,0.280096983,0.008982103452,0.006865975215,0.006865975215,0.002637795173,0.005196847022,0.1173622021,0.09980315715,0.00205334534
9.59,0.7016680574,-0.01525019034,0.2746924664,0.04117167053,0.002637792114,0.999996521,0.0501757711,0.9987404027,0,0,1.581491145,1.647285026,-1.146944071,1.5448468,-0.4111713213,0.4543480912,0.4886912813,-1.480276542,1.548163543,1.371434548,1.941654987,-0.6520937543,-0.2597343242,-0.03577833264,0.07311532541,0.000224275603,0.167201069,0.04123783898,-0.1579048026,0.2092553112,0.1413293946,-0.05533004401,-0.006415872971,0.0133738245,0.2212161687,-0.2877484154,-0.06460846999,0.2797843483,0.00898172071,0.006844690742,0.006844690742,0.002637795173,0.005196847022,0.1173622021,0.09980315715,0.002051117241
9.6,0.7044125834,-0.01483890214,0.2742206637,0.04108738391,0.002637792114,0.999996521,0.0501757711,0.9987404027,0,0,1.582222298,1.647287269,-1.145272061,1.545259179,-0.4127503693,0.4564406443,0.4901045752,-1.480829842,1.548099385,1.371568286,1.943867149,-0.6549712385,-0.2603804089,-0.03298048916,0.07291963093,0.0002260400465,0.1670800962,0.04034282869,-0.1573128364,0.2094554906,0.1409170321,-0.05513661342,-0.006387381536,0.01327970573,0.2203877875,-0.2875091341,-0.06413692479,0.2794085166,0.00898133896,0.006823541289,0.006823541289,0.002637795173,0.004874651379,0.1173622021,0.1000094103,0.002048874485
9.61,0.7071526318,-0.01442841388,0.2737971914,0.04101173144,0.002637792114,0.999996521,0.0501757711,0.9987404027,0,0,1.582951494,1.647289529,-1.14360126,1.545662607,-0.4143234977,0.4585351992,0.4915137456,-1.481381208,1.548035511,1.371701083,1.946071027,-0.6578463298,-0.2610217781,-0.03018640399,0.07281197589,0.0002257018666,0.1666839574,0.04027242056,-0.1565671104,0.2090375499,0.1409077787,-0.05490117914,-0.006353515208,0.01326243918,0.2200864424,-0.2871348275,-0.06410130806,0.2793893049,0.008980958259,0.00680250885,0.00680250885,0.002637795173,0.004053675023,0.1173622021,0.1003554873,0.002046614084
9.62,0.7098886937,-0.01401863779,0.2734236422,0.04094499761,0.002637792114,0.999996521,0.0501757711,0.9987404027,0,0,1.583679614,1.647291786,-1.14193442,1.546065331,-0.4158891688,0.4606255747,0.4929228234,-1.48193022,1.547971976,1.371833708,1.948271891,-0.6607176781,-0.2616627912,-0.02739251094,0.07272231659,0.0002254067182,0.1663196788,0.0402145902,-0.155850684,0.2086579566,0.1409241859,-0.05468039822,-0.006321470285,0.01324691735,0.2198312069,-0.2868141806,-0.06407896866,0.2794206252,0.008980578148,0.006781620307,0.006781620307,0.002637795173,0.003234123006,0.1173622021,0.1004437728,0.002044357066
9.63,0.7126212764,-0.01360948324,0.2731016225,0.04088746944,0.002637792114,0.999996521,0.0501757711,0.9987404027,0,0,1.584406837,1.64729404,-1.140271223,1.546467477,-0.4174476756,0.4627121543,0.4943320652,-1.482477024,1.547908761,1.371966177,1.950470203,-0.6635858199,-0.2623035809,-0.02459830469,0.07265125961,0.00022515597,0.1659881268,0.04016976646,-0.1551639682,0.2083178128,0.1409672642,-0.05447461525,-0.006291284949,0.01323319216,0.2196236095,-0.286548948,-0.06407039839,0.2795044667,0.008980198533,0.00676086932,0.00676086932,0.002637795173,0.00241581409,0.1173622021,0.1002754484,0.002042102998
9.64,0.7153509033,-0.01320085675,0.2728327531,0.04083943645,0.002637792114,0.999996521,0.0501757711,0.9987404027,0,0,1.58513335,1.647296292,-1.138611342,1.546869175,-0.4189993153,0.4647953324,0.4957417379,-1.48302177,1.547845848,1.372098509,1.952666439,-0.6664513094,-0.2629442849,-0.02180326002,0.0703802818,0.000233264876,0.1674673106,0.04066900781,-0.1549369308,0.2098844104,0.1398469054,-0.05194824637,-0.01130128679,0.00694812363,0.2186532342,-0.2815985429,-0.06401921622,0.2748480425,0.008979819316,0.006740249447,0.006740249447,0.002637795173,0.001598561269,0.1173622021,0.09985148187,0.002039851439
9.65,0.718078114,-0.01279266189,0.2726186685,0.04080119067,0.002637792114,0.999996521,0.0501757711,0.9987404027,0,0,1.585837152,1.647298624,-1.136936669,1.547275865,-0.4205486846,0.4668941765,0.4971402069,-1.483541253,1.547732835,1.37216799,1.954852972,-0.6692672948,-0.263584477,-0.0190547796,0.07011164848,0.0002344640898,0.1675047408,0.04032948418,-0.1544248239,0.2100955662,0.1396641304,-0.05157875905,-0.01173889961,0.006332369114,0.2182508766,-0.2811169824,-0.06383439313,0.2744647241,0.00897945198,0.006702771132,0.006702771132,0.002637795173,0.0007821717253,0.1173622021,0.09980315715,0.00203751879
9.66,0.7208034647,-0.01238479933,0.2724610176,0.04077302665,0.002637792114,0.999996521,0.0501757711,0.9987404027,0,0,1.586538269,1.647300969,-1.135261622,1.54767916,-0.4220929329,0.4689951322,0.4985368482,-1.48405704,1.547615446,1.372231314,1.95703548,-0.6720784647,-0.264222821,-0.01631013236,0.0700207292,0.0002349571727,0.1676368294,0.03937839365,-0.1540462546,0.2106358253,0.1393446801,-0.05148749021,-0.0117150088,0.006248529454,0.2176429793,-0.2812726975,-0.06338058921,0.2743637849,0.008979086073,0.006663835983,0.006663835983,0.002637795173,0.0001968480647,0.1173622021,0.09980315715,0.002035174149
9.67,0.723527528,-0.01197716676,0.2723614631,0.04075524143,0.002637792114,0.999996521,0.0501757711,0.9987404027,0,0,1.587238476,1.647303319,-1.133585253,1.548072943,-0.4236333954,0.4711014904,0.499930295,-1.484571915,1.547498296,1.372293799,1.95921191,-0.6748911916,-0.2648566269,-0.01356649451,0.0700284982,0.0002355017761,0.1674430642,0.03938901506,-0.1534766511,0.2104578787,0.1395086775,-0.05133970938,-0.01168455922,0.00625946737,0.2176444034,-0.2812703576,-0.06342962943,0.2746896513,0.008978720666,0.006624992273,0.006624992273,0.002637795173,0.0001968480647,0.1173622021,0.09980315715,0.002032824577
9.68,0.7262508933,-0.01156965891,0.2723216818,0.04074813458,0.002637792114,0.999996521,0.0501757711,0.9987404027,0,0,1.587938761,1.647305674,-1.131910823,1.548466834,-0.4251681619,0.4732060692,0.5013253818,-1.485085312,1.547381451,1.372356394,1.961388354,-0.6777038952,-0.2654909232,-0.010819598,0,0,0,0,0,0,0,0,0,0,0,0,0,0,0.008978355246,0.006586274021,0.006586274021,0.002637795173,0.0001968480647,0.1173622021,0.09980315715,0.00203046956
