# L_phi_L=0.2709294872,L_phi_R=2.607297009
t,theta,s,theta_dot,s_dot,sin_phi_L,cos_phi_L,sin_phi_R,cos_phi_R,phi_dot_L,phi_dot_R,qL1,qL2,qL3,qL4,qL5,qL6,qL7,qR1,qR2,qR3,qR4,qR5,qR6,qR7,qdotL1,qdotL2,qdotL3,qdotL4,qdotL5,qdotL6,qdotL7,qdotR1,qdotR2,qdotR3,qdotR4,qdotR5,qdotR6,qdotR7,dL,dR,d_min,m_phi_minus_L,m_phi_minus_R,m_phi_plus_L,m_phi_plus_R,m_q
0,-0.07243853602,-0.01039890386,0.3645469408,-0.05736455923,0.02499739591,0.9996875163,0.05497227503,0.9984878812,0,0,1.599560906,1.551167312,-1.386780057,1.872362623,0.1406766089,-0.09862891404,0.1252236356,-1.587236026,1.649336143,1.281683808,1.744646906,-0.04601310625,0.02959842978,-0.5644479669,-0.09238670943,0.1754680598,-0.05957987349,-0.3456097887,-0.2015084506,0.2777737912,0.09100365084,0.1656982658,0,0.1518636348,-0.1003956795,-0.2512718061,-0.152900256,0.2522908676,0.006327054686,0.0374970658,0.006327054686,0.115,0.125,0,0,0
0.01,-0.06879277488,-0.01097257173,0.3646342524,-0.05737122662,0.02499739591,0.9996875163,0.05497227503,0.9984878812,0,0,1.598637039,1.552921993,-1.387375856,1.868906525,0.1386615244,-0.09585117613,0.1261336721,-1.585579043,1.649336143,1.283202444,1.743642949,-0.04852582431,0.02806942722,-0.5619250582,-0.09311518498,0.175324046,-0.05953378638,-0.3460844091,-0.2015373233,0.2777335619,0.09035235582,0.1661128574,0,0.1514992732,-0.100744332,-0.2521798309,-0.1519265102,0.2526669047,0.006892174742,0.03751409675,0.006892174742,0.115,0.125,0.005,0,0
0.02,-0.06514528,-0.011546372,0.3648928576,-0.05739097451,0.02499739591,0.9996875163,0.05497227503,0.9984878812,0,0.5,1.597705887,1.554675234,-1.387971194,1.865445681,0.1366461512,-0.09307384051,0.1270371956,-1.583917914,1.649336143,1.284717437,1.742635506,-0.05104762262,0.02655016211,-0.5593983891,-0.09384583763,0.1752579746,-0.0595150368,-0.3466716327,-0.2016578022,0.2778146381,0.08974433621,0.1665611339,0,0.1512023033,-0.1010918119,-0.2532191675,-0.1510270635,0.2531628456,0.00745661614,0.03753128443,0.00745661614,0.11,0.12,0.005,0.005,0
0.03,-0.06149436329,-0.01212043356,0.3653177938,-0.05742342395,0.02499739591,0.9996875163,0.05996400648,0.9982005399,0,0,1.596767429,1.556427813,-1.388566344,1.861978965,0.1346295732,-0.09029569413,0.127934639,-1.582252303,1.649336143,1.28622946,1.741624588,-0.0535798143,0.02503989148,-0.5568667607,-0.09457987237,0.175267298,-0.05952274664,-0.3473686876,-0.2018672286,0.2780131198,0.08917690894,0.1670418268,0,0.1509736021,-0.1014385146,-0.25439002,-0.1501976879,0.2537798295,0.008020627335,0.03754863596,0.008020627335,0.11,0.125,0.01,0,0
0.04,-0.05783838609,-0.01269488156,0.3659041413,-0.05746819927,0.02499739591,0.9996875163,0.05996400648,0.9982005399,0,0.5,1.59582163,1.558180486,-1.389161572,1.858505278,0.1326109009,-0.08751556293,0.1288264081,-1.580581885,1.649336143,1.287739196,1.740610203,-0.0561237145,0.0235379146,-0.5543289624,-0.09531845293,0.1753494376,-0.05955601263,-0.3481728169,-0.2021630342,0.2783251502,0.08864752386,0.1675508552,0,0.1508239269,-0.1017848305,-0.2557006468,-0.1494334834,0.2545305785,0.008584448262,0.03756615883,0.008584448262,0.105,0.12,0.01,0,0
0.05,-0.05417575869,-0.01326983739,0.3666470237,-0.05752492806,0.02499739591,0.9996875163,0.06495423883,0.9978882437,0,0,1.594868445,1.559933981,-1.389757132,1.85502355,0.1305892705,-0.08473231143,0.1297128833,-1.578906376,1.649336143,1.289247435,1.739592355,-0.05868072097,0.02204357977,-0.5517836566,-0.09606269265,0.1755018449,-0.0596139607,-0.3490812798,-0.2025426903,0.2787469244,0.08815369044,0.1681069461,0,0.1506843827,-0.1021311447,-0.2570941979,-0.1487351673,0.2553338763,0.008712509642,0.03758386198,0.008712509642,0.105,0.125,0.01,0,0
0.06,-0.05050493995,-0.01384541874,0.3675416073,-0.05759324124,0.02499739591,0.9996875163,0.06495423883,0.9978882437,0,0,1.593907818,1.561688999,-1.390353271,1.851532737,0.1285638436,-0.08194484219,0.1305944202,-1.577225307,1.649336143,1.290754279,1.738571043,-0.06125166294,0.02055622809,-0.5492303178,-0.09681365667,0.175722001,-0.05969574472,-0.3500913514,-0.2030037075,0.2792746889,0.08769297568,0.168690335,0,0.1506198789,-0.1024778371,-0.2586229038,-0.1480944418,0.2562663221,0.008714956807,0.03760174702,0.008714956807,0.105,0.125,0.015,0,0
0.07,-0.04682443685,-0.01442173961,0.3685831017,-0.05767277297,0.02499739591,0.9996875163,0.06495423883,0.9978882437,0,0,1.592939682,1.563446219,-1.390950229,1.848031823,0.1265338065,-0.0791520953,0.13147135,-1.575538403,1.649336143,1.292260478,1.737546265,-0.06383789198,0.01907528368,-0.5466676546,-0.09757236387,0.1760074165,-0.05980054534,-0.3512003237,-0.2035436349,0.2799047403,0.08726300227,0.1693034465,0,0.1506185812,-0.1028252824,-0.260276505,-0.1475080692,0.2573138425,0.008717568247,0.0376198229,0.008717568247,0.1,0.12,0.015,0,0
0.08,-0.04313280404,-0.01499891038,0.3697667593,-0.05776316073,0.02499739591,0.9996875163,0.06495423883,0.9978882437,0,0,1.591963958,1.565206293,-1.391548234,1.84451982,0.1244983702,-0.07635304789,0.13234398,-1.573845369,1.649336143,1.293766664,1.736518012,-0.06644065703,0.01760020298,-0.5440945162,-0.09833978866,0.1763556307,-0.05992756893,-0.3524055058,-0.2041600596,0.2806334252,0.08686144683,0.2082678942,-0.1347100258,0.0139310038,-0.1031662343,-0.1493201488,-0.157981264,0.09802181796,0.008720346258,0.03763809751,0.008720346258,0.1,0.12,0.02,0.005,0
0.09,-0.03942864347,-0.01557703782,0.3710878756,-0.05786404525,0.02499739591,0.9996875163,0.06495423883,0.9978882437,0,0,1.59098056,1.56696985,-1.39214751,1.840995765,0.1224567696,-0.07354671364,0.1332125945,-1.57176269,1.647989043,1.293905974,1.73548635,-0.06793385852,0.01602039034,-0.543114298,-0.09911686268,0.1767642115,-0.06007604654,-0.3537042243,-0.2048506063,0.2814571387,0.08648603837,0.2106579859,-0.141608274,0.006817379761,-0.1035238622,-0.1447159247,-0.1587180041,0.09123563478,0.008723293308,0.03721343748,0.008723293308,0.095,0.12,0.02,0.005,0.001347100258
0.1,-0.03571060388,-0.01615622509,0.3725417889,-0.05797507058,0.02499739591,0.9996875163,0.06495423883,0.9978882437,0,0,1.589989392,1.568737492,-1.39274827,1.837458723,0.1204082635,-0.07073214226,0.1340774549,-1.56965611,1.64657296,1.293974147,1.734451111,-0.06938101777,0.0144332103,-0.5422019417,-0.09990447631,0.1772307554,-0.06024523309,-0.3550938235,-0.2056129367,0.2823723241,0.0861345568,0.2112931093,-0.1421928488,0.00607639852,-0.1038757619,-0.1454214031,-0.1590171297,0.09198429497,0.00872641202,0.03676637737,0.00872641202,0.095,0.115,0.02,0.005,0.002763182999
0.11,-0.03197738043,-0.01673657185,0.3741238809,-0.05809588402,0.02499739591,0.9996875163,0.06495423883,0.9978882437,0,0,1.588990347,1.570509799,-1.393350723,1.833907785,0.1183521342,-0.06790841901,0.1349388004,-1.567543179,1.645151032,1.294034911,1.733412353,-0.0708352318,0.01284303901,-0.5412820987,-0.1007034801,0.1777528868,-0.06043440642,-0.3565716659,-0.2064447493,0.2833754723,0.08580483166,0.2119737672,-0.1428263553,0.00532250799,-0.1042298614,-0.1461821107,-0.1593727514,0.09276444955,0.008729705169,0.03631768976,0.008729705169,0.095,0.115,0.025,0.01,0.004185111487
0.12,-0.02822771426,-0.01731817423,0.3758295759,-0.05822613617,0.02499739591,0.9996875163,0.06495423883,0.9978882437,0,0,1.587983312,1.572287328,-1.393955067,1.830342068,0.1162876867,-0.06507466429,0.1357968488,-1.565423441,1.643722768,1.294088137,1.732370055,-0.07229705291,0.01124931149,-0.5403544542,-0.1015146858,0.178328258,-0.0606428666,-0.3581351325,-0.2073437787,0.2844631211,0.08549474087,0.2126987257,-0.1435068472,0.00455515944,-0.1045865096,-0.1469960693,-0.1597823063,0.09357574295,0.008733175668,0.03586722305,0.008733175668,0.09,0.115,0.025,0.01,0.00561337504
0.13,-0.02446039202,-0.01790112489,0.3776543415,-0.05836548091,0.02499739591,0.9996875163,0.06495423883,0.9978882437,0,0,1.586968165,1.574070611,-1.394561495,1.826760717,0.1142142489,-0.06223003308,0.1366517962,-1.563296454,1.6422877,1.294133688,1.73132419,-0.0737670136,0.009651488429,-0.5394186968,-0.102338868,0.1789545488,-0.06086993517,-0.3597816228,-0.2083077955,0.2856318545,0.08520220966,0.2134667611,-0.144232389,0.003773828312,-0.1049460503,-0.1478613244,-0.1602432547,0.09441780727,0.008736826564,0.03541483205,0.008736826564,0.09,0.11,0.03,0.01,0.007048443512
0.14,-0.0206742455,-0.01848551302,0.3795936881,-0.05851357542,0.02499739591,0.9996875163,0.06495423883,0.9978882437,0,0,1.585944777,1.575860156,-1.395170195,1.8231629,0.1121311709,-0.05937371454,0.1375038183,-1.561161787,1.640845376,1.294171426,1.730274729,-0.07524562684,0.008049055882,-0.5384745187,-0.1031767648,0.1796294666,-0.06111495445,-0.3615085553,-0.2093346057,0.2868783026,0.08492520962,0.21427666,-0.1450010567,0.002978013782,-0.1053088221,-0.1487759449,-0.1607530811,0.09529026264,0.008740661024,0.03496037799,0.008740661024,0.085,0.11,0.03,0.015,0.008490767402
0.15,-0.01686815115,-0.01907142443,0.3816431692,-0.05867008014,0.02499739591,0.9996875163,0.06495423883,0.9978882437,0,0,1.584913009,1.577656451,-1.395781344,1.819547815,0.1100378249,-0.05650493151,0.1383530704,-1.55901902,1.639395365,1.294201207,1.729221641,-0.07673338629,0.006441525071,-0.5375216161,-0.1040290787,0.180350746,-0.06137728697,-0.3633133675,-0.2104220506,0.2881991405,0.08466175774,0.2151272192,-0.1458109379,0.002167238386,-0.1056751586,-0.1497380231,-0.1613092933,0.09619271763,0.008744682333,0.03450372844,0.008744682333,0.085,0.11,0.03,0.015,0.009940777969
0.16,-0.01304102968,-0.01965894153,0.3837983813,-0.05883465881,0.02499739591,0.9996875163,0.06495423883,0.9978882437,0,0,1.583872718,1.579459958,-1.396395117,1.815914681,0.1079336044,-0.0536229401,0.1391996879,-1.556867748,1.637937256,1.294222879,1.728164889,-0.07823076652,0.004828432137,-0.5365596889,-0.1048964779,0.1811161485,-0.06165631486,-0.3651935161,-0.2115680061,0.2895910886,0.08440991567,0.216017246,-0.1466601317,0.001341047676,-0.1060453884,-0.1507456747,-0.1619094234,0.09712476946,0.008748893879,0.0340447573,0.008748893879,0.085,0.105,0.035,0.015,0.01139888735
0.17,-0.009191845624,-0.02024814341,0.3860549639,-0.05900697844,0.02499739591,0.9996875163,0.06495423883,0.9978882437,0,0,1.582823753,1.58127112,-1.39701168,1.812262746,0.1058179243,-0.05072702922,0.1400437871,-1.554707575,1.636470654,1.294236289,1.727104435,-0.07973822327,0.003209337903,-0.5355884412,-0.1057795967,0.1819234627,-0.06195143929,-0.3671464771,-0.2127703828,0.2910509115,0.08416778896,0.2169455581,-0.1475467493,0.0004990099372,-0.1064198348,-0.1517970381,-0.162551027,0.09808600429,0.008753299152,0.03358334475,0.008753299152,0.08,0.105,0.035,0.02,0.01286548866
0.18,-0.005319606897,-0.02083910581,0.3884085995,-0.05918670934,0.02499739591,0.9996875163,0.06495423883,0.9978882437,0,0,1.581765957,1.583090354,-1.397631195,1.808591281,0.1036902205,-0.0478165201,0.140885465,-1.55253812,1.634995187,1.29424128,1.726040237,-0.08125619365,0.001583827633,-0.5346075812,-0.1066790364,0.1827705039,-0.06226207996,-0.3691697461,-0.2140271253,0.292575418,0.08393352649,0.2179109833,-0.1484689138,-0.0003592840653,-0.1067988161,-0.1528902747,-0.163231684,0.09907599738,0.00875790173,0.03311937721,0.00875790173,0.08,0.105,0.04,0.02,0.01434095616
0.19,-0.001423364377,-0.02143190121,0.3908550136,-0.0593735251,0.02499739591,0.9996875163,0.06495423883,0.9978882437,0,0,1.580699167,1.584918059,-1.398253815,1.804899584,0.1015499492,-0.04489076592,0.1417248002,-1.55035901,1.633510498,1.294237687,1.724972249,-0.0827850964,-4.84892067e-05,-0.5336168212,-0.1075953658,0.1836551141,-0.06258767465,-0.3712608384,-0.2153362123,0.2941614606,0.08370531981,0.2189123598,-0.1494247603,-0.001234221293,-0.1071826454,-0.1540235687,-0.1639489979,0.1000943133,0.008762705275,0.03265274729,0.008762705275,0.075,0.1,0.04,0.02,0.0158256453
0.2,0.002497788527,-0.02202659885,0.3933899748,-0.05956710258,0.02499739591,0.9996875163,0.06495423883,0.9978882437,0,0,1.579623213,1.586754611,-1.398879692,1.801186975,0.09939658711,-0.04194915132,0.1425618534,-1.548169886,1.63201625,1.294225344,1.723900422,-0.08432533209,-0.001687979186,-0.5326158781,-0.108529122,0.1845751618,-0.06292767869,-0.3734172887,-0.2166956558,0.2958059352,0.08348140273,0.2199485359,-0.1504124363,-0.002126166604,-0.1075716307,-0.155195127,-0.1647005966,0.1011405058,0.008767713521,0.03218335376,0.008767713521,0.075,0.1,0.04,0.025,0.0173198929
0.21,0.006444716308,-0.02262326473,0.3960092944,-0.05976712193,0.02499739591,0.9996875163,0.06495423883,0.9978882437,0,0,1.578537922,1.588600362,-1.399508969,1.797452803,0.09722963055,-0.03899109197,0.1433966675,-1.545970401,1.630512126,1.294204083,1.722824706,-0.08587728335,-0.003334985152,-0.531604473,-0.1094808105,0.1855285419,-0.06328156458,-0.3756366515,-0.2181035011,0.2975057807,0.08326005083,0.2210183697,-0.1514301019,-0.003035462889,-0.1079660749,-0.1564031788,-0.1654841322,0.1022141182,0.008772930273,0.0317111015,0.008772930273,0.07,0.1,0.045,0.025,0.01882401726
0.22,0.01041824179,-0.0232219617,0.3987088271,-0.0599732666,0.02499739591,0.9996875163,0.06495423883,0.9978882437,0,0,1.577443114,1.590455648,-1.400141785,1.793696436,0.09504859554,-0.03601603416,0.144229268,-1.543760217,1.628997825,1.294173728,1.721745045,-0.08744131514,-0.004989826474,-0.5305823318,-0.1104509063,0.1865131758,-0.06364882151,-0.3779165014,-0.2195578266,0.2992579789,0.08303958109,0.2221207296,-0.1524759295,-0.003962431168,-0.1083662754,-0.1576459761,-0.1662972807,0.1033146833,0.008778359393,0.03123590147,0.008778359393,0.07,0.095,0.045,0.025,0.02033831828
0.23,0.01441914655,-0.02382274944,0.4014844703,-0.06018522331,0.02499739591,0.9996875163,0.06495423883,0.9978882437,0,0,1.576338605,1.592320779,-1.400778273,1.789917271,0.09285301727,-0.03302345437,0.1450596638,-1.54153901,1.627473066,1.294134104,1.720661383,-0.0890177749,-0.006652799281,-0.529549185,-0.1114398537,0.187527011,-0.06402895497,-0.3802544326,-0.2210567432,0.3010595541,0.08281835157,0.2232544935,-0.1535481046,-0.004907370663,-0.1087725244,-0.1589217927,-0.1671377427,0.1044417231,0.008784004797,0.03075767065,0.008784004797,0.07,0.095,0.05,0.03,0.02186307758
0.24,0.01844817136,-0.02442568451,0.4043321646,-0.06040268206,0.02499739591,0.9996875163,0.06495423883,0.9978882437,0,0,1.575224206,1.594196049,-1.401418562,1.786114727,0.09064244984,-0.03001285883,0.1458878473,-1.539306465,1.625937585,1.29408503,1.719573657,-0.09060699283,-0.008324176708,-0.5285047678,-0.1124480671,0.1885680213,-0.06442148636,-0.382648059,-0.2225983941,0.3029075727,0.08259476114,0.224418549,-0.1546448253,-0.005870558834,-0.1091851088,-0.1602289251,-0.1680032431,0.1055947491,0.008789870442,0.03027633201,0.008789870442,0.065,0.09,0.05,0.03,0.02339855862
0.25,0.02250601662,-0.0250308204,0.4072478935,-0.06062533614,0.02499739591,0.9996875163,0.06495423883,0.9978882437,0,0,1.574099726,1.59608173,-1.402062777,1.782288246,0.0884164659,-0.0269837831,0.1467137949,-1.537062279,1.624391136,1.294026325,1.718481806,-0.09220928208,-0.01000420914,-0.5274488203,-0.113475931,0.1896342068,-0.06482595257,-0.3850950149,-0.2241809545,0.3047991432,0.08236724918,0.2256117931,-0.1557643028,-0.006852251391,-0.1096043101,-0.1615656913,-0.1688915314,0.1067732621,0.008795960326,0.02979181446,0.008795960326,0.065,0.09,0.05,0.03,0.02494500687
0.26,0.02659334276,-0.02563820754,0.4102276836,-0.06085288213,0.02499739591,0.9996875163,0.06495423883,0.9978882437,0,0,1.572964966,1.597978072,-1.402711037,1.778437296,0.08617465636,-0.02393579167,0.1475374674,-1.534806162,1.622833493,1.293957802,1.717385763,-0.093824939,-0.01169312445,-0.5263810877,-0.1145238006,0.1907235933,-0.06524190561,-0.387592954,-0.2258026316,0.3067314159,0.08213429545,0.2268331319,-0.1569047616,-0.007852682279,-0.1100304041,-0.1629304319,-0.1698003815,0.1079767521,0.008802278474,0.02930405279,0.008802278474,0.06,0.09,0.055,0.035,0.0265026499
0.27,0.03071077072,-0.02624789335,0.4132676043,-0.06108501989,0.02499739591,0.9996875163,0.06495423883,0.9978882437,0,0,1.571819728,1.599885308,-1.403363456,1.774561366,0.08391663004,-0.02086847751,0.1483588104,-1.53253783,1.621264446,1.293879275,1.716285459,-0.09545424331,-0.01339112827,-0.5253013201,-0.1155920019,0.1918342329,-0.06566891221,-0.3901395501,-0.2274616635,0.3087015824,0.08189441988,0.2280814808,-0.1580644395,-0.008872063636,-0.1104636612,-0.1643215089,-0.1707275923,0.1092046982,0.008808828935,0.02881298767,0.008808828935,0.06,0.085,0.055,0.035,0.02807169752
0.28,0.03485888232,-0.02685992225,0.4163637682,-0.06132145255,0.02499739591,0.9996875163,0.06495423883,0.9978882437,0,0,1.570663808,1.60180365,-1.404020145,1.770659971,0.08164201341,-0.01778146169,0.1491777546,-1.530257015,1.619683801,1.293790555,1.715180823,-0.0970974584,-0.01509840419,-0.5242092732,-0.1166808319,0.1929642038,-0.06610655342,-0.392732497,-0.2291563196,0.3107068759,0.08164618245,0.2293557637,-0.1592415878,-0.009910585735,-0.1109043459,-0.1657373063,-0.1716709876,0.1104565683,0.00881561577,0.02831856554,0.00881561577,0.055,0.085,0.06,0.04,0.02965234191
0.29,0.03903822074,-0.02747433573,0.4195123309,-0.06156188654,0.02499739591,0.9996875163,0.06495423883,0.9978882437,0,0,1.569497,1.603733292,-1.404681211,1.766732646,0.07935045021,-0.01467439293,0.1499942164,-1.527963458,1.618091385,1.293691449,1.714071779,-0.09875483147,-0.01681511407,-0.5231047075,-0.117790559,0.1941116101,-0.06655442429,-0.3953695082,-0.2308848999,0.3127445705,0.08138818306,0.2306549132,-0.1604344714,-0.0109684169,-0.111352717,-0.1671762296,-0.1726284161,0.1117318192,0.00882264305,0.02782073863,0.00882264305,0.055,0.085,0.06,0.04,0.03124475779
0.3,0.04324929093,-0.02809117235,0.4227094909,-0.06180603157,0.02499739591,0.9996875163,0.06495423883,0.9978882437,0,0,1.568319095,1.605674408,-1.405346755,1.762778951,0.07704160121,-0.01154694722,0.1508080982,-1.525656909,1.616487041,1.293581765,1.712958252,-0.1004265938,-0.01854139823,-0.5219873893,-0.1189214231,0.1952745816,-0.06701213341,-0.3980483173,-0.2326457349,0.3148119815,0.08111906147,0.23197787,-0.1616413693,-0.0120457034,-0.1118090272,-0.1686367059,-0.1735977518,0.1130298964,0.008829914844,0.02731946485,0.008829914844,0.055,0.08,0.065,0.04,0.03284910251
0.31,0.04749256002,-0.02871046778,0.4259514898,-0.06205360064,0.02499739591,0.9996875163,0.06495423883,0.9978882437,0,0,1.56712988,1.607627154,-1.406016876,1.758798468,0.07471514386,-0.008398827407,0.1516192888,-1.52333713,1.614870627,1.293461308,1.711840162,-0.1021129608,-0.02027737575,-0.5208570903,-0.1200736356,0.1964512744,-0.06747930257,-0.4007666773,-0.2344371848,0.3169064646,0.08083749722,0.233323583,-0.1628605743,-0.01314256933,-0.1122735233,-0.1701171838,-0.174576894,0.1143502335,0.008837435215,0.02681470778,0.008837435215,0.05,0.08,0.065,0.045,0.0344655162
0.32,0.05176845779,-0.02933225483,0.429234612,-0.06230431002,0.02499739591,0.9996875163,0.06495423883,0.9978882437,0,0,1.565929144,1.609591667,-1.406691669,1.754790801,0.07237077201,-0.005229762761,0.1524276638,-1.521003894,1.613242021,1.293329882,1.710717426,-0.1038141327,-0.02202314469,-0.519713588,-0.1212473798,0.1976398702,-0.06795556632,-0.4035223615,-0.2362576395,0.3190254165,0.08054220958,0.2346910087,-0.1640903935,-0.0142591165,-0.1127464459,-0.171616133,-0.1755637679,0.1156922526,0.00884520821,0.02630643661,0.00884520821,0.05,0.075,0.065,0.045,0.03609412194
0.33,0.05607737709,-0.02995656351,0.4325551852,-0.06255787926,0.02499739591,0.9996875163,0.06495423883,0.9978882437,0,0,1.56471667,1.611568065,-1.407371225,1.750755577,0.07000819562,-0.002039508596,0.1532330859,-1.518656984,1.611601117,1.293187291,1.709589962,-0.105530294,-0.02377878236,-0.5185566655,-0.1224428111,0.1988385768,-0.06844057164,-0.4063131626,-0.2381055184,0.3211662739,0.08023195751,0.2360791109,-0.1653291484,-0.01539542424,-0.1132280288,-0.1731320446,-0.1765563242,0.1170553637,0.008853237855,0.02579462609,0.008853237855,0.045,0.075,0.07,0.045,0.03773502588
0.34,0.06041967423,-0.03058342103,0.43590958,-0.06281403123,0.02499739591,0.9996875163,0.06495423883,0.9978882437,0,0,1.563492242,1.613556451,-1.408055631,1.746692446,0.06762714044,0.001172154143,0.1540354055,-1.516296193,1.609947826,1.293033336,1.708457682,-0.1072616144,-0.02554434561,-0.5173861118,-0.1236600569,0.2000456279,-0.06893397747,-0.4091368932,-0.2399792692,0.3233265141,0.07990553965,0.2374868609,-0.1665751752,-0.01655154927,-0.1137184998,-0.1746634306,-0.1775525396,0.1184389647,0.008861528144,0.0252792565,0.008861528144,0.045,0.075,0.07,0.05,0.03577969195
0.35,0.06479566947,-0.03121285183,0.4392942099,-0.06307249204,0.02499739591,0.9996875163,0.06495423883,0.9978882437,0,0,1.562255641,1.615556907,-1.40874497,1.742601077,0.06522734774,0.004405419284,0.1548344609,-1.513921324,1.608282074,1.292867821,1.707320497,-0.1090082487,-0.027319871,-0.5162017222,-0.1248992168,0.201259283,-0.06943545431,-0.4119913855,-0.2418773684,0.3255036542,0.07956179432,0.2389132363,-0.1678268246,-0.01772752555,-0.1142180797,-0.1762088241,-0.1785504174,0.1198424407,0.008870083037,0.02476031354,0.008870083037,0.04,0.065,0.075,0.05,0.03377923567
0.36,0.0692056474,-0.03184487766,0.4427055314,-0.06333299111,0.02499739591,0.9996875163,0.06495423883,0.9978882437,0,0,1.561006649,1.6175695,-1.409439325,1.738481163,0.06280857406,0.007660455826,0.1556300788,-1.511532192,1.606603806,1.292690546,1.706178316,-0.110770337,-0.02910537518,-0.5150032978,-0.1261603628,0.2024778274,-0.06994468383,-0.4148744914,-0.2437983203,0.3276952514,0.07919959948,0.2403572216,-0.1690824628,-0.01892336403,-0.1147269823,-0.1777667787,-0.1795479871,0.1212651646,0.008878906448,0.02423778834,0.008878906448,0.04,0.065,0.075,0.055,0.03176664284
0.37,0.0736498574,-0.03247951756,0.4461400442,-0.06359526114,0.02499739591,0.9996875163,0.06495423883,0.9978882437,0,0,1.559745046,1.619594279,-1.410138772,1.734332418,0.06037059086,0.01093740834,0.1564220748,-1.50912862,1.604912981,1.292501312,1.705031046,-0.1125480048,-0.03090085505,-0.5137906461,-0.1274435396,0.2036995724,-0.07046135841,-0.4177840825,-0.2457406568,0.3298989026,0.07881787277,0.241817807,-0.1703404709,-0.02013905253,-0.1152454144,-0.1793358689,-0.1805433051,0.1227064962,0.008888002238,0.02371167739,0.008888002238,0.035,0.065,0.08,0.055,0.02974186457
0.38,0.07812851406,-0.03311678791,0.4495942908,-0.0638590381,0.02499739591,0.9996875163,0.06495423883,0.9978882437,0,0,1.55847061,1.621631274,-1.410843385,1.730154577,0.05791318429,0.01423639737,0.1572102535,-1.506710442,1.603209576,1.292299922,1.703878592,-0.1143413635,-0.0327062881,-0.5125635812,-0.1287487642,0.2049228553,-0.07098518072,-0.4207180498,-0.2477029367,0.3321122444,0.07841557145,0.243293989,-0.1715992456,-0.0213745555,-0.1157735756,-0.1809146897,-0.1815344552,0.1241657821,0.00889737421,0.02318198245,0.00889737421,0.035,0.065,0.08,0.055,0.02770486885
0.39,0.08264179761,-0.03375670247,0.4530648568,-0.06412406126,0.02499739591,0.9996875163,0.06495423883,0.9978882437,0,0,1.557183123,1.623680503,-1.411553237,1.725947397,0.05543615492,0.01755751981,0.1579944093,-1.504277502,1.601493584,1.292086176,1.702720856,-0.1161505104,-0.03452163265,-0.5113219233,-0.1300760265,0.2061460392,-0.07151586324,-0.4236743039,-0.2496837457,0.3343329528,0.0779916925,0.244784769,-0.1728571993,-0.02262981384,-0.1163116578,-0.1825018562,-0.1825195481,0.1256423559,0.008907026101,0.02264871055,0.008907026101,0.025,0.065,0.085,0.06,0.02565564029
0.4,0.08718985435,-0.03439927243,0.4565483709,-0.06439007318,0.02499739591,0.9996875163,0.06495423883,0.9978882437,0,0,1.555882362,1.625741963,-1.412268396,1.721710654,0.05293931746,0.02090084934,0.1587743262,-1.501829654,1.599765012,1.291859878,1.70155774,-0.1179755289,-0.03634682813,-0.5100654998,-0.1323607238,0.201499775,-0.06609026566,-0.4266507748,-0.2565151181,0.3362151835,0.08435839031,0.2462891539,-0.1741127603,-0.02390474467,-0.1168598452,-0.1840960039,-0.1834967226,0.1271355372,0.008916961574,0.02211187388,0.008916961574,0.025,0.06,0.085,0.06,0.0235941799
0.41,0.09177279708,-0.03504450638,0.4600415045,-0.06465681967,0.02499739591,0.9996875163,0.06495423883,0.9978882437,0,0,1.554558755,1.627756961,-1.412929298,1.717444146,0.05037416628,0.02426300117,0.1596179101,-1.499366763,1.598023884,1.29162083,1.700389141,-0.119816489,-0.03818179536,-0.5087941444,-0.1659241742,0.001252276323,0.1388662624,-0.4296454116,-0.424614903,0.3274863778,0.3178946178,0.2478061551,-0.1753643734,-0.02519924117,-0.1174183141,-0.1856957884,-0.1844641454,0.1286446323,0.008926791278,0.02157148976,0.008926791278,0.025,0.06,0.09,0.065,0.02157918215
0.42,0.09639070555,-0.03569241043,0.4635409723,-0.06492404987,0.02499739591,0.9996875163,0.06495423883,0.9978882437,0,0,1.552899513,1.627769484,-1.411540636,1.713147692,0.04612801725,0.02753786495,0.1627968563,-1.496888701,1.596270241,1.291368838,1.699214958,-0.1216734468,-0.04002643681,-0.5075076981,-0.1676594769,0.001257305479,0.1410663107,-0.4326561841,-0.4279030735,0.3312987349,0.3189640896,0.2493347885,-0.1766104996,-0.02651317233,-0.1179872324,-0.187299885,-0.1854200117,0.1301689332,0.008923293669,0.02102758061,0.008923293669,0.025,0.055,0.09,0.065,0.02156665939
0.43,0.1010436268,-0.03634298817,0.4670435319,-0.06519151616,0.02499739591,0.9996875163,0.06495423883,0.9978882437,0,0,1.551222919,1.627782057,-1.410129973,1.70882113,0.04184898652,0.0308508523,0.1659864972,-1.494395353,1.594504136,1.291103706,1.698035086,-0.1235464457,-0.04188063693,-0.5062060087,-0.1694230388,0.001257961015,0.1432997277,-0.43568108,-0.4312118466,0.3351441521,0.320009936,0.2508740739,-0.1778496168,-0.02784638273,-0.1185667597,-0.1889069886,-0.1863625455,0.1317077181,0.00891975949,0.02048017381,0.00891975949,0.025,0.055,0.09,0.065,0.02155408633
0.44,0.1057315758,-0.03699624073,0.4705459839,-0.06545897424,0.02499739591,0.9996875163,0.06495423883,0.9978882437,0,0,1.549528688,1.627794636,-1.408696975,1.704464319,0.03753686805,0.03420229382,0.1691865965,-1.491886612,1.592725639,1.290825242,1.696849418,-0.1254355156,-0.04374426238,-0.5048889316,-0.1712138954,0.001258855786,0.1455612865,-0.438718107,-0.4345353454,0.3390210938,0.3210243411,0.2524230347,-0.1790802201,-0.02919869239,-0.1191570467,-0.1905158139,-0.1872900001,0.1332602505,0.008916187881,0.01992930171,0.008916187881,0.025,0.055,0.09,0.07,0.02154150672
0.45,0.1104545356,-0.03765216682,0.474045172,-0.06572618306,0.02499739591,0.9996875163,0.06495423883,0.9978882437,0,0,1.547816549,1.627807225,-1.407241362,1.700077138,0.0331915146,0.03759250476,0.1723968399,-1.489362382,1.590934837,1.290533256,1.695657848,-0.1273406737,-0.04561716238,-0.5035563291,-0.1730317906,0.001259997546,0.1478504325,-0.4417652919,-0.4378715474,0.3429277407,0.3220049038,0.2539806976,-0.1803008219,-0.03056989651,-0.1197582354,-0.1921250948,-0.188200658,0.1348257798,0.008912578294,0.01937500155,0.008912578294,0.025,0.05,0.09,0.07,0.02152891816
0.46,0.115212458,-0.03831076277,0.4775379826,-0.06599290489,0.02499739591,0.9996875163,0.06495423883,0.9978882437,0,0,1.546086231,1.627819825,-1.405762858,1.695659485,0.02881279912,0.04102178217,0.175616889,-1.486822575,1.589131829,1.290227557,1.694460265,-0.1292619247,-0.04749916896,-0.5022080713,-0.1748764426,0.001261393604,0.1501666033,-0.4448206807,-0.4412184913,0.3468622592,0.3229492908,0.2555460922,-0.1815099523,-0.03195976533,-0.1203704581,-0.1937335842,-0.1890928323,0.1364035405,0.008908930193,0.01881731537,0.008908930193,0.025,0.05,0.09,0.075,0.02151631819
0.47,0.1200052638,-0.03897202251,0.4810213455,-0.06625890527,0.02499739591,0.9996875163,0.06495423883,0.9978882437,0,0,1.544337467,1.627832439,-1.404261192,1.691211278,0.02440061421,0.04449040476,0.1788463819,-1.484267114,1.58731673,1.289907959,1.693256561,-0.1311992605,-0.04939009729,-0.5008440359,-0.1767475435,0.001263051738,0.1525092284,-0.4478823388,-0.4445742759,0.3508228013,0.3238552358,0.2571182507,-0.1827061593,-0.03336804385,-0.1209938379,-0.195340054,-0.189964866,0.1379927523,0.008905243047,0.01825628997,0.008905243047,0.025,0.045,0.09,0.075,0.02150370425
0.48,0.1248328433,-0.03963593769,0.4844922332,-0.066523953,0.02499739591,0.9996875163,0.06495423883,0.9978882437,0,0,1.542569992,1.627845069,-1.4027361,1.686732455,0.01995487145,0.04799863277,0.1820849342,-1.481695932,1.585489668,1.289574278,1.692046622,-0.133152661,-0.05128974595,-0.4994641083,-0.1786470421,0.001251669585,0.1548916877,-0.4509483507,-0.4479481132,0.3548072648,0.3247360611,0.2586962074,-0.1838880095,-0.03479445175,-0.121628488,-0.196943295,-0.1908151333,0.1395926203,0.008901516333,0.01769197685,0.008901516333,0.025,0.045,0.09,0.08,0.02149107374
0.49,0.1296950569,-0.04030249764,0.4879476615,-0.06678782019,0.02499739591,0.9996875163,0.06495423883,0.9978882437,0,0,1.540783521,1.627857586,-1.401187183,1.682222971,0.01547539032,0.05154670542,0.1853322948,-1.47910897,1.583650788,1.289226334,1.690830337,-0.135122094,-0.05319789728,-0.4980681821,-0.180567826,0.001266748449,0.1572720371,-0.4540168198,-0.4513054344,0.3588145569,0.3255435881,0.2602789981,-0.1850540882,-0.03623868313,-0.1222745114,-0.1985421164,-0.1916420397,0.1412023344,0.008897748644,0.0171244321,0.008897748644,0.025,0.04,0.09,0.08,0.02147855704
0.5,0.1345917352,-0.04097168941,0.4913846888,-0.06705028224,0.02499739591,0.9996875163,0.06495423883,0.9978882437,0,0,1.538977843,1.627870254,-1.399614463,1.677682803,0.01096233598,0.05513485099,0.1885877307,-1.47650618,1.581800247,1.288863947,1.689607592,-0.1371075152,-0.05511431768,-0.4966561588,-0.182516167,0.001269228435,0.1596905391,-0.4570858691,-0.4546769379,0.3628419429,0.3263212934,0.2618656606,-0.1862029996,-0.03770040638,-0.1229320007,-0.2001353455,-0.1924440225,0.1428210693,0.008893941236,0.01655371637,0.008893941236,0.025,0.04,0.09,0.08,0.02146588956
0.51,0.1395226797,-0.04164349786,0.4948004169,-0.0673111178,0.02499739591,0.9996875163,0.06495423883,0.9978882437,0,0,1.537152681,1.627882946,-1.398017557,1.673111945,0.006415566596,0.05876327042,0.1918509437,-1.473887523,1.579938217,1.288486943,1.688378272,-0.1391088686,-0.0570387579,-0.4952279481,-0.1844894625,0.001272002121,0.1621331341,-0.4601536403,-0.4580502689,0.3668878166,0.327052161,0.2634552333,-0.1873333675,-0.03917926401,-0.1236010378,-0.2017218282,-0.1932195514,0.1444479847,0.00889009275,0.0159798948,0.00889009275,0.025,0.04,0.09,0.085,0.02145319727
0.52,0.144487663,-0.04231790562,0.4981919904,-0.06757010885,0.02499739591,0.9996875163,0.06495423883,0.9978882437,0,0,1.535307787,1.627895666,-1.396396226,1.668510408,0.001835063907,0.06243214858,0.1951214653,-1.471252971,1.578064883,1.28809515,1.687142262,-0.1411260869,-0.05897095341,-0.4937834682,-0.1864872721,0.001275081328,0.1645992076,-0.4632182943,-0.4614238161,0.3709502577,0.3277342543,0.2650467554,-0.1884438355,-0.04067487252,-0.1242816937,-0.2033004278,-0.1939671287,0.1460822253,0.008886202703,0.01540303691,0.008886202703,0.025,0.035,0.09,0.085,0.02144047725
0.53,0.1494864296,-0.04299489317,0.5015565969,-0.06782704062,0.02499739591,0.9996875163,0.06495423883,0.9978882437,0,0,1.533442914,1.627908417,-1.394750234,1.663878225,-0.002779174254,0.06614165116,0.1983988078,-1.468602503,1.576180445,1.287688402,1.685899445,-0.1431590912,-0.0609106247,-0.492322646,-0.1885091296,0.001278475591,0.1670881398,-0.4662780111,-0.4647960268,0.3750273317,0.3283657053,0.2666392668,-0.1895330674,-0.04218682226,-0.1249740281,-0.2048700255,-0.1946852902,0.1477229202,0.008882270626,0.01482321656,0.008882270626,0.025,0.035,0.085,0.09,0.02142772644
0.54,0.1545186958,-0.04367443886,0.5048914671,-0.06808170162,0.02499739591,0.9996875163,0.06495423883,0.9978882437,0,0,1.531557823,1.627921201,-1.393079352,1.659215445,-0.007427134522,0.06989192448,0.2016824649,-1.46593611,1.574285114,1.287266533,1.684649705,-0.1452077914,-0.0628574776,-0.4908454168,-0.1905545419,0.001282194564,0.1695993028,-0.4693309898,-0.4681654044,0.3791170898,0.3289447119,0.268231807,-0.1905997477,-0.04371467731,-0.1256780888,-0.2064295198,-0.1953726056,0.1493691835,0.008878296059,0.01424051185,0.008878296059,0.025,0.03,0.085,0.09,0.02141494168
0.55,0.1595841507,-0.04435651894,0.5081938745,-0.06833388368,0.02499739591,0.9996875163,0.06495423883,0.9978882437,0,0,1.529652277,1.627934023,-1.391383359,1.654522135,-0.01210878857,0.07368309538,0.204971912,-1.463253792,1.572379117,1.286829387,1.683392924,-0.1472720866,-0.06481120366,-0.489351725,-0.1926253378,0.001273447017,0.1721458859,-0.4723754484,-0.4715412184,0.3832178205,0.3294845234,0.2698234156,-0.1916425818,-0.04525797538,-0.1263939121,-0.2079778266,-0.1960276788,0.1510201143,0.008874278557,0.01365500507,0.008874278557,0.025,0.03,0.085,0.095,0.02140211974
0.56,0.1646824562,-0.04504110759,0.511461136,-0.06858338188,0.02499739591,0.9996875163,0.06495423883,0.9978882437,0,0,1.527726024,1.627946758,-1.3896619,1.649798381,-0.01682420075,0.07751527358,0.2082667572,-1.460555558,1.570462691,1.286376807,1.682128985,-0.1493518649,-0.06677148045,-0.4878415238,-0.1947140344,0.001290189529,0.1746863246,-0.4754096237,-0.4748903423,0.3873268752,0.3299390541,0.2714131314,-0.1926602969,-0.04681622775,-0.1271215217,-0.2095138786,-0.1966491485,0.1526747963,0.008870216824,0.01306678257,0.008870216824,0.025,0.025,0.085,0.095,0.02138938527
0.57,0.1698132475,-0.04572817696,0.5146906111,-0.06882999459,0.02499739591,0.9996875163,0.06495423883,0.9978882437,0,0,1.525778883,1.62795966,-1.387915037,1.645044284,-0.02157310417,0.08138854233,0.2115661478,-1.457841427,1.568536088,1.285908645,1.680857769,-0.1514470037,-0.06873797193,-0.4863147759,-0.1968268937,0.001294923829,0.1772603566,-0.478431772,-0.4782428033,0.3914428583,0.3303505901,0.2729999924,-0.1936516419,-0.04838891916,-0.1278609291,-0.2110366252,-0.1972356891,0.1543322982,0.008866112138,0.01247593476,0.008866112138,0.025,0.025,0.085,0.095,0.02137648337
0.58,0.1749761338,-0.0464176972,0.5178797025,-0.06907352348,0.02499739591,0.9996875163,0.06495423883,0.9978882437,0,0,1.523810614,1.627972609,-1.386142434,1.640259967,-0.02635553221,0.08530297092,0.2148696537,-1.455111427,1.566599572,1.285424755,1.67957916,-0.1535573699,-0.07071032882,-0.4847714529,-0.1989610719,0.001300018447,0.179854032,-0.4814401681,-0.4815869905,0.395563591,0.3307031298,0.2745830354,-0.1946153881,-0.04997550783,-0.1286121328,-0.2125450323,-0.1977860109,0.155991674,0.008861963261,0.01187959909,0.008861963261,0.025,0.02,0.085,0.1,0.02136353413
0.59,0.1801706984,-0.0471096365,0.5210258559,-0.06931377349,0.02499739591,0.9996875163,0.06495423883,0.9978882437,0,0,1.521821004,1.627985609,-1.384343893,1.635445565,-0.03117140211,0.08925860683,0.218176685,-1.452365597,1.564653418,1.284925,1.678293039,-0.1556828203,-0.07268818893,-0.4832115361,-0.2011159433,0.001305484994,0.1824666811,-0.484433106,-0.4849216727,0.3996870555,0.3309951932,0.2761612956,-0.1955503296,-0.05157542537,-0.1293751181,-0.2140380822,-0.1982988605,0.1576519626,0.008857769805,0.01125086339,0.008857769805,0.025,0.02,0.085,0.1,0.02135053395
0.6,0.1853964994,-0.0478039611,0.5241265599,-0.06955055284,0.02499739591,0.9996875163,0.06495423883,0.9978882437,0,0,1.519809844,1.627998664,-1.382519227,1.630601234,-0.03602061884,0.09325547738,0.2214866369,-1.449603984,1.562697914,1.284409246,1.676999288,-0.1578232011,-0.07467117754,-0.4816350165,-0.2032908563,0.001311332665,0.1850976289,-0.4874088986,-0.4882456713,0.4038112209,0.3312253668,0.2777338068,-0.196455284,-0.05318807682,-0.1301498572,-0.215514773,-0.1987730219,0.1593121884,0.008853531399,0.01061963489,0.008853531399,0.025,0.02,0.085,0.105,0.0213374791
0.61,0.1906530699,-0.04850063536,0.5271793462,-0.06978367305,0.02499739591,0.9996875163,0.06495423883,0.9978882437,0,0,1.517776936,1.628011777,-1.38066825,1.625727145,-0.04090307555,0.09729358959,0.2247988906,-1.446826646,1.560733362,1.283877365,1.675697789,-0.1599783488,-0.07665890776,-0.4800418946,-0.2054851334,0.001317570391,0.1877461927,-0.4903658777,-0.4915578572,0.4079340436,0.3313923005,0.2792996006,-0.1973290925,-0.05481284067,-0.1309363083,-0.2169741186,-0.1992073165,0.1609713613,0.008849247684,0.00998602246,0.008849247684,0.025,0.015,0.085,0.105,0.02132436577
0.62,0.1959399185,-0.04919962175,0.5301817894,-0.07001294892,0.02499739591,0.9996875163,0.06495423883,0.9978882437,0,0,1.515722084,1.628024953,-1.378790788,1.620823486,-0.04581865412,0.10137293,0.2281128136,-1.44403365,1.558760071,1.283329237,1.674388426,-0.16214809,-0.07865098092,-0.478432181,-0.2077005548,0.001311578016,0.1904257546,-0.493302394,-0.4948678031,0.4120542176,0.331509551,0.2808577064,-0.1981706207,-0.05644906891,-0.1317344157,-0.2184151487,-0.199600604,0.162628477,0.008844918323,0.009350138674,0.008844918323,0.025,0.015,0.085,0.11,0.02131119007
0.63,0.2012565299,-0.04990088092,0.5331315074,-0.07023819851,0.02499739591,0.9996875163,0.06495423883,0.9978882437,0,0,1.513645079,1.628038069,-1.376886531,1.615890462,-0.05076733216,0.1054934722,0.2314279091,-1.441225073,1.556778364,1.282764746,1.673071082,-0.1643322415,-0.08064698696,-0.4768058962,-0.2099290606,0.001330764405,0.1930940088,-0.4962168172,-0.4981429397,0.4161675299,0.3315319429,0.2824071512,-0.1989787589,-0.05809608706,-0.1325441093,-0.2198369078,-0.1999517827,0.1642825172,0.008840542139,0.008712099731,0.008712099731,0.025,0.01,0.085,0.11,0.02129807429
0.64,0.2066023651,-0.0506043717,0.5360261607,-0.07045924319,0.02499739591,0.9996875163,0.06495423883,0.9978882437,0,0,1.511545788,1.628051376,-1.374955591,1.610928294,-0.05574876155,0.1096551475,0.2347432285,-1.438401001,1.554788577,1.282183785,1.671745641,-0.1665306106,-0.08264650479,-0.4751630711,-0.2121771104,0.001338202677,0.1957912773,-0.4991075359,-0.5014134108,0.4202739472,0.3315017088,0.2839469596,-0.1997524229,-0.05975319435,-0.1333653048,-0.2212384558,-0.2002597902,0.1659324499,0.008836120506,0.008072025352,0.008072025352,0.025,0.01,0.085,0.115,0.02128476664
0.65,0.2119768619,-0.05131005118,0.538863453,-0.07067590762,0.02499739591,0.9996875163,0.06495423883,0.9978882437,0,0,1.509424017,1.628064759,-1.372997678,1.605937219,-0.06076289566,0.113857887,0.2380582456,-1.435561531,1.552791053,1.281586253,1.670411988,-0.1687429951,-0.08464910269,-0.4735037466,-0.2144415554,0.001346059832,0.1985033597,-0.5019729576,-0.5046680294,0.4243707266,0.3314034639,0.2854761532,-0.200490554,-0.06141966377,-0.1341979028,-0.2226188673,-0.2005236041,0.1675772296,0.008831652315,0.00743003868,0.00743003868,0.025,0.005,0.085,0.115,0.02127138462
0.66,0.2173794354,-0.05201787468,0.5416411311,-0.07088801971,0.02499739591,0.9996875163,0.06495423883,0.9978882437,0,0,1.507279602,1.628078219,-1.371012644,1.600917489,-0.06580957595,0.1181015942,0.2413722802,-1.43270677,1.550786147,1.280972057,1.669070009,-0.1709691838,-0.08665433873,-0.4718279743,-0.2167215891,0.001354344743,0.2012295336,-0.5048115084,-0.5079058953,0.4284557657,0.331236166,0.2869937508,-0.2011921201,-0.06309474229,-0.1350417888,-0.2239772315,-0.2007422422,0.1692157977,0.008827137301,0.006786266176,0.006786266176,0.025,0.005,0.085,0.12,0.02125792402
0.67,0.2228094784,-0.05272779584,0.5443569846,-0.07109541069,0.02499739591,0.9996875163,0.06495423883,0.9978882437,0,0,1.505112386,1.628091763,-1.369000349,1.595869374,-0.07088863491,0.1223861519,0.2446846419,-1.429836832,1.548774226,1.280341109,1.667719591,-0.1732089561,-0.08866176115,-0.4701358163,-0.2190163801,0.00136306358,0.2039690718,-0.5076216337,-0.5111261525,0.4325269515,0.3309988357,0.288498768,-0.2018561159,-0.064777651,-0.1358968331,-0.2253126518,-0.2009147631,0.1708470831,0.008822575219,0.006140837518,0.006140837518,0.025,0,0.085,0.12,0.02124438057
0.68,0.2282663618,-0.05343976661,0.5470088463,-0.07129791506,0.02499739591,0.9996875163,0.06495423883,0.9978882437,0,0,1.502922222,1.628105393,-1.366960658,1.590793158,-0.07599989643,0.1267114214,0.2479946302,-1.426951845,1.546755665,1.279693333,1.666360622,-0.1754620826,-0.09067090879,-0.4684273455,-0.2213276453,0.001359922486,0.2067353384,-0.5104017974,-0.5143384406,0.4365833311,0.3307050625,0.2431719541,-0.04615313444,0.1074898217,-0.1367629062,-0.3899411059,-0.1677661477,0.3576399735,0.008817965843,0.005493885491,0.005493885491,0.025,0,0.085,0.12,0.02123074993
0.69,0.233749435,-0.05415373731,0.5495945918,-0.07149537059,0.02499739591,0.9996875163,0.06495423883,0.9978882437,0,0,1.500708945,1.628118992,-1.364893305,1.58568914,-0.08114328084,0.1310772547,0.2513016809,-1.424520125,1.546294133,1.280768231,1.664992993,-0.1793614937,-0.09234857026,-0.4648509457,-0.2236469186,0.001381317653,0.2094859471,-0.5131504825,-0.5175110648,0.4406193893,0.3303110672,0.2293848092,0.004852486898,0.1637238651,-0.1376398204,-0.44637647,-0.1554253039,0.420111875,0.008813308134,0.005361278819,0.005361278819,0.025,0,0.085,0.125,0.02121715071
0.7,0.2392580263,-0.05486965666,0.5521121399,-0.07168761835,0.02499739591,0.9996875163,0.06495423883,0.9978882437,0,0,1.498472476,1.628132806,-1.362798445,1.580557635,-0.08631839149,0.1354834486,0.2546047915,-1.422226277,1.546342658,1.28240547,1.663616595,-0.1838252584,-0.0939028233,-0.460649827,-0.2259807532,0.001391346505,0.2122611727,-0.5158661905,-0.520673781,0.4446362505,0.3298583871,0.2308599587,0.00495344976,0.1633466491,-0.1385274042,-0.4497462087,-0.1536564554,0.4221858588,0.008808603545,0.005397298544,0.005397298544,0.025,0,0.085,0.125,0.02120333753
0.71,0.2447914437,-0.0555874718,0.5545594522,-0.07187450269,0.02499739591,0.9996875163,0.06495423883,0.9978882437,0,0,1.496212669,1.628146719,-1.360675834,1.575398973,-0.0915251293,0.1399298111,0.2579033754,-1.419917677,1.546392193,1.284038936,1.662231321,-0.1883227205,-0.09543938785,-0.4564279684,-0.2283257744,0.001401823842,0.2150467842,-0.5185474419,-0.5238158611,0.4486307133,0.3293323542,0.2323247108,0.005053322534,0.1629299364,-0.1394254698,-0.4530520372,-0.1518249489,0.4241891024,0.008803851113,0.005433960047,0.005433960047,0.025,0,0.085,0.125,0.02118942407
0.72,0.2503489746,-0.05630712833,0.5569345335,-0.07205587125,0.02499739591,0.9996875163,0.06495423883,0.9978882437,0,0,1.493929411,1.628160737,-1.358525366,1.570213499,-0.09676328791,0.1444161183,0.261196699,-1.41759443,1.546442726,1.285668236,1.660837066,-0.1928532408,-0.09695763734,-0.4521860774,-0.2306810287,0.001412754059,0.2178420156,-0.5211927759,-0.5269366367,0.4526006202,0.3287322805,0.2337735597,0.005167367749,0.1624906596,-0.1403338077,-0.4563073275,-0.1499277593,0.4261373195,0.008799050698,0.005471256033,0.005471256033,0.025,0,0.085,0.12,0.02117540583
0.73,0.255929887,-0.05702857034,0.5592354316,-0.07223157495,0.02499739591,0.9996875163,0.06495423883,0.9978882437,0,0,1.491622601,1.628174865,-1.356346946,1.565001571,-0.1020326543,0.1489421245,0.2644840218,-1.415256695,1.5464944,1.287293142,1.659433728,-0.1974163141,-0.09845691494,-0.4479247042,-0.2330455395,0.001424138675,0.2206460958,-0.5238007503,-0.5300354745,0.4565438065,0.3280575368,0.2352156294,0.005260788914,0.1619899919,-0.1412521915,-0.4594727242,-0.1479735534,0.4279872335,0.008794202186,0.005509229406,0.005509229406,0.025,0,0.085,0.12,0.02116127829
0.74,0.2615334296,-0.05775174046,0.5614602371,-0.07240146798,0.02499739591,0.9996875163,0.06495423883,0.9978882437,0,0,1.489292145,1.628189106,-1.354140485,1.559763563,-0.107333009,0.1535075625,0.2677645971,-1.412904538,1.546547008,1.288913042,1.658021206,-0.2020110414,-0.09993665047,-0.4436448318,-0.2354210389,0.001423718563,0.2234727242,-0.5263699419,-0.5331222826,0.460459723,0.3273220677,0.2366397508,0.00536819179,0.1614665156,-0.1421803787,-0.4625820386,-0.1459549915,0.4297774393,0.008789305483,0.005547807889,0.005547807889,0.025,0,0.085,0.12,0.0211470369
0.75,0.2671588319,-0.05847657985,0.5636070837,-0.07256540784,0.02499739591,0.9996875163,0.06495423883,0.9978882437,0,0,1.486937935,1.628203343,-1.351905757,1.554499864,-0.1126642318,0.1581121598,0.2710378178,-1.410538141,1.546600689,1.290527707,1.656599403,-0.2066368617,-0.1013962004,-0.4393470574,-0.2377984604,0.001447732028,0.2262783974,-0.5288989458,-0.5361654379,0.4643414791,0.3264824537,0.2380482516,0.005478067694,0.1609074583,-0.1431181097,-0.465620544,-0.1438754542,0.4314921814,0.008784359686,0.005587033314,0.005587033314,0.025,0,0.085,0.12,0.02113279972
0.76,0.2728053053,-0.0592030283,0.5656741483,-0.07272325529,0.02499739591,0.9996875163,0.06495423883,0.9978882437,0,0,1.48455995,1.628217821,-1.349642974,1.549210875,-0.1180258862,0.1627555745,0.2743026423,-1.408157658,1.54665547,1.292136782,1.655168222,-0.2112930672,-0.1028349549,-0.4350321356,-0.239145382,0.006027028957,0.2236562189,-0.5313863888,-0.5352679573,0.4675292847,0.3201658218,0.2394400904,0.00559038594,0.1603128809,-0.1440651078,-0.4685856254,-0.1417357761,0.4331292887,0.008779366384,0.005626909284,0.005626909284,0.025,0,0.085,0.12,0.0211183224
0.77,0.278472043,-0.0599310242,0.5676596505,-0.07287487438,0.02499739591,0.9996875163,0.06495423883,0.9978882437,0,0,1.482168496,1.628278091,-1.347406411,1.543897011,-0.1233785658,0.1674308674,0.2775043006,-1.405763258,1.546711374,1.293739911,1.65372757,-0.2159789234,-0.1042523127,-0.4307008427,-0.240440232,0.01071330608,0.2208274467,-0.5338308911,-0.5342358563,0.4705782256,0.3136353087,0.240814224,0.005705113638,0.1596828841,-0.1450210795,-0.471474699,-0.139536877,0.4346866327,0.00877463663,0.005667439093,0.005667439093,0.025,0,0.085,0.12,0.02105805211
0.78,0.2841582206,-0.06066050459,0.5695618531,-0.07302013246,0.02499739591,0.9996875163,0.06495423883,0.9978882437,0,0,1.479764094,1.628385224,-1.345198137,1.538558702,-0.1287209244,0.1721366496,0.2806406536,-1.403355115,1.546768425,1.295336739,1.65227736,-0.2206936704,-0.1056476815,-0.4263539764,-0.2427875265,0.01074082311,0.2235313696,-0.5362310898,-0.5371786116,0.4742342943,0.3125483878,0.2421696086,0.005822212958,0.1590176044,-0.1459857143,-0.4742852111,-0.1372797618,0.436162126,0.008770178663,0.005708625721,0.005708625721,0.025,0,0.09,0.12,0.02095091905
0.79,0.2898629967,-0.06139140521,0.5713790618,-0.07315890014,0.02499739591,0.9996875163,0.06495423883,0.9978882437,0,0,1.477336219,1.628492632,-1.342962823,1.533196391,-0.1340927105,0.1768789926,0.2837661375,-1.400933419,1.546826647,1.296926916,1.650817503,-0.2254365225,-0.1070204791,-0.4219923552,-0.2451399013,0.01075539364,0.2262530782,-0.5385856676,-0.5401067883,0.4778513953,0.3113997686,0.2435052009,0.005941641024,0.1583172141,-0.1469586842,-0.4770146409,-0.1349655188,0.4375537249,0.008765674651,0.005750471821,0.005750471821,0.025,0,0.09,0.12,0.02084351081
0.8,0.2955855131,-0.06212366054,0.5731096255,-0.07329105134,0.02499739591,0.9996875163,0.06495423883,0.9978882437,0,0,1.47488482,1.628600186,-1.340700292,1.527810534,-0.1394937784,0.1816575065,0.2868801352,-1.398498367,1.546886064,1.298510088,1.649347916,-0.2302066689,-0.1083701343,-0.4176168179,-0.2474879749,0.01079233187,0.2289490264,-0.5408933122,-0.5429893886,0.4814216604,0.3101472412,0.2448199588,0.006063349831,0.1575819206,-0.1479396444,-0.4796605021,-0.132595319,0.4388594315,0.008761123746,0.005792979707,0.005792979707,0.025,0,0.09,0.12,0.02073595688
0.81,0.3013248951,-0.06285720377,0.5747519358,-0.07341646323,0.02499739591,0.9996875163,0.06495423883,0.9978882437,0,0,1.47240994,1.62870811,-1.338410802,1.522401601,-0.1449236722,0.1864717231,0.2899816076,-1.396050168,1.546946697,1.300085907,1.647868519,-0.235003274,-0.1096960875,-0.4132282236,-0.249838713,0.01081682378,0.231660404,-0.5431527298,-0.5458559785,0.4849484926,0.3088319353,0.2461128424,0.006187286163,0.1568119653,-0.1489282325,-0.4822203457,-0.1301704143,0.4400772961,0.008756527548,0.005836151342,0.005836151342,0.025,0,0.09,0.12,0.02062803356
0.82,0.3070802524,-0.06359196694,0.5763044275,-0.07353501631,0.02499739591,0.9996875163,0.06495423883,0.9978882437,0,0,1.469911553,1.628816278,-1.336094198,1.516970074,-0.150382232,0.1913212081,0.293069927,-1.393589039,1.54700857,1.301654027,1.646379237,-0.2398254774,-0.1109977916,-0.4088274506,-0.2521883,0.01084028282,0.2343726011,-0.5453626447,-0.5486962421,0.4884279363,0.3074401362,0.2473828146,0.006313391522,0.1560076235,-0.1499240693,-0.4846917622,-0.1276921359,0.4412054194,0.0087518853,0.005879988323,0.005879988323,0.025,0,0.09,0.12,0.02051986532
0.83,0.3128506791,-0.06432788085,0.5777655783,-0.07364659431,0.02499739591,0.9996875163,0.06495423883,0.9978882437,0,0,1.46738967,1.628924681,-1.333750472,1.511516447,-0.1558691945,0.1962054874,0.2961443283,-1.391115211,1.547071704,1.303214103,1.644879996,-0.244672395,-0.112274713,-0.4044153964,-0.2545355553,0.01086269662,0.237084772,-0.5475217995,-0.5515097329,0.4918578382,0.3059717441,0.2486288422,0.006441602071,0.1551692038,-0.1509267581,-0.4870723836,-0.1251618927,0.4422419548,0.008747197049,0.005924491871,0.005924491871,0.025,0,0.09,0.12,0.02041146249
0.84,0.3186352545,-0.0650648752,0.5791339091,-0.07375108428,0.02499739591,0.9996875163,0.06495423883,0.9978882437,0,0,1.464844314,1.629033308,-1.331379624,1.506041229,-0.1613842918,0.2011240658,0.2992040458,-1.388628923,1.54713612,1.304765795,1.643370729,-0.2495431189,-0.1135263319,-0.3999929769,-0.2568822196,0.01087215318,0.2398108704,-0.549628955,-0.5543063888,0.4952383861,0.3044408953,0.2498498968,0.006571848585,0.1542970466,-0.1519358853,-0.4893598858,-0.1225811696,0.4431851106,0.008742462873,0.005969662816,0.005969662816,0.025,0,0.09,0.12,0.02030283553
0.85,0.3244330431,-0.06580287854,0.5804079837,-0.07384837656,0.02499739591,0.9996875163,0.06495423883,0.9978882437,0,0,1.462275492,1.629142029,-1.328981516,1.50054494,-0.1669273557,0.2060764497,0.3022484547,-1.386130424,1.547201838,1.306308765,1.64185137,-0.2544367177,-0.1147521436,-0.3955611258,-0.2592184345,0.01090374636,0.242506428,-0.5516828898,-0.557055195,0.4985606091,0.3028057413,0.2510449556,0.006704056411,0.1533915243,-0.1529510204,-0.491551991,-0.1199515255,0.4440331525,0.008737682052,0.006015501586,0.006015501586,0.025,0,0.09,0.12,0.020194114
0.86,0.3302430954,-0.06654181838,0.5815864087,-0.07393836474,0.02499739591,0.9996875163,0.06495423883,0.9978882437,0,0,1.459683308,1.629251067,-1.326556451,1.495028111,-0.1724979076,0.2110620558,0.3052765121,-1.383619974,1.547268879,1.307842681,1.64032186,-0.2593522377,-0.1159516588,-0.3911207943,-0.2615514407,0.01092291414,0.2452134066,-0.5536824006,-0.5597858108,0.5018289965,0.3011074977,0.2522130021,0.006838145442,0.1524530401,-0.1539717157,-0.4936464701,-0.117274591,0.4447844058,0.008732856318,0.006062008196,0.006062008196,0.025,0,0.09,0.12,0.02008507653
0.87,0.336064448,-0.06728162115,0.5826678339,-0.07402094572,0.02499739591,0.9996875163,0.06495423883,0.9978882437,0,0,1.457067794,1.629360296,-1.324104317,1.489491287,-0.1780957657,0.2160803457,0.3082875871,-1.381097844,1.54733726,1.309367211,1.638782142,-0.2642887024,-0.1171244047,-0.3866729502,-0.2638772145,0.0109409812,0.2479168897,-0.5556263017,-0.5624879508,0.5050392496,0.2993327481,0.2533530273,0.006974030101,0.1514820272,-0.1549975068,-0.4956411444,-0.1145520667,0.4454372577,0.008727985046,0.006109182232,0.006109182232,0.025,0,0.09,0.12,0.01997584739
0.88,0.3418961244,-0.06802221227,0.5836509523,-0.07409601968,0.02499739591,0.9996875163,0.06495423883,0.9978882437,0,0,1.454429021,1.629469706,-1.321625148,1.483935024,-0.1837206452,0.2211307382,0.3112809146,-1.378564314,1.547407001,1.310882031,1.637232167,-0.2692451138,-0.1182699254,-0.3822185776,-0.2661974439,0.01094646045,0.2506305811,-0.5575134252,-0.5651712795,0.5081917915,0.2974953507,0.2544610036,0.007123068708,0.1504918767,-0.1560279129,-0.4975464429,-0.111782038,0.4460033437,0.008723068421,0.006157022841,0.006157022841,0.025,0,0.09,0.12,0.01986643758
0.89,0.3477371351,-0.06876351619,0.5845344994,-0.07416349007,0.02499739591,0.9996875163,0.06495423883,0.9978882437,0,0,1.451767047,1.62957917,-1.319118843,1.47835989,-0.189372358,0.2262126561,0.3142558681,-1.376019704,1.547478231,1.31238695,1.635671888,-0.2742205782,-0.1193877458,-0.3777585442,-0.268502162,0.01097317687,0.2533106134,-0.559342621,-0.5678056643,0.511277011,0.2955550364,0.2555450048,0.007250945843,0.1494444512,-0.1570624366,-0.4993228015,-0.1089772792,0.4464417539,0.008718105859,0.006205566718,0.006205566718,0.025,0,0.095,0.12,0.01975697297
0.9,0.3535864784,-0.06950545642,0.5853172542,-0.07422326365,0.02499739591,0.9996875163,0.06495423883,0.9978882437,0,0,1.449082025,1.629688902,-1.316585736,1.472766463,-0.1950504147,0.2313254263,0.3172114185,-1.373464254,1.547550741,1.313881394,1.634101264,-0.2792138062,-0.1204775186,-0.3732941266,-0.2707985782,0.0109878465,0.2559982358,-0.5611127562,-0.570419877,0.5143000556,0.2935517982,0.2565950007,0.007391645939,0.1483787367,-0.1581005644,-0.5010055282,-0.1061288501,0.4467903701,0.008713099154,0.006254736541,0.006254736541,0.025,0,0.095,0.12,0.0196472412
0.91,0.3594431403,-0.07024795551,0.5859980384,-0.07427525044,0.02499739591,0.9996875163,0.06495423883,0.9978882437,0,0,1.44637404,1.62979878,-1.314025754,1.467155336,-0.2007546134,0.2364684268,0.3201469364,-1.370898304,1.547624657,1.315365182,1.632520258,-0.2842238615,-0.1215388071,-0.3688262229,-0.2730825972,0.01100136895,0.2586787148,-0.5628227153,-0.5730039183,0.5172564388,0.2914728697,0.2576130303,0.00753374716,0.1472825133,-0.1591417666,-0.5025802905,-0.1032422821,0.4470347978,0.008708047819,0.006304567617,0.006304567617,0.025,0,0.095,0.12,0.01953736274
0.92,0.3653060954,-0.07099093518,0.5865757169,-0.07431936376,0.02499739591,0.9996875163,0.06495423883,0.9978882437,0,0,1.443643214,1.629908794,-1.311438967,1.461527109,-0.2064846526,0.2416409912,0.3230616651,-1.368322173,1.547699995,1.316838007,1.630928841,-0.2892496644,-0.1225712299,-0.364355875,-0.2753528898,0.01101373577,0.2613511046,-0.5644714001,-0.575557346,0.5201440441,0.2893185631,0.2585981356,0.007677134236,0.1461563491,-0.1601854981,-0.5040451937,-0.1003195883,0.4471737625,0.008702952154,0.006355057229,0.006355057229,0.025,0,0.095,0.12,0.01942734905
0.93,0.3711743073,-0.07173431626,0.5870491974,-0.07435552019,0.02499739591,0.9996875163,0.06495423883,0.9978882437,0,0,1.440889685,1.630018931,-1.308825456,1.455882395,-0.2122402261,0.2468424316,0.3259548508,-1.365736192,1.547776766,1.31829957,1.629326986,-0.2942901164,-0.1235744258,-0.3598841373,-0.2776113287,0.0110130917,0.2640299529,-0.5660577295,-0.5780902326,0.5229638145,0.2871034562,0.2595493705,0.00782168909,0.1450008402,-0.1612311982,-0.5053984094,-0.09736283549,0.4472060671,0.008697812487,0.006406202155,0.006406202155,0.025,0,0.095,0.12,0.01931721169
0.94,0.3770467286,-0.07247801879,0.5874174307,-0.07438363963,0.02499739591,0.9996875163,0.06495423883,0.9978882437,0,0,1.438113571,1.630129062,-1.306185156,1.450221817,-0.2180211284,0.2520720698,0.3288258853,-1.363140698,1.547854983,1.319749579,1.627714674,-0.2993441005,-0.1245480541,-0.3554120767,-0.2798471232,0.0110343186,0.2666687153,-0.567580639,-0.5805711379,0.5257047508,0.2847860751,0.2604658025,0.007967288395,0.1438166064,-0.1622782912,-0.506638175,-0.09437414161,0.4471305906,0.008692628349,0.006457998667,0.006457998667,0.025,0.005,0.095,0.12,0.01920708078
0.95,0.3829223017,-0.07322196201,0.5876794107,-0.07440364523,0.02499739591,0.9996875163,0.06495423883,0.9978882437,0,0,1.4353151,1.630239406,-1.303518469,1.444546011,-0.2238268398,0.2573291173,0.3316737461,-1.36053604,1.547934656,1.321187745,1.626091891,-0.3044104822,-0.1254917956,-0.3509407708,-0.2820681428,0.01104312581,0.2693110989,-0.5690390813,-0.5830299893,0.5283734293,0.2824079952,0.2613465135,0.008113803651,0.1426042905,-0.1633261867,-0.5077627948,-0.09135567288,0.4469462903,0.008687401739,0.006510442519,0.006510442519,0.025,0.005,0.095,0.12,0.01909673759
0.96,0.3887999594,-0.07396606441,0.5878341742,-0.07441546345,0.02499739591,0.9996875163,0.06495423883,0.9978882437,0,0,1.432494419,1.630349837,-1.300825358,1.43885562,-0.2296571397,0.2626128516,0.334497826,-1.357922575,1.548015794,1.322613788,1.624458629,-0.3094881102,-0.1264053523,-0.3464713079,-0.2842731192,0.01103956744,0.2719563644,-0.5704320256,-0.5854663253,0.5309680663,0.2799696713,0.2621906007,0.008261101281,0.1413645573,-0.1643742799,-0.5087706427,-0.08830964063,0.4466522029,0.008682132291,0.00656352894,0.00656352894,0.025,0.005,0.095,0.115,0.01898630633
0.97,0.3946786247,-0.07471024375,0.587880801,-0.07441902402,0.02499739591,0.9996875163,0.06495423883,0.9978882437,0,0,1.429651688,1.630460232,-1.298105795,1.4331513,-0.2355118029,0.2679225322,0.3372975228,-1.355300669,1.548098405,1.324027433,1.622814886,-0.3145758166,-0.1272884487,-0.3420047858,-0.2864514849,0.01105651168,0.2745597971,-0.5717584573,-0.587850225,0.5334775212,0.2774320775,0.2634256019,0.00669872613,0.1381499454,-0.1654219686,-0.5077491802,-0.08587456619,0.4443093651,0.008676819668,0.00661725262,0.00661725262,0.025,0.005,0.095,0.115,0.01887591066
0.98,0.400557212,-0.07545441714,0.5878184139,-0.07441425994,0.02499739591,0.9996875163,0.06495423883,0.9978882437,0,0,1.426787173,1.630570798,-1.295360197,1.427433715,-0.2413903052,0.2732573075,0.3400718435,-1.352666413,1.548165392,1.325408933,1.621160666,-0.3196533084,-0.1281471944,-0.3375616922,-0.2886108143,0.01106167174,0.2771631861,-0.5730173785,-0.5902099803,0.5359085711,0.2748346084,0.2671984027,-0.005233648967,0.1230777206,-0.1664687051,-0.4949858046,-0.08736012567,0.4301366257,0.008671465874,0.006665918606,0.006665918606,0.025,0.005,0.1,0.115,0.01876534554
0.99,0.4064346269,-0.07619850099,0.5876461787,-0.07440110753,0.02499739591,0.9996875163,0.06495423883,0.9978882437,0,0,1.423901065,1.630681414,-1.292588565,1.421703542,-0.247292405,0.2786163932,0.3428201896,-1.349994429,1.548113056,1.32663971,1.619495979,-0.3246031664,-0.1290207956,-0.3332603259,-0.2907467644,0.01106560861,0.279751487,-0.5742078071,-0.5925355813,0.5382563043,0.2721651678,0.2679488769,-0.005324660282,0.1214518228,-0.1675136293,-0.4953038949,-0.08448915608,0.4292972241,0.008666070676,0.006675014194,0.006675014194,0.025,0.005,0.1,0.115,0.01865472882
1,0.4123097668,-0.07694241112,0.5873633043,-0.07437950637,0.02499739591,0.9996875163,0.06495423883,0.9978882437,0,0,1.420993597,1.63079207,-1.28979105,1.415961463,-0.2532177608,0.2839989562,0.3455418413,-1.34731494,1.548059809,1.327854228,1.617820843,-0.3295562054,-0.1298656872,-0.3289673537,-0.2928612038,0.01105705111,0.2823389989,-0.5753287771,-0.5948366127,0.5405221483,0.2694380124,0.2686590543,-0.005415682253,0.1197994336,-0.1685561972,-0.4954985198,-0.08160360769,0.4283474489,0.008660634615,0.006683911534,0.006683911534,0.025,0.005,0.1,0.115,0.01854407274
1.01,0.4181815217,-0.07768606276,0.5869690426,-0.07434939932,0.02499739591,0.9996875163,0.06495423883,0.9978882437,0,0,1.418064985,1.630902641,-1.28696766,1.410208176,-0.2591661269,0.2894041777,0.3482362214,-1.34462835,1.548005652,1.329052223,1.616135281,-0.3345111906,-0.1306817233,-0.3246838792,-0.2949430551,0.0110691251,0.2848795354,-0.5763793383,-0.5970824971,0.5426940072,0.2666138384,0.2693281032,-0.005506654734,0.1181215303,-0.1695957393,-0.4955686932,-0.07870569412,0.4272870195,0.008655157466,0.006692602377,0.006692602377,0.025,0.005,0.1,0.115,0.01843350223
1.02,0.424048774,-0.07842937058,0.5864626883,-0.07431073254,0.02499739591,0.9996875163,0.06495423883,0.9978882437,0,0,1.415115554,1.631013332,-1.284118865,1.404444382,-0.2651369519,0.2948311178,0.3509023598,-1.341935069,1.547950586,1.330233438,1.614439324,-0.3394668775,-0.1314687802,-0.320411009,-0.2970003089,0.01106931414,0.2874161558,-0.577358556,-0.5993019135,0.5447796976,0.2637326192,0.2699552123,-0.005597517025,0.116419113,-0.170631574,-0.4955135129,-0.07579764213,0.4261157424,0.008649641376,0.006701078646,0.006701078646,0.025,0.005,0.1,0.12,0.01832281097
1.03,0.4299103996,-0.07917224871,0.5858435793,-0.07426345546,0.02499739591,0.9996875163,0.06495423883,0.9978882437,0,0,1.412145551,1.631124025,-1.281244703,1.398670797,-0.271129971,0.3002789147,0.353539686,-1.339235517,1.547894611,1.331397629,1.612733008,-0.3444220126,-0.1322267566,-0.3161498516,-0.2990317194,0.01105738023,0.2899484115,-0.578265511,-0.6014944737,0.5467776193,0.2607954607,0.2705395913,-0.005688207941,0.114693204,-0.1716630094,-0.4953321612,-0.07288168803,0.4248335112,0.008644086227,0.006709332449,0.006709332449,0.025,0.005,0.1,0.12,0.01821211783
1.04,0.4357652677,-0.07991461083,0.5851110965,-0.07420752081,0.02499739591,0.9996875163,0.06495423883,0.9978882437,0,0,1.409155234,1.631234599,-1.278345219,1.392888142,-0.2771449158,0.3057466909,0.3561476406,-1.336530121,1.547837729,1.332544561,1.611016378,-0.3493753342,-0.1329555735,-0.3119015165,-0.3010262322,0.01106526241,0.2924308713,-0.5790992993,-0.6036303098,0.5486753978,0.2577645143,0.2710804715,-0.005778665882,0.1129448464,-0.1726893429,-0.4950239054,-0.06996007412,0.4234403067,0.008638491912,0.006717356086,0.006717356086,0.025,0.005,0.1,0.12,0.01810154403
1.05,0.4416122417,-0.08065637012,0.5842646637,-0.07414288458,0.02499739591,0.9996875163,0.06495423883,0.9978882437,0,0,1.406144972,1.631345252,-1.27542091,1.387097149,-0.2831812189,0.3112334449,0.3587252857,-1.333819316,1.547779942,1.33367401,1.609289484,-0.3543255733,-0.1336551742,-0.3076671134,-0.3029917644,0.01106163129,0.2949057015,-0.5798590318,-0.6057371499,0.5504812186,0.2546785487,0.2715771069,-0.005868828906,0.1111751027,-0.1737098623,-0.4945880983,-0.06703504519,0.4219361971,0.00863286062,0.006725142061,0.006725142061,0.025,0.005,0.1,0.12,0.01799089141
1.06,0.4474501793,-0.08139743938,0.5833037477,-0.07406950606,0.02499739591,0.9996875163,0.06495423883,0.9978882437,0,0,1.403115054,1.631455868,-1.272471853,1.381298558,-0.2892385904,0.3167382571,0.3612720712,-1.331103545,1.547721254,1.334785761,1.607552386,-0.3592714543,-0.1343255247,-0.3034477514,-0.3049270891,0.01104613026,0.2973725619,-0.5805438344,-0.6078145919,0.5521935754,0.2515389413,0.2720287743,-0.005958634801,0.1093850534,-0.1747238465,-0.494024179,-0.06410884488,0.4203213378,0.008627192352,0.00673268309,0.00673268309,0.025,0.005,0.105,0.12,0.01788027509
1.07,0.4532779334,-0.08213773098,0.5822278585,-0.07398734783,0.02499739591,0.9996875163,0.06495423883,0.9978882437,0,0,1.400065783,1.631566329,-1.269498128,1.37549312,-0.2953167363,0.3222601929,0.3637874606,-1.328383257,1.547661667,1.335879611,1.605805147,-0.3642116961,-0.1349666131,-0.299244538,-0.3068210825,0.01104987006,0.2997862928,-0.5811528478,-0.6098331199,0.5537997408,0.2483088683,0.2724347744,-0.006048021161,0.1075757963,-0.1757305659,-0.4933316722,-0.06118371221,0.4185959709,0.008621487111,0.006739972113,0.006739972113,0.025,0.005,0.105,0.12,0.01776981379
1.08,0.4590943518,-0.08287715696,0.5810365489,-0.07389637574,0.02499739591,0.9996875163,0.06495423883,0.9978882437,0,0,1.396997572,1.631676828,-1.266500265,1.369681591,-0.3014150675,0.3277981903,0.3662705493,-1.325658909,1.547601187,1.336955369,1.604047842,-0.3691450128,-0.1355784503,-0.2950585783,-0.3086816908,0.01104235257,0.3021886289,-0.5816852268,-0.6118198138,0.5553083573,0.2450263228,0.2727918473,-0.00612602529,0.105761024,-0.1767292833,-0.4925226328,-0.05825717677,0.4167725129,0.008615747145,0.006747002298,0.006747002298,0.025,0.005,0.105,0.12,0.01765931509
1.09,0.4648982783,-0.08361562901,0.5797294147,-0.07379655893,0.02499739591,0.9996875163,0.06495423883,0.9978882437,0,0,1.393910755,1.631787252,-1.263478378,1.363864739,-0.3075332656,0.3333512738,0.3687208126,-1.322930991,1.547539927,1.338012979,1.602280549,-0.3740702391,-0.136161022,-0.2908908532,-0.3105077133,0.01102310863,0.3045793304,-0.5821401409,-0.6137742297,0.556718027,0.2416929491,0.2731070928,-0.006225214267,0.1039042233,-0.1777192546,-0.4915595314,-0.05534547295,0.4148151669,0.008609972566,0.006753803368,0.006753803368,0.025,0.005,0.105,0.12,0.01754889157
1.1,0.4706885528,-0.08435305856,0.5783060949,-0.07368786983,0.02499739591,0.9996875163,0.06495423883,0.9978882437,0,0,1.390805678,1.631897483,-1.260432585,1.358043338,-0.3136710079,0.3389184541,0.371137742,-1.32019992,1.547477675,1.339052022,1.600503356,-0.3789858344,-0.1367144768,-0.2867427015,-0.3122878651,0.01102274785,0.3069130441,-0.5825167736,-0.6156668655,0.5580155845,0.2382725542,0.2735519932,-0.007078352082,0.1011584888,-0.1786997369,-0.4896023314,-0.05277506844,0.4119153764,0.008604163476,0.006760296588,0.006760296588,0.025,0.005,0.105,0.12,0.01743866048
1.11,0.4764640118,-0.08508935675,0.5767662714,-0.07357028413,0.02499739591,0.9996875163,0.06495423883,0.9978882437,0,0,1.3876828,1.63200771,-1.257363455,1.35221817,-0.3198276766,0.34449861,0.3735204676,-1.3174644,1.547406891,1.340063606,1.598716359,-0.3838818578,-0.1372422274,-0.2826235478,-0.3140302229,0.01101128071,0.3092315114,-0.5828143221,-0.6175244337,0.5592102279,0.2348027483,0.2746224882,-0.0108210383,0.09504600684,-0.1796699952,-0.4841932746,-0.05151871076,0.4057274271,0.0085983222,0.006763961379,0.006763961379,0.025,0.005,0.105,0.12,0.017328433
1.12,0.4822234889,-0.08582443452,0.5751096689,-0.07344378084,0.02499739591,0.9996875163,0.06495423883,0.9978882437,0,0,1.384542497,1.632117823,-1.254271139,1.346390027,-0.3260029209,0.3500907122,0.3758684951,-1.314718175,1.547298681,1.341014067,1.596919659,-0.3887237905,-0.1377574145,-0.2785662735,-0.3157336208,0.01098812874,0.3115345891,-0.5830319978,-0.619346423,0.5603006823,0.2312854431,0.2747279176,-0.01067687548,0.093411371,-0.180629203,-0.4831006275,-0.04857377248,0.4037305704,0.00859244895,0.006755158896,0.006755158896,0.025,0.005,0.105,0.12,0.01721832019
1.13,0.4879658151,-0.08655820258,0.5733360554,-0.07330834223,0.02499739591,0.9996875163,0.06495423883,0.9978882437,0,0,1.381385161,1.632227704,-1.251155794,1.340559707,-0.3321963851,0.3556937191,0.3781813495,-1.311970896,1.547191912,1.34194818,1.595113367,-0.3935547968,-0.1382431523,-0.2745289678,-0.3173865196,0.01098370319,0.3137762739,-0.5831690253,-0.62110302,0.5612732483,0.2276847097,0.2747857761,-0.01053546044,0.09176111724,-0.181576634,-0.4818759132,-0.0456407524,0.4016211428,0.008586543923,0.006746832731,0.006746832731,0.025,0.005,0.11,0.12,0.01710843891
1.14,0.4936898194,-0.08729057153,0.5714452418,-0.07316395385,0.02499739591,0.9996875163,0.06495423883,0.9978882437,0,0,1.378211296,1.632337541,-1.248018031,1.334728017,-0.3384074153,0.3613064515,0.3804581966,-1.309223038,1.547086557,1.342865791,1.593297601,-0.3983735559,-0.1386995598,-0.2705127564,-0.3189972294,0.01096822477,0.3159987418,-0.583224643,-0.6228208366,0.5621377895,0.2240381434,0.2747955363,-0.01039685483,0.09009628408,-0.1825115211,-0.480519053,-0.04272190338,0.399399834,0.00858060953,0.006738966177,0.006738966177,0.025,0.005,0.11,0.12,0.01699860187
1.15,0.4993943288,-0.08802145179,0.5694370819,-0.07301060455,0.02499739591,0.9996875163,0.06495423883,0.9978882437,0,0,1.375021324,1.632447224,-1.244858043,1.32889577,-0.3446356237,0.3669278294,0.382698578,-1.306475083,1.546982589,1.343766754,1.591472485,-0.4031787464,-0.1391267788,-0.266518758,-0.3205646283,0.01094100661,0.3182019445,-0.5831981025,-0.6244992711,0.5628931696,0.2203479268,0.2747566973,-0.01026111571,0.08841792025,-0.1834330948,-0.4790300566,-0.03981945004,0.3970674214,0.008574646076,0.006731542374,0.006731542374,0.025,0.005,0.11,0.12,0.01688891963
1.16,0.5050781695,-0.08875075372,0.5673114728,-0.07284828645,0.02499739591,0.9996875163,0.06495423883,0.9978882437,0,0,1.371815677,1.632556634,-1.241676024,1.323063789,-0.3508806164,0.3725567611,0.3849020573,-1.303727516,1.546879978,1.344650933,1.589638154,-0.407969047,-0.1395249733,-0.2625480838,-0.3220768269,0.01093254735,0.3203387719,-0.5830886685,-0.6261078796,0.5635250465,0.2165780481,0.2746687851,-0.01012829542,0.08672708346,-0.1843405845,-0.4774090222,-0.03693558532,0.394624769,0.008568653842,0.006724544333,0.006724544333,0.025,0.005,0.11,0.12,0.01677950956
1.17,0.5107401666,-0.08947838761,0.5650683542,-0.07267699497,0.02499739591,0.9996875163,0.06495423883,0.9978882437,0,0,1.368594909,1.632665959,-1.238472636,1.317232902,-0.3571416952,0.3781920116,0.3870678378,-1.300980828,1.546778695,1.345518204,1.587794749,-0.4127431372,-0.1398943292,-0.2586018361,-0.3235424746,0.0109129965,0.3224522613,-0.5828956188,-0.6276734339,0.5640440716,0.2127664381,0.2745313527,-0.009998441459,0.08502483921,-0.1852332192,-0.4756561357,-0.03407246704,0.3920728258,0.00856263534,0.006717954957,0.006717954957,0.025,0.005,0.11,0.12,0.01667018409
1.18,0.5163791448,-0.09020426371,0.5627077091,-0.07249672881,0.02499739591,0.9996875163,0.06495423883,0.9978882437,0,0,1.365359484,1.632775089,-1.235248114,1.311403946,-0.3634184296,0.3838324523,0.3891955022,-1.298235515,1.54667871,1.346368453,1.585942416,-0.4174996986,-0.1402350539,-0.2546811079,-0.3249605036,0.01088155773,0.3245424608,-0.5826182442,-0.6291952218,0.5644492642,0.2089155579,0.2743439812,-0.009871596414,0.08331225951,-0.1861102281,-0.4737716694,-0.03123221462,0.389412624,0.008556590959,0.006711757062,0.006711757062,0.025,0.005,0.11,0.12,0.01656105412
1.19,0.5219939291,-0.09092829228,0.5602295633,-0.07230748993,0.02499739591,0.9996875163,0.06495423883,0.9978882437,0,0,1.362109879,1.632883905,-1.232002689,1.305577764,-0.3697103818,0.389476945,0.3912846577,-1.295492075,1.546579994,1.347201575,1.584081314,-0.4222374153,-0.140547376,-0.2507869816,-0.3263185734,0.0108690919,0.326560687,-0.5822558483,-0.6306418489,0.5647255163,0.2049889768,0.2741062795,-0.009747797879,0.08159042172,-0.1869708421,-0.4717559816,-0.02841690585,0.3866452769,0.008550521055,0.006705933403,0.006705933403,0.025,0.005,0.115,0.12,0.01645223854
1.2,0.5275833446,-0.09165038361,0.5576339859,-0.0721092836,0.02499739591,0.9996875163,0.06495423883,0.9978882437,0,0,1.358846694,1.632992596,-1.228737082,1.299755205,-0.3760168003,0.3951242001,0.3933345475,-1.292751012,1.546482516,1.348017479,1.582211606,-0.4269549751,-0.1408315451,-0.2469205289,-0.3276294051,0.01083536008,0.328566847,-0.5818077474,-0.6320502705,0.5648889851,0.201037675,0.2738178851,-0.00962707838,0.07986040725,-0.1878142942,-0.4696095151,-0.0256285738,0.3837719778,0.00854442825,0.00670046669,0.00670046669,0.025,0.005,0.115,0.12,0.01634354763
1.21,0.5331462177,-0.09237044808,0.5549210887,-0.07190211838,0.02499739591,0.9996875163,0.06495423883,0.9978882437,0,0,1.3555704,1.633100949,-1.225451414,1.293937128,-0.382337303,0.40077309,0.3953449243,-1.290012833,1.546386246,1.348816084,1.580333463,-0.4316510702,-0.1410878308,-0.2430828091,-0.3288775114,0.01081963878,0.3304987976,-0.5812732707,-0.6333806007,0.5649205392,0.197014913,0.2734784642,-0.009509465326,0.07812330035,-0.1886398207,-0.4673327963,-0.02286920381,0.3807939968,0.008538312279,0.006695339618,0.006695339618,0.025,0.005,0.115,0.125,0.01623519402
1.22,0.5386813759,-0.09308839616,0.5520910267,-0.07168600608,0.02499739591,0.9996875163,0.06495423883,0.9978882437,0,0,1.352281624,1.633209145,-1.222146426,1.288124395,-0.388671109,0.4064222954,0.3973150734,-1.287278049,1.546291151,1.349597317,1.578447064,-0.4363243982,-0.1413165228,-0.2392748691,-0.3300752663,0.01078350603,0.332414377,-0.5806517597,-0.634668186,0.5648361954,0.1929696369,0.273087712,-0.009394980964,0.07638018679,-0.189446662,-0.4649264336,-0.02014073063,0.3777126795,0.008532175755,0.006690534882,0.006690534882,0.025,0.005,0.115,0.125,0.01612699764
1.23,0.5441876484,-0.09380413843,0.5491439978,-0.07146096183,0.02499739591,0.9996875163,0.06495423883,0.9978882437,0,0,1.348980872,1.633316981,-1.218822282,1.282317878,-0.3950177908,0.4120706573,0.3992447698,-1.284547171,1.546197201,1.350361118,1.576552598,-0.4409736625,-0.1415179301,-0.2354977423,-0.3312075053,0.01076457482,0.3342531357,-0.579942569,-0.6358742355,0.564617055,0.1888571561,0.2726453533,-0.009283642357,0.07463215269,-0.1902340638,-0.4623911161,-0.01744503563,0.3745294437,0.008526018526,0.006686035205,0.006686035205,0.025,0.005,0.115,0.125,0.01601916258
1.24,0.5496638667,-0.09451758568,0.5460802428,-0.07122700402,0.02499739591,0.9996875163,0.06495423883,0.9978882437,0,0,1.345668797,1.633424626,-1.215479751,1.276518452,-0.4013765332,0.4177168279,0.4011333413,-1.281820718,1.546104365,1.35110744,1.574650257,-0.4455975737,-0.1416923805,-0.2317524479,-0.3322828492,0.01073524797,0.336056427,-0.5791450654,-0.6370235425,0.5642745539,0.1847132352,0.2721511421,-0.009175461365,0.07288028318,-0.1910012777,-0.459727612,-0.0147839442,0.3712457781,0.008519843207,0.006681823355,0.006681823355,0.025,0.005,0.115,0.125,0.01591151683
1.25,0.5551088651,-0.09522864887,0.5429000458,-0.07098415434,0.02499739591,0.9996875163,0.06495423883,0.9978882437,0,0,1.342345968,1.633531979,-1.212119186,1.270727001,-0.4077467686,0.4233595734,0.4029804737,-1.279099206,1.54601261,1.351836243,1.572740244,-0.4501948498,-0.1418402199,-0.2280399901,-0.3333003568,0.01069453589,0.3378243769,-0.5782586287,-0.6381149792,0.5638080724,0.1805409294,0.2716048624,-0.009070444646,0.07112566117,-0.1917475624,-0.4569367669,-0.01215922324,0.3678632384,0.00851365043,0.006677882172,0.006677882172,0.025,0.005,0.12,0.125,0.01580416435
1.26,0.5605214806,-0.09593723921,0.5396037337,-0.07073243774,0.02499739591,0.9996875163,0.06495423883,0.9978882437,0,0,1.339012965,1.633638924,-1.208740943,1.264944415,-0.4141279184,0.4289976541,0.404785883,-1.276383158,1.545921906,1.352547499,1.570822769,-0.4547642175,-0.1419618122,-0.2243613577,-0.3342475394,0.01067164414,0.3395083764,-0.5772826513,-0.6391171644,0.5632018894,0.1763059282,0.2710063281,-0.00896859367,0.06936936608,-0.1924721845,-0.4540195023,-0.009572578826,0.3643834458,0.008507440776,0.006674194585,0.006674194585,0.025,0.005,0.12,0.125,0.01569721899
1.27,0.5659005539,-0.09664326817,0.5361916764,-0.07047188249,0.02499739591,0.9996875163,0.06495423883,0.9978882437,0,0,1.335670489,1.633745641,-1.205345859,1.259171588,-0.4205190901,0.434629673,0.4065489422,-1.273673095,1.54583222,1.353241193,1.568898047,-0.4593044125,-0.142057538,-0.2207175233,-0.3351374672,0.01062834013,0.3411677897,-0.5762165383,-0.6400656395,0.5624736105,0.1720574561,0.2703553835,-0.008869904746,0.06761247256,-0.1931744198,-0.4509768133,-0.007025653957,0.3608080835,0.008501216994,0.006670743634,0.006670743634,0.025,0.005,0.12,0.125,0.01559050255
1.28,0.5712449297,-0.0973466475,0.5326642869,-0.07020252011,0.02499739591,0.9996875163,0.06495423883,0.9978882437,0,0,1.332319115,1.633851924,-1.201934181,1.253409423,-0.4269197465,0.4402544091,0.4082695168,-1.270969541,1.545743521,1.353917318,1.566966303,-0.4638141806,-0.1421277945,-0.2171094424,-0.3359542785,0.01060227497,0.3427398402,-0.5750597078,-0.6409201701,0.5616030396,0.1677507892,0.2696519027,-0.008774369061,0.06585604924,-0.1938535538,-0.4478097674,-0.00452002653,0.357138894,0.008494979055,0.006667512496,0.006667512496,0.025,0.005,0.12,0.125,0.01548421915
1.29,0.5765534567,-0.09804728933,0.5290220211,-0.06992438542,0.02499739591,0.9996875163,0.06495423883,0.9978882437,0,0,1.328959572,1.633957947,-1.198506782,1.247658826,-0.4333289482,0.4458704395,0.4099470247,-1.268273022,1.545655777,1.354575878,1.565027767,-0.4682922783,-0.1421729948,-0.2135380535,-0.3367109472,0.01055628924,0.3442828984,-0.5738115911,-0.6417153868,0.5606079176,0.1634340312,0.2688957905,-0.008681972736,0.06410115747,-0.1945088832,-0.4445195016,-0.002057207403,0.3533776763,0.008488729718,0.006664484496,0.006664484496,0.025,0.005,0.12,0.125,0.0153781964
1.3,0.5818249888,-0.0987451061,0.525265378,-0.06963751652,0.02499739591,0.9996875163,0.06495423883,0.9978882437,0,0,1.325592462,1.63406351,-1.195063953,1.24192071,-0.439746102,0.4514765187,0.411581365,-1.265584064,1.545568957,1.35521689,1.563082678,-0.4727374733,-0.1421935668,-0.2100042767,-0.3373917122,0.010527072,0.3457348166,-0.5724716324,-0.6424114162,0.5594680371,0.159063662,0.2680869822,-0.008592696892,0.06234885007,-0.1951397164,-0.4411072213,0.0003613613655,0.3495262828,0.008482469039,0.006661643137,0.006661643137,0.025,0.005,0.125,0.125,0.0152726335
1.31,0.5870583848,-0.09944001068,0.5213948995,-0.06934195481,0.02499739591,0.9996875163,0.06495423883,0.9978882437,0,0,1.322218545,1.63416878,-1.191606605,1.236195994,-0.4461702162,0.4570711991,0.4131720016,-1.262903194,1.54548303,1.355840378,1.561131281,-0.4771485456,-0.1421899532,-0.2065090139,-0.3380095273,0.01047832119,0.3471532927,-0.5710392898,-0.6430421861,0.5582013611,0.1546869295,0.2672254435,-0.008506517731,0.06060017007,-0.1957453747,-0.4375741974,0.002734308124,0.3455866165,0.008476199796,0.006658972111,0.006658972111,0.025,0.005,0.125,0.125,0.01516736278
1.32,0.5922525093,-0.1001319164,0.5174111707,-0.06903774494,0.02499739591,0.9996875163,0.06495423883,0.9978882437,0,0,1.31883845,1.634273564,-1.188135072,1.230485601,-0.452600638,0.4626532127,0.4147188709,-1.26023094,1.545397965,1.35644638,1.559173828,-0.4815242875,-0.1421626101,-0.2030531477,-0.3385486659,0.01044596634,0.3484764944,-0.5695140347,-0.6435679718,0.556787595,0.1502612722,0.2663111707,-0.00842340663,0.05885614946,-0.1963251934,-0.4339217645,0.005060333079,0.3415606275,0.008469922115,0.006656455324,0.006656455324,0.025,0.005,0.125,0.125,0.01506257957
1.33,0.5974062328,-0.1008207369,0.5133148194,-0.06872493488,0.02499739591,0.9996875163,0.06495423883,0.9978882437,-0.5,0,1.315452963,1.634378023,-1.184650307,1.22479046,-0.4590363178,0.4682210886,0.4162214837,-1.257567828,1.545313731,1.357034942,1.557210576,-0.4858635052,-0.1421120068,-0.1996375415,-0.2181500141,0.3062281913,-0.1510712166,-0.5678957717,-0.3370332729,0.3907912249,-0.2233597814,0.2653441907,-0.008343330246,0.05711780801,-0.1968785223,-0.430151319,0.007338209595,0.3374503101,0.008463638799,0.006654076913,0.006654076913,0.025,0.005,0.125,0.125,0.01495811991
1.34,0.6025184325,-0.1015063866,0.5091065167,-0.06840357586,0.01999866669,0.9998000067,0.06495423883,0.9978882437,-0.5,0,1.313271463,1.637440305,-1.18616102,1.219111503,-0.4624066505,0.4721290009,0.4139878858,-1.254914386,1.545230298,1.35760612,1.55524179,-0.4901650184,-0.1420386247,-0.1962630384,-0.2192578376,0.3026868819,-0.1496887963,-0.566183054,-0.3376902154,0.3876998488,-0.2237368624,0.2643245611,-0.008266250638,0.05538615199,-0.1974047275,-0.4262643161,0.009566785324,0.3332576998,0.008479494006,0.006651821259,0.006651821259,0.02,0.005,0.135,0.125,0.011895838
1.35,0.6075879924,-0.1021887801,0.5047869765,-0.0680737224,0.01499943751,0.9998875021,0.06495423883,0.9978882437,-0.5,0,1.311078885,1.640467174,-1.187657908,1.213449672,-0.4657835526,0.4760059994,0.4117505172,-1.25227114,1.545147635,1.358159981,1.553267743,-0.4944276615,-0.1419429569,-0.1929304614,-0.2202873284,0.2991483103,-0.1483540047,-0.5643759264,-0.3382047005,0.3845249768,-0.224121978,0.2632523699,-0.008192125391,0.05366217301,-0.1979031912,-0.4222622681,0.01174498319,0.3289848698,0.008495602214,0.006649673011,0.006649673011,0.015,0.005,0.14,0.125,0.008868969178
1.36,0.6126138038,-0.1028678329,0.5003569557,-0.06773543231,0.009999833334,0.9999500004,0.06495423883,0.9978882437,-0.5,0,1.308876012,1.643458657,-1.189141448,1.207805913,-0.4691655996,0.4798512491,0.4095092974,-1.249638617,1.545065714,1.358696603,1.551288711,-0.4986502842,-0.141825507,-0.1896406127,-0.2212236513,0.2956489687,-0.1471287156,-0.562473918,-0.3385366417,0.3812468188,-0.2245574593,0.2621277357,-0.008120907762,0.05194684681,-0.1983733137,-0.4181467421,0.01387180221,0.3246339281,0.008511946971,0.006647617098,0.006647617098,0.01,0.005,0.145,0.125,0.005877486075
1.37,0.6175947659,-0.1035434608,0.4958172545,-0.06738876667,0.004999979167,0.9999875,0.06495423883,0.9978882437,-0.5,0,1.306663775,1.646415147,-1.190612735,1.202181174,-0.4725509661,0.4836637173,0.4072637228,-1.247017339,1.544984505,1.359216071,1.549304978,-0.5028317516,-0.141686789,-0.1863942734,-0.2220766558,0.2920996388,-0.1459711086,-0.5604765909,-0.3387096177,0.377879644,-0.2250095018,0.2609508077,-0.008052546831,0.05024113209,-0.1988145139,-0.4139193574,0.01594631814,0.3202070144,0.008528515019,0.006645638744,0.006645638744,0.005,0.005,0.15,0.125,0.002920996388
1.38,0.6225297861,-0.1042155805,0.4911687158,-0.06703378987,0,1,0.06495423883,0.9978882437,0,0,1.304443008,1.649336143,-1.192072446,1.196576408,-0.4759380622,0.4874425138,0.4050136278,-1.244407831,1.544903979,1.359718483,1.547316833,-0.5069709452,-0.1415273258,-0.1831922032,-0.3384462538,0,0.3550143078,-0.5583835647,-0.6462273765,0.5398347264,0.1342498532,0.2597217652,-0.007986987664,0.04854596933,-0.1992262299,-0.4095817834,0.01796768401,0.3157062963,0.008545286788,0.006643723488,0.006643723488,0,0.005,0.16,0.13,0
1.39,0.6274177804,-0.1048841092,0.4864122255,-0.06667056955,0,1,0.06495423883,0.9978882437,0,0,1.301058546,1.649336143,-1.188522303,1.190992572,-0.482400336,0.492840861,0.4063561264,-1.241810613,1.54482411,1.360203942,1.545324571,-0.511066763,-0.141347649,-0.1800351403,-0.3384868216,0,0.3558461385,-0.556194357,-0.6459431477,0.5375649777,0.1297014908,0.2584408182,-0.007924171485,0.0468622797,-0.1996079206,-0.4051357371,0.01993513047,0.3111339672,0.008538302759,0.006641857191,0.006641857191,0,0.005,0.16,0.13,0
1.4,0.6322576738,-0.1055489647,0.4815487127,-0.06629917666,0,1,0.06495423883,0.9978882437,0,0,1.297673678,1.649336143,-1.184963841,1.185430629,-0.4888597675,0.4982165108,0.4076531413,-1.239226205,1.544744868,1.360672565,1.543328491,-0.5151181204,-0.1411482977,-0.1769238006,-0.3384376536,0,0.3565578427,-0.5539085505,-0.6455217054,0.5351388728,0.1251199661,0.2571082064,-0.007864035855,0.0451909639,-0.1999590661,-0.4005829811,0.02184796597,0.306492242,0.008531325585,0.006640026053,0.006640026053,0,0.005,0.16,0.13,0
1.41,0.6370484011,-0.1062100657,0.4765791493,-0.06591968542,0,1,0.06495423883,0.9978882437,0,0,1.294289301,1.649336143,-1.181398263,1.179891543,-0.4953149845,0.5035678995,0.4089043409,-1.236655123,1.544666227,1.361124475,1.541328901,-0.5191239502,-0.140929818,-0.1738588782,-0.3383140179,0,0.3572174375,-0.55152576,-0.6450024467,0.5325793522,0.12055846,0.2557242,-0.007806514867,0.0435329011,-0.2002791686,-0.3959253209,0.02370557684,0.3017833552,0.008524357197,0.006638216624,0.006638216624,0,0.005,0.165,0.13,0
1.42,0.6417889067,-0.1068673316,0.4715045505,-0.06553217334,0,1,0.06495423883,0.9978882437,0,0,1.290906161,1.649336143,-1.177826089,1.174376286,-0.501765009,0.5088936931,0.4101099255,-1.234097881,1.544588162,1.361559804,1.539326109,-0.5230832034,-0.1406927623,-0.1708410446,-0.3381021625,0,0.3577684945,-0.5490456193,-0.6443482797,0.5298678234,0.1159813714,0.2542890988,-0.007751539338,0.04188894782,-0.2005677536,-0.391164603,0.0255074272,0.297009557,0.0085173992,0.006636415818,0.006636415818,0,0.005,0.165,0.13,0
1.43,0.6464781455,-0.1075206827,0.4663259741,-0.06513672122,0,1,0.06495423883,0.9978882437,0,0,1.287525139,1.649336143,-1.174248404,1.168885829,-0.5082084918,0.5141923713,0.4112697392,-1.23155499,1.544510647,1.361978693,1.537320432,-0.5269948495,-0.140437688,-0.1678709491,-0.3378013195,0,0.3582101994,-0.546467782,-0.6435562002,0.5270042526,0.1113931412,0.2528032326,-0.007699037017,0.04025993694,-0.2008243702,-0.3863027124,0.02725305869,0.2921731105,0.008510453478,0.00663461092,0.00663461092,0,0.005,0.165,0.13,0
1.44,0.6511150833,-0.1081700399,0.4610445212,-0.06473341313,0,1,0.06495423883,0.9978882437,0,0,1.284147126,1.649336143,-1.170666302,1.163421152,-0.5146440538,0.5194624138,0.4123836707,-1.229026958,1.544433657,1.362381293,1.535312188,-0.5308578766,-0.1401651574,-0.164949218,-0.3374221428,0,0.3585897447,-0.5437919227,-0.6426524987,0.5240052456,0.106831533,0.2512669607,-0.007648932793,0.03864667667,-0.2010485925,-0.3813415705,0.02894209014,0.287276289,0.008503521919,0.006632789595,0.006632789595,0,0.005,0.165,0.13,0
1.45,0.6556986968,-0.1088153251,0.4556613358,-0.06432233643,0,1,0.06495423883,0.9978882437,0,0,1.280772905,1.649336143,-1.167080404,1.157983232,-0.5210705788,0.5247024663,0.413451986,-1.226514288,1.544357167,1.362767759,1.533301702,-0.5346712923,-0.1398757365,-0.1620764551,-0.3369474942,0,0.358836469,-0.5410177379,-0.6415912118,0.520847163,0.1022521232,0.2496806718,-0.007601148915,0.03704994951,-0.2012400202,-0.3762831329,0.03057421704,0.2823213731,0.008496606186,0.006630939901,0.006630939901,0,0.005,0.17,0.13,0
1.46,0.6602279748,-0.109456461,0.4501776049,-0.06390358177,0,1,0.06495423883,0.9978882437,0,0,1.27740343,1.649336143,-1.16349204,1.152573055,-0.5274864909,0.5299109379,0.4144745072,-1.224017482,1.544281156,1.363138259,1.531289302,-0.5384341236,-0.1395699943,-0.1592532413,-0.3363924938,0,0.3590158859,-0.538144947,-0.6404096775,0.5175532077,0.09770526003,0.248044784,-0.007555605208,0.03547051138,-0.2013982791,-0.3711293872,0.03214921091,0.2773106478,0.008489708284,0.006629050294,0.006629050294,0,0.005,0.17,0.13,0
1.47,0.6647019179,-0.1100933714,0.4445945586,-0.06347724307,0,1,0.06495423883,0.9978882437,0,0,1.274039505,1.649336143,-1.159901881,1.147191605,-0.5338905877,0.53508647,0.4154515598,-1.221537034,1.5442056,1.363492964,1.529275319,-0.5421454175,-0.1392485022,-0.1564801349,-0.3357437282,0,0.3590729532,-0.5351732934,-0.6390713745,0.5141051096,0.09315787597,0.2463597444,-0.007512219301,0.03390909063,-0.2015230221,-0.365882351,0.03366691853,0.2722463996,0.008482829898,0.006627109631,0.006627109631,0,0.005,0.17,0.13,0
1.48,0.6691195392,-0.1107259809,0.4389134698,-0.06304341756,0,1,0.06495423883,0.9978882437,0,0,1.270682068,1.649336143,-1.156311151,1.141839873,-0.5402813014,0.5402275211,0.4163831386,-1.219073436,1.544130477,1.363832055,1.527260089,-0.545804241,-0.138911833,-0.1537576709,-0.3350004782,0,0.3590061487,-0.5321025458,-0.6375724786,0.5105030289,0.08861427722,0.2446260288,-0.007470906854,0.03236638716,-0.2016139302,-0.3605440697,0.03512726108,0.2671309145,0.00847597298,0.006625107184,0.006625107184,0,0.005,0.175,0.13,0
1.49,0.6734798648,-0.1113542151,0.4331356547,-0.06260220571,0,1,0.06495423883,0.9978882437,0,0,1.267332063,1.649336143,-1.15272109,1.136518847,-0.5466570262,0.5453325514,0.4172692813,-1.216627176,1.544055768,1.364155719,1.525243949,-0.5494096817,-0.1385605604,-0.1510863617,-0.3341735764,0,0.3588618413,-0.5289324995,-0.6359383729,0.5067641618,0.08411098808,0.242844142,-0.007431581789,0.03084307159,-0.2016707126,-0.3551166147,0.0365302331,0.2619664746,0.008469139485,0.006623032637,0.006623032637,0,0.005,0.175,0.13,0
1.5,0.6777819344,-0.1119780008,0.4272624723,-0.06215371132,0,1,0.06495423883,0.9978882437,0,0,1.263990327,1.649336143,-1.149132471,1.131229522,-0.5530164099,0.550400193,0.4181103912,-1.214198735,1.543981453,1.36446415,1.523227242,-0.5529608478,-0.1381952581,-0.148466697,-0.333246009,0,0.3585699118,-0.5256629778,-0.6341231518,0.5028648331,0.07960576608,0.241014617,-0.007394156522,0.02933978443,-0.2016931078,-0.3496020817,0.03787590144,0.2567553566,0.008462331139,0.006620876093,0.006620876093,0,0.005,0.175,0.13,0
1.51,0.6820248011,-0.1125972655,0.4212953245,-0.06169804145,0,1,0.06495423883,0.9978882437,0,0,1.260657867,1.649336143,-1.145546772,1.125972892,-0.5593576415,0.5554288413,0.4189064489,-1.211788588,1.543907511,1.364757547,1.521210311,-0.5564568687,-0.1378164991,-0.1458991434,-0.3322331584,0,0.3581951276,-0.5222938335,-0.6321633301,0.4988290232,0.07514734836,0.2391380149,-0.007358542194,0.02785713526,-0.2016808843,-0.3440025881,0.03916440402,0.2514998286,0.008455550003,0.006618628078,0.006618628078,0,0.005,0.18,0.13,0
1.52,0.6862075325,-0.113211938,0.4152356565,-0.06123530645,0,1,0.06495423883,0.9978882437,0,0,1.257335535,1.649336143,-1.141964821,1.120749954,-0.5656792748,0.5604171315,0.4196579224,-1.209397208,1.543833926,1.365036119,1.519193502,-0.5598968945,-0.137424855,-0.1433841451,-0.3311217126,0,0.3576826099,-0.5188249502,-0.6300222178,0.494638466,0.07070420647,0.2372149253,-0.007324648905,0.02639570208,-0.2016338409,-0.338320272,0.04039594852,0.2462021487,0.008448797814,0.006616279541,0.006616279541,0,0.005,0.18,0.13,0
1.53,0.6903292107,-0.1138219484,0.4090849563,-0.06076561994,0,1,0.06495423883,0.9978882437,0,0,1.254024318,1.649336143,-1.138387995,1.115561704,-0.5719794969,0.5653635162,0.4203649644,-1.207025059,1.543760679,1.365300076,1.517177164,-0.5632800973,-0.1370208955,-0.1409221236,-0.3299110704,0,0.3570303197,-0.5152562443,-0.6276953795,0.4902935877,0.06628056462,0.2352459651,-0.007292385946,0.02495603053,-0.2015518075,-0.3325572903,0.04157081097,0.240864562,0.008442076572,0.006613821855,0.006613821855,0,0.005,0.18,0.13,0
1.54,0.6943889332,-0.1144272277,0.4028447549,-0.06028909885,0,1,0.06495423883,0.9978882437,0,0,1.250725208,1.649336143,-1.134817692,1.110409142,-0.5782564507,0.5702664521,0.4210277701,-1.204672599,1.543687755,1.365549636,1.515161646,-0.5666056702,-0.1366051874,-0.138513478,-0.3286125059,0,0.3562848622,-0.5115876665,-0.6252081004,0.4858125013,0.06191233302,0.233231779,-0.007261662029,0.02353863326,-0.2014346457,-0.3267158166,0.0426893343,0.2354892995,0.008435388274,0.006611246819,0.006611246819,0,0.005,0.185,0.13,0
1.55,0.6983858128,-0.115027708,0.3965166264,-0.05980586337,0,1,0.06495423883,0.9978882437,0,0,1.247439082,1.649336143,-1.131254843,1.105293265,-0.5845085317,0.5751245771,0.4216468934,-1.202340282,1.543615139,1.365785022,1.513147299,-0.5698728283,-0.1361782941,-0.136158585,-0.3272130049,0,0.3553923426,-0.5078192034,-0.6225241604,0.4811772989,0.05756940368,0.2311730389,-0.007232385513,0.02214398936,-0.2012822492,-0.3207980404,0.04375192674,0.2300785755,0.008428734681,0.006608546654,0.006608546654,0,0.005,0.185,0.13,0
1.56,0.7023189781,-0.115623323,0.3901021879,-0.059316037,0,1,0.06495423883,0.9978882437,0,0,1.244166952,1.649336143,-1.127700919,1.100215073,-0.5907337733,0.5799363501,0.4222225874,-1.200028551,1.543542815,1.366006462,1.511134477,-0.5730808087,-0.1357407748,-0.1338577993,-0.3257120634,0,0.3543504712,-0.5039508798,-0.6196388609,0.4763885895,0.05325591579,0.2290704439,-0.007204464634,0.02077254372,-0.2010945444,-0.314806165,0.04475906021,0.2246345861,0.008422117804,0.006605714005,0.006605714005,0,0.005,0.185,0.135,0
1.57,0.7061875743,-0.1162140072,0.3836030994,-0.05881974649,0,1,0.06495423883,0.9978882437,0,0,1.240909832,1.649336143,-1.124157415,1.095175565,-0.596930162,0.584700236,0.4227551466,-1.197737847,1.54347077,1.366214188,1.509123531,-0.5762288704,-0.1352931842,-0.1316114534,-0.3241210238,0,0.3532051706,-0.4999827604,-0.6165770253,0.4714647127,0.04900679872,0.2269269022,-0.007188331457,0.01941158744,-0.2008714906,-0.3087294478,0.0457045081,0.219149079,0.008415539654,0.006602741935,0.006602741935,0,0.005,0.19,0.135,0
1.58,0.7099907636,-0.1167996968,0.3770210641,-0.05831712189,0,1,0.06495423883,0.9978882437,0,0,1.237668622,1.649336143,-1.120625363,1.090175737,-0.6030959322,0.5894148831,0.4232452146,-1.195468578,1.543398887,1.366408304,1.507114817,-0.5793161649,-0.1348361391,-0.1294199626,-0.3224271155,0,0.3519032278,-0.4959149519,-0.6133027593,0.4663880407,0.04479306393,0.2247365926,-0.007152202252,0.01810098145,-0.200613081,-0.3026091237,0.04660919299,0.2136556369,0.008409002001,0.006599588858,0.006599588858,0,0.005,0.19,0.135,0
1.59,0.7137277249,-0.117380329,0.3703578279,-0.05780829655,0,1,0.06495423883,0.9978882437,0,0,1.23444435,1.649336143,-1.117106331,1.085216587,-0.6092289598,0.5940787635,0.4236931452,-1.193221212,1.543327365,1.366589313,1.505108686,-0.5823422561,-0.1343700472,-0.1272834062,-0.3206299641,0,0.3504422026,-0.4917476052,-0.6098112307,0.4611593974,0.04061875824,0.2225068927,-0.00712778842,0.01680146577,-0.2003193423,-0.296408306,0.04745340031,0.2081248331,0.008402506861,0.006596319207,0.006596319207,0,0.005,0.19,0.135,0
1.6,0.7173976554,-0.1179558425,0.3636151799,-0.05729340709,0,1,0.06495423883,0.9978882437,0,0,1.231238051,1.649336143,-1.113601909,1.080299111,-0.6153270721,0.5986903575,0.4240993328,-1.190996143,1.543256087,1.366757328,1.503105492,-0.5853063391,-0.1338955132,-0.1252021579,-0.3187410553,0,0.3488676426,-0.4874809175,-0.6061270805,0.4557974338,0.03651796461,0.2202364015,-0.007104371972,0.01552656984,-0.1999903358,-0.29014231,0.04824463421,0.20256933,0.008396056246,0.006592891846,0.006592891846,0,0.005,0.195,0.135,0
1.61,0.7209997699,-0.1185261774,0.3567949523,-0.0567725934,0,1,0.06495423883,0.9978882437,0,0,1.22805064,1.649336143,-1.110113232,1.075424302,-0.6213883429,0.6032483318,0.4244645125,-1.188793779,1.543185043,1.366912594,1.501105589,-0.5882077622,-0.1334130669,-0.1231764646,-0.3167478304,0,0.3471268174,-0.4831151346,-0.6022146761,0.4502847517,0.0324625722,0.217925949,-0.007081857977,0.01427656827,-0.1996261571,-0.2838133976,0.04898366181,0.1969912163,0.008389651925,0.006589301456,0.006589301456,0,0.005,0.195,0.135,0
1.62,0.7245333021,-0.1190912751,0.3498990201,-0.05624599867,0,1,0.06495423883,0.9978882437,0,0,1.224883162,1.649336143,-1.106641964,1.070593151,-0.6274104897,0.6077511793,0.4247891382,-1.186614519,1.543114225,1.367055359,1.499109327,-0.5910458962,-0.1329232303,-0.1212065524,-0.3146500793,0,0.3452172488,-0.4786505534,-0.5980692033,0.444622424,0.02845651409,0.2155763917,-0.007060158387,0.013051692,-0.1992269369,-0.2774238306,0.0496712991,0.191392549,0.008383295906,0.006585543135,0.006585543135,0,0.005,0.195,0.135,0
1.63,0.7279975044,-0.1196510786,0.3429293014,-0.05571376939,0,1,0.06495423883,0.9978882437,0,0,1.221736661,1.649336143,-1.103189792,1.065806645,-0.6333911817,0.6121974036,0.4250737033,-1.184458755,1.543043623,1.367185876,1.497117058,-0.5938201345,-0.1324265173,-0.119292627,-0.3124594885,0,0.3431843438,-0.4740875244,-0.5937153712,0.4388294706,0.02453308886,0.2131886117,-0.007039186471,0.01185213529,-0.1987928407,-0.2709758772,0.05030841267,0.1857753577,0.008376990191,0.006581612368,0.006581612368,0,0.005,0.2,0.135,0
1.64,0.7313916487,-0.1202055322,0.3358877574,-0.05517605529,0,1,0.06495423883,0.9978882437,0,0,1.218612066,1.649336143,-1.099757948,1.06106577,-0.6393283354,0.6165856983,0.4253190342,-1.182326869,1.542973231,1.367304398,1.49512913,-0.5965298933,-0.1319234331,-0.1174348734,-0.3101637033,0,0.3409757609,-0.4694264538,-0.5891178253,0.4328887037,0.02066487611,0.2107635166,-0.007018856986,0.01067805554,-0.1983240695,-0.2644718109,0.05089591763,0.1801416443,0.008370736536,0.006577505021,0.006577505021,0,0.005,0.2,0.135,0
1.65,0.7347150268,-0.1207545819,0.328776392,-0.05463300942,0,1,0.06495423883,0.9978882437,0,0,1.215510429,1.649336143,-1.096348191,1.056371506,-0.6452195137,0.6209145853,0.425525683,-1.180219234,1.542903043,1.367411178,1.493145889,-0.5991746114,-0.131414474,-0.1156334569,-0.3077627157,0,0.3385891106,-0.4646678066,-0.5842719459,0.4268014814,0.01685566091,0.2083020384,-0.006999086353,0.009529573287,-0.1978208596,-0.2579139102,0.05143477561,0.1744933824,0.00836453693,0.006573217333,0.006573217333,0,0.005,0.2,0.135,0
1.66,0.7379669506,-0.1212981751,0.3215972525,-0.0540847881,0,1,0.06495423883,0.9978882437,0,0,1.212432802,1.649336143,-1.0929623,1.051724827,-0.6510622331,0.6251826001,0.4256942396,-1.178136214,1.542833052,1.367506474,1.49116768,-0.6017537505,-0.1309001262,-0.1138885231,-0.305268452,0,0.3360698222,-0.4598121091,-0.579202732,0.420587221,0.01313795159,0.2058051343,-0.006979792817,0.008406772078,-0.1972834828,-0.251304458,0.05192599263,0.1688325163,0.008358393352,0.006568745906,0.006568745906,0,0.005,0.205,0.135,0
1.67,0.7411467529,-0.1218362609,0.3143524288,-0.05353155095,0,1,0.06495423883,0.9978882437,0,0,1.209380117,1.649336143,-1.089601601,1.047126706,-0.6568542604,0.6293884723,0.4258256191,-1.176078162,1.542763254,1.367590542,1.489194845,-0.6042667951,-0.1303808663,-0.1122001979,-0.3026687782,0,0.3333659547,-0.4548599514,-0.5738752048,0.4142289586,0.009484880777,0.2032737859,-0.006960896601,0.007309698567,-0.1967122465,-0.2446457407,0.05237061705,0.1631609612,0.008352307531,0.006564087698,0.006564087698,0,0.005,0.205,0.135,0
1.68,0.7442537874,-0.12236879,0.3070440542,-0.05297346084,0,1,0.06495423883,0.9978882437,0,0,1.20635343,1.649336143,-1.086267942,1.042578107,-0.6625930125,0.6335307619,0.4259204679,-1.174045425,1.542693645,1.367663639,1.487227723,-0.6067132525,-0.1298571601,-0.1105685883,-0.2999639285,0,0.3304753502,-0.4498119904,-0.5682851422,0.4077283757,0.005900039681,0.2007089989,-0.006942320053,0.006238362582,-0.1961074938,-0.2379400483,0.05276973742,0.1574806026,0.008346281426,0.006559240012,0.006559240012,0,0.005,0.21,0.135,0
1.69,0.7472874294,-0.1228957145,0.2996743047,-0.05241068396,0,1,0.06495423883,0.9978882437,0,0,1.20335379,1.649336143,-1.082963188,1.038079987,-0.6682758639,0.6376080457,0.4259794683,-1.172038335,1.542624222,1.367726022,1.485266648,-0.609092653,-0.1293294627,-0.1089937823,-0.297166089,0,0.3274435498,-0.4446689528,-0.5624580223,0.4011052845,0.002415076291,0.1981139377,-0.006934352252,0.005179542272,-0.1954696032,-0.2311766956,0.05311750042,0.1517832561,0.008340316978,0.006554200483,0.006554200483,0,0.005,0.21,0.135,0
1.7,0.7502470763,-0.1234169886,0.2922453995,-0.05184338977,0,1,0.06495423883,0.9978882437,0,0,1.20038213,1.649336143,-1.079688753,1.033633297,-0.6739004441,0.6416190985,0.4260036191,-1.170057195,1.542554878,1.367777818,1.483311952,-0.6114044199,-0.1287982877,-0.1074759497,-0.2942633874,0,0.3242191318,-0.4394316375,-0.5563594228,0.3943429925,-0.0009964136679,0.1954832044,-0.006905594704,0.004173032288,-0.1947989889,-0.2243971869,0.05343614328,0.1461011091,0.008334415876,0.006548932582,0.006548932582,0,0.005,0.21,0.135,0
1.71,0.7531321477,-0.1239325678,0.2847596007,-0.051271751,0,1,0.06495423883,0.9978882437,0,0,1.197439496,1.649336143,-1.076446561,1.029238981,-0.6794640384,0.6455625285,0.4259936549,-1.168102363,1.542485822,1.367819548,1.481363962,-0.6136483918,-0.1282639263,-0.1060149387,-0.2912563438,0,0.3208003293,-0.4341009187,-0.5499857466,0.387443545,-0.004331088702,0.192824373,-0.006887519078,0.003178622922,-0.1940961004,-0.2175643602,0.05370566566,0.1404053693,0.008328580033,0.006543504347,0.006543504347,0,0.005,0.215,0.135,0
1.72,0.7559420863,-0.1244424097,0.2772192134,-0.05069594369,0,1,0.06495423883,0.9978882437,0,0,1.194526932,1.649336143,-1.073238558,1.024897972,-0.6849638958,0.6494369639,0.425950344,-1.166174119,1.542416947,1.367851334,1.479423001,-0.6158240354,-0.1277268696,-0.104610885,-0.2881574026,0,0.3172328073,-0.4286777493,-0.5433631044,0.3804271134,-0.007558291556,0.1901363661,-0.006869484417,0.002209615854,-0.1933614225,-0.2106937383,0.05393439291,0.1347080631,0.008322811339,0.006537879137,0.006537879137,0,0.005,0.215,0.135,0
1.73,0.7586763579,-0.1249464734,0.2696265857,-0.05011614714,0,1,0.06495423883,0.9978882437,0,0,1.191645358,1.649336143,-1.07006623,1.020611194,-0.6903975269,0.653241235,0.4258747611,-1.164272756,1.542348252,1.36787343,1.477489387,-0.6179309728,-0.1271875257,-0.1032638043,-0.2849550199,0,0.3134658916,-0.423163163,-0.5364578934,0.37327736,-0.0107040067,0.1874203057,-0.006851417389,0.001265850682,-0.1925954751,-0.203787636,0.05412358856,0.1290109363,0.008317111427,0.006532055794,0.006532055794,0,0.005,0.22,0.135,0
1.74,0.7613344519,-0.12544472,0.2619841088,-0.04953254395,0,1,0.06495423883,0.9978882437,0,0,1.188795808,1.649336143,-1.066931571,1.016379563,-0.6957621058,0.6569740086,0.4257677211,-1.162398553,1.542279738,1.367886089,1.475563432,-0.6199688492,-0.1266462898,-0.101973695,-0.2816500468,0,0.3094983809,-0.4175582779,-0.5292673904,0.3659967356,-0.01376520625,0.1846773384,-0.006833255591,0.000347121669,-0.1917988129,-0.196848361,0.05427453831,0.1233156979,0.008311482149,0.006526033469,0.006526033469,0,0.005,0.22,0.14,0
1.75,0.763915882,-0.1259371122,0.2542942168,-0.04894532,0,1,0.06495423883,0.9978882437,0,0,1.185979308,1.649336143,-1.063836587,1.01220398,-0.7010547797,0.660633976,0.425630069,-1.160551779,1.542211405,1.36788956,1.473645444,-0.6219373328,-0.1261035444,-0.100740538,-0.278255162,0,0.3053759941,-0.4118642996,-0.5218184486,0.358605699,-0.01671240912,0.1821541252,-0.008007559481,-0.002081018823,-0.1909720373,-0.1883721965,0.05357118002,0.1164793027,0.008305925328,0.006519811579,0.006519811579,0,0.005,0.22,0.14,0
1.76,0.7664201864,-0.1264236149,0.2465593869,-0.04835466445,0,1,0.06495423883,0.9978882437,0,0,1.183196756,1.649336143,-1.060782827,1.008085337,-0.7062729642,0.664220033,0.4254629449,-1.158730238,1.54213133,1.36786875,1.471735724,-0.6238210547,-0.1255678326,-0.09957574496,-0.2747592422,0,0.3010491425,-0.4060825236,-0.5140786282,0.3510883883,-0.01957117689,0.1794659076,-0.008498919052,-0.003612779793,-0.1901157524,-0.1807244819,0.05329510365,0.1103072381,0.008300442527,0.006509423742,0.006509423742,0,0.005,0.225,0.14,0
1.77,0.7688469283,-0.1269041947,0.2387821392,-0.04776076974,0,1,0.06495423883,0.9978882437,0,0,1.180449163,1.649336143,-1.057772336,1.004024512,-0.7114137505,0.6677309169,0.4252672331,-1.156935579,1.542046341,1.367832622,1.469834566,-0.6256282995,-0.1250348816,-0.09847267258,-0.2711635153,0,0.2965173759,-0.4002143385,-0.5060463443,0.3434477012,-0.02233886457,0.1766441341,-0.008454285914,-0.004432159761,-0.1892306173,-0.1737262258,0.05335146231,0.1046566212,0.008295035519,0.006497141637,0.006497141637,0,0.005,0.225,0.14,0
1.78,0.7711956963,-0.1273788202,0.2309650369,-0.04716383161,0,1,0.06495423883,0.9978882437,0,0,1.177737528,1.649336143,-1.054807162,1.000022368,-0.7164742139,0.6711653939,0.4250438445,-1.155169138,1.541961798,1.367788301,1.46794226,-0.6273655618,-0.124501367,-0.09742610637,-0.2674808463,0,0.2918263127,-0.3942612293,-0.4977492514,0.3357042757,-0.02498740031,0.1738021443,-0.008418275187,-0.005239033185,-0.188317328,-0.1666928586,0.05336925292,0.09900557115,0.008289706041,0.006484747215,0.006484747215,0,0.005,0.23,0.14,0
1.79,0.7734661049,-0.1278474619,0.223110686,-0.04656404907,0,1,0.06495423883,0.9978882437,0,0,1.17506272,1.649336143,-1.051888899,0.996079756,-0.7214517064,0.6745224366,0.4247939705,-1.153431116,1.541877615,1.36773591,1.466059087,-0.6290324904,-0.1239676745,-0.09643605066,-0.2637006492,0,0.2869278929,-0.3882247797,-0.4891564904,0.3278428827,-0.02754187366,0.1709391079,-0.008380710714,-0.006020728564,-0.1873766079,-0.1596395085,0.05335681107,0.0933653823,0.008284455571,0.006472211132,0.006472211132,0,0.005,0.23,0.14,0
1.8,0.7756577947,-0.1283100923,0.2152217359,-0.04596162442,0,1,0.06495423883,0.9978882437,0,0,1.172425713,1.649336143,-1.04901962,0.9921975082,-0.7263432713,0.6778008655,0.4245185518,-1.151721725,1.541793808,1.367675703,1.464185321,-0.6306288855,-0.1234341063,-0.09550239684,-0.2598245728,0,0.2818226081,-0.3821066754,-0.4802678853,0.3198669071,-0.03000009392,0.1680563183,-0.008341633689,-0.006777746126,-0.1864092133,-0.1525684102,0.05331548585,0.08773752252,0.008279285784,0.006459537929,0.006459537929,0,0.005,0.23,0.14,0
1.81,0.7777704332,-0.1287666862,0.2073008785,-0.04535676324,0,1,0.06495423883,0.9978882437,0,0,1.169827468,1.649336143,-1.046201394,0.9883764415,-0.7311459502,0.6809995345,0.4242185508,-1.150041162,1.541710392,1.367607926,1.462321228,-0.6321545696,-0.1229009515,-0.09462502161,-0.2558655964,0,0.2765557363,-0.3759087067,-0.4711118911,0.3117970211,-0.03233566878,0.1651570991,-0.008310830001,-0.007523278323,-0.1854159319,-0.1454693978,0.05323987063,0.08211415699,0.008274198315,0.006446732057,0.006446732057,0,0.005,0.235,0.14,0
1.82,0.779803715,-0.1292172202,0.1993508492,-0.0447496744,0,1,0.06495423883,0.9978882437,0,0,1.167268812,1.649336143,-1.043435837,0.9846173544,-0.7358570691,0.6841175047,0.4238951941,-1.148389591,1.541627283,1.367532693,1.460467069,-0.6336092636,-0.1223685528,-0.09380388004,-0.2518100204,0,0.271066233,-0.3696327711,-0.4616501741,0.3036130175,-0.03458133408,0.1622366747,-0.008258705521,-0.008219381516,-0.184397583,-0.1383824514,0.05315191711,0.07652496334,0.008269194536,0.006433765498,0.006433765498,0,0.005,0.4499999881,0.14,0
1.83,0.7817573622,-0.129661673,0.1913744261,-0.04414057004,0,1,0.06495423883,0.9978882437,0,0,1.164750711,1.649336143,-1.040725174,0.9809210267,-0.7404735709,0.6871536349,0.4235493808,-1.146767224,1.541544696,1.367450499,1.458623093,-0.6349930881,-0.1218370336,-0.09303863041,-0.2476751085,0,0.2654159228,-0.3632808764,-0.4519223752,0.2953420104,-0.03670257751,0.1593026024,-0.008215391182,-0.008905698873,-0.1833550166,-0.1312715511,0.0530321337,0.07094266963,0.008264276081,0.006420708607,0.006420708607,0,0.005,0.235,0.14,0
1.84,0.783631125,-0.1301000256,0.1833744303,-0.0435296656,0,1,0.06495423883,0.9978882437,0,0,1.16227396,1.649336143,-1.038071015,0.977288218,-0.7449927946,0.690107055,0.423182355,-1.145174198,1.541462542,1.367361442,1.456789543,-0.6363058036,-0.1213067123,-0.09232920371,-0.2434473453,0,0.259544091,-0.3568551425,-0.4418909134,0.2869639195,-0.03873234881,0.1563541682,-0.008170797369,-0.009569687878,-0.1822891124,-0.1241518585,0.05288893917,0.06537834132,0.008259444239,0.006407531664,0.006407531664,0,0.005,0.24,0.14,0
1.85,0.7854247818,-0.130532261,0.1753537261,-0.0429171798,0,1,0.06495423883,0.9978882437,0,0,1.159839487,1.649336143,-1.035475574,0.9737196665,-0.7494117037,0.6929766942,0.4227950315,-1.143610657,1.541380834,1.367265745,1.454966652,-0.6375473222,-0.1207778229,-0.0916754203,-0.2391443324,0,0.2535134213,-0.3503578044,-0.4315968241,0.2785062591,-0.04063689353,0.1533946989,-0.008134322725,-0.01022421731,-0.1812007796,-0.1170136801,0.05271718868,0.05982448701,0.008254700556,0.006394238518,0.006394238518,0,0.005,0.24,0.14,0
1.86,0.7871381402,-0.1309583647,0.1673152205,-0.04230333464,0,1,0.06495423883,0.9978882437,0,0,1.157448044,1.649336143,-1.03294044,0.9702160885,-0.753727672,0.6957617568,0.4223886626,-1.14207671,1.541299491,1.367163503,1.453154644,-0.638717459,-0.120250651,-0.09107717543,-0.2347528634,0,0.2472640294,-0.3437912143,-0.4210036477,0.2699492607,-0.04244917727,0.1504196939,-0.00807737864,-0.01083249087,-0.1800909557,-0.1098959727,0.05253831026,0.05430966211,0.008250046231,0.006380801855,0.006380801855,0,0.005,0.24,0.14,0
1.87,0.7887710367,-0.131378324,0.1592618639,-0.0416883554,0,1,0.06495423883,0.9978882437,0,0,1.155100515,1.649336143,-1.0304678,0.9667781763,-0.7579377085,0.6984612494,0.4219641708,-1.140572513,1.541218717,1.367055178,1.451353735,-0.6398164187,-0.1197252679,-0.09053407881,-0.2302907668,0,0.240859052,-0.3371578437,-0.4101536097,0.2613206567,-0.04413646968,0.1474386314,-0.008038955571,-0.01144614046,-0.1789606061,-0.1027511712,0.05232646535,0.04879826916,0.008245482712,0.006367289334,0.006367289334,0,0.005,0.245,0.14,0
1.88,0.7903233379,-0.1317921287,0.1511966494,-0.04107247066,0,1,0.06495423883,0.9978882437,0,0,1.152797607,1.649336143,-1.028059209,0.9634065979,-0.7620392446,0.701074456,0.4215228061,-1.139098126,1.541138328,1.366940717,1.449564129,-0.6408439304,-0.1192020032,-0.09004609612,-0.2257452818,0,0.2342399831,-0.3304602852,-0.3990117676,0.2526011945,-0.04573152948,0.1444447405,-0.007979320196,-0.01201371831,-0.1778107229,-0.09563262653,0.05211093544,0.04332938267,0.008241011098,0.006353639191,0.006353639191,0,0.005,0.245,0.14,0
1.89,0.7917949403,-0.1321997711,0.1431226132,-0.04045591227,0,1,0.06495423883,0.9978882437,0,0,1.150540155,1.649336143,-1.025716809,0.960101995,-0.7660293622,0.7036004679,0.4210654908,-1.137653679,1.541058535,1.366820579,1.447786021,-0.6418002567,-0.1186808939,-0.08961280229,-0.2211305361,0,0.2274548603,-0.323701255,-0.3876116005,0.2438127864,-0.04721083755,0.1414478463,-0.007938918582,-0.01258897158,-0.1766423242,-0.08849079826,0.05186478367,0.03786607076,0.008236632731,0.006339921617,0.006339921617,0,0.005,0.25,0.14,0
1.9,0.793185771,-0.1326012455,0.1350428345,-0.03983891536,0,1,0.06495423883,0.9978882437,0,0,1.148328849,1.649336143,-1.023442261,0.9568649825,-0.7699054782,0.7060385958,0.4205933824,-1.1362392,1.540979145,1.36669469,1.446019598,-0.6426851647,-0.118162246,-0.08923414158,-0.2164495669,0,0.2205075125,-0.3168835936,-0.3759588425,0.2349602607,-0.04857505519,0.1384410135,-0.007877094233,-0.01311910069,-0.1754564533,-0.08138040296,0.05161801424,0.0324482121,0.008232348677,0.006326072592,0.006326072592,0,0.005,0.25,0.145,0
1.91,0.7944957882,-0.1329965488,0.1269604354,-0.03922171835,0,1,0.06495423883,0.9978882437,0,0,1.146164353,1.649336143,-1.021237186,0.9536961466,-0.7736650667,0.7083881984,0.4201076319,-1.13485479,1.540900374,1.366563499,1.444265034,-0.6434989687,-0.1176460659,-0.08890965946,-0.2116937876,0,0.2133554349,-0.3100102679,-0.3640298046,0.2260305101,-0.04984935451,0.1354341664,-0.007834549732,-0.01365839379,-0.1742541773,-0.07425146428,0.05134343411,0.0270386775,0.008228159937,0.006312163072,0.006312163072,0,0.005,0.25,0.145,0
1.92,0.7957249815,-0.13338568,0.1188785813,-0.03860456296,0,1,0.06495423883,0.9978882437,0,0,1.144047416,1.649336143,-1.019103631,0.9505960439,-0.7773053647,0.7106485035,0.4196091383,-1.133500449,1.540822029,1.366426915,1.442522492,-0.6442414833,-0.1171326316,-0.08863927268,-0.2068779089,0,0.2060484419,-0.3030843723,-0.3518605229,0.2170461183,-0.05101113134,0.1324205058,-0.007771168689,-0.01415461781,-0.1730365869,-0.06715818802,0.05107072552,0.0216767789,0.008224067679,0.006298128997,0.006298128997,0,0.005,0.255,0.145,0
1.93,0.7968733724,-0.133768641,0.1108004803,-0.03798769416,0,1,0.06495423883,0.9978882437,0,0,1.141978637,1.649336143,-1.017043147,0.9475652002,-0.7808239699,0.7128189647,0.419099027,-1.132176244,1.540744317,1.366285369,1.440792126,-0.6449130652,-0.1166219243,-0.0884225049,-0.2020053005,0,0.1985911734,-0.2961091297,-0.3394585244,0.2080121814,-0.05206207846,0.1294096912,-0.00772615674,-0.01466027889,-0.1718047945,-0.06005243052,0.05077367875,0.01632684615,0.008220072785,0.006284039451,0.006284039451,0,0.005,0.255,0.145,0
1.94,0.7979410145,-0.1341454357,0.1027293837,-0.03737136025,0,1,0.06495423883,0.9978882437,0,0,1.139958584,1.649336143,-1.015057235,0.9446041089,-0.7842185552,0.7148990865,0.4185784063,-1.130882147,1.540667056,1.366138766,1.439074078,-0.6455135895,-0.1161141875,-0.08825923643,-0.197068085,0,0.1909434119,-0.289087892,-0.3268027128,0.1989164271,-0.05302728059,0.1263972642,-0.007670559007,-0.01513780501,-0.1705599338,-0.05297411969,0.05047413118,0.0110176167,0.00821617607,0.006269833512,0.006269833512,0,0.005,0.255,0.145,0
1.95,0.7989279944,-0.1345160708,0.09466858561,-0.03675581276,0,1,0.06495423883,0.9978882437,0,0,1.137987903,1.649336143,-1.013147801,0.9417132299,-0.7874865823,0.7168882508,0.4180481334,-1.129618174,1.54059035,1.365987388,1.437368479,-0.6460433307,-0.1156094462,-0.08814906027,-0.1920812464,0,0.1831556165,-0.2820241414,-0.3139309859,0.1897816306,-0.05388564775,0.1233887394,-0.007623404113,-0.0156131385,-0.1693031584,-0.04590115171,0.05016005649,0.005732509836,0.008212378502,0.006255546355,0.006255546355,0,0.005,0.26,0.145,0
1.96,0.7998344317,-0.1348805554,0.08662142331,-0.03614130654,0,1,0.06495423883,0.9978882437,0,0,1.13606709,1.649336143,-1.011316245,0.9388929885,-0.7906258922,0.7187860671,0.417509277,-1.128384287,1.540514116,1.365831256,1.435675447,-0.6465023422,-0.1151078456,-0.08809173517,-0.1870448623,0,0.17521889,-0.2749214897,-0.3008433497,0.1806075847,-0.05464716427,0.1203794057,-0.00755444259,-0.01604678942,-0.1680356408,-0.03887536559,0.04985424152,0.0005014519845,0.008208680759,0.006241150103,0.006241150103,0,0,0.26,0.145,0
1.97,0.8006604796,-0.1352389013,0.07859127703,-0.03552809971,0,1,0.06495423883,0.9978882437,0,0,1.134196642,1.649336143,-1.009564056,0.9361437736,-0.7936343257,0.7205921429,0.4169628053,-1.127180493,1.540438572,1.365670788,1.433995091,-0.6468910959,-0.1146093032,-0.08808672065,-0.1819629017,0,0.1671396647,-0.2677836791,-0.287550126,0.1713999846,-0.0553143886,0.1173788217,-0.007501973774,-0.01649040517,-0.1667585714,-0.03184962888,0.04953098984,-0.004710288565,0.00820508352,0.006226717221,0.006226717221,0,0,0.26,0.145,0
1.98,0.8014063253,-0.1355911226,0.07058157,-0.03491645369,0,1,0.06495423883,0.9978882437,0,0,1.132377013,1.649336143,-1.007892659,0.9334659368,-0.7965098269,0.7223061428,0.4164096614,-1.126006704,1.540363552,1.365505884,1.432327505,-0.6472095922,-0.1141139933,-0.08813382353,-0.1768394848,0,0.1589248528,-0.2606145819,-0.2740623648,0.1621646815,-0.05589010798,0.1143869896,-0.007458230569,-0.01693448287,-0.165473157,-0.02483657076,0.04919714945,-0.009893966574,0.008201587391,0.006212193259,0.006212193259,0,0,0.265,0.145,0
1.99,0.8020721906,-0.1359372364,0.06259576846,-0.03430663317,0,1,0.06495423883,0.9978882437,0,0,1.130608618,1.649336143,-1.006303411,0.930859791,-0.7992504506,0.7239277896,0.4158507604,-1.124862834,1.54028897,1.36533654,1.430672773,-0.6474579579,-0.1136220218,-0.0882327632,-0.1716788767,0,0.1505818323,-0.2534181995,-0.2603918273,0.1529076767,-0.05637733551,0.1113759208,-0.007281272991,-0.01718988547,-0.1641806202,-0.01802412972,0.04895461484,-0.01491439258,0.008198192898,0.006197549601,0.006197549601,0,0,0.4499999881,0.145,0
2,0.8026583321,-0.1362772623,0.05463738164,-0.03369890612,0,1,0.06495423883,0.9978882437,0,0,1.128891829,1.649336143,-1.004797592,0.928325609,-0.8018543688,0.7254568664,0.415286987,-1.123749075,1.540216157,1.365164641,1.429030967,-0.6476381992,-0.1131324757,-0.08838190713,-0.1664854833,0,0.1421184413,-0.2461986622,-0.246550973,0.1436351176,-0.05677930104,0.107897175,-0.00481645969,-0.01436846699,-0.1628821971,-0.01423333906,0.05033139724,-0.01773984299,0.008194900491,0.006183227954,0.006183227954,0,0,0.265,0.145,0
2.01,0.8031650415,-0.1366112224,0.0467099618,-0.03309354381,0,1,0.06495423883,0.9978882437,0,0,1.127226974,1.649336143,-1.003376408,0.9258636224,-0.8043198786,0.7268932175,0.414719194,-1.122670104,1.540167992,1.365020956,1.427402145,-0.6477805326,-0.1126291617,-0.08855930556,-0.1612638465,0,0.1335429692,-0.2389602278,-0.2325529421,0.1343532937,-0.05709944065,0.1044333812,-0.002371851457,-0.0115505069,-0.1615791379,-0.01046080291,0.05169413373,-0.02054423767,0.008191710538,0.00617680686,0.00617680686,0,0,0.27,0.145,0
2.02,0.8035926465,-0.1369391419,0.03881710419,-0.03249082077,0,1,0.06495423883,0.9978882437,0,0,1.125614336,1.649336143,-1.002040978,0.9234740201,-0.806645408,0.7282367505,0.4141481996,-1.12162577,1.540144274,1.364905451,1.425786354,-0.6478851406,-0.1121122204,-0.08876474793,-0.1560150539,0,0.1248498193,-0.2317072804,-0.2184021316,0.1250631148,-0.05734844686,0.1009868592,5.0358072e-05,-0.008740106727,-0.1602727037,-0.006706003035,0.05304181901,-0.02332766837,0.008188623325,0.006173893449,0.006173893449,0,0,0.4499999881,0.145,0
2.03,0.8039415109,-0.1372610486,0.03096244705,-0.03189101484,0,1,0.06495423883,0.9978882437,0,0,1.124054185,1.649336143,-1.00079248,0.9211569473,-0.8088294293,0.7294873816,0.4135747151,-1.120615901,1.540144777,1.36481805,1.424183627,-0.6479522006,-0.1115818022,-0.08899802462,-0.1507547815,0,0.1160916112,-0.2244443289,-0.2041414909,0.1157878828,-0.0575086824,0.09755959377,0.002449632765,-0.005939150079,-0.1589641667,-0.002970615669,0.05437461716,-0.02608865779,0.008185639121,0.006177845293,0.006177845293,0,0,0.27,0.145,0
2.04,0.804212035,-0.1375769729,0.02314967164,-0.03129440713,0,1,0.06495423883,0.9978882437,0,0,1.122546637,1.649336143,-0.9996315641,0.918912504,-0.8108708442,0.7306452604,0.4129996283,-1.119640305,1.540169274,1.364758658,1.422593985,-0.6479819068,-0.111038056,-0.08925891119,-0.1454733981,0,0.1072197813,-0.2171760048,-0.1897479103,0.1065118973,-0.05761278399,0.09415358023,0.004825427988,-0.003149525811,-0.1576548082,0.0007436589866,0.05569268109,-0.02882572872,0.008182757902,0.006189746487,0.006189746487,0,0,0.275,0.145,0
2.05,0.8044046563,-0.1378869483,0.01538250223,-0.03070128204,0,1,0.06495423883,0.9978882437,0,0,1.121091903,1.649336143,-0.9985593663,0.916740744,-0.8127683233,0.7317103794,0.4124235005,-1.118698769,1.540217528,1.364727163,1.421017437,-0.6479744702,-0.1104811292,-0.08954716848,-0.1401905012,0,0.09830258361,-0.2099070601,-0.175275331,0.09726439556,-0.05763625974,0.09077082438,0.00717718812,-0.0003731285012,-0.1563459175,0.004435098,0.05699615013,-0.03153740538,0.008179979833,0.006209517174,0.006209517174,0,0,0.275,0.145,0
2.06,0.8045198497,-0.1381910111,0.007664706089,-0.03011192724,0,1,0.06495423883,0.9978882437,0,0,1.119689998,1.649336143,-0.9975763404,0.9146416734,-0.8145210766,0.7326830234,0.4118471379,-1.117791061,1.5402893,1.364723432,1.419453978,-0.6479301192,-0.1099111677,-0.08986254254,-0.1348967543,0,0.08929243447,-0.2026423651,-0.1607017887,0.08803003032,-0.05761171632,0.08741334153,0.009504345107,0.002388142456,-0.1550387908,0.008101955585,0.05828514833,-0.03422221375,0.008177304712,0.006237076019,0.006237076019,0,0,0.275,0.145,0
2.07,0.8045581277,-0.1384892004,9.347638538e-08,-0.0295266337,0,1,0.06495423883,0.9978882437,0,0,1.118341031,1.649336143,-0.9966834161,0.9126152497,-0.8161280945,0.7335633237,0.4112710207,-1.116916928,1.540384343,1.364747313,1.41790359,-0.6478490997,-0.1093283162,-0.09020476467,-0.1296081973,0,0.08024334913,-0.1953869054,-0.1460724954,0.07883248352,-0.05752237101,0.08408315574,0.01180631702,0.005132383753,-0.1537347299,0.01174246298,0.05955978285,-0.03687868187,0.008174732523,0.006272340158,0.006272340158,0,0.005,0.275,0.145,0
2.08,0.8045200417,-0.1387815583,-0.007607482329,-0.02894569566,0,1,0.06495423883,0.9978882437,0,0,1.117044949,1.649336143,-0.9958809826,0.9106613807,-0.8175888195,0.7343516485,0.410695797,-1.116076096,1.540502406,1.364798637,1.416366243,-0.647731675,-0.1087327184,-0.09057355149,-0.1243265967,0,0.07115216194,-0.188145779,-0.1313952552,0.06967343059,-0.05737964971,0.08078229902,0.01408250661,0.007857689069,-0.1524350407,0.01535482835,0.06082014225,-0.03950534018,0.008172262949,0.006315225144,0.006315225144,0,0.005,0.28,0.145,0
2.09,0.8044061812,-0.1390681298,-0.01515412505,-0.02836941067,0,1,0.06495423883,0.9978882437,0,0,1.115801683,1.649336143,-0.995169461,0.9087799229,-0.818902772,0.7350483828,0.4101220005,-1.115268273,1.540643232,1.364877214,1.414841892,-0.6475781267,-0.108124517,-0.09096860489,-0.1190538443,0,0.06201612083,-0.180924193,-0.1166783049,0.06055471015,-0.05719489274,0.0775128106,0.01633229993,0.01056214997,-0.1511410322,0.01893723663,0.06206629492,-0.04210072186,0.008169895649,0.00636564489,0.00636564489,0,0.005,0.28,0.145,0
2.1,0.8042171754,-0.139348963,-0.0226358954,-0.02779807953,0,1,0.06495423883,0.9978882437,0,0,1.114611144,1.649336143,-0.9945492998,0.906970681,-0.8200695551,0.7356539299,0.4095500516,-1.114493145,1.540806555,1.364982836,1.413330482,-0.6473887544,-0.107503854,-0.09138961211,-0.1138025374,0,0.05287556007,-0.1737274603,-0.1019586192,0.05149463288,-0.05695885758,0.07427673609,0.01855506488,0.01324385677,-0.1498540151,0.02248784945,0.06329828743,-0.0446633631,0.008167630254,0.006423511601,0.006423511601,0,0.005,0.28,0.145,0
2.11,0.8039536928,-0.1396241089,-0.0300488111,-0.02723200634,0,1,0.06495423883,0.9978882437,0,0,1.113473119,1.649336143,-0.9940205442,0.9052334064,-0.8210891413,0.7361688762,0.408980463,-1.113750378,1.540992105,1.365115274,1.411831942,-0.6471638759,-0.1068708711,-0.09183624574,-0.1085748685,0,0.04372899916,-0.1665609956,-0.08724567284,0.04249547119,-0.05668266835,0.07107612673,0.02075014986,0.01590089945,-0.1485753005,0.02600480503,0.06451614303,-0.0471918035,0.008165466163,0.006488735706,0.006488735706,0,0.005,0.28,0.145,0
2.12,0.8036164421,-0.1398936217,-0.03738884686,-0.02667149849,0,1,0.06495423883,0.9978882437,0,0,1.11238737,1.649336143,-0.9935832542,0.9035677964,-0.821961598,0.736593831,0.4084136363,-1.113039616,1.541199607,1.365274283,1.410346189,-0.6469038278,-0.1062257097,-0.09230816378,-0.1033764883,0,0.0345888807,-0.1594303118,-0.07255828929,0.03356481886,-0.05637083129,0.06791303862,0.02291688239,0.01853136848,-0.147306199,0.02948621805,0.06571986004,-0.04968458636,0.008163402743,0.00656122578,0.00656122578,0,0.005,0.28,0.145,0
2.13,0.8032061724,-0.1401575585,-0.04465193437,-0.02611686665,0,1,0.06495423883,0.9978882437,0,0,1.111353605,1.649336143,-0.9932373654,0.9019734933,-0.8226871809,0.7369294791,0.407849928,-1.112360486,1.541428775,1.365459597,1.408873127,-0.6466089657,-0.1055685111,-0.09280500964,-0.09820653223,0,0.02544129324,-0.1523410156,-0.05789785051,0.02470022912,-0.05604049425,0.06478953196,0.02505456781,0.02113335573,-0.1460480188,0.03293017955,0.0669094104,-0.05214025903,0.008161439262,0.006640888467,0.006640888467,0,0.005,0.28,0.145,0
2.14,0.8027236736,-0.1404159797,-0.05183396235,-0.02556842477,0,1,0.06495423883,0.9978882437,0,0,1.11037154,1.649336143,-0.9929829524,0.9004500831,-0.8232661594,0.7371764814,0.407289523,-1.111712591,1.541679321,1.36567093,1.407412647,-0.6462796639,-0.104899417,-0.09332641223,-0.09308243661,0,0.01634641708,-0.1452988035,-0.04331513175,0.01592747168,-0.05567349315,0.06170767024,0.02716248791,0.02370495527,-0.1448020654,0.03633475686,0.06808473818,-0.05455737328,0.008159575015,0.006727628392,0.006727628392,0,0.005,0.285,0.145,0
2.15,0.8021697772,-0.1406689487,-0.05893077649,-0.02502649007,0,1,0.06495423883,0.9978882437,0,0,1.109440716,1.649336143,-0.9928194883,0.8989970951,-0.8236993107,0.7373357562,0.4067327881,-1.111095514,1.541950946,1.36590798,1.405964626,-0.6459163163,-0.1042185696,-0.09387198596,-0.08800070874,0,0.007279810925,-0.1383094569,-0.02880464756,0.00724007631,-0.05529206894,0.05866951953,0.02923989974,0.02624426422,-0.1435696396,0.03969799348,0.06924575819,-0.05693448563,0.008157808973,0.006821348069,0.006821348069,0,0.005,0.285,0.145,0
2.16,0.8015453561,-0.1409165322,-0.06593817949,-0.02449138309,0,1,0.06495423883,0.9978882437,0,0,1.108560709,1.649336143,-0.9927466902,0.8976140005,-0.8239873572,0.7374081569,0.4061798674,-1.110508819,1.542243345,1.366170423,1.40452893,-0.6455193364,-0.103526112,-0.09444133082,-0.08297161503,0,-0.001727191078,-0.1313788381,-0.01439807397,-0.00134719441,-0.05489184106,0.0556771477,0.03128603431,0.02874938359,-0.1423520367,0.04301790899,0.07039235457,-0.05927015771,0.008156140184,0.00692194781,0.00692194781,0,0.005,0.285,0.145,0
2.17,0.8008513257,-0.1411588002,-0.07285193102,-0.02396342763,0,1,0.06495423883,0.9978882437,0,0,1.107730992,1.649336143,-0.9927639621,0.8963002121,-0.8241313379,0.737394685,0.405630949,-1.109952047,1.542556205,1.366457916,1.403105409,-0.6450891573,-0.1028221885,-0.0950340324,-0.08051836186,-0.003866947509,-0.000258508625,-0.1243897226,-0.007052827537,-0.005944179514,-0.04947799348,0.05273262369,0.03330009544,0.03121841907,-0.1411505454,0.046292499,0.07152437949,-0.06156295667,0.008154567511,0.00702932562,0.00702932562,0,0.005,0.285,0.145,0
2.18,0.8000886439,-0.1413958257,-0.07966774779,-0.02344295077,0,1,0.06495423883,0.9978882437,0,0,1.106925809,1.649297474,-0.9927665472,0.8950563149,-0.8242018662,0.7373352432,0.4051361691,-1.109424721,1.542889206,1.366770101,1.401693904,-0.6446262323,-0.1021069447,-0.09564966197,-0.07836968308,-0.008064366936,0.002038002381,-0.117725466,-0.0004080801204,-0.01005604895,-0.04388891796,0.04983801677,0.0352812586,0.03364948182,-0.1399664467,0.049519735,0.07264165188,-0.06381145549,0.008152765577,0.007143377096,0.007143377096,0,0.005,0.285,0.145,3.866947509e-05
2.19,0.7992583116,-0.1416276852,-0.08638130346,-0.02293028288,0,1,0.06495423883,0.9978882437,0,0,1.106142112,1.64921683,-0.9927461671,0.8938790603,-0.824205947,0.7372346827,0.4046972799,-1.108926341,1.543242019,1.367106595,1.400294239,-0.6441310349,-0.1013805282,-0.09628777652,-0.07621236892,-0.01217360218,0.004320849938,-0.1110065621,0.006155243641,-0.01416161928,-0.0382840758,0.04699539581,0.0372286698,0.0360406892,-0.1388010126,0.05269756434,0.07374395624,-0.06601423342,0.008150705333,0.007263995315,0.007263995315,0,0.005,0.285,0.145,0.0001193131445
2.2,0.7983613733,-0.1418544585,-0.09298822872,-0.02242575761,0,1,0.06495423883,0.9978882437,0,0,1.105379988,1.649095094,-0.9927029586,0.8927689946,-0.8241443946,0.7370930665,0.4043144391,-1.108456387,1.543614306,1.367467002,1.398906229,-0.6436040593,-0.1006430886,-0.09694791885,-0.07408437702,-0.01622107265,0.006577705633,-0.1043703114,0.01261355034,-0.01820809518,-0.03275767302,0.04420682862,0.03914144457,0.03839016562,-0.1376555054,0.05582391014,0.07483104143,-0.06816987635,0.008148393891,0.007391070723,0.007391070723,0,0.005,0.285,0.145,0.0002410491663
2.21,0.7973989172,-0.1420762286,-0.09948411124,-0.02192971192,0,1,0.06495423883,0.9978882437,0,0,1.104639145,1.648932883,-0.9926371816,0.8917252915,-0.8240182591,0.7369109855,0.4039868624,-1.108014319,1.54400572,1.367850904,1.397529674,-0.6430458202,-0.09989477821,-0.09762961762,-0.07198819021,-0.02020355107,0.008805664636,-0.09782315058,0.01896057573,-0.02219351478,-0.02731670306,0.04147438118,0.04101866692,0.04069604314,-0.1365311764,0.05889667119,0.07590261964,-0.07027697723,0.008145836016,0.007524491018,0.007524491018,0,0.01,0.285,0.145,0.0004032598928
2.22,0.7963720761,-0.1422930821,-0.1058644957,-0.02144248602,0,1,0.06495423883,0.9978882437,0,0,1.103919263,1.648730848,-0.9925491249,0.89074706,-0.8238286533,0.7366890504,0.4037136954,-1.107599575,1.544415907,1.368257864,1.396164362,-0.6424568535,-0.09913575201,-0.09833238739,-0.06992620456,-0.02411787028,0.01100183441,-0.09137132647,0.02519013395,-0.0261159221,-0.02196795553,0.03880011704,0.04285938846,0.04295646225,-0.1354292653,0.06191372194,0.07695836535,-0.07233413644,0.008143036906,0.007664141026,0.007664141026,0,0.01,0.285,0.145,0.0006052954035
2.23,0.7952820273,-0.1425051089,-0.1121248837,-0.02096442341,0,1,0.06495423883,0.9978882437,0,0,1.103220001,1.648489669,-0.9924391066,0.8898333468,-0.823576752,0.7364278912,0.4034940158,-1.107211574,1.544844501,1.368687429,1.39481007,-0.6418377162,-0.09836616836,-0.09905572875,-0.06790080159,-0.02796083495,0.01316335386,-0.08502113211,0.03129609843,-0.0299732503,-0.0167181291,0.03618609662,0.04466262745,0.04516957252,-0.1343509988,0.06487291237,0.07799791438,-0.07433996224,0.008140002177,0.007809902581,0.007809902581,0,0.01,0.285,0.145,0.0008464741063
2.24,0.7941299935,-0.1427124023,-0.118260734,-0.02049587089,0,1,0.06495423883,0.9978882437,0,0,1.102540993,1.648210061,-0.992307473,0.8889831354,-0.823263791,0.7361281587,0.4033268345,-1.106849713,1.545291127,1.369139125,1.39346656,-0.6411889871,-0.09758618921,-0.09979912838,-0.06591434514,-0.03172922252,0.01528739821,-0.07877890229,0.03727240689,-0.03376331818,-0.01157382201,0.03363437659,0.04642736805,0.04733353323,-0.1332975902,0.06777206801,0.07902086301,-0.07629307117,0.00813673784,0.007961654395,0.007961654395,0,0.01,0.285,0.145,0.001126082456
2.25,0.792917243,-0.1429150592,-0.1242674622,-0.02003717854,0,1,0.06495423883,0.9978882437,0,0,1.101881849,1.647892768,-0.9921545991,0.8881953464,-0.8228910669,0.7357905255,0.4032110963,-1.106513369,1.545755401,1.36961246,1.392133584,-0.6405112664,-0.09679598058,-0.1005620591,-0.06396917823,-0.03541978414,0.01737118366,-0.07265100874,0.04311306642,-0.03748382702,-0.006541522854,0.03114700925,0.04815255954,0.04944651401,-0.1322702386,0.07060898979,0.0800267672,-0.07819208848,0.008133250294,0.008119271926,0.008119271926,0,0.01,0.28,0.145,0.001443374681
2.26,0.7916450901,-0.1431131799,-0.130140441,-0.0195886997,0,1,0.06495423883,0.9978882437,-1,0,1.101242157,1.647538571,-0.9919808872,0.8874688363,-0.8224599363,0.7354156872,0.4031456811,-1.106201899,1.546236926,1.370106925,1.390810881,-0.6398051765,-0.09599571291,-0.10134398,0.08048761765,0.1797572522,-0.5700235778,-0.06671565976,0.445538993,-0.2608145346,-0.2778146836,0.02872604198,0.04983711564,0.05150669536,-0.1312701279,0.0733814541,0.08101514185,-0.08003564857,0.008129546307,0.008282627245,0.008129546307,0,0.01,0.28,0.145,0.001797572522
2.27,0.7903148956,-0.1433068684,-0.1358749999,-0.01915079103,-0.009999833334,0.9999500004,0.06495423883,0.9978882437,0,0,1.102047034,1.649336143,-0.997681123,0.8868016797,-0.8180045463,0.7328075419,0.4003675342,-1.105914638,1.546735297,1.370621992,1.38949818,-0.639071362,-0.09518556149,-0.1021443365,-0.03262198605,0,-0.09365203001,-0.06076087342,0.1320447183,-0.08714962097,-0.05059460257,0.02637351662,0.05147991392,0.05351226922,-0.1302984262,0.07608721266,0.08198546018,-0.08182239538,0.008143813526,0.008451588903,0.008143813526,0,0.01,0.29,0.14,0
2.28,0.7889280672,-0.1434962322,-0.1414664258,-0.01872381245,-0.009999833334,0.9999500004,0.06495423883,0.9978882437,0,0,1.101720814,1.649336143,-0.9986176433,0.886194071,-0.8166840991,0.7319360457,0.3998615882,-1.105650903,1.547250096,1.371157115,1.388195196,-0.6383104899,-0.09436570689,-0.1029625604,-0.02863940748,0,-0.1010281378,-0.05501499403,0.143781236,-0.09396003124,-0.05029645815,0.024091469,0.05307979523,0.05546143948,-0.1293562853,0.07872399252,0.08293715321,-0.08355098287,0.008143197363,0.008626021786,0.008143197363,0,0.01,0.29,0.14,0
2.29,0.78748606,-0.1436813823,-0.1469099621,-0.01830812717,-0.009999833334,0.9999500004,0.06495423883,0.9978882437,0,0,1.10143442,1.649336143,-0.9996279247,0.8856439211,-0.8152462868,0.7309964453,0.3993586236,-1.105409989,1.547780894,1.371711729,1.386901633,-0.63752325,-0.09353633536,-0.1037980702,-0.02476851697,0,-0.1082303948,-0.04940919235,0.155207726,-0.1005877545,-0.05004362484,0.02188192841,0.05463556329,0.05735242238,-0.1284448401,0.08128949602,0.08386960923,-0.08522007544,0.008142656517,0.008805786982,0.008142656517,0,0.015,0.285,0.14,0
2.3,0.7859903769,-0.1438624336,-0.1522008095,-0.01790410168,-0.009999833334,0.9999500004,0.06495423883,0.9978882437,-0.5,0,1.101186734,1.649336143,-1.000710229,0.8851498291,-0.8136942095,0.7299905678,0.3988581874,-1.105191169,1.54832725,1.372285253,1.385617185,-0.636710355,-0.09269763927,-0.104650271,-0.02103148886,0,-0.1151754799,-0.04394995746,0.1662596326,-0.1069985686,-0.04980368145,0.0197469172,0.05614598426,0.05918344697,-0.1275652082,0.08378140074,0.08478217352,-0.08682834831,0.008142188842,0.008990741631,0.008142188842,0,0.015,0.285,0.14,0
2.31,0.7844425689,-0.1440395044,-0.1573341258,-0.01751210577,-0.01499943751,0.9998875021,0.06495423883,0.9978882437,0,0,1.10097642,1.649336143,-1.001861983,0.8847103296,-0.8120316132,0.7289205821,0.3983601506,-1.1049937,1.54888871,1.372877088,1.384341533,-0.635872541,-0.09184981753,-0.1055185545,-0.01741871451,0,-0.1219125529,-0.03864379023,0.1769619891,-0.1132072756,-0.04960588765,0.01768845026,0.05760978647,0.06095275539,-0.1267184894,0.08619735953,0.08567414802,-0.088374488,0.00814179178,0.009180738789,0.00814179178,0,0.015,0.285,0.14,0
2.32,0.7828442358,-0.144212717,-0.1623050254,-0.01713251249,-0.01499943751,0.9998875021,0.06495423883,0.9978882437,0,0,1.100802232,1.649336143,-1.003081109,0.8843238917,-0.8102619933,0.7277885094,0.3978640917,-1.104816816,1.549464808,1.373486615,1.383074348,-0.6350105674,-0.09099307605,-0.1064022994,-0.01394490104,0,-0.1283889148,-0.03349720028,0.1872714418,-0.1191909705,-0.049431277,0.01570853476,0.05902566021,0.06265860325,-0.1259057655,0.08853500042,0.08654479117,-0.08985719272,0.008141462961,0.009375627278,0.008141462961,0,0.015,0.285,0.14,0
2.33,0.7811970262,-0.1443821973,-0.16710858,-0.01676569819,-0.01499943751,0.9998875021,0.06495423883,0.9978882437,-0.5,0,1.100662783,1.649336143,-1.004364998,0.8839889196,-0.8083892789,0.7265965997,0.3973697789,-1.10465973,1.550055064,1.374113201,1.38181529,-0.6341252174,-0.09012762814,-0.1073008713,-0.01060308881,0,-0.1346415622,-0.02851599862,0.1972063811,-0.1249603475,-0.04930202167,0.01380888093,0.06039251381,0.06429956054,-0.125128072,0.09079233532,0.08739350151,-0.09127547437,0.008141199742,0.009575251542,0.008141199742,0,0.015,0.285,0.14,0
2.34,0.7795026302,-0.1445480745,-0.1717520099,-0.01641147668,-0.01999866669,0.9998000067,0.06495423883,0.9978882437,0,0,1.100556753,1.649336143,-1.005711414,0.8837037597,-0.8064172151,0.7253469962,0.3968767587,-1.104521641,1.550658989,1.374756197,1.380564009,-0.633217294,-0.08925369312,-0.108213626,-0.007305295392,0,-0.1408371241,-0.02356674424,0.2070547536,-0.1306907364,-0.04920582454,0.01193453488,0.06175812761,0.06593118662,-0.124380886,0.09305029551,0.088254748,-0.09268935174,0.008140999615,0.009779452352,0.008140999615,0,0.015,0.285,0.14,0
2.35,0.7777611339,-0.1447104048,-0.1766132532,-0.01605238468,-0.01999866669,0.9998000067,0.06495423883,0.9978882437,0,0,1.1004837,1.649336143,-1.007119785,0.8834680922,-0.8043466675,0.7240400888,0.3963847005,-1.104402296,1.551276571,1.375415509,1.3793202,-0.6322867911,-0.08837114564,-0.1091405195,-0.003841597502,0,-0.1474044077,-0.01834884741,0.2174966699,-0.136793023,-0.0491425535,0.009961642006,0.06323707959,0.06768850056,-0.123652653,0.09547670025,0.08921084905,-0.09422228093,0.00814086174,0.009988229228,0.00814086174,0,0.02,0.285,0.135,0
2.36,0.7759690642,-0.1448690789,-0.1818647965,-0.01568029849,-0.01999866669,0.9998000067,0.06495423883,0.9978882437,-0.5,0,1.100445284,1.649336143,-1.008593829,0.8832846037,-0.8021717008,0.7226721586,0.3958932749,-1.10430268,1.551908942,1.376092394,1.378083674,-0.6313320241,-0.08747903715,-0.1100827424,-0.000183785564,0,-0.154417728,-0.01282957502,0.2286196566,-0.1433209367,-0.04913229073,0.007878881504,0.06483605884,0.06957731935,-0.1229420545,0.09809657991,0.09026714106,-0.09589114679,0.008140789238,0.01020196357,0.008140789238,0,0.02,0.28,0.135,0
2.37,0.7741225748,-0.1450239687,-0.1874952848,-0.01529559614,-0.02499739591,0.9996875163,0.06495423883,0.9978882437,0,0,1.100443446,1.649336143,-1.010138006,0.883156308,-0.7998855043,0.7212389492,0.395401952,-1.104223891,1.552557302,1.376788167,1.376854253,-0.6303510583,-0.08657636574,-0.1110416538,0.003656923442,0,-0.1618480518,-0.007017343266,0.2403872796,-0.1502557044,-0.04917540458,0.005690483889,0.06655346982,0.07159510924,-0.1222494007,0.1009022046,0.09142288024,-0.09768891889,0.008140785769,0.010421059,0.008140785769,0,0.02,0.28,0.135,0
2.38,0.7722179329,-0.14517495,-0.1934934615,-0.01489865239,-0.02499739591,0.9996875163,0.06495423883,0.9978882437,-0.5,0,1.100480015,1.649336143,-1.011756487,0.8830861346,-0.7974816315,0.7197363922,0.394910198,-1.104166986,1.553222837,1.377504118,1.375631759,-0.6293420362,-0.08566213694,-0.112018543,0.007662018012,0,-0.1696351602,-0.0009206578018,0.2527417188,-0.1575673943,-0.04925805444,0.003400989745,0.0683861346,0.07373704545,-0.1215750331,0.103888122,0.0926762336,-0.09961016175,0.008140854786,0.01064591449,0.008140854786,0,0.02,0.28,0.135,0
2.39,0.7702515172,-0.1453219022,-0.1998481689,-0.01448983873,-0.0299955002,0.9995500337,0.06495423883,0.9978882437,0,0,1.100556635,1.649336143,-1.013452838,0.883076928,-0.7949542143,0.7181607182,0.3944176174,-1.104132976,1.553906698,1.378241489,1.374416009,-0.628303155,-0.0847353746,-0.1130146446,0.01183301223,0,-0.1778043587,0.005451885773,0.2656827133,-0.1652572377,-0.04940718817,0.001014923804,0.0703309414,0.07599830978,-0.1209193255,0.1070489335,0.09402542288,-0.1016494684,0.008140999394,0.01087691897,0.008140999394,0,0.02,0.28,0.135,0
2.4,0.7682198179,-0.1454647084,-0.2065483476,-0.01406952333,-0.0299955002,0.9995500337,0.06495423883,0.9978882437,0,0,1.100674965,1.649336143,-1.015230882,0.8831314468,-0.7922973872,0.7165081459,0.3939235456,-1.104122827,1.554610008,1.379001472,1.373206816,-0.6272326657,-0.08379512037,-0.1140311393,0.01615994586,0,-0.1863323827,0.01209160177,0.2791769263,-0.1733088408,-0.04962739629,-0.001463203821,0.07238484406,0.07837409013,-0.1202826838,0.1103792948,0.09546872444,-0.1038014586,0.008141222735,0.0111144515,0.008141222735,0,0.025,0.28,0.135,0
2.41,0.7661194352,-0.1456032555,-0.2135830369,-0.01363807113,-0.0299955002,0.9995500337,0.06495423883,0.9978882437,-0.5,0,1.100836565,1.649336143,-1.017094206,0.8832523629,-0.7895056179,0.7147750574,0.3934272716,-1.104137459,1.555333856,1.379785213,1.372003989,-0.6261288727,-0.08284043313,-0.1150691539,0.02062258111,0,-0.1951517434,0.0189897151,0.29316087,-0.1816900095,-0.04990277675,-0.004028896715,0.07454486119,0.08085958021,-0.1196655458,0.1138739153,0.0970044686,-0.1060607769,0.008141527769,0.01135888157,0.008141527769,0.005,0.025,0.275,0.13,0
2.42,0.7639470784,-0.1457374339,-0.2209413747,-0.01319584374,-0.0349928546,0.9993875625,0.06495423883,0.9978882437,-0.5,0,1.101042791,1.649336143,-1.019045723,0.88344226,-0.7865740092,0.7129581574,0.3929282438,-1.104177748,1.556079305,1.380593808,1.370807333,-0.6249901336,-0.08187038844,-0.1161297617,0.02522710565,0,-0.2043088332,0.02613736292,0.3076479189,-0.1904096435,-0.05027172143,-0.006677671546,0.07680807509,0.0834499796,-0.1190683811,0.1175275585,0.09863103873,-0.1084220916,0.008141917079,0.01161056926,0.008141917079,0,0.025,0.275,0.13,0
2.43,0.7616995648,-0.1458671377,-0.2286125974,-0.01274319953,-0.03998933419,0.9992001067,0.06495423883,0.9978882437,0,0,1.101295062,1.649336143,-1.021088812,0.8837036336,-0.78349753,0.7110540609,0.3924255266,-1.104244525,1.556847385,1.381428308,1.36961665,-0.623814858,-0.08088407806,-0.1172139826,0.0299446127,0,-0.2136988272,0.03352559626,0.3225489692,-0.1994223523,-0.05070138713,-0.009405057737,0.07917163045,0.08614049407,-0.1184916902,0.1213350421,0.1003468698,-0.1108800932,0.008142393375,0.01186986552,0.008142393375,0,0.025,0.275,0.13,0
2.44,0.759373819,-0.1459922644,-0.2365860399,-0.01228049355,-0.03998933419,0.9992001067,0.06495423883,0.9978882437,-0.5,0,1.101594508,1.649336143,-1.0232258,0.8840388896,-0.7802720403,0.7090598374,0.3919185127,-1.104338575,1.557639102,1.382289713,1.368431733,-0.6226015076,-0.07988060936,-0.1183227835,0.0347843497,0,-0.2233819972,0.04114538326,0.3378865293,-0.2087420264,-0.05123755847,-0.01220659742,0.08163273277,0.08892633612,-0.1179360032,0.1252912376,0.1021504469,-0.1134294937,0.008142958828,0.01213711236,0.008142958828,0,0.025,0.275,0.13,0
2.45,0.7569668718,-0.1461127152,-0.244851136,-0.0118080776,-0.04498481404,0.9989876708,0.06495423883,0.9978882437,0,0,1.101942351,1.649336143,-1.02545962,0.8844503434,-0.776893175,0.7069724171,0.3914061372,-1.104460641,1.558455429,1.383178977,1.367252373,-0.6213485952,-0.07885910489,-0.1194570785,0.03971889836,0,-0.2332598048,0.04898761214,0.3535755531,-0.218325787,-0.05185088013,-0.01507784562,0.08418864663,0.09180272582,-0.1174018791,0.1293910703,0.1040403027,-0.116065026,0.00814361579,0.01241113187,0.00814361579,0,0.03,0.275,0.13,0
2.46,0.754475859,-0.1462283947,-0.2533974178,-0.01132630017,-0.04498481404,0.9989876708,0.06495423883,0.9978882437,-0.5,0,1.10233954,1.649336143,-1.027792218,0.8849402196,-0.7733574195,0.7047891593,0.3908876284,-1.10461142,1.559297316,1.384097004,1.366078354,-0.6200546845,-0.07781870186,-0.1206177287,0.04475113394,0,-0.2433654726,0.05704309566,0.3696201496,-0.2281778443,-0.05257489702,-0.01801437076,0.08683669374,0.09476489175,-0.1168899036,0.1336295198,0.1060150156,-0.1187814428,0.008144366108,0.01268953621,0.008144366108,0,0.03,0.27,0.13,0
2.47,0.7518980207,-0.1463392111,-0.2622145158,-0.0108355065,-0.04997916927,0.9987502604,0.06495423883,0.9978882437,0,0,1.102787052,1.649336143,-1.030225873,0.8855106505,-0.769661218,0.7025073808,0.3903618794,-1.104791563,1.560165682,1.385044653,1.364909455,-0.6187183893,-0.07675855171,-0.1218055431,0.04986075535,0,-0.2536312785,0.0653025756,0.3859561231,-0.2382665233,-0.05339520972,-0.02101175532,0.08957425083,0.09780807235,-0.1164006877,0.138001619,0.1080732067,-0.1215735171,0.008145211689,0.01297651371,0.008145211689,0,0.03,0.27,0.125,0
2.48,0.7492307002,-0.1464450759,-0.2712921596,-0.01033603852,-0.04997916927,0.9987502604,0.06495423883,0.9978882437,-0.5,0,1.103285659,1.649336143,-1.032762185,0.8861636763,-0.7658016568,0.7001247156,0.3898279273,-1.105001681,1.561061425,1.386022733,1.363745448,-0.6173383731,-0.07567781964,-0.1230212783,0.05504701007,0,-0.2640751831,0.07375672838,0.4025773511,-0.2485905603,-0.05433848176,-0.02406559674,0.09239874732,0.1009275173,-0.1159348658,0.1425024549,0.1102135371,-0.1244360413,0.008146154069,0.01327236097,0.008146154069,0,0.03,0.265,0.125,0
2.49,0.746471343,-0.1465459041,-0.2806201769,-0.009828234885,-0.05497227503,0.9984878812,0.06495423883,0.9978882437,-0.5,0,1.103836129,1.649336143,-1.035402937,0.8869012436,-0.7617758832,0.69763881,0.3892845425,-1.105242337,1.561985412,1.387032009,1.362586099,-0.6159133485,-0.07457568427,-0.1242656387,0.06029087423,0,-0.2746349645,0.08239617079,0.4194235601,-0.2591203763,-0.05539301086,-0.02717150859,0.09530766295,0.104118489,-0.1154930932,0.147127168,0.1124347042,-0.1273638276,0.008147194777,0.01357736683,0.008147194777,0,0.035,0.5049999881,0.125,0
2.5,0.7436174957,-0.146641614,-0.2901884942,-0.009312430983,-0.05996400648,0.9982005399,0.06495423883,0.9978882437,-0.5,0,1.104439038,1.649336143,-1.038149287,0.8877252053,-0.7575816476,0.6950476062,0.3887306124,-1.105514052,1.562938489,1.388073194,1.361431168,-0.6144420769,-0.07345133723,-0.125539277,0.06558593113,0,-0.2853038626,0.09121146685,0.4364722002,-0.2698460065,-0.05657364664,-0.03032512186,0.09829852511,0.1073762649,-0.1150760439,0.1518709523,0.1147354391,-0.1303517083,0.008148334994,0.01389177496,0.008148334994,0,0.035,0.265,0.125,0
2.51,0.7406668054,-0.1467321272,-0.2999871366,-0.008788958904,-0.06495423883,0.9978882437,0.06495423883,0.9978882437,0,0,1.105094897,1.649336143,-1.041002326,0.8886373199,-0.7532169256,0.6923491462,0.3881648759,-1.105817303,1.563921474,1.389146956,1.360280408,-0.6129233673,-0.07230398283,-0.1268427941,0.07092065152,0,-0.2960526302,0.1001931348,0.4536857342,-0.280749572,-0.05788435095,-0.03352208647,0.1013689062,0.1106961387,-0.1146844079,0.1567290552,0.117114502,-0.1333945357,0.008149575789,0.01421584576,0.008149575789,0,0.035,0.265,0.12,0
2.52,0.7376170182,-0.1468173687,-0.3100062276,-0.008258147461,-0.06495423883,0.9978882437,0.06495423883,0.9978882437,-0.5,0,1.105804104,1.649336143,-1.043962852,0.8896392513,-0.7486800683,0.6895416504,0.3875860324,-1.106152524,1.564935163,1.390253918,1.359133564,-0.6113560768,-0.07113283781,-0.1281767394,0.07629048897,0,-0.3068832502,0.1093316547,0.4710480494,-0.2918240569,-0.05934408638,-0.036758073,0.1045164209,0.114073423,-0.1143188884,0.1616967778,0.119570679,-0.1364871833,0.008150918023,0.01454989446,0.008150918023,0,0.035,0.26,0.12,0
2.53,0.7344659786,-0.1468972667,-0.3202359893,-0.007720322188,-0.06994284734,0.9975510003,0.06495423883,0.9978882437,-0.5,0,1.106567009,1.649336143,-1.047031684,0.8907325678,-0.7439695878,0.6866234099,0.3869925915,-1.106520105,1.565980328,1.391394652,1.357990375,-0.609739109,-0.06993713102,-0.1295416113,0.08167285471,0,-0.3177169512,0.1186174766,0.4884887245,-0.3030343967,-0.06093234668,-0.04002877452,0.1077387232,0.1175034518,-0.1139801994,0.1667694742,0.1221027778,-0.1396245456,0.00815236248,0.01489418026,0.00815236248,0,0.04,0.26,0.12,0
2.54,0.7312116284,-0.1469717528,-0.3306667427,-0.007175805333,-0.07492970727,0.9971888181,0.06495423883,0.9978882437,-0.5,0,1.107383737,1.649336143,-1.050208854,0.8919187426,-0.7390847006,0.6835930659,0.3863832681,-1.106920393,1.567057715,1.392569686,1.356850573,-0.6080714143,-0.06871610325,-0.1309378567,0.08706527128,0,-0.3285647474,0.1280410295,0.5059984996,-0.3143767648,-0.06267187768,-0.04332990861,0.1110335032,0.1209815821,-0.1136690619,0.1719425516,0.1247096234,-0.1428015399,0.008153909527,0.01524895532,0.008153909527,0,0.04,0.26,0.12,0
2.55,0.7278520057,-0.1470407616,-0.3412889069,-0.006624915864,-0.07991469397,0.9968017063,0.06495423883,0.9978882437,-0.5,0,1.10825439,1.649336143,-1.053494501,0.8931991529,-0.7340247156,0.6804492982,0.3857565493,-1.107353692,1.56816805,1.393779502,1.355713882,-0.6063519888,-0.06746900701,-0.1323658721,0.09246228063,0,-0.3394247597,0.1375927295,0.5235598274,-0.3258426755,-0.0645789977,-0.04665721951,0.1143984847,0.1245031972,-0.1133862011,0.1772114707,0.127390054,-0.1460131062,0.008155559492,0.01561446486,0.008155559492,0,0.04,0.26,0.115,0
2.56,0.7243852439,-0.1471042309,-0.3520929998,-0.006067969468,-0.0848976828,0.9963896745,0.06495423883,0.9978882437,0,0,1.109179013,1.649336143,-1.056888749,0.8945750802,-0.7287891173,0.6771908715,0.3851107593,-1.107820264,1.569312035,1.395024534,1.35458002,-0.6045798741,-0.06619510647,-0.1338260032,0.09784526358,0,-0.3502354259,0.1472629899,0.5411152775,-0.3374031271,-0.0666403107,-0.05000648046,0.1178314216,0.1280637092,-0.1131323434,0.1825717449,0.1301429165,-0.1492542092,0.008157312611,0.01599094724,0.008157312611,0,0.045,0.255,0.115,0
2.57,0.7208095706,-0.1471621018,-0.363069638,-0.00550527855,-0.0848976828,0.9963896745,0.06495423883,0.9978882437,-0.5,0,1.110157465,1.649336143,-1.060391103,0.8960477101,-0.7233779645,0.6738168402,0.3844443562,-1.108320329,1.570490349,1.396305171,1.353448697,-0.6027541566,-0.06489367731,-0.1353185453,0.1032029462,0,-0.3609678578,0.1570422302,0.5586300765,-0.3490404732,-0.06885775701,-0.05337349607,0.1213300949,0.1316585615,-0.1129082125,0.1880189406,0.1329670619,-0.152519839,0.008159168773,0.01637863408,0.008159168773,0,0.045,0.25,0.115,0
2.58,0.7171233069,-0.1472143184,-0.3742095365,-0.004937152231,-0.0898785492,0.995952733,0.06495423883,0.9978882437,-0.5,0,1.111189495,1.649336143,-1.064000782,0.8976181324,-0.7177916638,0.6703264355,0.3837557786,-1.108854064,1.57170365,1.397621757,1.352319615,-0.6008739672,-0.06356400669,-0.1368437437,0.1085393673,0,-0.3716633657,0.1669208862,0.5761175115,-0.3607608153,-0.0712675911,-0.05675410492,0.1248923097,0.1352832319,-0.1127145263,0.1935486773,0.1358613406,-0.1558050124,0.008161127662,0.01677775029,0.008161127662,0,0.045,0.5399999881,0.11,0
2.59,0.7133248663,-0.1472608278,-0.3855035089,-0.004363896353,-0.09485716863,0.9954908928,0.06495423883,0.9978882437,-0.5,0,1.112274889,1.649336143,-1.067717415,0.8992873412,-0.7120304886,0.6667188273,0.3830431027,-1.109421605,1.572952573,1.398974589,1.35119247,-0.5989384804,-0.06220539328,-0.1384017938,0.1138272623,0,-0.3822196804,0.1768894201,0.5934943884,-0.3725214689,-0.07383429588,-0.06014418217,0.1285158923,0.1389332357,-0.1125519933,0.1991566271,0.1388245979,-0.1591047747,0.008163189046,0.01718851419,0.008163189046,0,0.05,0.25,0.11,0
2.6,0.7094127535,-0.1473015802,-0.3969424674,-0.003785813474,-0.09983341665,0.9950041653,0.06495423883,0.9978882437,-0.5,0,1.113413161,1.649336143,-1.071539612,0.9010562354,-0.7060955448,0.6629936126,0.3823047598,-1.110023046,1.574237732,1.400363922,1.35006695,-0.5969469142,-0.0608171473,-0.1399928415,0.1190676052,0,-0.3926636821,0.1869383302,0.6107655247,-0.3843235786,-0.07658568879,-0.06353964235,0.1321986868,0.1426041283,-0.1124213087,0.2048385151,0.1418556694,-0.1624142012,0.008165352183,0.01761113751,0.008165352183,0,0.05,0.245,0.11,0
2.61,0.7053855636,-0.147336529,-0.4085174228,-0.003203202872,-0.1048071688,0.9944925627,0.06495423883,0.9978882437,-0.5,0,1.114603837,1.649336143,-1.075466249,0.9029256187,-0.6999878895,0.6591503769,0.3815389029,-1.110658443,1.575559719,1.401789963,1.348942737,-0.594898529,-0.05939859061,-0.1416169836,0.1242525736,0,-0.402982028,0.1970581615,0.6279092257,-0.3961544922,-0.07952907644,-0.06693644217,0.1359385519,0.1462915088,-0.1123231512,0.2105901192,0.1449533759,-0.1657283985,0.008167616354,0.01804582546,0.008167616354,0,0.055,0.245,0.105,0
2.62,0.7012419813,-0.1473656302,-0.4202194843,-0.002616360542,-0.1097783008,0.993956098,0.06495423883,0.9978882437,-0.5,0,1.115846363,1.649336143,-1.079496069,0.9048962004,-0.6937087973,0.6551888319,0.3807436121,-1.111327807,1.576919104,1.403252878,1.347819505,-0.5927926278,-0.05794905685,-0.1432742675,0.1293685433,0,-0.413133984,0.2072395156,0.6448860047,-0.4079924071,-0.08265719037,-0.07033058348,0.1397333587,0.149991023,-0.1122581791,0.2164072699,0.148116519,-0.1690425068,0.008169980696,0.01849277672,0.008169980696,0,0.055,0.245,0.105,0
2.63,0.6969807796,-0.147388843,-0.43203986,-0.002025579197,-0.1147466884,0.9933947843,0.06495423883,0.9978882437,-0.5,0,1.117140048,1.649336143,-1.083627409,0.9069685955,-0.6872599372,0.6511089079,0.3799170402,-1.112031113,1.578316438,1.404752788,1.346696923,-0.5906285551,-0.05646789166,-0.1449646926,0.1344056375,0,-0.4230956143,0.2174730608,0.661668486,-0.4198212178,-0.08597025496,-0.07371811622,0.1435809867,0.1536983667,-0.1122270268,0.2222858506,0.1513438762,-0.1723517018,0.008172444094,0.01895218349,0.008172444094,0,0.055,0.24,0.105,0
2.64,0.6926008187,-0.1474061296,-0.4439698564,-0.001431148269,-0.1197122073,0.9928086359,0.06495423883,0.9978882437,-1,0,1.118484105,1.649336143,-1.087858365,0.9091433261,-0.6806432523,0.6469106957,0.3790573376,-1.112768294,1.579752248,1.406289772,1.345574653,-0.5884056966,-0.0549544529,-0.1466882096,0.1393591963,0,-0.4328672393,0.2277495425,0.678246458,-0.4316327943,-0.08947998818,-0.07709514155,0.147479322,0.1574092889,-0.1122303006,0.2282217974,0.1546341966,-0.1756511964,0.008175005245,0.01942423146,0.008175005245,0,0.06,0.24,0.1,0
2.65,0.6881010457,-0.1474174548,-0.4560008784,-0.0008333539083,-0.1296341426,0.9915618937,0.06495423883,0.9978882437,-0.5,0,1.119877697,1.649336143,-1.092187038,0.9114208216,-0.6738607878,0.6425943677,0.3781625378,-1.113539246,1.581227041,1.407863865,1.34445235,-0.5861234786,-0.05340811093,-0.1484447216,0.144223049,0,-0.4424420395,0.2380597925,0.6946056657,-0.4434165028,-0.0931937773,-0.0804578149,0.1514262538,0.161119595,-0.1122685758,0.2342110992,0.1579861959,-0.1789362431,0.008177662762,0.01990909983,0.008177662762,0,0.06,0.24,0.1,0
2.66,0.6834804927,-0.1474227864,-0.4681244297,-0.0002324789825,-0.134590311,0.9909013312,0.06495423883,0.9978882437,-0.5,0,1.121319927,1.649336143,-1.096611458,0.9138014195,-0.6669147311,0.6381602027,0.3772306,-1.114343824,1.582741303,1.409475061,1.343329664,-0.5837813676,-0.05182824897,-0.150234084,0.1489813837,0,-0.4517666791,0.2483947392,0.7107012096,-0.4551465586,-0.09709418595,-0.08380234916,0.1554196718,0.1648251508,-0.1123423922,0.2402497979,0.1613985521,-0.1822021363,0.008180415141,0.02040696126,0.008180415141,0,0.065,0.24,0.095,0
2.67,0.6787382767,-0.147422095,-0.4803321126,0.0003711969221,-0.1395431146,0.9902159962,0.06495423883,0.9978882437,-0.5,0,1.122809741,1.649336143,-1.101129125,0.9162853669,-0.659807719,0.6336087371,0.3762596581,-1.115181847,1.5842955,1.411123312,1.34220624,-0.5813788697,-0.05021426345,-0.1520561054,0.1536332261,0,-0.4608579925,0.2587454165,0.7265364205,-0.4668200921,-0.1011988322,-0.08712501789,0.1594574644,0.168521885,-0.112452251,0.2463339881,0.1648699011,-0.1854442148,0.008183260577,0.02091798183,0.008183260577,0,0.065,0.235,0.095,0
2.68,0.6738735977,-0.1474153541,-0.4926156278,0.0009773975011,-0.1444924297,0.9895059059,0.06495423883,0.9978882437,-0.5,0,1.124346073,1.649336143,-1.105737705,0.918872821,-0.6525423548,0.6289405362,0.3752476698,-1.116053098,1.585890075,1.412808531,1.341081718,-0.5789155298,-0.04856556444,-0.1539105475,0.1581720289,0,-0.4697061161,0.2691029732,0.7420973884,-0.4784253924,-0.1055108694,-0.0904221585,0.1635375151,0.1722057932,-0.1125986112,0.2524598175,0.1683988323,-0.1886578637,0.008186197245,0.02144232103,0.008186197245,0,0.065,0.235,0.09,0
2.69,0.6688857387,-0.1474025396,-0.5049667747,0.001585849732,-0.1494381325,0.9887710779,0.06495423883,0.9978882437,-0.5,0,1.125927794,1.649336143,-1.110434766,0.9215638508,-0.6451213809,0.6241562823,0.3741925611,-1.116957319,1.58752545,1.414530589,1.339955732,-0.5763909316,-0.04688157612,-0.1557971262,0.1625826657,0,-0.4782587259,0.2794586819,0.7573422989,-0.4899372498,-0.1100102578,-0.09369017554,0.1676577013,0.1758729413,-0.1127818858,0.2586234867,0.1719838845,-0.1918385176,0.008189223196,0.02198013168,0.008189223196,0,0.065,0.23,0.09,0
2.7,0.6637740638,-0.1473836305,-0.5173774513,0.002196283874,-0.1543800993,0.9880115308,0.06495423883,0.9978882437,-1,0,1.12755362,1.649336143,-1.115217353,0.9243584376,-0.6375479579,0.6192569098,0.3730924585,-1.117894221,1.589202027,1.416289318,1.338827913,-0.5738046967,-0.04516173727,-0.1577155113,0.166869255,0,-0.4865565295,0.2898039468,0.7722930226,-0.5013601813,-0.1147245974,-0.09692554391,0.1718158917,0.1795194685,-0.1130024384,0.2648212496,0.1756235418,-0.194981663,0.008192336187,0.02253155988,0.008192336187,0.005,0.065,0.225,0.09,0
2.71,0.6585380179,-0.1473586082,-0.529839654,0.002808433468,-0.164252331,0.9864183553,0.06495423883,0.9978882437,-0.5,0,1.129222313,1.649336143,-1.120082919,0.9272564771,-0.6298250277,0.614243308,0.3719452126,-1.118863476,1.590920186,1.418084513,1.337697888,-0.5711564842,-0.04340550186,-0.159665328,0.1710208182,0,-0.4945663771,0.3001303121,0.7869222875,-0.5126750646,-0.1196420629,-0.1001248121,0.1760099441,0.183141591,-0.11326058,0.2710494133,0.17931623,-0.198082841,0.008195534051,0.02309674491,0.008195534051,0,0.075,0.23,0.085,0
2.72,0.6531771253,-0.147327457,-0.5423454779,0.003422035337,-0.1691823491,0.9855847669,0.06495423883,0.9978882437,-0.5,0,1.130932521,1.649336143,-1.125028582,0.9302577802,-0.6219558048,0.6091165573,0.3707487919,-1.119864724,1.592680285,1.419915929,1.336565283,-0.5684459901,-0.04161233956,-0.1616461564,0.1750255052,0,-0.5022493474,0.3104294694,0.8011996704,-0.5238612673,-0.124746483,-0.1032846055,0.1802377042,0.186735605,-0.1135565655,0.2773043381,0.1830603124,-0.2011376505,0.008198814405,0.02367581918,0.008198814405,0,0.075,0.225,0.085,0
2.73,0.647690989,-0.1472901635,-0.5548871167,0.004036829586,-0.1741081376,0.9847265389,0.06495423883,0.9978882437,-1,0,1.132682776,1.649336143,-1.130051076,0.9333620749,-0.6139438081,0.6038779447,0.3695013271,-1.12089757,1.594482662,1.421783285,1.335429717,-0.5656729467,-0.03978173643,-0.1636575329,0.1788897344,0,-0.5096567777,0.3206932646,0.8151565552,-0.5349263106,-0.1300688188,-0.1064016296,0.1844970035,0.1902978907,-0.1138905906,0.2835824381,0.1868540869,-0.2041417506,0.008202174634,0.02426890813,0.008202174634,0,0.08,0.225,0.08,0
2.74,0.6420792893,-0.1472467172,-0.5674568626,0.004652559601,-0.1839465335,0.9829362506,0.06495423883,0.9978882437,-0.5,0,1.134471673,1.649336143,-1.135147644,0.9365690075,-0.6057922426,0.5985286816,0.3682006389,-1.121961587,1.596327632,1.423686264,1.334290811,-0.5628371223,-0.03791319556,-0.1656989504,0.1825972112,0,-0.5167262141,0.3309137046,0.8287480751,-0.5458423142,-0.1355785353,-0.1094726729,0.188785658,0.1938249145,-0.1142627887,0.2898801809,0.1906957821,-0.207090864,0.00820561224,0.02487613013,0.00820561224,0,0.085,0.225,0.08,0
2.75,0.6363417834,-0.14719711,-0.5800471065,0.005268972051,-0.188858895,0.9820042351,0.06495423883,0.9978882437,-0.5,0,1.136297645,1.649336143,-1.140314906,0.9398781446,-0.5975047618,0.5930702584,0.3668448536,-1.123056314,1.598215489,1.425624513,1.333148183,-0.5599383205,-0.03600623774,-0.167769859,0.1861472901,0,-0.5234724071,0.3410829632,0.841982294,-0.5566054894,-0.1412853309,-0.1124946105,0.193101467,0.1973132333,-0.114673228,0.2961940877,0.1945835549,-0.2099807801,0.008209124404,0.02549759637,0.008209124404,0,0.085,0.22,0.075,0
2.76,0.6304783039,-0.1471413364,-0.5926503377,0.005885816886,-0.193766535,0.9810476695,0.06495423883,0.9978882437,-1,0,1.138159118,1.649336143,-1.14554963,0.9432889742,-0.5890849389,0.5875042035,0.3654320003,-1.12418126,1.600146504,1.427597645,1.332001451,-0.5569763797,-0.03406040219,-0.1698696668,0.1895390311,0,-0.5299085915,0.3511933864,0.8548669535,-0.5672113882,-0.1471975436,-0.1154644069,0.1974422119,0.2007594965,-0.1151219085,0.3025207339,0.198515487,-0.2128073581,0.008212708287,0.02613341076,0.008212708287,0,0.09,0.215,0.075,0
2.77,0.6244887581,-0.1470793931,-0.6052591441,0.006502847337,-0.2035671599,0.9790609845,0.06495423883,0.9978882437,-0.5,0,1.140054509,1.649336143,-1.150848716,0.9468009081,-0.5805362694,0.5818320896,0.3639600248,-1.125335904,1.602120926,1.42960524,1.330850232,-0.5539511723,-0.03207524732,-0.1719977404,0.1927587257,0,-0.5359816354,0.3612374977,0.8673654703,-0.5776356645,-0.1532864588,-0.1183791192,0.2018056555,0.2041604501,-0.1156087595,0.308856749,0.2024895828,-0.2155665301,0.00821636102,0.02678366984,0.00821636102,0,0.09,0.22,0.07,0
2.78,0.6183731268,-0.1470112796,-0.6178662124,0.007119819919,-0.2084598998,0.9780309147,0.06495423883,0.9978882437,-1,0,1.141982096,1.649336143,-1.156208532,0.950413283,-0.5718626146,0.576055733,0.3624271602,-1.126519695,1.604138982,1.431646845,1.329694144,-0.5508626048,-0.03005035149,-0.1741534057,0.1958140885,0,-0.5417477423,0.3712080025,0.8795159752,-0.5878868909,-0.1595822851,-0.1212358998,0.2061895411,0.2075129389,-0.1161336372,0.3151988165,0.2065037667,-0.2182543048,0.008220079462,0.02744846262,0.008220079462,0,0.095,0.215,0.065,0
2.79,0.6121314637,-0.1469369977,-0.6304643275,0.007736494427,-0.2182296231,0.9758974493,0.06495423883,0.9978882437,-0.5,0,1.143940237,1.649336143,-1.161626009,0.9541253631,-0.5630674549,0.5701768641,0.3608313374,-1.127732054,1.606200878,1.433721974,1.328532808,-0.5477106167,-0.02798531383,-0.1763359488,0.1986942915,0,-0.5471668313,0.3810977913,0.8912919255,-0.5979448373,-0.1660618183,-0.1240319996,0.2105915922,0.2108139095,-0.1166963218,0.3215436745,0.2105558811,-0.2208667704,0.008223860609,0.02812787048,0.008223860609,0,0.095,0.21,0.065,0
2.8,0.6057638939,-0.1468565515,-0.6430463733,0.008352633939,-0.2231063621,0.9747941071,0.06495423883,0.9978882437,-0.5,0,1.14592718,1.649336143,-1.167097678,0.957936341,-0.5541545356,0.5641974157,0.3591707192,-1.128972374,1.608306794,1.435830113,1.327365845,-0.5444951799,-0.02587975502,-0.1785446165,0.2013969824,0,-0.5522414831,0.3908999441,0.9026962345,-0.6078022056,-0.1727243946,-0.1267647705,0.2150095123,0.2140604133,-0.1172965161,0.3278881159,0.2146436849,-0.2234000983,0.008227701237,0.02882196706,0.008227701237,0,0.1,0.21,0.06,0
2.81,0.5992706132,-0.1467699476,-0.6556053319,0.008968004813,-0.2279775235,0.973666395,0.06495423883,0.9978882437,-1,0,1.14794115,1.649336143,-1.172620093,0.9618453404,-0.5451275733,0.5581193937,0.3574434753,-1.130240022,1.610456889,1.437970717,1.326192879,-0.5412162988,-0.02373331817,-0.1807786175,0.2039180383,0,-0.5569640322,0.4006077323,0.9137253669,-0.6174488195,-0.1795629375,-0.1294316685,0.2194409846,0.2172496084,-0.1179338427,0.3342289878,0.2187648515,-0.2258505466,0.008231598062,0.0295308181,0.008231598062,0.005,0.105,0.21,0.06,0
2.82,0.5926518873,-0.1466771947,-0.6681342842,0.009582376692,-0.2377026264,0.9713379749,0.06495423883,0.9978882437,-0.5,0,1.14998033,1.649336143,-1.178189733,0.9658514177,-0.5359903196,0.5519449055,0.3556478459,-1.131534338,1.612651299,1.440143214,1.325013541,-0.5378740089,-0.02154566965,-0.1830371229,0.2062564887,0,-0.5613426467,0.4102146215,0.924387022,-0.6268791926,-0.186578568,-0.1320302558,0.223883672,0.2203787631,-0.1186078427,0.3405631928,0.2229169677,-0.2282144635,0.008235547709,0.03025448136,0.008235547709,0,0.105,0.21,0.055,0
2.83,0.5859080503,-0.1465783041,-0.6806264096,0.0101955225,-0.2425563248,0.970137325,0.06495423883,0.9978882437,-1,0,1.152042895,1.649336143,-1.183803159,0.9699535639,-0.5267464494,0.5456761135,0.3537820602,-1.132854641,1.614890135,1.442347001,1.323827463,-0.534468377,-0.01931649998,-0.1853192676,0.2084103833,0,-0.5653795459,0.4197142731,0.9346853082,-0.6360861749,-0.1937685239,-0.1345582035,0.2283352182,0.2234452571,-0.1193179741,0.3468876881,0.2270975329,-0.2304882909,0.00823954677,0.03099300646,0.00823954677,0,0.11,0.205,0.05,0
2.84,0.5790395042,-0.1464732891,-0.693074986,0.01080721843,-0.2522454086,0.9676632957,0.06495423883,0.9978882437,-1,0,1.154126999,1.649336143,-1.189456955,0.9741507067,-0.5173995963,0.5393152518,0.351844375,-1.134200223,1.617173488,1.444581454,1.322634283,-0.5309995001,-0.01704552465,-0.1876241505,0.210380061,0,-0.5690886818,0.4291005456,0.9446327497,-0.6450659542,-0.2011362234,-0.137013294,0.2327932469,0.2264465844,-0.1200636098,0.3531994862,0.2313039583,-0.2326685677,0.008243591785,0.03174643479,0.008243591785,0,0.115,0.205,0.05,0
2.85,0.5720467178,-0.1463621653,-0.70547339,0.01141724399,-0.2619092681,0.9650925009,0.06495423883,0.9978882437,-0.5,0,1.156230799,1.649336143,-1.195147842,0.9784417121,-0.5079532688,0.5328645922,0.3498330127,-1.135570356,1.61950142,1.44684592,1.321433647,-0.5274675052,-0.01473248506,-0.1899508361,0.2121565476,0,-0.5724317043,0.4383674956,0.9542065457,-0.6538004031,-0.2086545103,-0.1393934234,0.237255364,0.2293803547,-0.1208440371,0.3594956549,0.2355335665,-0.234751934,0.008247679286,0.03251479935,0.008247679286,0,0.115,0.205,0.045,0
2.86,0.5649302254,-0.1462449505,-0.7178150968,0.01202538193,-0.2667314367,0.9637708964,0.06495423883,0.9978882437,-0.5,0,1.158352365,1.649336143,-1.200872159,0.9828253871,-0.4984112034,0.5263265882,0.3477464676,-1.13696429,1.621873974,1.449139723,1.320225206,-0.5238725487,-0.0123771494,-0.1922983555,0.2137440925,0,-0.5754417101,0.4475093781,0.9634329408,-0.6622914285,-0.2163365655,-0.1416966029,0.2417191571,0.2322442958,-0.1216584562,0.3657733175,0.2397835918,-0.2367351339,0.008251805614,0.03329812464,0.008251805614,0,0.12,0.2,0.04,0
2.87,0.5576906263,-0.1461216647,-0.73009368,0.01263141831,-0.271546937,0.9624251976,0.06495423883,0.9978882437,-1,0,1.160489806,1.649336143,-1.206626576,0.9873004809,-0.488776874,0.5197036739,0.345583102,-1.138381256,1.624291165,1.451462166,1.319008622,-0.5202148155,-0.00997931348,-0.1946657068,0.2151392724,0,-0.5781086424,0.4565206464,0.9723090297,-0.6705291241,-0.2241703723,-0.1439209614,0.2461821974,0.2350362545,-0.1225059797,0.3720296524,0.2440511799,-0.2386150197,0.008255967179,0.03409642658,0.008255967179,0.005,0.125,0.195,0.04,0
2.88,0.5503285834,-0.1459923299,-0.7423028119,0.01323514246,-0.2811574513,0.9596616527,0.06495423883,0.9978882437,-1,0,1.162641198,1.649336143,-1.212407662,0.9918656873,-0.4790537837,0.5129983827,0.3433413982,-1.139820466,1.626752987,1.453812529,1.317783562,-0.516494519,-0.007538801681,-0.197051857,0.2163439197,0,-0.5804509196,0.465395952,0.9808516413,-0.6785114247,-0.23216002,-0.1460647471,0.2506420409,0.2377541986,-0.1233856318,0.3782618938,0.2483333889,-0.2403885552,0.008260160308,0.0348974752,0.008260160308,0,0.125,0.2,0.035,0
2.89,0.5428448223,-0.1458569702,-0.7544362634,0.01383634699,-0.2907398501,0.9568021423,0.06495423883,0.9978882437,-0.5,0,1.164804638,1.649336143,-1.218212171,0.9965196469,-0.4692452673,0.5062132684,0.341019798,-1.141281113,1.629259408,1.456190071,1.316549706,-0.5127119,-0.005055467792,-0.1994557426,0.2173546899,0,-0.5824566044,0.4741301435,0.9890570301,-0.6862283355,-0.2402914605,-0.1481263288,0.2550962293,0.2403962177,-0.1242963482,0.3844673312,0.2526271902,-0.2420528195,0.008264381349,0.03569391389,0.008264381349,0,0.13,0.2,0.03,0
2.9,0.5352401308,-0.145715612,-0.7664879039,0.0144348278,-0.2955202067,0.9553364891,0.06495423883,0.9978882437,-1,0,1.166978184,1.649336143,-1.224036737,1.001260948,-0.459354697,0.4993509851,0.3386168834,-1.142762376,1.63181037,1.458594033,1.315306742,-0.5088672267,-0.00252919589,-0.2018762708,0.2181696805,0,-0.5841202806,0.4827182658,0.9969260356,-0.6936719898,-0.2485538706,-0.1501041976,0.2595422919,0.2429605241,-0.125236976,0.3906433097,0.2569294693,-0.2436050101,0.008268626566,0.03650475681,0.008268626566,0,0.135,0.195,0.03,0
2.91,0.5275153571,-0.1455682834,-0.7784517014,0.01503038406,-0.3050586364,0.9523335699,0.06495423883,0.9978882437,-0.5,0,1.169159881,1.649336143,-1.22987794,1.006088131,-0.4493854366,0.4924142652,0.3361313447,-1.144263418,1.634405793,1.461023638,1.314054372,-0.5049607936,4.009880367e-05,-0.2043123209,0.2187955923,0,-0.5854859732,0.4911555584,1.004493694,-0.7008472561,-0.2569656252,-0.1519969681,0.2639777473,0.2454454539,-0.1262062735,0.3967872298,0.2612370281,-0.2450424468,0.008272892173,0.03732998801,0.008272892173,0,0.14,0.195,0.025,0
2.92,0.5196714094,-0.1454150147,-0.7903217224,0.01562281824,-0.3098164712,0.9507963789,0.06495423883,0.9978882437,-1,0,1.171347837,1.649336143,-1.2357328,1.010999687,-0.4393404997,0.4854057926,0.3335616885,-1.145783388,1.63704557,1.463478093,1.31279231,-0.5009929213,0.002652469084,-0.2067627453,0.2192251777,0,-0.5865150343,0.499437454,1.011738251,-0.7077380831,-0.2654955366,-0.1538033795,0.2684001049,0.2478494672,-0.1272029111,0.4028965472,0.2655465858,-0.2463625752,0.008277174495,0.0381695828,0.008277174495,0.005,0.145,0.19,0.02,0
2.93,0.5117092547,-0.1452558381,-0.8020921321,0.01621193607,-0.3193087859,0.9476507264,0.06495423883,0.9978882437,-1,0,1.173540089,1.649336143,-1.24159795,1.015994061,-0.4292231171,0.4783284118,0.3309067331,-1.147321422,1.639729571,1.465956587,1.311520281,-0.4969639558,0.005307934942,-0.2092263711,0.2194612536,0,-0.5872263294,0.5075595767,1.01867759,-0.7143433948,-0.2741463234,-0.1555222963,0.2728068673,0.2501711485,-0.1282254713,0.4089687729,0.2698547818,-0.2475629696,0.008281469703,0.03826325644,0.008281469703,0,0.145,0.19,0.015,0
2.94,0.5036299179,-0.1450907877,-0.8137571942,0.01679754659,-0.3287691699,0.9444103096,0.06495423883,0.9978882437,-0.5,0,1.175734702,1.649336143,-1.247470214,1.021069657,-0.4190363412,0.4711849778,0.3281652699,-1.148876645,1.64245764,1.468458299,1.310238026,-0.4928742681,0.00800648276,-0.2117020008,0.2195064638,0,-0.5876373223,0.5155177392,1.025328757,-0.7206617103,-0.2829198689,-0.1571527092,0.277195532,0.2524092067,-0.1292724502,0.4150014727,0.2741581779,-0.248641337,0.008285774005,0.03826382316,0.008285774005,0,0.15,0.19,0.015,0
2.95,0.4954344808,-0.1449198995,-0.8253112711,0.01737946208,-0.3334870921,0.9427546655,0.06495423883,0.9978882437,-1,0,1.177929766,1.649336143,-1.253346587,1.026224834,-0.4087830537,0.4639783607,0.3253360712,-1.150448172,1.645229595,1.470982391,1.308945301,-0.4887242534,0.01074806454,-0.2141884142,0.2193568527,0,-0.5877239467,0.5233079413,1.031680013,-0.7266818148,-0.291792459,-0.1586937356,0.2815635935,0.2545624746,-0.1303422582,0.4209922674,0.278453261,-0.24959552,0.008290083645,0.03826439677,0.008290083645,0,0.155,0.185,0.01,0
2.96,0.4871240809,-0.1447432114,-0.8367488235,0.01795749815,-0.3428978075,0.9393727128,0.06495423883,0.9978882437,0,0,1.180123335,1.649336143,-1.259223826,1.031457914,-0.3984662535,0.4567115426,0.3224181466,-1.152035109,1.648045231,1.473528016,1.307641879,-0.4845143307,0.01353259715,-0.2166843694,0.219021156,0,-0.5875391798,0.5309263669,1.037773106,-0.7324109729,-0.3007874422,-0.1450204576,0.1290911843,0.0275620842,-0.1314434323,0.6365688764,0.1992427189,-0.4111445423,0.008294394775,0.03826497694,0.008294394775,0,0.16,0.19,0.005,0
2.97,0.4786999109,-0.1445607631,-0.848064411,0.01853147366,-0.3428978075,0.9393727128,0.06495423883,0.9978882437,0,-0.5,1.182313546,1.649336143,-1.265099218,1.036767177,-0.3880885225,0.4493874329,0.3194102722,-1.153485314,1.649336143,1.473803636,1.306327445,-0.478148642,0.01552502434,-0.2207958148,0.2184933098,0,-0.5870432742,0.5383693817,1.043585311,-0.7378348295,-0.3098709978,-0.1337173406,0,-0.1662702208,-0.1325435511,0.8208541616,0.1352947148,-0.5501761763,0.008298703701,0.03826550797,0.008298703701,0.005,0.165,0.185,0,0
2.98,0.4701632171,-0.1443725961,-0.8592526915,0.01910121075,-0.3428978075,0.9393727128,0.05996400648,0.9982005399,0.5,-0.5,1.184498479,1.649336143,-1.270969651,1.042150871,-0.3776526694,0.4420090846,0.3163115622,-1.154822487,1.649336143,1.472140934,1.305002009,-0.4699401003,0.01687797149,-0.2262975765,0.2177787473,0,-0.5862667698,0.5456335299,1.049142716,-0.7429557089,-0.3190524614,-0.1348287166,0,-0.1716555091,-0.1336714741,0.8322502893,0.1411447277,-0.5570984816,0.008303006598,0.03826599831,0.008303006598,0,0.165,0.185,0,0
2.99,0.4615152989,-0.1441787536,-0.8703084217,0.01966653487,-0.3381966772,0.9410754526,0.05497227503,0.9984878812,0.5,-0.5,1.186676267,1.649336143,-1.276832319,1.047607206,-0.3671612422,0.4345795275,0.3131210376,-1.156170774,1.649336143,1.470424379,1.303665294,-0.4616175974,0.01828941876,-0.2318685614,0.2168797683,0,-0.585220101,0.5527155324,1.054457406,-0.7477712762,-0.328328817,-0.1358389818,0,-0.1771461582,-0.1348150425,0.8435323022,0.1471599222,-0.5639218822,0.00830729973,0.03826649341,0.00830729973,0,0.16,0.185,0,0
3,0.4527575076,-0.1439792806,-0.8812264567,0.02022727472,-0.3334870921,0.9427546655,0.04997916927,0.9987502604,0,0,1.188845065,1.649336143,-1.28268452,1.053134362,-0.3566166682,0.4271018147,0.3098377494,-1.157529164,1.649336143,1.468652917,1.302317144,-0.4531822744,0.01976101799,-0.2375077802,0.215790687,0,-0.5838596546,0.5596122827,1.059503319,-0.75226797,-0.3376625983,-0.1367472973,0,-0.1827283085,-0.1359722634,0.8546822431,0.1533435638,-0.5706318658,0.008311579393,0.03826699291,0.008311579393,0.005,0.16,0.18,0,0
3.01,0.4438912456,-0.1437742239,-0.8920017502,0.0207832623,-0.3334870921,0.9427546655,0.04997916927,0.9987502604,0.5,-0.5,1.191002971,1.649336143,-1.288523116,1.058730485,-0.346021635,0.419579135,0.3064611234,-1.158896637,1.649336143,1.466825634,1.300957421,-0.444635452,0.02129445362,-0.2432140988,0.2145247427,0,-0.5822648992,0.5663208452,1.064340746,-0.7564588969,-0.347094177,-0.1375529765,0,-0.1883881184,-0.1371410705,0.8656824229,0.1596981982,-0.5772139499,0.008315841759,0.03826749646,0.008315841759,0,0.165,0.18,0,0
3.02,0.4349179649,-0.1435636318,-0.9026293546,0.02133433289,-0.3287691699,0.9444103096,0.04498481404,0.9989876708,0,-0.5,1.193148219,1.649336143,-1.294345765,1.064393693,-0.3353782275,0.412014546,0.3029901817,-1.160272167,1.649336143,1.464941753,1.299586011,-0.4359786278,0.02289143561,-0.2489862383,0.2130790779,0,-0.5804091236,0.5728384514,1.068955302,-0.7603343634,-0.356596828,-0.1382558009,0,-0.1941075917,-0.138319326,0.8765116374,0.1662269932,-0.5836507172,0.008320083246,0.03826800368,0.008320083246,0,0.165,0.18,0,0
3.03,0.4258391669,-0.1433475542,-0.9131044208,0.02188032504,-0.3287691699,0.9444103096,0.03998933419,0.9992001067,0.5,-0.5,1.19527901,1.649336143,-1.300149856,1.070122078,-0.3246886745,0.4044112024,0.2994242134,-1.161654725,1.649336143,1.463000677,1.298202817,-0.4272135114,0.02455370554,-0.2548227455,0.2114523491,0,-0.5782725257,0.5791624974,1.073337013,-0.7638870717,-0.3661475878,-0.1388505883,0,-0.1999375972,-0.1395048241,0.8872116225,0.172910304,-0.5899741063,0.008324300203,0.03826851422,0.008324300203,0,0.165,0.18,0,0
3.04,0.4166564008,-0.1431260427,-0.9234221982,0.02242108061,-0.3240430284,0.9460423435,0.0349928546,0.9993875625,0.5,-0.5,1.197393533,1.649336143,-1.305932582,1.075913703,-0.3139553044,0.3967723317,0.2957627375,-1.163043231,1.649336143,1.461001301,1.296807769,-0.4183413952,0.02628280858,-0.2607224866,0.2096509112,0,-0.5758864938,0.5852905411,1.077511929,-0.7671203365,-0.3757563832,-0.1393409648,0,-0.2058102698,-0.1406952941,0.8977162079,0.1797669397,-0.5961314507,0.00832848894,0.03826902767,0.00832848894,0,0.165,0.18,0,0
3.05,0.4073712628,-0.1428991506,-0.9335780348,0.0229564447,-0.3193087859,0.9476507264,0.0299955002,0.9995500337,0,-0.5,1.199490042,1.649336143,-1.311691447,1.081766608,-0.3031801851,0.3891011283,0.2920051737,-1.164436641,1.649336143,1.458943199,1.295400816,-0.4093642331,0.02808047797,-0.2666838011,0.2076825644,0,-0.5732935616,0.591220299,1.08151414,-0.7700391031,-0.3854409723,-0.1397209471,0,-0.2117884105,-0.1418884036,0.9080783719,0.1867733126,-0.6021637716,0.008332645882,0.03826954366,0.008332645882,0,0.165,0.175,0,0
3.06,0.3979853951,-0.1426669323,-0.9435673773,0.02348626573,-0.3193087859,0.9476507264,0.02499739591,0.9996875163,0.5,-0.5,1.201566868,1.649336143,-1.317424382,1.087678811,-0.2923650437,0.3814007373,0.288150764,-1.16583385,1.649336143,1.456825315,1.293981932,-0.4002834494,0.0299482111,-0.2727054388,0.2055391492,0,-0.5704216329,0.5969496438,1.08529566,-0.7726271122,-0.3951439508,-0.1399933371,0,-0.2178192779,-0.1430817626,0.9182462667,0.1939421485,-0.6080294599,0.008336767597,0.03827006179,0.008336767597,0,0.165,0.175,0,0
3.07,0.3885004851,-0.1424294442,-0.9533857709,0.02401039539,-0.3145665606,0.9492354181,0.01999866669,0.9998000067,0.5,-0.5,1.203622259,1.649336143,-1.323128598,1.093648307,-0.2815120871,0.3736744662,0.2841993244,-1.167233783,1.649336143,1.454647122,1.292551114,-0.3911009867,0.03188763259,-0.2787857334,0.2032320587,0,-0.5673359489,0.6024766014,1.088906251,-0.7748942228,-0.4048977898,-0.1401560261,0,-0.2239167833,-0.1442729267,0.9282289066,0.2012647115,-0.613734915,0.008340850481,0.03827058166,0.008340850481,0,0.165,0.175,0,0
3.08,0.378918264,-0.1421867439,-0.9630288592,0.02452868863,-0.3098164712,0.9507963789,0.01499943751,0.9998875021,0,-0.5,1.20565458,1.649336143,-1.328801958,1.099673073,-0.2706230245,0.365925524,0.2801503465,-1.168635344,1.649336143,1.452407954,1.291108385,-0.3818186976,0.0339002797,-0.2849230825,0.2007623057,0,-0.5640272861,0.6077993484,1.092342322,-0.776836452,-0.4146862641,-0.1402083039,0,-0.2300776439,-0.145459402,0.9380199291,0.2087373825,-0.619274437,0.008344891145,0.03827110288,0.008344891145,0,0.165,0.17,0,0
3.09,0.3692405064,-0.1419388904,-0.9724923848,0.02504100372,-0.3098164712,0.9507963789,0.009999833334,0.9999500004,0.5,-0.5,1.207662203,1.649336143,-1.334442231,1.105751067,-0.2596996013,0.3581571594,0.2760034839,-1.170037427,1.649336143,1.450107177,1.289653791,-0.3724384983,0.03598765353,-0.2911158269,0.1981332603,0,-0.5605020344,0.6129162096,1.095611152,-0.7784530019,-0.4245033699,-0.1401495831,0,-0.2362984336,-0.1466386484,0.9476131107,0.2163562295,-0.6246424553,0.008348886213,0.03827162501,0.008348886213,0,0.165,0.175,0,0
3.1,0.3594690288,-0.1416859442,-0.9817721884,0.02554720217,-0.3050586364,0.9523335699,0.004999979167,0.9999875,0,0,1.209643536,1.649336143,-1.340047251,1.111880229,-0.2487434898,0.3503726294,0.2717584502,-1.171438923,1.649336143,1.447744193,1.288187405,-0.3629623672,0.03815121582,-0.2973622515,0.1953460521,0,-0.5567479718,0.6178256551,1.098706208,-0.7797404185,-0.4343304839,-0.139978695,0,-0.2425839206,-0.1478080848,0.9570098874,0.2241147673,-0.6298396231,0.008352832367,0.03827214766,0.008352832367,0,0.165,0.17,0,0
3.11,0.3496056886,-0.1414279672,-0.9908642095,0.02604714882,-0.3050586364,0.9523335699,0.004999979167,0.9999875,0.5,0,1.211596996,1.649336143,-1.345614731,1.118058486,-0.2377564277,0.3425752252,0.2674151454,-1.172838709,1.649336143,1.445318354,1.286709324,-0.3533922684,0.04039236349,-0.3036606477,0.1924070283,0,-0.5527915597,0.6225262988,1.10164869,-0.7807018035,-0.4441750452,-0.1396966541,0,-0.2489141855,-0.1489650931,0.9661897046,0.2320129289,-0.6348488677,0.008356726302,0.03827267041,0.008356726302,0,0.17,0.17,0,0
3.12,0.3396523837,-0.1411650225,-0.9997644863,0.02654071175,-0.3002931752,0.9538469526,0.004999979167,0.9999875,0,0,1.213521066,1.649336143,-1.351142647,1.124283748,-0.2267399408,0.3347682072,0.2629733949,-1.174235676,1.649336143,1.442829212,1.285219673,-0.3437303713,0.04271249278,-0.3100091364,0.1893229059,0,-0.5486630273,0.6270168954,1.104462545,-0.7813404173,-0.454047536,-0.1393024139,0,-0.2552955111,-0.1501070232,0.9751559458,0.24004305,-0.6396724491,0.008360564834,0.03827319282,0.008360564834,0,0.17,0.17,0,0
3.13,0.3296110509,-0.1408971746,-1.008469155,0.02702776234,-0.3002931752,0.9538469526,0.004999979167,0.9999875,0.5,0,1.215414295,1.649336143,-1.356629277,1.130553917,-0.2156953154,0.326954803,0.2584329196,-1.1756287,1.649336143,1.440276257,1.283718603,-0.3339788119,0.04511292328,-0.3164058609,0.1860886721,0,-0.5442970267,0.6312963385,1.10710139,-0.7816459561,-0.4638928575,-0.1387960805,0,-0.2617217668,-0.1512311979,0.9839010825,0.248200566,-0.6443038713,0.008364344906,0.03827371448,0.008364344906,0,0.17,0.17,0,0
3.14,0.3194836652,-0.1406244894,-1.016974452,0.02750817524,-0.2955202067,0.9553364891,0.004999979167,0.9999875,0.5,0,1.217275182,1.649336143,-1.362072247,1.136866881,-0.2046243015,0.3191383435,0.253793991,-1.177016661,1.649336143,1.437659039,1.282206291,-0.324139801,0.04759492894,-0.3228488996,0.1827165515,0,-0.5397652137,0.6353636588,1.1096188,-0.7816284145,-0.4737497812,-0.1381777134,0,-0.2681888524,-0.1523349179,0.9924197161,0.2564800167,-0.6487384016,0.008368063356,0.03827423497,0.008368063356,0,0.17,0.165,0,0
3.15,0.3092722387,-0.1403470337,-1.025276709,0.02798182841,-0.2907398501,0.9568021423,0.004999979167,0.9999875,0,0,1.219102348,1.649336143,-1.367469899,1.143220517,-0.1935281135,0.3113220593,0.2490564932,-1.178398438,1.649336143,1.434977151,1.280682941,-0.3142156039,0.05015972911,-0.3293362836,0.1792082536,0,-0.5350544912,0.639218022,1.112006079,-0.7812854631,-0.483599149,-0.1374459408,0,-0.2747093888,-0.1534154669,1.000721688,0.2648717537,-0.6529839335,0.008371717259,0.03827475383,0.008371717259,0,0.17,0.165,0,0
3.16,0.2989788197,-0.1400648757,-1.033372361,0.02844860307,-0.2907398501,0.9568021423,0.004999979167,0.9999875,0.5,0,1.22089443,1.649336143,-1.372820444,1.149612698,-0.1824080527,0.3035092047,0.2442205017,-1.179772897,1.649336143,1.432230057,1.279148787,-0.304208387,0.05280844665,-0.3358661229,0.1755663296,0,-0.5301561687,0.642858727,1.11425723,-0.7806161298,-0.4934245315,-0.136605743,0,-0.2812287031,-0.1544701168,1.008756994,0.2733815023,-0.6569990665,0.008375303723,0.03827527066,0.008375303723,0,0.17,0.165,0,0
3.17,0.2886054918,-0.1397780849,-1.041257936,0.02890838371,-0.2859522251,0.9582438755,0.004999979167,0.9999875,0,0,1.222650094,1.649336143,-1.378122006,1.156041285,-0.1712654804,0.2957030434,0.2392862564,-1.181138955,1.649336143,1.42941777,1.277604086,-0.2941208171,0.05554226167,-0.3424361136,0.1717979827,0,-0.5251006237,0.6462852043,1.116394947,-0.7796244546,-0.5032369052,-0.1356529856,0,-0.2877924601,-0.1554961333,1.016565667,0.2819910922,-0.6608166286,0.0083788199,0.03827578501,0.0083788199,0,0.17,0.16,0,0
3.18,0.2781543725,-0.1394867317,-1.048930066,0.02936105812,-0.2859522251,0.9582438755,0.004999979167,0.9999875,0.5,0,1.224368073,1.649336143,-1.383373012,1.162504137,-0.1601015309,0.2879067988,0.2342538873,-1.182495485,1.649336143,1.426539845,1.276049124,-0.2839551604,0.05836217259,-0.3490442799,0.1679043637,0,-0.5198645955,0.6494970145,1.118401675,-0.7783083561,-0.5130095517,-0.1345897934,0,-0.294379448,-0.1564907811,1.024128219,0.290697903,-0.6644205254,0.008382263086,0.03827629645,0.008382263086,0,0.17,0.165,0,0
3.19,0.2676276128,-0.1391908878,-1.056385478,0.02980651738,-0.2811574513,0.9596616527,0.004999979167,0.9999875,0,0,1.226047117,1.649336143,-1.388571658,1.168999107,-0.1489175142,0.2801237153,0.2291237918,-1.183841383,1.649336143,1.423596051,1.274484216,-0.2737138782,0.06126915162,-0.3556884851,0.1638909794,0,-0.5144613442,0.6524938468,1.12028664,-0.7766704879,-0.522741355,-0.1334169128,0,-0.3009849769,-0.1574513296,1.03144026,0.2994950781,-0.6678071473,0.008385630596,0.03827680456,0.008385630596,0,0.17,0.16,0,0
3.2,0.2570273959,-0.1388906258,-1.063620999,0.03024465583,-0.2811574513,0.9596616527,0.004999979167,0.9999875,0.5,0,1.227686027,1.649336143,-1.393716271,1.175524046,-0.1377146478,0.2723570104,0.2238963782,-1.185175552,1.649336143,1.420586201,1.272909703,-0.2633994756,0.0642641024,-0.3623665566,0.1597633218,0,-0.5089039118,0.6552755177,1.122058691,-0.7747134612,-0.532431224,-0.1321352278,0,-0.3076042732,-0.1583750585,1.038497642,0.3083755025,-0.6709731545,0.008388919853,0.0382773089,0.008388919853,0,0.17,0.16,0,0
3.21,0.2463559361,-0.1385860194,-1.070633553,0.03067537111,-0.2763556486,0.9610554383,0.004999979167,0.9999875,0,0,1.22928366,1.649336143,-1.398805311,1.182076801,-0.1264940609,0.2646098758,0.218572066,-1.186496904,1.649336143,1.417510158,1.271325953,-0.2530144992,0.06734785743,-0.3690762882,0.1555289214,0,-0.5032252109,0.6578419699,1.123741594,-0.7724414701,-0.5420926597,-0.1307457637,0,-0.3142324531,-0.1592592635,1.045296429,0.31733182,-0.6739154625,0.008392128392,0.03827780903,0.008392128392,0,0.17,0.16,0,0
3.22,0.235615478,-0.1382771434,-1.077420166,0.03109856413,-0.2763556486,0.9610554383,0.004999979167,0.9999875,0.5,0,1.230838949,1.649336143,-1.403837563,1.18865522,-0.1152566449,0.2568854611,0.2131511394,-1.187804362,1.649336143,1.414367834,1.26973336,-0.2425615349,0.07052117563,-0.3758154428,0.1511861903,0,-0.4973693264,0.6601932708,1.12529133,-0.7698513666,-0.5516749372,-0.129249685,0,-0.3208645433,-0.1601012618,1.051832922,0.3263564411,-0.6766312609,0.008395253895,0.03827830453,0.008395253895,0,0.17,0.16,0,0
3.23,0.2248082955,-0.1379640735,-1.083977958,0.03151413908,-0.271546937,0.9624251976,0.004999979167,0.9999875,0,0,1.232350811,1.649336143,-1.408811256,1.195257153,-0.1040037316,0.2491869474,0.20763439,-1.189096859,1.649336143,1.411159188,1.268132347,-0.2320432057,0.07378474004,-0.3825817554,0.1467441393,0,-0.491380629,0.662329612,1.126739542,-0.7669491621,-0.5611996584,-0.1276482963,0,-0.327495483,-0.160898398,1.058103652,0.3354415553,-0.6791180188,0.008398294016,0.03827879498,0.008398294016,0,0.17,0.155,0,0
3.24,0.2139366908,-0.1376468864,-1.090304152,0.03192200345,-0.271546937,0.9624251976,0.004999979167,0.9999875,0.5,0,1.233818252,1.649336143,-1.413725062,1.201880449,-0.09273633621,0.2415174558,0.2020223935,-1.190373342,1.649336143,1.407884233,1.266523363,-0.2214621691,0.07713915559,-0.3893729356,0.1422075936,0,-0.4852635874,0.6642513078,1.128087419,-0.7637373076,-0.5706598028,-0.1259430412,0,-0.3341201297,-0.1616480496,1.064105388,0.3445791437,-0.6813734903,0.008401246588,0.03827927995,0.008401246588,0,0.17,0.155,0,0
3.25,0.2030029934,-0.1373256595,-1.096396066,0.03232206799,-0.2667314367,0.9637708964,0.004999979167,0.9999875,0.5,0,1.235240328,1.649336143,-1.418577698,1.208522962,-0.08145546201,0.2338800827,0.1963157954,-1.191632772,1.649336143,1.404543032,1.264906883,-0.2108211153,0.08058494703,-0.3961866705,0.1223363736,-0.1022595758,-0.3148238476,0.6661059923,1.002114026,-0.7518622144,-0.4582183313,-0.1241355021,0,-0.3407332647,-0.1623476332,1.069835138,0.3537609922,-0.6833957202,0.008404109543,0.03827975903,0.008404109543,0,0.17,0.155,0,0
3.26,0.1920095591,-0.1370004713,-1.102251119,0.03271424674,-0.2619092681,0.9650925009,0.004999979167,0.9999875,0.5,0,1.236463692,1.648313547,-1.421725937,1.215184022,-0.07143432176,0.2263614606,0.1917336121,-1.192874127,1.649336143,1.4011357,1.263283407,-0.2001227639,0.08412255695,-0.4030206277,0.1086753784,-0.1677781092,-0.2064273752,0.6674484681,0.9226835085,-0.7458163501,-0.390084652,-0.1222273986,0,-0.3473296022,-0.1629946097,1.075290151,0.3629787045,-0.6851830509,0.008399119271,0.03828023179,0.008399119271,0.005,0.17,0.15,0,0
3.27,0.1809587689,-0.1366714011,-1.107866828,0.03309845702,-0.2570805519,0.9663899781,0.004999979167,0.9999875,0.5,0,1.237550446,1.646635766,-1.42379021,1.221858507,-0.06220748667,0.2189032971,0.1878327656,-1.194096401,1.649336143,1.397662404,1.26165346,-0.1893698624,0.087752344,-0.4098724582,0.1043448857,-0.1724681227,-0.1961910556,0.6687293506,0.9189101512,-0.7454192208,-0.394353547,-0.1202205883,0,-0.3539037771,-0.16358649,1.080467905,0.3722237191,-0.6867341121,0.0083892032,0.03828069784,0.0083892032,0.005,0.17,0.145,0,0
3.28,0.1698530283,-0.136338529,-1.113240807,0.03347461945,-0.2522454086,0.9676632957,0.004999979167,0.9999875,0.5,0,1.238593895,1.644911085,-1.425752121,1.2285458,-0.05301838516,0.2114491049,0.1838892301,-1.195298607,1.649336143,1.394123366,1.260017596,-0.1785651833,0.09147458119,-0.4167397993,0.0999359869,-0.1771929699,-0.1858728309,0.6697980593,0.9149847588,-0.7448786935,-0.3985206734,-0.1181170615,0,-0.3604503874,-0.1641208411,1.085366134,0.3814873188,-0.6880478509,0.008379024025,0.03828115676,0.008379024025,0.01,0.17,0.145,0,0
3.29,0.1586947661,-0.1360019358,-1.11837077,0.03384265791,-0.2474039593,0.9689124217,0.004999979167,0.9999875,0.5,0,1.239593255,1.643139155,-1.427610849,1.235243781,-0.04386853757,0.2040003179,0.1799040234,-1.196479777,1.649336143,1.390518862,1.258376387,-0.167711522,0.09528945437,-0.4236202778,0.09545285983,-0.1819422736,-0.1754914157,0.6706555114,0.9109196461,-0.7441987866,-0.4025925005,-0.1159168794,0,-0.3669810631,-0.164595291,1.089997562,0.3907586299,-0.6891363512,0.008368591474,0.03828160817,0.008368591474,0.015,0.17,0.14,0,0
3.3,0.1474864336,-0.1356617031,-1.123254531,0.03420249956,-0.2425563248,0.970137325,0.004999979167,0.9999875,0.5,0,1.240547783,1.641319733,-1.429365763,1.241950336,-0.03475934111,0.1965583301,0.1758780984,-1.197638946,1.649336143,1.386849051,1.256730434,-0.1568115464,0.09919704067,-0.4305116413,0.09089450568,-0.1867417499,-0.1650089191,0.6713027428,0.9066823719,-0.7433820232,-0.4065327473,-0.1136284226,0,-0.3734392404,-0.1650075346,1.094316271,0.4000348562,-0.6899608142,0.008357916612,0.03828205166,0.008357916612,0.015,0.175,0.135,0,0
3.31,0.1362305032,-0.1353179134,-1.127889999,0.03455407486,-0.2377026264,0.9713379749,0.004999979167,0.9999875,0.5,0,1.241456728,1.639452315,-1.431015853,1.248663364,-0.0256925174,0.1891245098,0.1718127709,-1.198775231,1.649336143,1.383114659,1.255080359,-0.1458683837,0.1031973892,-0.4374112495,0.08626762418,-0.1915634414,-0.1544714746,0.6717409071,0.9023064797,-0.7424334433,-0.4103687261,-0.1112480184,0,-0.3798701807,-0.165355339,1.098364653,0.4093006255,-0.6905592419,0.008347009254,0.03828248686,0.008347009254,0.02,0.175,0.13,0,0
3.32,0.1249294679,-0.1349706494,-1.132275185,0.03489731754,-0.2328429855,0.9725143413,0.004999979167,0.9999875,0.5,0,1.242319405,1.637536681,-1.432560567,1.255380773,-0.0166694526,0.1817001754,0.1677090836,-1.199887711,1.649336143,1.379315957,1.253426805,-0.1348847371,0.1072903955,-0.4443168419,0.08157380238,-0.1964147819,-0.1438695324,0.6719712756,0.8977815915,-0.7413564259,-0.4140858015,-0.1087801776,0,-0.3862514377,-0.1656365486,1.102126772,0.4185488998,-0.6909191261,0.008335881836,0.0382829134,0.008335881836,0.02,0.175,0.13,0,0
3.33,0.1135858401,-0.134619995,-1.136408196,0.03523216461,-0.2279775235,0.973666395,0.004999979167,0.9999875,0.5,0,1.243135143,1.635572533,-1.433999263,1.262100485,-0.007691636683,0.1742866111,0.1635682256,-1.200975512,1.649336143,1.375453443,1.25177044,-0.1238634694,0.1114758845,-0.4512260332,0.07681719425,-0.2012848115,-0.133221873,0.671995236,0.8931197081,-0.7401548322,-0.4176910643,-0.1062275364,0,-0.3925774017,-0.1658490904,1.105601526,0.4277704335,-0.6910409171,0.008324546858,0.03828333091,0.008324546858,0.025,0.175,0.125,0,0
3.34,0.1022021505,-0.1342660343,-1.140287239,0.03555855636,-0.2231063621,0.9747941071,0.004999979167,0.9999875,0.5,0,1.243903315,1.633559685,-1.435331481,1.268820438,0.001239560398,0.1668850628,0.159391315,-1.202037788,1.649336143,1.371527669,1.250111949,-0.1128074542,0.1157535888,-0.4581364423,0.07199678639,-0.2062001874,-0.122489834,0.6718142923,0.8882865817,-0.7388325163,-0.421147308,-0.1035928541,0,-0.3988424284,-0.1659909788,1.108788018,0.4369559247,-0.6909253505,0.00831301817,0.03828373904,0.00831301817,0.025,0.175,0.12,0,0
3.35,0.09078094749,-0.1339088522,-1.14391062,0.03587643638,-0.2182296231,0.9758974493,0.004999979167,0.9999875,0.5,0,1.244623282,1.631497683,-1.43655638,1.275538581,0.01012242622,0.1594967377,0.1551798419,-1.203073716,1.649336143,1.367539244,1.248452039,-0.101719574,0.1201231481,-0.4650456958,0.06711920055,-0.2111317967,-0.1117198005,0.6714300641,0.8833160322,-0.7373935891,-0.4244830252,-0.1008790055,0,-0.40504088,-0.1660603206,1.11168559,0.4460960287,-0.6905734698,0.008301308428,0.03828413743,0.008301308428,0.03,0.175,0.115,0,0
3.36,0.07932479566,-0.1335485341,-1.147276742,0.03618575153,-0.2133474283,0.9769763942,0.004999979167,0.9999875,0.5,0,1.245294474,1.629386365,-1.437673578,1.282252881,0.01895558654,0.1521228018,0.1509350117,-1.204082506,1.649336143,1.363488836,1.246791436,-0.09060271808,0.1245841084,-0.4719514305,0.06218731911,-0.2160772247,-0.1009168657,0.6708442857,0.8782089025,-0.7358416351,-0.427695183,-0.09808898192,0,-0.4111670976,-0.1660553198,1.114293778,0.4551813774,-0.689986595,0.008289432881,0.03828452576,0.008289432881,0.035,0.175,0.115,0,0
3.37,0.06783627518,-0.1331851659,-1.150384108,0.03648645195,-0.2084598998,0.9780309147,0.004999979167,0.9999875,0.5,0,1.245916348,1.627225593,-1.438682746,1.288961324,0.02773767556,0.1447643854,0.1466580598,-1.205063396,1.649336143,1.359377165,1.245130883,-0.07945978029,0.1291359221,-0.4788512965,0.05720008182,-0.2210637619,-0.09004194861,0.6700588058,0.8729297451,-0.734181484,-0.4307459792,-0.0952258855,0,-0.417215425,-0.1659742816,1.116612331,0.4642025938,-0.6891663297,0.008277407501,0.0382849037,0.008277407501,0.035,0.175,0.11,0,0
3.38,0.0563179807,-0.132818834,-1.153231318,0.03677849105,-0.2035671599,0.9790609845,0.004999979167,0.9999875,0.5,0,1.246488348,1.625014955,-1.439583166,1.295661912,0.03646697301,0.1374225706,0.1423506,-1.206015655,1.649336143,1.35520501,1.24347114,-0.06829365698,0.1337779481,-0.4857429598,0.05216534326,-0.2260516292,-0.0791560728,0.6690755864,0.8675245794,-0.7324159338,-0.4336762364,-0.09229292567,0,-0.4231802121,-0.1658156172,1.118641191,0.4731503089,-0.6881145525,0.008265247128,0.03828527094,0.008265247128,0.04,0.175,0.105,0,0
3.39,0.04477252034,-0.1324496251,-1.155817073,0.03706182554,-0.1986693308,0.9800665778,0.004999979167,0.9999875,0.5,0,1.247010002,1.622754439,-1.440374727,1.302352668,0.04514221881,0.1300984112,0.1380138377,-1.206938584,1.649336143,1.350973208,1.241812984,-0.05710724507,0.1385094512,-0.4926241053,0.04708089344,-0.231076698,-0.06820761284,0.6678967023,0.8619472419,-0.7305505971,-0.4364381814,-0.08929341522,0,-0.4290558217,-0.1655778476,1.120380493,0.4820151779,-0.6868334091,0.008252969735,0.03828562718,0.008252969735,0.045,0.175,0.1,0,0
3.4,0.03320251477,-0.1320776266,-1.158140171,0.03733641542,-0.193766535,0.9810476695,0.004999979167,0.9999875,0.5,0,1.247480811,1.620443672,-1.441056803,1.309031635,0.05376169123,0.1227929053,0.1336494559,-1.207831519,1.649336143,1.34668265,1.240157205,-0.04590344014,0.1433296029,-0.4994924394,0.04195441137,-0.2360996139,-0.05725606312,0.6665243402,0.8562427593,-0.7285875374,-0.4390720144,-0.08623076611,0,-0.4348366365,-0.1652596075,1.121830553,0.4907878954,-0.6853253049,0.008240591673,0.03828597213,0.008240591673,0.045,0.175,0.1,0,0
3.41,0.02161059614,-0.1317029261,-1.160199507,0.03760222395,-0.188858895,0.9820042351,0.004999979167,0.9999875,0.5,0,1.247900355,1.618082676,-1.441629363,1.315696879,0.06232411882,0.1155070299,0.1292587357,-1.208693826,1.649336143,1.342334284,1.238504609,-0.03468513462,0.1482374819,-0.5063456924,0.03678376512,-0.2411556746,-0.04625115919,0.6649607976,0.8503654701,-0.7265330854,-0.4415307671,-0.08310585507,0,-0.4405346338,-0.1648596488,1.123006403,0.4994589051,-0.6836061156,0.008228132287,0.03828630552,0.008228132287,0.05,0.175,0.095,0,0
3.42,0.009999407191,-0.1313256115,-1.161994078,0.03785921767,-0.1839465335,0.9829362506,0.004999979167,0.9999875,0.5,0,1.248268193,1.615671119,-1.442091875,1.322346487,0.07082777352,0.108241699,0.124843428,-1.209524885,1.649336143,1.337928937,1.236856013,-0.02345507058,0.1532320709,-0.5131817536,0.03157526781,-0.2462152815,-0.0352375045,0.663208482,0.8443481968,-0.724389436,-0.4438431849,-0.0799300747,0,-0.4460918704,-0.1643768443,1.123865281,0.5080200915,-0.6816393122,0.008215609419,0.03828662708,0.008215609419,0.05,0.175,0.09,0,0
3.43,-0.001628399826,-0.1309457712,-1.163522977,0.03810736643,-0.1790295734,0.9838436928,0.004999979167,0.9999875,0.5,0,1.248583945,1.613208966,-1.44244425,1.328978571,0.07927125549,0.1009978047,0.1204049962,-1.210324185,1.649336143,1.333468019,1.235212244,-0.01221641777,0.1583122719,-0.5199981467,0.02633184171,-0.2512744729,-0.02422176563,0.6612699096,0.8381925082,-0.7221600214,-0.4460080449,-0.07669940144,0,-0.4515549104,-0.1638101904,1.124451224,0.516461158,-0.6794672244,0.00820304325,0.03828693659,0.00820304325,0.055,0.175,0.085,0,0
3.44,-0.01327016407,-0.1305634938,-1.164785397,0.03834664333,-0.1741081376,0.9847265389,0.004999979167,0.9999875,0.5,0,1.248847264,1.610696221,-1.442686468,1.33559127,0.08765318057,0.09377620447,0.1159449157,-1.211091179,1.649336143,1.328952469,1.233574143,-0.0009719055362,0.1634768834,-0.526792819,0.02105345624,-0.2563520579,-0.01317812287,0.6591477042,0.8318724081,-0.7198506989,-0.4479977402,-0.07342013758,0,-0.4569010235,-0.1631588102,1.124750851,0.5247735568,-0.6770802089,0.00819045471,0.0382872338,0.00819045471,0.06,0.175,0.08,0,0
3.45,-0.02492321712,-0.130178868,-1.165780628,0.03857702477,-0.1691823491,0.9855847669,0.004999979167,0.9999875,0.5,0,1.249057798,1.608132701,-1.442818249,1.342182747,0.09597190465,0.08657769748,0.1114649383,-1.211825381,1.649336143,1.324383459,1.231942554,0.01027560297,0.168724619,-0.533563621,0.01574297103,-0.2614442881,-0.002113420188,0.6568445962,0.8253890645,-0.7174655833,-0.4498109408,-0.07009612109,0,-0.4621247953,-0.1624219559,1.124765265,0.5329484078,-0.6744818267,0.008177864261,0.0382875185,0.008177864261,0.06,0.175,0.08,0,0
3.46,-0.03658488396,-0.129791983,-1.166508061,0.03879849043,-0.164252331,0.9864183553,0.004999979167,0.9999875,0.5,0,1.249215228,1.605518258,-1.442839383,1.348751193,0.1042257953,0.07940304165,0.1069668289,-1.212526342,1.649336143,1.319762211,1.230318335,0.02152325562,0.1740541031,-0.5403084393,0.01040670204,-0.2665202698,0.008927560648,0.6543634204,0.8187761648,-0.7150051447,-0.4514776642,-0.06673126001,0,-0.4672208732,-0.1615990111,1.124495701,0.5409769589,-0.6716758388,0.00816529318,0.03828779049,0.00816529318,0.065,0.18,0.075,0,0
3.47,-0.04825248396,-0.129402928,-1.166967183,0.03901102327,-0.1593182066,0.9872272834,0.004999979167,0.9999875,0.5,0,1.249319295,1.602853055,-1.442750107,1.355294828,0.1124135569,0.0722529902,0.1024520523,-1.213193655,1.649336143,1.315090003,1.228702345,0.03276821263,0.1794638727,-0.5470251977,0.005042332592,-0.2716159349,0.01999452443,0.6517071153,0.8119868573,-0.7124777829,-0.4529506323,-0.0633295265,0,-0.4721839769,-0.1606894929,1.123943517,0.5488505983,-0.6686661973,0.008152764887,0.03828804958,0.008152764887,0.07,0.18,0.07,0,0
3.48,-0.05992333186,-0.1290117923,-1.167157582,0.03921460953,-0.1543800993,0.9880115308,0.004999979167,0.9999875,0.5,0,1.249369718,1.600136896,-1.442550162,1.361811899,0.1205334255,0.06512821237,0.09792254597,-1.21382695,1.649336143,1.310368163,1.22709545,0.0440076478,0.1849523787,-0.5537118597,-0.0003424496025,-0.2766893481,0.03102767674,0.6488787206,0.8050678833,-0.7098820653,-0.4542725736,-0.05989495455,0,-0.4770088861,-0.1596930533,1.123110173,0.5565608668,-0.6654570193,0.008140301499,0.03828829562,0.008140301499,0.07,0.18,0.065,0,0
3.49,-0.07159473878,-0.1286186656,-1.167078942,0.03940923873,-0.1494381325,0.9887710779,0.004999979167,0.9999875,0.5,0,1.249366294,1.597370002,-1.442239885,1.368300686,0.1285841043,0.05802939172,0.09337982024,-1.214425899,1.649336143,1.305598074,1.225498519,0.05523874953,0.1905179873,-0.5603664299,-0.005750158122,-0.281777466,0.04207768577,0.6458813764,0.797971077,-0.7072271292,-0.4553951813,-0.05643162798,0,-0.4816904859,-0.1586094806,1.121997253,0.5640994708,-0.6620526045,0.008127927724,0.03828852844,0.008127927724,0.075,0.18,0.06,0,0
3.5,-0.08326401317,-0.1282236374,-1.166731047,0.03959490367,-0.1444924297,0.9895059059,0.004999979167,0.9999875,0.5,0,1.249308792,1.594552228,-1.441819109,1.3747595,0.1365638151,0.05095712043,0.08882586842,-1.214990216,1.649336143,1.300781169,1.223912424,0.06645872206,0.196158982,-0.5669869559,-0.01117291535,-0.2868366412,0.05308319229,0.6427183201,0.790745016,-0.7045104087,-0.4563630532,-0.05294057105,0,-0.4862416212,-0.1574387006,1.120620668,0.571459312,-0.6584707661,0.008115666993,0.03828874792,0.008115666993,0.08,0.18,0.06,0,0
3.51,-0.09492846181,-0.1278267975,-1.16611378,0.03977160045,-0.1395431146,0.9902159962,0.004999979167,0.9999875,0.5,0,1.249197063,1.591683861,-1.441288277,1.381186683,0.1444712653,0.04391201634,0.08426223789,-1.215519621,1.649336143,1.295918753,1.222338037,0.07766492874,0.2018735752,-0.5735716636,-0.01661213565,-0.2918948559,0.06408218208,0.6393928851,0.7833522359,-0.7017400083,-0.4571383323,-0.04943516985,0,-0.4906040901,-0.1561807772,1.118939689,0.5786295721,-0.6546762551,0.008103545237,0.03828895392,0.008103545237,0.085,0.18,0.055,0,0
3.52,-0.1065853908,-0.1274282353,-1.165227122,0.03993932843,-0.134590311,0.9909013312,0.004999979167,0.9999875,0.5,0,1.249030942,1.588764913,-1.440647455,1.387580612,0.1523047876,0.03689461626,0.07969085457,-1.216013973,1.649336143,1.291012712,1.22077623,0.08885432563,0.2076598709,-0.5801184261,-0.02206513594,-0.2969480922,0.07506813128,0.6359084983,0.7757936644,-0.6989194297,-0.4577200776,-0.04591054045,0,-0.4948259366,-0.1548359125,1.116998401,0.5856052413,-0.6507133502,0.008091587555,0.03828914637,0.008091587555,0.085,0.18,0.05,0,0
3.53,-0.1182321065,-0.1270280408,-1.164071153,0.04009809027,-0.1296341426,0.9915618937,0.004999979167,0.9999875,0.5,0,1.24881029,1.585795432,-1.439896773,1.393939697,0.1600627243,0.02990542196,0.07511365379,-1.216473079,1.649336143,1.286064453,1.219227871,0.1000243096,0.2135159233,-0.5866255596,-0.02752536755,-0.3019629588,0.08599502299,0.6322686776,0.7681053476,-0.6960463439,-0.4581409546,-0.04237392073,0,-0.4988849269,-0.1534044473,1.114784707,0.5923779377,-0.6465737825,0.00807981971,0.03828932518,0.00807981971,0.09,0.18,0.045,0,0
3.54,-0.1298659167,-0.1266263034,-1.16264605,0.04024789188,-0.1246747334,0.9921976672,0.004999979167,0.9999875,0.5,0,1.248535037,1.582775802,-1.439036823,1.400262384,0.1677437778,0.02294495852,0.07053224425,-1.216896818,1.649336143,1.281075603,1.217693826,0.1111721567,0.2194397027,-0.5930912975,-0.03299425501,-0.3069666801,0.09689934232,0.6284770294,0.7602506992,-0.6931292616,-0.458364192,-0.03882957666,0,-0.5027764537,-0.1518868602,1.112300584,0.5989403504,-0.6422624931,0.008068269222,0.03828949028,0.008068269222,0.095,0.18,0.04,0,0
3.55,-0.1414841313,-0.1262231128,-1.160952091,0.0403887425,-0.1197122073,0.9928086359,0.004999979167,0.9999875,0.5,0,1.248205094,1.579706135,-1.43806783,1.406547154,0.1753462848,0.0160136659,0.06594860233,-1.217285114,1.649336143,1.276047839,1.216174958,0.1222951626,0.2254291062,-0.5995139224,-0.03846916205,-0.311955135,0.1077747091,0.6245372459,0.7522306943,-0.6901713087,-0.4583890361,-0.03528179553,0,-0.506496016,-0.1502837674,1.109548052,0.605285391,-0.6377845047,0.008056962863,0.03828964163,0.008056962863,0.095,0.185,0.035,0,0
3.56,-0.1530840636,-0.1258185583,-1.158989651,0.04052065461,-0.1147466884,0.9933947843,0.004999979167,0.9999875,0.5,0,1.247820402,1.576586584,-1.436990083,1.412792526,0.1828685917,0.009111952817,0.06136471196,-1.217637931,1.649336143,1.270982879,1.21467212,0.1333906431,0.2314819601,-0.6058917674,-0.04394343916,-0.3168945147,0.118575446,0.6204531023,0.7440818005,-0.6871689431,-0.4582485747,-0.03173487232,0,-0.5100392671,-0.1485959217,1.106529204,0.6114062051,-0.6331449412,0.008045927971,0.03828977919,0.008045927971,0.1,0.185,0.035,0,0
3.57,-0.164663031,-0.1254127294,-1.156759203,0.04064364399,-0.1097783008,0.993956098,0.004999979167,0.9999875,0.5,0,1.247380968,1.573417639,-1.435804328,1.418997057,0.1903094097,0.002240263386,0.05678222622,-1.21795528,1.649336143,1.265882486,1.213186161,0.1444559351,0.2375960221,-0.6122232168,-0.04941859786,-0.3218118363,0.1293373267,0.6162284534,0.7357677306,-0.6841310777,-0.4579065124,-0.02818961526,0,-0.5134200287,-0.1468242107,1.103260066,0.6172982101,-0.6283623629,0.00803519339,0.03828990297,0.00803519339,0.105,0.185,0.03,0,0
3.58,-0.1762183562,-0.1250057151,-1.15426132,0.04075772971,-0.1048071688,0.9944925627,0.004999979167,0.9999875,0.5,0,1.246886782,1.570199521,-1.434510955,1.425159342,0.197667087,-0.004601047391,0.05220316109,-1.218237176,1.649336143,1.260748286,1.211717919,0.1554885358,0.2437690042,-0.6185068405,-0.05489202565,-0.3267029033,0.1400541308,0.6118672309,0.7272895764,-0.6810604214,-0.4573622842,-0.02466067152,0,-0.5165805405,-0.1449696555,1.09970138,0.6229491256,-0.6234022106,0.008024787261,0.03829001294,0.008024787261,0.105,0.185,0.025,0,0
3.59,-0.1877473682,-0.1245976044,-1.151496673,0.04086293409,-0.09983341665,0.9950041653,0.004999979167,0.9999875,0.5,0,1.246337862,1.566932492,-1.433110414,1.431278014,0.2049399828,-0.0114116516,0.04762953825,-1.218483783,1.649336143,1.25558248,1.210268222,0.1664855496,0.2499984955,-0.6247408626,-0.0603568563,-0.3315330925,0.1506799531,0.6073734396,0.7186848249,-0.6779520861,-0.4566498912,-0.02114213079,0,-0.5195701055,-0.1430334088,1.095896494,0.6283585524,-0.618309276,0.008014738172,0.03829010917,0.008014738172,0.11,0.185,0.02,0,0
3.6,-0.199247403,-0.124188486,-1.148466033,0.04095928277,-0.09485716863,0.9954908928,0.004999979167,0.9999875,0.5,0,1.245734293,1.563617161,-1.431603614,1.437351749,0.212126831,-0.01819117247,0.04306303934,-1.218695204,1.649336143,1.250386779,1.208837888,0.1774445145,0.256282081,-0.6309239553,-0.06581476267,-0.3363297531,0.1612505897,0.6027511541,0.7099169258,-0.6748154333,-0.4557329307,-0.01764163587,0,-0.5223673487,-0.1410167521,1.091834013,0.6335187795,-0.6130758342,0.008005075945,0.03829019169,0.008005075945,0.115,0.185,0.015,0,0
3.61,-0.2107158051,-0.1237784482,-1.145170266,0.04104680465,-0.0898785492,0.995952733,0.004999979167,0.9999875,0.5,0,1.245076146,1.560253863,-1.429991108,1.44337926,0.2192260003,-0.0249393268,0.03850571003,-1.218871621,1.649336143,1.245163106,1.20742772,0.1883628546,0.2626172688,-0.6370547137,-0.0712631339,-0.3410886734,0.1717600289,0.5980045148,0.7009871204,-0.6716527326,-0.4546110003,-0.0141634557,0,-0.524968641,-0.1389210934,1.087516181,0.6384242025,-0.607707243,0.007995829717,0.03829026056,0.007995829717,0.12,0.185,0.01,0,0
3.62,-0.2221499278,-0.1233675792,-1.14161034,0.04112553192,-0.0848976828,0.9963896745,0.004999979167,0.9999875,0.5,0,1.244363514,1.556842976,-1.428273508,1.449359305,0.2262358715,-0.03165585412,0.03395960003,-1.219013255,1.649336143,1.239913419,1.206038509,0.1992380165,0.2690015108,-0.6431317861,-0.07669476681,-0.3457740597,0.1821616379,0.5931377246,0.6919344649,-0.668457612,-0.4533194644,-0.01071182964,0,-0.527370545,-0.136747964,1.082945282,0.6430694852,-0.6022088992,0.007564848327,0.03829031586,0.007564848327,0.12,0.185,0.01,0,0
3.63,-0.2335471349,-0.1229559668,-1.13778732,0.04119550004,-0.07991469397,0.9968017063,0.004999979167,0.9999875,0.5,0,1.243596567,1.553385236,-1.426451892,1.455290683,0.2331552161,-0.03834043024,0.02942640539,-1.219120374,1.649336143,1.234639714,1.20467103,0.2100674693,0.2754322057,-0.6491538751,-0.08211157465,-0.350414137,0.1924919337,0.5881550444,0.6827215807,-0.6652399787,-0.4518212408,-0.007287124899,0,-0.5295879947,-0.1344990153,1.078137223,0.6474524435,-0.5965995761,0.006465346559,0.03829035768,0.006465346559,0.125,0.19,0.005,0,0
3.64,-0.2449048011,-0.1225436983,-1.13370237,0.04125674777,-0.07492970727,0.9971888181,0.004999979167,0.9999875,0,0,1.242775451,1.549881094,-1.424526972,1.461172233,0.2399824319,-0.04499283003,0.02490819298,-1.219193245,1.649336143,1.229343834,1.20332604,0.2208488415,0.2819067301,-0.6551198709,-0.03024407175,0.03485376657,-0.2948805459,0.5830630105,1.139120167,-0.5503873798,-0.8895568731,-0.003904884937,0,-0.5315637706,-0.1321760151,1.073053792,0.651559849,-0.5908449095,0.005349278983,0.03829038614,0.005349278983,0.13,0.19,0,0,0
3.65,-0.2562203134,-0.1221308607,-1.129356753,0.04130931714,-0.07492970727,0.9971888181,0.004999979167,0.9999875,0,0,1.24247301,1.550229632,-1.427475778,1.467002863,0.2513736336,-0.05049670383,0.01601262425,-1.219232294,1.649336143,1.224028196,1.202004279,0.2315793794,0.2884223286,-0.66102832,-0.03528418138,0.03456582429,-0.2850836456,0.5778614295,1.13401901,-0.5380064585,-0.8905947609,-0.000558030461,0,-0.5333485737,-0.1297808437,1.067737528,0.6553954025,-0.5849897161,0.005497649763,0.03825751642,0.005497649763,0.13,0.19,0,0,0
3.66,-0.2674910718,-0.1217175407,-1.124751829,0.04135325345,-0.07492970727,0.9971888181,0.004999979167,0.9999875,0,0,1.242120168,1.55057529,-1.430326614,1.472781477,0.2627138237,-0.05587676842,0.007106676637,-1.219237874,1.649336143,1.21869471,1.200706471,0.2422567547,0.2949762826,-0.6668782171,-0.04019264393,0.03429336582,-0.2754006092,0.5725570435,1.128717941,-0.5256150138,-0.8913271976,0.002745665274,0,-0.5349219516,-0.1273154898,1.062177451,0.6589521856,-0.5790263436,0.005644442302,0.03820792259,0.005644442302,0.125,0.19,0,0,0
3.67,-0.2787144905,-0.1213038243,-1.119889059,0.04138860532,-0.07492970727,0.9971888181,0.004999979167,0.9999875,0,0,1.241718242,1.550918224,-1.43308062,1.478507048,0.2740010031,-0.06113291855,-0.001806595338,-1.219210417,1.649336143,1.213345491,1.199433316,0.2528785292,0.3015658045,-0.6726684806,-0.04497087241,0.03400422626,-0.2657946267,0.5671543032,1.123174645,-0.5132331317,-0.8917149165,0.006002175248,0,-0.5362813797,-0.1247820457,1.056375918,0.6622262364,-0.5729601651,0.005789644405,0.03816046668,0.005789644405,0.125,0.19,0,0,0
3.68,-0.2898879987,-0.120889797,-1.11477,0.04141542461,-0.07492970727,0.9971888181,0.004999979167,0.9999875,0,0,1.241268533,1.551258266,-1.435738567,1.484178591,0.2852327496,-0.06626524987,-0.0107237445,-1.219150396,1.649336143,1.207982677,1.198185496,0.2634422884,0.3081880668,-0.6783980822,-0.04961424851,0.03370936932,-0.2562838018,0.5616576954,1.117398619,-0.5008682562,-0.8917675929,0.009211639056,0,-0.5374427263,-0.122182703,1.050348544,0.6652174139,-0.5668097751,0.005933142312,0.03811518044,0.005933142312,0.125,0.195,0,0,0
3.69,-0.3010090417,-0.120475544,-1.10939631,0.04143376648,-0.07492970727,0.9971888181,0.004999979167,0.9999875,0,0,1.240772391,1.55159536,-1.438301405,1.489795168,0.2964067358,-0.07127393243,-0.01964142043,-1.219058279,1.649336143,1.20260825,1.196963669,0.2739457738,0.314840241,-0.68406618,-0.05412127763,0.0333982502,-0.2468591463,0.5560717379,1.111374175,-0.4885346382,-0.8914713031,0.01235800624,0,-0.53834979,-0.1195197473,1.04405826,0.6679119305,-0.5605410888,0.00607486253,0.03807209086,0.00607486253,0.125,0.195,0,0,0
3.7,-0.3120750819,-0.1200611498,-1.103769743,0.04144368938,-0.07492970727,0.9971888181,0.004999979167,0.9999875,0.5,0,1.240231178,1.551929342,-1.440769996,1.495355885,0.3075204775,-0.07615927881,-0.02855613346,-1.218934699,1.649336143,1.197224752,1.195768471,0.2843863564,0.3215193603,-0.6896715908,-0.1113155476,-0.3704499448,0.2608349762,0.5503986206,0.6280117736,-0.6216459828,-0.4449000465,0.01544941532,0,-0.5390541546,-0.1167955529,1.037546552,0.6703168224,-0.5541983835,0.006214700898,0.03803122513,0.006214700898,0.125,0.195,0,0,0
3.71,-0.3230835998,-0.1196466981,-1.097892153,0.04144525503,-0.06994284734,0.9975510003,0.004999979167,0.9999875,0,0,1.239118022,1.548224843,-1.438161646,1.500859871,0.3138005952,-0.08237573864,-0.03300513393,-1.218780205,1.649336143,1.19183421,1.194600516,0.294761822,0.3282225285,-0.6952135747,-0.06205542826,0.03057087804,-0.2282285133,0.5446499504,1.096926563,-0.4696295317,-0.8890475411,0.01847817236,0,-0.5395364211,-0.1140125777,1.030802872,0.6724259398,-0.5477739866,0.005018600111,0.03799260303,0.005018600111,0.125,0.195,0,0,0
3.72,-0.3340320947,-0.1192322723,-1.091765494,0.04143852843,-0.06994284734,0.9975510003,0.004999979167,0.9999875,0,0,1.238497468,1.548530552,-1.440443931,1.506306371,0.3247698609,-0.08707203396,-0.04189560934,-1.218595423,1.649336143,1.186438846,1.19346039,0.3050698507,0.3349467879,-0.7006913145,-0.06615774245,0.0302731845,-0.2191391165,0.5388232907,1.090245656,-0.4574339581,-0.8878129601,0.02144060567,0,-0.539795091,-0.1111733572,1.023829633,0.6742367323,-0.5412730768,0.005146018326,0.0379562419,0.005146018326,0.125,0.195,0,0,0
3.73,-0.3449180863,-0.118817955,-1.085391816,0.04142357787,-0.06994284734,0.9975510003,0.004999979167,0.9999875,0,0,1.237835891,1.548833284,-1.442635323,1.511694604,0.3356723174,-0.09164637354,-0.05077373894,-1.218381017,1.649336143,1.181040895,1.192348656,0.315308147,0.3416891552,-0.7061040453,-0.07011399129,0.02995969906,-0.2101524533,0.5329255668,1.083308527,-0.4453084409,-0.8862254121,0.02433756795,0,-0.5398473499,-0.1082804988,1.016642355,0.6757511598,-0.5347141052,0.005271501905,0.03792215535,0.005271501905,0.125,0.2,0,0,0
3.74,-0.3557391148,-0.1184038279,-1.078773269,0.04140047492,-0.06994284734,0.9975510003,0.004999979167,0.9999875,0,0,1.237134751,1.549132881,-1.444736847,1.517023859,0.3465054027,-0.09609945795,-0.05963599306,-1.218137642,1.649336143,1.175642422,1.191265851,0.3254745706,0.3484466668,-0.7114511864,-0.073917878,0.02966376863,-0.2013130503,0.5269613778,1.076153162,-0.4332498971,-0.8843213119,0.02715244555,0,-0.5396372894,-0.1053366758,1.009204522,0.6769548104,-0.528062536,0.005394964306,0.03789035233,0.005394964306,0.125,0.2,0,0,0
3.75,-0.3664927429,-0.1179899724,-1.071912101,0.04136929443,-0.06994284734,0.9975510003,0.004999979167,0.9999875,0,0,1.236395572,1.549429518,-1.446749978,1.522293473,0.3572669343,-0.1004319569,-0.06847920618,-1.217866117,1.649336143,1.170246049,1.190212485,0.3355666158,0.3552162149,-0.7167318117,-0.0775718321,0.02935182153,-0.1925837439,0.5209353235,1.068739152,-0.4212810032,-0.8820641643,0.02989476387,0,-0.5392182903,-0.1023446213,1.001557181,0.6778581456,-0.521362549,0.005516433299,0.03786084066,0.005516433299,0.125,0.2,0,0,0
3.76,-0.3771765559,-0.1175764687,-1.064810659,0.04133011453,-0.06994284734,0.9975510003,0.004999979167,0.9999875,0,0,1.235619854,1.549723036,-1.448675815,1.527502826,0.3679543258,-0.104644767,-0.07729984782,-1.217567169,1.649336143,1.164853866,1.189189038,0.3455821876,0.3619947964,-0.7219454372,-0.08107267457,0.02903538294,-0.183982377,0.5148519989,1.061079662,-0.4094068805,-0.8794674193,0.03255697787,0,-0.5385718202,-0.09930712152,0.993690046,0.678455762,-0.5146061316,0.005635829379,0.03783362161,0.005635829379,0.12,0.2,0,0,0
3.77,-0.3877881633,-0.1171633965,-1.057471388,0.04128301663,-0.06994284734,0.9975510003,0.004999979167,0.9999875,0,0,1.234809127,1.55001339,-1.450515639,1.532651346,0.3785651225,-0.1087388358,-0.08609452202,-1.2172416,1.649336143,1.159468148,1.188195967,0.3555190881,0.368779354,-0.7270914985,-0.08441887199,0.02871459899,-0.1755127962,0.5087159892,1.053174873,-0.3976367671,-0.8765324819,0.03514052494,0,-0.5377158474,-0.09622701003,0.9856183657,0.6787511975,-0.5078113063,0.005753114935,0.03780869354,0.005753114935,0.12,0.205,0,0,0
3.78,-0.3983251994,-0.1167508345,-1.049896832,0.04122808544,-0.06994284734,0.9975510003,0.004999979167,0.9999875,0,0,1.233964938,1.550300536,-1.452270767,1.537738506,0.3890968712,-0.1127152034,-0.09485984684,-1.216890194,1.649336143,1.154090989,1.187233697,0.3653752717,0.375566866,-0.7321696116,-0.08761035302,0.02837868987,-0.1671657833,0.5025318642,1.045012674,-0.3859845738,-0.8732494861,0.03762867185,0,-0.5365957488,-0.09310716064,0.9773068107,0.6787298233,-0.500943833,0.005868256523,0.03778605038,0.005868256523,0.12,0.205,0,0,0
3.79,-0.4087853245,-0.1163388606,-1.042089635,0.04116540892,-0.06994284734,0.9975510003,0.004999979167,0.9999875,0,0,1.233088835,1.550584323,-1.453942425,1.542763825,0.3995469979,-0.1165750492,-0.1035923417,-1.216513908,1.649336143,1.148725032,1.186302625,0.3751483398,0.3823541642,-0.7371790499,-0.09064202157,0.02806105599,-0.1589845595,0.4963041728,1.036632856,-0.3744441851,-0.8696564592,0.04003190193,0,-0.5352653889,-0.08995048128,0.9687954202,0.6784045348,-0.4940470251,0.005981188448,0.03776568404,0.005981188448,0.12,0.205,0,0,0
3.8,-0.4191662257,-0.1159275518,-1.034052536,0.04109507835,-0.06994284734,0.9975510003,0.004999979167,0.9999875,0,0,1.232182415,1.550864934,-1.45553227,1.547726867,0.4099133265,-0.120319491,-0.1122889063,-1.216113589,1.649336143,1.143372378,1.185403121,0.384836294,0.3891382096,-0.7421195202,-0.09479525571,0.01654796979,-0.1377735976,0.4900373118,1.015037009,-0.3683116249,-0.8538256339,0.04234295218,0,-0.5337072899,-0.08675990706,0.9600743953,0.6777706016,-0.4871127765,0.006091959526,0.03774758078,0.006091959526,0.12,0.205,0,0,0
3.81,-0.4294656183,-0.1155169842,-1.025788375,0.04101718825,-0.06994284734,0.9975510003,0.004999979167,0.9999875,0,0,1.231234462,1.551030413,-1.456910006,1.55262724,0.4200636966,-0.1240026073,-0.1208271626,-1.215690159,1.649336143,1.138035305,1.184535522,0.394437038,0.3959159156,-0.7469906479,-0.09823506774,0.009538786955,-0.1221655493,0.4837359502,0.9985031882,-0.3604976439,-0.8425945174,0.04455910586,0,-0.531921969,-0.08353839377,0.9511463698,0.6768279821,-0.4801456523,0.006163294495,0.03773172371,0.006163294495,0.12,0.21,0,0,0
3.82,-0.4396812461,-0.1151072329,-1.017300092,0.04093183645,-0.06994284734,0.9975510003,0.004999979167,0.9999875,0,0,1.230252111,1.551125801,-1.458131662,1.557464599,0.4300487285,-0.1276075837,-0.1292531078,-1.215244568,1.649336143,1.132716085,1.183700138,0.4039485017,0.4026841954,-0.7517921045,-0.1006758585,0.009833546168,-0.11533116,0.4774045748,0.9902191195,-0.3494341156,-0.8388404767,0.04668284092,0,-0.5299292199,-0.0802889112,0.94202689,0.675582348,-0.4731636609,0.006210123001,0.03771809222,0.006210123001,0.115,0.21,0,0,0
3.83,-0.4498108832,-0.114698372,-1.008590722,0.04083912406,-0.06994284734,0.9975510003,0.004999979167,0.9999875,0,0,1.229245353,1.551224137,-1.459284973,1.562238645,0.4399509197,-0.1311019249,-0.1376415126,-1.21477774,1.649336143,1.127416793,1.182897248,0.4133687706,0.4094400189,-0.7565237411,-0.1029636991,0.01011600997,-0.1086241562,0.4710475161,0.9816868292,-0.3385016467,-0.834750691,0.04869672084,0,-0.5276735014,-0.07701443636,0.9326804159,0.6740181685,-0.4661310547,0.006256748804,0.03770666179,0.006256748804,0.115,0.21,0,0,0
3.84,-0.4598523341,-0.1142904746,-0.9996634019,0.04073915547,-0.06994284734,0.9975510003,0.004999979167,0.9999875,0,0,1.228215716,1.551325297,-1.460371215,1.56694912,0.449767788,-0.1344869413,-0.1459890195,-1.214290772,1.649336143,1.122140058,1.182127104,0.4226955747,0.4161802006,-0.7611850516,-0.1050942042,0.01041980154,-0.1020870501,0.4646691406,0.972947689,-0.3276910358,-0.8303643174,0.05061316341,0,-0.5252118337,-0.07371794712,0.9231475722,0.6721519289,-0.4590918306,0.006303139387,0.03769740503,0.006303139387,0.115,0.215,0,0,0
3.85,-0.4698034355,-0.1138836128,-0.9905213645,0.04063203833,-0.06994284734,0.9975510003,0.004999979167,0.9999875,0,0,1.227164774,1.551429495,-1.461392085,1.571595812,0.4594972648,-0.1377638517,-0.1542926627,-1.213784641,1.649336143,1.11688794,1.181389925,0.4319270505,0.4229017199,-0.7657759699,-0.1070708952,0.01070914217,-0.09568143746,0.4582737628,0.9639634635,-0.3170273435,-0.8256478791,0.05243022314,0,-0.5225457722,-0.07040241538,0.9134310042,0.6699851281,-0.452050221,0.006349376882,0.03769029018,0.006349376882,0.115,0.215,0,0,0
3.86,-0.4796620567,-0.1134778573,-0.9811679427,0.04051788361,-0.06994284734,0.9975510003,0.004999979167,0.9999875,0.5,0,1.226094065,1.551536586,-1.4623489,1.576178549,0.4691368995,-0.1409341251,-0.1625491414,-1.213260339,1.649336143,1.111662482,1.1806859,0.4410613605,0.4296015711,-0.7702964721,-0.1561936537,-0.4171303723,0.4020879073,0.4518632823,0.4646311925,-0.5333196648,-0.3762532307,0.05413082927,0,-0.5196220111,-0.06707080059,0.9034969719,0.667502506,-0.4449715336,0.006395426615,0.03768528234,0.006395426615,0.115,0.215,0,0,0
3.87,-0.4894261011,-0.1130732782,-0.9716065676,0.04039680553,-0.06495423883,0.9978882437,0.004999979167,0.9999875,0,0,1.224532128,1.547365283,-1.458328021,1.580697182,0.4737832114,-0.1462673218,-0.1663116738,-1.21271903,1.649336143,1.106466262,1.180015192,0.4500963302,0.4362765962,-0.7747461875,-0.1102868288,0.0104376186,-0.08431612469,0.4454489695,0.9455620355,-0.3007257982,-0.816453114,0.05572786725,0,-0.516496695,-0.06372604359,0.8933846415,0.6647218524,-0.4378982037,0.005013086072,0.03768234323,0.005013086072,0.12,0.215,0,0,0
3.88,-0.4990935067,-0.1126699439,-0.9618407691,0.04026892162,-0.06495423883,0.9978882437,0.004999979167,0.9999875,0,0,1.22342926,1.547469659,-1.459171182,1.585151672,0.4832388318,-0.1492745798,-0.1744762049,-1.212161752,1.649336143,1.101301295,1.179377932,0.4590301766,0.4429238147,-0.7791251695,-0.1118257671,0.01068204299,-0.07828877507,0.4390278771,0.935884614,-0.2905004363,-0.8108004563,0.05721472235,0,-0.5131540284,-0.06037106003,0.8830850583,0.6616396531,-0.4308215453,0.005055339217,0.03768143122,0.005055339217,0.12,0.22,0,0,0
3.89,-0.5086622472,-0.112267922,-0.9518741754,0.04013435265,-0.06495423883,0.9978882437,0.004999979167,0.9999875,0,0,1.222311002,1.547576479,-1.45995407,1.589541951,0.4925976779,-0.1521795841,-0.1825842095,-1.211589604,1.649336143,1.096169755,1.178774221,0.4678610272,0.4495402113,-0.783433385,-0.1132065075,0.0109447063,-0.07244290244,0.4326064233,0.926014771,-0.2804305582,-0.8048712899,0.05859514348,0,-0.5096151011,-0.05700873438,0.8726135299,0.6582640749,-0.4237586152,0.005097331477,0.03768250153,0.005097331477,0.12,0.22,0,0,0
3.9,-0.5181303333,-0.1118672787,-0.9417105132,0.03999322272,-0.06495423883,0.9978882437,0.004999979167,0.9999875,0,0,1.221178937,1.547685926,-1.460678499,1.593868015,0.5018578256,-0.1549838897,-0.1906329224,-1.211003653,1.649336143,1.091073604,1.178204134,0.4765871625,0.456122852,-0.7876709711,-0.1144334808,0.01118942501,-0.06673967478,0.4261885912,0.9159159171,-0.2705414559,-0.798634216,0.0598518349,0,-0.5058267294,-0.05364191375,0.8619368547,0.6545794158,-0.4166740971,0.00513914511,0.03768550663,0.00513914511,0.12,0.22,0,0,0
3.91,-0.5274958133,-0.111468079,-0.9313536081,0.03984565918,-0.06495423883,0.9978882437,0.004999979167,0.9999875,0,0,1.220034602,1.547797821,-1.461345895,1.598129901,0.5110169848,-0.1576893043,-0.1986192645,-1.210405135,1.649336143,1.086015336,1.177667715,0.4852065311,0.4626686462,-0.7918377121,-0.1155059636,0.01142756342,-0.06119443326,0.4197782842,0.9056061283,-0.2608324247,-0.792107312,0.06099908181,0,-0.5018466571,-0.05027340232,0.8510942181,0.6506059221,-0.4096103282,0.005180743582,0.03769039523,0.005180743582,0.12,0.225,0,0,0
3.92,-0.5367567744,-0.1110703865,-0.9208073841,0.03969179268,-0.06495423883,0.9978882437,0.004999979167,0.9999875,0,0,1.218879543,1.547912096,-1.46195784,1.602327684,0.5200730461,-0.1602976285,-0.2065403376,-1.209795144,1.649336143,1.08099687,1.177164981,0.4937174732,0.4691747054,-0.7959338154,-0.1164247376,0.01165852459,-0.05580866025,0.4133793221,0.8950901052,-0.2513088332,-0.785296583,0.06203061024,0,-0.4976596951,-0.04690595541,0.8400770592,0.6463405991,-0.4025581748,0.00522213002,0.03769711394,0.00522213002,0.12,0.225,0,0,0
3.93,-0.5459113433,-0.1106742637,-0.9100758637,0.03953175713,-0.06495423883,0.9978882437,0.004999979167,0.9999875,0,0,1.217715295,1.548028681,-1.462515926,1.606461477,0.5290239471,-0.1628107168,-0.2143933035,-1.209174838,1.649336143,1.076020273,1.176695921,0.5021182438,0.4756381114,-0.7999593971,-0.1171920214,0.01186992329,-0.05057047317,0.4069954372,0.8843595609,-0.2419826713,-0.7781964675,0.06295108258,0,-0.493288115,-0.0435422742,0.8289009815,0.641793109,-0.3955344886,0.005263307205,0.0377056065,0.005263307205,0.12,0.23,0,0,0
3.94,-0.5549576877,-0.1102797715,-0.8991631681,0.03936568974,-0.06495423883,0.9978882437,0.004999979167,0.9999875,0,0,1.216543375,1.548147381,-1.463021631,1.610531431,0.5378675427,-0.1652305435,-0.2221752681,-1.208545327,1.649336143,1.071087392,1.176260499,0.5104072536,0.4820560425,-0.803914742,-0.1178050186,0.01209712705,-0.04552126211,0.4006302707,0.8734602897,-0.2328374071,-0.7708497574,0.06374293981,0,-0.4886785599,-0.04018500029,0.8175332245,0.6369472227,-0.3885031365,0.005304238056,0.0377158147,0.005304238056,0.12,0.23,0,0,0
3.95,-0.5638940168,-0.1098869696,-0.888073517,0.03919373099,-0.06495423883,0.9978882437,0.004999979167,0.9999875,0,0,1.215365325,1.548268352,-1.463476844,1.614537734,0.5466021456,-0.1675589176,-0.2298837657,-1.207907898,1.649336143,1.066200606,1.175858649,0.5185825859,0.4884255147,-0.8077997734,-0.1182689212,0.01230327224,-0.04062129591,0.3942873695,0.8623568905,-0.2238985873,-0.7632266753,0.06442196177,0,-0.4838905504,-0.03683671101,0.8060132216,0.6318256349,-0.3815065211,0.005345005102,0.03772767621,0.005345005102,0.12,0.23,0,0,0
3.96,-0.5727185826,-0.1094959161,-0.8768112288,0.03901602467,-0.06495423883,0.9978882437,0.004999979167,0.9999875,0,0,1.214182636,1.548391385,-1.463883057,1.618480608,0.5552257145,-0.1697979035,-0.2375160325,-1.207263678,1.649336143,1.061361701,1.175490282,0.5266427181,0.494743771,-0.8116148386,-0.1185837875,0.01250016859,-0.03588523491,0.3879701825,0.8510691174,-0.2151628997,-0.7553468046,0.0649879189,0,-0.4789281525,-0.03349991438,0.7943446331,0.6264325854,-0.3745480366,0.005385568984,0.03774112809,0.005385568984,0.115,0.235,0,0,0
3.97,-0.5814296806,-0.1091066677,-0.8653807202,0.03883271781,-0.06495423883,0.9978882437,0.004999979167,0.9999875,0,0,1.212996798,1.548516386,-1.464241909,1.622360309,0.5637364057,-0.1719495325,-0.2450695005,-1.206613799,1.649336143,1.056572419,1.175155282,0.5345861644,0.5010080969,-0.8153603189,-0.1187511542,0.01268738549,-0.03131380015,0.3816820584,0.8396031187,-0.2066337991,-0.7472175675,0.06542360421,0,-0.4737396101,-0.03017704463,0.7824961872,0.6207520796,-0.3675921549,0.005425930978,0.0377561056,0.005425930978,0.115,0.235,0,0,0
3.98,-0.5900256513,-0.1087192799,-0.8537865067,0.03864396075,-0.06495423883,0.9978882437,0.004999979167,0.9999875,0,0,1.211809286,1.54864326,-1.464555047,1.62617713,0.5721324369,-0.1740158705,-0.2525416762,-1.205959563,1.649336143,1.051835023,1.174853512,0.5424111263,0.5072156177,-0.8190362405,-0.1187739878,0.01285240764,-0.02689422218,0.3754262422,0.8279518166,-0.1983220256,-0.7388347231,0.06574540222,0,-0.468383986,-0.02687045819,0.7705064527,0.6148079702,-0.3606801187,0.005466091986,0.03777253977,0.005466091986,0.115,0.235,0,0,0
3.99,-0.5985048805,-0.1083338062,-0.8420332024,0.0384499071,-0.06495423883,0.9978882437,0.004999979167,0.9999875,0,0,1.210621546,1.548771784,-1.464823989,1.629931392,0.5804119551,-0.1759990907,-0.2599300234,-1.205302109,1.649336143,1.047151183,1.174584807,0.5501161908,0.5133636974,-0.8226430417,-0.1186501814,0.01303168961,-0.02266741735,0.3692058734,0.8161627427,-0.190207032,-0.7302422918,0.06594781329,0,-0.4628474139,-0.02358242946,0.7583679782,0.6085982411,-0.3538022682,0.005506011964,0.03779036208,0.005506011964,0.115,0.24,0,0,0
4,-0.6068658007,-0.1079502989,-0.8301255199,0.03825071376,-0.06495423883,0.9978882437,0.004999979167,0.9999875,0,0,1.209435045,1.548902101,-1.465050663,1.633623451,0.5885735825,-0.1779011611,-0.2672324463,-1.20464263,1.649336143,1.042522709,1.174348983,0.5576998706,0.5194496798,-0.8261810644,-0.1183856535,0.01318761047,-0.01859251057,0.3630239837,0.8042011955,-0.182314533,-0.7214116082,0.06603695389,0,-0.4571534768,-0.02031514732,0.746096689,0.6021348028,-0.3469746766,0.005545773724,0.0378095017,0.005545773724,0.115,0.24,0,0,0
4.01,-0.6151068923,-0.1075688085,-0.8180682703,0.0380465409,-0.06495423883,0.9978882437,0.004999979167,0.9999875,0,0,1.208251188,1.549033977,-1.465236588,1.637253691,0.5966155944,-0.1797243064,-0.2744465624,-1.203982261,1.649336143,1.037951174,1.174145832,0.5651608375,0.5254710278,-0.8296508111,-0.117981133,0.01333247161,-0.01468344579,0.3568834949,0.792088182,-0.1746385583,-0.7123632882,0.06599536426,0,-0.4512500157,-0.01707071161,0.7336617718,0.5954011095,-0.3401608793,0.005581212703,0.03782988745,0.005581212703,0.115,0.245,0,0,0
4.02,-0.6232266839,-0.1071893841,-0.8058663634,0.037837552,-0.06495423883,0.9978882437,0.004999979167,0.9999875,0,0,1.207071377,1.549167302,-1.465383423,1.640822526,0.6045364763,-0.181470692,-0.2815701953,-1.203322307,1.649336143,1.033438674,1.173975124,0.5724974552,0.5314250389,-0.8330524199,-0.1174388145,0.01346601939,-0.01094010433,0.3507872174,0.7798308472,-0.1671806294,-0.7031056819,0.06584094676,0,-0.4451978277,-0.01385113031,0.7211022529,0.5884233117,-0.3334022655,0.005613620264,0.03785144375,0.005613620264,0.115,0.245,0,0,0
4.03,-0.6312237541,-0.106812073,-0.7935248075,0.03762391377,-0.06495423883,0.9978882437,0.004999979167,0.9999875,0,0,1.205896989,1.549301962,-1.465492824,1.644330398,0.6123347847,-0.1831424983,-0.2886012521,-1.202663898,1.649336143,1.028986696,1.173836613,0.5797084778,0.537309272,-0.8363864426,-0.116762325,0.01357559788,-0.007348727336,0.3447378492,0.7674228606,-0.1599502355,-0.6936353769,0.06557457481,0,-0.439002145,-0.01065831656,0.7084226021,0.5812071532,-0.3267015511,0.005646078811,0.03787409701,0.005646078811,0.115,0.25,0,0,0
4.04,-0.6390967316,-0.1064369207,-0.7810487095,0.03740579626,-0.06495423883,0.9978882437,0.004999979167,0.9999875,0,0,1.204729365,1.549437718,-1.465566311,1.647777777,0.6200090133,-0.1847420006,-0.2955376059,-1.202008152,1.649336143,1.024596674,1.17373003,0.5867927038,0.5431213436,-0.8396534581,-0.1159500987,0.01369881039,-0.003949799231,0.3387379743,0.7549130568,-0.1529228858,-0.6839971428,0.06517916952,0,-0.4326122394,-0.007494086215,0.695593473,0.5737363635,-0.3200227834,0.00567853505,0.03789777294,0.00567853505,0.115,0.25,0,0,0
4.05,-0.6468442971,-0.1060639714,-0.7684432748,0.03718337276,-0.06495423883,0.9978882437,0.004999979167,0.9999875,0,0,1.203569864,1.549574706,-1.465605809,1.651165156,0.6275581439,-0.1862712295,-0.3023775773,-1.20135636,1.649336143,1.020270552,1.173655089,0.5937486385,0.5488587072,-0.8428536859,-0.1150087177,0.0137972209,-0.0007011441049,0.3327900625,0.7422669564,-0.1461245015,-0.6741629335,0.06467319945,0,-0.4260883844,-0.004360155973,0.6826532041,0.5660380708,-0.3134062515,0.005711055205,0.03792239292,0.005711055205,0.115,0.25,0,0,0
4.06,-0.6544651837,-0.1056932671,-0.7557138076,0.03695681987,-0.06495423883,0.9978882437,0.004999979167,0.9999875,0,0,1.202419777,1.549712678,-1.465612821,1.654493057,0.6349808135,-0.1877324745,-0.3091192067,-1.200709628,1.649336143,1.016009668,1.173611488,0.6005751705,0.5545190879,-0.8459877484,-0.1139394556,0.01388364218,0.00238401567,0.3268964685,0.7295063771,-0.1395465603,-0.6641539247,0.06405194054,0,-0.419417722,-0.001258141306,0.6695955756,0.5581111327,-0.3068416765,0.005743584801,0.03794788127,0.005743584801,0.115,0.255,0,0,0
4.07,-0.6619581778,-0.1053248482,-0.7428657103,0.03672631744,-0.06495423883,0.9978882437,0.004999979167,0.9999875,0,0,1.201280383,1.549851515,-1.465588981,1.657762022,0.6422758772,-0.1891279401,-0.3157607459,-1.200069109,1.649336143,1.011815491,1.173598906,0.6072711263,0.5601001992,-0.8490561652,-0.1127450523,0.01395799374,0.005306670713,0.3210594323,0.7166390176,-0.1331887723,-0.653978928,0.06332288143,0,-0.4126247516,0.001810444857,0.6564369798,0.5499694174,-0.3003442619,0.005776110379,0.03797416081,0.005776110379,0.115,0.255,0,0,0
4.08,-0.6693221208,-0.1049587533,-0.7299044843,0.03649204864,-0.06495423883,0.9978882437,0.004999979167,0.9999875,0,0,1.200152932,1.549991095,-1.465535914,1.660972616,0.6494422674,-0.1904598278,-0.3223005352,-1.19943588,1.649336143,1.007689243,1.173617011,0.6138354961,0.5655998934,-0.8520596078,-0.1114296929,0.014007462,0.008081615319,0.3152810789,0.7036588586,-0.1270595061,-0.6436349044,0.06246876894,0,-0.4056584151,0.004844193443,0.6431487269,0.5415961985,-0.2938772208,0.0058086187,0.03800115562,0.0058086187,0.11,0.26,0,0,0
4.09,-0.6765559091,-0.1045950191,-0.7168357293,0.03625419988,-0.06495423883,0.9978882437,0.004999979167,0.9999875,0,0,1.199038635,1.550131169,-1.465455098,1.664125427,0.656478856,-0.1917304229,-0.3287368842,-1.198811193,1.649336143,1.003632659,1.173665453,0.6202669834,0.5710158554,-0.85499838,-0.1099922017,0.01407082293,0.01066873749,0.3095634189,0.6906156197,-0.121130551,-0.6331669337,0.06150945665,0,-0.398580323,0.007841799792,0.6297696073,0.5330206151,-0.2874808517,0.005841056359,0.03802878532,0.005841056359,0.11,0.26,0,0,0
4.1,-0.6836584959,-0.1042336806,-0.7036651436,0.0360129609,-0.06495423883,0.9978882437,0.004999979167,0.9999875,0,0,1.197938713,1.550271878,-1.46534841,1.667221061,0.6633850122,-0.1929417284,-0.3350685536,-1.198196098,1.649336143,0.9996468561,1.173743871,0.6265646794,0.5763460616,-0.8578731885,-0.1084397449,0.01410877837,0.01311159279,0.3039083494,0.6774746276,-0.1154281775,-0.6225471633,0.06044055173,0,-0.3913777849,0.01080206444,0.6162939922,0.5242418648,-0.2811443079,0.005873492922,0.03805697396,0.005873492922,0.11,0.265,0,0,0
4.11,-0.6906288918,-0.1038747706,-0.6903985242,0.03576852467,-0.06495423883,0.9978882437,0.004999979167,0.9999875,0,0,1.196854316,1.550412965,-1.465217294,1.670260144,0.6701597585,-0.1940960102,-0.3412940252,-1.197591692,1.649336143,0.9957330782,1.173851891,0.6327276194,0.5815884802,-0.8606846316,-0.1067740119,0.01413465061,0.01539764848,0.2983176551,0.6642581185,-0.109941542,-0.6117969223,0.05927034053,0,-0.3840758839,0.01372389315,0.6027387379,0.515274899,-0.2748824306,0.005905873834,0.03808564448,0.005905873834,0.11,0.265,0,0,0
4.12,-0.6974661659,-0.1035183201,-0.6770417665,0.03552108749,-0.06495423883,0.9978882437,0.004999979167,0.9999875,0,0,1.195786576,1.550554312,-1.465063318,1.673243321,0.6768023397,-0.1951954256,-0.3474119944,-1.196998989,1.649336143,0.9918923194,1.17398913,0.6387550067,0.5867412292,-0.8634334559,-0.1049981716,0.0141485158,0.01752875156,0.2927930092,0.6509739664,-0.1046687772,-0.6009250969,0.05798147075,0,-0.3766234192,0.01660629695,0.5890760005,0.5061026416,-0.2686577607,0.005938186799,0.03811472201,0.005938186799,0.11,0.27,0,0,0
4.13,-0.7041694467,-0.1031643581,-0.6636008645,0.03527084891,-0.06495423883,0.9978882437,0.004999979167,0.9999875,0,0,1.194736594,1.550695797,-1.46488803,1.676171251,0.6833120793,-0.1962421134,-0.3534212454,-1.196419174,1.649336143,0.9881260852,1.174155193,0.6446457668,0.5918022556,-0.8661200335,-0.1031168602,0.01413738187,0.01952072052,0.2873359758,0.6376161078,-0.09961735637,-0.5899286559,0.05659503746,0,-0.3690829647,0.01944839144,0.5753449164,0.4967560188,-0.2625104387,0.005970419797,0.03814412716,0.005970419797,0.11,0.27,0,0,0
4.14,-0.710737923,-0.1028129118,-0.650081911,0.03501801176,-0.06495423883,0.9978882437,0.004999979167,0.9999875,0,0,1.193705425,1.550837171,-1.464692823,1.679044611,0.6896882404,-0.1972382869,-0.3593205319,-1.195853224,1.649336143,0.9844352555,1.174349677,0.6503992159,0.5967698158,-0.8687451379,-0.1011291492,0.01414118493,0.02133373829,0.2819480113,0.6242347966,-0.09475569244,-0.5788526415,0.05511341137,0,-0.3614607038,0.02224939629,0.5615513689,0.4872426556,-0.256441862,0.006002519594,0.0381737863,0.006002519594,0.11,0.275,0,0,0
4.15,-0.7171708453,-0.1024640059,-0.6364910972,0.03476278218,-0.06495423883,0.9978882437,0.004999979167,0.9999875,0,0,1.192694134,1.550978583,-1.464479486,1.681864091,0.6959305884,-0.1981858438,-0.3651090584,-1.19530209,1.649336143,0.9808206485,1.174572171,0.6560147296,0.6016422424,-0.8713095565,-0.09904270418,0.01411973199,0.02301274256,0.2766304667,0.6107948564,-0.09011061112,-0.5676690766,0.05351979482,0,-0.3537071469,0.02500863421,0.5476692411,0.4775460209,-0.2504153335,0.006034559383,0.03820362698,0.006034559383,0.11,0.27,0,0,0
4.16,-0.7234675264,-0.1021176634,-0.6228347128,0.03450536957,-0.06495423883,0.9978882437,0.004999979167,0.9999875,0,0,1.191703707,1.55111978,-1.464249358,1.684630396,0.7020385369,-0.19908695,-0.3707857491,-1.194766892,1.649336143,0.977283577,1.174822257,0.661491422,0.6064177026,-0.8738137099,-0.096859508,0.01408683451,0.02454582186,0.2713845902,0.5973186415,-0.0856692666,-0.5563991447,0.05183552087,0,-0.3458836402,0.02772552942,0.5337368636,0.4676974885,-0.2444696085,0.006066484822,0.03823357229,0.006066484822,0.11,0.27,0,0,0
4.17,-0.7296273423,-0.1017739051,-0.6091191462,0.03424598662,-0.06495423883,0.9978882437,0.004999979167,0.9999875,0,0,1.190735112,1.551260648,-1.4640039,1.687344242,0.7080117233,-0.1999436426,-0.3763497406,-1.194248537,1.649336143,0.9738247406,1.175099513,0.6668287907,0.6110946774,-0.876258406,-0.09458304804,0.01404269961,0.0259356183,0.2662115303,0.5838139267,-0.0814285189,-0.545051533,0.05005693168,0,-0.3379782945,0.03039960624,0.5197501307,0.4576970501,-0.2385933322,0.006098285071,0.03826355192,0.006098285071,0.11,0.265,0,0,0
4.18,-0.7356497336,-0.1014327495,-0.5953508843,0.03398484929,-0.06495423883,0.9978882437,0.004999979167,0.9999875,0,0,1.189789281,1.551401075,-1.463744544,1.690006357,0.7138498626,-0.2007579278,-0.3818002559,-1.193747967,1.649336143,0.9704449577,1.175403509,0.672026292,0.6156716479,-0.8786443393,-0.09221686353,0.01398755353,0.02718492561,0.2611123381,0.5702884412,-0.07738501614,-0.5336348645,0.0481867085,0,-0.3299974613,0.03303048718,0.5057156659,0.4475526547,-0.2327874545,0.00612994962,0.03828056493,0.00612994962,0.11,0.26,0,0,0
4.19,-0.7415342063,-0.1010942132,-0.5815365126,0.03372217683,-0.06495423883,0.9978882437,0.004999979167,0.9999875,0,0,1.188867113,1.551540951,-1.463472695,1.69261748,0.719552747,-0.201531778,-0.3871366045,-1.1932661,1.649336143,0.9671449831,1.175733814,0.6770834486,0.6201471745,-0.8809722138,-0.0897659306,0.01390878553,0.02831005271,0.2560879715,0.55673641,-0.07354505221,-0.5221463527,0.04623441961,0,-0.3219667014,0.03561789072,0.4916511245,0.4372809821,-0.2270658604,0.0061614683,0.03828038119,0.0061614683,0.11,0.26,0,0,0
4.2,-0.7472803325,-0.1007583103,-0.5676827153,0.03345819179,-0.06495423883,0.9978882437,0.004999979167,0.9999875,0,0,1.187969453,1.551680039,-1.463189594,1.69517836,0.7251201111,-0.2022672285,-0.3923580681,-1.192803756,1.649336143,0.963925316,1.176089992,0.6819999599,0.6245199843,-0.8832428724,-0.08722965848,0.01384577086,0.02927338,0.2511392981,0.5432064238,-0.06987499761,-0.5106290324,0.04418285441,0,-0.3138354705,0.03816162909,0.4775310286,0.4268647762,-0.2213905154,0.006192790478,0.03828020498,0.006192790478,0.105,0.255,0,0,0
4.21,-0.7528877518,-0.100425053,-0.5537962749,0.03319311996,-0.06495423883,0.9978882437,0.004999979167,0.9999875,0,0,1.187097157,1.551818497,-1.46289686,1.697689753,0.7305521754,-0.2029659785,-0.3974643584,-1.192361928,1.649336143,0.9607869613,1.176471609,0.6867752701,0.6287886321,-0.8854567776,-0.08461599553,0.01375914063,0.03011941276,0.2462670993,0.5296644846,-0.06640118385,-0.4990562288,0.04205492235,0,-0.30566674,0.04066160535,0.4633946139,0.4163376094,-0.2158005137,0.006223989978,0.03828003666,0.006223989978,0.105,0.25,0,0,0
4.22,-0.7583561721,-0.1000944508,-0.5398840728,0.03292719045,-0.06495423883,0.9978882437,0.004999979167,0.9999875,0,0,1.186250997,1.551956088,-1.462595666,1.700152424,0.7358488202,-0.2036299903,-0.4024549207,-1.191941378,1.649336143,0.9577302939,1.176878225,0.6914092163,0.6329520082,-0.8876147827,-0.08192720598,0.01366260119,0.03083752232,0.2414720743,0.5161321732,-0.06310933954,-0.4874481583,0.03984716491,0,-0.2974483623,0.04311781081,0.4492384636,0.4056996651,-0.2102837048,0.006255015158,0.03827987651,0.006255015158,0.105,0.245,0,0,0
4.23,-0.7636853706,-0.09976651125,-0.5259530887,0.03266063563,-0.06495423883,0.9978882437,0.004999979167,0.9999875,0,0,1.185431725,1.552092714,-1.462287291,1.702567145,0.7410101419,-0.2042610837,-0.4073294023,-1.191542907,1.649336143,0.9547558103,1.177309403,0.6959016009,0.6370090048,-0.8897176198,-0.0791670317,0.01355647638,0.03143116693,0.2367548444,0.5026169511,-0.05999524249,-0.4758130852,0.03756957317,0,-0.2892057188,0.04553032175,0.4350804849,0.3949682127,-0.2048533568,0.006285857272,0.03827972482,0.006285857272,0.105,0.245,0,0,0
4.24,-0.7688751948,-0.09944123939,-0.512010401,0.03239369117,-0.06495423883,0.9978882437,0.004999979167,0.9999875,0,0,1.184640054,1.552228279,-1.461972979,1.704934693,0.7460363115,-0.2048610361,-0.4120875331,-1.191167211,1.649336143,0.9518637531,1.177764706,0.7002524058,0.640958687,-0.8917661533,-0.07634068333,0.01342798296,0.03191743104,0.2321159574,0.4891126679,-0.05706487637,-0.4641478818,0.03520525181,0,-0.2808892915,0.04789929631,0.4208967733,0.3841262833,-0.1994717089,0.006316507965,0.03827958187,0.006316507965,0.105,0.24,0,0,0
4.25,-0.7739255635,-0.09911863793,-0.4980631866,0.032126596,-0.06495423883,0.9978882437,0.004999979167,0.9999875,0,0,1.183876647,1.552362559,-1.461653805,1.707255853,0.7509274381,-0.2054316849,-0.4167290119,-1.190815158,1.649336143,0.9490548602,1.178243699,0.7044613735,0.6447999498,-0.8937608704,-0.07344759097,0.01331738583,0.03225888954,0.2275558926,0.4756679187,-0.05428237,-0.4524951229,0.03277757574,0,-0.2725613232,0.05022497071,0.4067261941,0.3732081912,-0.1941768917,0.006346917593,0.03827944795,0.006346917593,0.105,0.24,0,0,0
4.26,-0.7788364677,-0.09879870717,-0.4841187212,0.03185959235,-0.06495423883,0.9978882437,0.004999979167,0.9999875,0,0,1.183142172,1.552495732,-1.461331216,1.709531412,0.7556841173,-0.2059745086,-0.4212539632,-1.190487383,1.649336143,0.946329247,1.178745949,0.7085286354,0.6485320317,-0.8957026393,-0.07049600921,0.01318455561,0.03250107446,0.2230750652,0.4622480963,-0.05167494019,-0.4408278279,0.03028339736,0,-0.2642100142,0.05250765581,0.3925662042,0.3622144986,-0.1889566006,0.006377163706,0.03827932331,0.006377163706,0.105,0.235,0,0,0
4.27,-0.7836079717,-0.09848144496,-0.4701843787,0.03159292573,-0.06495423883,0.9978882437,0.004999979167,0.9999875,0,0,1.182437211,1.552627578,-1.461006205,1.711762162,0.7603065983,-0.206491258,-0.4256622414,-1.190184549,1.649336143,0.9436871468,1.179271025,0.7124542975,0.6521541767,-0.8975922054,-0.06748828966,0.01304355562,0.03263376055,0.2186738316,0.4488745991,-0.04922718446,-0.4291658148,0.02772624555,0,-0.2558419764,0.05474773321,0.3784247262,0.3511542745,-0.1838109688,0.006407195633,0.03827920819,0.006407195633,0.105,0.23,0,0,0
4.28,-0.7882402139,-0.0981668467,-0.4562676319,0.03132684491,-0.06495423883,0.9978882437,0.004999979167,0.9999875,0,0,1.181762329,1.552758014,-1.460679868,1.713948901,0.7647953443,-0.2069835298,-0.4299538996,-1.189907286,1.649336143,0.9411287271,1.179818503,0.7162385448,0.6556657194,-0.899430315,-0.06442829892,0.01289477416,0.03266093095,0.2143524948,0.4355546013,-0.04693434448,-0.4175169788,0.02510972854,0,-0.2474638565,0.05694565116,0.3643098274,0.3400367022,-0.178740079,0.006437006589,0.03827910282,0.006437006589,0.105,0.23,0,0,0
4.29,-0.7927334082,-0.09785490527,-0.442376052,0.03106160197,-0.06495423883,0.9978882437,0.004999979167,0.9999875,0,0,1.181118046,1.552886961,-1.460353258,1.716092425,0.7691508903,-0.2074528733,-0.4341290694,-1.189656189,1.649336143,0.9386540885,1.180387959,0.719881643,0.6590660864,-0.9012177158,-0.06132140197,0.0127252924,0.03260023908,0.2101113097,0.4222816424,-0.04480233538,-0.4058779017,0.02244453045,0,-0.2391012661,0.05910192046,0.3502400912,0.3288800414,-0.1737568472,0.006466590214,0.03827900741,0.006466590214,0.105,0.225,0,0,0
4.3,-0.7970878444,-0.09754561102,-0.4285173089,0.03079745226,-0.06495423883,0.9978882437,0.004999979167,0.9999875,0.5,0,1.180504832,1.553014214,-1.460027256,1.718193539,0.7733737067,-0.2079008966,-0.4381878484,-1.189431744,1.649336143,0.9362630759,1.180978978,0.7233840439,0.6623548869,-0.9029552843,-0.1121577831,-0.4609379919,0.5149122833,0.205947924,-0.07387255413,-0.4255659915,0.005286047641,0.01971345311,0,-0.2307041845,0.06121711026,0.3361927392,0.3176668654,-0.1688226969,0.006495898232,0.03827892216,0.006495898232,0.105,0.225,0,0,0
4.31,-0.8013038897,-0.09723895172,-0.4146991709,0.03053465442,-0.05996400648,0.9982005399,0.004999979167,0.9999875,0,0,1.179383254,1.548404834,-1.454878133,1.720253018,0.7726349812,-0.2121565565,-0.4381349879,-1.189234609,1.649336143,0.933956034,1.18159115,0.7267459713,0.6655315555,-0.9046435113,-0.05524028021,0.01142553002,0.0323407901,0.2018701938,0.3961062448,-0.04328686981,-0.3834107562,0.01694105032,0,-0.222335574,0.0632918434,0.3222071287,0.3064332197,-0.1639758381,0.005020443514,0.03827884729,0.005020443514,0.11,0.22,0,0,0
4.32,-0.8053819894,-0.09693491255,-0.4009295051,0.03027347035,-0.05996400648,0.9982005399,0.004999979167,0.9999875,0,0,1.178830851,1.54851909,-1.454554725,1.72227172,0.7765960436,-0.2125894252,-0.4419690955,-1.189065199,1.649336143,0.9317326783,1.182224068,0.7299680426,0.6685958877,-0.9062832697,-0.05200751924,0.01126371198,0.03198759396,0.1978705945,0.3830681785,-0.04150312064,-0.371866739,0.01412427705,0,-0.2139834059,0.06532679219,0.3082815309,0.2951798438,-0.1592034478,0.005045956199,0.03827878296,0.005045956199,0.11,0.22,0,0,0
4.33,-0.8093226679,-0.09663347605,-0.3872162769,0.03001416524,-0.05996400648,0.9982005399,0.004999979167,0.9999875,0,0,1.178310776,1.548631727,-1.454234849,1.724250426,0.7804267254,-0.2130044565,-0.4456877629,-1.188923956,1.649336143,0.9295928442,1.182877336,0.7330508579,0.6715476862,-0.9078753041,-0.04874154843,0.01109660178,0.03154920581,0.1939517969,0.3701188151,-0.03984971642,-0.3603740679,0.01126701407,0,-0.205654331,0.06732267365,0.2944245958,0.2839163642,-0.154505377,0.005071269817,0.03827872934,0.005071269817,0.105,0.215,0,0,0
4.34,-0.8131265299,-0.09633462209,-0.3735675506,0.02975700759,-0.05996400648,0.9982005399,0.004999979167,0.9999875,0,0,1.17782336,1.548742693,-1.453919357,1.726189944,0.7841279136,-0.2134029536,-0.4492915036,-1.188811286,1.649336143,0.9275363009,1.183550563,0.7359951039,0.6743868498,-0.9094203579,-0.04544789507,0.0109112701,0.03104355387,0.1901139005,0.3572515937,-0.0383326162,-0.3489292264,0.008373166776,0,-0.1973549564,0.06928024485,0.2806450522,0.2726524644,-0.1498814288,0.005096381243,0.03827868657,0.005096381243,0.105,0.215,0,0,0
4.35,-0.8167942611,-0.09603832783,-0.3599914887,0.02950226915,-0.05996400648,0.9982005399,0.004999979167,0.9999875,0,0,1.177368881,1.548851805,-1.453608922,1.728091083,0.7877004295,-0.2137862798,-0.4527807958,-1.188727554,1.649336143,0.9255627513,1.184243365,0.7388015544,0.6771133744,-0.9109191722,-0.04212574686,0.01074870853,0.03043397181,0.1863569915,0.3445145912,-0.0369136518,-0.3375736825,0.005446683534,0,-0.1890919066,0.07120029823,0.2669517364,0.2613979114,-0.1453314109,0.005121245367,0.03827865478,0.005121245367,0.105,0.21,0,0,0
4.36,-0.8203266294,-0.09574456772,-0.3464963526,0.02925022496,-0.05996400648,0.9982005399,0.004999979167,0.9999875,0,0,1.176947624,1.548959292,-1.453304582,1.729954653,0.7911455754,-0.2141554163,-0.4561565326,-1.188673087,1.649336143,0.9236718323,1.184955368,0.7414710718,0.6797273536,-0.9123724863,-0.03878391893,0.0105680822,0.02976678237,0.182681149,0.3318728765,-0.03562157329,-0.3262804973,0.002498660375,0,-0.1808905782,0.07308365671,0.2533636448,0.2501716896,-0.1408679355,0.005145946363,0.03827863411,0.005145946363,0.105,0.21,0,0,0
4.37,-0.8237244858,-0.09545331343,-0.3330905022,0.02900115334,-0.05996400648,0.9982005399,0.004999979167,0.9999875,0,0,1.176559785,1.549064973,-1.453006914,1.731781464,0.7944643042,-0.214511632,-0.4594193376,-1.188648101,1.649336143,0.9218629265,1.185686205,0.7440047082,0.6822290704,-0.9137811657,-0.03542474192,0.01038375293,0.02903236067,0.179086451,0.319347526,-0.03444005885,-0.3150688759,-0.0004881722593,0,-0.1727014065,0.0749311691,0.2398596252,0.2389563609,-0.1364525154,0.005170437768,0.03827862463,0.005170437768,0.105,0.205,0,0,0
4.38,-0.8269887653,-0.09516453381,-0.3197823958,0.02875533589,-0.05996400648,0.9982005399,0.004999979167,0.9999875,0,0,1.176205537,1.549168811,-1.452716591,1.733572329,0.7976577794,-0.2148560326,-0.4625700264,-1.188652982,1.649336143,0.9201359124,1.186435516,0.7464033045,0.6846186341,-0.9151456908,-0.03205384176,0.01018220938,0.02824927702,0.1755729807,0.3069314616,-0.03337575152,-0.3039348636,-0.003488636367,0,-0.164586926,0.07674370488,0.226478816,0.2277890715,-0.1321231132,0.005194717795,0.03827862648,0.005194717795,0.105,0.205,0,0,0
4.39,-0.830120488,-0.09487819491,-0.3065805904,0.02851305751,-0.05996400648,0.9982005399,0.004999979167,0.9999875,0,0,1.175884999,1.549270633,-1.452434098,1.735328058,0.800727094,-0.2151897901,-0.465609375,-1.188687869,1.649336143,0.9184900432,1.187202953,0.7486680926,0.6868965248,-0.9164669219,-0.02867014143,0.01000631931,0.02737932557,0.1721408328,0.2946742908,-0.03238858581,-0.2929209671,-0.006505723413,0,-0.1565351328,0.07852214974,0.2132203629,0.2166708088,-0.1278669154,0.005218740765,0.03827863972,0.005218740765,0.105,0.2,0,0,0
4.4,-0.8331207603,-0.0945942599,-0.2934937416,0.02827460637,-0.05996400648,0.9982005399,0.004999979167,0.9999875,0,0,1.175598297,1.549370696,-1.452160305,1.737049467,0.8036738369,-0.215513676,-0.4685385847,-1.188752926,1.649336143,0.9169246918,1.187988175,0.7508002963,0.6890632329,-0.9177455911,-0.02528273513,0.009813325286,0.02647058565,0.1687901196,0.28253952,-0.03150948411,-0.2819990711,-0.009535390283,0,-0.1485526062,0.08026740051,0.2000934732,0.2056116391,-0.1236838214,0.0052425963,0.03827866441,0.0052425963,0.105,0.2,0,0,0
4.41,-0.8359907752,-0.09431268906,-0.2805306036,0.02804027391,-0.05996400648,0.9982005399,0.004999979167,0.9999875,0,0,1.17534547,1.549468829,-1.451895599,1.738737368,0.8064992321,-0.2158287708,-0.4713585754,-1.18884828,1.649336143,0.9154391658,1.188790849,0.752801231,0.6911193493,-0.9189824293,-0.02189385202,0.009618259147,0.02551288166,0.165520977,0.2705488347,-0.03072157908,-0.2711887734,-0.01257360736,0,-0.140645869,0.08198036045,0.1871073831,0.194621654,-0.1195737492,0.005266237185,0.03827870061,0.005266237185,0.105,0.195,0,0,0
4.42,-0.8387318142,-0.09403343971,-0.2677000291,0.02781035486,-0.05996400648,0.9982005399,0.004999979167,0.9999875,0,0,1.175126532,1.549565012,-1.45164047,1.740392578,0.8092047205,-0.2161359866,-0.4740704631,-1.188974016,1.649336143,0.9140327071,1.189610652,0.7546723048,0.6930655658,-0.9201781668,-0.01850745069,0.009421539177,0.02451076427,0.162333571,0.258709242,-0.03002015231,-0.2604976169,-0.01561632813,0,-0.132821479,0.08366193442,0.1742713991,0.1837110124,-0.1155367093,0.005289663025,0.03827874834,0.005289663025,0.105,0.195,0,0,0
4.43,-0.8413452475,-0.09375646626,-0.2550109693,0.02758514725,-0.05996400648,0.9982005399,0.004999979167,0.9999875,0,0,1.174941457,1.549659227,-1.451395362,1.742015913,0.8117918129,-0.2164361881,-0.4766754393,-1.189130179,1.649336143,0.9127044923,1.190447272,0.7564150188,0.6949026759,-0.9213335339,-0.01512912236,0.00920995735,0.02348239376,0.1592281035,0.2470142297,-0.02941200754,-0.2499221013,-0.01865953218,0,-0.1250859293,0.0853130242,0.1615948376,0.1728898876,-0.1115727472,0.005312873814,0.03827880763,0.005312873814,0.105,0.195,0,0,0
4.44,-0.8438325355,-0.09348172006,-0.2424724742,0.02736495236,-0.05996400648,0.9982005399,0.004999979167,0.9999875,0,0,1.174790166,1.549751327,-1.451160538,1.743608194,0.8142619552,-0.2167303082,-0.4791746603,-1.189316774,1.649336143,0.911453633,1.191300402,0.7580309672,0.6966315748,-0.9224492614,-0.01175781571,0.009025518965,0.02239066963,0.1562048184,0.2355123183,-0.0288576363,-0.2395036427,-0.02169919122,0,-0.117445749,0.08693452379,0.1490870714,0.162168513,-0.1076820231,0.005335826591,0.03827887849,0.005335826591,0.105,0.19,0,0,0
4.45,-0.8461952294,-0.09320914948,-0.2300936921,0.02715007477,-0.05996400648,0.9982005399,0.004999979167,0.9999875,0,0,1.174672588,1.549841582,-1.450936632,1.745170243,0.8166170784,-0.2170188846,-0.4815696967,-1.189533766,1.649336143,0.9102791755,1.192169747,0.7595218379,0.6982532599,-0.9235260816,-0.008402555282,0.008826286162,0.02128246101,0.1532640076,0.2241684653,-0.02838809731,-0.2292154238,-0.02473131274,0,-0.1099074014,0.08852731485,0.1367574684,0.1515571285,-0.1038647531,0.005358611053,0.03827896091,0.005358611053,0.105,0.19,0,0,0
4.46,-0.8484349725,-0.09293869982,-0.2178838702,0.02694082235,-0.05996400648,0.9982005399,0.004999979167,0.9999875,0,0,1.174588562,1.549929845,-1.450723807,1.746702883,0.818858763,-0.2173027656,-0.483861851,-1.18978108,1.649336143,0.9091801015,1.19305502,0.7608894126,0.6997688312,-0.9245647291,-0.00506554764,0.008627033502,0.02014782444,0.1504060168,0.2130042216,-0.02798694696,-0.2190768369,-0.02775190775,0,-0.1024773795,0.0900922622,0.1246154354,0.1410660244,-0.1001212849,0.005381182592,0.03827905486,0.005381182592,0.105,0.19,0,0,0
4.47,-0.8505535011,-0.09267031325,-0.2058523539,0.02673750623,-0.05996400648,0.9982005399,0.004999979167,0.9999875,0,0,1.174537907,1.550016115,-1.450522329,1.748206943,0.8209888053,-0.217582635,-0.4860526193,-1.190058599,1.649336143,0.9081553277,1.193955943,0.7621355669,0.7011794915,-0.925565942,-0.001752382291,0.008414386389,0.01900487019,0.1476312511,0.2020132656,-0.02766156599,-0.2090845359,-0.03075701947,0,-0.09516214304,0.09163020943,0.1126703773,0.1307055065,-0.09645206476,0.005403542663,0.03827916032,0.005403542663,0.105,0.185,0,0,0
4.48,-0.8525526454,-0.09240392886,-0.1940085875,0.02654044084,-0.05996400648,0.9982005399,0.004999979167,0.9999875,0,0,1.174520383,1.550100259,-1.45033228,1.749683255,0.8230089379,-0.2178592507,-0.4881434647,-1.190366169,1.649336143,0.9072037063,1.194872245,0.7632622707,0.7024865465,-0.9265304626,0.001538137361,0.008230950625,0.01781593333,0.1449401808,0.1912447268,-0.02737200946,-0.199280333,-0.03374272813,0,-0.08796811768,0.09314197467,0.1009316903,0.120485892,-0.09285764686,0.005425649247,0.03827927723,0.005425649247,0.105,0.185,0,0,0
4.49,-0.8544343305,-0.09213948254,-0.1823621136,0.02634994388,-0.05996400648,0.9982005399,0.004999979167,0.9999875,0,0,1.174535764,1.550182569,-1.450154121,1.751132657,0.8249213852,-0.2181329708,-0.490136268,-1.190703596,1.649336143,0.9063240251,1.195803665,0.7642715876,0.7036914054,-0.9274590391,0.004796907861,0.008034105234,0.01662814346,0.1423333465,0.1806635084,-0.02715061083,-0.1896374324,-0.03670513221,0,-0.08090175372,0.09462834639,0.08940878623,0.110417536,-0.08933874306,0.005447594987,0.03827940552,0.005447594987,0.105,0.185,0,0,0
4.5,-0.8562005774,-0.09187690701,-0.1709225737,0.02616633634,-0.05996400648,0.9982005399,0.004999979167,0.9999875,0,0,1.174583733,1.55026291,-1.449987839,1.752555991,0.8267280203,-0.2184044769,-0.4920326423,-1.191070647,1.649336143,0.9055150076,1.196749948,0.7651656755,0.7047955808,-0.9283524265,0.008021809163,0.007838873319,0.01543115065,0.1398113647,0.1702916731,-0.02698102566,-0.1801756004,-0.03964037736,0,-0.07396946222,0.09609007948,0.07811105261,0.100510796,-0.08589618807,0.005469336021,0.03827954513,0.005469336021,0.105,0.18,0,0,0
4.51,-0.8578535042,-0.09161613177,-0.1596997076,0.02598994249,-0.05996400648,0.9982005399,0.004999979167,0.9999875,0,0,1.174663951,1.550341298,-1.449833528,1.753954104,0.828430937,-0.2186742871,-0.4938343984,-1.191467051,1.649336143,0.9047753129,1.197710849,0.765946786,0.7058006888,-0.9292113884,0.01120730616,0.007632017001,0.01424260692,0.1373749325,0.1601235141,-0.02687103165,-0.1708919955,-0.0425446478,0,-0.06717764731,0.09752789138,0.06704786368,0.09077604473,-0.08253097033,0.005490875403,0.03827969596,0.005490875403,0.105,0.18,0,0,0
4.52,-0.8593953266,-0.09135708303,-0.1487033537,0.02582108988,-0.05996400648,0.9982005399,0.004999979167,0.9999875,0,0,1.174776024,1.550417619,-1.449691102,1.755327854,0.8300321721,-0.2189429975,-0.4955433183,-1.191892498,1.649336143,0.9041035365,1.198686128,0.7666172646,0.7067084492,-0.9300366981,0.01435463227,0.007455808012,0.01302509121,0.1350248325,0.1502080044,-0.02678118907,-0.1618282533,-0.04541417227,0,-0.06053270034,0.09894245843,0.05622857171,0.08122366472,-0.07924423603,0.005512173174,0.0382798579,0.005512173174,0.1,0.18,0,0,0
4.53,-0.8608283594,-0.09109968373,-0.137943449,0.02566010933,-0.05996400648,0.9982005399,0.004999979167,0.9999875,0,0,1.174919571,1.550492177,-1.449560851,1.756678102,0.8315342522,-0.2192108094,-0.4971616008,-1.192346639,1.649336143,0.9034982095,1.199675553,0.7671795504,0.7075206858,-0.9308291405,0.01745473606,0.007267868019,0.01182498146,0.1327619376,0.1405110099,-0.02674435102,-0.1529584075,-0.04824522739,0,-0.0540410004,0.1003344124,0.04566250203,0.07186404518,-0.07603729712,0.005533323086,0.03828003083,0.005533323086,0.1,0.175,0,0,0
4.54,-0.8621550172,-0.09084385349,-0.1274300293,0.02550733498,-0.05996400648,0.9982005399,0.004999979167,0.9999875,0,0,1.175094118,1.550564855,-1.449442601,1.758005721,0.8329393623,-0.2194782529,-0.4986911849,-1.192829092,1.649336143,0.9029577995,1.200678897,0.7676361754,0.7082393263,-0.9315895134,0.02050382837,0.007069022766,0.01064568015,0.1305872152,0.131041099,-0.02675674281,-0.1442912363,-0.05103414085,0,-0.04770891487,0.1017043373,0.03535894845,0.0627075797,-0.07291163859,0.005554283145,0.03828021463,0.005554283145,0.1,0.175,0,0,0
4.55,-0.8633778154,-0.09058950855,-0.1171732287,0.0253631042,-0.05996400648,0.9982005399,0.004999979167,0.9999875,0,0,1.175299156,1.550635546,-1.449336144,1.759311593,0.8342497733,-0.2197458203,-0.5001340973,-1.193339433,1.649336143,0.9024807103,1.20169594,0.7679897649,0.7088664021,-0.9323186298,0.02350339304,0.006903120096,0.009448074021,0.128501731,0.1218490121,-0.0267778272,-0.1358698086,-0.05377729668,0,-0.04154279391,0.1030527661,0.02532716608,0.0537646609,-0.06986892114,0.005575013137,0.03828040915,0.005575013137,0.1,0.175,0,0,0
4.56,-0.8644993713,-0.09033656179,-0.1071832799,0.02522775768,-0.05996400648,0.9982005399,0.004999979167,0.9999875,0,0,1.17553419,1.550704577,-1.449241664,1.760596611,0.8354682634,-0.2200135986,-0.5014927954,-1.193877206,1.649336143,0.9020652824,1.202726468,0.7682430365,0.7094040487,-0.933017319,0.02644419931,0.006726089944,0.00827978177,0.1265066532,0.1128995549,-0.0268424573,-0.1276673174,-0.0564711283,0,-0.03554899551,0.104380178,0.01557638011,0.04504569064,-0.06691100421,0.005595611671,0.03828061422,0.005595611671,0.1,0.175,0,0,0
4.57,-0.8655224049,-0.09008492264,-0.09747051431,0.02510163938,-0.05996400648,0.9982005399,0.004999979167,0.9999875,0,0,1.175798632,1.550771838,-1.449158866,1.761861677,0.8365972589,-0.2202820231,-0.5027694685,-1.194441917,1.649336143,0.9017097924,1.20377027,0.7683988003,0.7098545056,-0.9336864291,0.02932255552,0.00653917697,0.007143493059,0.1246032557,0.1042021346,-0.02694690196,-0.1196932264,-0.0591121354,0,-0.02973384952,0.1056869962,0.006115763905,0.03656105959,-0.06403992613,0.005616036221,0.03828082968,0.005616036221,0.1,0.17,0,0,0
4.58,-0.8664497403,-0.08983449708,-0.08804536179,0.02498509654,-0.05996400648,0.9982005399,0.004999979167,0.9999875,0,0,1.176091858,1.55083723,-1.449087431,1.76310771,0.8376392803,-0.2205514922,-0.5039664008,-1.195033039,1.649336143,0.9014124539,1.20482714,0.768459958,0.7102201162,-0.9343268283,0.03214008305,0.006386894507,0.005999260934,0.122792921,0.09580842818,-0.02705036005,-0.1119913892,-0.06169687658,0,-0.02410368238,0.1069735847,-0.003045551392,0.02832115772,-0.06125792568,0.005636247423,0.03828105534,0.005636247423,0.1,0.17,0,0,0
4.59,-0.867284306,-0.08958518762,-0.07891835083,0.02487847968,-0.05996400648,0.9982005399,0.004999979167,0.9999875,0,0,1.176413259,1.550901098,-1.449027438,1.764335639,0.8385973646,-0.2208219958,-0.5050863147,-1.195650007,1.649336143,0.9011714171,1.205896875,0.7684295024,0.7105033278,-0.9349394076,0.03488748599,0.006224373062,0.004895024747,0.1210771436,0.08768310037,-0.02718892766,-0.1045348955,-0.06422197811,0,-0.01866480046,0.1082402469,-0.01189848796,0.02033636407,-0.0585674341,0.005656346956,0.038281291,0.005656346956,0.1,0.17,0,0,0
4.6,-0.8680291365,-0.08933689322,-0.0701001085,0.02478214261,-0.05996400648,0.9982005399,0.004999979167,0.9999875,0,0,1.176762134,1.550963342,-1.448978488,1.765546411,0.8394741956,-0.221093885,-0.5061316637,-1.196292227,1.649336143,0.9009847691,1.206979278,0.7683105176,0.7107066914,-0.9355250819,0.03756118467,0.006053389263,0.003832620263,0.1194575316,0.0798365501,-0.02735884278,-0.09733402829,-0.06668411794,0,-0.01342353487,0.1094872237,-0.0204340006,0.01261706803,-0.05597110924,0.005676292818,0.03828153646,0.005676292818,0.1,0.17,0,0,0
4.61,-0.8686873731,-0.08908950931,-0.06160136042,0.02469644241,-0.05996400648,0.9982005399,0.004999979167,0.9999875,0,0,1.177137745,1.551023876,-1.448940162,1.766740986,0.8402725611,-0.2213674735,-0.5071050039,-1.196959068,1.649336143,0.9008505337,1.20807415,0.7681061776,0.7108328621,-0.936084793,0.04016278326,0.00591789897,0.002772435688,0.1179358093,0.0723202542,-0.02752013829,-0.09043252808,-0.06908005489,0,-0.008386172009,0.1107146917,-0.02864311386,0.005173632646,-0.05347178938,0.00569604792,0.03828179148,0.00569604792,0.1,0.17,0,0,0
4.62,-0.8692622648,-0.08884292772,-0.05343293079,0.02462173946,-0.05996400648,0.9982005399,0.004999979167,0.9999875,0,0,1.177539373,1.551083055,-1.448912437,1.767920344,0.8409957636,-0.2216426748,-0.5080093292,-1.197649869,1.649336143,0.900766672,1.209181297,0.7678197464,0.7108845984,-0.9366195109,0.04268307307,0.005773455751,0.00176150732,0.1165138182,0.06509995482,-0.02770909421,-0.08380436238,-0.07141349434,0,-0.003541791253,0.1119227618,-0.03652562255,-0.001992407762,-0.05106045566,0.005715714536,0.03828205584,0.005715714536,0.1,0.165,0,0,0
4.63,-0.8697571692,-0.08859703665,-0.04560574241,0.0245583974,-0.05996400648,0.9982005399,0.004999979167,0.9999875,0,0,1.177966204,1.55114079,-1.448894822,1.769085482,0.8416467632,-0.2219197658,-0.5088473728,-1.198364004,1.649336143,0.9007312541,1.210300525,0.7674544902,0.7108646744,-0.9371301155,0.04511859605,0.005622471871,0.0008006996746,0.1151935186,0.05818717215,-0.02792183995,-0.07746075108,-0.07365926306,0,0.001048147265,0.1131114789,-0.04404467067,-0.008842410564,-0.04877906037,0.005735252617,0.0382823293,0.005735252617,0.1,0.165,0,0,0
4.64,-0.8701755538,-0.08835172068,-0.03813081662,0.02450678316,-0.05996400648,0.9982005399,0.004999979167,0.9999875,0,0,1.17841739,1.551197014,-1.448886815,1.770237417,0.8422286349,-0.2221989842,-0.5096219803,-1.199100596,1.649336143,0.9007417356,1.211431639,0.7670140435,0.7107762503,-0.9376179061,0.0474707415,0.005506803431,-0.000147778082,0.1139769897,0.05163173418,-0.02812060631,-0.07144416536,-0.0758370247,0,0.005434180311,0.1142808206,-0.05122026216,-0.01539515416,-0.04659126308,0.005754629108,0.03828261156,0.005754629108,0.1,0.165,0,0,0
4.65,-0.8705209968,-0.08810686066,-0.03101927335,0.02446726697,-0.05996400648,0.9982005399,0.004999979167,0.9999875,0,0,1.178892097,1.551252082,-1.448888293,1.771377187,0.8427449522,-0.2224801903,-0.510336422,-1.199858967,1.649336143,0.9007960774,1.212574448,0.7665018409,0.7106222987,-0.9380838187,0.04972890656,0.005370347893,-0.00102600553,0.1128664303,0.04538880372,-0.02835226322,-0.06571993104,-0.07794356368,0,0.009609349421,0.1154306972,-0.05804322136,-0.02163997772,-0.0445011476,0.005773943727,0.03828290237,0.005773943727,0.1,0.165,0,0,0
4.66,-0.8707971879,-0.08786233377,-0.0242823311,0.02444022231,-0.05996400648,0.9982005399,0.004999979167,0.9999875,0,0,1.179389386,1.551305786,-1.448898553,1.772505851,0.8431988403,-0.2227637129,-0.5109936213,-1.200638402,1.649336143,0.9008921709,1.213728755,0.7659214087,0.7104058989,-0.9385288302,0.0518964313,0.005270706947,-0.001887349743,0.1118641582,0.03952374042,-0.02856573387,-0.06034323639,-0.07995380397,0,0.01351212672,0.1165609517,-0.0644769279,-0.02753816566,-0.04255152462,0.005793116706,0.03828320148,0.005793116706,0.1,0.16,0,0,0
4.67,-0.8710079298,-0.08761801339,-0.01793130695,0.02442602596,-0.05996400648,0.9982005399,0.004999979167,0.9999875,0,0,1.179908351,1.551358493,-1.448917427,1.773624493,0.8435940777,-0.2230493702,-0.5115970537,-1.20143794,1.649336143,0.9010272921,1.214894364,0.7652766394,0.7101305173,-0.9389543454,0.05396527353,0.0051505048,-0.002674284063,0.1109710069,0.03398335011,-0.02880943443,-0.05527171335,-0.08189682995,0,0.01721496702,0.1176726076,-0.07055808761,-0.03312484792,-0.0406920571,0.005812251308,0.03828350853,0.005812251308,0.1,0.16,0,0,0
4.68,-0.871157053,-0.08737377025,-0.01191504004,0.02442425796,-0.05996400648,0.9982005399,0.004999979167,0.9999875,0,0,1.180448003,1.551409998,-1.448944169,1.774734203,0.8439339112,-0.2233374646,-0.5121497708,-1.202256909,1.649336143,0.9011994418,1.21607109,0.7645710585,0.7097992688,-0.939361266,0.05603698971,0.005061781084,-0.003482412957,0.1101305382,0.02854908656,-0.02904139562,-0.0502973838,-0.0838366862,0,0.02084775614,0.118810837,-0.07655341894,-0.03864323103,-0.03886875444,0.005831267601,0.03828382327,0.005831267601,0.1,0.16,0,0,0
4.69,-0.8712453654,-0.08712951182,-0.005692279783,0.02442807739,-0.05996400648,0.9982005399,0.004999979167,0.9999875,0,0,1.181008373,1.551460616,-1.448978994,1.775835509,0.844219402,-0.2236278785,-0.5126527446,-1.203095276,1.649336143,0.9014079194,1.217259199,0.7638055243,0.7094128365,-0.9397499535,0.05822520938,0.00494011928,-0.004306829058,0.1092694567,0.02281500989,-0.02932144802,-0.04504998187,-0.08588948536,0,0.02466340809,0.1200315907,-0.08284453507,-0.04444897698,-0.03694863089,0.005850264033,0.03828414573,0.005850264033,0.1,0.16,0,0,0
4.7,-0.871269811,-0.08688519587,0.0008567414237,0.02443574424,-0.05996400648,0.9982005399,0.004999979167,0.9999875,0,0,1.181590625,1.551510017,-1.449022062,1.776928203,0.8444475521,-0.223921093,-0.5131032445,-1.20395417,1.649336143,0.9016545535,1.218459514,0.762977079,0.7089683467,-0.9401194399,0.06053959449,0.004827257804,-0.005190011452,0.1083832447,0.01680649019,-0.02961289473,-0.03954796274,-0.08806541772,0,0.02868797432,0.1213360855,-0.08945241119,-0.05056432741,-0.03491203226,0.005869149525,0.03828447634,0.005869149525,0.1,0.16,0,0,0
4.71,-0.8712271749,-0.08664078449,0.007722491494,0.02444714613,-0.05996400648,0.9982005399,0.004999979167,0.9999875,0,0,1.182196021,1.55155829,-1.449073962,1.778012036,0.844615617,-0.2242172219,-0.5134987241,-1.204834825,1.649336143,0.9019414332,1.219672875,0.7620825548,0.7084627034,-0.9404685602,0.06297511315,0.004710591293,-0.00611753414,0.1074720462,0.01051896008,-0.02992552171,-0.0337878351,-0.09034499039,0,0.03287641988,0.1227218848,-0.09634553934,-0.05696003987,-0.03278647749,0.005887966644,0.0382848156,0.005887966644,0.1,0.155,0,0,0
4.72,-0.871114337,-0.08639624087,0.01489552124,0.0244621716,-0.05996400648,0.9982005399,0.004999979167,0.9999875,0,0,1.182825773,1.551605395,-1.449135137,1.779086756,0.8447208066,-0.2245164772,-0.5138366024,-1.205738275,1.649336143,0.9022701974,1.220900094,0.7611190995,0.707893103,-0.940796425,0.06552692988,0.004579193223,-0.007076546458,0.1065359175,0.003949371043,-0.03026753249,-0.02776732067,-0.09273015267,0,0.03723708752,0.1241866307,-0.1035192931,-0.06363432731,-0.03056160001,0.005906717209,0.03828516393,0.005906717209,0.1,0.155,0,0,0
4.73,-0.8709282714,-0.08615152934,0.02236646436,0.02448071022,-0.05996400648,0.9982005399,0.004999979167,0.9999875,0,0,1.183481042,1.551651187,-1.449205903,1.780152115,0.8447603004,-0.2248191525,-0.5141142757,-1.206665576,1.649336143,0.9026425683,1.22214196,0.7600839065,0.7072567598,-0.941102041,0.06819201677,0.004436999531,-0.008068539806,0.1055748273,-0.002891175232,-0.03063414277,-0.02149572364,-0.09523555092,0,0.04180979738,0.1257280438,-0.1109847966,-0.07060161243,-0.02820440559,0.005925367604,0.03828552177,0.005925367604,0.1,0.155,0,0,0
4.74,-0.8706660456,-0.08590661532,0.03012603746,0.0245026525,-0.05996400648,0.9982005399,0.004999979167,0.9999875,0,0,1.184162962,1.551695557,-1.449286588,1.781207863,0.8447313886,-0.2251254939,-0.5143292329,-1.207617932,1.649336143,0.9030606662,1.223399241,0.7589740586,0.7065507436,-0.941384085,0.07114654707,0.005756502609,-0.01051685206,0.1045886578,-0.008584500707,-0.02975116895,-0.01613861488,-0.09782181742,0,0.04650078444,0.1273439219,-0.1186864673,-0.0778074915,-0.02577710317,0.005943896182,0.03828588959,0.005943896182,0.1,0.155,0,0,0
4.75,-0.8703248192,-0.08566146531,0.03816504003,0.02452788996,-0.05996400648,0.9982005399,0.004999979167,0.9999875,0,0.5,1.184874427,1.551753122,-1.449391757,1.78225375,0.8446455436,-0.2254230056,-0.514490619,-1.20859615,1.649336143,0.9035256741,1.22467268,0.7577871939,0.7057726687,-0.941641856,0.07437069065,0.008410011667,-0.01429033293,0.1035772052,-0.01325036761,-0.02772808501,-0.01160240837,-0.1005101485,0,0.05136635636,0.1290321399,-0.1266438474,-0.08527484498,-0.02323485688,0.005966980702,0.03828626774,0.005966980702,0.1,0.15,0,0,0
4.76,-0.8699018437,-0.0854160469,0.04647435449,0.02455631506,-0.05996400648,0.9982005399,0.009999833334,0.9999500004,0,0,1.185618134,1.551837223,-1.44953466,1.783289522,0.8445130399,-0.2257002865,-0.5146066431,-1.209601251,1.649336143,0.9040393377,1.225963002,0.7565207554,0.7049199203,-0.9418742046,0.07770905799,0.01115887326,-0.01818451849,0.1025401795,-0.01807088649,-0.02563467758,-0.006918767292,-0.1032910137,0,0.05638685771,0.1307906479,-0.1348385728,-0.09298740988,-0.02058691552,0.005998892968,0.03828665664,0.005998892968,0.1,0.155,0,0,0
4.77,-0.8693944612,-0.08517032874,0.05504494611,0.02458782128,-0.05996400648,0.9982005399,0.009999833334,0.9999500004,0,0,1.186395225,1.551948811,-1.449716505,1.784314924,0.8443323311,-0.2259566332,-0.5146758308,-1.210634161,1.649336143,0.9046032062,1.227270908,0.7551723697,0.7039900462,-0.9420800738,0.08115721506,0.01400010463,-0.02219347454,0.1014772081,-0.02304224931,-0.0234725548,-0.002092096539,-0.1061510451,0,0.0615333293,0.1326174698,-0.1432477788,-0.1009241165,-0.01784925843,0.006039951848,0.03828705668,0.006039951848,0.1,0.155,0,0,0
4.78,-0.8688001037,-0.08492428055,0.06386786309,0.02462230304,-0.05996400648,0.9982005399,0.009999833334,0.9999500004,0,0,1.187206797,1.552088812,-1.44993844,1.785329696,0.8441019086,-0.2261913588,-0.5146967518,-1.211695672,1.649336143,0.9052185395,1.228597083,0.7537398919,0.702980805,-0.9422585664,0.0847108156,0.01693189194,-0.02631231128,0.1003878371,-0.02815963446,-0.02124226962,0.002872295554,-0.1091039659,0,0.06684381532,0.1345107023,-0.1518820558,-0.1090983895,-0.01498970373,0.006090466504,0.03828746818,0.006090466504,0.1,0.15,0,0,0
4.79,-0.8681162925,-0.08467787311,0.07293423651,0.02465965576,-0.05996400648,0.9982005399,0.009999833334,0.9999500004,0,0,1.188053905,1.552258131,-1.450201563,1.786333574,0.8438203122,-0.2264037815,-0.5146680288,-1.212786711,1.649336143,0.9058869777,1.22994219,0.7522210713,0.7018898211,-0.9424084634,0.08836546795,0.01995248914,-0.03053611914,0.09927153283,-0.03341825992,-0.01894427272,0.007969062503,-0.1121213909,0,0.07225254248,0.1364685124,-0.1607004412,-0.117470177,-0.0120506828,0.006150740129,0.03828789156,0.006150740129,0.1,0.15,0,0,0
4.8,-0.8673406368,-0.08443107821,0.08223528036,0.02469977583,-0.05996400648,0.9982005399,0.009999833334,0.9999500004,0,0.5,1.18893756,1.552457656,-1.450506924,1.78732629,0.8434861296,-0.2265932242,-0.5145883382,-1.213907925,1.649336143,0.9066095031,1.231306875,0.7506140669,0.7007151194,-0.9425289702,0.09211673638,0.0230602162,-0.03485997034,0.09812768473,-0.03881338188,-0.01657891544,0.01319281944,-0.1152156121,0,0.07779423645,0.1384891363,-0.1697120814,-0.1260511685,-0.009002328343,0.006221070169,0.03828832709,0.006221070169,0.1,0.15,0,0,0
4.81,-0.8664708336,-0.08418386871,0.09176229152,0.02474256061,-0.05996400648,0.9982005399,0.01499943751,0.9998875021,0,0,1.189858727,1.552688258,-1.450855524,1.788307567,0.8430979958,-0.2267590134,-0.51445641,-1.215060081,1.649336143,0.9073874455,1.232691766,0.7489169461,0.6994546077,-0.9426189935,0.09596014242,0.02625345617,-0.03927891985,0.09695560775,-0.0443402941,-0.01414645382,0.01853814356,-0.1183852404,0,0.08346993613,0.1405708767,-0.1789094546,-0.1348356796,-0.005838891469,0.006301748549,0.0382887751,0.006301748549,0.095,0.155,0,0,0
4.82,-0.8655046665,-0.08393621846,0.1015066498,0.02478790846,-0.05996400648,0.9982005399,0.01499943751,0.9998875021,0,0,1.190818329,1.552950793,-1.451248313,1.789277123,0.8426545929,-0.2269004779,-0.5142710285,-1.216243934,1.649336143,0.9082221448,1.234097475,0.7471278516,0.6981062509,-0.9426773824,0.09989116631,0.02953065199,-0.04378800644,0.09575454534,-0.04999432709,-0.01164705301,0.02399957467,-0.1216034554,0,0.08921813585,0.1427121007,-0.1882541561,-0.143785863,-0.002599974266,0.006393061875,0.03828923593,0.006393061875,0.095,0.15,0,0,0
4.83,-0.8644400046,-0.08368810233,0.1114598178,0.0248357187,-0.05996400648,0.9982005399,0.01499943751,0.9998875021,0,0,1.19181724,1.553246099,-1.451686193,1.790234668,0.8421546496,-0.2270169484,-0.5140310328,-1.217459968,1.649336143,0.9091143262,1.235524596,0.74524531,0.6966683922,-0.9427033822,0.1039052486,0.03289030299,-0.04838225388,0.09452367249,-0.05577084741,-0.009080792098,0.02957161577,-0.124897582,0,0.09511083989,0.1449112375,-0.1977741351,-0.1529325066,0.000771541576,0.006495291634,0.0382897098,0.006495291634,0.095,0.15,0,0,0
4.84,-0.8632748023,-0.08343949621,0.1216133411,0.02488589163,-0.05996400648,0.9982005399,0.01499943751,0.9998875021,0,0.5,1.192856293,1.553575002,-1.452170016,1.791179905,0.8415969411,-0.2271077564,-0.5137353166,-1.218708944,1.649336143,0.9100654346,1.236973708,0.7432675687,0.6951390672,-0.9426956667,0.1079977919,0.03633096107,-0.05305667226,0.09326209915,-0.06166525682,-0.006447669309,0.03524873383,-0.1282286808,0,0.1010569007,0.1471667761,-0.2074165908,-0.1622225434,0.00421439946,0.006608714381,0.03829019705,0.006608714381,0.095,0.15,0,0,0
4.85,-0.8620070979,-0.08319037695,0.1319588482,0.02493832853,-0.05996400648,0.9982005399,0.01999866669,0.9998000067,0,0,1.193936271,1.553938312,-1.452700583,1.792112526,0.8409802885,-0.227172233,-0.5133828293,-1.219991231,1.649336143,0.9110760036,1.238445376,0.7411934027,0.6935168417,-0.9426535227,0.1121642063,0.03985159561,-0.05780661307,0.09196887383,-0.06767264119,-0.003747290182,0.04102506864,-0.1316264262,0,0.1071342537,0.1494772623,-0.2172126587,-0.1716897458,0.007790191807,0.006733601907,0.03829069788,0.006733601907,0.095,0.15,0.005,0,0
4.86,-0.860635013,-0.08294072242,0.1424880505,0.02499293165,-0.05996400648,0.9982005399,0.01999866669,0.9998000067,0,0,1.195057913,1.554336828,-1.453278649,1.793032214,0.8403035621,-0.2272097059,-0.5129725786,-1.221307495,1.649336143,0.9121473461,1.239940149,0.7390212762,0.6917999443,-0.9425756208,0.1163997019,0.04344981966,-0.06262607374,0.09064298665,-0.07378945004,-0.0009803960829,0.04689583352,-0.1350515609,0,0.1132511678,0.1518412961,-0.2271095949,-0.1812808082,0.01143692139,0.00687022258,0.03829121258,0.00687022258,0.095,0.15,0.005,0,0
4.87,-0.8591567519,-0.08269051142,0.1531927422,0.02504960422,-0.05996400648,0.9982005399,0.01999866669,0.9998000067,0,0,1.19622191,1.554771326,-1.453904909,1.793938644,0.8395656676,-0.2272195099,-0.5125036203,-1.222658011,1.649336143,0.9132798578,1.241458562,0.7367501802,0.6899871362,-0.9424612516,0.1206996929,0.04712527857,-0.06751095407,0.08928337467,-0.08001027271,0.001854049861,0.05285463246,-0.1385235845,0,0.1194606612,0.1542575291,-0.2371264905,-0.1910166837,0.01519806254,0.007018837008,0.03829174131,0.007018837008,0.095,0.15,0.005,0,0
4.88,-0.8575706003,-0.08243972375,0.1640648005,0.02510825047,-0.05996400648,0.9982005399,0.01999866669,0.9998000067,0,0.5,1.197428907,1.555242579,-1.454580019,1.794831478,0.8387655649,-0.2272009694,-0.511975074,-1.224043247,1.649336143,0.9144744644,1.243001137,0.7343789153,0.6880769694,-0.942309271,0.1250594143,0.05087639412,-0.07245593876,0.08788892451,-0.08633092603,0.004756057822,0.05889603234,-0.1420416457,0,0.1257657114,0.1567246613,-0.2472578152,-0.2008926017,0.01908070476,0.007179704538,0.0382922843,0.007179704538,0.095,0.145,0.005,0,0
4.89,-0.8558749248,-0.08218834015,0.1750961854,0.02516877558,-0.05996400648,0.9982005399,0.02499739591,0.9996875163,0,0,1.198679501,1.555751343,-1.455304578,1.795710367,0.8379022556,-0.2271534088,-0.5113861136,-1.225463663,1.649336143,0.9157321215,1.244568384,0.7319063372,0.6860680433,-0.9421184639,0.1294741088,0.05470191608,-0.07745599283,0.08645847734,-0.09274697458,0.007725944441,0.06501433329,-0.1455765146,0,0.1320994884,0.1592414379,-0.2574636936,-0.2108681404,0.02304053122,0.007353079339,0.03829284178,0.007353079339,0.095,0.15,0.005,0,0
4.9,-0.854068172,-0.08193634229,0.1862789399,0.02523108571,-0.05996400648,0.9982005399,0.02499739591,0.9996875163,0,0.5,1.199974242,1.556298362,-1.456079138,1.796574952,0.8369747859,-0.2270761494,-0.5107359703,-1.226919428,1.649336143,0.9170531164,1.246160798,0.7293317002,0.6839593619,-0.9418880586,0.1339389941,0.05860061935,-0.08250607767,0.08499083302,-0.09925401271,0.01076406941,0.0712038054,-0.1491462574,0,0.1385116649,0.1618066469,-0.2677620628,-0.2209624472,0.02711866689,0.007539211454,0.03829341387,0.007539211454,0.095,0.15,0.005,0,0
4.91,-0.8521488677,-0.0816837128,0.1976051898,0.02529508801,-0.05996400648,0.9982005399,0.0299955002,0.9995500337,0,0,1.201313632,1.556884368,-1.456904199,1.79742486,0.8359822458,-0.2269685087,-0.5100239323,-1.228410891,1.649336143,0.9184382331,1.247778864,0.7266540796,0.6817497375,-0.941616872,0.138449265,0.06257129869,-0.08760115312,0.08348475464,-0.1058476637,0.01387082827,0.07745869009,-0.1527282685,0,0.1449518071,0.1644191151,-0.2781215298,-0.2311435558,0.03128254114,0.00773834687,0.03829400076,0.00773834687,0.095,0.15,0.005,0,0
4.92,-0.8501156159,-0.0814304352,0.2090671439,0.0253606906,-0.05996400648,0.9982005399,0.0299955002,0.9995500337,0,0,1.202698125,1.557510081,-1.457780211,1.798259708,0.8349237691,-0.2268298004,-0.5092493453,-1.229938174,1.649336143,0.9198877511,1.249423056,0.7238728643,0.6794383019,-0.9413040466,0.1430000964,0.0666127634,-0.09273617961,0.08193897308,-0.1125235787,0.01704664497,0.08377320154,-0.1563379136,0,0.1514630471,0.1670777055,-0.2885571761,-0.2414272047,0.03556850159,0.007909488653,0.03829460255,0.007909488653,0.09,0.15,0.005,0,0
4.93,-0.8479670982,-0.08117649395,0.2206570939,0.02542780258,-0.05996400648,0.9982005399,0.0299955002,0.9995500337,0,0.5,1.204128126,1.558176209,-1.458707572,1.799079098,0.8337985333,-0.226659334,-0.5084116133,-1.231501553,1.649336143,0.9214023816,1.251093833,0.7209872925,0.6770240299,-0.9409483615,0.1475866459,0.07072383187,-0.09790612044,0.08035219177,-0.1192774362,0.02029196432,0.09014152828,-0.1599584531,0,0.158009471,0.169781314,-0.2990451873,-0.2517888676,0.03995446156,0.007913560967,0.03829521941,0.007913560967,0.09,0.15,0.005,0,0
4.94,-0.8457020728,-0.08092187442,0.2323674142,0.02549633402,-0.05996400648,0.9982005399,0.0349928546,0.9993875625,0,0,1.205603992,1.558883447,-1.459686634,1.79988262,0.832605759,-0.2264564143,-0.5075101981,-1.233101137,1.649336143,0.9229824763,1.252791646,0.7179968407,0.6745061412,-0.9405488169,0.1522040567,0.07490332606,-0.1031059441,0.07872309142,-0.1261049406,0.02360724425,0.09655783491,-0.163577648,0,0.1645662368,0.1725288657,-0.3095674174,-0.2622097663,0.0444262238,0.007917837605,0.03827736318,0.007917837605,0.09,0.15,0.01,0,0
4.95,-0.8433193738,-0.08066656284,0.2441905622,0.02556619599,-0.05996400648,0.9982005399,0.0349928546,0.9993875625,0,0.5,1.207126033,1.55963248,-1.460717693,1.800669851,0.8313447096,-0.2262203419,-0.5065446197,-1.234736914,1.649336143,0.9246281387,1.254516934,0.7149011665,0.6718840435,-0.9401045547,0.1568474605,0.07915006594,-0.1083306268,0.07705033495,-0.1330018221,0.02699294791,0.1030162639,-0.1672077748,0,0.1711689786,0.175319312,-0.3201358621,-0.2727017819,0.04901445628,0.007922326156,0.03824550238,0.007922326156,0.09,0.15,0.01,0,0
4.96,-0.8408179103,-0.08041054635,0.2561190784,0.02563730051,-0.05996400648,0.9982005399,0.03998933419,0.9992001067,0,0,1.208694507,1.560423981,-1.461800999,1.801440354,0.8300146914,-0.2259504124,-0.5055144571,-1.236408992,1.649336143,0.9263398285,1.256270128,0.7116998079,0.6691570257,-0.9396144101,0.1615119809,0.08346286383,-0.1135751549,0.07533257238,-0.1399638351,0.03044953579,0.1095109376,-0.1708389082,0,0.1777986169,0.1781516272,-0.3307356602,-0.2832490396,0.05370912018,0.007927034526,0.03821298296,0.007927034526,0.09,0.15,0.01,0,0
4.97,-0.8381966656,-0.08015381298,0.268145586,0.0257095606,-0.05996400648,0.9982005399,0.03998933419,0.9992001067,0,0.5,1.210309627,1.56125861,-1.462936751,1.80219368,0.828615053,-0.225645917,-0.5044193477,-1.238117381,1.649336143,0.9281178146,1.258051644,0.7083924513,0.6663245353,-0.9390773189,0.1661927361,0.0878405188,-0.118834528,0.0735684459,-0.1469867584,0.03397745764,0.1160359603,-0.1744547727,0,0.1844203411,0.181024805,-0.3413443488,-0.2938278463,0.05848813579,0.007931970956,0.03817983405,0.007931970956,0.09,0.15,0.01,0,0
4.98,-0.8354546963,-0.07989635158,0.280262791,0.02578289023,-0.05996400648,0.9982005399,0.04498481404,0.9989876708,0,0,1.211971554,1.562137015,-1.464125096,1.802929364,0.8271451854,-0.2253061425,-0.5032589881,-1.239861928,1.649336143,0.9299620181,1.259861892,0.7049790078,0.6633862568,-0.9384924376,0.1708848429,0.0922818111,-0.1241037612,0.07175659482,-0.1540663938,0.03757714444,0.1225854208,-0.1780707625,0,0.1910775685,0.1839378553,-0.351978463,-0.3044539488,0.06338783942,0.007937144026,0.03814609085,0.007937144026,0.085,0.155,0.01,0,0
4.99,-0.8325911315,-0.07963815189,0.2924634826,0.02585720438,-0.05996400648,0.9982005399,0.04498481404,0.9989876708,0,0.5,1.213680403,1.563059833,-1.465366134,1.80364693,0.8256045215,-0.224930371,-0.5020331339,-1.241642636,1.649336143,0.9318727937,1.26170127,0.7014592231,0.6603417174,-0.9378585592,0.1755834195,0.09678549654,-0.1293778887,0.06989566075,-0.1611985658,0.0412490003,0.1291533942,-0.1816683306,0,0.1977298587,0.1868898012,-0.3626131889,-0.3151008766,0.06838166996,0.007942562677,0.03811178414,0.007942562677,0.085,0.15,0.01,0,0
5,-0.8296051721,-0.07937920449,0.3047405326,0.02593241898,-0.05996400648,0.9982005399,0.04997916927,0.9987502604,0,0,1.215436237,1.564027688,-1.466659913,1.804345887,0.8239925358,-0.224517881,-0.5007415999,-1.243459319,1.649336143,0.9338500923,1.263570168,0.6978330913,0.6571907086,-0.9371747425,0.1802835897,0.1013503011,-0.134651966,0.06798429263,-0.1683791211,0.04499339438,0.1357339454,-0.1852450358,0,0.2043765175,0.1898796749,-0.3732436289,-0.3257622447,0.07347263228,0.007948236212,0.03807695142,0.007948236212,0.085,0.155,0.015,0,0
5.01,-0.8264960898,-0.07911950078,0.3170868958,0.02600845096,-0.05996400648,0.9982005399,0.04997916927,0.9987502604,0,0.5,1.217239073,1.565041191,-1.468006432,1.80502573,0.8223087446,-0.2240679471,-0.4993842605,-1.24531177,1.649336143,0.9358938575,1.265468965,0.694100655,0.6539330861,-0.9364400161,0.1845805045,0.1020444859,-0.1362043389,0.06602111138,-0.1792843113,0.04549523087,0.1454902999,-0.1888048402,0,0.2110327234,0.1929065155,-0.3838730218,-0.3364395795,0.07867564374,0.007954174315,0.03804163156,0.007954174315,0.085,0.15,0.015,0,0
5.02,-0.8232632264,-0.07885903302,0.3294956099,0.02608521821,-0.05996400648,0.9982005399,0.05497227503,0.9984878812,0,0,1.219084878,1.566061636,-1.469368476,1.805685941,0.8205159015,-0.2236129948,-0.4979293575,-1.247199818,1.649336143,0.9380041847,1.26739803,0.6902619247,0.6505686904,-0.9356532597,0.1890721116,0.1046496637,-0.1395061551,0.06400485586,-0.1884868553,0.04764862854,0.1537674625,-0.1923249433,0,0.2176472566,0.1959693649,-0.3944717817,-0.3471013601,0.08395525354,0.00796027813,0.03800586276,0.00796027813,0.085,0.155,0.015,0,0
5.03,-0.8199059927,-0.07859779424,0.3419597956,0.02616263961,-0.05996400648,0.9982005399,0.05497227503,0.9984878812,0,0.5,1.220975599,1.567108133,-1.470763537,1.806325989,0.8186310329,-0.2231365085,-0.4963916829,-1.249123067,1.649336143,0.9401806573,1.269357724,0.6863172069,0.6470976768,-0.9348137072,0.1937585723,0.1093143304,-0.1446882919,0.06193422915,-0.1958485462,0.05156902201,0.1604286844,-0.195829884,0,0.2242863032,0.1990672652,-0.4050690218,-0.3577745247,0.08936477521,0.007966603397,0.03796969088,0.007966603397,0.08,0.155,0.015,0,0
5.04,-0.8164238682,-0.07833577831,0.3544726564,0.02624063501,-0.05996400648,0.9982005399,0.05996400648,0.9982005399,0,0.5,1.222913185,1.568201276,-1.47221042,1.806945332,0.8166725475,-0.2226208183,-0.494787396,-1.251081366,1.649336143,0.9424235203,1.271348397,0.6822665167,0.6435199315,-0.9339200594,0.1984283984,0.1140332143,-0.1498494886,0.05980794005,-0.2032432811,0.05556327467,0.1670810731,-0.1992799703,0,0.2308565067,0.2021992554,-0.4156145405,-0.3684068518,0.09483631441,0.007973214706,0.03793315471,0.007973214706,0.08,0.155,0.02,0,0
5.05,-0.8128163997,-0.07807297989,0.3670274787,0.02631912524,-0.05996400648,0.9982005399,0.06495423883,0.9978882437,0,0,1.224897469,1.569341608,-1.473708915,1.807543411,0.8146401147,-0.2220651855,-0.4931165853,-1.253074166,1.649336143,0.9447320854,1.273370389,0.6781103713,0.639835863,-0.9329716963,0.2030768207,0.1188047806,-0.1549849021,0.05762475094,-0.2106670341,0.05963148105,0.1737187422,-0.2026999739,0,0.2374245967,0.2053643683,-0.4261382112,-0.3790255417,0.1004234232,0.007980122678,0.03789630564,0.007980122678,0.08,0.16,0.02,0,0
5.06,-0.8090832009,-0.07780939442,0.3796176317,0.02639803211,-0.05996400648,0.9982005399,0.06495423883,0.9978882437,0,0.5,1.226928237,1.570529656,-1.475258764,1.808119658,0.8125334443,-0.2214688707,-0.4913793979,-1.255101166,1.649336143,0.9471063314,1.275424033,0.6738489892,0.6360456076,-0.931967462,0.2076990988,0.1236274322,-0.1600897277,0.05538346205,-0.2181158018,0.06377365291,0.1803358165,-0.206077747,0,0.2439655329,0.2085616278,-0.4366243614,-0.3896123268,0.106109809,0.007987338337,0.03785918793,0.007987338337,0.08,0.155,0.02,0,0
5.07,-0.8052239512,-0.07754501812,0.3922365677,0.0264772784,-0.05996400648,0.9982005399,0.06994284734,0.9975510003,0,0,1.229005228,1.57176593,-1.476859661,1.808673493,0.8103522863,-0.2208311342,-0.4895760397,-1.257161943,1.649336143,0.9495459867,1.277509649,0.6694827456,0.6321494843,-0.930906364,0.2122905256,0.1284995056,-0.1651592037,0.05308291648,-0.2255856036,0.06798971228,0.1869264352,-0.2094072293,0,0.2504692865,0.2117900456,-0.4470650012,-0.4001564868,0.1118903649,0.007994873111,0.03782184991,0.007994873111,0.08,0.16,0.02,0,0
5.08,-0.8012383951,-0.07727984797,0.4048778218,0.02655678788,-0.05996400648,0.9982005399,0.06994284734,0.9975510003,0,0.5,1.231128133,1.573050925,-1.478511253,1.809204322,0.8080964303,-0.220151237,-0.4877067753,-1.259256016,1.649336143,0.9520506796,1.27962755,0.6650120956,0.6281479194,-0.9297874603,0.2168464322,0.1334192675,-0.1701886151,0.0507220051,-0.2330724818,0.07227948477,0.1934847561,-0.2126764605,0,0.2569109293,0.215048619,-0.4574448241,-0.410640168,0.1177482833,0.008002738839,0.03778434205,0.008002738839,0.075,0.16,0.025,0.005,0
5.09,-0.7971263416,-0.07701388173,0.4175350119,0.02663648529,-0.05996400648,0.9982005399,0.07492970727,0.9971888181,0,0.5,1.233296598,1.574385118,-1.480213139,1.809711542,0.8057657055,-0.2194284422,-0.4857719278,-1.26138278,1.649336143,0.9546197889,1.281778036,0.6604376473,0.6240415178,-0.9286099775,0.2213621921,0.1383849108,-0.1751732984,0.04829967135,-0.2405725013,0.07664269311,0.2000049603,-0.2158992483,0,0.2633299071,0.2183363277,-0.4677811195,-0.42107694,0.123716149,0.008010947778,0.03774671846,0.008010947778,0.075,0.16,0.025,0,0
5.1,-0.7928876628,-0.07674711789,0.430201839,0.02671629633,-0.05996400648,0.9982005399,0.07991469397,0.9968017063,0,0.5,1.235510219,1.575768967,-1.481964872,1.810194539,0.8033599804,-0.2186620153,-0.4837718782,-1.263541773,1.649336143,0.9572530879,1.283961399,0.6557598361,0.6198307484,-0.927372816,0.2258332269,0.1433945516,-0.1801086458,0.04581491605,-0.2480817507,0.08107895101,0.2064812562,-0.219050604,0,0.2696684464,0.2216521314,-0.4780424301,-0.4314331481,0.1297514853,0.008019512603,0.03770902959,0.008019512603,0.075,0.165,0.025,0,0
5.11,-0.7885222934,-0.07647955567,0.4428720868,0.02679614772,-0.05996400648,0.9982005399,0.0848976828,0.9963896745,0,0,1.237768552,1.577202912,-1.483765959,1.810652688,0.8008791629,-0.2178512258,-0.4817070656,-1.265732279,1.649336143,0.9599497724,1.28617792,0.6509794118,0.6155164169,-0.9260753011,0.2302550106,0.1484462266,-0.1849901098,0.04326680204,-0.2555963421,0.08558775736,0.2129078846,-0.2221542224,0,0.2759907509,0.2249949676,-0.488259052,-0.4417342931,0.1359058992,0.008028446411,0.03767133298,0.008028446411,0.075,0.165,0.025,0,0
5.12,-0.7840302301,-0.07621119504,0.455539622,0.02687596712,-0.05996400648,0.9982005399,0.0848976828,0.9963896745,0,0.5,1.240071102,1.578687375,-1.48561586,1.811085356,0.7983231995,-0.2169953482,-0.4795779868,-1.267953821,1.649336143,0.9627096799,1.28842787,0.6460968213,0.6110990739,-0.9247162421,0.234623075,0.1535378905,-0.1898132084,0.04065445875,-0.2631124119,0.09016849081,0.2192791231,-0.2251751561,0,0.2822136338,0.2283637487,-0.4983869568,-0.4519348072,0.1421167007,0.008037762724,0.03763367983,0.008037762724,0.07,0.165,0.03,0,0
5.13,-0.7794115302,-0.07594203667,0.4681983942,0.02695568318,-0.05996400648,0.9982005399,0.0898785492,0.995952733,0,0.5,1.242417333,1.580222754,-1.487513992,1.811491901,0.7956920754,-0.2160936633,-0.4773851955,-1.270205572,1.649336143,0.9655318162,1.290711508,0.6411129517,0.6065797259,-0.9232950751,0.2389330147,0.1586674139,-0.1945735291,0.03797708664,-0.2706261217,0.09482040463,0.2255892915,-0.2281410977,0,0.2884113362,0.2317573603,-0.5084620497,-0.4620649216,0.1484432251,0.008047475487,0.0375961308,0.008047475487,0.07,0.165,0.03,0,0
5.14,-0.7746663113,-0.07567208196,0.4808424358,0.02703522553,-0.05996400648,0.9982005399,0.09485716863,0.9954908928,0,0.5,1.244806663,1.581809428,-1.489459727,1.811871672,0.7929858142,-0.2151454592,-0.4751293026,-1.272486983,1.649336143,0.9684159296,1.293029081,0.6360283312,0.6019590767,-0.9218106429,0.2431804927,0.1638325818,-0.1992667348,0.03523396158,-0.2781336588,0.09954262212,0.2318327569,-0.2310164695,0,0.2944985197,0.2351746589,-0.5184393753,-0.4720785488,0.1548204486,0.008057599067,0.0375587392,0.008057599067,0.07,0.17,0.03,0,0
5.15,-0.7697947502,-0.07540133297,0.4934658623,0.02711452477,-0.05996400648,0.9982005399,0.09983341665,0.9950041653,0,0,1.247238468,1.583447754,-1.491452395,1.812224011,0.7902044776,-0.214150033,-0.4728109751,-1.274797148,1.649336143,0.9713609148,1.295380828,0.6308439375,0.5972382912,-0.9202624384,0.2473612449,0.1690310923,-0.203888568,0.03242443897,-0.2856312373,0.1043341323,0.2380039393,-0.2338290702,0,0.3005497125,0.2386144699,-0.5283555297,-0.4820059028,0.1613079349,0.00806814825,0.0375215675,0.00806814825,0.065,0.17,0.035,0,0
5.16,-0.7647970822,-0.0751297925,0.5060628719,0.0271935125,-0.05996400648,0.9982005399,0.09983341665,0.9950041653,0,0.5,1.24971208,1.585138064,-1.49349128,1.812548256,0.7873481652,-0.2131066917,-0.4704309357,-1.277135439,1.649336143,0.9743664119,1.297766972,0.6255603822,0.5924182321,-0.918649359,0.2514710864,0.1742605561,-0.2084348563,0.02954795788,-0.293115099,0.1091937862,0.2440973166,-0.2365480247,0,0.3064908959,0.2420755857,-0.5381714807,-0.4918067673,0.1678489025,0.008079138239,0.03748467092,0.008079138239,0.065,0.17,0.035,0,0
5.17,-0.7596735999,-0.07485746399,0.5186277457,0.02727212126,-0.05996400648,0.9982005399,0.1048071688,0.9944925627,0,0.5,1.252226791,1.58688067,-1.495575629,1.812843735,0.7844170142,-0.2120147538,-0.4679899625,-1.279500919,1.649336143,0.9774313209,1.300187728,0.6201786674,0.5875001645,-0.91697087,0.2555059161,0.1795184958,-0.2129015179,0.0266040449,-0.3005815149,0.1141202932,0.2501074309,-0.2391906743,0,0.3123700517,0.2455567643,-0.5479107392,-0.5014987155,0.1744820568,0.00809058465,0.03744811215,0.00809058465,0.065,0.175,0.035,0,0
5.18,-0.7544246532,-0.07458435156,0.5311548479,0.0273502846,-0.05996400648,0.9982005399,0.1097783008,0.993956098,0,0.5,1.25478185,1.588675855,-1.497704644,1.813109776,0.7814111991,-0.2108735509,-0.4654888882,-1.281892826,1.649336143,0.9805550214,1.302643296,0.61469956,0.5824851773,-0.9152260494,0.2594617223,0.1848023463,-0.217284566,0.02359231794,-0.308026786,0.1191122186,0.256028894,-0.241743491,0,0.3181567045,0.2490567275,-0.557556787,-0.5110624149,0.181184359,0.0081025035,0.03741194932,0.0081025035,0.06,0.175,0.04,0,0
5.19,-0.7490506474,-0.07431046,0.5436386254,0.02742793704,-0.05996400648,0.9982005399,0.1147466884,0.9933947843,0,0.5,1.257376467,1.590523878,-1.49987749,1.813345699,0.7783309312,-0.2096824287,-0.4629285992,-1.284310261,1.649336143,0.9837365884,1.305133863,0.6091239921,0.5773745532,-0.9134142059,0.2633345883,0.1901094552,-0.2215801148,0.02051248974,-0.315447245,0.124167981,0.2618563935,-0.2442107854,0,0.3238656072,0.2525741598,-0.5671165121,-0.5204998049,0.1879682748,0.008114911202,0.03737624347,0.008114911202,0.06,0.18,0.04,0,0
5.2,-0.7435520433,-0.07403579474,0.556073608,0.02750501406,-0.05996400648,0.9982005399,0.1197122073,0.9928086359,0,0.5,1.260009813,1.592424973,-1.502093291,1.813550824,0.7751764588,-0.2084407489,-0.4603100353,-1.286752369,1.649336143,0.9869752445,1.307659605,0.603452827,0.5721695551,-0.9115345231,0.2671206972,0.1954370843,-0.2257843843,0.01736437132,-0.3228392579,0.1292858501,0.2675846985,-0.2465872244,0,0.3294867992,0.2561077067,-0.5765842279,-0.5298013603,0.1948266425,0.008127824558,0.03734105421,0.008127824558,0.06,0.18,0.045,0,0
5.21,-0.7379293559,-0.07376036185,0.5684544085,0.02758145214,-0.05996400648,0.9982005399,0.1246747334,0.9921976672,0,0.5,1.26268102,1.594379344,-1.504351135,1.813724467,0.7719480662,-0.2071478904,-0.4576341883,-1.289218241,1.649336143,0.9902701125,1.310220682,0.5976869847,0.5668715415,-0.9095862567,0.2708163376,0.2007824106,-0.2298937061,0.0141478752,-0.3301992254,0.134463946,0.2732086662,-0.2488543516,0,0.3349762555,0.2596559742,-0.585936515,-0.5389422437,0.2017248574,0.008141260741,0.03730644193,0.008141260741,0.055,0.185,0.045,0,0
5.22,-0.7321831534,-0.07348416803,0.5807757225,0.02765718873,-0.05996400648,0.9982005399,0.1296341426,0.9915618937,0,0,1.265389184,1.596387168,-1.506650072,1.813865946,0.7686460739,-0.2058032509,-0.4549021017,-1.291706784,1.649336143,0.9936198751,1.312817242,0.5918276196,0.5614821191,-0.9075690081,0.2744179089,0.2061425285,-0.233904528,0.01086301834,-0.3375235847,0.1397002376,0.2787232478,-0.2510389332,0,0.3404060447,0.2632175276,-0.5952106094,-0.5479507856,0.2087207937,0.008155237288,0.03727247031,0.008155237288,0.055,0.185,0.045,0,0
5.23,-0.7263140571,-0.07320722062,0.5930323286,0.02773216225,-0.05996400648,0.9982005399,0.1296341426,0.9915618937,0,0.5,1.268133363,1.598448593,-1.508989117,1.813974576,0.7652708381,-0.2044062486,-0.4521148692,-1.294217174,1.649336143,0.9970239355,1.315449417,0.5858755135,0.5560026112,-0.9054818002,0.2779219258,0.2115144525,-0.2378134195,0.007509925031,-0.344808811,0.1449925426,0.2841234947,-0.2531127811,0,0.3457067162,0.2667908908,-0.604370044,-0.5567907767,0.2157592715,0.008169772083,0.03723919671,0.008169772083,0.05,0.185,0.05,0.005,0
5.24,-0.7203227397,-0.07292952753,0.6052190883,0.02780631211,-0.05996400648,0.9982005399,0.134590311,0.9909013312,0,0.5,1.270912582,1.600563738,-1.511367251,1.814049676,0.76182275,-0.2029563231,-0.4492736342,-1.296748301,1.649336143,1.000481003,1.318117326,0.579831813,0.5504347034,-0.9033242075,0.2813250242,0.2168951198,-0.2416170772,0.004088829433,-0.3520514202,0.1503385277,0.2894045649,-0.2550903717,0,0.3509185534,0.2703745456,-0.6134358331,-0.5654760357,0.2228727136,0.008184883338,0.03720668363,0.008184883338,0.05,0.185,0.05,0,0
5.25,-0.714209925,-0.07265109732,0.6173309459,0.02787957868,-0.05996400648,0.9982005399,0.1395431146,0.9902159962,0,0.5,1.273725832,1.602732689,-1.513783422,1.814090564,0.7583022358,-0.2014529379,-0.4463795886,-1.299299205,1.649336143,1.003990188,1.320821071,0.5736974547,0.5447799431,-0.9010954803,0.2846239654,0.2222813939,-0.2453123294,0.0006000779646,-0.3592479699,0.1557357094,0.2945617292,-0.2569595673,0,0.3560129082,0.2739669315,-0.622392932,-0.5739893082,0.2300381676,0.00820058958,0.03717498981,0.00820058958,0.05,0.19,0.05,0,0
5.26,-0.707976387,-0.0723719391,0.6293629285,0.02795190333,-0.05996400648,0.9982005399,0.1444924297,0.9895059059,0,0.5,1.276572072,1.604955503,-1.516236545,1.814096565,0.7547097561,-0.1998955808,-0.4434339713,-1.301868801,1.649336143,1.007550317,1.323560741,0.5674735254,0.53904005,-0.8987950986,0.2878156412,0.2276700684,-0.2488961414,-0.002955868562,-0.3663950621,0.1611814546,0.2995903773,-0.2587246599,0,0.3610035081,0.2775664454,-0.6312487124,-0.5823324764,0.2372666409,0.008216909628,0.03714417549,0.008216909628,0.045,0.195,0.05,0,0
5.27,-0.701622949,-0.07209206258,0.6413101464,0.02802322839,-0.05996400648,0.9982005399,0.1494381325,0.9887710779,0,0.5,1.279450228,1.607232204,-1.518725507,1.814067006,0.7510458055,-0.1982837662,-0.4404380675,-1.304456047,1.649336143,1.011160352,1.326336405,0.5611610383,0.5332167252,-0.8964224322,0.2908970783,0.2330578709,-0.2523656203,-0.006578433038,-0.3734893449,0.1666729832,0.3044860243,-0.2603743756,0,0.3658632949,0.2811714415,-0.6399889668,-0.5904894813,0.2445360224,0.008233862569,0.03711429912,0.008233862569,0.045,0.195,0.06,0,0
5.28,-0.6951504827,-0.07181147805,0.6531677926,0.02809349717,-0.05996400648,0.9982005399,0.1543800993,0.9880115308,0,0.5,1.282359199,1.609562782,-1.521249163,1.814001222,0.747310912,-0.1966170364,-0.4373932073,-1.307059791,1.649336143,1.014818985,1.329148119,0.5547611486,0.5273118304,-0.893977072,0.2938654431,0.2384414681,-0.2557180193,-0.0102669204,-0.3805275152,0.1722073697,0.3092443166,-0.2619132523,0,0.3706062298,0.2847802312,-0.6486213496,-0.5984625343,0.2518572805,0.008251467743,0.0370854201,0.008251467743,0.04,0.2,0.06,0,0
5.29,-0.6885599075,-0.07153019635,0.664931143,0.02816265398,-0.05996400648,0.9982005399,0.1593182066,0.9872272834,0,0.5,1.285297853,1.611947197,-1.523806343,1.813898552,0.7435056369,-0.1948949627,-0.4343007641,-1.309678924,1.649336143,1.018525048,1.331995922,0.5482749351,0.5213272051,-0.8914584992,0.2967180452,0.2438174705,-0.2589507428,-0.01402051622,-0.3875063202,0.1777815462,0.3138610381,-0.2633461921,0,0.3752472994,0.2883910837,-0.6571543291,-0.6062541231,0.2592423196,0.008269744709,0.03705759582,0.008269744709,0.04,0.2,0.065,0,0
5.3,-0.6818521896,-0.07124822886,0.6765955564,0.02823064407,-0.05996400648,0.9982005399,0.164252331,0.9864183553,0,0.5,1.288265034,1.614385372,-1.526395851,1.813758347,0.7396305737,-0.1931171472,-0.4311621537,-1.312312386,1.649336143,1.022277521,1.334879833,0.5417033918,0.5152646639,-0.888866076,0.2994523421,0.249182438,-0.2620613499,-0.01783828556,-0.3944225603,0.1833923059,0.318332116,-0.2646567619,0,0.3797450158,0.2920022261,-0.6655659867,-0.6138425131,0.2666567455,0.008288713225,0.03703088176,0.008288713225,0.035,0.2,0.065,0,0
5.31,-0.6750283414,-0.07096558753,0.6881564745,0.02829741369,-0.05996400648,0.9982005399,0.1691823491,0.9855847669,0,0.5,1.291259557,1.616877196,-1.529016464,1.813579964,0.7356863481,-0.1912832242,-0.4279788326,-1.314958953,1.649336143,1.026074971,1.337799855,0.5350477319,0.5091262387,-0.8861995086,0.3020659425,0.2545328855,-0.2650475594,-0.0217191721,-0.4012730909,0.1890363064,0.3226536266,-0.2658570658,0,0.3841329168,0.2956118443,-0.6738748979,-0.6212384339,0.2741274076,0.008308393215,0.03700533467,0.008308393215,0.035,0.195,0.07,0,0
5.32,-0.6680894201,-0.07068228483,0.699609422,0.02836291007,-0.05996400648,0.9982005399,0.1741081376,0.9847265389,0,1,1.294280217,1.619422525,-1.53166694,1.813362773,0.7316736171,-0.1893928611,-0.4247522963,-1.317617524,1.649336143,1.0299163,1.340755973,0.528308983,0.5029138544,-0.8834582345,0.3045566096,0.2598652888,-0.267907253,-0.02566199747,-0.4080548251,0.1947100742,0.3268218013,-0.2669296309,0,0.388365964,0.2992180833,-0.6820570614,-0.6284192399,0.2816165219,0.008328804745,0.03698100811,0.008328804745,0.03,0.195,0.07,0,0
5.33,-0.6610365275,-0.07039833375,0.7109500064,0.02842708141,-0.05996400648,0.9982005399,0.1839465335,0.9829362506,0,0.5,1.297325783,1.622021178,-1.534346012,1.813106153,0.7275930689,-0.1874457604,-0.4214840783,-1.32028682,1.649336143,1.03379996,1.343748154,0.5214884124,0.496629662,-0.8806420693,0.306922265,0.2651760914,-0.270638479,-0.02966546097,-0.4147647356,0.2004100092,0.3308330317,-0.2678984548,0,0.3925092935,0.3028190487,-0.6901486495,-0.635408835,0.289177059,0.008349967987,0.03695795662,0.008349967987,0.03,0.195,0.075,0,0
5.34,-0.6538708088,-0.07011374779,0.7221739181,0.02848987689,-0.05996400648,0.9982005399,0.188858895,0.9820042351,0,0.5,1.300395005,1.624672939,-1.537052397,1.812809498,0.7234454215,-0.1854416603,-0.418175748,-1.322965805,1.649336143,1.037725053,1.346776345,0.5145869259,0.4902755736,-0.8777502987,0.3091609906,0.2704617102,-0.2732394555,-0.03372813944,-0.4213998575,0.2061323901,0.3346838749,-0.2687290769,0,0.3964717263,0.3064128071,-0.6981002093,-0.6421658492,0.2967326443,0.008371903187,0.03693623002,0.008371903187,0.025,0.19,0.075,0,0
5.35,-0.6465934521,-0.06982854096,0.7332769304,0.02855124666,-0.05996400648,0.9982005399,0.193766535,0.9810476695,0,0.5,1.303486615,1.627377556,-1.539784792,1.812472217,0.719231423,-0.1833803364,-0.4148289092,-1.325653096,1.649336143,1.04168977,1.349840473,0.5076059238,0.4838539151,-0.8747829722,0.3112710319,0.2757185435,-0.2757085737,-0.0378484875,-0.42795729,0.2118733797,0.3383710589,-0.2694524037,0,0.4003367909,0.3099973878,-0.7059583239,-0.6487217298,0.3043515274,0.008394630637,0.03691588089,0.008394630637,0.025,0.195,0.08,0,0
5.36,-0.6392056871,-0.06954272777,0.7442548995,0.02861114186,-0.05996400648,0.9982005399,0.1986693308,0.9800665778,0,0.5,1.306599326,1.630134741,-1.542541877,1.812093732,0.7149518501,-0.1812616026,-0.4114451986,-1.32834762,1.649336143,1.045693138,1.352940447,0.5005463405,0.4773666979,-0.871739457,0.3132508,0.2809429768,-0.2780444,-0.04202483805,-0.4344341992,0.2176290309,0.3418914873,-0.2700547234,0,0.4040683946,0.3135707838,-0.7137038628,-0.6550582616,0.3120027708,0.00841817063,0.03689695635,0.00841817063,0.02,0.19,0.08,0,0
5.37,-0.6317087845,-0.0692563232,0.7551037644,0.0286695146,-0.05996400648,0.9982005399,0.2035671599,0.9790609845,0,0.5,1.309731834,1.632944171,-1.545322321,1.811673484,0.7106075081,-0.1790853123,-0.4080262838,-1.331048167,1.649336143,1.049733822,1.356076154,0.4934093019,0.4708161152,-0.8686194292,0.3150988734,0.2861313907,-0.2802456788,-0.04625540298,-0.4408278202,0.2233952928,0.3452422435,-0.2705194371,0,0.407621633,0.3171309538,-0.7213122503,-0.6611545544,0.3196474543,0.008442543434,0.03687950355,0.008442543434,0.02,0.19,0.085,0,0
5.38,-0.6241040554,-0.06896934271,0.7658195473,0.02872631797,-0.05996400648,0.9982005399,0.2084598998,0.9780309147,0,0.5,1.312882822,1.635805485,-1.548124778,1.811210929,0.7061992299,-0.1768513593,-0.4045738613,-1.333753361,1.649336143,1.053810038,1.359247464,0.4861961794,0.4642045697,-0.8654229547,0.3168139997,0.2912801679,-0.2823113341,-0.05053827433,-0.447135459,0.2291680178,0.3484205957,-0.2708739381,0,0.4110708929,0.3206758233,-0.7288257459,-0.6670376751,0.3273465992,0.008467769247,0.0368635693,0.008467769247,0.015,0.185,0.085,0,0
5.39,-0.6163928501,-0.06868180223,0.776398353,0.02878150603,-0.05996400648,0.9982005399,0.2133474283,0.9769763942,0,0.5,1.316050962,1.638718287,-1.550947891,1.810705547,0.7017278753,-0.1745596792,-0.4010896554,-1.336462101,1.649336143,1.057920747,1.362454222,0.4789079219,0.4575341929,-0.8621494887,0.3183950966,0.2963857004,-0.2842404711,-0.05487142553,-0.4533544952,0.2349429679,0.3514240002,-0.2710952787,0,0.4143535145,0.3242032867,-0.7362097932,-0.6726799108,0.3350461733,0.008493868162,0.03684919584,0.008493868162,0.015,0.185,0.09,0,0
5.4,-0.6085765576,-0.06839371813,0.7868363693,0.02883503384,-0.05996400648,0.9982005399,0.2182296231,0.9758974493,0,0.5,1.319234913,1.641682144,-1.553790296,1.810156832,0.6971943303,-0.1722102495,-0.3975754154,-1.339173053,1.649336143,1.062064282,1.365696255,0.471545824,0.4508073938,-0.858799027,0.3198412531,0.3014443972,-0.2860323774,-0.05925271309,-0.4594823836,0.2407158226,0.3542501058,-0.2712000747,0,0.4175145563,0.3277112091,-0.7434905015,-0.6780964074,0.3427826794,0.008520860128,0.03683642555,0.008520860128,0.01,0.18,0.095,0,0
5.41,-0.6006566045,-0.06810510723,0.7971298668,0.02888685742,-0.05996400648,0.9982005399,0.2231063621,0.9747941071,0,1,1.322433326,1.644696588,-1.55665062,1.809564305,0.6925995065,-0.1698030912,-0.3940329143,-1.341885054,1.649336143,1.066239428,1.368973367,0.464110919,0.4440264298,-0.8553712002,0.3211517297,0.3064526913,-0.2876865237,-0.0636798785,-0.4655166563,0.2464821859,0.3568967567,-0.2711796447,0,0.4205296683,0.3311974284,-0.75065476,-0.6832750553,0.3505340222,0.008548764911,0.0368252974,0.008548764911,0.005,0.18,0.095,0,0
5.42,-0.5926344542,-0.0678159868,0.8072751992,0.02893693375,-0.05996400648,0.9982005399,0.2328429855,0.9725143413,0,0.5,1.325644843,1.647761115,-1.559527485,1.808927507,0.6879443399,-0.1673382694,-0.3904639467,-1.344596851,1.649336143,1.070444724,1.372285341,0.4566043714,0.4371936792,-0.85186586,0.3209134905,0.1575028609,-0.1449652881,-0.06816371925,-0.6098786641,0.1409205245,0.4982061129,-0.271024014,0,0.4233701141,0.3346597575,-0.7576865176,-0.6882027634,0.3582739166,0.008577602049,0.03681584899,0.008577602049,0.340000006,0.18,0.1,0,0
5.43,-0.5845116063,-0.06752637452,0.817268803,0.02898522083,-0.05996400648,0.9982005399,0.2377026264,0.9713379749,0,0.5,1.328853978,1.649336143,-1.560977138,1.808245869,0.6818455533,-0.1659290641,-0.3854818856,-1.347307091,1.649336143,1.074678425,1.375631939,0.4490275062,0.4303116516,-0.8482831208,0.3211465941,0,0.006300737352,-0.07266220164,-0.7619692717,0.03168883892,0.6491461024,-0.2707550333,0,0.4260954616,0.3380959865,-0.7646206431,-0.6928998985,0.3660513676,0.008595880706,0.0368081162,0.008595880706,0,0.18,0.105,0,0
5.44,-0.5762895955,-0.06723628849,0.8271071974,0.0290316776,-0.05996400648,0.9982005399,0.2425563248,0.970137325,0.5,0.5,1.332065444,1.649336143,-1.560914131,1.807519247,0.6742258606,-0.1656121758,-0.3789904246,-1.350014641,1.649336143,1.07893938,1.379012899,0.4413812998,0.4233826526,-0.8446226071,0.322908586,0,0.01006338323,-0.0772123355,-0.7721278747,0.03753199307,0.6583944906,-0.2703590863,0,0.4286665999,0.3415038852,-0.7714351952,-0.697349491,0.3738311754,0.008602564635,0.0368021315,0.008602564635,0,0.175,0.105,0,0
5.45,-0.567969991,-0.0669457472,0.8367869849,0.029076264,-0.05497227503,0.9984878812,0.2474039593,0.9689124217,0.5,0.5,1.33529453,1.649336143,-1.560813497,1.806747124,0.6665045818,-0.1652368558,-0.3724064797,-1.352718232,1.649336143,1.083226046,1.382427938,0.4336669478,0.4164091577,-0.8408842954,0.3245414573,0,0.01392497403,-0.08179821086,-0.7820823232,0.04359329582,0.6674424585,-0.2698311684,0,0.4310676143,0.3448812052,-0.7781212011,-0.7015439848,0.381597517,0.00860929155,0.03679792586,0.00860929155,0,0.175,0.105,0,0
5.46,-0.5595543955,-0.06665476957,0.8463048506,0.02911894094,-0.04997916927,0.9987502604,0.2522454086,0.9676632957,0,1,1.338539945,1.649336143,-1.560674247,1.805929142,0.6586837586,-0.1648009229,-0.3657320551,-1.355416544,1.649336143,1.087536722,1.38587675,0.4258857358,0.4093937178,-0.8370683202,0.3260422111,0,0.01794582353,-0.08641703247,-0.7918850835,0.049824016,0.6763424832,-0.2691897192,0,0.4333486917,0.3482256832,-0.7847085657,-0.7054997981,0.3893915821,0.00861605879,0.03679552788,0.00861605879,0,0.17,0.105,0,0
5.47,-0.5510444445,-0.06636337488,0.8556575625,0.02915967031,-0.04997916927,0.9987502604,0.2619092681,0.9650925009,0.5,0.5,1.341800367,1.649336143,-1.560494789,1.805064972,0.6507649078,-0.1643026827,-0.3589686303,-1.358108441,1.649336143,1.091870209,1.389359007,0.4180386502,0.4023387198,-0.8331744044,0.3274091319,0,0.02207666908,-0.09106590722,-0.8014834617,0.05625756954,0.6850404916,-0.2684113008,0,0.4354412638,0.3515350429,-0.7911571937,-0.7091906798,0.3971518358,0.00862286362,0.03679496335,0.00862286362,0,0.175,0.105,0,0
5.48,-0.5424418053,-0.06607158278,0.8648419716,0.02919841496,-0.04498481404,0.9989876708,0.2667314367,0.9637708964,0.5,-0.5,1.345074458,1.649336143,-1.560274022,1.804154313,0.6427500731,-0.163740107,-0.3521182254,-1.360792554,1.649336143,1.096224622,1.392874357,0.4101270782,0.395246813,-0.829202886,0.3286397475,0,0.02634846248,-0.09574184804,-0.8109022755,0.06286695682,0.6935612415,-0.267522847,0,0.4374196493,0.3548069987,-0.7975114831,-0.7126414647,0.4049404446,0.008629703257,0.03679625591,0.008629703257,0,0.175,0.105,0,0
5.49,-0.5337481763,-0.06577941331,0.8738550118,0.02923513875,-0.03998933419,0.9992001067,0.2619092681,0.9650925009,0,0,1.348360855,1.649336143,-1.560010538,1.803196894,0.6346410504,-0.1631114374,-0.3451826129,-1.363467782,1.649336143,1.100598818,1.396422427,0.4021519634,0.3881203984,-0.8251534816,0.3297324934,0,0.03072159896,-0.1004417778,-0.8200986346,0.06967645662,0.7018600998,-0.2665101518,0,0.4392409323,0.3580392573,-0.8037463191,-0.7158354308,0.412717821,0.008636574854,0.03679942652,0.008636574854,0,0.17,0.105,0,0
5.5,-0.5249652863,-0.06548688686,0.8826936998,0.02926980649,-0.03998933419,0.9992001067,0.2619092681,0.9650925009,0.5,0,1.35165818,1.649336143,-1.559703322,1.802192476,0.626440064,-0.1624146729,-0.3381640119,-1.366132884,1.649336143,1.104991228,1.40000282,0.3941145002,0.3809620441,-0.8210263034,0.3306850651,0,0.03523241753,-0.1051625338,-0.8291032023,0.07665469324,0.7099680981,-0.2653714212,0,0.4408969055,0.3612295218,-0.8098568261,-0.7187686984,0.4204741509,0.008643475522,0.03680449377,0.008643475522,0,0.17,0.105,0,0
5.51,-0.5160948932,-0.06519402415,0.8913551353,0.02930238398,-0.0349928546,0.9993875625,0.2619092681,0.9650925009,0.5,-0.5,1.354965031,1.649336143,-1.559350997,1.801140851,0.618149032,-0.1616481259,-0.331064331,-1.368786598,1.649336143,1.109400197,1.403615115,0.3860159319,0.3737743571,-0.8168215619,0.3314963095,0,0.03983046155,-0.1099008719,-0.8378632101,0.08383192898,0.7178299452,-0.2641127696,0,0.4424020401,0.3643754938,-0.8158517784,-0.7214451823,0.4282194166,0.008650402309,0.03681147349,0.008650402309,0,0.17,0.105,0,0
5.52,-0.5071387838,-0.06490084626,0.8998365008,0.029332838,-0.0299955002,0.9995500337,0.2570805519,0.9663899781,0.5,0,1.358279994,1.649336143,-1.558952693,1.800041842,0.6097703999,-0.1608098067,-0.3238860315,-1.371427726,1.649336143,1.113824217,1.40725887,0.3778574142,0.3665599053,-0.8125393677,0.332162638,-0.0001426564215,0.04476817689,-0.1146515229,-0.8466192616,0.09102715986,0.7256965609,-0.2627329558,0,0.4437493421,0.367474877,-0.8217269298,-0.723861626,0.4359446888,0.008657352227,0.03682037895,0.008657352227,0,0.165,0.105,0,0
5.53,-0.4980987725,-0.06460737458,0.9081350618,0.02936113629,-0.02499739591,0.9996875163,0.2570805519,0.9663899781,0,0,1.36160162,1.649334717,-1.558505011,1.798895327,0.6013042073,-0.1598995351,-0.3166290659,-1.374055055,1.649336143,1.11826171,1.410933619,0.3696401449,0.359321289,-0.8081799208,0.3326882586,0.0001426564215,0.04921369542,-0.1194188897,-0.8545625083,0.09880825548,0.7327213806,-0.2612460748,0,0.4449767983,0.3705253799,-0.8275057118,-0.7260293197,0.4436808475,0.008664311582,0.03683122066,0.008664311582,0.005,0.165,0.1,0,0
5.54,-0.4889767008,-0.06431363082,0.9162481667,0.0293872476,-0.02499739591,0.9996875163,0.2570805519,0.9663899781,0.5,-0.5,1.364928503,1.649336143,-1.558012874,1.797701138,0.5927585822,-0.1589114525,-0.3093018521,-1.376667516,1.649336143,1.122711478,1.414638872,0.3613650877,0.3520609958,-0.8037431123,0.3330642631,0,0.05433827168,-0.1241878209,-0.8628242439,0.1063598284,0.7400872479,-0.259626931,0,0.4460062554,0.3735247191,-0.8331397297,-0.7279225875,0.4513555283,0.008671309243,0.03684400726,0.008671309243,0,0.165,0.105,0,0
5.55,-0.479774436,-0.06401963702,0.9241732467,0.02941114162,-0.01999866669,0.9998000067,0.2522454086,0.9676632957,0.5,0,1.368259146,1.649336143,-1.557469491,1.79645926,0.5841303398,-0.1578478542,-0.3019009796,-1.379263785,1.649336143,1.127171541,1.41837412,0.3530336904,0.34478177,-0.799229557,0.3332941532,0,0.05938782415,-0.1289625916,-0.8706715209,0.1141949966,0.747027082,-0.257902416,0,0.4469130881,0.3764706222,-0.8386753853,-0.7295648709,0.4590326234,0.008678310149,0.0368587432,0.008678310149,0,0.16,0.105,0,0
5.56,-0.4704938709,-0.06372541548,0.9319078159,0.02943278905,-0.01499943751,0.9998875021,0.2522454086,0.9676632957,0,-0.5,1.371592087,1.649336143,-1.556875613,1.795169634,0.5754236246,-0.1567059043,-0.2944307088,-1.381842809,1.649336143,1.131640672,1.422138826,0.3446469366,0.3374861212,-0.7946392308,0.3333759477,0,0.06453314998,-0.1337376773,-0.8782675786,0.1221878486,0.7537110183,-0.2560605405,0,0.4476574892,0.3793608314,-0.8440876619,-0.7309432075,0.4666734865,0.008685321788,0.03687543178,0.008685321788,0,0.16,0.105,0,0
5.57,-0.4611369227,-0.06343098882,0.9394494713,0.02945216154,-0.01499943751,0.9998875021,0.2474039593,0.9689124217,0.5,0,1.374925847,1.649336143,-1.556230282,1.793832257,0.5666409488,-0.1554840258,-0.2868935986,-1.384403415,1.649336143,1.136117247,1.425932434,0.33620606,0.3301766892,-0.7899724959,0.3333089362,0,0.06976327062,-0.1385094521,-0.8855999917,0.130337091,0.7601252872,-0.2541063025,0,0.4482497455,0.3821931061,-0.8493825147,-0.7320606002,0.4742839383,0.008692340975,0.03689407279,0.008692340975,0,0.155,0.11,0.005,0
5.58,-0.4517055322,-0.06313637992,0.946795893,0.02946923174,-0.009999833334,0.9999500004,0.2474039593,0.9689124217,1,0,1.378258936,1.649336143,-1.555532649,1.792447163,0.5577849489,-0.1541806549,-0.2792923457,-1.386944478,1.649336143,1.140599744,1.429754365,0.3277122348,0.3228560832,-0.7852296566,0.3283669799,-0.2721118509,0.3338276126,-0.1432742083,-1.142995907,-0.02397442373,1.036095411,-0.2520497944,0,0.4487158104,0.3849652265,-0.8545760534,-0.7329243555,0.4818840534,0.008699364501,0.03691466354,0.008699364501,0,0.155,0.105,0,0
5.59,-0.4422016631,-0.06284161195,0.9539448437,0.02948397326,0,1,0.2474039593,0.9689124217,0,-0.5,1.381542606,1.646615025,-1.552194373,1.791014421,0.5463549898,-0.1544203991,-0.2689313916,-1.389464976,1.649336143,1.145086902,1.433604017,0.3191664743,0.3155268396,-0.780410816,0.3374507808,0.2721118509,-0.1782450728,-0.1480283851,-0.6491657694,0.3096602699,0.5023373067,-0.2498705691,0,0.4489883299,0.3876749965,-0.8596245826,-0.7335151222,0.4894092797,0.008686190454,0.03693719968,0.008686190454,0,0.155,0.1,0,0
5.6,-0.4326273008,-0.06254670831,0.9608941691,0.0294963607,0,1,0.2425563248,0.970137325,0,0,1.384917114,1.649336143,-1.553976824,1.789534137,0.5398633321,-0.1513237964,-0.2639080186,-1.391963682,1.649336143,1.149576786,1.437480767,0.3105702285,0.3081916884,-0.7755167232,0.3322083963,0,0.0859802811,-0.1527680182,-0.9060208473,0.1556213985,0.7777512926,-0.2475938487,0,0.4491388987,0.3903202472,-0.8645731517,-0.7338536789,0.4969207449,0.008713411591,0.03696167174,0.008713411591,0,0.15,0.105,0.005,0
5.61,-0.422984452,-0.06225169266,0.967641798,0.02950636964,0,1,0.2425563248,0.970137325,0,0,1.388239198,1.649336143,-1.553117021,1.788006457,0.5308031236,-0.1497675824,-0.2561305056,-1.39443962,1.649336143,1.154068175,1.44138397,0.301924497,0.3008531516,-0.7705475158,0.3315404869,0,0.0915537381,-0.1574894876,-0.9122930465,0.1643019008,0.7830765101,-0.2452099609,0,0.4491325098,0.3928988396,-0.8693984737,-0.7339303588,0.5043828927,0.008720428625,0.03698807026,0.008720428625,0,0.155,0.105,0,0
5.62,-0.4132751438,-0.06195658892,0.9741857417,0.02951397662,0,1,0.2425563248,0.970137325,0,-0.5,1.391554603,1.649336143,-1.552201483,1.786431562,0.5216801932,-0.1481245634,-0.2482997405,-1.39689172,1.649336143,1.1585595,1.445312958,0.2932305122,0.293513848,-0.7655036869,0.3307221158,0,0.09719310655,-0.1621889671,-0.918280707,0.1731030221,0.7881074721,-0.2427290391,0,0.4489949141,0.3954086681,-0.8741164033,-0.7337525256,0.5118153673,0.008727436935,0.03701638185,0.008727436935,0,0.155,0.105,0,0
5.63,-0.4035014225,-0.06166142121,0.9805240948,0.02951915918,0,1,0.2377026264,0.9713379749,0,0,1.394861824,1.649336143,-1.551229552,1.784809672,0.5124973861,-0.1463935332,-0.2404186658,-1.39931901,1.649336143,1.163049449,1.449267045,0.2844893482,0.2861763228,-0.7603855332,0.3297533713,0,0.1028996755,-0.1668626536,-0.9239858746,0.1820133724,0.7928460273,-0.240139654,0,0.4486843723,0.3978476633,-0.8786984446,-0.7333098723,0.5191757409,0.008734433228,0.03704659175,0.008734433228,0,0.15,0.105,0.005,0
5.64,-0.3936653533,-0.06136621389,0.9866550345,0.02952189581,0,1,0.2377026264,0.9713379749,0,0,1.398159357,1.649336143,-1.550200556,1.783141045,0.5032575273,-0.1445733995,-0.2324902055,-1.401720407,1.649336143,1.167536293,1.453245522,0.2757023637,0.278843224,-0.7551937758,0.3286346267,0,0.1086686057,-0.1715067357,-0.9294051295,0.1910250161,0.7972881121,-0.2374623091,0,0.4482591199,0.4002137957,-0.8831818272,-0.7326181534,0.5265134705,0.008741414204,0.03707868059,0.008741414204,0,0.15,0.105,0,0
5.65,-0.383769019,-0.06107099152,0.992576821,0.02952216601,0,1,0.2377026264,0.9713379749,0,0,1.401445704,1.649336143,-1.549113869,1.781425978,0.493963476,-0.1426631493,-0.2245173244,-1.40409503,1.649336143,1.172018884,1.45724766,0.2668705455,0.2715170425,-0.7499286411,0.3273660342,0,0.1145117312,-0.1761174003,-0.9345515507,0.2001204087,0.8014479941,-0.234676516,0,0.4476478018,0.4025050775,-0.8875177604,-0.7316605163,0.5337581953,0.008748376562,0.03711262954,0.008748376562,0,0.15,0.105,0,0
5.66,-0.3738145196,-0.06077577886,0.9982877975,0.02951995023,0,1,0.2377026264,0.9713379749,0,-0.5,1.404719364,1.649336143,-1.547968752,1.779664804,0.4846179605,-0.1406619452,-0.2165028445,-1.406441795,1.649336143,1.176495362,1.46127271,0.2579953679,0.2642004373,-0.7445910591,0.3259494995,0,0.1203740073,-0.1806908387,-0.9393743122,0.2093191664,0.805269008,-0.2318085205,0,0.4469272287,0.4047195669,-0.8917560585,-0.730456928,0.5409766735,0.008755316999,0.0371484133,0.008755316999,0,0.15,0.105,0,0
5.67,-0.363803971,-0.06048060086,1.00378639,0.02951522991,0,1,0.2328429855,0.9725143413,0,-0.5,1.407978859,1.649336143,-1.546765012,1.777857896,0.4752242174,-0.1385687535,-0.2084501544,-1.40875988,1.649336143,1.180964634,1.465319906,0.2490778073,0.2568958681,-0.7391812924,0.324384788,0,0.126300085,-0.1852232532,-0.9439190129,0.21858453,0.8088014082,-0.1704372954,-0.1432793779,0.2560957605,0.4069875048,-0.7663147567,-0.6866486602,0.3698775239,0.008762232243,0.03718600857,0.008762232243,0,0.145,0.105,0,0
5.68,-0.3537395047,-0.06018548266,1.009071107,0.02950798748,0,1,0.2279775235,0.973666395,0,-0.5,1.411222707,1.649336143,-1.545502011,1.776005663,0.4657850273,-0.1363829082,-0.2003621403,-1.410464253,1.647903349,1.183525592,1.469389781,0.2414146597,0.2500293815,-0.7354825171,0.322673367,0,0.1322683172,-0.1897108628,-0.9481678718,0.2279169744,0.8120252564,-0.1246980736,-0.2509820837,0.1147081675,0.4089057586,-0.6722963468,-0.6569055449,0.2436057525,0.008769119011,0.03675328596,0.008769119011,0,0.14,0.105,0.005,0
5.69,-0.3436232665,-0.05989044957,1.014140541,0.02949820631,0,1,0.2231063621,0.9747941071,0,-0.5,1.414449441,1.649336143,-1.544179328,1.774108555,0.4563033486,-0.1341037385,-0.1922418878,-1.411711234,1.645393529,1.184672673,1.473478839,0.2346916962,0.243460326,-0.7330464596,0.3208165092,0,0.1382734811,-0.1941499099,-0.952119375,0.2373074217,0.8149386235,-0.1217453699,-0.2546132437,0.111649421,0.4108787756,-0.67198864,-0.6588750078,0.2467279248,0.008775974045,0.03596614276,0.008775974045,0,0.135,0.105,0.01,0
5.7,-0.3334574159,-0.05959552705,1.018993367,0.02948587079,0,1,0.2182296231,0.9758974493,0,-0.5,1.417657606,1.649336143,-1.542796593,1.772167055,0.4467821548,-0.1317306643,-0.1840925015,-1.412928687,1.642847396,1.185789168,1.477587626,0.2279718098,0.2368715759,-0.7305791804,0.3188156661,0,0.1443103049,-0.1985366664,-0.9557724061,0.2467466218,0.8175400337,-0.1187105813,-0.2582686322,0.1084547664,0.4127677447,-0.6714953886,-0.6607051337,0.2497543192,0.008782794109,0.0351671137,0.008782794109,0,0.13,0.11,0.01,0
5.71,-0.3232441253,-0.05930074072,1.023628341,0.02947096626,0,1,0.2133474283,0.9769763942,0,-0.5,1.420845762,1.649336143,-1.54135349,1.770181689,0.4372244308,-0.1292631981,-0.1759171012,-1.414115793,1.64026471,1.186873715,1.481715304,0.221256856,0.2302645246,-0.7280816372,0.3166724668,0,0.1503734748,-0.2028674395,-0.9591262455,0.2562251751,0.8198284671,-0.1155815965,-0.2619808674,0.1050817819,0.4145709935,-0.6707864274,-0.6623886988,0.252640831,0.008789575992,0.03435609974,0.008789575992,0,0.13,0.11,0.015,0
5.72,-0.3129855791,-0.05900611634,1.028044305,0.02945347905,0,1,0.2084598998,0.9780309147,0,-0.5,1.424012487,1.649336143,-1.539849755,1.768153014,0.4276331683,-0.1267009463,-0.1677188165,-1.415271609,1.637644901,1.187924533,1.485861014,0.2145489917,0.2236406376,-0.7255552289,0.3143887157,0,0.1564576441,-0.2071385781,-0.9621805703,0.2657335531,0.8218033621,-0.1123781813,-0.2657039338,0.1015913372,0.4162869109,-0.6699031091,-0.6639400084,0.2554410142,0.008796316512,0.03353289493,0.008796316512,0,0.125,0.11,0.02,0
5.73,-0.3026839729,-0.05871167979,1.032240182,0.02943339647,0,1,0.2035671599,0.9790609845,0,-0.5,1.427156374,1.649336143,-1.538285179,1.766081629,0.4180113626,-0.1240436108,-0.1595007829,-1.416395391,1.634987862,1.188940446,1.490023883,0.2078499606,0.2170012375,-0.7230008187,0.3119663909,0,0.1625574413,-0.2113464786,-0.9649354522,0.2752621207,0.8234646156,-0.1090842196,-0.2694805966,0.0979279882,0.4179139504,-0.6688058818,-0.6653496095,0.2580981819,0.008803012523,0.03269744567,0.008803012523,0,0.12,0.11,0.025,0
5.74,-0.2923415124,-0.0584174571,1.036214977,0.02941070679,0,1,0.1986693308,0.9800665778,0,-0.5,1.430276038,1.649336143,-1.536659605,1.763968164,0.4083620081,-0.1212909896,-0.1512661367,-1.417486233,1.632293056,1.189919726,1.494203022,0.2011619018,0.2103477414,-0.7204198369,0.309407641,0,0.1686674788,-0.2154875906,-0.9673913536,0.2848011583,0.8248125824,-0.1057190935,-0.2732655795,0.09415129435,0.4194506318,-0.6675355728,-0.6666309445,0.2606649029,0.008809660916,0.03184955819,0.008809660916,0,0.115,0.11,0.025,0
5.75,-0.2819604133,-0.05812347438,1.039967781,0.02938539927,0,1,0.193766535,0.9810476695,0,-0.5,1.433370114,1.649336143,-1.53497293,1.761813288,0.3986880945,-0.118442978,-0.1430180109,-1.418543424,1.6295604,1.190861239,1.498397529,0.194486546,0.203681432,-0.7178131879,0.3067147825,0,0.1747823613,-0.2195584228,-0.9695491229,0.2943408839,0.8258480721,-0.1022670901,-0.2771009713,0.09020711622,0.4208955439,-0.6660530228,-0.6677755083,0.2630853659,0.008816258626,0.03098918894,0.008816258626,0,0.11,0.11,0.03,0
5.76,-0.2715428996,-0.05782975787,1.043497766,0.02935746416,0,1,0.188858895,0.9820042351,0,-0.5,1.436437262,1.649336143,-1.533225106,1.759617704,0.3889926033,-0.1154995692,-0.1347595302,-1.419566095,1.62678939,1.19176331,1.502606484,0.1878260158,0.1970036769,-0.7151823342,0.3038902961,0,0.180896694,-0.2235555485,-0.9714099876,0.3038714756,0.8265723444,-0.09874736717,-0.2809418443,0.0861542199,0.4222473464,-0.6643988921,-0.6687959831,0.2654116418,0.008822802632,0.03011615661,0.008822802632,0,0.105,0.11,0.035,0
5.77,-0.2610912032,-0.05753633389,1.046804186,0.02932689266,0,1,0.1839465335,0.9829362506,0,-0.5,1.439476165,1.649336143,-1.531416139,1.757382148,0.3792785034,-0.1124608544,-0.1264938067,-1.420553569,1.623979972,1.192624853,1.506828958,0.1811820269,0.1903157171,-0.7125282178,0.3009368227,0,0.1870050911,-0.227475611,-0.9729755461,0.3133830944,0.8269871028,-0.09514444871,-0.2848299785,0.08193926917,0.4235047721,-0.6625340729,-0.6696846846,0.2675883352,0.008829289966,0.02923042927,0.008829289966,0,0.1,0.11,0.035,0
5.78,-0.2506075633,-0.05724322883,1.049886379,0.02929367697,0,1,0.1790295734,0.9838436928,0,-0.5,1.442485533,1.649336143,-1.529546088,1.755107392,0.369548748,-0.1093270235,-0.1182239357,-1.421505013,1.621131672,1.193444245,1.511064005,0.1745566862,0.1836188702,-0.7098523345,0.2978571596,0,0.193102183,-0.2313153288,-0.9742477581,0.3228659056,0.8270944867,-0.09147742454,-0.2887204051,0.07762074197,0.4246666285,-0.6604994221,-0.6704536191,0.2696675047,0.008835717713,0.02833183845,0.008835717713,0,0.095,0.11,0.04,0
5.79,-0.240094225,-0.05695046918,1.052743766,0.02925781025,0,1,0.1741081376,0.9847265389,0,-0.5,1.445464105,1.649336143,-1.527615067,1.752794239,0.3598062704,-0.1060983644,-0.1099529908,-1.422419787,1.618244468,1.194220453,1.515310672,0.1679516919,0.176914334,-0.7071556594,0.2946542556,0,0.199182625,-0.2350715007,-0.9752289339,0.3323101018,0.8268970618,-0.08773089014,-0.2926549661,0.07314560779,0.4257318,-0.6582555353,-0.6710958126,0.2715937074,0.008842083016,0.02742036547,0.008842083016,0,0.09,0.11,0.045,0
5.8,-0.229553439,-0.05665808148,1.05537585,0.02921928666,0,1,0.1691823491,0.9855847669,0,-0.5,1.448410648,1.649336143,-1.52562324,1.750443524,0.3500539811,-0.1027752634,-0.1016840202,-1.423297096,1.615317918,1.194951909,1.51956799,0.1613691366,0.1702033759,-0.7044397223,0.291331206,0,0.2052411042,-0.2387410109,-0.975921722,0.3417059238,0.8263978088,-0.08392402598,-0.2965882543,0.06857256229,0.4266992493,-0.655843843,-0.6716226623,0.2734194839,0.008848383083,0.0264958551,0.008848383083,0,0.085,0.11,0.05,0
5.81,-0.2189874604,-0.05636609232,1.057782219,0.02917810131,0,1,0.164252331,0.9864183553,0,-0.5,1.45132396,1.649336143,-1.523570829,1.748056114,0.3402947638,-0.09935820414,-0.09342004214,-1.424136337,1.612352036,1.195637634,1.523834982,0.1548106982,0.1634871493,-0.7017055275,0.2878912477,0,0.211272347,-0.2423208334,-0.9763290959,0.3510436826,0.8256001111,-0.08004133097,-0.3005625574,0.06384837652,0.4275680194,-0.6532242816,-0.6720278088,0.2750888674,0.008854615183,0.02555830364,0.008854615183,0,0.085,0.11,0.05,0
5.82,-0.2083985481,-0.05607452834,1.059962542,0.02913425032,0,1,0.1593182066,0.9872272834,0,-0.5,1.454202872,1.649336143,-1.521458106,1.745632905,0.3305314729,-0.09584776731,-0.08516404103,-1.42493675,1.60934641,1.196276118,1.528110662,0.1482784553,0.1567668712,-0.6989546388,0.2843377531,0,0.2172711265,-0.245808037,-0.9764543394,0.3603137794,0.824507741,-0.07610224008,-0.3045316165,0.0590324807,0.4283372341,-0.6504392541,-0.6723220921,0.2766553944,0.008860776658,0.02460756958,0.008860776658,0,0.08,0.11,0.055,0
5.83,-0.1977889639,-0.05578341621,1.06191657,0.02908773075,0,1,0.1543800993,0.9880115308,0,-0.5,1.45704625,1.649336143,-1.519285394,1.743174825,0.3207669295,-0.09224462952,-0.07691896362,-1.425697772,1.606301094,1.196866443,1.532394035,0.1417740628,0.1500436503,-0.6961880849,0.2806742248,0,0.223232269,-0.2491997889,-0.9763010313,0.3695067264,0.8231248443,-0.07209098151,-0.3085385688,0.05407092545,0.4290061006,-0.6474476507,-0.6724996853,0.2780620728,0.00886686492,0.023643666,0.00886686492,0,0.075,0.11,0.06,0
5.84,-0.1871609716,-0.05549278263,1.06364414,0.02903854067,0,1,0.1494381325,0.9887710779,0,-0.5,1.459852992,1.649336143,-1.517053072,1.740682827,0.3110039192,-0.08854956226,-0.06868771518,-1.426418682,1.603215708,1.197407152,1.536684096,0.1352995863,0.1433186534,-0.6934074641,0.276904289,0,0.2291506607,-0.2524933595,-0.9758730291,0.378613166,0.8214559239,-0.06802741778,-0.3125358664,0.04902441436,0.4295739096,-0.6442932763,-0.6725709084,0.2793639792,0.008872877457,0.0226664656,0.008872877457,0,0.07,0.11,0.065,0
5.85,-0.1765168362,-0.0552026543,1.065145169,0.02898667912,0,1,0.1444924297,0.9895059059,0,-0.5,1.462622035,1.649336143,-1.514761565,1.738157893,0.3012451889,-0.0847634306,-0.06047315594,-1.427098956,1.60009035,1.197897396,1.540979835,0.1288566535,0.1365929443,-0.6906138244,0.2730316894,0,0.2350212542,-0.2556861257,-0.9751744515,0.3876238896,0.8195058231,-0.06389982744,-0.316556403,0.04385214721,0.4300400369,-0.6409444554,-0.6725321354,0.2805167905,0.008878811837,0.02167600012,0.008878811837,0,0.065,0.11,0.065,0
5.86,-0.1658588233,-0.05491305795,1.066419659,0.0289321461,0,1,0.1395431146,0.9902159962,0,-0.5,1.465352352,1.649336143,-1.512411353,1.735601032,0.2914934444,-0.0808871917,-0.05227809771,-1.427737955,1.596924786,1.198335918,1.545280235,0.122447209,0.129867623,-0.6878086564,0.2690602806,0,0.2408390741,-0.2587755751,-0.9742096613,0.3965298555,0.8172797065,-0.05971066546,-0.3205969819,0.03855898937,0.4304039442,-0.637403263,-0.6723862427,0.281520783,0.008884665707,0.02067219499,0.008884665707,0,0.06,0.11,0.07,0
5.87,-0.1551891979,-0.05462402028,1.067467693,0.0288749426,0,1,0.134590311,0.9909013312,0,-0.5,1.468042955,1.649336143,-1.510002962,1.733013276,0.2817513478,-0.07692189315,-0.04410530064,-1.428335061,1.593718816,1.198721508,1.549584275,0.1160731763,0.1231437606,-0.6849934486,0.264994021,0,0.2465992234,-0.2617593089,-0.9729832465,0.4053222057,0.8147830419,-0.05547479877,-0.3246225248,0.03318941898,0.4306651799,-0.6337020942,-0.6721403298,0.2824155634,0.0088904368,0.01965498854,0.0088904368,0,0.055,0.11,0.075,0
5.88,-0.1445102238,-0.05433556799,1.068289439,0.02881507059,0,1,0.1296341426,0.9915618937,0,-0.5,1.470692895,1.649336143,-1.50753697,1.730395683,0.2720215153,-0.07286867109,-0.03595747022,-1.428889809,1.590472591,1.199053402,1.553890926,0.1097361554,0.1164223573,-0.682169293,0.2608369663,0,0.2522968884,-0.2646350453,-0.9715000017,0.4139922823,0.8120215797,-0.05118104723,-0.3286646166,0.02770464039,0.4308233799,-0.6298102075,-0.6717916938,0.2831584477,0.008896122935,0.01862443723,0.008896122935,0,0.05,0.11,0.08,0
5.89,-0.1338241626,-0.05404772776,1.068885145,0.02875253302,0,1,0.1246747334,0.9921976672,0,-0.5,1.473301264,1.649336143,-1.505014001,1.727749333,0.2623065153,-0.06872874827,-0.02783725443,-1.42940162,1.587185944,1.199330448,1.55819916,0.1034380533,0.1097044403,-0.6793377085,0.2565932618,0,0.257927344,-0.2674006225,-0.9697649092,0.4225316424,0.8090013332,-0.04683180086,-0.3327201138,0.02210939561,0.4308782678,-0.6257296104,-0.671343053,0.2837496308,0.008901722021,0.01758049588,0.008901722021,0,0.045,0.11,0.08,0
5.9,-0.1231332732,-0.05376052621,1.069255145,0.02868733381,0,1,0.1197122073,0.9928086359,0,-0.5,1.475867197,1.649336143,-1.502434727,1.725075327,0.2526088662,-0.06450343184,-0.01974724109,-1.429869938,1.583858743,1.199551542,1.562507943,0.09718075723,0.1029910098,-0.6765002122,0.2522671358,0,0.2634859588,-0.2700540012,-0.9677831197,0.4309320724,0.8057285579,-0.04244173871,-0.3367542363,0.01644739976,0.4308296554,-0.6214926669,-0.6708005828,0.2842283161,0.008907232057,0.01652313237,0.008907232057,0,0.045,0.11,0.085,0
5.91,-0.1124398107,-0.05347398994,1.069399854,0.02861947785,0,1,0.1147466884,0.9933947843,0,-0.5,1.478389868,1.649336143,-1.499799868,1.722374787,0.242931035,-0.06019411112,-0.01168995551,-1.430294355,1.580491201,1.199716016,1.566816239,0.09096583056,0.09628300396,-0.673657929,0.2478628917,0,0.2689681993,-0.2725932671,-0.9655599332,0.4391856008,0.8022097302,-0.03799997561,-0.3407978146,0.01068111338,0.4306774433,-0.6170690684,-0.670162324,0.2845527759,0.008912651137,0.01545243186,0.008912651137,0,0.04,0.115,0.09,0
5.92,-0.1017460255,-0.05318814549,1.069319771,0.02854897104,0,1,0.1097783008,0.993956098,0,-0.5,1.480868497,1.649336143,-1.497110186,1.719648854,0.2332754357,-0.05580225511,-0.003667858211,-1.430674355,1.577083223,1.199822827,1.571123014,0.08479513988,0.08958138072,-0.6708124013,0.2433849007,0,0.2743696344,-0.2750166333,-0.9631007795,0.4472845101,0.7984515264,-0.0335088433,-0.3448477274,0.004815181805,0.4304216207,-0.6124608013,-0.6694308137,0.2847231737,0.008917977449,0.01436838077,0.008917977449,0,0.035,0.115,0.095,0
5.93,-0.09105416266,-0.05290301933,1.069015477,0.02847582021,0,1,0.1048071688,0.9944925627,0,-0.5,1.483302346,1.649336143,-1.494366489,1.716898688,0.2236444279,-0.05132941001,0.004316657052,-1.431009443,1.573634746,1.199870979,1.57542723,0.07867053186,0.08288707258,-0.6679651695,0.238836246,0,0.2797030812,-0.2773224419,-0.9604264392,0.4552172067,0.794479874,-0.02898305616,-0.3488689608,-0.0011067775,0.4300622653,-0.6077007399,-0.6686113515,0.2847789893,0.008923209278,0.01327097871,0.008923209278,0,0.03,0.115,0.095,0
5.94,-0.08036646111,-0.05261863787,1.068487635,0.02840003321,0,1,0.09983341665,0.9950041653,0,-0.5,1.485690709,1.649336143,-1.491569459,1.714125463,0.2140401635,-0.04677723794,0.01226145579,-1.431299274,1.570146056,1.199859911,1.579727853,0.07259352446,0.07620095907,-0.6651173796,0.2342254027,0,0.2849130168,-0.2795091658,-0.9574968575,0.4629891012,0.790244691,-0.02441179075,-0.352892126,-0.007121753111,0.4295995434,-0.6027585169,-0.6677025854,0.2846787966,0.008928344979,0.01216034347,0.008928344979,0,0.025,0.115,0.1,0
5.95,-0.06968515263,-0.05233502742,1.067736994,0.02832161885,0,1,0.09485716863,0.9954908928,0,-0.5,1.488032963,1.649336143,-1.488720328,1.711330372,0.2044651949,-0.04214734693,0.0201639027,-1.431543392,1.566617135,1.199788694,1.584023848,0.06656593929,0.06952393321,-0.6622705917,0.2295529635,0,0.2900465298,-0.2815754103,-0.954363392,0.4705805494,0.7858100931,-0.01979732428,-0.356914111,-0.01322518799,0.4290337096,-0.5976361333,-0.6667068482,0.2844227614,0.008933383092,0.01103649511,0.008933383092,0,0.02,0.115,0.105,0
5.96,-0.05901246113,-0.05205221422,1.066764384,0.02824058691,0,1,0.0898785492,0.995952733,0,-0.5,1.490328492,1.649336143,-1.485819863,1.708514618,0.194921561,-0.03744154144,0.02802200363,-1.431741365,1.563047994,1.199656442,1.588314185,0.06058957796,0.06285686473,-0.6594263641,0.2248247906,0,0.2950826145,-0.2835199141,-0.9510166031,0.4779892515,0.7811644016,-0.01515462792,-0.3608991524,-0.01937292817,0.4283651063,-0.5923675177,-0.6656285802,0.2840513046,0.008938322174,0.009899467105,0.008938322174,0,0.015,0.115,0.11,0
5.97,-0.04835060182,-0.05177022437,1.065570716,0.02815694815,0,1,0.0848976828,0.9963896745,0,-0.5,1.49257674,1.649336143,-1.482869037,1.705679418,0.1854113949,-0.03266164892,0.03583364765,-1.431892911,1.559439002,1.199462713,1.592597836,0.05466590278,0.05620057893,-0.656585851,0.2200454818,0,0.3000174047,-0.2853415503,-0.9474622896,0.4852089029,0.7763149746,-0.01047271074,-0.3648781795,-0.02560209856,0.4275941631,-0.5869217423,-0.6644669404,0.2835226507,0.00894316091,0.0087494135,0.0087494135,0,0.01,0.115,0.11,0
5.98,-0.03770178035,-0.0514890839,1.064156988,0.02807071433,0,1,0.07991469397,0.9968017063,0,-0.5,1.494777195,1.649336143,-1.479868863,1.702826003,0.175936772,-0.02780955989,0.0435967974,-1.431997638,1.55579022,1.199206692,1.596873778,0.04879668536,0.04955590953,-0.6537506245,0.2152196573,0,0.3048471574,-0.2870393274,-0.9437062734,0.492233502,0.7712692466,-0.005753795902,-0.3688480943,-0.03190824024,0.4267213965,-0.581300846,-0.6632240368,0.2828369851,0.00894789809,0.007586389914,0.007586389914,0,0.005,0.115,0.115,0
5.99,-0.02706819202,-0.0512088187,1.062524277,0.02798189816,0,1,0.07492970727,0.9971888181,0,-0.5,1.496929392,1.649336143,-1.476820391,1.69995561,0.1664997093,-0.02288722487,0.05130948986,-1.432055176,1.552101739,1.198887609,1.601140992,0.0429836769,0.04292366916,-0.6509222547,0.2103519531,0,0.3095682545,-0.2886123891,-0.9397543817,0.499057355,0.7660347081,-0.001013339616,-0.3727718692,-0.03824603665,0.4257474087,-0.575540374,-0.661903441,0.2820363404,0.008952532606,0.006410465429,0.006410465429,0,0.005,0.115,0.12,0
6,-0.0164520209,-0.0509294545,1.060673745,0.02789051335,0,1,0.06994284734,0.9975510003,0,0,1.499032911,1.649336143,-1.473724709,1.697069486,0.1571021655,-0.01789665132,0.05896983694,-1.43206531,1.548374021,1.198505149,1.605398466,0.03722827316,0.03630463475,-0.6481018913,0.2054470129,0,0.3141772046,-0.2900600151,-0.9356124319,0.5056750796,0.7606188864,-0.152718576,0.0262544727,0.439108262,0.4246748844,-0.9681736933,-0.6751669145,0.7774830672,0.008957063452,0.005221833732,0.005221833732,0,0,0.115,0.125,0
6.01,-0.005855439049,-0.05065101694,1.058606637,0.02779657455,0,1,0.06994284734,0.9975510003,0,0,1.501087381,1.649336143,-1.470582937,1.694168886,0.1477460412,-0.01283990053,0.06657602581,-1.433592495,1.548636565,1.202896232,1.609645215,0.02754653623,0.0295529656,-0.6403270606,0.2005094814,0,0.3186706449,-0.2913816209,-0.9312862165,0.5120816074,0.7550293274,-0.1405243749,0.007517131358,0.4112438231,0.4235002808,-0.9493143165,-0.6657675643,0.7573983851,0.008961489729,0.005340529919,0.005340529919,0,0,0.115,0.125,0
6.02,0.004719394337,-0.05037353147,1.05632428,0.02770009744,0,1,0.06994284734,0.9975510003,0,0,1.503092476,1.649336143,-1.46739623,1.691255069,0.138433179,-0.007719084454,0.07412631908,-1.434997739,1.548711737,1.20700867,1.613880218,0.01805339306,0.02289528996,-0.6327530767,0.1955439969,0,0.3230453428,-0.2925767577,-0.9267814904,0.5182721854,0.7492735782,-0.1356494294,0.007463383381,0.405850599,0.4222269551,-0.9487298385,-0.6571046198,0.7601756828,0.008965810639,0.005398817253,0.005398817253,0,0,0.115,0.125,0
6.03,0.01527033375,-0.0500970234,1.053828085,0.02760109864,0,1,0.06994284734,0.9975510003,0,0,1.505047916,1.649336143,-1.464165777,1.688329302,0.1291653641,-0.0025363626,0.08161905486,-1.436354234,1.54878637,1.211067176,1.618102487,0.008566094678,0.01632424376,-0.6251513199,0.1905551847,0,0.3272981981,-0.2936451117,-0.9221039574,0.5242423776,0.7433591703,-0.1308152331,0.00744658271,0.4004582618,0.4208556527,-0.9480191243,-0.6483289154,0.7628223435,0.00897002549,0.005457818704,0.005457818704,0,0,0.115,0.125,0
6.04,0.02579524821,-0.04982151785,1.051119545,0.02749959575,0,1,0.06994284734,0.9975510003,0,0,1.506953468,1.649336143,-1.460892795,1.685392851,0.1199443245,0.002706061176,0.08905264657,-1.437662386,1.548860836,1.215071758,1.622311044,-0.0009140965649,0.009840954606,-0.6175230965,0.18554765,0,0.3314262433,-0.2945865034,-0.9172592586,0.5299880641,0.737293604,-0.1260116073,0.007432119484,0.3950285203,0.4193873892,-0.9471456628,-0.6394454382,0.7652919987,0.008974133691,0.005517594963,0.005517594963,0,0,0.115,0.125,0
6.05,0.03629202207,-0.04954703977,1.048200235,0.02739560737,0,1,0.06994284734,0.9975510003,0,0,1.508808944,1.649336143,-1.457578533,1.682446986,0.1107717319,0.008005941817,0.09642558261,-1.438922502,1.548935157,1.219022044,1.626504918,-0.01038555319,0.003446500224,-0.6098701765,0.1805259711,0,0.3354266458,-0.2954008873,-0.9122529618,0.5355054406,0.7310843334,-0.1212458334,0.007431494006,0.3895780002,0.4178232588,-0.9461186518,-0.6304601482,0.7675950141,0.008978134756,0.005578094073,0.005578094073,0,0,0.115,0.12,0
6.06,0.04675855586,-0.04927361392,1.045071814,0.02728915306,0,1,0.06994284734,0.9975510003,0,0,1.510614204,1.649336143,-1.454224266,1.679492977,0.1016492023,0.01336099622,0.1037364259,-1.44013496,1.549009472,1.222917824,1.63068315,-0.01984673971,-0.002858101258,-0.6021942263,0.1754946934,0,0.339296708,-0.29608835,-0.9070905516,0.5407910174,0.7247387519,-0.116520693,0.007444510209,0.3841093991,0.4161644331,-0.9449357645,-0.6213788357,0.76972748,0.008982028302,0.005639302975,0.005639302975,0,0,0.115,0.12,0
6.07,0.05719276712,-0.04900126486,1.041736026,0.02718025336,0,1,0.06994284734,0.9975510003,0,0,1.512369151,1.649336143,-1.450831299,1.676532093,0.09257829681,0.0187689064,0.1109838135,-1.441300167,1.549083918,1.226758918,1.634844794,-0.02929609736,-0.009071889615,-0.5944969515,0.1704583227,0,0.343033869,-0.2966491095,-0.9017774202,0.5458416166,0.7182641795,-0.1118349981,0.007459897628,0.378612625,0.4144121587,-0.9435836785,-0.6122078974,0.7716721144,0.008985814046,0.005701209152,0.005701209152,0,0,0.115,0.12,0
6.08,0.06759259122,-0.04873001693,1.038194694,0.02706892979,0,1,0.06994284734,0.9975510003,0,0,1.514073734,1.649336143,-1.44740096,1.673565602,0.08356052261,0.02422732256,0.1181664553,-1.442418517,1.549158516,1.230545044,1.638988916,-0.03873193414,-0.01519396859,-0.5867802304,0.1654213191,0,0.3466357046,-0.2970835133,-0.8963188602,0.5506543697,0.7116678503,-0.1072033498,0.007510992515,0.3731292314,0.4125677563,-0.9420936741,-0.6029518263,0.7734660776,0.008989491806,0.005763764014,0.005763764014,0,0,0.115,0.12,0
6.09,0.0779559822,-0.04845989427,1.034449726,0.02695520484,0,1,0.06994284734,0.9975510003,0,0,1.515727948,1.649336143,-1.443934603,1.670594767,0.07459733401,0.02973386626,0.1252831338,-1.443490551,1.549233626,1.234276336,1.643114594,-0.04815287088,-0.02122348685,-0.5790455696,0.1603880911,0,0.3500999283,-0.2973920371,-0.8907200571,0.5552267139,0.7049569012,-0.1026162019,0.00756347932,0.3676223786,0.4106326181,-0.9404295994,-0.5936180089,0.7750642395,0.008993061501,0.005827030556,0.005827030556,0,0,0.115,0.12,0
6.1,0.08828091357,-0.04819092076,1.030503112,0.02683910198,0,1,0.06994284734,0.9975510003,0,0,1.517331828,1.649336143,-1.440433604,1.667620847,0.06569013343,0.0352861334,0.1323327028,-1.444516713,1.549309261,1.23795256,1.64722092,-0.05755716688,-0.02715966694,-0.5712949272,0.1553629901,0,0.3534243919,-0.2975752827,-0.8849860838,0.5595563889,0.6981383617,-0.09808021771,0.00762857478,0.3621080712,0.4086082062,-0.9386008187,-0.5842121369,0.7764771048,0.008996523149,0.005890959596,0.005890959596,0,0,0.115,0.12,0
6.11,0.09856537919,-0.04792312007,1.026356926,0.02672064568,0,1,0.06994284734,0.9975510003,0,0,1.518885458,1.649336143,-1.43689936,1.664645094,0.0568402726,0.04088169729,0.1393140864,-1.445497515,1.549385547,1.241573641,1.651307002,-0.06694317506,-0.03300178831,-0.5635301562,0.1503503044,0,0.3566070854,-0.2976339763,-0.8791218959,0.5636414319,0.6912191441,-0.09359786935,0.007705964115,0.3565889208,0.4064960506,-0.9366052971,-0.5747403781,0.7777012679,0.008999876863,0.005955540385,0.005955540385,0,0,0.115,0.12,0
6.12,0.108807394,-0.04765651561,1.022013325,0.02659986136,0,1,0.06994284734,0.9975510003,0,0,1.520388961,1.649336143,-1.433333289,1.661668754,0.04804905364,0.04651811161,0.1462262778,-1.446433494,1.549462607,1.24513953,1.655371962,-0.07630922803,-0.03874919209,-0.5557531435,0.1453542544,0,0.3596461376,-0.2975689658,-0.8731323273,0.5674801735,0.6842060355,-0.08916780402,0.007784060653,0.3510548203,0.4042977469,-0.9344297898,-0.5652101249,0.7787198766,0.009003122854,0.006020762527,0.006020762527,0,0,0.115,0.12,0
6.13,0.1190049951,-0.04739113052,1.017474548,0.02647677542,0,1,0.06994284734,0.9975510003,0,0,1.521842504,1.649336143,-1.429736828,1.658693064,0.03931773036,0.05219291334,0.1530683382,-1.447325172,1.549540447,1.248650078,1.65941494,-0.08565352593,-0.04440129334,-0.5479659447,0.1403789868,0,0.3625398165,-0.297381219,-0.8670220874,0.5710712323,0.6771056899,-0.0848037954,0.007896654971,0.3455469341,0.4020149541,-0.9321067393,-0.5556242414,0.7795710503,0.009006261428,0.006083107391,0.006083107391,0,0,0.115,0.12,0
6.14,0.1291562421,-0.04712698768,1.012742917,0.02635141525,0,1,0.06994284734,0.9975510003,0,0,1.523246294,1.649336143,-1.42611143,1.655719252,0.03064750949,0.05790362567,0.1598393951,-1.44817321,1.549619414,1.252105547,1.663435089,-0.09497459333,-0.04995753575,-0.5401702342,0.1354285704,0,0.3652865291,-0.2970718207,-0.8607957592,0.5744135095,0.6699246214,-0.08049647297,0.008008796982,0.3400286671,0.3996493925,-0.929599708,-0.5459923839,0.7802100366,0.00900929298,0.006134475167,0.006134475167,0,0,0.11,0.12,0
6.15,0.1392592186,-0.0468641097,1.007820836,0.0262238092,0,1,0.06994284734,0.9975510003,0,0,1.52460058,1.649336143,-1.422458564,1.652748534,0.0220395519,0.06364776076,0.1665386413,-1.448978174,1.549699502,1.255505834,1.667431583,-0.1042705904,-0.05541745959,-0.5323681339,0.1305069912,0,0.3678848214,-0.2966419705,-0.8544577977,0.5775061838,0.6626691985,-0.07625196081,0.008131759086,0.3345157689,0.3972028415,-0.9269187894,-0.5363198396,0.7806481437,0.009011492415,0.006186683973,0.006186683973,0,0,0.11,0.12,0
6.16,0.1493120323,-0.04660251889,1.002710794,0.02609398663,0,1,0.06994284734,0.9975510003,0,0,1.525905649,1.649336143,-1.418779716,1.649782114,0.01349497392,0.0694228226,0.1731653333,-1.449740694,1.549780819,1.258850992,1.671403612,-0.1135397783,-0.06078065799,-0.5245616524,0.1256181475,0,0.370333379,-0.2960929796,-0.8480125299,0.5803487048,0.6553456394,-0.07207236388,0.008265126035,0.3290107286,0.3946771367,-0.9240624991,-0.5266130056,0.7808827459,0.009010808304,0.006239725192,0.006239725192,0,0,0.11,0.12,0
6.17,0.1593128165,-0.04634223725,0.9974153621,0.02596197785,0,1,0.06994284734,0.9975510003,0,0,1.527161831,1.649336143,-1.415076382,1.646821185,0.005014848624,0.07522630965,0.1797187897,-1.450461418,1.549863471,1.262141099,1.675350383,-0.1227804033,-0.06604678805,-0.516752825,0.1207658463,0,0.3726310264,-0.2954262683,-0.8414641547,0.582940788,0.6479600073,-0.06795970684,0.008408463657,0.323516005,0.3920741678,-0.9210294918,-0.5168783029,0.7809114034,0.009010149855,0.006293590169,0.006293590169,0,0,0.11,0.12,0
6.18,0.1692597304,-0.04608328651,0.9919371935,0.02582781414,0,1,0.06994284734,0.9975510003,0,-0.5,1.528369489,1.649336143,-1.411350072,1.643866922,-0.003399792924,0.08105571753,0.1861983897,-1.451141015,1.549947555,1.265376259,1.679271125,-0.1319906982,-0.07121557107,-0.5089437109,0.1159537987,0,0.3747767273,-0.2946433629,-0.8348167446,0.5852824078,0.6405182075,0.06753417225,-0.409535359,-0.1418425962,0.3893941591,-0.495287249,-0.5768603561,0.2809875759,0.009009516875,0.006348270158,0.006348270158,0,0,0.11,0.12,0
6.19,0.1791509604,-0.04582568805,0.986279025,0.02569152779,0,1,0.06495423883,0.9978882437,0,0,1.529529027,1.649336143,-1.407602305,1.640920488,-0.01174796037,0.08690854161,0.1926035718,-1.450465673,1.545852202,1.263957833,1.683165066,-0.1369435707,-0.07698417464,-0.5061338352,0.1111856166,0,0.3767695847,-0.2937458926,-0.8280742472,0.587373792,0.6330259844,-0.06119258158,0.008116946647,0.3138952793,0.386644265,-0.9135531696,-0.5019356718,0.7805802146,0.009008909149,0.005025985123,0.005025985123,0,0,0.11,0.125,0
6.2,0.1889847203,-0.04556946292,0.980443676,0.02555315203,0,1,0.06495423883,0.9978882437,0,0,1.530640884,1.649336143,-1.403834609,1.637983029,-0.02002870284,0.09278227953,0.1989338317,-1.451077599,1.545933371,1.267096786,1.687031509,-0.1460791024,-0.08200353135,-0.498328033,0.1064648084,0,0.3786088401,-0.2927355863,-0.8212404875,0.5892154152,0.62548892,-0.05726382247,0.008272838068,0.3084021263,0.3838213456,-0.9099962779,-0.4921409419,0.7799796901,0.009008326444,0.005078930019,0.005078930019,0,0,0.11,0.125,0
6.21,0.1987592529,-0.04531463186,0.9744340492,0.02541272111,0,1,0.06495423883,0.9978882437,0,0,1.531705532,1.649336143,-1.400048521,1.635055673,-0.02824110772,0.09867443368,0.2051887209,-1.451650237,1.546016099,1.270180807,1.690869722,-0.1551790652,-0.08692494077,-0.4905282361,0.1017947764,0,0.3802938743,-0.2916142694,-0.8143191717,0.5908079928,0.6179124322,-0.05340939771,0.008436281404,0.302928702,0.3809292119,-0.9062587483,-0.4823437412,0.7791654798,0.009007768508,0.005132640779,0.005132640779,0,0,0.11,0.125,0
6.22,0.2084728303,-0.04506121523,0.9682531297,0.02527027022,0,1,0.06495423883,0.9978882437,0,0,1.532723479,1.649336143,-1.396245582,1.632139531,-0.03638429943,0.1045825136,0.2113678452,-1.452184331,1.546100462,1.273210094,1.694679015,-0.1642416527,-0.09174837818,-0.4827365813,0.09717881295,0,0.3818242063,-0.2903838605,-0.8073138904,0.5921524747,0.6103017748,-0.04963092247,0.008606808882,0.2974773374,0.3779699862,-0.9023400776,-0.4725504895,0.7781362299,0.009007235072,0.005187105553,0.005187105553,0,0,0.11,0.125,0
6.23,0.2181237548,-0.04480923307,0.9619039858,0.02512583554,0,1,0.06495423883,0.9978882437,0,0,1.533695268,1.649336143,-1.39242734,1.629235692,-0.04445743834,0.1105040384,0.2174708629,-1.45268064,1.54618653,1.276184868,1.698458714,-0.1732650534,-0.09647388308,-0.474955219,0.09262009779,0,0.3831994938,-0.2890463678,-0.800228123,0.5932500391,0.602662037,-0.04592992023,0.0087839406,0.2920503224,0.3749458294,-0.8982399554,-0.4627675785,0.7768908265,0.009006725851,0.005242312309,0.005242312309,0,0,0.11,0.125,0
6.24,0.2277103598,-0.04455870501,0.9553897687,0.02497945424,0,1,0.06495423883,0.9978882437,0,0,1.534621468,1.649336143,-1.388595345,1.626345228,-0.05245971957,0.1164365387,0.2234974833,-1.453139939,1.54627437,1.279105371,1.702208173,-0.182247453,-0.1011015589,-0.4671863108,0.08812169514,0,0.3844195327,-0.287603886,-0.7930652423,0.5941020867,0.5949981442,-0.04230435286,0.008955515906,0.2866373716,0.3718589383,-0.8939464312,-0.4530040174,0.7754146071,0.00900624054,0.005298248789,0.005298248789,0,0,0.11,0.125,0
6.25,0.2372310107,-0.04430965034,0.9487137123,0.02483116445,0,1,0.06495423883,0.9978882437,0,0,1.535502685,1.649336143,-1.384751149,1.62346919,-0.06039037199,0.1223775596,0.2294474648,-1.453562983,1.546363925,1.281971745,1.705926762,-0.1911869173,-0.105631599,-0.4594321647,0.08368655118,0,0.3854842571,-0.2860585923,-0.78582852,0.5947102343,0.5873148593,-0.03876610162,0.009156397313,0.2812787136,0.3687115432,-0.8894954812,-0.4432581826,0.7737487967,0.009005778821,0.005354863843,0.005354863843,0,0,0.11,0.125,0
6.26,0.2466841056,-0.04406208795,0.9418791336,0.02468100529,0,1,0.06495423883,0.9978882437,0,0,1.536339551,1.649336143,-1.380896307,1.620608604,-0.06824865719,0.128324662,0.2353206133,-1.453950644,1.546455489,1.284784532,1.709613878,-0.2000818721,-0.1100641809,-0.4516946767,0.07931749156,0,0.3863937389,-0.2844127434,-0.7785211319,0.5950763093,0.579616784,-0.03530571928,0.009350360105,0.2759380479,0.3655059052,-0.8848511852,-0.4335442119,0.7718507623,0.009005340361,0.005412223028,0.005412223028,0,0,0.11,0.12,0
6.27,0.2560680763,-0.04381603633,0.9348894324,0.02452901684,0,1,0.06495423883,0.9978882437,0,0,1.537132726,1.649336143,-1.37703237,1.617764476,-0.07603386851,0.134275425,0.2411167812,-1.454303701,1.546548993,1.287543912,1.713268937,-0.208930384,-0.114399623,-0.4439761691,0.07501721929,0,0.3871481877,-0.2826686714,-0.771146164,0.595202344,0.571908361,-0.03192796345,0.009548921217,0.2706304594,0.3622443133,-0.8800262815,-0.4238656762,0.7697346767,0.009004924809,0.005470273405,0.005470273405,0,0,0.11,0.12,0
6.28,0.2653813888,-0.04357151358,0.9277480914,0.02437524019,0,1,0.06495423883,0.9978882437,0,0,1.537882898,1.649336143,-1.373160888,1.614937789,-0.08374533015,0.1402274485,0.2468358648,-1.454622981,1.546644482,1.290250217,1.71689138,-0.2177306468,-0.1186382797,-0.4362788223,0.07078831262,0,0.3877479506,-0.2808287807,-0.7637066187,0.5950905698,0.5641938768,-0.02863388181,0.00975156501,0.2653580155,0.3589290822,-0.8750215356,-0.4142286833,0.7674007365,0.009004531802,0.005529001447,0.005529001447,0,0,0.11,0.12,0
6.29,0.2746225445,-0.04332853735,0.9204586762,0.02421971737,0,1,0.06495423883,0.9978882437,0,0,1.538590781,1.649336143,-1.369283408,1.612129502,-0.09138239634,0.1461783542,0.2524778036,-1.45490932,1.546741997,1.292903797,1.720480671,-0.2264808621,-0.1227805666,-0.428604815,0.06663322326,0,0.3881935121,-0.2788955439,-0.7562054212,0.5947434119,0.5564774638,-0.02542442307,0.009957770168,0.260122732,0.3555625491,-0.8698379425,-0.4046392565,0.7648494139,0.009004160965,0.005588393226,0.005588393226,0,0,0.11,0.12,0
6.3,0.2837900809,-0.04308712491,0.9130248353,0.02406249141,0,1,0.06495423883,0.9978882437,0,0,1.539257113,1.649336143,-1.365401473,1.609340546,-0.09894445055,0.1521257883,0.2580425782,-1.455163564,1.546841575,1.295505024,1.724036296,-0.2351792416,-0.1268269591,-0.4209563208,0.06255076382,0,0.3885039758,-0.2768714983,-0.748658525,0.5941655396,0.5487825861,-0.02230043666,0.01016701244,0.2549265735,0.3521470718,-0.864476733,-0.3951033248,0.7620814619,0.009003811909,0.005648434383,0.005648434383,0,0,0.11,0.12,0
6.31,0.2928825722,-0.04284729305,0.9054503001,0.02390360631,0,1,0.06495423883,0.9978882437,0,0,1.539882621,1.649336143,-1.361516433,1.606571831,-0.1064310358,0.1580674437,0.2635304041,-1.455386568,1.546943245,1.29805429,1.727557767,-0.2438240089,-0.1307779924,-0.4133355062,0.05855355296,0,0.3886249186,-0.2747592427,-0.7410295211,0.5933537535,0.5410548742,-0.019259374,0.01036686378,0.2497590111,0.3486850255,-0.8589272981,-0.3856302535,0.7590840665,0.00900348425,0.005709110099,0.005709110099,0,0,0.11,0.12,0
6.32,0.3018986306,-0.04260905816,0.897738885,0.02374310706,0,1,0.06495423883,0.9978882437,0,0,1.540468157,1.649336143,-1.357630184,1.603824239,-0.113841331,0.1640009812,0.2689409528,-1.455579162,1.547046914,1.30055188,1.731044617,-0.2524132819,-0.1346342949,-0.4057446656,0.05463333386,0,0.3886121569,-0.2725614333,-0.7333602504,0.59231686,0.5333559895,-0.01631190139,0.01059283847,0.244659618,0.3451788008,-0.853227928,-0.3762151471,0.755900525,0.00900317754,0.005770365453,0.005770365453,0,0,0.11,0.12,0
6.33,0.3108369066,-0.04237243614,0.889894487,0.02358103961,0,1,0.06495423883,0.9978882437,0,0,1.54101449,1.649336143,-1.353744063,1.601098625,-0.1211749335,0.1699241498,0.2742745127,-1.455742281,1.547152842,1.302998476,1.734496405,-0.2609455611,-0.1383964464,-0.3981856603,0.05079544228,0,0.3884485013,-0.2702807801,-0.7256403949,0.5910561213,0.5256702407,-0.01344842155,0.01080802648,0.2395920739,0.3416308007,-0.8473436492,-0.3668741883,0.75249004,0.009002891374,0.005832264937,0.005832264937,0,0,0.11,0.12,0
6.34,0.3196960903,-0.04213744244,0.8819210864,0.02341745089,0,1,0.06495423883,0.9978882437,0,0,1.541522444,1.649336143,-1.349859577,1.598395817,-0.1284313375,0.175834711,0.2795312151,-1.455876765,1.547260922,1.305394397,1.737912713,-0.2694189976,-0.1420651883,-0.3906607599,0.04704167597,0,0.388135117,-0.2679200437,-0.7178725961,0.5895748575,0.5180010441,-0.01067280711,0.01102414774,0.2345709691,0.3380434388,-0.8412890911,-0.357609315,0.7488687933,0.009002625319,0.005894751474,0.005894751474,0,0,0.11,0.12,0
6.35,0.3284749119,-0.04190409203,0.873822746,0.02325238883,0,1,0.06495423883,0.9978882437,0,0,1.541992861,1.649336143,-1.345978226,1.595716616,-0.1356100634,0.1817304596,0.2847112255,-1.455983493,1.547371164,1.307740107,1.741293147,-0.2778318886,-0.1456412814,-0.383172072,0.04337369836,0,0.387673307,-0.2654820316,-0.7100594623,0.5878765543,0.5103516876,-0.007985403969,0.0112406828,0.2295979915,0.3344191362,-0.8350667031,-0.3484258483,0.7450389741,0.009002378931,0.005957808154,0.005957808154,0,0,0.11,0.12,0
6.36,0.3371721426,-0.04167239941,0.8656036118,0.0230859023,0,1,0.06495423883,0.9978882437,0,0,1.542426598,1.649336143,-1.342101493,1.593061796,-0.142710658,0.1876092252,0.2898147424,-1.456063347,1.547483571,1.310036087,1.744637339,-0.2861825556,-0.1491255399,-0.3757216822,0.03979303817,0,0.3870645097,-0.2629695944,-0.7022035739,0.5859648592,0.502725333,-0.005386456174,0.01145711474,0.2246747681,0.3307603199,-0.8286791797,-0.3393289628,0.7410030575,0.009002151762,0.00602141751,0.00602141751,0,0,0.11,0.12,0
6.37,0.3457865956,-0.04144237857,0.8572679126,0.02291804118,0,1,0.06495423883,0.9978882437,0,0,1.542824528,1.649336143,-1.338230848,1.5904321,-0.1497326938,0.1934688738,0.2948419958,-1.456117212,1.547598142,1.312282834,1.747944942,-0.2944693474,-0.1525188295,-0.3683116517,0.03630108894,0,0.3863102986,-0.2603856231,-0.694307491,0.5838435772,0.4951250214,-0.002876106523,0.01167293206,0.2198028652,0.3270694199,-0.8221294619,-0.330323678,0.7367638057,0.009001943351,0.00608556149,0.00608556149,0,0,0.11,0.12,0
6.38,0.3543171267,-0.041214043,0.84881996,0.02274885632,0,1,0.06495423883,0.9978882437,0,0,1.543187539,1.649336143,-1.334367745,1.587828244,-0.1566757687,0.1993073095,0.299793246,-1.456145973,1.547714871,1.314480863,1.751215636,-0.302690642,-0.1558220663,-0.3609440136,0.03289910863,0,0.3854123821,-0.2577330448,-0.6863737602,0.5815166675,0.4875536776,-0.0004543968094,0.01188762994,0.2149837876,0.3233488673,-0.8154207358,-0.3214148505,0.7323242651,0.009001753233,0.006150221454,0.006150221454,0,0,0.11,0.12,0
6.39,0.3627626352,-0.04098740568,0.8402641486,0.02257839953,0,1,0.06495423883,0.9978882437,0,0,1.54351653,1.649336143,-1.330513621,1.585250913,-0.1635395063,0.2051224762,0.3046687827,-1.456150517,1.547833748,1.316630701,1.754449125,-0.3108448494,-0.1590362148,-0.3536207709,0.0295882194,0,0.384372603,-0.2550148202,-0.6784049224,0.5789882401,0.480014115,0.00188181006,0.01208876194,0.2102068297,0.3196010924,-0.8085443506,-0.3126116071,0.72767414,0.009001580936,0.006215378165,0.006215378165,0,0,0.11,0.12,0
6.4,0.371122065,-0.04076247907,0.831604956,0.02240672361,0,1,0.06495423883,0.9978882437,0,0,1.543812413,1.649336143,-1.326669895,1.582700765,-0.1703235555,0.2109123586,0.3094689239,-1.456131699,1.547954635,1.318732769,1.757645136,-0.3189302929,-0.1621623309,-0.3463440295,0.02636940755,0,0.383192938,-0.2522339398,-0.6704035189,0.5762625525,0.4725090407,0.004123327809,0.01231201808,0.2055101888,0.3158285222,-0.8015405618,-0.3039051178,0.7228583237,0.009001425981,0.006280971807,0.006280971807,0,0,0.11,0.12,0
6.41,0.3793944049,-0.0405392751,0.8228469424,0.02223388236,0,1,0.06495423883,0.9978882437,0,0,1.544076107,1.649336143,-1.322837966,1.580178426,-0.1770275907,0.2166749841,0.3141940143,-1.456090465,1.548077755,1.320787871,1.760803421,-0.3269456985,-0.1652013821,-0.3391154463,0.02324352355,0,0.3818754973,-0.2493934212,-0.6623720991,0.5733440065,0.4650410608,0.006279874054,0.0125204065,0.2008579799,0.3120335788,-0.7943763466,-0.2953130652,0.7178389925,0.009001287886,0.006347062982,0.006347062982,0,0,0.11,0.115,0
6.42,0.3875786899,-0.04031780513,0.8139947511,0.02205993051,0,1,0.06495423883,0.9978882437,0,-0.5,1.544308542,1.649336143,-1.319019211,1.577684492,-0.1836513117,0.2224084242,0.3188444249,-1.456027667,1.548202959,1.322796451,1.763923757,-0.3348894619,-0.1681545127,-0.3319370564,0.02021128224,0,0.3804225242,-0.2464963054,-0.6543132268,0.5702371457,0.457612685,0.119025351,-0.4237922969,-0.2437981345,0.3082172043,-0.3460924605,-0.4594295768,0.2182921991,0.009001166163,0.006413589577,0.006413589577,0,0,0.11,0.115,0
6.43,0.3956740018,-0.04009808,0.8050531083,0.0218849238,0,1,0.05996400648,0.9982005399,0,0,1.544510655,1.649336143,-1.315214986,1.575219528,-0.190194444,0.2281107957,0.3234205518,-1.454837413,1.543965036,1.320358469,1.767005929,-0.3383503866,-0.1727488085,-0.3297541344,0.01727326316,0,0.3788363943,-0.2435456545,-0.6462294872,0.5669466524,0.4502263321,0.009694399132,0.01190947212,0.1920668748,0.3043862223,-0.7789940141,-0.2825882603,0.707484799,0.00900106032,0.005019104982,0.005019104982,0,0,0.11,0.12,0
6.44,0.4036794699,-0.03988010998,0.796026823,0.02170891895,0,1,0.05996400648,0.9982005399,0,0,1.544683387,1.649336143,-1.311426622,1.572784072,-0.1966567388,0.2337802622,0.3279228151,-1.454740469,1.544084131,1.322279138,1.770049791,-0.3461403267,-0.1755746911,-0.3226792864,0.01442991103,0,0.3771196155,-0.2405445485,-0.6381234927,0.5634773454,0.4428843348,0.01161066049,0.01209118788,0.1875570412,0.3005386131,-0.7714211649,-0.2743255285,0.7019231613,0.009000969864,0.00508223188,0.00508223188,0,0,0.11,0.12,0
6.45,0.4115942724,-0.03966390476,0.7869207873,0.02153197365,0,1,0.05996400648,0.9982005399,0,0,1.544827687,1.649336143,-1.307655426,1.570378626,-0.2030379738,0.2394150356,0.3323516584,-1.454624363,1.544205043,1.324154709,1.773055177,-0.3538545383,-0.1783179464,-0.3156600548,0.01168153633,0,0.3752748264,-0.2374960821,-0.6299978899,0.5598341775,0.435588945,0.01344037392,0.01226892476,0.183109516,0.2966782324,-0.7637181514,-0.26618766,0.6961901912,0.009000894299,0.005145689283,0.005145689283,0,0,0.11,0.12,0
6.46,0.4194176364,-0.03944947345,0.7777399759,0.02135414655,0,1,0.05996400648,0.9982005399,0,0,1.544944502,1.649336143,-1.303902677,1.568003666,-0.2093379527,0.2450133774,0.3367075479,-1.454489959,1.544327732,1.325985804,1.776021959,-0.3614917199,-0.180979823,-0.3086981529,0.009028316039,0,0.3733047966,-0.2344033629,-0.621855365,0.5560222332,0.4283423387,0.01518427623,0.01244230422,0.1787253122,0.2928074508,-0.7558900202,-0.258177979,0.6902910698,0.009000833127,0.005209454802,0.005209454802,0,0,0.11,0.12,0
6.47,0.4271488395,-0.03923682457,0.7684894466,0.0211754973,0,1,0.05996400648,0.9982005399,0,0,1.545034785,1.649336143,-1.300169629,1.565659632,-0.2155565063,0.2505735997,0.3409909713,-1.454338116,1.544452155,1.327773057,1.778950034,-0.3690506201,-0.1835616028,-0.3017952422,0.006465839463,0,0.37123103,-0.231269508,-0.6137103742,0.5520508671,0.4211656114,0.01684615596,0.0125989449,0.1743934269,0.2889286242,-0.7479299282,-0.2503048198,0.6842177818,0.009000785849,0.005273505636,0.005273505636,0,0,0.115,0.12,0
6.48,0.4347872101,-0.03902596604,0.7591743401,0.02099608653,0,1,0.05996400648,0.9982005399,0,0,1.545099443,1.649336143,-1.296457319,1.563346937,-0.2216936101,0.2560941084,0.3452026274,-1.454169654,1.544578145,1.329516991,1.78183932,-0.3765299193,-0.186064651,-0.2949530644,0.00400726138,0,0.3690010396,-0.228097642,-0.6055306371,0.5479131706,0.4140041043,0.01841795603,0.01277489149,0.1701509545,0.2850440922,-0.7398799955,-0.2425553629,0.6780167122,0.00900075199,0.005337778298,0.005337778298,0,0,0.115,0.12,0
6.49,0.4423321285,-0.03881690517,0.7497998799,0.02081597583,0,1,0.05996400648,0.9982005399,0,0,1.545139516,1.649336143,-1.292767309,1.56106596,-0.2277489164,0.2615732401,0.3493426684,-1.453985475,1.544705894,1.331218501,1.784689761,-0.3839287193,-0.1884902046,-0.2881728972,0.001639243399,0,0.3666731972,-0.2248908945,-0.5973539468,0.543626691,0.4069162207,0.01990977446,0.01293308245,0.1659621187,0.2811561771,-0.7317088729,-0.2349480579,0.6716525951,0.009000731006,0.005402330935,0.005402330935,0,0,0.115,0.12,0
6.5,0.4497830275,-0.03860964865,0.7403713725,0.02063522777,0,1,0.05996400648,0.9982005399,0,0,1.545155908,1.649336143,-1.289100577,1.558817052,-0.2337224559,0.267009507,0.3534118306,-1.453786377,1.544835225,1.332878122,1.787501323,-0.391245808,-0.1908396852,-0.2814563713,-0.0006342289787,0,0.3642324827,-0.2216523979,-0.5891715924,0.5391930495,0.3998851678,0.02131964682,0.01308556579,0.1618399905,0.277267183,-0.7234348757,-0.2274800982,0.6651453927,0.009000722422,0.005467098231,0.005467098231,0,0,0.115,0.12,0
6.51,0.4571393937,-0.03840420253,0.7308942071,0.02045390592,0,1,0.05996400648,0.9982005399,0,0,1.545149566,1.649336143,-1.285458252,1.556600528,-0.2396141718,0.2724014375,0.3574106823,-1.453573181,1.54496608,1.334496522,1.790273995,-0.3984801568,-0.1931144862,-0.2748049174,-0.002813630545,0,0.361682303,-0.2183852852,-0.5809865408,0.5346179592,0.3929128141,0.02264875981,0.01323205242,0.1577852548,0.2733793943,-0.7150640506,-0.2201537267,0.6585014224,0.009000725743,0.005532055977,0.005532055977,0,0,0.115,0.12,0
6.52,0.4644007677,-0.03820057223,0.721373856,0.0202720748,0,1,0.05996400648,0.9982005399,0,0,1.54512143,1.649336143,-1.281841429,1.554416675,-0.2454240372,0.2777476171,0.3613398104,-1.453346693,1.545098401,1.336074374,1.793007789,-0.4056307973,-0.1953160234,-0.2682199031,-0.004899563227,0,0.3590261924,-0.2150926884,-0.5728018315,0.5299072542,0.3860009836,0.02389838535,0.01337227144,0.15379853,0.2694950757,-0.7066026228,-0.2129709666,0.6517272032,0.009000740477,0.005597179701,0.005597179701,0,0,0.115,0.12,0
6.53,0.4715667454,-0.03799876251,0.7118158744,0.02008979993,0,1,0.05996400648,0.9982005399,0,0,1.545072434,1.649336143,-1.278251167,1.552265748,-0.2511520555,0.2830466897,0.3651998203,-1.453107709,1.545232123,1.33761236,1.795702739,-0.4126968235,-0.1974457331,-0.2617026311,-0.006892753963,0,0.356267809,-0.2117777361,-0.5646205794,0.5250668875,0.3791514586,0.02506987808,0.01350597289,0.1498803711,0.2656164705,-0.6980569903,-0.2059336202,0.6448294496,0.009000766134,0.005662444694,0.005662444694,0,0,0.115,0.115,0
6.54,0.4786369785,-0.03779877749,0.7022259003,0.01990714778,0,1,0.05996400648,0.9982005399,0,0,1.545003507,1.649336143,-1.274688489,1.55014797,-0.2567982613,0.2882973585,0.3689913349,-1.45285701,1.545367183,1.339111163,1.798358904,-0.4196773934,-0.1995050693,-0.2552543366,-0.008794053018,0,0.3534109336,-0.2084435523,-0.5564459795,0.5201029297,0.3723659835,0.02616467327,0.01363292852,0.14603127,0.2617458007,-0.6894337181,-0.1990432692,0.6378150636,0.009000802228,0.005726643682,0.005726643682,0,0,0.115,0.115,0
6.55,0.4856111758,-0.03760062059,0.6926096546,0.01972418583,0,1,0.05996400648,0.9982005399,0,0,1.544915566,1.649336143,-1.27115438,1.548063535,-0.2623627211,0.2934983878,0.3727149947,-1.452595364,1.545503512,1.340571476,1.800976362,-0.4265717306,-0.201495502,-0.248876186,-0.0106044322,0,0.3504594681,-0.2050932545,-0.5482813099,0.5150215675,0.36564627,0.02718710873,0.01374080982,0.1422398618,0.2578852665,-0.6807274497,-0.1923072722,0.6306778934,0.00900084828,0.005786168227,0.005786168227,0,0,0.115,0.115,0
6.56,0.4924891034,-0.03740429457,0.6829729411,0.0195409825,0,1,0.05996400648,0.9982005399,0,0,1.544809522,1.649336143,-1.267649785,1.546012602,-0.2678455342,0.2986486035,0.3763714574,-1.452323493,1.545640921,1.341993875,1.803555215,-0.4333790051,-0.2034185747,-0.242569407,-0.01232498296,0,0.3474174343,-0.2017299525,-0.540129936,0.5098291023,0.3589940006,0.02813020444,0.01386614891,0.1385422697,0.2540370451,-0.6719816648,-0.1857086939,0.6234653059,0.009000903811,0.005845797455,0.005845797455,0,0,0.115,0.115,0
6.57,0.499270586,-0.03720980151,0.6733216466,0.01935760724,0,1,0.05996400648,0.9982005399,0,0,1.544686272,1.649336143,-1.26417561,1.543995303,-0.2732468336,0.3037468945,0.3799613974,-1.452042191,1.545779582,1.343379297,1.806095585,-0.4400988217,-0.2052756616,-0.236334754,-0.01395691439,0,0.3442889723,-0.1983567467,-0.5319953133,0.5045319489,0.3524108333,0.0290042954,0.01397171893,0.1349026775,0.2502032914,-0.6631664119,-0.1792666261,0.6161441728,0.009000968354,0.005905583472,0.005905583472,0,0,0.115,0.115,0
6.58,0.5059555076,-0.03701714277,0.6636617406,0.01917413042,0,1,0.05996400648,0.9982005399,0,0,1.544546703,1.649336143,-1.260732721,1.542011735,-0.2785667867,0.308792214,0.3834855057,-1.451752148,1.545919299,1.344728324,1.808597618,-0.4467304859,-0.2070683279,-0.2301733123,-0.01550155113,0,0.3410783393,-0.1949767276,-0.5238809911,0.499136634,0.3458984057,0.02980819286,0.01406985871,0.1313335066,0.2463861373,-0.6543012984,-0.1729756999,0.6087357196,0.009001041442,0.005965457741,0.005965457741,0,0,0.115,0.115,0
6.59,0.5125438123,-0.036826319,0.6539992757,0.01899062342,0,1,0.05996400648,0.9982005399,0,0,1.544391687,1.649336143,-1.257321937,1.540061968,-0.2838055966,0.3137835804,0.3869444898,-1.451454066,1.546059998,1.346041659,1.81106148,-0.4532734988,-0.2087980849,-0.2240859551,-0.01696033117,0,0.3377899074,-0.1915929741,-0.5157906144,0.4936497947,0.339458339,0.03054370133,0.01416046047,0.1278349565,0.2425876916,-0.645393618,-0.166836415,0.6012476633,0.009001122621,0.006025392615,0.006025392615,0,0,0.115,0.115,0
6.6,0.519035505,-0.03663733016,0.6443403872,0.0188071586,0,1,0.05996400648,0.9982005399,0,0,1.544222084,1.649336143,-1.253944038,1.538146038,-0.2889635028,0.3187200783,0.3903390732,-1.451148629,1.546201602,1.347320009,1.813487356,-0.459727435,-0.2104664491,-0.2180734784,-0.01833480354,0,0.3344281624,-0.1882085529,-0.5077279273,0.4880781778,0.3330922417,0.03121269274,0.01424343955,0.1244071699,0.2388100404,-0.6364507865,-0.1608490636,0.5936878568,0.009001211439,0.006085360742,0.006085360742,0,0,0.115,0.115,0
6.61,0.5254306527,-0.03645017545,0.6346912936,0.01862380929,0,1,0.05996400648,0.9982005399,0,0,1.544038736,1.649336143,-1.250599757,1.536263953,-0.2940407821,0.3236008601,0.3936699956,-1.450836502,1.546344037,1.348564081,1.815875457,-0.4660919429,-0.2120749397,-0.2121365999,-0.01962662596,0,0.330997702,-0.1848265178,-0.4996967746,0.482428638,0.3268017138,0.03181710344,0.014318737,0.1210502371,0.2350552468,-0.6274803381,-0.155013733,0.5860642834,0.009001307457,0.006145335111,0.006145335111,0,0,0.115,0.115,0
6.62,0.5317293846,-0.03626485334,0.625058296,0.01844064979,0,1,0.05996400648,0.9982005399,0,0,1.54384247,1.649336143,-1.24728978,1.534415688,-0.2990377498,0.3284251465,0.3969380127,-1.450518331,1.546487224,1.349774583,1.818226009,-0.4723667463,-0.213625077,-0.206275957,-0.02083756234,0,0.3275032337,-0.1814499088,-0.4917011041,0.4767081367,0.32058835,0.03236174229,0.01437374593,0.1177521629,0.2313253515,-0.6184775254,-0.1493371154,0.5783716207,0.00900141024,0.006205289104,0.006205289104,0,0,0.115,0.115,0
6.63,0.5379318935,-0.03608136157,0.6154477784,0.01825775538,0,1,0.05996400648,0.9982005399,0,0,1.543634094,1.649336143,-1.244014747,1.532601189,-0.3039547608,0.3331922278,0.4001438962,-1.450194713,1.546630962,1.350952105,1.820539263,-0.4785515215,-0.2151184482,-0.2004922408,-0.02196948027,0,0.3239495731,-0.178081752,-0.4837449683,0.4709237405,0.3144537437,0.03284013896,0.0144465477,0.1145494158,0.2276223729,-0.6094876607,-0.1437983609,0.5706588081,0.009001519367,0.006265155415,0.006265155415,0,0,0.115,0.115,0
6.64,0.5440384366,-0.0358996971,0.605866208,0.01807520233,0,1,0.05996400648,0.9982005399,0,0,1.543414399,1.649336143,-1.240775252,1.530820371,-0.3087922105,0.3379014652,0.4032884337,-1.449866312,1.546775427,1.352097599,1.822815487,-0.4846463981,-0.2165564318,-0.1947856527,-0.02302960864,0,0.3203603341,-0.1747250588,-0.4758430932,0.4650883017,0.3084180927,0.03326303554,0.01449870207,0.1114050767,0.2239483078,-0.600480646,-0.1384176273,0.562893017,0.009001634423,0.006324991844,0.006324991844,0,0,0.115,0.11,0
6.65,0.550049336,-0.03571985613,0.5963201345,0.01789306788,0,1,0.05996400648,0.9982005399,0,0,1.543184103,1.649336143,-1.237571648,1.52907312,-0.3135506415,0.3425523482,0.4063726146,-1.449533682,1.546920414,1.353211649,1.82505497,-0.4906512046,-0.2179406081,-0.1891567226,-0.0240043402,0,0.3166846975,-0.1713828257,-0.4679681117,0.4591921956,0.3024273984,0.03362969192,0.01454320021,0.10833146,0.2203051315,-0.5914772056,-0.1331873015,0.5550965469,0.009001755033,0.00638473096,0.00638473096,0,0,0.115,0.11,0
6.66,0.5559649797,-0.03554183408,0.5868161908,0.01771143025,0,1,0.05996400648,0.9982005399,0,0,1.54294406,1.649336143,-1.234404801,1.527359292,-0.3182303226,0.3471442702,0.4093968886,-1.449197385,1.547065846,1.354294964,1.827258021,-0.4965659767,-0.2192724811,-0.1836057571,-0.02491140335,0,0.312983397,-0.1680580346,-0.4601559598,0.4532595479,0.2965386546,0.03394232869,0.01458011875,0.1053284238,0.216694799,-0.5824853754,-0.1281065116,0.5472779274,0.009001880749,0.006444348296,0.006444348296,0,0,0.115,0.11,0
6.67,0.5617858226,-0.0353656256,0.5773610926,0.01753036862,0,1,0.05996400648,0.9982005399,0,-0.5,1.542694946,1.649336143,-1.231274967,1.525678712,-0.3228318822,0.3516768657,0.4123622751,-1.448857961,1.547211647,1.355348248,1.829424969,-0.5023908304,-0.2205535462,-0.1781329778,-0.02574790224,0,0.3092432103,-0.1647536521,-0.4524006292,0.4472923008,0.2907350983,0.1365092712,-0.4500898623,-0.3381481859,0.2131177493,-0.1183553665,-0.3876315591,0.04988607292,0.009002011218,0.006503820083,0.006503820083,0,0,0.115,0.11,0
6.68,0.567512387,-0.03519122452,0.5679616384,0.01734996318,0,1,0.05497227503,0.9984878812,0,0,1.542437467,1.649336143,-1.228182535,1.524031175,-0.3273558885,0.3561497887,0.4152696261,-1.447492869,1.542710749,1.351966766,1.831556146,-0.5035743841,-0.2244298618,-0.1776341171,-0.02651618127,0,0.3054694599,-0.1614726303,-0.4447067129,0.4412980271,0.2850183626,0.03420421665,0.01338043447,0.09923066486,0.2095803767,-0.5641330152,-0.1217366158,0.5318125896,0.00900214607,0.005041219843,0.005041219843,0,0,0.115,0.115,0
6.69,0.5731452638,-0.03501862388,0.5586247097,0.01717029507,0,1,0.05497227503,0.9984878812,0,0,1.542172305,1.649336143,-1.225127841,1.522416449,-0.3318029556,0.360562769,0.4181198097,-1.447150827,1.542844553,1.352959073,1.83365195,-0.5092157142,-0.2256472279,-0.1723159912,-0.02721867269,0,0.301667567,-0.1582179063,-0.4370789161,0.435284398,0.2793901013,0.03438018409,0.01339411277,0.09642342766,0.2060801095,-0.5552322763,-0.1170620897,0.5239783267,0.009002284947,0.005095648485,0.005095648485,0,0,0.115,0.115,0
6.7,0.5786851129,-0.03484781589,0.5493572709,0.01699144642,0,1,0.05497227503,0.9984878812,0,0,1.541900118,1.649336143,-1.222111165,1.52083427,-0.3361737447,0.3649156129,0.4209137108,-1.446807025,1.542978494,1.353923307,1.835712751,-0.514768037,-0.2268178488,-0.1670762079,-0.02785789286,0,0.2978430464,-0.1549924031,-0.4295220552,0.4292591805,0.2738519891,0.03451386679,0.01338878244,0.09367472102,0.2026203146,-0.5463636684,-0.1125390947,0.5161436261,0.009002427506,0.005149871911,0.005149871911,0,0,0.115,0.115,0
6.71,0.5841326643,-0.03467879194,0.5401663694,0.01681350033,0,1,0.05497227503,0.9984878812,0,0,1.541621539,1.649336143,-1.219132734,1.519284346,-0.3404689653,0.3692082047,0.4236522307,-1.446461886,1.543112382,1.354860055,1.837738954,-0.5202316737,-0.2279432398,-0.1619147717,-0.02843643921,0,0.2940015038,-0.1517990295,-0.4220410573,0.4232302362,0.268405724,0.03459932455,0.0134028137,0.09102024471,0.199202856,-0.5375728998,-0.1081437608,0.508357378,0.009002573416,0.005203830242,0.005203830242,0,0,0.115,0.115,0
6.72,0.5894887191,-0.03451154259,0.5310591351,0.01663654089,0,1,0.05497227503,0.9984878812,0,0,1.541337175,1.649336143,-1.216192719,1.517766356,-0.3446893759,0.3734405071,0.4263362879,-1.446115893,1.54324641,1.355770257,1.839730983,-0.5256074027,-0.2290246774,-0.1568311979,-0.02895698731,0,0.2901486341,-0.1486406811,-0.4146409606,0.4172055195,0.2630530295,0.03464753007,0.01339786461,0.08842320201,0.1958295822,-0.5288307348,-0.1038966654,0.5005881527,0.009002722358,0.00525758959,0.00525758959,0,0,0.115,0.115,0
6.73,0.59475415,-0.03434605755,0.5220427813,0.01646065316,0,1,0.05497227503,0.9984878812,0,0,1.541047605,1.649336143,-1.213291233,1.516279949,-0.3488357855,0.3776125623,0.4289668182,-1.445769417,1.543380389,1.356654489,1.841689279,-0.53089571,-0.230063644,-0.1518253164,-0.02942228786,0,0.2862902186,-0.1455202403,-0.4073269138,0.4111930769,0.257795658,0.03465814541,0.01338715317,0.08589545914,0.1925023274,-0.5201583905,-0.09978837614,0.4928586052,0.009002874029,0.005311090836,0.005311090836,0,0,0.115,0.115,0
6.74,0.599929902,-0.03418232567,0.5131246039,0.01628592317,0,1,0.05497227503,0.9984878812,0,0,1.540753382,1.649336143,-1.210428331,1.514824746,-0.3529090546,0.3817244931,0.4315447748,-1.445422836,1.54351426,1.357513444,1.843614302,-0.5360972939,-0.2310615278,-0.1468967303,-0.02983516371,0,0.2824321233,-0.1424405774,-0.4001041759,0.4052010448,0.2526353922,0.03463372593,0.01337094621,0.08343659095,0.1892229129,-0.5115644448,-0.09581683436,0.4851778316,0.00900302814,0.005364318431,0.005364318431,0,0,0.115,0.115,0
6.75,0.6050169939,-0.03402033494,0.5043119817,0.01611243794,0,1,0.05497227503,0.9984878812,0,0,1.540455031,1.649336143,-1.20760401,1.513400341,-0.3569100964,0.3857765035,0.4340711287,-1.445076499,1.54364797,1.35834781,1.845506531,-0.5412129384,-0.2320196962,-0.142044952,-0.03019850686,0,0.2785802961,-0.1394045513,-0.3929781157,0.3992376487,0.247574048,0.03457685866,0.01334953162,0.08104614608,0.1859931479,-0.5030575249,-0.09197986096,0.477554976,0.009003184416,0.005417257978,0.005417257978,0,0,0.115,0.11,0
6.76,0.6100165184,-0.03386007247,0.4956123765,0.01594028546,0,1,0.05497227503,0.9984878812,0,0,1.540153045,1.649336143,-1.204818207,1.512006295,-0.3608398775,0.38976888,0.4365468692,-1.44473073,1.543781465,1.359158271,1.847366463,-0.5462435136,-0.2329394948,-0.1372694022,-0.03051527558,0,0.2747407651,-0.13641501,-0.385954211,0.3933112014,0.2426134763,0.03449015961,0.01332322087,0.07872365195,0.1828148309,-0.4946463076,-0.08827516125,0.4699992305,0.009003342597,0.005469896281,0.005469896281,0,0,0.115,0.11,0
6.77,0.6149296433,-0.03370152449,0.487033333,0.01576955471,0,1,0.05497227503,0.9984878812,0,0,1.539847893,1.649336143,-1.202070799,1.510642145,-0.3646994196,0.393701992,0.4389730039,-1.444385829,1.543914697,1.359945508,1.849194611,-0.5511899767,-0.2338222464,-0.1325694099,-0.03078849144,0,0.2709196359,-0.1334747916,-0.379038048,0.3874301019,0.237755565,0.03437627173,0.01329234871,0.07646861708,0.1796897509,-0.486339517,-0.08470033166,0.462519832,0.009003502441,0.005522221404,0.005522221404,0,0,0.115,0.11,0
6.78,0.6197576123,-0.03354467634,0.4785824786,0.01560033562,0,1,0.05497227503,0.9984878812,0,0,1.539540008,1.649336143,-1.199361603,1.509307397,-0.3684898001,0.397576293,0.4413505596,-1.444042066,1.544047621,1.360710194,1.850991509,-0.5560533719,-0.2346692497,-0.1279442116,-0.03102123647,0,0.26712309,-0.1305867253,-0.3722353202,0.3816028337,0.2330022411,0.03424056988,0.01324453626,0.07426868607,0.1766196886,-0.4781336582,-0.08126080909,0.4551130553,0.009003663719,0.005574222734,0.005574222734,0,0,0.115,0.11,0
6.79,0.6245017458,-0.03338951244,0.470267524,0.01543271914,0,1,0.05497227503,0.9984878812,0,0,1.539229795,1.649336143,-1.196690372,1.50800153,-0.3722121533,0.4013923214,0.443680582,-1.44369966,1.544180066,1.361452881,1.852757705,-0.5608347084,-0.2354818578,-0.1233930811,-0.0312166504,0,0.2633573823,-0.1277536323,-0.3655518277,0.375837964,0.2283554723,0.03407753719,0.01321874025,0.07215923804,0.1736064178,-0.4700747122,-0.07792999072,0.447827645,0.009003826219,0.005625849216,0.005625849216,0,0,0.115,0.11,0
6.8,0.6291634417,-0.03323601631,0.4620962623,0.01526679715,0,1,0.05497227503,0.9984878812,0,0,1.538917629,1.649336143,-1.194056798,1.506723994,-0.3758676716,0.405150701,0.4459641367,-1.443358885,1.544312254,1.362174473,1.85449377,-0.5655354556,-0.2362611577,-0.1189148046,-0.03137792789,0,0.2596288393,-0.1249783268,-0.3589934762,0.3701441419,0.2238172687,0.03389818421,0.01317641102,0.07010346684,0.1706517063,-0.4621339834,-0.07472935943,0.4406331108,0.009003989745,0.005677177898,0.005677177898,0,0,0.12,0.11,0
6.81,0.6337441763,-0.03308417054,0.4540765699,0.01510266254,0,1,0.05497227503,0.9984878812,0,0,1.53860385,1.649336143,-1.19146051,1.50547421,-0.3794576064,0.4088521424,0.4482023094,-1.443019903,1.544444018,1.362875508,1.856200287,-0.5701567954,-0.2370084513,-0.1145084735,-0.03150831597,0,0.2559438569,-0.1222636167,-0.3525662754,0.3645300977,0.2193896841,0.03370244709,0.01313108149,0.068113041,0.1677573174,-0.4543330143,-0.07164802609,0.4335522712,0.009004154119,0.005728159444,0.005728159444,0,0,0.12,0.11,0
6.82,0.6382455049,-0.03293395678,0.4462164059,0.01494040916,0,1,0.05497227503,0.9984878812,0,0,1.538288767,1.649336143,-1.188901071,1.504251574,-0.3829832691,0.4124974434,0.4503962062,-1.442682878,1.544575328,1.363556638,1.85787786,-0.5747001255,-0.2377249315,-0.1101729508,-0.03161111147,0,0.252308899,-0.1196123052,-0.3462763386,0.3590046411,0.2150748176,0.0334930758,0.01308320036,0.06618740989,0.164925011,-0.4466807456,-0.06868313584,0.4265945594,0.009004319179,0.00577878911,0.00577878911,0,0,0.12,0.11,0
6.83,0.642669063,-0.03278535577,0.4385238123,0.01478013186,0,1,0.05497227503,0.9984878812,0,0,1.537972655,1.649336143,-1.186377982,1.503055451,-0.3864460325,0.4160874898,0.4525469544,-1.442347948,1.54470616,1.364218512,1.85952711,-0.579166933,-0.2384117629,-0.1059070052,-0.03168965871,0,0.2487304952,-0.1170271914,-0.340129881,0.353576661,0.2108748147,0.03327283788,0.01303323382,0.06432601324,0.1621565449,-0.4391861549,-0.06583176382,0.4197694392,0.009004484781,0.005829063777,0.005829063777,0,0,0.12,0.11,0
6.84,0.6470165668,-0.03263834724,0.431006914,0.01462192645,0,1,0.05497227503,0.9984878812,0,0,1.537655759,1.649336143,-1.183890677,1.501885179,-0.3898473313,0.4196232564,0.4546557026,-1.442015219,1.544836493,1.364861772,1.861148675,-0.5835587945,-0.2390700805,-0.1017093108,-0.03174734716,0,0.2452152395,-0.1145110715,-0.3341332185,0.3482551237,0.2067918686,0.03304451647,0.01298166849,0.06252828589,0.1594536759,-0.431858259,-0.0630909184,0.413086408,0.009004650796,0.005878982001,0.005878982001,0,0,0.12,0.11,0
6.85,0.6512898143,-0.03249291001,0.4236739189,0.01446588972,0,1,0.05497227503,0.9984878812,0,0,1.537338285,1.649336143,-1.181438525,1.500740068,-0.3931886635,0.4231058077,0.4567236213,-1.441684774,1.54496631,1.365487055,1.862743212,-0.5878773771,-0.2397009897,-0.09757844672,-0.03178760944,0,0.241769789,-0.1120667397,-0.3282927666,0.3430490726,0.2028282207,0.03281090913,0.01292901098,0.06079365942,0.1568181609,-0.4247061135,-0.0604575462,0.4065549958,0.009004817117,0.005928544065,0.005928544065,0,0,0.12,0.11,0
6.86,0.6554906858,-0.03234902189,0.4165331178,0.01431211943,0,1,0.05497227503,0.9984878812,0,0,1.537020409,1.649336143,-1.179020827,1.499619401,-0.3964715912,0.4265362984,0.4587519035,-1.441356665,1.5450956,1.366094992,1.864311394,-0.5921244383,-0.2403055652,-0.09351289676,-0.03181391934,0,0.2384008619,-0.1096969895,-0.3226150394,0.3379676273,0.198986162,0.03257752482,0.01286275761,0.05910959054,0.1542517577,-0.4177264425,-0.05793710593,0.4001717643,0.009004983651,0.005977752039,0.005977752039,0,0,0.12,0.11,0
6.87,0.6596211452,-0.03220665974,0.4095928842,0.01416071433,0,1,0.05497227503,0.9984878812,0,0,1.53670227,1.649336143,-1.176636818,1.498522431,-0.3996977416,0.4299159747,0.4607417651,-1.44103089,1.545224227,1.366686088,1.865853911,-0.5963017027,-0.2408849362,-0.08951117912,-0.03182979016,0,0.2351152368,-0.1074046145,-0.3171066478,0.3330199828,0.195268033,0.03233901316,0.01282289312,0.0575117654,0.1517562264,-0.4109658456,-0.05550054574,0.3939856958,0.009005150326,0.006026566951,0.006026566951,0,0,0.12,0.11,0
6.88,0.6636832402,-0.03206579939,0.4028616746,0.01401177414,0,1,0.05497227503,0.9984878812,0,0,1.536383972,1.649336143,-1.174285666,1.497448385,-0.402868808,0.4332461745,0.4626944454,-1.4407075,1.545352456,1.367261205,1.867371474,-0.6004113612,-0.2414399417,-0.08557132216,-0.03184472268,0,0.231938022,-0.1051924092,-0.3117834002,0.3282223404,0.1916940167,0.03210646616,0.01277018251,0.05596300874,0.1493333303,-0.4043956663,-0.05317072517,0.3879666341,0.009005317087,0.006075081507,0.006075081507,0,0,0.12,0.105,0
6.89,0.6676791039,-0.0319264157,0.3963480285,0.01386539958,0,1,0.05497227503,0.9984878812,0,0,1.536065525,1.649336143,-1.171966286,1.496396461,-0.405986642,0.4365283979,0.4646113856,-1.440386435,1.545480158,1.367820835,1.868864807,-0.6044553178,-0.241971649,-0.08169165582,-0.03184452193,0,0.2288214196,-0.1030631703,-0.3066248107,0.3235633407,0.1882132822,0.03187995056,0.01271859406,0.05447506945,0.1469848362,-0.3980378484,-0.05093563576,0.382137633,0.00900548393,0.006123259407,0.006123259407,0,0,0.12,0.105,0
6.9,0.6716109547,-0.03178848251,0.3900605682,0.0137216923,0,1,0.05497227503,0.9984878812,0,0,1.53574708,1.649336143,-1.169678071,1.495365829,-0.4090528901,0.4397640313,0.4664935184,-1.440067636,1.545607344,1.368365586,1.870334655,-0.6084356963,-0.2424810053,-0.07787027949,-0.03185052805,0,0.2258269587,-0.1010196973,-0.301665045,0.3190730185,0.1848814899,0.03166232305,0.01266873237,0.05304738465,0.1447125159,-0.3919016481,-0.04879197352,0.3765083896,0.009005650773,0.006171110391,0.006171110391,0,0,0.12,0.105,0
6.91,0.6754810982,-0.03165197262,0.3840079989,0.01358075498,0,1,0.05497227503,0.9984878812,0,0,1.535428574,1.649336143,-1.167419802,1.494355632,-0.4120695406,0.4429547615,0.4683423333,-1.439751012,1.545734031,1.36889606,1.87178178,-0.6123547128,-0.242968925,-0.07410519559,-0.03186051856,0,0.2229435056,-0.09906479324,-0.2969020103,0.3147540294,0.181683502,0.03145645179,0.01262121595,0.0516793906,0.1425181462,-0.3859963585,-0.04673639633,0.3710886309,0.009005817652,0.006218646269,0.006218646269,0,0,0.12,0.105,0
6.92,0.679291927,-0.03151685783,0.3781991087,0.01344269124,0,1,0.05497227503,0.9984878812,0,0,1.535109969,1.649336143,-1.165190367,1.493364984,-0.4150385607,0.4461023018,0.4701591683,-1.439436448,1.545860243,1.369412854,1.873206962,-0.6162146764,-0.243436289,-0.07039430928,-0.03187818513,0,0.2201781246,-0.09720126576,-0.2923427842,0.3106159415,0.1786219082,0.03126521553,0.01257668097,0.05037052666,0.1404035097,-0.380331314,-0.04476552291,0.365888118,0.009005984585,0.006265880955,0.006265880955,0,0,0.12,0.105,0
6.93,0.6830459222,-0.03138310887,0.3726427686,0.0133076057,0,1,0.05497227503,0.9984878812,0,0,1.534791187,1.649336143,-1.162988585,1.492392972,-0.4179619885,0.4492084612,0.4719453874,-1.439123796,1.54598601,1.369916559,1.874610997,-0.6200179895,-0.2438839442,-0.0667354281,-0.03190725534,0,0.217537942,-0.09543192738,-0.2879945373,0.3066684008,0.1756993528,0.03109150372,0.01253578108,0.04912023537,0.1383703952,-0.3749158902,-0.04287593392,0.3609166471,0.009006151613,0.006312830526,0.006312830526,0,0,0.12,0.105,0
6.94,0.686745654,-0.03125069544,0.3673479325,0.01317560394,0,1,0.05497227503,0.9984878812,0,0,1.534472115,1.649336143,-1.160813206,1.491438652,-0.4208419339,0.4522751452,0.4737023809,-1.438812881,1.546111368,1.370407761,1.875994701,-0.6237671484,-0.2443127036,-0.06312626163,-0.03195149136,0,0.2150301418,-0.09375959623,-0.2838645305,0.3029211294,0.1729185298,0.03093821685,0.01249918736,0.04792796233,0.136420598,-0.3697595055,-0.04106417226,0.3561840504,0.009006318797,0.006359513266,0.006359513266,0,0,0.12,0.105,0
6.95,0.6903937826,-0.03111958616,0.3623236372,0.01304679253,0,1,0.05497227503,0.9984878812,0,0,1.5341526,1.649336143,-1.158662905,1.490501056,-0.4236805792,0.4553043565,0.4754315662,-1.438503498,1.54623636,1.370887041,1.877358907,-0.6274647435,-0.2447233453,-0.05956442113,-0.03201469056,0,0.2126619666,-0.09218709644,-0.279960114,0.2993839276,0.1702821821,0.03080826697,0.01246758829,0.04679315571,0.1345559199,-0.3648716211,-0.03932674272,0.3517001969,0.009006486215,0.006405949725,0.006405949725,0,0,0.12,0.105,0
6.96,0.6939930589,-0.03098974859,0.3575790024,0.01292127902,0,1,0.05497227503,0.9984878812,0,0,1.533832453,1.649336143,-1.156536285,1.489579185,-0.4264801804,0.4582981958,0.477134388,-1.438195416,1.546361036,1.371354973,1.878704466,-0.6311134597,-0.2451166127,-0.05604741916,-0.03210068646,0,0.2104407184,-0.09071725849,-0.276288727,0.2960666747,0.1677931002,0.03070721317,0.01242862799,0.04570341886,0.1327781693,-0.3602495524,-0.03766917052,0.3474623101,0.009006653967,0.006452162767,0.006452162767,0,0,0.12,0.105,0
6.97,0.6975463255,-0.03086114922,0.3531232307,0.01279917192,0,1,0.05497227503,0.9984878812,0,0,1.533511446,1.649336143,-1.154431878,1.488672013,-0.4292430676,0.4612588625,0.478812319,-1.437888344,1.546485322,1.371812007,1.880032248,-0.6347159552,-0.2454933044,-0.05257279606,-0.0322133501,0,0.2083737599,-0.08935291943,-0.2728578971,0.2929793306,0.1654541214,0.03063002638,0.01242249574,0.04469401112,0.131089161,-0.3559396986,-0.03606054877,0.3435186913,0.009006822172,0.006498134546,0.006498134546,0,0,0.12,0.105,0
6.98,0.7010565174,-0.03073375343,0.3489656076,0.01268058074,0,1,0.05497227503,0.9984878812,0,0,1.533189313,1.649336143,-1.15234814,1.487778484,-0.4319716466,0.4641886558,0.4804668603,-1.437582043,1.546609547,1.372258947,1.881343139,-0.6382753522,-0.2458539099,-0.04913760915,-0.0323565919,0,0.2064685163,-0.0880969229,-0.2696752405,0.2901319386,0.1632681279,0.03058769027,0.01241017628,0.04372829612,0.1294907155,-0.3519145107,-0.03452474708,0.3398406539,0.00900699097,0.006543979796,0.006543979796,0,0,0.12,0.105,0
6.99,0.7045266627,-0.03060752552,0.3451155015,0.01256561595,0,1,0.05497227503,0.9984878812,0,0,1.532865747,1.649336143,-1.150283455,1.486897514,-0.434668399,0.4670899752,0.4820995415,-1.437276166,1.546733649,1.37269623,1.882638047,-0.6417944973,-0.2461991574,-0.04573920261,-0.03253436388,0,0.2047324774,-0.08695211906,-0.2667484615,0.2875346271,0.1612380457,0.03058047364,0.01240577827,0.04281784436,0.1279846589,-0.3481961065,-0.03304888431,0.3364512213,0.009007160522,0.006589684618,0.006589684618,0,0,0.12,0.105,0
7,0.707959884,-0.03048242866,0.3415823636,0.01245438901,0,1,0.05497227503,0.9984878812,0,-0.5,1.532540403,1.649336143,-1.14823613,1.486027993,-0.4373358836,0.4699653215,0.483711922,-1.436970362,1.546857707,1.373124408,1.883917893,-0.6452764584,-0.2465296462,-0.04237469039,-0.03275066253,0,0.2031732,-0.08592136436,-0.2640853529,0.2851976129,0.159366842,0.1324629901,-0.4910823701,-0.4130428865,0.1265711224,0.1232057125,-0.3863870271,-0.1517340154,0.009007331008,0.006635281668,0.006635281668,0,0,0.12,0.105,0
7.01,0.7113593983,-0.0303584249,0.3383757282,0.01234701235,0,1,0.04997916927,0.9987502604,0,0,1.532212896,1.649336143,-1.146204398,1.48516878,-0.4399767372,0.4728172976,0.4853055904,-1.435645732,1.541946883,1.368993979,1.885183604,-0.6440444012,-0.2503935165,-0.04389203055,-0.03300673847,0,0.2017878167,-0.08500183465,-0.2616796533,0.2831161585,0.1576494473,0.03069917268,0.01126885379,0.0406354677,0.125251806,-0.3414144827,-0.03264919323,0.3307105885,0.00900750263,0.005020664065,0.005020664065,0,0,0.125,0.105,0
7.02,0.7147283432,-0.0302354783,0.3354194701,0.01224208459,0,1,0.04997916927,0.9987502604,0,0,1.531882829,1.649336143,-1.14418652,1.484318761,-0.4425935337,0.4756484592,0.4868820849,-1.43533874,1.542059571,1.369400334,1.886436122,-0.6474585461,-0.2507200084,-0.04058492466,-0.03326650914,0,0.200434934,-0.08411588466,-0.2593389012,0.2810870347,0.1559747777,0.03077770349,0.01128129525,0.03984766205,0.1239497725,-0.3383919631,-0.03130193493,0.3279727722,0.009007675597,0.00506203198,0.00506203198,0,0,0.125,0.105,0
7.03,0.7180674637,-0.03011359555,0.332386548,0.01213382078,0,1,0.04997916927,0.9987502604,0,0,1.531550164,1.649336143,-1.142182171,1.483477602,-0.4451869227,0.4784593296,0.4884418327,-1.435030963,1.542172384,1.369798811,1.88767562,-0.6508424657,-0.2510330278,-0.03730519694,-0.03350144041,0,0.1990078024,-0.08320560991,-0.2569191263,0.2789571946,0.1542605249,0.03083616124,0.01128816384,0.03905920055,0.1226137622,-0.3352607405,-0.02997253685,0.3251237384,0.009007849927,0.005103365684,0.005103365684,0,0,0.125,0.105,0
7.04,0.7213757179,-0.02999281461,0.329246722,0.01202174091,0,1,0.04997916927,0.9987502604,0,0,1.53121515,1.649336143,-1.140192093,1.482645546,-0.447756114,0.4812489015,0.4899844379,-1.434722601,1.542285266,1.370189403,1.888901758,-0.6541950731,-0.2513327532,-0.03405395956,-0.03371056287,0,0.197505276,-0.08227063198,-0.2544192409,0.276725139,0.1525063477,0.03087391784,0.01128923816,0.03827033619,0.1212439084,-0.3320198693,-0.02866211486,0.3221624244,0.009008025492,0.005144646288,0.005144646288,0,0,0.125,0.105,0
7.05,0.7246520523,-0.02987317308,0.3260031285,0.01190595694,0,1,0.04997916927,0.9987502604,0,0,1.530878044,1.649336143,-1.13821704,1.48182284,-0.4503003064,0.4840161529,0.4915095014,-1.434413862,1.542398158,1.370572106,1.890114197,-0.6575152718,-0.2516193743,-0.03083233531,-0.03389363415,0,0.1959288255,-0.0813119468,-0.251841605,0.2743930643,0.1507138867,0.03089097452,0.01128446966,0.03748183673,0.1198415982,-0.3286726889,-0.02737202555,0.3190919317,0.009008202156,0.005185854204,0.005185854204,0,0,0.125,0.3999999881,0
7.06,0.7278954449,-0.02975470745,0.3226588769,0.01178657986,0,1,0.04997916927,0.9987502604,0,0,1.530539108,1.649336143,-1.136257752,1.481009721,-0.4528187224,0.4867600835,0.4930166403,-1.434104953,1.542511003,1.370946924,1.891312613,-0.6608019987,-0.2518930946,-0.027641416,-0.03405044989,0,0.1942799386,-0.08033053595,-0.2491885547,0.2719631791,0.1488847474,0.03088735815,0.01127381589,0.03669443463,0.1184081949,-0.3252225178,-0.0261035436,0.3159153568,0.009008379781,0.005226969777,0.005226969777,0,0,0.125,0.3999999881,0
7.07,0.7311049046,-0.02963745309,0.3192170491,0.01166371967,0,1,0.04997916927,0.9987502604,0,0,1.530198603,1.649336143,-1.134314952,1.480206415,-0.455310608,0.4894797153,0.4945054877,-1.433796079,1.542623741,1.371313869,1.892496695,-0.6640542239,-0.25215413,-0.02448226243,-0.03418084305,0,0.1925601181,-0.07932736638,-0.2464624027,0.2694377029,0.1470204996,0.03086312075,0.01125723994,0.03590882683,0.1169450372,-0.3216726513,-0.0248578629,0.3126357889,0.009008558232,0.005267973307,0.005267973307,0,0,0.125,0.3999999881,0
7.08,0.7342794708,-0.0295214443,0.3156806998,0.01153748543,0,1,0.04997916927,0.9987502604,0,0,1.529856795,1.649336143,-1.132389351,1.479413142,-0.457775232,0.4921740924,0.4959756927,-1.433487448,1.542736314,1.371672957,1.893666145,-0.6672709504,-0.2524027086,-0.02135590454,-0.03428468353,0,0.1907708817,-0.07830339013,-0.2436654384,0.2668188656,0.1451226785,0.03082101302,0.01122144091,0.03511377498,0.11545344,-0.3180141555,-0.02364574041,0.3092437495,0.009008737368,0.005308845057,0.005308845057,0,0,0.125,0.3999999881,0
7.09,0.7374182136,-0.02940671427,0.3120528562,0.01140798519,0,1,0.04997916927,0.9987502604,0,0,1.529513948,1.649336143,-1.130481642,1.478630108,-0.4602118864,0.494842281,0.4974269195,-1.433179238,1.542848528,1.372024095,1.89482068,-0.6704510919,-0.252639166,-0.01826346704,-0.03436187777,0,0.1889137614,-0.07725954401,-0.2407999283,0.2641089073,0.1431927848,0.03152609967,0.007363826902,0.03090329261,0.1139346696,-0.310758236,-0.02524236544,0.3021524572,0.009008917052,0.005349521505,0.005349521505,0,0,0.125,0.3999999881,0
7.1,0.740520233,-0.02929329512,0.3083365184,0.01127532604,0,1,0.04997916927,0.9987502604,0,0,1.529170329,1.649336143,-1.128592505,1.477857512,-0.4626198857,0.4974833701,0.4988588474,-1.432863977,1.542922166,1.372333128,1.895960026,-0.6735586743,-0.2528915897,-0.01524194247,-0.03441236829,0,0.1869903032,-0.07619674946,-0.2378681165,0.2613100774,0.1412322857,0.03290989871,3.307137431e-06,0.02357697572,0.1123899945,-0.3002224772,-0.02945697411,0.2917005075,0.009009097143,0.005377395156,0.005377395156,0,0,0.125,0.3999999881,0
7.11,0.7435846589,-0.02918121792,0.304534659,0.01113961409,0,1,0.04997916927,0.9987502604,0,0,1.528826205,1.649336143,-1.126722602,1.477095545,-0.4649985668,0.5000964709,0.5002711702,-1.432534878,1.542922199,1.372568897,1.897083926,-0.6765608991,-0.2531861594,-0.0123249374,-0.03444253999,0,0.1850200611,-0.07511591229,-0.2348803597,0.2584323014,0.139259954,0.0327898237,2.234615137e-06,0.0228595715,0.1108207261,-0.2963742464,-0.02834397964,0.2881276946,0.009009277502,0.005380903794,0.005380903794,0,0,0.125,0.3999999881,0
7.12,0.7466106509,-0.02907051267,0.3006502233,0.01100095448,0,1,0.04997916927,0.9987502604,0,0,1.52848178,1.649336143,-1.124872401,1.476344386,-0.4673473704,0.5026807939,0.5016637698,-1.432206979,1.542922222,1.372797493,1.898192134,-0.6795246415,-0.2534695992,-0.00944366045,-0.03443324725,0,0.1829507373,-0.0740179224,-0.2318144743,0.2554549245,0.1372252819,0.03264882523,1.191043442e-06,0.02215175412,0.109228036,-0.2924474228,-0.0272523976,0.2844718873,0.009009458021,0.005384321868,0.005384321868,0,0,0.125,0.3999999881,0
7.13,0.7495973978,-0.02896120831,0.2966861293,0.01085945138,0,1,0.04997916927,0.9987502604,0,0,1.528137448,1.649336143,-1.123042894,1.475604206,-0.4696655152,0.5052353431,0.5030360226,-1.431880491,1.542922234,1.373019011,1.899284414,-0.6824491157,-0.2537421232,-0.006598941577,-0.03440362869,0,0.1808376545,-0.07290365385,-0.2286969959,0.2524030554,0.13518143,0.03248709441,1.781049974e-07,0.02145399912,0.1076131185,-0.2884450845,-0.02618288053,0.2807360137,0.009009638495,0.00538765001,0.00538765001,0,0,0.125,0.3999999881,0
7.14,0.7525441176,-0.02885333277,0.2926452677,0.01071520796,0,1,0.04997916927,0.9987502604,0,0,1.527793411,1.649336143,-1.121234517,1.47487517,-0.4719524851,0.5077593737,0.5043878369,-1.43155562,1.542922235,1.373233551,1.900360545,-0.6853335666,-0.254003952,-0.00379158144,-0.03434742892,0,0.1786645514,-0.07177396446,-0.2255219781,0.2492713983,0.1331125269,0.03230484376,-8.026439513e-07,0.02076674602,0.1059771441,-0.2843702769,-0.02513601665,0.2769229824,0.009009818816,0.00539088893,0.00539088893,0,0,0.125,0.3999999881,0
7.15,0.7554500568,-0.02874691295,0.2885305018,0.01056832644,0,1,0.04997916927,0.9987502604,0,0,1.527449937,1.649336143,-1.119447872,1.47415743,-0.4742077049,0.5102520877,0.5057189622,-1.431232572,1.542922227,1.373441218,1.901420317,-0.6881772694,-0.2542553122,-0.001022351615,-0.03426476045,0,0.1764330287,-0.07062969585,-0.2222915556,0.2460622383,0.1310198773,0.03210230647,-1.749772549e-06,0.020090399,0.1043212593,-0.2802260113,-0.02411233131,0.2730356819,0.009009998845,0.005394039416,0.005394039416,0,0,0.125,0.3999999881,0
7.16,0.7583144907,-0.0286419747,0.2843446676,0.01041890805,0,1,0.04997916927,0.9987502604,0,0,1.527107289,1.649336143,-1.117683541,1.473451133,-0.4764306205,0.51271271,0.5070291609,-1.430911549,1.54292221,1.373642122,1.902463529,-0.6909795295,-0.2544964355,0.001708005203,-0.03415577063,0,0.174144704,-0.06947167329,-0.2190078452,0.2427778694,0.1289047624,0.03187973581,-2.661974619e-06,0.01942532749,0.1026465872,-0.2760152648,-0.02311228855,0.2690769792,0.009010178444,0.005397102322,0.005397102322,0,0,0.125,0.3999999881,0
7.17,0.7611367227,-0.02853854291,0.2800905739,0.01026705305,0,1,0.04997916927,0.9987502604,0,0,1.526765732,1.649336143,-1.115942094,1.472756416,-0.4786206989,0.5151404887,0.5083182085,-1.430592751,1.542922183,1.373836375,1.903489995,-0.6937396821,-0.2547275584,0.004398774995,-0.03402063869,0,0.1718012044,-0.06830070563,-0.215672944,0.2394205903,0.1267684351,0.0316374044,-3.538069415e-06,0.01877186691,0.1009542273,-0.2717409797,-0.02213629262,0.2650497195,0.009010357474,0.005400078569,0.005400078569,0,0,0.125,0.3999999881,0
7.18,0.7639160839,-0.02843664143,0.2757710019,0.01011286074,0,1,0.04997916927,0.9987502604,0,0,1.526425525,1.649336143,-1.114224082,1.472073409,-0.4807774284,0.5175346946,0.5095858929,-1.430276377,1.542922148,1.374024094,1.904499537,-0.6964570919,-0.2549489213,0.00704927219,-0.03385957498,0,0.1694041664,-0.06711758527,-0.2122889287,0.2359927046,0.1246121207,0.03137560354,-4.377000162e-06,0.0181303193,0.09924525579,-0.2674060626,-0.02118468957,0.2609567248,0.009010535798,0.005402969141,0.005402969141,0,0,0.125,0.3999999881,0
7.19,0.7666519336,-0.02833629316,0.2713887058,0.009956429402,0,1,0.04997916927,0.9987502604,0,0,1.526086929,1.649336143,-1.112530041,1.471402234,-0.4829003176,0.5198946217,0.5108320141,-1.429962621,1.542922104,1.374205397,1.90549199,-0.6991311525,-0.2551607682,0.009658839438,-0.03367282024,0,0.1669552348,-0.0659230881,-0.2088578569,0.2324965193,0.1224370172,0.03109712571,-1.765272837e-05,0.01748987823,0.09752072584,-0.2630020929,-0.0202671827,0.2567892833,0.009010713281,0.005405775073,0.005405775073,0,0,0.125,0.3999999881,0
7.2,0.7693436581,-0.02823751998,0.2669464122,0.009797856387,0,1,0.04997916927,0.9987502604,0,0,1.525750201,1.649336143,-1.110860488,1.470743003,-0.4849888962,0.5222195869,0.5120563843,-1.42965165,1.542921928,1.374380296,1.906467197,-0.7017611735,-0.25536344,0.01222673227,-0.03346064481,0,0.1644560621,-0.06471797351,-0.2053817664,0.2289343446,0.1202442964,0.03079478538,-5.637153322e-06,0.01688428654,0.09578166756,-0.2585660681,-0.01935556467,0.2525850017,0.009010889787,0.005408456261,0.005408456261,0,0,0.125,0.3999999881,0
7.21,0.7719906709,-0.02814034285,0.2624468206,0.009637238048,0,1,0.04997916927,0.9987502604,0,0,1.525415595,1.649336143,-1.109215928,1.470095823,-0.4870427139,0.5245089303,0.5132588272,-1.429343702,1.542921871,1.374549139,1.907425014,-0.7043468342,-0.2555569957,0.01475258229,-0.03322334782,0,0.161908308,-0.06350298442,-0.2018626759,0.225308493,0.1180351043,0.03047649966,-6.35660371e-06,0.01627997,0.09402908852,-0.2540663352,-0.01847865546,0.2483114923,0.009011065184,0.005411097226,0.005411097226,0,0,0.125,0.3999999881,0
7.22,0.7745924124,-0.02804478172,0.2578926029,0.009474669768,0,1,0.04997916927,0.9987502604,0,0,1.525083361,1.649336143,-1.107596845,1.469460793,-0.4890613406,0.5267620152,0.5144391783,-1.429038937,1.542921808,1.374711939,1.908365305,-0.7068874975,-0.2557417822,0.01723569721,-0.03296125636,0,0.1593136383,-0.0622788473,-0.1983025851,0.2216212786,0.1158105621,0.03014008342,-7.04176617e-06,0.01568845113,0.09226397377,-0.2495172284,-0.01762697917,0.2439832838,0.009011239339,0.005413656966,0.005413656966,0,0,0.13,0.3999999881,0
7.23,0.7771483497,-0.02795085564,0.253286404,0.009310245953,0,1,0.04997916927,0.9987502604,0,0,1.524753749,1.649336143,-1.106003708,1.468838005,-0.4910443665,0.528978228,0.5155972839,-1.428737536,1.542921737,1.374868823,1.909287944,-0.7093826698,-0.255918052,0.01967553005,-0.03267472461,0,0.1566737247,-0.06104627221,-0.1947034748,0.2178750163,0.1135717666,0.02978590952,-7.686359682e-06,0.01510988193,0.09048728619,-0.2449214759,-0.01680061161,0.2396030768,0.009011412122,0.005416136679,0.005416136679,0,0,0.13,0.3999999881,0
7.24,0.7796579759,-0.02785858268,0.2486308411,0.009144060035,0,1,0.04997916927,0.9987502604,0,0,1.524427002,1.649336143,-1.104436971,1.468227542,-0.4929914012,0.5311569782,0.5167330016,-1.428439677,1.54292166,1.375019922,1.910192817,-0.7118318845,-0.2560860581,0.02207156082,-0.03236413301,0,0.1539902436,-0.05980595293,-0.1910673069,0.2140720212,0.111319791,0.0294143664,-8.29002369e-06,0.01454438063,0.08869996676,-0.2402817632,-0.01599958495,0.2351735387,0.009011583406,0.005418537616,0.005418537616,0,0,0.13,0.3999999881,0
7.25,0.7821208106,-0.02776798,0.2439285045,0.00897620447,0,1,0.04997916927,0.9987502604,0,0,1.52410336,1.649336143,-1.102897068,1.467629482,-0.4949020743,0.5332976984,0.5178461995,-1.428145534,1.542921577,1.375165366,1.911079817,-0.7142347022,-0.256246054,0.0244232962,-0.03202988733,0,0.1512648755,-0.05855856699,-0.187396025,0.2102146074,0.1090556854,0.02902585617,-8.852509392e-06,0.01399203766,0.08690293481,-0.2356007379,-0.01522388514,0.230697309,0.009011144051,0.005420861059,0.005420861059,0,0,0.13,0.3999999881,0
7.26,0.7845363987,-0.02767906385,0.2391819568,0.008806770738,0,1,0.04997916927,0.9987502604,0,0,1.523783061,1.649336143,-1.10138442,1.467043897,-0.4967760346,0.5353998445,0.5189367563,-1.427855275,1.542921489,1.375305286,1.911948846,-0.7165907096,-0.2563982928,0.02673026929,-0.03167241776,0,0.1484993045,-0.05730477585,-0.1836915539,0.2063050881,0.1067804778,0.02862079389,-9.373674104e-06,0.01345291658,0.08509708835,-0.2308810094,-0.01447345362,0.2261769989,0.00901045226,0.005423108317,0.005423108317,0,0,0.13,0.3999999881,0
7.27,0.7869043108,-0.02759184954,0.2343937334,0.008635849344,0,1,0.04997916927,0.9987502604,0,0,1.523466337,1.649336143,-1.099899427,1.466470849,-0.4986129501,0.5374628954,0.5200045611,-1.427569067,1.542921395,1.375439815,1.912799817,-0.7188995197,-0.2565430274,0.02899203928,-0.03129217803,0,0.1456952171,-0.05604522497,-0.1799558001,0.2023457737,0.1044951742,0.02819960689,-9.853477523e-06,0.0129270549,0.08328330435,-0.2261251491,-0.01374818915,0.2216151899,0.00900976821,0.00542528072,0.00542528072,0,0,0.13,0.3999999881,0
7.28,0.7892241428,-0.02750635152,0.2295663426,0.008463529818,0,1,0.04997916927,0.9987502604,0,0,1.523153415,1.649336143,-1.098442475,1.465910397,-0.5004125081,0.5394863531,0.5210495129,-1.427287071,1.542921297,1.375569086,1.91363265,-0.7211607711,-0.2566805093,0.03120819118,-0.03088964443,0,0.1428543018,-0.05478054402,-0.1761906518,0.198338972,0.1022007596,0.027762734,-1.029197849e-05,0.01241446503,0.08146243909,-0.22133569,-0.01304794954,0.2170144346,0.009009092392,0.005427379618,0.005427379618,0,0,0.13,0.3999999881,0
7.29,0.7914955154,-0.02742258331,0.2247022649,0.008289900713,0,1,0.04997916927,0.9987502604,0,0,1.522844519,1.649336143,-1.097013932,1.465362591,-0.5021744146,0.5414697428,0.5220715205,-1.427009444,1.542921194,1.375693231,1.914447275,-0.723374128,-0.2568109887,0.03337833553,-0.03046531486,0,0.1399782482,-0.05351134701,-0.172397979,0.1942869868,0.09989819858,0.02731308786,-2.315563867e-05,0.0119041489,0.07963532848,-0.2165039892,-0.01238221934,0.2123659869,0.009008425287,0.005429406376,0.005429406376,0,0,0.13,0.3999999881,0
7.3,0.793718074,-0.02734055758,0.219803954,0.00811504961,0,1,0.04997916927,0.9987502604,0,0,1.522539866,1.649336143,-1.095614149,1.464827478,-0.5038983944,0.5434126127,0.5230705024,-1.426736313,1.542920962,1.375812272,1.915243628,-0.7255391679,-0.2569348109,0.0355019954,-0.03001970791,0,0.1370687462,-0.05223823247,-0.1685796332,0.1901921175,0.09758843568,0.02684366849,-1.069421389e-05,0.01142934678,0.07780278834,-0.2116662428,-0.0117215317,0.2077064819,0.009007767365,0.005431321172,0.005431321172,0,0,0.13,0.3999999881,0
7.31,0.7958914884,-0.02726028611,0.2148738359,0.007939063109,0,1,0.04997916927,0.9987502604,0,0,1.522239669,1.649336143,-1.094243462,1.464305095,-0.5055841907,0.5453145339,0.5240463868,-1.426467876,1.542920855,1.375926566,1.916021656,-0.7276558304,-0.2570520263,0.03757906022,-0.02955336183,0,0.1341274855,-0.05096178368,-0.164737448,0.1860566578,0.0952723961,0.02636247532,-1.100720783e-05,0.01095641078,0.07596561492,-0.2067908038,-0.01109512681,0.2030039006,0.009007119084,0.005433208949,0.005433208949,0,0,0.13,0.3999999881,0
7.32,0.7980154527,-0.02718177982,0.2099143093,0.007762026841,0,1,0.04997916927,0.9987502604,0,0,1.521944135,1.649336143,-1.092902187,1.463795478,-0.5072315652,0.5471751004,0.5249991108,-1.426204251,1.542920745,1.37603613,1.916781312,-0.7297237384,-0.2571629775,0.03960909922,-0.02906024808,0,0.1311386754,-0.04968256885,-0.1608658931,0.1818749236,0.09293423365,0.02586745425,-1.128709779e-05,0.01049655667,0.07412458506,-0.2018915087,-0.01049280971,0.1982722726,0.009006480891,0.005435028748,0.005435028748,0,0,0.13,0.3999999881,0
7.33,0.8000896845,-0.02710504879,0.2049277458,0.007584025456,0,1,0.04997916927,0.9987502604,0,0,1.521653533,1.649336143,-1.0915908,1.463298652,-0.5088402241,0.5489938497,0.5259284531,-1.425945577,1.542920632,1.376141095,1.917522558,-0.7317426535,-0.2572679056,0.04159182195,-0.02856075143,0,0.1281566171,-0.0484011414,-0.1569888983,0.1776731734,0.09062526777,0.02535908983,-1.152733504e-05,0.01004969102,0.07228045667,-0.1969707054,-0.009914254649,0.1935140034,0.009005853365,0.00543678194,0.00543678194,0,0,0.13,0.3999999881,0
7.34,0.8021139253,-0.02703010225,0.1999164895,0.007405142632,0,1,0.04997916927,0.9987502604,0,0,1.521367925,1.649336143,-1.090309234,1.462814641,-0.5104101131,0.5507705814,0.5268347058,-1.425691986,1.542920517,1.376241592,1.918245362,-0.7337123605,-0.2573670482,0.04352696198,-0.02803561058,0,0.1251302284,-0.04711804009,-0.1530860243,0.1734296536,0.08829578988,0.02483787538,-1.172847832e-05,0.009615694513,0.07043396909,-0.1920306978,-0.009359110919,0.1887314607,0.009005236642,0.005438469918,0.005438469918,0,0,0.13,0.3999999881,0
7.35,0.8040879397,-0.0269569486,0.1948828572,0.00722546107,0,1,0.04997916927,0.9987502604,0,0,1.521087569,1.649336143,-1.089057932,1.46234346,-0.5119409734,0.5525048779,0.5277176637,-1.425443607,1.5429204,1.376337749,1.918949702,-0.7356326675,-0.2574606393,0.04541427659,-0.02749205664,0,0.1220788083,-0.04583378939,-0.1491664584,0.1691546439,0.08596354266,0.02430431091,-1.189116134e-05,0.009194429142,0.06858584344,-0.1870737516,-0.008826999175,0.1839269807,0.009004631274,0.005440094071,0.005440094071,0,0,0.13,0.3999999881,0
7.36,0.8060115155,-0.02688559541,0.1898291384,0.007045062495,0,1,0.04997916927,0.9987502604,0,0,1.520812648,1.649336143,-1.087837143,1.461885122,-0.513432638,0.5541964244,0.5285772991,-1.425200564,1.542920281,1.376429693,1.91963556,-0.737503405,-0.2575489093,0.04725354639,-0.02693071572,0,0.1190040437,-0.04454889968,-0.1452319478,0.1648504043,0.08362937324,0.02375890243,-1.201608442e-05,0.008785739092,0.06673678304,-0.1821020951,-0.008317513115,0.1791028677,0.009004037659,0.005441655783,0.005441655783,0,0,0.13,0.3999999881,0
7.37,0.807884463,-0.02681604947,0.1847575953,0.006864027659,0,1,0.04997916927,0.9987502604,0,0,1.520543341,1.649336143,-1.086647103,1.461439633,-0.5148849574,0.5558449284,0.5294135928,-1.424962975,1.542920161,1.376517551,1.920302928,-0.739324426,-0.2576320844,0.04904457507,-0.0263522234,0,0.1159076057,-0.04326386754,-0.1412842168,0.1605191795,0.08129410176,0.02320216132,-1.210401077e-05,0.008389451685,0.06488747378,-0.1771179191,-0.007830221167,0.174261394,0.00900345618,0.005443156428,0.005443156428,0,0,0.13,0.3999999881,0
7.38,0.8097066154,-0.02674831672,0.1796704626,0.006682436337,0,1,0.04997916927,0.9987502604,0,0,1.520279819,1.649336143,-1.085488027,1.461006995,-0.5162977996,0.5574501202,0.5302265338,-1.424730953,1.54292004,1.376601445,1.920951803,-0.7410956052,-0.2577103866,0.05078718901,-0.02575722802,0,0.1127911593,-0.04197917601,-0.1373249713,0.1561632031,0.07895853253,0.02263702396,-2.446217993e-05,0.00799459066,0.06303858453,-0.1721124909,-0.007374392413,0.1693938485,0.009002887205,0.005444597371,0.005444597371,0,0,0.13,0.3999999881,0
7.39,0.8114778277,-0.02668240233,0.1745699479,0.006500367328,0,1,0.04997916927,0.9987502604,0,0,1.520022247,1.649336143,-1.084360115,1.460587203,-0.5176710493,0.5590117523,0.5310161192,-1.424504583,1.542919795,1.376681391,1.921582189,-0.7428167301,-0.2577841305,0.0524811275,-0.02514638964,0,0.1096563631,-0.04069529492,-0.1333558991,0.1517846967,0.07662345453,0.02205666818,-1.176218787e-05,0.007633680082,0.06119076748,-0.1671209594,-0.00692006984,0.1645356757,0.009002331092,0.00544593927,0.00544593927,0,0,0.13,0.3999999881,0
7.4,0.813197977,-0.0266183107,0.1694582314,0.006317898455,0,1,0.04997916927,0.9987502604,0,0,1.519770783,1.649336143,-1.083263552,1.46018025,-0.5190046083,0.5605295992,0.5317823537,-1.424284016,1.542919677,1.376757728,1.922194097,-0.7444879397,-0.2578533312,0.05412648425,-0.02452037901,0,0.1065048684,-0.03941268114,-0.1293786694,0.1473858695,0.07428964179,0.02146904101,-1.174071891e-05,0.007273412318,0.05934465865,-0.1621120018,-0.006496538408,0.1596554363,0.00900178818,0.0054472662,0.0054472662,0,0,0.13,0.3999999881,0
7.41,0.8148669622,-0.02655604544,0.1643374659,0.006135106568,0,1,0.04997916927,0.9987502604,0,0,1.519525579,1.649336143,-1.082198503,1.459786123,-0.520298395,0.5620034579,0.5325252501,-1.424069326,1.54291956,1.376830462,1.922787543,-0.7461090597,-0.2579182966,0.05572303862,-0.02387987663,0,0.1033383185,-0.03813177893,-0.1253949327,0.1429689172,0.07195785381,0.02087216938,-1.16944503e-05,0.006924698755,0.0575008782,-0.1570989118,-0.006093261886,0.1547665982,0.009001258796,0.005448537444,0.005448537444,0,0,0.13,0.3999999881,0
7.42,0.8164847033,-0.02649560939,0.1592097769,0.005952067541,0,1,0.04997916927,0.9987502604,0,0,1.51928678,1.649336143,-1.08116512,1.459404805,-0.5215523443,0.5634331471,0.5332448287,-1.423860604,1.542919443,1.376899709,1.923362552,-0.7476800488,-0.2579792292,0.0572707046,-0.02322557172,0,0.1001583481,-0.03685302021,-0.1214063214,0.1385360213,0.06962883598,0.02026658039,-1.16157612e-05,0.006587303738,0.05566003087,-0.1520837051,-0.005709700002,0.1498712813,0.009000743252,0.005449754276,0.005449754276,0,0,0.13,0.3999999881,0
7.43,0.8180511416,-0.02643700466,0.1540772627,0.005768856269,0,1,0.04997916927,0.9987502604,0,0,1.519054525,1.649336143,-1.080163536,1.459036275,-0.5227664075,0.5648185073,0.533941117,-1.423657939,1.542919327,1.376965582,1.923919152,-0.7492008859,-0.2580363262,0.05876941741,-0.02255816125,0,0.09696658207,-0.03557682491,-0.1174144489,0.1340893481,0.06730331994,0.01965280445,-1.150569497e-05,0.006260972658,0.05382270635,-0.1470683544,-0.005345303645,0.1449715659,0.009000241846,0.005450917972,0.005450917972,0,0,0.13,0.3999999881,0
7.44,0.8195662393,-0.0263802326,0.1489419941,0.005585546677,0,1,0.04997916927,0.9987502604,0,0,1.518828943,1.649336143,-1.079193871,1.458680507,-0.523940552,0.5661594008,0.5346141502,-1.42346141,1.542919212,1.377028192,1.924457379,-0.7506715694,-0.2580897793,0.06021913307,-0.02187174339,0,0.09374747448,-0.03430360125,-0.1134139146,0.1296230254,0.06496560137,0.0190313731,-1.136533616e-05,0.005945440392,0.05198947973,-0.1420547969,-0.004999509561,0.1400695004,0.008999754858,0.005452029791,0.005452029791,0,0,0.13,0.3999999881,0
7.45,0.8210299791,-0.02632529381,0.1438060147,0.005402211711,0,1,0.04997916927,0.9987502604,0,0,1.518610226,1.649336143,-1.078256396,1.458337471,-0.5250746912,0.567455631,0.5352638062,-1.423271097,1.542919098,1.377087646,1.924977274,-0.7520921174,-0.2581397744,0.06161982807,-0.02118700162,0,0.09055454492,-0.03303374615,-0.1094274706,0.1251634455,0.06266606881,0.01840525973,-2.363993983e-05,0.005629559285,0.0501609119,-0.1370339965,-0.004681687175,0.1351561361,0.0089992827,0.005453090964,0.005453090964,0,0,0.13,0.3999999881,0
7.46,0.822442364,-0.02627218821,0.1386713406,0.005218923342,0,1,0.04997916927,0.9987502604,0,0,1.518398356,1.649336143,-1.07735085,1.458007133,-0.5261689659,0.5687072655,0.5358904669,-1.423087044,1.542918862,1.377143942,1.925478883,-0.7534624573,-0.2581865912,0.06297138943,-0.02048453162,0,0.08733706816,-0.03176764542,-0.1054353182,0.1206882928,0.06035534522,0.01776757533,-1.050740126e-05,0.005346097584,0.04833754987,-0.1320410785,-0.004361034345,0.130266799,0.008998825333,0.00545406154,0.00545406154,0,0,0.13,0.3999999881,0
7.47,0.8238034169,-0.02622091495,0.1335399609,0.005035752566,0,1,0.04997916927,0.9987502604,0,0,1.51819351,1.649336143,-1.07647748,1.457689457,-0.5272233191,0.5699141484,0.5364940204,-1.422909368,1.542918757,1.377197403,1.925962259,-0.7547828681,-0.2582302016,0.06427405743,-0.01977179553,0,0.08411417095,-0.03050567419,-0.1014461632,0.1162078552,0.05805090407,0.01712636843,-1.027785421e-05,0.005061282994,0.04651992729,-0.127044184,-0.004067542412,0.1253696587,0.008998383139,0.005455026643,0.005455026643,0,0,0.13,0.3999999881,0
7.48,0.8251131807,-0.02617147253,0.1284138369,0.004852769403,0,1,0.04997916927,0.9987502604,0,0,1.517995792,1.649336143,-1.075636338,1.4573844,-0.5282377807,0.571076227,0.5370745294,-1.422738105,1.542918654,1.377248016,1.926427458,-0.75605331,-0.258270877,0.06552775401,-0.0190495205,0,0.0808874361,-0.02924819724,-0.09746153049,0.1117242199,0.0557534285,0.01647963413,-1.003369097e-05,0.004786109383,0.04470856477,-0.1220564799,-0.003790296313,0.1204780349,0.00899795634,0.005455944661,0.005455944661,0,0,0.135,0.3999999881,0
7.49,0.8263717176,-0.02612385871,0.1232949031,0.004670042899,0,1,0.04997916927,0.9987502604,0,0,1.517805297,1.649336143,-1.074827464,1.457091918,-0.529212396,0.5721934692,0.5376320637,-1.422573308,1.542918554,1.377295877,1.926874544,-0.7572738748,-0.25830878,0.06673253436,-0.01831842963,0,0.07765841706,-0.02799556926,-0.09348291951,0.1072394469,0.05346357483,0.01582789899,-9.764998521e-06,0.004520281728,0.04290397026,-0.1170797439,-0.003528674733,0.1155938281,0.008997545139,0.005456816682,0.005456816682,0,0,0.135,0.3999999881,0
7.5,0.8275791091,-0.02607807059,0.1181850662,0.004487641123,0,1,0.04997916927,0.9987502604,0,0,1.517622113,1.649336143,-1.074050879,1.456811962,-0.5301472252,0.5732658636,0.5381666995,-1.422415029,1.542918456,1.37734108,1.927303583,-0.7584446722,-0.2583440667,0.06788847264,-0.01757257008,0,0.07441144066,-0.02674813523,-0.08950487468,0.1027474576,0.05116552404,0.01517168964,-9.472986462e-06,0.004263489876,0.04110663949,-0.1121157115,-0.003282059483,0.1107188978,0.008997149727,0.005457643804,0.005457643804,0,0,0.135,0.3999999881,0
7.51,0.8287354556,-0.02603410458,0.1130862059,0.004305631169,0,1,0.04997916927,0.9987502604,0,0,1.517446387,1.649336143,-1.073306765,1.456544481,-0.5310422739,0.5742933382,0.5386783547,-1.422263312,1.542918361,1.377383714,1.92771465,-0.7595658293,-0.2583768873,0.06899566162,-0.01683293157,0,0.07120029064,-0.02550623082,-0.08554992487,0.09827490979,0.04890989794,0.01451398054,-2.166775781e-05,0.004004513471,0.03931705635,-0.1071551376,-0.003059900459,0.1058441247,0.008996770421,0.005458427092,0.005458427092,0,0,0.135,0.3999999881,0
7.52,0.829840876,-0.02599195644,0.1080001745,0.004124079156,0,1,0.04997916927,0.9987502604,0,0,1.517278058,1.649336143,-1.072594762,1.456289419,-0.5318977732,0.5752760873,0.5391674537,-1.422118173,1.542918145,1.37742376,1.92810782,-0.7606373807,-0.2584074863,0.07005410287,-0.01607975186,0,0.067973627,-0.02427018249,-0.08159819242,0.09379889472,0.04664676638,0.01384782389,-8.226518733e-06,0.003776274664,0.03753569316,-0.1022330688,-0.002830883317,0.1010046827,0.008996407087,0.005459126199,0.005459126199,0,0,0.135,0.3999999881,0
7.53,0.8308955079,-0.02595162126,0.1029287968,0.003943050227,0,1,0.04997916927,0.9987502604,0,0,1.51711726,1.649336143,-1.071915026,1.456046717,-0.5327137551,0.5762140763,0.5396339213,-1.421979694,1.542918062,1.377461522,1.928483177,-0.7616597114,-0.2584357952,0.07106414969,-0.01532064221,0,0.06475072236,-0.02304030807,-0.07765827519,0.08932976205,0.04439374955,0.01318132202,-7.864611651e-06,0.003544692819,0.03576301124,-0.09731724687,-0.002625532103,0.09616843495,0.008996060016,0.005459826869,0.005459826869,0,0,0.135,0.3999999881,0
7.54,0.8318995068,-0.02591309348,0.09787387051,0.00376260855,0,1,0.04997916927,0.9987502604,0,0,1.516964054,1.649336143,-1.071267519,1.455816314,-0.5334903379,0.5771073739,0.5400778588,-1.421847881,1.542917984,1.377496969,1.928840807,-0.7626328839,-0.2584620505,0.07202583404,-0.01455633006,0,0.06153307265,-0.02181691693,-0.07373158246,0.08486947279,0.04215146832,0.01251242464,-7.498727483e-06,0.003320855115,0.0339994611,-0.09242074158,-0.002432693839,0.09134858176,0.008995729334,0.005460486741,0.005460486741,0,0,0.135,0.3999999881,0
7.55,0.832853046,-0.02587636692,0.09283716587,0.003582817317,0,1,0.04997916927,0.9987502604,0,0,1.51681849,1.649336143,-1.070652188,1.455598145,-0.5342276537,0.5779560686,0.5404993735,-1.421722757,1.542917909,1.377530178,1.929180802,-0.7635570913,-0.2584863774,0.07293931986,-0.01378100612,0,0.0583053988,-0.02060031034,-0.06981280255,0.08041201517,0.03990450875,0.01184163796,-7.115670297e-06,0.003104448521,0.03224548289,-0.08754514519,-0.002251728529,0.08654684261,0.008995415154,0.005461106707,0.005461106707,0,0,0.135,0.3999999881,0
7.56,0.8337563166,-0.02584143476,0.08782042585,0.003403738745,0,1,0.04997916927,0.9987502604,0,0,1.51668068,1.649336143,-1.070069134,1.455392142,-0.5349257817,0.5787601888,0.5408984186,-1.421604341,1.542917837,1.377561222,1.929503257,-0.7644325427,-0.2585088947,0.07380478829,-0.01301527439,0,0.05512017477,-0.01939078185,-0.06592371161,0.07598349301,0.03770225381,0.01117191579,-1.923229822e-05,0.002884250489,0.03050150672,-0.08268108407,-0.00209213559,0.08175398947,0.008995117713,0.005461687673,0.005461687673,0,0,0.135,0.3999999881,0
7.57,0.8346095268,-0.02580828956,0.08282536606,0.003225434075,0,1,0.04997916927,0.9987502604,0,0,1.516550528,1.649336143,-1.069517932,1.455198234,-0.5355850188,0.5795200237,0.5412754411,-1.421492621,1.542917645,1.377590065,1.929808272,-0.7652593536,-0.2585298161,0.07462232818,-0.01223964977,0,0.05192700188,-0.0181886174,-0.06204491091,0.071561219,0.03549571981,0.01049626345,-5.564208516e-06,0.002693268138,0.02876795299,-0.07786349896,-0.001922321414,0.07700503639,0.008994836803,0.005462189105,0.005462189105,0,0,0.135,0.3999999881,0
7.58,0.8354129019,-0.02577692329,0.07785367482,0.003047963573,0,1,0.04997916927,0.9987502604,0,0,1.516428131,1.649336143,-1.068998662,1.455016348,-0.5362054679,0.5802356359,0.5416303983,-1.421387659,1.542917589,1.377616997,1.930095951,-0.7660379886,-0.2585490393,0.07539237855,-0.01145497295,0,0.04872769693,-0.01699409583,-0.05817792136,0.06714721141,0.03328586709,0.009822810908,-5.126655567e-06,0.002497204471,0.02704523282,-0.07305981978,-0.001773214542,0.07226759093,0.008994572636,0.005462697109,0.005462697109,0,0,0.135,0.3999999881,0
7.59,0.8361666838,-0.02574732731,0.07290701309,0.002871386529,0,1,0.04997916927,0.9987502604,0,0,1.516313581,1.649336143,-1.068511385,1.454846407,-0.5367872472,0.580907108,0.541963257,-1.421289431,1.542917538,1.37764197,1.930366404,-0.7667685868,-0.2585667714,0.07611505445,-0.01068237474,0,0.04557594275,-0.01580748916,-0.05434488565,0.06276816612,0.03112325411,0.009149456677,-4.695713351e-06,0.00230725116,0.02533374824,-0.06828305846,-0.001633507361,0.06755477445,0.008994325408,0.005463168673,0.005463168673,0,0,0.135,0.3999999881,0
7.6,0.836871131,-0.02571949239,0.06798701451,0.00269576126,0,1,0.04997916927,0.9987502604,0,0,1.516206758,1.649336143,-1.068055626,1.454688332,-0.537330696,0.5815347897,0.5422744896,-1.421197936,1.542917491,1.377665042,1.930619741,-0.7674514173,-0.2585831065,0.0767906022,-0.009901737696,0,0.042419843,-0.01462906268,-0.05052584967,0.05840056324,0.02895749915,0.008479131776,-1.679690491e-05,0.002112190822,0.02363389263,-0.06352373841,-0.001512751978,0.06285726397,0.008994094857,0.005463604512,0.005463604512,0,0,0.135,0.3999999881,0
7.61,0.8375265183,-0.02569340872,0.06309528542,0.002521145103,0,1,0.04997916927,0.9987502604,0,0,1.51610774,1.649336143,-1.067631427,1.454542041,-0.5378359545,0.5821187953,0.5425640646,-1.421113145,1.542917323,1.377686164,1.93085608,-0.7680866547,-0.258598234,0.07741917484,-0.00911422469,0,0.03926202228,-0.01345907544,-0.0467226115,0.0540467594,0.02679036381,0.007804767784,-2.875166993e-06,0.001945242291,0.02194605092,-0.0588168637,-0.001379063,0.05821009948,0.008993881156,0.005463963864,0.005463963864,0,0,0.135,0.3999999881,0
7.62,0.8381331362,-0.02566906594,0.05823340481,0.002347594424,0,1,0.04997916927,0.9987502604,0,0,1.516016598,1.649336143,-1.067238807,1.45440745,-0.5383031806,0.5826592629,0.5428319682,-1.421035097,1.542917295,1.377705616,1.931075541,-0.7686748234,-0.2586120246,0.07800127583,-0.008340689933,0,0.03615534989,-0.01229778054,-0.04295688821,0.04973306613,0.02467165577,0.007134553312,-2.399964938e-06,0.001771752509,0.02027060004,-0.05412941953,-0.001263857346,0.05358047522,0.008993684453,0.005464333517,0.005464333517,0,0,0.135,0.3999999881,0
7.63,0.8386912911,-0.0256464531,0.05340292433,0.00217516461,0,1,0.04997916927,0.9987502604,0,0,1.515933191,1.649336143,-1.066877254,1.454284473,-0.5387327495,0.5831565935,0.5430786847,-1.420963752,1.542917271,1.377723334,1.931278247,-0.7692161176,-0.2586246632,0.07853708059,-0.007554463783,0,0.03303132893,-0.01114542514,-0.03920217394,0.04542792767,0.02253516113,0.006466320644,-1.942211392e-06,0.001603091723,0.01860790906,-0.04947446583,-0.001155655224,0.04898154291,0.008993504447,0.005464669626,0.005464669626,0,0,0.135,0.3999999881,0
7.64,0.8392013045,-0.02562555873,0.04860536834,0.002003910076,0,1,0.04997916927,0.9987502604,0,0,1.515857647,1.649336143,-1.06654694,1.454173018,-0.5391247712,0.5836108728,0.5433040364,-1.420899088,1.542917251,1.377739365,1.931464326,-0.7697108622,-0.2586362198,0.07902689601,-0.006783878062,0,0.029961882,-0.01000225108,-0.03548769976,0.04116672621,0.02044892579,0.005802781998,-1.306042703e-05,0.001428903225,0.01695833959,-0.04484327391,-0.001063274981,0.04440472647,0.008993341409,0.005464972756,0.005464972756,0,0,0.135,0.3999999881,0
7.65,0.8396635132,-0.0256063708,0.04384223385,0.001833884258,0,1,0.04997916927,0.9987502604,0,0,1.515789808,1.649336143,-1.066247321,1.454072996,-0.5394796482,0.5840225401,0.5435085256,-1.420841061,1.542917121,1.377753654,1.931633909,-0.770159295,-0.2586468525,0.07947094328,-0.006001766673,0,0.02687732795,-0.00886849478,-0.03178651142,0.03691726383,0.01834563157,0.005137358391,1.580233056e-07,0.001280101893,0.01532224592,-0.0402683976,-0.0009569456784,0.03988259217,0.008993195004,0.005465205196,0.005465205196,0,0,0.135,0.3999999881,0
7.66,0.8400782688,-0.02558887677,0.03911499054,0.00166513962,0,1,0.04997916927,0.9987502604,0,0,1.51572979,1.649336143,-1.065978548,1.453984311,-0.5397975134,0.5843917127,0.5436919819,-1.420789687,1.542917122,1.377766455,1.931787132,-0.7705619789,-0.258656422,0.0798697692,-0.005236478559,0,0.0238495745,-0.007744387803,-0.02812776754,0.03271491392,0.01629333384,0.004480101858,-1.146216972e-05,0.001113641083,0.01369997546,-0.03570832495,-0.0008760946977,0.03537388693,0.008993065478,0.005465448045,0.005465448045,0,0,0.135,0.3999999881,0
7.67,0.8404459374,-0.02557306357,0.03442508078,0.001497727647,0,1,0.04997916927,0.9987502604,0,0,1.515677425,1.649336143,-1.065740052,1.453906867,-0.540078791,0.5847188619,0.5438549153,-1.420744886,1.542917007,1.377777591,1.931924131,-0.7709190622,-0.2586651829,0.08022350807,-0.004461325428,0,0.02081023263,-0.006630156779,-0.02448503955,0.02852802432,0.01422597885,0.003821558323,2.612185113e-06,0.0009731493076,0.01209186879,-0.03120826775,-0.0007790639669,0.03092378067,0.008992952469,0.005465619649,0.005465619649,0,0,0.135,0.3999999881,0
7.68,0.8407668996,-0.02555891761,0.0297739196,0.001331698852,0,1,0.04997916927,0.9987502604,0,0,1.515632812,1.649336143,-1.06553195,1.453840565,-0.5403236414,0.5850041421,0.5439971751,-1.42070667,1.542917034,1.377787323,1.93204505,-0.7712311449,-0.2586729736,0.08053274588,-0.003697153145,0,0.01781206323,-0.005526023918,-0.02087985651,0.02438280265,0.01219334465,0.003172155545,-8.810575269e-06,0.0008138494238,0.01049826012,-0.02672493077,-0.0007069756522,0.02648924949,0.008992856188,0.005465805552,0.005465805552,0,0,0.135,0.3999999881,0
7.69,0.8410415496,-0.02554642481,0.02516289471,0.001167102769,0,1,0.04997916927,0.9987502604,0,0,1.515595841,1.649336143,-1.065353829,1.453785305,-0.54053244,0.5852479701,0.5441191085,-1.420674949,1.542916945,1.377795461,1.932150033,-0.7714983942,-0.2586800433,0.08079763837,-0.002938121097,0,0.01483982803,-0.004432207008,-0.01730681317,0.02027294804,0.01018021794,0.002522289431,5.48439143e-06,0.0006799657541,0.008919477276,-0.02230405088,-0.0006176137471,0.02211597155,0.0089927764,0.005465921865,0.005465921865,0,0,0.135,0.3999999881,0
7.7,0.8412702958,-0.02553557061,0.02059336649,0.00100398796,0,1,0.04997916927,0.9987502604,0,0,1.515566459,1.649336143,-1.065205431,1.453740983,-0.5407055081,0.5854506996,0.5442209107,-1.420649726,1.542917,1.377802261,1.932239227,-0.7717214347,-0.2586862195,0.08101879809,-0.002184896836,0,0.0118948853,-0.003348919718,-0.01376706427,0.0162000681,0.008187266595,0.001882141464,-4.533285192e-06,0.0005277519147,0.00735584215,-0.01790331015,-0.000551204908,0.01776189954,0.008992712993,0.005466054161,0.005466054161,0,0,0.135,0.3999999881,0
7.71,0.8414535597,-0.02552633996,0.01606666799,0.0008424020102,0,1,0.04997916927,0.9987502604,0,0,1.51554461,1.649336143,-1.065086482,1.453707494,-0.5408431788,0.5856127003,0.5443027834,-1.420630905,1.542916955,1.377807538,1.932312786,-0.7719004678,-0.2586917315,0.08119641708,-0.001431484606,0,0.008961647799,-0.002276371751,-0.01025505887,0.01215764086,0.006198974735,0.001244814927,-1.58950646e-06,0.0003893281874,0.005807670712,-0.01355626742,-0.0004768968518,0.01346056919,0.008992665841,0.005466122419,0.005466122419,0,0,0.135,0.3999999881,0
7.72,0.8415917763,-0.02551871732,0.01158410494,0.0006823915281,0,1,0.04997916927,0.9987502604,0,0,1.515530296,1.649336143,-1.064996866,1.45368473,-0.5409457294,0.5857342767,0.5443647731,-1.420618456,1.542916939,1.377811432,1.932370862,-0.7720360304,-0.2586965005,0.08133102278,-0.0006933469618,0,0.006079147589,-0.001214769107,-0.006786812159,0.008165259463,0.004252056262,0.000615297815,-9.250045463e-06,0.0002439612367,0.004275273352,-0.009243570432,-0.0004134017605,0.009192807467,0.008992634948,0.005466169949,0.005466169949,0,0,0.135,0.3999999881,0
7.73,0.8416853932,-0.02551268672,0.007146955756,0.0005240021482,0,1,0.04997916927,0.9987502604,0,0,1.515523362,1.649336143,-1.064936074,1.453672583,-0.5410135975,0.5858159293,0.5444072937,-1.420612303,1.542916847,1.377813871,1.932413615,-0.7721284662,-0.2587006345,0.08142295085,3.928498691e-05,0,0.003222214931,-0.0001643141222,-0.003352961599,0.004211777121,0.002321866943,-1.183282481e-05,2.123252218e-06,0.0001171479716,0.002758954947,-0.004992084443,-0.0003361026543,0.004985472126,0.008992619985,0.00546616205,0.00546616205,0,0,0.135,0.3999999881,0
7.74,0.8417348709,-0.02550823173,0.002756471496,0.000367278529,0,1,0.04997916927,0.9987502604,0,0,1.515523755,1.649336143,-1.064903852,1.453670939,-0.5410471271,0.5858580471,0.5444305123,-1.420612422,1.542916868,1.377815043,1.932441205,-0.772178387,-0.2587039955,0.08147280557,0.0007701869491,0,0.0003809525138,0.0008747942825,4.982863732e-05,0.0002933300581,0.0003983785202,-0.000630650657,4.061693648e-06,-1.608581952e-05,0.001259015145,-0.000778153882,-0.0002677422484,0.0008150994625,0.008992620833,0.005466162082,0.005466162082,0,0,0.135,0.3999999881,0
7.75,0.8417406822,-0.02550533545,-0.001586124086,0.0002122643539,0,1,0.04997916927,0.9987502604,0,0,1.515531457,1.649336143,-1.064900043,1.453679687,-0.5410466288,0.5858609804,0.5444344961,-1.420618728,1.542916908,1.377814882,1.932453795,-0.7721861685,-0.2587066729,0.08148095657,0.0004865283196,-0.001743533144,0.0001320194858,0.001902375889,0.002403474591,-0.002356038649,0.0009443806498,-0.001534865861,0.001500836294,0.001150777709,-0.0002242518879,0.002089967812,0.001017853031,-0.002015201177,0.008992637455,0.005466139171,0.005466139171,0,0,0.135,0.3999999881,0
7.76,0.8417033121,-0.0255039806,-0.005879634567,5.900233053e-05,0,1,0.04997916927,0.9987502604,0,0,1.515536322,1.649318708,-1.064898723,1.453698711,-0.5410225941,0.58583742,0.5444439399,-1.420634077,1.542931917,1.37782639,1.932451552,-0.7721652689,-0.2586964944,0.08146080455,0.0001414609914,-0.003707343865,5.028063887e-05,0.002918239883,0.004664948174,-0.004896458749,0.001641039361,-0.00249780765,0.003334952582,0.002612036032,-0.001690556312,0.004617010878,0.00257768034,-0.004505898844,0.00899251628,0.00547104062,0.00547104062,0,0,0.135,0.3999999881,1.743533144e-05
7.77,0.8416232571,-0.02550414943,-0.01012289085,-9.246580891e-05,0,1,0.04997916927,0.9987502604,0,0,1.515537737,1.649281634,-1.06489822,1.453727893,-0.5409759446,0.5857884554,0.5444603503,-1.420659055,1.542965266,1.37785251,1.932434647,-0.7721190987,-0.2586707176,0.08141574557,-0.0002055198218,-0.005596400333,-1.555663651e-05,0.003922180918,0.006893087293,-0.007399835876,0.002343118748,-0.003448813527,0.005147013368,0.004055342281,-0.003139613496,0.007114138028,0.004118977139,-0.00696667754,0.008992239406,0.005481983219,0.005481983219,0,0,0.135,0.3999999881,5.450877009e-05
7.78,0.8415010256,-0.0255058238,-0.01431475118,-0.0002420993076,0,1,0.04997916927,0.9987502604,0,0,1.515535681,1.64922567,-1.064898375,1.453767115,-0.5409070137,0.585714457,0.5444837815,-1.420693543,1.543016736,1.377893064,1.932403251,-0.7720479574,-0.2586295278,0.08134607879,-0.0005485103044,-0.007462321526,-8.042044468e-05,0.004914010886,0.009092976894,-0.009872830845,0.003035853699,-0.004387457612,0.006936839742,0.005480410031,-0.004571143449,0.009580382177,0.00564168798,-0.009396358618,0.008991812556,0.005498894464,0.005498894464,0,0,0.135,0.3999999881,0.0001104727734
7.79,0.8413371371,-0.02550898517,-0.01845410109,-0.0003898583841,0,1,0.04997916927,0.9987502604,0,0,1.515530196,1.649151047,-1.064899179,1.453816255,-0.5408160839,0.5856157287,0.54451414,-1.420737418,1.543086105,1.377947868,1.932357539,-0.7719521535,-0.258573111,0.0812521152,-0.0008875067496,-0.00930465467,-0.0001442301982,0.005893544822,0.01126379419,-0.01231492464,0.003718846764,-0.00531327581,0.00870398559,0.006886727394,-0.00598487082,0.01201503608,0.007145535286,-0.01179403181,0.00899123774,0.005521701338,0.005521701338,0,0,0.135,0.3999999881,0.0001850959887
7.8,0.8411321222,-0.02551361459,-0.02253985349,-0.0005357042326,0,1,0.04997916927,0.9987502604,0,0,1.515521321,1.649058001,-1.064900622,1.453875191,-0.540703446,0.5854925795,0.5445513285,-1.42079055,1.543173145,1.378016735,1.932297691,-0.7718320032,-0.2585016556,0.08113417489,-0.001222503632,-0.01112295698,-0.0002069084062,0.006860601578,0.01340474297,-0.01472560945,0.004391716029,-0.006225820298,0.0104480151,0.008273798287,-0.00738052476,0.0144174112,0.00863024537,-0.01415881522,0.008990517059,0.005550329421,0.005550329421,0,0,0.135,0.3999999881,0.0002781425354
7.81,0.8408865222,-0.02551969275,-0.02657094857,-0.0006795990226,0,1,0.04997916927,0.9987502604,0,0,1.515509096,1.648946771,-1.064902691,1.453943797,-0.5405693986,0.5853453234,0.5445952457,-1.420852809,1.543277625,1.378099473,1.932223885,-0.7716878291,-0.2584153531,0.08099258673,-0.001553493661,-0.01291679589,-0.0002683809728,0.007815002612,0.01551505311,-0.01710438714,0.005054094267,-0.007124659688,0.01216850269,0.00964114254,-0.008757838833,0.01678683774,0.01009554828,-0.01648985553,0.008989652699,0.005584702922,0.005584702922,0,0,0.135,0.3999999881,0.0003893721051
7.82,0.8406008889,-0.02552719994,-0.03054635389,-0.0008215058992,0,1,0.04997916927,0.9987502604,0,0,1.515493561,1.648817603,-1.064905375,1.454021947,-0.540414248,0.5851742795,0.5446457866,-1.420924055,1.54339931,1.378195884,1.932136307,-0.7715199607,-0.2583143977,0.08082768818,-0.001880467744,-0.01468574903,-0.0003285772356,0.008756571917,0.01759398072,-0.01945076916,0.005705629071,-0.008009379179,0.01386503294,0.01098829599,-0.01011655094,0.01912266472,0.01154117768,-0.01878632817,0.008988646931,0.005624744711,0.005624744711,0,0,0.135,0.3999999881,0.000518540064
7.83,0.8402757841,-0.02553611612,-0.03446506429,-0.0009613889827,0,1,0.04997916927,0.9987502604,0,0,1.515474757,1.648670746,-1.06490866,1.454109513,-0.5402383082,0.5849797718,0.5447028429,-1.421004149,1.54353796,1.378305767,1.932035141,-0.771328734,-0.2581989859,0.0806398249,-0.002203414952,-0.0164294042,-0.000387430001,0.009685135952,0.01964080834,-0.02176427641,0.006345982964,-0.008879580681,0.01553720056,0.01231481056,-0.01145640323,0.02142425998,0.01296687072,-0.02104743748,0.008987502105,0.005670376344,0.005670376344,0,0,0.135,0.3999999881,0.0006653975543
7.84,0.8399117798,-0.02554642086,-0.03832610197,-0.001099213369,0,1,0.04997916927,0.9987502604,0,0,1.515452722,1.648506452,-1.064912535,1.454206364,-0.5400419001,0.5847621291,0.5447663027,-1.421092945,1.543693332,1.378428915,1.931920577,-0.7711144914,-0.2580693172,0.08042935052,-0.002522322492,-0.01814735931,-0.0004448755714,0.01060052359,0.021654845,-0.02404443923,0.006974833499,-0.009734882922,0.01718461036,0.01362025434,-0.01277714209,0.02369101024,0.01437236796,-0.02327241686,0.008986220647,0.005721518099,0.005721518099,0,0,0.135,0.3999999881,0.0008296915964
7.85,0.8395094575,-0.02555809341,-0.04212851646,-0.00123494513,0,1,0.04997916927,0.9987502604,0,0,1.515427499,1.648324978,-1.064916984,1.454312369,-0.5398253517,0.5845216847,0.5448360511,-1.421190294,1.543865178,1.378565118,1.931792806,-0.7708775813,-0.2579255935,0.08019662635,-0.002837175682,-0.01983922238,-0.0005008537695,0.01150256609,0.02363542639,-0.02629079732,0.007591873332,-0.01057492153,0.01880687719,0.01490421165,-0.01407851805,0.0259223211,0.01575741329,-0.02546052881,0.008984805059,0.005778089,0.005778089,0,0,0.135,0.3999999881,0.001011165189
7.86,0.839069408,-0.02557111268,-0.04587138459,-0.001368551312,0,1,0.04997916927,0.9987502604,0,0,1.515399128,1.648126586,-1.064921992,1.454427395,-0.5395889974,0.5842587767,0.5449119698,-1.421296043,1.544053247,1.37871416,1.931652021,-0.7706183581,-0.2577680194,0.07994202107,-0.003147957938,-0.02150461151,-0.0005553079552,0.01239109703,0.02558191488,-0.02850289969,0.008196810283,-0.01139934911,0.02040362594,0.01616628305,-0.01536028577,0.02811761709,0.01712175387,-0.02761106509,0.008983257909,0.005840006851,0.005840006851,0,0,0.13,0.3999999881,0.001209557413
7.87,0.8385922313,-0.02558545724,-0.04955381053,-0.001499999937,0,1,0.04997916927,0.9987502604,0,0,1.515367648,1.64791154,-1.064927545,1.454551306,-0.5393331783,0.5839737477,0.5449939379,-1.421410036,1.544257283,1.378875823,1.931498418,-0.770337182,-0.2575968018,0.07966591041,-0.003454650761,-0.02314315489,-0.0006081850384,0.01326595232,0.02749369963,-0.03068030465,0.008789367372,-0.01220783526,0.02197449149,0.01740608542,-0.01662220402,0.03027634166,0.0184651401,-0.02972334669,0.008981581834,0.00590718826,0.00590718826,0,0,0.13,0.3999999881,0.001424603528
7.88,0.8380785362,-0.02560110538,-0.05317492578,-0.001629260004,0,1,0.04997916927,0.9987502604,0,0,1.515333101,1.647680108,-1.064933627,1.454683965,-0.5390582413,0.5836669446,0.5450818316,-1.421532115,1.544477028,1.379049884,1.931332196,-0.7700344185,-0.2574121504,0.07936867695,-0.003757233729,-0.02475449076,-0.0006594354862,0.01412697017,0.02937019657,-0.03282257977,0.009369282841,-0.01300006665,0.02351911877,0.01862325192,-0.01786403566,0.03239795719,0.01978732559,-0.03179672396,0.008979779533,0.005979548673,0.005979548673,0,0,0.13,0.3999999881,0.001656035077
7.89,0.8375289399,-0.02561803505,-0.05673388917,-0.001756301485,0,1,0.04997916927,0.9987502604,0,0,1.515295529,1.647432563,-1.064940221,1.454825235,-0.5387645393,0.5833387189,0.5451755244,-1.421662115,1.544712219,1.379236116,1.931153556,-0.769710439,-0.2572142772,0.07905070971,-0.004055684498,-0.02633826743,-0.0007090133252,0.01497399109,0.03121084842,-0.03492930189,0.009936310162,-0.01377574697,0.02503716268,0.01981743205,-0.01908554765,0.03448194503,0.02108806717,-0.03383057652,0.008977853765,0.006057002402,0.006057002402,0,0,0.13,0.3999999881,0.001903579985
7.9,0.8369440683,-0.02563622392,-0.06022988685,-0.001881095329,0,1,0.04997916927,0.9987502604,0,0,1.515254972,1.64716918,-1.064947311,1.454974975,-0.5384524308,0.5829894258,0.5452748875,-1.421799873,1.544962591,1.379434291,1.9309627,-0.7693656195,-0.2570033965,0.07871240394,-0.004349978806,-0.02789414328,-0.0007568761381,0.01580685789,0.03301512469,-0.03700005714,0.01049021802,-0.01453459696,0.02652828814,0.02098829159,-0.02028651101,0.03652780546,0.02236712488,-0.03582431333,0.008975807343,0.006139462652,0.006139462652,0,0,0.13,0.3999999881,0.002166962659
7.91,0.8363245547,-0.02565564937,-0.06366213228,-0.00200361346,0,1,0.04997916927,0.9987502604,0,0,1.515211472,1.646890239,-1.06495488,1.455133044,-0.5381222796,0.5826194253,0.5453797897,-1.421945219,1.545227874,1.379644173,1.930759835,-0.7690003415,-0.2567797252,0.07835416081,-0.00464009048,-0.02942178676,-0.0008029850567,0.01662541572,0.03478252165,-0.03903444092,0.01103079027,-0.01527635434,0.02799217008,0.02213551261,-0.02146670092,0.03853505768,0.023624262,-0.03777737261,0.008973643135,0.006226841552,0.006226841552,0,0,0.13,0.3999999881,0.002445904092
7.92,0.8356710407,-0.02567628851,-0.06702986629,-0.002123828778,0,1,0.04997916927,0.9987502604,0,0,1.515165072,1.646596021,-1.06496291,1.455299298,-0.5377744544,0.5822290809,0.5454900976,-1.422097982,1.545507796,1.379865529,1.930545168,-0.7686149909,-0.2565434826,0.07797638708,-0.004925991454,-0.03092087641,-0.0008473047483,0.01742951206,0.03651256222,-0.04103205799,0.01155782594,-0.01600077382,0.02942849349,0.02325879344,-0.02262589667,0.04050323985,0.02485924512,-0.03968922181,0.008971364058,0.006319050183,0.006319050183,0,0,0.13,0.3999999881,0.00274012196
7.93,0.8349841749,-0.02569811818,-0.07033235698,-0.002241715158,0,1,0.04997916927,0.9987502604,0,0,1.515115812,1.646286812,-1.064971383,1.455473593,-0.5374093287,0.5818187603,0.5456056758,-1.42225799,1.545802081,1.380098117,1.930318909,-0.7682099585,-0.2562948902,0.07757949487,-0.005207651785,-0.03239110088,-0.0008898033987,0.01821899678,0.03820479594,-0.04299252248,0.01207113908,-0.01670762697,0.0308369534,0.02435784861,-0.02376388173,0.04243190904,0.02607184416,-0.0415593575,0.008968973073,0.00641599861,0.00641599861,0,0,0.13,0.3999999881,0.003049330724
7.94,0.8342646133,-0.02572111497,-0.07356889983,-0.00235724745,0,1,0.04997916927,0.9987502604,0,0,1.515063735,1.645962901,-1.064980281,1.455655783,-0.5370272808,0.581388835,0.5457263872,-1.422425066,1.54611045,1.380341695,1.93008127,-0.7677856394,-0.2560341717,0.07716390129,-0.005485039678,-0.03383215893,-0.0009304526902,0.01899372218,0.03985879886,-0.04491545794,0.01257055876,-0.01739670218,0.03221725494,0.02543240878,-0.02488044378,0.04432064119,0.02726183247,-0.04338730531,0.008966473185,0.006517595908,0.006517595908,0,0,0.13,0.3999999881,0.003373241733
7.95,0.833513019,-0.0257452552,-0.07673881762,-0.00247040148,0,1,0.04997916927,0.9987502604,0,0,1.515008885,1.64562458,-1.064989586,1.45584572,-0.5366286928,0.5809396805,0.5458520928,-1.422599033,1.546432623,1.380596019,1.929832466,-0.767342433,-0.2557615534,0.07673002824,-0.005758121517,-0.03524375948,-0.0009692277747,0.01975354302,0.04147417339,-0.04680049743,0.01305592896,-0.01806780455,0.03356911337,0.02648222071,-0.0259753748,0.04616903113,0.02842898691,-0.0451726198,0.008963867437,0.006623750194,0.006623750194,0.01,0,0.13,0.3999999881,0.003711563322
7.96,0.8327300612,-0.02577051499,-0.07984146045,-0.002581154049,0,1,0.04997916927,0.9987502604,0,0,1.514951303,1.645272142,-1.064999278,1.456043255,-0.5362139511,0.5804716755,0.5459826521,-1.422779711,1.546768314,1.380860841,1.929572712,-0.7668807427,-0.2554772635,0.07627830204,-0.006026861897,-0.03662562165,-0.001006107243,0.02049831659,0.04305054819,-0.0486472836,0.01352710842,-0.01872075574,0.03489225413,0.02750704714,-0.02704847108,0.04797669254,0.02957308792,-0.0469148843,0.008961158908,0.006734368654,0.006734368654,0.01,0.005,0.13,0.3999999881,0.004064000917
7.97,0.8319164161,-0.02579687021,-0.08287620576,-0.002689482935,0,1,0.04997916927,0.9987502604,0,0,1.514891035,1.644905886,-1.065009339,1.456248239,-0.5357834456,0.5799852027,0.5461179232,-1.422966919,1.547117236,1.381135912,1.929302227,-0.7664009758,-0.2551815327,0.0758091532,-0.006291223664,-0.03797747474,-0.001041073087,0.02122790278,0.04458757801,-0.05045546873,0.01398397056,-0.01935539389,0.03618641284,0.02850666676,-0.02809953333,0.04974325788,0.03069391969,-0.0486137108,0.008958350709,0.006849357576,0.006849357576,0.01,0.005,0.125,0.3999999881,0.004430257133
7.98,0.8310727654,-0.0258242965,-0.08584245832,-0.00279536689,0,1,0.04997916927,0.9987502604,0,0,1.514828123,1.644526111,-1.06501975,1.456460518,-0.5353375698,0.579480648,0.5462577629,-1.423160473,1.547479101,1.381420978,1.929021232,-0.7659035432,-0.2548745935,0.07532301609,-0.006551167957,-0.03929905833,-0.001074110665,0.02194216414,0.04608494349,-0.05222471491,0.01442640331,-0.01997157345,0.03745133542,0.02948087401,-0.02912836674,0.05146837842,0.03179127023,-0.05026873974,0.008955445979,0.006968622379,0.006968622379,0.01,0.005,0.125,0.3999999881,0.00481003188
7.99,0.8301997971,-0.02585276933,-0.08873965021,-0.002898785641,0,1,0.04997916927,0.9987502604,0,0,1.514762611,1.644133121,-1.065030491,1.456679939,-0.5348767204,0.5789584008,0.5464020269,-1.423360189,1.547853614,1.381715787,1.928729948,-0.7653888594,-0.2545566808,0.07482032869,-0.006806654255,-0.04059012228,-0.001105208653,0.02264096597,0.04754235096,-0.05395469408,0.01485430899,-0.02056916499,0.03868677808,0.03042947909,-0.03013478108,0.05315172412,0.03286493154,-0.05187963982,0.008952447885,0.007092067642,0.007092067642,0.01,0.005,0.125,0.3999999881,0.005203022464
8,0.8292982044,-0.02588226393,-0.09156724085,-0.002999719891,0,1,0.04997916927,0.9987502604,0,0,1.514694544,1.643727219,-1.065041543,1.456906349,-0.5344012969,0.5784188539,0.54655057,-1.42356588,1.548240482,1.382020082,1.9284286,-0.7648573422,-0.2542280314,0.07430153229,-0.007057640435,-0.04185042681,-0.001134358999,0.02332417642,0.04895953229,-0.05564508817,0.01526760411,-0.02114805506,0.03989250742,0.03135230775,-0.03111859079,0.05479298366,0.03391469973,-0.0534461078,0.008949359613,0.007219597136,0.007219597136,0.01,0.005,0.125,0.3999999881,0.005608923687
8.01,0.828368686,-0.02591275538,-0.09432471698,-0.00309815132,0,1,0.04997916927,0.9987502604,0,0,1.514623968,1.643308715,-1.065052887,1.457139591,-0.5339117015,0.577862403,0.5467032461,-1.423777361,1.548639407,1.382333605,1.928117415,-0.7643094123,-0.2538888845,0.07376707121,-0.007304082823,-0.04307974251,-0.00116155687,0.02399166654,0.05033624456,-0.05729558924,0.01566621919,-0.02170814599,0.04106830048,0.0322492012,-0.03207961506,0.05639186433,0.0349403752,-0.05496786827,0.008946184371,0.007351113856,0.007351113856,0.01,0.005,0.125,0.3999999881,0.006027427955
8.02,0.8274119454,-0.02594421856,-0.09701159268,-0.003194062581,0,1,0.04997916927,0.9987502604,0,0,1.514550927,1.642877918,-1.065064502,1.457379507,-0.5334083391,0.5772894471,0.5468599083,-1.423994442,1.54905009,1.382656097,1.927796618,-0.7637454937,-0.2535394807,0.07321739253,-0.007545936258,-0.04427785042,-0.001186800598,0.02464331041,0.05167226992,-0.0589058996,0.01605009861,-0.02224935566,0.04221394479,0.03312001596,-0.03301767797,0.05794809202,0.03594176279,-0.05644467343,0.008942925381,0.007486520049,0.007486520049,0.01,0.005,0.125,0.3999999881,0.00645822538
8.03,0.826428691,-0.02597662818,-0.09962740933,-0.003287437305,0,1,0.04997916927,0.9987502604,0,0,1.514475468,1.642435139,-1.06507637,1.45762594,-0.5328916164,0.5767003881,0.5470204092,-1.424216936,1.549472229,1.382987297,1.927466442,-0.7631660128,-0.2531800631,0.0726529458,-0.007783154158,-0.04544454206,-0.001210091623,0.02527898525,0.05296741525,-0.06047573196,0.01641920037,-0.02277161732,0.04332923845,0.03396462374,-0.03393260858,0.05946141116,0.03691867197,-0.05787630278,0.008939585878,0.007625717249,0.007625717249,0.01,0.005,0.125,0.3999999881,0.006901003884
8.04,0.8254196356,-0.0260099588,-0.1021717357,-0.003378260095,0,1,0.04997916927,0.9987502604,0,0,1.514397636,1.641980694,-1.065088471,1.45787873,-0.5323619422,0.5760956308,0.5471846013,-1.424444652,1.549905522,1.383326943,1.927127115,-0.7625713986,-0.2528108764,0.07207418277,-0.008015688589,-0.04657961953,-0.001231434422,0.02589857149,0.05422151193,-0.06200480957,0.01677349585,-0.02327487934,0.04441399022,0.03478291125,-0.03482424107,0.06093158461,0.03787091701,-0.05926256288,0.008936169107,0.007768606306,0.007768606306,0.015,0.005,0.12,0.3999999881,0.007355449305
8.05,0.824385496,-0.02604418482,-0.1046441677,-0.003466516533,0,1,0.04997916927,0.9987502604,0,0,1.514317479,1.641514898,-1.065100785,1.458137716,-0.5318197271,0.5754755827,0.5473523362,-1.424677401,1.550349661,1.383674773,1.926778873,-0.7619620828,-0.2524321672,0.07148155714,-0.008243490342,-0.04768289552,-0.001250836455,0.02650195293,0.05543441554,-0.0634928664,0.01711296965,-0.02375910495,0.04546801955,0.03557478005,-0.03569241486,0.06235839367,0.03879831718,-0.06060328707,0.008932678319,0.00791508742,0.00791508742,0.015,0.005,0.12,0.3999999881,0.0078212455
8.06,0.8233269931,-0.02607928053,-0.1070443289,-0.003552193174,0,1,0.04997916927,0.9987502604,0,0,1.514235044,1.641038069,-1.065113294,1.458402736,-0.531265383,0.574840654,0.5475234659,-1.424914992,1.550804342,1.38403052,1.926421949,-0.7613384989,-0.252044184,0.07087552427,-0.008466509006,-0.04875419341,-0.001268308085,0.02708901683,0.05660600557,-0.0649396473,0.0174376193,-0.02422427201,0.04649115667,0.0363401464,-0.03653697472,0.06374163796,0.03970069693,-0.06189833513,0.008929116768,0.008065060172,0.008065060172,0.015,0.005,0.12,0.3999999881,0.008298074455
8.07,0.8222448515,-0.02611522005,-0.1093718699,-0.00363527755,0,1,0.04997916927,0.9987502604,0,0,1.514150379,1.640550527,-1.065125977,1.458673626,-0.5306993229,0.5741912576,0.5476978421,-1.425157235,1.551269253,1.384393922,1.926056579,-0.7607010825,-0.251647177,0.07025654092,-0.008684693056,-0.0497933473,-0.001283862512,0.02765965405,0.05773618506,-0.06634490818,0.01774745502,-0.02467037276,0.0474832427,0.03707894107,-0.03735777095,0.06508113539,0.04057788613,-0.06314759302,0.008925487709,0.00821842356,0.00821842356,0.015,0.005,0.12,0.3999999881,0.008785616389
8.08,0.8211397989,-0.0261519774,-0.1116264687,-0.003715758168,0,1,0.04997916927,0.9987502604,0,0.5,1.514063532,1.640052593,-1.065138815,1.458950222,-0.5301219611,0.5735278085,0.5478753166,-1.425403938,1.551744086,1.384764711,1.925683001,-0.7600502711,-0.2512413982,0.06962506499,-0.008897989937,-0.05080020212,-0.001297515695,0.02821375914,0.05882488037,-0.06770841614,0.01804249949,-0.120262298,0.5613675118,0.4838668169,-0.03815297863,-0.378483464,0.4540998051,0.3821786619,0.008921794396,0.008375076029,0.008375076029,0.015,0.005,0.12,0.3999999881,0.009283549862
8.09,0.8200125662,-0.0261895265,-0.1138078307,-0.00379362451,0,1,0.05497227503,0.9984878812,0,0,1.513974553,1.639544591,-1.065151791,1.45923236,-0.5295337123,0.5728507243,0.5480557416,-1.426606561,1.557357761,1.389603379,1.925301472,-0.7638351058,-0.2467004001,0.07344685161,-0.009106346152,-0.05177461367,-0.001309286275,0.02875123051,0.05987204076,-0.06902994974,0.01832278753,-0.02529639489,0.04935198957,0.03851669386,-0.038927503,0.06761771187,0.04191757669,-0.06531783497,0.008918040073,0.01023990723,0.008918040073,0.015,0.015,0.12,0.3949999881,0.009791551883
8.1,0.8188638873,-0.02622784114,-0.1159156886,-0.003868867033,0,1,0.05497227503,0.9984878812,0,0,1.513883489,1.639026845,-1.065164883,1.459519872,-0.5289349918,0.5721604248,0.5482389695,-1.426859525,1.557851281,1.389988546,1.924912197,-0.7631589286,-0.2462812244,0.07279367326,-0.009309707361,-0.05271644869,-0.001319195495,0.02927197056,0.06087763806,-0.07030929912,0.01858836589,-0.02568188087,0.05024969596,0.03917673509,-0.03967616728,0.06882497345,0.04271215601,-0.06642607687,0.008914227981,0.01040305434,0.008914227981,0.015,0.015,0.12,0.3949999881,0.01030929802
8.11,0.8176944983,-0.02626689506,-0.1179498023,-0.003941477172,0,1,0.05497227503,0.9984878812,0,0,1.513790392,1.638499681,-1.065178075,1.459812592,-0.5283262155,0.5714573318,0.5484248532,-1.427116344,1.558353778,1.390380314,1.924515435,-0.7624706789,-0.2458541028,0.07212941249,-0.009508018471,-0.05362558493,-0.001327267114,0.02977588578,0.06184166636,-0.07154626624,0.01883929289,-0.02604855581,0.05111584023,0.03981006378,-0.04040052705,0.0699879582,0.04348114232,-0.0674884605,0.008910361347,0.01056918636,0.008910361347,0.02,0.015,0.115,0.3949999881,0.01083646251
8.12,0.8165051377,-0.02630666189,-0.1199099593,-0.004011447334,0,1,0.05497227503,0.9984878812,0,0,1.513695312,1.637963425,-1.065191348,1.460110351,-0.5277077988,0.5707418692,0.5486132461,-1.42737683,1.558864936,1.390778414,1.92411143,-0.7617707993,-0.2454192914,0.07145452788,-0.009701223746,-0.05450191126,-0.001333527324,0.03026288692,0.0627641416,-0.07274066505,0.01907563822,-0.02639647926,0.05195031894,0.04041667951,-0.04110046234,0.07110657395,0.04422439622,-0.06850499731,0.008906443385,0.0107381997,0.008906443385,0.02,0.015,0.115,0.3949999881,0.01137271836
8.13,0.8152965462,-0.02634711519,-0.1217959742,-0.004078770903,0,1,0.05497227503,0.9984878812,0,0,1.5135983,1.637418406,-1.065204683,1.46041298,-0.5270801574,0.5700144625,0.5488040025,-1.427640794,1.559384439,1.391182581,1.923700425,-0.7610597336,-0.2449770474,0.07076947791,-0.009889266903,-0.05534532769,-0.00133800466,0.03073288913,0.06364510124,-0.07389232174,0.01929748254,-0.02672572329,0.05275304001,0.04099659514,-0.04177585959,0.0721807463,0.04494178497,-0.06947572266,0.008902477291,0.01090999038,0.008902477291,0.02,0.015,0.115,0.3949999881,0.01191773747
8.14,0.8140694659,-0.02638822846,-0.1236076889,-0.004143442241,0,1,0.05497227503,0.9984878812,0,0,1.513499407,1.636864952,-1.065218063,1.460720308,-0.5264437064,0.5692755393,0.5489969773,-1.427908052,1.55991197,1.391592547,1.923282666,-0.7603379261,-0.2445276296,0.07007472068,-0.01007209123,-0.05615574549,-0.00134072991,0.03118581207,0.06448460384,-0.07500107487,0.01950491724,-0.02703637215,0.05352392271,0.04154983659,-0.04242661185,0.07321041856,0.04563318267,-0.07040069549,0.008898466246,0.0110844541,0.008898466246,0.02,0.015,0.115,0.3949999881,0.01247119075
8.15,0.8128246405,-0.02642997518,-0.1253449728,-0.00420545668,0,1,0.05497227503,0.9984878812,0,0,1.513398686,1.636303395,-1.065231471,1.461032167,-0.5257988603,0.5685255285,0.5491920265,-1.428178415,1.560447209,1.392008045,1.9228584,-0.7596058219,-0.2440712977,0.06937071373,-0.01024963967,-0.05693308722,-0.001341736026,0.03162158011,0.0652827287,-0.0760667757,0.01969804413,-0.02732852193,0.0542628978,0.04207644268,-0.04305261889,0.07419555166,0.04629847056,-0.07127999787,0.008894413405,0.01126148622,0.008894413405,0.02,0.015,0.115,0.3949999881,0.0130327482
8.16,0.8115628149,-0.02647232873,-0.1270077225,-0.004264810532,0,1,0.05497227503,0.9984878812,0,0,1.51329619,1.635734064,-1.065244888,1.461348382,-0.525146033,0.5677648608,0.5493890069,-1.428451701,1.560989838,1.39242881,1.922427874,-0.7588638664,-0.243608313,0.06865791375,-0.01042185499,-0.05767728688,-0.001341058026,0.03204012239,0.06603957547,-0.07708928828,0.01987697508,-0.02760228027,0.05496990758,0.04257646486,-0.04365378742,0.07513612404,0.0469375372,-0.07211373463,0.008890321902,0.01144098185,0.008890321902,0.02,0.015,0.11,0.3949999881,0.01360207907
8.17,0.8102847348,-0.02651526251,-0.128595862,-0.004321501084,0,1,0.05497227503,0.9984878812,0,0,1.513191971,1.635157291,-1.065258299,1.461668784,-0.5244856373,0.5669939679,0.5495877767,-1.428727723,1.561539537,1.392854575,1.921991336,-0.7581125052,-0.2431389377,0.0679367764,-0.01058867983,-0.05838828989,-0.001338732902,0.03244137305,0.06675526376,-0.07806848977,0.02004183173,-0.02785776594,0.05564490595,0.04304996701,-0.04423003123,0.07603213159,0.04755027873,-0.07290203296,0.008886194844,0.01162283587,0.008886194844,0.02,0.015,0.11,0.3949999881,0.01417885194
8.18,0.8089911465,-0.02655874987,-0.1301093426,-0.004375526595,0,1,0.05497227503,0.9984878812,0,0,1.513086084,1.634573408,-1.065271686,1.461993197,-0.5238180847,0.566213283,0.549788195,-1.429006301,1.562095986,1.393285074,1.921549036,-0.7573521839,-0.2426634349,0.06720775607,-0.01075005687,-0.05906605326,-0.001334799521,0.03282527132,0.06742993274,-0.07900427062,0.02019274513,-0.0280951086,0.05628785853,0.0434970252,-0.04478127136,0.07688358756,0.04813659909,-0.07364504195,0.008882035307,0.01180694294,0.008882035307,0.025,0.02,0.11,0.3949999881,0.01476273484
8.19,0.8076827969,-0.02660276415,-0.1315481429,-0.004426886304,0,1,0.05497227503,0.9984878812,0,0,1.512978584,1.633982748,-1.065285034,1.46232145,-0.5231437853,0.5654232403,0.5499901224,-1.429287252,1.562658865,1.393720044,1.921101223,-0.756583348,-0.2421820689,0.06647130566,-0.01090592893,-0.05971054561,-0.001329298527,0.03319176171,0.0680637407,-0.07989653478,0.02032985545,-0.02831444836,0.05689874265,0.04391772749,-0.0453074363,0.07769052246,0.04869641029,-0.0743429322,0.008877846341,0.0119931976,0.008877846341,0.025,0.02,0.11,0.3949999881,0.01535339537
8.2,0.8063604326,-0.02664727871,-0.1329122689,-0.004475580421,0,1,0.05497227503,0.9984878812,0,0,1.512869524,1.633385642,-1.065298327,1.462653368,-0.5224631479,0.564624275,0.550193421,-1.429570397,1.563227852,1.394159222,1.920648149,-0.7558064428,-0.2416951048,0.06572787633,-0.01105623913,-0.06032174725,-0.001322272244,0.03354079408,0.06865686472,-0.08074519995,0.02045331162,-0.02851593549,0.05747754748,0.04431217371,-0.04580846213,0.07845298395,0.04922963259,-0.0749958954,0.008873630959,0.01218149422,0.008873630959,0.025,0.02,0.11,0.3949999881,0.01595050083
8.21,0.8050248003,-0.02669226688,-0.1342017538,-0.004521610136,0,1,0.05497227503,0.9984878812,0,0,1.512758962,1.632782425,-1.06531155,1.462988776,-0.5217765793,0.563816823,0.5503979541,-1.429855556,1.563802627,1.394602343,1.920190064,-0.7550219129,-0.2412028085,0.06497791738,-0.01120093095,-0.0608996503,-0.001313764571,0.03387232388,0.06920950019,-0.08155019782,0.02056327098,-0.02869973004,0.05802427407,0.04468047518,-0.04628429274,0.07917103679,0.04973619477,-0.07560414385,0.008869392139,0.01237172713,0.008869392139,0.025,0.02,0.11,0.3949999881,0.0165537183
8.22,0.8036766461,-0.02673770204,-0.1354166582,-0.004564977612,0,1,0.05497227503,0.9984878812,0,0,1.512646953,1.632173428,-1.065324687,1.463327499,-0.5210844843,0.563001321,0.5506035868,-1.430142553,1.56438287,1.395049148,1.919727221,-0.7542302026,-0.2407054465,0.06422187594,-0.01133994842,-0.06144425872,-0.001303820886,0.03418631222,0.06972186044,-0.08231147424,0.02065989896,-0.02886600151,0.05853893543,0.04502275455,-0.04673487996,0.07984476273,0.05021603434,-0.07616791011,0.008865132824,0.0125637906,0.008865132824,0.025,0.02,0.105,0.3949999881,0.0171627148
8.23,0.8023167155,-0.02678355757,-0.1365570701,-0.004605685986,0,1,0.05497227503,0.9984878812,0,0,1.512533553,1.631558986,-1.065337726,1.463669362,-0.5203872657,0.5621782062,0.5508101858,-1.430431213,1.56496826,1.395499376,1.919259873,-0.7534317549,-0.2402032862,0.06346019684,-0.01147323624,-0.0619555884,-0.00129248794,0.03448272604,0.07019417633,-0.08302898954,0.02074336872,-0.02901492848,0.05902155655,0.0453391455,-0.04716018374,0.0804742604,0.05066909778,-0.07668744647,0.008860855916,0.01275757889,0.008860855916,0.025,0.02,0.105,0.3949999881,0.01777715739
8.24,0.8009457527,-0.02682980691,-0.1376231047,-0.004643739374,0,1,0.05497227503,0.9984878812,0,0,1.512418821,1.63093943,-1.06535065,1.464014189,-0.5196853239,0.5613479163,0.5510176195,-1.430721363,1.565558475,1.395952767,1.918788271,-0.7526270123,-0.2396965952,0.06269332237,-0.01160073988,-0.06243366724,-0.001279813755,0.03476153825,0.07062669583,-0.08370271865,0.02081386082,-0.02914669822,0.05947217449,0.04562979259,-0.04756017237,0.08105964525,0.05109534074,-0.07716302459,0.008856564278,0.01295298629,0.008856564278,0.03,0.02,0.105,0.3949999881,0.01839671328
8.25,0.7995645008,-0.02687642352,-0.1386149046,-0.004679142864,0,1,0.05497227503,0.9984878812,0,0,1.512302813,1.630315093,-1.065363449,1.464361805,-0.5189790569,0.5605108892,0.5512257581,-1.43101283,1.566153197,1.396409065,1.918312669,-0.7518164159,-0.2391856418,0.06192169213,-0.01172240576,-0.06287853524,-0.001265847526,0.03502272789,0.0710196836,-0.08433265143,0.02087156283,-0.02926150641,0.05989083844,0.04589485095,-0.0479348226,0.08160104943,0.05149472831,-0.077594935,0.008852260727,0.01314990719,0.008852260727,0.03,0.02,0.105,0.3949999881,0.01902104995
8.26,0.7981737015,-0.02692338095,-0.1395326397,-0.004711902522,0,1,0.05497227503,0.9984878812,0,0,1.512185589,1.629686308,-1.065376107,1.464712032,-0.5182688601,0.5596675626,0.5514344737,-1.431305445,1.566752105,1.396868014,1.917833321,-0.7510004054,-0.2386706945,0.06114574278,-0.01183818135,-0.06329024452,-0.001250639509,0.03526628022,0.07137342061,-0.08491879283,0.02091666906,-0.0293595567,0.06027760973,0.04613448612,-0.04828411983,0.0820986217,0.05186723516,-0.07798348673,0.00884794804,0.01334823607,0.00884794804,0.03,0.02,0.105,0.3949999881,0.0196498353
8.27,0.7967740943,-0.02697065278,-0.1403765072,-0.004742025389,0,1,0.05497227503,0.9984878812,0,0,1.512067208,1.629053405,-1.065388613,1.465064695,-0.5175551259,0.5588183747,0.5516436404,-1.43159904,1.567354881,1.397329359,1.91735048,-0.7501794192,-0.2381520221,0.06036590791,-0.01194801535,-0.06366885946,-0.001234240926,0.0354921869,0.07168820373,-0.08546116314,0.02094938012,-0.02944106043,0.06063256191,0.04634887376,-0.04860805833,0.08255252738,0.05221284583,-0.07832900678,0.008843628945,0.01354786757,0.008843628945,0.03,0.025,0.1,0.3949999881,0.02028273775
8.28,0.7953664168,-0.0270182127,-0.1411467317,-0.00476951948,0,1,0.05497227503,0.9984878812,0,0,1.511947727,1.628416717,-1.065400956,1.465419617,-0.5168382439,0.5579637631,0.5518531342,-1.431893451,1.567961207,1.397792847,1.916864399,-0.7493538939,-0.2376298937,0.05958261784,-0.01205185776,-0.06401445672,-0.001216703858,0.03570044609,0.07196434529,-0.08595979825,0.02096990264,-0.02950623621,0.06095578079,0.0465381995,-0.04890664132,0.08296294818,0.05253155488,-0.07863183977,0.008839306122,0.01374869653,0.008839306122,0.03,0.025,0.1,0.3949999881,0.02091942634
8.29,0.7939514043,-0.02706603444,-0.1418435651,-0.004794393786,0,1,0.05497227503,0.9984878812,0,0,1.511827209,1.627776572,-1.065413123,1.465776621,-0.5161186004,0.5571041651,0.5520628333,-1.432188513,1.568570765,1.398258229,1.916375333,-0.7485242644,-0.2371045781,0.05879629945,-0.01214966011,-0.06432712533,-0.001198081142,0.03589106261,0.07220217273,-0.0864147498,0.0209784489,-0.02955530961,0.06124736447,0.04670265864,-0.04917988121,0.0833300822,0.05282336713,-0.07889234743,0.008834982204,0.01395061802,0.008834982204,0.035,0.025,0.1,0.3949999881,0.02155957091
8.3,0.7925297892,-0.02711409187,-0.1424672866,-0.004816658275,0,1,0.05497227503,0.9984878812,0,0,1.511705712,1.627133301,-1.065425104,1.466135532,-0.5153965787,0.5562400176,0.5522726177,-1.432484066,1.569183238,1.398725256,1.915883534,-0.7476909636,-0.2365763445,0.05800737597,-0.01224137552,-0.06460696677,-0.001178426268,0.03606404806,0.07240202818,-0.08682608547,0.02097523646,-0.02958851278,0.0615074234,0.04684245596,-0.04942779976,0.08365414377,0.05308829785,-0.07911090822,0.008830659773,0.0141535274,0.008830659773,0.035,0.025,0.1,0.3949999881,0.02220284216
8.31,0.7911023012,-0.02716235894,-0.1430182027,-0.004836323889,0,1,0.05497227503,0.9984878812,0,0,1.511583299,1.626487231,-1.065436888,1.466496172,-0.5146725584,0.5553717567,0.5524823701,-1.432779951,1.569798313,1.39919368,1.915389256,-0.7468544222,-0.2360454615,0.05721626689,-0.0123269589,-0.064854095,-0.001157793281,0.03621942093,0.07256426805,-0.08719388916,0.02096048787,-0.02960608412,0.06173608038,0.04695780552,-0.04965042821,0.08393536339,0.05332637293,-0.07928791686,0.008826341359,0.01435732032,0.008826341359,0.035,0.025,0.1,0.3949999881,0.02284891183
8.32,0.7896696667,-0.02721080973,-0.1434966473,-0.004853402545,0,1,0.05497227503,0.9984878812,0,0,1.511460029,1.62583869,-1.065448466,1.466858366,-0.5139469157,0.5544998179,0.552691975,-1.433076012,1.570415673,1.399663258,1.914892752,-0.7460150685,-0.2355121978,0.05642338772,-0.01240636706,-0.06506863656,-0.001136236674,0.03635720674,0.07268926268,-0.08751826126,0.02093443025,-0.02960826795,0.06193347061,0.04704893042,-0.04984780749,0.08417398764,0.05353762911,-0.07942378393,0.00882202944,0.01456189282,0.00882202944,0.035,0.025,0.095,0.3949999881,0.02349745278
8.33,0.7882326086,-0.02725941841,-0.1439029816,-0.004867907138,0,1,0.05497227503,0.9984878812,0,0,1.511335965,1.625188004,-1.065459828,1.467221938,-0.5132200231,0.5536246352,0.5529013193,-1.433372095,1.571035008,1.400133748,1.914394273,-0.7451733286,-0.2349768215,0.05562914988,-0.01247955886,-0.06525073059,-0.001113811288,0.03647743814,0.07277739593,-0.08779931879,0.02089729502,-0.02959531413,0.06209974174,0.04711606258,-0.05001998834,0.08437027911,0.05372211412,-0.0795189354,0.008817726438,0.01476714133,0.008817726438,0.035,0.025,0.095,0.3949999881,0.02414813914
8.34,0.7867918462,-0.02730815934,-0.1442375941,-0.004879851535,0,1,0.05497227503,0.9984878812,0,-0.5,1.51121117,1.624535497,-1.065470966,1.467586713,-0.5124922491,0.5527466421,0.5531102922,-1.433668048,1.571656006,1.400604908,1.913894074,-0.7443296258,-0.2344396003,0.05483396053,-0.01254649536,-0.06540052895,-0.001090572219,0.03658015505,0.07282906481,-0.08803719567,0.02084931754,0.05940127811,-0.450037414,-0.4003308034,-0.05016868627,0.5296471375,-0.3485893572,-0.5317628636,0.008813434723,0.01497296272,0.008813434723,0.035,0.025,0.095,0.3949999881,0.02480064645
8.35,0.7853480944,-0.02735700696,-0.1445009007,-0.00488925058,0,1,0.04997916927,0.9987502604,0,0,1.511085705,1.623881491,-1.065481872,1.467952514,-0.5117639585,0.5518662701,0.5533187854,-1.433074035,1.567155631,1.3966016,1.913392387,-0.7390331545,-0.2379254939,0.04951633189,-0.01260713995,-0.06551819623,-0.00106657471,0.03666540478,0.07284467911,-0.08823204292,0.02079073676,-0.02977851228,0.06236656569,0.04711156598,-0.05028900684,0.08464517599,0.05443593245,-0.07982092475,0.008809156606,0.01346776398,0.008809156606,0.04,0.025,0.095,0.3999999881,0.02545465174
8.36,0.7839020644,-0.02740593592,-0.1446933445,-0.004896120094,0,1,0.04997916927,0.9987502604,0,0,1.510959633,1.623226309,-1.065492538,1.468319168,-0.5110355117,0.5509839497,0.5535266928,-1.43337182,1.567779297,1.397072716,1.912889497,-0.7381867027,-0.2373811346,0.04871812264,-0.01266145851,-0.06560390982,-0.001041874059,0.03673324207,0.07282466104,-0.08838402886,0.02072179489,-0.02972157681,0.06244050586,0.04710745009,-0.0503859975,0.08471597846,0.05454091618,-0.07979657061,0.008804894344,0.01367416323,0.008804894344,0.04,0.025,0.095,0.3999999881,0.0261098337
8.37,0.7824544622,-0.02745492099,-0.1448153961,-0.004900476871,0,1,0.04997916927,0.9987502604,0,0,1.510833019,1.62257027,-1.065502957,1.468686501,-0.5103072651,0.5501001094,0.5537339107,-1.433669036,1.568403702,1.39754379,1.912385637,-0.7373395429,-0.2368357254,0.04792015694,-0.01270941954,-0.06565785997,-0.001016525522,0.03678372929,0.07276944489,-0.08849333928,0.0206427371,-0.02965042903,0.06248402906,0.04708038753,-0.0504580941,0.08474565146,0.05461922716,-0.0797332384,0.008800650136,0.01388082963,0.008800650136,0.04,0.025,0.09,0.3999999881,0.0267658728
8.38,0.7810059894,-0.02750393714,-0.1448675532,-0.004902338682,0,1,0.04997916927,0.9987502604,0,0,1.510705925,1.621913692,-1.065513122,1.469054338,-0.5095795706,0.549215176,0.5539403381,-1.43396554,1.569028542,1.398014594,1.911881056,-0.7364920864,-0.2362895331,0.04712282455,-0.0127509943,-0.06568024983,-0.0009905842179,0.03681693647,0.07267947665,-0.08856017771,0.02055381118,-0.02956534333,0.06249734549,0.04703065232,-0.05050539883,0.08473453677,0.05467097229,-0.07963142639,0.00879642612,0.01408766236,0.00879642612,0.04,0.025,0.09,0.3999999881,0.0274224514
8.39,0.7795573424,-0.02755295951,-0.144850341,-0.004901724273,0,1,0.04997916927,0.9987502604,0,0,1.510578415,1.621256889,-1.065523028,1.469422507,-0.5088527759,0.5483295742,0.5541458762,-1.434261194,1.569653516,1.398484901,1.911376002,-0.735644741,-0.2357428234,0.04632651029,-0.01278615695,-0.0656712955,-0.0009641050357,0.03683294142,0.07255521367,-0.08858476555,0.02045526721,-0.02946659772,0.06248067788,0.0469585261,-0.05052802461,0.0846829917,0.05469627054,-0.0794916459,0.008792224379,0.01429456128,0.008792224379,0.04,0.025,0.09,0.3999999881,0.0280792539
8.4,0.778109212,-0.02760196343,-0.1447643121,-0.004898653365,0,1,0.04997916927,0.9987502604,0,0,1.510450553,1.620600176,-1.065532669,1.469790837,-0.5081272237,0.5474437266,0.5543504289,-1.43455586,1.570278323,1.398954486,1.910870721,-0.7347979111,-0.2351958607,0.04553159383,-0.0128148847,-0.0656312261,-0.0009371425423,0.03683182984,0.07239712438,-0.08856734228,0.0203473573,-0.02935447359,0.06243426152,0.04686429792,-0.05052609522,0.08459138896,0.05469525306,-0.07931442085,0.008788046934,0.01450142693,0.008788046934,0.045,0.025,0.09,0.3999999881,0.02873596685
8.41,0.7766622836,-0.02765092445,-0.1446100461,-0.004893146655,0,1,0.04997916927,0.9987502604,0,0,1.510322404,1.619943864,-1.06554204,1.470159155,-0.5074032525,0.5465580531,0.5545539025,-1.434849405,1.570902665,1.399423129,1.910365461,-0.7339519972,-0.2346489082,0.04473844962,-0.01283715794,-0.06556028379,-0.0009097508938,0.03681369539,0.0722056879,-0.08850816565,0.02023033522,-0.02922925536,0.06235834419,0.04674826404,-0.05049974544,0.08446011662,0.05466806332,-0.0791002874,0.008783895748,0.01470816059,0.008783895748,0.045,0.025,0.085,0.3999999881,0.02939227911
8.42,0.7752172365,-0.02769981832,-0.1443881502,-0.004885225816,0,1,0.04997916927,0.9987502604,0,0,1.510194033,1.619288261,-1.065551138,1.470527292,-0.5066811956,0.5456729715,0.5547562058,-1.435141697,1.571526249,1.399890612,1.909860463,-0.7331073961,-0.2341022275,0.04394744675,-0.01285296038,-0.06545872381,-0.0008819837477,0.03677863976,0.07198139378,-0.08840751184,0.02010445614,-0.02909123025,0.06225318626,0.04661072779,-0.05044912119,0.08428957802,0.05461485724,-0.07884979362,0.008779772722,0.01491466432,0.008779772722,0.045,0.025,0.085,0.3999999881,0.03004788195
8.43,0.7737747439,-0.027748621,-0.144099259,-0.004874913495,0,1,0.04997916927,0.9987502604,0,-0.5,1.510065503,1.618633674,-1.065559958,1.470895079,-0.5059613817,0.5447888964,0.5549572504,-1.435432609,1.572148781,1.400356719,1.909355972,-0.7322645003,-0.233556079,0.04315894881,-0.01286227917,-0.06532681454,-0.000853894177,0.03672677279,0.07172474166,-0.08826567567,0.01996997633,0.05994429568,-0.4488901862,-0.4015667678,-0.05037586162,0.531000453,-0.3416487396,-0.5345223772,0.008775679698,0.015120841,0.008775679698,0.045,0.025,0.085,0.3999999881,0.03070246919
8.44,0.7723354724,-0.0277973087,-0.1437440341,-0.004862233315,0,1,0.04498481404,0.9989876708,0,0,1.50993688,1.617980406,-1.065568496,1.471262346,-0.5052441343,0.5439062396,0.5551569501,-1.434833167,1.567659879,1.396341051,1.908852213,-0.7269544958,-0.2369725664,0.03781372504,-0.01286510505,-0.0651648375,-0.0008255345872,0.0366582125,0.07143624102,-0.08808297072,0.0198271529,-0.02902553702,0.06198046414,0.04620083065,-0.05027568844,0.08383685337,0.05485211608,-0.07846707176,0.008771618456,0.0136196374,0.008771618456,0.045,0.025,0.085,0.4049999881,0.03135573734
8.45,0.770900082,-0.02784585785,-0.1433231647,-0.004847209875,0,1,0.04498481404,0.9989876708,0,0,1.509808229,1.617328757,-1.065576752,1.471628928,-0.5045297718,0.5430254099,0.5553552217,-1.435123422,1.568279683,1.39680306,1.908349456,-0.7261161272,-0.2364240452,0.03702905432,-0.01286143249,-0.06497308744,-0.0007969566351,0.0365730852,0.07111641084,-0.08785972954,0.01967624346,-0.02884967214,0.061789183,0.04600026385,-0.05015322933,0.08355083875,0.0547205454,-0.07810989055,0.008767590717,0.01382460803,0.008767590717,0.045,0.025,0.085,0.4049999881,0.03200738571
8.46,0.7694692256,-0.02789424517,-0.1428373672,-0.00482986875,0,1,0.04498481404,0.9989876708,0,0,1.509679615,1.616679027,-1.065584721,1.471994659,-0.5038186077,0.5421468126,0.5555519841,-1.435411919,1.568897575,1.397263062,1.907847924,-0.7252806188,-0.2358768398,0.03624795542,-0.01285125979,-0.06475187233,-0.0007682111501,0.03647152555,0.07076577939,-0.08759630377,0.01951750592,-0.0286620647,0.06156981722,0.04577951684,-0.0500071931,0.08322732241,0.05456352008,-0.07771855587,0.008763598139,0.01402896731,0.008763598139,0.05,0.025,0.08,0.4049999881,0.03265711659
8.47,0.7680435486,-0.02794244759,-0.1422873854,-0.004810236488,0,1,0.04498481404,0.9989876708,0,0,1.509551102,1.616031508,-1.065592403,1.472359375,-0.5031109499,0.5412708496,0.5557471592,-1.435698539,1.569513273,1.397720857,1.907347852,-0.7244483456,-0.2353312046,0.03547076986,-0.01283458921,-0.06450151338,-0.000739348058,0.03635367658,0.07038488392,-0.08729306431,0.01935119818,-0.02846301366,0.06132268992,0.04553892647,-0.04983778306,0.08286678352,0.05438126218,-0.07729367171,0.008759642321,0.01423262195,0.008759642321,0.05,0.025,0.08,0.4049999881,0.03330463531
8.48,0.7666236893,-0.02799044235,-0.1416739904,-0.004788340616,0,1,0.04498481404,0.9989876708,0,0,1.509422756,1.615386493,-1.065599797,1.472722911,-0.5024071011,0.5403979189,0.5559406711,-1.435983169,1.5701265,1.398176247,1.906849474,-0.7236196778,-0.2347873919,0.03469783314,-0.01281142711,-0.06422234513,-0.0007104163072,0.03621968981,0.06997427043,-0.08695040145,0.0191775779,-0.02825281918,0.06104813671,0.04527883569,-0.04964521436,0.08246971615,0.05417400693,-0.07683585196,0.008755724799,0.01443547972,0.008755724799,0.05,0.025,0.08,0.4049999881,0.03394965044
8.49,0.7652102776,-0.02803820695,-0.1409979806,-0.004764209632,0,1,0.04498481404,0.9989876708,0,0,1.509294642,1.614744269,-1.065606901,1.473085108,-0.5017073584,0.5395284149,0.5561324469,-1.436265698,1.570736982,1.398629035,1.906353022,-0.7227949806,-0.2342456519,0.03392947462,-0.01278178408,-0.06391471538,-0.0006814637979,0.03606972528,0.06953449346,-0.08656872502,0.01899690227,-0.02803178244,0.06074650567,0.04499959335,-0.04942971406,0.08203662921,0.05394200271,-0.07634572013,0.008751847051,0.01463744944,0.008751847051,0.05,0.025,0.08,0.4049999881,0.03459187389
8.5,0.7638039356,-0.02808571919,-0.1402601818,-0.004737873015,0,1,0.04498481404,0.9989876708,0,0,1.509166824,1.614105122,-1.065613716,1.473445805,-0.5010120135,0.5386627276,0.5563224159,-1.436546015,1.571344447,1.399079031,1.905858725,-0.7219746143,-0.2337062318,0.03316601742,-0.01274567499,-0.06357898529,-0.0006525373141,0.03590395157,0.0690661158,-0.08614846452,0.01880942773,-0.02780020541,0.06041815736,0.04470155416,-0.0491915212,0.08156804642,0.05368551123,-0.07582390909,0.008748010493,0.01483844107,0.008748010493,0.05,0.025,0.08,0.4049999881,0.03523102105
8.51,0.762405277,-0.02813295716,-0.139461447,-0.004709361214,0,1,0.04498481404,0.9989876708,0,-0.5,1.509039367,1.613469332,-1.065620241,1.473804845,-0.5003213523,0.537801243,0.5565105102,-1.436824017,1.571948628,1.399526047,1.90536681,-0.7211589339,-0.2331693767,0.03240777833,-0.01270311921,-0.06321552938,-0.0006236824577,0.0357225459,0.06856970835,-0.08569006926,0.0186154098,0.06156288716,-0.4497267604,-0.4041036528,-0.04893219896,0.5297185797,-0.3369761304,-0.5346555315,0.00874421648,0.01503836573,0.00874421648,0.05,0.025,0.075,0.4049999881,0.0358668109
8.52,0.7610149069,-0.02817989927,-0.1386026566,-0.004678705657,0,1,0.03998933419,0.9992001067,0,0,1.508912336,1.612837177,-1.065626478,1.47416207,-0.4996356552,0.5369443423,0.5566966643,-1.436208389,1.567451361,1.39548501,1.904877488,-0.7158617481,-0.236539138,0.02706122301,-0.01265414061,-0.06282473553,-0.0005949435867,0.03552569412,0.06804584985,-0.08519400843,0.0184151028,-0.027541521,0.05970364654,0.04397836292,-0.04864807385,0.08052753984,0.05350469119,-0.07489985667,0.008740466308,0.01353498407,0.008740466308,0.055,0.025,0.075,0.4099999881,0.03649896619
8.53,0.7596334211,-0.02822652424,-0.1376847183,-0.004645938746,0,1,0.03998933419,0.9992001067,0,0,1.508785795,1.61220893,-1.065632427,1.474517327,-0.4989551967,0.5360924022,0.5568808154,-1.436483804,1.568048397,1.395924794,1.904391007,-0.7150564727,-0.2360040911,0.02631222445,-0.01259876775,-0.06240700498,-0.0005663637555,0.03531359077,0.06749512674,-0.08466077126,0.01820875971,-0.02727817714,0.05929728051,0.0436260444,-0.04834335885,0.07995552877,0.05317362495,-0.0742851763,0.008736761214,0.01373225252,0.008736761214,0.055,0.025,0.075,0.4099999881,0.03712721355
8.54,0.7582614065,-0.02827281112,-0.1367085672,-0.004611093859,0,1,0.03998933419,0.9992001067,0,0,1.508659807,1.61158486,-1.065638091,1.474870463,-0.4982802455,0.5352457945,0.5570629029,-1.436756586,1.56864137,1.396361054,1.903907573,-0.7142569174,-0.2354723549,0.02556937268,-0.01253703392,-0.06196275241,-0.0005379846586,0.03508643912,0.06691813296,-0.08409086712,0.01799663195,-0.02700541482,0.05886575509,0.04325644895,-0.04801702911,0.07935026683,0.05281908412,-0.07364135425,0.008733102377,0.01392819733,0.008733102377,0.055,0.025,0.075,0.4099999881,0.0377512836
8.55,0.7568994406,-0.0283187393,-0.1356751657,-0.004574205348,0,1,0.03998933419,0.9992001067,0,0,1.508534437,1.610965232,-1.065643471,1.475221328,-0.4976110641,0.5344048858,0.5572428693,-1.43702664,1.569230027,1.396793619,1.903427403,-0.7134634147,-0.234944164,0.02483295914,-0.0124689773,-0.06149240586,-0.0005098465775,0.03484445119,0.06631546981,-0.08348482557,0.01777896916,-0.02672353922,0.05840949297,0.04286995894,-0.04766938488,0.07871235132,0.05244140048,-0.07296906815,0.008729490914,0.01412273477,0.008729490914,0.055,0.025,0.075,0.4099999881,0.03837091112
8.56,0.7555480908,-0.02836428853,-0.1345855035,-0.004535308544,0,1,0.03998933419,0.9992001067,0,0,1.508409747,1.610350308,-1.065648569,1.475569772,-0.4969479094,0.5335700376,0.557420659,-1.437293875,1.569814122,1.397222318,1.902950709,-0.7126762912,-0.23441975,0.02410326846,-0.01239464099,-0.06099640682,-0.0004819883308,0.03458784775,0.06568774575,-0.08284319652,0.01755601909,-0.02643285527,0.05792892917,0.04246696187,-0.04730073882,0.07804239402,0.05204091951,-0.07226900357,0.008725927887,0.01431578252,0.008725927887,0.055,0.025,0.075,0.4099999881,0.03898583518
8.57,0.7542079146,-0.0284094389,-0.1334405976,-0.00449443975,0,1,0.03998933419,0.9992001067,0,0,1.508285801,1.609740344,-1.065653389,1.475915651,-0.496291032,0.5327416056,0.5575962191,-1.437558204,1.570393412,1.397646988,1.902477702,-0.7118958673,-0.2338993408,0.02338057842,-0.01231407313,-0.06047521017,-0.0004544472274,0.03431685839,0.0650355763,-0.08216655027,0.01732802738,-0.02613366748,0.05742451098,0.04204785033,-0.04691141611,0.07734102126,0.0516180003,-0.07154185381,0.008722414299,0.01450725968,0.008722414299,0.055,0.025,0.07,0.4099999881,0.03959579925
8.58,0.7528794595,-0.02845417088,-0.1322414923,-0.004451636245,0,1,0.03998933419,0.9992001067,0,0,1.50816266,1.609135592,-1.065657934,1.476258819,-0.4956406762,0.5319199401,0.5577694994,-1.43781954,1.570967657,1.398067466,1.902008588,-0.711122457,-0.2333831608,0.02266515989,-0.012227327,-0.05992928422,-0.0004272590236,0.03403172148,0.06435958392,-0.08145547758,0.01709523746,-0.0258262798,0.056896698,0.04161302186,-0.04650175446,0.07660887382,0.05117301569,-0.07078831978,0.008718951099,0.01469708678,0.008718951099,0.06,0.025,0.07,0.4099999881,0.04020055135
8.59,0.7515632619,-0.0284984653,-0.1309892594,-0.004406936285,0,1,0.03998933419,0.9992001067,0,0,1.508040387,1.608536299,-1.065662206,1.476599136,-0.4949970804,0.5311053853,0.5579404518,-1.438077803,1.571536624,1.398483597,1.90154357,-0.7103563683,-0.2328714307,0.02195727669,-0.01213446106,-0.05935911071,-0.0004004578828,0.03373268424,0.06366039787,-0.08071058977,0.01685789035,-0.02551099555,0.05634596204,0.04116287893,-0.04607210417,0.07584660694,0.05070635217,-0.07000910978,0.008715539177,0.01488518588,0.008715539177,0.06,0.025,0.07,0.4099999881,0.04079984419
8.6,0.7502598477,-0.02854230341,-0.1296849979,-0.0043603791,0,1,0.03998933419,0.9992001067,0,0,1.507919042,1.607942708,-1.065666211,1.476936463,-0.4943604764,0.5302982794,0.5581090307,-1.438332913,1.572100083,1.398895225,1.901082849,-0.7095979022,-0.2323643671,0.02125718559,-0.01203553906,-0.05876518479,-0.000374076339,0.03342000269,0.06293865412,-0.07993251875,0.01661622459,-0.02518811729,0.05577278715,0.04069782889,-0.04562282819,0.07505489027,0.05021840998,-0.06920493938,0.008712179369,0.01507148056,0.008712179369,0.06,0.025,0.07,0.4099999881,0.0413934353
8.61,0.7489697316,-0.02858566683,-0.1283298341,-0.004312004896,0,1,0.03998933419,0.9992001067,0,0,1.507798687,1.607355056,-1.065669952,1.477270663,-0.4937310899,0.5294989543,0.5582751929,-1.438584794,1.572657811,1.399302204,1.900626621,-0.7088473533,-0.231862183,0.0205651362,-0.01193063008,-0.05814801504,-0.0003481452643,0.03309394169,0.06219499526,-0.0791219171,0.01637047609,-0.0248579467,0.05517766955,0.04021828391,-0.0451543021,0.07423440789,0.04970960307,-0.06837653132,0.008708872456,0.01525589602,0.008708872456,0.06,0.03,0.07,0.4099999881,0.04198108715
8.62,0.7476934169,-0.02862853759,-0.1269249216,-0.004261854854,0,1,0.03998933419,0.9992001067,0,0,1.50767938,1.606773576,-1.065673433,1.477601603,-0.4931091399,0.5287077351,0.5584388977,-1.438833374,1.573209588,1.399704386,1.900175078,-0.7081050093,-0.231365087,0.01988137088,-0.01181980862,-0.05750812342,-0.0003226938389,0.03275477496,0.06143007043,-0.07827945812,0.01612087803,-0.02452078452,0.05456111764,0.03972466091,-0.0446669142,0.07338585827,0.0491803591,-0.06752461535,0.008705619167,0.01543835905,0.008705619167,0.06,0.03,0.065,0.4099999881,0.0425625673
8.63,0.7464313951,-0.02867089815,-0.1254714415,-0.004209971133,0,1,0.03998933419,0.9992001067,0,0,1.507561182,1.606198495,-1.06567666,1.47792915,-0.4924948392,0.5279249405,0.5586001065,-1.439078582,1.573755199,1.400101633,1.899728409,-0.7073711507,-0.2308732834,0.01920612473,-0.01170315465,-0.05684604534,-0.0002977495258,0.032402785,0.06064453527,-0.07740583581,0.01586766076,-0.0241769305,0.05392365194,0.03921738158,-0.04416106548,0.07250995426,0.04863111947,-0.06664992813,0.008702420177,0.01561879814,0.008702420177,0.06,0.03,0.065,0.4099999881,0.04313764853
8.64,0.7451841459,-0.02871273138,-0.123970602,-0.004156396862,0,1,0.03998933419,0.9992001067,0,0,1.507444151,1.605630034,-1.065679638,1.478253178,-0.4918883938,0.5271508821,0.5587587831,-1.439320351,1.574294436,1.400493807,1.899286798,-0.7066460511,-0.2303869722,0.01853962545,-0.01158075363,-0.05616232959,-0.0002733380479,0.03203826316,0.05983905185,-0.076501765,0.01561105175,-0.02382668329,0.05326580505,0.03869687233,-0.04363716968,0.07160742308,0.04806233925,-0.06575321318,0.008699276107,0.01579714346,0.008699276107,0.065,0.03,0.065,0.4099999881,0.04370610899
8.65,0.7439521368,-0.0287540206,-0.1224236389,-0.004101176152,0,1,0.03998933419,0.9992001067,0,0,1.507328343,1.605068411,-1.065682371,1.478573561,-0.4912900033,0.5263858645,0.5589148936,-1.439558618,1.574827094,1.400880776,1.898850426,-0.7059299769,-0.2299063488,0.01788209332,-0.01145269663,-0.05545753833,-0.0002494833698,0.03166150962,0.05901428864,-0.0755679813,0.01535127549,-0.02347034044,0.05258812169,0.03816356424,-0.04309565327,0.07067900632,0.0474744872,-0.06483522079,0.008696187532,0.01597332697,0.008696187532,0.065,0.03,0.065,0.4099999881,0.04426773228
8.66,0.7427358227,-0.02879474956,-0.1208318151,-0.004044354084,0,1,0.03998933419,0.9992001067,0,0,1.507213816,1.604513835,-1.065684866,1.478890176,-0.4906998604,0.5256301847,0.5590684064,-1.439793321,1.575352975,1.401262411,1.89841947,-0.7052231868,-0.229431604,0.01723374111,-0.01131908028,-0.05473224711,-0.0002262076827,0.03127283333,0.0581709205,-0.07460524111,0.01508855345,-0.02310819834,0.05189115857,0.0376178931,-0.04253695549,0.06972545996,0.04686804576,-0.06389670795,0.008693154973,0.01614728241,0.008693154973,0.065,0.03,0.065,0.4099999881,0.04482230767
8.67,0.7415356457,-0.02883490249,-0.1191964208,-0.003985976718,0,1,0.03998933419,0.9992001067,0,0,1.507100625,1.603966513,-1.065687128,1.479202904,-0.4901181512,0.5248841323,0.5592192919,-1.440024403,1.575871887,1.40163859,1.8979941,-0.7045259322,-0.2289629235,0.01659477403,-0.01118000688,-0.05398704484,-0.0002035313929,0.03087255204,0.05730962865,-0.07361432172,0.01482310402,-0.0227405522,0.05117548448,0.0370602994,-0.04196152831,0.0687475543,0.04624351101,-0.06293843833,0.008690178903,0.01631894534,0.008690178903,0.065,0.03,0.065,0.4099999881,0.04536963014
8.68,0.7403520351,-0.02887446407,-0.1175187737,-0.003926091088,0,1,0.03998933419,0.9992001067,0,0,1.506988825,1.603426643,-1.065689163,1.47951163,-0.4895450549,0.5241479891,0.5593675229,-1.440251809,1.576383641,1.402009193,1.897574485,-0.7038384567,-0.2285004884,0.01596538965,-0.01103558441,-0.05322253379,-0.0001814731143,0.03046099226,0.05643110068,-0.0725960212,0.01455514251,-0.02236769605,0.05044168015,0.03649122828,-0.04136983646,0.06774607404,0.0456013926,-0.06196118226,0.008687259746,0.01648825322,0.008687259746,0.065,0.03,0.06,0.4099999881,0.04590950059
8.69,0.7391854066,-0.02891341945,-0.1158002188,-0.003864745202,0,1,0.03998933419,0.9992001067,0,0,1.50687847,1.602894417,-1.065690978,1.47981624,-0.4889807439,0.5234220288,0.5595130744,-1.440475486,1.576888058,1.402374105,1.897160787,-0.703160996,-0.2280444745,0.01534577782,-0.01088592651,-0.05243932954,-0.0001600496643,0.03003848925,0.05553603058,-0.07155115848,0.01428488109,-0.02198992273,0.0496903383,0.0359111296,-0.04076235741,0.06672181825,0.04494221381,-0.06096571671,0.00868439788,0.01665514541,0.00868439788,0.065,0.03,0.06,0.4099999881,0.04644172592
8.7,0.7380361625,-0.02895175427,-0.1140421284,-0.003801988048,0,1,0.03998933419,0.9992001067,0,0,1.50676961,1.602370024,-1.065692578,1.480116625,-0.4884253836,0.5227065173,0.5596559232,-1.440695385,1.577384962,1.402733217,1.896753163,-0.7024937778,-0.2275950523,0.01473612066,-0.01073115257,-0.051638061,-0.0001392760633,0.02960538698,0.05462511874,-0.07048057328,0.01401252883,-0.0216075239,0.04892206359,0.03532045795,-0.04013958136,0.06567560037,0.04426651143,-0.05995282528,0.008681593638,0.01681956325,0.008681593638,0.065,0.035,0.06,0.4099999881,0.04696611922
8.71,0.7369046912,-0.02898945467,-0.112245902,-0.003737869584,0,1,0.03998933419,0.9992001067,0,0,1.506662299,1.601853643,-1.065693971,1.480412679,-0.4878791324,0.5220017115,0.5597960485,-1.44091146,1.577874182,1.403086421,1.896351767,-0.7018370218,-0.2271523872,0.0141365924,-0.01057138768,-0.05081937035,-0.0001191655385,0.0291620381,0.05369907201,-0.06938512615,0.01373829166,-0.02122079007,0.04813747259,0.03471967263,-0.03950201123,0.06460824823,0.04357483573,-0.05892329826,0.008678847304,0.01698145007,0.008678847304,0.07,0.035,0.06,0.4099999881,0.04748249983
8.72,0.7357913668,-0.02902650729,-0.1104129665,-0.003672440747,0,1,0.03998933419,0.9992001067,0,0,1.506556585,1.60134545,-1.065695163,1.480704299,-0.4873421417,0.5213078603,0.5599334314,-1.441123668,1.578355557,1.403433618,1.895956747,-0.7011909393,-0.2267166389,0.01354735942,-0.01040676266,-0.04998391308,-9.972953041e-05,0.02870880394,0.05275860374,-0.06826569838,0.01346237244,-0.02083001065,0.04733719376,0.03410923772,-0.0388501626,0.06352060408,0.04286775045,-0.05787793262,0.008676159121,0.01714075123,0.008676159121,0.07,0.035,0.06,0.4099999881,0.04799069353
8.73,0.7346965494,-0.02906289929,-0.1085447763,-0.003605753449,0,1,0.03998933419,0.9992001067,0,0,1.506452517,1.60084561,-1.06569616,1.480991387,-0.4868145557,0.5206252033,0.5600680551,-1.441331968,1.578828929,1.40377471,1.895568246,-0.7005557332,-0.2262879614,0.0129685801,-0.01023741407,-0.04913235791,-8.097770379e-05,0.02824605444,0.05180443385,-0.06712319203,0.01318497095,-0.02043547396,0.04652186744,0.03348962213,-0.03818456373,0.06241352459,0.04214583273,-0.05681753212,0.008673529287,0.01729741419,0.008673529287,0.07,0.035,0.06,0.4099999881,0.04849053266
8.74,0.7336205839,-0.02909861834,-0.1066428128,-0.003537860575,0,1,0.03998933419,0.9992001067,0,0,1.506350143,1.600354287,-1.06569697,1.481273848,-0.4862965114,0.5199539714,0.5601999048,-1.441536323,1.579294148,1.404109607,1.8951864,-0.699931598,-0.225866503,0.01240040477,-0.01006348417,-0.04826538679,-6.291796186e-05,0.02777416815,0.05083728889,-0.06595852984,0.01290628393,-0.02003746734,0.0456921458,0.03286129961,-0.03750575549,0.06128788086,0.04140967303,-0.05574290731,0.008670957959,0.01745138853,0.008670957959,0.07,0.035,0.06,0.4099999881,0.04898185624
8.75,0.7325638006,-0.02913365266,-0.1047085851,-0.00346881599,0,1,0.03998933419,0.9992001067,0,0,1.506249508,1.599871633,-1.065697599,1.481551589,-0.4857881385,0.5192943861,0.5603289677,-1.441736697,1.579751069,1.40443822,1.894811342,-0.6993187192,-0.2254524063,0.0118429757,-0.009885120941,-0.0473836949,-4.555646418e-05,0.02729353214,0.04985790216,-0.06477265521,0.01262650519,-0.01963627718,0.04484869286,0.03222474881,-0.03681429136,0.06014455847,0.04065987514,-0.05465487565,0.008668445253,0.01760262597,0.008668445253,0.07,0.035,0.055,0.4099999881,0.04946451011
8.76,0.7315265146,-0.02916799101,-0.1027436294,-0.003398674529,0,1,0.03998933419,0.9992001067,0,0,1.506150657,1.599397796,-1.065698055,1.481824525,-0.4852895594,0.5186466595,0.5604552327,-1.44193306,1.580199556,1.404760467,1.894443199,-0.6987172736,-0.2250458075,0.01129642694,-0.009702478044,-0.04648799059,-2.889764799e-05,0.02680454202,0.04886701377,-0.06356653215,0.01234582563,-0.01923218899,0.04399218443,0.03158045336,-0.03611073734,0.05898445747,0.03989705605,-0.05355426161,0.008665991242,0.01775108047,0.008665991242,0.07,0.035,0.055,0.4099999881,0.04993834706
8.77,0.7305090253,-0.02920162268,-0.1007495091,-0.003327492008,0,1,0.03998933419,0.9992001067,0,0,1.506053632,1.598932916,-1.065698344,1.48209257,-0.4848008893,0.5180109942,0.560578691,-1.442125382,1.580639478,1.405076272,1.894082092,-0.698127429,-0.224646837,0.01076088433,-0.009515714796,-0.04557899536,-1.294425334e-05,0.02630760186,0.04786537076,-0.0623411452,0.01206443332,-0.01882548756,0.04312330812,0.03092890191,-0.03539567195,0.05780849242,0.03912184591,-0.05244189676,0.008663595962,0.01789670821,0.008663595962,0.07,0.035,0.055,0.4099999881,0.05040322697
8.78,0.7295116163,-0.02923453757,-0.0987278153,-0.003255325213,0,1,0.03998933419,0.9992001067,0,0,1.505958475,1.598477126,-1.065698473,1.482355646,-0.4843222356,0.5173875827,0.5606993353,-1.442313637,1.581070711,1.405385561,1.893728135,-0.6975493441,-0.2242556185,0.01023646536,-0.009324996142,-0.04465744388,2.302648672e-06,0.02580312417,0.04685372722,-0.06109749939,0.01178251364,-0.01841645698,0.0422427633,0.0302705882,-0.03466968614,0.05661759245,0.03833488799,-0.05131861987,0.008661259411,0.01803946765,0.008661259411,0.075,0.035,0.055,0.4099999881,0.05085901692
8.79,0.7285345555,-0.0292667261,-0.09668016609,-0.003182231911,0,1,0.03998933419,0.9992001067,0,0,1.505865225,1.598030552,-1.06569845,1.482613677,-0.4838536983,0.5167766077,0.5608171604,-1.442497802,1.581493138,1.405688267,1.893381438,-0.6969831682,-0.2238722696,0.009723279162,-0.009130492615,-0.04372408389,1.684362383e-05,0.0252915298,0.04583284443,-0.05983662014,0.01150024931,-0.01800538081,0.04135126111,0.02960601116,-0.03393338327,0.05541270124,0.03753683858,-0.05018527713,0.008658981547,0.01817931959,0.008658981547,0.075,0.035,0.055,0.4099999881,0.05130559136
8.8,0.7275780941,-0.02929817931,-0.09460820705,-0.003108270839,0,1,0.03998933419,0.9992001067,0,0,1.50577392,1.597593311,-1.065698282,1.482866593,-0.4833953699,0.5161782415,0.5609321629,-1.442677855,1.581906651,1.405984327,1.893042105,-0.6964290412,-0.2234969013,0.009221426391,-0.008932380289,-0.04277967625,3.068083985e-05,0.02477324799,0.04480349099,-0.05855955322,0.01121782059,-0.01759254219,0.04044952441,0.02893567496,-0.03318737902,0.05419477708,0.03672836694,-0.04904272219,0.008656762294,0.01831622717,0.008656762294,0.075,0.035,0.055,0.4099999881,0.0517428322
8.81,0.7266424668,-0.02932888882,-0.09251361103,-0.003033501714,0,1,0.03998933419,0.9992001067,0,0,1.505684596,1.597165514,-1.065697975,1.483114325,-0.482947335,0.515592646,0.5610443411,-1.442853781,1.582311146,1.406273683,1.892710231,-0.6958870934,-0.2231296176,0.008730999169,-0.008730840732,-0.04182499484,4.381802758e-05,0.02424871622,0.04376644297,-0.05726736464,0.01093540533,-0.01717822395,0.03953828783,0.02826008914,-0.03243230136,0.0529647929,0.0359101552,-0.04789181642,0.008654601539,0.01845015596,0.008654601539,0.075,0.04,0.055,0.4099999881,0.05217062896
8.82,0.7257278916,-0.02935884685,-0.09039807825,-0.002957985225,0,1,0.03998933419,0.9992001067,0,0,1.505597288,1.596747264,-1.065697537,1.483356812,-0.4825096705,0.5150199724,0.5611536952,-1.443025563,1.582706529,1.406556284,1.892385908,-0.6953574455,-0.222770516,0.008252081005,-0.008526060946,-0.04086082661,5.626043946e-05,0.02371838021,0.04272248407,-0.05596114055,0.01065317916,-0.0167627088,0.03861829767,0.02757976864,-0.03166879043,0.05172373631,0.03508289832,-0.04673342903,0.008652499134,0.01858107396,0.008652499134,0.075,0.04,0.05,0.4099999881,0.05258887891
8.83,0.7248345693,-0.02938804624,-0.08826333622,-0.002881783039,0,1,0.03998933419,0.9992001067,0,0,1.505512027,1.596338656,-1.065696974,1.483593996,-0.4820824457,0.514460361,0.561260227,-1.44319319,1.583092712,1.406832082,1.89206922,-0.6948402081,-0.2224196871,0.007784746715,-0.008318233307,-0.03988797147,6.801480466e-05,0.02318269388,0.04167240578,-0.05464198717,0.01037131562,-0.01634627942,0.03769031198,0.02689523396,-0.03089749853,0.05047260964,0.03424730397,-0.04556843727,0.008650454897,0.01870895164,0.008650454897,0.075,0.04,0.05,0.4099999881,0.05299748717
8.84,0.7239626831,-0.02941648044,-0.08611113979,-0.002804957798,0,1,0.03998933419,0.9992001067,0,0,1.505428845,1.595939776,-1.065696294,1.483825823,-0.4816657216,0.5139139411,0.5613639401,-1.443356653,1.583469615,1.407101034,1.891760245,-0.694335482,-0.222077214,0.007329062342,-0.008107555494,-0.03890724233,7.908928092e-05,0.02264211925,0.04061700757,-0.0533110307,0.01008998633,-0.01592921869,0.03675510047,0.02620701123,-0.03011909001,0.04921242999,0.03340409247,-0.04439772665,0.008648468613,0.01883376202,0.008648468613,0.075,0.04,0.05,0.4099999881,0.05339636689
8.85,0.7231123987,-0.02944414353,-0.08394327113,-0.002727573118,0,1,0.03998933419,0.9992001067,0,0,1.50534777,1.595550704,-1.065695503,1.484052244,-0.4812595516,0.5133808308,0.56146484,-1.443515945,1.583837166,1.407363104,1.891459054,-0.6938433577,-0.2217431731,0.006885085075,-0.00789423042,-0.03791946505,8.949340395e-05,0.02209712642,0.03955709708,-0.05196941716,0.009809361124,-0.0155118098,0.03581344456,0.02551563232,-0.02933424121,0.04794422924,0.03255399673,-0.04322219111,0.008646540033,0.01895548065,0.008646540033,0.075,0.04,0.05,0.4099999881,0.05378543931
8.86,0.7222838639,-0.02947103025,-0.08176153976,-0.002649693591,0,1,0.03998933419,0.9992001067,0,0,1.505268827,1.595171509,-1.065694608,1.484273215,-0.4808639806,0.5128611366,0.5615629336,-1.443671063,1.584195301,1.407618261,1.891165712,-0.6933639154,-0.2214176331,0.006452863164,-0.00767846615,-0.03692547838,9.923803348e-05,0.02154819351,0.03849349029,-0.05061831235,0.009529608288,-0.01509433648,0.03486613737,0.02482163498,-0.02854364034,0.04666905413,0.03169776213,-0.0420427333,0.008644668877,0.0190740857,0.008644668877,0.075,0.04,0.05,0.065,0.05416463396
8.87,0.721477208,-0.02949713597,-0.07956778249,-0.002571384785,0,1,0.03998933419,0.9992001067,0,0,1.505192043,1.594802254,-1.065693616,1.484488697,-0.4804790457,0.5123549535,0.5616582297,-1.443822007,1.584543962,1.407866477,1.890880275,-0.6928972249,-0.2211006555,0.006032435831,-0.007460475817,-0.03592613397,0.0001083352969,0.0209958066,0.03742701173,-0.04925890169,0.009250894701,-0.01467708314,0.03391398365,0.0241255629,-0.02774798745,0.0453879663,0.03083614643,-0.04086026477,0.008642854834,0.01918955799,0.008642854834,0.08,0.04,0.05,0.065,0.05453388875
8.88,0.7206925421,-0.02952245674,-0.07736386348,-0.002492713244,0,1,0.03998933419,0.9992001067,0,0,1.505117438,1.594442993,-1.065692532,1.484698655,-0.4801047756,0.5118623645,0.5617507386,-1.443968777,1.584883102,1.408107733,1.890602795,-0.6924433452,-0.220792294,0.005623833183,-0.007240477535,-0.03492229634,0.0001167985299,0.02044045965,0.03635849474,-0.0478923901,0.008973386049,-0.0142603351,0.03295779987,0.02342796588,-0.02694799432,0.04410204232,0.02996991972,-0.03967570624,0.008641097562,0.01930188098,0.008641097562,0.08,0.04,0.05,0.065,0.05489315009
8.89,0.7199299583,-0.02954698925,-0.07515167422,-0.002413746486,0,1,0.03998933419,0.9992001067,0,0,1.505045033,1.59409377,-1.065691364,1.48490306,-0.4797411906,0.5113834406,0.5618404725,-1.444111381,1.58521268,1.408342012,1.890333315,-0.6920023248,-0.2204925948,0.005227076121,-0.007018694304,-0.03391484282,0.0001246422153,0.01988265448,0.03528878158,-0.04652000191,0.008697247035,-0.01384437878,0.03199841415,0.02272939995,-0.02614438434,0.04281237375,0.0290998643,-0.03848998784,0.008639396688,0.01941104089,0.008639396688,0.08,0.04,0.05,0.065,0.05524237305
8.9,0.7191895298,-0.02957073091,-0.07293313352,-0.002334553006,0,1,0.03998933419,0.9992001067,0,0,1.504974846,1.593754622,-1.065690118,1.485101887,-0.4793883028,0.5109182405,0.561927445,-1.444249825,1.585532664,1.408569306,1.890071872,-0.6915742011,-0.2202015962,0.004842176243,-0.006795353911,-0.03290466356,0.0001318819187,0.01932290067,0.03421872375,-0.0451429807,0.00842264159,-0.01342950192,0.0310366663,0.02203042748,-0.02533789246,0.0415200672,0.0282267746,-0.03730404936,0.008637751811,0.01951702669,0.008637751811,0.08,0.04,0.05,0.065,0.05558152148
8.91,0.7184713103,-0.02959367979,-0.0707101875,-0.002255202273,0,1,0.03998933419,0.9992001067,0,0,1.504906893,1.593425575,-1.065688799,1.485295116,-0.4790461156,0.5104668107,0.5620116714,-1.44438412,1.585843031,1.408789611,1.889818493,-0.6911590004,-0.2199193285,0.004469135749,-0.006570688829,-0.03189266146,0.0001385342224,0.01876171553,0.0331491822,-0.04376258917,0.008149733091,-0.01301599375,0.03007340776,0.02133161731,-0.02452926509,0.04022624438,0.02735145708,-0.03611884058,0.008636162497,0.01961983011,0.008636162497,0.08,0.04,0.05,0.065,0.05591056811
8.92,0.7177753342,-0.02961583467,-0.06848480963,-0.002175764732,0,1,0.03998933419,0.9992001067,0,0,1.504841186,1.593106648,-1.065687414,1.485482733,-0.4787146238,0.5100291848,0.5620931687,-1.44451428,1.586143765,1.409002927,1.8895732,-0.6907567379,-0.2196458139,0.004107947343,-0.006344936112,-0.03087975217,0.0001446166569,0.01819962403,0.03208102749,-0.04238010905,0.007878684598,-0.01260414529,0.02910950168,0.02063354491,-0.02371925997,0.03893204212,0.02647473015,-0.03493532147,0.008634628287,0.01971944577,0.008634628287,0.08,0.04,0.045,0.065,0.05622949473
8.93,0.7171016156,-0.02963719503,-0.0662590007,-0.002096311803,0,1,0.03998933419,0.9992001067,0,0,1.504777736,1.592797851,-1.065685967,1.485664729,-0.4783938135,0.5096053838,0.5621719556,-1.444640321,1.58643486,1.409209262,1.889336007,-0.6903674175,-0.2193810666,0.003758594129,-0.00611833728,-0.02986686405,0.0001501476314,0.01763715872,0.03101514015,-0.04099684089,0.007609659085,-0.0121942495,0.02814582288,0.01993679249,-0.0229086461,0.03763861249,0.02559742407,-0.03375446253,0.008633148691,0.01981587112,0.008633148691,0.08,0.04,0.045,0.065,0.05653829225
8.94,0.7164501488,-0.02965776109,-0.06403478882,-0.002016915884,0,1,0.03998933419,0.9992001067,0,0,1.504716553,1.592499182,-1.065684466,1.485841101,-0.4780836621,0.5091954153,0.5622480522,-1.444762263,1.586716318,1.40940863,1.889106921,-0.6899910314,-0.2191250923,0.003421049503,-0.005891138212,-0.02885493816,0.000155146361,0.01707485971,0.02995241081,-0.039614104,0.007342819679,-0.01178660156,0.02718325782,0.01924194917,-0.02209820363,0.03634712277,0.02472038086,-0.0325772451,0.008631723191,0.01990910656,0.008631723191,0.08,0.04,0.045,0.065,0.05683696089
8.95,0.7158209076,-0.02967753378,-0.06181422944,-0.001937650344,0,1,0.03998933419,0.9992001067,0,0,1.504657642,1.592210633,-1.065682915,1.486011849,-0.477784138,0.5087992743,0.5623214804,-1.444880129,1.586988151,1.40960105,1.888885939,-0.6896275602,-0.2188778885,0.003095277052,-0.005663589021,-0.0278449282,0.0001596327941,0.01651327456,0.02889374052,-0.03823323623,0.007078329914,-0.01138149907,0.02622270467,0.01854961108,-0.02128872376,0.0350587556,0.02384445419,-0.03140466159,0.008630351242,0.0199991554,0.008630351242,0.08,0.04,0.045,0.065,0.05712551027
8.96,0.7152138451,-0.02969651478,-0.05959940532,-0.001858589532,0,1,0.03998933419,0.9992001067,0,0,1.504601006,1.591932184,-1.065681318,1.486176982,-0.4774952006,0.5084169419,0.5623922637,-1.444993944,1.587250378,1.409786546,1.888673052,-0.6892769726,-0.218639444,0.002781230436,-0.005435943944,-0.02683780049,0.0001636275365,0.01595295825,0.02784004097,-0.03685559389,0.006816353977,-0.01097924234,0.02526507329,0.01786038154,-0.02048100863,0.03377470894,0.02297050929,-0.03023771585,0.008629032269,0.02008602399,0.008629032269,0.08,0.04,0.045,0.065,0.05740395955
8.97,0.7146288934,-0.02971470651,-0.05739242655,-0.001779808769,0,1,0.03998933419,0.9992001067,0,0,1.504546646,1.591663806,-1.065679682,1.486336511,-0.4772168002,0.508048386,0.5624604272,-1.445103737,1.587503028,1.40996515,1.888468242,-0.6889392255,-0.2184097389,0.002478853278,-0.005208461214,-0.02583453396,0.0001671517767,0.01539447308,0.02679223477,-0.03548255157,0.006557056967,-0.01058013457,0.02431128521,0.01717487119,-0.01967587121,0.03249619622,0.02209942287,-0.02907742345,0.008627765669,0.02016972168,0.008627765669,0.08,0.04,0.045,0.065,0.05767233756
8.98,0.7140659633,-0.02973211215,-0.05519543056,-0.001701384354,0,1,0.03998933419,0.9992001067,0,0,1.504494562,1.59140546,-1.06567801,1.486490456,-0.4769488778,0.5076935605,0.5625259978,-1.445209538,1.587746141,1.410136898,1.888271483,-0.6886142636,-0.2181887447,0.002188079043,-0.004981402935,-0.02483612011,0.0001702272077,0.01483838868,0.02575125567,-0.03411550198,0.00630060515,-0.01018448215,0.02336227365,0.01649369816,-0.01887413521,0.03122444633,0.02123208303,-0.027924812,0.008626550813,0.02025026089,0.008626550813,0.08,0.04,0.045,0.065,0.0579306829
8.99,0.7135249443,-0.02974873564,-0.0530105821,-0.001623393559,0,1,0.03998933419,0.9992001067,0,0,1.504444748,1.591157099,-1.065676308,1.48663884,-0.4766913652,0.5073524055,0.5625890038,-1.445311383,1.587979764,1.410301835,1.888082742,-0.6883020191,-0.2179764238,0.001908830923,-0.004755034961,-0.02384356298,0.00017287595,0.01428528187,0.02471804882,-0.03275585584,0.006047166227,-0.009792594877,0.02241898356,0.01581748816,-0.01807663498,0.02996070369,0.02036938912,-0.02678092148,0.008625387041,0.02032765716,0.008625387041,0.08,0.04,0.045,0.06,0.0581790441
9,0.7130057039,-0.02976458172,-0.05084007324,-0.001545914633,0,1,0.03998933419,0.9992001067,0,0,1.504397197,1.590918663,-1.065674579,1.486781693,-0.4764441848,0.5070248469,0.5626494755,-1.445409309,1.588203954,1.41046001,1.887901975,-0.6880024121,-0.2177727299,0.001641021709,-0.004529626767,-0.02285787912,0.0001751204729,0.01373573663,0.02369357108,-0.0314050417,0.00579690959,-0.009404786206,0.02148237158,0.01514687469,-0.01728421536,0.02870622835,0.01951225168,-0.02564680452,0.008624273667,0.02040192917,0.008624273667,0.085,0.04,0.045,0.06,0.05841747973
9.01,0.7125080876,-0.0297796559,-0.04868612338,-0.001469026801,0,1,0.03998933419,0.9992001067,0,0,1.504351901,1.590690085,-1.065672828,1.48691905,-0.476207249,0.5067107965,0.5627074446,-1.445503357,1.588418778,1.410611479,1.887729133,-0.6877153498,-0.2175776074,0.001384553663,-0.004305451319,-0.02188009756,0.0001769835163,0.01319034404,0.02267879122,-0.03006450583,0.005550006593,-0.009021373512,0.02055340607,0.01448249917,-0.01649773161,0.02746229598,0.01866159235,-0.02452352674,0.008623209975,0.02047309879,0.008623209975,0.085,0.04,0.045,0.06,0.05864605852
9.02,0.7120319187,-0.0297939645,-0.04655097925,-0.001392810261,0,1,0.03998933419,0.9992001067,0,0,1.504308846,1.590471284,-1.065671058,1.487050954,-0.4759804611,0.5064101514,0.5627629446,-1.445593571,1.588624312,1.410756304,1.887564156,-0.6874407268,-0.2173909915,0.001139318396,-0.004082784951,-0.02091125982,0.0001784880116,0.01264970223,0.02167469019,-0.02873571199,0.005306630813,-0.008642678325,0.01963306712,0.01382501106,-0.01571804931,0.02623019799,0.01781834377,-0.02341216711,0.00862219522,0.02054119111,0.00862219522,0.085,0.04,0.045,0.06,0.0588648595
9.03,0.7115769978,-0.02980751462,-0.0444369149,-0.00131734619,0,1,0.03998933419,0.9992001067,0,0,1.504268019,1.590262171,-1.065669273,1.487177451,-0.4757637142,0.5061227943,0.5628160109,-1.445679997,1.588820642,1.410894554,1.887406975,-0.6871784248,-0.2172128081,0.0009051967249,-0.00386190723,-0.01995241981,0.0001796570039,0.0121144163,0.02068226141,-0.02742014139,0.005066958315,-0.008269026586,0.01872234657,0.01317506804,-0.0149460442,0.02501124156,0.01698344946,-0.02231381818,0.008621228628,0.02060623448,0.008621228628,0.085,0.04,0.045,0.06,0.05907397209
9.04,0.7111431025,-0.0298203142,-0.04234623172,-0.001242716738,0,1,0.03998933419,0.9992001067,0,0,1.5042294,1.590062647,-1.065667477,1.487298595,-0.4755568916,0.5058485929,0.5628666805,-1.445762688,1.589007866,1.411026305,1.887257515,-0.6869283124,-0.2170429736,0.0006820585431,-0.003643100834,-0.0190046439,0.0001805135734,0.01158509827,0.01970251096,-0.02611929244,0.004831167917,-0.007900748889,0.01782224797,0.01253333613,-0.01418260217,0.02380674968,0.01615786378,-0.02122958647,0.008620309396,0.02066826056,0.008620309396,0.085,0.04,0.045,0.06,0.05927349629
9.05,0.7107299874,-0.02983237201,-0.0402812584,-0.001169005031,0,1,0.03998933419,0.9992001067,0,0,1.504192969,1.5898726,-1.065665672,1.487414446,-0.4753598665,0.5055874,0.5629149922,-1.445841695,1.589186088,1.411151638,1.887115689,-0.6866902449,-0.2168813949,0.0004697626785,-0.003426651421,-0.0180690108,0.0001810807587,0.011062367,0.01873645792,-0.02483468068,0.004599441445,-0.007538180725,0.01693378666,0.01190048986,-0.01342861904,0.02261806123,0.01534255178,-0.02016059275,0.008619436691,0.02072730436,0.008619436691,0.085,0.04,0.04,0.06,0.05946354273
9.06,0.7103373838,-0.02984369764,-0.03824435099,-0.00109629517,0,1,0.03998933419,0.9992001067,0,0,1.504158702,1.58969191,-1.065663861,1.48752507,-0.4751725019,0.5053390532,0.5629609866,-1.445917077,1.589355426,1.411270643,1.886981403,-0.6864640643,-0.2167279694,0.000268156751,-0.003212847509,-0.01714661161,0.0001813814803,0.01054684818,0.01778513453,-0.0235678386,0.004371963995,-0.007181662722,0.01605798972,0.01127721238,-0.01268500055,0.02144653105,0.01453848917,-0.01910797235,0.008618609647,0.02078340424,0.008618609647,0.085,0.04,0.04,0.06,0.05964423284
9.07,0.7099649989,-0.02985430154,-0.03623789284,-0.001024672231,0,1,0.03998933419,0.9992001067,0,0,1.504126574,1.589520444,-1.065662047,1.487630538,-0.4749946506,0.5051033748,0.5630047063,-1.445988894,1.589516006,1.411383415,1.886854553,-0.686249599,-0.2165825845,7.707702751e-05,-0.003001980345,-0.01623854974,0.0001814384658,0.01003917423,0.01684958648,-0.02232031551,0.00414892418,-0.006831540882,0.01519589602,0.01066419563,-0.01195266223,0.02029352996,0.0137466622,-0.01807287547,0.008617827369,0.020836602,0.008617827369,0.085,0.04,0.04,0.06,0.05981569895
9.08,0.7096125164,-0.029864195,-0.03426429465,-0.0009542222689,0,1,0.03998933419,0.9992001067,0,0,1.504096554,1.589358059,-1.065660233,1.48773093,-0.4748261547,0.5048801716,0.5630461955,-1.446057209,1.589667965,1.411490057,1.886735026,-0.6860466637,-0.2164451179,-0.0001036517271,-0.002794343792,-0.01534594093,0.0001812741768,0.009539984276,0.01593087313,-0.0210936774,0.003930514383,-0.006488166805,0.01434855621,0.01006214045,-0.01123252927,0.0191604448,0.01296806757,-0.01705646746,0.00861708893,0.02088694291,0.00861708893,0.085,0.04,0.04,0.06,0.05966817814
9.09,0.7092795954,-0.02987339018,-0.03232599442,-0.0008850323096,0,1,0.03998933419,0.9992001067,0,0,1.50406861,1.589204599,-1.06565842,1.48782633,-0.474666846,0.5046692349,0.5630855006,-1.446122091,1.589811451,1.411590679,1.886622701,-0.6858550593,-0.2163154372,-0.0002742164018,-0.002590234207,-0.01446991321,0.0001809107375,0.00904992407,0.01503006776,-0.0198895068,0.003716930991,-0.006151897919,0.01351703273,0.009471756709,-0.01052553648,0.01804867856,0.01220371238,-0.01605992915,0.008616393367,0.02093447571,0.008616393367,0.085,0.04,0.04,0.06,0.05952469258
9.1,0.7089658706,-0.02988190014,-0.03042545749,-0.000817190357,0,1,0.03998933419,0.9992001067,0,0,1.504042708,1.5890599,-1.065656611,1.487916829,-0.4745165453,0.5044703398,0.56312267,-1.44618361,1.589946621,1.411685396,1.886517445,-0.6856745725,-0.2161934001,-0.0004348156932,-0.002389950325,-0.01361160686,0.0001803698657,0.00856964596,0.01414825777,-0.01870940266,0.003508374632,-0.005823097695,0.01270239981,0.008893763466,-0.009832628164,0.01695965034,0.01145461402,-0.01508445706,0.008615739688,0.02097925268,0.008615739688,0.085,0.04,0.04,0.06,0.05938952225
9.11,0.7086709521,-0.02988973878,-0.02856517654,-0.0007507853897,0,1,0.03998933419,0.9992001067,0,0,1.504018808,1.588923784,-1.065654807,1.488002525,-0.4743750627,0.5042832458,0.5631577537,-1.446241841,1.590073645,1.411774334,1.886419119,-0.685504976,-0.216078854,-0.0005856602638,-0.002193793155,-0.01277217445,0.0001796728064,0.008099808837,0.01328654489,-0.01755498024,0.003305050398,-0.00550213585,0.01190574352,0.00832888905,-0.009154758029,0.01589479544,0.01072180011,-0.01413126372,0.008615126861,0.02102132969,0.008615126861,0.085,0.04,0.04,0.06,0.05926249826
9.12,0.7083944245,-0.02989692093,-0.02674767155,-0.000685907362,0,1,0.03998933419,0.9992001067,0,0,1.50399687,1.588796062,-1.06565301,1.488083523,-0.4742421973,0.504107696,0.5631908042,-1.446296862,1.590192702,1.411857623,1.886327571,-0.685346028,-0.215971636,-0.000726972901,-0.002002065869,-0.01195278073,0.0001788402683,0.007641078087,0.01244604542,-0.01642787095,0.003107168054,-0.005189388552,0.01112816172,0.007777871199,-0.008492889121,0.01485556542,0.01000630844,-0.01320157792,0.008614553824,0.0210607662,0.008614553824,0.085,0.04,0.04,0.06,0.05914344082
9.13,0.7081358475,-0.02990346232,-0.02497548985,-0.0006226472034,0,1,0.03998933419,0.9992001067,0,0,1.50397685,1.588676535,-1.065651222,1.488159934,-0.4741177368,0.5039434173,0.5632218759,-1.446348756,1.590303984,1.411935401,1.886242643,-0.6851974724,-0.2158715729,-0.0008589886802,-0.001815073706,-0.01115460269,0.0001778923638,0.007194125547,0.01162789036,-0.01532972228,0.002914942251,-0.004885238604,0.01037076412,0.007241457161,-0.007847993732,0.0138434281,0.009309186872,-0.01229664495,0.008614019474,0.02109762534,0.008614019474,0.085,0.04,0.04,0.06,0.0590321592
9.14,0.7078947551,-0.02990937958,-0.02325120608,-0.0005610968192,0,1,0.03998933419,0.9992001067,0,0,1.503958699,1.588564988,-1.065649443,1.488231875,-0.4740014579,0.50379012,0.5632510253,-1.446397608,1.590407692,1.412007816,1.886164163,-0.6850590381,-0.215778481,-0.0009819551297,-0.001633123876,-0.01037882952,0.0001768485524,0.006759629468,0.01083322568,-0.01426219769,0.002728592704,-0.004590075621,0.00963467227,0.0067204038,-0.007221053331,0.01285986766,0.008631493299,-0.01141772678,0.008613522672,0.02113197393,0.008613522672,0.085,0.04,0.04,0.06,0.05892845156
9.15,0.7076706551,-0.02991469027,-0.02157742221,-0.0005013490898,0,1,0.03998933419,0.9992001067,0,0,1.503942368,1.5884612,-1.065647675,1.488299472,-0.4738931257,0.5036474981,0.5632783112,-1.446443509,1.590504038,1.41207502,1.886091952,-0.6849304394,-0.2156921661,-0.001096132398,-0.001456525476,-0.009626662578,0.0001757275885,0.006338274476,0.01006321237,-0.01322697647,0.002548344377,-0.004304296192,0.008921019542,0.006215477689,-0.006613058489,0.01190638461,0.007974295585,-0.01056610237,0.008613062241,0.0211638825,0.008613062241,0.085,0.04,0.04,0.06,0.05883210484
9.16,0.7074630295,-0.02991941288,-0.01995676754,-0.0004434978713,0,1,0.03998933419,0.9992001067,0,0,1.503927803,1.588364934,-1.065645917,1.488362854,-0.4737924935,0.5035152283,0.5633037947,-1.446486552,1.590593248,1.412137175,1.886025821,-0.6848113756,-0.2156124231,-0.001201793421,-0.001285589404,-0.008899315384,0.0001745474733,0.005930751537,0.009319026723,-0.01222575372,0.002374427644,-0.004028304033,0.008230951177,0.005727455195,-0.006025008822,0.01098449587,0.007338671508,-0.009743067758,0.008612636963,0.02119342536,0.008612636963,0.085,0.04,0.04,0.06,0.05874289464
9.17,0.7072713338,-0.02992356686,-0.01839189871,-0.0003876379951,0,1,0.03998933419,0.9992001067,0,0,1.503914947,1.58827594,-1.065644172,1.488422162,-0.4736993033,0.5033929708,0.563327539,-1.446526835,1.590675558,1.412194449,1.885965571,-0.6847015306,-0.2155390364,-0.001299224099,-0.001120628294,-0.008198013621,0.0001733254121,0.005537757933,0.008601860355,-0.01126024021,0.002207078429,-0.003762510116,0.007565624269,0.005257122558,-0.005457912931,0.0100957348,0.006725708713,-0.008949936311,0.008612245579,0.02122068063,0.008612245579,0.085,0.04,0.04,0.06,0.05866058513
9.18,0.7070949967,-0.0299271726,-0.01688549966,-0.0003338652683,0,1,0.03998933419,0.9992001067,0,0,1.50390374,1.58819396,-1.065642439,1.48847754,-0.4736132847,0.5032803683,0.5633496097,-1.44656446,1.590751214,1.41224702,1.885910992,-0.6846005732,-0.2154717793,-0.001388723462,-0.0009619564513,-0.007523995113,0.0001720777762,0.005159997229,0.007912920398,-0.01033216234,0.002046538337,-0.003507332788,0.006926207778,0.004805275956,-0.004912788355,0.009241651208,0.006136504671,-0.008188038834,0.008611886788,0.02124573027,0.008611886788,0.085,0.04,0.04,0.06,0.05858492889
9.19,0.7069334199,-0.02993025145,-0.01544028167,-0.000282276473,0,1,0.03998933419,0.9992001067,0,0,1.503894121,1.58811872,-1.065640718,1.48852914,-0.4735341555,0.5031770467,0.5633700751,-1.446599533,1.590820476,1.412295073,1.885861864,-0.6845081567,-0.2154104143,-0.00147060385,-0.0008098897949,-0.00687850982,0.0001708200709,0.004798179254,0.007253429571,-0.009443262084,0.001893054762,-0.00326319787,0.006313882529,0.004372721562,-0.00439066153,0.008423811379,0.005572166647,-0.007458723715,0.008611559245,0.02126866013,0.008611559245,0.085,0.04,0.04,0.06,0.05851566681
9.2,0.706785978,-0.02993282573,-0.01405898335,-0.0002329693672,0,1,0.03998933419,0.9992001067,0,0,1.503886022,1.588049935,-1.06563901,1.488577121,-0.4734616212,0.5030826141,0.5633890057,-1.446632165,1.590883615,1.4123388,1.885817958,-0.6844239186,-0.2153546926,-0.001545191087,-0.0006647458184,-0.006262819829,0.0001695669101,0.00445302009,0.006624626266,-0.008595296932,0.001746880973,-0.003030538736,0.005729841224,0.003960275588,-0.003892567751,0.007643798106,0.005033811672,-0.006763357029,0.00861126156,0.02128955998,0.00861126156,0.085,0.04,0.04,0.06,0.05845252799
9.21,0.7066520179,-0.02993491877,-0.01274437063,-0.0001860426842,0,1,0.03998933419,0.9992001067,0,0,1.503879375,1.587987307,-1.065637314,1.488621652,-0.4733953749,0.5029966611,0.5634064745,-1.446662471,1.590940914,1.412378403,1.885779032,-0.6843474806,-0.2153043545,-0.001612824658,-0.0005268435548,-0.005678199353,0.0001683319966,0.004125242051,0.006027764607,-0.007790039861,0.001608276179,-0.002809796372,0.005175288441,0.003568764317,-0.003419551156,0.006903210692,0.004522566525,-0.006103322608,0.008610992297,0.02130852355,0.008610992297,0.085,0.04,0.04,0.06,0.05839522957
9.22,0.706530859,-0.02993655485,-0.01149923677,-0.0001415961327,0,1,0.03998933419,0.9992001067,0,0,1.503874106,1.587930525,-1.065635631,1.488662904,-0.4733350973,0.5029187607,0.5634225572,-1.446690569,1.590992666,1.412414091,1.885744837,-0.6842784485,-0.2152591288,-0.001673857884,-0.000396503556,-0.005125934728,0.0001671281098,0.003815573686,0.005464114482,-0.007029279315,0.00147750557,-0.002601419411,0.004651440637,0.003199024119,-0.002972664705,0.006203664965,0.004039567719,-0.005480022099,0.008610749971,0.02132564856,0.008610749971,0.085,0.04,0.04,0.06,0.05834347669
9.23,0.7064217922,-0.02993775929,-0.01032640236,-9.973039698e-05,0,1,0.03998933419,0.9992001067,0,0,1.503870141,1.587879266,-1.065633959,1.48870106,-0.4732804561,0.5028484679,0.5634373323,-1.446716583,1.591039181,1.412446081,1.88571511,-0.6842164119,-0.2152187331,-0.001728658105,-0.0002740478841,-0.004607324412,0.0001659671019,0.003524749775,0.004934961559,-0.006314819197,0.001354840336,-0.002405864144,0.004159526151,0.002851901461,-0.002552970179,0.005546793279,0.003585961506,-0.004894874976,0.008610533051,0.0213410368,0.008610533051,0.085,0.04,0.04,0.06,0.05829696228
9.24,0.7063240804,-0.0299385584,-0.009228715303,-6.054713658e-05,0,1,0.03998933419,0.9992001067,0,0,1.503867401,1.587833192,-1.0656323,1.488736307,-0.4732311065,0.5027853198,0.5634508807,-1.446740642,1.591080776,1.4124746,1.88568958,-0.6841609439,-0.2151828735,-0.001777606854,-0.0001598001151,-0.004123678993,0.0001648599001,0.003253511335,0.004441607263,-0.005648478879,0.001240557648,-0.002223594511,0.003700785206,0.002528252891,-0.002161538187,0.004934244512,0.003162903879,-0.004349318528,0.008610339953,0.0213547941,0.008610339953,0.085,0.04,0.04,0.06,0.05825536702
9.25,0.7062369578,-0.02993897952,-0.008209050844,-2.414898667e-05,0,1,0.03998933419,0.9992001067,0,0,1.503865803,1.587791956,-1.065630651,1.488768842,-0.4731866904,0.502728835,0.5634632863,-1.446762878,1.591117784,1.412499883,1.885667965,-0.6841116015,-0.2151512445,-0.00182110004,-5.408535733e-05,-0.003676321192,0.0001638165197,0.003002605635,0.003985368737,-0.005032093228,0.001134940628,-0.002055082055,0.003276469909,0.00222894501,-0.001799448183,0.004367684062,0.002771560596,-0.003844807809,0.008610169041,0.02136703045,0.008610169041,0.085,0.04,0.04,0.06,0.05821835917
9.26,0.7061596297,-0.02993905101,-0.007270311547,9.360442201e-06,0,1,0.03998933419,0.9992001067,0,0,1.503865262,1.587755192,-1.065629013,1.488798868,-0.4731468367,0.502678514,0.5634746357,-1.446783428,1.591150549,1.412522172,1.88564997,-0.6840679247,-0.2151235289,-0.001859548118,4.276971575e-05,-0.003266585875,0.0001628460847,0.002772786216,0.003567578766,-0.00446751265,0.001038278268,-0.001900805854,0.002887844249,0.001954854431,-0.001467788497,0.003848793826,0.002413107206,-0.003382815553,0.008610018628,0.02137785995,0.008610018628,0.085,0.04,0.04,0.06,0.05818559447
9.27,0.7060912721,-0.02993880229,-0.006415427305,3.9876564e-05,0,1,0.03998933419,0.9992001067,0,0,1.503865689,1.587722527,-1.065627385,1.488826596,-0.473111161,0.5026338389,0.5634850185,-1.446802436,1.591179427,1.412541721,1.885635292,-0.6840294367,-0.2150993978,-0.001893376273,0.000130436817,-0.002895820065,0.000161956858,0.00256481292,0.003189585669,-0.003956603147,0.0009508653331,-0.001761252424,0.002536184097,0.001706867714,-0.001167656383,0.003379272184,0.002088729094,-0.002964832051,0.008609886971,0.02138740093,0.008609886971,0.085,0.04,0.04,0.06,0.05815671603
9.28,0.7060310317,-0.02993826381,-0.005647355335,6.729381725e-05,0,1,0.03998933419,0.9992001067,0,0,1.503866994,1.587693568,-1.065625765,1.488852244,-0.4730792651,0.5025942729,0.5634945271,-1.446820049,1.591204789,1.412558789,1.885623616,-0.683995644,-0.2150785105,-0.001923024594,0.0002085859811,-0.002565382959,0.0001611562828,0.002379451926,0.002852753163,-0.003501246405,0.0008730022246,-0.001636915581,0.002222777207,0.001485881282,-0.000900158073,0.002960833966,0.001799621533,-0.002592364981,0.008609772272,0.02139577595,0.008609772272,0.085,0.04,0.04,0.06,0.05813135419
9.29,0.7059780256,-0.0299374671,-0.004969080183,9.150566503e-05,0,1,0.03998933419,0.9992001067,0,0,1.50386908,1.587667915,-1.065624153,1.488876039,-0.4730507376,0.5025592604,0.5635032571,-1.446836418,1.591227017,1.412573648,1.885614614,-0.6839660357,-0.2150605143,-0.001948948244,0.0002768854822,-0.002276645951,0.0001604510338,0.002217475793,0.002558460185,-0.003103339886,0.0008049948031,-0.001528296281,0.001948923207,0.001292801321,-0.0006664088506,0.002595210416,0.001546989752,-0.002266939206,0.008609672675,0.02140311183,0.008609672675,0.085,0.04,0.04,0.06,0.05810912642
9.3,0.7059313408,-0.02993644474,-0.004383613721,0.0001124045949,0,1,0.03998933419,0.9992001067,0,0,1.503871848,1.587645148,-1.065622549,1.488898214,-0.473025153,0.502528227,0.5635113071,-1.446851701,1.591246506,1.412586576,1.88560795,-0.6839400836,-0.2150450444,-0.001971617636,0.0003350017338,-0.002030992654,0.0001598470797,0.002079663519,0.002308100679,-0.00276479696,0.0007471541804,-0.001435902414,0.001715933601,0.001128543654,-0.0004675331416,0.002284149149,0.00133204902,-0.00199009651,0.008609586267,0.0214095397,0.008609586267,0.085,0.04,0.04,0.06,0.05808963718
9.31,0.7058900339,-0.02993523041,-0.003893995147,0.0001298821191,0,1,0.03998933419,0.9992001067,0,0,1.503875199,1.587624838,-1.06562095,1.48891901,-0.473002072,0.502500579,0.5635187786,-1.44686606,1.591263665,1.412597862,1.885603275,-0.6839172421,-0.2150317239,-0.001991518601,0.0003825991693,-0.001829818932,0.0001593497578,0.001966800601,0.002103083346,-0.002487547045,0.0006997964677,-0.001360248563,0.00152513176,0.0009940335921,-0.0003046646166,0.002029414094,0.001156024739,-0.001763395303,0.008609511075,0.02141519505,0.008609511075,0.085,0.04,0.04,0.06,0.05807247785
9.32,0.7058531312,-0.02993385887,-0.003503290985,0.0001438287743,0,1,0.03998933419,0.9992001067,0,0,1.503879024,1.58760654,-1.065619357,1.488938678,-0.4729810411,0.5024757036,0.5635257766,-1.446879663,1.591278917,1.412607802,1.885600228,-0.6838969479,-0.2150201637,-0.002009152554,0.0004193401032,-0.001674532931,0.000158963861,0.001879679113,0.001944831352,-0.002273535778,0.0006632424828,-0.001301855728,0.001377852922,0.0008902057674,-0.0001789463143,0.001832785434,0.001020152559,-0.001588410266,0.008609445065,0.02142021777,0.008609445065,0.085,0.04,0.04,0.06,0.05805722653
9.33,0.705819628,-0.02993236597,-0.003214595089,0.0001541341218,0,1,0.03998933419,0.9992001067,0,0,1.503883218,1.587589795,-1.065617767,1.488957475,-0.4729615928,0.5024529682,0.563532409,-1.446892681,1.591292695,1.412616704,1.885598439,-0.6838786201,-0.2150099621,-0.002025036657,0.0004448845698,-0.001566555122,0.0001586937378,0.001819097788,0.001834781987,-0.002124725212,0.0006378174139,-0.001261251,0.001275444181,0.0008180039327,-9.15307816e-05,0.001696059529,0.0009256785053,-0.001466731941,0.008609386142,0.02142475217,0.008609386142,0.085,0.04,0.04,0.06,0.058043448
9.34,0.7057884888,-0.02993078869,-0.003031028635,0.0001606867473,0,1,0.03998933419,0.9992001067,0,0,1.503887667,1.587574129,-1.06561618,1.488975666,-0.472943245,0.502431721,0.5635387872,-1.446905294,1.59130545,1.412624884,1.885597523,-0.6838616595,-0.2150007054,-0.002039703976,0.0004588901424,-0.001507318339,0.0001585434055,0.001785862116,0.001774386283,-0.002043094034,0.0006238504372,-0.0012389672,0.001219264482,0.0007783807405,-4.35802318e-05,0.001621048839,0.0008738591259,-0.001399966271,0.008609332149,0.02142894701,0.008609332149,0.085,0.04,0.04,0.06,0.05803069356
9.35,0.7057586465,-0.02992916512,-0.002955740128,0.0001633742611,0,1,0.03998933419,0.9992001067,0,0,1.503892256,1.587559056,-1.065614595,1.488993525,-0.4729255011,0.50241129,0.5635450257,-1.446917683,1.591317642,1.412632668,1.885597088,-0.683845449,-0.2149919668,-0.002053703639,0,0,0,0,0,0,0,0,0,0,0,0,0,0,0.008609280866,0.02143295558,0.008609280866,0.085,0.04,0.04,0.06,0.05801850091
