# L_phi_L=0.19,L_phi_R=0.195
t,theta,s,theta_dot,s_dot,sin_phi_L,cos_phi_L,sin_phi_R,cos_phi_R,phi_dot_L,phi_dot_R,qL1,qL2,qL3,qL4,qL5,qL6,qL7,qR1,qR2,qR3,qR4,qR5,qR6,qR7,qdotL1,qdotL2,qdotL3,qdotL4,qdotL5,qdotL6,qdotL7,qdotR1,qdotR2,qdotR3,qdotR4,qdotR5,qdotR6,qdotR7,dL,dR,d_min,m_phi_minus_L,m_phi_minus_R,m_phi_plus_L,m_phi_plus_R,m_q
0,-0.4635578229,-0.1491827587,0.335151656,0.04787335155,-0.03302549081,0.9994545097,0.002637792114,0.999996521,0,0,1.126118212,1.558496718,-1.464627456,1.392953577,0.4472776909,-0.06665320583,-0.1220462986,-1.079834429,1.6493361,1.077666491,0.9732357306,0.5171918651,0.5063081302,-0.7352953581,0.2090021895,-0.009970102992,0.03576435997,0.1596081206,-0.3096859878,-0.01072266051,0.1986222675,-0.2786458031,2.220446049e-14,0.3238626491,0.4301022076,-0.5686391797,-0.408752952,0.07350863706,0.007771309786,0.0382284221,0.007771309786,0.1253340182,0.313333299,0.008031496778,0.002362204716,4.351000782e-08
0.01,-0.4602061982,-0.1487040109,0.3351840129,0.04787761572,-0.03302549081,0.9994545097,0.002637792114,0.999996521,0,0,1.128208234,1.558397017,-1.464269812,1.394549658,0.444180831,-0.06676043244,-0.120060076,-1.082620887,1.6493361,1.080905118,0.9775367526,0.5115054733,0.5022206007,-0.7345602717,0.2092979784,-0.01001661293,0.03575538652,0.1597559894,-0.3098049242,-0.01087509372,0.1993882461,-0.2781402571,0,0.3219474929,0.4296182546,-0.5659635621,-0.4083243002,0.07450738578,0.007774845145,0.03823259668,0.007774845145,0.1243765236,0.3085404729,0.008031496778,0.002362204716,4.35100076e-08
0.02,-0.4568539308,-0.1482251785,0.3352799261,0.04789025567,-0.03302549081,0.9994545097,0.002637792114,0.999996521,0,0,1.130301214,1.558296851,-1.463912259,1.396147218,0.4410827817,-0.06686918337,-0.1180661935,-1.08540229,1.6493361,1.084124593,0.9818329352,0.5058458377,0.4981373577,-0.7338151979,0.2094850279,-0.01000204011,0.0359706338,0.1597649306,-0.309968838,-0.01063886032,0.2000878333,-0.2774657833,0,0.3197391353,0.429246845,-0.5630391479,-0.4076890161,0.07581840723,0.007778390111,0.03823677563,0.007778390111,0.1234188596,0.303746768,0.008031496778,0.002362204716,4.35100076e-08
0.03,-0.4535003936,-0.1477461787,0.3354376695,0.04791104392,-0.03302549081,0.9994545097,0.002637792114,0.999996521,0,0,1.132396064,1.55819683,-1.463552552,1.397744867,0.4379830934,-0.06697557198,-0.1160653152,-1.088176948,1.6493361,1.087321984,0.9861254036,0.5002154462,0.4940604675,-0.7330570138,0.2078831779,-0.009348898902,0.03836530802,0.1570813355,-0.3099491964,-0.005967500193,0.2001025931,-0.2732864365,0,0.3110350605,0.4265377795,-0.553561516,-0.4025024137,0.08049675266,0.007781943977,0.0382409563,0.007781943977,0.1225345724,0.2989513299,0.008031496778,0.002362204716,4.35100076e-08
0.04,-0.450144977,-0.1472669312,0.3356555311,0.04793975486,-0.03302549081,0.9994545097,0.002637792114,0.999996521,0,0,1.134474896,1.558103341,-1.463168899,1.39931568,0.4348836014,-0.06703524698,-0.1140642892,-1.090909812,1.6493361,1.090432335,0.9903907814,0.494679831,0.4900354434,-0.7322520463,0.2078611607,-0.009372205309,0.03843213678,0.1561312432,-0.3101176249,-0.005435342112,0.2012959618,-0.2714441747,0,0.3061134395,0.423367635,-0.5479303655,-0.4003255567,0.08198567117,0.007785487469,0.03824333343,0.007785487469,0.1229142836,0.2946194726,0.008031496778,0.002362204716,4.35100076e-08
0.05,-0.4467870882,-0.1467873579,0.3359318129,0.04797616472,-0.03302549081,0.9994545097,0.002637792114,0.999996521,0,0,1.136553508,1.558009619,-1.462784578,1.400876993,0.4317824251,-0.0670896004,-0.1120513296,-1.093624254,1.6493361,1.093493469,0.9946244578,0.4892005274,0.4860321878,-0.7314321896,0.2082961378,-0.009427674032,0.03845622381,0.1563742097,-0.3104547814,-0.005570369581,0.2022080961,-0.2711746147,0,0.3046331115,0.4232080436,-0.5459173591,-0.4002259874,0.08298145588,0.007789035217,0.03824426339,0.007789035217,0.1234019511,0.2907772554,0.008031496778,0.002362204716,4.35100076e-08
0.06,-0.4434261516,-0.146307383,0.3362648309,0.04802005157,-0.03302549081,0.9994545097,0.002637792114,0.999996521,0,0,1.138636469,1.557915342,-1.462400016,1.402440735,0.4286778773,-0.0671453041,-0.1100292487,-1.096336,1.6493361,1.0965398,0.9988565382,0.4837413538,0.482029928,-0.730602375,0.2087646417,-0.009484733493,0.03848663577,0.1566402813,-0.3108438407,-0.005705417522,0.2031564486,-0.2709462092,0,0.3031974064,0.4231133516,-0.5439861365,-0.4001899289,0.08399418246,0.007771649943,0.03824519536,0.007771649943,0.1235205331,0.2869316853,0.008031496778,0.002362204716,4.35100076e-08
0.07,-0.4400616081,-0.1458269327,0.3366529151,0.04807119535,-0.03302549081,0.9994545097,0.002637792114,0.999996521,0,0,1.140724115,1.557820495,-1.462015149,1.404007138,0.4255694389,-0.06720235827,-0.1079976842,-1.099045462,1.6493361,1.099571774,1.003087672,0.4783014924,0.4780280287,-0.7297624332,0.2092658588,-0.00954337046,0.03852317692,0.1569288559,-0.3112832984,-0.005840583611,0.2041404625,-0.2707573741,-2.220446049e-14,0.3018037411,0.4230812544,-0.5421324733,-0.4002151671,0.08502400506,0.007750369754,0.03824612948,0.007750369754,0.1232689999,0.2830821472,0.008031496778,0.002362204716,4.35100076e-08
0.08,-0.4366929153,-0.1453459356,0.3370944098,0.04812937783,-0.03302549081,0.9994545097,0.002637792114,0.999996521,0,0,1.142816774,1.557725061,-1.461629917,1.405576426,0.4224566059,-0.06726076411,-0.1059562795,-1.101753036,1.6493361,1.102589812,1.007318484,0.4728801677,0.474025877,-0.7289121931,0.208003209,-0.008913615587,0.04087041201,0.1548932203,-0.3114875222,-0.001489061559,0.204108348,-0.2676238121,2.220446049e-14,0.2954237453,0.4219757518,-0.5355020254,-0.3963518743,0.08926787607,0.007728891325,0.03824706586,0.007728891325,0.1226460872,0.2792280446,0.008031496778,0.002362204716,4.351000782e-08
0.09,-0.4333195473,-0.1448643224,0.3375876728,0.04819438262,-0.03302549081,0.9994545097,0.002637792114,0.999996521,0,0,1.144896806,1.557635925,-1.461221213,1.407125359,0.4193417307,-0.06727565472,-0.1039151961,-1.104429274,1.6493361,1.105544049,1.011538242,0.4675251474,0.4700623583,-0.7280195144,0.2077982922,-0.008852506653,0.04126716484,0.1534004341,-0.3118352448,-0.0001731408362,0.2054370674,-0.2653329028,0,0.2897463976,0.4182685248,-0.5293907133,-0.3935610994,0.09125638587,0.007708821293,0.03824799427,0.007708821293,0.1227848064,0.2762319434,0.008031496778,0.002362204716,4.35100076e-08
0.1,-0.4299409947,-0.1443820259,0.3381310765,0.0482659952,-0.03302549081,0.9994545097,0.002637792114,0.999996521,0,0,1.146974789,1.5575474,-1.460808542,1.408659363,0.4162233783,-0.06727738613,-0.1018608254,-1.107082603,1.6493361,1.108441513,1.015720927,0.4622312403,0.4661267473,-0.7271069505,0.2083850165,-0.008918001812,0.04133163178,0.1537426468,-0.3124115371,-0.0002841216516,0.2065186969,-0.26529247,2.220446049e-14,0.2886469498,0.4184410083,-0.5279842681,-0.39379252,0.09228349224,0.007688813124,0.03824891753,0.007688813124,0.1233469215,0.2733348709,0.008031496778,0.002362204716,4.35100076e-08
0.11,-0.426556764,-0.1438989812,0.3387230069,0.04834400289,-0.03302549081,0.9994545097,0.002637792114,0.999996521,0,0,1.149058639,1.55745822,-1.460395225,1.410196789,0.4130992629,-0.06728022735,-0.09979563842,-1.109735528,1.6493361,1.111327983,1.019905337,0.4569513976,0.4621888221,-0.7261841156,0.2090008541,-0.008984919266,0.04140186935,0.1541044022,-0.3130322387,-0.0003946769418,0.2076335496,-0.2652850319,-2.220446049e-14,0.2875794743,0.418666706,-0.52663932,-0.3940759493,0.09332840276,0.007668588555,0.03824984344,0.007668588555,0.1235356641,0.2704331786,0.008031496778,0.002362204716,4.351000737e-08
0.12,-0.4231663781,-0.1434151252,0.3393618642,0.04842819486,-0.03302549081,0.9994545097,0.002637792114,0.999996521,0,0,1.151148648,1.557368371,-1.459981207,1.411737833,0.4099689405,-0.06728417412,-0.09771930293,-1.112388378,1.6493361,1.114203777,1.024092004,0.4516850044,0.4582480626,-0.7252508315,0.2096450153,-0.009053248284,0.0414776818,0.154485131,-0.3136959037,-0.0005049086755,0.2087810358,-0.26530916,0,0.2865417847,0.4189434934,-0.5253521995,-0.3944093583,0.09439113985,0.007648143781,0.03825077209,0.007648143781,0.1233491758,0.2675264783,0.008031496778,0.002362204716,4.35100076e-08
0.13,-0.4197693756,-0.1429303973,0.3400460627,0.04851836212,-0.03302549081,0.9994545097,0.002637792114,0.999996521,0,0,1.153245098,1.557277839,-1.45956643,1.413282685,0.4068319815,-0.0672892232,-0.09563149257,-1.11504147,1.6493361,1.117069195,1.028281439,0.4464314824,0.454303969,-0.7243069202,0.2088938887,-0.008550809255,0.04345639894,0.1532252389,-0.3141258754,0.002971470486,0.2089190549,-0.2632756411,2.220446049e-14,0.2822733284,0.4189915578,-0.5211866784,-0.391978758,0.09790758639,0.007627474984,0.0382517036,0.007627474984,0.1227853946,0.2646143947,0.008031496778,0.002362204716,4.35100076e-08
0.14,-0.416365311,-0.1424447388,0.3407740304,0.04861429752,-0.03302549081,0.9994545097,0.002637792114,0.999996521,0,0,1.155334037,1.55719233,-1.459131866,1.414814937,0.4036907227,-0.0672595085,-0.09354230202,-1.117674226,1.6493361,1.119891928,1.032471355,0.4412196157,0.4503841814,-0.7233278443,0.2084215841,-0.00836501676,0.04430163533,0.1511658033,-0.3145870949,0.005266137393,0.2102372177,-0.2605400748,-2.220446049e-14,0.2760052738,0.4149782027,-0.5148125629,-0.3885410078,0.1004739335,0.007607926114,0.03825263069,0.007607926114,0.1226727601,0.2616965657,0.008031496778,0.002362204716,4.351000737e-08
0.15,-0.4129537543,-0.1419580928,0.3415442098,0.04871579579,-0.03302549081,0.9994545097,0.002637792114,0.999996521,0,0,1.157418253,1.55710868,-1.458688849,1.416326595,0.4005448518,-0.06720684713,-0.09143992984,-1.120279627,1.6493361,1.122651981,1.036621137,0.43607149,0.4464987713,-0.722323105,0.2091364937,-0.008438329491,0.04440461671,0.1515890576,-0.3153643757,0.005185132279,0.2114716779,-0.2606823697,2.220446049e-14,0.2752000928,0.4154222716,-0.5138824033,-0.3890382828,0.1015440013,0.00758873187,0.03825355083,0.00758873187,0.1232980591,0.2587726463,0.008031496778,0.002362204716,4.35100076e-08
0.16,-0.4095342912,-0.141470405,0.342355057,0.04882265349,-0.03302549081,0.9994545097,0.002637792114,0.999996521,0,0,1.159509618,1.557024297,-1.458244803,1.417842486,0.397391208,-0.0671549958,-0.08932521306,-1.12288645,1.6493361,1.125403982,1.040775359,0.430932666,0.4426083885,-0.7213076649,0.2098762764,-0.008512926576,0.04451275572,0.1520285642,-0.3161788546,0.005104865212,0.2127362044,-0.2608504578,-2.220446049e-14,0.2744166453,0.4159089474,-0.5129967061,-0.3895771967,0.1026319187,0.007569300199,0.03825447412,0.007569300199,0.1235430816,0.255842294,0.008031496778,0.002362204716,4.351000737e-08
0.17,-0.4061065227,-0.1409816226,0.3432050423,0.04893466901,-0.03302549081,0.9994545097,0.002637792114,0.999996521,0,0,1.16160838,1.556939168,-1.457799676,1.419362771,0.3942294195,-0.06710394715,-0.08719785102,-1.125494955,1.6493361,1.128148149,1.044934449,0.4258026989,0.4387126165,-0.7202813458,0.2106401678,-0.008588798817,0.04462585619,0.1524837871,-0.3170291454,0.005025228484,0.2140301811,-0.2610430478,0,0.273653074,0.4164362713,-0.5121522682,-0.3901558881,0.1037376003,0.007549627448,0.03825540066,0.007549627448,0.1234052451,0.2529051843,0.008031496778,0.002362204716,4.35100076e-08
0.18,-0.4026700649,-0.1404916951,0.3440926501,0.04905164262,-0.03302549081,0.9994545097,0.002637792114,0.999996521,0,0,1.163714782,1.55685328,-1.457353417,1.420887609,0.391059128,-0.06705369487,-0.08505754921,-1.128105385,1.6493361,1.130884679,1.049098812,0.4206811762,0.4348110577,-0.7192439697,0.2102395919,-0.008168253997,0.04638711629,0.1517453271,-0.3176402283,0.00795230227,0.2143083859,-0.2597131984,0,0.2706807606,0.4172518992,-0.5095318644,-0.3886596306,0.1068291235,0.007529709949,0.03825633053,0.007529709949,0.122881792,0.2499610049,0.008031496778,0.002362204716,4.35100076e-08
0.19,-0.3992245493,-0.1400005739,0.3450163787,0.04917337641,-0.03302549081,0.9994545097,0.002637792114,0.999996521,0,0,1.165817178,1.556771597,-1.456889546,1.422405062,0.3878827257,-0.06697417184,-0.08291446535,-1.130702517,1.6493361,1.133591487,1.053271331,0.4155858576,0.4309244614,-0.7181756785,0.2096125256,-0.007901383177,0.04754142338,0.1493315228,-0.3181883435,0.01092280441,0.2156100818,-0.2567944651,2.220446049e-14,0.2643455594,0.413167687,-0.5034246097,-0.3849050414,0.1097270622,0.007510725573,0.03825725828,0.007510725573,0.1219696518,0.2470094539,0.008031496778,0.002362204716,4.35100076e-08
0.2,-0.3957696219,-0.1395082123,0.3459747405,0.04929967435,-0.03302549081,0.9994545097,0.002637792114,0.999996521,0,0,1.167913303,1.556692583,-1.456414132,1.423898378,0.3847008423,-0.0668649438,-0.08075836453,-1.133270462,1.6493361,1.136234943,1.057403007,0.4105516115,0.4270754109,-0.7170784079,0.2104323227,-0.007983241436,0.04768148564,0.149812336,-0.3191302603,0.01087796441,0.2169805586,-0.2570757844,-2.220446049e-14,0.2637575476,0.4138218809,-0.5028575822,-0.3856070259,0.1108471066,0.007492287344,0.03825817817,0.007492287344,0.121968504,0.2450338167,0.008031496778,0.002362204716,4.351000737e-08
0.21,-0.3923049439,-0.1390145658,0.3469662618,0.04943034223,-0.03302549081,0.9994545097,0.002637792114,0.999996521,0,0,1.170017626,1.556612751,-1.455937317,1.425396501,0.3815095397,-0.06675616415,-0.07858855895,-1.13584122,1.6493361,1.138872518,1.061541226,0.4055230357,0.4232193407,-0.7159699368,0.2112738166,-0.008066368906,0.04782593352,0.1503089228,-0.3201027037,0.01083248611,0.2183771791,-0.2573792002,0,0.2631881074,0.4145146895,-0.5023257701,-0.3863450467,0.1119836135,0.007473586886,0.03825910163,0.007473586886,0.121968504,0.243053965,0.008031496778,0.002362204716,4.35100076e-08
0.22,-0.388830191,-0.1385195916,0.3479894831,0.04956518769,-0.03302549081,0.9994545097,0.002637792114,0.999996521,0,0,1.172130365,1.556532087,-1.455459058,1.42689959,0.3783085127,-0.06664783929,-0.07640478716,-1.138415012,1.6493361,1.141504399,1.065686373,0.400499778,0.4193558902,-0.7148501007,0.2121353841,-0.008150680465,0.04797467707,0.1508182004,-0.3211041052,0.01078780482,0.2197999452,-0.2577008609,0,0.2626304852,0.4152386504,-0.5018212009,-0.3871136302,0.1131371891,0.00745462044,0.03826002872,0.00745462044,0.121968504,0.2410685729,0.008031496778,0.002362204716,4.35100076e-08
0.23,-0.3853450534,-0.1380232488,0.3490429588,0.04970402024,-0.03302549081,0.9994545097,0.002637792114,0.999996521,0,0,1.174251718,1.55645058,-1.454979311,1.428407772,0.3750974716,-0.06653996125,-0.0742067877,-1.140992021,1.6493361,1.144130704,1.06983876,0.395481566,0.4154847539,-0.7137187288,0.2118473805,-0.007753115301,0.04970532687,0.1501953085,-0.3218203685,0.01363633982,0.2201699552,-0.2565789886,2.220446049e-14,0.2600461021,0.4162210543,-0.4998061775,-0.3858801437,0.1161324639,0.007435384401,0.03826095951,0.007435384401,0.121968504,0.2390774698,0.008031496778,0.002362204716,4.35100076e-08
0.24,-0.3818492358,-0.1375254985,0.3501252573,0.04984665121,-0.03302549081,0.9994545097,0.002637792114,0.999996521,0,0,1.176370192,1.556373049,-1.454482258,1.429909725,0.3718792679,-0.06640359785,-0.07200508815,-1.14355781,1.6493361,1.146731165,1.07400097,0.3904835042,0.4116259525,-0.7125574042,0.2112776001,-0.00746047729,0.05098581644,0.1478938093,-0.3224696662,0.01676366921,0.2214399332,-0.2539683878,-2.220446049e-14,0.2545093162,0.4127656552,-0.4947701384,-0.3824817305,0.1190448375,0.007417028397,0.03826188879,0.007417028397,0.1219747083,0.2370804933,0.008031496778,0.002362204716,4.351000737e-08
0.25,-0.3783424569,-0.1370263037,0.3512349612,0.0499928938,-0.03302549081,0.9994545097,0.002637792114,0.999996521,0,0,1.178482968,1.556298445,-1.453972399,1.431388663,0.3686545713,-0.06623596116,-0.06979068882,-1.146097494,1.6493361,1.149276258,1.078128627,0.3855358028,0.4078011352,-0.7113669558,0.2121447943,-0.007545683832,0.05116650433,0.1483102383,-0.3235307517,0.01682409246,0.2229541992,-0.2542481106,0,0.2538902019,0.4133537979,-0.4942907171,-0.3831877186,0.1202450464,0.007399285563,0.03826281109,0.007399285563,0.121968504,0.235077487,0.008031496778,0.002362204716,4.35100076e-08
0.26,-0.3748244499,-0.1365256292,0.352370667,0.05014256306,-0.03302549081,0.9994545097,0.002637792114,0.999996521,0,0,1.180604416,1.556222988,-1.453460734,1.432871766,0.3654192637,-0.06606772023,-0.06756114683,-1.148639975,1.6493361,1.15181516,1.082262165,0.3805928956,0.403969258,-0.7101645053,0.2130668836,-0.007635702734,0.05134612996,0.1488495249,-0.3246260946,0.01681671339,0.2244648462,-0.2546510278,0,0.2534797031,0.41420305,-0.4940276322,-0.3840746265,0.1214309562,0.007381267252,0.03826373686,0.007381267252,0.121968504,0.2330683035,0.008031496778,0.002362204716,4.35100076e-08
0.27,-0.3712949616,-0.1360234416,0.3535309851,0.05029547586,-0.03302549081,0.9994545097,0.002637792114,0.999996521,0,0,1.182735085,1.556146631,-1.452947273,1.434360261,0.3621730028,-0.0658995531,-0.06531649837,-1.151186486,1.6493361,1.154349957,1.086404195,0.3756526193,0.4001285117,-0.7089501958,0.2140051923,-0.007726835194,0.05152934601,0.1493987312,-0.3257438419,0.01681015708,0.2259982396,-0.2550666305,0,0.2530744678,0.4150748104,-0.4937798916,-0.3849837686,0.1226327248,0.007362961871,0.03826466657,0.007362961871,0.121968504,0.2310528034,0.008031496778,0.002362204716,4.35100076e-08
0.28,-0.3677537527,-0.1355197095,0.3547145401,0.05045145095,-0.03302549081,0.9994545097,0.002637792114,0.999996521,0,0,1.184875137,1.556069362,-1.45243198,1.435854248,0.3589155644,-0.06573145153,-0.06305651597,-1.153737152,1.6493361,1.156880702,1.090554943,0.3707148204,0.396278674,-0.7077238685,0.2136635596,-0.007294790276,0.05343105969,0.1487315532,-0.3264916402,0.01995149453,0.2263023331,-0.2539290745,0,0.2505521266,0.4162017826,-0.4920762952,-0.3836990741,0.1257681544,0.007344365857,0.03826560026,0.007344365857,0.121968504,0.2290308553,0.008031496778,0.002362204716,4.35100076e-08
0.29,-0.3642005978,-0.135014403,0.3559199707,0.05061030891,-0.03302549081,0.9994545097,0.002637792114,0.999996521,0,0,1.187011772,1.555996414,-1.451897669,1.437341564,0.355650648,-0.06553193658,-0.06079349264,-1.156276443,1.6493361,1.159386223,1.094716961,0.3657940575,0.3924416833,-0.706466187,0.2132247974,-0.00704150104,0.05463791626,0.1465046745,-0.3272352245,0.02297382034,0.2276986446,-0.2516012131,0,0.245650868,0.4129306274,-0.4878474227,-0.3806155504,0.1285252145,0.007326730454,0.03826653224,0.007326730454,0.121972331,0.2270023369,0.008031496778,0.002362204716,4.35100076e-08
0.3,-0.3606352849,-0.1345074943,0.3571459294,0.05077187217,-0.03302549081,0.9994545097,0.002637792114,0.999996521,0,0,1.18914402,1.555925999,-1.45135129,1.438806611,0.3523782957,-0.06530219838,-0.05851650619,-1.158792455,1.6493361,1.161842732,1.098846267,0.3609155832,0.3886355278,-0.7051809348,0.2141726248,-0.007134858107,0.05484975675,0.147000832,-0.3283969612,0.02304432402,0.2292992628,-0.252007944,0,0.2452537364,0.4137504487,-0.4876765171,-0.3815068942,0.1297593348,0.00730961238,0.03826745807,0.00730961238,0.121968504,0.2249671349,0.008031496778,0.002362204716,4.35100076e-08
0.31,-0.3570576153,-0.1339989571,0.3583910828,0.05093596501,-0.03302549081,0.9994545097,0.002637792114,0.999996521,0,0,1.191285747,1.555854651,-1.450802792,1.440276619,0.3490943261,-0.06507175514,-0.05622351356,-1.161312534,1.6493361,1.164295269,1.102983772,0.3560388181,0.3848204588,-0.7038833415,0.2151543638,-0.007231316133,0.05506202413,0.1475672355,-0.3295818703,0.02307687678,0.2309053427,-0.2524801952,0,0.2449582519,0.414712941,-0.4876099992,-0.3824980105,0.1309928162,0.007292194717,0.03826838779,0.007292194717,0.121968504,0.2229251361,0.008031496778,0.002362204716,4.35100076e-08
0.32,-0.3534674037,-0.1334887671,0.3596541116,0.05110241357,-0.03302549081,0.9994545097,0.002637792114,0.999996521,0,0,1.19343729,1.555782338,-1.450252172,1.441752291,0.3457985074,-0.06484098637,-0.05391446014,-1.163837336,1.6493361,1.166744852,1.107130901,0.3511627181,0.3809954787,-0.7025734133,0.2161486393,-0.007328839948,0.05527713277,0.1481410072,-0.3307829404,0.02311013609,0.2325306955,-0.2529601999,-2.220446049e-14,0.2446627127,0.4156900896,-0.487548689,-0.383503837,0.132240536,0.007274469455,0.03826932164,0.007274469455,0.121968504,0.2208762386,0.008031496778,0.002362204716,4.35100076e-08
0.33,-0.3498644778,-0.1329769016,0.3609337105,0.05127104582,-0.03302549081,0.9994545097,0.002637792114,0.999996521,0,0,1.195598777,1.555709049,-1.449699401,1.443233701,0.342490678,-0.06460988501,-0.05158915318,-1.166366938,1.6493361,1.169191479,1.111287802,0.3462872312,0.3771604404,-0.701251008,0.2155029307,-0.006787130186,0.05758397843,0.1471069091,-0.3314531971,0.02704865608,0.2326035204,-0.2514473205,2.220446049e-14,0.2416735227,0.4166470493,-0.4857218495,-0.3816331369,0.1357866597,0.007256433047,0.03827025967,0.007256433047,0.121968504,0.2188203477,0.008031496778,0.002362204716,4.351000782e-08
0.34,-0.3462486785,-0.1324633395,0.3622285881,0.05144169158,-0.03302549081,0.9994545097,0.002637792114,0.999996521,0,0,1.197753806,1.555641178,-1.449123561,1.444704771,0.339176146,-0.06433939845,-0.04926311798,-1.168881411,1.6493361,1.171608214,1.115454273,0.3414300127,0.373344109,-0.6998931414,0.215392666,-0.006637681484,0.05849932445,0.1452331883,-0.3323341099,0.02947739033,0.234255062,-0.2496789242,0,0.2377795452,0.4137639171,-0.4825224108,-0.379278564,0.1381224618,0.007239617651,0.03827119446,0.007239617651,0.121968504,0.2167692087,0.008031496778,0.002362204716,4.35100076e-08
0.35,-0.3426198594,-0.1319480616,0.3635374673,0.05161418253,-0.03302549081,0.9994545097,0.002637792114,0.999996521,0,0,1.199907733,1.555574801,-1.448538568,1.446157102,0.3358528049,-0.06404462454,-0.04692056736,-1.171378201,1.6493361,1.173986009,1.119591912,0.3366047886,0.3695513234,-0.6985119167,0.2164054574,-0.006740282141,0.05873905767,0.1458091498,-0.333565437,0.0295498989,0.2359213159,-0.2501893834,0,0.2375682594,0.4147896881,-0.4825946237,-0.3803253016,0.1393859932,0.007223072164,0.038272125,0.007223072164,0.121968504,0.2150949363,0.008031496778,0.002362204716,4.35100076e-08
0.36,-0.3389778867,-0.1314310503,0.3648590846,0.05178835219,-0.03302549081,0.9994545097,0.002637792114,0.999996521,0,0,1.202071787,1.555507398,-1.447951177,1.447615194,0.3325171506,-0.06374912556,-0.0445613542,-1.173880095,1.6493361,1.176361692,1.123739809,0.3317788423,0.3657480703,-0.6971180568,0.2174279388,-0.006843936061,0.05898103692,0.1463905716,-0.334808135,0.02962299381,0.2376039962,-0.2507040818,0,0.237353607,0.415824375,-0.4826652945,-0.381381282,0.1406621704,0.007206199315,0.03827305978,0.007206199315,0.121968504,0.2138455801,0.008031496778,0.002362204716,4.35100076e-08
0.37,-0.3353226394,-0.1309122895,0.3661921909,0.05196403593,-0.03302549081,0.9994545097,0.002637792114,0.999996521,0,0,1.204246067,1.555438959,-1.447361367,1.4490791,0.3291690692,-0.06345289562,-0.04218531424,-1.176387135,1.6493361,1.178735228,1.127898053,0.3269521894,0.3619342575,-0.6957114351,0.218459453,-0.006948635489,0.05922506739,0.1469770383,-0.3360610676,0.02969653974,0.2393024189,-0.2512221583,0,0.2371346196,0.4168665734,-0.4827325413,-0.3824451911,0.1419506306,0.007188995527,0.03827399881,0.007188995527,0.121968504,0.2130256288,0.008031496778,0.002362204716,4.35100076e-08
0.38,-0.3316540087,-0.130391765,0.3675355511,0.05214107096,-0.03302549081,0.9994545097,0.002637792114,0.999996521,0,0,1.206430661,1.555369473,-1.446769116,1.45054887,0.3258084585,-0.06315593022,-0.03979229005,-1.178899357,1.6493361,1.181106574,1.132066718,0.322124864,0.3581098056,-0.6942919288,0.2172213867,-0.006225049379,0.06218119206,0.145172846,-0.336520939,0.03501195433,0.2389532007,-0.2489248938,-2.220446049e-14,0.2331408552,0.4172146438,-0.4803948591,-0.3793595091,0.1461758501,0.007171457228,0.03827494211,0.007171457228,0.121968504,0.2126396431,0.008031496778,0.002362204716,4.35100076e-08
0.39,-0.3279718983,-0.1298694641,0.3688879438,0.05231929636,-0.03302549081,0.9994545097,0.002637792114,0.999996521,0,0,1.208602875,1.555307222,-1.446147304,1.452000598,0.3224432492,-0.06280581068,-0.03740275804,-1.181388606,1.6493361,1.183437983,1.136238865,0.3173209154,0.3543162105,-0.6928301703,0.2177095189,-0.006266681696,0.06254790321,0.1440865767,-0.3376199138,0.03623031611,0.2409977357,-0.2481071308,4.440892099e-14,0.2307847135,0.4151896894,-0.4785371088,-0.3783509768,0.1478206177,0.007155569868,0.03827587908,0.007155569868,0.121968504,0.2113337057,0.007824885278,0.002362204716,4.351000782e-08
0.4,-0.3242762238,-0.1293453757,0.3702481619,0.05249855304,-0.03302549081,0.9994545097,0.002637792114,0.999996521,0,0,1.21077997,1.555244555,-1.445521825,1.453441464,0.31906705,-0.06244350752,-0.03499278068,-1.183869677,1.6493361,1.18574583,1.140390762,0.3125355443,0.3505327008,-0.6913519641,0.2187496806,-0.006376499732,0.06281479817,0.1446669925,-0.3388845423,0.03634304744,0.2427250708,-0.248642033,-2.220446049e-14,0.2306282934,0.4162620709,-0.4787023197,-0.3794336627,0.1491199586,0.00713949169,0.03827619841,0.00713949169,0.121968504,0.2092267985,0.007272589565,0.002362204716,4.351000737e-08
0.41,-0.3205669129,-0.1288194901,0.3716150124,0.05267868375,-0.03302549081,0.9994545097,0.002637792114,0.999996521,0,0,1.212967467,1.55518079,-1.444893677,1.454888134,0.3156782046,-0.06208007704,-0.03256552998,-1.186356097,1.6493361,1.188052113,1.144553382,0.3077485211,0.3467383641,-0.6898607645,0.2197961914,-0.006487364517,0.06308310903,0.1452507133,-0.3401548755,0.03645597978,0.2444652698,-0.2491772309,0,0.230464918,0.4173368095,-0.4788583841,-0.3805193782,0.1504297413,0.007123062645,0.03826522732,0.007123062645,0.121968504,0.2071123906,0.007164711636,0.002362204716,4.35100076e-08
0.42,-0.3168439053,-0.1282917996,0.372987316,0.05285953312,-0.03302549081,0.9994545097,0.002637792114,0.999996521,0,0,1.215165429,1.555115917,-1.444262846,1.456340641,0.3122766558,-0.06171551724,-0.03012087728,-1.18884787,1.6493361,1.190356762,1.14872675,0.3029599373,0.3429331703,-0.6883564671,0.220230712,-0.006367391191,0.06412823966,0.1453144008,-0.3411960618,0.03797205776,0.2455590047,-0.2490344029,0,0.2294378801,0.4184999253,-0.4785634035,-0.3805998132,0.152542949,0.007106279122,0.03825513634,0.007106279122,0.121968504,0.2049904489,0.007506017684,0.002362204716,4.35100076e-08
0.43,-0.3131071523,-0.1277622976,0.3743639077,0.05304094759,-0.03302549081,0.9994545097,0.002637792114,0.999996521,0,0,1.217367736,1.555052243,-1.443621564,1.457793785,0.3088646952,-0.06133579667,-0.02766528723,-1.191338214,1.6493361,1.192651141,1.15291175,0.2981743032,0.3391271722,-0.6868310376,0.2193538448,-0.005848500612,0.06644328069,0.1434548864,-0.3417675936,0.04241053189,0.2458620752,-0.2469974709,0,0.2257749562,0.4177850173,-0.4764246739,-0.3777766351,0.1560861694,0.00708969432,0.03824590493,0.00708969432,0.121968504,0.2031307654,0.008031496778,0.002362204716,4.35100076e-08
0.44,-0.3093566167,-0.1272309793,0.3757436365,0.05322277548,-0.03302549081,0.9994545097,0.002637792114,0.999996521,0,0,1.219561275,1.554993758,-1.442957131,1.459228334,0.3054470193,-0.06091169135,-0.02520666648,-1.193808189,1.6493361,1.194908891,1.1570896,0.2934100565,0.3353494059,-0.6852701759,0.2200608326,-0.0059245116,0.06678275413,0.1429460836,-0.3429368306,0.04326547825,0.2478460526,-0.2467167249,4.440892099e-14,0.2243654208,0.4168995721,-0.4754863523,-0.3775609336,0.1575924715,0.007074262728,0.03823749413,0.007074262728,0.121968504,0.2020997556,0.007493455422,0.002362204716,4.35100076e-08
0.45,-0.3055922729,-0.1266978412,0.3771253652,0.05340486693,-0.03302549081,0.9994545097,0.002637792114,0.999996521,0,0,1.221761883,1.554934513,-1.442289303,1.460657795,0.302017651,-0.06047903656,-0.02272820595,-1.196275356,1.6493361,1.197152545,1.161258596,0.288655193,0.3315737965,-0.6836942512,0.2211093634,-0.006041678475,0.06707420392,0.1435203787,-0.3442062098,0.04341671293,0.2496155556,-0.2472541658,-4.440892099e-14,0.2242413586,0.4179840224,-0.4757011641,-0.3786482165,0.1589189454,0.007058554812,0.03822993151,0.007058554812,0.121968504,0.2010334773,0.006427179536,0.002362204716,4.351000715e-08
0.46,-0.3018141065,-0.1261628815,0.3785079709,0.05358707396,-0.03302549081,0.9994545097,0.002637792114,0.999996521,0,0,1.223972976,1.554874096,-1.441618561,1.462092999,0.2985755889,-0.06004486943,-0.0202320504,-1.198747897,1.6493361,1.199394958,1.165438436,0.2838981813,0.3277873144,-0.6821050618,0.2221610571,-0.006159891428,0.0673662137,0.1440960207,-0.3454759614,0.04356763147,0.2513943313,-0.2477884119,0,0.2241075026,0.4190648783,-0.4759003627,-0.3797329617,0.1602534318,0.007042471825,0.03822321195,0.007042471825,0.121968504,0.1999635558,0.005357260421,0.002362204716,4.35100076e-08
0.47,-0.2980221143,-0.1256260998,0.3798903446,0.05376925041,-0.03302549081,0.9994545097,0.002637792114,0.999996521,0,0,1.226194587,1.554812497,-1.440944899,1.463533959,0.2951208293,-0.05960919312,-0.01771810708,-1.201225782,1.6493361,1.201636033,1.169629085,0.2791391777,0.3239899847,-0.6805025274,0.2217309449,-0.005739698275,0.06949485645,0.1434631813,-0.3461538441,0.04701281694,0.2515598417,-0.2467334749,-2.220446049e-14,0.222009006,0.4203344177,-0.4751948413,-0.3784252327,0.1634234423,0.007026010137,0.03821733323,0.007026010137,0.121968504,0.1988899902,0.004283697229,0.002362204716,4.35100076e-08
0.48,-0.294216304,-0.1250874971,0.3812713913,0.05395125198,-0.03302549081,0.9994545097,0.002637792114,0.999996521,0,0,1.228411897,1.5547551,-1.440249951,1.464968591,0.2916592908,-0.05913906495,-0.01520250867,-1.203693116,1.6493361,1.203856123,1.173832429,0.2743872293,0.3202057324,-0.678868293,0.2214296982,-0.005506166807,0.07085660758,0.1415551029,-0.3469302563,0.05014674709,0.2528494088,-0.2451116464,2.220446049e-14,0.2188668242,0.4182830406,-0.4732108164,-0.3760886835,0.1660172967,0.007010460521,0.03821223312,0.007010460521,0.121968504,0.1970995095,0.003206492019,0.002362204716,4.351000782e-08
0.49,-0.2903966945,-0.1245470759,0.3826500301,0.05413293622,-0.03302549081,0.9994545097,0.002637792114,0.999996521,0,0,1.230626193,1.554700038,-1.439541384,1.466384142,0.2881899883,-0.05863759748,-0.01267401458,-1.206144233,1.6493361,1.206044792,1.178015259,0.2696551211,0.3164448456,-0.6772081201,0.2223618267,-0.005617225162,0.07118350287,0.1417595817,-0.3481487688,0.05056917952,0.2547060586,-0.2453872206,0,0.2183809721,0.4187346741,-0.4731201917,-0.3767436945,0.167408532,0.006995374807,0.03820789801,0.006995374807,0.121968504,0.1952518973,0.003031497821,0.002362204716,4.35100076e-08
0.5,-0.286563315,-0.1240048399,0.3840251939,0.05431416252,-0.03302549081,0.9994545097,0.002637792114,0.999996521,0,0,1.232849812,1.554643866,-1.438829549,1.467801738,0.2847085006,-0.05813190568,-0.01012695399,-1.208598105,1.6493361,1.208228601,1.182202606,0.2649239192,0.3126774086,-0.6755340347,0.2234028669,-0.005743122288,0.07149433482,0.1423195755,-0.3493958123,0.05075596329,0.2564987159,-0.2459108529,0,0.2182687113,0.4198041637,-0.4733466314,-0.3778073337,0.1687502516,0.0069799231,0.03820436684,0.0069799231,0.121968504,0.1938984305,0.003031497821,0.002362204716,4.35100076e-08
0.51,-0.2827162057,-0.1234607946,0.3853958301,0.05449479213,-0.03302549081,0.9994545097,0.002637792114,0.999996521,0,0,1.23508384,1.554586435,-1.438114606,1.469224933,0.2812145424,-0.05762434605,-0.007561966834,-1.211057214,1.6493361,1.210411288,1.186400648,0.2601904529,0.3088993353,-0.6738465322,0.2242039891,-0.005785438603,0.07209818442,0.142690295,-0.3505389495,0.05146289824,0.2580287849,-0.2461783561,-2.220446049e-14,0.2178415245,0.4208924473,-0.4734306746,-0.3784808991,0.1703828004,0.006964068253,0.03820164212,0.006964068253,0.121968504,0.1930191096,0.003031497821,0.002362204716,4.35100076e-08
0.52,-0.278855417,-0.1229149465,0.3867608995,0.05467468814,-0.03302549081,0.9994545097,0.002637792114,0.999996521,0,0,1.23732588,1.55452858,-1.437393624,1.470651836,0.277709153,-0.05710971707,-0.004981678985,-1.213518997,1.6493361,1.212589704,1.190609572,0.2554561461,0.3051145263,-0.6721427042,0.2229842455,-0.005154558294,0.07500414107,0.1410675507,-0.3508526011,0.05656683838,0.2575846631,-0.244148075,2.220446049e-14,0.2145518449,0.4212833245,-0.4721398089,-0.3755827843,0.1742988011,0.006948009383,0.03819970996,0.006948009383,0.121968504,0.1925428464,0.003050393122,0.002362204716,4.351000782e-08
0.53,-0.2749810097,-0.1223673037,0.3881193775,0.05485371548,-0.03302549081,0.9994545097,0.002637792114,0.999996521,0,0,1.239555723,1.554477035,-1.436643583,1.472062512,0.2742006269,-0.05654404869,-0.002405832354,-1.215960478,1.6493361,1.214735222,1.194822405,0.250734748,0.3013586985,-0.6703997162,0.2235139074,-0.005218964136,0.07540903953,0.1399466006,-0.3519178144,0.05789931597,0.2596911537,-0.2435351171,0,0.2128164928,0.4194974537,-0.4709933447,-0.3747318236,0.1758718415,0.006933359371,0.03819845902,0.006933359371,0.121968504,0.1912135806,0.003031497821,0.002362204716,4.35100076e-08
0.54,-0.2710930548,-0.1218178756,0.3894702531,0.05503174095,-0.03302549081,0.9994545097,0.002637792114,0.999996521,0,0,1.241790862,1.554424845,-1.435889492,1.473461978,0.2706814488,-0.05596505553,0.0001910791822,-1.218395829,1.6493361,1.216863387,1.19901738,0.2460248146,0.2976113802,-0.6686409978,0.22453481,-0.00535172555,0.0757358778,0.1404847424,-0.3531258733,0.05811921308,0.2614853613,-0.2440357057,0,0.2127168138,0.4205384247,-0.4712251545,-0.3757588608,0.1772146594,0.006918454846,0.03819794521,0.006918454846,0.121968504,0.189573765,0.003031497821,0.002362204716,4.35100076e-08
0.55,-0.2671916333,-0.1212666727,0.3908125296,0.05520863318,-0.03302549081,0.9994545097,0.002637792114,0.999996521,0,0,1.24403621,1.554371328,-1.435132134,1.474866825,0.2671501901,-0.05538386339,0.002805932796,-1.220836186,1.6493361,1.218990555,1.203222764,0.2413125631,0.2938537916,-0.6668688512,0.225553586,-0.005485551906,0.0760616274,0.1410211926,-0.3543255507,0.05833754715,0.263282338,-0.244527933,0,0.2126039025,0.4215666409,-0.4714323179,-0.3767748897,0.1785606008,0.006903125677,0.03819820555,0.006903125677,0.121968504,0.1884204646,0.003031497821,0.002362204716,4.35100076e-08
0.56,-0.2632768361,-0.1207137071,0.3921452242,0.05538426266,-0.03302549081,0.9994545097,0.002637792114,0.999996521,0,0,1.246291746,1.554316472,-1.434371517,1.476277037,0.2636069346,-0.05480048792,0.005438756176,-1.223281465,1.6493361,1.221116594,1.20743843,0.2365982399,0.2900860427,-0.6650832452,0.2250651683,-0.005112594342,0.07820153009,0.1404199896,-0.3548726559,0.06173846428,0.2633723918,-0.2434874603,0,0.210663251,0.422738043,-0.4709930426,-0.3754115277,0.1816300082,0.006887368232,0.0381992375,0.006887368232,0.121968504,0.187758621,0.003031497821,0.002362204716,4.35100076e-08
0.57,-0.259348764,-0.1201589921,0.3934673681,0.05555850172,-0.03302549081,0.9994545097,0.002637792114,0.999996521,0,0,1.248542397,1.554265346,-1.433589502,1.477681237,0.260058208,-0.05418310328,0.008072480094,-1.22571634,1.6493361,1.223223227,1.211665811,0.2318883095,0.2863319275,-0.6632669451,0.2247038578,-0.004881537732,0.07971125716,0.1386970402,-0.3555092265,0.06496348236,0.2644121127,-0.2420475756,0,0.208042624,0.4212492079,-0.4696686082,-0.3732387618,0.1842048796,0.006872390754,0.0382009524,0.006872390754,0.121968504,0.1869803646,0.003031497821,0.002362204716,4.35100076e-08
0.58,-0.2554075271,-0.1196025421,0.3947780066,0.05573122453,-0.03302549081,0.9994545097,0.002637792114,0.999996521,0,0,1.250789436,1.554216531,-1.432792389,1.479068207,0.2565031157,-0.05353346846,0.01071660122,-1.228136816,1.6493361,1.225303653,1.215878303,0.2271916234,0.2825995398,-0.6614248963,0.2255147831,-0.004995064852,0.0800813582,0.1385822858,-0.3566055868,0.06563929584,0.2663086359,-0.2421186132,2.220446049e-14,0.2073790829,0.421208076,-0.469422573,-0.3735214206,0.1856173275,0.006857859146,0.03820331435,0.006857859146,0.121968504,0.1853028438,0.003031497821,0.002362204716,4.35100076e-08
0.59,-0.2514532453,-0.119044373,0.396076199,0.05590230712,-0.03302549081,0.9994545097,0.002637792114,0.999996521,0,0,1.253044584,1.55416658,-1.431991576,1.48045403,0.2529370599,-0.0528770755,0.01337968758,-1.230558002,1.6493361,1.227377444,1.220090384,0.2224973976,0.2788643256,-0.659568723,0.2265036046,-0.005134879569,0.08041926627,0.1390913155,-0.3577469897,0.06588653233,0.2680921361,-0.2425778924,-2.220446049e-14,0.2072685293,0.4221885062,-0.4696127956,-0.3744835013,0.1869539095,0.006842947369,0.03820639684,0.006842947369,0.121968504,0.1838955494,0.003031497821,0.002362204716,4.351000737e-08
0.6,-0.2474860477,-0.1184845019,0.3973610186,0.05607162738,-0.03302549081,0.9994545097,0.002637792114,0.999996521,0,0,1.25530962,1.554115232,-1.431187383,1.481844944,0.24935959,-0.05221821018,0.01606060894,-1.232983781,1.6493361,1.229450129,1.224312269,0.2178012697,0.2751194906,-0.6576991839,0.2300356155,0.0165572018,0.0540367055,0.1392161794,-0.3332529047,0.07301693813,0.2447836345,-0.242509035,0,0.2065362762,0.423200658,-0.4695977092,-0.374614977,0.1888698122,0.006827589174,0.03821021924,0.006827589174,0.121968504,0.1829920256,0.003031497821,0.002362204716,4.35100076e-08
0.61,-0.2435060726,-0.1179229468,0.3986315527,0.05623906503,-0.03302549081,0.9994545097,0.002637792114,0.999996521,0,0,1.257609976,1.554280804,-1.430647016,1.483237105,0.2460270609,-0.05148804079,0.01850844529,-1.235408871,1.6493361,1.231515492,1.228544275,0.2131052926,0.2713733408,-0.6558104858,0.2404577099,0.098594708,-0.04577123148,0.1377467329,-0.2381708138,0.09955656925,0.1522358947,-0.2406812731,0,0.2036856047,0.4234576564,-0.4687433913,-0.3719015437,0.1924324299,0.006883607986,0.03821474536,0.006883607986,0.1217278256,0.1824378409,0.003312894166,0.002362204716,4.35100076e-08
0.62,-0.2395134673,-0.1173597272,0.3998869027,0.05640450163,-0.03302549081,0.9994545097,0.002637792114,0.999996521,0,0,1.260014553,1.555266751,-1.431104728,1.484614573,0.2436453528,-0.0504924751,0.02003080423,-1.237815684,1.6493361,1.233552348,1.232778852,0.2084178587,0.2676543254,-0.6538861615,0.2410590955,0.09922731255,-0.04560529396,0.1365865314,-0.2387406131,0.1011829876,0.1534702694,-0.2401233899,0,0.2022127481,0.4217506455,-0.4678510158,-0.3710374401,0.1939341096,0.007209534387,0.03821985107,0.007209534387,0.12058403,0.1810504599,0.004415972887,0.002362204716,4.35100076e-08
0.63,-0.2355083881,-0.1167948638,0.401126184,0.05656782061,-0.03302549081,0.9994545097,0.002637792114,0.999996521,0,0,1.262425144,1.556259024,-1.431560781,1.485980438,0.2412579467,-0.04948064522,0.02156550693,-1.240216918,1.6493361,1.235574475,1.236996358,0.2037393485,0.263943951,-0.6519468204,0.2421222723,0.0997916374,-0.0455182033,0.1370669109,-0.2394491374,0.1016742835,0.1544198017,-0.2405429002,0,0.2020973688,0.4226690499,-0.4680070524,-0.3719337891,0.195252977,0.007537536506,0.03822559789,0.007537536506,0.1194366609,0.1794097962,0.005563342827,0.002362204716,4.35100076e-08
0.64,-0.231491,-0.1162283782,0.402348526,0.05672890724,-0.03302549081,0.9994545097,0.002637792114,0.999996521,0,0,1.264846367,1.55725694,-1.432015963,1.487351107,0.2388634553,-0.04846390239,0.02310970494,-1.242622347,1.6493361,1.237595449,1.241223049,0.199059278,0.2602246131,-0.6499942907,0.2431786113,0.1003538878,-0.04542710723,0.1375431575,-0.2401470309,0.1021623041,0.1553668115,-0.2409500903,0,0.2019668051,0.4235672125,-0.4681318637,-0.3728124262,0.1965697194,0.007867442626,0.03823205317,0.007867442626,0.1182857656,0.17828503,0.006714238986,0.002362204716,4.35100076e-08
0.65,-0.2274614769,-0.1156602935,0.4035530721,0.05688764864,-0.03302549081,0.9994545097,0.002637792114,0.999996521,0,0,1.267278153,1.558260479,-1.432470235,1.488726539,0.236461985,-0.04744227935,0.02466337306,-1.245031848,1.6493361,1.239615117,1.245458721,0.1943779594,0.2564964889,-0.6480285935,0.2465126843,0.1335841538,-0.08394812143,0.1364822246,-0.2031806737,0.1126294379,0.1169799913,-0.2392283885,0,0.1993708874,0.4246288316,-0.4676469309,-0.3702858,0.2002279218,0.008034214892,0.03823921345,0.008034214892,0.1171313939,0.1776808131,0.007868611607,0.002362204716,4.35100076e-08
0.66,-0.2234200007,-0.1150906335,0.4047389797,0.05704393377,-0.03302549081,0.9994545097,0.002637792114,0.999996521,0,0,1.26974328,1.559596321,-1.433309716,1.490091361,0.2344301782,-0.04631598497,0.02583317297,-1.247424132,1.6493361,1.241608826,1.249705009,0.1897014901,0.2527936309,-0.6460263142,0.2474463346,0.139796854,-0.09015498248,0.1348478243,-0.1973965458,0.1161105686,0.1114933997,-0.2382179015,2.220446049e-14,0.1974382581,0.4226533461,-0.4666173741,-0.3686261858,0.2020910505,0.008041975287,0.0382443402,0.008041975287,0.1149786839,0.1766789501,0.01002132077,0.002362204716,4.35100076e-08
0.67,-0.2193667622,-0.1145194233,0.4059054205,0.05719765344,-0.03302549081,0.9994545097,0.002637792114,0.999996521,0,0,1.272217743,1.560994289,-1.434211266,1.491439839,0.2324562128,-0.04515487928,0.02694810697,-1.249806311,1.6493361,1.243583209,1.253931543,0.1850353163,0.249107369,-0.6440054037,0.2484069083,0.1406107147,-0.09010476055,0.1349457894,-0.1979006255,0.1169202485,0.1121825988,-0.2383919159,0,0.1970457241,0.422958208,-0.4665261091,-0.3690796706,0.2034159555,0.008050014093,0.03824604394,0.008050014093,0.112656349,0.1749350272,0.01234365457,0.002362204716,4.351000737e-08
0.68,-0.2153019599,-0.1139466893,0.4070515797,0.05734870032,-0.03302549081,0.9994545097,0.002637792114,0.999996521,0,0,1.274701812,1.562400396,-1.435112313,1.492789297,0.2304772065,-0.0439856768,0.02806993296,-1.25219023,1.6493361,1.245553666,1.258161125,0.1803700552,0.2454165723,-0.6419712442,0.2494543952,0.1414078712,-0.0900652661,0.1353869587,-0.1984253119,0.1174823824,0.1128113247,-0.2387494606,-2.220446049e-14,0.1969018888,0.4237822593,-0.4665998345,-0.3698797747,0.2047034522,0.008058215787,0.03824836546,0.008058215787,0.1103273886,0.1736096482,0.01467261387,0.002362204716,4.351000737e-08
0.69,-0.2112258008,-0.1133724586,0.4081766571,0.05749696891,-0.03302549081,0.9994545097,0.002637792114,0.999996521,0,0,1.277196356,1.563814475,-1.436012966,1.494143167,0.2284929534,-0.04281085297,0.0291980462,-1.254577724,1.6493361,1.247522685,1.262398947,0.1757040569,0.2417177745,-0.6399242097,0.2489287593,0.1421698947,-0.08874337267,0.1348317409,-0.1991887502,0.118490426,0.1117912524,-0.2377041573,0,0.1951541644,0.4246871129,-0.4663425791,-0.3684025158,0.2075169345,0.008066583679,0.03825131062,0.008066583679,0.1079919213,0.1728163746,0.01700808015,0.002362204716,4.35100076e-08
0.7,-0.2071384997,-0.1127967595,0.4092798661,0.05764235557,-0.03302549081,0.9994545097,0.002637792114,0.999996521,0,0,1.279685644,1.565236174,-1.4369004,1.495491484,0.2265010659,-0.04162594871,0.03031595873,-1.256954766,1.6493361,1.249474226,1.266645819,0.1710406311,0.2380337494,-0.6378490403,0.2484496747,0.1429643368,-0.08762968284,0.1334276436,-0.1997874542,0.1201414075,0.1112924297,-0.2363869671,0,0.1930214915,0.423940816,-0.4656244932,-0.3663075447,0.2100681073,0.008075088065,0.03825483698,0.008075088065,0.1063092877,0.172637797,0.01869071387,0.002362204716,4.35100076e-08
0.71,-0.203040279,-0.1122196214,0.4103604343,0.05778475851,-0.03302549081,0.9994545097,0.002637792114,0.999996521,0,0,1.282170141,1.566665817,-1.437776696,1.49682576,0.2245031914,-0.04042453464,0.03142888303,-1.259318636,1.6493361,1.251404441,1.270885227,0.1663843862,0.2343706739,-0.6357483592,0.2491527243,0.1437761418,-0.08749351112,0.1327133363,-0.2001750927,0.1214902136,0.1120721577,-0.2361043361,0,0.1920903778,0.4229988965,-0.4651056029,-0.3658817103,0.2114176464,0.00808373248,0.03825890671,0.00808373248,0.1049296313,0.1720770404,0.01986476709,0.002362204716,4.35100076e-08
0.72,-0.198931369,-0.1116410746,0.4114176033,0.05792407779,-0.03302549081,0.9994545097,0.002637792114,0.999996521,0,0,1.284661668,1.568103579,-1.438651632,1.498152894,0.2225014404,-0.0392096325,0.0325496046,-1.261679679,1.6493361,1.253325345,1.275115216,0.1617333301,0.2307118568,-0.6336341828,0.2501454359,0.1445463576,-0.08741224088,0.1331182536,-0.2006495323,0.1220382486,0.1126683081,-0.2364084933,0,0.1919321913,0.4237371852,-0.4651157603,-0.3665949914,0.2126674321,0.008092542489,0.03826353719,0.008092542489,0.1029238406,0.1709199479,0.02104188256,0.002362204716,4.35100076e-08
0.73,-0.1948120074,-0.1110611505,0.4124506288,0.05806021529,-0.03302549081,0.9994545097,0.002637792114,0.999996521,0,0,1.287163122,1.569549042,-1.439525754,1.499484076,0.2204949451,-0.03798925002,0.03367628768,-1.264043764,1.6493361,1.255244667,1.279352588,0.1570821725,0.2270459069,-0.6315075085,0.2502481068,0.145285388,-0.08661353156,0.1329712375,-0.2012550728,0.1228154616,0.1123216006,-0.2359156911,0,0.1908728021,0.4245009679,-0.4649652807,-0.3659990197,0.2147637037,0.008101524644,0.03826876136,0.008101524644,0.1003662112,0.1697601007,0.0222219922,0.002362204716,4.35100076e-08
0.74,-0.1906824393,-0.1104798813,0.4134587803,0.05819307478,-0.03302549081,0.9994545097,0.002637792114,0.999996521,0,0,1.289665603,1.571001896,-1.440391889,1.500813789,0.2184823944,-0.0367610954,0.03479950369,-1.266402921,1.6493361,1.257153395,1.283597597,0.1524325197,0.2233859167,-0.6293598714,0.249204353,0.1459978444,-0.08494801067,0.1317961445,-0.2019778925,0.1241327498,0.1109235702,-0.2342980766,0,0.1885233629,0.4247364279,-0.464492043,-0.3634831184,0.2178771309,0.008110662438,0.03827454789,0.008110662438,0.09748303464,0.1685258637,0.02377855417,0.002362204716,4.35100076e-08
0.75,-0.1865429171,-0.1098973002,0.4144413415,0.05832256186,-0.03302549081,0.9994545097,0.002637792114,0.999996521,0,0,1.292157647,1.572461875,-1.441241369,1.50213175,0.2164626155,-0.0355197679,0.03590873939,-1.268745902,1.6493361,1.259038629,1.287844962,0.1477875993,0.2197510855,-0.6271811001,0.2496803443,0.146796181,-0.08473109683,0.1303748627,-0.2022539435,0.1259529673,0.1117653738,-0.2336499747,0,0.1871922492,0.4227547111,-0.4636737758,-0.3623067075,0.2192168232,0.008119934209,0.03828083987,0.008119934209,0.09540908591,0.167573741,0.02615032463,0.002362204716,4.35100076e-08
0.76,-0.1823937001,-0.1093134416,0.4153976102,0.05844858396,-0.03302549081,0.9994545097,0.002637792114,0.999996521,0,0,1.29465445,1.573929836,-1.44208868,1.503435499,0.214440076,-0.03426023823,0.03702639313,-1.271082401,1.6493361,1.260910551,1.292072509,0.1431508615,0.2161280185,-0.6249889319,0.2506128879,0.1475335058,-0.08460744497,0.1307402996,-0.2026719463,0.1264810371,0.1123251914,-0.2338977819,0,0.1870124232,0.4233978845,-0.4636083121,-0.3629256181,0.2204185274,0.008129374332,0.0382876306,0.008129374332,0.09422042445,0.1668831142,0.02852764976,0.002362204716,4.35100076e-08
0.77,-0.1782350548,-0.1087283404,0.4163268981,0.05857105038,-0.03302549081,0.9994545097,0.002637792114,0.999996521,0,0,1.297160579,1.575405172,-1.442934755,1.504742902,0.2124133566,-0.03299542786,0.03814964504,-1.273421379,1.6493361,1.262780675,1.296306487,0.1385147784,0.2124987623,-0.6227847466,0.2512204129,0.1482517906,-0.08422738081,0.1309092366,-0.2031282329,0.1270786037,0.1125422829,-0.2338518216,0,0.1865063704,0.424028184,-0.4634757096,-0.3630575716,0.2219112456,0.008138991926,0.03829498429,0.008138991926,0.09302906197,0.1656339471,0.03091037693,0.002362204716,4.35100076e-08
0.78,-0.1740672544,-0.1081420327,0.4172285308,0.05868987226,-0.03302549081,0.9994545097,0.002637792114,0.999996521,0,0,1.299672783,1.576887689,-1.443777029,1.506051994,0.2103820742,-0.03172464182,0.03927506787,-1.275759897,1.6493361,1.264645739,1.300546769,0.1338800213,0.2088681866,-0.6205656341,0.2496393277,0.1488780443,-0.08210336137,0.1297534578,-0.2039276756,0.1281983124,0.1104013084,-0.2318569039,0,0.1838371196,0.4247412364,-0.4631204905,-0.3599458722,0.2254887519,0.008148781814,0.03830288514,0.008148781814,0.09170165043,0.1639218596,0.03316492338,0.002362204716,4.35100076e-08
0.79,-0.1698905786,-0.1075545554,0.4181018482,0.05880496261,-0.03302549081,0.9994545097,0.002637792114,0.999996521,0,0,1.302169176,1.57837647,-1.444598062,1.507349529,0.2083427975,-0.0304426587,0.04037908096,-1.278078466,1.6493361,1.26648411,1.304794182,0.1292488164,0.2052687278,-0.6183107466,0.2500168122,0.149637171,-0.0818320012,0.1281200175,-0.2041306602,0.1301349551,0.1112211716,-0.2311144806,2.220446049e-14,0.1824607433,0.4224754958,-0.4622520411,-0.3585294598,0.2267666686,0.008158699149,0.03831124431,0.008158699149,0.08930859302,0.1627469026,0.03436145231,0.002362204716,4.35100076e-08
0.8,-0.1657053139,-0.1069659462,0.418946204,0.05891623624,-0.03302549081,0.9994545097,0.002637792114,0.999996521,0,0,1.304669345,1.579872842,-1.445416382,1.508630729,0.2063014909,-0.02914130915,0.04149129267,-1.280389611,1.6493361,1.268308718,1.309018937,0.124626296,0.2016834332,-0.6160430799,0.2508289799,0.1503421444,-0.08165560519,0.1282438496,-0.2044698124,0.1307837189,0.1117710078,-0.2312047355,-2.220446049e-14,0.182135829,0.4227268869,-0.4620254336,-0.3588479991,0.2279228712,0.008168788952,0.0383149316,0.008168788952,0.08691061454,0.1620975551,0.03556044178,0.002362204716,4.351000737e-08
0.81,-0.1615117532,-0.1063762437,0.4197609661,0.05902360986,-0.03302549081,0.9994545097,0.002637792114,0.999996521,0,0,1.307177634,1.581376263,-1.446232938,1.509913167,0.2042567927,-0.02783347196,0.04260900275,-1.282701659,1.6493361,1.270130076,1.313246206,0.1200060417,0.1980949533,-0.6137638512,0.2516776464,0.1510336373,-0.08148319655,0.1285623487,-0.2048110703,0.1312774827,0.1122848146,-0.2313742705,0,0.1819149868,0.4232376121,-0.4618359982,-0.3593407012,0.2290551709,0.008179059917,0.03831588371,0.008179059917,0.08450788273,0.160961009,0.0367618079,0.002362204716,4.35100076e-08
0.82,-0.1573101953,-0.1057854873,0.4205455163,0.059127002,-0.03302549081,0.9994545097,0.002637792114,0.999996521,0,0,1.309694411,1.582886599,-1.44704777,1.511198791,0.202208682,-0.02652069713,0.0437318509,-1.285015401,1.6493361,1.271949226,1.317478582,0.1153876817,0.1945015462,-0.6114732995,0.2498724276,0.1515892228,-0.07921700189,0.1272986203,-0.2055841666,0.1323514372,0.109891854,-0.2291756426,0,0.1790783797,0.4238253876,-0.4614863459,-0.3558332726,0.2327101653,0.008189514125,0.03831683826,0.008189514125,0.08210056895,0.1592540544,0.03796546502,0.002362204716,4.35100076e-08
0.83,-0.1531009456,-0.1051937172,0.4212992504,0.05922633303,-0.03302549081,0.9994545097,0.002637792114,0.999996521,0,0,1.312193135,1.584402492,-1.44783994,1.512471777,0.2001528404,-0.02519718276,0.04483076944,-1.287307158,1.6493361,1.27374001,1.321716836,0.1107728182,0.1909432135,-0.6091461979,0.2501704955,0.1522798377,-0.07880638446,0.1260530425,-0.2057928392,0.1339289234,0.1104187922,-0.2285142936,2.220446049e-14,0.1779007576,0.4222492761,-0.4607861094,-0.3546188827,0.2340319651,0.008200095107,0.03831778548,0.008200095107,0.08082867563,0.1580252303,0.04031115438,0.002362204716,4.35100076e-08
0.84,-0.148884315,-0.1046009744,0.4220215784,0.0593215252,-0.03302549081,0.9994545097,0.002637792114,0.999996521,0,0,1.31469484,1.58592529,-1.448628004,1.513732308,0.198094912,-0.02385789353,0.04593495736,-1.289592301,1.6493361,1.275519017,1.325939328,0.1061649571,0.1873970247,-0.6068058782,0.250786499,0.1529512595,-0.07855554243,0.1256312394,-0.2060232787,0.1349198982,0.110996557,-0.2283172511,-2.220446049e-14,0.1772828427,0.4216898005,-0.4603135004,-0.3543422937,0.2351463124,0.008210851439,0.03831873166,0.008210851439,0.07962069983,0.1576377964,0.04272710463,0.002362204716,4.351000737e-08
0.85,-0.1446606206,-0.1040073007,0.4227119241,0.05941250257,-0.03302549081,0.9994545097,0.002637792114,0.999996521,0,0,1.317202705,1.587454803,-1.449413559,1.51498862,0.1960346792,-0.02250869454,0.04704492293,-1.291875473,1.6493361,1.277291846,1.330156226,0.1015618221,0.1838536018,-0.6044544151,0.2515603427,0.1535985098,-0.0783413745,0.1259099842,-0.2062963389,0.1353807084,0.1114670235,-0.2284232578,0,0.177038313,0.4220892373,-0.4600307259,-0.3547295511,0.2362118585,0.008221790535,0.03831967873,0.008221790535,0.07841070038,0.1576377964,0.04514710217,0.002362204716,4.35100076e-08
0.86,-0.140430185,-0.1034127386,0.4233697255,0.05949919108,-0.03302549081,0.9994545097,0.002637792114,0.999996521,0,0,1.319718309,1.588990788,-1.450196973,1.51624772,0.1939717158,-0.02115488746,0.04815959316,-1.294159706,1.6493361,1.279062229,1.334377119,0.09696151486,0.1803063062,-0.6020922965,0.2500548283,0.1541098993,-0.076357106,0.1248617826,-0.2069457126,0.1362857223,0.1094136836,-0.2264945419,-2.220446049e-14,0.1745614189,0.4225277392,-0.4596924513,-0.3516367185,0.239419863,0.008232916362,0.03832062793,0.008232916362,0.07719876972,0.1576377964,0.04757096213,0.002362204716,4.35100076e-08
0.87,-0.1361933364,-0.1028173314,0.4239944345,0.05958151851,-0.03302549081,0.9994545097,0.002637792114,0.999996521,0,0,1.322218857,1.590531887,-1.450960544,1.517496338,0.1919022587,-0.01979203024,0.04925373,-1.296424651,1.6493361,1.280807843,1.338602396,0.09236459035,0.1767899391,-0.5996980979,0.2500170715,0.1547192756,-0.07564500446,0.1238069722,-0.2071889904,0.1375768874,0.109406686,-0.2256595109,2.220446049e-14,0.1732705258,0.4215094188,-0.4590838524,-0.3501909984,0.2409946257,0.008244179061,0.03832157078,0.008244179061,0.07500150296,0.1567791355,0.04901499664,0.002362204716,4.351000782e-08
0.88,-0.1319504084,-0.102221123,0.4245855171,0.05965941447,-0.03302549081,0.9994545097,0.002637792114,0.999996521,0,0,1.324719028,1.592079079,-1.451716994,1.518734407,0.1898303688,-0.01841626136,0.05034779686,-1.298681246,1.6493361,1.282540548,1.34281749,0.08777375182,0.1732880291,-0.5972881516,0.2504542566,0.1553471618,-0.07532775737,0.1229030343,-0.2073133133,0.1388629897,0.1099947179,-0.2252233072,-2.220446049e-14,0.1724280062,0.4202564897,-0.4584212896,-0.3493954785,0.2420415039,0.008255613516,0.0383225118,0.008255613516,0.07257048584,0.1551263373,0.05023050543,0.002362204716,4.35100076e-08
0.89,-0.1277017399,-0.1016241581,0.4251424533,0.05973281044,-0.03302549081,0.9994545097,0.002637792114,0.999996521,0,0,1.32722357,1.593632551,-1.452470272,1.519963438,0.1877572356,-0.01702763147,0.05144774404,-1.300933479,1.6493361,1.284264828,1.347020055,0.08318953893,0.1697940743,-0.5948677366,0.2511483257,0.1559448809,-0.07507443981,0.1231387554,-0.2075139072,0.139285095,0.1104194284,-0.22526076,2.220446049e-14,0.1721583545,0.4205368781,-0.4580378371,-0.3496738042,0.2430298236,0.00826723167,0.03832345264,0.00826723167,0.07013617964,0.1536667615,0.05144765876,0.002362204716,4.351000782e-08
0.9,-0.1234476749,-0.1010264821,0.4256647371,0.05980163974,-0.03302549081,0.9994545097,0.002637792114,0.999996521,0,0,1.329735053,1.595192,-1.453221016,1.521194825,0.1856820966,-0.01563478052,0.05255193832,-1.303186087,1.6493361,1.285986412,1.351225424,0.07860916056,0.1662973363,-0.5924374383,0.2498773397,0.1564058615,-0.07331233229,0.1222571436,-0.2080457338,0.1400437578,0.1086368125,-0.2235383187,0,0.1699701027,0.4208285637,-0.4576731946,-0.3469005079,0.2458542908,0.008279039059,0.03832439526,0.008279039059,0.06769878147,0.1527877243,0.05266635807,0.002362204716,4.35100076e-08
0.91,-0.1191885623,-0.1004281408,0.4261518766,0.05986583753,-0.03302549081,0.9994545097,0.002637792114,0.999996521,0,0,1.332233827,1.596756058,-1.45395414,1.522417397,0.1836016392,-0.01423434294,0.05363830645,-1.30542147,1.6493361,1.287686113,1.35543371,0.07403242861,0.1628283312,-0.5899788954,0.2495588679,0.1569290342,-0.07235630604,0.1213959697,-0.208304813,0.1410451791,0.1081768365,-0.2225502037,-2.220446049e-14,0.1685810655,0.4202543374,-0.4571207166,-0.3452516794,0.2476144242,0.008290991247,0.03832533227,0.008290991247,0.06540491645,0.1526378011,0.05474151007,0.002362204716,4.35100076e-08
0.92,-0.1149247561,-0.09982918096,0.4266033938,0.05992534084,-0.03302549081,0.9994545097,0.002637792114,0.999996521,0,0,1.334729415,1.598325349,-1.454677703,1.523631356,0.1815185911,-0.01282389115,0.05472007481,-1.307646972,1.6493361,1.289371924,1.359636253,0.06946122144,0.1593758144,-0.5875027512,0.2498371909,0.1575001249,-0.07197207752,0.1200684751,-0.2083245647,0.1425870535,0.1087603265,-0.2219220848,2.220446049e-14,0.1675704734,0.4184088338,-0.4563103078,-0.3439987083,0.2485795308,0.008303111465,0.03832626673,0.008303111465,0.06281551183,0.1524959188,0.05718448999,0.002362204716,4.351000782e-08
0.93,-0.1106566147,-0.09922964982,0.4270188249,0.05998008853,-0.03302549081,0.9994545097,0.002637792114,0.999996521,0,0,1.337227787,1.59990035,-1.455397423,1.524832041,0.1794353455,-0.01139802061,0.05580767808,-1.309866193,1.6493361,1.291047628,1.363820341,0.06489811837,0.1559358273,-0.5850169559,0.2504485021,0.15804327,-0.07168272976,0.1202610017,-0.2084484072,0.1429647691,0.1091372016,-0.2218906134,0,0.1672757446,0.4185673876,-0.4558197461,-0.3441664615,0.2494832371,0.008315415384,0.03832720012,0.008315415384,0.06037004853,0.1516211745,0.05962995375,0.002362204716,4.35100076e-08
0.94,-0.1063845014,-0.09862959524,0.4273977199,0.0600300213,-0.03302549081,0.9994545097,0.002637792114,0.999996521,0,0,1.339732272,1.601480783,-1.456114251,1.526034651,0.1773508614,-0.009968372921,0.05689905009,-1.312085099,1.6493361,1.292720386,1.368006015,0.06033992091,0.1524941627,-0.5825221235,0.2493485681,0.1584518885,-0.07010014267,0.1195045748,-0.2088655579,0.1435930853,0.1075718427,-0.2044287403,-0.05641267001,0.08637210722,0.4187125866,-0.3920021315,-0.3386487563,0.1839866897,0.008327909967,0.03832813493,0.008327909967,0.05792230944,0.1501584059,0.06207769329,0.002362204716,4.35100076e-08
0.95,-0.1021087836,-0.09802906564,0.4277396431,0.06007508173,-0.03302549081,0.9994545097,0.002637792114,0.999996521,0,0,1.342225758,1.603065302,-1.456815252,1.527229697,0.1752622058,-0.008532442068,0.05797476852,-1.314129387,1.648771973,1.293584107,1.372193141,0.05641989959,0.1491076751,-0.5806822566,0.2487802662,0.1588900389,-0.06895283137,0.1188310484,-0.209125196,0.1443002987,0.1067234441,-0.1909402521,-0.1001927926,0.0241431855,0.4184887189,-0.3426735547,-0.3345731706,0.1331328366,0.008340555176,0.03831854781,0.008340555176,0.05622050523,0.1477896274,0.06377949739,0.003110205491,0.0005641702101
0.96,-0.09782983314,-0.09742811003,0.4280441725,0.06011521421,-0.03302549081,0.9994545097,0.002637792114,0.999996521,0,0,1.344713561,1.604654202,-1.457504781,1.528418007,0.1731709538,-0.00708943908,0.05904200296,-1.316038789,1.647770045,1.293825539,1.376378028,0.05299316404,0.1457619434,-0.5793509283,0.2489044219,0.1594017189,-0.06850459315,0.1171222197,-0.2090420024,0.1460667203,0.1072905229,-0.1873873574,-0.1098333465,0.0104727347,0.4161198679,-0.331650195,-0.3325365654,0.1224059661,0.008353364253,0.03800128753,0.008353364253,0.0549946761,0.1456072043,0.06491830555,0.004336033935,0.001566098137
0.97,-0.09354802611,-0.09682677796,0.4283109004,0.06015036501,-0.03302549081,0.9994545097,0.002637792114,0.999996521,0,0,1.347202605,1.606248219,-1.458189826,1.52958923,0.1710805338,-0.005628771878,0.06011490819,-1.317912663,1.646671712,1.293930266,1.380539227,0.04967666209,0.1424365778,-0.5781268686,0.2494277181,0.1598855505,-0.06817858072,0.1172745429,-0.2090860101,0.1463945754,0.1076180039,-0.184526331,-0.1194940266,-0.002482000891,0.4161518052,-0.3208756735,-0.3322076927,0.1115984821,0.008366356123,0.03765196009,0.008366356123,0.05376802861,0.1435754664,0.06574738154,0.00556268074,0.002664431601
0.98,-0.08926374245,-0.09622511951,0.428539433,0.06018048223,-0.03302549081,0.9994545097,0.002637792114,0.999996521,0,0,1.349696882,1.607847075,-1.458871612,1.530761975,0.1689896737,-0.004164826123,0.06119108823,-1.319757926,1.645476771,1.293905446,1.384700745,0.04646790536,0.1391145008,-0.5770108838,0.2484640773,0.1602399311,-0.06674548944,0.1166202365,-0.2093906012,0.1469032036,0.1062331992,-0.1725660032,-0.1580164475,-0.05588059663,0.4161524242,-0.2776163482,-0.3302783524,0.06766897651,0.008379538883,0.03727055759,0.008379538883,0.05254067162,0.1409519821,0.06716755158,0.006790037045,0.003859371868
0.99,-0.08497736604,-0.09562318526,0.4287293905,0.06020551582,-0.03302549081,0.9994545097,0.002637792114,0.999996521,0,0,1.352181523,1.609449474,-1.459539067,1.531928177,0.1668957677,-0.002695794088,0.06225342022,-1.321483586,1.643896607,1.29334664,1.388862269,0.04369174188,0.1358117173,-0.576334194,0.2476641334,0.1605906293,-0.06544411938,0.1160635036,-0.2096340372,0.1473660218,0.1050516701,-0.1637424516,-0.1857638055,-0.09390707121,0.4161204854,-0.2466097821,-0.3290385726,0.03650405794,0.008392876497,0.03676123403,0.008392876497,0.05065692743,0.1375725926,0.0693430741,0.00867378116,0.005439536343
1,-0.08068928445,-0.0950210263,0.4288804071,0.06022541759,-0.03302549081,0.9994545097,0.002637792114,0.999996521,0,0,1.354658164,1.61105538,-1.460193508,1.533088812,0.1647994273,-0.00122213387,0.06330393692,-1.32312101,1.642038969,1.292407569,1.393023474,0.04122564405,0.1325213316,-0.5759691534,0.2476805159,0.1610277311,-0.06495120381,0.1141516538,-0.2094596017,0.1492205263,0.1055759643,-0.1627015994,-0.1860669208,-0.09375347993,0.4134713106,-0.2465400821,-0.3275085973,0.0369370901,0.008406372923,0.03615976885,0.008406372923,0.04820003922,0.1339113858,0.07179996322,0.01113066982,0.007297174398
1.01,-0.07639988887,-0.09441869417,0.4289921313,0.06024014118,-0.03302549081,0.9994545097,0.002637792114,0.999996521,0,0,1.357134969,1.612665658,-1.46084302,1.534230329,0.1627048313,0.0002700713932,0.06435969657,-1.324748026,1.6401783,1.291470034,1.397158187,0.03876024323,0.1292462456,-0.5755997825,0.2480979748,0.1614478906,-0.0645887163,0.114190548,-0.2094154593,0.1495501459,0.1058613963,-0.1623585727,-0.1864366301,-0.09338548449,0.413280556,-0.2462865614,-0.3276795595,0.03724214189,0.008420050435,0.0355572311,0.008420050435,0.04574239816,0.1302490774,0.0742576052,0.01402706855,0.009157843606
1.02,-0.07210957393,-0.09381624088,0.4290642252,0.06024964209,-0.03302549081,0.9994545097,0.002637792114,0.999996521,0,0,1.359615949,1.614280137,-1.461488908,1.535372234,0.1606106767,0.001765572852,0.06541831053,-1.326371612,1.638313933,1.29053618,1.401290993,0.03629737762,0.12596945,-0.5752273611,0.2472420876,0.1617453637,-0.06328734887,0.1136224214,-0.2096067204,0.1499459295,0.1046384905,-0.1611834036,-0.1869246463,-0.09344615532,0.4131374899,-0.2455072298,-0.3281175251,0.03884440725,0.008433917503,0.03495344877,0.008433917503,0.04328423033,0.1265860007,0.07671577395,0.01635797987,0.01102220991
1.03,-0.06781873755,-0.09321371888,0.4290963652,0.06025387767,-0.03302549081,0.9994545097,0.002637792114,0.999996521,0,0,1.36208837,1.61589759,-1.462121781,1.536508459,0.1585146095,0.003265032147,0.06646469543,-1.327983446,1.636444687,1.289601718,1.405422368,0.03384230532,0.1226882748,-0.574838917,0.2461700951,0.1620083369,-0.0618357267,0.1129476049,-0.2098094731,0.1503405542,0.1031770739,-0.1598661844,-0.1874154004,-0.09356665315,0.412958109,-0.2446360197,-0.3285641846,0.04063864929,0.008447942043,0.03434804421,0.008447942043,0.04139713436,0.1229224889,0.07860286998,0.01850494667,0.01289145637
1.04,-0.06352778084,-0.09261118102,0.4290882417,0.06025280711,-0.03302549081,0.9994545097,0.002637792114,0.999996521,0,0,1.364550071,1.617517674,-1.462740138,1.537637935,0.1564165148,0.004768437689,0.06749646617,-1.329582108,1.634570533,1.288666052,1.409551949,0.03139594512,0.1194026329,-0.5744325305,0.2461756051,0.1623714837,-0.06132930833,0.1113264879,-0.2095780505,0.1518945081,0.1036017408,-0.1589218296,-0.187667101,-0.09335155168,0.4106427566,-0.2444779063,-0.3272354257,0.04100030217,0.008462118261,0.0337410117,0.008462118261,0.04016786568,0.119258877,0.07983213774,0.02096348266,0.01476561037
1.05,-0.05923710791,-0.09200868055,0.429039559,0.06024639146,-0.03302549081,0.9994545097,0.002637792114,0.999996521,0,0,1.367011827,1.619141388,-1.463353431,1.5387512,0.1543207343,0.006287382769,0.06853248358,-1.331171326,1.632693862,1.287732536,1.413658376,0.02895116606,0.1161302787,-0.5740225275,0.2464338945,0.1627223398,-0.0609148206,0.1110110337,-0.2094261261,0.1524083792,0.1038691713,-0.158423171,-0.1879533984,-0.09298468276,0.4099342597,-0.2441764878,-0.3270265319,0.04129027299,0.008476474803,0.03313309384,0.008476474803,0.0389386783,0.1165781419,0.08067413006,0.02380905005,0.01664228138
1.06,-0.05494712579,-0.09140627113,0.4289500356,0.06023459359,-0.03302549081,0.9994545097,0.002637792114,0.999996521,0,0,1.369476166,1.620768612,-1.46396258,1.53986131,0.152226473,0.007811466561,0.06957117529,-1.332755558,1.630814328,1.286802689,1.417757719,0.02650940118,0.1128600133,-0.5736096248,0.2456811766,0.1629608007,-0.05974201802,0.1105213129,-0.2095010091,0.1526958386,0.1028082983,-0.1573127889,-0.1883460663,-0.09296072345,0.4096487774,-0.2434131743,-0.3273069759,0.04267264905,0.008491017108,0.03252420804,0.008491017108,0.03770968882,0.1141201648,0.08196605031,0.02620409599,0.01852181537
1.07,-0.05065824423,-0.09080400674,0.4288194038,0.06021737825,-0.03302549081,0.9994545097,0.002637792114,0.999996521,0,0,1.371932978,1.62239822,-1.46456,1.540966523,0.1501314629,0.009338424948,0.07059925828,-1.334328686,1.628930867,1.285873082,1.421854207,0.02407526944,0.1095869436,-0.5731828983,0.2443499636,0.1631303224,-0.05815568083,0.1097407814,-0.209662775,0.1530074967,0.101071355,-0.1558088024,-0.1887750386,-0.09313466674,0.4093182393,-0.2424233076,-0.3276560741,0.0446282122,0.008505718347,0.03191402049,0.008505718347,0.03599352647,0.1116628183,0.08400647421,0.02833718065,0.02040527603
1.08,-0.04637087559,-0.09020194173,0.4286474102,0.06019471204,-0.03302549081,0.9994545097,0.002637792114,0.999996521,0,0,1.374376477,1.624029523,-1.465141557,1.542063931,0.1480348352,0.01086849991,0.07160997183,-1.335886774,1.627043117,1.284941735,1.425947389,0.02165103636,0.1063103828,-0.5727366162,0.2443443633,0.1634189206,-0.05764535941,0.1084131613,-0.209371418,0.1542516214,0.1014006716,-0.154954235,-0.1889630771,-0.09285760686,0.4073144511,-0.2421688084,-0.3265155617,0.04492485974,0.008520562791,0.03130241674,0.008520562791,0.03353704584,0.1092063385,0.08646295393,0.03079366083,0.02229302642
1.09,-0.0420854347,-0.08960013077,0.4284338152,0.06016656337,-0.03302549081,0.9994545097,0.002637792114,0.999996521,0,0,1.376819921,1.625663712,-1.46571801,1.543148062,0.145941121,0.01241101613,0.07262397854,-1.337436316,1.625153486,1.284013159,1.430020534,0.01922934828,0.1030452272,-0.5722873676,0.2444482174,0.1636939297,-0.05718124435,0.1077516788,-0.2091111597,0.1549475069,0.1016452924,-0.1543120161,-0.1891613396,-0.09249569664,0.4061082499,-0.241824219,-0.3259330495,0.04518739333,0.008535585642,0.03069015407,0.008535585642,0.03108166972,0.1059512245,0.0884475366,0.03357798236,0.02367243088
1.1,-0.03780233871,-0.08899862884,0.4281783933,0.06013290253,-0.03302549081,0.9994545097,0.002637792114,0.999996521,0,0,1.379264403,1.627300652,-1.466289823,1.544225579,0.1438500094,0.0139604912,0.07364043147,-1.338979436,1.623261873,1.283088202,1.434081616,0.01681110609,0.09978589673,-0.5718354936,0.243805142,0.1638726798,-0.05614602049,0.1073441303,-0.2090632251,0.1551304135,0.1007666683,-0.1532808533,-0.1894549881,-0.0923782412,0.4056827235,-0.2410740286,-0.326055296,0.04633007354,0.008550789035,0.03007721631,0.008550789035,0.02862763714,0.1022941883,0.08970190088,0.03603535073,0.02203549159
1.11,-0.03352200696,-0.08839749119,0.427880933,0.06009370166,-0.03302549081,0.9994545097,0.002637792114,0.999996521,0,0,1.381702455,1.628939378,-1.466851283,1.545299021,0.1417593772,0.01551179533,0.07464809815,-1.340512245,1.621367323,1.28216442,1.438138443,0.0144003658,0.09652534377,-0.5713721929,0.2421990172,0.1639396804,-0.05442853926,0.1064610354,-0.2091876495,0.1553460199,0.09873974269,-0.1515808063,-0.1898210362,-0.09261373344,0.4051940542,-0.2399673192,-0.3263017365,0.04845528582,0.008566151923,0.02946331033,0.008566151923,0.02617518864,0.09863946446,0.09047739346,0.0381555171,0.02039676479
1.12,-0.02924486084,-0.08779677336,0.4275412369,0.06004893472,-0.03302549081,0.9994545097,0.002637792114,0.999996521,0,0,1.384124445,1.630578775,-1.467395568,1.546363631,0.1396675007,0.01706525553,0.07563549558,-1.342028053,1.619469112,1.281238283,1.442190384,0.01200069261,0.0932623264,-0.5708876401,0.2421745364,0.1641539849,-0.05391932718,0.1054366067,-0.2088345857,0.156261746,0.09897704451,-0.1508084991,-0.1899445118,-0.09226872872,0.4034924767,-0.2396080356,-0.3253485212,0.04869443782,0.008581647297,0.02884820459,0.008581647297,0.02372456599,0.0949874055,0.09167643624,0.04060614066,0.01875736799
1.13,-0.02497132363,-0.08719653113,0.4271591216,0.05999857756,-0.03302549081,0.9994545097,0.002637792114,0.999996521,0,0,1.38654619,1.632220315,-1.467934761,1.547417997,0.1375791548,0.01862787299,0.07662526602,-1.343536138,1.617569667,1.280315595,1.446225309,0.009604612256,0.09000884119,-0.5704006957,0.2421287356,0.1643492046,-0.05340756378,0.1044192688,-0.2084649968,0.1571472793,0.0991956203,-0.1500339378,-0.1900483435,-0.09191291323,0.4017913976,-0.2392263511,-0.3243883582,0.04891957263,0.00859731785,0.02823267009,0.00859731785,0.02127601109,0.09194530356,0.09372398727,0.04331613555,0.01711582814
1.14,-0.02070182037,-0.08659682052,0.4267344176,0.05994260784,-0.03302549081,0.9994545097,0.002637792114,0.999996521,0,0,1.388967477,1.633863807,-1.468468837,1.54846219,0.1354945048,0.02019934578,0.07761722223,-1.345036477,1.615669184,1.279396466,1.450243223,0.007212348745,0.08676495761,-0.5699114999,0.2416257847,0.1644737739,-0.05252760082,0.1040997764,-0.208283908,0.1572304062,0.09854025288,-0.1491121334,-0.190234978,-0.09168561409,0.4012303393,-0.2384919201,-0.3243496864,0.04978638258,0.008613162358,0.02761677494,0.008613162358,0.01882976748,0.08949905995,0.09617023088,0.04583715232,0.01547233609
1.15,-0.01643677776,-0.08599769775,0.4262669695,0.05988100509,-0.03302549081,0.9994545097,0.002637792114,0.999996521,0,0,1.391383735,1.635508545,-1.468994113,1.549503187,0.1334116658,0.02177164984,0.07860262475,-1.346527599,1.613766834,1.27847961,1.454255526,0.004827429544,0.08352146075,-0.5694136361,0.2397243734,0.1644356405,-0.05067089383,0.1031095162,-0.2083790531,0.1573370477,0.09618948875,-0.1471948208,-0.1905354905,-0.09200449641,0.4005814442,-0.2372654083,-0.3244904934,0.05211053409,0.008629166902,0.02700027172,0.008629166902,0.01667729161,0.08717158862,0.09861391917,0.04794462955,0.01382759835
1.16,-0.01217662393,-0.08539921925,0.4257566361,0.05981375067,-0.03302549081,0.9994545097,0.002637792114,0.999996521,0,0,1.393780979,1.637152901,-1.469500822,1.550534283,0.1313278752,0.02334502032,0.07956451964,-1.347999547,1.611861479,1.277559565,1.45826134,0.002454775461,0.08027655581,-0.5688925308,0.2396748733,0.1645737637,-0.05016984759,0.1024135425,-0.2079637635,0.1578963079,0.09633806247,-0.1465010082,-0.1905939573,-0.09158986421,0.3991919477,-0.2367919322,-0.3237339103,0.05229695506,0.008645291178,0.02638279367,0.008645291178,0.01545684822,0.0848558779,0.1010548078,0.05038551633,0.01218324195
1.17,-0.007921788412,-0.08480144163,0.4252032899,0.05974082781,-0.03302549081,0.9994545097,0.002637792114,0.999996521,0,0,1.396177728,1.638798639,-1.470002521,1.551558418,0.1292482376,0.0249239834,0.08052790027,-1.349464557,1.609955539,1.276643666,1.46225326,8.685613879e-05,0.07703921671,-0.5683695612,0.2394745712,0.1646771424,-0.0496083174,0.101023954,-0.2074842365,0.1589893164,0.09652840061,-0.1455988735,-0.1906034276,-0.09124861125,0.3969869302,-0.2363808268,-0.3223821317,0.05247474984,0.008661585978,0.02576511872,0.008661585978,0.0142379284,0.08217664568,0.1032757776,0.05282335596,0.01053750431
1.18,-0.003672701892,-0.08420442164,0.4246068176,0.05966222157,-0.03302549081,0.9994545097,0.002637792114,0.999996521,0,0,1.398572473,1.64044541,-1.470498604,1.552568658,0.1271733952,0.02651387657,0.08149318427,-1.350920546,1.608049505,1.27573118,1.466223129,-0.002276952129,0.07381539539,-0.5678448137,0.2389530327,0.1626885434,-0.04649946933,0.1008097566,-0.2091938961,0.1587017983,0.09852211143,-0.1448197574,-0.1907026071,-0.0909165983,0.396295266,-0.2356421299,-0.3221795847,0.05298145069,0.008678045959,0.0251473978,0.008678045959,0.01302065556,0.07974209999,0.1046708668,0.05525790165,0.008890732884
1.19,0.0005702038553,-0.08360821619,0.4239671201,0.05957791887,-0.03302549081,0.9994545097,0.002637792114,0.999996521,0,0,1.400962004,1.642072296,-1.470963598,1.553576755,0.1250814563,0.02810089455,0.08247840539,-1.352368743,1.606142479,1.274822014,1.470186082,-0.004633373428,0.07059359954,-0.5673149992,0.2354345444,0.1492743911,-0.02901660249,0.09969787105,-0.2223419071,0.156891776,0.1109946452,-0.142603029,-0.1910958546,-0.09154759403,0.3954761512,-0.2341165223,-0.3222163768,0.0553584782,0.008694516596,0.02452936502,0.008694516596,0.01164180198,0.07731109537,0.1055022221,0.05768890614,0.00726384745
1.2,0.004806496139,-0.08301288229,0.4232841119,0.05948790848,-0.03302549081,0.9994545097,0.002637792114,0.999996521,0,0,1.403316349,1.64356504,-1.471253764,1.554573734,0.1228580372,0.02966981231,0.08358835184,-1.353794774,1.604231521,1.273906538,1.474140843,-0.006974538651,0.06737143578,-0.5667614144,0.2353596175,0.1493642514,-0.0286431064,0.09936379666,-0.2217772416,0.1570537955,0.1110309302,-0.1419910079,-0.1910871385,-0.09105528347,0.3944187675,-0.2335185652,-0.3216763641,0.05549791181,0.008710110885,0.02391006086,0.008710110885,0.009214585936,0.07488387843,0.1065286929,0.06011612219,0.005771103539
1.21,0.009035741486,-0.08241847708,0.4225577219,0.059392181,-0.03302549081,0.9994545097,0.002637792114,0.999996521,0,0,1.405669945,1.645058682,-1.471540195,1.555567372,0.1206402648,0.03124035026,0.08469866114,-1.355214684,1.602320649,1.272995985,1.478085031,-0.009309724303,0.06415467213,-0.5662064353,0.235001813,0.149421223,-0.02816539121,0.09757115344,-0.221077924,0.1583826017,0.111138239,-0.1409685861,-0.1909984873,-0.09073422206,0.3916883662,-0.233088376,-0.3199104326,0.05561619804,0.008725844028,0.02329079928,0.008725844028,0.006791407489,0.0722976532,0.1082085927,0.06253930064,0.004277461024
1.22,0.01325750578,-0.08182505775,0.4217878929,0.05929072889,-0.03302549081,0.9994545097,0.002637792114,0.999996521,0,0,1.408019964,1.646552894,-1.471821849,1.556543083,0.1184294855,0.03282417628,0.08581004353,-1.35662437,1.600410664,1.272088643,1.482001915,-0.01164060806,0.06095556781,-0.5656502733,0.234862242,0.1489814457,-0.02722300059,0.09748322058,-0.2209768633,0.1582328395,0.111674545,-0.140404242,-0.1909552632,-0.09019801694,0.390876619,-0.2324096019,-0.319540037,0.05574704761,0.008741707733,0.02267181889,0.008741707733,0.004372515368,0.0686919216,0.1106274839,0.06495819276,0.002783248794
1.23,0.0174713544,-0.0812326816,0.4209745816,0.05918354646,-0.03302549081,0.9994545097,0.002637792114,0.999996521,0,0,1.410368586,1.648042709,-1.472094079,1.557517915,0.1162197169,0.03440650468,0.08692678898,-1.358028412,1.598501112,1.271186663,1.485910681,-0.01396470408,0.05776016744,-0.5650928029,0.2204585442,0.03089397804,0.1122253907,0.09624450919,-0.3358297973,0.1442515392,0.2439421155,-0.1379324067,-0.1911206769,-0.0907646801,0.3898794403,-0.2309204408,-0.3194717252,0.0586252434,0.008757669819,0.02205300463,0.008757669819,0.001963330795,0.06509543404,0.1130392178,0.06737254953,0.001293434338
1.24,0.02167685237,-0.08064140594,0.4201177589,0.05907062988,-0.03302549081,0.9994545097,0.002637792114,0.999996521,0.5944883451,0,1.412573171,1.648351649,-1.470971826,1.558480361,0.1128614189,0.03584902007,0.08936621014,-1.359407736,1.596589905,1.270279016,1.489809475,-0.01627390849,0.05456545019,-0.5645065504,0.1940404166,-0.2247188084,0.4074617792,0.09615176138,-0.5845024396,0.1107412981,0.5374033517,-0.1373558283,-0.1910345799,-0.09020874758,0.3889966778,-0.2302087193,-0.3190374649,0.05872257314,0.008764643246,0.02143367987,0.008764643246,0.0007585446916,0.06240021792,0.114551884,0.06978212084,0.0009844945572
1.25,0.02587356449,-0.08005128812,0.4192174096,0.05895197713,-0.02708330165,0.9996331801,0.002637792114,0.999996521,0.5944881588,0,1.414513576,1.64610446,-1.466897208,1.559441878,0.1070163945,0.03695643305,0.09474024365,-1.360781294,1.594679559,1.269376929,1.493699442,-0.01857599568,0.05137507554,-0.5639193247,0.1859856424,-0.2792129716,0.4706195241,0.09425634059,-0.6347924972,0.1097883412,0.6007698306,-0.1363012428,-0.1908565299,-0.08987337761,0.386090041,-0.2297239806,-0.3171054082,0.05877773625,0.008752202657,0.02081466741,0.008752202657,0.005501159,0.06027865608,0.1095483277,0.07218665823,0.003231682641
1.26,0.03006105547,-0.07946238552,0.4182735326,0.05882758808,-0.02114015718,0.9997765219,0.002637792114,0.999996521,0.5944881588,0,1.416373432,1.643312331,-1.462191012,1.560384442,0.1006684696,0.03805431646,0.100747942,-1.362144307,1.592770994,1.268478195,1.497560342,-0.02087323549,0.04820402146,-0.5633315473,0.175996841,-0.3503243695,0.5528922986,0.09396888253,-0.7009100531,0.1065208601,0.6833238084,-0.1356641753,-0.1907180071,-0.08932627104,0.3849543111,-0.2289943451,-0.3164726856,0.05884944748,0.008735966474,0.02019624006,0.008735966474,0.01024641311,0.05824922633,0.1047535866,0.0745859123,0.006023812357
1.27,0.03423889009,-0.07887475548,0.4172861409,0.05869746443,-0.01519626559,0.9998845301,0.002637792114,0.999996521,0.5944881588,0,1.4181334,1.639809087,-1.456662089,1.56132413,0.09365936904,0.03911952506,0.10758118,-1.363500949,1.590863814,1.267584932,1.501409886,-0.02316317894,0.0450392946,-0.5627430529,0.1705198735,-0.3513133564,0.5549436246,0.09292896557,-0.6991275501,0.1118298416,0.6823810208,-0.1334497256,-0.1907499918,-0.08971430829,0.3838249639,-0.2275967305,-0.3162024034,0.06123884592,0.008714993425,0.01957829893,0.008714993425,0.01499443355,0.05566468779,0.1000055666,0.07697963369,0.009527056052
1.28,0.03840663333,-0.07828845533,0.4162552613,0.05856160971,-0.009251836943,0.9999572008,0.002637792114,0.999996521,0.5944882287,0,1.419838599,1.636295954,-1.451112653,1.56225342,0.08666809354,0.04023782348,0.1144049903,-1.364835446,1.588956314,1.266687789,1.505248135,-0.02543914624,0.04187727057,-0.5621306644,0.1667290871,-0.3520184823,0.5557725363,0.09262946148,-0.6967551534,0.1171953014,0.6834473954,-0.1325332242,-0.1906104573,-0.08931335702,0.382779969,-0.2266885063,-0.3156950802,0.06173404546,0.00869452331,0.01896029388,0.00869452331,0.01874265992,0.05220933564,0.09625733993,0.07936757463,0.01304018962
1.29,0.04256385049,-0.07770354237,0.4151809349,0.05842002934,-0.00330708062,0.9999945316,0.002637792114,0.999996521,0.5944881821,0,1.42150589,1.632775769,-1.445554928,1.563179715,0.079700542,0.04140977649,0.1212394642,-1.366160778,1.587050209,1.265794656,1.509075935,-0.02770603131,0.03872031976,-0.561513324,0.1648633075,-0.3527271193,0.5561622326,0.09123966614,-0.6937699832,0.1219327534,0.6846862193,-0.1316032909,-0.1903627939,-0.08888585437,0.3803596332,-0.2260621034,-0.3140888398,0.06173894801,0.008674616939,0.01834278751,0.008674616939,0.0223056333,0.04865760051,0.09269436611,0.08174948487,0.01656037444
1.3,0.04671010738,-0.07712007381,0.4140632165,0.05827273055,0.002637792114,0.999996521,0.002637792114,0.999996521,0,0,1.423154523,1.629248498,-1.439993306,1.564092111,0.07276284217,0.04262910402,0.1280863264,-1.367476811,1.585146581,1.264905797,1.512879531,-0.02996665234,0.03557943137,-0.5608959345,0.2300634206,0.1604141353,-0.03769742905,0.09042217629,-0.1955082515,0.1687639497,0.09154632957,-0.1308094586,-0.1901135279,-0.08837759243,0.3785478248,-0.2253301723,-0.3129289646,0.06174736312,0.008655319525,0.01772611479,0.008655319525,0.02587488599,0.04587488614,0.08912511298,0.08412511533,0.02008764563
1.31,0.05084497041,-0.07653810679,0.4129021751,0.05811972244,0.002637792114,0.999996521,0.002637792114,0.999996521,0,0,1.425455157,1.630852639,-1.44037028,1.564996333,0.07080775966,0.04431674352,0.1290017897,-1.368784906,1.583245446,1.264022021,1.516665009,-0.03221995406,0.03245014172,-0.5602784608,0.2281702579,0.1600204227,-0.03609080705,0.08961873685,-0.1953165845,0.1683552078,0.08952627896,-0.1289521709,-0.1900026365,-0.08852053163,0.3773040439,-0.2240433462,-0.3124526501,0.06350268552,0.008670463066,0.01711029317,0.008670463066,0.02350578505,0.04350578477,0.09149421347,0.08649421759,0.01848350428
1.32,0.05496800675,-0.07595769835,0.4116978939,0.05796101595,0.002637792114,0.999996521,0.002637792114,0.999996521,0,0,1.42773686,1.632452843,-1.440731188,1.56589252,0.06885459381,0.0460002956,0.1298970525,-1.370074427,1.58134542,1.263136816,1.52043805,-0.03446038753,0.02932561522,-0.559643434,0.2269198009,0.1596652932,-0.03490423183,0.0890864975,-0.1949257519,0.1679778674,0.0883584353,-0.127604034,-0.1898148361,-0.08834183521,0.3760794201,-0.2229244087,-0.311874007,0.06451458949,0.008685694053,0.01649488489,0.008685694053,0.02160440319,0.04142968423,0.09339559532,0.08810937492,0.01688330005
1.33,0.05907878448,-0.07537890542,0.4104504698,0.05779662386,0.002637792114,0.999996521,0.002637792114,0.999996521,0,0,1.430006058,1.634049496,-1.44108023,1.566783385,0.06690533629,0.04768007427,0.1307806368,-1.371350468,1.579447271,1.262253398,1.524198844,-0.03668963161,0.02620687515,-0.5589982881,0.2264697187,0.1594733634,-0.03437675802,0.08827417672,-0.1941107542,0.1682087846,0.0882550651,-0.1268040209,-0.1895032488,-0.0878106346,0.3741990703,-0.2221382902,-0.3106410443,0.06448313398,0.008701027352,0.01588014405,0.008701027352,0.02042124742,0.03907988839,0.09457875174,0.08928702436,0.01528664712
1.34,0.06317687271,-0.07480178478,0.4091600139,0.05762656082,0.002637792114,0.999996521,0.002637792114,0.999996521,0,0,1.432270755,1.63564423,-1.441423998,1.567666127,0.06496422875,0.04936216212,0.1316631875,-1.372618508,1.577552239,1.261375291,1.527940835,-0.03891101452,0.02310046471,-0.5583534568,0.2259181538,0.1594126428,-0.03399311476,0.08686157893,-0.1930703791,0.1689239871,0.08796583071,-0.1258579391,-0.1891440686,-0.08735124774,0.3716617893,-0.2214234427,-0.3089069964,0.06441369434,0.008716489763,0.01526646673,0.008716489763,0.01953896171,0.03644012824,0.09546103839,0.09046103854,0.01369191349
1.35,0.06726184173,-0.07422639305,0.4078266513,0.05745084331,0.002637792114,0.999996521,0.002637792114,0.999996521,0,0,1.434529937,1.637238356,-1.441763929,1.568534743,0.06303352496,0.05105140199,0.1325428458,-1.373877087,1.575660798,1.260501779,1.531657453,-0.04112524894,0.02001139474,-0.5577093198,0.2246112957,0.1591164647,-0.03296523671,0.08632090367,-0.1925144032,0.1684696614,0.0866071052,-0.1244690674,-0.188882148,-0.08717137343,0.3703334059,-0.2202593633,-0.3082263318,0.06540098613,0.008732087411,0.01465400202,0.008732087411,0.01836870481,0.03409961445,0.09663129593,0.09163129434,0.01209778706
1.36,0.07133326317,-0.0736527867,0.4064505211,0.05726948967,0.002637792114,0.999996521,0.002637792114,0.999996521,0,0,1.43677605,1.638829521,-1.442093581,1.569397952,0.06110838093,0.0527360986,0.1334089168,-1.375121778,1.573771977,1.259630065,1.535360787,-0.04332784258,0.01692913142,-0.5570553099,0.2226683477,0.1587019138,-0.03151051914,0.08553474276,-0.1921393501,0.1679162838,0.0844871822,-0.1225891822,-0.1886490719,-0.08728861841,0.3689147374,-0.2189196411,-0.3075753504,0.06706103793,0.008747787643,0.01404245399,0.008747787643,0.01633139736,0.03176686285,0.09823313781,0.09323313512,0.01050662241
1.37,0.07539071011,-0.07308102198,0.4050317765,0.05708252006,0.002637792114,0.999996521,0.002637792114,0.999996521,0,0,1.439002733,1.64041654,-1.442408687,1.570253299,0.05918698743,0.05441526144,0.1342537887,-1.37634767,1.571885486,1.258757179,1.539049934,-0.04551703899,0.01385337792,-0.5563846996,0.2222160475,0.1583658623,-0.03095383517,0.08534669133,-0.1913673698,0.1675113167,0.08440239983,-0.1219139599,-0.1882674914,-0.08664643363,0.3675998104,-0.2179589389,-0.3067421694,0.06700543611,0.008763567622,0.01343173176,0.008763567622,0.01284428016,0.02944211805,0.1005578822,0.09555787949,0.008919603272
1.38,0.07943375721,-0.07251115495,0.4035705846,0.05688995654,0.002637792114,0.999996521,0.002637792114,0.999996521,0,0,1.441224894,1.642000198,-1.442718225,1.571106766,0.05727331373,0.05609037461,0.1350978127,-1.377566809,1.570002811,1.257890714,1.542725932,-0.04769662838,0.01078595623,-0.5557146452,0.221471322,0.1580538829,-0.03035221666,0.08333091959,-0.1903413394,0.1686188154,0.08425077989,-0.1208344506,-0.1877975983,-0.08624842787,0.3643523582,-0.2172719441,-0.3044375586,0.06684566411,0.008779463323,0.01282232114,0.008779463323,0.009369538695,0.02712562374,0.1028743761,0.09787437337,0.007335944649
1.39,0.08346198091,-0.07194324142,0.4020671266,0.05669182296,0.002637792114,0.999996521,0.002637792114,0.999996521,0,0,1.443439607,1.643580737,-1.443021747,1.571940076,0.05536990033,0.05777656276,0.1359403205,-1.378775154,1.568124835,1.25702823,1.546369456,-0.04986934782,0.007741580641,-0.5550461886,0.2200649422,0.1517039515,-0.02285022767,0.0830418988,-0.1951290573,0.1678965464,0.0908870363,-0.1200348495,-0.1873785516,-0.08566360619,0.3629285645,-0.2162471069,-0.3035286528,0.06690347123,0.008795469184,0.01221448617,0.008795469184,0.005907537003,0.02481762261,0.1051823768,0.1004251018,0.00575540582
1.4,0.0874749595,-0.07137733697,0.4005215977,0.05648814506,0.002637792114,0.999996521,0.002637792114,0.999996521,0,0,1.445640256,1.645097777,-1.443250249,1.572770495,0.05341860976,0.05945552823,0.1368491908,-1.379975502,1.56625105,1.256171594,1.549998741,-0.05203181889,0.004706294113,-0.5543771539,0.203216752,0.04239287126,0.1040920245,0.08198337727,-0.2961580031,0.1617724765,0.2138667284,-0.1175075995,-0.1871077237,-0.08616603112,0.3612856791,-0.2146785514,-0.3028021227,0.06935965686,0.008811130895,0.01160808914,0.008811130895,0.002637795173,0.02251835628,0.1073622042,0.1024816401,0.004238366305
1.41,0.09147227332,-0.07081349691,0.3989342072,0.05627895042,0.002637792114,0.999996521,0.002637792114,0.999996521,0,0,1.447672424,1.645521706,-1.442209329,1.573590328,0.05045702973,0.06107325299,0.1389878581,-1.381150578,1.564379972,1.255309934,1.553611598,-0.0541786044,0.001678272886,-0.5536835573,0.2029016506,0.04411665239,0.1016180491,0.08177192787,-0.2928551831,0.1613288429,0.2112487108,-0.1168089271,-0.1866330461,-0.08549867354,0.3598452393,-0.2136454739,-0.3018485452,0.06925145246,0.008818558389,0.01100265119,0.008818558389,0.002637795173,0.0202280652,0.1073622042,0.1047719324,0.003814437592
1.42,0.09545350485,-0.07025177625,0.3973051783,0.05606426845,0.002637792114,0.999996521,0.002637792114,0.999996521,0,0,1.44970144,1.645962872,-1.441193149,1.574408048,0.0475284779,0.06268654142,0.1411003452,-1.382318668,1.562513642,1.254454947,1.557210051,-0.05631505914,-0.001340212566,-0.5529910428,0.2024214331,0.04580043341,0.09926221693,0.08055664863,-0.2894781125,0.1617142948,0.2086285067,-0.1158994193,-0.1860991594,-0.08496585033,0.3573469215,-0.2127609747,-0.3000791959,0.06907071853,0.008826118225,0.01039883762,0.008826118225,0.002637795173,0.01794698859,0.1073622042,0.1070530103,0.003373271068
1.43,0.09941823888,-0.06969222972,0.3956347482,0.05584413043,0.002637792114,0.999996521,0.002637792114,0.999996521,0,0,1.451725655,1.646420876,-1.440200526,1.575213614,0.04463369678,0.06430368437,0.1431866303,-1.383477662,1.56065265,1.253605289,1.56078352,-0.05844266889,-0.004341004525,-0.5523003356,0.2019459567,0.04748600587,0.09690140698,0.0795157927,-0.2861099905,0.1619273291,0.205967945,-0.1150215356,-0.1855497112,-0.08440193515,0.3550126407,-0.2118265293,-0.2984280546,0.06888778133,0.008833805249,0.009796829345,0.008833805249,0.002637795173,0.01548838963,0.1073622042,0.1093246358,0.002915266734
1.44,0.1033660626,-0.06913491172,0.3939231684,0.05561856946,0.002637792114,0.999996521,0.002637792114,0.999996521,0,0,1.453745114,1.646895736,-1.439231512,1.576008772,0.04177259687,0.06592295766,0.1452463097,-1.384627877,1.558797153,1.252761269,1.564333646,-0.06056093418,-0.007325285072,-0.5516114578,0.195491031,0.01678427637,0.1333061382,0.07873672997,-0.3123643959,0.1620606415,0.2389554129,-0.1130370184,-0.1851257261,-0.08453802177,0.3533078884,-0.2103890358,-0.2975000441,0.0704860426,0.008841621023,0.009196681788,0.008841621023,0.002637795173,0.01327923059,0.1073622042,0.1115865725,0.002440406676
1.45,0.107296566,-0.06857987629,0.3921707041,0.05538762053,0.002637792114,0.999996521,0.002637792114,0.999996521,0,0,1.455700024,1.647063579,-1.437898451,1.576796139,0.03864895291,0.06754356408,0.1476358639,-1.385758247,1.556945896,1.251915889,1.567866725,-0.06266482454,-0.01030028551,-0.5509065973,0.1917165186,9.885608154e-05,0.1525863452,0.0782173822,-0.325640474,0.1617458782,0.2565568225,-0.1116544639,-0.1846225265,-0.08427747753,0.3516544392,-0.2091030595,-0.296487551,0.0712383535,0.008847042675,0.00859800082,0.00859800082,0.002637795173,0.01116141747,0.1073622042,0.1138385841,0.002272563912
1.46,0.1112093414,-0.06802717715,0.3903776346,0.05515132044,0.002637792114,0.999996521,0.002637792114,0.999996521,0,0,1.45761719,1.647064568,-1.436372588,1.577578313,0.03539254817,0.06916102286,0.1502014321,-1.386874792,1.555099671,1.251073114,1.57138327,-0.06475585513,-0.01326516102,-0.5501942138,0.1910543699,9.954769431e-05,0.1517845126,0.07790334211,-0.3236140385,0.161118675,0.2557643069,-0.1109122969,-0.1840422274,-0.08360554457,0.3499836199,-0.2079830043,-0.2953248208,0.0710495088,0.008851152887,0.008001046092,0.008001046092,0.002637795173,0.008919563307,0.1073622042,0.1160804379,0.002271575351
1.47,0.1151039843,-0.06747686759,0.3885442534,0.05490970786,0.002637792114,0.999996521,0.002637792114,0.999996521,0,0,1.459527733,1.647065563,-1.434854742,1.578357347,0.03215640779,0.07077220961,0.1527590752,-1.387983915,1.553259248,1.250237059,1.574883106,-0.06683568517,-0.01621840923,-0.5494837187,0.1901570344,9.854933731e-05,0.1511518978,0.07596343996,-0.3214555217,0.161862727,0.254891518,-0.109779462,-0.1836181737,-0.08344710399,0.3466554102,-0.2068752912,-0.2928974377,0.07044239893,0.00885525025,0.007406068015,0.007406068015,0.002637795173,0.006650620997,0.1073622042,0.1183119025,0.002270579874
1.48,0.1189800931,-0.06692900056,0.3866708679,0.0546628233,0.002637792114,0.999996521,0.002637792114,0.999996521,0,0,1.461429304,1.647066549,-1.433343223,1.579116981,0.02894185257,0.07239083688,0.1553079903,-1.38908171,1.551423067,1.249402588,1.57834966,-0.06890443809,-0.01914738361,-0.5487792947,0.1889636549,9.595684591e-05,0.1508638724,0.07557655808,-0.3192728652,0.1618213942,0.2535525735,-0.1087002441,-0.1830544346,-0.08300933199,0.3449568542,-0.2055888018,-0.2917661715,0.07064670963,0.008859329576,0.006812537548,0.006812537548,0.002637795173,0.00404940489,0.1073622042,0.1205327478,0.002269594381
1.49,0.1228372694,-0.06638362856,0.3847577995,0.05441070912,0.002637792114,0.999996521,0.002637792114,0.999996521,0,0,1.46331894,1.647067508,-1.431834585,1.579872747,0.02574912392,0.07400905082,0.1578435161,-1.390168712,1.549592522,1.248572494,1.581799228,-0.0709603261,-0.02206504532,-0.5480728276,0.1858714813,9.109488848e-05,0.1525975935,0.07468788139,-0.3166182421,0.1643619862,0.2503777235,-0.1063620495,-0.1825775663,-0.08339250729,0.3430410846,-0.2039762264,-0.2907006144,0.07254940356,0.008863384372,0.006220935016,0.006220935016,0.002637795173,0.002257254329,0.1073622042,0.1225524751,0.002268634812
1.5,0.1266751179,-0.06584080366,0.3828053836,0.05415340952,0.002637792114,0.999996521,0.002637792114,0.999996521,0,0.5944881588,1.465177655,1.647068419,-1.430308609,1.580619625,0.0225829415,0.07565267068,0.1603472933,-1.391232332,1.547766747,1.247738569,1.585229639,-0.07300008837,-0.02497205147,-0.5473473336,0.1851458522,9.175320737e-05,0.1517140552,0.0744290011,-0.314482701,0.1635681339,0.2494623806,-0.2693733384,0.3104220852,0.5077588981,0.3413290842,-0.7274937831,-0.243303589,0.6666705854,0.008867373741,0.005630982487,0.005630982487,0.002637795173,5.833007073e-05,0.1073622042,0.1236519362,0.002267723863
1.51,0.130493247,-0.0653005775,0.3808139697,0.05389097055,0.002637792114,0.999996521,0.008582571391,0.9999631691,0,0.594488252,1.467029114,1.647069337,-1.428791468,1.581363915,0.01943811449,0.07728835202,0.1628419171,-1.393926066,1.550870967,1.252816158,1.58864293,-0.0802750262,-0.02740508736,-0.5406806277,0.1843064461,9.194590291e-05,0.1509055616,0.07340609622,-0.3122732185,0.1634123638,0.2484833972,-0.2666546196,0.3123276075,0.5052897024,0.338836509,-0.7261199993,-0.2359861587,0.6666254338,0.00887134875,0.006648594942,0.006648594942,0.002637795173,0.003815585806,0.1073622042,0.1188008665,0.002266806331
1.52,0.1342912685,-0.06476300123,0.3787839212,0.05362344014,0.002637792114,0.999996521,0.01452704828,0.9998944769,0,0.5944881588,1.468872178,1.647070256,-1.427282413,1.582097976,0.0163153823,0.07892247566,0.1653267511,-1.396592612,1.553994244,1.257869055,1.592031295,-0.08753622619,-0.02976494894,-0.5340143734,0.1834197091,9.040587094e-05,0.1501126934,0.07217724119,-0.3100303584,0.1634094435,0.2474585322,-0.2635803872,0.3139634886,0.5024090462,0.3361242782,-0.7243629953,-0.2283361387,0.666067718,0.008875306898,0.007675655917,0.007675655917,0.002637795173,0.007584363285,0.1073622042,0.1142731419,0.002265886872
1.53,0.1380687979,-0.0642281255,0.3767156158,0.05335086801,0.002637792114,0.999996521,0.02047101083,0.9997904469,0,0.5944881588,1.470706375,1.64707116,-1.425781286,1.582819749,0.01321507872,0.08055657009,0.1678013364,-1.399228416,1.557133878,1.262893146,1.595392538,-0.09477985615,-0.03204831033,-0.5273536962,0.1809736992,8.737029384e-05,0.1509667318,0.07149302926,-0.3074414462,0.1648032669,0.244847537,-0.2596434629,0.3156426157,0.499149988,0.3341526266,-0.7223154881,-0.2214786686,0.6672715606,0.008879247012,0.008711250332,0.008711250332,0.002637795173,0.01136488093,0.1073622042,0.1104873164,0.002264982813
1.54,0.1418254546,-0.0636960005,0.374609445,0.05307330578,0.002637792114,0.999996521,0.0264142499,0.9996510828,0,0.5944881588,1.472516112,1.647072034,-1.424271618,1.583534679,0.01014066426,0.08220460276,0.1702498118,-1.401824851,1.560290305,1.267884646,1.598734064,-0.102003011,-0.03426309702,-0.5206809806,0.1790054833,8.649298631e-05,0.1512652843,0.07092798578,-0.3049307309,0.1654968777,0.2426836868,-0.2562292169,0.3172730032,0.4962067081,0.3322038842,-0.7203037451,-0.2148113672,0.6679746406,0.008883135502,0.009755490708,0.008883135502,0.002637795173,0.01515735775,0.1073622042,0.1071220433,0.002264109111
1.55,0.145560862,-0.06316667584,0.3724658143,0.05279080689,0.002637792114,0.999996521,0.03235655545,0.9994763896,0,0.5944881588,1.474306167,1.647072899,-1.422758965,1.584243959,0.007091356948,0.08385957154,0.1726766486,-1.404387143,1.563463035,1.272846713,1.602056103,-0.1092060485,-0.03641121069,-0.5140012342,0.1781909991,8.705984142e-05,0.1502942266,0.07064619182,-0.3026672653,0.1645800852,0.2416185646,-0.2536030472,0.3189877453,0.4938170606,0.330350505,-0.7184204778,-0.2080869927,0.6675670786,0.008886982725,0.01080818399,0.008886982725,0.002637795173,0.01896200955,0.1073622042,0.1034579092,0.002263244181
1.56,0.1492746475,-0.06264020063,0.3702851433,0.05250342664,0.002637792114,0.999996521,0.03829771747,0.9992663733,0,0.5944881588,1.476088077,1.64707377,-1.421256023,1.584950421,0.004064684295,0.08550537239,0.1750928343,-1.406923173,1.566652912,1.277784883,1.605359608,-0.1163902533,-0.03849208062,-0.5073255634,0.177214224,8.663341953e-05,0.1494620391,0.06913924315,-0.3003057463,0.1647077093,0.2404525656,-0.2507809314,0.3207419163,0.4913894444,0.3272914048,-0.716789622,-0.2004204081,0.6670001338,0.008890813506,0.01186958025,0.008890813506,0.002637795173,0.02277904976,0.1073622042,0.09933154052,0.002262373582
1.57,0.1529664428,-0.06211662339,0.3680678656,0.05221122217,0.002637792114,0.999996521,0.044237526,0.9990210415,0,0.5944881588,1.477860219,1.647074636,-1.419761403,1.585641813,0.001061626831,0.08715244948,0.17749736,-1.409430983,1.569860331,1.282698778,1.608632522,-0.1235581495,-0.0404962847,-0.5006555621,0.1763076042,8.498781141e-05,0.1485266936,0.06840424984,-0.2979766691,0.1641381266,0.2392963272,-0.2480057714,0.3225074663,0.489063709,0.3249510844,-0.7149343268,-0.1932660047,0.6664550684,0.008894624263,0.01293975986,0.008894624263,0.002637795173,0.02642798698,0.1073622042,0.09515572388,0.002261507248
1.58,0.1566358842,-0.06159599207,0.3658144289,0.05191425247,0.002637792114,0.999996521,0.0501757711,0.9987404027,0,0,1.479623295,1.647075486,-1.418276136,1.586325856,-0.00191813986,0.08879383075,0.1798903232,-1.41191104,1.573085406,1.287589415,1.611882033,-0.1307074927,-0.04242894475,-0.4939910114,0.1730011606,8.247933836e-05,0.1500833836,0.06755785733,-0.2950938462,0.1663820251,0.2358019356,-0.09891746859,-0.1767347654,-0.09006192195,0.3227419275,-0.1907364198,-0.2671782406,0.07424084247,0.008898416383,0.01401874366,0.008898416383,0.002637795173,0.03040516125,0.1073622042,0.09143804668,0.00226065737
1.59,0.1602826124,-0.06107835402,0.3635252949,0.05161257839,0.002637792114,0.999996521,0.0501757711,0.9987404027,0,0,1.481353307,1.647076311,-1.416775302,1.587001434,-0.004869078322,0.090457651,0.1822483426,-1.412900215,1.571318058,1.286688796,1.615109452,-0.1326148569,-0.04510072715,-0.493248603,0.1717875552,8.176083819e-05,0.1493957337,0.06718791417,-0.292660632,0.1658056913,0.2343019715,-0.09790255882,-0.1758810454,-0.08937297439,0.3207479251,-0.1893875873,-0.2657829711,0.07420021556,0.008902138227,0.01344253911,0.008902138227,0.002637795173,0.02836171646,0.1073622042,0.09395979351,0.002259832577
1.6,0.1639062727,-0.06056375598,0.3612009391,0.05130626261,0.002637792114,0.999996521,0.0501757711,0.9987404027,0,0,1.483071182,1.647077128,-1.415281345,1.587673313,-0.007795684642,0.09211570791,0.1845913623,-1.41387924,1.569559248,1.285795066,1.618316932,-0.1345087328,-0.04775855686,-0.4925066008,0.1708928303,8.122789776e-05,0.1483403859,0.06688883833,-0.2902844991,0.1647654045,0.2330968042,-0.09710629017,-0.1749829243,-0.08853004663,0.3187634648,-0.1880678358,-0.2643445377,0.0738448613,0.008905834831,0.01286921031,0.008905834831,0.002637795173,0.02628551297,0.1073622042,0.09607231572,0.002259014968
1.61,0.1675065154,-0.06005224403,0.3588418514,0.05099536966,0.002637792114,0.999996521,0.0501757711,0.9987404027,0,0,1.484780111,1.64707794,-1.413797941,1.588342202,-0.01069852963,0.09376336196,0.1869223303,-1.414850303,1.567809419,1.284909765,1.621504566,-0.1363894112,-0.05040200224,-0.4917681522,0.1698205062,8.286213777e-05,0.1474641922,0.0651390051,-0.2878037745,0.1649722366,0.2317590246,-0.09609385381,-0.1740165038,-0.08775979256,0.3153782053,-0.1871026913,-0.2617750753,0.07333198135,0.008909513032,0.01229890773,0.008909513032,0.002637795173,0.02422272678,0.1073622042,0.0977481488,0.002258202689
1.62,0.1710829957,-0.05954386362,0.3564485355,0.05067996594,0.002637792114,0.999996521,0.0501757711,0.9987404027,0,0,1.486478316,1.647078769,-1.412323299,1.588993592,-0.01357656738,0.09541308433,0.1892399206,-1.415811242,1.566069253,1.284032168,1.624658348,-0.1382604381,-0.05301975299,-0.4910348324,0.168791757,8.243463376e-05,0.1464910325,0.064649476,-0.2853677278,0.1641374361,0.2304038515,-0.09607605617,-0.1701767057,-0.08365528643,0.3131831295,-0.1888189853,-0.2596440488,0.07644728655,0.008913169149,0.01173183184,0.008913169149,0.002637795173,0.02199322594,0.1073622042,0.09954674468,0.002257374068
1.63,0.1746353738,-0.05903865952,0.354021509,0.05036011968,0.002637792114,0.999996521,0.0501757711,0.9987404027,0,0,1.488166233,1.647079593,-1.410858389,1.589640087,-0.01643024466,0.09705445869,0.1915439591,-1.416772002,1.564367486,1.283195615,1.62779018,-0.1401486279,-0.05561619348,-0.4902703595,0.165218749,7.85812859e-05,0.1481176379,0.06379240643,-0.2823471984,0.1664269033,0.2266044699,-0.1223128806,-0.07225262861,0.02638766446,0.3108083997,-0.2887001831,-0.2407042712,0.1936948439,0.00891680394,0.01117751651,0.00891680394,0.002637795173,0.02018557184,0.1073622042,0.1017438865,0.002256549721
1.64,0.1781633152,-0.0585366758,0.3515613038,0.05003590095,0.002637792114,0.999996521,0.0501757711,0.9987404027,0,0,1.489818421,1.647080379,-1.409377212,1.590278011,-0.01925371664,0.09871872772,0.1938100038,-1.417995131,1.56364496,1.283459491,1.630898264,-0.1430356298,-0.05802323619,-0.4883334111,0.1642688159,7.898396015e-05,0.1469906726,0.06348367385,-0.2798900201,0.165281048,0.2252954185,-0.121437425,-0.07173496413,0.02635015509,0.3087301119,-0.2865467401,-0.2392055047,0.1927540811,0.008920362411,0.01094734681,0.008920362411,0.002637795173,0.01958810168,0.1073622042,0.1031610629,0.002255763909
1.65,0.181666491,-0.05803795584,0.3490684658,0.04970738168,0.002637792114,0.999996521,0.0501757711,0.9987404027,0,0,1.491461109,1.647081169,-1.407907306,1.590912847,-0.02205261684,0.1003715382,0.196062958,-1.419209506,1.562927611,1.283722993,1.633985565,-0.1459010972,-0.06041529124,-0.4864058703,0.163302123,7.935967454e-05,0.1458521743,0.06316981246,-0.2774162843,0.1641185537,0.223959849,-0.1205535932,-0.07121131011,0.02630671045,0.3066248342,-0.2843697437,-0.2376819233,0.1917866255,0.008923901241,0.01071882957,0.008923901241,0.002637795173,0.01859300072,0.1073622042,0.1041669866,0.002254974069
1.66,0.1851445776,-0.05754254226,0.3465435547,0.04937463566,0.002637792114,0.999996521,0.0501757711,0.9987404027,0,0,1.49309413,1.647081963,-1.406448784,1.591544546,-0.02482677968,0.1020127237,0.1983025565,-1.420415041,1.562215497,1.28398606,1.637051813,-0.1487447946,-0.06279211047,-0.484488004,0.1621700948,7.798108488e-05,0.1449013898,0.06143868568,-0.2748481505,0.1641856723,0.2224785342,-0.1194699804,-0.07063760359,0.02617160313,0.3031705695,-0.282536161,-0.2350618463,0.1906302392,0.008927420042,0.01049198369,0.008927420042,0.002637795173,0.01720858847,0.1073622042,0.1047697991,0.002254180472
1.67,0.1885972571,-0.05705047696,0.3439871443,0.04903773851,0.002637792114,0.999996521,0.0501757711,0.9987404027,0,0,1.494715831,1.647082742,-1.40499977,1.592158932,-0.02757526119,0.1036545805,0.2005273418,-1.421609741,1.561509121,1.284247776,1.640083519,-0.1515701562,-0.06514272894,-0.4825817016,0.1611257494,7.723821647e-05,0.1437930701,0.06098094654,-0.272334894,0.1631382319,0.2210465731,-0.1186675268,-0.06964529353,0.02659644188,0.3008981434,-0.2808244681,-0.2332810902,0.1901489582,0.008930915107,0.01026694828,0.008930915107,0.002637795173,0.01599316287,0.1073622042,0.1048031524,0.002253400661
1.68,0.1920242175,-0.05656180107,0.3413998226,0.04869676769,0.002637792114,0.999996521,0.0501757711,0.9987404027,0,0,1.496327089,1.647083515,-1.403561839,1.592768742,-0.03029861013,0.1052859628,0.2027378075,-1.422796417,1.560812668,1.28451374,1.6430925,-0.1543784009,-0.06747553984,-0.480680212,0.1575172119,7.303243184e-05,0.1452715091,0.06016532136,-0.2692478975,0.1651916084,0.217167775,-0.1277615065,-0.02901969133,0.06976004547,0.2983920582,-0.3210962031,-0.2212054471,0.2387914185,0.008934388344,0.01004513087,0.008934388344,0.002637795173,0.01519684866,0.1073622042,0.1048031524,0.002252628279
1.69,0.1954251526,-0.05607655492,0.3387821915,0.04835180254,0.002637792114,0.999996521,0.0501757711,0.9987404027,0,0,1.497902261,1.647084245,-1.402109124,1.593370395,-0.0329910891,0.1069378789,0.2049094853,-1.424074032,1.560522472,1.285211341,1.646076421,-0.1575893629,-0.06968759431,-0.4782922979,0.1565027774,7.157117941e-05,0.1440662595,0.05984384016,-0.2667086688,0.1639255498,0.2157413486,-0.1268175309,-0.02869823091,0.06931429907,0.2962027159,-0.3184854063,-0.2196441245,0.2374438672,0.008937784275,0.009957721971,0.008937784275,0.002637795173,0.01519684866,0.1073622042,0.1048031524,0.002251897955
1.7,0.1987997623,-0.05559477806,0.3361348668,0.04800292422,0.002637792114,0.999996521,0.0501757711,0.9987404027,0,0,1.499467288,1.647084961,-1.400668461,1.593968834,-0.03565817579,0.1085771344,0.2070668988,-1.425342207,1.560235489,1.285904484,1.649038448,-0.160774217,-0.07188403555,-0.4759178592,0.1554731049,7.012374716e-05,0.1428505717,0.05951783717,-0.2641559679,0.1626439513,0.2142904767,-0.1258642554,-0.0283769188,0.06885987227,0.2939888796,-0.3158500555,-0.2180615772,0.2360640284,0.008941158904,0.009871361098,0.008941158904,0.002637795173,0.01519684866,0.1073622042,0.1048031524,0.002251182243
1.71,0.202147753,-0.0551165092,0.3334584785,0.04765021575,0.002637792114,0.999996521,0.0501757711,0.9987404027,0,0,1.50102202,1.647085662,-1.399239956,1.594564012,-0.03829973547,0.1102035739,0.2092098035,-1.426600849,1.55995172,1.286593083,1.651978337,-0.1639327175,-0.07406465133,-0.4735572189,0.1543185896,7.132939264e-05,0.1417905687,0.05806540822,-0.2615280965,0.1623394388,0.2127016702,-0.1247648691,-0.02802639684,0.06832553107,0.2907178348,-0.3134818463,-0.2156128734,0.2345090098,0.008944511884,0.009786045491,0.008944511884,0.002637795173,0.01519684866,0.1073622042,0.1048031524,0.002250481006
1.72,0.2054688372,-0.05464178623,0.3307536707,0.047293762,0.002637792114,0.999996521,0.0501757711,0.9987404027,0,0,1.502565205,1.647086375,-1.39782205,1.595144666,-0.04091501644,0.1118269683,0.2113368202,-1.427848498,1.559671456,1.287276338,1.654885515,-0.167067536,-0.07622078006,-0.4712121288,0.1532223433,7.223505065e-05,0.1406101266,0.05737316909,-0.2589334903,0.1613419234,0.2111598518,-0.1237512199,-0.02769705483,0.06783086069,0.2881338689,-0.3108900864,-0.2137246638,0.2330144054,0.008947840701,0.009701848449,0.008947840701,0.002637795173,0.01519684866,0.1073622042,0.1055195792,0.002249767712
1.73,0.2087627339,-0.05417064616,0.3280211012,0.04693364967,0.002637792114,0.999996521,0.0501757711,0.9987404027,0,0,1.504097429,1.647087098,-1.396415949,1.595718398,-0.04350435134,0.1134403875,0.2134484188,-1.42908601,1.559394486,1.287954647,1.657766854,-0.1701764369,-0.0783580267,-0.4688819848,0.150136031,7.416988459e-05,0.141384412,0.05669649943,-0.2559146482,0.1624851986,0.2077335819,-0.1217140978,-0.0257407359,0.0675109088,0.2855868371,-0.3107190694,-0.2087796224,0.2350285061,0.008951146567,0.009618711781,0.008951146567,0.002637795173,0.01519684866,0.1073622042,0.1064618585,0.002249045361
1.74,0.2120291689,-0.05370312514,0.3252614421,0.04656996733,0.002637792114,0.999996521,0.0501757711,0.9987404027,0,0,1.505598789,1.647087839,-1.395002105,1.596285363,-0.04606349782,0.1150652395,0.2155257546,-1.430303151,1.559137078,1.288629756,1.660622722,-0.1732836276,-0.08044582292,-0.4665316997,0.1485411188,7.332553948e-05,0.1406328156,0.0562771537,-0.2531983677,0.161751754,0.2057072854,-0.1204610533,-0.02501071536,0.06705928853,0.28322708,-0.3086311087,-0.2062938614,0.2343995452,0.00895438666,0.009541942913,0.00895438666,0.002637795173,0.01519684866,0.1073622042,0.1073968996,0.002248303662
1.75,0.2152678747,-0.05323925841,0.3224753795,0.0462028054,0.002637792114,0.999996521,0.0501757711,0.9987404027,0,0,1.5070842,1.647088573,-1.393595777,1.596848134,-0.0485954815,0.116682757,0.2175828274,-1.431507762,1.558886971,1.289300349,1.663454993,-0.1763699387,-0.08250876153,-0.4641877042,0.1474581334,7.187771311e-05,0.1393441022,0.05594433537,-0.2505837498,0.1603558033,0.2041549271,-0.119476787,-0.02470913728,0.06655750671,0.2809181641,-0.3058587316,-0.2046547269,0.2328274083,0.008957592872,0.009467544967,0.008957592872,0.002637795173,0.01519684866,0.1073622042,0.1083246322,0.002247570407
1.76,0.2184785908,-0.05277908032,0.3196636133,0.04583225612,0.002637792114,0.999996521,0.0501757711,0.9987404027,0,0,1.508558782,1.647089292,-1.392202336,1.597407578,-0.051101319,0.1182863151,0.2196243767,-1.43270253,1.55863988,1.289965924,1.666264174,-0.179428526,-0.0845553088,-0.4618594302,0.1463104455,7.044453354e-05,0.1381321451,0.05505545036,-0.2479308218,0.1594373223,0.2025185856,-0.1184244682,-0.02439558322,0.06600987231,0.2780889024,-0.3032089204,-0.2025828156,0.2311476237,0.008960776166,0.009394119464,0.008960776166,0.002637795173,0.01519684866,0.1073622042,0.1092449875,0.00224685163
1.77,0.2216610637,-0.05232262427,0.3168268578,0.04545841361,0.002637792114,0.999996521,0.0501757711,0.9987404027,0,0,1.510021886,1.647089996,-1.390821014,1.597958132,-0.05358062721,0.1198806883,0.2216495626,-1.433886774,1.558395924,1.290626022,1.669045064,-0.1824606152,-0.08658113696,-0.4595479539,0.1451192077,6.902623002e-05,0.136962191,0.05385406225,-0.2452552078,0.1587775823,0.200821238,-0.1173318907,-0.02407579405,0.0654335743,0.2749655892,-0.3006173532,-0.2002656845,0.2293911914,0.008963935132,0.009321692885,0.008963935132,0.002637795173,0.01484209727,0.1073622042,0.1098031476,0.002246147185
1.78,0.2248150471,-0.05186992271,0.313965841,0.04508137382,0.002637792114,0.999996521,0.0501757711,0.9987404027,0,0,1.511473078,1.647090686,-1.389451392,1.598496673,-0.05603317929,0.1214684641,0.2236577749,-1.435060093,1.558155166,1.291280358,1.671794719,-0.1854667887,-0.08858379381,-0.457254042,0.1431780356,6.793178411e-05,0.136460184,0.05339030121,-0.2424461652,0.158318009,0.198431291,-0.115726851,-0.02369034872,0.06432610535,0.2724895485,-0.29821677,-0.1973320103,0.2284495604,0.008967068812,0.009250277423,0.008967068812,0.002637795173,0.01393669433,0.1073622042,0.1098031476,0.002245456922
1.79,0.2279403021,-0.05142100712,0.311081305,0.04470123455,0.002637792114,0.999996521,0.0501757711,0.9987404027,0,0,1.512904859,1.647091366,-1.38808679,1.599030576,-0.05845764094,0.1230516442,0.2256420879,-1.436217362,1.557918262,1.291923619,1.674519615,-0.1884489564,-0.09055711391,-0.4549695464,0.1404426213,6.765176137e-05,0.1367201554,0.05280464611,-0.2394575203,0.1587844105,0.1952867204,-0.1135382741,-0.02322565311,0.06265130051,0.2698807409,-0.2962201346,-0.1931833253,0.2281722976,0.00897016104,0.009180066647,0.00897016104,0.002637795173,0.01303886336,0.1073622042,0.1098031476,0.002244777604
1.8,0.2310365973,-0.05097590801,0.308174006,0.04431809546,0.002637792114,0.999996521,0.0501757711,0.9987404027,0,0,1.514309285,1.647092042,-1.386719589,1.599558622,-0.06085221615,0.1246394883,0.2275949551,-1.437352745,1.557686006,1.292550132,1.677218422,-0.1914111578,-0.09248894716,-0.4526878234,0.1393165468,6.700912538e-05,0.1353644932,0.05246688732,-0.2367967585,0.1572805834,0.1936453425,-0.1125328534,-0.02293459719,0.06212619769,0.2674898858,-0.2933404266,-0.1915015662,0.2264318703,0.008973194723,0.009111283383,0.008973194723,0.002637795173,0.01214866533,0.1073622042,0.1098031476,0.002244101087
1.81,0.2341037089,-0.05053465487,0.3052447142,0.04393205803,0.002637792114,0.999996521,0.0501757711,0.9987404027,0,0,1.51570245,1.647092712,-1.385365944,1.600083291,-0.06322018373,0.1262122941,0.2295314085,-1.438478073,1.55745666,1.293171394,1.679893321,-0.194344562,-0.09440396282,-0.4504235047,0.1381790356,6.636173255e-05,0.1340014843,0.05212593057,-0.2341296479,0.1557647155,0.1919850014,-0.1115211795,-0.02264446255,0.06159428742,0.2650809715,-0.2904428953,-0.1898041086,0.2246639378,0.008976204514,0.009043427825,0.008976204514,0.002637795173,0.01126615923,0.1073622042,0.1098031476,0.002243430996
1.82,0.2371414209,-0.05009727617,0.3022942138,0.04354322563,0.002637792114,0.999996521,0.0501757711,0.9987404027,0,0,1.517084241,1.647093376,-1.384025929,1.60060455,-0.06556148021,0.1277699413,0.2314512585,-1.439593285,1.557230215,1.293787337,1.682544131,-0.197248991,-0.09630200391,-0.4481768653,0.1369409654,6.769836203e-05,0.1327990949,0.05074176578,-0.2314053677,0.1551678369,0.1901717204,-0.1104021333,-0.02233767037,0.06098038708,0.2617289336,-0.2877995053,-0.1873140852,0.2227073485,0.00897919015,0.008976494953,0.008976494953,0.002637795173,0.010391402,0.1073622042,0.1098031476,0.002242767378
1.83,0.2401495252,-0.04966379933,0.2993233031,0.04315170344,0.002637792114,0.999996521,0.0501757711,0.9987404027,0,0,1.51845365,1.647094053,-1.382697938,1.601111968,-0.06787553389,0.1293216197,0.2333529757,-1.440697306,1.557006839,1.294397141,1.68516142,-0.200126986,-0.09817514476,-0.4459497919,0.1357536224,6.697104364e-05,0.1314727177,0.05010279901,-0.228717094,0.1538885029,0.1884331004,-0.1093512213,-0.02204464818,0.06041443929,0.2590325742,-0.2849431259,-0.1853726777,0.2208364363,0.008982149592,0.00891051644,0.00891051644,0.002637795173,0.0101968497,0.1073622042,0.1098031476,0.002242090395
1.84,0.2431278216,-0.04923425071,0.2963327942,0.0427575985,0.002637792114,0.999996521,0.0501757711,0.9987404027,0,0,1.519811186,1.647094722,-1.381383211,1.601612996,-0.07016270483,0.1308605047,0.2352373067,-1.441790818,1.556786392,1.295001285,1.687751746,-0.2029764173,-0.1000288715,-0.4437414275,0.1332226396,6.616727142e-05,0.1314178361,0.04957665636,-0.2257649125,0.1539298822,0.1854516678,-0.1073312922,-0.0216129353,0.05889404225,0.2563804625,-0.2827260588,-0.1815416086,0.2201760891,0.008985083766,0.008845460123,0.008845460123,0.002637795173,0.0101968497,0.1073622042,0.1098031476,0.002241420684
1.85,0.2460761185,-0.0488086556,0.2933235134,0.04236101972,0.002637792114,0.999996521,0.0501757711,0.9987404027,0,0,1.521143413,1.647095384,-1.380069032,1.602108763,-0.07242035395,0.1323998035,0.2370918234,-1.442864131,1.556570263,1.295590226,1.690315551,-0.2058036779,-0.1018442876,-0.4415396666,0.1311071953,6.573855231e-05,0.1309373913,0.04910742968,-0.2228855653,0.1534552773,0.1828483964,-0.1056144461,-0.02123040983,0.0576691274,0.2537780327,-0.2802698819,-0.1783535819,0.2191194242,0.008987963651,0.008781723507,0.008781723507,0.002637795173,0.0101968497,0.1073622042,0.1098031476,0.002240759011
1.86,0.2489942321,-0.04838703819,0.2902963012,0.04196207782,0.002637792114,0.999996521,0.0501757711,0.9987404027,0,0,1.522454485,1.647096042,-1.378759659,1.602599837,-0.0746492096,0.1339343563,0.2389203073,-1.443920276,1.556357959,1.296166917,1.692853331,-0.2086063767,-0.1036278234,-0.4393484724,0.1299392785,6.505097341e-05,0.1295162869,0.04876635975,-0.2201942889,0.1518421629,0.18111899,-0.1045915298,-0.02095174039,0.0571210266,0.2513073425,-0.2772843658,-0.1766317725,0.2172006079,0.008990798218,0.008719162355,0.008719162355,0.002637795173,0.0101968497,0.1073622042,0.1098031476,0.002240101626
1.87,0.2518819876,-0.04796942155,0.2872520117,0.0415608854,0.002637792114,0.999996521,0.0501757711,0.9987404027,0,0,1.523753878,1.647096692,-1.377464496,1.6030875,-0.07685115249,0.1354527779,0.2407314972,-1.444966191,1.556148441,1.296738127,1.695366404,-0.2113792204,-0.1053941412,-0.4371764663,0.1287622466,6.435962474e-05,0.1280898909,0.04842283033,-0.2175006909,0.1502195266,0.1793740943,-0.1035641844,-0.02067423148,0.05656735034,0.2488226348,-0.2742854645,-0.1748975341,0.2152580596,0.00899360788,0.008657477497,0.008657477497,0.002637795173,0.0101968497,0.1073622042,0.1098031476,0.002239451116
1.88,0.2547392183,-0.04755582761,0.2841915133,0.04115755689,0.002637792114,0.999996521,0.0501757711,0.9987404027,0,0,1.5250415,1.647097336,-1.376183597,1.603571729,-0.0790261594,0.1369549732,0.2425252382,-1.446001833,1.555941699,1.297303801,1.697854631,-0.214122075,-0.1071431165,-0.4350238857,0.1274903946,6.494223987e-05,0.1268420752,0.0469860219,-0.2147548817,0.1495662884,0.1774586212,-0.1024416112,-0.02038147676,0.05592481868,0.2453708837,-0.2715579828,-0.1723415381,0.2131087437,0.008996392426,0.008596663371,0.008596663371,0.002637795173,0.0101968497,0.1073622042,0.1098031476,0.00223880752
1.89,0.2575657667,-0.04714627715,0.2811156885,0.04075220857,0.002637792114,0.999996521,0.0501757711,0.9987404027,0,0,1.526316404,1.647097985,-1.374915176,1.604041589,-0.08117370822,0.1384506361,0.2442998244,-1.447026249,1.555737884,1.297863049,1.70030834,-0.2168376548,-0.1088665319,-0.4328927983,0.1262813223,6.501079981e-05,0.1254360008,0.04647534205,-0.2120543647,0.1480698736,0.1756566697,-0.1013929291,-0.02010345404,0.05534949834,0.2427242119,-0.2685754965,-0.17046737,0.2110896,0.008999149889,0.008536744976,0.008536744976,0.002637795173,0.0101968497,0.1073622042,0.1099747566,0.002238158098
1.9,0.260361484,-0.04674078977,0.2780254336,0.04034495858,0.002637792114,0.999996521,0.0501757711,0.9987404027,0,0,1.527579217,1.647098635,-1.373660816,1.604506342,-0.08329425187,0.1399313348,0.2460563911,-1.448040178,1.55553685,1.298416544,1.702735582,-0.2195234098,-0.1105712056,-0.4307819023,0.1240293623,6.496277729e-05,0.1250052994,0.04601127097,-0.2091582245,0.1476177135,0.1729004709,-0.09959218101,-0.01971403966,0.05403499195,0.2400487855,-0.2661060954,-0.1670740179,0.2099853833,0.009001881572,0.0084776921,0.0084776921,0.002637795173,0.0101968497,0.1073622042,0.1099282539,0.00223750799
1.91,0.2631262303,-0.04633938391,0.274921659,0.0399359269,0.002637792114,0.999996521,0.0501757711,0.9987404027,0,0,1.528819511,1.647099285,-1.372410763,1.604966455,-0.08538583411,0.1414075119,0.2477853958,-1.4490361,1.555339709,1.298956894,1.705136069,-0.2221844707,-0.1122419458,-0.4286820484,0.1217056338,6.401463302e-05,0.1246286172,0.0455396286,-0.206242935,0.1472272532,0.1700729718,-0.09774029147,-0.01932168554,0.05266782816,0.2373520792,-0.2636654399,-0.1635706957,0.2089164406,0.00900456493,0.008419823843,0.008419823843,0.002637795173,0.0101968497,0.1073622042,0.1098031476,0.002236858362
1.92,0.2658598752,-0.04594207677,0.2718052892,0.03952523535,0.002637792114,0.999996521,0.0501757711,0.9987404027,0,0,1.530036567,1.647099925,-1.371164477,1.605421851,-0.08744826346,0.1428797845,0.2494861255,-1.450013503,1.555146492,1.299483572,1.70750959,-0.2248211251,-0.1138776527,-0.426592884,0.1205109189,6.269734885e-05,0.123154506,0.04520049959,-0.2035466853,0.1455203996,0.168278973,-0.09671180865,-0.01905655306,0.05210536124,0.2348267077,-0.2606004596,-0.1618311212,0.2068440175,0.009007198325,0.00836314504,0.00836314504,0.002637795173,0.0101968497,0.1073622042,0.1098031476,0.002236218215
1.93,0.2685622973,-0.04554888433,0.2686772626,0.03911300761,0.002637792114,0.999996521,0.0501757711,0.9987404027,0,0,1.531241676,1.647100552,-1.369932932,1.605873856,-0.08948373031,0.1443349885,0.2511689153,-1.450980621,1.554955927,1.300004626,1.709857857,-0.2274271297,-0.1154959639,-0.4245244438,0.1193096011,6.139667104e-05,0.1216774187,0.0448596443,-0.2008522452,0.1438069695,0.1664733011,-0.09568079406,-0.01879279538,0.05153864098,0.2322917377,-0.2575270216,-0.1600825847,0.2047523325,0.009008011591,0.008307289122,0.008307289122,0.002637795173,0.0101968497,0.1073622042,0.1098031476,0.002235591242
1.94,0.2712333848,-0.04515982132,0.2655385317,0.03869936921,0.002637792114,0.999996521,0.0501757711,0.9987404027,0,0,1.532434772,1.647101166,-1.368716158,1.606322453,-0.09149225277,0.1457730582,0.2528336483,-1.451937429,1.554767999,1.300520012,1.712180775,-0.2300024,-0.1170967898,-0.4224769205,0.1180512217,6.052435513e-05,0.1203195565,0.04382610317,-0.198129839,0.1427096676,0.16454853,-0.09459891535,-0.01852402036,0.05091139634,0.2291524032,-0.2546260465,-0.1578149892,0.2025171307,0.009007386361,0.008252250095,0.008252250095,0.002637795173,0.0101968497,0.1073622042,0.1098031476,0.002234977275
1.95,0.2738730354,-0.04477490122,0.2623900631,0.03828444751,0.002637792114,0.999996521,0.0501757711,0.9987404027,0,0,1.533615285,1.647101771,-1.367512962,1.606760714,-0.09347355116,0.1472001548,0.2544791336,-1.452883418,1.554582759,1.301029126,1.714472299,-0.2325486604,-0.1186749397,-0.4204517492,0.116801872,6.04052808e-05,0.1189241573,0.04300120229,-0.1954223907,0.1414154336,0.1626430652,-0.09353054001,-0.01825870216,0.05029859636,0.22619134,-0.2516622632,-0.1556985376,0.2002997454,0.009006767761,0.008198027467,0.008198027467,0.002637795173,0.009746651903,0.1073622042,0.1102533461,0.002234372032
1.96,0.2764811568,-0.04439413622,0.2592328373,0.03786837175,0.002637792114,0.999996521,0.0501757711,0.9987404027,0,0,1.534783303,1.647102375,-1.36632372,1.607190726,-0.09542777506,0.1486143092,0.2561055642,-1.453818724,1.554400172,1.301532112,1.716734212,-0.2350652831,-0.1202319251,-0.4184487518,0.1155830622,6.020377794e-05,0.1174410676,0.04266493763,-0.1927409109,0.1396745728,0.1608037583,-0.09249517046,-0.01799947431,0.04972246468,0.2236465174,-0.2485648103,-0.1539377986,0.1981536743,0.009006155744,0.008144613217,0.008144613217,0.002637795173,0.008985121487,0.1073622042,0.1110148776,0.002233767979
1.97,0.2790576663,-0.0440175372,0.2560678488,0.03745127298,0.002637792114,0.999996521,0.0501757711,0.9987404027,0,0,1.535939134,1.647102977,-1.36514931,1.607617375,-0.09735518417,0.1500110549,0.2577136018,-1.454743675,1.554220177,1.302029337,1.718970677,-0.2375509312,-0.121771303,-0.416467215,0.1124918498,6.071710641e-05,0.1177302051,0.04213859169,-0.1897158875,0.1400296641,0.157257483,-0.09046083672,-0.01621790736,0.04918655266,0.2207815293,-0.2478114231,-0.1488345937,0.1991146545,0.00900555015,0.008091997005,0.008091997005,0.002637795173,0.008231923041,0.1073622042,0.1117680772,0.002233165941
1.98,0.2816024913,-0.04364511372,0.2528961062,0.03703328412,0.002637792114,0.999996521,0.0501757711,0.9987404027,0,0,1.537064052,1.647103584,-1.363972008,1.608038761,-0.09925234305,0.1514113515,0.2592861766,-1.455648284,1.554057998,1.302521202,1.721178493,-0.2400290454,-0.123259649,-0.4144760685,0.1111323055,6.003734407e-05,0.1163637517,0.04179001774,-0.1870115019,0.1384222398,0.1552824149,-0.08935228818,-0.01585540052,0.04860336727,0.2182032555,-0.2448728618,-0.1468272546,0.1971589458,0.009004960787,0.008045154317,0.008045154317,0.002637795173,0.007851885355,0.1073622042,0.1125129257,0.00223255877
1.99,0.2841155693,-0.04327687403,0.2497186322,0.03661453995,0.002637792114,0.999996521,0.0501757711,0.9987404027,0,0,1.538175376,1.647104185,-1.36280837,1.608456661,-0.1011224581,0.1527955739,0.2608390008,-1.456541807,1.553899444,1.303007236,1.723360525,-0.242477774,-0.1247279215,-0.412504479,0.109923829,5.92754295e-05,0.1148494771,0.04145627148,-0.1843417434,0.1366370145,0.153440818,-0.08832591292,-0.01562113772,0.04801354683,0.2156462314,-0.2417363803,-0.1450915932,0.19492982,0.009004378581,0.007999446284,0.007999446284,0.002637795173,0.0077107775,0.1073622042,0.1132494065,0.002231958397
2,0.2865968483,-0.04291282499,0.2465364634,0.03619517707,0.002637792114,0.999996521,0.0501757711,0.9987404027,0,0,1.539274614,1.647104777,-1.361659875,1.608871224,-0.1029658755,0.1541619441,0.262373409,-1.457425066,1.553743232,1.303487371,1.725516987,-0.2448951378,-0.1261788375,-0.4105551808,0.1087118246,5.851251554e-05,0.1133353088,0.0411216578,-0.181678735,0.1348491839,0.1515923827,-0.08729923768,-0.01538862266,0.04742108462,0.2130852372,-0.2385978634,-0.1433512745,0.1926873835,0.009003802741,0.00795445242,0.00795445242,0.002637795173,0.007778993036,0.1073622042,0.1139775061,0.002231365642
2.01,0.2890462865,-0.04255297209,0.2433506505,0.03577533394,0.002637792114,0.999996521,0.0501757711,0.9987404027,0,0,1.540361732,1.647105363,-1.360526522,1.609282441,-0.1047826629,0.1555104359,0.2638893328,-1.458298058,1.553589346,1.303961582,1.72764784,-0.2472811164,-0.1276123502,-0.408628307,0.1074340938,5.774885576e-05,0.1119918708,0.0398612929,-0.1789864139,0.133895428,0.1495809967,-0.08621730504,-0.01515024373,0.04674784145,0.2097356927,-0.2356994713,-0.1409265967,0.1902529273,0.009003233286,0.007910165761,0.007910165761,0.002637795173,0.008048970782,0.1073622042,0.1146972134,0.002230780517
2.02,0.2914638527,-0.04219731944,0.240162258,0.03535515087,0.002637792114,0.999996521,0.0501757711,0.9987404027,0,0,1.541436073,1.64710594,-1.359406604,1.609681054,-0.106572527,0.1568493902,0.2653851428,-1.459160231,1.553437844,1.304429061,1.729745197,-0.2496381112,-0.1290216162,-0.4067257777,0.1062054132,5.698470686e-05,0.1105097119,0.03937327921,-0.176335938,0.1322393839,0.1476927389,-0.08518251698,-0.01492053256,0.0461385949,0.2070445085,-0.2325982823,-0.1390706379,0.1879548868,0.009002670557,0.007866582695,0.007866582695,0.002637795173,0.008271520337,0.1073622042,0.1148031577,0.002230203029
2.03,0.2938495266,-0.04184586973,0.2369723648,0.03493477002,0.002637792114,0.999996521,0.0501757711,0.9987404027,0,0,1.542498127,1.64710651,-1.358301507,1.610074786,-0.1083358864,0.158171784,0.2668620701,-1.460012056,1.553288638,1.304890447,1.731815642,-0.251964094,-0.1304123225,-0.4048462288,0.1049854702,5.622032897e-05,0.1089994076,0.03904652674,-0.173700849,0.1304362491,0.1458270903,-0.08415809618,-0.01469403946,0.04554114839,0.20448951,-0.2294558791,-0.1373310438,0.1856777337,0.009002114299,0.007823691728,0.007823691728,0.002637795173,0.008284362883,0.1073622042,0.1148031577,0.002229633182
2.04,0.2962032986,-0.04149862422,0.2337820635,0.0345143354,0.002637792114,0.999996521,0.0501757711,0.9987404027,0,0,1.543547982,1.647107072,-1.357211512,1.610465252,-0.1100728949,0.1594761465,0.268320341,-1.460853637,1.553141698,1.305345858,1.733860537,-0.2542586528,-0.131785633,-0.4029894515,0.1023106346,5.669844452e-05,0.1088517595,0.0385966986,-0.1708177705,0.1302318067,0.1426530465,-0.08152893995,-0.01635174197,0.04177926889,0.2016793815,-0.2250471189,-0.1338895135,0.1822405044,0.009001564465,0.007781485008,0.007781485008,0.002637795173,0.008107751141,0.1073622042,0.1148031577,0.002229070978
2.05,0.2985251702,-0.04115558272,0.2305924609,0.03409399286,0.002637792114,0.999996521,0.0501757711,0.9987404027,0,0,1.544571088,1.647107639,-1.356122995,1.610851219,-0.1117810726,0.1607784646,0.2697468715,-1.461668927,1.552978181,1.305763651,1.735877331,-0.256509124,-0.1331245281,-0.4011670465,0.1007104257,5.625604529e-05,0.107695296,0.03823927399,-0.1681296845,0.1288395754,0.1404430846,-0.08008734914,-0.01662128024,0.04035952157,0.1990590979,-0.2215856835,-0.1317074037,0.1796446634,0.009001028672,0.007733593232,0.007733593232,0.002637795173,0.007508013697,0.1073622042,0.1148031577,0.002228503994
2.06,0.3008151539,-0.04081674357,0.2274046778,0.0336738901,0.002637792114,0.999996521,0.0501757711,0.9987404027,0,0,1.545578192,1.647108202,-1.355046042,1.611233611,-0.1134623694,0.1620668603,0.2711513024,-1.4624698,1.552811968,1.306167246,1.737867922,-0.2587249808,-0.1344416022,-0.3993705998,0.09951101898,5.54708113e-05,0.1061653591,0.03791589844,-0.1655231262,0.1270062639,0.1385913468,-0.07909093265,-0.01637291168,0.03981268942,0.1965105518,-0.2184793544,-0.1299943509,0.1773593318,0.009000501293,0.007684705179,0.007684705179,0.002637795173,0.006830335028,0.1073622042,0.1148031577,0.002227941433
2.07,0.3030732736,-0.04048210362,0.224219849,0.03325417667,0.002637792114,0.999996521,0.0501757711,0.9987404027,0,0,1.546573303,1.647108756,-1.353984388,1.61161277,-0.1151176007,0.163336923,0.2725372158,-1.46326071,1.552648239,1.306565373,1.739833027,-0.2609097743,-0.1357415457,-0.3975970065,0.09831135251,5.468644659e-05,0.1046389119,0.03759256017,-0.1629283945,0.1251748757,0.1367379587,-0.0780966616,-0.01612635754,0.03926485902,0.1939642018,-0.2153780919,-0.1282810476,0.1750678546,0.008999980227,0.007636570432,0.007636570432,0.002637795173,0.006161054776,0.1073622042,0.1148031577,0.002227386725
2.08,0.3052995646,-0.04015165823,0.2210391234,0.03283500396,0.002637792114,0.999996521,0.0501757711,0.9987404027,0,0,1.547556416,1.647109303,-1.352937999,1.611988696,-0.1167468846,0.1645886717,0.2739045954,-1.464041676,1.552486975,1.306958021,1.741772669,-0.2630635553,-0.1370243561,-0.395846328,0.09707923485,5.473578784e-05,0.1032159316,0.03673814104,-0.1603254336,0.1238274468,0.1347851335,-0.07707957688,-0.01588000436,0.03866849541,0.1909771163,-0.2124215832,-0.1261791911,0.1726616536,0.008999465474,0.007589182293,0.007589182293,0.002637795173,0.005500163643,0.1073622042,0.1148031577,0.002226839861
2.09,0.3074940736,-0.03982540123,0.2178636636,0.03241652524,0.002637792114,0.999996521,0.0501757711,0.9987404027,0,0,1.548527208,1.647109851,-1.35190584,1.612356077,-0.118350139,0.1658269462,0.2752524467,-1.464812472,1.552328175,1.307344706,1.74368244,-0.2651877711,-0.1382861481,-0.3941197114,0.09585230047,5.465724755e-05,0.10178319,0.0359650645,-0.1577404807,0.1224086583,0.1328447173,-0.07606953466,-0.01563582756,0.03807932824,0.1880639477,-0.2094504293,-0.1241398921,0.1702664619,0.008998957205,0.007542526434,0.007542526434,0.002637795173,0.005196847022,0.1073622042,0.1148031577,0.002226292503
2.1,0.3096568593,-0.03950332489,0.2146946467,0.03199889558,0.002637792114,0.999996521,0.0501757711,0.9987404027,0,0,1.549485731,1.647110397,-1.350888008,1.612715728,-0.1199275438,0.1670510328,0.2765808939,-1.465573167,1.552171817,1.3077255,1.74556308,-0.2672822754,-0.139527547,-0.3924170468,0.09465477165,5.385732276e-05,0.100269393,0.03565344535,-0.1551879697,0.1205757626,0.1309898578,-0.07508470002,-0.01539506651,0.03753145762,0.1855415832,-0.2063671614,-0.1224405073,0.1679630166,0.00899845539,0.007494138356,0.007494138356,0.002637795173,0.005196847022,0.1073622042,0.1148031577,0.00222574593
2.11,0.311787992,-0.03918541996,0.2115332635,0.03158227194,0.002637792114,0.999996521,0.0501757711,0.9987404027,0,0,1.550432279,1.647110936,-1.349885314,1.613072262,-0.1214794235,0.1682567904,0.2778907925,-1.466324014,1.552017866,1.308100814,1.747418496,-0.269345947,-0.140751952,-0.3907374166,0.09345894894,5.305947914e-05,0.09876110369,0.03534241898,-0.1526501265,0.1187475319,0.1291366093,-0.07410335752,-0.01515632675,0.0369835448,0.1830251708,-0.203293408,-0.1207435475,0.1656578013,0.008997959877,0.007444909676,0.007444909676,0.002637795173,0.005196847022,0.1073622042,0.1148031577,0.002225207357
2.12,0.313887554,-0.03887167557,0.208380719,0.0311668131,0.002637792114,0.999996521,0.0501757711,0.9987404027,0,0,1.551366869,1.647111466,-1.348897703,1.613425687,-0.1230059247,0.1694442657,0.2791821586,-1.467065048,1.551866303,1.30847065,1.749248747,-0.2713788811,-0.1419593875,-0.3890808386,0.09082410146,5.349088825e-05,0.09858945198,0.03493555748,-0.1498837516,0.1184762666,0.1260070058,-0.07236676461,-0.01373696215,0.03645123772,0.1802521021,-0.2020294988,-0.1164249569,0.1657317734,0.008997470654,0.007396467634,0.007396467634,0.002637795173,0.005196847022,0.1073622042,0.1148031577,0.002224676762
2.13,0.3159556399,-0.03856207928,0.205238232,0.03075267969,0.002637792114,0.999996521,0.0501757711,0.9987404027,0,0,1.55227511,1.647112001,-1.347911809,1.613775042,-0.1245047622,0.1706290284,0.2804422287,-1.467788716,1.551728933,1.308835162,1.751051269,-0.2733991761,-0.1431236371,-0.3874235209,0.08943928625,5.286237916e-05,0.09727000475,0.03461444808,-0.1473404715,0.1168645335,0.1239895584,-0.07129087579,-0.01334408426,0.03590414187,0.1777159061,-0.1992217106,-0.1143823836,0.1637477577,0.008996995253,0.007352512231,0.007352512231,0.002637795173,0.005196847022,0.1073622042,0.1148031577,0.002224141853
2.14,0.3179923563,-0.03825661702,0.2021070356,0.03034003422,0.002637792114,0.999996521,0.0501757711,0.9987404027,0,0,1.553169503,1.64711253,-1.346939108,1.614121187,-0.125978167,0.1717976737,0.2816821242,-1.468501624,1.551595492,1.309194203,1.752828428,-0.2753913932,-0.1442674609,-0.3857860433,0.08827569078,5.205128624e-05,0.09575634951,0.03430895207,-0.1448509065,0.1150248168,0.1221696423,-0.0703343485,-0.01313229731,0.03535539127,0.1752285383,-0.1961547826,-0.1127414173,0.1614053933,0.00899652713,0.007309824685,0.007309824685,0.002637795173,0.005196847022,0.1073622042,0.1148031577,0.00222361323
2.15,0.3199978224,-0.03795527309,0.1989883767,0.02992904101,0.002637792114,0.999996521,0.0501757711,0.9987404027,0,0,1.554052259,1.64711305,-1.345981545,1.614464276,-0.127426676,0.1729479219,0.2829038207,-1.469204968,1.551464169,1.309547757,1.754580713,-0.277352941,-0.1453948751,-0.3841719894,0.08711577261,5.124361071e-05,0.09425055791,0.03400449555,-0.1423792098,0.1131928677,0.1203544547,-0.06938272478,-0.01292265411,0.03480771437,0.172751077,-0.1931020086,-0.1111056231,0.1590658197,0.008996065126,0.007267835743,0.007267835743,0.002637795173,0.005196847022,0.1073622042,0.1148031577,0.002223092717
2.16,0.3219721698,-0.03765803014,0.1958835164,0.02951986625,0.002637792114,0.999996521,0.0501757711,0.9987404027,0,0,1.554923417,1.647113563,-1.345039039,1.614804321,-0.1288504681,0.1740798506,0.2841073652,-1.469898795,1.551334943,1.309895835,1.756308224,-0.2792839611,-0.1465059313,-0.3825813312,0.08593705586,5.079986631e-05,0.09283324685,0.03329210193,-0.1399115611,0.1117416723,0.1184632956,-0.06842254824,-0.01271455481,0.03422335795,0.1699480657,-0.1901711757,-0.1091771188,0.1566404807,0.00899560922,0.007226537158,0.007226537158,0.002637795173,0.005196847022,0.1073622042,0.1148031577,0.002222580281
2.17,0.323915543,-0.03736486914,0.1927937297,0.02911267796,0.002637792114,0.999996521,0.0501757711,0.9987404027,0,0,1.555782788,1.647114071,-1.344110707,1.615137242,-0.1302495837,0.1751972673,0.2852919982,-1.47058302,1.551207797,1.310238068,1.758007704,-0.2811856728,-0.1475977025,-0.3810149264,0.08475917809,5.063208408e-05,0.09143698164,0.03252242977,-0.1374622969,0.110351665,0.1165646862,-0.06746629312,-0.01250859859,0.03363530604,0.1671112294,-0.187271443,-0.1072143907,0.1542063105,0.008995159511,0.007185924845,0.007185924845,0.002637795173,0.005196847022,0.1073622042,0.1148031577,0.002222072282
2.18,0.325828099,-0.03707576939,0.1897203056,0.02870764603,0.002637792114,0.999996521,0.0501757711,0.9987404027,0,0,1.55663038,1.647114577,-1.343196337,1.615462466,-0.1316242067,0.176300784,0.286457645,-1.471257683,1.551082711,1.310574421,1.759678817,-0.2830583873,-0.1486698464,-0.3794728633,0.08361320324,5.011784858e-05,0.08995696953,0.03223207456,-0.1350505949,0.1085364385,0.1147678909,-0.06653225525,-0.0123056736,0.03309358143,0.1646812205,-0.1842647812,-0.1056084343,0.1518829897,0.008994715993,0.007145990752,0.007145990752,0.002637795173,0.005196847022,0.1073622042,0.1148031577,0.002221565961
2.19,0.327710008,-0.03679070846,0.1866645473,0.02830494218,0.002637792114,0.999996521,0.0501757711,0.9987404027,0,0,1.557466512,1.647115078,-1.342296767,1.615784787,-0.1329747126,0.1773861483,0.2876053239,-1.471923006,1.550959655,1.310905357,1.761325629,-0.2849010351,-0.1497259308,-0.3779540334,0.08247302816,4.959512978e-05,0.08848707742,0.03194331663,-0.1326598015,0.1067320779,0.1129793619,-0.06560456459,-0.01210507139,0.03255399769,0.1622651737,-0.181277205,-0.1040104948,0.1495673616,0.008994278499,0.00710672127,0.00710672127,0.002637795173,0.005196847022,0.1073622042,0.1148031577,0.002221064783
2.2,0.3295614532,-0.03650966221,0.1836277718,0.02790473999,0.002637792114,0.999996521,0.0501757711,0.9987404027,0,0,1.558291242,1.647115574,-1.341411897,1.61610422,-0.1343013107,0.1784534691,0.2887351176,-1.472579052,1.550838604,1.311230897,1.762948281,-0.2867138071,-0.1507660357,-0.3764583598,0.08133918806,4.906459066e-05,0.08702789627,0.03165628671,-0.1302907114,0.1049393668,0.1111999701,-0.0646835956,-0.01190683733,0.03201683073,0.1598641605,-0.1783099712,-0.1024213263,0.1472606664,0.008993846997,0.007068107745,0.007068107745,0.002637795173,0.005196847022,0.1073622042,0.1148031577,0.002220568831
2.21,0.3313826311,-0.03623260474,0.1806113102,0.02750721488,0.002637792114,0.999996521,0.0501757711,0.9987404027,0,0,1.559104634,1.647116065,-1.340541618,1.616420783,-0.1356042178,0.1795028628,0.2898471173,-1.473225888,1.550719536,1.311551065,1.764546922,-0.2884969068,-0.151790249,-0.3749857531,0.0789534188,4.893612471e-05,0.08672867279,0.03130829588,-0.1277425362,0.104484831,0.1083304998,-0.06286629791,-0.01156437327,0.03057770324,0.1572382965,-0.1760432165,-0.09879686124,0.1459937276,0.008993421453,0.007030141414,0.007030141414,0.002637795173,0.005196847022,0.1073622042,0.1148031577,0.002220078186
2.22,0.3331737516,-0.0359595084,0.1776165079,0.02711254413,0.002637792114,0.999996521,0.0501757711,0.9987404027,0,0,1.559894168,1.647116554,-1.339674331,1.616733866,-0.1368816431,0.1805477111,0.2909304223,-1.473854551,1.550603892,1.311856842,1.766119305,-0.290257339,-0.1527782176,-0.3735258158,0.07767216751,4.820014237e-05,0.08543858112,0.0310182834,-0.1253901093,0.1028857777,0.1064322072,-0.06184231876,-0.01135318019,0.02992919323,0.1548397021,-0.1732098278,-0.09696496725,0.1438417755,0.008993008416,0.006993186334,0.006993186334,0.002637795173,0.005196847022,0.1073622042,0.1148031577,0.002219588824
2.23,0.334935038,-0.03569034375,0.1746447238,0.02672090685,0.002637792114,0.999996521,0.0501757711,0.9987404027,0,0,1.56067089,1.647117036,-1.338819945,1.617044049,-0.1381355442,0.1815765689,0.2919947443,-1.474472974,1.55049036,1.312156134,1.767667702,-0.2919894373,-0.1537478673,-0.3720873981,0.07658421935,4.739314594e-05,0.0839918654,0.03073967359,-0.1230914263,0.1011055466,0.1047077136,-0.06095918364,-0.01116610335,0.02941711789,0.1524949018,-0.170300728,-0.09544520901,0.1415510002,0.008992602106,0.006956904895,0.006956904895,0.002637795173,0.005196847022,0.1073622042,0.1148031577,0.002219106823
2.24,0.3366667274,-0.03542507955,0.1716973312,0.02633248401,0.002637792114,0.999996521,0.0501757711,0.9987404027,0,0,1.561436732,1.64711751,-1.337980026,1.617351446,-0.1393664585,0.1825876243,0.2930418215,-1.475082566,1.550378699,1.312450305,1.769192651,-0.2936924446,-0.1547023194,-0.3706718881,0.07550461491,4.659298884e-05,0.08255854095,0.03046325942,-0.1208178269,0.09934049701,0.1029956969,-0.06008424444,-0.01098150833,0.02890849591,0.1501694967,-0.1674171284,-0.09393700599,0.1392743738,0.008992201511,0.006921233036,0.006921233036,0.002637795173,0.005196847022,0.1073622042,0.1148031577,0.002218632891
2.25,0.3383690706,-0.03516368274,0.1687757174,0.02594745843,0.002637792114,0.999996521,0.0501757711,0.9987404027,0,0,1.562191778,1.647117976,-1.337154441,1.617656078,-0.1405746368,0.1835810293,0.2940717784,-1.475683408,1.550268884,1.31273939,1.770694346,-0.2953666158,-0.1556416894,-0.3692791443,0.0744196121,4.556860203e-05,0.08119672406,0.02990651915,-0.1185610575,0.09784967943,0.1012373265,-0.0592116021,-0.01080033755,0.02837651791,0.147634469,-0.1646342365,-0.09223543435,0.1369477992,0.008991806587,0.006886161797,0.006886161797,0.002637795173,0.005196847022,0.1073622042,0.1148031577,0.002218166962
2.26,0.3400423323,-0.03490611844,0.1658812836,0.02556601477,0.002637792114,0.999996521,0.0501757711,0.9987404027,0,0,1.562935974,1.647118432,-1.336342474,1.617955144,-0.1417602473,0.1845595261,0.2950841517,-1.476275524,1.550160881,1.313023156,1.772170691,-0.2970129582,-0.1565640438,-0.3679096663,0.07333338891,4.454528513e-05,0.07989076235,0.02915274209,-0.1163255273,0.09655728432,0.09944965983,-0.05834382177,-0.01062237268,0.02782966892,0.1449602303,-0.1619312272,-0.0904029231,0.1345909409,0.00899141736,0.006851680341,0.006851680341,0.002637795173,0.005099770155,0.1073622042,0.1148031577,0.002217711276
2.27,0.3416867915,-0.03465234989,0.1630154451,0.02518833955,0.002637792114,0.999996521,0.0501757711,0.9987404027,0,0,1.563669308,1.647118877,-1.335543566,1.618246671,-0.1429235026,0.1855250989,0.2960786483,-1.476858962,1.550054657,1.313301452,1.773620293,-0.2986322705,-0.157468073,-0.3665637569,0.07228184592,4.399719951e-05,0.07850021493,0.02889396548,-0.1141337706,0.0948325125,0.09778070812,-0.05749647784,-0.01044547162,0.02733441351,0.1427103449,-0.1591288856,-0.08894310618,0.1323658141,0.008991033838,0.006817778125,0.006817778125,0.002637795173,0.00490287601,0.1073622042,0.1148031577,0.002217265823
2.28,0.3433027413,-0.03440233846,0.1601796311,0.02481462112,0.002637792114,0.999996521,0.0501757711,0.9987404027,0,0,1.564392126,1.647119317,-1.334758564,1.618535611,-0.1440648403,0.1864734241,0.2970564554,-1.477433927,1.549950202,1.313574796,1.775047397,-0.3002235593,-0.1583575041,-0.3652400988,0.07124092731,4.344670328e-05,0.07712558705,0.02863787971,-0.1119703879,0.09312641996,0.09612801345,-0.05665886259,-0.01027124383,0.02684373346,0.140484265,-0.1563574992,-0.08749787032,0.1301602441,0.008990655836,0.006784448877,0.006784448877,0.002637795173,0.00480213916,0.1073622042,0.1148031577,0.002216825851
2.29,0.3448904891,-0.03415604364,0.157375285,0.0244450497,0.002637792114,0.999996521,0.0501757711,0.9987404027,0,0,1.565104536,1.647119752,-1.333987308,1.618821989,-0.1451845442,0.1874046883,0.2980177355,-1.478000516,1.54984749,1.313843234,1.776452239,-0.3017871343,-0.1592324828,-0.3639384963,0.07021120636,4.289452105e-05,0.07576753664,0.02838462176,-0.1098362407,0.09143987988,0.0944925181,-0.05583137547,-0.01009973831,0.02635792173,0.1382831597,-0.1536184544,-0.08606802039,0.1279756006,0.0089902833,0.006751683188,0.006751683188,0.002637795173,0.004793032467,0.1073622042,0.1148031577,0.002216391384
2.3,0.3464503568,-0.033913423,0.1546038641,0.02407981733,0.002637792114,0.999996521,0.0501757711,0.9987404027,0,0,1.565806648,1.647120181,-1.333229633,1.619105836,-0.1462829066,0.1883190871,0.2989626607,-1.478558829,1.549746492,1.314106813,1.777835071,-0.3033233189,-0.160093163,-0.3626587403,0.06919326183,4.234138369e-05,0.07442672805,0.02813432995,-0.1077321987,0.0897737739,0.09287517335,-0.05501441978,-0.009931004584,0.02587727404,0.1361082092,-0.1509131508,-0.08465436894,0.1258132662,0.00898991617,0.006719471535,0.006719471535,0.002637795173,0.004871166813,0.1073622042,0.1148031577,0.002215962438
2.31,0.347982681,-0.03367443218,0.1518668399,0.02371911793,0.002637792114,0.999996521,0.0501757711,0.9987404027,0,0,1.56649858,1.647120604,-1.332485366,1.619387179,-0.1473602286,0.1892168248,0.2998914124,-1.479108974,1.549647182,1.314365586,1.779196153,-0.3048324504,-0.1609397066,-0.3614006077,0.06784609216,4.218435004e-05,0.07341106299,0.027875295,-0.1056074418,0.08848122606,0.09098250326,-0.05396444987,-0.009724145087,0.02515658721,0.1338927203,-0.1484262988,-0.08269685659,0.1239498493,0.008989554383,0.006687804272,0.006687804272,0.002637795173,0.00503229218,0.1073622042,0.1148031577,0.002215539025
2.32,0.3494878132,-0.03343902488,0.1491656976,0.02336314725,0.002637792114,0.999996521,0.0501757711,0.9987404027,0,0,1.567177041,1.647121026,-1.331751255,1.619665932,-0.148416303,0.1901016371,0.3008012375,-1.479648618,1.549549941,1.314617152,1.78053508,-0.3063167134,-0.1617666752,-0.3601611092,0.06599778627,4.250379491e-05,0.07287517866,0.02760203946,-0.1034349473,0.08773982057,0.08866728167,-0.05255804449,-0.009458907473,0.02407166884,0.1316035176,-0.1462528786,-0.07991311429,0.1225261248,0.008989199661,0.006656775971,0.006656775971,0.002637795173,0.005196847022,0.1073622042,0.1148031577,0.002215117181
2.33,0.3509661196,-0.03320715282,0.1465019368,0.02301210289,0.002637792114,0.999996521,0.0501757711,0.9987404027,0,0,1.567837019,1.647121451,-1.331022503,1.619941952,-0.1494506525,0.1909790353,0.3016879103,-1.480174199,1.549455352,1.314857868,1.781851115,-0.3077792422,-0.1625658064,-0.3589358479,0.06503993215,4.174663444e-05,0.07156925861,0.02736277416,-0.1014270365,0.08611670472,0.08712923172,-0.05178935178,-0.00930190124,0.0236228023,0.1295183015,-0.1436474225,-0.07858794698,0.1204226104,0.008988854621,0.006626532366,0.006626532366,0.002637795173,0.005196847022,0.1073622042,0.1148031577,0.002214692143
2.34,0.3524179815,-0.03297876574,0.1438770708,0.02266618429,0.002637792114,0.999996521,0.0501757711,0.9987404027,0,0,1.568487418,1.647121868,-1.330306811,1.62021558,-0.1504649228,0.1918402023,0.3025592026,-1.480692092,1.549362333,1.315094096,1.783146298,-0.3092157164,-0.1633516858,-0.3577316218,0.06409591178,4.10008288e-05,0.07028367211,0.02712700334,-0.09945288713,0.08451804471,0.08561292032,-0.05103266758,-0.009147805274,0.02318012397,0.1274640191,-0.1410815355,-0.07728178856,0.1183472853,0.008988514608,0.0065967949,0.0065967949,0.002637795173,0.005196847022,0.1073622042,0.1148031577,0.002214274677
2.35,0.3538437957,-0.03275381137,0.1412926272,0.02232559276,0.002637792114,0.999996521,0.0501757711,0.9987404027,0,0,1.569128378,1.647122278,-1.329603974,1.62048685,-0.1514594517,0.1926853828,0.3034153318,-1.481202419,1.549270855,1.315325897,1.784420939,-0.3106265317,-0.1641245037,-0.356548149,0.06316631828,4.026681721e-05,0.06901912425,0.02689487244,-0.09751340752,0.08294477431,0.08411933326,-0.05028840413,-0.008996671601,0.02274393252,0.1254419043,-0.1385566947,-0.07599546874,0.1163016061,0.008988179548,0.006567553637,0.006567553637,0.002637795173,0.005196847022,0.1073622042,0.1148031577,0.002213864668
2.36,0.355243974,-0.03253223545,0.1387501473,0.02199053144,0.002637792114,0.999996521,0.0501757711,0.9987404027,0,0,1.569760041,1.647122681,-1.328913783,1.620755799,-0.1524345858,0.1935148305,0.3042565251,-1.481705303,1.549180888,1.315553337,1.785675358,-0.3120120987,-0.1648844584,-0.3553851329,0.06222753636,3.954504324e-05,0.06789204721,0.0261070668,-0.09559259577,0.08190846591,0.08252227956,-0.0495520394,-0.008851094611,0.02225903171,0.1230057935,-0.1362202666,-0.07432555529,0.1141508007,0.008987849366,0.006538798515,0.006538798515,0.002637795173,0.005196847022,0.1073622042,0.1148031577,0.002213462
2.37,0.3566189437,-0.03231398163,0.1362511868,0.02166120533,0.002637792114,0.999996521,0.0501757711,0.9987404027,0,0,1.570382316,1.647123077,-1.328234862,1.621016869,-0.1533905117,0.1943339152,0.3050817479,-1.482200823,1.549092377,1.315775927,1.786905416,-0.3133743014,-0.165627714,-0.3542436249,0.06132438203,3.883595405e-05,0.06669092511,0.02579493129,-0.09372371183,0.08046835768,0.0810562517,-0.04883324866,-0.00870673594,0.02182822459,0.1209829647,-0.1338045383,-0.07301905915,0.1121467253,0.008987524109,0.006510512269,0.006510512269,0.002637795173,0.004824810357,0.1073622042,0.1150141948,0.00221306655
2.38,0.357969148,-0.03209899153,0.1337973151,0.02133782126,0.002637792114,0.999996521,0.0501757711,0.9987404027,0,0,1.57099556,1.647123465,-1.327567953,1.621274819,-0.1543277489,0.1951385988,0.3058923104,-1.482689156,1.54900531,1.315994209,1.788115245,-0.3147123467,-0.1663579045,-0.3531221576,0.06044164082,3.814000118e-05,0.06549301535,0.02558363093,-0.09189523933,0.07896817033,0.07963792486,-0.04812899735,-0.008565068498,0.02141441907,0.1190734837,-0.131409132,-0.07180487662,0.1102002782,0.008987203589,0.006482689516,0.006482689516,0.002637795173,0.004394830257,0.1073622042,0.1151960554,0.00221267819
2.39,0.3592950456,-0.0318872047,0.1313901158,0.02102058792,0.002637792114,0.999996521,0.0501757711,0.9987404027,0,0,1.571599976,1.647123846,-1.326913023,1.621530655,-0.1552467013,0.1959282805,0.3066886897,-1.483170446,1.548919659,1.316208354,1.78930598,-0.3160264381,-0.1670759533,-0.3520201549,0.05957576579,3.745764003e-05,0.06431901036,0.02537640709,-0.09010510321,0.07749736418,0.07824636275,-0.0474388459,-0.008426563951,0.02100829428,0.1172010209,-0.1290608748,-0.07061375827,0.1082894242,0.0089868877,0.00645532099,0.00645532099,0.002637795173,0.00397125668,0.1073622042,0.1153104526,0.00221229679
2.4,0.3605971112,-0.03167855857,0.1290311866,0.02070971586,0.002637792114,0.999996521,0.0501757711,0.9987404027,0,0,1.572195734,1.647124221,-1.326269833,1.621784419,-0.1561477523,0.1967032541,0.3074711533,-1.483644834,1.548835393,1.316418436,1.79047799,-0.3173170468,-0.1677820909,-0.3509372606,0.05872737493,3.678932998e-05,0.0631696528,0.02517340398,-0.08835426269,0.07605692173,0.07688258983,-0.04676322656,-0.008291278445,0.02061016119,0.1153668626,-0.1267613134,-0.0694465668,0.1064156764,0.008986576353,0.006428396142,0.006428396142,0.002637795173,0.003553964508,0.1073622042,0.1153606141,0.002211922214
2.41,0.3618758356,-0.03147298847,0.1267221389,0.02040541746,0.002637792114,0.999996521,0.0501757711,0.9987404027,0,0,1.572783008,1.647124589,-1.325638136,1.622036153,-0.1570312949,0.1974638233,0.3082399792,-1.484112466,1.54875248,1.316624538,1.791631659,-0.3185846599,-0.1684765566,-0.3498731039,0.05789709135,3.613553452e-05,0.06204569216,0.02497476707,-0.08664368701,0.07464783414,0.07554763897,-0.04610257559,-0.008159268859,0.02022033326,0.1135723063,-0.124512008,-0.06830417205,0.10458056,0.008986269456,0.006401904285,0.006401904285,0.002637795173,0.003142824394,0.1073622042,0.1153496317,0.002211554321
2.42,0.3631317257,-0.0312704276,0.1244645985,0.02010790695,0.002637792114,0.999996521,0.0501757711,0.9987404027,0,0,1.573361979,1.64712495,-1.325017679,1.622285901,-0.1578977318,0.1982103017,0.3089954556,-1.484573492,1.548670888,1.316826741,1.792767382,-0.31982978,-0.1691595983,-0.3488272983,0.05708554337,3.549672107e-05,0.06094788474,0.02478064301,-0.08497435547,0.07327110117,0.07424255137,-0.04545733322,-0.008030592821,0.0198391264,0.1118186603,-0.1223145329,-0.067187451,0.1027856115,0.008985966913,0.006375834585,0.006375834585,0.002637795173,0.002737702727,0.1073622042,0.1152804616,0.002211192965
2.43,0.3643653047,-0.03107080699,0.122260205,0.01981740042,0.002637792114,0.999996521,0.0501757711,0.9987404027,0,0,1.573932834,1.647125305,-1.3244082,1.622533707,-0.1587474753,0.1989430127,0.3097378811,-1.485028065,1.548590582,1.317025133,1.793885569,-0.3210529253,-0.1698314728,-0.3477994421,0.05629336442,3.48733612e-05,0.05987699369,0.0245911797,-0.08334725752,0.07192773126,0.07296837657,-0.04482794374,-0.007905308712,0.01946685895,0.1101072442,-0.1201704759,-0.0660972877,0.1010323793,0.008985668627,0.006350176064,0.006350176064,0.002637795173,0.002338461591,0.1073622042,0.1151559245,0.002210837998
2.44,0.3655771124,-0.03087405552,0.120110612,0.0195341158,0.002637792114,0.999996521,0.0501757711,0.9987404027,0,0,1.574495768,1.647125654,-1.32380943,1.622779619,-0.1595809479,0.19966229,0.3104675649,-1.485476345,1.548511529,1.317219801,1.794986641,-0.3222546301,-0.1704924457,-0.3467891184,0.0553190443,3.460526101e-05,0.05901337101,0.02440316416,-0.08173458258,0.07082267047,0.0715550574,-0.04407079327,-0.007759244734,0.01895770744,0.1083976509,-0.1181884754,-0.06469954768,0.09948205175,0.008985374495,0.006324917594,0.006324917594,0.002637795173,0.00194495873,0.1073622042,0.1149787054,0.002210489264
2.45,0.3667677052,-0.03068009987,0.1180174873,0.01925827285,0.002637792114,0.999996521,0.0501757711,0.9987404027,0,0,1.575048958,1.647126,-1.323219297,1.623023651,-0.1603982937,0.2003705167,0.3111831155,-1.485917053,1.548433936,1.317409378,1.796070617,-0.3234365149,-0.1711394411,-0.3457942978,0.05381743462,3.52731043e-05,0.05866418471,0.02421122036,-0.08008690299,0.07030496533,0.06971122743,-0.04293949093,-0.007551251868,0.01806166587,0.1066198568,-0.1165538119,-0.06242218414,0.09840945593,0.008985085469,0.006300109276,0.006300109276,0.002637795173,0.001557047511,0.1073622042,0.1148031577,0.002210143212
2.46,0.367937656,-0.03048886451,0.1159825126,0.01899009322,0.002637792114,0.999996521,0.0501757711,0.9987404027,0,0,1.575587133,1.647126353,-1.322632655,1.623265763,-0.1611991628,0.2010735663,0.3118802277,-1.486346448,1.548358424,1.317589995,1.797136816,-0.324602053,-0.171763663,-0.3448102033,0.05310329623,3.467158221e-05,0.057663129,0.02403726528,-0.07859299254,0.06905029513,0.06855022063,-0.04237116681,-0.007438812451,0.01772923851,0.1050465271,-0.1145720693,-0.06144395086,0.09677839443,0.008984804302,0.006275905167,0.006275905167,0.002637795173,0.001174576888,0.1073622042,0.1148031577,0.002209790481
2.47,0.3690875549,-0.03030027171,0.1140073837,0.01872980038,0.002637792114,0.999996521,0.0501757711,0.9987404027,0,0,1.576118166,1.647126699,-1.322056024,1.623506136,-0.1619850927,0.2017640693,0.3125657299,-1.486770159,1.548284036,1.317767287,1.798187281,-0.3257477737,-0.1723781025,-0.3438424193,0.05241062886,3.408826892e-05,0.05669259832,0.02386855033,-0.07714539168,0.06783365518,0.06742397866,-0.04182019875,-0.007329930779,0.01740672369,0.1035207138,-0.1126504482,-0.06049507116,0.09519572428,0.00898452688,0.006252060517,0.006252060517,0.002637795173,0.0007973913628,0.1073622042,0.1148031577,0.002209443765
2.48,0.3702180089,-0.03011424147,0.1120938102,0.01847761964,0.002637792114,0.999996521,0.0501757711,0.9987404027,0,0,1.576642272,1.64712704,-1.321489098,1.623744821,-0.1627565466,0.2024424058,0.3132399697,-1.487188361,1.548210736,1.317941355,1.799222488,-0.3268742782,-0.1729830532,-0.3428904621,0.05173187203,3.418465653e-05,0.05579700083,0.02349788895,-0.07573924195,0.06684608667,0.06628361819,-0.04128731226,-0.007225990346,0.01707290094,0.1018796608,-0.110844702,-0.05942685742,0.09361017155,0.008984253089,0.006228563791,0.006228563791,0.002637795173,0.0004253309492,0.1073622042,0.1148031577,0.002209102882
2.49,0.3713296421,-0.02993069152,0.1102435161,0.01823377818,0.002637792114,0.999996521,0.0501757711,0.9987404027,0,0,1.577159591,1.647127382,-1.320931128,1.6239798,-0.163513939,0.2031108667,0.3139028059,-1.487601235,1.548138476,1.318112084,1.800241285,-0.3279827252,-0.1735773218,-0.3419543604,0.05106556765,3.470253613e-05,0.0549554209,0.02300285691,-0.07437114085,0.0660087779,0.0651425869,-0.04076904724,-0.007125838419,0.01673499141,0.1001786284,-0.1091247808,-0.05829255077,0.09203424724,0.008983982858,0.006205399085,0.006205399085,0.002637795173,0.0001968480647,0.1073622042,0.1149417746,0.002208761036
2.5,0.3724229883,-0.02974955525,0.1084197879,0.01799210949,0.002637792114,0.999996521,0.0501757711,0.9987404027,0,0,1.577670246,1.647127729,-1.320381573,1.624209829,-0.1642576504,0.2037709545,0.3145542318,-1.488008925,1.548067218,1.318279434,1.801243071,-0.329073973,-0.1741602473,-0.3410340179,0.05039819059,3.41258154e-05,0.05403451546,0.02283774378,-0.07300745777,0.06485094702,0.06407338962,-0.04023888872,-0.007021977514,0.01643113103,0.09872543153,-0.1073000895,-0.05739357757,0.09053029023,0.00898371612,0.006182554183,0.006182554183,0.002637795173,0.0001968480647,0.1073622042,0.1153040468,0.00220841401
2.51,0.3734978968,-0.02957088025,0.106554923,0.01774136079,0.002637792114,0.999996521,0.0501757711,0.9987404027,0,0,1.578174228,1.64712807,-1.319841228,1.624438206,-0.164987725,0.204419464,0.3151949657,-1.488411314,1.547996998,1.318443745,1.802230326,-0.3301469739,-0.1747341831,-0.340128715,0.04970387718,3.353548339e-05,0.05309245571,0.02265541719,-0.0716200021,0.06366954508,0.06297793591,-0.03968726695,-0.006914857166,0.01612159141,0.09722490194,-0.10543309,-0.05646896564,0.08898874158,0.008983452881,0.006160040881,0.006160040881,0.002637795173,0.0001968480647,0.1073622042,0.1156613964,0.002208072752
2.52,0.3745539488,-0.02939475824,0.1046486824,0.01748155243,0.002637792114,0.999996521,0.0501757711,0.9987404027,0,0,1.578671267,1.647128406,-1.319310304,1.62466476,-0.165703925,0.2050561594,0.315824745,-1.488808187,1.54792785,1.318604961,1.803202575,-0.3312013048,-0.1752988727,-0.3392388276,0.04898331128,3.293188924e-05,0.05212981115,0.02245633008,-0.07020951573,0.06246517953,0.06185685224,-0.03911476084,-0.006804581999,0.01580649628,0.09567825149,-0.1035248845,-0.05551934232,0.08741044059,0.008983193281,0.006137869593,0.006137869593,0.002637795173,0.0001968480647,0.1073622042,0.1160136401,0.002207737397
2.53,0.3755907363,-0.02922127856,0.1027022083,0.01721293447,0.002637792114,0.999996521,0.0501757711,0.9987404027,0,0,1.5791611,1.647128735,-1.318789005,1.624889323,-0.1664060202,0.2056808112,0.3164433135,-1.489199334,1.547859804,1.318763026,1.804159357,-0.3322365536,-0.1758540661,-0.3383647232,0.04823720673,3.231540273e-05,0.05114718213,0.02224094754,-0.06877677688,0.06123849686,0.06071080641,-0.03852197116,-0.006691259517,0.01548598073,0.09408675066,-0.1015766387,-0.05454537101,0.08579628846,0.008982937456,0.006116050378,0.006116050378,0.002637795173,0.0001968480647,0.1073622042,0.1163605991,0.002207408078
2.54,0.3766078627,-0.02905052808,0.1007166334,0.01693575495,0.002637792114,0.999996521,0.0501757711,0.9987404027,0,0,1.579643472,1.647129058,-1.318277534,1.625111733,-0.167093788,0.2062931962,0.3170504216,-1.489584554,1.547792891,1.318917886,1.805100225,-0.33325232,-0.1763995199,-0.3375067603,0.04746627251,3.168639044e-05,0.05014516259,0.02200973098,-0.06732254975,0.05999013789,0.05954046332,-0.03790949273,-0.006574995255,0.01516017978,0.09245166031,-0.09958950772,-0.05354771152,0.08414718584,0.008982685539,0.006094592933,0.006094592933,0.002637795173,0.0001968480647,0.1073622042,0.1167020998,0.002207084924
2.55,0.3776049424,-0.02888259118,0.09869308102,0.01665025984,0.002637792114,0.999996521,0.0501757711,0.9987404027,0,0,1.580118135,1.647129375,-1.317776082,1.62533183,-0.1677670135,0.2068930976,0.3176458262,-1.489963649,1.547727141,1.319069487,1.806024741,-0.3342482151,-0.176934997,-0.3366652884,0.04667121273,3.104521604e-05,0.04912434009,0.02176313807,-0.06584758476,0.05872073777,0.05834648492,-0.0372779144,-0.00645589279,0.01482922849,0.09077423173,-0.09756463615,-0.05252702006,0.08246403272,0.008982437661,0.006073506602,0.006073506602,0.002637795173,0.0001968480647,0.1073622042,0.1170379732,0.002206768061
2.56,0.3785816014,-0.02871754979,0.09663266525,0.01635669306,0.002637792114,0.999996521,0.0501757711,0.9987404027,0,0,1.580584847,1.647129686,-1.317284839,1.625549462,-0.1684254893,0.2074803049,0.3182292911,-1.490336428,1.547662582,1.31921778,1.806932484,-0.3352238614,-0.1774602672,-0.3358406481,0.04585272659,3.039223999e-05,0.04808529583,0.02150162281,-0.06435261855,0.05743092601,0.05712953021,-0.03662781909,-0.00633405377,0.01449326181,0.08905570654,-0.09550315819,-0.05148394922,0.08074772832,0.008982193945,0.00605280038,0.00605280038,0.002637795173,0.0001968480647,0.1073622042,0.1173680557,0.002206457608
2.57,0.3795374765,-0.02855548342,0.09453649078,0.01605529652,0.002637792114,0.999996521,0.0501757711,0.9987404027,0,0,1.581043374,1.647129989,-1.316803986,1.625764478,-0.1690690155,0.2080546142,0.3188005864,-1.490702706,1.547599242,1.319362712,1.807823041,-0.336178893,-0.1779751067,-0.3350331708,0.04501150836,2.972781992e-05,0.04702860466,0.02122563547,-0.06283837422,0.05612132646,0.05589025516,-0.0359597838,-0.006209577922,0.01415241468,0.08729731676,-0.09340619748,-0.05041914792,0.07899917095,0.008981954514,0.006032482925,0.006032482925,0.002637795173,0.0001968480647,0.1073622042,0.1176921881,0.002206153686
2.58,0.3804722157,-0.02839646916,0.09240565296,0.01574631004,0.002637792114,0.999996521,0.0501757711,0.9987404027,0,0,1.581493489,1.647130287,-1.3163337,1.625976734,-0.1696973992,0.2086158275,0.319359489,-1.491062304,1.547537146,1.319504236,1.808696014,-0.337112955,-0.1784792981,-0.3342431791,0.0441482474,2.905231027e-05,0.04595483515,0.0209356226,-0.06130556142,0.05479255734,0.05462931264,-0.03527437962,-0.00608256308,0.01380682192,0.08550028476,-0.09127486725,-0.04933326138,0.0772192579,0.008981719486,0.006012562561,0.006012562561,0.002637795173,0.0001968480647,0.1073622042,0.1180102164,0.002205856408
2.59,0.3813854777,-0.02824058173,0.0902412378,0.01542997142,0.002637792114,0.999996521,0.0501757711,0.9987404027,0,0,1.581934972,1.647130577,-1.315874151,1.62618609,-0.1703104549,0.209163753,0.3199057821,-1.491415048,1.54747632,1.319642305,1.809551017,-0.3380257037,-0.1789726308,-0.3334709865,0.0432636281,2.83660625e-05,0.04486454959,0.02063202706,-0.0597548765,0.05344523124,0.05334735242,-0.03457217178,-0.005953105204,0.01345661825,0.08366582321,-0.08911027026,-0.04822693108,0.07540888531,0.008981488976,0.005993047287,0.005993047287,0.002637795173,0.0001968480647,0.1073622042,0.1183219909,0.002205565885
2.6,0.3822769321,-0.02808789346,0.08804432198,0.01510651642,0.002637792114,0.999996521,0.0501757711,0.9987404027,0,0,1.582367608,1.647130861,-1.315425506,1.626392411,-0.1709080036,0.2096982053,0.3204392556,-1.491760769,1.547416789,1.319776871,1.810387675,-0.3389168064,-0.1794549001,-0.3327168977,0.04235832987,2.766942508e-05,0.04375830401,0.02031528797,-0.05818700268,0.05207995511,0.05204502111,-0.03385371964,-0.005821298404,0.01310193828,0.08179513512,-0.08691349887,-0.04710079472,0.07356894802,0.008981263094,0.005973944785,0.005973944785,0.002637795173,0.0001968480647,0.1073622042,0.1186273672,0.002205282224
2.61,0.3831462593,-0.02793847434,0.08581597281,0.01477617873,0.002637792114,0.999996521,0.0501757711,0.9987404027,0,0,1.582791191,1.647131138,-1.314987923,1.626595564,-0.1714898736,0.2102190049,0.3209597058,-1.492099307,1.547358576,1.31990789,1.811205626,-0.3397859414,-0.179925908,-0.3319812082,0.0414162274,2.69908158e-05,0.04265134491,0.01998582015,-0.05660035538,0.05071391154,0.05070901335,-0.03310763098,-0.005685193137,0.01273072881,0.07988583291,-0.08469441045,-0.04592737718,0.07171334238,0.008981041948,0.005955262424,0.005955262424,0.002637795173,0.0001968480647,0.1073622042,0.1189262051,0.00220500553
2.62,0.3839931503,-0.02779239205,0.08355724828,0.01443919001,0.002637792114,0.999996521,0.0501757711,0.9987404027,0,0,1.583205354,1.647131408,-1.314561409,1.626795422,-0.1720558772,0.210726144,0.3214667959,-1.492430383,1.547301725,1.320035197,1.812004485,-0.3406328855,-0.1803851818,-0.3312640748,0.03981461408,2.737218776e-05,0.04208923019,0.01964342253,-0.05491140543,0.04996263212,0.04882248615,-0.03189095126,-0.00546925117,0.01189071215,0.07780626679,-0.08277997907,-0.04366430057,0.07032559981,0.00898082573,0.005937012437,0.005937012437,0.002637795173,0.0001968480647,0.1073622042,0.1192131708,0.002204735622
2.63,0.3848173065,-0.02764971194,0.08126919703,0.01409577987,0.002637792114,0.999996521,0.0501757711,0.9987404027,0,0,1.5836035,1.647131681,-1.314140517,1.626991856,-0.1726049913,0.2112257703,0.3219550208,-1.492749292,1.547247032,1.320154105,1.812782547,-0.3414606853,-0.1808218248,-0.3305608188,0.03887006558,2.661499146e-05,0.04092136579,0.01929011706,-0.05329749468,0.04852795958,0.04747865241,-0.03113995996,-0.005333475169,0.01153669777,0.07583809256,-0.08048385157,-0.04251394875,0.06838807444,0.008980617882,0.005919397918,0.005919397918,0.002637795173,0.0001968480647,0.1073622042,0.1192762306,0.0022044619
2.64,0.38561844,-0.0275104971,0.07895285837,0.01374617588,0.002637792114,0.999996521,0.0501757711,0.9987404027,0,0,1.5839922,1.647131947,-1.313731303,1.627184757,-0.1731379662,0.2117110499,0.3224298073,-1.493060692,1.547193697,1.320269472,1.813540928,-0.3422655238,-0.1812469643,-0.329876938,0.03789554972,2.533432648e-05,0.03982123389,0.01855244993,-0.05165992476,0.04742007963,0.04602321935,-0.03037953235,-0.005199812163,0.01113910768,0.07354738196,-0.07825725914,-0.04107840931,0.0663248608,0.008980414973,0.005902217203,0.005902217203,0.002637795173,0.0001968480647,0.1073622042,0.1193126408,0.00220419575
2.65,0.3863962728,-0.02737480832,0.07660926223,0.01339060356,0.002637792114,0.999996521,0.0501757711,0.9987404027,0,0,1.584371156,1.647132201,-1.313333091,1.627370282,-0.1736545654,0.2121852507,0.3228900395,-1.493364487,1.547141699,1.320380863,1.814276402,-0.3430480964,-0.1816577484,-0.3292136894,0.03691525606,2.458330306e-05,0.03863082702,0.01815582162,-0.05001755375,0.04597337394,0.04463910252,-0.02960174124,-0.005060328005,0.01077563702,0.07150151129,-0.07591132933,-0.03988025838,0.06432998396,0.008980217158,0.005885462887,0.005885462887,0.002637795173,0.0001968480647,0.1073622042,0.1191435926,0.002203942407
2.66,0.3871505377,-0.02724270418,0.07423942924,0.01302928639,0.002637792114,0.999996521,0.0501757711,0.9987404027,0,0,1.584740308,1.647132447,-1.312946783,1.62755184,-0.174154741,0.2126449845,0.3233364305,-1.493660505,1.547091096,1.320488619,1.814991417,-0.3438072097,-0.182056551,-0.3285703896,0.03591950463,2.386431264e-05,0.03742062559,0.01778003635,-0.04836268827,0.0444832038,0.04324652977,-0.02881074789,-0.004918685433,0.01041202785,0.06945099632,-0.07353118427,-0.03868900855,0.06231909033,0.008980024468,0.00586915388,0.00586915388,0.002637795173,0.0001968480647,0.1073622042,0.1189864401,0.002203696574
2.67,0.3878809773,-0.02711424101,0.07184437067,0.01266244578,0.002637792114,0.999996521,0.0501757711,0.9987404027,0,0,1.585099504,1.647132685,-1.312572576,1.62772964,-0.1746383679,0.2130898165,0.3237688958,-1.493948612,1.547041909,1.320592739,1.815685927,-0.3445425215,-0.182443441,-0.3279471987,0.03490791543,2.313241581e-05,0.03619798695,0.0173942432,-0.04669513657,0.04297887355,0.04183825504,-0.02800742978,-0.004775311219,0.01004506203,0.06737255287,-0.07112603857,-0.0374827473,0.06028473865,0.008979836982,0.00585329697,0.00585329697,0.002637795173,0.0001968480647,0.1073622042,0.1188562554,0.00220345793
2.68,0.3885873444,-0.02698947294,0.06942508843,0.01229030113,0.002637792114,0.999996521,0.0501757711,0.9987404027,0,0,1.585448583,1.647132917,-1.312210597,1.627903583,-0.1751053192,0.2135196052,0.3241872784,-1.494228687,1.546994156,1.32069319,1.816359653,-0.3452537819,-0.1828182685,-0.3273443513,0.03388111858,2.238801373e-05,0.03496342672,0.01699884488,-0.04501548117,0.04146095874,0.04041488851,-0.02719229416,-0.004630284871,0.009674865305,0.06526729922,-0.06869690851,-0.03626206247,0.05822781214,0.008979654783,0.005837897541,0.005837897541,0.002637795173,0.0001968480647,0.1073622042,0.1187510997,0.002203226606
2.69,0.3892694017,-0.02686845194,0.06698257512,0.01191306978,0.002637792114,0.999996521,0.0501757711,0.9987404027,0,0,1.585787394,1.64713314,-1.311860962,1.628073571,-0.175555474,0.2139342148,0.3245914273,-1.49450061,1.546947853,1.320789939,1.817012326,-0.345940751,-0.1831808891,-0.3267620732,0.03283973906,2.163151438e-05,0.03371745449,0.01659424043,-0.04332429301,0.03993002918,0.03897703665,-0.02636584269,-0.004483684318,0.009301563053,0.0631363439,-0.06624480018,-0.03502753791,0.05614919119,0.00897947795,0.005822960717,0.005822960717,0.002637795173,0.0001968480647,0.1073622042,0.1186690626,0.002203002726
2.7,0.3899269218,-0.02675122778,0.06451781398,0.01153096701,0.002637792114,0.999996521,0.0501757711,0.9987404027,0,0,1.586115791,1.647133357,-1.311523788,1.628239514,-0.175988717,0.2143335151,0.3249811976,-1.494764268,1.546903016,1.320882954,1.817643689,-0.346603199,-0.1835311645,-0.3262005813,0.03178439665,2.086333173e-05,0.03246057384,0.01618082518,-0.04162213167,0.03838664887,0.03752530215,-0.02552857139,-0.004335585939,0.008925280293,0.06098078563,-0.06377070951,-0.03377975342,0.05404975316,0.008979306558,0.00580849137,0.00580849137,0.002637795173,0.0001968480647,0.1073622042,0.1186082656,0.002202786411
2.71,0.390559687,-0.02663784812,0.0620317789,0.01114420607,0.002637792114,0.999996521,0.0501757711,0.9987404027,0,0,1.586433635,1.647133565,-1.311199182,1.628401322,-0.1764049383,0.2147173816,0.3253564507,-1.495019554,1.54685966,1.320972207,1.818253497,-0.3472409061,-0.1838689621,-0.3256600837,0.03071570594,2.00838858e-05,0.03119328242,0.01575899077,-0.03990954557,0.0368313761,0.03606028382,-0.02468097075,-0.004186064589,0.008546141641,0.05880171332,-0.06127562224,-0.03251928474,0.05193037221,0.008979140679,0.005794494127,0.005794494127,0.002637795173,0.0001968480647,0.1073622042,0.1185668667,0.002202577778
2.72,0.3911674896,-0.02652835849,0.05952543443,0.01075299816,0.002637792114,0.999996521,0.0501757711,0.9987404027,0,0,1.586740792,1.647133766,-1.310887249,1.628558912,-0.1768040337,0.2150856954,0.3257170535,-1.495266363,1.5468178,1.321057668,1.818841514,-0.3478536623,-0.1841941549,-0.32514078,0.02963427631,1.929360181e-05,0.02991607194,0.01532912515,-0.03818707219,0.03526476341,0.03458257659,-0.02382352569,-0.004035193631,0.008164271282,0.05660020607,-0.05876051401,-0.03124670346,0.04979191909,0.008978980382,0.005780973375,0.005780973375,0.002637795173,0.0001968480647,0.1073622042,0.1185430635,0.002202376939
2.73,0.3917501312,-0.02642280229,0.05699973579,0.01035755244,0.002637792114,0.999996521,0.0501757711,0.9987404027,0,0,1.587037135,1.647133959,-1.310588089,1.628712203,-0.1771859045,0.215438343,0.3260628793,-1.495504599,1.546777448,1.321139311,1.819407516,-0.3484412674,-0.1845066219,-0.3246428608,0.02854071184,1.849291031e-05,0.02862942825,0.01489161256,-0.03645523827,0.03368735764,0.03309277137,-0.02295671564,-0.003883044963,0.007779792945,0.05437733307,-0.05622635034,-0.02996257698,0.047635261,0.008978825734,0.005767933267,0.005767933267,0.002637795173,0.0001968480647,0.1073622042,0.1185350972,0.002202184003
2.74,0.392307423,-0.02632122087,0.05445562885,0.009958076005,0.002637792114,0.999996521,0.0501757711,0.9987404027,0,0,1.587322542,1.647134144,-1.310301794,1.628861119,-0.1775504569,0.2157752166,0.326393807,-1.495734166,1.546738617,1.321217109,1.819951289,-0.3490035309,-0.1848062477,-0.3241665082,0.02743561138,1.768224658e-05,0.02733383139,0.01444683354,-0.03471456003,0.0320996999,0.03159145502,-0.02208101456,-0.003729689046,0.00739282987,0.05213415365,-0.05367408665,-0.02866746845,0.04546126133,0.008978676798,0.005755377726,0.005755377726,0.002637795173,0.0001968480647,0.1073622042,0.1185412562,0.002201999074
2.75,0.3928391856,-0.02622365352,0.05189405014,0.009554773932,0.002637792114,0.999996521,0.0501757711,0.9987404027,0,0,1.587596898,1.647134321,-1.310028456,1.629005587,-0.1778976025,0.2160962136,0.3267097215,-1.495954976,1.54670132,1.321291037,1.820472631,-0.3495402718,-0.1850929224,-0.3237118956,0.02631956844,1.686205029e-05,0.02602975559,0.0139951649,-0.03296554339,0.03050232562,0.03007921027,-0.02119689095,-0.003575194936,0.007003504783,0.04987171723,-0.05110466833,-0.02736193674,0.04327077955,0.008978533632,0.005743310451,0.005743310451,0.002637795173,0.0001968480647,0.1073622042,0.1185598788,0.002201822251
2.76,0.3933452488,-0.02613013747,0.04931592683,0.009147849233,0.002637792114,0.999996521,0.0501757711,0.9987404027,0,0,1.587860094,1.64713449,-1.309768158,1.629145539,-0.1782272579,0.2164012368,0.3270105136,-1.496166945,1.546665568,1.321361072,1.820971348,-0.3500513185,-0.1853665418,-0.3232791878,0.0251931712,1.603276516e-05,0.02471766933,0.01353697978,-0.03120868419,0.02889576455,0.02855661565,-0.02030480789,-0.003419630312,0.006611939862,0.04759106328,-0.04851903072,-0.02604653635,0.04106467094,0.008978396294,0.005731734924,0.005731734924,0.002637795173,0.0001968480647,0.1073622042,0.1185893571,0.002201653631
2.77,0.393825452,-0.02604070794,0.04672217677,0.008737502879,0.002637792114,0.999996521,0.0501757711,0.9987404027,0,0,1.588112026,1.64713465,-1.309520982,1.629280909,-0.1785393447,0.2166901945,0.3272960798,-1.496369993,1.546631372,1.321427192,1.821447259,-0.3505365088,-0.1856270071,-0.3228685411,0.02405700249,1.519483859e-05,0.02339803542,0.01307264756,-0.02944446838,0.02728054077,0.02702424541,-0.01940522309,-0.003263061504,0.006218256711,0.04529322131,-0.04591809913,-0.02472181739,0.03884378646,0.008978264837,0.005720654411,0.005720654411,0.002637795173,0.0001968480647,0.1073622042,0.1186281395,0.002201493303
2.78,0.3942796433,-0.02595539815,0.04411370845,0.008323933797,0.002637792114,0.999996521,0.0501757711,0.9987404027,0,0,1.588352596,1.647134802,-1.309287001,1.629411635,-0.1788337894,0.2169629999,0.3275663223,-1.496564045,1.546598742,1.321489374,1.821900191,-0.3509956898,-0.1858742253,-0.3224801032,0.02291163975,1.434872126e-05,0.022071311,0.01260253396,-0.02767337224,0.0256571727,0.02548266948,-0.01849858889,-0.003105553525,0.005822576329,0.04297921083,-0.04330278891,-0.02338832549,0.0366089725,0.008978139312,0.005710071972,0.005710071972,0.002637795173,0.0001968480647,0.1073622042,0.1186747336,0.002201341355
2.79,0.3947076801,-0.02587423935,0.04149142104,0.007907338867,0.002637792114,0.999996521,0.0501757711,0.9987404027,0,0,1.588581712,1.647134945,-1.309066288,1.629537661,-0.1791105231,0.2172195716,0.3278211489,-1.496749031,1.546567686,1.3215476,1.822329983,-0.3514287177,-0.1861081085,-0.3221140135,0.021757655,1.349486689e-05,0.02073794757,0.01212700092,-0.02589586266,0.02402617313,0.02393245334,-0.01758535233,-0.002947170102,0.005425019079,0.04065004137,-0.04067400543,-0.02204660179,0.03436107074,0.008978019767,0.00569999046,0.00569999046,0.002637795173,0.0001968480647,0.1073622042,0.1187277093,0.002201197868
2.8,0.3951094286,-0.02579726081,0.03885620434,0.007487912922,0.002637792114,0.999996521,0.0501757711,0.9987404027,0,0,1.588799289,1.64713508,-1.308858909,1.629658931,-0.1793694818,0.2174598333,0.3280604735,-1.496924885,1.546538214,1.32160185,1.822736484,-0.3518354577,-0.1863285746,-0.3217704028,0.02059561483,1.263373166e-05,0.01939839109,0.0116464067,-0.02411239726,0.02238804923,0.02237415802,-0.01666595513,-0.0027879737,0.00502570466,0.03830671238,-0.03803264414,-0.02069718285,0.03210091793,0.008977906244,0.005690412531,0.005690412531,0.002637795173,0.0001968480647,0.1073622042,0.1187857009,0.002201062919
2.81,0.395484764,-0.02572448989,0.03620893882,0.007065848753,0.002637792114,0.999996521,0.0501757711,0.9987404027,0,0,1.589005245,1.647135207,-1.308664925,1.629775395,-0.1796106057,0.2176837138,0.3282842151,-1.497091544,1.546510335,1.321652107,1.823119551,-0.3522157842,-0.1865355464,-0.3214493936,0.01942608036,1.176577404e-05,0.01805308197,0.01116110582,-0.02232342468,0.02074330255,0.02080833998,-0.01574083378,-0.002628025558,0.004624752078,0.03595021326,-0.03537959053,-0.01934060062,0.02982934569,0.008977798788,0.005681340645,0.005681340645,0.002637795173,0.0001968480647,0.1073622042,0.1188474095,0.002200936582
2.82,0.3958335702,-0.025655952,0.0335504956,0.006641337101,0.002637792114,0.999996521,0.0501757711,0.9987404027,0,0,1.589199506,1.647135324,-1.308484394,1.629887006,-0.17983384,0.2178911469,0.3284922985,-1.497248952,1.546484054,1.321698355,1.823479053,-0.3525695801,-0.1867289524,-0.3211511002,0.01824960719,1.089145441e-05,0.01670245515,0.01067144907,-0.02052938478,0.01909242903,0.01923555105,-0.01481041952,-0.002467385715,0.004222279615,0.03358152334,-0.03271572026,-0.01797738234,0.02754718034,0.008977697435,0.005672777074,0.005672777074,0.002637795173,0.0001968480647,0.1073622042,0.1189116059,0.002200818924
2.83,0.3961557396,-0.02559167067,0.03088173648,0.006214566664,0.002637792114,0.999996521,0.0501757711,0.9987404027,0,0,1.589382002,1.647135433,-1.308317369,1.62999372,-0.1800391338,0.2180820711,0.328684654,-1.497397057,1.54645938,1.321740578,1.823814868,-0.3528967373,-0.1869087262,-0.3208756284,0.01706674545,1.001123433e-05,0.01534694012,0.01017778351,-0.01873070884,0.01743591904,0.01765633836,-0.0138751384,-0.00230611304,0.003818404797,0.03120161181,-0.03004189907,-0.01660805056,0.02525524268,0.008977602223,0.005664723902,0.005664723902,0.002637795173,0.0001968480647,0.1073622042,0.1189771316,0.002200710009
2.84,0.3964511734,-0.02553166757,0.02820351389,0.005785724093,0.002637792114,0.999996521,0.0501757711,0.9987404027,0,0,1.589552669,1.647135533,-1.3081639,1.630095498,-0.1802264409,0.2182564303,0.3288612174,-1.497535808,1.546436319,1.321778762,1.824126884,-0.3531971563,-0.1870748067,-0.3206230759,0.01587803968,9.125576961e-06,0.01398696096,0.009680452483,-0.01692781978,0.01577425737,0.01607124428,-0.0129354113,-0.002144265263,0.003413244372,0.02881143773,-0.02735898288,-0.01523312301,0.02295434781,0.008977513183,0.005657183032,0.005657183032,0.002637795173,0.0001968480647,0.1073622042,0.1190429017,0.002200609897
2.85,0.3967197811,-0.02547596248,0.02551667092,0.005354993994,0.002637792114,0.999996521,0.0501757711,0.9987404027,0,0,1.589711449,1.647135624,-1.30802403,1.630192303,-0.1803957191,0.2184141729,0.3290219298,-1.497665162,1.546414877,1.321812894,1.824414999,-0.3534707461,-0.187227138,-0.3203935324,0.01468402886,8.234945792e-06,0.01262293639,0.009179795567,-0.01512113239,0.01410792327,0.01448080633,-0.01199165396,-0.001981899002,0.003006914273,0.02641194999,-0.0246678178,-0.01385311262,0.02064530496,0.008977430347,0.005650156188,0.005650156188,0.002637795173,0.0001968480647,0.1073622042,0.1191079063,0.002200518641
2.86,0.3969614808,-0.02542457337,0.02282204134,0.004922558928,0.002637792114,0.999996521,0.0501757711,0.9987404027,0,0,1.58985829,1.647135707,-1.307897801,1.630284101,-0.1805469304,0.2185552521,0.3291667379,-1.497785079,1.546395058,1.321842963,1.824679118,-0.3537174243,-0.1873656691,-0.3201870794,0.01348524638,7.339804942e-06,0.01125527983,0.008676148619,-0.01331105354,0.01243739041,0.01288555713,-0.01104427703,-0.001819069793,0.002599529592,0.02400408729,-0.02196924012,-0.0124685274,0.01832891726,0.008977353741,0.005643644922,0.005643644922,0.002637795173,0.0001968480647,0.1073622042,0.119171212,0.002200436292
2.87,0.3971761987,-0.02537751638,0.02012044956,0.004488599408,0.002637792114,0.999996521,0.0501757711,0.9987404027,0,0,1.589993142,1.64713578,-1.307785248,1.630370862,-0.180680041,0.218679626,0.3292955934,-1.497895521,1.546376867,1.321868959,1.824919159,-0.3539371167,-0.1874903544,-0.3200037902,0.01228221998,6.440618527e-06,0.009884399403,0.008169843748,-0.01149798237,0.01076312696,0.01128602433,-0.01009368606,-0.001655832122,0.002191204553,0.02158877813,-0.01926407638,-0.01107987043,0.01600598159,0.00897728339,0.005637650615,0.005637650615,0.002637795173,0.0001968480647,0.1073622042,0.1192319636,0.002200362894
2.88,0.3973638693,-0.02533480587,0.01741271064,0.004053293903,0.002637792114,0.999996521,0.0501757711,0.9987404027,0,0,1.590115964,1.647135845,-1.307686404,1.630452561,-0.1807950208,0.2187872573,0.3294084537,-1.497996458,1.546360309,1.321890871,1.825135047,-0.3541297574,-0.1876011531,-0.3198437304,0.01107547179,5.537850312e-06,0.008510698017,0.007661209317,-0.009682310512,0.00908559555,0.009682730514,-0.009140281581,-0.001492239446,0.001782052479,0.01916694076,-0.01655314336,-0.009687639775,0.01367728837,0.008977219316,0.005632174482,0.005632174482,0.002637795173,0.0001968480647,0.1073622042,0.1192893852,0.002200298487
2.89,0.3975244351,-0.0252964544,0.01469963031,0.003616818837,0.002637792114,0.999996521,0.0501757711,0.9987404027,0,0,1.590226719,1.6471359,-1.307601297,1.630529173,-0.1808918439,0.2188781133,0.329505281,-1.498087861,1.546345386,1.321908691,1.825326716,-0.3542952889,-0.1876980295,-0.3197069575,0.009865518213,4.631963457e-06,0.007134573376,0.007150569944,-0.007864422321,0.007405253313,0.008076193163,-0.008184459086,-0.001328344229,0.001372185769,0.01673948316,-0.0138372481,-0.00829232848,0.01134362139,0.008977161538,0.005627217575,0.005627217575,0.002637795173,0.0001968480647,0.1073622042,0.1193427819,0.002200243109
2.9,0.3976578468,-0.02526247281,0.01198200496,0.003179348585,0.002637792114,0.999996521,0.0501757711,0.9987404027,0,0,1.590325374,1.647135946,-1.307529952,1.630600678,-0.1809704881,0.2189521658,0.3295860429,-1.498169706,1.546332103,1.321922413,1.825494111,-0.3544336614,-0.1877809527,-0.3195935213,0.008652869988,3.723420083e-06,0.005756418031,0.006638246493,-0.006044695043,0.005722551885,0.006466924578,-0.007226609093,-0.001164197966,0.000961715865,0.01430730303,-0.01111718798,-0.006894424475,0.009005757609,0.008977110073,0.005622780788,0.005622780788,0.002637795173,0.0001968480647,0.1073622042,0.1193915401,0.002200196789
2.91,0.3977640627,-0.02523287018,0.009260621619,0.00274105548,0.002637792114,0.999996521,0.0501757711,0.9987404027,0,0,1.590411903,1.647135984,-1.307472387,1.630667061,-0.1810309351,0.2190093913,0.3296507122,-1.498241972,1.546320461,1.32193203,1.825637184,-0.3545448332,-0.187849897,-0.3195034637,0.007438032109,2.81268091e-06,0.004376619424,0.006124556077,-0.004223499041,0.004037937423,0.004855431807,-0.006267117159,-0.0009998512128,0.0005507532271,0.01187128778,-0.008393750649,-0.00549441054,0.006664466986,0.008977064934,0.005618864858,0.005618864858,0.002637795173,0.0001968480647,0.1073622042,0.1194351289,0.002200159555
2.92,0.3978430493,-0.02520765388,0.006536257992,0.002302109808,0.002637792114,0.999996521,0.0501757711,0.9987404027,0,0,1.590486283,1.647136012,-1.307428621,1.630728306,-0.1810731701,0.2190497707,0.3296992665,-1.498304643,1.546310462,1.321937538,1.825755897,-0.3546287707,-0.1879048411,-0.3194368191,0.006221503822,1.900205171e-06,0.002995559921,0.00560981205,-0.002401197989,0.002351850615,0.003242216587,-0.005306363915,-0.0008353536117,0.0001394073055,0.009432314439,-0.005667714132,-0.004092764258,0.004320512305,0.008977026133,0.00561547037,0.00561547037,0.002637795173,0.0001968480647,0.1073622042,0.1194731008,0.002200131428
2.93,0.3978947805,-0.02518682959,0.003809682433,0.001862679807,0.002637792114,0.999996521,0.0501757711,0.9987404027,0,0,1.590548498,1.647136031,-1.307398666,1.630784405,-0.181097182,0.2190732892,0.3297316886,-1.498357707,1.546302109,1.321938932,1.82585022,-0.3546854479,-0.1879457687,-0.3193936139,0.005003778597,9.864498107e-07,0.001613616855,0.005094324008,-0.0005781490727,0.0006647266904,0.001627775275,-0.004344725089,-0.0006707539194,-0.0002722134867,0.006991249726,-0.002939846805,-0.002689957961,0.00197464899,0.008976993678,0.005612597758,0.005612597758,0.002637795173,0.0001968480647,0.1073622042,0.1195050921,0.002200112426
2.94,0.3979192381,-0.02517040134,0.001081653953,0.001422931674,0.002637792114,0.999996521,0.0501757711,0.9987404027,0,0,1.590598536,1.647136041,-1.307382529,1.630835348,-0.1811029635,0.2190799365,0.3297479664,-1.498401154,1.546295401,1.32193621,1.825920132,-0.3547148464,-0.1879726683,-0.3193738675,0.003785344102,7.186959916e-08,0.0002311625647,0.004578397787,0.001245296818,-0.001023004562,1.259878483e-05,-0.003382571538,-0.0005061000334,-0.0006840018003,0.004548949956,-0.0002109074327,-0.001286458684,-0.000372375062,0.008976967576,0.00561024731,0.00561024731,0.002637795173,0.0001968480647,0.1073622042,0.1195308236,0.002200102562
2.95,0.3979164112,-0.02515837147,-0.001647077779,0.0009830295551,0.002637792114,0.999996521,0.0501757711,0.9987404027,0,0,1.59063639,1.647136041,-1.307380218,1.630881132,-0.1810905106,0.2190697064,0.3297480924,-1.49843498,1.54629034,1.32192937,1.825965622,-0.3547169554,-0.1879855329,-0.3193775912,0.002566682182,-8.430834253e-07,-0.00115143557,0.004062335456,0.003068794892,-0.002710918789,-0.001602827474,-0.002420269275,-0.0003414390186,-0.001095851376,0.00210626105,0.002518354814,0.0001172718866,-0.002719819659,0.008976947829,0.005608419173,0.005608419173,0.002637795173,0.0001968480647,0.1073622042,0.1195501006,0.002200101843
2.96,0.3978862966,-0.02515074072,-0.004375772436,0.0005431355544,0.002637792114,0.999996521,0.0501757711,0.9987404027,0,0,1.590662056,1.647136033,-1.307391732,1.630921755,-0.1810598226,0.2190425972,0.3297320641,-1.498459182,1.546286926,1.321918411,1.825986685,-0.3546917719,-0.1879843602,-0.3194047894,0.001348268835,-1.7579602e-06,-0.00253381509,0.00354643532,0.004892006273,-0.004398597055,-0.00321802366,-0.001458179495,-0.0001768171332,-0.001507657071,-0.0003359814985,0.005247200336,0.001520777455,-0.005066952479,0.00897693444,0.00560711335,0.00560711335,0.002637795173,0.0001968480647,0.1073622042,0.1195628135,0.002200110274
2.97,0.3978288984,-0.0251475082,-0.007103699035,0.0001034097287,0.002637792114,0.999996521,0.0501757711,0.9987404027,0,0,1.590675539,1.647136015,-1.30741707,1.630957219,-0.1810109026,0.2189986113,0.3296998839,-1.498473764,1.546285158,1.321903335,1.825983325,-0.3546392999,-0.1879691524,-0.3194554589,0.0001305741882,-2.672314992e-06,-0.003915618419,0.003030991912,0.006714597808,-0.006085625834,-0.004832515563,-0.0004966586013,-1.227985356e-05,-0.001919314883,-0.00277695264,0.007974899084,0.002923607169,-0.007413049233,0.008976927407,0.005606329706,0.005606329706,0.002637795173,0.0001968480647,0.1073622042,0.1195689376,0.002200127853
2.98,0.3977442276,-0.02514867144,-0.009830135935,-0.0003359899107,0.002637792114,0.999996521,0.0501757711,0.9987404027,0,0,1.590676845,1.647135989,-1.307456226,1.630987529,-0.1809437566,0.218937755,0.3296515587,-1.498478731,1.546285035,1.321884141,1.825955555,-0.3545595509,-0.1879399163,-0.3195295894,-0.001085937525,-3.585705644e-06,-0.005296492827,0.002516295995,0.008536241888,-0.007771596999,-0.006445834657,0.0004639417653,0.0001521281005,-0.002330721976,-0.005215837791,0.01070073054,0.004325315659,-0.009757393832,0.008976926726,0.005606067972,0.005606067972,0.002637795173,0.0001968480647,0.1073622042,0.1195685331,0.002200154577
2.99,0.397632303,-0.02515422639,-0.01255437084,-0.000774907398,0.002637792114,0.999996521,0.0501757711,0.9987404027,0,0,1.590665986,1.647135953,-1.307509191,1.631012692,-0.1808583942,0.218860039,0.3295871004,-1.498474091,1.546286556,1.321860834,1.825903397,-0.3544525436,-0.1878966632,-0.3196271634,-0.002300807985,-4.497693995e-06,-0.006676090399,0.002002634557,0.01035661627,-0.009456107807,-0.008057518167,0.001423274705,0.0003163627409,-0.002741776705,-0.007651832857,0.0134239837,0.005725463088,-0.01209927855,0.008976932391,0.005606327745,0.005606327745,0.002637795173,0.0001968480647,0.1073622042,0.1195617448,0.002200190434
3,0.3974931499,-0.02516416747,-0.01527570079,-0.001213188813,0.002637792114,0.999996521,0.0501757711,0.9987404027,0,0,1.590642977,1.647135908,-1.307575952,1.631032719,-0.180754828,0.218765478,0.3295065252,-1.498459859,1.54628972,1.321833416,1.825826879,-0.3543183037,-0.1878394086,-0.3197481561,-0.003513584808,-5.407845993e-06,-0.008054067994,0.001490290811,0.01217540389,-0.01113876089,-0.00966710912,0.00238099803,0.0004803807881,-0.00315237864,-0.01008414425,0.01614395704,0.007123615193,-0.01443800416,0.008976944393,0.005607108492,0.005607108492,0.002637795173,0.0001968480647,0.1073622042,0.119548802,0.002200235411
3.01,0.397326801,-0.02517848754,-0.01799343218,-0.001650682283,0.002637792114,0.999996521,0.0501757711,0.9987404027,0,0,1.590607842,1.647135854,-1.307656493,1.631047622,-0.180633074,0.2186540904,0.3294098541,-1.498436049,1.546294524,1.321801893,1.825726037,-0.3541568642,-0.1877681724,-0.3198925362,-0.00472382157,-6.315732159e-06,-0.009430087217,0.000979544188,0.01399229271,-0.01281916425,-0.01127415641,0.003336774243,0.0006441396471,-0.003562428589,-0.01251198891,0.01885995853,0.008519343327,-0.01677288012,0.008976962721,0.005608409549,0.005608409549,0.002637795173,0.0001968480647,0.1073622042,0.1195300177,0.002200289489
3.02,0.3971332955,-0.02519717799,-0.02070688074,-0.002087237977,0.002637792114,0.999996521,0.0501757711,0.9987404027,0,0,1.590560603,1.64713579,-1.307750794,1.631057417,-0.180493151,0.2185258987,0.3292971125,-1.498402681,1.546300965,1.321766268,1.825600917,-0.3539682646,-0.187682979,-0.320060265,-0.005931077823,-7.220927789e-06,-0.01080381438,0.0004706703409,0.01580697554,-0.01449693124,-0.01287821483,0.004290270512,0.0008075973844,-0.00397182862,-0.01493459434,0.02157130556,0.009912224503,-0.01910322469,0.008976987363,0.005610230129,0.005610230129,0.002637795173,0.0001968480647,0.1073622042,0.1195057884,0.002200352646
3.03,0.3969126799,-0.02522022868,-0.02341537154,-0.002522708115,0.002637792114,0.999996521,0.0501757711,0.9987404027,0,0,1.590501293,1.647135718,-1.307858832,1.631062124,-0.1803350813,0.2183809294,0.3291683304,-1.498359778,1.546309041,1.32172655,1.825451571,-0.3537525515,-0.1875838567,-0.3202512972,-0.007134919119,-8.123013262e-06,-0.01217492049,-3.605886214e-05,0.01761914986,-0.01617168055,-0.01447884517,0.005241158646,0.0009707127062,-0.004380482086,-0.01735119857,0.024277325,0.01130184144,-0.02142836511,0.008977018303,0.00561256932,0.00561256932,0.002637795173,0.0001968480647,0.1073622042,0.1194765931,0.002200424856
3.04,0.3966650069,-0.02524762804,-0.026118239,-0.002956946958,0.002637792114,0.999996521,0.0501757711,0.9987404027,0,0,1.590429943,1.647135637,-1.307980581,1.631061763,-0.1801588898,0.2182192126,0.3290235419,-1.498307367,1.546318748,1.321682745,1.825278059,-0.3535097783,-0.1874708383,-0.3204655809,-0.008334917027,-9.021574221e-06,-0.01354308117,-0.0005403753384,0.0194285177,-0.01784303622,-0.01607561421,0.006189115073,0.001133444936,-0.004788293644,-0.01976105026,0.02697735309,0.01268778258,-0.02374763771,0.008977055523,0.005615426085,0.005615426085,0.002637795173,0.0001968480647,0.1073622042,0.1194429927,0.002200506086
3.05,0.396390336,-0.02527936304,-0.02881482687,-0.003389810815,0.002637792114,0.999996521,0.0501757711,0.9987404027,0,0,1.590346594,1.647135547,-1.308116012,1.631056359,-0.1799646046,0.2180407822,0.3288627858,-1.498245475,1.546330083,1.321634862,1.825080449,-0.3532400048,-0.1873439605,-0.3207030573,-0.009530649155,-9.916201971e-06,-0.01490797668,-0.001042014792,0.02123478542,-0.01951062759,-0.01766809484,0.007133820815,0.001295753993,-0.005195169279,-0.02216340864,0.02967073551,0.01406964216,-0.02606038806,0.008977099003,0.005618799269,0.005618799269,0.002637795173,0.0001968480647,0.1073622042,0.1194056289,0.002200596302
3.06,0.3960887334,-0.0253154192,-0.03150448827,-0.003821158041,0.002637792114,0.999996521,0.0501757711,0.9987404027,0,0,1.590251288,1.647135448,-1.308265092,1.631045939,-0.1797522567,0.217845676,0.3286861048,-1.498174137,1.54634304,1.321582911,1.824858815,-0.3529432974,-0.1872032641,-0.3209636611,-0.01072169916,-1.080649366e-05,-0.01626929186,-0.001540716719,0.02303766364,-0.02117408935,-0.01925586603,0.008074961473,0.001457600372,-0.005601016323,-0.02455754359,0.03235682729,0.01544702023,-0.02836597113,0.008977148721,0.0056226876,0.0056226876,0.002637795173,0.0001968480647,0.1073622042,0.1193652235,0.002200695464
3.07,0.3957602715,-0.02535578068,-0.03418658563,-0.004250849036,0.002637792114,0.999996521,0.0501757711,0.9987404027,0,0,1.590144071,1.64713534,-1.308427785,1.631030532,-0.1795218801,0.2176339351,0.3284935462,-1.498093388,1.546357616,1.3215269,1.824613239,-0.3526197291,-0.1870487939,-0.3212473209,-0.01190765679,-1.169205244e-05,-0.01762671611,-0.002036224403,0.024836867,-0.02283306147,-0.02083851297,0.009012227198,0.001618945125,-0.006005743474,-0.0269427356,0.03503499286,0.0168195227,-0.03066375138,0.008977204654,0.005627089685,0.005627089685,0.002637795173,0.0001968480647,0.1073622042,0.1193225766,0.002200803529
3.08,0.395405029,-0.02540043021,-0.03686049074,-0.004678746246,0.002637792114,0.999996521,0.0501757711,0.9987404027,0,0,1.590024994,1.647135223,-1.308604052,1.63101017,-0.1792735114,0.2174056044,0.3282851611,-1.498003265,1.546373806,1.321466843,1.824343812,-0.3522693792,-0.1868805986,-0.3215539584,-0.01308811787,-1.257248803e-05,-0.01897994337,-0.002528284925,0.02663211412,-0.02448718921,-0.02241562701,0.009945312676,0.001779749837,-0.006409260819,-0.02931827584,0.03770460596,0.01818676136,-0.03295310291,0.008977266773,0.00563200402,0.00563200402,0.002637795173,0.0001968480647,0.1073622042,0.1192785662,0.002200920449
3.09,0.395023091,-0.02544934917,-0.03952558474,-0.005104714162,0.002637792114,0.999996521,0.0501757711,0.9987404027,0,0,1.589894113,1.647135097,-1.308793851,1.630984887,-0.1790071903,0.2171607326,0.3280610048,-1.497903812,1.546391603,1.32140275,1.824050629,-0.3518923331,-0.186698731,-0.3218834894,-0.01426268433,-1.344741647e-05,-0.02032867205,-0.003016649161,0.02842312735,-0.02613612315,-0.02398680583,0.0108739171,0.001939976612,-0.006811479849,-0.03168346613,0.04036504971,0.01954835391,-0.0352334096,0.008977335052,0.005637428984,0.005637428984,0.002637795173,0.0001968480647,0.1073622042,0.1192341461,0.002201046174
3.1,0.3946145487,-0.02550251761,-0.04218125809,-0.005528619322,0.002637792114,0.999996521,0.0501757711,0.9987404027,0,0,1.589751486,1.647134962,-1.308997138,1.63095472,-0.178722959,0.2168993713,0.3278211367,-1.497795073,1.546411003,1.321334636,1.823733794,-0.3514886826,-0.1865032475,-0.3222358235,-0.01543096424,-1.431646068e-05,-0.02167260506,-0.003501071781,0.03020963274,-0.02777951911,-0.02555165335,0.01179774418,0.002099588052,-0.00721231348,-0.03403761899,0.04301571652,0.02090392404,-0.03750406517,0.00897740946,0.005643362846,0.005643362846,0.002637795173,0.0001968480647,0.1073622042,0.1191903449,0.002201180648
3.11,0.3941794993,-0.02555991424,-0.04482691062,-0.005950330308,0.002637792114,0.999996521,0.0501757711,0.9987404027,0,0,1.589597177,1.647134819,-1.309213864,1.63091971,-0.1784208627,0.2166215761,0.3275656202,-1.497677096,1.546431999,1.321262513,1.823393418,-0.3510585255,-0.1862942082,-0.3226108641,-0.0165925718,-1.51792507e-05,-0.02301144975,-0.003981311258,0.03199135983,-0.02941703823,-0.02710977989,0.01271650206,0.00225854724,-0.00761167607,-0.03638005764,0.04565600812,0.02225310141,-0.03976447337,0.008977489964,0.005649803764,0.005649803764,0.002637795173,0.0001968480647,0.1073622042,0.1191482645,0.002201323813
3.12,0.3937180459,-0.02562151647,-0.04746195148,-0.00636971775,0.002637792114,0.999996521,0.0501757711,0.9987404027,0,0,1.589431251,1.647134668,-1.309443979,1.630879897,-0.1781009491,0.2163274057,0.3272945224,-1.497549931,1.546454584,1.321186396,1.823029618,-0.3506019654,-0.1860716772,-0.3230085089,-0.01774712738,-1.60354237e-05,-0.0243449179,-0.004457129863,0.03376804159,-0.03104834687,-0.02866080214,0.01362990338,0.002416817723,-0.008009483436,-0.038710116,0.04828533552,0.02359552171,-0.04201404804,0.008977576529,0.005656749785,0.005656749785,0.002637795173,0.0001968480647,0.1073622042,0.119109078,0.002201475605
3.13,0.3932302975,-0.02568730043,-0.05008579918,-0.006786654322,0.002637792114,0.999996521,0.0501757711,0.9987404027,0,0,1.58925378,1.647134507,-1.309687428,1.630835325,-0.1777632687,0.2160169223,0.3270079144,-1.497413631,1.546478752,1.321106301,1.822642517,-0.350119112,-0.185835722,-0.3234286494,-0.0188942575,-1.688462432e-05,-0.02567272569,-0.00492829367,0.03553941423,-0.03267311667,-0.03020434321,0.0145376652,0.002574363495,-0.008405652869,-0.04102713875,0.05090311903,0.02493082666,-0.04425221324,0.008977669119,0.005664198849,0.005664198849,0.002637795173,0.0001968480647,0.1073622042,0.1190740286,0.002201635959
3.14,0.3927163691,-0.02575724097,-0.05269788156,-0.007201014745,0.002637792114,0.999996521,0.0501757711,0.9987404027,0,0,1.589064837,1.647134338,-1.309944155,1.630786042,-0.1774078745,0.2156901911,0.3267058709,-1.497268255,1.546504496,1.321022244,1.822232245,-0.3496100808,-0.1855864137,-0.3238711715,-0.02003359488,-1.772650471e-05,-0.02699459369,-0.005394572559,0.03730521717,-0.03429102451,-0.03174003269,0.01543950901,0.002731148983,-0.008800103152,-0.04333048128,0.0535087882,0.02625866408,-0.04647840335,0.008977767696,0.005672148791,0.005672148791,0.002637795173,0.0001968480647,0.1073622042,0.1190444272,0.002201804806
3.15,0.392176381,-0.02583131173,-0.0552976358,-0.007612675783,0.002637792114,0.999996521,0.0501757711,0.9987404027,0,0,1.588864501,1.647134161,-1.310214101,1.630732097,-0.1770348224,0.2153472809,0.3263884706,-1.49711386,1.546531807,1.320934243,1.82179894,-0.349074993,-0.1853238271,-0.3243359555,-0.02116477844,-1.856072505e-05,-0.02831024679,-0.005855740211,0.03906519283,-0.03590175252,-0.03326750668,0.01633516072,0.00288713903,-0.009192754574,-0.04561950977,0.05610178185,0.0275786879,-0.04869206313,0.00897787222,0.005680597336,0.005680597336,0.002637795173,0.0001968480647,0.1073622042,0.1190216512,0.002201982071
3.16,0.3916104593,-0.02590948509,-0.05788450845,-0.008021516249,0.002637792114,0.999996521,0.0501757711,0.9987404027,0,0,1.588652853,1.647133975,-1.310497203,1.630673539,-0.1766441704,0.2149882633,0.3260557955,-1.496950508,1.546560679,1.320842316,1.821342745,-0.3485139751,-0.1850480402,-0.3248228762,-0.0222874533,-1.938695329e-05,-0.02961941425,-0.006311574117,0.04081908663,-0.03750498806,-0.0347864078,0.0172243506,0.003042298882,-0.009583528944,-0.04789360113,0.05868154805,0.02889055817,-0.05089264789,0.008977982648,0.005689542108,0.005689542108,0.002637795173,0.0001968480647,0.1073622042,0.1190071416,0.002202167678
3.17,0.3910187356,-0.02599173225,-0.06045795537,-0.008427417,0.002637792114,0.999996521,0.0501757711,0.9987404027,0,0,1.588429979,1.647133782,-1.310793398,1.630610424,-0.1762359796,0.2146132135,0.3257079315,-1.496778265,1.546591102,1.320746481,1.820863809,-0.3479271597,-0.1847591346,-0.3253318026,-0.02340127082,-2.020486569e-05,-0.03092182964,-0.006761855576,0.0425666468,-0.03910042374,-0.03629638526,0.01810681334,0.003196594173,-0.009972349606,-0.05015214309,0.06124754407,0.0301939411,-0.05307962351,0.008978098936,0.005698980625,0.005698980625,0.002637795173,0.0001968480647,0.1073622042,0.119002402,0.002202361547
3.18,0.3904013468,-0.02607802324,-0.06301744178,-0.00883026094,0.002637792114,0.999996521,0.0501757711,0.9987404027,0,0,1.588195966,1.64713358,-1.311102616,1.630542805,-0.1758103131,0.2142222092,0.3253449676,-1.496597196,1.546623068,1.320646757,1.820362288,-0.3473146842,-0.1844571952,-0.3258625989,-0.02450588858,-2.101414673e-05,-0.03221723082,-0.007206369695,0.04430762433,-0.04068775735,-0.03779709485,0.01898228796,0.003349990913,-0.01035914145,-0.05239453414,0.06379923644,0.03148850908,-0.05525246656,0.008978221038,0.005708910304,0.005708910304,0.002637795173,0.0001968480647,0.1073622042,0.1190089958,0.002202563596
3.19,0.389758435,-0.0261683269,-0.06556244224,-0.009229933017,0.002637792114,0.999996521,0.0501757711,0.9987404027,0,0,1.587950907,1.647133369,-1.311424788,1.630470741,-0.1753672369,0.2138153317,0.3249669967,-1.496407374,1.546656568,1.320543166,1.819838342,-0.3466766919,-0.1841423101,-0.3264151235,-0.02560097043,-2.181448944e-05,-0.03350535994,-0.007644905392,0.04604177288,-0.04226669195,-0.03928819902,0.01985051784,0.003502455475,-0.01074383093,-0.0546201836,0.06633610087,0.03277394073,-0.05741066438,0.008978348908,0.005719328457,0.005719328457,0.002637795173,0.0001968480647,0.1073622042,0.1190285441,0.002202773738
3.2,0.3890901479,-0.02626261095,-0.06809244065,-0.009626320225,0.002637792114,0.999996521,0.0501757711,0.9987404027,0,0,1.587694897,1.647133151,-1.311759842,1.630394292,-0.1749068191,0.2133926647,0.3245741147,-1.496208868,1.546691592,1.320435727,1.819292141,-0.3460133309,-0.1838145707,-0.3269892302,-0.02668618646,-2.260559544e-05,-0.03478596339,-0.008077255397,0.04776884866,-0.04383693577,-0.04076936685,0.02071125073,0.003653954581,-0.01112634606,-0.05682851157,0.06885762228,0.03404992086,-0.05955371514,0.008978482495,0.005730232299,0.005730232299,0.002637795173,0.0001968480647,0.1073622042,0.1190627238,0.002202991883
3.21,0.3883966379,-0.02636084198,-0.07060693026,-0.01001931161,0.002637792114,0.999996521,0.0501757711,0.9987404027,0,0,1.587428036,1.647132925,-1.312107701,1.63031352,-0.1744291306,0.2129542954,0.324166421,-1.496001756,1.546728132,1.320324464,1.818723855,-0.3453247546,-0.1834740715,-0.3275847673,-0.02776121303,-2.338717506e-05,-0.03605879183,-0.008503216254,0.04948861039,-0.04539820228,-0.04224027412,0.02156423866,0.003804455298,-0.01150661644,-0.05901894899,0.07136329478,0.03531614056,-0.06168112793,0.008978621748,0.005741618942,0.005741618942,0.002637795173,0.0001968480647,0.1073622042,0.119113265,0.002203217938
3.22,0.3876780627,-0.0264629855,-0.07310541366,-0.01040879824,0.002637792114,0.999996521,0.0501757711,0.9987404027,0,0,1.587150423,1.647132691,-1.312468289,1.630228488,-0.1739342445,0.2125003134,0.3237440183,-1.495786114,1.546766176,1.320209398,1.818133666,-0.3446111217,-0.1831209101,-0.3282015786,-0.02882573277,-2.415894753e-05,-0.03732360013,-0.008922588319,0.05120081921,-0.04695021014,-0.04370060334,0.02240923801,0.003953925019,-0.01188457329,-0.06119093764,0.07385262168,0.03657229716,-0.06379242281,0.008978766615,0.005753485399,0.005753485399,0.002637795173,0.0001968480647,0.1073622042,0.1191819486,0.00220345181
3.23,0.3869345846,-0.02656900591,-0.07558740276,-0.01079467327,0.002637792114,0.999996521,0.0501757711,0.9987404027,0,0,1.586862166,1.64713245,-1.312841525,1.630139262,-0.1734222364,0.2120308112,0.3233070122,-1.495562021,1.546805716,1.320090552,1.817521757,-0.3438725955,-0.1827551871,-0.3288395028,-0.02987943462,-2.492064122e-05,-0.03858014741,-0.009335175764,0.05290523858,-0.04849268319,-0.04515004373,0.02324600945,0.004102331458,-0.01226014939,-0.06334393012,0.07632511543,0.03781809429,-0.06588713089,0.008978917042,0.005765828585,0.005765828585,0.002637795173,0.0001968480647,0.1073622042,0.1192706042,0.0022036934
3.24,0.3861663712,-0.02667886657,-0.07805241886,-0.01117683187,0.002637792114,0.999996521,0.0501757711,0.9987404027,0,0,1.586563372,1.647132201,-1.313227327,1.63004591,-0.172893184,0.2115458844,0.3228555118,-1.495329561,1.546846739,1.31996795,1.816888317,-0.3431093443,-0.1823770062,-0.3294983741,-0.0309220138,-2.56719934e-05,-0.03982819695,-0.009740786577,0.05460163426,-0.0500253505,-0.04658829127,0.02407431796,0.004249642641,-0.01263327916,-0.06547738989,0.07878029769,0.03905324188,-0.06796479438,0.008979072972,0.005778645315,0.005778645315,0.002637795173,0.0001968480647,0.1073622042,0.1193811072,0.002203942606
3.25,0.3853735944,-0.02679252981,-0.08049999257,-0.01155517125,0.002637792114,0.999996521,0.0501757711,0.9987404027,0,0,1.586254152,1.647131944,-1.313625609,1.629948502,-0.1723471676,0.2110456309,0.3223896289,-1.495088818,1.546889235,1.319841618,1.816233543,-0.3423215413,-0.1819864738,-0.3301780221,-0.03195317182,-2.641275072e-05,-0.04106751626,-0.01013923256,0.05628977421,-0.05154794632,-0.04801504873,0.02489393279,0.004395826895,-0.01300389864,-0.06759079125,0.08121769924,0.04027745617,-0.07002496666,0.008979234348,0.005791932309,0.005791932309,0.002637795173,0.0001968480647,0.1073622042,0.1195153768,0.002204199326
3.26,0.384556431,-0.02690995693,-0.08292966383,-0.0119295907,0.002637792114,0.999996521,0.0501757711,0.9987404027,0,0,1.58593462,1.64713168,-1.314036284,1.62984711,-0.1717842699,0.2105301514,0.3219094784,-1.494839879,1.546933194,1.319711579,1.815557636,-0.3415093643,-0.1815836992,-0.3308782718,-0.03318317246,-2.675787116e-05,-0.04211414636,-0.01053034028,0.05799848708,-0.05285289742,-0.04960466163,0.02585466185,0.004566259809,-0.01352493718,-0.06972844164,0.08352640384,0.04184278254,-0.07190398523,0.008979401111,0.005805686189,0.005805686189,0.002637795173,0.0001968480647,0.1073622042,0.119675373,0.002204463454
3.27,0.3837150623,-0.02703110823,-0.08534098197,-0.01229999151,0.002637792114,0.999996521,0.0501757711,0.9987404027,0,0,1.585602788,1.647131412,-1.314457425,1.629741806,-0.171204285,0.2100016225,0.3214134318,-1.494581332,1.546978856,1.319576329,1.814860351,-0.3406741003,-0.1811652714,-0.3315973116,-0.03468758039,-2.660679899e-05,-0.04290136972,-0.01091412462,0.05973746257,-0.05386492159,-0.05141990067,0.02701013972,0.004770177777,-0.01425129452,-0.07190602217,0.0856665146,0.04387583212,-0.07354281658,0.008979574299,0.00581996764,0.00581996764,0.002637795173,0.0001968480647,0.1073622042,0.119803153,0.002204731032
3.28,0.382849674,-0.02715594304,-0.08773350562,-0.01266627707,0.002637792114,0.999996521,0.0501757711,0.9987404027,0,0,1.585255912,1.647131146,-1.314886439,1.629632665,-0.1706069104,0.2094629733,0.3208992328,-1.494311231,1.547026558,1.319433816,1.814141291,-0.3398174352,-0.1807265131,-0.3323327398,-0.03570222954,-2.734139724e-05,-0.04409564355,-0.01129029942,0.06140125255,-0.05533601407,-0.0528268662,0.02781590098,0.004915332955,-0.014627921,-0.07396041274,0.08803819398,0.0450981444,-0.07553315793,0.008979755345,0.005834860797,0.005834860797,0.002637795173,0.0001968480647,0.1073622042,0.119803153,0.0022049971
3.29,0.3819604563,-0.02728441974,-0.09010680277,-0.01302835276,0.002637792114,0.999996521,0.0501757711,0.9987404027,0,0,1.58489889,1.647130873,-1.315327396,1.629519762,-0.1699928979,0.2089096131,0.3203709641,-1.494033072,1.547075711,1.319287537,1.813401687,-0.3389370532,-0.1802755316,-0.3330880714,-0.03670416784,-2.806988046e-05,-0.04528039664,-0.01165862032,0.06305578442,-0.05679613437,-0.05422110815,0.02861194956,0.00505923355,-0.01500166173,-0.07599272208,0.09039043669,0.04630818073,-0.0775044828,0.008979941694,0.005850216768,0.005850216768,0.002637795173,0.0001968480647,0.1073622042,0.119803153,0.002205270514
3.3,0.3810476035,-0.02741649576,-0.09246045075,-0.01338612605,0.002637792114,0.999996521,0.0501757711,0.9987404027,0,0,1.584531848,1.647130592,-1.315780199,1.629403176,-0.16936234,0.2083416518,0.319828753,-1.493746952,1.547126304,1.319137521,1.81264176,-0.3380331488,-0.1798124498,-0.3338631162,-0.03769787632,-2.904068102e-05,-0.04642188999,-0.01217369247,0.06470521458,-0.05810237331,-0.0556406628,0.02939633332,0.005200109146,-0.01538911199,-0.0781239423,0.0926820231,0.04761775703,-0.07949725976,0.008980133279,0.005866031802,0.005866031802,0.002637795173,0.0001968480647,0.1073622042,0.119803153,0.002205551213
3.31,0.3801113141,-0.02755212762,-0.09479403623,-0.01373950642,0.002637792114,0.999996521,0.0501757711,0.9987404027,0,0,1.58415487,1.647130302,-1.316244418,1.629281439,-0.1687152879,0.207760628,0.3192723464,-1.493452989,1.547178305,1.318983629,1.81186052,-0.3371063286,-0.1793362723,-0.3346580888,-0.03868131919,-3.017146595e-05,-0.04753125807,-0.01278386357,0.06634815558,-0.05930165805,-0.05707211534,0.03016941987,0.005338504961,-0.01578470729,-0.0803135924,0.09492594623,0.04898975785,-0.08149728783,0.008980330058,0.005882296318,0.005882296318,0.002637795173,0.0001968480647,0.1073622042,0.1196988978,0.00220584162
3.32,0.379151791,-0.02769127095,-0.09710715524,-0.01408840543,0.002637792114,0.999996521,0.0501757711,0.9987404027,0,0,1.583768056,1.64713,-1.316719731,1.6291536,-0.1680518063,0.2071676115,0.3187016252,-1.493151294,1.54723169,1.318825782,1.811057384,-0.3361570692,-0.1788463747,-0.3354730617,-0.03964353731,-3.089735525e-05,-0.04868436467,-0.01313745584,0.067974306,-0.06071793442,-0.0584284175,0.03093495896,0.005478344315,-0.01615055403,-0.08228517694,0.09721454122,0.05016920554,-0.08341152162,0.008980531979,0.005899002571,0.005899002571,0.002637795173,0.0001968480647,0.1073622042,0.1194206114,0.002206143335
3.33,0.3781692406,-0.0278338805,-0.09939941312,-0.01443273666,0.002637792114,0.999996521,0.0501757711,0.9987404027,0,0,1.583371621,1.647129691,-1.317206575,1.629022226,-0.1673720633,0.2065604321,0.3181173411,-1.492841945,1.547286473,1.318664277,1.810234532,-0.3351849237,-0.1783446826,-0.3363071769,-0.04059197602,-3.161640132e-05,-0.04982719497,-0.01348237249,0.06959034454,-0.06212244463,-0.05977088811,0.0316899642,0.005616810271,-0.01651327667,-0.08423276646,0.09948209604,0.05133530785,-0.08530518808,0.008980738931,0.005916155737,0.005916155737,0.002637795173,0.0001968480647,0.1073622042,0.1191353926,0.002206452308
3.34,0.3771638735,-0.02797991017,-0.1016704246,-0.01477241574,0.002637792114,0.999996521,0.0501757711,0.9987404027,0,0,1.582965701,1.647129375,-1.317704847,1.628887402,-0.1666761598,0.2059392077,0.3175196322,-1.492525045,1.547342641,1.318499144,1.809392205,-0.3341901028,-0.1778313295,-0.3371602288,-0.04152639044,-3.232848054e-05,-0.05095955694,-0.0138184572,0.0711960563,-0.06351497446,-0.0610992881,0.03243424076,0.00575387339,-0.01687282339,-0.08615593073,0.1017282263,0.05248783148,-0.08717794443,0.008980950842,0.005933751697,0.005933751697,0.002637795173,0.0001968480647,0.1073622042,0.1188433335,0.002206768472
3.35,0.3761359042,-0.02812931303,-0.1039198137,-0.01510736036,0.002637792114,0.999996521,0.0501757711,0.9987404027,0,0,1.582550437,1.647129051,-1.318214442,1.628749217,-0.1659641992,0.2053040579,0.3169086393,-1.492200703,1.54740018,1.318330416,1.808530645,-0.3331728205,-0.1773064512,-0.3380320082,-0.04244654213,-3.303347225e-05,-0.05208126262,-0.01414555749,0.07279122833,-0.0648953148,-0.06241338541,0.03316759815,0.005889504481,-0.01722914412,-0.08805425047,0.1039525566,0.05362654968,-0.08902945933,0.008981167641,0.005951786238,0.005951786238,0.002637795173,0.0001968480647,0.1073622042,0.1185445281,0.002207091757
3.36,0.3750855506,-0.02828204133,-0.1061472138,-0.01543749025,0.002637792114,0.999996521,0.0501757711,0.9987404027,0,0,1.582125972,1.647128721,-1.318735255,1.628607762,-0.165236287,0.2046551048,0.3162845055,-1.491869027,1.547459075,1.318158124,1.807650103,-0.332133295,-0.1767701857,-0.3389223028,-0.04335219912,-3.373125868e-05,-0.05319212809,-0.01446352482,0.07437564961,-0.06626326165,-0.06371295502,0.03388985019,0.00602367459,-0.01758219058,-0.08992731732,0.1061547207,0.05475124227,-0.09085941286,0.008981389252,0.005970255056,0.005970255056,0.002637795173,0.0001968480647,0.1073622042,0.1182390718,0.002207422092
3.37,0.3740130344,-0.02843804653,-0.1083522677,-0.01576272717,0.002637792114,0.999996521,0.0501757711,0.9987404027,0,0,1.58169245,1.647128384,-1.319267176,1.628463127,-0.1644925305,0.2039924722,0.3156473759,-1.491530128,1.547519312,1.317982302,1.80675083,-0.3310717477,-0.1762226733,-0.3398308969,-0.04424313587,-3.442172547e-05,-0.05429197352,-0.01477221449,0.07594911105,-0.06761861609,-0.06499777888,0.03460081505,0.006156355011,-0.01793191622,-0.09177473385,0.1083343611,0.05586169562,-0.09266749655,0.008981615602,0.005989153753,0.005989153753,0.002637795173,0.0001968480647,0.1073622042,0.1179270617,0.002207759404
3.38,0.3729185808,-0.02859727931,-0.1105346273,-0.01608299494,0.002637792114,0.999996521,0.0501757711,0.9987404027,0,0,1.581250019,1.64712804,-1.319810096,1.628315404,-0.1637330394,0.203316286,0.3149973981,-1.49118412,1.547580875,1.317802983,1.805833082,-0.3299884041,-0.1756640563,-0.3407575719,-0.04511913331,-3.510476076e-05,-0.05538062313,-0.01507148573,0.07751140548,-0.06896118432,-0.066267646,0.0353003152,0.006287517276,-0.01827827625,-0.09359611357,0.1104911296,0.05695770265,-0.09445341337,0.008981846613,0.006008477841,0.006008477841,0.002637795173,0.0001968480647,0.1073622042,0.1176085964,0.002208103621
3.39,0.3718024186,-0.02875968962,-0.1126939543,-0.01639821943,0.002637792114,0.999996521,0.0501757711,0.9987404027,0,0,1.580798827,1.647127688,-1.320363902,1.62816469,-0.1629579253,0.2026266742,0.3143347217,-1.490831117,1.547643751,1.317620201,1.804897121,-0.3288834928,-0.1750944793,-0.341702106,-0.04597997881,-3.578025622e-05,-0.05645790519,-0.01536120162,0.07906232768,-0.07029077764,-0.06752235236,0.03598817744,0.006417133162,-0.01862122765,-0.09539108093,0.1126246869,0.05803906284,-0.09621687772,0.008982082208,0.006028222738,0.006028222738,0.002637795173,0.0001968480647,0.1073622042,0.1172837761,0.002208454669
3.4,0.3706647796,-0.02892522665,-0.1148299192,-0.01670832854,0.002637792114,0.999996521,0.0501757711,0.9987404027,0,0,1.580339027,1.647127331,-1.320928481,1.628011078,-0.162167302,0.2019237664,0.3136594981,-1.490471235,1.547707922,1.317433988,1.80394321,-0.327757246,-0.1745140887,-0.3426642748,-0.04682546619,-3.644810629e-05,-0.05752365205,-0.01564122917,0.08060167438,-0.07160721245,-0.06876170097,0.0366642329,0.006545174689,-0.01896072914,-0.09715927128,0.1147347027,0.05910558223,-0.09795761544,0.00898232231,0.006048383772,0.006048383772,0.002637795173,0.0001968480647,0.1073622042,0.1169527024,0.002208812472
3.41,0.3695058992,-0.0290938389,-0.1169422022,-0.01701325223,0.002637792114,0.999996521,0.0501757711,0.9987404027,0,0,1.579870773,1.647126966,-1.321503718,1.627854665,-0.1613612853,0.2012076943,0.3129718811,-1.490104593,1.547773374,1.317244381,1.802971618,-0.3266098989,-0.1739230329,-0.343643851,-0.04765539572,-3.710820859e-05,-0.05857770012,-0.01591143924,0.08212924426,-0.07291031024,-0.06998550185,0.03732831706,0.006671614126,-0.0192967412,-0.09890033093,0.1168208557,0.0601570734,-0.09967536378,0.008982566837,0.00606895618,0.00606895618,0.002637795173,0.0001968480647,0.1073622042,0.1166154782,0.002209176953
3.42,0.3683260156,-0.02926547418,-0.1190304927,-0.01731292251,0.002637792114,0.999996521,0.0501757711,0.9987404027,0,0,1.579394219,1.647126595,-1.322089495,1.627695551,-0.1605399928,0.2004785912,0.3122720261,-1.48973131,1.54784009,1.317051414,1.801982614,-0.3254416904,-0.1733214621,-0.3446406046,-0.04846957412,-3.776046356e-05,-0.05961988989,-0.01617170661,0.08364483797,-0.07419989762,-0.07119357199,0.03798026968,0.006796423988,-0.01962922608,-0.1006139171,0.1188828336,0.06119335547,-0.1013698714,0.008982815709,0.006089935108,0.006089935108,0.002637795173,0.0001968480647,0.1073622042,0.116272208,0.002209548035
3.43,0.3671253703,-0.02944007962,-0.1210944896,-0.0176072734,0.002637792114,0.999996521,0.0501757711,0.9987404027,0,0,1.578909523,1.647126217,-1.322685693,1.627533834,-0.1597035445,0.1997365922,0.3115600904,-1.489351507,1.547908054,1.316855121,1.800976475,-0.3242528621,-0.1727095286,-0.3456543033,-0.04976859695,-3.762879721e-05,-0.06020680532,-0.01642963515,0.08522221475,-0.07497242725,-0.07280879813,0.03897784215,0.006978912706,-0.02032090363,-0.1024028546,0.1206536983,0.06304405435,-0.1026448565,0.008983068845,0.006111315611,0.006111315611,0.002637795173,0.0001968480647,0.1073622042,0.1159229974,0.002209925639
3.44,0.3659042077,-0.02961760171,-0.123133901,-0.01789624102,0.002637792114,0.999996521,0.0501757711,0.9987404027,0,0,1.578411837,1.647125841,-1.323287762,1.627369537,-0.1588513223,0.1989868679,0.3108320024,-1.488961729,1.547977843,1.316651912,1.799952447,-0.3230463251,-0.172079088,-0.3466807519,-0.05106065906,-3.738340977e-05,-0.06077290091,-0.01667788943,0.08678743146,-0.07572112071,-0.07441627964,0.03996897167,0.007161260167,-0.02101534283,-0.1041658266,0.1223957609,0.06489428482,-0.1038893017,0.008983328778,0.006133242596,0.006133242596,0.002637795173,0.0001968480647,0.1073622042,0.1157172112,0.002210301927
3.45,0.3646627752,-0.02979798629,-0.1251484442,-0.01817976349,0.002637792114,0.999996521,0.0501757711,0.9987404027,0,0,1.577901231,1.647125467,-1.323895491,1.627202759,-0.157983448,0.1982296567,0.3100878396,-1.488562039,1.548049456,1.316441759,1.798910788,-0.3218223675,-0.1714301452,-0.3477196449,-0.05184278814,-3.785957376e-05,-0.06176341191,-0.01690837451,0.08826674383,-0.07695171062,-0.07559072297,0.04059450059,0.007283583833,-0.02134846374,-0.1057987826,0.1243759244,0.06591080124,-0.1055003725,0.008983595471,0.006155715277,0.006155715277,0.002637795173,0.0001968480647,0.1073622042,0.1156960625,0.002210675761
3.46,0.3634013226,-0.02998117863,-0.1271378463,-0.018457781,0.002637792114,0.999996521,0.0501757711,0.9987404027,0,0,1.577382803,1.647125089,-1.324513125,1.627033675,-0.1571007806,0.1974601396,0.3093319324,-1.488156094,1.548122292,1.316228274,1.797852801,-0.3205786082,-0.1707710372,-0.3487746486,-0.05262637298,-3.692908945e-05,-0.0626388203,-0.01762613303,0.08975004204,-0.07771008243,-0.07686526561,0.04120752037,0.007400585843,-0.02173035317,-0.1078002394,0.1261998734,0.0672734531,-0.107212254,0.008983866263,0.006178581256,0.006178581256,0.002637795173,0.0001968480647,0.1073622042,0.1157273092,0.002211054357
3.47,0.3621201029,-0.03016712337,-0.1291018432,-0.01873023578,0.002637792114,0.999996521,0.0501757711,0.9987404027,0,0,1.576856539,1.647124719,-1.325139513,1.626857414,-0.1562032801,0.1966830388,0.3085632797,-1.487744019,1.548196297,1.316010971,1.796774798,-0.3193166095,-0.1700983026,-0.3498467711,-0.05337670856,-3.732489198e-05,-0.06359184833,-0.01789905981,0.09120619063,-0.07885347333,-0.07802006318,0.04180739237,0.007518703276,-0.02206256096,-0.1094267879,0.1281123359,0.06830451795,-0.1087904532,0.008984141161,0.006201824021,0.006201824021,0.002637795173,0.0005310947317,0.1073622042,0.1159791845,0.002211423648
3.48,0.3608193713,-0.03035576461,-0.1310401806,-0.01899707211,0.002637792114,0.999996521,0.0501757711,0.9987404027,0,0,1.576322772,1.647124346,-1.325775431,1.626678423,-0.1552912182,0.195894504,0.3077830791,-1.487325945,1.548271485,1.315790345,1.79568053,-0.3180354861,-0.1694152575,-0.3509346757,-0.05410794956,-3.787666651e-05,-0.06454395924,-0.01810510514,0.09264726101,-0.08003433577,-0.07914472164,0.04239405784,0.007635416048,-0.02238494119,-0.1109791608,0.130013885,0.06927818838,-0.1103301575,0.008984419993,0.006225447325,0.006225447325,0.002637795173,0.0009083771414,0.1073622042,0.1162036926,0.002211796897
3.49,0.3594993857,-0.0305470459,-0.1329526132,-0.01925823629,0.002637792114,0.999996521,0.0501757711,0.9987404027,0,0,1.575781692,1.647123967,-1.326420871,1.626497372,-0.1543647456,0.1950941607,0.3069916319,-1.486902004,1.548347839,1.315566496,1.794570739,-0.3167353473,-0.1687224756,-0.3520379773,-0.0548220197,-3.842088185e-05,-0.06548342134,-0.01830025511,0.09407493571,-0.08120093452,-0.0802523153,0.0429674179,0.007750307106,-0.02270339013,-0.1125018158,0.1318895261,0.07023510758,-0.1118452901,0.008984702658,0.00624944693,0.00624944693,0.002637795173,0.001290939643,0.1073622042,0.1163741566,0.002212175664
3.5,0.3581604062,-0.03074091026,-0.1348389053,-0.01951367671,0.002637792114,0.999996521,0.0501757711,0.9987404027,0,0,1.575233472,1.647123583,-1.327075705,1.626314369,-0.1534239963,0.1942821513,0.3061891087,-1.48647233,1.548425342,1.315339462,1.793445721,-0.315416452,-0.1680201245,-0.3531564302,-0.05551877547,-3.895747089e-05,-0.06641010999,-0.01848441417,0.09548903253,-0.08235314088,-0.0813427151,0.04352734603,0.007863350733,-0.02301788251,-0.1139944956,0.1337390202,0.07117514236,-0.1133356911,0.008984989069,0.006273817279,0.006273817279,0.002637795173,0.001678668274,0.1073622042,0.1164881148,0.002212559872
3.51,0.3568026954,-0.03093730019,-0.1366988303,-0.01976334377,0.002637792114,0.999996521,0.0501757711,0.9987404027,0,0,1.574678284,1.647123194,-1.327739806,1.626129525,-0.1524691059,0.1934586199,0.3053756816,-1.486037057,1.548503975,1.315109283,1.792305776,-0.3140790618,-0.1673083731,-0.3542897871,-0.05619807984,-3.948636893e-05,-0.06732390466,-0.0186574907,0.09688937165,-0.08349083123,-0.08241579895,0.04407372019,0.0079745215,-0.02332839484,-0.1154569538,0.1355621374,0.07209816615,-0.1148012114,0.008985279134,0.006298552727,0.006298552727,0.002637795173,0.002071448059,0.1073622042,0.1165431292,0.002212949447
3.52,0.3554265182,-0.03113615773,-0.1385321712,-0.02000718993,0.002637792114,0.999996521,0.0501757711,0.9987404027,0,0,1.574116304,1.647122799,-1.328413045,1.62594295,-0.1515002122,0.1926237116,0.3045515236,-1.485596319,1.54858372,1.314875999,1.791151206,-0.3127234404,-0.1665873914,-0.3554377992,-0.05685980231,-4.000751459e-05,-0.06822468886,-0.01881939704,0.09827577567,-0.08461388694,-0.08347145173,0.04460642277,0.008083794278,-0.0236349054,-0.1168889548,0.1373586566,0.07300405899,-0.1162417132,0.008985572763,0.006323647541,0.006323647541,0.002637795173,0.002469163053,0.1073622042,0.1165367887,0.002213344311
3.53,0.3540321413,-0.03133742444,-0.1403387202,-0.02024516969,0.002637792114,0.999996521,0.0501757711,0.9987404027,0,0,1.573547706,1.647122399,-1.329095292,1.625754756,-0.1505174545,0.1917775727,0.3037168091,-1.485150255,1.548664558,1.31463965,1.789982317,-0.3113498539,-0.1658573508,-0.3566002163,-0.05750381885,-4.052084868e-05,-0.06911235023,-0.0189700495,0.09964806972,-0.08572219448,-0.08450956528,0.04512534069,0.008191144242,-0.02393739423,-0.1182902739,0.1391283658,0.07389270748,-0.1176570694,0.008985869865,0.006349095901,0.006349095901,0.002637795173,0.002871696379,0.1073622042,0.1164667115,0.002213744386
3.54,0.3526198338,-0.03154104143,-0.1421182787,-0.0204772396,0.002637792114,0.999996521,0.0501757711,0.9987404027,0,0,1.572972667,1.647121994,-1.329786416,1.625565056,-0.1495209738,0.1909203508,0.3028717134,-1.484699002,1.54874647,1.314400276,1.788799414,-0.3099585702,-0.1651184238,-0.357776787,-0.05813001192,-4.102631495e-05,-0.06998678048,-0.01910936835,0.1010060815,-0.08681564533,-0.08553003835,0.04563036529,0.008296546883,-0.02423584313,-0.1196606975,0.1408710619,0.07476400481,-0.119047164,0.008986170347,0.006374891902,0.006374891902,0.002637795173,0.003278930272,0.1073622042,0.1163305479,0.002214149595
3.55,0.3511898664,-0.03174694939,-0.1438706579,-0.02070335826,0.002637792114,0.999996521,0.0501757711,0.9987404027,0,0,1.572391367,1.647121583,-1.330486283,1.625373962,-0.148510913,0.1900521943,0.302016413,-1.484242698,1.548829435,1.314157918,1.787602807,-0.3085498596,-0.1643707837,-0.3589672586,-0.05873827045,-4.152385986e-05,-0.07084787547,-0.01923727778,0.1023496413,-0.08789413605,-0.08653277661,0.04612139244,0.00839997802,-0.02453023564,-0.1210000228,0.1425865508,0.07561785072,-0.1204118917,0.008986474117,0.00640102955,0.00640102955,0.002637795173,0.003690746117,0.1073622042,0.1161259825,0.002214559858
3.56,0.3497425118,-0.03195508862,-0.1455956777,-0.02092348631,0.002637792114,0.999996521,0.0501757711,0.9987404027,0,0,1.571803985,1.647121168,-1.331194762,1.625181589,-0.1474874165,0.189173253,0.3011510853,-1.483781484,1.548913435,1.313912615,1.786392807,-0.3071239941,-0.1636146052,-0.3601713776,-0.05996685314,-4.147524428e-05,-0.07112387327,-0.01937487333,0.1037791327,-0.0883019945,-0.08806665203,0.04705582056,0.00857693819,-0.02528052995,-0.122434854,0.1439298098,0.07750221053,-0.1212359042,0.008986781082,0.00642750277,0.00642750277,0.002637795173,0.004107024492,0.1073622042,0.1158507366,0.002214975096
3.57,0.3482780446,-0.03216539902,-0.147293168,-0.02113758643,0.002637792114,0.999996521,0.0501757711,0.9987404027,0,0,1.571204316,1.647120753,-1.331906001,1.624987841,-0.1464496252,0.188290233,0.3002704187,-1.483310926,1.548999204,1.31365981,1.785168458,-0.305684696,-0.1628395831,-0.3613837366,-0.0611005208,-4.148322663e-05,-0.07145418717,-0.01949903674,0.1051800891,-0.0887722941,-0.08951743724,0.04792007269,0.008743470046,-0.02597085432,-0.1238233849,0.1452881221,0.07924296947,-0.1220968618,0.008987094484,0.006454497336,0.006454497336,0.002637795173,0.004332124868,0.1073622042,0.1154723591,0.002215389849
3.58,0.3467967407,-0.03237782014,-0.1489629675,-0.02134562335,0.002637792114,0.999996521,0.0501757711,0.9987404027,0,0,1.570593311,1.647120338,-1.332620543,1.62479285,-0.1453978243,0.1874025101,0.2993752444,-1.482831725,1.549086639,1.313400101,1.783930224,-0.3042318148,-0.1620471534,-0.3626047052,-0.06167877028,-4.185041642e-05,-0.07220620852,-0.01986986688,0.1064895173,-0.08953671768,-0.09053979645,0.04837965972,0.008842431818,-0.02628960262,-0.1252948092,0.1468425169,0.0802674659,-0.1234407829,0.008987413828,0.006481986299,0.006481986299,0.002637795173,0.004334164257,0.1073622042,0.1150475172,0.002215804681
3.59,0.345298878,-0.03259229117,-0.1506049246,-0.02154756386,0.002637792114,0.999996521,0.0501757711,0.9987404027,0,0,1.569976523,1.64711992,-1.333342605,1.624594152,-0.1443329291,0.1865071429,0.2984698464,-1.482347929,1.549175064,1.313137205,1.782677276,-0.3027633896,-0.1612444787,-0.3638391131,-0.06224194457,-4.204915731e-05,-0.07292618842,-0.02032369005,0.1077879835,-0.0901984679,-0.09156374005,0.04882606704,0.008939024521,-0.02661379328,-0.1268117904,0.1483438279,0.08134394207,-0.1247810995,0.008987736211,0.006509797068,0.006509797068,0.002637795173,0.00415748702,0.1073622042,0.1148031577,0.002216223185
3.6,0.3437847355,-0.03280875099,-0.1522188969,-0.02174337678,0.002637792114,0.999996521,0.0501757711,0.9987404027,0,0,1.569354104,1.647119499,-1.334071867,1.624390915,-0.1432550493,0.1856051582,0.297554209,-1.481859668,1.549264454,1.312871067,1.781409158,-0.3012799513,-0.1604310393,-0.365086924,-0.06277154976,-4.231048836e-05,-0.07370622156,-0.02039958675,0.109057677,-0.09118055077,-0.09248833235,0.04925411061,0.009034694857,-0.02689688864,-0.1280011254,0.149913568,0.08213524722,-0.1260083505,0.008988061555,0.006537922585,0.006537922585,0.002637795173,0.003870729542,0.1073622042,0.1148031577,0.002216643677
3.61,0.3422545938,-0.03302713818,-0.1538047513,-0.02193303298,0.002637792114,0.999996521,0.0501757711,0.9987404027,0,0,1.568726388,1.647119076,-1.334808929,1.624186919,-0.1421644725,0.1846933527,0.2966293257,-1.481367127,1.549354801,1.312602098,1.780129147,-0.2997808156,-0.1596096869,-0.3663470076,-0.06328243313,-4.25587436e-05,-0.07447261871,-0.02046350439,0.1103118796,-0.09214751859,-0.09339450914,0.04966743613,0.009128254922,-0.02717566159,-0.1291582041,0.1514553358,0.08290814045,-0.1272099559,0.008988389685,0.006566359325,0.006566359325,0.002637795173,0.00365697085,0.1073622042,0.1148031577,0.002217066782
3.62,0.3407087347,-0.03324739104,-0.1553623642,-0.02211650536,0.002637792114,0.999996521,0.0501757711,0.9987404027,0,0,1.568093564,1.647118651,-1.335553655,1.623982284,-0.1410613537,0.1837718775,0.2956953806,-1.480870453,1.549446083,1.312330342,1.778837565,-0.2982662623,-0.1587806054,-0.3676191071,-0.06377452815,-4.279401336e-05,-0.0752253061,-0.02051539411,0.1115504429,-0.09309930616,-0.09428222311,0.05006597109,0.009219682401,-0.02745010728,-0.1302828985,0.1529690002,0.08366256433,-0.1283858854,0.008988720504,0.006595100743,0.006595100743,0.002637795173,0.003518423446,0.1073622042,0.1148031577,0.002217492369
3.63,0.3391474411,-0.03346944759,-0.1568916212,-0.0222937689,0.002637792114,0.999996521,0.0501757711,0.9987404027,0,0,1.567455819,1.647118223,-1.336305908,1.62377713,-0.1399458493,0.1828408845,0.2947525584,-1.480369793,1.54953828,1.312055841,1.777534736,-0.2967365723,-0.1579439798,-0.368902966,-0.06424777473,-4.301639565e-05,-0.07596421414,-0.02055521109,0.1127732219,-0.09403585321,-0.09515143375,0.05044964764,0.009308955387,-0.02772022258,-0.131375091,0.1544544393,0.08439846798,-0.1295361183,0.008989053912,0.006624140212,0.006624140212,0.002637795173,0.003457248079,0.1073622042,0.1148031577,0.002217920309
3.64,0.3375709971,-0.03369324564,-0.1583924172,-0.0224648006,0.002637792114,0.999996521,0.0501757711,0.9987404027,0,0,1.566813341,1.647117793,-1.33706555,1.623571578,-0.1388181171,0.181900526,0.293801044,-1.479865296,1.54963137,1.311778639,1.776220985,-0.2951920279,-0.1570999951,-0.3701983271,-0.06470211929,-4.322599572e-05,-0.07668927741,-0.02058291448,0.1139800749,-0.09495710449,-0.09600210725,0.05081840258,0.009396052393,-0.02798600607,-0.1324346752,0.15591154,0.08511580704,-0.1306606445,0.008989389813,0.006653471024,0.006653471024,0.002637795173,0.00347555168,0.1073622042,0.1148031577,0.002218350473
3.65,0.3359796879,-0.03391872276,-0.1598646567,-0.02262957951,0.002637792114,0.999996521,0.0501757711,0.9987404027,0,0,1.56616632,1.64711736,-1.337832443,1.623365749,-0.1376783164,0.1809509549,0.2928410229,-1.479357112,1.54972533,1.311498779,1.774896638,-0.2936329125,-0.1562488371,-0.3715049336,-0.06513751467,-4.34229261e-05,-0.0774004347,-0.02059846746,0.1151708639,-0.09586300972,-0.09683421654,0.05117217741,0.00948095237,-0.02824745803,-0.1334615555,0.1573401984,0.08581454366,-0.1317594637,0.008989728108,0.006683086391,0.006683086391,0.002637795173,0.003575385354,0.1073622042,0.1148031577,0.002218782733
3.66,0.3343737994,-0.03414581633,-0.1613082532,-0.02278808672,0.002637792114,0.999996521,0.0501757711,0.9987404027,0,0,1.565514944,1.647116926,-1.338606448,1.623159764,-0.1365266077,0.1799923248,0.2918726808,-1.478845391,1.54982014,1.311216304,1.773562023,-0.2920595105,-0.1553906916,-0.3728225282,-0.06555392016,-4.360730648e-05,-0.07809762904,-0.02060183722,0.1163454542,-0.09675352362,-0.09764774119,0.0515109183,0.009563634719,-0.02850458041,-0.1344556471,0.1587403195,0.08649464649,-0.1328325856,0.008990068697,0.006712979448,0.006712979448,0.002637795173,0.003758742454,0.1073622042,0.1148031577,0.002219216962
3.67,0.3327536186,-0.03437446353,-0.1627231298,-0.02294030539,0.002637792114,0.999996521,0.0501757711,0.9987404027,0,0,1.564859405,1.64711649,-1.339387424,1.622953746,-0.1353631532,0.1790247896,0.2908962034,-1.478330281,1.549915776,1.310931258,1.772217466,-0.2904721073,-0.1545257452,-0.3741508541,-0.06634929956,-4.372597744e-05,-0.07841910826,-0.0206119857,0.1175699426,-0.09721126075,-0.09878949461,0.05212126991,0.009689686019,-0.02904396407,-0.1354928046,0.1598956042,0.08780243611,-0.133553953,0.008990411483,0.00674314325,0.00674314325,0.002637795173,0.00402755671,0.1073622042,0.1148031577,0.002219653035
3.68,0.3311194328,-0.03460460142,-0.1641092189,-0.0230862207,0.002637792114,0.999996521,0.0501757711,0.9987404027,0,0,1.564195912,1.647116053,-1.340171615,1.622747626,-0.1341874537,0.178052677,0.2899083084,-1.477809069,1.550012673,1.310640818,1.770862538,-0.2888731513,-0.1536477208,-0.3754863936,-0.06765898814,-4.389637487e-05,-0.07824034092,-0.0206359018,0.1188647823,-0.09709277318,-0.1003779361,0.05310007766,0.009875170813,-0.02996273869,-0.1365993825,0.160733579,0.08995799329,-0.1338129792,0.008990758445,0.006773686421,0.006773686421,0.002637795173,0.004406050033,0.1073622042,0.1148255073,0.002220090295
3.69,0.3294715303,-0.03483616689,-0.1654664621,-0.02322581989,0.002637792114,0.999996521,0.0501757711,0.9987404027,0,0,1.563519322,1.647115614,-1.340954018,1.622541267,-0.1329988059,0.1770817492,0.2889045291,-1.477278068,1.550111425,1.310341191,1.769496544,-0.2872658155,-0.1527481409,-0.3768245234,-0.06803832418,-4.451176248e-05,-0.07884265586,-0.02081088353,0.1199967687,-0.09773367821,-0.1011873508,0.05340498959,0.009952510522,-0.03023402581,-0.1376681049,0.161988997,0.09075164291,-0.1348476487,0.008991112276,0.006804758925,0.006804758925,0.002637795173,0.004869180879,0.1073622042,0.1148433558,0.002220529259
3.7,0.3278101999,-0.03506909673,-0.1667948106,-0.02335909223,0.002637792114,0.999996521,0.0501757711,0.9987404027,0,0,1.562838939,1.647115169,-1.341742445,1.622333158,-0.1317988382,0.1761044125,0.2878926556,-1.476744018,1.55021095,1.310038851,1.768119863,-0.2856459255,-0.1518406244,-0.3781729999,-0.06841135239,-4.533885363e-05,-0.07937520366,-0.02126068816,0.1211241127,-0.0980952392,-0.1020351462,0.05370161339,0.01002662951,-0.03052899561,-0.1389410133,0.1631394347,0.09173833366,-0.135920785,0.00899146811,0.006836085969,0.006836085969,0.002637795173,0.005196847022,0.1073622042,0.1148031577,0.002220974377
3.71,0.3261357306,-0.03530332762,-0.1680942246,-0.02348602906,0.002637792114,0.999996521,0.0501757711,0.9987404027,0,0,1.562154826,1.647114715,-1.342536197,1.622120551,-0.1305875971,0.1751234601,0.2868723041,-1.476207002,1.550311216,1.309733561,1.766730453,-0.2840145312,-0.1509232411,-0.3795322077,-0.06874187094,-4.546841206e-05,-0.07999148072,-0.02120700184,0.1222159439,-0.09889217314,-0.102764375,0.05397099747,0.01009998793,-0.03077172127,-0.1397766142,0.1643908596,0.09234512596,-0.1368576592,0.008991825914,0.006867658734,0.006867658734,0.002637795173,0.005196847022,0.1073622042,0.1148031577,0.002221427765
3.72,0.3244484119,-0.03553879617,-0.169364674,-0.02360662374,0.002637792114,0.999996521,0.0501757711,0.9987404027,0,0,1.561467407,1.647114261,-1.343336112,1.621908481,-0.1293654377,0.1741345383,0.2858446603,-1.475667292,1.550412216,1.309425844,1.765332687,-0.2823706226,-0.1499997898,-0.3809007843,-0.06905302703,-4.558597297e-05,-0.08059378954,-0.02114081774,0.1232907739,-0.09967393539,-0.1034747721,0.05422493117,0.0101710051,-0.0310099649,-0.1405789674,0.1656135759,0.09293272173,-0.137769235,0.008992185466,0.00689947279,0.00689947279,0.002637795173,0.005196847022,0.1073622042,0.1148031577,0.002221882449
3.73,0.3227485337,-0.03577543894,-0.1706061377,-0.0237208717,0.002637792114,0.999996521,0.0501757711,0.9987404027,0,0,1.560776877,1.647113805,-1.34414205,1.621697073,-0.1281325299,0.173137799,0.2848099126,-1.475125043,1.550513926,1.309115744,1.763926897,-0.2807144868,-0.1490704626,-0.3822784767,-0.06934482531,-4.56917e-05,-0.08118210354,-0.02106213092,0.1243484974,-0.1004405172,-0.1041663634,0.05446339457,0.01023966337,-0.03124374018,-0.1413480625,0.1668075511,0.09350113355,-0.1386555896,0.008992546665,0.006931520752,0.006931520752,0.002637795173,0.005196847022,0.1073622042,0.1148031577,0.002222338309
3.74,0.3210363858,-0.03601319244,-0.1718186043,-0.02382877039,0.002637792114,0.999996521,0.0501757711,0.9987404027,0,0,1.560083428,1.647113348,-1.344953871,1.621486451,-0.126889045,0.1721333938,0.283768249,-1.474580409,1.550616323,1.308803307,1.762513417,-0.2790464113,-0.1481354513,-0.3836650326,-0.06961727683,-4.578576249e-05,-0.08175640045,-0.02097094045,0.1253890137,-0.1011919149,-0.1048391814,0.05468637262,0.01030594563,-0.0314730624,-0.1420839002,0.1679727618,0.09405038047,-0.1395168092,0.00899290941,0.006963795164,0.006963795164,0.002637795173,0.005196847022,0.1073622042,0.1148031577,0.002222795226
3.75,0.3193122583,-0.03625199318,-0.1730020714,-0.02393031933,0.002637792114,0.999996521,0.0501757711,0.9987404027,0,0,1.559387256,1.64711289,-1.345771435,1.621276742,-0.1256351548,0.1711214747,0.2827198572,-1.474033545,1.550719382,1.308488576,1.761092578,-0.2773666837,-0.1471949475,-0.3850602007,-0.06987039902,-4.586833517e-05,-0.08231666232,-0.02086724946,0.1264122267,-0.1019281294,-0.1054932649,0.05489385515,0.01036983542,-0.03169794844,-0.1427864916,0.1691091938,0.09458048793,-0.1403529892,0.008993273599,0.006996288501,0.006996288501,0.002637795173,0.005196847022,0.1073622042,0.1148031577,0.002223253084
3.76,0.3175764411,-0.03649177767,-0.1741565462,-0.02402552007,0.002637792114,0.999996521,0.0501757711,0.9987404027,0,0,1.558688552,1.647112431,-1.346594601,1.62106807,-0.1243710326,0.1701021934,0.2816649245,-1.473484606,1.55082308,1.308171597,1.759664713,-0.2756755917,-0.1462491426,-0.3864637306,-0.0701042157,-4.593959817e-05,-0.08286287556,-0.02075106514,0.1274180447,-0.1026491668,-0.106128659,0.05508583688,0.01043131685,-0.03191841677,-0.143455859,0.1702168418,0.09509148775,-0.1411642338,0.008993639132,0.007028993172,0.007028993172,0.002637795173,0.005196847022,0.1073622042,0.1148031577,0.002223711767
3.77,0.315829224,-0.03673248243,-0.1752820451,-0.02411437622,0.002637792114,0.999996521,0.0501757711,0.9987404027,0,0,1.557987509,1.647111972,-1.34742323,1.620860559,-0.1230968521,0.1690757017,0.2806036379,-1.472933748,1.550927394,1.307852412,1.758230154,-0.2739734233,-0.1452982277,-0.3878753729,-0.070389871,-4.593928733e-05,-0.08332973911,-0.02062702789,0.1284189518,-0.1032789164,-0.1068083066,0.05529983421,0.01054864794,-0.03213397194,-0.1441049458,0.1712067443,0.09571288803,-0.1418330613,0.008994005908,0.007061901521,0.007061901521,0.002637795173,0.005196847022,0.1073622042,0.1148031577,0.002224171163
3.78,0.3140708967,-0.03697404406,-0.1763785939,-0.02419689341,0.002637792114,0.999996521,0.0501757711,0.9987404027,0,0,1.557283611,1.647111513,-1.348256527,1.620654289,-0.1218126626,0.1680429125,0.2795355549,-1.47238075,1.55103288,1.307531073,1.756789105,-0.2722613559,-0.1443410988,-0.3892937035,-0.07193535468,-4.484057976e-05,-0.08260685779,-0.02057404683,0.1296264902,-0.1025230284,-0.1086008258,0.05617287885,0.01171185453,-0.03233501686,-0.1449533904,0.1705684377,0.09864391684,-0.1403627797,0.008994374197,0.007095188575,0.007095188575,0.002637795173,0.005196847022,0.1073622042,0.1148031577,0.002224630556
3.79,0.3123017485,-0.0372163992,-0.1774462278,-0.02427307935,0.002637792114,0.999996521,0.0501757711,0.9987404027,0,0,1.556564257,1.647111064,-1.349082596,1.620448548,-0.1205163977,0.1670176822,0.2784495466,-1.471819021,1.551149999,1.307207722,1.755339571,-0.2705556715,-0.1433546597,-0.3906973313,-0.07211945095,-4.487185079e-05,-0.08310098995,-0.02042148971,0.1305773811,-0.1031874625,-0.1091880885,0.05632213082,0.01177295669,-0.03254064222,-0.145525335,0.1715811578,0.09911236862,-0.1410880059,0.008994750592,0.007132133676,0.007132133676,0.002637795173,0.005196847022,0.1073622042,0.1148031577,0.002225078962
3.8,0.3105220683,-0.03745948458,-0.1784849912,-0.02434294376,0.002637792114,0.999996521,0.0501757711,0.9987404027,0,0,1.555843063,1.647110615,-1.349913606,1.620244333,-0.1192106239,0.1659858076,0.2773576657,-1.4712558,1.551267728,1.306882316,1.753884318,-0.2688398599,-0.142363536,-0.3921082114,-0.07231590684,-4.519413153e-05,-0.08346512676,-0.02086650081,0.1315369153,-0.1032774198,-0.1098709773,0.05647740044,0.01183237278,-0.03279939859,-0.1465745048,0.1724039133,0.1000135243,-0.1419184906,0.00899512797,0.007169280066,0.007169280066,0.002637795173,0.005196847022,0.1073622042,0.1148031577,0.00222552768
3.81,0.3087321447,-0.03770323704,-0.1794949379,-0.02440649844,0.002637792114,0.999996521,0.0501757711,0.9987404027,0,0,1.555119904,1.647110164,-1.350748257,1.620035668,-0.1178952547,0.1649530334,0.276258956,-1.470691026,1.551386052,1.306554322,1.752418573,-0.2671158208,-0.1413634007,-0.3935273963,-0.07246683217,-4.548598951e-05,-0.08390956837,-0.0208114209,0.1324589781,-0.1037990384,-0.1104424882,0.056600059,0.01188834853,-0.03300820508,-0.1471847405,0.173326857,0.1005355716,-0.1426204888,0.008995506396,0.007206626105,0.007206626105,0.002637795173,0.005196847022,0.1073622042,0.1148031577,0.002225979621
3.82,0.3069322654,-0.03794759356,-0.1804761311,-0.02446375721,0.002637792114,0.999996521,0.0501757711,0.9987404027,0,0,1.554395235,1.647109709,-1.351587353,1.619827554,-0.1165706649,0.163915043,0.2751545311,-1.470125025,1.551504935,1.30622424,1.750946725,-0.2653825522,-0.140358045,-0.3949536012,-0.07259206326,-4.57303279e-05,-0.0843635034,-0.02062206005,0.133357992,-0.1044175846,-0.1109725242,0.05670286436,0.01194145218,-0.03320126638,-0.1476603025,0.1742537133,0.1009482267,-0.1432727986,0.008995885632,0.007244157911,0.007244157911,0.002637795173,0.005196847022,0.1073622042,0.1148031577,0.002226434481
3.83,0.3051227177,-0.03819249125,-0.1814286432,-0.02451473595,0.002637792114,0.999996521,0.0501757711,0.9987404027,0,0,1.553669315,1.647109251,-1.352430988,1.619621333,-0.115237085,0.1628708672,0.2740448058,-1.469557996,1.55162435,1.305892227,1.749470122,-0.2636400151,-0.1393485628,-0.3963863292,-0.0726980773,-4.596742822e-05,-0.08480366136,-0.02042015803,0.1342390412,-0.1050215312,-0.1114841052,0.05679013703,0.01199186643,-0.03339005131,-0.148102915,0.1751523606,0.1013416148,-0.1439014881,0.008996265542,0.00728186552,0.00728186552,0.002637795173,0.005196847022,0.1073622042,0.1148031577,0.002226891785
3.84,0.3033037879,-0.0384378674,-0.1823525562,-0.02455945257,0.002637792114,0.999996521,0.0501757711,0.9987404027,0,0,1.552942334,1.647108792,-1.353279025,1.619417132,-0.1138946946,0.1618206519,0.2729299648,-1.468990095,1.551744269,1.305558327,1.747989093,-0.2618884915,-0.1383351466,-0.397825344,-0.07278495033,-4.61973124e-05,-0.08523006384,-0.02020575551,0.1351020775,-0.1056109238,-0.1119773281,0.05686191209,0.01203958161,-0.03357459149,-0.1485126851,0.1760228651,0.1017158196,-0.1445067276,0.008996646027,0.007319740276,0.007319740276,0.002637795173,0.005196847022,0.1073622042,0.1148031577,0.002227351459
3.85,0.3014757616,-0.03868365949,-0.1832479613,-0.02459792706,0.002637792114,0.999996521,0.0501757711,0.9987404027,0,0,1.552214484,1.64710833,-1.354131325,1.619215074,-0.1125436738,0.1607645426,0.2718101915,-1.468421476,1.551864664,1.305222581,1.746503966,-0.2601282628,-0.1373179884,-0.3992704113,-0.07285276464,-4.642000466e-05,-0.08564273693,-0.01997889724,0.1359470587,-0.1061858125,-0.1124522955,0.05691822964,0.01208458893,-0.03375491998,-0.1488897311,0.1768653022,0.1020709311,-0.1450886953,0.008997026985,0.007357773478,0.007357773478,0.002637795173,0.005196847022,0.1073622042,0.1148031577,0.002227813432
3.86,0.2996389234,-0.03892980521,-0.1841149588,-0.0246301814,0.002637792114,0.999996521,0.0501757711,0.9987404027,0,0,1.551485957,1.647107866,-1.354987753,1.619015285,-0.1111842032,0.1597026845,0.2706856685,-1.467852294,1.55198551,1.304885032,1.745015069,-0.2583596098,-0.1362972791,-0.4007212983,-0.07290160884,-4.663553155e-05,-0.0860417112,-0.01973963207,0.1367739481,-0.1067462522,-0.1129091164,0.05695913487,0.01212688045,-0.03393107122,-0.1492341816,0.1776797563,0.1024070454,-0.1456475771,0.008997408318,0.007395956382,0.007395956382,0.002637795173,0.005196847022,0.1073622042,0.1148031577,0.002228277632
3.87,0.2977935567,-0.03917624247,-0.1849536588,-0.02465623968,0.002637792114,0.999996521,0.0501757711,0.9987404027,0,0,1.550756941,1.647107399,-1.35584817,1.618817889,-0.1098164638,0.158635222,0.2695565774,-1.467282702,1.552106779,1.304545721,1.743522727,-0.2565828122,-0.1352732086,-0.402177774,-0.07354436056,-4.644141953e-05,-0.08585666667,-0.01953816895,0.1376968454,-0.1066220328,-0.1138971076,0.05766472526,0.01136894139,-0.03543552042,-0.1496528084,0.1789965684,0.1034390407,-0.1466712008,0.008997789925,0.007434280203,0.007434280203,0.002637795173,0.005196847022,0.1073622042,0.1148031577,0.002228743987
3.88,0.2959399441,-0.03942290944,-0.1857641805,-0.02467612798,0.002637792114,0.999996521,0.0501757711,0.9987404027,0,0,1.550021497,1.647106935,-1.356706736,1.618622507,-0.1084394953,0.1575690017,0.2684176063,-1.466706055,1.552220468,1.304191366,1.742026199,-0.2547928466,-0.1342388182,-0.403644486,-0.07443168965,-4.589001477e-05,-0.08541128545,-0.01934685012,0.1386477874,-0.1061938807,-0.1151032148,0.05864531902,0.01026783747,-0.03750832175,-0.1500851334,0.1805154687,0.1047599884,-0.1478802826,0.008998174916,0.007469642009,0.007469642009,0.002637795173,0.005196847022,0.1073622042,0.1148031577,0.002229208402
3.89,0.2940783666,-0.03966974456,-0.1865466523,-0.02468987446,0.002637792114,0.999996521,0.0501757711,0.9987404027,0,0,1.54927718,1.647106476,-1.357560849,1.618429039,-0.1070530174,0.1565070629,0.2672665742,-1.466119602,1.552323147,1.303816283,1.740525348,-0.2529876919,-0.1331912184,-0.4051232889,-0.074430364,-4.582794437e-05,-0.08576140064,-0.01907246256,0.1394173202,-0.1067024205,-0.1155118175,0.05864435581,0.01029722272,-0.03768527457,-0.1503339999,0.1812547302,0.1050477093,-0.1483739708,0.00899856457,0.007498413461,0.007498413461,0.002637795173,0.005196847022,0.1073622042,0.1148031577,0.002229667302
3.9,0.2922091041,-0.03991668655,-0.1873012123,-0.02469750932,0.002637792114,0.999996521,0.0501757711,0.9987404027,0,0,1.548532877,1.647106018,-1.358418463,1.618238314,-0.1056588442,0.1554400387,0.266111456,-1.465533158,1.552426119,1.30343943,1.739022008,-0.2511751446,-0.1321407413,-0.4066070286,-0.07443849466,-4.526197919e-05,-0.08600857403,-0.0192797764,0.140192181,-0.106746178,-0.1159879481,0.05865271198,0.01032574051,-0.03790326751,-0.1509695428,0.1818352691,0.1056839519,-0.1489427158,0.008998954237,0.007527270562,0.007527270562,0.002637795173,0.005196847022,0.1073622042,0.1148031577,0.002230125581
3.91,0.2903324349,-0.04016367448,-0.1880280076,-0.02469906479,0.002637792114,0.999996521,0.0501757711,0.9987404027,0,0,1.547788492,1.647105565,-1.359278549,1.618045516,-0.1042569224,0.1543725769,0.2649515765,-1.464946631,1.552529376,1.303060397,1.737512312,-0.2493567919,-0.1310839017,-0.4080964557,-0.07441304918,-4.514245155e-05,-0.08628773335,-0.01923117823,0.1409384227,-0.1069975849,-0.116402643,0.05863395913,0.01035105598,-0.03809463503,-0.151368499,0.1824521946,0.1061218746,-0.1494398635,0.008999343965,0.00755619905,0.00755619905,0.002637795173,0.005404653503,0.1073622042,0.1148031577,0.002230578201
3.92,0.288448636,-0.0404106477,-0.1887271948,-0.02469457516,0.002637792114,0.999996521,0.0501757711,0.9987404027,0,0,1.547044361,1.647105114,-1.360141426,1.617853205,-0.1028475382,0.153302601,0.2637875501,-1.464360291,1.552632887,1.302679451,1.735998627,-0.2475322699,-0.130022683,-0.4095908544,-0.07435447414,-4.531135254e-05,-0.08659957449,-0.01891869812,0.1416546664,-0.107464878,-0.1167559057,0.05858738847,0.01037313402,-0.03825842086,-0.1515227232,0.1831083171,0.1063542977,-0.1498650319,0.008999733579,0.007585195212,0.007585195212,0.002637795173,0.005629573316,0.1073622042,0.1148031577,0.002231029625
3.93,0.2865579825,-0.04065754595,-0.1893989399,-0.02468407677,0.002637792114,0.999996521,0.0501757711,0.9987404027,0,0,1.546300816,1.64710466,-1.361007422,1.617664018,-0.1014309915,0.1522279522,0.262619991,-1.463774418,1.552736618,1.302296867,1.7344834,-0.2457011868,-0.12895914,-0.4110895047,-0.07427748833,-4.547381287e-05,-0.0868982928,-0.01859406687,0.1423526775,-0.1079186367,-0.117091712,0.05852560442,0.01039276355,-0.03841781572,-0.1516453682,0.1837371756,0.1065681885,-0.1502683972,0.009000122904,0.007614255388,0.007614255388,0.002637795173,0.005747286854,0.1073622042,0.1148031577,0.002231482739
3.94,0.2846607481,-0.04090430933,-0.1900434181,-0.02466760799,0.002637792114,0.999996521,0.0501757711,0.9987404027,0,0,1.545558041,1.647104206,-1.361876405,1.617478077,-0.1000074648,0.1511487659,0.2614490739,-1.463189162,1.552840546,1.301912688,1.732966946,-0.243863815,-0.1278934581,-0.4125921887,-0.07418223227,-4.56298749e-05,-0.08718395462,-0.01825736744,0.1430324724,-0.1083589527,-0.1174102203,0.05844869657,0.01040993993,-0.03857286772,-0.1517366486,0.184338928,0.1067636938,-0.1506502076,0.009000511845,0.007643372279,0.007643372279,0.002637795173,0.00575725228,0.1073622042,0.1148031577,0.002231937477
3.95,0.2827572044,-0.04115087834,-0.1906608141,-0.02464520924,0.002637792114,0.999996521,0.0501757711,0.9987404027,0,0,1.544816219,1.647103749,-1.362748244,1.617295503,-0.09857714003,0.1500651764,0.2602749717,-1.462604675,1.552944645,1.30152696,1.73144958,-0.2420204257,-0.1268258212,-0.4140986907,-0.0740688527,-4.577958312e-05,-0.08745663085,-0.01790868695,0.1436940749,-0.1087859227,-0.117711595,0.05835675979,0.01042465944,-0.03872362637,-0.1517967901,0.1849137416,0.1069409666,-0.1510107179,0.009000900304,0.007672538557,0.007672538557,0.002637795173,0.005659011234,0.1073622042,0.1148031577,0.002232393776
3.96,0.2808476214,-0.04139719389,-0.1912513218,-0.024616923,0.002637792114,0.999996521,0.0501757711,0.9987404027,0,0,1.544075531,1.647103292,-1.363622811,1.617116416,-0.09714019928,0.1489773171,0.2590978557,-1.462021107,1.553048892,1.301139723,1.729931612,-0.2401712883,-0.1257564115,-0.4156087979,-0.07419255596,-4.592298439e-05,-0.08747603035,-0.01757306851,0.1443878754,-0.1089146367,-0.1182278186,0.05838658774,0.01064490293,-0.03886533842,-0.1518684951,0.1851398749,0.1075559088,-0.1509227291,0.009001288188,0.007701746869,0.007701746869,0.002637795173,0.005452188527,0.1073622042,0.1148031577,0.002232851572
3.97,0.2789322669,-0.04164319733,-0.1918151445,-0.02458279378,0.002637792114,0.999996521,0.0501757711,0.9987404027,0,0,1.543333605,1.647102832,-1.364497571,1.616940686,-0.09569632053,0.1478881708,0.2579155775,-1.461437241,1.553155341,1.30075107,1.728412927,-0.2383198896,-0.1246808524,-0.4171180252,-0.07531680103,-4.606012767e-05,-0.08652153288,-0.01732573229,0.1452621708,-0.1078909671,-0.1196526625,0.05894676768,0.01169310216,-0.03898277623,-0.152079551,0.1840554423,0.1099720155,-0.1491085616,0.009001676736,0.00773166996,0.00773166996,0.002637795173,0.005196847022,0.1073622042,0.1148031577,0.002233310802
3.98,0.2770114068,-0.04188883045,-0.1923524949,-0.02454286814,0.002637792114,0.999996521,0.0501757711,0.9987404027,0,0,1.542580437,1.647102372,-1.365362786,1.616767428,-0.09424369882,0.1468092611,0.2567190509,-1.460847773,1.553272272,1.300361242,1.726892131,-0.2364793351,-0.1235811323,-0.4186091108,-0.07515416372,-4.619106406e-05,-0.086749471,-0.01694285472,0.1458660216,-0.1082716699,-0.1199072115,0.05881156937,0.01170384028,-0.03911933868,-0.1520492046,0.184547564,0.1101020398,-0.1494020344,0.00900207119,0.007765015402,0.007765015402,0.002637795173,0.005196847022,0.1073622042,0.1148031577,0.002233771403
3.99,0.2750853045,-0.04213403553,-0.1928635949,-0.02449719469,0.002637792114,0.999996521,0.0501757711,0.9987404027,0,0,1.541828895,1.64710191,-1.366230281,1.616598,-0.09278503861,0.1457265444,0.2555199788,-1.460259658,1.55338931,1.299970049,1.725371639,-0.2346338595,-0.1224801119,-0.4201031312,-0.07497384303,-4.631584696e-05,-0.08696494761,-0.01654836613,0.1464518,-0.1086396893,-0.1201451508,0.058661662,0.01171194724,-0.03925182177,-0.1519886946,0.1850137758,0.1102141323,-0.149675643,0.00900246481,0.007798390866,0.007798390866,0.002637795173,0.005196847022,0.1073622042,0.1148031577,0.002234233313
4,0.2731542216,-0.04237875535,-0.1933486759,-0.02444582408,0.002637792114,0.999996521,0.0501757711,0.9987404027,0,0,1.541079157,1.647101447,-1.367099931,1.616432516,-0.09132052061,0.1446401475,0.2543185273,-1.459673041,1.55350643,1.299577531,1.723851752,-0.2327837217,-0.1213779706,-0.4215998876,-0.07479928891,-4.616468705e-05,-0.08710370624,-0.01651411204,0.1470389849,-0.1086562688,-0.1204256029,0.0585205698,0.01172094316,-0.03941252326,-0.1522194862,0.1853554433,0.1105869954,-0.1499978424,0.009002857502,0.007831788366,0.007831788366,0.002637795173,0.005196847022,0.1073622042,0.1148031577,0.002234696472
4.01,0.271218417,-0.0426229332,-0.1938079785,-0.02438880901,0.002637792114,0.999996521,0.0501757711,0.9987404027,0,0,1.540331164,1.647100985,-1.367970968,1.616267375,-0.08985013076,0.1435535848,0.2531142713,-1.459087835,1.553623639,1.299183406,1.722329557,-0.2309301673,-0.1202721006,-0.423099866,-0.07460601151,-4.581821931e-05,-0.08723275346,-0.01646077382,0.1476091081,-0.1086668809,-0.1206873827,0.05836497337,0.01172724959,-0.03956866141,-0.1524150969,0.185673155,0.1109377345,-0.1502980235,0.009003249297,0.007865202655,0.007865202655,0.002637795173,0.005442713547,0.1073622042,0.1145572909,0.002235158119
4.02,0.2692781471,-0.0428665129,-0.1942417529,-0.02432620423,0.002637792114,0.999996521,0.0501757711,0.9987404027,0,0,1.539585104,1.647100527,-1.368843295,1.616102767,-0.08837403968,0.142466916,0.2519073974,-1.458504186,1.553740912,1.298787719,1.720805407,-0.2290734358,-0.1191627233,-0.4246028463,-0.07437232498,-4.566806959e-05,-0.08741357941,-0.01602910272,0.14814262,-0.1089996104,-0.1208745578,0.05817209085,0.01172746683,-0.03968908341,-0.1522646207,0.1860630463,0.1109965077,-0.150511459,0.009003640097,0.007898625764,0.007898625764,0.002637795173,0.005929873211,0.1073622042,0.1140701305,0.002235616301
4.03,0.2673336661,-0.04310943884,-0.1946502582,-0.02425806651,0.002637792114,0.999996521,0.0501757711,0.9987404027,0,0,1.538841381,1.64710007,-1.369717431,1.615942476,-0.08689261348,0.1413769199,0.2506986519,-1.457922465,1.553858187,1.298390828,1.71928276,-0.2272128053,-0.1180527582,-0.4261079608,-0.0741216996,-4.55124723e-05,-0.08758237502,-0.01558610962,0.1486583455,-0.1093203109,-0.1210459081,0.05796501266,0.01172507022,-0.039805648,-0.1520850162,0.1864279731,0.1110380105,-0.1507061681,0.009004029688,0.007932047027,0.007932047027,0.002637795173,0.006415725352,0.1073622042,0.1135842776,0.002236072982
4.04,0.2653852253,-0.04335165598,-0.1950337633,-0.02418445471,0.002637792114,0.999996521,0.0501757711,0.9987404027,0,0,1.538100164,1.647099615,-1.370593255,1.615786615,-0.08540603002,0.1402837168,0.2494881928,-1.457342815,1.553975437,1.297992772,1.71776191,-0.2253485256,-0.1169423781,-0.4276150225,-0.07385433993,-4.535167673e-05,-0.08773925155,-0.01513192089,0.1491563772,-0.1096291178,-0.1212016507,0.05774388311,0.01172006747,-0.03991841748,-0.1518766063,0.1867681841,0.1110624558,-0.1508824587,0.009004417982,0.007965458461,0.007965458461,0.002637795173,0.006900159897,0.1073622042,0.1130998423,0.002236528106
4.05,0.2634330733,-0.04359310989,-0.1953925461,-0.02410542969,0.002637792114,0.999996521,0.0501757711,0.9987404027,0,0,1.53736162,1.647099162,-1.371470647,1.615635296,-0.08391446625,0.1391874256,0.2482761763,-1.456765376,1.554092638,1.297593587,1.716243144,-0.2234808437,-0.1158317535,-0.4291238471,-0.07382517276,-4.520066861e-05,-0.08764131046,-0.01469583415,0.1496897392,-0.109635032,-0.1215763414,0.05769521828,0.011739435,-0.04020989181,-0.1516801097,0.1869437011,0.1114676192,-0.1508197656,0.009004804892,0.007998852098,0.007998852098,0.002637795173,0.007383067971,0.1073622042,0.1126169335,0.002236981623
4.06,0.2614774558,-0.04383374674,-0.1957268942,-0.02402105439,0.002637792114,0.999996521,0.0501757711,0.9987404027,0,0,1.536623369,1.64709871,-1.37234706,1.615488338,-0.08241756886,0.1380910753,0.2470604129,-1.456188424,1.554210032,1.297191488,1.714726343,-0.2216114067,-0.1147170773,-0.4306320448,-0.07481958235,-4.540394642e-05,-0.08653823072,-0.01436834048,0.1504192236,-0.1084395432,-0.1228923572,0.05839260539,0.01186675902,-0.04124205152,-0.1516208071,0.186523967,0.1134789783,-0.1498379188,0.009005191664,0.008032297011,0.008032297011,0.002637795173,0.007864341933,0.1073622042,0.1121848789,0.00223743363
4.07,0.2595186159,-0.04407351336,-0.1960371041,-0.02393139377,0.002637792114,0.999996521,0.0501757711,0.9987404027,0,0,1.535875173,1.647098255,-1.373212443,1.615344654,-0.08091337662,0.1370066799,0.2458314893,-1.455604498,1.5543287,1.296779068,1.713210135,-0.219746167,-0.1135822876,-0.432130424,-0.07450566659,-4.574108905e-05,-0.0866555106,-0.01388240273,0.1508610896,-0.1087087481,-0.1230044842,0.05813017617,0.01185501421,-0.04134474286,-0.1513291675,0.1867928157,0.1134568867,-0.1499594507,0.009005583661,0.008066101317,0.008066101317,0.002637795173,0.008343875426,0.1073622042,0.1120673946,0.002237887669
4.08,0.2575567932,-0.04431235722,-0.196323482,-0.02383651487,0.002637792114,0.999996521,0.0501757711,0.9987404027,0,0,1.535130116,1.647097798,-1.374078998,1.61520583,-0.07940476573,0.1359195924,0.2446014444,-1.455023196,1.55444725,1.296365621,1.711696843,-0.2178782389,-0.1124477187,-0.4336300185,-0.07417570774,-4.607194601e-05,-0.08676155181,-0.01338579192,0.1512856889,-0.1089668664,-0.1231017546,0.05785419725,0.01184068371,-0.04144376881,-0.1510100886,0.1870381327,0.1134183589,-0.1500640105,0.009005974029,0.008099867431,0.008099867431,0.002637795173,0.008821563409,0.1073622042,0.1120595663,0.00223834508
4.09,0.2555922246,-0.04455022649,-0.1965863432,-0.02373648673,0.002637792114,0.999996521,0.0501757711,0.9987404027,0,0,1.534388359,1.647097337,-1.374946613,1.615071972,-0.07789190884,0.1348299237,0.2433704269,-1.454444654,1.554565657,1.295951183,1.710186742,-0.2160078576,-0.1113135351,-0.4351306586,-0.07382994291,-4.639641342e-05,-0.08685648853,-0.012878655,0.1516931576,-0.1092140541,-0.1231844142,0.05756484311,0.01182378133,-0.04153919969,-0.1506639469,0.1872602116,0.1133636421,-0.1501519309,0.009006362683,0.008133587402,0.008133587402,0.002637795173,0.009297302203,0.1073622042,0.1121610277,0.0022388058
4.1,0.2536251436,-0.04478707003,-0.1968260126,-0.02363138047,0.002637792114,0.999996521,0.0501757711,0.9987404027,0,0,1.53365006,1.647096873,-1.375815178,1.614943186,-0.07637497726,0.1337377832,0.2421385828,-1.453869005,1.554683895,1.295535791,1.708680103,-0.2141352554,-0.1101798987,-0.4366321779,-0.07347337136,-4.669670954e-05,-0.08692892399,-0.01243034872,0.1520875395,-0.1093875044,-0.1232625951,0.05726755619,0.01180516547,-0.04163692413,-0.150352193,0.1874408924,0.1133452395,-0.1502352325,0.009006749539,0.008167253312,0.008167253312,0.002637795173,0.009770989532,0.1073622042,0.1123713383,0.002239269764
4.11,0.2516557805,-0.04502283742,-0.1970428243,-0.02352126925,0.002637792114,0.999996521,0.0501757711,0.9987404027,0,0,1.532915326,1.647096406,-1.376684467,1.614818882,-0.07485410187,0.1326439081,0.2409059568,-1.45329633,1.554801946,1.295119422,1.707176581,-0.2122608465,-0.1090464463,-0.4381345302,-0.07314028554,-4.656674666e-05,-0.08689605709,-0.01254362813,0.1524982042,-0.1090294902,-0.1234074417,0.05700135792,0.01179140289,-0.0417791926,-0.1505198432,0.1874459863,0.1137439127,-0.1503982412,0.009007134542,0.008200858462,0.008200858462,0.002637795173,0.0101968497,0.1073622042,0.1126825679,0.002239736731
4.12,0.2496843622,-0.04525747898,-0.1972371216,-0.02340622827,0.002637792114,0.999996521,0.0501757711,0.9987404027,0,0,1.532183923,1.647095941,-1.377553428,1.614693446,-0.07332911982,0.1315536132,0.2396718824,-1.452726316,1.55491986,1.29470163,1.705671383,-0.2103863866,-0.1079090072,-0.4396385126,-0.07274733398,-4.636890798e-05,-0.08696088822,-0.01200076594,0.1528565219,-0.1092483852,-0.123445495,0.05667371627,0.01176759306,-0.04186372051,-0.1500924934,0.1876008136,0.1136402416,-0.1504358627,0.009007517813,0.008234406248,0.008234406248,0.002637795173,0.0101968497,0.1073622042,0.1129164278,0.002240202398
4.13,0.247711112,-0.04549094581,-0.1974092574,-0.02328633477,0.002637792114,0.999996521,0.0501757711,0.9987404027,0,0,1.53145645,1.647095477,-1.378423037,1.614573438,-0.0718005546,0.1304611294,0.2384374274,-1.452159579,1.555037536,1.294282992,1.704170458,-0.2085103785,-0.1067726047,-0.4411428712,-0.07233958161,-4.616769795e-05,-0.08701521145,-0.01144787129,0.1531983185,-0.1094571461,-0.1234699641,0.05633343453,0.0117412734,-0.04194493522,-0.1496395603,0.1877337157,0.1135213166,-0.1504582124,0.009007899038,0.00826787896,0.00826787896,0.002637795173,0.0101968497,0.1073622042,0.1130465907,0.002240666087
4.14,0.2457362497,-0.04572318977,-0.1975595938,-0.02316166804,0.002637792114,0.999996521,0.0501757711,0.9987404027,0,0,1.530733054,1.647095015,-1.379293189,1.61445896,-0.07026857142,0.1293665579,0.2372027278,-1.451596245,1.555154949,1.293863543,1.702674062,-0.2066330414,-0.1056373916,-0.4426474534,-0.07237848903,-4.531539395e-05,-0.08661352627,-0.01094593811,0.1536243499,-0.1091172211,-0.1239098956,0.05632022467,0.01176001593,-0.04235317767,-0.1492312019,0.1875919946,0.1141000555,-0.1500614596,0.00900827814,0.008301268822,0.008301268822,0.002637795173,0.0101968497,0.1073622042,0.1130737503,0.002241127764
4.15,0.2437599915,-0.04595416353,-0.1976885023,-0.02303230943,0.002637792114,0.999996521,0.0501757711,0.9987404027,0,0,1.530009269,1.647094562,-1.380159324,1.6143495,-0.06873232792,0.1282753857,0.2359636288,-1.451033042,1.555272549,1.293440011,1.70118175,-0.2047571214,-0.104496391,-0.444148068,-0.07303599867,-4.373122307e-05,-0.08558835491,-0.01051864961,0.1541698221,-0.1080263798,-0.124925517,0.05675973733,0.0118419139,-0.04321132173,-0.1488943702,0.1870831372,0.1156424814,-0.1490954162,0.0090070995,0.008334703909,0.008334703909,0.002637795173,0.0101968497,0.1073622042,0.1128948268,0.002241580918
4.16,0.2417825498,-0.04618382059,-0.1977963637,-0.02289834232,0.002637792114,0.999996521,0.0501757711,0.9987404027,0,0,1.529278909,1.647094125,-1.381015208,1.614244314,-0.0671906297,0.1271951219,0.2347143737,-1.450465445,1.555390968,1.293007898,1.699692806,-0.20288629,-0.1033399662,-0.4456390221,-0.07258550214,-4.376685763e-05,-0.08560939785,-0.009938035446,0.1544594545,-0.1082028887,-0.1249114503,0.05638135861,0.01180876417,-0.04328286764,-0.1483681769,0.1871543674,0.1154802621,-0.1490739437,0.009005518766,0.008368364248,0.008368364248,0.002637795173,0.0101968497,0.1073622042,0.1124355118,0.002242018231
4.17,0.2398041331,-0.0464121153,-0.1978835682,-0.02275985214,0.002637792114,0.999996521,0.0501757711,0.9987404027,0,0,1.528553054,1.647093687,-1.381871302,1.614144933,-0.06564603516,0.126113093,0.2334652592,-1.449901632,1.555509056,1.292575069,1.698209125,-0.2010147464,-0.1021851636,-0.4471297616,-0.07212115728,-4.379816847e-05,-0.08562075978,-0.009348066752,0.154733327,-0.1083701932,-0.1248847728,0.05599107776,0.01177317337,-0.04335130244,-0.1478181616,0.1872051651,0.115303696,-0.1490387995,0.009003947862,0.008401920818,0.008401920818,0.002637795173,0.0101968497,0.1073622042,0.1119789214,0.002242455899
4.18,0.237824946,-0.04663900285,-0.1979505152,-0.02261692636,0.002637792114,0.999996521,0.0501757711,0.9987404027,0,0,1.527831842,1.647093249,-1.382727509,1.614051453,-0.06409870189,0.1250293911,0.2322164114,-1.449341721,1.555626788,1.292141556,1.696730943,-0.1991426947,-0.1010321266,-0.4486201496,-0.07164325922,-4.382524108e-05,-0.08562261439,-0.008748931172,0.1549916554,-0.1085284824,-0.1248457803,0.05558912201,0.01173516766,-0.04341670914,-0.147244799,0.187235908,0.1151130915,-0.1489903579,0.009002387086,0.008435366021,0.008435366021,0.002637795173,0.0101968497,0.1073622042,0.1115251454,0.002242893881
4.19,0.235845189,-0.04686443934,-0.1979976136,-0.02246965451,0.002637792114,0.999996521,0.0501757711,0.9987404027,0,0,1.52711541,1.647092811,-1.383583736,1.613963963,-0.06254878533,0.1239441063,0.2309679536,-1.44878583,1.555744139,1.291707389,1.695258495,-0.1972703356,-0.09988099571,-0.4501100531,-0.071152109,-4.384816279e-05,-0.08561514011,-0.008140820568,0.1552346643,-0.1086779493,-0.1247947733,0.05517572414,0.01169477466,-0.04347917174,-0.1466485751,0.1872469835,0.1149087629,-0.1489289971,0.00900083673,0.008468692327,0.008468692327,0.002637795173,0.0101968497,0.1073622042,0.1110742715,0.002243332133
4.2,0.2338650585,-0.04708838176,-0.1980252816,-0.02231812814,0.002637792114,0.999996521,0.0501757711,0.9987404027,0,0,1.526403889,1.647092373,-1.384439887,1.613882555,-0.06099643869,0.1228573268,0.2297200059,-1.448234072,1.555861087,1.291272598,1.693792009,-0.1953978658,-0.09873190808,-0.4515993431,-0.07064801359,-4.386702306e-05,-0.08559852014,-0.007523931023,0.1554625876,-0.1088187912,-0.1247320574,0.05475112252,0.01165202358,-0.04353877529,-0.1460299865,0.1872387888,0.1146910308,-0.1488551001,0.008999297079,0.008501892284,0.008501892284,0.002637795173,0.0101968497,0.1073622042,0.1106263858,0.002243770615
4.21,0.2318847467,-0.04731078803,-0.1980339468,-0.02216244089,0.002637792114,0.999996521,0.0501757711,0.9987404027,0,0,1.525697409,1.647091934,-1.385295872,1.613807316,-0.05944181281,0.1217691389,0.2284726853,-1.447686561,1.555977607,1.29083721,1.692331709,-0.1935254779,-0.09758499777,-0.4530878941,-0.07013839767,-4.400666109e-05,-0.08555773622,-0.006994529384,0.1556813079,-0.1088640442,-0.1246696701,0.05432407651,0.01160855149,-0.0436034194,-0.1454758488,0.1871859898,0.11453334,-0.1487837153,0.008997768412,0.008534958517,0.008534958517,0.002637795173,0.0101968497,0.1073622042,0.1101815723,0.002244209285
4.22,0.2299044414,-0.04753161702,-0.1980240459,-0.02200268839,0.002637792114,0.999996521,0.0501757711,0.9987404027,0,0,1.524996025,1.647091494,-1.386151449,1.613737371,-0.05788499973,0.1206804984,0.2272259886,-1.44714332,1.556093693,1.290401176,1.690876951,-0.191653618,-0.09643966437,-0.4545757313,-0.06965141748,-4.48935404e-05,-0.08543384823,-0.006929732621,0.1559137991,-0.1084712424,-0.1246527472,0.05392873662,0.0115709804,-0.04370406031,-0.1453265677,0.1869875511,0.1147240213,-0.1487719196,0.008996250837,0.008567886902,0.008567886902,0.002637795173,0.0101968497,0.1073622042,0.1098031476,0.002244649352
4.23,0.2279243262,-0.04775082857,-0.1979960252,-0.02183896836,0.002637792114,0.999996521,0.0501757711,0.9987404027,0,0,1.52429951,1.647091045,-1.387005788,1.613668073,-0.05632586174,0.119595786,0.2259794612,-1.446604033,1.556209403,1.289964135,1.689423685,-0.1897837425,-0.09529242416,-0.4560634505,-0.06985222909,-4.606095803e-05,-0.08466608893,-0.006391641835,0.1562666734,-0.1077066227,-0.1252484598,0.05402080856,0.01159658412,-0.04428789979,-0.1447455719,0.186520228,0.1156001482,-0.1480036707,0.008994743809,0.00860068676,0.00860068676,0.002637795173,0.0101968497,0.1073622042,0.1098031476,0.002245098287
4.24,0.2259445798,-0.0479683835,-0.1979503403,-0.02167138055,0.002637792114,0.999996521,0.0501757711,0.9987404027,0,0,1.523600988,1.647090584,-1.387852449,1.613604157,-0.05476319501,0.1185187198,0.2247269766,-1.446063825,1.556325368,1.289521256,1.687976229,-0.1879185402,-0.09413642268,-0.4575434872,-0.07010532517,-4.67848321e-05,-0.08382565399,-0.005855822025,0.1566177023,-0.106855861,-0.1258944969,0.05414938844,0.01162698918,-0.04491471237,-0.1441540611,0.186001885,0.1165626288,-0.147167554,0.008993232459,0.008633546624,0.008633546624,0.002637795173,0.0101968497,0.1073622042,0.1098031476,0.002245558897
4.25,0.2239653767,-0.04818424363,-0.1978874561,-0.02150002675,0.002637792114,0.999996521,0.0501757711,0.9987404027,0,0,1.522899935,1.647090116,-1.388690705,1.613545599,-0.05319701799,0.1174501611,0.2234680316,-1.445522331,1.556441638,1.289072109,1.686534689,-0.1860585214,-0.09297079639,-0.4590151627,-0.06953921303,-4.631366479e-05,-0.08376736143,-0.005192098483,0.1567712858,-0.1069606284,-0.1257749897,0.05367096315,0.01157394798,-0.04495957662,-0.1434282805,0.1859073819,0.11627828,-0.1470352338,0.008991715692,0.008666480032,0.008666480032,0.002637795173,0.0101968497,0.1073622042,0.1098031476,0.002246026745
4.26,0.2219868864,-0.04839837183,-0.1978078468,-0.02132501081,0.002637792114,0.999996521,0.0501757711,0.9987404027,0,0,1.522204543,1.647089653,-1.389528379,1.613493678,-0.05162930513,0.1163805549,0.2222102817,-1.444985621,1.556557378,1.288622513,1.685100406,-0.1841994476,-0.09180801359,-0.460485515,-0.06896199901,-4.584471947e-05,-0.08370126927,-0.004520741532,0.156911373,-0.1070583118,-0.125645598,0.05318278583,0.01151872668,-0.0450020231,-0.1426832029,0.1857962728,0.1159822931,-0.1468928748,0.008990211281,0.008699248065,0.008699248065,0.002637795173,0.0101968497,0.1073622042,0.1098031476,0.002246489882
4.27,0.2200092739,-0.04861073199,-0.197711996,-0.0211464386,0.002637792114,0.999996521,0.0501757711,0.9987404027,0,0,1.521514923,1.647089195,-1.390365392,1.61344847,-0.0500601914,0.1153099717,0.2209538257,-1.444453793,1.556672565,1.288172493,1.683673574,-0.1823414848,-0.09064819066,-0.4619544438,-0.06837403574,-4.537833018e-05,-0.08362759016,-0.003841980874,0.1570382644,-0.10714913,-0.1255066657,0.05268513754,0.01146136545,-0.04504214703,-0.1419194031,0.1856690202,0.1156750389,-0.1467408856,0.008988719463,0.008731843853,0.008731843853,0.002637795173,0.0101968497,0.1073622042,0.1098031476,0.002246948329
4.28,0.218032699,-0.0488212891,-0.1976003966,-0.02096441807,0.002637792114,0.999996521,0.0501757711,0.9987404027,0,0,1.520831182,1.647088741,-1.391201668,1.61341005,-0.04848980875,0.1142384804,0.2196987591,-1.443926942,1.556787179,1.287722071,1.68225438,-0.1804847946,-0.08949144027,-0.4634218526,-0.06777568173,-4.491482262e-05,-0.08354654146,-0.00315605047,0.1571522699,-0.1072333055,-0.1253585411,0.052178305,0.01140190615,-0.04508004456,-0.1411374668,0.1855260966,0.1153568944,-0.1465796786,0.008987240469,0.008764260643,0.008764260643,0.002637795173,0.0101968497,0.1073622042,0.1098031476,0.002247402112
4.29,0.2160573168,-0.04903000923,-0.1974735509,-0.02077905919,0.002637792114,0.999996521,0.0501757711,0.9987404027,0,0,1.520153426,1.647088292,-1.392037133,1.61337849,-0.04691828606,0.1131661474,0.2184451737,-1.443405159,1.556901198,1.287271271,1.680843005,-0.1786295337,-0.08833787132,-0.4648876494,-0.06716730132,-4.445451391e-05,-0.08345834531,-0.002463188546,0.157253709,-0.1073110648,-0.1252015773,0.0516625806,0.01134039232,-0.0451158128,-0.1403379905,0.1853679845,0.1150282427,-0.1464096698,0.00898577452,0.0087964918,0.0087964918,0.002637795173,0.0101968497,0.1073622042,0.1098031476,0.00224785126
4.3,0.2140832771,-0.04923685953,-0.1973319706,-0.02059047399,0.002637792114,0.999996521,0.0501757711,0.9987404027,0,0,1.519481753,1.647087847,-1.392871716,1.613353858,-0.04534574897,0.1120930367,0.2171931579,-1.442888533,1.557014602,1.286820113,1.679439625,-0.1767758538,-0.0871875889,-0.4663517461,-0.06654926475,-4.399771258e-05,-0.08336322861,-0.001763637586,0.1573429106,-0.1073826381,-0.125036132,0.05113826241,0.01127686916,-0.04514954977,-0.1395215816,0.1851951763,0.114689473,-0.1462312787,0.008984321832,0.008828530822,0.008828530822,0.002637795173,0.0101968497,0.1073622042,0.1098031476,0.002248295806
4.31,0.2121107248,-0.04944180833,-0.1971761765,-0.02039877653,0.002637792114,0.999996521,0.0501757711,0.9987404027,0,0,1.51881626,1.647087407,-1.393705349,1.613336222,-0.04377231986,0.1110192104,0.2159427966,-1.442377151,1.55712737,1.286368617,1.67804441,-0.174923902,-0.08604069417,-0.4678140589,-0.06592194804,-4.354471828e-05,-0.08326142303,-0.001057644331,0.1574202133,-0.1074482596,-0.1248625676,0.05060565417,0.01121138361,-0.04518135443,-0.1386888584,0.1850081743,0.1143409806,-0.1460449286,0.008982882609,0.008860371337,0.008860371337,0.002637795173,0.0101968497,0.1073622042,0.1098031476,0.002248735783
4.32,0.2101397992,-0.04964482508,-0.1970066991,-0.02020408293,0.002637792114,0.999996521,0.0501757711,0.9987404027,0,0,1.51815704,1.647086972,-1.394537963,1.613325645,-0.04219811773,0.1099447278,0.2146941709,-1.441871094,1.557239484,1.285916804,1.676657521,-0.1730738203,-0.08489728436,-0.4692745082,-0.06627385531,-4.466897989e-05,-0.08217337763,-0.000508950594,0.1577192409,-0.1063040475,-0.1256119513,0.05058878214,0.01194836037,-0.04514057561,-0.1379721926,0.1835510075,0.1156114563,-0.1441290956,0.00898145705,0.008892007113,0.008892007113,0.002637795173,0.0101968497,0.1073622042,0.1098031476,0.00224917123
4.33,0.2081706346,-0.0498458804,-0.1968240778,-0.02000651136,0.002637792114,0.999996521,0.0501757711,0.9987404027,0,0,1.517494302,1.647086525,-1.395359697,1.613320556,-0.04062092532,0.1088816873,0.2134380514,-1.441365206,1.557358968,1.285465398,1.675277799,-0.1712383102,-0.0837411698,-0.4707157992,-0.0661833126,-4.575302972e-05,-0.0814978127,-1.874123292e-05,0.1579081287,-0.1055707328,-0.1259492371,0.0503422488,0.01232439432,-0.04513915303,-0.1373068524,0.182610503,0.1162452297,-0.1430003237,0.00898002391,0.008926055623,0.008926055623,0.002637795173,0.0101968497,0.1073622042,0.1098031476,0.00224961792
4.34,0.2062033596,-0.05004494611,-0.1966288618,-0.01980618201,0.002637792114,0.999996521,0.0501757711,0.9987404027,0,0,1.516832469,1.647086068,-1.396174675,1.613320368,-0.03904184403,0.10782598,0.212178559,-1.440861784,1.557482212,1.285014007,1.673904731,-0.1694122052,-0.0825787175,-0.4721458024,-0.0655641628,-4.61398193e-05,-0.08130899351,0.0002417191215,0.1579787006,-0.105201598,-0.1257988944,0.04983337289,0.01226152651,-0.04519968842,-0.1368546733,0.1822631768,0.1162226625,-0.1428583836,0.00897859274,0.008961336251,0.008961336251,0.002637795173,0.01028674191,0.1073622042,0.1098031476,0.00225007545
4.35,0.2042380975,-0.05024199525,-0.1964216093,-0.01960321715,0.002637792114,0.999996521,0.0501757711,0.9987404027,0,0,1.516176827,1.647085606,-1.396987765,1.613322785,-0.03746205702,0.106773964,0.2109205701,-1.44036345,1.557604827,1.28456201,1.672536184,-0.1675895734,-0.08141649088,-0.4735743862,-0.06490062753,-4.589956621e-05,-0.08118480318,0.0009776440008,0.1580086337,-0.105252196,-0.1255919816,0.04926881916,0.01218721791,-0.04522338665,-0.1359584193,0.1820300618,0.115831616,-0.1426464856,0.008977174992,0.008996410846,0.008977174992,0.002637795173,0.0106808401,0.1073622042,0.1098031476,0.002250536848
4.36,0.2022749657,-0.05043700208,-0.1962028881,-0.01939774107,0.002637792114,0.999996521,0.0501757711,0.9987404027,0,0,1.515527821,1.647085147,-1.397799613,1.613332562,-0.03588197069,0.105721442,0.2096646502,-1.439870762,1.557726699,1.284109776,1.6711766,-0.1657692728,-0.08025817472,-0.4750008511,-0.06422970163,-4.566050422e-05,-0.08105526275,0.001718799075,0.1580285249,-0.1052982669,-0.1253787828,0.04869753289,0.01211113488,-0.04524568008,-0.1350490033,0.1817855156,0.1154327178,-0.1424289393,0.00897577167,0.009031251756,0.00897577167,0.002637795173,0.01107085369,0.1073622042,0.1098031476,0.002250995844
4.37,0.200314076,-0.05062994212,-0.195973275,-0.01918988011,0.002637792114,0.999996521,0.0501757711,0.9987404027,0,0,1.514885524,1.647084691,-1.398610165,1.61334975,-0.03430168544,0.1046684594,0.2084108624,-1.439383787,1.557847811,1.283657319,1.66982611,-0.1639514177,-0.07910384754,-0.4764251405,-0.06355180114,-4.542282768e-05,-0.08092062776,0.002464907377,0.1580387726,-0.1053400593,-0.1251596931,0.04811985484,0.01203333848,-0.04526667332,-0.1341271128,0.1815300935,0.1150264103,-0.1422061812,0.008974382931,0.009065853302,0.008974382931,0.002637795173,0.01145673369,0.1073622042,0.1098031476,0.002251452449
4.38,0.1983555345,-0.05082079216,-0.1957333566,-0.01897976267,0.002637792114,0.999996521,0.0501757711,0.9987404027,0,0,1.514250006,1.647084236,-1.399419372,1.613374399,-0.03272129771,0.1036150588,0.2071592655,-1.438902588,1.557968144,1.283204652,1.668484838,-0.1621361167,-0.07795358343,-0.4778472023,-0.06286734791,-4.51867272e-05,-0.08078115843,0.00321568762,0.158039785,-0.1053778253,-0.1249351123,0.04753613153,0.01195389156,-0.04528647181,-0.133193446,0.1812643603,0.1146131419,-0.1419786511,0.008973008921,0.009100209989,0.008973008921,0.002637795173,0.01183843369,0.1073622042,0.1098031476,0.002251906677
4.39,0.1963994413,-0.05100953029,-0.1954837285,-0.01876751919,0.002637792114,0.999996521,0.0501757711,0.9987404027,0,0,1.513621332,1.647083785,-1.400227183,1.613406556,-0.03114089986,0.1025612805,0.2059099144,-1.438427227,1.558087683,1.282751788,1.667152904,-0.1603234731,-0.07680745201,-0.4792669888,-0.06217676963,-4.495238966e-05,-0.08063711973,0.003970854199,0.1580319798,-0.1054118207,-0.1247054447,0.04694671518,0.0118728588,-0.04530518185,-0.1322487121,0.1809888913,0.1141933673,-0.1417467918,0.008971649781,0.009134316518,0.008971649781,0.002637795173,0.01221590986,0.1073622042,0.1098031476,0.002252358544
4.4,0.1944458903,-0.0511961359,-0.1952249957,-0.01855328213,0.002637792114,0.999996521,0.0501757711,0.9987404027,0,0,1.512999565,1.647083335,-1.401033555,1.613446264,-0.02956058006,0.1015071623,0.2046628599,-1.43795776,1.558206411,1.282298736,1.665830417,-0.1585135842,-0.07566551834,-0.4806844567,-0.06148049984,-4.471999828e-05,-0.08048878131,0.004730117193,0.1580157847,-0.1054423049,-0.1244710991,0.04635196374,0.01179030669,-0.04532291055,-0.1312936313,0.1807042713,0.1137675471,-0.1415110496,0.008970305639,0.009168167784,0.008970305639,0.002637795173,0.01258912101,0.1073622042,0.1098031476,0.002252808068
4.41,0.1924949696,-0.05138058973,-0.1949577727,-0.01833718603,0.002637792114,0.999996521,0.0501757711,0.9987404027,0,0,1.51238476,1.647082888,-1.401838442,1.613493566,-0.02798042222,0.1004527393,0.2034181489,-1.43749424,1.558324315,1.281845507,1.664517481,-0.1567065415,-0.07452784287,-0.4820995672,-0.06189113563,-4.473583426e-05,-0.07921946496,0.005291496184,0.1582673217,-0.104082361,-0.1252912447,0.04138165972,0.02903710339,-0.02692013858,-0.1304691685,0.1622288007,0.117897294,-0.1197670136,0.008968976617,0.00920175889,0.008968976617,0.002637795173,0.0129580286,0.1073622042,0.1098031476,0.002253255268
4.42,0.1905467611,-0.05156287388,-0.1946826831,-0.01811936747,0.002637792114,0.999996521,0.0501757711,0.9987404027,0,0,1.511765848,1.647082441,-1.402630637,1.613546481,-0.026397749,0.09941191564,0.2021652365,-1.437080423,1.558614686,1.281576305,1.663212789,-0.1550842535,-0.07334886993,-0.4832972374,-0.06157514099,-4.492746193e-05,-0.07866950365,0.005986355746,0.1583297155,-0.103617895,-0.125420272,0.03924992167,0.03502594473,-0.02045555152,-0.129545046,0.1555362287,0.1190570034,-0.1119894477,0.008967638826,0.009292442825,0.008967638826,0.002637795173,0.01347718411,0.1073622042,0.1095453378,0.002253702627
4.43,0.1886013401,-0.0517429718,-0.19440036,-0.01789996505,0.002637792114,0.999996521,0.0501757711,0.9987404027,0,0,1.511150097,1.647081991,-1.403417332,1.613606344,-0.02481445184,0.09837573669,0.2009110337,-1.436687924,1.558964945,1.28137175,1.661917338,-0.1535288912,-0.0721582999,-0.4844171318,-0.06086168521,-4.507740106e-05,-0.07851064422,0.006755585722,0.1582872684,-0.1036407936,-0.1251716313,0.03865962926,0.03488662722,-0.02049889425,-0.1285632654,0.1552617804,0.1185993038,-0.1118120634,0.008966307923,0.009402946819,0.008966307923,0.002637795173,0.01397643442,0.1073622042,0.109127071,0.002254151901
4.44,0.1866587758,-0.05192086837,-0.1941114459,-0.01767911945,0.002637792114,0.999996521,0.0501757711,0.9987404027,0,0,1.51054148,1.64708154,-1.404202438,1.6136739,-0.02323157916,0.09733932875,0.1996593174,-1.436301328,1.559313811,1.281166761,1.660631706,-0.1519762734,-0.07097230686,-0.4855352525,-0.06014429376,-4.522205395e-05,-0.07834869126,0.007527737829,0.1582382949,-0.1036613451,-0.1249199606,0.03806547929,0.03474570419,-0.02054267618,-0.1275741184,0.1549814559,0.1181374237,-0.1116330294,0.008964992478,0.009512987294,0.008964992478,0.002637795173,0.01439213908,0.1073622042,0.1086304797,0.002254602675
4.45,0.184719131,-0.05209654986,-0.1938165925,-0.01745697338,0.002637792114,0.999996521,0.0501757711,0.9987404027,0,0,1.509940037,1.647081088,-1.404985925,1.613749177,-0.02164919621,0.0963027153,0.1984101178,-1.435920673,1.559661268,1.280961334,1.659355965,-0.1504264588,-0.06979093262,-0.4866515828,-0.05942343445,-4.536153402e-05,-0.0781839332,0.008302499775,0.158183273,-0.1036798208,-0.1246656959,0.03746783712,0.03460333283,-0.02058692571,-0.1265783808,0.1546958076,0.1176718766,-0.1114527063,0.008963692573,0.009622559049,0.008963692573,0.002637795173,0.01472592395,0.1073622042,0.1080572351,0.002255054896
4.46,0.1827824616,-0.05227000399,-0.193516461,-0.01723367159,0.002637792114,0.999996521,0.0501757711,0.9987404027,0,0,1.509345803,1.647080635,-1.405767765,1.613832202,-0.02006736348,0.0952659171,0.1971634609,-1.435545995,1.560007302,1.280755465,1.658090181,-0.1488795008,-0.06861421385,-0.4877661098,-0.05869958092,-4.549596262e-05,-0.07801666307,0.00907955491,0.1581226907,-0.1036964959,-0.124409278,0.03686707388,0.03445967272,-0.0206316706,-0.1255768391,0.1544053968,0.1172031824,-0.1112714566,0.008962408281,0.00973165739,0.008962408281,0.002637795173,0.01497942927,0.1073622042,0.1074090181,0.002255508511
4.47,0.1808488171,-0.05244121993,-0.1932117216,-0.01700936088,0.002637792114,0.999996521,0.0501757711,0.9987404027,0,0,1.508758807,1.64708018,-1.406547931,1.613922998,-0.01848613657,0.09422895214,0.1959193681,-1.435177324,1.560351898,1.280549148,1.656834412,-0.1473354468,-0.06744218203,-0.4888788244,-0.05800079852,-4.523206449e-05,-0.07780185781,0.009524149124,0.1580814156,-0.1034088829,-0.1241796773,0.03630415309,0.03432329255,-0.02070110721,-0.1248863265,0.1540201751,0.116992949,-0.1111282686,0.008961139664,0.009840278138,0.008961139664,0.002637795173,0.01515430724,0.1073622042,0.1066875169,0.002255963471
4.48,0.1789182403,-0.05261018834,-0.1929030543,-0.01678419009,0.002637792114,0.999996521,0.0501757711,0.9987404027,0,0,1.508178799,1.647079727,-1.40732595,1.614018239,-0.01690532242,0.09319486331,0.1946775713,-1.434814282,1.560695131,1.280342137,1.655585549,-0.145795245,-0.06627225254,-0.4899901071,-0.05728626041,-4.500915982e-05,-0.07760794141,0.01013413982,0.1580244878,-0.1032677645,-0.123933887,0.0357195418,0.03418185576,-0.02075932185,-0.1240385763,0.1536753807,0.1166538945,-0.1109650561,0.00895988621,0.00994843848,0.00895988621,0.002637795173,0.01519684866,0.1073622042,0.1060040586,0.002256415791
4.49,0.1769907668,-0.05277690136,-0.1925911482,-0.01655831014,0.002637792114,0.999996521,0.0501757711,0.9987404027,0,0,1.507605936,1.647079277,-1.408102029,1.614119581,-0.01532507754,0.09216218566,0.1934382324,-1.434457087,1.56103695,1.280134544,1.654345163,-0.1442584912,-0.0651057136,-0.4910997576,-0.05655541297,-4.496449355e-05,-0.0774367337,0.01092403252,0.1579506632,-0.1032872717,-0.1236718819,0.03511138505,0.03403513829,-0.02080521664,-0.1230190024,0.1533758882,0.1161740777,-0.1107812254,0.008958648252,0.01005612513,0.008958648252,0.002637795173,0.01519684866,0.1073622042,0.1054292635,0.002256865883
4.5,0.1750664258,-0.05294135268,-0.1922767018,-0.01633187394,0.002637792114,0.999996521,0.0501757711,0.9987404027,0,0,1.507040382,1.647078828,-1.408876397,1.614228821,-0.01374557091,0.09112931295,0.1922015136,-1.434105973,1.561377301,1.279926492,1.653114973,-0.1427247324,-0.06394397282,-0.4922075699,-0.05689086182,-4.491935797e-05,-0.07618037741,0.01150378589,0.1581492191,-0.1019484913,-0.1244304599,0.02327592422,0.07367458743,0.02316777744,-0.1221221904,0.1121425988,0.1229310801,-0.06229027424,0.008957426125,0.01016332439,0.008957426125,0.002637795173,0.01519684866,0.1073622042,0.1049289893,0.002257315528
4.51,0.1731452389,-0.05310353751,-0.1919604228,-0.01610503649,0.002637792114,0.999996521,0.0501757711,0.9987404027,0,0,1.506471474,1.647078378,-1.4096382,1.614343859,-0.01216407872,0.09010982803,0.190957209,-1.433873214,1.562114047,1.280158169,1.651893751,-0.1416033064,-0.06271466202,-0.4928304726,-0.05656569353,-4.487390592e-05,-0.07559186613,0.01221418407,0.1581719517,-0.1014471851,-0.1245580205,0.0183947572,0.08869388812,0.03995560282,-0.1211463309,0.09619289988,0.1252026111,-0.04369550893,0.008956196851,0.01040176448,0.008956196851,0.002637795173,0.01599197684,0.1073622042,0.1043096105,0.002257764722
4.52,0.171227221,-0.0532634526,-0.1916430284,-0.01587795481,0.002637792114,0.999996521,0.0501757711,0.9987404027,0,0,1.505905817,1.64707793,-1.410394119,1.614466001,-0.0105823592,0.08909535618,0.1897116288,-1.433689266,1.563000986,1.280557725,1.650682288,-0.1406413774,-0.06146263591,-0.4932674277,-0.05583016024,-4.482829241e-05,-0.07541917029,0.0130059546,0.1580858597,-0.1014675074,-0.1242937298,0.01783038273,0.0884147028,0.03982447276,-0.1201214275,0.09597450653,0.1246903882,-0.0436769961,0.008954974665,0.01068996115,0.008954974665,0.002637795173,0.01709091964,0.1073622042,0.1035669105,0.002258213461
4.53,0.1693123796,-0.05342109632,-0.1913252452,-0.01565078798,0.002637792114,0.999996521,0.0501757711,0.9987404027,0,0,1.505347515,1.647077481,-1.411148311,1.61459606,-0.009001500604,0.08808068111,0.1884686915,-1.433510962,1.563885133,1.28095597,1.649481074,-0.1396816323,-0.06021573202,-0.4937041977,-0.05509513618,-4.478267419e-05,-0.07524614696,0.01379766806,0.157997939,-0.1014880731,-0.1240305343,0.01726511131,0.08813637661,0.03969224334,-0.1190965062,0.09575570563,0.1241791678,-0.04365894251,0.008953768408,0.01097726706,0.008953768408,0.002637795173,0.01818804245,0.1073622042,0.1027565202,0.002258661743
4.54,0.167400715,-0.05357646861,-0.1910078089,-0.01542369713,0.002637792114,0.999996521,0.0501757711,0.9987404027,0,0,1.504796564,1.647077034,-1.411900772,1.614734037,-0.007421521214,0.08706580038,0.1872283862,-1.433338311,1.564766497,1.281352893,1.648290109,-0.1387240752,-0.05897394035,-0.4941407871,-0.05436114789,-4.473721018e-05,-0.07507311966,0.01458896695,0.1579087574,-0.1015091734,-0.1237689166,0.01669930309,0.08785929658,0.03955912845,-0.118072447,0.09553690794,0.1236695606,-0.04364147843,0.008952578067,0.01126368461,0.008952578067,0.002637795173,0.01928334513,0.1073622042,0.1018801072,0.00225910957
4.55,0.1654922198,-0.05372957106,-0.1906914648,-0.01519684542,0.002637792114,0.999996521,0.0501757711,0.9987404027,0,0,1.504252952,1.647076586,-1.412651503,1.614879927,-0.005842433639,0.08605070864,0.185990697,-1.433171318,1.56564509,1.281748484,1.647109384,-0.1377687062,-0.05773724474,-0.4945772019,-0.05362872782,-4.46920613e-05,-0.07490041643,0.01537948939,0.1578188922,-0.1015311026,-0.1235093635,0.01613332405,0.08758385342,0.03942534621,-0.117050141,0.09531852997,0.1231621833,-0.04362473512,0.008951403616,0.01154921742,0.008951403616,0.002637795173,0.02037683181,0.1073622042,0.1009393291,0.002259556942
4.56,0.1635868795,-0.05388040687,-0.1903769673,-0.01497039806,0.002637792114,0.999996521,0.0501757711,0.9987404027,0,0,1.503716665,1.647076139,-1.413400508,1.615033722,-0.004264244717,0.08503539762,0.1847556034,-1.433009985,1.566520928,1.282142737,1.645938883,-0.1368155209,-0.05650562291,-0.4950134492,-0.05289841432,-4.464739045e-05,-0.07472836983,0.01616886908,0.1577289305,-0.1015541588,-0.1232523664,0.01556754596,0.08731044144,0.039291119,-0.1160304904,0.09510099396,0.1226576592,-0.04360884482,0.008950245019,0.01183387043,0.008950245019,0.002637795173,0.02146851089,0.1073622042,0.09993583152,0.002260003863
4.57,0.1616846718,-0.05402898092,-0.1900650805,-0.01474452231,0.002637792114,0.999996521,0.0501757711,0.9987404027,0,0,1.503187681,1.647075693,-1.414147791,1.61519541,-0.002686955412,0.08401985603,0.1835230797,-1.43285431,1.567394033,1.282535649,1.644778578,-0.1358645109,-0.05527904632,-0.4954495377,-0.05217075165,-4.460336251e-05,-0.07455731697,0.01695673528,0.157639469,-0.1015786429,-0.1229984214,0.01500234637,0.08703945866,0.03915667344,-0.1150144083,0.0948847279,0.1221566177,-0.04359394077,0.008949102229,0.01211764987,0.008949102229,0.002637795173,0.02255839516,0.1073622042,0.09887124512,0.002260450337
4.58,0.1597855666,-0.05417529978,-0.1897565774,-0.01451938748,0.002637792114,0.999996521,0.0501757711,0.9987404027,0,0,1.502665973,1.647075247,-1.414893365,1.615364978,-0.001110560722,0.0830040696,0.1822930955,-1.432704286,1.568264427,1.282927215,1.643628434,-0.1349156636,-0.05405748014,-0.4958854771,-0.05144628995,-4.456014442e-05,-0.07438759949,0.01774271287,0.1575511144,-0.1016048595,-0.1227480289,0.01443810864,0.08677130671,0.03902224037,-0.1140028192,0.09467016551,0.1216596944,-0.04358015718,0.008947975184,0.01240056329,0.008947975184,0.002637795173,0.02364650176,0.1073622042,0.09774718356,0.00226089637
4.59,0.1578895263,-0.05431937171,-0.1894522406,-0.01429516492,0.002637792114,0.999996521,0.0501757711,0.9987404027,0,0,1.50215151,1.647074801,-1.415637241,1.615542405,0.0004649504221,0.081988021,0.1810656152,-1.432559905,1.56913214,1.283317438,1.642488406,-0.133968962,-0.0528408832,-0.4963212787,-0.05155362813,-4.583814051e-05,-0.0733678011,0.01834817774,0.157685837,-0.1005578283,-0.1232954353,0.01442122543,0.08644556441,0.03851411571,-0.1130866002,0.09456023115,0.1211237502,-0.04281765095,0.008946863815,0.01268261954,0.008946863815,0.002637795173,0.02473285234,0.1073622042,0.09656524081,0.002261341972
4.6,0.1559965053,-0.0544612067,-0.1891528621,-0.01407202802,0.002637792114,0.999996521,0.0501757711,0.9987404027,0,0,1.501635974,1.647074343,-1.416370919,1.615725887,0.002041808792,0.08098244272,0.1798326609,-1.432415693,1.569996596,1.283702579,1.64135754,-0.1330233597,-0.05162964569,-0.4967494552,-0.05145392971,-4.689388777e-05,-0.07256642098,0.01899589544,0.157764608,-0.09978665741,-0.1236445344,0.01426679708,0.0861390981,0.03810210048,-0.112154038,0.09442712294,0.1206049859,-0.04224823232,0.008945750105,0.01296361785,0.008945750105,0.002637795173,0.02581747307,0.1073622042,0.09550354599,0.002261800353
4.61,0.1541064499,-0.05460081648,-0.1888592431,-0.01385015222,0.002637792114,0.999996521,0.0501757711,0.9987404027,0,0,1.501121435,1.647073874,-1.417096583,1.615915845,0.003619454872,0.07998457615,0.1785962155,-1.432273025,1.570857987,1.2840836,1.640235999,-0.1320790884,-0.05042359584,-0.4971719375,-0.05074006996,-4.699160523e-05,-0.07240396003,0.01977368496,0.1576804398,-0.09982180933,-0.1234052436,0.01370633913,0.08588218926,0.03797041696,-0.1111616255,0.09422053253,0.1201251606,-0.0422410944,0.008944638532,0.01324362349,0.008944638532,0.002637795173,0.02690039465,0.1073622042,0.09461373766,0.002262269292
4.62,0.1522192985,-0.05473821454,-0.1885721941,-0.01362971501,0.002637792114,0.999996521,0.0501757711,0.9987404027,0,0,1.500614034,1.647073404,-1.417820622,1.616113582,0.00519625927,0.07898635805,0.1773621631,-1.432135961,1.571716809,1.284463304,1.639124383,-0.1311368831,-0.04922234423,-0.4975943484,-0.05003172793,-4.708719328e-05,-0.07224422109,0.02054804824,0.1575999757,-0.09985990189,-0.123171616,0.01314846954,0.08562974682,0.03783968019,-0.1101775127,0.09401743215,0.1196520364,-0.04223556338,0.008943542391,0.01352280705,0.008943542391,0.002637795173,0.02798165235,0.1073622042,0.09378851395,0.002262739208
4.63,0.1503349814,-0.05487341617,-0.1882925351,-0.01341089593,0.002637792114,0.999996521,0.0501757711,0.9987404027,0,0,1.500113717,1.647072933,-1.418543065,1.616319063,0.006772259027,0.07798775903,0.1761304469,-1.432004477,1.572573106,1.284841701,1.638022608,-0.1301967088,-0.04802582387,-0.4980167041,-0.04933117881,-4.718124957e-05,-0.0720851195,0.02129905956,0.1575253898,-0.09988361806,-0.1229453237,0.01259626022,0.08538265121,0.03770885003,-0.1092216371,0.09381306768,0.1192018252,-0.04223370806,0.008942461561,0.01380118278,0.008942461561,0.002637795173,0.02906128616,0.1073622042,0.09302626305,0.00226321008
4.64,0.1484534204,-0.05500643846,-0.1880210954,-0.01319387655,0.002637792114,0.999996521,0.0501757711,0.9987404027,0,0,1.499620405,1.647072461,-1.419263916,1.616532053,0.008347512925,0.07698892285,0.1749009937,-1.431878514,1.573426933,1.285218789,1.636930392,-0.1292585781,-0.04683380561,-0.4984390412,-0.04866799906,-4.713918416e-05,-0.07188520329,0.02168843485,0.1574839879,-0.09958800529,-0.1227462164,0.01209620981,0.0851491692,0.03755584037,-0.1086237726,0.09351762891,0.1190448108,-0.04226880162,0.008941395873,0.01407876743,0.008941395873,0.002637795173,0.03013934079,0.1073622042,0.09232553897,0.002263681893
4.65,0.1465745293,-0.05513730031,-0.1877587136,-0.0129788405,0.002637792114,0.999996521,0.0501757711,0.9987404027,0,0,1.499133725,1.64707199,-1.419982768,1.616748938,0.009922352804,0.0759930428,0.1736735315,-1.431757552,1.574278425,1.285594348,1.635844154,-0.1283234018,-0.04564335751,-0.4988617292,-0.04797866044,-4.696583296e-05,-0.07173752722,0.02245738953,0.1574187375,-0.09964297117,-0.1225314839,0.01154787685,0.08491224081,0.03742988496,-0.1076648465,0.09332975044,0.1185911995,-0.04226752819,0.008940344528,0.01435559737,0.008940344528,0.002637795173,0.03121586574,0.1073622042,0.09162835903,0.002264153285
4.66,0.1446982131,-0.0552660225,-0.1875062377,-0.01276597344,0.002637792114,0.999996521,0.0501757711,0.9987404027,0,0,1.498653938,1.64707152,-1.420700143,1.616973512,0.01149654018,0.07499661309,0.1724482167,-1.431642073,1.575127547,1.285968647,1.634767505,-0.1273901043,-0.04445744551,-0.4992844045,-0.04729723913,-4.679841115e-05,-0.0715939957,0.02322120606,0.1573598607,-0.09970207657,-0.1223245863,0.01100383889,0.08468148766,0.03730589419,-0.1067182582,0.09314722611,0.1181470352,-0.04226842817,0.008939308098,0.01463166925,0.008939308098,0.002637795173,0.03229091531,0.1073622042,0.09087868132,0.002264622943
4.67,0.1428243687,-0.05539262764,-0.1872645249,-0.0125554631,0.002637792114,0.999996521,0.0501757711,0.9987404027,0,0,1.498180966,1.647071052,-1.421416083,1.617205724,0.01307013879,0.07399959232,0.1712249708,-1.431532035,1.575974362,1.286341705,1.633700323,-0.1264586321,-0.04327597516,-0.4997070887,-0.04662434515,-4.663704536e-05,-0.07145498351,0.02397946247,0.1573080526,-0.09976564169,-0.1221260706,0.01046453656,0.08445734392,0.03718413379,-0.1057850385,0.09297054096,0.1177130148,-0.04227163916,0.00893828641,0.01490700298,0.00893828641,0.002637795173,0.03336454873,0.1073622042,0.09007792874,0.002265090927
4.68,0.1409528839,-0.05551714025,-0.1870344419,-0.01234749924,0.002637792114,0.999996521,0.0501757711,0.9987404027,0,0,1.497714723,1.647070586,-1.422130633,1.617445518,0.01464321931,0.07300193591,0.1700037101,-1.431427389,1.576818935,1.286713547,1.632642472,-0.1255289267,-0.04209884501,-0.5001298051,-0.04637273636,-4.657670132e-05,-0.07089230431,0.02463617365,0.1573790269,-0.0992874611,-0.1223337005,0.01019909095,0.08420957283,0.03688397275,-0.1049071982,0.0928561139,0.117263279,-0.04190353133,0.008937279276,0.01518161986,0.008937279276,0.002637795173,0.03443683014,0.1073622042,0.08922748859,0.002265557297
4.69,0.1390836381,-0.05563958675,-0.1868168646,-0.01214227365,0.002637792114,0.999996521,0.0501757711,0.9987404027,0,0,1.497250995,1.64707012,-1.422839556,1.61769188,0.01621700958,0.0720090613,0.1687803731,-1.431325399,1.577661031,1.287082387,1.6315934,-0.1246003655,-0.04092621222,-0.5005488404,-0.04672432468,-4.673851306e-05,-0.06971711077,0.02514861878,0.157622731,-0.09802682039,-0.1231224348,0.01032610943,0.08392519631,0.03632639411,-0.104103978,0.09282934085,0.1167872656,-0.04099999955,0.008936277621,0.01545543605,0.008936277621,0.002637795173,0.03550782865,0.1073622042,0.08825277947,0.002266023064
4.7,0.1372165019,-0.05575999549,-0.1866126785,-0.01193998021,0.002637792114,0.999996521,0.0501757711,0.9987404027,0,0,1.496783752,1.647069653,-1.423536727,1.617943366,0.01779323689,0.07102879309,0.1675491488,-1.431222137,1.578500283,1.287445651,1.630552361,-0.1236720721,-0.03975833956,-0.5009588404,-0.04607911527,-4.671606852e-05,-0.06959454303,0.02588760407,0.1575938854,-0.09810689355,-0.1229503488,0.009802620173,0.0837237543,0.03621409987,-0.1032172541,0.09267337428,0.1163886537,-0.04101269711,0.008935268442,0.01572832212,0.008935268442,0.002637795173,0.0365776184,0.1073622042,0.08711226771,0.00226649045
4.71,0.1353513369,-0.05587839678,-0.1864227782,-0.01174081479,0.002637792114,0.999996521,0.0501757711,0.9987404027,0,0,1.496322961,1.647069186,-1.424232672,1.618202242,0.01936917575,0.07004772416,0.1663196453,-1.431124111,1.579337521,1.287807792,1.629520188,-0.1227453384,-0.03859445303,-0.5013689674,-0.04544504796,-4.669698734e-05,-0.06947794724,0.02661928011,0.1575750722,-0.0981926118,-0.1227890026,0.009285763732,0.08353068348,0.03610507917,-0.1023481395,0.09252524823,0.1160030138,-0.04102815436,0.008934273209,0.0160005643,0.008934273209,0.002637795173,0.03764627875,0.1073622042,0.08602724275,0.00226695761
4.72,0.1334879957,-0.05599482288,-0.1862480677,-0.01154497536,0.002637792114,0.999996521,0.0501757711,0.9987404027,0,0,1.49586851,1.647068719,-1.424927452,1.618468435,0.02094492647,0.06906579804,0.1650917552,-1.431031254,1.580172827,1.288168842,1.628496707,-0.1218200859,-0.03743442289,-0.501779249,-0.04482276937,-4.668147691e-05,-0.06936771243,0.0273432006,0.1575670353,-0.09828430128,-0.122638972,0.008776014394,0.0833464359,0.03599961616,-0.1014977221,0.09238547783,0.1156310748,-0.04104650754,0.00893329168,0.01627218972,0.00893329168,0.002637795173,0.03871389412,0.1073622042,0.0849962277,0.00226742458
4.73,0.1316263219,-0.05610930804,-0.1860894603,-0.0113526619,0.002637792114,0.999996521,0.0501757711,0.9987404027,0,0,1.495420283,1.647068252,-1.425621129,1.618741867,0.02252059682,0.06808295503,0.1638653655,-1.430943494,1.581006292,1.288528838,1.627481729,-0.1208962311,-0.03627811214,-0.502189714,-0.04421293211,-4.666974673e-05,-0.06926423196,0.02805891473,0.1575705278,-0.09838229113,-0.1225008377,0.008273852352,0.08317146721,0.03589799919,-0.1006671008,0.09225458398,0.1152735722,-0.04106789379,0.008932323599,0.01654322702,0.008932323599,0.002637795173,0.03978055418,0.1073622042,0.08401777745,0.002267891395
4.74,0.1297661498,-0.05622188854,-0.1859478788,-0.01116407644,0.002637792114,0.999996521,0.0501757711,0.9987404027,0,0,1.494978153,1.647067785,-1.426313771,1.619022456,0.0240963021,0.06709913211,0.1626403571,-1.430860755,1.581838006,1.288887818,1.626475058,-0.1199736853,-0.03512537642,-0.502600393,-0.04361619483,-4.666200843e-05,-0.06916790351,0.02876596715,0.1575863126,-0.0984869135,-0.1223751848,0.007779763705,0.08300623673,0.03580052085,-0.09985738606,0.09213309339,0.1149312477,-0.04109245111,0.008931368695,0.01681370632,0.008931368695,0.002637795173,0.04084635382,0.1073622042,0.08309048092,0.002268358092
4.75,0.1279073045,-0.05633260268,-0.1858242552,-0.01097942307,0.002637792114,0.999996521,0.0501757711,0.9987404027,0,0,1.494541991,1.647067318,-1.42700545,1.619310116,0.02567216523,0.06611426298,0.1614166053,-1.430782957,1.582668069,1.289245824,1.625476485,-0.1190523543,-0.03397606394,-0.5030113175,-0.04303322215,-4.665847579e-05,-0.06907912908,0.02946389802,0.1576151625,-0.09859850357,-0.122262603,0.007294240463,0.0828512074,0.03570747793,-0.09906969925,0.09202153855,0.1146048494,-0.04112031835,0.008930426685,0.01708365926,0.008930426685,0.002637795173,0.04191139325,0.1073622042,0.08221296334,0.002268824712
4.76,0.1260496017,-0.0564414908,-0.1857195309,-0.01079890791,0.002637792114,0.999996521,0.0501757711,0.9987404027,0,0,1.494111659,1.647066852,-1.427696242,1.619604755,0.02724831685,0.06512827794,0.1601939793,-1.430710015,1.583496581,1.289602898,1.624485788,-0.118132139,-0.03283001545,-0.5034225207,-0.04246468473,-4.665936477e-05,-0.06899831502,0.03015224296,0.1576578594,-0.09871739948,-0.1221636865,0.00681778056,0.08270684578,0.03561917148,-0.0983051731,0.09192045778,0.1142951318,-0.04115163524,0.008929497269,0.01734897385,0.008929497269,0.002637795173,0.04297577806,0.1073622042,0.08138388848,0.002269291297
4.77,0.1241928477,-0.05654859532,-0.1856346566,-0.01062273914,0.002637792114,0.999996521,0.0501757711,0.9987404027,0,0,1.493687012,1.647066385,-1.428386225,1.619906277,0.02882489544,0.06414110395,0.1589723424,-1.430641837,1.584323649,1.28995909,1.623502736,-0.1172129344,-0.03168706413,-0.503834037,-0.0419112592,-4.666489339e-05,-0.068925872,0.03083053308,0.1577151954,-0.09884394241,-0.1220790341,0.006350887857,0.08257362204,0.03553590679,-0.09756495157,0.09183039519,0.1140028557,-0.04118654236,0.008928580137,0.01761039469,0.008928580137,0.002637795173,0.04403961926,0.1073622042,0.08060196098,0.002269757891
4.78,0.1223368392,-0.05665396077,-0.1855705924,-0.01045112698,0.002637792114,0.999996521,0.0501757711,0.9987404027,0,0,1.4932679,1.647065919,-1.429075484,1.620214583,0.0304020474,0.06315266452,0.1577515521,-1.430578328,1.585149386,1.290314449,1.622527086,-0.1162946304,-0.03054703557,-0.5042459024,-0.04264834811,-4.864313923e-05,-0.06751962918,0.03118225144,0.1581588515,-0.09725086552,-0.1232449126,0.006718278011,0.08235195179,0.03491144772,-0.09696586469,0.09194006321,0.1136314171,-0.04006747704,0.008927674959,0.01787136846,0.008927674959,0.002637795173,0.04510303332,0.1073622042,0.07986592864,0.00227022454
4.79,0.1204813632,-0.05675763376,-0.1855283078,-0.01028428369,0.002637792114,0.999996521,0.0501757711,0.9987404027,0,0,1.492841416,1.647065432,-1.42975068,1.620526405,0.03198363591,0.06218015587,0.1565191029,-1.430511145,1.585972905,1.290663564,1.621557428,-0.1153752298,-0.0294107214,-0.5046465772,-0.04224994838,-4.894758405e-05,-0.06733478576,0.0318079816,0.1582821049,-0.09722619108,-0.1233095532,0.006351578159,0.08223296041,0.03478640072,-0.09628920035,0.09189223449,0.1133674414,-0.03999837279,0.008926753825,0.01813159442,0.008926753825,0.002637795173,0.04568149558,0.1073622042,0.07883385328,0.002270710971
4.8,0.1186261972,-0.05685966305,-0.1855087814,-0.01012242358,0.002637792114,0.999996521,0.0501757711,0.9987404027,0,0,1.492418917,1.647064943,-1.430424028,1.620844485,0.03356645696,0.06120789396,0.1552860074,-1.43044763,1.586795235,1.291011428,1.620594536,-0.1144563074,-0.02827704699,-0.5050465609,-0.04174551564,-4.906934228e-05,-0.06728931724,0.03245275784,0.1583865499,-0.09737716453,-0.1232708446,0.005916330935,0.08213621404,0.03472016073,-0.09562916631,0.09183891334,0.1131326501,-0.04004518282,0.008925841289,0.01839141735,0.008925841289,0.002637795173,0.04621296127,0.1073622042,0.0777709221,0.002271200447
4.81,0.1167711085,-0.05696009956,-0.1855130014,-0.009965763011,0.002637792114,0.999996521,0.0501757711,0.9987404027,0,0,1.492001462,1.647064452,-1.431096921,1.621169013,0.03515032246,0.06023412231,0.154053299,-1.430388466,1.587616597,1.291358629,1.619638244,-0.1135379183,-0.02714572049,-0.5054470128,-0.04125915306,-4.919461269e-05,-0.06725372962,0.03308552475,0.1585089888,-0.09753694716,-0.123249027,0.005492846315,0.08205250321,0.03466014811,-0.09499813445,0.09179886348,0.1129183809,-0.0400959827,0.008924939643,0.01865091046,0.008924939643,0.002637795173,0.0467444048,0.1073622042,0.07670803524,0.00227169114
4.82,0.1149158547,-0.05705899637,-0.1855419652,-0.00981452038,0.002637792114,0.999996521,0.0501757711,0.9987404027,0,0,1.49158887,1.64706396,-1.431769458,1.621499868,0.03673541235,0.05925875284,0.1528208087,-1.430333538,1.588437122,1.291705231,1.618688263,-0.1126199297,-0.02601653668,-0.5058479726,-0.04079157412,-4.932377591e-05,-0.06722844637,0.03370578829,0.1586502623,-0.0977058839,-0.1232447283,0.005081662748,0.08198231564,0.03460668641,-0.09439730591,0.09177265978,0.1127254264,-0.04015091062,0.008924048497,0.01891011581,0.008924048497,0.002637795173,0.04727589563,0.1073622042,0.07564505379,0.002272183087
4.83,0.1130601833,-0.05715640876,-0.1855966796,-0.009668916135,0.002637792114,0.999996521,0.0501757711,0.9987404027,0,0,1.491180954,1.647063467,-1.432441743,1.621836926,0.03832191497,0.058281694,0.1515883614,-1.430282721,1.589256945,1.292051298,1.61774429,-0.1117022031,-0.02488928241,-0.5062494817,-0.04034349831,-4.945722063e-05,-0.06721389523,0.03431304987,0.1588112206,-0.09788432253,-0.1232585809,0.004683324741,0.08192614261,0.03456010351,-0.09382789305,0.09176088299,0.1125545854,-0.04021010555,0.008923167446,0.01916907703,0.008923167446,0.002637795173,0.04780750607,0.1073622042,0.0745818331,0.002272676324
4.84,0.1112038319,-0.05725239423,-0.1856781608,-0.009529172772,0.002637792114,0.999996521,0.0501757711,0.9987404027,0,0,1.490777519,1.647062972,-1.433113882,1.622180056,0.03991002718,0.05730285078,0.1503557756,-1.430235888,1.590076206,1.292396899,1.616806011,-0.1107845942,-0.02376373656,-0.5066515828,-0.03991565106,-4.959534399e-05,-0.06721050817,0.03490680632,0.1589927236,-0.09807261365,-0.1232912214,0.004298382884,0.08188447889,0.03452073163,-0.09329111951,0.09176411976,0.1124066629,-0.0402737072,0.008922296068,0.01942783934,0.008922296068,0.002637795173,0.04833931135,0.1073622042,0.07351822274,0.002273170897
4.85,0.1093465275,-0.0573470125,-0.1857874342,-0.009395514827,0.002637792114,0.999996521,0.0501757711,0.9987404027,0,0,1.490378363,1.647062476,-1.433785987,1.622529124,0.04149995442,0.05632212464,0.1491228634,-1.430192904,1.590895051,1.292742106,1.6158731,-0.109866953,-0.02263966993,-0.5070543198,-0.0395087638,-4.973855152e-05,-0.06721872145,0.03548654993,0.1591956414,-0.09827111067,-0.1233432911,0.003927393871,0.08185782274,0.0344889074,-0.09278822014,0.09178296266,0.1122824703,-0.04034185599,0.008921433927,0.01968644955,0.008921433927,0.002637795173,0.04887138962,0.1073622042,0.07245406639,0.00227366685
4.86,0.1074879871,-0.05744032557,-0.1859255345,-0.009268168886,0.002637792114,0.999996521,0.0501757711,0.9987404027,0,0,1.489983275,1.647061979,-1.434458174,1.62288399,0.04309191083,0.05533941353,0.1478894305,-1.43015363,1.591713629,1.293086995,1.614945217,-0.1089491234,-0.02151684523,-0.5074577384,-0.03913208658,-4.97408112e-05,-0.06722843047,0.03595439517,0.1594295509,-0.09839217428,-0.1234180508,0.003586198391,0.08184854578,0.03445923989,-0.0924192788,0.09179239235,0.1122630087,-0.04042230703,0.008920580569,0.01994495609,0.008920580569,0.002637795173,0.04940382198,0.1073622042,0.07138920187,0.002274164235
4.87,0.1056279172,-0.05753239768,-0.1860935061,-0.00914736358,0.002637792114,0.999996521,0.0501757711,0.9987404027,0,0,1.489591954,1.647061481,-1.435130458,1.623243534,0.04468620634,0.05435549179,0.14665525,-1.430117768,1.592532115,1.293431587,1.614021025,-0.1080311995,-0.02039421514,-0.5078619615,-0.0417080604,-0.01674548924,-0.04827155246,0.03614007242,0.1450331349,-0.09861524392,-0.1048834111,0.003729191203,0.08179871712,0.03413566376,-0.09222399037,0.09191192307,0.1122704154,-0.03986394266,0.008919735355,0.02020341654,0.008919735355,0.002637795173,0.04993669251,0.1073622042,0.07032008963,0.002274661644
4.88,0.1037660139,-0.05762329541,-0.1862924024,-0.009033329584,0.002637792114,0.999996521,0.0501757711,0.9987404027,0,0,1.489174874,1.646894027,-1.435613174,1.623604934,0.04613653769,0.05336933935,0.1456064159,-1.430080476,1.593350102,1.293772944,1.613098785,-0.1071120803,-0.01927151099,-0.5082606009,-0.04414075671,-0.03256151828,-0.0303251197,0.03649785692,0.1314044602,-0.09899386595,-0.08735144783,0.003838955401,0.08176462694,0.03384499507,-0.09188214015,0.09209110872,0.1121598605,-0.03932615637,0.008917598421,0.0204616927,0.008917598421,0.002637795173,0.05075680342,0.1073622042,0.06925666966,0.002442116536
4.89,0.1019019625,-0.05771308762,-0.1865232862,-0.008926299621,0.002637792114,0.999996521,0.0501757711,0.9987404027,0,0,1.488733466,1.646568411,-1.435916425,1.623969913,0.04745058229,0.05237940069,0.1447329014,-1.430042087,1.594167748,1.294111394,1.612179963,-0.1061911692,-0.01814991238,-0.5086538624,-0.04380961679,-0.03245064847,-0.0304824409,0.03701917884,0.1317822278,-0.09922677425,-0.08761640595,0.003530344434,0.08180275258,0.03384658863,-0.09152484543,0.0921800013,0.1121369233,-0.03941167025,0.008914242657,0.02071983272,0.008914242657,0.002637795173,0.05188015606,0.1073622042,0.0681886476,0.002767731719
4.9,0.100035438,-0.05780184553,-0.1867872297,-0.008826508458,0.002637792114,0.999996521,0.0501757711,0.9987404027,0,0,1.48829537,1.646243905,-1.436221249,1.624340105,0.04876840457,0.05138713295,0.1438567373,-1.430006783,1.594985776,1.29444986,1.611264715,-0.1052693692,-0.01702854315,-0.5090479791,-0.04350454703,-0.03234779819,-0.03064486973,0.037523591,0.132179127,-0.09947173734,-0.08789506076,0.00323875555,0.08185841341,0.03385735733,-0.09120800531,0.09228752741,0.1121420134,-0.03950223665,0.00891090838,0.02097807763,0.00891090838,0.002637795173,0.05304281644,0.1073622042,0.06711920847,0.003092238203
4.91,0.09816610414,-0.05788964271,-0.1870853145,-0.008734192908,0.002637792114,0.999996521,0.0501757711,0.9987404027,0,0,1.487860325,1.645920427,-1.436527698,1.624715341,0.05009019584,0.05039241558,0.1429777867,-1.429974396,1.59580436,1.294788434,1.610352635,-0.1043464939,-0.01590712302,-0.5094430015,-0.04322630134,-0.03225284216,-0.03081295242,0.03801054945,0.1325961642,-0.09972909361,-0.08818822926,0.00296478943,0.08193212724,0.03387766193,-0.09093293119,0.09241431577,0.1121759855,-0.03959799258,0.008907594376,0.02123648403,0.008907594376,0.002637795173,0.0542444591,0.1073622042,0.06604815977,0.003415716185
4.92,0.09629361423,-0.0579765551,-0.1874186314,-0.00864959183,0.002637792114,0.999996521,0.0501757711,0.9987404027,0,0,1.487428062,1.645597899,-1.436835828,1.625095446,0.05141615748,0.04939512464,0.1420959044,-1.429944748,1.596623681,1.29512721,1.609443305,-0.1034223507,-0.01478536316,-0.5098389814,-0.04297563792,-0.03216564447,-0.03098724944,0.03847950563,0.1330343643,-0.09999918308,-0.08849674481,0.002709053183,0.08202441512,0.03390786786,-0.09070094583,0.09256100113,0.1122397006,-0.03969907557,0.008904299432,0.02149511016,0.008904299432,0.002637795173,0.05548484244,0.1073622042,0.06497530276,0.003738244607
4.93,0.09441761041,-0.05806266106,-0.1877882806,-0.008572946129,0.002637792114,0.999996521,0.0501757711,0.9987404027,0,0,1.486998305,1.645276242,-1.4371457,1.625480241,0.05274650112,0.04839513281,0.141210937,-1.429917657,1.597443925,1.295466289,1.608536296,-0.1024967407,-0.01366296616,-0.5102359722,-0.04275331913,-0.03208605818,-0.03116833579,0.03892990635,0.1334947709,-0.1002823473,-0.08882145746,0.002472160383,0.08213580131,0.03394834531,-0.09051338338,0.09272822436,0.1123340257,-0.03980562365,0.008901022334,0.02175401596,0.008901022334,0.002637795173,0.05676381181,0.1073622042,0.06390043243,0.004059901052
4.94,0.09253772381,-0.05814804135,-0.1881953718,-0.008504498756,0.002637792114,0.999996521,0.0501757711,0.9987404027,0,0,1.486570772,1.644955382,-1.437457383,1.62586954,0.05408144883,0.04739230934,0.1403227224,-1.429892936,1.598265283,1.295805772,1.607631162,-0.1015694585,-0.0125396259,-0.5106340284,-0.04256011144,-0.03201392492,-0.03135680142,0.03936119384,0.1339784466,-0.1005789295,-0.08916323437,0.002254731129,0.08226681317,0.0339994693,-0.09037158937,0.09291663243,0.1124598336,-0.03991777534,0.008897761868,0.02201326305,0.008897761868,0.002637795173,0.05808130259,0.1073622042,0.06282333744,0.004380761634
4.95,0.09065357444,-0.05823277918,-0.1886410237,-0.008444494707,0.002637792114,0.999996521,0.0501757711,0.9987404027,0,0,1.486145171,1.644635242,-1.437770951,1.626263152,0.0554212333,0.04638652004,0.1394310901,-1.429870388,1.599087952,1.296145767,1.606727446,-0.1006402922,-0.01141502756,-0.5110332062,-0.04239678531,-0.03194907449,-0.03155325168,0.03977280572,0.1344864736,-0.1008892742,-0.08952296019,0.002057392098,0.08241798116,0.03406161976,-0.09027692071,0.09312687845,0.1126180032,-0.04003566957,0.008894516822,0.02227291477,0.008894516822,0.002637795173,0.05943734353,0.1073622042,0.06174380006,0.004700900883
4.96,0.08876477104,-0.05831696021,-0.1891263647,-0.008393181023,0.002637792114,0.999996521,0.0501757711,0.9987404027,0,0,1.485721203,1.644315752,-1.438086484,1.62666088,0.05676609803,0.0453776273,0.1385358604,-1.429849815,1.599912131,1.296486383,1.605824677,-0.09970902337,-0.01028884753,-0.5114335629,-0.04376779271,-0.041397949,-0.02118611835,0.04008147362,0.1265259885,-0.1017741349,-0.07922493763,0.002067286398,0.08256525106,0.03401585291,-0.09025184269,0.09341001261,0.1127795855,-0.03989138581,0.008891285986,0.02253303613,0.008891285986,0.002637795173,0.0608320601,0.1073622042,0.06066159612,0.005020391628
4.97,0.08687091106,-0.0584006726,-0.1896525323,-0.008350806793,0.002637792114,0.999996521,0.0501757711,0.9987404027,0,0,1.485283525,1.643901772,-1.438298345,1.627061695,0.05803135792,0.04435988595,0.1377436111,-1.429829142,1.600737784,1.296826542,1.604922159,-0.09877492325,-0.009161051676,-0.5118324767,-0.04939117153,-0.07756202373,0.01889092069,0.04013750141,0.09471363131,-0.1042450722,-0.03894821004,0.002620904629,0.08266487011,0.03364766741,-0.09033589323,0.09385766739,0.1128919979,-0.0390023453,0.008887348333,0.02279361109,0.008887348333,0.002977778674,0.0621840209,0.1071355486,0.05957649497,0.005434371118
4.98,0.08497158048,-0.05848400699,-0.1902206735,-0.00831762315,0.002637792114,0.999996521,0.0501757711,0.9987404027,0,0,1.484789613,1.643126152,-1.438109436,1.62746307,0.05897849423,0.04331743523,0.137354129,-1.429802933,1.601564433,1.297163018,1.6040188,-0.09783634657,-0.008032131698,-0.5122225002,-0.04935748004,-0.07778841147,0.01899590875,0.04048770772,0.09503561936,-0.1046111646,-0.03905873337,0.002488614975,0.08287949579,0.0337433402,-0.09038946357,0.09413870702,0.1131523634,-0.03913493057,0.008880697701,0.02305447599,0.008880697701,0.004610132321,0.06322098148,0.106047313,0.05848825941,0.006209991355
4.99,0.08306634491,-0.0585670512,-0.1908358387,-0.008291523702,0.002637792114,0.999996521,0.0501757711,0.9987404027,0,0,1.484296039,1.642348268,-1.437919477,1.627867947,0.05992885043,0.04227132358,0.1369635416,-1.429778047,1.602393228,1.297500452,1.603114905,-0.0968949595,-0.006900608063,-0.5126138495,-0.04933996647,-0.07803675507,0.01910598977,0.040846411,0.09538426145,-0.1050060883,-0.03918037373,0.002359132717,0.08311788796,0.0338490048,-0.09047163203,0.09444666723,0.1134456935,-0.03927831195,0.008874066122,0.02331601473,0.008874066122,0.006247560946,0.06422388747,0.1049556942,0.05739664053,0.00698787547
5,0.08115466514,-0.05864983598,-0.1915099576,-0.008265332771,0.002637792114,0.999996521,0.0501757711,0.9987404027,0,0,1.483802639,1.6415679,-1.437728417,1.628276411,0.06088269304,0.0412212627,0.1365717379,-1.429754455,1.603224406,1.297838942,1.602210189,-0.09595049283,-0.005766151128,-0.5130066326,-0.04932821485,-0.07830941765,0.01922317194,0.04123038442,0.09576335254,-0.1054367101,-0.03931382713,0.002221375645,0.08338058329,0.03396321332,-0.09056878769,0.09478256017,0.1137699808,-0.03943500271,0.008867451996,0.02357830241,0.008867451996,0.007890527946,0.06519303819,0.103860383,0.0563013294,0.00776824302
5.01,0.0792359516,-0.05873235588,-0.1922423226,-0.008238549362,0.002637792114,0.999996521,0.0501757711,0.9987404027,0,0,1.483309357,1.640784806,-1.437536185,1.628688715,0.06184032657,0.0401668956,0.1361785996,-1.429732241,1.604058212,1.298178574,1.601304501,-0.09500266723,-0.00462845132,-0.5134009826,-0.04932190754,-0.07860577105,0.01934730452,0.04163919588,0.09617213294,-0.1059021631,-0.03945878331,0.00207541104,0.08366692722,0.03408572505,-0.09068032656,0.09514565328,0.114124354,-0.03960467737,0.008860853819,0.02384141504,0.008860853819,0.009539540015,0.06612866941,0.1027610419,0.05520198822,0.008551337197
5.02,0.07730962987,-0.05881460505,-0.193031331,-0.008211189778,0.002637792114,0.999996521,0.0501757711,0.9987404027,0,0,1.482816138,1.639998748,-1.437342712,1.629105107,0.06280204789,0.03910787397,0.1357840118,-1.429711487,1.604894882,1.298519431,1.600397698,-0.0940512107,-0.00348720778,-0.5137970294,-0.04932088473,-0.07892514862,0.01947820517,0.04207215556,0.09660978168,-0.1064014721,-0.03961492014,0.001921475274,0.08397625447,0.03421631995,-0.09080584968,0.09553519526,0.1145079685,-0.03978697086,0.008854270184,0.02410542658,0.008854270184,0.01119509084,0.06703099386,0.1016573415,0.05409828788,0.009337394907
5.03,0.07537514147,-0.05889657781,-0.193875393,-0.008183270188,0.002637792114,0.999996521,0.0501757711,0.9987404027,0,0,1.482322929,1.639209497,-1.43714793,1.629525829,0.06376814571,0.03804385925,0.1353878626,-1.429692273,1.605734644,1.298861594,1.599489639,-0.09309585874,-0.002342128095,-0.5141948991,-0.04932498829,-0.07926688954,0.01961569258,0.04252857926,0.09707548434,-0.1069336702,-0.03978191822,0.001759802424,0.08430790555,0.03435477936,-0.09094496134,0.09595044081,0.1149199875,-0.0399815213,0.008847699777,0.02437040892,0.008847699777,0.01285766041,0.0679002027,0.100548962,0.05298990837,0.01012664639
5.04,0.07343194376,-0.05897826864,-0.1947729323,-0.008154806629,0.002637792114,0.999996521,0.0501757711,0.9987404027,0,0,1.481829679,1.638416828,-1.436951773,1.629951114,0.06473890055,0.03697452254,0.1349900434,-1.429674675,1.606577723,1.299205142,1.598580189,-0.09213635434,-0.001192928219,-0.5145947143,-0.04933406173,-0.07963033882,0.01975958647,0.04300778844,0.0975684331,-0.1074977991,-0.03995946092,0.001590624276,0.08466122681,0.03450088597,-0.09109726907,0.09639065056,0.1153595812,-0.04018796996,0.008841141376,0.02463643189,0.008841141376,0.01452771507,0.0687364663,0.09943559244,0.0518765388,0.01091931529
5.05,0.07147950978,-0.05905967218,-0.1957223853,-0.008125815004,0.002637792114,0.999996521,0.0501757711,0.9987404027,0,0,1.481336338,1.637620524,-1.436754177,1.630381192,0.06571458489,0.03589954455,0.1345904488,-1.429658768,1.607424335,1.299550151,1.597669217,-0.09117244783,-3.933240716e-05,-0.514996594,-0.04952558384,-0.0800358705,0.02002402508,0.0434439816,0.0980430981,-0.1081227105,-0.04037826673,0.001551254069,0.08501670692,0.03456812683,-0.09127578449,0.09689515119,0.1158009618,-0.04020656565,0.00883459385,0.0249035633,0.00883459385,0.01620570771,0.06953993514,0.09831693089,0.05075787725,0.01171561868
5.06,0.06951732817,-0.05914078323,-0.1967222017,-0.008096311083,0.002637792114,0.999996521,0.0501757711,0.9987404027,0,0,1.480841083,1.636820166,-1.436553937,1.630815632,0.06669501587,0.03481831745,0.1341866661,-1.429643256,1.608274502,1.299895832,1.596756459,-0.09020349632,0.001118677211,-0.5153986597,-0.05055069233,-0.08055977229,0.02082787343,0.0435974481,0.0983344408,-0.1089163137,-0.04188495733,0.002144484457,0.08530459131,0.03424003095,-0.09152935581,0.09761027951,0.1161520309,-0.03930597484,0.008828050918,0.02517180553,0.008828050918,0.01775168707,0.07036637036,0.09724831407,0.04966276192,0.01251597738
5.07,0.067544903,-0.05922159675,-0.1977708442,-0.008066310505,0.002637792114,0.999996521,0.0501757711,0.9987404027,0,0,1.480335576,1.636014568,-1.436345658,1.631251607,0.06767836027,0.03372915431,0.1337678166,-1.429621811,1.609127548,1.300238233,1.595841165,-0.08922739352,0.00228019752,-0.5157917194,-0.05058019184,-0.0809849752,0.02099388468,0.0441382021,0.09890229455,-0.1095709205,-0.04210038481,0.001959039817,0.0857184625,0.03440492256,-0.09171958953,0.09812277921,0.1166689756,-0.03953894476,0.008821487267,0.02544092647,0.008821487267,0.01848994228,0.07149648623,0.09651005874,0.04870584334,0.01332157511
5.08,0.06556175362,-0.05930210784,-0.1988667887,-0.008035828771,0.002637792114,0.999996521,0.0501757711,0.9987404027,0,0,1.479829774,1.635204718,-1.436135719,1.631692989,0.06866738322,0.03263344511,0.1333468127,-1.429602221,1.609984733,1.300582282,1.594923969,-0.08824616573,0.003446887276,-0.5161871089,-0.05061433146,-0.08142935697,0.02116577117,0.04469898018,0.09949415718,-0.1102537519,-0.04232548059,0.00176720962,0.08615141768,0.03457647069,-0.09192150344,0.0986574094,0.1172102106,-0.03978209657,0.008814931602,0.02571134488,0.008814931602,0.01919574288,0.07263274661,0.09580425797,0.04770725343,0.01413142486
5.09,0.06356741459,-0.05938231177,-0.200008524,-0.008004881253,0.002637792114,0.999996521,0.0501757711,0.9987404027,0,0,1.47932363,1.634390425,-1.435924062,1.632139978,0.06966232479,0.03153090759,0.1329235579,-1.429584548,1.610846247,1.300928047,1.594004754,-0.08725959164,0.004618989382,-0.5165849299,-0.05065295397,-0.08189229051,0.02134335205,0.04527913521,0.1001092559,-0.1109638891,-0.04255992993,0.001569207275,0.0866028331,0.03475446932,-0.09213472065,0.09921345869,0.1177749437,-0.04003509758,0.008808383135,0.0259831205,0.008808383135,0.01986916792,0.07377541819,0.09513083272,0.0466666712,0.01494571843
5.1,0.0615614355,-0.05946220396,-0.2011945523,-0.007973483189,0.002637792114,0.999996521,0.0501757711,0.9987404027,0,0,1.478817101,1.633571502,-1.435710628,1.63259277,0.07066341735,0.0304212687,0.1324979586,-1.429568856,1.611712276,1.301275591,1.593083407,-0.08626745705,0.00579673882,-0.5169852808,-0.05069590388,-0.08237315454,0.02152644761,0.0458780257,0.1007468243,-0.1117004217,-0.04280342096,0.001365243996,0.08707209078,0.03493871381,-0.09235886752,0.09979022167,0.1183623902,-0.04029761817,0.008801841161,0.02625631111,0.008801841161,0.02051028059,0.07492475903,0.09448971981,0.04558377275,0.01576464133
5.11,0.05954338085,-0.05954177998,-0.2024233885,-0.007941649681,0.002637792114,0.999996521,0.0501757711,0.9987404027,0,0,1.478310142,1.63274777,-1.435495364,1.63305155,0.07167088559,0.02930426448,0.1320699244,-1.429555204,1.612582996,1.301624978,1.592159819,-0.08526955483,0.006980362722,-0.517388257,-0.05074302742,-0.08287133355,0.02171487929,0.04649501576,0.1014061029,-0.1124624476,-0.04305564463,0.001155528804,0.08755857849,0.03512900085,-0.09259357368,0.100386999,0.1189717725,-0.04056933181,0.008795305058,0.02653097259,0.008795305058,0.021119129,0.07608101865,0.09388087111,0.04445823191,0.01658837288
5.12,0.05751282994,-0.05962103555,-0.2036935611,-0.007909395703,0.002637792114,0.999996521,0.0501757711,0.9987404027,0,0,1.477802712,1.631919057,-1.435278215,1.6335165,0.07268494662,0.02817964,0.131639368,-1.429543649,1.613458582,1.301976268,1.591233883,-0.08426568484,0.008170080447,-0.5177939503,-0.0507941725,-0.08338621785,0.02190846966,0.04712947515,0.1020863384,-0.1132490728,-0.04331629475,0.0009402685372,0.08806168975,0.0353251285,-0.09283847198,0.1010030972,0.1196023202,-0.04084991499,0.008788774287,0.02680715889,0.008788774287,0.02169574699,0.07724443809,0.09330425279,0.04328972095,0.01741708621
5.13,0.05546937671,-0.05969996654,-0.2050036111,-0.007876736091,0.002637792114,0.999996521,0.0501757711,0.9987404027,0,0,1.47729477,1.631085195,-1.43505913,1.633987795,0.07370581001,0.02704714927,0.131206205,-1.429534246,1.614339199,1.30232952,1.590305498,-0.08325565387,0.00936610365,-0.5182024495,-0.05084918874,-0.08391720352,0.02210704246,0.04778077923,0.1027867845,-0.1140594119,-0.04358506796,0.0007196678569,0.08858082382,0.03552689621,-0.09309319854,0.1016378289,0.1202532701,-0.04113904729,0.008782248388,0.02708492205,0.008782248388,0.02224015485,0.07841525002,0.09275984456,0.04207791118,0.01825094839
5.14,0.05341262961,-0.05977856897,-0.2063520931,-0.007843685549,0.002637792114,0.999996521,0.0501757711,0.9987404027,0,0,1.476786278,1.630246023,-1.43483806,1.634465603,0.07473367785,0.02590655516,0.1307703543,-1.429527049,1.615225007,1.302684789,1.589374566,-0.08223927558,0.01056863635,-0.51861384,-0.05152664625,-0.08453459263,0.02271709602,0.04821352437,0.1033619307,-0.1149822943,-0.04465741718,0.0009589114751,0.08904923179,0.03544629353,-0.09339554361,0.1024365134,0.1208288974,-0.0407534356,0.008775726978,0.02736431228,0.008775726978,0.02275236008,0.07959367877,0.09224763891,0.0408224736,0.01909012043
5.15,0.05134221151,-0.059856839,-0.2077375745,-0.00781025865,0.002637792114,0.999996521,0.0501757711,0.9987404027,0,0,1.476271011,1.629400677,-1.434610889,1.634947738,0.07576729716,0.02475673221,0.1303237802,-1.42951746,1.6161155,1.303039252,1.588440611,-0.08121491045,0.01177692533,-0.5190213743,-0.05223738301,-0.08517031156,0.02335132758,0.04865029583,0.1039484986,-0.1159309191,-0.04577545774,0.00121570594,0.08952948638,0.03535712114,-0.09370897073,0.1032597545,0.1214191728,-0.04034287289,0.008769191997,0.0276451558,0.008769191997,0.02349051384,0.08077994043,0.09150948493,0.03978123499,0.01993546635
5.16,0.04925775952,-0.05993477294,-0.209158636,-0.007776469832,0.002637792114,0.999996521,0.0501757711,0.9987404027,0,0,1.475748638,1.628548974,-1.434377376,1.635434241,0.07680678214,0.02359742302,0.1298660256,-1.429505303,1.617010795,1.303392823,1.587503521,-0.0801823129,0.01299111705,-0.519424803,-0.05231531482,-0.08574875402,0.02357367116,0.0493082529,0.1047060396,-0.1167751172,-0.0460750736,0.0009936320062,0.09009281609,0.03556867102,-0.09403099318,0.1039392875,0.1221574821,-0.04064793739,0.008762642481,0.02792748877,0.008762642481,0.02452245678,0.08197424291,0.09047754203,0.03902172406,0.02078716947
5.17,0.04715892488,-0.06001236724,-0.2106138711,-0.007742333399,0.002637792114,0.999996521,0.0501757711,0.9987404027,0,0,1.475225484,1.627691486,-1.434141639,1.635927323,0.07785384254,0.02242967185,0.1294052748,-1.429495367,1.617911723,1.30374851,1.586563211,-0.07914292003,0.01421269187,-0.5198312824,-0.05241200923,-0.08634809667,0.0238182148,0.04982578154,0.1054952543,-0.1175014834,-0.04637011175,0.0007955917402,0.09067104968,0.03577671679,-0.09452834452,0.1045949056,0.1230473841,-0.04096720662,0.008756096496,0.02821158711,0.008756096496,0.02561773262,0.08317678603,0.0893822663,0.03831318499,0.02164465701
5.18,0.04504537284,-0.0600896185,-0.2121018867,-0.007707863524,0.002637792114,0.999996521,0.0501757711,0.9987404027,0,0,1.474701364,1.626828005,-1.433903457,1.636425581,0.07890879508,0.02125465702,0.1289415737,-1.429487411,1.618818433,1.304106277,1.585617928,-0.07809697097,0.01544316571,-0.5202409545,-0.05249286776,-0.08695146353,0.02404471999,0.05054986843,0.1062832881,-0.1184192827,-0.04668608917,0.0005581461858,0.09126041099,0.03599979594,-0.09482695931,0.1053156189,0.1237876436,-0.04128388596,0.008749553188,0.02849749926,0.008749553188,0.02682870819,0.08438776161,0.08817129095,0.03770769686,0.02250813798
5.19,0.04291678248,-0.06016652344,-0.2136213027,-0.007673074245,0.002637792114,0.999996521,0.0501757711,0.9987404027,0,0,1.474176436,1.625958491,-1.43366301,1.63693108,0.07997162796,0.02007046419,0.1284747128,-1.429481829,1.619731037,1.304466275,1.584669658,-0.07704381478,0.01668104215,-0.5206537933,-0.05257691484,-0.08756744924,0.02427529552,0.05128710947,0.1070871458,-0.1193556901,-0.04700866672,0.0003166822248,0.09186229054,0.03622725587,-0.09513329144,0.1060510164,0.1245438437,-0.04160704786,0.008743013537,0.02878525779,0.008743013537,0.02804830008,0.08560735349,0.08695169929,0.03709790058,0.02337765261
5.2,0.04077284667,-0.06024307896,-0.215170752,-0.007637979468,0.002637792114,0.999996521,0.0501757711,0.9987404027,0,0,1.473650667,1.625082816,-1.433420257,1.637443951,0.08104249942,0.01887690729,0.1280046262,-1.429478663,1.62064966,1.304828547,1.583718325,-0.07598330462,0.01792648059,-0.5210698638,-0.0526640035,-0.08819548921,0.02450976809,0.05203692219,0.1079061291,-0.1203098763,-0.04733755009,7.138335074e-05,0.09247612846,0.03645890977,-0.09544699977,0.106800451,0.1253152733,-0.04193640232,0.008736477604,0.02907490191,0.008736477604,0.02927668426,0.08683573767,0.08572331534,0.03648370814,0.0242533271
5.21,0.03861327185,-0.06031928206,-0.2167488806,-0.007602592964,0.002637792114,0.999996521,0.0501757711,0.9987404027,0,0,1.473124027,1.624200861,-1.433175159,1.63796432,0.08212156071,0.01767380852,0.1275312507,-1.429477949,1.621574421,1.305193136,1.582763855,-0.07491530011,0.01917963332,-0.5214892278,-0.0527539885,-0.0888350246,0.02474796569,0.0527987297,0.1087395461,-0.1212810202,-0.04767244796,-0.0001775690054,0.0931013706,0.03669457222,-0.09576774641,0.1075632814,0.1261012282,-0.04227166228,0.008729945517,0.02936646907,0.008729945517,0.03051402893,0.08807308234,0.0844859709,0.03586503546,0.025135282
5.22,0.03643777793,-0.06039512989,-0.2183543478,-0.007566928374,0.002637792114,0.999996521,0.0501757711,0.9987404027,0,0,1.472596487,1.623312511,-1.432927679,1.638492308,0.08320895617,0.01646099832,0.1270545262,-1.429479724,1.622505435,1.305560082,1.581806178,-0.0738396673,0.0204406456,-0.5219119445,-0.05325393143,-0.08953007974,0.02526130091,0.05341282147,0.1094985975,-0.1223183273,-0.04853029191,-0.0001331486126,0.09369297592,0.03675450747,-0.09611521652,0.1084389482,0.1268333967,-0.04217160157,0.008723417472,0.029659995,0.008723417472,0.03176049457,0.08931954798,0.08323950549,0.0352418023,0.02602363224
5.23,0.03424609819,-0.06047061975,-0.2199858258,-0.007530999202,0.002637792114,0.999996521,0.0501757711,0.9987404027,0,0,1.472063947,1.62241721,-1.432675066,1.639026436,0.08430394215,0.01523781505,0.1265692233,-1.429481056,1.623442365,1.305927627,1.580845025,-0.07275527781,0.02170897957,-0.5223336605,-0.05430328197,-0.09029534258,0.02614278273,0.0538237967,0.1101520789,-0.123437667,-0.05008807079,0.0003066679875,0.09423525427,0.03657692998,-0.09649606513,0.1094613787,0.1274881758,-0.04148468425,0.008716882383,0.02995536494,0.008716882383,0.03301623399,0.09057528748,0.0819837663,0.03442471266,0.0258937782
5.24,0.0320379791,-0.06054574904,-0.2216419998,-0.007494818822,0.002637792114,0.999996521,0.0501757711,0.9987404027,0,0,1.471520914,1.621514257,-1.432413638,1.639564674,0.08540546294,0.01400343838,0.1260683426,-1.429477989,1.624384717,1.306293396,1.579880065,-0.07166066403,0.02298386133,-0.5227485073,-0.0544112033,-0.09096710335,0.02639799481,0.05461380113,0.1110220325,-0.1244553519,-0.05045207669,5.531959939e-05,0.09489049873,0.03681898556,-0.0968366191,0.1102634783,0.1283122859,-0.04182487793,0.008710325449,0.03025241154,0.008710325449,0.03428139247,0.09184044619,0.08071860806,0.03315955442,0.02495142566
5.25,0.02981318021,-0.06062051533,-0.2233215685,-0.007458400472,0.002637792114,0.999996521,0.0501757711,0.9987404027,0,0,1.470976802,1.620604586,-1.432149658,1.640110812,0.08651568326,0.01275888486,0.1255638218,-1.429477436,1.625333622,1.306661586,1.578911699,-0.07055802924,0.02426698419,-0.5231667561,-0.05452159661,-0.09164819638,0.02665635055,0.05541349249,0.1119036861,-0.1254868069,-0.05082113803,-0.0001988747743,0.09555497275,0.03706426048,-0.09718289996,0.1110765057,0.1291481546,-0.04216970655,0.008703773443,0.03055151027,0.008703773443,0.03555610776,0.09311516171,0.07944389301,0.03188483937,0.02400252067
5.26,0.02757147404,-0.0606949163,-0.2250232432,-0.00742175726,0.002637792114,0.999996521,0.0501757711,0.9987404027,0,0,1.470431586,1.619688104,-1.431883095,1.640664947,0.08763472013,0.01150401679,0.1250556104,-1.429479425,1.626289172,1.307032229,1.57793987,-0.06944726419,0.02555846573,-0.5235884532,-0.05463431724,-0.09233809053,0.02691767928,0.05622232496,0.1127963827,-0.1265312511,-0.05119496805,-0.0004557496577,0.0962281513,0.03731258001,-0.09753458568,0.1118998482,0.1299951146,-0.04251890627,0.00869722682,0.03085269003,0.00869722682,0.0368405102,0.0943995644,0.0781594908,0.03060043717,0.02304697094
5.27,0.02531264591,-0.06076894977,-0.2267457486,-0.007384902159,0.002637792114,0.999996521,0.0501757711,0.9987404027,0,0,1.469885243,1.618764723,-1.431613918,1.64122717,0.08876268395,0.01023870428,0.1245436607,-1.429483982,1.627251454,1.307405355,1.576964524,-0.06832826571,0.02685841688,-0.5240136422,-0.05474922231,-0.09303626037,0.02718181175,0.05703975831,0.1136994716,-0.127587912,-0.05157328304,-0.0007151415303,0.09690951496,0.03756377087,-0.09789135749,0.1127328992,0.1308525057,-0.0428722161,0.008690686097,0.03115597808,0.008690686097,0.0381347228,0.09569377724,0.07686527844,0.02930622481,0.02208468943
5.28,0.02303649384,-0.06084261368,-0.2284878224,-0.007347848008,0.002637792114,0.999996521,0.0501757711,0.9987404027,0,0,1.469337751,1.61783436,-1.4313421,1.641797568,0.08989967867,0.008962825161,0.1240279279,-1.429491134,1.628220549,1.307780992,1.57598561,-0.06720093671,0.02816694194,-0.5244423644,-0.05486617066,-0.09374218614,0.0274485801,0.05786525786,0.1146123089,-0.1286560251,-0.05195580229,-0.0009768888196,0.09759854994,0.03781766121,-0.09825289989,0.1135750581,0.1317196748,-0.04322937785,0.008684151851,0.03146140003,0.008684151851,0.03943886129,0.09699791597,0.0755611402,0.02800208657,0.02111559428
5.29,0.0207428284,-0.06091590611,-0.2302482155,-0.007310607513,0.002637792114,0.999996521,0.0501757711,0.9987404027,0,0,1.468789089,1.616896938,-1.431067614,1.64237622,0.09104580176,0.00767626491,0.1235083699,-1.429500903,1.629196534,1.308159169,1.575003081,-0.06606518613,0.02948413868,-0.5248746582,-0.05498502289,-0.09445535378,0.02771781792,0.05869829451,0.1155342573,-0.1297348341,-0.05234224814,-0.001240831892,0.09829474804,0.03807408065,-0.0986189006,0.1144257306,0.1325959757,-0.04359013619,0.008677624717,0.03176897988,0.008677624717,0.04075303419,0.09831208911,0.07424696755,0.02668791391,0.02013960878
5.3,0.01843147259,-0.06098882525,-0.2320256917,-0.00727319325,0.002637792114,0.999996521,0.0501757711,0.9987404027,0,0,1.468239239,1.615952385,-1.430790436,1.642963203,0.09220114433,0.006378916569,0.1229849474,-1.429513311,1.630179482,1.30853991,1.574016892,-0.06492092883,0.03081009844,-0.5253105595,-0.05595091174,-0.09526451246,0.02856386309,0.05919811585,0.1162962398,-0.1309090615,-0.05379170661,-0.0009103026084,0.09890440545,0.03797599526,-0.09901883224,0.1154998091,0.1333302738,-0.04305623019,0.00867110539,0.03207874003,0.00867110539,0.04207734292,0.09963639809,0.07292265906,0.02536360543,0.0191566613
5.31,0.0161022617,-0.06106136944,-0.2338190281,-0.007235617657,0.002637792114,0.999996521,0.0501757711,0.9987404027,0,0,1.46767973,1.61499974,-1.430504797,1.643555184,0.09336410673,0.005069825954,0.1224470303,-1.429522414,1.631168526,1.30891967,1.573026704,-0.06376593074,0.03214340118,-0.5257411218,-0.05669641562,-0.09605623911,0.02926107978,0.05979350425,0.1171099391,-0.1320694428,-0.05496605201,-0.0007382596515,0.09954470621,0.03797405406,-0.09941500388,0.1165249091,0.134112311,-0.0427614315,0.008664571681,0.03239039015,0.008664571681,0.04302483828,0.1007482118,0.0719751638,0.02402906616,0.01816761725
5.32,0.0137550432,-0.06113353711,-0.2356270147,-0.007197893042,0.002637792114,0.999996521,0.0501757711,0.9987404027,0,0,1.467112766,1.614039177,-1.430212187,1.644153119,0.09453520612,0.003749131526,0.1218973698,-1.429529797,1.632163973,1.30929941,1.572032554,-0.06260068164,0.03348452429,-0.5261687362,-0.05683151455,-0.09678902567,0.02954436642,0.0606410926,0.1180527138,-0.1331762642,-0.05537655913,-0.0009997461294,0.1002581485,0.03823253753,-0.09979321655,0.1174008617,0.1350106239,-0.04311959827,0.008658030583,0.03270403094,0.008658030583,0.04369726692,0.1017367017,0.07130273516,0.02268420888,0.01717217018
5.33,0.01138967657,-0.06120532684,-0.2374484547,-0.007160031579,0.002637792114,0.999996521,0.0501757711,0.9987404027,0,0,1.466544451,1.613071287,-1.429916743,1.64475953,0.09571573326,0.002417368885,0.1213436042,-1.429539794,1.633166554,1.309681736,1.571034622,-0.06142667303,0.03483463053,-0.5265999321,-0.05696805738,-0.09752706195,0.02982952569,0.06149412365,0.1190020986,-0.1342908441,-0.05579001198,-0.001262751961,0.1009767681,0.03849285042,-0.1001746749,0.1182830332,0.1359155418,-0.04348028358,0.008651499603,0.03301990532,0.008651499603,0.04437489462,0.1027714574,0.07062510746,0.02132895348,0.0161695887
5.34,0.009006033207,-0.06127673732,-0.2392821644,-0.007122045309,0.002637792114,0.999996521,0.0501757711,0.9987404027,0,0,1.46597477,1.612096016,-1.429618448,1.645374471,0.09690575425,0.001074460443,0.1207857041,-1.429552421,1.634176322,1.310066664,1.570032875,-0.06024384269,0.03619378594,-0.527034735,-0.05710590591,-0.09826986141,0.03011639347,0.06235209918,0.1199574908,-0.1354124667,-0.05620613871,-0.001527132289,0.1017000856,0.0387548329,-0.1005590828,0.119170858,0.1368264549,-0.04384325396,0.008644979652,0.03333802944,0.008644979652,0.04505775822,0.1038526741,0.06994224387,0.01996322629,0.01515982102
5.35,0.006603996284,-0.06134776737,-0.2411269733,-0.007083946139,0.002637792114,0.999996521,0.0501757711,0.9987404027,0,0,1.465403711,1.611113318,-1.429317284,1.645997992,0.09810532915,-0.0002796642235,0.1202236427,-1.429567693,1.635193323,1.310454212,1.569027284,-0.05905213411,0.03756205049,-0.5274731675,-0.05724492369,-0.09901694315,0.03040480717,0.06321452647,0.1209182941,-0.1365404241,-0.05662467061,-0.001792744086,0.102427627,0.03901832662,-0.1009461471,0.1200637763,0.1377427606,-0.04420827864,0.008638471689,0.03365841793,0.008638471689,0.04574589118,0.1049805395,0.0692541109,0.01858696036,0.01414282016
5.36,0.004183460605,-0.06141841591,-0.2429817237,-0.007045745843,0.002637792114,0.999996521,0.0501757711,0.9987404027,0,0,1.464831262,1.610123148,-1.429013236,1.646630138,0.09931451209,-0.001645068465,0.119657396,-1.42958562,1.636217599,1.310844396,1.568017823,-0.05785149635,0.0389394781,-0.5279152503,-0.05738497605,-0.0997678319,0.03069460578,0.06408091838,0.1218839191,-0.1376740169,-0.05704534204,-0.002059446152,0.103158924,0.03928317473,-0.1013355782,0.120961235,0.138663863,-0.04457512956,0.008631976723,0.03398108394,0.008631976723,0.04643932365,0.1061552344,0.06856067844,0.01720009543,0.01311854389
5.37,0.001744332488,-0.06148868199,-0.2448452712,-0.007007456063,0.002637792114,0.999996521,0.0501757711,0.9987404027,0,0,1.464257412,1.60912547,-1.42870629,1.647270947,0.1005333513,-0.003021808634,0.1190869426,-1.429606215,1.637249188,1.311237227,1.567004467,-0.056641884,0.04032611673,-0.5283610016,-0.05798504263,-0.1006208624,0.0313539186,0.06476324079,0.1227220068,-0.1388555807,-0.05796748807,-0.001943622597,0.1035657412,0.03903985515,-0.1017372601,0.1222564822,0.1394876933,-0.04480122331,0.008625495809,0.03430603914,0.008625495809,0.04713808246,0.1073769316,0.06786191963,0.01580257781,0.01208695465
5.38,-0.0007134703711,-0.06155856477,-0.2467164846,-0.006969088307,0.002637792114,0.999996521,0.0501757711,0.9987404027,0,0,1.463677562,1.608119261,-1.42839275,1.647918579,0.1017605714,-0.004410364441,0.1185072677,-1.429625651,1.638284846,1.311627626,1.565987094,-0.05541931918,0.04172099366,-0.5288090138,-0.05926111241,-0.1016219991,0.0325559786,0.06517247425,0.1233695715,-0.1401041889,-0.05962605073,-0.00125174857,0.1034445594,0.03799069372,-0.1021558827,0.1241828755,0.1401634358,-0.04487711307,0.008619015197,0.03463222887,0.008619015197,0.04804658511,0.108595341,0.06695341682,0.01447133017,0.01105129724
5.39,-0.003190019027,-0.06162806353,-0.2485942454,-0.006930653949,0.002637792114,0.999996521,0.0501757711,0.9987404027,0,0,1.463084951,1.607103041,-1.428067191,1.648570304,0.1029942671,-0.005811406329,0.1179110072,-1.429638168,1.639319291,1.312007533,1.564965535,-0.05417749042,0.04312262802,-0.529257785,-0.05941529673,-0.1023839295,0.03285850059,0.06604266648,0.1243422113,-0.1412509054,-0.0600644758,-0.0014910102,0.1041001146,0.03815579723,-0.1025512591,0.1251762721,0.1410889805,-0.0453342757,0.008612514467,0.03495793715,0.008612514467,0.04946554206,0.109685583,0.06553445934,0.01329413922,0.01001685165
5.4,-0.00568537342,-0.06169717766,-0.2504774487,-0.006892164232,0.002637792114,0.999996521,0.0501757711,0.9987404027,0,0,1.462490798,1.606079202,-1.427738606,1.649230731,0.1042376892,-0.007223915384,0.1173103624,-1.429653079,1.640360293,1.312389091,1.563940023,-0.0529257277,0.04453351783,-0.5297111277,-0.05957002499,-0.1031478281,0.03316180389,0.06691491644,0.1253173703,-0.1424005412,-0.06050404238,-0.001730730213,0.1047573596,0.03832134168,-0.1029478776,0.1261723082,0.1420169903,-0.04579263722,0.008606031283,0.03528568688,0.008606031283,0.0508952739,0.1107429767,0.06410472697,0.01206870691,0.0089758505
5.41,-0.008199582502,-0.06176590667,-0.2523650024,-0.006853630262,0.002637792114,0.999996521,0.0501757711,0.9987404027,0,0,1.461895097,1.605047724,-1.427406988,1.64989988,0.1054908629,-0.008647920796,0.116705322,-1.429670386,1.641407866,1.312772304,1.562910544,-0.05166400462,0.04595368773,-0.5301690541,-0.05972516423,-0.1039132464,0.03346572982,0.06778876756,0.1262944944,-0.1435524368,-0.06094449277,-0.001970784359,0.1054158664,0.03848719518,-0.1033454647,0.1271704471,0.142946906,-0.04625197558,0.008599566883,0.03561548309,0.008599566883,0.05233580868,0.1117674228,0.06266419166,0.0107948929,0.007928276904
5.42,-0.01073268437,-0.06183425016,-0.2542558274,-0.006815063016,0.002637792114,0.999996521,0.0501757711,0.9987404027,0,0,1.461297846,1.604008591,-1.42707233,1.650577768,0.1067538078,-0.01008344516,0.1160958771,-1.429690094,1.642462025,1.313157176,1.561877089,-0.05039230015,0.04738315679,-0.5306315738,-0.0598805833,-0.1046797412,0.0337701214,0.06866376882,0.1272730359,-0.1447059409,-0.06138557243,-0.002211050244,0.1060752133,0.03865322797,-0.1037437501,0.1281701581,0.1438781756,-0.04671207071,0.008593122544,0.03594732942,0.008593122544,0.05378716822,0.1127588223,0.06121283158,0.009472566138,0.006874118241
5.43,-0.0132847064,-0.06190220786,-0.2561488579,-0.006776473336,0.002637792114,0.999996521,0.0501757711,0.9987404027,0,0,1.46069904,1.602961794,-1.426734629,1.651264405,0.1080265382,-0.01153050457,0.1154820214,-1.429712204,1.643522777,1.313543709,1.560839652,-0.04911059857,0.04882193854,-0.5310986945,-0.0600361528,-0.105446875,0.03407482335,0.06953947467,0.1282524536,-0.1458604105,-0.06182703,-0.00245140731,0.1067349846,0.03881931238,-0.1041424667,0.1291709161,0.1448102538,-0.0471727046,0.008586699584,0.03628122819,0.008586699584,0.0552493682,0.1137170765,0.05975063105,0.008101605067,0.005813366107
5.44,-0.01585566537,-0.06196977959,-0.2580430412,-0.00673787193,0.002637792114,0.999996521,0.0501757711,0.9987404027,0,0,1.460098678,1.601907325,-1.426393881,1.6519598,0.1093090627,-0.01298910868,0.1148637511,-1.429736718,1.644590127,1.313931902,1.559798227,-0.04781888941,0.05027004108,-0.5315704216,-0.06082962144,-0.1062760155,0.03482656198,0.07014553005,0.1291253426,-0.1470548367,-0.06304955269,0.002205613242,0.09027443871,0.0185484719,-0.1045478772,0.1470884781,0.1448759113,-0.06724494432,0.008580299356,0.03661718042,0.008580299356,0.05672241824,0.1146420878,0.05827758046,0.006681897854,0.004746016261
5.45,-0.0184455676,-0.06203696529,-0.2599373375,-0.006699269374,0.002637792114,0.999996521,0.0501757711,0.9987404027,0,0,1.459490382,1.600844565,-1.426045615,1.652661255,0.1106003161,-0.01445965704,0.1142332555,-1.429714662,1.645492871,1.314117386,1.558752748,-0.04634800463,0.0517188002,-0.532242871,-0.06202425481,-0.1071437536,0.03585933809,0.07058132982,0.129930473,-0.1482733508,-0.06476305164,0.01004374889,0.06265511475,-0.01505436479,-0.1049574323,0.1760411874,0.1443831436,-0.1001162281,0.008573906829,0.03689974879,0.008573906829,0.05820632197,0.1157653739,0.05679367639,0.005392307017,0.003843271874
5.46,-0.02105440907,-0.06210376501,-0.2618307203,-0.006660676111,0.002637792114,0.999996521,0.0501757711,0.9987404027,0,0,1.45887014,1.599773128,-1.425687022,1.653367069,0.1118996209,-0.01594239055,0.113585625,-1.429614225,1.646119422,1.313966843,1.557703174,-0.04458759275,0.05316263163,-0.5332440333,-0.06219158781,-0.1079113186,0.03617238912,0.07145100242,0.1309068189,-0.1494269018,-0.06521869779,0.01004173432,0.06242660349,-0.01596498531,-0.1053561883,0.1779326579,0.1452792661,-0.1016180794,0.008567513258,0.03709279249,0.008567513258,0.05970107707,0.1172601302,0.05529892129,0.004400470694,0.003216720726
5.47,-0.02368217558,-0.06217017888,-0.2637221761,-0.006622102449,0.002637792114,0.999996521,0.0501757711,0.9987404027,0,0,1.458248224,1.598694014,-1.425325298,1.654081579,0.1132086891,-0.01743665957,0.112933438,-1.429513807,1.646743688,1.313807193,1.556649612,-0.04280826617,0.05461542429,-0.5342602141,-0.06235855567,-0.1086778267,0.03648513518,0.07231965841,0.1318819448,-0.1505789245,-0.06567372827,0.01004027389,0.06219616346,-0.01687697383,-0.1057543404,0.1798239024,0.1461740678,-0.1031205272,0.008561146613,0.0372850021,0.008561146613,0.06120667542,0.1187657296,0.05379332294,0.00344293429,0.002592454691
5.48,-0.02632884283,-0.06223620715,-0.2656107044,-0.006583558564,0.002637792114,0.999996521,0.0501757711,0.9987404027,0,0,1.457624638,1.597607236,-1.424960447,1.654804775,0.1145275085,-0.01894244881,0.1122767008,-1.429413405,1.64736565,1.313638423,1.555592069,-0.04101002715,0.05607716497,-0.5352914194,-0.06252503147,-0.1094428676,0.03679742516,0.07318688259,0.1328553437,-0.1517288159,-0.06612789981,0.01003940982,0.06196365843,-0.01779014664,-0.106151638,0.1817141757,0.1470670496,-0.1046230739,0.008554808383,0.03747637182,0.008554808383,0.06272310309,0.1202821584,0.05227689527,0.002519788783,0.001970493057
5.49,-0.02899437662,-0.06230185018,-0.2674953181,-0.0065450545,0.002637792114,0.999996521,0.0501757711,0.9987404027,0,0,1.456999388,1.596512807,-1.424592472,1.655536644,0.115856062,-0.02045973697,0.1116154218,-1.42931301,1.647985287,1.313460522,1.554530552,-0.03919288539,0.05754783547,-0.5363376501,-0.0626908901,-0.1102060366,0.03710910976,0.07405226521,0.1338265156,-0.1528759814,-0.06658097239,0.01003918253,0.0617289584,-0.01870431739,-0.1065478335,0.1836027381,0.1479577188,-0.1061252234,0.008548500086,0.03766689547,0.008548500086,0.06425034047,0.121809397,0.05074965789,0.001631122705,0.001350856472
5.5,-0.0316787329,-0.06236710841,-0.2693750428,-0.006506600166,0.002637792114,0.999996521,0.0501757711,0.9987404027,0,-0.5944881588,1.456372479,1.595410747,-1.424221381,1.656277167,0.1171943271,-0.02198849679,0.110949612,-1.429212619,1.648602576,1.313273479,1.553465074,-0.03735685801,0.05902741265,-0.5373989024,-0.06285600828,-0.1109669347,0.03742004148,0.074915402,0.134794967,-0.1540198342,-0.06703270924,0.06224800992,-0.1344606445,-0.2523168469,-0.1069426829,0.3785573879,0.1408149885,-0.340895585,0.008542223269,0.03785656653,0.008542223269,0.06578836235,0.12334742,0.04921163601,0.0007770219054,0.0007335668883
5.51,-0.03438185797,-0.06243198238,-0.2712489175,-0.006468205338,0.002637792114,0.999996521,0.044237526,0.9990210415,0,-0.5944881588,1.455743919,1.594301078,-1.423847181,1.657026321,0.1185422768,-0.02352869513,0.1102792849,-1.428590139,1.64725797,1.31075031,1.552395647,-0.03357128413,0.06043556254,-0.5408078582,-0.06445188907,-0.1118557333,0.03874902191,0.07515312977,0.1355417833,-0.155220086,-0.06921426308,0.1353175891,-0.3991156141,-0.5691845595,-0.1073329396,0.6408458314,0.1346397402,-0.6561363664,0.008535979503,0.03741156057,0.008535979503,0.06733713794,0.1189513151,0.04766286042,0.005902450911,0.002078173334
5.52,-0.03710368859,-0.06249647275,-0.2731159942,-0.006429879661,0.002637792114,0.999996521,0.03829771747,0.9992663733,0,-0.5944881588,1.4550994,1.59318252,-1.423459691,1.657777852,0.1198976946,-0.02508089599,0.1095871423,-1.427236963,1.643266814,1.305058465,1.551322318,-0.02716282582,0.06178195994,-0.5473692219,-0.06498643489,-0.1126473991,0.03932919586,0.07568310333,0.1364679056,-0.1562163867,-0.07006936024,0.1302585161,-0.3698366358,-0.5371085251,-0.1079267126,0.614002835,0.1407889255,-0.6231052681,0.008529734595,0.03611286754,0.008529734595,0.06826721237,0.1145650388,0.04673278646,0.01043407641,0.006069329475
5.53,-0.03984415208,-0.06256058024,-0.2749753379,-0.006391632642,0.002637792114,0.999996521,0.03235655545,0.9994763896,0,-0.5944881588,1.454449536,1.592056046,-1.423066399,1.658534683,0.1212623737,-0.02664305986,0.1088864487,-1.425934377,1.639568447,1.299687379,1.550243051,-0.02102279747,0.0631898492,-0.5536002746,-0.06516112515,-0.1134000056,0.03964641894,0.07652306219,0.1374240997,-0.1573390704,-0.07052834288,0.1359948031,-0.3814514137,-0.5537426888,-0.1083272604,0.627191771,0.1458601262,-0.6391706237,0.008523516782,0.03491183771,0.008523516782,0.06905229742,0.1101912142,0.04603458606,0.0148087885,0.009767695833
5.54,-0.04260316649,-0.06262430569,-0.2768260267,-0.006353473661,0.002637792114,0.999996521,0.0264142499,0.9996510828,0,-0.5944881588,1.453797924,1.590922046,-1.422669935,1.659299914,0.1226366147,-0.02821645056,0.1081811653,-1.424574429,1.635753933,1.294149952,1.549159778,-0.01475087976,0.06464845046,-0.5599919808,-0.06533352277,-0.1141485271,0.03996114852,0.07736933407,0.1383745703,-0.1584651144,-0.07098621819,0.1379731573,-0.3792505608,-0.5538969404,-0.1087137211,0.6267968602,0.1512491633,-0.6387556962,0.00851733683,0.03367656061,0.00851733683,0.06984269691,0.1058271304,0.04529628166,0.01917287169,0.01358220997
5.55,-0.04538064073,-0.06268765004,-0.278667152,-0.00631541196,0.002637792114,0.999996521,0.02047101083,0.9997904469,0,-0.5944881588,1.453144589,1.589780561,-1.422270323,1.660073607,0.1240203604,-0.0298011017,0.1074713031,-1.423194698,1.631961428,1.288610983,1.548072641,-0.008482911157,0.06616094209,-0.5663795377,-0.06550452517,-0.1148928585,0.04027436911,0.07821144656,0.1393199622,-0.1595850281,-0.07144154275,0.1401386867,-0.3769680884,-0.5540957353,-0.1090976682,0.6263459848,0.1568208527,-0.6382957777,0.008511196435,0.03245161587,0.008511196435,0.07063838475,0.1014736233,0.04451169153,0.02352637818,0.01737471558
5.56,-0.04817647467,-0.06275061429,-0.2804978182,-0.006277456649,0.002637792114,0.999996521,0.01452704828,0.9998944769,0,-0.594488252,1.452489544,1.588631632,-1.421867579,1.660855721,0.12541356,-0.03139695199,0.1067568877,-1.421793311,1.628191747,1.283070026,1.546981664,-0.002219451309,0.06772915062,-0.5727624955,-0.06567401416,-0.1156326334,0.04058594027,0.07904903047,0.1402598226,-0.1606982727,-0.07189409243,0.1422882333,-0.3746629133,-0.554313042,-0.1094788773,0.6258408259,0.1623810853,-0.6378025136,0.008505097278,0.03123726724,0.008505097278,0.07143933226,0.09713063555,0.04368080964,0.02786936534,0.02114439646
5.57,-0.05099055929,-0.06281319955,-0.2823171425,-0.006239616706,0.002637792114,0.999996521,0.008582571391,0.9999631691,0,-0.5944881588,1.451832804,1.587475306,-1.42146172,1.661646212,0.1268161582,-0.03300393471,0.1060379467,-1.420370429,1.624445118,1.277526895,1.545886875,0.00403895695,0.06935296147,-0.5791405207,-0.06680592442,-0.1164529696,0.04159369466,0.07945177798,0.141060465,-0.1618262973,-0.0734979893,0.1448649624,-0.3725211536,-0.5548363725,-0.1098425901,0.6255823684,0.1675336761,-0.6363329082,0.008499041057,0.03003359119,0.008499041057,0.07224550821,0.09279810372,0.04280363922,0.03220189657,0.0248910256
5.58,-0.05382277681,-0.06287540704,-0.2841242557,-0.006201900976,0.002637792114,0.999996521,0.002637792114,0.999996521,0,0,1.451164744,1.586310776,-1.421045783,1.66244073,0.1282267629,-0.03462219769,0.1053029669,-1.418921779,1.620719906,1.271978531,1.54478845,0.01029478063,0.07102829823,-0.5855038497,-0.06788624275,-0.1172634011,0.04256326909,0.07987132752,0.1418611873,-0.1629448649,-0.07503876367,-0.00465070624,0.1182667576,0.03915110331,-0.1102040953,0.1402757714,0.1644096996,-0.04555182006,0.008493005886,0.02884007928,0.008493005886,0.07347596161,0.08847596221,0.04152404016,0.03652403764,0.02861623713
5.59,-0.05667300084,-0.06293723802,-0.2859183014,-0.006164318168,0.002637792114,0.999996521,0.002637792114,0.999996521,0,0,1.450485882,1.585138142,-1.42062015,1.663239443,0.1296453747,-0.03625164633,0.1045525792,-1.418968286,1.621902574,1.272370042,1.543686409,0.01169753835,0.07267239523,-0.5859593679,-0.06806218216,-0.1179881188,0.04287730708,0.08068772015,0.1427796707,-0.1640344275,-0.07549537099,-0.00488686663,0.118962544,0.03938227576,-0.1105758887,0.14112868,0.165325387,-0.04585815393,0.008486994918,0.02920965203,0.008486994918,0.07510901865,0.09010901924,0.03989098252,0.0348909803,0.02743356955
5.6,-0.05954109647,-0.06299869387,-0.2876984362,-0.006126876861,0.002637792114,0.999996521,0.002637792114,0.999996521,0,0,1.44980526,1.583958261,-1.420191377,1.66404632,0.1310731714,-0.03789199061,0.1037976255,-1.419017155,1.623092199,1.272763865,1.54258065,0.01310882515,0.0743256491,-0.5864179495,-0.06823605938,-0.118706861,0.04318908486,0.08149820394,0.143690891,-0.1651152445,-0.07594822724,-0.005121429566,0.1196525353,0.03961173037,-0.1109440814,0.1419748016,0.1662333998,-0.0461620046,0.00848103205,0.02958139436,0.00848103205,0.07675231535,0.09175231594,0.03824768521,0.03324768329,0.02624394411
5.61,-0.06242692043,-0.06305977605,-0.28946383,-0.0060895855,0.002637792114,0.999996521,0.002637792114,0.999996521,0,0,1.4491229,1.582771193,-1.419759486,1.664861302,0.1325100804,-0.03954314305,0.1030381432,-1.419068369,1.624288724,1.273159983,1.541471209,0.01452857316,0.0759879831,-0.5868795695,-0.06840776002,-0.1194192882,0.04349846786,0.08230243936,0.1445944296,-0.1661868174,-0.07639711856,-0.005354306799,0.1203364019,0.03983936366,-0.1113084656,0.1428137431,0.1671332998,-0.04646323132,0.008475119032,0.02995528813,0.008475119032,0.07840576962,0.09340577022,0.03659423031,0.03159422871,0.02504741876
5.62,-0.06533032121,-0.06312048611,-0.2912136658,-0.006052452394,0.002637792114,0.999996521,0.002637792114,0.999996521,0,0,1.448438822,1.581577,-1.419324502,1.665684326,0.1339560247,-0.04120501123,0.1022741721,-1.419121912,1.625492088,1.273558376,1.540358124,0.0159567106,0.07765931609,-0.5873442018,-0.06857717157,-0.1201250665,0.04380532355,0.08310009228,0.1454898743,-0.1672486558,-0.07684183454,-0.005585411567,0.1210138196,0.04006507369,-0.1116688367,0.1436451176,0.1680246556,-0.04676169562,0.008469257623,0.03033131414,0.008469257623,0.08006929467,0.09506929527,0.03493070464,0.02993070335,0.02384405474
5.63,-0.0682511392,-0.06318082566,-0.2929471395,-0.006015485723,0.002637792114,0.999996521,0.002637792114,0.999996521,0,0,1.44775305,1.580375749,-1.418886448,1.666515327,0.1354109234,-0.04287749779,0.1015057537,-1.419177766,1.626702227,1.273959027,1.539241436,0.01739316177,0.07933956265,-0.5878118188,-0.06966438949,-0.1209003773,0.04478630936,0.08347375449,0.1462624246,-0.1683037862,-0.0783695175,-0.005238642076,0.1215899285,0.03997363575,-0.1120011146,0.1447538898,0.1687022192,-0.04616187391,0.008463449588,0.03070945219,0.008463449588,0.08174279904,0.09674279964,0.03325719965,0.02825719866,0.02263391655
5.64,-0.07118920682,-0.0632407964,-0.2946634602,-0.005978693532,0.002637792114,0.999996521,0.002637792114,0.999996521,0,0,1.447056406,1.579166745,-1.418438585,1.667350065,0.1368735476,-0.04456053565,0.1007220585,-1.419230153,1.627918126,1.274358763,1.538121425,0.01884070067,0.08102658484,-0.5882734375,-0.07088472967,-0.1216795414,0.04586420577,0.08377818909,0.1470088106,-0.1693481591,-0.08005282218,-0.004804687019,0.1221448587,0.03983348567,-0.1123255964,0.1458967662,0.1693404737,-0.04542691177,0.008457674748,0.0310893805,0.008457674748,0.08330937943,0.09814879864,0.03196800816,0.02696800749,0.02141801726
5.65,-0.07414434864,-0.06330040013,-0.2963618503,-0.005942083731,0.002637792114,0.999996521,0.002637792114,0.999996521,0,0,1.446347559,1.57794995,-1.417979943,1.668187847,0.1383436357,-0.04625401724,0.09992153031,-1.4192782,1.629139574,1.274757098,1.536998169,0.02029966833,0.08271998958,-0.5887277067,-0.07105762576,-0.1223641718,0.0461707244,0.08454844751,0.1478756469,-0.1703771788,-0.08049671144,-0.005022609518,0.1227996844,0.04004886543,-0.1126726331,0.1467070956,0.1702015914,-0.04570538556,0.008451931848,0.03147103178,0.008451931848,0.08472210993,0.0992758253,0.03112142262,0.02612142226,0.02019656868
5.66,-0.07711638151,-0.06335963871,-0.2980415449,-0.005905664101,0.002637792114,0.999996521,0.002637792114,0.999996521,0,0,1.445636983,1.576726308,-1.417518236,1.669033331,0.1398223922,-0.04795778903,0.09911656319,-1.419328426,1.630367571,1.275157587,1.535871442,0.02176673929,0.08442200549,-0.5891847605,-0.07122767449,-0.123040862,0.04647411246,0.08531089918,0.1487328235,-0.1713945822,-0.08093546769,-0.005238507286,0.1234468306,0.04026197344,-0.1130148746,0.1475083319,0.1710525382,-0.04598068984,0.008446247657,0.03185472374,0.008446247657,0.08610279155,0.1004494176,0.03026999814,0.0252699981,0.01896857183
5.67,-0.08010511471,-0.06341851408,-0.2997017925,-0.005869442285,0.002637792114,0.999996521,0.002637792114,0.999996521,0,0,1.444924706,1.5754959,-1.417053495,1.66988644,0.1413097205,-0.04967173485,0.09830720852,-1.419380811,1.63160204,1.275560207,1.534741294,0.02324182261,0.08613253088,-0.5896445674,-0.07139476788,-0.1237093053,0.04677424407,0.08606523931,0.1495799622,-0.1723999191,-0.08136889186,-0.005452304067,0.1240859999,0.0404727173,-0.1133521331,0.1483001176,0.1718929187,-0.04625270233,0.008440623954,0.03224043224,0.008440623954,0.08745136188,0.101669474,0.02941378938,0.02441378966,0.01773410353
5.68,-0.08311035007,-0.06347702824,-0.3013418545,-0.005833425796,0.002637792114,0.999996521,0.002637792114,0.999996521,0,0,1.444210758,1.574258806,-1.416585752,1.670747093,0.1428055201,-0.05139573404,0.0974935196,-1.419435334,1.6328429,1.275964934,1.533607772,0.02472482378,0.08785146006,-0.5901070944,-0.07155879996,-0.1243692001,0.04707099549,0.08681116849,0.1504166915,-0.1733927472,-0.08179678842,-0.005663925009,0.1247169005,0.0406810061,-0.1136842237,0.1490821013,0.172722345,-0.04652130294,0.008435062518,0.03262813222,0.008435062518,0.08876776169,0.1029358834,0.02855285309,0.02355285369,0.01649324353
5.69,-0.08613188209,-0.0635351833,-0.3029610055,-0.005797622013,0.002637792114,0.999996521,0.002637792114,0.999996521,0,0,1.44349517,1.573015114,-1.416115043,1.671615204,0.144309687,-0.05312966151,0.09667555171,-1.419491973,1.634090069,1.276371744,1.53247093,0.0262156448,0.08957868351,-0.5905723075,-0.07300848334,-0.1251210653,0.04832681617,0.0869506557,0.1510996319,-0.1743536006,-0.08372471021,-0.005086927851,0.1252046366,0.04046415775,-0.1139632782,0.1502648745,0.1732402805,-0.04555389523,0.008429565122,0.03301779767,0.008429565122,0.09005193489,0.1042485253,0.02768724816,0.02268724908,0.01524607452
5.7,-0.0891694981,-0.06359298142,-0.3045585333,-0.005762038182,0.002637792114,0.999996521,0.002637792114,0.999996521,0,0,1.442765086,1.571763904,-1.415631774,1.672484711,0.1458206833,-0.05487319752,0.09583830461,-1.419542842,1.635342115,1.276776385,1.531331297,0.02771829354,0.09131108632,-0.5910278464,-0.07394517568,-0.1258238518,0.04919830155,0.087317361,0.151827565,-0.1753079732,-0.08505092226,-0.004818568689,0.1257368432,0.04041194167,-0.1142558958,0.1512749987,0.1738655343,-0.0450701708,0.008424103544,0.0334089741,0.008424103544,0.09123534656,0.1059140947,0.02627186705,0.02127186799,0.01399402816
5.71,-0.09222297835,-0.06365042482,-0.3061337385,-0.005726681416,0.002637792114,0.999996521,0.002637792114,0.999996521,0,0,1.442025634,1.570505665,-1.415139791,1.673357884,0.147338959,-0.05662627725,0.09498779539,-1.419591028,1.636599483,1.277180505,1.530188738,0.02923104353,0.09304974166,-0.5914785481,-0.07410990259,-0.1264570801,0.04949200557,0.08803121156,0.1526292021,-0.1762597615,-0.08547301138,-0.005016765075,0.1263402284,0.04060905416,-0.1145713027,0.1520293208,0.174657784,-0.04531766159,0.008418691639,0.03380180271,0.008418691639,0.09241027989,0.1077784962,0.02452235253,0.01952235331,0.01273665972
5.72,-0.09529209617,-0.06370751582,-0.3076859351,-0.005691558693,0.002637792114,0.999996521,0.002637792114,0.999996521,0,0,1.441284535,1.569241094,-1.414644871,1.674238197,0.148865251,-0.05838887487,0.09413306528,-1.419641196,1.637862886,1.277586595,1.529043025,0.03075133674,0.0947963195,-0.5919317247,-0.07427100586,-0.1270805964,0.04978173795,0.08873558077,0.1534190282,-0.177197355,-0.08588864205,-0.005212596601,0.1269342464,0.04080341519,-0.1148808412,0.1527724466,0.1754376328,-0.0455614332,0.008413349103,0.03419650979,0.008413349103,0.09363243743,0.1096511526,0.02276387834,0.01776387896,0.01147325744
5.73,-0.09837661811,-0.0637642568,-0.30921445,-0.00565667686,0.002637792114,0.999996521,0.002637792114,0.999996521,0,0,1.440541825,1.567970289,-1.414147054,1.675125552,0.1503994413,-0.06016084842,0.09327417886,-1.419693322,1.639132228,1.277994629,1.527894217,0.0322790612,0.09655069583,-0.5923873391,-0.07442838478,-0.1276941262,0.05006738235,0.08943019816,0.1541967054,-0.1781203514,-0.08629763115,-0.005405998109,0.127518632,0.04099494314,-0.1151843433,0.1535040545,0.1762047282,-0.04580138076,0.008408077688,0.03459306583,0.008408077688,0.09490165185,0.111531935,0.02099657825,0.0159965787,0.01020391498
5.74,-0.101476304,-0.06382065019,-0.3107186233,-0.00562204263,0.002637792114,0.999996521,0.002637792114,0.999996521,0,0,1.439797541,1.566693347,-1.41364638,1.676019854,0.1519414083,-0.06194205193,0.09241120254,-1.419747382,1.640407414,1.278404579,1.526742374,0.03381410175,0.09831274311,-0.5928453529,-0.07458194065,-0.1282974005,0.05034882467,0.09011479855,0.1549619026,-0.1790283563,-0.08669979918,-0.005596905765,0.1280931255,0.04118355795,-0.1154816442,0.1542238291,0.1769587252,-0.04603740146,0.008402879131,0.03499144048,0.008402879131,0.09621774642,0.1134207105,0.01922058984,0.01422059012,0.008928728656
5.75,-0.1045909073,-0.0638766985,-0.312197808,-0.005587662582,0.002637792114,0.999996521,0.002637792114,0.999996521,0,0,1.439051722,1.565410373,-1.413142892,1.676921002,0.1534910273,-0.06373233549,0.09154420455,-1.419803351,1.641688346,1.278816414,1.525587557,0.03535634004,0.1000823304,-0.5933057269,-0.07679141227,-0.1290412066,0.05218488125,0.08981715017,0.1555117624,-0.1798530097,-0.08947221161,-0.0007684969707,0.1156585836,0.0250066148,-0.1156712909,0.1680537372,0.1778571576,-0.0597223623,0.008397755159,0.03539160256,0.008397755159,0.09758053512,0.115317343,0.01743605444,0.01243605455,0.007647797401
5.76,-0.1077201748,-0.06393240431,-0.3136513705,-0.005553543163,0.002637792114,0.999996521,0.002637792114,0.999996521,0,0,1.438283807,1.564119961,-1.412621043,1.677819174,0.155046145,-0.06553086559,0.09064948244,-1.419811036,1.642844932,1.279066481,1.524430844,0.03703687741,0.1018609019,-0.5939029505,-0.07703494695,-0.1296300267,0.05253166852,0.09043414928,0.1562408599,-0.1807258615,-0.08997329727,-0.0006267120321,0.1152942162,0.02403585264,-0.1159509634,0.1696705254,0.1786083341,-0.06095115425,0.008392660685,0.03575201205,0.008392660685,0.09935688101,0.1172216918,0.01564311703,0.01064311715,0.006491211565
5.77,-0.1108638472,-0.06398777025,-0.3150786901,-0.005519690687,0.002637792114,0.999996521,0.002637792114,0.999996521,0,0,1.437513458,1.562823661,-1.412095726,1.678723515,0.1566085536,-0.06733812421,0.08974974946,-1.419817303,1.643997874,1.279306839,1.523271335,0.03873358266,0.1036469853,-0.5945124621,-0.07718569548,-0.1302013073,0.05280681011,0.09108220163,0.1569652326,-0.1815854982,-0.09036470266,-0.0006965632872,0.1154732115,0.02375935595,-0.116228322,0.1707152087,0.1793389369,-0.06160331321,0.008387642272,0.03611119944,0.008387642272,0.1011580715,0.1191336142,0.01384192622,0.008841926335,0.005338269403
5.78,-0.1140216591,-0.06404279903,-0.3164791592,-0.005486111334,0.002637792114,0.999996521,0.002637792114,0.999996521,0,0,1.436741601,1.561521648,-1.411567658,1.679634337,0.1581782059,-0.06915397919,0.08884610244,-1.419824268,1.645152606,1.279544433,1.522109051,0.04044073475,0.1054403746,-0.5951284952,-0.07733206122,-0.1307612976,0.05307717546,0.09171931838,0.1576758864,-0.1824286538,-0.09074839124,-0.0007643573786,0.1156432649,0.02348207322,-0.1164988619,0.1717449182,0.180055072,-0.06224902071,0.008382703618,0.03647089967,0.008382703618,0.1029673633,0.1210529636,0.01203263411,0.007032634223,0.004183537289
5.79,-0.1171933389,-0.06409749341,-0.3178521834,-0.00545281115,0.002637792114,0.999996521,0.002637792114,0.999996521,0,0,1.43596828,1.560214035,-1.411036887,1.680551531,0.1597549648,-0.07097826573,0.08793861852,-1.419831912,1.646309038,1.279779253,1.520944063,0.04215818393,0.1072409254,-0.5957509854,-0.0774739516,-0.1313097555,0.05334265866,0.09234526289,0.1583725236,-0.1832549738,-0.09112419699,-0.0008300605173,0.1158042144,0.02320402195,-0.1167624351,0.1727592985,0.1807564258,-0.06288810233,0.00837784639,0.03683108436,0.00837784639,0.1047846008,0.1229795899,0.01021539625,0.005215396362,0.00302710464
5.8,-0.1203786093,-0.0641518562,-0.3191971812,-0.005419796049,0.002637792114,0.999996521,0.002637792114,0.999996521,0,0,1.435193541,1.558900937,-1.41050346,1.681474983,0.16133869,-0.07281081546,0.08702737655,-1.419840213,1.647467081,1.280011294,1.519776438,0.04388577692,0.1090484896,-0.5963798664,-0.07858816545,-0.1319132256,0.05435402189,0.09249175803,0.1589706586,-0.1840146392,-0.09260593849,0.01194099544,0.07520683426,-0.02768203265,-0.116961096,0.2134528983,0.1840947001,-0.1116691339,0.00837307223,0.03719172463,0.00837307223,0.1066096251,0.1249133399,0.008390371558,0.00339037167,0.001869062496
5.81,-0.1235771872,-0.0642058903,-0.3205135844,-0.005387071813,0.002637792114,0.999996521,0.002637792114,0.999996521,0,0,1.434407659,1.557581805,-1.40995992,1.682399901,0.1629283966,-0.07465096186,0.08610131717,-1.419720803,1.648219149,1.279734473,1.518606827,0.0460203059,0.1108894366,-0.5974965578,-0.07997826937,-0.1325237474,0.05557583365,0.09249194146,0.1595296468,-0.1847420152,-0.09439919382,0.02839223582,0.02291897652,-0.09311166131,-0.1171361673,0.2655346446,0.1881913634,-0.1742455631,0.008269291394,0.03742259278,0.008269291394,0.1080400333,0.1261773444,0.006959963426,0.002362204716,0.001116994153
5.82,-0.1267887838,-0.06425959863,-0.3218008377,-0.005354644089,0.002637792114,0.999996521,0.002637792114,0.999996521,0,0,1.433607876,1.556256568,-1.409404161,1.68332482,0.164523693,-0.07649838201,0.08515732523,-1.41943688,1.648448339,1.278803357,1.517435466,0.04867565235,0.1127713503,-0.5992390134,-0.08011486441,-0.1330366264,0.05583258122,0.09307847879,0.160181247,-0.1855145645,-0.09476000036,0.02843597441,0.02271978069,-0.09385382722,-0.117377836,0.2668593695,0.1888869639,-0.1752560943,0.007842335356,0.03748639926,0.007842335356,0.1089600881,0.1265486036,0.006039909179,0.002362204716,0.0008878043882
5.83,-0.130013105,-0.06431298419,-0.3230583992,-0.005322518389,0.002637792114,0.999996521,0.002637792114,0.999996521,0,0,1.432806728,1.554926201,-1.408845836,1.684255605,0.1661255055,-0.07835352765,0.08420972523,-1.41915252,1.648675537,1.277864818,1.516261687,0.05134424604,0.1146602199,-0.6009915743,-0.08024642696,-0.133537045,0.05608388703,0.09365305088,0.1608177261,-0.1862689531,-0.09511206106,0.02847923432,0.02251944828,-0.09458588271,-0.1176119892,0.2681589533,0.1895659808,-0.1762492036,0.007413739201,0.03754960081,0.007413739201,0.1098837881,0.1268809768,0.005116209627,0.002362204716,0.0006606065813
5.84,-0.1332498511,-0.06436605002,-0.3242857397,-0.005290700097,0.002637792114,0.999996521,0.002637792114,0.999996521,0,0,1.432004264,1.553590831,-1.408284997,1.685192135,0.1677336828,-0.08021621718,0.08325860462,-1.418867728,1.648900731,1.27691896,1.515085567,0.05402583557,0.1165558797,-0.6027540664,-0.08037287128,-0.1340247877,0.05632965407,0.09421544926,0.16143882,-0.1870048667,-0.0954552244,0.028521999,0.02231798371,-0.09530762125,-0.1178384955,0.2694329307,0.1902281234,-0.177224561,0.006983543805,0.03761219691,0.006983543805,0.1108110477,0.1271745687,0.004188950592,0.002362204716,0.0004354120985
5.85,-0.1364987173,-0.06441879923,-0.3254823434,-0.005259194459,0.002637792114,0.999996521,0.002637792114,0.999996521,0,0,1.431200535,1.552250583,-1.4077217,1.68613429,0.169348071,-0.08208626585,0.08230405237,-1.418582508,1.649123911,1.275965883,1.513907183,0.05672016488,0.1184581609,-0.604526312,-0.08058782469,-0.1345056068,0.05664287851,0.09471965547,0.1620372712,-0.1877156157,-0.09589500003,0.02891124612,0.02121887513,-0.09719603255,-0.1180505763,0.2715289711,0.1910507752,-0.1791812984,0.006551790755,0.03767418704,0.006551790755,0.1117417794,0.1274294893,0.003258219393,0.002362204716,0.0002122322613
5.86,-0.1397593938,-0.06447123497,-0.3266477075,-0.005228006591,0.002637792114,0.999996521,0.002637792114,0.999996521,-0.5944881821,0,1.430394657,1.550905527,-1.407155271,1.687081487,0.1709684437,-0.08396342201,0.08134510237,-1.418293396,1.6493361,1.274993923,1.512726677,0.05943545459,0.1203686687,-0.606318125,0.0007214358663,0.3821906447,-0.4868915639,0.09417553775,0.6697815841,-0.08276994046,-0.6931157118,0.03709892595,-2.220446049e-14,-0.1255094791,-0.1181044817,0.2926327641,0.195865505,-0.203535121,0.006118485755,0.03773270866,0.006118485755,0.1127139944,0.1276377952,0.00224790499,0.002362204716,4.351000737e-08
5.87,-0.1430315657,-0.06452336044,-0.3277813421,-0.005197141473,-0.00330708062,0.9999945316,0.002637792114,0.999996521,-0.5944882287,0,1.430401871,1.554727433,-1.412024187,1.688023242,0.1776662595,-0.08479112141,0.07441394525,-1.417922406,1.6493361,1.273738828,1.511545632,0.06236178223,0.1223273237,-0.6083534762,-0.0003110628004,0.3821992559,-0.4860645317,0.09469608756,0.6714367733,-0.07976836672,-0.6932816719,0.037084027,0,-0.1259655874,-0.1183068251,0.2936365258,0.1964778898,-0.2042016918,0.007412115564,0.03772356951,0.007412115564,0.1086439278,0.1276377952,0.005380563493,0.002362204716,4.35100076e-08
5.88,-0.1463149133,-0.06457517889,-0.3288827708,-0.005166603954,-0.009251836943,0.9999572008,0.002637792114,0.999996521,-0.5944881588,0,1.43039876,1.558549426,-1.416884832,1.688970203,0.1843806273,-0.08558880508,0.06748112854,-1.417551566,1.6493361,1.272479172,1.510362564,0.06529814749,0.1242921026,-0.6103954931,-0.002933298823,0.3826161851,-0.4851263217,0.09520379481,0.6727987116,-0.07498246624,-0.693230773,0.03706805025,-2.220446049e-14,-0.1264090037,-0.1185010441,0.2946118688,0.197071924,-0.2048481261,0.008362322711,0.03771454286,0.008362322711,0.1045802639,0.1276377952,0.008503617651,0.002362204716,4.35100076e-08
5.89,-0.1496091122,-0.06462669363,-0.32995153,-0.005136398748,-0.01519626559,0.9998845301,0.002637792114,0.999996521,-0.5944881588,0,1.430369427,1.562375588,-1.421736096,1.689922241,0.1911086144,-0.08633862974,0.06054882081,-1.417180886,1.6493361,1.271215082,1.509177553,0.06824426618,0.1262628219,-0.6124439744,-0.005556216323,0.3830231274,-0.4842140458,0.09569847878,0.674098723,-0.07014837408,-0.6931227954,0.03705097982,2.220446049e-14,-0.126839548,-0.118687024,0.295558389,0.1976473486,-0.2054741427,0.008371681194,0.0377056314,0.008371681194,0.100522818,0.1276377952,0.01161734509,0.002362204716,4.351000782e-08
5.9,-0.1529138335,-0.06467790799,-0.3309871692,-0.005106530439,-0.02114015718,0.9997765219,0.002637792114,0.999996521,-0.5944881588,0,1.430313865,1.566205819,-1.426578236,1.690879226,0.1978496016,-0.08704011348,0.05361759285,-1.416810376,1.6493361,1.269946687,1.507990683,0.07119985007,0.1282392954,-0.6144987158,-0.007729384286,0.3833262919,-0.4833394686,0.09617996392,0.6754150014,-0.0657623853,-0.693017824,0.03703280027,2.220446049e-14,-0.1272570452,-0.1188646532,0.296475694,0.198203912,-0.2060794685,0.008381829159,0.0376968378,0.008381829159,0.09647140105,0.1276377952,0.01472202923,0.002362204716,4.35100076e-08
5.91,-0.1562287438,-0.06472882537,-0.3319892511,-0.005077003474,-0.02708330165,0.9996331801,0.002637792114,0.999996521,-0.5944883451,0,1.430236571,1.570039082,-1.431411631,1.691841025,0.2046037516,-0.08769773733,0.04668741461,-1.416440048,1.6493361,1.268674116,1.506802036,0.07416460701,0.1302213345,-0.6165595105,-0.0115977968,0.3835200483,-0.481129406,0.09577433738,0.6765833069,-0.06119620316,-0.6948314425,0.0384684387,0,-0.1289901899,-0.1188914452,0.2968838238,0.2011202088,-0.2051426022,0.008392775116,0.03768816467,0.008392775116,0.09242582192,0.1276377952,0.01781795661,0.002362204716,4.351000737e-08
5.92,-0.1595535053,-0.06477944921,-0.3329573515,-0.005047822168,-0.03302549081,0.9994545097,0.002637792114,0.999996521,-0.5944881588,0,1.430120593,1.573874282,-1.436222925,1.692798769,0.2113695847,-0.08830969937,0.03973910019,-1.416055363,1.6493361,1.267384215,1.505613122,0.07713344524,0.1322325366,-0.6186109365,-0.01432608692,0.3837848118,-0.4798197392,0.09593051965,0.6777670325,-0.0566891197,-0.69531383,0.03895399017,-2.220446049e-14,-0.1298437882,-0.1190027674,0.2975759329,0.2024660328,-0.205176467,0.008404481956,0.03767955128,0.008404481956,0.08838588527,0.1282839662,0.02296897628,0.002362204716,4.351000737e-08
5.93,-0.1628877761,-0.06482978298,-0.3338910591,-0.005018990705,-0.03896651094,0.9992405171,0.002637792114,0.999996521,-0.5944881588,0,1.429977333,1.577712131,-1.441021122,1.693758074,0.218147255,-0.08887659056,0.03278596189,-1.415665824,1.6493361,1.266085777,1.504423094,0.08010920457,0.1342571969,-0.6206627012,-0.0164556831,0.3841021437,-0.4789950679,0.09636441723,0.6789316077,-0.05219472077,-0.6950708149,0.03893769328,0,-0.1302266164,-0.1191544542,0.2984029221,0.2029737029,-0.2057123454,0.008416976623,0.03767104473,0.008416976623,0.08435139896,0.1291883952,0.02886308997,0.002362204716,4.35100076e-08
5.94,-0.1662312105,-0.06487983021,-0.3347899759,-0.004990513133,-0.04490615394,0.9989912098,0.002637792114,0.999996521,0,0,1.429812776,1.581553152,-1.445811073,1.694721718,0.2249365711,-0.08939853777,0.02583525374,-1.415276447,1.6493361,1.26478351,1.50323155,0.08309323379,0.1362869339,-0.6227198246,-0.08335922821,-0.1381931748,0.06422308098,0.09678436902,0.1716562011,-0.1847773419,-0.103581001,0.03892002466,0,-0.130595559,-0.1192973957,0.2991993034,0.203461242,-0.2062267374,0.008430274837,0.03766266979,0.008430274837,0.08032216291,0.130133486,0.03479524024,0.002362204716,4.35100076e-08
5.95,-0.1695834584,-0.06492959444,-0.335653717,-0.004962393368,-0.04490615394,0.9989912098,0.002637792114,0.999996521,0,0,1.428979183,1.58017122,-1.445168842,1.695689562,0.2266531331,-0.09124631119,0.02479944373,-1.414887246,1.6493361,1.263477555,1.502038576,0.08608522683,0.1383215464,-0.624782092,-0.08342728206,-0.1385276135,0.06442322558,0.09719414516,0.1720974775,-0.1852677964,-0.1038295502,0.0389009689,0,-0.1309504649,-0.119431497,0.2999647426,0.203928432,-0.2067194127,0.008423535233,0.03765442896,0.008423535233,0.08224285828,0.1311189744,0.03482038173,0.002362204716,4.35100076e-08
5.96,-0.1729441663,-0.06497907928,-0.3364819105,-0.004934635193,-0.04490615394,0.9989912098,0.002637792114,0.999996521,0,0,1.428144911,1.578785944,-1.44452461,1.696661503,0.2283741079,-0.09309898915,0.02376114822,-1.414498237,1.6493361,1.26216805,1.500844261,0.08908487425,0.1403608307,-0.6268492861,-0.08473754285,-0.1389344113,0.06560147222,0.09686573564,0.1724801675,-0.1855465542,-0.1054681668,0.03995064686,0,-0.132277229,-0.119542175,0.3003719734,0.2061508737,-0.206082544,0.008416893066,0.03764632469,0.008416893066,0.08416840084,0.1321445913,0.03488322808,0.002362204716,4.35100076e-08
5.97,-0.1763129769,-0.06502828836,-0.3372741976,-0.004907242257,-0.04490615394,0.9989912098,0.002637792114,0.999996521,0,0,1.427297535,1.5773966,-1.443868595,1.69763016,0.2300989096,-0.09495445469,0.02270646656,-1.41409873,1.6493361,1.260845278,1.499648839,0.09208859399,0.1424223394,-0.6289101116,-0.08591147079,-0.1393169435,0.066670393,0.09661072444,0.1728456789,-0.1858350686,-0.1069531268,0.04088549455,0,-0.1334834549,-0.1196288218,0.3007820028,0.2081563515,-0.2055384995,0.008410320856,0.0376383184,0.008410320856,0.08553785486,0.1326377904,0.03390140935,0.002362204716,4.35100076e-08
5.98,-0.1796895294,-0.06507722535,-0.3380302327,-0.004880218077,-0.04490615394,0.9989912098,0.002637792114,0.999996521,0,0,1.42643842,1.576003431,-1.443201891,1.698596268,0.2318273663,-0.09681280538,0.02163693529,-1.413689875,1.6493361,1.259510443,1.498452551,0.09509641402,0.1445039029,-0.6309654965,-0.08596553968,-0.1396063585,0.06685214543,0.09697635147,0.17323037,-0.1862626979,-0.1071735433,0.04086653693,0,-0.1338006212,-0.1197351324,0.3014535642,0.2085680259,-0.2059594015,0.008403823293,0.0376304199,0.008403823293,0.08644715557,0.1326377904,0.03196678815,0.002362204716,4.35100076e-08
5.99,-0.1830734596,-0.06512589396,-0.338749683,-0.004853566035,-0.04490615394,0.9989912098,0.002637792114,0.999996521,0,0,1.425578765,1.574607367,-1.44253337,1.699566031,0.23355967,-0.09867543236,0.02056519985,-1.41328121,1.6493361,1.258172437,1.4972552,0.09811094966,0.1465895832,-0.6330250906,-0.08601300808,-0.1398805026,0.0670262187,0.09732768646,0.1735961097,-0.186669052,-0.1073823896,0.04084592062,0,-0.134102998,-0.1198322898,0.3020930201,0.2089582125,-0.2063579754,0.008397427647,0.03762266885,0.008397427647,0.08739682038,0.1326377904,0.03002793983,0.002362204716,4.35100076e-08
6,-0.1864644001,-0.06517429792,-0.3394322292,-0.004827289382,-0.04490615394,0.9989912098,0.002637792114,0.999996521,0,0,1.424718635,1.573208562,-1.441863107,1.700539308,0.2352956311,-0.1005421229,0.01949137596,-1.412872751,1.6493361,1.256831407,1.496056877,0.1011318799,0.1486791653,-0.6350886703,-0.08605382115,-0.140139247,0.06719254613,0.09766460784,0.1739427363,-0.187053951,-0.1075795677,0.04082363101,0,-0.1343904583,-0.1199202155,0.3027000944,0.2093267279,-0.2067340328,0.008391135254,0.03761506752,0.008391135254,0.08838654556,0.1326377904,0.02808507495,0.002362204716,4.35100076e-08
6.01,-0.1898619802,-0.06522244101,-0.3400775648,-0.004801391235,-0.04490615394,0.9989912098,0.002637792114,0.999996521,0,0,1.423858097,1.57180717,-1.441191182,1.701515954,0.2370350585,-0.1024126624,0.01841558028,-1.412464514,1.6493361,1.255487503,1.494857675,0.1041588808,0.1507724326,-0.6371560106,-0.08699188758,-0.1404422979,0.06807693026,0.09750867023,0.1742389875,-0.1873111512,-0.1087840984,0.04155580146,-2.220446049e-14,-0.1353427826,-0.1199037642,0.3030448668,0.2108787198,-0.2062980834,0.00838494741,0.03760761813,0.00838494741,0.08941602272,0.1326377904,0.02613840582,0.002362204716,4.35100076e-08
6.02,-0.1932658264,-0.06527032702,-0.3406853966,-0.004775874576,-0.04490615394,0.9989912098,0.002637792114,0.999996521,0,0,1.422988178,1.570402747,-1.440510413,1.702491041,0.2387774484,-0.1042857739,0.0173277393,-1.412048956,1.6493361,1.254134075,1.493658637,0.1071893295,0.1528812198,-0.6392189915,-0.08852382132,-0.14076918,0.06943578602,0.09701989482,0.1744948057,-0.1874755467,-0.1106539603,0.04278911188,2.220446049e-14,-0.1367325293,-0.1198148498,0.3032051307,0.2132102906,-0.2053144065,0.008378844836,0.03760029797,0.008378844836,0.09081185863,0.1326377904,0.02422778261,0.002362204716,4.351000782e-08
6.03,-0.1966755622,-0.06531795978,-0.3412554443,-0.004750742256,-0.04490615394,0.9989912098,0.002637792114,0.999996521,0,0,1.42210294,1.568995055,-1.439816055,1.70346124,0.2405223964,-0.1061605294,0.01622119969,-1.411621065,1.6493361,1.25276675,1.492460488,0.1102213808,0.1550133227,-0.6412721355,-0.08854772539,-0.1409808233,0.06958127631,0.0973105717,0.1747825722,-0.187793909,-0.1108194451,0.04276515375,0,-0.1369782545,-0.1198744111,0.3037140859,0.2135183134,-0.2056183317,0.008372815333,0.03759309535,0.008372815333,0.09276549064,0.1326377904,0.02240536821,0.002362204716,4.35100076e-08
6.04,-0.2000908084,-0.06536534316,-0.3417874407,-0.004725996992,-0.04490615394,0.9989912098,0.002637792114,0.999996521,0,0,1.421217462,1.567585246,-1.439120242,1.704434345,0.2422702222,-0.1080384685,0.01511300524,-1.411193414,1.6493361,1.251396967,1.491261744,0.1132585216,0.1571485058,-0.6433283189,-0.08856451108,-0.1411765908,0.06971856712,0.09758654369,0.1750506592,-0.1880902085,-0.1109726104,0.04273924325,0,-0.1372084011,-0.1199244877,0.3041897297,0.2138036466,-0.2058993025,0.008366894264,0.0375860548,0.008366894264,0.09472227989,0.1326377904,0.02061701859,0.002362204716,4.35100076e-08
6.05,-0.2035111833,-0.06541248102,-0.342281132,-0.004701641369,-0.04490615394,0.9989912098,0.002637792114,0.999996521,0,0,1.420331817,1.566173481,-1.438423056,1.705410211,0.2440207287,-0.1099193705,0.01400327914,-1.410766021,1.6493361,1.250024883,1.490062499,0.1163004189,0.1592865423,-0.6453873119,-0.08857413341,-0.1413563808,0.06984760424,0.0978477156,0.1752989391,-0.1883643037,-0.1111133771,0.0427113673,0,-0.1374228672,-0.1199650179,0.3046318438,0.214066143,-0.2061571715,0.008361082748,0.03757917829,0.008361082748,0.09668200763,0.1326377904,0.01886273654,0.002362204716,4.35100076e-08
6.06,-0.2069363026,-0.06545937729,-0.342736277,-0.004677677836,-0.04490615394,0.9989912098,0.002637792114,0.999996521,0,0,1.419446076,1.564759917,-1.43772458,1.706388688,0.2457737181,-0.1118030136,0.01289214537,-1.410338908,1.6493361,1.248650654,1.488862849,0.1193467374,0.1614272037,-0.6474488836,-0.0892391283,-0.1415590618,0.07050616493,0.09773923025,0.1755102976,-0.1885270337,-0.1119802821,0.04323148952,0,-0.138112332,-0.1199202876,0.3048815723,0.2151692279,-0.2058199233,0.008355381858,0.03757246773,0.008355381858,0.0986444537,0.1326377904,0.01714252313,0.002362204716,4.35100076e-08
6.07,-0.2103657796,-0.06550603589,-0.3431526481,-0.004654108712,-0.04490615394,0.9989912098,0.002637792114,0.999996521,0,0,1.418553685,1.563344326,-1.437019519,1.70736608,0.2475288211,-0.1136882839,0.01177234255,-1.409906593,1.6493361,1.247269531,1.487663646,0.1223955531,0.163578896,-0.6495070828,-0.09102780298,-0.1418119847,0.07207428136,0.09700992345,0.1756722999,-0.1885148817,-0.1140951841,0.0446883237,0,-0.1396239557,-0.1197368554,0.3048273468,0.2177236019,-0.2044827726,0.008349777929,0.03756590985,0.008349777929,0.1003440668,0.1326377904,0.01561429499,0.002362204716,4.35100076e-08
6.08,-0.2137992256,-0.06555246079,-0.3435300304,-0.004630936181,-0.04490615394,0.9989912098,0.002637792114,0.999996521,0,0,1.417643407,1.561926206,-1.436298776,1.70833618,0.2492855441,-0.1155734327,0.01063139071,-1.409459709,1.6493361,1.245873291,1.486466278,0.1254438266,0.165756132,-0.6515519106,-0.09101798919,-0.1419432627,0.07217999148,0.09722445702,0.1758599181,-0.1887205566,-0.1142006291,0.04465634425,0,-0.1397930656,-0.1197482894,0.3051683316,0.2179204316,-0.2046678886,0.008344247065,0.03755948324,0.008344247065,0.1013276782,0.1326377904,0.01450124581,0.002362204716,4.35100076e-08
6.09,-0.2172362496,-0.06559865595,-0.3438682224,-0.004608162294,-0.04490615394,0.9989912098,0.002637792114,0.999996521,0,0,1.416733227,1.560506774,-1.435576976,1.709308424,0.2510441433,-0.1174606383,0.009489384415,-1.409013146,1.6493361,1.244475361,1.485268795,0.1284955099,0.1679353363,-0.6535985894,-0.09100057683,-0.1420581949,0.07227703337,0.09742401268,0.1760272964,-0.1889035775,-0.1142930906,0.04462212204,2.220446049e-14,-0.139945931,-0.1197499935,0.3054750878,0.2180935447,-0.2048296374,0.008338830019,0.03755323194,0.008338830019,0.1023123146,0.1326377904,0.01335014068,0.002362204716,4.35100076e-08
6.1,-0.2206764587,-0.06564462537,-0.3441670354,-0.004585788968,-0.04490615394,0.9989912098,0.002637792114,0.999996521,0,0,1.415823221,1.559086192,-1.434854206,1.710282664,0.2528044163,-0.1193496741,0.008346453509,-1.408566925,1.6493361,1.243075901,1.484071295,0.1315502608,0.1701162718,-0.6556468858,-0.09097553171,-0.1421567064,0.07236536596,0.09760852116,0.176174341,-0.1890638405,-0.1143725089,0.04458564634,-2.220446049e-14,-0.1400824757,-0.1197419224,0.3057474549,0.2182428309,-0.2049679122,0.008333527673,0.03754715759,0.008333527673,0.1032978635,0.1326377904,0.01216133863,0.002362204716,4.351000737e-08
6.11,-0.2241194584,-0.06569037307,-0.344426294,-0.00456381799,-0.04490615394,0.9989912098,0.002637792114,0.999996521,0,0,1.414913466,1.557664625,-1.434130552,1.71125875,0.2545661597,-0.1212403125,0.00720272842,-1.408121068,1.6493361,1.241675077,1.482873876,0.1346077353,0.1722987001,-0.6576965649,-0.09039812488,-0.1349586719,0.06535696579,0.09751374835,0.1835837757,-0.1869026411,-0.1232176894,0.04494679283,-2.220446049e-14,-0.1405552167,-0.1196632631,0.3058750297,0.2189883188,-0.2046663675,0.008328340857,0.03754126176,0.008328340857,0.1042842119,0.1326377904,0.01093520185,0.002362204716,4.35100076e-08
6.12,-0.2275648522,-0.06573590307,-0.3446458358,-0.00454225101,-0.04490615394,0.9989912098,0.002637792114,0.999996521,0,0,1.414009484,1.556315038,-1.433476982,1.712233887,0.2564019974,-0.1231093389,0.005970551527,-1.4076716,1.6493361,1.240269525,1.481677243,0.1376664856,0.1744885833,-0.6597432286,-0.08810896996,-0.1049591688,0.03614893716,0.09657674306,0.2137713157,-0.1775243164,-0.1595249893,0.04655752345,2.220446049e-14,-0.1421158049,-0.1193846117,0.3056237134,0.2216512507,-0.2030380609,0.008323442558,0.03753553717,0.008323442558,0.1054070809,0.1326944551,0.009728760167,0.002362204716,4.351000782e-08
6.13,-0.2310122422,-0.06578121944,-0.3448255116,-0.004521089546,-0.04490615394,0.9989912098,0.002637792114,0.999996521,0,0,1.413128395,1.555265446,-1.433115493,1.713199654,0.2585397106,-0.1248845821,0.004375301634,-1.407206025,1.6493361,1.238848366,1.480483397,0.1407227227,0.1767050958,-0.6617736092,-0.08806133656,-0.1049984559,0.03618983196,0.09671494656,0.2138748827,-0.1776126327,-0.1595755657,0.04651526557,0,-0.1422047586,-0.1193470009,0.3057933411,0.221730288,-0.203104233,0.007997333616,0.03752996031,0.007997333616,0.1070701839,0.1330065593,0.008741156304,0.002362204716,4.35100076e-08
6.14,-0.2344612291,-0.06582632622,-0.3449651852,-0.004500334984,-0.04490615394,0.9989912098,0.002637792114,0.999996521,0,0,1.412247781,1.554215462,-1.432753595,1.714166804,0.2606784594,-0.1266607084,0.002779545977,-1.406740873,1.6493361,1.237426319,1.479289927,0.1437806561,0.1789223987,-0.6638046516,-0.08800627234,-0.1050253698,0.03622613528,0.09683803428,0.2139534614,-0.1776792069,-0.1596077341,0.04647047977,0,-0.1422769257,-0.1192995012,0.3059281071,0.2217847651,-0.20314683,0.007658246996,0.03752457029,0.007658246996,0.1086984286,0.1333544367,0.007753094977,0.002362204716,4.35100076e-08
6.15,-0.2379114122,-0.0658712275,-0.3450647335,-0.004479988576,-0.04490615394,0.9989912098,0.002637792114,0.999996521,0,0,1.411367719,1.553165208,-1.432391333,1.715135184,0.262817994,-0.1284375005,0.001183468636,-1.406276168,1.6493361,1.23600355,1.478096932,0.1468399372,0.1811402463,-0.6658361199,-0.08794375654,-0.1050398749,0.0362578331,0.09694596237,0.2140069792,-0.177723977,-0.1596214419,0.04642315837,0,-0.1423322567,-0.1192420836,0.3060279082,0.2218146102,-0.2031657845,0.007319052617,0.03751936836,0.007319052617,0.1102918442,0.1337378288,0.006764690962,0.002362204716,4.35100076e-08
6.16,-0.2413623897,-0.06591592736,-0.3451240466,-0.004460051441,-0.04490615394,0.9989912098,0.002637792114,0.999996521,0,0,1.410488281,1.552114809,-1.432028755,1.716104644,0.2649580638,-0.1302147402,-0.0004127457831,-1.405811936,1.6493361,1.234580227,1.476904511,0.1499002163,0.1833583924,-0.6678677777,-0.08621404425,-0.09091004383,0.02216319194,0.09685002929,0.2282446451,-0.1730397849,-0.1758887782,0.0466520882,0,-0.142615354,-0.1191287843,0.3060203076,0.2222469037,-0.2028717173,0.006979790862,0.03751435571,0.006979790862,0.1118504611,0.1341564749,0.00577605937,0.002362204716,4.35100076e-08
6.17,-0.2448137587,-0.06596042989,-0.3451430274,-0.004440524564,-0.04490615394,0.9989912098,0.002637792114,0.999996521,0,0,1.409626141,1.551205709,-1.431807123,1.717073144,0.2672405103,-0.1319451381,-0.002171633565,-1.405345415,1.6493361,1.233154074,1.475713223,0.1529604194,0.1855808615,-0.6698964949,-0.07554771204,-0.0007269988571,-0.06794023512,0.09572345165,0.318927945,-0.1430062584,-0.2796932716,0.04837884088,0,-0.1441985152,-0.1187584393,0.3055890944,0.2249533775,-0.2009967591,0.006687950842,0.03750952875,0.006687950842,0.1131578781,0.1346411417,0.004921261221,0.002362204716,4.35100076e-08
6.18,-0.2482651155,-0.06600473922,-0.3451215923,-0.004421408798,-0.04490615394,0.9989912098,0.002637792114,0.999996521,0,0,1.408870664,1.551198439,-1.432486525,1.718030379,0.2704297897,-0.1333752007,-0.004968566281,-1.404861627,1.6493361,1.231712088,1.474525639,0.1560163103,0.1878303952,-0.6719064625,-0.075469377,-0.0007381597657,-0.06792023247,0.09578568895,0.318895735,-0.1429975292,-0.2796099953,0.04832362642,0,-0.1442035427,-0.1186714166,0.3055850667,0.2249089287,-0.2009445091,0.006698915879,0.03750486577,0.006698915879,0.1130692596,0.1353187577,0.004921261221,0.002362204716,4.35100076e-08
6.19,-0.2517160556,-0.06604885944,-0.3450596705,-0.004402704861,-0.04490615394,0.9989912098,0.002637792114,0.999996521,0,0,1.40811597,1.551191057,-1.433165728,1.718988236,0.2736187471,-0.1348051759,-0.007764666234,-1.404378391,1.6493361,1.230270053,1.473338925,0.159072161,0.1900794845,-0.6739159076,-0.0753849355,-0.000748914387,-0.06789256991,0.09583280519,0.3188259252,-0.1429708433,-0.2794941853,0.04826561235,0,-0.1441913745,-0.1185744304,0.3055458273,0.224839269,-0.2008686762,0.006709876513,0.03750039926,0.006709876513,0.1129810192,0.1359610374,0.004921261221,0.002362204716,4.35100076e-08
6.2,-0.2551661738,-0.06609279469,-0.3449572043,-0.004384413341,-0.04490615394,0.9989912098,0.002637792114,0.999996521,0,0,1.40736212,1.551183568,-1.433844653,1.719946564,0.2768070063,-0.1362348844,-0.01055960809,-1.403895734,1.6493361,1.228828139,1.47215318,0.1621276193,0.1923278772,-0.6759245943,-0.07529438047,-0.000759262004,-0.06785723803,0.09586478143,0.3187184681,-0.1429261786,-0.2793458025,0.04820479484,0,-0.144161988,-0.1184674679,0.3054713302,0.2247443664,-0.2007692318,0.006720832306,0.03749613004,0.006720832306,0.1128931488,0.1365681494,0.004921261221,0.002362204716,4.35100076e-08
6.21,-0.2586150644,-0.06613654909,-0.3448141494,-0.004366534689,-0.04490615394,0.9989912098,0.002637792114,0.999996521,0,0,1.406609177,1.551175975,-1.434523226,1.720905211,0.279994191,-0.1376641462,-0.01335306611,-1.403413687,1.6493361,1.227386519,1.470968506,0.1651823326,0.1945753209,-0.6779322866,-0.07537535889,-0.00072328713,-0.06761214411,0.09577319852,0.3186985956,-0.1425066548,-0.2793760181,0.04829842336,-2.220446049e-14,-0.1442521143,-0.1183223262,0.3053232613,0.224861918,-0.2004834527,0.006731782804,0.03749205887,0.006731782804,0.1128056401,0.1371402636,0.004921261221,0.002362204716,4.35100076e-08
6.22,-0.2620623213,-0.06618012676,-0.3446304743,-0.004349069225,-0.04490615394,0.9989912098,0.002637792114,0.999996521,0,0,1.405855423,1.551168743,-1.435199347,1.721862943,0.283181177,-0.1390892127,-0.01614682629,-1.402930702,1.6493361,1.225943998,1.469785282,0.1682355652,0.1968239401,-0.6799371212,-0.07742345969,-0.0001765026537,-0.06511487741,0.09446204874,0.3200320538,-0.1381049192,-0.2817194911,0.05013609581,2.220446049e-14,-0.1458444225,-0.1178540914,0.3047154205,0.2275951076,-0.1983664135,0.006742819429,0.0374881846,0.006742819429,0.1127184848,0.1376378005,0.004921261221,0.002362204716,4.351000782e-08
6.23,-0.2655075384,-0.06622353185,-0.3444061606,-0.004332017137,-0.04490615394,0.9989912098,0.002637792114,0.999996521,0,0,1.405081188,1.551166978,-1.435850496,1.722807564,0.2863814975,-0.1404702619,-0.0189640212,-1.402429341,1.6493361,1.224485554,1.468606742,0.1712827194,0.1990998911,-0.6819207853,-0.07731248109,-0.000185403061,-0.06505911872,0.09444922394,0.3198093901,-0.1380096573,-0.2814708234,0.0500653903,0,-0.1457626804,-0.1177175806,0.3045367653,0.2274224781,-0.1981971475,0.00675422299,0.03748449015,0.00675422299,0.1126316747,0.1376378005,0.004921261221,0.002362204716,4.35100076e-08
6.24,-0.2689503091,-0.06626676848,-0.3441412031,-0.004315378476,-0.04490615394,0.9989912098,0.002637792114,0.999996521,0,0,1.404308064,1.551165124,-1.436501087,1.723752056,0.2895795914,-0.1418503585,-0.02177872944,-1.401928687,1.6493361,1.223027927,1.467429566,0.174328087,0.2013741159,-0.6839027568,-0.07719510846,-0.0001939704252,-0.06499598518,0.09442140214,0.3195488233,-0.1378969377,-0.281189208,0.04999163188,2.220446049e-14,-0.1456634701,-0.1175711171,0.3043228303,0.2272241893,-0.1980044864,0.00675765918,0.03748099962,0.00675765918,0.1125452015,0.1376378005,0.004921261221,0.002362204716,4.35100076e-08
6.25,-0.272390227,-0.0663098408,-0.3438356096,-0.004299153163,-0.04490615394,0.9989912098,0.002637792114,0.999996521,0,0,1.403536113,1.551163184,-1.437151047,1.72469627,0.2927750796,-0.1432293279,-0.02459062152,-1.401428771,1.6493361,1.221571292,1.466253855,0.1773713153,0.2036463578,-0.6858828016,-0.07707134473,-0.0002022046815,-0.06492547961,0.09437858876,0.3192503668,-0.1377667672,-0.2808746584,0.04991482134,0,-0.1455467972,-0.1174147041,0.3040736258,0.2270002499,-0.1977884398,0.006761107239,0.03747771341,0.006761107239,0.112459057,0.1376378005,0.004921261221,0.002362204716,4.351000737e-08
6.26,-0.2758268859,-0.06635275292,-0.3434894012,-0.004283340986,-0.04490615394,0.9989912098,0.002637792114,0.999996521,0,0,1.402765399,1.551161162,-1.437800302,1.725640056,0.2959675833,-0.1446069955,-0.0273993681,-1.400929623,1.6493361,1.220115824,1.465079708,0.1804120516,0.2059163603,-0.687860686,-0.07694592183,-0.0002088254466,-0.06484215491,0.09431780783,0.3189173797,-0.1376093877,-0.2805327725,0.04983921091,-2.220446049e-14,-0.1454163332,-0.117247541,0.3037882082,0.2267570162,-0.197544641,0.006764567505,0.03747463179,0.006764567505,0.1123732328,0.1376378005,0.004921261221,0.002362204716,4.351000737e-08
6.27,-0.2792598797,-0.06639550899,-0.3431026119,-0.004267941597,-0.04490615394,0.9989912098,0.002637792114,0.999996521,0,0,1.40199594,1.551159074,-1.438448723,1.726583234,0.2991567571,-0.1459830894,-0.03020469582,-1.400431231,1.6493361,1.218661661,1.463907232,0.1834499337,0.2081839305,-0.6898361324,-0.07909374948,0.0004026712837,-0.06212198924,0.09280166054,0.3201539525,-0.1327219643,-0.2828461469,0.05181068607,2.220446049e-14,-0.1470344367,-0.1166812942,0.303002521,0.2295459576,-0.1951630177,0.006768043392,0.03747175491,0.006768043392,0.1122868247,0.1376378005,0.004921261221,0.002362204716,4.35100076e-08
6.28,-0.282688803,-0.06643811313,-0.3426752887,-0.004252954517,-0.04490615394,0.9989912098,0.002637792114,0.999996521,0,0,1.401205002,1.5511631,-1.439069943,1.727511251,0.3023582966,-0.147310309,-0.03303315729,-1.399913124,1.6493361,1.217191317,1.462740419,0.1864799589,0.21047939,-0.6917877626,-0.0789472267,0.0003950234486,-0.06203349068,0.09271576187,0.3197390479,-0.1325457946,-0.2824289709,0.05172204649,0,-0.1468638652,-0.1164957534,0.3026497254,0.2292414923,-0.1948793602,0.00677302674,0.0374690726,0.00677302674,0.1117844091,0.1376378005,0.004921261221,0.002362204716,4.351000737e-08
6.29,-0.2861132506,-0.06648056945,-0.3422074921,-0.004238379133,-0.04490615394,0.9989912098,0.002637792114,0.999996521,0,0,1.40041553,1.55116705,-1.439690278,1.728438408,0.3055556871,-0.148635767,-0.035857447,-1.399395903,1.6493361,1.215722678,1.461575462,0.1895064561,0.212771805,-0.6937365562,-0.07879407972,0.0003876319323,-0.06193796201,0.09261511288,0.3192862449,-0.132352815,-0.2819787064,0.05163012489,-2.220446049e-14,-0.1466756948,-0.1163003533,0.3022618608,0.2289111301,-0.1945726836,0.006778019317,0.03746659933,0.006778019317,0.1113161761,0.1376378005,0.004921261221,0.002362204716,4.351000737e-08
6.3,-0.2895328182,-0.06652288208,-0.3416992952,-0.004224214699,-0.04490615394,0.9989912098,0.002637792114,0.999996521,0,0,1.399627589,1.551170927,-1.440309658,1.729364559,0.3087485495,-0.1499592951,-0.03867723407,-1.398879602,1.6493361,1.214255921,1.460412458,0.1925290747,0.2150609163,-0.6956822831,-0.07863432232,0.0003804964113,-0.06183541731,0.09249974286,0.3187956183,-0.1321430595,-0.2814954208,0.05153492741,0,-0.1464699593,-0.1160951129,0.3018389941,0.2285549217,-0.1942430346,0.006783021214,0.03746433502,0.006783021214,0.1108819283,0.1376378005,0.004921261221,0.002362204716,4.35100076e-08
6.31,-0.2929471021,-0.06656505512,-0.3411507844,-0.004210460337,-0.04490615394,0.9989912098,0.002637792114,0.999996521,0,0,1.398841246,1.551174732,-1.440928012,1.730289557,0.3119365057,-0.1512807257,-0.04149218827,-1.398364253,1.6493361,1.212791222,1.459251507,0.1955474647,0.2173464655,-0.6976247134,-0.07846797049,0.0003736164835,-0.06172587296,0.09236968587,0.3182672553,-0.1319165673,-0.2809791924,0.05143646123,0,-0.1462466983,-0.1158800548,0.3013812038,0.2281729265,-0.1938904674,0.006788032505,0.03746227945,0.006788032505,0.1104814673,0.1376378005,0.004921261221,0.002362204716,4.35100076e-08
6.32,-0.2963556998,-0.06660709265,-0.3405620595,-0.004197115034,-0.04490615394,0.9989912098,0.002637792114,0.999996521,0,0,1.398056566,1.551178468,-1.441545271,1.731213254,0.3151191783,-0.1525998914,-0.0443019802,-1.397849888,1.6493361,1.211328755,1.458092706,0.1985612767,0.2196281947,-0.6995636181,-0.0803109851,0.0009332178412,-0.05925564772,0.09090544293,0.3191163644,-0.1273942724,-0.2827778976,0.0531678496,0,-0.1475741892,-0.1152771735,0.3005016954,0.2304712846,-0.1916229596,0.006793053245,0.03746043232,0.006793053245,0.1101145936,0.1376378005,0.004921261221,0.002362204716,4.35100076e-08
6.33,-0.2997582096,-0.06664899878,-0.3399332328,-0.004184177644,-0.04490615394,0.9989912098,0.002637792114,0.999996521,0,0,1.397253457,1.5511878,-1.442137827,1.732122308,0.3183103419,-0.1538738341,-0.04712975917,-1.39731821,1.6493361,1.209853013,1.456939935,0.2015662937,0.2219329076,-0.7014798477,-0.08035821591,0.0009911651891,-0.05886760963,0.09059722687,0.3186715205,-0.1266523958,-0.2824601383,0.05326935378,-2.220446049e-14,-0.147493316,-0.1150000367,0.2999320871,0.2303431509,-0.1910111438,0.006799452894,0.0374577213,0.006799452894,0.1100787409,0.1382145305,0.004921261221,0.002362204716,4.35100076e-08
6.34,-0.3031542312,-0.06669077756,-0.3392644302,-0.00417164689,-0.04490615394,0.9989912098,0.002637792114,0.999996521,0,0,1.396449874,1.551197712,-1.442726503,1.73302828,0.3214970571,-0.1551403581,-0.04995436056,-1.396785516,1.6493361,1.20837808,1.455789934,0.2045656146,0.2242363391,-0.7033899591,-0.08016718685,0.0009843103745,-0.05874319199,0.09042610765,0.3180265909,-0.1263857656,-0.2818398662,0.05315692166,2.220446049e-14,-0.1472148504,-0.1147566214,0.2993723878,0.2298784455,-0.1905940685,0.006806015102,0.03744214236,0.006806015102,0.1100787409,0.1388871167,0.004921261221,0.002362204716,4.351000782e-08
6.35,-0.3065433655,-0.06673243306,-0.3385557905,-0.004159521357,-0.04490615394,0.9989912098,0.002637792114,0.999996521,0,0,1.395648202,1.551207555,-1.443313935,1.733932542,0.324677323,-0.1564042157,-0.05277275922,-1.396253947,1.6493361,1.206905931,1.454642368,0.2075593384,0.2265351236,-0.7052958998,-0.07996938969,0.000977630962,-0.05861216443,0.09024065913,0.3173442174,-0.1261031671,-0.2811867694,0.05304102195,-2.220446049e-14,-0.1469188656,-0.1145035583,0.2987782311,0.2293879189,-0.1901546166,0.006812582417,0.03742676178,0.006812582417,0.1100787409,0.1395907135,0.004921261221,0.002362204716,4.35100076e-08
6.36,-0.3099252147,-0.06677396933,-0.3378074655,-0.004147799503,-0.04490615394,0.9989912098,0.002637792114,0.999996521,0,0,1.394848509,1.551217331,-1.443900057,1.734834948,0.3278507652,-0.1576652474,-0.05558462691,-1.395723537,1.6493361,1.205436742,1.453497333,0.2105471207,0.2288290027,-0.707197446,-0.0797648523,0.0009711264441,-0.05847455348,0.0900409386,0.3166245493,-0.1258046648,-0.2805009812,0.05292166806,2.220446049e-14,-0.1466054302,-0.1142408856,0.2981497515,0.2288716737,-0.189692879,0.006819154656,0.03741158068,0.006819154656,0.1100787409,0.1403250037,0.004921261221,0.002362204716,4.351000782e-08
6.37,-0.313299383,-0.06681539039,-0.3370196203,-0.004136479648,-0.04490615394,0.9989912098,0.002637792114,0.999996521,0,0,1.39405086,1.551227042,-1.444484802,1.735735358,0.3310170107,-0.1589232941,-0.05838963672,-1.39519432,1.6493361,1.203970688,1.452354924,0.2135286183,0.2311177195,-0.7090943748,-0.08119008697,0.001443140281,-0.05639264712,0.08872169252,0.3170062741,-0.121922437,-0.2816601801,0.05431157386,-2.220446049e-14,-0.1475574102,-0.1136403891,0.2971964427,0.2305302055,-0.1876571306,0.006825731622,0.03739660008,0.006825731622,0.1100787409,0.1410896701,0.004921261221,0.002362204716,4.35100076e-08
6.38,-0.316665476,-0.06685670026,-0.3361924328,-0.004125559981,-0.04490615394,0.9989912098,0.002637792114,0.999996521,0,0,1.393238959,1.551241474,-1.445048729,1.736622574,0.3341870734,-0.1601425184,-0.06120623853,-1.394651204,1.6493361,1.202495114,1.45121852,0.2165005827,0.2334230215,-0.7109709461,-0.08152770022,0.001599918213,-0.05558405347,0.0881179733,0.316598635,-0.1203801013,-0.2815469835,0.05469942827,2.220446049e-14,-0.1476458478,-0.113247283,0.2964023327,0.2307108304,-0.1866235924,0.006833472998,0.03738177442,0.006833472998,0.1100787409,0.141535937,0.004921261221,0.002362204716,4.351000782e-08
6.39,-0.3200231012,-0.06689790292,-0.3353260944,-0.004115038558,-0.04490615394,0.9989912098,0.002637792114,0.999996521,0,0,1.392423682,1.551257473,-1.445604569,1.737503754,0.3373530598,-0.1613463195,-0.06402170836,-1.39410421,1.6493361,1.201018656,1.450086047,0.219464606,0.2357301298,-0.712837182,-0.08129674629,0.001592694805,-0.05543432394,0.08787965952,0.3157632315,-0.1200470606,-0.2807568881,0.05456453176,2.220446049e-14,-0.1472767479,-0.1129574274,0.2956743438,0.2301106801,-0.1861008384,0.006841611538,0.03736713848,0.006841611538,0.1100787409,0.1418381697,0.004921261221,0.002362204716,4.35100076e-08
6.4,-0.3233718681,-0.06693900235,-0.3344208092,-0.0041049133,-0.04490615394,0.9989912098,0.002637792114,0.999996521,0,0,1.391610715,1.5512734,-1.446158913,1.738382551,0.3405106921,-0.1625467901,-0.06682927724,-1.393558565,1.6493361,1.199545888,1.448956473,0.2224213495,0.2380312366,-0.7146981904,-0.08105893718,0.001585566129,-0.05527843469,0.087627522,0.3148910833,-0.1196989785,-0.2799344562,0.054426011,-2.220446049e-14,-0.1468903254,-0.1126581955,0.2949127162,0.2294849624,-0.1855564783,0.006849748604,0.03735270945,0.006849748604,0.1100787409,0.1421080297,0.004921261221,0.002362204716,4.351000737e-08
6.41,-0.3267113883,-0.0669800025,-0.3334767947,-0.004095181996,-0.04490615394,0.9989912098,0.002637792114,0.999996521,0,0,1.390800125,1.551289256,-1.446711697,1.739258826,0.3436596029,-0.1637437798,-0.0696286218,-1.393014305,1.6493361,1.198076985,1.447829891,0.2253704766,0.2403260863,-0.7165537551,-0.08081431353,0.00157853184,-0.05511642145,0.08736164065,0.3139824023,-0.1193359429,-0.2790798772,0.05428388637,2.220446049e-14,-0.1464866787,-0.1123496407,0.2941176404,0.2288338244,-0.1849906387,0.006857883778,0.03733848801,0.006857883778,0.1100787409,0.1423457401,0.004921261221,0.002362204716,4.35100076e-08
6.42,-0.3300412756,-0.0670209073,-0.3324942813,-0.004085842303,-0.04490615394,0.9989912098,0.002637792114,0.999996521,0,0,1.389991982,1.551305041,-1.447262861,1.740132442,0.346799427,-0.1649371393,-0.07241942057,-1.392471466,1.6493361,1.196612118,1.446706394,0.228311653,0.2426144245,-0.7184036615,-0.08169032531,0.001914061818,-0.05359359424,0.08629334778,0.3138122723,-0.116432174,-0.2794645535,0.05519506547,0,-0.1469549172,-0.11178778,0.2931045387,0.2296777497,-0.183320566,0.006866016629,0.03732447474,0.006866016629,0.1100787409,0.1425515247,0.004921261221,0.002362204716,4.351000737e-08
6.43,-0.3333611464,-0.06706172064,-0.3314735126,-0.004076891742,-0.04490615394,0.9989912098,0.002637792114,0.999996521,0,0,1.389175079,1.551324182,-1.447798797,1.740995376,0.3499375497,-0.166101461,-0.07521406611,-1.391919515,1.6493361,1.195142569,1.445588517,0.2312426984,0.244911202,-0.7202368672,-0.08243842392,0.002213369207,-0.05221038728,0.08529586424,0.3135224206,-0.1137845017,-0.2796808431,0.05598939513,-4.440892099e-14,-0.147311358,-0.111242985,0.2920792867,0.2303338249,-0.181744972,0.006874979133,0.03731064361,0.006874979133,0.1100787409,0.1426377958,0.004921261221,0.002362204716,4.351000737e-08
6.44,-0.3366706192,-0.06710244642,-0.3304147452,-0.004068327703,-0.04490615394,0.9989912098,0.002637792114,0.999996521,0,0,1.388350695,1.551346315,-1.448320901,1.741848335,0.3530727739,-0.167239306,-0.07801087454,-1.391359621,1.6493361,1.193669455,1.444476087,0.2341634913,0.2472145403,-0.7220543169,-0.08216623593,0.002205017468,-0.05203917282,0.08499391947,0.3124999915,-0.1133928876,-0.2787227291,0.05583007927,2.220446049e-14,-0.1468518677,-0.1109084658,0.2911876605,0.2295983061,-0.1811216883,0.006884680789,0.03729700064,0.006884680789,0.1100787409,0.1426377958,0.004921261221,0.002362204716,4.351000782e-08
6.45,-0.3399693155,-0.06714308848,-0.3293182488,-0.004060147442,-0.04490615394,0.9989912098,0.002637792114,0.999996521,0,0,1.387529032,1.551368365,-1.448841293,1.742698274,0.3561977738,-0.1683732349,-0.08079810183,-1.39080132,1.6493361,1.192200937,1.443367002,0.2370753679,0.2495105233,-0.7238655338,-0.08188718062,0.002196680775,-0.05186228464,0.08467876858,0.3114418405,-0.1129872636,-0.2777330669,0.05566702597,-2.220446049e-14,-0.1463754089,-0.1105649211,0.2902634888,0.2288377115,-0.1804777415,0.006894372573,0.03728357082,0.006894372573,0.1100787409,0.1426377958,0.004921261221,0.002362204716,4.35100076e-08
6.46,-0.3432568594,-0.06718365064,-0.3281843063,-0.004052348083,-0.04490615394,0.9989912098,0.002637792114,0.999996521,0,0,1.386710161,1.551390332,-1.449359916,1.743545061,0.3593121922,-0.1695031075,-0.0835754325,-1.39024465,1.6493361,1.190737182,1.442261353,0.2399780028,0.2517989004,-0.7256703112,-0.08160131226,0.00218835922,-0.05167976664,0.08435051355,0.3103482427,-0.1125677385,-0.276712103,0.05550026342,4.440892099e-14,-0.1458821108,-0.1102124198,0.2893070178,0.2280522333,-0.1798132933,0.006904053851,0.03727035437,0.006904053851,0.1100787409,0.1426377958,0.004921261221,0.002362204716,4.351000782e-08
6.47,-0.3465328778,-0.0672241367,-0.3270132137,-0.004044926614,-0.04490615394,0.9989912098,0.002637792114,0.999996521,0,0,1.385894147,1.551412216,-1.449876713,1.744388567,0.3624156746,-0.1706287849,-0.08634255353,-1.389689648,1.6493361,1.189278361,1.441159229,0.2428710729,0.2540794228,-0.7274684441,-0.08177390015,0.002326108932,-0.05092355195,0.0836727884,0.3095336681,-0.1110635426,-0.2761738253,0.05577268879,-2.220446049e-14,-0.1457411573,-0.109743094,0.2882489983,0.2278716613,-0.1786755122,0.006913723979,0.0372573514,0.006913723979,0.1100787409,0.1426377958,0.004921261221,0.002362204716,4.351000737e-08
6.48,-0.3497970008,-0.06726455042,-0.3258052799,-0.004037879893,-0.04490615394,0.9989912098,0.002637792114,0.999996521,0,0,1.385076408,1.551435477,-1.450385949,1.745225294,0.3655110113,-0.1717394203,-0.08910429178,-1.389131921,1.6493361,1.18782095,1.440061798,0.2457535629,0.2563581394,-0.7292551993,-0.0830785149,0.002821712393,-0.04877116946,0.08215827831,0.30945304,-0.1069237078,-0.2768623275,0.05712582889,0,-0.146487654,-0.109000755,0.2869898746,0.229208354,-0.1764080722,0.006923737654,0.03724455333,0.006923737654,0.1100787409,0.1426377958,0.004921261221,0.002362204716,4.35100076e-08
6.49,-0.3530488617,-0.06730489554,-0.3245608271,-0.004031204643,-0.04490615394,0.9989912098,0.002637792114,0.999996521,0,0,1.384245623,1.551463694,-1.45087366,1.746046877,0.3686055417,-0.1728086574,-0.09187291506,-1.388560662,1.6493361,1.186356073,1.43897179,0.2486234617,0.2586502229,-0.73101928,-0.08276395222,0.002811270583,-0.04858249906,0.08179710898,0.3082486836,-0.1064818306,-0.2757396645,0.0569404712,2.220446049e-14,-0.1459389371,-0.1086238361,0.2859406853,0.2283388957,-0.1756904508,0.006934963463,0.03723194117,0.006934963463,0.1100787409,0.1426377958,0.004921261221,0.002362204716,4.35100076e-08
6.5,-0.3562880968,-0.06734517574,-0.3232801905,-0.004024897454,-0.04490615394,0.9989912098,0.002637792114,0.999996521,0,0,1.383417984,1.551491807,-1.451359485,1.746864848,0.3716880286,-0.1738734757,-0.0946303117,-1.387991258,1.6493361,1.184896684,1.437885552,0.2514828685,0.2609336119,-0.7327761845,-0.08244259362,0.002800769403,-0.04838866879,0.08142345583,0.3070099567,-0.106027064,-0.2745865489,0.05675131155,0,-0.145373768,-0.1082383196,0.2848603161,0.2274450981,-0.1749532744,0.006946168677,0.037219546,0.006946168677,0.1100787409,0.1426377958,0.004921261221,0.002362204716,4.351000737e-08
6.51,-0.359514346,-0.0673853947,-0.3219637184,-0.004018954783,-0.04490615394,0.9989912098,0.002637792114,0.999996521,0,0,1.382593558,1.551519814,-1.451843372,1.747679083,0.3747581281,-0.1749337464,-0.09737617719,-1.387423745,1.6493361,1.183442946,1.436803169,0.2543314717,0.2632080629,-0.7345257172,-0.08211450788,0.002790209661,-0.04818972968,0.08103744227,0.3057371981,-0.1055595363,-0.2734032856,0.05655838664,-6.661338148e-14,-0.1447923066,-0.1078442898,0.2837490687,0.2265272001,-0.1741967388,0.006957352473,0.03720736757,0.006957352473,0.1100787409,0.1426377958,0.004921261221,0.002362204716,4.351000737e-08
6.52,-0.3627272529,-0.06742555604,-0.3206117722,-0.004013372953,-0.04490615394,0.9989912098,0.002637792114,0.999996521,0,0,1.381772413,1.551547717,-1.452325269,1.748489457,0.3778155001,-0.1759893417,-0.10011021,-1.386858161,1.6493361,1.181995023,1.435724726,0.2571689624,0.2654733349,-0.7362676846,-0.08177976632,0.002779592191,-0.04798573465,0.08063919623,0.3044307593,-0.1050793808,-0.2721901906,0.05636173454,6.661338148e-14,-0.1441947189,-0.1074418337,0.2826072561,0.2255854495,-0.1734210469,0.00696851403,0.03719540553,0.00696851403,0.1100787409,0.1426377958,0.004921261221,0.002362204716,4.351000804e-08
6.53,-0.3659264645,-0.06746566335,-0.3192247264,-0.004008148157,-0.04490615394,0.9989912098,0.002637792114,0.999996521,0,0,1.380954615,1.551575512,-1.452805127,1.749295849,0.3808598077,-0.1770401355,-0.102832112,-1.386294543,1.6493361,1.180553076,1.434650307,0.2599950349,0.2677291894,-0.7380018951,-0.08306707867,0.003298600292,-0.0457548465,0.07899835107,0.3041673206,-0.1007269158,-0.272695903,0.05774102498,-2.220446049e-14,-0.1448970346,-0.1066502319,0.2812261202,0.2268493141,-0.1710196141,0.00697965252,0.03718365946,0.00697965252,0.1100787409,0.1426377958,0.004921261221,0.002362204716,4.351000737e-08
6.54,-0.3691116317,-0.06750572018,-0.3178029686,-0.00400327645,-0.04490615394,0.9989912098,0.002637792114,0.999996521,0,0,1.380123944,1.551608498,-1.453262675,1.750085833,0.3839014809,-0.1780474047,-0.105559071,-1.385717133,1.6493361,1.179104106,1.433583805,0.2628072961,0.2699976825,-0.7397120912,-0.08309071872,0.003407856687,-0.04509094295,0.07822027483,0.3030510292,-0.0992939822,-0.2717872556,0.05792178384,-2.220446049e-14,-0.144625214,-0.1062786459,0.2800113132,0.2264579877,-0.1698216897,0.00699205712,0.03717210669,0.00699205712,0.1100787409,0.1433901842,0.004921261221,0.002362204716,4.35100076e-08
6.55,-0.3722824095,-0.06754573004,-0.3163468995,-0.003998753757,-0.04490615394,0.9989912098,0.002637792114,0.999996521,0,0,1.379293037,1.551642577,-1.453713585,1.750868035,0.3869319912,-0.1790403445,-0.1082769435,-1.385137915,1.6493361,1.177657853,1.432521019,0.2656074093,0.2722622624,-0.7414103081,-0.08272672334,0.003394474382,-0.04488422545,0.0777933705,0.3016389549,-0.0987994077,-0.2704759003,0.05770554995,2.220446049e-14,-0.1439743193,-0.105854136,0.2787835115,0.2254339507,-0.1689977867,0.007004728374,0.03716076001,0.007004728374,0.1100787409,0.1443500625,0.004921261221,0.002362204716,4.351000782e-08
6.56,-0.3754384567,-0.0675856964,-0.3148569329,-0.003994575869,-0.04490615394,0.9989912098,0.002637792114,0.999996521,0,0,1.37846577,1.551676522,-1.454162427,1.751645969,0.3899483807,-0.1800283386,-0.1109817025,-1.38456086,1.6493361,1.17621811,1.431462477,0.2683952444,0.2745166019,-0.743100286,-0.08235617634,0.00338096577,-0.04467294,0.07735493883,0.3001945991,-0.09829327267,-0.2691358669,0.0574855505,0,-0.1433078447,-0.1054216409,0.2775265166,0.2243868603,-0.1681558274,0.007017365773,0.0371496312,0.007017365773,0.1100787409,0.1452767483,0.004921261221,0.002362204716,4.35100076e-08
6.57,-0.3785794366,-0.06762562269,-0.3133334957,-0.003990738445,-0.04490615394,0.9989912098,0.002637792114,0.999996521,0,0,1.377642208,1.551710331,-1.454609156,1.752419519,0.3929503267,-0.1810112713,-0.1136730612,-1.383986004,1.6493361,1.174785032,1.430408261,0.2711705095,0.2767604705,-0.7447818443,-0.08197916443,0.003367332705,-0.04445714555,0.07690512862,0.2987183775,-0.0977757276,-0.2677675305,0.05726183293,0,-0.1426259877,-0.1049812623,0.2762406968,0.2233170119,-0.1672960481,0.007029968342,0.03713871946,0.007029968342,0.1100787409,0.1461704017,0.004921261221,0.002362204716,4.35100076e-08
6.58,-0.3817050165,-0.06766551229,-0.3117770277,-0.003987237007,-0.04490615394,0.9989912098,0.002637792114,0.999996521,0,0,1.376822416,1.551744005,-1.455053728,1.75318857,0.3959375105,-0.1819890286,-0.1163507365,-1.383413386,1.6493361,1.173358772,1.429358448,0.2739329165,0.2789936406,-0.7464548048,-0.0821162209,0.003528172029,-0.04357857945,0.07604072378,0.2975448824,-0.09598087271,-0.266916728,0.05754711963,-2.220446049e-14,-0.1423484208,-0.1043945087,0.2748657105,0.2229364183,-0.1658961212,0.007042535111,0.03712802392,0.007042535111,0.1100787409,0.1470311847,0.004921261221,0.002362204716,4.35100076e-08
6.59,-0.3848148685,-0.06770536854,-0.3101879821,-0.003984066949,-0.04490615394,0.9989912098,0.002637792114,0.999996521,0,0,1.376001254,1.551779286,-1.455489514,1.753948977,0.3989129593,-0.1829488373,-0.1190199038,-1.382837915,1.6493361,1.171935288,1.428314503,0.2766815736,0.2812230048,-0.748113766,-0.08311761684,0.003981275807,-0.04159447928,0.0744902578,0.2968990455,-0.09205672361,-0.2669507228,0.05868666609,2.220446049e-14,-0.1427583298,-0.103568231,0.2733620894,0.2237247013,-0.1636043218,0.007055490519,0.03711753969,0.007055490519,0.1100589194,0.147637791,0.004921261221,0.002362204716,4.351000782e-08
6.6,-0.3879086691,-0.06774519472,-0.3085668251,-0.003981223528,-0.04490615394,0.9989912098,0.002637792114,0.999996521,0,0,1.375170078,1.551819099,-1.455905458,1.75469388,0.4018819498,-0.1838694046,-0.121689411,-1.382251048,1.6493361,1.170507704,1.427278821,0.2794151945,0.2834602518,-0.7497498092,-0.08271137376,0.003964289199,-0.04137885961,0.07401495554,0.2953226321,-0.09153071263,-0.2654887435,0.05844226266,0,-0.1420243541,-0.1031076043,0.2719948841,0.2225749267,-0.1627024286,0.007069544851,0.03710726124,0.007069544851,0.1099681483,0.147637791,0.004921261221,0.002362204716,4.35100076e-08
6.61,-0.3909860996,-0.06778499408,-0.3069140359,-0.00397870187,-0.04490615394,0.9989912098,0.002637792114,0.999996521,0,0,1.374342964,1.551858742,-1.456319247,1.755434029,0.4048351761,-0.1847847117,-0.1243442985,-1.381666625,1.6493361,1.169087461,1.426247745,0.2821351434,0.2856860011,-0.7513768335,-0.08229884728,0.003947117437,-0.04115922499,0.07352906632,0.2937160231,-0.09099440891,-0.2639998768,0.05819415288,0,-0.1412756809,-0.1026395831,0.2706004457,0.2214033973,-0.1617839304,0.007083551413,0.0370971992,0.007083551413,0.1098496949,0.147637791,0.004921261221,0.002362204716,4.35100076e-08
6.62,-0.394046846,-0.06782476981,-0.3052301068,-0.003976496965,-0.04490615394,0.9989912098,0.002637792114,0.999996521,0,0,1.373519976,1.551898213,-1.456730839,1.75616932,0.4077723363,-0.1856946558,-0.1269842972,-1.381084684,1.6493361,1.167674704,1.425221349,0.2848411478,0.287900035,-0.7529946728,-0.0818801403,0.003929763678,-0.04093563934,0.07303275901,0.2920796989,-0.09044797817,-0.2624845581,0.05794239438,0,-0.1405125398,-0.1021642838,0.2691791977,0.2202104575,-0.1608490963,0.007097509117,0.03708735237,0.007097509117,0.1097038195,0.147637791,0.004921261221,0.002362204716,4.35100076e-08
6.63,-0.3970905996,-0.06786452506,-0.3035155433,-0.003974603674,-0.04490615394,0.9989912098,0.002637792114,0.999996521,0,0,1.372701174,1.551937511,-1.457140196,1.756899647,0.4106931333,-0.1865991356,-0.1296091428,-1.38050526,1.6493361,1.166269579,1.424199706,0.2875329398,0.2901021396,-0.7546031637,-0.08145535845,0.003912231162,-0.04070816828,0.07252620693,0.2904141528,-0.08989159046,-0.2609432338,0.05768704628,0,-0.1397351666,-0.1016818258,0.2677315744,0.2189964607,-0.1598982023,0.007111416886,0.03707771945,0.007111416886,0.1095307832,0.147637791,0.004921261221,0.002362204716,4.35100076e-08
6.64,-0.4001170565,-0.06790426291,-0.3017708639,-0.00397301672,-0.04490615394,0.9989912098,0.002637792114,0.999996521,0,0,1.371886621,1.551976633,-1.457547277,1.75762491,0.4135972749,-0.1874980515,-0.1322185751,-1.37992839,1.6493361,1.164872227,1.423182888,0.2902102555,0.2922921042,-0.7562021458,-0.08206081697,0.004253392881,-0.03914109693,0.0711812796,0.2893602827,-0.08674024817,-0.2604248994,0.05846486473,0,-0.1397884435,-0.1008991806,0.2661569779,0.2191855248,-0.1578785312,0.007125273651,0.03706829907,0.007125273651,0.1093308481,0.147637791,0.004921261221,0.002362204716,4.35100076e-08
6.65,-0.4031259183,-0.0679439864,-0.2999966003,-0.003971730697,-0.04490615394,0.9989912098,0.002637792114,0.999996521,0,0,1.371066013,1.552019167,-1.457938688,1.758336722,0.4164908777,-0.188365454,-0.1348228241,-1.379343741,1.6493361,1.163474343,1.422173896,0.2928718253,0.2944839595,-0.7577809311,-0.0824106269,0.004508335734,-0.03789215404,0.0700256754,0.2881236254,-0.08420152508,-0.2596287971,0.05898971296,0,-0.1396251455,-0.1001803162,0.2645822905,0.2190118686,-0.1560962153,0.007139952959,0.03705908783,0.007139952959,0.1087902421,0.1477242831,0.004921261221,0.002362204716,4.35100076e-08
6.66,-0.4061168917,-0.06798369851,-0.2981932971,-0.003970740064,-0.04490615394,0.9989912098,0.002637792114,0.999996521,0,0,1.370241906,1.552064251,-1.45831761,1.759036979,0.4193721139,-0.1892074692,-0.1374191121,-1.378753844,1.6493361,1.162078091,1.421172093,0.2955176482,0.2966740782,-0.7593418932,-0.08195662196,0.004486837257,-0.03766829914,0.06949820007,0.2863660221,-0.08364418763,-0.258000548,0.05871281757,0,-0.1387980364,-0.09968045674,0.2630606934,0.2177219311,-0.1551094509,0.007155242807,0.03705008713,0.007155242807,0.1080274873,0.1478978026,0.004921261221,0.002362204716,4.35100076e-08
6.67,-0.4090896893,-0.06802340216,-0.2963615122,-0.003970039147,-0.04490615394,0.9989912098,0.002637792114,0.999996521,0,0,1.36942234,1.552109119,-1.458694293,1.759731961,0.4222357742,-0.1900439111,-0.1399991176,-1.378166716,1.6493361,1.160690111,1.420175288,0.2981482552,0.2988512975,-0.7608929877,-0.08149682525,0.004465110607,-0.03744105404,0.06896135611,0.284581195,-0.08307804369,-0.256348025,0.05843241289,0,-0.1379575537,-0.09917399347,0.2615145736,0.2164122019,-0.1541079832,0.007170468533,0.03704129752,0.007170468533,0.1072960807,0.1480974464,0.004921261221,0.002362204716,4.35100076e-08
6.68,-0.4120440289,-0.06806310024,-0.2945018165,-0.003969622137,-0.04490615394,0.9989912098,0.002637792114,0.999996521,0,0,1.368607372,1.55215377,-1.459068703,1.760421575,0.4250815861,-0.1908746915,-0.1425625978,-1.377582391,1.6493361,1.159310535,1.419183548,0.3007634009,0.3010154195,-0.7624340676,-0.08103135943,0.004443160639,-0.03721048818,0.06841533618,0.2827697023,-0.08250327628,-0.2546717354,0.05814856914,-2.220446049e-14,-0.1371039661,-0.09866106007,0.2599444206,0.2150830846,-0.1530921201,0.007185628992,0.03703271732,0.007185628992,0.1065958259,0.1483229432,0.004921261221,0.002362204716,4.35100076e-08
6.69,-0.4149796345,-0.06810279553,-0.292614794,-0.003969483095,-0.04490615394,0.9989912098,0.002637792114,0.999996521,0,0,1.367797058,1.552198202,-1.459440808,1.761105728,0.4279092831,-0.1916997243,-0.1451093152,-1.377000906,1.6493361,1.157939496,1.418196938,0.3033628451,0.3031662503,-0.7639649888,-0.08056034993,0.004420992322,-0.03697667255,0.0678603373,0.2809321151,-0.08192007257,-0.2529721979,0.05786135812,0,-0.1362375485,-0.09814179326,0.258350735,0.2137349917,-0.1520621767,0.007200723056,0.03702434476,0.007200723056,0.1059265241,0.1485740205,0.004921261221,0.002362204716,4.351000782e-08
6.7,-0.4178962357,-0.0681424908,-0.2907010419,-0.003969615947,-0.04490615394,0.9989912098,0.002637792114,0.999996521,0,0,1.366991455,1.552242412,-1.459810575,1.761784331,0.4307186043,-0.192518925,-0.1476390372,-1.376422292,1.6493361,1.15657712,1.41721552,0.3059463524,0.3053036002,-0.7654856105,-0.0812320707,0.004805734969,-0.03523005651,0.06634430826,0.2797483166,-0.07838613373,-0.2523677029,0.05874182336,4.440892099e-14,-0.1363035852,-0.09726888146,0.2566447633,0.2139574636,-0.1498314562,0.007215749611,0.03701617803,0.007215749611,0.1052879741,0.1488504053,0.004921261221,0.002362204716,4.351000782e-08
6.71,-0.4207935683,-0.06818218874,-0.2887611702,-0.003970014487,-0.04490615394,0.9989912098,0.002637792114,0.999996521,0,0,1.366179134,1.552290469,-1.460162875,1.762447774,0.4335160875,-0.1933027863,-0.1501627142,-1.375834874,1.6493361,1.155214084,1.416242831,0.3085128001,0.3074431749,-0.7669839251,-0.08132782082,0.00498829722,-0.03423068558,0.06529267115,0.2782016528,-0.07630596705,-0.2511853941,0.0590375137,-2.220446049e-14,-0.135888465,-0.09656256138,0.2549618692,0.2133726519,-0.1481764962,0.007231698117,0.03700821996,0.007231698117,0.1050787456,0.1494009459,0.004921261221,0.002362204716,4.351000737e-08
6.72,-0.4236713741,-0.06822189196,-0.2867958024,-0.003970672373,-0.04490615394,0.9989912098,0.002637792114,0.999996521,0,0,1.365365856,1.552340352,-1.460505182,1.763100701,0.436298104,-0.194065846,-0.1526745681,-1.375244499,1.6493361,1.1538552,1.415277205,0.3110624188,0.3095769014,-0.7684656901,-0.08082866448,0.004961608598,-0.03400371744,0.06472173756,0.2762816961,-0.07572924448,-0.2494073047,0.05872867369,0,-0.1349761242,-0.09602879654,0.2533030961,0.2119540287,-0.1471180078,0.007248074892,0.03700046868,0.007248074892,0.1050787456,0.1500580145,0.004921261221,0.002362204716,4.35100076e-08
6.73,-0.4265294015,-0.06826160303,-0.2848055747,-0.003971583133,-0.04490615394,0.9989912098,0.002637792114,0.999996521,0,0,1.364557569,1.552389968,-1.46084522,1.763747919,0.4390609209,-0.1948231385,-0.1551686412,-1.374657212,1.6493361,1.152505438,1.414316917,0.3135954497,0.3116964417,-0.7699368701,-0.08032435128,0.004934667281,-0.03377398714,0.06414277948,0.2743379745,-0.07514525067,-0.2476080194,0.05841661825,0,-0.1340519865,-0.09548931928,0.2516229005,0.2105179653,-0.146046926,0.007264370036,0.03699292021,0.007264370036,0.1050787456,0.1506849657,0.004921261221,0.002362204716,4.35100076e-08
6.74,-0.4293674049,-0.06830132444,-0.2827911366,-0.00397274016,-0.04490615394,0.9989912098,0.002637792114,0.999996521,0,0,1.363754326,1.552439315,-1.461182959,1.764389346,0.4418043007,-0.195574591,-0.1576447214,-1.374073046,1.6493361,1.151164918,1.413362024,0.3161116787,0.3138016213,-0.7713973394,-0.07981502452,0.004907480163,-0.03354156835,0.06355601253,0.2723711248,-0.07455418344,-0.2457881186,0.05810143115,0,-0.1331163605,-0.09494428026,0.2499218384,0.2090649254,-0.1449635967,0.007280582409,0.03698557243,0.007280582409,0.1050787456,0.1512820162,0.004921261221,0.002362204716,4.35100076e-08
6.75,-0.4321851457,-0.06834105863,-0.2807531508,-0.003974136715,-0.04490615394,0.9989912098,0.002637792114,0.999996521,0,0,1.362956176,1.552488389,-1.461518375,1.765024907,0.4445280119,-0.1963201328,-0.1601026026,-1.373492032,1.6493361,1.149833755,1.412412581,0.3186108971,0.3158922706,-0.7728469754,-0.07930083035,0.00488005428,-0.03330653622,0.06296165661,0.2703817964,-0.07395624455,-0.243948194,0.05778319784,2.220446049e-14,-0.1321695607,-0.09439383316,0.2482004765,0.207595382,-0.1438683726,0.007296710893,0.03697842319,0.007296710893,0.1050787456,0.151849385,0.004921261221,0.002362204716,4.35100076e-08
6.76,-0.4349823917,-0.06838080795,-0.2786922929,-0.003975765924,-0.04490615394,0.9989912098,0.002637792114,0.999996521,0,0,1.362163167,1.55253719,-1.46185144,1.765654523,0.4472318299,-0.1970596952,-0.1625420845,-1.3729142,1.6493361,1.148512059,1.411468643,0.3210929019,0.3179682244,-0.7742856591,-0.07962225187,0.005160111292,-0.03193937715,0.06163825878,0.2688426867,-0.071137707,-0.2428715735,0.05833592547,-2.220446049e-14,-0.1319108676,-0.0935699537,0.2464113161,0.2072829912,-0.1418760038,0.007312754393,0.03697147027,0.007312754393,0.1050787456,0.1523872939,0.004921261221,0.002362204716,4.351000737e-08
6.77,-0.4377589176,-0.0684205747,-0.2766092517,-0.003977620782,-0.04490615394,0.9989912098,0.002637792114,0.999996521,0,0,1.361366945,1.552588791,-1.462170834,1.766270906,0.4499202568,-0.1977710723,-0.1649708002,-1.37233084,1.6493361,1.147192951,1.410532944,0.323557015,0.3200410543,-0.7757044191,-0.07988163424,0.005419192506,-0.03064708879,0.06035683499,0.2672498217,-0.06846383247,-0.2417224319,0.05882620229,0,-0.1315945419,-0.092759357,0.2446073691,0.2068752927,-0.1399324119,0.007329460759,0.0369647198,0.007329460759,0.1050787456,0.1527882738,0.004921261221,0.002362204716,4.35100076e-08
6.78,-0.4405145051,-0.0684603611,-0.2745047289,-0.00397969415,-0.04490615394,0.9989912098,0.002637792114,0.999996521,0,0,1.360568128,1.552642983,-1.462477305,1.766874474,0.452592755,-0.1984557106,-0.1673880246,-1.371742578,1.6493361,1.145877005,1.40960535,0.3260030887,0.3221098073,-0.7771037433,-0.07934104562,0.005386828816,-0.03042184717,0.05975165606,0.265189516,-0.06787959282,-0.2398140354,0.05848640214,-2.220446049e-14,-0.1306065214,-0.09219773309,0.2428307315,0.2053420422,-0.1388162543,0.007346777482,0.03695817091,0.007346777482,0.1050787456,0.1530980271,0.004921261221,0.002362204716,4.35100076e-08
6.79,-0.443248943,-0.06850016929,-0.2723794396,-0.003981978754,-0.04490615394,0.9989912098,0.002637792114,0.999996521,0,0,1.359774718,1.552696851,-1.462781524,1.767471991,0.4552446501,-0.1991345066,-0.1697861649,-1.371157714,1.6493361,1.14457094,1.408683373,0.328431396,0.3241632277,-0.7784919058,-0.07879608509,0.005354208638,-0.03019446458,0.05913991533,0.2631093947,-0.06728964212,-0.2378879906,0.05814378935,4.440892099e-14,-0.1296085403,-0.09163138296,0.2410361649,0.203794102,-0.1376898143,0.007363994471,0.03695181391,0.007363994471,0.1050787456,0.1534305002,0.004921261221,0.002362204716,4.351000782e-08
6.8,-0.4459620271,-0.06854000135,-0.2702341118,-0.00398446719,-0.04490615394,0.9989912098,0.002637792114,0.999996521,0,0,1.358986757,1.552750393,-1.463083468,1.76806339,0.4578757441,-0.199807403,-0.1721650448,-1.370576276,1.6493361,1.143274855,1.407767059,0.3308417577,0.3262011687,-0.7798688039,-0.07824691738,0.005321341261,-0.02996501765,0.05852185052,0.261010173,-0.06669419042,-0.2359449512,0.05779846226,-2.220446049e-14,-0.1286009475,-0.09106047394,0.2392242913,0.2022319974,-0.1365534745,0.007381110654,0.03694564633,0.007381110654,0.1050787456,0.1537854021,0.004921261221,0.002362204716,4.351000737e-08
6.81,-0.4486535609,-0.06857985929,-0.2680694867,-0.003987151918,-0.04490615394,0.9989912098,0.002637792114,0.999996521,0,0,1.358204288,1.552803607,-1.463383118,1.768648608,0.4604858458,-0.2004743449,-0.1745244943,-1.369998292,1.6493361,1.141988845,1.406856454,0.3332340006,0.3282234887,-0.7812343387,-0.07769371018,0.005288236137,-0.02973358443,0.05789770355,0.258892579,-0.06609345153,-0.2339855824,0.05745052098,-2.220446049e-14,-0.1275840985,-0.09048517637,0.2373957443,0.200656263,-0.1354076243,0.007398124988,0.03693966568,0.007398124988,0.1050787456,0.1541624411,0.004921261221,0.002362204716,4.35100076e-08
6.82,-0.451323355,-0.06861974502,-0.2658863184,-0.003990025267,-0.04490615394,0.9989912098,0.002637792114,0.999996521,0,0,1.357427351,1.552856489,-1.463680454,1.769227585,0.4630747716,-0.2011352794,-0.1768643502,-1.369423787,1.6493361,1.140713004,1.405951602,0.3356079581,0.3302300513,-0.7825884149,-0.07724394386,0.005295091622,-0.02935252373,0.05717228468,0.2568138516,-0.06519729131,-0.2321054517,0.05721392639,2.220446049e-14,-0.12664867,-0.08986899359,0.2355473978,0.1992186457,-0.1341374241,0.007415036462,0.03693386943,0.007415036462,0.1050787456,0.154561325,0.004921261221,0.002362204716,4.351000782e-08
6.83,-0.453971228,-0.06865966039,-0.2636853743,-0.00399307943,-0.04490615394,0.9989912098,0.002637792114,0.999996521,0,0,1.356654911,1.55290944,-1.463973979,1.769799308,0.4656429101,-0.2017872523,-0.1791854047,-1.368851647,1.6493361,1.139446517,1.405052912,0.337963432,0.3322222378,-0.7839297892,-0.07809519206,0.005790602677,-0.02717356798,0.05528074949,0.2554050072,-0.06076556057,-0.2313640385,0.05835952121,0,-0.1268033397,-0.08880287242,0.233638588,0.1996073397,-0.1314568499,0.007431941696,0.0369282567,0.007431941696,0.1050787456,0.1549855999,0.004921261221,0.002362204716,4.35100076e-08
6.84,-0.4565970059,-0.06869960718,-0.2614674349,-0.003996306471,-0.04490615394,0.9989912098,0.002637792114,0.999996521,0,0,1.355873959,1.552967346,-1.464245715,1.770352116,0.4681969602,-0.2023949079,-0.1814990451,-1.368268052,1.6493361,1.138178484,1.404164884,0.3402998179,0.3342183112,-0.7852443577,-0.07751756367,0.005752302318,-0.02695496065,0.05465136424,0.2532294693,-0.06018539354,-0.2293479347,0.05799068646,-2.220446049e-14,-0.1257507,-0.08821992024,0.2317657922,0.1979760932,-0.1302981098,0.007450026372,0.03692284697,0.007450026372,0.1050787456,0.1554559218,0.004921261221,0.002362204716,4.35100076e-08
6.85,-0.4592005227,-0.06873958707,-0.2592332936,-0.003999698316,-0.04490615394,0.9989912098,0.002637792114,0.999996521,0,0,1.355098784,1.553024869,-1.464515265,1.770898629,0.4707292549,-0.2029967619,-0.1837925244,-1.367688145,1.6493361,1.136920977,1.403282684,0.3426174758,0.3361980721,-0.7865473388,-0.07693650946,0.005713766133,-0.02673481204,0.0540169876,0.2510385572,-0.05960107624,-0.2273182027,0.05761955848,2.220446049e-14,-0.124690204,-0.08763332131,0.2298789547,0.1963333179,-0.1291315898,0.007467993306,0.03691761602,0.007467993306,0.1050787456,0.1558990348,0.004921261221,0.002362204716,4.351000782e-08
6.86,-0.4617816204,-0.06877960167,-0.256983757,-0.004003246762,-0.04490615394,0.9989912098,0.002637792114,0.999996521,0,0,1.354329419,1.553082007,-1.464782613,1.771438799,0.4732396405,-0.2035927726,-0.1860657064,-1.36711195,1.6493361,1.135674075,1.402406351,0.3449162654,0.3381614053,-0.7878386547,-0.07635221637,0.005675006145,-0.02651320052,0.05337787848,0.2488330651,-0.05901282836,-0.22527557,0.05724625118,0,-0.1236222422,-0.08704325929,0.2279787644,0.194679602,-0.1279577081,0.007485841565,0.03691256109,0.007485841565,0.1050787456,0.1563151948,0.004921261221,0.002362204716,4.35100076e-08
6.87,-0.4643401492,-0.0688196525,-0.2547196448,-0.00400694347,-0.04490615394,0.9989912098,0.002637792114,0.999996521,0,0,1.353565897,1.553138757,-1.465047745,1.771972578,0.4757279711,-0.2041829009,-0.1883184621,-1.366539487,1.6493361,1.134437853,1.401535919,0.347196053,0.3401082013,-0.7891182317,-0.07576487437,0.005636034574,-0.02629020569,0.05273429996,0.2466138001,-0.05842087314,-0.2232207755,0.0568708803,0,-0.1225472115,-0.08644992084,0.2260659214,0.1930155431,-0.1267768899,0.007503570254,0.03690767945,0.007503570254,0.1050787456,0.1567046603,0.004921261221,0.002362204716,4.35100076e-08
6.88,-0.4668759675,-0.06885974101,-0.2524417899,-0.00401077997,-0.04490615394,0.9989912098,0.002637792114,0.999996521,0,0,1.352808248,1.553195117,-1.465310647,1.772499921,0.4781941091,-0.2047671096,-0.1905506699,-1.365970778,1.6493361,1.13321238,1.400671419,0.3494567122,0.3420383567,-0.7903860006,-0.07517467637,0.005596863833,-0.02606590842,0.05208651928,0.2443815821,-0.05782543732,-0.2211545699,0.05649356344,0,-0.1214655152,-0.08585349555,0.2241411369,0.1913417484,-0.1255895666,0.007521178516,0.03690296832,0.007521178516,0.1050787456,0.1570676926,0.004921261221,0.002362204716,4.35100076e-08
6.89,-0.469388942,-0.06889986854,-0.2501510382,-0.004014747656,-0.04490615394,0.9989912098,0.002637792114,0.999996521,0,0,1.352056501,1.553251086,-1.465571306,1.773020786,0.4806379249,-0.205345364,-0.1927622156,-1.365405843,1.6493361,1.131997725,1.399812884,0.3516981236,0.3439517742,-0.7916418963,-0.07494541173,0.005697117846,-0.02532889661,0.05109972607,0.2423142525,-0.05621715528,-0.2193801149,0.05650799714,0,-0.1206871256,-0.08512269698,0.2222012196,0.190176081,-0.12399746,0.00753866554,0.03689842488,0.00753866554,0.1050787456,0.1574045551,0.004921261221,0.002362204716,4.35100076e-08
6.9,-0.4718789481,-0.06894003637,-0.2478482485,-0.004018837791,-0.04490615394,0.9989912098,0.002637792114,0.999996521,0,0,1.351307047,1.553308057,-1.465824595,1.773531783,0.4830610675,-0.2059075356,-0.1949560167,-1.364840763,1.6493361,1.130790854,1.398961658,0.3539201358,0.345853535,-0.7928818709,-0.07538808725,0.006056448863,-0.02364195366,0.0494874378,0.2405637597,-0.05273273398,-0.2181566035,0.05725103413,0,-0.120477659,-0.08414531124,0.2202444167,0.1899617975,-0.1216595456,0.00755636914,0.0368940545,0.00755636914,0.1049731603,0.1576377964,0.004921261221,0.002362204716,4.35100076e-08
6.91,-0.4743458698,-0.06898024567,-0.2455342931,-0.004023041505,-0.04490615394,0.9989912098,0.002637792114,0.999996521,0,0,1.350553166,1.553368622,-1.466061015,1.774026658,0.4854667051,-0.2064348629,-0.1971375828,-1.364268252,1.6493361,1.129586077,1.398120204,0.35612258,0.347753153,-0.7940984664,-0.07477695362,0.006012019259,-0.02343321651,0.04884067971,0.2382908035,-0.05216510071,-0.2160493871,0.05685439164,0,-0.1193678195,-0.08354566592,0.218289687,0.1882440001,-0.1204692243,0.007574916794,0.03688987092,0.007574916794,0.1045517631,0.1576377964,0.004921261221,0.002362204716,4.35100076e-08
6.92,-0.4767895997,-0.06902049755,-0.243210057,-0.004027349792,-0.04490615394,0.9989912098,0.002637792114,0.999996521,0,0,1.349805397,1.553428742,-1.466295347,1.774515065,0.4878496131,-0.2069565139,-0.1992980766,-1.363699708,1.6493361,1.128392399,1.397284748,0.3583054768,0.349635593,-0.7953031586,-0.07416371432,0.005967416535,-0.02322358624,0.04819088359,0.2360082811,-0.05159508086,-0.2139338373,0.05645623086,-2.220446049e-14,-0.1182529357,-0.08294374078,0.2163259565,0.1865189081,-0.1192742601,0.007593328718,0.03688584834,0.007593328718,0.1041116462,0.1576377964,0.004921261221,0.002362204716,4.35100076e-08
6.93,-0.4792100397,-0.06906079299,-0.2408764386,-0.004031753518,-0.04490615394,0.9989912098,0.002637792114,0.999996521,0,0,1.349063759,1.553488416,-1.466527583,1.774996973,0.4902096959,-0.2074724647,-0.201437415,-1.363135146,1.6493361,1.12720987,1.39645531,0.3604687364,0.3515007821,-0.7964959012,-0.07354858228,0.00592265603,-0.02301314281,0.04753833275,0.2337170786,-0.05102290444,-0.2118107671,0.05605668419,0,-0.1171334467,-0.08233973844,0.2143539927,0.1847871834,-0.1180751122,0.007611604237,0.03688198384,0.007611604237,0.1036531113,0.1576377964,0.004921261221,0.002362204716,4.351000782e-08
6.94,-0.4816071003,-0.0691011329,-0.2385343491,-0.00403624341,-0.04490615394,0.9989912098,0.002637792114,0.999996521,0,0,1.348328274,1.553547642,-1.466757714,1.775472357,0.4925468667,-0.2079826938,-0.2035555227,-1.362574579,1.6493361,1.126038535,1.395631913,0.3626122763,0.3533486539,-0.7976766523,-0.07293177346,0.005877753305,-0.02280196732,0.04688331462,0.2314180953,-0.05044880477,-0.2096810011,0.05565588598,0,-0.1160097985,-0.08173386447,0.212374574,0.1830494975,-0.1168722467,0.007629742726,0.03687827449,0.007629742726,0.1031764601,0.1576377964,0.004921261221,0.002362204716,4.351000782e-08
6.95,-0.4839807015,-0.06914151811,-0.2361847132,-0.004040810065,-0.04490615394,0.9989912098,0.002637792114,0.999996521,0,0,1.347598956,1.55360642,-1.466985734,1.77594119,0.4948610476,-0.2084871818,-0.2056523327,-1.36201802,1.6493361,1.124878437,1.394814574,0.3647360221,0.3551791489,-0.7988453748,-0.07231350686,0.005832724145,-0.02259014205,0.04622612068,0.2291122431,-0.04987301847,-0.2075453757,0.0552539725,2.220446049e-14,-0.114882443,-0.08112632738,0.2103884903,0.1813065315,-0.1156661359,0.007647743612,0.03687471733,0.007647743612,0.1026819941,0.1576377964,0.004921261221,0.002362204716,4.351000782e-08
6.96,-0.4863307725,-0.06918194933,-0.2338284682,-0.004045443946,-0.04490615394,0.9989912098,0.002637792114,0.999996521,0,0,1.346875821,1.553664747,-1.467211635,1.776403451,0.4971521701,-0.208985912,-0.2077277865,-1.361465481,1.6493361,1.123729613,1.394003311,0.366839907,0.3569922142,-0.8000020362,-0.07169400448,0.005787584561,-0.02237775044,0.04556704653,0.2268004467,-0.04929578545,-0.2054047385,0.05485108198,-4.440892099e-14,-0.1137518389,-0.08051733866,0.2083965428,0.1795589761,-0.114457259,0.00766560637,0.03687130941,0.00766560637,0.1021700143,0.1576377964,0.004921261221,0.002362204716,4.35100076e-08
6.97,-0.488657252,-0.06922242718,-0.2314665649,-0.004050135385,-0.04490615394,0.9989912098,0.002637792114,0.999996521,0,0,1.346158881,1.553722623,-1.467435413,1.776859122,0.4994201745,-0.2094788699,-0.2097818338,-1.36091697,1.6493361,1.122592095,1.393198138,0.3689238724,0.3587878039,-0.8011466087,-0.07233701401,0.006238625819,-0.02034129792,0.04369981958,0.2250423642,-0.04511564321,-0.2042386752,0.0558466227,4.440892099e-14,-0.1137084816,-0.07942185876,0.2064194231,0.179625517,-0.1118291693,0.00768333053,0.03686804778,0.00768333053,0.1016408217,0.1576377964,0.004921261221,0.002362204716,4.351000804e-08
6.98,-0.4909600881,-0.0692629522,-0.229099967,-0.004054874577,-0.04490615394,0.9989912098,0.002637792114,0.999996521,0,0,1.345435511,1.553785009,-1.467638826,1.77729612,0.5016705982,-0.2099300263,-0.2118242206,-1.360358504,1.6493361,1.12145501,1.392403919,0.3709880666,0.3605840591,-0.8022649004,-0.07172180261,0.006195923661,-0.02011921403,0.04303178918,0.2227238629,-0.04451832108,-0.2020951426,0.05544937427,0,-0.1125788461,-0.07880821056,0.2044196074,0.1778802971,-0.110608431,0.00770211585,0.03686496721,0.00770211585,0.1013613061,0.1580959128,0.004921261221,0.002362204716,4.35100076e-08
6.99,-0.4932392389,-0.0693035248,-0.2267296513,-0.004059651585,-0.04490615394,0.9989912098,0.002637792114,0.999996521,0,0,1.344718293,1.553846969,-1.467840018,1.777726438,0.5038978368,-0.2103752095,-0.213845172,-1.35980401,1.6493361,1.120329221,1.391615837,0.3730322627,0.3623628621,-0.8033709847,-0.0710864395,0.006145460763,-0.01992510909,0.04238150826,0.2203936036,-0.04397616585,-0.1999340305,0.05502986664,0,-0.1114304626,-0.07820129065,0.2024160826,0.1761044126,-0.1094083886,0.007720767321,0.03686202908,0.007720767321,0.1011088041,0.1585774844,0.004921261221,0.002362204716,4.35100076e-08
7,-0.4954946721,-0.06934414532,-0.2243566078,-0.004064456342,-0.04490615394,0.9989912098,0.002637792114,0.999996521,0,0,1.344007428,1.553908423,-1.468039269,1.778150253,0.5061017728,-0.2108149712,-0.2158445123,-1.359253711,1.6493361,1.119214917,1.390833824,0.3750564235,0.3641239062,-0.8044650686,-0.07045075062,0.00609494744,-0.0197307955,0.04173058221,0.2180612282,-0.04343358798,-0.1977714104,0.05460993909,0,-0.1102807108,-0.07759379864,0.2004099932,0.1743267769,-0.1082075842,0.007739266033,0.03685922979,0.007739266033,0.1008792192,0.1590752742,0.004921261221,0.002362204716,4.35100076e-08
7.01,-0.4977263653,-0.06938481398,-0.2219818395,-0.004069278643,-0.04490615394,0.9989912098,0.002637792114,0.999996521,0,0,1.343302921,1.553969373,-1.468236577,1.778567559,0.5082823851,-0.211249307,-0.2178222264,-1.358707612,1.6493361,1.11811211,1.390057886,0.3770605235,0.365867174,-0.8055471445,-0.06981497866,0.006044403026,-0.0195363544,0.04107932166,0.2157277279,-0.04289082781,-0.1956081926,0.0541897458,4.440892099e-14,-0.1091300864,-0.07698595862,0.1984021971,0.1725481368,-0.1070065231,0.007757611743,0.03685656634,0.007757611743,0.1006722585,0.1595889836,0.004921261221,0.002362204716,4.35100076e-08
7.02,-0.4999343065,-0.06942553092,-0.2196063625,-0.004074108153,-0.04490615394,0.9989912098,0.002637792114,0.999996521,0,0,1.342604771,1.554029817,-1.46843194,1.778978352,0.5104396624,-0.2116782153,-0.2197783084,-1.358165714,1.6493361,1.117020809,1.389288026,0.3790445454,0.3675926554,-0.8066172097,-0.06917936939,0.00599384711,-0.01934186797,0.04042804128,0.2133941069,-0.04234812872,-0.1934452988,0.05376944296,-4.440892099e-14,-0.1079790917,-0.07637799764,0.1963935633,0.1707692489,-0.1058057172,0.007775804267,0.03685403574,0.007775804267,0.1004876279,0.160118315,0.004921261221,0.002362204716,4.351000715e-08
7.03,-0.5021184937,-0.06946629614,-0.217231206,-0.004078934403,-0.04490615394,0.9989912098,0.002637792114,0.999996521,0,0,1.341912977,1.554089755,-1.468625359,1.779382632,0.5125736035,-0.2121016966,-0.2217127613,-1.35762802,1.6493361,1.115941018,1.388524247,0.3810084811,0.3693003478,-0.8076752669,-0.06854417164,0.005943299536,-0.01914741947,0.03977705975,0.2110613822,-0.04180573717,-0.1912836625,0.05334918877,0,-0.1068282353,-0.07577014567,0.1943849726,0.1689908795,-0.1046056847,0.007793843486,0.036851635,0.007793843486,0.1003250316,0.1606629722,0.004921261221,0.002362204716,4.35100076e-08
7.04,-0.5042789352,-0.06950710956,-0.2148574123,-0.00408374679,-0.04490615394,0.9989912098,0.002637792114,0.999996521,0,0,1.341227535,1.554149188,-1.468816833,1.779780403,0.5146842173,-0.212519754,-0.223625598,-1.357094528,1.6493361,1.114872735,1.387766545,0.3829523308,0.3709902566,-0.8087213237,-0.06805678888,0.005951951003,-0.01873470396,0.03898070345,0.2087885486,-0.04083281296,-0.1892291902,0.05309579046,0,-0.1058070345,-0.07510282957,0.1923837921,0.1674284207,-0.1032379798,0.007811729342,0.03684936116,0.007811729342,0.1001841726,0.1612226604,0.004921261221,0.002362204716,4.35100076e-08
7.05,-0.50641565,-0.06954797099,-0.2124860368,-0.004088534579,-0.04490615394,0.9989912098,0.002637792114,0.999996521,0,0,1.340546968,1.554208708,-1.46900418,1.78017021,0.5167721028,-0.2129280821,-0.2255178899,-1.35656357,1.6493361,1.113814665,1.387015517,0.3848761687,0.3726645408,-0.8097537035,-0.06842768185,0.00630562431,-0.01704975853,0.03733448384,0.2068562324,-0.03734870125,-0.1877893106,0.05381391537,0,-0.1055391069,-0.07408762814,0.1904229024,0.167118817,-0.1008871324,0.007829604592,0.03684721657,0.007829604592,0.1000787355,0.1617477175,0.004921261221,0.002362204716,4.35100076e-08
7.06,-0.5085286675,-0.06958888013,-0.210118148,-0.004093286902,-0.04490615394,0.9989912098,0.002637792114,0.999996521,0,0,1.339862691,1.554271764,-1.469174678,1.780543555,0.5188406651,-0.2133015691,-0.227395783,-1.356025431,1.6493361,1.112759274,1.38627464,0.3867803977,0.374335729,-0.8107625748,-0.06778206609,0.006250318537,-0.01687544654,0.03669909856,0.2045269256,-0.03684678908,-0.1856275735,0.05338021958,0,-0.1043810864,-0.07348684711,0.1884205338,0.1653280895,-0.0997068633,0.007848301296,0.03684523022,0.007848301296,0.1000787355,0.1619278162,0.004921261221,0.002362204716,4.35100076e-08
7.07,-0.5106180281,-0.06962983657,-0.2077548275,-0.004097992756,-0.04490615394,0.9989912098,0.002637792114,0.999996521,0,0,1.33918487,1.554334267,-1.469343432,1.780910546,0.5208859344,-0.213670037,-0.2292520587,-1.355491629,1.6493361,1.111715463,1.385539772,0.3886646031,0.3759890099,-0.8117596435,-0.06713791988,0.006195109956,-0.01670146909,0.03606529998,0.2022027284,-0.03634611523,-0.1834709692,0.05294725655,-2.220446049e-14,-0.10322532,-0.07288711168,0.1864218268,0.1635410807,-0.09852948065,0.007866832525,0.03684336306,0.007866832525,0.1000787355,0.1620871706,0.004921261221,0.002362204716,4.35100076e-08
7.08,-0.512683783,-0.0696708398,-0.20539717,-0.004102641006,-0.04490615394,0.9989912098,0.002637792114,0.999996521,0,0,1.338513491,1.554396218,-1.469510447,1.781271199,0.5229079616,-0.2140334982,-0.2310867684,-1.354962156,1.6493361,1.11068321,1.384810901,0.3905288214,0.3776244207,-0.8127449383,-0.06649551329,0.006140022091,-0.01652790583,0.03543342088,0.1998847242,-0.03584692391,-0.1813204935,0.05251520149,2.220446049e-14,-0.1020723543,-0.0722886641,0.1844277196,0.1617586144,-0.09735552769,0.007885198519,0.03684161213,0.007885198519,0.1000787355,0.1622260813,0.004921261221,0.002362204716,4.351000782e-08
7.09,-0.5147259941,-0.06971188916,-0.2030462832,-0.004107220384,-0.04490615394,0.9989912098,0.002637792114,0.999996521,0,0,1.337848536,1.554457618,-1.469675726,1.781625533,0.5249068089,-0.2143919674,-0.2328999733,-1.354437004,1.6493361,1.109662486,1.384088014,0.3923730985,0.3792420069,-0.8137184936,-0.06585511951,0.006085078755,-0.01635483743,0.03480379795,0.1975740093,-0.03534946217,-0.1791771533,0.05208423173,2.220446049e-14,-0.1009227429,-0.07169174955,0.1824391618,0.1599815243,-0.09618555399,0.00790339959,0.03683997451,0.00790339959,0.1000787355,0.1623448491,0.004921261221,0.002362204716,4.35100076e-08
7.1,-0.5167447349,-0.06975298394,-0.2007032881,-0.004111719489,-0.04490615394,0.9989912098,0.002637792114,0.999996521,0,0,1.337189985,1.554518469,-1.469839274,1.781973571,0.526882549,-0.214745462,-0.2346917449,-1.353916162,1.6493361,1.108653259,1.383371097,0.3941974902,0.3808418221,-0.8146803491,-0.06521701483,0.006030304046,-0.01618234547,0.03417677183,0.1952716929,-0.03485397992,-0.1770419676,0.05165452672,-2.220446049e-14,-0.09977704583,-0.07109661612,0.1804571144,0.1582106538,-0.09502011535,0.007921436123,0.03683844731,0.007921436123,0.1000787355,0.1624437753,0.004921261221,0.002362204716,4.351000737e-08
7.11,-0.51874009,-0.06979412325,-0.1983693186,-0.004116126785,-0.04490615394,0.9989912098,0.002637792114,0.999996521,0,0,1.336537814,1.554578772,-1.470001098,1.782315339,0.5288352659,-0.2150940018,-0.2364621646,-1.353399617,1.6493361,1.107655489,1.382660131,0.3960020613,0.3824239286,-0.8156305503,-0.06458147861,0.005975722348,-0.01601051253,0.03355268711,0.1929788968,-0.03436072992,-0.1749159664,0.05122626805,-2.220446049e-14,-0.09863582984,-0.07050351485,0.1784825502,0.1564468562,-0.09385977385,0.007939308577,0.03683702764,0.007939308577,0.1000787355,0.1625231616,0.004921261221,0.002362204716,4.35100076e-08
7.12,-0.5207121552,-0.06983530613,-0.1960455217,-0.004120430606,-0.04490615394,0.9989912098,0.002637792114,0.999996521,0,0,1.335892,1.554638529,-1.470161203,1.782650865,0.5307650549,-0.2154376091,-0.2382113242,-1.352887354,1.6493361,1.10666913,1.381955095,0.3977868868,0.3839883972,-0.816569148,-0.06394879332,0.005921358332,-0.01583942215,0.03293189228,0.1906967558,-0.03386996776,-0.1728001918,0.05079963942,0,-0.09749966835,-0.06991269968,0.1765164532,0.1546909946,-0.09270509782,0.007957017488,0.03683571267,0.007957017488,0.1000787355,0.1625833096,0.004921261221,0.002362204716,4.351000782e-08
7.13,-0.5226610382,-0.06987653148,-0.1937330576,-0.004124619149,-0.04490615394,0.9989912098,0.002637792114,0.999996521,0,0,1.335252512,1.554697743,-1.470319597,1.782980184,0.5326720224,-0.2157763088,-0.2399393261,-1.352379358,1.6493361,1.105694134,1.381255968,0.3995520513,0.3855353072,-0.817496199,-0.06384631599,0.006082407814,-0.01486608028,0.031771608,0.1886047449,-0.03179772935,-0.1710359332,0.05098545322,2.220446049e-14,-0.09683654868,-0.06909637029,0.1745988659,0.1537225088,-0.09093323313,0.007974563464,0.0368344996,0.007974563464,0.1000787355,0.1626245209,0.004921261221,0.002362204716,4.351000782e-08
7.14,-0.524586858,-0.06991779809,-0.1914330996,-0.004128680481,-0.04490615394,0.9989912098,0.002637792114,0.999996521,0,0,1.334614049,1.554758567,-1.470468258,1.7832979,0.5345580699,-0.2160942861,-0.2416496855,-1.351869503,1.6493361,1.104725768,1.380565005,0.40129804,0.3870725322,-0.8184055313,-0.0637082431,0.00622795991,-0.01395308505,0.03065533137,0.1865122566,-0.02984549267,-0.169258679,0.05112825339,-2.220446049e-14,-0.09614545247,-0.06829965686,0.172689743,0.1527064141,-0.08921362863,0.0079924639,0.03683340874,0.0079924639,0.1000787355,0.1629114872,0.005194956255,0.002362204716,4.35100076e-08
7.15,-0.5264897458,-0.06995910462,-0.1891468339,-0.004132602535,-0.04490615394,0.9989912098,0.002637792114,0.999996521,0,0,1.333976966,1.554820847,-1.470607789,1.783604454,0.5364231925,-0.216392741,-0.2433422723,-1.351358221,1.6493361,1.103764314,1.379882008,0.4030249374,0.3885995964,-0.8192976676,-0.06307361308,0.006169567738,-0.01380357918,0.03005798473,0.1842647629,-0.02939979977,-0.1671713318,0.05069412894,2.220446049e-14,-0.0950187314,-0.06772447629,0.1707561863,0.1509632215,-0.08809257116,0.008010681363,0.03683243665,0.008010681363,0.1000787355,0.1634523838,0.005735851569,0.002362204716,4.351000782e-08
7.16,-0.5283698444,-0.07000044963,-0.1868754601,-0.004136373109,-0.04490615394,0.9989912098,0.002637792114,0.999996521,0,0,1.33334623,1.554882542,-1.470745825,1.783905034,0.5382658401,-0.216686739,-0.2450139856,-1.350851279,1.6493361,1.102814126,1.379204763,0.4047324993,0.3901092286,-0.8201785933,-0.06245647433,0.0061119125,-0.01365703314,0.02937183117,0.1820543573,-0.02888884218,-0.1650593705,0.05031461917,0,-0.09400917608,-0.06732942523,0.1689151099,0.1493592695,-0.08692951564,0.008028726154,0.03683155895,0.008028726154,0.1000787355,0.1640051935,0.00628866003,0.002362204716,4.35100076e-08
7.17,-0.5302273087,-0.07004183154,-0.1846201906,-0.004139979869,-0.04490615394,0.9989912098,0.002637792114,0.999996521,0,0,1.332721665,1.554943661,-1.470882395,1.784198752,0.5400863837,-0.2169756274,-0.2466645793,-1.350348133,1.6493361,1.101874034,1.378531469,0.4064216504,0.3916028213,-0.8210478885,-0.0618302488,0.006054246872,-0.01350953792,0.02878528883,0.1798386189,-0.02845102758,-0.1630025436,0.04988546095,0,-0.09289791179,-0.06675962494,0.1670079393,0.1476390636,-0.08582505626,0.008046600217,0.03683076999,0.008046600217,0.1000787355,0.1645885553,0.006872020582,0.002362204716,4.35100076e-08
7.18,-0.5320623059,-0.07008324864,-0.1823822512,-0.00414341035,-0.04490615394,0.9989912098,0.002637792114,0.999996521,0,0,1.332103363,1.555004204,-1.47101749,1.784486605,0.5418847698,-0.2172601377,-0.2482946047,-1.349849278,1.6493361,1.100945055,1.377863873,0.4080917298,0.3930792119,-0.821906139,-0.06120873148,0.005996989952,-0.01336315525,0.02820411267,0.1776406506,-0.02801699892,-0.1609625071,0.04945918286,0,-0.09179534027,-0.06619364097,0.1651153499,0.1459323109,-0.08472970898,0.008064303713,0.03683007029,0.008064303713,0.1000787355,0.165148115,0.007431579046,0.002362204716,4.35100076e-08
7.19,-0.5338750156,-0.07012469911,-0.1801628804,-0.004146651949,-0.04490615394,0.9989912098,0.002637792114,0.999996521,0,0,1.331491275,1.555064174,-1.471151122,1.784768646,0.5436611763,-0.2175403077,-0.2499042298,-1.349354687,1.6493361,1.100027102,1.377201936,0.4097428833,0.394538535,-0.8227534361,-0.0605922329,0.005940171148,-0.01321796535,0.02762867218,0.1754616791,-0.02758701193,-0.1589403875,0.04903599113,2.220446049e-14,-0.09070208745,-0.0656317444,0.1632384078,0.1442399529,-0.08364407783,0.008081837835,0.03682945722,0.008081837835,0.1000787355,0.1656842176,0.00796768046,0.002362204716,4.35100076e-08
7.2,-0.5356656296,-0.07016618101,-0.1779633301,-0.004149691935,-0.04490615394,0.9989912098,0.002637792114,0.999996521,0,0,1.330885353,1.555123576,-1.471283302,1.785044933,0.5454157931,-0.2178161778,-0.2514936337,-1.348864327,1.6493361,1.099120081,1.376545619,0.4113752674,0.3959809346,-0.8235898769,-0.05998106667,0.005883820188,-0.01307404934,0.02705934068,0.1733029439,-0.02716132496,-0.1569373229,0.04861609423,-2.220446049e-14,-0.08961878607,-0.06507420923,0.1613781907,0.1425629415,-0.08256877295,0.008099203862,0.03682892821,0.008099203862,0.1000787355,0.1661972101,0.008480671745,0.002362204716,4.351000737e-08
7.21,-0.5374343525,-0.07020769224,-0.1757848653,-0.004152517441,-0.04490615394,0.9989912098,0.002637792114,0.999996521,0,0,1.330285542,1.555182414,-1.471414042,1.785315526,0.5471488226,-0.2180877911,-0.2530630069,-1.348378166,1.6493361,1.098223893,1.375894877,0.4129890493,0.397406564,-0.8244155646,-0.05937554954,0.005827967118,-0.0129314892,0.02649649536,0.1711656976,-0.02674019899,-0.154954463,0.04819970286,0,-0.08854607565,-0.06452131239,0.159535788,0.1409022381,-0.08150441055,0.008116403163,0.03682848074,0.008116403163,0.1000787355,0.1666874409,0.008970901513,0.002362204716,4.35100076e-08
7.22,-0.5391814015,-0.0702492306,-0.1736287639,-0.004155115466,-0.04490615394,0.9989912098,0.002637792114,0.999996521,0,0,1.329691787,1.555240693,-1.471543357,1.785580491,0.5488604796,-0.2183551931,-0.2546125515,-1.347896169,1.6493361,1.097338432,1.375249664,0.4145844072,0.3988155864,-0.8252306087,-0.05877600135,0.005772642304,-0.0127903678,0.02594051727,0.1690512054,-0.02632389762,-0.152992969,0.04778702996,2.220446049e-14,-0.08748460255,-0.06397333368,0.157712301,0.1392588144,-0.08045161291,0.008133437198,0.03682811233,0.008133437198,0.1000787355,0.1671552603,0.009438719876,0.002362204716,4.35100076e-08
7.23,-0.5409070066,-0.07029079375,-0.171496317,-0.004157472877,-0.04490615394,0.9989912098,0.002637792114,0.999996521,0,0,1.329104027,1.55529842,-1.471671261,1.785839896,0.5505509916,-0.218618432,-0.2561424812,-1.347418298,1.6493361,1.096463586,1.37460993,0.4161615302,0.4002081745,-0.8260351249,-0.05900270116,0.005983391944,-0.01130500795,0.02452268982,0.1671125687,-0.02345137705,-0.1514445339,0.04834642805,-2.220446049e-14,-0.08717242448,-0.06305997001,0.1559991699,0.1388539927,-0.07842516464,0.008149399766,0.03682782056,0.008149399766,0.1000787355,0.1676010197,0.00988447825,0.002362204716,4.351000737e-08
7.24,-0.542611411,-0.07033237921,-0.1693888288,-0.004159576409,-0.04490615394,0.9989912098,0.002637792114,0.999996521,0,0,1.328514,1.555358254,-1.471784311,1.786085123,0.5522221173,-0.2188529458,-0.2576569265,-1.346934834,1.6493361,1.095591862,1.373979331,0.4177215219,0.4015967144,-0.8268193765,-0.05848311796,0.005931079053,-0.01104118068,0.02391225163,0.1650398771,-0.02286150882,-0.1495408247,0.04801909165,0,-0.08619461034,-0.0624931222,0.1542251286,0.137345542,-0.07731813385,0.008148350001,0.03682764508,0.008148350001,0.09963208372,0.1676971848,0.009921260178,0.002362204716,4.35100076e-08
7.25,-0.5442948708,-0.07037398438,-0.1673076166,-0.004161412662,-0.04490615394,0.9989912098,0.002637792114,0.999996521,0,0,1.327929169,1.555417565,-1.471894722,1.786324246,0.5538725161,-0.2190815609,-0.2591523348,-1.346454643,1.6493361,1.094729916,1.3733544,0.4192637731,0.4029701698,-0.8275925578,-0.05789425533,0.005854183681,-0.01090373975,0.02339068727,0.1629791747,-0.02250653771,-0.1476251938,0.04760607357,0,-0.08516143287,-0.06196652033,0.1524650028,0.1357438366,-0.0763162549,0.008147309909,0.03682754591,0.008147309909,0.09914980869,0.1677767634,0.009921260178,0.002362204716,4.35100076e-08
7.26,-0.5459576553,-0.07041560653,-0.1652540107,-0.004162968103,-0.04490615394,0.9989912098,0.002637792114,0.999996521,0,0,1.327350226,1.555476106,-1.47200376,1.786558152,0.5555023078,-0.2193066263,-0.2606285867,-1.345978582,1.6493361,1.093878302,1.372734734,0.4207884232,0.4043276082,-0.8283557204,-0.05731279016,0.005778344503,-0.01076817387,0.02287739592,0.160946805,-0.0221567994,-0.1457361191,0.04719782296,0,-0.0841422726,-0.06144591786,0.1507283122,0.1341636163,-0.0753283231,0.008146280342,0.03682751685,0.008146280342,0.09867345665,0.167871419,0.009921260178,0.002362204716,4.35100076e-08
7.27,-0.5476000475,-0.07045724276,-0.1632293547,-0.004164229067,-0.04490615394,0.9989912098,0.002637792114,0.999996521,0,0,1.326777098,1.55553389,-1.472111442,1.786786926,0.5571117759,-0.2195281943,-0.2620859479,-1.345506604,1.6493361,1.093036879,1.372120275,0.4222957063,0.4056692444,-0.8291090036,-0.05673906519,0.005703591855,-0.01063455487,0.02237277035,0.1589440946,-0.02181255177,-0.1438748182,0.04679457234,0,-0.08313781649,-0.06093160601,0.1490162178,0.1326059132,-0.0743549823,0.008145261162,0.03682755567,0.008145261162,0.09820294661,0.1679808781,0.009921260178,0.002362204716,4.35100076e-08
7.28,-0.5492223435,-0.07049889008,-0.1612350052,-0.004165181755,-0.04490615394,0.9989912098,0.002637792114,0.999996521,0,0,1.326209708,1.555590926,-1.472217787,1.787010654,0.5587012168,-0.2197463198,-0.2635246961,-1.345038659,1.6493361,1.092205501,1.371510959,0.4237858685,0.4069953035,-0.8298525534,-0.05617342633,0.00562995608,-0.01050295501,0.02187720713,0.1569723828,-0.02147405527,-0.1420425198,0.04639655654,0,-0.08214875842,-0.06042387887,0.1473298928,0.1310717696,-0.07339688228,0.008144252225,0.03682766019,0.008144252225,0.09773819369,0.168104871,0.009921260178,0.002362204716,4.35100076e-08
7.29,-0.5508248532,-0.07054054532,-0.1592723317,-0.004165812234,-0.04490615394,0.9989912098,0.002637792114,0.999996521,0,0,1.325647973,1.555647225,-1.472322817,1.787229426,0.5602709406,-0.2199610603,-0.2649451213,-1.344574693,1.6493361,1.091384013,1.37090672,0.4252591674,0.4083060212,-0.8305865223,-0.05561622265,0.005557467526,-0.01037344701,0.0213911066,0.1550330213,-0.02114157299,-0.1402404639,0.04600401275,0,-0.08117579917,-0.05992303344,0.145670522,0.1295622379,-0.07245467874,0.00814325338,0.03682782828,0.00814325338,0.09727910911,0.1682431317,0.009921260178,0.002362204716,4.35100076e-08
7.3,-0.5524079003,-0.0705822052,-0.157342717,-0.00416610644,-0.04490615394,0.9989912098,0.002637792114,0.999996521,0,0,1.325091811,1.5557028,-1.472426551,1.787443337,0.5618212709,-0.2201724761,-0.2663475259,-1.344114653,1.6493361,1.090572255,1.37030749,0.4267158726,0.4096016436,-0.831311069,-0.05506780641,0.005486156533,-0.01024610399,0.02091487288,0.1531273744,-0.02081537064,-0.1384699011,0.04561718044,-2.220446049e-14,-0.08021964647,-0.05942936962,0.1440393022,0.1280783805,-0.07152903331,0.008142264471,0.03682805787,0.008142264471,0.09682560015,0.1683953987,0.009921260178,0.002362204716,4.35100076e-08
7.31,-0.5539718224,-0.07062386629,-0.155447557,-0.004166050173,-0.04490615394,0.9989912098,0.002637792114,0.999996521,0,0,1.324541133,1.555757662,-1.472529012,1.787652486,0.5633525446,-0.2203806298,-0.267732225,-1.343658481,1.6493361,1.089770059,1.369713196,0.4281562656,0.4108824274,-0.8320263594,-0.05452853301,0.005416053434,-0.01012099953,0.02044891385,0.1512568187,-0.02049571656,-0.1367320936,0.04523630145,4.440892099e-14,-0.07928101496,-0.05894319019,0.1424374422,0.1266212701,-0.07062061353,0.008141285336,0.03682834697,0.008141285336,0.0963775701,0.1685614147,0.009921260178,0.002362204716,4.351000782e-08
7.32,-0.555516971,-0.07066552499,-0.1535882606,-0.004165629102,-0.04490615394,0.9989912098,0.002637792114,0.999996521,0,0,1.323995848,1.555811822,-1.472630222,1.787856975,0.5648651128,-0.2205855869,-0.2690995459,-1.343206118,1.6493361,1.088977249,1.369123764,0.4295806401,0.4121486401,-0.8327325655,-0.05399876104,0.005347188548,-0.009998207621,0.01999364119,0.1494227434,-0.0201828817,-0.1350283142,0.04486161993,-6.661338148e-14,-0.07836062624,-0.05846480085,0.1408661626,0.1251919893,-0.06973009283,0.008140315806,0.03682869363,0.008140315806,0.09593491824,0.1687409273,0.009921260178,0.002362204716,4.351000737e-08
7.33,-0.5570437118,-0.0707071776,-0.1517662499,-0.004164828761,-0.04490615394,0.9989912098,0.002637792114,0.999996521,0,0,1.32345586,1.555865294,-1.472730204,1.788056911,0.5663593402,-0.2207874158,-0.270449829,-1.342757502,1.6493361,1.088193642,1.368539116,0.4309893017,0.41340056,-0.8334298664,-0.05350519726,0.005263265033,-0.009813967994,0.01952298894,0.1476054577,-0.0198187069,-0.133345643,0.04452243193,4.440892099e-14,-0.07748110378,-0.05798294215,0.1393302023,0.1238279724,-0.0688282761,0.008139355707,0.03682909599,0.008139355707,0.0954975398,0.1689336893,0.009921260178,0.002362204716,4.351000804e-08
7.34,-0.558552425,-0.07074882025,-0.14998296,-0.004163634554,-0.04490615394,0.9989912098,0.002637792114,0.999996521,0,0,1.322920808,1.555917927,-1.472828344,1.788252141,0.5678353948,-0.2209856028,-0.2717832855,-1.342312278,1.6493361,1.087418831,1.367959287,0.4323826037,0.4146388397,-0.8341181492,-0.05381047195,0.0046675971,-0.007702432822,0.01827355604,0.1451722087,-0.01773490756,-0.1312503046,0.0450568994,0,-0.07727492316,-0.05716427862,0.1379324768,0.1235786056,-0.06705386235,0.00813840399,0.03682955364,0.00813840399,0.09507874027,0.1691448372,0.009921260178,0.002362204716,4.35100076e-08
7.35,-0.5600435049,-0.07079044893,-0.1482398391,-0.004162031747,-0.04490615394,0.9989912098,0.002637792114,0.999996521,0,0,1.322382703,1.555964603,-1.472905368,1.788434877,0.5692871169,-0.2211629519,-0.2730957885,-1.341861709,1.6493361,1.086646082,1.367387644,0.4337619285,0.4158746258,-0.8347886878,-0.05330625387,0.004559240371,-0.007563191513,0.01786259126,0.143414399,-0.01749796351,-0.1296129592,0.04469164634,0,-0.07640600993,-0.05671541139,0.1364601137,0.1222261604,-0.06623155803,0.008137433956,0.03683010737,0.008137433956,0.09507874027,0.1695199734,0.009921260178,0.002362204716,4.35100076e-08
7.36,-0.5615173606,-0.07083205948,-0.1465383485,-0.004160005478,-0.04490615394,0.9989912098,0.002637792114,0.999996521,0,0,1.321849641,1.556010195,-1.472981,1.788613503,0.5707212609,-0.2213379315,-0.2743919181,-1.341414792,1.6493361,1.085882022,1.36682049,0.4351265296,0.4170968874,-0.8354510034,-0.05281315987,0.004452979792,-0.007426832745,0.01746375767,0.1416994447,-0.01726784185,-0.1280155862,0.04433385293,0,-0.07555848616,-0.05627548073,0.1350233461,0.1209063034,-0.06542964545,0.008136471959,0.03683071186,0.008136471959,0.09507874027,0.1698775618,0.009921260178,0.002362204716,4.35100076e-08
7.37,-0.5629744156,-0.07087364758,-0.1448799627,-0.004157540748,-0.04490615394,0.9989912098,0.002637792114,0.999996521,0,0,1.321321509,1.556054725,-1.473055269,1.78878814,0.5721382553,-0.2215106099,-0.275672074,-1.340971454,1.6493361,1.085126437,1.366257735,0.4364767631,0.4183059504,-0.8361052999,-0.05233157447,0.004348820621,-0.007293393465,0.01707747743,0.1400287709,-0.0170448211,-0.1264594898,0.0439837842,0,-0.07473311525,-0.05584480319,0.133623456,0.1196201796,-0.06464881783,0.00813551781,0.03683136548,0.00813551781,0.09507874027,0.1702179305,0.009921260178,0.002362204716,4.35100076e-08
7.38,-0.5644151085,-0.07091520878,-0.1432661691,-0.004154622426,-0.04490615394,0.9989912098,0.002637792114,0.999996521,0,0,1.320798194,1.556098213,-1.473128202,1.788958915,0.573538543,-0.2216810582,-0.2769366689,-1.340531616,1.6493361,1.084379106,1.365699287,0.4378129976,0.4195021522,-0.836751788,-0.05186188551,0.004246766979,-0.00716290983,0.01670417643,0.1384038139,-0.01682918298,-0.1249459838,0.04364170757,0,-0.07393066764,-0.05542369818,0.1322617371,0.1183689439,-0.0638897742,0.008134571311,0.03683206668,0.008134571311,0.09507874027,0.1705414046,0.009921260178,0.002362204716,4.35100076e-08
7.39,-0.5658398926,-0.07095673847,-0.1416984684,-0.004151235248,-0.04490615394,0.9989912098,0.002637792114,0.999996521,0,0,1.320279575,1.556140681,-1.473199832,1.789125957,0.5749225812,-0.22184935,-0.2781861287,-1.340095199,1.6493361,1.083639799,1.36514505,0.439135615,0.4206858416,-0.8373906858,-0.05140448417,0.00414682184,-0.007035417203,0.01634428422,0.1368260212,-0.01662121234,-0.1234763923,0.04330789291,0,-0.07315192077,-0.05501248801,0.1309394954,0.1171537616,-0.06315321936,0.00813363226,0.03683281399,0.00813363226,0.09507874027,0.1708483062,0.009921260178,0.002362204716,4.35100076e-08
7.4,-0.5672492365,-0.07099823187,-0.1401783743,-0.004147363817,-0.04490615394,0.9989912098,0.002637792114,0.999996521,0,0,1.31976553,1.556182149,-1.473270186,1.7892894,0.5762908414,-0.2220155621,-0.2794208926,-1.33966212,1.6493361,1.08290828,1.364594925,0.44044501,0.4218573793,-0.838022218,-0.05095976492,0.004048987026,-0.006910950153,0.01599823407,0.135296852,-0.01642119722,-0.1220520489,0.0429826125,0,-0.07239765912,-0.05461149782,0.1296580486,0.1159758082,-0.0624398639,0.008132700448,0.03683360601,0.008132700448,0.09507874027,0.1711389535,0.009921260178,0.002362204716,4.35100076e-08
7.41,-0.5686436239,-0.07103968408,-0.1387074135,-0.004142992602,-0.04490615394,0.9989912098,0.002637792114,0.999996521,0,0,1.319255932,1.556222639,-1.473339295,1.789449382,0.5776438099,-0.2221797741,-0.2806414131,-1.339232294,1.6493361,1.082184304,1.36404881,0.4417415905,0.4230171373,-0.8386466166,-0.0505281256,0.003953263207,-0.006789542448,0.01566646294,0.1338177764,-0.01622942882,-0.1206742972,0.04266614104,0,-0.07166867421,-0.05422105566,0.1284187265,0.1148362693,-0.0617504242,0.008131775656,0.0368344414,0.008131775656,0.09507874027,0.1714136612,0.009921260178,0.002362204716,4.35100076e-08
7.42,-0.5700235537,-0.07108109001,-0.137287126,-0.00413810594,-0.04490615394,0.9989912098,0.002637792114,0.999996521,0,0,1.318750651,1.556262171,-1.473407191,1.789606047,0.5789819877,-0.2223420684,-0.2818481561,-1.338805632,1.6493361,1.081467617,1.3635066,0.4430257777,0.4241655,-0.8392641209,-0.05010996734,0.003859649902,-0.006671227063,0.01534941151,0.132390276,-0.0160462015,-0.1193444908,0.04235875563,0,-0.07096576456,-0.05384149243,0.127222871,0.113736341,-0.06108562241,0.008130857659,0.03683531891,0.008130857659,0.09507874027,0.17167274,0.009921260178,0.002362204716,4.35100076e-08
7.43,-0.5713895405,-0.07112244442,-0.1359190647,-0.004132688033,-0.04490615394,0.9989912098,0.002637792114,0.999996521,0,0,1.318249551,1.556300768,-1.473473903,1.789759541,0.5803058904,-0.2225025304,-0.283041601,-1.338382045,1.6493361,1.080757959,1.362968185,0.4442980064,0.4253028634,-0.8398749771,-0.0497056946,0.003768145483,-0.006556036174,0.01504752412,0.1310158438,-0.0158718128,-0.1180639931,0.04206073581,2.220446049e-14,-0.07028973574,-0.05347314191,0.1260718357,0.1126772292,-0.06044618647,0.008129946226,0.03683623738,0.008129946226,0.09507874027,0.171916496,0.009921260178,0.002362204716,4.35100076e-08
7.44,-0.5727421143,-0.07116374194,-0.1346047957,-0.004126722952,-0.04490615394,0.9989912098,0.002637792114,0.999996521,0,0,1.317752494,1.556338449,-1.473539463,1.789910016,0.5816160489,-0.2226612485,-0.2842222409,-1.337961437,1.6493361,1.080055062,1.362433454,0.4455587248,0.4264296357,-0.8404794389,-0.04931571518,0.003678747182,-0.006444001176,0.01476124885,0.1296959839,-0.01570656341,-0.1168341774,0.04177236353,0,-0.06964140032,-0.05311634075,0.1249669866,0.1116601505,-0.05983285013,0.008129041117,0.03683719569,0.008129041117,0.09507874027,0.1721452309,0.009921260178,0.002362204716,4.351000737e-08
7.45,-0.574081821,-0.07120497701,-0.1333458982,-0.004120194633,-0.04490615394,0.9989912098,0.002637792114,0.999996521,0,0,1.317259337,1.556375237,-1.473603903,1.790057629,0.5829130087,-0.2228183142,-0.2853905827,-1.337543714,1.6493361,1.079358648,1.36190229,0.4468083946,0.4275462372,-0.8410777675,-0.04894044018,0.003591451102,-0.006335152682,0.01449103746,0.128432212,-0.0155507572,-0.115656427,0.04149392315,-2.220446049e-14,-0.06902157791,-0.05277142848,0.1239097014,0.1106863314,-0.0592463529,0.008128142084,0.03683819283,0.008128142084,0.09507874027,0.1723592413,0.009921260178,0.002362204716,4.351000737e-08
7.46,-0.5754092221,-0.0712461439,-0.1321439644,-0.004113086881,-0.04490615394,0.9989912098,0.002637792114,0.999996521,0,0,1.316769933,1.556411151,-1.473667255,1.790202539,0.5841973308,-0.2229738217,-0.286547147,-1.337128774,1.6493361,1.078668432,1.361374576,0.4480474917,0.4286531006,-0.841670231,-0.04901219552,0.003121789457,-0.005079262378,0.01379732772,0.1267460189,-0.01455288195,-0.1141680749,0.0417023424,0,-0.06878828864,-0.05224388288,0.1229742194,0.110347205,-0.05819526377,0.008127248872,0.03683922785,0.008127248872,0.09507874027,0.1725588186,0.009921260178,0.002362204716,4.35100076e-08
7.47,-0.5767248955,-0.07128723676,-0.1310005997,-0.004105383364,-0.04490615394,0.9989912098,0.002637792114,0.999996521,0,0,1.316279811,1.556442369,-1.473718047,1.790340512,0.585464791,-0.2231193505,-0.2876888277,-1.336711751,1.6493361,1.077980549,1.360852137,0.4492772339,0.4297565726,-0.8422521836,-0.04896595115,0.002814534758,-0.004212421818,0.01325061894,0.1253047649,-0.01378920088,-0.1128863851,0.04177929723,-2.220446049e-14,-0.06847823842,-0.05178627775,0.1220661778,0.1098768288,-0.05731722065,0.008126344449,0.03684032575,0.008126344449,0.09507874027,0.1728572382,0.009921260178,0.002362204716,4.35100076e-08
7.48,-0.5780294112,-0.07132824961,-0.1299038528,-0.004097111553,-0.04490615394,0.9989912098,0.002637792114,0.999996521,0,0,1.315790151,1.556470515,-1.473760172,1.790473018,0.5867178387,-0.2232572426,-0.2888176916,-1.336293958,1.6493361,1.077295767,1.360334274,0.4504978956,0.4308553409,-0.8428253558,-0.04861022776,0.002795524909,-0.00418293564,0.01302380045,0.1242293074,-0.01363133386,-0.1118870728,0.04151471439,2.220446049e-14,-0.06791646141,-0.05146882244,0.121112836,0.1089895757,-0.0567970967,0.008125434605,0.03684147856,0.008125434605,0.09507874027,0.1732309539,0.009921260178,0.002362204716,4.351000782e-08
7.49,-0.5793228622,-0.07136917794,-0.1287799863,-0.004088507615,-0.04490615394,0.9989912098,0.002637792114,0.999996521,0,0,1.315304049,1.55649847,-1.473802001,1.790603256,0.5879601317,-0.2233935559,-0.2899365623,-1.335878811,1.6493361,1.076616602,1.359819586,0.451709024,0.4319452366,-0.8433933268,-0.04824325334,0.002775869932,-0.004152402399,0.01278971659,0.1231188354,-0.01346840919,-0.1108560706,0.04124121225,0,-0.067335594,-0.05114069257,0.1201266042,0.1080729676,-0.05626076981,0.008124531622,0.03684266689,0.008124531622,0.09507874027,0.1736014998,0.009921260178,0.002362204716,4.35100076e-08
7.5,-0.5806048857,-0.0714100188,-0.1276185298,-0.004079615901,-0.04490615394,0.9989912098,0.002637792114,0.999996521,0,0,1.314821617,1.556526229,-1.473843525,1.790731154,0.5891913201,-0.22352824,-0.291045123,-1.335466399,1.6493361,1.075943246,1.359308179,0.45291029,0.4330259663,-0.8439559345,-0.04786483417,0.002755558863,-0.004120802007,0.01254811927,0.1219725665,-0.01330028478,-0.109792665,0.04095865833,-2.220446049e-14,-0.06673521243,-0.05080174148,0.1191067808,0.107126382,-0.05570787189,0.008123635705,0.0368438895,0.008123635705,0.09507874027,0.173968772,0.009921260178,0.002362204716,4.35100076e-08
7.51,-0.5818751109,-0.07145076933,-0.1264205145,-0.004070444305,-0.04490615394,0.9989912098,0.002637792114,0.999996521,0,0,1.314342968,1.556553784,-1.473884733,1.790856635,0.5904110458,-0.2236612428,-0.2921430496,-1.335056812,1.6493361,1.075275894,1.358800162,0.4541013578,0.4340972301,-0.8445130132,-0.04747529757,0.002734609461,-0.004088162311,0.01229921841,0.1207914973,-0.01312710659,-0.1086977771,0.04066729934,2.220446049e-14,-0.06611584225,-0.05045226497,0.1180542607,0.1061506439,-0.05513888052,0.00812274706,0.03684514512,0.00812274706,0.09507874027,0.1743326642,0.009921260178,0.002362204716,4.351000782e-08
7.52,-0.5831331775,-0.07149142678,-0.125186963,-0.004061000656,-0.04490615394,0.9989912098,0.002637792114,0.999996521,0,0,1.313868215,1.55658113,-1.473925615,1.790979627,0.5916189607,-0.2237925139,-0.2932300274,-1.334650139,1.6493361,1.074614736,1.358295639,0.4552819005,0.4351587366,-0.845064402,-0.04707496795,0.002713039353,-0.004054510967,0.01204322218,0.1195766164,-0.01294901934,-0.1075723196,0.0403673801,2.220446049e-14,-0.06547800507,-0.05009255653,0.116969932,0.1051465716,-0.05455426891,0.00812186589,0.03684643244,0.00812186589,0.09507874027,0.1746930732,0.009921260178,0.002362204716,4.35100076e-08
7.53,-0.5843787351,-0.07153198846,-0.1239188897,-0.00405129272,-0.04490615394,0.9989912098,0.002637792114,0.999996521,0,0,1.313397466,1.556608261,-1.47396616,1.791100059,0.5928147269,-0.2239220041,-0.2943057506,-1.334246465,1.6493361,1.073959956,1.357794713,0.4564515998,0.4362102023,-0.8456099447,-0.04666416682,0.002690866026,-0.004019875444,0.011780337,0.1183289039,-0.0127661665,-0.1064171974,0.04005914347,-2.220446049e-14,-0.06482221852,-0.04972290729,0.1158546765,0.1041149768,-0.05395450596,0.00812099239,0.03684775012,0.00812099239,0.09507874027,0.1750498987,0.009921260178,0.002362204716,4.351000737e-08
7.54,-0.5856114436,-0.07157245178,-0.1226173005,-0.004041328198,-0.04490615394,0.9989912098,0.002637792114,0.999996521,0,0,1.312930824,1.556635169,-1.474006359,1.791217863,0.5939980159,-0.2240496658,-0.2953699226,-1.333845874,1.6493361,1.073311733,1.357297484,0.4576101465,0.4372513521,-0.8461494898,-0.04624321276,0.002668106835,-0.00398428302,0.0115107675,0.1170493316,-0.0125786903,-0.1052333073,0.0397428304,2.220446049e-14,-0.06414899625,-0.04934360606,0.1147093695,0.1030566647,-0.05334005622,0.00812012675,0.03684909682,0.00812012675,0.09507874027,0.1754030432,0.009921260178,0.002362204716,4.35100076e-08
7.55,-0.5868309727,-0.0716128142,-0.1212831928,-0.004031114725,-0.04490615394,0.9989912098,0.002637792114,0.999996521,0,0,1.312468392,1.55666185,-1.474046201,1.79133297,0.5951685092,-0.2241754527,-0.2964222557,-1.333448446,1.6493361,1.072670243,1.356804048,0.4587572402,0.4382819187,-0.8466828903,-0.04581242142,0.002644778994,-0.003947760785,0.01123471657,0.1157388631,-0.01238673175,-0.1040215377,0.03941867991,-2.220446049e-14,-0.06345884797,-0.04895493932,0.1135348795,0.1019724336,-0.05271137993,0.008119269151,0.03685047114,0.008119269151,0.09507874027,0.1757524121,0.009921260178,0.002362204716,4.351000737e-08
7.56,-0.5880370023,-0.07165307327,-0.1199175558,-0.004020659875,-0.04490615394,0.9989912098,0.002637792114,0.999996521,0,0,1.312010267,1.556688298,-1.474085679,1.791445317,0.5963258979,-0.22429932,-0.297462471,-1.333054259,1.6493361,1.072035655,1.356314499,0.459892589,0.439301643,-0.8472100041,-0.04537210558,0.002620899584,-0.003910335636,0.01095238535,0.1143984537,-0.01219043061,-0.1027827695,0.03908692906,-4.440892099e-14,-0.06275227939,-0.0485571912,0.1123320688,0.1008630754,-0.052068933,0.008118419772,0.03685187169,0.008118419772,0.09507874027,0.1760979136,0.009921260178,0.002362204716,4.35100076e-08
7.57,-0.589229222,-0.07169322661,-0.1185213701,-0.004009971154,-0.04490615394,0.9989912098,0.002637792114,0.999996521,0,0,1.311556546,1.556714507,-1.474124782,1.791554841,0.5974698824,-0.2244212243,-0.2984902987,-1.332663389,1.6493361,1.071408132,1.355828927,0.4610159097,0.4403102738,-0.8477306935,-0.0449225751,0.002596485549,-0.00387203428,0.01066397319,0.1130290504,-0.0119899254,-0.101517875,0.038747813,4.440892099e-14,-0.06202979223,-0.0481506435,0.1111017929,0.09972937529,-0.05141316703,0.008117578783,0.03685329704,0.008117578783,0.09507874027,0.1764394589,0.009921260178,0.002362204716,4.351000804e-08
7.58,-0.5904073311,-0.07173327194,-0.1170956079,-0.003999056006,-0.04490615394,0.9989912098,0.002637792114,0.999996521,0,0,1.311107321,1.556740472,-1.474163503,1.791661481,0.5986001729,-0.2245411235,-0.2995054775,-1.332275911,1.6493361,1.070787834,1.355347421,0.4621269276,0.4413075676,-0.8482448251,-0.04446413694,0.002571553693,-0.003832883232,0.01036967772,0.111631592,-0.0117853534,-0.1002277189,0.03840156493,-2.220446049e-14,-0.06129188424,-0.04773557567,0.1098449008,0.09857211168,-0.05074452933,0.008116746349,0.03685474578,0.008116746349,0.09507874027,0.1767769619,0.009921260178,0.002362204716,4.35100076e-08
7.59,-0.5915710388,-0.071773207,-0.1156412331,-0.00398792181,-0.04490615394,0.9989912098,0.002637792114,0.999996521,0,0,1.310662679,1.556766188,-1.474201832,1.791765178,0.5997164888,-0.2246589771,-0.3005077547,-1.331891896,1.6493361,1.070174915,1.354870065,0.4632253767,0.4422932887,-0.8487522704,-0.04399709515,0.002546120688,-0.003792908814,0.01006969477,0.110207009,-0.01157685067,-0.09891315756,0.03804841612,0,-0.06053904915,-0.04731226483,0.1085622348,0.09739205647,-0.05006346289,0.008115922631,0.03685621644,0.008115922631,0.09507874027,0.1771103391,0.009921260178,0.002362204716,4.351000782e-08
7.6,-0.5927200636,-0.07181302967,-0.1141592011,-0.003976575879,-0.04490615394,0.9989912098,0.002637792114,0.999996521,0,0,1.310222708,1.556791649,-1.474239761,1.791865875,0.6008185589,-0.2247747456,-0.3014968863,-1.331511412,1.6493361,1.069569525,1.354396942,0.464310999,0.4432672092,-0.849252905,-0.04373653262,0.002586755396,-0.00336417228,0.009507266806,0.1087494197,-0.01069542089,-0.09763311099,0.03796432958,4.440892099e-14,-0.05997625255,-0.04676455018,0.1073057083,0.09652788679,-0.04908332363,0.008115107782,0.03685770758,0.008115107782,0.09507874027,0.17743951,0.009921260178,0.002362204716,4.351000782e-08
7.61,-0.5938541338,-0.07185273784,-0.1126504589,-0.003965025465,-0.04490615394,0.9989912098,0.002637792114,0.999996521,0,0,1.309785343,1.556817516,-1.474273402,1.791960947,0.6019060531,-0.2248816998,-0.3024732174,-1.331131768,1.6493361,1.068969762,1.353929297,0.4653840561,0.4442324881,-0.8497437383,-0.04358206859,0.002662342927,-0.00272845973,0.008802928063,0.1072627639,-0.009454702221,-0.0963610867,0.0380204462,0,-0.0595083973,-0.04614721158,0.106052772,0.09582217485,-0.04793866001,0.008114299137,0.03685923415,0.008114299137,0.09507874027,0.1777316185,0.009921260178,0.002362204716,4.351000737e-08
7.62,-0.5949729869,-0.07189232952,-0.1111159451,-0.003953277751,-0.04490615394,0.9989912098,0.002637792114,0.999996521,0,0,1.309349522,1.55684414,-1.474300687,1.792048977,0.6029786808,-0.2249762468,-0.3034368282,-1.330751564,1.6493361,1.068374678,1.353467825,0.4664445838,0.4451907098,-0.8502231249,-0.04308335018,0.002633222987,-0.002699871029,0.008496058779,0.1057623193,-0.009258866415,-0.09497613943,0.03763835872,-4.440892099e-14,-0.05870678346,-0.04570486305,0.1046967461,0.09456655213,-0.04723252008,0.008113495352,0.03686080374,0.008113495352,0.09507874027,0.1779762416,0.009921260178,0.002362204716,4.351000737e-08
7.63,-0.5960763699,-0.07193180276,-0.1095565899,-0.003941339861,-0.04490615394,0.9989912098,0.002637792114,0.999996521,0,0,1.308918689,1.556870472,-1.474327686,1.792133937,0.604036304,-0.2250688355,-0.3043865896,-1.33037518,1.6493361,1.067787611,1.353010776,0.4674915513,0.4461363754,-0.8506954501,-0.04257710074,0.002603629254,-0.002670773249,0.00818440901,0.1042383989,-0.009059994852,-0.0935701058,0.03725012279,2.220446049e-14,-0.05789205848,-0.04525542136,0.1033182018,0.09329097051,-0.04651585069,0.008112700972,0.03686238928,0.008112700972,0.09507874027,0.1782275559,0.009921260178,0.002362204716,4.351000782e-08
7.64,-0.597164039,-0.0719711557,-0.107973315,-0.003929218849,-0.04490615394,0.9989912098,0.002637792114,0.999996521,0,0,1.308492918,1.556896508,-1.474354393,1.792215781,0.6050786879,-0.2251594354,-0.3053222907,-1.330002679,1.6493361,1.06720869,1.352558222,0.4685247333,0.4470692851,-0.8511606086,-0.04206361442,0.002573579072,-0.002641183637,0.00786816049,0.1026918918,-0.008858203432,-0.09214380356,0.03685596568,2.220446049e-14,-0.05706470021,-0.0447991495,0.1019179493,0.09199617556,-0.04578906766,0.00811191613,0.03686398924,0.00811191613,0.09507874027,0.1784852507,0.009921260178,0.002362204716,4.35100076e-08
7.65,-0.5982357595,-0.07201038655,-0.1063670339,-0.003916921709,-0.04490615394,0.9989912098,0.002637792114,0.999996521,0,0,1.308072282,1.556922244,-1.474380805,1.792294463,0.6061056069,-0.2252480175,-0.3062437287,-1.329634119,1.6493361,1.066638043,1.35211023,0.4695439128,0.4479892468,-0.8516184993,-0.04154318248,0.00254308964,-0.002611119324,0.007547493247,0.1011236788,-0.008653606961,-0.09069804246,0.03645611265,-2.220446049e-14,-0.05622518242,-0.0443363081,0.1004967918,0.09068290616,-0.04505258261,0.008111140953,0.03686560213,0.008111140953,0.09507874027,0.1787490134,0.009921260178,0.002362204716,4.351000737e-08
7.66,-0.599291306,-0.07204949357,-0.1047386513,-0.003904455369,-0.04490615394,0.9989912098,0.002637792114,0.999996521,0,0,1.30765685,1.556947675,-1.474406916,1.792369938,0.6071168436,-0.2253345535,-0.3071507091,-1.329269558,1.6493361,1.066075791,1.351666867,0.4705488807,0.4488960759,-0.8520690251,-0.04101609323,0.002512178005,-0.002580597321,0.007222585606,0.09953463246,-0.008446319148,-0.08923362425,0.03605078695,-2.220446049e-14,-0.05537397483,-0.04386715549,0.09905552617,0.08935189444,-0.04430680296,0.008110375562,0.03686722642,0.008110375562,0.09507874027,0.1790185299,0.009921260178,0.002362204716,4.35100076e-08
7.67,-0.6003304618,-0.07208847512,-0.1030890639,-0.003891826692,-0.04490615394,0.9989912098,0.002637792114,0.999996521,0,0,1.307246689,1.556972797,-1.474432722,1.792442164,0.60811219,-0.2254190167,-0.3080430454,-1.32890905,1.6493361,1.065522051,1.351228196,0.471539436,0.4497895948,-0.8525120931,-0.04048263209,0.002480861063,-0.002549634517,0.006893614191,0.0979256171,-0.008236452606,-0.08775134274,0.03564020983,2.220446049e-14,-0.05451154306,-0.04339194763,0.09759494226,0.08800386581,-0.04355213192,0.008109620075,0.03686886063,0.008109620075,0.09507874027,0.1792934845,0.009921260178,0.002362204716,4.351000782e-08
7.68,-0.6013530195,-0.07212732959,-0.1014191598,-0.003879042477,-0.04490615394,0.9989912098,0.002637792114,0.999996521,0,0,1.306841863,1.556997605,-1.474458219,1.7925111,0.6090914461,-0.2255013812,-0.3089205588,-1.328552648,1.6493361,1.064976936,1.350794276,0.4725153854,0.4506696335,-0.8529476144,-0.03994308159,0.002449155565,-0.002518247679,0.006560753923,0.09629748874,-0.008024118856,-0.08625198376,0.03522460056,0,-0.05363834868,-0.04291093818,0.09611582341,0.08663953897,-0.04278896851,0.008108874601,0.03687050324,0.008108874601,0.09507874027,0.1795735607,0.009921260178,0.002362204716,4.35100076e-08
7.69,-0.6023587803,-0.07216605547,-0.09972981871,-0.003866109458,-0.04490615394,0.9989912098,0.002637792114,0.999996521,0,0,1.306442432,1.557022097,-1.474483401,1.792576707,0.610054421,-0.2255816224,-0.3097830786,-1.328200402,1.6493361,1.064440553,1.350365167,0.4734765436,0.4515360289,-0.8533755041,-0.03939772135,0.002417078108,-0.002486453454,0.006224178026,0.09465109516,-0.007809428323,-0.08473632518,0.03480417637,0,-0.05275484916,-0.04242437845,0.09461894618,0.08525962586,-0.0420177076,0.008108139246,0.03687215277,0.008108139246,0.09507874027,0.1798584414,0.009921260178,0.002362204716,4.35100076e-08
7.7,-0.603347554,-0.07220465131,-0.09802191184,-0.003853034307,-0.04490615394,0.9989912098,0.002637792114,0.999996521,0,0,1.306048455,1.557046268,-1.474508266,1.792638949,0.611000932,-0.2256597167,-0.3106304419,-1.32785236,1.6493361,1.063913004,1.349940923,0.4744227331,0.4523886251,-0.8537956812,-0.03884682807,0.002384645141,-0.002454268365,0.005884058021,0.0929872759,-0.007592490339,-0.08320513695,0.0343791525,0,-0.05186149786,-0.0419325174,0.0931050804,0.08386483171,-0.04123873985,0.008107414112,0.03687380773,0.008107414112,0.09507874027,0.1801478087,0.009921260178,0.002362204716,4.35100076e-08
7.71,-0.6043191595,-0.07224311571,-0.0962963021,-0.003839823628,-0.04490615394,0.9989912098,0.002637792114,0.999996521,0,0,1.305659986,1.557070114,-1.474532808,1.79269779,0.6119308047,-0.2257356416,-0.3114624933,-1.327508569,1.6493361,1.063394389,1.349521598,0.4753537839,0.4532272735,-0.8542080686,-0.03829067561,0.002351872961,-0.00242170881,0.005540563732,0.09130686223,-0.007373413146,-0.08165918107,0.03394974219,-2.220446049e-14,-0.05095874405,-0.04143560167,0.09157498914,0.08245585499,-0.04045245177,0.008106699293,0.03687546666,0.008106699293,0.09507874027,0.1804413447,0.009921260178,0.002362204716,4.35100076e-08
7.72,-0.6052734239,-0.07228144735,-0.09455384396,-0.003826483964,-0.04490615394,0.9989912098,0.002637792114,0.999996521,0,0,1.30527708,1.557093633,-1.474557026,1.792753195,0.6128438734,-0.2258093757,-0.3122790851,-1.327169072,1.6493361,1.062884802,1.349107242,0.4762695338,0.454051832,-0.8546125931,-0.03772953491,0.002318777716,-0.002388791064,0.005193863284,0.08961067718,-0.007152303893,-0.08009921163,0.03351615665,2.220446049e-14,-0.0500470329,-0.04093387555,0.09002942869,0.08103338746,-0.03965922572,0.008105994879,0.03687712809,0.008105994879,0.09507874027,0.1807387316,0.009921260178,0.002362204716,4.351000782e-08
7.73,-0.606210183,-0.07231964498,-0.09279538345,-0.003813021791,-0.04490615394,0.9989912098,0.002637792114,0.999996521,0,0,1.304899784,1.557116821,-1.474580913,1.792805134,0.6137399801,-0.2258808988,-0.3130800772,-1.32683391,1.6493361,1.062384331,1.348697903,0.4771698281,0.4548621659,-0.8550091854,-0.03716367404,0.002285375403,-0.002355531276,0.004844123105,0.08789953552,-0.006929268638,-0.07852597481,0.03307860507,2.220446049e-14,-0.04912680545,-0.04042758098,0.08846914857,0.0795981141,-0.03885943992,0.008105300957,0.03687879058,0.008105300957,0.09507874027,0.1810396517,0.009921260178,0.002362204716,4.35100076e-08
7.74,-0.607129281,-0.0723577074,-0.09102175821,-0.003799443523,-0.04490615394,0.9989912098,0.002637792114,0.999996521,0,0,1.304528147,1.557139674,-1.474604469,1.792853575,0.6146189755,-0.2259501915,-0.3138653369,-1.326503124,1.6493361,1.061893063,1.348293627,0.4780545195,0.455658147,-0.8553977798,-0.0365933582,0.002251681866,-0.002321945466,0.004491507926,0.08617424379,-0.006704412348,-0.07694020889,0.03263729466,-4.440892099e-14,-0.04819849863,-0.03991695757,0.08689489148,0.07815071319,-0.03805346843,0.008104617606,0.03688045269,0.008104617606,0.09507874027,0.1813437881,0.009921260178,0.002362204716,4.351000737e-08
7.75,-0.6080305704,-0.07239563348,-0.08923379746,-0.003785755506,-0.04490615394,0.9989912098,0.002637792114,0.999996521,0,0,1.304162214,1.557162191,-1.474627688,1.79289849,0.6154807179,-0.2260172356,-0.314634739,-1.326176751,1.6493361,1.061411078,1.347894458,0.4789234685,0.4564396542,-0.8557783145,-0.03601884971,0.002217712801,-0.002288049531,0.004136180785,0.08443560029,-0.006477838903,-0.07534264425,0.03219243059,2.220446049e-14,-0.04726254524,-0.03940224256,0.08530739331,0.07669185624,-0.03724168121,0.008103944902,0.03688211303,0.008103944902,0.09507874027,0.1816508245,0.009921260178,0.002362204716,4.351000782e-08
7.76,-0.6089139119,-0.07243342216,-0.08743232201,-0.003771964026,-0.04490615394,0.9989912098,0.002637792114,0.999996521,0,0,1.303802025,1.557184368,-1.474650569,1.792939852,0.6163250739,-0.226082014,-0.3153881655,-1.325854827,1.6493361,1.060938453,1.347500435,0.4797765424,0.4572065727,-0.8561507313,-0.03544040803,0.00218348375,-0.002253859236,0.003778303022,0.08268439507,-0.006249651094,-0.07373400343,0.031744216,2.220446049e-14,-0.04631937392,-0.03888367087,0.08370738309,0.07522220801,-0.03642444408,0.008103282916,0.03688377018,0.008103282916,0.09507874027,0.1819604459,0.009921260178,0.002362204716,4.35100076e-08
7.77,-0.6097791745,-0.07247107244,-0.08561814424,-0.003758075301,-0.04490615394,0.9989912098,0.002637792114,0.999996521,0,0,1.303447621,1.557206203,-1.474673107,1.792977635,0.6171519179,-0.2261445105,-0.3161255055,-1.325537384,1.6493361,1.060475259,1.347111598,0.4806136162,0.4579587948,-0.8565149757,-0.03486160386,0.002148807144,-0.002217958838,0.003398713706,0.08092494886,-0.006006905095,-0.07210631464,0.03130590379,0,-0.04539783948,-0.03840112988,0.08211928267,0.0737705117,-0.0355890087,0.008102631713,0.03688542279,0.008102631713,0.09507874027,0.1822723383,0.009921260178,0.002362204716,4.351000737e-08
7.78,-0.6106262351,-0.07250858336,-0.08379206814,-0.003744095486,-0.04490615394,0.9989912098,0.002637792114,0.999996521,0,0,1.303099005,1.557227691,-1.474695287,1.793011622,0.6179611674,-0.2262045795,-0.3168465687,-1.325224325,1.6493361,1.060021281,1.346727587,0.481434809,0.4586964999,-0.8568708658,-0.0345661807,0.002195945166,-0.00165382914,0.002623982403,0.07912714984,-0.004846124461,-0.07049455849,0.03126345314,-2.220446049e-14,-0.04480939693,-0.0378491833,0.08065802899,0.07282322389,-0.0343301722,0.008101991286,0.03688707001,0.008101991286,0.09507874027,0.1825694932,0.009921260178,0.002362204716,4.351000737e-08
7.79,-0.6114549789,-0.07254595406,-0.08195488927,-0.003730030672,-0.04490615394,0.9989912098,0.002637792114,0.999996521,0,0,1.302753343,1.557249651,-1.474711825,1.793037862,0.6187524389,-0.2262530408,-0.3175515142,-1.324911691,1.6493361,1.059573187,1.346349095,0.4822413893,0.4594247322,-0.8572141675,-0.03408189201,0.002191937807,-0.001422399335,0.002129596581,0.07732938956,-0.004282266168,-0.06887421542,0.03094418608,2.220446049e-14,-0.04394924992,-0.03726017478,0.07905608574,0.0714925106,-0.03335321905,0.008101357819,0.03688873575,0.008101357819,0.09507874027,0.1826409065,0.009921260178,0.002362204716,4.35100076e-08
7.8,-0.6122652985,-0.07258318371,-0.08010739478,-0.003715886886,-0.04490615394,0.9989912098,0.002637792114,0.999996521,0,0,1.302412525,1.55727157,-1.474726049,1.793059158,0.6195257328,-0.2262958635,-0.3182402564,-1.324602249,1.6493361,1.059133694,1.345976494,0.4830319502,0.4601396573,-0.8575476997,-0.03348138524,0.002154215191,-0.001403758721,0.001774380859,0.07553662394,-0.00407697794,-0.06722689848,0.03047292324,-2.220446049e-14,-0.04297300381,-0.03673295954,0.07741130424,0.06997178757,-0.03252963142,0.008100733922,0.03689040226,0.008100733922,0.09507874027,0.1826511454,0.009921260178,0.002362204716,4.351000737e-08
7.81,-0.613057095,-0.07262027156,-0.07825036342,-0.003701670088,-0.04490615394,0.9989912098,0.002637792114,0.999996521,0,0,1.302077711,1.557293112,-1.474740087,1.793076902,0.620281099,-0.2263366332,-0.3189125254,-1.32429752,1.6493361,1.058703964,1.345609164,0.4838060632,0.4608393751,-0.857872996,-0.03287815815,0.002116295888,-0.001384979548,0.001417449366,0.07373513322,-0.003870699412,-0.06557199931,0.02999923119,0,-0.04199155048,-0.03620304308,0.07575749313,0.06844341934,-0.03170244452,0.008100121149,0.03689205856,0.008100121149,0.09507874027,0.1826680071,0.009921260178,0.002362204716,4.35100076e-08
7.82,-0.6138302766,-0.07265721689,-0.0763845655,-0.003687386177,-0.04490615394,0.9989912098,0.002637792114,0.999996521,0,0,1.301748929,1.557314275,-1.474753937,1.793091076,0.6210184503,-0.2263753402,-0.3195682454,-1.323997528,1.6493361,1.058284049,1.345247134,0.4845636382,0.4615238093,-0.8581900205,-0.03227245676,0.002078195599,-0.001366069969,0.001058948645,0.07192565763,-0.003663515261,-0.06391019392,0.02952330579,0,-0.04100529737,-0.03567064438,0.07409534132,0.06690803616,-0.03087199451,0.008099519543,0.03689370337,0.008099519543,0.09507874027,0.1826912149,0.009921260178,0.002362204716,4.35100076e-08
7.83,-0.6145847596,-0.07269401908,-0.07451076295,-0.003673040985,-0.04490615394,0.9989912098,0.002637792114,0.999996521,0,0,1.301426205,1.557335057,-1.474767597,1.793101666,0.6217377069,-0.2264119754,-0.3202073473,-1.323702294,1.6493361,1.057873996,1.344890427,0.4853045916,0.4621928897,-0.8584987404,-0.03166452423,0.00203992986,-0.001347038082,0.0006990236013,0.07010892917,-0.003455509221,-0.06224215052,0.02904534085,0,-0.04001464772,-0.03513598009,0.07242553077,0.06536626141,-0.03003861351,0.008098929142,0.03689533543,0.008098929142,0.09507874027,0.1827204923,0.009921260178,0.002362204716,4.35100076e-08
7.84,-0.6153204677,-0.07273067753,-0.07262970925,-0.00365864028,-0.04490615394,0.9989912098,0.002637792114,0.999996521,0,0,1.301109559,1.557355456,-1.474781068,1.793108656,0.6224387962,-0.2264465305,-0.3208297688,-1.323411841,1.6493361,1.057473849,1.344539067,0.4860288469,0.4628465523,-0.8587991266,-0.03105460081,0.00200151404,-0.001327891923,0.000337817507,0.06828567163,-0.003246764076,-0.06056852952,0.02856552808,0,-0.03902000055,-0.0345992645,0.07074873652,0.06381871167,-0.02920262965,0.008098349983,0.03689695354,0.008098349983,0.09507874027,0.1827555634,0.009921260178,0.002362204716,4.35100076e-08
7.85,-0.6160373321,-0.07276719172,-0.07074214949,-0.003644189768,-0.04490615394,0.9989912098,0.002637792114,0.999996521,0,0,1.300799013,1.557375472,-1.474794347,1.793112034,0.6231216529,-0.2264789981,-0.3214354541,-1.323126186,1.6493361,1.057083649,1.344193075,0.4867363343,0.4634847394,-0.8590911528,-0.03044292393,0.001962963343,-0.001308639473,-2.452800241e-05,0.06645660059,-0.003037361667,-0.05888998353,0.0280840571,0,-0.03802175066,-0.03406070957,0.06906562661,0.06226599669,-0.02836436705,0.008097782094,0.03689855649,0.008097782094,0.09507874027,0.1827961528,0.009921260178,0.002362204716,4.35100076e-08
7.86,-0.6167352914,-0.07280356118,-0.06884882035,-0.003629695087,-0.04490615394,0.9989912098,0.002637792114,0.999996521,0,0,1.300494584,1.557395101,-1.474807433,1.793111789,0.6237862189,-0.2265093717,-0.3220243539,-1.322845345,1.6493361,1.056703432,1.343852468,0.4874269905,0.4641073994,-0.8593747965,-0.02982972813,0.001924292808,-0.00128928865,-0.0003878729253,0.0646224234,-0.002827382891,-0.05720715739,0.02760111547,0,-0.03702028863,-0.03352052492,0.0673768621,0.06070871935,-0.02752414584,0.008097225503,0.03690014314,0.008097225503,0.09507874027,0.182841986,0.009921260178,0.002362204716,4.35100076e-08
7.87,-0.6174142917,-0.07283978549,-0.06695045009,-0.003615161813,-0.04490615394,0.9989912098,0.002637792114,0.999996521,0,0,1.300196287,1.557414344,-1.474820326,1.79310791,0.6244324432,-0.2265376456,-0.3225964255,-1.322569334,1.6493361,1.056333229,1.343517262,0.4881007591,0.4647144866,-0.859650038,-0.02921524511,0.001885517308,-0.001269847313,-0.0007520788934,0.06278383921,-0.002616907696,-0.05552068818,0.02711688864,0,-0.03601600078,-0.03297891782,0.06568309704,0.05914747573,-0.02668228219,0.00809668023,0.03690171234,0.00809668023,0.09507874027,0.1828927893,0.009921260178,0.002362204716,4.35100076e-08
7.88,-0.618074286,-0.0728758643,-0.06504775855,-0.003600595457,-0.04490615394,0.9989912098,0.002637792114,0.999996521,0,0,1.299904134,1.557433199,-1.474833024,1.79310039,0.6250602816,-0.2265638146,-0.3231516324,-1.322298165,1.6493361,1.055973069,1.343187473,0.4887575901,0.4653059613,-0.8599168608,-0.02859970372,0.001846651548,-0.001250323259,-0.001117009171,0.06094153897,-0.002406015091,-0.0538312052,0.02663155997,0,-0.0350092692,-0.0324360932,0.06398497847,0.05758285504,-0.02583908825,0.008096146294,0.03690326302,0.008096146294,0.09507874027,0.1829482906,0.009921260178,0.002362204716,4.35100076e-08
7.89,-0.6187152348,-0.07291179731,-0.06314145715,-0.003586001465,-0.04490615394,0.9989912098,0.002637792114,0.999996521,0,0,1.299618137,1.557451666,-1.474845528,1.793089219,0.6256696969,-0.2265878748,-0.3236899445,-1.32203185,1.6493361,1.055622976,1.342863112,0.4893974399,0.4658817899,-0.8601752517,-0.02798332997,0.001807710069,-0.001230724221,-0.001482528656,0.05909620541,-0.002194783137,-0.05213933003,0.02614531073,0,-0.03400047174,-0.03189225362,0.06228314636,0.05601543965,-0.02499487225,0.008095623707,0.03690479411,0.008095623707,0.09507874027,0.183008219,0.009921260178,0.002362204716,4.35100076e-08
7.9,-0.6193371055,-0.07294758426,-0.06123224893,-0.003571385219,-0.04490615394,0.9989912098,0.002637792114,0.999996521,0,0,1.299338304,1.557469743,-1.474857835,1.793074394,0.626260659,-0.2266098226,-0.3242113378,-1.321770396,1.6493361,1.055282971,1.34254419,0.4900202714,0.4664419443,-0.8604252004,-0.02736634701,0.001768707243,-0.001211057872,-0.001848503874,0.05724851306,-0.001983288953,-0.05044567649,0.0256583201,2.220446049e-14,-0.03298998197,-0.03134759932,0.06057823366,0.0544458051,-0.02414993844,0.008095112481,0.03690630457,0.008095112481,0.09507874027,0.1830723051,0.009921260178,0.002362204716,4.35100076e-08
7.91,-0.6199398724,-0.07298322495,-0.05932082848,-0.003556752037,-0.04490615394,0.9989912098,0.002637792114,0.999996521,0,0,1.299064641,1.55748743,-1.474869945,1.793055909,0.6268331441,-0.2266296555,-0.3247157945,-1.321513813,1.6493361,1.054953072,1.342230714,0.4906260537,0.4669864023,-0.8606666998,-0.02674897518,0.001729657277,-0.001191331816,-0.002214802985,0.05539912825,-0.001771608717,-0.0487508507,0.02517076517,-2.220446049e-14,-0.03197816919,-0.03080232818,0.0588708662,0.05287452007,-0.02330458715,0.008094612619,0.03690779343,0.008094612619,0.09507874027,0.1831402814,0.009921260178,0.002362204716,4.351000737e-08
7.92,-0.620523517,-0.07301871926,-0.057407882,-0.003542107172,-0.04490615394,0.9989912098,0.002637792114,0.999996521,0,0,1.298797151,1.557504727,-1.474881859,1.793033761,0.6273871354,-0.2266473716,-0.325203303,-1.321262106,1.6493361,1.05463329,1.34192269,0.4912147624,0.4675151475,-0.8608997457,-0.02613143198,0.00169057421,-0.001171553594,-0.002581295777,0.05354870912,-0.001559817663,-0.04705545105,0.02468282091,2.220446049e-14,-0.03096539846,-0.03025663569,0.05716166275,0.05130214639,-0.02245911474,0.008094124125,0.03690925973,0.008094124125,0.09507874027,0.1832118823,0.009921260178,0.002362204716,4.35100076e-08
7.93,-0.6210880273,-0.07305406708,-0.05549408726,-0.003527455814,-0.04490615394,0.9989912098,0.002637792114,0.999996521,0,0,1.298535836,1.557521632,-1.474893574,1.793007948,0.6279226225,-0.2266629698,-0.3256738575,-1.321015277,1.6493361,1.054323636,1.341620124,0.491786379,0.468028169,-0.8611243368,-0.02551393207,0.001651471915,-0.001151730683,-0.002947853665,0.05169790561,-0.001347990081,-0.04536006823,0.02419466021,-2.220446049e-14,-0.02995203053,-0.02971071504,0.05545123496,0.04972923901,-0.02161381367,0.008093646995,0.03691070254,0.008093646995,0.09507874027,0.1832868441,0.009921260178,0.002362204716,4.351000737e-08
7.94,-0.6216333981,-0.07308926837,-0.05358011364,-0.003512803086,-0.04490615394,0.9989912098,0.002637792114,0.999996521,0,0,1.298280697,1.557538147,-1.474905092,1.79297847,0.6284396016,-0.2266764497,-0.3261274582,-1.320773331,1.6493361,1.054024116,1.341323017,0.4923408913,0.4685254614,-0.8613404749,-0.02489668732,0.001612364095,-0.001131870489,-0.003314349696,0.04984735947,-0.001136199324,-0.04366528524,0.02370645384,0,-0.02893842187,-0.02916475702,0.05374018735,0.04815634608,-0.02076897245,0.008093181224,0.03691212098,0.008093181224,0.09507874027,0.1833649056,0.009921260178,0.002362204716,4.35100076e-08
7.95,-0.6221596311,-0.07312432315,-0.05166662207,-0.003498154048,-0.04490615394,0.9989912098,0.002637792114,0.999996521,0,0,1.29803173,1.557554271,-1.47491641,1.792945326,0.6289380752,-0.2266878117,-0.3265641111,-1.320536266,1.6493361,1.053734731,1.341031369,0.4928782932,0.4690070249,-0.8615481647,-0.02427990675,0.001573264288,-0.001111980354,-0.003680658544,0.04799770425,-0.0009245178003,-0.04197167737,0.02321837049,-2.220446049e-14,-0.02792492465,-0.02861895008,0.05202911731,0.04658400883,-0.01992487572,0.008092726802,0.0369135142,0.008092726802,0.09507874027,0.1834458078,0.009921260178,0.002362204716,4.35100076e-08
7.96,-0.6226667344,-0.07315923148,-0.0497542651,-0.003483513697,-0.04490615394,0.9989912098,0.002637792114,0.999996521,0,0,1.297788931,1.557570003,-1.47492753,1.79290852,0.6294180522,-0.2266970568,-0.3269838278,-1.320304083,1.6493361,1.053455482,1.34074518,0.4933985844,0.4694728649,-0.8617474134,-0.02366379659,0.001534185863,-0.001092067547,-0.004046656506,0.04614956531,-0.0007130169788,-0.04027981228,0.02273057672,2.220446049e-14,-0.02691188675,-0.02807348031,0.05031861506,0.04501276167,-0.01908180419,0.008092283715,0.0369148814,0.008092283715,0.09507874027,0.1835292942,0.009921260178,0.002362204716,4.351000782e-08
7.97,-0.6231547224,-0.07319399347,-0.04784368686,-0.003468886963,-0.04490615394,0.9989912098,0.002637792114,0.999996521,0,0,1.297552293,1.557585345,-1.474938451,1.792868053,0.6298795478,-0.226704187,-0.327386626,-1.320076777,1.6493361,1.053186363,1.340464445,0.4939017705,0.4699229926,-0.8619382315,-0.02304856024,0.001495142022,-0.001072139272,-0.00441222151,0.04430355985,-0.0005017673881,-0.03859024993,0.022243237,0,-0.02589965173,-0.02752853141,0.04860926364,0.04344313212,-0.01824003467,0.008091851946,0.03691622181,0.008091851946,0.09507874027,0.1836151111,0.009921260178,0.002362204716,4.35100076e-08
7.98,-0.6236236161,-0.07322860928,-0.04593552305,-0.003454278713,-0.04490615394,0.9989912098,0.002637792114,0.999996521,0,0,1.297321808,1.557600297,-1.474949172,1.792823931,0.6303225834,-0.2267092047,-0.3277725285,-1.319854344,1.6493361,1.052927367,1.34018916,0.4943878632,0.4703574239,-0.8621206318,-0.02243439833,0.001456145797,-0.001052202661,-0.004777233106,0.04246029685,-0.0002908386169,-0.03690354265,0.02175651369,0,-0.02488855884,-0.02698428476,0.04690163891,0.04187564086,-0.01739984009,0.008091431475,0.03691753468,0.008091431475,0.09507874027,0.1837030075,0.009921260178,0.002362204716,4.35100076e-08
7.99,-0.624073443,-0.07326307912,-0.04403040098,-0.003439693749,-0.04490615394,0.9989912098,0.002637792114,0.999996521,0,0,1.297097464,1.557614858,-1.474959694,1.792776158,0.6307471864,-0.2267121131,-0.3281415639,-1.319636779,1.6493361,1.052678481,1.339919317,0.4948568796,0.4707761803,-0.8622946302,-0.02182150865,0.001417210054,-0.001032264773,-0.005141572472,0.04062037714,-8.029931473e-05,-0.0352202351,0.02127056702,0,-0.02387894302,-0.02644091934,0.04519630951,0.04031080168,-0.01656148953,0.008091022277,0.03691881934,0.008091022277,0.09507874027,0.1837927353,0.009921260178,0.002362204716,4.35100076e-08
8,-0.6245042364,-0.07329740325,-0.04212893953,-0.00342513681,-0.04490615394,0.9989912098,0.002637792114,0.999996521,0,0,1.296879249,1.55762903,-1.474970017,1.792724743,0.6311533902,-0.2267129161,-0.3284937662,-1.319424074,1.6493361,1.052439692,1.339654908,0.4953088427,0.4711792883,-0.8624602451,-0.02121008623,0.001378347489,-0.001012332597,-0.005505122408,0.03878439335,0.0001297828082,-0.03354086433,0.02078555513,0,-0.02287113485,-0.02589861176,0.04349383689,0.0387491215,-0.01572524816,0.008090624325,0.03692007511,0.008090624325,0.09507874027,0.1838840494,0.009921260178,0.002362204716,4.35100076e-08
8.01,-0.624916036,-0.07333158197,-0.04023174916,-0.003410612569,-0.04490615394,0.9989912098,0.002637792114,0.999996521,0,0,1.296667148,1.557642814,-1.47498014,1.792669691,0.6315412341,-0.2267116182,-0.3288291749,-1.319216218,1.6493361,1.05221098,1.339395922,0.495743781,0.4715667795,-0.8626174976,-0.0206003233,0.001339570629,-0.0009924130508,-0.005867767337,0.03695292994,0.00033934098,-0.03186595975,0.02030163403,0,-0.02186546061,-0.02535753629,0.04179477521,0.03719110038,-0.0148913773,0.008090237587,0.03692130139,0.008090237587,0.09507874027,0.183976708,0.009921260178,0.002362204716,4.35100076e-08
8.02,-0.6253088876,-0.07336561563,-0.03833943195,-0.003396125635,-0.04490615394,0.9989912098,0.002637792114,0.999996521,0,0,1.296461144,1.557656209,-1.474990064,1.792611014,0.6319107634,-0.2267082248,-0.3291478345,-1.319013202,1.6493361,1.051992326,1.339142346,0.4961617288,0.4719386905,-0.8627664114,-0.01999240927,0.001300891834,-0.0009725129756,-0.006229393307,0.0351265632,0.0005483093672,-0.03019604316,0.01981895762,-4.440892099e-14,-0.02086224222,-0.0248178648,0.04009967143,0.0356372315,-0.01406013444,0.008089862028,0.03692249758,0.008089862028,0.09507874027,0.1840704724,0.009921260178,0.002362204716,4.35100076e-08
8.03,-0.6256828429,-0.07339950462,-0.03645258152,-0.003381680553,-0.04490615394,0.9989912098,0.002637792114,0.999996521,0,0,1.29626122,1.557669218,-1.474999789,1.79254872,0.6322620291,-0.2267027417,-0.3294497949,-1.318815012,1.6493361,1.051783703,1.338894168,0.4965627255,0.4722950628,-0.8629070127,-0.01938653083,0.001262323293,-0.00095263914,-0.006589887986,0.03330586125,0.000756623074,-0.02853162874,0.01933767769,6.661338148e-14,-0.01986179725,-0.0242797668,0.03840906521,0.03408800116,-0.01323177319,0.008089497612,0.03692366316,0.008089497612,0.09507874027,0.1841651073,0.009921260178,0.002362204716,4.351000804e-08
8.04,-0.6260379594,-0.07343324939,-0.03457178312,-0.003367281803,-0.04490615394,0.9989912098,0.002637792114,0.999996521,0,0,1.296067355,1.557681841,-1.475009316,1.792482821,0.6325950877,-0.2266951755,-0.3297351112,-1.318621635,1.6493361,1.051585085,1.33865137,0.4969468161,0.4726359429,-0.8630393304,-0.01878287182,0.001223877026,-0.0009327982375,-0.006949140665,0.03149138402,0.0009642181421,-0.0268732231,0.0188579439,-2.220446049e-14,-0.01886443892,-0.02374340943,0.03672348893,0.03254388878,-0.01240654334,0.008089144296,0.03692479762,0.008089144296,0.09507874027,0.1842603809,0.009921260178,0.002362204716,4.351000737e-08
8.05,-0.6263743006,-0.07346685042,-0.03269761356,-0.003352933801,-0.04490615394,0.9989912098,0.002637792114,0.999996521,0,0,1.295879526,1.55769408,-1.475018644,1.79241333,0.6329100015,-0.2266855333,-0.3300038434,-1.318433056,1.6493361,1.051396441,1.338413936,0.497314051,0.4729613817,-0.8631633959,-0.01818161337,0.001185564886,-0.0009129968858,-0.007307042255,0.02968368329,0.00117103155,-0.02522132523,0.01837990379,2.220446049e-14,-0.0178704761,-0.02320895743,0.03504346769,0.03100536689,-0.01158469084,0.008088802036,0.03692590049,0.008088802036,0.09507874027,0.1843560649,0.009921260178,0.002362204716,4.35100076e-08
8.06,-0.6266919357,-0.07350030825,-0.03083064125,-0.003338640899,-0.04490615394,0.9989912098,0.002637792114,0.999996521,0,0,1.29569771,1.557705936,-1.475027774,1.792340259,0.6332068383,-0.226673823,-0.3302560567,-1.318249257,1.6493361,1.051217736,1.338181846,0.4976644857,0.4732714354,-0.8632792428,-0.01758293379,0.001147398554,-0.0008932416263,-0.007663485289,0.02788330267,0.001377001213,-0.02357642656,0.01790370277,0,-0.01688021328,-0.02267657319,0.03336951927,0.02947290115,-0.01076645783,0.008088470784,0.03692697135,0.008088470784,0.09507874027,0.1844519348,0.009921260178,0.002362204716,4.351000737e-08
8.07,-0.6269909393,-0.07353362344,-0.02897142617,-0.003324407384,-0.04490615394,0.9989912098,0.002637792114,0.999996521,0,0,1.295521881,1.55771741,-1.475036706,1.792263624,0.6334856714,-0.226660053,-0.330491821,-1.31807022,1.6493361,1.051048934,1.33795508,0.4979981809,0.4735661644,-0.8633869074,-0.01698700865,0.001109389542,-0.0008735389228,-0.008018363918,0.02609077761,0.001582065983,-0.02193901093,0.01742948415,-4.440892099e-14,-0.01589395057,-0.02214641671,0.03170215412,0.02794695034,-0.009952082624,0.008088150491,0.03692800982,0.008088150491,0.09507874027,0.1845477696,0.009921260178,0.002362204716,4.351000737e-08
8.08,-0.6272713919,-0.07356679661,-0.02712051991,-0.003310237478,-0.04490615394,0.9989912098,0.002637792114,0.999996521,0,0,1.295352011,1.557728504,-1.475045442,1.792183441,0.6337465791,-0.2266442323,-0.3307112111,-1.317895925,1.6493361,1.050889995,1.337733616,0.4983152024,0.4738456339,-0.8634864282,-0.01639401075,0.001071549192,-0.0008538951616,-0.008371573912,0.02430663539,0.001786165647,-0.02030955463,0.0169573891,2.220446049e-14,-0.01491198374,-0.02161864561,0.03004187535,0.02642796633,-0.009141799718,0.008087841101,0.03692901554,0.008087841101,0.09507874027,0.1846433524,0.009921260178,0.002362204716,4.351000782e-08
8.09,-0.6275333792,-0.07359982842,-0.02527846563,-0.00329613534,-0.04490615394,0.9989912098,0.002637792114,0.999996521,0,0,1.295188071,1.557739219,-1.47505398,1.792099725,0.6339896455,-0.2266263707,-0.3309143066,-1.317726351,1.6493361,1.050740875,1.33751743,0.4986156212,0.4741099136,-0.8635778462,-0.01580411013,0.001033888677,-0.0008343166505,-0.008723012661,0.02253139514,0.001989240929,-0.0186885264,0.01648755664,0,-0.01393460413,-0.02109341512,0.02838917873,0.02491639411,-0.008335839821,0.008087542559,0.0369299882,0.008087542559,0.09507874027,0.1847384698,0.009921260178,0.002362204716,4.35100076e-08
8.1,-0.6277769925,-0.07363271956,-0.02344579807,-0.003282105063,-0.04490615394,0.9989912098,0.002637792114,0.999996521,0,0,1.29503003,1.557749558,-1.475062324,1.792012495,0.6342149594,-0.2266064783,-0.3311011919,-1.317561476,1.6493361,1.050601529,1.337306496,0.498899513,0.4743590775,-0.8636612046,-0.01521747406,0.0009964189988,-0.0008148096177,-0.009072579172,0.0207655678,0.002191233486,-0.01707638742,0.01602012371,0,-0.01296209871,-0.02057087811,0.02674455267,0.02341267179,-0.007534429837,0.008087254804,0.03693092753,0.008087254804,0.09507874027,0.1848329127,0.009921260178,0.002362204716,4.35100076e-08
8.11,-0.6280023282,-0.07366547077,-0.02162304358,-0.003268150677,-0.04490615394,0.9989912098,0.002637792114,0.999996521,0,0,1.294877855,1.557759522,-1.475070472,1.791921769,0.6344226151,-0.2265845659,-0.3312719557,-1.317401274,1.6493361,1.050471908,1.337100787,0.4991669585,0.4745932042,-0.8637365489,-0.01463426709,0.000959150989,-0.0007953802119,-0.00942017407,0.01900965621,0.002392085912,-0.01547359133,0.01555522508,0,-0.01199475008,-0.02005118504,0.02510847817,0.02191723056,-0.006737792886,0.008086977774,0.0369318333,0.008086977774,0.09507874027,0.1849264759,0.009921260178,0.002362204716,4.35100076e-08
8.12,-0.6282094881,-0.07369808284,-0.01981072009,-0.003254276148,-0.04490615394,0.9989912098,0.002637792114,0.999996521,0,0,1.294731512,1.557769114,-1.475078426,1.791827567,0.6346127117,-0.2265606451,-0.3314266917,-1.317245722,1.6493361,1.05035196,1.336900275,0.4994180433,0.4748123766,-0.8638039268,-0.01409137933,0.0009325583517,-0.0007042695357,-0.009813297556,0.01725558996,0.002710460764,-0.01388252184,0.01514293276,0,-0.0110695831,-0.01951222416,0.02349478351,0.02049067771,-0.005892701925,0.008086711403,0.0369327053,0.008086711403,0.09507874027,0.1850189583,0.009921260178,0.002362204716,4.35100076e-08
8.13,-0.6283985791,-0.07373055657,-0.0180093371,-0.003240485375,-0.04490615394,0.9989912098,0.002637792114,0.999996521,0,0,1.294590598,1.557778439,-1.475085468,1.791729434,0.6347852676,-0.2265335405,-0.3315655169,-1.317094293,1.6493361,1.050241264,1.336705153,0.4996529911,0.4750172833,-0.8638628538,-0.01355756182,0.0009077022654,-0.0006028400434,-0.01021115967,0.01551115899,0.003044786057,-0.01230194447,0.01474069065,0,-0.01015549439,-0.01897317337,0.02189260169,0.01908199007,-0.005045017395,0.008086455131,0.03693354689,0.008086455131,0.09507874027,0.1851217681,0.009921260178,0.002362204716,4.35100076e-08
8.14,-0.628569713,-0.07376289284,-0.0162193957,-0.003226782196,-0.04490615394,0.9989912098,0.002637792114,0.999996521,0,0,1.294455023,1.557787516,-1.475091497,1.791627323,0.6349403792,-0.2265030926,-0.3316885363,-1.316946886,1.6493361,1.050139709,1.336515421,0.4998719171,0.4752081032,-0.863913304,-0.01297737786,0.0008687574216,-0.0005997330255,-0.01054161312,0.01378982232,0.003215306835,-0.01072937018,0.01427302296,-2.220446049e-14,-0.009197096023,-0.01846787149,0.02028210939,0.01760046447,-0.00427589554,0.008086208815,0.03693435847,0.008086208815,0.09507874027,0.1852354668,0.009921260178,0.002362204716,4.35100076e-08
8.15,-0.6287230068,-0.07379509252,-0.01444138859,-0.003213170381,-0.04490615394,0.9989912098,0.002637792114,0.999996521,0,0,1.294325249,1.557796204,-1.475097494,1.791521907,0.6350782774,-0.2264709395,-0.33179583,-1.316804156,1.6493361,1.050047738,1.336330742,0.5000747382,0.4753841079,-0.863956063,-0.01240131165,0.0008300728081,-0.0005966169088,-0.01086978675,0.01208032215,0.003384653492,-0.009167884713,0.01380848216,2.220446049e-14,-0.008244988538,-0.0179659571,0.0186820208,0.0161289655,-0.003512330029,0.008085973055,0.03693513513,0.008085973055,0.09507874027,0.1853437814,0.009921260178,0.002362204716,4.351000782e-08
8.16,-0.6288585822,-0.07382715656,-0.01267580004,-0.003199653638,-0.04490615394,0.9989912098,0.002637792114,0.999996521,0,0,1.294201236,1.557804505,-1.47510346,1.791413209,0.6351990806,-0.226437093,-0.3318875089,-1.316666071,1.6493361,1.049965289,1.336151083,0.5002615584,0.4755453975,-0.8639911863,-0.01182951617,0.0007916590155,-0.0005934931311,-0.01119559213,0.01038311993,0.003552780346,-0.007617904193,0.01334719537,0,-0.007299434812,-0.01746756739,0.01709278101,0.01466789354,-0.002754521735,0.008085747774,0.03693587682,0.008085747774,0.09507874027,0.1854467489,0.009921260178,0.002362204716,4.35100076e-08
8.17,-0.6289765658,-0.07385908592,-0.01092310589,-0.003186235611,-0.04490615394,0.9989912098,0.002637792114,0.999996521,0,0,1.294082941,1.557812421,-1.475109395,1.791301253,0.6353029118,-0.2264015652,-0.3319636879,-1.316532599,1.6493361,1.049892294,1.335976407,0.5004324863,0.4756920765,-0.8640187315,-0.01126214165,0.0007535264524,-0.0005903631231,-0.01151894238,0.008698668989,0.003719642521,-0.006079837234,0.01288928755,0,-0.006360693264,-0.01697283719,0.0155148276,0.01321764198,-0.002002667836,0.008085532892,0.03693658352,0.008085532892,0.09507874027,0.1855444073,0.009921260178,0.002362204716,4.35100076e-08
8.18,-0.6290770888,-0.07389088161,-0.009183773606,-0.003172919877,-0.04490615394,0.9989912098,0.002637792114,0.999996521,0,0,1.293970319,1.557819957,-1.475115299,1.791186063,0.6353898985,-0.2263643688,-0.3320244863,-1.316403706,1.6493361,1.049828687,1.335806679,0.5005876345,0.4758242529,-0.8640387582,-0.01069933554,0.0007156853449,-0.000587228307,-0.01183975217,0.007027414522,0.003885195945,-0.004554084966,0.01243488146,0,-0.005429017846,-0.01648189895,0.01394859074,0.01177859727,-0.001256961816,0.008085328325,0.03693725524,0.008085328325,0.09507874027,0.1856367963,0.009921260178,0.002362204716,4.35100076e-08
8.19,-0.6291602873,-0.07392254467,-0.007458262204,-0.003159709951,-0.04490615394,0.9989912098,0.002637792114,0.999996521,0,0,1.293863326,1.557827113,-1.475121171,1.791067666,0.6354601727,-0.2263255168,-0.3320700271,-1.316279357,1.6493361,1.049774397,1.33564186,0.5007271204,0.4759420389,-0.8640513278,-0.01014124252,0.0006781457364,-0.000584090096,-0.01215793778,0.005369793584,0.004049397355,-0.003041041029,0.01198409767,0,-0.004504658037,-0.01599488276,0.01239449308,0.01035113886,-0.0005175934748,0.008085133989,0.03693789204,0.008085133989,0.09507874027,0.185723957,0.009921260178,0.002362204716,4.35100076e-08
8.2,-0.6292263016,-0.07395407618,-0.005747022306,-0.003146609284,-0.04490615394,0.9989912098,0.002637792114,0.999996521,0,0,1.293761913,1.557833895,-1.475127012,1.790946086,0.6355138706,-0.2262850228,-0.3321004375,-1.316159516,1.6493361,1.049729351,1.335481911,0.5008510654,0.4760455502,-0.8640565037,-0.009588004512,0.0006409174876,-0.0005809498942,-0.012473417,0.003726235101,0.004212204293,-0.001541091591,0.01153705455,0,-0.00358785884,-0.01551191633,0.01085294978,0.008935639259,0.0002152510694,0.008084949796,0.03693849401,0.008084949796,0.09507874027,0.1858059316,0.009921260178,0.002362204716,4.35100076e-08
8.21,-0.6292752768,-0.07398547723,-0.004050496115,-0.003133621259,-0.04490615394,0.9989912098,0.002637792114,0.999996521,0,0,1.293666033,1.557840304,-1.475132821,1.790821352,0.6355511329,-0.2262429008,-0.3321158485,-1.316044146,1.6493361,1.049693472,1.335326792,0.5009595949,0.4761349066,-0.8640543512,-0.009039760676,0.0006040102765,-0.0005778090954,-0.01278610921,0.002097159864,0.004373575105,-5.461534406e-05,0.01109386828,0,-0.002678860777,-0.015033125,0.009324368502,0.007532463972,0.0009413893721,0.008084775656,0.03693906125,0.008084775656,0.09507874027,0.185882764,0.009921260178,0.002362204716,4.35100076e-08
8.22,-0.6293073621,-0.07401674899,-0.002369117421,-0.003120749198,-0.04490615394,0.9989912098,0.002637792114,0.999996521,0,0,1.293575636,1.557846344,-1.475138599,1.790693491,0.6355721045,-0.226199165,-0.3321163946,-1.315933207,1.6493361,1.049666683,1.335176461,0.5010528386,0.4762102313,-0.8640449373,-0.008496647414,0.0005674335982,-0.0005746690832,-0.01309593534,0.0004829805385,0.004533468946,0.001418016482,0.01065465283,0,-0.001777899886,-0.01455863173,0.007809149397,0.006141971548,0.001660642658,0.008084611476,0.03693959393,0.008084611476,0.09507874027,0.1859544992,0.009921260178,0.002362204716,4.35100076e-08
8.23,-0.6293227111,-0.07404789262,-0.000703311602,-0.003107996358,-0.04490615394,0.9989912098,0.002637792114,0.999996521,0,0,1.293490669,1.557852019,-1.475144346,1.790562532,0.6355769343,-0.2261538304,-0.3321022145,-1.31582666,1.6493361,1.049648904,1.335030874,0.50113093,0.476271651,-0.8640283309,-0.007958798375,0.0005311967646,-0.0005715312299,-0.0134028179,-0.001115898342,0.004691845773,0.002876440116,0.01021952,0,-0.0008852077142,-0.01408855712,0.006307685086,0.004764513555,0.002372835816,0.008084457161,0.03694009222,0.008084457161,0.09507874027,0.1860211835,0.009921260178,0.002362204716,4.35100076e-08
8.24,-0.6293214816,-0.07407890932,0.0009465043785,-0.00309536593,-0.04490615394,0.9989912098,0.002637792114,0.999996521,0,0,1.293411081,1.557857331,-1.475150061,1.790428504,0.6355657754,-0.2261069119,-0.3320734501,-1.315724465,1.6493361,1.049640052,1.334889989,0.5011940069,0.4763192961,-0.8640046025,-0.007426344452,0.0004953089048,-0.0005683968966,-0.01370668095,-0.002699080368,0.00484866635,0.004320299241,0.009788579357,0,-1.011314543e-06,-0.01362301938,0.004820360659,0.00340043458,0.003077797395,0.008084312614,0.03694055633,0.008084312614,0.09507874027,0.1860828647,0.009921260178,0.002362204716,4.35100076e-08
8.25,-0.6293038356,-0.07410980035,0.00257992197,-0.003082861044,-0.04490615394,0.9989912098,0.002637792114,0.999996521,0,0,1.293336818,1.557862284,-1.475155745,1.790291437,0.6355387846,-0.2260584252,-0.3320302471,-1.315626579,1.6493361,1.049640042,1.334753758,0.5012422105,0.4763533005,-0.8639738245,-0.006899413791,0.0004597789646,-0.0005652674321,-0.0140074501,-0.004266177258,0.005003892246,0.005749244988,0.0093619383,0,0.000874466757,-0.01316213434,0.003347553661,0.002050072236,0.003775359595,0.008084177736,0.03694098651,0.008084177736,0.09507874027,0.1861395915,0.009921260178,0.002362204716,4.35100076e-08
8.26,-0.6292699392,-0.07414056697,0.004196541037,-0.00307048476,-0.04490615394,0.9989912098,0.002637792114,0.999996521,0,0,1.293267824,1.557866881,-1.475161398,1.790151362,0.6354961228,-0.2260083863,-0.3319727546,-1.31553296,1.6493361,1.049648787,1.334622137,0.501275686,0.4763738012,-0.8639360709,-0.006378131789,0.0004246157065,-0.000562144173,-0.01430505253,-0.005816808853,0.005157485835,0.007162935928,0.008939702007,0,0.001741008446,-0.01270601546,0.001889634084,0.0007137571507,0.004465358268,0.008084052425,0.03694138303,0.008084052425,0.09507874027,0.1861914141,0.009921260178,0.002362204716,4.35100076e-08
8.27,-0.6292199621,-0.07417121049,0.005795969854,-0.00305824008,-0.04490615394,0.9989912098,0.002637792114,0.999996521,0,0,1.293204042,1.557871128,-1.47516702,1.790008312,0.6354379547,-0.2259568115,-0.3319011252,-1.315443563,1.6493361,1.049666197,1.334495077,0.5012945824,0.4763809388,-0.8638914174,-0.005862621099,0.0003898277098,-0.0005590284428,-0.01459941698,-0.007350603116,0.005309410295,0.008561038068,0.008521973461,0,0.002598400206,-0.01225477382,0.0004469643596,-0.0006081870279,0.00514763291,0.008083936576,0.03694174618,0.008083936576,0.09507874027,0.1862383837,0.009921260178,0.002362204716,4.35100076e-08
8.28,-0.6291540783,-0.07420173222,0.007377825112,-0.003046129937,-0.04490615394,0.9989912098,0.002637792114,0.999996521,0,0,1.293145416,1.557875026,-1.47517261,1.789862318,0.6353644487,-0.2259037174,-0.3318155149,-1.315358343,1.6493361,1.049692181,1.334372529,0.501299052,0.4763748569,-0.863839941,-0.00535300163,0.0003554233701,-0.0005559215517,-0.01489047375,-0.008867196133,0.00545962961,0.009943224849,0.008108853441,0,0.003446432996,-0.0118085181,-0.0009801006517,-0.001915443636,0.005822026655,0.008083830084,0.0369420763,0.008083830084,0.09507874027,0.1862805528,0.009921260178,0.002362204716,4.35100076e-08
8.29,-0.6290724654,-0.07423213354,0.008941731914,-0.0030341572,-0.04490615394,0.9989912098,0.002637792114,0.999996521,0,0,1.293091886,1.55787858,-1.475178169,1.789713413,0.6352757767,-0.2258491211,-0.3317160826,-1.315277255,1.6493361,1.049726645,1.334254444,0.501289251,0.4763557025,-0.8637817208,-0.004849390551,0.0003214108998,-0.0005528247959,-0.01517815469,-0.01036623211,0.005608108566,0.01130917713,0.007700440522,-2.220446049e-14,0.00428490229,-0.01136735464,-0.002391213668,-0.003207702993,0.006488386276,0.008083732841,0.03694237374,0.008083732841,0.09507874027,0.1863179751,0.009921260178,0.002362204716,4.35100076e-08
8.3,-0.6289753047,-0.07426241583,0.01048732378,-0.003022324677,-0.04490615394,0.9989912098,0.002637792114,0.999996521,0,0,1.293043392,1.557881794,-1.475183697,1.789561631,0.6351721144,-0.22579304,-0.3316029908,-1.31520025,1.6493361,1.049769494,1.33414077,0.5012653389,0.4763236254,-0.8637168369,-0.004351902294,0.0002877983275,-0.0005497394575,-0.01546239323,-0.01184736337,0.005754812755,0.01265858321,0.007296831076,0,0.005113608078,-0.01093138736,-0.003786034995,-0.004484662406,0.007146562175,0.008083644736,0.03694263889,0.008083644736,0.09507874027,0.1863507051,0.009921260178,0.002362204716,4.351000782e-08
8.31,-0.6288627812,-0.07429258051,0.01201424263,-0.003010635108,-0.04490615394,0.9989912098,0.002637792114,0.999996521,0,0,1.292999873,1.557884672,-1.475189195,1.789407007,0.6350536407,-0.2257354918,-0.331476405,-1.315127282,1.6493361,1.04982063,1.334031457,0.5012274785,0.4762787788,-0.8636453713,-0.003860648552,0.0002545934983,-0.0005466668041,-0.01574312434,-0.01331025036,0.005899708574,0.01399113878,0.006898119267,2.220446049e-14,0.005932354871,-0.0105007178,-0.005164232531,-0.005746026167,0.007796408381,0.008083565658,0.03694287214,0.008083565658,0.09507874027,0.1863787989,0.009921260178,0.002362204716,4.351000782e-08
8.32,-0.6287350833,-0.07432262902,0.01352213881,-0.00299909117,-0.04490615394,0.9989912098,0.002637792114,0.999996521,0,0,1.292961267,1.557887218,-1.475194661,1.789249576,0.6349205382,-0.2256764948,-0.3313364936,-1.315058301,1.6493361,1.049879954,1.333926449,0.5011758362,0.4762213185,-0.8635674072,-0.003375738287,0.0002218040734,-0.0005436080881,-0.01602028455,-0.01475456163,0.006042763222,0.01530654696,0.006504397056,0,0.006740951701,-0.01007544515,-0.006525481779,-0.006991505556,0.008437782548,0.008083495492,0.03694307393,0.008083495492,0.09507874027,0.1864023131,0.009921260178,0.002362204716,4.35100076e-08
8.33,-0.628592403,-0.07435256283,0.01501067109,-0.002987695476,-0.04490615394,0.9989912098,0.002637792114,0.999996521,0,0,1.292927509,1.557889436,-1.475200097,1.789089373,0.6347729926,-0.2256160671,-0.3311834282,-1.314993257,1.6493361,1.049947363,1.333825695,0.5011105814,0.4761514035,-0.8634830294,-0.002897277727,0.0001894375303,-0.0005405645465,-0.01629381195,-0.01617997386,0.006183944703,0.01660451828,0.006115754193,0,0.007539212126,-0.00965566617,-0.007869465851,-0.008220818844,0.00907054595,0.008083434122,0.03694324471,0.008083434122,0.09507874027,0.1864213058,0.009921260178,0.002362204716,4.35100076e-08
8.34,-0.6284349355,-0.07438238343,0.01647950663,-0.002976450573,-0.04490615394,0.9989912098,0.002637792114,0.999996521,0,0,1.292898537,1.55789133,-1.475205503,1.788926435,0.6346111929,-0.2255542277,-0.331017383,-1.314932099,1.6493361,1.050022756,1.333729138,0.5010318867,0.4760691953,-0.8633923239,-0.002451073127,0.0001648143118,-0.0004872552287,-0.01659699914,-0.01759226394,0.006406327514,0.0178834906,0.005767314001,0,0.008301019957,-0.009225882855,-0.009186121599,-0.009391459739,0.009732244884,0.008083381432,0.03694338496,0.008083381432,0.09507874027,0.1864358359,0.009921260178,0.002362204716,4.35100076e-08
8.35,-0.6282628796,-0.07441209235,0.01792832101,-0.002965358945,-0.04490615394,0.9989912098,0.002637792114,0.999996521,0,0,1.292874026,1.557892979,-1.475210376,1.788760465,0.6344352703,-0.2254901644,-0.3308385481,-1.314874426,1.6493361,1.050105766,1.333636879,0.5009400255,0.4759752807,-0.8632950015,-0.002045803976,0.0001503807228,-0.0003668874174,-0.01694092762,-0.01899317662,0.006737623931,0.01914277632,0.005470872148,2.220446049e-14,0.009017500591,-0.00878098019,-0.0104718149,-0.01048904331,0.0104353773,0.008083336956,0.03694349766,0.008083336956,0.09507874027,0.1864497307,0.009921260178,0.002362204716,4.35100076e-08
8.36,-0.6280764369,-0.07444169113,0.01935679823,-0.002954423012,-0.04490615394,0.9989912098,0.002637792114,0.999996521,0,0,1.292853568,1.557894482,-1.475214045,1.788591056,0.6342453385,-0.2254227882,-0.3306471203,-1.314819717,1.6493361,1.050195941,1.33354907,0.5008353074,0.4758703903,-0.8631906477,-0.001593808073,0.0001211740525,-0.0003511512215,-0.01721165602,-0.02036160539,0.006894044214,0.02038647378,0.00510687877,-2.220446049e-14,0.009777046412,-0.008374287975,-0.01175958267,-0.01165751307,0.0110511363,0.008083300117,0.03694358661,0.008083300117,0.09507874027,0.1864672548,0.009921260178,0.002362204716,4.351000737e-08
8.37,-0.6278758124,-0.07447118134,0.0207646307,-0.002943645127,-0.04490615394,0.9989912098,0.002637792114,0.999996521,0,0,1.29283763,1.557895694,-1.475217556,1.788418939,0.6340417224,-0.2253538477,-0.3304432556,-1.314768649,1.6493361,1.050293711,1.333465327,0.5007177115,0.4757538151,-0.8630801363,-0.001148562642,9.239049898e-05,-0.000335622611,-0.01747839519,-0.02170990302,0.007048158977,0.0216116576,0.004748172337,4.440892099e-14,0.01052564638,-0.007973511011,-0.01302891813,-0.01280891531,0.01165763236,0.008083271505,0.03694364719,0.008083271505,0.09507874027,0.186480099,0.009921260178,0.002362204716,4.35100076e-08
8.38,-0.6276612141,-0.07450056457,0.02215151925,-0.002933027582,-0.04490615394,0.9989912098,0.002637792114,0.999996521,0,0,1.292826144,1.557896618,-1.475220912,1.788244155,0.6338246234,-0.2252833661,-0.330227139,-1.314721167,1.6493361,1.050398968,1.333385592,0.5005874224,0.475625726,-0.86296356,-0.0007101589555,6.40362517e-05,-0.0003203053752,-0.01774108927,-0.02303778636,0.007199935951,0.0228180753,0.004394829678,-4.440892099e-14,0.01126313824,-0.007578734959,-0.01427954339,-0.01394300554,0.01225474261,0.008083250997,0.03694367997,0.008083250997,0.09507874027,0.1864881777,0.009921260178,0.002362204716,4.351000715e-08
8.39,-0.6274328528,-0.07452984243,0.02351717311,-0.002922572603,-0.04490615394,0.9989912098,0.002637792114,0.999996521,0,0,1.292819043,1.557897258,-1.475224115,1.788066745,0.6335942455,-0.2252113668,-0.3299989582,-1.314677219,1.6493361,1.050511599,1.333309804,0.5004446269,0.4754862959,-0.8628410126,-0.0002786856041,3.611732697e-05,-0.0003052032105,-0.01799968398,-0.02434498036,0.007349343795,0.02400548175,0.004046925465,2.220446049e-14,0.01198936426,-0.007190043071,-0.0155111882,-0.01505954619,0.01284234785,0.008083238469,0.03694368549,0.008083238469,0.09507874027,0.1864914098,0.009921260178,0.002362204716,4.35100076e-08
8.4,-0.6271909424,-0.07455901657,0.02486130993,-0.002912282351,-0.04490615394,0.9989912098,0.002637792114,0.999996521,0,0,1.292816256,1.55789762,-1.475227167,1.787886748,0.6333507957,-0.2251378733,-0.3297589034,-1.314636749,1.6493361,1.050631493,1.333237904,0.500289515,0.4753357005,-0.8627125891,0.0001457715034,8.639567795e-06,-0.0002903197198,-0.01825412667,-0.0256312181,0.007496352098,0.02517363921,0.003704532212,0,0.01270417119,-0.006807516184,-0.01672358992,-0.01615830661,0.01342033254,0.008083233794,0.03694366435,0.008083233794,0.09507874027,0.1864897185,0.009921260178,0.002362204716,4.351000737e-08
8.41,-0.6269356993,-0.07458808864,0.02618365578,-0.002902158923,-0.04490615394,0.9989912098,0.002637792114,0.999996521,0,0,1.292817713,1.557897706,-1.475230071,1.787704206,0.6330944836,-0.2250629098,-0.329507167,-1.314599704,1.6493361,1.050758534,1.333169829,0.5001222791,0.4751741174,-0.8625783858,0.0005631291385,-1.83913561e-05,-0.0002756584128,-0.01850436627,-0.02689624078,0.007640931374,0.02632231732,0.003367720271,-2.220446049e-14,0.01340741029,-0.006431232723,-0.0179164936,-0.01723906311,0.01398858478,0.008083236844,0.03694361713,0.008083236844,0.09507874027,0.1864830314,0.009921260178,0.002362204716,4.351000737e-08
8.42,-0.6266673428,-0.07461706031,0.02748394512,-0.002892204352,-0.04490615394,0.9989912098,0.002637792114,0.999996521,0,0,1.292823345,1.557897522,-1.475232827,1.787519163,0.6328255211,-0.2249865005,-0.3292439439,-1.314566027,1.6493361,1.050892609,1.333105516,0.4999431142,0.4750017268,-0.8624384999,0.0009733067522,-4.496994823e-05,-0.0002612227053,-0.01875035333,-0.02813979772,0.007783053066,0.02745129309,0.003036557834,0,0.01409893734,-0.006061268699,-0.0190896519,-0.01830159889,0.01454699633,0.008083247489,0.03694354445,0.008083247489,0.09507874027,0.1864712805,0.009921260178,0.002362204716,4.35100076e-08
8.43,-0.6263860947,-0.07464593329,0.02876192087,-0.002882420607,-0.04490615394,0.9989912098,0.002637792114,0.999996521,0,0,1.292833078,1.557897072,-1.475235439,1.787331659,0.6325441232,-0.22490867,-0.3289694309,-1.314535661,1.6493361,1.051033598,1.333044904,0.4997522177,0.4748187108,-0.86229303,0.001376226473,-7.10908858e-05,-0.0002470159186,-0.01899204002,-0.02936164633,0.007922689545,0.0285603509,0.002711110934,0,0.01477861264,-0.005697697708,-0.02024282516,-0.01934570412,0.01509546258,0.008083265599,0.03694344693,0.008083265599,0.09507874027,0.186454402,0.009921260178,0.002362204716,4.35100076e-08
8.44,-0.6260921796,-0.0746747093,0.0300173343,-0.00287280959,-0.04490615394,0.9989912098,0.002637792114,0.999996521,0,0,1.29284684,1.557896361,-1.47523791,1.787141739,0.6322505067,-0.2248294431,-0.3286838274,-1.31450855,1.6493361,1.051181384,1.332987927,0.4995497894,0.4746252537,-0.8621420753,0.001771813106,-9.674901928e-05,-0.0002330412804,-0.01922938008,-0.03056155217,0.008059814109,0.02964928249,0.002391443439,2.220446049e-14,0.01544630098,-0.005340590933,-0.02137578135,-0.02037117591,0.01563388258,0.008083291041,0.03694332522,0.008083291041,0.09507874027,0.1864323363,0.009921260178,0.002362204716,4.35100076e-08
8.45,-0.6257858241,-0.07470339007,0.03124994516,-0.002863373143,-0.04490615394,0.9989912098,0.002637792114,0.999996521,0,0,1.292864558,1.557895394,-1.47524024,1.786949445,0.6319448912,-0.2247488449,-0.3283873346,-1.314484636,1.6493361,1.051335847,1.332934521,0.4993360316,0.474421542,-0.8619857365,0.002159994132,-0.0001219393728,-0.0002193019234,-0.01946232889,-0.0317392889,0.008194400983,0.03071788698,0.002077617058,-2.220446049e-14,0.01610187169,-0.004990017141,-0.02248829612,-0.02137781826,0.01616215902,0.008083323681,0.03694317995,0.008083323681,0.09507874027,0.1864050283,0.009921260178,0.002362204716,4.351000737e-08
8.46,-0.6254672574,-0.07473197735,0.03245952155,-0.002854113039,-0.04490615394,0.9989912098,0.002637792114,0.999996521,0,0,1.292886158,1.557894175,-1.475242433,1.786754822,0.6316274983,-0.2246669009,-0.3280801557,-1.31446386,1.6493361,1.051496866,1.332884621,0.4991111487,0.4742077638,-0.8618241149,0.002540699705,-0.0001466571438,-0.0002058008858,-0.01969084342,-0.0328946383,0.00832642532,0.03176597083,0.001769691337,0,0.01674519858,-0.004646042684,-0.02358015278,-0.02236544216,0.01668019821,0.008083363386,0.0369430118,0.008083363386,0.09507874027,0.1863724268,0.009921260178,0.002362204716,4.35100076e-08
8.47,-0.6251367112,-0.07476047292,0.03364584004,-0.00284503099,-0.04490615394,0.9989912098,0.002637792114,0.999996521,0,0,1.292911565,1.557892708,-1.475244491,1.786557913,0.6312985519,-0.2245836367,-0.327762496,-1.314446163,1.6493361,1.051664318,1.33283816,0.4988753471,0.4739841094,-0.8616573129,0.002913862653,-0.0001708977037,-0.0001925411109,-0.01991488223,-0.03402739024,0.0084558632,0.03279334789,0.00146772366,2.220446049e-14,0.01737616003,-0.004308731497,-0.02465114233,-0.02333386549,0.01718791012,0.008083410019,0.03694282144,0.008083410019,0.09507874027,0.186334485,0.009921260178,0.002362204716,4.35100076e-08
8.48,-0.6247944189,-0.07478887857,0.03480868557,-0.002836128642,-0.04490615394,0.9989912098,0.002637792114,0.999996521,0,0,1.292940704,1.557890999,-1.475246416,1.786358765,0.630958278,-0.224499078,-0.3274345625,-1.314431485,1.6493361,1.051838079,1.332795073,0.4986288357,0.4737507707,-0.8614854338,0.003279418478,-0.0001946565973,-0.0001795254467,-0.02013440552,-0.03513734274,0.00858269163,0.03379983934,0.001171769245,0,0.0179946389,-0.0039781451,-0.02570106341,-0.02428291311,0.01768520835,0.008083463442,0.03694260955,0.008083463442,0.09507874027,0.18629116,0.009921260178,0.002362204716,4.351000737e-08
8.49,-0.6244406164,-0.0748171961,0.03594785152,-0.002827407577,-0.04490615394,0.9989912098,0.002637792114,0.999996521,0,0,1.292973498,1.557889053,-1.475248212,1.78615742,0.6306069046,-0.2244132511,-0.3270965641,-1.314419768,1.6493361,1.052018026,1.332755291,0.4983718251,0.4735079416,-0.8613085818,0.003637305349,-0.0002179295433,-0.0001667566463,-0.02034937506,-0.0362243019,0.008706888543,0.03478527372,0.0008818811501,-2.220446049e-14,0.01860052259,-0.003654342595,-0.02672972236,-0.02521241678,0.01817201013,0.008083523517,0.03694237682,0.008083523517,0.09507874027,0.1862424131,0.009921260178,0.002362204716,4.351000737e-08
8.5,-0.6240755415,-0.07484542733,0.03706313966,-0.002818869312,-0.04490615394,0.9989912098,0.002637792114,0.999996521,0,0,1.293009871,1.557886873,-1.475249879,1.785953927,0.6302446616,-0.2243261822,-0.3267487114,-1.314410949,1.6493361,1.052204031,1.332718748,0.4981045279,0.4732558174,-0.8611268617,0.003987464111,-0.000240712434,-0.000154237367,-0.02055975424,-0.03728808196,0.008828432801,0.03574948694,0.0005981102666,0,0.01919370302,-0.003337380667,-0.02773693318,-0.02612221521,0.01864823631,0.008083590106,0.03694212394,0.008083590106,0.09507874027,0.1861882097,0.009921260178,0.002362204716,4.35100076e-08
8.51,-0.6236994338,-0.0748735741,0.03815436021,-0.0028105153,-0.04490615394,0.9989912098,0.002637792114,0.999996521,0,0,1.293049746,1.557884466,-1.475251422,1.785748329,0.6298717807,-0.2242378979,-0.3263912165,-1.314404968,1.6493361,1.052395968,1.332685374,0.4978271585,0.4729945953,-0.8609403793,0.004329838273,-0.0002630013354,-0.0001419701707,-0.02076550806,-0.03832850524,0.008947304192,0.03669232224,0.0003205053228,-2.220446049e-14,0.01977407663,-0.003027313586,-0.02872251759,-0.02701215407,0.0191138114,0.008083663066,0.03694185163,0.008083663066,0.09507874027,0.1861285191,0.009921260178,0.002362204716,4.35100076e-08
8.52,-0.6233125351,-0.07490163825,0.03922133177,-0.002802346931,-0.04490615394,0.9989912098,0.002637792114,0.999996521,0,0,1.293093044,1.557881836,-1.475252841,1.785540674,0.6294884957,-0.2241484249,-0.3260242933,-1.314401763,1.6493361,1.052593709,1.332655101,0.4975399333,0.4727244737,-0.8607492412,0.004664374016,-0.0002847924874,-0.0001299575234,-0.02096660311,-0.03934540221,0.009063483429,0.03761363023,4.911288241e-05,2.220446049e-14,0.0203415444,-0.002724193201,-0.02968630496,-0.02788208594,0.01956866351,0.008083742258,0.0369415606,0.008083742258,0.09507874027,0.1860633146,0.009921260178,0.002362204716,4.351000782e-08
8.53,-0.6229150886,-0.07492962166,0.04026388135,-0.002794365527,-0.04490615394,0.9989912098,0.002637792114,0.999996521,0,0,1.293139688,1.557878988,-1.475254141,1.785331008,0.6290950417,-0.22405779,-0.325648157,-1.314401272,1.6493361,1.052797124,1.332627859,0.4972430703,0.4724456529,-0.8605535545,0.004991020189,-0.0003060823038,-0.0001182017954,-0.0211630076,-0.04033861143,0.009176952153,0.03851326885,-0.0002160226561,2.220446049e-14,0.02089601181,-0.002428068946,-0.03062813237,-0.02873187035,0.02001272439,0.008083827537,0.03694125155,0.008083827537,0.09507874027,0.1859925735,0.009921260178,0.002362204716,4.35100076e-08
8.54,-0.6225073394,-0.07495752619,0.04128184441,-0.00278657235,-0.04490615394,0.9989912098,0.002637792114,0.999996521,0,0,1.293189598,1.557875927,-1.475255323,1.785119378,0.6286916556,-0.2239660205,-0.3252630243,-1.314403432,1.6493361,1.053006084,1.332603578,0.496936789,0.4721583342,-0.8603534273,0.005309728308,-0.0003268673722,-0.0001067052609,-0.02135469132,-0.04130797956,0.009287692933,0.0393911034,-0.0004748590592,-4.440892099e-14,0.02143738889,-0.002138987833,-0.03154784457,-0.02956137376,0.02044592942,0.008083918762,0.03694092521,0.008083918762,0.09507874027,0.1859162767,0.009921260178,0.002362204716,4.351000737e-08
8.55,-0.6220895342,-0.07498535374,0.04227506479,-0.002778968594,-0.04490615394,0.9989912098,0.002637792114,0.999996521,0,0,1.293242695,1.557872659,-1.47525639,1.784905831,0.6282785758,-0.2238731436,-0.3248691133,-1.31440818,1.6493361,1.053220458,1.332582189,0.4966213105,0.4718627204,-0.860148968,0.005614774502,-0.0003474717527,-9.326794228e-05,-0.0215715551,-0.04224789015,0.009415327888,0.04026039757,-0.0007060962635,2.220446049e-14,0.02191936236,-0.001919111514,-0.03240546549,-0.03032660922,0.020889159,0.008084015787,0.03694058231,0.008084015787,0.09507874027,0.1858344091,0.009921260178,0.002362204716,4.351000782e-08
8.56,-0.6216619211,-0.0750131062,0.04324339476,-0.002771555391,-0.04490615394,0.9989912098,0.002637792114,0.999996521,0,0,1.293298843,1.557869184,-1.475257323,1.784690116,0.6278560969,-0.2237789903,-0.3244665093,-1.314415241,1.6493361,1.053439652,1.332562997,0.4962972559,0.4715594543,-0.8599400764,0.005911172782,-0.0003675919715,-7.98573476e-05,-0.02178701668,-0.04316307715,0.009542442236,0.04110913296,-0.0009286255911,0,0.0223830367,-0.001713278473,-0.0332363978,-0.03106642672,0.02132368268,0.00808411835,0.0369402249,0.00808411835,0.09507874027,0.1857569572,0.009921260178,0.002362204716,4.35100076e-08
8.57,-0.6212247497,-0.07504078549,0.04418669499,-0.002764333807,-0.04490615394,0.9989912098,0.002637792114,0.999996521,0,0,1.293357955,1.557865508,-1.475258121,1.784472245,0.6274244661,-0.2236835659,-0.324055418,-1.314424528,1.6493361,1.053663482,1.332545865,0.4959648919,0.4712487901,-0.8597268396,0.006205853671,-0.0003868287433,-6.917658659e-05,-0.02196424411,-0.04406012983,0.009644854619,0.04192073923,-0.001168516114,0,0.02288508232,-0.001445192833,-0.03408936506,-0.03183461922,0.02172374988,0.008084226291,0.03693985385,0.008084226291,0.09507874027,0.1856870756,0.009921260178,0.002362204716,4.35100076e-08
8.58,-0.6207782711,-0.07506839352,0.04510483457,-0.002757304844,-0.04490615394,0.9989912098,0.002637792114,0.999996521,0,0,1.293420013,1.55786164,-1.475258813,1.784252603,0.6269838648,-0.2235871173,-0.3236362106,-1.314436213,1.6493361,1.053892333,1.332531413,0.4956239982,0.4709304439,-0.8595096021,0.006492428929,-0.0004055485473,-5.876318605e-05,-0.02213665134,-0.04493280885,0.009744483005,0.04271007779,-0.00140195888,0,0.02337372103,-0.001184321929,-0.03491967356,-0.03258206021,0.02211273927,0.008084339596,0.03693946837,0.008084339596,0.09507874027,0.185614385,0.009921260178,0.002362204716,4.35100076e-08
8.59,-0.6203227373,-0.07509593223,0.04599769102,-0.00275046944,-0.04490615394,0.9989912098,0.002637792114,0.999996521,0,0,1.293484938,1.557857584,-1.475259401,1.784031236,0.6265345367,-0.2234896725,-0.3232091098,-1.314450232,1.6493361,1.05412607,1.33251957,0.4952748015,0.4706046233,-0.8592884747,0.006770863373,-0.0004237488568,-4.861892151e-05,-0.02230421617,-0.04578100141,0.009841314542,0.04347705067,-0.001628922391,0,0.02384888526,-0.0009307007852,-0.03572720627,-0.03330865082,0.02249060449,0.00808445812,0.03693906919,0.00808445812,0.09507874027,0.1855389618,0.009921260178,0.002362204716,4.35100076e-08
8.6,-0.6198584019,-0.07512340355,0.04686515024,-0.002743828468,-0.04490615394,0.9989912098,0.002637792114,0.999996521,0,0,1.293552646,1.557853347,-1.475259887,1.783808194,0.6260767267,-0.2233912594,-0.3227743393,-1.314466522,1.6493361,1.054364559,1.332510263,0.4949175294,0.4702715368,-0.8590635687,0.007041124484,-0.0004414273183,-3.874547208e-05,-0.02246691801,-0.04660460282,0.009935337301,0.04422156722,-0.001849377321,0,0.02431051198,-0.0006843620032,-0.03651185382,-0.0340142991,0.02285730277,0.008084581713,0.03693865703,0.008084581713,0.09507874027,0.1854608823,0.009921260178,0.002362204716,4.35100076e-08
8.61,-0.6193855193,-0.07515080945,0.04770710656,-0.002737382739,-0.04490615394,0.9989912098,0.002637792114,0.999996521,0,0,1.293623057,1.557848932,-1.475260274,1.783583525,0.6256106807,-0.223291906,-0.3223321236,-1.314485015,1.6493361,1.054607664,1.332503419,0.4945524109,0.4699313938,-0.8588349956,0.007303182407,-0.0004585817525,-2.914442025e-05,-0.02262473786,-0.04740351649,0.01002654028,0.04494354414,-0.002063296511,0,0.02475854271,-0.0004453357608,-0.03727351461,-0.03469892004,0.02321279498,0.008084710227,0.03693823263,0.008084710227,0.09507874027,0.1853802233,0.009921260178,0.002362204716,4.35100076e-08
8.62,-0.6189043451,-0.07517815186,0.04852346275,-0.002731132995,-0.04490615394,0.9989912098,0.002637792114,0.999996521,0,0,1.293696089,1.557844347,-1.475260566,1.783357278,0.6251366455,-0.2231916406,-0.3218826882,-1.314505648,1.6493361,1.05485525,1.332498966,0.4941796758,0.4695844046,-0.8586028677,0.007557009952,-0.0004752101541,-1.981725213e-05,-0.02277765834,-0.04817765395,0.01011491342,0.04564290549,-0.002270654969,0,0.02519292351,-0.0002136498127,-0.03801209471,-0.03536243559,0.02355704558,0.008084843513,0.03693779671,0.008084843513,0.09507874027,0.185297062,0.009921260178,0.002362204716,4.35100076e-08
8.63,-0.6184151357,-0.07520543276,0.04931412994,-0.002725079917,-0.04490615394,0.9989912098,0.002637792114,0.999996521,0,0,1.293771659,1.557839595,-1.475260764,1.783129501,0.624654869,-0.2230904914,-0.3214262591,-1.314528355,1.6493361,1.055107179,1.332496829,0.4937995548,0.4692307802,-0.8583672972,0.00780258259,-0.0004913106914,-1.076535716e-05,-0.02292566366,-0.04892693484,0.01020044755,0.04631958262,-0.002471429874,0,0.02561360495,1.067051014e-05,-0.03872750791,-0.03600477464,0.02389002267,0.008084981423,0.03693734998,0.008084981423,0.09507874027,0.1852114758,0.009921260178,0.002362204716,4.35100076e-08
8.64,-0.6179181484,-0.07523265412,0.05007902771,-0.002719224121,-0.04490615394,0.9989912098,0.002637792114,0.999996521,0,0,1.293849685,1.557834681,-1.475260871,1.782900244,0.6241655996,-0.222988487,-0.3209630633,-1.314553069,1.6493361,1.055363315,1.332496936,0.4934122797,0.4688707325,-0.858128397,0.008039878458,-0.0005068817068,-1.990028098e-06,-0.02306873963,-0.04965128688,0.01028313445,0.04697351424,-0.002665600573,0,0.02602054217,0.0002276023001,-0.03941967572,-0.03662587302,0.02421169795,0.008085123805,0.03693689317,0.008085123805,0.09507874027,0.1851235423,0.009921260178,0.002362204716,4.35100076e-08
8.65,-0.6174136413,-0.07525981791,0.05081808405,-0.002713566158,-0.04490615394,0.9989912098,0.002637792114,0.999996521,0,0,1.293930084,1.557829613,-1.475260891,1.782669557,0.6236690867,-0.2228856556,-0.3204933282,-1.314579725,1.6493361,1.05562352,1.332499212,0.493018083,0.4685044737,-0.85788628,0.008268878353,-0.0005219217166,6.507539041e-06,-0.02320687368,-0.05035064595,0.01036296684,0.04760464641,-0.00285314858,0,0.02641369484,0.0004371250736,-0.04008852735,-0.03722567352,0.02452204673,0.008085270511,0.03693642699,0.008085270511,0.09507874027,0.1850333393,0.009921260178,0.002362204716,4.35100076e-08
8.66,-0.6169018731,-0.0752869261,0.05153123536,-0.002708106515,-0.04490615394,0.9989912098,0.002637792114,0.999996521,0,0,1.294012773,1.557824393,-1.475260826,1.782437488,0.6231655803,-0.222782026,-0.3200172817,-1.314608257,1.6493361,1.055887657,1.332503583,0.4926171977,0.468132217,-0.8576410595,0.008489565738,-0.000536429411,1.472624489e-05,-0.02334005482,-0.05102495599,0.01043993832,0.04821293249,-0.003034057582,0,0.02679302717,0.0006392207707,-0.04073399975,-0.03780412585,0.02482104797,0.008085421388,0.03693595215,0.008085421388,0.09507874027,0.1849409451,0.009921260178,0.002362204716,4.35100076e-08
8.67,-0.6163831031,-0.0753139807,0.05221842644,-0.002702845615,-0.04490615394,0.9989912098,0.002637792114,0.999996521,0,0,1.294097668,1.557819029,-1.475260679,1.782204088,0.6226553307,-0.2226776266,-0.3195351524,-1.314638597,1.6493361,1.056155588,1.332509975,0.4922098577,0.4677541758,-0.8573928491,0.008701926736,-0.0005504036542,2.26650871e-05,-0.02346827367,-0.05167416907,0.01051404347,0.04879833319,-0.003208313431,-2.220446049e-14,0.02715850791,0.0008338737555,-0.04135603757,-0.03836118667,0.02510868419,0.008085576286,0.03693546934,0.008085576286,0.09507874027,0.1848464378,0.009921260178,0.002362204716,4.35100076e-08
8.68,-0.6158575912,-0.07534098368,0.05287961052,-0.002697783816,-0.04490615394,0.9989912098,0.002637792114,0.999996521,0,0,1.294184688,1.557813525,-1.475260452,1.781969405,0.622138589,-0.2225724861,-0.319047169,-1.31467068,1.6493361,1.056427173,1.332518314,0.4917962973,0.4673705639,-0.8571417622,0.008905950133,-0.0005638434843,3.032315985e-05,-0.02359152245,-0.05229824536,0.01058527776,0.04936081656,-0.00337590415,2.220446049e-14,0.02751011034,0.001021070816,-0.04195459316,-0.03889681962,0.02538494157,0.008085735055,0.03693497928,0.008085735055,0.09507874027,0.1847498958,0.009921260178,0.002362204716,4.351000782e-08
8.69,-0.6153255977,-0.07536793704,0.05351474924,-0.002692921411,-0.04490615394,0.9989912098,0.002637792114,0.999996521,0,0,1.294273747,1.557807887,-1.475260149,1.78173349,0.6216156066,-0.2224666334,-0.3185535609,-1.314704439,1.6493361,1.056702274,1.332528525,0.4913767514,0.4669815957,-0.8568879128,0.009101627376,-0.0005767481134,3.769965451e-05,-0.02370979499,-0.05289715316,0.01065363759,0.04990035798,-0.003536819933,0,0.0278478123,0.001200801165,-0.04252962661,-0.03941099523,0.02564980988,0.008085897542,0.03693448264,0.008085897542,0.09507874027,0.1846513978,0.009921260178,0.002362204716,4.35100076e-08
8.7,-0.6147873832,-0.07539484277,0.05412381266,-0.002688258629,-0.04490615394,0.9989912098,0.002637792114,0.999996521,0,0,1.294364763,1.557802119,-1.475259772,1.781496392,0.621086635,-0.222360097,-0.3180545573,-1.314739808,1.6493361,1.056980752,1.332540533,0.4909514551,0.4665874857,-0.8566314147,0.009288952575,-0.0005891169274,4.479385916e-05,-0.02382308672,-0.05347086885,0.0107191203,0.05041694014,-0.003691053139,0,0.02817159617,0.001373056438,-0.04308110573,-0.03990369101,0.0259032825,0.008086063595,0.0369339801,0.008086063595,0.09507874027,0.1845510223,0.009921260178,0.002362204716,4.35100076e-08
8.71,-0.6142432084,-0.07542170288,0.05470677922,-0.002683795636,-0.04490615394,0.9989912098,0.002637792114,0.999996521,0,0,1.294457653,1.557796228,-1.475259324,1.781258161,0.6205519264,-0.2222529058,-0.3175503879,-1.314776718,1.6493361,1.057262468,1.332554263,0.4905206441,0.4661884488,-0.8563723819,0.009467922502,-0.0006009494865,5.160515886e-05,-0.02393139466,-0.05401937693,0.01078172414,0.0509105531,-0.003838598301,0,0.02848144886,0.001537830696,-0.04360900604,-0.04037489141,0.02614535643,0.008086233064,0.03693347236,0.008086233064,0.09507874027,0.1844488481,0.009921260178,0.002362204716,4.35100076e-08
8.72,-0.6136933346,-0.07544851935,0.05526363583,-0.002679532533,-0.04490615394,0.9989912098,0.002637792114,0.999996521,0,0,1.294552332,1.557790219,-1.475258808,1.781018847,0.6200117326,-0.2221450885,-0.3170412824,-1.314815104,1.6493361,1.057547282,1.332569642,0.490084554,0.4657846999,-0.8561109283,0.009638536589,-0.0006122455245,5.813303561e-05,-0.02403471744,-0.05454267001,0.01084144828,0.05138119422,-0.003979452119,0,0.02877736182,0.001695120425,-0.04411331076,-0.04082458783,0.02637603229,0.008086405797,0.03693296006,0.008086405797,0.09507874027,0.184344954,0.009921260178,0.002362204716,4.35100076e-08
8.73,-0.6131380228,-0.07547529419,0.05579437775,-0.002675469354,-0.04490615394,0.9989912098,0.002637792114,0.999996521,0,0,1.294648718,1.557784096,-1.475258227,1.7807785,0.6194663059,-0.2220366741,-0.3165274704,-1.314854899,1.6493361,1.057835056,1.332586593,0.4896434209,0.465376454,-0.855847168,0.009800796932,-0.0006230049495,6.437706841e-05,-0.0241330553,-0.0550407488,0.01089829285,0.0518288682,-0.004113613463,2.220446049e-14,0.02905933105,0.001844924532,-0.04459401087,-0.0412527786,0.02659531429,0.00808658164,0.03693244387,0.00808658164,0.09507874027,0.1842394187,0.009921260178,0.002362204716,4.35100076e-08
8.74,-0.6125775341,-0.07550202941,0.05629900871,-0.002671606072,-0.04490615394,0.9989912098,0.002637792114,0.999996521,0,0,1.294746726,1.557777866,-1.475257583,1.780537169,0.6189158984,-0.2219276911,-0.3160091817,-1.314896035,1.6493361,1.058125649,1.332605042,0.4891974808,0.4649639263,-0.8555812149,0.009954708286,-0.0006332278432,7.03369331e-05,-0.02422641005,-0.05551362213,0.01095225887,0.05225358707,-0.004241083372,-2.220446049e-14,0.0293273571,0.001987244353,-0.04505110504,-0.041659469,0.02680321028,0.008086760444,0.03693192443,0.008086760444,0.09507874027,0.1841323211,0.009921260178,0.002362204716,4.351000737e-08
8.75,-0.6120121296,-0.07552872698,0.05677754082,-0.002667942593,-0.04490615394,0.9989912098,0.002637792114,0.999996521,0,0,1.294846273,1.557771534,-1.47525688,1.780294905,0.6183607622,-0.2218181685,-0.3154866459,-1.314938446,1.6493361,1.058418923,1.332624914,0.4887469697,0.4645473316,-0.8553131828,0.01010027807,-0.0006429144616,7.601240277e-05,-0.02431478516,-0.05596130692,0.0110033483,0.05265537021,-0.004361865055,0,0.02958144505,0.002122083644,-0.04548459965,-0.04204467127,0.02699973169,0.008086942056,0.03693140238,0.008086942056,0.09507874027,0.18402374,0.009921260178,0.002362204716,4.35100076e-08
8.76,-0.6114420702,-0.07555538892,0.05722999461,-0.002664478762,-0.04490615394,0.9989912098,0.002637792114,0.999996521,0,0,1.294947275,1.557765105,-1.47525612,1.780051757,0.6178011491,-0.2217081351,-0.3149600922,-1.314982064,1.6493361,1.058714737,1.332646135,0.4882921237,0.4641268848,-0.8550431854,0.01023751636,-0.0006520652347,8.140334731e-05,-0.02439818563,-0.05638382822,0.01105156403,0.05303424431,-0.004475963891,0,0.02982160452,0.002249448588,-0.04589450884,-0.04240840458,0.02718489359,0.008087126324,0.03693087835,0.008087126324,0.09507874027,0.1839137541,0.009921260178,0.002362204716,4.35100076e-08
8.77,-0.6108676165,-0.07558201722,0.05765639902,-0.002661214355,-0.04490615394,0.9989912098,0.002637792114,0.999996521,0,0,1.295049651,1.557758584,-1.475255306,1.779807776,0.6172373108,-0.2215976194,-0.3144297497,-1.315026824,1.6493361,1.059012953,1.33266863,0.4878331787,0.4637028008,-0.8547713365,0.01009592586,-0.0005791764879,0.000596807712,-0.0248168099,-0.05682057256,0.01195843982,0.05334870967,-0.004222635623,0,0.02977542256,0.002525375198,-0.0461836481,-0.04231119257,0.0277473328,0.008087313097,0.03693035294,0.008087313097,0.09507874027,0.183802442,0.009921260178,0.002362204716,4.35100076e-08
8.78,-0.6102890289,-0.07560861387,0.05805679142,-0.002658149088,-0.04490615394,0.9989912098,0.002637792114,0.999996521,0,0,1.29515061,1.557752792,-1.475249337,1.779559607,0.6166691051,-0.221478035,-0.3138962626,-1.31506905,1.6493361,1.059310708,1.332693884,0.4873713422,0.4632796889,-0.8544938632,0.0102137646,-0.0005864105761,0.0006068988922,-0.02489381786,-0.05719335065,0.01200978926,0.05368150447,-0.004319602645,-2.220446049e-14,0.02998480651,0.002639415871,-0.04654513406,-0.04262747238,0.0279140462,0.008087498696,0.03692985042,0.008087498696,0.09507874027,0.1838148247,0.009921260178,0.002362204716,4.35100076e-08
8.79,-0.6097065673,-0.07563518087,0.05843121758,-0.002655282609,-0.04490615394,0.9989912098,0.002637792114,0.999996521,0,0,1.295252747,1.557746928,-1.475243268,1.779310669,0.6160971716,-0.2213579371,-0.3133594476,-1.315112246,1.6493361,1.059610556,1.332720278,0.4869058908,0.4628534142,-0.8542147227,0.01032443329,-0.0005934470749,0.0006146021995,-0.02496447381,-0.05754092747,0.01205472754,0.05399168607,-0.00441140241,0,0.03018143962,0.00274537197,-0.04688352079,-0.04292419352,0.02806786691,0.00808768646,0.03692934786,0.00808768646,0.09507874027,0.1838238085,0.009921260178,0.002362204716,4.351000782e-08
8.8,-0.609120491,-0.07566172019,0.05877973168,-0.002652614504,-0.04490615394,0.9989912098,0.002637792114,0.999996521,0,0,1.295355992,1.557740994,-1.475237122,1.779061024,0.6155217623,-0.2212373899,-0.3128195307,-1.31515636,1.6493361,1.05991237,1.332747731,0.4864370556,0.4624241722,-0.853934044,0.01042695911,-0.00059998778,0.0006217920826,-0.02503003857,-0.05786350484,0.01209642551,0.05427915782,-0.004496724199,2.220446049e-14,0.0303643495,0.002843832463,-0.04719849711,-0.04319978892,0.02821025124,0.008087876254,0.03692884572,0.008087876254,0.09507874027,0.1838289219,0.009921260178,0.002362204716,4.351000782e-08
8.81,-0.6085310588,-0.07568823382,0.05910239632,-0.002650144294,-0.04490615394,0.9989912098,0.002637792114,0.999996521,0,0,1.295460261,1.557734994,-1.475230905,1.778810724,0.6149431273,-0.2211164256,-0.3122767392,-1.315201328,1.6493361,1.060216013,1.33277617,0.4859650707,0.4619921743,-0.8536519415,0.0105213651,-0.0006060338969,0.0006284695133,-0.02509052557,-0.05816114833,0.01213489173,0.05454398295,-0.004575583852,-2.220446049e-14,0.0305335683,0.002934815854,-0.04749011588,-0.04345431202,0.0283412326,0.008088067929,0.03692834457,0.008088067929,0.09507874027,0.1838301614,0.009921260178,0.002362204716,4.35100076e-08
8.82,-0.607938529,-0.07571472373,0.05939928251,-0.002647871435,-0.04490615394,0.9989912098,0.002637792114,0.999996521,0,0,1.295565475,1.557728933,-1.47522462,1.778559819,0.6143615158,-0.2209950767,-0.3117312993,-1.315247083,1.6493361,1.060521349,1.332805518,0.4854901695,0.4615576312,-0.8533685292,0.01060767693,-0.0006115867931,0.000634635635,-0.02514594991,-0.05843393162,0.01217013584,0.05478623205,-0.004647999328,2.220446049e-14,0.03068913263,0.003018343096,-0.04775843763,-0.04368782311,0.0284608481,0.008088261337,0.03692784496,0.008088261337,0.09507874027,0.183827526,0.009921260178,0.002362204716,4.351000782e-08
8.83,-0.6073431588,-0.0757411919,0.05967046968,-0.002645795318,-0.04490615394,0.9989912098,0.002637792114,0.999996521,0,0,1.295671552,1.557722817,-1.475218273,1.778308359,0.6137771765,-0.2208733753,-0.311183437,-1.315293563,1.6493361,1.06082824,1.332835701,0.4850125851,0.461120753,-0.8530839207,0.01068592289,-0.000616647998,0.0006402917621,-0.02519632832,-0.05868193651,0.01220216849,0.05500598302,-0.0047139907,0,0.03083108363,0.003094437587,-0.04800353062,-0.04390038937,0.02856913853,0.008088456329,0.0369273474,0.008088456329,0.09507874027,0.1838210174,0.009921260178,0.002362204716,4.35100076e-08
8.84,-0.6067452049,-0.07576764029,0.05991604567,-0.002643915273,-0.04490615394,0.9989912098,0.002637792114,0.999996521,0,0,1.295778411,1.557716651,-1.475211871,1.778056396,0.6131903571,-0.2207513536,-0.3106333772,-1.315340703,1.6493361,1.061136551,1.332866646,0.4845325498,0.4606817491,-0.8527982293,0.01075613389,-0.0006212192033,0.0006454393803,-0.0252416792,-0.05890525291,0.01223100143,0.05520332109,-0.00477358016,0,0.03095946693,0.003163125173,-0.0482254708,-0.04409208486,0.0286661483,0.008088652759,0.03692685241,0.008088652759,0.09507874027,0.1838106398,0.009921260178,0.002362204716,4.35100076e-08
8.85,-0.606144923,-0.07579407086,0.06013610673,-0.00264223056,-0.04490615394,0.9989912098,0.002637792114,0.999996521,0,0,1.295885972,1.557710439,-1.475205416,1.777803979,0.6126013046,-0.2206290436,-0.310081344,-1.315388439,1.6493361,1.061446146,1.332898277,0.4840502951,0.4602408282,-0.8525115679,0.01081834346,-0.0006253022628,0.000650080147,-0.0252820226,-0.05910397885,0.01225664743,0.05537833882,-0.004826792015,2.220446049e-14,0.03107433265,0.003224434147,-0.04842434185,-0.04426299053,0.02875192555,0.008088850478,0.0369263605,0.008088850478,0.09507874027,0.1837963998,0.009921260178,0.002362204716,4.35100076e-08
8.86,-0.6055425675,-0.07582048555,0.06033075752,-0.00264074038,-0.04490615394,0.9989912098,0.002637792114,0.999996521,0,0,1.295994156,1.557704186,-1.475198915,1.777551159,0.6120102648,-0.2205064771,-0.3095275606,-1.315436707,1.6493361,1.061756889,1.332930521,0.4835660517,0.4597981983,-0.8522240486,0.01087258776,-0.0006288991923,0.0006542158905,-0.0253173802,-0.05927822046,0.01227912032,0.05553113607,-0.004873652691,-4.440892099e-14,0.03117573544,0.00327839525,-0.04860023513,-0.04441319421,0.02882652204,0.008089049342,0.03692587216,0.008089049342,0.09507874027,0.1837783066,0.009921260178,0.002362204716,4.351000737e-08
8.87,-0.6049383921,-0.07584688631,0.06050011113,-0.002639443867,-0.04490615394,0.9989912098,0.002637792114,0.999996521,0,0,1.296102882,1.557697897,-1.475192373,1.777297985,0.6114174826,-0.2203836859,-0.3089722492,-1.315485444,1.6493361,1.062068647,1.332963305,0.4830800493,0.4593540664,-0.8519357834,0.01091890555,-0.0006320121698,0.0006578486107,-0.02534777536,-0.059428092,0.01229843497,0.05566182006,-0.004914190728,2.220446049e-14,0.03126373443,0.003325041669,-0.0487532497,-0.04454279059,0.02888999322,0.008089249205,0.03692538785,0.008089249205,0.09507874027,0.1837563719,0.009921260178,0.002362204716,4.351000782e-08
8.88,-0.6043326492,-0.07587327507,0.06064428904,-0.00263834009,-0.04490615394,0.9989912098,0.002637792114,0.999996521,0,0,1.296212071,1.557691577,-1.475185795,1.777044507,0.6108232017,-0.2202607016,-0.308415631,-1.315534586,1.6493361,1.062381284,1.332996556,0.4825925168,0.4589086385,-0.8516468834,0.01095733825,-0.0006346435353,0.0006609804787,-0.02537323308,-0.05955371583,0.01231460731,0.05577050529,-0.004948436786,0,0.03133839327,0.003364409039,-0.04888349236,-0.04465188127,0.02894239821,0.00808944992,0.03692490805,0.00808944992,0.09507874027,0.1837306096,0.009921260178,0.002362204716,4.35100076e-08
8.89,-0.6037255898,-0.07589965375,0.06076342117,-0.002637428055,-0.04490615394,0.9989912098,0.002637792114,0.999996521,0,0,1.296321644,1.55768523,-1.475179185,1.776790775,0.6102276645,-0.2201375555,-0.307857926,-1.31558407,1.6493361,1.062694668,1.3330302,0.4821036819,0.4584621197,-0.8513574595,0.01098792987,-0.0006367957909,0.000663613837,-0.02539377999,-0.05965522244,0.01232765433,0.05585731364,-0.00497642364,0,0.0313997801,0.003396535443,-0.04899107758,-0.04474057471,0.02898379979,0.008089651345,0.03692443319,0.008089651345,0.09507874027,0.1837010363,0.009921260178,0.002362204716,4.35100076e-08
8.9,-0.6031174638,-0.07592602427,0.06085764582,-0.002636706704,-0.04490615394,0.9989912098,0.002637792114,0.999996521,0,0,1.296431523,1.557678862,-1.475172549,1.776536837,0.6096311123,-0.220014279,-0.3072993528,-1.315633834,1.6493361,1.063008666,1.333064165,0.4816137711,0.4580147139,-0.8510676215,0.01101072704,-0.000638471601,0.0006657511997,-0.02540944441,-0.05973275041,0.01233759404,0.05592237425,-0.004998186182,0,0.03144796756,0.003421461409,-0.04907612756,-0.04480898627,0.02901426441,0.008089853336,0.0369239637,0.008089853336,0.09507874027,0.1836676707,0.009921260178,0.002362204716,4.35100076e-08
8.91,-0.6025085195,-0.07595238852,0.06092710974,-0.002636174912,-0.04490615394,0.9989912098,0.002637792114,0.999996521,0,0,1.296541631,1.557672478,-1.475165891,1.776282743,0.6090337848,-0.219890903,-0.3067401291,-1.315683816,1.6493361,1.063323145,1.33309838,0.4811230099,0.4575666241,-0.8507774788,0.01102577903,-0.000639673792,0.0006673952517,-0.02542025629,-0.05978644644,0.01234444555,0.05596582364,-0.005013761422,0,0.0314830328,0.003439229914,-0.04913877219,-0.04485723818,0.0290338622,0.008090055749,0.03692350002,0.008090055749,0.09507874027,0.183630534,0.009921260178,0.002362204716,4.35100076e-08
8.92,-0.6018990036,-0.07597874839,0.06097196807,-0.002635831492,-0.04490615394,0.9989912098,0.002637792114,0.999996521,0,0,1.296651889,1.557666081,-1.475159217,1.77602854,0.6084359203,-0.2197674586,-0.3061804708,-1.315733954,1.6493361,1.063637976,1.333132772,0.4806316221,0.4571180517,-0.8504871402,0.01103313772,-0.0006404053524,0.0006685488501,-0.02542624722,-0.05981646537,0.01234822897,0.05598780562,-0.005023188487,0,0.03150505748,0.003449886383,-0.04917914908,-0.04488545956,0.02904266693,0.008090258444,0.03692304253,0.008090258444,0.09507874027,0.1835896495,0.009921260178,0.002362204716,4.35100076e-08
8.93,-0.6012891616,-0.07600510577,0.06099238437,-0.002635675191,-0.04490615394,0.9989912098,0.002637792114,0.999996521,0,0,1.29676222,1.557659677,-1.475152532,1.775774278,0.6078377557,-0.2196439763,-0.3056205928,-1.315784185,1.6493361,1.063953026,1.333167271,0.4801398307,0.4566691971,-0.8501967135,0.01103285762,-0.0006406694327,0.0006692150228,-0.02542745046,-0.05982297012,0.01234896548,0.05598847133,-0.005026508619,0,0.03151412775,0.003453478687,-0.04919740355,-0.04489378639,0.02904075606,0.008090461279,0.03692259162,0.008090461279,0.09507874027,0.183545043,0.009921260178,0.002362204716,4.35100076e-08
8.94,-0.6006792368,-0.07603146252,0.0609885306,-0.002635704694,-0.04490615394,0.9989912098,0.002637792114,0.999996521,0,0,1.296872548,1.55765327,-1.47514584,1.775520003,0.607239526,-0.2195204866,-0.3050607081,-1.315834451,1.6493361,1.064268168,1.333201806,0.4796478566,0.4562202592,-0.849906306,0.01102499585,-0.0006404693458,0.0006693969694,-0.02542390093,-0.05980613174,0.01234667733,0.05596797924,-0.005023765181,0,0.03151033427,0.003450057145,-0.0491936886,-0.04488236156,0.02902821072,0.008090664114,0.03692214767,0.008090664114,0.09507874027,0.1834967423,0.009921260178,0.002362204716,4.35100076e-08
8.95,-0.6000694713,-0.07605782048,0.06096058717,-0.00263591862,-0.04490615394,0.9989912098,0.002637792114,0.999996521,0,0,1.296982798,1.557646865,-1.475139146,1.775265764,0.6066414646,-0.2193970199,-0.3045010283,-1.315884688,1.6493361,1.064583271,1.333236306,0.4791559197,0.4557714356,-0.8496160239,0.01100961215,-0.0006398085665,0.0006690980611,-0.02541563516,-0.05976612938,0.01234138779,0.05592649513,-0.005015003649,0,0.03149377221,0.003439674523,-0.04916816496,-0.04485133483,0.02900511569,0.008090866811,0.03692171104,0.008090866811,0.09507874027,0.1834447776,0.009921260178,0.002362204716,4.35100076e-08
8.96,-0.5994601048,-0.0760841815,0.06090874286,-0.002636315522,-0.04490615394,0.9989912098,0.002637792114,0.999996521,0,0,1.297092895,1.557640467,-1.475132455,1.775011608,0.6060438033,-0.219273606,-0.3039417633,-1.315934838,1.6493361,1.064898209,1.333270703,0.4786642381,0.4553229223,-0.8493259727,0.01098676889,-0.0006386907321,0.0006683218405,-0.02540269138,-0.05970315032,0.0123331212,0.05586419211,-0.005000271619,0,0.03146454123,0.003422386037,-0.04912100109,-0.04480086283,0.02897155943,0.008091069232,0.03692128207,0.008091069232,0.09507874027,0.1833891812,0.009921260178,0.002362204716,4.35100076e-08
8.97,-0.5988513754,-0.07611054739,0.06083319489,-0.002636893892,-0.04490615394,0.9989912098,0.002637792114,0.999996521,0,0,1.297202762,1.55763408,-1.475125772,1.774757581,0.6054467718,-0.2191502748,-0.3033831214,-1.315984841,1.6493361,1.065212854,1.333304927,0.4781730281,0.4548749136,-0.8490362571,0.01095653106,-0.0006371196414,0.0006670720217,-0.02538510944,-0.05961738995,0.01232190295,0.05578125061,-0.004979618805,0,0.0314227455,0.003398249348,-0.04905237312,-0.04473110909,0.02892763406,0.008091271239,0.03692086109,0.008091271239,0.09507874027,0.1833299873,0.009921260178,0.002362204716,4.35100076e-08
8.98,-0.5982435192,-0.07613691998,0.06073414888,-0.002637652154,-0.04490615394,0.9989912098,0.002637792114,0.999996521,0,0,1.297312328,1.557627709,-1.475119101,1.77450373,0.6048505979,-0.2190270557,-0.3028253089,-1.316034637,1.6493361,1.065527082,1.333338909,0.4776825043,0.4544276025,-0.8487469808,0.01091896625,-0.0006350992561,0.0006653524906,-0.02536293085,-0.05950905176,0.01230775946,0.05567785838,-0.004953097036,0,0.03136849371,0.003367324566,-0.04896246491,-0.04464224402,0.02887343537,0.008091472699,0.03692044841,0.008091472699,0.09507874027,0.1832672326,0.009921260178,0.002362204716,4.35100076e-08
8.99,-0.59763677,-0.07616330103,0.06061181888,-0.002638588671,-0.04490615394,0.9989912098,0.002637792114,0.999996521,0,0,1.297421517,1.557621358,-1.475112447,1.774250101,0.6042555074,-0.2189039782,-0.3022685303,-1.316084168,1.6493361,1.065840766,1.333372583,0.4771928797,0.4539811801,-0.8484582464,0.01087414471,-0.0006326336995,0.0006631673046,-0.02533619877,-0.05937834735,0.01229071822,0.05555421049,-0.00492076026,0,0.03130189902,0.003329674249,-0.04885146804,-0.0445344449,0.0288090628,0.008091673475,0.03692004433,0.008091673475,0.09507874027,0.1832009557,0.009921260178,0.002362204716,4.35100076e-08
9,-0.5970313597,-0.07618969234,0.06046642734,-0.002639701739,-0.04490615394,0.9989912098,0.002637792114,0.999996521,0,0,1.297530259,1.557615032,-1.475105816,1.773996739,0.6036617239,-0.218781071,-0.3017129882,-1.316133376,1.6493361,1.066153785,1.333405879,0.476704365,0.4535358356,-0.8481701558,0.01082213926,-0.0006297272575,0.0006605206928,-0.02530495801,-0.05922549647,0.01227080778,0.05541050934,-0.004882664544,0,0.03122307914,0.003285363403,-0.04871958178,-0.0444078959,0.02873461947,0.008091873435,0.03691964914,0.008091873435,0.09507874027,0.183131197,0.009921260178,0.002362204716,4.35100076e-08
9.01,-0.5964275176,-0.07621609565,0.06029820512,-0.00264098959,-0.04490615394,0.9989912098,0.002637792114,0.999996521,0,0,1.29763848,1.557608735,-1.47509921,1.773743689,0.603069469,-0.2186583629,-0.3011588831,-1.316182202,1.6493361,1.066466016,1.333438733,0.4762171692,0.4530917567,-0.8478828096,0.01076302538,-0.0006263843778,0.0006574170561,-0.02526925503,-0.05905072693,0.01224805771,0.05524696462,-0.004838868071,0,0.03113215626,0.003234459482,-0.04856701314,-0.04426278808,0.02865021217,0.008092072448,0.0369192631,0.008092072448,0.09507874027,0.1830579992,0.009921260178,0.002362204716,4.35100076e-08
9.02,-0.5958254709,-0.07624251271,0.0601073915,-0.002642450394,-0.04490615394,0.9989912098,0.002637792114,0.999996521,0,0,1.29774611,1.557602471,-1.475092636,1.773490997,0.6024789617,-0.2185358823,-0.3006064135,-1.316230591,1.6493361,1.066777338,1.333471078,0.4757314991,0.4526491288,-0.8475963075,0.01069688116,-0.0006226096706,0.0006538609673,-0.02522913796,-0.05885427469,0.01222249866,0.05506379337,-0.004789431143,0,0.03102925707,0.003177032388,-0.04839397683,-0.04409931938,0.02855595133,0.008092270383,0.03691888646,0.008092270383,0.09507874027,0.1829814069,0.009921260178,0.002362204716,4.35100076e-08
9.03,-0.5952254443,-0.07626894523,0.05989423418,-0.002644082254,-0.04490615394,0.9989912098,0.002637792114,0.999996521,0,0,1.297853079,1.557596245,-1.475086098,1.773238705,0.601890419,-0.2184136573,-0.3000557755,-1.316278485,1.6493361,1.06708763,1.333502848,0.4752475593,0.4522081356,-0.847310748,0.01062378728,-0.0006184079082,0.0006498571708,-0.02518465654,-0.05863638381,0.01219416231,0.05486121992,-0.00473441618,0,0.03091451279,0.003113154473,-0.04820069529,-0.04391769461,0.02845195107,0.008092467111,0.03691851949,0.008092467111,0.09507874027,0.1829014666,0.009921260178,0.002362204716,4.35100076e-08
9.04,-0.5946276598,-0.07629539491,0.05965898927,-0.002645883209,-0.04490615394,0.9989912098,0.002637792114,0.999996521,0,0,1.297959317,1.557590061,-1.475079599,1.772986859,0.6013040551,-0.2182917157,-0.2995071633,-1.31632583,1.6493361,1.067396776,1.333533979,0.4747655523,0.4517689587,-0.8470262284,0.01054382707,-0.0006137840252,0.0006454105833,-0.02513586221,-0.05839730645,0.0121630814,0.05463947594,-0.00467388772,0,0.03078805914,0.003042900536,-0.04798739865,-0.04371812547,0.02833832914,0.008092662505,0.03691816238,0.008092662505,0.09507874027,0.1828182265,0.009921260178,0.002362204716,4.35100076e-08
9.05,-0.5940323372,-0.07632186345,0.05940192127,-0.002647851233,-0.04490615394,0.9989912098,0.002637792114,0.999996521,0,0,1.298064755,1.557583923,-1.475073145,1.7727355,0.6007200821,-0.2181700849,-0.2989607686,-1.316372568,1.6493361,1.067704656,1.333564408,0.4742856784,0.4513317774,-0.8467428452,0.01045708647,-0.0006087431183,0.0006405262932,-0.02508280801,-0.0581373029,0.01212928972,0.05439880041,-0.00460791242,0,0.03065003634,0.002966347825,-0.0477543248,-0.04350083055,0.02821520698,0.008092856437,0.03691781537,0.008092856437,0.09507874027,0.1827317371,0.009921260178,0.002362204716,4.35100076e-08
9.06,-0.5934396932,-0.07634835249,0.05912330313,-0.002649984239,-0.04490615394,0.9989912098,0.002637792114,0.999996521,0,0,1.298169326,1.557577835,-1.47506674,1.772484672,0.600138709,-0.218048792,-0.2984167806,-1.316418648,1.6493361,1.068011156,1.333594072,0.4738081351,0.4508967691,-0.8464606931,0.01009358296,-0.0005188032631,0.001126310601,-0.0253527445,-0.05787132101,0.01293760773,0.05407098083,-0.004184612311,2.220446049e-14,0.030230384,0.003030698906,-0.04741257167,-0.04283320659,0.02846098142,0.008093048785,0.03691747864,0.008093048785,0.09507874027,0.1826420503,0.009921260178,0.002362204716,4.35100076e-08
9.07,-0.592849942,-0.07637486368,0.05882341619,-0.002652280071,-0.04490615394,0.9989912098,0.002637792114,0.999996521,0,0,1.298270262,1.557572647,-1.475055477,1.772231144,0.5995599958,-0.2179194159,-0.2978760708,-1.316460494,1.6493361,1.06831346,1.333624379,0.4733340094,0.450468437,-0.8461760833,0.009981876542,-0.0005092794209,0.001141836189,-0.02530552927,-0.05757099426,0.01293506547,0.05379027918,-0.004092693603,-2.220446049e-14,0.03005784089,0.002948188644,-0.04713652729,-0.04256233722,0.02833581271,0.008093235957,0.03691717363,0.008093235957,0.09507874027,0.1825653097,0.009921260178,0.002362204716,4.351000737e-08
9.08,-0.5922632949,-0.07640139863,0.05850255021,-0.002654736511,-0.04490615394,0.9989912098,0.002637792114,0.999996521,0,0,1.298370081,1.557567554,-1.475044058,1.771978089,0.5989842859,-0.2177900653,-0.297338168,-1.316501421,1.6493361,1.068614039,1.333653861,0.4728626441,0.4500428137,-0.8458927251,0.00987696992,-0.0005035173682,0.001132744041,-0.02523810287,-0.05724984893,0.01288829752,0.05349478066,-0.004012880737,2.220446049e-14,0.02988748727,0.002852377821,-0.04684585284,-0.04229576339,0.02818289597,0.00809342115,0.03691688006,0.00809342115,0.09507874027,0.1824931659,0.009921260178,0.002362204716,4.35100076e-08
9.09,-0.59167996,-0.07642795893,0.05816100337,-0.002657351277,-0.04490615394,0.9989912098,0.002637792114,0.999996521,0,0,1.29846885,1.557562519,-1.475032731,1.771725708,0.5984117874,-0.2176611823,-0.2968032202,-1.316541549,1.6493361,1.068912914,1.333682385,0.4723941856,0.449619856,-0.8456108962,0.009765751107,-0.0004973911483,0.001123057218,-0.02516652592,-0.0569088937,0.01283865663,0.05318140413,-0.003928037284,-2.220446049e-14,0.02970626992,0.002750547869,-0.04653646468,-0.04201256523,0.02802086193,0.008093604414,0.03691659704,0.008093604414,0.09507874027,0.1824250017,0.009921260178,0.002362204716,4.351000737e-08
9.1,-0.5911001427,-0.07645454617,0.05779908225,-0.002660122021,-0.04490615394,0.9989912098,0.002637792114,0.999996521,0,0,1.298566508,1.557557545,-1.4750215,1.771474043,0.5978426985,-0.2175327957,-0.2962714061,-1.31658083,1.6493361,1.069209976,1.33370989,0.4719288209,0.4491997304,-0.8453306876,0.009648317604,-0.0004909062026,0.001112784404,-0.02509086154,-0.05654842942,0.01278618654,0.05285042473,-0.003838238546,0,0.0295143502,0.002642789088,-0.04620863898,-0.04171299337,0.02784985228,0.008093785634,0.0369163247,0.008093785634,0.09507874027,0.182360817,0.009921260178,0.002362204716,4.35100076e-08
9.11,-0.5905240452,-0.07648116189,0.05741710185,-0.002663046333,-0.04490615394,0.9989912098,0.002637792114,0.999996521,0,0,1.298662991,1.557552636,-1.475010372,1.771223134,0.5972772142,-0.2174049339,-0.2957429019,-1.316619212,1.6493361,1.06950512,1.333736318,0.4714667346,0.4487826004,-0.845052189,0.009524769483,-0.0004840681221,0.001101934531,-0.02501117457,-0.05616876509,0.01273093218,0.05250212486,-0.003743561893,0,0.02931189392,0.002529194249,-0.04586265965,-0.04139730527,0.02767001246,0.008093964694,0.03691606318,0.008093964694,0.09507874027,0.182300609,0.009921260178,0.002362204716,4.35100076e-08
9.12,-0.5899518665,-0.0765078076,0.05701538558,-0.002666121735,-0.04490615394,0.9989912098,0.002637792114,0.999996521,0,0,1.298758239,1.557547796,-1.474999353,1.770973023,0.5967155265,-0.2172776245,-0.2952178806,-1.316656648,1.6493361,1.069798239,1.33376161,0.471008108,0.4483686274,-0.8447754889,0.009395209392,-0.0004768826476,0.001090516774,-0.02492753153,-0.05577021779,0.01267293968,0.05213679423,-0.003644086764,0,0.0290990714,0.002409858596,-0.04549881831,-0.0410657652,0.02748149158,0.008094141482,0.03691581259,0.008094141482,0.09507874027,0.1822443726,0.009921260178,0.002362204716,4.35100076e-08
9.13,-0.5893838022,-0.07653448482,0.05659426527,-0.002669345688,-0.04490615394,0.9989912098,0.002637792114,0.999996521,0,0,1.298852191,1.557543027,-1.474988448,1.770723747,0.5961578243,-0.2171508951,-0.2946965127,-1.316693089,1.6493361,1.070089229,1.333785708,0.4705531198,0.4479579697,-0.844500674,0.009259742551,-0.0004693556696,0.001078540557,-0.02484000064,-0.05535311273,0.0126122563,0.05175472986,-0.003539894664,0,0.02887605739,0.002284879847,-0.0451174143,-0.04071864426,0.02728444249,0.008094315887,0.03691557303,0.008094315887,0.09507874027,0.1821921001,0.009921260178,0.002362204716,4.35100076e-08
9.14,-0.5888200447,-0.076561195,0.05615408117,-0.002672715587,-0.04490615394,0.9989912098,0.002637792114,0.999996521,0,0,1.298944788,1.557538333,-1.474977662,1.770475347,0.5956042932,-0.2170247726,-0.2941789654,-1.316728488,1.6493361,1.07037799,1.333808557,0.4701019456,0.4475507833,-0.8442278296,0.009118476752,-0.0004614932285,0.001066015548,-0.02474865183,-0.05491778323,0.01254893052,0.05135623603,-0.003431069168,-2.220446049e-14,0.02864303116,0.002154358192,-0.04471875469,-0.04035622037,0.02707902174,0.008094487799,0.03691534459,0.008094487799,0.09507874027,0.1821437815,0.009921260178,0.002362204716,4.35100076e-08
9.15,-0.5882607829,-0.07658793961,0.05569518192,-0.002676228763,-0.04490615394,0.9989912098,0.002637792114,0.999996521,0,0,1.299035973,1.557533718,-1.474967002,1.770227861,0.5950551154,-0.2168992833,-0.293665403,-1.316762798,1.6493361,1.07066442,1.333830101,0.4696547581,0.4471472211,-0.8439570394,0.008971522357,-0.0004533015148,0.001052951662,-0.02465355671,-0.05446457072,0.01248301195,0.05094162434,-0.003317695921,2.220446049e-14,0.02840017642,0.002018396296,-0.04430315429,-0.03997877827,0.02686538958,0.008094657111,0.03691512735,0.008094657111,0.09507874027,0.1820994041,0.009921260178,0.002362204716,4.351000782e-08
9.16,-0.5877062023,-0.07661472005,0.05521792459,-0.002679882482,-0.04490615394,0.9989912098,0.002637792114,0.999996521,0,0,1.299125688,1.557529185,-1.474956473,1.769981325,0.5945104697,-0.2167744531,-0.2931559868,-1.316795975,1.6493361,1.070948422,1.333850285,0.4692117265,0.4467474333,-0.8436883855,0.0088189923,-0.0004447868683,0.001039359062,-0.02455478862,-0.05399382474,0.01241455142,0.05051121367,-0.003199862633,-2.220446049e-14,0.02814768139,0.001877099297,-0.0438709356,-0.03958660952,0.02664370998,0.008094823719,0.03691492138,0.008094823719,0.09507874027,0.182058953,0.009921260178,0.002362204716,4.35100076e-08
9.17,-0.5871564844,-0.07664153771,0.05472267467,-0.002683673946,-0.04490615394,0.9989912098,0.002637792114,0.999996521,0,0,1.299213878,1.557524737,-1.474946079,1.769735777,0.5939705314,-0.2166503076,-0.2926508747,-1.316827974,1.6493361,1.071229899,1.333869056,0.4687730172,0.4463515672,-0.8434219484,0.008661002084,-0.0004359557791,0.001025248156,-0.02445242255,-0.05350590294,0.0123436009,0.05006533018,-0.003077659087,0,0.02788573875,0.001730574807,-0.04342242891,-0.0391800125,0.02641415059,0.008094987519,0.03691472672,0.008094987519,0.09507874027,0.1820224108,0.009921260178,0.002362204716,4.351000782e-08
9.18,-0.5866118075,-0.07666839397,0.05420980604,-0.002687600293,-0.04490615394,0.9989912098,0.002637792114,0.999996521,0,0,1.299300488,1.557520378,-1.474935827,1.769491253,0.5934354724,-0.2165268716,-0.2921502214,-1.31685875,1.6493361,1.071508756,1.333886362,0.4683387929,0.4459597671,-0.8431578069,0.008497669781,-0.0004268148872,0.001010629598,-0.02434653524,-0.05300117108,0.01227021356,0.04960430731,-0.002951177135,2.220446049e-14,0.02761454568,0.001578932914,-0.04295797221,-0.03875929243,0.02617688279,0.00809514841,0.03691454344,0.00809514841,0.09507874027,0.1819897577,0.009921260178,0.002362204716,4.351000782e-08
9.19,-0.5860723458,-0.07669529016,0.05367970101,-0.002691658596,-0.04490615394,0.9989912098,0.002637792114,0.999996521,0,0,1.299385465,1.55751611,-1.47492572,1.769247788,0.5929054607,-0.2164041695,-0.2916541783,-1.316888262,1.6493361,1.071784902,1.333902151,0.4679092132,0.4455721742,-0.842896038,0.008329116029,-0.0004173709826,0.0009955142912,-0.0242372051,-0.05248000303,0.01219444372,0.04912848581,-0.0028205107,0,0.02733430382,0.001422286182,-0.04247791123,-0.03832476134,0.02593208163,0.008095306294,0.03691437155,0.008095306294,0.09507874027,0.1819609716,0.009921260178,0.002362204716,4.35100076e-08
9.2,-0.5855382696,-0.07672222758,0.0531327503,-0.002695845864,-0.04490615394,0.9989912098,0.002637792114,0.999996521,0,0,1.299468756,1.557511936,-1.474915765,1.769005416,0.5923806606,-0.2162822251,-0.2911628934,-1.316916467,1.6493361,1.072058245,1.333916374,0.4674844341,0.4451889266,-0.8426367172,0.008155464035,-0.0004076310051,0.0009799133838,-0.02412451223,-0.05194278077,0.01211634691,0.04863821368,-0.002685755775,-2.220446049e-14,0.02704521932,0.001260749648,-0.04198259947,-0.03787673808,0.02567992588,0.008095461074,0.0369142111,0.008095461074,0.09507874027,0.1819360281,0.009921260178,0.002362204716,4.35100076e-08
9.21,-0.5850097456,-0.0767492075,0.05256935305,-0.002700159041,-0.04490615394,0.9989912098,0.002637792114,0.999996521,0,0,1.299550311,1.55750786,-1.474905966,1.768764171,0.5918612328,-0.2161610616,-0.2906765113,-1.316943325,1.6493361,1.072328697,1.333928981,0.4670646081,0.4448101592,-0.842379918,0.007976839568,-0.0003976020448,0.0009638382726,-0.02400853846,-0.05138989438,0.01203597979,0.04813384621,-0.002547010424,2.220446049e-14,0.02674750281,0.001094440827,-0.04147239816,-0.03741554833,0.025420598,0.008095612656,0.03691406208,0.008095612656,0.09507874027,0.1819149003,0.009921260178,0.002362204716,4.351000782e-08
9.22,-0.584486936,-0.07677623117,0.05198991681,-0.002704595007,-0.04490615394,0.9989912098,0.002637792114,0.999996521,0,0,1.299630079,1.557503884,-1.474896328,1.768524085,0.5913473339,-0.2160407018,-0.2901951728,-1.316968795,1.6493361,1.072596172,1.333939926,0.4666498841,0.4444360037,-0.842125712,0.007793370965,-0.0003872913417,0.0009473006013,-0.02388936728,-0.05082174205,0.01195340024,0.04761574597,-0.002404374783,2.220446049e-14,0.02644136939,0.0009234797098,-0.04094767629,-0.03694152461,0.02515428414,0.008095760948,0.03691392452,0.008095760948,0.09507874027,0.1818975594,0.009921260178,0.002362204716,4.35100076e-08
9.23,-0.5839699993,-0.0768032998,0.05139485753,-0.002709150577,-0.04490615394,0.9989912098,0.002637792114,0.999996521,0,0,1.299708013,1.557500011,-1.474886855,1.768285191,0.5908391165,-0.2159211678,-0.2897190154,-1.316992839,1.6493361,1.072860586,1.33394916,0.4662404073,0.4440665884,-0.8418741691,0.007605189125,-0.000376706286,0.0009303122613,-0.02376708391,-0.0502387301,0.01186866728,0.04708428279,-0.002257951062,-2.220446049e-14,0.02612703868,0.0007479887655,-0.04040881061,-0.03645500625,0.02488117414,0.008095905861,0.03691379839,0.008095905861,0.09507874027,0.1818839739,0.009921260178,0.002362204716,4.351000737e-08
9.24,-0.5834590895,-0.07683041457,0.05078459958,-0.002713822504,-0.04490615394,0.9989912098,0.002637792114,0.999996521,0,0,1.299784065,1.557496244,-1.474877552,1.768047521,0.5903367292,-0.2158024811,-0.2892481725,-1.317015418,1.6493361,1.073121856,1.33395664,0.4658363192,0.4437020384,-0.8416253574,0.007412427507,-0.0003658544183,0.000912885392,-0.02364177525,-0.04964127293,0.01178184111,0.04653983378,-0.002107843541,0,0.02580473478,0.0005680929395,-0.03985618562,-0.03595633941,0.02460146154,0.008096047306,0.03691368371,0.008096047306,0.09507874027,0.1818741105,0.009921260178,0.002362204716,4.35100076e-08
9.25,-0.5829543565,-0.07685757662,0.05015957576,-0.002718607472,-0.04490615394,0.9989912098,0.002637792114,0.999996521,0,0,1.299858189,1.557492585,-1.474868423,1.767811103,0.5898403164,-0.2156846627,-0.2887827742,-1.317036497,1.6493361,1.073379903,1.333962321,0.4654377574,0.443342475,-0.8413793428,0.007215222133,-0.0003547434291,0.0008950323806,-0.0235135299,-0.04902979306,0.01169298313,0.04598278332,-0.001954158576,0,0.02547468627,0.000383919656,-0.0392901936,-0.03544587708,0.02431534356,0.0080961852,0.03691358043,0.0080961852,0.09507874027,0.1818679334,0.009921260178,0.002362204716,4.35100076e-08
9.26,-0.5824559458,-0.07688478708,0.04952022727,-0.002723502106,-0.04490615394,0.9989912098,0.002637792114,0.999996521,0,0,1.299930341,1.557489038,-1.474859472,1.767575968,0.5893500185,-0.2155677329,-0.2883229464,-1.317056038,1.6493361,1.07363465,1.33396616,0.4650448554,0.4429880162,-0.8411361893,0.007013711585,-0.0003433811593,0.0008767658627,-0.02338243816,-0.04840472109,0.01160215587,0.04541352303,-0.001797004596,0,0.02513712626,0.0001955988175,-0.0387112346,-0.03492397908,0.0240230211,0.00809631946,0.03691348853,0.00809631946,0.09507874027,0.1818654048,0.009921260178,0.002362204716,4.35100076e-08
9.27,-0.5819639982,-0.07691204702,0.04886700371,-0.002728502962,-0.04490615394,0.9989912098,0.002637792114,0.999996521,0,0,1.300000478,1.557485604,-1.474850705,1.767342143,0.5888659713,-0.2154517113,-0.2878688111,-1.317074008,1.6493361,1.073886022,1.333968116,0.4646577431,0.4426387764,-0.8408959591,0.006808037001,-0.0003317756002,0.0008580987223,-0.02324859202,-0.04776649577,0.01150942308,0.04483245183,-0.001636492103,0,0.02479229232,3.262806025e-06,-0.03811971643,-0.03439101205,0.02372469874,0.008096450007,0.03691340799,0.008096450007,0.09507874027,0.1818664848,0.009921260178,0.002362204716,4.35100076e-08
9.28,-0.5814786504,-0.07693935748,0.04820036312,-0.002733606535,-0.04490615394,0.9989912098,0.002637792114,0.999996521,0,0,1.300068559,1.557482286,-1.474842124,1.767109657,0.5883883063,-0.2153366171,-0.2874204866,-1.317090373,1.6493361,1.074133944,1.333968149,0.4642765459,0.4422948663,-0.8406587121,0.006598342078,-0.0003199348934,0.0008390440922,-0.02311208517,-0.04711556392,0.01141484964,0.04423997587,-0.001472733677,0,0.02444042656,-0.0001929535166,-0.0375160547,-0.03384734947,0.02342058476,0.008096576763,0.03691333874,0.008096576763,0.09507874027,0.1818711314,0.009921260178,0.002362204716,4.35100076e-08
9.29,-0.5810000342,-0.07696671948,0.04752077194,-0.002738809253,-0.04490615394,0.9989912098,0.002637792114,0.999996521,0,0,1.300134542,1.557479087,-1.474833733,1.766878536,0.5879171507,-0.2152224686,-0.2869780869,-1.317105101,1.6493361,1.074378349,1.33396622,0.4639013854,0.4419563928,-0.8404245063,0.006384773067,-0.000307867331,0.000819615354,-0.022973013,-0.04645238046,0.01131850164,0.04363650855,-0.001305843972,2.220446049e-14,0.02408177556,-0.0003929128082,-0.0369006728,-0.03329337165,0.02311089109,0.008096699655,0.03691328075,0.008096699655,0.09507874027,0.1818793005,0.009921260178,0.002362204716,4.35100076e-08
9.3,-0.5805282766,-0.07699413399,0.04682870502,-0.002744107481,-0.04490615394,0.9989912098,0.002637792114,0.999996521,0,0,1.30019839,1.557476008,-1.474825537,1.766648806,0.5874526269,-0.2151092836,-0.2865417218,-1.317118159,1.6493361,1.074619167,1.33396229,0.4635323786,0.4416234591,-0.8401933974,0.006167478773,-0.0002955813555,0.0007998261385,-0.0228314726,-0.04577740844,0.01122044632,0.04302247054,-0.001135939719,-2.220446049e-14,0.02371659042,-0.0005964752455,-0.0362740019,-0.03272946573,0.02279583336,0.00809681861,0.03691323396,0.00809681861,0.09507874027,0.1818909462,0.009921260178,0.002362204716,4.351000737e-08
9.31,-0.5800635,-0.07702160194,0.04612464563,-0.002749497519,-0.04490615394,0.9989912098,0.002637792114,0.999996521,0,0,1.300260065,1.557473052,-1.474817539,1.766420492,0.5869948528,-0.2149970791,-0.2861114971,-1.317129518,1.6493361,1.074856332,1.333956326,0.4631696386,0.4412961644,-0.8399654391,0.005946610555,-0.0002830855599,0.0007796903259,-0.02268756273,-0.04509111899,0.0111207521,0.04239828976,-0.0009631397245,4.440892099e-14,0.02334512677,-0.0008034985232,-0.035636481,-0.03215602566,0.02247563084,0.008096933559,0.03691319829,0.008096933559,0.09507874027,0.1819060204,0.009921260178,0.002362204716,4.35100076e-08
9.32,-0.579605822,-0.07704912423,0.04540908545,-0.002754975603,-0.04490615394,0.9989912098,0.002637792114,0.999996521,0,0,1.300319531,1.557470222,-1.474809742,1.766193616,0.5865439416,-0.2148858716,-0.2856875142,-1.31713915,1.6493361,1.075089784,1.333948291,0.4628132738,0.4409746042,-0.8397406827,0.005722322319,-0.000270388688,0.0007592220462,-0.02254138389,-0.04439399136,0.01101948858,0.04176440134,-0.0007875648756,-4.440892099e-14,0.0229676447,-0.001013837854,-0.03498855686,-0.03157345227,0.02215050649,0.008097044437,0.03691317369,0.008097044437,0.09507874027,0.1819244732,0.009921260178,0.002362204716,4.351000715e-08
9.33,-0.579155355,-0.07707670173,0.04468252457,-0.002760537905,-0.04490615394,0.9989912098,0.002637792114,0.999996521,0,0,1.300376754,1.557467518,-1.47480215,1.765968202,0.5861000017,-0.2147756767,-0.2852698702,-1.317147025,1.6493361,1.07531946,1.333938152,0.4624633882,0.4406588697,-0.8395191777,0.005494770525,-0.000257499634,0.0007384356792,-0.02239303823,-0.04368651287,0.01091672651,0.04112124769,-0.0006093381364,0,0.02258440886,-0.001227345968,-0.03433068408,-0.03098215319,0.02182068693,0.00809715118,0.03691316007,0.00809715118,0.09507874027,0.1819462529,0.009921260178,0.002362204716,4.35100076e-08
9.34,-0.5787122065,-0.07710433526,0.04394547151,-0.002766180531,-0.04490615394,0.9989912098,0.002637792114,0.999996521,0,0,1.300431702,1.557464943,-1.474794765,1.765744272,0.5856631366,-0.2146665094,-0.2848586577,-1.317153119,1.6493361,1.075545304,1.333925879,0.4621200814,0.4403490481,-0.8393009708,0.005264114178,-0.000244427443,0.000717345855,-0.02224262963,-0.04296917897,0.01081253784,0.04046927844,-0.0004285845502,0,0.0221956884,-0.00144387311,-0.03366332506,-0.03038254288,0.02148640245,0.008097253728,0.03691315736,0.008097253728,0.09507874027,0.1819713059,0.009921260178,0.002362204716,4.35100076e-08
9.35,-0.5782764788,-0.07713202559,0.04319844318,-0.002771899525,-0.04490615394,0.9989912098,0.002637792114,0.999996521,0,0,1.300484343,1.557462498,-1.474787592,1.765521845,0.5852334448,-0.2145583841,-0.2844539649,-1.317157405,1.6493361,1.075767261,1.33391144,0.4617834482,0.4400452227,-0.8390861068,0.00503051483,-0.0002311813109,0.000695967454,-0.02209026364,-0.04224249319,0.01070699567,0.03980895045,-0.0002454312404,0,0.02180175698,-0.001663267041,-0.03298695003,-0.02977504266,0.02114788699,0.008097352023,0.03691316546,0.008097352023,0.09507874027,0.181999577,0.009921260178,0.002362204716,4.35100076e-08
9.36,-0.5778482691,-0.07715977349,0.04244196491,-0.002777690864,-0.04490615394,0.9989912098,0.002637792114,0.999996521,0,0,1.300534648,1.557460187,-1.474780632,1.765300943,0.5848110199,-0.2144513141,-0.2840558754,-1.317159859,1.6493361,1.075985279,1.333894807,0.4614535787,0.4397474723,-0.8388746279,0.004794136575,-0.0002177705844,0.0006743156077,-0.02193604752,-0.04150696717,0.01060017428,0.03914072781,-6.000741124e-05,0,0.02140289279,-0.001885373039,-0.03230203704,-0.02916008067,0.02080537813,0.00809744601,0.03691318429,0.00809744601,0.09507874027,0.182031009,0.009921260178,0.002362204716,4.35100076e-08
9.37,-0.5774276692,-0.07718757964,0.04167657046,-0.002783550462,-0.04490615394,0.9989912098,0.002637792114,0.999996521,0,0,1.300582589,1.557458009,-1.474773889,1.765081582,0.5843959502,-0.2143453124,-0.2836644681,-1.317160459,1.6493361,1.076199308,1.333875954,0.4611305583,0.4394558715,-0.8386665741,0.004555146053,-0.0002042047608,0.0006524056983,-0.02178009022,-0.04076312064,0.01049214914,0.03846508185,0.0001275556514,0,0.02099937854,-0.002110033891,-0.03160907199,-0.0285380919,0.02045911714,0.008097535639,0.03691321376,0.008097535639,0.09507874027,0.1820655434,0.009921260178,0.002362204716,4.35100076e-08
9.38,-0.5770147656,-0.07721544471,0.04090280198,-0.002789474169,-0.04490615394,0.9989912098,0.002637792114,0.999996521,0,0,1.300628141,1.557455967,-1.474767365,1.764863781,0.583988319,-0.2142403909,-0.2832798173,-1.317159184,1.6493361,1.076409301,1.333854853,0.4608144676,0.4391704905,-0.838461983,0.004313712441,-0.000190493489,0.0006302533595,-0.02162250238,-0.04001148143,0.01038299685,0.03778249108,0.0003171245794,0,0.02059150148,-0.002337089903,-0.0309085486,-0.02790951817,0.0201093489,0.008097620861,0.03691325375,0.008097620861,0.09507874027,0.1821031199,0.009921260178,0.002362204716,4.35100076e-08
9.39,-0.5766096393,-0.07724336932,0.04012121006,-0.00279545777,-0.04490615394,0.9989912098,0.002637792114,0.999996521,0,0,1.300671278,1.557454062,-1.474761063,1.764647556,0.5835882042,-0.2141365609,-0.2829019924,-1.317156012,1.6493361,1.076615216,1.333831482,0.4605053821,0.4388913954,-0.8382608895,0.004070007458,-0.0001766465685,0.0006078744769,-0.02146339635,-0.03925258546,0.01027279522,0.03709344128,0.0005085639215,2.220446049e-14,0.02017955338,-0.002566378889,-0.03020096844,-0.02727480813,0.01975632195,0.00809770163,0.03691330418,0.00809770163,0.09507874027,0.1821436767,0.009921260178,0.002362204716,4.35100076e-08
9.4,-0.5762123656,-0.07727135405,0.03933235367,-0.002801496985,-0.04490615394,0.9989912098,0.002637792114,0.999996521,0,0,1.300711978,1.557452295,-1.474754984,1.764432922,0.5831956783,-0.2140338329,-0.282531058,-1.317150927,1.6493361,1.076817012,1.333805819,0.4602033724,0.4386186473,-0.8380633263,0.003757621694,-0.0001409707638,0.0007024441133,-0.0213809413,-0.03848538204,0.01036629497,0.036375534,0.0007868077954,0,0.01969732535,-0.002763373279,-0.02946645273,-0.02652880905,0.01949149292,0.008097777905,0.03691336493,0.008097777905,0.09507874027,0.1821871505,0.009921260178,0.002362204716,4.351000737e-08
9.41,-0.5758230145,-0.07729939943,0.03853680022,-0.00280758747,-0.04490615394,0.9989912098,0.002637792114,0.999996521,0,0,1.300749554,1.557450886,-1.474747959,1.764219113,0.5828108245,-0.21393017,-0.2821673026,-1.317143059,1.6493361,1.077013985,1.333778185,0.4599087079,0.4383533592,-0.8378684113,0.003389634807,-8.766749642e-05,0.0008912941555,-0.02136015038,-0.0377107656,0.01062393936,0.03563373035,0.001135276264,0,0.01915791457,-0.002934566569,-0.02870932358,-0.02569239812,0.01929753638,0.008097848809,0.03691344058,0.008097848809,0.09507874027,0.182197672,0.009921260178,0.002362204716,4.351000737e-08
9.42,-0.57544165,-0.07732750596,0.03773512552,-0.002813724818,-0.04490615394,0.9989912098,0.002637792114,0.999996521,0,0,1.300783451,1.557450009,-1.474739046,1.764005511,0.5824337168,-0.2138239306,-0.2818109653,-1.317131706,1.6493361,1.077205564,1.333748839,0.4596216146,0.4380964352,-0.837675436,0.003144142114,-7.474735113e-05,0.0008613742398,-0.02119255956,-0.0369335391,0.0104988991,0.0349296913,0.001326485482,-2.220446049e-14,0.01873938319,-0.00317160814,-0.0279846656,-0.02504826464,0.01893095619,0.00809791363,0.03691353479,0.00809791363,0.09507874027,0.1821446321,0.009921260178,0.002362204716,4.351000737e-08
9.43,-0.5750683305,-0.07735567407,0.03692791381,-0.002819904555,-0.04490615394,0.9989912098,0.002637792114,0.999996521,0,0,1.300814892,1.557449262,-1.474730433,1.763793586,0.5820643814,-0.2137189416,-0.2814616684,-1.317118441,1.6493361,1.077392958,1.333717123,0.459341768,0.4378459526,-0.8374861264,0.002897115112,-6.174097489e-05,0.0008312493255,-0.02102388671,-0.03615127965,0.01037305495,0.03422121577,0.001518968807,-2.220446049e-14,0.0183180219,-0.003410221806,-0.02725504956,-0.02439989945,0.01856210988,0.008097973901,0.03691363865,0.008097973901,0.09507874027,0.1820940201,0.009921260178,0.002362204716,4.35100076e-08
9.44,-0.5747031082,-0.07738390417,0.03611575772,-0.002826122144,-0.04490615394,0.9989912098,0.002637792114,0.999996521,0,0,1.300843863,1.557448644,-1.47472212,1.763583347,0.5817028687,-0.2136152111,-0.2811194563,-1.317103251,1.6493361,1.077576138,1.333683021,0.4590692175,0.4376019536,-0.8373005053,0.002648735248,-4.865797456e-05,0.0008009417158,-0.02085425608,-0.03536456356,0.01024649954,0.03350882453,0.001712584084,0,0.01789414228,-0.003650231418,-0.02652101556,-0.0237477808,0.01819126815,0.008098029592,0.03691375205,0.008098029592,0.09507874027,0.1820458518,0.009921260178,0.002362204716,4.351000782e-08
9.45,-0.5743460298,-0.07741219662,0.0352992583,-0.002832372985,-0.04490615394,0.9989912098,0.002637792114,0.999996521,0,0,1.300870351,1.557448158,-1.474714111,1.763374804,0.581349223,-0.2135127461,-0.280784368,-1.317086125,1.6493361,1.07775508,1.333646519,0.4588040073,0.4373644758,-0.8371185926,0.002399186457,-3.550809466e-05,0.0007704740386,-0.02068379362,-0.03457397521,0.01011932684,0.0327930455,0.001907187124,2.220446049e-14,0.01746806042,-0.003891458311,-0.02578311159,-0.02309239371,0.01781870536,0.008098080679,0.03691387487,0.008098080679,0.09507874027,0.1820001412,0.009921260178,0.002362204716,4.351000782e-08
9.46,-0.5739971355,-0.07744055173,0.03447902504,-0.002838652411,-0.04490615394,0.9989912098,0.002637792114,0.999996521,0,0,1.300894342,1.557447802,-1.474706406,1.763167967,0.5810034833,-0.2134115528,-0.2804564376,-1.317067054,1.6493361,1.07792976,1.333607604,0.4585461762,0.4371335518,-0.8369404056,0.002148655156,-2.230121754e-05,0.0007398692482,-0.02051262706,-0.03378010706,0.009991632083,0.03207441376,0.002102631704,-2.220446049e-14,0.01704009691,-0.004133721308,-0.02504189348,-0.02243422999,0.01744469955,0.00809812714,0.03691400698,0.00809812714,0.09507874027,0.1819569006,0.009921260178,0.002362204716,4.35100076e-08
9.47,-0.5736564597,-0.07746896975,0.0336556758,-0.002844955691,-0.04490615394,0.9989912098,0.002637792114,0.999996521,0,0,1.300915829,1.557447579,-1.474699007,1.76296284,0.5806656822,-0.2133116365,-0.2801356934,-1.317046027,1.6493361,1.078100161,1.333566267,0.4582957573,0.4369092095,-0.8367659586,0.001897330247,-9.047363303e-06,0.0007091506244,-0.02034088584,-0.0329835597,0.009863511807,0.03135347157,0.002298769562,4.440892099e-14,0.01661057688,-0.004376836715,-0.02429792498,-0.02177378823,0.01706953244,0.008098168957,0.03691414827,0.008098168957,0.09507874027,0.1819161401,0.009921260178,0.002362204716,4.351000782e-08
9.48,-0.5733240303,-0.07749745091,0.03282983688,-0.002851278032,-0.04490615394,0.9989912098,0.002637792114,0.999996521,0,0,1.300934802,1.557447489,-1.474691916,1.762759431,0.5803358466,-0.2132130014,-0.2798221587,-1.31702304,1.6493361,1.078266267,1.333522499,0.458052778,0.4366914716,-0.8365952632,0.001634268129,3.974383622e-06,0.0006824112908,-0.02023041214,-0.03217464401,0.009777123949,0.03065703065,0.00253701326,0,0.01609313266,-0.004744405735,-0.02347990052,-0.02102402655,0.01673053734,0.008098206115,0.0369142986,0.008098206115,0.09507874027,0.1818778684,0.009921260178,0.002362204716,4.351000737e-08
9.49,-0.5729998691,-0.07752599536,0.03200214299,-0.002857614573,-0.04490615394,0.9989912098,0.002637792114,0.999996521,0,0,1.300951145,1.557447529,-1.474685092,1.762557127,0.5800141002,-0.2131152301,-0.2795155884,-1.316997669,1.6493361,1.078427198,1.333475054,0.457817979,0.4364812314,-0.8364279579,0.001380818282,1.72598412e-05,0.0006519404163,-0.02006414238,-0.03137354911,0.009652714472,0.02993575173,0.002738214646,-2.220446049e-14,0.01565290719,-0.005001067642,-0.02272508713,-0.02035177322,0.01635757184,0.008098238377,0.03691445877,0.008098238377,0.09507874027,0.1817989156,0.009921260178,0.002362204716,4.351000737e-08
9.5,-0.5726839915,-0.07755460323,0.03117323725,-0.002863960392,-0.04490615394,0.9989912098,0.002637792114,0.999996521,0,0,1.300964953,1.557447701,-1.474678572,1.762356486,0.5797003647,-0.213018703,-0.2792162309,-1.316970287,1.6493361,1.078583728,1.333425044,0.4575907281,0.4362777136,-0.8362643822,0.001128248314,3.058771061e-05,0.0006210284155,-0.01989164581,-0.03057263508,0.009524052961,0.02921125681,0.002935576293,0,0.01522063019,-0.005245877183,-0.02197631162,-0.01968736314,0.0159806788,0.008098265939,0.03691462779,0.008098265939,0.09507874027,0.1817201,0.009921260178,0.002362204716,4.35100076e-08
9.51,-0.5723764063,-0.07758327458,0.0303437712,-0.002870310501,-0.04490615394,0.9989912098,0.002637792114,0.999996521,0,0,1.300976236,1.557448007,-1.474672362,1.762157569,0.5793946383,-0.2129234624,-0.2789241183,-1.316940931,1.6493361,1.078735934,1.333372585,0.457370965,0.43608084,-0.8361045754,0.0008756649363,4.392127615e-05,0.0005900991499,-0.01971910893,-0.02977152449,0.009395363513,0.02848669246,0.003133019606,0,0.01478813739,-0.005490780708,-0.0212271137,-0.0190227364,0.01560379026,0.008098288819,0.03691480547,0.008098288819,0.09507874027,0.1816456781,0.009921260178,0.002362204716,4.35100076e-08
9.52,-0.5720771157,-0.07761200944,0.02951440479,-0.002876659847,-0.04490615394,0.9989912098,0.002637792114,0.999996521,0,0,1.300984992,1.557448446,-1.474666461,1.761960378,0.5790969231,-0.2128295088,-0.2786392514,-1.316909601,1.6493361,1.078883815,1.333317677,0.4571586939,0.4358906126,-0.8359485375,0.000623269452,5.724982901e-05,0.0005591775271,-0.01954666976,-0.02897085835,0.009266749036,0.02776263668,0.003330386052,2.220446049e-14,0.01435577667,-0.005735581699,-0.02047809678,-0.01835842568,0.01522720618,0.008098307016,0.03691499168,0.008098307016,0.09507874027,0.1815755754,0.009921260178,0.002362204716,4.35100076e-08
9.53,-0.5717861156,-0.07764080776,0.02868580637,-0.002883003313,-0.04490615394,0.9989912098,0.002637792114,0.999996521,0,0,1.300991225,1.557449019,-1.474660869,1.761764912,0.5788072145,-0.2127368413,-0.278361625,-1.316876297,1.6493361,1.079027373,1.333260321,0.4569539129,0.4357070284,-0.8357962654,0.0003712656324,7.056252187e-05,0.0005282887829,-0.01937446806,-0.02817128574,0.009138313735,0.02703967455,0.003527515054,0,0.01392390043,-0.005980081111,-0.01972987223,-0.01769497046,0.01485123017,0.008098320534,0.03691518627,0.008098320534,0.09507874027,0.1815097153,0.009921260178,0.002362204716,4.351000737e-08
9.54,-0.5715033948,-0.07766966947,0.02785865272,-0.002889335719,-0.04490615394,0.9989912098,0.002637792114,0.999996521,0,0,1.300994938,1.557449725,-1.474655586,1.761571167,0.5785255016,-0.2126454582,-0.2780912283,-1.316841022,1.6493361,1.079166612,1.333200521,0.4567566142,0.4355300787,-0.8356477531,0.0001198597171,8.38483688e-05,0.0004974584806,-0.01920264533,-0.02737346385,0.009010163104,0.02631839832,0.003724243984,-2.220446049e-14,0.01349286563,-0.006224077371,-0.01898305934,-0.01703291702,0.01447616949,0.00809832938,0.03691538913,0.00809832938,0.09507874027,0.1814480192,0.009921260178,0.002362204716,4.351000737e-08
9.55,-0.5712289354,-0.07769859442,0.02703362903,-0.002895651818,-0.04490615394,0.9989912098,0.002637792114,0.999996521,0,0,1.300996136,1.557450563,-1.474650612,1.76137914,0.578251767,-0.2125553565,-0.2778280443,-1.31680378,1.6493361,1.079301541,1.33313828,0.4565667836,0.4353597495,-0.8355029914,-0.0001307395891,9.70962454e-05,0.0004667125124,-0.0190313448,-0.02657805791,0.008882403931,0.02559940735,0.003920408172,2.220446049e-14,0.01306303378,-0.006467366382,-0.01823828539,-0.01637281842,0.01410233502,0.008098333567,0.03691560013,0.008098333567,0.09507874027,0.1813904063,0.009921260178,0.002362204716,4.35100076e-08
9.56,-0.5709627128,-0.07772758243,0.02621142891,-0.002901946301,-0.04490615394,0.9989912098,0.002637792114,0.999996521,0,0,1.300994829,1.557451534,-1.474645945,1.761188827,0.5779859864,-0.2124665325,-0.2775720502,-1.316764576,1.6493361,1.079432171,1.333073606,0.4563844008,0.4351960213,-0.8353619681,-0.0003803211186,0.0001102948885,0.000436077099,-0.01886071145,-0.02578574127,0.008755144294,0.0248833081,0.004115840893,-2.220446049e-14,0.01263477094,-0.006709741515,-0.01749618563,-0.01571523451,0.01373004129,0.008098333107,0.03691581913,0.008098333107,0.09507874027,0.1813367937,0.009921260178,0.002362204716,4.351000737e-08
9.57,-0.5707046951,-0.07775663326,0.02539275436,-0.002908213794,-0.04490615394,0.9989912098,0.002637792114,0.999996521,0,0,1.300991026,1.557452637,-1.474641584,1.76100022,0.577728129,-0.2123789811,-0.2773232171,-1.316723417,1.6493361,1.079558519,1.333006509,0.4562094389,0.435038869,-0.8352246676,-0.0006286712428,0.0001234328961,0.0004055787902,-0.01869089197,-0.02499719534,0.008628493564,0.02417071418,0.004310373375,2.220446049e-14,0.01220844771,-0.006950993611,-0.01675740326,-0.01506073197,0.01335960645,0.008098328022,0.036916046,0.008098328022,0.09507874027,0.181287097,0.009921260178,0.002362204716,4.35100076e-08
9.58,-0.5704548436,-0.0777857466,0.02457831582,-0.002914448857,-0.04490615394,0.9989912098,0.002637792114,0.999996521,0,0,1.300984739,1.557453871,-1.474637528,1.760813311,0.577478157,-0.2122926961,-0.27708151,-1.316680314,1.6493361,1.079680603,1.332936999,0.4560418649,0.4348882617,-0.8350910716,-0.0008755738747,0.0001364987276,0.0003752444654,-0.0185220348,-0.02421310959,0.008502562401,0.02346224628,0.004503834795,-4.440892099e-14,0.01178443927,-0.007190910981,-0.0160225895,-0.01440988425,0.01299135226,0.008098318333,0.0369162806,0.008098318333,0.09507874027,0.1812412297,0.009921260178,0.002362204716,4.351000737e-08
9.59,-0.5702131123,-0.07781492211,0.02376883213,-0.002920645988,-0.04490615394,0.9989912098,0.002637792114,0.999996521,0,0,1.300975983,1.557455236,-1.474633776,1.760628091,0.577236026,-0.2122076705,-0.2768468875,-1.316635275,1.6493361,1.079798448,1.33286509,0.455881639,0.4347441628,-0.8349611581,-0.001120810471,0.0001494807031,0.0003451013335,-0.01835429014,-0.0234341816,0.008377462758,0.0227585322,0.004696052276,2.220446049e-14,0.01136312536,-0.007429279405,-0.01529240356,-0.01376327161,0.01262560412,0.008098304067,0.03691652282,0.008098304067,0.09507874027,0.1811991037,0.009921260178,0.002362204716,4.351000782e-08
9.6,-0.569979448,-0.07784415937,0.02296503054,-0.002926799618,-0.04490615394,0.9989912098,0.002637792114,0.999996521,0,0,1.300964775,1.557456731,-1.474630325,1.760444548,0.5770016841,-0.2121238959,-0.2766193022,-1.316588315,1.6493361,1.079912079,1.332790797,0.4557287149,0.4346065301,-0.834834902,-0.001364160036,0.0001623670041,0.000315176934,-0.01818780989,-0.022661117,0.008253307875,0.02206020686,0.004886850891,2.220446049e-14,0.01094489028,-0.007665882128,-0.01456751264,-0.01312148111,0.01226269105,0.008098285257,0.03691677251,0.008098285257,0.09507874027,0.1811606293,0.009921260178,0.002362204716,4.35100076e-08
9.61,-0.5697537903,-0.07787345793,0.02216764672,-0.002932904116,-0.04490615394,0.9989912098,0.002637792114,0.999996521,0,0,1.300951133,1.557458355,-1.474627173,1.76026267,0.576775073,-0.2120413628,-0.2763987001,-1.316539446,1.6493361,1.080021528,1.332714138,0.4555830398,0.4344753153,-0.8347122751,-0.00160539912,0.0001751456726,0.0002854991364,-0.01802274769,-0.02189462952,0.008130212284,0.02136791223,0.005076053653,-2.220446049e-14,0.01053012291,-0.007900499862,-0.01384859197,-0.0124851066,0.01190294565,0.008098261935,0.03691702954,0.008098261935,0.09507874027,0.1811257154,0.009921260178,0.002362204716,4.351000737e-08
9.62,-0.5695360712,-0.07790281727,0.02137742476,-0.002938953785,-0.04490615394,0.9989912098,0.002637792114,0.999996521,0,0,1.300935079,1.557460106,-1.474624318,1.760082442,0.5765561267,-0.2119600607,-0.276185021,-1.316488686,1.6493361,1.080126829,1.332635133,0.4554445539,0.4343504642,-0.8345932456,-0.001844301827,0.0001878046118,0.0002560961413,-0.01785925894,-0.02113544092,0.008008291808,0.0206822974,0.005263481526,2.220446049e-14,0.0101192167,-0.008132910783,-0.01313632479,-0.01185474876,0.01154670416,0.008098234143,0.03691729378,0.008098234143,0.09507874027,0.1810942692,0.009921260178,0.002362204716,4.35100076e-08
9.63,-0.5693262154,-0.07793223681,0.02059511714,-0.002944942865,-0.04490615394,0.9989912098,0.002637792114,0.999996521,0,0,1.300916636,1.557461984,-1.474621757,1.75990385,0.5763447723,-0.2118799778,-0.275978198,-1.316436051,1.6493361,1.080228021,1.332553804,0.4553131906,0.4342319167,-0.8344777786,-0.002080639812,0.0002003315853,0.0002269964807,-0.01769750074,-0.02038428108,0.007887663556,0.02000401854,0.005448953412,-2.220446049e-14,0.00971256969,-0.008362890534,-0.01243140238,-0.01123101506,0.01119430639,0.008098201924,0.03691756508,0.008098201924,0.09507874027,0.1810661971,0.009921260178,0.002362204716,4.351000737e-08
9.64,-0.5691241399,-0.07796171591,0.01982148479,-0.00295086553,-0.04490615394,0.9989912098,0.002637792114,0.999996521,0,0,1.30089583,1.557463988,-1.474619487,1.759726875,0.5761409294,-0.2118011011,-0.2757781579,-1.316381561,1.6493361,1.080325147,1.332470175,0.4551888766,0.4341196066,-0.8343658355,-0.002314182286,0.0002127142177,0.0001982290177,-0.01753763196,-0.01964188792,0.007768445929,0.01933373888,0.005632286158,0,0.009310584489,-0.008590212215,-0.01173452406,-0.01061451977,0.01084609577,0.008098165325,0.03691784332,0.008098165325,0.09507874027,0.1810414038,0.009921260178,0.002362204716,4.35100076e-08
9.65,-0.5689297542,-0.07799125388,0.01905729701,-0.002956715891,-0.04490615394,0.9989912098,0.002637792114,0.999996521,0,0,1.300872688,1.557466115,-1.474617505,1.759551498,0.5759445106,-0.2117234167,-0.2755848205,-1.316325238,1.6493361,1.080418253,1.332384273,0.4550715314,0.4340134614,-0.8342573746,-0.002544696019,0.000224939994,0.0001698229478,-0.01737981317,-0.01890900745,0.007650758614,0.01867212873,0.005813294552,0,0.008913668302,-0.008814646394,-0.01104639719,-0.01000588398,0.01050241931,0.008098124398,0.03691812836,0.008098124398,0.09507874027,0.1810197934,0.009921260178,0.002362204716,4.35100076e-08
9.66,-0.5687429599,-0.07802084996,0.01830333155,-0.002962487993,-0.04490615394,0.9989912098,0.002637792114,0.999996521,0,0,1.300847241,1.557468364,-1.474615806,1.7593777,0.5757554205,-0.2116469091,-0.2753980992,-1.316267106,1.6493361,1.080507389,1.332296126,0.4549610674,0.4339134026,-0.8341523504,-0.002771945339,0.0002369962597,0.0001418077984,-0.01722420669,-0.01818639372,0.007534722589,0.01801986546,0.005991791322,0,0.008522232923,-0.009035961095,-0.01036773721,-0.009405735581,0.01016362763,0.008098079201,0.03691842006,0.008098079201,0.09507874027,0.1810012686,0.009921260178,0.002362204716,4.35100076e-08
9.67,-0.5685636509,-0.07805050336,0.01756037455,-0.002968175817,-0.04490615394,0.9989912098,0.002637792114,0.999996521,0,0,1.300819522,1.557470734,-1.474614388,1.759205458,0.5755735566,-0.2115715619,-0.2752179005,-1.316207188,1.6493361,1.080592612,1.332205767,0.45485739,0.4338193452,-0.8340507141,-0.002995692138,0.0002488702208,0.0001142134296,-0.01707097657,-0.01747480887,0.007420460119,0.01737763352,0.006167587135,0,0.008136694741,-0.009253921805,-0.009699267587,-0.008814709282,0.009830074892,0.008098029792,0.03691871829,0.008098029792,0.09507874027,0.1809857317,0.009921260178,0.002362204716,4.35100076e-08
9.68,-0.5683917131,-0.07808021318,0.01682922058,-0.002973773282,-0.04490615394,0.9989912098,0.002637792114,0.999996521,0,0,1.300789565,1.557473223,-1.474613246,1.759034748,0.5753988085,-0.2114973572,-0.2750441242,-1.316145512,1.6493361,1.080673979,1.332113228,0.4547603974,0.4337311981,-0.8339524134,-0.003215695871,0.0002605489437,8.707003452e-05,-0.01692028861,-0.01677502312,0.007308094756,0.01674612438,0.006340490595,0,0.007757474743,-0.009468291466,-0.009041719897,-0.008233446595,0.00950211888,0.008097976239,0.03691902289,0.008097976239,0.09507874027,0.1809730839,0.009921260178,0.002362204716,4.35100076e-08
9.69,-0.5682270245,-0.0781099785,0.01611067262,-0.00297927424,-0.04490615394,0.9989912098,0.002637792114,0.999996521,0,0,1.300757408,1.557475828,-1.474612376,1.758865545,0.5752310582,-0.2114242763,-0.2748766629,-1.316082107,1.6493361,1.080751553,1.332018545,0.4546699802,0.4336488636,-0.8338573922,-0.003431713563,0.0002720193549,6.040813942e-05,-0.01677231031,-0.01608781471,0.007197751339,0.01612603659,0.006510308246,0,0.00738499852,-0.009678830481,-0.008395833783,-0.00766259585,0.009180120931,0.008097918609,0.03691933373,0.008097918609,0.09507874027,0.1809632261,0.009921260178,0.002362204716,4.35100076e-08
9.7,-0.5680694549,-0.07813979832,0.01540554205,-0.002984672479,-0.04490615394,0.9989912098,0.002637792114,0.999996521,0,0,1.300723091,1.557478548,-1.474611771,1.758697822,0.5750701801,-0.2113522988,-0.2747154026,-1.316017004,1.6493361,1.080825403,1.331921756,0.4545860218,0.4335722377,-0.833765591,-0.003643499803,0.0002832682412,3.425860429e-05,-0.01662721093,-0.01541397,0.007089555997,0.01551807574,0.006676844564,0,0.007019696267,-0.009885296709,-0.00776235698,-0.007102812188,0.008864445958,0.008097856978,0.03691965067,0.008097856978,0.09507874027,0.1809560586,0.009921260178,0.002362204716,4.35100076e-08
9.71,-0.5679188662,-0.07816967159,0.01471464867,-0.002989961722,-0.04490615394,0.9989912098,0.002637792114,0.999996521,0,0,1.300686656,1.557481381,-1.474611429,1.75853155,0.5749160404,-0.2112814032,-0.2745602218,-1.315950235,1.6493361,1.0808956,1.331822903,0.4545083982,0.4335012096,-0.8336769465,-0.003850806756,0.0002942822497,8.652622929e-06,-0.01648516145,-0.01475428336,0.006983636143,0.01492295445,0.006839901964,0,0.006662002789,-0.01008744546,-0.007142045323,-0.006554757566,0.00855546244,0.008097791425,0.03691997357,0.008097791425,0.09507874027,0.1809514814,0.009921260178,0.002362204716,4.35100076e-08
9.72,-0.5677751117,-0.07819959717,0.0140388207,-0.00299513563,-0.04490615394,0.9989912098,0.002637792114,0.999996521,0,0,1.300648148,1.557484324,-1.474611342,1.758366699,0.5747684976,-0.2112115669,-0.2744109923,-1.315881836,1.6493361,1.08096222,1.331722029,0.4544369778,0.433435662,-0.8335913919,-0.004053384157,0.0003050478871,-1.637827654e-05,-0.01634633457,-0.01410955727,0.006880120477,0.01434139237,0.006999280792,0,0.006312357506,-0.01028502951,-0.006535662752,-0.006019100758,0.008253542421,0.008097722032,0.03692030226,0.008097722032,0.09507874027,0.1809493944,0.009921260178,0.002362204716,4.35100076e-08
9.73,-0.5676380368,-0.07822957389,0.01337889477,-0.003000187798,-0.04490615394,0.9989912098,0.002637792114,0.999996521,0,0,1.300607614,1.557487374,-1.474611506,1.758203235,0.574627402,-0.2111427657,-0.2742675784,-1.315811843,1.6493361,1.081025344,1.331619179,0.4543716212,0.433375471,-0.8335088565,-0.004250979318,0.0003155515206,-4.080223137e-05,-0.01621090475,-0.01348060224,0.006779138986,0.01377411621,0.007154779328,0,0.005971204452,-0.01047779908,-0.005943981324,-0.005496517355,0.007959061502,0.008097648887,0.03692063662,0.008097648887,0.09507874027,0.1809496971,0.009921260178,0.002362204716,4.35100076e-08
9.74,-0.567507478,-0.0782596005,0.01273571592,-0.003005111755,-0.04490615394,0.9989912098,0.002637792114,0.999996521,0,0,1.300565104,1.55749053,-1.474611914,1.758041126,0.574492596,-0.2110749743,-0.2741298372,-1.315740296,1.6493361,1.081085056,1.331514401,0.4543121814,0.4333205058,-0.8334292658,-0.004443337127,0.000325779377,-6.458704409e-05,-0.01607904815,-0.01286823685,0.006680822943,0.01322185967,0.007306193784,0,0.005638992284,-0.01066550184,-0.005367781217,-0.004987689765,0.00767239884,0.008097572083,0.03692097648,0.008097572083,0.09507874027,0.1809522895,0.009921260178,0.002362204716,4.35100076e-08
9.75,-0.5673832638,-0.07828967568,0.01211013762,-0.003009900969,-0.04490615394,0.9989912098,0.002637792114,0.999996521,0,0,1.300520671,1.557493788,-1.47461256,1.757880336,0.5743639136,-0.211008166,-0.2739976186,-1.315667234,1.6493361,1.081141446,1.331407746,0.4542585035,0.4332706289,-0.8333525419,-0.004630200052,0.0003357175429,-8.770018181e-05,-0.01595094269,-0.01227328774,0.006585304907,0.01268536348,0.007453318304,0,0.005316174278,-0.01084788293,-0.004807850736,-0.004493307218,0.007393937143,0.008097491717,0.03692132168,0.008097491717,0.09507874027,0.1809570716,0.009921260178,0.002362204716,4.35100076e-08
9.76,-0.5672652137,-0.07831979805,0.01150302171,-0.003014548841,-0.04490615394,0.9989912098,0.002637792114,0.999996521,0,0,1.300474369,1.557497145,-1.474613437,1.757720826,0.5742411807,-0.210942313,-0.273870765,-1.315592701,1.6493361,1.081194608,1.331299267,0.454210425,0.4332256958,-0.8332786025,-0.004811308144,0.0003453519648,-0.0001101087764,-0.01582676801,-0.01169658962,0.00649271872,0.01216537541,0.007595944962,0,0.005003208342,-0.01102468491,-0.004264986327,-0.004014065764,0.007124062665,0.008097407892,0.03692167208,0.008097407892,0.09507874027,0.1809639437,0.009921260178,0.002362204716,4.35100076e-08
9.77,-0.5671531389,-0.07834996616,0.0109152385,-0.003019048708,-0.04490615394,0.9989912098,0.002637792114,0.999996521,0,0,1.300426256,1.557500598,-1.474614538,1.757562559,0.5741242148,-0.2108773858,-0.2737491112,-1.315516741,1.6493361,1.08124464,1.33118902,0.4541677752,0.4331855552,-0.8332073619,-0.004986399034,0.0003546684491,-0.0001317796239,-0.01570670546,-0.01113898523,0.006403199513,0.01166265022,0.007733863759,0,0.004700557009,-0.01119564782,-0.003739992576,-0.003550668273,0.006863165205,0.008097320714,0.03692202752,0.008097320714,0.09507874027,0.1809728068,0.009921260178,0.002362204716,4.35100076e-08
9.78,-0.5670468416,-0.07838017851,0.01034766668,-0.003023393844,-0.04490615394,0.9989912098,0.002637792114,0.999996521,0,0,1.300376392,1.557504145,-1.474615856,1.757405492,0.574012825,-0.2108133538,-0.2736324847,-1.315439402,1.6493361,1.081291645,1.331077064,0.4541303752,0.4331500485,-0.8331387302,-0.00515520794,0.0003636526613,-0.0001526791841,-0.01559093814,-0.0106013254,0.006316883698,0.01117794967,0.007866862629,0,0.004408687448,-0.01136050914,-0.003233682224,-0.003103824439,0.006611638103,0.008097230295,0.03692238782,0.008097230295,0.09507874027,0.1809835624,0.009921260178,0.002362204716,4.35100076e-08
9.79,-0.5669461152,-0.0784104335,0.009801193349,-0.003027577457,-0.04490615394,0.9989912098,0.002637792114,0.999996521,0,0,1.30032484,1.557507782,-1.474617383,1.757249582,0.5739068117,-0.210750185,-0.2735207052,-1.315360734,1.6493361,1.081335732,1.330963458,0.4540980384,0.4331190103,-0.8330726138,-0.005317467666,0.0003722901269,-0.0001727735809,-0.01547965089,-0.010084469,0.006233908974,0.01071204254,0.007994727428,0,0.004128071462,-0.0115190038,-0.002746876165,-0.00267425078,0.006369878235,0.008097136752,0.03692275282,0.008097136752,0.09507874027,0.1809961128,0.009921260178,0.002362204716,4.35100076e-08
9.8,-0.5668507444,-0.0784407295,0.009276714038,-0.003031592692,-0.04490615394,0.9989912098,0.002637792114,0.999996521,0,0,1.300271665,1.557511505,-1.47461911,1.757094786,0.573805967,-0.2106878459,-0.2734135848,-1.315280787,1.6493361,1.081377013,1.330848268,0.4540705697,0.4330922677,-0.833008915,-0.005472908606,0.0003805662309,-0.0001920286012,-0.01537303026,-0.009589282941,0.006154414325,0.0102657046,0.008117241944,0,0.003859185494,-0.01167086416,-0.00228040346,-0.002262670639,0.00613828601,0.008097040207,0.03692312234,0.008097040207,0.09507874027,0.1810103614,0.009921260178,0.002362204716,4.35100076e-08
9.81,-0.5667605046,-0.07847106477,0.008775132682,-0.003035432627,-0.04490615394,0.9989912098,0.002637792114,0.999996521,0,0,1.300216936,1.55751531,-1.474621031,1.756941055,0.5737100742,-0.2106263017,-0.2733109277,-1.315199614,1.6493361,1.081415605,1.33073156,0.4540477656,0.433069641,-0.8329475322,-0.005621258741,0.0003884662177,-0.0002104096954,-0.01527126453,-0.009116642218,0.006078540016,0.009839718636,0.008234187889,0,0.003602510626,-0.01181582006,-0.001835101336,-0.001869814184,0.005917265369,0.008096940785,0.03692349622,0.008096940785,0.09507874027,0.1810262126,0.009921260178,0.002362204716,4.35100076e-08
9.82,-0.5666751624,-0.07850143754,0.00829736163,-0.003039090279,-0.04490615394,0.9989912098,0.002637792114,0.999996521,0,0,1.300160723,1.557519195,-1.474623135,1.756788343,0.5736189078,-0.2105655163,-0.2732125305,-1.315117272,1.6493361,1.08145163,1.330613402,0.4540294146,0.4330509429,-0.8328883595,-0.005762243646,0.0003959751909,-0.0002278819768,-0.01517454372,-0.008667429862,0.0060064276,0.009434874398,0.008345344899,0,0.003358532586,-0.01195359876,-0.001411815198,-0.001496418407,0.00570722378,0.008096838619,0.03692387427,0.008096838619,0.09507874027,0.1810435721,0.009921260178,0.002362204716,4.35100076e-08
9.83,-0.566594475,-0.07853184595,0.007844321646,-0.003042558598,-0.04490615394,0.9989912098,0.002637792114,0.999996521,0,0,1.300103101,1.557523155,-1.474625414,1.756636597,0.5735322335,-0.2105054521,-0.2731181818,-1.315033819,1.6493361,1.081485215,1.330493866,0.4540152965,0.4330359787,-0.8328312873,-0.005895586488,0.0004030781139,-0.0002444102213,-0.01508305958,-0.008242536962,0.005938219911,0.009051968641,0.008450490538,0,0.003127741747,-0.01208392497,-0.00101139863,-0.001143227132,0.005508572236,0.008096733845,0.03692425629,0.008096733845,0.09507874027,0.1810623471,0.009921260178,0.002362204716,4.35100076e-08
9.84,-0.5665181904,-0.07856228806,0.007416941904,-0.003045830472,-0.04490615394,0.9989912098,0.002637792114,0.999996521,0,0,1.300044145,1.557527185,-1.474627858,1.756485767,0.5734498081,-0.2104460699,-0.2730276621,-1.314949314,1.6493361,1.081516493,1.330373026,0.4540051825,0.4330245464,-0.8327762016,-0.006021008029,0.0004097598091,-0.0002599588676,-0.01499700557,-0.007842862659,0.005874061068,0.008691805102,0.008549400292,0,0.00291063313,-0.01220652085,-0.0006347134045,-0.0008109910059,0.005321725253,0.008096626605,0.03692464211,0.008096626605,0.09507874027,0.1810824462,0.009921260178,0.002362204716,4.35100076e-08
9.85,-0.5664460475,-0.07859276188,0.007016159996,-0.003048898721,-0.04490615394,0.9989912098,0.002637792114,0.999996521,0,0,1.299983935,1.557531283,-1.474630457,1.756335797,0.5733713795,-0.2103873293,-0.2729407441,-1.31486382,1.6493361,1.081545599,1.330250961,0.4539988353,0.4330164365,-0.8327229843,-0.006138226626,0.0004160049582,-0.0002744920164,-0.0149165769,-0.007469314147,0.005814096472,0.008355194503,0.00864184757,0,0.002707706408,-0.01232110601,-0.0002826294807,-0.000500467508,0.005147100867,0.008096517045,0.03692503151,0.008096517045,0.09507874027,0.18110378,0.009921260178,0.002362204716,4.35100076e-08
9.86,-0.5663777754,-0.07862326533,0.006642921925,-0.003051756104,-0.04490615394,0.9989912098,0.002637792114,0.999996521,0,0,1.299922553,1.557535443,-1.474633202,1.756186631,0.5732966863,-0.2103291883,-0.2728571921,-1.314777401,1.6493361,1.081572676,1.33012775,0.453996009,0.4330114319,-0.8326715133,-0.006246958232,0.0004217981022,-0.0002879734311,-0.01484197049,-0.007122806671,0.005758472809,0.008042954545,0.008727603706,0,0.002519465906,-0.0124273975,4.397498562e-05,-0.0002124209448,0.004985120629,0.008096405319,0.03692542431,0.008096405319,0.09507874027,0.1811262609,0.009921260178,0.002362204716,4.35100076e-08
9.87,-0.566313094,-0.07865379627,0.006298182106,-0.003054395314,-0.04490615394,0.9989912098,0.002637792114,0.999996521,0,0,1.299860083,1.557539661,-1.474636082,1.756038211,0.5732254583,-0.2102716036,-0.2727767626,-1.314690125,1.6493361,1.081597871,1.330003476,0.4539964488,0.4330093076,-0.8326216621,-0.006346916399,0.0004271236413,-0.0003003665367,-0.01477338501,-0.006804263526,0.005707338048,0.007755909907,0.008806437956,-2.220446049e-14,0.002346420601,-0.01252510981,0.0003442136405,5.237754698e-05,0.00483620961,0.008096291584,0.03692582028,0.008096291584,0.09507874027,0.1811498033,0.009921260178,0.002362204716,4.35100076e-08
9.88,-0.5662517136,-0.07868435248,0.00598290337,-0.003056808981,-0.04490615394,0.9989912098,0.002637792114,0.999996521,0,0,1.299796614,1.557543932,-1.474639086,1.755890477,0.5731574156,-0.2102145302,-0.2726992035,-1.314602061,1.6493361,1.081621335,1.329878225,0.4539998909,0.4330098314,-0.8325733,-0.006437812278,0.000431965835,-0.0003116344201,-0.01471102084,-0.006514616061,0.005660841438,0.007494892245,0.008878117495,2.220446049e-14,0.002189084128,-0.01261395487,0.0006171919282,0.0002931500002,0.004700796393,0.008096176001,0.03692621921,0.008096176001,0.09507874027,0.1811743242,0.009921260178,0.002362204716,4.351000782e-08
9.89,-0.5661933345,-0.07871493167,0.005698056959,-0.003058989668,-0.04490615394,0.9989912098,0.002637792114,0.999996521,0,0,1.299732236,1.557548252,-1.474642202,1.755743367,0.5730922695,-0.2101579218,-0.2726242546,-1.31451328,1.6493361,1.081643226,1.329752085,0.4540060629,0.4330127629,-0.832526292,-0.006519354616,0.0004363088015,-0.0003217398302,-0.0146550801,-0.006254803672,0.005619133516,0.007260740187,0.008942407425,0,0.002047974779,-0.01269364207,0.0008620070879,0.0005091116172,0.004579313072,0.008096058739,0.03692662087,0.008096058739,0.09507874027,0.1811997426,0.009921260178,0.002362204716,4.35100076e-08
9.9,-0.5661376477,-0.07874553148,0.005444622531,-0.003060929875,-0.04490615394,0.9989912098,0.002637792114,0.999996521,0,0,1.299667042,1.557552615,-1.474645419,1.755596816,0.5730297214,-0.2101017304,-0.2725516472,-1.314423856,1.6493361,1.081663705,1.329625149,0.4540146829,0.433017854,-0.8324804989,-0.006591249765,0.0004401365187,-0.0003306451775,-0.01460576663,-0.006025773807,0.005582366097,0.007054299336,0.008999070766,0,0.001923615502,-0.01276387821,0.001077748151,0.000699470769,0.004472195256,0.008095939972,0.03692702504,0.008095939972,0.09507874027,0.1812259803,0.009921260178,0.002362204716,4.35100076e-08
9.91,-0.5660843341,-0.07877614944,0.005223588155,-0.003062622039,-0.04490615394,0.9989912098,0.002637792114,0.999996521,0,0,1.29960113,1.557557016,-1.474648726,1.755450759,0.5729694637,-0.2100459068,-0.2724811042,-1.314333865,1.6493361,1.081682942,1.32949751,0.4540254604,0.4330248487,-0.832435777,-0.006653201675,0.0004434328231,-0.0003383125339,-0.01456328599,-0.005828481963,0.005550692281,0.006876422264,0.00904786846,0,0.001816533907,-0.01282436757,0.001263495942,0.0008634289954,0.004379882061,0.008095819878,0.03692743146,0.008095819878,0.09507874027,0.1812529619,0.009921260178,0.002362204716,4.35100076e-08
9.92,-0.5660330646,-0.07880678306,0.005035950315,-0.00306405853,-0.04490615394,0.9989912098,0.002637792114,0.999996521,0,0,1.299534598,1.557561451,-1.474652109,1.755305126,0.5729111789,-0.2099903998,-0.2724123399,-1.314243386,1.6493361,1.081701107,1.329369267,0.4540380954,0.433033483,-0.8323919781,-0.006704911896,0.0004461814105,-0.000344703633,-0.01452784549,-0.005663891688,0.005524266452,0.006727968514,0.009088559369,0,0.001727262261,-0.01287481186,0.00141832307,0.001000181005,0.004302816113,0.008095698641,0.03692783991,0.008095698641,0.09507874027,0.181280615,0.009921260178,0.002362204716,4.35100076e-08
9.93,-0.5659835004,-0.07883742974,0.004882713908,-0.003065231655,-0.04490615394,0.9989912098,0.002637792114,0.999996521,0,0,1.299467548,1.557565912,-1.474655556,1.755159847,0.57285454,-0.2099351572,-0.2723450603,-1.314152501,1.6493361,1.08171838,1.329240518,0.4540522786,0.4330434848,-0.83234895,-0.006746079582,0.000448365836,-0.00034977987,-0.01449965416,-0.005532974577,0.005503244274,0.006609804599,0.009120900278,2.220446049e-14,0.001656337492,-0.01291491021,0.001541293935,0.001108914673,0.004241443549,0.008095576451,0.03692825011,0.008095576451,0.09507874027,0.1813088701,0.009921260178,0.002362204716,4.35100076e-08
9.94,-0.5659352923,-0.07886808679,0.004764892242,-0.003066133658,-0.04490615394,0.9989912098,0.002637792114,0.999996521,0,0,1.299400088,1.557570396,-1.474659054,1.755014851,0.5727992102,-0.2098801247,-0.2722789622,-1.314061292,1.6493361,1.081734943,1.329111369,0.4540676915,0.433054574,-0.8323065355,-0.006776401485,0.0004499695132,-0.0003535023011,-0.01447892274,-0.005436710277,0.005487782694,0.006522804003,0.00914464589,-2.220446049e-14,0.001604301188,-0.01294435922,0.001631464727,0.001188811045,0.004196214012,0.008095453503,0.03692866181,0.008095453503,0.09507874027,0.1813376612,0.009921260178,0.002362204716,4.351000737e-08
9.95,-0.5658880811,-0.07889875148,0.004683507043,-0.003066756715,-0.04490615394,0.9989912098,0.002637792114,0.999996521,0,0,1.299332324,1.557574896,-1.474662589,1.754870062,0.5727448431,-0.2098252469,-0.2722137342,-1.313969845,1.6493361,1.081750986,1.328981926,0.4540840062,0.4330664621,-0.8322645734,-0.006795571962,0.0004509757153,-0.0003558316446,-0.01446586371,-0.005376086483,0.005478039944,0.006467847176,0.009159548832,0,0.001571699599,-0.01296285291,0.001687883419,0.001239044333,0.004167580655,0.008095329998,0.03692907473,0.008095329998,0.09507874027,0.1813669255,0.009921260178,0.002362204716,4.35100076e-08
9.96,-0.5658414973,-0.07892942097,0.004639588446,-0.003067092941,-0.04490615394,0.9989912098,0.002637792114,0.999996521,0,0,1.299264368,1.557579406,-1.474666147,1.754725403,0.5726910822,-0.2097704665,-0.2721490557,-1.31387825,1.6493361,1.081766703,1.328852297,0.454100885,0.4330788525,-0.8322228976,-0.006803282969,0.0004513675744,-0.0003567282799,-0.0144606913,-0.005352098939,0.005474175535,0.006445821542,0.00916535965,0,0.001559083632,-0.01297008277,0.001709589777,0.001258781919,0.004156000143,0.008095206143,0.03692948859,0.008095206143,0.09507874027,0.1813966043,0.009921260178,0.002362204716,4.35100076e-08
9.97,-0.565795161,-0.07896009236,0.004634175003,-0.003067134384,-0.04490615394,0.9989912098,0.002637792114,0.999996521,0,0,1.299196335,1.557583919,-1.474669714,1.754580796,0.5726375613,-0.2097157248,-0.2720845975,-1.313786596,1.6493361,1.081782294,1.328722596,0.4541179809,0.4330914404,-0.8321813376,0,0,0,0,0,0,0,0,0,0,0,0,0,0,0.008095082149,0.03692990311,0.008095082149,0.09507874027,0.1814266421,0.009921260178,0.002362204716,4.35100076e-08
