# L_phi_L=0.2534615385,L_phi_R=0.216491453
t,theta,s,theta_dot,s_dot,sin_phi_L,cos_phi_L,sin_phi_R,cos_phi_R,phi_dot_L,phi_dot_R,qL1,qL2,qL3,qL4,qL5,qL6,qL7,qR1,qR2,qR3,qR4,qR5,qR6,qR7,qdotL1,qdotL2,qdotL3,qdotL4,qdotL5,qdotL6,qdotL7,qdotR1,qdotR2,qdotR3,qdotR4,qdotR5,qdotR6,qdotR7,dL,dR,d_min,m_phi_minus_L,m_phi_minus_R,m_phi_plus_L,m_phi_plus_R,m_q
0,0.3365293406,-0.1483304358,-0.04092940531,0.02186706929,0,1,0.06994284734,0.9975510003,0,0,1.18725516,1.649336143,-1.351122697,1.083228854,-0.2312805935,0.3489499501,0.2583842786,-1.133513939,1.56318571,1.30735908,1.244427759,-0.2151509604,0.03152536672,-0.4144620219,0.0805685772,-0.02536856873,0.01812097362,0.1522831428,0.03548192312,-0.07468820917,0.02265342599,-0.07595721794,0.004525939994,0.008137765457,0.1113215569,0.0127505174,-0.03256831853,-0.005637114552,0.008308441638,0.0126457508,0.008308441638,0,0.035,0.165,0.14,0
0.01,0.336120016,-0.1481117578,-0.04093855322,0.02186926864,0,1,0.06994284734,0.9975510003,0,0,1.188060846,1.649082457,-1.350941488,1.084751686,-0.2309257743,0.348203068,0.2586108128,-1.134273511,1.563230969,1.307440458,1.245540975,-0.2150234552,0.03119968353,-0.414518393,0.08043820443,-0.02544228532,0.01807372082,0.1519998231,0.03544106404,-0.07455551234,0.0225362033,-0.0759393255,0.004560564614,0.008123276261,0.1112264192,0.01274490817,-0.03249314468,-0.005665234977,0.008308191493,0.01265741863,0.008308191493,0,0.035,0.165,0.14,0.0002536856873
0.02,0.3357105095,-0.147893036,-0.04096571812,0.02187579963,0,1,0.06994284734,0.9975510003,0,0,1.188865228,1.648828035,-1.35076075,1.086271684,-0.2305713637,0.3474575129,0.2588361749,-1.135032904,1.563276575,1.307521691,1.246653239,-0.2148960061,0.03087475209,-0.4145750454,0.08037189827,-0.0254614848,0.01805815366,0.1518597875,0.0354256147,-0.07449561837,0.02247174297,-0.07593756495,0.004599519375,0.008112964828,0.1111503192,0.01274656482,-0.03241964554,-0.005697005922,0.008307937145,0.0126692183,0.008307937145,0,0.035,0.165,0.14,0.0005081085405
0.03,0.335300643,-0.1476742277,-0.04101048398,0.02188656225,0,1,0.06994284734,0.9975510003,0,0,1.189668947,1.64857342,-1.350580169,1.087790282,-0.2302171075,0.3467125567,0.2590608923,-1.13579228,1.56332257,1.30760282,1.247764742,-0.2147685405,0.03055055563,-0.4146320154,0.08032122159,-0.02548957629,0.01804817853,0.1517538297,0.0354221571,-0.07445605139,0.02241231947,-0.07595156545,0.004642829409,0.008106862537,0.1110927333,0.01275516882,-0.0323476978,-0.005732250435,0.008307683821,0.01268116332,0.008307683821,0,0.035,0.165,0.14,0.0007627233886
0.04,0.3348902425,-0.147455291,-0.0410724376,0.02190145716,0,1,0.06994284734,0.9975510003,0,0,1.190472159,1.648318524,-1.350399687,1.08930782,-0.229862886,0.3459679962,0.2592850155,-1.136551796,1.563368999,1.307683889,1.24887567,-0.2146409888,0.03022707865,-0.4146893379,0.08028578151,-0.02552638142,0.01804359933,0.1516811158,0.03543035324,-0.07443630496,0.02235777283,-0.07598093322,0.004690421605,0.008104844367,0.1110531435,0.01277054612,-0.03227720522,-0.00577090544,0.008307431197,0.01269326734,0.008307431197,0,0.035,0.165,0.14,0.001017619151
0.05,0.3344791383,-0.1472361851,-0.04115116868,0.02192038572,0,1,0.06994284734,0.9975510003,0,0,1.191275017,1.64806326,-1.350219251,1.090824631,-0.2295085824,0.3452236331,0.2595085932,-1.137311605,1.563415903,1.307764937,1.249986201,-0.2145132833,0.0299043066,-0.414747047,0.08026512714,-0.02557169709,0.01804425484,0.1516406837,0.03544988161,-0.0744358326,0.02230791083,-0.07602527814,0.004742223219,0.008106787623,0.1110310378,0.01279252318,-0.03220807356,-0.005812906954,0.008307178958,0.0127055438,0.008307178958,0,0.035,0.165,0.14,0.001272882966
0.06,0.3340671646,-0.1470168701,-0.04124626979,0.02194324996,0,1,0.06994284734,0.9975510003,0,0,1.192077668,1.647807543,-1.350038808,1.092341038,-0.2291540836,0.3444792748,0.2597316723,-1.138071858,1.563463325,1.307846005,1.251096512,-0.2143853581,0.02958222587,-0.414805176,0.08025881359,-0.0256253216,0.01804998591,0.1516315841,0.03548042437,-0.07445409422,0.02226254504,-0.07608421351,0.004798161257,0.008112570879,0.11102591,0.01282092793,-0.03214021065,-0.005858190861,0.008306926798,0.01271800594,0.008306926798,0,0.035,0.165,0.14,0.001528599937
0.07,0.3336541597,-0.1467973073,-0.04135733639,0.02196995263,0,1,0.06994284734,0.9975510003,0,0,1.192880256,1.64755129,-1.349858309,1.093857354,-0.2287992794,0.3437347339,0.2599542978,-1.1388327,1.563511307,1.307927131,1.252206771,-0.2142571488,0.02926082376,-0.414863758,0.0802664018,-0.02568705464,0.01806063546,0.1516528796,0.03552166722,-0.07449055588,0.02222149066,-0.07615735606,0.004858162502,0.008122073958,0.1110372595,0.01285558977,-0.03207352634,-0.005906692927,0.008306674425,0.01273066677,0.008306674425,0,0.035,0.16,0.14,0.001784853153
0.08,0.333239966,-0.1465774586,-0.04148396679,0.02200039715,0,1,0.06994284734,0.9975510003,0,0,1.19368292,1.647294419,-1.349677702,1.095373883,-0.2284440627,0.3429898283,0.2601765127,-1.139594274,1.563559888,1.308008352,1.253317143,-0.2141285929,0.0289400885,-0.4149228249,0.08028745838,-0.0257566973,0.01807604839,0.1517036447,0.03557329939,-0.07454468972,0.02218456644,-0.07624432588,0.004922153535,0.00813517792,0.1110645916,0.01289633952,-0.03200793252,-0.005958348813,0.008306421555,0.01274353912,0.008306421555,0,0.035,0.16,0.14,0.002041723699
0.09,0.3328244298,-0.1463572872,-0.04162576219,0.02203448765,0,1,0.06994284734,0.9975510003,0,0,1.194485795,1.647036852,-1.349496942,1.096890919,-0.2280883297,0.3422443814,0.2603983584,-1.140356717,1.56360911,1.308089704,1.254427789,-0.2139996295,0.02862000917,-0.4149824084,0.08032155558,-0.02583405207,0.01809607161,0.1517829655,0.03563501355,-0.07461597391,0.02215159461,-0.07634474648,0.004990060764,0.008151765045,0.1111074169,0.01294300946,-0.03194334299,-0.006013094093,0.008306167915,0.01275663558,0.008306167915,0,0.035,0.16,0.14,0.002299290672
0.1,0.3324074015,-0.146136757,-0.04178232666,0.02207212894,0,1,0.06994284734,0.9975510003,0,0,1.19528901,1.646778512,-1.349315981,1.098408749,-0.2277319796,0.3414982217,0.2606198743,-1.141120164,1.56365901,1.308171221,1.255538863,-0.2138701994,0.02830057574,-0.4150425393,0.08036827119,-0.02591892283,0.01812055394,0.1518899397,0.03570650576,-0.07470389255,0.02212240078,-0.07645824466,0.005061810439,0.008171718826,0.1111652517,0.01299543333,-0.03187967351,-0.00607086426,0.008305913241,0.01276996856,0.008305913241,0,0.035,0.16,0.14,0.002557631193
0.11,0.3319887353,-0.1459158331,-0.04195326716,0.02211322651,0,1,0.06994284734,0.9975510003,0,0,1.196092693,1.646519323,-1.349134776,1.099927648,-0.2273749145,0.3407511828,0.2608410983,-1.141884747,1.563709629,1.308252938,1.256650516,-0.2137402451,0.02798177901,-0.415103248,0.08042718843,-0.02601111486,0.01814934614,0.1520236763,0.03578747548,-0.07480793563,0.02209681386,-0.0765844506,0.00513732868,0.008194923949,0.1112376178,0.01305344626,-0.0318168417,-0.006131594747,0.008305657281,0.01278355023,0.008305657281,0.01,0.035,0.16,0.135,0.002816820421
0.12,0.3315682895,-0.1456944813,-0.0421381935,0.02215768656,0,1,0.06994284734,0.9975510003,0,0,1.196896965,1.646259212,-1.348953282,1.101447885,-0.2270170397,0.3400031034,0.2610620665,-1.142650591,1.563761002,1.308334888,1.257762892,-0.2136097106,0.02766361059,-0.4151645639,0.08049789593,-0.02611043483,0.01818230086,0.1521832956,0.0358776255,-0.07492759895,0.02207466604,-0.07672299776,0.005216541487,0.008221266291,0.1113240423,0.01311688483,-0.03175476704,-0.006195220934,0.008305399792,0.01279739256,0.008305399792,0.01,0.035,0.16,0.135,0.00307693157
0.13,0.3311459262,-0.1454726685,-0.0423367184,0.02220541599,0,1,0.06994284734,0.9975510003,0,0,1.197701944,1.645998107,-1.348771459,1.102969718,-0.2266582635,0.3392538274,0.2612828131,-1.143417821,1.563813167,1.3084171,1.258876132,-0.2134785418,0.02734606292,-0.4152265161,0.0805799876,-0.02621669083,0.01821927261,0.1523679289,0.03597666188,-0.07506238407,0.02205579269,-0.07687352292,0.005299374765,0.008250632903,0.1114240579,0.01318558705,-0.03169337082,-0.00626167816,0.008305140541,0.01281150731,0.008305140541,0.01,0.035,0.16,0.135,0.003338035918
0.14,0.3307215111,-0.1452503624,-0.04254845741,0.02225632235,0,1,0.06994284734,0.9975510003,0,0,1.198507744,1.64573594,-1.348589266,1.104493397,-0.2262984969,0.3385032036,0.261503371,-1.144186556,1.563866161,1.308499607,1.259990373,-0.2133466859,0.02702912921,-0.4152891329,0.0806730626,-0.02632969232,0.01826011776,0.1525767185,0.03608429398,-0.07521179825,0.0220400323,-0.07703566612,0.005385754335,0.008282912004,0.1115372024,0.01325939233,-0.03163257614,-0.006330901736,0.008304879305,0.01282590601,0.008304879305,0.01,0.035,0.155,0.135,0.003600202826
0.15,0.3302949142,-0.1450275317,-0.04277302901,0.02231031393,0,1,0.06994284734,0.9975510003,0,0,1.199314474,1.645472643,-1.348406665,1.106019164,-0.2259376539,0.3377510856,0.2617237714,-1.144956913,1.563920019,1.308582436,1.261105745,-0.213214092,0.02671280345,-0.4153524419,0.08077672527,-0.02644925019,0.0183046945,0.1528088175,0.03620023435,-0.0753753544,0.02202722643,-0.07720907068,0.005475605955,0.008317992972,0.111663019,0.0133381415,-0.03157230783,-0.006402826954,0.008304615871,0.01284059999,0.008304615871,0.01,0.035,0.155,0.135,0.003863499749
0.16,0.329866009,-0.1448041461,-0.04301005451,0.02236729968,0,1,0.06994284734,0.9975510003,0,0,1.200122242,1.645208151,-1.348223618,1.107547253,-0.2255756516,0.336997332,0.2619440436,-1.145729004,1.563974775,1.308665616,1.262222375,-0.2130807106,0.02639708037,-0.4154164702,0.08089058504,-0.02657517671,0.01835286282,0.1530633896,0.03632419878,-0.07555257103,0.02201721968,-0.07739338316,0.005568855326,0.008355766341,0.1118010561,0.01342167679,-0.03151249248,-0.006477389098,0.008304350034,0.01285560036,0.008304350034,0.01,0.035,0.155,0.135,0.004127992251
0.17,0.3294346729,-0.1445801761,-0.04325915811,0.02242718926,0,1,0.06994284734,0.9975510003,0,0,1.200931147,1.644942399,-1.34804009,1.109077886,-0.2252124096,0.3362418063,0.2621642158,-1.146502938,1.564030463,1.308749173,1.263340386,-0.2129464938,0.02608195545,-0.4154812441,0.08101425645,-0.02670728555,0.0184044845,0.1533396093,0.0364559062,-0.07574297221,0.02200985959,-0.07758825336,0.005665428111,0.008396123786,0.1119508674,0.01350984184,-0.0314530584,-0.006554523454,0.0083040816,0.01287091799,0.0083040816,0.01,0.035,0.155,0.135,0.004393744018
0.18,0.3290007869,-0.144355593,-0.04351996689,0.022489893,0,1,0.06994284734,0.9975510003,0,0,1.20174129,1.644675326,-1.347856045,1.110611283,-0.2248478505,0.3354843766,0.2623843144,-1.14727882,1.564087117,1.308833135,1.264459895,-0.2128113954,0.02576742486,-0.4155467893,0.08114735902,-0.02684539178,0.01845942308,0.1536366615,0.03659507872,-0.07594608748,0.02200499667,-0.0777933343,0.005765249944,0.008438958125,0.1121120118,0.01360248169,-0.03139393556,-0.006634165315,0.008303810384,0.01288656357,0.008303810384,0.01,0.035,0.155,0.135,0.004660816874
0.19,0.3285642358,-0.1441303691,-0.04379211081,0.02255532193,0,1,0.06994284734,0.9975510003,0,0,1.202552764,1.644406872,-1.34767145,1.112147649,-0.2244818998,0.3347249157,0.2626043644,-1.148056754,1.56414477,1.308917524,1.265581015,-0.2126753706,0.02545348551,-0.415613131,0.08128951723,-0.02698931186,0.01851754387,0.1539537414,0.03674144155,-0.07616145189,0.02200248429,-0.07800828223,0.005868246443,0.008484163312,0.1122840531,0.01369944279,-0.03133505562,-0.006716249999,0.008303536211,0.01290254754,0.008303536211,0.01,0.035,0.155,0.135,0.004929270792
0.2,0.3281249081,-0.1439044777,-0.0440752227,0.02262338779,0,1,0.06994284734,0.9975510003,0,0,1.203365659,1.644136979,-1.347486275,1.113687187,-0.2241144853,0.3339633012,0.2628243892,-1.148836836,1.564203452,1.309002366,1.266703855,-0.2125383761,0.02514013495,-0.4156802935,0.08144036049,-0.02713886366,0.01857871391,0.1542900547,0.03689472303,-0.07638860588,0.02200217868,-0.07823275658,0.005974343217,0.00853163443,0.1124665604,0.01380057295,-0.0312763519,-0.006800712848,0.008303258914,0.01291888014,0.008303258914,0.01,0.035,0.155,0.135,0.00519916391
0.21,0.327682696,-0.1436778929,-0.04436893826,0.02269400298,0,1,0.06994284734,0.9975510003,0,0,1.204180062,1.643865591,-1.347300488,1.115230087,-0.2237455381,0.3331994152,0.263044411,-1.149619164,1.564263196,1.309087682,1.267828521,-0.2124003704,0.02482737143,-0.4157483006,0.08159952308,-0.02729386643,0.01864280197,0.1546448171,0.03705465455,-0.07662709528,0.02200393888,-0.07846641998,0.006083465878,0.008581267691,0.112659108,0.01390572142,-0.03121775934,-0.006887489242,0.008302978336,0.01293557137,0.008302978336,0.01,0.035,0.155,0.135,0.005470552547
0.22,0.3272374952,-0.1434505895,-0.04467289607,0.02276708062,0,1,0.06994284734,0.9975510003,0,0,1.204996058,1.643592652,-1.34711406,1.116776535,-0.2233749916,0.3324331442,0.2632644504,-1.150403828,1.56432403,1.309173495,1.268955112,-0.2122613132,0.02451519384,-0.4158171755,0.08176664411,-0.02745414082,0.01870967853,0.1550172545,0.03722097061,-0.07687647126,0.02200762669,-0.07870893823,0.006195540046,0.008632960431,0.1128612749,0.0140147388,-0.03115921448,-0.006976514607,0.00830269433,0.01295263103,0.00830269433,0.015,0.035,0.15,0.135,0.005743491211
0.23,0.3267892051,-0.1432225433,-0.04498673759,0.02284253451,0,1,0.06994284734,0.9975510003,0,0,1.205813724,1.643318111,-1.346926963,1.118326708,-0.2230027819,0.3316643795,0.2634845267,-1.151190918,1.564385986,1.309259824,1.270083725,-0.2121211658,0.02420360169,-0.4158869406,0.08194136749,-0.02761950886,0.01877921575,0.155406603,0.03739340871,-0.0771362903,0.02201310671,-0.07895998032,0.00631049136,0.008686611108,0.1130726454,0.01412747708,-0.03110065549,-0.00706772442,0.008302406755,0.0129700687,0.008302406755,0.015,0.035,0.15,0.135,0.006018032619
0.24,0.3263377287,-0.1429937311,-0.04531010714,0.02292027913,0,1,0.06994284734,0.9975510003,0,0,1.206633138,1.643041915,-1.346739171,1.119880774,-0.2226288478,0.3308930166,0.2637046577,-1.151980517,1.564449091,1.309346691,1.271214451,-0.211979891,0.02389259514,-0.4159576179,0.08212334189,-0.02778979397,0.01885128751,0.1558121084,0.03757170943,-0.07740611417,0.02202024619,-0.07921921838,0.006428245482,0.008742119301,0.1132928088,0.01424378965,-0.03104202212,-0.007161054217,0.008302115482,0.01298789371,0.008302115482,0.015,0.035,0.15,0.135,0.006294227708
0.25,0.3258829724,-0.1427641304,-0.04564265194,0.02300022966,0,1,0.06994284734,0.9975510003,0,0,1.207454371,1.642764017,-1.346550658,1.121438895,-0.2222531307,0.3301189554,0.2639248602,-1.15277271,1.564513373,1.309434112,1.272347379,-0.2118374531,0.02358217492,-0.4160292284,0.0823122207,-0.02796482097,0.01892576934,0.1562330268,0.03775561633,-0.07768550986,0.02202891513,-0.0794863277,0.006548728106,0.008799385709,0.1135213591,0.01436353129,-0.03098325567,-0.007256439603,0.008301820389,0.01300611521,0.008301820389,0.015,0.035,0.15,0.135,0.006572125648
0.26,0.3254248462,-0.1425337195,-0.04598402207,0.02308230199,0,1,0.06994284734,0.9975510003,0,0,1.208277493,1.642484369,-1.3463614,1.123001225,-0.2218755745,0.3293421003,0.2641451494,-1.153567573,1.564578861,1.309522106,1.273482593,-0.2116938178,0.02327234236,-0.4161017928,0.08250766202,-0.02814441607,0.01900253847,0.1566686237,0.03794487599,-0.07797404959,0.02203898617,-0.07976098671,0.006671864959,0.008858312148,0.1137578956,0.01448655812,-0.03092429904,-0.007353816257,0.008301521364,0.0130247421,0.008301521364,0.015,0.035,0.15,0.135,0.006851773857
0.27,0.3249632637,-0.1423024776,-0.04633387049,0.02316641266,0,1,0.06994284734,0.9975510003,0,0,1.20910257,1.642202925,-1.346171375,1.124567911,-0.2214961258,0.3285623598,0.2643655392,-1.154365183,1.564645579,1.309610689,1.274620172,-0.2115489523,0.02296309937,-0.416175331,0.08270932861,-0.02832840682,0.01908147375,0.1571181747,0.03813923797,-0.07827131074,0.02205033459,-0.080042877,0.006797581813,0.008918801555,0.1140020222,0.01461272767,-0.03086509664,-0.007453119938,0.008301218301,0.01304378306,0.008301218301,0.015,0.035,0.15,0.135,0.007133218018
0.28,0.3244981417,-0.1420703847,-0.04669185302,0.02325247894,0,1,0.06994284734,0.9975510003,0,0,1.209929663,1.641919641,-1.34598056,1.126139093,-0.2211147334,0.3277796467,0.2645860426,-1.155165611,1.564713555,1.309699877,1.275760192,-0.211402825,0.0226544484,-0.4162498622,0.08291688785,-0.0285166222,0.0191624557,0.1575809649,0.03833845483,-0.07857687585,0.0220628383,-0.08033168325,0.00692580448,0.008980757984,0.1142533481,0.01474189885,-0.03080559446,-0.007554286496,0.008300911107,0.01306324656,0.008300911107,0.015,0.035,0.15,0.135,0.007416502086
0.29,0.3240294006,-0.1418374217,-0.04705762838,0.02334041878,0,1,0.06994284734,0.9975510003,0,0,1.210758832,1.641634475,-1.345788936,1.127714903,-0.2207313488,0.326993878,0.2648066709,-1.155968928,1.564782813,1.309789684,1.276902725,-0.211255406,0.02234639246,-0.416325405,0.08313001175,-0.02870889253,0.0192453665,0.1580562892,0.03854228208,-0.07889033261,0.02207637781,-0.08062709328,0.007056458824,0.00904408661,0.1145114869,0.01487393192,-0.03074573999,-0.007657251874,0.008300599692,0.01308314083,0.008300599692,0.015,0.035,0.145,0.135,0.007701668308
0.3,0.3235569643,-0.1416035703,-0.04743085816,0.02343015081,0,1,0.06994284734,0.9975510003,0,0,1.211590132,1.641347386,-1.345596482,1.129295466,-0.220345926,0.3262049747,0.2650274347,-1.156775199,1.564853378,1.309880125,1.27804784,-0.2111066667,0.02203893506,-0.4164019776,0.08334837692,-0.02890504954,0.01933008994,0.1585434521,0.03875047819,-0.07921127375,0.02209083622,-0.08092879805,0.007189470764,0.009108693728,0.1147760574,0.01500868855,-0.03068548227,-0.007761952115,0.008300283979,0.01310347389,0.008300283979,0.015,0.035,0.145,0.135,0.007988757234
0.31,0.3230807597,-0.141368813,-0.04781120681,0.02352159437,0,1,0.06994284734,0.9975510003,0,0,1.212423616,1.641058335,-1.345403181,1.1308809,-0.2199584212,0.3254128619,0.2652483431,-1.157584487,1.564925272,1.309971212,1.279195601,-0.2109565798,0.02173208024,-0.4164795971,0.0835716645,-0.02910492629,0.01941651143,0.1590417676,0.03896280457,-0.07953929713,0.02210609918,-0.08123649158,0.007324766269,0.009174486757,0.1150466833,0.01514603173,-0.03062477182,-0.007868323372,0.008299963896,0.01312425354,0.008299963896,0.015,0.035,0.145,0.135,0.008277807729
0.32,0.3226007175,-0.141133133,-0.04819834167,0.02361466946,0,1,0.06994284734,0.9975510003,0,0,1.213259333,1.640767286,-1.345209016,1.132471318,-0.2195687932,0.3246174689,0.2654694041,-1.158396852,1.56499852,1.310062957,1.280346068,-0.2108051195,0.02142583252,-0.4165582803,0.0837995602,-0.02930835724,0.01950451804,0.1595505591,0.03917902558,-0.07987400563,0.02212205489,-0.08154987102,0.007462271372,0.009241374239,0.115322993,0.01528582588,-0.03056356069,-0.007976301911,0.008299639382,0.01314548734,0.008299639382,0.02,0.035,0.145,0.13,0.008568856992
0.33,0.3221167714,-0.1408965144,-0.04859193295,0.02370929681,0,1,0.06994284734,0.9975510003,0,0,1.214097328,1.640474203,-1.345013971,1.134066824,-0.2191770029,0.3238187289,0.2656906246,-1.159212351,1.565073143,1.310155371,1.281499298,-0.2106522612,0.02112019691,-0.4166380433,0.08403175423,-0.02951517821,0.01959399841,0.1600691596,0.0393989085,-0.08021500713,0.02213859408,-0.08186863663,0.007601912164,0.009309265843,0.1156046196,0.01542793676,-0.03050180244,-0.008085824118,0.008299310381,0.01316718265,0.008299310381,0.02,0.035,0.145,0.13,0.008861940564
0.34,0.3216288584,-0.1406589422,-0.04899165374,0.02380539782,0,1,0.06994284734,0.9975510003,0,0,1.214937646,1.640179051,-1.344818031,1.135667515,-0.2187830138,0.3230165788,0.2659120106,-1.160031037,1.565149162,1.310248463,1.282655344,-0.2104979818,0.02081517889,-0.4167189016,0.08426794131,-0.02972522638,0.01968484283,0.1605969115,0.03962222355,-0.08056191454,0.02215561002,-0.08219249172,0.007743614799,0.009378072369,0.1158912012,0.01557223148,-0.03043945211,-0.008196826507,0.008298976847,0.01318934657,0.008298976847,0.02,0.035,0.145,0.13,0.009157092346
0.35,0.321136919,-0.1404204018,-0.04939718,0.02390289458,0,1,0.06994284734,0.9975510003,0,0,1.215780325,1.639881799,-1.344621182,1.137273484,-0.2183867916,0.3222109597,0.2661335667,-1.160852962,1.565226598,1.310342244,1.283814256,-0.2103422595,0.02051078437,-0.4168008698,0.08450782063,-0.02993834028,0.01977694316,0.1611331663,0.03984874385,-0.08091434573,0.02217299846,-0.08252114272,0.007887305497,0.009447705748,0.1161823807,0.01571857856,-0.03037646622,-0.008309245724,0.008298638742,0.01321198601,0.008298638742,0.02,0.035,0.145,0.13,0.00945434461
0.36,0.3206408965,-0.1401808799,-0.04980819057,0.02400170989,0,1,0.06994284734,0.9975510003,0,0,1.216625403,1.639582415,-1.344423413,1.138884816,-0.2179883042,0.3214018162,0.2663552967,-1.161678173,1.565305471,1.310436721,1.28497608,-0.2101850737,0.0202070197,-0.4168839623,0.08475109585,-0.03015435982,0.01987019288,0.1616772851,0.0400782454,-0.08127192352,0.02219065762,-0.08285429912,0.008032910545,0.009518079047,0.1164778057,0.01586684787,-0.03031280281,-0.008423018552,0.008298296033,0.01323510763,0.008298296033,0.02,0.035,0.14,0.13,0.009753728013
0.37,0.3201407379,-0.1399403635,-0.05022436716,0.02410176721,0,1,0.06994284734,0.9975510003,0,0,1.217472914,1.639280872,-1.344224711,1.140501589,-0.2175875217,0.320589097,0.2665772032,-1.162506716,1.5653858,1.310531902,1.286140858,-0.2100264053,0.01990389167,-0.4169681925,0.08499747506,-0.03037312624,0.01996448705,0.1622286382,0.04031050716,-0.08163427566,0.02220848824,-0.08319167349,0.008180356295,0.00958910647,0.1167771285,0.01601691063,-0.03024842137,-0.008538081921,0.008297948699,0.0132587179,0.008297948699,0.02,0.035,0.14,0.13,0.01005527161
0.38,0.319636393,-0.1396988407,-0.05064539437,0.02420299071,0,1,0.06994284734,0.9975510003,0,0,1.218322889,1.63897714,-1.344025066,1.142123875,-0.2171844166,0.3197727542,0.2667992881,-1.163338633,1.565467604,1.310627793,1.287308629,-0.2098662362,0.01960140746,-0.4170535733,0.08524667078,-0.03059448215,0.02005972234,0.1627866049,0.04054531091,-0.08200103479,0.0222263935,-0.08353298148,0.008329569172,0.009660703367,0.1170800063,0.01616863945,-0.03018328286,-0.008654372911,0.008297596724,0.01328282302,0.008297596724,0.02,0.035,0.14,0.13,0.01035900287
0.39,0.3191278149,-0.1394563,-0.05107095965,0.02430530526,0,1,0.06994284734,0.9975510003,0,0,1.219175356,1.638671195,-1.343824469,1.143751741,-0.2167789635,0.3189527439,0.267021552,-1.164173963,1.565550899,1.3107244,1.288479429,-0.2097045498,0.01929957463,-0.417140117,0.08549839995,-0.0308182715,0.02015579697,0.1633505739,0.04078244138,-0.08237183847,0.02224427902,-0.08387794178,0.008480475669,0.009732786232,0.117386101,0.0163219083,-0.03011734974,-0.008771828759,0.008297240098,0.01330742899,0.008297240098,0.02,0.035,0.14,0.13,0.0106649477
0.4,0.3186149597,-0.1392127312,-0.05150075335,0.02440863641,0,1,0.06994284734,0.9975510003,0,0,1.22003034,1.638363013,-1.343622911,1.145385247,-0.2163711391,0.3181290255,0.2672439948,-1.165012742,1.565635704,1.310821728,1.28965329,-0.2095413307,0.01899840114,-0.4172278353,0.08575238387,-0.03104433959,0.02025261077,0.163919943,0.04102168614,-0.08274632908,0.02226205287,-0.08422627616,0.008633002352,0.009805272711,0.1176950791,0.0164765925,-0.03005058591,-0.008890386864,0.008296878821,0.01333254159,0.008296878821,0.02,0.035,0.14,0.13,0.01097313041
0.41,0.3180977868,-0.1389681242,-0.05193446868,0.0245129104,0,1,0.06994284734,0.9975510003,0,0,1.220887864,1.638052569,-1.343420385,1.147024446,-0.2159609223,0.3173015622,0.2674666154,-1.165855005,1.565722034,1.310919781,1.290830241,-0.2093765648,0.01869789528,-0.4173167392,0.08600834823,-0.03127253304,0.02035006512,0.164494119,0.04126283563,-0.08312415386,0.02227962556,-0.08457770943,0.008787075858,0.009878081603,0.1180066121,0.01663256875,-0.02998295676,-0.009009984796,0.0082965129,0.01335816635,0.0082965129,0.02,0.035,0.14,0.13,0.01128357381
0.42,0.3175762583,-0.1387224701,-0.05237180174,0.02461805416,0,1,0.06994284734,0.9975510003,0,0,1.221747947,1.637739844,-1.343216884,1.148669388,-0.2155482939,0.3164703207,0.2676894116,-1.166700782,1.565809905,1.311018561,1.292010307,-0.2092102391,0.01839806571,-0.417406839,0.08626602308,-0.03150269983,0.020448063,0.1650725178,0.04150568319,-0.08350496488,0.02229690999,-0.08493196945,0.008942622898,0.009951132866,0.1183203758,0.01678971511,-0.02991442913,-0.009130560298,0.008296142347,0.01338123106,0.008296142347,0.025,0.035,0.135,0.13,0.01159629914
0.43,0.3170503397,-0.1384757604,-0.05281245148,0.02472399532,0,1,0.06994284734,0.9975510003,0,0,1.222610607,1.637424817,-1.343012404,1.150320113,-0.2151332371,0.315635271,0.2679123807,-1.167550102,1.565899331,1.311118073,1.293193511,-0.2090423419,0.01809892142,-0.4174981446,0.08652514281,-0.03173468927,0.02054650893,0.1656545643,0.04175002498,-0.08388841898,0.02231382149,-0.08528878714,0.009099570259,0.01002434762,0.118636051,0.016947911,-0.0298449713,-0.009252051297,0.008295767183,0.01340170311,0.008295767183,0.025,0.035,0.135,0.13,0.01191132613
0.44,0.3165199992,-0.1382279877,-0.05325611977,0.0248306622,0,1,0.06994284734,0.9975510003,0,0,1.223475859,1.63710747,-1.342806939,1.151976658,-0.2147157368,0.3147963868,0.2681355189,-1.16840299,1.565990327,1.311218316,1.294379871,-0.2088728628,0.0178004717,-0.4175906651,0.08678544611,-0.031968352,0.020645309,0.1662396922,0.04199566003,-0.08427417781,0.02233027776,-0.08564789644,0.0092578448,0.01009764816,0.118953323,0.0171070372,-0.02977455302,-0.009374395904,0.008295387436,0.01342267142,0.008295387436,0.025,0.035,0.135,0.13,0.01222867303
0.45,0.3159852082,-0.137979145,-0.0537025113,0.02493798381,0,1,0.06994284734,0.9975510003,0,0,1.224343713,1.636787787,-1.342600485,1.153639055,-0.2142957802,0.313953645,0.2683588217,-1.169259469,1.566082905,1.311319293,1.295569404,-0.2087017924,0.01750272617,-0.4176844091,0.08704667601,-0.03220354,0.02074437085,0.1668273445,0.04224239021,-0.08466190775,0.0223461989,-0.08600903434,0.009417373459,0.01017095795,0.1192718821,0.01726697586,-0.02970314551,-0.009497532425,0.00829500314,0.01344414044,0.00829500314,0.025,0.035,0.135,0.13,0.01254835655
0.46,0.3154459409,-0.1377292261,-0.05415133368,0.02504588984,0,1,0.06994284734,0.9975510003,0,0,1.22521418,1.636465751,-1.342393042,1.155307329,-0.2138733563,0.313107026,0.2685822837,-1.170119559,1.566177079,1.311421002,1.296762123,-0.2085291227,0.01720569472,-0.4177793844,0.08730857981,-0.03244010654,0.02084360369,0.1674169728,0.04249002025,-0.08505127993,0.02236150736,-0.08637194084,0.00957808325,0.01024420162,0.1195914228,0.01742761049,-0.02963072141,-0.009621399367,0.008294614335,0.01346611443,0.008294614335,0.025,0.035,0.135,0.13,0.01287039195
0.47,0.3149021744,-0.1374782255,-0.05460229738,0.02515431069,0,1,0.06994284734,0.9975510003,0,0,1.226087266,1.63614135,-1.342184606,1.156981498,-0.2134484561,0.3122565132,0.2688058988,-1.170983279,1.56627286,1.311523444,1.297958037,-0.2083548466,0.0169093875,-0.4178755984,0.08757090911,-0.03267790626,0.02094291826,0.1680080375,0.04273835768,-0.08544197018,0.02237612797,-0.08673635898,0.009739901267,0.010317305,0.1199116445,0.01758882594,-0.02955725481,-0.009745935442,0.00829422107,0.01348859743,0.00829422107,0.025,0.035,0.135,0.13,0.01319479301
0.48,0.3143538888,-0.1372261384,-0.05505511574,0.02526317743,0,1,0.06994284734,0.9975510003,0,0,1.226962975,1.635814571,-1.341975177,1.158661579,-0.2130210725,0.3114020935,0.2690296601,-1.171850642,1.566370259,1.311626617,1.299157154,-0.2081789583,0.01661381496,-0.4179730578,0.08783341973,-0.03291679508,0.02104222686,0.168600008,0.04298721287,-0.08583365903,0.02238998789,-0.08710203482,0.00990275468,0.01039019509,0.1202322513,0.01775050844,-0.02948272126,-0.009871079575,0.008293823398,0.01351159329,0.008293823398,0.025,0.035,0.135,0.13,0.01352157208
0.49,0.3138010668,-0.1369729607,-0.05550950498,0.02537242185,0,1,0.06994284734,0.9975510003,0,0,1.227841309,1.635485403,-1.341764754,1.160347579,-0.2125912004,0.3105437569,0.2692535599,-1.172721663,1.566469286,1.311730519,1.300359476,-0.2080014532,0.01631898774,-0.4180717686,0.08809587176,-0.03315663025,0.02114144331,0.1691923624,0.04323639902,-0.08622603169,0.02240301662,-0.08746871743,0.01006657074,0.0104628001,0.1205529517,0.01791254558,-0.02940709773,-0.00999677091,0.008293421379,0.01353510564,0.008293421379,0.025,0.035,0.13,0.13,0.01385074003
0.5,0.3132436944,-0.1367186889,-0.05596518419,0.0254819764,0,1,0.06994284734,0.9975510003,0,0,1.228722268,1.635153837,-1.34155334,1.162039503,-0.2121588364,0.3096814966,0.2694775901,-1.17359635,1.566569952,1.311835147,1.301565006,-0.2078223278,0.01602491677,-0.4181717363,0.08835802951,-0.03339727036,0.02124048298,0.1697845873,0.04348573213,-0.08661877801,0.02241514599,-0.08783615889,0.01023127679,0.01053504941,0.120873459,0.01807482631,-0.02933036263,-0.01012294881,0.00829301508,0.01355913792,0.00829301508,0.025,0.035,0.13,0.125,0.01418230633
0.51,0.3126817598,-0.1364633204,-0.05642187536,0.02559177425,0,1,0.06994284734,0.9975510003,0,0,1.229605848,1.634819864,-1.341340935,1.163737348,-0.2117239791,0.3088153088,0.2697017416,-1.174474711,1.566672265,1.311940498,1.302773741,-0.2076415795,0.01573161314,-0.4182729658,0.08861966151,-0.03363857526,0.02133926276,0.1703761782,0.04373503099,-0.08701159246,0.02242631012,-0.08820411429,0.01039680025,0.01060687363,0.121193491,0.01823724092,-0.02925249582,-0.01024955289,0.008292604573,0.01358369336,0.008292604573,0.025,0.035,0.13,0.125,0.01451627903
0.52,0.3121152544,-0.1362068529,-0.05687930332,0.02570174924,0,1,0.06994284734,0.9975510003,0,0,1.230492045,1.634483478,-1.341127542,1.16544111,-0.2112866288,0.3079451929,0.2699260047,-1.175356752,1.566776233,1.312046567,1.303985675,-0.2074592071,0.01543908818,-0.4183754613,0.08888054045,-0.03388040614,0.02143770108,0.1709666392,0.0439841172,-0.08740417414,0.02243644544,-0.08857234171,0.01056306861,0.01067820455,0.1215127701,0.01839968107,-0.02917347856,-0.01037652298,0.008292189938,0.01360877497,0.008292189938,0.03,0.035,0.13,0.125,0.01485266478
0.53,0.3115441722,-0.135949285,-0.0573371958,0.0258118359,0,1,0.06994284734,0.9975510003,0,0,1.23138085,1.634144674,-1.340913165,1.167150777,-0.2108467876,0.3070711511,0.2701503691,-1.176242476,1.566881864,1.312153349,1.305200803,-0.2072752103,0.0151473534,-0.4184792265,0.08914044323,-0.03412262549,0.02153571787,0.171555483,0.04423281515,-0.08779622673,0.02244549066,-0.08894060225,0.01073000948,0.01074897519,0.1218310234,0.01856203977,-0.02909329355,-0.01050379917,0.00829177126,0.01363438558,0.00829177126,0.03,0.035,0.13,0.125,0.01519146885
0.54,0.3109685098,-0.135690616,-0.05779528339,0.02592196948,0,1,0.06994284734,0.9975510003,0,0,1.232272255,1.633803448,-1.340697808,1.168866331,-0.2104044595,0.3061931888,0.270374824,-1.177131882,1.566989164,1.312260838,1.306419113,-0.2070895899,0.01485642046,-0.4185842645,0.08939915087,-0.0343650971,0.02163323458,0.1721422308,0.044480952,-0.08818745844,0.02245338676,-0.08930865996,0.01089755053,0.01081911976,0.1221479823,0.01872421139,-0.02901192493,-0.01063132179,0.008291348627,0.01366052779,0.008291348627,0.03,0.04,0.13,0.125,0.0155326951
0.55,0.3103882667,-0.1354308457,-0.05825329958,0.02603208589,0,1,0.06994284734,0.9975510003,0,0,1.233166246,1.633459797,-1.340481476,1.170587754,-0.2099596499,0.3053113143,0.2705993579,-1.178024968,1.567098139,1.31236903,1.307640593,-0.2069023478,0.01456630121,-0.4186905777,0.08965644856,-0.03460768605,0.02173017418,0.1727264122,0.04472835767,-0.08857758208,0.02246007697,-0.08967628191,0.01106561955,0.01088857372,0.122463383,0.01888609166,-0.02892935822,-0.01075903145,0.008290922137,0.013687204,0.008290922137,0.03,0.04,0.125,0.125,0.01587634607
0.56,0.309803445,-0.1351699745,-0.0587109807,0.02614212174,0,1,0.06994284734,0.9975510003,0,0,1.234062811,1.63311372,-1.340264174,1.172315018,-0.2095123664,0.3044255384,0.2708239587,-1.178921731,1.567208795,1.312477915,1.308865227,-0.2067134869,0.01427700763,-0.4187981681,0.08991212559,-0.03485025875,0.02182646113,0.1733075655,0.04497486487,-0.08896631492,0.02246550676,-0.09004323812,0.01123414439,0.01095727373,0.1227769661,0.01904757764,-0.02884558039,-0.010886869,0.008290491891,0.0137144164,0.008290491891,0.03,0.04,0.125,0.125,0.01622242293
0.57,0.3092140491,-0.1349080037,-0.05916806599,0.02625201434,0,1,0.06994284734,0.9975510003,0,0,1.234961932,1.632765218,-1.340045909,1.174048094,-0.2090626177,0.3035358753,0.2710486137,-1.179822164,1.567321137,1.312587488,1.310092997,-0.2065230111,0.01398855183,-0.4189070367,0.09016597535,-0.03509268286,0.02192202139,0.1738852371,0.04522030904,-0.08935337877,0.02246962383,-0.09040930162,0.01140305303,0.01102515769,0.1230884768,0.01920856778,-0.02876057979,-0.01101477558,0.008290057996,0.01374216698,0.008290057996,0.03,0.04,0.125,0.125,0.01657092552
0.58,0.3086200865,-0.1346449349,-0.05962429755,0.02636170169,0,1,0.06994284734,0.9975510003,0,0,1.235863592,1.632414291,-1.339826689,1.175786946,-0.2086104146,0.3026423415,0.27127331,-1.180726257,1.567435167,1.31269774,1.311323881,-0.2063309254,0.01370094603,-0.4190171845,0.09041779532,-0.03533482737,0.02201678243,0.174458982,0.04546452835,-0.08973849989,0.02247237807,-0.09077424837,0.01157227352,0.01109216471,0.1233976647,0.01936896185,-0.02867434619,-0.01114269262,0.008289620564,0.0137704575,0.008289620564,0.03,0.04,0.125,0.125,0.01692185235
0.59,0.3080215669,-0.1343807706,-0.06007942034,0.02647112247,0,1,0.06994284734,0.9975510003,0,0,1.236767769,1.632060943,-1.339606521,1.177531536,-0.2081557693,0.3017449565,0.2714980337,-1.181633999,1.56755089,1.312808661,1.312557858,-0.2061372358,0.01341420257,-0.4191286114,0.09066738702,-0.03557656252,0.02211067317,0.1750283634,0.04570736372,-0.090121409,0.02247372159,-0.09113785731,0.01174173406,0.01115823516,0.123704284,0.01952866097,-0.02858687075,-0.0112705618,0.008289179713,0.01379928954,0.008289179713,0.03,0.04,0.125,0.125,0.01727520062
0.6,0.3074185026,-0.1341155136,-0.06053318223,0.02658021606,0,1,0.06994284734,0.9975510003,0,0,1.237674443,1.631705177,-1.339385415,1.179281819,-0.2076986957,0.3008437424,0.271722771,-1.182545378,1.567668307,1.312920244,1.313794901,-0.2059419492,0.01312833386,-0.419241317,0.09091455603,-0.03581775989,0.02220362405,0.1755929528,0.04594865879,-0.09050184124,0.02247360865,-0.09149991034,0.0119113629,0.01122331063,0.1240080933,0.01968756763,-0.02849814603,-0.01139832514,0.008288735564,0.01382866445,0.008288735564,0.03,0.04,0.125,0.125,0.01763096625
0.61,0.3068109086,-0.1338491675,-0.06098533394,0.02668892252,0,1,0.06994284734,0.9975510003,0,0,1.238583589,1.631346999,-1.339163378,1.181037749,-0.2072392091,0.299938724,0.271947507,-1.183460377,1.567787421,1.313032477,1.315034982,-0.2057450735,0.0128433524,-0.4193553003,0.09115911193,-0.0360582923,0.02229556696,0.17615233,0.04618825989,-0.09087953617,0.02247199568,-0.09186019229,0.01208108845,0.01128733398,0.1243088558,0.01984558565,-0.02840816596,-0.01152592494,0.008288288245,0.01385858336,0.008288288245,0.035,0.04,0.12,0.125,0.01798914385
0.62,0.3061988021,-0.1335817366,-0.06143562907,0.02679718263,0,1,0.06994284734,0.9975510003,0,0,1.23949518,1.630986416,-1.338940423,1.182799272,-0.2067773265,0.2990299286,0.272172227,-1.184378979,1.567908232,1.31314535,1.31627807,-0.2055466176,0.01255927074,-0.4194705595,0.09140086831,-0.03629803389,0.02238643524,0.1767060828,0.04642601607,-0.0912542377,0.02246884124,-0.09221849097,0.01225083921,0.01135024928,0.124606339,0.02000262021,-0.02831692588,-0.01165330381,0.008287837888,0.01388904723,0.008287837888,0.035,0.04,0.12,0.125,0.01834972677
0.63,0.305582203,-0.1333132256,-0.0618838241,0.02690493784,0,1,0.06994284734,0.9975510003,0,0,1.240409189,1.630623436,-1.338716558,1.184566333,-0.2063130664,0.2981173863,0.2723969154,-1.185301164,1.56803074,1.313258853,1.317524134,-0.2053465914,0.01227610148,-0.4195870926,0.09163964273,-0.03653686004,0.02247616373,0.1772538072,0.04666177905,-0.09162569414,0.02246410603,-0.09257459708,0.01242054381,0.01141200187,0.1249003149,0.02015857782,-0.02822442248,-0.01178040467,0.00828738463,0.01392005676,0.00828738463,0.035,0.04,0.12,0.125,0.01871270711
0.64,0.3049611334,-0.1330436397,-0.06232967839,0.02701213028,0,1,0.06994284734,0.9975510003,0,0,1.241325585,1.630258067,-1.338491797,1.186338871,-0.2058464486,0.2972011293,0.2726215565,-1.18622691,1.568154946,1.313372973,1.318773137,-0.2051450057,0.01199385725,-0.4197048966,0.09187525668,-0.03677464746,0.02256468869,0.1777951072,0.04689540324,-0.09199365808,0.02245775282,-0.09292830428,0.01259013099,0.01147253833,0.1251905598,0.02031336634,-0.02813065382,-0.01190717078,0.008286928611,0.01395161247,0.008286928611,0.035,0.04,0.12,0.125,0.01907807571
0.65,0.304335618,-0.132772985,-0.06277295416,0.02711870279,0,1,0.06994284734,0.9975510003,0,0,1.242244338,1.629890321,-1.33826615,1.188116822,-0.2053774945,0.2962811927,0.272846134,-1.187156193,1.568280847,1.313487698,1.320025043,-0.204941872,0.01171255072,-0.4198239683,0.09210753561,-0.03701127411,0.02265194784,0.178329595,0.04712674568,-0.09235788647,0.02244974649,-0.09327940917,0.01275952964,0.01153180651,0.1254768545,0.02046689498,-0.02803561933,-0.01203354574,0.008286469978,0.01398371467,0.008286469978,0.035,0.04,0.12,0.125,0.01944582218
0.66,0.3037056837,-0.1325012679,-0.06321341652,0.0272245989,0,1,0.06994284734,0.9975510003,0,0,1.243165413,1.629520208,-1.33803963,1.189900118,-0.2049062271,0.2953576139,0.2730706315,-1.188088987,1.568408442,1.313603016,1.321279811,-0.204737203,0.01143219452,-0.4199443038,0.09233630885,-0.03724661923,0.02273788032,0.1788568905,0.0473556661,-0.09271814049,0.02244005396,-0.09362771122,0.01292866878,0.01158975551,0.1257589843,0.02061907428,-0.02793931977,-0.01215947346,0.008286008878,0.01401636343,0.008286008878,0.035,0.04,0.12,0.12,0.01981593492
0.67,0.3030713599,-0.1322284955,-0.06365083345,0.02732976283,0,1,0.06994284734,0.9975510003,0,0,1.244088776,1.629147742,-1.337812252,1.191688687,-0.2044326704,0.2944304325,0.273295032,-1.189025264,1.568537729,1.313718914,1.322537401,-0.2045310123,0.01115280133,-0.4200658985,0.09256140963,-0.03748056334,0.02282242672,0.1793766217,0.04758202682,-0.09307418563,0.0224286442,-0.09397301286,0.01309747757,0.01164633568,0.1260367387,0.02076981611,-0.02784175728,-0.01228489824,0.008285545467,0.01404955864,0.008285545467,0.035,0.04,0.115,0.12,0.02018840112
0.68,0.302432678,-0.1319546753,-0.06408497581,0.02743413948,0,1,0.06994284734,0.9975510003,0,0,1.24501439,1.628772936,-1.337584027,1.193482453,-0.2039568501,0.2934996906,0.2735193185,-1.189964994,1.568668704,1.313835377,1.323797768,-0.2043233141,0.01087438375,-0.4201887475,0.09278267501,-0.03771298825,0.02290552903,0.1798884244,0.04780569283,-0.09342579157,0.02241548821,-0.09431511938,0.0132658853,0.01170149863,0.1263099115,0.02091903371,-0.02774293529,-0.01240976469,0.008285079902,0.01408329995,0.008285079902,0.035,0.04,0.115,0.12,0.02056320675
0.69,0.301789672,-0.1316798155,-0.06451561732,0.02753767446,0,1,0.06994284734,0.9975510003,0,0,1.245942217,1.628395807,-1.337354972,1.195281337,-0.2034787932,0.2925654327,0.2737434733,-1.190908145,1.568801363,1.313952392,1.325060867,-0.2041141238,0.0105969544,-0.4203128452,0.0929999459,-0.03794377702,0.02298713068,0.1803919421,0.04802653168,-0.09377273222,0.02240055895,-0.09465383901,0.01343382145,0.01175519726,0.126578301,0.0210666416,-0.02764285859,-0.01253401781,0.008284612344,0.01411758682,0.008284612344,0.035,0.04,0.115,0.12,0.02094033663
0.7,0.301142378,-0.1314039248,-0.0649425346,0.02764031406,0,1,0.06994284734,0.9975510003,0,0,1.246872216,1.628016369,-1.337125101,1.197085257,-0.2029985279,0.2916277054,0.2739674789,-1.191854684,1.568935701,1.314069944,1.32632665,-0.2039034574,0.01032052581,-0.4204381853,0.09321306699,-0.03817281401,0.02306717646,0.1808868262,0.04824441354,-0.09411478565,0.02238383139,-0.09498898284,0.01360121563,0.01180738571,0.1268417097,0.02121255569,-0.02754153326,-0.01265760299,0.008284142957,0.01415241848,0.008284142957,0.04,0.04,0.115,0.12,0.0213197744
0.71,0.3004908345,-0.1311270124,-0.06536550712,0.02774200526,0,1,0.06994284734,0.9975510003,0,0,1.247804347,1.627634641,-1.336894429,1.198894125,-0.2025160838,0.2906865575,0.2741913172,-1.192804573,1.569071713,1.314188018,1.327595068,-0.2036913318,0.01004511048,-0.4205647614,0.09342188677,-0.03839998484,0.02314561261,0.1813727356,0.04845921116,-0.09445173413,0.02236528243,-0.09532036485,0.01376799764,0.01185801938,0.1270999443,0.02135669319,-0.02743896671,-0.01278046597,0.008283671911,0.01418779395,0.008283671911,0.04,0.04,0.115,0.12,0.02170150254
0.72,0.2998350818,-0.130849088,-0.06578431725,0.02784269574,0,1,0.06994284734,0.9975510003,0,0,1.248738566,1.627250641,-1.336662973,1.200707853,-0.2020314917,0.2897420402,0.2744149701,-1.193757777,1.569209393,1.314306598,1.328866067,-0.2034777649,0.009770720814,-0.420692566,0.09362625747,-0.0386251764,0.0232223867,0.181849337,0.04867079983,-0.09478336401,0.02234489091,-0.09564780189,0.01393409743,0.01190705496,0.1273528159,0.02149897264,-0.02733516763,-0.01290255289,0.008283199377,0.01422371206,0.008283199377,0.04,0.04,0.115,0.12,0.02208550239
0.73,0.2991751627,-0.130570162,-0.06619875022,0.02794233385,0,1,0.06994284734,0.9975510003,0,0,1.249674829,1.626864389,-1.336430749,1.202526346,-0.2015447837,0.2887942065,0.274638419,-1.194714255,1.569348734,1.314425668,1.330139595,-0.2032627752,0.009497369138,-0.4208215916,0.09382603504,-0.03884827687,0.02329744773,0.1823163046,0.0488790574,-0.09510946576,0.02232263754,-0.09597111369,0.01409944515,0.01195445038,0.1276001399,0.02163931391,-0.02723014599,-0.0130238103,0.00828272553,0.01426017138,0.00828272553,0.04,0.04,0.11,0.12,0.02247175416
0.74,0.2985111221,-0.130290245,-0.06660859414,0.02804086867,0,1,0.06994284734,0.9975510003,0,0,1.250613089,1.626475906,-1.336197775,1.204349509,-0.2010559931,0.2878431119,0.2748616453,-1.195673966,1.569489728,1.314545213,1.331415597,-0.203046382,0.009225067678,-0.4209518297,0.09402107911,-0.03906917568,0.02337074601,0.1827733201,0.04908386427,-0.09542983394,0.02229850493,-0.09629012282,0.01426397114,0.01200016486,0.1278417358,0.02177763819,-0.02712391305,-0.01314418513,0.008282250549,0.01429717031,0.008282250549,0.04,0.04,0.11,0.12,0.02286023692
0.75,0.2978430068,-0.1300093484,-0.06701364,0.02813824993,0,1,0.06994284734,0.9975510003,0,0,1.2515533,1.626085214,-1.335964067,1.206177242,-0.2005651544,0.2868888135,0.2750846304,-1.196636867,1.569632368,1.314665215,1.332694014,-0.2028286057,0.008953828548,-0.4210832715,0.09421125301,-0.03928776356,0.02344223326,0.1832200726,0.04928510331,-0.09574426715,0.02227247755,-0.09660465472,0.01442760594,0.01204415887,0.1280774272,0.021913868,-0.02701648132,-0.01326362474,0.008281774613,0.01433470701,0.008281774613,0.04,0.04,0.11,0.12,0.02325092868
0.76,0.297170866,-0.129727484,-0.06741368164,0.02823442808,0,1,0.06994284734,0.9975510003,0,0,1.252495412,1.625692337,-1.335729645,1.208009443,-0.2000723034,0.2859313709,0.2753073552,-1.197602914,1.569776644,1.314785656,1.333974788,-0.202609467,0.008683663734,-0.4212159078,0.09439642367,-0.0395039325,0.02351186252,0.1836562586,0.04948265993,-0.09605256801,0.02224454166,-0.09691453766,0.01459028029,0.01208639416,0.1283070422,0.02204792717,-0.02690786455,-0.01338207691,0.008281297907,0.01437277944,0.008281297907,0.04,0.04,0.11,0.12,0.02364380632
0.77,0.2964947505,-0.1294446641,-0.06780851582,0.02832935425,0,1,0.06994284734,0.9975510003,0,0,1.253439376,1.625297297,-1.335494526,1.209846005,-0.1995774768,0.2849708452,0.2755298006,-1.198572059,1.569922547,1.31490652,1.335257859,-0.2023889877,0.008414585089,-0.4213497285,0.09457646165,-0.03971757575,0.02357958817,0.1840815821,0.049676422,-0.09635454314,0.02221468535,-0.09721960274,0.01475192516,0.01212683374,0.1285304127,0.02217974086,-0.02679807773,-0.01349948986,0.008280820617,0.01441138534,0.008280820617,0.04,0.04,0.11,0.12,0.02403884564
0.78,0.2958147137,-0.1291609013,-0.06819794214,0.02842298026,0,1,0.06994284734,0.9975510003,0,0,1.254385141,1.624900122,-1.33525873,1.211686821,-0.1990807126,0.2840072998,0.2757519474,-1.199544255,1.570070066,1.315027788,1.336543163,-0.2021671903,0.008146604312,-0.4214847234,0.09475124107,-0.03992858786,0.02364536591,0.1844957541,0.04986627985,-0.09665000313,0.02218289846,-0.09751968391,0.01491247175,0.01216544189,0.128747375,0.02230923552,-0.02668713708,-0.01361581223,0.008280342932,0.01445052223,0.008280342932,0.04,0.04,0.11,0.12,0.0244360214
0.79,0.2951308104,-0.1288762089,-0.06858176309,0.02851525862,0,1,0.06994284734,0.9975510003,0,0,1.255332654,1.624500836,-1.335022277,1.213531779,-0.1985820498,0.2830407997,0.2759737764,-1.200519452,1.570219191,1.315149443,1.337830637,-0.2019440979,0.007879732941,-0.4216208815,0.0949206396,-0.04013686465,0.02370915277,0.184898493,0.05005212628,-0.09693876252,0.02214917257,-0.09781461792,0.01507185146,0.01220218413,0.1289577694,0.02243633894,-0.02657506003,-0.01373099313,0.008279865043,0.01449018743,0.008279865043,0.045,0.04,0.105,0.12,0.02483530728
0.8,0.2944430977,-0.1285906008,-0.06895978404,0.02860614255,0,1,0.06994284734,0.9975510003,0,0,1.25628186,1.624099467,-1.334785185,1.215380764,-0.1980815285,0.2820714121,0.2761952682,-1.201497598,1.57036991,1.315271465,1.339120214,-0.2017197346,0.00761398234,-0.4217581915,0.09508453842,-0.04034230319,0.02377090709,0.1852895243,0.05023385649,-0.09722063974,0.02211350099,-0.09810424433,0.01522999599,0.01223702727,0.1291614402,0.02256098019,-0.02646186518,-0.0138449821,0.008279387143,0.01453037803,0.008279387143,0.045,0.04,0.105,0.115,0.02523667592
0.81,0.2937516347,-0.1283040909,-0.06933181321,0.02869558593,0,1,0.06994284734,0.9975510003,0,0,1.257232705,1.623696044,-1.334547476,1.217233659,-0.19757919,0.2810992057,0.2764164032,-1.202478641,1.57052221,1.315393835,1.340411829,-0.2014941247,0.007349363689,-0.4218966413,0.09524282222,-0.04054480188,0.02383058847,0.1856685804,0.0504113681,-0.09749545713,0.02207587869,-0.09838840549,0.01538683726,0.01226993937,0.129358236,0.02268308966,-0.02634757233,-0.01395772917,0.008278909427,0.01457109092,0.008278909427,0.045,0.04,0.105,0.115,0.02564009896
0.82,0.2930564821,-0.128016694,-0.06969766173,0.02878354336,0,1,0.06994284734,0.9975510003,0,0,1.258185134,1.623290596,-1.33430917,1.219090345,-0.1970750763,0.2801242511,0.2766371619,-1.203462525,1.570676078,1.315516534,1.341705411,-0.2012672939,0.007085887965,-0.4220362186,0.0953953791,-0.04074426033,0.02388815784,0.1860354011,0.05058456113,-0.09776304089,0.02203630232,-0.09866694658,0.01554230746,0.01230088975,0.1295480092,0.02280259904,-0.02623220244,-0.01406918482,0.008278432092,0.01461232278,0.008278432092,0.045,0.04,0.105,0.115,0.02604554697
0.83,0.2923577027,-0.1277284251,-0.07005714358,0.02886997011,0,1,0.06994284734,0.9975510003,0,0,1.259139087,1.622883154,-1.334070288,1.220950699,-0.1965692307,0.2791466207,0.276857525,-1.204449194,1.570831501,1.315639543,1.343000891,-0.2010392679,0.006823565941,-0.4221769104,0.09554210061,-0.0409405795,0.02394357737,0.1863897327,0.05075333797,-0.09802322105,0.02199477014,-0.09893971552,0.01569633909,0.01232984898,0.1297306162,0.02291944132,-0.02611577761,-0.01417930004,0.008277955337,0.01465407005,0.008277955337,0.045,0.04,0.105,0.115,0.02645298958
0.84,0.291655361,-0.1274392998,-0.07041007563,0.02895482215,0,1,0.06994284734,0.9975510003,0,0,1.260094508,1.622473748,-1.333830853,1.222814596,-0.1960616973,0.2781663885,0.2770774727,-1.205438592,1.570988464,1.315762842,1.344298197,-0.2008100734,0.006562408165,-0.4223187034,0.09568288166,-0.04113366158,0.02399681049,0.1867313287,0.05091760335,-0.09827583143,0.02195128201,-0.09920656302,0.01584886491,0.01235678887,0.1299059176,0.02303355079,-0.02599832108,-0.01428802627,0.008277479363,0.01469632898,0.008277479363,0.045,0.04,0.105,0.115,0.02686239537
0.85,0.2909495236,-0.1271493341,-0.07075627763,0.02903805615,0,1,0.06994284734,0.9975510003,0,0,1.261051337,1.622062411,-1.333590885,1.224681909,-0.1955525213,0.2771836302,0.2772969855,-1.206430657,1.571146953,1.31588641,1.345597256,-0.2005797379,0.006302424954,-0.4224615837,0.09581762054,-0.04132341006,0.02404782189,0.1870599492,0.05107726435,-0.09852070965,0.02190583935,-0.09946734257,0.01599981798,0.0123816825,0.1300737779,0.02314486301,-0.02587985719,-0.0143953155,0.008277004371,0.01473909561,0.008277004371,0.045,0.04,0.105,0.115,0.02727373199
0.86,0.2902402585,-0.1268585443,-0.07109557217,0.02911962946,0,1,0.06994284734,0.9975510003,0,0,1.262009513,1.621649177,-1.333350406,1.226552509,-0.1950417486,0.2761984231,0.2775160439,-1.207425331,1.571306951,1.316010227,1.346897994,-0.2003482893,0.006043626382,-0.4226055369,0.09594621885,-0.04150972972,0.02409657749,0.1873753614,0.05123223037,-0.09875769706,0.02185844512,-0.0997219104,0.01614913171,0.01240450418,0.1302340652,0.02325331487,-0.02576041138,-0.01450112017,0.008276530564,0.01478236575,0.008276530564,0.045,0.04,0.1,0.115,0.02768696609
0.87,0.2895276358,-0.1265669472,-0.07142778477,0.02919950013,0,1,0.06994284734,0.9975510003,0,0,1.262968976,1.62123408,-1.333109441,1.228426263,-0.1945294263,0.2752108461,0.2777346283,-1.20842255,1.571468442,1.316134272,1.348200335,-0.2001157562,0.005786022268,-0.4227505481,0.09606858146,-0.04169252663,0.02414304445,0.1876773389,0.05138241308,-0.09898663874,0.02180910379,-0.09997012548,0.01629673978,0.01242522947,0.130386652,0.0233588445,-0.02564001018,-0.01460539328,0.008276058146,0.01482613502,0.008276058146,0.05,0.04,0.1,0.115,0.02810206339
0.88,0.288811727,-0.1262745601,-0.07175274378,0.02927762689,0,1,0.06994284734,0.9975510003,0,0,1.263929661,1.620817154,-1.33286801,1.230303036,-0.1940156022,0.2742209797,0.2779527194,-1.209422251,1.57163141,1.316258524,1.349504201,-0.1998821677,0.005529622167,-0.422896602,0.09618461651,-0.04187170814,0.02418719112,0.1879656619,0.05152772646,-0.09920738346,0.02175782129,-0.1002118495,0.01644257627,0.01244383515,0.1305314143,0.02346139134,-0.02551868118,-0.01470808833,0.008275587322,0.01487039879,0.008275587322,0.05,0.04,0.1,0.115,0.02851898865
0.89,0.2880926056,-0.1259814006,-0.07207028045,0.02935396916,0,1,0.06994284734,0.9975510003,0,0,1.264891508,1.620398437,-1.332626138,1.232182693,-0.1935003249,0.2732289059,0.2781702976,-1.210424369,1.571795836,1.316382962,1.350809516,-0.1996475538,0.005274435355,-0.4230436829,0.09629423536,-0.04204718289,0.02422898706,0.1882401173,0.05166808672,-0.09941978368,0.02170460498,-0.100446947,0.01658657557,0.01246029923,0.1306682322,0.02356089611,-0.02539645299,-0.01480915937,0.008275118297,0.01491515226,0.008275118297,0.05,0.04,0.1,0.115,0.02893770573
0.9,0.2873703467,-0.1256874868,-0.0723802289,0.02942848707,0,1,0.06994284734,0.9975510003,0,0,1.26585445,1.619977966,-1.332383848,1.234065094,-0.192983644,0.2722347081,0.2783873436,-1.211428839,1.571961701,1.316507565,1.352116198,-0.1994119448,0.005020470825,-0.4231917745,0.09639735253,-0.04221886082,0.02426840301,0.1885004984,0.05180341232,-0.09962369546,0.02164946364,-0.100675285,0.01672867244,0.01247460096,0.1307969893,0.02365730078,-0.02527335527,-0.01490856097,0.00827465128,0.0149603904,0.00827465128,0.05,0.045,0.1,0.115,0.02935817756
0.91,0.2866450269,-0.125392837,-0.07268242611,0.02950114143,0,1,0.06994284734,0.9975510003,0,0,1.266818423,1.619555777,-1.332141164,1.235950099,-0.1924656099,0.2712384711,0.2786038383,-1.212435592,1.572128988,1.316632311,1.353424168,-0.1991753718,0.004767737272,-0.4233408601,0.09649388572,-0.04238665317,0.02430541089,0.1887466052,0.05193362393,-0.0998189785,0.02159240743,-0.1008967335,0.01686880204,0.0124867208,0.1309175733,0.02375054863,-0.02514941865,-0.01500624826,0.008274186475,0.01500610797,0.008274186475,0.05,0.045,0.1,0.115,0.02978036617
0.92,0.2859167245,-0.1250974703,-0.07297671197,0.02957189374,0,1,0.06994284734,0.9975510003,0,0,1.267783362,1.61913191,-1.33189811,1.237837565,-0.1919462737,0.2702402813,0.2788197623,-1.213444559,1.572297676,1.316757178,1.354733343,-0.1989378663,0.004516243086,-0.4234909226,0.09658375571,-0.04255047247,0.02433998379,0.1889782436,0.05205864443,-0.1000054961,0.02153344785,-0.1011111651,0.0170068999,0.01249664042,0.1310298755,0.02384058416,-0.02502467478,-0.01510217693,0.008273724091,0.01505229952,0.008273724091,0.05,0.045,0.095,0.115,0.0302042327
0.93,0.2851855195,-0.1248014056,-0.07326292921,0.02964070618,0,1,0.06994284734,0.9975510003,0,0,1.2687492,1.618706406,-1.33165471,1.239727347,-0.1914256872,0.2692402264,0.2790350968,-1.214455671,1.572467745,1.316882145,1.356043642,-0.1986994605,0.004265996338,-0.4236419443,0.09666688638,-0.04271023257,0.02437209593,0.1891952261,0.05217839885,-0.100183115,0.02147259769,-0.1013184548,0.01714290197,0.01250434269,0.1311337909,0.02392735318,-0.02489915625,-0.01519630322,0.008273264335,0.01509895939,0.008273264335,0.05,0.045,0.095,0.115,0.03062973743
0.94,0.2844514934,-0.1245046627,-0.07354092345,0.02970754166,0,1,0.06994284734,0.9975510003,0,0,1.269715869,1.618279303,-1.331410989,1.241619299,-0.1909039033,0.2682383952,0.2792498228,-1.215468855,1.572639174,1.317007188,1.35735498,-0.198460187,0.004017004775,-0.4237939074,0.09674320465,-0.0428658486,0.02440172268,0.1893973714,0.0522928144,-0.1003517056,0.02140987103,-0.1015184808,0.0172767446,0.0125098117,0.1312292184,0.02401080272,-0.02477289659,-0.01528858396,0.008272807414,0.01514608172,0.008272807414,0.05,0.045,0.095,0.11,0.03105683975
0.95,0.283714729,-0.1242072615,-0.0738105432,0.02977236373,0,1,0.06994284734,0.9975510003,0,0,1.270683301,1.617850645,-1.331166972,1.243513273,-0.1903809751,0.2672348782,0.2794639215,-1.21648404,1.572811942,1.317132286,1.358667272,-0.1982200789,0.00376927581,-0.4239467932,0.09681264043,-0.04301723703,0.02442884053,0.1895845043,0.05240182041,-0.1005111419,0.0213452832,-0.1017111237,0.0174083646,0.0125130327,0.1313160603,0.02409088109,-0.02464593025,-0.01537897655,0.008272353536,0.01519366044,0.008272353536,0.05,0.045,0.095,0.11,0.03148549824
0.96,0.2829753109,-0.1239092223,-0.07407163983,0.02983513667,0,1,0.06994284734,0.9975510003,0,0,1.271651427,1.617420473,-1.330922684,1.245409118,-0.1898569569,0.2662297668,0.2796773743,-1.217501151,1.572986025,1.317257417,1.359980433,-0.1979791701,0.003522816507,-0.424100583,0.09687512662,-0.04316431561,0.02445342708,0.1897564558,0.05250534832,-0.100661301,0.02127885073,-0.1018962666,0.01753769922,0.01251399215,0.1313942226,0.02416753784,-0.02451829258,-0.015467439,0.008271902908,0.01524168925,0.008271902908,0.055,0.045,0.095,0.11,0.03191567061
0.97,0.2822333251,-0.1236105657,-0.07432406757,0.02989582543,0,1,0.06994284734,0.9975510003,0,0,1.272620178,1.616988829,-1.33067815,1.247306683,-0.1893319034,0.2652231537,0.2798901629,-1.218520114,1.573161402,1.317382557,1.361294375,-0.1977374948,0.003277633581,-0.4242552574,0.09693059905,-0.04330700343,0.02447546101,0.1899130628,0.05260333168,-0.1008020638,0.02121059131,-0.1020737956,0.01766468616,0.01251267766,0.1314636152,0.02424072378,-0.02439001981,-0.01555392987,0.008271455736,0.01529016169,0.008271455736,0.055,0.045,0.095,0.11,0.03234731377
0.98,0.2814888589,-0.1233113128,-0.07456768356,0.02995439567,0,1,0.06994284734,0.9975510003,0,0,1.273589484,1.616555759,-1.330433395,1.249205813,-0.1888058701,0.2642151331,0.2801022688,-1.219540852,1.573338049,1.317507683,1.362609011,-0.1974950875,0.003033733383,-0.4244107967,0.09697899643,-0.04344522089,0.02449492211,0.1900541681,0.05269570611,-0.1009333145,0.02114052379,-0.1022435991,0.01778926361,0.01250907804,0.1315241511,0.02431039094,-0.02426114902,-0.01563840837,0.008271012227,0.01533907105,0.008271012227,0.055,0.045,0.09,0.11,0.0327803838
0.99,0.2807420012,-0.123011485,-0.07480234778,0.03001081373,0,1,0.06994284734,0.9975510003,0,0,1.274559274,1.616121307,-1.330188446,1.251106355,-0.188278913,0.2632058,0.280313674,-1.220563288,1.573515942,1.317632774,1.363924253,-0.1972519836,0.002791121893,-0.4245671807,0.09702026035,-0.04357888973,0.02451179121,0.1901796207,0.05278240926,-0.1010549408,0.02106866813,-0.1024055684,0.01791137025,0.01250318323,0.1315757471,0.02437649262,-0.02413171811,-0.01572083431,0.008270572586,0.01538841044,0.008270572586,0.055,0.045,0.09,0.11,0.03321483601
1,0.2799928423,-0.1227111039,-0.07502792313,0.03006504663,0,1,0.06994284734,0.9975510003,0,0,1.275529477,1.615685518,-1.329943328,1.253008151,-0.1877510889,0.2621952506,0.2805243607,-1.221587344,1.573695055,1.317757806,1.36524001,-0.1970082187,0.002549804712,-0.4247243891,0.09705433522,-0.04370793299,0.02452605021,0.1902892752,0.05286338083,-0.1011668334,0.02099504535,-0.1025595972,0.01803094528,0.01249498433,0.1316183235,0.02443898331,-0.02400176579,-0.01580116811,0.008270137017,0.01543817276,0.008270137017,0.055,0.045,0.09,0.11,0.03365062491
1.01,0.2792414735,-0.1224101915,-0.07524427534,0.0301170621,0,1,0.06994284734,0.9975510003,0,0,1.27650002,1.615248439,-1.329698067,1.254911044,-0.1872224551,0.2611835822,0.2807343111,-1.22261294,1.573875365,1.317882756,1.366556193,-0.1967638289,0.002309787054,-0.4248824008,0.09708116825,-0.04383227507,0.02453768206,0.190382992,0.05293856254,-0.1012688868,0.0209196775,-0.1027055821,0.01814792841,0.01248447356,0.1316518042,0.02449781878,-0.02387133156,-0.01587937082,0.008269705725,0.01548835071,0.008269705725,0.055,0.045,0.09,0.11,0.03408770424
1.02,0.2784879879,-0.1221087701,-0.07545127305,0.03016682856,0,1,0.06994284734,0.9975510003,0,0,1.277470832,1.614810116,-1.32945269,1.256814874,-0.1866930695,0.2601708933,0.2809435079,-1.223639995,1.574056844,1.318007601,1.367872712,-0.1965188507,0.002071073738,-0.4250411945,0.09710070938,-0.04395184168,0.02454667073,0.1904606372,0.05300789807,-0.1013609986,0.02084258766,-0.102843422,0.01826225989,0.0124716443,0.1316761162,0.02455295599,-0.02374045566,-0.01595540413,0.008269278912,0.01553893679,0.008269278912,0.055,0.045,0.09,0.11,0.03452602699
1.03,0.2777324797,-0.1218068625,-0.07564878774,0.03021431511,0,1,0.06994284734,0.9975510003,0,0,1.278441839,1.614370598,-1.329207224,1.25871948,-0.1861629905,0.2591572834,0.2811519338,-1.22466843,1.574239467,1.318132317,1.369189473,-0.1962733211,0.001833669182,-0.4252007485,0.09711291127,-0.04406655989,0.02455300119,0.1905220826,0.05307133309,-0.1014430697,0.02076379986,-0.1029730185,0.01837388054,0.01245649102,0.1316911902,0.02460435313,-0.02360917909,-0.01602923037,0.008268856778,0.01558992329,0.008268856778,0.055,0.045,0.09,0.11,0.0349655454
1.04,0.2769750442,-0.1215044915,-0.0758366938,0.03025949155,0,1,0.06994284734,0.9975510003,0,0,1.279412968,1.613929932,-1.328961694,1.260624701,-0.1856322772,0.2581428527,0.2813595718,-1.22569816,1.574423206,1.318256882,1.370506385,-0.1960272776,0.001597577391,-0.4253610408,0.09711772929,-0.04417635812,0.02455665942,0.1905672054,0.05312881522,-0.1015150041,0.02068333907,-0.1030942758,0.01848273174,0.01243900931,0.1316969602,0.0246519696,-0.02347754353,-0.01610081251,0.008268439523,0.01564130232,0.008268439523,0.06,0.045,0.085,0.11,0.035406211
1.05,0.2762157782,-0.1212016804,-0.07601486849,0.03030232837,0,1,0.06994284734,0.9975510003,0,0,1.280384145,1.613488169,-1.328716127,1.262530373,-0.1851009891,0.2571277026,0.2815664052,-1.226729103,1.574608033,1.318381272,1.371823354,-0.1957807579,0.001362801956,-0.4255220489,0.09711512141,-0.04428116612,0.02455763241,0.1905958886,0.05318029401,-0.1015767094,0.02060123116,-0.1032071008,0.01858875546,0.01241919586,0.1316933635,0.02469576604,-0.02334559135,-0.01617011418,0.008268027347,0.01569306578,0.008268027347,0.06,0.045,0.085,0.11,0.03584797458
1.06,0.2754547797,-0.1208984528,-0.07618319192,0.03034279675,0,1,0.06994284734,0.9975510003,0,0,1.281355297,1.613045357,-1.328470551,1.264436332,-0.1845691861,0.2561119355,0.2817724175,-1.227761174,1.57479392,1.318505464,1.373140288,-0.1955338002,0.001129346042,-0.4256837501,0.09710504823,-0.044380915,0.02455590808,0.1906080204,0.05322572089,-0.1016280962,0.02051750287,-0.1033114027,0.01869189428,0.01239704842,0.1316803407,0.02473570426,-0.02321336558,-0.01623709969,0.008267620444,0.01574520538,0.008267620444,0.06,0.045,0.085,0.11,0.03629078624
1.07,0.2746921476,-0.1205948325,-0.0763415471,0.03038086855,0,1,0.06994284734,0.9975510003,0,0,1.282326347,1.612601548,-1.328224992,1.266342412,-0.1840369289,0.2550956546,0.2819775925,-1.228794288,1.574980839,1.318629434,1.374457091,-0.1952864432,0.0008972123864,-0.4258461211,0.09708747291,-0.04447553724,0.02455147534,0.1906034944,0.05326504921,-0.1016690782,0.02043218178,-0.1034070934,0.01879209139,0.01237256585,0.1316578358,0.02477174729,-0.02308090989,-0.01630173399,0.008267219011,0.01579771263,0.008267219011,0.06,0.045,0.085,0.105,0.03673459539
1.08,0.2739279823,-0.1202908435,-0.07648981991,0.03041651635,0,1,0.06994284734,0.9975510003,0,0,1.283297222,1.612156792,-1.327979477,1.268248447,-0.1835042784,0.2540789638,0.2821819143,-1.229828359,1.57516876,1.31875316,1.37577367,-0.1950387257,0.0006664032875,-0.4260091384,0.09706236115,-0.04456496669,0.02454432403,0.1905822097,0.05329823417,-0.1016995724,0.02034529624,-0.1034940874,0.01888929063,0.01234574802,0.131625796,0.02480385935,-0.02294826853,-0.01636398273,0.008266823239,0.01585057886,0.008266823239,0.06,0.045,0.085,0.105,0.03717935077
1.09,0.2731623852,-0.1199865103,-0.0766278991,0.0304497134,0,1,0.06994284734,0.9975510003,0,0,1.284267846,1.611711143,-1.327734034,1.270154269,-0.1829712961,0.2530619681,0.2823853673,-1.230863299,1.575357653,1.318876618,1.377089928,-0.1947906871,0.0004369206022,-0.4261727782,0.09702968116,-0.04464913854,0.02453444492,0.1905440704,0.05332523282,-0.1017194989,0.0202568754,-0.1035723015,0.01898343647,0.0123165959,0.1315841716,0.02483200587,-0.02281548636,-0.01642381222,0.008266433319,0.01590379519,0.008266433319,0.06,0.045,0.085,0.105,0.03762500043
1.1,0.2723954587,-0.1196818575,-0.0767556763,0.03048043364,0,1,0.06994284734,0.9975510003,0,0,1.285238142,1.611264651,-1.327488689,1.27205971,-0.1824380437,0.2520447731,0.2825879361,-1.231899022,1.575547488,1.318999784,1.378405769,-0.194542367,0.0002087657386,-0.4263370164,0.09698940357,-0.04472798939,0.02452182972,0.190488986,0.05334600405,-0.101728781,0.02016694912,-0.1036416553,0.01907447407,0.01228511145,0.1315329162,0.02485615345,-0.02268260875,-0.01648118948,0.00826604944,0.01595735256,0.00826604944,0.06,0.045,0.08,0.105,0.03807149182
1.11,0.2716273064,-0.11937691,-0.07687304602,0.03050865171,0,1,0.06994284734,0.9975510003,0,0,1.286208036,1.610817371,-1.327243471,1.2739646,-0.1819045837,0.2510274853,0.2827896055,-1.232935439,1.575738232,1.319122635,1.379721098,-0.1942938055,-1.806034893e-05,-0.4265018283,0.09694150148,-0.04480145719,0.02450647101,0.1904168709,0.05336050855,-0.1017273448,0.02007554795,-0.1037020708,0.01916234928,0.01225129767,0.1314719865,0.02487626988,-0.02254968164,-0.0165360822,0.008265671788,0.01601124173,0.008265671788,0.06,0.045,0.08,0.105,0.03851877171
1.12,0.2708580328,-0.1190716929,-0.07697990565,0.03053434293,0,1,0.06994284734,0.9975510003,0,0,1.287177451,1.610369357,-1.326998406,1.275868769,-0.1813709786,0.2500102118,0.282990361,-1.23397246,1.575929856,1.319245148,1.381035818,-0.1940450428,-0.0002435571653,-0.4266671891,0.09688595034,-0.04486948131,0.02448836227,0.1903276449,0.05336870878,-0.1017151198,0.01998270312,-0.1037534724,0.01924700864,0.01221515857,0.1314013423,0.02489232413,-0.02241675143,-0.0165884588,0.008265300546,0.01606545327,0.008265300546,0.06,0.045,0.08,0.105,0.03896678629
1.13,0.2700877436,-0.1187662317,-0.07707615542,0.03055748334,0,1,0.06994284734,0.9975510003,0,0,1.288146311,1.609920662,-1.326753523,1.277772045,-0.1808372915,0.2489930606,0.2831901881,-1.235009994,1.576122326,1.319367299,1.382349832,-0.1937961196,-0.0004677246796,-0.4268330737,0.09682272799,-0.04493200248,0.02446749787,0.1902212325,0.05337056899,-0.1016920384,0.01988844647,-0.1037957872,0.01932839941,0.01217669914,0.1313209464,0.02490428633,-0.02228386499,-0.01663828838,0.008264935894,0.01611997756,0.008264935894,0.065,0.045,0.08,0.105,0.0394154811
1.14,0.2693165454,-0.1184605518,-0.07716169848,0.03057804963,0,1,0.06994284734,0.9975510003,0,0,1.289114538,1.609471342,-1.326508848,1.279674257,-0.1803035858,0.2479761402,0.2833890725,-1.236047952,1.57631561,1.319489066,1.383663041,-0.1935470767,-0.0006905633295,-0.4269994566,0.09675181455,-0.04498896284,0.02444387302,0.1900975633,0.05336605518,-0.1016580359,0.01979281045,-0.1038289447,0.0194064696,0.01213592536,0.1312307649,0.02491212779,-0.02215106966,-0.01668554077,0.008264578013,0.01617480479,0.008264578013,0.065,0.045,0.08,0.105,0.03986480112
1.15,0.2685445457,-0.1181546793,-0.07723644084,0.03059601921,0,1,0.06994284734,0.9975510003,0,0,1.290082056,1.609021452,-1.326264409,1.281575233,-0.1797699253,0.2469595599,0.2835870006,-1.237086242,1.576509675,1.319610425,1.384975349,-0.1932979554,-0.0009120740261,-0.427166312,0.09667319245,-0.04504030593,0.02441748379,0.1899565717,0.05335513507,-0.1016130509,0.01969582806,-0.1038528767,0.01948116795,0.01209284414,0.1311307666,0.02491582099,-0.02201841316,-0.0167301865,0.008264227076,0.016229925,0.008264227076,0.065,0.045,0.08,0.105,0.04031469075
1.16,0.2677718529,-0.1178486402,-0.07730029137,0.03061137018,0,1,0.06994284734,0.9975510003,0,0,1.291048788,1.608571049,-1.326020234,1.283474799,-0.1792363739,0.2459434294,0.2837839589,-1.238124771,1.576704486,1.319731354,1.386286657,-0.1930487972,-0.001132258158,-0.4273336138,0.09658684635,-0.0450859767,0.02438832709,0.189798197,0.05333777809,-0.1015570247,0.01959753284,-0.1038675177,0.01955244398,0.01204746339,0.1310209234,0.02491533956,-0.02188594362,-0.01677219683,0.008263883256,0.01628532803,0.008263883256,0.065,0.045,0.075,0.105,0.04076509381
1.17,0.2669985764,-0.1175424607,-0.07735316184,0.03062408131,0,1,0.06994284734,0.9975510003,0,0,1.292014657,1.60812019,-1.325776351,1.285372781,-0.1787029962,0.2449278591,0.2839799342,-1.239163446,1.576900011,1.319851829,1.387596866,-0.1927996438,-0.001351117594,-0.4275013358,0.09649276313,-0.04512592151,0.02435640062,0.1896223833,0.05331395538,-0.1014899016,0.01949795882,-0.1038728045,0.01962024801,0.01199979191,0.1309012102,0.02491065828,-0.0217537095,-0.01681154376,0.008263546723,0.01634100354,0.008263546723,0.065,0.045,0.075,0.105,0.04121595358
1.18,0.2662248265,-0.1172361674,-0.07739496688,0.0306341321,0,1,0.06994284734,0.9975510003,0,0,1.292979584,1.60766893,-1.325532787,1.287269005,-0.1781698566,0.2439129601,0.2841749138,-1.240202174,1.577096213,1.319971826,1.388905878,-0.1925505372,-0.001568654689,-0.4276694512,0.09639093184,-0.04516008816,0.02432170293,0.1894290793,0.05328363974,-0.1014116289,0.01939714048,-0.1038686766,0.01968453115,0.01194983943,0.1307716048,0.02490175307,-0.0216217596,-0.0168482,0.008263217643,0.01639694103,0.008263217643,0.065,0.045,0.075,0.105,0.04166721279
1.19,0.2654507143,-0.116929787,-0.077425624,0.03064150269,0,1,0.06994284734,0.9975510003,0,0,1.293943494,1.607217329,-1.32528957,1.289163295,-0.1776370202,0.2428988438,0.2843688852,-1.241240861,1.577293059,1.320091325,1.390213594,-0.1923015197,-0.001784872285,-0.4278379332,0.09628134366,-0.04518842584,0.02428423333,0.1892182384,0.05324680563,-0.1013221568,0.01929511275,-0.1038550756,0.01974524532,0.01189761657,0.1306320877,0.02488860103,-0.02149014302,-0.01688213902,0.008262896178,0.01645312981,0.008262896178,0.065,0.045,0.075,0.1,0.04211881367
1.2,0.2646763515,-0.1166233464,-0.07744505358,0.03064617396,0,1,0.06994284734,0.9975510003,0,0,1.294906307,1.606765445,-1.325046728,1.291055478,-0.1771045521,0.2418856222,0.2845618364,-1.242279411,1.577490511,1.320210301,1.391519915,-0.1920526337,-0.001999773715,-0.4280067546,0.09616399191,-0.04521088521,0.02424399192,0.1889898186,0.05320342915,-0.1012214384,0.01919191095,-0.1038319458,0.0198023433,0.01184313486,0.1304826424,0.02487118036,-0.02135890912,-0.01691333501,0.008262582489,0.01650955906,0.008262582489,0.065,0.045,0.075,0.1,0.04257069793
1.21,0.2639018509,-0.1163168726,-0.07745317889,0.03064812745,0,1,0.06994284734,0.9975510003,0,0,1.295867947,1.606313336,-1.324804288,1.292945376,-0.1765725179,0.2408734079,0.2847537555,-1.243317731,1.577688534,1.320328732,1.392824741,-0.1918039219,-0.002213362806,-0.428175888,0.09603887195,-0.04522741833,0.02420097956,0.1887437825,0.05315348803,-0.1011094295,0.01908757076,-0.1037992337,0.01985577871,0.01178640667,0.1303232552,0.02484947041,-0.02122810752,-0.01694176291,0.00826227673,0.01656621774,0.00826227673,0.065,0.05,0.075,0.1,0.04302280679
1.22,0.2631273258,-0.1160103929,-0.07744992605,0.0306473454,0,1,0.06994284734,0.9975510003,0,0,1.296828336,1.605861062,-1.324562278,1.294832814,-0.176040983,0.2398623136,0.2849446312,-1.244355723,1.577887092,1.320446596,1.394127974,-0.1915554272,-0.002425643881,-0.4283453056,0.0959059812,-0.04523797874,0.02415519787,0.1884800972,0.05309696158,-0.100986089,0.0189821282,-0.1037568885,0.01990550603,0.01172744522,0.1301539151,0.02482345165,-0.02109778801,-0.01696739843,0.008261979056,0.01662309469,0.008261979056,0.07,0.05,0.07,0.1,0.04347508097
1.23,0.2623528905,-0.1157039349,-0.0774352241,0.03064381075,0,1,0.06994284734,0.9975510003,0,0,1.297787396,1.605408682,-1.324320726,1.296717615,-0.1755100134,0.2388524527,0.2851344525,-1.245393292,1.578086147,1.320563871,1.395429513,-0.1913071927,-0.002636621761,-0.4285149796,0.09576531906,-0.04524252141,0.0241066492,0.188198734,0.05303383073,-0.1008513784,0.01887561959,-0.1037048614,0.01995148065,0.01166626458,0.1299746139,0.02479310569,-0.0209680006,-0.01699021802,0.008261689613,0.01668017856,0.008261689613,0.07,0.05,0.07,0.1,0.04392746076
1.24,0.2615786597,-0.115397526,-0.0774090049,0.03063750712,0,1,0.06994284734,0.9975510003,0,0,1.298745049,1.604956257,-1.324079659,1.298599602,-0.1749796751,0.2378439389,0.2853232086,-1.246430341,1.578285662,1.320680534,1.396729259,-0.1910592616,-0.002846301768,-0.4286848818,0.09561688694,-0.04524100276,0.02405533664,0.187899669,0.05296407796,-0.1007052622,0.01876808153,-0.1036431065,0.01999365883,0.01160287962,0.1297853459,0.02475841525,-0.02083879544,-0.01701019888,0.008261408548,0.01673745785,0.008261408548,0.07,0.05,0.07,0.1,0.04437988597
1.25,0.260804749,-0.115091194,-0.07737120323,0.03062841883,0,1,0.06994284734,0.9975510003,0,0,1.299701218,1.604503847,-1.323839106,1.300478599,-0.1744500343,0.2368368863,0.2855108895,-1.247466772,1.578485599,1.320796562,1.398027112,-0.1908116775,-0.003054689722,-0.4288549838,0.09546068816,-0.0452333807,0.02400126398,0.1875828821,0.0528876873,-0.1005477075,0.01865955084,-0.1035715798,0.02003199778,0.01153730602,0.1295861084,0.02471936415,-0.02071022278,-0.01702731898,0.008261136001,0.01679492092,0.008261136001,0.07,0.05,0.07,0.1,0.044832296
1.26,0.2600312745,-0.1147849669,-0.07732175672,0.03061653089,0,1,0.06994284734,0.9975510003,0,0,1.300655824,1.604051513,-1.323599093,1.302354428,-0.1739211574,0.2358314092,0.285697485,-1.248502487,1.578685919,1.320911935,1.399322974,-0.1905644838,-0.00326179195,-0.4290252569,0.09529672795,-0.04521961458,0.02394443572,0.187248358,0.05280464434,-0.1003786843,0.01855006458,-0.1034902399,0.02006645562,0.01146956021,0.1293769011,0.02467593734,-0.02058233299,-0.01704155706,0.00826087211,0.01685255595,0.00826087211,0.07,0.05,0.07,0.1,0.0452846298
1.27,0.2592583529,-0.1144788728,-0.07726060589,0.03060182898,0,1,0.06994284734,0.9975510003,0,0,1.301608792,1.603599317,-1.323359649,1.304226911,-0.173393111,0.2348276224,0.2858829856,-1.24953739,1.578886583,1.321026631,1.400616743,-0.1903177245,-0.00346761528,-0.4291956725,0.09512501343,-0.04519966524,0.02388485703,0.1868960853,0.05271493617,-0.1001981653,0.01843965997,-0.103399048,0.02009699143,0.01139965942,0.1291577264,0.02462812085,-0.02045517648,-0.01705289263,0.008260617006,0.01691035098,0.008260617006,0.07,0.05,0.07,0.1,0.04573682595
1.28,0.2584861016,-0.1141729398,-0.07718769412,0.03058429951,0,1,0.06994284734,0.9975510003,0,0,1.302560042,1.603147321,-1.3231208,1.306095872,-0.1728659616,0.2338256407,0.2860673822,-1.25057138,1.579087553,1.321140628,1.40190832,-0.1900714432,-0.003672167044,-0.4293662014,0.09494555353,-0.04517349501,0.02382253376,0.1865260568,0.0526185514,-0.100006126,0.01832837437,-0.1032979672,0.02012356527,0.0113276216,0.1289285891,0.02457590184,-0.02032880371,-0.01706130596,0.00826037082,0.01696829391,0.00826037082,0.07,0.05,0.07,0.1,0.0461888226
1.29,0.2577146384,-0.1138671962,-0.07710296769,0.03056392955,0,1,0.06994284734,0.9975510003,0,0,1.303509497,1.602695586,-1.322882575,1.307961133,-0.1723397761,0.2328255794,0.286250666,-1.25160436,1.579288789,1.321253904,1.403197606,-0.1898256842,-0.003875455082,-0.4295368145,0.09475835904,-0.04514106768,0.02375747244,0.1861382696,0.05251548012,-0.09980254454,0.01821624528,-0.1031869632,0.02014613815,0.01125346541,0.1286894968,0.02451926854,-0.02020326512,-0.0170667781,0.008260133676,0.01702637248,0.008260133676,0.07,0.05,0.065,0.1,0.04664055755
1.3,0.2569440818,-0.1135616707,-0.07700637573,0.03054070688,0,1,0.06994284734,0.9975510003,0,0,1.304457081,1.602244175,-1.322645,1.309822515,-0.1718146213,0.231827554,0.2864328284,-1.25263623,1.57949025,1.321366438,1.404484501,-0.1895804915,-0.004077487733,-0.4297074823,0.09456344248,-0.04510234856,0.02368968023,0.1857327247,0.05240571392,-0.09958740171,0.0181033103,-0.1030660042,0.02016467212,0.01117721025,0.1284404594,0.02445821027,-0.02007861114,-0.01706929087,0.008259905694,0.0170845743,0.008259905694,0.07,0.05,0.065,0.1,0.04709196823
1.31,0.2561745506,-0.1132563916,-0.07689787026,0.03051461996,0,1,0.06994284734,0.9975510003,0,0,1.305402715,1.601793151,-1.322408104,1.311679842,-0.1712905641,0.23083168,0.2866138615,-1.25366689,1.579691897,1.321478211,1.405768905,-0.1893359094,-0.004278273844,-0.4298781752,0.09436081816,-0.04505730445,0.02361916493,0.1853094272,0.05228924583,-0.09936068108,0.01798960706,-0.1029350605,0.0201791302,0.01109887617,0.1281814894,0.02439271744,-0.01995489214,-0.01706882689,0.00825968699,0.01714288682,0.00825968699,0.075,0.05,0.065,0.1,0.04754299172
1.32,0.2554061642,-0.1129513879,-0.07677740617,0.03048565794,0,1,0.06994284734,0.9975510003,0,0,1.306346324,1.601342578,-1.322171912,1.313532937,-0.1707676717,0.2298380732,0.2867937576,-1.25469624,1.579893688,1.321589199,1.40705072,-0.1890919823,-0.004477822766,-0.4300488635,0.09415050207,-0.04500590366,0.02354593496,0.1848683862,0.05216607034,-0.09912236884,0.01787517325,-0.1027941047,0.02018947646,0.0110184839,0.1279126015,0.02432278154,-0.01983215839,-0.01706536955,0.008259477676,0.01720129738,0.008259477676,0.075,0.05,0.065,0.095,0.04799356476
1.33,0.2546390425,-0.1126466881,-0.07664494122,0.03045381067,0,1,0.06994284734,0.9975510003,0,0,1.307287829,1.600892519,-1.321936453,1.315381621,-0.170246011,0.2288468495,0.2869725093,-1.255724181,1.580095583,1.321699384,1.408329846,-0.1888487545,-0.004676144349,-0.4302195172,0.09393251192,-0.04494811601,0.02346999935,0.1844096148,0.05203618337,-0.09887245384,0.01776004657,-0.102643112,0.02019567602,0.01093605483,0.1276338131,0.02424839513,-0.01971046005,-0.01705890302,0.008259277859,0.01725979319,0.008259277859,0.075,0.05,0.065,0.095,0.0484436238
1.34,0.2538733055,-0.1123423213,-0.07650043607,0.03041906869,0,1,0.06994284734,0.9975510003,0,0,1.308227154,1.600443038,-1.321701753,1.317225717,-0.1697256491,0.2278581249,0.2871501098,-1.256750612,1.58029754,1.321808745,1.409606184,-0.1886062705,-0.00487324895,-0.4303901062,0.09370686707,-0.04488391285,0.02339136776,0.1839331298,0.05189958226,-0.09861092755,0.01764426468,-0.1024820598,0.02019769505,0.01085161094,0.1273451438,0.02416955183,-0.01958984712,-0.01704941226,0.008259087641,0.01731836129,0.008259087641,0.075,0.05,0.065,0.095,0.04889310496
1.35,0.253109074,-0.1120383164,-0.07634385423,0.03038142323,0,1,0.06994284734,0.9975510003,0,0,1.309164222,1.599994199,-1.321467839,1.319065048,-0.1692066533,0.2268720157,0.2873265524,-1.257775433,1.580499517,1.321917261,1.410879636,-0.188364575,-0.005069147421,-0.4305606003,0.0934735885,-0.04481326704,0.02331005039,0.183438952,0.05175626577,-0.09833778406,0.0175278652,-0.1023109276,0.02019550079,0.01076517486,0.1270466156,0.02408624636,-0.01947036945,-0.01703688301,0.008258907121,0.01737698863,0.008258907121,0.075,0.05,0.06,0.095,0.04934194408
1.36,0.2523464688,-0.1117347025,-0.0761751621,0.03034086621,0,1,0.06994284734,0.9975510003,0,0,1.310098958,1.599546066,-1.321234738,1.320899438,-0.1686890907,0.2258886378,0.2875018311,-1.258798542,1.580701472,1.322024913,1.412150102,-0.1881237125,-0.005263851116,-0.4307309691,0.0932326988,-0.04473615298,0.02322605806,0.1829271059,0.05160623404,-0.09805302007,0.01741088568,-0.1021296975,0.02018906157,0.01067676977,0.1267382527,0.02399847445,-0.01935207665,-0.01702130182,0.008258736391,0.01743566203,0.008258736391,0.075,0.05,0.06,0.095,0.04979007676
1.37,0.2515856112,-0.1114315088,-0.07599432894,0.03029739024,0,1,0.06994284734,0.9975510003,0,0,1.311031285,1.599098705,-1.321002478,1.322728709,-0.1681730283,0.2249081076,0.2876759399,-1.259819839,1.580903362,1.32213168,1.413417484,-0.1878837278,-0.005457371882,-0.4309011822,0.09298422213,-0.04465254661,0.02313940212,0.18239762,0.0514494886,-0.09775663486,0.01729336356,-0.1019383538,0.02017834683,0.01058641944,0.1264200817,0.02390623293,-0.01923501811,-0.01700265602,0.008258575541,0.01749436818,0.008258575541,0.075,0.05,0.06,0.095,0.05023743829
1.38,0.2508266228,-0.1111287645,-0.0758013269,0.03025098863,0,1,0.06994284734,0.9975510003,0,0,1.311961128,1.598652179,-1.320771084,1.324552685,-0.1676585334,0.2239305413,0.2878488736,-1.260839223,1.581105146,1.322237544,1.414681685,-0.1876446654,-0.005649722063,-0.4310712087,0.0927281842,-0.04456242542,0.0230500945,0.1818505263,0.05128603235,-0.09744863028,0.01717533617,-0.101736883,0.02016332711,0.01049414817,0.1260921315,0.02380951964,-0.01911924296,-0.01698093373,0.008258424654,0.01755309367,0.008258424654,0.075,0.05,0.06,0.095,0.05068396375
1.39,0.2500696254,-0.1108264988,-0.075596131,0.03020165536,0,1,0.06994284734,0.9975510003,0,0,1.312888409,1.598206555,-1.320540583,1.32637119,-0.1671456731,0.222956055,0.2880206269,-1.261856592,1.581306779,1.322342486,1.415942607,-0.1874065702,-0.005840914493,-0.4312410181,0.09246461224,-0.04446576844,0.02295814766,0.1812858605,0.05111586957,-0.09712901076,0.01705684067,-0.101525274,0.0201439741,0.01039998081,0.125754433,0.0237083335,-0.0190048,-0.01695612385,0.008258283809,0.01761182496,0.008258283809,0.075,0.05,0.06,0.095,0.05112958801
1.4,0.2493147409,-0.1105247412,-0.07537871913,0.03014938512,0,1,0.06994284734,0.9975510003,0,0,1.313813055,1.597761897,-1.320311001,1.328184049,-0.1666345144,0.2219847649,0.2881911953,-1.262871844,1.581508219,1.322446486,1.417200151,-0.1871694869,-0.006030962493,-0.4314105793,0.09219353496,-0.04436255626,0.02286357459,0.1807036621,0.05093900585,-0.09679778324,0.01693791405,-0.101303518,0.02012026062,0.01030394267,0.1254070194,0.02360267445,-0.01889173773,-0.01692821611,0.00825815308,0.01767054841,0.00825815308,0.08,0.05,0.06,0.095,0.05157424569
1.41,0.2485620918,-0.1102235209,-0.07514907208,0.0300941733,0,1,0.06994284734,0.9975510003,0,0,1.314734991,1.597318272,-1.320082366,1.329991085,-0.1661251244,0.221016787,0.2883605745,-1.26388488,1.581709421,1.322549525,1.418454221,-0.1869334602,-0.00621987987,-0.4315798615,0.09191498255,-0.04425277103,0.0227663888,0.1801039739,0.05075544815,-0.09645495723,0.01681859311,-0.1010716084,0.02009216065,0.0102060596,0.1250499261,0.02349254347,-0.01878010431,-0.016897201,0.008258032537,0.01772925027,0.008258032537,0.08,0.05,0.06,0.095,0.05201787125
1.42,0.2478118003,-0.1099228675,-0.07490717348,0.03003601596,0,1,0.06994284734,0.9975510003,0,0,1.315654141,1.596875744,-1.319854702,1.331792125,-0.1656175699,0.2200522375,0.2885287604,-1.264895596,1.581910343,1.322651586,1.41970472,-0.1866985347,-0.006407680913,-0.4317488335,0.09162898661,-0.0441363965,0.02266660432,0.1794868426,0.05056520474,-0.09610054475,0.0166989144,-0.1008295409,0.02005964935,0.01010635788,0.1246831905,0.02337794258,-0.01866994747,-0.01686306982,0.008257922244,0.01778791669,0.008257922244,0.08,0.05,0.055,0.095,0.05246039896
1.43,0.2470639892,-0.1096228104,-0.07465300986,0.02997490985,0,1,0.06994284734,0.9975510003,0,0,1.316570431,1.59643438,-1.319628036,1.333586993,-0.1651119178,0.219091232,0.2886957496,-1.265903891,1.582110939,1.322752649,1.420951552,-0.1864647553,-0.006594380388,-0.4319174642,0.09133558019,-0.04401341795,0.02256423567,0.1788523183,0.05036828522,-0.09573456032,0.01657891425,-0.1005773134,0.02002270304,0.01000486424,0.1243068523,0.02325887482,-0.01856131456,-0.01682581468,0.008257822261,0.01784653372,0.008257822261,0.08,0.05,0.055,0.095,0.05290176293
1.44,0.246318781,-0.1093233792,-0.07438657062,0.02991085244,0,1,0.06994284734,0.9975510003,0,0,1.317483786,1.595994246,-1.319402393,1.335375517,-0.164608235,0.2181338864,0.2888615387,-1.266909664,1.582311166,1.322852698,1.422194621,-0.1862321666,-0.006779993533,-0.4320857223,0.09103479771,-0.04388382227,0.02245929786,0.1782004546,0.05016470049,-0.09535702097,0.01645862869,-0.1003149263,0.01998129926,0.009901605823,0.1239209531,0.02313534425,-0.01845425247,-0.01678542846,0.008257732643,0.01790508733,0.008257732643,0.08,0.05,0.055,0.095,0.05334189711
1.45,0.2455762987,-0.1090246032,-0.07410784804,0.02984384186,0,1,0.06994284734,0.9975510003,0,0,1.318394134,1.595555408,-1.3191778,1.337157521,-0.164106588,0.2171803162,0.289026125,-1.267912813,1.582510979,1.322951714,1.42343383,-0.1860008131,-0.006964536058,-0.4322535766,0.09072667496,-0.04374759794,0.02235180639,0.1775313085,0.04995446275,-0.09496794621,0.01633809347,-0.1000423819,0.01993541676,0.009796610198,0.1235255365,0.02300735596,-0.01834880764,-0.01674190485,0.008257653438,0.01796356338,0.008257653438,0.08,0.05,0.055,0.09,0.05378073533
1.46,0.244836665,-0.1087265122,-0.07381683725,0.02977387695,0,1,0.06994284734,0.9975510003,0,0,1.319301401,1.595117932,-1.318954282,1.338932834,-0.1636070433,0.2162306367,0.2891895059,-1.268913237,1.582710334,1.32304968,1.424669086,-0.1857707396,-0.007148024135,-0.4324209956,0.09041124905,-0.04360473501,0.0222417772,0.1768449405,0.04973758549,-0.09456735802,0.01621734403,-0.09975968504,0.01988503549,0.009689905298,0.1231206482,0.02287491604,-0.01824502599,-0.01669523833,0.008257584692,0.01802194765,0.008257584692,0.08,0.05,0.055,0.09,0.05421821131
1.47,0.2441000029,-0.1084291355,-0.07351353629,0.02970095723,0,1,0.06994284734,0.9975510003,0,0,1.320205514,1.594681884,-1.318731864,1.340701284,-0.1631096675,0.2152849632,0.2893516794,-1.269910834,1.582909184,1.323146579,1.425900292,-0.1855419904,-0.007330474394,-0.432587948,0.09008855845,-0.04345522516,0.02212922672,0.1761414145,0.04951408348,-0.09415528087,0.01609641546,-0.09946684269,0.01983013665,0.009581519421,0.1227063359,0.02273803161,-0.01814295291,-0.01664542419,0.008257526445,0.01808022583,0.008257526445,0.08,0.05,0.055,0.09,0.05465425866
1.48,0.2433664353,-0.1081325029,-0.07319794607,0.02962508292,0,1,0.06994284734,0.9975510003,0,0,1.321106399,1.594247332,-1.318510572,1.342462698,-0.1626145267,0.2143434103,0.2895126435,-1.270905503,1.583107485,1.323242394,1.427127356,-0.1853146101,-0.007511903924,-0.4327544023,0.08975864288,-0.04329906166,0.02201417182,0.1754207977,0.04928397276,-0.09373174166,0.0159753425,-0.09916386407,0.01977070267,0.009471481204,0.1222826492,0.02259671076,-0.01804263325,-0.0165924585,0.008257478731,0.01813838356,0.008257478731,0.08,0.05,0.055,0.09,0.05508881091
1.49,0.242636085,-0.1078366437,-0.07287007034,0.02954625492,0,1,0.06994284734,0.9975510003,0,0,1.322003986,1.593814342,-1.318290431,1.344216906,-0.1621216869,0.2134060929,0.2896723969,-1.271897141,1.583305192,1.323337109,1.428350182,-0.185088643,-0.007692330256,-0.4329203269,0.08942154335,-0.04313623939,0.0218966298,0.1746831606,0.04904727064,-0.09329676975,0.01585415951,-0.09885076065,0.01970671726,0.009359819605,0.1218496396,0.02245096263,-0.01794411126,-0.01653633814,0.00825744158,0.01819640637,0.00825744158,0.08,0.05,0.055,0.09,0.05552180153
1.5,0.2419090748,-0.1075415876,-0.07252991578,0.02946447484,0,1,0.06994284734,0.9975510003,0,0,1.322898201,1.593382979,-1.318071464,1.345963737,-0.1616312142,0.2124731252,0.2898309385,-1.272885649,1.58350226,1.323430707,1.429568678,-0.1848641333,-0.007871771369,-0.4330856902,0.08907730213,-0.04296675485,0.02177661841,0.1739285773,0.04880399568,-0.09285039694,0.01573290044,-0.09852754611,0.01963816537,0.009246563877,0.1214073605,0.02230079732,-0.01784743059,-0.01647706076,0.008257415016,0.01825427974,0.008257415016,0.085,0.055,0.05,0.09,0.05595316392
1.51,0.2411855275,-0.1072473641,-0.0721774919,0.02937974497,0,1,0.06994284734,0.9975510003,0,0,1.323788974,1.592953312,-1.317853698,1.347703023,-0.1611431743,0.2115446213,0.2899882675,-1.273870924,1.583698641,1.323523173,1.430782752,-0.1846411254,-0.008050245675,-0.4332504608,0.08872596271,-0.04279060616,0.0216541558,0.1731571248,0.04855416771,-0.09239265744,0.01561159882,-0.0981942364,0.01956503323,0.009131743554,0.1209558674,0.02214622593,-0.01775263425,-0.01641462484,0.008257399061,0.01831198907,0.008257399061,0.085,0.055,0.05,0.09,0.05638283147
1.52,0.2404655658,-0.1069540025,-0.0718128111,0.02929206829,0,1,0.06994284734,0.9975510003,0,0,1.324676234,1.592525406,-1.317637156,1.349434594,-0.1606576326,0.2106206947,0.2901443835,-1.274852867,1.583894292,1.32361449,1.431992311,-0.1844196631,-0.008227772017,-0.4334146071,0.08836756978,-0.04260779308,0.02152926055,0.1723688835,0.04829780777,-0.09192358789,0.01549028777,-0.09785084968,0.01948730839,0.009015388426,0.1204952172,0.02198726056,-0.01765976458,-0.01634902961,0.008257393728,0.01836951971,0.008257393728,0.085,0.055,0.05,0.09,0.05681073753
1.53,0.2397493121,-0.1066615325,-0.07143588868,0.02920144847,0,1,0.06994284734,0.9975510003,0,0,1.325559909,1.592099328,-1.317421864,1.351158283,-0.1601746545,0.2097014588,0.2902992864,-1.275831375,1.584089165,1.323704644,1.433197263,-0.1841997905,-0.008404369663,-0.4335780974,0.08800216923,-0.04241831699,0.02140195163,0.171563937,0.04803493817,-0.09144322735,0.01536899992,-0.09749740632,0.01940497966,0.00889752852,0.120025469,0.02182391429,-0.01756886322,-0.01628027513,0.008257399028,0.01842685696,0.008257399028,0.085,0.055,0.05,0.09,0.05723681546
1.54,0.2390368888,-0.1063699834,-0.07104674277,0.02910788988,0,1,0.06994284734,0.9975510003,0,0,1.326439931,1.591675145,-1.317207844,1.352873923,-0.1596943051,0.2087870265,0.2904529764,-1.276806349,1.584283214,1.32379362,1.434397518,-0.1839815514,-0.008580058295,-0.4337409001,0.08762980812,-0.04222218092,0.02127224844,0.1707423721,0.04776558244,-0.09095161727,0.01524776745,-0.09713392892,0.01931803718,0.00877819408,0.1195466836,0.02165620119,-0.0174799711,-0.01620836222,0.008257414966,0.01848398604,0.008257414966,0.085,0.055,0.05,0.09,0.05766099863
1.55,0.2383284179,-0.1060793845,-0.07064539442,0.02901139757,0,1,0.06994284734,0.9975510003,0,0,1.327316229,1.591252923,-1.316995122,1.354581346,-0.1592166493,0.2078775104,0.2906054541,-1.277777688,1.584476395,1.323881402,1.435592984,-0.1837649894,-0.008754858006,-0.4339029838,0.08725053465,-0.04201938954,0.02114017072,0.1699042789,0.04748976532,-0.09044880151,0.01512662202,-0.09676044232,0.01922647239,0.008657415545,0.1190589234,0.02148413629,-0.01739312841,-0.01613329252,0.008257441542,0.01854089214,0.008257441542,0.085,0.055,0.05,0.09,0.05808322044
1.56,0.2376240215,-0.1057897652,-0.07023186752,0.0289119773,0,1,0.06994284734,0.9975510003,0,0,1.328188734,1.590832729,-1.31678372,1.356280389,-0.1587417517,0.2069730223,0.2907567203,-1.278745293,1.58466866,1.323967976,1.436783574,-0.183550148,-0.00892878929,-0.4340643167,0.08686439815,-0.04180994915,0.02100573863,0.1690497504,0.04720751281,-0.08993482631,0.01500559481,-0.09637697353,0.01913027808,0.008535223531,0.1185622528,0.02130773561,-0.01730837455,-0.01605506843,0.008257478751,0.0185975604,0.008257478751,0.085,0.055,0.05,0.09,0.05850341434
1.57,0.2369238211,-0.1055011547,-0.06980618886,0.02880963549,0,1,0.06994284734,0.9975510003,0,0,1.329057378,1.590414629,-1.316573663,1.357970887,-0.1582696765,0.2060736741,0.2909067763,-1.279709063,1.584859962,1.324053328,1.437969196,-0.1833370706,-0.009101873036,-0.4342248674,0.08647144909,-0.04159386775,0.02086897268,0.1681788828,0.04691885207,-0.08940974029,0.01488471647,-0.09598355181,0.01902944835,0.008411648809,0.1180567377,0.02112701612,-0.01722574816,-0.01597369314,0.008257526584,0.01865397591,0.008257526584,0.085,0.055,0.045,0.09,0.05892151383
1.58,0.2362279381,-0.1052135822,-0.06936838809,0.02870437928,0,1,0.06994284734,0.9975510003,0,0,1.329922093,1.589998691,-1.316364973,1.359652675,-0.157800488,0.2051795767,0.2910556234,-1.280668898,1.585050257,1.324137444,1.439149764,-0.1831258005,-0.009274130517,-0.4343846043,0.086071739,-0.04137115496,0.02072989377,0.1672917755,0.04662381153,-0.08887359446,0.01476401709,-0.09558020861,0.01892397867,0.008286722289,0.1175424459,0.0209419958,-0.01714528701,-0.01588917065,0.008257585026,0.01871012376,0.008257585026,0.085,0.055,0.045,0.09,0.05933745251
1.59,0.2355364936,-0.1049270768,-0.06891849775,0.02859621649,0,1,0.06994284734,0.9975510003,0,0,1.33078281,1.589584979,-1.316157674,1.361325593,-0.1573342499,0.2042908407,0.2912032636,-1.2816247,1.585239497,1.324220312,1.440325188,-0.1829163805,-0.009445583387,-0.434543496,0.08566532051,-0.04114182208,0.02058852312,0.1663885309,0.04632242079,-0.08832644218,0.01464352622,-0.09516697761,0.01881386585,0.008160474993,0.1170194467,0.02075269354,-0.01706702806,-0.01580150571,0.008257654059,0.01876598896,0.008257654059,0.085,0.055,0.045,0.085,0.05975116406
1.6,0.2348496083,-0.1046416675,-0.06845655325,0.02848515563,0,1,0.06994284734,0.9975510003,0,0,1.331639464,1.589173561,-1.315951789,1.362989479,-0.1568710257,0.2034075763,0.2913496989,-1.28257637,1.585427635,1.324301916,1.441495382,-0.1827088536,-0.009616253668,-0.4347015111,0.08525224731,-0.04090588208,0.02044488234,0.1654692545,0.04601471066,-0.08776833919,0.01452327284,-0.09474389466,0.01869910805,0.008032938044,0.1164878112,0.02055912922,-0.01699100739,-0.01571070387,0.008257733659,0.01882155652,0.008257733659,0.09,0.055,0.045,0.085,0.06016258228
1.61,0.2341674026,-0.1043573833,-0.06798259286,0.02837120591,0,1,0.06994284734,0.9975510003,0,0,1.332491986,1.588764502,-1.31574734,1.364644171,-0.1564108786,0.2025298929,0.2914949316,-1.283523809,1.585614626,1.324382246,1.442660261,-0.1825032623,-0.009786163742,-0.4348586181,0.08483257413,-0.0406633496,0.02029899336,0.1645340547,0.04570071316,-0.0871993436,0.01440328534,-0.09431099784,0.01857970481,0.00790414264,0.115947612,0.02036132369,-0.01691726018,-0.01561677146,0.008257823798,0.01887681142,0.008257823798,0.09,0.055,0.045,0.085,0.0605716411
1.62,0.2334899964,-0.104074253,-0.06749665774,0.02825437722,0,1,0.06994284734,0.9975510003,0,0,1.333340312,1.588357869,-1.31554435,1.366289512,-0.1559538714,0.2016578995,0.2916389644,-1.284466919,1.585800423,1.324461287,1.443819737,-0.1822996491,-0.009955336344,-0.4350147858,0.08440635675,-0.04041424097,0.02015087846,0.1635830431,0.0453804615,-0.08661951584,0.0142835915,-0.09386832743,0.01845565706,0.007774120041,0.1153989234,0.02015929872,-0.01684582069,-0.01551971558,0.008257924442,0.01893173864,0.008257924442,0.09,0.055,0.045,0.085,0.06097827459
1.63,0.2328175092,-0.1037923053,-0.06699879194,0.02813468016,0,1,0.06994284734,0.9975510003,0,0,1.334184375,1.587953726,-1.315342841,1.367925342,-0.1555000668,0.2007917043,0.2917818003,-1.285405602,1.58598498,1.324539028,1.444973726,-0.1820980561,-0.01012379455,-0.435169983,0.08397365196,-0.04015857419,0.02000056026,0.1626163342,0.04505399008,-0.08602891873,0.01416421852,-0.0934159259,0.01832696708,0.007642901543,0.1148418213,0.01995307704,-0.01677672225,-0.0154195441,0.008258035555,0.01898632311,0.008258035555,0.09,0.055,0.045,0.085,0.061382417
1.64,0.2321500602,-0.1035115689,-0.06648904236,0.02801212599,0,1,0.06994284734,0.9975510003,0,0,1.335024112,1.58755214,-1.315142836,1.369551505,-0.1550495269,0.1999314151,0.2919234425,-1.286339761,1.58616825,1.324615457,1.446122144,-0.1818985253,-0.01029156177,-0.4353241784,0.08353451755,-0.03989636894,0.01984806167,0.1616340454,0.04472133451,-0.0854276174,0.01404519295,-0.09295383792,0.01819363857,0.007510518466,0.114276383,0.01974268236,-0.01670999723,-0.01531626568,0.008258157094,0.01904054979,0.008258157094,0.09,0.055,0.045,0.085,0.06178400274
1.65,0.2314877678,-0.1032320723,-0.06596745878,0.02788672668,0,1,0.06994284734,0.9975510003,0,0,1.335859457,1.587153177,-1.314944355,1.371167846,-0.1546023136,0.199077139,0.2920638945,-1.2872693,1.586350186,1.324690563,1.447264908,-0.1817010985,-0.01045866175,-0.4354773411,0.0830890123,-0.03962764662,0.01969340596,0.1606362973,0.04438253157,-0.08481567935,0.0139265407,-0.09248211038,0.0180556766,0.007377002131,0.1137026876,0.01952813928,-0.01664567699,-0.01520988973,0.008258289013,0.01909440362,0.008258289013,0.09,0.055,0.04,0.085,0.06218296643
1.66,0.2308307503,-0.1029538438,-0.06543409386,0.02775849491,0,1,0.06994284734,0.9975510003,0,0,1.336690347,1.5867569,-1.314747421,1.372774209,-0.1541584883,0.1982289822,0.2922031599,-1.288194121,1.586530743,1.324764333,1.448401935,-0.1815058171,-0.01062511852,-0.43562944,0.08263719598,-0.03935243031,0.0195366167,0.1596232132,0.04403761924,-0.0841931744,0.01380828704,-0.09200079234,0.01791308765,0.007242383845,0.1131208156,0.01930947339,-0.0165837919,-0.01510042645,0.008258431262,0.01914786953,0.008258431262,0.09,0.055,0.04,0.085,0.0625792429
1.67,0.230179125,-0.1026769118,-0.06488900315,0.02762744401,0,1,0.06994284734,0.9975510003,0,0,1.337516719,1.586363376,-1.314552055,1.374370441,-0.1537181121,0.1973870504,0.2923412427,-1.289114129,1.586709874,1.324836757,1.449533143,-0.1813127223,-0.01079095643,-0.4357804442,0.08217912933,-0.03907074479,0.01937771776,0.1585949195,0.04368663668,-0.08356017471,0.0136904566,-0.09150993506,0.01776587963,0.007106694881,0.112530849,0.01908671118,-0.0165243713,-0.0149878868,0.008258583785,0.01920093247,0.008258583785,0.09,0.055,0.04,0.085,0.06262626951
1.68,0.2295330091,-0.1024013043,-0.06433224506,0.02749358804,0,1,0.06994284734,0.9975510003,0,0,1.33833851,1.585972668,-1.314358278,1.37595639,-0.1532812457,0.1965514487,0.2924781473,-1.290029228,1.586887532,1.324907823,1.450658452,-0.1811218552,-0.01095620015,-0.4359303231,0.08171487402,-0.03878261654,0.01921673333,0.1575515454,0.04332962425,-0.08291675478,0.01357307332,-0.09100959201,0.01761406182,0.006969966463,0.1119328713,0.01885988011,-0.01646744349,-0.01487228249,0.008258746523,0.01925357739,0.008258746523,0.09,0.055,0.04,0.085,0.06244861072
1.69,0.2288925188,-0.1021270493,-0.06376388087,0.02735694173,0,1,0.06994284734,0.9975510003,0,0,1.339155659,1.585584842,-1.31416611,1.377531906,-0.1528479495,0.1957222811,0.292613878,-1.290939324,1.587063673,1.324977523,1.45177778,-0.1809332564,-0.01112087458,-0.4360790459,0.08124449269,-0.03848807376,0.01905368788,0.1564932232,0.04296662348,-0.08226299143,0.01345616046,-0.09049981885,0.01745764495,0.006832229745,0.1113269675,0.01862900856,-0.01641303567,-0.014753626,0.008258919414,0.01930578928,0.008258919414,0.09,0.055,0.04,0.085,0.0622724701
1.7,0.22825777,-0.1018541747,-0.06318397474,0.0272175205,0,1,0.06994284734,0.9975510003,0,0,1.339968104,1.585199962,-1.313975573,1.379096838,-0.1524182832,0.1948996512,0.2927484396,-1.291844322,1.587238249,1.325045845,1.45289105,-0.1807469663,-0.01128500494,-0.4362265822,0.08076804891,-0.03818714635,0.01888860618,0.1554200879,0.04259767709,-0.08159896381,0.01333974061,-0.08998067343,0.01729664117,0.006693515798,0.1107132241,0.01839412582,-0.01636117397,-0.01463193058,0.00825910239,0.01935755312,0.00825910239,0.09,0.055,0.04,0.085,0.06209789365
1.71,0.2276288776,-0.1015827081,-0.06259259372,0.02707534047,0,1,0.06994284734,0.9975510003,0,0,1.340775785,1.58481809,-1.313786687,1.380651039,-0.1519923065,0.1940836616,0.2928818371,-1.292744129,1.587411216,1.325112781,1.453998182,-0.1805630251,-0.01144861668,-0.4363729015,0.08028560717,-0.03787986592,0.01872151331,0.1543322774,0.04222282899,-0.08092475338,0.01322383564,-0.08945221579,0.01713106404,0.006553855591,0.1100917289,0.01815526213,-0.01631188342,-0.01450721023,0.00825929538,0.01940885392,0.00825929538,0.09,0.055,0.04,0.085,0.06192492724
1.72,0.2270059561,-0.101312677,-0.06198980772,0.02693041845,0,1,0.06994284734,0.9975510003,0,0,1.341578641,1.584439291,-1.313599472,1.382194362,-0.1515700782,0.193274414,0.2930140754,-1.293638651,1.587582527,1.325178319,1.455099099,-0.1803814725,-0.01161173551,-0.4365179736,0.07979723288,-0.03756626583,0.01855243461,0.1532299327,0.04184212427,-0.08024044394,0.01310846673,-0.08891450819,0.01696092855,0.006413279977,0.1094625713,0.01791244866,-0.0162651879,-0.0143794797,0.008259498308,0.01945967674,0.008259498308,0.095,0.055,0.04,0.085,0.0617536166
1.73,0.2263891192,-0.1010441088,-0.06137568953,0.02678277195,0,1,0.06994284734,0.9975510003,0,0,1.342376613,1.584063629,-1.313413948,1.383726661,-0.1511516569,0.1924720096,0.2931451601,-1.294527796,1.587752136,1.325242452,1.456193725,-0.180202348,-0.01177438739,-0.4366617684,0.07930299235,-0.03724638112,0.0183813957,0.1521131973,0.04145560921,-0.07954612162,0.01299365436,-0.08836761507,0.01678625115,0.006271819674,0.108825842,0.01766571749,-0.01622111016,-0.0142487545,0.008259711098,0.01951000666,0.008259711098,0.095,0.055,0.04,0.085,0.06158400731
1.74,0.2257784798,-0.1007770306,-0.06075031481,0.02663241914,0,1,0.06994284734,0.9975510003,0,0,1.343169643,1.583691165,-1.313230134,1.385247793,-0.1507371008,0.1916765484,0.2932750966,-1.295411472,1.587919998,1.32530517,1.457281984,-0.1800256908,-0.01193659849,-0.4368042559,0.07880295282,-0.03692024858,0.01820842251,0.150982218,0.04106333128,-0.07884187483,0.01287941827,-0.08781160305,0.01660704971,0.006129505253,0.1081816332,0.01741510162,-0.01617967177,-0.01411505087,0.008259933665,0.01955982879,0.008259933665,0.095,0.055,0.035,0.085,0.0614161448
1.75,0.2251741502,-0.1005114694,-0.06011376211,0.02647937893,0,1,0.06994284734,0.9975510003,0,0,1.343957672,1.583321963,-1.31304805,1.386757615,-0.1503264675,0.1908881296,0.2934038908,-1.296289589,1.588086069,1.325366465,1.4583638,-0.1798515398,-0.01209839521,-0.4369454064,0.07829718238,-0.03658790672,0.0180335412,0.149837144,0.04066533912,-0.07812779433,0.01276577748,-0.08724654098,0.01642334353,0.005986367121,0.1075300383,0.01716063498,-0.01614089314,-0.01397838582,0.008260165924,0.01960912831,0.008260165924,0.095,0.055,0.035,0.08,0.0612500743
1.76,0.2245762416,-0.1002474519,-0.05946611284,0.02632367087,0,1,0.06994284734,0.9975510003,0,0,1.344740644,1.582956083,-1.312867714,1.388255986,-0.1499198141,0.1901068517,0.2935315486,-1.297162054,1.588250302,1.325426329,1.4594391,-0.1796799334,-0.01225980414,-0.4370851903,0.07778575004,-0.03624939578,0.01785677823,0.1486781277,0.04026168258,-0.07740397319,0.01265275029,-0.08667249988,0.01623515336,0.005842435507,0.1068711523,0.01690235242,-0.01610479345,-0.01383877711,0.008260407786,0.01965789042,0.008260407786,0.095,0.055,0.035,0.08,0.06108584087
1.77,0.2239848646,-0.0999850048,-0.05880745129,0.02616531523,0,1,0.06994284734,0.9975510003,0,0,1.345518502,1.582593589,-1.312689147,1.389742768,-0.1495171973,0.189332812,0.2936580761,-1.298028779,1.588412654,1.325484753,1.460507812,-0.1795109099,-0.01242085208,-0.4372235781,0.07726872568,-0.03590475775,0.01767816033,0.1475053242,0.0398524127,-0.0766705068,0.01254035426,-0.08608955299,0.01604250142,0.005697740447,0.1062050713,0.01664028967,-0.0160713907,-0.01369624321,0.008260659159,0.0197061004,0.008260659159,0.095,0.055,0.035,0.08,0.06092348934
1.78,0.223400129,-0.09972415438,-0.05813786464,0.02600433298,0,1,0.06994284734,0.9975510003,0,0,1.346291189,1.582234542,-1.312512365,1.391217821,-0.1491186732,0.1885661069,0.2937834796,-1.298889674,1.588573079,1.325541731,1.461569863,-0.179344507,-0.01258156598,-0.4373605405,0.07674618004,-0.03555403632,0.01749771447,0.1463188914,0.03943758169,-0.07592749286,0.0124286062,-0.08549777573,0.01584541134,0.005552311771,0.105531893,0.01637448342,-0.01604070165,-0.01355080336,0.008260919945,0.01975374358,0.008260919945,0.095,0.055,0.035,0.08,0.06076306432
1.79,0.2228221434,-0.09946492682,-0.05745744292,0.02584074576,0,1,0.06994284734,0.9975510003,0,0,1.347058651,1.581879002,-1.312337388,1.39268101,-0.1487242974,0.187806832,0.2939077657,-1.299744652,1.588731533,1.325597254,1.462625181,-0.1791807622,-0.012741973,-0.4374960485,0.07621818478,-0.03519727695,0.01731546791,0.1451189901,0.03901724299,-0.07517503138,0.0123175222,-0.08489724573,0.01564390822,0.005406179091,0.1048517163,0.01610497125,-0.01601274179,-0.01340247752,0.008261190048,0.01980080534,0.008261190048,0.095,0.055,0.035,0.08,0.06060461021
1.8,0.2222510159,-0.09920734807,-0.05676627906,0.0256745759,0,1,0.06994284734,0.9975510003,0,0,1.347820833,1.581527029,-1.312164233,1.3941322,-0.1483341249,0.1870550817,0.2940309409,-1.300593625,1.588887972,1.325651316,1.463673699,-0.1790197125,-0.01290210042,-0.4376300733,0.07568481236,-0.03483452682,0.01713144815,0.1439057838,0.0385914512,-0.0744132247,0.01220711757,-0.08428804283,0.01543801862,0.005259371784,0.1041646414,0.01583179164,-0.01598752539,-0.0132512864,0.008261469363,0.01984727116,0.008261469363,0.095,0.055,0.035,0.08,0.06044817113
1.81,0.2216868534,-0.09895144383,-0.05606446885,0.02550584645,0,1,0.06994284734,0.9975510003,0,0,1.348577681,1.581178683,-1.311992919,1.395571258,-0.1479482104,0.1863109494,0.2941530121,-1.301436505,1.589042352,1.325703909,1.464715345,-0.1788613946,-0.01306197567,-0.4377625862,0.07514613617,-0.03446583487,0.01694568296,0.1426794391,0.03816026216,-0.07364217746,0.01209740689,-0.08367024907,0.01522777052,0.005111918986,0.10347077,0.01555498399,-0.01596506541,-0.01309725144,0.008261757788,0.01989312657,0.008261757788,0.095,0.055,0.035,0.08,0.06029379094
1.82,0.2211297617,-0.09869723959,-0.05535211095,0.02533458112,0,1,0.06994284734,0.9975510003,0,0,1.349329142,1.580834025,-1.311823462,1.396998052,-0.1475666078,0.1855745276,0.2942739861,-1.302273208,1.58919463,1.325755028,1.465750053,-0.1787058447,-0.01322162633,-0.4378935587,0.07460223041,-0.03409125178,0.01675820036,0.1414401252,0.03772373289,-0.07286199663,0.01198840399,-0.08304394868,0.01501319338,0.004963849573,0.1027702047,0.0152745886,-0.01594537356,-0.01294039478,0.008262055213,0.01993835718,0.008262055213,0.095,0.055,0.035,0.08,0.06014151323
1.83,0.220579846,-0.09844476058,-0.05462930692,0.02516080433,0,1,0.06994284734,0.9975510003,0,0,1.350075164,1.580493113,-1.31165588,1.398412453,-0.1471893705,0.1848459077,0.2943938702,-1.303103647,1.589344762,1.325804667,1.466777755,-0.1785530988,-0.01338108006,-0.4380229626,0.07405317017,-0.03371082996,0.01656902862,0.140188014,0.03728192162,-0.0720727915,0.01188012194,-0.08240922813,0.01479431811,0.004815192156,0.1020630498,0.01499064668,-0.01592846023,-0.01278073934,0.00826236153,0.0199829487,0.00826236153,0.095,0.06,0.035,0.08,0.0599913813
1.84,0.22003721,-0.09819403179,-0.05389616118,0.02498454118,0,1,0.06994284734,0.9975510003,0,0,1.350815696,1.580156004,-1.31149019,1.399814333,-0.1468165512,0.1841251798,0.2945126714,-1.303927739,1.589492705,1.325852819,1.467798385,-0.1784031924,-0.01354036466,-0.43815077,0.07349903139,-0.03332462357,0.01637819628,0.1389232806,0.03683488779,-0.07127467366,0.01177257305,-0.08176617607,0.01457117707,0.004665975066,0.1013494108,0.01470320034,-0.01591433449,-0.01261830873,0.008262676625,0.02002688692,0.008262676625,0.095,0.06,0.03,0.08,0.05984343812
1.85,0.2195019568,-0.09794507796,-0.05315278102,0.02480581747,0,1,0.06994284734,0.9975510003,0,0,1.351550686,1.579822758,-1.311326408,1.401203566,-0.1464482024,0.183412433,0.2946303971,-1.304745401,1.589638417,1.325899479,1.468811879,-0.1782561604,-0.01369950801,-0.4382769531,0.07293989086,-0.03293268855,0.01618573212,0.1376461027,0.03638269206,-0.07046775704,0.01166576888,-0.08111488338,0.01434380406,0.004516226344,0.1006293942,0.0144122926,-0.01590300412,-0.01245312729,0.008263000383,0.02007015772,0.008263000383,0.1,0.06,0.03,0.08,0.05969772635
1.86,0.2189741882,-0.09769792356,-0.05239927661,0.02462465968,0,1,0.06994284734,0.9975510003,0,0,1.352280085,1.579493431,-1.31116455,1.402580027,-0.1460843755,0.1827077554,0.2947470548,-1.30555655,1.589781855,1.325944641,1.469818173,-0.1781120374,-0.01385853805,-0.4384014844,0.07237582624,-0.03253508256,0.01599166516,0.1363566607,0.03592539632,-0.06965215787,0.01155972024,-0.08045544314,0.01411223434,0.004365973734,0.09990310821,0.01411796738,-0.01589447554,-0.0122852201,0.008263332687,0.02011274709,0.008263332687,0.1,0.06,0.03,0.08,0.05955428831
1.87,0.2184540047,-0.09745259279,-0.051635761,0.024441095,0,1,0.06994284734,0.9975510003,0,0,1.353003844,1.57916808,-1.311004634,1.403943594,-0.1457251215,0.1820112339,0.294862652,-1.306361104,1.589922977,1.325988301,1.470817204,-0.1779708578,-0.01401748281,-0.4385243366,0.07180691604,-0.03213186502,0.01579602468,0.1350551381,0.03546306365,-0.06882799473,0.01145443717,-0.07978795066,0.01387650465,0.00421524467,0.09917066192,0.01382026948,-0.01588875384,-0.01211461293,0.008263673419,0.02015464113,0.008263673419,0.1,0.06,0.03,0.08,0.05941316597
1.88,0.2179415059,-0.09720910959,-0.05086235012,0.02425515129,0,1,0.06994284734,0.9975510003,0,0,1.353721913,1.578846762,-1.310846673,1.405294145,-0.1453704909,0.1813229539,0.2949771964,-1.307158984,1.590061742,1.326030453,1.471808911,-0.1778326551,-0.01417637034,-0.4386454827,0.07123323964,-0.0317230971,0.01559884022,0.1337417211,0.03499575839,-0.06799538849,0.01134992897,-0.07911250346,0.01363665313,0.004064066271,0.09843216586,0.01351924462,-0.01588584276,-0.0119413323,0.008264022455,0.02019582602,0.008264022455,0.1,0.06,0.03,0.08,0.05927440092
1.89,0.2174367903,-0.0969674976,-0.05007916277,0.02406685712,0,1,0.06994284734,0.9975510003,0,0,1.354434245,1.578529531,-1.310690685,1.406631562,-0.1450205333,0.180643,0.2950906957,-1.307950109,1.590198109,1.326071094,1.472793233,-0.1776974626,-0.01433522877,-0.4387648961,0.07065487726,-0.03130884172,0.01540014156,0.1324165986,0.0345235461,-0.06715446237,0.01124620419,-0.07842920129,0.0133927194,0.00391246533,0.0976877318,0.01321493941,-0.01588574467,-0.01176540542,0.008264379674,0.02023628808,0.008264379674,0.1,0.06,0.03,0.08,0.05913803439
1.9,0.2169399549,-0.09672778018,-0.04928632061,0.02387624173,0,1,0.06994284734,0.9975510003,0,0,1.355140794,1.578216442,-1.310536684,1.407955728,-0.1446752978,0.1799714554,0.2952031577,-1.308734401,1.590332036,1.326110218,1.47377011,-0.1775653132,-0.01449408622,-0.4388825501,0.07007190999,-0.03088916358,0.01519995872,0.1310799626,0.03404649357,-0.0663053419,0.01114327062,-0.07773814613,0.01314474454,0.003760468306,0.09693747271,0.01290740136,-0.01588846059,-0.01158686024,0.00826474495,0.02027601375,0.00826474495,0.1,0.06,0.03,0.08,0.05900410719
1.91,0.2164510956,-0.0964899804,-0.04848394821,0.02368333508,0,1,0.06994284734,0.9975510003,0,0,1.355841513,1.577907551,-1.310384684,1.409266528,-0.1443348329,0.179308402,0.2953145904,-1.309511782,1.590463483,1.326147823,1.474739485,-0.1774362392,-0.01465297082,-0.4389984187,0.0694844198,-0.0304641291,0.01499832199,0.1297320077,0.03356466886,-0.06544815497,0.0110411353,-0.07703944216,0.01289277105,0.003608101321,0.09618150284,0.01259667889,-0.01589399016,-0.01140572539,0.008265118158,0.02031498959,0.008265118158,0.1,0.06,0.03,0.08,0.05887265975
1.92,0.2159703072,-0.09625412102,-0.04767217297,0.0234881678,0,1,0.06994284734,0.9975510003,0,0,1.356536357,1.577602909,-1.310234701,1.410563848,-0.1439991862,0.1786539204,0.2954250018,-1.310282177,1.590592411,1.326183904,1.4757013,-0.1773102724,-0.01481191073,-0.439112476,0.06889248952,-0.03003380647,0.01479526189,0.1283729316,0.03307814123,-0.06458303177,0.01093980456,-0.07633319583,0.01263684287,0.00345539015,0.09541993767,0.01228282129,-0.01590233162,-0.01122203025,0.008265499169,0.02035320228,0.008265499169,0.1,0.06,0.03,0.08,0.05874373204
1.93,0.2154976831,-0.09602022448,-0.04685112522,0.02329077122,0,1,0.06994284734,0.9975510003,0,0,1.357225282,1.577302571,-1.310086748,1.411847577,-0.1436684048,0.1780080901,0.2955343998,-1.311045509,1.59071878,1.326218458,1.476655499,-0.1771874442,-0.01497093404,-0.4392246963,0.06829620286,-0.02959826564,0.01459080919,0.1270029346,0.03258698125,-0.06371010484,0.01083928394,-0.07561951578,0.01237700541,0.003302360215,0.09465289391,0.01196587875,-0.01591348184,-0.01103580488,0.008265887854,0.02039063865,0.008265887854,0.1,0.06,0.03,0.08,0.05861736361
1.94,0.2150333152,-0.09578831292,-0.04602093811,0.02309117735,0,1,0.06994284734,0.9975510003,0,0,1.357908244,1.577006589,-1.30994084,1.413117607,-0.143342535,0.1773709891,0.2956427927,-1.311801704,1.59084255,1.326251482,1.477602028,-0.1770677854,-0.01513006886,-0.4393350543,0.06769564438,-0.02915757832,0.01438499493,0.1256222201,0.03209126071,-0.06282950904,0.01073957829,-0.07489851294,0.0121133055,0.003149036583,0.09388048951,0.01164590238,-0.01592743631,-0.01084708007,0.008266284082,0.02042728566,0.008266284082,0.1,0.06,0.03,0.075,0.05849359355
1.95,0.2145772943,-0.09555840815,-0.04518174771,0.02288941891,0,1,0.06994284734,0.9975510003,0,0,1.358585201,1.576715013,-1.30979699,1.414373829,-0.1430216223,0.176742694,0.2957501885,-1.312550689,1.590963683,1.326282972,1.478540833,-0.1769513264,-0.01528934322,-0.4394435251,0.06709089958,-0.02871181795,0.01417785038,0.1242309941,0.03159105268,-0.06194138161,0.01064069171,-0.07417030043,0.01184579141,0.002995443959,0.09310284366,0.01132294417,-0.01594418909,-0.0106558873,0.008266687724,0.02046313042,0.008266687724,0.1,0.06,0.025,0.075,0.0583724605
1.96,0.2141297098,-0.09533053164,-0.04433369295,0.02268552929,0,1,0.06994284734,0.9975510003,0,0,1.35925611,1.576427895,-1.309655212,1.415616139,-0.1427057118,0.1761232802,0.2958565954,-1.313292392,1.591082141,1.326312926,1.479471861,-0.176838097,-0.01544878511,-0.439550084,0.06648205479,-0.02826105975,0.01396940709,0.1228294657,0.0310864315,-0.06104586209,0.0105426276,-0.07343499365,0.01157451282,0.002841606681,0.09232007676,0.01099705699,-0.01596373287,-0.01046225877,0.008267098647,0.02049816019,0.008267098647,0.1,0.06,0.025,0.075,0.05825400259
1.97,0.2136906495,-0.09510470455,-0.04347691562,0.02247954259,0,1,0.06994284734,0.9975510003,0,0,1.35992093,1.576145284,-1.309515518,1.416844434,-0.1423948475,0.1755128216,0.2959620217,-1.314026742,1.591197886,1.326341342,1.480395062,-0.1767281264,-0.01560842244,-0.4396547066,0.06586919728,-0.02780538068,0.01375969683,0.1214178468,0.03057747279,-0.06014309238,0.01044538861,-0.07269271022,0.01129952088,0.00268754872,0.09153231047,0.01066829462,-0.01598605893,-0.01026622738,0.008267516718,0.02053236239,0.008267516718,0.1,0.06,0.025,0.075,0.05813825746
1.98,0.2132602001,-0.09488094767,-0.0426115604,0.0222714936,0,1,0.06994284734,0.9975510003,0,0,1.360579622,1.57586723,-1.309377921,1.418058612,-0.1420890728,0.1749113906,0.2960664755,-1.314753669,1.591310881,1.326368218,1.481310385,-0.1766214434,-0.01576828303,-0.4397573688,0.06525241521,-0.02734485947,0.01354875167,0.1199963523,0.03006425345,-0.05923321674,0.01034897672,-0.07194357004,0.01102086814,0.002533293675,0.09073966767,0.01033671174,-0.01601115712,-0.01006782673,0.008267941804,0.02056572458,0.008267941804,0.1,0.06,0.025,0.075,0.05802526225
1.99,0.2128384464,-0.09465928144,-0.04173777486,0.02206141778,0,1,0.06994284734,0.9975510003,0,0,1.361232146,1.575593782,-1.309242433,1.419258576,-0.1417884302,0.1743190585,0.2961699653,-1.315473105,1.59142109,1.326393551,1.482217782,-0.1765180763,-0.0159283946,-0.4398580471,0.06463179766,-0.02687957659,0.01333660389,0.1185651999,0.02954685168,-0.05831638178,0.01025339317,-0.07118769525,0.01073860856,0.002378864773,0.08994227249,0.01000236391,-0.01603901592,-0.009867091147,0.008268373771,0.02059823451,0.008268373771,0.1,0.06,0.025,0.075,0.05791505357
2,0.2124254722,-0.09443972595,-0.04085570941,0.0218493513,0,1,0.06994284734,0.9975510003,0,0,1.361878464,1.575324986,-1.309109067,1.420444228,-0.1414929617,0.1737358946,0.2962724992,-1.316184982,1.591528476,1.32641734,1.483117205,-0.1764180527,-0.01608878476,-0.439956718,0.06400743461,-0.02640961426,0.01312328606,0.1171246102,0.02902534697,-0.05739273645,0.01015863854,-0.07042521024,0.01045279754,0.002224284864,0.08914025026,0.009665307605,-0.01606962239,-0.00966405563,0.008268812486,0.02062988009,0.008268812486,0.1,0.06,0.025,0.075,0.05780766748
2.01,0.2120213593,-0.09422230092,-0.03996551737,0.02163533102,0,1,0.06994284734,0.9975510003,0,0,1.362518539,1.57506089,-1.308977834,1.421615474,-0.1412027083,0.1731619673,0.2963740856,-1.316889234,1.591633004,1.326439582,1.484008607,-0.1763213996,-0.01624948099,-0.4400533586,0.063379417,-0.02593505646,0.01290883102,0.1156748068,0.02849982013,-0.05646243208,0.01006471272,-0.06965624168,0.01016349187,0.002069576424,0.0883337276,0.00932560017,-0.01610296216,-0.009458755903,0.008269257814,0.02066064939,0.008269257814,0.1,0.06,0.025,0.075,0.05770313951
2.02,0.2116261884,-0.09400702571,-0.03906735491,0.0214193945,0,1,0.06994284734,0.9975510003,0,0,1.363152333,1.574801539,-1.308848746,1.422772222,-0.1409177101,0.172597343,0.2964747328,-1.317585796,1.591734639,1.326460278,1.484891944,-0.1762281436,-0.01641051061,-0.4401479461,0.06274783669,-0.02545598891,0.01269327185,0.1142160163,0.02797035327,-0.05552562235,0.009971614918,-0.0688809185,0.009870749764,0.001914761554,0.08752283233,0.008983299862,-0.01613901948,-0.009251228385,0.008269709621,0.02069053068,0.008269709621,0.105,0.06,0.025,0.075,0.05760150459
2.03,0.2112400383,-0.09379391929,-0.0381613811,0.02120157996,0,1,0.06994284734,0.9975510003,0,0,1.363779811,1.574546979,-1.308721813,1.423914382,-0.1406380065,0.1720420867,0.2965744489,-1.318274605,1.591833346,1.326479426,1.485767173,-0.1761383106,-0.0165719008,-0.4402404584,0.0621127865,-0.02497249909,0.01247664192,0.1127484681,0.02743702983,-0.05458246331,0.009879343679,-0.06809937191,0.009574630829,0.00175986198,0.08670769355,0.008638465829,-0.01617777719,-0.009041510202,0.008270167775,0.0207195124,0.008270167775,0.105,0.06,0.025,0.075,0.05750279709
2.04,0.2108629863,-0.09358300024,-0.03724775787,0.02098192635,0,1,0.06994284734,0.9975510003,0,0,1.364400939,1.574297254,-1.308597047,1.425041867,-0.1403636362,0.1714962621,0.2966732423,-1.318955599,1.591929092,1.326497024,1.48663425,-0.1760519259,-0.01673367857,-0.4403308735,0.06147436021,-0.02448467623,0.01225897486,0.1112723948,0.02689993456,-0.05363311338,0.0097878969,-0.06731173538,0.009275196069,0.001604899054,0.08588844159,0.008291158117,-0.01621921671,-0.00882963918,0.008270632141,0.0207475832,0.008270632141,0.105,0.06,0.025,0.075,0.05740705078
2.05,0.2104951081,-0.09337428676,-0.03632665001,0.02076047329,0,1,0.06994284734,0.9975510003,0,0,1.365015683,1.574052408,-1.308474457,1.426154591,-0.1400946369,0.170959931,0.2967711213,-1.319628717,1.592021844,1.326513073,1.487493134,-0.1759690144,-0.01689587074,-0.4404191699,0.06083265259,-0.02399261129,0.01204030457,0.1097880317,0.02635915356,-0.05267773336,0.009697271837,-0.06651814467,0.008972507878,0.001449893758,0.08506520805,0.007941437667,-0.01626331808,-0.008615653851,0.008271102586,0.02077473191,0.008271102586,0.105,0.06,0.025,0.075,0.05731429882
2.06,0.2101364777,-0.09316779664,-0.03539822523,0.02053726108,0,1,0.06994284734,0.9975510003,0,0,1.365624009,1.573812482,-1.308354054,1.427252471,-0.1398310453,0.1704331536,0.296868094,-1.320293898,1.592111569,1.326527572,1.488343786,-0.1758896,-0.01705850392,-0.4405053265,0.06018775937,-0.02349639698,0.01182066525,0.1082956174,0.02581477429,-0.05171648643,0.009607465112,-0.06571873782,0.008666630035,0.001294866706,0.08423812578,0.00758936632,-0.01631005994,-0.008399593448,0.008271578978,0.02080094756,0.008271578978,0.105,0.06,0.025,0.075,0.05722457374
2.07,0.2097871674,-0.09296354727,-0.03446265407,0.02031233074,0,1,0.06994284734,0.9975510003,0,0,1.366225887,1.573577518,-1.308235847,1.428335427,-0.1395728976,0.1699159888,0.2969641687,-1.320951085,1.592198236,1.326540521,1.489186167,-0.1758137063,-0.01722160452,-0.4405893224,0.0595397773,-0.02299612776,0.01160009136,0.1067953934,0.02526688554,-0.05074953814,0.009518472734,-0.06491365517,0.008357627697,0.001139838144,0.08340732892,0.007235006814,-0.01635941952,-0.008181497911,0.008272061186,0.02082621937,0.008272061186,0.105,0.06,0.025,0.075,0.05713790744
2.08,0.2094472478,-0.09276155562,-0.03352010997,0.02008572397,0,1,0.06994284734,0.9975510003,0,0,1.366821284,1.573347556,-1.308119846,1.429403381,-0.1393202287,0.1694084934,0.2970593534,-1.321600222,1.592281812,1.326551919,1.490020241,-0.1757413563,-0.01738519872,-0.4406711374,0.05888880413,-0.02249189981,0.01137861765,0.1052876042,0.02471557746,-0.04977705645,0.009430290105,-0.06410303934,0.008045567394,0.0009848279608,0.08257295287,0.006878422787,-0.01641137268,-0.007961407883,0.008272549079,0.02085053681,0.008272549079,0.105,0.06,0.025,0.075,0.05705433116
2.09,0.2091167878,-0.09256183824,-0.03257076924,0.01985748315,0,1,0.06994284734,0.9975510003,0,0,1.367410173,1.573122637,-1.30800606,1.430456257,-0.139073073,0.1689107228,0.2971536563,-1.322241252,1.592362268,1.326561768,1.49084597,-0.175672572,-0.01754931244,-0.4407507515,0.05823493866,-0.02198381106,0.01115627916,0.1037724973,0.02416094158,-0.04879921169,0.009342912037,-0.06328703525,0.007730517022,0.0008298556869,0.08173513433,0.006519678777,-0.01646589389,-0.007739364713,0.008273042527,0.02087388951,0.008273042527,0.105,0.06,0.025,0.075,0.05697387549
2.1,0.2087958545,-0.09236441126,-0.03161481107,0.01962765135,0,1,0.06994284734,0.9975510003,0,0,1.367992522,1.572902799,-1.307894497,1.431493982,-0.1388314636,0.1684227307,0.2972470854,-1.322874123,1.592439573,1.326570066,1.491663322,-0.1756073752,-0.01771397138,-0.4408281451,0.0575782807,-0.02147196117,0.01093311123,0.1022503235,0.02360307081,-0.04781617659,0.009256332766,-0.06246579013,0.007412545835,0.0006749405029,0.08089401127,0.006158840224,-0.01652295626,-0.007515410457,0.008273541402,0.02089626737,0.008273541402,0.105,0.06,0.02,0.075,0.05689657032
2.11,0.2084845131,-0.09216929037,-0.03065241751,0.01939627237,0,1,0.06994284734,0.9975510003,0,0,1.368568305,1.57268808,-1.307785166,1.432516485,-0.1385954328,0.1679445689,0.2973396488,-1.323498781,1.592513698,1.326576816,1.492472262,-0.1755457868,-0.01787920095,-0.4409032992,0.05691893115,-0.02095645154,0.01070914949,0.1007213365,0.02304205944,-0.0468281263,0.009170545966,-0.0616394535,0.007091724441,0.0005201012452,0.080049723,0.005795973472,-0.0165825315,-0.00728958788,0.008274045577,0.02091766047,0.008274045577,0.105,0.06,0.02,0.075,0.05682244486
2.12,0.208182827,-0.09197649082,-0.02968377351,0.01916339064,0,1,0.06994284734,0.9975510003,0,0,1.369137494,1.572478515,-1.307678075,1.433523699,-0.1383650123,0.1674762877,0.2974313542,-1.324115175,1.592584616,1.326582017,1.493272759,-0.1754878271,-0.01804502626,-0.4409761951,0.05625699196,-0.02043738529,0.01048442989,0.09918579315,0.02247800316,-0.04583523835,0.009085544766,-0.06080817723,0.006768124789,0.000365356413,0.07920241012,0.005431145765,-0.01664459001,-0.007061940454,0.008274554927,0.02093805915,0.008274554927,0.105,0.06,0.02,0.075,0.05675152762
2.13,0.2078908578,-0.09178602741,-0.02870906688,0.01892905134,0,1,0.06994284734,0.9975510003,0,0,1.369700064,1.572274141,-1.30757323,1.434515557,-0.1381402322,0.1670179353,0.2975222097,-1.324723257,1.592652297,1.32658567,1.494064783,-0.1754335156,-0.01821147216,-0.4410468145,0.05559256619,-0.01991486727,0.01025898865,0.09764395353,0.02191099905,-0.04483769269,0.009001321762,-0.05997211546,0.00644182017,0.0002107241751,0.07835221455,0.005064425258,-0.01670910079,-0.006832512364,0.008275069327,0.02095745396,0.008275069327,0.105,0.06,0.02,0.075,0.05668384637
2.14,0.2076086652,-0.0915979145,-0.0277284883,0.0186933003,0,1,0.06994284734,0.9975510003,0,0,1.37025599,1.572074993,-1.307470641,1.435491996,-0.1379211222,0.1665695584,0.2976122229,-1.325322978,1.592716715,1.326587777,1.494848305,-0.1753828714,-0.01837856317,-0.4411151396,0.054925758,-0.01938900404,0.01003286235,0.09609608078,0.02134114562,-0.0438356717,0.008917869038,-0.05913142469,0.006112885203,5.622237986e-05,0.07749927957,0.004695881007,-0.01677603154,-0.006601348506,0.008275588655,0.0209758357,0.008275588655,0.105,0.06,0.02,0.075,0.05661942817
2.15,0.207336307,-0.09141216596,-0.02674223134,0.01845618407,0,1,0.06994284734,0.9975510003,0,0,1.370805247,1.571881102,-1.307370312,1.436452957,-0.1377077108,0.1661312017,0.2977014016,-1.325914292,1.592777844,1.32658834,1.495623298,-0.1753359126,-0.01854632348,-0.4411811531,0.05425667268,-0.0188599039,0.009806087848,0.09454244125,0.02076854281,-0.04282936015,0.00883517818,-0.05828626372,0.005781395827,-9.813143729e-05,0.07664374979,0.00432558298,-0.01684534859,-0.006368494492,0.00827611279,0.02099319542,0.00827611279,0.105,0.06,0.02,0.075,0.05655829932
2.16,0.2070738389,-0.09122879521,-0.02575049244,0.01821774986,0,1,0.06994284734,0.9975510003,0,0,1.371347814,1.571692503,-1.307272251,1.437398381,-0.1375000253,0.1657029081,0.2977897533,-1.326497155,1.592835658,1.326587358,1.496389736,-0.1752926568,-0.01871477697,-0.441244838,0.05358541664,-0.01832767684,0.009578702348,0.09298330447,0.02019329197,-0.04181894526,0.008753240295,-0.0574367937,0.005447429299,-0.0002523200432,0.07578577119,0.003953602054,-0.016917017,-0.006133996648,0.008276641615,0.02100952438,0.008276641615,0.105,0.06,0.02,0.075,0.05650048536
2.17,0.2068213147,-0.09104781519,-0.0247534709,0.0179780456,0,1,0.06994284734,0.9975510003,0,0,1.371883668,1.571509227,-1.307176464,1.438328214,-0.1372980924,0.1652847186,0.2978772858,-1.327071523,1.592890132,1.326584835,1.497147593,-0.1752531207,-0.01888394714,-0.441306178,0.0529120975,-0.01779243459,0.009350743377,0.09141894321,0.01961549591,-0.04080461667,0.00867204603,-0.05658317811,0.005111064181,-0.0004063264968,0.0749254911,0.003580010016,-0.01699100048,-0.00589790202,0.008277175014,0.02102481414,0.008277175014,0.105,0.06,0.02,0.075,0.05644601106
2.18,0.2065787864,-0.09086923837,-0.02375136893,0.0177371199,0,1,0.06994284734,0.9975510003,0,0,1.372412789,1.571331302,-1.307082957,1.439242404,-0.1371019375,0.1648766724,0.2979640062,-1.327637355,1.592941243,1.326580772,1.497896848,-0.1752173206,-0.01905385714,-0.441365157,0.05223682402,-0.01725429057,0.009122248795,0.08984963349,0.01903525887,-0.03978656645,0.008591585588,-0.05572558276,0.004772380329,-0.0005601341381,0.07406305828,0.003204879569,-0.01706726146,-0.005660258376,0.008277712871,0.02103905648,0.008277712871,0.105,0.06,0.02,0.075,0.05639490042
2.19,0.2063463036,-0.0906930767,-0.02274439159,0.01749502206,0,1,0.06994284734,0.9975510003,0,0,1.372935157,1.571158759,-1.306991734,1.4401409,-0.1369115849,0.1644788068,0.2980499221,-1.32819461,1.592988967,1.326575171,1.498637479,-0.1751852718,-0.01922452976,-0.4414217596,0.05155970619,-0.0167133599,0.008893256805,0.08827565458,0.01845268658,-0.03876498912,0.008511848748,-0.05486417584,0.004431458895,-0.0007137265756,0.07319862286,0.002828284329,-0.0171457611,-0.005421114205,0.008278255076,0.02105224345,0.008278255076,0.105,0.06,0.02,0.075,0.05634717662
2.2,0.2061239141,-0.09051934167,-0.02173274682,0.01725180208,0,1,0.06994284734,0.9975510003,0,0,1.373450754,1.570991626,-1.306902802,1.441023657,-0.136727058,0.1640911569,0.2981350406,-1.328743252,1.593033281,1.326568033,1.499369465,-0.175156989,-0.01939598737,-0.4414759708,0.05088085522,-0.01616975942,0.008663805955,0.08669728905,0.01786788623,-0.03774008165,0.008432824889,-0.05399912787,0.004088382304,-0.0008670876755,0.07233233641,0.002450298831,-0.01722645928,-0.005180518725,0.008278801519,0.02106436737,0.008278801519,0.105,0.06,0.02,0.075,0.05630286203
2.21,0.2059116635,-0.09034804423,-0.02071664543,0.01700751064,0,1,0.06994284734,0.9975510003,0,0,1.373959563,1.570829928,-1.306816163,1.44189063,-0.1365483792,0.1637137561,0.2982193688,-1.329283243,1.593074165,1.326559362,1.500092788,-0.175132486,-0.01956825196,-0.4415277759,0.05020038354,-0.01562360765,0.008433935148,0.0851148228,0.01728096648,-0.03671204342,0.008354503004,-0.05313061172,0.003743234258,-0.001020201546,0.07146435191,0.002070998528,-0.01730931464,-0.00493852188,0.008279352094,0.02107542083,0.008279352094,0.105,0.06,0.02,0.075,0.05626197821
2.22,0.2057095953,-0.09017919486,-0.01969630112,0.01676219911,0,1,0.06994284734,0.9975510003,0,0,1.374461567,1.570673692,-1.306731824,1.442741778,-0.1363755695,0.1633466356,0.2983029138,-1.32981455,1.593111597,1.32654916,1.500807432,-0.175111776,-0.01974134511,-0.4415771612,0.04951840488,-0.01507502479,0.008203683646,0.08352854506,0.01669203751,-0.03568107633,0.008276871724,-0.05225880263,0.003396099718,-0.001173052525,0.07059482381,0.001690459794,-0.01739428457,-0.004695174349,0.008279906696,0.02108539667,0.008279906696,0.105,0.06,0.02,0.075,0.05622454587
2.23,0.2055177509,-0.09001280348,-0.01867193046,0.01651591956,0,1,0.06994284734,0.9975510003,0,0,1.374956751,1.570522942,-1.306649787,1.443577063,-0.1362086491,0.1629898249,0.2983856826,-1.330337138,1.593145558,1.32653743,1.50151338,-0.1750948714,-0.01991528796,-0.4416241129,0.04883503425,-0.01452413276,0.007973091079,0.08193874843,0.01610121096,-0.03464738468,0.00819991934,-0.05138387823,0.003047064901,-0.001325625166,0.06972390801,0.001308759926,-0.01748132526,-0.004450527545,0.008280465226,0.02109428804,0.008280465226,0.105,0.06,0.02,0.075,0.05619058487
2.24,0.2053361694,-0.08984887951,-0.01764375288,0.01626872476,0,1,0.06994284734,0.9975510003,0,0,1.375445101,1.570377701,-1.306570056,1.444396451,-0.136047637,0.162643351,0.2984676817,-1.330850976,1.593176029,1.326524174,1.502210619,-0.1750817838,-0.02009010121,-0.4416686182,0.04815038795,-0.01397105514,0.00774219745,0.08034572891,0.01550860003,-0.03361117527,0.008123633826,-0.05050601849,0.002696217265,-0.001477904221,0.06885176193,0.0009259771504,-0.01757039166,-0.004204633619,0.008281027584,0.02110208835,0.008281027584,0.105,0.06,0.02,0.075,0.05616011422
2.25,0.2051648878,-0.08968743185,-0.01661199072,0.01602066815,0,1,0.06994284734,0.9975510003,0,0,1.375926605,1.57023799,-1.306492634,1.445199908,-0.135892551,0.1623072393,0.2985489181,-1.331356037,1.593202991,1.326509395,1.502899137,-0.1750725241,-0.02026580512,-0.4417106645,0.04746458366,-0.01341591718,0.007511043143,0.07874978594,0.01491431942,-0.03257265737,0.008048002857,-0.04962540579,0.002343645503,-0.001629874627,0.06797854445,0.0005421906177,-0.01766143758,-0.003957545467,0.008281593675,0.0211087913,0.008281593675,0.105,0.06,0.02,0.075,0.05613315205
2.26,0.2050039408,-0.08952846884,-0.01557686916,0.01577180387,0,1,0.06994284734,0.9975510003,0,0,1.376401251,1.570103831,-1.306417524,1.445987406,-0.1357434078,0.1619815127,0.2986293981,-1.331852291,1.593226428,1.326493096,1.503578922,-0.1750671021,-0.0204424195,-0.44175024,0.04677774037,-0.01285884582,0.007279668929,0.07715122238,0.01431848535,-0.03153204272,0.007973013835,-0.04874222487,0.001989439534,-0.001781521484,0.067104416,0.0001574804106,-0.01775441563,-0.003709316728,0.008282163408,0.0211143909,0.008282163408,0.105,0.06,0.02,0.075,0.05610971559
2.27,0.2048533609,-0.08937199829,-0.01453861627,0.01552218675,0,1,0.06994284734,0.9975510003,0,0,1.376869028,1.569975242,-1.306344727,1.446758918,-0.135600223,0.1616661923,0.2987091283,-1.332339713,1.593246322,1.326475281,1.504249966,-0.1750655273,-0.02061996366,-0.4417873331,0.0460899785,-0.01229996965,0.007048115976,0.07555034459,0.01372121561,-0.03048954553,0.007898653915,-0.04785666288,0.001633690488,-0.001932830048,0.06622953854,-0.0002280724546,-0.0178492773,-0.003460001794,0.008282736693,0.02111888142,0.008282736693,0.105,0.06,0.02,0.075,0.0560898212
2.28,0.2047131782,-0.08921802743,-0.013497463,0.01527187233,0,1,0.06994284734,0.9975510003,0,0,1.377329928,1.569852243,-1.306274246,1.447514421,-0.1354630108,0.1613612968,0.2987881148,-1.33281828,1.593262659,1.326455952,1.504912262,-0.1750678081,-0.02079845643,-0.4418219332,0.04540141983,-0.01173941895,0.006816425857,0.07394746244,0.01312262954,-0.02944538252,0.007824910024,-0.04696890934,0.001276490702,-0.0020837857,0.06535407561,-0.0006143860268,-0.01794597292,-0.003209655808,0.008283313446,0.02112225745,0.008283313446,0.105,0.06,0.02,0.075,0.05607348429
2.29,0.2045834205,-0.08906656298,-0.01245364318,0.01502091681,0,1,0.06994284734,0.9975510003,0,0,1.377783942,1.569734848,-1.306206082,1.448253896,-0.1353317845,0.161066843,0.2988663639,-1.333287969,1.593275424,1.326435114,1.505565803,-0.1750739519,-0.02097791616,-0.4418540297,0.04471218762,-0.01117732561,0.006584640553,0.07234288934,0.01252284805,-0.0283997729,0.007751768889,-0.04607915621,0.0009179337065,-0.00223437394,0.06447819231,-0.001001377416,-0.01804445173,-0.002958334673,0.008283893583,0.02112451389,0.008283893583,0.105,0.06,0.02,0.075,0.05606071938
2.3,0.2044641134,-0.08891761105,-0.01140739349,0.0147693771,0,1,0.06994284734,0.9975510003,0,0,1.378231064,1.569623075,-1.306140235,1.448977325,-0.135206556,0.1607828453,0.2989438816,-1.33374876,1.593284603,1.326412771,1.506210584,-0.1750839657,-0.02115836068,-0.4418836131,0.04402240657,-0.01061382322,0.006352802467,0.07073694224,0.01192199361,-0.02735293837,0.007679217059,-0.04518759782,0.0005581142146,-0.002384580358,0.06360205535,-0.001388962791,-0.0181446619,-0.002706095056,0.008284477027,0.02112564593,0.008284477027,0.105,0.06,0.02,0.075,0.05605154005
2.31,0.2043552799,-0.08877117719,-0.01035895351,0.0145173108,0,1,0.06994284734,0.9975510003,0,0,1.378671288,1.569516937,-1.306076707,1.449684694,-0.1350873361,0.1605093159,0.2990206737,-1.334200636,1.593290184,1.326388925,1.506846605,-0.1750978553,-0.0213398073,-0.441910674,0.04333220286,-0.01004904698,0.006120954429,0.06912994174,0.0113201903,-0.02630510314,0.007607240936,-0.04429443093,0.0001971281135,-0.002534390621,0.06272583308,-0.001777057376,-0.01824655051,-0.002452994387,0.008285063701,0.02112564907,0.008285063701,0.105,0.06,0.02,0.07,0.0560459589
2.32,0.2042569408,-0.08862726639,-0.009308565686,0.0142647762,0,1,0.06994284734,0.9975510003,0,0,1.37910461,1.569416447,-1.306015498,1.450375994,-0.1349741342,0.1602462648,0.2990967462,-1.33464358,1.593292156,1.326363581,1.507473863,-0.1751156259,-0.0215222728,-0.441935204,0.0426417042,-0.009483133742,0.005889139705,0.06752221201,0.01071756381,-0.02525649393,0.007535826795,-0.04339985472,-0.0001649275478,-0.002683790449,0.06184969549,-0.00216557545,-0.0183500636,-0.002199090872,0.008285653535,0.02112451913,0.008285653535,0.105,0.06,0.02,0.07,0.05604398762
2.33,0.2041691143,-0.08848588303,-0.008256475346,0.01401183228,0,1,0.06994284734,0.9975510003,0,0,1.379531027,1.569321615,-1.305956606,1.451051216,-0.1348669585,0.1599936999,0.2991721044,-1.335077579,1.593290506,1.326336743,1.50809236,-0.1751372817,-0.02170577344,-0.4419571949,0.04195103983,-0.008916221991,0.005657402006,0.06591408093,0.01011424141,-0.02420733998,0.007464960813,-0.04250407078,-0.0005279545685,-0.002832765593,0.06097381422,-0.002554430341,-0.01845514621,-0.001944443491,0.008286246461,0.02112225227,0.008286246461,0.105,0.06,0.015,0.07,0.0560456369
2.34,0.2040918162,-0.08834703091,-0.007202930688,0.01375853871,0,1,0.06994284734,0.9975510003,0,0,1.379950538,1.569232453,-1.305900032,1.451710357,-0.1347658161,0.1597516265,0.299246754,-1.33550262,1.593285227,1.326308415,1.508702098,-0.175162826,-0.0218903249,-0.4419766393,0.04126034055,-0.008348451838,0.005425785496,0.06430588005,0.00951035202,-0.02315787305,0.007394629098,-0.04160728316,-0.0008918536073,-0.002981301818,0.06009836265,-0.002943534424,-0.01856174237,-0.001689112006,0.008286842413,0.02111884493,0.008286842413,0.105,0.06,0.015,0.07,0.05605091644
2.35,0.2040250597,-0.08821071322,-0.006148182785,0.01350495586,0,1,0.06994284734,0.9975510003,0,0,1.380363141,1.569148968,-1.305845775,1.452353416,-0.1346707126,0.1595200478,0.2993207003,-1.335918693,1.593276308,1.326278602,1.509303082,-0.1751922613,-0.02207594232,-0.4419935304,0.04056973878,-0.007779965014,0.005194334802,0.06269794465,0.008906026197,-0.02210832742,0.007324817711,-0.04070969831,-0.001256524194,-0.003129384878,0.05922351583,-0.003332799118,-0.01866979513,-0.001433156967,0.008287441332,0.02111429392,0.008287441332,0.105,0.06,0.015,0.07,0.05605983498
2.36,0.2039688557,-0.08807693255,-0.005092485588,0.01325114478,0,1,0.06994284734,0.9975510003,0,0,1.380768838,1.569071169,-1.305793831,1.452980395,-0.1345816523,0.1592989645,0.2993939485,-1.33632579,1.593263743,1.326247309,1.509895317,-0.1752255893,-0.02226264027,-0.442007862,0.03987936856,-0.007210904864,0.004963095022,0.06109061377,0.008301396138,-0.02105893993,0.007255512701,-0.03981152513,-0.001621864739,-0.003277000492,0.05834945058,-0.003722134884,-0.01877924662,-0.001176639714,0.008288043161,0.02110859634,0.008288043161,0.105,0.06,0.015,0.07,0.05607240022
2.37,0.2039232123,-0.08794569088,-0.004036095923,0.01299716721,0,1,0.06994284734,0.9975510003,0,0,1.381167632,1.56899906,-1.3057442,1.453591301,-0.1344986384,0.1590883751,0.2994665036,-1.336723905,1.593247524,1.326214539,1.510478812,-0.1752628106,-0.02245043274,-0.4420196284,0.03918936556,-0.006641416342,0.004732111736,0.05948423023,0.007696595707,-0.02000994994,0.007186700126,-0.03891297499,-0.001987772547,-0.003424134323,0.05747634548,-0.004111451218,-0.01889003804,-0.0009196223842,0.008288647848,0.02110174965,0.008288647848,0.105,0.06,0.015,0.07,0.05608861887
2.38,0.2038881352,-0.08781698956,-0.002979273491,0.0127430856,0,1,0.06994284734,0.9975510003,0,0,1.381559526,1.568932646,-1.305696879,1.454186143,-0.1344216724,0.1588882756,0.2995383706,-1.337113035,1.593227647,1.326180297,1.511053575,-0.1753039252,-0.02263933312,-0.4420288246,0.03849986716,-0.006071646002,0.004501431013,0.05787914069,0.007091760438,-0.01896159935,0.007118366089,-0.03801426169,-0.002354143827,-0.003570771954,0.05660438091,-0.004500656652,-0.01900210967,-0.0006621679186,0.008289255342,0.02109375165,0.008289255342,0.105,0.06,0.015,0.07,0.0561084966
2.39,0.2038636274,-0.08769082931,-0.001922280869,0.01248896307,0,1,0.06994284734,0.9975510003,0,0,1.381944524,1.568871929,-1.305651865,1.454764935,-0.1343507548,0.1586986596,0.2996095543,-1.337493177,1.593204105,1.326144589,1.511619619,-0.1753489317,-0.02282935422,-0.4420354463,0.03781101246,-0.005501741994,0.004271099422,0.05627569565,0.006487027554,-0.01791413264,0.00705049676,-0.03711560149,-0.002720873705,-0.003716898862,0.05573373906,-0.004889658749,-0.01911540097,-0.0004043400657,0.0082898656,0.02108460047,0.0082898656,0.105,0.06,0.015,0.07,0.05613203803
2.4,0.2038496893,-0.08756721022,-0.0008653835089,0.01223486345,0,1,0.06994284734,0.9975510003,0,0,1.382322635,1.568816912,-1.305609154,1.455327692,-0.1342858846,0.1585195183,0.2996800593,-1.337864333,1.593176896,1.32610742,1.512176956,-0.1753978283,-0.02302050823,-0.4420394897,0.03712294227,-0.004931854054,0.004041164043,0.05467424954,0.005882535976,-0.01686779682,0.006983078411,-0.03621721313,-0.003087856235,-0.003862500397,0.05486460396,-0.0052783641,-0.01922985051,-0.0001462033879,0.008290478581,0.02107429457,0.008290478581,0.11,0.06,0.015,0.07,0.05615924677
2.41,0.2038463185,-0.08744613175,0.0001911502601,0.01198085124,0,1,0.06994284734,0.9975510003,0,0,1.382693864,1.568767593,-1.305568742,1.455874434,-0.1342270592,0.1583508403,0.29974989,-1.338226505,1.593146018,1.326068795,1.512725602,-0.175450612,-0.02321280673,-0.4420409517,0.0364357992,-0.004362133501,0.003811672476,0.05307516067,0.005278426335,-0.01582284148,0.006916097443,-0.03531931779,-0.00345498441,-0.004007561752,0.05399716153,-0.005666678317,-0.01934539608,0.0001121767332,0.008291094246,0.0210628328,0.008291094246,0.11,0.06,0.015,0.07,0.05619012533
2.42,0.2038535101,-0.08732759269,0.001247049235,0.01172699164,0,1,0.06994284734,0.9975510003,0,0,1.383058222,1.568723972,-1.305530626,1.456405186,-0.1341742749,0.1581926119,0.299819051,-1.338579698,1.593111468,1.32602872,1.513265574,-0.1755072787,-0.02340626069,-0.44203983,0.03574972767,-0.003792733225,0.003582672847,0.05147879136,0.004674840987,-0.01477951879,0.006849540417,-0.03442213916,-0.003822150176,-0.00415206794,0.05313159956,-0.006054506035,-0.01946197468,0.0003707340896,0.008291712564,0.02105021431,0.008291712564,0.11,0.06,0.015,0.07,0.05622467518
2.43,0.2038712565,-0.08721159118,0.002302039336,0.01147335056,0,1,0.06994284734,0.9975510003,0,0,1.383415719,1.568686045,-1.305494799,1.456919974,-0.1341275265,0.1580448167,0.2998875464,-1.33892392,1.593073246,1.325987199,1.51379689,-0.1755678238,-0.02360088044,-0.4420361226,0.03506487393,-0.003223807685,0.003354213827,0.04988550789,0.004071924027,-0.01373808348,0.006783394086,-0.0335259034,-0.004189244443,-0.004296003768,0.05226810779,-0.006441750906,-0.01957952254,0.0006294016427,0.008292333504,0.02103643866,0.008292333504,0.11,0.06,0.015,0.07,0.05626289668
2.44,0.203899547,-0.08709812472,0.00335584361,0.01121999458,0,1,0.06994284734,0.9975510003,0,0,1.383766368,1.568653806,-1.305461257,1.457418829,-0.1340868073,0.1579074359,0.2999553804,-1.339259179,1.593031354,1.325944239,1.514319571,-0.1756322413,-0.02379667566,-0.4420298286,0.03438138608,-0.002655512899,0.003126344634,0.04829568061,0.003469821297,-0.01269879287,0.006717645424,-0.03263083915,-0.004556157098,-0.00443935381,0.05140687791,-0.006828315592,-0.01969797517,0.0008881115157,0.008292957043,0.02102150572,0.008292957043,0.11,0.06,0.015,0.07,0.05630478912
2.45,0.2039383684,-0.08698719012,0.004408182224,0.01096699097,0,1,0.06994284734,0.9975510003,0,0,1.384110182,1.568627251,-1.305429993,1.457901786,-0.1340521091,0.1577804479,0.3000225568,-1.339585487,1.592985792,1.325899846,1.51483364,-0.1757005245,-0.02399365542,-0.4420209475,0.03369941414,-0.002088006435,0.002899115049,0.04670968391,0.002868680404,-0.01166190688,0.006652281658,-0.03173717754,-0.004922777014,-0.004582102378,0.05054810358,-0.007214101769,-0.0198172674,0.001146794988,0.008293583158,0.02100541576,0.008293583158,0.11,0.06,0.015,0.07,0.05635035069
2.46,0.2039877048,-0.0868787835,0.005458772475,0.0107144077,0,1,0.06994284734,0.9975510003,0,0,1.384447176,1.568606371,-1.305401002,1.458368883,-0.1340234223,0.1576638289,0.3000890796,-1.339902859,1.592936565,1.325854025,1.515339121,-0.1757726655,-0.02419182809,-0.4420094795,0.03301911007,-0.00152144741,0.002672575422,0.04512789631,0.002268650731,-0.010627688,0.0065872903,-0.03084515223,-0.005288992068,-0.004724233499,0.04969198047,-0.007599010113,-0.01993733336,0.00140538249,0.008294211833,0.02098816938,0.008294211833,0.11,0.06,0.015,0.07,0.05639957846
2.47,0.2040475371,-0.08677290033,0.006507328779,0.01046231343,0,1,0.06994284734,0.9975510003,0,0,1.384777367,1.568591157,-1.305374276,1.458820162,-0.1340007358,0.157557552,0.3001549525,-1.340211311,1.592883675,1.325806782,1.515836041,-0.1758486556,-0.02439120142,-0.4419954257,0.03234062777,-0.0009559964739,0.002446776687,0.04355070048,0.001669883454,-0.009596401368,0.006522659181,-0.02995499935,-0.00565468915,-0.004865730884,0.0488387063,-0.007982940307,-0.02005810656,0.001663803595,0.008294843055,0.02096976758,0.008294843055,0.105,0.06,0.015,0.07,0.05645246839
2.48,0.2041178436,-0.08666953537,0.007553562681,0.01021077752,0,1,0.06994284734,0.9975510003,0,0,1.385100773,1.568581597,-1.305349809,1.459255669,-0.1339840369,0.157461588,0.3002201791,-1.340510861,1.592827128,1.325758125,1.516324428,-0.175928485,-0.02459178249,-0.4419787877,0.03166412316,-0.0003918158087,0.002221770373,0.04197848325,0.001072531548,-0.008568314687,0.006458376479,-0.02906695756,-0.006019754176,-0.005006577899,0.04798848085,-0.00836579103,-0.02017951992,0.001921987013,0.008295476813,0.02095021172,0.008295476813,0.105,0.06,0.015,0.07,0.05650901528
2.49,0.2041985997,-0.08656868269,0.008597182848,0.009959870001,0,1,0.06994284734,0.9975510003,0,0,1.385417415,1.568577679,-1.305327591,1.459675453,-0.1339733116,0.1573759048,0.3002847629,-1.34080153,1.59276693,1.325708059,1.516804313,-0.1760121429,-0.02479357769,-0.4419595678,0.03098975417,0.0001709308823,0.00199760861,0.04041163569,0.0004767498101,-0.0075436983,0.006394430754,-0.02818126804,-0.006384072099,-0.005146757542,0.04714150601,-0.008747459952,-0.02030150575,0.002179860587,0.008296113104,0.02092950352,0.008296113104,0.105,0.06,0.015,0.075,0.05656921282
2.5,0.2042897776,-0.08647033564,0.009637895071,0.009709661612,0,1,0.06994284734,0.9975510003,0,0,1.385727312,1.568579388,-1.305307615,1.46007957,-0.1339685441,0.1573004678,0.3003487072,-1.341083343,1.59270309,1.325656592,1.517275728,-0.1760996175,-0.02499659275,-0.4419377692,0.03031768082,0.0007320783814,0.001774344147,0.03885055313,-0.0001173051347,-0.006522825167,0.006330810983,-0.02729817448,-0.006747526926,-0.005286252408,0.04629798577,-0.009127843738,-0.02042399584,0.002437351283,0.008296751924,0.02090764509,0.008296751924,0.105,0.06,0.015,0.075,0.05663305354
2.51,0.2043913469,-0.08637448689,0.01067540227,0.009460223776,0,1,0.06994284734,0.9975510003,0,0,1.386030489,1.568586709,-1.305289871,1.460468075,-0.1339697172,0.1572352396,0.3004120153,-1.341356325,1.592635614,1.325603729,1.517738707,-0.1761908959,-0.0252008327,-0.4419133957,0.0296480652,0.001291459964,0.001552030358,0.03729563518,-0.0007094748145,-0.005505970877,0.006267506588,-0.02641792312,-0.007110001728,-0.005425044662,0.0454581263,-0.009506838036,-0.02054692146,0.002694385184,0.008297393278,0.02088463894,0.008297393278,0.105,0.06,0.015,0.075,0.05670052881
2.52,0.204503274,-0.08628112836,0.01170940448,0.009211628611,0,1,0.06994284734,0.9975510003,0,0,1.38632697,1.568599623,-1.305274351,1.460841032,-0.1339768119,0.1571801799,0.3004746904,-1.341620504,1.592564514,1.325549479,1.518193289,-0.1762859643,-0.02540630192,-0.4418864518,0.02898107153,0.001848907408,0.001330721255,0.03574728579,-0.001299598898,-0.004493413656,0.006204507475,-0.02554076271,-0.007471378652,-0.005563116015,0.04462213595,-0.009884337476,-0.02067021341,0.002950887486,0.00829803717,0.02086048792,0.00829803717,0.105,0.06,0.015,0.075,0.05677162883
2.53,0.2046255223,-0.08619025126,0.01273959887,0.008963948923,0,1,0.06994284734,0.9975510003,0,0,1.38661678,1.568618112,-1.305261044,1.461198504,-0.1339898079,0.1571352457,0.3005367355,-1.341875911,1.592489801,1.325493847,1.51863951,-0.1763848077,-0.02561300405,-0.441856943,0.02831686623,0.002404250999,0.001110471502,0.03420591329,-0.001887515182,-0.003485434372,0.006141804062,-0.02466694456,-0.007831538937,-0.005700447685,0.04379022529,-0.01026023567,-0.02079380203,0.00320678249,0.00829868361,0.02083519532,0.00829868361,0.105,0.06,0.015,0.075,0.05684634261
2.54,0.2047580522,-0.08610184608,0.01376567972,0.008717258212,0,1,0.06994284734,0.9975510003,0,0,1.386899949,1.568642155,-1.305249939,1.461540564,-0.134008683,0.1571003914,0.3005981535,-1.342122581,1.592411485,1.325436843,1.519077412,-0.17648741,-0.02582094207,-0.4418248751,0.02765561786,0.002957319541,0.0008913364226,0.03267193043,-0.002473059574,-0.00248231654,0.006079387317,-0.02379672254,-0.008190362924,-0.005837020376,0.04296260712,-0.01063442519,-0.02091761725,0.003461993595,0.008299332612,0.02080876476,0.008299332612,0.105,0.06,0.015,0.075,0.056924658
2.55,0.2049008211,-0.08601590256,0.01478733846,0.008471630667,0,1,0.06994284734,0.9975510003,0,0,1.387176505,1.568671728,-1.305241026,1.461867283,-0.1340334136,0.1570755682,0.3006589474,-1.342360548,1.592329582,1.325378473,1.519507038,-0.1765937543,-0.02603011825,-0.4417902552,0.02699749726,0.003507940362,0.0006733720156,0.03114575439,-0.003056066079,-0.001484346335,0.00601724879,-0.02293035303,-0.008547730071,-0.005972814244,0.04213949654,-0.01100679761,-0.02104158861,0.00371644329,0.008299984193,0.0207812003,0.008299984193,0.105,0.06,0.015,0.075,0.05700656163
2.56,0.2050537832,-0.08593240968,0.01580426362,0.008227141172,0,1,0.06994284734,0.9975510003,0,0,1.38744648,1.568706808,-1.305234292,1.46217874,-0.1340639743,0.1570607248,0.3007191199,-1.342589852,1.592244104,1.325318745,1.519928433,-0.1767038223,-0.02624053413,-0.4417530908,0.02634267752,0.004055939324,0.0004566349641,0.02962780685,-0.003636366787,-0.0004918125895,0.005955380647,-0.02206809502,-0.008903518965,-0.006107808869,0.04132111095,-0.01137724342,-0.02116564532,0.003970053151,0.008300638373,0.02075250638,0.008300638373,0.105,0.055,0.015,0.075,0.05709203893
2.57,0.2052168896,-0.08585135569,0.01681614087,0.007983865298,0,1,0.06994284734,0.9975510003,0,0,1.387709907,1.568747367,-1.305229726,1.462475019,-0.134100338,0.1570558067,0.3007786737,-1.342810533,1.592155069,1.325257667,1.520341645,-0.1768175947,-0.02645219059,-0.4417133902,0.025691334,0.00460114083,0.0002411826483,0.02811851402,-0.004213791856,0.0004949931912,0.005893775704,-0.02121021003,-0.009257607337,-0.006241983223,0.04050767007,-0.01174565213,-0.02128971626,0.004222743831,0.008301295176,0.02072268783,0.008301295176,0.105,0.055,0.015,0.075,0.05718107412
2.58,0.2053900881,-0.08577272807,0.01782265299,0.00774187931,0,1,0.06994284734,0.9975510003,0,0,1.38796682,1.568793378,-1.305227314,1.462756204,-0.1341424759,0.1570607566,0.3008376114,-1.343022635,1.592062493,1.325195247,1.520746721,-0.1769350512,-0.02666508775,-0.4416711628,0.02504364444,0.005143367832,2.707315778e-05,0.02661830667,-0.004788169498,0.001475776828,0.005832427463,-0.02035696217,-0.009609872072,-0.00637531564,0.03969939604,-0.01211191215,-0.02141373002,0.004474435057,0.00830195463,0.02069174988,0.00830195463,0.105,0.055,0.015,0.075,0.0572736502
2.59,0.2055733237,-0.08569651355,0.01882347989,0.007501260164,0,1,0.06994284734,0.9975510003,0,0,1.388217257,1.568844812,-1.305227043,1.463022387,-0.1341903576,0.1570755144,0.3008959357,-1.343226204,1.591966394,1.325131494,1.521143715,-0.1770561703,-0.02687922505,-0.4416264184,0.02439978891,0.005682441841,-0.0001856346965,0.02512762018,-0.005359325965,0.002450241458,0.005771330143,-0.01950861812,-0.009960189224,-0.00650778379,0.03889651333,-0.01247591088,-0.02153761495,0.004725045617,0.008302616764,0.02065969818,0.008302616764,0.105,0.055,0.015,0.075,0.05736974892
2.6,0.2057665377,-0.08562269805,0.01981829861,0.007262085506,0,1,0.06994284734,0.9975510003,0,0,1.388461255,1.568901636,-1.305228899,1.463273663,-0.1342439508,0.1571000168,0.300953649,-1.343421291,1.591866792,1.325066416,1.52153268,-0.1771809295,-0.0270946012,-0.441579168,0.02375994989,0.006218182932,-0.0003968813703,0.02364689459,-0.005927085532,0.003418087532,0.005710478718,-0.01866544715,-0.01030843403,-0.006639364644,0.03809924891,-0.01283753467,-0.02166129919,0.004974493361,0.008303281612,0.02062653876,0.008303281612,0.105,0.055,0.015,0.075,0.05746935081
2.61,0.2059696685,-0.08555126676,0.02080678331,0.007024433676,0,1,0.06994284734,0.9975510003,0,0,1.388698854,1.568963818,-1.305232868,1.463510132,-0.1343032217,0.1571341976,0.3010107538,-1.343607945,1.591763708,1.325000022,1.521913673,-0.1773093048,-0.02731121419,-0.4415294231,0.02312431231,0.006750409753,-0.0006066065737,0.02217657461,-0.006491270485,0.004379012802,0.005649868946,-0.01782772111,-0.01065448093,-0.006770034445,0.03730783217,-0.01319666879,-0.02178471069,0.005222695191,0.008303949212,0.02059227808,0.008303949212,0.105,0.055,0.015,0.075,0.05757243515
2.62,0.2061826512,-0.08548220404,0.02178860527,0.006788383703,0,1,0.06994284734,0.9975510003,0,0,1.388930097,1.569031322,-1.305238934,1.463731898,-0.1343681344,0.1571779878,0.3010672525,-1.343786222,1.591657163,1.324932322,1.522286751,-0.1774412715,-0.0275290613,-0.4414771961,0.02249306353,0.007278939536,-0.0008147492592,0.02071710966,-0.007051701103,0.005332712319,0.005589497411,-0.01699571445,-0.01099820355,-0.006899768681,0.036522495,-0.01355319747,-0.02190777724,0.005469567053,0.008304619601,0.02055692299,0.008304619601,0.105,0.055,0.015,0.075,0.05767897996
2.63,0.2064054173,-0.08541549348,0.02276343291,0.006554015307,0,1,0.06994284734,0.9975510003,0,0,1.389155028,1.569104112,-1.305247082,1.463939069,-0.1344386514,0.1572313149,0.3011231474,-1.343956179,1.591547181,1.324863324,1.522651976,-0.1775768035,-0.02774813907,-0.4414225004,0.02186639344,0.007803588101,-0.001021247609,0.01926895395,-0.007608195647,0.006278878425,0.00552936155,-0.01616970423,-0.01133947476,-0.00702854205,0.03574347182,-0.01390700387,-0.02203042652,0.005715023933,0.008305292822,0.02052048077,0.008305292822,0.105,0.055,0.015,0.075,0.05778896199
2.64,0.2066378954,-0.08535111786,0.02373093176,0.006321408902,0,1,0.06994284734,0.9975510003,0,0,1.389373692,1.569182148,-1.305257294,1.464131758,-0.1345147334,0.1572941037,0.3011784411,-1.344117876,1.591433786,1.324793039,1.523009411,-0.1777158735,-0.02796844333,-0.4413653502,0.02124449447,0.008324169868,-0.001226039023,0.01783256647,-0.00816057034,0.007217200746,0.005469459691,-0.01534997011,-0.01167816667,-0.007156328436,0.03497099959,-0.01425797008,-0.02215258613,0.005958979848,0.00830596892,0.02048295911,0.00830596892,0.105,0.055,0.015,0.075,0.05790235674
2.65,0.2068800104,-0.08528905916,0.02469076448,0.006090645591,0,1,0.06994284734,0.9975510003,0,0,1.389586137,1.569265389,-1.305269555,1.464310084,-0.1345963391,0.1573662757,0.3012331357,-1.344271376,1.591317005,1.324721475,1.523359121,-0.1778584532,-0.0281899692,-0.4413057604,0.02062756158,0.008840497862,-0.001429060107,0.01640841106,-0.008708639354,0.008147366186,0.005409791086,-0.01453679436,-0.0120141506,-0.007283100873,0.03420531788,-0.01460597713,-0.02227418363,0.006201347845,0.008306647941,0.0204443661,0.008306647941,0.105,0.055,0.015,0.075,0.05801913841
2.66,0.207131684,-0.08522929853,0.02564259085,0.00586180717,0,1,0.06994284734,0.9975510003,0,0,1.389792412,1.569353794,-1.305283845,1.464474168,-0.1346834255,0.1574477493,0.3012872336,-1.344416744,1.591196863,1.324648644,1.523701174,-0.178004513,-0.02841271103,-0.4412437469,0.02001579238,0.009352383722,-0.001630246659,0.01499695643,-0.009252214798,0.009069058921,0.005350355945,-0.01373046187,-0.01234729718,-0.007408831521,0.03344666885,-0.01495090496,-0.02239514654,0.006442039987,0.008307329936,0.02040471027,0.008307329936,0.105,0.055,0.015,0.075,0.05813927991
2.67,0.2073928344,-0.08517181632,0.02658606778,0.005634976124,0,1,0.06994284734,0.9975510003,0,0,1.38999257,1.569447318,-1.305300148,1.464624138,-0.1347759476,0.1575384399,0.3013407371,-1.344554049,1.59107339,1.324574556,1.524035641,-0.178154022,-0.0286366625,-0.4411793265,0.01940938706,0.00985963771,-0.001829533658,0.01359867621,-0.009791106697,0.00998196039,0.00529115547,-0.01293126017,-0.01267747628,-0.007533491634,0.03269529732,-0.01529263244,-0.0225154024,0.006680967354,0.008308014956,0.02036400057,0.008308014956,0.105,0.055,0.02,0.075,0.05826275289
2.68,0.2076633764,-0.08511659204,0.02752084929,0.005410235632,0,1,0.06994284734,0.9975510003,0,0,1.390186664,1.569545915,-1.305318443,1.464760124,-0.1348738587,0.1576382595,0.3013936487,-1.344683361,1.590946615,1.324499221,1.524362594,-0.1783069483,-0.02886181652,-0.4411125168,0.01880854852,0.01036206872,-0.002026855253,0.01221404899,-0.01032512298,0.01088574929,0.005232191888,-0.01213947939,-0.01300455707,-0.007657051532,0.03195145075,-0.01563103735,-0.02263487881,0.006918040031,0.008308703055,0.02032224635,0.008308703055,0.105,0.055,0.02,0.075,0.05838952765
2.69,0.2079432212,-0.08506360436,0.02844658656,0.005187669562,0,1,0.06994284734,0.9975510003,0,0,1.39037475,1.569649535,-1.305338712,1.464882265,-0.1349771099,0.157747117,0.3014459706,-1.344804756,1.59081657,1.324422651,1.524682108,-0.1784632587,-0.02908816531,-0.4410433364,0.01821348232,0.01085948427,-0.002222144747,0.01084355833,-0.01085406947,0.01178010158,0.005173468485,-0.01135541232,-0.01332840802,-0.007779480571,0.03121537935,-0.01596599638,-0.02275350343,0.007153167108,0.008309394288,0.0202794574,0.008309394288,0.105,0.055,0.02,0.075,0.05851957322
2.7,0.2082322768,-0.08501283112,0.02936292784,0.004967362475,0,1,0.06994284734,0.9975510003,0,0,1.390556884,1.56975813,-1.305360933,1.4649907,-0.1350856506,0.157864918,0.3014977053,-1.34491831,1.590683286,1.324344856,1.524994262,-0.1786229187,-0.02931570034,-0.4409718048,0.01762439678,0.01135169056,-0.002415334589,0.00948769284,-0.01137774984,0.01266469045,0.005114989637,-0.0105793544,-0.01364889691,-0.007900747114,0.03048733602,-0.01629738513,-0.02287120405,0.007386256667,0.008310088712,0.02023564395,0.008310088712,0.105,0.055,0.02,0.075,0.0586528573
2.71,0.2085304473,-0.0849642493,0.03026951856,0.004749399624,0,1,0.06994284734,0.9975510003,0,0,1.390733128,1.569871647,-1.305385086,1.465085577,-0.1351994281,0.157991565,0.3015488552,-1.345024104,1.590546797,1.324265848,1.525299135,-0.1787858925,-0.02954441238,-0.4408979422,0.01704150295,0.01183849239,-0.00260635636,0.008146946173,-0.01189596566,0.01353918633,0.005056760847,-0.009811603681,-0.01396589085,-0.008020818508,0.02976757645,-0.01662507811,-0.02298790859,0.007617215783,0.008310786386,0.02019081664,0.008310786386,0.105,0.055,0.02,0.075,0.05878934627
2.72,0.2088376335,-0.08491783503,0.03116600125,0.00453386695,0,1,0.06994284734,0.9975510003,0,0,1.390903543,1.569990032,-1.30541115,1.465167047,-0.1353183878,0.1581269568,0.3015994228,-1.34512222,1.590407138,1.32418564,1.525596811,-0.1789521433,-0.02977429147,-0.44082177,0.0164650147,0.01231969327,-0.00279514076,0.006821817094,-0.01240851631,0.0144032569,0.00499878877,-0.009052460904,-0.01427925627,-0.00813966105,0.02905635909,-0.01694894873,-0.02310354515,0.007845950513,0.008311487369,0.02014498654,0.008311487369,0.105,0.055,0.02,0.075,0.05892900518
2.73,0.2091537324,-0.08487356357,0.03205201554,0.004320851089,0,1,0.06994284734,0.9975510003,0,0,1.391068194,1.570113229,-1.305439101,1.465235265,-0.1354424729,0.1582709894,0.3016494107,-1.345212744,1.590264345,1.324104244,1.525887375,-0.1791216328,-0.03000532692,-0.4407433105,0.0158951487,0.01279509536,-0.002981617599,0.005512809497,-0.01291519902,0.01525656706,0.004941081253,-0.008302229449,-0.01458885898,-0.008257239964,0.02835394521,-0.01726886927,-0.02321804202,0.008072365895,0.008312191724,0.02009816516,0.008312191724,0.105,0.055,0.02,0.075,0.05907179774
2.74,0.2094786377,-0.08483140933,0.03292719824,0.004110439367,0,1,0.06994284734,0.9975510003,0,0,1.391227145,1.57024118,-1.305468918,1.465290393,-0.1355716249,0.1584235551,0.3016988215,-1.345295767,1.590118457,1.324021671,1.526170914,-0.1792943215,-0.03023750734,-0.4406625869,0.01533212447,0.01326449949,-0.003165715782,0.004220432446,-0.01341580881,0.01609877891,0.00488364736,-0.007561215366,-0.01489456413,-0.008373519373,0.02766059895,-0.01758471095,-0.02333132773,0.008296365939,0.00831289951,0.02005036444,0.00831289951,0.105,0.055,0.02,0.075,0.05921768633
2.75,0.2098122391,-0.08479134581,0.03379118322,0.0039027198,0,1,0.06994284734,0.9975510003,0,0,1.391380466,1.570373825,-1.305500575,1.465332597,-0.135705783,0.1585845428,0.301747658,-1.345371379,1.589969511,1.323937936,1.52644752,-0.1794701686,-0.03047082062,-0.4405796232,0.01477616442,0.01372770518,-0.0033473633,0.002945200207,-0.01391013851,0.01692955181,0.004826497408,-0.006829727371,-0.01519623625,-0.008488462273,0.02697658728,-0.01789634383,-0.02344333109,0.008517853622,0.008313610792,0.02000159676,0.008313610792,0.105,0.055,0.02,0.075,0.05936663197
2.76,0.2101544228,-0.08475334566,0.03464360153,0.003697781098,0,1,0.06994284734,0.9975510003,0,0,1.391528228,1.570511102,-1.305534048,1.465362049,-0.1358448844,0.1587538384,0.3017959229,-1.345439676,1.589817549,1.323853051,1.526717286,-0.179649132,-0.03070525393,-0.4404944447,0.01422749385,0.01418451063,-0.003526487217,0.001687632284,-0.01439797875,0.01774854229,0.004769642992,-0.006108076856,-0.01549373925,-0.008602030509,0.02630218007,-0.01820363689,-0.02355398116,0.008736730885,0.008314325633,0.01995187493,0.008314325633,0.105,0.055,0.02,0.075,0.05951859433
2.77,0.2105050713,-0.08471738062,0.03548408132,0.003495712659,0,1,0.06994284734,0.9975510003,0,0,1.391670503,1.570652947,-1.305569313,1.465378926,-0.1359888642,0.1589313238,0.3018436194,-1.345500757,1.589662611,1.323767031,1.526980308,-0.1798311684,-0.03094079374,-0.4404070774,0.01368634101,0.01463471277,-0.00370301366,0.000448253448,-0.01487911789,0.01855540411,0.00471309702,-0.005396577892,-0.01578693646,-0.008714184747,0.02563765013,-0.01850645798,-0.02366320736,0.008952898625,0.008315044095,0.01990121221,0.008315044095,0.105,0.055,0.02,0.075,0.05967353173
2.78,0.2108640634,-0.08468342154,0.03631224786,0.003296604576,0,1,0.06994284734,0.9975510003,0,0,1.391807366,1.570799294,-1.305606343,1.465383408,-0.1361376554,0.1591168778,0.3018907503,-1.345554723,1.589504742,1.323679889,1.527236684,-0.180016233,-0.03117742581,-0.4403175484,0.01315293712,0.01507810721,-0.003876867805,-0.000772406231,-0.01535334208,0.01934978822,0.004656873736,-0.004695547233,-0.01607569058,-0.008824884454,0.02498327319,-0.01880467381,-0.02377093943,0.009166256693,0.008315766241,0.01984962227,0.008315766241,0.105,0.055,0.02,0.075,0.05983140109
2.79,0.211231274,-0.08465143836,0.03712772355,0.003100547631,0,1,0.06994284734,0.9975510003,0,0,1.391938896,1.570950075,-1.305645112,1.465375684,-0.1362911888,0.1593103757,0.3019373191,-1.345601678,1.589343985,1.32359164,1.527486517,-0.1802042797,-0.03141513521,-0.4402258858,0.01262751636,0.01551448826,-0.00404797387,-0.001973811351,-0.01582043518,0.02013134277,0.004600988754,-0.004005304324,-0.01635986378,-0.00893408787,0.02433932796,-0.01909815,-0.02387710749,0.009376703888,0.008316492136,0.01979711926,0.008316492136,0.105,0.055,0.02,0.075,0.059992158
2.8,0.2116065743,-0.08462140011,0.03793012792,0.002907633297,0,1,0.06994284734,0.9975510003,0,0,1.392065171,1.57110522,-1.305685592,1.465355946,-0.1364493931,0.1595116891,0.301983329,-1.345641731,1.589180387,1.323502299,1.52772991,-0.1803952612,-0.03165390628,-0.4401321188,0.01211031594,0.01594364897,-0.004216255103,-0.003155421152,-0.01628017881,0.02089971309,0.004545459084,-0.003326171301,-0.01663931761,-0.00904175199,0.02370609611,-0.01938675102,-0.02398164205,0.009584137951,0.008317221843,0.01974371775,0.008317221843,0.105,0.055,0.02,0.075,0.06015575663
2.81,0.2119898317,-0.08459327491,0.03871907762,0.002717953741,0,1,0.06994284734,0.9975510003,0,0,1.392186274,1.571264656,-1.305727754,1.465324392,-0.1366121949,0.1597206863,0.3020287836,-1.345674993,1.589013993,1.323411882,1.527966971,-0.1805891287,-0.0318937227,-0.4400362774,0.01160157612,0.01636538112,-0.004381633768,-0.004316689485,-0.01673235227,0.02165454171,0.004490303157,-0.002658473002,-0.01691391311,-0.00914783254,0.02308386234,-0.0196703402,-0.02408447405,0.009788455561,0.008317955422,0.01968943276,0.008317955422,0.105,0.055,0.02,0.075,0.06032214981
2.82,0.2123809097,-0.08456702995,0.03949418642,0.002531601818,0,1,0.06994284734,0.9975510003,0,0,1.39230229,1.57142831,-1.305771571,1.465281225,-0.1367795184,0.1599372317,0.3020736866,-1.345701578,1.588844854,1.323320404,1.52819781,-0.1807858321,-0.03213456745,-0.4399383928,0.01110154019,0.01677947519,-0.004544031142,-0.005457064784,-0.01717673258,0.02239546834,0.004435540852,-0.002002536965,-0.01718351072,-0.009252283955,0.0224729144,-0.01994877976,-0.02418553488,0.009989552335,0.008318692936,0.01963427975,0.008318692936,0.105,0.055,0.02,0.075,0.06049128894
2.83,0.212779668,-0.08454263147,0.04025506522,0.002348671077,0,1,0.06994284734,0.9975510003,0,0,1.392413305,1.571596105,-1.305817011,1.465226654,-0.1369512858,0.1601611864,0.302118042,-1.345721603,1.588673019,1.323227881,1.528422539,-0.1809853199,-0.03237642279,-0.4398384973,0.01061045455,0.01718572043,-0.004703367498,-0.006575990044,-0.01761309442,0.02312212986,0.00438119352,-0.001358693434,-0.01744797038,-0.009355059361,0.02187354304,-0.02022193076,-0.02428475638,0.01018732282,0.008319434444,0.01957827463,0.008319434444,0.105,0.055,0.02,0.075,0.06066312405
2.84,0.2131859622,-0.08452004481,0.04100132204,0.002169255757,0,1,0.06994284734,0.9975510003,0,0,1.39251941,1.571767962,-1.305864045,1.465160894,-0.1371274167,0.1603924077,0.3021618539,-1.34573519,1.588498539,1.32313433,1.528641274,-0.1811875393,-0.03261927036,-0.4397366241,0.01012856868,0.01758390481,-0.004859562102,-0.007672902794,-0.01804121017,0.02383416032,0.00432728401,-0.0007272753685,-0.01770715149,-0.009456110555,0.02128604212,-0.02048965313,-0.02438207089,0.01038166048,0.008320180006,0.01952143377,0.008320180006,0.105,0.05,0.02,0.075,0.06083760375
2.85,0.2135996443,-0.08449923432,0.04173256202,0.001993450788,0,1,0.06994284734,0.9975510003,0,0,1.392620695,1.571943801,-1.30591264,1.465084165,-0.1373078288,0.1606307493,0.3022051268,-1.345742463,1.588321468,1.323039769,1.528854135,-0.1813924358,-0.03286309107,-0.4396328075,0.009656135225,0.01797381506,-0.005012533199,-0.008747235073,-0.01846084986,0.02453119098,0.004273836691,-0.0001086184384,-0.01796091293,-0.009555387988,0.02071070856,-0.02075180566,-0.02447741125,0.01057245771,0.008320929678,0.01946377396,0.008320929678,0.105,0.05,0.02,0.075,0.06101467527
2.86,0.2140205621,-0.08448016344,0.04244838746,0.001821351793,0,1,0.06994284734,0.9975510003,0,0,1.392717257,1.572123539,-1.305962766,1.464996693,-0.1374924373,0.1608760612,0.3022478651,-1.345743549,1.588141859,1.322944215,1.529061242,-0.1815999538,-0.03310786518,-0.4395270829,0.009193409928,0.01835523666,-0.005162198006,-0.009798413408,-0.01887178115,0.02521285021,0.00422087747,0.0004969389649,-0.01820911306,-0.009652840745,0.02014784239,-0.02100824598,-0.02457071084,0.01075960584,0.008321683516,0.01940531247,0.008321683516,0.1,0.05,0.02,0.08,0.0611942844
2.87,0.2144485594,-0.08446279461,0.04314839772,0.001653055084,0,1,0.06994284734,0.9975510003,0,0,1.392809191,1.572307092,-1.306014388,1.464898709,-0.1376811551,0.1611281897,0.3022900739,-1.345738579,1.587959768,1.322847687,1.52926272,-0.1818100363,-0.03335357229,-0.4394194869,0.00874065172,0.01872795384,-0.005308472703,-0.0108258588,-0.01927376937,0.02587876359,0.004168433821,0.001089055729,-0.01845160974,-0.009748416534,0.01959774675,-0.02125883061,-0.02466190358,0.01094299508,0.008322441572,0.019346067,0.008322441572,0.1,0.05,0.02,0.08,0.06137637553
2.88,0.214883476,-0.08444708934,0.04383218935,0.001488657667,0,1,0.06994284734,0.9975510003,0,0,1.392896597,1.572494371,-1.306067472,1.46479045,-0.1378738928,0.1613869773,0.3023317582,-1.345727689,1.587775252,1.322750203,1.529458698,-0.1820226246,-0.03360019132,-0.4393100569,0.0082981227,0.01909174961,-0.005451272429,-0.01182898669,-0.01966657743,0.02652855386,0.004116534794,0.001667388014,-0.01868826033,-0.009842061669,0.01906072792,-0.02150341487,-0.02475092394,0.01112251457,0.008323203898,0.01928605571,0.008323203898,0.1,0.05,0.02,0.08,0.06156089162
2.89,0.2153251477,-0.08443300813,0.04449935598,0.001328257238,0,1,0.06994284734,0.9975510003,0,0,1.392979579,1.572685289,-1.306121985,1.46467216,-0.1380705586,0.1616522629,0.3023729236,-1.345711015,1.587588369,1.322651782,1.529649305,-0.1822376588,-0.03384770056,-0.4391988318,0.007866088164,0.01944640572,-0.00559051127,-0.01280720697,-0.02004996589,0.02716184089,0.004065211041,0.002231589254,-0.01891892172,-0.009933721054,0.01853709532,-0.02174185296,-0.02483770698,0.01129805237,0.008323970541,0.01922529723,0.008323970541,0.1,0.05,0.02,0.08,0.06174777423
2.9,0.2157734063,-0.08442051054,0.04514948838,0.001171952183,0,1,0.06994284734,0.9975510003,0,0,1.393058239,1.572879753,-1.30617789,1.464544088,-0.1382710582,0.1619238813,0.3024135757,-1.345688699,1.58739918,1.322552445,1.529834676,-0.1824550773,-0.03409607763,-0.4390858512,0.007444816611,0.01979170273,-0.005726102253,-0.01375992394,-0.02042369289,0.02777824176,0.004014494828,0.00278131015,-0.0191434503,-0.01002333818,0.0180271615,-0.02197399793,-0.02492218835,0.01146949544,0.008324741547,0.0191638106,0.008324741547,0.1,0.05,0.02,0.08,0.06193696344
2.91,0.2162280794,-0.08440955511,0.04578217445,0.001019841582,0,1,0.06994284734,0.9975510003,0,0,1.393132688,1.57307767,-1.306235151,1.464406489,-0.1384752952,0.1622016637,0.3024537207,-1.345660886,1.587207745,1.322452211,1.530014948,-0.1826748173,-0.03434529952,-0.4389711563,0.007034579759,0.02012741993,-0.005857957342,-0.0146865363,-0.02078751419,0.02837737067,0.003964420051,0.003316198668,-0.01936170198,-0.01011085509,0.0175312422,-0.02219970165,-0.02500430428,0.01163672963,0.008325516957,0.01910161536,0.008325516957,0.1,0.05,0.02,0.08,0.06212839795
2.92,0.2166889903,-0.0844000994,0.0463969992,0.0008720252042,0,1,0.06994284734,0.9975510003,0,0,1.393203033,1.573278944,-1.306293731,1.464259624,-0.1386831703,0.1624854374,0.3024933649,-1.345627724,1.587014128,1.322351103,1.53019026,-0.1828968143,-0.03459534256,-0.438854789,0.006634295172,0.0204549398,-0.005986593024,-0.01559011181,-0.02114289287,0.02896157475,0.003914946613,0.003837905715,-0.0195746891,-0.01019671077,0.01704816073,-0.02242005903,-0.02508475428,0.01180043771,0.008326296809,0.01903873148,0.008326296809,0.1,0.05,0.02,0.08,0.06232201497
2.93,0.2171559899,-0.0843921053,0.04700859676,0.0007260448628,0,1,0.06994284734,0.9975510003,0,0,1.393269376,1.573483494,-1.306353597,1.464103723,-0.1388945992,0.1627750531,0.3025325143,-1.345589345,1.586818381,1.322249136,1.530360742,-0.1831210149,-0.0348461901,-0.4387367846,0.006225952299,0.02079560484,-0.00612006311,-0.01651947919,-0.02151257459,0.02956724225,0.003865074282,0.004373068297,-0.01979781079,-0.01028754668,0.01655808861,-0.02265163689,-0.02517370813,0.01197123813,0.008327081161,0.0189751757,0.008327081161,0.1,0.05,0.025,0.08,0.06251776186
2.94,0.2176293475,-0.08438560569,0.04767242077,0.0005724775273,0,1,0.06994284734,0.9975510003,0,0,1.393331636,1.57369145,-1.306414797,1.463938528,-0.139109725,0.1630707256,0.3025711651,-1.345545614,1.586620403,1.32214626,1.530526323,-0.1833475312,-0.03509792718,-0.4386170722,0.005796797251,0.02116436231,-0.006264024215,-0.01750899312,-0.02191254196,0.03021988419,0.003814023475,0.004940450976,-0.02004183501,-0.01038803133,0.01604699514,-0.02290602328,-0.02527823308,0.0121565977,0.008327870378,0.0189109157,0.008327870378,0.1,0.05,0.025,0.08,0.06271573997
2.95,0.2181096259,-0.08438068343,0.04839251509,0.0004106075136,0,1,0.06994284734,0.9975510003,0,0,1.393389604,1.573903093,-1.306477438,1.463763438,-0.1393288504,0.1633729244,0.3026093053,-1.34549621,1.586419985,1.32204238,1.530686793,-0.1835765915,-0.03535070951,-0.4384955062,0.00534695995,0.02156087755,-0.006418369105,-0.01855805574,-0.02234249944,0.03091895646,0.00376171415,0.005539749875,-0.02030650038,-0.01049809102,0.01551504309,-0.02318294624,-0.02539810806,0.01235638952,0.00832866505,0.01884588482,0.00832866505,0.1,0.05,0.025,0.08,0.06291615832
2.96,0.218597381,-0.08437742057,0.04916756691,0.0002406285265,0,1,0.06994284734,0.9975510003,0,0,1.393443074,1.574118702,-1.306541621,1.463577857,-0.1395522754,0.163682114,0.3026469224,-1.345440812,1.58621692,1.321937399,1.530841943,-0.1838084209,-0.03560469059,-0.4383719424,0.004876857808,0.02198448434,-0.006582863336,-0.01966529917,-0.02280178695,0.03166334268,0.003708090087,0.00617024113,-0.02059130249,-0.0106175491,0.01496270672,-0.0234818738,-0.02553295044,0.01257031935,0.008329465774,0.01878001727,0.008329465774,0.1,0.05,0.025,0.08,0.06311922332
2.97,0.219093156,-0.08437589725,0.04999627253,6.273292613e-05,0,1,0.06994284734,0.9975510003,0,0,1.393491842,1.574338547,-1.30660745,1.463381204,-0.1397802933,0.1639987474,0.3026840033,-1.34537911,1.586011007,1.321831224,1.53099157,-0.1840432397,-0.0358600201,-0.4382462392,0.004386903534,0.02243452068,-0.006757275145,-0.02082936782,-0.0232897498,0.03245193501,0.003653093732,0.00683120613,-0.02089573951,-0.01074623179,0.01439045496,-0.023802278,-0.02568237811,0.0127980948,0.008330273149,0.01871324888,0.008330273149,0.1,0.05,0.025,0.08,0.06332513635
2.98,0.219597481,-0.08437619166,0.05087733738,-0.000122888272,0,1,0.06994284734,0.9975510003,0,0,1.393535711,1.574562892,-1.306675023,1.463172911,-0.1400131908,0.1643232667,0.3027205343,-1.345310798,1.585802049,1.321723761,1.531135475,-0.1842812625,-0.03611684388,-0.4381182582,0.003877504957,0.02291032876,-0.006941375495,-0.02204891849,-0.02380573896,0.0332836342,0.003596665886,0.007521931541,-0.02121931214,-0.01088396823,0.01379875137,-0.02414363494,-0.02584600937,0.01303942543,0.00833108778,0.01864551713,0.00833108778,0.1,0.05,0.025,0.08,0.06353409374
2.99,0.220110873,-0.08437838013,0.05180947597,-0.000316045397,0,1,0.06994284734,0.9975510003,0,0,1.393574486,1.574791995,-1.306744436,1.462952422,-0.1402512482,0.1646561031,0.3027565009,-1.345235578,1.585589856,1.321614922,1.531273462,-0.1845226988,-0.03637530397,-0.437987864,0.003349064949,0.02341125486,-0.007134938103,-0.02332262044,-0.02434911104,0.03415734953,0.003538745611,0.008241709339,-0.0215615236,-0.01103059052,0.01318805414,-0.02450542471,-0.02602346299,0.01329402271,0.008331910272,0.0185767611,0.008331910272,0.1,0.05,0.025,0.08,0.06374628686
3,0.2206338365,-0.08438253706,0.05279141197,-0.0005165501226,0,1,0.06994284734,0.9975510003,0,0,1.393607977,1.575026108,-1.306815786,1.462719195,-0.1404947393,0.1649976766,0.3027918884,-1.345153161,1.585374241,1.321504616,1.531405343,-0.184767753,-0.0366355386,-0.4378549237,0.002801981382,0.02393664942,-0.00733773944,-0.0246491554,-0.02491922843,0.0350719988,0.003479270156,0.008989836828,-0.02192187964,-0.01118593379,0.01255881607,-0.02488713145,-0.02621435812,0.01356160011,0.008332741238,0.01850692147,0.008332741238,0.1,0.05,0.025,0.08,0.0639619021
3.01,0.221166863,-0.084388735,0.05382187812,-0.0007242154671,0,1,0.06994284734,0.9975510003,0,0,1.393635997,1.575265474,-1.306889163,1.462472704,-0.1407439316,0.1653483966,0.3028266811,-1.345063263,1.585155022,1.321392756,1.531530931,-0.1850166244,-0.03689768218,-0.4377193077,0.002236647077,0.02448586694,-0.007549558751,-0.02602721758,-0.02551545925,0.03602650836,0.003418174899,0.009765616661,-0.02229988849,-0.01134983619,0.01191148455,-0.02528824331,-0.02641831433,0.01384187314,0.008333581291,0.01843594053,0.008333581291,0.1,0.05,0.025,0.08,0.06418112089
3.02,0.2217104316,-0.08439704462,0.05489961629,-0.0009388557934,0,1,0.06994284734,0.9975510003,0,0,1.393658363,1.575510333,-1.306964659,1.462212432,-0.1409990862,0.1657086617,0.3028608628,-1.344965607,1.584932023,1.321279258,1.531650046,-0.1852695068,-0.03716186533,-0.437580889,0.001653449778,0.02505826608,-0.007770178057,-0.02745551371,-0.02613717743,0.037019813,0.003355393295,0.01056835686,-0.02269506086,-0.01152213893,0.01124650157,-0.02570825246,-0.02663495158,0.01413455929,0.008334431053,0.01836376218,0.008334431053,0.1,0.05,0.025,0.08,0.06440411978
3.03,0.2222650088,-0.08440753475,0.05602337746,-0.001160286809,0,1,0.06994284734,0.9975510003,0,0,1.393674898,1.575760916,-1.307042361,1.461937876,-0.1412604579,0.1660788598,0.3028944168,-1.344859923,1.584705073,1.321164037,1.531762511,-0.1855265893,-0.03742821484,-0.4374395434,0.001052772132,0.02565320957,-0.007999382162,-0.02893276303,-0.02678376272,0.03805085604,0.00329085684,0.01139737082,-0.02310690993,-0.01170268626,0.01056430373,-0.02614665509,-0.02686389021,0.01443937814,0.008335291147,0.0182903319,0.008335291147,0.1,0.05,0.025,0.08,0.06463107039
3.04,0.2228310485,-0.08442027238,0.05719192174,-0.001388325566,0,1,0.06994284734,0.9975510003,0,0,1.393685425,1.576017448,-1.307122354,1.461648549,-0.1415282956,0.1664593683,0.3029273253,-1.34474595,1.584474004,1.32104701,1.531868154,-0.1857880559,-0.03769685375,-0.4372951496,0.0004349916777,0.02627006425,-0.00823695865,-0.03045769729,-0.02745460075,0.03911858925,0.003224495049,0.01225197733,-0.02353495136,-0.01189132551,0.009865322267,-0.02660295141,-0.02710475099,0.01475605134,0.008336162202,0.01821559674,0.008336162202,0.1,0.045,0.025,0.08,0.06486213949
3.05,0.2234089924,-0.08443532268,0.05840401832,-0.001622790462,0,1,0.06994284734,0.9975510003,0,0,1.393689775,1.576280148,-1.307204724,1.461343972,-0.1418028416,0.1668505542,0.3029595703,-1.34462343,1.584238654,1.320928096,1.531966807,-0.1860540854,-0.03796790126,-0.4371475891,-0.0001995191527,0.02690820107,-0.00848269789,-0.03202906071,-0.02814908296,0.04022197285,0.003156235441,0.01313150057,-0.02397870328,-0.01208790705,0.009149983027,-0.02707664562,-0.02735715511,0.01508430261,0.008337044854,0.01813950534,0.008337044854,0.095,0.045,0.025,0.08,0.065097489
3.06,0.2239992699,-0.08445274901,0.05965844553,-0.001863501237,0,1,0.06994284734,0.9975510003,0,0,1.39368778,1.57654923,-1.307289551,1.461023681,-0.1420843324,0.167252774,0.3029911327,-1.344492115,1.583998867,1.320807217,1.532058307,-0.1863248518,-0.03824147281,-0.4369967461,-0.000850393024,0.02756699506,-0.008736393029,-0.03364560999,-0.02886660671,0.04135997551,0.003086003539,0.01403527014,-0.02443768629,-0.01229228429,0.008418706525,-0.02756724596,-0.0276207242,0.01542385776,0.008337939745,0.0180620079,0.008337939745,0.095,0.045,0.025,0.08,0.06533727603
3.07,0.2246022983,-0.08447261293,0.0609539908,-0.002110278978,0,1,0.06994284734,0.9975510003,0,0,1.393679276,1.5768249,-1.307376915,1.460687225,-0.1423729985,0.1676663737,0.3030219927,-1.344351762,1.58375449,1.320684294,1.532142494,-0.1866005243,-0.03851768005,-0.4368425075,-0.001517267679,0.02824582539,-0.008997839986,-0.03530611426,-0.02960657523,0.04253157435,0.003013722872,0.01496262101,-0.02491142346,-0.01250431365,0.007671907963,-0.02807426466,-0.02789508033,0.01577444469,0.008338847519,0.01798305617,0.008338847519,0.095,0.045,0.025,0.085,0.0655816529
3.08,0.2252184828,-0.08449497422,0.06228945068,-0.002362946115,0,1,0.06994284734,0.9975510003,0,0,1.393664103,1.577107359,-1.307466893,1.460334164,-0.1426690642,0.1680916895,0.3030521299,-1.344202136,1.583505376,1.320559251,1.532219213,-0.1868812669,-0.03879663085,-0.4366847631,-0.002199785911,0.02894407532,-0.009266837446,-0.03700935508,-0.03036839764,0.04373575487,0.002939314999,0.01591289361,-0.02539944037,-0.01272385456,0.006909997255,-0.02859721793,-0.02817984612,0.01613579339,0.008339768832,0.01790260349,0.008339768832,0.095,0.045,0.025,0.085,0.06583076713
3.09,0.2258482164,-0.0845198909,0.06366363083,-0.002621326424,0,1,0.06994284734,0.9975510003,0,0,1.393642106,1.577396799,-1.307559562,1.45996407,-0.1429727482,0.168529047,0.3030815231,-1.344043007,1.583251382,1.320432013,1.532288313,-0.1871672391,-0.03907842931,-0.4365234051,-0.002897595529,0.02966113225,-0.009543186851,-0.03875412634,-0.03115148894,0.04497151102,0.00286269953,0.01688543371,-0.02590126507,-0.01295076935,0.006133379071,-0.029135626,-0.0284746447,0.01650763594,0.008340704342,0.01782060471,0.008340704342,0.095,0.045,0.03,0.085,0.06608476153
3.1,0.2264918805,-0.08454741921,0.06507534601,-0.002885245024,0,1,0.06994284734,0.9975510003,0,0,1.39361313,1.577693411,-1.307654993,1.459576529,-0.1432842631,0.1689787621,0.3031101501,-1.343874153,1.582992369,1.320302505,1.532349647,-0.1874585954,-0.03936317576,-0.4363583288,-0.003610349314,0.03039638769,-0.009826692384,-0.04053923426,-0.03195527003,0.04623784513,0.002783794167,0.01787959253,-0.02641642813,-0.01318492332,0.005342452875,-0.0296890131,-0.02877909976,0.0168897065,0.008341654717,0.01773701623,0.008341654717,0.095,0.045,0.03,0.085,0.06634377419
3.11,0.2271498445,-0.08457761368,0.06652342013,-0.00315452838,0,1,0.06994284734,0.9975510003,0,0,1.393577026,1.577997375,-1.30775326,1.459171137,-0.1436038158,0.1694411406,0.303137988,-1.343695357,1.582728205,1.320170656,1.532403071,-0.1877554855,-0.03965096676,-0.4361894317,-0.004337704969,0.03114923731,-0.01011716096,-0.04236349731,-0.03277916767,0.04753376793,0.00270251474,0.01889472667,-0.02694446264,-0.01342618458,0.004537612967,-0.03025690742,-0.02909283566,0.01728174128,0.008342620631,0.01765179598,0.008342620631,0.095,0.045,0.03,0.085,0.06660793847
3.12,0.2278224662,-0.08461052709,0.06800668617,-0.0034290043,0,1,0.06994284734,0.9975510003,0,0,1.393533649,1.578308867,-1.307854432,1.458747502,-0.1439316075,0.1699164783,0.3031650131,-1.343506409,1.58245876,1.320036394,1.532448447,-0.1880580546,-0.03994189511,-0.4360166143,-0.00507932506,0.03191908092,-0.0104144022,-0.04422574617,-0.03362261449,0.04885829853,0.002618775263,0.01993019809,-0.02748490424,-0.01367442407,0.003719248533,-0.03083884115,-0.02941547739,0.01768347858,0.008343602765,0.01756490344,0.008343602765,0.095,0.045,0.03,0.085,0.06687738309
3.13,0.2285100917,-0.08464621051,0.06952398624,-0.003708501939,0,1,0.06994284734,0.9975510003,0,0,1.393482856,1.578628058,-1.307958576,1.458305244,-0.1442678336,0.1704050612,0.3031912009,-1.343307107,1.582183911,1.31989965,1.53248564,-0.188366443,-0.04023604989,-0.4358397795,-0.005834876959,0.03270532249,-0.01071822844,-0.04612482366,-0.03448504896,0.05021046442,0.002532487994,0.02098537417,-0.02803729112,-0.01392951547,0.0028877437,-0.03143435045,-0.0297466507,0.01809465871,0.00834460181,0.01747629958,0.00834460181,0.095,0.045,0.03,0.085,0.06715223214
3.14,0.2292130556,-0.0846847133,0.07107417158,-0.003992851795,0,1,0.06994284734,0.9975510003,0,0,1.393424507,1.578955111,-1.308065758,1.457843996,-0.1446126841,0.1709071659,0.3032165258,-1.343097254,1.581903538,1.319760355,1.532514517,-0.1886807865,-0.0405335164,-0.4356588329,-0.006604032765,0.03350737017,-0.01102845467,-0.04805958465,-0.0353659154,0.05158930148,0.002443563495,0.02205962761,-0.02860116406,-0.01419133515,0.002043477586,-0.03204297545,-0.0300859821,0.01851502402,0.008345618462,0.01738594688,0.008345618462,0.095,0.045,0.03,0.085,0.06743260505
3.15,0.229931681,-0.08472608316,0.07265610251,-0.00428188571,0,1,0.06994284734,0.9975510003,0,0,1.393358467,1.579290185,-1.308176043,1.4573634,-0.1449663432,0.1714230589,0.3032409614,-1.342876657,1.581617526,1.319618441,1.532534952,-0.1890012163,-0.04083437622,-0.4354736827,-0.007386469236,0.03432463632,-0.01134489854,-0.05002889602,-0.03626466392,0.05299385391,0.002351910707,0.02315233649,-0.02917606643,-0.0144597621,0.001186824362,-0.03266426025,-0.03043309897,0.01894431883,0.008346653428,0.01729380934,0.008346653428,0.095,0.045,0.03,0.085,0.06771861669
3.16,0.2306662797,-0.08477036607,0.07426864849,-0.004575436872,0,1,0.06994284734,0.9975510003,0,0,1.393284602,1.579633431,-1.308289492,1.456863111,-0.1453289899,0.1719529974,0.3032644805,-1.342645134,1.581325766,1.319473844,1.53254682,-0.1893278589,-0.04113870721,-0.4352842395,-0.008181867706,0.03515653748,-0.01166738037,-0.05203163657,-0.03718075043,0.0544231743,0.002257437029,0.02426288422,-0.02976154425,-0.01473467783,0.0003181533108,-0.03329775291,-0.03078762959,0.01938228948,0.008347707421,0.01719985244,0.008347707421,0.095,0.045,0.03,0.085,0.06801037735
3.17,0.2314171522,-0.0848176064,0.07591068809,-0.004873339813,0,1,0.06994284734,0.9975510003,0,0,1.393202783,1.579984996,-1.308406166,1.456342795,-0.1457007974,0.1724972292,0.3032870549,-1.342402505,1.58102815,1.319326497,1.532550002,-0.1896608364,-0.0414465835,-0.4350904166,-0.008989914001,0.03600249445,-0.01199572303,-0.05406669692,-0.03811363659,0.05587632359,0.002160048399,0.02539065952,-0.03035714618,-0.01501596634,-0.0005621711056,-0.03394300544,-0.03114920325,0.01982868423,0.008348781164,0.01710404317,0.008348781164,0.095,0.045,0.03,0.085,0.06830799279
3.18,0.232184588,-0.08486784683,0.07758110896,-0.005175430411,0,1,0.06994284734,0.9975510003,0,0,1.393112884,1.580345021,-1.308526123,1.455802128,-0.1460819337,0.1730559924,0.3033086554,-1.342148599,1.580724579,1.319176337,1.53254438,-0.1900002664,-0.04175807553,-0.4348921298,-0.009810298346,0.03686193226,-0.01232975203,-0.05613297946,-0.03906278979,0.05735237107,0.002059649387,0.02653505641,-0.03096242357,-0.01530351399,-0.001453789182,-0.03459957379,-0.03151745025,0.02028325327,0.00834987539,0.01700634998,0.00834987539,0.09,0.045,0.03,0.085,0.06861156426
3.19,0.2329688653,-0.08492112842,0.07927880792,-0.005481545885,0,1,0.06994284734,0.9975510003,0,0,1.393014781,1.580713641,-1.30864942,1.455240798,-0.1464725616,0.1736295161,0.3033292519,-1.341883248,1.580414955,1.319023302,1.532529842,-0.1903462622,-0.04207325004,-0.4346892972,-0.01064271527,0.03773428018,-0.01266929541,-0.05822939824,-0.04002768313,0.05885039437,0.001956143284,0.02769547421,-0.03157693049,-0.01559720945,-0.002356345899,-0.03526701787,-0.03189200206,0.02074574868,0.008350990839,0.01690674279,0.008350990839,0.09,0.04,0.03,0.085,0.06862250243
3.2,0.2337702515,-0.08497749062,0.08100269085,-0.005791524802,0,1,0.06994284734,0.9975510003,0,0,1.392908354,1.581090984,-1.308776113,1.454658504,-0.1468728385,0.1742180201,0.3033488133,-1.341606293,1.580099185,1.31886733,1.532506279,-0.1906989324,-0.04239217006,-0.4344818397,-0.01148686353,0.03861897181,-0.01301418375,-0.06035487888,-0.04100779536,0.06036947945,0.001849432203,0.02887131748,-0.03220022374,-0.0158969436,-0.003269490852,-0.03594490149,-0.03227249133,0.0212159244,0.00835212826,0.016805193,0.00835212826,0.09,0.04,0.035,0.085,0.06824515963
3.21,0.2345890028,-0.08503697126,0.08275167277,-0.006105207073,0,1,0.06994284734,0.9975510003,0,0,1.392793485,1.581477173,-1.308906255,1.454054955,-0.1472829164,0.1748217149,0.3033673076,-1.34131758,1.579777183,1.318708361,1.532473584,-0.1910583814,-0.04271489497,-0.4342696805,-0.01234244596,0.03951544502,-0.01336425013,-0.06250835848,-0.04200261087,0.06190872064,0.001739417184,0.03006199603,-0.03283186291,-0.01620260944,-0.004192878177,-0.03663279243,-0.03265855202,0.0216935362,0.008353288412,0.01670167345,0.008353288412,0.09,0.04,0.035,0.09,0.06785896991
3.22,0.235425365,-0.08509960658,0.08452467782,-0.006422433953,0,1,0.06994284734,0.9975510003,0,0,1.392670061,1.581872328,-1.309039898,1.453429872,-0.1477029425,0.1754408021,0.3033847018,-1.34101696,1.579448864,1.318546334,1.532431655,-0.1914247093,-0.04304148049,-0.4340527451,-0.01320916942,0.04042314202,-0.0137193301,-0.06468878552,-0.04301161964,0.06346722056,0.001625998297,0.03126692489,-0.03347141039,-0.01651410197,-0.005126166476,-0.03733026237,-0.03304981943,0.02217834166,0.008354472063,0.01659615845,0.008354472063,0.09,0.04,0.035,0.09,0.06746381546
3.23,0.2362795729,-0.08516543123,0.08632063922,-0.006743048042,0,1,0.06994284734,0.9975510003,0,0,1.392537969,1.582276559,-1.309177091,1.452782984,-0.1481330587,0.1760754743,0.3034009618,-1.340704291,1.57911415,1.318381193,1.532380393,-0.1917980119,-0.04337197869,-0.4338309617,-0.01408674465,0.04134150937,-0.01407926168,-0.06689511978,-0.0440343172,0.06504409021,0.001509074756,0.03248552427,-0.0341184314,-0.01683131815,-0.006069018738,-0.03803688688,-0.03344593035,0.02267010007,0.008355679991,0.01648862372,0.008355679991,0.09,0.04,0.035,0.09,0.06705958404
3.24,0.2371518508,-0.08523447831,0.08813849934,-0.007066893283,0,1,0.06994284734,0.9975510003,0,0,1.392397102,1.582689974,-1.309317884,1.452114033,-0.1485734019,0.1767259152,0.3034160525,-1.340379436,1.578772966,1.31821288,1.532319703,-0.1921783808,-0.04370643799,-0.4336042607,-0.01497488619,0.04226999798,-0.01444388525,-0.06912633222,-0.0450702046,0.06663844889,0.001388545029,0.03371721957,-0.03477249408,-0.01715415673,-0.007021102262,-0.03875224548,-0.03384652309,0.0231685725,0.008356912983,0.01637904642,0.008356912983,0.09,0.04,0.035,0.09,0.06664616895
3.25,0.2380424124,-0.08530677935,0.08997720964,-0.007393814966,0,1,0.06994284734,0.9975510003,0,0,1.392247353,1.583112674,-1.309462322,1.45142277,-0.149024104,0.1773922997,0.303429938,-1.340042263,1.578425241,1.318041339,1.532249492,-0.1925659033,-0.04404490322,-0.433372575,-0.01587331224,0.04320806318,-0.01481304362,-0.07138140487,-0.04611878833,0.06824942424,0.001264306959,0.0349614413,-0.03543316944,-0.0174825182,-0.007982088573,-0.03947592155,-0.03425123758,0.02367352165,0.008358171834,0.01626740516,0.008358171834,0.09,0.04,0.035,0.09,0.06622346897
3.26,0.238951461,-0.08538236435,0.09183573069,-0.007723659725,0,1,0.06994284734,0.9975510003,0,0,1.39208862,1.583544755,-1.309610453,1.450708955,-0.1494852918,0.1780747939,0.303442581,-1.339692649,1.578070909,1.317866514,1.532169671,-0.1929606625,-0.0443874156,-0.4331358398,-0.01678174455,0.04415516471,-0.01518658189,-0.07365933076,-0.04717958033,0.06987615223,0.001136257881,0.03621762512,-0.03610003148,-0.01781630468,-0.008951653342,-0.04020750238,-0.03465971548,0.02418471189,0.00835945735,0.01615367991,0.00835945735,0.09,0.04,0.035,0.09,0.06579138833
3.27,0.2398791896,-0.08546126178,0.0937130322,-0.008056275537,0,1,0.06994284734,0.9975510003,0,0,1.391920802,1.583986306,-1.309762319,1.449972362,-0.1499570876,0.1787735554,0.3034539436,-1.339330473,1.577709909,1.31768835,1.532080155,-0.1933627375,-0.04473401275,-0.4328939926,-0.01769990833,0.04511076675,-0.01556434752,-0.07595911377,-0.04825209791,0.07151777715,0.001004294743,0.03748521177,-0.03677265716,-0.01815541978,-0.009929476303,-0.04094657915,-0.03507160027,0.02470190918,0.008360770344,0.01603785209,0.008360770344,0.09,0.04,0.035,0.09,0.06534983669
3.28,0.2408257809,-0.0855434986,0.09560809297,-0.008391511726,0,1,0.06994284734,0.9975510003,0,0,1.391743803,1.584437414,-1.309917962,1.449212771,-0.1504396086,0.1794887332,0.3034639866,-1.338955621,1.577342183,1.317506796,1.53198086,-0.1937722033,-0.04508472875,-0.4326469736,-0.01862753209,0.04607433795,-0.01594619021,-0.07827976857,-0.04933586368,0.07317345161,0.0008683142333,0.03876364702,-0.03745062649,-0.01849976853,-0.01091524117,-0.04169274688,-0.03548653731,0.02522488105,0.008362111642,0.01591990449,0.008362111642,0.085,0.04,0.035,0.09,0.06489872902
3.29,0.2417914073,-0.08562910026,0.09751990091,-0.008729218959,0,1,0.06994284734,0.9975510003,0,0,1.391557528,1.584898157,-1.310077424,1.448429973,-0.1509329673,0.1802204677,0.3034726697,-1.338567984,1.576967676,1.317321799,1.531871708,-0.1941891308,-0.04543959413,-0.4323947247,-0.01956434756,0.04704535144,-0.0163319619,-0.08062032047,-0.05043040557,0.07484233656,0.0007282129039,0.04005238172,-0.03813352255,-0.01884925725,-0.01190863554,-0.0424456045,-0.035904174,0.02575339654,0.008363482075,0.01579982129,0.008363482075,0.085,0.04,0.04,0.09,0.06443798564
3.3,0.2427762314,-0.08571809072,0.09944745306,-0.009069249248,0,1,0.06994284734,0.9975510003,0,0,1.391361885,1.585368611,-1.310240744,1.44762377,-0.1514372713,0.1809688911,0.3034799518,-1.33816746,1.576586341,1.317133306,1.531752621,-0.1946135868,-0.04579863587,-0.4321371908,-0.02051008952,0.04802328489,-0.01672151673,-0.08297980534,-0.0515352567,0.07652360127,0.0005838872998,0.04135087168,-0.03882093153,-0.01920379345,-0.01290935084,-0.04320475478,-0.03632415978,0.02628722617,0.008364882485,0.01567758804,0.008364882485,0.085,0.04,0.04,0.09,0.06396753213
3.31,0.2437804055,-0.0858104925,0.1013897556,-0.009411455949,0,1,0.06994284734,0.9975510003,0,0,1.391156784,1.585848844,-1.310407959,1.446793972,-0.1519526239,0.1817341271,0.3034857907,-1.337753952,1.576198132,1.316941268,1.531623528,-0.1950456343,-0.04616187746,-0.4318743185,-0.02146449574,0.0490076205,-0.01711471099,-0.08535726948,-0.05264995538,0.07821642332,0.0004352340874,0.04265857771,-0.03951244275,-0.0195632857,-0.01391708219,-0.04396980432,-0.03674614633,0.02682614189,0.008366313721,0.01555319166,0.008366313721,0.085,0.035,0.04,0.09,0.06348729928
3.32,0.2448040723,-0.08590632661,0.1033458237,-0.009755693764,0,1,0.06994284734,0.9975510003,0,0,1.390942139,1.58633892,-1.310579106,1.445940399,-0.1524791234,0.1825162913,0.3034901431,-1.337327366,1.575803007,1.316745635,1.531484357,-0.1954853324,-0.04652933893,-0.4316060571,-0.02242730681,0.04999784505,-0.01751140312,-0.08775176952,-0.05377404505,0.07991998862,0.0002821501852,0.04397496554,-0.04020764876,-0.01992764356,-0.01493152835,-0.04474036359,-0.03716978759,0.02736991705,0.008367776643,0.01542662043,0.008367776643,0.085,0.035,0.04,0.095,0.06299722307
3.33,0.2458473646,-0.08600561266,0.1053146817,-0.01010181874,0,1,0.06994284734,0.9975510003,0,0,1.390717866,1.586838899,-1.31075422,1.445062882,-0.1530168639,0.1833154912,0.3034929646,-1.336887616,1.575400931,1.316546359,1.531335042,-0.195932736,-0.0469010368,-0.4313323579,-0.02339826604,0.05099344989,-0.01791145361,-0.09016237231,-0.05490707419,0.08163349142,0.0001245328952,0.04529950585,-0.04090614532,-0.02029677743,-0.01595239163,-0.04551604689,-0.0375947399,0.02791832634,0.008369272118,0.01529786396,0.008369272118,0.085,0.035,0.04,0.095,0.06249724462
3.34,0.2469104054,-0.0861083688,0.1072953633,-0.01044968826,0,1,0.06994284734,0.9975510003,0,0,1.390483883,1.587348833,-1.310933335,1.444161258,-0.1535659346,0.1841318261,0.3034942099,-1.336434621,1.574991869,1.316343391,1.531175518,-0.1963878965,-0.0472769842,-0.4310531747,-0.0243771193,0.05199393103,-0.018314725,-0.09258815479,-0.05604859632,0.08335613425,-3.771996506e-05,0.04663167414,-0.04160753148,-0.02067059844,-0.0169793778,-0.04629647234,-0.03802066207,0.02847114578,0.00837080102,0.0151669132,0.00837080102,0.085,0.035,0.04,0.095,0.06198731012
3.35,0.2479933081,-0.08621461177,0.1092869109,-0.01079916107,0,1,0.06994284734,0.9975510003,0,0,1.390240112,1.587868772,-1.311116482,1.443235376,-0.1541264206,0.1849653875,0.3034938327,-1.335968304,1.574575794,1.316136685,1.531005724,-0.1968508612,-0.04765719082,-0.4307684632,-0.02536361496,0.05299878912,-0.01872108183,-0.09502820392,-0.05719816989,0.08508712799,-0.0002047099296,0.04797095082,-0.04231140962,-0.02104901836,-0.01801219597,-0.04708126186,-0.03844721553,0.02902815262,0.008372364232,0.01503376044,0.008372364232,0.085,0.035,0.04,0.095,0.06146737081
3.36,0.2490961767,-0.0863243569,0.1112883762,-0.01115009725,0,1,0.06994284734,0.9975510003,0,0,1.389986476,1.58839876,-1.311303693,1.442285094,-0.1546984023,0.1858162588,0.3034917856,-1.335488595,1.57415268,1.315926195,1.530825602,-0.1973216738,-0.04804166298,-0.4304781817,-0.02635750372,0.05400752946,-0.01913039059,-0.09748161652,-0.05835535825,0.08682569182,-0.0003765377511,0.04931682107,-0.04301738548,-0.02143194946,-0.01905055856,-0.04787004119,-0.03887406436,0.02958912536,0.008373962644,0.01489839925,0.008373962644,0.085,0.035,0.04,0.095,0.06093738292
3.37,0.2502191056,-0.08643761813,0.1132988202,-0.01150235821,0,1,0.06994284734,0.9975510003,0,0,1.389722901,1.588938836,-1.311494997,1.441310278,-0.1552819559,0.1866845157,0.3034880202,-1.334995427,1.573722506,1.315711875,1.530635096,-0.1978003742,-0.04843040362,-0.4301822904,-0.02735853848,0.0550196621,-0.01954251969,-0.09994749916,-0.05951972961,0.08857105327,-0.0005533032673,0.05066877487,-0.0437250682,-0.02181930443,-0.02009418116,-0.04866243988,-0.03930087544,0.03015384367,0.008375597152,0.01476082452,0.008375597152,0.08,0.035,0.045,0.095,0.06039730763
3.38,0.2513621799,-0.08655440802,0.1153173127,-0.01185580674,0,1,0.06994284734,0.9975510003,0,0,1.389449315,1.589489032,-1.311690422,1.440310803,-0.1558771532,0.1875702262,0.3034824872,-1.334488739,1.573285255,1.315493682,1.530434155,-0.1982869986,-0.04882341238,-0.429880752,-0.02836647427,0.05603470178,-0.01995733942,-0.1024249681,-0.06069085692,0.09032244813,-0.0007351052681,0.05202630696,-0.04443407041,-0.02221099624,-0.02114278247,-0.04945809126,-0.03972731854,0.03072208836,0.008377268661,0.01462103244,0.008377268661,0.08,0.035,0.045,0.095,0.05984711101
3.39,0.2525254756,-0.08667473777,0.1173429327,-0.01221030693,0,1,0.06994284734,0.9975510003,0,0,1.38916565,1.590049379,-1.311889995,1.439286554,-0.1564840617,0.1884734507,0.3034751361,-1.333968476,1.572840915,1.315271572,1.530222727,-0.1987815796,-0.04922068556,-0.4295735311,-0.02938106807,0.05705216803,-0.02037472187,-0.1049131491,-0.06186831788,0.09207912056,-0.0009220413621,0.05338891679,-0.04514400822,-0.02260693802,-0.02219608418,-0.05025663241,-0.04015306642,0.03129364134,0.00837897808,0.01447902046,0.00837897808,0.08,0.035,0.045,0.095,0.05928676399
3.4,0.2537090593,-0.08679861722,0.1193747684,-0.01256572426,0,1,0.06994284734,0.9975510003,0,0,1.38887184,1.590619901,-1.312093742,1.438237422,-0.1571027449,0.1893942419,0.3034659157,-1.333434587,1.572389475,1.315045503,1.530000766,-0.1992841459,-0.04962221623,-0.4292605947,-0.03040207871,0.05807158516,-0.02079454095,-0.1074111774,-0.06305169483,0.09384032299,-0.001114207844,0.0547561085,-0.04585450129,-0.023007043,-0.02325381092,-0.05105770422,-0.04057779493,0.03186828557,0.008380726324,0.01433478731,0.008380726324,0.08,0.035,0.045,0.095,0.05871624231
3.41,0.2549129886,-0.08692605487,0.1214119172,-0.01292192551,0,1,0.06994284734,0.9975510003,0,0,1.388567819,1.591200617,-1.312301688,1.43716331,-0.1577332619,0.1903326451,0.3034547736,-1.332887026,1.57193093,1.314815433,1.529768228,-0.1997947229,-0.05002799417,-0.4289419118,-0.03142926676,0.05909248229,-0.02121667227,-0.1099181975,-0.06424057471,0.09560531618,-0.001311699562,0.05612739088,-0.04656517287,-0.02341122435,-0.02431569016,-0.05186095133,-0.04100118308,0.03244580504,0.008382514315,0.01418833296,0.008382514315,0.08,0.03,0.045,0.1,0.05813552646
3.42,0.2561373123,-0.0870570579,0.1234534853,-0.01327877885,0,1,0.06994284734,0.9975510003,0,0,1.388253526,1.591791542,-1.312513854,1.436064128,-0.1583756676,0.1912886983,0.3034416566,-1.332325752,1.571465278,1.31458132,1.529525071,-0.2003133324,-0.05043800601,-0.4286174538,-0.0324623944,0.06011439337,-0.02164099316,-0.1124333631,-0.06543454897,0.09737336918,-0.001514609786,0.05750227733,-0.04727564988,-0.02381939508,-0.02538145209,-0.05266602211,-0.04142291321,0.03302598471,0.008384342979,0.01403965864,0.008384342979,0.08,0.03,0.045,0.1,0.05754460163
3.43,0.2573820701,-0.08719163219,0.1254985884,-0.01363615376,0,1,0.06994284734,0.9975510003,0,0,1.387928902,1.592392685,-1.312730264,1.434939795,-0.1590300131,0.192262432,0.3034265105,-1.331750729,1.570992521,1.314343126,1.529271256,-0.2008399927,-0.05085223514,-0.4282871939,-0.03350122531,0.06113685724,-0.02206738258,-0.1149558371,-0.06663321355,0.09914375937,-0.001723030078,0.05888028586,-0.04798556289,-0.02423146795,-0.02645082957,-0.05347256868,-0.04184267103,0.03360861049,0.008386213245,0.01388876679,0.008386213245,0.08,0.03,0.05,0.1,0.0569434577
3.44,0.258647293,-0.08732978229,0.1275463509,-0.01399392108,0,1,0.06994284734,0.9975510003,0,0,1.38759389,1.593004054,-1.312950938,1.433790236,-0.1596963452,0.1932538696,0.3034092802,-1.331161926,1.570512666,1.314100812,1.529006748,-0.2013747183,-0.05127066185,-0.4279511078,-0.03454552454,0.06215941764,-0.02249572111,-0.1174847912,-0.06783616878,0.1009157724,-0.00193705016,0.06026093902,-0.04869454624,-0.02464735536,-0.02752355804,-0.0542802469,-0.04226014574,0.03419346921,0.008388126047,0.0137356611,0.008388126047,0.075,0.03,0.05,0.1,0.05633208913
3.45,0.2599330031,-0.08747151149,0.1295959067,-0.01435195299,0,1,0.06994284734,0.9975510003,0,0,1.387248435,1.593625648,-1.313175895,1.432615388,-0.1603747069,0.1942630273,0.3033899097,-1.330559317,1.57002572,1.313854338,1.528731512,-0.2019175208,-0.05169326331,-0.4276091731,-0.03559505841,0.06318162321,-0.02292589087,-0.1200194062,-0.06904301932,0.1026887022,-0.002156757787,0.06164376389,-0.04940223802,-0.02506696922,-0.02859937542,-0.05508871635,-0.04267503012,0.03478034853,0.008390082322,0.01358034643,0.008390082322,0.075,0.03,0.05,0.1,0.05571049495
3.46,0.2612392142,-0.08761682181,0.1316463985,-0.01471012301,0,1,0.06994284734,0.9975510003,0,0,1.386892484,1.594257464,-1.313405154,1.431415194,-0.1610651371,0.1952899143,0.3033683422,-1.329942879,1.569531698,1.313603668,1.528445519,-0.202468408,-0.05212001361,-0.4272613697,-0.03664959439,0.06420302756,-0.02335777547,-0.1225588714,-0.07025337413,0.1044618511,-0.002382238617,0.06302829202,-0.05010828019,-0.02549022089,-0.029678022,-0.0558976403,-0.04308702065,0.03536903698,0.00839208301,0.01342282886,0.00839208301,0.075,0.03,0.05,0.1,0.05507867872
3.47,0.2625659314,-0.08776571399,0.1336969783,-0.01506830602,0,1,0.06994284734,0.9975510003,0,0,1.386525988,1.594899495,-1.313638732,1.430189606,-0.1617676709,0.1963345328,0.3033445198,-1.329312596,1.569030615,1.313348766,1.528148739,-0.2030273844,-0.05255088381,-0.4269076793,-0.03770890097,0.06522318928,-0.02379126002,-0.1251023848,-0.07146684634,0.1062345295,-0.002613576086,0.06441405944,-0.05081231856,-0.02591702104,-0.03075924043,-0.05670668573,-0.04349581758,0.03595932388,0.008394129053,0.01326311563,0.008394129053,0.075,0.03,0.05,0.1,0.05443664844
3.48,0.2639131513,-0.08791818756,0.1357468072,-0.01542637823,0,1,0.06994284734,0.9975510003,0,0,1.386148899,1.595551727,-1.313876645,1.428938582,-0.1624823393,0.1973968781,0.303318384,-1.328668456,1.568522492,1.313089596,1.527841146,-0.2035944512,-0.05298584199,-0.426548086,-0.03877274759,0.06624167197,-0.024226231,-0.1276491533,-0.07268305322,0.1080060564,-0.002850851284,0.06580060659,-0.05151400287,-0.02634727955,-0.03184277555,-0.05751552332,-0.04390112507,0.03655099933,0.008396221393,0.01310121516,0.008396221393,0.075,0.03,0.05,0.1,0.05378441655
3.49,0.2652808623,-0.08807424078,0.1377950553,-0.0157842172,0,1,0.06994284734,0.9975510003,0,0,1.385761172,1.596214143,-1.314118907,1.42766209,-0.1632091699,0.1984769387,0.3032898755,-1.32801045,1.568007352,1.312826123,1.527522718,-0.2041696065,-0.05342485324,-0.4261825761,-0.0398409045,0.06725804423,-0.02466257629,-0.1301983916,-0.07390161613,0.1097757587,-0.003094142827,0.06718747831,-0.05221298685,-0.02678090546,-0.03292837436,-0.05832382742,-0.04430265123,0.03714385417,0.008398360974,0.01293713702,0.008398360974,0.075,0.03,0.055,0.105,0.05312199983
3.5,0.2666690444,-0.08823387072,0.139840902,-0.01614170183,0,1,0.06994284734,0.9975510003,0,0,1.385362763,1.596886724,-1.314365533,1.426360106,-0.163948186,0.1995746963,0.3032589341,-1.327338575,1.567485222,1.312558314,1.527193435,-0.2047528447,-0.05386787975,-0.4258111375,-0.04091314264,0.06827187976,-0.02510018505,-0.1327493234,-0.07512216041,0.1115429718,-0.003343526741,0.06857422379,-0.05290892824,-0.0272178068,-0.03401578593,-0.05913127604,-0.04470010824,0.03773767992,0.00840054874,0.0127708919,0.00840054874,0.07,0.025,0.055,0.105,0.05244941939
3.51,0.2680776696,-0.08839707323,0.1418835357,-0.01649871238,0,1,0.06994284734,0.9975510003,0,0,1.384953631,1.597569443,-1.314616535,1.425032613,-0.1646994076,0.200690126,0.3032254988,-1.326652833,1.566956133,1.312286136,1.526853277,-0.2053441575,-0.05431488083,-0.4254337607,-0.04198923361,0.06928275733,-0.02553894773,-0.13530118,-0.07634431534,0.1133070393,-0.003599076336,0.06996039655,-0.05360148884,-0.02765789058,-0.03510476129,-0.05993755085,-0.04509321248,0.03833226884,0.008402785632,0.01260249165,0.008402785632,0.07,0.025,0.055,0.105,0.05176670059
3.52,0.2695067017,-0.08856384299,0.1439221537,-0.01685513044,0,1,0.06994284734,0.9975510003,0,0,1.384533739,1.59826227,-1.314871924,1.423679601,-0.1654628508,0.2018231964,0.303189508,-1.325953229,1.566420118,1.312009557,1.526502229,-0.205943533,-0.05476581296,-0.425050438,-0.04306894946,0.07029026081,-0.02597875598,-0.1378532013,-0.07756771406,0.1150673131,-0.003860862089,0.07134555442,-0.05429033461,-0.02810106263,-0.03619505338,-0.06074233718,-0.04548168456,0.03892741379,0.008405072593,0.01243194919,0.008405072593,0.07,0.025,0.055,0.105,0.05107387302
3.53,0.2709560966,-0.08873417348,0.1459559629,-0.01721083894,0,1,0.06994284734,0.9975510003,0,0,1.38410305,1.598965173,-1.315131712,1.422301069,-0.1662385279,0.2029738695,0.3031508994,-1.325239773,1.565877215,1.311728547,1.526140279,-0.2065509564,-0.0552206298,-0.4246611639,-0.04415206269,0.07129397924,-0.02641950263,-0.1404046349,-0.0787919935,0.1168231533,-0.00412895153,0.0727296092,-0.05497645396,-0.02854885954,-0.03728641687,-0.06154380259,-0.04586557183,0.03952137242,0.008407410562,0.01225927857,0.008407410562,0.07,0.025,0.055,0.105,0.05037097041
3.54,0.2724258023,-0.08890805702,0.1479841789,-0.01756572217,0,1,0.06994284734,0.9975510003,0,0,1.383661529,1.599678113,-1.315395907,1.420897023,-0.1670264478,0.204142101,0.3031096099,-1.324512477,1.56532745,1.311443058,1.525767414,-0.2071663944,-0.05567928552,-0.4242659502,-0.04523834609,0.07229350678,-0.02686108162,-0.1429547364,-0.0800167943,0.1185739282,-0.004403409123,0.07411108867,-0.05565560472,-0.02899633708,-0.03837860858,-0.06234615795,-0.04624364702,0.04011850177,0.008409800473,0.01208449055,0.008409800473,0.07,0.025,0.06,0.105,0.04965803062
3.55,0.273915759,-0.08908548479,0.1500060266,-0.01791966576,0,1,0.06994284734,0.9975510003,0,0,1.383209145,1.600401048,-1.315664518,1.419467476,-0.1678266158,0.2053278403,0.3030655758,-1.323771366,1.564770894,1.311153095,1.525383628,-0.207789856,-0.05614172199,-0.4238647651,-0.04632757265,0.07328844282,-0.02730338795,-0.1455027692,-0.08124176077,0.1203190143,-0.004684296156,0.07549059137,-0.05633134379,-0.02944819647,-0.03947138637,-0.06314462662,-0.04661659049,0.04071407813,0.00841224326,0.01190760991,0.00841224326,0.07,0.025,0.06,0.105,0.04893509555
3.56,0.2754258991,-0.08926644683,0.1520207399,-0.01827255667,0,1,0.06994284734,0.9975510003,0,0,1.38274587,1.601133932,-1.315937551,1.418012448,-0.1686390334,0.2065310305,0.3030187329,-1.32301646,1.56420758,1.310858613,1.524988914,-0.2084213023,-0.0566078879,-0.4234576244,-0.04741951552,0.07427839195,-0.02774631767,-0.1480480045,-0.08246654078,0.1220577965,-0.004971670627,0.0768673528,-0.05700207389,-0.02990275415,-0.04056451011,-0.06394038437,-0.04698382872,0.04130938826,0.00841473985,0.01172864964,0.00841473985,0.065,0.025,0.06,0.11,0.04820221112
3.57,0.2769561475,-0.08945093204,0.154027562,-0.01862428323,0,1,0.06994284734,0.9975510003,0,0,1.382271675,1.601876716,-1.316215015,1.416531968,-0.1694636988,0.2077516084,0.3029690161,-1.322247787,1.56363756,1.310559585,1.524583269,-0.2090607061,-0.05707772619,-0.4230445305,-0.04851394785,0.07526296399,-0.02818976775,-0.150589721,-0.08369078573,0.1237896676,-0.005265587138,0.07824095181,-0.05766748231,-0.03035990889,-0.04165774109,-0.06473313459,-0.04734510501,0.04190422802,0.008417291165,0.01154762803,0.008417291165,0.065,0.025,0.06,0.11,0.0474594272
3.58,0.2785064215,-0.08963892824,0.156025745,-0.01897473509,0,1,0.06994284734,0.9975510003,0,0,1.381786535,1.602629346,-1.316496912,1.415026071,-0.1703006067,0.2089895051,0.3029163603,-1.321465377,1.563060885,1.310255986,1.524166692,-0.2097080374,-0.05755117724,-0.4226254882,-0.04961064274,0.07624177403,-0.02863363611,-0.1531272047,-0.08491415042,0.1255140288,-0.005566096789,0.07961097135,-0.05832726072,-0.03081955783,-0.04275084203,-0.06552258426,-0.04770016743,0.04249839381,0.00841989812,0.01136456436,0.00841989812,0.065,0.02,0.06,0.11,0.04670679756
3.59,0.2800766311,-0.08983042213,0.1580145502,-0.01932380326,0,1,0.06994284734,0.9975510003,0,0,1.381290429,1.603391763,-1.316783249,1.413494799,-0.1711497482,0.2102446454,0.3028606993,-1.320669267,1.562477612,1.30994779,1.523739184,-0.2103632633,-0.05802817891,-0.4222005043,-0.05070937316,0.07721444247,-0.02907782154,-0.1556597494,-0.08613629304,0.1272302895,-0.00587324707,0.08097699849,-0.05898110527,-0.0312815964,-0.04384357703,-0.06630844389,-0.04804876895,0.04309168256,0.008422561623,0.01117947894,0.008422561623,0.065,0.02,0.065,0.11,0.04594437982
3.6,0.2816666788,-0.09002539933,0.159993248,-0.01967138009,0,1,0.06994284734,0.9975510003,0,0,1.380783335,1.604163908,-1.317074027,1.411938201,-0.1720111111,0.2115169483,0.3028019668,-1.319859497,1.561887801,1.309634974,1.523300748,-0.2110263477,-0.0585086666,-0.4217695874,-0.05180991185,0.07818059498,-0.02952222363,-0.1581866558,-0.08735687506,0.128937867,-0.00618708176,0.08233862433,-0.05962871661,-0.03174591821,-0.04493571151,-0.06709042761,-0.04839066749,0.04368389172,0.008425282577,0.01099239306,0.008425282577,0.065,0.02,0.065,0.11,0.0451722354
3.61,0.28327646,-0.09022384441,0.1619611181,-0.02001735928,0,1,0.06994284734,0.9975510003,0,0,1.380265236,1.604945714,-1.317369249,1.410356335,-0.1728846798,0.212806327,0.302740096,-1.319036111,1.561291514,1.309317515,1.522851391,-0.211697252,-0.05899257327,-0.4213327485,-0.05291203124,0.07913986262,-0.02996674274,-0.1607072322,-0.08857556116,0.130636187,-0.006507640831,0.08369544403,-0.06026979995,-0.03221241505,-0.0460270121,-0.06786825303,-0.04872562601,0.04427481923,0.00842806187,0.01080332897,0.00842806187,0.065,0.02,0.065,0.11,0.04439042945
3.62,0.2849058627,-0.09042574084,0.1639174489,-0.02036163586,0,1,0.06994284734,0.9975510003,0,0,1.379736116,1.605737112,-1.317668917,1.408749262,-0.1737704355,0.2141126888,0.3026750196,-1.318199157,1.560688816,1.308995391,1.522391121,-0.2123759345,-0.05947982953,-0.4208900003,-0.0540155034,0.08009188175,-0.03041127996,-0.1632207937,-0.08979201917,0.1323246832,-0.006834960344,0.08504705675,-0.06090406511,-0.03268097679,-0.04711724663,-0.06864164136,-0.04905341259,0.04486426354,0.008430900387,0.01061230991,0.008430900387,0.06,0.02,0.065,0.11,0.04359903082
3.63,0.2865547682,-0.0906310711,0.1658615384,-0.02070410623,0,1,0.06994284734,0.9975510003,0,0,1.37919596,1.606538031,-1.317973029,1.407117054,-0.1746683557,0.2154359357,0.30260667,-1.317348686,1.560079775,1.308668581,1.521919948,-0.2130623509,-0.05997036366,-0.4204413577,-0.05512009992,0.08103629416,-0.03085573705,-0.1657266625,-0.09100591998,0.1340027976,-0.007169072359,0.08639306562,-0.06153122656,-0.0331514913,-0.048206184,-0.06941031727,-0.04937380053,0.0454520236,0.008433798996,0.01041936003,0.008433798996,0.06,0.02,0.065,0.115,0.042798112
3.64,0.2882230504,-0.09083981661,0.1677926933,-0.0210446681,0,1,0.06994284734,0.9975510003,0,0,1.378644759,1.607348394,-1.318281587,1.405459788,-0.1755784149,0.2167759636,0.3025349793,-1.316484755,1.559464463,1.308337066,1.521437886,-0.2137564541,-0.06046410167,-0.4199868375,-0.0562255919,0.08197274703,-0.03130001637,-0.1682241677,-0.09221693747,0.1356699799,-0.00751000484,0.08773307776,-0.06215100349,-0.03362384446,-0.04929359418,-0.070174009,-0.04968656837,0.04603789886,0.008436758558,0.01022450442,0.008436758558,0.06,0.02,0.07,0.115,0.04198774906
3.65,0.2899105766,-0.09105195777,0.1697102296,-0.02138322055,0,1,0.06994284734,0.9975510003,0,0,1.378082504,1.608168122,-1.318594587,1.403777546,-0.1765005842,0.2181326634,0.3024598792,-1.315607425,1.558842953,1.308000828,1.52094495,-0.2144581942,-0.06096096735,-0.4195264585,-0.05740432605,0.0828430179,-0.0317714182,-0.1708050227,-0.09352119136,0.1373592159,-0.007975930077,0.08906670418,-0.06276311981,-0.03409792004,-0.05037924812,-0.07093244825,-0.04999150002,0.04662168924,0.008439779918,0.01002776907,0.008439779918,0.06,0.015,0.07,0.115,0.04116802159
3.66,0.2916172073,-0.09126747399,0.1716134724,-0.02171966401,0,1,0.06994284734,0.9975510003,0,0,1.37750846,1.608996552,-1.318912301,1.402069496,-0.1774357961,0.2195062556,0.3023801199,-1.314716758,1.558215322,1.307659849,1.520441158,-0.2151675187,-0.06146088235,-0.4190602416,-0.05844029924,0.08381901219,-0.03218849223,-0.1731942826,-0.09463158772,0.1389704307,-0.008215492774,0.09039355984,-0.06336730426,-0.03457359968,-0.05146291768,-0.07168537023,-0.05028838479,0.04720319517,0.008442859409,0.009829180857,0.008442859409,0.055,0.015,0.07,0.115,0.04033959141
3.67,0.2933427962,-0.09148634369,0.173501756,-0.02205390022,0,1,0.06994284734,0.9975510003,0,0,1.376924057,1.609834742,-1.319234186,1.400337553,-0.178382112,0.2208959599,0.302297965,-1.313812822,1.557581649,1.307314113,1.519926529,-0.2158843724,-0.0619637662,-0.4185882096,-0.05954711721,0.08472951822,-0.03263166737,-0.1756627807,-0.09583205532,0.1406016117,-0.00857704312,0.09171326358,-0.06396329041,-0.03505076286,-0.0525443756,-0.07243251363,-0.05057701747,0.04778221758,0.008446006712,0.009628767545,0.008446006712,0.055,0.015,0.07,0.115,0.03950140129
3.68,0.2950871904,-0.09170854431,0.1753744237,-0.02238583231,0,1,0.06994284734,0.9975510003,0,0,1.376328586,1.610682037,-1.319560503,1.398580925,-0.1793404326,0.222301976,0.3022121946,-1.312895689,1.556942016,1.306963605,1.519401085,-0.2166086975,-0.06246953637,-0.4181103875,-0.06065390763,0.08563070872,-0.03307427911,-0.1781202983,-0.09702836272,0.1422197407,-0.008945481996,0.09302543809,-0.06455081673,-0.03552928681,-0.0536233954,-0.0731736206,-0.05085719843,0.04835855789,0.008449218266,0.009426557745,0.008449218266,0.055,0.015,0.075,0.115,0.03865410611
3.69,0.2968502305,-0.09193405234,0.1772308278,-0.02271536472,0,1,0.06994284734,0.9975510003,0,0,1.375722047,1.611538344,-1.319891245,1.396799722,-0.1803107162,0.2237241734,0.3021227398,-1.311965435,1.556296508,1.306608312,1.518864851,-0.2173404337,-0.06297810836,-0.4176268019,-0.06176043798,0.08652225823,-0.03351623216,-0.1805661979,-0.09822019765,0.1438243077,-0.009320815552,0.09432970992,-0.0651296266,-0.03600904655,-0.0546997514,-0.07390843676,-0.05112873362,0.04893201804,0.008452494858,0.009222580904,0.008452494858,0.055,0.015,0.075,0.12,0.03779779902
3.7,0.2986317506,-0.09216284329,0.17907033,-0.02304240325,0,1,0.06994284734,0.9975510003,0,0,1.375104443,1.612403567,-1.320226408,1.39499406,-0.1812929182,0.2251624165,0.3020295316,-1.311022138,1.555645212,1.306248222,1.518317853,-0.2180795181,-0.06348939569,-0.4171374817,-0.06286647483,0.08740384681,-0.03395743156,-0.1829998481,-0.09940725037,0.1454148108,-0.009703045344,0.09562570944,-0.06569946843,-0.03648991477,-0.05577321858,-0.07463671114,-0.05139143471,0.04950240049,0.008455837258,0.009016867292,0.008455837258,0.055,0.015,0.075,0.12,0.03693257644
3.71,0.3004315786,-0.09239489178,0.1808923009,-0.02336685503,0,1,0.06994284734,0.9975510003,0,0,1.374475778,1.613277605,-1.320565982,1.393164062,-0.1822869907,0.2266165646,0.3019325011,-1.310065881,1.554988217,1.305883323,1.517760121,-0.2188258852,-0.06400331004,-0.4166424577,-0.06397178381,0.08827516006,-0.03439778263,-0.185420624,-0.1005892136,0.146990756,-0.01009216825,0.09691307085,-0.06626009563,-0.03697176187,-0.0568435726,-0.07535819626,-0.05164511906,0.05006950822,0.008459246216,0.008809447981,0.008459246216,0.05,0.01,0.075,0.12,0.03605853797
3.72,0.3022495361,-0.09263017147,0.1826961202,-0.02368862856,0,1,0.06994284734,0.9975510003,0,0,1.37383606,1.614160357,-1.32090996,1.391309855,-0.1832928828,0.2280864722,0.3018315795,-1.30909675,1.554325616,1.305513605,1.517191685,-0.2195794672,-0.06451976123,-0.4161417626,-0.06507612956,0.08913588916,-0.03483719092,-0.1878279067,-0.1017657825,0.1485516572,-0.0104881764,0.09819143211,-0.0668112667,-0.03745445587,-0.05791058974,-0.07607264801,-0.05188960986,0.05063314478,0.008462722466,0.008600354828,0.008462722466,0.05,0.01,0.08,0.12,0.03517578637
3.73,0.3040854385,-0.09286865512,0.184481177,-0.02400763367,0,1,0.06994284734,0.9975510003,0,0,1.373185299,1.615051716,-1.321258332,1.389431576,-0.1843105406,0.2295719887,0.3017266977,-1.308114836,1.553657503,1.30513906,1.51661258,-0.2203401937,-0.06503865733,-0.4156354312,-0.06617927568,0.08998573087,-0.03527556216,-0.1902210837,-0.1029366546,0.1500970364,-0.01089105711,0.09946043497,-0.06735274524,-0.03793786245,-0.05897404681,-0.07677982573,-0.05212473614,0.05119311427,0.008466266718,0.008389620452,0.008389620452,0.05,0.01,0.08,0.12,0.03428442748
3.74,0.3059390951,-0.09311031462,0.1862468691,-0.02432378152,0,1,0.06994284734,0.9975510003,0,0,1.372523506,1.615951573,-1.321611087,1.387529366,-0.1853399072,0.2310729591,0.3016177871,-1.307120231,1.552983976,1.304759682,1.516022839,-0.2211079919,-0.06555990469,-0.4151235,-0.0672809847,0.09082438755,-0.03571280224,-0.1925995484,-0.1041015295,0.1516264231,-0.01130079281,0.1007197249,-0.06788430003,-0.03842184488,-0.06003372115,-0.07747949215,-0.05235033284,0.05174922137,0.008469879663,0.008177278223,0.008177278223,0.05,0.01,0.08,0.125,0.03338457017
3.75,0.3078103094,-0.09335512094,0.1879926037,-0.02463698465,0,1,0.06994284734,0.9975510003,0,0,1.371850696,1.616859817,-1.321968215,1.38560337,-0.1863809225,0.2325892233,0.3015047792,-1.306113034,1.552305133,1.304375463,1.515422502,-0.2218827868,-0.06608340802,-0.4146060078,-0.068381018,0.09165156716,-0.03614881711,-0.1949627001,-0.1052601091,0.153139355,-0.01171736099,0.1019689513,-0.06840570506,-0.03890626404,-0.0610893906,-0.0781714134,-0.05256624083,0.05230127136,0.008473561971,0.007963362237,0.007963362237,0.045,0.01,0.085,0.125,0.03247632629
3.76,0.3096988787,-0.09360304421,0.1897177969,-0.02494715691,0,1,0.06994284734,0.9975510003,0,0,1.371166886,1.617776333,-1.322329704,1.383653743,-0.1874335236,0.2341206169,0.3013876056,-1.305093345,1.551621076,1.303986401,1.514811608,-0.222664501,-0.06660907043,-0.4140829951,-0.06947913584,0.09246698332,-0.0365835128,-0.1973099442,-0.1064120974,0.1546353774,-0.0121407341,0.1032077669,-0.06891673956,-0.0393909784,-0.0621408334,-0.07885535896,-0.052772307,0.05284907017,0.008477314288,0.007747907302,0.007747907302,0.045,0.01,0.085,0.125,0.03155981062
3.77,0.3116045949,-0.09385405369,0.1914218742,-0.02525421351,0,1,0.06994284734,0.9975510003,0,0,1.370472095,1.618701002,-1.322695539,1.381680644,-0.1884976445,0.2356669707,0.3012661983,-1.304061267,1.550931908,1.303592491,1.5141902,-0.2234530546,-0.0671367935,-0.4135545044,-0.07057509727,0.0932703553,-0.03701679534,-0.1996406919,-0.1075572006,0.1561140435,-0.01257087955,0.1044358286,-0.06941718806,-0.03987584398,-0.06318782823,-0.07953110173,-0.05296838429,0.05339242435,0.008481137234,0.007530948914,0.007530948914,0.045,0.005,0.085,0.125,0.03063514079
3.78,0.3135272439,-0.09410811781,0.1931042701,-0.025558071,0,1,0.06994284734,0.9975510003,0,0,1.369766344,1.619633706,-1.323065707,1.379684237,-0.1895732166,0.2372281111,0.3011404895,-1.303016909,1.550237736,1.303193733,1.513558321,-0.2242483656,-0.06766647734,-0.4130205801,-0.07166866011,0.094061408,-0.03744857071,-0.2019543599,-0.1086951265,0.1575749143,-0.01300775961,0.1056527967,-0.0699068404,-0.04036071441,-0.06423015411,-0.08019841793,-0.0531543317,0.05393114115,0.008485031407,0.007312523241,0.007312523241,0.045,0.005,0.085,0.125,0.02970243724
3.79,0.3154666062,-0.09436520417,0.1947644279,-0.0258586473,0,1,0.06994284734,0.9975510003,0,0,1.369049657,1.62057432,-1.323440192,1.377664693,-0.1906601678,0.2388038602,0.3010104119,-1.301960381,1.549538668,1.302790125,1.51291602,-0.2250503498,-0.06819802066,-0.4124812687,-0.07275958096,0.09483987203,-0.03787874481,-0.2042503707,-0.109825585,0.1590175584,-0.01345133137,0.1068583354,-0.07038549183,-0.04084544086,-0.06526759042,-0.08085708716,-0.05333001439,0.05446502852,0.008488997378,0.007092667105,0.007092667105,0.045,0.005,0.09,0.125,0.02876182316
3.8,0.3174224565,-0.09462527955,0.1964018005,-0.02615586162,0,1,0.06994284734,0.9975510003,0,0,1.368322061,1.621522719,-1.32381898,1.375622189,-0.1917584237,0.2403940358,0.3008758985,-1.300891797,1.548834813,1.302381671,1.512263344,-0.2258589206,-0.0687313208,-0.4119366184,-0.07384761511,0.09560548369,-0.03830722345,-0.2065281526,-0.1109482879,0.1604415522,-0.01390154667,0.1080521124,-0.07085294299,-0.04132987211,-0.06629991683,-0.08150689234,-0.05349530365,0.05499389514,0.008493035692,0.006871417959,0.006871417959,0.04,0.005,0.09,0.13,0.02781342444
3.81,0.3193945644,-0.09488830993,0.1980158497,-0.02644963457,0,1,0.06994284734,0.9975510003,0,0,1.367583585,1.622478774,-1.324202052,1.373556908,-0.1928679065,0.2419984513,0.3007368831,-1.299811276,1.548126284,1.301968372,1.511600345,-0.2266739896,-0.06926627384,-0.4113866795,-0.07493251657,0.09635798497,-0.03873391223,-0.2087871392,-0.1120629486,0.1618464797,-0.0143583521,0.1092337991,-0.07130899997,-0.0418138545,-0.06732691329,-0.08214761973,-0.05365007698,0.05551755048,0.008497146866,0.006648813869,0.006648813869,0.04,0.005,0.09,0.13,0.0268573696
3.82,0.321382694,-0.09515426051,0.1996060462,-0.02673988808,0,1,0.06994284734,0.9975510003,0,0,1.36683426,1.623442353,-1.324589391,1.371469036,-0.193988536,0.2436169161,0.3005932996,-1.298718938,1.547413194,1.301550234,1.510927076,-0.2274954658,-0.06980277461,-0.410831504,-0.07601403803,0.09709712358,-0.03915871659,-0.2110267695,-0.1131692821,0.1632319328,-0.01482168888,0.1104030708,-0.07175347436,-0.042297232,-0.06834836001,-0.08277905892,-0.05379421811,0.05603580479,0.008501331389,0.006424893495,0.006424893495,0.04,0.005,0.095,0.13,0.02589378975
3.83,0.3233866041,-0.09542309571,0.2011718702,-0.02702654542,0,1,0.06994284734,0.9975510003,0,0,1.36607412,1.624413325,-1.324980978,1.369358769,-0.1951202289,0.2452492355,0.3004450827,-1.297614908,1.546695659,1.301127261,1.510243592,-0.2283232563,-0.07034071679,-0.4102711459,-0.07709193084,0.09782265297,-0.03958154172,-0.2132464882,-0.1142670054,0.1645975107,-0.01529149289,0.1005875215,-0.03252943436,0.007378818583,-0.0693640371,-0.1307893343,-0.04317751947,0.1027022604,0.00850558972,0.006199696069,0.006199696069,0.035,0,0.095,0.13,0.02492281851
3.84,0.3254060485,-0.09569477918,0.2027128108,-0.02730953121,0,1,0.06994284734,0.9975510003,0,0,1.3653032,1.625391551,-1.325376794,1.367226304,-0.1962628989,0.2468952106,0.3002921677,-1.296609032,1.546370365,1.30120105,1.509549952,-0.2296311497,-0.07077249198,-0.4092441233,-0.07816594503,0.0985343323,-0.04000229252,-0.2154457449,-0.1153558365,0.1659428203,-0.01576769458,0.09326182351,-0.002335543853,0.04571677629,-0.07037372571,-0.1681364344,-0.03484022551,0.1388057185,0.008509922288,0.006103398603,0.006103398603,0.035,0,0.095,0.13,0.02394459198
3.85,0.3274407757,-0.09596927385,0.2042283661,-0.02758877142,0,1,0.06994284734,0.9975510003,0,0,1.364521541,1.626376894,-1.325776817,1.365071846,-0.1974164573,0.2485546388,0.3001344908,-1.295676414,1.546347009,1.301658217,1.508846214,-0.231312514,-0.07112089424,-0.4078560662,-0.07923582922,0.09923192651,-0.04042087358,-0.2176239948,-0.1164354953,0.1672674761,-0.01625021895,0.09429261681,-0.002381115723,0.04582326151,-0.07137720669,-0.1693696717,-0.03464480253,0.139685201,0.008514329492,0.006106312897,0.006106312897,0.035,0,0.095,0.13,0.02295924866
3.86,0.3294905295,-0.09624654188,0.2057180437,-0.02786419336,0,1,0.06994284734,0.9975510003,0,0,1.363729183,1.627369214,-1.326181025,1.362895606,-0.1985808122,0.2502273135,0.2999719886,-1.294733488,1.546323198,1.30211645,1.508132442,-0.2330062107,-0.07146734226,-0.4064592141,-0.08030133072,0.09991520627,-0.04083718915,-0.2197806981,-0.1175057029,0.1685711001,-0.0167389855,0.09531277025,-0.002426976055,0.04591888562,-0.07237426091,-0.1705819715,-0.03443804479,0.1405428298,0.008518811698,0.006109189262,0.006109189262,0.035,0,0.1,0.13,0.0219669294
3.87,0.3315550487,-0.09652654475,0.2071813599,-0.02813572568,0,1,0.06994284734,0.9975510003,0,0,1.362926169,1.628368366,-1.326589397,1.360697799,-0.1997558693,0.2519130245,0.2998045988,-1.29378036,1.546298928,1.302575639,1.5074087,-0.2347120305,-0.07181172271,-0.4050537858,-0.08136219542,0.100583948,-0.0412511431,-0.2219153204,-0.1185661818,0.1698533217,-0.01723390821,0.09632189355,-0.002472728228,0.0460040874,-0.07336466956,-0.1717733315,-0.03421990771,0.1413787043,0.008523369239,0.006112025784,0.006112025784,0.03,0,0.1,0.13,0.02096777733
3.88,0.3336340673,-0.0968092432,0.2086178403,-0.02840329838,0,1,0.06994284734,0.9975510003,0,0,1.362112547,1.629374205,-1.327001909,1.358478646,-0.2009415311,0.2536115578,0.2996322597,-1.292817141,1.546274201,1.30303568,1.506675053,-0.2364297638,-0.07215392179,-0.4036399988,-0.08241816786,0.101237934,-0.04166263887,-0.2240273319,-0.1196166558,0.171113778,-0.01773489554,0.09731686517,-0.002507992975,0.04609197003,-0.07434821401,-0.1729557411,-0.03398754637,0.142204519,0.008528002417,0.006114821813,0.006114821813,0.03,0,0.1,0.13,0.01996193785
3.89,0.3357273145,-0.09709459729,0.2100270196,-0.02866684281,0,1,0.06994284734,0.9975510003,0,0,1.361288366,1.630386585,-1.327418535,1.356238373,-0.2021376976,0.2553226955,0.2994549107,-1.291843973,1.546249121,1.303496599,1.505931571,-0.2381593212,-0.07249379725,-0.4022179536,-0.08346899121,0.1018769523,-0.04207157947,-0.2261162082,-0.1206568497,0.1723521132,-0.01824185031,0.09830590168,-0.002563752622,0.04614320718,-0.07532467573,-0.1740915551,-0.03374972879,0.1429839604,0.008532711498,0.006117610734,0.006117610734,0.03,0,0.105,0.13,0.01894955851
3.9,0.3378345151,-0.0973825664,0.2114084416,-0.02892629166,0,1,0.06994284734,0.9975510003,0,0,1.360453676,1.631405354,-1.327839251,1.353977211,-0.2033442661,0.2570462167,0.2992724922,-1.290860914,1.546223484,1.303958031,1.505178324,-0.2399002367,-0.07283129454,-0.400788114,-0.08451440724,0.1025007965,-0.04247786741,-0.2281814298,-0.1216864898,0.1735679791,-0.01875466978,0.09928025825,-0.002609119446,0.04619690296,-0.07629383639,-0.175217371,-0.03349790493,0.1437525585,0.008537496712,0.006120324183,0.006120324183,0.03,0,0.105,0.13,0.01793078899
3.91,0.3399553893,-0.09767310925,0.2127616593,-0.02918157895,0,1,0.06994284734,0.9975510003,0,0,1.359608532,1.632430362,-1.32826403,1.351695397,-0.204561131,0.2587818965,0.2990849455,-1.289868111,1.546197392,1.304420001,1.504415386,-0.2416524104,-0.07316627359,-0.3993505884,-0.08555415639,0.1031092662,-0.04288140471,-0.2302224819,-0.1227053033,0.1747610348,-0.01927324557,0.100242472,-0.002654325094,0.04624005283,-0.07725547778,-0.1763204662,-0.03323502902,0.1444981042,0.008542358257,0.006122995159,0.006122995159,0.025,0,0.105,0.13,0.01690578102
3.92,0.3420896529,-0.09796618389,0.2140862346,-0.02943264008,0,1,0.06994284734,0.9975510003,0,0,1.35875299,1.633461455,-1.328692844,1.349393172,-0.2057881841,0.2605295068,0.2988922131,-1.288865686,1.546170849,1.304882401,1.503642831,-0.2434156151,-0.07349862388,-0.3979056074,-0.08658797771,0.1037021669,-0.04328209284,-0.2322388548,-0.1237130183,0.1759309468,-0.01979746362,0.1011922736,-0.00269936521,0.04627262966,-0.07820938184,-0.1774004006,-0.0329612073,0.1452202853,0.00854729629,0.006125623034,0.006125623034,0.025,0,0.11,0.13,0.01587468836
3.93,0.3442370171,-0.09826174775,0.2153817387,-0.02967941175,0,1,0.06994284734,0.9975510003,0,0,1.35788711,1.634498476,-1.329125665,1.347070783,-0.2070253142,0.2622888163,0.2986942384,-1.287853764,1.546143855,1.305345127,1.502860737,-0.2451896191,-0.07382823595,-0.3964534045,-0.08761560892,0.1042793097,-0.04367983273,-0.2342300434,-0.1247093642,0.1770773886,-0.02032720425,0.1021293943,-0.002744228024,0.04629462171,-0.07915533065,-0.1784567497,-0.0326765525,0.1459188073,0.008552310935,0.006128207154,0.006128207154,0.025,0,0.11,0.135,0.01483766669
3.94,0.3463971893,-0.09855975762,0.2166477519,-0.02992183204,0,1,0.06994284734,0.9975510003,0,0,1.357010954,1.63554127,-1.329562463,1.344728483,-0.2082724079,0.2640595902,0.2984909664,-1.28683247,1.546116413,1.305808074,1.502069184,-0.2469741866,-0.07415500148,-0.3949942165,-0.0886367864,0.1048405116,-0.04407452471,-0.2361955475,-0.125694071,0.1782000413,-0.02086234207,0.1030535678,-0.002788901649,0.04630602334,-0.08009310644,-0.1794890958,-0.03238118577,0.1465933853,0.008557402277,0.006130746872,0.006130746872,0.02,0,0.11,0.135,0.0137948736
3.95,0.3485698725,-0.09886016969,0.2178838636,-0.03015984035,0,1,0.06994284734,0.9975510003,0,0,1.356124586,1.636589675,-1.330003208,1.342366527,-0.2095293486,0.2658415906,0.298282343,-1.285801934,1.546088524,1.306271134,1.501268253,-0.2487690776,-0.07447881334,-0.3935282826,-0.08965124523,0.1053855952,-0.04446606849,-0.2381348713,-0.1266668698,0.1792985931,-0.021402746,0.1039645308,-0.002833374088,0.04630683496,-0.0810224916,-0.180497028,-0.03207523651,0.1472437438,0.008562570361,0.006133241537,0.006133241537,0.02,0,0.115,0.135,0.01274646848
3.96,0.3507547656,-0.09916293952,0.2190896721,-0.03039337745,0,1,0.06994284734,0.9975510003,0,0,1.355228074,1.637643531,-1.330447869,1.339985179,-0.2107960173,0.2676345765,0.2980683155,-1.284762289,1.54606019,1.306734202,1.500458028,-0.2505740478,-0.0747995657,-0.3920558452,-0.09065871918,0.1059143891,-0.04485436317,-0.2400475241,-0.1276274923,0.1803727392,-0.02194827925,0.1048620225,-0.002877633242,0.04629706299,-0.08194326872,-0.1814801425,-0.03175884231,0.1478696168,0.008567815196,0.006135690505,0.006135690505,0.02,0,0.115,0.135,0.01169261253
3.97,0.3529515636,-0.09946802214,0.2202647852,-0.03062238544,0,1,0.06994284734,0.9975510003,0,0,1.354321487,1.638702674,-1.330896412,1.337584703,-0.2120722922,0.2694383039,0.2978488327,-1.283713668,1.546031414,1.307197173,1.499638595,-0.2523888493,-0.07511715412,-0.390577149,-0.09165894073,0.1064267277,-0.04523930719,-0.2419330193,-0.1285756711,0.1814221822,-0.02249879934,0.1057457849,-0.002921666908,0.04627671982,-0.08285522053,-0.1824380428,-0.03143214871,0.1484707481,0.008573136749,0.006138093132,0.006138093132,0.02,0,0.115,0.135,0.01063346864
3.98,0.3551599577,-0.09977537195,0.2214088196,-0.03084680776,0,1,0.06994284734,0.9975510003,0,0,1.353404897,1.639766942,-1.331348806,1.335165373,-0.2133580489,0.2712525257,0.2976238447,-1.282656211,1.546002197,1.30765994,1.498810043,-0.2542132297,-0.07543147561,-0.3890924415,-0.09265164114,0.1069224511,-0.04562079831,-0.2437908753,-0.1295111396,0.1824466317,-0.02305415805,0.1066155628,-0.00296546279,0.04624582375,-0.08375812999,-0.1833703395,-0.03109530915,0.1490468912,0.008578534949,0.006140448779,0.006140448779,0.015,0,0.12,0.135,0.009569201361
3.99,0.3573796352,-0.1000849428,0.222521401,-0.03106658919,0,1,0.06994284734,0.9975510003,0,0,1.352478381,1.640836166,-1.331805014,1.332727464,-0.2146531603,0.273076992,0.2973933031,-1.281590055,1.545972543,1.308122398,1.497972462,-0.2560469331,-0.0757424287,-0.3876019726,-0.09363655043,0.1074014052,-0.0459987336,-0.2456206148,-0.1304336315,0.1834458044,-0.02361420148,0.1074711041,-0.003009008499,0.04620439898,-0.08465178029,-0.1842766508,-0.03074848477,0.1495978093,0.008584009684,0.006142756811,0.006142756811,0.015,0,0.12,0.135,0.00849997685
4,0.3596102797,-0.1003966881,0.2236021643,-0.03128167589,0,1,0.06994284734,0.9975510003,0,0,1.351542015,1.64191018,-1.332265001,1.330271258,-0.2159574966,0.2749114501,0.2971571611,-1.280515344,1.545942453,1.308584442,1.497125944,-0.2578896996,-0.07604991355,-0.3861059945,-0.09461339744,0.1078634418,-0.04637300945,-0.2474217649,-0.1313428817,0.1844194239,-0.02417876997,0.1083121594,-0.003052291561,0.04615247551,-0.08553595484,-0.1851566023,-0.03039184423,0.1501232757,0.008589560799,0.006145016597,0.006145016597,0.015,0,0.125,0.135,0.007425962798
4.01,0.3618515712,-0.1007105605,0.2246507537,-0.03149201532,0,1,0.06994284734,0.9975510003,0,0,1.350595881,1.642988815,-1.332728731,1.327797041,-0.2172709255,0.2767556443,0.2969153734,-1.279432222,1.54591193,1.309045967,1.496270584,-0.2597412656,-0.07635383199,-0.3846047617,-0.09558190982,0.1083084182,-0.0467435215,-0.2491938573,-0.132238625,0.185367221,-0.02474769821,0.1091384822,-0.003095299418,0.0460900891,-0.08641043734,-0.1860098272,-0.03002556358,0.1506230735,0.0085951881,0.006147227514,0.006147227514,0.01,0,0.125,0.135,0.006347328381
4.02,0.3641031863,-0.1010265124,0.2256668223,-0.03169755631,0,1,0.06994284734,0.9975510003,0,0,1.349640062,1.644071899,-1.333196166,1.325305102,-0.2185933117,0.2786093165,0.2966678964,-1.278340838,1.545880977,1.309506868,1.49540648,-0.2616013639,-0.07665408763,-0.383098531,-0.09654181414,0.1087361979,-0.04711016468,-0.250936428,-0.1331205974,0.1862889333,-0.02532081513,0.1099498293,-0.003138019437,0.04601728125,-0.08727501177,-0.1868359666,-0.0296498261,0.1510969957,0.008600891351,0.00614938894,0.00614938894,0.01,0,0.125,0.135,0.005264244198
4.03,0.3663647981,-0.1013444955,0.2266500324,-0.03189824903,0,1,0.06994284734,0.9975510003,0,0,1.348674644,1.645159261,-1.333667268,1.322795738,-0.2199245177,0.2804722059,0.2964146883,-1.277241339,1.545849597,1.309967041,1.49453373,-0.2634697236,-0.07695058589,-0.3815875611,-0.09749283584,0.1091466498,-0.04747283318,-0.2526490175,-0.1339885349,0.1871843056,-0.02589794401,0.1107459604,-0.003180438913,0.04593409905,-0.08812946243,-0.1876346693,-0.02926482204,0.1515448455,0.008606670271,0.006151500266,0.006151500266,0.01,0,0.13,0.135,0.004176882219
4.04,0.3686360763,-0.1016644611,0.2276000554,-0.03209404498,0,1,0.06994284734,0.9975510003,0,0,1.347699716,1.646250727,-1.334141996,1.320269248,-0.221264403,0.2823440489,0.2961557088,-1.27613388,1.545817792,1.310426382,1.493652435,-0.2653460703,-0.07724323411,-0.3800721126,-0.09843469935,0.1095396487,-0.04783142042,-0.2543311706,-0.1348421742,0.1880530893,-0.02647890244,0.1115266384,-0.003222545077,0.04584059522,-0.088973574,-0.1884055922,-0.02887074854,0.1519664363,0.00861252454,0.006153560884,0.006153560884,0,0,0.13,0.135,0.003085415721
4.05,0.3709166875,-0.1019863599,0.2285165717,-0.03228489704,0,1,0.06994284734,0.9975510003,0,0,1.346715369,1.647346124,-1.33462031,1.317725936,-0.2226128248,0.2842245798,0.2958909198,-1.275018613,1.545785567,1.310884788,1.4927627,-0.2672301262,-0.07753194159,-0.3785524482,-0.09936712808,0.1099150752,-0.04818581908,-0.2559824364,-0.1356812525,0.1888950428,-0.02706350234,0.1122916294,-0.003264325097,0.04573682797,-0.08980713155,-0.1891484004,-0.02846780936,0.1523615914,0.008618453793,0.006155570197,0.006155570197,0,0,0.13,0.135,0.001990019233
4.06,0.3732062951,-0.1023101424,0.229399271,-0.0324707594,0,1,0.06994284734,0.9975510003,0,0,1.345721697,1.648445275,-1.335102169,1.315166112,-0.2239696373,0.2861135302,0.2956202848,-1.273895697,1.545752924,1.311342156,1.491864628,-0.2691216102,-0.07781661969,-0.3770288323,-0.1053714249,0.08908684815,-0.0173603733,-0.2576023686,-0.1583573595,0.1952941697,-0.002256456661,0.1130407028,-0.003305766089,0.04562286094,-0.09062992056,-0.189862767,-0.02805621472,0.1527301446,0.008624457622,0.006157527617,0.006157527617,0,0,0.135,0.135,0.0008908684815
4.07,0.3755045592,-0.1026357583,0.230247852,-0.03265158761,0,1,0.06994284734,0.9975510003,0,0,1.344667983,1.649336143,-1.335275772,1.312590088,-0.2255532109,0.2880664719,0.2955977202,-1.27276529,1.545719866,1.311798384,1.490958329,-0.2710202379,-0.07809718184,-0.3755015309,-0.1278584994,0,0.1148443766,-0.2591905236,-0.2519571278,0.2200366448,0.1047721458,0.1137709358,-0.003336666478,0.04551183362,-0.09144172702,-0.1905608428,-0.02763291675,0.1530836377,0.008628853784,0.006159432563,0.006159432563,0,0,0.135,0.135,0
4.08,0.3778111374,-0.1029631572,0.2310620225,-0.03282733856,0,1,0.06994284734,0.9975510003,0,0,1.343389398,1.649336143,-1.334127329,1.309998183,-0.2280727822,0.2902668384,0.2966454417,-1.271627581,1.545686499,1.312253503,1.490043912,-0.2729258463,-0.078373511,-0.3739706945,-0.1289185157,0,0.1157964546,-0.2607464646,-0.2534590827,0.2213871554,0.1046291201,0.1144901731,-0.003387494208,0.0453647272,-0.09224233739,-0.1912050274,-0.02720788166,0.1533869213,0.008626182355,0.006161317948,0.006161317948,0,0,0.135,0.135,0
4.09,0.380125684,-0.103292288,0.2318414995,-0.03299797048,0,1,0.06994284734,0.9975510003,0,0,1.342100213,1.649336143,-1.332969364,1.307390718,-0.230607373,0.2924807099,0.2976917329,-1.270482679,1.545652624,1.31270715,1.489121488,-0.2748378966,-0.07864558982,-0.3724368253,-0.129965806,0,0.1167465128,-0.2622697573,-0.2549402863,0.2227122388,0.104466136,0.1151901451,-0.003427847795,0.04522058673,-0.09303153874,-0.1918321835,-0.02677164543,0.1536747646,0.008623489744,0.006163116526,0.006163116526,0,0,0.135,0.135,0
4.1,0.3824478508,-0.1036230994,0.2325860091,-0.03316344296,0,1,0.06994284734,0.9975510003,0,0,1.340800555,1.649336143,-1.331801899,1.30476802,-0.2331567759,0.2947078323,0.2987363942,-1.269330777,1.545618346,1.313159356,1.488191173,-0.2767562184,-0.07891330627,-0.3709000776,-0.1309993612,0,0.117690093,-0.2637599722,-0.2563974485,0.2240106624,0.1042798547,0.1158733088,-0.003467803696,0.04506656258,-0.09380911873,-0.1924296835,-0.02632765289,0.1539354513,0.008620776245,0.006164860925,0.006164860925,0,0,0.135,0.135,0
4.11,0.3847772868,-0.1039555395,0.2332952864,-0.03332371693,0,1,0.06994284734,0.9975510003,0,0,1.339490561,1.649336143,-1.330624998,1.302130421,-0.2357207503,0.296947939,0.2997791928,-1.268172044,1.545583668,1.313610022,1.487253082,-0.2786805152,-0.0791765828,-0.3693607231,-0.1320188535,0,0.1186269173,-0.2652166837,-0.2578302109,0.2252819456,0.1040703567,0.1165394526,-0.003507355574,0.0449027358,-0.09457486569,-0.1929972352,-0.02587614556,0.154168859,0.008618042175,0.00616655063,0.00616655063,0,0,0.135,0.135,0
4.12,0.3871136383,-0.1042895563,0.2339690757,-0.03347875465,0,1,0.06994284734,0.9975510003,0,0,1.338170373,1.649336143,-1.329438729,1.299478254,-0.2382990525,0.2992007584,0.3008198964,-1.26700665,1.545548594,1.314059049,1.486307333,-0.2806104876,-0.07943534426,-0.3678190345,-0.1330269129,0,0.1195745885,-0.2666394706,-0.2592506714,0.2265289786,0.1038520926,0.1171883666,-0.003546490354,0.04472920102,-0.09532856867,-0.1935345633,-0.02541736797,0.1543748833,0.008615287853,0.006168185113,0.006168185113,0,0,0.135,0.135,0
4.13,0.3894565492,-0.1046250971,0.2346071305,-0.03362851973,0,1,0.06994284734,0.9975510003,0,0,1.336840104,1.649336143,-1.328242983,1.296811859,-0.2408915592,0.3014660482,0.3018584173,-1.265834766,1.545513129,1.314506341,1.485354047,-0.2825458332,-0.07968951794,-0.3662752857,-0.1340144402,0,0.1204797471,-0.2680279158,-0.2606214865,0.2277413175,0.1035825166,0.1178198447,-0.003585194947,0.04454605778,-0.09607001749,-0.1940414018,-0.02495156958,0.1545534303,0.008612513549,0.006169763862,0.006169763862,0,0,0.135,0.135,0
4.14,0.391805661,-0.104962109,0.2352092132,-0.03377297715,0,1,0.06994284734,0.9975510003,0,0,1.335499959,1.649336143,-1.327038185,1.29413158,-0.243497774,0.3037434614,0.3028942425,-1.264656568,1.545477277,1.314951802,1.484393347,-0.2844862472,-0.07993903363,-0.3647297514,-0.1349897777,0,0.1213946168,-0.2693816066,-0.2619788974,0.2289283252,0.1033039738,0.1184336844,-0.003623456262,0.04435341034,-0.0967990028,-0.1945174935,-0.02447900457,0.1547044168,0.008609719718,0.006171286374,0.006171286374,0,0,0.14,0.135,0
4.15,0.3941606128,-0.1053005388,0.2357750955,-0.03391209319,0,1,0.06994284734,0.9975510003,0,0,1.334150062,1.649336143,-1.325824239,1.291437764,-0.246117563,0.3060327446,0.3039272822,-1.263472231,1.545441043,1.315395336,1.483425357,-0.2864314222,-0.08018382368,-0.3631827072,-0.1359497399,0,0.1223015926,-0.2707001342,-0.2633104682,0.2300862972,0.103002655,0.119029687,-0.003661261212,0.04415136768,-0.09751531619,-0.1949625905,-0.02399993157,0.1548277696,0.008606906644,0.006172752163,0.006172752163,0,0,0.14,0.135,0
4.16,0.3965210415,-0.1056403329,0.2363045581,-0.03404583551,0,1,0.06994284734,0.9975510003,0,0,1.332790564,1.649336143,-1.324601223,1.288730763,-0.2487506677,0.3083336076,0.3049573087,-1.262281934,1.54540443,1.315836849,1.482450204,-0.2883810481,-0.08042382299,-0.3616344295,-0.136893996,0,0.1232003696,-0.2719830942,-0.264615827,0.2312147644,0.1026786892,0.119607658,-0.003698596721,0.04394004334,-0.09821875015,-0.1953764542,-0.02351461344,0.1549234262,0.008604074675,0.006174160757,0.006174160757,0,0,0.14,0.135,0
4.17,0.3988865818,-0.1059814375,0.2367973908,-0.03417417311,0,1,0.06994284734,0.9975510003,0,0,1.331421624,1.649336143,-1.32336922,1.286010932,-0.251396826,0.3106457552,0.3059840956,-1.261085857,1.545367444,1.31627625,1.481468017,-0.2903348126,-0.08065896913,-0.3600851953,-0.1378222162,0,0.124090646,-0.2732300863,-0.265894604,0.2323132618,0.1023322214,0.1201674063,-0.003735449732,0.04371955534,-0.09890909826,-0.1957588552,-0.02302331706,0.1549913346,0.008601224167,0.006175511698,0.006175511698,0,0,0.14,0.135,0
4.18,0.4012568665,-0.1063237983,0.2372533928,-0.03429707632,0,1,0.06994284734,0.9975510003,0,0,1.330043402,1.649336143,-1.322128313,1.283278631,-0.254055772,0.3129688879,0.3070074178,-1.259884183,1.54533009,1.316713445,1.480478926,-0.2922924012,-0.0808892023,-0.3585352819,-0.138737089,0,0.1249901164,-0.2744407144,-0.2671588898,0.2333848806,0.1019776433,0.1207087453,-0.003771807215,0.04349002609,-0.09958615518,-0.1961095738,-0.02252631299,0.1550314531,0.008598355484,0.006176804542,0.006176804542,0,0,0.14,0.135,0
4.19,0.4036315263,-0.1066673608,0.2376723719,-0.03441451682,0,1,0.06994284734,0.9975510003,0,0,1.328656031,1.649336143,-1.320878412,1.280534224,-0.2567273609,0.3153027367,0.3080271943,-1.258677096,1.545292372,1.317148346,1.479483064,-0.2942534969,-0.08111446543,-0.3569849674,-0.1396293353,0,0.1258450565,-0.2756145868,-0.268371316,0.2344186472,0.1015728413,0.1212314921,-0.003807656173,0.04325158226,-0.1002497167,-0.1964283996,-0.02202387533,0.1550437505,0.008595468931,0.006178038863,0.006178038863,0,0,0.14,0.135,0
4.2,0.4060101899,-0.1070120703,0.2380541454,-0.03452646764,0,1,0.06994284734,0.9975510003,0,0,1.327259738,1.649336143,-1.319619961,1.277778078,-0.2594110741,0.3176469231,0.3090429227,-1.257464781,1.545254295,1.317580861,1.478480567,-0.2962177809,-0.08133470418,-0.3554345299,-0.1405074703,0,0.1267079841,-0.2767513158,-0.2695681073,0.2354244804,0.1011598475,0.1217354682,-0.003842983649,0.04300435469,-0.10089958,-0.1967151318,-0.0215162814,0.1550282058,0.008592565007,0.006179214251,0.006179214251,0,0,0.14,0.135,0
4.21,0.4083924846,-0.1073578718,0.2383985397,-0.03463290315,0,1,0.06994284734,0.9975510003,0,0,1.325854663,1.649336143,-1.318352882,1.275010565,-0.2621067551,0.3200011679,0.3100545212,-1.256247426,1.545215865,1.318010905,1.477471571,-0.2981849322,-0.081549867,-0.3538842478,-0.1413682506,0,0.1275611648,-0.2778505182,-0.270736813,0.236398517,0.1007250408,0.1222204991,-0.003877776736,0.04274847828,-0.1015355434,-0.1969695796,-0.02100381149,0.1549848087,0.008589644036,0.006180330311,0.006180330311,0,0,0.14,0.135,0
4.22,0.4107780356,-0.1077047099,0.2387053901,-0.03473379907,0,1,0.06994284734,0.9975510003,0,0,1.324440981,1.649336143,-1.31707727,1.272232059,-0.2648141233,0.3223651531,0.3110617716,-1.255025221,1.545177087,1.31843839,1.476456216,-0.300154628,-0.08175990511,-0.3523343997,-0.1422113452,0,0.1284042654,-0.2789118149,-0.2718770416,0.2373403068,0.1002686113,0.1226864146,-0.003912022583,0.04248409185,-0.1021574068,-0.1971915615,-0.02048674863,0.154913559,0.008586706405,0.00618138667,0.00618138667,0,0,0.14,0.135,0
4.23,0.4131664667,-0.1080525292,0.2389745412,-0.03482913246,0,1,0.06994284734,0.9975510003,0,0,1.323018867,1.649336143,-1.315793227,1.269442941,-0.2675328937,0.3247385562,0.3120644577,-1.253798357,1.545137967,1.318863231,1.475434642,-0.3021265436,-0.0819647726,-0.3507852642,-0.1430364242,0,0.1292369553,-0.2799348313,-0.2729884029,0.2382494045,0.09979076454,0.1231330488,-0.003945708403,0.04221133809,-0.1027649714,-0.1973809063,-0.01996537834,0.1548144668,0.008583752512,0.006182382967,0.006182382967,0,0,0.14,0.135,0
4.24,0.4155574002,-0.108401274,0.2392058466,-0.03491888172,0,1,0.06994284734,0.9975510003,0,0,1.321588503,1.649336143,-1.314500858,1.266643593,-0.2702627777,0.3271210502,0.3130623653,-1.252567027,1.54509851,1.319285344,1.474406992,-0.3041003527,-0.08216442638,-0.3492371195,-0.1438462636,0,0.1300771704,-0.2809191969,-0.2740830786,0.2391291376,0.09930594133,0.1235602402,-0.00397882148,0.04193036336,-0.1033580402,-0.1975374524,-0.01943998832,0.1546875526,0.008580782757,0.006183318864,0.006183318864,0,0,0.14,0.135,0
4.25,0.417950457,-0.1087508882,0.2393991691,-0.03500302661,0,1,0.06994284734,0.9975510003,0,0,1.32015004,1.649336143,-1.313200086,1.263834401,-0.2730036085,0.3295123416,0.3140554247,-1.251331424,1.545058722,1.319704648,1.473373411,-0.3060757272,-0.08235882627,-0.347690244,-0.144631329,0,0.1308703672,-0.2818645459,-0.2751233502,0.2399679161,0.09877212837,0.1239678318,-0.004011349178,0.04164131766,-0.1039364177,-0.1976610482,-0.01891086825,0.154532847,0.008577797487,0.006184194039,0.006184194039,0,0,0.14,0.135,0
4.26,0.4203452566,-0.1091013157,0.2395543805,-0.03508154821,0,1,0.06994284734,0.9975510003,0,0,1.318703727,1.649336143,-1.311891382,1.261015755,-0.275754842,0.3319120208,0.315043146,-1.250091746,1.545018608,1.320121061,1.472334047,-0.3080523377,-0.08254793495,-0.3461449155,-0.1454003887,0,0.1316698036,-0.2827705168,-0.2761457334,0.2407763095,0.09823136908,0.1243556711,-0.004043278949,0.04134435442,-0.1044999102,-0.1977515521,-0.01837830948,0.1543503907,0.008574797242,0.006185008191,0.006185008191,0,0,0.14,0.135,0
4.27,0.4227414172,-0.1094525003,0.2396713619,-0.03515442897,0,1,0.06994284734,0.9975510003,0,0,1.317249723,1.649336143,-1.310574684,1.25818805,-0.2785162993,0.3343197839,0.3160254597,-1.248848189,1.544978176,1.320534504,1.471289048,-0.3100298532,-0.08273171804,-0.3446014116,-0.1461501191,0,0.1324574651,-0.2836367525,-0.2771376508,0.2415502712,0.09767011939,0.1247236101,-0.00407459834,0.04103963045,-0.1050483259,-0.1978088328,-0.01784260482,0.1541402347,0.008571782382,0.006185761039,0.006185761039,0,0,0.145,0.135,0
4.28,0.425138556,-0.1098043855,0.2397500033,-0.03522165268,0,1,0.06994284734,0.9975510003,0,0,1.315788222,1.649336143,-1.30925011,1.255351683,-0.2812876758,0.3367352866,0.3170021609,-1.247600953,1.54493743,1.320944901,1.470238565,-0.3120079415,-0.08291014409,-0.3430600092,-0.1468801916,0,0.133232988,-0.2844629007,-0.2780986842,0.2422893747,0.09708862732,0.1250715054,-0.004105295001,0.04072730581,-0.1055814749,-0.1978327688,-0.01730404824,0.1539024397,0.008568753336,0.00618645232,0.00618645232,0,0,0.145,0.135,0
4.29,0.4275362891,-0.1101569145,0.239790204,-0.03528320445,0,1,0.06994284734,0.9975510003,0,0,1.31431942,1.649336143,-1.30791778,1.252507054,-0.2840686627,0.3391581803,0.3179730472,-1.246350238,1.544896377,1.321352174,1.46918275,-0.3139862692,-0.08308318457,-0.3415209848,-0.1475933872,0,0.1340140927,-0.2852486134,-0.2790408035,0.2429970602,0.09650104545,0.1253992185,-0.004135356696,0.04040754362,-0.1060991693,-0.197823249,-0.01676293461,0.1536370766,0.008565710539,0.006187081793,0.006187081793,0,0,0.145,0.135,0
4.3,0.4299342317,-0.1105100306,0.2397918722,-0.03533907077,0,1,0.06994284734,0.9975510003,0,0,1.312843486,1.649336143,-1.306577639,1.249654568,-0.2868590707,0.3415881509,0.3189380576,-1.245096246,1.544855023,1.321756249,1.468121758,-0.3159645017,-0.08325081392,-0.3399846141,-0.1482801703,0,0.1347467816,-0.2859935474,-0.2799268319,0.2436614882,0.09586641109,0.1257066154,-0.004164771304,0.04008051002,-0.1066012234,-0.1977801724,-0.01621955945,0.1533442262,0.008562654366,0.006187649238,0.006187649238,0,0,0.145,0.135,0
4.31,0.4323319979,-0.1108636769,0.2397549254,-0.03538923945,0,1,0.06994284734,0.9975510003,0,0,1.311360684,1.649336143,-1.305230171,1.246794632,-0.289658339,0.3440247658,0.3198967218,-1.24383918,1.544813375,1.322157054,1.467055746,-0.3179423035,-0.08341300951,-0.3384511718,-0.1489493161,0,0.1354837116,-0.2866973643,-0.280792693,0.2442935181,0.09522581503,0.1259935671,-0.004193526836,0.03974637397,-0.1070874537,-0.1977034482,-0.01567421871,0.1530239788,0.008559585392,0.006188154457,0.006188154457,0,0,0.145,0.14,0
4.32,0.4347292012,-0.1112177964,0.2396792902,-0.03543369966,0,1,0.06994284734,0.9975510003,0,0,1.309871191,1.649336143,-1.303875334,1.243927659,-0.292466266,0.346467701,0.3208489799,-1.242579244,1.54477144,1.322554518,1.465984872,-0.3199193379,-0.0835697517,-0.336920932,-0.149597505,0,0.1362070343,-0.2873597304,-0.2816259724,0.2448890388,0.09456609101,0.1262574393,-0.004211695214,0.0394182812,-0.107557679,-0.1976054676,-0.01512348946,0.1526876253,0.008556504008,0.006188597271,0.006188597271,0,0,0.145,0.14,0
4.33,0.4371254545,-0.1115723318,0.2395649022,-0.03547244189,0,1,0.06994284734,0.9975510003,0,0,1.308375216,1.649336143,-1.302513264,1.241054061,-0.2952825257,0.3489165914,0.3217946408,-1.24131667,1.544729323,1.322948701,1.464909295,-0.3218953926,-0.0837209866,-0.3353940558,-0.1502244136,0,0.1369163595,-0.2879803169,-0.2824262257,0.2454476482,0.09388753291,0.1265056346,-0.00424896292,0.03905756133,-0.1080117206,-0.1974488229,-0.01457878379,0.1523017522,0.008553410673,0.006189010139,0.006189010139,0,0,0.145,0.14,0
4.34,0.4395203699,-0.1119272261,0.2394117062,-0.03550545801,0,1,0.06994284734,0.9975510003,0,0,1.306872972,1.649336143,-1.3011441,1.238174258,-0.2981067879,0.3513710678,0.3227335161,-1.240051613,1.544686834,1.323339276,1.463829178,-0.3238698808,-0.08386677443,-0.3338710383,-0.1508328485,0,0.137629303,-0.2885587999,-0.2832052871,0.245972922,0.09320408892,0.1267305277,-0.004275678652,0.03870314809,-0.1084494024,-0.1972707046,-0.01402932463,0.1518999442,0.008550305853,0.006189327867,0.006189327867,0,0,0.145,0.14,0
4.35,0.4419135591,-0.1122824219,0.239219656,-0.0355327412,0,1,0.06994284734,0.9975510003,0,0,1.305364644,1.649336143,-1.299767807,1.23528867,-0.3009388408,0.3538307971,0.323665557,-1.238784308,1.544644077,1.323726308,1.462744684,-0.3258425879,-0.08400706768,-0.3323520388,-0.1514132218,0,0.1382920796,-0.2890948608,-0.2839262783,0.2464527196,0.09247558642,0.1269345071,-0.004301682183,0.03834234281,-0.1088705509,-0.1970586869,-0.01347907983,0.1514712045,0.008547189956,0.006189582766,0.006189582766,0,0,0.145,0.14,0
4.36,0.4443046334,-0.1126378618,0.2389887147,-0.03555428601,0,1,0.06994284734,0.9975510003,0,0,1.303850511,1.649336143,-1.298384886,1.232397721,-0.3037781036,0.3562953243,0.3245903129,-1.237514963,1.54460106,1.324109731,1.461655978,-0.3278131748,-0.08414185848,-0.3308373268,-0.1519743722,0,0.1389570752,-0.2895881859,-0.2846247659,0.2468982495,0.09174241743,0.1271174707,-0.00432696891,0.03797531809,-0.1092749953,-0.1968127225,-0.01292834589,0.1510156636,0.008544063585,0.006189774768,0.006189774768,0,0,0.145,0.14,0
4.37,0.4466932037,-0.1129934885,0.2387188545,-0.03557008833,0,1,0.06994284734,0.9975510003,0,0,1.302330768,1.649336143,-1.296995315,1.22950184,-0.3066243513,0.3587643068,0.3255077371,-1.236243788,1.54455779,1.324489485,1.460563228,-0.329781302,-0.08427114194,-0.3293271701,-0.1525129696,0,0.1396064974,-0.2900384667,-0.2852884169,0.2473053225,0.09099170559,0.1272793195,-0.004351527781,0.03760225722,-0.1096625679,-0.1965327824,-0.01237741566,0.1505334684,0.008540927162,0.00618990381,0.00618990381,0,0,0.145,0.14,0
4.38,0.4490788807,-0.1133492444,0.2384100564,-0.03558014538,0,1,0.06994284734,0.9975510003,0,0,1.300805638,1.649336143,-1.29559925,1.226601455,-0.3094772354,0.36123736,0.3264176541,-1.234970995,1.544514275,1.324865507,1.459466603,-0.3317466298,-0.08439491609,-0.3278218354,-0.1530286984,0,0.1402399293,-0.2904454004,-0.2859167572,0.2476735648,0.09022378755,0.12741996,-0.004375347924,0.03722334541,-0.1100331037,-0.1962188484,-0.01182658063,0.150024775,0.008537781177,0.006189969848,0.006189969848,0,0,0.15,0.14,0
4.39,0.451461275,-0.1137050722,0.2380623109,-0.03558445575,0,1,0.06994284734,0.9975510003,0,0,1.299275351,1.649336143,-1.294196851,1.223697001,-0.312336403,0.3637140956,0.327319892,-1.233696795,1.544470522,1.325237741,1.458366271,-0.3337088183,-0.0845131819,-0.3263215877,-0.1535244111,0,0.140874981,-0.2908086894,-0.2865215548,0.24800671,0.08945247864,0.127539304,-0.004398418659,0.03683876967,-0.110386441,-0.1958709122,-0.01127613063,0.1494897484,0.008534626124,0.006189972866,0.006189972866,0,0,0.15,0.14,0
4.4,0.4538399971,-0.1140609144,0.2376756174,-0.03558301933,0,1,0.06994284734,0.9975510003,0,0,1.297740107,1.649336143,-1.292788101,1.220788914,-0.3152016185,0.3661941627,0.3282144168,-1.232421402,1.544426537,1.325606128,1.457262407,-0.3356675274,-0.08462594321,-0.3248266902,-0.1539904206,0,0.1414577823,-0.2911280416,-0.287066014,0.2482922676,0.08863816969,0.1276372685,-0.004420729507,0.03644871863,-0.1107224214,-0.1954889761,-0.01072635362,0.1489285623,0.00853146244,0.006189912868,0.006189912868,0,0,0.15,0.14,0
4.41,0.4562146575,-0.1144167135,0.2372499845,-0.03557583742,0,1,0.06994284734,0.9975510003,0,0,1.296200203,1.649336143,-1.291373523,1.217877634,-0.3180722787,0.3686770854,0.3291007985,-1.23114503,1.54438233,1.325970615,1.456155183,-0.3376224172,-0.08473320674,-0.3233374046,-0.1544356825,0,0.1420407447,-0.291403171,-0.2875855555,0.248541853,0.08782077346,0.1277137761,-0.004442270194,0.03605338241,-0.1110408897,-0.1950730528,-0.01017753543,0.1483413989,0.008528290759,0.006189789883,0.006189789883,0,0,0.15,0.14,0
4.42,0.458584867,-0.114772412,0.2367854298,-0.0355629126,0,1,0.06994284734,0.9975510003,0,0,1.294655846,1.649336143,-1.289953116,1.214963602,-0.3209481342,0.3711625039,0.3299790062,-1.229867892,1.544337907,1.326331149,1.455044774,-0.3395731477,-0.0848349821,-0.3218539906,-0.1548568428,0,0.1426060339,-0.2916337971,-0.2880678553,0.2487511857,0.08698762611,0.1277687547,-0.004463030665,0.03565295251,-0.1113416941,-0.1946231651,-0.009629959538,0.1477284491,0.00852511153,0.006189603964,0.006189603964,0,0,0.15,0.14,0
4.43,0.4609502365,-0.1151279526,0.2362819802,-0.03554424883,0,1,0.06994284734,0.9975510003,0,0,1.293107277,1.649336143,-1.288527056,1.212047264,-0.3238288128,0.3736500158,0.3308488825,-1.228590204,1.544293277,1.326687679,1.453931357,-0.3415193793,-0.08493128169,-0.3203767061,-0.1552535976,0,0.1431532067,-0.2918196455,-0.288512409,0.2489199253,0.0861391035,0.1278021379,-0.004483001087,0.03524762163,-0.1116246867,-0.1941393464,-0.009083906831,0.1470899119,0.008521925271,0.006189355187,0.006189355187,0,0,0.15,0.14,0
4.44,0.4633103771,-0.1154832779,0.2357396715,-0.03551985142,0,1,0.06994284734,0.9975510003,0,0,1.291554741,1.649336143,-1.287095524,1.209129067,-0.3267139369,0.376139215,0.3317102735,-1.227312183,1.544248447,1.327040155,1.45281511,-0.3434607728,-0.08502212076,-0.318905807,-0.1556288637,0,0.1436999558,-0.291960448,-0.2889309804,0.2490519846,0.08528894749,0.1278138648,-0.00450217186,0.03483758354,-0.111889723,-0.19362164,-0.008539655375,0.1464259945,0.008518732503,0.006189043654,0.006189043654,0,0,0.15,0.14,0
4.45,0.4656649005,-0.1158383305,0.2351585488,-0.035489727,0,1,0.06994284734,0.9975510003,0,0,1.289998453,1.649336143,-1.285658524,1.206209463,-0.3296032467,0.3786297349,0.332563163,-1.226034044,1.544203425,1.327388531,1.451696213,-0.3453969892,-0.08510751731,-0.317441547,-0.1559728142,0,0.1441920648,-0.2920559426,-0.2892866676,0.2491344783,0.08439791932,0.1278038802,-0.004520533622,0.03442303297,-0.1121366625,-0.1930700999,-0.00799748019,0.1457369122,0.008515533691,0.00618866949,0.00618866949,0,0,0.15,0.14,0
4.46,0.4680134189,-0.1161930533,0.2345386662,-0.03545388356,0,1,0.06994284734,0.9975510003,0,0,1.288438725,1.649336143,-1.284216603,1.203288904,-0.3324961134,0.3811210797,0.3334071422,-1.224756006,1.54415822,1.327732761,1.450574846,-0.3473276902,-0.08518749212,-0.3159841779,-0.1562945699,0,0.1446822337,-0.2921058739,-0.2896149334,0.2491794835,0.08350563773,0.1277721346,-0.004538077257,0.03400416541,-0.1123653685,-0.1924847899,-0.00745765303,0.145022888,0.008512329495,0.006188232843,0.006188232843,0,0,0.15,0.14,0
4.47,0.4703555448,-0.1165473892,0.233880087,-0.03541233043,0,1,0.06994284734,0.9975510003,0,0,1.286875779,1.649336143,-1.282769781,1.200367845,-0.3353922627,0.3836128745,0.3342421986,-1.223478284,1.544112839,1.328072803,1.449451193,-0.3492525381,-0.08526206865,-0.314533949,-0.156590742,0,0.145152501,-0.292109993,-0.2899034014,0.249182617,0.08259958453,0.1277185841,-0.004554793906,0.03358117701,-0.1125757087,-0.1918657843,-0.006920442167,0.1442841526,0.008509120392,0.006187733887,0.006187733887,0,0,0.15,0.14,0
4.48,0.4726908919,-0.1169012809,0.2331828834,-0.03536507829,0,1,0.06994284734,0.9975510003,0,0,1.285309872,1.649336143,-1.281318256,1.197446745,-0.3382912967,0.3861047007,0.3350681944,-1.222201098,1.544067291,1.328408615,1.448325436,-0.351171196,-0.08533127307,-0.3130911075,-0.1568642082,0,0.1456201053,-0.2920680579,-0.2901634839,0.249147812,0.08169305836,0.1276431908,-0.00457067497,0.03315426443,-0.1127675548,-0.1912131673,-0.006386112179,0.1435209442,0.008505906924,0.006187172818,0.006187172818,0,0,0.155,0.14,0
4.49,0.475019074,-0.1172546718,0.232447137,-0.03531213916,0,1,0.06994284734,0.9975510003,0,0,1.283741229,1.649336143,-1.279862055,1.194526064,-0.3411929315,0.3885961788,0.335885125,-1.220924666,1.544021584,1.328740157,1.44719776,-0.3530833276,-0.08539513419,-0.3116558981,-0.157105306,0,0.146032079,-0.2919798334,-0.2903592159,0.249062242,0.08074822895,0.1275459225,-0.004585712121,0.03272362468,-0.1129407827,-0.1905270333,-0.005854923742,0.1427335083,0.008502689575,0.006186549858,0.006186549858,0,0,0.155,0.14,0
4.5,0.4773397064,-0.1176075048,0.2316729383,-0.0352535264,0,1,0.06994284734,0.9975510003,0,0,1.282170176,1.649336143,-1.278401734,1.191606266,-0.3440965237,0.3910868012,0.3366926073,-1.219649207,1.543975727,1.329067393,1.446068352,-0.354988598,-0.08545368343,-0.310228563,-0.1573230217,0,0.1464398482,-0.2918450916,-0.2905250866,0.2489379913,0.0798033729,0.1274267531,-0.004599897307,0.03228945499,-0.1130952731,-0.1898074868,-0.005327133427,0.1419220975,0.008499469024,0.006185865251,0.006185865251,0,0,0.155,0.14,0
4.51,0.479652405,-0.1179597234,0.2308603871,-0.03518925473,0,1,0.06994284734,0.9975510003,0,0,1.280596946,1.649336143,-1.276937336,1.188687815,-0.3470017746,0.3935761811,0.337490641,-1.21837494,1.543929728,1.329390288,1.444937399,-0.3568866728,-0.08550695476,-0.308809342,-0.157514031,0,0.1468258476,-0.2916636121,-0.290649012,0.2487707191,0.07884644883,0.1272856622,-0.004613222761,0.03185195268,-0.113230911,-0.1890546421,-0.004802993505,0.1410869713,0.008496245767,0.006185119267,0.006185119267,0,0,0.155,0.14,0
4.52,0.4819567867,-0.1183112711,0.2300095921,-0.03511934019,0,1,0.06994284734,0.9975510003,0,0,1.279021806,1.649336143,-1.275469077,1.185771179,-0.3499082647,0.3960638883,0.3382791055,-1.217102083,1.543883596,1.329708808,1.44380509,-0.3587772192,-0.0855549847,-0.3073984723,-0.1576780621,0,0.147189592,-0.2914351818,-0.2907304373,0.2485601582,0.07787789225,0.1271226357,-0.004625681006,0.03141131498,-0.1133475864,-0.1882686236,-0.004282751757,0.1402283961,0.008493020366,0.006184312199,0.006184312199,0,0,0.155,0.14,0
4.53,0.4842524697,-0.1186620915,0.2291206713,-0.0350438002,0,1,0.06994284734,0.9975510003,0,0,1.277445025,1.649336143,-1.273997181,1.182856827,-0.3528155691,0.3985494899,0.3390578844,-1.215830857,1.543837339,1.330022921,1.442671614,-0.3606599055,-0.08559781221,-0.3059961883,-0.1578180878,0,0.147548544,-0.2911595957,-0.2907808749,0.2483104548,0.07691101971,0.1269376652,-0.004637264866,0.03096773895,-0.113445194,-0.1874495656,-0.003766651282,0.1393466447,0.008489793387,0.006183444361,0.006183444361,0,0,0.155,0.14,0
4.54,0.4865390734,-0.1190121284,0.2281937517,-0.03496265348,0,1,0.06994284734,0.9975510003,0,0,1.275866844,1.649336143,-1.272521696,1.179945231,-0.3557233778,0.4010325945,0.3398269946,-1.21456148,1.543790967,1.330332598,1.441537163,-0.3625344011,-0.08563547873,-0.3046027219,-0.1579242494,0,0.1478490076,-0.2908366566,-0.2907639756,0.2480083303,0.07590807968,0.1267307487,-0.004647967467,0.03052142126,-0.1135236335,-0.1865976119,-0.003254930324,0.1384419962,0.008486565335,0.006182516095,0.006182516095,0,0,0.155,0.14,0
4.55,0.4888162185,-0.1193613259,0.2272289694,-0.03487592013,0,1,0.06994284734,0.9975510003,0,0,1.274287602,1.649336143,-1.271043206,1.177036865,-0.3586310176,0.4035126778,0.3405860754,-1.213294173,1.543744487,1.330637812,1.440401926,-0.3644003773,-0.08566802803,-0.3032183019,-0.1580057718,0,0.1481430921,-0.2904661757,-0.290714562,0.2476664087,0.07490732984,0.1265018903,-0.004657782251,0.03007255812,-0.1135828098,-0.1857129164,-0.002747822092,0.1375147362,0.008483336914,0.006181527761,0.006181527761,0,0,0.155,0.14,0
4.56,0.4910835271,-0.1197096283,0.2262264698,-0.03478362159,0,1,0.06994284734,0.9975510003,0,0,1.272707544,1.649336143,-1.269561775,1.174132203,-0.3615381632,0.4059893418,0.3413351487,-1.212029154,1.543697909,1.330938538,1.439266098,-0.3662575064,-0.08569550625,-0.3018431546,-0.1580592834,0,0.1484129822,-0.2900479725,-0.2906204106,0.2472802343,0.07389677058,0.1262511,-0.004666702977,0.02962134507,-0.1136226329,-0.1847956425,-0.002245554592,0.1365651558,0.00848010864,0.006180479746,0.006180479746,0,0,0.155,0.14,0
4.57,0.4933406227,-0.1200569799,0.2251864071,-0.03468578062,0,1,0.06994284734,0.9975510003,0,0,1.271126951,1.649336143,-1.268077645,1.171231723,-0.3644443673,0.4084621442,0.3420741164,-1.210766643,1.543651242,1.331234751,1.438129872,-0.3681054628,-0.0857179618,-0.300477503,-0.1580877417,0,0.1486758015,-0.2895818754,-0.2904927714,0.2468539962,0.07288935579,0.1259783945,-0.004674723731,0.02916797692,-0.1136430183,-0.183845963,-0.001748350469,0.1355935521,0.008476881095,0.006179372458,0.006179372458,0,0,0.16,0.14,0
4.58,0.4955871306,-0.1204033255,0.2241089449,-0.03458242136,0,1,0.06994284734,0.9975510003,0,0,1.269546074,1.649336143,-1.266590887,1.168335904,-0.367349295,0.4109306842,0.34280301,-1.209506859,1.543604495,1.331526431,1.436993442,-0.3699439225,-0.0857354453,-0.2991215675,-0.1580814092,0,0.1488787805,-0.2890677218,-0.2902959953,0.2463744394,0.07184846915,0.1256837965,-0.00468183893,0.02871264756,-0.1136438871,-0.1828640605,-0.001256426842,0.1346002279,0.008473654801,0.006178206327,0.006178206327,0,0,0.16,0.14,0
4.59,0.4978226775,-0.12074861,0.2229942558,-0.03447356927,0,1,0.06994284734,0.9975510003,0,0,1.26796526,1.649336143,-1.265102099,1.165445227,-0.370252255,0.4133944285,0.3435214947,-1.208250021,1.543557677,1.331813558,1.435857003,-0.3717725631,-0.08574800957,-0.2977755652,-0.158049435,0,0.149073092,-0.2885053583,-0.2900641867,0.2458542485,0.07081128386,0.125367335,-0.004688043332,0.0282555498,-0.1136251659,-0.1818501269,-0.0007699951621,0.1335854912,0.008470430475,0.006176981806,0.006176981806,0,0,0.16,0.14,0
4.6,0.5000468922,-0.1210927786,0.2218425214,-0.03435925116,0,1,0.06994284734,0.9975510003,0,0,1.266384765,1.649336143,-1.263611368,1.162560174,-0.3731528968,0.415852971,0.3442296075,-1.206996347,1.543510796,1.332096113,1.434720751,-0.3735910643,-0.08575570952,-0.2964397103,-0.1579885026,0,0.1492412149,-0.2878946409,-0.289785343,0.2452890041,0.06976618006,0.1250290455,-0.004693332037,0.0277968753,-0.1135867872,-0.1808043633,-0.0002892610642,0.1325496549,0.008467208649,0.006175699368,0.006175699368,0,0,0.16,0.145,0
4.61,0.5022594051,-0.1214357769,0.2206539326,-0.03423949518,0,1,0.06994284734,0.9975510003,0,0,1.26480488,1.649336143,-1.262118956,1.159681227,-0.3760507503,0.4183058611,0.3449272693,-1.205746057,1.543463863,1.332374082,1.433584883,-0.375399108,-0.08575860213,-0.2951142138,-0.1579015658,0,0.1493999874,-0.2872354358,-0.2894704949,0.2446829482,0.06872578581,0.1246689697,-0.0046977005,0.02733681439,-0.1135286892,-0.1797269803,0.0001855757708,0.1314930373,0.008463989918,0.00617435951,0.00617435951,0,0,0.16,0.145,0
4.62,0.5044598487,-0.1217775505,0.2194286894,-0.03411433085,0,1,0.06994284734,0.9975510003,0,0,1.263225865,1.649336143,-1.260624956,1.156808873,-0.3789454552,0.4207526906,0.3456145272,-1.204499367,1.543416886,1.33264745,1.432449596,-0.3771963778,-0.08575674637,-0.2937992834,-0.1577789938,0,0.1494974471,-0.2865276188,-0.2890846052,0.2440228407,0.06765450952,0.1242871561,-0.004701144531,0.02687555593,-0.1134508164,-0.1786181974,0.0006543217448,0.1304159612,0.008460774819,0.006172962747,0.006172962747,0,0,0.16,0.145,0
4.63,0.5066478574,-0.1221180456,0.2181670007,-0.03398378899,0,1,0.06994284734,0.9975510003,0,0,1.261648075,1.649336143,-1.259129982,1.153943597,-0.3818363013,0.423192919,0.3462910723,-1.203256496,1.543369874,1.332916206,1.431315088,-0.3789825598,-0.08575020316,-0.2924951238,-0.1576298823,0,0.1495839607,-0.2857710765,-0.2886611628,0.2433214447,0.06658854206,0.1238836594,-0.004703660303,0.02641328721,-0.1133531192,-0.1774782434,0.001116789469,0.1293187537,0.00845756408,0.006171509617,0.006171509617,0,0,0.16,0.145,0
4.64,0.5088230679,-0.1224572085,0.2168690848,-0.03384790181,0,1,0.06994284734,0.9975510003,0,0,1.260071776,1.649336143,-1.257634142,1.151085886,-0.3847229129,0.4256261334,0.3469569577,-1.202017659,1.543322838,1.333180338,1.430181557,-0.3807573422,-0.08573903526,-0.2912019362,-0.1574509679,0,0.1496422647,-0.284965706,-0.2881883621,0.2425743766,0.06551660319,0.1234585409,-0.004705244359,0.02595019377,-0.1132355547,-0.1763073559,0.00157279788,0.1282017467,0.008454358246,0.006170000676,0.006170000676,0,0,0.16,0.145,0
4.65,0.5109851191,-0.1227949859,0.2155351689,-0.03370670283,0,1,0.06994284734,0.9975510003,0,0,1.258497266,1.649336143,-1.25613772,1.148236229,-0.3876047965,0.4280518772,0.3476121237,-1.200783074,1.543275785,1.33343984,1.429049201,-0.3825204158,-0.08572330728,-0.2899199188,-0.157242056,0,0.1496718451,-0.2841114154,-0.2876656172,0.2417815102,0.06443918084,0.1230118685,-0.004705893616,0.02548645934,-0.1130980859,-0.1751057815,0.002022172353,0.1270652757,0.008451157924,0.006168436502,0.006168436502,0,0,0.16,0.145,0
4.66,0.5131336521,-0.123131325,0.2141654894,-0.03356022694,0,1,0.06994284734,0.9975510003,0,0,1.256924846,1.649336143,-1.254641001,1.145395115,-0.3904814527,0.4304696923,0.3482565155,-1.199552955,1.543228726,1.333694705,1.427918221,-0.3842714736,-0.08570308556,-0.288649266,-0.1570062232,0,0.1496898626,-0.2832081243,-0.2871041493,0.2409473264,0.06336896039,0.1225437165,-0.004705605372,0.02502226563,-0.1129406828,-0.1738737754,0.002464744804,0.1259096804,0.008447963725,0.006166817691,0.006166817691,0,0,0.165,0.145,0
4.67,0.5152683105,-0.123466173,0.2127602919,-0.03340851036,0,1,0.06994284734,0.9975510003,0,0,1.255354784,1.649336143,-1.253144103,1.142563033,-0.3933524942,0.4328791655,0.3488902051,-1.198327518,1.54318167,1.333944928,1.426788814,-0.3860102113,-0.08567843811,-0.2873901692,-0.1567336198,0,0.1496433987,-0.2822557637,-0.2864683658,0.2400581225,0.0622702362,0.1220541663,-0.004704377309,0.02455779226,-0.1127633219,-0.1726116016,0.002900353789,0.1247353042,0.008444776197,0.006165144856,0.006165144856,0,0,0.165,0.145,0
4.68,0.5173887404,-0.1237994778,0.2113198308,-0.03325159066,0,1,0.06994284734,0.9975510003,0,0,1.253787447,1.649336143,-1.251647669,1.139740476,-0.3962171778,0.4352797468,0.3495129075,-1.197106976,1.543134627,1.334190506,1.42566118,-0.3877363273,-0.08564943457,-0.2861428162,-0.1564336364,0,0.1495837798,-0.2812542768,-0.2857923227,0.2391272489,0.06117934212,0.1215433054,-0.004702207501,0.02409321661,-0.1125659865,-0.1713195327,0.003328844594,0.1235424936,0.008441596083,0.006163418632,0.006163418632,0,0,0.165,0.145,0
4.69,0.5194945905,-0.1241311876,0.20984437,-0.03308950675,0,1,0.06994284734,0.9975510003,0,0,1.252223111,1.649336143,-1.250151831,1.136927933,-0.3990751011,0.4376710193,0.3501247009,-1.195891543,1.543087604,1.334431438,1.424535521,-0.3894495227,-0.08561614613,-0.2849073912,-0.1561029646,0,0.1494934282,-0.2802036192,-0.2850640378,0.2381502141,0.06008495981,0.1210112285,-0.004699094415,0.02362871373,-0.1123486667,-0.1699978497,0.00375006932,0.1223315988,0.008438423938,0.006161639667,0.006161639667,0,0,0.165,0.145,0
4.7,0.521585512,-0.1244612509,0.2083341823,-0.03292229889,0,1,0.06994284734,0.9975510003,0,0,1.250662081,1.649336143,-1.248656896,1.134125897,-0.4019257414,0.4400525214,0.3507255505,-1.194681431,1.543040614,1.334667725,1.423412034,-0.3911495012,-0.08557864543,-0.2836840752,-0.1557446876,0,0.1493892498,-0.2791037589,-0.2842945524,0.2371315559,0.05899945603,0.1204580366,-0.004695036921,0.02316445615,-0.11211136,-0.168646842,0.004163886959,0.1211029728,0.00843526038,0.00615980863,0.00615980863,0,0,0.165,0.145,0
4.71,0.5236611593,-0.1247896166,0.2067895497,-0.03275000868,0,1,0.06994284734,0.9975510003,0,0,1.249104634,1.649336143,-1.247163004,1.131334859,-0.404768687,0.442423837,0.3513155451,-1.193476851,1.542993663,1.334899369,1.42229092,-0.3928359696,-0.08553700657,-0.2824730455,-0.1553490655,0,0.1492190734,-0.2779546772,-0.2834488369,0.2360576081,0.05788806182,0.1198838378,-0.004690034292,0.02270061385,-0.1118540708,-0.1672668072,0.004570163468,0.1198569716,0.008432105963,0.006157926204,0.006157926204,0,0,0.165,0.145,0
4.72,0.5257211892,-0.1251162342,0.2052107631,-0.03257267907,0,1,0.06994284734,0.9975510003,0,0,1.247551144,1.649336143,-1.245670813,1.128555312,-0.4076031753,0.444784413,0.3518944257,-1.192278012,1.542946763,1.335126376,1.42117238,-0.3945086377,-0.08549130493,-0.2812744758,-0.1549254536,0,0.1490335175,-0.2767563687,-0.2825604317,0.2349418006,0.05678619606,0.1192887469,-0.004684086211,0.02223735407,-0.1115768108,-0.1658580512,0.004968771828,0.1185939537,0.008428961439,0.006155993089,0.006155993089,0,0,0.165,0.145,0
4.73,0.5277652617,-0.1254410536,0.2035981229,-0.03239035434,0,1,0.06994284734,0.9975510003,0,0,1.246001889,1.649336143,-1.244180478,1.125787749,-0.4104287796,0.447133831,0.3524622876,-1.191085125,1.542899922,1.335348749,1.420056612,-0.3961672182,-0.08544161721,-0.2800885363,-0.1544706043,0,0.1488152517,-0.275508842,-0.2816175514,0.2337796914,0.05568284047,0.1186728854,-0.004677192774,0.02177484123,-0.1112795991,-0.1644208877,0.005359592102,0.1173142802,0.008425827365,0.00615401,0.00615401,0,0,0.165,0.145,0
4.74,0.5297930398,-0.1257640248,0.2019519382,-0.03220308014,0,1,0.06994284734,0.9975510003,0,0,1.244457183,1.649336143,-1.242692326,1.12303266,-0.4132449552,0.449471628,0.3530191161,-1.189898396,1.54285315,1.335566497,1.418943816,-0.397811427,-0.08538802129,-0.2789153935,-0.1539876114,0,0.148580943,-0.2742121196,-0.2806310787,0.232575876,0.05459004853,0.1180363819,-0.004669354498,0.02131323682,-0.1109624626,-0.1629556385,0.00574251149,0.1160183142,0.008422704366,0.006151977666,0.006151977666,0,0,0.165,0.145,0
4.75,0.5318041897,-0.1260850988,0.2002725275,-0.03201090345,0,1,0.06994284734,0.9975510003,0,0,1.242917307,1.649336143,-1.241206516,1.120290539,-0.4160512659,0.4517973867,0.3535650165,-1.188718032,1.542806456,1.33577963,1.417834191,-0.3994409834,-0.08533059618,-0.2777552103,-0.153466855,0,0.1482791783,-0.2728662385,-0.279566552,0.231316747,0.05347396392,0.1173793717,-0.004660572317,0.02085269929,-0.1106254354,-0.1614626334,0.006117424368,0.1147064212,0.008419593002,0.006149896831,0.006149896831,0,0,0.17,0.145,0
4.76,0.5337983807,-0.1264042267,0.1985602184,-0.03181387258,0,1,0.06994284734,0.9975510003,0,0,1.241382639,1.649336143,-1.239723724,1.117561877,-0.4188469315,0.4541105542,0.3540997562,-1.187544238,1.542759851,1.335988157,1.416727937,-0.4010556098,-0.08526942193,-0.2766081461,-0.152917656,0,0.1479598804,-0.271471251,-0.2784570222,0.230015803,0.05236910372,0.1167019969,-0.004650847594,0.02039338391,-0.1102685597,-0.1599422095,0.006484232324,0.1133789683,0.008416494023,0.006147768252,0.006147768252,0,0,0.17,0.145,0
4.77,0.5357752855,-0.1267213603,0.1968153473,-0.03161203722,0,1,0.06994284734,0.9975510003,0,0,1.239853462,1.649336143,-1.238244126,1.114847164,-0.4216315017,0.4564107122,0.3546234472,-1.186377218,1.542713342,1.336192091,1.415625251,-0.4026550319,-0.08520457961,-0.2754743564,-0.1523368336,0,0.1476059751,-0.2700272245,-0.2772909117,0.2286686612,0.05126473654,0.1160044069,-0.00464018212,0.01993544274,-0.1098918853,-0.158394712,0.006842844193,0.1120363244,0.008413407993,0.006145592698,0.006145592698,0,0,0.17,0.145,0
4.78,0.5377345803,-0.1270364516,0.1950382602,-0.03140544837,0,1,0.06994284734,0.9975510003,0,0,1.238330094,1.649336143,-1.236768066,1.112146892,-0.4244044108,0.4586973988,0.3551360946,-1.185217174,1.54266694,1.336391445,1.414526332,-0.404238979,-0.08513615117,-0.2743539932,-0.151724318,0,0.1472169977,-0.2685342422,-0.2760677164,0.2272753861,0.05016134706,0.1152867577,-0.004628578119,0.01947902446,-0.1094954702,-0.1568204933,0.007193176076,0.1106788598,0.008410335536,0.006143370949,0.006143370949,0,0,0.17,0.145,0
4.79,0.5396759445,-0.1273494536,0.1932293118,-0.0311941584,0,1,0.06994284734,0.9975510003,0,0,1.23681285,1.649336143,-1.235295896,1.10946155,-0.427165088,0.4609701527,0.355637708,-1.184064307,1.542620655,1.336586235,1.413431377,-0.4058071839,-0.08506421941,-0.2732472046,-0.1510833275,0,0.1468098934,-0.2669924034,-0.2747985213,0.225840798,0.04907096977,0.1145492125,-0.00461603825,0.0190242743,-0.1090793804,-0.1552199133,0.007535151363,0.1093069463,0.008407277277,0.006141103799,0.006141103799,0,0,0.17,0.145,0
4.8,0.5415990615,-0.1276603193,0.191388866,-0.030978221,0,1,0.06994284734,0.9975510003,0,0,1.235302017,1.649336143,-1.233827797,1.106791626,-0.4299130732,0.4632285607,0.3561284177,-1.182918815,1.542574494,1.336776478,1.412340584,-0.407359383,-0.08498886789,-0.2721541351,-0.1504040952,0,0.1463325648,-0.2654018238,-0.2734484882,0.2243509449,0.0479597573,0.1137919414,-0.004602565612,0.01857133394,-0.1086436899,-0.1535933391,0.007868700738,0.1079209565,0.008404233774,0.00613879205,0.00613879205,0,0,0.17,0.145,0
4.81,0.5435036181,-0.1279690027,0.1895172961,-0.03075769123,0,1,0.06994284734,0.9975510003,0,0,1.233797976,1.649336143,-1.232364471,1.104137607,-0.4326475581,0.4654720701,0.3566080153,-1.181780895,1.542528469,1.336962191,1.411254147,-0.4088953164,-0.08491018089,-0.2710749255,-0.1496962089,0,0.1458357199,-0.2637626365,-0.2720511837,0.2228198409,0.04686220609,0.1130151216,-0.004588163744,0.01812034146,-0.1081884811,-0.1519411452,0.008193762186,0.1065212643,0.008401205779,0.006136436515,0.006136436515,0,0,0.17,0.145,0
4.82,0.545389305,-0.128275458,0.1876149842,-0.03053262548,0,1,0.06994284734,0.9975510003,0,0,1.232301014,1.649336143,-1.230906114,1.101499981,-0.4353680699,0.4677002685,0.3570766374,-1.180650744,1.542482587,1.337143395,1.410172262,-0.4104147279,-0.08482824326,-0.2700097129,-0.1489564795,0,0.1453020806,-0.2620749917,-0.2705949509,0.2212430453,0.04576756441,0.1122189372,-0.004572836631,0.01767143118,-0.1077138448,-0.1502637131,0.008510280991,0.1051082441,0.008398193853,0.006134038014,0.006134038014,0,0,0.17,0.145,0
4.83,0.5472558166,-0.1285796402,0.1856823215,-0.03030308148,0,1,0.06994284734,0.9975510003,0,0,1.230811449,1.649336143,-1.229453093,1.098879231,-0.4380740194,0.469912699,0.357534313,-1.179528555,1.542436859,1.337320109,1.409095123,-0.411917365,-0.08474314045,-0.2689586305,-0.1481881295,0,0.1447482954,-0.2603390574,-0.2690907052,0.2196254142,0.044687493,0.1114035795,-0.004556588704,0.01722473363,-0.1072198803,-0.1485614312,0.008818209731,0.1036822712,0.008395198615,0.006131597377,0.006131597377,0,0,0.17,0.145,0
4.84,0.5491028516,-0.1288815049,0.1837197086,-0.03006911832,0,1,0.06994284734,0.9975510003,0,0,1.229329568,1.649336143,-1.22800561,1.09627584,-0.4407649265,0.4721089531,0.357981188,-1.178414519,1.542391293,1.337492356,1.408022925,-0.4134029793,-0.08465495836,-0.2679218078,-0.1473815735,0,0.1441232728,-0.2585550199,-0.2675043436,0.217953158,0.04358915455,0.1105692468,-0.004539424843,0.01678037547,-0.1067066952,-0.1468346949,0.009117508259,0.102243721,0.00839222062,0.006129115442,0.006129115442,0,0,0.17,0.145,0
4.85,0.5509301123,-0.1291810081,0.1817275549,-0.02983079643,0,1,0.06994284734,0.9975510003,0,0,1.227855752,1.649336143,-1.226564378,1.09369029,-0.4434399699,0.4742884847,0.3584170795,-1.177308826,1.542345899,1.33766016,1.406955858,-0.4148713263,-0.08456378327,-0.2668993705,-0.14654633,0,0.1434768435,-0.2567230842,-0.2658688648,0.2162402826,0.04250602013,0.1097161446,-0.00452135038,0.01633847939,-0.106174406,-0.1450839064,0.009408143687,0.1007929697,0.008389260615,0.006126593051,0.006126593051,0,0,0.175,0.145,0
4.86,0.5527373056,-0.1294781065,0.1797062791,-0.02958817757,0,1,0.06994284734,0.9975510003,0,0,1.226390289,1.649336143,-1.225129609,1.091123059,-0.4460986585,0.4764508875,0.3588421397,-1.176211665,1.542300685,1.337823545,1.405894114,-0.4163221653,-0.08446970184,-0.2658914408,-0.1456793043,0,0.1427920828,-0.2548434742,-0.264172901,0.2144824475,0.04142764342,0.1088444854,-0.004502371097,0.01589916404,-0.1056231377,-0.1433094744,0.009690090358,0.09933039322,0.008386319152,0.006124031054,0.006124031054,0,0,0.175,0.15,0
4.87,0.5545241423,-0.1297727575,0.1776563089,-0.02934132487,0,1,0.06994284734,0.9975510003,0,0,1.224933496,1.649336143,-1.223701688,1.088574625,-0.4487403876,0.478595712,0.3592564161,-1.17512322,1.542255661,1.337982537,1.404837882,-0.4177552601,-0.08437280093,-0.2648981369,-0.144780546,0,0.142068635,-0.2529164336,-0.2624161131,0.2126798814,0.04035446504,0.1079567203,-0.004491907064,0.01544957124,-0.1050530243,-0.1414992706,0.009958803484,0.09784617318,0.008383396844,0.006121430305,0.006121430305,0,0,0.175,0.15,0
4.88,0.5562903376,-0.1300649191,0.1755780813,-0.02909030277,0,1,0.06994284734,0.9975510003,0,0,1.223485691,1.649336143,-1.222281002,1.08604546,-0.4513645487,0.4807225108,0.3596599608,-1.174043653,1.542210742,1.338137032,1.403787352,-0.4191702528,-0.0842732129,-0.2639196752,-0.1438533825,0,0.1413232918,-0.2509422258,-0.2606095671,0.210837622,0.03929799963,0.1070463643,-0.004461656438,0.01502881008,-0.1044642086,-0.1396914263,0.01022786906,0.09637134847,0.008380494303,0.006118760729,0.006118760729,0,0,0.175,0.15,0
4.89,0.5580356112,-0.1303545499,0.1734720422,-0.0288351771,0,1,0.06994284734,0.9975510003,0,0,1.222047157,1.649336143,-1.220867769,1.083536038,-0.4539706444,0.482830887,0.3600529408,-1.172973189,1.542166126,1.33828732,1.40274271,-0.4205671671,-0.08417093421,-0.2629559617,-0.1428882011,0,0.1405048261,-0.2489211346,-0.2587191571,0.2089417197,0.0382257116,0.1061203771,-0.004439987108,0.0145979283,-0.1038568423,-0.1378486028,0.0104836749,0.0948755685,0.008377612072,0.006116085277,0.006116085277,0,0,0.175,0.15,0
4.9,0.5597596872,-0.1306416092,0.1713386467,-0.02857601499,0,1,0.06994284734,0.9975510003,0,0,1.220618275,1.649336143,-1.219462721,1.081046827,-0.4565578359,0.4849203042,0.3604351979,-1.171911985,1.542121726,1.3384333,1.401704141,-0.4219456531,-0.08406609746,-0.262007206,-0.1418947027,0,0.1396634014,-0.2468534647,-0.2567781508,0.2070065469,0.03717072589,0.1051767571,-0.004417452623,0.01417004382,-0.103231086,-0.1359838204,0.01073075522,0.09336945365,0.008374750883,0.006113373706,0.006113373706,0,0,0.175,0.15,0
4.91,0.5614622945,-0.130926057,0.169178359,-0.02831288495,0,1,0.06994284734,0.9975510003,0,0,1.219199328,1.649336143,-1.218066087,1.078578292,-0.4591256174,0.4869903697,0.3608069052,-1.170860218,1.542077551,1.338575,1.400671831,-0.4233054913,-0.08395878991,-0.2610735115,-0.1408698326,0,0.1387820909,-0.244739542,-0.2547752601,0.2050277733,0.03612265394,0.1042157498,-0.004394049097,0.01374527068,-0.1025871097,-0.1340975358,0.01096912567,0.09185339172,0.008371911275,0.006110626844,0.006110626844,0,0,0.175,0.15,0
4.92,0.5631431663,-0.1312078539,0.1669916525,-0.0280458568,0,1,0.06994284734,0.9975510003,0,0,1.217790629,1.649336143,-1.216678266,1.076130897,-0.46167337,0.4890406474,0.3611681317,-1.16981806,1.542033611,1.338712453,1.39964596,-0.4246464666,-0.08384909865,-0.2601549776,-0.139813719,0,0.1378606332,-0.2425797138,-0.252710286,0.2030057306,0.0350818954,0.1032376107,-0.004369785045,0.01332370209,-0.1019250922,-0.1321901963,0.01119880313,0.09032775702,0.008369093845,0.006107845558,0.006107845558,0,0,0.175,0.15,0
4.93,0.5648020411,-0.1314869613,0.1647790095,-0.02777500174,0,1,0.06994284734,0.9975510003,0,0,1.216392492,1.649336143,-1.215299659,1.0737051,-0.4642004729,0.4910707047,0.3615189507,-1.168785684,1.541989913,1.33884569,1.398626709,-0.4259683686,-0.08373711062,-0.2592517,-0.1387297719,0,0.1369158315,-0.2403743498,-0.2505943806,0.2009455967,0.03405971158,0.1022426022,-0.004344669457,0.01290542685,-0.1012452217,-0.1302622548,0.01141981139,0.08879292311,0.008366299188,0.006105030715,0.006105030715,0,0,0.175,0.15,0
4.94,0.5664386617,-0.1317633414,0.1625409217,-0.02750039229,0,1,0.06994284734,0.9975510003,0,0,1.215005194,1.649336143,-1.213930501,1.071301356,-0.4667064167,0.4930801607,0.3618595478,-1.167763258,1.541946466,1.338974744,1.397614256,-0.4272709912,-0.0836229125,-0.2583637708,-0.1376084475,0,0.1358967823,-0.2381238418,-0.248393749,0.1988334088,0.03302411984,0.1012309941,-0.004318711782,0.01249052929,-0.1005476955,-0.1283141705,0.01163218103,0.08724926277,0.008363527827,0.006099029733,0.006099029733,0,0,0.18,0.15,0
4.95,0.5680527763,-0.1320369569,0.1602778897,-0.02722210233,0,1,0.06994284734,0.9975510003,0,0,1.21362911,1.649336143,-1.212571533,1.068920118,-0.4691903542,0.4950684948,0.362189789,-1.166750948,1.541903279,1.33909965,1.396608779,-0.4285541329,-0.08350659069,-0.2574912781,-0.1364595526,0,0.1348535849,-0.2358286048,-0.2461416949,0.1966837786,0.03200762945,0.1002030634,-0.00429192193,0.01207908924,-0.09983272047,-0.1263464085,0.01183594939,0.08569714785,0.008360780475,0.006091256427,0.006091256427,0,0,0.18,0.15,0
4.96,0.5696441381,-0.1323077714,0.1579904232,-0.02694020707,0,1,0.06994284734,0.9975510003,0,0,1.212264514,1.649336143,-1.211222998,1.066561832,-0.4716517711,0.4970353326,0.3625098653,-1.165748918,1.54186036,1.33922044,1.395610452,-0.4298175969,-0.0833882312,-0.2566343067,-0.1352801089,0,0.1337694745,-0.2334890766,-0.2438271353,0.1944924382,0.03099998193,0.0991590941,-0.004264310272,0.01167118207,-0.09910051245,-0.1243594395,0.01203116051,0.08413694926,0.008358057648,0.006083500707,0.006083500707,0,0,0.18,0.15,0
4.97,0.5712125051,-0.1325757493,0.1556790413,-0.02665478308,0,1,0.06994284734,0.9975510003,0,0,1.210911713,1.649336143,-1.209885303,1.064226941,-0.4740900425,0.498980257,0.3628198651,-1.164757327,1.541817717,1.339337152,1.394619447,-0.4310611913,-0.0832679196,-0.2557929372,-0.1340703324,0,0.1326443104,-0.2311057192,-0.2414500494,0.1922598302,0.0300015243,0.0980993776,-0.004235887635,0.01126687855,-0.09835129689,-0.1223537401,0.012217865,0.08256903683,0.00835535992,0.006075763863,0.006075763863,0,0,0.18,0.15,0
4.98,0.5727576409,-0.1328408556,0.1533442717,-0.02636590826,0,1,0.06994284734,0.9975510003,0,0,1.20957101,1.649336143,-1.20855886,1.061915884,-0.476504543,0.5009028553,0.3631198803,-1.163776333,1.541775358,1.339449821,1.393635934,-0.4322847287,-0.08314574095,-0.2549672468,-0.1328336871,0,0.1314947537,-0.2286790182,-0.2390215969,0.1899912222,0.02902314734,0.09702421232,-0.004206665308,0.01086624496,-0.09758530857,-0.1203297928,0.01239611997,0.08099377929,0.008352687861,0.006068047168,0.006068047168,0,0,0.18,0.15,0
4.99,0.5742793144,-0.1331030562,0.1509866518,-0.02607366186,0,1,0.06994284734,0.9975510003,0,0,1.208242673,1.649336143,-1.207243912,1.059629093,-0.478894759,0.5028027675,0.3634101118,-1.162806091,1.541733291,1.339558483,1.392660081,-0.4334880267,-0.08302177975,-0.254157309,-0.1315608149,0,0.1302707838,-0.2262094838,-0.2365086755,0.1876728173,0.02803372158,0.09593390389,-0.004176655034,0.01046934299,-0.09680279173,-0.1182880854,0.01256598896,0.07941154417,0.008350041967,0.006060351885,0.006060351885,0,0,0.18,0.15,0
5,0.5757772996,-0.1333623179,0.1486067277,-0.02577812447,0,1,0.06994284734,0.9975510003,0,0,1.206927065,1.649336143,-1.205941204,1.057366999,-0.4812598457,0.5046794957,0.363690449,-1.161846752,1.541691525,1.339663177,1.391692053,-0.4346709075,-0.08289611986,-0.2533631936,-0.130261531,0,0.1290219408,-0.2236976508,-0.2339443266,0.185319306,0.02706482262,0.09482876509,-0.004145869016,0.01007622977,-0.09600400007,-0.1162291114,0.0127275418,0.07782269779,0.008347422922,0.006052679259,0.006052679259,0,0,0.18,0.15,0
5.01,0.5772513764,-0.133618608,0.1462050547,-0.02547937805,0,1,0.06994284734,0.9975510003,0,0,1.20562445,1.649336143,-1.204650985,1.055130022,-0.483599289,0.5065326887,0.3639610972,-1.160898464,1.541650066,1.339763939,1.390732013,-0.4358331986,-0.08276884444,-0.2525849666,-0.1289329763,0,0.1277318194,-0.2211440794,-0.2313178208,0.1829265452,0.02610641127,0.0937091159,-0.004114319909,0.00968695784,-0.09518919677,-0.11415337,0.01288085457,0.07622760515,0.008344831214,0.006045030522,0.006045030522,0,0,0.18,0.15,0
5.02,0.5787013301,-0.133871895,0.1437821973,-0.02517750587,0,1,0.06994284734,0.9975510003,0,0,1.20433512,1.649336143,-1.203373667,1.052918581,-0.4859124672,0.5083619542,0.3642221614,-1.159961373,1.541608923,1.339860809,1.389780121,-0.4369747323,-0.08264003589,-0.2518226905,-0.1275754624,0,0.1264004272,-0.218549355,-0.2286293539,0.1804950953,0.02515877098,0.0925752834,-0.004082020822,0.009301575207,-0.09435865451,-0.1120613656,0.01302600942,0.07462662998,0.008342267384,0.006037406888,0.006037406888,0,0,0.18,0.15,0
5.03,0.5801269517,-0.134122148,0.1413387291,-0.02487259257,0,1,0.06994284734,0.9975510003,0,0,1.203059365,1.649336143,-1.202109662,1.050733088,-0.4881987607,0.5101669051,0.3644737491,-1.15903562,1.541568103,1.339953825,1.388836535,-0.438095346,-0.0825097758,-0.2510764242,-0.1261893229,0,0.1250278155,-0.2159140888,-0.2258791767,0.1780255443,0.02422217802,0.09142976436,-0.004058186051,0.008907264393,-0.09351265546,-0.1099411751,0.01315847452,0.07301026714,0.008339731968,0.006029809553,0.006029809553,0,0,0.185,0.15,0
5.04,0.5815280379,-0.134369337,0.1388752327,-0.02456472411,0,1,0.06994284734,0.9975510003,0,0,1.201797472,1.649336143,-1.200859384,1.048573947,-0.4904575525,0.5119471606,0.3647159708,-1.158121322,1.541527521,1.340042897,1.387901408,-0.4391947577,-0.08237819105,-0.2503463216,-0.1247781158,0,0.1236306206,-0.2132389183,-0.2230785853,0.1755232991,0.02330714843,0.0902663807,-0.004015095251,0.008542821099,-0.09265149134,-0.1078307817,0.01329225996,0.07140862707,0.008337225492,0.006022208558,0.006022208558,0,0,0.185,0.15,0
5.05,0.5829043915,-0.1346134329,0.1363922999,-0.02425398782,0,1,0.06994284734,0.9975510003,0,0,1.200549691,1.649336143,-1.199623078,1.046441558,-0.4926883383,0.5137023936,0.3649490423,-1.157218659,1.54148737,1.340128325,1.386974893,-0.4402730656,-0.08224526845,-0.2496322353,-0.1233326585,0,0.1221595781,-0.2105245072,-0.2201951213,0.1729747006,0.02238330752,0.08909202787,-0.00398061064,0.008169375452,-0.09177546334,-0.1056930952,0.01341350355,0.06979219287,0.008334748413,0.006014667783,0.006014667783,0,0,0.185,0.15,0
5.06,0.5842558211,-0.1348544075,0.1338905318,-0.02394047237,0,1,0.06994284734,0.9975510003,0,0,1.199316364,1.649336143,-1.198401482,1.044336313,-0.4948902896,0.5154321406,0.3651728754,-1.156327738,1.541447564,1.340210019,1.386057139,-0.4413299965,-0.08211113342,-0.2489343134,-0.1218628442,0,0.1206639379,-0.2077715459,-0.2172618026,0.1703946149,0.02148135547,0.08790487508,-0.003945448632,0.007799943815,-0.09088488217,-0.1035411965,0.01352696895,0.06817130059,0.008332301368,0.006007156846,0.006007156846,0,0,0.185,0.15,0
5.07,0.5855821414,-0.1350922334,0.1313705381,-0.02362426775,0,1,0.06994284734,0.9975510003,0,0,1.198097736,1.649336143,-1.197194843,1.042258597,-0.4970629076,0.5171360867,0.365387689,-1.15544869,1.541408109,1.340288019,1.38514829,-0.4423654085,-0.08197586373,-0.2482526004,-0.1203659465,0,0.1191276433,-0.2049807518,-0.2142682902,0.1677790314,0.02059141644,0.0867052813,-0.00390960898,0.007434573398,-0.08998006804,-0.1013756378,0.01363277504,0.06654632382,0.008329884797,0.005999676809,0.005999676809,0,0,0.185,0.15,0
5.08,0.5868831732,-0.1353268842,0.1288329382,-0.02330546532,0,1,0.06994284734,0.9975510003,0,0,1.196894076,1.649336143,-1.196003566,1.04020879,-0.4992055905,0.518813877,0.3655936031,-1.154581637,1.541369013,1.340362364,1.384248489,-0.4433791649,-0.08183953598,-0.2475871371,-0.1188424004,0,0.1175509137,-0.2021528695,-0.2112150873,0.1651286598,0.01971368499,0.08549361625,-0.003873107442,0.007073285228,-0.08906135064,-0.09919695559,0.01373103826,0.0649176181,0.008327499192,0.005992228768,0.005992228768,0,0,0.185,0.15,0
5.09,0.5881587436,-0.1355583344,0.1262783602,-0.02298415778,0,1,0.06994284734,0.9975510003,0,0,1.195705652,1.649336143,-1.194828057,1.038187261,-0.5013177414,0.5204651636,0.36579074,-1.153726701,1.541330282,1.340433097,1.383357876,-0.4443711344,-0.0817022256,-0.2469379609,-0.1172926647,0,0.1159340186,-0.199288671,-0.2081027605,0.1624442386,0.01884834693,0.08427025668,-0.003835960238,0.006716095912,-0.0881290691,-0.09700569151,0.01382188036,0.06328553758,0.008325145037,0.005984813792,0.005984813792,0,0,0.185,0.15,0
5.1,0.5894086859,-0.1357865593,0.1237074415,-0.02266043917,0,1,0.06994284734,0.9975510003,0,0,1.194532726,1.649336143,-1.193668717,1.036194374,-0.503398769,0.522089606,0.3659792234,-1.152883998,1.541291922,1.340500258,1.382476585,-0.4453411913,-0.08156400679,-0.2463051056,-0.1157172197,0,0.1142772669,-0.1963889558,-0.2049319335,0.1597265321,0.01799557204,0.08303558635,-0.003798184021,0.006363017726,-0.08718357201,-0.09480239242,0.0139054282,0.06165043512,0.008322822806,0.005977432929,0.005977432929,0,0,0.185,0.15,0
5.11,0.5906328401,-0.1360115354,0.1211208286,-0.02233440488,0,1,0.06994284734,0.9975510003,0,0,1.193375554,1.649336143,-1.192525944,1.034230485,-0.5054480883,0.5236868713,0.3661591792,-1.152053642,1.541253941,1.340563888,1.381604749,-0.4462892153,-0.08142495251,-0.2456886012,-0.1141165676,0,0.1125810078,-0.1934545516,-0.2017032879,0.1569763303,0.01715551379,0.08178999603,-0.003759795872,0.006014058667,-0.08622521731,-0.09258761034,0.01398181369,0.06001266229,0.008320532962,0.0059700872,0.0059700872,0,0,0.185,0.15,0
5.12,0.5918310524,-0.13623324,0.118519177,-0.02200615163,0,1,0.06994284734,0.9975510003,0,0,1.192234388,1.649336143,-1.191400134,1.032295939,-0.5074651212,0.5252566346,0.3663307343,-1.151235742,1.541216343,1.340624029,1.380742497,-0.4472150914,-0.08128513437,-0.2450884746,-0.1124912319,0,0.1108456317,-0.1904863135,-0.1984175646,0.154194449,0.01632830915,0.08053602422,-0.003729947604,0.005656360951,-0.08525437234,-0.09034947235,0.01404650054,0.05836281675,0.008318275959,0.0059627776,0.0059627776,0,0,0.185,0.15,0
5.13,0.5930031757,-0.1364516514,0.1159031514,-0.02167577752,0,1,0.06994284734,0.9975510003,0,0,1.191109476,1.649336143,-1.190291678,1.030391076,-0.5094492968,0.5267985791,0.3664940174,-1.150430382,1.541179043,1.340680592,1.379889953,-0.4481185861,-0.08114466937,-0.2445048464,-0.1108449533,0,0.1090879666,-0.1874851254,-0.1950864704,0.1513865481,0.01552401879,0.07926760889,-0.003681067126,0.005328762602,-0.08427141377,-0.08812607679,0.0141137368,0.05673070972,0.008316052238,0.005955474186,0.005955474186,0,0,0.19,0.15,0
5.14,0.5941490697,-0.1366667488,0.1132734257,-0.02134338194,0,1,0.06994284734,0.9975510003,0,0,1.190001026,1.649336143,-1.189200798,1.028516225,-0.5114001615,0.5283124446,0.3666492576,-1.149637706,1.541142232,1.34073388,1.379047239,-0.4489998468,-0.081003532,-0.2439375393,-0.1091687431,0,0.1072594322,-0.1844518988,-0.1916782402,0.1485390872,0.01471298317,0.07799166741,-0.003640927276,0.004992199465,-0.08327672749,-0.0858802408,0.01416948685,0.05508704703,0.008313862166,0.005948240356,0.005948240356,0,0,0.19,0.155,0
5.15,0.5952686008,-0.1368785126,0.1106306828,-0.02100906568,0,1,0.06994284734,0.9975510003,0,0,1.188909339,1.649336143,-1.188128204,1.026671706,-0.5133169439,0.5297978355,0.3667963874,-1.148857789,1.541105823,1.340783802,1.378214472,-0.4498586493,-0.08086183713,-0.2433866688,-0.1074727136,0,0.1054094373,-0.181387574,-0.1882263145,0.1456673134,0.01392497565,0.07670644292,-0.003600267531,0.004659718494,-0.08227070862,-0.08362515495,0.01421863953,0.05344208772,0.008311706289,0.005941045554,0.005941045554,0,0,0.19,0.155,0
5.16,0.5963616423,-0.1370869241,0.1079756147,-0.02067293083,0,1,0.06994284734,0.9975510003,0,0,1.187834611,1.649336143,-1.18707411,1.02485783,-0.5151992071,0.5312545086,0.3669356372,-1.148090725,1.541069821,1.340830399,1.377391765,-0.4506949008,-0.08071965074,-0.242852248,-0.1057543183,0,0.1035223231,-0.1782931196,-0.1847208924,0.1427673872,0.01315020968,0.07541235615,-0.003559087652,0.004331334638,-0.08125376147,-0.08136142345,0.01426135963,0.05179619853,0.008309584951,0.005933890596,0.005933890596,0,0,0.19,0.155,0
5.17,0.5974280744,-0.1372919655,0.1053089226,-0.02033508086,0,1,0.06994284734,0.9975510003,0,0,1.186777068,1.649336143,-1.186038886,1.023074899,-0.517046416,0.5326821825,0.3670671393,-1.147336601,1.54103423,1.340873713,1.376579227,-0.451508515,-0.08057703714,-0.242334286,-0.1040141886,0,0.1015986811,-0.1751695325,-0.1811630146,0.1398402504,0.01238872972,0.0741098392,-0.003517407162,0.004007031753,-0.08022629941,-0.07908962935,0.01429780619,0.05014972469,0.008307498546,0.005926776334,0.005926776334,0,0,0.19,0.155,0
5.18,0.5984677844,-0.1374936203,0.1026313166,-0.01999562056,0,1,0.06994284734,0.9975510003,0,0,1.185736926,1.649336143,-1.1850229,1.021323203,-0.5188580461,0.534080585,0.3671910266,-1.146595503,1.540999056,1.340913783,1.375776964,-0.4522994113,-0.08043405908,-0.2418327887,-0.1022529806,0,0.09963916067,-0.1720178385,-0.1775537941,0.1368868749,0.01164057137,0.07280149141,-0.003484475528,0.003673735564,-0.07918874483,-0.07679774743,0.01432337215,0.04849318092,0.008305447456,0.005919703588,0.005919703588,0,0,0.19,0.155,0
5.19,0.5994806667,-0.1376918729,0.0999435163,-0.01965465608,0,1,0.06994284734,0.9975510003,0,0,1.184714397,1.649336143,-1.184026508,1.019603025,-0.5206335841,0.5354494537,0.3673074323,-1.145867488,1.540964211,1.34095052,1.374985077,-0.4530673888,-0.08029082536,-0.2413478569,-0.1004713725,0,0.09764445575,-0.1688390914,-0.1738944079,0.1339082584,0.01090575321,0.07148122019,-0.00343238353,0.003370917301,-0.0781415291,-0.07452453227,0.01435265218,0.04685666024,0.00830343205,0.005912641913,0.005912641913,0,0,0.19,0.155,0
5.2,0.6004666231,-0.1378867088,0.09724625003,-0.0193122949,0,1,0.06994284734,0.9975510003,0,0,1.183709683,1.649336143,-1.183050063,1.017914634,-0.5223725282,0.5367885363,0.3674164898,-1.145152676,1.540929887,1.340984229,1.374203661,-0.4538126341,-0.08014729883,-0.2408792903,-0.09867006451,0,0.09561530529,-0.1656343737,-0.1701860976,0.1309054245,0.01018427687,0.07015606644,-0.003389295345,0.003058762408,-0.07708509242,-0.0722321379,0.01437128626,0.04521052474,0.008301452682,0.005905655347,0.005905655347,0,0,0.19,0.155,0
5.21,0.6014255626,-0.1380781145,0.09454025544,-0.01896864586,0,1,0.06994284734,0.9975510003,0,0,1.182722982,1.649336143,-1.18209391,1.01625829,-0.5240743891,0.5380975906,0.3675183326,-1.144451115,1.540895994,1.341014817,1.37343281,-0.4545349555,-0.08000358597,-0.2404271851,-0.0968497788,0,0.09355249335,-0.1624047964,-0.1664301696,0.1278794223,0.009476127127,0.06882428383,-0.003345812853,0.002750553253,-0.07601988378,-0.06993403189,0.01438430891,0.04356515277,0.008299509693,0.005898712656,0.005898712656,0,0,0.19,0.155,0
5.22,0.6023574016,-0.1382660778,0.09182627924,-0.01862381913,0,1,0.06994284734,0.9975510003,0,0,1.181754484,1.649336143,-1.181158386,1.014634242,-0.5257386908,0.5393763848,0.3676130938,-1.143762872,1.540862536,1.341042323,1.372672612,-0.4552342958,-0.07985974288,-0.2399915336,-0.09501125929,0,0.09145684916,-0.1591514986,-0.1626279946,0.1248313267,0.008781272046,0.06748633229,-0.003301933577,0.002446289933,-0.07494636089,-0.0676308561,0.01439191003,0.04192091222,0.008297603411,0.005891814443,0.005891814443,0,0,0.19,0.155,0
5.23,0.6032620641,-0.1384505874,0.08910507725,-0.01827792624,0,1,0.06994284734,0.9975510003,0,0,1.180804372,1.649336143,-1.180243817,1.013042728,-0.5273649708,0.5406246981,0.3677009066,-1.143088009,1.540829517,1.341066786,1.371923148,-0.4559106044,-0.07971582378,-0.2395723244,-0.09315527156,0,0.08932924715,-0.1558756476,-0.1587810083,0.121762238,0.008099663131,0.06614268389,-0.003257679322,0.002145935552,-0.07386499002,-0.06532322504,0.01439427034,0.0402781453,0.008295734148,0.005884961361,0.005884961361,0,0,0.195,0.155,0
5.24,0.6041394817,-0.1386316331,0.08637741441,-0.01793108005,0,1,0.06994284734,0.9975510003,0,0,1.179872819,1.649336143,-1.179350525,1.011483971,-0.5289527809,0.5418423204,0.3677819032,-1.142426582,1.54079694,1.341088245,1.371184498,-0.4565638366,-0.07957188108,-0.239169543,-0.09128260268,0,0.08717060688,-0.1525784389,-0.1548907112,0.1186732814,0.007431235549,0.06479590474,-0.003221996267,0.001836774865,-0.07277624596,-0.06299951469,0.01438692247,0.03862770987,0.008293902201,0.005878154026,0.005878154026,0,0,0.195,0.155,0
5.25,0.6049895935,-0.1388092062,0.08364406478,-0.01758339477,0,1,0.06994284734,0.9975510003,0,0,1.178959993,1.649336143,-1.178478818,1.009958187,-0.530501688,0.5430290533,0.3678562156,-1.141778623,1.54076472,1.341106613,1.370456736,-0.4571938318,-0.07942801185,-0.2387832659,-0.08939406102,0,0.0849818929,-0.1492610958,-0.1509586679,0.1155656074,0.006775908378,0.06344014602,-0.003167830635,0.001557214902,-0.07168061189,-0.06069749201,0.01438415965,0.03699872728,0.008292107852,0.005871362818,0.005871362818,0,0,0.195,0.155,0
5.26,0.6058123466,-0.1389832986,0.0809058115,-0.01723498597,0,1,0.06994284734,0.9975510003,0,0,1.178066053,1.649336143,-1.177629,1.008465576,-0.5320112747,0.5441847093,0.3679239746,-1.141144222,1.540733042,1.341122185,1.36973993,-0.4578008067,-0.07928417026,-0.2384132786,-0.08749047597,0,0.08276411444,-0.1459248691,-0.1469865071,0.1124403911,0.006133584892,0.06208229713,-0.003122554901,0.001268380866,-0.07057857925,-0.05838027903,0.01437192844,0.03536246729,0.008290351367,0.005864649704,0.005864649704,0,0,0.195,0.155,0
5.27,0.606607696,-0.1391539039,0.07816344688,-0.01688597053,0,1,0.06994284734,0.9975510003,0,0,1.177191148,1.649336143,-1.176801358,1.007006327,-0.5334811397,0.5453091132,0.3679853105,-1.140523399,1.540701816,1.341134869,1.369034144,-0.4583846095,-0.07914045097,-0.2380596539,-0.08557269773,0,0.08051832512,-0.1425710373,-0.1429759212,0.1092988321,0.005504152894,0.06072071098,-0.003077023686,0.0009832382706,-0.06947064766,-0.05606108333,0.01435519326,0.03372902021,0.008288632997,0.005857984066,0.005857984066,0,0,0.195,0.155,0
5.28,0.6073756045,-0.1393210164,0.07541777228,-0.01653646671,0,1,0.06994284734,0.9975510003,0,0,1.176335421,1.649336143,-1.175996175,1.005580617,-0.5349108989,0.5464021016,0.368040352,-1.139916191,1.540671046,1.341144701,1.368339437,-0.4589452203,-0.07899689904,-0.2377223637,-0.08363843995,0,0.07822953022,-0.1392009058,-0.1389179307,0.1061373497,0.00487801925,0.05935796622,-0.00304013102,0.0006891040623,-0.0683573248,-0.05372834657,0.01432950359,0.0320893132,0.008286952975,0.00585136627,0.00585136627,0,0,0.195,0.155,0
5.29,0.6081160431,-0.139484632,0.07266959821,-0.01618659409,0,1,0.06994284734,0.9975510003,0,0,1.175499036,1.649336143,-1.17521388,1.004188608,-0.5363000783,0.5474634751,0.3680891322,-1.139322612,1.540640644,1.341151592,1.367655864,-0.4594825038,-0.078853604,-0.2374014706,-0.08169809841,0,0.07594732426,-0.1358158071,-0.1348466729,0.1029716537,0.004283559338,0.05798824298,-0.002984834159,0.0004244623464,-0.06723912626,-0.05141993512,0.01430922402,0.03047242508,0.00828531158,0.005844766631,0.005844766631,0,0,0.195,0.155,0
5.3,0.6088289909,-0.1396447475,0.0699197443,-0.01583647361,0,1,0.06994284734,0.9975510003,0,0,1.174682055,1.649336143,-1.174454407,1.002830449,-0.537648545,0.5484931916,0.3681319678,-1.138742729,1.540610796,1.341155837,1.366983473,-0.4599967031,-0.07871051176,-0.2370967463,-0.07974305426,0,0.07362430696,-0.1324171002,-0.1307316222,0.09978851764,0.003692005855,0.0566184661,-0.002938557616,0.000150253976,-0.06611657543,-0.04909883152,0.01428021567,0.02884960942,0.00828370889,0.005838247008,0.005838247008,0,0,0.195,0.155,0
5.31,0.6095144351,-0.139801361,0.06716903927,-0.01548622754,0,1,0.06994284734,0.9975510003,0,0,1.173884625,1.649336143,-1.173718164,1.001506278,-0.5389558612,0.5494910768,0.3681688879,-1.138176545,1.540581411,1.341157339,1.366322307,-0.4604876915,-0.07856770961,-0.2368082503,-0.07777741505,0,0.0712779052,-0.1290061702,-0.1265855226,0.09659406857,0.003112735309,0.05524911546,-0.002901143541,-0.0001333509604,-0.06499020335,-0.04676591644,0.0142427551,0.02722141602,0.008282145147,0.005831776503,0.005831776503,0,0,0.195,0.155,0
5.32,0.6101723716,-0.139954472,0.06441832095,-0.01513597952,0,1,0.06994284734,0.9975510003,0,0,1.173106851,1.649336143,-1.173005384,1.000216217,-0.5402217164,0.5504570175,0.3682000152,-1.137624054,1.540552399,1.341156006,1.365672405,-0.4609553506,-0.07842528206,-0.2365360361,-0.07580213431,0,0.0689094081,-0.125584428,-0.1224103876,0.09338962977,0.002545577309,0.0538742826,-0.002845092178,-0.0003871491221,-0.06386054863,-0.04445976832,0.01421149581,0.02561739077,0.008280620519,0.005825324799,0.005825324799,0,0,0.195,0.155,0
5.33,0.6108028043,-0.140104081,0.06166843631,-0.0147858545,0,1,0.06994284734,0.9975510003,0,0,1.172348829,1.649336143,-1.17231629,0.9989603725,-0.5414458203,0.5513909138,0.368225471,-1.137085311,1.540523948,1.341152134,1.365033799,-0.4613999483,-0.0782831671,-0.2362798622,-0.07381817987,0,0.0665201233,-0.1221533102,-0.1182082736,0.09017654018,0.001990335893,0.05250102487,-0.002798318889,-0.0006509772222,-0.06272815721,-0.042142647,0.01417200273,0.02400829407,0.008279135152,0.005818954665,0.005818954665,0,0,0.195,0.155,0
5.34,0.611405746,-0.1402501899,0.05892024141,-0.01443597881,0,1,0.06994284734,0.9975510003,0,0,1.171610648,1.649336143,-1.171651089,0.9977388394,-0.542627903,0.5522926792,0.3682453743,-1.1365603,1.540495965,1.341145624,1.364406518,-0.4618213748,-0.07814144707,-0.2360397792,-0.07182653771,0,0.06411139789,-0.1187142781,-0.1139812942,0.0869561605,0.001446803005,0.05112976552,-0.002760346397,-0.000924211041,-0.06159358231,-0.03981589405,0.01412472823,0.02239501839,0.008277689175,0.005812634461,0.005812634461,0,0,0.195,0.155,0
5.35,0.6119812177,-0.1403928019,0.05617460143,-0.0140864801,0,1,0.06994284734,0.9975510003,0,0,1.170892382,1.649336143,-1.171009975,0.9965516966,-0.543767716,0.5531622408,0.3682598424,-1.136049003,1.540468361,1.341136382,1.363790582,-0.4622195337,-0.07800019979,-0.2358158291,-0.06982510913,0,0.06166882657,-0.1152688177,-0.1097210685,0.0837251382,0.0009055733491,0.04975469309,-0.002704016716,-0.001168068853,-0.06045738426,-0.03751769734,0.01408418802,0.020806734,0.008276282698,0.005806334207,0.005806334207,0,0,0.195,0.155,0
5.36,0.6125292494,-0.1405319212,0.05343239067,-0.01373748736,0,1,0.06994284734,0.9975510003,0,0,1.170194131,1.649336143,-1.170393287,0.9953990084,-0.5448649267,0.5539994921,0.3682688981,-1.135551456,1.540441321,1.341124702,1.363186008,-0.4625947107,-0.07785935791,-0.2356077617,-0.06782429673,0,0.05924158615,-0.1118184389,-0.1054617206,0.08049919179,0.0003942088247,0.04838493849,-0.002666033302,-0.001435036564,-0.0593201303,-0.03519813266,0.01403127791,0.01920491566,0.008274915875,0.005800115851,0.005800115851,0,0,0.2,0.155,0
5.37,0.6130498799,-0.1406675537,0.05069449252,-0.01338913095,0,1,0.06994284734,0.9975510003,0,0,1.169515888,1.649336143,-1.169800871,0.9942808241,-0.5459195439,0.5548044841,0.3682728402,-1.135067607,1.540414661,1.341110351,1.362592807,-0.462946692,-0.07771904513,-0.2354157126,-0.06581569192,0,0.05678305197,-0.1083646753,-0.1011734056,0.07726533213,-0.0001155284323,0.04701238291,-0.002609327206,-0.001672131195,-0.05818239451,-0.03290911019,0.01398575198,0.01762923554,0.008273588653,0.005793917206,0.005793917206,0,0,0.2,0.155,0
5.38,0.6135431566,-0.1407997064,0.04796179952,-0.01304154256,0,1,0.06994284734,0.9975510003,0,0,1.168857731,1.649336143,-1.169233041,0.9931971773,-0.5469312779,0.5555771374,0.3682716849,-1.134597483,1.540388568,1.34109363,1.362010983,-0.4632757831,-0.07757918761,-0.2352394202,-0.06380350929,0,0.05431080922,-0.1049090833,-0.09686919667,0.07402982411,-0.0006145134093,0.04564632416,-0.002571262914,-0.001932844475,-0.05704475755,-0.03059975377,0.01392813091,0.01604048781,0.008272301149,0.005787801543,0.005787801543,0,0,0.2,0.155,0
5.39,0.6140091362,-0.1409283876,0.04523521328,-0.01269485523,0,1,0.06994284734,0.9975510003,0,0,1.168219696,1.649336143,-1.168689932,0.9921480865,-0.5478999699,0.5563174356,0.3682655398,-1.134141019,1.540362855,1.341074301,1.361440535,-0.4635817807,-0.0774399063,-0.2350790153,-0.06178576476,0,0.05181085019,-0.101453242,-0.0925410795,0.07078946418,-0.00111199216,0.04427858629,-0.002514484822,-0.002163724997,-0.05590780663,-0.02832243448,0.01387834814,0.01447864049,0.008271053395,0.005781705768,0.005781705768,0,0,0.2,0.155,0
5.4,0.6144478843,-0.1410536069,0.04251564456,-0.01234920332,0,1,0.06994284734,0.9975510003,0,0,1.167601838,1.649336143,-1.168171824,0.9911335541,-0.5488253807,0.5570253303,0.3682544199,-1.133698234,1.54033771,1.341052664,1.360881457,-0.463865005,-0.07730112282,-0.2349342289,-0.05977282201,0,0.04933195114,-0.09799875219,-0.08822304397,0.06755991125,-0.001580900533,0.04291843248,-0.002476156524,-0.002418034842,-0.05477213521,-0.02602651662,0.01381700623,0.01290471964,0.008269845465,0.00577569321,0.00577569321,0,0,0.2,0.155,0
5.41,0.6148594756,-0.1411753755,0.03980401322,-0.01200472258,0,1,0.06994284734,0.9975510003,0,0,1.16700411,1.649336143,-1.167678504,0.9901535665,-0.5497076111,0.5577009294,0.3682386108,-1.133269049,1.540312949,1.341028484,1.360333736,-0.4641252702,-0.07716295276,-0.2348051817,-0.05775640604,0,0.04682800781,-0.09454723591,-0.08388566758,0.0643283435,-0.002049128563,0.04156000723,-0.002428798181,-0.002656432818,-0.05363834295,-0.02375076082,0.01375884053,0.01134823064,0.008268677229,0.005769701516,0.005769701516,0,0,0.2,0.155,0
5.42,0.6152439941,-0.1412937058,0.03710124821,-0.01166155006,0,1,0.06994284734,0.9975510003,0,0,1.166426546,1.649336143,-1.167210224,0.9892080942,-0.5505464678,0.5583442128,0.3682181196,-1.132853449,1.540288661,1.34100192,1.359797353,-0.4643627778,-0.07702536435,-0.2346916994,-0.0557377625,0,0.04430132071,-0.09110033589,-0.07953190388,0.06109647564,-0.002516516193,0.04020374544,-0.002371797783,-0.002878041646,-0.05250703549,-0.02149680277,0.01370440825,0.009810217589,0.008267548724,0.005763761347,0.005763761347,0,0,0.2,0.155,0
5.43,0.6156015332,-0.1414086114,0.03440828764,-0.01131982419,0,1,0.06994284734,0.9975510003,0,0,1.165869169,1.649336143,-1.166767211,0.9882970908,-0.5513417868,0.5589551776,0.3681929544,-1.132451412,1.540264943,1.340973139,1.359272282,-0.4645777458,-0.07688832027,-0.2345935972,-0.05372718722,0,0.04180019714,-0.08765971493,-0.07519551748,0.05787986394,-0.002956436679,0.0388567789,-0.00233312955,-0.003123034901,-0.05137882425,-0.01922666794,0.01363913558,0.008261466148,0.008266459958,0.005757905479,0.005757905479,0,0,0.2,0.155,0
5.44,0.6159321957,-0.1415201075,0.03172607869,-0.01097968471,0,1,0.06994284734,0.9975510003,0,0,1.165331897,1.649336143,-1.166349209,0.9874204937,-0.552093742,0.5595339762,0.36816339,-1.132062844,1.540241611,1.340941909,1.358758494,-0.4647700125,-0.07675192891,-0.2345109826,-0.05171350376,0,0.03926365607,-0.08422705505,-0.07083717257,0.05466122536,-0.003405297745,0.03751326413,-0.002285307374,-0.003351999004,-0.05025432637,-0.01697920026,0.01357778313,0.006731488675,0.008265410744,0.0057520721,0.0057520721,0,0,0.2,0.155,0
5.45,0.6162360938,-0.1416282108,0.02905557767,-0.01064127274,0,1,0.06994284734,0.9975510003,0,0,1.164814762,1.649336143,-1.165956573,0.9865782231,-0.5528021137,0.5600805885,0.3681293371,-1.131687711,1.540218758,1.340908389,1.358255951,-0.4649398045,-0.07661615108,-0.2344436677,-0.04971022561,0,0.03675630736,-0.08080405709,-0.06650159205,0.05146103736,-0.003827158821,0.03617792081,-0.002245952319,-0.003590263423,-0.04913416442,-0.01473076578,0.01351124862,0.005202043231,0.008264401112,0.005746292431,0.005746292431,0,0,0.2,0.155,0
5.46,0.6165133495,-0.1417329392,0.02639775,-0.01030473072,0,1,0.06994284734,0.9975510003,0,0,1.164317659,1.649336143,-1.16558901,0.9857701825,-0.5534671297,0.5605951988,0.3680910655,-1.131325932,1.540196299,1.340872486,1.357764609,-0.4650871121,-0.0764810386,-0.2343916473,-0.04770614337,0,0.03421692818,-0.07739243973,-0.06214929836,0.04826195289,-0.004258520348,0.03484494474,-0.00218771689,-0.003798545905,-0.04801896631,-0.0125200873,0.01345423628,0.003702495309,0.008263430829,0.005740538131,0.005740538131,0,0,0.2,0.155,0
5.47,0.6167640943,-0.1418343121,0.02375357023,-0.009970202452,0,1,0.06994284734,0.9975510003,0,0,1.163840598,1.649336143,-1.16524684,0.9849962581,-0.5540886226,0.5610778184,0.3680484803,-1.130977483,1.540174422,1.340834501,1.357284419,-0.465212313,-0.07634649623,-0.2343546223,-0.04571163971,0,0.03169413565,-0.07399393911,-0.05781435493,0.04507966091,-0.004672717683,0.03352518505,-0.002154347223,-0.004039760258,-0.04690936504,-0.01028727919,0.01338379789,0.002186963265,0.008262499884,0.005734873414,0.005734873414,0,0,0.2,0.155,0
5.48,0.6169884697,-0.1419323505,0.02112402199,-0.009637833062,0,1,0.06994284734,0.9975510003,0,0,1.163383482,1.649336143,-1.164929899,0.9842563188,-0.5546667662,0.561528615,0.3680017531,-1.130642231,1.540152878,1.340794103,1.356815326,-0.4653151858,-0.07621265825,-0.2343327527,-0.04372809772,0,0.02919072956,-0.07061030789,-0.0535001791,0.0419160824,-0.005069480496,0.0322078999,-0.002097377615,-0.004244230056,-0.04580599865,-0.008100401385,0.01332582681,0.0007071725574,0.008261608061,0.00572921457,0.00572921457,0,0,0.2,0.155,0
5.49,0.6171866268,-0.1420270765,0.01851009806,-0.009307769035,0,1,0.06994284734,0.9975510003,0,0,1.162946201,1.649336143,-1.164637992,0.9835502157,-0.555201768,0.5619477758,0.3679510583,-1.130320152,1.540131904,1.340751661,1.356357266,-0.4653961898,-0.07607939999,-0.234325681,-0.04174718774,0,0.02666003337,-0.06724331455,-0.04917705256,0.03875826144,-0.005476875225,0.03090342264,-0.002058300043,-0.004471664579,-0.04470950989,-0.005902676454,0.01325855865,-0.0007803586235,0.008260755123,0.005723641871,0.005723641871,0,0,0.2,0.155,0
5.5,0.617358727,-0.142118514,0.01591280029,-0.008980158198,0,1,0.06994284734,0.9975510003,0,0,1.162528729,1.649336143,-1.164371391,0.9828777825,-0.5556935385,0.5623353584,0.3678962895,-1.130011118,1.540111321,1.340706944,1.355910171,-0.4654552166,-0.0759468144,-0.2343334845,-0.03977950328,0,0.02415166818,-0.06389474284,-0.04487977221,0.03562221594,-0.005867764895,0.02948011739,-0.001472858086,-0.003909237625,-0.04362054625,-0.00447908634,0.01348129674,-0.001678046866,0.008259940992,0.005718095298,0.005718095298,0,0,0.2,0.155,0
5.51,0.6175049416,-0.1422066883,0.01333313969,-0.008655149722,0,1,0.06994284734,0.9975510003,0,0,1.162130934,1.649336143,-1.164129875,0.9822388351,-0.5561423362,0.5626915806,0.3678376119,-1.129716316,1.540096593,1.340667852,1.355473965,-0.4655000075,-0.07581200143,-0.234350265,-0.03782318339,0,0.02165183656,-0.06056639088,-0.04060066916,0.032504895,-0.006251384541,0.02802496678,-0.0007098168416,-0.003087147541,-0.04253975942,-0.003318854915,0.01379884627,-0.002375728108,0.008259165389,0.005714423342,0.005714423342,0,0,0.2,0.155,0
5.52,0.617625452,-0.1422916262,0.01077213635,-0.008332894123,0,1,0.06994284734,0.9975510003,0,0,1.161752702,1.649336143,-1.163913356,0.9816331712,-0.5565483429,0.5630166295,0.367775098,-1.129436067,1.540089495,1.34063698,1.355048568,-0.465533196,-0.07567401297,-0.2343740223,-0.03587943498,0,0.01916233371,-0.05726007049,-0.03634252784,0.02940794491,-0.006628027644,0.02658181816,4.642615707e-05,-0.002270916163,-0.04146780569,-0.002166651627,0.01411362248,-0.003068071553,0.008258428068,0.005713227167,0.005713227167,0,0,0.2,0.155,0
5.53,0.61772045,-0.1423733559,0.008230819477,-0.008013543261,0,1,0.06994284734,0.9975510003,0,0,1.161393907,1.649336143,-1.163721733,0.9810605705,-0.5569117682,0.563310709,0.3677088178,-1.129170249,1.540089959,1.340614271,1.35463389,-0.4655548625,-0.07553287674,-0.234404703,-0.03394948202,0,0.01668502102,-0.05397760649,-0.03210818566,0.0263330389,-0.006997949775,0.02515130661,0.0007959222652,-0.001460563771,-0.04040534525,-0.001023308822,0.01442578841,-0.003754533169,0.008257728764,0.005714484314,0.005714484314,0,0,0.2,0.16,0
5.54,0.6177901375,-0.1424519073,0.005710227405,-0.007697250341,0,1,0.06994284734,0.9975510003,0,0,1.161054413,1.649336143,-1.163554883,0.9805207944,-0.5572328501,0.5635740394,0.3676388383,-1.128918735,1.540097918,1.340599666,1.354229836,-0.4655650956,-0.07538861886,-0.2344422483,-0.03203145033,0,0.01420594963,-0.0507208359,-0.02788988441,0.02327710302,-0.007370425294,0.02373413433,0.001538453789,-0.0006564939855,-0.03935304227,0.0001107055211,0.0147353644,-0.004434848286,0.008257067189,0.005718172579,0.005718172579,0,0,0.2,0.16,0
5.55,0.6178347271,-0.1425273116,0.003211407569,-0.007384169912,0,1,0.06994284734,0.9975510003,0,0,1.160734098,1.649336143,-1.163412823,0.9800135861,-0.5575117489,0.5638068104,0.367565134,-1.128681394,1.540113303,1.340593101,1.353836306,-0.4655639886,-0.07524126522,-0.2344865968,-0.03013606534,0,0.01177537092,-0.04749160733,-0.02372292503,0.02025637512,-0.007718088245,0.02233100841,0.00227379907,0.0001408883037,-0.0383115647,0.001234919308,0.01504236852,-0.005108750878,0.008256443091,0.005724269108,0.005724269108,0,0,0.2,0.16,0
5.56,0.6178544417,-0.1425996019,0.0007354165221,-0.007074457868,0,1,0.06994284734,0.9975510003,0,0,1.160432738,1.649336143,-1.163295069,0.97953867,-0.5577489782,0.5640093741,0.3674879531,-1.128458084,1.540136041,1.340594509,1.35345319,-0.4655516394,-0.07509084153,-0.2345376843,-0.02825210415,0,0.009331652489,-0.04429178005,-0.01956758197,0.01725345672,-0.008077411046,0.02094264072,0.003001732356,0.0009311770757,-0.03728158408,0.002348856301,0.01534681639,-0.005775973543,0.008255856011,0.005732750377,0.005732750377,0,0,0.2,0.16,0
5.57,0.6178495151,-0.1426688125,-0.001716680072,-0.006768271449,0,1,0.06994284734,0.9975510003,0,0,1.160150216,1.649336143,-1.163201753,0.9790957522,-0.557944654,0.5641819087,0.367407179,-1.128248658,1.540166058,1.340603821,1.353080374,-0.4655281508,-0.07493737337,-0.2345954441,-0.02638727534,0,0.006909636274,-0.04112322353,-0.01544882883,0.01427996618,-0.008429802872,0.01956974788,0.003722023655,0.001713965287,-0.0362637754,0.003452036132,0.01564872106,-0.006436247493,0.008255305712,0.005743592183,0.005743592183,0,0,0.205,0.16,0
5.58,0.6178201914,-0.1427349796,-0.004143807437,-0.006465769236,0,1,0.06994284734,0.9975510003,0,0,1.159886344,1.649336143,-1.163132657,0.97868452,-0.5580991423,0.5643247084,0.367322881,-1.12805296,1.540203278,1.340620961,1.352717736,-0.4654936304,-0.07478088616,-0.2346598065,-0.02454653226,0,0.004530141214,-0.03798781658,-0.01138224936,0.011343305,-0.008764696451,0.01821305112,0.004434438589,0.00248884498,-0.03525881693,0.004543974303,0.01594809281,-0.007089302565,0.008254791805,0.005756769627,0.005756769627,0,0,0.205,0.16,0
5.59,0.6177667258,-0.1427981407,-0.006544881681,-0.006167111159,0,1,0.06994284734,0.9975510003,0,0,1.159640878,1.649336143,-1.163087355,0.9783046418,-0.5582129648,0.5644381414,0.367235234,-1.12787083,1.540247623,1.340645849,1.352365148,-0.4654481907,-0.07462140523,-0.2347306996,-0.02272362598,0,0.002156820021,-0.03488744661,-0.007345068244,0.008433703147,-0.009104071279,0.01687327628,0.005138738252,0.003255407387,-0.03426739004,0.005624182198,0.01624493905,-0.007734867211,0.008254313808,0.005772257095,0.005772257095,0,0,0.205,0.16,0
5.6,0.6176893842,-0.1428583352,-0.008918809803,-0.005872458489,0,1,0.06994284734,0.9975510003,0,0,1.159413642,1.649336143,-1.163065787,0.9779557673,-0.5582864154,0.5645224785,0.3671441933,-1.127702097,1.54029901,1.340678403,1.352022474,-0.4653919489,-0.07445895584,-0.2348080482,-0.02092236217,0,-0.000195400314,-0.0318240091,-0.003348909525,0.005556807918,-0.009440673722,0.01555115371,0.005834679073,0.004013243034,-0.03329017911,0.006692167083,0.01653926413,-0.008372668505,0.008253871359,0.00579002825,0.00579002825,0,0,0.205,0.16,0
5.61,0.6175884437,-0.1429156038,-0.01126448968,-0.005581973844,0,1,0.06994284734,0.9975510003,0,0,1.159204419,1.649336143,-1.163067741,0.9776375272,-0.5583199045,0.5645780465,0.3670497866,-1.127546585,1.540357357,1.340718536,1.351689573,-0.4653250272,-0.0742935632,-0.2348917749,-0.01951018926,-0.0007764253139,-0.0006447593488,-0.02879379438,-0.0006585747539,0.003275585898,-0.008702840833,0.0142474182,0.006522012681,0.004761941844,-0.03232787131,0.007747432115,0.01683106921,-0.009002432145,0.008253464026,0.005810056007,0.005810056007,0,0,0.205,0.16,0
5.62,0.6174641923,-0.1429699891,-0.0135808101,-0.005295821185,0,1,0.06994284734,0.9975510003,0,0,1.159009317,1.649328379,-1.163074189,0.9773495893,-0.5583264903,0.5646108024,0.3669627582,-1.127404111,1.540422577,1.340766155,1.351366294,-0.4652475529,-0.0741252525,-0.2349817992,-0.01834040906,-0.002182620876,2.868136872e-05,-0.02581632751,0.001246434306,0.001365681151,-0.007344402198,0.01296280891,0.007200485772,0.00550109324,-0.03138115647,0.008789476348,0.01712035214,-0.009623882453,0.00825302815,0.005832312522,0.005832312522,0,0,0.205,0.155,7.764253139e-06
5.63,0.6173169291,-0.1430215352,-0.0158666507,-0.00501416582,0,1,0.06994284734,0.9975510003,0,0,1.158825913,1.649306553,-1.163073902,0.977091426,-0.5583140259,0.5646244592,0.3668893141,-1.127274483,1.540494582,1.340821166,1.351052482,-0.4651596581,-0.07395404898,-0.2350780381,-0.0171891137,-0.003509321677,0.0007076155433,-0.02287504042,0.003115860295,-0.0005170192533,-0.005994050258,0.01169806929,0.007869839981,0.006230286234,-0.03045072698,0.009817794735,0.01740710727,-0.01023674238,0.008252513549,0.005856769172,0.005856769172,0,0,0.205,0.155,2.95904619e-05
5.64,0.6171469646,-0.1430702879,-0.01812088204,-0.004737174397,0,1,0.06994284734,0.9975510003,0,0,1.158654021,1.649271459,-1.163066826,0.9768626756,-0.5582828673,0.564619289,0.3668293736,-1.127157502,1.54057328,1.340883469,1.350747975,-0.4650614802,-0.07377997791,-0.2351804055,-0.01605644867,-0.004816765784,0.001376962803,-0.01997832475,0.004957682835,-0.002372571298,-0.00466397045,0.01045394708,0.008529811758,0.006949109533,-0.02953727761,0.01083187814,0.01769132538,-0.01084073351,0.008251925657,0.005883396536,0.005883396536,0,0,0.205,0.155,6.468367867e-05
5.65,0.6169546206,-0.1431162948,-0.02034236554,-0.004465014915,0,1,0.06994284734,0.9975510003,0,0,1.158493457,1.649223292,-1.163053056,0.9766628924,-0.5582332905,0.5645955633,0.3667827339,-1.127052963,1.540658578,1.34095296,1.350452602,-0.4649531614,-0.07360306466,-0.2352888128,-0.01494326394,-0.006104235793,0.002036255779,-0.01712811946,0.006770712799,-0.004199963513,-0.003355228316,0.009231194164,0.009180132252,0.007657151624,-0.02864150538,0.01183121332,0.01797299354,-0.01143557608,0.008251265579,0.005912164379,0.005912164379,0,0,0.205,0.155,0.0001128513365
5.66,0.6167402303,-0.1431596049,-0.02252995354,-0.004197856711,0,1,0.06994284734,0.9975510003,0,0,1.158344024,1.649162249,-1.163032693,0.9764916112,-0.5581655834,0.5645535637,0.3667491817,-1.126960651,1.54075038,1.341029532,1.350166187,-0.4648348493,-0.07342333472,-0.2354031686,-0.01385040499,-0.00737101444,0.002685022466,-0.01432635474,0.008553757305,-0.005998182722,-0.002068875638,0.008030566558,0.009820527195,0.008354000868,-0.02776410946,0.01281528297,0.01825209494,-0.01202098897,0.008250534486,0.005943041631,0.005943041631,0,0,0.205,0.155,0.0001738936944
5.67,0.6165041384,-0.1432002692,-0.02468248922,-0.003935870472,0,1,0.06994284734,0.9975510003,0,0,1.15820552,1.649088539,-1.163005843,0.9763483476,-0.5580800458,0.5644935818,0.3667284929,-1.126880345,1.540848585,1.341113072,1.349888546,-0.4647066964,-0.07324081377,-0.2355233785,-0.01277871522,-0.008616378995,0.003322793265,-0.01157496451,0.01030562711,-0.0077662053,-0.000805954575,0.006852824341,0.01045071679,0.009039245585,-0.02690579102,0.01378356568,0.01852860883,-0.01259668969,0.008249733608,0.005975996369,0.005975996369,0,0,0.205,0.155,0.0002476038388
5.68,0.6162467013,-0.1432383401,-0.02679880669,-0.003679228227,0,1,0.06994284734,0.9975510003,0,0,1.158077733,1.649002376,-1.162972615,0.976232598,-0.5579769895,0.5644159198,0.3667204334,-1.126811817,1.540953092,1.341203464,1.349619488,-0.4645688608,-0.07305552768,-0.2356493454,-0.01172903565,-0.009839601297,0.003949101226,-0.0088758859,0.01202513708,-0.009502997144,0.0004325030027,0.005698731596,0.01107041562,0.00971247414,-0.02606725314,0.01473553599,0.0188025104,-0.01316239447,0.008248864231,0.006010995797,0.006010995797,0,0,0.2,0.155,0.0003337676288
5.69,0.6159682869,-0.1432738721,-0.02887773093,-0.003428103349,0,1,0.06994284734,0.9975510003,0,0,1.157960443,1.648903979,-1.162933124,0.9761438391,-0.5578567382,0.5643208898,0.3667247584,-1.12675483,1.541063796,1.341300589,1.349358816,-0.4644215054,-0.07286750258,-0.2357809693,-0.01070220457,-0.01103994778,0.004563482279,-0.006231058748,0.01371110654,-0.01120751364,0.001645476144,0.004569056357,0.01167933252,0.01037327502,-0.02524920069,0.01567066433,0.01907377064,-0.01371781818,0.008247927701,0.006048006223,0.006048006223,0,0,0.2,0.155,0.0004321636418
5.7,0.6156692752,-0.1433069212,-0.0309180778,-0.003182670557,0,1,0.06994284734,0.9975510003,0,0,1.157853421,1.64879358,-1.162887489,0.9760815285,-0.5577196271,0.5642088147,0.3667412131,-1.126709139,1.54118059,1.341404322,1.349106324,-0.4642647988,-0.07267676487,-0.2359181475,-0.009699057271,-0.01221667951,0.005165475452,-0.003642425183,0.01536235978,-0.01287869962,0.002831955402,0.003464570555,0.01227717052,0.01102123691,-0.02445234023,0.01658841709,0.01934235631,-0.0142626744,0.008246925422,0.006086993043,0.006086993043,0,0,0.2,0.155,0.0005425631196
5.71,0.6153500579,-0.1433375451,-0.03291865406,-0.002943105915,0,1,0.06994284734,0.9975510003,0,0,1.15775643,1.648671413,-1.162835835,0.9760451043,-0.5575660035,0.5640800277,0.3667695327,-1.126674493,1.541303361,1.341514534,1.3488618,-0.4640989146,-0.07248334131,-0.2360607742,-0.008720425771,-0.01336905218,0.005754623067,-0.00111192919,0.01697772633,-0.01451548935,0.003990943387,0.00238604997,0.01286362675,0.01165594877,-0.02367737992,0.01748825655,0.01960822978,-0.01479667541,0.008245858851,0.006127920718,0.006127920718,0,0,0.2,0.155,0.0006647299147
5.72,0.6150110387,-0.1433658034,-0.03487825735,-0.00270958683,0,1,0.06994284734,0.9975510003,0,0,1.157669226,1.648537723,-1.162778288,0.976033985,-0.5573962262,0.5639348728,0.3668094421,-1.126650633,1.541431998,1.341631093,1.348625026,-0.463924032,-0.07228725901,-0.236208741,-0.007767138534,-0.01449631618,0.006330470924,0.001358483769,0.01855604134,-0.0161168065,0.005121455266,0.001334274183,0.01343839235,0.01227699991,-0.02292502943,0.01836964097,0.01987134897,-0.0153195322,0.008244729499,0.006170752753,0.006170752753,0,0.005,0.2,0.155,0.0007984204365
5.73,0.6146526334,-0.1433917576,-0.0367956762,-0.002482292054,0,1,0.06994284734,0.9975510003,0,0,1.157591554,1.64839276,-1.162714984,0.9760475698,-0.5572106658,0.5637737047,0.3668606567,-1.12663729,1.541566381,1.341753863,1.348395776,-0.4637403356,-0.07208854552,-0.2363619363,-0.006840020256,-0.01559771657,0.00689256846,0.003766867102,0.02009614591,-0.01768156411,0.006222519224,0.000310026535,0.0140011524,0.01288398002,-0.02219599986,0.0192320245,0.02013166733,-0.01583095453,0.008243538931,0.006215451673,0.006215451673,0,0.005,0.2,0.155,0.0009433835983
5.74,0.6142752699,-0.1434154706,-0.03866969003,-0.002261401686,0,1,0.06994284734,0.9975510003,0,0,1.157523154,1.648236782,-1.162646058,0.9760852385,-0.5570097044,0.5635968891,0.3669228819,-1.12663419,1.541706393,1.341882703,1.348173816,-0.4635480154,-0.07188722885,-0.2365202459,-0.005939891643,-0.01667249312,0.0074404689,0.006111273399,0.02159688732,-0.01920866458,0.007293176877,-0.0006859059198,0.01455158586,0.01347647927,-0.0214910037,0.02007485724,0.02038913367,-0.01633065089,0.008242288762,0.006261979006,0.006261979006,0,0.005,0.2,0.155,0.001099360764
5.75,0.6138793884,-0.1434370076,-0.04049906914,-0.002047097166,0,1,0.06994284734,0.9975510003,0,0,1.157463755,1.648070057,-1.162571653,0.9761463512,-0.5567937355,0.5634048024,0.3669958136,-1.126641049,1.541851909,1.342017468,1.347958906,-0.4633472668,-0.07168333751,-0.2366835524,-0.005067569226,-0.01771988032,0.007973729377,0.008389754694,0.02305711934,-0.02069699962,0.008332483636,-0.001652732446,0.01508936551,0.01405408836,-0.02081075471,0.02089758522,0.0206436922,-0.01681832857,0.008240980658,0.006310295255,0.006310295255,0,0.005,0.2,0.155,0.001266085695
5.76,0.6134654414,-0.1434564351,-0.04228257471,-0.00183956128,0,1,0.06994284734,0.9975510003,0,0,1.15741308,1.647892859,-1.162491916,0.9762302488,-0.5565631643,0.5631978324,0.3670791385,-1.126657576,1.542002802,1.342158009,1.347750799,-0.4631382909,-0.07147690059,-0.2368517357,-0.004223865197,-0.01873910741,0.008491911042,0.0106003627,0.02447570242,-0.02214545028,0.009339509024,-0.002589658664,0.01561415791,0.01461639853,-0.02015596796,0.02169965042,0.02089528242,-0.01729369363,0.008239616331,0.006360359883,0.006360359883,0,0.005,0.2,0.155,0.001443284498
5.77,0.613033894,-0.143473822,-0.04401895883,-0.00163897816,0,1,0.06994284734,0.9975510003,0,0,1.157370841,1.647705468,-1.162406997,0.9763362524,-0.5563184073,0.5629763779,0.3671725336,-1.126683473,1.542158944,1.342304173,1.347549239,-0.4629212944,-0.07126794777,-0.2370246726,-0.003409587268,-0.01972939836,0.008994579146,0.012741149,0.02585150385,-0.02355288687,0.01031333694,-0.00349588658,0.01612562335,0.01516300164,-0.01952735968,0.02248049072,0.0211438391,-0.01775645098,0.008238197543,0.006412131284,0.006412131284,0,0.005,0.2,0.155,0.001630675573
5.78,0.6125852235,-0.1434892385,-0.04570696446,-0.001445533281,0,1,0.06994284734,0.9975510003,0,0,1.157336745,1.647508174,-1.162317051,0.9764636639,-0.5560598922,0.5627408491,0.3672756669,-1.126718432,1.5423202,1.342455803,1.347353965,-0.4626964895,-0.07105650938,-0.2372022371,-0.002625538558,-0.02068997189,0.009481303111,0.01481016519,0.02718339796,-0.024918169,0.01125306586,-0.004370614616,0.01662341581,0.0156934902,-0.01892564733,0.02323953995,0.02138929224,-0.01820630436,0.008236726099,0.006465566762,0.006465566762,0,0.005,0.2,0.155,0.001827969556
5.79,0.6121199201,-0.143502757,-0.04734532545,-0.001259413463,0,1,0.06994284734,0.9975510003,0,0,1.15731049,1.647301274,-1.162222238,0.9766117655,-0.5557880583,0.5624916674,0.3673881976,-1.126762138,1.542486434,1.342612738,1.347164709,-0.4624640941,-0.07084261645,-0.2373843001,-0.001872517505,-0.02162004148,0.009951656568,0.01680546295,0.02847026619,-0.02624014553,0.01215780901,-0.005213037629,0.01710718295,0.0162074574,-0.01835154952,0.02397622788,0.02163156705,-0.01864295639,0.008235203848,0.006520622511,0.006520622511,0,0.005,0.2,0.155,0.002034869275
5.8,0.6116384867,-0.1435144518,-0.04893276655,-0.001080806871,0,1,0.06994284734,0.9975510003,-1,0,1.157291765,1.647085073,-1.162122722,0.9767798202,-0.5555033556,0.5622292659,0.3675097757,-1.126814268,1.542657506,1.342774812,1.346981193,-0.4622243319,-0.07062630078,-0.2375707297,0.1056565305,0.225106969,-0.5379061307,0.01872087497,0.3985901149,-0.1906568468,-0.2989087776,-0.006022346929,0.01757656609,0.01670449712,-0.01780578601,0.02468998018,0.02187058397,-0.01906610858,0.008233632683,0.00657725359,0.00657725359,0,0.005,0.195,0.155,0.00225106969
5.81,0.6111414388,-0.1435243989,-0.05046800336,-0.0009099030148,-0.009999833334,0.9999500004,0.06994284734,0.9975510003,0,0,1.15834833,1.649336143,-1.167501783,0.9769670289,-0.5515174544,0.5603226975,0.3645206879,-1.126874492,1.542833272,1.342941857,1.346803135,-0.4619774321,-0.07040759494,-0.2377613908,0.009571200856,0,-0.04075499821,0.02056667937,0.06564427259,-0.04399966482,-0.01559087697,-0.006797730302,0.01803120018,0.01718420396,-0.01728907774,0.02538021847,0.02210625862,-0.01947546138,0.008251797762,0.0066354139,0.0066354139,0,0.005,0.205,0.155,0
5.82,0.610629305,-0.1435326762,-0.05194974242,-0.0007468927472,-0.009999833334,0.9999500004,0.06994284734,0.9975510003,0,0,1.158444042,1.649336143,-1.167909333,0.9771726957,-0.5508610117,0.5598827008,0.3643647791,-1.126942469,1.543013584,1.343113699,1.346630245,-0.4617236299,-0.07018653236,-0.2379561454,0.01057782477,0,-0.04215047065,0.02232911786,0.06801386816,-0.0457046086,-0.01585346715,-0.00753837201,0.01847071386,0.01764617327,-0.01680214681,0.02604636027,0.02233850183,-0.01987071419,0.008251984018,0.00669505616,0.00669505616,0,0.005,0.205,0.155,0
5.83,0.6101026266,-0.1435393637,-0.05337668111,-0.0005919682673,-0.009999833334,0.9999500004,0.06994284734,0.9975510003,0,0,1.15854982,1.649336143,-1.168330838,0.9773959869,-0.550180873,0.5594256547,0.3642062445,-1.127017853,1.543198291,1.343290161,1.346462223,-0.4614631663,-0.06996314734,-0.2381548526,0.01152854809,0,-0.0434518978,0.0240100512,0.07025868761,-0.04732694918,-0.01609308122,-0.008243452803,0.01889472942,0.0180900011,-0.01634571653,0.02668781902,0.02256721967,-0.02025156539,0.008252189873,0.006756131887,0.006756131887,0,0.005,0.205,0.155,0
5.84,0.6095619584,-0.1435445431,-0.05474750773,-0.0004453231182,-0.009999833334,0.9999500004,0.06994284734,0.9975510003,0,0,1.158665106,1.649336143,-1.168765357,0.9776360874,-0.5494782862,0.5589523852,0.3640453137,-1.127100287,1.543387238,1.343471061,1.346298766,-0.4611962881,-0.06973747514,-0.2383573682,0.012437767,0,-0.04473727645,0.02560796868,0.07243028014,-0.04888884713,-0.01635453163,-0.008912332595,0.01930299269,0.01851541906,-0.01592042676,0.0273041978,0.02279240142,-0.02061783671,0.008252414243,0.00681859137,0.00681859137,0,0.005,0.205,0.155,0
5.85,0.6090078638,-0.143548298,-0.05606583322,-0.000306736551,-0.009999833334,0.9999500004,0.06994284734,0.9975510003,0,0,1.158789483,1.649336143,-1.169212729,0.9778921671,-0.5487539834,0.5584634968,0.3638817683,-1.127189411,1.543580268,1.343656215,1.346139562,-0.4609232461,-0.06950955113,-0.2385635466,0.01331469831,0,-0.04595318925,0.02717216649,0.07453716971,-0.05041416154,-0.01659133984,-0.009565603186,0.01971031169,0.0189377939,-0.0155170192,0.02791757461,0.02302421419,-0.02098375829,0.008252656321,0.006882384075,0.006882384075,0,0.005,0.205,0.155,0
5.86,0.6084404323,-0.1435506725,-0.05743610876,-0.0001674456315,-0.009999833334,0.9999500004,0.06994284734,0.9975510003,0,0,1.15892263,1.649336143,-1.169672261,0.9781638888,-0.5480086117,0.5579593551,0.3637158549,-1.127285067,1.543777371,1.343845593,1.345984392,-0.4606440704,-0.06927930899,-0.2387733842,0.01423179801,0,-0.04727571327,0.0287993992,0.07678443217,-0.05203231789,-0.0168728816,-0.0102436966,0.02014542065,0.01938690457,-0.01511668068,0.02857079651,0.02328210164,-0.02137677599,0.008252915485,0.006947507826,0.006947507826,0,0.005,0.205,0.155,0
5.87,0.6078588324,-0.1435516329,-0.05889913906,-2.394296678e-05,-0.009999833334,0.9999500004,0.06994284734,0.9975510003,0,0,1.159064948,1.649336143,-1.170145018,0.9784518827,-0.5472407673,0.557439032,0.3635471261,-1.127387504,1.543978826,1.344039462,1.345833225,-0.4603583624,-0.06904648797,-0.2389871519,0.0151865756,0,-0.04867260788,0.03049904759,0.07915828211,-0.05374103042,-0.01717829075,-0.0109505344,0.0206109886,0.01986543888,-0.01471729385,0.02926781527,0.02356775199,-0.02179929762,0.008253192518,0.007014054302,0.007014054302,0,0.005,0.205,0.155,0
5.88,0.6072621475,-0.1435511376,-0.06045277331,0.0001236737816,-0.009999833334,0.9999500004,0.06994284734,0.9975510003,-0.5,0,1.159216814,1.649336143,-1.170631744,0.9787568732,-0.5464491845,0.5569016217,0.3633753432,-1.127497009,1.544184936,1.344238117,1.345686052,-0.4600656842,-0.06881081045,-0.2392051449,0.0161753154,0,-0.05012830717,0.03226928841,0.08164610118,-0.05553399842,-0.01749984053,-0.0116853576,0.0211063566,0.0203726239,-0.01431890368,0.03000761329,0.02388059617,-0.02225053744,0.008253488157,0.00708212393,0.00708212393,0,0.005,0.2,0.155,0
5.89,0.6066494821,-0.143549146,-0.06209487564,0.0002753076283,-0.01499943751,0.9998875021,0.06994284734,0.9975510003,0,0,1.159378567,1.649336143,-1.171133027,0.9790795661,-0.5456327235,0.5563462817,0.3632003448,-1.127613863,1.544395999,1.344441843,1.345542863,-0.4597656081,-0.06857200449,-0.2394276503,0.01719803459,0,-0.05164661238,0.03410830287,0.08424831599,-0.05741064741,-0.01784087242,-0.01244741067,0.02163087285,0.02090768929,-0.01392155714,0.03078918016,0.02422007175,-0.02272971353,0.008253803069,0.007151815016,0.007151815016,0,0.005,0.205,0.155,0
5.9,0.6060199621,-0.1435456184,-0.06382332503,0.0004308622641,-0.01499943751,0.9998875021,0.06994284734,0.9975510003,0,0,1.159550547,1.649336143,-1.171649494,0.9794206491,-0.5447902404,0.5557721752,0.3630219361,-1.127738337,1.544612308,1.34465092,1.345403647,-0.4594577163,-0.06832980377,-0.2396549474,0.01825969829,0,-0.05325711448,0.03601427669,0.08698273434,-0.05937798287,-0.01821950381,-0.01323594141,0.02218389271,0.02146986719,-0.01352530329,0.03161151266,0.02458562301,-0.02323604767,0.00825413792,0.007223223775,0.007223223775,0,0.005,0.205,0.15,0
5.91,0.6053727348,-0.143540516,-0.06563601536,0.000590242056,-0.01499943751,0.9998875021,0.06994284734,0.9975510003,0,0,1.159733144,1.649336143,-1.172182065,0.9797807919,-0.543920413,0.5551783954,0.3628397411,-1.127870696,1.544834147,1.344865619,1.345268394,-0.4591416012,-0.06808394754,-0.2398873079,0.01935104993,0,-0.05491544533,0.03798539999,0.08981733765,-0.06142125288,-0.01861159912,-0.01405020088,0.02276477862,0.02205839213,-0.01313019325,0.03247361486,0.02497670098,-0.02376876527,0.008254493472,0.007296444354,0.007296444354,0,0.005,0.205,0.15,0
5.92,0.604706968,-0.1435338011,-0.06753085542,0.0007533520472,-0.01499943751,0.9998875021,0.06994284734,0.9975510003,0,0,1.159926655,1.649336143,-1.172731219,0.9801606459,-0.5430222396,0.5545641828,0.3626536251,-1.128011198,1.545061795,1.345086202,1.345137092,-0.458816865,-0.06783418053,-0.2401249955,0.02047665749,0,-0.05664915973,0.04001986766,0.09276856703,-0.06354687357,-0.0190341544,-0.01488944337,0.02337290018,0.02267250106,-0.01273628025,0.03337449802,0.02539276339,-0.02432709524,0.008254870309,0.007371568854,0.007371568854,0,0.01,0.205,0.15,0
5.93,0.6040218507,-0.1435254369,-0.06950576887,0.0009200979569,-0.01499943751,0.9998875021,0.06994284734,0.9975510003,0,0,1.160131422,1.649336143,-1.173297711,0.9805608446,-0.542094554,0.5539287141,0.3624632835,-1.128160093,1.545295524,1.345312927,1.345009729,-0.45848312,-0.0675802529,-0.2403682665,0.02163115677,0,-0.05843410571,0.04211587926,0.09581802517,-0.06574607228,-0.01947460872,-0.01575292628,0.02400763404,0.02331143325,-0.01234361961,0.03431318068,0.02583327471,-0.02491026992,0.008255269106,0.00744868736,0.00744868736,0,0.01,0.2,0.15,0
5.94,0.6033165926,-0.1435153874,-0.07155869427,0.001090386181,-0.01499943751,0.9998875021,0.06994284734,0.9975510003,0,0,1.160347733,1.649336143,-1.173882052,0.9809820034,-0.5411363737,0.5532712534,0.3622685374,-1.128317622,1.5455356,1.345546042,1.344886293,-0.4581399882,-0.06732192015,-0.2406173692,0.0228175084,0,-0.06028953608,0.04427163932,0.0989765691,-0.06802282137,-0.01994526506,-0.01663991014,0.02466836393,0.02397443033,-0.01195226876,0.03528868861,0.02629770613,-0.02551752498,0.00825569043,0.007527887959,0.007527887959,0,0.01,0.2,0.15,0
5.95,0.6025904236,-0.1435036177,-0.07368758508,0.00126412379,-0.01499943751,0.9998875021,0.06994284734,0.9975510003,-0.5,0,1.160575908,1.649336143,-1.174484947,0.9814247198,-0.540146608,0.5525910252,0.3620690848,-1.128484021,1.545782283,1.345785786,1.344766771,-0.4577871014,-0.06705894309,-0.2408725444,0.02402906317,0,-0.06218455215,0.04648535738,0.1022212563,-0.07036640524,-0.02042970947,-0.01754965857,0.02535448058,0.0246607363,-0.01156228718,0.03630005487,0.0267855355,-0.02614809942,0.008256134911,0.007609256771,0.007609256771,0,0.01,0.2,0.15,0
5.96,0.6018425944,-0.1434900937,-0.07589040962,0.001441218533,-0.01999866669,0.9998000067,0.06994284734,0.9975510003,0,0,1.160816199,1.649336143,-1.175106793,0.9818895733,-0.5391243955,0.5518873611,0.3618647877,-1.128659518,1.546035828,1.346032393,1.344651148,-0.4574241008,-0.06679108773,-0.2411340254,0.02527139867,0,-0.06415213379,0.04875524835,0.1055722082,-0.07278481367,-0.02094816403,-0.01848143824,0.02606538169,0.02536959748,-0.0111737364,0.03734631976,0.02729624732,-0.02680123547,0.008256603045,0.007692877971,0.007692877971,0,0.01,0.205,0.15,0
5.97,0.6010723757,-0.1434747824,-0.07816515114,0.001621578834,-0.01999866669,0.9998000067,0.06994284734,0.9975510003,0,0,1.161068913,1.649336143,-1.175748314,0.9823771258,-0.5380686734,0.551159513,0.361655306,-1.128844332,1.546296482,1.346286089,1.34453941,-0.4570506376,-0.06651812526,-0.2414020378,0.02653968661,0,-0.06617090903,0.05107953257,0.1090129133,-0.07527013349,-0.02148970819,-0.0194345189,0.02680047184,0.02610026263,-0.01078667993,0.03842653085,0.02782933266,-0.02747617857,0.008257095443,0.007778833811,0.007778833811,0,0.01,0.205,0.15,0
5.98,0.6002790584,-0.1434576515,-0.08050980776,0.001805113792,-0.01999866669,0.9998000067,0.06994284734,0.9975510003,0,0,1.16133431,1.649336143,-1.176410023,0.9828879211,-0.5369785442,0.5504068116,0.361440409,-1.129038677,1.546564487,1.346547092,1.344431544,-0.4566663723,-0.06623983193,-0.2416767996,0.02782866398,0,-0.06821713657,0.05345643611,0.1125252607,-0.07781380271,-0.02204203263,-0.02040817338,0.02755916248,0.02685198288,-0.01040118325,0.039539743,0.0283842891,-0.02817217738,0.008257612617,0.007867204647,0.007867204647,0,0.01,0.2,0.15,0
5.99,0.5994619531,-0.1434386698,-0.0829223925,0.001991733184,-0.01999866669,0.9998000067,0.06994284734,0.9975510003,0,0,1.161612596,1.649336143,-1.177092195,0.9834224855,-0.5358532916,0.5496286736,0.3612199886,-1.129242759,1.546840078,1.346815612,1.344327532,-0.4562709749,-0.06595598904,-0.2419585213,0.02914474924,0,-0.07032831204,0.05588419115,0.1161324411,-0.08042511608,-0.02262803512,-0.02140167761,0.02834087176,0.02762401189,-0.01001731371,0.04068501834,0.02896062064,-0.02888848374,0.008258154982,0.007958068963,0.007958068963,0,0.01,0.2,0.15,0
6,0.5986203907,-0.1434178069,-0.08540093326,0.002181347462,-0.01999866669,0.9998000067,0.06994284734,0.9975510003,0,0,1.161904044,1.649336143,-1.177795478,0.9839813274,-0.5346919672,0.5488244225,0.3609937083,-1.129456776,1.547123487,1.347091852,1.344227359,-0.4558641247,-0.06566638284,-0.2422474062,0.03047991801,0,-0.07246621596,0.05836103601,0.1198065933,-0.08309131044,-0.02322710358,-0.02241431067,0.02914502456,0.02841560583,-0.009635140473,0.04186142626,0.02955783761,-0.02962435267,0.008258723076,0.008051503392,0.008051503392,0,0.01,0.2,0.15,0
6.01,0.5977537211,-0.1433950332,-0.08794347283,0.002373867756,-0.01999866669,0.9998000067,0.06994284734,0.9975510003,-0.5,0,1.162208843,1.649336143,-1.17852014,0.9845649378,-0.5334939013,0.5479935094,0.3607614372,-1.129680919,1.547414937,1.347376008,1.344131007,-0.4554455104,-0.06537080446,-0.2425436497,0.0318425887,0,-0.07467897754,0.06088521573,0.1235781052,-0.08582474227,-0.02386833273,-0.02344535478,0.02997105229,0.02922602346,-0.009254734445,0.04306804347,0.03017545659,-0.03037904242,0.008259317281,0.008147582741,0.008147582741,0,0.01,0.2,0.15,0
6.02,0.5968613143,-0.1433703202,-0.09054806891,0.00256920587,-0.02499739591,0.9996875163,0.06994284734,0.9975510003,0,0,1.162527269,1.649336143,-1.17926693,0.9851737899,-0.5322581202,0.5471352619,0.3605227539,-1.129915372,1.547714648,1.347668268,1.34403846,-0.45501483,-0.06506904989,-0.2428474401,0.03321777221,0,-0.07689167215,0.06345498208,0.1273943656,-0.08860203757,-0.02450994341,-0.02449409544,0.03081839287,0.03005452626,-0.008876168183,0.04430395392,0.03081300024,-0.03115181443,0.008259938146,0.008246380013,0.008246380013,0,0.01,0.205,0.15,0
6.03,0.5959425593,-0.14334364,-0.09321279408,0.002767274285,-0.02499739591,0.9996875163,0.06994284734,0.9975510003,0,0,1.162859447,1.649336143,-1.180035846,0.9858083398,-0.5309841766,0.5462492416,0.3602776545,-1.130160313,1.548022832,1.347968814,1.343949698,-0.4545717904,-0.06476091989,-0.2431589583,0.03461861992,0,-0.07917741157,0.06606859425,0.1313026419,-0.09144278684,-0.02519548219,-0.02555982139,0.0316864906,0.03090037843,-0.008499515803,0.04556824889,0.03146999726,-0.03194193343,0.008260585927,0.008347966429,0.008260585927,0,0.01,0.2,0.145,0
6.04,0.5949968644,-0.1433149659,-0.09593573581,0.002967986158,-0.02499739591,0.9996875163,0.06994284734,0.9975510003,0,0,1.163205633,1.649336143,-1.18082762,0.9864690257,-0.5296711502,0.5453348137,0.3600256997,-1.130415911,1.548339697,1.348277817,1.343864703,-0.454116108,-0.06444621992,-0.2434783776,0.03603082212,0,-0.08146470571,0.06872431882,0.1352526512,-0.09432467838,-0.02588509781,-0.02664182476,0.03257479603,0.03176284708,-0.008124852878,0.04686002691,0.0321459822,-0.03274866742,0.008261261137,0.008452411453,0.008261261137,0,0.01,0.2,0.145,0
6.05,0.5940236569,-0.1432842717,-0.09871499646,0.003171255322,-0.02499739591,0.9996875163,0.06994284734,0.9975510003,0,0,1.163565941,1.649336143,-1.181642267,0.9871562689,-0.5283186237,0.5443915669,0.3597668487,-1.13068233,1.548665445,1.348595446,1.343783454,-0.4536475077,-0.0641247601,-0.2438058643,0.03746319433,0,-0.08380393962,0.07142043046,0.1392763589,-0.09726069128,-0.02660928781,-0.0277394011,0.03348276589,0.03264120225,-0.007752256332,0.04817839382,0.03284049533,-0.03357128776,0.008261964011,0.00855978281,0.008261964011,0,0.015,0.2,0.145,0
6.06,0.593022383,-0.1432515325,-0.1015486933,0.003376996288,-0.02499739591,0.9996875163,0.06994284734,0.9975510003,-0.5,0,1.163940573,1.649336143,-1.182480307,0.9878704732,-0.5269258601,0.54341896,0.3595007558,-1.130959724,1.549000272,1.348921858,1.343705932,-0.4531657238,-0.06379635514,-0.2441415772,0.03890934916,0,-0.08616531801,0.07415521202,0.143351638,-0.1002406189,-0.0273522483,-0.0288518495,0.03440986292,0.03353471709,-0.007381804328,0.04952246274,0.03355308252,-0.03440906922,0.008262694959,0.008670146507,0.008262694959,0,0.015,0.2,0.145,0
6.07,0.5919925078,-0.1432167239,-0.1044349584,0.003585124241,-0.0299955002,0.9995500337,0.06994284734,0.9975510003,0,0,1.164329666,1.649336143,-1.18334196,0.9886120253,-0.5254923437,0.5424165538,0.3592272333,-1.131248242,1.549344371,1.349257205,1.343632114,-0.4526704991,-0.06346082432,-0.2444856679,0.0403699269,0,-0.08855612798,0.07692695511,0.1474814013,-0.1032649793,-0.0281196026,-0.02997847265,0.03535555579,0.03444266791,-0.007013576145,0.05089135408,0.03428329505,-0.03526129,0.008263454263,0.008783566859,0.008263454263,0,0.015,0.2,0.145,0
6.08,0.5909335148,-0.1431798223,-0.1073719389,0.003795555042,-0.0299955002,0.9995500337,0.06994284734,0.9975510003,0,0,1.164733366,1.649336143,-1.184227521,0.9893812949,-0.5240175297,0.541383904,0.3589460373,-1.131548027,1.549697927,1.349601632,1.343561978,-0.4521615856,-0.06311799137,-0.2448382808,0.04184181331,0,-0.09096377768,0.07973396038,0.1516551578,-0.1063285746,-0.02890545831,-0.03111857696,0.03631931893,0.03536433437,-0.006647652057,0.05228419553,0.0350306895,-0.03612723188,0.008264242221,0.008900106501,0.008264242221,0,0.015,0.2,0.145,0
6.09,0.5898449061,-0.1431408054,-0.1103577967,0.004008205229,-0.0299955002,0.9995500337,0.06994284734,0.9975510003,0,0,1.165151784,1.649336143,-1.185137159,0.9901786345,-0.5225009781,0.5403206183,0.3586569827,-1.131859213,1.55006112,1.349955275,1.343495502,-0.4516387436,-0.06276768447,-0.2451995531,0.0433310265,0,-0.09342414829,0.08257453805,0.1558951661,-0.1094401177,-0.0297320672,-0.03227147266,0.03730063242,0.03629899956,-0.006284113202,0.0537001221,0.03579482752,-0.03700618024,0.008265059071,0.009019826414,0.008265059071,0,0.015,0.2,0.145,0
6.1,0.588726202,-0.1430996511,-0.1133907086,0.004222992018,-0.0299955002,0.9995500337,0.06994284734,0.9975510003,-0.5,0,1.165585094,1.649336143,-1.186071401,0.9910043798,-0.5209420264,0.5392262171,0.358359662,-1.132181927,1.550434126,1.350318265,1.34343266,-0.4511017424,-0.0624097362,-0.2455696149,0.04482276823,0,-0.09586255017,0.08544700805,0.1601490335,-0.1125766344,-0.0305574446,-0.03343647391,0.03829898188,0.03724595017,-0.005923041446,0.05513827604,0.03657527573,-0.03789742415,0.008265905168,0.009142785944,0.008265905168,0,0.015,0.195,0.145,0
6.11,0.5875769411,-0.1430563387,-0.1164688663,0.004439833298,-0.0349928546,0.9993875625,0.06994284734,0.9975510003,0,0,1.166033322,1.649336143,-1.187030026,0.9918588499,-0.5193405361,0.5381004507,0.3580540876,-1.132516292,1.550817116,1.350690725,1.34337343,-0.4505503596,-0.06204398344,-0.2459485891,0.04632757315,0,-0.09833883478,0.08834970082,0.1644552438,-0.1157537228,-0.03141775681,-0.03461289893,0.03931385825,0.03820447661,-0.005564519246,0.05659780694,0.03737160547,-0.03880025649,0.00826678058,0.009269042814,0.00826678058,0,0.015,0.2,0.145,0
6.12,0.5863966799,-0.1430108479,-0.1195904764,0.004658647635,-0.0349928546,0.9993875625,0.06994284734,0.9975510003,0,0,1.166496598,1.649336143,-1.188013414,0.9927423469,-0.5176959837,0.5369429135,0.35773991,-1.132862421,1.551210254,1.351072769,1.343317785,-0.4499843816,-0.06167026739,-0.2463365917,0.04784114659,0,-0.1008341021,0.09128095743,0.1687991214,-0.118964406,-0.03230342619,-0.0358000701,0.04034475774,0.03917387316,-0.005208629506,0.05807787162,0.0381833927,-0.03971397404,0.008267685581,0.00939865315,0.008267685581,0,0.015,0.2,0.145,0
6.13,0.5851849927,-0.1429631594,-0.1227537604,0.004879354273,-0.0349928546,0.9993875625,0.06994284734,0.9975510003,0,0,1.166975009,1.649336143,-1.189021755,0.9936551565,-0.5160079924,0.5357532695,0.3574168758,-1.133220422,1.551613702,1.351464508,1.343265699,-0.4494036029,-0.06128843346,-0.2467337314,0.04936074611,0,-0.1033376163,0.09423913011,0.173171521,-0.1222040795,-0.0332095751,-0.03699731412,0.04139118163,0.04015343814,-0.004855455432,0.05957763424,0.03901021773,-0.04063787754,0.008268620361,0.009531671495,0.008268620361,0,0.015,0.195,0.14,0
6.14,0.5839414716,-0.1429132548,-0.1259569547,0.00510187313,-0.0349928546,0.9993875625,0.06994284734,0.9975510003,-0.5,0,1.167468616,1.649336143,-1.190055132,0.9945975478,-0.5142762772,0.5345312287,0.35708478,-1.133590395,1.552027614,1.351866042,1.343217144,-0.4488078265,-0.06089833128,-0.2471401102,0.05088536857,0,-0.1058478734,0.09722258269,0.1775695554,-0.1254707893,-0.03413668152,-0.03820396211,0.04245263612,0.04114247404,-0.004505080381,0.06109626621,0.0398516651,-0.04157127188,0.008269585059,0.009668150824,0.008269585059,0,0.02,0.195,0.14,0
6.15,0.5826657264,-0.1428611162,-0.1291983105,0.005326124802,-0.03998933419,0.9992001067,0.06994284734,0.9975510003,0,0,1.16797747,1.649336143,-1.19111361,0.9955697736,-0.5125005817,0.5332765208,0.3567434132,-1.133972435,1.55245214,1.352277467,1.343172093,-0.4481968639,-0.06049981463,-0.2475558229,0.05241609116,0,-0.1083745124,0.100229691,0.1819978945,-0.1287657412,-0.03509173897,-0.03941934979,0.04352863222,0.0421402877,-0.004157587712,0.06263294623,0.04070732335,-0.04251346612,0.008270579793,0.009808142563,0.008270579793,0,0.02,0.2,0.14,0
6.16,0.581357384,-0.1428067267,-0.1324760941,0.005552030559,-0.03998933419,0.9992001067,0.06994284734,0.9975510003,0,0,1.168501631,1.649336143,-1.192197355,0.9965720706,-0.5106806027,0.5319888633,0.3563924958,-1.134366628,1.552887427,1.35269887,1.343130517,-0.4475705344,-0.0600927414,-0.2479809576,0.05395020469,0,-0.1109068983,0.1032588434,0.186447532,-0.1320843915,-0.03606987608,-0.04064281755,0.04461868556,0.04314619046,-0.003813060626,0.06418686027,0.04157678485,-0.04346377368,0.008271604705,0.009951696604,0.008271604705,0,0.02,0.195,0.14,0
6.17,0.5800160888,-0.1427500703,-0.1357885864,0.00577951235,-0.03998933419,0.9992001067,0.06994284734,0.9975510003,-0.5,0,1.169041133,1.649336143,-1.193306424,0.997604659,-0.5088161274,0.5306680194,0.3560317971,-1.134773056,1.553333613,1.353130332,1.343092387,-0.4469286658,-0.05967697355,-0.2484155953,0.05548302575,0,-0.1134236766,0.1063084411,0.1909022327,-0.135419212,-0.03705986887,-0.04187371068,0.04572231626,0.04415949832,-0.003471582017,0.06575720159,0.04245964557,-0.04442151243,0.008272659884,0.01009886132,0.008272659884,0,0.02,0.195,0.14,0
6.18,0.5786415023,-0.1426911315,-0.1391340835,0.006008492796,-0.04498481404,0.9989876708,0.06994284734,0.9975510003,0,0,1.169595963,1.649336143,-1.194440661,0.9986677434,-0.5069071051,0.5293138273,0.3556611984,-1.135191793,1.553790837,1.353571927,1.343057671,-0.4462710938,-0.05925237709,-0.2488598104,0.05702329246,0,-0.1159756638,0.1093768985,0.1953945948,-0.1387830272,-0.03809285995,-0.04311137945,0.04683904878,0.04517953215,-0.003133234309,0.06734317073,0.04335550493,-0.04538600483,0.008273745326,0.01024968358,0.008273745326,0,0.02,0.2,0.14,0
6.19,0.5772333027,-0.1426298957,-0.1425108962,0.006238895199,-0.04498481404,0.9989876708,0.06994284734,0.9975510003,0,0,1.170166196,1.649336143,-1.195600418,0.9997615124,-0.5049531591,0.527925997,0.3552802698,-1.135622907,1.554259227,1.354023722,1.343026339,-0.4455976621,-0.05881882204,-0.2493136705,0.05855719404,0,-0.1184923147,0.1124626438,0.1998751703,-0.142154476,-0.03912867288,-0.0443551793,0.04796841175,0.04620561779,-0.002798099296,0.06894397549,0.04426396556,-0.04635657804,0.008274861202,0.01040420875,0.008274861202,0,0.02,0.195,0.14,0
6.2,0.5757911855,-0.1425663491,-0.1459173501,0.006470643535,-0.04498481404,0.9989876708,0.06994284734,0.9975510003,0,0,1.170751768,1.649336143,-1.196785341,1.000886139,-0.5029544074,0.5265044523,0.354888983,-1.136066459,1.554738911,1.354485778,1.342998358,-0.4449082223,-0.05837618239,-0.2497772363,0.06009522721,0,-0.1210339725,0.1155641196,0.2043830672,-0.1455490393,-0.04020406358,-0.04560447096,0.04910993785,0.04723708632,-0.002466257985,0.07055883095,0.04518463312,-0.04733256407,0.00827600741,0.01056248074,0.00827600741,0,0.02,0.195,0.14,0
6.21,0.5743148625,-0.1425004786,-0.149351786,0.006703662454,-0.04498481404,0.9989876708,0.06994284734,0.9975510003,-0.5,0,1.17135272,1.649336143,-1.197995681,1.00204178,-0.5009105768,0.5250489619,0.3544869424,-1.136522504,1.555230011,1.354958149,1.342973695,-0.444202634,-0.05792433606,-0.2502505619,0.0616312858,0,-0.1235715057,0.1186797828,0.2088969062,-0.1489570367,-0.04130314522,-0.04685862066,0.05026316362,0.04827327412,-0.002137790434,0.07218695943,0.0461171161,-0.04831329992,0.008277184058,0.01072454198,0.008277184058,0,0.02,0.19,0.135,0
6.22,0.572804062,-0.1424322719,-0.1528125593,0.006937877286,-0.04997916927,0.9987502604,0.06994284734,0.9975510003,0,0,1.171969033,1.649336143,-1.199231396,1.003228578,-0.4988216077,0.5235593915,0.3540739109,-1.13699109,1.555732642,1.355440882,1.342952317,-0.4434807644,-0.0574631649,-0.2507336949,0.06315886424,0,-0.1260733322,0.1218081053,0.2133936604,-0.1523682085,-0.04240842595,-0.04811700021,0.05142762934,0.04931352316,-0.00181277559,0.07382759055,0.0470610256,-0.0492981277,0.00827839113,0.01089043344,0.00827839113,0,0.025,0.195,0.135,0
6.23,0.5712585289,-0.1423617173,-0.1562980405,0.007173214035,-0.04997916927,0.9987502604,0.06994284734,0.9975510003,0,0,1.172600622,1.649336143,-1.200492129,1.004446659,-0.4966876711,0.5220357094,0.3536498267,-1.13747226,1.556246919,1.355934017,1.342934189,-0.4427424885,-0.05699255464,-0.2512266762,0.06468853659,0,-0.1286004835,0.1249475748,0.2179130271,-0.155798116,-0.04355717782,-0.04937898722,0.05260287886,0.05035718111,-0.00149129113,0.07547996118,0.04801597517,-0.0502863948,0.008279628488,0.01106019467,0.008279628488,0,0.025,0.195,0.135,0
6.24,0.5696780242,-0.1422888041,-0.1598066148,0.007409599381,-0.04997916927,0.9987502604,0.06994284734,0.9975510003,-0.5,0,1.173247507,1.649336143,-1.201778134,1.005696135,-0.4945085408,0.5204777283,0.3532142549,-1.13796605,1.556772947,1.356437589,1.342919276,-0.4419876889,-0.05651239489,-0.2517295401,0.06620638571,0,-0.1310810282,0.1280966943,0.2224047256,-0.1592253014,-0.04470794177,-0.05064396524,0.05378845947,0.05140360152,-0.001173413298,0.07714331542,0.04898158059,-0.05127745402,0.008280896199,0.01123386377,0.008280896199,0,0.025,0.19,0.135,0
6.25,0.568062325,-0.1422135221,-0.1633366824,0.007646960682,-0.05497227503,0.9984878812,0.06994284734,0.9975510003,0,0,1.173909571,1.649336143,-1.203088944,1.006977102,-0.4922844936,0.5188854753,0.3527671755,-1.138472489,1.557310832,1.356951625,1.342907542,-0.4412162557,-0.05602257908,-0.2522423147,0.06772446598,0,-0.1335841856,0.1312539834,0.2269140819,-0.1626675378,-0.0459028937,-0.05191132392,0.05498392175,0.05245214404,-0.0008592167488,0.07881690464,0.04995745966,-0.05227066371,0.008282194058,0.01141147741,0.008282194058,0,0.025,0.195,0.135,0
6.26,0.5664112242,-0.1421358619,-0.1668866584,0.007885225969,-0.05497227503,0.9984878812,0.06994284734,0.9975510003,0,0,1.174586816,1.649336143,-1.204424786,1.008289641,-0.4900153528,0.5172587999,0.3523081466,-1.138991603,1.557860671,1.357476147,1.34289895,-0.4404280867,-0.05552300449,-0.2527650213,0.06923304736,0,-0.1360605895,0.1344179781,0.2314061534,-0.1661097017,-0.04711382599,-0.05318027429,0.05618796353,0.05350093569,-0.0005487742981,0.08050117001,0.0509428035,-0.05326630035,0.008283522096,0.01159307088,0.008283522096,0,0.025,0.19,0.135,0
6.27,0.5647245307,-0.1420558148,-0.1704549727,0.008124323953,-0.05497227503,0.9984878812,0.06994284734,0.9975510003,-0.5,0,1.175279146,1.649336143,-1.205785392,1.009633821,-0.4877012912,0.5155977029,0.3518370083,-1.139523405,1.558422551,1.358011156,1.342893462,-0.439623075,-0.05501357645,-0.2532976843,0.07073251747,0,-0.138515844,0.1375872315,0.2358832536,-0.1695519505,-0.04834508537,-0.05445076504,0.05740266844,0.05455300682,-0.0002421572005,0.0821918854,0.05193849945,-0.05426104022,0.008284880156,0.01177867512,0.008284880156,0,0.025,0.19,0.135,0
6.28,0.5630020688,-0.1419733729,-0.1740400703,0.008364184018,-0.05996400648,0.9982005399,0.06994284734,0.9975510003,0,0,1.175986472,1.649336143,-1.20717055,1.011009694,-0.4853424587,0.5139021834,0.3513535574,-1.140067913,1.558996577,1.358556686,1.342891041,-0.4388011561,-0.05449419146,-0.2538402947,0.07222278563,0,-0.140952947,0.1407603138,0.2403459708,-0.1729937127,-0.04959945892,-0.05572166681,0.05862510868,0.05560413535,6.056586435e-05,0.08389176181,0.0529429233,-0.05525691055,0.008286268087,0.01196832831,0.008286268087,0,0.025,0.195,0.13,0
6.29,0.5612436785,-0.1418885288,-0.1776404109,0.008604736226,-0.05996400648,0.9982005399,0.06994284734,0.9975510003,-0.5,0,1.176708699,1.649336143,-1.20858008,1.012417297,-0.482938999,0.5121722462,0.3508575629,-1.14062513,1.559582829,1.359112727,1.342891646,-0.4379622385,-0.05396476222,-0.2543928638,0.07370193584,0,-0.1433648367,0.1439358133,0.2447881106,-0.1764316669,-0.05087368747,-0.05699257207,0.05985566287,0.05665488895,0.0003593280946,0.08559895112,0.05395610855,-0.05625242338,0.008287685738,0.01216205873,0.008287685738,0,0.03,0.19,0.13,0
6.3,0.5594492149,-0.1418012761,-0.1812544691,0.008845911314,-0.06495423883,0.9978882437,0.06994284734,0.9975510003,0,0,1.177445719,1.649336143,-1.210013728,1.013856655,-0.4804911179,0.5104079296,0.350348826,-1.141195055,1.560181385,1.359679276,1.34289524,-0.437106249,-0.05342520114,-0.2549553881,0.07517380701,0,-0.1457761152,0.1471123361,0.2492249926,-0.1798711361,-0.05218346436,-0.05826290338,0.06109389592,0.05770466036,0.0006540651399,0.08731274088,0.05497768033,-0.05724696714,0.008289132918,0.01235862701,0.008289132918,0,0.03,0.195,0.13,0
6.31,0.5576185484,-0.1417116087,-0.1848807345,0.009087640697,-0.06495423883,0.9978882437,0.06994284734,0.9975510003,0,0,1.178197457,1.649336143,-1.211471489,1.015327778,-0.4779988679,0.5086092182,0.3498269913,-1.141777684,1.560792324,1.360256323,1.34290178,-0.4362331216,-0.05287542433,-0.2555278577,0.07662968831,0,-0.1481421647,0.1502885066,0.2536250229,-0.1832985845,-0.05350292522,-0.05953209038,0.06233937516,0.05875284945,0.0009447151663,0.0890324259,0.05600726469,-0.05823993674,0.008290609514,0.01255307093,0.008290609514,0,0.03,0.19,0.13,0
6.32,0.5557515645,-0.1416195216,-0.1885177114,0.009329856464,-0.06495423883,0.9978882437,0.06994284734,0.9975510003,-0.5,0,1.178963754,1.649336143,-1.212952911,1.016830663,-0.4754626177,0.5067762324,0.3492919621,-1.142373005,1.561415718,1.360843851,1.342911228,-0.4353427973,-0.05231535169,-0.2561102571,0.07807789707,0,-0.1505122825,0.1534629681,0.2580203583,-0.1867260445,-0.0548625572,-0.06079956995,0.06359167028,0.05979886345,0.001231219001,0.09075730816,0.05704448843,-0.05923073374,0.008292115242,0.01275150957,0.008292115242,0,0.03,0.19,0.13,0
6.33,0.5538481634,-0.1415250102,-0.1921639192,0.009572491381,-0.06994284734,0.9975510003,0.06994284734,0.9975510003,0,0,1.179744533,1.649336143,-1.214458034,1.018365293,-0.4728824141,0.5049089719,0.3487433365,-1.142981001,1.562051635,1.36144184,1.34292354,-0.4344352243,-0.0517449068,-0.2567025644,0.07950515065,0,-0.1528161832,0.1566343826,0.2623620375,-0.1901331457,-0.05622083423,-0.06206478633,0.06485035319,0.0608421171,0.001513520277,0.09248669687,0.0580889789,-0.06021876647,0.008293649981,0.01295396764,0.008293649981,0,0.03,0.19,0.125,0
6.34,0.5519082602,-0.1414280706,-0.1958178921,0.009815478891,-0.06994284734,0.9975510003,0.06994284734,0.9975510003,-0.5,0,1.180539584,1.649336143,-1.215986196,1.019931637,-0.4702587938,0.5030076405,0.3481811282,-1.143601649,1.562700138,1.362050261,1.342938675,-0.4335103573,-0.05116401701,-0.2573047521,0.08092248498,0,-0.1551182584,0.1598014318,0.2666925532,-0.1935359726,-0.05761732931,-0.06332719133,0.06611499787,0.06188203279,0.00179156557,0.09421990846,0.05914036388,-0.06120345026,0.008295213349,0.01316046855,0.008295213349,0,0.035,0.19,0.125,0
6.35,0.5499317845,-0.1413286997,-0.1994781793,0.01005875311,-0.07492970727,0.9971888181,0.06994284734,0.9975510003,0,0,1.181348809,1.649336143,-1.217537378,1.021529651,-0.4675918682,0.5010722807,0.3476049549,-1.144234921,1.563361288,1.362669081,1.342956591,-0.4325681582,-0.05057261337,-0.2579167866,0.08232383829,0,-0.1573880853,0.1629628166,0.2709900765,-0.1969249761,-0.0590344349,-0.06458624445,0.0673851803,0.06291804081,0.002065304539,0.09595626653,0.06019827138,-0.06218420753,0.00829680518,0.01337103439,0.00829680518,0,0.035,0.19,0.125,0
6.36,0.5479186804,-0.1412268948,-0.2031433446,0.01030224884,-0.07492970727,0.9971888181,0.06994284734,0.9975510003,0,0,1.182172047,1.649336143,-1.219111259,1.023159279,-0.4648819675,0.499103031,0.3470146105,-1.144880783,1.56403514,1.363298262,1.342977244,-0.4316085955,-0.04997063066,-0.2585386287,0.08370936704,0,-0.1596296548,0.166117258,0.2752561791,-0.2002999227,-0.0604752461,-0.06584141302,0.06866047833,0.06394957942,0.002334690052,0.09769510189,0.06126232954,-0.06316046797,0.00829842519,0.01358568596,0.00829842519,0,0.035,0.19,0.125,0
6.37,0.5458689061,-0.1411226542,-0.206811967,0.01054590154,-0.07492970727,0.9971888181,0.06994284734,0.9975510003,-0.5,0,1.183009141,1.649336143,-1.220707556,1.024820452,-0.4621294057,0.4971000317,0.3464098581,-1.145539197,1.564721745,1.363937758,1.34300059,-0.4306316445,-0.04935800737,-0.2591702334,0.08507399416,0,-0.1618175587,0.1692634968,0.2794724823,-0.2036527694,-0.06192492732,-0.06709217241,0.06994047157,0.06497609511,0.002599678319,0.09943575253,0.06233216642,-0.06413166873,0.0083000731,0.01380444278,0.0083000731,0,0.035,0.185,0.125,0
6.38,0.5437824342,-0.1410159765,-0.2104826402,0.01078964737,-0.07991469397,0.9968017063,0.06994284734,0.9975510003,0,0,1.183859881,1.649336143,-1.222325731,1.026513087,-0.4593346808,0.4950635041,0.3457906088,-1.146210119,1.565421149,1.364587519,1.343026587,-0.429637287,-0.0487346857,-0.25981155,0.08642607616,0,-0.1640016569,0.1724002944,0.2836718264,-0.2069955004,-0.06341440972,-0.0683380061,0.07122474132,0.06599704269,0.002860229013,0.1011775636,0.06340740991,-0.06509725456,0.008301748526,0.01402732305,0.008301748526,0,0.035,0.19,0.12,0
6.39,0.5416592511,-0.1409068611,-0.2141539729,0.01103342314,-0.07991469397,0.9968017063,0.06994284734,0.9975510003,-0.5,0,1.184724142,1.649336143,-1.223965748,1.02823709,-0.4564979626,0.492993549,0.3451564647,-1.146893499,1.566133397,1.365247489,1.34305519,-0.4286255114,-0.0481006116,-0.2604625226,0.08775947824,0,-0.1661505798,0.1755264325,0.2878318676,-0.2103184744,-0.06492519202,-0.06957840591,0.07251287044,0.0670118855,0.003116305391,0.1029198875,0.06448768755,-0.06605667793,0.008303451253,0.0142543437,0.008303451253,0,0.035,0.185,0.12,0
6.4,0.5394993571,-0.1407953081,-0.2178245887,0.01127716636,-0.0848976828,0.9963896745,0.06994284734,0.9975510003,0,0,1.185601737,1.649336143,-1.225627254,1.029992354,-0.4536196439,0.4908903643,0.3445072128,-1.147589283,1.566858525,1.365917608,1.343086353,-0.4275963125,-0.04745573473,-0.2611230894,0.0890678833,0,-0.1682314503,0.1786407137,0.2919292319,-0.2136118254,-0.06643759965,-0.07081287207,0.07380444326,0.06802009553,0.003367874409,0.1046620836,0.06557262646,-0.06700939925,0.008305180943,0.01448552035,0.008305180943,0,0.04,0.19,0.12,0
6.41,0.5373027663,-0.1406813181,-0.221493126,0.01152081519,-0.0848976828,0.9963896745,0.06994284734,0.9975510003,-0.5,0,1.186492415,1.649336143,-1.227309568,1.031778761,-0.4507003516,0.488754246,0.3438428368,-1.148297412,1.56759657,1.366597809,1.343120031,-0.4265496917,-0.04680000846,-0.2617931834,0.09036047105,0,-0.1702988662,0.1817419615,0.296000132,-0.2168887115,-0.06798547704,-0.0720409134,0.07509904555,0.06902115363,0.003614906828,0.1064035186,0.06666185316,-0.06795488701,0.008306937133,0.01472086734,0.008306937133,0,0.04,0.185,0.12,0
6.42,0.535069506,-0.1405648923,-0.2251582382,0.01176430851,-0.0898785492,0.995952733,0.06994284734,0.9975510003,0,0,1.18739602,1.649336143,-1.229012557,1.033596181,-0.4477403503,0.4865853589,0.343162982,-1.149017821,1.56834756,1.36728802,1.34315618,-0.4254856565,-0.04613338993,-0.2624727322,0.09163352807,0,-0.1723347048,0.1848290204,0.3000313349,-0.2201431032,-0.0695581873,-0.07326204744,0.07639626437,0.07001454958,0.003857377324,0.1081435663,0.06775499349,-0.06889261789,0.008308719541,0.01496039775,0.008308719541,0,0.04,0.19,0.12,0
6.43,0.5327996174,-0.1404460327,-0.2288185934,0.01200758582,-0.0898785492,0.995952733,0.06994284734,0.9975510003,0,0,1.188312355,1.649336143,-1.230735904,1.035444471,-0.4447400369,0.4843839279,0.3424674001,-1.149750442,1.569111523,1.367988166,1.343194754,-0.4244042208,-0.04545584,-0.2631616584,0.09288156659,0,-0.174310393,0.1879007561,0.3040024926,-0.2233663753,-0.07113847173,-0.07447580057,0.07769568806,0.07099978231,0.004095264582,0.1098816075,0.06885167251,-0.06982207699,0.008310527812,0.01520412332,0.008310527812,0,0.04,0.185,0.115,0
6.44,0.5304931544,-0.1403247415,-0.2324728748,0.01225058734,-0.0898785492,0.995952733,0.06994284734,0.9975510003,-0.5,0,1.189241171,1.649336143,-1.232479008,1.037323479,-0.441700012,0.4821502641,0.3417560154,-1.1504952,1.56988848,1.368698164,1.343235707,-0.4233054047,-0.04476732327,-0.2638598792,0.09410962801,0,-0.1762571797,0.1909560559,0.3079340646,-0.2265654906,-0.07274586491,-0.07568170817,0.07899690613,0.07197636,0.004328551395,0.1116170304,0.06995151437,-0.07074275794,0.008312361483,0.01545205456,0.008312361483,0,0.045,0.18,0.115,0
6.45,0.5281501845,-0.140201022,-0.2361197804,0.01249325394,-0.09485716863,0.9954908928,0.06994284734,0.9975510003,0,0,1.190182267,1.649336143,-1.23424158,1.039233039,-0.4386206713,0.4798846092,0.3410285568,-1.151252017,1.570678449,1.369417927,1.343278992,-0.4221892344,-0.04406780813,-0.2645673068,0.0953152823,0,-0.1781637815,0.1939938285,0.311817566,-0.2297363369,-0.07437368655,-0.07687931471,0.08029950921,0.07294380024,0.004557224749,0.1133492301,0.07105414225,-0.07165416303,0.008314220187,0.01570420067,0.008314220187,0,0.045,0.185,0.115,0
6.46,0.5257707877,-0.1400748778,-0.2397580231,0.01273552718,-0.09485716863,0.9954908928,0.06994284734,0.9975510003,-0.5,0,1.19113542,1.649336143,-1.236023217,1.041172977,-0.4355024957,0.4775872459,0.3402848199,-1.15202081,1.571481444,1.370147365,1.343324565,-0.4210557421,-0.0433572667,-0.2652838484,0.09649870253,0,-0.1800336759,0.1970130041,0.3156546127,-0.2328786484,-0.07602431591,-0.0780681739,0.08160308902,0.07390163015,0.004781275908,0.1150776087,0.07215917825,-0.07255580343,0.008316103512,0.01596056955,0.008316103512,0,0.045,0.18,0.115,0
6.47,0.5233550571,-0.139946313,-0.2433863308,0.0129773493,-0.09983341665,0.9950041653,0.06994284734,0.9975510003,0,0,1.192100407,1.649336143,-1.237823554,1.043143107,-0.4323459496,0.4752584594,0.3395245767,-1.152801492,1.572297475,1.370886382,1.343372377,-0.419904966,-0.04263567492,-0.2660094064,0.09765572768,0,-0.181845269,0.2000125348,0.3194297309,-0.2359857813,-0.0776844802,-0.07924784878,0.08290723828,0.07484938651,0.005000700489,0.1168015757,0.07326624334,-0.07344719927,0.008318011047,0.01622116785,0.008318011047,0,0.045,0.185,0.11,0
6.48,0.5209030984,-0.1398153325,-0.2470034459,0.01321866319,-0.09983341665,0.9950041653,0.06994284734,0.9975510003,-0.5,0,1.193076964,1.649336143,-1.239642007,1.045143233,-0.4291516522,0.4728986016,0.3387477319,-1.15359397,1.573126547,1.371634875,1.343422384,-0.4187369503,-0.04190301249,-0.2667438784,0.09879103424,0,-0.1836277976,0.2029913944,0.3231621979,-0.2390640897,-0.07937247838,-0.08041791187,0.08421155071,0.07578661591,0.005215498535,0.1185205474,0.07437495727,-0.07432787983,0.008319942299,0.0164860009,0.008319942299,0,0.045,0.18,0.11,0
6.49,0.5184150296,-0.1396819416,-0.2506081263,0.01345941246,-0.1048071688,0.9944925627,0.06994284734,0.9975510003,0,0,1.194064875,1.649336143,-1.241478285,1.047173147,-0.4259200303,0.4705079607,0.3379540072,-1.154398149,1.573968663,1.372392742,1.343474539,-0.4175517448,-0.04115926292,-0.2674871572,0.09989894443,0,-0.1853506508,0.2059485785,0.3268304386,-0.242104706,-0.08106928219,-0.08157794524,0.08551562095,0.07671287482,0.005425674581,0.1202339472,0.07548493855,-0.07519738366,0.008321896867,0.01675507278,0.008321896867,0,0.05,0.185,0.11,0
6.5,0.5158909814,-0.1395461463,-0.2541991443,0.01369954135,-0.1048071688,0.9944925627,0.06994284734,0.9975510003,-0.5,0,1.195063864,1.649336143,-1.243331791,1.049232633,-0.4226517259,0.4680869136,0.3371433143,-1.155213929,1.574823819,1.37315987,1.343528796,-0.4163494053,-0.04040441353,-0.268239131,0.1009848531,0,-0.1870472672,0.2088831048,0.3304566974,-0.2451150008,-0.0827958256,-0.08272754064,0.08681904457,0.07762772975,0.005631237709,0.1219412058,0.07659580435,-0.07605525876,0.008323874235,0.01702838625,0.008323874235,0,0.05,0.18,0.11,0
6.51,0.5133310963,-0.139407953,-0.2577752872,0.01393899481,-0.1097783008,0.993956098,0.06994284734,0.9975510003,0,0,1.196073713,1.649336143,-1.245202264,1.051321464,-0.4193471589,0.4656357636,0.3363153561,-1.156041204,1.575692009,1.373936148,1.343585108,-0.4151299933,-0.03963845549,-0.2689996836,0.1020422532,0,-0.1886818615,0.2117940126,0.3340159045,-0.2480849107,-0.08452965983,-0.08386629959,0.08812141801,0.07853075735,0.005832201603,0.1236417606,0.07770717049,-0.07690106266,0.008325873996,0.0173059428,0.008325873996,0,0.05,0.18,0.11,0
6.52,0.5107355292,-0.1392673688,-0.2613353574,0.01417771845,-0.1097783008,0.993956098,0.06994284734,0.9975510003,-0.5,0,1.197094135,1.649336143,-1.247089083,1.053439404,-0.4160069999,0.4631549145,0.3354700595,-1.156879867,1.576573224,1.374721455,1.343643431,-0.4138935757,-0.03886138378,-0.2697686943,0.1030777583,0,-0.190295056,0.2146803635,0.3375353196,-0.2510235433,-0.08629626052,-0.08499383349,0.08942233859,0.07942154449,0.006028584596,0.1253350562,0.07881865139,-0.07773436261,0.008327895612,0.01758774263,0.008327895612,0,0.05,0.18,0.105,0
6.53,0.5081044467,-0.1391244013,-0.2648781719,0.01441565855,-0.1147466884,0.9933947843,0.06994284734,0.9975510003,0,0,1.198124913,1.649336143,-1.248992033,1.055586207,-0.4126316467,0.4606446791,0.3346070969,-1.157729805,1.577467447,1.375515671,1.343703716,-0.4126402251,-0.03807319727,-0.2705460379,0.1040822192,0,-0.1918351505,0.2175412408,0.3409790025,-0.2539170148,-0.08806293832,-0.08610976366,0.09072140448,0.08029968838,0.006220409711,0.1270205442,0.07992986009,-0.07855473569,0.008329938675,0.01787378465,0.008329938675,0,0.055,0.18,0.105,0
6.54,0.5054380272,-0.1389790584,-0.2684025628,0.01465276209,-0.1147466884,0.9933947843,0.06994284734,0.9975510003,-0.5,0,1.199165735,1.649336143,-1.250910385,1.05776162,-0.4092218566,0.4581055089,0.3337264675,-1.158590903,1.578374661,1.376318668,1.34376592,-0.4113700197,-0.03727389867,-0.2713315852,0.1050604066,0,-0.193331819,0.2203757498,0.3443667786,-0.2567717372,-0.08984819431,-0.08721372149,0.0920182147,0.08116479668,0.006407704689,0.1286976831,0.08104040816,-0.07936176894,0.008332002596,0.01816406647,0.008332002596,0,0.055,0.18,0.105,0
6.55,0.5027364607,-0.138831349,-0.2719073771,0.0148889767,-0.1197122073,0.9928086359,0.06994284734,0.9975510003,0,0,1.200216339,1.649336143,-1.252843703,1.059965377,-0.4057781889,0.4555377916,0.3328279856,-1.15946304,1.579294843,1.377130316,1.343829997,-0.4100830428,-0.03646349459,-0.2721252029,0.1060096174,0,-0.1947707895,0.2231830179,0.3476883886,-0.2595832377,-0.09164276254,-0.08830534847,0.09331236912,0.08201648752,0.006590502023,0.1303659386,0.08214990576,-0.0801550595,0.008334086878,0.01845858443,0.008334086878,0,0.055,0.18,0.1,0
6.56,0.4999999487,-0.138681282,-0.2753914765,0.01512425071,-0.1197122073,0.9928086359,0.06994284734,0.9975510003,-0.5,0,1.201276435,1.649336143,-1.254791411,1.062197207,-0.402301305,0.4529419592,0.3319115579,-1.160346094,1.580227967,1.37795048,1.343895903,-0.4087793834,-0.03564199553,-0.2729267535,0.1069385242,0,-0.1962052305,0.2259621941,0.35097992,-0.2623634874,-0.09348024903,-0.08938429629,0.09460346848,0.08285438967,0.006768838975,0.132024783,0.08325796161,-0.08093421474,0.008336190971,0.01875733356,0.008336190971,0,0.055,0.175,0.1,0
6.57,0.497228704,-0.1385288673,-0.2788537377,0.01535853311,-0.1246747334,0.9921976672,0.06994284734,0.9975510003,0,0,1.202345821,1.649336143,-1.256753463,1.064456829,-0.3987915058,0.4503183243,0.3309767554,-1.161239937,1.581174002,1.378779024,1.343963591,-0.4074591356,-0.03480941591,-0.2737360957,0.1078312603,0,-0.1975424318,0.2287124495,0.3541772869,-0.2650889931,-0.09530133991,-0.0904502269,0.09589111435,0.08367814255,0.006942757589,0.1336736959,0.08436418301,-0.08169885236,0.008338314496,0.01906030759,0.008338314496,0,0.06,0.18,0.1,0
6.58,0.4944229505,-0.1383741149,-0.2822930524,0.01559177356,-0.1246747334,0.9921976672,0.06994284734,0.9975510003,-0.5,0,1.203424133,1.649336143,-1.258728887,1.066743954,-0.3952497329,0.4476674344,0.330023742,-1.162144439,1.582132913,1.379615806,1.344033018,-0.4061223987,-0.03396577408,-0.2745530842,0.1086998044,0,-0.1988550347,0.2314329768,0.3573300112,-0.2677764951,-0.09715196484,-0.09150281255,0.09717490923,0.08448739633,0.0071123047,0.1353121637,0.08546817585,-0.0824486005,0.008340456758,0.01936749896,0.008340456758,0,0.06,0.175,0.1,0
6.59,0.4915829231,-0.1382170355,-0.285708327,0.01582392241,-0.1296341426,0.9915618937,0.06994284734,0.9975510003,-0.5,0,1.204511131,1.649336143,-1.260717438,1.069058284,-0.3916764328,0.4449896694,0.3290522224,-1.163059467,1.583104662,1.38046068,1.344104142,-0.404769277,-0.03311109232,-0.2753775702,0.1095391824,0,-0.2001147911,0.2341229904,0.3604183305,-0.2704182459,-0.09901374071,-0.09254173587,0.09845445649,0.08528181195,0.007277531937,0.1369396796,0.08656954466,-0.0831830979,0.008342617297,0.01967889883,0.008342617297,0,0.06,0.175,0.095,0
6.6,0.4887088676,-0.1380576402,-0.2890984829,0.0160549307,-0.134590311,0.9909013312,0.06994284734,0.9975510003,0,0,1.205606523,1.649336143,-1.262718586,1.071399514,-0.3880722495,0.442285487,0.328062085,-1.163984884,1.584089206,1.381313498,1.344176917,-0.4033998802,-0.03224539688,-0.2762094012,0.1103474777,0,-0.2013113211,0.2367817265,0.3634347529,-0.2730109464,-0.1008795278,-0.09356668992,0.09972936045,0.08606106126,0.007438495711,0.1385557438,0.08766789262,-0.08390199398,0.008344795557,0.01999449704,0.008344795557,0,0.065,0.18,0.095,0
6.61,0.4858010407,-0.1378959408,-0.2924624564,0.01628475011,-0.134590311,0.9909013312,0.06994284734,0.9975510003,-0.5,0,1.206709998,1.649336143,-1.264731699,1.073767331,-0.384437902,0.4395553775,0.3270532897,-1.164920551,1.5850865,1.382174108,1.344251302,-0.4020143228,-0.03136871795,-0.2770484211,0.1111326173,0,-0.2024937169,0.2394084426,0.3664128141,-0.2755653498,-0.102780516,-0.09457737823,0.1009992264,0.08682482697,0.007595257208,0.1401598633,0.08876282164,-0.08460494892,0.00834699094,0.02031428214,0.00834699094,0,0.065,0.175,0.095,0
6.62,0.4828597093,-0.1377319493,-0.2957991986,0.01651333302,-0.1395431146,0.9902159962,0.06994284734,0.9975510003,0,0,1.207821324,1.649336143,-1.266756636,1.076161415,-0.3807737738,0.436799724,0.3260254845,-1.165866325,1.586096492,1.383042357,1.344327254,-0.4006127242,-0.03048108973,-0.2778944706,0.1118807531,0,-0.203579196,0.2420024177,0.3692951503,-0.2780611213,-0.104662775,-0.09557351483,0.1022636607,0.08757280277,0.007747882368,0.1417515521,0.08985393236,-0.08529163381,0.008349203005,0.02063824138,0.008349203005,0,0.065,0.18,0.095,0
6.63,0.4798851509,-0.1375656784,-0.2991076756,0.01674063248,-0.1395431146,0.9902159962,0.06994284734,0.9975510003,-0.5,0,1.208940132,1.649336143,-1.268792428,1.078581439,-0.3770808223,0.4340191128,0.3249788568,-1.16682206,1.587119129,1.383918085,1.344404733,-0.3991952086,-0.02958255041,-0.278747387,0.1126063893,0,-0.204656764,0.2445629523,0.3721429057,-0.2805183523,-0.1065833081,-0.09655482427,0.1035222706,0.08830469333,0.007896441859,0.1433303308,0.09094082428,-0.08596173072,0.008351431034,0.0209663607,0.008351431034,0,0.065,0.175,0.09,0
6.64,0.4768776534,-0.1373971411,-0.3023868683,0.01696660223,-0.1444924297,0.9895059059,0.06994284734,0.9975510003,0,0,1.210066195,1.649336143,-1.270838996,1.081027069,-0.3733593933,0.4312139293,0.3239130237,-1.167787608,1.588154352,1.384801132,1.344483698,-0.3977619053,-0.02867314217,-0.2796070043,0.1132985072,0,-0.2056602708,0.2470893676,0.3749101847,-0.2829207944,-0.1084987076,-0.09752104168,0.1047746647,0.08902021434,0.008041011047,0.1448957271,0.09202309579,-0.0866149328,0.0083536746,0.02129862476,0.0083536746,0,0.07,0.175,0.09,0
6.65,0.4738375145,-0.137226351,-0.3056357726,0.01719119665,-0.1444924297,0.9895059059,0.06994284734,0.9975510003,-0.5,0,1.21119918,1.649336143,-1.272895598,1.083497963,-0.3696102914,0.4283847213,0.3228280366,-1.168762819,1.589202098,1.385691334,1.344564108,-0.3963129481,-0.02775291121,-0.2804731536,0.1139632193,0,-0.2066278329,0.2495810064,0.3776231005,-0.2852765429,-0.1104331124,-0.09847191277,0.1060204526,0.08971909251,0.008181669956,0.1464472752,0.09310034425,-0.08725094435,0.00835593305,0.0216350169,0.00835593305,0,0.07,0.175,0.09,0
6.66,0.4707650422,-0.1370533219,-0.3088533991,0.01741437084,-0.1494381325,0.9887710779,0.06994284734,0.9975510003,0,0,1.212338813,1.649336143,-1.274961877,1.085993773,-0.3658340604,0.4255319559,0.3217237055,-1.169747538,1.590262303,1.386588525,1.344645924,-0.3948484753,-0.02682190777,-0.281345663,0.1145944993,0,-0.207523034,0.252037232,0.3802562541,-0.2875765241,-0.1123621005,-0.09940719382,0.1072592451,0.09040106564,0.008318503221,0.1479845164,0.09417216609,-0.08786948094,0.008358205857,0.02197551917,0.008358205857,0,0.07,0.175,0.085,0
6.67,0.4676605541,-0.1368780684,-0.3120387736,0.01763608055,-0.1494381325,0.9887710779,0.06994284734,0.9975510003,-0.5,0,1.213484758,1.649336143,-1.277037107,1.088514145,-0.3620314979,0.4226561906,0.3206000845,-1.17074161,1.591334895,1.387492535,1.344729109,-0.3933686301,-0.02588018611,-0.2822243578,0.1152008374,0,-0.2083989261,0.2544574287,0.3828462046,-0.289832104,-0.1143197118,-0.1003266517,0.1084906544,0.09106588257,0.008451600043,0.1495069983,0.09523815691,-0.08847026944,0.008360492368,0.0223201123,0.008360492368,0,0.07,0.17,0.085,0
6.68,0.4645243774,-0.1367006053,-0.3151909365,0.0178562822,-0.1543800993,0.9880115308,0.06994284734,0.9975510003,0,0,1.214636766,1.649336143,-1.279121096,1.091058719,-0.3582030358,0.4197578696,0.3194568874,-1.171744876,1.592419802,1.388403194,1.344813625,-0.3918735602,-0.02492780454,-0.2831090605,0.1157708503,0,-0.2091853893,0.2568410012,0.3853441859,-0.2920267461,-0.116259222,-0.101230064,0.109714294,0.09171330324,0.008581054124,0.1510142757,0.09629791155,-0.08905304813,0.008362792102,0.02266877575,0.008362792102,0,0.07,0.175,0.085,0
6.69,0.4613568492,-0.1365209479,-0.3183089432,0.01807493292,-0.1543800993,0.9880115308,0.06994284734,0.9975510003,-0.5,0,1.215794475,1.649336143,-1.28121295,1.093627129,-0.354349594,0.4168376021,0.3182942952,-1.172757177,1.593516945,1.389320327,1.344899436,-0.3903634174,-0.02396482542,-0.283999591,0.1163182223,0,-0.209968032,0.2591873748,0.3878094378,-0.2941790088,-0.118236203,-0.1021172187,0.1109297788,0.09234309861,0.00870696361,0.1525059097,0.09735102427,-0.08961756674,0.008365104348,0.02302148765,0.008365104348,0,0.07,0.17,0.08,0
6.7,0.4581583155,-0.136339112,-0.321391864,0.01829199048,-0.1593182066,0.9872272834,0.06994284734,0.9975510003,-0.5,0,1.216957657,1.649336143,-1.283312631,1.096219003,-0.3504714996,0.4138958121,0.3171119331,-1.173778349,1.594626243,1.390243758,1.344986506,-0.3888383583,-0.02299131518,-0.2848957667,0.1168313025,0,-0.2106745067,0.2614959948,0.3901916246,-0.2962720472,-0.1202022444,-0.1029879145,0.1121367254,0.09295505075,0.008829431018,0.1539814685,0.09839708878,-0.09016358654,0.008367428665,0.02337822485,0.008367428665,0,0.07,0.17,0.08,0
6.71,0.4549291319,-0.1361551136,-0.3244387841,0.01850741335,-0.164252331,0.9864183553,0.06994284734,0.9975510003,0,0,1.21812597,1.649336143,-1.285419376,1.098833963,-0.3465695833,0.4109330916,0.3159099107,-1.174808228,1.59574761,1.391173309,1.3450748,-0.3872985436,-0.02200734429,-0.2857974025,0.1173132386,0,-0.2113244795,0.2637663269,0.3925042487,-0.2983097163,-0.12216942,-0.1038419606,0.1133347517,0.09354895272,0.00894856316,0.1554405265,0.09943569845,-0.09069088036,0.008369764383,0.02373896289,0.008369764383,0,0.08,0.175,0.08,0
6.72,0.4516696628,-0.1359689693,-0.3274488036,0.01872116065,-0.164252331,0.9864183553,0.06994284734,0.9975510003,-0.5,0,1.219299102,1.649336143,-1.28753262,1.101471626,-0.3426445408,0.4079499944,0.3146882165,-1.175846648,1.596880957,1.392108798,1.345164286,-0.3857441384,-0.02101298731,-0.2867043114,0.1177662649,0,-0.2119321388,0.2659978564,0.394757074,-0.3002945412,-0.1241463047,-0.1046791768,0.1145234776,0.09412460862,0.009064471064,0.156882665,0.1004664464,-0.09119923269,0.008372110889,0.02410367602,0.008372110889,0,0.08,0.17,0.075,0
6.73,0.4483802818,-0.1357806961,-0.3304210373,0.01893319221,-0.1691823491,0.9855847669,0.06994284734,0.9975510003,0,0,1.220476765,1.649336143,-1.289651942,1.104131605,-0.3386969701,0.404947049,0.3134467534,-1.17689344,1.598026192,1.393050044,1.34525493,-0.3841753117,-0.02000832284,-0.2876163037,0.118191053,0,-0.2125019065,0.2681900885,0.3969531115,-0.302226853,-0.1261350469,-0.1054993933,0.1157025245,0.09468183354,0.009177269885,0.158307472,0.1014889255,-0.09168843966,0.008374467617,0.0244723372,0.008374467617,0,0.08,0.17,0.075,0
6.74,0.445061371,-0.1355903113,-0.3333546153,0.01914346851,-0.1691823491,0.9855847669,0.06994284734,0.9975510003,-0.5,0,1.221658675,1.649336143,-1.291776961,1.106813506,-0.334727439,0.4019247805,0.312185403,-1.177948434,1.599183217,1.393996863,1.345346703,-0.382592237,-0.01899343359,-0.2885331881,0.1185871722,0,-0.2130311271,0.2703425479,0.3990904567,-0.3041054634,-0.1281330624,-0.1063024508,0.1168715158,0.0952204535,0.009287078812,0.1597145418,0.102502729,-0.09215830913,0.008376834009,0.02484491808,0.008376834009,0,0.085,0.17,0.075,0
6.75,0.4417133212,-0.1353978327,-0.3362486821,0.01935195072,-0.1741081376,0.9847265389,0.06994284734,0.9975510003,0,0,1.222844547,1.649336143,-1.293907272,1.109516931,-0.3307365344,0.3988837258,0.3109040724,-1.179011458,1.600351932,1.394949067,1.345439574,-0.3809950916,-0.0179684063,-0.2894547712,0.1189479074,0,-0.2134764456,0.2724547785,0.4011387422,-0.3059206708,-0.1301103314,-0.1070882004,0.1180300769,0.09574030541,0.009394020971,0.1611034755,0.10350745,-0.0926086607,0.008379209503,0.02522138904,0.008379209503,0,0.085,0.165,0.07,0
6.76,0.4383365318,-0.1352032784,-0.3391023976,0.01955860067,-0.1741081376,0.9847265389,0.06994284734,0.9975510003,-0.5,0,1.224034026,1.649336143,-1.296042037,1.112241479,-0.326725147,0.3958245191,0.309602969,-1.18008234,1.601532233,1.39590647,1.345533514,-0.3793840568,-0.0169333318,-0.2903808578,0.1192810855,0,-0.2138876263,0.2745263433,0.403132636,-0.3076826243,-0.1320992182,-0.1078565036,0.1191778352,0.09624123707,0.009498223322,0.1624738806,0.1045026822,-0.09303932573,0.008381593395,0.02560171917,0.008381593395,0.005,0.085,0.165,0.07,0
6.77,0.4349314105,-0.1350066669,-0.3419149361,0.0197633809,-0.1790295734,0.9838436928,0.06994284734,0.9975510003,-0.5,0,1.225226837,1.649336143,-1.298180913,1.114986742,-0.3226938206,0.3927476929,0.3082819769,-1.181160905,1.602724012,1.396868883,1.345628496,-0.377759318,-0.01588830498,-0.291311251,0.1195875981,0,-0.2142703524,0.2765568244,0.4050761098,-0.309391923,-0.1341027163,-0.1086072323,0.1203144204,0.09672310702,0.009599816549,0.1638253711,0.1054880195,-0.0934501474,0.008383985142,0.02598587626,0.008383985142,0,0.09,0.17,0.07,0
6.78,0.4314983731,-0.1348080171,-0.3446854871,0.01996625458,-0.1839465335,0.9829362506,0.06994284734,0.9975510003,0,0,1.226422713,1.649336143,-1.300323616,1.117752311,-0.3186430595,0.3896537737,0.3069409497,-1.182246978,1.603927156,1.397836114,1.345724494,-0.3761210643,-0.01483342478,-0.2922457525,0.119860651,0,-0.2145800425,0.2785458223,0.406937892,-0.3110388515,-0.1360897352,-0.1093402683,0.1214394642,0.09718578458,0.009698934946,0.1651575675,0.106463057,-0.09384098067,0.008386384214,0.02637382685,0.008386384214,0,0.09,0.17,0.065,0
6.79,0.4280378434,-0.1346073483,-0.347413255,0.0201671856,-0.1839465335,0.9829362506,0.06994284734,0.9975510003,0,0,1.22762132,1.649336143,-1.302469417,1.120537769,-0.3145736806,0.3865433852,0.3055800523,-1.18334038,1.60514155,1.398807972,1.345821484,-0.3744694886,-0.01376879421,-0.2931841623,0.09599913066,-0.08794483443,-0.05649944534,0.2805568163,0.2975088658,-0.2805261449,-0.03029340257,-0.110055504,0.122552601,0.09762914969,0.0097957163,0.166470097,0.1074273901,-0.0942116923,0.008388789945,0.0267655191,0.008388789945,0,0.09,0.165,0.065,0
6.8,0.4245502532,-0.13440468,-0.3500974589,0.02036613849,-0.1839465335,0.9829362506,0.06994284734,0.9975510003,0,0,1.228581311,1.648456695,-1.303034411,1.123343337,-0.311598592,0.3837381237,0.3052771183,-1.184440935,1.606367076,1.399784263,1.345919441,-0.3728047876,-0.01269452031,-0.2941262792,0.07596493892,-0.1623934484,0.07576485175,0.2823980564,0.2058587686,-0.2557668496,0.05870358316,-0.1107528416,0.1236534676,0.09805309289,0.009890301767,0.1677625928,0.1083806156,-0.09456216089,0.008384311179,0.02716089566,0.008384311179,0.005,0.095,0.165,0.065,0.0008794483443
6.81,0.421036042,-0.1342000322,-0.3527373329,0.02056307848,-0.1839465335,0.9829362506,0.06994284734,0.9975510003,0,0,1.22934096,1.64683276,-1.302276763,1.126167318,-0.3095400043,0.3811804552,0.3058641542,-1.185548464,1.607603611,1.400764794,1.346018344,-0.3711271617,-0.01161071415,-0.2950719008,0.07604859027,-0.1636847101,0.07612062013,0.2842603941,0.2067557681,-0.2579478951,0.05814771722,-0.1114321935,0.1247417032,0.09845751521,0.009982835743,0.1690346948,0.1093223315,-0.09489227682,0.008374119922,0.02755995761,0.008374119922,0.005,0.095,0.16,0.06,0.002503382829
6.82,0.4174956568,-0.1339934253,-0.355332126,0.02075797147,-0.1839465335,0.9829362506,0.06994284734,0.9975510003,0,0,1.230101446,1.645195913,-1.301515557,1.129009922,-0.3074724466,0.3786009763,0.3064456313,-1.186662786,1.608851028,1.401749369,1.346118172,-0.3694368148,-0.01051749084,-0.2960208236,0.07611095334,-0.1649562373,0.07646474967,0.286079834,0.2076162202,-0.2600991243,0.05756651295,-0.1120934818,0.1258169501,0.09884232809,0.01007346574,0.1702860491,0.1102521372,-0.09520194227,0.008363985455,0.02796266643,0.008363985455,0.01,0.095,0.155,0.06,0.00414022993
6.83,0.4139295522,-0.1337848798,-0.3578811021,0.02095078402,-0.1839465335,0.9829362506,0.06994284734,0.9975510003,0,0,1.230862556,1.643546351,-1.300750909,1.13187072,-0.3053962844,0.375999985,0.3070212965,-1.187783721,1.610109198,1.402737792,1.346218907,-0.3677339543,-0.009414969466,-0.296972843,0.07615214959,-0.1662076494,0.07679727141,0.2878560668,0.2084401376,-0.2622198947,0.05696039017,-0.1127366386,0.1268788532,0.09920745328,0.01016234222,0.1715163083,0.1111696336,-0.09549107119,0.00835391231,0.02836898234,0.00835391231,0.015,0.1,0.155,0.06,0.005789792303
6.84,0.4103381899,-0.1335744166,-0.3603835399,0.02114148341,-0.1839465335,0.9829362506,0.06994284734,0.9975510003,0,0,1.231624077,1.641884274,-1.299982936,1.134749281,-0.303311883,0.3733777861,0.3075909004,-1.188911087,1.611377986,1.403729867,1.34632053,-0.3660187912,-0.00830327313,-0.2979277537,0.07617231349,-0.1674385713,0.0771182205,0.2895888008,0.2092275508,-0.2643095728,0.05632978473,-0.1133616056,0.1279270603,0.09955282275,0.01024961852,0.1727251314,0.1120744235,-0.09575958928,0.008343905003,0.02877886432,0.008343905003,0.015,0.1,0.15,0.055,0.007451868797
6.85,0.4067220388,-0.1333620572,-0.3628387332,0.02133003754,-0.1839465335,0.9829362506,0.06994284734,0.9975510003,0,0,1.2323858,1.640209889,-1.299211754,1.137645169,-0.3012196075,0.3707346903,0.3081541982,-1.190044703,1.612657257,1.404725395,1.346423027,-0.3642915399,-0.007182528895,-0.2988853496,0.07617159232,-0.1686486335,0.07742763597,0.2912777616,0.2099785073,-0.2663675339,0.05567514795,-0.1139683344,0.1289612225,0.09987837858,0.01033545063,0.1739121833,0.1129661119,-0.09600743396,0.008333968035,0.02919227011,0.008333968035,0.02,0.1,0.145,0.055,0.00912625451
6.86,0.403081575,-0.1331478231,-0.3652459904,0.02151641502,-0.1839465335,0.9829362506,0.06994284734,0.9975510003,0,0,1.233147516,1.638523402,-1.298437478,1.140557946,-0.2991198224,0.368071015,0.3087109497,-1.191184386,1.613946869,1.405724179,1.346526381,-0.3625524181,-0.006052867776,-0.299845424,0.07615014598,-0.1698374721,0.07772556053,0.2929226914,0.2106930715,-0.2683931622,0.05499694609,-0.1145567857,0.1299809941,0.1001840728,0.01041999709,0.1750771356,0.1138443057,-0.0962345543,0.008324105883,0.02960915622,0.008324105883,0.02,0.105,0.145,0.055,0.01081274084
6.87,0.3994172811,-0.1329317363,-0.367604635,0.02170058513,-0.1839465335,0.9829362506,0.06994284734,0.9975510003,0,0,1.233909018,1.636825028,-1.297660222,1.143487173,-0.2970128917,0.3653870834,0.3092609191,-1.192329954,1.615246679,1.40672602,1.346630581,-0.3608016467,-0.004914424718,-0.3008077695,0.07610814678,-0.1710047292,0.07801204032,0.2945233494,0.2113713235,-0.270385851,0.05429565979,-0.1151269299,0.1309860324,0.1004698674,0.01050341884,0.176219666,0.1147086146,-0.09644091101,0.008314323003,0.03002947793,0.008314323003,0.025,0.105,0.14,0.05,0.01251111557
6.88,0.3957296465,-0.1327138189,-0.3699140053,0.02188251784,-0.1839465335,0.9829362506,0.06994284734,0.9975510003,0,0,1.234670099,1.63511498,-1.296880102,1.146432407,-0.2948991785,0.3626832249,0.3098038757,-1.193481223,1.616556539,1.407730718,1.346735615,-0.35903945,-0.003767338573,-0.3017721786,0.07604577923,-0.1721500526,0.07828712472,0.2960795112,0.2120133592,-0.2723450029,0.05357178349,-0.1156787465,0.1319759986,0.100735734,0.01058587906,0.1773394582,0.1155586505,-0.09662647637,0.00830462382,0.03045318933,0.00830462382,0.03,0.11,0.135,0.05,0.01422116286
6.89,0.3920191674,-0.1324940935,-0.3721734546,0.02206218376,-0.1839465335,0.9829362506,0.06994284734,0.9975510003,0,0,1.235430557,1.63339348,-1.29609723,1.149393202,-0.2927790449,0.3599597748,0.3103395936,-1.194638011,1.617876299,1.408738076,1.346841474,-0.3572660555,-0.002611752067,-0.3027384434,0.07596323986,-0.1732730961,0.07855086612,0.2975909687,0.2126192894,-0.2742700299,0.05282582496,-0.1162122243,0.1329505572,0.100981654,0.01066754299,0.1784362025,0.1163940287,-0.09679123417,0.008295012731,0.03088024328,0.008295012731,0.03,0.11,0.135,0.045,0.01594266338
6.9,0.388286346,-0.1322725829,-0.3743823509,0.0222395542,-0.1839465335,0.9829362506,0.06994284734,0.9975510003,0,0,1.236190189,1.631660749,-1.295311722,1.152369111,-0.290652852,0.3572170745,0.3108678518,-1.195800133,1.619205805,1.409747892,1.346948149,-0.3554816934,-0.00144781178,-0.3037063557,0.07586073695,-0.1743735194,0.0788033197,0.2990575298,0.2131892393,-0.2761603534,0.05205830468,-0.1167273609,0.1339093764,0.1012076182,0.01074857782,0.179509595,0.1172143671,-0.09693517964,0.008285494096,0.03131059147,0.008285494096,0.035,0.11,0.13,0.045,0.01767539434
6.91,0.3845316909,-0.1320493102,-0.3765400773,0.02241460116,-0.1839465335,0.9829362506,0.06994284734,0.9975510003,0,0,1.236948797,1.629917014,-1.294523689,1.155359687,-0.2885209596,0.354455471,0.3113884349,-1.196967407,1.620544899,1.410759968,1.347055635,-0.3536865975,-0.000275668109,-0.3046757075,0.07573849036,-0.1754509885,0.07904454326,0.3004790183,0.213723348,-0.2780154046,0.05126975532,-0.1172241631,0.1348521284,0.1014136266,0.01082915249,0.1805593381,0.1180192872,-0.09705831938,0.00827607224,0.03174418439,0.00827607224,0.035,0.115,0.125,0.045,0.01941912954
6.92,0.380755717,-0.1318242987,-0.3786460317,0.02258729729,-0.1839465335,0.9829362506,0.06994284734,0.9975510003,0,0,1.237706182,1.628162504,-1.293733243,1.158364477,-0.2863837261,0.351675317,0.3119011324,-1.198139648,1.62189342,1.411774105,1.347163927,-0.3518810041,0.0009045247633,-0.3056462907,0.07559673127,-0.1765051753,0.07927459698,0.3018552735,0.214221768,-0.2798346247,0.0504607212,-0.117702646,0.135778489,0.1015996887,0.01090943751,0.1815851403,0.118808414,-0.09716067127,0.008266751446,0.03218097137,0.008266751446,0.04,0.115,0.12,0.04,0.02117363942
6.93,0.3769589448,-0.1315975721,-0.3806996269,0.02275761592,-0.1839465335,0.9829362506,0.06994284734,0.9975510003,0,0,1.238462149,1.626397452,-1.292940497,1.16138303,-0.2842415084,0.3488769707,0.3124057396,-1.199316675,1.623251205,1.412790102,1.347273021,-0.3500651527,0.002092608903,-0.3066178974,0.07543570199,-0.1775357583,0.07949354323,0.3031861504,0.2146846643,-0.2816174644,0.04963175774,-0.1181628336,0.1366881384,0.1017658228,0.01098960487,0.1825867163,0.119581376,-0.0972422644,0.008257535953,0.03262090056,0.008257535953,0.045,0.115,0.12,0.04,0.02293869118
6.94,0.3731419009,-0.1313691544,-0.3827002904,0.02292553108,-0.1839465335,0.9829362506,0.06994284734,0.9975510003,0,0,1.239216506,1.624622094,-1.292145562,1.164414891,-0.2820946618,0.3460607961,0.3129020572,-1.200498303,1.624618086,1.41380776,1.347382917,-0.3482392855,0.003288422663,-0.3075903201,0.07525565568,-0.178542422,0.0797014464,0.3044715188,0.2151122145,-0.2833633849,0.04878343093,-0.1186047583,0.1375807609,0.1019120564,0.01106982778,0.1835637867,0.120337806,-0.09730313894,0.008248429953,0.033063919,0.008248429953,0.045,0.12,0.115,0.035,0.02471404876
6.95,0.3693051173,-0.1311390696,-0.384647465,0.02309101744,-0.1839465335,0.9829362506,0.06994284734,0.9975510003,0,0,1.239969062,1.62283667,-1.291348547,1.167459606,-0.2799435397,0.3432271622,0.3133898915,-1.201684351,1.625993894,1.41482688,1.347493615,-0.3464036477,0.004491800723,-0.3085633515,0.07505685617,-0.1795248575,0.07989837268,0.3057112636,0.2155046076,-0.2850718574,0.04791631681,-0.1190284606,0.1384560451,0.1020384254,0.01115028057,0.1845160781,0.1210773406,-0.09734334608,0.008239437588,0.03350997255,0.008239437588,0.05,0.12,0.11,0.035,0.02334224938
6.96,0.3654491317,-0.1309073422,-0.3865406081,0.02325405038,-0.1839465335,0.9829362506,0.06994284734,0.9975510003,0,0,1.240719631,1.621041422,-1.290549564,1.170516719,-0.2777884936,0.3403764436,0.3138690547,-1.202874635,1.627378454,1.415847265,1.347605118,-0.3445584869,0.005702574129,-0.3095367849,0.07483957769,-0.1804827626,0.08008438986,0.3069052845,0.2158620439,-0.2867423635,0.04703100091,-0.1194339893,0.1393136839,0.1021449745,0.01123113847,0.1854433232,0.1217996213,-0.09736294789,0.008230562943,0.03395900598,0.008230562943,0.05,0.12,0.11,0.035,0.02195768893
6.97,0.361574487,-0.1306739969,-0.388379192,0.02341460592,-0.1839465335,0.9829362506,0.06994284734,0.9975510003,0,0,1.241468027,1.619236594,-1.28974872,1.173585772,-0.2756298731,0.33750902,0.3143393647,-1.204068975,1.628771591,1.416868714,1.34771743,-0.3427040537,0.006920570342,-0.3105104144,0.07460410464,-0.1814158413,0.08025956719,0.3080534957,0.2161847341,-0.2883743954,0.04612807772,-0.1198214011,0.1401533749,0.1022317568,0.01131257749,0.1863452609,0.1225042938,-0.09736201721,0.008221810052,0.03441096294,0.008221810052,0.055,0.125,0.105,0.03,0.02056455209
6.98,0.3576817314,-0.1304390584,-0.3901627039,0.0235726608,-0.1839465335,0.9829362506,0.06994284734,0.9975510003,0,0,1.242214068,1.617422436,-1.288946124,1.176666307,-0.2734680258,0.3346252761,0.3148006455,-1.205267189,1.630173125,1.417891032,1.347830555,-0.340840601,0.00814561328,-0.3114840346,0.07435073134,-0.1823238048,0.08042397519,0.3091558258,0.216472899,-0.2899674556,0.04520815023,-0.1201907605,0.1409748203,0.1022988337,0.0113947742,0.1872216358,0.1231910088,-0.09734063752,0.008213182884,0.03486578597,0.008213182884,0.06,0.125,0.1,0.03,0.01916301834
6.99,0.3537714182,-0.1302025521,-0.3918906461,0.02372819241,-0.1839465335,0.9829362506,0.06994284734,0.9975510003,0,0,1.242957575,1.615599197,-1.288141884,1.179757865,-0.2713032968,0.3317256015,0.315252727,-1.206469097,1.631582873,1.41891402,1.347944503,-0.3389683847,0.009377523368,-0.312457441,0.07407976179,-0.1832063706,0.08057768545,0.3102122173,0.2167267691,-0.2915210578,0.04427182934,-0.1205421395,0.1417777272,0.1023462746,0.01147790557,0.1880721985,0.123859422,-0.09729890284,0.008204685348,0.03532341657,0.008204685348,0.06,0.13,0.1,0.03,0.01775327014
7,0.3498441054,-0.1299645031,-0.3935625354,0.0238811788,-0.1839465335,0.9829362506,0.06994284734,0.9975510003,0,0,1.243698373,1.613767134,-1.287336107,1.182859987,-0.2691360291,0.3288103909,0.3156954453,-1.207674518,1.63300065,1.419937483,1.348059282,-0.3370876627,0.01061611759,-0.31343043,0.07379150944,-0.1840632634,0.08072077047,0.3112226268,0.2169465837,-0.293034726,0.0433197334,-0.1208756177,0.1425618075,0.1023741569,0.01156214883,0.1888967056,0.1245091947,-0.09723691755,0.008196321286,0.03578166437,0.008196321286,0.065,0.13,0.095,0.025,0.01633549287
7.01,0.3459003559,-0.129724937,-0.395177904,0.02403159874,-0.1839465335,0.9829362506,0.06994284734,0.9975510003,0,0,1.244436288,1.611926501,-1.2865289,1.185972213,-0.2669665633,0.3258800437,0.3161286426,-1.208883274,1.634426268,1.420961225,1.348174904,-0.3351986956,0.01186120953,-0.3144027992,0.0734862969,-0.1848942149,0.08085330353,0.3121870244,0.2171325907,-0.2945079957,0.04235248769,-0.1211912818,0.143326778,0.1023825656,0.01164768124,0.1896949196,0.1251399932,-0.09715479628,0.008188094469,0.03622675306,0.008188094469,0.07,0.13,0.09,0.025,0.01490987479
7.02,0.3419407372,-0.1294838797,-0.3967362985,0.02417943164,-0.1839465335,0.9829362506,0.06994284734,0.9975510003,0,0,1.245171151,1.610077559,-1.285720367,1.189094084,-0.2647952374,0.3229349637,0.3165521675,-1.210095187,1.635859536,1.42198505,1.34829138,-0.3333017464,0.01311260947,-0.3153743471,0.07316445572,-0.1856989636,0.08097535846,0.3131053939,0.2172850457,-0.2959404133,0.04137072392,-0.1214892259,0.144072361,0.1023715935,0.01173467997,0.1904666088,0.1257514899,-0.09705266374,0.0081800086,0.03667438885,0.0081800086,0.07,0.135,0.09,0.02,0.01347660701
7.03,0.3379658213,-0.1292413571,-0.3982372806,0.02432465759,-0.1839465335,0.9829362506,0.06994284734,0.9975510003,0,0,1.245902795,1.608220569,-1.284910613,1.192225138,-0.2626223869,0.3199755596,0.3169658747,-1.21131008,1.63730026,1.423008766,1.348408727,-0.3313970804,0.01437012437,-0.3163448738,0.07282632615,-0.1864772554,0.08108700956,0.3139777323,0.2174042121,-0.2973315362,0.04037507976,-0.1217695506,0.1447982836,0.1023413405,0.01182332189,0.1912115476,0.1263433631,-0.09693065459,0.008172067305,0.03712451171,0.008172067305,0.075,0.135,0.085,0.02,0.0120358834
7.04,0.3339761844,-0.1289973953,-0.399680427,0.02446725738,-0.1839465335,0.9829362506,0.06994284734,0.9975510003,0,0,1.246631059,1.606355797,-1.284099743,1.195364915,-0.2604483448,0.3170022442,0.3173696255,-1.212527775,1.638748243,1.42403218,1.348526961,-0.3294849649,0.015633558,-0.3173141803,0.07247225682,-0.1872288435,0.08118833137,0.3148040495,0.21749036,-0.2986809334,0.03936619832,-0.1220323635,0.1455042786,0.102291914,0.01191378342,0.1919295161,0.1269152971,-0.09678891323,0.008164274131,0.03757706059,0.008164274131,0.075,0.14,0.08,0.02,0.01058790057
7.05,0.3299724069,-0.1287520208,-0.4010653291,0.02460721246,-0.1839465335,0.9829362506,0.06994284734,0.9975510003,0,0,1.247355781,1.604483508,-1.28328786,1.198512955,-0.2582734412,0.3140154349,0.3177632875,-1.213748099,1.640203285,1.425055099,1.348646098,-0.3275656697,0.01690271097,-0.3182820694,0.07210260457,-0.1879534881,0.0812793986,0.3155843687,0.2175437661,-0.2999881854,0.0383447277,-0.1222777786,0.1461900841,0.1022234281,0.01200624034,0.1926203002,0.1274669825,-0.09662759368,0.008156632547,0.0380319735,0.008156632547,0.08,0.14,0.075,0.015,0.009132857781
7.06,0.3259550733,-0.1285052599,-0.4023915933,0.02474450494,-0.1839465335,0.9829362506,0.06994284734,0.9975510003,0,0,1.248076807,1.602603973,-1.282475066,1.201668799,-0.2560980035,0.311015553,0.3181467348,-1.214970876,1.641665186,1.426077333,1.348766161,-0.3256394667,0.01817738079,-0.3192483454,0.0717177341,-0.1886509571,0.08136028591,0.3163187253,0.217564713,-0.301252884,0.0373113205,-0.1225059163,0.1468554437,0.1021360039,0.01210086764,0.1932836917,0.1279981168,-0.09644685939,0.008149145937,0.03828874039,0.008149145937,0.085,0.14,0.075,0.015,0.007670956941
7.07,0.3219247717,-0.1282571396,-0.4036588409,0.02487911764,-0.1839465335,0.9829362506,0.06994284734,0.9975510003,0,0,1.248793985,1.600717464,-1.281661463,1.204831986,-0.2539223564,0.3080030242,0.318519848,-1.216195936,1.643133741,1.427098693,1.348887169,-0.3237066298,0.01945736196,-0.320212814,0.07131801779,-0.1893210259,0.08143106784,0.3170071676,0.2175534889,-0.3024746328,0.03626663339,-0.1227169032,0.1475001069,0.1020297692,0.01219783933,0.1939194884,0.128508404,-0.09624688303,0.008141817601,0.03828921723,0.008141817601,0.085,0.145,0.07,0.01,0.006202402504
7.08,0.3178820944,-0.1280076866,-0.404866708,0.02501103402,-0.1839465335,0.9829362506,0.06994284734,0.9975510003,0,0,1.249507165,1.598824254,-1.280847152,1.208002058,-0.2517468215,0.3049782779,0.3188825143,-1.217423105,1.644608742,1.428118991,1.349009148,-0.3217674349,0.020742446,-0.3211752828,0.07381351277,-0.1802405548,0.06527958836,0.3176497577,0.2292184621,-0.306535971,0.02336190545,-0.1229108717,0.1481238287,0.1019048581,0.0122973283,0.1945274935,0.128997555,-0.09602784634,0.008134650748,0.03828969543,0.008134650748,0.09,0.145,0.065,0.01,0.004727401435
7.09,0.3138276367,-0.127756928,-0.4060148457,0.02514023826,-0.1839465335,0.9829362506,0.06994284734,0.9975510003,0.5,0,1.2502453,1.597021848,-1.280194356,1.211178556,-0.2494546369,0.3019129181,0.3191161334,-1.218652213,1.64608998,1.429138039,1.349132121,-0.31982216,0.02203242155,-0.3221355613,0.05362187519,-0.246674994,0.1748919783,0.3182428727,0.1499589404,-0.2882469799,0.1025074781,-0.12308796,0.1487263701,0.101761411,0.01239950613,0.1951075165,0.1294652881,-0.09578993992,0.008128130565,0.03829017491,0.008128130565,0.09,0.15,0.065,0.005,0.003246163149
7.1,0.3097619977,-0.1275048909,-0.4071029199,0.02526671517,-0.1790295734,0.9838436928,0.06994284734,0.9975510003,0.5,0,1.250781519,1.594555098,-1.278445436,1.214360984,-0.2479550475,0.2990304483,0.3201412082,-1.219883093,1.647577244,1.430155653,1.349256116,-0.3178710848,0.02332707443,-0.3230934607,0.05259168148,-0.2486916965,0.176852946,0.3187940537,0.1483126927,-0.2891460179,0.103165388,-0.1232483121,0.1493074981,0.1015995744,0.01250454293,0.1956593723,0.1299113287,-0.09553336305,0.008118570823,0.03829065562,0.008118570823,0.095,0.15,0.06,0.005,0.001758899448
7.11,0.3056857796,-0.1272516028,-0.4081306115,0.02539045026,-0.1741081376,0.9847265389,0.06994284734,0.9975510003,0.5,0,1.251307435,1.592068181,-1.276676907,1.217548925,-0.2464719206,0.2961389882,0.321172862,-1.221115576,1.649070319,1.431171649,1.349381162,-0.3159144911,0.02462618772,-0.3240487943,0.05153359616,-0.2507010409,0.1788267244,0.3192996352,0.1466118602,-0.2900015905,0.1038409273,-0.1060321413,0.0265824467,-0.07184139996,0.01260050838,0.3524057247,0.08626498148,-0.2314116658,0.008109251034,0.03829113749,0.008109251034,0.1,0.15,0.055,0.005,0.000265824467
7.12,0.3015995877,-0.1269970911,-0.4090976161,0.02551142973,-0.1691823491,0.9855847669,0.06994284734,0.9975510003,0.5,0,1.251822771,1.589561171,-1.27488864,1.220741921,-0.245005802,0.2932389723,0.3222112713,-1.222175898,1.649336143,1.430453235,1.349507167,-0.3123904339,0.02548883753,-0.326362911,0.05044048331,-0.2527265908,0.1808527579,0.3197597251,0.1448281025,-0.2908064337,0.1045638246,-0.1023237062,0,-0.1101874571,0.0127238739,0.3869925986,0.07782116368,-0.2614455645,0.008100179589,0.03829155249,0.008100179589,0.105,0.155,0.05,0,0
7.13,0.2975040305,-0.1267413834,-0.4100036443,0.02562964042,-0.164252331,0.9864183553,0.06994284734,0.9975510003,0.5,-0.5,1.252327176,1.587033905,-1.273080112,1.223939518,-0.2435575209,0.2903309079,0.3232569096,-1.223199135,1.649336143,1.429351361,1.349634405,-0.3085205079,0.02626704917,-0.3289773666,0.04931269678,-0.2547669072,0.1829288355,0.3201744424,0.1429631766,-0.2915606859,0.1053333375,-0.1023420553,0,-0.1110602997,0.01283849117,0.3877108473,0.07898948489,-0.2620370567,0.008091363876,0.03829195334,0.008091363876,0.105,0.155,0.045,0,0
7.14,0.293399719,-0.1264845075,-0.4108484218,0.02574506988,-0.1593182066,0.9872272834,0.06495423883,0.9978882437,0.5,0,1.252820303,1.584486236,-1.271250824,1.227141263,-0.2421278892,0.2874153011,0.3243102429,-1.224222555,1.649336143,1.428240758,1.34976279,-0.3046433994,0.02705694402,-0.3315977372,0.04815816874,-0.2567962054,0.1850127201,0.3205439175,0.1410479375,-0.2922714672,0.1061190481,-0.1023474093,0,-0.1118934538,0.01295663001,0.3883423898,0.08015805012,-0.2625652122,0.008082811506,0.03829235463,0.008082811506,0.11,0.155,0.04,0,0
7.15,0.2892872671,-0.1262264913,-0.4116316888,0.02585770631,-0.1543800993,0.9880115308,0.06495423883,0.9978882437,0.5,-0.5,1.253301885,1.581918274,-1.269400697,1.230346702,-0.2407174098,0.2844925864,0.3253714334,-1.225246029,1.649336143,1.427121823,1.349892357,-0.3007599755,0.02785852452,-0.3342233893,0.04696664914,-0.2588476304,0.1871593939,0.3208682918,0.1390426935,-0.2929288729,0.1069623603,-0.1023356033,0,-0.1127290084,0.01307845078,0.3889253084,0.08131552504,-0.263063339,0.008074531319,0.03829275632,0.008074531319,0.115,0.155,0.04,0,0
7.16,0.2851672911,-0.1259673628,-0.4123532007,0.02596753861,-0.1494381325,0.9887710779,0.05996400648,0.9982005399,0.5,0,1.253771551,1.579329797,-1.267529103,1.233555385,-0.2393269829,0.2815632977,0.326441057,-1.226269385,1.649336143,1.425994533,1.350023141,-0.2968707224,0.02867167977,-0.3368540227,0.04574908259,-0.2608859576,0.1893112389,0.3211477175,0.1369895384,-0.2935426791,0.1078213428,-0.1023082346,0,-0.1135524995,0.0132041115,0.3894467463,0.08246471311,-0.2635202299,0.008066530844,0.03829315832,0.008066530844,0.12,0.155,0.035,0,0
7.17,0.2810404097,-0.1257071499,-0.4130127276,0.02607455634,-0.1444924297,0.9895059059,0.05996400648,0.9982005399,0.5,0,1.254229042,1.576720938,-1.26563599,1.236766862,-0.2379570875,0.2786278709,0.3275192704,-1.227292468,1.649336143,1.424859008,1.350155182,-0.2929762549,0.0294963269,-0.339489225,0.04449752702,-0.2629366636,0.1915105029,0.3213823574,0.1348580029,-0.2941052407,0.1087280489,-0.1022682653,0,-0.1143371626,0.01333376768,0.3898828632,0.08361110144,-0.263914864,0.00805881917,0.03829356059,0.00805881917,0.125,0.155,0.03,0,0
7.18,0.2769072439,-0.1254458811,-0.4136100547,0.02617874973,-0.1395431146,0.9902159962,0.05996400648,0.9982005399,0.5,-0.5,1.254674018,1.574091571,-1.263720885,1.239980686,-0.2366085075,0.2756868185,0.3286065509,-1.22831515,1.649336143,1.423715636,1.35028852,-0.2890774263,0.03033243792,-0.3421283736,0.04321234251,-0.2649983728,0.1937551864,0.321572385,0.1326497495,-0.2946166541,0.1096818012,-0.1022101693,0,-0.1151370154,0.01346757201,0.3902824157,0.08474098414,-0.2642902155,0.008051404442,0.03829396306,0.008051404442,0.125,0.155,0.025,0,0
7.19,0.2727684166,-0.1251835844,-0.4141449818,0.02628010971,-0.134590311,0.9909013312,0.05497227503,0.9984878812,0.5,0,1.255106141,1.571441588,-1.261783333,1.24319641,-0.23528201,0.2727406519,0.3297033689,-1.229337252,1.649336143,1.422564266,1.350423196,-0.2851746022,0.03117984776,-0.3447712758,0.041901865,-0.2670449196,0.1960029511,0.3217179837,0.1303959185,-0.2950839498,0.110651691,-0.1021407165,0,-0.1158894939,0.01360567455,0.3905894594,0.08586824399,-0.2645969027,0.008044295006,0.03829436567,0.008044295006,0.13,0.155,0.02,0,0
7.2,0.2686245529,-0.1249202883,-0.4146173238,0.02637862787,-0.1296341426,0.9915618937,0.05497227503,0.9984878812,0.5,-0.5,1.25552516,1.568771138,-1.259823304,1.246413589,-0.2339780508,0.2697898124,0.3308098859,-1.230358659,1.649336143,1.421405371,1.350559252,-0.2812687076,0.0320385302,-0.3474172448,0.04055534845,-0.2691099738,0.1983091401,0.3218193476,0.1280564006,-0.2954973022,0.1116797578,-0.1020534256,0,-0.1166569631,0.01374822222,0.3908602144,0.08697752017,-0.2648846579,0.008037500238,0.03829476838,0.008037500238,0.135,0.155,0.015,0,0
7.21,0.2644762793,-0.1246560213,-0.4150269104,0.02647429648,-0.1246747334,0.9921976672,0.04997916927,0.9987502604,0.5,0,1.255930713,1.566080039,-1.257840213,1.249631783,-0.2326974868,0.2668348394,0.3319266834,-1.231379193,1.649336143,1.420238802,1.350696735,-0.2773601054,0.0329083054,-0.3500660914,0.03918435327,-0.2711575956,0.2006156433,0.3218766803,0.1256739211,-0.2958664268,0.1127231596,-0.1019551321,0,-0.1173773243,0.01389535902,0.3910392698,0.088082219,-0.2651043675,0.007766063627,0.0382951711,0.007766063627,0.14,0.155,0.01,0,0
7.22,0.2603242244,-0.1243908119,-0.4153735864,0.02656710848,-0.1197122073,0.9928086359,0.04997916927,0.9987502604,0.5,-0.5,1.256322557,1.563368463,-1.255834056,1.25285055,-0.2314407476,0.2638761751,0.333053915,-1.232398745,1.649336143,1.419065028,1.350835688,-0.2734497127,0.03378912759,-0.3527171351,0.0377805047,-0.2732138148,0.2029652536,0.3218901955,0.1232175066,-0.2961836894,0.1138146147,-0.101840721,0,-0.1180996285,0.01404722561,0.3911708813,0.08917031112,-0.2652953065,0.006908376481,0.0382955738,0.006908376481,0.14,0.155,0.005,0,0
7.23,0.2561690178,-0.1241246887,-0.4156572112,0.02665705749,-0.1147466884,0.9933947843,0.04498481404,0.9989876708,0.5,0,1.256700362,1.560636324,-1.253804404,1.256069452,-0.2302085725,0.2609143382,0.3341920612,-1.233417152,1.649336143,1.417884032,1.35097616,-0.2695380039,0.0346808307,-0.3553700881,0.03634416353,-0.2752773199,0.205356179,0.3218601165,0.1206887291,-0.2964491423,0.1149535006,-0.1017125216,0,-0.1188038893,0.01420395939,0.3912374355,0.09024552696,-0.2654418574,0.006044064467,0.03829597641,0.006044064467,0.145,0.15,0.005,0,0
7.24,0.2520112907,-0.1238576803,-0.4158776591,0.02674413782,-0.1097783008,0.993956098,0.04498481404,0.9989876708,0,0,1.257063803,1.557883551,-1.251750842,1.259288053,-0.2290016852,0.2579498468,0.3353415962,-1.234434277,1.649336143,1.416695993,1.3511182,-0.2656256296,0.03558328597,-0.3580245067,0.1357421346,0.02836356629,-0.2847356742,0.3217890353,0.4799462234,-0.3796365123,-0.2567214939,-0.101572875,0,-0.1194708254,0.01436569434,0.3912220354,0.09131114681,-0.2655288778,0.005173118632,0.03829637887,0.005173118632,0.15,0.155,0,0,0
7.25,0.2478516755,-0.1235898155,-0.4160348197,0.02682834443,-0.1097783008,0.993956098,0.04498481404,0.9989876708,0,-0.5,1.258421225,1.558167187,-1.254598198,1.262505943,-0.224202223,0.2541534817,0.3327743812,-1.235450006,1.649336143,1.415501285,1.351261857,-0.2617134092,0.03649639744,-0.3606797955,0.1346732534,0.02833223743,-0.2826072834,0.3216723843,0.4787742726,-0.3781798741,-0.2577381543,-0.1014174386,0,-0.1201413174,0.01453256077,0.3911615585,0.09235746286,-0.2655893395,0.005293797702,0.03829678114,0.005293797702,0.15,0.155,0,0,0
7.26,0.2436908056,-0.123321123,-0.4161285969,0.02690967298,-0.1097783008,0.993956098,0.03998933419,0.9992001067,0,0,1.259767957,1.558450509,-1.257424271,1.265722667,-0.2194144802,0.250371683,0.3301969997,-1.23646418,1.649336143,1.414299872,1.351407183,-0.2578017936,0.03741997207,-0.3633356889,0.1335920598,0.02828930952,-0.2804445302,0.3215128636,0.4775467166,-0.3766704375,-0.2587060746,-0.1012508984,0,-0.120775123,0.01470468547,0.3910204121,0.0933922808,-0.2655913655,0.005414946109,0.03829718315,0.005414946109,0.15,0.155,0,0,0
7.27,0.2395293152,-0.1230516317,-0.41615891,0.02698811978,-0.1097783008,0.993956098,0.03998933419,0.9992001067,0,-0.5,1.261103878,1.558733402,-1.260228717,1.268937796,-0.2146390131,0.2466049786,0.327609939,-1.237476689,1.649336143,1.413092121,1.351554229,-0.2538915895,0.03835389488,-0.3659916025,0.1325076669,0.0282611072,-0.2782902908,0.3213107335,0.4762948406,-0.3751157888,-0.2596567182,-0.1010686314,0,-0.1214149979,0.01488219131,0.3908371107,0.0944057881,-0.2655695494,0.00553650741,0.03829758485,0.00553650741,0.145,0.155,0,0,0
7.28,0.2353678392,-0.1227813703,-0.4161256929,0.02706368186,-0.1097783008,0.993956098,0.0349928546,0.9993875625,0,0,1.262428954,1.559016013,-1.26301162,1.272150903,-0.2098760647,0.2428538207,0.3250133718,-1.238487376,1.649336143,1.411877971,1.351703051,-0.2499832184,0.03929795276,-0.368647298,0.1314120891,0.02822094058,-0.276102651,0.3210662631,0.4749873627,-0.3735097344,-0.2605570109,-0.1008788873,0,-0.1219903804,0.01506519747,0.3905491528,0.09541171249,-0.265467589,0.005658511339,0.03829798619,0.005658511339,0.145,0.155,0,0,0
7.29,0.2312070132,-0.1225103677,-0.4160288945,0.02713635687,-0.1097783008,0.993956098,0.0349928546,0.9993875625,0,-0.5,1.263743075,1.559298223,-1.265772646,1.275361566,-0.205126191,0.2391187233,0.3224078017,-1.239496164,1.649336143,1.410658067,1.351853703,-0.2460777269,0.04025206988,-0.3713019739,0.1303061729,0.02816914715,-0.2738831615,0.3207797301,0.473624959,-0.3718533497,-0.261406832,-0.1006715836,0,-0.1225913011,0.01525381896,0.3902371459,0.0963907889,-0.2653581443,0.005780900222,0.03829838713,0.005780900222,0.145,0.155,0,0,0
7.3,0.2270474733,-0.1222386528,-0.4158684785,0.02720614318,-0.1097783008,0.993956098,0.0299955002,0.9995500337,0,0,1.265046137,1.559579914,-1.268511478,1.278569363,-0.2003899414,0.2354001899,0.3197937333,-1.24050288,1.649336143,1.409432154,1.352006242,-0.2421753554,0.04121597777,-0.3739555553,0.1291988639,0.02813232418,-0.271674583,0.3204514208,0.4722390449,-0.3701538521,-0.2622379237,-0.1004557378,0,-0.1231411834,0.01544816695,0.3898333186,0.097357749,-0.2651800282,0.005903617338,0.03829878759,0.005903617338,0.145,0.15,0,0,0
7.31,0.2228898558,-0.1219662544,-0.4156444236,0.02727303982,-0.1097783008,0.993956098,0.0299955002,0.9995500337,0.5,0,1.266338126,1.559861238,-1.271228223,1.281773877,-0.195667551,0.2316986513,0.3171713541,-1.241507438,1.649336143,1.408200742,1.352160723,-0.2382770222,0.04218955526,-0.3766073556,0.03102797815,-0.2863786672,0.2229536908,0.3200792063,0.1029020336,-0.2958838669,0.1183585461,-0.1002270454,0,-0.1236793479,0.01564834834,0.3893731032,0.09830383842,-0.2649652302,0.006026693391,0.03829918754,0.006026693391,0.145,0.155,0,0,0
7.32,0.218734797,-0.1216932016,-0.4153567233,0.02733704649,-0.1048071688,0.9944925627,0.0299955002,0.9995500337,0,-0.5,1.266648405,1.556997451,-1.268998687,1.284974669,-0.1946385307,0.2287398127,0.3183549396,-1.242509708,1.649336143,1.406963948,1.352317207,-0.2343832912,0.04317259365,-0.3792570079,0.1274961909,0.02677680583,-0.2671765719,0.3196706514,0.4684219752,-0.3681304548,-0.2625293853,-0.09998489587,0,-0.1242125691,0.01585446586,0.3888629217,0.09922708943,-0.2647196446,0.005114806996,0.03829958693,0.005114806996,0.145,0.155,0,0,0
7.33,0.2145829335,-0.1214195231,-0.4150053861,0.02739816358,-0.1048071688,0.9944925627,0.02499739591,0.9996875163,0,0,1.267923367,1.557265219,-1.271670452,1.288171376,-0.1899543109,0.2250585081,0.3157296457,-1.243509557,1.649336143,1.405721823,1.352475751,-0.230494662,0.04416486454,-0.3819042044,0.1263702852,0.02673388391,-0.2649202228,0.3192188145,0.4669011659,-0.3663000222,-0.2632383395,-0.09973484333,0,-0.1246959222,0.01606661805,0.3882633656,0.1001352859,-0.2644073855,0.005233178505,0.0382999857,0.005233178505,0.145,0.155,0,0,0
7.34,0.2104349014,-0.121145248,-0.4145904353,0.02745639215,-0.1048071688,0.9944925627,0.02499739591,0.9996875163,0,-0.5,1.26918707,1.557532558,-1.274319655,1.291363564,-0.1852852993,0.2213955079,0.3130972623,-1.244506905,1.649336143,1.404474864,1.352636418,-0.2266120283,0.0451662174,-0.3845482782,0.12523691,0.0266790329,-0.2626351849,0.3187264289,0.465326064,-0.3644230324,-0.2638937788,-0.09947458976,0,-0.1251512636,0.01628489898,0.3875943454,0.1010232934,-0.2640464535,0.005351839629,0.03830038382,0.005351839629,0.145,0.155,0,0,0
7.35,0.2062913367,-0.1208704049,-0.4141119091,0.02751173393,-0.1048071688,0.9944925627,0.01999866669,0.9998000067,0,0,1.270439439,1.557799348,-1.276946006,1.294550828,-0.1806320386,0.2177512776,0.3104583245,-1.245501651,1.649336143,1.403223351,1.352799267,-0.2227360849,0.04617645033,-0.3871887428,0.12409684,0.0266124718,-0.2603227399,0.3181938214,0.4636971434,-0.3625005657,-0.2644954951,-0.09919788888,0,-0.1256321118,0.0165093983,0.3869037007,0.1018806261,-0.2636806372,0.005470732897,0.03830078123,0.005470732897,0.145,0.155,0,0,0
7.36,0.2021528749,-0.1205950229,-0.4135698607,0.02756419133,-0.1048071688,0.9944925627,0.01999866669,0.9998000067,0,-0.5,1.271680408,1.558065473,-1.279549234,1.297732766,-0.1759950672,0.2141262719,0.3078133696,-1.24649363,1.649336143,1.40196703,1.352964361,-0.2188670478,0.04719525659,-0.3898255491,0.1229589635,0.02656177738,-0.2580261944,0.3176213263,0.4620466451,-0.360539298,-0.265076358,-0.0989172025,0,-0.1260373389,0.01674020141,0.3861024001,0.1027250222,-0.2632284466,0.005589801495,0.03830117788,0.005589801495,0.145,0.155,0,0,0
7.37,0.198020151,-0.1203191307,-0.4129643579,0.02761376744,-0.1048071688,0.9944925627,0.01499943751,0.9998875021,0,0,1.272909997,1.558331091,-1.282129496,1.30090898,-0.1713746007,0.2105208789,0.305162606,-1.247482802,1.649336143,1.400706656,1.353131763,-0.2150060238,0.04822250682,-0.3924578336,0.1218154454,0.02649901525,-0.2557030315,0.3170092856,0.4603421793,-0.3585340913,-0.2656020741,-0.09862422976,0,-0.1264377662,0.01697738894,0.3852536493,0.1035427583,-0.262747675,0.005709079749,0.03830157375,0.005709079749,0.145,0.15,0,0,0
7.38,0.193893799,-0.1200427571,-0.4122954838,0.02766046603,-0.1048071688,0.9944925627,0.01499943751,0.9998875021,0,-0.5,1.274128152,1.558596081,-1.284686526,1.304079072,-0.1667711789,0.206935538,0.3025065853,-1.248469045,1.649336143,1.399442279,1.353301536,-0.2111534874,0.0492579344,-0.3950853104,0.120667022,0.0264243431,-0.2533543995,0.3163580483,0.4585841245,-0.3564860301,-0.2660723936,-0.09831821523,0,-0.1268409467,0.01722103709,0.3843645645,0.1043320323,-0.2622449757,0.005828509865,0.03830196877,0.005828509865,0.14,0.155,0,0,0
7.39,0.1897744522,-0.1197659309,-0.4115633362,0.02770429153,-0.1048071688,0.9944925627,0.009999833334,0.9999500004,0,0,1.275334822,1.558860324,-1.28722007,1.307242653,-0.1621853377,0.2033706777,0.2998458613,-1.249452227,1.649336143,1.398173869,1.353473747,-0.2073098417,0.05030125472,-0.3977077601,0.1195225613,0.02636612147,-0.2510242766,0.3156679707,0.4568054706,-0.3544014964,-0.2665210922,-0.09800854699,0,-0.1271732497,0.01747121752,0.3833707056,0.1051047982,-0.2616609235,0.005948034542,0.0383023629,0.005948034542,0.14,0.15,0,0,0
7.4,0.1856627428,-0.1194886809,-0.4107680275,0.02774524907,-0.1048071688,0.9944925627,0.009999833334,0.9999500004,0.5,0,1.276530048,1.559123985,-1.289730313,1.310399333,-0.157617283,0.1998266628,0.2971806504,-1.250432312,1.649336143,1.396902137,1.353648459,-0.2034761347,0.0513523027,-0.4003243693,0.02450476737,-0.2988359683,0.243976463,0.3149370234,0.0792533438,-0.2922178578,0.1251300483,-0.09768521437,0,-0.1275173847,0.01772799711,0.3823455779,0.1058461377,-0.2610632433,0.006067690534,0.03830275612,0.006067690534,0.14,0.155,0,0,0
7.41,0.1815593018,-0.1192110355,-0.4099096856,0.02778334443,-0.09983341665,0.9950041653,0.009999833334,0.9999500004,0,-0.5,1.276775095,1.556135626,-1.287290548,1.313548703,-0.1568247495,0.1969044842,0.2984319509,-1.251409164,1.649336143,1.395626963,1.353825739,-0.1996526789,0.05241076408,-0.4029350018,0.1177425512,0.02499837353,-0.2463102158,0.3141727465,0.4521955176,-0.3516749323,-0.2660650283,-0.09735628278,0,-0.127810964,0.01799143822,0.3812347426,0.1065658802,-0.2604016055,0.005108974431,0.03830314837,0.005108974431,0.145,0.155,0,0,0
7.42,0.1774647587,-0.1189330235,-0.4089884527,0.02781858408,-0.09983341665,0.9950041653,0.004999979167,0.9999875,0,0,1.277952521,1.55638561,-1.28975365,1.31669043,-0.1523027944,0.1933877349,0.2957713006,-1.252382727,1.649336143,1.394348853,1.354005653,-0.1958403314,0.05347642288,-0.4055390178,0.1165890508,0.02491695942,-0.2439230786,0.3133683562,0.4502669121,-0.3494758615,-0.2663579738,-0.09701573864,0,-0.1281037355,0.01826159842,0.3800825523,0.1072551286,-0.2597170361,0.005223634086,0.03830353962,0.005223634086,0.145,0.155,0,0,0
7.43,0.1733797418,-0.1186546733,-0.4080044863,0.02785097517,-0.09983341665,0.9950041653,0.004999979167,0.9999875,0,0,1.279118411,1.556634779,-1.292192881,1.319824114,-0.1478001252,0.1898929762,0.2931077209,-1.253352885,1.649336143,1.393067816,1.354188269,-0.1920395059,0.05454897417,-0.4081361882,0.115441542,0.02485200535,-0.2415564938,0.31252662,0.4483181654,-0.3472431455,-0.2666275568,-0.0966704549,0,-0.1283438493,0.0185385307,0.3788439862,0.107921571,-0.2589676861,0.005338302528,0.03830392982,0.005338302528,0.14,0.155,0,0,0
7.44,0.1693048775,-0.1183760135,-0.4069579586,0.02788052551,-0.09983341665,0.9950041653,0.004999979167,0.9999875,0,0,1.280272827,1.556883299,-1.294608446,1.32294938,-0.1433169436,0.1864205448,0.2904414453,-1.254319589,1.649336143,1.391784377,1.354373655,-0.1882510661,0.05562818988,-0.4107258651,0.1142923849,0.02477507446,-0.239168166,0.3116479283,0.4463165684,-0.3449725394,-0.266839107,-0.09631391411,0,-0.1285842884,0.0188222832,0.3775661695,0.1085561326,-0.2581973232,0.005453017306,0.03830431895,0.005453017306,0.14,0.155,0,0,0
7.45,0.1652407906,-0.1180970723,-0.4058490567,0.02790724362,-0.09983341665,0.9950041653,0.004999979167,0.9999875,0,0,1.281415751,1.55713105,-1.297000128,1.326065859,-0.1388537779,0.1829708194,0.2877730542,-1.255282728,1.649336143,1.390498535,1.354561877,-0.1844754044,0.0567137512,-0.4133078383,0.1131448974,0.02469580253,-0.2367732635,0.3107326773,0.4442733501,-0.3426666601,-0.2670038565,-0.09595107583,0,-0.1287885413,0.01911289947,0.3762176185,0.1091639429,-0.2573765973,0.005567721766,0.03830470696,0.005567721766,0.14,0.155,0,0,0
7.46,0.1611881037,-0.117817878,-0.4046779826,0.02793113865,-0.09983341665,0.9950041653,0.004999979167,0.9999875,0,0,1.2825472,1.557378008,-1.29936786,1.329173186,-0.1344110444,0.1795441528,0.2851030157,-1.256242239,1.649336143,1.389210649,1.354753006,-0.1807132282,0.05780539063,-0.4158816043,0.1119970645,0.02460496749,-0.2343587032,0.3097812698,0.4421780348,-0.3403249523,-0.267110357,-0.09558091878,0,-0.1289667315,0.01941041825,0.3748078214,0.1097427654,-0.2565142701,0.005682391384,0.03830509383,0.005682391384,0.14,0.155,0,0,0
7.47,0.1571474374,-0.1175384589,-0.4034449533,0.02795222046,-0.09983341665,0.9950041653,0.004999979167,0.9999875,0,0,1.28366717,1.557624058,-1.301711447,1.332270999,-0.1299892641,0.1761409033,0.2824319121,-1.257198048,1.649336143,1.387920982,1.354947111,-0.17696515,0.05890281829,-0.418446747,0.1108571822,0.02453068356,-0.2319668245,0.3087941144,0.440062986,-0.3379526827,-0.2671920344,-0.09520375165,0,-0.1291186233,0.01971487363,0.3733371741,0.1102920228,-0.2556106437,0.005796971083,0.03830547951,0.005796971083,0.14,0.155,0,0,0
7.48,0.1531194103,-0.1172588429,-0.4021502006,0.02797049957,-0.09983341665,0.9950041653,0.004999979167,0.9999875,0,0,1.284775742,1.557869364,-1.304031116,1.33535894,-0.1255886342,0.1727613764,0.2797599917,-1.258150086,1.649336143,1.386629796,1.355144259,-0.1732317782,0.06000573851,-0.4210028534,0.1097178698,0.02444450187,-0.2295559025,0.3077716257,0.4378956455,-0.3355462292,-0.2672143572,-0.09481988355,0,-0.1292439929,0.02002629493,0.3718060902,0.1108111525,-0.2546660332,0.005911499632,0.03830586398,0.005911499632,0.14,0.155,0,0,0
7.49,0.1491046384,-0.1169790582,-0.4007939711,0.02798598719,-0.09983341665,0.9950041653,0.004999979167,0.9999875,0.5,0,1.285872921,1.558113809,-1.306326675,1.338436656,-0.1212096777,0.1694059141,0.2770878482,-1.259098285,1.649336143,1.385337356,1.355344522,-0.1695137173,0.06111385004,-0.4235495137,0.01762348271,-0.3112212172,0.2658113003,0.3067118685,0.05198606595,-0.2857367788,0.1353232696,-0.09442962371,0,-0.1293426277,0.02034470683,0.3702150003,0.1112996072,-0.2536807663,0.006025921242,0.0383062472,0.006025921242,0.135,0.155,0,0,0
7.5,0.145103735,-0.1166991324,-0.3993765265,0.02799869519,-0.09485716863,0.9954908928,0.004999979167,0.9999875,0,0,1.286049156,1.555001597,-1.303668562,1.341503775,-0.1206898171,0.1665485464,0.2784410809,-1.260042581,1.649336143,1.384043929,1.355547969,-0.1658115673,0.06222684611,-0.4260863214,0.1079374772,0.02306338291,-0.224708116,0.305622327,0.4325191715,-0.3322228957,-0.2659400156,-0.09403328133,0,-0.1294143269,0.0206701293,0.3685643523,0.1117568553,-0.2526551827,0.005019939817,0.03830662915,0.005019939817,0.14,0.155,0,0,0
7.51,0.141117311,-0.1164190935,-0.3978981432,0.02800863613,-0.09485716863,0.9954908928,0.004999979167,0.9999875,0,0,1.28712853,1.555232231,-1.305915643,1.344559998,-0.1163646254,0.1632263174,0.2757816807,-1.260982914,1.649336143,1.382749786,1.355754671,-0.1621259238,0.06334441466,-0.4286128732,0.1068107188,0.02298450325,-0.2223001229,0.3044963832,0.4302408851,-0.3297271866,-0.2658334596,-0.09363116531,0,-0.1294589015,0.02100257768,0.3668546104,0.1121823817,-0.2515896343,0.005129100938,0.03830700979,0.005129100938,0.14,0.155,0,0,0
7.52,0.1371459743,-0.1161389689,-0.3963591126,0.02801582324,-0.09485716863,0.9954908928,0.004999979167,0.9999875,0,0,1.288196638,1.555462076,-1.308138644,1.347604962,-0.1120622165,0.1599290455,0.2731233461,-1.261919225,1.649336143,1.381455197,1.355964696,-0.1584573777,0.06446623848,-0.4311287696,0.1056864661,0.02289384826,-0.2198754932,0.303336821,0.427911004,-0.3272006748,-0.2656665262,-0.09322358446,0,-0.1294761713,0.02134206267,0.3650862528,0.112575688,-0.2504844819,0.005238139485,0.0383073891,0.005238139485,0.14,0.155,0,0,0
7.53,0.1331903298,-0.1158587862,-0.3947597409,0.02802027043,-0.09485716863,0.9954908928,0.004999979167,0.9999875,0,0,1.289253502,1.555691015,-1.310337399,1.35063833,-0.1077831065,0.1566570388,0.2704666809,-1.262851461,1.649336143,1.380160435,1.356178117,-0.1548065152,0.06559199536,-0.4336336144,0.1045678422,0.02280111593,-0.2174490132,0.3021440825,0.4255407304,-0.3246456284,-0.2654505923,-0.09281084504,0,-0.1294659813,0.02168859039,0.363259785,0.1129362917,-0.2493401082,0.005347000915,0.03830776705,0.005347000915,0.14,0.155,0,0,0
7.54,0.1292509795,-0.1155785726,-0.3931003493,0.02802199226,-0.09485716863,0.9954908928,0.004999979167,0.9999875,0,0,1.290299181,1.555919026,-1.312511889,1.353659771,-0.1035276992,0.1534105825,0.2678121749,-1.26377957,1.649336143,1.378865776,1.356395003,-0.1511739173,0.06672135828,-0.4361270155,0.1034528285,0.02269684442,-0.2150075276,0.300918615,0.4231194149,-0.3220618089,-0.2651740959,-0.09239325502,0,-0.1294281695,0.0220421624,0.3613757115,0.11326373,-0.248156891,0.005455663253,0.03830814362,0.005455663253,0.14,0.155,0,0,0
7.55,0.1253285218,-0.1152983553,-0.3913812739,0.02802100402,-0.09485716863,0.9954908928,0.004999979167,0.9999875,0,0,1.291333709,1.556145994,-1.314661964,1.356668957,-0.09929650503,0.1501899644,0.265160434,-1.264703502,1.649336143,1.377571494,1.356615425,-0.1475601602,0.06785399558,-0.4386085844,0.1023494439,0.02260985366,-0.2125932304,0.2996608705,0.4206799636,-0.3194535337,-0.2648712898,-0.09197111934,0,-0.1293625994,0.02240277576,0.359434564,0.1135575566,-0.2469352294,0.005564073062,0.03830851879,0.005564073062,0.14,0.155,0,0,0
7.56,0.1214235518,-0.1150181615,-0.3896028656,0.02801732163,-0.09485716863,0.9954908928,0.004999979167,0.9999875,0,0,1.292357203,1.556372093,-1.316787897,1.359665566,-0.09508970539,0.1469954291,0.2625117211,-1.265623213,1.649336143,1.376277868,1.356839452,-0.1439658146,0.06898957114,-0.4410779367,0.1012504535,0.02251100475,-0.21016442,0.2983713063,0.4181893309,-0.3168181488,-0.264507096,-0.09154474198,0,-0.129269144,0.02277042305,0.3574368868,0.113817344,-0.2456755305,0.005672273636,0.03830889252,0.005672273636,0.135,0.155,0,0,0
7.57,0.117536661,-0.1147380178,-0.3877654901,0.02801096169,-0.09485716863,0.9954908928,0.004999979167,0.9999875,0,0,1.293369708,1.556597203,-1.318889541,1.362649279,-0.09090781208,0.1438272476,0.2598666501,-1.266538661,1.649336143,1.374985176,1.357067157,-0.1403914457,0.07012774458,-0.443534692,0.100158893,0.02241015814,-0.207735879,0.297050384,0.4156588696,-0.3141577395,-0.2640931249,-0.09111442522,0,-0.129147689,0.02314509245,0.3553832394,0.1140426836,-0.2443782111,0.005780210966,0.0383092648,0.005780210966,0.135,0.155,0,0,0
7.58,0.1136684373,-0.1144579511,-0.3858695283,0.02800194151,-0.09485716863,0.9954908928,0.004999979167,0.9999875,0,0,1.294371297,1.556821304,-1.3209669,1.365619783,-0.08675122339,0.1406856702,0.2572257189,-1.267449805,1.649336143,1.3736937,1.357298607,-0.1368376133,0.07126817142,-0.4459784741,0.09907272627,0.02229760384,-0.2052942418,0.2956985701,0.4130777143,-0.3114722278,-0.2636176178,-0.0906804695,0,-0.1289981334,0.02352676776,0.3532741961,0.1142331856,-0.2430436981,0.005887864283,0.03830963562,0.005887864283,0.135,0.155,0,0,0
7.59,0.1098194645,-0.1141779878,-0.3839153757,0.02799027904,-0.09485716863,0.9954908928,0.004999979167,0.9999875,0,0,1.295362024,1.55704428,-1.323019842,1.368576769,-0.08262044624,0.1375709479,0.2545895427,-1.26835661,1.649336143,1.372403718,1.357533875,-0.1333048713,0.07241050327,-0.4484089111,0.09799986388,0.02220290662,-0.2028821649,0.2943163353,0.4104794943,-0.3087654233,-0.2631157018,-0.09024317312,0,-0.1288203891,0.02391542851,0.3511103463,0.1143884801,-0.2416724279,0.005995180439,0.03831000494,0.005995180439,0.135,0.155,0,0,0
7.6,0.1059903224,-0.1138981543,-0.3819034429,0.02797599292,-0.09485716863,0.9954908928,0.004999979167,0.9999875,0.5,0,1.296342023,1.55726631,-1.325048664,1.371519932,-0.0785156513,0.1344832937,0.2519583857,-1.269259041,1.649336143,1.371115514,1.357773029,-0.1297937679,0.07355438808,-0.4508256353,0.009464063211,-0.3259137354,0.2928546085,0.2929018274,0.01434831917,-0.2745449845,0.1523692467,-0.08980283211,0,-0.1286143815,0.02431104995,0.3488922935,0.1145082168,-0.2402648457,0.006100127786,0.03831037275,0.006100127786,0.135,0.155,0,0,0
7.61,0.1021815868,-0.1136184766,-0.3798341551,0.02795910247,-0.0898785492,0.995952733,0.004999979167,0.9999875,0,0,1.296436663,1.554007172,-1.322120118,1.37444895,-0.07837216811,0.1317378438,0.2534820781,-1.27015707,1.649336143,1.369829371,1.35801614,-0.1263048449,0.07469947024,-0.4532282838,0.09632366345,0.02084628671,-0.1980286463,0.2914625,0.4042519761,-0.3048656701,-0.2608276964,-0.08935973996,0,-0.1283800491,0.02471360319,0.3466206558,0.1145920658,-0.2388214061,0.005039034128,0.03831073904,0.005039034128,0.14,0.155,0,0,0
7.62,0.098393829,-0.1133389808,-0.3777079528,0.02793962769,-0.0898785492,0.995952733,0.004999979167,0.9999875,0,0,1.2973999,1.554215635,-1.324100404,1.377363575,-0.07432964835,0.1286891871,0.2508738012,-1.271050667,1.649336143,1.36854557,1.358263276,-0.1228386384,0.0758453909,-0.4556164979,0.09527186236,0.02074125519,-0.1956082785,0.2899918707,0.4015280943,-0.3020918825,-0.2601690332,-0.08891418744,0,-0.1281173441,0.02512305521,0.3442960649,0.1146397174,-0.2373425718,0.0051406637,0.03831110379,0.0051406637,0.135,0.155,0,0,0
7.63,0.09462761592,-0.1130596926,-0.375525291,0.02791758922,-0.0898785492,0.995952733,0.004999979167,0.9999875,0,0,1.298352619,1.554423048,-1.326056487,1.380263494,-0.07031436741,0.1256682683,0.2482721108,-1.271939809,1.649336143,1.367264397,1.358514507,-0.1193956777,0.07699178807,-0.4579899236,0.09422742805,0.02062474783,-0.1931774465,0.2884927463,0.3987546803,-0.2992971973,-0.2594485565,-0.08846646239,0,-0.1278262323,0.02553936896,0.3419191666,0.1146508829,-0.2358288142,0.005241597303,0.03831146698,0.005241597303,0.135,0.155,0,0,0
7.64,0.09088350981,-0.1127806375,-0.3732866399,0.02789300844,-0.0898785492,0.995952733,0.004999979167,0.9999875,0,0,1.299294893,1.554629295,-1.327988261,1.383148421,-0.0663268206,0.1226752963,0.2456776253,-1.272824474,1.649336143,1.365986134,1.3587699,-0.1159764861,0.0781382969,-0.4603482117,0.09319803592,0.02052622106,-0.1907780023,0.2869656181,0.3959651411,-0.2964848239,-0.2587012875,-0.08801684955,0,-0.1275066932,0.02596250343,0.3394906199,0.1146252947,-0.2342806125,0.005339501484,0.0383118286,0.005339501484,0.135,0.155,0,0,0
7.65,0.08716206814,-0.1125018409,-0.3709924844,0.02786590734,-0.0898785492,0.995952733,0.004999979167,0.9999875,0,0,1.300226873,1.554834557,-1.329896041,1.386018078,-0.06236716919,0.1197104481,0.2430906124,-1.273704642,1.649336143,1.364711067,1.359029525,-0.1125815799,0.07928454985,-0.4626910179,0.09217662355,0.02041591883,-0.1883684561,0.2854109814,0.3931260807,-0.2936531839,-0.2578917423,-0.08756563032,0,-0.12715872,0.02639241374,0.3370110973,0.1145627064,-0.2326984534,0.005437092933,0.03831218865,0.005437092933,0.135,0.155,0,0,0
7.66,0.08346384347,-0.1122233277,-0.3686433243,0.02783630864,-0.0898785492,0.995952733,0.004999979167,0.9999875,0,0,1.30114864,1.555038716,-1.331779726,1.388872187,-0.05843590838,0.1167739163,0.240511695,-1.274580298,1.649336143,1.36343948,1.359293449,-0.1092114689,0.08043017691,-0.4650180024,0.09116604135,0.02030390191,-0.18596339,0.2838293349,0.3902490514,-0.2908039593,-0.2570318884,-0.08711308261,0,-0.1267823199,0.0268290512,0.3344812841,0.1144628932,-0.2310828313,0.00553431992,0.0383125471,0.00553431992,0.135,0.155,0,0,0
7.67,0.07978938329,-0.1119451229,-0.3662396743,0.02780423569,-0.0898785492,0.995952733,0.004999979167,0.9999875,0,0,1.3020603,1.555241755,-1.33363936,1.391710481,-0.05453341787,0.1138658767,0.2379413761,-1.275451429,1.649336143,1.362171657,1.35956174,-0.1058666561,0.08157480585,-0.4673288307,0.09016662176,0.02019019477,-0.1835632283,0.2822211811,0.3873342858,-0.2879379918,-0.2561217566,-0.08665948064,0,-0.126377514,0.02727236338,0.3319018785,0.1143256524,-0.2294342477,0.005631164499,0.03831290396,0.005631164499,0.135,0.155,0,0,0
7.68,0.07613922986,-0.1116672512,-0.3637820642,0.02776971256,-0.0898785492,0.995952733,0.004999979167,0.9999875,0,0,1.302961966,1.555443657,-1.335474992,1.394532692,-0.05066007501,0.1109864967,0.2353801585,-1.276318024,1.649336143,1.360907882,1.359834464,-0.1025476373,0.08271806237,-0.4696231732,0.08917635828,0.02006503622,-0.1811548486,0.2805870257,0.3843710431,-0.285055577,-0.2551497801,-0.08620509478,0,-0.1259443373,0.02772229426,0.3292735912,0.1141508029,-0.2277532108,0.005727609065,0.0383132592,0.005727609065,0.135,0.155,0,0,0
7.69,0.07251392006,-0.1113897368,-0.3612710384,0.02773276397,-0.0898785492,0.995952733,0.004999979167,0.9999875,0,0,1.30385373,1.555644308,-1.337286541,1.397338563,-0.04681636458,0.108135941,0.2328286607,-1.277180075,1.649336143,1.359648438,1.360111686,-0.09925490136,0.0838595704,-0.4719007053,0.08820263617,0.01995811902,-0.1787797372,0.2789273779,0.3813928895,-0.2821592295,-0.2541512622,-0.08575019134,0,-0.1254828391,0.02817878422,0.3265971452,0.1139381862,-0.2260402356,0.005823603611,0.03831361283,0.005823603611,0.135,0.155,0,0,0
7.7,0.06891398528,-0.1111126039,-0.3587071563,0.02769341531,-0.0898785492,0.995952733,0.004999979167,0.9999875,0,0,1.304735756,1.555843889,-1.339074338,1.400127837,-0.04300243569,0.1053143487,0.2302871481,-1.278037577,1.649336143,1.35839361,1.360393474,-0.09598892991,0.08499895226,-0.4741611076,0.08723857962,0.01983946305,-0.1763967001,0.2772427502,0.3783663923,-0.2792480269,-0.2530906598,-0.08529503244,0,-0.1249930825,0.02864177024,0.3238732757,0.113687666,-0.2242958432,0.005919197737,0.03831396484,0.005919197737,0.13,0.155,0,0,0
7.71,0.06533995121,-0.1108358764,-0.3560909923,0.02765169267,-0.0898785492,0.995952733,0.004999979167,0.9999875,0,0,1.305608142,1.556042284,-1.340838305,1.402900264,-0.03921877176,0.1025218684,0.2277562415,-1.278890527,1.649336143,1.357143679,1.360679892,-0.09275019715,0.08613582892,-0.4764040661,0.08628690008,0.01971920187,-0.1740201505,0.275533658,0.3753031878,-0.2763233938,-0.2519800974,-0.08483987584,0,-0.1244751452,0.02911118587,0.3211027295,0.1133991287,-0.2225205609,0.006014341025,0.03831431522,0.006014341025,0.13,0.155,0,0,0
7.72,0.06179233774,-0.1105595779,-0.3534231355,0.0276076228,-0.0898785492,0.995952733,0.004999979167,0.9999875,0,0,1.306471011,1.556239476,-1.342578506,1.405655601,-0.03546573989,0.09975863447,0.2252364405,-1.279738926,1.649336143,1.355898928,1.360971004,-0.08953916986,0.08726982021,-0.4786292717,0.08534787378,0.01959736145,-0.171650467,0.2738006201,0.3722035693,-0.2733861434,-0.2508197137,-0.08438497475,0,-0.1239291186,0.02958696145,0.3182862653,0.1130724835,-0.2207149218,0.00610901721,0.03831466397,0.00610901721,0.13,0.155,0,0,0
7.73,0.0582716588,-0.1102837317,-0.3507041899,0.02756123313,-0.0898785492,0.995952733,0.004999979167,0.9999875,0.5,0,1.30732449,1.556435449,-1.344295011,1.408393607,-0.03174370419,0.09702477304,0.2227282434,-1.280582776,1.649336143,1.354659637,1.361266874,-0.0863563072,0.08840054504,-0.4808364209,0.0006933712444,-0.3425065433,0.3244693152,0.2720418535,-0.03562729809,-0.2575930414,0.1791840902,-0.08393057822,0,-0.1233551056,0.03006902408,0.3154246506,0.1127076626,-0.2188794621,0.006203210379,0.03831501108,0.006203210379,0.13,0.155,0,0,0
7.74,0.05477842218,-0.1100083608,-0.3479347747,0.02751255177,-0.0848976828,0.9963896745,0.004999979167,0.9999875,0,0,1.307331423,1.553010384,-1.341050318,1.411114025,-0.03209997717,0.09444884263,0.2245200843,-1.281422082,1.649336143,1.353426085,1.361567564,-0.0832020607,0.08952762167,-0.4830252155,0.08390126867,0.01828518206,-0.1669221691,0.2702647884,0.3650588385,-0.2690085819,-0.247323357,-0.08347692853,0,-0.1227532355,0.03055729782,0.3125186744,0.1123046205,-0.2170147336,0.005082657531,0.03831535656,0.005082657531,0.135,0.155,0,0,0
7.75,0.05131312942,-0.1097334882,-0.3451155237,0.02746160749,-0.0848976828,0.9963896745,0.004999979167,0.9999875,0,0,1.308170436,1.553193236,-1.34271954,1.413816673,-0.02844938879,0.09175875681,0.2220468507,-1.282256851,1.649336143,1.352198553,1.361873137,-0.08007687395,0.09065066787,-0.4851953629,0.08299751895,0.01816543963,-0.1645748185,0.2684630542,0.361857567,-0.2660327441,-0.2460219207,-0.08302426591,0,-0.1221236334,0.0310517037,0.3095691211,0.1118633358,-0.2151212776,0.005171512716,0.0383157004,0.005171512716,0.135,0.155,0,0,0
7.76,0.04787627566,-0.1094591361,-0.3422470855,0.02740842976,-0.0848976828,0.9963896745,0.004999979167,0.9999875,0,0,1.309000411,1.55337489,-1.344365288,1.416501304,-0.02483081312,0.08909842937,0.2195866315,-1.283087093,1.649336143,1.350977317,1.362183654,-0.07698118274,0.09176930123,-0.4873465756,0.08210736664,0.01804429175,-0.1622357473,0.2666394774,0.358621347,-0.2630471402,-0.2446715076,-0.08257282358,0,-0.1214664511,0.03155215989,0.3065767964,0.1113838098,-0.2131996509,0.005259869609,0.0383160426,0.005259869609,0.135,0.155,0,0,0
7.77,0.04446834946,-0.1091853269,-0.3393301239,0.02735304871,-0.0848976828,0.9963896745,0.004999979167,0.9999875,0,0,1.309821485,1.553555333,-1.345987645,1.419167699,-0.02124459965,0.08646795796,0.2171399164,-1.283912822,1.649336143,1.349762652,1.362499175,-0.07391541478,0.09288313933,-0.4894785721,0.08123103192,0.01792176507,-0.1599052898,0.2647945908,0.3553505403,-0.260052548,-0.2432723663,-0.08212283,0,-0.1207818514,0.03205858173,0.303542514,0.1108660673,-0.2112504122,0.005347713958,0.03831638316,0.005347713958,0.135,0.155,0,0,0
7.78,0.04108983267,-0.1089120824,-0.3363653174,0.02729549515,-0.0848976828,0.9963896745,0.004999979167,0.9999875,0,0,1.310633795,1.553734551,-1.347586698,1.421815644,-0.01769109424,0.08386743248,0.2147071928,-1.28473405,1.649336143,1.348554834,1.362819761,-0.07087998964,0.0939918,-0.4915910763,0.08036642375,0.01778768262,-0.1575700377,0.2629289295,0.3520341585,-0.2570495667,-0.2418127067,-0.08167450833,0,-0.1200700114,0.03257088188,0.300467098,0.110310156,-0.2092741248,0.005435031867,0.03831672209,0.005435031867,0.13,0.155,0,0,0
7.79,0.03774120029,-0.1086394241,-0.3333533595,0.02723580056,-0.0848976828,0.9963896745,0.004999979167,0.9999875,0,0,1.311437459,1.553912427,-1.349162399,1.424444934,-0.01417075266,0.08129693682,0.2122890657,-1.285550795,1.649336143,1.347354134,1.36314547,-0.06787531866,0.09509490156,-0.4936838175,0.07952072217,0.01767298533,-0.1552719508,0.2610430312,0.3487070365,-0.2540395151,-0.2403293706,-0.08122807627,0,-0.1193311225,0.0330889704,0.2973513828,0.1097161477,-0.2072713564,0.005521775489,0.03831705939,0.005521775489,0.13,0.155,0,0,0
7.8,0.03442292029,-0.1083673734,-0.3302949584,0.02717399712,-0.0848976828,0.9963896745,0.004999979167,0.9999875,0,0,1.312232667,1.554089157,-1.350715118,1.427055364,-0.01068368229,0.07875654167,0.209885772,-1.286363076,1.649336143,1.346160822,1.36347636,-0.06490180483,0.09619206304,-0.4957565311,0.07868703794,0.01754645792,-0.1529692108,0.259137436,0.3453347649,-0.2510225407,-0.2387857328,-0.08078374597,0,-0.1185653901,0.03361275482,0.2941962127,0.1090841369,-0.2052426787,0.005608001231,0.03831739507,0.005608001231,0.13,0.155,0,0,0
7.81,0.03113545352,-0.1080959511,-0.3271908374,0.02711011766,-0.0848976828,0.9963896745,0.004999979167,0.9999875,0,0,1.313019537,1.554264622,-1.35224481,1.429646738,-0.007230334645,0.07624631626,0.2074979147,-1.287170913,1.649336143,1.344975169,1.363812487,-0.0619598427,0.09728290441,-0.4978089579,0.07786793233,0.01741864446,-0.1506763102,0.2572126864,0.3419294922,-0.2479996082,-0.2371945712,-0.08034172396,0,-0.1177730341,0.03414214029,0.2910024421,0.1084142421,-0.2031886674,0.005693660866,0.03831772912,0.005693660866,0.13,0.155,0,0,0
7.82,0.02787925349,-0.1078251779,-0.3240417345,0.02704419569,-0.0848976828,0.9963896745,0.004999979167,0.9999875,0,0,1.313798216,1.554438808,-1.353751573,1.432218865,-0.003811039723,0.07376632018,0.205125969,-1.287974331,1.649336143,1.343797438,1.364153909,-0.05904981828,0.09836704683,-0.4998408445,0.07706356764,0.01728957363,-0.1483935401,0.2552693273,0.338491661,-0.2449714541,-0.2355562507,-0.07990221099,0,-0.1169542882,0.03467702961,0.2877709348,0.1077066051,-0.2011099021,0.005778741851,0.03831806155,0.005778741851,0.13,0.155,0,0,0
7.83,0.02465476626,-0.1075550739,-0.3208484028,0.02697626542,-0.0848976828,0.9963896745,0.004999979167,0.9999875,0,0,1.314568852,1.554611704,-1.355235509,1.434771559,-0.0004261231129,0.07131660564,0.2027704065,-1.288773353,1.649336143,1.342627895,1.364500679,-0.05617210893,0.09944411288,-0.5018519436,0.0762740938,0.01715927072,-0.1461211778,0.2533079056,0.3350217268,-0.2419388063,-0.2338711551,-0.07946540203,0,-0.1161094004,0.0352173234,0.2845025646,0.1069613909,-0.1990069659,0.005863231994,0.03831839237,0.005863231994,0.13,0.155,0,0,0
7.84,0.0214624303,-0.1072856591,-0.3176116102,0.02690636169,-0.0848976828,0.9963896745,0.004999979167,0.9999875,0,0,1.315331593,1.554783297,-1.356696721,1.437304638,0.002924094155,0.06889721757,0.2004316949,-1.289568007,1.649336143,1.341466801,1.364852852,-0.05332708329,0.1005137268,-0.5038420132,0.07549744073,0.01701753475,-0.1438459506,0.2513289708,0.3315088266,-0.2389024587,-0.2321276406,-0.07903442887,0,-0.1152211036,0.03576292016,0.2811835203,0.1061795336,-0.1968656236,0.005947119446,0.03831872159,0.005947119446,0.13,0.155,0,0,0
7.85,0.01830267632,-0.1070169531,-0.3143321394,0.02683452007,-0.0848976828,0.9963896745,0.004999979167,0.9999875,0,0,1.316086567,1.554953472,-1.35813518,1.439817927,0.006239182421,0.06650819299,0.1981104185,-1.290358351,1.649336143,1.34031459,1.365210481,-0.05051524808,0.1015755221,-0.5058106695,0.0747404419,0.01689537938,-0.141609187,0.2493330742,0.3279878081,-0.2358629319,-0.2303626605,-0.07860065174,0,-0.1143423213,0.03631371627,0.2778588431,0.1053589657,-0.1947309726,0.006030358205,0.03831904923,0.006030358205,0.13,0.155,0,0,0
7.86,0.01517592712,-0.1067489751,-0.3110107882,0.02676077676,-0.0848976828,0.9963896745,0.004999979167,0.9999875,0,0,1.316833972,1.555122426,-1.359551272,1.442311258,0.009519060502,0.06414956367,0.1958067919,-1.291144357,1.649336143,1.339171167,1.365573619,-0.04773665965,0.1026291118,-0.5077579792,0.07399642265,0.01676152989,-0.1393696198,0.2473207695,0.3244244656,-0.2328210769,-0.2285397714,-0.07817306501,0,-0.1134206355,0.03686960632,0.2744852183,0.1045022458,-0.1925590577,0.006113007102,0.03831937528,0.006113007102,0.125,0.155,0,0,0
7.87,0.01208259745,-0.1064817438,-0.307648369,0.02668516867,-0.0848976828,0.9963896745,0.004999979167,0.9999875,0.5,0,1.317573936,1.555290041,-1.360944968,1.444784466,0.01276330516,0.0618213529,0.1935213942,-1.291926088,1.649336143,1.338036961,1.365942315,-0.04499180747,0.1036741342,-0.5096835698,-0.007220820064,-0.3591858968,0.357090395,0.2452903387,-0.09500547068,-0.2359130302,0.2157891021,-0.07774890251,0,-0.1124739391,0.03743048296,0.271078317,0.1036088431,-0.1903653387,0.006195019773,0.03831969974,0.006195019773,0.125,0.155,0,0,0
7.88,0.009023093872,-0.1062152778,-0.3042457093,0.02660773337,-0.07991469397,0.9968017063,0.004999979167,0.9999875,0,0,1.317501728,1.551698182,-1.357374064,1.447237369,0.01181325045,0.0594622226,0.1956792852,-1.292703577,1.649336143,1.336912221,1.366316619,-0.0422810243,0.1047102227,-0.5115872231,0.07287990075,0.0155263202,-0.1349105933,0.2432491538,0.3164592702,-0.2281494604,-0.2238373817,-0.07732832972,0,-0.1115025462,0.03799623711,0.2676390555,0.1026790394,-0.1881504122,0.005008092791,0.03832002265,0.005008092791,0.13,0.155,0,0,0
7.89,0.005997814592,-0.1059495951,-0.3008036515,0.0265285091,-0.07991469397,0.9968017063,0.004999979167,0.9999875,0,0,1.318230527,1.551853445,-1.35872317,1.449669861,0.01497784315,0.05718072799,0.1934409114,-1.29347686,1.649336143,1.335797196,1.366696582,-0.03960463374,0.1057370131,-0.5134687273,0.07217762966,0.01539695928,-0.1327058264,0.2411909675,0.3128150794,-0.2250945664,-0.2218892957,-0.07691150355,0,-0.1105067982,0.03856675802,0.2641683703,0.101713139,-0.1859148896,0.005084926036,0.038320344,0.005084926036,0.13,0.155,0,0,0
7.9,0.003007149314,-0.1056847134,-0.2973230528,0.0264475348,-0.07991469397,0.9968017063,0.004999979167,0.9999875,0,0,1.318952303,1.552007415,-1.360050228,1.45208177,0.01810599395,0.05492978233,0.1912220184,-1.294245975,1.649336143,1.334692128,1.367082249,-0.03696295004,0.1067541445,-0.5153278762,0.07148876302,0.01525630181,-0.1304997161,0.2391186084,0.3091312011,-0.2220399601,-0.219885687,-0.07649857835,0,-0.1094870293,0.03914193336,0.260667189,0.1007114701,-0.1836593674,0.005161126706,0.03832066381,0.005161126706,0.13,0.155,0,0,0
7.91,5.147910032e-05,-0.1054206501,-0.2938047853,0.02636485005,-0.07991469397,0.9968017063,0.004999979167,0.9999875,0,0,1.319667191,1.552159978,-1.361355226,1.454472956,0.02119730596,0.05270938273,0.1890231616,-1.295010961,1.649336143,1.333597258,1.367473669,-0.03435627815,0.1077612592,-0.5171644698,0.07082001965,0.01513563081,-0.1283333396,0.2370326405,0.3054427666,-0.2189855547,-0.2178638978,-0.07608969983,0,-0.1084436011,0.03972164931,0.2571364591,0.09967438297,-0.1813844569,0.005236650685,0.0383209821,0.005236650685,0.13,0.155,0,0,0
7.92,-0.002868823784,-0.105157422,-0.2902497361,0.02628049515,-0.07991469397,0.9968017063,0.004999979167,0.9999875,0,0,1.320375391,1.552311334,-1.362638559,1.456843283,0.02425173362,0.05051952718,0.1868445226,-1.295771858,1.649336143,1.332512822,1.367870885,-0.03178491356,0.108758003,-0.5189783144,0.0701647106,0.01500340877,-0.1261656,0.2349336296,0.3017155083,-0.2159327083,-0.2157873796,-0.07568500809,0,-0.1073768852,0.04030579064,0.253577134,0.09860225089,-0.1790907692,0.005311559707,0.03832129887,0.005311559707,0.13,0.155,0,0,0
7.93,-0.00575339602,-0.1048950456,-0.286658807,0.02619451104,-0.07991469397,0.9968017063,0.004999979167,0.9999875,0,0,1.321077038,1.552461368,-1.363900215,1.459192619,0.02726888871,0.0483602001,0.1846866488,-1.296528708,1.649336143,1.331439053,1.368273943,-0.02924914222,0.1097440255,-0.5207692221,0.06952514717,0.01487028577,-0.1240106062,0.2328221439,0.297961804,-0.2128818316,-0.2136692503,-0.07528463699,0,-0.1062872662,0.04089424078,0.249990175,0.09749546964,-0.1767789182,0.005385809283,0.03832161414,0.005385809283,0.13,0.155,0,0,0
7.94,-0.008601883379,-0.1046335371,-0.2830329148,0.02610693934,-0.07991469397,0.9968017063,0.004999979167,0.9999875,0,0,1.32177229,1.552610071,-1.365140321,1.461520841,0.03024850675,0.04623138178,0.1825499563,-1.297281555,1.649336143,1.33037618,1.368682886,-0.02674924047,0.1107189802,-0.5225370113,0.06890135797,0.01473629427,-0.1218685542,0.2306987532,0.2941823137,-0.2098335517,-0.2115101553,-0.07488871419,0,-0.1051751421,0.04148688191,0.2463765517,0.09635445741,-0.1744495203,0.005459391091,0.03832192793,0.005459391091,0.13,0.155,0,0,0
7.95,-0.01141394088,-0.104372912,-0.2793729913,0.02601782238,-0.07991469397,0.9968017063,0.004999979167,0.9999875,0,0,1.322461303,1.552757434,-1.366359007,1.463827828,0.03319032988,0.04413304627,0.1804348547,-1.298030442,1.649336143,1.329324429,1.369097754,-0.02428547495,0.1116825248,-0.5242815065,0.06829335998,0.0146014629,-0.1197396271,0.2285640296,0.290377712,-0.2067884862,-0.2093107585,-0.07449736111,0,-0.1040409239,0.04208359502,0.2427372417,0.09517965461,-0.1721031948,0.00553229715,0.03832224024,0.00553229715,0.13,0.155,0,0,0
7.96,-0.01418923292,-0.1041131856,-0.2756799831,0.02592720312,-0.07991469397,0.9968017063,0.004999979167,0.9999875,0,0,1.323144237,1.552903449,-1.367556403,1.466113468,0.03609410701,0.0420651614,0.1783417471,-1.298775415,1.649336143,1.328284019,1.36951859,-0.02185810254,0.1126343213,-0.5260025384,0.06769901032,0.01445533099,-0.117610492,0.2264185472,0.286537157,-0.2037477225,-0.2070594414,-0.07411069299,0,-0.1028850354,0.04268426,0.2390732307,0.09397152369,-0.1697405635,0.005604519796,0.03832255111,0.005604519796,0.125,0.155,0,0,0
7.97,-0.01692743346,-0.1038543728,-0.2719548515,0.02583512524,-0.07991469397,0.9968017063,0.004999979167,0.9999875,0,0,1.323821227,1.553048002,-1.368732508,1.468377654,0.03895947858,0.04002768418,0.1762711527,-1.299516522,1.649336143,1.327255169,1.369945433,-0.01946737023,0.1135740366,-0.5276999441,0.06712482747,0.01432970251,-0.1155222675,0.2242628821,0.2826963155,-0.2007104413,-0.2047941953,-0.07372881888,0,-0.1017079131,0.04328875571,0.2353855121,0.09273054896,-0.167362251,0.005676016166,0.03832286054,0.005676016166,0.125,0.15,0,0,0
7.98,-0.01962822613,-0.1035964879,-0.268198573,0.02574163305,-0.07991469397,0.9968017063,0.004999979167,0.9999875,0,0,1.324492475,1.553191299,-1.36988773,1.470620283,0.04178644173,0.03802057977,0.1742232108,-1.300253811,1.649336143,1.32623809,1.37037832,-0.01711351511,0.114501342,-0.5293735666,0.06656419785,0.0141925237,-0.1134337359,0.2220976126,0.2788206204,-0.197678628,-0.2024781051,-0.07335184173,0,-0.1005100063,0.04389696002,0.2316750874,0.09145723637,-0.1649688846,0.005746851279,0.03832316855,0.005746851279,0.125,0.15,0,0,0
7.99,-0.0222913044,-0.1033395447,-0.2644121388,0.02564677157,-0.07991469397,0.9968017063,0.004999979167,0.9999875,0,0,1.325158117,1.553333224,-1.371022068,1.472841259,0.04457464793,0.03604379349,0.1721984297,-1.300987329,1.649336143,1.32523299,1.37081729,-0.01479676423,0.1154159144,-0.5310232554,0.06601932181,0.0140546195,-0.1113589865,0.2199233191,0.2749227058,-0.1946524057,-0.2001245966,-0.07297985898,0,-0.09929177337,0.0445087499,0.2279429629,0.09015211334,-0.1625610912,0.005816981871,0.03832347515,0.005816981871,0.125,0.15,0,0,0
8,-0.02491637174,-0.1030835568,-0.2605965551,0.02555058649,-0.07991469397,0.9968017063,0.004999979167,0.9999875,0,0,1.32581831,1.553473771,-1.372135658,1.475040492,0.04732387499,0.03409726943,0.1701971838,-1.301717128,1.649336143,1.324240072,1.371262378,-0.0125173346,0.1163174355,-0.5326488663,0.06549016562,0.01391602544,-0.1092981745,0.2177405841,0.2710033513,-0.191632345,-0.1977344554,-0.0726129596,0,-0.09805369848,0.04512400148,0.2241901639,0.08881572834,-0.1601395121,0.005886401522,0.03832378038,0.005886401522,0.125,0.15,0,0,0
8.01,-0.02750314174,-0.1028285372,-0.2567528429,0.02545312417,-0.07991469397,0.9968017063,0.004999979167,0.9999875,0,0,1.326473212,1.553612931,-1.373228639,1.477217898,0.05003390851,0.03218094598,0.1682198392,-1.302443257,1.649336143,1.323259535,1.371713618,-0.01027543297,0.1172055928,-0.5342502615,0.0649766847,0.01377677279,-0.1072514429,0.2155499923,0.267063351,-0.1886190078,-0.1953084841,-0.07225123026,0,-0.09679625765,0.04574259009,0.2204177065,0.08744865106,-0.1577047742,0.005955104137,0.03832408424,0.005955104137,0.125,0.15,0,0,0
8.02,-0.03005133829,-0.1025744985,-0.2528820381,0.02535443165,-0.07991469397,0.9968017063,0.004999979167,0.9999875,0,0,1.327122979,1.553750699,-1.374301154,1.479373398,0.05270454202,0.0302947559,0.1662667544,-1.30316577,1.649336143,1.322291573,1.372171043,-0.008071255901,0.1180800793,-0.5358273092,0.0644767044,0.01362618427,-0.1052053198,0.2133521309,0.2630917922,-0.1856136407,-0.1928349775,-0.07189474925,0,-0.09551995257,0.04636439034,0.2166266256,0.08605147172,-0.1552575186,0.00602308393,0.03832438675,0.00602308393,0.125,0.15,0,0,0
8.03,-0.03256069569,-0.1023214525,-0.2489851916,0.02525455665,-0.07991469397,0.9968017063,0.004999979167,0.9999875,0,0,1.327767746,1.55388696,-1.375353207,1.481506919,0.05533545994,0.02843861949,0.1643384046,-1.303884717,1.649336143,1.321336373,1.372634687,-0.005904989644,0.118940594,-0.5373798844,0.06399659468,0.01349673016,-0.103201185,0.2111475889,0.2591250403,-0.1826147175,-0.1903527454,-0.07154358965,0,-0.09422529337,0.04698927613,0.2128179611,0.08462480106,-0.1527983863,0.006090299077,0.03832468793,0.006090299077,0.125,0.15,0,0,0
8.04,-0.03503095886,-0.1020694111,-0.2450633691,0.02515354755,-0.07991469397,0.9968017063,0.004999979167,0.9999875,0,0,1.328407712,1.554021928,-1.376385219,1.483618395,0.05792671034,0.02661247232,0.1624348771,-1.304600153,1.649336143,1.32039412,1.37310458,-0.003776810033,0.1197868421,-0.5389078682,0.06352977431,0.01335569113,-0.1011974857,0.2089369584,0.2551280675,-0.1796248307,-0.1878243238,-0.07119781878,0,-0.09291280187,0.04761712073,0.2089927601,0.08316927001,-0.1503280216,0.006156818132,0.03832498781,0.006156818132,0.125,0.15,0,0,0
8.05,-0.03746188342,-0.1018183852,-0.2411176511,0.02505145342,-0.07991469397,0.9968017063,0.004999979167,0.9999875,0,0,1.32904301,1.554155485,-1.377397194,1.485707765,0.06047799101,0.02481622401,0.1605566339,-1.305312131,1.649336143,1.319464992,1.373580751,-0.001686882433,0.1206185348,-0.5404111485,0.06307835452,0.01321411838,-0.09920837337,0.2067208332,0.2511138234,-0.1766438274,-0.1852635035,-0.07085749829,0,-0.09158301145,0.04824779684,0.2051520775,0.08168552942,-0.1478470714,0.006222598825,0.0383252864,0.006222598825,0.125,0.15,0,0,0
8.06,-0.03985323588,-0.1015683855,-0.2371491332,0.02494832401,-0.07991469397,0.9968017063,0.004999979167,0.9999875,0,0,1.329673793,1.554287626,-1.378389277,1.487774973,0.06298912925,0.02304978574,0.1587039989,-1.306020706,1.649336143,1.318549162,1.374063229,0.0003646383423,0.1214353901,-0.5418896192,0.06264224495,0.01307205083,-0.09723396906,0.2044998103,0.2470832095,-0.1736722261,-0.1826712054,-0.0705226843,0,-0.09023646679,0.04888117658,0.2012969756,0.08017424978,-0.1453561861,0.006287636567,0.03832558373,0.006287636567,0.125,0.15,0,0,0
8.07,-0.04220479379,-0.101319422,-0.2331589257,0.02484420973,-0.07991469397,0.9968017063,0.004999979167,0.9999875,0,0,1.330300216,1.554418346,-1.379361617,1.489819971,0.06545996134,0.02131306348,0.1568772868,-1.306725933,1.649336143,1.317646797,1.374552041,0.002377608098,0.1222371326,-0.543343181,0.06222134543,0.01292952266,-0.09527438236,0.2022744887,0.243037142,-0.170710538,-0.1800483664,-0.07019342743,0,-0.08887372381,0.04951713157,0.1974285242,0.07863612092,-0.1428560191,0.006351927084,0.03832587981,0.006351927084,0.12,0.15,0.005,0,0
8.08,-0.04451634585,-0.1010715044,-0.2291481539,0.02473916168,-0.07991469397,0.9968017063,0.004999979167,0.9999875,0,0,1.330922429,1.554547642,-1.380314361,1.491842716,0.06789033276,0.0196059581,0.1550768031,-1.307427867,1.649336143,1.31675806,1.375047212,0.00435189334,0.1230234938,-0.5447717412,0.0618155472,0.01278656852,-0.09332971805,0.2000454706,0.238976557,-0.1677592662,-0.177395945,-0.06986977361,0,-0.08749534612,0.05015553293,0.1935477979,0.07707185167,-0.1403472245,0.006409933582,0.03832617466,0.006409933582,0.12,0.15,0.005,0,0
8.09,-0.04678769212,-0.1008246417,-0.2251179581,0.02463323164,-0.07991469397,0.9968017063,0.004999979167,0.9999875,0,0,1.331540584,1.554675507,-1.381247658,1.493843171,0.07028009833,0.01792836544,0.1533028437,-1.308126565,1.649336143,1.315883107,1.375548768,0.006287371319,0.1237942123,-0.5461752135,0.06142270418,0.01263259679,-0.0913867648,0.1978133606,0.2348908303,-0.1648198089,-0.1747025206,-0.06955176108,0,-0.08610192125,0.05079625134,0.1896558894,0.07548216966,-0.1378304708,0.006465975803,0.03832646831,0.006465975803,0.12,0.15,0.005,0,0
8.1,-0.04901864411,-0.1005788425,-0.2210694932,0.02452647205,-0.07991469397,0.9968017063,0.004999979167,0.9999875,0,0,1.332154811,1.554801833,-1.382161526,1.495821304,0.07262900664,0.01628016735,0.1515558185,-1.308822083,1.649336143,1.315022087,1.37605673,0.008183930213,0.124549034,-0.5475535182,0.06104884735,0.01249983677,-0.08948597092,0.1955787663,0.2308160312,-0.1618899495,-0.1720066658,-0.06923942669,0,-0.08469402758,0.05143915704,0.185753883,0.07386782083,-0.1353064135,0.006521350849,0.03832676078,0.006521350849,0.12,0.15,0.005,0,0
8.11,-0.05120902498,-0.1003341149,-0.2170039292,0.02441893604,-0.07991469397,0.9968017063,0.004999979167,0.9999875,0,0,1.3327653,1.554926832,-1.383056385,1.497777092,0.07493716695,0.01466126785,0.1498357518,-1.309514477,1.649336143,1.314175147,1.376571122,0.01004146904,0.1252877122,-0.5489065823,0.06068761675,0.01235581569,-0.08758665412,0.1933422983,0.2267177126,-0.1589728723,-0.1692714589,-0.06893279987,0,-0.08327226719,0.0520841199,0.1818428809,0.07222956926,-0.1327757229,0.006576124299,0.03832705208,0.006576124299,0.12,0.15,0.005,0,0
8.12,-0.05335866964,-0.1000904662,-0.2129224509,0.0243106774,-0.07991469397,0.9968017063,0.004999979167,0.9999875,0,0,1.333372176,1.55505039,-1.383932252,1.499710515,0.07720434407,0.01307153913,0.1481430372,-1.310203805,1.649336143,1.313342424,1.377091963,0.01185989785,0.1260100079,-0.5502343395,0.06034097003,0.01221150694,-0.08570262956,0.1911045704,0.222608819,-0.1560681543,-0.1665107098,-0.06863190585,0,-0.08183724903,0.05273100935,0.1779239904,0.07056819672,-0.1302390704,0.006630255636,0.03832734225,0.006630255636,0.12,0.15,0.005,0,0
8.13,-0.05546742495,-0.09984790355,-0.2088262581,0.02420175061,-0.07991469397,0.9968017063,0.004999979167,0.9999875,0,0,1.333975586,1.555172505,-1.384789278,1.501621561,0.07943043226,0.01151085758,0.1464779301,-1.310890124,1.649336143,1.312524052,1.377619273,0.01363913776,0.1267156898,-0.5515367302,0.06000876002,0.01206695351,-0.0838339893,0.1888661993,0.2184903944,-0.1531762643,-0.1637254891,-0.06833676522,0,-0.08038959208,0.0533796945,0.1739983261,0.06888450242,-0.1276971314,0.006683740436,0.0383276313,0.006683740436,0.12,0.15,0.005,0,0
8.14,-0.05753514981,-0.09960643325,-0.2047165654,0.02409221083,-0.07991469397,0.9968017063,0.004999979167,0.9999875,0,0,1.334575673,1.555293174,-1.385627618,1.503510223,0.08161533621,0.009979094942,0.1448406753,-1.311573492,1.649336143,1.311720156,1.37815307,0.01537912102,0.1274045349,-0.5528137016,0.05969083124,0.0119221932,-0.08198081508,0.1866278053,0.2143634963,-0.1502976658,-0.1609168808,-0.06804739407,0,-0.07892992515,0.05403004407,0.1700670103,0.06717930257,-0.1251505855,0.006736574602,0.03832791925,0.006736574602,0.12,0.15,0.005,0,0
8.15,-0.05956171535,-0.09936606119,-0.2005946024,0.02398211388,-0.07991469397,0.9968017063,0.004999979167,0.9999875,0,0,1.335172582,1.555412396,-1.386447426,1.505376501,0.08375897117,0.008476118283,0.1432315064,-1.312253965,1.649336143,1.310930857,1.37869337,0.01707979112,0.1280763279,-0.5540652074,0.05938500616,0.01176641029,-0.08012974205,0.184390012,0.2102174217,-0.1474339049,-0.1580733512,-0.06776380416,0,-0.07745888668,0.05468192643,0.1661311728,0.06545343009,-0.1226001166,0.006788754335,0.03832820614,0.006788754335,0.12,0.15,0.005,0,0
8.16,-0.0615470051,-0.09912679264,-0.1964616133,0.02387151628,-0.07991469397,0.9968017063,0.004999979167,0.9999875,0,0,1.335766432,1.55553006,-1.387248724,1.507220401,0.08586114539,0.007001779234,0.1416507729,-1.312931603,1.649336143,1.310156268,1.37924019,0.01874110285,0.1287308622,-0.5552912086,0.05909723058,0.01163253396,-0.0783216076,0.1821534466,0.2060889747,-0.1445821636,-0.155234325,-0.06748600369,0,-0.0759771214,0.05533520963,0.1621919485,0.06370773415,-0.1200464104,0.006840240522,0.03832849197,0.006840240522,0.12,0.15,0.005,0,0
8.17,-0.06349091506,-0.09888863234,-0.1923188576,0.02376047519,-0.07991469397,0.9968017063,0.004999979167,0.9999875,0,0,1.336357404,1.555646386,-1.38803194,1.509041935,0.08792203513,0.005555957598,0.1400984297,-1.313606464,1.649336143,1.309396497,1.379793542,0.02036302233,0.1293679395,-0.5564916727,0.0588211438,0.01148738414,-0.07651529199,0.17991874,0.2019432012,-0.1417461675,-0.1523622576,-0.06721399447,0,-0.07448529574,0.05598976133,0.1582504899,0.0619430801,-0.117490168,0.006891102269,0.03832877677,0.006891102269,0.12,0.15,0.005,0,0
8.18,-0.06539335394,-0.09865158443,-0.1881676093,0.02364904849,-0.07991469397,0.9968017063,0.004999979167,0.9999875,0,0,1.336945616,1.55576126,-1.388797093,1.510841123,0.08994146715,0.004138495923,0.1385748071,-1.314278603,1.649336143,1.308651644,1.380353439,0.02194552723,0.1299873703,-0.5576665744,0.0585586486,0.01134217779,-0.07472473641,0.177686527,0.1977933782,-0.1389252681,-0.1494713306,-0.06694777815,0,-0.07298406624,0.0566454489,0.1543079421,0.06016034853,-0.1149320793,0.006941299994,0.03832906057,0.006941299994,0.12,0.15,0.005,0,0
8.19,-0.06725424324,-0.09841565246,-0.1840091577,0.02353729469,-0.07991469397,0.9968017063,0.004999979167,0.9999875,0,0,1.337531202,1.555874681,-1.38954434,1.512617988,0.09191940093,0.002749243242,0.1370800938,-1.314948081,1.649336143,1.307921803,1.380919894,0.02348860665,0.1305889738,-0.5588158952,0.05830955877,0.01119696212,-0.07295001981,0.1754574463,0.1936406701,-0.1361199054,-0.146562734,-0.06668735036,0,-0.07147411088,0.0573021393,0.1503654681,0.05836043541,-0.1123728501,0.006990831079,0.03832934339,0.006990831079,0.12,0.15,0.005,0,0
8.2,-0.06907351743,-0.09818083942,-0.1798448066,0.02342527302,-0.07991469397,0.9968017063,0.004999979167,0.9999875,0,0,1.338114298,1.555986651,-1.39027384,1.514372562,0.09385580763,0.001388044188,0.1356144665,-1.315614955,1.649336143,1.307207062,1.381492915,0.02499226133,0.1311725782,-0.5599396237,0.05807368128,0.01105177832,-0.07119121176,0.1732321408,0.1894862538,-0.133330517,-0.1436376688,-0.06643270391,0,-0.069956113,0.05795969915,0.1464242361,0.05654425149,-0.1098131886,0.007039693221,0.03832962525,0.007039693221,0.12,0.15,0.005,0,0
8.21,-0.0708511241,-0.09794714769,-0.175675875,0.02331304335,-0.07991469397,0.9968017063,0.004999979167,0.9999875,0,0,1.338695034,1.556097169,-1.390985752,1.516104884,0.09575067017,5.473901808e-05,0.1341780898,-1.316279282,1.649336143,1.306507501,1.382072512,0.02645650369,0.1317380207,-0.5610377555,0.05785081787,0.01090666815,-0.06944838098,0.1710112578,0.185331326,-0.1305575376,-0.1406973548,-0.06618382844,0,-0.06843076429,0.05861799471,0.1424854222,0.05471272189,-0.1072538087,0.007087884418,0.03832990617,0.007087884418,0.115,0.15,0.005,0,0
8.22,-0.0725870241,-0.09771457905,-0.1715036965,0.02320066626,-0.07991469397,0.9968017063,0.004999979167,0.9999875,0,0,1.339273543,1.556206235,-1.391680236,1.517814996,0.09760398343,-0.001250836358,0.1327711162,-1.31694112,1.649336143,1.305823193,1.382658692,0.02788135792,0.1322851479,-0.5621102936,0.05763883778,0.01075098804,-0.06770851821,0.1687954488,0.1811655579,-0.1278026379,-0.1377306155,-0.06594071057,0,-0.06689876451,0.05927689182,0.1385502103,0.05286678576,-0.1046954298,0.007135402959,0.03833018617,0.007135402959,0.115,0.15,0.005,0,0
8.23,-0.0742811917,-0.09748313466,-0.1673296198,0.02308820298,-0.07991469397,0.9968017063,0.004999979167,0.9999875,0,0,1.339849931,1.556313745,-1.392357321,1.519502951,0.09941563901,-0.002528862737,0.1313938101,-1.317600527,1.649336143,1.305154206,1.383251461,0.02926686002,0.1328138158,-0.5631572479,0.05744338387,0.01061717874,-0.0660113605,0.1665853702,0.1770251932,-0.1250625155,-0.1347763478,-0.06570333475,0,-0.06536081841,0.05993625593,0.13461979,0.05100739574,-0.1021387748,0.007182212278,0.03833046528,0.007182212278,0.115,0.15,0.005,0,0
8.24,-0.07593361471,-0.09725281507,-0.1631550085,0.02297571541,-0.07991469397,0.9968017063,0.004999979167,0.9999875,0,0,1.340424365,1.556419917,-1.393017435,1.521168804,0.1011858909,-0.003779487892,0.1300460466,-1.318257561,1.649336143,1.304500597,1.383850824,0.03061305792,0.1333238897,-0.5641786357,0.05725832393,0.01047254584,-0.06431686875,0.164381683,0.1728761028,-0.1223413493,-0.131797785,-0.06547168051,0,-0.06381765025,0.06059595203,0.1306953686,0.04913551799,-0.09958458301,0.007228382666,0.03833074353,0.007228382666,0.115,0.15,0.005,0,0
8.25,-0.07754429468,-0.09702362022,-0.1589812409,0.02286326616,-0.07991469397,0.9968017063,0.004999979167,0.9999875,0,0,1.340996948,1.556524643,-1.393660604,1.522812621,0.102914652,-0.005002901385,0.1287280687,-1.318912277,1.649336143,1.303862421,1.384456783,0.0319200116,0.1338152449,-0.5651744815,0.05708543685,0.01032815259,-0.0626386193,0.1621850531,0.1687314728,-0.1196383143,-0.1288090233,-0.06524927484,0,-0.06225209752,0.06125584472,0.1267637278,0.04725162086,-0.09701808042,0.007273877035,0.03833102093,0.007273877035,0.115,0.15,0.005,0,0
8.26,-0.07911324699,-0.09679554941,-0.1548097105,0.0227509185,-0.07991469397,0.9968017063,0.004999979167,0.9999875,0,0,1.341567802,1.556627924,-1.39428699,1.524434472,0.1046019667,-0.006199284527,0.1274399785,-1.31956477,1.649336143,1.3032399,1.385069342,0.03318764888,0.1342877611,-0.5661446623,0.0569245038,0.01018405117,-0.06097669112,0.1599961518,0.1645926037,-0.1169538381,-0.125811379,-0.06502544709,0,-0.060718614,0.06191579798,0.1228694269,0.04535820934,-0.09448659637,0.007318694828,0.03833129751,0.007318694828,0.115,0.15,0.005,0,0
8.27,-0.08064050104,-0.0965686013,-0.1506418253,0.02263873635,-0.07991469397,0.9968017063,0.004999979167,0.9999875,0,0,1.342137047,1.556729765,-1.394896757,1.526034433,0.1062478927,-0.007368822909,0.1261818647,-1.320215025,1.649336143,1.302632714,1.3856885,0.03441634315,0.1347413432,-0.5670895283,0.05677530116,0.01004028706,-0.05933115563,0.1578156555,0.1604608073,-0.1142883498,-0.1228061771,-0.06481082706,0,-0.05916412435,0.06257567544,0.1189702665,0.04345478982,-0.09194423052,0.007362835802,0.03833157329,0.007362835802,0.115,0.15,0.005,0,0
8.28,-0.08212610039,-0.09634277391,-0.1464790086,0.02252678435,-0.07991469397,0.9968017063,0.004999979167,0.9999875,0,0,1.3427048,1.556830167,-1.395490068,1.52761259,0.1078525008,-0.008511706406,0.124953803,-1.320863133,1.649336143,1.302041073,1.386314256,0.03560604582,0.1351758911,-0.5680089706,0.05663570191,0.009886142558,-0.0576890358,0.1556442461,0.156325831,-0.1116436504,-0.1197822756,-0.06460183475,0,-0.05760733644,0.06323534006,0.1150819791,0.04154286952,-0.08940731177,0.007406300009,0.03833184828,0.007406300009,0.115,0.15,0.005,0,0
8.29,-0.0835701029,-0.09611806463,-0.1423226983,0.02241512779,-0.07991469397,0.9968017063,0.004999979167,0.9999875,0,0,1.343271157,1.556929029,-1.396066959,1.529169032,0.1094157591,-0.00962814291,0.1237559802,-1.321509151,1.649336143,1.301464999,1.38694661,0.03675686561,0.1355913198,-0.5689030437,0.05651124767,0.009754319639,-0.05609001735,0.1534826113,0.1522241715,-0.1090160295,-0.1167789068,-0.06439844002,0,-0.0560490113,0.06389465428,0.1112058149,0.03962347437,-0.08687661528,0.00744905232,0.03833212252,0.00744905232,0.115,0.15,0.005,0,0
8.3,-0.08497258088,-0.09589447015,-0.1381743472,0.02230383264,-0.07991469397,0.9968017063,0.004999979167,0.9999875,0,0,1.34383627,1.557026572,-1.396627859,1.530703858,0.1109380008,-0.0107183032,0.1225881911,-1.322153136,1.649336143,1.300904509,1.387585556,0.03786892376,0.1359875545,-0.5697718099,0.0563958646,0.009611847484,-0.05449410765,0.1513314445,0.1481216503,-0.1064100888,-0.1137591447,-0.0642006159,0,-0.05448989443,0.06455347988,0.1073430151,0.03769764025,-0.08435290488,0.007491165501,0.03833239602,0.007491165501,0.115,0.15,0.005,0,0
8.31,-0.08633362126,-0.09567198655,-0.1340354233,0.02219296554,-0.07991469397,0.9968017063,0.004999979167,0.9999875,0,0,1.344400229,1.557122691,-1.3971728,1.532217173,0.1124192173,-0.01178240409,0.1214505997,-1.322795142,1.649336143,1.30035961,1.388231091,0.03894235391,0.1363645309,-0.5706153389,0.05629128813,0.009469892747,-0.05291488835,0.1491914453,0.1440316259,-0.1038248684,-0.1107372766,-0.06400833165,0,-0.05293075209,0.06521167799,0.1034948413,0.03576641373,-0.08183696496,0.007532603823,0.03833266882,0.007532603823,0.115,0.15,0.005,0,0
8.32,-0.08765332571,-0.09545060919,-0.129907409,0.02208259382,-0.07991469397,0.9968017063,0.004999979167,0.9999875,0,0,1.344963141,1.557217389,-1.397701949,1.533709087,0.1138595336,-0.01282065278,0.1203432269,-1.323435225,1.649336143,1.299830303,1.388883208,0.03997730232,0.1367221951,-0.5714337085,0.05619728382,0.009328512775,-0.05135245437,0.1470633195,0.1399555118,-0.1012608066,-0.1077147165,-0.06382155662,0,-0.05137235263,0.06586910903,0.09966256099,0.03383085105,-0.0793295848,0.007573368476,0.03833294092,0.007573368476,0.115,0.15,0.005,0,0
8.33,-0.0889318108,-0.09523033279,-0.125791802,0.02197278549,-0.07991469397,0.9968017063,0.004999979167,0.9999875,0,0,1.345525114,1.557310675,-1.398215473,1.535179721,0.1152590887,-0.01383326084,0.1192660797,-1.324073441,1.649336143,1.299316579,1.389541899,0.04097392793,0.1370605036,-0.5722270044,0.05611168319,0.009176647149,-0.0497935202,0.1449477792,0.1358828137,-0.09871985454,-0.1046800153,-0.06364026047,0,-0.04981546653,0.06652563269,0.09584744762,0.03189201767,-0.07683155902,0.007613460975,0.03833321235,0.007613460975,0.115,0.15,0.005,0,0
8.34,-0.09016920815,-0.09501115138,-0.1216901148,0.02186360922,-0.07991469397,0.9968017063,0.004999979167,0.9999875,0,0,1.346086231,1.557402441,-1.398713409,1.536629198,0.1166179168,-0.01482045939,0.1182192796,-1.324709843,1.649336143,1.298818424,1.390207155,0.04193240241,0.1373794238,-0.57299532,0.05604011579,0.009048075683,-0.04827879925,0.1428455433,0.1318511581,-0.09619790017,-0.1016736783,-0.06346440993,0,-0.04826088361,0.06718110784,0.09205079494,0.02995098846,-0.07434370302,0.007652846464,0.03833348315,0.007652846464,0.115,0.15,0.005,0,0
8.35,-0.09136566458,-0.09479305827,-0.1176038746,0.02175513435,-0.07991469397,0.9968017063,0.004999979167,0.9999875,0,0,1.346646632,1.557492922,-1.399196197,1.538057654,0.1179364284,-0.01578243839,0.1172025428,-1.325344487,1.649336143,1.298335816,1.390878966,0.04285291036,0.1376789337,-0.573738757,0.05597639911,0.008908721595,-0.04676726995,0.1407573375,0.1278253821,-0.09369999311,-0.09865761804,-0.06329397617,0,-0.04670937762,0.06783539251,0.08827388876,0.02800884601,-0.07186682262,0.007691601674,0.03833375331,0.007691601674,0.115,0.15,0.005,0,0
8.36,-0.09252134227,-0.09457604612,-0.1135346237,0.02164743092,-0.07991469397,0.9968017063,0.004999979167,0.9999875,0,0,1.347206396,1.557582009,-1.399663869,1.539465227,0.1192146822,-0.01671943832,0.1162159666,-1.325977427,1.649336143,1.297868722,1.39155732,0.04373564925,0.1379590221,-0.5744574252,0.05592229779,0.008770134252,-0.04527289497,0.1386838945,0.1238193022,-0.0912250506,-0.09564661757,-0.06312892788,0,-0.04516174146,0.06848834385,0.08451803556,0.02606668145,-0.0694017452,0.007729691037,0.03833402288,0.007729691037,0.115,0.15,0.01,0,0
8.37,-0.09363641888,-0.09436010685,-0.1094839192,0.02154056964,-0.07991469397,0.9968017063,0.004999979167,0.9999875,0,0,1.347765619,1.55766971,-1.400116598,1.540852066,0.1204528753,-0.01763168883,0.1152595005,-1.326608716,1.649336143,1.297417104,1.392242204,0.0445808296,0.1382196889,-0.5751514427,0.05587757373,0.008632376399,-0.04379579504,0.1366259542,0.119834423,-0.08877353693,-0.09264216493,-0.06296923514,0,-0.04361876911,0.06913981805,0.08078454825,0.02412559336,-0.06694930444,0.007767117207,0.03833429187,0.007767117207,0.115,0.15,0.01,0,0
8.38,-0.09471108771,-0.09414523168,-0.1054533331,0.02143462188,-0.07991469397,0.9968017063,0.004999979167,0.9999875,0,0,1.348324395,1.557756034,-1.400554556,1.542218326,0.1216512195,-0.0185194242,0.1143330788,-1.327238409,1.649336143,1.296980917,1.392933602,0.04538867508,0.1384609449,-0.5758209357,0.05584198729,0.008495501137,-0.04233608444,0.1345842639,0.1158722553,-0.08634592489,-0.08964574949,-0.06281486965,0,-0.04208125573,0.0697896703,0.07707474658,0.02218668737,-0.06451034084,0.007803883172,0.0383345603,0.007803883172,0.115,0.15,0.01,0,0
8.39,-0.09574555789,-0.09393141112,-0.1014444524,0.0213296597,-0.07991469397,0.9968017063,0.004999979167,0.9999875,0,0,1.348882815,1.557840989,-1.400977917,1.543564168,0.1228099421,-0.01938288345,0.1134366213,-1.327866557,1.649336143,1.296560104,1.393631499,0.04615942255,0.1386828117,-0.5764660391,0.05581343916,0.008348687828,-0.04088089564,0.1325595787,0.1119227082,-0.08394426177,-0.08664629413,-0.06266580162,0,-0.04055001377,0.07043775474,0.07338997037,0.02025107633,-0.06208571631,0.007839992216,0.03833482819,0.007839992216,0.11,0.15,0.01,0,0
8.4,-0.09674005445,-0.09371863496,-0.09745887885,0.02122575584,-0.07991469397,0.9968017063,0.004999979167,0.9999875,0,0,1.349440949,1.557924476,-1.401386726,1.544889764,0.1239291691,-0.02022232606,0.1125701584,-1.328493215,1.649336143,1.296154604,1.394335876,0.04689332225,0.1388853225,-0.5770868963,0.05579735003,0.008225046744,-0.0394698527,0.1305526613,0.1080226527,-0.08156428714,-0.0836835551,-0.06252200683,0,-0.03902583976,0.07108392443,0.06973155317,0.01831987858,-0.05967628556,0.00787541199,0.03833509558,0.00787541199,0.11,0.15,0.01,0,0
8.41,-0.09769481854,-0.09350689223,-0.09349822908,0.0211229837,-0.07991469397,0.9968017063,0.004999979167,0.9999875,0,0,1.349998923,1.558006727,-1.401781425,1.546195291,0.1250093957,-0.02103796893,0.1117333228,-1.329118435,1.649336143,1.295764346,1.395046716,0.04759063778,0.1390685213,-0.5776836592,0.05578774592,0.008091147921,-0.03806306415,0.1285642825,0.1041378585,-0.07921129589,-0.08072031946,-0.06238346074,0,-0.03750954412,0.07172803123,0.06610084649,0.0163942187,-0.05728292265,0.007910219665,0.03833536246,0.007910219665,0.11,0.15,0.01,0,0
8.42,-0.09861010755,-0.09329617126,-0.0895641347,0.02102141737,-0.07991469397,0.9968017063,0.004999979167,0.9999875,0,0,1.3505568,1.558087638,-1.402162055,1.547480934,0.1260507742,-0.02183008189,0.1109261196,-1.32974227,1.649336143,1.29538925,1.395763996,0.04825164625,0.1392324635,-0.5782564884,0.05578632801,0.007958339779,-0.03667417703,0.1265952214,0.1002819774,-0.07688418345,-0.07777119254,-0.06225013873,0,-0.03600195075,0.0723699258,0.06249921974,0.01447522711,-0.05490652111,0.007944382081,0.03833562888,0.007944382081,0.11,0.15,0.01,0,0
8.43,-0.09948619524,-0.09308645962,-0.08565824219,0.02092113161,-0.07991469397,0.9968017063,0.004999979167,0.9999875,0,0,1.351114664,1.558167221,-1.402528797,1.548746886,0.127053594,-0.02259892373,0.1101484077,-1.330364771,1.649336143,1.295029231,1.396487695,0.04887663845,0.1393772157,-0.5788055536,0.05579286503,0.007826691228,-0.03530335664,0.1246462653,0.09645661799,-0.07458346619,-0.07483773988,-0.0621220227,0,-0.03450386649,0.07300945753,0.05892803613,0.01256403836,-0.0525479677,0.007977903689,0.03833589485,0.007977903689,0.11,0.15,0.01,0,0
8.44,-0.1003233719,-0.09287774411,-0.0817822129,0.02082220185,-0.07991469397,0.9968017063,0.004999979167,0.9999875,0,0,1.351672592,1.558245488,-1.402881831,1.549993348,0.1280181602,-0.02334475839,0.1094000303,-1.330985992,1.649336143,1.294684192,1.39721779,0.04946591881,0.1395028561,-0.5793310333,0.05580528983,0.007685406694,-0.03393787663,0.1227182104,0.09265183329,-0.07231129923,-0.07190898092,-0.06199909424,0,-0.03301611504,0.07364647447,0.05538868005,0.01066179211,-0.05020817247,0.008010789283,0.03833616039,0.008010789283,0.11,0.15,0.01,0,0
8.45,-0.1011219446,-0.09267001081,-0.07793772308,0.02072470423,-0.07991469397,0.9968017063,0.004999979167,0.9999875,0,0,1.352230645,1.558322342,-1.403221209,1.551220531,0.1289446785,-0.02406787138,0.1086809405,-1.331605983,1.649336143,1.294354031,1.397954254,0.05001980561,0.139609474,-0.579833115,0.05582896655,0.007567582094,-0.03261714458,0.1208118614,0.08890444451,-0.07006328426,-0.06902467538,-0.06188133911,0,-0.03153951639,0.07428082328,0.05188254102,0.008769631868,-0.04788805131,0.008043008069,0.03833642552,0.008043008069,0.11,0.15,0.01,0,0
8.46,-0.1018822372,-0.092463245,-0.07412646387,0.02062871551,-0.07991469397,0.9968017063,0.004999979167,0.9999875,0,0,1.352788935,1.558398018,-1.403547381,1.552428649,0.129833723,-0.02476850422,0.1079906937,-1.332224796,1.649336143,1.294038636,1.398697063,0.05053863102,0.1396971704,-0.5803119955,0.0558579931,0.007439765557,-0.03130152184,0.1189280321,0.08518039113,-0.06784497232,-0.06614767364,-0.06176874359,0,-0.03007490561,0.07491234918,0.0484110289,0.006888705416,-0.04558854282,0.008074638828,0.03833669027,0.008074638828,0.11,0.15,0.01,0,0
8.47,-0.1026045904,-0.09225743121,-0.07035014132,0.02053431318,-0.07991469397,0.9968017063,0.004999979167,0.9999875,0,0,1.353347515,1.558472416,-1.403860396,1.553617929,0.1306855269,-0.02544695395,0.107329217,-1.332842483,1.649336143,1.293737887,1.399446186,0.05102274131,0.1397660574,-0.5807678809,0.05589406514,0.007313330212,-0.03000464386,0.1170675456,0.08149339023,-0.06565524648,-0.06329264901,-0.0616613012,0,-0.02862310124,0.07554089588,0.04497554903,0.005020162981,-0.04331058102,0.008105649826,0.03833695465,0.008105649826,0.11,0.15,0.01,0,0
8.48,-0.1032893622,-0.09205255319,-0.06661047633,0.02044157536,-0.07991469397,0.9968017063,0.004999979167,0.9999875,0,0,1.353906455,1.558545549,-1.404160442,1.554788605,0.1315004608,-0.02610350641,0.1066962905,-1.333459096,1.649336143,1.293451656,1.400201595,0.0514724968,0.1398162591,-0.5812009868,0.05593509982,0.007177233944,-0.02871358451,0.1152312342,0.07783332361,-0.06349639201,-0.06044838306,-0.06155900706,0,-0.02718493394,0.07616630553,0.04157752536,0.003165158106,-0.04105512097,0.008136047054,0.03833721869,0.008136047054,0.11,0.15,0.01,0,0
8.49,-0.1039369279,-0.09184859389,-0.06290920474,0.02035058089,-0.07991469397,0.9968017063,0.004999979167,0.9999875,0,0,1.354465806,1.558617321,-1.404447578,1.555940917,0.132278794,-0.02673847033,0.1060918067,-1.334074687,1.649336143,1.293179806,1.400963258,0.05188827205,0.1398479106,-0.581611538,0.05598657614,0.007065428982,-0.02746862707,0.1134199398,0.07423789238,-0.0613638047,-0.05765563964,-0.06146185828,0,-0.02576124509,0.07678841866,0.03821839966,0.00132484721,-0.03882313799,0.008165800071,0.0383374824,0.008165800071,0.11,0.145,0.01,0,0
8.5,-0.1045476801,-0.09164553549,-0.05924807724,0.02026140926,-0.07991469397,0.9968017063,0.004999979167,0.9999875,0,0,1.355025672,1.558687976,-1.404722265,1.557075117,0.133021173,-0.02735210838,0.1055152503,-1.334689305,1.649336143,1.292922194,1.401731142,0.05227045605,0.1398611591,-0.5819997693,0.0560424973,0.006943554773,-0.02622927325,0.111634514,0.07067222159,-0.05926336212,-0.05487628024,-0.06136986056,0,-0.02435285663,0.07740707412,0.03489960766,-0.0004996121677,-0.03661560148,0.008194990923,0.03833774582,0.008194990923,0.11,0.145,0.01,0,0
8.51,-0.1051220291,-0.09144335936,-0.05562885943,0.02017414063,-0.07991469397,0.9968017063,0.004999979167,0.9999875,0,0,1.355586097,1.558757411,-1.404984557,1.558191462,0.1337278952,-0.027944742,0.1049664875,-1.335303004,1.649336143,1.292678665,1.402505213,0.05261945212,0.139856163,-0.5823659254,0.0561046143,0.006823307571,-0.02500952053,0.1098758182,0.06715039989,-0.0571939111,-0.05212537907,-0.0612830188,0,-0.02296061666,0.07802210904,0.03162261585,-0.002307059676,-0.03443351565,0.008210037257,0.03833800896,0.008210037257,0.11,0.145,0.01,0,0
8.52,-0.1056604029,-0.09124204607,-0.05205333181,0.02008885586,-0.07991469397,0.9968017063,0.004999979167,0.9999875,0,0,1.356147143,1.558825644,-1.405234652,1.55929022,0.1343993992,-0.02851668111,0.1044452337,-1.335915834,1.649336143,1.292449059,1.403285434,0.05293567828,0.1398330924,-0.5827102605,0.05617086833,0.00669361668,-0.02379650426,0.1081447241,0.0636623674,-0.05515783705,-0.04939172566,-0.0612013477,0,-0.02158534996,0.07863335874,0.02838888219,-0.00409633479,-0.03227787614,0.008211325422,0.03833827184,0.008211325422,0.11,0.145,0.01,0,0
8.53,-0.1061632474,-0.09104157536,-0.04852328975,0.02000563646,-0.07991469397,0.9968017063,0.004999979167,0.9999875,0,0,1.356708852,1.558892581,-1.405472617,1.560371667,0.1350360228,-0.02906825948,0.1039513164,-1.336527847,1.649336143,1.292233206,1.404071768,0.05321956711,0.139792129,-0.5830330393,0.05624674998,0.006588611085,-0.02263059353,0.1064421132,0.06024597793,-0.05315046248,-0.0467163016,-0.0611248616,0,-0.02022790734,0.07924065672,0.02519989577,-0.005866274903,-0.03014971412,0.008212612498,0.03833853449,0.008212612498,0.11,0.145,0.01,0,0
8.54,-0.1066310264,-0.09084192618,-0.04504054353,0.01992456464,-0.07991469397,0.9968017063,0.004999979167,0.9999875,0,0,1.357271319,1.558958467,-1.405698923,1.561436088,0.1356384826,-0.02959976411,0.1034841534,-1.337139096,1.649336143,1.292030926,1.404864174,0.05347156606,0.1397334663,-0.5833345364,0.05632628016,0.006473694982,-0.02147122611,0.1047688778,0.05686625801,-0.05117787922,-0.04406074953,-0.06105358512,0,-0.01888911597,0.07984383458,0.02205713749,-0.007615717979,-0.02805005273,0.008213899234,0.03833879692,0.008213899234,0.11,0.145,0.01,0,0
8.55,-0.107064222,-0.09064307663,-0.0416069183,0.01984572328,-0.07991469397,0.9968017063,0.004999979167,0.9999875,0,0,1.357834582,1.559023204,-1.405913636,1.562483777,0.1362071452,-0.0301115429,0.1030435459,-1.337749632,1.649336143,1.291842035,1.405662613,0.05369213744,0.1396573091,-0.5836150369,0.05641123456,0.006360665167,-0.02033250635,0.1031259204,0.0535374276,-0.0492389474,-0.04144028393,-0.06098754304,0,-0.01756982824,0.08044272195,0.01896211927,-0.009343500628,-0.0259799507,0.008215185461,0.03833905916,0.008215185461,0.11,0.145,0.01,0,0
8.56,-0.1074633346,-0.090445004,-0.03822425413,0.01976919592,-0.07991469397,0.9968017063,0.004999979167,0.9999875,0,0,1.358398695,1.55908681,-1.406116961,1.563515036,0.1367425195,-0.03060393237,0.1026291431,-1.338359507,1.649336143,1.291666337,1.40646704,0.05388175863,0.1395638741,-0.5838748365,0.0564996333,0.006238736664,-0.01920200198,0.1015141545,0.05024981483,-0.04733610478,-0.0388440594,-0.06092677073,0,-0.01627087341,0.08103714649,0.01591634577,-0.0110484607,-0.02394045995,0.008216471319,0.03833932123,0.008216471319,0.11,0.145,0.01,0,0
8.57,-0.1078288831,-0.09024768472,-0.03489440596,0.01969506679,-0.07991469397,0.9968017063,0.004999979167,0.9999875,0,0,1.358963691,1.559149198,-1.406308981,1.564530178,0.1372450176,-0.03107729342,0.1022407025,-1.338968775,1.649336143,1.291503628,1.407277411,0.05404092209,0.1394533895,-0.5841142411,0.05659683418,0.006141279635,-0.01811908634,0.09993450391,0.04704043386,-0.0454647789,-0.03631219482,-0.06087509527,0,-0.01497519164,0.0816269338,0.01290708691,-0.0127302882,-0.02191678638,0.008217756657,0.03833958315,0.008217756657,0.11,0.145,0.01,0,0
8.58,-0.108161405,-0.09005109439,-0.03161924363,0.0196234208,-0.07991469397,0.9968017063,0.004999979167,0.9999875,0,0,1.359529659,1.55921061,-1.406490172,1.565529523,0.137715422,-0.03153194121,0.1018775805,-1.339577526,1.649336143,1.291353876,1.408093681,0.05416999296,0.1393260866,-0.5843334089,0.05669702853,0.006034393011,-0.01704422013,0.09838790386,0.04387519451,-0.04363111605,-0.0338071794,-0.06082116925,0,-0.01373747691,0.0822119073,0.009978767959,-0.01438526007,-0.0199577536,0.00821904221,0.03833984496,0.00821904221,0.11,0.145,0.01,0,0
8.59,-0.1084614565,-0.08985520774,-0.02840065185,0.01955434353,-0.07991469397,0.9968017063,0.004999979167,0.9999875,0,0,1.360096629,1.559270954,-1.406660614,1.566513402,0.1381541739,-0.03196825237,0.1015395087,-1.340185738,1.649336143,1.291216502,1.4089158,0.05426978064,0.139182234,-0.5845329865,0.05680015412,0.005918679609,-0.01597841206,0.0968753004,0.0407565305,-0.04183582058,-0.03133133384,-0.0607764574,0,-0.01250459202,0.0827918884,0.007089948015,-0.01601478086,-0.01801663502,0.008220327806,0.03834010665,0.008220327806,0.11,0.145,0.01,0,0
8.6,-0.1087296129,-0.08965999867,-0.02524053026,0.01948792123,-0.07991469397,0.9968017063,0.004999979167,0.9999875,0,0,1.360664631,1.559330141,-1.406820398,1.567482155,0.1385617392,-0.03238661058,0.1012261954,-1.340793502,1.649336143,1.291091456,1.409743719,0.05434068012,0.1390220862,-0.5847131528,0.05691164709,0.005827969798,-0.01496150769,0.09539765071,0.03772191336,-0.04007425404,-0.02892531787,-0.06073720581,0,-0.01129541033,0.08336669623,0.004256550478,-0.01761683581,-0.01611052628,0.008221613287,0.03834036827,0.008221613287,0.11,0.145,0.01,0,0
8.61,-0.1089664684,-0.08946544018,-0.02214079337,0.01942424084,-0.07991469397,0.9968017063,0.004999979167,0.9999875,0,0,1.361233748,1.559388421,-1.406970013,1.568436131,0.1389389583,-0.03278735312,0.1009369422,-1.341400874,1.649336143,1.290978502,1.410577386,0.05438324562,0.1388459178,-0.5848742581,0.05702565155,0.005727839963,-0.01395350548,0.09395592336,0.03473680995,-0.03835276045,-0.02655104629,-0.06070347653,0,-0.01011078143,0.08393614769,0.001480155621,-0.01919026719,-0.01424057083,0.008222899396,0.03834062982,0.008222899396,0.11,0.145,0.01,0,0
8.62,-0.1091726365,-0.08927150442,-0.01910337056,0.01936338997,-0.07991469397,0.9968017063,0.004999979167,0.9999875,0,0,1.361804004,1.559445699,-1.407109548,1.569375691,0.1392863264,-0.03317088072,0.1006714318,-1.342007909,1.649336143,1.290877394,1.411416747,0.05439804718,0.1386540152,-0.5850166638,0.05714219416,0.005619311546,-0.01295594041,0.09255109826,0.03180413295,-0.03667203286,-0.02421133976,-0.06067534099,0,-0.008951541984,0.08450005739,-0.001237654027,-0.02073391977,-0.01240791635,0.008224185953,0.03834070516,0.008224185953,0.11,0.145,0.01,0,0
8.63,-0.10934875,-0.08907816265,-0.01613020615,0.0193054569,-0.07991469397,0.9968017063,0.004999979167,0.9999875,0,0,1.362375426,1.559501892,-1.407239107,1.570301202,0.1396043678,-0.03353760105,0.1004293184,-1.342614662,1.649336143,1.290787878,1.412261748,0.05438567064,0.138446676,-0.5851407429,0.05726662985,0.005535679746,-0.01200797389,0.0911841667,0.02896075977,-0.03502754108,-0.02194625051,-0.06065287679,0,-0.007818531874,0.08505823763,-0.003895280678,-0.02224664027,-0.01061372928,0.008225472801,0.03833544053,0.008225472801,0.11,0.145,0.01,0,0
8.64,-0.1094954614,-0.08888538526,-0.0132232593,0.01925053059,-0.07991469397,0.9968017063,0.004999979167,0.9999875,0,0,1.362948092,1.559557249,-1.407359187,1.571213043,0.1398939754,-0.03388787646,0.1002098559,-1.343221191,1.649336143,1.290709693,1.41311233,0.05434671783,0.1382242096,-0.5852468802,0.05739137154,0.005431784123,-0.01105724792,0.08985613164,0.02616097735,-0.03342748289,-0.01970533425,-0.06063610523,0,-0.006712887222,0.08561049833,-0.006490877859,-0.0237272636,-0.00885945632,0.008226760676,0.03833028181,0.008226760676,0.11,0.145,0.01,0,0
8.65,-0.1096134425,-0.08869314172,-0.0103845041,0.01919870068,-0.07991469397,0.9968017063,0.004999979167,0.9999875,0,0,1.363522006,1.559611567,-1.40746976,1.572111605,0.1401555851,-0.03422215129,0.1000128025,-1.343827552,1.649336143,1.290642564,1.413968435,0.05428180905,0.1379869369,-0.5853354748,0.05752391893,0.005353862075,-0.0101579964,0.08856800752,0.02345527429,-0.03186525706,-0.01754357987,-0.06062518193,0,-0.005635146817,0.086156647,-0.009023061496,-0.02517465588,-0.007146028835,0.008228049098,0.0383252267,0.008228049098,0.105,0.145,0.01,0,0
8.66,-0.1097033854,-0.08850140062,-0.007615929515,0.01915005748,-0.07991469397,0.9968017063,0.004999979167,0.9999875,0,0,1.364097245,1.559665106,-1.40757134,1.572997285,0.1403901379,-0.03454080386,0.09983736672,-1.344433804,1.649336143,1.290586213,1.414830001,0.05419157844,0.1377351904,-0.5854069351,0.05765644524,0.005255137369,-0.009256094798,0.08732082056,0.02079632436,-0.03034939661,-0.01540869512,-0.06062020617,0,-0.004586148069,0.08669648873,-0.01149019661,-0.02658767162,-0.005474660407,0.008229338829,0.03832027285,0.008229338829,0.105,0.145,0.01,0,0
8.67,-0.1097660017,-0.08831012964,-0.004919539398,0.01910469199,-0.07991469397,0.9968017063,0.004999979167,0.9999875,0,0,1.36467381,1.559717657,-1.407663901,1.573870493,0.1405981011,-0.03484429783,0.09968327977,-1.345040006,1.649336143,1.290540351,1.415696966,0.05407667647,0.1374693137,-0.5854616817,0.05779664304,0.005182980901,-0.008407039683,0.08611560857,0.0182357689,-0.02887313454,-0.01335698164,-0.0606212847,0,-0.003566727403,0.08722982612,-0.01389063567,-0.02796516828,-0.003846580629,0.008230629369,0.03831541788,0.008230629369,0.105,0.145,0.01,0,0
8.68,-0.1098020235,-0.08811929555,-0.002297352499,0.01906269587,-0.07991469397,0.9968017063,0.004999979167,0.9999875,0,0,1.365251776,1.559769487,-1.407747971,1.574731649,0.1407804588,-0.03513302917,0.09954970996,-1.345646219,1.649336143,1.290504684,1.416569265,0.05393777011,0.137189662,-0.5855001475,0.057936629,0.005090116728,-0.007556241168,0.08495342126,0.0157258442,-0.02744515406,-0.01133558522,-0.0606285312,0,-0.002577723383,0.08775645924,-0.01622271603,-0.02930600624,-0.002263038082,0.008231921494,0.03831065932,0.008231921494,0.105,0.145,0.01,0,0
8.69,-0.1098122029,-0.08792886419,0.000248597541,0.01902416146,-0.07991469397,0.9968017063,0.004999979167,0.9999875,0,0,1.365831142,1.559820388,-1.407823533,1.575581183,0.1409377173,-0.03540748071,0.0994363541,-1.346252504,1.649336143,1.290478907,1.417446829,0.05377554295,0.1368966019,-0.5855227779,0.05808406384,0.00502367301,-0.006758858785,0.08383531995,0.01331789657,-0.02605875257,-0.009400533422,-0.06064206691,0,-0.001619973747,0.08827618564,-0.01848476216,-0.03060904905,-0.0007252978566,0.008233214702,0.03830599465,0.008233214702,0.105,0.145,0.01,0,0
8.7,-0.1097973125,-0.08773880047,0.002716262192,0.01898918178,-0.07991469397,0.9968017063,0.004999979167,0.9999875,0,0,1.366411983,1.559870625,-1.407891122,1.576419536,0.1410708962,-0.03566806824,0.09934234877,-1.346858925,1.649336143,1.290462707,1.418329591,0.05359069533,0.1365905114,-0.5855300309,0.05823127563,0.004937510259,-0.005961736049,0.0827623779,0.01096544141,-0.02472249155,-0.007500295735,-0.06066202082,0,-0.0006943153569,0.0887888003,-0.02067508561,-0.03187316353,0.0007653583459,0.008234509764,0.03830142128,0.008234509764,0.105,0.145,0.01,0,0
8.71,-0.1097581455,-0.08754906839,0.005103578031,0.01895785053,-0.07991469397,0.9968017063,0.004999979167,0.9999875,0,0,1.366994296,1.55992,-1.407950739,1.57724716,0.1411805506,-0.03591529315,0.09926734581,-1.347465545,1.649336143,1.290455764,1.419217479,0.05338394448,0.1362717798,-0.5855223773,0.05838380172,0.004865769878,-0.005204932685,0.08173568003,0.008706189141,-0.02343182708,-0.005675930193,-0.0606923184,0,0.0002160628784,0.08929409559,-0.02280603213,-0.03309805354,0.002223447541,0.008235806202,0.03829693653,0.008235806202,0.105,0.145,0.01,0,0
8.72,-0.1096955157,-0.08735963099,0.007408466744,0.01893026207,-0.07991469397,0.9968017063,0.004999979167,0.9999875,0,0,1.367578134,1.559968658,-1.408002789,1.578064517,0.1412676125,-0.03614961142,0.09921058651,-1.348072468,1.649336143,1.290457924,1.42011042,0.05315588416,0.1359407993,-0.5855001428,0.05853982596,0.004797818797,-0.004476546541,0.08075632311,0.006530912814,-0.0221895616,-0.003916863661,-0.06072160527,0,0.001056753718,0.08979186119,-0.02483324453,-0.03428005852,0.003599654911,0.008237104459,0.03829253914,0.008237104459,0.105,0.145,0.01,0,0
8.73,-0.1096102579,-0.08717045036,0.009628835128,0.01890651145,-0.07991469397,0.9968017063,0.004999979167,0.9999875,0,0,1.368163532,1.560016636,-1.408047554,1.57887208,0.1413329217,-0.03637150704,0.09917141787,-1.348679684,1.649336143,1.290468492,1.421008339,0.05290755171,0.1355979987,-0.5854641462,0.05869932268,0.004733860421,-0.003777271766,0.07982541562,0.004441760473,-0.02099674886,-0.002225024915,-0.06076165662,0,0.001881087696,0.09028188425,-0.02679810912,-0.0354206205,0.004941165928,0.008238404692,0.03828822331,0.008238404692,0.105,0.145,0.01,0,0
8.74,-0.1095032278,-0.08698148765,0.01176257509,0.0188866944,-0.07991469397,0.9968017063,0.004999979167,0.9999875,0,0,1.368750525,1.560063974,-1.408085327,1.579670334,0.1413773393,-0.03658147453,0.09914916763,-1.349287301,1.649336143,1.290487303,1.421911158,0.05263957062,0.1352437925,-0.5854147346,0.05886229516,0.004674223007,-0.003107961518,0.07894407779,0.002441021324,-0.01985444541,-0.0006024914592,-0.06080872054,0,0.002669995128,0.09076394914,-0.02868437003,-0.03651775517,0.006230300989,0.008239707061,0.03828398766,0.008239707061,0.105,0.145,0.01,0,0
8.75,-0.1093753022,-0.08679270304,0.01380756363,0.01887090731,-0.07991469397,0.9968017063,0.004999979167,0.9999875,0,0,1.369339148,1.560110717,-1.408116407,1.580459775,0.1414017495,-0.03678001898,0.09914314271,-1.349895388,1.649336143,1.290514003,1.422818797,0.05235272692,0.1348786149,-0.5853524316,0.05902704505,0.004608814713,-0.002457445722,0.07811344148,0.0005201173043,-0.01876544042,0.0009606703048,-0.06086296504,0,0.003422643699,0.09123783756,-0.03049027398,-0.0375703461,0.007465694246,0.008241011736,0.0382798292,0.008241011736,0.105,0.145,0.01,0,0
8.76,-0.1092273794,-0.08660405574,0.01576166288,0.01885924726,-0.07991469397,0.9968017063,0.004999979167,0.9999875,0,0,1.369929419,1.560156805,-1.408140981,1.58124091,0.1414069507,-0.03696767339,0.09915274941,-1.350504018,1.649336143,1.290548229,1.423731175,0.05204782418,0.1345029115,-0.5852777746,0.05919608055,0.004553121764,-0.001844137091,0.07733465013,-0.001302800494,-0.01772834978,0.002444893844,-0.06092829328,0,0.004155497594,0.09170332852,-0.03222782798,-0.0385780786,0.008661525918,0.008242318611,0.03827574488,0.008242318611,0.105,0.145,0.01,0,0
8.77,-0.1090603791,-0.08641550401,0.01762272007,0.018851812,-0.07991469397,0.9968017063,0.004999979167,0.9999875,0,0,1.370521379,1.560202336,-1.408159422,1.582014256,0.1413939227,-0.03714495689,0.09917719835,-1.351113301,1.649336143,1.290589784,1.424648209,0.0517255459,0.1341171307,-0.5851911594,0.05936891514,0.004501995699,-0.00125779884,0.07660038797,-0.003047185037,-0.01673552565,0.003867164402,-0.06099286397,0,0.004821573116,0.09216298013,-0.03386841695,-0.03954621498,0.009779420946,0.008243628001,0.03827173297,0.008243628001,0.105,0.14,0.01,0,0
8.78,-0.1088750708,-0.0862270102,0.01944709823,0.01884695437,-0.07991469397,0.9968017063,0.004999979167,0.9999875,0,0,1.371115069,1.560247356,-1.408172,1.58278026,0.1413634508,-0.03731231214,0.09921587,-1.351723229,1.649336143,1.290638,1.425569838,0.05138686173,0.1337216685,-0.5850933652,0.05966419566,0.005165469556,-0.001489850508,0.07586288457,-0.004063884847,-0.01561594044,0.004480620396,-0.0610647063,0,0.005512476311,0.09263253302,-0.03554101369,-0.04052695557,0.01092738605,0.008244940091,0.03826778787,0.008244940091,0.105,0.14,0.01,0,0
8.79,-0.1086712563,-0.08603856539,0.02132475904,0.01884198518,-0.07991469397,0.9968017063,0.004999979167,0.9999875,0,0,1.371711711,1.560299011,-1.408186899,1.583538889,0.141322812,-0.03746847155,0.0992606762,-1.352333877,1.649336143,1.290693125,1.426496164,0.05103145159,0.133316399,-0.5849840913,0.05998777189,0.005965954787,-0.001863127982,0.07510527354,-0.004987889826,-0.01444520979,0.004976472343,-0.06114227795,0,0.006240643661,0.09311734989,-0.03727509594,-0.04153752663,0.01212575856,0.008246274555,0.03826391187,0.008246274555,0.105,0.14,0.01,0,0
8.8,-0.1084483986,-0.08585017097,0.02325553894,0.0188368754,-0.07991469397,0.9968017063,0.004999979167,0.9999875,0,0,1.372311588,1.56035867,-1.40820553,1.584289942,0.1412729331,-0.03761292364,0.09931044092,-1.352945299,1.649336143,1.290755531,1.427427337,0.05065870063,0.1329010237,-0.5848628337,0.06032075717,0.006789369233,-0.002246165616,0.07432797167,-0.005937131329,-0.01324265386,0.005485360825,-0.0612138405,0,0.00695175182,0.09361707418,-0.03902667338,-0.04257471864,0.01332539186,0.008247635344,0.03826010843,0.008247635344,0.105,0.14,0.01,0,0
8.81,-0.1082059726,-0.08566182834,0.02523819343,0.01883162834,-0.07991469397,0.9968017063,0.004999979167,0.9999875,0,0,1.372914796,1.560426564,-1.408227992,1.585033221,0.1412135617,-0.03774535018,0.09936529453,-1.353557438,1.649336143,1.290825049,1.428363508,0.0502684339,0.1324752765,-0.5847295798,0.06066283794,0.007634840513,-0.002638199729,0.07353141254,-0.006911405277,-0.0120090434,0.006007346557,-0.06129114943,0,0.007700295515,0.0941313454,-0.04083842265,-0.04364024912,0.01457525258,0.008249023299,0.03825637649,0.008249023299,0.105,0.14,0.01,0,0
8.82,-0.1079434659,-0.08547353885,0.02727148668,0.01882624727,-0.07991469397,0.9968017063,0.004999979167,0.9999875,0,0,1.373521424,1.560502912,-1.408254374,1.585768535,0.1411444477,-0.03786544062,0.099425368,-1.354170349,1.649336143,1.290902052,1.429304821,0.04986004967,0.132038874,-0.5845838273,0.06101375982,0.008501876932,-0.003038903202,0.07271602453,-0.007910118177,-0.0107450826,0.006542051785,-0.06137359192,0,0.008483438716,0.09465980601,-0.04270737033,-0.04473320432,0.01587267528,0.008250439251,0.03825271959,0.008250439251,0.105,0.14,0.01,0,0
8.83,-0.1076603782,-0.08528530383,0.02935419153,0.01882073543,-0.07991469397,0.9968017063,0.004999979167,0.9999875,0,0,1.374131562,1.560587931,-1.408284763,1.586495696,0.1410653465,-0.03797289144,0.09949078852,-1.354784085,1.649336143,1.290986886,1.43025142,0.04943297597,0.131591542,-0.5844251005,0.06137326569,0.009389989617,-0.003447949583,0.07188223099,-0.00893268103,-0.009451471084,0.007089096062,-0.06144996852,0,0.009249455559,0.09520210146,-0.04459158086,-0.04585052084,0.01717074488,0.008251884031,0.03824914113,0.008251884031,0.105,0.14,0.01,0,0
8.84,-0.1073562214,-0.08509712457,0.03148508946,0.01881509604,-0.07991469397,0.9968017063,0.004999979167,0.9999875,0,0,1.374745294,1.560681831,-1.408319242,1.587214518,0.1409760197,-0.03806740615,0.09956167948,-1.355398585,1.649336143,1.291079381,1.431203441,0.04898706016,0.1311330368,-0.5842533931,0.06174109578,0.01029869243,-0.003865013021,0.07103045026,-0.009978509418,-0.008128903974,0.007648096406,-0.06153500958,0,0.01006650394,0.09575788031,-0.04654467343,-0.04699445778,0.01853094763,0.008253358469,0.0382456401,0.008253358469,0.105,0.14,0.01,0,0
8.85,-0.1070305198,-0.08490900232,0.03366297059,0.01880933232,-0.07991469397,0.9968017063,0.004999979167,0.9999875,0,0,1.375362705,1.560784818,-1.408357892,1.587924822,0.1408762346,-0.03814869519,0.09963816044,-1.356013935,1.649336143,1.291180046,1.432161019,0.04852161343,0.1306630922,-0.5840680836,0.0621169877,0.01122750196,-0.004289768299,0.07016109575,-0.0110470235,-0.006778071913,0.008218667373,-0.06161747631,0,0.01088271511,0.09632679399,-0.04852461352,-0.04816195736,0.01990622489,0.008254863398,0.03824222138,0.008254863398,0.105,0.14,0.01,0,0
8.86,-0.1066828094,-0.08472093832,0.03588663371,0.01880344744,-0.07991469397,0.9968017063,0.004999979167,0.9999875,0,0,1.375983875,1.560897093,-1.40840079,1.588626433,0.1407657644,-0.03821647591,0.09972034711,-1.35663011,1.649336143,1.291288873,1.433124287,0.04803636729,0.1301814726,-0.5838690213,0.0625006765,0.01217593753,-0.004721890867,0.06927457593,-0.01213764799,-0.005399661084,0.008800421129,-0.06170071901,0,0.01171366231,0.09690849696,-0.05054312882,-0.04935294897,0.02131051911,0.008256399651,0.03823888543,0.008256399651,0.105,0.14,0.01,0,0
8.87,-0.1063126385,-0.08453293377,0.03815488627,0.01879744455,-0.07991469397,0.9968017063,0.004999979167,0.9999875,0,0,1.376608882,1.561018852,-1.408448009,1.589319179,0.1406443879,-0.03827047252,0.09980835132,-1.357247117,1.649336143,1.291406009,1.434093372,0.047530936,0.1296879431,-0.5836559162,0.06289189481,0.01314352119,-0.005161056891,0.06837129445,-0.0132498122,-0.003994353242,0.009392967544,-0.06178449549,0,0.01255832284,0.09750264664,-0.05259872924,-0.05056662745,0.02274276852,0.008257968067,0.03823563412,0.008257968067,0.105,0.14,0.01,0,0
8.88,-0.105919567,-0.08434498981,0.04046654437,0.01879132679,-0.07991469397,0.9968017063,0.004999979167,0.9999875,0,0,1.377237801,1.561150287,-1.40849962,1.590002892,0.1405118898,-0.03831041606,0.099902281,-1.357864962,1.649336143,1.291531593,1.435068399,0.04700494871,0.1291822769,-0.5834284885,0.0632903729,0.01412977774,-0.005606943297,0.06745165019,-0.01438294998,-0.002562825742,0.009995914273,-0.0618723569,0,0.01343316747,0.0981089034,-0.05470389268,-0.05180292254,0.02421781367,0.008259569486,0.03823246923,0.008259569486,0.105,0.14,0.01,0,0
8.89,-0.1055031668,-0.0841571076,0.04282043274,0.01878509726,-0.07991469397,0.9968017063,0.004999979167,0.9999875,0,0,1.377870705,1.561291585,-1.408555689,1.590677409,0.1403680603,-0.03833604431,0.1000022401,-1.358483685,1.649336143,1.291665924,1.436049488,0.04645790978,0.1286642476,-0.5831863103,0.06350870886,0.01399067725,-0.004750097709,0.06651602388,-0.01671872299,-0.001291738502,0.01192768699,-0.06195496358,0,0.01429525302,0.09872693045,-0.05682370126,-0.05305926284,0.02569651978,0.008261204757,0.03822939404,0.008261204757,0.105,0.14,0.01,0,0
8.9,-0.1050630215,-0.08396928823,0.04521538479,0.01877875906,-0.07991469397,0.9968017063,0.004999979167,0.9999875,0,0,1.378505792,1.561431492,-1.40860319,1.591342569,0.140200873,-0.0383489617,0.100121517,-1.359103235,1.649336143,1.291808877,1.437036757,0.04588967277,0.128133655,-0.5829293451,0.06343093302,0.01201734784,-0.001782840516,0.06556479677,-0.02098493566,-0.0002958179593,0.01600496261,-0.06204544267,0,0.01520519598,0.09935639406,-0.05900588258,-0.05433741891,0.02723387616,0.008262842598,0.03822640814,0.008262842598,0.105,0.135,0.01,0,0
8.91,-0.1045987261,-0.08378153277,0.04765024258,0.01877231526,-0.07991469397,0.9968017063,0.004999979167,0.9999875,0,0.5,1.379140101,1.561551665,-1.408621018,1.591998217,0.1399910237,-0.03835191988,0.1002815666,-1.359723689,1.649336143,1.291960929,1.438030321,0.04529961395,0.1275902808,-0.5826570064,0.06385609343,0.01309435221,-0.002295487043,0.06459841095,-0.02213255628,0.001218378273,0.01659358668,-0.06212873482,0,0.01609374564,0.09999696319,-0.0611945278,-0.05563376053,0.02876677739,0.00826443138,0.03822351643,0.00826443138,0.105,0.135,0.01,0,0
8.92,-0.1041098874,-0.08359384227,0.05012385683,0.01876576888,-0.07991469397,0.9968017063,0.009999833334,0.9999500004,0,0,1.379778662,1.561682609,-1.408643973,1.592644201,0.1397696981,-0.0383397361,0.1004475025,-1.360344977,1.649336143,1.292121866,1.439030291,0.04468766867,0.1270339432,-0.5823693386,0.06428757827,0.01418881695,-0.002814157111,0.06361721123,-0.02329825108,0.002756379352,0.01719026106,-0.06221603291,0,0.01701259798,0.1006483098,-0.06343027561,-0.05694965956,0.030342158,0.00826605689,0.03822071784,0.00826605689,0.105,0.14,0.01,0,0
8.93,-0.1035961236,-0.08340621773,0.05263508689,0.01875912295,-0.07991469397,0.9968017063,0.009999833334,0.9999500004,0,0,1.380421538,1.561824497,-1.408672115,1.593280373,0.1395367156,-0.0383121723,0.1006194051,-1.360967137,1.649336143,1.292291992,1.440036774,0.04405336591,0.1264644466,-0.582065917,0.06472510501,0.01530026767,-0.003338516173,0.06262157353,-0.02448149139,0.004317526982,0.01779459867,-0.06230678271,0,0.01795932393,0.1013101087,-0.06571058392,-0.05828422193,0.03195775696,0.008267719956,0.03821801582,0.008267719956,0.105,0.14,0.015,0,0
8.94,-0.1030570641,-0.08321866013,0.05518280078,0.01875238048,-0.07991469397,0.9968017063,0.009999833334,0.9999500004,0,0,1.381068789,1.5619775,-1.4087055,1.593906589,0.1392919007,-0.03826899703,0.1007973511,-1.361590205,1.649336143,1.292471585,1.441049875,0.04339626007,0.1258816044,-0.5817463395,0.06516838928,0.01642823282,-0.003868231148,0.06161186941,-0.02568175307,0.005901166825,0.01840621075,-0.06238984207,0,0.01888281066,0.1019820375,-0.06799400749,-0.05963467012,0.03356683118,0.008269421416,0.03821541367,0.008269421416,0.105,0.14,0.015,0,0
8.95,-0.1024923497,-0.08303117043,0.05776587517,0.01874554442,-0.07991469397,0.9968017063,0.009999833334,0.9999500004,0,0,1.381720473,1.562141782,-1.408744182,1.594522707,0.1390350832,-0.03820998536,0.1009814132,-1.362214103,1.649336143,1.292660414,1.442069695,0.04271632,0.1252852577,-0.5814106711,0.06561714504,0.01757224372,-0.004402970487,0.06058846613,-0.02689851649,0.007506648473,0.01902470698,-0.06248012679,0,0.01985184387,0.1026637765,-0.07033490965,-0.06100295011,0.03523207839,0.00827116212,0.03821291029,0.00827116212,0.105,0.14,0.015,0,0
8.96,-0.1019016324,-0.08284374955,0.0603831954,0.01873861772,-0.07991469397,0.9968017063,0.009999833334,0.9999500004,0,0,1.382376644,1.562317505,-1.408788212,1.595128592,0.138766098,-0.03813491888,0.1011716603,-1.362838905,1.649336143,1.292858932,1.443096333,0.0420129709,0.1246752282,-0.5810583504,0.06607108469,0.01873183455,-0.004942404247,0.05955172674,-0.02813126655,0.009133325419,0.01964969566,-0.06256624618,0,0.02081419044,0.1033550089,-0.07269096073,-0.06238626006,0.03690571669,0.008272942926,0.03821051062,0.008272942926,0.105,0.14,0.015,0,0
8.97,-0.1012845753,-0.08265639837,0.06303365544,0.01873160333,-0.07991469397,0.9968017063,0.009999833334,0.9999500004,0,0,1.383037355,1.562504823,-1.408837636,1.595724109,0.1384847853,-0.03804358562,0.1013681572,-1.363464567,1.649336143,1.293067074,1.444129883,0.04128606129,0.1240513656,-0.5806892932,0.0665299192,0.01990654232,-0.005486204164,0.05850201015,-0.02937949267,0.01078055503,0.02028078384,-0.06265159073,0,0.021785625,0.1040554207,-0.07507418317,-0.06378446685,0.03860205832,0.008274764704,0.03820821506,0.008274764704,0.1,0.14,0.015,0,0
8.98,-0.1006408525,-0.08246911776,0.06571615792,0.01872450413,-0.07991469397,0.9968017063,0.009999833334,0.9999500004,0,0,1.383702654,1.562703888,-1.408892498,1.596309129,0.1381909904,-0.03793578007,0.1015709651,-1.364091083,1.649336143,1.29328493,1.445170437,0.04053531946,0.1234135209,-0.5803032726,0.06699335827,0.02109590686,-0.006034043731,0.05743967123,-0.0306426888,0.01244769851,0.02091757747,-0.06273592205,0,0.0227652333,0.1047647005,-0.07748327258,-0.06519678423,0.04032018311,0.008276628337,0.03820602546,0.008276628337,0.1,0.14,0.015,0,0
8.99,-0.09997014901,-0.08228190856,0.06842961413,0.01871732302,-0.07991469397,0.9968017063,0.009999833334,0.9999500004,0,0,1.384372588,1.562914847,-1.408952839,1.596883526,0.1378845635,-0.03781130309,0.1017801409,-1.364718442,1.649336143,1.293512582,1.446218084,0.03976048674,0.1227615531,-0.5799000708,0.06746111046,0.02229947087,-0.00658559828,0.05636506089,-0.0319203534,0.01413412088,0.02155968155,-0.06281897166,0,0.0237519691,0.1054825397,-0.07991682675,-0.06662242468,0.04205905132,0.008278534722,0.03820394362,0.008278534722,0.1,0.135,0.015,0,0
9,-0.09927216066,-0.08209477156,0.07117294401,0.01871006285,-0.07991469397,0.9968017063,0.009999833334,0.9999500004,0,0,1.385047199,1.563137842,-1.409018695,1.597447177,0.13756536,-0.03766996188,0.1019957377,-1.365346632,1.649336143,1.293750102,1.44727291,0.03896131847,0.1220953288,-0.5794794803,0.06793288334,0.02351677986,-0.007140545063,0.05527852614,-0.03321198949,0.01583919097,0.02220670031,-0.06290429734,0,0.02476237319,0.1062086323,-0.08238753776,-0.06806121687,0.04383377905,0.008280484768,0.03820197128,0.008280484768,0.1,0.135,0.015,0,0
9.01,-0.09854659412,-0.08190770756,0.07394507616,0.01870272645,-0.07991469397,0.9968017063,0.009999833334,0.9999500004,0,0,1.385726528,1.56337301,-1.4090901,1.597999962,0.1372332401,-0.03751156997,0.1022178047,-1.365975675,1.649336143,1.293997726,1.448334996,0.03813744309,0.1214147167,-0.5790411425,0.06840838364,0.02474738215,-0.007698563337,0.05418041021,-0.03451710459,0.01756228132,0.02285823737,-0.06298191517,0,0.02575076775,0.1069426752,-0.08485827795,-0.06951081025,0.04560235211,0.008282479398,0.03820011172,0.008282479398,0.1,0.135,0.015,0,0
9.02,-0.09779316667,-0.08172071728,0.07674494783,0.01869531664,-0.07991469397,0.9968017063,0.009999833334,0.9999500004,0,0,1.386410612,1.563620484,-1.409167086,1.598541766,0.136888069,-0.03733594716,0.102446387,-1.366605494,1.649336143,1.294255234,1.449404423,0.03728886031,0.1207196086,-0.578585119,0.0688873174,0.02599082889,-0.008259334454,0.05307105264,-0.03583521079,0.01930276825,0.02351389587,-0.0630677465,0,0.02679051175,0.1076843676,-0.08738727749,-0.07097298807,0.04743211375,0.008284519554,0.03819836418,0.008284519554,0.1,0.135,0.015,0,0
9.03,-0.09701160621,-0.08153380146,0.07957150492,0.01868783621,-0.07991469397,0.9968017063,0.009999833334,0.9999500004,0,0.5,1.387099485,1.563880392,-1.409249679,1.599072477,0.1365297169,-0.03714291947,0.102681526,-1.367236172,1.649336143,1.294523139,1.450481266,0.03641498754,0.1200098787,-0.5781107978,0.06936939011,0.02724667405,-0.008822541952,0.05195078934,-0.03716582471,0.02106003176,0.02417327869,-0.06314619532,0,0.0278101556,0.1084334116,-0.08991676626,-0.07244454597,0.04925733759,0.00828660619,0.03819673449,0.00828660619,0.1,0.135,0.015,0,0
9.04,-0.09620165111,-0.08134696078,0.08242370199,0.01868028792,-0.07991469397,0.9968017063,0.01499943751,0.9998875021,0,0,1.387793179,1.564152859,-1.409337904,1.599591985,0.1361580587,-0.03693231916,0.1029232588,-1.367867633,1.649336143,1.29480124,1.451565601,0.03551581987,0.1192854332,-0.5776182244,0.06985430691,0.02851447437,-0.009387871641,0.05081995271,-0.03850846749,0.02283345552,0.02483598861,-0.06322035833,0,0.02882414176,0.1091895116,-0.09245777443,-0.07392528158,0.05109118796,0.008288740279,0.03819522216,0.008288740279,0.1,0.14,0.015,0,0
9.05,-0.09536305016,-0.08116019592,0.08530050224,0.01867267452,-0.07991469397,0.9968017063,0.01499943751,0.9998875021,0,0,1.388491722,1.564438004,-1.409431783,1.600100184,0.135772974,-0.0367039846,0.1031716187,-1.368499837,1.649336143,1.295089482,1.452657496,0.03459124213,0.1185461804,-0.5771073126,0.07034177269,0.02979378944,-0.009955011703,0.0496788717,-0.03986266485,0.02462242685,0.02550162845,-0.06329952994,0,0.0298753902,0.1099523749,-0.09504422344,-0.07541581769,0.05297317403,0.008290922809,0.03819382799,0.008290922809,0.1,0.14,0.015,0,0
9.06,-0.09449556248,-0.0809735075,0.08820087754,0.01866499873,-0.07991469397,0.9968017063,0.01499943751,0.9998875021,0,0,1.38919514,1.564735941,-1.409531333,1.600596973,0.1353743474,-0.03645776033,0.103426635,-1.369132832,1.649336143,1.295388236,1.453757019,0.0336407999,0.1177920222,-0.5765775808,0.07083149231,0.03108418163,-0.01052365278,0.04852787193,-0.04122794705,0.0264263367,0.02616980129,-0.06337281881,0,0.03091408233,0.1107217111,-0.0976356472,-0.07691381536,0.05485733238,0.008293154789,0.03819255673,0.008293154789,0.1,0.14,0.015,0,0
9.07,-0.09359895743,-0.08078689614,0.09112380841,0.01865726324,-0.07991469397,0.9968017063,0.01499943751,0.9998875021,0,0,1.389903454,1.565046783,-1.40963657,1.601082252,0.1349620679,-0.03619349697,0.103688333,-1.369766561,1.649336143,1.295697376,1.454864237,0.03266444342,0.1170228841,-0.5760290075,0.07132317073,0.0323852161,-0.01109348809,0.04736727578,-0.04260384888,0.02824457962,0.02684011063,-0.06344370159,0,0.03195641467,0.1114972324,-0.1002445356,-0.07841907067,0.05675852332,0.008295437243,0.03819140864,0.008295437243,0.1,0.135,0.015,0,0
9.08,-0.0926730145,-0.08060036242,0.09406828403,0.01864947074,-0.07991469397,0.9968017063,0.01499943751,0.9998875021,0,0,1.390616686,1.565370635,-1.409747505,1.601555924,0.1345360294,-0.03591105117,0.1039567341,-1.370400998,1.649336143,1.296016941,1.455979209,0.03166199807,0.1162386934,-0.5754614223,0.07181651316,0.03369646081,-0.01166421348,0.04619740246,-0.04398990973,0.03007655372,0.02751216056,-0.06351191149,0,0.03300138703,0.1122786534,-0.1028695937,-0.07993082676,0.05867576639,0.008297771215,0.03819038552,0.008297771215,0.1,0.135,0.015,0,0
9.09,-0.09171752327,-0.08041390691,0.09703330221,0.01864162387,-0.07991469397,0.9968017063,0.01499943751,0.9998875021,0,0,1.391334851,1.5657076,-1.409864147,1.602017898,0.1340961303,-0.03561028563,0.1042318557,-1.371036117,1.649336143,1.296346954,1.457101995,0.03063330213,0.1154393851,-0.5748746646,0.07231122526,0.03501748652,-0.01223552757,0.04501856811,-0.04538567352,0.03192166067,0.02818555594,-0.06358033076,0,0.03406247803,0.1130656914,-0.105521178,-0.08144872735,0.06062149222,0.008300157769,0.03818948908,0.008300157769,0.1,0.135,0.015,0,0
9.1,-0.09073228329,-0.08022753012,0.1000178694,0.01863372527,-0.07991469397,0.9968017063,0.01499943751,0.9998875021,0,0,1.392057964,1.566057775,-1.409986502,1.602468084,0.1336422736,-0.03529106903,0.1045137112,-1.37167192,1.649336143,1.296687579,1.458232652,0.02957809035,0.1146248978,-0.5742684497,0.0728070133,0.03634786676,-0.01280713185,0.04383108591,-0.04679068876,0.03377930565,0.02885990262,-0.06364629017,0,0.03512765525,0.1138580657,-0.1081891528,-0.08297168282,0.06258454036,0.008302597988,0.03818872233,0.008302597988,0.1,0.135,0.015,0,0
9.11,-0.089717104,-0.08004123257,0.1030210008,0.01862577753,-0.07991469397,0.9968017063,0.01499943751,0.9998875021,0,0.5,1.392786034,1.566421254,-1.410114573,1.602906395,0.1331743667,-0.03495327597,0.1048023103,-1.372308383,1.649336143,1.297038856,1.459371233,0.02849619882,0.113795181,-0.5736426043,0.07330358429,0.03768717787,-0.01337873074,0.04263526614,-0.04820450851,0.03564889737,0.02953480759,-0.06370760479,0,0.03618710438,0.1146554985,-0.1108651512,-0.0844987178,0.06455575902,0.008305092974,0.03818808723,0.008305092974,0.1,0.135,0.02,0,0
9.12,-0.08867180465,-0.07985501472,0.1060417202,0.01861778325,-0.07991469397,0.9968017063,0.01999866669,0.9998000067,0,0,1.39351907,1.566798125,-1.410248361,1.603332748,0.1326923216,-0.034596787,0.1050976583,-1.372945459,1.649336143,1.297400727,1.460517788,0.02738754731,0.1129501938,-0.5729970467,0.0738006462,0.03903499897,-0.01395003174,0.04143141632,-0.04962669042,0.03752984799,0.03020987914,-0.06376243797,0,0.03723260137,0.115457714,-0.1135420735,-0.0860289471,0.06652743266,0.008307643852,0.03818758484,0.008307643852,0.095,0.14,0.02,0,0
9.13,-0.0875962142,-0.07966887705,0.10907906,0.01860974499,-0.07991469397,0.9968017063,0.01999866669,0.9998000067,0,0,1.394257076,1.567188475,-1.410387861,1.603747062,0.1321960547,-0.03422148852,0.1053997571,-1.373583083,1.649336143,1.297773053,1.461672365,0.02625212658,0.1120899043,-0.5723317724,0.07429790808,0.04039091197,-0.01452074547,0.04021984124,-0.05105679669,0.03942157316,0.03088472712,-0.06382142444,0,0.03831330642,0.116264439,-0.1162590652,-0.08756286372,0.06854517271,0.008310251765,0.03818721551,0.008310251765,0.095,0.135,0.02,0,0
9.14,-0.08649017125,-0.07948281996,0.1121320613,0.01860166528,-0.07991469397,0.9968017063,0.01999866669,0.9998000067,0,0,1.395000055,1.567592384,-1.410533068,1.60414926,0.1316854867,-0.03382727278,0.1057086044,-1.374221298,1.649336143,1.298156186,1.462835009,0.02508953592,0.1112142757,-0.5716463206,0.07479508028,0.04175450157,-0.01509058585,0.0390008431,-0.05249439415,0.04132349196,0.03155896304,-0.06387326312,0,0.03937746836,0.1170754026,-0.1189740025,-0.08909847071,0.0705608859,0.008312917877,0.0381869842,0.008312917877,0.095,0.135,0.02,0,0
9.15,-0.08535352394,-0.07929684387,0.1151997738,0.01859354663,-0.07991469397,0.9968017063,0.01999866669,0.9998000067,0,0,1.395748006,1.568009929,-1.410683974,1.604539269,0.1311605428,-0.03341403787,0.106024194,-1.37486003,1.649336143,1.298549961,1.464005763,0.0238997959,0.110323291,-0.5709407118,0.07529187455,0.04312535526,-0.01565927012,0.03777472157,-0.05393905416,0.04323502691,0.03223220031,-0.06392513554,0,0.04045837579,0.117890336,-0.1217132794,-0.09063583669,0.07260548035,0.008315643377,0.03818689107,0.008315643377,0.095,0.135,0.02,0,0
9.16,-0.08418612987,-0.07911094915,0.118281256,0.01858539154,-0.07991469397,0.9968017063,0.01999866669,0.9998000067,0,0,1.396500925,1.568441183,-1.410840567,1.604917016,0.1306211522,-0.0329816876,0.106346516,-1.375499282,1.649336143,1.298954544,1.465184667,0.0226826631,0.1094169326,-0.570214657,0.07578800426,0.04450306332,-0.016226519,0.03654177389,-0.0553903527,0.04515560393,0.03290405441,-0.0639687649,0,0.04151815231,0.1187089729,-0.1244459079,-0.09217343431,0.0746436466,0.00831842947,0.03818693945,0.00831842947,0.095,0.135,0.02,0,0
9.17,-0.08298785603,-0.07892513615,0.1213755749,0.01857720248,-0.07991469397,0.9968017063,0.01999866669,0.9998000067,0,0,1.397258805,1.568886214,-1.411002832,1.605282434,0.1300672487,-0.03253013156,0.1066755566,-1.376138969,1.649336143,1.299369726,1.466371757,0.02143820402,0.1084951983,-0.5694682205,0.07628318457,0.04588721883,-0.01679205675,0.03530229497,-0.05684787034,0.04708465235,0.03357414305,-0.06400958034,0,0.04258202402,0.1195310493,-0.1271918046,-0.09371113521,0.07669881337,0.008321277385,0.03818712913,0.008321277385,0.095,0.135,0.02,0,0
9.18,-0.08175857867,-0.07873940521,0.1244818063,0.0185689819,-0.07991469397,0.9968017063,0.01999866669,0.9998000067,0,0,1.398021637,1.569345086,-1.411170753,1.605635456,0.12949877,-0.03205928503,0.107011298,-1.376779065,1.649336143,1.299795546,1.467567067,0.02016628598,0.1075580869,-0.5687012324,0.07677713254,0.04727741768,-0.0173556113,0.03405657745,-0.05831119223,0.04902160487,0.03424208641,-0.0640458136,0,0.04364207525,0.1203563031,-0.1299441581,-0.09524808874,0.0787635562,0.008324188375,0.03818746229,0.008324188375,0.095,0.135,0.02,0,0
9.19,-0.08049818325,-0.07855375661,0.1275990344,0.01856073221,-0.07991469397,0.9968017063,0.01999866669,0.9998000067,0,0.5,1.398789408,1.56981786,-1.411344309,1.605976022,0.1289156581,-0.03156906898,0.1073537189,-1.377419523,1.649336143,1.300231967,1.46877063,0.0188668444,0.1066056061,-0.5679135968,0.07726965128,0.0486737805,-0.01791750309,0.03280491195,-0.05977938199,0.05096597522,0.03490690481,-0.06408512332,0,0.04473387245,0.121184475,-0.1327313282,-0.09678420351,0.08087108987,0.008327163711,0.03818794041,0.008327163711,0.095,0.13,0.02,0,0
9.2,-0.07920656435,-0.07836819065,0.1307263523,0.01855245582,-0.07991469397,0.9968017063,0.02499739591,0.9996875163,0,0,1.399562104,1.570304598,-1.411523484,1.606304071,0.1283178643,-0.03105940923,0.1077027879,-1.378060374,1.649336143,1.300679306,1.469982475,0.01753953112,0.105637764,-0.5671048859,0.07776021094,0.05007434669,-0.01847570534,0.03154758642,-0.06125360913,0.05291697011,0.03557002682,-0.06411294285,0,0.04579045846,0.1220153072,-0.1354987634,-0.09831762527,0.08295879707,0.008330204704,0.03818856842,0.008330204704,0.095,0.135,0.02,0,0
9.21,-0.07788362557,-0.07818270758,0.1338628617,0.0185441551,-0.07991469397,0.9968017063,0.02499739591,0.9996875163,0,0,1.400339706,1.570805341,-1.411708241,1.606619547,0.1277053282,-0.03053023953,0.1080584882,-1.378701504,1.649336143,1.30113721,1.471202628,0.01618454348,0.1046545878,-0.5662752979,0.07824878625,0.05148027933,-0.0190317163,0.03028488769,-0.06273190027,0.05487426494,0.03622928185,-0.06413784174,0,0.04685157689,0.1228485446,-0.138278193,-0.09984839218,0.08506375934,0.008333312637,0.03818934483,0.008333312637,0.095,0.135,0.025,0,0
9.22,-0.07652927944,-0.07799730762,0.1370076729,0.01853583241,-0.07991469397,0.9968017063,0.02499739591,0.9996875163,0,0,1.401122194,1.571320144,-1.411898558,1.606922396,0.1270780092,-0.02998149688,0.108420781,-1.379342882,1.649336143,1.301605726,1.472431113,0.01480176155,0.1036561038,-0.5654246603,0.07873502015,0.05289066695,-0.01958469424,0.02901710008,-0.06421438227,0.05683722837,0.0368849002,-0.06416155122,0,0.04792546995,0.1236839341,-0.1410759202,-0.1013759029,0.0871936893,0.008336488865,0.03819027202,0.008336488865,0.09,0.135,0.025,0,0
9.23,-0.07514344737,-0.077811991,0.1401599049,0.01852749009,-0.07991469397,0.9968017063,0.02499739591,0.9996875163,0,0,1.401909545,1.571849051,-1.412094405,1.607212567,0.1264358654,-0.0294131246,0.10878963,-1.379984498,1.649336143,1.302084981,1.473667953,0.01339100235,0.1026423448,-0.5645527234,0.07921864185,0.05430511951,-0.0201343868,0.02774450621,-0.06570066326,0.0588053099,0.03753651691,-0.06417473548,0,0.0489692096,0.1245212245,-0.1438567566,-0.1028989312,0.08930827974,0.008339734746,0.03819135318,0.008339734746,0.09,0.135,0.025,0,0
9.24,-0.07372605952,-0.07762675788,0.1433186853,0.01851913043,-0.07991469397,0.9968017063,0.02499739591,0.9996875163,0,0,1.402701731,1.572392102,-1.412295749,1.607490012,0.1257788587,-0.0288250715,0.1091649952,-1.380626245,1.649336143,1.302574673,1.474913165,0.01195243478,0.1016133555,-0.5636596406,0.07969938344,0.05572324982,-0.02068054585,0.02646738693,-0.06719035601,0.06077796237,0.03818377055,-0.06419291492,0,0.05005478871,0.1253601671,-0.1466787186,-0.1044176692,0.09147506494,0.008343051662,0.03819258734,0.008343051662,0.09,0.13,0.025,0,0
9.25,-0.07227705472,-0.07744160844,0.1464831504,0.01851075573,-0.07991469397,0.9968017063,0.02499739591,0.9996875163,0,0.5,1.403498725,1.572949334,-1.412502554,1.607754686,0.1251069552,-0.02821729188,0.1095468329,-1.381268174,1.649336143,1.303075221,1.476166767,0.0104856476,0.1005691788,-0.56274489,0.08017698009,0.05714467354,-0.02122292756,0.02518602144,-0.06868307788,0.06275464199,0.03882630336,-0.06419618272,0,0.05109032521,0.1262005149,-0.1494668648,-0.1059304408,0.09360769525,0.008346441015,0.03819398066,0.008346441015,0.09,0.13,0.025,0,0
9.26,-0.07079638041,-0.07725654281,0.1496524451,0.01850236825,-0.07991469397,0.9968017063,0.0299955002,0.9995500337,0,0,1.404300495,1.573520781,-1.412714784,1.608006546,0.1244201244,-0.02758974546,0.1099350959,-1.381910136,1.649336143,1.303586124,1.477428772,0.00899097895,0.0995098744,-0.561808813,0.08065117015,0.05856900917,-0.0217612925,0.02390068727,-0.07017845083,0.06473480828,0.03946376144,-0.06419977322,0,0.05214652293,0.1270420232,-0.1522782144,-0.1074373504,0.0957725523,0.008349904229,0.0381955302,0.008349904229,0.09,0.135,0.025,0,0
9.27,-0.06928399254,-0.07707156111,0.1528257231,0.01849397023,-0.07991469397,0.9968017063,0.0299955002,0.9995500337,0,0,1.405107006,1.574106471,-1.412932397,1.608245553,0.1237183399,-0.02694239737,0.1103297335,-1.382552134,1.649336143,1.304107589,1.478699192,0.007468196807,0.0984355009,-0.5608510875,0.08112169536,0.05999587811,-0.02229540573,0.02261166046,-0.07167610141,0.06671792414,0.04009579495,-0.06419621779,0,0.05318900601,0.1278844493,-0.1550844806,-0.1089374248,0.09793726025,0.00835344275,0.03819724008,0.00835344275,0.09,0.135,0.025,0,0
9.28,-0.06773985547,-0.07688666343,0.1560021466,0.01848556388,-0.07991469397,0.9968017063,0.0299955002,0.9995500337,0,0,1.405918223,1.57470643,-1.413155351,1.60847167,0.1230015789,-0.02627521813,0.1107306915,-1.383194096,1.649336143,1.304639479,1.479978036,0.005917352,0.09734612665,-0.5598717149,0.08158830093,0.06142490463,-0.02282503686,0.02131921555,-0.07317566078,0.06870345581,0.04072205821,-0.06419008718,0,0.05423917015,0.1287275526,-0.1579027077,-0.1104301689,0.1001219279,0.008357058041,0.038199111,0.008357058041,0.09,0.135,0.025,0,0
9.29,-0.06616394189,-0.07670184985,0.1591808865,0.0184771514,-0.07991469397,0.9968017063,0.0299955002,0.9995500337,0,0,1.406734106,1.575320679,-1.413383601,1.608684862,0.1222698223,-0.02558818357,0.1111379121,-1.383835997,1.649336143,1.305181871,1.481265312,0.004338324924,0.09624182496,-0.5588704956,0.08205073576,0.06285571588,-0.02334996018,0.02002362569,-0.07467676471,0.0706908729,0.04134220991,-0.06417871123,0,0.05528484021,0.1295710944,-0.1607226446,-0.1119148469,0.1023150421,0.008360751589,0.03820114585,0.008360751589,0.09,0.13,0.03,0,0
9.3,-0.06455623275,-0.07651712042,0.1623611223,0.01846873496,-0.07991469397,0.9968017063,0.0299955002,0.9995500337,0,0.5,1.407554614,1.575949236,-1.413617101,1.608885098,0.1215230546,-0.02488127484,0.1115513342,-1.384477784,1.649336143,1.305734719,1.482561023,0.002731098477,0.09512267649,-0.5578473452,0.08250875252,0.06428794195,-0.02386995467,0.01872516269,-0.07617905354,0.07267964838,0.04195591329,-0.06416022565,0,0.05631753398,0.1304148381,-0.1635370198,-0.1133908215,0.104508523,0.008364524901,0.03820334628,0.008364524901,0.085,0.13,0.03,0,0
9.31,-0.06291671716,-0.07633247516,0.1655420422,0.01846031672,-0.07991469397,0.9968017063,0.0349928546,0.9993875625,0,0,1.408379701,1.576592116,-1.4138558,1.60907235,0.1207612641,-0.02415447836,0.1119708933,-1.385119386,1.649336143,1.306297895,1.483865171,0.001095728279,0.09398876828,-0.55680226,0.08296210782,0.06572121583,-0.02438480413,0.01742409709,-0.07768217221,0.07466925864,0.04256283624,-0.0641347677,0,0.05733804479,0.1312585489,-0.1663461131,-0.114857521,0.1067030319,0.008368379501,0.03820571313,0.008368379501,0.085,0.135,0.03,0,0
9.32,-0.0612453923,-0.07614791408,0.1687228432,0.01845189878,-0.07991469397,0.9968017063,0.0349928546,0.9993875625,0,0,1.409209322,1.577249328,-1.414099648,1.609246591,0.1199844423,-0.02340778577,0.1123965217,-1.385760734,1.649336143,1.306871275,1.485177757,-0.0005677328522,0.09284019307,-0.5557352297,0.08341056233,0.06715517346,-0.02489429722,0.0161206982,-0.07918577024,0.07665918342,0.04316265153,-0.06410402504,0,0.05835438953,0.1321019942,-0.1691561166,-0.1163143589,0.1089060807,0.008372316935,0.0382082473,0.008372316935,0.085,0.135,0.03,0,0
9.33,-0.05954226334,-0.07596343717,0.1719027308,0.01844348327,-0.07991469397,0.9968017063,0.0349928546,0.9993875625,0,0,1.410043428,1.57792088,-1.414348591,1.609407798,0.1191925846,-0.02264119394,0.1128281482,-1.386401774,1.649336143,1.307454819,1.486498777,-0.002259294018,0.09167704948,-0.5546461689,0.08385388095,0.06858945373,-0.02539822755,0.0148152342,-0.08068950174,0.07864890592,0.0437550369,-0.06407038349,0,0.05937787619,0.1329449434,-0.1719759489,-0.1177606782,0.1111283433,0.008376338768,0.03821095051,0.008376338768,0.085,0.135,0.03,0,0
9.34,-0.05780734335,-0.0757790444,0.175080919,0.01843507225,-0.07991469397,0.9968017063,0.0349928546,0.9993875625,0,0,1.410881967,1.578606774,-1.414602573,1.60955595,0.1183856896,-0.02185470488,0.1132656985,-1.387042478,1.649336143,1.308048598,1.487828226,-0.003979053507,0.09049944269,-0.5535348854,0.08429183288,0.07002369851,-0.02589639374,0.01350797217,-0.08219302538,0.08063791276,0.04433967526,-0.0640277355,0,0.06038019128,0.1337871675,-0.1747821291,-0.1191959468,0.1133429072,0.00838044658,0.03821382568,0.00838044658,0.085,0.13,0.03,0,0
9.35,-0.05604065322,-0.07559473571,0.1782566308,0.01842666779,-0.07991469397,0.9968017063,0.0349928546,0.9993875625,0,0.5,1.411724885,1.579307011,-1.414861537,1.60969103,0.1175637594,-0.02104832575,0.1137090953,-1.387682755,1.649336143,1.3086524,1.489166098,-0.005726874799,0.08930748323,-0.5524014564,0.08472419179,0.07145755267,-0.02638859947,0.01219917812,-0.0836960044,0.08262569401,0.04491625481,-0.06398306096,0,0.06139406849,0.1346284399,-0.1776011152,-0.120619439,0.1155807741,0.008384641974,0.0382168728,0.008384641974,0.085,0.13,0.03,0,0
9.36,-0.05424222156,-0.07541051102,0.1814290976,0.01841827191,-0.07991469397,0.9968017063,0.03998933419,0.9992001067,0,0,1.412572127,1.580021587,-1.415125423,1.609813022,0.1167267993,-0.02022206881,0.1141582578,-1.388322586,1.649336143,1.30926634,1.490512382,-0.00750288595,0.08810128884,-0.5512456486,0.08515073592,0.07289066407,-0.02687465356,0.0108891171,-0.08519810661,0.08461174324,0.04548446919,-0.06392755588,0,0.06237851698,0.1354685356,-0.1803990074,-0.1220308082,0.1178029197,0.008388926565,0.03822009529,0.008388926565,0.08,0.135,0.035,0,0
9.37,-0.05241208462,-0.07522637023,0.1845975595,0.01840988663,-0.07991469397,0.9968017063,0.03998933419,0.9992001067,0,0,1.413423634,1.580750493,-1.41539417,1.609921913,0.1158748183,-0.01937595138,0.1146131025,-1.388961861,1.649336143,1.309890125,1.491867068,-0.009306876024,0.08688098076,-0.5500676194,0.08557124822,0.07432268361,-0.02735437001,0.009578053192,-0.08669900435,0.08659555751,0.04604401764,-0.06386666061,0,0.06335907405,0.1363072316,-0.1831963873,-0.1234293624,0.1200335157,0.00839330199,0.03822349227,0.00839330199,0.08,0.135,0.035,0,0
9.38,-0.05055028622,-0.07504231324,0.1877612654,0.01840151394,-0.07991469397,0.9968017063,0.03998933419,0.9992001067,0,0,1.414279347,1.58149372,-1.415667714,1.610017693,0.1150078282,-0.01850999581,0.1150735427,-1.389600528,1.649336143,1.310523716,1.49323014,-0.0111388399,0.08564668713,-0.5488672843,0.08598551646,0.07575326525,-0.02782756806,0.00826624958,-0.08819837452,0.08857663741,0.04659460512,-0.06380573259,0,0.06436102777,0.1371443069,-0.1860137342,-0.1248141976,0.1222966236,0.008397769898,0.03822706552,0.008397769898,0.08,0.13,0.035,0,0
9.39,-0.04865687764,-0.0748583399,0.1909194727,0.0183931558,-0.07991469397,0.9968017063,0.03998933419,0.9992001067,0,0,1.415139202,1.582251253,-1.415945989,1.610100356,0.1141258445,-0.01762422943,0.1155394888,-1.390238585,1.649336143,1.311167326,1.494601583,-0.01299897724,0.08439854516,-0.547644318,0.0863933333,0.07718206601,-0.02829407225,0.006953968594,-0.08969589854,0.09055448711,0.04713594242,-0.06372615718,0,0.06529717303,0.1379795422,-0.1887790749,-0.1261857793,0.1245089873,0.008402331955,0.03823081954,0.008402331955,0.08,0.13,0.035,0,0
9.4,-0.04673191754,-0.07467445007,0.1940714474,0.01838481416,-0.07991469397,0.9968017063,0.03998933419,0.9992001067,0,0.5,1.416003135,1.583023073,-1.41622893,1.610169895,0.1132288855,-0.01671868456,0.1160108482,-1.390875847,1.649336143,1.311820298,1.495981378,-0.01488676799,0.08313668736,-0.5463992282,0.08679449645,0.078608746,-0.02875371245,0.005641471742,-0.09119126234,0.09252861436,0.04766774637,-0.06365142905,0,0.06627787276,0.1388127206,-0.1915828083,-0.1275422096,0.1267758061,0.008406989843,0.03823474954,0.008406989843,0.08,0.13,0.035,0,0
9.41,-0.04477547189,-0.07449064356,0.1972164644,0.01837649093,-0.07991469397,0.9968017063,0.04498481404,0.9989876708,0,0,1.41687108,1.583809161,-1.416516467,1.61022631,0.1123169729,-0.01579339842,0.1164875257,-1.391512361,1.649336143,1.312483077,1.497369506,-0.01680259607,0.08186126527,-0.5451314701,0.08718880875,0.08003296846,-0.02920632391,0.004329019748,-0.09268415637,0.09449853057,0.04818973987,-0.06356815299,0,0.06724039326,0.1396436266,-0.1943730793,-0.1288836768,0.1290371584,0.008411745257,0.03823886249,0.008411745257,0.08,0.135,0.04,0,0
9.42,-0.04278761384,-0.07430692018,0.2003538069,0.018368188,-0.07991469397,0.9968017063,0.04498481404,0.9989876708,0,0,1.417742968,1.584609491,-1.41680853,1.6102696,0.1113901313,-0.01484841311,0.1169694231,-1.392148043,1.649336143,1.313155481,1.498765942,-0.01874632686,0.0805724285,-0.5438410985,0.08757607828,0.08145439977,-0.02965174728,0.003016872588,-0.09417427556,0.09646375079,0.04870165209,-0.06347028046,0,0.0681562437,0.1404720466,-0.19712604,-0.1302102781,0.1312656089,0.008416599905,0.0382431587,0.008416599905,0.075,0.13,0.04,0,0
9.43,-0.04076842369,-0.07412327973,0.2034827672,0.01835990727,-0.07991469397,0.9968017063,0.04498481404,0.9989876708,0,0,1.418618729,1.585424035,-1.417105048,1.610299769,0.1104483885,-0.0138837756,0.1174564396,-1.392782746,1.649336143,1.313837043,1.500170662,-0.02071758726,0.07927032572,-0.5425284424,0.08795611842,0.08287270946,-0.03008982869,0.001705289518,-0.09566131934,0.09842379379,0.04920321855,-0.06337476162,0,0.0691053745,0.1412977694,-0.1999073104,-0.1315200401,0.1335375949,0.008421555508,0.03824763529,0.008421555508,0.075,0.13,0.04,0,0
9.44,-0.03871798877,-0.07393972196,0.2066026459,0.01835165056,-0.07991469397,0.9968017063,0.04498481404,0.9989876708,0,0,1.41949829,1.586252762,-1.417405946,1.610316822,0.1094917754,-0.01289953767,0.1179484718,-1.393416493,1.649336143,1.314528097,1.50158364,-0.02271666037,0.07795512532,-0.5411930665,0.08832874799,0.08428757025,-0.03052041972,0.000394529102,-0.09714499158,0.1003781821,0.04969418124,-0.06326701082,0,0.07001908984,0.1421205852,-0.2026599259,-0.1328137427,0.1357872198,0.0084266138,0.0382522981,0.0084266138,0.075,0.13,0.04,0,0
9.45,-0.03663640335,-0.07375624663,0.2097127523,0.01834341972,-0.07991469397,0.9968017063,0.04498481404,0.9989876708,0,0.5,1.420381578,1.587095637,-1.41771115,1.610320767,0.1085203254,-0.01189575584,0.1184454136,-1.394049163,1.649336143,1.315228288,1.503004846,-0.02474325963,0.07662698789,-0.5398351943,0.08869379128,0.08569865809,-0.0309433775,-0.0009151507637,-0.0986250006,0.102326442,0.05017428875,-0.06315588871,0,0.07093928293,0.1429402863,-0.2054181829,-0.1340900043,0.1380545412,0.008431776524,0.03825714548,0.008431776524,0.075,0.13,0.04,0,0
9.46,-0.03452376857,-0.07357285347,0.2128124045,0.01833521655,-0.07991469397,0.9968017063,0.04997916927,0.9987502604,0,0,1.421268516,1.587952624,-1.418020584,1.610311616,0.1075340754,-0.01087249142,0.1189471565,-1.394680722,1.649336143,1.315937681,1.504434249,-0.02679744145,0.07528608785,-0.5384546489,0.08905107817,0.08710565216,-0.03135856466,-0.00222349283,-0.1001010592,0.1042681037,0.05064329634,-0.06303688773,0,0.07184471047,0.143756667,-0.2081642394,-0.1353487834,0.1403190694,0.008437045435,0.03826218034,0.008437045435,0.075,0.13,0.04,0,0
9.47,-0.03238019235,-0.0733895422,0.2159009291,0.01832704282,-0.07991469397,0.9968017063,0.04997916927,0.9987502604,0,0,1.422159026,1.58882368,-1.41833417,1.610289381,0.1065330648,-0.009829810388,0.1194535894,-1.395311091,1.649336143,1.316656128,1.505871815,-0.02887908385,0.07393260001,-0.5370514582,0.08940044422,0.08850823488,-0.03176584938,-0.003530240473,-0.1015728844,0.1062027012,0.05110096609,-0.06290680416,0,0.07272015762,0.1445695233,-0.210885165,-0.1365900794,0.1425660078,0.008442422296,0.03826740324,0.008442422296,0.07,0.13,0.045,0,0
9.48,-0.0302057893,-0.07320631251,0.2189776615,0.01831890031,-0.07991469397,0.9968017063,0.04997916927,0.9987502604,0,0,1.423053031,1.589708763,-1.418651828,1.610254078,0.105517336,-0.008767783376,0.1199645991,-1.395940159,1.649336143,1.317383329,1.507317511,-0.0309879355,0.07256669922,-0.5356257981,0.08974173067,0.08990609201,-0.03216510543,-0.004835137686,-0.103040198,0.1081297724,0.05154706696,-0.06277616317,0,0.07361562665,0.1453786532,-0.2136221293,-0.1378119802,0.1448433787,0.00844790888,0.03827281302,0.00844790888,0.07,0.13,0.045,0,0
9.49,-0.02800068062,-0.07302316408,0.2220419457,0.01831079073,-0.07991469397,0.9968017063,0.04997916927,0.9987502604,0,0.5,1.423950448,1.590607824,-1.418973479,1.610205727,0.104486934,-0.007686485651,0.1204800698,-1.396567921,1.649336143,1.318119486,1.508771297,-0.03312415679,0.07118857942,-0.5341773643,0.0900747846,0.0912989126,-0.03255621214,-0.00613792906,-0.1045027257,0.1100488595,0.0519813749,-0.06263143844,0,0.07446683831,0.1461838568,-0.2163215104,-0.139015942,0.1470891173,0.008453506965,0.0382784141,0.008453506965,0.07,0.13,0.045,0,0
9.5,-0.02576499404,-0.07284009658,0.2250931342,0.01830271582,-0.07991469397,0.9968017063,0.05497227503,0.9984878812,0,0,1.424851196,1.591520813,-1.419299041,1.610144348,0.1034419068,-0.006585997057,0.1209998835,-1.397194235,1.649336143,1.318864154,1.510233136,-0.03528737189,0.06979842,-0.5327064731,0.0903994589,0.09268638905,-0.03293905444,-0.007438359782,-0.1059601978,0.1119595083,0.05240367295,-0.06248608998,0,0.07533785584,0.1469849358,-0.219036227,-0.1401994706,0.1493648751,0.008459218338,0.03828420363,0.008459218338,0.07,0.13,0.045,0,0
9.51,-0.02349886371,-0.07265710965,0.2281305884,0.01829467725,-0.07991469397,0.9968017063,0.05497227503,0.9984878812,0,0,1.425755191,1.592447677,-1.419628432,1.610069964,0.1023823048,-0.005466401974,0.1215239202,-1.397819096,1.649336143,1.319617533,1.511702985,-0.03747773417,0.06839642529,-0.5312128244,0.09071561243,0.09406821713,-0.03331352283,-0.008736175622,-0.107412349,0.1138612689,0.0528137513,-0.06232716765,0,0.07616692679,0.1477816941,-0.2217146499,-0.1413642137,0.1516108876,0.00846504479,0.03829018602,0.00846504479,0.07,0.13,0.045,0,0
9.52,-0.02120243015,-0.07247420291,0.2311536782,0.0182866767,-0.07991469397,0.9968017063,0.05497227503,0.9984878812,0,0,1.426662347,1.593388359,-1.419961567,1.609982602,0.1013081813,-0.004327789285,0.1220520577,-1.398442368,1.649336143,1.320379202,1.513180802,-0.03969488066,0.06698278315,-0.5296967155,0.09102310995,0.09544409604,-0.0336795134,-0.01003112294,-0.1088589182,0.1157536957,0.05321140739,-0.06216458544,0,0.07700132634,0.1485739375,-0.2243958241,-0.1425080792,0.1538726798,0.008470988117,0.0382963586,0.008470988117,0.065,0.13,0.05,0,0
9.53,-0.0188758401,-0.07229137598,0.2341617822,0.0182787158,-0.07991469397,0.9968017063,0.05497227503,0.9984878812,0,0.5,1.427572578,1.5943428,-1.420298362,1.609882291,0.1002195921,-0.003170252328,0.1225841718,-1.399064014,1.649336143,1.321149215,1.514666541,-0.04193883891,0.06555770236,-0.5281579887,0.09132182229,0.09681372837,-0.03403692783,-0.01132294867,-0.1102996486,0.1176363472,0.05359644598,-0.0619946329,0,0.07782332407,0.1493614737,-0.2270647245,-0.1436312434,0.1561329797,0.008477050119,0.03830272407,0.008477050119,0.065,0.125,0.05,0,0
9.54,-0.0165192465,-0.07210862846,0.2371542877,0.01827079619,-0.07991469397,0.9968017063,0.05996400648,0.9982005399,0,0,1.428485796,1.595310937,-1.420638732,1.609769062,0.09911659562,-0.001993888855,0.1231201363,-1.39968396,1.649336143,1.321927448,1.516160156,-0.04420948615,0.06412138993,-0.5265966589,0.09161162631,0.09817682022,-0.03438567337,-0.01261140035,-0.1117342875,0.1195087861,0.05396867923,-0.06181797607,0,0.07863607067,0.1501441124,-0.2297237055,-0.1447331461,0.1583946899,0.008483232598,0.0383092831,0.008483232598,0.065,0.13,0.05,0,0
9.55,-0.01413280836,-0.07192595991,0.2401305906,0.01826291946,-0.07991469397,0.9968017063,0.05996400648,0.9982005399,0,0,1.429401912,1.596292705,-1.420982588,1.609642948,0.09799925275,-0.0007988009945,0.1236598231,-1.40030214,1.649336143,1.322713809,1.517661597,-0.0465067232,0.06267405847,-0.525012712,0.09189240497,0.09953308113,-0.03472566282,-0.01389622609,-0.1131625866,0.1213705795,0.05432792673,-0.06163291544,0,0.07943133775,0.1509216653,-0.2323656123,-0.1458137379,0.160649665,0.008489537358,0.0383160367,0.008489537358,0.065,0.13,0.05,0,0
9.56,-0.01171669068,-0.07174336992,0.2430900953,0.01825508718,-0.07991469397,0.9968017063,0.05996400648,0.9982005399,0,0,1.430320836,1.597288036,-1.421329845,1.609503985,0.09686762688,0.0004149048007,0.1242031023,-1.400918469,1.649336143,1.323508123,1.519170814,-0.04883037933,0.06121592109,-0.5234062154,0.09216404735,0.1008822242,-0.03505681454,-0.01517717464,-0.1145843019,0.123221299,0.05467401564,-0.06143710347,0,0.08019768155,0.151693946,-0.2349805563,-0.1468732333,0.1628865826,0.008495966202,0.03832298487,0.008495966202,0.065,0.13,0.055,0,0
9.57,-0.009271064402,-0.07156085802,0.2460322152,0.01824730091,-0.07991469397,0.9968017063,0.05996400648,0.9982005399,0,0.5,1.431242477,1.598296858,-1.421680413,1.609352214,0.09572178386,0.00164711779,0.1247498425,-1.40153284,1.649336143,1.324310099,1.520687753,-0.05118018489,0.05974718875,-0.5217773495,0.09242644871,0.1022239661,-0.03537905239,-0.01645399535,-0.1159991932,0.1250605205,0.05500678066,-0.06123742374,0,0.08096817623,0.1524607704,-0.2375959541,-0.1479096719,0.1651374193,0.008502520935,0.03833012621,0.008502520935,0.06,0.125,0.055,0,0
9.58,-0.006796106258,-0.07137842374,0.2489563721,0.01823956218,-0.07991469397,0.9968017063,0.06495423883,0.9978882437,0,0,1.432166741,1.599319098,-1.422034204,1.609187674,0.09456179193,0.002897722996,0.1252999103,-1.402145214,1.649336143,1.325119781,1.522212361,-0.05355614443,0.05826809204,-0.5201259753,0.09267951047,0.1035580269,-0.03569230574,-0.01772643818,-0.1174070249,0.1268878246,0.05532606414,-0.0610301421,0,0.08172475422,0.1532219561,-0.2401964184,-0.1489234978,0.1673844517,0.008509203356,0.0383374632,0.008509203356,0.06,0.13,0.055,0,0
9.59,-0.004291998736,-0.07119606661,0.2518619965,0.0182318725,-0.07991469397,0.9968017063,0.06495423883,0.9978882437,0,0,1.433093536,1.600354678,-1.422391127,1.609010409,0.09338772168,0.004166601242,0.1258531709,-1.402755516,1.649336143,1.325937029,1.523744581,-0.05595810861,0.05677885706,-0.5184521308,0.09292314027,0.1048841307,-0.03599650941,-0.01899425379,-0.1188075651,0.1287027965,0.0556317161,-0.06081368507,0,0.08245965255,0.153977323,-0.2427751415,-0.1499147915,0.1696199145,0.008516015266,0.03834499616,0.008516015266,0.06,0.13,0.055,0,0
9.6,-0.001758929974,-0.07101378612,0.2547485275,0.01822423335,-0.07991469397,0.9968017063,0.06495423883,0.9978882437,0,0,1.434022768,1.60140352,-1.422751092,1.608820467,0.09219964603,0.005453629208,0.1264094881,-1.403363652,1.649336143,1.326761625,1.525284354,-0.05838586003,0.05527970914,-0.5167559317,0.09315725195,0.1062020046,-0.03629160367,-0.02025719348,-0.1202005862,0.1305050261,0.05592359431,-0.0605867623,0,0.08316639499,0.1547266928,-0.2453263611,-0.1508836622,0.1718372531,0.008522958458,0.03835272442,0.008522958458,0.06,0.125,0.055,0,0
9.61,0.000802906328,-0.07083158177,0.2576154131,0.01821664619,-0.07991469397,0.9968017063,0.06495423883,0.9978882437,0,0,1.43495434,1.60246554,-1.423114008,1.608617895,0.09099764017,0.006758679468,0.126968724,-1.40396952,1.649336143,1.327593289,1.526831621,-0.06083912364,0.05377087252,-0.5150375592,0.09338176558,0.1075113801,-0.03657753419,-0.02151500928,-0.1215858646,0.1322941078,0.05620156427,-0.03369609516,-0.1071958019,-0.0457855904,0.1554816421,-0.1385264592,-0.1597953058,0.04720838024,0.008530034723,0.03836064647,0.008530034723,0.055,0.125,0.06,0.005,0
9.62,0.00339331099,-0.07064945302,0.2604621096,0.01820911246,-0.07991469397,0.9968017063,0.06495423883,0.9978882437,0,0,1.435888158,1.603540653,-1.423479783,1.608402745,0.08978178153,0.008081620546,0.1275307397,-1.404306481,1.648264185,1.327135433,1.528386437,-0.06222438823,0.05217291946,-0.5145654753,0.09359660747,0.1088119917,-0.03685425197,-0.02276745391,-0.1229631806,0.1340696412,0.05646549929,-0.03190047619,-0.113648104,-0.05247016963,0.1562067604,-0.1345579189,-0.1616873362,0.04193244357,0.008537245843,0.03802164276,0.008537245843,0.055,0.125,0.06,0.005,0.001071958019
9.63,0.00601207944,-0.07046739934,0.2632880823,0.01820163357,-0.07991469397,0.9968017063,0.06495423883,0.9978882437,0,0,1.436824124,1.604628773,-1.423848326,1.60817507,0.08855214972,0.009422316958,0.1280953947,-1.404625486,1.647127704,1.326610731,1.529948505,-0.06356996742,0.0505560461,-0.5141461509,0.09380171014,0.1101035782,-0.03712171334,-0.02401428088,-0.1243323188,0.1358312306,0.05671528053,-0.03138468018,-0.1149024736,-0.0529393331,0.1569370917,-0.1358131997,-0.1632055639,0.04273705982,0.008544593593,0.03766186193,0.008544593593,0.055,0.12,0.06,0.005,0.002208439058
9.64,0.008659001801,-0.07028542016,0.2660928049,0.01819421092,-0.07991469397,0.9968017063,0.06495423883,0.9978882437,0,0,1.437762141,1.605729809,-1.424219543,1.607934927,0.08730882653,0.01078062926,0.1286625475,-1.404939333,1.645978679,1.326081338,1.531517876,-0.06492809942,0.04892399046,-0.5137187803,0.09399701237,0.1113858818,-0.03737987989,-0.02525524449,-0.1256930673,0.1375784853,0.05695079698,-0.0308642851,-0.1161490357,-0.05340695974,0.1576607348,-0.1370566735,-0.1647146752,0.04354743246,0.008552079741,0.03729812418,0.008552079741,0.055,0.12,0.06,0.005,0.003357463794
9.65,0.01133386298,-0.07010351493,0.2688757598,0.01818684588,-0.07991469397,0.9968017063,0.06495423883,0.9978882437,0,0,1.438702111,1.606843668,-1.424593342,1.607682375,0.08605189586,0.01215641412,0.1292320555,-1.405247975,1.644817189,1.325547269,1.533094483,-0.06629866615,0.04727684371,-0.513283306,0.09418245912,0.1126586486,-0.03762871843,-0.02649009986,-0.1270452185,0.1393110198,0.05717194549,-0.03033932419,-0.1173875624,-0.05387302733,0.1583775221,-0.1382881365,-0.1662143675,0.04436347287,0.008559706043,0.03693045431,0.008559706043,0.05,0.12,0.065,0.01,0.004518954151
9.66,0.01403644274,-0.06992168305,0.2716364381,0.0181795398,-0.07991469397,0.9968017063,0.06495423883,0.9978882437,0,0,1.439643936,1.607970254,-1.424969629,1.607417474,0.08478144367,0.01354952432,0.1298037749,-1.405551369,1.643643313,1.325008538,1.534678258,-0.06768154752,0.04561470003,-0.5128396713,0.09435800158,0.1139216286,-0.03786820092,-0.02771860297,-0.1283885683,0.1410284535,0.05737863082,-0.02980983274,-0.1186178289,-0.0543375146,0.1590872884,-0.1395073903,-0.1677043408,0.04518508894,0.008567474246,0.03655887786,0.008567474246,0.05,0.115,0.065,0.01,0.005692829775
9.67,0.01676651582,-0.06973992393,0.2743743397,0.01817229399,-0.07991469397,0.9968017063,0.06495423883,0.9978882437,0,0,1.440587516,1.609109471,-1.425348311,1.607140288,0.08349755799,0.01495980885,0.1303775612,-1.405849467,1.642457135,1.324465163,1.536269131,-0.06907662142,0.04393765663,-0.5123878204,0.09452359711,0.1151745755,-0.03809830441,-0.02894051074,-0.1297229168,0.1427304112,0.05757076562,-0.02927584805,-0.1198396138,-0.05480040125,0.1597898707,-0.140714242,-0.1691842982,0.04601218498,0.008575386083,0.03618342115,0.008575386083,0.05,0.115,0.065,0.01,0.006879008064
9.68,0.01952385197,-0.06955823696,0.2770889728,0.01816510976,-0.07991469397,0.9968017063,0.06495423883,0.9978882437,0,0,1.441532752,1.610261217,-1.425729294,1.606850883,0.08220032882,0.01638711296,0.1309532689,-1.406142225,1.641258739,1.323917159,1.53786703,-0.07048376384,0.04224581364,-0.5119276985,0.09467920925,0.1164172469,-0.03831901101,-0.03015558102,-0.1310480675,0.144416523,0.05774827045,-0.02873740953,-0.1210526984,-0.05526166789,0.1604851083,-0.1419085043,-0.1706539454,0.04684466179,0.008583443275,0.03580411122,0.008583443275,0.05,0.115,0.065,0.01,0.008077404202
9.69,0.0223082161,-0.06937662152,0.2797798546,0.01815798839,-0.07991469397,0.9968017063,0.06495423883,0.9978882437,0,0,1.442479544,1.611425389,-1.426112484,1.606549327,0.08088984815,0.01783127819,0.1315307516,-1.4064296,1.640048212,1.323364542,1.539471881,-0.07190284888,0.04053927419,-0.5114592519,0.09482480767,0.1176494044,-0.03853030779,-0.03136357267,-0.132363828,0.1460864242,0.05791107377,-0.02819455861,-0.1222568676,-0.05572129594,0.1611728428,-0.1430899953,-0.1721129911,0.04768241659,0.008591647526,0.03542097585,0.008591647526,0.045,0.11,0.07,0.015,0.009287931186
9.7,0.02511936831,-0.06919507698,0.2824465107,0.01815093113,-0.07991469397,0.9968017063,0.06495423883,0.9978882437,0,0,1.443427792,1.612601883,-1.426497787,1.606235691,0.07956620987,0.01929214244,0.1321098623,-1.406711545,1.638825643,1.32280733,1.541083609,-0.07333374884,0.03881814428,-0.5109824277,0.09496036812,0.1188708134,-0.03873218671,-0.0325642456,-0.1336700094,0.1477397558,0.05805911192,-0.02764733886,-0.1234519091,-0.05617926764,0.161852918,-0.1442585386,-0.1735611472,0.04852534308,0.008600000528,0.03503404355,0.008600000528,0.045,0.11,0.07,0.015,0.01051049986
9.71,0.02795706401,-0.06901360268,0.2850884756,0.01814393922,-0.07991469397,0.9968017063,0.06495423883,0.9978882437,0,0,1.444377396,1.613790591,-1.426885109,1.605910049,0.07822950977,0.02076953999,0.1326904534,-1.406988018,1.637591124,1.322245537,1.542702139,-0.07477633422,0.03708253281,-0.5104971743,0.09508587247,0.1200812434,-0.03892464458,-0.03375736082,-0.1349664266,0.1493761642,0.05819232918,-0.02709579593,-0.124637614,-0.05663556599,0.1625251802,-0.1454139631,-0.1749981284,0.04937333139,0.008608503952,0.03464334354,0.008608503952,0.045,0.11,0.07,0.015,0.01174501895
9.72,0.03082105399,-0.06883219798,0.2877052922,0.01813701386,-0.07991469397,0.9968017063,0.06495423883,0.9978882437,0,0,1.445328254,1.614991404,-1.427274355,1.605572475,0.07687984551,0.02226330164,0.1332723767,-1.407258976,1.636344748,1.321679181,1.54432739,-0.07623047385,0.03533255152,-0.510003441,0.09520130857,0.1212804678,-0.03910768299,-0.0349426805,-0.136252898,0.1509953013,0.05831067768,-0.02653997757,-0.1258137764,-0.05709017466,0.1631894779,-0.146556103,-0.1764236525,0.0502262681,0.008617159452,0.03424890574,0.008617159452,0.04,0.11,0.07,0.02,0.01299139509
9.73,0.03371108453,-0.06865086218,0.2902965122,0.01813015624,-0.07991469397,0.9968017063,0.06495423883,0.9978882437,0,0,1.446280268,1.616204208,-1.427665432,1.605223048,0.07551731653,0.02377325465,0.1338554835,-1.407524376,1.63508661,1.321108279,1.545959285,-0.07769603488,0.033568315,-0.5095011783,0.09530667028,0.122468264,-0.03928130817,-0.03611996803,-0.1375292457,0.1525968251,0.0584141174,-0.02597993369,-0.1269801937,-0.05754307801,0.1638456622,-0.147684798,-0.1778374404,0.05108403629,0.008625968665,0.03385076078,0.008625968665,0.04,0.105,0.07,0.02,0.01424953286
9.74,0.03662689745,-0.06846959462,0.2928616959,0.01812336753,-0.07991469397,0.9968017063,0.06495423883,0.9978882437,0,0,1.447233334,1.617428891,-1.428058245,1.604861849,0.07414202407,0.0252992229,0.1344396247,-1.407784176,1.633816808,1.320532849,1.547597742,-0.07917288286,0.03178994059,-0.5089903379,0.09540195741,0.1236444135,-0.03944553097,-0.03728898807,-0.1387952953,0.1541803988,0.05850261619,-0.02541571631,-0.1281366666,-0.05799426096,0.1644935866,-0.1487998926,-0.1792392161,0.05194651546,0.008634933203,0.03344893996,0.008634933203,0.04,0.105,0.07,0.02,0.01551933479
9.75,0.03956823022,-0.0682883946,0.2954004124,0.01811664886,-0.07991469397,0.9968017063,0.06495423883,0.9978882437,0,0,1.448187354,1.618665335,-1.428452701,1.604488959,0.07275407112,0.02684102689,0.1350246508,-1.408038333,1.632535442,1.319952906,1.549242678,-0.08066088179,0.02999754843,-0.5084708728,0.09548717562,0.1248087017,-0.03960036679,-0.03844950661,-0.1400508758,0.1557456921,0.05857614971,-0.0248473796,-0.1292829987,-0.05844370904,0.1651331069,-0.1499012369,-0.1806287069,0.05281358164,0.00864405466,0.03304347527,0.00864405466,0.04,0.105,0.07,0.025,0.01680070146
9.76,0.04253481606,-0.06810726141,0.2979122392,0.01811000136,-0.07991469397,0.9968017063,0.06495423883,0.9978882437,0,0,1.449142226,1.619913422,-1.428848704,1.604104464,0.07135356236,0.02839848381,0.1356104123,-1.408286807,1.631242612,1.319368469,1.550894009,-0.08215989416,0.02819126136,-0.507942737,0.09556233643,0.1259609184,-0.03974583542,-0.03960129103,-0.1412958198,0.1572923802,0.0586347014,-0.02427497988,-0.1304189971,-0.05889140823,0.1657640815,-0.1509886858,-0.1820056433,0.05368510734,0.008653334604,0.03263439935,0.008653334604,0.035,0.1,0.08,0.025,0.01809353145
9.77,0.04552638399,-0.06792619433,0.3003967626,0.01810342611,-0.07991469397,0.9968017063,0.06495423883,0.9978882437,0,0,1.450097849,1.621173031,-1.429246163,1.603708451,0.06994060416,0.02997140761,0.1361967594,-1.408529556,1.629938422,1.318779555,1.55255165,-0.08366978102,0.02637120493,-0.5074058859,0.09562745712,0.1271008572,-0.03988196103,-0.0407441102,-0.1425299633,0.1588201444,0.05867826243,-0.02369857562,-0.131544472,-0.059337345,0.1663863715,-0.1520620996,-0.1833697591,0.05456096162,0.00866277458,0.03222174553,0.00866277458,0.035,0.1,0.08,0.025,0.01939772142
9.78,0.04854265895,-0.06774519264,0.3028535776,0.01809692419,-0.07991469397,0.9968017063,0.06495423883,0.9978882437,0,0,1.451054124,1.62244404,-1.429644982,1.60330101,0.06851530453,0.03155960905,0.136783542,-1.408766542,1.628622977,1.318186181,1.554215513,-0.08519040201,0.02453750734,-0.5068602763,0.09568256067,0.1282283161,-0.04000877205,-0.0418777345,-0.1437531456,0.1603286723,0.05870683172,-0.02311822745,-0.1326592369,-0.05978150622,0.1669998404,-0.1531213433,-0.1847207914,0.05544101006,0.008672376108,0.03180554775,0.008672376108,0.035,0.1,0.08,0.025,0.02071316614
9.79,0.05158336186,-0.0675642556,0.3052822878,0.01809049666,-0.07991469397,0.9968017063,0.06495423883,0.9978882437,0,0,1.452010949,1.623726323,-1.43004507,1.602882232,0.06707777307,0.03316289578,0.1373706103,-1.408997724,1.627296385,1.317588366,1.555885512,-0.08672161544,0.02269029943,-0.5063058662,0.0957276757,0.129343097,-0.04012630106,-0.0430019359,-0.1449652094,0.1618176575,0.05872041582,-0.02253399817,-0.1337631084,-0.06022387912,0.1676043542,-0.154166287,-0.1860584809,0.05632511481,0.008682140681,0.03138584061,0.008682140681,0.03,0.095,0.085,0.03,0.02203975851
9.8,0.05464820973,-0.06738338245,0.3076825054,0.01808414452,-0.07991469397,0.9968017063,0.06495423883,0.9978882437,0,0,1.452968226,1.625019754,-1.430446333,1.602452213,0.06562812098,0.03478107235,0.1379578145,-1.409223064,1.625958754,1.316986128,1.557561555,-0.08826327831,0.02082971462,-0.505742615,0.09576283641,0.1304450061,-0.04023458474,-0.04411648805,-0.1461660006,0.1632868,0.05871902892,-0.02194595274,-0.1348559066,-0.06066445124,0.1681997817,-0.1551968058,-0.1873825715,0.05721313466,0.008692069763,0.03096265932,0.008692069763,0.03,0.095,0.085,0.03,0.02337738959
9.81,0.05773691573,-0.06720257245,0.3100538514,0.0180778688,-0.07991469397,0.9968017063,0.06495423883,0.9978882437,0,0,1.453925854,1.626324204,-1.430848679,1.602011048,0.06416646097,0.03641394035,0.1385450047,-1.409442524,1.624610194,1.316379483,1.559243553,-0.08981524637,0.0189558889,-0.5051704837,0.09578808248,0.1315338539,-0.04033366374,-0.04522116635,-0.1473553684,0.164735806,0.05870269275,-0.02135415827,-0.1359374545,-0.06110321039,0.1687859944,-0.1562127795,-0.1886928108,0.058104925,0.00870216479,0.03053603973,0.00870216479,0.03,0.09,0.085,0.03,0.02301193913
9.82,0.06084918928,-0.06702182482,0.3123959552,0.01807167046,-0.07991469397,0.9968017063,0.06495423883,0.9978882437,0,0,1.454883735,1.627639543,-1.431252015,1.601558837,0.06269290729,0.03806129841,0.1391320317,-1.409656065,1.62325082,1.315768451,1.560931413,-0.09137737417,0.01706896079,-0.5045894344,0.09580345902,0.132609455,-0.04042358259,-0.046315748,-0.1485331653,0.1661643883,0.05867143658,-0.02075868403,-0.1370075789,-0.06154014459,0.1693628663,-0.1572140929,-0.18998895,0.0590003379,0.008712427169,0.03010601829,0.008712427169,0.03,0.09,0.085,0.035,0.0216966006
9.83,0.06398473615,-0.06684113878,0.3147084551,0.01806555047,-0.07991469397,0.9968017063,0.06495423883,0.9978882437,0,0,1.45584177,1.628965637,-1.431656251,1.601095679,0.06120757564,0.03972294229,0.139718746,-1.409863652,1.621880744,1.315153049,1.562625042,-0.0929495151,0.01516907129,-0.5039994311,0.09580901645,0.1336716283,-0.04050438961,-0.0474000121,-0.1496992467,0.1675722662,0.05862529711,-0.02015960148,-0.1380661094,-0.06197524202,0.1699302743,-0.1582006352,-0.1912707437,0.05989922214,0.008722858273,0.02967263203,0.008722858273,0.025,0.09,0.09,0.035,0.02037050605
9.84,0.06714325853,-0.06666051355,0.316990998,0.01805950976,-0.07991469397,0.9968017063,0.06495423883,0.9978882437,0,0,1.45679986,1.630302353,-1.432061295,1.600621679,0.05971058317,0.04139866496,0.140304999,-1.410065248,1.620500083,1.314533297,1.564324344,-0.09453152145,0.01325636386,-0.5034004388,0.09580481047,0.1347201971,-0.04057613681,-0.04847373971,-0.1508534712,0.1689591653,0.05856431843,-0.01955698421,-0.1391128792,-0.06240849099,0.1704880981,-0.1591723007,-0.1925379504,0.06080142323,0.008733459445,0.02923591859,0.008733459445,0.025,0.085,0.09,0.035,0.01903378976
9.85,0.07032445511,-0.06647994832,0.3192432393,0.01805354925,-0.07991469397,0.9968017063,0.06495423883,0.9978882437,0,0,1.457757908,1.631649555,-1.432467057,1.600136942,0.05820204846,0.04308825661,0.1408906422,-1.410260818,1.619108954,1.313909212,1.566029225,-0.09612324446,0.01133098435,-0.5027924246,0.09579090192,0.1357549887,-0.04063887978,-0.04953671395,-0.1519957007,0.1703248183,0.05848855192,-0.01895090795,-0.1401477246,-0.06283987987,0.1710362199,-0.1601289879,-0.1937903323,0.06170678351,0.008744231993,0.02879591617,0.008744231993,0.025,0.085,0.09,0.04,0.01768658779
9.86,0.07352802119,-0.06629944229,0.3214648433,0.01804766981,-0.07991469397,0.9968017063,0.06495423883,0.9978882437,0,0,1.458715817,1.633007105,-1.432873445,1.599641574,0.05668209145,0.04479150479,0.1414755277,-1.410450327,1.617707477,1.313280813,1.567739588,-0.09772453433,0.00939308103,-0.5021753568,0.09576735674,0.1367758349,-0.04069267759,-0.05058872003,-0.1531257997,0.1716689644,0.05839805624,-0.0183414506,-0.1411704855,-0.06326939708,0.1715745252,-0.1610706003,-0.1950276555,0.06261514211,0.008755177192,0.02835266355,0.008755177192,0.02,0.085,0.095,0.04,0.01632903791
9.87,0.07675364876,-0.06611899465,0.3236554827,0.01804187232,-0.07991469397,0.9968017063,0.06495423883,0.9978882437,0,0,1.459673491,1.634374864,-1.433280372,1.599135687,0.05515083345,0.04650819444,0.1420595083,-1.410633742,1.616295772,1.312648119,1.569455333,-0.09933524034,0.007442804474,-0.5015492054,0.09573424582,0.1377825718,-0.04073759269,-0.05162954542,-0.154243636,0.1729913495,0.05829289719,-0.01772869218,-0.1421810048,-0.063697031,0.172102902,-0.1619970456,-0.1962496898,0.0635263351,0.008766296278,0.02790620005,0.008766296278,0.02,0.08,0.095,0.04,0.01496127956
9.88,0.08000102656,-0.06593860457,0.3258148391,0.01803615763,-0.07991469397,0.9968017063,0.06495423883,0.9978882437,0,0,1.460630833,1.635752689,-1.433687748,1.598619392,0.05360839709,0.04823810793,0.1426424372,-1.410811029,1.614873962,1.312011149,1.571176362,-0.1009552108,0.005480307576,-0.500913942,0.09569164496,0.1387750398,-0.04077369081,-0.05265897983,-0.1553490801,0.1742917267,0.05817314766,-0.01711271484,-0.1431791289,-0.06412276995,0.1726212414,-0.162908236,-0.1974562091,0.06444019545,0.008777590455,0.02745656555,0.008777590455,0.02,0.08,0.095,0.045,0.01358345384
9.89,0.08326984023,-0.06575827122,0.3279426025,0.01803052654,-0.07991469397,0.9968017063,0.06495423883,0.9978882437,0,0,1.461587749,1.63714044,-1.434095485,1.598092802,0.05205490629,0.0499810252,0.1432241687,-1.410982156,1.613442171,1.311369921,1.572902574,-0.1025842932,0.003505745485,-0.50026954,0.09563963473,0.1397530838,-0.04080104083,-0.05367681535,-0.1564420057,0.1755698557,0.05803888754,-0.01649360284,-0.1441647077,-0.06454660213,0.1731294372,-0.1638040882,-0.1986469911,0.06535655315,0.008789060884,0.02700380046,0.008789060884,0.015,0.08,0.1,0.045,0.01219570344
9.9,0.0865597723,-0.06557799376,0.3300384719,0.01802497986,-0.07991469397,0.9968017063,0.06495423883,0.9978882437,0,0,1.462544146,1.638537971,-1.434503495,1.597556034,0.05049048624,0.05173672376,0.1438045576,-1.411147092,1.612000524,1.310724455,1.574633869,-0.104222334,0.001519275574,-0.4996159745,0.0955783004,0.1407165529,-0.04081971472,-0.05468284654,-0.157522289,0.1768255035,0.05789020364,-0.01587144254,-0.1451375942,-0.0649685156,0.1736273866,-0.1646845233,-0.1998218178,0.06627523523,0.008800708692,0.0265479457,0.008800708692,0.015,0.075,0.1,0.045,0.0107981726
9.91,0.08987050237,-0.06539777134,0.3321021545,0.01801951836,-0.07991469397,0.9968017063,0.06495423883,0.9978882437,0,0,1.463499929,1.639945136,-1.434911692,1.597009205,0.04891526335,0.05350497879,0.1443834596,-1.411305806,1.610549148,1.31007477,1.576370143,-0.1058691793,-0.000478942604,-0.4989532222,0.09550773182,0.1416653006,-0.04082978737,-0.05567687049,-0.1585898093,0.1780584442,0.05772718957,-0.01437234415,-0.1493622036,-0.06921207522,0.1741149598,-0.1621887992,-0.2013969671,0.06333682375,0.008812534963,0.02608904271,0.008812534963,0.015,0.075,0.1,0.05,0.009391007075
9.92,0.09320170715,-0.0652176031,0.3341333666,0.01801414279,-0.07991469397,0.9968017063,0.06495423883,0.9978882437,0,0,1.464455006,1.641361789,-1.43531999,1.596452437,0.04732936525,0.05528556323,0.1449607315,-1.41144953,1.609055526,1.309382649,1.578111292,-0.1074910673,-0.002492912275,-0.4983198539,0.0954280233,0.142599185,-0.04083133656,-0.05665868689,-0.1596444483,0.1792684588,0.0575499457,-0.013121826,-0.1526106674,-0.07231492206,0.1745920982,-0.1606644277,-0.2028501278,0.06153894571,0.00882454074,0.02561663228,0.00882454074,0.01,0.075,0.105,0.05,0.007974354069
9.93,0.09655306055,-0.06503748819,0.3361318328,0.01800885389,-0.07991469397,0.9968017063,0.06495423883,0.9978882437,0,0,1.465409286,1.642787781,-1.435728304,1.59588585,0.04573292077,0.05707824782,0.145536231,-1.411580748,1.607529419,1.3086595,1.579857213,-0.1090977115,-0.004521413554,-0.4977044645,0.09533927353,0.1435180683,-0.04082444277,-0.05762809817,-0.1606860908,0.1804553358,0.05735857899,-0.01248208161,-0.1535477024,-0.0727212146,0.1750587197,-0.161489028,-0.2039981472,0.06245978945,0.008836727027,0.02513386355,0.008836727027,0.01,0.065,0.105,0.05,0.00654836222
9.94,0.09992423377,-0.06485742573,0.3380972865,0.01800365235,-0.07991469397,0.9968017063,0.06495423883,0.9978882437,0,0,1.466362679,1.644222962,-1.436136548,1.595309569,0.04412605986,0.05888280118,0.1461098168,-1.411705569,1.605993942,1.307932288,1.5816078,-0.1107126018,-0.006561395026,-0.4970798666,0.09524158548,0.1444218175,-0.04080918914,-0.05858490952,-0.161714624,0.1816188708,0.05715320296,-0.01183966834,-0.1544711007,-0.07312514968,0.1755147127,-0.1622981356,-0.2051295159,0.06338265627,0.008849094783,0.02464817493,0.008849094783,0.01,0.065,0.105,0.055,0.005113181536
9.95,0.1033148954,-0.06467741485,0.3400294699,0.01799853886,-0.07991469397,0.9968017063,0.06495423883,0.9978882437,0,0,1.467315095,1.64566718,-1.43654464,1.59472372,0.04250891362,0.06069898989,0.1466813488,-1.411823965,1.604449231,1.307201037,1.583362947,-0.1123355832,-0.008612690186,-0.49644604,0.09513506624,0.1453103037,-0.04078566133,-0.05952892903,-0.162729938,0.182758867,0.05693393753,-0.01119468492,-0.1553807288,-0.07352671452,0.1759599896,-0.163091698,-0.2062440296,0.06430736248,0.008861644922,0.02415961133,0.008861644922,0.005,0.065,0.11,0.055,0.003668963361
9.96,0.1067247114,-0.06449745466,0.3419281335,0.01799351408,-0.07991469397,0.9968017063,0.06495423883,0.9978882437,0,0,1.468266446,1.647120283,-1.436952497,1.59412843,0.04088161424,0.06252657856,0.1472506882,-1.411935912,1.602895424,1.306465769,1.585122547,-0.1139665002,-0.01067513048,-0.4958029664,0.09501982694,0.1461834027,-0.04075394741,-0.06045996775,-0.1637319252,0.1838751348,0.05670090894,-0.01054723207,-0.1562764566,-0.073925896,0.1763944658,-0.163869667,-0.2073414882,0.06523372176,0.008874378318,0.02366821812,0.008874378318,0.005,0.065,0.11,0.055,0.002215860324
9.97,0.1101533455,-0.06431754427,0.3437930369,0.01798857865,-0.07991469397,0.9968017063,0.06495423883,0.9978882437,0,0,1.469216644,1.648582117,-1.437360036,1.593523831,0.03924429499,0.0643653299,0.1478176973,-1.412041385,1.601332659,1.30572651,1.586886492,-0.1156051968,-0.01274854536,-0.4951506292,0.08524677362,0.07540262967,0.0398978603,-0.06139506956,-0.2296299338,0.1818825776,0.1395290934,-0.009897412544,-0.1571581577,-0.07432268058,0.1768180599,-0.164631998,-0.2084216962,0.06616154531,0.008887295794,0.02317404116,0.008887295794,0.005,0.065,0.11,0.06,0.0007540262967
9.98,0.1136004589,-0.06413768279,0.345623948,0.01798373317,-0.07991469397,0.9968017063,0.06495423883,0.9978882437,0,0,1.470069112,1.649336143,-1.436961058,1.59290988,0.03694799565,0.06618415568,0.1492129882,-1.412140359,1.599761078,1.304983284,1.588654673,-0.1172515168,-0.01483276233,-0.4944890137,0.07475480824,0,0.1259942615,-0.06228234558,-0.2994902811,0.1802405228,0.2278869168,-0.00924533104,-0.1580257089,-0.07471705435,0.1772306937,-0.1653786505,-0.2094844626,0.06709064183,0.008894784247,0.02267712671,0.008894784247,0,0.06,0.115,0.06,0
9.99,0.1170657104,-0.06395786931,0.3474206434,0.01797897825,-0.07991469397,0.9968017063,0.06495423883,0.9978882437,0,0,1.47081666,1.649336143,-1.435701115,1.592287057,0.03395309284,0.06798656091,0.1514918574,-1.412232812,1.598180821,1.304236113,1.59042698,-0.1189053033,-0.01692760695,-0.4938181073,0.07436788625,0,0.1271526278,-0.06317333936,-0.3007942357,0.1820540577,0.2286708081,-0.008591094206,-0.1588789908,-0.07510900291,0.1776322925,-0.1661095879,-0.2105296007,0.06802081769,0.008896388559,0.02217752152,0.008896388559,0,0.06,0.115,0.065,0
10,0.120548757,-0.06377810292,0.3491829085,0.01797431445,-0.07991469397,0.9968017063,0.06495423883,0.9978882437,0.5,0,1.471560339,1.649336143,-1.434429589,1.591655323,0.03094515048,0.06980710149,0.1537785655,-1.412318723,1.596592031,1.303485023,1.592203302,-0.1205663992,-0.01903290296,-0.4931378991,0.07397020263,0,0.1283121117,-0.06405062792,-0.3020689413,0.183856251,0.2294299152,-0.007934810609,-0.1597178875,-0.07549851138,0.1780227845,-0.1668247774,-0.2115569287,0.06895187694,0.008897984742,0.0216752727,0.008897984742,0,0.06,0.115,0.065,0
10.01,0.1240492531,-0.06359838271,0.3509105374,0.01796974231,-0.07492970727,0.9971888181,0.06495423883,0.9978882437,0,0,1.472300041,1.649336143,-1.433146468,1.591014817,0.02792446107,0.071645664,0.1560728646,-1.412398071,1.594994852,1.302730038,1.59398353,-0.122234647,-0.02114847225,-0.4924483804,0.07356513729,0,0.1294460861,-0.06491403841,-0.3032932351,0.1856474291,0.2301371062,-0.0072765907,-0.1605422866,-0.07588556435,0.1784021015,-0.1675241897,-0.2125662692,0.06988362146,0.008899572559,0.02117042782,0.008899572559,0,0.055,0.115,0.065,0
10.02,0.1275668516,-0.06341870777,0.3526033325,0.01796526236,-0.07492970727,0.9971888181,0.06495423883,0.9978882437,0,0,1.473035692,1.649336143,-1.431852007,1.590365677,0.02489152872,0.07350213829,0.1583742357,-1.412470837,1.593389429,1.301971182,1.595767551,-0.1239098889,-0.02327413494,-0.4917495441,0.07315139758,0,0.1305663992,-0.06576340148,-0.3044768488,0.1874266436,0.230804898,-0.006616546791,-0.1613520793,-0.07627014585,0.1787701786,-0.1682077994,-0.2135574498,0.07081585098,0.008901151851,0.02066303482,0.008901151851,0,0.055,0.115,0.07,0
10.03,0.131101203,-0.06323907716,0.3542611052,0.01796087509,-0.07492970727,0.9971888181,0.06495423883,0.9978882437,0.5,0,1.473767206,1.649336143,-1.430546343,1.589708043,0.02184676023,0.07537640472,0.1606822847,-1.412537002,1.591775908,1.301208481,1.597555253,-0.1255919669,-0.02540970944,-0.4910413856,0.07272160799,0,0.1317325331,-0.06659855143,-0.3056673093,0.1891922178,0.2314948158,-0.005954793015,-0.1621471604,-0.07665223932,0.1791269541,-0.1688755846,-0.2145303028,0.07174836323,0.008902722426,0.02015314202,0.008902722426,0,0.05,0.115,0.07,0
10.04,0.1346519564,-0.06305948995,0.3558836755,0.01795658099,-0.06994284734,0.9975510003,0.06495423883,0.9978882437,0,0,1.474494422,1.649336143,-1.429229017,1.589042057,0.01879008714,0.0772683269,0.1629972328,-1.41259655,1.590154436,1.300441958,1.599346523,-0.1272807227,-0.02755501246,-0.490323902,0.07228938744,0,0.1328368033,-0.06741932601,-0.3067789802,0.1909461135,0.2320963529,-0.0052914453,-0.1629274283,-0.07703182756,0.1794723698,-0.1695275271,-0.2154846652,0.07268095398,0.008904283935,0.01962602852,0.008904283935,0,0.05,0.115,0.07,0
10.05,0.1382187586,-0.06287994523,0.3574708719,0.0179523805,-0.06994284734,0.9975510003,0.06495423883,0.9978882437,0,0,1.475217316,1.649336143,-1.427900649,1.588367864,0.01572229734,0.07917778804,0.1653181963,-1.412649465,1.588525162,1.29967164,1.601141246,-0.128975998,-0.02970985912,-0.4895970925,0.07184362385,0,0.1339684205,-0.06822556692,-0.3078830709,0.192686048,0.2327016486,-0.004626621329,-0.163692785,-0.07740889274,0.1798063709,-0.170163612,-0.2164203791,0.07361341718,0.008905836325,0.01909528247,0.008905836325,0,0.05,0.115,0.075,0
10.06,0.1418012553,-0.06270044203,0.3590225316,0.01794827406,-0.06994284734,0.9975510003,0.06495423883,0.9978882437,0.5,0,1.475935752,1.649336143,-1.426560965,1.587685608,0.01264346663,0.08110464852,0.1676452128,-1.412695731,1.586888234,1.298897551,1.60293931,-0.1306776341,-0.03187406291,-0.4888609583,0.07139213092,0,0.1350669648,-0.06901711954,-0.3089317986,0.1944126195,0.2332488935,-0.003960440505,-0.1644431362,-0.07778341634,0.1801289061,-0.170783828,-0.2173372917,0.07454554502,0.008907379299,0.01856213584,0.008907379299,0,0.045,0.115,0.075,0
10.07,0.1453990903,-0.06252097943,0.3605385007,0.01794426208,-0.06495423883,0.9978882437,0.06495423883,0.9978882437,0,0,1.476649673,1.649336143,-1.425210295,1.586995437,0.009554148642,0.08304877471,0.1699777018,-1.412735335,1.585243803,1.298119717,1.604740599,-0.1323854724,-0.03404743583,-0.4881155028,0.07092742047,0,0.1361915087,-0.06979383328,-0.3099721241,0.1961246853,0.2337991844,-0.003293023911,-0.1651783911,-0.07815537914,0.1804399275,-0.1713881671,-0.2182352551,0.07547712803,0.008908912731,0.01802664079,0.008908912731,0,0.045,0.115,0.08,0
10.08,0.1490119059,-0.06234155647,0.3620186336,0.01794034493,-0.06495423883,0.9978882437,0.06495423883,0.9978882437,0.5,0,1.477358948,1.649336143,-1.42384838,1.586297499,0.006454427401,0.08501002156,0.1723156936,-1.412768266,1.583592019,1.297338163,1.606544998,-0.134099354,-0.03622978838,-0.4873607316,0.07045554762,0,0.137296067,-0.0705555614,-0.31096785,0.1978224078,0.2343056006,-0.002624494274,-0.1658984626,-0.07852476117,0.1807393907,-0.1719766247,-0.2191141265,0.07640795521,0.008910436333,0.01748884982,0.008910436333,0,0.045,0.115,0.08,0
10.09,0.1526393431,-0.06216217221,0.3634627935,0.01793652299,-0.05996400648,0.9982005399,0.06495423883,0.9978882437,0,0,1.478063503,1.649336143,-1.42247542,1.585591943,0.0033447489,0.08698824564,0.1746587496,-1.412794511,1.581933034,1.296552916,1.608352392,-0.1358191203,-0.03842092964,-0.486596652,0.06997624334,0,0.1383841131,-0.0713021613,-0.3119220092,0.1995052137,0.2347721016,-0.001954975916,-0.1666032674,-0.07889154172,0.1810272546,-0.1725491995,-0.2199737683,0.0773378141,0.008911949948,0.01694881573,0.008911949948,0,0.04,0.11,0.08,0
10.1,0.1562810414,-0.0619828257,0.3648708524,0.01793279659,-0.05996400648,0.9982005399,0.06495423883,0.9978882437,0,0,1.478763266,1.649336143,-1.421091579,1.584878921,0.0002255288082,0.08898329778,0.1770064706,-1.41281406,1.580267002,1.295764,1.610162665,-0.1375446123,-0.04062066732,-0.4858232739,0.0694856038,0,0.1394860456,-0.07203349456,-0.3128586996,0.2011726712,0.235230292,-0.00128459472,-0.1672927258,-0.07925569931,0.1813034821,-0.1731058934,-0.2208140483,0.0782664909,0.008913453412,0.01640659162,0.008913453412,0,0.04,0.115,0.085,0
10.11,0.1599366394,-0.06180351596,0.3662426907,0.01792916604,-0.05996400648,0.9982005399,0.06495423883,0.9978882437,0.5,0,1.479458122,1.649336143,-1.419696718,1.584158586,-0.002903058188,0.09099502449,0.1793587735,-1.412826906,1.578594075,1.294971443,1.6119757,-0.1392756712,-0.04282880781,-0.485040609,0.06899082119,0,0.1405491275,-0.07274942689,-0.313736791,0.2028243293,0.2356264141,-0.0006134780786,-0.1679667617,-0.07961721166,0.181568039,-0.1736467114,-0.2216348392,0.07919377055,0.008914946478,0.01586223088,0.008914946478,0,0.035,0.115,0.085,0
10.12,0.1636057741,-0.06162424205,0.3675781976,0.01792563164,-0.05497227503,0.9984878812,0.06495423883,0.9978882437,0,0,1.48014803,1.649336143,-1.418291227,1.583431092,-0.006040426098,0.09302326778,0.1817150377,-1.412833041,1.576914407,1.294175271,1.61379138,-0.1410121383,-0.0450451562,-0.4842486712,0.06848410836,0,0.1416324446,-0.07344982843,-0.3146028102,0.2044599488,0.2360215293,5.824515072e-05,-0.1686253029,-0.07997605567,0.1818208953,-0.1741716618,-0.2224360196,0.0801194369,0.008916429054,0.01531578716,0.008916429054,0,0.035,0.115,0.085,0
10.13,0.1672880819,-0.06144500301,0.3688772709,0.01792219367,-0.05497227503,0.9984878812,0.06495423883,0.9978882437,0,0,1.480832871,1.649336143,-1.416874902,1.582696594,-0.0091864542,0.09506786727,0.184075253,-1.412832459,1.575228154,1.293375511,1.615609589,-0.1427538549,-0.0472695164,-0.4834474769,0.06797130567,0,0.1426937776,-0.0741345736,-0.3154239613,0.2060789705,0.236372712,0.0007304446936,-0.1692682808,-0.08033220742,0.182062024,-0.174680756,-0.2232174729,0.08104327272,0.008917900879,0.01476731439,0.008917900879,0,0.035,0.115,0.09,0
10.14,0.1709831978,-0.06126579786,0.3701398171,0.01791885236,-0.05497227503,0.9984878812,0.06495423883,0.9978882437,0.5,0,1.481512584,1.649336143,-1.415447965,1.581955248,-0.01234069381,0.09712865698,0.1864389801,-1.412825154,1.573535471,1.292572189,1.617430209,-0.1445006625,-0.04950169112,-0.4826370442,0.06744764379,0,0.1437689851,-0.07480354135,-0.3162284239,0.2076813998,0.2367171588,0.001402988908,-0.1698956306,-0.08068564213,0.1822914021,-0.1751740082,-0.2239790885,0.08196505991,0.008919361818,0.01421686671,0.008919361818,0,0.03,0.115,0.09,0
10.15,0.1746907562,-0.06108662564,0.3713657514,0.01791560795,-0.04997916927,0.9987502604,0.06495423883,0.9978882437,0,0,1.48218706,1.649336143,-1.414010275,1.581207213,-0.01550297805,0.09920547097,0.1888061517,-1.412811124,1.571836515,1.291765332,1.619253123,-0.1462524026,-0.05174148201,-0.4818173936,0.06692224883,0,0.1447933808,-0.07545661505,-0.3169662148,0.2092659137,0.2369889818,0.002075744837,-0.1705072912,-0.0810363342,0.18250901,-0.1756514358,-0.224720761,0.08288457955,0.008920811634,0.01366449852,0.008920811634,0,0.03,0.115,0.095,0
10.16,0.1784103905,-0.06090748538,0.3725549975,0.01791246063,-0.04997916927,0.9987502604,0.06495423883,0.9978882437,0.5,0,1.482856283,1.649336143,-1.412562341,1.580452647,-0.0186726402,0.1012981301,0.1911760415,-1.412790367,1.570131442,1.290954969,1.621078213,-0.1480089169,-0.05398868962,-0.4809885478,0.06638388382,0,0.1458489391,-0.07609368286,-0.3177012221,0.2108334203,0.2372726427,0.00274857826,-0.1711032052,-0.08138425712,0.1827148317,-0.1761130592,-0.2254423907,0.08380161203,0.008922250287,0.01311026443,0.008922250287,0,0.025,0.115,0.095,0
10.17,0.1821417336,-0.0607283761,0.3737074879,0.01790941059,-0.04498481404,0.9989876708,0.06495423883,0.9978882437,0,0,1.483520122,1.649336143,-1.411103852,1.57969171,-0.02184965242,0.1034064643,0.1935487679,-1.412762881,1.56842041,1.290141126,1.622905362,-0.1497700475,-0.05624311353,-0.4801505316,0.06584241188,0,0.1468663439,-0.07671463742,-0.3183800145,0.2123823019,0.237497553,0.003421353751,-0.1716833193,-0.08172938354,0.182908855,-0.1765589016,-0.2261438834,0.08471593719,0.008923677493,0.01255421922,0.008923677493,0.005,0.025,0.11,0.095,0
10.18,0.1858844176,-0.06054929684,0.3748231636,0.01790645797,-0.04498481404,0.9989876708,0.06495423883,0.9978882437,0,0,1.484178546,1.649336143,-1.409635188,1.578924563,-0.02503345257,0.1055302873,0.1959237435,-1.412728668,1.566703577,1.289323832,1.62473445,-0.1515356366,-0.05850455236,-0.4793033723,0.06529022133,0,0.1479006186,-0.07731937626,-0.3190453786,0.2139134025,0.2377205173,0.00409393473,-0.1722475836,-0.08207168522,0.183091071,-0.176988989,-0.2268251507,0.08562733438,0.008925093183,0.0119964179,0.008925093183,0,0.025,0.115,0.1,0
10.19,0.189638074,-0.06037024662,0.3759019744,0.01790360292,-0.04498481404,0.9989876708,0.06495423883,0.9978882437,0.5,0,1.484831448,1.649336143,-1.408156182,1.57815137,-0.02822390635,0.1076694214,0.1983009486,-1.412687728,1.564981101,1.288503116,1.626565361,-0.1533055264,-0.06077280387,-0.4784470989,0.06473467781,0,0.1489013085,-0.07790780162,-0.3196587145,0.2154250934,0.2378903365,0.004766183525,-0.1727959523,-0.08241113302,0.1832614748,-0.1774033505,-0.2274861098,0.08653558264,0.008926497122,0.01143691562,0.008926497122,0,0.02,0.115,0.1,0
10.2,0.193402334,-0.06019122446,0.3769438788,0.01790084554,-0.03998933419,0.9992001067,0.06495423883,0.9978882437,0,0,1.485478795,1.649336143,-1.406667169,1.577372292,-0.0314204935,0.1098236723,0.200679852,-1.412640066,1.563253141,1.287679004,1.628397976,-0.1550795599,-0.06304766497,-0.4775817431,0.0641704256,0,0.1499069875,-0.0784798207,-0.3202499963,0.2169180727,0.2380469528,0.00543796143,-0.1733283832,-0.08274769694,0.1834200648,-0.1778020177,-0.2281266837,0.08744046079,0.008927889234,0.0108757677,0.008927889234,0,0.02,0.11,0.105,0
10.21,0.1971768284,-0.06001222938,0.3779488437,0.01789818592,-0.03998933419,0.9992001067,0.06495423883,0.9978882437,0,0,1.486120499,1.649336143,-1.405168099,1.576587493,-0.03462299346,0.111992853,0.2030603215,-1.412585687,1.561519857,1.286851527,1.630232176,-0.1568575801,-0.0653289318,-0.4767073385,0.06359756247,0,0.1509176926,-0.07903534562,-0.3208194349,0.2183921909,0.2381908441,0.00610912877,-0.1738448382,-0.08308134608,0.1835668434,-0.1781850252,-0.2287468012,0.08834174756,0.008929269329,0.01031302959,0.008929269329,0,0.015,0.115,0.105,0
10.22,0.2009611877,-0.05983326041,0.3789168449,0.01789562412,-0.03998933419,0.9992001067,0.06495423883,0.9978882437,0.5,0,1.486756475,1.649336143,-1.403658922,1.57579714,-0.03783118781,0.1141767749,0.20544223,-1.412524596,1.559781409,1.286020714,1.632067845,-0.1586394304,-0.06761639982,-0.475823921,0.06302456645,0,0.1518771613,-0.07957429341,-0.3213243924,0.2198449635,0.2382649852,0.006779544958,-0.1743452827,-0.08341204865,0.1837018163,-0.17855241,-0.2293463971,0.08923922168,0.008930637217,0.009748756893,0.008930637217,0,0.015,0.115,0.105,0
10.23,0.2047550421,-0.05965431657,0.3798478668,0.01789316018,-0.0349928546,0.9993875625,0.06495423883,0.9978882437,0,0,1.48738672,1.649336143,-1.40214015,1.575001397,-0.04104443173,0.1163752246,0.2078248798,-1.4124568,1.558037956,1.285186593,1.633904863,-0.1604249545,-0.06990986379,-0.4749315288,0.06244214772,0,0.1528498521,-0.08009658633,-0.3218144215,0.2212784258,0.2383357418,0.007449068563,-0.1748296863,-0.08373977199,0.1838249931,-0.1789042123,-0.2299254118,0.09013266206,0.008931992892,0.0091830053,0.008931992892,0,0.015,0.115,0.11,0
10.24,0.2085580217,-0.05947539688,0.3807419023,0.01789079414,-0.0349928546,0.9993875625,0.06495423883,0.9978882437,0.5,0,1.488011142,1.649336143,-1.400611652,1.574200431,-0.04426257595,0.1185880088,0.2102082372,-1.412382309,1.556289659,1.284349196,1.635743113,-0.1622139966,-0.0722091179,-0.4740302022,0.06185087087,0,0.1538324695,-0.08060215167,-0.3222871541,0.2226924047,0.238400188,0.00811755738,-0.1752980223,-0.08406448256,0.183936387,-0.1792404744,-0.2304837918,0.09102184789,0.008933336149,0.008615830608,0.008615830608,0,0.01,0.115,0.11,0
10.25,0.2123697568,-0.05929650036,0.3815989531,0.01788852597,-0.0299955002,0.9995500337,0.06495423883,0.9978882437,0,0,1.488629651,1.649336143,-1.399073327,1.57339441,-0.04748544749,0.1208149329,0.2125922391,-1.412301134,1.554536679,1.283508551,1.637582477,-0.1640064013,-0.07451395582,-0.4731199837,0.06125986175,0,0.1547657486,-0.08109092185,-0.3226979769,0.2240838086,0.2383983217,0.008784868491,-0.1757502679,-0.08438614597,0.1840360148,-0.1795612416,-0.2310214897,0.09190655873,0.008934666791,0.008047288699,0.008047288699,0,0.01,0.11,0.115,0
10.26,0.2161898776,-0.05911762604,0.3824190296,0.01788635565,-0.0299955002,0.9995500337,0.06495423883,0.9978882437,0,0,1.489242249,1.649336143,-1.39752567,1.5725835,-0.05071242726,0.123055771,0.2149762223,-1.412213285,1.552779176,1.282664689,1.639422837,-0.1658020138,-0.07682417072,-0.4722009181,0.06066206629,0,0.1556980176,-0.08156283464,-0.3230839141,0.225454473,0.2383799793,0.00945085834,-0.1761864042,-0.08470472695,0.1841238969,-0.1798665618,-0.2315384638,0.09278657472,0.008935984823,0.00747743552,0.00747743552,0,0.005,0.115,0.115,0
10.27,0.2200180142,-0.05893877292,0.3832021507,0.01788428313,-0.0299955002,0.9995500337,0.06495423883,0.9978882437,0.5,0,1.48984887,1.649336143,-1.39596869,1.571767872,-0.0539432664,0.1253103157,0.2173600221,-1.412118777,1.551017312,1.281817642,1.641264076,-0.1676006794,-0.07913955536,-0.4712730524,0.06005598666,0,0.156639832,-0.08201783304,-0.3234531406,0.226804841,0.2383563912,0.0101153828,-0.1766064164,-0.08502018943,0.1842000575,-0.1801564852,-0.2320346788,0.09366167661,0.008937290094,0.006906327073,0.006906327073,0,0.005,0.115,0.12,0
10.28,0.2238537975,-0.05875994005,0.3839483441,0.01788230834,-0.02499739591,0.9996875163,0.06495423883,0.9978882437,0,0,1.49044943,1.649336143,-1.394402291,1.570947694,-0.0571777978,0.1275783641,0.219743586,-1.412017623,1.549251248,1.28096744,1.643106076,-0.1694022442,-0.08145990214,-0.4703364356,0.05944822432,0,0.1575495345,-0.08245586536,-0.3237745934,0.2281323475,0.2382855881,0.01077829727,-0.1770102935,-0.08533249649,0.1842645244,-0.1804310648,-0.232510105,0.09453164598,0.008938582423,0.006334019395,0.006334019395,0,0,0.115,0.12,0
10.29,0.2276968582,-0.05858112643,0.3846576461,0.01788043119,-0.02499739591,0.9996875163,0.06495423883,0.9978882437,0.5,0,1.491043912,1.649336143,-1.392826796,1.570123135,-0.06041554374,0.1298596876,0.2221264419,-1.41190984,1.547481145,1.280114115,1.644948722,-0.1712065549,-0.0837850032,-0.4693911191,0.0588207827,-1.525839561e-05,0.1585467442,-0.08287602124,-0.3241380834,0.2294438222,0.2382898061,-0.004997852631,-0.1225784661,-0.02368820561,0.184317323,-0.238666079,-0.2216333695,0.1603652569,0.00893986177,0.005760568548,0.005760568548,0,0,0.115,0.12,0
10.3,0.2315468276,-0.0584023311,0.3853301015,0.01787865155,-0.01999866669,0.9998000067,0.06495423883,0.9978882437,0,0,1.49163212,1.649335991,-1.391241328,1.569294375,-0.06365692457,0.1321541258,0.22450934,-1.411959818,1.546255361,1.279877233,1.646791895,-0.1735932157,-0.08600133689,-0.4677874666,0.05823190196,1.525839561e-05,0.1592488764,-0.08328171622,-0.3242583052,0.2307156917,0.2379803814,-0.04225732397,0.003647074894,0.1187056001,0.1843584869,-0.3728839971,-0.1951298502,0.311159131,0.008941126558,0.005366677666,0.005366677666,0.005,0,0.11,0.125,1.525839561e-07
10.31,0.2354033375,-0.05822355307,0.3859657641,0.01787696928,-0.01999866669,0.9998000067,0.06495423883,0.9978882437,0,0,1.492214439,1.649336143,-1.38964884,1.568461558,-0.06689950762,0.1344612827,0.2268891438,-1.412382391,1.546291831,1.281064289,1.64863548,-0.1773220556,-0.08795263539,-0.4646758753,0.05759458295,0,0.1602303297,-0.08366773033,-0.3245643604,0.2319827947,0.2379420835,-0.04166164631,0.003699868734,0.1182943103,0.1843880757,-0.373680112,-0.1942722644,0.3123394652,0.008942381064,0.00538885823,0.00538885823,0,0,0.115,0.125,0
10.32,0.2392660204,-0.05804479139,0.3865646959,0.01787538422,-0.01999866669,0.9998000067,0.06495423883,0.9978882437,0.5,0,1.492790385,1.649336143,-1.388046536,1.56762488,-0.07014515123,0.1367811107,0.2292685646,-1.412799008,1.54632883,1.282247232,1.650479361,-0.1810588568,-0.08989535804,-0.4615524806,0.05697002634,0,0.1610901811,-0.0840374901,-0.3247573409,0.2332202294,0.2377676142,-0.04106349824,0.003746360887,0.1178624636,0.184406118,-0.37443761,-0.1933924602,0.3134846582,0.008943620791,0.005411292257,0.005411292257,0,0,0.115,0.125,0
10.33,0.2431345093,-0.05786604507,0.3871269681,0.01787389617,-0.01499943751,0.9998875021,0.06495423883,0.9978882437,0,0,1.493360085,1.649336143,-1.386435635,1.566784505,-0.07339272464,0.1391133129,0.2316462408,-1.413209643,1.546366294,1.283425857,1.652323422,-0.1848032329,-0.09182928264,-0.458417634,0.05633919121,0,0.1619535309,-0.08439010713,-0.3249308808,0.2344356826,0.2375847205,-0.04046517469,0.003793534264,0.1174181782,0.1844126596,-0.3751638021,-0.1924893913,0.3146027779,0.008944847162,0.005433956443,0.005433956443,0,0,0.115,0.125,0
10.34,0.2470084378,-0.05768731314,0.38765266,0.01787250494,-0.01499943751,0.9998875021,0.06495423883,0.9978882437,0,0,1.493923477,1.649336143,-1.384816099,1.565940604,-0.07664203345,0.1414576698,0.234022088,-1.413614295,1.546404229,1.284600039,1.654167548,-0.1885548709,-0.09375417655,-0.4552716062,0.05570781846,0,0.1627861272,-0.08472556267,-0.3250599263,0.2356263654,0.2373591081,-0.03986687786,0.003841386429,0.1169616817,0.1844077499,-0.3758586204,-0.191563464,0.315693622,0.008946060038,0.005456850491,0.005456850491,0,0,0.115,0.125,0
10.35,0.2508874408,-0.05750859465,0.3881418599,0.01787121028,-0.01499943751,0.9998875021,0.06495423883,0.9978882437,0.5,0,1.494480555,1.649336143,-1.383188238,1.565093349,-0.07989263271,0.1438139334,0.2363956791,-1.414012963,1.546442643,1.285769655,1.656011626,-0.1923134571,-0.09566981119,-0.45211467,0.05507197125,0,0.1636135599,-0.08504384365,-0.3251637896,0.2367939557,0.2371172928,-0.03926880841,0.003889912211,0.1164932018,0.1843914417,-0.3765220007,-0.1906150916,0.3167569925,0.008947259403,0.005479974082,0.005479974082,0,0,0.115,0.12,0
10.36,0.2547711537,-0.05732988862,0.3885946647,0.01787001194,-0.009999833334,0.9999500004,0.06495423883,0.9978882437,0,0,1.495031275,1.649336143,-1.381552102,1.56424291,-0.0831442706,0.146181873,0.238766852,-1.414405652,1.546481542,1.286934587,1.65785554,-0.1960786771,-0.09757596211,-0.4489471001,0.0544325365,0,0.1644314919,-0.08534494261,-0.3252395715,0.2379379541,0.2368553729,-0.03867116597,0.003939105856,0.1160129679,0.1843637917,-0.3771538859,-0.1896446934,0.3177926983,0.00894844516,0.005503326877,0.005503326877,0,0,0.115,0.12,0
10.37,0.2586592131,-0.05715119409,0.3890111799,0.01786890964,-0.009999833334,0.9999500004,0.06495423883,0.9978882437,1,0,1.4955756,1.649336143,-1.379907787,1.563389461,-0.08639666632,0.1485612525,0.2411354057,-1.414792363,1.546520933,1.288094717,1.659699178,-0.1998502159,-0.09947240904,-0.4457691731,-0.01661326652,-0.35606925,0.5798162848,-0.08562885718,-0.6284846482,0.2770180714,0.6565914442,-0.03807414907,0.003988961033,0.1155212112,0.1843248598,-0.3777542256,-0.188652695,0.3188005552,0.008949617226,0.00552690851,0.00552690851,0,0,0.115,0.12,0
10.38,0.2625512567,-0.0569725101,0.3893915196,0.01786790308,0,1,0.06495423883,0.9978882437,0,0,1.495409467,1.645775451,-1.374109625,1.562533172,-0.0926815128,0.1513314332,0.2477013202,-1.415173105,1.546560823,1.289249929,1.661542427,-0.2036277582,-0.101358936,-0.4425811676,0.08642803448,0.1690289493,-0.03059806765,-0.08589559311,-0.1810883994,0.2226907776,0.03695647067,-0.03747795499,0.004039470834,0.115018165,0.1842747094,-0.3783229762,-0.1876395278,0.3197803866,0.008922762754,0.00555071859,0.00555071859,0,0,0.11,0.12,0.0035606925
10.39,0.2664469234,-0.05679383571,0.3897358068,0.01786699193,0,1,0.06495423883,0.9978882437,0,0,1.496273748,1.64746574,-1.374415605,1.561674216,-0.09449239679,0.153558341,0.2480708849,-1.415547884,1.546601217,1.290400111,1.663385174,-0.207410988,-0.1032353313,-0.4393833637,0.08605859361,0.1691996353,-0.03030199592,-0.08614515827,-0.1814644222,0.2227392652,0.03631654181,-0.03688277962,0.004090627784,0.114504064,0.1842134077,-0.3788601016,-0.1866056287,0.3207320233,0.008937111971,0.005574756703,0.005574756703,0,0,0.11,0.12,0.001870403008
10.4,0.2703458531,-0.05661516995,0.3900441728,0.01786617584,0,1,0.06495423883,0.9978882437,0,0,1.497134334,1.649157736,-1.374718625,1.560812765,-0.09630704102,0.1557857337,0.2484340503,-1.415916712,1.546642124,1.291545152,1.665227308,-0.211199589,-0.1051013876,-0.4361760435,0.0554183543,0.01784066549,0.1466760666,-0.0863775693,-0.3100388811,0.2402539982,0.2144290055,-0.03628881741,0.004142423841,0.1139791446,0.184141025,-0.3793655726,-0.18555144,0.3216553039,0.008951629182,0.005599022407,0.005599022407,0,0,0.11,0.12,0.0001784066549
10.41,0.2742476875,-0.05643651188,0.3903167578,0.01786545445,0,1,0.06495423883,0.9978882437,0,0,1.497688517,1.649336143,-1.373251865,1.559948989,-0.09940742983,0.1581882737,0.2505783403,-1.4162796,1.546683548,1.292684943,1.667068718,-0.2149932447,-0.106956902,-0.4329594904,0.05120094243,0,0.1683052391,-0.0865928456,-0.3251555072,0.2432906913,0.2351877316,-0.03569626117,0.004194850406,0.1134436445,0.1840576353,-0.3798393679,-0.1844774092,0.3225500749,0.008954167583,0.005623515237,0.005623515237,0,0,0.11,0.12,0
10.42,0.2781520695,-0.05625786054,0.3905537105,0.01786482736,0,1,0.06495423883,0.9978882437,0,0,1.498200527,1.649336143,-1.371568812,1.559083061,-0.1026589849,0.1606211806,0.2529302177,-1.416636563,1.546725496,1.293819379,1.668909295,-0.2187916384,-0.108801676,-0.4297339897,0.05055116748,0,0.1690255661,-0.08679101594,-0.3250404679,0.2442852656,0.2347748333,-0.03510530204,0.004247898326,0.1128978029,0.1839633157,-0.3802814734,-0.1833839887,0.3234161908,0.008955270414,0.005648234702,0.005648234702,0,0,0.11,0.12,0
10.43,0.2820586435,-0.05607921502,0.3907551885,0.01786429415,0,1,0.06495423883,0.9978882437,0,0,1.498706038,1.649336143,-1.369878557,1.55821515,-0.1059093896,0.1630640332,0.255277966,-1.416987616,1.546767975,1.294948357,1.670748928,-0.2225944531,-0.1106355159,-0.4264998278,0.04989842763,0,0.1697411307,-0.08697211255,-0.3249032228,0.2452554522,0.2343502059,-0.03451612931,0.004301557908,0.1123418602,0.1838581469,-0.380691883,-0.1822716357,0.3242535148,0.008956359315,0.005673180284,0.005673180284,0,0,0.11,0.12,0
10.44,0.2859670556,-0.05590057435,0.3909213578,0.01786385439,0,1,0.06495423883,0.9978882437,0,0,1.499205023,1.649336143,-1.368181145,1.557345429,-0.1091584218,0.1655165877,0.257621468,-1.417332777,1.546810991,1.296071776,1.672587509,-0.226401372,-0.1124582323,-0.4232572926,0.04924466586,0,0.1704418673,-0.08713617402,-0.3247368279,0.2462000951,0.2339041753,-0.03392569406,0.004344290691,0.1117634051,0.183742213,-0.3810584539,-0.1811439485,0.3250484466,0.008957434219,0.005698351439,0.005698351439,0,0,0.11,0.12,0
10.45,0.2898769535,-0.05572193762,0.3910523932,0.01786350761,0,1,0.06495423883,0.9978882437,0,0,1.499697469,1.649336143,-1.366476727,1.556474068,-0.1124057901,0.1679785887,0.2599605098,-1.417672034,1.546854434,1.29718941,1.674424931,-0.2302119565,-0.1142696718,-0.4200068082,0.04859012093,0,0.1711276167,-0.08728324479,-0.3245415275,0.2471190347,0.2334370872,-0.03334393654,0.004410786156,0.1112007895,0.1836156013,-0.3814177555,-0.1799920007,0.3258414303,0.008958495101,0.005723709385,0.005723709385,0,0,0.11,0.12,0
10.46,0.293787987,-0.05554330389,0.3911484781,0.01786325332,0,1,0.06495423883,0.9978882437,0,0,1.50018337,1.649336143,-1.36476545,1.555601235,-0.1156512054,0.170449779,0.2622948807,-1.418005473,1.546898542,1.298301418,1.676261087,-0.234026134,-0.1160695918,-0.4167483938,0.04793503028,0,0.1717982278,-0.08741337513,-0.3243175728,0.2480121212,0.2329492932,-0.03276123931,0.004466220264,0.1106159998,0.1834784022,-0.3817331238,-0.1788256344,0.3265916464,0.008959541942,0.005749330323,0.005749330323,0,0,0.11,0.12,0
10.47,0.2976998072,-0.05536467224,0.3912098045,0.01786309102,0,1,0.06495423883,0.9978882437,0,0,1.500662721,1.649336143,-1.363047468,1.554727101,-0.1188943811,0.1729299003,0.2646243736,-1.418333086,1.546943204,1.299407578,1.678095871,-0.2378434653,-0.1178578481,-0.4134824774,0.04727963029,0,0.1724535552,-0.08752662114,-0.3240652198,0.2488792156,0.2324411478,-0.03218106412,0.004522218278,0.110022077,0.1833307098,-0.3820168487,-0.1776422073,0.3273126057,0.008960574728,0.005775175056,0.005775175056,0,0,0.11,0.12,0
10.48,0.3016120678,-0.05518604176,0.3912365731,0.01786302018,0,1,0.06495423883,0.9978882437,0,0,1.501135517,1.649336143,-1.361322933,1.553851835,-0.1221350333,0.1754186924,0.2669487851,-1.418654896,1.546988426,1.300507799,1.679929178,-0.2416636338,-0.1196342702,-0.4102093513,0.04662415615,0,0.1730934594,-0.08762304474,-0.3237847293,0.2497201885,0.2319130088,-0.03160359051,0.004578771638,0.1094192706,0.183172621,-0.3822689691,-0.1764421954,0.3280042205,0.008961593448,0.005801242924,0.005801242924,0,0,0.11,0.12,0
10.49,0.3055244242,-0.05500741154,0.3912289933,0.01786304024,0,1,0.06495423883,0.9978882437,0,0,1.501601759,1.649336143,-1.359591998,1.552975605,-0.1253728806,0.1779158943,0.2692679152,-1.418970932,1.547034214,1.301601991,1.681760905,-0.2454863235,-0.1213986922,-0.4069293091,0.04596884171,0,0.1737178068,-0.08770271373,-0.3234763665,0.2505349214,0.2313652364,-0.0310289945,0.004635867591,0.1088078262,0.1830042362,-0.3824895289,-0.1752260791,0.3286664081,0.0089625981,0.00582753325,0.00582753325,0,0,0.11,0.12,0
10.5,0.3094365339,-0.05482878066,0.3911872831,0.01786315062,0,1,0.06495423883,0.9978882437,0,0,1.502061447,1.649336143,-1.35785482,1.552098578,-0.1286076442,0.1804212435,0.2715815675,-1.419281222,1.547080573,1.30269007,1.683590947,-0.2493112188,-0.1231509529,-0.403642645,0.04531391928,0,0.1743264699,-0.08776570169,-0.3231404017,0.2513233058,0.2307981939,-0.0304574495,0.00469349291,0.1081879902,0.1828256586,-0.3826785807,-0.1739943416,0.3292990957,0.008963588683,0.00585404533,0.00585404533,0,0,0.11,0.12,0
10.51,0.3133480569,-0.05465014823,0.3911116692,0.01786335073,0,1,0.06495423883,0.9978882437,0,0,1.502514586,1.649336143,-1.356111555,1.551220921,-0.1318390483,0.1829344766,0.2738895495,-1.419585797,1.547127507,1.30377195,1.685419204,-0.2531380046,-0.1248908964,-0.4003496541,0.04465961952,0,0.1749193275,-0.08781208806,-0.3227771094,0.2520852443,0.2302122466,-0.02988912623,0.004751633911,0.1075600096,0.1826369948,-0.3828361864,-0.1727474689,0.3299022204,0.008964565205,0.005880778433,0.005880778433,0,0,0.11,0.12,0
10.52,0.3172586551,-0.05447151335,0.391002387,0.01786363995,0,1,0.06495423883,0.9978882437,0,0,1.502961182,1.649336143,-1.354362362,1.5503428,-0.1350668194,0.185455329,0.2761916719,-1.419884688,1.547175024,1.30484755,1.687245574,-0.2569663664,-0.1266183711,-0.3970506319,0.04400617127,0,0.1754962646,-0.08784195808,-0.3223867688,0.2528206498,0.2296077624,-0.02932419262,0.004810276471,0.1069241316,0.1824383544,-0.3829624167,-0.1714859497,0.3304757293,0.008965527675,0.005907731802,0.005907731802,0,0,0.11,0.12,0
10.53,0.3211679932,-0.05429287513,0.3908596803,0.01786401762,0,1,0.06495423883,0.9978882437,0,0,1.503401244,1.649336143,-1.352607399,1.54946438,-0.138290687,0.1879835355,0.2784877496,-1.42017793,1.547223127,1.305916791,1.689069957,-0.2607959906,-0.1283332305,-0.3937458746,0.0433538014,0,0.1760571728,-0.08785540282,-0.3219696639,0.2535294461,0.2289851113,-0.0287628137,0.004869406035,0.1062806035,0.18222985,-0.3830573521,-0.1702102746,0.3310195801,0.008966476111,0.00593490465,0.00593490465,0,0,0.11,0.12,0
10.54,0.3250757381,-0.0541142327,0.3906838018,0.01786448308,0,1,0.06495423883,0.9978882437,0,0,1.503834782,1.649336143,-1.350846828,1.548585826,-0.1415103837,0.19051883,0.2807776007,-1.420465558,1.547271821,1.306979597,1.690892256,-0.2646265641,-0.1300353333,-0.3904356788,0.04270273463,0,0.1766019501,-0.08785251911,-0.3215260827,0.2542115681,0.2283446652,-0.02820515147,0.004929007639,0.105629673,0.1820115971,-0.3831210823,-0.1689209363,0.3315337408,0.008967410533,0.005962296164,0.005962296164,0,0,0.11,0.12,0
10.55,0.3289815595,-0.05393558518,0.3904750129,0.01786503563,0,1,0.06495423883,0.9978882437,0,0,1.504261809,1.649336143,-1.349080808,1.547707301,-0.1447256445,0.1930609456,0.2830610473,-1.42074761,1.547321111,1.308035894,1.692712372,-0.2684577749,-0.1317245427,-0.3871203414,0.04205319342,0,0.1771305012,-0.08783340959,-0.3210563182,0.2548669614,0.2276867979,-0.02765136486,0.004989065921,0.1049715879,0.1817837142,-0.3831537067,-0.1676184295,0.3320181901,0.008968330966,0.005989905502,0.005989905502,0,0,0.11,0.12,0
10.56,0.3328851296,-0.0537569317,0.3902335834,0.01786567457,0,1,0.06495423883,0.9978882437,0,0,1.504682341,1.649336143,-1.347309503,1.546828967,-0.1479362077,0.1956096153,0.2853379153,-1.421024123,1.547371001,1.30908561,1.694530209,-0.272289312,-0.133400727,-0.3838001595,0.04140539779,0,0.1776427377,-0.08779818266,-0.3205606675,0.255495583,0.2270118849,-0.0271016096,0.005049565141,0.1043065958,0.1815463228,-0.3831553344,-0.1663032499,0.3324729176,0.008969237442,0.006017731794,0.006017731794,0,0,0.11,0.12,0
10.57,0.3367861233,-0.0535782714,0.3899597919,0.01786639916,0,1,0.06495423883,0.9978882437,0,0,1.505096395,1.649336143,-1.345533076,1.545950985,-0.1511418144,0.1981645711,0.2876080342,-1.421295139,1.547421497,1.310128676,1.696345672,-0.2761208653,-0.1350637594,-0.3804754303,0.04075956519,0,0.1781385781,-0.08774695243,-0.3200394323,0.2560974009,0.2263203034,-0.02655603811,0.005110489198,0.1036349444,0.1812995471,-0.3831260847,-0.1649758946,0.3328979241,0.008970129996,0.006045774145,0.006045774145,0,0,0.11,0.12,0
10.58,0.3406842185,-0.05339960344,0.3896539258,0.01786720862,0,1,0.06495423883,0.9978882437,0,0,1.505503991,1.649336143,-1.34375169,1.545073515,-0.1543422087,0.2007255451,0.2898712372,-1.4215607,1.547472602,1.311165025,1.698158667,-0.2799521262,-0.1367135184,-0.3771464511,0.04011591034,0,0.1786179477,-0.08767983877,-0.3194929188,0.2566723943,0.2256124317,-0.02601479944,0.005171821645,0.102956881,0.1810435142,-0.3830660865,-0.1636368619,0.3332932213,0.008971008668,0.006074031627,0.006074031627,0,0,0.11,0.12,0
10.59,0.3445790959,-0.05322092695,0.3893162808,0.0178681022,0,1,0.06495423883,0.9978882437,0,0,1.50590515,1.649336143,-1.34196551,1.544196717,-0.1575371379,0.203292269,0.2921273615,-1.421820848,1.54752432,1.312194594,1.699969103,-0.2837827871,-0.138349887,-0.3738135188,0.03947464507,0,0.1790807793,-0.08759696722,-0.3189214375,0.257220554,0.2248886498,-0.02547803916,0.005233545712,0.1022726527,0.180778354,-0.3829754794,-0.1622866502,0.3336588326,0.008971873503,0.006102503289,0.006102503289,0,0,0.11,0.12,0
10.6,0.3484704392,-0.05304224111,0.3889471616,0.01786907906,0,1,0.06495423883,0.9978882437,0,0,1.506299897,1.649336143,-1.340174703,1.543320747,-0.1607263523,0.2058644746,0.294376248,-1.422075628,1.547576656,1.31321732,1.701776886,-0.2876125419,-0.1399727535,-0.3704769305,0.03883597822,0,0.1795270126,-0.087498469,-0.3183253033,0.257741882,0.2241493387,-0.02494589927,0.005295644325,0.1015825063,0.180504199,-0.382854413,-0.1609257589,0.3339947927,0.008972724552,0.006131188148,0.006131188148,0,0,0.11,0.12,0
10.61,0.3523579353,-0.05286354509,0.3885468813,0.0178701384,0,1,0.06495423883,0.9978882437,0,0,1.506688256,1.649336143,-1.338379432,1.542445763,-0.1639096053,0.2084418934,0.2966177414,-1.422325087,1.547629612,1.314233146,1.703581928,-0.291441086,-0.1415820111,-0.3671369826,0.03820011544,0,0.1799565947,-0.08738448098,-0.3177048357,0.2582363919,0.2233948803,-0.02441851809,0.005358100123,0.100886688,0.1802211844,-0.3827030475,-0.159554687,0.3343011482,0.008973561866,0.006160085195,0.006160085195,0,0,0.11,0.12,0
10.62,0.356241274,-0.05268483807,0.3881157619,0.01787127935,0,1,0.06495423883,0.9978882437,0,0,1.507070258,1.649336143,-1.336579867,1.541571918,-0.1670866536,0.2110242573,0.2988516902,-1.422569272,1.547683193,1.315242012,1.70538414,-0.2952681165,-0.143177558,-0.3637939711,0.03756725909,0,0.1803694803,-0.08725514562,-0.3170603585,0.258704109,0.2226256575,-0.02389603024,0.005420895481,0.1001854435,0.1799294481,-0.3825215537,-0.1581739338,0.3345779573,0.008974385507,0.006189193394,0.006189193394,0,0,0.11,0.12,0
10.63,0.3601201488,-0.05250611924,0.3876541338,0.01787250104,0,1,0.06495423883,0.9978882437,0,0,1.50744593,1.649336143,-1.334776172,1.540699366,-0.1702572572,0.2136112984,0.3010779468,-1.422808233,1.547737402,1.316243867,1.707183434,-0.299093332,-0.1447592973,-0.3604481915,0.0369376081,0,0.1807656314,-0.08711061097,-0.3163922,0.25914507,0.2218420543,-0.02337552441,0.005472276334,0.09946658361,0.1796291306,-0.3822978502,-0.1567881493,0.3348118641,0.008975195535,0.006218511679,0.006218511679,0,0,0.11,0.12,0
10.64,0.3639942561,-0.05232738779,0.3871623363,0.01787380257,0,1,0.06495423883,0.9978882437,0,0,1.507815306,1.649336143,-1.332968515,1.53982826,-0.1734211792,0.2162027491,0.3032963673,-1.423041988,1.547792125,1.317238533,1.708979726,-0.3029163105,-0.1463271788,-0.3571000729,0.03631135777,0,0.1811450179,-0.08695103063,-0.3157006929,0.2595593236,0.2210444549,-0.02286629837,0.005547558517,0.09876781035,0.1793203746,-0.3820690554,-0.1553853823,0.3350433899,0.00897599202,0.006247999805,0.006247999805,0,0,0.11,0.12,0
10.65,0.3678632961,-0.05214864292,0.386640717,0.01787518303,0,1,0.06495423883,0.9978882437,0,0,1.50817842,1.649336143,-1.331157065,1.53895875,-0.1765781862,0.2187983423,0.3055068119,-1.423270651,1.5478476,1.318226211,1.710772929,-0.306737001,-0.1478810326,-0.353749639,0.03568869973,0,0.1815076172,-0.0867765637,-0.3149861744,0.25994693,0.2202332444,-0.02235925976,0.005611267494,0.09805175718,0.1790033257,-0.3817983119,-0.1539785723,0.335232034,0.008976775031,0.006277735364,0.006277735364,0,0,0.11,0.12,0
10.66,0.3717269723,-0.05196988387,0.3860896326,0.01787664146,0,1,0.06495423883,0.9978882437,0,0,1.508535307,1.649336143,-1.329341989,1.538090984,-0.1797280479,0.2213978116,0.3077091443,-1.423494243,1.547903713,1.319206728,1.712562963,-0.3105549842,-0.1494208184,-0.3503973187,0.03506982173,0,0.1818534147,-0.08658737475,-0.3142489861,0.2603079613,0.2194088085,-0.02185761277,0.005675239542,0.09733124933,0.1786781317,-0.3814982276,-0.1525640721,0.3353914823,0.008977544646,0.006307677659,0.006307677659,0,0,0.115,0.12,0
10.67,0.3755849918,-0.05179110984,0.3855094482,0.01787817691,0,1,0.06495423883,0.9978882437,0,0,1.508886005,1.649336143,-1.327523455,1.537225111,-0.1828705378,0.2240008913,0.3099032324,-1.42371282,1.547960465,1.320180041,1.714349744,-0.3143699664,-0.1509464591,-0.3470434038,0.03445490754,0,0.1821824035,-0.08638363377,-0.3134894744,0.2606425018,0.2185715328,-0.021361473,0.005739459822,0.09660653246,0.1783449427,-0.3811690317,-0.151142375,0.3355218588,0.008978300943,0.006337825505,0.006337825505,0,0,0.115,0.12,0
10.68,0.3794370655,-0.05161232007,0.3849005375,0.01787978838,0,1,0.06495423883,0.9978882437,0,0,1.509230554,1.649336143,-1.325701631,1.536361274,-0.1860054325,0.2266073163,0.3120889477,-1.423926434,1.54801786,1.321146106,1.716133193,-0.3181816568,-0.1524578828,-0.3436881852,0.0338441368,0,0.1824945851,-0.08616551617,-0.3127079898,0.2609506472,0.2177218037,-0.02087095088,0.005803909591,0.09587784713,0.1780039112,-0.3808109612,-0.1497139738,0.3356232959,0.008979044008,0.006368177699,0.006368177699,0,0,0.115,0.115,0
10.69,0.383282908,-0.05143351382,0.3842632829,0.01788147486,0,1,0.06495423883,0.9978882437,0,0,1.509568995,1.649336143,-1.323876685,1.535499619,-0.1891325124,0.2292168228,0.3142661658,-1.424135144,1.548075899,1.322104885,1.717913233,-0.3219897664,-0.1539550226,-0.3403319523,0.0332376849,0,0.1827899687,-0.08593320266,-0.3119048877,0.2612325058,0.2168600075,-0.02038615251,0.005868570001,0.09514543282,0.177655192,-0.380424264,-0.1482793591,0.3356959388,0.008979773927,0.006398733014,0.006398733014,0,0,0.115,0.115,0
10.7,0.387122238,-0.05125469033,0.3835980756,0.01788323532,0,1,0.06495423883,0.9978882437,0,0,1.509901372,1.649336143,-1.322048785,1.534640287,-0.1922515613,0.2318291478,0.3164347658,-1.424339005,1.548134585,1.323056339,1.719689784,-0.325794009,-0.1554378162,-0.3369749929,0.03263179643,0,0.1830869968,-0.0856868793,-0.3110927471,0.2614917181,0.2160048221,-0.01990717964,0.005933422125,0.09440952776,0.1772989421,-0.3800091998,-0.1468390196,0.3357399455,0.008980490792,0.006429490197,0.006429490197,0,0,0.115,0.115,0
10.71,0.3909547777,-0.05107584887,0.3829053154,0.0178850687,0,1,0.06495423883,0.9978882437,0,0,1.51022769,1.649336143,-1.320217915,1.533783418,-0.1953624888,0.234444065,0.318594814,-1.424538077,1.548193919,1.324000434,1.721462774,-0.329594101,-0.1569062063,-0.3336175934,0.03203836066,0,0.1833305653,-0.08542673732,-0.3102353323,0.2617179354,0.2151018917,-0.01943412957,0.005998446984,0.09367036891,0.1769353206,-0.3795660397,-0.1453934412,0.3357554871,0.008981194614,0.006460447967,0.006460447967,0,0.005,0.115,0.115,0
10.72,0.3947802538,-0.05089698872,0.3821854105,0.01788697392,0,1,0.06495423883,0.9978882437,0,0,1.510548074,1.649336143,-1.31838461,1.532929151,-0.1984648421,0.2370612443,0.320745833,-1.424732418,1.548253903,1.324937138,1.723232127,-0.3333897614,-0.1583601408,-0.3302600386,0.03144587369,0,0.1835756901,-0.08515297326,-0.3093695526,0.2619217018,0.2142062095,-0.01896709509,0.006063625572,0.09292819184,0.1765644887,-0.3790950665,-0.1439431073,0.3357427479,0.00898188566,0.006491605021,0.006491605021,0,0.005,0.115,0.115,0
10.73,0.3985983968,-0.05071810916,0.3814387782,0.01788894987,0,1,0.06495423883,0.9978882437,0,0,1.510862533,1.649336143,-1.316548853,1.532077621,-0.2015585376,0.2396804614,0.3228878951,-1.424922089,1.54831454,1.32586642,1.724997772,-0.3371807121,-0.1597995718,-0.3269026111,0.03085836114,0,0.183804142,-0.08486578875,-0.308483626,0.2620997351,0.2133000107,-0.01850616443,0.006128938884,0.09218323072,0.1761866097,-0.3785965748,-0.142488498,0.3357019251,0.00898256395,0.00652296003,0.00652296003,0,0.005,0.115,0.115,0
10.74,0.4024089417,-0.05053920949,0.380665844,0.01789099542,0,1,0.06495423883,0.9978882437,0,0,1.511171116,1.649336143,-1.314710811,1.531228963,-0.2046433739,0.2423014587,0.3250208952,-1.425107151,1.548375829,1.326788252,1.726759638,-0.3409666778,-0.1612244568,-0.3235455918,0.03027597633,0,0.1840159674,-0.08456539053,-0.3075779281,0.262252203,0.2123836766,-0.01805142118,0.006194367939,0.09143571819,0.1758018487,-0.3780708707,-0.1410300903,0.3356332295,0.008983229588,0.00655451164,0.00655451164,0,0.005,0.115,0.115,0
10.75,0.4062116275,-0.05036028902,0.3798670424,0.01789310944,0,1,0.06495423883,0.9978882437,0,0,1.511473876,1.649336143,-1.312870652,1.530383309,-0.2077191531,0.2449239807,0.3271447319,-1.425287665,1.548437773,1.327702609,1.728517657,-0.3447473865,-0.1626347577,-0.3201892595,0.02969886657,0,0.1842112261,-0.08425199041,-0.3066528423,0.2623792866,0.2114575932,-0.01760294422,0.006259893813,0.0906858853,0.1754103731,-0.3775182723,-0.1395683576,0.3355368851,0.008983882685,0.006586258474,0.006586258474,0,0.005,0.115,0.115,0
10.76,0.4100061978,-0.05018134708,0.3790428163,0.01789529074,0,1,0.06495423883,0.9978882437,0,0,1.511770865,1.649336143,-1.311028539,1.52954079,-0.2107856816,0.2475477736,0.3292593079,-1.425463695,1.548500372,1.328609468,1.73027176,-0.3485225693,-0.1640304413,-0.3168338907,0.02912717406,0,0.1843899865,-0.08392580517,-0.3057087569,0.262481179,0.2105221459,-0.0171608077,0.006325497664,0.08993396149,0.1750123519,-0.3769391099,-0.1381037694,0.3354131293,0.008984523353,0.006618199133,0.006618199133,0,0.005,0.115,0.115,0
10.77,0.4137924006,-0.05000238299,0.3781936175,0.01789753813,0,1,0.06495423883,0.9978882437,0,0,1.512062136,1.649336143,-1.30918464,1.528701531,-0.2138427691,0.2501725854,0.3313645293,-1.425635303,1.548563627,1.329508808,1.732021884,-0.3522919604,-0.165411479,-0.3134797594,0.02856103584,0,0.1845523258,-0.08358705656,-0.3047460653,0.2625580857,0.2095777199,-0.01672508093,0.006391160758,0.08918017445,0.174607956,-0.3763337254,-0.1366367915,0.3352622131,0.008985151708,0.006650332194,0.006650332194,0,0.005,0.115,0.115,0
10.78,0.4175699884,-0.0498233961,0.3773199063,0.01789985039,0,1,0.06495423883,0.9978882437,0,0,1.512347747,1.649336143,-1.307339116,1.527865661,-0.2168902298,0.2527981663,0.3334603065,-1.425802554,1.548627538,1.33040061,1.733767963,-0.3560552976,-0.1667778469,-0.3101271373,0.0280005836,0,0.1846983301,-0.0832359712,-0.3037651655,0.2626102247,0.2086246997,-0.01629582839,0.006456864502,0.08842475009,0.174197358,-0.3757024728,-0.135167885,0.335084401,0.008985767868,0.006682656217,0.006682656217,0,0.005,0.115,0.115,0
10.79,0.4213387185,-0.04964438577,0.3764221516,0.01790222628,0,1,0.06495423883,0.9978882437,0,0,1.512627753,1.649336143,-1.305492133,1.527033301,-0.2199278814,0.2554242685,0.3355465535,-1.425965512,1.548692107,1.331284857,1.735509937,-0.3598123223,-0.1681295258,-0.3067762933,0.02744594363,0,0.1848280942,-0.08287278054,-0.3027664608,0.262637826,0.2076634697,-0.01587310959,0.00652259047,0.08766791251,0.1737807325,-0.3750457183,-0.1336975067,0.3348799713,0.008986371955,0.006715169735,0.006715169735,0,0.005,0.115,0.115,0
10.8,0.4250983529,-0.04946535136,0.375500831,0.01790466454,0,1,0.06495423883,0.9978882437,0,0,1.512902212,1.649336143,-1.303643852,1.526204573,-0.222955546,0.2580506468,0.3376231882,-1.426124243,1.548757333,1.332161536,1.737247744,-0.3635627795,-0.1694665008,-0.3034274936,0.02689723668,0,0.1849417221,-0.0824977208,-0.3017503595,0.2626411323,0.2066944134,-0.01545697913,0.006588320435,0.08690988386,0.1733582553,-0.3743638403,-0.1322261085,0.3346492158,0.008986964093,0.006747871268,0.006747871268,0,0.005,0.115,0.115,0
10.81,0.4288486582,-0.04928629227,0.374556431,0.01790716387,0,1,0.06495423883,0.9978882437,0,0,1.513171184,1.649336143,-1.301794435,1.525379596,-0.2259730496,0.2606770581,0.3396901324,-1.426278813,1.548823216,1.333030635,1.738981327,-0.3673064179,-0.1707887619,-0.3000810014,0.02635457788,0,0.1850393265,-0.08211103293,-0.300717275,0.2626203987,0.2057179138,-0.01504459066,0.006642044954,0.08613857313,0.1729301043,-0.3736448485,-0.1307592707,0.3343790483,0.008987544409,0.006780759313,0.006780759313,0,0.005,0.115,0.115,0
10.82,0.4325894062,-0.04910720789,0.3735894463,0.01790972298,0,1,0.06495423883,0.9978882437,0,0,1.51343473,1.649336143,-1.299944042,1.524558486,-0.2289802224,0.2633032621,0.3417473115,-1.426429259,1.548889637,1.333892021,1.740710628,-0.3710428664,-0.1720963546,-0.2967372109,0.02581807664,0,0.1851210295,-0.08171296252,-0.299667626,0.2625758926,0.2047343534,-0.01464472011,0.006719857549,0.08539129326,0.1724964586,-0.3729264385,-0.1292820241,0.3341101358,0.008988113033,0.006813792138,0.006813792138,0,0.005,0.115,0.115,0
10.83,0.4363203736,-0.04892809762,0.3726003806,0.01791234053,0,1,0.06495423883,0.9978882437,0,0,1.513692911,1.649336143,-1.298092831,1.523741356,-0.2319768987,0.265929021,0.343794655,-1.426575706,1.548956835,1.334745934,1.742435592,-0.3747721308,-0.1733891749,-0.2933961096,0.02528783655,0,0.1851869623,-0.08130375973,-0.2986018364,0.2625078939,0.2037441139,-0.01424863203,0.006785495575,0.08463100698,0.172057499,-0.3721715842,-0.1278102243,0.3338022947,0.008988670096,0.006847049083,0.006847049083,0,0.005,0.115,0.115,0
10.84,0.4400413419,-0.04874896089,0.3715897462,0.01791501515,0,1,0.06495423883,0.9978882437,0,0,1.513945789,1.649336143,-1.296240962,1.522928319,-0.234962917,0.2685540999,0.3458320962,-1.426718192,1.54902469,1.335592244,1.744156167,-0.3784938466,-0.1746672771,-0.2900580866,0.02476395526,0,0.1852372649,-0.08088367928,-0.2975203354,0.262416695,0.2027475763,-0.01385929897,0.006851063271,0.08387039398,0.1716134077,-0.3713932373,-0.1263391617,0.3334694285,0.008989215733,0.006880487947,0.006880487947,0,0.005,0.115,0.115,0
10.85,0.4437520983,-0.04856979713,0.3705580639,0.01791774548,0,1,0.06495423883,0.9978882437,0,0,1.514193429,1.649336143,-1.294388589,1.522119482,-0.2379381204,0.2711782669,0.3478595719,-1.426856785,1.549093201,1.336430948,1.745872302,-0.382207779,-0.1759306687,-0.2867233923,0.02424652444,0,0.1852720872,-0.08045298035,-0.2964235576,0.2623026007,0.201745121,-0.01347675095,0.006916547814,0.08310967008,0.1711643682,-0.3705918412,-0.1248692593,0.3331119025,0.00898975008,0.00691410715,0.00691410715,0,0.005,0.115,0.115,0
10.86,0.4474524348,-0.04839060579,0.3695058634,0.01792053011,0,1,0.06495423883,0.9978882437,0,0,1.514435894,1.649336143,-1.292535868,1.521314952,-0.2409023559,0.2738012929,0.3498770231,-1.426991553,1.549162366,1.337262044,1.747583945,-0.3859136974,-0.1771793613,-0.2833922733,0.02373562965,0,0.1852915878,-0.08001192651,-0.2953119431,0.2621659285,0.2007371275,-0.01310101178,0.006981932791,0.08234904481,0.1707105654,-0.3697678476,-0.1234009355,0.3327300915,0.008990273274,0.006947905116,0.006947905116,0,0.005,0.115,0.115,0
10.87,0.451142149,-0.04821138635,0.3684336827,0.01792336762,0,1,0.06495423883,0.9978882437,0,0,1.51467325,1.649336143,-1.290682952,1.520514833,-0.2438554754,0.2764229522,0.3518843944,-1.427122563,1.549232185,1.338085535,1.749291051,-0.3896113759,-0.1784133707,-0.2800649724,0.02323135027,0,0.1852959351,-0.07956078569,-0.2941859375,0.2620070081,0.1997239746,-0.01273210002,0.007047202198,0.08158872538,0.1702521857,-0.3689217204,-0.1219346022,0.3323243839,0.008990785457,0.006981880256,0.006981880256,0,0.005,0.115,0.115,0
10.88,0.4548210437,-0.04803213827,0.3673420688,0.01792625656,0,1,0.06495423883,0.9978882437,0,0,1.514905564,1.649336143,-1.288829993,1.519719225,-0.2467973348,0.2790430223,0.3538816342,-1.427249884,1.549302658,1.338901422,1.750993573,-0.3933005931,-0.1796327167,-0.2767417285,0.0227337594,0,0.1852853066,-0.07909983008,-0.2930459921,0.2618261819,0.1987060404,-0.01237002893,0.00711234047,0.08082891665,0.1697894163,-0.3680539358,-0.1204706651,0.3318951824,0.008991286771,0.007016030972,0.007016030972,0,0.005,0.115,0.115,0
10.89,0.4584889274,-0.04785286105,0.3662315772,0.01792919545,0,1,0.06495423883,0.9978882437,0,0,1.515132901,1.649336143,-1.28697714,1.518928227,-0.2497277947,0.2816612841,0.3558686946,-1.427373584,1.549373781,1.339709711,1.752691467,-0.3969811325,-0.1808374233,-0.2734227767,0.0222429238,0,0.1852598895,-0.07862933609,-0.2918925636,0.2616238049,0.1976837019,-0.01201480646,0.007177332518,0.08006982109,0.169322446,-0.3671649823,-0.1190095226,0.3314429033,0.008991777358,0.007050355657,0.007050355657,0,0.005,0.115,0.115,0
10.9,0.4621456142,-0.0476735542,0.3651027721,0.01793218281,0,1,0.06495423883,0.9978882437,0,0,1.515355331,1.649336143,-1.285124541,1.518141933,-0.2526467203,0.2842775221,0.3578455316,-1.427493732,1.549445554,1.340510409,1.754384691,-0.4006527823,-0.1820275186,-0.2701083477,0.02175890381,0,0.1852198804,-0.07814958427,-0.2907261148,0.2614002443,0.1966573357,-0.01166643518,0.007242163755,0.07931163875,0.1688514646,-0.3662553607,-0.1175515666,0.3309679767,0.008992257364,0.007084852698,0.007084852698,0,0.005,0.115,0.115,0
10.91,0.4657909237,-0.04749421724,0.3639562263,0.01793521713,0,1,0.06495423883,0.9978882437,0,0,1.51557292,1.649336143,-1.283272342,1.517360437,-0.2555539815,0.2868915246,0.3598121049,-1.427610397,1.549517976,1.341303526,1.756073206,-0.4043153359,-0.1832030342,-0.2667986679,0.02128175323,0,0.1851654853,-0.07766085927,-0.2895471141,0.2611558802,0.1956273173,-0.0113249123,0.007306820132,0.07855456719,0.1683766629,-0.365325584,-0.1160971814,0.3304708467,0.008992726935,0.007119520477,0.007119520477,0,0.005,0.115,0.115,0
10.92,0.4694246815,-0.04731484971,0.3627925212,0.01793829685,0,1,0.06495423883,0.9978882437,0,0,1.515785737,1.649336143,-1.281420687,1.516583829,-0.2584494526,0.2895030834,0.3617683781,-1.427723646,1.549591044,1.342089072,1.757756973,-0.4079685917,-0.184364006,-0.2634939595,0.02081151933,0,0.18509692,-0.07716344974,-0.2883560357,0.260891105,0.1945940214,-0.01099022961,0.007371288166,0.07779880145,0.1678982328,-0.3643761774,-0.1146467442,0.3299519714,0.008993186219,0.007154357373,0.007154357373,0,0.005,0.115,0.11,0
10.93,0.4730467189,-0.04713545116,0.361612247,0.01794142043,0,1,0.06495423883,0.9978882437,0,0,1.515993852,1.649336143,-1.279569718,1.515812194,-0.261333013,0.2921119944,0.3637143183,-1.427833548,1.549664757,1.34286706,1.759435955,-0.4116123535,-0.1855104735,-0.2601944397,0.02034824269,0,0.1850144099,-0.07665764828,-0.28715336,0.2606063237,0.1935578219,-0.01066237347,0.007435554976,0.07704453399,0.1674163672,-0.3634076784,-0.1132006244,0.3294118224,0.008993635364,0.007189361762,0.007189361762,0,0.005,0.115,0.11,0
10.94,0.4766568732,-0.04695602116,0.3604160025,0.01794458627,0,1,0.06495423883,0.9978882437,0,0,1.516197335,1.649336143,-1.277719574,1.515045618,-0.2642045466,0.2947180577,0.3656498965,-1.427940172,1.549739113,1.343637505,1.761110119,-0.4152464303,-0.1866424797,-0.2569003215,0.0198919572,0,0.1849181898,-0.07614375139,-0.2859395732,0.2603019539,0.1925190919,-0.01034132479,0.007499608313,0.07629195469,0.1669312599,-0.3624206367,-0.1117591838,0.3288508852,0.00899407452,0.007224532024,0.007224532024,0,0.005,0.115,0.11,0
10.95,0.4802549878,-0.0467765593,0.3592043952,0.01794779276,0,1,0.06495423883,0.9978882437,0,0,1.516396254,1.649336143,-1.275870392,1.51428418,-0.2670639423,0.2973210772,0.3675750875,-1.428043585,1.549814109,1.344400424,1.762779431,-0.4188706367,-0.1877600716,-0.2536118127,0.01944268993,0,0.1848085045,-0.07562205938,-0.2847151677,0.2599784256,0.1914782037,-0.01002705902,0.007563436591,0.07554125081,0.1664431056,-0.361415614,-0.1103227761,0.3282696591,0.008994503837,0.007259866539,0.007259866539,0,0.005,0.115,0.11,0
10.96,0.483840912,-0.04659706517,0.357978041,0.01795103829,0,1,0.06495423883,0.9978882437,0,0,1.516590681,1.649336143,-1.274022307,1.51352796,-0.269911094,0.2999208615,0.3694898695,-1.428143856,1.549889743,1.345155837,1.764443862,-0.4224847928,-0.1888632993,-0.2503291161,0.01900046115,0,0.1846856084,-0.07509287631,-0.2834806421,0.2596361814,0.1904355287,-0.009719546115,0.007627028921,0.0747926069,0.1659521,-0.3603931844,-0.1088917469,0.327668657,0.008994923466,0.007295363693,0.007295363693,0,0.005,0.115,0.11,0
10.97,0.4874145015,-0.0464175384,0.3567375649,0.01795432119,0,1,0.06495423883,0.9978882437,0,0,1.516780686,1.649336143,-1.272175451,1.512777031,-0.2727459004,0.3025172233,0.3713942248,-1.428241051,1.549966013,1.345903763,1.766103383,-0.4260887246,-0.1899522168,-0.2470524295,0.01856528417,0,0.1845497655,-0.07455650994,-0.2822365012,0.2592756763,0.1893914376,-0.009418750523,0.007690375144,0.07404620483,0.1654584393,-0.3593539339,-0.1074664336,0.3270484057,0.008995333559,0.007331021878,0.007331021878,0,0.005,0.115,0.11,0
10.98,0.4909756183,-0.04623797863,0.3554836001,0.01795763978,0,1,0.06495423883,0.9978882437,0,0,1.516966339,1.649336143,-1.270329953,1.512031466,-0.2755682654,0.30510998,0.3732881392,-1.428335238,1.550042917,1.346644225,1.767757968,-0.429682264,-0.1910268811,-0.2437819454,0.01813716536,0,0.1844012499,-0.07401327165,-0.2809832561,0.2588973782,0.1883463001,-0.00912183486,0.007741161382,0.07328993644,0.1649623207,-0.3582859476,-0.1060532439,0.3263960583,0.008995734266,0.007366839496,0.007366839496,0,0.005,0.115,0.11,0
10.99,0.4945241307,-0.0460583855,0.3542167887,0.01796099237,0,1,0.06495423883,0.9978882437,0,0,1.51714771,1.649336143,-1.268485941,1.511291333,-0.278378098,0.3076989538,0.3751716022,-1.428426457,1.550120329,1.347377124,1.769407591,-0.4332651235,-0.1920874136,-0.2405179849,0.01771610407,0,0.1842403451,-0.07346347636,-0.2797214242,0.258501767,0.1873004854,-0.008837184548,0.007816441057,0.07256100746,0.164463942,-0.3572275376,-0.1046342336,0.3257525132,0.00899612574,0.007402773525,0.007402773525,0,0.005,0.115,0.11,0
11,0.4980599134,-0.04587875867,0.3529377814,0.01796437724,0,1,0.06495423883,0.9978882437,0,0,1.517324872,1.649336143,-1.266643537,1.510556698,-0.2811753122,0.3102839715,0.377044607,-1.428514829,1.550198493,1.348102734,1.77105223,-0.4368373988,-0.1931337559,-0.2372604597,0.01730209256,0,0.1840673448,-0.07290744251,-0.2784515295,0.2580893354,0.1862543618,-0.008556272752,0.007878998791,0.07182239713,0.1639635017,-0.3561414633,-0.1032280038,0.3250778127,0.008996508133,0.007438905755,0.007438905755,0,0.005,0.115,0.11,0
11.01,0.5015828479,-0.04569909785,0.3516472377,0.01796779265,0,1,0.06495423883,0.9978882437,0,0,1.517497892,1.649336143,-1.264802864,1.509827624,-0.2839598275,0.3128648648,0.3789071506,-1.428600391,1.550277283,1.348820958,1.772691865,-0.4403988135,-0.1941660359,-0.2340096816,0.01689511597,0,0.1838825522,-0.07234549195,-0.2771741024,0.2576605886,0.1852082968,-0.008281879837,0.007941273407,0.07108672424,0.1634611989,-0.3550410275,-0.1018287552,0.3243861005,0.008996881595,0.007475192714,0.007475192714,0,0.005,0.115,0.11,0
11.02,0.505092822,-0.04551940273,0.3503458255,0.01797123681,0,1,0.06495423883,0.9978882437,0,0,1.517666844,1.649336143,-1.262964038,1.509104169,-0.2867315685,0.3154414707,0.3807592336,-1.42868321,1.550356696,1.349531826,1.774326477,-0.4439492237,-0.1951843235,-0.2307658206,0.01649037513,0,0.1837048736,-0.07177794992,-0.275900795,0.2572211701,0.1841807748,-0.008013943549,0.008003263159,0.07035416101,0.1629572332,-0.3539268804,-0.1004367791,0.3236779754,0.00899724628,0.007511632853,0.007511632853,0,0.005,0.115,0.11,0
11.03,0.5085897304,-0.04533967302,0.3490342215,0.01797470795,0,1,0.06495423883,0.9978882437,0,0,1.517831747,1.649336143,-1.26112699,1.50838639,-0.2894905765,0.3180136824,0.3826010414,-1.42876335,1.550436728,1.350235367,1.77595605,-0.4474884925,-0.1961886913,-0.2275290408,0.01610210841,0,0.1834790038,-0.07120514487,-0.2745988587,0.2567563187,0.1831179472,-0.007752395102,0.00806496294,0.06962487252,0.1624518049,-0.3527996793,-0.09905235981,0.3229540448,0.008997602234,0.007548224655,0.007548224655,0,0.005,0.115,0.11,0
11.04,0.5120734747,-0.04515990848,0.3477131109,0.01797820424,0,1,0.06495423883,0.9978882437,0,0,1.517992768,1.649336143,-1.2592922,1.507674338,-0.2922365651,0.3205812456,0.3844322208,-1.428840874,1.550517378,1.350931616,1.777580568,-0.4510164893,-0.1971792149,-0.2242995004,0.01571607618,0,0.183260749,-0.07062740861,-0.2733020801,0.2562817811,0.1820742522,-0.007497160149,0.008126368591,0.06889902097,0.1619451148,-0.3516600934,-0.09767577213,0.3222149296,0.008997949812,0.007584966632,0.007584966632,0,0.005,0.115,0.11,0
11.05,0.5155439632,-0.04498010886,0.3463831879,0.01798172386,0,1,0.06495423883,0.9978882437,0,0,1.518149929,1.649336143,-1.257459592,1.506968064,-0.2949695859,0.3231440634,0.3862529633,-1.428915845,1.550598642,1.351620606,1.779200019,-0.4545330903,-0.1981559726,-0.2210773511,0.01533694579,0,0.1830320196,-0.07004507604,-0.2719999605,0.2557930751,0.1810320846,-0.00724815878,0.008187476941,0.06817676567,0.1614373639,-0.3505088033,-0.0963072815,0.3214612636,0.008998289063,0.007621857322,0.007621857322,0,0.005,0.115,0.11,0
11.06,0.5190011114,-0.04480027393,0.345045155,0.01798526494,0,1,0.06495423883,0.9978882437,0,0,1.518303299,1.649336143,-1.255629272,1.506267613,-0.2976895855,0.3257019942,0.3880632842,-1.428988327,1.550680516,1.352302374,1.780814392,-0.4580381783,-0.1991190454,-0.2178627385,0.01496466743,0,0.1827931629,-0.0694584852,-0.2706930607,0.2552907666,0.1799918033,-0.007005305522,0.008248285836,0.06745826299,0.1609287539,-0.3493465014,-0.0949471437,0.3206936937,0.008998620135,0.007658895295,0.007658895295,0,0.005,0.115,0.11,0
11.07,0.5224448417,-0.0446204035,0.3436997235,0.0179888256,0,1,0.06495423883,0.9978882437,0,0,1.518452945,1.649336143,-1.25380134,1.505573028,-0.3003965161,0.3282549018,0.3898632022,-1.42905838,1.550762999,1.352976957,1.78242368,-0.4615316433,-0.2000685169,-0.2146558015,0.01459918251,0,0.1825445418,-0.06886797716,-0.2693819516,0.2547754356,0.1789537722,-0.00676850934,0.008308794173,0.06674366639,0.1604194868,-0.3481738914,-0.09359560479,0.3199128799,0.008998943176,0.007696079153,0.007696079153,0,0.005,0.115,0.11,0
11.08,0.5258750836,-0.04444049736,0.3423476134,0.01799240393,0,1,0.06495423883,0.9978882437,0,0,1.518598937,1.649336143,-1.251975895,1.504884349,-0.3030903356,0.3308026562,0.3916527399,-1.429126065,1.550846087,1.353644393,1.784027875,-0.4650133822,-0.2010044729,-0.2114566727,0.01424042503,0,0.1822865288,-0.06827389598,-0.2680672112,0.2542476743,0.1779183543,-0.006537673641,0.008369001929,0.06603312638,0.1599097648,-0.3469916885,-0.09225290098,0.3191194951,0.008999258331,0.007733407537,0.007733407537,0,0.005,0.115,0.11,0
11.09,0.5292917741,-0.04426055537,0.3409895532,0.01799599802,0,1,0.06495423883,0.9978882437,0,0,1.518741341,1.649336143,-1.25015303,1.50420161,-0.3057710077,0.3333451329,0.3934319235,-1.429191442,1.550929777,1.354304724,1.785626973,-0.4684832991,-0.2019270019,-0.2082654778,0.01388832153,0,0.1820195066,-0.06767658864,-0.2667494242,0.2537080874,0.1768859125,-0.006312696275,0.008428910196,0.06532679053,0.1593997906,-0.345800619,-0.09091925853,0.318314225,0.008999565746,0.007770879127,0.007770879127,0,0.005,0.115,0.11,0
11.1,0.5326948573,-0.04408057736,0.3396262802,0.01799960589,0,1,0.06495423883,0.9978882437,0,0,1.518880225,1.649336143,-1.248332835,1.503524844,-0.3084385019,0.3358822138,0.3952007826,-1.429254569,1.551014066,1.354957992,1.78722097,-0.4719413053,-0.2028361945,-0.2050823355,0.01354279105,0,0.1817438676,-0.067076405,-0.2654291826,0.253157292,0.1758568089,-0.006093469542,0.008488521207,0.06462480341,0.1588897672,-0.3446014207,-0.08959489363,0.3174977681,0.008999865565,0.007808492648,0.007808492648,0,0.005,0.115,0.11,0
11.11,0.5360842848,-0.04390056321,0.3382585402,0.01800322559,0,1,0.06495423883,0.9978882437,0,0,1.519015653,1.649336143,-1.246515396,1.50285408,-0.3110927938,0.3384137867,0.3969593507,-1.429315503,1.551098952,1.35560424,1.788809868,-0.4753873195,-0.2037321434,-0.2019073578,0.01320374513,0,0.1814600143,-0.0664736977,-0.2641070854,0.2525959176,0.1748314054,-0.005879880198,0.008547838375,0.06392730664,0.1583798976,-0.3433948424,-0.08828001231,0.3166708355,0.009000157928,0.007846246872,0.007846246872,0,0.005,0.115,0.11,0
11.12,0.5394600157,-0.04372051281,0.336887088,0.01800685512,0,1,0.06495423883,0.9978882437,0,0,1.51914769,1.649336143,-1.244700796,1.502189343,-0.3137338646,0.3409397459,0.3987076648,-1.429374302,1.55118443,1.356243513,1.790393667,-0.4788212679,-0.2046149436,-0.1987406495,0.01287108776,0,0.181168359,-0.06586882213,-0.2627837391,0.2520246059,0.1738100635,-0.005671809463,0.008606866316,0.06323443885,0.1578703852,-0.3421816439,-0.08697481032,0.3158341507,0.009000442975,0.00788414062,0.00788414062,0,0.005,0.115,0.11,0
11.13,0.5428220168,-0.04354042608,0.3355126866,0.01801049245,0,1,0.06495423883,0.9978882437,0,0,1.519276401,1.649336143,-1.242889112,1.501530655,-0.316361702,0.343459992,0.4004457654,-1.42943102,1.551270499,1.356875858,1.791972371,-0.4822430844,-0.2054846917,-0.195582308,0.01254471534,0,0.1808693242,-0.06526213638,-0.261459757,0.2514440111,0.1727931444,-0.005469133028,0.008665610889,0.06254633567,0.1573614336,-0.3409625961,-0.08567947309,0.3149884498,0.009000720844,0.007922002612,0.007922002612,0,0.005,0.115,0.11,0
11.14,0.5461702622,-0.04336030294,0.3341361079,0.01801413554,0,1,0.06495423883,0.9978882437,0,0,1.519401848,1.649336143,-1.241080419,1.500878033,-0.3189762996,0.3459744321,0.4021736968,-1.429485712,1.551357155,1.357501321,1.793545985,-0.4856527103,-0.2063414864,-0.1924324235,0.0122245167,0,0.1805633421,-0.06465400115,-0.2601357599,0.2508547995,0.1717810089,-0.005271721065,0.008724079219,0.06186312973,0.1568532464,-0.3397384808,-0.0843941756,0.3141344814,0.009000991671,0.007955914622,0.007955914622,0,0.005,0.115,0.105,0
11.15,0.5495047343,-0.04318014336,0.3327581325,0.01801778232,0,1,0.06495423883,0.9978882437,0,0,1.519524093,1.649336143,-1.239274786,1.500231493,-0.3215776572,0.3484829801,0.4038915069,-1.429538429,1.551444396,1.358119953,1.795114518,-0.4890500951,-0.2071854281,-0.1892910787,0.01191037304,0,0.1802508548,-0.06404477972,-0.258812376,0.2502576499,0.1707740177,-0.005079438238,0.008782279733,0.06118495067,0.1563460274,-0.3385100904,-0.08311908229,0.3132730062,0.009001255588,0.007989973295,0.007989973295,0,0.005,0.115,0.105,0
11.16,0.5528254228,-0.04299994729,0.3313795494,0.01802143072,0,1,0.06495423883,0.9978882437,0,0,1.519643197,1.649336143,-1.237472277,1.499591045,-0.3241657809,0.3509855566,0.4055992471,-1.429589223,1.551532218,1.358731802,1.796677978,-0.492435196,-0.208016619,-0.1861583486,0.01160215791,0,0.1799323144,-0.06343483789,-0.2574902407,0.2496532533,0.1697725312,-0.004889479816,0.008827815101,0.06049986773,0.1558399804,-0.3372658585,-0.08186127308,0.312391707,0.009001512726,0.008024177333,0.008024177333,0,0.005,0.115,0.105,0
11.17,0.5561323259,-0.04281971474,0.3300011566,0.01802507861,0,1,0.06495423883,0.9978882437,0,0,1.519759218,1.649336143,-1.235672954,1.498956697,-0.3267406833,0.3534820891,0.4072969724,-1.429638118,1.551620496,1.359336801,1.798236378,-0.4958078546,-0.2088352317,-0.1830344315,0.01129973722,0,0.179608183,-0.0628245439,-0.256169997,0.2490423131,0.1687769099,-0.004709732129,0.008898072712,0.05984434457,0.1553353095,-0.3360438769,-0.0806000679,0.311530825,0.009001763212,0.008058484875,0.008058484875,0,0.005,0.115,0.105,0
11.18,0.5594254493,-0.04263944573,0.3286237606,0.01802872387,0,1,0.06495423883,0.9978882437,0,0,1.519872216,1.649336143,-1.233876872,1.498328452,-0.3293023833,0.3559725122,0.4089847415,-1.429685215,1.551709477,1.359935244,1.799789731,-0.4991682934,-0.2096412324,-0.1799191233,0.01100296919,0,0.1792789325,-0.06221426842,-0.2548522952,0.2484255446,0.167787514,-0.004531970102,0.008955536614,0.0591819961,0.1548322185,-0.3348075252,-0.07935646458,0.3106515167,0.009002007172,0.008092976545,0.008092976545,0,0.005,0.115,0.105,0
11.19,0.5627048071,-0.04245914028,0.3272481763,0.01803236432,0,1,0.06495423883,0.9978882437,0,0,1.519982246,1.649336143,-1.232084083,1.497706309,-0.3318509063,0.3584567677,0.4106626167,-1.429730535,1.551799033,1.360527064,1.801338053,-0.5025163686,-0.210434797,-0.1768126081,0.01071170435,0,0.1789450447,-0.06160438445,-0.2535377933,0.2478036756,0.1668047036,-0.004358740047,0.009012775467,0.05852515855,0.1543309115,-0.3335701698,-0.07812361905,0.3097678599,0.009002244728,0.008127610156,0.008127610156,0,0.01,0.115,0.105,0
11.2,0.5659704216,-0.04227879847,0.3258752277,0.01803599781,0,1,0.06495423883,0.9978882437,0,0,1.520089363,1.649336143,-1.230294632,1.497090265,-0.3343862842,0.3609348044,0.4123306637,-1.429774122,1.55188916,1.361112316,1.802881362,-0.5058520703,-0.2112160332,-0.1737149295,0.0104257855,0,0.1786070113,-0.0609952673,-0.2522271566,0.2471774461,0.1658288392,-0.004189880243,0.009069809207,0.05787395096,0.1538315923,-0.3323326602,-0.0769016395,0.3088806799,0.009002475997,0.008162384716,0.008162384716,0,0.01,0.115,0.105,0
11.21,0.5692223232,-0.04209842036,0.3245057472,0.01803962211,0,1,0.06495423883,0.9978882437,0,0,1.52019362,1.649336143,-1.228508562,1.496480312,-0.3369085558,0.3634065789,0.4139889521,-1.429816021,1.551979858,1.361691055,1.804419678,-0.5091753969,-0.2119850496,-0.1706261227,0.01014504773,0,0.1782653339,-0.06038729452,-0.2509210581,0.2465476082,0.1648602809,-0.004025222567,0.009126654712,0.05722848491,0.1533344648,-0.3310958517,-0.07569062569,0.3079908086,0.009002701096,0.00819729934,0.00819729934,0,0.01,0.115,0.105,0
11.22,0.5724605509,-0.04191800606,0.3231405758,0.01804323502,0,1,0.06495423883,0.9978882437,0,0,1.520295071,1.649336143,-1.226725909,1.495876439,-0.3394177663,0.365872055,0.4156375549,-1.429856273,1.552071125,1.36226334,1.805953023,-0.5124863555,-0.2127419559,-0.1675462146,0.009869318384,0,0.177920524,-0.05978084586,-0.2496201784,0.2459149262,0.1638993893,-0.003864593475,0.00918333037,0.05658886899,0.1528397329,-0.3298606095,-0.07449066641,0.3070990898,0.009002920136,0.008232353237,0.008232353237,0,0.01,0.115,0.105,0
11.23,0.575685152,-0.0417375557,0.3217805634,0.01804683426,0,1,0.06495423883,0.9978882437,0,0,1.520393764,1.649336143,-1.224946704,1.495278631,-0.3419139681,0.3683312042,0.4172765488,-1.429894919,1.552162958,1.362829229,1.80748142,-0.5157849616,-0.2134868625,-0.1644752237,0.009598417047,0,0.1775731028,-0.05917630322,-0.2483252059,0.2452801767,0.162946525,-0.003707814025,0.009239856115,0.05595520879,0.1523476002,-0.328627809,-0.07330183935,0.3062063783,0.009003133224,0.008267545716,0.008267545716,0,0.01,0.115,0.105,0
11.24,0.5788961822,-0.04155706943,0.3204265683,0.01805041759,0,1,0.06495423883,0.9978882437,0,0,1.520489748,1.649336143,-1.223170972,1.494686868,-0.3443972202,0.370784006,0.418906014,-1.429931997,1.552255357,1.363388781,1.809004896,-0.5190712396,-0.2142198809,-0.16141316,0.009332155533,0,0.1772236015,-0.05857405057,-0.2470368364,0.2446441482,0.1620020488,-0.003554699887,0.009296253458,0.05532760689,0.1518582704,-0.3273983354,-0.07212421112,0.3053135403,0.009003340465,0.00830287619,0.00830287619,0,0.01,0.115,0.105,0
11.25,0.5820937063,-0.04137654741,0.3190794575,0.01805398269,0,1,0.06495423883,0.9978882437,0,0,1.52058307,1.649336143,-1.221398736,1.494101127,-0.3468675886,0.3732304475,0.4205260345,-1.429967544,1.552348319,1.363942057,1.810523479,-0.522345223,-0.214941123,-0.1583600246,0.009070337874,0,0.176872561,-0.05797447396,-0.2457557736,0.2440076414,0.1610663219,-0.003405061364,0.009352545513,0.05470616287,0.1513719469,-0.3261730836,-0.07095783714,0.3044214534,0.009003541959,0.008338344184,0.008338344184,0,0.01,0.12,0.105,0
11.26,0.5852777973,-0.04119598984,0.3177401068,0.01805752726,0,1,0.06495423883,0.9978882437,0,0,1.520673773,1.649336143,-1.219630011,1.493521383,-0.3493251463,0.3756705239,0.4221366977,-1.430001595,1.552441845,1.364489119,1.812037198,-0.5256069538,-0.2156507014,-0.15531581,0.008812760308,0,0.1765205322,-0.05737796141,-0.2444827289,0.2433714692,0.1601397059,-0.003258703401,0.009408757034,0.05409097335,0.150888833,-0.3249529584,-0.06980276163,0.3035310062,0.009003737802,0.008373949331,0.008373949331,0,0.01,0.12,0.105,0
11.27,0.5884485372,-0.04101539694,0.3164094006,0.01806104895,0,1,0.06495423883,0.9978882437,0,0,1.520761901,1.649336143,-1.217864806,1.492947603,-0.3517699736,0.3781042386,0.4237380948,-1.430034182,1.552535932,1.365030028,1.813546087,-0.5288564834,-0.216348729,-0.1522805,0.008559211261,0,0.1761680756,-0.05678490291,-0.2432184213,0.2427364566,0.1592225626,-0.003115425607,0.009464914438,0.05348213192,0.1504091318,-0.3237388742,-0.06865901754,0.3026430981,0.009003928085,0.008409691389,0.008409691389,0,0.01,0.12,0.105,0
11.28,0.5916060171,-0.04083476895,0.3150882318,0.0180645454,0,1,0.06495423883,0.9978882437,0,0,1.520847493,1.649336143,-1.216103125,1.492379754,-0.3542021578,0.3805316032,0.4253303204,-1.430065336,1.552630582,1.36556485,1.815050178,-0.5320938722,-0.2170353192,-0.149254069,0.008309471342,0,0.1758157616,-0.05619569032,-0.2419635777,0.2421034406,0.1583152543,-0.002975022265,0.009521045843,0.05287972921,0.1499330461,-0.3225317548,-0.06752662652,0.3017586397,0.009004112895,0.008445570233,0.008445570233,0,0.01,0.12,0.105,0
11.29,0.5947503367,-0.04065410613,0.3137775022,0.01806801422,0,1,0.06495423883,0.9978882437,0,0,1.520930588,1.649336143,-1.214344967,1.491817797,-0.3566217936,0.3829526376,0.426913473,-1.430095087,1.552725792,1.366093647,1.816549508,-0.5353191897,-0.2177105855,-0.1462364826,0.008063313324,0,0.1754641704,-0.05561071741,-0.2407189329,0.2414732704,0.157418144,-0.002837282351,0.009577181094,0.05228385288,0.1494607786,-0.3213325333,-0.06640559883,0.300878552,0.009004292314,0.008481585871,0.008481585871,0,0.01,0.12,0.105,0
11.3,0.5978816049,-0.04047340876,0.312478122,0.01807145301,0,1,0.06495423883,0.9978882437,0,0,1.521011221,1.649336143,-1.212590325,1.49126169,-0.3590289829,0.3853673703,0.4284876544,-1.430123459,1.552821564,1.366616485,1.818044116,-0.538532515,-0.2183746415,-0.1432276971,0.007815087785,0,0.1751323623,-0.05503037973,-0.2394952881,0.2408530336,0.1565493873,-0.002701989546,0.009633351794,0.05169458759,0.1489925317,-0.3201421524,-0.06529593337,0.300003767,0.00900446642,0.008517738443,0.008517738443,0,0.01,0.12,0.105,0
11.31,0.60099994,-0.04029267717,0.3111910103,0.01807485933,0,1,0.06495423883,0.9978882437,0,0,1.521089372,1.649336143,-1.210839002,1.490711386,-0.3614239358,0.3877759006,0.4300531483,-1.430150479,1.552917897,1.367133431,1.819534041,-0.5417339366,-0.2190276008,-0.1402276594,0.007580725263,0,0.1747656836,-0.05445507455,-0.2382632696,0.2402250142,0.1556561184,-0.002568922253,0.009689591338,0.05111201504,0.1485285076,-0.3189615639,-0.06419761757,0.299135227,0.009004635167,0.008554028227,0.008554028227,0,0.01,0.12,0.105,0
11.32,0.6041054691,-0.04011191169,0.3099170946,0.01807823072,0,1,0.06495423883,0.9978882437,0,0,1.521165179,1.649336143,-1.209091345,1.490166835,-0.3638065685,0.3901781508,0.4316097095,-1.430176169,1.553014793,1.367644551,1.821019327,-0.5449235522,-0.219669577,-0.1372363071,0.007343871991,0,0.1744198347,-0.05388520097,-0.2370537047,0.2396085953,0.1547917808,-0.002437853609,0.009745934945,0.05053621397,0.1480689081,-0.3177917285,-0.06311062736,0.298273885,0.009004798854,0.008590455646,0.008590455646,0,0.01,0.12,0.105,0
11.33,0.607198329,-0.03993111268,0.3086573113,0.01808156472,0,1,0.06495423883,0.9978882437,0,0,1.521238618,1.649336143,-1.207347147,1.489627983,-0.3661771055,0.3925742367,0.4331576273,-1.430200547,1.553112253,1.368149914,1.822500016,-0.5481014695,-0.2203006832,-0.1342535683,0.007109611272,0,0.1740771327,-0.05332115968,-0.235857359,0.2389985412,0.1539391048,-0.002305946877,0.009789712786,0.04995520165,0.1476139346,-0.3166212211,-0.06204272016,0.2974077138,0.009004957429,0.008627021272,0.008627021272,0,0.01,0.12,0.1,0
11.34,0.6102786656,-0.03975028053,0.3074126053,0.01808485881,0,1,0.06495423883,0.9978882437,0,0,1.521309714,1.649336143,-1.205606375,1.489094772,-0.3685356791,0.3949642221,0.4346970183,-1.430223607,1.55321015,1.368649466,1.823976155,-0.5512676817,-0.2209211104,-0.1312794911,0.0068776783,0,0.1737382005,-0.05276335305,-0.2346750033,0.2383957593,0.1530984505,-0.002180816977,0.009859240304,0.04940539024,0.1471637884,-0.3154883745,-0.06097041279,0.2965768419,0.009005110946,0.008663684039,0.008663684039,0,0.01,0.12,0.1,0
11.35,0.6133466345,-0.03956941565,0.3061839302,0.01808811048,0,1,0.06495423883,0.9978882437,0,0,1.521378491,1.649336143,-1.203868993,1.488567138,-0.3708824291,0.3973481797,0.4362280028,-1.430245415,1.553308742,1.369143519,1.825447793,-0.5544225655,-0.2215308146,-0.1283137227,0.006647798546,0,0.1734036765,-0.05221218501,-0.2335074192,0.2378011708,0.1522701851,-0.002054330976,0.009916128808,0.04885034845,0.1467186704,-0.3143566557,-0.05991713651,0.2957429163,0.009005259456,0.008700528922,0.008700528922,0,0.01,0.12,0.1,0
11.36,0.6164024009,-0.03938851847,0.3049722482,0.01809131717,0,1,0.06495423883,0.9978882437,0,0,1.521444969,1.649336143,-1.202134957,1.488045016,-0.3732175033,0.3997261914,0.4377507047,-1.430265958,1.553407903,1.369632023,1.82691498,-0.557566132,-0.2221299859,-0.1253562935,0.006419689536,0,0.173074209,-0.05166806107,-0.2323553966,0.2372157093,0.1514546764,-0.001928882768,0.009973276113,0.04830235871,0.146278781,-0.3132396179,-0.05887497681,0.2949200976,0.009005403003,0.008737514689,0.008737514689,0,0.01,0.12,0.1,0
11.37,0.6194461394,-0.03920758946,0.3037785302,0.01809447632,0,1,0.06495423883,0.9978882437,0,0,1.521509165,1.649336143,-1.200404214,1.487528336,-0.3755410573,0.4020983485,0.4392652514,-1.430285247,1.553507636,1.370115047,1.828377767,-0.5606985282,-0.2227187357,-0.1224070926,0.006193060832,0,0.1727504558,-0.05113138823,-0.2312197332,0.2366403201,0.1506522932,-0.001804220373,0.01003073201,0.04776148969,0.1458443202,-0.3121382707,-0.05784384837,0.2941093945,0.009005541625,0.008774642548,0.008774642548,0,0.01,0.12,0.1,0
11.38,0.6224780346,-0.03902662911,0.3026037559,0.01809758534,0,1,0.06495423883,0.9978882437,0,0,1.521571096,1.649336143,-1.19867671,1.487017022,-0.3778532546,0.4044647517,0.4407717744,-1.430303289,1.553607944,1.370592661,1.829836211,-0.5638199109,-0.2232971742,-0.1194659986,0.005967614009,0,0.1724330847,-0.05060257496,-0.2301012344,0.2360759608,0.1498634054,-0.001680085595,0.01008854334,0.04722780235,0.1454154877,-0.3110536277,-0.05682365718,0.2933118205,0.009005675355,0.008811913902,0.008811913902,0,0.01,0.12,0.1,0
11.39,0.6254982809,-0.03884563793,0.3014489133,0.01810064161,0,1,0.06495423883,0.9978882437,0,0,1.521630772,1.649336143,-1.196952379,1.486510996,-0.380154267,0.4068255113,0.4422704084,-1.43032009,1.553708829,1.371064939,1.831290365,-0.5669304472,-0.2238654108,-0.1165328804,0.005743042633,0,0.1721227728,-0.05008203116,-0.229000714,0.2355236008,0.1490883836,-0.001556215051,0.01014675898,0.0467013547,0.1449924828,-0.3099867107,-0.05581429734,0.2925283989,0.009005804217,0.00884933034,0.00884933034,0,0.01,0.12,0.1,0
11.4,0.6285070826,-0.03866461647,0.3003149994,0.0181036425,0,1,0.06495423883,0.9978882437,0,0,1.521688203,1.649336143,-1.195231151,1.486010176,-0.3824442741,0.4091807473,0.4437612923,-1.430335652,1.553810297,1.371531953,1.83274029,-0.5700303143,-0.2244235537,-0.1136075964,0.005519032226,0,0.1718202072,-0.0495701681,-0.2279189932,0.2349842218,0.1483275999,-0.001432340173,0.01020542991,0.04618220177,0.1445755042,-0.30893855,-0.05481565107,0.2917601625,0.009005928231,0.008886893638,0.008886893638,0,0.01,0.12,0.1,0
11.41,0.631504654,-0.03848356528,0.2992030197,0.01810658533,0,1,0.06495423883,0.9978882437,0,0,1.521743393,1.649336143,-1.193512949,1.485514474,-0.3847234641,0.4115305895,0.4452445683,-1.430349975,1.553912351,1.371993775,1.834186045,-0.5731196998,-0.2249717102,-0.1106899948,0.005295260247,0,0.1715260845,-0.04906739839,-0.2268569015,0.2344588174,0.1475814271,-0.001308187219,0.01026460922,0.04567039563,0.1441647502,-0.307910184,-0.05382758862,0.2910081539,0.009006047407,0.008924605769,0.008924605769,0,0.01,0.12,0.1,0
11.42,0.6344912195,-0.03830248496,0.2981139883,0.01810946743,0,1,0.06495423883,0.9978882437,0,0,1.521796346,1.649336143,-1.191797688,1.4850238,-0.3869920331,0.4138751777,0.4467203825,-1.430363057,1.554014997,1.372450479,1.835627693,-0.5761988016,-0.2255099861,-0.1077799133,0.00507139605,0,0.1712411111,-0.04857413596,-0.2258152763,0.2339483933,0.1468502393,-0.001183477276,0.01032435219,0.04516598536,0.1437604185,-0.3069026592,-0.05284996817,0.2902734248,0.009006161753,0.008962468912,0.008962468912,0,0.01,0.12,0.1,0
11.43,0.6374670137,-0.03812137614,0.2970489282,0.01811228609,0,1,0.06495423883,0.9978882437,0,0,1.521847059,1.649336143,-1.190085277,1.484538059,-0.3892501858,0.4162146617,0.4481888849,-1.430374892,1.55411824,1.372902139,1.837065297,-0.5792678282,-0.2260384858,-0.104877179,0.004847100852,0,0.1709660029,-0.04809079596,-0.2247949629,0.2334539674,0.146134412,-0.00105792626,0.01038471627,0.04466901707,0.1433627064,-0.3059170305,-0.0518826358,0.2895570368,0.009006271265,0.00900048545,0.00900048545,0,0.01,0.12,0.1,0
11.44,0.6404322814,-0.03794023946,0.2960088706,0.01811503859,0,1,0.06495423883,0.9978882437,0,0,1.52189553,1.649336143,-1.188375617,1.484057151,-0.3914981355,0.4185492013,0.449650229,-1.430385471,1.554222088,1.373348829,1.838498924,-0.5823269985,-0.2265573122,-0.1019816087,0.004622027693,0,0.1707014858,-0.04761779479,-0.2237968146,0.2329765695,0.1454343215,-0.0009312449187,0.01044576116,0.04417953386,0.1429718107,-0.3049543604,-0.05092542541,0.2888600602,0.009006375934,0.009038657985,0.009006375934,0,0.01,0.12,0.1,0
11.45,0.6433872779,-0.0377590756,0.2949948559,0.01811772216,0,1,0.06495423883,0.9978882437,0,0,1.521941751,1.649336143,-1.186668602,1.483580973,-0.3937361036,0.420878967,0.4511045723,-1.430394784,1.554326545,1.373790624,1.839928642,-0.5853765421,-0.2270665664,-0.09909300805,0.004395821393,0,0.1704482951,-0.04715554999,-0.2228216927,0.2325172417,0.1447503458,-0.000803138831,0.01050754886,0.04369757582,0.1425879273,-0.3040157193,-0.0499781586,0.2881835749,0.009006475743,0.009076989342,0.009006475743,0,0.01,0.12,0.1,0
11.46,0.6463322688,-0.03757788526,0.2940079328,0.01812033403,0,1,0.06495423883,0.9978882437,0,0,1.521985709,1.649336143,-1.184964119,1.483109417,-0.3959643205,0.4232041394,0.4525520757,-1.430402815,1.554431621,1.3742276,1.841354521,-0.5884166993,-0.227566348,-0.0962111723,0.004168118506,0,0.170207176,-0.04670448025,-0.2218704663,0.2320770383,0.1440828639,-0.0006733084029,0.01057014367,0.04322318002,0.1422112518,-0.3031021856,-0.04904064459,0.2875286698,0.009006570667,0.009115482574,0.009006570667,0,0.01,0.12,0.1,0
11.47,0.6492675304,-0.03739666917,0.2930491586,0.01812287141,0,1,0.06495423883,0.9978882437,0,0,1.52202739,1.649336143,-1.183262048,1.482642373,-0.3981830252,0.4255249098,0.4539929044,-1.430409548,1.554537322,1.374659832,1.842776634,-0.5914477212,-0.2280567545,-0.0933358856,0.003938547268,0,0.1699788836,-0.04626500534,-0.2209440128,0.2316570257,0.1434322562,-0.0005414488634,0.01063361227,0.04275638049,0.1418419791,-0.3022148452,-0.04811268015,0.2868964426,0.009006660675,0.00915414097,0.009006660675,0,0.01,0.12,0.1,0
11.48,0.6521933494,-0.03721542809,0.2921195996,0.01812533147,0,1,0.06495423883,0.9978882437,0,0,1.522066776,1.649336143,-1.181562259,1.482179723,-0.4003924653,0.4278414801,0.4554272269,-1.430414963,1.554643658,1.375087396,1.844195054,-0.5944698696,-0.2285378813,-0.09046692118,0.003706727539,0,0.1697641823,-0.04583754605,-0.2200432174,0.2312582827,0.1427989045,-0.000407250258,0.01069802373,0.04229720818,0.1414803034,-0.3013547916,-0.04719404946,0.2862880003,0.009006745726,0.009192968066,0.009006745726,0,0.01,0.12,0.1,0
11.49,0.6551100234,-0.0370341628,0.2912203304,0.01812771137,0,1,0.06495423883,0.9978882437,0,0,1.522103843,1.649336143,-1.179864617,1.481721347,-0.4025928975,0.4301540629,0.456855216,-1.430419035,1.554750638,1.375510368,1.845609857,-0.5974834175,-0.2290098217,-0.08760404117,0.003472270746,0,0.1695638469,-0.04542252418,-0.2191689732,0.2308819001,0.142183192,-0.0002703974397,0.01076344961,0.04184569097,0.1411264182,-0.3005231259,-0.046284524,0.2857044583,0.009006825771,0.009231967645,0.009006825771,0,0.01,0.12,0.1,0
11.5,0.6580178606,-0.03685287413,0.2903524345,0.01813000825,0,1,0.06495423883,0.9978882437,0,0,1.522138566,1.649336143,-1.178168979,1.481267122,-0.4047845872,0.4324628819,0.4582770479,-1.430421739,1.554858273,1.375928825,1.847021121,-0.6004886488,-0.229472667,-0.08474699659,0.003234779816,0,0.1693786615,-0.04502036248,-0.2183221816,0.2305289813,0.1415855032,-0.0001305700576,0.01082996395,0.04140185364,0.1407805162,-0.2997209566,-0.04538386245,0.2851469411,0.009006900754,0.009271143752,0.009006900754,0,0.01,0.12,0.1,0
11.51,0.6609171803,-0.03667156292,0.2895170039,0.0181322192,0,1,0.06495423883,0.9978882437,0,0,1.522170913,1.649336143,-1.176475192,1.480816918,-0.406967809,0.4347681717,0.4596929029,-1.430423045,1.554966573,1.376342843,1.848428926,-0.6034858584,-0.2299265056,-0.08189552718,0.002993849104,0,0.1692094204,-0.0446314846,-0.2175037518,0.230200642,0.1410062242,1.512635799e-05,0.01088457273,0.04095360202,0.1404427895,-0.2989369758,-0.04450051818,0.2846036882,0.009006970608,0.009310500694,0.009006970608,0,0.01,0.12,0.1,0
11.52,0.6638083126,-0.03649023005,0.2887151394,0.01813434132,0,1,0.06495423883,0.9978882437,0,0,1.522200852,1.649336143,-1.174783098,1.480370603,-0.4091428466,0.4370701781,0.4611029652,-1.430422894,1.555075418,1.376752379,1.849833354,-0.6064752281,-0.2303715108,-0.0790494903,0.002749064314,0,0.1690569277,-0.04425631502,-0.2167146012,0.2298980103,0.1404457424,0.0001592820881,0.01096671132,0.04053745084,0.1401134291,-0.298209733,-0.04360804094,0.2841146899,0.009007035259,0.009349999902,0.009007035259,0,0.01,0.12,0.095,0
11.53,0.6666915986,-0.0363088764,0.2879479502,0.01813637167,0,1,0.06495423883,0.9978882437,0,0,1.522228343,1.649336143,-1.173092528,1.47992804,-0.4113099926,0.4393691582,0.4625074226,-1.430421301,1.555185085,1.377157754,1.851234488,-0.6094573254,-0.2308075912,-0.0762083434,0.002494126942,0,0.1689402978,-0.04389527906,-0.2159648712,0.2296291816,0.1399219803,0.0003100071737,0.01103696377,0.04011677224,0.1397926255,-0.2975027782,-0.04273239016,0.283642081,0.009007094625,0.009389733017,0.009007094625,0,0.01,0.12,0.095,0
11.54,0.6695673909,-0.03612750293,0.2872165544,0.0181383073,0,1,0.06495423883,0.9978882437,0,0,1.522253284,1.649336143,-1.171403126,1.479489087,-0.4134696413,0.4416654501,0.4639066424,-1.430418201,1.555295455,1.377558921,1.852632415,-0.6124323532,-0.2312349151,-0.07337192259,0.002246145419,0,0.1688056537,-0.04354880272,-0.2152279152,0.229374553,0.1393829165,0.0004650416326,0.01110862149,0.03970383581,0.1394805682,-0.2968298205,-0.04186451066,0.2832000745,0.009007148485,0.009429661581,0.009007148485,0,0.01,0.12,0.095,0
11.55,0.6724360528,-0.03594611058,0.2865220787,0.01814014521,0,1,0.06495423883,0.9978882437,0,0,1.522275745,1.649336143,-1.169715069,1.479053599,-0.4156219204,0.4439591956,0.4653004716,-1.43041355,1.555406541,1.37795596,1.85402722,-0.6154006514,-0.2316535602,-0.07053992185,0.001987224998,0,0.1687083287,-0.04321731278,-0.2145321848,0.229155938,0.1388811643,0.0006247310108,0.01118177729,0.03929865534,0.1391774455,-0.2961920093,-0.0410040912,0.2827898422,0.009007196991,0.009469791031,0.009007196991,0,0.01,0.12,0.095,0
11.56,0.6752979593,-0.03576470036,0.2858656584,0.01814188242,0,1,0.06495423883,0.9978882437,0,0,1.522295618,1.649336143,-1.168027986,1.478621426,-0.4177672423,0.446250755,0.4666892832,-1.430407303,1.555518359,1.378348946,1.855418995,-0.6183625715,-0.2320636011,-0.06771202342,0.0017227028,0,0.1686310756,-0.04290123662,-0.213869487,0.2289676715,0.1383997806,0.0007894272498,0.01125652137,0.0389012362,0.1388834451,-0.2955904955,-0.04015081036,0.2824125592,0.009007239905,0.009510127125,0.009007239905,0,0.01,0.12,0.095,0
11.57,0.6781534966,-0.03558327328,0.2852484375,0.01814351588,0,1,0.06495423883,0.9978882437,0,0,1.522312845,1.649336143,-1.166341675,1.478192414,-0.4199059372,0.4485404317,0.468073281,-1.430399409,1.555630924,1.378737959,1.856807829,-0.6213184765,-0.2324651092,-0.06488789783,0.001452122062,0,0.1685747421,-0.04260100219,-0.2132407761,0.2288109424,0.1379391539,0.0009594876428,0.01133294683,0.03851158041,0.1385987535,-0.2950264368,-0.03930433277,0.2820694084,0.009007277106,0.009550675941,0.009007277106,0,0.01,0.12,0.095,0
11.58,0.6810030625,-0.0354018304,0.2846715686,0.01814504256,0,1,0.06495423883,0.9978882437,0,0,1.522327366,1.649336143,-1.164655928,1.477766404,-0.4220383449,0.4508285411,0.4694526725,-1.430389814,1.555744254,1.379123075,1.858193817,-0.6242687409,-0.2328581526,-0.06206720375,0.001175014602,0,0.1685401929,-0.04231703799,-0.212647018,0.2286869548,0.1374996806,0.001135274866,0.01141114974,0.03812968652,0.138323556,-0.2945009974,-0.03846430886,0.2817615808,0.009007308465,0.00959144388,0.009007308465,0,0.01,0.12,0.095,0
11.59,0.6838470664,-0.0352203728,0.284136213,0.01814645936,0,1,0.06495423883,0.9978882437,0,0,1.522339116,1.649336143,-1.162970526,1.477343234,-0.4241648151,0.4531154107,0.4708276693,-1.430378461,1.555858365,1.379504371,1.859577052,-0.6272137508,-0.2332427956,-0.05924958794,0.0008909028532,0,0.1685283031,-0.04204977296,-0.2120891868,0.2285969263,0.1370817587,0.001317157016,0.01149122922,0.03775554959,0.138058037,-0.2940153483,-0.03763037462,0.2814902752,0.00900733384,0.009632437675,0.00900733384,0,0.01,0.12,0.095,0
11.6,0.6866859291,-0.03503890159,0.2836435406,0.01814776321,0,1,0.06495423883,0.9978882437,0,0,1.522348025,1.649336143,-1.161285243,1.476922736,-0.426285707,0.4554013799,0.4721984869,-1.43036529,1.555973278,1.379881927,1.860957633,-0.6301539043,-0.2336190994,-0.05643468519,0.0005992997305,0,0.1685399582,-0.04179963646,-0.2115682649,0.2285420871,0.1366857876,0.001505507646,0.01157328748,0.03738916112,0.1378023794,-0.2935706668,-0.03680215136,0.2812566984,0.009007353079,0.009673664403,0.009007353079,0,0.01,0.12,0.095,0
11.61,0.6895200834,-0.03485741792,0.28319473,0.01814895098,0,1,0.06495423883,0.9978882437,0,0,1.522354018,1.649336143,-1.159599843,1.476504739,-0.4284013896,0.4576868008,0.4735653448,-1.430350235,1.55608901,1.380255819,1.862335656,-0.633089611,-0.2339871209,-0.0536221182,0.0002997084823,0,0.1685760543,-0.04156705816,-0.2110852427,0.2285236809,0.136312168,0.001700705809,0.01165742993,0.03703050897,0.137556765,-0.2931681366,-0.03597924546,0.2810620648,0.009007366021,0.009715131496,0.009007366021,0,0.01,0.12,0.095,0
11.62,0.6923499738,-0.03467592297,0.2827909686,0.01815001953,0,1,0.06495423883,0.9978882437,0,0,1.522357015,1.649336143,-1.157914082,1.476089069,-0.430512242,0.4599720376,0.4749284665,-1.430333227,1.556205585,1.380626124,1.863711224,-0.6360212923,-0.2343469134,-0.05081149755,-8.377464367e-06,0,0.1686374981,-0.04135246801,-0.2106411192,0.228542965,0.1359613024,0.0019031361,0.01174376526,0.0366795773,0.1373213744,-0.2928089474,-0.03516124807,0.2809075964,0.009007372493,0.009756846746,0.009007372493,0,0.01,0.125,0.095,0
11.63,0.6951760569,-0.03449441794,0.2824334521,0.01815096569,0,1,0.06495423883,0.9978882437,0,0,1.522356931,1.649336143,-1.156227707,1.475675544,-0.4326186532,0.4622574672,0.4762880795,-1.430314196,1.556323022,1.380992919,1.865084438,-0.6389493818,-0.2346985258,-0.04800242159,-0.0003254746705,0,0.1687252071,-0.04115629613,-0.2102369016,0.2286012097,0.1356335944,0.002113188709,0.01183240551,0.0363363465,0.1370963864,-0.2924942953,-0.03434773482,0.2807945228,0.009007372312,0.009798818318,0.009007372312,0,0.01,0.125,0.095,0
11.64,0.6979988011,-0.03431290407,0.2821233851,0.01815178628,0,1,0.06495423883,0.9978882437,0,0,1.522353677,1.649336143,-1.154540455,1.475263981,-0.4347210223,0.4645434793,0.4776444155,-1.430293064,1.556441346,1.381356283,1.866455402,-0.6418743248,-0.2350420032,-0.04519447636,-0.0006521098617,0,0.1688401097,-0.04097897276,-0.2098736054,0.2286996993,0.1353294494,0.002331259468,0.01192346617,0.03600079306,0.1368819787,-0.2922253823,-0.03353826548,0.2807240808,0.009007365283,0.009841054761,0.009007365283,0,0.01,0.125,0.095,0
11.65,0.7008186868,-0.03413138264,0.2818619809,0.01815247808,0,1,0.06495423883,0.9978882437,0,0,1.522347155,1.649336143,-1.152852054,1.474854191,-0.4368197583,0.4668304763,0.47899771,-1.430269752,1.556560581,1.381716291,1.867824221,-0.6447965786,-0.2353773858,-0.04238723555,-0.0009888201164,0,0.1689831452,-0.04082092817,-0.2095522547,0.2288397318,0.1350492738,0.002557749909,0.01201706628,0.03567288954,0.1366783272,-0.2920034163,-0.03273238367,0.2806975147,0.009007351201,0.009883565018,0.009007351201,0,0.01,0.125,0.095,0
11.66,0.703636207,-0.03394985495,0.2816504613,0.01815303786,0,1,0.06495423883,0.9978882437,0,0,1.522337267,1.649336143,-1.151162223,1.474445982,-0.4389152809,0.4691188737,0.4803482027,-1.430244174,1.556680752,1.38207302,1.869191005,-0.6477166128,-0.2357047097,-0.03958026041,-0.001336153065,0,0.1691552642,-0.04068259257,-0.2092738821,0.2290226193,0.1347934755,0.002793067322,0.01211332851,0.03535260442,0.1364856062,-0.2918296109,-0.03192961647,0.2807160759,0.009007329847,0.009926358436,0.009007329847,0,0.01,0.125,0.095,0
11.67,0.7064518664,-0.03376832233,0.2814900568,0.01815346237,0,1,0.06495423883,0.9978882437,0,0,1.522323906,1.649336143,-1.14947067,1.474039156,-0.4410080197,0.4714090998,0.4816961374,-1.430216243,1.556801885,1.382426546,1.870555861,-0.6506349089,-0.2360240058,-0.03677309965,-0.001694667101,0,0.1693574287,-0.04056439604,-0.2090395285,0.2292496878,0.1345624638,0.003037624817,0.01221237928,0.03503990204,0.1363039883,-0.2917051853,-0.03112947402,0.2807810229,0.009007300993,0.009969444779,0.009007300993,0,0.01,0.125,0.095,0
11.68,0.7092661826,-0.03358678616,0.2813820066,0.01815374832,0,1,0.06495423883,0.9978882437,0,0,1.522306959,1.649336143,-1.147777096,1.473633512,-0.443098415,0.4737015967,0.4830417621,-1.430185867,1.556924009,1.382776945,1.871918901,-0.6535519607,-0.2363353006,-0.03396528942,-0.002064931609,0,0.1695906118,-0.04046676841,-0.2088502439,0.229522278,0.1343566492,0.003291841389,0.01231434886,0.03473474247,0.1361336441,-0.2916313644,-0.03033144918,0.2808936209,0.009007264397,0.01001283424,0.009007264397,0,0.015,0.125,0.095,0
11.69,0.7120796852,-0.03340524784,0.2813275586,0.01815389242,0,1,0.06495423883,0.9978882437,0,0,1.52228631,1.649336143,-1.14608119,1.473228845,-0.4451869174,0.4759968195,0.4843853286,-1.430152949,1.557047152,1.383124292,1.873280237,-0.6564682744,-0.2366386151,-0.03115635321,0,0,0,0,0,0,0,0,0,0,0,0,0,0,0.009007219804,0.01005653745,0.009007219804,0,0.015,0.125,0.095,0
