gmake[3]: warning: -j32 forced in submake: resetting jobserver mode.
In file included from /home/rocos/sia/AVIATOR/third_party/coal-3.0.4/include/coal/collision_func_matrix.h:43,
                 from /home/rocos/sia/AVIATOR/third_party/coal-3.0.4/src/collision_func_matrix.cpp:38:
In member function ‘coal::CoalScalar coal::GJKSolver::shapeDistance(const S1&, const coal::Transform3s&, const S2&, const coal::Transform3s&, bool, coal::Vec3s&, coal::Vec3s&, coal::Vec3s&) const [with S1 = coal::ConvexBase; S2 = coal::Ellipsoid]’,
    inlined from ‘static coal::CoalScalar coal::ShapeShapeDistancer<ShapeType1, ShapeType2>::run(const coal::CollisionGeometry*, const coal::Transform3s&, const coal::CollisionGeometry*, const coal::Transform3s&, const coal::GJKSolver*, bool, coal::Vec3s&, coal::Vec3s&, coal::Vec3s&) [with ShapeType1 = coal::ConvexBase; ShapeType2 = coal::Ellipsoid]’ at /home/rocos/sia/AVIATOR/third_party/coal-3.0.4/include/coal/internal/shape_shape_func.h:80:34,
    inlined from ‘coal::CoalScalar coal::internal::ShapeShapeDistance(const coal::CollisionGeometry*, const coal::Transform3s&, const coal::CollisionGeometry*, const coal::Transform3s&, const coal::GJKSolver*, bool, coal::Vec3s&, coal::Vec3s&, coal::Vec3s&) [with ShapeType1 = coal::ConvexBase; ShapeType2 = coal::Ellipsoid]’ at /home/rocos/sia/AVIATOR/third_party/coal-3.0.4/include/coal/internal/shape_shape_func.h:121:66,
    inlined from ‘static std::size_t coal::ShapeShapeCollider<ShapeType1, ShapeType2>::run(const coal::CollisionGeometry*, const coal::Transform3s&, const coal::CollisionGeometry*, const coal::Transform3s&, const coal::GJKSolver*, const coal::CollisionRequest&, coal::CollisionResult&) [with ShapeType1 = coal::ConvexBase; ShapeType2 = coal::Ellipsoid]’ at /home/rocos/sia/AVIATOR/third_party/coal-3.0.4/include/coal/internal/shape_shape_func.h:147:79:
/home/rocos/sia/AVIATOR/third_party/coal-3.0.4/include/coal/narrowphase/narrowphase.h:316:12: warning: ‘distance’ may be used uninitialized [-Wmaybe-uninitialized]
  316 |     return distance;
      |            ^~~~~~~~
/home/rocos/sia/AVIATOR/third_party/coal-3.0.4/include/coal/narrowphase/narrowphase.h: In static member function ‘static std::size_t coal::ShapeShapeCollider<ShapeType1, ShapeType2>::run(const coal::CollisionGeometry*, const coal::Transform3s&, const coal::CollisionGeometry*, const coal::Transform3s&, const coal::GJKSolver*, const coal::CollisionRequest&, coal::CollisionResult&) [with ShapeType1 = coal::ConvexBase; ShapeType2 = coal::Ellipsoid]’:
/home/rocos/sia/AVIATOR/third_party/coal-3.0.4/include/coal/narrowphase/narrowphase.h:313:16: note: ‘distance’ declared here
  313 |     CoalScalar distance;
      |                ^~~~~~~~
In member function ‘coal::CoalScalar coal::GJKSolver::shapeDistance(const S1&, const coal::Transform3s&, const S2&, const coal::Transform3s&, bool, coal::Vec3s&, coal::Vec3s&, coal::Vec3s&) const [with S1 = coal::ConvexBase; S2 = coal::Ellipsoid]’,
    inlined from ‘static coal::CoalScalar coal::ShapeShapeDistancer<ShapeType1, ShapeType2>::run(const coal::CollisionGeometry*, const coal::Transform3s&, const coal::CollisionGeometry*, const coal::Transform3s&, const coal::GJKSolver*, bool, coal::Vec3s&, coal::Vec3s&, coal::Vec3s&) [with ShapeType1 = coal::ConvexBase; ShapeType2 = coal::Ellipsoid]’ at /home/rocos/sia/AVIATOR/third_party/coal-3.0.4/include/coal/internal/shape_shape_func.h:80:34,
    inlined from ‘coal::CoalScalar coal::internal::ShapeShapeDistance(const coal::CollisionGeometry*, const coal::Transform3s&, const coal::CollisionGeometry*, const coal::Transform3s&, const coal::GJKSolver*, bool, coal::Vec3s&, coal::Vec3s&, coal::Vec3s&) [with ShapeType1 = coal::ConvexBase; ShapeType2 = coal::Ellipsoid]’ at /home/rocos/sia/AVIATOR/third_party/coal-3.0.4/include/coal/internal/shape_shape_func.h:121:66,
    inlined from ‘static std::size_t coal::ShapeShapeCollider<ShapeType1, ShapeType2>::run(const coal::CollisionGeometry*, const coal::Transform3s&, const coal::CollisionGeometry*, const coal::Transform3s&, const coal::GJKSolver*, const coal::CollisionRequest&, coal::CollisionResult&) [with ShapeType1 = coal::ConvexBase; ShapeType2 = coal::Ellipsoid]’ at /home/rocos/sia/AVIATOR/third_party/coal-3.0.4/include/coal/internal/shape_shape_func.h:147:79:
/home/rocos/sia/AVIATOR/third_party/coal-3.0.4/include/coal/narrowphase/narrowphase.h:316:12: warning: ‘distance’ may be used uninitialized [-Wmaybe-uninitialized]
  316 |     return distance;
      |            ^~~~~~~~
/home/rocos/sia/AVIATOR/third_party/coal-3.0.4/include/coal/narrowphase/narrowphase.h: In static member function ‘static std::size_t coal::ShapeShapeCollider<ShapeType1, ShapeType2>::run(const coal::CollisionGeometry*, const coal::Transform3s&, const coal::CollisionGeometry*, const coal::Transform3s&, const coal::GJKSolver*, const coal::CollisionRequest&, coal::CollisionResult&) [with ShapeType1 = coal::ConvexBase; ShapeType2 = coal::Ellipsoid]’:
/home/rocos/sia/AVIATOR/third_party/coal-3.0.4/include/coal/narrowphase/narrowphase.h:313:16: note: ‘distance’ declared here
  313 |     CoalScalar distance;
      |                ^~~~~~~~
In member function ‘coal::CoalScalar coal::GJKSolver::shapeDistance(const S1&, const coal::Transform3s&, const S2&, const coal::Transform3s&, bool, coal::Vec3s&, coal::Vec3s&, coal::Vec3s&) const [with S1 = coal::ConvexBase; S2 = coal::ConvexBase]’,
    inlined from ‘static coal::CoalScalar coal::ShapeShapeDistancer<ShapeType1, ShapeType2>::run(const coal::CollisionGeometry*, const coal::Transform3s&, const coal::CollisionGeometry*, const coal::Transform3s&, const coal::GJKSolver*, bool, coal::Vec3s&, coal::Vec3s&, coal::Vec3s&) [with ShapeType1 = coal::ConvexBase; ShapeType2 = coal::ConvexBase]’ at /home/rocos/sia/AVIATOR/third_party/coal-3.0.4/include/coal/internal/shape_shape_func.h:80:34,
    inlined from ‘coal::CoalScalar coal::internal::ShapeShapeDistance(const coal::CollisionGeometry*, const coal::Transform3s&, const coal::CollisionGeometry*, const coal::Transform3s&, const coal::GJKSolver*, bool, coal::Vec3s&, coal::Vec3s&, coal::Vec3s&) [with ShapeType1 = coal::ConvexBase; ShapeType2 = coal::ConvexBase]’ at /home/rocos/sia/AVIATOR/third_party/coal-3.0.4/include/coal/internal/shape_shape_func.h:121:66,
    inlined from ‘static std::size_t coal::ShapeShapeCollider<ShapeType1, ShapeType2>::run(const coal::CollisionGeometry*, const coal::Transform3s&, const coal::CollisionGeometry*, const coal::Transform3s&, const coal::GJKSolver*, const coal::CollisionRequest&, coal::CollisionResult&) [with ShapeType1 = coal::ConvexBase; ShapeType2 = coal::ConvexBase]’ at /home/rocos/sia/AVIATOR/third_party/coal-3.0.4/include/coal/internal/shape_shape_func.h:147:79:
/home/rocos/sia/AVIATOR/third_party/coal-3.0.4/include/coal/narrowphase/narrowphase.h:316:12: warning: ‘distance’ may be used uninitialized [-Wmaybe-uninitialized]
  316 |     return distance;
      |            ^~~~~~~~
/home/rocos/sia/AVIATOR/third_party/coal-3.0.4/include/coal/narrowphase/narrowphase.h: In static member function ‘static std::size_t coal::ShapeShapeCollider<ShapeType1, ShapeType2>::run(const coal::CollisionGeometry*, const coal::Transform3s&, const coal::CollisionGeometry*, const coal::Transform3s&, const coal::GJKSolver*, const coal::CollisionRequest&, coal::CollisionResult&) [with ShapeType1 = coal::ConvexBase; ShapeType2 = coal::ConvexBase]’:
/home/rocos/sia/AVIATOR/third_party/coal-3.0.4/include/coal/narrowphase/narrowphase.h:313:16: note: ‘distance’ declared here
  313 |     CoalScalar distance;
      |                ^~~~~~~~
In member function ‘coal::CoalScalar coal::GJKSolver::shapeDistance(const S1&, const coal::Transform3s&, const S2&, const coal::Transform3s&, bool, coal::Vec3s&, coal::Vec3s&, coal::Vec3s&) const [with S1 = coal::ConvexBase; S2 = coal::ConvexBase]’,
    inlined from ‘static coal::CoalScalar coal::ShapeShapeDistancer<ShapeType1, ShapeType2>::run(const coal::CollisionGeometry*, const coal::Transform3s&, const coal::CollisionGeometry*, const coal::Transform3s&, const coal::GJKSolver*, bool, coal::Vec3s&, coal::Vec3s&, coal::Vec3s&) [with ShapeType1 = coal::ConvexBase; ShapeType2 = coal::ConvexBase]’ at /home/rocos/sia/AVIATOR/third_party/coal-3.0.4/include/coal/internal/shape_shape_func.h:80:34,
    inlined from ‘coal::CoalScalar coal::internal::ShapeShapeDistance(const coal::CollisionGeometry*, const coal::Transform3s&, const coal::CollisionGeometry*, const coal::Transform3s&, const coal::GJKSolver*, bool, coal::Vec3s&, coal::Vec3s&, coal::Vec3s&) [with ShapeType1 = coal::ConvexBase; ShapeType2 = coal::ConvexBase]’ at /home/rocos/sia/AVIATOR/third_party/coal-3.0.4/include/coal/internal/shape_shape_func.h:121:66,
    inlined from ‘static std::size_t coal::ShapeShapeCollider<ShapeType1, ShapeType2>::run(const coal::CollisionGeometry*, const coal::Transform3s&, const coal::CollisionGeometry*, const coal::Transform3s&, const coal::GJKSolver*, const coal::CollisionRequest&, coal::CollisionResult&) [with ShapeType1 = coal::ConvexBase; ShapeType2 = coal::ConvexBase]’ at /home/rocos/sia/AVIATOR/third_party/coal-3.0.4/include/coal/internal/shape_shape_func.h:147:79:
/home/rocos/sia/AVIATOR/third_party/coal-3.0.4/include/coal/narrowphase/narrowphase.h:316:12: warning: ‘distance’ may be used uninitialized [-Wmaybe-uninitialized]
  316 |     return distance;
      |            ^~~~~~~~
/home/rocos/sia/AVIATOR/third_party/coal-3.0.4/include/coal/narrowphase/narrowphase.h: In static member function ‘static std::size_t coal::ShapeShapeCollider<ShapeType1, ShapeType2>::run(const coal::CollisionGeometry*, const coal::Transform3s&, const coal::CollisionGeometry*, const coal::Transform3s&, const coal::GJKSolver*, const coal::CollisionRequest&, coal::CollisionResult&) [with ShapeType1 = coal::ConvexBase; ShapeType2 = coal::ConvexBase]’:
/home/rocos/sia/AVIATOR/third_party/coal-3.0.4/include/coal/narrowphase/narrowphase.h:313:16: note: ‘distance’ declared here
  313 |     CoalScalar distance;
      |                ^~~~~~~~
In member function ‘coal::CoalScalar coal::GJKSolver::shapeDistance(const S1&, const coal::Transform3s&, const S2&, const coal::Transform3s&, bool, coal::Vec3s&, coal::Vec3s&, coal::Vec3s&) const [with S1 = coal::ConvexBase; S2 = coal::Cylinder]’,
    inlined from ‘static coal::CoalScalar coal::ShapeShapeDistancer<ShapeType1, ShapeType2>::run(const coal::CollisionGeometry*, const coal::Transform3s&, const coal::CollisionGeometry*, const coal::Transform3s&, const coal::GJKSolver*, bool, coal::Vec3s&, coal::Vec3s&, coal::Vec3s&) [with ShapeType1 = coal::ConvexBase; ShapeType2 = coal::Cylinder]’ at /home/rocos/sia/AVIATOR/third_party/coal-3.0.4/include/coal/internal/shape_shape_func.h:80:34,
    inlined from ‘coal::CoalScalar coal::internal::ShapeShapeDistance(const coal::CollisionGeometry*, const coal::Transform3s&, const coal::CollisionGeometry*, const coal::Transform3s&, const coal::GJKSolver*, bool, coal::Vec3s&, coal::Vec3s&, coal::Vec3s&) [with ShapeType1 = coal::ConvexBase; ShapeType2 = coal::Cylinder]’ at /home/rocos/sia/AVIATOR/third_party/coal-3.0.4/include/coal/internal/shape_shape_func.h:121:66,
    inlined from ‘static std::size_t coal::ShapeShapeCollider<ShapeType1, ShapeType2>::run(const coal::CollisionGeometry*, const coal::Transform3s&, const coal::CollisionGeometry*, const coal::Transform3s&, const coal::GJKSolver*, const coal::CollisionRequest&, coal::CollisionResult&) [with ShapeType1 = coal::ConvexBase; ShapeType2 = coal::Cylinder]’ at /home/rocos/sia/AVIATOR/third_party/coal-3.0.4/include/coal/internal/shape_shape_func.h:147:79:
/home/rocos/sia/AVIATOR/third_party/coal-3.0.4/include/coal/narrowphase/narrowphase.h:316:12: warning: ‘distance’ may be used uninitialized [-Wmaybe-uninitialized]
  316 |     return distance;
      |            ^~~~~~~~
/home/rocos/sia/AVIATOR/third_party/coal-3.0.4/include/coal/narrowphase/narrowphase.h: In static member function ‘static std::size_t coal::ShapeShapeCollider<ShapeType1, ShapeType2>::run(const coal::CollisionGeometry*, const coal::Transform3s&, const coal::CollisionGeometry*, const coal::Transform3s&, const coal::GJKSolver*, const coal::CollisionRequest&, coal::CollisionResult&) [with ShapeType1 = coal::ConvexBase; ShapeType2 = coal::Cylinder]’:
/home/rocos/sia/AVIATOR/third_party/coal-3.0.4/include/coal/narrowphase/narrowphase.h:313:16: note: ‘distance’ declared here
  313 |     CoalScalar distance;
      |                ^~~~~~~~
In member function ‘coal::CoalScalar coal::GJKSolver::shapeDistance(const S1&, const coal::Transform3s&, const S2&, const coal::Transform3s&, bool, coal::Vec3s&, coal::Vec3s&, coal::Vec3s&) const [with S1 = coal::ConvexBase; S2 = coal::Cylinder]’,
    inlined from ‘static coal::CoalScalar coal::ShapeShapeDistancer<ShapeType1, ShapeType2>::run(const coal::CollisionGeometry*, const coal::Transform3s&, const coal::CollisionGeometry*, const coal::Transform3s&, const coal::GJKSolver*, bool, coal::Vec3s&, coal::Vec3s&, coal::Vec3s&) [with ShapeType1 = coal::ConvexBase; ShapeType2 = coal::Cylinder]’ at /home/rocos/sia/AVIATOR/third_party/coal-3.0.4/include/coal/internal/shape_shape_func.h:80:34,
    inlined from ‘coal::CoalScalar coal::internal::ShapeShapeDistance(const coal::CollisionGeometry*, const coal::Transform3s&, const coal::CollisionGeometry*, const coal::Transform3s&, const coal::GJKSolver*, bool, coal::Vec3s&, coal::Vec3s&, coal::Vec3s&) [with ShapeType1 = coal::ConvexBase; ShapeType2 = coal::Cylinder]’ at /home/rocos/sia/AVIATOR/third_party/coal-3.0.4/include/coal/internal/shape_shape_func.h:121:66,
    inlined from ‘static std::size_t coal::ShapeShapeCollider<ShapeType1, ShapeType2>::run(const coal::CollisionGeometry*, const coal::Transform3s&, const coal::CollisionGeometry*, const coal::Transform3s&, const coal::GJKSolver*, const coal::CollisionRequest&, coal::CollisionResult&) [with ShapeType1 = coal::ConvexBase; ShapeType2 = coal::Cylinder]’ at /home/rocos/sia/AVIATOR/third_party/coal-3.0.4/include/coal/internal/shape_shape_func.h:147:79:
/home/rocos/sia/AVIATOR/third_party/coal-3.0.4/include/coal/narrowphase/narrowphase.h:316:12: warning: ‘distance’ may be used uninitialized [-Wmaybe-uninitialized]
  316 |     return distance;
      |            ^~~~~~~~
/home/rocos/sia/AVIATOR/third_party/coal-3.0.4/include/coal/narrowphase/narrowphase.h: In static member function ‘static std::size_t coal::ShapeShapeCollider<ShapeType1, ShapeType2>::run(const coal::CollisionGeometry*, const coal::Transform3s&, const coal::CollisionGeometry*, const coal::Transform3s&, const coal::GJKSolver*, const coal::CollisionRequest&, coal::CollisionResult&) [with ShapeType1 = coal::ConvexBase; ShapeType2 = coal::Cylinder]’:
/home/rocos/sia/AVIATOR/third_party/coal-3.0.4/include/coal/narrowphase/narrowphase.h:313:16: note: ‘distance’ declared here
  313 |     CoalScalar distance;
      |                ^~~~~~~~
In member function ‘coal::CoalScalar coal::GJKSolver::shapeDistance(const S1&, const coal::Transform3s&, const S2&, const coal::Transform3s&, bool, coal::Vec3s&, coal::Vec3s&, coal::Vec3s&) const [with S1 = coal::ConvexBase; S2 = coal::Cone]’,
    inlined from ‘static coal::CoalScalar coal::ShapeShapeDistancer<ShapeType1, ShapeType2>::run(const coal::CollisionGeometry*, const coal::Transform3s&, const coal::CollisionGeometry*, const coal::Transform3s&, const coal::GJKSolver*, bool, coal::Vec3s&, coal::Vec3s&, coal::Vec3s&) [with ShapeType1 = coal::ConvexBase; ShapeType2 = coal::Cone]’ at /home/rocos/sia/AVIATOR/third_party/coal-3.0.4/include/coal/internal/shape_shape_func.h:80:34,
    inlined from ‘coal::CoalScalar coal::internal::ShapeShapeDistance(const coal::CollisionGeometry*, const coal::Transform3s&, const coal::CollisionGeometry*, const coal::Transform3s&, const coal::GJKSolver*, bool, coal::Vec3s&, coal::Vec3s&, coal::Vec3s&) [with ShapeType1 = coal::ConvexBase; ShapeType2 = coal::Cone]’ at /home/rocos/sia/AVIATOR/third_party/coal-3.0.4/include/coal/internal/shape_shape_func.h:121:66,
    inlined from ‘static std::size_t coal::ShapeShapeCollider<ShapeType1, ShapeType2>::run(const coal::CollisionGeometry*, const coal::Transform3s&, const coal::CollisionGeometry*, const coal::Transform3s&, const coal::GJKSolver*, const coal::CollisionRequest&, coal::CollisionResult&) [with ShapeType1 = coal::ConvexBase; ShapeType2 = coal::Cone]’ at /home/rocos/sia/AVIATOR/third_party/coal-3.0.4/include/coal/internal/shape_shape_func.h:147:79:
/home/rocos/sia/AVIATOR/third_party/coal-3.0.4/include/coal/narrowphase/narrowphase.h:316:12: warning: ‘distance’ may be used uninitialized [-Wmaybe-uninitialized]
  316 |     return distance;
      |            ^~~~~~~~
/home/rocos/sia/AVIATOR/third_party/coal-3.0.4/include/coal/narrowphase/narrowphase.h: In static member function ‘static std::size_t coal::ShapeShapeCollider<ShapeType1, ShapeType2>::run(const coal::CollisionGeometry*, const coal::Transform3s&, const coal::CollisionGeometry*, const coal::Transform3s&, const coal::GJKSolver*, const coal::CollisionRequest&, coal::CollisionResult&) [with ShapeType1 = coal::ConvexBase; ShapeType2 = coal::Cone]’:
/home/rocos/sia/AVIATOR/third_party/coal-3.0.4/include/coal/narrowphase/narrowphase.h:313:16: note: ‘distance’ declared here
  313 |     CoalScalar distance;
      |                ^~~~~~~~
In member function ‘coal::CoalScalar coal::GJKSolver::shapeDistance(const S1&, const coal::Transform3s&, const S2&, const coal::Transform3s&, bool, coal::Vec3s&, coal::Vec3s&, coal::Vec3s&) const [with S1 = coal::ConvexBase; S2 = coal::Cone]’,
    inlined from ‘static coal::CoalScalar coal::ShapeShapeDistancer<ShapeType1, ShapeType2>::run(const coal::CollisionGeometry*, const coal::Transform3s&, const coal::CollisionGeometry*, const coal::Transform3s&, const coal::GJKSolver*, bool, coal::Vec3s&, coal::Vec3s&, coal::Vec3s&) [with ShapeType1 = coal::ConvexBase; ShapeType2 = coal::Cone]’ at /home/rocos/sia/AVIATOR/third_party/coal-3.0.4/include/coal/internal/shape_shape_func.h:80:34,
    inlined from ‘coal::CoalScalar coal::internal::ShapeShapeDistance(const coal::CollisionGeometry*, const coal::Transform3s&, const coal::CollisionGeometry*, const coal::Transform3s&, const coal::GJKSolver*, bool, coal::Vec3s&, coal::Vec3s&, coal::Vec3s&) [with ShapeType1 = coal::ConvexBase; ShapeType2 = coal::Cone]’ at /home/rocos/sia/AVIATOR/third_party/coal-3.0.4/include/coal/internal/shape_shape_func.h:121:66,
    inlined from ‘static std::size_t coal::ShapeShapeCollider<ShapeType1, ShapeType2>::run(const coal::CollisionGeometry*, const coal::Transform3s&, const coal::CollisionGeometry*, const coal::Transform3s&, const coal::GJKSolver*, const coal::CollisionRequest&, coal::CollisionResult&) [with ShapeType1 = coal::ConvexBase; ShapeType2 = coal::Cone]’ at /home/rocos/sia/AVIATOR/third_party/coal-3.0.4/include/coal/internal/shape_shape_func.h:147:79:
/home/rocos/sia/AVIATOR/third_party/coal-3.0.4/include/coal/narrowphase/narrowphase.h:316:12: warning: ‘distance’ may be used uninitialized [-Wmaybe-uninitialized]
  316 |     return distance;
      |            ^~~~~~~~
/home/rocos/sia/AVIATOR/third_party/coal-3.0.4/include/coal/narrowphase/narrowphase.h: In static member function ‘static std::size_t coal::ShapeShapeCollider<ShapeType1, ShapeType2>::run(const coal::CollisionGeometry*, const coal::Transform3s&, const coal::CollisionGeometry*, const coal::Transform3s&, const coal::GJKSolver*, const coal::CollisionRequest&, coal::CollisionResult&) [with ShapeType1 = coal::ConvexBase; ShapeType2 = coal::Cone]’:
/home/rocos/sia/AVIATOR/third_party/coal-3.0.4/include/coal/narrowphase/narrowphase.h:313:16: note: ‘distance’ declared here
  313 |     CoalScalar distance;
      |                ^~~~~~~~
In member function ‘coal::CoalScalar coal::GJKSolver::shapeDistance(const S1&, const coal::Transform3s&, const S2&, const coal::Transform3s&, bool, coal::Vec3s&, coal::Vec3s&, coal::Vec3s&) const [with S1 = coal::ConvexBase; S2 = coal::Capsule]’,
    inlined from ‘static coal::CoalScalar coal::ShapeShapeDistancer<ShapeType1, ShapeType2>::run(const coal::CollisionGeometry*, const coal::Transform3s&, const coal::CollisionGeometry*, const coal::Transform3s&, const coal::GJKSolver*, bool, coal::Vec3s&, coal::Vec3s&, coal::Vec3s&) [with ShapeType1 = coal::ConvexBase; ShapeType2 = coal::Capsule]’ at /home/rocos/sia/AVIATOR/third_party/coal-3.0.4/include/coal/internal/shape_shape_func.h:80:34,
    inlined from ‘coal::CoalScalar coal::internal::ShapeShapeDistance(const coal::CollisionGeometry*, const coal::Transform3s&, const coal::CollisionGeometry*, const coal::Transform3s&, const coal::GJKSolver*, bool, coal::Vec3s&, coal::Vec3s&, coal::Vec3s&) [with ShapeType1 = coal::ConvexBase; ShapeType2 = coal::Capsule]’ at /home/rocos/sia/AVIATOR/third_party/coal-3.0.4/include/coal/internal/shape_shape_func.h:121:66,
    inlined from ‘static std::size_t coal::ShapeShapeCollider<ShapeType1, ShapeType2>::run(const coal::CollisionGeometry*, const coal::Transform3s&, const coal::CollisionGeometry*, const coal::Transform3s&, const coal::GJKSolver*, const coal::CollisionRequest&, coal::CollisionResult&) [with ShapeType1 = coal::ConvexBase; ShapeType2 = coal::Capsule]’ at /home/rocos/sia/AVIATOR/third_party/coal-3.0.4/include/coal/internal/shape_shape_func.h:147:79:
/home/rocos/sia/AVIATOR/third_party/coal-3.0.4/include/coal/narrowphase/narrowphase.h:316:12: warning: ‘distance’ may be used uninitialized [-Wmaybe-uninitialized]
  316 |     return distance;
      |            ^~~~~~~~
/home/rocos/sia/AVIATOR/third_party/coal-3.0.4/include/coal/narrowphase/narrowphase.h: In static member function ‘static std::size_t coal::ShapeShapeCollider<ShapeType1, ShapeType2>::run(const coal::CollisionGeometry*, const coal::Transform3s&, const coal::CollisionGeometry*, const coal::Transform3s&, const coal::GJKSolver*, const coal::CollisionRequest&, coal::CollisionResult&) [with ShapeType1 = coal::ConvexBase; ShapeType2 = coal::Capsule]’:
/home/rocos/sia/AVIATOR/third_party/coal-3.0.4/include/coal/narrowphase/narrowphase.h:313:16: note: ‘distance’ declared here
  313 |     CoalScalar distance;
      |                ^~~~~~~~
In member function ‘coal::CoalScalar coal::GJKSolver::shapeDistance(const S1&, const coal::Transform3s&, const S2&, const coal::Transform3s&, bool, coal::Vec3s&, coal::Vec3s&, coal::Vec3s&) const [with S1 = coal::ConvexBase; S2 = coal::Capsule]’,
    inlined from ‘static coal::CoalScalar coal::ShapeShapeDistancer<ShapeType1, ShapeType2>::run(const coal::CollisionGeometry*, const coal::Transform3s&, const coal::CollisionGeometry*, const coal::Transform3s&, const coal::GJKSolver*, bool, coal::Vec3s&, coal::Vec3s&, coal::Vec3s&) [with ShapeType1 = coal::ConvexBase; ShapeType2 = coal::Capsule]’ at /home/rocos/sia/AVIATOR/third_party/coal-3.0.4/include/coal/internal/shape_shape_func.h:80:34,
    inlined from ‘coal::CoalScalar coal::internal::ShapeShapeDistance(const coal::CollisionGeometry*, const coal::Transform3s&, const coal::CollisionGeometry*, const coal::Transform3s&, const coal::GJKSolver*, bool, coal::Vec3s&, coal::Vec3s&, coal::Vec3s&) [with ShapeType1 = coal::ConvexBase; ShapeType2 = coal::Capsule]’ at /home/rocos/sia/AVIATOR/third_party/coal-3.0.4/include/coal/internal/shape_shape_func.h:121:66,
    inlined from ‘static std::size_t coal::ShapeShapeCollider<ShapeType1, ShapeType2>::run(const coal::CollisionGeometry*, const coal::Transform3s&, const coal::CollisionGeometry*, const coal::Transform3s&, const coal::GJKSolver*, const coal::CollisionRequest&, coal::CollisionResult&) [with ShapeType1 = coal::ConvexBase; ShapeType2 = coal::Capsule]’ at /home/rocos/sia/AVIATOR/third_party/coal-3.0.4/include/coal/internal/shape_shape_func.h:147:79:
/home/rocos/sia/AVIATOR/third_party/coal-3.0.4/include/coal/narrowphase/narrowphase.h:316:12: warning: ‘distance’ may be used uninitialized [-Wmaybe-uninitialized]
  316 |     return distance;
      |            ^~~~~~~~
/home/rocos/sia/AVIATOR/third_party/coal-3.0.4/include/coal/narrowphase/narrowphase.h: In static member function ‘static std::size_t coal::ShapeShapeCollider<ShapeType1, ShapeType2>::run(const coal::CollisionGeometry*, const coal::Transform3s&, const coal::CollisionGeometry*, const coal::Transform3s&, const coal::GJKSolver*, const coal::CollisionRequest&, coal::CollisionResult&) [with ShapeType1 = coal::ConvexBase; ShapeType2 = coal::Capsule]’:
/home/rocos/sia/AVIATOR/third_party/coal-3.0.4/include/coal/narrowphase/narrowphase.h:313:16: note: ‘distance’ declared here
  313 |     CoalScalar distance;
      |                ^~~~~~~~
In member function ‘coal::CoalScalar coal::GJKSolver::shapeDistance(const S1&, const coal::Transform3s&, const S2&, const coal::Transform3s&, bool, coal::Vec3s&, coal::Vec3s&, coal::Vec3s&) const [with S1 = coal::ConvexBase; S2 = coal::Sphere]’,
    inlined from ‘static coal::CoalScalar coal::ShapeShapeDistancer<ShapeType1, ShapeType2>::run(const coal::CollisionGeometry*, const coal::Transform3s&, const coal::CollisionGeometry*, const coal::Transform3s&, const coal::GJKSolver*, bool, coal::Vec3s&, coal::Vec3s&, coal::Vec3s&) [with ShapeType1 = coal::ConvexBase; ShapeType2 = coal::Sphere]’ at /home/rocos/sia/AVIATOR/third_party/coal-3.0.4/include/coal/internal/shape_shape_func.h:80:34,
    inlined from ‘coal::CoalScalar coal::internal::ShapeShapeDistance(const coal::CollisionGeometry*, const coal::Transform3s&, const coal::CollisionGeometry*, const coal::Transform3s&, const coal::GJKSolver*, bool, coal::Vec3s&, coal::Vec3s&, coal::Vec3s&) [with ShapeType1 = coal::ConvexBase; ShapeType2 = coal::Sphere]’ at /home/rocos/sia/AVIATOR/third_party/coal-3.0.4/include/coal/internal/shape_shape_func.h:121:66,
    inlined from ‘static std::size_t coal::ShapeShapeCollider<ShapeType1, ShapeType2>::run(const coal::CollisionGeometry*, const coal::Transform3s&, const coal::CollisionGeometry*, const coal::Transform3s&, const coal::GJKSolver*, const coal::CollisionRequest&, coal::CollisionResult&) [with ShapeType1 = coal::ConvexBase; ShapeType2 = coal::Sphere]’ at /home/rocos/sia/AVIATOR/third_party/coal-3.0.4/include/coal/internal/shape_shape_func.h:147:79:
/home/rocos/sia/AVIATOR/third_party/coal-3.0.4/include/coal/narrowphase/narrowphase.h:316:12: warning: ‘distance’ may be used uninitialized [-Wmaybe-uninitialized]
  316 |     return distance;
      |            ^~~~~~~~
/home/rocos/sia/AVIATOR/third_party/coal-3.0.4/include/coal/narrowphase/narrowphase.h: In static member function ‘static std::size_t coal::ShapeShapeCollider<ShapeType1, ShapeType2>::run(const coal::CollisionGeometry*, const coal::Transform3s&, const coal::CollisionGeometry*, const coal::Transform3s&, const coal::GJKSolver*, const coal::CollisionRequest&, coal::CollisionResult&) [with ShapeType1 = coal::ConvexBase; ShapeType2 = coal::Sphere]’:
/home/rocos/sia/AVIATOR/third_party/coal-3.0.4/include/coal/narrowphase/narrowphase.h:313:16: note: ‘distance’ declared here
  313 |     CoalScalar distance;
      |                ^~~~~~~~
In member function ‘coal::CoalScalar coal::GJKSolver::shapeDistance(const S1&, const coal::Transform3s&, const S2&, const coal::Transform3s&, bool, coal::Vec3s&, coal::Vec3s&, coal::Vec3s&) const [with S1 = coal::ConvexBase; S2 = coal::Sphere]’,
    inlined from ‘static coal::CoalScalar coal::ShapeShapeDistancer<ShapeType1, ShapeType2>::run(const coal::CollisionGeometry*, const coal::Transform3s&, const coal::CollisionGeometry*, const coal::Transform3s&, const coal::GJKSolver*, bool, coal::Vec3s&, coal::Vec3s&, coal::Vec3s&) [with ShapeType1 = coal::ConvexBase; ShapeType2 = coal::Sphere]’ at /home/rocos/sia/AVIATOR/third_party/coal-3.0.4/include/coal/internal/shape_shape_func.h:80:34,
    inlined from ‘coal::CoalScalar coal::internal::ShapeShapeDistance(const coal::CollisionGeometry*, const coal::Transform3s&, const coal::CollisionGeometry*, const coal::Transform3s&, const coal::GJKSolver*, bool, coal::Vec3s&, coal::Vec3s&, coal::Vec3s&) [with ShapeType1 = coal::ConvexBase; ShapeType2 = coal::Sphere]’ at /home/rocos/sia/AVIATOR/third_party/coal-3.0.4/include/coal/internal/shape_shape_func.h:121:66,
    inlined from ‘static std::size_t coal::ShapeShapeCollider<ShapeType1, ShapeType2>::run(const coal::CollisionGeometry*, const coal::Transform3s&, const coal::CollisionGeometry*, const coal::Transform3s&, const coal::GJKSolver*, const coal::CollisionRequest&, coal::CollisionResult&) [with ShapeType1 = coal::ConvexBase; ShapeType2 = coal::Sphere]’ at /home/rocos/sia/AVIATOR/third_party/coal-3.0.4/include/coal/internal/shape_shape_func.h:147:79:
/home/rocos/sia/AVIATOR/third_party/coal-3.0.4/include/coal/narrowphase/narrowphase.h:316:12: warning: ‘distance’ may be used uninitialized [-Wmaybe-uninitialized]
  316 |     return distance;
      |            ^~~~~~~~
/home/rocos/sia/AVIATOR/third_party/coal-3.0.4/include/coal/narrowphase/narrowphase.h: In static member function ‘static std::size_t coal::ShapeShapeCollider<ShapeType1, ShapeType2>::run(const coal::CollisionGeometry*, const coal::Transform3s&, const coal::CollisionGeometry*, const coal::Transform3s&, const coal::GJKSolver*, const coal::CollisionRequest&, coal::CollisionResult&) [with ShapeType1 = coal::ConvexBase; ShapeType2 = coal::Sphere]’:
/home/rocos/sia/AVIATOR/third_party/coal-3.0.4/include/coal/narrowphase/narrowphase.h:313:16: note: ‘distance’ declared here
  313 |     CoalScalar distance;
      |                ^~~~~~~~
In member function ‘coal::CoalScalar coal::GJKSolver::shapeDistance(const S1&, const coal::Transform3s&, const S2&, const coal::Transform3s&, bool, coal::Vec3s&, coal::Vec3s&, coal::Vec3s&) const [with S1 = coal::ConvexBase; S2 = coal::Box]’,
    inlined from ‘static coal::CoalScalar coal::ShapeShapeDistancer<ShapeType1, ShapeType2>::run(const coal::CollisionGeometry*, const coal::Transform3s&, const coal::CollisionGeometry*, const coal::Transform3s&, const coal::GJKSolver*, bool, coal::Vec3s&, coal::Vec3s&, coal::Vec3s&) [with ShapeType1 = coal::ConvexBase; ShapeType2 = coal::Box]’ at /home/rocos/sia/AVIATOR/third_party/coal-3.0.4/include/coal/internal/shape_shape_func.h:80:34,
    inlined from ‘coal::CoalScalar coal::internal::ShapeShapeDistance(const coal::CollisionGeometry*, const coal::Transform3s&, const coal::CollisionGeometry*, const coal::Transform3s&, const coal::GJKSolver*, bool, coal::Vec3s&, coal::Vec3s&, coal::Vec3s&) [with ShapeType1 = coal::ConvexBase; ShapeType2 = coal::Box]’ at /home/rocos/sia/AVIATOR/third_party/coal-3.0.4/include/coal/internal/shape_shape_func.h:121:66,
    inlined from ‘static std::size_t coal::ShapeShapeCollider<ShapeType1, ShapeType2>::run(const coal::CollisionGeometry*, const coal::Transform3s&, const coal::CollisionGeometry*, const coal::Transform3s&, const coal::GJKSolver*, const coal::CollisionRequest&, coal::CollisionResult&) [with ShapeType1 = coal::ConvexBase; ShapeType2 = coal::Box]’ at /home/rocos/sia/AVIATOR/third_party/coal-3.0.4/include/coal/internal/shape_shape_func.h:147:79:
/home/rocos/sia/AVIATOR/third_party/coal-3.0.4/include/coal/narrowphase/narrowphase.h:316:12: warning: ‘distance’ may be used uninitialized [-Wmaybe-uninitialized]
  316 |     return distance;
      |            ^~~~~~~~
/home/rocos/sia/AVIATOR/third_party/coal-3.0.4/include/coal/narrowphase/narrowphase.h: In static member function ‘static std::size_t coal::ShapeShapeCollider<ShapeType1, ShapeType2>::run(const coal::CollisionGeometry*, const coal::Transform3s&, const coal::CollisionGeometry*, const coal::Transform3s&, const coal::GJKSolver*, const coal::CollisionRequest&, coal::CollisionResult&) [with ShapeType1 = coal::ConvexBase; ShapeType2 = coal::Box]’:
/home/rocos/sia/AVIATOR/third_party/coal-3.0.4/include/coal/narrowphase/narrowphase.h:313:16: note: ‘distance’ declared here
  313 |     CoalScalar distance;
      |                ^~~~~~~~
In member function ‘coal::CoalScalar coal::GJKSolver::shapeDistance(const S1&, const coal::Transform3s&, const S2&, const coal::Transform3s&, bool, coal::Vec3s&, coal::Vec3s&, coal::Vec3s&) const [with S1 = coal::ConvexBase; S2 = coal::Box]’,
    inlined from ‘static coal::CoalScalar coal::ShapeShapeDistancer<ShapeType1, ShapeType2>::run(const coal::CollisionGeometry*, const coal::Transform3s&, const coal::CollisionGeometry*, const coal::Transform3s&, const coal::GJKSolver*, bool, coal::Vec3s&, coal::Vec3s&, coal::Vec3s&) [with ShapeType1 = coal::ConvexBase; ShapeType2 = coal::Box]’ at /home/rocos/sia/AVIATOR/third_party/coal-3.0.4/include/coal/internal/shape_shape_func.h:80:34,
    inlined from ‘coal::CoalScalar coal::internal::ShapeShapeDistance(const coal::CollisionGeometry*, const coal::Transform3s&, const coal::CollisionGeometry*, const coal::Transform3s&, const coal::GJKSolver*, bool, coal::Vec3s&, coal::Vec3s&, coal::Vec3s&) [with ShapeType1 = coal::ConvexBase; ShapeType2 = coal::Box]’ at /home/rocos/sia/AVIATOR/third_party/coal-3.0.4/include/coal/internal/shape_shape_func.h:121:66,
    inlined from ‘static std::size_t coal::ShapeShapeCollider<ShapeType1, ShapeType2>::run(const coal::CollisionGeometry*, const coal::Transform3s&, const coal::CollisionGeometry*, const coal::Transform3s&, const coal::GJKSolver*, const coal::CollisionRequest&, coal::CollisionResult&) [with ShapeType1 = coal::ConvexBase; ShapeType2 = coal::Box]’ at /home/rocos/sia/AVIATOR/third_party/coal-3.0.4/include/coal/internal/shape_shape_func.h:147:79:
/home/rocos/sia/AVIATOR/third_party/coal-3.0.4/include/coal/narrowphase/narrowphase.h:316:12: warning: ‘distance’ may be used uninitialized [-Wmaybe-uninitialized]
  316 |     return distance;
      |            ^~~~~~~~
/home/rocos/sia/AVIATOR/third_party/coal-3.0.4/include/coal/narrowphase/narrowphase.h: In static member function ‘static std::size_t coal::ShapeShapeCollider<ShapeType1, ShapeType2>::run(const coal::CollisionGeometry*, const coal::Transform3s&, const coal::CollisionGeometry*, const coal::Transform3s&, const coal::GJKSolver*, const coal::CollisionRequest&, coal::CollisionResult&) [with ShapeType1 = coal::ConvexBase; ShapeType2 = coal::Box]’:
/home/rocos/sia/AVIATOR/third_party/coal-3.0.4/include/coal/narrowphase/narrowphase.h:313:16: note: ‘distance’ declared here
  313 |     CoalScalar distance;
      |                ^~~~~~~~
In member function ‘coal::CoalScalar coal::GJKSolver::shapeDistance(const S1&, const coal::Transform3s&, const S2&, const coal::Transform3s&, bool, coal::Vec3s&, coal::Vec3s&, coal::Vec3s&) const [with S1 = coal::Cylinder; S2 = coal::Ellipsoid]’,
    inlined from ‘static coal::CoalScalar coal::ShapeShapeDistancer<ShapeType1, ShapeType2>::run(const coal::CollisionGeometry*, const coal::Transform3s&, const coal::CollisionGeometry*, const coal::Transform3s&, const coal::GJKSolver*, bool, coal::Vec3s&, coal::Vec3s&, coal::Vec3s&) [with ShapeType1 = coal::Cylinder; ShapeType2 = coal::Ellipsoid]’ at /home/rocos/sia/AVIATOR/third_party/coal-3.0.4/include/coal/internal/shape_shape_func.h:80:34,
    inlined from ‘coal::CoalScalar coal::internal::ShapeShapeDistance(const coal::CollisionGeometry*, const coal::Transform3s&, const coal::CollisionGeometry*, const coal::Transform3s&, const coal::GJKSolver*, bool, coal::Vec3s&, coal::Vec3s&, coal::Vec3s&) [with ShapeType1 = coal::Cylinder; ShapeType2 = coal::Ellipsoid]’ at /home/rocos/sia/AVIATOR/third_party/coal-3.0.4/include/coal/internal/shape_shape_func.h:121:66,
    inlined from ‘static std::size_t coal::ShapeShapeCollider<ShapeType1, ShapeType2>::run(const coal::CollisionGeometry*, const coal::Transform3s&, const coal::CollisionGeometry*, const coal::Transform3s&, const coal::GJKSolver*, const coal::CollisionRequest&, coal::CollisionResult&) [with ShapeType1 = coal::Cylinder; ShapeType2 = coal::Ellipsoid]’ at /home/rocos/sia/AVIATOR/third_party/coal-3.0.4/include/coal/internal/shape_shape_func.h:147:79:
/home/rocos/sia/AVIATOR/third_party/coal-3.0.4/include/coal/narrowphase/narrowphase.h:316:12: warning: ‘distance’ may be used uninitialized [-Wmaybe-uninitialized]
  316 |     return distance;
      |            ^~~~~~~~
/home/rocos/sia/AVIATOR/third_party/coal-3.0.4/include/coal/narrowphase/narrowphase.h: In static member function ‘static std::size_t coal::ShapeShapeCollider<ShapeType1, ShapeType2>::run(const coal::CollisionGeometry*, const coal::Transform3s&, const coal::CollisionGeometry*, const coal::Transform3s&, const coal::GJKSolver*, const coal::CollisionRequest&, coal::CollisionResult&) [with ShapeType1 = coal::Cylinder; ShapeType2 = coal::Ellipsoid]’:
/home/rocos/sia/AVIATOR/third_party/coal-3.0.4/include/coal/narrowphase/narrowphase.h:313:16: note: ‘distance’ declared here
  313 |     CoalScalar distance;
      |                ^~~~~~~~
In member function ‘coal::CoalScalar coal::GJKSolver::shapeDistance(const S1&, const coal::Transform3s&, const S2&, const coal::Transform3s&, bool, coal::Vec3s&, coal::Vec3s&, coal::Vec3s&) const [with S1 = coal::Cylinder; S2 = coal::Ellipsoid]’,
    inlined from ‘static coal::CoalScalar coal::ShapeShapeDistancer<ShapeType1, ShapeType2>::run(const coal::CollisionGeometry*, const coal::Transform3s&, const coal::CollisionGeometry*, const coal::Transform3s&, const coal::GJKSolver*, bool, coal::Vec3s&, coal::Vec3s&, coal::Vec3s&) [with ShapeType1 = coal::Cylinder; ShapeType2 = coal::Ellipsoid]’ at /home/rocos/sia/AVIATOR/third_party/coal-3.0.4/include/coal/internal/shape_shape_func.h:80:34,
    inlined from ‘coal::CoalScalar coal::internal::ShapeShapeDistance(const coal::CollisionGeometry*, const coal::Transform3s&, const coal::CollisionGeometry*, const coal::Transform3s&, const coal::GJKSolver*, bool, coal::Vec3s&, coal::Vec3s&, coal::Vec3s&) [with ShapeType1 = coal::Cylinder; ShapeType2 = coal::Ellipsoid]’ at /home/rocos/sia/AVIATOR/third_party/coal-3.0.4/include/coal/internal/shape_shape_func.h:121:66,
    inlined from ‘static std::size_t coal::ShapeShapeCollider<ShapeType1, ShapeType2>::run(const coal::CollisionGeometry*, const coal::Transform3s&, const coal::CollisionGeometry*, const coal::Transform3s&, const coal::GJKSolver*, const coal::CollisionRequest&, coal::CollisionResult&) [with ShapeType1 = coal::Cylinder; ShapeType2 = coal::Ellipsoid]’ at /home/rocos/sia/AVIATOR/third_party/coal-3.0.4/include/coal/internal/shape_shape_func.h:147:79:
/home/rocos/sia/AVIATOR/third_party/coal-3.0.4/include/coal/narrowphase/narrowphase.h:316:12: warning: ‘distance’ may be used uninitialized [-Wmaybe-uninitialized]
  316 |     return distance;
      |            ^~~~~~~~
/home/rocos/sia/AVIATOR/third_party/coal-3.0.4/include/coal/narrowphase/narrowphase.h: In static member function ‘static std::size_t coal::ShapeShapeCollider<ShapeType1, ShapeType2>::run(const coal::CollisionGeometry*, const coal::Transform3s&, const coal::CollisionGeometry*, const coal::Transform3s&, const coal::GJKSolver*, const coal::CollisionRequest&, coal::CollisionResult&) [with ShapeType1 = coal::Cylinder; ShapeType2 = coal::Ellipsoid]’:
/home/rocos/sia/AVIATOR/third_party/coal-3.0.4/include/coal/narrowphase/narrowphase.h:313:16: note: ‘distance’ declared here
  313 |     CoalScalar distance;
      |                ^~~~~~~~
In member function ‘coal::CoalScalar coal::GJKSolver::shapeDistance(const S1&, const coal::Transform3s&, const S2&, const coal::Transform3s&, bool, coal::Vec3s&, coal::Vec3s&, coal::Vec3s&) const [with S1 = coal::Cylinder; S2 = coal::ConvexBase]’,
    inlined from ‘static coal::CoalScalar coal::ShapeShapeDistancer<ShapeType1, ShapeType2>::run(const coal::CollisionGeometry*, const coal::Transform3s&, const coal::CollisionGeometry*, const coal::Transform3s&, const coal::GJKSolver*, bool, coal::Vec3s&, coal::Vec3s&, coal::Vec3s&) [with ShapeType1 = coal::Cylinder; ShapeType2 = coal::ConvexBase]’ at /home/rocos/sia/AVIATOR/third_party/coal-3.0.4/include/coal/internal/shape_shape_func.h:80:34,
    inlined from ‘coal::CoalScalar coal::internal::ShapeShapeDistance(const coal::CollisionGeometry*, const coal::Transform3s&, const coal::CollisionGeometry*, const coal::Transform3s&, const coal::GJKSolver*, bool, coal::Vec3s&, coal::Vec3s&, coal::Vec3s&) [with ShapeType1 = coal::Cylinder; ShapeType2 = coal::ConvexBase]’ at /home/rocos/sia/AVIATOR/third_party/coal-3.0.4/include/coal/internal/shape_shape_func.h:121:66,
    inlined from ‘static std::size_t coal::ShapeShapeCollider<ShapeType1, ShapeType2>::run(const coal::CollisionGeometry*, const coal::Transform3s&, const coal::CollisionGeometry*, const coal::Transform3s&, const coal::GJKSolver*, const coal::CollisionRequest&, coal::CollisionResult&) [with ShapeType1 = coal::Cylinder; ShapeType2 = coal::ConvexBase]’ at /home/rocos/sia/AVIATOR/third_party/coal-3.0.4/include/coal/internal/shape_shape_func.h:147:79:
/home/rocos/sia/AVIATOR/third_party/coal-3.0.4/include/coal/narrowphase/narrowphase.h:316:12: warning: ‘distance’ may be used uninitialized [-Wmaybe-uninitialized]
  316 |     return distance;
      |            ^~~~~~~~
/home/rocos/sia/AVIATOR/third_party/coal-3.0.4/include/coal/narrowphase/narrowphase.h: In static member function ‘static std::size_t coal::ShapeShapeCollider<ShapeType1, ShapeType2>::run(const coal::CollisionGeometry*, const coal::Transform3s&, const coal::CollisionGeometry*, const coal::Transform3s&, const coal::GJKSolver*, const coal::CollisionRequest&, coal::CollisionResult&) [with ShapeType1 = coal::Cylinder; ShapeType2 = coal::ConvexBase]’:
/home/rocos/sia/AVIATOR/third_party/coal-3.0.4/include/coal/narrowphase/narrowphase.h:313:16: note: ‘distance’ declared here
  313 |     CoalScalar distance;
      |                ^~~~~~~~
In member function ‘coal::CoalScalar coal::GJKSolver::shapeDistance(const S1&, const coal::Transform3s&, const S2&, const coal::Transform3s&, bool, coal::Vec3s&, coal::Vec3s&, coal::Vec3s&) const [with S1 = coal::Cylinder; S2 = coal::ConvexBase]’,
    inlined from ‘static coal::CoalScalar coal::ShapeShapeDistancer<ShapeType1, ShapeType2>::run(const coal::CollisionGeometry*, const coal::Transform3s&, const coal::CollisionGeometry*, const coal::Transform3s&, const coal::GJKSolver*, bool, coal::Vec3s&, coal::Vec3s&, coal::Vec3s&) [with ShapeType1 = coal::Cylinder; ShapeType2 = coal::ConvexBase]’ at /home/rocos/sia/AVIATOR/third_party/coal-3.0.4/include/coal/internal/shape_shape_func.h:80:34,
    inlined from ‘coal::CoalScalar coal::internal::ShapeShapeDistance(const coal::CollisionGeometry*, const coal::Transform3s&, const coal::CollisionGeometry*, const coal::Transform3s&, const coal::GJKSolver*, bool, coal::Vec3s&, coal::Vec3s&, coal::Vec3s&) [with ShapeType1 = coal::Cylinder; ShapeType2 = coal::ConvexBase]’ at /home/rocos/sia/AVIATOR/third_party/coal-3.0.4/include/coal/internal/shape_shape_func.h:121:66,
    inlined from ‘static std::size_t coal::ShapeShapeCollider<ShapeType1, ShapeType2>::run(const coal::CollisionGeometry*, const coal::Transform3s&, const coal::CollisionGeometry*, const coal::Transform3s&, const coal::GJKSolver*, const coal::CollisionRequest&, coal::CollisionResult&) [with ShapeType1 = coal::Cylinder; ShapeType2 = coal::ConvexBase]’ at /home/rocos/sia/AVIATOR/third_party/coal-3.0.4/include/coal/internal/shape_shape_func.h:147:79:
/home/rocos/sia/AVIATOR/third_party/coal-3.0.4/include/coal/narrowphase/narrowphase.h:316:12: warning: ‘distance’ may be used uninitialized [-Wmaybe-uninitialized]
  316 |     return distance;
      |            ^~~~~~~~
/home/rocos/sia/AVIATOR/third_party/coal-3.0.4/include/coal/narrowphase/narrowphase.h: In static member function ‘static std::size_t coal::ShapeShapeCollider<ShapeType1, ShapeType2>::run(const coal::CollisionGeometry*, const coal::Transform3s&, const coal::CollisionGeometry*, const coal::Transform3s&, const coal::GJKSolver*, const coal::CollisionRequest&, coal::CollisionResult&) [with ShapeType1 = coal::Cylinder; ShapeType2 = coal::ConvexBase]’:
/home/rocos/sia/AVIATOR/third_party/coal-3.0.4/include/coal/narrowphase/narrowphase.h:313:16: note: ‘distance’ declared here
  313 |     CoalScalar distance;
      |                ^~~~~~~~
In member function ‘coal::CoalScalar coal::GJKSolver::shapeDistance(const S1&, const coal::Transform3s&, const S2&, const coal::Transform3s&, bool, coal::Vec3s&, coal::Vec3s&, coal::Vec3s&) const [with S1 = coal::Cylinder; S2 = coal::Cylinder]’,
    inlined from ‘static coal::CoalScalar coal::ShapeShapeDistancer<ShapeType1, ShapeType2>::run(const coal::CollisionGeometry*, const coal::Transform3s&, const coal::CollisionGeometry*, const coal::Transform3s&, const coal::GJKSolver*, bool, coal::Vec3s&, coal::Vec3s&, coal::Vec3s&) [with ShapeType1 = coal::Cylinder; ShapeType2 = coal::Cylinder]’ at /home/rocos/sia/AVIATOR/third_party/coal-3.0.4/include/coal/internal/shape_shape_func.h:80:34,
    inlined from ‘coal::CoalScalar coal::internal::ShapeShapeDistance(const coal::CollisionGeometry*, const coal::Transform3s&, const coal::CollisionGeometry*, const coal::Transform3s&, const coal::GJKSolver*, bool, coal::Vec3s&, coal::Vec3s&, coal::Vec3s&) [with ShapeType1 = coal::Cylinder; ShapeType2 = coal::Cylinder]’ at /home/rocos/sia/AVIATOR/third_party/coal-3.0.4/include/coal/internal/shape_shape_func.h:121:66,
    inlined from ‘static std::size_t coal::ShapeShapeCollider<ShapeType1, ShapeType2>::run(const coal::CollisionGeometry*, const coal::Transform3s&, const coal::CollisionGeometry*, const coal::Transform3s&, const coal::GJKSolver*, const coal::CollisionRequest&, coal::CollisionResult&) [with ShapeType1 = coal::Cylinder; ShapeType2 = coal::Cylinder]’ at /home/rocos/sia/AVIATOR/third_party/coal-3.0.4/include/coal/internal/shape_shape_func.h:147:79:
/home/rocos/sia/AVIATOR/third_party/coal-3.0.4/include/coal/narrowphase/narrowphase.h:316:12: warning: ‘distance’ may be used uninitialized [-Wmaybe-uninitialized]
  316 |     return distance;
      |            ^~~~~~~~
/home/rocos/sia/AVIATOR/third_party/coal-3.0.4/include/coal/narrowphase/narrowphase.h: In static member function ‘static std::size_t coal::ShapeShapeCollider<ShapeType1, ShapeType2>::run(const coal::CollisionGeometry*, const coal::Transform3s&, const coal::CollisionGeometry*, const coal::Transform3s&, const coal::GJKSolver*, const coal::CollisionRequest&, coal::CollisionResult&) [with ShapeType1 = coal::Cylinder; ShapeType2 = coal::Cylinder]’:
/home/rocos/sia/AVIATOR/third_party/coal-3.0.4/include/coal/narrowphase/narrowphase.h:313:16: note: ‘distance’ declared here
  313 |     CoalScalar distance;
      |                ^~~~~~~~
In member function ‘coal::CoalScalar coal::GJKSolver::shapeDistance(const S1&, const coal::Transform3s&, const S2&, const coal::Transform3s&, bool, coal::Vec3s&, coal::Vec3s&, coal::Vec3s&) const [with S1 = coal::Cylinder; S2 = coal::Cylinder]’,
    inlined from ‘static coal::CoalScalar coal::ShapeShapeDistancer<ShapeType1, ShapeType2>::run(const coal::CollisionGeometry*, const coal::Transform3s&, const coal::CollisionGeometry*, const coal::Transform3s&, const coal::GJKSolver*, bool, coal::Vec3s&, coal::Vec3s&, coal::Vec3s&) [with ShapeType1 = coal::Cylinder; ShapeType2 = coal::Cylinder]’ at /home/rocos/sia/AVIATOR/third_party/coal-3.0.4/include/coal/internal/shape_shape_func.h:80:34,
    inlined from ‘coal::CoalScalar coal::internal::ShapeShapeDistance(const coal::CollisionGeometry*, const coal::Transform3s&, const coal::CollisionGeometry*, const coal::Transform3s&, const coal::GJKSolver*, bool, coal::Vec3s&, coal::Vec3s&, coal::Vec3s&) [with ShapeType1 = coal::Cylinder; ShapeType2 = coal::Cylinder]’ at /home/rocos/sia/AVIATOR/third_party/coal-3.0.4/include/coal/internal/shape_shape_func.h:121:66,
    inlined from ‘static std::size_t coal::ShapeShapeCollider<ShapeType1, ShapeType2>::run(const coal::CollisionGeometry*, const coal::Transform3s&, const coal::CollisionGeometry*, const coal::Transform3s&, const coal::GJKSolver*, const coal::CollisionRequest&, coal::CollisionResult&) [with ShapeType1 = coal::Cylinder; ShapeType2 = coal::Cylinder]’ at /home/rocos/sia/AVIATOR/third_party/coal-3.0.4/include/coal/internal/shape_shape_func.h:147:79:
/home/rocos/sia/AVIATOR/third_party/coal-3.0.4/include/coal/narrowphase/narrowphase.h:316:12: warning: ‘distance’ may be used uninitialized [-Wmaybe-uninitialized]
  316 |     return distance;
      |            ^~~~~~~~
/home/rocos/sia/AVIATOR/third_party/coal-3.0.4/include/coal/narrowphase/narrowphase.h: In static member function ‘static std::size_t coal::ShapeShapeCollider<ShapeType1, ShapeType2>::run(const coal::CollisionGeometry*, const coal::Transform3s&, const coal::CollisionGeometry*, const coal::Transform3s&, const coal::GJKSolver*, const coal::CollisionRequest&, coal::CollisionResult&) [with ShapeType1 = coal::Cylinder; ShapeType2 = coal::Cylinder]’:
/home/rocos/sia/AVIATOR/third_party/coal-3.0.4/include/coal/narrowphase/narrowphase.h:313:16: note: ‘distance’ declared here
  313 |     CoalScalar distance;
      |                ^~~~~~~~
In member function ‘coal::CoalScalar coal::GJKSolver::shapeDistance(const S1&, const coal::Transform3s&, const S2&, const coal::Transform3s&, bool, coal::Vec3s&, coal::Vec3s&, coal::Vec3s&) const [with S1 = coal::Cylinder; S2 = coal::Cone]’,
    inlined from ‘static coal::CoalScalar coal::ShapeShapeDistancer<ShapeType1, ShapeType2>::run(const coal::CollisionGeometry*, const coal::Transform3s&, const coal::CollisionGeometry*, const coal::Transform3s&, const coal::GJKSolver*, bool, coal::Vec3s&, coal::Vec3s&, coal::Vec3s&) [with ShapeType1 = coal::Cylinder; ShapeType2 = coal::Cone]’ at /home/rocos/sia/AVIATOR/third_party/coal-3.0.4/include/coal/internal/shape_shape_func.h:80:34,
    inlined from ‘coal::CoalScalar coal::internal::ShapeShapeDistance(const coal::CollisionGeometry*, const coal::Transform3s&, const coal::CollisionGeometry*, const coal::Transform3s&, const coal::GJKSolver*, bool, coal::Vec3s&, coal::Vec3s&, coal::Vec3s&) [with ShapeType1 = coal::Cylinder; ShapeType2 = coal::Cone]’ at /home/rocos/sia/AVIATOR/third_party/coal-3.0.4/include/coal/internal/shape_shape_func.h:121:66,
    inlined from ‘static std::size_t coal::ShapeShapeCollider<ShapeType1, ShapeType2>::run(const coal::CollisionGeometry*, const coal::Transform3s&, const coal::CollisionGeometry*, const coal::Transform3s&, const coal::GJKSolver*, const coal::CollisionRequest&, coal::CollisionResult&) [with ShapeType1 = coal::Cylinder; ShapeType2 = coal::Cone]’ at /home/rocos/sia/AVIATOR/third_party/coal-3.0.4/include/coal/internal/shape_shape_func.h:147:79:
/home/rocos/sia/AVIATOR/third_party/coal-3.0.4/include/coal/narrowphase/narrowphase.h:316:12: warning: ‘distance’ may be used uninitialized [-Wmaybe-uninitialized]
  316 |     return distance;
      |            ^~~~~~~~
/home/rocos/sia/AVIATOR/third_party/coal-3.0.4/include/coal/narrowphase/narrowphase.h: In static member function ‘static std::size_t coal::ShapeShapeCollider<ShapeType1, ShapeType2>::run(const coal::CollisionGeometry*, const coal::Transform3s&, const coal::CollisionGeometry*, const coal::Transform3s&, const coal::GJKSolver*, const coal::CollisionRequest&, coal::CollisionResult&) [with ShapeType1 = coal::Cylinder; ShapeType2 = coal::Cone]’:
/home/rocos/sia/AVIATOR/third_party/coal-3.0.4/include/coal/narrowphase/narrowphase.h:313:16: note: ‘distance’ declared here
  313 |     CoalScalar distance;
      |                ^~~~~~~~
In member function ‘coal::CoalScalar coal::GJKSolver::shapeDistance(const S1&, const coal::Transform3s&, const S2&, const coal::Transform3s&, bool, coal::Vec3s&, coal::Vec3s&, coal::Vec3s&) const [with S1 = coal::Cylinder; S2 = coal::Cone]’,
    inlined from ‘static coal::CoalScalar coal::ShapeShapeDistancer<ShapeType1, ShapeType2>::run(const coal::CollisionGeometry*, const coal::Transform3s&, const coal::CollisionGeometry*, const coal::Transform3s&, const coal::GJKSolver*, bool, coal::Vec3s&, coal::Vec3s&, coal::Vec3s&) [with ShapeType1 = coal::Cylinder; ShapeType2 = coal::Cone]’ at /home/rocos/sia/AVIATOR/third_party/coal-3.0.4/include/coal/internal/shape_shape_func.h:80:34,
    inlined from ‘coal::CoalScalar coal::internal::ShapeShapeDistance(const coal::CollisionGeometry*, const coal::Transform3s&, const coal::CollisionGeometry*, const coal::Transform3s&, const coal::GJKSolver*, bool, coal::Vec3s&, coal::Vec3s&, coal::Vec3s&) [with ShapeType1 = coal::Cylinder; ShapeType2 = coal::Cone]’ at /home/rocos/sia/AVIATOR/third_party/coal-3.0.4/include/coal/internal/shape_shape_func.h:121:66,
    inlined from ‘static std::size_t coal::ShapeShapeCollider<ShapeType1, ShapeType2>::run(const coal::CollisionGeometry*, const coal::Transform3s&, const coal::CollisionGeometry*, const coal::Transform3s&, const coal::GJKSolver*, const coal::CollisionRequest&, coal::CollisionResult&) [with ShapeType1 = coal::Cylinder; ShapeType2 = coal::Cone]’ at /home/rocos/sia/AVIATOR/third_party/coal-3.0.4/include/coal/internal/shape_shape_func.h:147:79:
/home/rocos/sia/AVIATOR/third_party/coal-3.0.4/include/coal/narrowphase/narrowphase.h:316:12: warning: ‘distance’ may be used uninitialized [-Wmaybe-uninitialized]
  316 |     return distance;
      |            ^~~~~~~~
/home/rocos/sia/AVIATOR/third_party/coal-3.0.4/include/coal/narrowphase/narrowphase.h: In static member function ‘static std::size_t coal::ShapeShapeCollider<ShapeType1, ShapeType2>::run(const coal::CollisionGeometry*, const coal::Transform3s&, const coal::CollisionGeometry*, const coal::Transform3s&, const coal::GJKSolver*, const coal::CollisionRequest&, coal::CollisionResult&) [with ShapeType1 = coal::Cylinder; ShapeType2 = coal::Cone]’:
/home/rocos/sia/AVIATOR/third_party/coal-3.0.4/include/coal/narrowphase/narrowphase.h:313:16: note: ‘distance’ declared here
  313 |     CoalScalar distance;
      |                ^~~~~~~~
In member function ‘coal::CoalScalar coal::GJKSolver::shapeDistance(const S1&, const coal::Transform3s&, const S2&, const coal::Transform3s&, bool, coal::Vec3s&, coal::Vec3s&, coal::Vec3s&) const [with S1 = coal::Cylinder; S2 = coal::Capsule]’,
    inlined from ‘static coal::CoalScalar coal::ShapeShapeDistancer<ShapeType1, ShapeType2>::run(const coal::CollisionGeometry*, const coal::Transform3s&, const coal::CollisionGeometry*, const coal::Transform3s&, const coal::GJKSolver*, bool, coal::Vec3s&, coal::Vec3s&, coal::Vec3s&) [with ShapeType1 = coal::Cylinder; ShapeType2 = coal::Capsule]’ at /home/rocos/sia/AVIATOR/third_party/coal-3.0.4/include/coal/internal/shape_shape_func.h:80:34,
    inlined from ‘coal::CoalScalar coal::internal::ShapeShapeDistance(const coal::CollisionGeometry*, const coal::Transform3s&, const coal::CollisionGeometry*, const coal::Transform3s&, const coal::GJKSolver*, bool, coal::Vec3s&, coal::Vec3s&, coal::Vec3s&) [with ShapeType1 = coal::Cylinder; ShapeType2 = coal::Capsule]’ at /home/rocos/sia/AVIATOR/third_party/coal-3.0.4/include/coal/internal/shape_shape_func.h:121:66,
    inlined from ‘static std::size_t coal::ShapeShapeCollider<ShapeType1, ShapeType2>::run(const coal::CollisionGeometry*, const coal::Transform3s&, const coal::CollisionGeometry*, const coal::Transform3s&, const coal::GJKSolver*, const coal::CollisionRequest&, coal::CollisionResult&) [with ShapeType1 = coal::Cylinder; ShapeType2 = coal::Capsule]’ at /home/rocos/sia/AVIATOR/third_party/coal-3.0.4/include/coal/internal/shape_shape_func.h:147:79:
/home/rocos/sia/AVIATOR/third_party/coal-3.0.4/include/coal/narrowphase/narrowphase.h:316:12: warning: ‘distance’ may be used uninitialized [-Wmaybe-uninitialized]
  316 |     return distance;
      |            ^~~~~~~~
/home/rocos/sia/AVIATOR/third_party/coal-3.0.4/include/coal/narrowphase/narrowphase.h: In static member function ‘static std::size_t coal::ShapeShapeCollider<ShapeType1, ShapeType2>::run(const coal::CollisionGeometry*, const coal::Transform3s&, const coal::CollisionGeometry*, const coal::Transform3s&, const coal::GJKSolver*, const coal::CollisionRequest&, coal::CollisionResult&) [with ShapeType1 = coal::Cylinder; ShapeType2 = coal::Capsule]’:
/home/rocos/sia/AVIATOR/third_party/coal-3.0.4/include/coal/narrowphase/narrowphase.h:313:16: note: ‘distance’ declared here
  313 |     CoalScalar distance;
      |                ^~~~~~~~
In member function ‘coal::CoalScalar coal::GJKSolver::shapeDistance(const S1&, const coal::Transform3s&, const S2&, const coal::Transform3s&, bool, coal::Vec3s&, coal::Vec3s&, coal::Vec3s&) const [with S1 = coal::Cylinder; S2 = coal::Capsule]’,
    inlined from ‘static coal::CoalScalar coal::ShapeShapeDistancer<ShapeType1, ShapeType2>::run(const coal::CollisionGeometry*, const coal::Transform3s&, const coal::CollisionGeometry*, const coal::Transform3s&, const coal::GJKSolver*, bool, coal::Vec3s&, coal::Vec3s&, coal::Vec3s&) [with ShapeType1 = coal::Cylinder; ShapeType2 = coal::Capsule]’ at /home/rocos/sia/AVIATOR/third_party/coal-3.0.4/include/coal/internal/shape_shape_func.h:80:34,
    inlined from ‘coal::CoalScalar coal::internal::ShapeShapeDistance(const coal::CollisionGeometry*, const coal::Transform3s&, const coal::CollisionGeometry*, const coal::Transform3s&, const coal::GJKSolver*, bool, coal::Vec3s&, coal::Vec3s&, coal::Vec3s&) [with ShapeType1 = coal::Cylinder; ShapeType2 = coal::Capsule]’ at /home/rocos/sia/AVIATOR/third_party/coal-3.0.4/include/coal/internal/shape_shape_func.h:121:66,
    inlined from ‘static std::size_t coal::ShapeShapeCollider<ShapeType1, ShapeType2>::run(const coal::CollisionGeometry*, const coal::Transform3s&, const coal::CollisionGeometry*, const coal::Transform3s&, const coal::GJKSolver*, const coal::CollisionRequest&, coal::CollisionResult&) [with ShapeType1 = coal::Cylinder; ShapeType2 = coal::Capsule]’ at /home/rocos/sia/AVIATOR/third_party/coal-3.0.4/include/coal/internal/shape_shape_func.h:147:79:
/home/rocos/sia/AVIATOR/third_party/coal-3.0.4/include/coal/narrowphase/narrowphase.h:316:12: warning: ‘distance’ may be used uninitialized [-Wmaybe-uninitialized]
  316 |     return distance;
      |            ^~~~~~~~
/home/rocos/sia/AVIATOR/third_party/coal-3.0.4/include/coal/narrowphase/narrowphase.h: In static member function ‘static std::size_t coal::ShapeShapeCollider<ShapeType1, ShapeType2>::run(const coal::CollisionGeometry*, const coal::Transform3s&, const coal::CollisionGeometry*, const coal::Transform3s&, const coal::GJKSolver*, const coal::CollisionRequest&, coal::CollisionResult&) [with ShapeType1 = coal::Cylinder; ShapeType2 = coal::Capsule]’:
/home/rocos/sia/AVIATOR/third_party/coal-3.0.4/include/coal/narrowphase/narrowphase.h:313:16: note: ‘distance’ declared here
  313 |     CoalScalar distance;
      |                ^~~~~~~~
In member function ‘coal::CoalScalar coal::GJKSolver::shapeDistance(const S1&, const coal::Transform3s&, const S2&, const coal::Transform3s&, bool, coal::Vec3s&, coal::Vec3s&, coal::Vec3s&) const [with S1 = coal::Cylinder; S2 = coal::Box]’,
    inlined from ‘static coal::CoalScalar coal::ShapeShapeDistancer<ShapeType1, ShapeType2>::run(const coal::CollisionGeometry*, const coal::Transform3s&, const coal::CollisionGeometry*, const coal::Transform3s&, const coal::GJKSolver*, bool, coal::Vec3s&, coal::Vec3s&, coal::Vec3s&) [with ShapeType1 = coal::Cylinder; ShapeType2 = coal::Box]’ at /home/rocos/sia/AVIATOR/third_party/coal-3.0.4/include/coal/internal/shape_shape_func.h:80:34,
    inlined from ‘coal::CoalScalar coal::internal::ShapeShapeDistance(const coal::CollisionGeometry*, const coal::Transform3s&, const coal::CollisionGeometry*, const coal::Transform3s&, const coal::GJKSolver*, bool, coal::Vec3s&, coal::Vec3s&, coal::Vec3s&) [with ShapeType1 = coal::Cylinder; ShapeType2 = coal::Box]’ at /home/rocos/sia/AVIATOR/third_party/coal-3.0.4/include/coal/internal/shape_shape_func.h:121:66,
    inlined from ‘static std::size_t coal::ShapeShapeCollider<ShapeType1, ShapeType2>::run(const coal::CollisionGeometry*, const coal::Transform3s&, const coal::CollisionGeometry*, const coal::Transform3s&, const coal::GJKSolver*, const coal::CollisionRequest&, coal::CollisionResult&) [with ShapeType1 = coal::Cylinder; ShapeType2 = coal::Box]’ at /home/rocos/sia/AVIATOR/third_party/coal-3.0.4/include/coal/internal/shape_shape_func.h:147:79:
/home/rocos/sia/AVIATOR/third_party/coal-3.0.4/include/coal/narrowphase/narrowphase.h:316:12: warning: ‘distance’ may be used uninitialized [-Wmaybe-uninitialized]
  316 |     return distance;
      |            ^~~~~~~~
/home/rocos/sia/AVIATOR/third_party/coal-3.0.4/include/coal/narrowphase/narrowphase.h: In static member function ‘static std::size_t coal::ShapeShapeCollider<ShapeType1, ShapeType2>::run(const coal::CollisionGeometry*, const coal::Transform3s&, const coal::CollisionGeometry*, const coal::Transform3s&, const coal::GJKSolver*, const coal::CollisionRequest&, coal::CollisionResult&) [with ShapeType1 = coal::Cylinder; ShapeType2 = coal::Box]’:
/home/rocos/sia/AVIATOR/third_party/coal-3.0.4/include/coal/narrowphase/narrowphase.h:313:16: note: ‘distance’ declared here
  313 |     CoalScalar distance;
      |                ^~~~~~~~
In member function ‘coal::CoalScalar coal::GJKSolver::shapeDistance(const S1&, const coal::Transform3s&, const S2&, const coal::Transform3s&, bool, coal::Vec3s&, coal::Vec3s&, coal::Vec3s&) const [with S1 = coal::Cylinder; S2 = coal::Box]’,
    inlined from ‘static coal::CoalScalar coal::ShapeShapeDistancer<ShapeType1, ShapeType2>::run(const coal::CollisionGeometry*, const coal::Transform3s&, const coal::CollisionGeometry*, const coal::Transform3s&, const coal::GJKSolver*, bool, coal::Vec3s&, coal::Vec3s&, coal::Vec3s&) [with ShapeType1 = coal::Cylinder; ShapeType2 = coal::Box]’ at /home/rocos/sia/AVIATOR/third_party/coal-3.0.4/include/coal/internal/shape_shape_func.h:80:34,
    inlined from ‘coal::CoalScalar coal::internal::ShapeShapeDistance(const coal::CollisionGeometry*, const coal::Transform3s&, const coal::CollisionGeometry*, const coal::Transform3s&, const coal::GJKSolver*, bool, coal::Vec3s&, coal::Vec3s&, coal::Vec3s&) [with ShapeType1 = coal::Cylinder; ShapeType2 = coal::Box]’ at /home/rocos/sia/AVIATOR/third_party/coal-3.0.4/include/coal/internal/shape_shape_func.h:121:66,
    inlined from ‘static std::size_t coal::ShapeShapeCollider<ShapeType1, ShapeType2>::run(const coal::CollisionGeometry*, const coal::Transform3s&, const coal::CollisionGeometry*, const coal::Transform3s&, const coal::GJKSolver*, const coal::CollisionRequest&, coal::CollisionResult&) [with ShapeType1 = coal::Cylinder; ShapeType2 = coal::Box]’ at /home/rocos/sia/AVIATOR/third_party/coal-3.0.4/include/coal/internal/shape_shape_func.h:147:79:
/home/rocos/sia/AVIATOR/third_party/coal-3.0.4/include/coal/narrowphase/narrowphase.h:316:12: warning: ‘distance’ may be used uninitialized [-Wmaybe-uninitialized]
  316 |     return distance;
      |            ^~~~~~~~
/home/rocos/sia/AVIATOR/third_party/coal-3.0.4/include/coal/narrowphase/narrowphase.h: In static member function ‘static std::size_t coal::ShapeShapeCollider<ShapeType1, ShapeType2>::run(const coal::CollisionGeometry*, const coal::Transform3s&, const coal::CollisionGeometry*, const coal::Transform3s&, const coal::GJKSolver*, const coal::CollisionRequest&, coal::CollisionResult&) [with ShapeType1 = coal::Cylinder; ShapeType2 = coal::Box]’:
/home/rocos/sia/AVIATOR/third_party/coal-3.0.4/include/coal/narrowphase/narrowphase.h:313:16: note: ‘distance’ declared here
  313 |     CoalScalar distance;
      |                ^~~~~~~~
In member function ‘coal::CoalScalar coal::GJKSolver::shapeDistance(const S1&, const coal::Transform3s&, const S2&, const coal::Transform3s&, bool, coal::Vec3s&, coal::Vec3s&, coal::Vec3s&) const [with S1 = coal::Cone; S2 = coal::Ellipsoid]’,
    inlined from ‘static coal::CoalScalar coal::ShapeShapeDistancer<ShapeType1, ShapeType2>::run(const coal::CollisionGeometry*, const coal::Transform3s&, const coal::CollisionGeometry*, const coal::Transform3s&, const coal::GJKSolver*, bool, coal::Vec3s&, coal::Vec3s&, coal::Vec3s&) [with ShapeType1 = coal::Cone; ShapeType2 = coal::Ellipsoid]’ at /home/rocos/sia/AVIATOR/third_party/coal-3.0.4/include/coal/internal/shape_shape_func.h:80:34,
    inlined from ‘coal::CoalScalar coal::internal::ShapeShapeDistance(const coal::CollisionGeometry*, const coal::Transform3s&, const coal::CollisionGeometry*, const coal::Transform3s&, const coal::GJKSolver*, bool, coal::Vec3s&, coal::Vec3s&, coal::Vec3s&) [with ShapeType1 = coal::Cone; ShapeType2 = coal::Ellipsoid]’ at /home/rocos/sia/AVIATOR/third_party/coal-3.0.4/include/coal/internal/shape_shape_func.h:121:66,
    inlined from ‘static std::size_t coal::ShapeShapeCollider<ShapeType1, ShapeType2>::run(const coal::CollisionGeometry*, const coal::Transform3s&, const coal::CollisionGeometry*, const coal::Transform3s&, const coal::GJKSolver*, const coal::CollisionRequest&, coal::CollisionResult&) [with ShapeType1 = coal::Cone; ShapeType2 = coal::Ellipsoid]’ at /home/rocos/sia/AVIATOR/third_party/coal-3.0.4/include/coal/internal/shape_shape_func.h:147:79:
/home/rocos/sia/AVIATOR/third_party/coal-3.0.4/include/coal/narrowphase/narrowphase.h:316:12: warning: ‘distance’ may be used uninitialized [-Wmaybe-uninitialized]
  316 |     return distance;
      |            ^~~~~~~~
/home/rocos/sia/AVIATOR/third_party/coal-3.0.4/include/coal/narrowphase/narrowphase.h: In static member function ‘static std::size_t coal::ShapeShapeCollider<ShapeType1, ShapeType2>::run(const coal::CollisionGeometry*, const coal::Transform3s&, const coal::CollisionGeometry*, const coal::Transform3s&, const coal::GJKSolver*, const coal::CollisionRequest&, coal::CollisionResult&) [with ShapeType1 = coal::Cone; ShapeType2 = coal::Ellipsoid]’:
/home/rocos/sia/AVIATOR/third_party/coal-3.0.4/include/coal/narrowphase/narrowphase.h:313:16: note: ‘distance’ declared here
  313 |     CoalScalar distance;
      |                ^~~~~~~~
In member function ‘coal::CoalScalar coal::GJKSolver::shapeDistance(const S1&, const coal::Transform3s&, const S2&, const coal::Transform3s&, bool, coal::Vec3s&, coal::Vec3s&, coal::Vec3s&) const [with S1 = coal::Cone; S2 = coal::Ellipsoid]’,
    inlined from ‘static coal::CoalScalar coal::ShapeShapeDistancer<ShapeType1, ShapeType2>::run(const coal::CollisionGeometry*, const coal::Transform3s&, const coal::CollisionGeometry*, const coal::Transform3s&, const coal::GJKSolver*, bool, coal::Vec3s&, coal::Vec3s&, coal::Vec3s&) [with ShapeType1 = coal::Cone; ShapeType2 = coal::Ellipsoid]’ at /home/rocos/sia/AVIATOR/third_party/coal-3.0.4/include/coal/internal/shape_shape_func.h:80:34,
    inlined from ‘coal::CoalScalar coal::internal::ShapeShapeDistance(const coal::CollisionGeometry*, const coal::Transform3s&, const coal::CollisionGeometry*, const coal::Transform3s&, const coal::GJKSolver*, bool, coal::Vec3s&, coal::Vec3s&, coal::Vec3s&) [with ShapeType1 = coal::Cone; ShapeType2 = coal::Ellipsoid]’ at /home/rocos/sia/AVIATOR/third_party/coal-3.0.4/include/coal/internal/shape_shape_func.h:121:66,
    inlined from ‘static std::size_t coal::ShapeShapeCollider<ShapeType1, ShapeType2>::run(const coal::CollisionGeometry*, const coal::Transform3s&, const coal::CollisionGeometry*, const coal::Transform3s&, const coal::GJKSolver*, const coal::CollisionRequest&, coal::CollisionResult&) [with ShapeType1 = coal::Cone; ShapeType2 = coal::Ellipsoid]’ at /home/rocos/sia/AVIATOR/third_party/coal-3.0.4/include/coal/internal/shape_shape_func.h:147:79:
/home/rocos/sia/AVIATOR/third_party/coal-3.0.4/include/coal/narrowphase/narrowphase.h:316:12: warning: ‘distance’ may be used uninitialized [-Wmaybe-uninitialized]
  316 |     return distance;
      |            ^~~~~~~~
/home/rocos/sia/AVIATOR/third_party/coal-3.0.4/include/coal/narrowphase/narrowphase.h: In static member function ‘static std::size_t coal::ShapeShapeCollider<ShapeType1, ShapeType2>::run(const coal::CollisionGeometry*, const coal::Transform3s&, const coal::CollisionGeometry*, const coal::Transform3s&, const coal::GJKSolver*, const coal::CollisionRequest&, coal::CollisionResult&) [with ShapeType1 = coal::Cone; ShapeType2 = coal::Ellipsoid]’:
/home/rocos/sia/AVIATOR/third_party/coal-3.0.4/include/coal/narrowphase/narrowphase.h:313:16: note: ‘distance’ declared here
  313 |     CoalScalar distance;
      |                ^~~~~~~~
In member function ‘coal::CoalScalar coal::GJKSolver::shapeDistance(const S1&, const coal::Transform3s&, const S2&, const coal::Transform3s&, bool, coal::Vec3s&, coal::Vec3s&, coal::Vec3s&) const [with S1 = coal::Cone; S2 = coal::ConvexBase]’,
    inlined from ‘static coal::CoalScalar coal::ShapeShapeDistancer<ShapeType1, ShapeType2>::run(const coal::CollisionGeometry*, const coal::Transform3s&, const coal::CollisionGeometry*, const coal::Transform3s&, const coal::GJKSolver*, bool, coal::Vec3s&, coal::Vec3s&, coal::Vec3s&) [with ShapeType1 = coal::Cone; ShapeType2 = coal::ConvexBase]’ at /home/rocos/sia/AVIATOR/third_party/coal-3.0.4/include/coal/internal/shape_shape_func.h:80:34,
    inlined from ‘coal::CoalScalar coal::internal::ShapeShapeDistance(const coal::CollisionGeometry*, const coal::Transform3s&, const coal::CollisionGeometry*, const coal::Transform3s&, const coal::GJKSolver*, bool, coal::Vec3s&, coal::Vec3s&, coal::Vec3s&) [with ShapeType1 = coal::Cone; ShapeType2 = coal::ConvexBase]’ at /home/rocos/sia/AVIATOR/third_party/coal-3.0.4/include/coal/internal/shape_shape_func.h:121:66,
    inlined from ‘static std::size_t coal::ShapeShapeCollider<ShapeType1, ShapeType2>::run(const coal::CollisionGeometry*, const coal::Transform3s&, const coal::CollisionGeometry*, const coal::Transform3s&, const coal::GJKSolver*, const coal::CollisionRequest&, coal::CollisionResult&) [with ShapeType1 = coal::Cone; ShapeType2 = coal::ConvexBase]’ at /home/rocos/sia/AVIATOR/third_party/coal-3.0.4/include/coal/internal/shape_shape_func.h:147:79:
/home/rocos/sia/AVIATOR/third_party/coal-3.0.4/include/coal/narrowphase/narrowphase.h:316:12: warning: ‘distance’ may be used uninitialized [-Wmaybe-uninitialized]
  316 |     return distance;
      |            ^~~~~~~~
/home/rocos/sia/AVIATOR/third_party/coal-3.0.4/include/coal/narrowphase/narrowphase.h: In static member function ‘static std::size_t coal::ShapeShapeCollider<ShapeType1, ShapeType2>::run(const coal::CollisionGeometry*, const coal::Transform3s&, const coal::CollisionGeometry*, const coal::Transform3s&, const coal::GJKSolver*, const coal::CollisionRequest&, coal::CollisionResult&) [with ShapeType1 = coal::Cone; ShapeType2 = coal::ConvexBase]’:
/home/rocos/sia/AVIATOR/third_party/coal-3.0.4/include/coal/narrowphase/narrowphase.h:313:16: note: ‘distance’ declared here
  313 |     CoalScalar distance;
      |                ^~~~~~~~
In member function ‘coal::CoalScalar coal::GJKSolver::shapeDistance(const S1&, const coal::Transform3s&, const S2&, const coal::Transform3s&, bool, coal::Vec3s&, coal::Vec3s&, coal::Vec3s&) const [with S1 = coal::Cone; S2 = coal::ConvexBase]’,
    inlined from ‘static coal::CoalScalar coal::ShapeShapeDistancer<ShapeType1, ShapeType2>::run(const coal::CollisionGeometry*, const coal::Transform3s&, const coal::CollisionGeometry*, const coal::Transform3s&, const coal::GJKSolver*, bool, coal::Vec3s&, coal::Vec3s&, coal::Vec3s&) [with ShapeType1 = coal::Cone; ShapeType2 = coal::ConvexBase]’ at /home/rocos/sia/AVIATOR/third_party/coal-3.0.4/include/coal/internal/shape_shape_func.h:80:34,
    inlined from ‘coal::CoalScalar coal::internal::ShapeShapeDistance(const coal::CollisionGeometry*, const coal::Transform3s&, const coal::CollisionGeometry*, const coal::Transform3s&, const coal::GJKSolver*, bool, coal::Vec3s&, coal::Vec3s&, coal::Vec3s&) [with ShapeType1 = coal::Cone; ShapeType2 = coal::ConvexBase]’ at /home/rocos/sia/AVIATOR/third_party/coal-3.0.4/include/coal/internal/shape_shape_func.h:121:66,
    inlined from ‘static std::size_t coal::ShapeShapeCollider<ShapeType1, ShapeType2>::run(const coal::CollisionGeometry*, const coal::Transform3s&, const coal::CollisionGeometry*, const coal::Transform3s&, const coal::GJKSolver*, const coal::CollisionRequest&, coal::CollisionResult&) [with ShapeType1 = coal::Cone; ShapeType2 = coal::ConvexBase]’ at /home/rocos/sia/AVIATOR/third_party/coal-3.0.4/include/coal/internal/shape_shape_func.h:147:79:
/home/rocos/sia/AVIATOR/third_party/coal-3.0.4/include/coal/narrowphase/narrowphase.h:316:12: warning: ‘distance’ may be used uninitialized [-Wmaybe-uninitialized]
  316 |     return distance;
      |            ^~~~~~~~
/home/rocos/sia/AVIATOR/third_party/coal-3.0.4/include/coal/narrowphase/narrowphase.h: In static member function ‘static std::size_t coal::ShapeShapeCollider<ShapeType1, ShapeType2>::run(const coal::CollisionGeometry*, const coal::Transform3s&, const coal::CollisionGeometry*, const coal::Transform3s&, const coal::GJKSolver*, const coal::CollisionRequest&, coal::CollisionResult&) [with ShapeType1 = coal::Cone; ShapeType2 = coal::ConvexBase]’:
/home/rocos/sia/AVIATOR/third_party/coal-3.0.4/include/coal/narrowphase/narrowphase.h:313:16: note: ‘distance’ declared here
  313 |     CoalScalar distance;
      |                ^~~~~~~~
In member function ‘coal::CoalScalar coal::GJKSolver::shapeDistance(const S1&, const coal::Transform3s&, const S2&, const coal::Transform3s&, bool, coal::Vec3s&, coal::Vec3s&, coal::Vec3s&) const [with S1 = coal::Cone; S2 = coal::Cylinder]’,
    inlined from ‘static coal::CoalScalar coal::ShapeShapeDistancer<ShapeType1, ShapeType2>::run(const coal::CollisionGeometry*, const coal::Transform3s&, const coal::CollisionGeometry*, const coal::Transform3s&, const coal::GJKSolver*, bool, coal::Vec3s&, coal::Vec3s&, coal::Vec3s&) [with ShapeType1 = coal::Cone; ShapeType2 = coal::Cylinder]’ at /home/rocos/sia/AVIATOR/third_party/coal-3.0.4/include/coal/internal/shape_shape_func.h:80:34,
    inlined from ‘coal::CoalScalar coal::internal::ShapeShapeDistance(const coal::CollisionGeometry*, const coal::Transform3s&, const coal::CollisionGeometry*, const coal::Transform3s&, const coal::GJKSolver*, bool, coal::Vec3s&, coal::Vec3s&, coal::Vec3s&) [with ShapeType1 = coal::Cone; ShapeType2 = coal::Cylinder]’ at /home/rocos/sia/AVIATOR/third_party/coal-3.0.4/include/coal/internal/shape_shape_func.h:121:66,
    inlined from ‘static std::size_t coal::ShapeShapeCollider<ShapeType1, ShapeType2>::run(const coal::CollisionGeometry*, const coal::Transform3s&, const coal::CollisionGeometry*, const coal::Transform3s&, const coal::GJKSolver*, const coal::CollisionRequest&, coal::CollisionResult&) [with ShapeType1 = coal::Cone; ShapeType2 = coal::Cylinder]’ at /home/rocos/sia/AVIATOR/third_party/coal-3.0.4/include/coal/internal/shape_shape_func.h:147:79:
/home/rocos/sia/AVIATOR/third_party/coal-3.0.4/include/coal/narrowphase/narrowphase.h:316:12: warning: ‘distance’ may be used uninitialized [-Wmaybe-uninitialized]
  316 |     return distance;
      |            ^~~~~~~~
/home/rocos/sia/AVIATOR/third_party/coal-3.0.4/include/coal/narrowphase/narrowphase.h: In static member function ‘static std::size_t coal::ShapeShapeCollider<ShapeType1, ShapeType2>::run(const coal::CollisionGeometry*, const coal::Transform3s&, const coal::CollisionGeometry*, const coal::Transform3s&, const coal::GJKSolver*, const coal::CollisionRequest&, coal::CollisionResult&) [with ShapeType1 = coal::Cone; ShapeType2 = coal::Cylinder]’:
/home/rocos/sia/AVIATOR/third_party/coal-3.0.4/include/coal/narrowphase/narrowphase.h:313:16: note: ‘distance’ declared here
  313 |     CoalScalar distance;
      |                ^~~~~~~~
In member function ‘coal::CoalScalar coal::GJKSolver::shapeDistance(const S1&, const coal::Transform3s&, const S2&, const coal::Transform3s&, bool, coal::Vec3s&, coal::Vec3s&, coal::Vec3s&) const [with S1 = coal::Cone; S2 = coal::Cylinder]’,
    inlined from ‘static coal::CoalScalar coal::ShapeShapeDistancer<ShapeType1, ShapeType2>::run(const coal::CollisionGeometry*, const coal::Transform3s&, const coal::CollisionGeometry*, const coal::Transform3s&, const coal::GJKSolver*, bool, coal::Vec3s&, coal::Vec3s&, coal::Vec3s&) [with ShapeType1 = coal::Cone; ShapeType2 = coal::Cylinder]’ at /home/rocos/sia/AVIATOR/third_party/coal-3.0.4/include/coal/internal/shape_shape_func.h:80:34,
    inlined from ‘coal::CoalScalar coal::internal::ShapeShapeDistance(const coal::CollisionGeometry*, const coal::Transform3s&, const coal::CollisionGeometry*, const coal::Transform3s&, const coal::GJKSolver*, bool, coal::Vec3s&, coal::Vec3s&, coal::Vec3s&) [with ShapeType1 = coal::Cone; ShapeType2 = coal::Cylinder]’ at /home/rocos/sia/AVIATOR/third_party/coal-3.0.4/include/coal/internal/shape_shape_func.h:121:66,
    inlined from ‘static std::size_t coal::ShapeShapeCollider<ShapeType1, ShapeType2>::run(const coal::CollisionGeometry*, const coal::Transform3s&, const coal::CollisionGeometry*, const coal::Transform3s&, const coal::GJKSolver*, const coal::CollisionRequest&, coal::CollisionResult&) [with ShapeType1 = coal::Cone; ShapeType2 = coal::Cylinder]’ at /home/rocos/sia/AVIATOR/third_party/coal-3.0.4/include/coal/internal/shape_shape_func.h:147:79:
/home/rocos/sia/AVIATOR/third_party/coal-3.0.4/include/coal/narrowphase/narrowphase.h:316:12: warning: ‘distance’ may be used uninitialized [-Wmaybe-uninitialized]
  316 |     return distance;
      |            ^~~~~~~~
/home/rocos/sia/AVIATOR/third_party/coal-3.0.4/include/coal/narrowphase/narrowphase.h: In static member function ‘static std::size_t coal::ShapeShapeCollider<ShapeType1, ShapeType2>::run(const coal::CollisionGeometry*, const coal::Transform3s&, const coal::CollisionGeometry*, const coal::Transform3s&, const coal::GJKSolver*, const coal::CollisionRequest&, coal::CollisionResult&) [with ShapeType1 = coal::Cone; ShapeType2 = coal::Cylinder]’:
/home/rocos/sia/AVIATOR/third_party/coal-3.0.4/include/coal/narrowphase/narrowphase.h:313:16: note: ‘distance’ declared here
  313 |     CoalScalar distance;
      |                ^~~~~~~~
In member function ‘coal::CoalScalar coal::GJKSolver::shapeDistance(const S1&, const coal::Transform3s&, const S2&, const coal::Transform3s&, bool, coal::Vec3s&, coal::Vec3s&, coal::Vec3s&) const [with S1 = coal::Cone; S2 = coal::Cone]’,
    inlined from ‘static coal::CoalScalar coal::ShapeShapeDistancer<ShapeType1, ShapeType2>::run(const coal::CollisionGeometry*, const coal::Transform3s&, const coal::CollisionGeometry*, const coal::Transform3s&, const coal::GJKSolver*, bool, coal::Vec3s&, coal::Vec3s&, coal::Vec3s&) [with ShapeType1 = coal::Cone; ShapeType2 = coal::Cone]’ at /home/rocos/sia/AVIATOR/third_party/coal-3.0.4/include/coal/internal/shape_shape_func.h:80:34,
    inlined from ‘coal::CoalScalar coal::internal::ShapeShapeDistance(const coal::CollisionGeometry*, const coal::Transform3s&, const coal::CollisionGeometry*, const coal::Transform3s&, const coal::GJKSolver*, bool, coal::Vec3s&, coal::Vec3s&, coal::Vec3s&) [with ShapeType1 = coal::Cone; ShapeType2 = coal::Cone]’ at /home/rocos/sia/AVIATOR/third_party/coal-3.0.4/include/coal/internal/shape_shape_func.h:121:66,
    inlined from ‘static std::size_t coal::ShapeShapeCollider<ShapeType1, ShapeType2>::run(const coal::CollisionGeometry*, const coal::Transform3s&, const coal::CollisionGeometry*, const coal::Transform3s&, const coal::GJKSolver*, const coal::CollisionRequest&, coal::CollisionResult&) [with ShapeType1 = coal::Cone; ShapeType2 = coal::Cone]’ at /home/rocos/sia/AVIATOR/third_party/coal-3.0.4/include/coal/internal/shape_shape_func.h:147:79:
/home/rocos/sia/AVIATOR/third_party/coal-3.0.4/include/coal/narrowphase/narrowphase.h:316:12: warning: ‘distance’ may be used uninitialized [-Wmaybe-uninitialized]
  316 |     return distance;
      |            ^~~~~~~~
/home/rocos/sia/AVIATOR/third_party/coal-3.0.4/include/coal/narrowphase/narrowphase.h: In static member function ‘static std::size_t coal::ShapeShapeCollider<ShapeType1, ShapeType2>::run(const coal::CollisionGeometry*, const coal::Transform3s&, const coal::CollisionGeometry*, const coal::Transform3s&, const coal::GJKSolver*, const coal::CollisionRequest&, coal::CollisionResult&) [with ShapeType1 = coal::Cone; ShapeType2 = coal::Cone]’:
/home/rocos/sia/AVIATOR/third_party/coal-3.0.4/include/coal/narrowphase/narrowphase.h:313:16: note: ‘distance’ declared here
  313 |     CoalScalar distance;
      |                ^~~~~~~~
In member function ‘coal::CoalScalar coal::GJKSolver::shapeDistance(const S1&, const coal::Transform3s&, const S2&, const coal::Transform3s&, bool, coal::Vec3s&, coal::Vec3s&, coal::Vec3s&) const [with S1 = coal::Cone; S2 = coal::Cone]’,
    inlined from ‘static coal::CoalScalar coal::ShapeShapeDistancer<ShapeType1, ShapeType2>::run(const coal::CollisionGeometry*, const coal::Transform3s&, const coal::CollisionGeometry*, const coal::Transform3s&, const coal::GJKSolver*, bool, coal::Vec3s&, coal::Vec3s&, coal::Vec3s&) [with ShapeType1 = coal::Cone; ShapeType2 = coal::Cone]’ at /home/rocos/sia/AVIATOR/third_party/coal-3.0.4/include/coal/internal/shape_shape_func.h:80:34,
    inlined from ‘coal::CoalScalar coal::internal::ShapeShapeDistance(const coal::CollisionGeometry*, const coal::Transform3s&, const coal::CollisionGeometry*, const coal::Transform3s&, const coal::GJKSolver*, bool, coal::Vec3s&, coal::Vec3s&, coal::Vec3s&) [with ShapeType1 = coal::Cone; ShapeType2 = coal::Cone]’ at /home/rocos/sia/AVIATOR/third_party/coal-3.0.4/include/coal/internal/shape_shape_func.h:121:66,
    inlined from ‘static std::size_t coal::ShapeShapeCollider<ShapeType1, ShapeType2>::run(const coal::CollisionGeometry*, const coal::Transform3s&, const coal::CollisionGeometry*, const coal::Transform3s&, const coal::GJKSolver*, const coal::CollisionRequest&, coal::CollisionResult&) [with ShapeType1 = coal::Cone; ShapeType2 = coal::Cone]’ at /home/rocos/sia/AVIATOR/third_party/coal-3.0.4/include/coal/internal/shape_shape_func.h:147:79:
/home/rocos/sia/AVIATOR/third_party/coal-3.0.4/include/coal/narrowphase/narrowphase.h:316:12: warning: ‘distance’ may be used uninitialized [-Wmaybe-uninitialized]
  316 |     return distance;
      |            ^~~~~~~~
/home/rocos/sia/AVIATOR/third_party/coal-3.0.4/include/coal/narrowphase/narrowphase.h: In static member function ‘static std::size_t coal::ShapeShapeCollider<ShapeType1, ShapeType2>::run(const coal::CollisionGeometry*, const coal::Transform3s&, const coal::CollisionGeometry*, const coal::Transform3s&, const coal::GJKSolver*, const coal::CollisionRequest&, coal::CollisionResult&) [with ShapeType1 = coal::Cone; ShapeType2 = coal::Cone]’:
/home/rocos/sia/AVIATOR/third_party/coal-3.0.4/include/coal/narrowphase/narrowphase.h:313:16: note: ‘distance’ declared here
  313 |     CoalScalar distance;
      |                ^~~~~~~~
In member function ‘coal::CoalScalar coal::GJKSolver::shapeDistance(const S1&, const coal::Transform3s&, const S2&, const coal::Transform3s&, bool, coal::Vec3s&, coal::Vec3s&, coal::Vec3s&) const [with S1 = coal::Cone; S2 = coal::Capsule]’,
    inlined from ‘static coal::CoalScalar coal::ShapeShapeDistancer<ShapeType1, ShapeType2>::run(const coal::CollisionGeometry*, const coal::Transform3s&, const coal::CollisionGeometry*, const coal::Transform3s&, const coal::GJKSolver*, bool, coal::Vec3s&, coal::Vec3s&, coal::Vec3s&) [with ShapeType1 = coal::Cone; ShapeType2 = coal::Capsule]’ at /home/rocos/sia/AVIATOR/third_party/coal-3.0.4/include/coal/internal/shape_shape_func.h:80:34,
    inlined from ‘coal::CoalScalar coal::internal::ShapeShapeDistance(const coal::CollisionGeometry*, const coal::Transform3s&, const coal::CollisionGeometry*, const coal::Transform3s&, const coal::GJKSolver*, bool, coal::Vec3s&, coal::Vec3s&, coal::Vec3s&) [with ShapeType1 = coal::Cone; ShapeType2 = coal::Capsule]’ at /home/rocos/sia/AVIATOR/third_party/coal-3.0.4/include/coal/internal/shape_shape_func.h:121:66,
    inlined from ‘static std::size_t coal::ShapeShapeCollider<ShapeType1, ShapeType2>::run(const coal::CollisionGeometry*, const coal::Transform3s&, const coal::CollisionGeometry*, const coal::Transform3s&, const coal::GJKSolver*, const coal::CollisionRequest&, coal::CollisionResult&) [with ShapeType1 = coal::Cone; ShapeType2 = coal::Capsule]’ at /home/rocos/sia/AVIATOR/third_party/coal-3.0.4/include/coal/internal/shape_shape_func.h:147:79:
/home/rocos/sia/AVIATOR/third_party/coal-3.0.4/include/coal/narrowphase/narrowphase.h:316:12: warning: ‘distance’ may be used uninitialized [-Wmaybe-uninitialized]
  316 |     return distance;
      |            ^~~~~~~~
/home/rocos/sia/AVIATOR/third_party/coal-3.0.4/include/coal/narrowphase/narrowphase.h: In static member function ‘static std::size_t coal::ShapeShapeCollider<ShapeType1, ShapeType2>::run(const coal::CollisionGeometry*, const coal::Transform3s&, const coal::CollisionGeometry*, const coal::Transform3s&, const coal::GJKSolver*, const coal::CollisionRequest&, coal::CollisionResult&) [with ShapeType1 = coal::Cone; ShapeType2 = coal::Capsule]’:
/home/rocos/sia/AVIATOR/third_party/coal-3.0.4/include/coal/narrowphase/narrowphase.h:313:16: note: ‘distance’ declared here
  313 |     CoalScalar distance;
      |                ^~~~~~~~
In member function ‘coal::CoalScalar coal::GJKSolver::shapeDistance(const S1&, const coal::Transform3s&, const S2&, const coal::Transform3s&, bool, coal::Vec3s&, coal::Vec3s&, coal::Vec3s&) const [with S1 = coal::Cone; S2 = coal::Capsule]’,
    inlined from ‘static coal::CoalScalar coal::ShapeShapeDistancer<ShapeType1, ShapeType2>::run(const coal::CollisionGeometry*, const coal::Transform3s&, const coal::CollisionGeometry*, const coal::Transform3s&, const coal::GJKSolver*, bool, coal::Vec3s&, coal::Vec3s&, coal::Vec3s&) [with ShapeType1 = coal::Cone; ShapeType2 = coal::Capsule]’ at /home/rocos/sia/AVIATOR/third_party/coal-3.0.4/include/coal/internal/shape_shape_func.h:80:34,
    inlined from ‘coal::CoalScalar coal::internal::ShapeShapeDistance(const coal::CollisionGeometry*, const coal::Transform3s&, const coal::CollisionGeometry*, const coal::Transform3s&, const coal::GJKSolver*, bool, coal::Vec3s&, coal::Vec3s&, coal::Vec3s&) [with ShapeType1 = coal::Cone; ShapeType2 = coal::Capsule]’ at /home/rocos/sia/AVIATOR/third_party/coal-3.0.4/include/coal/internal/shape_shape_func.h:121:66,
    inlined from ‘static std::size_t coal::ShapeShapeCollider<ShapeType1, ShapeType2>::run(const coal::CollisionGeometry*, const coal::Transform3s&, const coal::CollisionGeometry*, const coal::Transform3s&, const coal::GJKSolver*, const coal::CollisionRequest&, coal::CollisionResult&) [with ShapeType1 = coal::Cone; ShapeType2 = coal::Capsule]’ at /home/rocos/sia/AVIATOR/third_party/coal-3.0.4/include/coal/internal/shape_shape_func.h:147:79:
/home/rocos/sia/AVIATOR/third_party/coal-3.0.4/include/coal/narrowphase/narrowphase.h:316:12: warning: ‘distance’ may be used uninitialized [-Wmaybe-uninitialized]
  316 |     return distance;
      |            ^~~~~~~~
/home/rocos/sia/AVIATOR/third_party/coal-3.0.4/include/coal/narrowphase/narrowphase.h: In static member function ‘static std::size_t coal::ShapeShapeCollider<ShapeType1, ShapeType2>::run(const coal::CollisionGeometry*, const coal::Transform3s&, const coal::CollisionGeometry*, const coal::Transform3s&, const coal::GJKSolver*, const coal::CollisionRequest&, coal::CollisionResult&) [with ShapeType1 = coal::Cone; ShapeType2 = coal::Capsule]’:
/home/rocos/sia/AVIATOR/third_party/coal-3.0.4/include/coal/narrowphase/narrowphase.h:313:16: note: ‘distance’ declared here
  313 |     CoalScalar distance;
      |                ^~~~~~~~
In member function ‘coal::CoalScalar coal::GJKSolver::shapeDistance(const S1&, const coal::Transform3s&, const S2&, const coal::Transform3s&, bool, coal::Vec3s&, coal::Vec3s&, coal::Vec3s&) const [with S1 = coal::Cone; S2 = coal::Sphere]’,
    inlined from ‘static coal::CoalScalar coal::ShapeShapeDistancer<ShapeType1, ShapeType2>::run(const coal::CollisionGeometry*, const coal::Transform3s&, const coal::CollisionGeometry*, const coal::Transform3s&, const coal::GJKSolver*, bool, coal::Vec3s&, coal::Vec3s&, coal::Vec3s&) [with ShapeType1 = coal::Cone; ShapeType2 = coal::Sphere]’ at /home/rocos/sia/AVIATOR/third_party/coal-3.0.4/include/coal/internal/shape_shape_func.h:80:34,
    inlined from ‘coal::CoalScalar coal::internal::ShapeShapeDistance(const coal::CollisionGeometry*, const coal::Transform3s&, const coal::CollisionGeometry*, const coal::Transform3s&, const coal::GJKSolver*, bool, coal::Vec3s&, coal::Vec3s&, coal::Vec3s&) [with ShapeType1 = coal::Cone; ShapeType2 = coal::Sphere]’ at /home/rocos/sia/AVIATOR/third_party/coal-3.0.4/include/coal/internal/shape_shape_func.h:121:66,
    inlined from ‘static std::size_t coal::ShapeShapeCollider<ShapeType1, ShapeType2>::run(const coal::CollisionGeometry*, const coal::Transform3s&, const coal::CollisionGeometry*, const coal::Transform3s&, const coal::GJKSolver*, const coal::CollisionRequest&, coal::CollisionResult&) [with ShapeType1 = coal::Cone; ShapeType2 = coal::Sphere]’ at /home/rocos/sia/AVIATOR/third_party/coal-3.0.4/include/coal/internal/shape_shape_func.h:147:79:
/home/rocos/sia/AVIATOR/third_party/coal-3.0.4/include/coal/narrowphase/narrowphase.h:316:12: warning: ‘distance’ may be used uninitialized [-Wmaybe-uninitialized]
  316 |     return distance;
      |            ^~~~~~~~
/home/rocos/sia/AVIATOR/third_party/coal-3.0.4/include/coal/narrowphase/narrowphase.h: In static member function ‘static std::size_t coal::ShapeShapeCollider<ShapeType1, ShapeType2>::run(const coal::CollisionGeometry*, const coal::Transform3s&, const coal::CollisionGeometry*, const coal::Transform3s&, const coal::GJKSolver*, const coal::CollisionRequest&, coal::CollisionResult&) [with ShapeType1 = coal::Cone; ShapeType2 = coal::Sphere]’:
/home/rocos/sia/AVIATOR/third_party/coal-3.0.4/include/coal/narrowphase/narrowphase.h:313:16: note: ‘distance’ declared here
  313 |     CoalScalar distance;
      |                ^~~~~~~~
In member function ‘coal::CoalScalar coal::GJKSolver::shapeDistance(const S1&, const coal::Transform3s&, const S2&, const coal::Transform3s&, bool, coal::Vec3s&, coal::Vec3s&, coal::Vec3s&) const [with S1 = coal::Cone; S2 = coal::Sphere]’,
    inlined from ‘static coal::CoalScalar coal::ShapeShapeDistancer<ShapeType1, ShapeType2>::run(const coal::CollisionGeometry*, const coal::Transform3s&, const coal::CollisionGeometry*, const coal::Transform3s&, const coal::GJKSolver*, bool, coal::Vec3s&, coal::Vec3s&, coal::Vec3s&) [with ShapeType1 = coal::Cone; ShapeType2 = coal::Sphere]’ at /home/rocos/sia/AVIATOR/third_party/coal-3.0.4/include/coal/internal/shape_shape_func.h:80:34,
    inlined from ‘coal::CoalScalar coal::internal::ShapeShapeDistance(const coal::CollisionGeometry*, const coal::Transform3s&, const coal::CollisionGeometry*, const coal::Transform3s&, const coal::GJKSolver*, bool, coal::Vec3s&, coal::Vec3s&, coal::Vec3s&) [with ShapeType1 = coal::Cone; ShapeType2 = coal::Sphere]’ at /home/rocos/sia/AVIATOR/third_party/coal-3.0.4/include/coal/internal/shape_shape_func.h:121:66,
    inlined from ‘static std::size_t coal::ShapeShapeCollider<ShapeType1, ShapeType2>::run(const coal::CollisionGeometry*, const coal::Transform3s&, const coal::CollisionGeometry*, const coal::Transform3s&, const coal::GJKSolver*, const coal::CollisionRequest&, coal::CollisionResult&) [with ShapeType1 = coal::Cone; ShapeType2 = coal::Sphere]’ at /home/rocos/sia/AVIATOR/third_party/coal-3.0.4/include/coal/internal/shape_shape_func.h:147:79:
/home/rocos/sia/AVIATOR/third_party/coal-3.0.4/include/coal/narrowphase/narrowphase.h:316:12: warning: ‘distance’ may be used uninitialized [-Wmaybe-uninitialized]
  316 |     return distance;
      |            ^~~~~~~~
/home/rocos/sia/AVIATOR/third_party/coal-3.0.4/include/coal/narrowphase/narrowphase.h: In static member function ‘static std::size_t coal::ShapeShapeCollider<ShapeType1, ShapeType2>::run(const coal::CollisionGeometry*, const coal::Transform3s&, const coal::CollisionGeometry*, const coal::Transform3s&, const coal::GJKSolver*, const coal::CollisionRequest&, coal::CollisionResult&) [with ShapeType1 = coal::Cone; ShapeType2 = coal::Sphere]’:
/home/rocos/sia/AVIATOR/third_party/coal-3.0.4/include/coal/narrowphase/narrowphase.h:313:16: note: ‘distance’ declared here
  313 |     CoalScalar distance;
      |                ^~~~~~~~
In member function ‘coal::CoalScalar coal::GJKSolver::shapeDistance(const S1&, const coal::Transform3s&, const S2&, const coal::Transform3s&, bool, coal::Vec3s&, coal::Vec3s&, coal::Vec3s&) const [with S1 = coal::Cone; S2 = coal::Box]’,
    inlined from ‘static coal::CoalScalar coal::ShapeShapeDistancer<ShapeType1, ShapeType2>::run(const coal::CollisionGeometry*, const coal::Transform3s&, const coal::CollisionGeometry*, const coal::Transform3s&, const coal::GJKSolver*, bool, coal::Vec3s&, coal::Vec3s&, coal::Vec3s&) [with ShapeType1 = coal::Cone; ShapeType2 = coal::Box]’ at /home/rocos/sia/AVIATOR/third_party/coal-3.0.4/include/coal/internal/shape_shape_func.h:80:34,
    inlined from ‘coal::CoalScalar coal::internal::ShapeShapeDistance(const coal::CollisionGeometry*, const coal::Transform3s&, const coal::CollisionGeometry*, const coal::Transform3s&, const coal::GJKSolver*, bool, coal::Vec3s&, coal::Vec3s&, coal::Vec3s&) [with ShapeType1 = coal::Cone; ShapeType2 = coal::Box]’ at /home/rocos/sia/AVIATOR/third_party/coal-3.0.4/include/coal/internal/shape_shape_func.h:121:66,
    inlined from ‘static std::size_t coal::ShapeShapeCollider<ShapeType1, ShapeType2>::run(const coal::CollisionGeometry*, const coal::Transform3s&, const coal::CollisionGeometry*, const coal::Transform3s&, const coal::GJKSolver*, const coal::CollisionRequest&, coal::CollisionResult&) [with ShapeType1 = coal::Cone; ShapeType2 = coal::Box]’ at /home/rocos/sia/AVIATOR/third_party/coal-3.0.4/include/coal/internal/shape_shape_func.h:147:79:
/home/rocos/sia/AVIATOR/third_party/coal-3.0.4/include/coal/narrowphase/narrowphase.h:316:12: warning: ‘distance’ may be used uninitialized [-Wmaybe-uninitialized]
  316 |     return distance;
      |            ^~~~~~~~
/home/rocos/sia/AVIATOR/third_party/coal-3.0.4/include/coal/narrowphase/narrowphase.h: In static member function ‘static std::size_t coal::ShapeShapeCollider<ShapeType1, ShapeType2>::run(const coal::CollisionGeometry*, const coal::Transform3s&, const coal::CollisionGeometry*, const coal::Transform3s&, const coal::GJKSolver*, const coal::CollisionRequest&, coal::CollisionResult&) [with ShapeType1 = coal::Cone; ShapeType2 = coal::Box]’:
/home/rocos/sia/AVIATOR/third_party/coal-3.0.4/include/coal/narrowphase/narrowphase.h:313:16: note: ‘distance’ declared here
  313 |     CoalScalar distance;
      |                ^~~~~~~~
In member function ‘coal::CoalScalar coal::GJKSolver::shapeDistance(const S1&, const coal::Transform3s&, const S2&, const coal::Transform3s&, bool, coal::Vec3s&, coal::Vec3s&, coal::Vec3s&) const [with S1 = coal::Cone; S2 = coal::Box]’,
    inlined from ‘static coal::CoalScalar coal::ShapeShapeDistancer<ShapeType1, ShapeType2>::run(const coal::CollisionGeometry*, const coal::Transform3s&, const coal::CollisionGeometry*, const coal::Transform3s&, const coal::GJKSolver*, bool, coal::Vec3s&, coal::Vec3s&, coal::Vec3s&) [with ShapeType1 = coal::Cone; ShapeType2 = coal::Box]’ at /home/rocos/sia/AVIATOR/third_party/coal-3.0.4/include/coal/internal/shape_shape_func.h:80:34,
    inlined from ‘coal::CoalScalar coal::internal::ShapeShapeDistance(const coal::CollisionGeometry*, const coal::Transform3s&, const coal::CollisionGeometry*, const coal::Transform3s&, const coal::GJKSolver*, bool, coal::Vec3s&, coal::Vec3s&, coal::Vec3s&) [with ShapeType1 = coal::Cone; ShapeType2 = coal::Box]’ at /home/rocos/sia/AVIATOR/third_party/coal-3.0.4/include/coal/internal/shape_shape_func.h:121:66,
    inlined from ‘static std::size_t coal::ShapeShapeCollider<ShapeType1, ShapeType2>::run(const coal::CollisionGeometry*, const coal::Transform3s&, const coal::CollisionGeometry*, const coal::Transform3s&, const coal::GJKSolver*, const coal::CollisionRequest&, coal::CollisionResult&) [with ShapeType1 = coal::Cone; ShapeType2 = coal::Box]’ at /home/rocos/sia/AVIATOR/third_party/coal-3.0.4/include/coal/internal/shape_shape_func.h:147:79:
/home/rocos/sia/AVIATOR/third_party/coal-3.0.4/include/coal/narrowphase/narrowphase.h:316:12: warning: ‘distance’ may be used uninitialized [-Wmaybe-uninitialized]
  316 |     return distance;
      |            ^~~~~~~~
/home/rocos/sia/AVIATOR/third_party/coal-3.0.4/include/coal/narrowphase/narrowphase.h: In static member function ‘static std::size_t coal::ShapeShapeCollider<ShapeType1, ShapeType2>::run(const coal::CollisionGeometry*, const coal::Transform3s&, const coal::CollisionGeometry*, const coal::Transform3s&, const coal::GJKSolver*, const coal::CollisionRequest&, coal::CollisionResult&) [with ShapeType1 = coal::Cone; ShapeType2 = coal::Box]’:
/home/rocos/sia/AVIATOR/third_party/coal-3.0.4/include/coal/narrowphase/narrowphase.h:313:16: note: ‘distance’ declared here
  313 |     CoalScalar distance;
      |                ^~~~~~~~
In member function ‘coal::CoalScalar coal::GJKSolver::shapeDistance(const S1&, const coal::Transform3s&, const S2&, const coal::Transform3s&, bool, coal::Vec3s&, coal::Vec3s&, coal::Vec3s&) const [with S1 = coal::Capsule; S2 = coal::Ellipsoid]’,
    inlined from ‘static coal::CoalScalar coal::ShapeShapeDistancer<ShapeType1, ShapeType2>::run(const coal::CollisionGeometry*, const coal::Transform3s&, const coal::CollisionGeometry*, const coal::Transform3s&, const coal::GJKSolver*, bool, coal::Vec3s&, coal::Vec3s&, coal::Vec3s&) [with ShapeType1 = coal::Capsule; ShapeType2 = coal::Ellipsoid]’ at /home/rocos/sia/AVIATOR/third_party/coal-3.0.4/include/coal/internal/shape_shape_func.h:80:34,
    inlined from ‘coal::CoalScalar coal::internal::ShapeShapeDistance(const coal::CollisionGeometry*, const coal::Transform3s&, const coal::CollisionGeometry*, const coal::Transform3s&, const coal::GJKSolver*, bool, coal::Vec3s&, coal::Vec3s&, coal::Vec3s&) [with ShapeType1 = coal::Capsule; ShapeType2 = coal::Ellipsoid]’ at /home/rocos/sia/AVIATOR/third_party/coal-3.0.4/include/coal/internal/shape_shape_func.h:121:66,
    inlined from ‘static std::size_t coal::ShapeShapeCollider<ShapeType1, ShapeType2>::run(const coal::CollisionGeometry*, const coal::Transform3s&, const coal::CollisionGeometry*, const coal::Transform3s&, const coal::GJKSolver*, const coal::CollisionRequest&, coal::CollisionResult&) [with ShapeType1 = coal::Capsule; ShapeType2 = coal::Ellipsoid]’ at /home/rocos/sia/AVIATOR/third_party/coal-3.0.4/include/coal/internal/shape_shape_func.h:147:79:
/home/rocos/sia/AVIATOR/third_party/coal-3.0.4/include/coal/narrowphase/narrowphase.h:316:12: warning: ‘distance’ may be used uninitialized [-Wmaybe-uninitialized]
  316 |     return distance;
      |            ^~~~~~~~
/home/rocos/sia/AVIATOR/third_party/coal-3.0.4/include/coal/narrowphase/narrowphase.h: In static member function ‘static std::size_t coal::ShapeShapeCollider<ShapeType1, ShapeType2>::run(const coal::CollisionGeometry*, const coal::Transform3s&, const coal::CollisionGeometry*, const coal::Transform3s&, const coal::GJKSolver*, const coal::CollisionRequest&, coal::CollisionResult&) [with ShapeType1 = coal::Capsule; ShapeType2 = coal::Ellipsoid]’:
/home/rocos/sia/AVIATOR/third_party/coal-3.0.4/include/coal/narrowphase/narrowphase.h:313:16: note: ‘distance’ declared here
  313 |     CoalScalar distance;
      |                ^~~~~~~~
In member function ‘coal::CoalScalar coal::GJKSolver::shapeDistance(const S1&, const coal::Transform3s&, const S2&, const coal::Transform3s&, bool, coal::Vec3s&, coal::Vec3s&, coal::Vec3s&) const [with S1 = coal::Capsule; S2 = coal::Ellipsoid]’,
    inlined from ‘static coal::CoalScalar coal::ShapeShapeDistancer<ShapeType1, ShapeType2>::run(const coal::CollisionGeometry*, const coal::Transform3s&, const coal::CollisionGeometry*, const coal::Transform3s&, const coal::GJKSolver*, bool, coal::Vec3s&, coal::Vec3s&, coal::Vec3s&) [with ShapeType1 = coal::Capsule; ShapeType2 = coal::Ellipsoid]’ at /home/rocos/sia/AVIATOR/third_party/coal-3.0.4/include/coal/internal/shape_shape_func.h:80:34,
    inlined from ‘coal::CoalScalar coal::internal::ShapeShapeDistance(const coal::CollisionGeometry*, const coal::Transform3s&, const coal::CollisionGeometry*, const coal::Transform3s&, const coal::GJKSolver*, bool, coal::Vec3s&, coal::Vec3s&, coal::Vec3s&) [with ShapeType1 = coal::Capsule; ShapeType2 = coal::Ellipsoid]’ at /home/rocos/sia/AVIATOR/third_party/coal-3.0.4/include/coal/internal/shape_shape_func.h:121:66,
    inlined from ‘static std::size_t coal::ShapeShapeCollider<ShapeType1, ShapeType2>::run(const coal::CollisionGeometry*, const coal::Transform3s&, const coal::CollisionGeometry*, const coal::Transform3s&, const coal::GJKSolver*, const coal::CollisionRequest&, coal::CollisionResult&) [with ShapeType1 = coal::Capsule; ShapeType2 = coal::Ellipsoid]’ at /home/rocos/sia/AVIATOR/third_party/coal-3.0.4/include/coal/internal/shape_shape_func.h:147:79:
/home/rocos/sia/AVIATOR/third_party/coal-3.0.4/include/coal/narrowphase/narrowphase.h:316:12: warning: ‘distance’ may be used uninitialized [-Wmaybe-uninitialized]
  316 |     return distance;
      |            ^~~~~~~~
/home/rocos/sia/AVIATOR/third_party/coal-3.0.4/include/coal/narrowphase/narrowphase.h: In static member function ‘static std::size_t coal::ShapeShapeCollider<ShapeType1, ShapeType2>::run(const coal::CollisionGeometry*, const coal::Transform3s&, const coal::CollisionGeometry*, const coal::Transform3s&, const coal::GJKSolver*, const coal::CollisionRequest&, coal::CollisionResult&) [with ShapeType1 = coal::Capsule; ShapeType2 = coal::Ellipsoid]’:
/home/rocos/sia/AVIATOR/third_party/coal-3.0.4/include/coal/narrowphase/narrowphase.h:313:16: note: ‘distance’ declared here
  313 |     CoalScalar distance;
      |                ^~~~~~~~
In member function ‘coal::CoalScalar coal::GJKSolver::shapeDistance(const S1&, const coal::Transform3s&, const S2&, const coal::Transform3s&, bool, coal::Vec3s&, coal::Vec3s&, coal::Vec3s&) const [with S1 = coal::Capsule; S2 = coal::ConvexBase]’,
    inlined from ‘static coal::CoalScalar coal::ShapeShapeDistancer<ShapeType1, ShapeType2>::run(const coal::CollisionGeometry*, const coal::Transform3s&, const coal::CollisionGeometry*, const coal::Transform3s&, const coal::GJKSolver*, bool, coal::Vec3s&, coal::Vec3s&, coal::Vec3s&) [with ShapeType1 = coal::Capsule; ShapeType2 = coal::ConvexBase]’ at /home/rocos/sia/AVIATOR/third_party/coal-3.0.4/include/coal/internal/shape_shape_func.h:80:34,
    inlined from ‘coal::CoalScalar coal::internal::ShapeShapeDistance(const coal::CollisionGeometry*, const coal::Transform3s&, const coal::CollisionGeometry*, const coal::Transform3s&, const coal::GJKSolver*, bool, coal::Vec3s&, coal::Vec3s&, coal::Vec3s&) [with ShapeType1 = coal::Capsule; ShapeType2 = coal::ConvexBase]’ at /home/rocos/sia/AVIATOR/third_party/coal-3.0.4/include/coal/internal/shape_shape_func.h:121:66,
    inlined from ‘static std::size_t coal::ShapeShapeCollider<ShapeType1, ShapeType2>::run(const coal::CollisionGeometry*, const coal::Transform3s&, const coal::CollisionGeometry*, const coal::Transform3s&, const coal::GJKSolver*, const coal::CollisionRequest&, coal::CollisionResult&) [with ShapeType1 = coal::Capsule; ShapeType2 = coal::ConvexBase]’ at /home/rocos/sia/AVIATOR/third_party/coal-3.0.4/include/coal/internal/shape_shape_func.h:147:79:
/home/rocos/sia/AVIATOR/third_party/coal-3.0.4/include/coal/narrowphase/narrowphase.h:316:12: warning: ‘distance’ may be used uninitialized [-Wmaybe-uninitialized]
  316 |     return distance;
      |            ^~~~~~~~
/home/rocos/sia/AVIATOR/third_party/coal-3.0.4/include/coal/narrowphase/narrowphase.h: In static member function ‘static std::size_t coal::ShapeShapeCollider<ShapeType1, ShapeType2>::run(const coal::CollisionGeometry*, const coal::Transform3s&, const coal::CollisionGeometry*, const coal::Transform3s&, const coal::GJKSolver*, const coal::CollisionRequest&, coal::CollisionResult&) [with ShapeType1 = coal::Capsule; ShapeType2 = coal::ConvexBase]’:
/home/rocos/sia/AVIATOR/third_party/coal-3.0.4/include/coal/narrowphase/narrowphase.h:313:16: note: ‘distance’ declared here
  313 |     CoalScalar distance;
      |                ^~~~~~~~
In member function ‘coal::CoalScalar coal::GJKSolver::shapeDistance(const S1&, const coal::Transform3s&, const S2&, const coal::Transform3s&, bool, coal::Vec3s&, coal::Vec3s&, coal::Vec3s&) const [with S1 = coal::Capsule; S2 = coal::ConvexBase]’,
    inlined from ‘static coal::CoalScalar coal::ShapeShapeDistancer<ShapeType1, ShapeType2>::run(const coal::CollisionGeometry*, const coal::Transform3s&, const coal::CollisionGeometry*, const coal::Transform3s&, const coal::GJKSolver*, bool, coal::Vec3s&, coal::Vec3s&, coal::Vec3s&) [with ShapeType1 = coal::Capsule; ShapeType2 = coal::ConvexBase]’ at /home/rocos/sia/AVIATOR/third_party/coal-3.0.4/include/coal/internal/shape_shape_func.h:80:34,
    inlined from ‘coal::CoalScalar coal::internal::ShapeShapeDistance(const coal::CollisionGeometry*, const coal::Transform3s&, const coal::CollisionGeometry*, const coal::Transform3s&, const coal::GJKSolver*, bool, coal::Vec3s&, coal::Vec3s&, coal::Vec3s&) [with ShapeType1 = coal::Capsule; ShapeType2 = coal::ConvexBase]’ at /home/rocos/sia/AVIATOR/third_party/coal-3.0.4/include/coal/internal/shape_shape_func.h:121:66,
    inlined from ‘static std::size_t coal::ShapeShapeCollider<ShapeType1, ShapeType2>::run(const coal::CollisionGeometry*, const coal::Transform3s&, const coal::CollisionGeometry*, const coal::Transform3s&, const coal::GJKSolver*, const coal::CollisionRequest&, coal::CollisionResult&) [with ShapeType1 = coal::Capsule; ShapeType2 = coal::ConvexBase]’ at /home/rocos/sia/AVIATOR/third_party/coal-3.0.4/include/coal/internal/shape_shape_func.h:147:79:
/home/rocos/sia/AVIATOR/third_party/coal-3.0.4/include/coal/narrowphase/narrowphase.h:316:12: warning: ‘distance’ may be used uninitialized [-Wmaybe-uninitialized]
  316 |     return distance;
      |            ^~~~~~~~
/home/rocos/sia/AVIATOR/third_party/coal-3.0.4/include/coal/narrowphase/narrowphase.h: In static member function ‘static std::size_t coal::ShapeShapeCollider<ShapeType1, ShapeType2>::run(const coal::CollisionGeometry*, const coal::Transform3s&, const coal::CollisionGeometry*, const coal::Transform3s&, const coal::GJKSolver*, const coal::CollisionRequest&, coal::CollisionResult&) [with ShapeType1 = coal::Capsule; ShapeType2 = coal::ConvexBase]’:
/home/rocos/sia/AVIATOR/third_party/coal-3.0.4/include/coal/narrowphase/narrowphase.h:313:16: note: ‘distance’ declared here
  313 |     CoalScalar distance;
      |                ^~~~~~~~
In member function ‘coal::CoalScalar coal::GJKSolver::shapeDistance(const S1&, const coal::Transform3s&, const S2&, const coal::Transform3s&, bool, coal::Vec3s&, coal::Vec3s&, coal::Vec3s&) const [with S1 = coal::Capsule; S2 = coal::Cylinder]’,
    inlined from ‘static coal::CoalScalar coal::ShapeShapeDistancer<ShapeType1, ShapeType2>::run(const coal::CollisionGeometry*, const coal::Transform3s&, const coal::CollisionGeometry*, const coal::Transform3s&, const coal::GJKSolver*, bool, coal::Vec3s&, coal::Vec3s&, coal::Vec3s&) [with ShapeType1 = coal::Capsule; ShapeType2 = coal::Cylinder]’ at /home/rocos/sia/AVIATOR/third_party/coal-3.0.4/include/coal/internal/shape_shape_func.h:80:34,
    inlined from ‘coal::CoalScalar coal::internal::ShapeShapeDistance(const coal::CollisionGeometry*, const coal::Transform3s&, const coal::CollisionGeometry*, const coal::Transform3s&, const coal::GJKSolver*, bool, coal::Vec3s&, coal::Vec3s&, coal::Vec3s&) [with ShapeType1 = coal::Capsule; ShapeType2 = coal::Cylinder]’ at /home/rocos/sia/AVIATOR/third_party/coal-3.0.4/include/coal/internal/shape_shape_func.h:121:66,
    inlined from ‘static std::size_t coal::ShapeShapeCollider<ShapeType1, ShapeType2>::run(const coal::CollisionGeometry*, const coal::Transform3s&, const coal::CollisionGeometry*, const coal::Transform3s&, const coal::GJKSolver*, const coal::CollisionRequest&, coal::CollisionResult&) [with ShapeType1 = coal::Capsule; ShapeType2 = coal::Cylinder]’ at /home/rocos/sia/AVIATOR/third_party/coal-3.0.4/include/coal/internal/shape_shape_func.h:147:79:
/home/rocos/sia/AVIATOR/third_party/coal-3.0.4/include/coal/narrowphase/narrowphase.h:316:12: warning: ‘distance’ may be used uninitialized [-Wmaybe-uninitialized]
  316 |     return distance;
      |            ^~~~~~~~
/home/rocos/sia/AVIATOR/third_party/coal-3.0.4/include/coal/narrowphase/narrowphase.h: In static member function ‘static std::size_t coal::ShapeShapeCollider<ShapeType1, ShapeType2>::run(const coal::CollisionGeometry*, const coal::Transform3s&, const coal::CollisionGeometry*, const coal::Transform3s&, const coal::GJKSolver*, const coal::CollisionRequest&, coal::CollisionResult&) [with ShapeType1 = coal::Capsule; ShapeType2 = coal::Cylinder]’:
/home/rocos/sia/AVIATOR/third_party/coal-3.0.4/include/coal/narrowphase/narrowphase.h:313:16: note: ‘distance’ declared here
  313 |     CoalScalar distance;
      |                ^~~~~~~~
In member function ‘coal::CoalScalar coal::GJKSolver::shapeDistance(const S1&, const coal::Transform3s&, const S2&, const coal::Transform3s&, bool, coal::Vec3s&, coal::Vec3s&, coal::Vec3s&) const [with S1 = coal::Capsule; S2 = coal::Cylinder]’,
    inlined from ‘static coal::CoalScalar coal::ShapeShapeDistancer<ShapeType1, ShapeType2>::run(const coal::CollisionGeometry*, const coal::Transform3s&, const coal::CollisionGeometry*, const coal::Transform3s&, const coal::GJKSolver*, bool, coal::Vec3s&, coal::Vec3s&, coal::Vec3s&) [with ShapeType1 = coal::Capsule; ShapeType2 = coal::Cylinder]’ at /home/rocos/sia/AVIATOR/third_party/coal-3.0.4/include/coal/internal/shape_shape_func.h:80:34,
    inlined from ‘coal::CoalScalar coal::internal::ShapeShapeDistance(const coal::CollisionGeometry*, const coal::Transform3s&, const coal::CollisionGeometry*, const coal::Transform3s&, const coal::GJKSolver*, bool, coal::Vec3s&, coal::Vec3s&, coal::Vec3s&) [with ShapeType1 = coal::Capsule; ShapeType2 = coal::Cylinder]’ at /home/rocos/sia/AVIATOR/third_party/coal-3.0.4/include/coal/internal/shape_shape_func.h:121:66,
    inlined from ‘static std::size_t coal::ShapeShapeCollider<ShapeType1, ShapeType2>::run(const coal::CollisionGeometry*, const coal::Transform3s&, const coal::CollisionGeometry*, const coal::Transform3s&, const coal::GJKSolver*, const coal::CollisionRequest&, coal::CollisionResult&) [with ShapeType1 = coal::Capsule; ShapeType2 = coal::Cylinder]’ at /home/rocos/sia/AVIATOR/third_party/coal-3.0.4/include/coal/internal/shape_shape_func.h:147:79:
/home/rocos/sia/AVIATOR/third_party/coal-3.0.4/include/coal/narrowphase/narrowphase.h:316:12: warning: ‘distance’ may be used uninitialized [-Wmaybe-uninitialized]
  316 |     return distance;
      |            ^~~~~~~~
/home/rocos/sia/AVIATOR/third_party/coal-3.0.4/include/coal/narrowphase/narrowphase.h: In static member function ‘static std::size_t coal::ShapeShapeCollider<ShapeType1, ShapeType2>::run(const coal::CollisionGeometry*, const coal::Transform3s&, const coal::CollisionGeometry*, const coal::Transform3s&, const coal::GJKSolver*, const coal::CollisionRequest&, coal::CollisionResult&) [with ShapeType1 = coal::Capsule; ShapeType2 = coal::Cylinder]’:
/home/rocos/sia/AVIATOR/third_party/coal-3.0.4/include/coal/narrowphase/narrowphase.h:313:16: note: ‘distance’ declared here
  313 |     CoalScalar distance;
      |                ^~~~~~~~
In member function ‘coal::CoalScalar coal::GJKSolver::shapeDistance(const S1&, const coal::Transform3s&, const S2&, const coal::Transform3s&, bool, coal::Vec3s&, coal::Vec3s&, coal::Vec3s&) const [with S1 = coal::Capsule; S2 = coal::Cone]’,
    inlined from ‘static coal::CoalScalar coal::ShapeShapeDistancer<ShapeType1, ShapeType2>::run(const coal::CollisionGeometry*, const coal::Transform3s&, const coal::CollisionGeometry*, const coal::Transform3s&, const coal::GJKSolver*, bool, coal::Vec3s&, coal::Vec3s&, coal::Vec3s&) [with ShapeType1 = coal::Capsule; ShapeType2 = coal::Cone]’ at /home/rocos/sia/AVIATOR/third_party/coal-3.0.4/include/coal/internal/shape_shape_func.h:80:34,
    inlined from ‘coal::CoalScalar coal::internal::ShapeShapeDistance(const coal::CollisionGeometry*, const coal::Transform3s&, const coal::CollisionGeometry*, const coal::Transform3s&, const coal::GJKSolver*, bool, coal::Vec3s&, coal::Vec3s&, coal::Vec3s&) [with ShapeType1 = coal::Capsule; ShapeType2 = coal::Cone]’ at /home/rocos/sia/AVIATOR/third_party/coal-3.0.4/include/coal/internal/shape_shape_func.h:121:66,
    inlined from ‘static std::size_t coal::ShapeShapeCollider<ShapeType1, ShapeType2>::run(const coal::CollisionGeometry*, const coal::Transform3s&, const coal::CollisionGeometry*, const coal::Transform3s&, const coal::GJKSolver*, const coal::CollisionRequest&, coal::CollisionResult&) [with ShapeType1 = coal::Capsule; ShapeType2 = coal::Cone]’ at /home/rocos/sia/AVIATOR/third_party/coal-3.0.4/include/coal/internal/shape_shape_func.h:147:79:
/home/rocos/sia/AVIATOR/third_party/coal-3.0.4/include/coal/narrowphase/narrowphase.h:316:12: warning: ‘distance’ may be used uninitialized [-Wmaybe-uninitialized]
  316 |     return distance;
      |            ^~~~~~~~
/home/rocos/sia/AVIATOR/third_party/coal-3.0.4/include/coal/narrowphase/narrowphase.h: In static member function ‘static std::size_t coal::ShapeShapeCollider<ShapeType1, ShapeType2>::run(const coal::CollisionGeometry*, const coal::Transform3s&, const coal::CollisionGeometry*, const coal::Transform3s&, const coal::GJKSolver*, const coal::CollisionRequest&, coal::CollisionResult&) [with ShapeType1 = coal::Capsule; ShapeType2 = coal::Cone]’:
/home/rocos/sia/AVIATOR/third_party/coal-3.0.4/include/coal/narrowphase/narrowphase.h:313:16: note: ‘distance’ declared here
  313 |     CoalScalar distance;
      |                ^~~~~~~~
In member function ‘coal::CoalScalar coal::GJKSolver::shapeDistance(const S1&, const coal::Transform3s&, const S2&, const coal::Transform3s&, bool, coal::Vec3s&, coal::Vec3s&, coal::Vec3s&) const [with S1 = coal::Capsule; S2 = coal::Cone]’,
    inlined from ‘static coal::CoalScalar coal::ShapeShapeDistancer<ShapeType1, ShapeType2>::run(const coal::CollisionGeometry*, const coal::Transform3s&, const coal::CollisionGeometry*, const coal::Transform3s&, const coal::GJKSolver*, bool, coal::Vec3s&, coal::Vec3s&, coal::Vec3s&) [with ShapeType1 = coal::Capsule; ShapeType2 = coal::Cone]’ at /home/rocos/sia/AVIATOR/third_party/coal-3.0.4/include/coal/internal/shape_shape_func.h:80:34,
    inlined from ‘coal::CoalScalar coal::internal::ShapeShapeDistance(const coal::CollisionGeometry*, const coal::Transform3s&, const coal::CollisionGeometry*, const coal::Transform3s&, const coal::GJKSolver*, bool, coal::Vec3s&, coal::Vec3s&, coal::Vec3s&) [with ShapeType1 = coal::Capsule; ShapeType2 = coal::Cone]’ at /home/rocos/sia/AVIATOR/third_party/coal-3.0.4/include/coal/internal/shape_shape_func.h:121:66,
    inlined from ‘static std::size_t coal::ShapeShapeCollider<ShapeType1, ShapeType2>::run(const coal::CollisionGeometry*, const coal::Transform3s&, const coal::CollisionGeometry*, const coal::Transform3s&, const coal::GJKSolver*, const coal::CollisionRequest&, coal::CollisionResult&) [with ShapeType1 = coal::Capsule; ShapeType2 = coal::Cone]’ at /home/rocos/sia/AVIATOR/third_party/coal-3.0.4/include/coal/internal/shape_shape_func.h:147:79:
/home/rocos/sia/AVIATOR/third_party/coal-3.0.4/include/coal/narrowphase/narrowphase.h:316:12: warning: ‘distance’ may be used uninitialized [-Wmaybe-uninitialized]
  316 |     return distance;
      |            ^~~~~~~~
/home/rocos/sia/AVIATOR/third_party/coal-3.0.4/include/coal/narrowphase/narrowphase.h: In static member function ‘static std::size_t coal::ShapeShapeCollider<ShapeType1, ShapeType2>::run(const coal::CollisionGeometry*, const coal::Transform3s&, const coal::CollisionGeometry*, const coal::Transform3s&, const coal::GJKSolver*, const coal::CollisionRequest&, coal::CollisionResult&) [with ShapeType1 = coal::Capsule; ShapeType2 = coal::Cone]’:
/home/rocos/sia/AVIATOR/third_party/coal-3.0.4/include/coal/narrowphase/narrowphase.h:313:16: note: ‘distance’ declared here
  313 |     CoalScalar distance;
      |                ^~~~~~~~
In member function ‘coal::CoalScalar coal::GJKSolver::shapeDistance(const S1&, const coal::Transform3s&, const S2&, const coal::Transform3s&, bool, coal::Vec3s&, coal::Vec3s&, coal::Vec3s&) const [with S1 = coal::Capsule; S2 = coal::Box]’,
    inlined from ‘static coal::CoalScalar coal::ShapeShapeDistancer<ShapeType1, ShapeType2>::run(const coal::CollisionGeometry*, const coal::Transform3s&, const coal::CollisionGeometry*, const coal::Transform3s&, const coal::GJKSolver*, bool, coal::Vec3s&, coal::Vec3s&, coal::Vec3s&) [with ShapeType1 = coal::Capsule; ShapeType2 = coal::Box]’ at /home/rocos/sia/AVIATOR/third_party/coal-3.0.4/include/coal/internal/shape_shape_func.h:80:34,
    inlined from ‘coal::CoalScalar coal::internal::ShapeShapeDistance(const coal::CollisionGeometry*, const coal::Transform3s&, const coal::CollisionGeometry*, const coal::Transform3s&, const coal::GJKSolver*, bool, coal::Vec3s&, coal::Vec3s&, coal::Vec3s&) [with ShapeType1 = coal::Capsule; ShapeType2 = coal::Box]’ at /home/rocos/sia/AVIATOR/third_party/coal-3.0.4/include/coal/internal/shape_shape_func.h:121:66,
    inlined from ‘static std::size_t coal::ShapeShapeCollider<ShapeType1, ShapeType2>::run(const coal::CollisionGeometry*, const coal::Transform3s&, const coal::CollisionGeometry*, const coal::Transform3s&, const coal::GJKSolver*, const coal::CollisionRequest&, coal::CollisionResult&) [with ShapeType1 = coal::Capsule; ShapeType2 = coal::Box]’ at /home/rocos/sia/AVIATOR/third_party/coal-3.0.4/include/coal/internal/shape_shape_func.h:147:79:
/home/rocos/sia/AVIATOR/third_party/coal-3.0.4/include/coal/narrowphase/narrowphase.h:316:12: warning: ‘distance’ may be used uninitialized [-Wmaybe-uninitialized]
  316 |     return distance;
      |            ^~~~~~~~
/home/rocos/sia/AVIATOR/third_party/coal-3.0.4/include/coal/narrowphase/narrowphase.h: In static member function ‘static std::size_t coal::ShapeShapeCollider<ShapeType1, ShapeType2>::run(const coal::CollisionGeometry*, const coal::Transform3s&, const coal::CollisionGeometry*, const coal::Transform3s&, const coal::GJKSolver*, const coal::CollisionRequest&, coal::CollisionResult&) [with ShapeType1 = coal::Capsule; ShapeType2 = coal::Box]’:
/home/rocos/sia/AVIATOR/third_party/coal-3.0.4/include/coal/narrowphase/narrowphase.h:313:16: note: ‘distance’ declared here
  313 |     CoalScalar distance;
      |                ^~~~~~~~
In member function ‘coal::CoalScalar coal::GJKSolver::shapeDistance(const S1&, const coal::Transform3s&, const S2&, const coal::Transform3s&, bool, coal::Vec3s&, coal::Vec3s&, coal::Vec3s&) const [with S1 = coal::Capsule; S2 = coal::Box]’,
    inlined from ‘static coal::CoalScalar coal::ShapeShapeDistancer<ShapeType1, ShapeType2>::run(const coal::CollisionGeometry*, const coal::Transform3s&, const coal::CollisionGeometry*, const coal::Transform3s&, const coal::GJKSolver*, bool, coal::Vec3s&, coal::Vec3s&, coal::Vec3s&) [with ShapeType1 = coal::Capsule; ShapeType2 = coal::Box]’ at /home/rocos/sia/AVIATOR/third_party/coal-3.0.4/include/coal/internal/shape_shape_func.h:80:34,
    inlined from ‘coal::CoalScalar coal::internal::ShapeShapeDistance(const coal::CollisionGeometry*, const coal::Transform3s&, const coal::CollisionGeometry*, const coal::Transform3s&, const coal::GJKSolver*, bool, coal::Vec3s&, coal::Vec3s&, coal::Vec3s&) [with ShapeType1 = coal::Capsule; ShapeType2 = coal::Box]’ at /home/rocos/sia/AVIATOR/third_party/coal-3.0.4/include/coal/internal/shape_shape_func.h:121:66,
    inlined from ‘static std::size_t coal::ShapeShapeCollider<ShapeType1, ShapeType2>::run(const coal::CollisionGeometry*, const coal::Transform3s&, const coal::CollisionGeometry*, const coal::Transform3s&, const coal::GJKSolver*, const coal::CollisionRequest&, coal::CollisionResult&) [with ShapeType1 = coal::Capsule; ShapeType2 = coal::Box]’ at /home/rocos/sia/AVIATOR/third_party/coal-3.0.4/include/coal/internal/shape_shape_func.h:147:79:
/home/rocos/sia/AVIATOR/third_party/coal-3.0.4/include/coal/narrowphase/narrowphase.h:316:12: warning: ‘distance’ may be used uninitialized [-Wmaybe-uninitialized]
  316 |     return distance;
      |            ^~~~~~~~
/home/rocos/sia/AVIATOR/third_party/coal-3.0.4/include/coal/narrowphase/narrowphase.h: In static member function ‘static std::size_t coal::ShapeShapeCollider<ShapeType1, ShapeType2>::run(const coal::CollisionGeometry*, const coal::Transform3s&, const coal::CollisionGeometry*, const coal::Transform3s&, const coal::GJKSolver*, const coal::CollisionRequest&, coal::CollisionResult&) [with ShapeType1 = coal::Capsule; ShapeType2 = coal::Box]’:
/home/rocos/sia/AVIATOR/third_party/coal-3.0.4/include/coal/narrowphase/narrowphase.h:313:16: note: ‘distance’ declared here
  313 |     CoalScalar distance;
      |                ^~~~~~~~
In member function ‘coal::CoalScalar coal::GJKSolver::shapeDistance(const S1&, const coal::Transform3s&, const S2&, const coal::Transform3s&, bool, coal::Vec3s&, coal::Vec3s&, coal::Vec3s&) const [with S1 = coal::Ellipsoid; S2 = coal::Ellipsoid]’,
    inlined from ‘static coal::CoalScalar coal::ShapeShapeDistancer<ShapeType1, ShapeType2>::run(const coal::CollisionGeometry*, const coal::Transform3s&, const coal::CollisionGeometry*, const coal::Transform3s&, const coal::GJKSolver*, bool, coal::Vec3s&, coal::Vec3s&, coal::Vec3s&) [with ShapeType1 = coal::Ellipsoid; ShapeType2 = coal::Ellipsoid]’ at /home/rocos/sia/AVIATOR/third_party/coal-3.0.4/include/coal/internal/shape_shape_func.h:80:34,
    inlined from ‘coal::CoalScalar coal::internal::ShapeShapeDistance(const coal::CollisionGeometry*, const coal::Transform3s&, const coal::CollisionGeometry*, const coal::Transform3s&, const coal::GJKSolver*, bool, coal::Vec3s&, coal::Vec3s&, coal::Vec3s&) [with ShapeType1 = coal::Ellipsoid; ShapeType2 = coal::Ellipsoid]’ at /home/rocos/sia/AVIATOR/third_party/coal-3.0.4/include/coal/internal/shape_shape_func.h:121:66,
    inlined from ‘static std::size_t coal::ShapeShapeCollider<ShapeType1, ShapeType2>::run(const coal::CollisionGeometry*, const coal::Transform3s&, const coal::CollisionGeometry*, const coal::Transform3s&, const coal::GJKSolver*, const coal::CollisionRequest&, coal::CollisionResult&) [with ShapeType1 = coal::Ellipsoid; ShapeType2 = coal::Ellipsoid]’ at /home/rocos/sia/AVIATOR/third_party/coal-3.0.4/include/coal/internal/shape_shape_func.h:147:79:
/home/rocos/sia/AVIATOR/third_party/coal-3.0.4/include/coal/narrowphase/narrowphase.h:316:12: warning: ‘distance’ may be used uninitialized [-Wmaybe-uninitialized]
  316 |     return distance;
      |            ^~~~~~~~
/home/rocos/sia/AVIATOR/third_party/coal-3.0.4/include/coal/narrowphase/narrowphase.h: In static member function ‘static std::size_t coal::ShapeShapeCollider<ShapeType1, ShapeType2>::run(const coal::CollisionGeometry*, const coal::Transform3s&, const coal::CollisionGeometry*, const coal::Transform3s&, const coal::GJKSolver*, const coal::CollisionRequest&, coal::CollisionResult&) [with ShapeType1 = coal::Ellipsoid; ShapeType2 = coal::Ellipsoid]’:
/home/rocos/sia/AVIATOR/third_party/coal-3.0.4/include/coal/narrowphase/narrowphase.h:313:16: note: ‘distance’ declared here
  313 |     CoalScalar distance;
      |                ^~~~~~~~
In member function ‘coal::CoalScalar coal::GJKSolver::shapeDistance(const S1&, const coal::Transform3s&, const S2&, const coal::Transform3s&, bool, coal::Vec3s&, coal::Vec3s&, coal::Vec3s&) const [with S1 = coal::Ellipsoid; S2 = coal::Ellipsoid]’,
    inlined from ‘static coal::CoalScalar coal::ShapeShapeDistancer<ShapeType1, ShapeType2>::run(const coal::CollisionGeometry*, const coal::Transform3s&, const coal::CollisionGeometry*, const coal::Transform3s&, const coal::GJKSolver*, bool, coal::Vec3s&, coal::Vec3s&, coal::Vec3s&) [with ShapeType1 = coal::Ellipsoid; ShapeType2 = coal::Ellipsoid]’ at /home/rocos/sia/AVIATOR/third_party/coal-3.0.4/include/coal/internal/shape_shape_func.h:80:34,
    inlined from ‘coal::CoalScalar coal::internal::ShapeShapeDistance(const coal::CollisionGeometry*, const coal::Transform3s&, const coal::CollisionGeometry*, const coal::Transform3s&, const coal::GJKSolver*, bool, coal::Vec3s&, coal::Vec3s&, coal::Vec3s&) [with ShapeType1 = coal::Ellipsoid; ShapeType2 = coal::Ellipsoid]’ at /home/rocos/sia/AVIATOR/third_party/coal-3.0.4/include/coal/internal/shape_shape_func.h:121:66,
    inlined from ‘static std::size_t coal::ShapeShapeCollider<ShapeType1, ShapeType2>::run(const coal::CollisionGeometry*, const coal::Transform3s&, const coal::CollisionGeometry*, const coal::Transform3s&, const coal::GJKSolver*, const coal::CollisionRequest&, coal::CollisionResult&) [with ShapeType1 = coal::Ellipsoid; ShapeType2 = coal::Ellipsoid]’ at /home/rocos/sia/AVIATOR/third_party/coal-3.0.4/include/coal/internal/shape_shape_func.h:147:79:
/home/rocos/sia/AVIATOR/third_party/coal-3.0.4/include/coal/narrowphase/narrowphase.h:316:12: warning: ‘distance’ may be used uninitialized [-Wmaybe-uninitialized]
  316 |     return distance;
      |            ^~~~~~~~
/home/rocos/sia/AVIATOR/third_party/coal-3.0.4/include/coal/narrowphase/narrowphase.h: In static member function ‘static std::size_t coal::ShapeShapeCollider<ShapeType1, ShapeType2>::run(const coal::CollisionGeometry*, const coal::Transform3s&, const coal::CollisionGeometry*, const coal::Transform3s&, const coal::GJKSolver*, const coal::CollisionRequest&, coal::CollisionResult&) [with ShapeType1 = coal::Ellipsoid; ShapeType2 = coal::Ellipsoid]’:
/home/rocos/sia/AVIATOR/third_party/coal-3.0.4/include/coal/narrowphase/narrowphase.h:313:16: note: ‘distance’ declared here
  313 |     CoalScalar distance;
      |                ^~~~~~~~
In member function ‘coal::CoalScalar coal::GJKSolver::shapeDistance(const S1&, const coal::Transform3s&, const S2&, const coal::Transform3s&, bool, coal::Vec3s&, coal::Vec3s&, coal::Vec3s&) const [with S1 = coal::Ellipsoid; S2 = coal::ConvexBase]’,
    inlined from ‘static coal::CoalScalar coal::ShapeShapeDistancer<ShapeType1, ShapeType2>::run(const coal::CollisionGeometry*, const coal::Transform3s&, const coal::CollisionGeometry*, const coal::Transform3s&, const coal::GJKSolver*, bool, coal::Vec3s&, coal::Vec3s&, coal::Vec3s&) [with ShapeType1 = coal::Ellipsoid; ShapeType2 = coal::ConvexBase]’ at /home/rocos/sia/AVIATOR/third_party/coal-3.0.4/include/coal/internal/shape_shape_func.h:80:34,
    inlined from ‘coal::CoalScalar coal::internal::ShapeShapeDistance(const coal::CollisionGeometry*, const coal::Transform3s&, const coal::CollisionGeometry*, const coal::Transform3s&, const coal::GJKSolver*, bool, coal::Vec3s&, coal::Vec3s&, coal::Vec3s&) [with ShapeType1 = coal::Ellipsoid; ShapeType2 = coal::ConvexBase]’ at /home/rocos/sia/AVIATOR/third_party/coal-3.0.4/include/coal/internal/shape_shape_func.h:121:66,
    inlined from ‘static std::size_t coal::ShapeShapeCollider<ShapeType1, ShapeType2>::run(const coal::CollisionGeometry*, const coal::Transform3s&, const coal::CollisionGeometry*, const coal::Transform3s&, const coal::GJKSolver*, const coal::CollisionRequest&, coal::CollisionResult&) [with ShapeType1 = coal::Ellipsoid; ShapeType2 = coal::ConvexBase]’ at /home/rocos/sia/AVIATOR/third_party/coal-3.0.4/include/coal/internal/shape_shape_func.h:147:79:
/home/rocos/sia/AVIATOR/third_party/coal-3.0.4/include/coal/narrowphase/narrowphase.h:316:12: warning: ‘distance’ may be used uninitialized [-Wmaybe-uninitialized]
  316 |     return distance;
      |            ^~~~~~~~
/home/rocos/sia/AVIATOR/third_party/coal-3.0.4/include/coal/narrowphase/narrowphase.h: In static member function ‘static std::size_t coal::ShapeShapeCollider<ShapeType1, ShapeType2>::run(const coal::CollisionGeometry*, const coal::Transform3s&, const coal::CollisionGeometry*, const coal::Transform3s&, const coal::GJKSolver*, const coal::CollisionRequest&, coal::CollisionResult&) [with ShapeType1 = coal::Ellipsoid; ShapeType2 = coal::ConvexBase]’:
/home/rocos/sia/AVIATOR/third_party/coal-3.0.4/include/coal/narrowphase/narrowphase.h:313:16: note: ‘distance’ declared here
  313 |     CoalScalar distance;
      |                ^~~~~~~~
In member function ‘coal::CoalScalar coal::GJKSolver::shapeDistance(const S1&, const coal::Transform3s&, const S2&, const coal::Transform3s&, bool, coal::Vec3s&, coal::Vec3s&, coal::Vec3s&) const [with S1 = coal::Ellipsoid; S2 = coal::ConvexBase]’,
    inlined from ‘static coal::CoalScalar coal::ShapeShapeDistancer<ShapeType1, ShapeType2>::run(const coal::CollisionGeometry*, const coal::Transform3s&, const coal::CollisionGeometry*, const coal::Transform3s&, const coal::GJKSolver*, bool, coal::Vec3s&, coal::Vec3s&, coal::Vec3s&) [with ShapeType1 = coal::Ellipsoid; ShapeType2 = coal::ConvexBase]’ at /home/rocos/sia/AVIATOR/third_party/coal-3.0.4/include/coal/internal/shape_shape_func.h:80:34,
    inlined from ‘coal::CoalScalar coal::internal::ShapeShapeDistance(const coal::CollisionGeometry*, const coal::Transform3s&, const coal::CollisionGeometry*, const coal::Transform3s&, const coal::GJKSolver*, bool, coal::Vec3s&, coal::Vec3s&, coal::Vec3s&) [with ShapeType1 = coal::Ellipsoid; ShapeType2 = coal::ConvexBase]’ at /home/rocos/sia/AVIATOR/third_party/coal-3.0.4/include/coal/internal/shape_shape_func.h:121:66,
    inlined from ‘static std::size_t coal::ShapeShapeCollider<ShapeType1, ShapeType2>::run(const coal::CollisionGeometry*, const coal::Transform3s&, const coal::CollisionGeometry*, const coal::Transform3s&, const coal::GJKSolver*, const coal::CollisionRequest&, coal::CollisionResult&) [with ShapeType1 = coal::Ellipsoid; ShapeType2 = coal::ConvexBase]’ at /home/rocos/sia/AVIATOR/third_party/coal-3.0.4/include/coal/internal/shape_shape_func.h:147:79:
/home/rocos/sia/AVIATOR/third_party/coal-3.0.4/include/coal/narrowphase/narrowphase.h:316:12: warning: ‘distance’ may be used uninitialized [-Wmaybe-uninitialized]
  316 |     return distance;
      |            ^~~~~~~~
/home/rocos/sia/AVIATOR/third_party/coal-3.0.4/include/coal/narrowphase/narrowphase.h: In static member function ‘static std::size_t coal::ShapeShapeCollider<ShapeType1, ShapeType2>::run(const coal::CollisionGeometry*, const coal::Transform3s&, const coal::CollisionGeometry*, const coal::Transform3s&, const coal::GJKSolver*, const coal::CollisionRequest&, coal::CollisionResult&) [with ShapeType1 = coal::Ellipsoid; ShapeType2 = coal::ConvexBase]’:
/home/rocos/sia/AVIATOR/third_party/coal-3.0.4/include/coal/narrowphase/narrowphase.h:313:16: note: ‘distance’ declared here
  313 |     CoalScalar distance;
      |                ^~~~~~~~
In member function ‘coal::CoalScalar coal::GJKSolver::shapeDistance(const S1&, const coal::Transform3s&, const S2&, const coal::Transform3s&, bool, coal::Vec3s&, coal::Vec3s&, coal::Vec3s&) const [with S1 = coal::Ellipsoid; S2 = coal::Cylinder]’,
    inlined from ‘static coal::CoalScalar coal::ShapeShapeDistancer<ShapeType1, ShapeType2>::run(const coal::CollisionGeometry*, const coal::Transform3s&, const coal::CollisionGeometry*, const coal::Transform3s&, const coal::GJKSolver*, bool, coal::Vec3s&, coal::Vec3s&, coal::Vec3s&) [with ShapeType1 = coal::Ellipsoid; ShapeType2 = coal::Cylinder]’ at /home/rocos/sia/AVIATOR/third_party/coal-3.0.4/include/coal/internal/shape_shape_func.h:80:34,
    inlined from ‘coal::CoalScalar coal::internal::ShapeShapeDistance(const coal::CollisionGeometry*, const coal::Transform3s&, const coal::CollisionGeometry*, const coal::Transform3s&, const coal::GJKSolver*, bool, coal::Vec3s&, coal::Vec3s&, coal::Vec3s&) [with ShapeType1 = coal::Ellipsoid; ShapeType2 = coal::Cylinder]’ at /home/rocos/sia/AVIATOR/third_party/coal-3.0.4/include/coal/internal/shape_shape_func.h:121:66,
    inlined from ‘static std::size_t coal::ShapeShapeCollider<ShapeType1, ShapeType2>::run(const coal::CollisionGeometry*, const coal::Transform3s&, const coal::CollisionGeometry*, const coal::Transform3s&, const coal::GJKSolver*, const coal::CollisionRequest&, coal::CollisionResult&) [with ShapeType1 = coal::Ellipsoid; ShapeType2 = coal::Cylinder]’ at /home/rocos/sia/AVIATOR/third_party/coal-3.0.4/include/coal/internal/shape_shape_func.h:147:79:
/home/rocos/sia/AVIATOR/third_party/coal-3.0.4/include/coal/narrowphase/narrowphase.h:316:12: warning: ‘distance’ may be used uninitialized [-Wmaybe-uninitialized]
  316 |     return distance;
      |            ^~~~~~~~
/home/rocos/sia/AVIATOR/third_party/coal-3.0.4/include/coal/narrowphase/narrowphase.h: In static member function ‘static std::size_t coal::ShapeShapeCollider<ShapeType1, ShapeType2>::run(const coal::CollisionGeometry*, const coal::Transform3s&, const coal::CollisionGeometry*, const coal::Transform3s&, const coal::GJKSolver*, const coal::CollisionRequest&, coal::CollisionResult&) [with ShapeType1 = coal::Ellipsoid; ShapeType2 = coal::Cylinder]’:
/home/rocos/sia/AVIATOR/third_party/coal-3.0.4/include/coal/narrowphase/narrowphase.h:313:16: note: ‘distance’ declared here
  313 |     CoalScalar distance;
      |                ^~~~~~~~
In member function ‘coal::CoalScalar coal::GJKSolver::shapeDistance(const S1&, const coal::Transform3s&, const S2&, const coal::Transform3s&, bool, coal::Vec3s&, coal::Vec3s&, coal::Vec3s&) const [with S1 = coal::Ellipsoid; S2 = coal::Cylinder]’,
    inlined from ‘static coal::CoalScalar coal::ShapeShapeDistancer<ShapeType1, ShapeType2>::run(const coal::CollisionGeometry*, const coal::Transform3s&, const coal::CollisionGeometry*, const coal::Transform3s&, const coal::GJKSolver*, bool, coal::Vec3s&, coal::Vec3s&, coal::Vec3s&) [with ShapeType1 = coal::Ellipsoid; ShapeType2 = coal::Cylinder]’ at /home/rocos/sia/AVIATOR/third_party/coal-3.0.4/include/coal/internal/shape_shape_func.h:80:34,
    inlined from ‘coal::CoalScalar coal::internal::ShapeShapeDistance(const coal::CollisionGeometry*, const coal::Transform3s&, const coal::CollisionGeometry*, const coal::Transform3s&, const coal::GJKSolver*, bool, coal::Vec3s&, coal::Vec3s&, coal::Vec3s&) [with ShapeType1 = coal::Ellipsoid; ShapeType2 = coal::Cylinder]’ at /home/rocos/sia/AVIATOR/third_party/coal-3.0.4/include/coal/internal/shape_shape_func.h:121:66,
    inlined from ‘static std::size_t coal::ShapeShapeCollider<ShapeType1, ShapeType2>::run(const coal::CollisionGeometry*, const coal::Transform3s&, const coal::CollisionGeometry*, const coal::Transform3s&, const coal::GJKSolver*, const coal::CollisionRequest&, coal::CollisionResult&) [with ShapeType1 = coal::Ellipsoid; ShapeType2 = coal::Cylinder]’ at /home/rocos/sia/AVIATOR/third_party/coal-3.0.4/include/coal/internal/shape_shape_func.h:147:79:
/home/rocos/sia/AVIATOR/third_party/coal-3.0.4/include/coal/narrowphase/narrowphase.h:316:12: warning: ‘distance’ may be used uninitialized [-Wmaybe-uninitialized]
  316 |     return distance;
      |            ^~~~~~~~
/home/rocos/sia/AVIATOR/third_party/coal-3.0.4/include/coal/narrowphase/narrowphase.h: In static member function ‘static std::size_t coal::ShapeShapeCollider<ShapeType1, ShapeType2>::run(const coal::CollisionGeometry*, const coal::Transform3s&, const coal::CollisionGeometry*, const coal::Transform3s&, const coal::GJKSolver*, const coal::CollisionRequest&, coal::CollisionResult&) [with ShapeType1 = coal::Ellipsoid; ShapeType2 = coal::Cylinder]’:
/home/rocos/sia/AVIATOR/third_party/coal-3.0.4/include/coal/narrowphase/narrowphase.h:313:16: note: ‘distance’ declared here
  313 |     CoalScalar distance;
      |                ^~~~~~~~
In member function ‘coal::CoalScalar coal::GJKSolver::shapeDistance(const S1&, const coal::Transform3s&, const S2&, const coal::Transform3s&, bool, coal::Vec3s&, coal::Vec3s&, coal::Vec3s&) const [with S1 = coal::Ellipsoid; S2 = coal::Cone]’,
    inlined from ‘static coal::CoalScalar coal::ShapeShapeDistancer<ShapeType1, ShapeType2>::run(const coal::CollisionGeometry*, const coal::Transform3s&, const coal::CollisionGeometry*, const coal::Transform3s&, const coal::GJKSolver*, bool, coal::Vec3s&, coal::Vec3s&, coal::Vec3s&) [with ShapeType1 = coal::Ellipsoid; ShapeType2 = coal::Cone]’ at /home/rocos/sia/AVIATOR/third_party/coal-3.0.4/include/coal/internal/shape_shape_func.h:80:34,
    inlined from ‘coal::CoalScalar coal::internal::ShapeShapeDistance(const coal::CollisionGeometry*, const coal::Transform3s&, const coal::CollisionGeometry*, const coal::Transform3s&, const coal::GJKSolver*, bool, coal::Vec3s&, coal::Vec3s&, coal::Vec3s&) [with ShapeType1 = coal::Ellipsoid; ShapeType2 = coal::Cone]’ at /home/rocos/sia/AVIATOR/third_party/coal-3.0.4/include/coal/internal/shape_shape_func.h:121:66,
    inlined from ‘static std::size_t coal::ShapeShapeCollider<ShapeType1, ShapeType2>::run(const coal::CollisionGeometry*, const coal::Transform3s&, const coal::CollisionGeometry*, const coal::Transform3s&, const coal::GJKSolver*, const coal::CollisionRequest&, coal::CollisionResult&) [with ShapeType1 = coal::Ellipsoid; ShapeType2 = coal::Cone]’ at /home/rocos/sia/AVIATOR/third_party/coal-3.0.4/include/coal/internal/shape_shape_func.h:147:79:
/home/rocos/sia/AVIATOR/third_party/coal-3.0.4/include/coal/narrowphase/narrowphase.h:316:12: warning: ‘distance’ may be used uninitialized [-Wmaybe-uninitialized]
  316 |     return distance;
      |            ^~~~~~~~
/home/rocos/sia/AVIATOR/third_party/coal-3.0.4/include/coal/narrowphase/narrowphase.h: In static member function ‘static std::size_t coal::ShapeShapeCollider<ShapeType1, ShapeType2>::run(const coal::CollisionGeometry*, const coal::Transform3s&, const coal::CollisionGeometry*, const coal::Transform3s&, const coal::GJKSolver*, const coal::CollisionRequest&, coal::CollisionResult&) [with ShapeType1 = coal::Ellipsoid; ShapeType2 = coal::Cone]’:
/home/rocos/sia/AVIATOR/third_party/coal-3.0.4/include/coal/narrowphase/narrowphase.h:313:16: note: ‘distance’ declared here
  313 |     CoalScalar distance;
      |                ^~~~~~~~
In member function ‘coal::CoalScalar coal::GJKSolver::shapeDistance(const S1&, const coal::Transform3s&, const S2&, const coal::Transform3s&, bool, coal::Vec3s&, coal::Vec3s&, coal::Vec3s&) const [with S1 = coal::Ellipsoid; S2 = coal::Cone]’,
    inlined from ‘static coal::CoalScalar coal::ShapeShapeDistancer<ShapeType1, ShapeType2>::run(const coal::CollisionGeometry*, const coal::Transform3s&, const coal::CollisionGeometry*, const coal::Transform3s&, const coal::GJKSolver*, bool, coal::Vec3s&, coal::Vec3s&, coal::Vec3s&) [with ShapeType1 = coal::Ellipsoid; ShapeType2 = coal::Cone]’ at /home/rocos/sia/AVIATOR/third_party/coal-3.0.4/include/coal/internal/shape_shape_func.h:80:34,
    inlined from ‘coal::CoalScalar coal::internal::ShapeShapeDistance(const coal::CollisionGeometry*, const coal::Transform3s&, const coal::CollisionGeometry*, const coal::Transform3s&, const coal::GJKSolver*, bool, coal::Vec3s&, coal::Vec3s&, coal::Vec3s&) [with ShapeType1 = coal::Ellipsoid; ShapeType2 = coal::Cone]’ at /home/rocos/sia/AVIATOR/third_party/coal-3.0.4/include/coal/internal/shape_shape_func.h:121:66,
    inlined from ‘static std::size_t coal::ShapeShapeCollider<ShapeType1, ShapeType2>::run(const coal::CollisionGeometry*, const coal::Transform3s&, const coal::CollisionGeometry*, const coal::Transform3s&, const coal::GJKSolver*, const coal::CollisionRequest&, coal::CollisionResult&) [with ShapeType1 = coal::Ellipsoid; ShapeType2 = coal::Cone]’ at /home/rocos/sia/AVIATOR/third_party/coal-3.0.4/include/coal/internal/shape_shape_func.h:147:79:
/home/rocos/sia/AVIATOR/third_party/coal-3.0.4/include/coal/narrowphase/narrowphase.h:316:12: warning: ‘distance’ may be used uninitialized [-Wmaybe-uninitialized]
  316 |     return distance;
      |            ^~~~~~~~
/home/rocos/sia/AVIATOR/third_party/coal-3.0.4/include/coal/narrowphase/narrowphase.h: In static member function ‘static std::size_t coal::ShapeShapeCollider<ShapeType1, ShapeType2>::run(const coal::CollisionGeometry*, const coal::Transform3s&, const coal::CollisionGeometry*, const coal::Transform3s&, const coal::GJKSolver*, const coal::CollisionRequest&, coal::CollisionResult&) [with ShapeType1 = coal::Ellipsoid; ShapeType2 = coal::Cone]’:
/home/rocos/sia/AVIATOR/third_party/coal-3.0.4/include/coal/narrowphase/narrowphase.h:313:16: note: ‘distance’ declared here
  313 |     CoalScalar distance;
      |                ^~~~~~~~
In member function ‘coal::CoalScalar coal::GJKSolver::shapeDistance(const S1&, const coal::Transform3s&, const S2&, const coal::Transform3s&, bool, coal::Vec3s&, coal::Vec3s&, coal::Vec3s&) const [with S1 = coal::Ellipsoid; S2 = coal::Capsule]’,
    inlined from ‘static coal::CoalScalar coal::ShapeShapeDistancer<ShapeType1, ShapeType2>::run(const coal::CollisionGeometry*, const coal::Transform3s&, const coal::CollisionGeometry*, const coal::Transform3s&, const coal::GJKSolver*, bool, coal::Vec3s&, coal::Vec3s&, coal::Vec3s&) [with ShapeType1 = coal::Ellipsoid; ShapeType2 = coal::Capsule]’ at /home/rocos/sia/AVIATOR/third_party/coal-3.0.4/include/coal/internal/shape_shape_func.h:80:34,
    inlined from ‘coal::CoalScalar coal::internal::ShapeShapeDistance(const coal::CollisionGeometry*, const coal::Transform3s&, const coal::CollisionGeometry*, const coal::Transform3s&, const coal::GJKSolver*, bool, coal::Vec3s&, coal::Vec3s&, coal::Vec3s&) [with ShapeType1 = coal::Ellipsoid; ShapeType2 = coal::Capsule]’ at /home/rocos/sia/AVIATOR/third_party/coal-3.0.4/include/coal/internal/shape_shape_func.h:121:66,
    inlined from ‘static std::size_t coal::ShapeShapeCollider<ShapeType1, ShapeType2>::run(const coal::CollisionGeometry*, const coal::Transform3s&, const coal::CollisionGeometry*, const coal::Transform3s&, const coal::GJKSolver*, const coal::CollisionRequest&, coal::CollisionResult&) [with ShapeType1 = coal::Ellipsoid; ShapeType2 = coal::Capsule]’ at /home/rocos/sia/AVIATOR/third_party/coal-3.0.4/include/coal/internal/shape_shape_func.h:147:79:
/home/rocos/sia/AVIATOR/third_party/coal-3.0.4/include/coal/narrowphase/narrowphase.h:316:12: warning: ‘distance’ may be used uninitialized [-Wmaybe-uninitialized]
  316 |     return distance;
      |            ^~~~~~~~
/home/rocos/sia/AVIATOR/third_party/coal-3.0.4/include/coal/narrowphase/narrowphase.h: In static member function ‘static std::size_t coal::ShapeShapeCollider<ShapeType1, ShapeType2>::run(const coal::CollisionGeometry*, const coal::Transform3s&, const coal::CollisionGeometry*, const coal::Transform3s&, const coal::GJKSolver*, const coal::CollisionRequest&, coal::CollisionResult&) [with ShapeType1 = coal::Ellipsoid; ShapeType2 = coal::Capsule]’:
/home/rocos/sia/AVIATOR/third_party/coal-3.0.4/include/coal/narrowphase/narrowphase.h:313:16: note: ‘distance’ declared here
  313 |     CoalScalar distance;
      |                ^~~~~~~~
In member function ‘coal::CoalScalar coal::GJKSolver::shapeDistance(const S1&, const coal::Transform3s&, const S2&, const coal::Transform3s&, bool, coal::Vec3s&, coal::Vec3s&, coal::Vec3s&) const [with S1 = coal::Ellipsoid; S2 = coal::Capsule]’,
    inlined from ‘static coal::CoalScalar coal::ShapeShapeDistancer<ShapeType1, ShapeType2>::run(const coal::CollisionGeometry*, const coal::Transform3s&, const coal::CollisionGeometry*, const coal::Transform3s&, const coal::GJKSolver*, bool, coal::Vec3s&, coal::Vec3s&, coal::Vec3s&) [with ShapeType1 = coal::Ellipsoid; ShapeType2 = coal::Capsule]’ at /home/rocos/sia/AVIATOR/third_party/coal-3.0.4/include/coal/internal/shape_shape_func.h:80:34,
    inlined from ‘coal::CoalScalar coal::internal::ShapeShapeDistance(const coal::CollisionGeometry*, const coal::Transform3s&, const coal::CollisionGeometry*, const coal::Transform3s&, const coal::GJKSolver*, bool, coal::Vec3s&, coal::Vec3s&, coal::Vec3s&) [with ShapeType1 = coal::Ellipsoid; ShapeType2 = coal::Capsule]’ at /home/rocos/sia/AVIATOR/third_party/coal-3.0.4/include/coal/internal/shape_shape_func.h:121:66,
    inlined from ‘static std::size_t coal::ShapeShapeCollider<ShapeType1, ShapeType2>::run(const coal::CollisionGeometry*, const coal::Transform3s&, const coal::CollisionGeometry*, const coal::Transform3s&, const coal::GJKSolver*, const coal::CollisionRequest&, coal::CollisionResult&) [with ShapeType1 = coal::Ellipsoid; ShapeType2 = coal::Capsule]’ at /home/rocos/sia/AVIATOR/third_party/coal-3.0.4/include/coal/internal/shape_shape_func.h:147:79:
/home/rocos/sia/AVIATOR/third_party/coal-3.0.4/include/coal/narrowphase/narrowphase.h:316:12: warning: ‘distance’ may be used uninitialized [-Wmaybe-uninitialized]
  316 |     return distance;
      |            ^~~~~~~~
/home/rocos/sia/AVIATOR/third_party/coal-3.0.4/include/coal/narrowphase/narrowphase.h: In static member function ‘static std::size_t coal::ShapeShapeCollider<ShapeType1, ShapeType2>::run(const coal::CollisionGeometry*, const coal::Transform3s&, const coal::CollisionGeometry*, const coal::Transform3s&, const coal::GJKSolver*, const coal::CollisionRequest&, coal::CollisionResult&) [with ShapeType1 = coal::Ellipsoid; ShapeType2 = coal::Capsule]’:
/home/rocos/sia/AVIATOR/third_party/coal-3.0.4/include/coal/narrowphase/narrowphase.h:313:16: note: ‘distance’ declared here
  313 |     CoalScalar distance;
      |                ^~~~~~~~
In member function ‘coal::CoalScalar coal::GJKSolver::shapeDistance(const S1&, const coal::Transform3s&, const S2&, const coal::Transform3s&, bool, coal::Vec3s&, coal::Vec3s&, coal::Vec3s&) const [with S1 = coal::Ellipsoid; S2 = coal::Sphere]’,
    inlined from ‘static coal::CoalScalar coal::ShapeShapeDistancer<ShapeType1, ShapeType2>::run(const coal::CollisionGeometry*, const coal::Transform3s&, const coal::CollisionGeometry*, const coal::Transform3s&, const coal::GJKSolver*, bool, coal::Vec3s&, coal::Vec3s&, coal::Vec3s&) [with ShapeType1 = coal::Ellipsoid; ShapeType2 = coal::Sphere]’ at /home/rocos/sia/AVIATOR/third_party/coal-3.0.4/include/coal/internal/shape_shape_func.h:80:34,
    inlined from ‘coal::CoalScalar coal::internal::ShapeShapeDistance(const coal::CollisionGeometry*, const coal::Transform3s&, const coal::CollisionGeometry*, const coal::Transform3s&, const coal::GJKSolver*, bool, coal::Vec3s&, coal::Vec3s&, coal::Vec3s&) [with ShapeType1 = coal::Ellipsoid; ShapeType2 = coal::Sphere]’ at /home/rocos/sia/AVIATOR/third_party/coal-3.0.4/include/coal/internal/shape_shape_func.h:121:66,
    inlined from ‘static std::size_t coal::ShapeShapeCollider<ShapeType1, ShapeType2>::run(const coal::CollisionGeometry*, const coal::Transform3s&, const coal::CollisionGeometry*, const coal::Transform3s&, const coal::GJKSolver*, const coal::CollisionRequest&, coal::CollisionResult&) [with ShapeType1 = coal::Ellipsoid; ShapeType2 = coal::Sphere]’ at /home/rocos/sia/AVIATOR/third_party/coal-3.0.4/include/coal/internal/shape_shape_func.h:147:79:
/home/rocos/sia/AVIATOR/third_party/coal-3.0.4/include/coal/narrowphase/narrowphase.h:316:12: warning: ‘distance’ may be used uninitialized [-Wmaybe-uninitialized]
  316 |     return distance;
      |            ^~~~~~~~
/home/rocos/sia/AVIATOR/third_party/coal-3.0.4/include/coal/narrowphase/narrowphase.h: In static member function ‘static std::size_t coal::ShapeShapeCollider<ShapeType1, ShapeType2>::run(const coal::CollisionGeometry*, const coal::Transform3s&, const coal::CollisionGeometry*, const coal::Transform3s&, const coal::GJKSolver*, const coal::CollisionRequest&, coal::CollisionResult&) [with ShapeType1 = coal::Ellipsoid; ShapeType2 = coal::Sphere]’:
/home/rocos/sia/AVIATOR/third_party/coal-3.0.4/include/coal/narrowphase/narrowphase.h:313:16: note: ‘distance’ declared here
  313 |     CoalScalar distance;
      |                ^~~~~~~~
In member function ‘coal::CoalScalar coal::GJKSolver::shapeDistance(const S1&, const coal::Transform3s&, const S2&, const coal::Transform3s&, bool, coal::Vec3s&, coal::Vec3s&, coal::Vec3s&) const [with S1 = coal::Ellipsoid; S2 = coal::Sphere]’,
    inlined from ‘static coal::CoalScalar coal::ShapeShapeDistancer<ShapeType1, ShapeType2>::run(const coal::CollisionGeometry*, const coal::Transform3s&, const coal::CollisionGeometry*, const coal::Transform3s&, const coal::GJKSolver*, bool, coal::Vec3s&, coal::Vec3s&, coal::Vec3s&) [with ShapeType1 = coal::Ellipsoid; ShapeType2 = coal::Sphere]’ at /home/rocos/sia/AVIATOR/third_party/coal-3.0.4/include/coal/internal/shape_shape_func.h:80:34,
    inlined from ‘coal::CoalScalar coal::internal::ShapeShapeDistance(const coal::CollisionGeometry*, const coal::Transform3s&, const coal::CollisionGeometry*, const coal::Transform3s&, const coal::GJKSolver*, bool, coal::Vec3s&, coal::Vec3s&, coal::Vec3s&) [with ShapeType1 = coal::Ellipsoid; ShapeType2 = coal::Sphere]’ at /home/rocos/sia/AVIATOR/third_party/coal-3.0.4/include/coal/internal/shape_shape_func.h:121:66,
    inlined from ‘static std::size_t coal::ShapeShapeCollider<ShapeType1, ShapeType2>::run(const coal::CollisionGeometry*, const coal::Transform3s&, const coal::CollisionGeometry*, const coal::Transform3s&, const coal::GJKSolver*, const coal::CollisionRequest&, coal::CollisionResult&) [with ShapeType1 = coal::Ellipsoid; ShapeType2 = coal::Sphere]’ at /home/rocos/sia/AVIATOR/third_party/coal-3.0.4/include/coal/internal/shape_shape_func.h:147:79:
/home/rocos/sia/AVIATOR/third_party/coal-3.0.4/include/coal/narrowphase/narrowphase.h:316:12: warning: ‘distance’ may be used uninitialized [-Wmaybe-uninitialized]
  316 |     return distance;
      |            ^~~~~~~~
/home/rocos/sia/AVIATOR/third_party/coal-3.0.4/include/coal/narrowphase/narrowphase.h: In static member function ‘static std::size_t coal::ShapeShapeCollider<ShapeType1, ShapeType2>::run(const coal::CollisionGeometry*, const coal::Transform3s&, const coal::CollisionGeometry*, const coal::Transform3s&, const coal::GJKSolver*, const coal::CollisionRequest&, coal::CollisionResult&) [with ShapeType1 = coal::Ellipsoid; ShapeType2 = coal::Sphere]’:
/home/rocos/sia/AVIATOR/third_party/coal-3.0.4/include/coal/narrowphase/narrowphase.h:313:16: note: ‘distance’ declared here
  313 |     CoalScalar distance;
      |                ^~~~~~~~
In member function ‘coal::CoalScalar coal::GJKSolver::shapeDistance(const S1&, const coal::Transform3s&, const S2&, const coal::Transform3s&, bool, coal::Vec3s&, coal::Vec3s&, coal::Vec3s&) const [with S1 = coal::Ellipsoid; S2 = coal::Box]’,
    inlined from ‘static coal::CoalScalar coal::ShapeShapeDistancer<ShapeType1, ShapeType2>::run(const coal::CollisionGeometry*, const coal::Transform3s&, const coal::CollisionGeometry*, const coal::Transform3s&, const coal::GJKSolver*, bool, coal::Vec3s&, coal::Vec3s&, coal::Vec3s&) [with ShapeType1 = coal::Ellipsoid; ShapeType2 = coal::Box]’ at /home/rocos/sia/AVIATOR/third_party/coal-3.0.4/include/coal/internal/shape_shape_func.h:80:34,
    inlined from ‘coal::CoalScalar coal::internal::ShapeShapeDistance(const coal::CollisionGeometry*, const coal::Transform3s&, const coal::CollisionGeometry*, const coal::Transform3s&, const coal::GJKSolver*, bool, coal::Vec3s&, coal::Vec3s&, coal::Vec3s&) [with ShapeType1 = coal::Ellipsoid; ShapeType2 = coal::Box]’ at /home/rocos/sia/AVIATOR/third_party/coal-3.0.4/include/coal/internal/shape_shape_func.h:121:66,
    inlined from ‘static std::size_t coal::ShapeShapeCollider<ShapeType1, ShapeType2>::run(const coal::CollisionGeometry*, const coal::Transform3s&, const coal::CollisionGeometry*, const coal::Transform3s&, const coal::GJKSolver*, const coal::CollisionRequest&, coal::CollisionResult&) [with ShapeType1 = coal::Ellipsoid; ShapeType2 = coal::Box]’ at /home/rocos/sia/AVIATOR/third_party/coal-3.0.4/include/coal/internal/shape_shape_func.h:147:79:
/home/rocos/sia/AVIATOR/third_party/coal-3.0.4/include/coal/narrowphase/narrowphase.h:316:12: warning: ‘distance’ may be used uninitialized [-Wmaybe-uninitialized]
  316 |     return distance;
      |            ^~~~~~~~
/home/rocos/sia/AVIATOR/third_party/coal-3.0.4/include/coal/narrowphase/narrowphase.h: In static member function ‘static std::size_t coal::ShapeShapeCollider<ShapeType1, ShapeType2>::run(const coal::CollisionGeometry*, const coal::Transform3s&, const coal::CollisionGeometry*, const coal::Transform3s&, const coal::GJKSolver*, const coal::CollisionRequest&, coal::CollisionResult&) [with ShapeType1 = coal::Ellipsoid; ShapeType2 = coal::Box]’:
/home/rocos/sia/AVIATOR/third_party/coal-3.0.4/include/coal/narrowphase/narrowphase.h:313:16: note: ‘distance’ declared here
  313 |     CoalScalar distance;
      |                ^~~~~~~~
In member function ‘coal::CoalScalar coal::GJKSolver::shapeDistance(const S1&, const coal::Transform3s&, const S2&, const coal::Transform3s&, bool, coal::Vec3s&, coal::Vec3s&, coal::Vec3s&) const [with S1 = coal::Ellipsoid; S2 = coal::Box]’,
    inlined from ‘static coal::CoalScalar coal::ShapeShapeDistancer<ShapeType1, ShapeType2>::run(const coal::CollisionGeometry*, const coal::Transform3s&, const coal::CollisionGeometry*, const coal::Transform3s&, const coal::GJKSolver*, bool, coal::Vec3s&, coal::Vec3s&, coal::Vec3s&) [with ShapeType1 = coal::Ellipsoid; ShapeType2 = coal::Box]’ at /home/rocos/sia/AVIATOR/third_party/coal-3.0.4/include/coal/internal/shape_shape_func.h:80:34,
    inlined from ‘coal::CoalScalar coal::internal::ShapeShapeDistance(const coal::CollisionGeometry*, const coal::Transform3s&, const coal::CollisionGeometry*, const coal::Transform3s&, const coal::GJKSolver*, bool, coal::Vec3s&, coal::Vec3s&, coal::Vec3s&) [with ShapeType1 = coal::Ellipsoid; ShapeType2 = coal::Box]’ at /home/rocos/sia/AVIATOR/third_party/coal-3.0.4/include/coal/internal/shape_shape_func.h:121:66,
    inlined from ‘static std::size_t coal::ShapeShapeCollider<ShapeType1, ShapeType2>::run(const coal::CollisionGeometry*, const coal::Transform3s&, const coal::CollisionGeometry*, const coal::Transform3s&, const coal::GJKSolver*, const coal::CollisionRequest&, coal::CollisionResult&) [with ShapeType1 = coal::Ellipsoid; ShapeType2 = coal::Box]’ at /home/rocos/sia/AVIATOR/third_party/coal-3.0.4/include/coal/internal/shape_shape_func.h:147:79:
/home/rocos/sia/AVIATOR/third_party/coal-3.0.4/include/coal/narrowphase/narrowphase.h:316:12: warning: ‘distance’ may be used uninitialized [-Wmaybe-uninitialized]
  316 |     return distance;
      |            ^~~~~~~~
/home/rocos/sia/AVIATOR/third_party/coal-3.0.4/include/coal/narrowphase/narrowphase.h: In static member function ‘static std::size_t coal::ShapeShapeCollider<ShapeType1, ShapeType2>::run(const coal::CollisionGeometry*, const coal::Transform3s&, const coal::CollisionGeometry*, const coal::Transform3s&, const coal::GJKSolver*, const coal::CollisionRequest&, coal::CollisionResult&) [with ShapeType1 = coal::Ellipsoid; ShapeType2 = coal::Box]’:
/home/rocos/sia/AVIATOR/third_party/coal-3.0.4/include/coal/narrowphase/narrowphase.h:313:16: note: ‘distance’ declared here
  313 |     CoalScalar distance;
      |                ^~~~~~~~
In member function ‘coal::CoalScalar coal::GJKSolver::shapeDistance(const S1&, const coal::Transform3s&, const S2&, const coal::Transform3s&, bool, coal::Vec3s&, coal::Vec3s&, coal::Vec3s&) const [with S1 = coal::Sphere; S2 = coal::Ellipsoid]’,
    inlined from ‘static coal::CoalScalar coal::ShapeShapeDistancer<ShapeType1, ShapeType2>::run(const coal::CollisionGeometry*, const coal::Transform3s&, const coal::CollisionGeometry*, const coal::Transform3s&, const coal::GJKSolver*, bool, coal::Vec3s&, coal::Vec3s&, coal::Vec3s&) [with ShapeType1 = coal::Sphere; ShapeType2 = coal::Ellipsoid]’ at /home/rocos/sia/AVIATOR/third_party/coal-3.0.4/include/coal/internal/shape_shape_func.h:80:34,
    inlined from ‘coal::CoalScalar coal::internal::ShapeShapeDistance(const coal::CollisionGeometry*, const coal::Transform3s&, const coal::CollisionGeometry*, const coal::Transform3s&, const coal::GJKSolver*, bool, coal::Vec3s&, coal::Vec3s&, coal::Vec3s&) [with ShapeType1 = coal::Sphere; ShapeType2 = coal::Ellipsoid]’ at /home/rocos/sia/AVIATOR/third_party/coal-3.0.4/include/coal/internal/shape_shape_func.h:121:66,
    inlined from ‘static std::size_t coal::ShapeShapeCollider<ShapeType1, ShapeType2>::run(const coal::CollisionGeometry*, const coal::Transform3s&, const coal::CollisionGeometry*, const coal::Transform3s&, const coal::GJKSolver*, const coal::CollisionRequest&, coal::CollisionResult&) [with ShapeType1 = coal::Sphere; ShapeType2 = coal::Ellipsoid]’ at /home/rocos/sia/AVIATOR/third_party/coal-3.0.4/include/coal/internal/shape_shape_func.h:147:79:
/home/rocos/sia/AVIATOR/third_party/coal-3.0.4/include/coal/narrowphase/narrowphase.h:316:12: warning: ‘distance’ may be used uninitialized [-Wmaybe-uninitialized]
  316 |     return distance;
      |            ^~~~~~~~
/home/rocos/sia/AVIATOR/third_party/coal-3.0.4/include/coal/narrowphase/narrowphase.h: In static member function ‘static std::size_t coal::ShapeShapeCollider<ShapeType1, ShapeType2>::run(const coal::CollisionGeometry*, const coal::Transform3s&, const coal::CollisionGeometry*, const coal::Transform3s&, const coal::GJKSolver*, const coal::CollisionRequest&, coal::CollisionResult&) [with ShapeType1 = coal::Sphere; ShapeType2 = coal::Ellipsoid]’:
/home/rocos/sia/AVIATOR/third_party/coal-3.0.4/include/coal/narrowphase/narrowphase.h:313:16: note: ‘distance’ declared here
  313 |     CoalScalar distance;
      |                ^~~~~~~~
In member function ‘coal::CoalScalar coal::GJKSolver::shapeDistance(const S1&, const coal::Transform3s&, const S2&, const coal::Transform3s&, bool, coal::Vec3s&, coal::Vec3s&, coal::Vec3s&) const [with S1 = coal::Sphere; S2 = coal::Ellipsoid]’,
    inlined from ‘static coal::CoalScalar coal::ShapeShapeDistancer<ShapeType1, ShapeType2>::run(const coal::CollisionGeometry*, const coal::Transform3s&, const coal::CollisionGeometry*, const coal::Transform3s&, const coal::GJKSolver*, bool, coal::Vec3s&, coal::Vec3s&, coal::Vec3s&) [with ShapeType1 = coal::Sphere; ShapeType2 = coal::Ellipsoid]’ at /home/rocos/sia/AVIATOR/third_party/coal-3.0.4/include/coal/internal/shape_shape_func.h:80:34,
    inlined from ‘coal::CoalScalar coal::internal::ShapeShapeDistance(const coal::CollisionGeometry*, const coal::Transform3s&, const coal::CollisionGeometry*, const coal::Transform3s&, const coal::GJKSolver*, bool, coal::Vec3s&, coal::Vec3s&, coal::Vec3s&) [with ShapeType1 = coal::Sphere; ShapeType2 = coal::Ellipsoid]’ at /home/rocos/sia/AVIATOR/third_party/coal-3.0.4/include/coal/internal/shape_shape_func.h:121:66,
    inlined from ‘static std::size_t coal::ShapeShapeCollider<ShapeType1, ShapeType2>::run(const coal::CollisionGeometry*, const coal::Transform3s&, const coal::CollisionGeometry*, const coal::Transform3s&, const coal::GJKSolver*, const coal::CollisionRequest&, coal::CollisionResult&) [with ShapeType1 = coal::Sphere; ShapeType2 = coal::Ellipsoid]’ at /home/rocos/sia/AVIATOR/third_party/coal-3.0.4/include/coal/internal/shape_shape_func.h:147:79:
/home/rocos/sia/AVIATOR/third_party/coal-3.0.4/include/coal/narrowphase/narrowphase.h:316:12: warning: ‘distance’ may be used uninitialized [-Wmaybe-uninitialized]
  316 |     return distance;
      |            ^~~~~~~~
/home/rocos/sia/AVIATOR/third_party/coal-3.0.4/include/coal/narrowphase/narrowphase.h: In static member function ‘static std::size_t coal::ShapeShapeCollider<ShapeType1, ShapeType2>::run(const coal::CollisionGeometry*, const coal::Transform3s&, const coal::CollisionGeometry*, const coal::Transform3s&, const coal::GJKSolver*, const coal::CollisionRequest&, coal::CollisionResult&) [with ShapeType1 = coal::Sphere; ShapeType2 = coal::Ellipsoid]’:
/home/rocos/sia/AVIATOR/third_party/coal-3.0.4/include/coal/narrowphase/narrowphase.h:313:16: note: ‘distance’ declared here
  313 |     CoalScalar distance;
      |                ^~~~~~~~
In member function ‘coal::CoalScalar coal::GJKSolver::shapeDistance(const S1&, const coal::Transform3s&, const S2&, const coal::Transform3s&, bool, coal::Vec3s&, coal::Vec3s&, coal::Vec3s&) const [with S1 = coal::Sphere; S2 = coal::ConvexBase]’,
    inlined from ‘static coal::CoalScalar coal::ShapeShapeDistancer<ShapeType1, ShapeType2>::run(const coal::CollisionGeometry*, const coal::Transform3s&, const coal::CollisionGeometry*, const coal::Transform3s&, const coal::GJKSolver*, bool, coal::Vec3s&, coal::Vec3s&, coal::Vec3s&) [with ShapeType1 = coal::Sphere; ShapeType2 = coal::ConvexBase]’ at /home/rocos/sia/AVIATOR/third_party/coal-3.0.4/include/coal/internal/shape_shape_func.h:80:34,
    inlined from ‘coal::CoalScalar coal::internal::ShapeShapeDistance(const coal::CollisionGeometry*, const coal::Transform3s&, const coal::CollisionGeometry*, const coal::Transform3s&, const coal::GJKSolver*, bool, coal::Vec3s&, coal::Vec3s&, coal::Vec3s&) [with ShapeType1 = coal::Sphere; ShapeType2 = coal::ConvexBase]’ at /home/rocos/sia/AVIATOR/third_party/coal-3.0.4/include/coal/internal/shape_shape_func.h:121:66,
    inlined from ‘static std::size_t coal::ShapeShapeCollider<ShapeType1, ShapeType2>::run(const coal::CollisionGeometry*, const coal::Transform3s&, const coal::CollisionGeometry*, const coal::Transform3s&, const coal::GJKSolver*, const coal::CollisionRequest&, coal::CollisionResult&) [with ShapeType1 = coal::Sphere; ShapeType2 = coal::ConvexBase]’ at /home/rocos/sia/AVIATOR/third_party/coal-3.0.4/include/coal/internal/shape_shape_func.h:147:79:
/home/rocos/sia/AVIATOR/third_party/coal-3.0.4/include/coal/narrowphase/narrowphase.h:316:12: warning: ‘distance’ may be used uninitialized [-Wmaybe-uninitialized]
  316 |     return distance;
      |            ^~~~~~~~
/home/rocos/sia/AVIATOR/third_party/coal-3.0.4/include/coal/narrowphase/narrowphase.h: In static member function ‘static std::size_t coal::ShapeShapeCollider<ShapeType1, ShapeType2>::run(const coal::CollisionGeometry*, const coal::Transform3s&, const coal::CollisionGeometry*, const coal::Transform3s&, const coal::GJKSolver*, const coal::CollisionRequest&, coal::CollisionResult&) [with ShapeType1 = coal::Sphere; ShapeType2 = coal::ConvexBase]’:
/home/rocos/sia/AVIATOR/third_party/coal-3.0.4/include/coal/narrowphase/narrowphase.h:313:16: note: ‘distance’ declared here
  313 |     CoalScalar distance;
      |                ^~~~~~~~
In member function ‘coal::CoalScalar coal::GJKSolver::shapeDistance(const S1&, const coal::Transform3s&, const S2&, const coal::Transform3s&, bool, coal::Vec3s&, coal::Vec3s&, coal::Vec3s&) const [with S1 = coal::Sphere; S2 = coal::ConvexBase]’,
    inlined from ‘static coal::CoalScalar coal::ShapeShapeDistancer<ShapeType1, ShapeType2>::run(const coal::CollisionGeometry*, const coal::Transform3s&, const coal::CollisionGeometry*, const coal::Transform3s&, const coal::GJKSolver*, bool, coal::Vec3s&, coal::Vec3s&, coal::Vec3s&) [with ShapeType1 = coal::Sphere; ShapeType2 = coal::ConvexBase]’ at /home/rocos/sia/AVIATOR/third_party/coal-3.0.4/include/coal/internal/shape_shape_func.h:80:34,
    inlined from ‘coal::CoalScalar coal::internal::ShapeShapeDistance(const coal::CollisionGeometry*, const coal::Transform3s&, const coal::CollisionGeometry*, const coal::Transform3s&, const coal::GJKSolver*, bool, coal::Vec3s&, coal::Vec3s&, coal::Vec3s&) [with ShapeType1 = coal::Sphere; ShapeType2 = coal::ConvexBase]’ at /home/rocos/sia/AVIATOR/third_party/coal-3.0.4/include/coal/internal/shape_shape_func.h:121:66,
    inlined from ‘static std::size_t coal::ShapeShapeCollider<ShapeType1, ShapeType2>::run(const coal::CollisionGeometry*, const coal::Transform3s&, const coal::CollisionGeometry*, const coal::Transform3s&, const coal::GJKSolver*, const coal::CollisionRequest&, coal::CollisionResult&) [with ShapeType1 = coal::Sphere; ShapeType2 = coal::ConvexBase]’ at /home/rocos/sia/AVIATOR/third_party/coal-3.0.4/include/coal/internal/shape_shape_func.h:147:79:
/home/rocos/sia/AVIATOR/third_party/coal-3.0.4/include/coal/narrowphase/narrowphase.h:316:12: warning: ‘distance’ may be used uninitialized [-Wmaybe-uninitialized]
  316 |     return distance;
      |            ^~~~~~~~
/home/rocos/sia/AVIATOR/third_party/coal-3.0.4/include/coal/narrowphase/narrowphase.h: In static member function ‘static std::size_t coal::ShapeShapeCollider<ShapeType1, ShapeType2>::run(const coal::CollisionGeometry*, const coal::Transform3s&, const coal::CollisionGeometry*, const coal::Transform3s&, const coal::GJKSolver*, const coal::CollisionRequest&, coal::CollisionResult&) [with ShapeType1 = coal::Sphere; ShapeType2 = coal::ConvexBase]’:
/home/rocos/sia/AVIATOR/third_party/coal-3.0.4/include/coal/narrowphase/narrowphase.h:313:16: note: ‘distance’ declared here
  313 |     CoalScalar distance;
      |                ^~~~~~~~
In member function ‘coal::CoalScalar coal::GJKSolver::shapeDistance(const S1&, const coal::Transform3s&, const S2&, const coal::Transform3s&, bool, coal::Vec3s&, coal::Vec3s&, coal::Vec3s&) const [with S1 = coal::Sphere; S2 = coal::Cone]’,
    inlined from ‘static coal::CoalScalar coal::ShapeShapeDistancer<ShapeType1, ShapeType2>::run(const coal::CollisionGeometry*, const coal::Transform3s&, const coal::CollisionGeometry*, const coal::Transform3s&, const coal::GJKSolver*, bool, coal::Vec3s&, coal::Vec3s&, coal::Vec3s&) [with ShapeType1 = coal::Sphere; ShapeType2 = coal::Cone]’ at /home/rocos/sia/AVIATOR/third_party/coal-3.0.4/include/coal/internal/shape_shape_func.h:80:34,
    inlined from ‘coal::CoalScalar coal::internal::ShapeShapeDistance(const coal::CollisionGeometry*, const coal::Transform3s&, const coal::CollisionGeometry*, const coal::Transform3s&, const coal::GJKSolver*, bool, coal::Vec3s&, coal::Vec3s&, coal::Vec3s&) [with ShapeType1 = coal::Sphere; ShapeType2 = coal::Cone]’ at /home/rocos/sia/AVIATOR/third_party/coal-3.0.4/include/coal/internal/shape_shape_func.h:121:66,
    inlined from ‘static std::size_t coal::ShapeShapeCollider<ShapeType1, ShapeType2>::run(const coal::CollisionGeometry*, const coal::Transform3s&, const coal::CollisionGeometry*, const coal::Transform3s&, const coal::GJKSolver*, const coal::CollisionRequest&, coal::CollisionResult&) [with ShapeType1 = coal::Sphere; ShapeType2 = coal::Cone]’ at /home/rocos/sia/AVIATOR/third_party/coal-3.0.4/include/coal/internal/shape_shape_func.h:147:79:
/home/rocos/sia/AVIATOR/third_party/coal-3.0.4/include/coal/narrowphase/narrowphase.h:316:12: warning: ‘distance’ may be used uninitialized [-Wmaybe-uninitialized]
  316 |     return distance;
      |            ^~~~~~~~
/home/rocos/sia/AVIATOR/third_party/coal-3.0.4/include/coal/narrowphase/narrowphase.h: In static member function ‘static std::size_t coal::ShapeShapeCollider<ShapeType1, ShapeType2>::run(const coal::CollisionGeometry*, const coal::Transform3s&, const coal::CollisionGeometry*, const coal::Transform3s&, const coal::GJKSolver*, const coal::CollisionRequest&, coal::CollisionResult&) [with ShapeType1 = coal::Sphere; ShapeType2 = coal::Cone]’:
/home/rocos/sia/AVIATOR/third_party/coal-3.0.4/include/coal/narrowphase/narrowphase.h:313:16: note: ‘distance’ declared here
  313 |     CoalScalar distance;
      |                ^~~~~~~~
In member function ‘coal::CoalScalar coal::GJKSolver::shapeDistance(const S1&, const coal::Transform3s&, const S2&, const coal::Transform3s&, bool, coal::Vec3s&, coal::Vec3s&, coal::Vec3s&) const [with S1 = coal::Sphere; S2 = coal::Cone]’,
    inlined from ‘static coal::CoalScalar coal::ShapeShapeDistancer<ShapeType1, ShapeType2>::run(const coal::CollisionGeometry*, const coal::Transform3s&, const coal::CollisionGeometry*, const coal::Transform3s&, const coal::GJKSolver*, bool, coal::Vec3s&, coal::Vec3s&, coal::Vec3s&) [with ShapeType1 = coal::Sphere; ShapeType2 = coal::Cone]’ at /home/rocos/sia/AVIATOR/third_party/coal-3.0.4/include/coal/internal/shape_shape_func.h:80:34,
    inlined from ‘coal::CoalScalar coal::internal::ShapeShapeDistance(const coal::CollisionGeometry*, const coal::Transform3s&, const coal::CollisionGeometry*, const coal::Transform3s&, const coal::GJKSolver*, bool, coal::Vec3s&, coal::Vec3s&, coal::Vec3s&) [with ShapeType1 = coal::Sphere; ShapeType2 = coal::Cone]’ at /home/rocos/sia/AVIATOR/third_party/coal-3.0.4/include/coal/internal/shape_shape_func.h:121:66,
    inlined from ‘static std::size_t coal::ShapeShapeCollider<ShapeType1, ShapeType2>::run(const coal::CollisionGeometry*, const coal::Transform3s&, const coal::CollisionGeometry*, const coal::Transform3s&, const coal::GJKSolver*, const coal::CollisionRequest&, coal::CollisionResult&) [with ShapeType1 = coal::Sphere; ShapeType2 = coal::Cone]’ at /home/rocos/sia/AVIATOR/third_party/coal-3.0.4/include/coal/internal/shape_shape_func.h:147:79:
/home/rocos/sia/AVIATOR/third_party/coal-3.0.4/include/coal/narrowphase/narrowphase.h:316:12: warning: ‘distance’ may be used uninitialized [-Wmaybe-uninitialized]
  316 |     return distance;
      |            ^~~~~~~~
/home/rocos/sia/AVIATOR/third_party/coal-3.0.4/include/coal/narrowphase/narrowphase.h: In static member function ‘static std::size_t coal::ShapeShapeCollider<ShapeType1, ShapeType2>::run(const coal::CollisionGeometry*, const coal::Transform3s&, const coal::CollisionGeometry*, const coal::Transform3s&, const coal::GJKSolver*, const coal::CollisionRequest&, coal::CollisionResult&) [with ShapeType1 = coal::Sphere; ShapeType2 = coal::Cone]’:
/home/rocos/sia/AVIATOR/third_party/coal-3.0.4/include/coal/narrowphase/narrowphase.h:313:16: note: ‘distance’ declared here
  313 |     CoalScalar distance;
      |                ^~~~~~~~
In member function ‘coal::CoalScalar coal::GJKSolver::shapeDistance(const S1&, const coal::Transform3s&, const S2&, const coal::Transform3s&, bool, coal::Vec3s&, coal::Vec3s&, coal::Vec3s&) const [with S1 = coal::Box; S2 = coal::Ellipsoid]’,
    inlined from ‘static coal::CoalScalar coal::ShapeShapeDistancer<ShapeType1, ShapeType2>::run(const coal::CollisionGeometry*, const coal::Transform3s&, const coal::CollisionGeometry*, const coal::Transform3s&, const coal::GJKSolver*, bool, coal::Vec3s&, coal::Vec3s&, coal::Vec3s&) [with ShapeType1 = coal::Box; ShapeType2 = coal::Ellipsoid]’ at /home/rocos/sia/AVIATOR/third_party/coal-3.0.4/include/coal/internal/shape_shape_func.h:80:34,
    inlined from ‘coal::CoalScalar coal::internal::ShapeShapeDistance(const coal::CollisionGeometry*, const coal::Transform3s&, const coal::CollisionGeometry*, const coal::Transform3s&, const coal::GJKSolver*, bool, coal::Vec3s&, coal::Vec3s&, coal::Vec3s&) [with ShapeType1 = coal::Box; ShapeType2 = coal::Ellipsoid]’ at /home/rocos/sia/AVIATOR/third_party/coal-3.0.4/include/coal/internal/shape_shape_func.h:121:66,
    inlined from ‘static std::size_t coal::ShapeShapeCollider<ShapeType1, ShapeType2>::run(const coal::CollisionGeometry*, const coal::Transform3s&, const coal::CollisionGeometry*, const coal::Transform3s&, const coal::GJKSolver*, const coal::CollisionRequest&, coal::CollisionResult&) [with ShapeType1 = coal::Box; ShapeType2 = coal::Ellipsoid]’ at /home/rocos/sia/AVIATOR/third_party/coal-3.0.4/include/coal/internal/shape_shape_func.h:147:79:
/home/rocos/sia/AVIATOR/third_party/coal-3.0.4/include/coal/narrowphase/narrowphase.h:316:12: warning: ‘distance’ may be used uninitialized [-Wmaybe-uninitialized]
  316 |     return distance;
      |            ^~~~~~~~
/home/rocos/sia/AVIATOR/third_party/coal-3.0.4/include/coal/narrowphase/narrowphase.h: In static member function ‘static std::size_t coal::ShapeShapeCollider<ShapeType1, ShapeType2>::run(const coal::CollisionGeometry*, const coal::Transform3s&, const coal::CollisionGeometry*, const coal::Transform3s&, const coal::GJKSolver*, const coal::CollisionRequest&, coal::CollisionResult&) [with ShapeType1 = coal::Box; ShapeType2 = coal::Ellipsoid]’:
/home/rocos/sia/AVIATOR/third_party/coal-3.0.4/include/coal/narrowphase/narrowphase.h:313:16: note: ‘distance’ declared here
  313 |     CoalScalar distance;
      |                ^~~~~~~~
In member function ‘coal::CoalScalar coal::GJKSolver::shapeDistance(const S1&, const coal::Transform3s&, const S2&, const coal::Transform3s&, bool, coal::Vec3s&, coal::Vec3s&, coal::Vec3s&) const [with S1 = coal::Box; S2 = coal::Ellipsoid]’,
    inlined from ‘static coal::CoalScalar coal::ShapeShapeDistancer<ShapeType1, ShapeType2>::run(const coal::CollisionGeometry*, const coal::Transform3s&, const coal::CollisionGeometry*, const coal::Transform3s&, const coal::GJKSolver*, bool, coal::Vec3s&, coal::Vec3s&, coal::Vec3s&) [with ShapeType1 = coal::Box; ShapeType2 = coal::Ellipsoid]’ at /home/rocos/sia/AVIATOR/third_party/coal-3.0.4/include/coal/internal/shape_shape_func.h:80:34,
    inlined from ‘coal::CoalScalar coal::internal::ShapeShapeDistance(const coal::CollisionGeometry*, const coal::Transform3s&, const coal::CollisionGeometry*, const coal::Transform3s&, const coal::GJKSolver*, bool, coal::Vec3s&, coal::Vec3s&, coal::Vec3s&) [with ShapeType1 = coal::Box; ShapeType2 = coal::Ellipsoid]’ at /home/rocos/sia/AVIATOR/third_party/coal-3.0.4/include/coal/internal/shape_shape_func.h:121:66,
    inlined from ‘static std::size_t coal::ShapeShapeCollider<ShapeType1, ShapeType2>::run(const coal::CollisionGeometry*, const coal::Transform3s&, const coal::CollisionGeometry*, const coal::Transform3s&, const coal::GJKSolver*, const coal::CollisionRequest&, coal::CollisionResult&) [with ShapeType1 = coal::Box; ShapeType2 = coal::Ellipsoid]’ at /home/rocos/sia/AVIATOR/third_party/coal-3.0.4/include/coal/internal/shape_shape_func.h:147:79:
/home/rocos/sia/AVIATOR/third_party/coal-3.0.4/include/coal/narrowphase/narrowphase.h:316:12: warning: ‘distance’ may be used uninitialized [-Wmaybe-uninitialized]
  316 |     return distance;
      |            ^~~~~~~~
/home/rocos/sia/AVIATOR/third_party/coal-3.0.4/include/coal/narrowphase/narrowphase.h: In static member function ‘static std::size_t coal::ShapeShapeCollider<ShapeType1, ShapeType2>::run(const coal::CollisionGeometry*, const coal::Transform3s&, const coal::CollisionGeometry*, const coal::Transform3s&, const coal::GJKSolver*, const coal::CollisionRequest&, coal::CollisionResult&) [with ShapeType1 = coal::Box; ShapeType2 = coal::Ellipsoid]’:
/home/rocos/sia/AVIATOR/third_party/coal-3.0.4/include/coal/narrowphase/narrowphase.h:313:16: note: ‘distance’ declared here
  313 |     CoalScalar distance;
      |                ^~~~~~~~
In member function ‘coal::CoalScalar coal::GJKSolver::shapeDistance(const S1&, const coal::Transform3s&, const S2&, const coal::Transform3s&, bool, coal::Vec3s&, coal::Vec3s&, coal::Vec3s&) const [with S1 = coal::Box; S2 = coal::ConvexBase]’,
    inlined from ‘static coal::CoalScalar coal::ShapeShapeDistancer<ShapeType1, ShapeType2>::run(const coal::CollisionGeometry*, const coal::Transform3s&, const coal::CollisionGeometry*, const coal::Transform3s&, const coal::GJKSolver*, bool, coal::Vec3s&, coal::Vec3s&, coal::Vec3s&) [with ShapeType1 = coal::Box; ShapeType2 = coal::ConvexBase]’ at /home/rocos/sia/AVIATOR/third_party/coal-3.0.4/include/coal/internal/shape_shape_func.h:80:34,
    inlined from ‘coal::CoalScalar coal::internal::ShapeShapeDistance(const coal::CollisionGeometry*, const coal::Transform3s&, const coal::CollisionGeometry*, const coal::Transform3s&, const coal::GJKSolver*, bool, coal::Vec3s&, coal::Vec3s&, coal::Vec3s&) [with ShapeType1 = coal::Box; ShapeType2 = coal::ConvexBase]’ at /home/rocos/sia/AVIATOR/third_party/coal-3.0.4/include/coal/internal/shape_shape_func.h:121:66,
    inlined from ‘static std::size_t coal::ShapeShapeCollider<ShapeType1, ShapeType2>::run(const coal::CollisionGeometry*, const coal::Transform3s&, const coal::CollisionGeometry*, const coal::Transform3s&, const coal::GJKSolver*, const coal::CollisionRequest&, coal::CollisionResult&) [with ShapeType1 = coal::Box; ShapeType2 = coal::ConvexBase]’ at /home/rocos/sia/AVIATOR/third_party/coal-3.0.4/include/coal/internal/shape_shape_func.h:147:79:
/home/rocos/sia/AVIATOR/third_party/coal-3.0.4/include/coal/narrowphase/narrowphase.h:316:12: warning: ‘distance’ may be used uninitialized [-Wmaybe-uninitialized]
  316 |     return distance;
      |            ^~~~~~~~
/home/rocos/sia/AVIATOR/third_party/coal-3.0.4/include/coal/narrowphase/narrowphase.h: In static member function ‘static std::size_t coal::ShapeShapeCollider<ShapeType1, ShapeType2>::run(const coal::CollisionGeometry*, const coal::Transform3s&, const coal::CollisionGeometry*, const coal::Transform3s&, const coal::GJKSolver*, const coal::CollisionRequest&, coal::CollisionResult&) [with ShapeType1 = coal::Box; ShapeType2 = coal::ConvexBase]’:
/home/rocos/sia/AVIATOR/third_party/coal-3.0.4/include/coal/narrowphase/narrowphase.h:313:16: note: ‘distance’ declared here
  313 |     CoalScalar distance;
      |                ^~~~~~~~
In member function ‘coal::CoalScalar coal::GJKSolver::shapeDistance(const S1&, const coal::Transform3s&, const S2&, const coal::Transform3s&, bool, coal::Vec3s&, coal::Vec3s&, coal::Vec3s&) const [with S1 = coal::Box; S2 = coal::ConvexBase]’,
    inlined from ‘static coal::CoalScalar coal::ShapeShapeDistancer<ShapeType1, ShapeType2>::run(const coal::CollisionGeometry*, const coal::Transform3s&, const coal::CollisionGeometry*, const coal::Transform3s&, const coal::GJKSolver*, bool, coal::Vec3s&, coal::Vec3s&, coal::Vec3s&) [with ShapeType1 = coal::Box; ShapeType2 = coal::ConvexBase]’ at /home/rocos/sia/AVIATOR/third_party/coal-3.0.4/include/coal/internal/shape_shape_func.h:80:34,
    inlined from ‘coal::CoalScalar coal::internal::ShapeShapeDistance(const coal::CollisionGeometry*, const coal::Transform3s&, const coal::CollisionGeometry*, const coal::Transform3s&, const coal::GJKSolver*, bool, coal::Vec3s&, coal::Vec3s&, coal::Vec3s&) [with ShapeType1 = coal::Box; ShapeType2 = coal::ConvexBase]’ at /home/rocos/sia/AVIATOR/third_party/coal-3.0.4/include/coal/internal/shape_shape_func.h:121:66,
    inlined from ‘static std::size_t coal::ShapeShapeCollider<ShapeType1, ShapeType2>::run(const coal::CollisionGeometry*, const coal::Transform3s&, const coal::CollisionGeometry*, const coal::Transform3s&, const coal::GJKSolver*, const coal::CollisionRequest&, coal::CollisionResult&) [with ShapeType1 = coal::Box; ShapeType2 = coal::ConvexBase]’ at /home/rocos/sia/AVIATOR/third_party/coal-3.0.4/include/coal/internal/shape_shape_func.h:147:79:
/home/rocos/sia/AVIATOR/third_party/coal-3.0.4/include/coal/narrowphase/narrowphase.h:316:12: warning: ‘distance’ may be used uninitialized [-Wmaybe-uninitialized]
  316 |     return distance;
      |            ^~~~~~~~
/home/rocos/sia/AVIATOR/third_party/coal-3.0.4/include/coal/narrowphase/narrowphase.h: In static member function ‘static std::size_t coal::ShapeShapeCollider<ShapeType1, ShapeType2>::run(const coal::CollisionGeometry*, const coal::Transform3s&, const coal::CollisionGeometry*, const coal::Transform3s&, const coal::GJKSolver*, const coal::CollisionRequest&, coal::CollisionResult&) [with ShapeType1 = coal::Box; ShapeType2 = coal::ConvexBase]’:
/home/rocos/sia/AVIATOR/third_party/coal-3.0.4/include/coal/narrowphase/narrowphase.h:313:16: note: ‘distance’ declared here
  313 |     CoalScalar distance;
      |                ^~~~~~~~
In member function ‘coal::CoalScalar coal::GJKSolver::shapeDistance(const S1&, const coal::Transform3s&, const S2&, const coal::Transform3s&, bool, coal::Vec3s&, coal::Vec3s&, coal::Vec3s&) const [with S1 = coal::Box; S2 = coal::Cylinder]’,
    inlined from ‘static coal::CoalScalar coal::ShapeShapeDistancer<ShapeType1, ShapeType2>::run(const coal::CollisionGeometry*, const coal::Transform3s&, const coal::CollisionGeometry*, const coal::Transform3s&, const coal::GJKSolver*, bool, coal::Vec3s&, coal::Vec3s&, coal::Vec3s&) [with ShapeType1 = coal::Box; ShapeType2 = coal::Cylinder]’ at /home/rocos/sia/AVIATOR/third_party/coal-3.0.4/include/coal/internal/shape_shape_func.h:80:34,
    inlined from ‘coal::CoalScalar coal::internal::ShapeShapeDistance(const coal::CollisionGeometry*, const coal::Transform3s&, const coal::CollisionGeometry*, const coal::Transform3s&, const coal::GJKSolver*, bool, coal::Vec3s&, coal::Vec3s&, coal::Vec3s&) [with ShapeType1 = coal::Box; ShapeType2 = coal::Cylinder]’ at /home/rocos/sia/AVIATOR/third_party/coal-3.0.4/include/coal/internal/shape_shape_func.h:121:66,
    inlined from ‘static std::size_t coal::ShapeShapeCollider<ShapeType1, ShapeType2>::run(const coal::CollisionGeometry*, const coal::Transform3s&, const coal::CollisionGeometry*, const coal::Transform3s&, const coal::GJKSolver*, const coal::CollisionRequest&, coal::CollisionResult&) [with ShapeType1 = coal::Box; ShapeType2 = coal::Cylinder]’ at /home/rocos/sia/AVIATOR/third_party/coal-3.0.4/include/coal/internal/shape_shape_func.h:147:79:
/home/rocos/sia/AVIATOR/third_party/coal-3.0.4/include/coal/narrowphase/narrowphase.h:316:12: warning: ‘distance’ may be used uninitialized [-Wmaybe-uninitialized]
  316 |     return distance;
      |            ^~~~~~~~
/home/rocos/sia/AVIATOR/third_party/coal-3.0.4/include/coal/narrowphase/narrowphase.h: In static member function ‘static std::size_t coal::ShapeShapeCollider<ShapeType1, ShapeType2>::run(const coal::CollisionGeometry*, const coal::Transform3s&, const coal::CollisionGeometry*, const coal::Transform3s&, const coal::GJKSolver*, const coal::CollisionRequest&, coal::CollisionResult&) [with ShapeType1 = coal::Box; ShapeType2 = coal::Cylinder]’:
/home/rocos/sia/AVIATOR/third_party/coal-3.0.4/include/coal/narrowphase/narrowphase.h:313:16: note: ‘distance’ declared here
  313 |     CoalScalar distance;
      |                ^~~~~~~~
In member function ‘coal::CoalScalar coal::GJKSolver::shapeDistance(const S1&, const coal::Transform3s&, const S2&, const coal::Transform3s&, bool, coal::Vec3s&, coal::Vec3s&, coal::Vec3s&) const [with S1 = coal::Box; S2 = coal::Cylinder]’,
    inlined from ‘static coal::CoalScalar coal::ShapeShapeDistancer<ShapeType1, ShapeType2>::run(const coal::CollisionGeometry*, const coal::Transform3s&, const coal::CollisionGeometry*, const coal::Transform3s&, const coal::GJKSolver*, bool, coal::Vec3s&, coal::Vec3s&, coal::Vec3s&) [with ShapeType1 = coal::Box; ShapeType2 = coal::Cylinder]’ at /home/rocos/sia/AVIATOR/third_party/coal-3.0.4/include/coal/internal/shape_shape_func.h:80:34,
    inlined from ‘coal::CoalScalar coal::internal::ShapeShapeDistance(const coal::CollisionGeometry*, const coal::Transform3s&, const coal::CollisionGeometry*, const coal::Transform3s&, const coal::GJKSolver*, bool, coal::Vec3s&, coal::Vec3s&, coal::Vec3s&) [with ShapeType1 = coal::Box; ShapeType2 = coal::Cylinder]’ at /home/rocos/sia/AVIATOR/third_party/coal-3.0.4/include/coal/internal/shape_shape_func.h:121:66,
    inlined from ‘static std::size_t coal::ShapeShapeCollider<ShapeType1, ShapeType2>::run(const coal::CollisionGeometry*, const coal::Transform3s&, const coal::CollisionGeometry*, const coal::Transform3s&, const coal::GJKSolver*, const coal::CollisionRequest&, coal::CollisionResult&) [with ShapeType1 = coal::Box; ShapeType2 = coal::Cylinder]’ at /home/rocos/sia/AVIATOR/third_party/coal-3.0.4/include/coal/internal/shape_shape_func.h:147:79:
/home/rocos/sia/AVIATOR/third_party/coal-3.0.4/include/coal/narrowphase/narrowphase.h:316:12: warning: ‘distance’ may be used uninitialized [-Wmaybe-uninitialized]
  316 |     return distance;
      |            ^~~~~~~~
/home/rocos/sia/AVIATOR/third_party/coal-3.0.4/include/coal/narrowphase/narrowphase.h: In static member function ‘static std::size_t coal::ShapeShapeCollider<ShapeType1, ShapeType2>::run(const coal::CollisionGeometry*, const coal::Transform3s&, const coal::CollisionGeometry*, const coal::Transform3s&, const coal::GJKSolver*, const coal::CollisionRequest&, coal::CollisionResult&) [with ShapeType1 = coal::Box; ShapeType2 = coal::Cylinder]’:
/home/rocos/sia/AVIATOR/third_party/coal-3.0.4/include/coal/narrowphase/narrowphase.h:313:16: note: ‘distance’ declared here
  313 |     CoalScalar distance;
      |                ^~~~~~~~
In member function ‘coal::CoalScalar coal::GJKSolver::shapeDistance(const S1&, const coal::Transform3s&, const S2&, const coal::Transform3s&, bool, coal::Vec3s&, coal::Vec3s&, coal::Vec3s&) const [with S1 = coal::Box; S2 = coal::Cone]’,
    inlined from ‘static coal::CoalScalar coal::ShapeShapeDistancer<ShapeType1, ShapeType2>::run(const coal::CollisionGeometry*, const coal::Transform3s&, const coal::CollisionGeometry*, const coal::Transform3s&, const coal::GJKSolver*, bool, coal::Vec3s&, coal::Vec3s&, coal::Vec3s&) [with ShapeType1 = coal::Box; ShapeType2 = coal::Cone]’ at /home/rocos/sia/AVIATOR/third_party/coal-3.0.4/include/coal/internal/shape_shape_func.h:80:34,
    inlined from ‘coal::CoalScalar coal::internal::ShapeShapeDistance(const coal::CollisionGeometry*, const coal::Transform3s&, const coal::CollisionGeometry*, const coal::Transform3s&, const coal::GJKSolver*, bool, coal::Vec3s&, coal::Vec3s&, coal::Vec3s&) [with ShapeType1 = coal::Box; ShapeType2 = coal::Cone]’ at /home/rocos/sia/AVIATOR/third_party/coal-3.0.4/include/coal/internal/shape_shape_func.h:121:66,
    inlined from ‘static std::size_t coal::ShapeShapeCollider<ShapeType1, ShapeType2>::run(const coal::CollisionGeometry*, const coal::Transform3s&, const coal::CollisionGeometry*, const coal::Transform3s&, const coal::GJKSolver*, const coal::CollisionRequest&, coal::CollisionResult&) [with ShapeType1 = coal::Box; ShapeType2 = coal::Cone]’ at /home/rocos/sia/AVIATOR/third_party/coal-3.0.4/include/coal/internal/shape_shape_func.h:147:79:
/home/rocos/sia/AVIATOR/third_party/coal-3.0.4/include/coal/narrowphase/narrowphase.h:316:12: warning: ‘distance’ may be used uninitialized [-Wmaybe-uninitialized]
  316 |     return distance;
      |            ^~~~~~~~
/home/rocos/sia/AVIATOR/third_party/coal-3.0.4/include/coal/narrowphase/narrowphase.h: In static member function ‘static std::size_t coal::ShapeShapeCollider<ShapeType1, ShapeType2>::run(const coal::CollisionGeometry*, const coal::Transform3s&, const coal::CollisionGeometry*, const coal::Transform3s&, const coal::GJKSolver*, const coal::CollisionRequest&, coal::CollisionResult&) [with ShapeType1 = coal::Box; ShapeType2 = coal::Cone]’:
/home/rocos/sia/AVIATOR/third_party/coal-3.0.4/include/coal/narrowphase/narrowphase.h:313:16: note: ‘distance’ declared here
  313 |     CoalScalar distance;
      |                ^~~~~~~~
In member function ‘coal::CoalScalar coal::GJKSolver::shapeDistance(const S1&, const coal::Transform3s&, const S2&, const coal::Transform3s&, bool, coal::Vec3s&, coal::Vec3s&, coal::Vec3s&) const [with S1 = coal::Box; S2 = coal::Cone]’,
    inlined from ‘static coal::CoalScalar coal::ShapeShapeDistancer<ShapeType1, ShapeType2>::run(const coal::CollisionGeometry*, const coal::Transform3s&, const coal::CollisionGeometry*, const coal::Transform3s&, const coal::GJKSolver*, bool, coal::Vec3s&, coal::Vec3s&, coal::Vec3s&) [with ShapeType1 = coal::Box; ShapeType2 = coal::Cone]’ at /home/rocos/sia/AVIATOR/third_party/coal-3.0.4/include/coal/internal/shape_shape_func.h:80:34,
    inlined from ‘coal::CoalScalar coal::internal::ShapeShapeDistance(const coal::CollisionGeometry*, const coal::Transform3s&, const coal::CollisionGeometry*, const coal::Transform3s&, const coal::GJKSolver*, bool, coal::Vec3s&, coal::Vec3s&, coal::Vec3s&) [with ShapeType1 = coal::Box; ShapeType2 = coal::Cone]’ at /home/rocos/sia/AVIATOR/third_party/coal-3.0.4/include/coal/internal/shape_shape_func.h:121:66,
    inlined from ‘static std::size_t coal::ShapeShapeCollider<ShapeType1, ShapeType2>::run(const coal::CollisionGeometry*, const coal::Transform3s&, const coal::CollisionGeometry*, const coal::Transform3s&, const coal::GJKSolver*, const coal::CollisionRequest&, coal::CollisionResult&) [with ShapeType1 = coal::Box; ShapeType2 = coal::Cone]’ at /home/rocos/sia/AVIATOR/third_party/coal-3.0.4/include/coal/internal/shape_shape_func.h:147:79:
/home/rocos/sia/AVIATOR/third_party/coal-3.0.4/include/coal/narrowphase/narrowphase.h:316:12: warning: ‘distance’ may be used uninitialized [-Wmaybe-uninitialized]
  316 |     return distance;
      |            ^~~~~~~~
/home/rocos/sia/AVIATOR/third_party/coal-3.0.4/include/coal/narrowphase/narrowphase.h: In static member function ‘static std::size_t coal::ShapeShapeCollider<ShapeType1, ShapeType2>::run(const coal::CollisionGeometry*, const coal::Transform3s&, const coal::CollisionGeometry*, const coal::Transform3s&, const coal::GJKSolver*, const coal::CollisionRequest&, coal::CollisionResult&) [with ShapeType1 = coal::Box; ShapeType2 = coal::Cone]’:
/home/rocos/sia/AVIATOR/third_party/coal-3.0.4/include/coal/narrowphase/narrowphase.h:313:16: note: ‘distance’ declared here
  313 |     CoalScalar distance;
      |                ^~~~~~~~
In member function ‘coal::CoalScalar coal::GJKSolver::shapeDistance(const S1&, const coal::Transform3s&, const S2&, const coal::Transform3s&, bool, coal::Vec3s&, coal::Vec3s&, coal::Vec3s&) const [with S1 = coal::Box; S2 = coal::Capsule]’,
    inlined from ‘static coal::CoalScalar coal::ShapeShapeDistancer<ShapeType1, ShapeType2>::run(const coal::CollisionGeometry*, const coal::Transform3s&, const coal::CollisionGeometry*, const coal::Transform3s&, const coal::GJKSolver*, bool, coal::Vec3s&, coal::Vec3s&, coal::Vec3s&) [with ShapeType1 = coal::Box; ShapeType2 = coal::Capsule]’ at /home/rocos/sia/AVIATOR/third_party/coal-3.0.4/include/coal/internal/shape_shape_func.h:80:34,
    inlined from ‘coal::CoalScalar coal::internal::ShapeShapeDistance(const coal::CollisionGeometry*, const coal::Transform3s&, const coal::CollisionGeometry*, const coal::Transform3s&, const coal::GJKSolver*, bool, coal::Vec3s&, coal::Vec3s&, coal::Vec3s&) [with ShapeType1 = coal::Box; ShapeType2 = coal::Capsule]’ at /home/rocos/sia/AVIATOR/third_party/coal-3.0.4/include/coal/internal/shape_shape_func.h:121:66,
    inlined from ‘static std::size_t coal::ShapeShapeCollider<ShapeType1, ShapeType2>::run(const coal::CollisionGeometry*, const coal::Transform3s&, const coal::CollisionGeometry*, const coal::Transform3s&, const coal::GJKSolver*, const coal::CollisionRequest&, coal::CollisionResult&) [with ShapeType1 = coal::Box; ShapeType2 = coal::Capsule]’ at /home/rocos/sia/AVIATOR/third_party/coal-3.0.4/include/coal/internal/shape_shape_func.h:147:79:
/home/rocos/sia/AVIATOR/third_party/coal-3.0.4/include/coal/narrowphase/narrowphase.h:316:12: warning: ‘distance’ may be used uninitialized [-Wmaybe-uninitialized]
  316 |     return distance;
      |            ^~~~~~~~
/home/rocos/sia/AVIATOR/third_party/coal-3.0.4/include/coal/narrowphase/narrowphase.h: In static member function ‘static std::size_t coal::ShapeShapeCollider<ShapeType1, ShapeType2>::run(const coal::CollisionGeometry*, const coal::Transform3s&, const coal::CollisionGeometry*, const coal::Transform3s&, const coal::GJKSolver*, const coal::CollisionRequest&, coal::CollisionResult&) [with ShapeType1 = coal::Box; ShapeType2 = coal::Capsule]’:
/home/rocos/sia/AVIATOR/third_party/coal-3.0.4/include/coal/narrowphase/narrowphase.h:313:16: note: ‘distance’ declared here
  313 |     CoalScalar distance;
      |                ^~~~~~~~
In member function ‘coal::CoalScalar coal::GJKSolver::shapeDistance(const S1&, const coal::Transform3s&, const S2&, const coal::Transform3s&, bool, coal::Vec3s&, coal::Vec3s&, coal::Vec3s&) const [with S1 = coal::Box; S2 = coal::Capsule]’,
    inlined from ‘static coal::CoalScalar coal::ShapeShapeDistancer<ShapeType1, ShapeType2>::run(const coal::CollisionGeometry*, const coal::Transform3s&, const coal::CollisionGeometry*, const coal::Transform3s&, const coal::GJKSolver*, bool, coal::Vec3s&, coal::Vec3s&, coal::Vec3s&) [with ShapeType1 = coal::Box; ShapeType2 = coal::Capsule]’ at /home/rocos/sia/AVIATOR/third_party/coal-3.0.4/include/coal/internal/shape_shape_func.h:80:34,
    inlined from ‘coal::CoalScalar coal::internal::ShapeShapeDistance(const coal::CollisionGeometry*, const coal::Transform3s&, const coal::CollisionGeometry*, const coal::Transform3s&, const coal::GJKSolver*, bool, coal::Vec3s&, coal::Vec3s&, coal::Vec3s&) [with ShapeType1 = coal::Box; ShapeType2 = coal::Capsule]’ at /home/rocos/sia/AVIATOR/third_party/coal-3.0.4/include/coal/internal/shape_shape_func.h:121:66,
    inlined from ‘static std::size_t coal::ShapeShapeCollider<ShapeType1, ShapeType2>::run(const coal::CollisionGeometry*, const coal::Transform3s&, const coal::CollisionGeometry*, const coal::Transform3s&, const coal::GJKSolver*, const coal::CollisionRequest&, coal::CollisionResult&) [with ShapeType1 = coal::Box; ShapeType2 = coal::Capsule]’ at /home/rocos/sia/AVIATOR/third_party/coal-3.0.4/include/coal/internal/shape_shape_func.h:147:79:
/home/rocos/sia/AVIATOR/third_party/coal-3.0.4/include/coal/narrowphase/narrowphase.h:316:12: warning: ‘distance’ may be used uninitialized [-Wmaybe-uninitialized]
  316 |     return distance;
      |            ^~~~~~~~
/home/rocos/sia/AVIATOR/third_party/coal-3.0.4/include/coal/narrowphase/narrowphase.h: In static member function ‘static std::size_t coal::ShapeShapeCollider<ShapeType1, ShapeType2>::run(const coal::CollisionGeometry*, const coal::Transform3s&, const coal::CollisionGeometry*, const coal::Transform3s&, const coal::GJKSolver*, const coal::CollisionRequest&, coal::CollisionResult&) [with ShapeType1 = coal::Box; ShapeType2 = coal::Capsule]’:
/home/rocos/sia/AVIATOR/third_party/coal-3.0.4/include/coal/narrowphase/narrowphase.h:313:16: note: ‘distance’ declared here
  313 |     CoalScalar distance;
      |                ^~~~~~~~
