k,t,theta,theta_d,s,s_d,d_min,coll,e_task,dq,ddq,interv,active,alpha_L,alpha_R
0,0,0,0,-0,-0,0.008946811123,0,9.769336915e-09,0,0,0,0,0,0
1,0.02,0.00753962393,0.00753962393,-3.158231847e-06,-3.158231847e-06,0.008946090458,0,3.583394918e-11,0.2422979808,12.11489904,0,0,0,0
2,0.04,0.01507805727,0.01507805727,-1.263242867e-05,-1.263242867e-05,0.008945391253,0,3.534277085e-11,0.2420539913,0.1028942822,0,0,0,0
3,0.06,0.0226141096,0.0226141096,-2.842109438e-05,-2.842109438e-05,0.008520159428,0,3.483052966e-11,0.2417606843,0.1031008856,0,0,0,0
4,0.08,0.03014659091,0.03014659091,-5.052173576e-05,-5.052173576e-05,0.007469005287,0,3.42978896e-11,0.2414169105,0.1032764538,0,0,0,0
5,0.1,0.03767431172,0.03767431172,-7.893086287e-05,-7.893086287e-05,0.006419235399,0,3.37464619e-11,0.2410232179,0.1034119927,0,0,0,0
6,0.12,0.04519608332,0.04519608332,-0.0001136439896,-0.0001136439896,0.005371054586,0,3.317754001e-11,0.2405801725,0.1035082391,0,0,0,0
7,0.14,0.05271071793,0.05271071793,-0.0001546556343,-0.0001546556343,0.004324667625,0,3.259244191e-11,0.2400883579,0.1035659397,0,0,0,0
8,0.16,0.06021702891,0.06021702891,-0.0002019593207,-0.0002019593207,0.003280279193,0,3.199264744e-11,0.239548374,0.1035858496,0,0,0,0
9,0.18,0.06771383092,0.06771383092,-0.0002555475792,-0.0002555475792,0.002238093811,0,3.137949241e-11,0.2389608367,0.1035687306,0,0,0,0
10,0.2,0.07519994014,0.07519994014,-0.0003154119474,-0.0003154119474,0.001198315781,0,3.07544607e-11,0.2383263768,0.1035153505,0,0,0,0
11,0.22,0.08267417441,0.08267417441,-0.0003815429721,-0.0003815429721,0.000161149135,0,3.011921723e-11,0.2376456394,0.103426481,0,0,0,0
12,0.24,0.09013535347,0.09013535347,-0.0004539302105,-0.0004539302105,-0.0008732024297,1,2.947461606e-11,0.2369192831,0.103302897,0,0,0,0
13,0.26,0.09758229912,0.09758229912,-0.0005325622317,-0.0005325622317,-0.001904535606,1,2.882254083e-11,0.2361479791,0.1031453747,0,0,0,0
14,0.28,0.1050138354,0.1050138354,-0.0006174266188,-0.0006174266188,-0.002932647538,1,2.816419482e-11,0.2353324107,0.1029546912,0,0,0,0
15,0.3,0.1124287888,0.1124287888,-0.0007085099709,-0.0007085099709,-0.00395733588,1,1.225480493e-07,0.2615295024,5.854809659,0,0,0,0
16,0.32,0.1198259883,0.1198259883,-0.0008057979046,-0.0008057979046,-0.004978398855,1,1.06800621e-07,0.3048217501,3.491458703,0,0,0,0
17,0.34,0.127204266,0.127204266,-0.0009092750573,-0.0009092750573,-0.005995635319,1,1.084728982e-07,0.3036280843,0.1151537068,0,0,0,0
18,0.36,0.1345624566,0.1345624566,-0.001018925089,-0.001018925089,-0.00700884482,1,1.10216518e-07,0.3024104371,0.1148523939,0,0,0,0
19,0.38,0.1418993982,0.1418993982,-0.001134730683,-0.001134730683,-0.008035987251,1,1.120318277e-07,0.301166282,0.1144662434,0,0,0,0
20,0.4,0.1492139323,0.1492139323,-0.001256673555,-0.001256673555,-0.009079281466,1,1.139212529e-07,0.2998961376,0.11402962,0,0,0,0
21,0.42,0.1565049038,0.1565049038,-0.001384734447,-0.001384734447,-0.01011789024,1,1.158872587e-07,0.2986004963,0.1135431736,0,0,0,0
22,0.44,0.1637711613,0.1637711613,-0.001518893137,-0.001518893137,-0.01115161004,1,1.179323477e-07,0.2972798246,0.1130075732,0,0,0,0
23,0.46,0.1710115575,0.1710115575,-0.001659128439,-0.001659128439,-0.01218023837,1,1.200590568e-07,0.2959345627,0.11242351,0,0,0,0
24,0.48,0.1782249489,0.1782249489,-0.00180541821,-0.00180541821,-0.01320357385,1,1.222699551e-07,0.2945651251,0.1117916962,0,0,0,0
25,0.5,0.1854101966,0.1854101966,-0.001957739348,-0.001957739348,-0.01373613913,1,1.367650409e-07,0.2931719007,4.564996289,0,0,0,0
26,0.52,0.1925661659,0.1925661659,-0.0021160678,-0.0021160678,-0.01371814691,1,1.35787309e-07,0.2971703892,5.122108154,0,0,0,0
27,0.54,0.1996917267,0.1996917267,-0.002280378564,-0.002280378564,-0.01370007172,1,1.336773361e-07,0.2964791744,0.1351204533,0,0,0,0
28,0.56,0.2067857539,0.2067857539,-0.002450645694,-0.002450645694,-0.01368192537,1,1.320077704e-07,0.2957314305,0.1360779837,0,0,0,0
29,0.58,0.2138471272,0.2138471272,-0.002626842302,-0.002626842302,-0.01366371939,1,1.34679038e-07,0.2949267996,0.1369757443,0,0,0,0
30,0.6,0.2208747316,0.2208747316,-0.002808940564,-0.002808940564,-0.01364546503,1,1.374503769e-07,0.2940646925,0.1378108804,0,0,0,0
31,0.62,0.2278674573,0.2278674573,-0.002996911727,-0.002996911727,-0.01362717323,1,1.403244635e-07,0.2931445445,0.13858287,0,0,0,0
32,0.64,0.2348242001,0.2348242001,-0.003190726105,-0.003190726105,-0.01360885468,1,1.433039663e-07,0.292165817,0.1392912491,0,0,0,0
33,0.66,0.2417438614,0.2417438614,-0.003390353095,-0.003390353095,-0.01359051977,1,1.463915348e-07,0.2911636677,0.1399356134,0,0,0,0
34,0.68,0.2486253486,0.2486253486,-0.003595761173,-0.003595761173,-0.01357217859,1,1.495897939e-07,0.2903796387,0.1405156208,0,0,0,0
35,0.7,0.2554675749,0.2554675749,-0.003806917901,-0.003806917901,-0.01355384096,1,1.529013302e-07,0.2895267988,0.1410309939,0,0,0,0
36,0.72,0.26226946,0.26226946,-0.004023789937,-0.004023789937,-0.01353551639,1,1.563286835e-07,0.2886046532,0.141481522,0,0,0,0
37,0.74,0.2690299297,0.2690299297,-0.004246343034,-0.004246343034,-0.0135172141,1,1.186137152e-07,0.2876127478,0.1418670625,0,0,0,0
38,0.76,0.2757479164,0.2757479164,-0.004474542047,-0.004474542047,-0.01349894399,1,1.469738244e-07,0.2865412881,0.142088777,0,0,0,0
39,0.78,0.2824223593,0.2824223593,-0.004708350943,-0.004708350943,-0.01348071277,1,1.450437369e-07,0.2854181644,0.1425402932,0,0,0,0
40,0.8,0.2890522045,0.2890522045,-0.004947732798,-0.004947732798,-0.01346252976,1,1.431477179e-07,0.2842146756,0.1426334867,0,0,0,0
41,0.82,0.2956364049,0.2956364049,-0.005192649813,-0.005192649813,-0.01344440299,1,1.412893766e-07,0.2829400356,0.1427590693,0,0,0,0
42,0.84,0.302173921,0.302173921,-0.005443063312,-0.005443063312,-0.01342634025,1,1.394662795e-07,0.2815940112,0.1428200589,0,0,0,0
43,0.86,0.3086637203,0.3086637203,-0.005698933752,-0.005698933752,-0.013408349,1,1.376761094e-07,0.2801764146,0.1428167387,0,0,0,0
44,0.88,0.315104778,0.315104778,-0.005960220728,-0.005960220728,-0.01339044961,1,6.084336892e-07,0.2786120764,0.1452017589,0,0,0,0
45,0.9,0.321496077,0.321496077,-0.00622688298,-0.00622688298,-0.01337260947,1,1.439886769e-07,0.2772010161,0.1377141554,0,0,0,0
46,0.92,0.327836608,0.327836608,-0.006498878398,-0.006498878398,-0.01335487472,1,1.47636754e-07,0.2754930384,0.1448775154,0,0,0,0
47,0.94,0.3341253699,0.3341253699,-0.006776164032,-0.006776164032,-0.01333723856,1,1.513950318e-07,0.273788234,0.1421690581,0,0,0,0
48,0.96,0.3403613695,0.3403613695,-0.007058696095,-0.007058696095,-0.01331970705,1,1.552644052e-07,0.272011653,0.1418515205,0,0,0,0
49,0.98,0.3465436221,0.3465436221,-0.007346429971,-0.007346429971,-0.01330228602,1,1.592455567e-07,0.2701633975,0.1414730592,0,0,0,0
50,1,0.3526711514,0.3526711514,-0.007639320225,-0.007639320225,-0.013284981,1,1.633389338e-07,0.2682436257,0.1410345931,0,0,0,0
51,1.02,0.3587429898,0.3587429898,-0.007937320605,-0.007937320605,-0.01326779728,1,1.675447277e-07,0.2662525464,0.1405370494,0,0,0,0
52,1.04,0.3647581786,0.3647581786,-0.008240384054,-0.008240384054,-0.01325073989,1,1.29226363e-07,0.2641904192,0.1399814316,0,0,0,0
53,1.06,0.3707157679,0.3707157679,-0.008548462715,-0.008548462715,-0.01323381362,1,1.326798301e-07,0.2620575542,0.139368818,0,0,0,0
54,1.08,0.3766148168,0.3766148168,-0.008861507937,-0.008861507937,-0.01321983029,1,1.362307003e-07,0.2598543119,0.1387003608,0,0,0,0
55,1.1,0.3824543938,0.3824543938,-0.009179470289,-0.009179470289,-0.01320960694,1,1.398723993e-07,0.2575811027,0.137977284,0,0,0,0
56,1.12,0.3882335769,0.3882335769,-0.00950229956,-0.00950229956,-0.01319940151,1,1.436040923e-07,0.2552383866,0.1372008824,0,0,0,0
57,1.14,0.3939514535,0.3939514535,-0.009829944771,-0.009829944771,-0.01318921876,1,1.474246298e-07,0.2528266729,0.1363725189,0,0,0,0
58,1.16,0.3996071205,0.3996071205,-0.01016235418,-0.01016235418,-0.01317906328,1,1.513325268e-07,0.250346519,0.1354936229,0,0,0,0
59,1.18,0.4051996849,0.4051996849,-0.01049947531,-0.01049947531,-0.01316893998,1,1.553259375e-07,0.2477894319,0.134417773,0,0,0,0
60,1.2,0.4107282636,0.4107282636,-0.0108412549,-0.0108412549,-0.0131588521,1,1.594026345e-07,0.2451834955,0.134572583,0,0,0,0
61,1.22,0.4161919835,0.4161919835,-0.011187639,-0.011187639,-0.0131488042,1,6.548310065e-07,0.2425018415,0.1378911238,0,0,0,0
62,1.24,0.4215899819,0.4215899819,-0.01153857291,-0.01153857291,-0.01313880018,1,1.655890231e-07,0.2397544439,0.3231978928,0,0,0,0
63,1.26,0.4269214063,0.4269214063,-0.01189400121,-0.01189400121,-0.0131288518,1,5.527895813e-07,0.2368695586,0.1442442616,0,0,0,0
64,1.28,0.4321854149,0.4321854149,-0.01225386777,-0.01225386777,-0.01311893855,1,1.764830294e-07,0.2341381392,0.1502720407,0,0,0,0
65,1.3,0.4373811765,0.4373811765,-0.01261811576,-0.01261811576,-0.01310908794,1,1.809277142e-07,0.2311258942,0.1506122467,0,0,0,0
66,1.32,0.4425078704,0.4425078704,-0.01298668768,-0.01298668768,-0.01309929523,1,1.414075942e-07,0.2281238132,0.1520958378,0,0,0,0
67,1.34,0.4475646873,0.4475646873,-0.0133595253,-0.0133595253,-0.01308956356,1,1.450265525e-07,0.22506035,0.1548306432,0,0,0,0
68,1.36,0.4525508284,0.4525508284,-0.01373656977,-0.01373656977,-0.01307989592,1,1.486975926e-07,0.2219364831,0.1575270004,0,0,0,0
69,1.38,0.4574655066,0.4574655066,-0.01411776154,-0.01411776154,-0.01307030467,1,6.752473936e-07,0.2186705971,0.1632943019,0,0,0,0
70,1.4,0.4623079457,0.4623079457,-0.01450304041,-0.01450304041,-0.01306076405,1,1.54708002e-07,0.2155942976,0.2536741519,0,0,0,0
71,1.42,0.4670773809,0.4670773809,-0.01489234555,-0.01489234555,-0.01305130518,1,1.599255874e-07,0.2122128807,0.1690708447,0,0,0,0
72,1.44,0.4717730593,0.4717730593,-0.01528561548,-0.01528561548,-0.01304192103,1,6.892238831e-07,0.2088579642,0.1678969651,0,0,0,0
73,1.46,0.4763942392,0.4763942392,-0.01568278809,-0.01568278809,-0.0130326149,1,6.689218578e-07,0.2054430617,0.2456950538,0,0,0,0
74,1.48,0.4809401909,0.4809401909,-0.01608380068,-0.01608380068,-0.01302338632,1,1.713435703e-07,0.201989515,0.1754213045,0,0,0,0
75,1.5,0.4854101966,0.4854101966,-0.01648858991,-0.01648858991,-0.01301424083,1,1.751575565e-07,0.1984593785,0.1765068206,0,0,0,0
76,1.52,0.4898035504,0.4898035504,-0.01689709186,-0.01689709186,-0.01300517827,1,1.789608629e-07,0.1949008913,0.1779243605,0,0,0,0
77,1.54,0.4941195586,0.4941195586,-0.01730924203,-0.01730924203,-0.01299620125,1,1.827444734e-07,0.1912832657,0.1808812831,0,0,0,0
78,1.56,0.4983575395,0.4983575395,-0.01772497534,-0.01772497534,-0.01298731164,1,1.864984664e-07,0.1879720731,0.1833218494,0,0,0,0
79,1.58,0.502516824,0.502516824,-0.01814422613,-0.01814422613,-0.0129785112,1,1.902123464e-07,0.1853477876,0.1856975437,0,0,0,0
80,1.6,0.5065967553,0.5065967553,-0.0185669282,-0.0185669282,-0.01296980164,1,1.938750474e-07,0.1826961034,0.1880076059,0,0,0,0
81,1.62,0.5105966891,0.5105966891,-0.0189930148,-0.0189930148,-0.01296118457,1,1.974749347e-07,0.1800168034,0.1902512282,0,0,0,0
82,1.64,0.5145159937,0.5145159937,-0.01942241865,-0.01942241865,-0.0129526615,1,1.557884815e-07,0.1773148477,0.1924276864,0,0,0,0
83,1.66,0.5183540503,0.5183540503,-0.01985507193,-0.01985507193,-0.0129442339,1,1.585972917e-07,0.1745745659,0.1945363382,0,0,0,0
84,1.68,0.5221102528,0.5221102528,-0.02029090634,-0.02029090634,-0.01293590317,1,1.613418157e-07,0.1718111712,0.1965766228,0,0,0,0
85,1.7,0.525784008,0.525784008,-0.02072985304,-0.02072985304,-0.01292767063,1,1.640010756e-07,0.1690193561,0.1985480586,0,0,0,0
86,1.72,0.5293747359,0.5293747359,-0.02117184271,-0.02117184271,-0.01291953754,1,1.665635731e-07,0.1661989368,0.2004502422,0,0,0,0
87,1.74,0.5328818693,0.5328818693,-0.02161680558,-0.02161680558,-0.01291150584,1,1.690174024e-07,0.1633497399,0.2027151536,0,0,0,0
88,1.76,0.5363048545,0.5363048545,-0.02206467136,-0.02206467136,-0.01290357519,1,1.713502674e-07,0.1604716012,0.2036017386,0,0,0,0
89,1.78,0.5396431509,0.5396431509,-0.02251536933,-0.02251536933,-0.01289574745,1,1.735495076e-07,0.1575643668,0.2057381815,0,0,0,0
90,1.8,0.5428962315,0.5428962315,-0.02296882834,-0.02296882834,-0.01288802367,1,1.756021248e-07,0.1546278936,0.2073609813,0,0,0,0
91,1.82,0.5460635824,0.5460635824,-0.02342497676,-0.02342497676,-0.01288040485,1,1.774948131e-07,0.1516620501,0.2089134396,0,0,0,0
92,1.84,0.5491447036,0.5491447036,-0.02388374257,-0.02388374257,-0.01287289196,1,1.792139945e-07,0.1486667168,0.2103957478,0,0,0,0
93,1.86,0.5521391084,0.5521391084,-0.02434505333,-0.02434505333,-0.01286548593,1,1.807458544e-07,0.1456619298,0.2118079883,0,0,0,0
94,1.88,0.5550463241,0.5550463241,-0.02480883618,-0.02480883618,-0.01285818764,1,1.82076382e-07,0.1444830752,0.2131503029,0,0,0,0
95,1.9,0.5578658915,0.5578658915,-0.02527501789,-0.02527501789,-0.01285099797,1,1.83191413e-07,0.143286074,0.21442289,0,0,0,0
96,1.92,0.5605973655,0.5605973655,-0.02574352485,-0.02574352485,-0.01284391853,1,1.840766763e-07,0.1420710194,0.216045138,0,0,0,0
97,1.94,0.5632403146,0.5632403146,-0.02621428307,-0.02621428307,-0.01283694852,1,1.847178417e-07,0.1408379989,0.2163254367,0,0,0,0
98,1.96,0.5657943215,0.5657943215,-0.02668721822,-0.02668721822,-0.01283008954,1,1.85100572e-07,0.1395870943,0.2178247652,0,0,0,0
99,1.98,0.568258983,0.568258983,-0.02716225561,-0.02716225561,-0.01282334235,1,1.852105759e-07,0.138318382,0.2188216737,0,0,0,0
100,2,0.5706339098,0.5706339098,-0.02763932023,-0.02763932023,-0.01281670768,1,1.850336649e-07,0.1370319332,0.2197503699,0,0,0,0
101,2.02,0.5729187268,0.5729187268,-0.02811833674,-0.02811833674,-0.01281018626,1,1.845558104e-07,0.1357278142,0.2206115538,0,0,0,0
102,2.04,0.5751130734,0.5751130734,-0.0285992295,-0.0285992295,-0.01280377964,1,1.837632031e-07,0.1344060864,0.2218229645,0,0,0,0
103,2.06,0.577216603,0.577216603,-0.02908192258,-0.02908192258,-0.01279748682,1,1.826423159e-07,0.1330668067,0.2216957513,0,0,0,0
104,2.08,0.5792289833,0.5792289833,-0.02956633975,-0.02956633975,-0.01279130935,1,1.811799645e-07,0.1317100281,0.2227948867,0,0,0,0
105,2.1,0.5811498967,0.5811498967,-0.03005240451,-0.03005240451,-0.0127852479,1,1.79363371e-07,0.1303357992,0.2233917545,0,0,0,0
106,2.12,0.5829790397,0.5829790397,-0.03054004012,-0.03054004012,-0.01277930317,1,1.771802284e-07,0.1289441654,0.2239236765,0,0,0,0
107,2.14,0.5847161237,0.5847161237,-0.03102916956,-0.03102916956,-0.01277347665,1,1.746187642e-07,0.1275351685,0.2247922003,0,0,0,0
108,2.16,0.5863608741,0.5863608741,-0.0315197156,-0.0315197156,-0.0127677673,1,2.165910912e-07,0.1261088472,0.2243681756,0,0,0,0
109,2.18,0.5879130314,0.5879130314,-0.03201160078,-0.03201160078,-0.01276217668,1,2.122419565e-07,0.1246652378,0.2252056942,0,0,0,0
110,2.2,0.5893723504,0.5893723504,-0.03250474742,-0.03250474742,-0.01275670632,1,2.073584018e-07,0.1232043741,0.2261508371,0,0,0,0
111,2.22,0.5907386007,0.5907386007,-0.03299907764,-0.03299907764,-0.01275135509,1,2.019568698e-07,0.1217262878,0.2258767763,0,0,0,0
112,2.24,0.5920115665,0.5920115665,-0.03349451339,-0.03349451339,-0.01274612462,1,1.960279547e-07,0.1202310089,0.2267597243,0,0,0,0
113,2.26,0.5931910468,0.5931910468,-0.03399097644,-0.03399097644,-0.01274101641,1,1.895633445e-07,0.1187185664,0.2275403167,0,0,0,0
114,2.28,0.5942768554,0.5942768554,-0.03448838837,-0.03448838837,-0.01273602941,1,1.825558992e-07,0.117188988,0.2271642778,0,0,0,0
115,2.3,0.5952688208,0.5952688208,-0.03498667066,-0.03498667066,-0.01273116603,1,2.197838335e-07,0.1156423011,0.2282355411,0,0,0,0
116,2.32,0.5961667863,0.5961667863,-0.03548574461,-0.03548574461,-0.01272642612,1,2.095127512e-07,0.1140785328,0.2281463478,0,0,0,0
117,2.34,0.5969706102,0.5969706102,-0.03598553141,-0.03598553141,-0.01272181031,1,1.985183911e-07,0.1124977105,0.2283538785,0,0,0,0
118,2.36,0.5976801655,0.5976801655,-0.03648595214,-0.03648595214,-0.0127173192,1,1.868391097e-07,0.1108998622,0.2285006967,0,0,0,0
119,2.38,0.5982953402,0.5982953402,-0.03698692778,-0.03698692778,-0.01271295414,1,2.18621205e-07,0.1092850169,0.2289121749,0,0,0,0
120,2.4,0.5988160371,0.5988160371,-0.03748837922,-0.03748837922,-0.01270871539,1,2.022158767e-07,0.1076532051,0.228816735,0,0,0,0
121,2.42,0.599242174,0.599242174,-0.03799022727,-0.03799022727,-0.0126982775,1,3.783429905e-07,0.1060044589,0.1912434069,0,0,0,0
122,2.44,0.5995736836,0.5995736836,-0.03849239269,-0.03849239269,-0.01267404971,1,3.578866845e-07,0.104338813,0.1926832454,0,0,0,0
123,2.46,0.5998105136,0.5998105136,-0.03899479618,-0.03899479618,-0.01263626912,1,3.394115131e-07,0.1026563046,0.1934064083,0,0,0,0
124,2.48,0.5999526265,0.5999526265,-0.0394973584,-0.0394973584,-0.01258497619,1,3.226040176e-07,0.1009569739,0.1950263314,0,0,0,0
125,2.5,0.6,0.6,-0.04,-0.04,-0.01252021303,1,3.07424563e-07,0.1001032649,0.1959242755,0,0,0,0
126,2.52,0.5999526265,0.5999526265,-0.0405026416,-0.0405026416,-0.01244202336,1,2.93849646e-07,0.1013787262,0.1970050464,0,0,0,0
127,2.54,0.5998105136,0.5998105136,-0.04100520382,-0.04100520382,-0.01235045253,1,2.818783789e-07,0.1026372981,0.1980450713,0,0,0,0
128,2.56,0.5995736836,0.5995736836,-0.04150760731,-0.04150760731,-0.01224554739,1,2.715385219e-07,0.1038789725,0.1992463513,0,0,0,0
129,2.58,0.599242174,0.599242174,-0.04200977273,-0.04200977273,-0.01212735637,1,2.628913221e-07,0.1051037443,0.2002175379,0,0,0,0
130,2.6,0.5988160371,0.5988160371,-0.04251162078,-0.04251162078,-0.01199592935,1,4.394236549e-07,0.1063116116,0.1808770851,0,0,0,0
131,2.62,0.5982953402,0.5982953402,-0.04301307222,-0.04301307222,-0.01185138372,1,4.507561712e-07,0.1075588813,0.1382563967,0,0,0,0
132,2.64,0.5976801655,0.5976801655,-0.04351404786,-0.04351404786,-0.01169365243,1,2.547406825e-13,0.1086767589,0.1380963996,0,0,0,0
133,2.66,0.5969706102,0.5969706102,-0.04401446859,-0.04401446859,-0.01152284355,1,2.399788487e-13,0.1098339893,0.1446228883,0,0,0,0
134,2.68,0.5961667863,0.5961667863,-0.04451425539,-0.04451425539,-0.01133901261,1,2.275227353e-13,0.1109743286,0.1413323059,0,0,0,0
135,2.7,0.5952688208,0.5952688208,-0.04501332934,-0.04501332934,-0.01114221652,1,2.18366712e-13,0.1120977845,0.1413126728,0,0,0,0
136,2.72,0.5942768554,0.5942768554,-0.04551161163,-0.04551161163,-0.01093251351,1,2.127249904e-13,0.1132043654,0.1412924928,0,0,0,0
137,2.74,0.5931910468,0.5931910468,-0.04600902356,-0.04600902356,-0.01070996312,1,2.112483775e-13,0.1142940809,0.1412716386,0,0,0,0
138,2.76,0.5920115665,0.5920115665,-0.04650548661,-0.04650548661,-0.0104746262,1,2.181426238e-13,0.1153669408,0.1412499594,0,0,0,0
139,2.78,0.5907386007,0.5907386007,-0.04700092236,-0.04700092236,-0.01022656485,1,2.595711008e-13,0.1164229551,0.1412272813,0,0,0,0
140,2.8,0.5893723504,0.5893723504,-0.04749525258,-0.04749525258,-0.009965842468,1,3.110769716e-13,0.1174621339,0.1412034071,0,0,0,0
141,2.82,0.5879130314,0.5879130314,-0.04798839922,-0.04798839922,-0.009692523677,1,3.724763667e-13,0.1184844867,0.1411781163,0,0,0,0
142,2.84,0.5863608741,0.5863608741,-0.0484802844,-0.0484802844,-0.009406674353,1,4.429006926e-13,0.1194900228,0.1411511656,0,0,0,0
143,2.86,0.5847161237,0.5847161237,-0.04897083044,-0.04897083044,-0.009108361599,1,5.219936967e-13,0.1204787502,0.1411222884,0,0,0,0
144,2.88,0.5829790397,0.5829790397,-0.04945995988,-0.04945995988,-0.008797653742,1,6.093733207e-13,0.121450676,0.1410911957,0,0,0,0
145,2.9,0.5811498967,0.5811498967,-0.04994759549,-0.04994759549,-0.008474620324,1,7.056727503e-13,0.1224058058,0.1410575757,0,0,0,0
146,2.92,0.5792289833,0.5792289833,-0.05043366025,-0.05043366025,-0.008139332101,1,8.105652691e-13,0.1233441437,0.1410210946,0,0,0,0
147,2.94,0.577216603,0.577216603,-0.05091807742,-0.05091807742,-0.007791861033,1,9.243601234e-13,0.1242656919,0.1409813963,0,0,0,0
148,2.96,0.5751130734,0.5751130734,-0.0514007705,-0.0514007705,-0.007432280287,1,1.046749422e-12,0.1251704503,0.1409381035,0,0,0,0
149,2.98,0.5729187268,0.5729187268,-0.05188166326,-0.05188166326,-0.007060664231,1,1.178248688e-12,0.1260584169,0.1408908174,0,0,0,0
150,3,0.5706339098,0.5706339098,-0.05236067977,-0.05236067977,-0.006677088437,1,1.31879395e-12,0.1269295867,0.1408391186,0,0,0,0
151,3.02,0.568258983,0.568258983,-0.05283774439,-0.05283774439,-0.006281629679,1,1.468736337e-12,0.1277839522,0.1407825674,0,0,0,0
152,3.04,0.5657943215,0.5657943215,-0.05331278178,-0.05331278178,-0.005874365933,1,1.627763612e-12,0.128621503,0.1407207044,0,0,0,0
153,3.06,0.5632403146,0.5632403146,-0.05378571693,-0.05378571693,-0.005455376383,1,1.796295498e-12,0.1294422255,0.1406530509,0,0,0,0
154,3.08,0.5605973655,0.5605973655,-0.05425647515,-0.05425647515,-0.005024741422,1,1.973864438e-12,0.1302461026,0.1405791098,0,0,0,0
155,3.1,0.5578658915,0.5578658915,-0.05472498211,-0.05472498211,-0.004582542652,1,2.160977704e-12,0.131033114,0.140498366,0,0,0,0
156,3.12,0.5550463241,0.5550463241,-0.05519116382,-0.05519116382,-0.004128862893,1,2.357577669e-12,0.1318032356,0.1404102873,0,0,0,0
157,3.14,0.5521391084,0.5521391084,-0.05565494667,-0.05565494667,-0.003663786185,1,2.563867629e-12,0.1325564393,0.1403143249,0,0,0,0
158,3.16,0.5491447036,0.5491447036,-0.05611625743,-0.05611625743,-0.003187397789,1,2.779365902e-12,0.1332926933,0.1402099145,0,0,0,0
159,3.18,0.5460635824,0.5460635824,-0.05657502324,-0.05657502324,-0.0026997842,1,3.004367248e-12,0.1340119617,0.1400964768,0,0,0,0
160,3.2,0.5428962315,0.5428962315,-0.05703117166,-0.05703117166,-0.002201033143,1,3.238518674e-12,0.134714204,0.1399734185,0,0,0,0
161,3.22,0.5396431509,0.5396431509,-0.05748463067,-0.05748463067,-0.001691233586,1,3.481731943e-12,0.1353993757,0.1398401334,0,0,0,0
162,3.24,0.5363048545,0.5363048545,-0.05793532864,-0.05793532864,-0.001170475738,1,3.734157603e-12,0.1360674277,0.1396960029,0,0,0,0
163,3.26,0.5328818693,0.5328818693,-0.05838319442,-0.05838319442,-0.0006388510602,0,3.995429935e-12,0.1367183062,0.1395403972,0,0,0,0
164,3.28,0.5293747359,0.5293747359,-0.05882815729,-0.05882815729,-9.645226676e-05,0,4.265260021e-12,0.1373519531,0.1393726766,0,0,0,0
165,3.3,0.525784008,0.525784008,-0.05927014696,-0.05927014696,0.0004566266692,0,4.54373245e-12,0.1379683051,0.1391921919,0,0,0,0
166,3.32,0.5221102528,0.5221102528,-0.05970909366,-0.05970909366,0.001020290511,0,4.830230701e-12,0.1385672944,0.1389982858,0,0,0,0
167,3.34,0.5183540503,0.5183540503,-0.06014492807,-0.06014492807,0.001594442755,0,5.124688186e-12,0.1391488483,0.1387902943,0,0,0,0
168,3.36,0.5145159937,0.5145159937,-0.06057758135,-0.06057758135,0.002178985627,0,5.42712667e-12,0.139712889,0.138567547,0,0,0,0
169,3.38,0.5105966891,0.5105966891,-0.0610069852,-0.0610069852,0.002773820079,0,5.736599381e-12,0.140259334,0.1383293691,0,0,0,0
170,3.4,0.5065967553,0.5065967553,-0.0614330718,-0.0614330718,0.003378845786,0,6.053229069e-12,0.1407880957,0.138075082,0,0,0,0
171,3.42,0.502516824,0.502516824,-0.06185577387,-0.06185577387,0.003993961147,0,6.376679046e-12,0.1412990813,0.1378040047,0,0,0,0
172,3.44,0.4983575395,0.4983575395,-0.06227502466,-0.06227502466,0.004619063281,0,6.706136403e-12,0.1417921935,0.1375154548,0,0,0,0
173,3.46,0.4941195586,0.4941195586,-0.06269075797,-0.06269075797,0.005254048029,0,7.041543911e-12,0.1422673296,0.1372087501,0,0,0,0
174,3.48,0.4898035504,0.4898035504,-0.06310290814,-0.06310290814,0.00589880995,0,7.382733851e-12,0.142724382,0.1368832092,0,0,0,0
175,3.5,0.4854101966,0.4854101966,-0.06351141009,-0.06351141009,0.006553242331,0,7.728781459e-12,0.1431632382,0.1365381534,0,0,0,0
176,3.52,0.4809401909,0.4809401909,-0.06391619932,-0.06391619932,0.007217237178,0,8.079117553e-12,0.143583781,0.1361729075,0,0,0,0
177,3.54,0.4763942392,0.4763942392,-0.06431721191,-0.06431721191,0.00789068523,0,8.433967875e-12,0.143985888,0.1357868009,0,0,0,0
178,3.56,0.4717730593,0.4717730593,-0.06471438452,-0.06471438452,0.008532916306,0,8.792031551e-12,0.1443694323,0.1353791694,0,0,0,0
179,3.58,0.4670773809,0.4670773809,-0.06510765445,-0.06510765445,0.008520785189,0,9.153178934e-12,0.1447342821,0.1349493559,0,0,0,0
180,3.6,0.4623079457,0.4623079457,-0.06549695959,-0.06549695959,0.008508739897,0,9.516770849e-12,0.1450803012,0.1344967118,0,0,0,0
181,3.62,0.4574655066,0.4574655066,-0.06588223846,-0.06588223846,0.008496793948,0,9.882470825e-12,0.1454073486,0.1340205985,0,0,0,0
182,3.64,0.4525508284,0.4525508284,-0.06626343023,-0.06626343023,0.008484960925,0,1.02495591e-11,0.1457152792,0.1335203881,0,0,0,0
183,3.66,0.4475646873,0.4475646873,-0.0666404747,-0.0666404747,0.008473254462,0,1.06175185e-11,0.1460039433,0.1329954648,0,0,0,0
184,3.68,0.4425078704,0.4425078704,-0.06701331232,-0.06701331232,0.008461688236,0,1.098561222e-11,0.1462731873,0.1324452263,0,0,0,0
185,3.7,0.4373811765,0.4373811765,-0.06738188424,-0.06738188424,0.008450275958,0,1.135341446e-11,0.1476079295,0.1318690848,0,0,0,0
186,3.72,0.4321854149,0.4321854149,-0.06774613223,-0.06774613223,0.008439031359,0,1.172011848e-11,0.1502332589,0.131266468,0,0,0,0
187,3.74,0.4269214063,0.4269214063,-0.06810599879,-0.06810599879,0.008427968184,0,1.208518588e-11,0.1528459953,0.1306368204,0,0,0,0
188,3.76,0.4215899819,0.4215899819,-0.06846142709,-0.06846142709,0.008417100176,0,1.244800845e-11,0.1554455874,0.1299796044,0,0,0,0
189,3.78,0.4161919835,0.4161919835,-0.068812361,-0.068812361,0.008406441069,0,1.280815368e-11,0.1580314734,0.1292943012,0,0,0,0
190,3.8,0.4107282636,0.4107282636,-0.0691587451,-0.0691587451,0.008396004577,0,1.316454154e-11,0.1606030816,0.1285804122,0,0,0,0
191,3.82,0.4051996849,0.4051996849,-0.06950052469,-0.06950052469,0.008385804383,0,1.351714636e-11,0.1631598308,0.1278374595,0,0,0,0
192,3.84,0.3996071205,0.3996071205,-0.06983764582,-0.06983764582,0.008375854126,0,1.386479946e-11,0.1657011306,0.1270649871,0,0,0,0
193,3.86,0.3939514535,0.3939514535,-0.07017005523,-0.07017005523,0.008089309284,0,1.420746444e-11,0.1682263818,0.1262625621,0,0,0,0
194,3.88,0.3882335769,0.3882335769,-0.07049770044,-0.07049770044,0.007300408124,0,1.454377664e-11,0.1707349773,0.1254297752,0,0,0,0
195,3.9,0.3824543938,0.3824543938,-0.07082052971,-0.07082052971,0.006502338298,0,1.487343442e-11,0.1732263021,0.1245662417,0,0,0,0
196,3.92,0.3766148168,0.3766148168,-0.07113849206,-0.07113849206,0.005695233663,0,1.519606523e-11,0.1756997342,0.1236716024,0,0,0,0
197,3.94,0.3707157679,0.3707157679,-0.07145153729,-0.07145153729,0.004879230065,0,1.551106531e-11,0.1781546447,0.1227455242,0,0,0,0
198,3.96,0.3647581786,0.3647581786,-0.07175961595,-0.07175961595,0.00405446533,0,1.581741079e-11,0.1805903987,0.1217877009,0,0,0,0
199,3.98,0.3587429898,0.3587429898,-0.07206267939,-0.07206267939,0.003221079252,0,1.611514049e-11,0.1830063558,0.120797854,0,0,0,0
200,4,0.3526711514,0.3526711514,-0.07236067977,-0.07236067977,0.002379213579,0,1.640284386e-11,0.1854018704,0.1197757332,0,0,0,0
201,4.02,0.3465436221,0.3465436221,-0.07265357003,-0.07265357003,0.001529011995,0,1.66806805e-11,0.1877762928,0.118721117,0,0,0,0
202,4.04,0.3403613695,0.3403613695,-0.07294130391,-0.07294130391,0.000670620104,0,1.694803092e-11,0.190128969,0.1176338132,0,0,0,0
203,4.06,0.3341253699,0.3341253699,-0.07322383597,-0.07322383597,-0.0001958145873,0,1.720408313e-11,0.1924592422,0.1165136594,0,0,0,0
204,4.08,0.327836608,0.327836608,-0.0735011216,-0.0735011216,-0.001070142693,1,1.744843632e-11,0.1947664527,0.1153605236,0,0,0,0
205,4.1,0.321496077,0.321496077,-0.07377311702,-0.07377311702,-0.001952212971,1,1.768085693e-11,0.1970499388,0.1141743043,0,0,0,0
206,4.12,0.315104778,0.315104778,-0.07403977927,-0.07403977927,-0.002841872345,1,1.790046434e-11,0.1993090374,0.1129549309,0,0,0,0
207,4.14,0.3086637203,0.3086637203,-0.07430106625,-0.07430106625,-0.00373896593,1,1.810727871e-11,0.2015430847,0.1117023644,0,0,0,0
208,4.16,0.302173921,0.302173921,-0.07455693669,-0.07455693669,-0.004643337065,1,1.830064216e-11,0.2037514166,0.1104165968,0,0,0,0
209,4.18,0.2956364049,0.2956364049,-0.07480735019,-0.07480735019,-0.005558587663,1,1.848003804e-11,0.2059333697,0.109097652,0,0,0,0
210,4.2,0.2890522045,0.2890522045,-0.0750522672,-0.0750522672,-0.006481213672,1,1.864528895e-11,0.2080882814,0.1077455857,0,0,0,0
211,4.22,0.2824223593,0.2824223593,-0.07529164906,-0.07529164906,-0.007410552684,1,1.879630964e-11,0.2102154911,0.1063604854,0,0,0,0
212,4.24,0.2757479164,0.2757479164,-0.07552545795,-0.07552545795,-0.008346438287,1,1.893208737e-11,0.2123143405,0.1049424703,0,0,0,0
213,4.26,0.2690299297,0.2690299297,-0.07575365697,-0.07575365697,-0.009288702476,1,1.905298561e-11,0.2143841743,0.1034916915,0,0,0,0
214,4.28,0.26226946,0.26226946,-0.07597621006,-0.07597621006,-0.0102371757,1,1.915849384e-11,0.216424341,0.1020083319,0,0,0,0
215,4.3,0.2554675749,0.2554675749,-0.0761930821,-0.0761930821,-0.01119168688,1,1.924868484e-11,0.2184341931,0.1004926059,0,0,0,0
216,4.32,0.2486253486,0.2486253486,-0.07640423883,-0.07640423883,-0.01215206351,1,1.971207337e-07,0.320062519,7.868967733,0,0,0,0
217,4.34,0.2417438614,0.2417438614,-0.0766096469,-0.0766096469,-0.01311813164,1,2.101890662e-07,0.3269120229,0.3587951872,0,0,0,0
218,4.36,0.2348242001,0.2348242001,-0.07680927389,-0.07680927389,-0.01408971595,1,2.162545328e-07,0.32846078,0.09575384379,0,0,0,0
219,4.38,0.2278674573,0.2278674573,-0.07700308827,-0.07700308827,-0.01506663981,1,1.765518415e-07,0.3299565701,0.09521652088,0,0,0,0
220,4.4,0.2208747316,0.2208747316,-0.07719105944,-0.07719105944,-0.0151922825,1,1.816226482e-07,0.3313773238,8.896664185,0,0,0,0
221,4.42,0.2138471272,0.2138471272,-0.0773731577,-0.0773731577,-0.01523986556,1,5.016658062e-07,0.3477440483,0.8990764877,0,0,0,0
222,4.44,0.2067857539,0.2067857539,-0.07754935431,-0.07754935431,-0.01521810608,1,2.183237084e-07,0.3190503505,1.589217545,0,0,0,0
223,4.46,0.1996917267,0.1996917267,-0.07771962144,-0.07771962144,-0.01519563156,1,2.090941089e-07,0.3353047782,0.8991434767,0,0,0,0
224,4.48,0.1925661659,0.1925661659,-0.0778839322,-0.0778839322,-0.01517245744,1,2.034761104e-07,0.3364865858,0.1000291961,0,0,0,0
225,4.5,0.1854101966,0.1854101966,-0.07804226065,-0.07804226065,-0.015148601,1,2.432409426e-07,0.3376116119,0.097340271,0,0,0,0
226,4.52,0.1782249489,0.1782249489,-0.07819458179,-0.07819458179,-0.01512407577,1,2.368672886e-07,0.3386752545,0.09558675165,0,0,0,0
227,4.54,0.1710115575,0.1710115575,-0.07834087156,-0.07834087156,-0.01509890058,1,2.306516889e-07,0.3396773079,0.09310914211,0,0,0,0
228,4.56,0.1637711613,0.1637711613,-0.07848110686,-0.07848110686,-0.01507309344,1,2.253883455e-07,0.3406175841,0.09256810472,0,0,0,0
229,4.58,0.1565049038,0.1565049038,-0.07861526555,-0.07861526555,-0.01504667306,1,2.187132718e-07,0.3415035547,0.09188445179,0,0,0,0
230,4.6,0.1492139323,0.1492139323,-0.07874332645,-0.07874332645,-0.0150196588,1,2.129866577e-07,0.3423122931,0.09139147372,0,0,0,0
231,4.62,0.1418993982,0.1418993982,-0.07886526932,-0.07886526932,-0.01499207063,1,2.074187971e-07,0.3430662719,0.09058735816,0,0,0,0
232,4.64,0.1345624566,0.1345624566,-0.07898107491,-0.07898107491,-0.01496392908,1,2.020071683e-07,0.3437578846,0.08980750997,0,0,0,0
233,4.66,0.127204266,0.127204266,-0.07909072494,-0.07909072494,-0.01493525527,1,2.042840631e-07,0.3443870221,0.08896788678,0,0,0,0
234,4.68,0.1198259883,0.1198259883,-0.0791942021,-0.0791942021,-0.01481413853,1,5.01616649e-07,0.3449535919,0.9320110818,0,0,0,0
235,4.7,0.1124287888,0.1124287888,-0.07929149003,-0.07929149003,-0.01487639868,1,2.145933381e-07,0.3454575165,1.858689377,0,0,0,0
236,4.72,0.1050138354,0.1050138354,-0.07938257338,-0.07938257338,-0.01475559913,1,5.075036608e-07,0.3458987332,1.764455803,0,0,0,0
237,4.74,0.09758229912,0.09758229912,-0.07946743777,-0.07946743777,-0.0148156771,1,2.251780526e-07,0.3462771937,1.822223375,0,0,0,0
238,4.76,0.09013535347,0.09013535347,-0.07954606979,-0.07954606979,-0.01478467552,1,2.305721428e-07,0.3465928641,0.9133429684,0,0,0,0
239,4.78,0.08267417441,0.08267417441,-0.07961845703,-0.07961845703,-0.01475327677,1,2.08599244e-07,0.3468531381,0.08262911354,0,0,0,0
240,4.8,0.07519994014,0.07519994014,-0.07968458805,-0.07968458805,-0.01472150549,1,2.034262846e-07,0.3470359023,0.08148386054,0,0,0,0
241,4.82,0.06771383092,0.06771383092,-0.07974445242,-0.07974445242,-0.01468938576,1,1.984036053e-07,0.3471631349,0.08011795972,0,0,0,0
242,4.84,0.06021702891,0.06021702891,-0.07979804068,-0.07979804068,-0.01465694187,1,2.030067386e-07,0.3472275784,0.07874956251,0,0,0,0
243,4.86,0.05271071793,0.05271071793,-0.07984534437,-0.07984534437,-0.01462420039,1,2.346151391e-07,0.3472292644,0.07732436828,0,0,0,0
244,4.88,0.04519608332,0.04519608332,-0.07988635601,-0.07988635601,-0.01459118165,1,2.290430063e-07,0.3471682378,0.07584293308,0,0,0,0
245,4.9,0.03767431172,0.03767431172,-0.07992106914,-0.07992106914,-0.01455791244,1,2.23621593e-07,0.3470445558,0.07430586528,0,0,0,0
246,4.92,0.03014659091,0.03014659091,-0.07994947826,-0.07994947826,-0.01452441747,1,2.220985526e-07,0.3468582874,0.07271381696,0,0,0,0
247,4.94,0.0226141096,0.0226141096,-0.07997157891,-0.07997157891,-0.01449072146,1,2.270029612e-07,0.3466095132,0.07213167886,0,0,0,0
248,4.96,0.01507805727,0.01507805727,-0.07998736757,-0.07998736757,-0.01445684911,1,2.319580316e-07,0.3462983253,0.07350451948,0,0,0,0
249,4.98,0.00753962393,0.00753962393,-0.07999684177,-0.07999684177,-0.01442282504,1,2.369626676e-07,0.3459248265,0.0748256971,0,0,0,0
250,5,7.347880795e-17,7.347880795e-17,-0.08,-0.08,-0.01438867379,1,1.987311869e-07,0.345496292,0.07609502407,0,0,0,0
251,5.02,-0.00753962393,-0.00753962393,-0.07999684177,-0.07999684177,-0.01435441975,1,6.262779405e-07,0.3652923357,1.264544667,0,0,0,0
252,5.04,-0.01507805727,-0.01507805727,-0.07998736757,-0.07998736757,-0.01432008715,1,2.214609793e-07,0.3351959195,2.375579893,0,0,0,0
253,5.06,-0.0226141096,-0.0226141096,-0.07997157891,-0.07997157891,-0.01428570242,1,2.316655795e-07,0.3438129877,1.262621259,0,0,0,0
254,5.08,-0.03014659091,-0.03014659091,-0.07994947826,-0.07994947826,-0.01425128449,1,2.265402114e-07,0.3431271377,0.08022149068,0,0,0,0
255,5.1,-0.03767431172,-0.03767431172,-0.07992106914,-0.07992106914,-0.01421685932,1,2.215424227e-07,0.3423825328,0.081659519,0,0,0,0
256,5.12,-0.04519608332,-0.04519608332,-0.07988635601,-0.07988635601,-0.01418245011,1,2.208731088e-07,0.3415766325,0.08261549335,0,0,0,0
257,5.14,-0.05271071793,-0.05271071793,-0.07984534437,-0.07984534437,-0.01414807975,1,2.252996056e-07,0.3407096214,0.0843564413,0,0,0,0
258,5.16,-0.06021702891,-0.06021702891,-0.07979804068,-0.07979804068,-0.01411377076,1,2.29758097e-07,0.3397816943,0.08635913735,0,0,0,0
259,5.18,-0.06771383092,-0.06771383092,-0.07974445242,-0.07974445242,-0.01407954527,1,2.342467717e-07,0.3387930554,0.08830329106,0,0,0,0
260,5.2,-0.07519994014,-0.07519994014,-0.07968458805,-0.07968458805,-0.01404542497,1,2.387636869e-07,0.3381916778,0.09018813736,0,0,0,0
261,5.22,-0.08267417441,-0.08267417441,-0.07961845703,-0.07961845703,-0.01401143115,1,2.433067607e-07,0.3383226331,0.09201294921,0,0,0,0
262,5.24,-0.09013535347,-0.09013535347,-0.07954606979,-0.07954606979,-0.01397758459,1,2.478737661e-07,0.3383985252,0.09377703914,0,0,0,0
263,5.26,-0.09758229912,-0.09758229912,-0.07946743777,-0.07946743777,-0.0139439056,1,2.047083993e-07,0.33841907,0.09547976079,0,0,0,0
264,5.28,-0.1050138354,-0.1050138354,-0.07938257338,-0.07938257338,-0.01391041395,1,2.085303376e-07,0.3383839861,0.09712051052,0,0,0,0
265,5.3,-0.1124287888,-0.1124287888,-0.07929149003,-0.07929149003,-0.01387713153,1,2.237045363e-07,0.3382855801,0.0986661951,0,0,0,0
266,5.32,-0.1198259883,-0.1198259883,-0.0791942021,-0.0791942021,-0.01384407171,1,2.190339767e-07,0.3381459426,0.1002442305,0,0,0,0
267,5.34,-0.127204266,-0.127204266,-0.07909072494,-0.07909072494,-0.01381125528,1,2.201057883e-07,0.3379423244,0.1016656592,0,0,0,0
268,5.36,-0.1345624566,-0.1345624566,-0.07898107491,-0.07898107491,-0.01377869973,1,2.239855431e-07,0.3376819953,0.1030533825,0,0,0,0
269,5.38,-0.1418993982,-0.1418993982,-0.07886526932,-0.07886526932,-0.01374642195,1,2.2787141e-07,0.3373647023,0.1043768127,0,0,0,0
270,5.4,-0.1492139323,-0.1492139323,-0.07874332645,-0.07874332645,-0.0137144382,1,2.317604341e-07,0.336990199,0.1056356267,0,0,0,0
271,5.42,-0.1565049038,-0.1565049038,-0.07861526555,-0.07861526555,-0.01368276411,1,2.356494915e-07,0.3365582482,0.1068295592,0,0,0,0
272,5.44,-0.1637711613,-0.1637711613,-0.07848110686,-0.07848110686,-0.01365141462,1,5.091603394e-07,0.3413602195,1.36666054,0,0,0,0
273,5.46,-0.1710115575,-0.1710115575,-0.07834087156,-0.07834087156,-0.01362040403,1,2.105496828e-07,0.3355211067,2.681888043,0,0,0,0
274,5.48,-0.1782249489,-0.1782249489,-0.07819458179,-0.07819458179,-0.01358974594,1,5.110435734e-07,0.3375270458,2.7123555,0,0,0,0
275,5.5,-0.1854101966,-0.1854101966,-0.07804226065,-0.07804226065,-0.01355945327,1,6.163736531e-07,0.3342515977,1.334575658,0,0,0,0
276,5.52,-0.1925661659,-0.1925661659,-0.0778839322,-0.0778839322,-0.01352953823,1,2.201697946e-07,0.3335292354,1.34673888,0,0,0,0
277,5.54,-0.1996917267,-0.1996917267,-0.07771962144,-0.07771962144,-0.01350001516,1,2.191432733e-07,0.3327405609,1.361259786,0,0,0,0
278,5.56,-0.2067857539,-0.2067857539,-0.07754935431,-0.07754935431,-0.01347088919,1,2.145846861e-07,0.3319086058,0.1134253187,0,0,0,0
279,5.58,-0.2138471272,-0.2138471272,-0.0773731577,-0.0773731577,-0.01344217326,1,2.174567434e-07,0.3310099322,0.1140316164,0,0,0,0
280,5.6,-0.2208747316,-0.2208747316,-0.07719105944,-0.07719105944,-0.01341387676,1,2.205864501e-07,0.3300522344,0.1146387778,0,0,0,0
281,5.62,-0.2278674573,-0.2278674573,-0.07700308827,-0.07700308827,-0.01338600833,1,2.236847176e-07,0.3290354164,0.115181497,0,0,0,0
282,5.64,-0.2348242001,-0.2348242001,-0.07680927389,-0.07680927389,-0.01332154673,1,4.754901782e-07,0.3337488182,0.3049907995,0,0,0,0
283,5.66,-0.2417438614,-0.2417438614,-0.0766096469,-0.0766096469,-0.01329960609,1,5.065903733e-07,0.3260349269,0.4291666091,0,0,0,0
284,5.68,-0.2486253486,-0.2486253486,-0.07640423883,-0.07640423883,-0.01330504691,1,2.327475194e-07,0.3206303378,0.3040551393,0,0,0,0
285,5.7,-0.2554675749,-0.2554675749,-0.0761930821,-0.0761930821,-0.01327916621,1,2.356759138e-07,0.3243746354,0.2525632138,0,0,0,0
286,5.72,-0.26226946,-0.26226946,-0.07597621006,-0.07597621006,-0.01325445194,1,2.385500737e-07,0.3230624346,0.125693617,0,0,0,0
287,5.74,-0.2690299297,-0.2690299297,-0.07575365697,-0.07575365697,-0.01323019162,1,2.413650139e-07,0.3216899216,0.1282305211,0,0,0,0
288,5.76,-0.2757479164,-0.2757479164,-0.07552545795,-0.07552545795,-0.01320638953,1,2.441156203e-07,0.3202581542,0.1307405806,0,0,0,0
289,5.78,-0.2824223593,-0.2824223593,-0.07529164906,-0.07529164906,-0.01318305222,1,2.467966583e-07,0.3187593224,0.1332230503,0,0,0,0
290,5.8,-0.2890522045,-0.2890522045,-0.0750522672,-0.0750522672,-0.01316017658,1,2.494027796e-07,0.3172172857,0.1356771745,0,0,0,0
291,5.82,-0.2956364049,-0.2956364049,-0.07480735019,-0.07480735019,-0.01313776784,1,2.519285336e-07,0.3156082382,0.1381021876,0,0,0,0
292,5.84,-0.302173921,-0.302173921,-0.07455693669,-0.07455693669,-0.01311582755,1,2.543683749e-07,0.3139403317,0.1404973146,0,0,0,0
293,5.86,-0.3086637203,-0.3086637203,-0.07430106625,-0.07430106625,-0.0130943566,1,5.581018137e-07,0.3122137239,1.173553351,0,0,0,0
294,5.88,-0.315104778,-0.315104778,-0.07403977927,-0.07403977927,-0.01307335521,1,2.248401174e-07,0.3104285944,2.424186369,0,0,0,0
295,5.9,-0.321496077,-0.321496077,-0.07377311702,-0.07377311702,-0.01305282297,1,2.611085074e-07,0.3085851456,1.168792527,0,0,0,0
296,5.92,-0.327836608,-0.327836608,-0.0735011216,-0.0735011216,-0.01303275887,1,2.63155133e-07,0.3066836035,0.1495455435,0,0,0,0
297,5.94,-0.3341253699,-0.3341253699,-0.07322383597,-0.07322383597,-0.0129921664,1,5.001938774e-07,0.3080158012,0.1673179045,0,0,0,0
298,5.96,-0.3403613695,-0.3403613695,-0.07294130391,-0.07294130391,-0.01299402762,1,2.668841031e-07,0.2994163757,0.429971277,0,0,0,0
299,5.98,-0.3465436221,-0.3465436221,-0.07265357003,-0.07265357003,-0.0129547938,1,3.470524759e-07,0.3038510625,0.3051610044,0,0,0,0
300,6,-0.3526711514,-0.3526711514,-0.07236067977,-0.07236067977,-0.0129395963,1,4.955823921e-07,0.2980291557,0.291095341,0,0,0,0
301,6.02,-0.3587429898,-0.3587429898,-0.07206267939,-0.07206267939,-0.01293938504,1,6.208585154e-07,0.2935607777,0.9794615977,0,0,0,0
302,6.04,-0.3647581786,-0.3647581786,-0.07175961595,-0.07175961595,-0.0129054436,1,5.288973787e-07,0.2966744568,0.9788703691,0,0,0,0
303,6.06,-0.3707157679,-0.3707157679,-0.07145153729,-0.07145153729,-0.01290520937,1,2.378414158e-07,0.2891657538,1.238831124,0,0,0,0
304,6.08,-0.3766148168,-0.3766148168,-0.07113849206,-0.07113849206,-0.0128887833,1,2.265715089e-07,0.2894140865,1.06013282,0,0,0,0
305,6.1,-0.3824543938,-0.3824543938,-0.07082052971,-0.07082052971,-0.01287279021,1,2.273025779e-07,0.2870042845,0.1686263667,0,0,0,0
306,6.12,-0.3882335769,-0.3882335769,-0.07049770044,-0.07049770044,-0.01285722392,1,2.278988513e-07,0.2845392311,0.170444666,0,0,0,0
307,6.14,-0.3939514535,-0.3939514535,-0.07017005523,-0.07017005523,-0.01284207758,1,2.28353491e-07,0.2820200489,0.1722956418,0,0,0,0
308,6.16,-0.3996071205,-0.3996071205,-0.06983764582,-0.06983764582,-0.01282734391,1,2.286622706e-07,0.2794472238,0.1741040397,0,0,0,0
309,6.18,-0.4051996849,-0.4051996849,-0.06950052469,-0.06950052469,-0.01281301523,1,2.288211352e-07,0.2768212606,0.1758691015,0,0,0,0
310,6.2,-0.4107282636,-0.4107282636,-0.0691587451,-0.0691587451,-0.01279908346,1,2.28826221e-07,0.274142682,0.1775900993,0,0,0,0
311,6.22,-0.4161919835,-0.4161919835,-0.068812361,-0.068812361,-0.01278554319,1,2.286738747e-07,0.2714040507,0.1792663224,0,0,0,0
312,6.24,-0.4215899819,-0.4215899819,-0.06846142709,-0.06846142709,-0.01277237956,1,2.283606712e-07,0.2686300502,0.1808970784,0,0,0,0
313,6.26,-0.4269214063,-0.4269214063,-0.06810599879,-0.06810599879,-0.01275958658,1,2.278834335e-07,0.2657969323,0.1824816952,0,0,0,0
314,6.28,-0.4321854149,-0.4321854149,-0.06774613223,-0.06774613223,-0.012744097,1,6.869227984e-07,0.2633952277,0.1840195224,0,0,0,0
315,6.3,-0.4373811765,-0.4373811765,-0.06738188424,-0.06738188424,-0.01273507467,1,2.264254943e-07,0.25949859,0.1948318816,0,0,0,0
316,6.32,-0.4425078704,-0.4425078704,-0.06701331232,-0.06701331232,-0.01272333626,1,2.725286201e-07,0.2569977143,0.1872265589,0,0,0,0
317,6.34,-0.4475646873,-0.4475646873,-0.0666404747,-0.0666404747,-0.01271192933,1,2.710744741e-07,0.2539669745,0.1880690826,0,0,0,0
318,6.36,-0.4525508284,-0.4525508284,-0.06626343023,-0.06626343023,-0.01270084354,1,2.693974383e-07,0.2508882285,0.1896905294,0,0,0,0
319,6.38,-0.4574655066,-0.4574655066,-0.06588223846,-0.06588223846,-0.01269006835,1,4.917399472e-07,0.247762268,0.3610283997,0,0,0,0
320,6.4,-0.4623079457,-0.4623079457,-0.06549695959,-0.06549695959,-0.01267959603,1,2.482008777e-07,0.2445816726,0.9460985675,0,0,0,0
321,6.42,-0.4670773809,-0.4670773809,-0.06510765445,-0.06510765445,-0.01266940957,1,2.630925598e-07,0.2413715884,0.3576010926,0,0,0,0
322,6.44,-0.4717730593,-0.4717730593,-0.06471438452,-0.06471438452,-0.01265950106,1,2.605730366e-07,0.2381080026,0.1944693599,0,0,0,0
323,6.46,-0.4763942392,-0.4763942392,-0.06431721191,-0.06431721191,-0.01264985937,1,2.578361695e-07,0.2347999092,0.1956597257,0,0,0,0
324,6.48,-0.4809401909,-0.4809401909,-0.06391619932,-0.06391619932,-0.01264047328,1,2.548879441e-07,0.2314480077,0.1966998145,0,0,0,0
325,6.5,-0.4854101966,-0.4854101966,-0.06351141009,-0.06351141009,-0.01263133151,1,2.51729685e-07,0.2280530024,0.1976878016,0,0,0,0
326,6.52,-0.4898035504,-0.4898035504,-0.06310290814,-0.06310290814,-0.0126224227,1,2.483632123e-07,0.224615603,0.198623442,0,0,0,0
327,6.54,-0.4941195586,-0.4941195586,-0.06269075797,-0.06269075797,-0.0126137355,1,2.447908485e-07,0.2211365245,0.1995065005,0,0,0,0
328,6.56,-0.4983575395,-0.4983575395,-0.06227502466,-0.06227502466,-0.01260525852,1,2.410154227e-07,0.2176164859,0.2003367825,0,0,0,0
329,6.58,-0.502516824,-0.502516824,-0.06185577387,-0.06185577387,-0.01259698332,1,2.370402722e-07,0.2140482253,0.2011141345,0,0,0,0
330,6.6,-0.5065967553,-0.5065967553,-0.0614330718,-0.0614330718,-0.01258889258,1,2.32869242e-07,0.2104566687,0.2018384453,0,0,0,0
331,6.62,-0.5105966891,-0.5105966891,-0.0610069852,-0.0610069852,-0.01258097803,1,2.285066826e-07,0.2068180956,0.2025096462,0,0,0,0
332,6.64,-0.5145159937,-0.5145159937,-0.06057758135,-0.06057758135,-0.01257322843,1,2.699581756e-07,0.2031414656,0.2033795981,0,0,0,0
333,6.66,-0.5183540503,-0.5183540503,-0.06014492807,-0.06014492807,-0.01256563262,1,2.64247053e-07,0.1994275113,0.2034345159,0,0,0,0
334,6.68,-0.5221102528,-0.5221102528,-0.05970909366,-0.05970909366,-0.01255817953,1,2.583098512e-07,0.1956769634,0.2042043355,0,0,0,0
335,6.7,-0.525784008,-0.525784008,-0.05927014696,-0.05927014696,-0.01255085822,1,2.521723702e-07,0.1918905523,0.2046633972,0,0,0,0
336,6.72,-0.5293747359,-0.5293747359,-0.05882815729,-0.05882815729,-0.01254365785,1,2.458426685e-07,0.1880690079,0.2050695684,0,0,0,0
337,6.74,-0.5328818693,-0.5328818693,-0.05838319442,-0.05838319442,-0.01253657065,1,2.393293202e-07,0.1842051396,0.2054231477,0,0,0,0
338,6.76,-0.5363048545,-0.5363048545,-0.05793532864,-0.05793532864,-0.01252958023,1,2.326414013e-07,0.1803237053,0.2057243794,0,0,0,0
339,6.78,-0.5396431509,-0.5396431509,-0.05748463067,-0.05748463067,-0.01252267924,1,2.720295146e-07,0.1764011232,0.2062205941,0,0,0,0
340,6.8,-0.5428962315,-0.5428962315,-0.05703117166,-0.05703117166,-0.01251585753,1,2.636007964e-07,0.1724463081,0.2059155668,0,0,0,0
341,6.82,-0.5460635824,-0.5460635824,-0.05657502324,-0.05657502324,-0.01250909035,1,4.604782738e-07,0.168472098,0.2063169116,0,0,0,0
342,6.84,-0.5491447036,-0.5491447036,-0.05611625743,-0.05611625743,-0.01250241244,1,2.461976632e-07,0.1644307605,0.2064122319,0,0,0,0
343,6.86,-0.5521391084,-0.5521391084,-0.05565494667,-0.05565494667,-0.01249576985,1,2.372721754e-07,0.1603956535,0.2064569802,0,0,0,0
344,6.88,-0.5550463241,-0.5550463241,-0.05519116382,-0.05519116382,-0.01248917099,1,2.2821548e-07,0.1563111798,0.2064517911,0,0,0,0
345,6.9,-0.5578658915,-0.5578658915,-0.05472498211,-0.05472498211,-0.01248260108,1,2.638972832e-07,0.1522141737,0.2066322266,0,0,0,0
346,6.92,-0.5605973655,-0.5605973655,-0.05425647515,-0.05425647515,-0.01247605436,1,2.527559555e-07,0.1482206559,0.2066596831,0,0,0,0
347,6.94,-0.5632403146,-0.5632403146,-0.05378571693,-0.05378571693,-0.01246952239,1,2.414831475e-07,0.1444073897,0.208022869,0,0,0,0
348,6.96,-0.5657943215,-0.5657943215,-0.05331278178,-0.05331278178,-0.01246299702,1,2.30123358e-07,0.1405547374,0.2093511229,0,0,0,0
349,6.98,-0.568258983,-0.568258983,-0.05283774439,-0.05283774439,-0.0124564704,1,2.635354419e-07,0.1366633688,0.2106447899,0,0,0,0
350,7,-0.5706339098,-0.5706339098,-0.05236067977,-0.05236067977,-0.01244993784,1,2.497525676e-07,0.1327255657,0.2123043648,0,0,0,0
351,7.02,-0.5729187268,-0.5729187268,-0.05188166326,-0.05188166326,-0.0124433863,1,2.358973228e-07,0.128767543,0.21271116,0,0,0,0
352,7.04,-0.5751130734,-0.5751130734,-0.0514007705,-0.0514007705,-0.01243681186,1,2.67622858e-07,0.1256347488,0.2143202338,0,0,0,0
353,7.06,-0.577216603,-0.577216603,-0.05091807742,-0.05091807742,-0.01243020798,1,2.509700194e-07,0.1247555706,0.215477516,0,0,0,0
354,7.08,-0.5792289833,-0.5792289833,-0.05043366025,-0.05043366025,-0.01242356843,1,2.343050996e-07,0.1238641007,0.2166008622,0,0,0,0
355,7.1,-0.5811498967,-0.5811498967,-0.04994759549,-0.04994759549,-0.01241688737,1,2.625047093e-07,0.1229601363,0.2176906004,0,0,0,0
356,7.12,-0.5829790397,-0.5829790397,-0.04945995988,-0.04945995988,-0.01241016203,1,2.426471072e-07,0.1220434683,0.2191370859,0,0,0,0
357,7.14,-0.5847161237,-0.5847161237,-0.04897083044,-0.04897083044,-0.01240338164,1,2.688233184e-07,0.1211138814,0.219359189,0,0,0,0
358,7.16,-0.5863608741,-0.5863608741,-0.0484802844,-0.0484802844,-0.01239654433,1,2.452326883e-07,0.1201711545,0.2207594311,0,0,0,0
359,7.18,-0.5879130314,-0.5879130314,-0.04798839922,-0.04798839922,-0.0123910866,1,3.87239342e-07,0.1192150614,0.2217159627,0,0,0,0
360,7.2,-0.5893723504,-0.5893723504,-0.04749525258,-0.04749525258,-0.01238780285,1,6.481706079e-07,0.118194925,0.7293210677,0,0,0,0
361,7.22,-0.5907386007,-0.5907386007,-0.04700092236,-0.04700092236,-0.01238449728,1,2.560881966e-07,0.1173122922,0.2259624323,0,0,0,0
362,7.24,-0.5920115665,-0.5920115665,-0.04650548661,-0.04650548661,-0.01238106944,1,2.232261089e-07,0.1162642491,0.2234174661,0,0,0,0
363,7.26,-0.5931910468,-0.5931910468,-0.04600902356,-0.04600902356,-0.01237754901,1,2.304185389e-07,0.1152523347,0.2252071991,0,0,0,0
364,7.28,-0.5942768554,-0.5942768554,-0.04551161163,-0.04551161163,-0.01237393285,1,2.319023966e-07,0.1142258563,0.2259995536,0,0,0,0
365,7.3,-0.5952688208,-0.5952688208,-0.04501332934,-0.04501332934,-0.01237022116,1,2.250517662e-07,0.1131845644,0.2271335344,0,0,0,0
366,7.32,-0.5961667863,-0.5961667863,-0.04451425539,-0.04451425539,-0.0123664054,1,2.49621638e-07,0.1121282067,0.227072793,0,0,0,0
367,7.34,-0.5969706102,-0.5969706102,-0.04401446859,-0.04401446859,-0.01236248683,1,2.516164375e-07,0.1110565293,0.2281686778,0,0,0,0
368,7.36,-0.5976801655,-0.5976801655,-0.04351404786,-0.04351404786,-0.01235846694,1,2.48363011e-07,0.1099692766,0.2292061475,0,0,0,0
369,7.38,-0.5982953402,-0.5982953402,-0.04301307222,-0.04301307222,-0.0123543383,1,2.538647813e-07,0.1088661921,0.2290275105,0,0,0,0
370,7.4,-0.5988160371,-0.5988160371,-0.04251162078,-0.04251162078,-0.01235010354,1,1.374099202e-07,0.1077470189,0.230032194,0,0,0,0
371,7.42,-0.599242174,-0.599242174,-0.04200977273,-0.04200977273,-0.01234576522,1,1.595878906e-07,0.1066115,0.2309447059,0,0,0,0
372,7.44,-0.5995736836,-0.5995736836,-0.04150760731,-0.04150760731,-0.01234131748,1,1.390302851e-07,0.1054593788,0.230695601,0,0,0,0
373,7.46,-0.5998105136,-0.5998105136,-0.04100520382,-0.04100520382,-0.01233676691,1,1.563512503e-07,0.1042903998,0.2319370709,0,0,0,0
374,7.48,-0.5999526265,-0.5999526265,-0.0405026416,-0.0405026416,-0.01233211158,1,1.716419396e-07,0.1031043089,0.2320059398,0,0,0,0
375,7.5,-0.6,-0.6,-0.04,-0.04,-0.01232734946,1,1.381565744e-07,0.1019008539,0.2319711433,0,0,0,0
376,7.52,-0.5999526265,-0.5999526265,-0.0394973584,-0.0394973584,-0.01232248858,1,3.897559415e-07,0.1009473927,0.2335612779,0,0,0,0
377,7.54,-0.5998105136,-0.5998105136,-0.03899479618,-0.03899479618,-0.01231753082,1,3.849909255e-07,0.1018251631,0.234367481,0,0,0,0
378,7.56,-0.5995736836,-0.5995736836,-0.03849239269,-0.03849239269,-0.01231247455,1,3.813877236e-07,0.1027775094,0.2345861079,0,0,0,0
379,7.58,-0.599242174,-0.599242174,-0.03799022727,-0.03799022727,-0.01230732509,1,3.785238068e-07,0.1037138384,0.2356463556,0,0,0,0
380,7.6,-0.5988160371,-0.5988160371,-0.03748837922,-0.03748837922,-0.0122928026,1,3.764185113e-07,0.1046344025,0.1663834805,0,0,0,0
381,7.62,-0.5982953402,-0.5982953402,-0.03698692778,-0.03698692778,-0.01226414799,1,3.750959699e-07,0.105539379,0.1362416131,0,0,0,0
382,7.64,-0.5976801655,-0.5976801655,-0.03648595214,-0.03648595214,-0.01222151103,1,3.926086534e-07,0.1064289462,0.1363088369,0,0,0,0
383,7.66,-0.5969706102,-0.5969706102,-0.03598553141,-0.03598553141,-0.01216484973,1,4.221491475e-07,0.107303283,0.1364856608,0,0,0,0
384,7.68,-0.5961667863,-0.5961667863,-0.03548574461,-0.03548574461,-0.01209412403,1,4.546318707e-07,0.1081625683,0.1366345998,0,0,0,0
385,7.7,-0.5952688208,-0.5952688208,-0.03498667066,-0.03498667066,-0.01200929592,1,4.900760919e-07,0.1090069804,0.1367561509,0,0,0,0
386,7.72,-0.5942768554,-0.5942768554,-0.03448838837,-0.03448838837,-0.01191019398,1,3.813519795e-07,0.1098366974,0.1372171187,0,0,0,0
387,7.74,-0.5931910468,-0.5931910468,-0.03399097644,-0.03399097644,-0.01179704408,1,3.05629881e-13,0.1105677156,0.1366341346,0,0,0,0
388,7.76,-0.5920115665,-0.5920115665,-0.03349451339,-0.03349451339,-0.01166969132,1,3.272714312e-13,0.1114539602,0.1369521766,0,0,0,0
389,7.78,-0.5907386007,-0.5907386007,-0.03299907764,-0.03299907764,-0.01152810676,1,3.648314934e-13,0.1122407456,0.1369603277,0,0,0,0
390,7.8,-0.5893723504,-0.5893723504,-0.03250474742,-0.03250474742,-0.01137226397,1,4.029810395e-13,0.113013531,0.1369392875,0,0,0,0
391,7.82,-0.5879130314,-0.5879130314,-0.03201160078,-0.03201160078,-0.01120213903,1,4.412105713e-13,0.1137724851,0.1368887253,0,0,0,0
392,7.84,-0.5863608741,-0.5863608741,-0.0315197156,-0.0315197156,-0.01101771076,1,4.797548206e-13,0.1145177737,0.1368083224,0,0,0,0
393,7.86,-0.5847161237,-0.5847161237,-0.03102916956,-0.03102916956,-0.0108189607,1,5.186216204e-13,0.1152495595,0.1366977728,0,0,0,0
394,7.88,-0.5829790397,-0.5829790397,-0.03054004012,-0.03054004012,-0.01060587327,1,5.576036267e-13,0.1159680016,0.1365567844,0,0,0,0
395,7.9,-0.5811498967,-0.5811498967,-0.03005240451,-0.03005240451,-0.01037843586,1,5.967087511e-13,0.1166732551,0.1363850798,0,0,0,0
396,7.92,-0.5792289833,-0.5792289833,-0.02956633975,-0.02956633975,-0.01013663891,1,6.361726265e-13,0.1173654711,0.1361823972,0,0,0,0
397,7.94,-0.577216603,-0.577216603,-0.02908192258,-0.02908192258,-0.009880476034,1,6.759218185e-13,0.1180447962,0.1359484914,0,0,0,0
398,7.96,-0.5751130734,-0.5751130734,-0.0285992295,-0.0285992295,-0.009609944118,1,7.157416812e-13,0.1187113721,0.1356831345,0,0,0,0
399,7.98,-0.5729187268,-0.5729187268,-0.02811833674,-0.02811833674,-0.009325043403,1,7.561718279e-13,0.1193653355,0.1353861172,0,0,0,0
400,8,-0.5706339098,-0.5706339098,-0.02763932023,-0.02763932023,-0.009025777605,1,7.972347237e-13,0.1200068178,0.1350572492,0,0,0,0
401,8.02,-0.568258983,-0.568258983,-0.02716225561,-0.02716225561,-0.008712154007,1,8.391847202e-13,0.1206359447,0.1346963606,0,0,0,0
402,8.04,-0.5657943215,-0.5657943215,-0.02668721822,-0.02668721822,-0.008384183559,1,8.81283537e-13,0.121252836,0.1343033022,0,0,0,0
403,8.06,-0.5632403146,-0.5632403146,-0.02621428307,-0.02621428307,-0.008041880977,1,9.24454556e-13,0.1218576054,0.1343601964,0,0,0,0
404,8.08,-0.5605973655,-0.5605973655,-0.02574352485,-0.02574352485,-0.007685264841,1,9.685708891e-13,0.1224503602,0.1347644788,0,0,0,0
405,8.1,-0.5578658915,-0.5578658915,-0.02527501789,-0.02527501789,-0.007314357689,1,1.01991051e-12,0.1230312012,0.1351405043,0,0,0,0
406,8.12,-0.5550463241,-0.5550463241,-0.02480883618,-0.02480883618,-0.00692918611,1,1.127387695e-12,0.1236002222,0.1354870168,0,0,0,0
407,8.14,-0.5521391084,-0.5521391084,-0.02434505333,-0.02434505333,-0.006529780832,1,1.24392121e-12,0.12415751,0.1358027664,0,0,0,0
408,8.16,-0.5491447036,-0.5491447036,-0.02388374257,-0.02388374257,-0.006116176815,1,1.369065012e-12,0.1247031444,0.1360865121,0,0,0,0
409,8.18,-0.5460635824,-0.5460635824,-0.02342497676,-0.02342497676,-0.005688413331,1,1.503781671e-12,0.1252371974,0.1363370249,0,0,0,0
410,8.2,-0.5428962315,-0.5428962315,-0.02296882834,-0.02296882834,-0.005246534046,1,1.647685291e-12,0.1257597338,0.1365530902,0,0,0,0
411,8.22,-0.5396431509,-0.5396431509,-0.02251536933,-0.02251536933,-0.004790587098,1,1.800863057e-12,0.1262708103,0.1367335109,0,0,0,0
412,8.24,-0.5363048545,-0.5363048545,-0.02206467136,-0.02206467136,-0.004320625169,1,1.964009338e-12,0.1267704759,0.1368771105,0,0,0,0
413,8.26,-0.5328818693,-0.5328818693,-0.02161680558,-0.02161680558,-0.003836705556,1,2.137046302e-12,0.1272587714,0.1369827351,0,0,0,0
414,8.28,-0.5293747359,-0.5293747359,-0.02117184271,-0.02117184271,-0.003347086377,1,2.320278088e-12,0.1277357297,0.1370492569,0,0,0,0
415,8.3,-0.525784008,-0.525784008,-0.02072985304,-0.02072985304,-0.002862897652,1,2.513794008e-12,0.1282013752,0.1370755767,0,0,0,0
416,8.32,-0.5221102528,-0.5221102528,-0.02029090634,-0.02029090634,-0.002365542768,1,2.718695242e-12,0.1286557239,0.1370606265,0,0,0,0
417,8.34,-0.5183540503,-0.5183540503,-0.01985507193,-0.01985507193,-0.001855089611,1,2.934414864e-12,0.1290987833,0.1370033723,0,0,0,0
418,8.36,-0.5145159937,-0.5145159937,-0.01942241865,-0.01942241865,-0.001331610726,1,3.16141857e-12,0.1306801749,0.1369028167,0,0,0,0
419,8.38,-0.5105966891,-0.5105966891,-0.0189930148,-0.0189930148,-0.0007951833475,0,3.401034278e-12,0.1331595045,0.1367580011,0,0,0,0
420,8.4,-0.5065967553,-0.5065967553,-0.0185669282,-0.0185669282,-0.0002458894394,0,3.65257747e-12,0.1356318303,0.1365680086,0,0,0,0
421,8.42,-0.502516824,-0.502516824,-0.01814422613,-0.01814422613,0.0003161842826,0,3.916630213e-12,0.1380967809,0.1363319662,0,0,0,0
422,8.44,-0.4983575395,-0.4983575395,-0.01772497534,-0.01772497534,0.0008909463306,0,4.19422845e-12,0.1405539749,0.1360490467,0,0,0,0
423,8.46,-0.4941195586,-0.4941195586,-0.01730924203,-0.01730924203,0.001478300431,0,4.485177949e-12,0.1430030209,0.1357184715,0,0,0,0
424,8.48,-0.4898035504,-0.4898035504,-0.01689709186,-0.01689709186,0.00207814552,0,4.790225612e-12,0.1454435175,0.1353395122,0,0,0,0
425,8.5,-0.4854101966,-0.4854101966,-0.01648858991,-0.01648858991,0.002690375739,0,5.109659442e-12,0.1478750532,0.1349114926,0,0,0,0
426,8.52,-0.4809401909,-0.4809401909,-0.01608380068,-0.01608380068,0.003314880448,0,5.443917694e-12,0.1502972067,0.1344337908,0,0,0,0
427,8.54,-0.4763942392,-0.4763942392,-0.01568278809,-0.01568278809,0.003951544236,0,5.793492075e-12,0.1527095463,0.1339058405,0,0,0,0
428,8.56,-0.4717730593,-0.4717730593,-0.01528561548,-0.01528561548,0.004600246942,0,6.158367302e-12,0.1551116307,0.1333271328,0,0,0,0
429,8.58,-0.4670773809,-0.4670773809,-0.01489234555,-0.01489234555,0.005260863686,0,6.539723846e-12,0.1575030085,0.1326972178,0,0,0,0
430,8.6,-0.4623079457,-0.4623079457,-0.01450304041,-0.01450304041,0.005933264902,0,6.936798655e-12,0.1598832185,0.1320157056,0,0,0,0
431,8.62,-0.4574655066,-0.4574655066,-0.01411776154,-0.01411776154,0.006617316381,0,7.350839949e-12,0.1622517896,0.1312822675,0,0,0,0
432,8.64,-0.4525508284,-0.4525508284,-0.01373656977,-0.01373656977,0.007312879321,0,7.780978249e-12,0.1646082408,0.1304966372,0,0,0,0
433,8.66,-0.4475646873,-0.4475646873,-0.0133595253,-0.0133595253,0.008019810383,0,8.227954866e-12,0.1669520818,0.1296586114,0,0,0,0
434,8.68,-0.4425078704,-0.4425078704,-0.01298668768,-0.01298668768,0.008527149996,0,8.69226155e-12,0.1692828122,0.1287680507,0,0,0,0
435,8.7,-0.4373811765,-0.4373811765,-0.01261811576,-0.01261811576,0.008538192417,0,9.173088317e-12,0.1715999224,0.1278248802,0,0,0,0
436,8.72,-0.4321854149,-0.4321854149,-0.01225386777,-0.01225386777,0.007803448669,0,9.670869471e-12,0.1739028934,0.1268290896,0,0,0,0
437,8.74,-0.4269214063,-0.4269214063,-0.01189400121,-0.01189400121,0.007003978095,0,1.01851512e-11,0.1761911968,0.1257807341,0,0,0,0
438,8.76,-0.4215899819,-0.4215899819,-0.01153857291,-0.01153857291,0.006195335226,0,1.071622336e-11,0.1784642949,0.1246799335,0,0,0,0
439,8.78,-0.4161919835,-0.4161919835,-0.011187639,-0.011187639,0.005377659581,0,1.126349944e-11,0.1807216412,0.1235268731,0,0,0,0
440,8.8,-0.4107282636,-0.4107282636,-0.0108412549,-0.0108412549,0.004551093558,0,1.182633098e-11,0.1829626803,0.1223218031,0,0,0,0
441,8.82,-0.4051996849,-0.4051996849,-0.01049947531,-0.01049947531,0.003715782423,0,1.240464348e-11,0.185186848,0.1210650383,0,0,0,0
442,8.84,-0.3996071205,-0.3996071205,-0.01016235418,-0.01016235418,0.002871874291,0,1.299809018e-11,0.1873935716,0.1199642445,0,0,0,0
443,8.86,-0.3939514535,-0.3939514535,-0.009829944771,-0.009829944771,0.002019520113,0,1.360531372e-11,0.18958227,0.1202538196,0,0,0,0
444,8.88,-0.3882335769,-0.3882335769,-0.00950229956,-0.00950229956,0.001158873651,0,1.422606443e-11,0.1917523541,0.120506216,0,0,0,0
445,8.9,-0.3824543938,-0.3824543938,-0.009179470289,-0.009179470289,0.0002900914595,0,1.485972458e-11,0.1939032266,0.1207208616,0,0,0,0
446,8.92,-0.3766148168,-0.3766148168,-0.008861507937,-0.008861507937,-0.0005866671434,0,1.550520967e-11,0.1960342827,0.1208972186,0,0,0,0
447,8.94,-0.3707157679,-0.3707157679,-0.008548462715,-0.008548462715,-0.001471240101,1,1.61617019e-11,0.19814491,0.1210347845,0,0,0,0
448,8.96,-0.3647581786,-0.3647581786,-0.008240384054,-0.008240384054,-0.002363462649,1,1.682772098e-11,0.2002344891,0.1211330931,0,0,0,0
449,8.98,-0.3587429898,-0.3587429898,-0.007937320605,-0.007937320605,-0.00326316735,1,1.750277861e-11,0.2023023933,0.1211917151,0,0,0,0
450,9,-0.3526711514,-0.3526711514,-0.007639320225,-0.007639320225,-0.004170184127,1,1.818519772e-11,0.2043479895,0.1212102591,0,0,0,0
451,9.02,-0.3465436221,-0.3465436221,-0.007346429971,-0.007346429971,-0.005084340304,1,1.887412367e-11,0.206370638,0.1211883721,0,0,0,0
452,9.04,-0.3403613695,-0.3403613695,-0.007058696095,-0.007058696095,-0.006005460643,1,1.956776798e-11,0.2083696932,0.1211257404,0,0,0,0
453,9.06,-0.3341253699,-0.3341253699,-0.006776164032,-0.006776164032,-0.006933367393,1,2.026553192e-11,0.2103445036,0.1210220898,0,0,0,0
454,9.08,-0.327836608,-0.327836608,-0.006498878398,-0.006498878398,-0.007867880329,1,2.096565142e-11,0.2122944123,0.1208771865,0,0,0,0
455,9.1,-0.321496077,-0.321496077,-0.00622688298,-0.00622688298,-0.008808816807,1,2.166636211e-11,0.2142187572,0.1206908371,0,0,0,0
456,9.12,-0.315104778,-0.315104778,-0.005960220728,-0.005960220728,-0.00975599181,1,2.236661171e-11,0.2161168717,0.1204628894,0,0,0,0
457,9.14,-0.3086637203,-0.3086637203,-0.005698933752,-0.005698933752,-0.01070921801,1,2.306468565e-11,0.2179880845,0.1201932319,0,0,0,0
458,9.16,-0.302173921,-0.302173921,-0.005443063312,-0.005443063312,-0.0116683058,1,2.375921461e-11,0.2198317206,0.119881795,0,0,0,0
459,9.18,-0.2956364049,-0.2956364049,-0.005192649813,-0.005192649813,-0.01263306341,1,2.444850787e-11,0.2216471011,0.11952855,0,0,0,0
460,9.2,-0.2890522045,-0.2890522045,-0.004947732798,-0.004947732798,-0.01360329687,1,2.513111365e-11,0.2234335443,0.1191335099,0,0,0,0
461,9.22,-0.2824223593,-0.2824223593,-0.004708350943,-0.004708350943,-0.01407480243,1,3.526832427e-07,0.2507074319,5.491527,0,0,0,0
462,9.24,-0.2757479164,-0.2757479164,-0.004474542047,-0.004474542047,-0.01409047916,1,1.97815155e-07,0.2744982134,5.021362115,0,0,0,0
463,9.26,-0.2690299297,-0.2690299297,-0.004246343034,-0.004246343034,-0.01410531792,1,1.887461359e-07,0.2747532449,0.1176983687,0,0,0,0
464,9.28,-0.26226946,-0.26226946,-0.004023789937,-0.004023789937,-0.0141193213,1,1.801290832e-07,0.2749514217,0.1171371027,0,0,0,0
465,9.3,-0.2554675749,-0.2554675749,-0.003806917901,-0.003806917901,-0.01413249036,1,1.719343397e-07,0.2750893072,0.1165347229,0,0,0,0
466,9.32,-0.2486253486,-0.2486253486,-0.003595761173,-0.003595761173,-0.01414482687,1,1.641436684e-07,0.275167066,0.1158914867,0,0,0,0
467,9.34,-0.2417438614,-0.2417438614,-0.003390353095,-0.003390353095,-0.01415633243,1,1.936899924e-07,0.2751831489,0.1152076908,0,0,0,0
468,9.36,-0.2348242001,-0.2348242001,-0.003190726105,-0.003190726105,-0.01416701188,1,1.852020778e-07,0.2751430245,0.1144836708,0,0,0,0
469,9.38,-0.2278674573,-0.2278674573,-0.002996911727,-0.002996911727,-0.01417686808,1,1.771234533e-07,0.2750415013,4.31602773,0,0,0,0
470,9.4,-0.2208747316,-0.2208747316,-0.002808940564,-0.002808940564,-0.01418590542,1,1.694421525e-07,0.3165488852,4.084732187,0,0,0,0
471,9.42,-0.2138471272,-0.2138471272,-0.002626842302,-0.002626842302,-0.01419412891,1,6.722609194e-07,0.3179911871,0.1244568054,0,0,0,0
472,9.44,-0.2067857539,-0.2067857539,-0.002450645694,-0.002450645694,-0.0142015435,1,1.928053692e-07,0.3179022723,0.1592300847,0,0,0,0
473,9.46,-0.1996917267,-0.1996917267,-0.002280378564,-0.002280378564,-0.01420815686,1,1.848076914e-07,0.3192126968,0.1232561824,0,0,0,0
474,9.48,-0.1925661659,-0.1925661659,-0.0021160678,-0.0021160678,-0.01421397504,1,1.771939487e-07,0.3199702281,0.1343031491,0,0,0,0
475,9.5,-0.1854101966,-0.1854101966,-0.001957739348,-0.001957739348,-0.01421900542,1,1.699528013e-07,0.3206635573,0.1335013715,0,0,0,0
476,9.52,-0.1782249489,-0.1782249489,-0.00180541821,-0.00180541821,-0.0142232538,1,4.739529763e-07,0.321293454,0.1326203621,0,0,0,0
477,9.54,-0.1710115575,-0.1710115575,-0.001659128439,-0.001659128439,-0.01422673501,1,1.565426933e-07,0.3218606509,0.1316628374,0,0,0,0
478,9.56,-0.1637711613,-0.1637711613,-0.001518893137,-0.001518893137,-0.01422945115,1,1.878245026e-07,0.3223659147,0.1306298076,0,0,0,0
479,9.58,-0.1565049038,-0.1565049038,-0.001384734447,-0.001384734447,-0.01423141484,1,1.806048171e-07,0.3228100434,0.1295223671,0,0,0,0
480,9.6,-0.1492139323,-0.1492139323,-0.001256673555,-0.001256673555,-0.01423263549,1,1.737279209e-07,0.3231938647,0.1283416904,0,0,0,0
481,9.62,-0.1418993982,-0.1418993982,-0.001134730683,-0.001134730683,-0.0142331235,1,1.671837853e-07,0.3235182331,0.127089027,0,0,0,0
482,9.64,-0.1345624566,-0.1345624566,-0.001018925089,-0.001018925089,-0.01423288973,1,1.60956489e-07,0.3237840284,0.1257656972,0,0,0,0
483,9.66,-0.127204266,-0.127204266,-0.0009092750573,-0.0009092750573,-0.01423194543,1,1.550307669e-07,0.3239921529,0.1243730871,0,0,0,0
484,9.68,-0.1198259883,-0.1198259883,-0.0008057979046,-0.0008057979046,-0.01423030228,1,1.493919982e-07,0.3241435294,0.1229126437,0,0,0,0
485,9.7,-0.1124287888,-0.1124287888,-0.0007085099709,-0.0007085099709,-0.01422797208,1,1.811278652e-07,0.3242390987,0.1213858699,0,0,0,0
486,9.72,-0.1050138354,-0.1050138354,-0.0006174266188,-0.0006174266188,-0.01422496781,1,1.748586535e-07,0.3242798178,0.1197943197,0,0,0,0
487,9.74,-0.09758229912,-0.09758229912,-0.0005325622317,-0.0005325622317,-0.01422130194,1,1.688806478e-07,0.3242666569,0.1181395927,0,0,0,0
488,9.76,-0.09013535347,-0.09013535347,-0.0004539302105,-0.0004539302105,-0.01421698755,1,1.631858219e-07,0.3242005978,0.1164233298,0,0,0,0
489,9.78,-0.08267417441,-0.08267417441,-0.0003815429721,-0.0003815429721,-0.01421203805,1,1.577604216e-07,0.3240826314,0.1146472077,0,0,0,0
490,9.8,-0.07519994014,-0.07519994014,-0.0003154119474,-0.0003154119474,-0.0142064671,1,1.525913029e-07,0.3239137556,0.1128129341,0,0,0,0
491,9.82,-0.06771383092,-0.06771383092,-0.0002555475792,-0.0002555475792,-0.01420028865,1,1.476659147e-07,0.3236949729,0.110922243,0,0,0,0
492,9.84,-0.06021702891,-0.06021702891,-0.0002019593207,-0.0002019593207,-0.01419351689,1,1.429722772e-07,0.323427289,0.1089768895,0,0,0,0
493,9.86,-0.05271071793,-0.05271071793,-0.0001546556343,-0.0001546556343,-0.01418616623,1,1.38498962e-07,0.3231117097,0.1069786457,0,0,0,0
494,9.88,-0.04519608332,-0.04519608332,-0.0001136439896,-0.0001136439896,-0.01417825129,1,1.699930731e-07,0.3227492399,0.1078287619,0,0,0,0
495,9.9,-0.03767431172,-0.03767431172,-7.893086287e-05,-7.893086287e-05,-0.0141697869,1,1.649649238e-07,0.3223408811,0.1087655025,0,0,0,0
496,9.92,-0.03014659091,-0.03014659091,-5.052173576e-05,-5.052173576e-05,-0.01416078798,1,1.601610217e-07,0.3218876297,0.109646473,0,0,0,0
497,9.94,-0.0226141096,-0.0226141096,-2.842109438e-05,-2.842109438e-05,-0.01415126965,1,1.555760529e-07,0.3213904752,0.1104713905,0,0,0,0
498,9.96,-0.01507805727,-0.01507805727,-1.263242867e-05,-1.263242867e-05,-0.01414124715,1,1.511992953e-07,0.3208503986,0.111240024,0,0,0,0
499,9.98,-0.00753962393,-0.00753962393,-3.158231847e-06,-3.158231847e-06,-0.01413073581,1,1.470205261e-07,0.3202683704,0.111952193,0,0,0,0
500,10,-1.469576159e-16,-1.469576159e-16,-0,-0,-0.01411975107,1,1.430300015e-07,0.3196453494,0.1126077675,0,0,0,0
501,10.02,0.00753962393,0.00753962393,-3.158231847e-06,-3.158231847e-06,-0.01410830841,1,1.39218437e-07,0.318982281,0.1132066659,0,0,0,0
502,10.04,0.01507805727,0.01507805727,-1.263242867e-05,-1.263242867e-05,-0.0140964234,1,1.355769872e-07,0.3182800961,0.1137488551,0,0,0,0
503,10.06,0.0226141096,0.0226141096,-2.842109438e-05,-2.842109438e-05,-0.01408411653,1,4.54790219e-07,0.3175397092,0.1142343487,0,0,0,0
504,10.08,0.03014659091,0.03014659091,-5.052173576e-05,-5.052173576e-05,-0.01407138889,1,1.641031179e-07,0.3167620178,0.1146632062,0,0,0,0
505,10.1,0.03767431172,0.03767431172,-7.893086287e-05,-7.893086287e-05,-0.01405827031,1,1.601199493e-07,0.3159479007,0.1150355318,0,0,0,0
506,10.12,0.04519608332,0.04519608332,-0.0001136439896,-0.0001136439896,-0.01404477171,1,1.563223114e-07,0.3150982174,0.1153514731,0,0,0,0
507,10.14,0.05271071793,0.05271071793,-0.0001546556343,-0.0001546556343,-0.01403090861,1,1.526866138e-07,0.3142138068,0.1156112199,0,0,0,0
508,10.16,0.06021702891,0.06021702891,-0.0002019593207,-0.0002019593207,-0.01401669648,1,1.49204875e-07,0.3132954863,0.1158150031,0,0,0,0
509,10.18,0.06771383092,0.06771383092,-0.0002555475792,-0.0002555475792,-0.01400215075,1,1.458694891e-07,0.3123440513,0.1159630933,0,0,0,0
510,10.2,0.07519994014,0.07519994014,-0.0003154119474,-0.0003154119474,-0.01398728673,1,1.426732052e-07,0.311360274,0.1160557994,0,0,0,0
511,10.22,0.08267417441,0.08267417441,-0.0003815429721,-0.0003815429721,-0.01397211965,1,6.842029426e-07,0.3117456059,0.1329356849,0,0,0,0
512,10.24,0.09013535347,0.09013535347,-0.0004539302105,-0.0004539302105,-0.01395666464,1,1.366706166e-07,0.3078982354,0.2952840353,0,0,0,0
513,10.26,0.09758229912,0.09758229912,-0.0005325622317,-0.0005325622317,-0.01394093667,1,1.397707137e-07,0.3082219796,0.1328417666,0,0,0,0
514,10.28,0.1050138354,0.1050138354,-0.0006174266188,-0.0006174266188,-0.01392495059,1,1.311455945e-07,0.3071231363,0.1173392941,0,0,0,0
515,10.3,0.1124287888,0.1124287888,-0.0007085099709,-0.0007085099709,-0.0139087211,1,1.285473686e-07,0.3059816474,0.1190333431,0,0,0,0
516,10.32,0.1198259883,0.1198259883,-0.0008057979046,-0.0008057979046,-0.01389226272,1,1.260513185e-07,0.3048186775,0.1206765656,0,0,0,0
517,10.34,0.127204266,0.127204266,-0.0009092750573,-0.0009092750573,-0.0138755898,1,1.236522541e-07,0.3036280839,0.1222679266,0,0,0,0
518,10.36,0.1345624566,0.1345624566,-0.001018925089,-0.001018925089,-0.01385871712,1,1.555545229e-07,0.3024104371,0.1237623635,0,0,0,0
519,10.38,0.1418993982,0.1418993982,-0.001134730683,-0.001134730683,-0.01384165743,1,1.527647331e-07,0.301166282,0.1253328889,0,0,0,0
520,10.4,0.1492139323,0.1492139323,-0.001256673555,-0.001256673555,-0.01382442509,1,1.500716155e-07,0.3001745626,0.126720853,0,0,0,0
521,10.42,0.1565049038,0.1565049038,-0.001384734447,-0.001384734447,-0.01380703362,1,1.474757748e-07,0.2998067571,0.1280948152,0,0,0,0
522,10.44,0.1637711613,0.1637711613,-0.001518893137,-0.001518893137,-0.01378949635,1,1.449721843e-07,0.2993867597,0.1294120783,0,0,0,0
523,10.46,0.1710115575,0.1710115575,-0.001659128439,-0.001659128439,-0.01377182633,1,1.425560421e-07,0.2989138486,0.1306717514,0,0,0,0
524,10.48,0.1782249489,0.1782249489,-0.00180541821,-0.00180541821,-0.01375403641,1,1.402227651e-07,0.2983873168,0.1318729867,0,0,0,0
525,10.5,0.1854101966,0.1854101966,-0.001957739348,-0.001957739348,-0.01373613916,1,1.37967976e-07,0.297806473,0.133014974,0,0,0,0
526,10.52,0.1925661659,0.1925661659,-0.0021160678,-0.0021160678,-0.01371814691,1,1.357874963e-07,0.2971706438,0.1340969447,0,0,0,0
527,10.54,0.1996917267,0.1996917267,-0.002280378564,-0.002280378564,-0.01370008089,1,4.961938321e-07,0.2965171934,0.1359272129,0,0,0,0
528,10.56,0.2067857539,0.2067857539,-0.002450645694,-0.002450645694,-0.01368192537,1,1.320077705e-07,0.2956934075,0.1344598649,0,0,0,0
529,10.58,0.2138471272,0.2138471272,-0.002626842302,-0.002626842302,-0.01366371939,1,1.346790381e-07,0.2949268037,0.1377848642,0,0,0,0
530,10.6,0.2208747316,0.2208747316,-0.002808940564,-0.002808940564,-0.01364546503,1,1.374503769e-07,0.2940646925,0.1378108399,0,0,0,0
531,10.62,0.2278674573,0.2278674573,-0.002996911727,-0.002996911727,-0.01362718299,1,4.966791437e-07,0.2931826999,0.1388046221,0,0,0,0
532,10.64,0.2348242001,0.2348242001,-0.003190726105,-0.003190726105,-0.01360885468,1,1.433039663e-07,0.2921276573,0.1388476958,0,0,0,0
533,10.66,0.2417438614,0.2417438614,-0.003390353095,-0.003390353095,-0.01359053192,1,6.209225452e-07,0.2911705375,0.1432756765,0,0,0,0
534,10.68,0.2486253486,0.2486253486,-0.003595761173,-0.003595761173,-0.01357217859,1,1.495897938e-07,0.2904516106,0.1342791031,0,0,0,0
535,10.7,0.2554675749,0.2554675749,-0.003806917901,-0.003806917901,-0.01355384096,1,6.727798709e-07,0.2895268033,0.1441492928,0,0,0,0
536,10.72,0.26226946,0.26226946,-0.004023789937,-0.004023789937,-0.01353551639,1,1.538077809e-07,0.2886046532,0.4032810609,0,0,0,0
537,10.74,0.2690299297,0.2690299297,-0.004246343034,-0.004246343034,-0.0135172141,1,1.186133903e-07,0.2876127478,0.1418670625,0,0,0,0
538,10.76,0.2757479164,0.2757479164,-0.004474542047,-0.004474542047,-0.01349894399,1,1.469738245e-07,0.2865412881,0.142088777,0,0,0,0
539,10.78,0.2824223593,0.2824223593,-0.004708350943,-0.004708350943,-0.01348071277,1,1.450437371e-07,0.2854181644,0.1425402932,0,0,0,0
540,10.8,0.2890522045,0.2890522045,-0.004947732798,-0.004947732798,-0.01346252976,1,1.431477179e-07,0.2842146756,0.1426334867,0,0,0,0
541,10.82,0.2956364049,0.2956364049,-0.005192649813,-0.005192649813,-0.01344440299,1,1.412893765e-07,0.2829400356,0.1427590693,0,0,0,0
542,10.84,0.302173921,0.302173921,-0.005443063312,-0.005443063312,-0.01342634025,1,1.394662795e-07,0.2815940112,0.1428200589,0,0,0,0
543,10.86,0.3086637203,0.3086637203,-0.005698933752,-0.005698933752,-0.013408349,1,1.376761094e-07,0.2801764146,0.1428167387,0,0,0,0
544,10.88,0.315104778,0.315104778,-0.005960220728,-0.005960220728,-0.01339044961,1,6.084337145e-07,0.2786120764,0.1452017589,0,0,0,0
545,10.9,0.321496077,0.321496077,-0.00622688298,-0.00622688298,-0.01337260947,1,1.439886768e-07,0.2772010161,0.1377141555,0,0,0,0
546,10.92,0.327836608,0.327836608,-0.006498878398,-0.006498878398,-0.01335487472,1,1.476367542e-07,0.2754930384,0.1448775154,0,0,0,0
547,10.94,0.3341253699,0.3341253699,-0.006776164032,-0.006776164032,-0.01333723856,1,1.513950319e-07,0.273788234,0.1421690581,0,0,0,0
548,10.96,0.3403613695,0.3403613695,-0.007058696095,-0.007058696095,-0.01331970705,1,1.552644052e-07,0.272011653,0.1418515205,0,0,0,0
549,10.98,0.3465436221,0.3465436221,-0.007346429971,-0.007346429971,-0.01330228602,1,1.592455567e-07,0.2701633975,0.1414730592,0,0,0,0
550,11,0.3526711514,0.3526711514,-0.007639320225,-0.007639320225,-0.013284981,1,1.633389338e-07,0.2682436257,0.1410345931,0,0,0,0
551,11.02,0.3587429898,0.3587429898,-0.007937320605,-0.007937320605,-0.01326779728,1,1.675447277e-07,0.2662525464,0.1405370494,0,0,0,0
552,11.04,0.3647581786,0.3647581786,-0.008240384054,-0.008240384054,-0.01325073989,1,1.29226363e-07,0.2641904192,0.1399814316,0,0,0,0
553,11.06,0.3707157679,0.3707157679,-0.008548462715,-0.008548462715,-0.01323381362,1,1.326798302e-07,0.2620575542,0.139368818,0,0,0,0
554,11.08,0.3766148168,0.3766148168,-0.008861507937,-0.008861507937,-0.01321983029,1,1.362307003e-07,0.2598543119,0.1387003608,0,0,0,0
555,11.1,0.3824543938,0.3824543938,-0.009179470289,-0.009179470289,-0.01320961412,1,5.323380694e-07,0.2575086453,0.1380104138,0,0,0,0
556,11.12,0.3882335769,0.3882335769,-0.00950229956,-0.00950229956,-0.01319940151,1,1.436040923e-07,0.2553108368,0.137134511,0,0,0,0
557,11.14,0.3939514535,0.3939514535,-0.009829944771,-0.009829944771,-0.01318922628,1,5.424353827e-07,0.2527510834,0.1361789724,0,0,0,0
558,11.16,0.3996071205,0.3996071205,-0.01016235418,-0.01016235418,-0.01317906328,1,1.513325268e-07,0.2504221079,0.1359471855,0,0,0,0
559,11.18,0.4051996849,0.4051996849,-0.01049947531,-0.01049947531,-0.01316893998,1,6.546618526e-07,0.2477894397,0.134191124,0,0,0,0
560,11.2,0.4107282636,0.4107282636,-0.0108412549,-0.0108412549,-0.0131588521,1,1.572101835e-07,0.2451834955,0.335872774,0,0,0,0
561,11.22,0.4161919835,0.4161919835,-0.011187639,-0.011187639,-0.0131488042,1,1.635595652e-07,0.2425018415,0.1378911239,0,0,0,0
562,11.24,0.4215899819,0.4215899819,-0.01153857291,-0.01153857291,-0.01313880018,1,1.677949229e-07,0.2397544439,0.1407970435,0,0,0,0
563,11.26,0.4269214063,0.4269214063,-0.01189400121,-0.01189400121,-0.01312884377,1,1.721039355e-07,0.2369420918,0.1436720749,0,0,0,0
564,11.28,0.4321854149,0.4321854149,-0.01225386777,-0.01225386777,-0.01311893855,1,6.598041861e-07,0.2340656151,0.1465145873,0,0,0,0
565,11.3,0.4373811765,0.4373811765,-0.01261811576,-0.01261811576,-0.01310908794,1,1.787584665e-07,0.2311258851,0.3008621252,0,0,0,0
566,11.32,0.4425078704,0.4425078704,-0.01298668768,-0.01298668768,-0.01309929523,1,1.414072237e-07,0.2281238132,0.1520954515,0,0,0,0
567,11.34,0.4475646873,0.4475646873,-0.0133595253,-0.0133595253,-0.01308957282,1,5.824753158e-07,0.2249788601,0.1572476556,0,0,0,0
568,11.36,0.4525508284,0.4525508284,-0.01373656977,-0.01373656977,-0.01307989592,1,6.840230185e-07,0.2220179631,0.1610608008,0,0,0,0
569,11.38,0.4574655066,0.4574655066,-0.01411776154,-0.01411776154,-0.01307029517,1,1.509032698e-07,0.2187532465,0.2637871426,0,0,0,0
570,11.4,0.4623079457,0.4623079457,-0.01450304041,-0.01450304041,-0.01306076405,1,1.56152777e-07,0.2155116686,0.1627979905,0,0,0,0
571,11.42,0.4670773809,0.4670773809,-0.01489234555,-0.01489234555,-0.01305130518,1,1.59925878e-07,0.2122128703,0.1653691172,0,0,0,0
572,11.44,0.4717730593,0.4717730593,-0.01528561548,-0.01528561548,-0.01304192446,1,3.338412634e-07,0.2088361519,0.1688359195,0,0,0,0
573,11.46,0.4763942392,0.4763942392,-0.01568278809,-0.01568278809,-0.01303261399,1,1.675286871e-07,0.2054699155,0.1742250743,0,0,0,0
574,11.48,0.4809401909,0.4809401909,-0.01608380068,-0.01608380068,-0.01302338632,1,1.713439042e-07,0.2019844644,0.174272557,0,0,0,0
575,11.5,0.4854101966,0.4854101966,-0.01648858991,-0.01648858991,-0.01301424083,1,1.751575565e-07,0.1984593876,0.176253841,0,0,0,0
576,11.52,0.4898035504,0.4898035504,-0.01689709186,-0.01689709186,-0.01300517827,1,1.789608627e-07,0.1949008913,0.1779248122,0,0,0,0
577,11.54,0.4941195586,0.4941195586,-0.01730924203,-0.01730924203,-0.01299620125,1,1.827444733e-07,0.1912832657,0.1808812833,0,0,0,0
578,11.56,0.4983575395,0.4983575395,-0.01772497534,-0.01772497534,-0.01298731164,1,1.864984664e-07,0.1879720731,0.1833218494,0,0,0,0
579,11.58,0.502516824,0.502516824,-0.01814422613,-0.01814422613,-0.0129785112,1,1.902123464e-07,0.1853477876,0.1856975437,0,0,0,0
580,11.6,0.5065967553,0.5065967553,-0.0185669282,-0.0185669282,-0.01296980164,1,1.938750472e-07,0.1826961034,0.1880076059,0,0,0,0
581,11.62,0.5105966891,0.5105966891,-0.0189930148,-0.0189930148,-0.01296118457,1,1.974749347e-07,0.1800168034,0.1902512282,0,0,0,0
582,11.64,0.5145159937,0.5145159937,-0.01942241865,-0.01942241865,-0.0129526615,1,1.557884815e-07,0.1773148477,0.1924276864,0,0,0,0
583,11.66,0.5183540503,0.5183540503,-0.01985507193,-0.01985507193,-0.0129442339,1,1.585972916e-07,0.1745745659,0.1945363382,0,0,0,0
584,11.68,0.5221102528,0.5221102528,-0.02029090634,-0.02029090634,-0.01293590317,1,1.613418157e-07,0.1718111712,0.1965766227,0,0,0,0
585,11.7,0.525784008,0.525784008,-0.02072985304,-0.02072985304,-0.01292362337,1,5.636692487e-07,0.1690193561,0.1680350392,0,0,0,0
586,11.72,0.5293747359,0.5293747359,-0.02117184271,-0.02117184271,-0.01291953751,1,1.665635731e-07,0.1661989368,0.2621520231,0,0,0,0
587,11.74,0.5328818693,0.5328818693,-0.02161680558,-0.02161680558,-0.01291150584,1,1.690174026e-07,0.1633497399,0.1722276029,0,0,0,0
588,11.76,0.5363048545,0.5363048545,-0.02206467136,-0.02206467136,-0.0129004666,1,5.664149488e-07,0.1604716012,0.1810004771,0,0,0,0
589,11.78,0.5396431509,0.5396431509,-0.02251536933,-0.02251536933,-0.01289574743,1,1.735495077e-07,0.1575643668,0.2538942958,0,0,0,0
590,11.8,0.5428962315,0.5428962315,-0.02296882834,-0.02296882834,-0.01288802367,1,1.756021248e-07,0.1546278936,0.1847975183,0,0,0,0
591,11.82,0.5460635824,0.5460635824,-0.02342497676,-0.02342497676,-0.01288040485,1,1.77494813e-07,0.1516620501,0.2089009111,0,0,0,0
592,11.84,0.5491447036,0.5491447036,-0.02388374257,-0.02388374257,-0.01287289196,1,1.792139945e-07,0.1486667168,0.2103957429,0,0,0,0
593,11.86,0.5521391084,0.5521391084,-0.02434505333,-0.02434505333,-0.01286549654,1,5.528089815e-07,0.1456619298,0.215599423,0,0,0,0
594,11.88,0.5550463241,0.5550463241,-0.02480883618,-0.02480883618,-0.01285818764,1,1.820763818e-07,0.1444830752,0.2140503247,0,0,0,0
595,11.9,0.5578658915,0.5578658915,-0.02527501789,-0.02527501789,-0.01285099797,1,1.83191413e-07,0.143286074,0.2182126482,0,0,0,0
596,11.92,0.5605973655,0.5605973655,-0.02574352485,-0.02574352485,-0.01284391853,1,5.493873633e-07,0.1421242837,0.2160459758,0,0,0,0
597,11.94,0.5632403146,0.5632403146,-0.02621428307,-0.02621428307,-0.01283694852,1,1.847379021e-07,0.1407847346,0.216325437,0,0,0,0
598,11.96,0.5657943215,0.5657943215,-0.02668721822,-0.02668721822,-0.01283008954,1,1.851005792e-07,0.1395870943,0.2178247652,0,0,0,0
599,11.98,0.568258983,0.568258983,-0.02716225561,-0.02716225561,-0.01282334235,1,1.852105759e-07,0.138318382,0.2188216737,0,0,0,0
600,12,0.5706339098,0.5706339098,-0.02763932023,-0.02763932023,-0.01281670768,1,1.850336649e-07,0.1370319332,0.2197503699,0,0,0,0
601,12.02,0.5729187268,0.5729187268,-0.02811833674,-0.02811833674,-0.01281018626,1,1.845558104e-07,0.1357278142,0.2206115538,0,0,0,0
602,12.04,0.5751130734,0.5751130734,-0.0285992295,-0.0285992295,-0.01280377964,1,1.837632031e-07,0.1344060864,0.2218229645,0,0,0,0
603,12.06,0.577216603,0.577216603,-0.02908192258,-0.02908192258,-0.01279748682,1,1.826423159e-07,0.1330668067,0.2216957513,0,0,0,0
604,12.08,0.5792289833,0.5792289833,-0.02956633975,-0.02956633975,-0.01279130935,1,1.811799645e-07,0.1317100281,0.2227948867,0,0,0,0
605,12.1,0.5811498967,0.5811498967,-0.03005240451,-0.03005240451,-0.0127852479,1,1.793633709e-07,0.1303357992,0.2233917545,0,0,0,0
606,12.12,0.5829790397,0.5829790397,-0.03054004012,-0.03054004012,-0.01277316447,1,3.856642324e-07,0.1289441654,0.1738553427,0,0,0,0
607,12.14,0.5847161237,0.5847161237,-0.03102916956,-0.03102916956,-0.01277347653,1,1.746187642e-07,0.1275351685,0.3263535918,0,0,0,0
608,12.16,0.5863608741,0.5863608741,-0.0315197156,-0.0315197156,-0.0127677673,1,2.165910913e-07,0.1261088472,0.1749429124,0,0,0,0
609,12.18,0.5879130314,0.5879130314,-0.03201160078,-0.03201160078,-0.01276217668,1,2.122419565e-07,0.1246652378,0.225149403,0,0,0,0
610,12.2,0.5893723504,0.5893723504,-0.03250474742,-0.03250474742,-0.01275670632,1,2.073584018e-07,0.1232043741,0.2261507857,0,0,0,0
611,12.22,0.5907386007,0.5907386007,-0.03299907764,-0.03299907764,-0.01275135509,1,2.019568698e-07,0.1217262878,0.2258767762,0,0,0,0
612,12.24,0.5920115665,0.5920115665,-0.03349451339,-0.03349451339,-0.01274612462,1,1.960279547e-07,0.1202310089,0.2267597243,0,0,0,0
613,12.26,0.5931910468,0.5931910468,-0.03399097644,-0.03399097644,-0.01274101641,1,1.895633445e-07,0.1187185664,0.2275403167,0,0,0,0
614,12.28,0.5942768554,0.5942768554,-0.03448838837,-0.03448838837,-0.01273602941,1,1.825558992e-07,0.117188988,0.2271642778,0,0,0,0
615,12.3,0.5952688208,0.5952688208,-0.03498667066,-0.03498667066,-0.01273116603,1,2.197838335e-07,0.1156423011,0.2282355411,0,0,0,0
616,12.32,0.5961667863,0.5961667863,-0.03548574461,-0.03548574461,-0.01272642612,1,2.095127512e-07,0.1140785328,0.2281463478,0,0,0,0
617,12.34,0.5969706102,0.5969706102,-0.03598553141,-0.03598553141,-0.01272181031,1,1.985183911e-07,0.1124977105,0.2283538785,0,0,0,0
618,12.36,0.5976801655,0.5976801655,-0.03648595214,-0.03648595214,-0.0127173192,1,1.868391097e-07,0.1108998622,0.2285006967,0,0,0,0
619,12.38,0.5982953402,0.5982953402,-0.03698692778,-0.03698692778,-0.01271295414,1,2.18621205e-07,0.1092850169,0.2289121748,0,0,0,0
620,12.4,0.5988160371,0.5988160371,-0.03748837922,-0.03748837922,-0.01270871539,1,2.022158767e-07,0.1076532051,0.228816735,0,0,0,0
621,12.42,0.599242174,0.599242174,-0.03799022727,-0.03799022727,-0.0126982775,1,6.9159528e-07,0.1060926946,0.1874874705,0,0,0,0
622,12.44,0.5995736836,0.5995736836,-0.03849239269,-0.03849239269,-0.01267404971,1,3.578866845e-07,0.1042505773,0.2001960505,0,0,0,0
623,12.46,0.5998105136,0.5998105136,-0.03899479618,-0.03899479618,-0.01263626912,1,3.394115129e-07,0.1026563046,0.1896486088,0,0,0,0
624,12.48,0.5999526265,0.5999526265,-0.0394973584,-0.0394973584,-0.01258497619,1,3.226040176e-07,0.1009569739,0.1950272607,0,0,0,0
625,12.5,0.6,0.6,-0.04,-0.04,-0.01252021303,1,3.07424563e-07,0.1001032649,0.195924277,0,0,0,0
626,12.52,0.5999526265,0.5999526265,-0.0405026416,-0.0405026416,-0.01244202336,1,2.93849646e-07,0.1013787262,0.1970050464,0,0,0,0
627,12.54,0.5998105136,0.5998105136,-0.04100520382,-0.04100520382,-0.01235045253,1,2.818783788e-07,0.1026372981,0.1980450713,0,0,0,0
628,12.56,0.5995736836,0.5995736836,-0.04150760731,-0.04150760731,-0.01224554739,1,2.715385218e-07,0.1038789725,0.1992463513,0,0,0,0
629,12.58,0.599242174,0.599242174,-0.04200977273,-0.04200977273,-0.01212735637,1,2.628913218e-07,0.1051037443,0.2002175379,0,0,0,0
630,12.6,0.5988160371,0.5988160371,-0.04251162078,-0.04251162078,-0.01199592935,1,4.394236549e-07,0.1063116116,0.1808770851,0,0,0,0
631,12.62,0.5982953402,0.5982953402,-0.04301307222,-0.04301307222,-0.01185138372,1,4.507561712e-07,0.1075588813,0.1382563967,0,0,0,0
632,12.64,0.5976801655,0.5976801655,-0.04351404786,-0.04351404786,-0.01169365243,1,2.546505505e-13,0.1086767589,0.1380963996,0,0,0,0
633,12.66,0.5969706102,0.5969706102,-0.04401446859,-0.04401446859,-0.01152284355,1,2.399709769e-13,0.1098339893,0.1446228883,0,0,0,0
634,12.68,0.5961667863,0.5961667863,-0.04451425539,-0.04451425539,-0.01133901261,1,2.274186895e-13,0.1109743286,0.1413323059,0,0,0,0
635,12.7,0.5952688208,0.5952688208,-0.04501332934,-0.04501332934,-0.01114221652,1,2.183214556e-13,0.1120977845,0.1413126728,0,0,0,0
636,12.72,0.5942768554,0.5942768554,-0.04551161163,-0.04551161163,-0.01093251351,1,2.127125069e-13,0.1132043654,0.1412924928,0,0,0,0
637,12.74,0.5931910468,0.5931910468,-0.04600902356,-0.04600902356,-0.01070996312,1,2.112498084e-13,0.1142940809,0.1412716386,0,0,0,0
638,12.76,0.5920115665,0.5920115665,-0.04650548661,-0.04650548661,-0.0104746262,1,2.180976044e-13,0.1153669408,0.1412499594,0,0,0,0
639,12.78,0.5907386007,0.5907386007,-0.04700092236,-0.04700092236,-0.01022656485,1,2.595489791e-13,0.1164229551,0.1412272813,0,0,0,0
640,12.8,0.5893723504,0.5893723504,-0.04749525258,-0.04749525258,-0.009965842468,1,3.112345504e-13,0.1174621339,0.1412034071,0,0,0,0
641,12.82,0.5879130314,0.5879130314,-0.04798839922,-0.04798839922,-0.009692523677,1,3.725610804e-13,0.1184844867,0.1411781163,0,0,0,0
642,12.84,0.5863608741,0.5863608741,-0.0484802844,-0.0484802844,-0.009406674353,1,4.428445187e-13,0.1194900228,0.1411511656,0,0,0,0
643,12.86,0.5847161237,0.5847161237,-0.04897083044,-0.04897083044,-0.009108361599,1,5.219936967e-13,0.1204787502,0.1411222884,0,0,0,0
644,12.88,0.5829790397,0.5829790397,-0.04945995988,-0.04945995988,-0.008797653742,1,6.095875341e-13,0.121450676,0.1410911957,0,0,0,0
645,12.9,0.5811498967,0.5811498967,-0.04994759549,-0.04994759549,-0.008474620324,1,7.056934029e-13,0.1224058058,0.1410575757,0,0,0,0
646,12.92,0.5792289833,0.5792289833,-0.05043366025,-0.05043366025,-0.008139332101,1,8.106059643e-13,0.1233441437,0.1410210946,0,0,0,0
647,12.94,0.577216603,0.577216603,-0.05091807742,-0.05091807742,-0.007791861033,1,9.243630312e-13,0.1242656919,0.1409813963,0,0,0,0
648,12.96,0.5751130734,0.5751130734,-0.0514007705,-0.0514007705,-0.007432280287,1,1.046803669e-12,0.1251704503,0.1409381035,0,0,0,0
649,12.98,0.5729187268,0.5729187268,-0.05188166326,-0.05188166326,-0.007060664231,1,1.178210538e-12,0.1260584169,0.1408908174,0,0,0,0
650,13,0.5706339098,0.5706339098,-0.05236067977,-0.05236067977,-0.006677088437,1,1.31879395e-12,0.1269295867,0.1408391186,0,0,0,0
651,13.02,0.568258983,0.568258983,-0.05283774439,-0.05283774439,-0.006281629679,1,1.468785708e-12,0.1277839522,0.1407825674,0,0,0,0
652,13.04,0.5657943215,0.5657943215,-0.05331278178,-0.05331278178,-0.005874365933,1,1.627602436e-12,0.128621503,0.1407207044,0,0,0,0
653,13.06,0.5632403146,0.5632403146,-0.05378571693,-0.05378571693,-0.005455376383,1,1.796060021e-12,0.1294422255,0.1406530509,0,0,0,0
654,13.08,0.5605973655,0.5605973655,-0.05425647515,-0.05425647515,-0.005024741422,1,1.973741362e-12,0.1302461026,0.1405791098,0,0,0,0
655,13.1,0.5578658915,0.5578658915,-0.05472498211,-0.05472498211,-0.004582542652,1,2.160996607e-12,0.131033114,0.140498366,0,0,0,0
656,13.12,0.5550463241,0.5550463241,-0.05519116382,-0.05519116382,-0.004128862893,1,2.3577091e-12,0.1318032356,0.1404102873,0,0,0,0
657,13.14,0.5521391084,0.5521391084,-0.05565494667,-0.05565494667,-0.003663786185,1,2.56370946e-12,0.1325564393,0.1403143249,0,0,0,0
658,13.16,0.5491447036,0.5491447036,-0.05611625743,-0.05611625743,-0.003187397789,1,2.779479193e-12,0.1332926933,0.1402099145,0,0,0,0
659,13.18,0.5460635824,0.5460635824,-0.05657502324,-0.05657502324,-0.0026997842,1,3.004254929e-12,0.1340119617,0.1400964768,0,0,0,0
660,13.2,0.5428962315,0.5428962315,-0.05703117166,-0.05703117166,-0.002201033143,1,7.063838779e-07,0.134714204,0.139740823,0,0,0,0
661,13.22,0.5396431509,0.5396431509,-0.05748463067,-0.05748463067,-0.001691233586,1,3.481737697e-12,0.1353993757,0.1412594758,0,0,0,0
662,13.24,0.5363048545,0.5363048545,-0.05793532864,-0.05793532864,-0.001170475738,1,3.734117187e-12,0.1360674277,0.1385053769,0,0,0,0
663,13.26,0.5328818693,0.5328818693,-0.05838319442,-0.05838319442,-0.0006388510602,0,3.995345789e-12,0.1367183062,0.1395403086,0,0,0,0
664,13.28,0.5293747359,0.5293747359,-0.05882815729,-0.05882815729,-9.645226676e-05,0,4.265161458e-12,0.1373519531,0.139372589,0,0,0,0
665,13.3,0.525784008,0.525784008,-0.05927014696,-0.05927014696,0.0004566266692,0,4.543722939e-12,0.1379683051,0.1391921053,0,0,0,0
666,13.32,0.5221102528,0.5221102528,-0.05970909366,-0.05970909366,0.001020290511,0,4.830355556e-12,0.1385672944,0.1389982003,0,0,0,0
667,13.34,0.5183540503,0.5183540503,-0.06014492807,-0.06014492807,0.001594442755,0,5.124656593e-12,0.1391488483,0.1387902098,0,0,0,0
668,13.36,0.5145159937,0.5145159937,-0.06057758135,-0.06057758135,0.002178985627,0,5.427065283e-12,0.139712889,0.1385674635,0,0,0,0
669,13.38,0.5105966891,0.5105966891,-0.0610069852,-0.0610069852,0.002773820079,0,5.736813143e-12,0.140259334,0.1383292867,0,0,0,0
670,13.4,0.5065967553,0.5065967553,-0.0614330718,-0.0614330718,0.003378845786,0,6.053120443e-12,0.1407880957,0.1380750006,0,0,0,0
671,13.42,0.502516824,0.502516824,-0.06185577387,-0.06185577387,0.003993961147,0,6.376697035e-12,0.1412990813,0.1378039243,0,0,0,0
672,13.44,0.4983575395,0.4983575395,-0.06227502466,-0.06227502466,0.004619063281,0,6.706237656e-12,0.1417921935,0.1375153755,0,0,0,0
673,13.46,0.4941195586,0.4941195586,-0.06269075797,-0.06269075797,0.005254048029,0,7.041718767e-12,0.1422673296,0.1372086717,0,0,0,0
674,13.48,0.4898035504,0.4898035504,-0.06310290814,-0.06310290814,0.00589880995,0,7.382738891e-12,0.142724382,0.1368831319,0,0,0,0
675,13.5,0.4854101966,0.4854101966,-0.06351141009,-0.06351141009,0.006553242331,0,7.728686168e-12,0.1431632382,0.1365380771,0,0,0,0
676,13.52,0.4809401909,0.4809401909,-0.06391619932,-0.06391619932,0.007217237178,0,8.079247186e-12,0.143583781,0.1361728322,0,0,0,0
677,13.54,0.4763942392,0.4763942392,-0.06431721191,-0.06431721191,0.00789068523,0,8.433865782e-12,0.143985888,0.1357867266,0,0,0,0
678,13.56,0.4717730593,0.4717730593,-0.06471438452,-0.06471438452,0.00853292128,0,8.792017644e-12,0.1443694323,0.1353790961,0,0,0,0
679,13.58,0.4670773809,0.4670773809,-0.06510765445,-0.06510765445,0.008520790057,0,9.153131257e-12,0.1447342821,0.1349492836,0,0,0,0
680,13.6,0.4623079457,0.4623079457,-0.06549695959,-0.06549695959,0.008508744658,0,9.516733616e-12,0.1450803012,0.1344966406,0,0,0,0
681,13.62,0.4574655066,0.4574655066,-0.06588223846,-0.06588223846,0.008496798601,0,9.882437011e-12,0.1454073486,0.1340205282,0,0,0,0
682,13.64,0.4525508284,0.4525508284,-0.06626343023,-0.06626343023,0.008484965467,0,1.024973291e-11,0.1457152792,0.1335203187,0,0,0,0
683,13.66,0.4475646873,0.4475646873,-0.0666404747,-0.0666404747,0.008473258891,0,1.061760212e-11,0.1460039433,0.1329953964,0,0,0,0
684,13.68,0.4425078704,0.4425078704,-0.06701331232,-0.06701331232,0.008461692552,0,1.098558788e-11,0.1462731873,0.1324451589,0,0,0,0
685,13.7,0.4373811765,0.4373811765,-0.06738188424,-0.06738188424,0.008450280159,0,1.135331645e-11,0.1476078163,0.1318690183,0,0,0,0
686,13.72,0.4321854149,0.4321854149,-0.06774613223,-0.06774613223,0.008439035443,0,1.172002116e-11,0.1502331444,0.1312664025,0,0,0,0
687,13.74,0.4269214063,0.4269214063,-0.06810599879,-0.06810599879,0.008427972149,0,1.208515765e-11,0.1528458795,0.1306367558,0,0,0,0
688,13.76,0.4215899819,0.4215899819,-0.06846142709,-0.06846142709,0.008417104021,0,1.244815276e-11,0.1554454703,0.1299795407,0,0,0,0
689,13.78,0.4161919835,0.4161919835,-0.068812361,-0.068812361,0.008406444792,0,1.280796051e-11,0.1580313551,0.1292942385,0,0,0,0
690,13.8,0.4107282636,0.4107282636,-0.0691587451,-0.0691587451,0.008396008178,0,1.316451332e-11,0.1606029621,0.1285803504,0,0,0,0
691,13.82,0.4051996849,0.4051996849,-0.06950052469,-0.06950052469,0.008385807859,0,1.351725407e-11,0.16315971,0.1278373986,0,0,0,0
692,13.84,0.3996071205,0.3996071205,-0.06983764582,-0.06983764582,0.008375857475,0,1.386496274e-11,0.1657010086,0.1270649271,0,0,0,0
693,13.86,0.3939514535,0.3939514535,-0.07017005523,-0.07017005523,0.008089610936,0,1.420725403e-11,0.1682262587,0.126262503,0,0,0,0
694,13.88,0.3882335769,0.3882335769,-0.07049770044,-0.07049770044,0.00730070969,0,1.454381637e-11,0.170734853,0.125429717,0,0,0,0
695,13.9,0.3824543938,0.3824543938,-0.07082052971,-0.07082052971,0.00650263978,0,1.487359465e-11,0.1732261767,0.1245661844,0,0,0,0
696,13.92,0.3766148168,0.3766148168,-0.07113849206,-0.07113849206,0.005695535063,0,1.519639505e-11,0.1756996076,0.123671546,0,0,0,0
697,13.94,0.3707157679,0.3707157679,-0.07145153729,-0.07145153729,0.004879531385,0,1.551093158e-11,0.178154517,0.1227454686,0,0,0,0
698,13.96,0.3647581786,0.3647581786,-0.07175961595,-0.07175961595,0.004054766571,0,1.581764474e-11,0.1805902699,0.1217876462,0,0,0,0
699,13.98,0.3587429898,0.3587429898,-0.07206267939,-0.07206267939,0.003221380416,0,1.611499598e-11,0.1830062259,0.1207978002,0,0,0,0
700,14,0.3526711514,0.3526711514,-0.07236067977,-0.07236067977,0.002379514667,0,1.64029236e-11,0.1854017395,0.1197756803,0,0,0,0
701,14.02,0.3465436221,0.3465436221,-0.07265357003,-0.07265357003,0.001529313008,0,1.668068053e-11,0.1877761608,0.1187210649,0,0,0,0
702,14.04,0.3403613695,0.3403613695,-0.07294130391,-0.07294130391,0.000670921043,0,1.694806452e-11,0.190128836,0.1176337619,0,0,0,0
703,14.06,0.3341253699,0.3341253699,-0.07322383597,-0.07322383597,-0.0001955137218,0,1.720417035e-11,0.1924591082,0.116513609,0,0,0,0
704,14.08,0.327836608,0.327836608,-0.0735011216,-0.0735011216,-0.001069841901,1,1.744860643e-11,0.1947663177,0.115360474,0,0,0,0
705,14.1,0.321496077,0.321496077,-0.07377311702,-0.07377311702,-0.001951912252,1,1.768106056e-11,0.1970498028,0.1141742554,0,0,0,0
706,14.12,0.315104778,0.315104778,-0.07403977927,-0.07403977927,-0.002841571698,1,1.79004673e-11,0.1993089005,0.1129548829,0,0,0,0
707,14.14,0.3086637203,0.3086637203,-0.07430106625,-0.07430106625,-0.003738665356,1,1.810751947e-11,0.2015429468,0.1117023172,0,0,0,0
708,14.16,0.302173921,0.302173921,-0.07455693669,-0.07455693669,-0.004643036564,1,1.830069117e-11,0.2037512778,0.1104165504,0,0,0,0
709,14.18,0.2956364049,0.2956364049,-0.07480735019,-0.07480735019,-0.005558290055,1,1.848009197e-11,0.2059332299,0.1090976064,0,0,0,0
710,14.2,0.2890522045,0.2890522045,-0.0750522672,-0.0750522672,-0.006480916148,1,1.864549183e-11,0.2080881408,0.107745541,0,0,0,0
711,14.22,0.2824223593,0.2824223593,-0.07529164906,-0.07529164906,-0.007410255246,1,1.879622045e-11,0.2102153496,0.1063604414,0,0,0,0
712,14.24,0.2757479164,0.2757479164,-0.07552545795,-0.07552545795,-0.008346140936,1,1.893220371e-11,0.2123141981,0.1049424271,0,0,0,0
713,14.26,0.2690299297,0.2690299297,-0.07575365697,-0.07575365697,-0.009288405214,1,1.905296204e-11,0.2143840311,0.1034916491,0,0,0,0
714,14.28,0.26226946,0.26226946,-0.07597621006,-0.07597621006,-0.01023687852,1,1.91583985e-11,0.2164241969,0.1020082903,0,0,0,0
715,14.3,0.2554675749,0.2554675749,-0.0761930821,-0.0761930821,-0.01119138981,1,1.924846602e-11,0.2184340482,0.1004925651,0,0,0,0
716,14.32,0.2486253486,0.2486253486,-0.07640423883,-0.07640423883,-0.01215176653,1,1.971207338e-07,0.320062519,7.868967733,0,0,0,0
717,14.34,0.2417438614,0.2417438614,-0.0766096469,-0.0766096469,-0.01311783475,1,2.101890661e-07,0.3269120229,0.3587951872,0,0,0,0
718,14.36,0.2348242001,0.2348242001,-0.07680927389,-0.07680927389,-0.01408941916,1,2.162545327e-07,0.32846078,0.09575380537,0,0,0,0
719,14.38,0.2278674573,0.2278674573,-0.07700308827,-0.07700308827,-0.01506634313,1,1.765518413e-07,0.3299565701,0.09521652088,0,0,0,0
720,14.4,0.2208747316,0.2208747316,-0.07719105944,-0.07719105944,-0.01526089698,1,2.178942813e-07,0.3313773238,8.177535349,0,0,0,0
721,14.42,0.2138471272,0.2138471272,-0.0773731577,-0.0773731577,-0.01523986602,1,2.207669302e-07,0.3327455001,2.22805161,0,0,0,0
722,14.44,0.2067857539,0.2067857539,-0.07754935431,-0.07754935431,-0.01521810608,1,2.148581432e-07,0.3340532821,0.1048268994,0,0,0,0
723,14.46,0.1996917267,0.1996917267,-0.07771962144,-0.07771962144,-0.01519563156,1,2.090941094e-07,0.3353003956,0.1024008081,0,0,0,0
724,14.48,0.1925661659,0.1925661659,-0.0778839322,-0.0778839322,-0.01517245744,1,2.034761104e-07,0.3364865851,0.1000291799,0,0,0,0
725,14.5,0.1854101966,0.1854101966,-0.07804226065,-0.07804226065,-0.015148601,1,2.432409427e-07,0.3376116119,0.09734027099,0,0,0,0
726,14.52,0.1782249489,0.1782249489,-0.07819458179,-0.07819458179,-0.01512407577,1,2.368672887e-07,0.3386752545,0.09558675165,0,0,0,0
727,14.54,0.1710115575,0.1710115575,-0.07834087156,-0.07834087156,-0.01509890058,1,2.30651689e-07,0.3396773079,0.09310914211,0,0,0,0
728,14.56,0.1637711613,0.1637711613,-0.07848110686,-0.07848110686,-0.01497820663,1,5.173743935e-07,0.3572737754,1.00277476,0,0,0,0
729,14.58,0.1565049038,0.1565049038,-0.07861526555,-0.07861526555,-0.01504667234,1,2.073479083e-07,0.3248436289,1.953588161,0,0,0,0
730,14.6,0.1492139323,0.1492139323,-0.07874332645,-0.07874332645,-0.0150196588,1,2.129835935e-07,0.342316027,1.001847623,0,0,0,0
731,14.62,0.1418993982,0.1418993982,-0.07886526932,-0.07886526932,-0.01499207063,1,2.074187966e-07,0.3430662725,0.0906279352,0,0,0,0
732,14.64,0.1345624566,0.1345624566,-0.07898107491,-0.07898107491,-0.01496392908,1,2.020071683e-07,0.3437578846,0.08980751593,0,0,0,0
733,14.66,0.127204266,0.127204266,-0.07909072494,-0.07909072494,-0.01493525527,1,5.312431026e-07,0.3621034317,1.072040385,0,0,0,0
734,14.68,0.1198259883,0.1198259883,-0.0791942021,-0.0791942021,-0.0149060726,1,2.368477896e-07,0.3272408299,1.94317364,0,0,0,0
735,14.7,0.1124287888,0.1124287888,-0.07929149003,-0.07929149003,-0.0148763995,1,2.308728345e-07,0.3454538696,1.070318875,0,0,0,0
736,14.72,0.1050138354,0.1050138354,-0.07938257338,-0.07938257338,-0.01484626029,1,2.250594687e-07,0.3458987326,0.08605835423,0,0,0,0
737,14.74,0.09758229912,0.09758229912,-0.07946743777,-0.07946743777,-0.01481567789,1,2.251780526e-07,0.3462771937,0.08501370753,0,0,0,0
738,14.76,0.09013535347,0.09013535347,-0.07954606979,-0.07954606979,-0.01478467552,1,2.305721428e-07,0.3465928641,0.08387724739,0,0,0,0
739,14.78,0.08267417441,0.08267417441,-0.07961845703,-0.07961845703,-0.01475327677,1,2.085992441e-07,0.3468531381,0.08262911354,0,0,0,0
740,14.8,0.07519994014,0.07519994014,-0.07968458805,-0.07968458805,-0.01472150549,1,2.034262846e-07,0.3470359023,0.08148386054,0,0,0,0
741,14.82,0.06771383092,0.06771383092,-0.07974445242,-0.07974445242,-0.01468938576,1,5.617191341e-07,0.3663073799,1.171365169,0,0,0,0
742,14.84,0.06021702891,0.06021702891,-0.07979804068,-0.07979804068,-0.01465694187,1,2.237115048e-07,0.3280800839,2.15464045,0,0,0,0
743,14.86,0.05271071793,0.05271071793,-0.07984534437,-0.07984534437,-0.01462420039,1,2.34615139e-07,0.3472325135,1.16981751,0,0,0,0
744,14.88,0.04519608332,0.04519608332,-0.07988635601,-0.07988635601,-0.01459118165,1,2.290430064e-07,0.3471682383,0.07586252439,0,0,0,0
745,14.9,0.03767431172,0.03767431172,-0.07992106914,-0.07992106914,-0.01455791244,1,2.236215928e-07,0.3470445558,0.07430586815,0,0,0,0
746,14.92,0.03014659091,0.03014659091,-0.07994947826,-0.07994947826,-0.01452441747,1,2.220985524e-07,0.3468582874,0.07271381696,0,0,0,0
747,14.94,0.0226141096,0.0226141096,-0.07997157891,-0.07997157891,-0.01449072146,1,2.270029612e-07,0.3466095132,0.07213167886,0,0,0,0
748,14.96,0.01507805727,0.01507805727,-0.07998736757,-0.07998736757,-0.01445684911,1,2.319580316e-07,0.3462983253,0.07350451948,0,0,0,0
749,14.98,0.00753962393,0.00753962393,-0.07999684177,-0.07999684177,-0.01442282504,1,2.369626672e-07,0.3459248265,0.0748256971,0,0,0,0
750,15,2.204364238e-16,2.204364238e-16,-0.08,-0.08,-0.01438867379,1,1.98731187e-07,0.345496292,0.07609502407,0,0,0,0
751,15.02,-0.00753962393,-0.00753962393,-0.07999684177,-0.07999684177,-0.01435441975,1,1.992755255e-07,0.3449914743,0.07731234209,0,0,0,0
752,15.04,-0.01507805727,-0.01507805727,-0.07998736757,-0.07998736757,-0.01432008715,1,6.352555776e-07,0.36480266,1.271917232,0,0,0,0
753,15.06,-0.0226141096,-0.0226141096,-0.07997157891,-0.07997157891,-0.01428570242,1,2.316655794e-07,0.335749931,2.393473034,0,0,0,0
754,15.08,-0.03014659091,-0.03014659091,-0.07994947826,-0.07994947826,-0.01425128449,1,2.265402114e-07,0.3431298631,1.269507483,0,0,0,0
755,15.1,-0.03767431172,-0.03767431172,-0.07992106914,-0.07992106914,-0.01421685932,1,2.215424229e-07,0.3423825332,0.081659519,0,0,0,0
756,15.12,-0.04519608332,-0.04519608332,-0.07988635601,-0.07988635601,-0.01418245011,1,2.208731087e-07,0.3415766325,0.08261549335,0,0,0,0
757,15.14,-0.05271071793,-0.05271071793,-0.07984534437,-0.07984534437,-0.01414807975,1,2.252996055e-07,0.3407096214,0.0843564413,0,0,0,0
758,15.16,-0.06021702891,-0.06021702891,-0.07979804068,-0.07979804068,-0.01411377076,1,2.297580969e-07,0.3397816943,0.08635913735,0,0,0,0
759,15.18,-0.06771383092,-0.06771383092,-0.07974445242,-0.07974445242,-0.01407954527,1,2.342467719e-07,0.3387930554,0.08830329106,0,0,0,0
760,15.2,-0.07519994014,-0.07519994014,-0.07968458805,-0.07968458805,-0.01404542497,1,2.387636869e-07,0.3381916778,0.09018813736,0,0,0,0
761,15.22,-0.08267417441,-0.08267417441,-0.07961845703,-0.07961845703,-0.01401143115,1,2.433067607e-07,0.3383226331,0.09201294921,0,0,0,0
762,15.24,-0.09013535347,-0.09013535347,-0.07954606979,-0.07954606979,-0.01397758459,1,2.478737664e-07,0.3383985252,0.09377703914,0,0,0,0
763,15.26,-0.09758229912,-0.09758229912,-0.07946743777,-0.07946743777,-0.0139439056,1,2.047083993e-07,0.33841907,0.09547976079,0,0,0,0
764,15.28,-0.1050138354,-0.1050138354,-0.07938257338,-0.07938257338,-0.01391041395,1,2.085303375e-07,0.3383839861,0.09712051052,0,0,0,0
765,15.3,-0.1124287888,-0.1124287888,-0.07929149003,-0.07929149003,-0.01387713153,1,2.237045364e-07,0.3382855801,0.0986661951,0,0,0,0
766,15.32,-0.1198259883,-0.1198259883,-0.0791942021,-0.0791942021,-0.01378519755,1,4.360447745e-07,0.3473131997,0.5451789463,0,0,0,0
767,15.34,-0.127204266,-0.127204266,-0.07909072494,-0.07909072494,-0.0138112546,1,2.201057884e-07,0.3287769687,1.094385995,0,0,0,0
768,15.36,-0.1345624566,-0.1345624566,-0.07898107491,-0.07898107491,-0.01377869973,1,2.239855431e-07,0.3376800942,0.5397641501,0,0,0,0
769,15.38,-0.1418993982,-0.1418993982,-0.07886526932,-0.07886526932,-0.01369159592,1,4.353769031e-07,0.3459120505,0.5003356689,0,0,0,0
770,15.4,-0.1492139323,-0.1492139323,-0.07874332645,-0.07874332645,-0.0137144376,1,2.317604341e-07,0.3284445409,1.015468543,0,0,0,0
771,15.42,-0.1565049038,-0.1565049038,-0.07861526555,-0.07861526555,-0.01368276411,1,2.356494916e-07,0.336556558,0.4950264891,0,0,0,0
772,15.44,-0.1637711613,-0.1637711613,-0.07848110686,-0.07848110686,-0.01365141462,1,2.395352881e-07,0.3360686226,0.1079689349,0,0,0,0
773,15.46,-0.1710115575,-0.1710115575,-0.07834087156,-0.07834087156,-0.01362040403,1,2.434143539e-07,0.3355211067,0.1090219883,0,0,0,0
774,15.48,-0.1782249489,-0.1782249489,-0.07819458179,-0.07819458179,-0.01358974594,1,2.472830418e-07,0.3349154955,0.1100202218,0,0,0,0
775,15.5,-0.1854101966,-0.1854101966,-0.07804226065,-0.07804226065,-0.01355945327,1,2.511375245e-07,0.3342515977,0.1109530583,0,0,0,0
776,15.52,-0.1925661659,-0.1925661659,-0.0778839322,-0.0778839322,-0.01348430748,1,4.494555936e-07,0.3405926441,0.3947936466,0,0,0,0
777,15.54,-0.1996917267,-0.1996917267,-0.07771962144,-0.07771962144,-0.01350001458,1,2.111266743e-07,0.3256787379,0.8346793498,0,0,0,0
778,15.56,-0.2067857539,-0.2067857539,-0.07754935431,-0.07754935431,-0.01347088919,1,2.145830359e-07,0.3319070204,0.3895485068,0,0,0,0
779,15.58,-0.2138471272,-0.2138471272,-0.0773731577,-0.0773731577,-0.01344217326,1,5.173282007e-07,0.3310099319,1.344105695,0,0,0,0
780,15.6,-0.2208747316,-0.2208747316,-0.07719105944,-0.07719105944,-0.01341387676,1,6.82877933e-07,0.3300522344,1.316631758,0,0,0,0
781,15.62,-0.2278674573,-0.2278674573,-0.07700308827,-0.07700308827,-0.01338600833,1,2.355090322e-07,0.3290354164,1.383962691,0,0,0,0
782,15.64,-0.2348242001,-0.2348242001,-0.07680927389,-0.07680927389,-0.01332154673,1,4.754901902e-07,0.3337488182,1.359925685,0,0,0,0
783,15.66,-0.2417438614,-0.2417438614,-0.0766096469,-0.0766096469,-0.0133315863,1,2.297697408e-07,0.3210358956,0.6858617416,0,0,0,0
784,15.68,-0.2486253486,-0.2486253486,-0.07640423883,-0.07640423883,-0.01330504728,1,2.327475195e-07,0.3256283544,0.2990334169,0,0,0,0
785,15.7,-0.2554675749,-0.2554675749,-0.0761930821,-0.0761930821,-0.01327916621,1,2.356759138e-07,0.32437565,0.1231306021,0,0,0,0
786,15.72,-0.26226946,-0.26226946,-0.07597621006,-0.07597621006,-0.01325445194,1,2.385500737e-07,0.3230624347,0.125693617,0,0,0,0
787,15.74,-0.2690299297,-0.2690299297,-0.07575365697,-0.07575365697,-0.01323019162,1,2.413650139e-07,0.3216899216,0.1282305211,0,0,0,0
788,15.76,-0.2757479164,-0.2757479164,-0.07552545795,-0.07552545795,-0.01320638953,1,2.441156204e-07,0.3202581542,0.1307405806,0,0,0,0
789,15.78,-0.2824223593,-0.2824223593,-0.07529164906,-0.07529164906,-0.01318305222,1,2.467966584e-07,0.3187593224,0.1332230503,0,0,0,0
790,15.8,-0.2890522045,-0.2890522045,-0.0750522672,-0.0750522672,-0.01316017658,1,2.494027796e-07,0.3172172857,0.1356771745,0,0,0,0
791,15.82,-0.2956364049,-0.2956364049,-0.07480735019,-0.07480735019,-0.01313776784,1,2.519285335e-07,0.3156082382,0.1381021876,0,0,0,0
792,15.84,-0.302173921,-0.302173921,-0.07455693669,-0.07455693669,-0.01311582755,1,2.543683748e-07,0.3139403317,0.1404973146,0,0,0,0
793,15.86,-0.3086637203,-0.3086637203,-0.07430106625,-0.07430106625,-0.0130943566,1,2.567166784e-07,0.3122137239,0.1428617727,0,0,0,0
794,15.88,-0.315104778,-0.315104778,-0.07403977927,-0.07403977927,-0.01307335521,1,2.589677479e-07,0.3104285944,0.1451947717,0,0,0,0
795,15.9,-0.321496077,-0.321496077,-0.07377311702,-0.07377311702,-0.01305282297,1,2.611158314e-07,0.3085851456,0.1474955152,0,0,0,0
796,15.92,-0.327836608,-0.327836608,-0.0735011216,-0.0735011216,-0.01303275887,1,2.631551348e-07,0.3066836035,0.1497632018,0,0,0,0
797,15.94,-0.3341253699,-0.3341253699,-0.07322383597,-0.07322383597,-0.0129921664,1,5.001938935e-07,0.3080158014,0.167317908,0,0,0,0
798,15.96,-0.3403613695,-0.3403613695,-0.07294130391,-0.07294130391,-0.01299402762,1,2.668841032e-07,0.2994163754,0.4299713006,0,0,0,0
799,15.98,-0.3465436221,-0.3465436221,-0.07265357003,-0.07265357003,-0.01297535596,1,2.685621084e-07,0.3006323201,0.1663473982,0,0,0,0
800,16,-0.3526711514,-0.3526711514,-0.07236067977,-0.07236067977,-0.01295714209,1,2.223633779e-07,0.2985018257,0.1581902109,0,0,0,0
801,16.02,-0.3587429898,-0.3587429898,-0.07206267939,-0.07206267939,-0.01293938531,1,2.235906411e-07,0.2963061398,0.1608746761,0,0,0,0
802,16.04,-0.3647581786,-0.3647581786,-0.07175961595,-0.07175961595,-0.01292207513,1,2.24708402e-07,0.2940701054,0.162630121,0,0,0,0
803,16.06,-0.3707157679,-0.3707157679,-0.07145153729,-0.07145153729,-0.01290520962,1,2.25702781e-07,0.291770159,0.1646437469,0,0,0,0
804,16.08,-0.3766148168,-0.3766148168,-0.07113849206,-0.07113849206,-0.0128887833,1,2.265690495e-07,0.2894147428,0.1666179294,0,0,0,0
805,16.1,-0.3824543938,-0.3824543938,-0.07082052971,-0.07082052971,-0.01287279021,1,2.273025774e-07,0.2870042846,0.1685518239,0,0,0,0
806,16.12,-0.3882335769,-0.3882335769,-0.07049770044,-0.07049770044,-0.01285722392,1,6.855084036e-07,0.2845392311,0.8486786847,0,0,0,0
807,16.14,-0.3939514535,-0.3939514535,-0.07017005523,-0.07017005523,-0.01283174185,1,4.386706214e-07,0.2836354419,1.853253661,0,0,0,0
808,16.16,-0.3996071205,-0.3996071205,-0.06983764582,-0.06983764582,-0.01282734377,1,2.286660112e-07,0.2778322135,0.8452014178,0,0,0,0
809,16.18,-0.4051996849,-0.4051996849,-0.06950052469,-0.06950052469,-0.01281301523,1,2.288211359e-07,0.2768208779,0.1759745843,0,0,0,0
810,16.2,-0.4107282636,-0.4107282636,-0.0691587451,-0.0691587451,-0.01279908346,1,2.28826221e-07,0.2741426819,0.1775901218,0,0,0,0
811,16.22,-0.4161919835,-0.4161919835,-0.068812361,-0.068812361,-0.01278554319,1,2.286738746e-07,0.2714040507,0.1792663224,0,0,0,0
812,16.24,-0.4215899819,-0.4215899819,-0.06846142709,-0.06846142709,-0.01277237956,1,2.283606712e-07,0.2686300502,0.1808970784,0,0,0,0
813,16.26,-0.4269214063,-0.4269214063,-0.06810599879,-0.06810599879,-0.01275958658,1,2.278834336e-07,0.2657969323,0.1824816952,0,0,0,0
814,16.28,-0.4321854149,-0.4321854149,-0.06774613223,-0.06774613223,-0.01274715485,1,2.272392504e-07,0.2629134552,0.1840195224,0,0,0,0
815,16.3,-0.4373811765,-0.4373811765,-0.06738188424,-0.06738188424,-0.01273507472,1,2.264254943e-07,0.2599802234,0.1855099331,0,0,0,0
816,16.32,-0.4425078704,-0.4425078704,-0.06701331232,-0.06701331232,-0.01272333626,1,4.922144754e-07,0.2569978534,0.5003384595,0,0,0,0
817,16.34,-0.4475646873,-0.4475646873,-0.0666404747,-0.0666404747,-0.01271192933,1,2.491468598e-07,0.2539669746,1.21049493,0,0,0,0
818,16.36,-0.4525508284,-0.4525508284,-0.06626343023,-0.06626343023,-0.01270084354,1,2.693910502e-07,0.2508882285,0.4970737483,0,0,0,0
819,16.38,-0.4574655066,-0.4574655066,-0.06588223846,-0.06588223846,-0.01269006835,1,2.675095689e-07,0.247762268,0.1908584906,0,0,0,0
820,16.4,-0.4623079457,-0.4623079457,-0.06549695959,-0.06549695959,-0.01267959603,1,2.654098559e-07,0.2445816726,0.1922304214,0,0,0,0
821,16.42,-0.4670773809,-0.4670773809,-0.06510765445,-0.06510765445,-0.01266940957,1,2.630977176e-07,0.2413715884,0.1934247087,0,0,0,0
822,16.44,-0.4717730593,-0.4717730593,-0.06471438452,-0.06471438452,-0.01265950106,1,2.605730381e-07,0.2381080026,0.1945679365,0,0,0,0
823,16.46,-0.4763942392,-0.4763942392,-0.06431721191,-0.06431721191,-0.01264985937,1,2.578361694e-07,0.2347999092,0.1956597551,0,0,0,0
824,16.48,-0.4809401909,-0.4809401909,-0.06391619932,-0.06391619932,-0.01264047328,1,2.548879441e-07,0.2314480077,0.1966998145,0,0,0,0
825,16.5,-0.4854101966,-0.4854101966,-0.06351141009,-0.06351141009,-0.01263133151,1,2.517296849e-07,0.2280530024,0.1976878016,0,0,0,0
826,16.52,-0.4898035504,-0.4898035504,-0.06310290814,-0.06310290814,-0.0126224227,1,2.483632125e-07,0.224615603,0.198623442,0,0,0,0
827,16.54,-0.4941195586,-0.4941195586,-0.06269075797,-0.06269075797,-0.0126137355,1,2.447908487e-07,0.2211365245,0.1995065005,0,0,0,0
828,16.56,-0.4983575395,-0.4983575395,-0.06227502466,-0.06227502466,-0.01260525852,1,2.410154228e-07,0.2176164859,0.2003367825,0,0,0,0
829,16.58,-0.502516824,-0.502516824,-0.06185577387,-0.06185577387,-0.01259698332,1,2.370402722e-07,0.2140482253,0.2011141345,0,0,0,0
830,16.6,-0.5065967553,-0.5065967553,-0.0614330718,-0.0614330718,-0.01258889258,1,2.328692419e-07,0.2104566687,0.2018384453,0,0,0,0
831,16.62,-0.5105966891,-0.5105966891,-0.0610069852,-0.0610069852,-0.01258097803,1,2.285066826e-07,0.2068180956,0.2025096462,0,0,0,0
832,16.64,-0.5145159937,-0.5145159937,-0.06057758135,-0.06057758135,-0.01257322843,1,2.699581756e-07,0.2031414656,0.2033795981,0,0,0,0
833,16.66,-0.5183540503,-0.5183540503,-0.06014492807,-0.06014492807,-0.01256563262,1,2.64247053e-07,0.1994275113,0.2034345159,0,0,0,0
834,16.68,-0.5221102528,-0.5221102528,-0.05970909366,-0.05970909366,-0.01255817953,1,4.537158644e-07,0.1956769634,0.202041824,0,0,0,0
835,16.7,-0.525784008,-0.525784008,-0.05927014696,-0.05927014696,-0.01255085822,1,2.518008291e-07,0.1918905523,0.2089864077,0,0,0,0
836,16.72,-0.5293747359,-0.5293747359,-0.05882815729,-0.05882815729,-0.01254365785,1,2.458425218e-07,0.1880690079,0.2029110813,0,0,0,0
837,16.74,-0.5328818693,-0.5328818693,-0.05838319442,-0.05838319442,-0.01253657065,1,2.393293202e-07,0.1842051396,0.2054211367,0,0,0,0
838,16.76,-0.5363048545,-0.5363048545,-0.05793532864,-0.05793532864,-0.01252958023,1,2.326414012e-07,0.1803237053,0.2057243786,0,0,0,0
839,16.78,-0.5396431509,-0.5396431509,-0.05748463067,-0.05748463067,-0.01252267924,1,2.720295146e-07,0.1764011232,0.2062205941,0,0,0,0
840,16.8,-0.5428962315,-0.5428962315,-0.05703117166,-0.05703117166,-0.01251585753,1,2.636007964e-07,0.1724463081,0.2059155668,0,0,0,0
841,16.82,-0.5460635824,-0.5460635824,-0.05657502324,-0.05657502324,-0.01250910518,1,2.549782924e-07,0.1684599828,0.2063169116,0,0,0,0
842,16.84,-0.5491447036,-0.5491447036,-0.05611625743,-0.05611625743,-0.01250241245,1,2.461976632e-07,0.1644428639,0.2064122319,0,0,0,0
843,16.86,-0.5521391084,-0.5521391084,-0.05565494667,-0.05565494667,-0.01249576985,1,2.372721753e-07,0.1603956653,0.2064569802,0,0,0,0
844,16.88,-0.5550463241,-0.5550463241,-0.05519116382,-0.05519116382,-0.01248917099,1,2.282154801e-07,0.1563111798,0.2064517911,0,0,0,0
845,16.9,-0.5578658915,-0.5578658915,-0.05472498211,-0.05472498211,-0.01248260108,1,2.638972831e-07,0.1522141737,0.2066322266,0,0,0,0
846,16.92,-0.5605973655,-0.5605973655,-0.05425647515,-0.05425647515,-0.01247605436,1,2.527559556e-07,0.1482206559,0.2066596831,0,0,0,0
847,16.94,-0.5632403146,-0.5632403146,-0.05378571693,-0.05378571693,-0.01246952239,1,2.414831476e-07,0.1444073897,0.208022869,0,0,0,0
848,16.96,-0.5657943215,-0.5657943215,-0.05331278178,-0.05331278178,-0.01246299702,1,2.30123358e-07,0.1405547374,0.2093511229,0,0,0,0
849,16.98,-0.568258983,-0.568258983,-0.05283774439,-0.05283774439,-0.0124564704,1,2.635354417e-07,0.1366633688,0.2106447899,0,0,0,0
850,17,-0.5706339098,-0.5706339098,-0.05236067977,-0.05236067977,-0.01244993784,1,2.497525676e-07,0.1327255657,0.2123043648,0,0,0,0
851,17.02,-0.5729187268,-0.5729187268,-0.05188166326,-0.05188166326,-0.0124433863,1,2.358973226e-07,0.128767543,0.21271116,0,0,0,0
852,17.04,-0.5751130734,-0.5751130734,-0.0514007705,-0.0514007705,-0.01243681186,1,2.67622858e-07,0.1256347488,0.2143202338,0,0,0,0
853,17.06,-0.577216603,-0.577216603,-0.05091807742,-0.05091807742,-0.01243020798,1,2.509700193e-07,0.1247555706,0.215477516,0,0,0,0
854,17.08,-0.5792289833,-0.5792289833,-0.05043366025,-0.05043366025,-0.01242356843,1,2.343050995e-07,0.1238641007,0.2166008622,0,0,0,0
855,17.1,-0.5811498967,-0.5811498967,-0.04994759549,-0.04994759549,-0.01241688737,1,2.625047093e-07,0.1229601363,0.2176906004,0,0,0,0
856,17.12,-0.5829790397,-0.5829790397,-0.04945995988,-0.04945995988,-0.01241016203,1,2.426471073e-07,0.1220434683,0.2191370859,0,0,0,0
857,17.14,-0.5847161237,-0.5847161237,-0.04897083044,-0.04897083044,-0.01240338164,1,2.688233183e-07,0.1211138814,0.219359189,0,0,0,0
858,17.16,-0.5863608741,-0.5863608741,-0.0484802844,-0.0484802844,-0.01239654433,1,2.452326884e-07,0.1201711545,0.2207594311,0,0,0,0
859,17.18,-0.5879130314,-0.5879130314,-0.04798839922,-0.04798839922,-0.0123910866,1,2.676290016e-07,0.1192150614,0.2217159627,0,0,0,0
860,17.2,-0.5893723504,-0.5893723504,-0.04749525258,-0.04749525258,-0.01238783295,1,2.397410605e-07,0.1182453707,0.2226390551,0,0,0,0
861,17.22,-0.5907386007,-0.5907386007,-0.04700092236,-0.04700092236,-0.0123844973,1,2.560432737e-07,0.1172618465,0.2239108694,0,0,0,0
862,17.24,-0.5920115665,-0.5920115665,-0.04650548661,-0.04650548661,-0.01238106944,1,2.23226035e-07,0.1162642491,0.2239797265,0,0,0,0
863,17.26,-0.5931910468,-0.5931910468,-0.04600902356,-0.04600902356,-0.01237754901,1,2.30418539e-07,0.1152523347,0.2252092051,0,0,0,0
864,17.28,-0.5942768554,-0.5942768554,-0.04551161163,-0.04551161163,-0.01237389963,1,6.607023197e-07,0.1141257944,0.2258984267,0,0,0,0
865,17.3,-0.5952688208,-0.5952688208,-0.04501332934,-0.04501332934,-0.01237022114,1,2.250517662e-07,0.1132846263,0.2281476332,0,0,0,0
866,17.32,-0.5961667863,-0.5961667863,-0.04451425539,-0.04451425539,-0.0123664054,1,2.49621638e-07,0.1121282067,0.2269765695,0,0,0,0
867,17.34,-0.5969706102,-0.5969706102,-0.04401446859,-0.04401446859,-0.01236248683,1,2.516164373e-07,0.1110565293,0.2281662285,0,0,0,0
868,17.36,-0.5976801655,-0.5976801655,-0.04351404786,-0.04351404786,-0.01235846694,1,2.483630112e-07,0.1099692766,0.2292061454,0,0,0,0
869,17.38,-0.5982953402,-0.5982953402,-0.04301307222,-0.04301307222,-0.0123543383,1,2.538647813e-07,0.1088661921,0.2290275105,0,0,0,0
870,17.4,-0.5988160371,-0.5988160371,-0.04251162078,-0.04251162078,-0.01235010354,1,1.3740992e-07,0.1077470189,0.230032194,0,0,0,0
871,17.42,-0.599242174,-0.599242174,-0.04200977273,-0.04200977273,-0.01234576522,1,1.595878907e-07,0.1066115,0.2309447059,0,0,0,0
872,17.44,-0.5995736836,-0.5995736836,-0.04150760731,-0.04150760731,-0.01234131748,1,1.390302851e-07,0.1054593788,0.230695601,0,0,0,0
873,17.46,-0.5998105136,-0.5998105136,-0.04100520382,-0.04100520382,-0.01233676691,1,1.563512502e-07,0.1042903998,0.2319370709,0,0,0,0
874,17.48,-0.5999526265,-0.5999526265,-0.0405026416,-0.0405026416,-0.01233211158,1,1.716419396e-07,0.1031043089,0.2320059398,0,0,0,0
875,17.5,-0.6,-0.6,-0.04,-0.04,-0.01232734946,1,1.381565744e-07,0.1019008539,0.2319711433,0,0,0,0
876,17.52,-0.5999526265,-0.5999526265,-0.0394973584,-0.0394973584,-0.01232248858,1,3.897559412e-07,0.1009473927,0.2335612779,0,0,0,0
877,17.54,-0.5998105136,-0.5998105136,-0.03899479618,-0.03899479618,-0.01231753082,1,3.849909256e-07,0.1018251631,0.234367481,0,0,0,0
878,17.56,-0.5995736836,-0.5995736836,-0.03849239269,-0.03849239269,-0.01231247455,1,3.813877234e-07,0.1027775094,0.2345861079,0,0,0,0
879,17.58,-0.599242174,-0.599242174,-0.03799022727,-0.03799022727,-0.01230732509,1,3.785238067e-07,0.1037138384,0.2356463556,0,0,0,0
880,17.6,-0.5988160371,-0.5988160371,-0.03748837922,-0.03748837922,-0.0122928026,1,3.764185114e-07,0.1046344025,0.1663834805,0,0,0,0
881,17.62,-0.5982953402,-0.5982953402,-0.03698692778,-0.03698692778,-0.01226414799,1,3.7509597e-07,0.105539379,0.1362416131,0,0,0,0
882,17.64,-0.5976801655,-0.5976801655,-0.03648595214,-0.03648595214,-0.01222151103,1,3.926086535e-07,0.1064289462,0.1363088369,0,0,0,0
883,17.66,-0.5969706102,-0.5969706102,-0.03598553141,-0.03598553141,-0.01216484973,1,4.221491474e-07,0.107303283,0.1364856608,0,0,0,0
884,17.68,-0.5961667863,-0.5961667863,-0.03548574461,-0.03548574461,-0.01209412403,1,4.546318706e-07,0.1081625683,0.1366345998,0,0,0,0
885,17.7,-0.5952688208,-0.5952688208,-0.03498667066,-0.03498667066,-0.01200929592,1,4.900760919e-07,0.1090069804,0.1367561509,0,0,0,0
886,17.72,-0.5942768554,-0.5942768554,-0.03448838837,-0.03448838837,-0.01191019398,1,3.813519797e-07,0.1098366974,0.1372171187,0,0,0,0
887,17.74,-0.5931910468,-0.5931910468,-0.03399097644,-0.03399097644,-0.01179704408,1,3.057545118e-13,0.1105677156,0.1366341346,0,0,0,0
888,17.76,-0.5920115665,-0.5920115665,-0.03349451339,-0.03349451339,-0.01166969132,1,3.272883446e-13,0.1114539602,0.1369521766,0,0,0,0
889,17.78,-0.5907386007,-0.5907386007,-0.03299907764,-0.03299907764,-0.01152810676,1,3.648464093e-13,0.1122407456,0.1369603277,0,0,0,0
890,17.8,-0.5893723504,-0.5893723504,-0.03250474742,-0.03250474742,-0.01137226397,1,4.029175485e-13,0.113013531,0.1369392875,0,0,0,0
891,17.82,-0.5879130314,-0.5879130314,-0.03201160078,-0.03201160078,-0.01120213903,1,4.411495658e-13,0.1137724851,0.1368887253,0,0,0,0
892,17.84,-0.5863608741,-0.5863608741,-0.0315197156,-0.0315197156,-0.01101771076,1,4.797310401e-13,0.1145177737,0.1368083224,0,0,0,0
893,17.86,-0.5847161237,-0.5847161237,-0.03102916956,-0.03102916956,-0.0108189607,1,5.185230274e-13,0.1152495595,0.1366977728,0,0,0,0
894,17.88,-0.5829790397,-0.5829790397,-0.03054004012,-0.03054004012,-0.01060587327,1,5.575236561e-13,0.1159680016,0.1365567844,0,0,0,0
895,17.9,-0.5811498967,-0.5811498967,-0.03005240451,-0.03005240451,-0.01037843586,1,5.967445259e-13,0.1166732551,0.1363850798,0,0,0,0
896,17.92,-0.5792289833,-0.5792289833,-0.02956633975,-0.02956633975,-0.01013663891,1,6.362170026e-13,0.1173654711,0.1361823972,0,0,0,0
897,17.94,-0.577216603,-0.577216603,-0.02908192258,-0.02908192258,-0.009880476034,1,6.759730022e-13,0.1180447962,0.1359484913,0,0,0,0
898,17.96,-0.5751130734,-0.5751130734,-0.0285992295,-0.0285992295,-0.009609944118,1,7.158292538e-13,0.1187113721,0.1356831345,0,0,0,0
899,17.98,-0.5729187268,-0.5729187268,-0.02811833674,-0.02811833674,-0.009325043403,1,7.564074994e-13,0.1193653355,0.1353861172,0,0,0,0
900,18,-0.5706339098,-0.5706339098,-0.02763932023,-0.02763932023,-0.009025777605,1,7.973971618e-13,0.1200068178,0.1350572492,0,0,0,0
901,18.02,-0.568258983,-0.568258983,-0.02716225561,-0.02716225561,-0.008712154007,1,8.392097799e-13,0.1206359447,0.1346963606,0,0,0,0
902,18.04,-0.5657943215,-0.5657943215,-0.02668721822,-0.02668721822,-0.008384183559,1,8.813444637e-13,0.121252836,0.1343033022,0,0,0,0
903,18.06,-0.5632403146,-0.5632403146,-0.02621428307,-0.02621428307,-0.008041880977,1,9.243435002e-13,0.1218576054,0.1343601964,0,0,0,0
904,18.08,-0.5605973655,-0.5605973655,-0.02574352485,-0.02574352485,-0.007685264841,1,9.6864537e-13,0.1224503602,0.1347644788,0,0,0,0
905,18.1,-0.5578658915,-0.5578658915,-0.02527501789,-0.02527501789,-0.007314357689,1,1.02007219e-12,0.1230312012,0.1351405043,0,0,0,0
906,18.12,-0.5550463241,-0.5550463241,-0.02480883618,-0.02480883618,-0.00692918611,1,1.127401446e-12,0.1236002222,0.1354870168,0,0,0,0
907,18.14,-0.5521391084,-0.5521391084,-0.02434505333,-0.02434505333,-0.006529780832,1,1.243882516e-12,0.12415751,0.1358027664,0,0,0,0
908,18.16,-0.5491447036,-0.5491447036,-0.02388374257,-0.02388374257,-0.006116176815,1,1.369126682e-12,0.1247031444,0.1360865121,0,0,0,0
909,18.18,-0.5460635824,-0.5460635824,-0.02342497676,-0.02342497676,-0.005688413331,1,1.50353105e-12,0.1252371974,0.1363370249,0,0,0,0
910,18.2,-0.5428962315,-0.5428962315,-0.02296882834,-0.02296882834,-0.005246534046,1,1.647579522e-12,0.1257597338,0.1365530902,0,0,0,0
911,18.22,-0.5396431509,-0.5396431509,-0.02251536933,-0.02251536933,-0.004790587098,1,1.801111783e-12,0.1262708103,0.1367335109,0,0,0,0
912,18.24,-0.5363048545,-0.5363048545,-0.02206467136,-0.02206467136,-0.004320625169,1,1.964100181e-12,0.1267704759,0.1368771105,0,0,0,0
913,18.26,-0.5328818693,-0.5328818693,-0.02161680558,-0.02161680558,-0.003836705556,1,2.136938931e-12,0.1272587714,0.1369827351,0,0,0,0
914,18.28,-0.5293747359,-0.5293747359,-0.02117184271,-0.02117184271,-0.003347086377,1,2.320425967e-12,0.1277357297,0.1370492569,0,0,0,0
915,18.3,-0.525784008,-0.525784008,-0.02072985304,-0.02072985304,-0.002862897652,1,2.513898697e-12,0.1282013752,0.1370755767,0,0,0,0
916,18.32,-0.5221102528,-0.5221102528,-0.02029090634,-0.02029090634,-0.002365542768,1,2.718778045e-12,0.1286557239,0.1370606265,0,0,0,0
917,18.34,-0.5183540503,-0.5183540503,-0.01985507193,-0.01985507193,-0.001855089611,1,2.934158748e-12,0.1290987833,0.1370033723,0,0,0,0
918,18.36,-0.5145159937,-0.5145159937,-0.01942241865,-0.01942241865,-0.001331610726,1,3.161533783e-12,0.1306801749,0.1369028167,0,0,0,0
919,18.38,-0.5105966891,-0.5105966891,-0.0189930148,-0.0189930148,-0.0007951833475,0,3.400894537e-12,0.1331595045,0.1367580011,0,0,0,0
920,18.4,-0.5065967553,-0.5065967553,-0.0185669282,-0.0185669282,-0.0002458894394,0,3.65262425e-12,0.1356318303,0.1365680086,0,0,0,0
921,18.42,-0.502516824,-0.502516824,-0.01814422613,-0.01814422613,0.0003161842826,0,3.91700663e-12,0.1380967809,0.1363319662,0,0,0,0
922,18.44,-0.4983575395,-0.4983575395,-0.01772497534,-0.01772497534,0.0008909463306,0,4.194381117e-12,0.1405539749,0.1360490467,0,0,0,0
923,18.46,-0.4941195586,-0.4941195586,-0.01730924203,-0.01730924203,0.001478300431,0,4.485167478e-12,0.1430030209,0.1357184715,0,0,0,0
924,18.48,-0.4898035504,-0.4898035504,-0.01689709186,-0.01689709186,0.00207814552,0,4.790242448e-12,0.1454435175,0.1353395122,0,0,0,0
925,18.5,-0.4854101966,-0.4854101966,-0.01648858991,-0.01648858991,0.002690375739,0,5.109534381e-12,0.1478750532,0.1349114926,0,0,0,0
926,18.52,-0.4809401909,-0.4809401909,-0.01608380068,-0.01608380068,0.003314880448,0,5.443836859e-12,0.1502972067,0.1344337908,0,0,0,0
927,18.54,-0.4763942392,-0.4763942392,-0.01568278809,-0.01568278809,0.003951544236,0,5.793564749e-12,0.1527095463,0.1339058405,0,0,0,0
928,18.56,-0.4717730593,-0.4717730593,-0.01528561548,-0.01528561548,0.004600246942,0,6.158517317e-12,0.1551116307,0.1333271328,0,0,0,0
929,18.58,-0.4670773809,-0.4670773809,-0.01489234555,-0.01489234555,0.005260863686,0,6.539544897e-12,0.1575030085,0.1326972178,0,0,0,0
930,18.6,-0.4623079457,-0.4623079457,-0.01450304041,-0.01450304041,0.005933264902,0,6.937081e-12,0.1598832185,0.1320157056,0,0,0,0
931,18.62,-0.4574655066,-0.4574655066,-0.01411776154,-0.01411776154,0.006617316381,0,7.350808718e-12,0.1622517896,0.1312822675,0,0,0,0
932,18.64,-0.4525508284,-0.4525508284,-0.01373656977,-0.01373656977,0.007312879321,0,7.781013417e-12,0.1646082408,0.1304966372,0,0,0,0
933,18.66,-0.4475646873,-0.4475646873,-0.0133595253,-0.0133595253,0.008019810383,0,8.228269014e-12,0.1669520818,0.1296586114,0,0,0,0
934,18.68,-0.4425078704,-0.4425078704,-0.01298668768,-0.01298668768,0.008527149996,0,8.692354708e-12,0.1692828122,0.1287680507,0,0,0,0
935,18.7,-0.4373811765,-0.4373811765,-0.01261811576,-0.01261811576,0.008538192417,0,9.173389615e-12,0.1715999224,0.1278248802,0,0,0,0
936,18.72,-0.4321854149,-0.4321854149,-0.01225386777,-0.01225386777,0.007803448669,0,9.67088934e-12,0.1739028934,0.1268290896,0,0,0,0
937,18.74,-0.4269214063,-0.4269214063,-0.01189400121,-0.01189400121,0.007003978095,0,1.018526832e-11,0.1761911968,0.1257807341,0,0,0,0
938,18.76,-0.4215899819,-0.4215899819,-0.01153857291,-0.01153857291,0.006195335226,0,1.071614392e-11,0.1784642949,0.1246799335,0,0,0,0
939,18.78,-0.4161919835,-0.4161919835,-0.011187639,-0.011187639,0.005377659581,0,1.126329633e-11,0.1807216412,0.1235268731,0,0,0,0
940,18.8,-0.4107282636,-0.4107282636,-0.0108412549,-0.0108412549,0.004551093558,0,1.182657823e-11,0.1829626803,0.1223218031,0,0,0,0
941,18.82,-0.4051996849,-0.4051996849,-0.01049947531,-0.01049947531,0.003715782423,0,1.240481657e-11,0.185186848,0.1210650383,0,0,0,0
942,18.84,-0.3996071205,-0.3996071205,-0.01016235418,-0.01016235418,0.002871874291,0,1.29981522e-11,0.1873935716,0.1199642445,0,0,0,0
943,18.86,-0.3939514535,-0.3939514535,-0.009829944771,-0.009829944771,0.002019520113,0,1.360530007e-11,0.18958227,0.1202538196,0,0,0,0
944,18.88,-0.3882335769,-0.3882335769,-0.00950229956,-0.00950229956,0.001158873651,0,1.422632544e-11,0.1917523541,0.120506216,0,0,0,0
945,18.9,-0.3824543938,-0.3824543938,-0.009179470289,-0.009179470289,0.0002900914595,0,1.486003107e-11,0.1939032266,0.1207208616,0,0,0,0
946,18.92,-0.3766148168,-0.3766148168,-0.008861507937,-0.008861507937,-0.0005866671434,0,1.550533471e-11,0.1960342827,0.1208972186,0,0,0,0
947,18.94,-0.3707157679,-0.3707157679,-0.008548462715,-0.008548462715,-0.001471240101,1,1.616136521e-11,0.19814491,0.1210347845,0,0,0,0
948,18.96,-0.3647581786,-0.3647581786,-0.008240384054,-0.008240384054,-0.002363462649,1,1.68277755e-11,0.2002344891,0.1211330931,0,0,0,0
949,18.98,-0.3587429898,-0.3587429898,-0.007937320605,-0.007937320605,-0.00326316735,1,1.750265353e-11,0.2023023933,0.1211917151,0,0,0,0
950,19,-0.3526711514,-0.3526711514,-0.007639320225,-0.007639320225,-0.004170184127,1,1.818513422e-11,0.2043479895,0.1212102591,0,0,0,0
951,19.02,-0.3465436221,-0.3465436221,-0.007346429971,-0.007346429971,-0.005084340304,1,1.887418263e-11,0.206370638,0.1211883721,0,0,0,0
952,19.04,-0.3403613695,-0.3403613695,-0.007058696095,-0.007058696095,-0.006005460643,1,1.956798543e-11,0.2083696932,0.1211257404,0,0,0,0
953,19.06,-0.3341253699,-0.3341253699,-0.006776164032,-0.006776164032,-0.006933367393,1,2.026555298e-11,0.2103445036,0.1210220898,0,0,0,0
954,19.08,-0.327836608,-0.327836608,-0.006498878398,-0.006498878398,-0.007867880329,1,2.096559793e-11,0.2122944123,0.1208771865,0,0,0,0
955,19.1,-0.321496077,-0.321496077,-0.00622688298,-0.00622688298,-0.008808816807,1,2.166636165e-11,0.2142187572,0.1206908371,0,0,0,0
956,19.12,-0.315104778,-0.315104778,-0.005960220728,-0.005960220728,-0.00975599181,1,2.236659996e-11,0.2161168717,0.1204628894,0,0,0,0
957,19.14,-0.3086637203,-0.3086637203,-0.005698933752,-0.005698933752,-0.01070921801,1,2.306488736e-11,0.2179880845,0.1201932319,0,0,0,0
958,19.16,-0.302173921,-0.302173921,-0.005443063312,-0.005443063312,-0.0116683058,1,2.375910045e-11,0.2198317206,0.119881795,0,0,0,0
959,19.18,-0.2956364049,-0.2956364049,-0.005192649813,-0.005192649813,-0.01263306341,1,2.444851289e-11,0.2216471011,0.11952855,0,0,0,0
960,19.2,-0.2890522045,-0.2890522045,-0.004947732798,-0.004947732798,-0.01360329687,1,2.513092884e-11,0.2234335443,0.1191335099,0,0,0,0
961,19.22,-0.2824223593,-0.2824223593,-0.004708350943,-0.004708350943,-0.01407480482,1,2.0084938e-07,0.2507113647,5.49308903,0,0,0,0
962,19.24,-0.2757479164,-0.2757479164,-0.004474542047,-0.004474542047,-0.01409047916,1,1.978030372e-07,0.2744942811,5.018238191,0,0,0,0
963,19.26,-0.2690299297,-0.2690299297,-0.004246343034,-0.004246343034,-0.01410531792,1,1.887461337e-07,0.2747532443,0.1176983687,0,0,0,0
964,19.28,-0.26226946,-0.26226946,-0.004023789937,-0.004023789937,-0.0141193213,1,1.80129083e-07,0.2749514217,0.1171371027,0,0,0,0
965,19.3,-0.2554675749,-0.2554675749,-0.003806917901,-0.003806917901,-0.01413249036,1,1.719343396e-07,0.2750893072,0.1165347229,0,0,0,0
966,19.32,-0.2486253486,-0.2486253486,-0.003595761173,-0.003595761173,-0.01414482687,1,1.641436684e-07,0.275167066,0.1158914867,0,0,0,0
967,19.34,-0.2417438614,-0.2417438614,-0.003390353095,-0.003390353095,-0.01415633243,1,1.936899923e-07,0.2751831489,0.1152076908,0,0,0,0
968,19.36,-0.2348242001,-0.2348242001,-0.003190726105,-0.003190726105,-0.01416701188,1,1.852020779e-07,0.2751430245,0.1144836708,0,0,0,0
969,19.38,-0.2278674573,-0.2278674573,-0.002996911727,-0.002996911727,-0.014176867,1,6.634812788e-07,0.2749854269,4.31602773,0,0,0,0
970,19.4,-0.2208747316,-0.2208747316,-0.002808940564,-0.002808940564,-0.01418590542,1,1.694607743e-07,0.3165488852,4.084732187,0,0,0,0
971,19.42,-0.2138471272,-0.2138471272,-0.002626842302,-0.002626842302,-0.01419412891,1,1.621401852e-07,0.3175028653,0.136234466,0,0,0,0
972,19.44,-0.2067857539,-0.2067857539,-0.002450645694,-0.002450645694,-0.0142015435,1,1.928053693e-07,0.3183905216,0.1356765593,0,0,0,0
973,19.46,-0.1996917267,-0.1996917267,-0.002280378564,-0.002280378564,-0.01420815686,1,1.848076915e-07,0.3192127693,0.1350302516,0,0,0,0
974,19.48,-0.1925661659,-0.1925661659,-0.0021160678,-0.0021160678,-0.01421397504,1,1.771939488e-07,0.3199702281,0.1343049445,0,0,0,0
975,19.5,-0.1854101966,-0.1854101966,-0.001957739348,-0.001957739348,-0.01421900542,1,1.699528013e-07,0.3206635573,0.1335013717,0,0,0,0
976,19.52,-0.1782249489,-0.1782249489,-0.00180541821,-0.00180541821,-0.01422325593,1,1.630668561e-07,0.321293454,0.1326203621,0,0,0,0
977,19.54,-0.1710115575,-0.1710115575,-0.001659128439,-0.001659128439,-0.01422673501,1,1.565193636e-07,0.3218606509,0.1316628374,0,0,0,0
978,19.56,-0.1637711613,-0.1637711613,-0.001518893137,-0.001518893137,-0.0142294504,1,4.609122933e-07,0.3223659147,0.1306298076,0,0,0,0
979,19.58,-0.1565049038,-0.1565049038,-0.001384734447,-0.001384734447,-0.01423141484,1,1.806254314e-07,0.3228100434,0.1295223671,0,0,0,0
980,19.6,-0.1492139323,-0.1492139323,-0.001256673555,-0.001256673555,-0.01423263549,1,1.737279241e-07,0.3231938647,0.1283416904,0,0,0,0
981,19.62,-0.1418993982,-0.1418993982,-0.001134730683,-0.001134730683,-0.0142331235,1,1.671837852e-07,0.3235182331,0.127089027,0,0,0,0
982,19.64,-0.1345624566,-0.1345624566,-0.001018925089,-0.001018925089,-0.01423288973,1,1.609564888e-07,0.3237840284,0.1257656972,0,0,0,0
983,19.66,-0.127204266,-0.127204266,-0.0009092750573,-0.0009092750573,-0.01423194543,1,1.55030767e-07,0.3239921529,0.1243730871,0,0,0,0
984,19.68,-0.1198259883,-0.1198259883,-0.0008057979046,-0.0008057979046,-0.01423030228,1,1.493919982e-07,0.3241435294,0.1229126437,0,0,0,0
985,19.7,-0.1124287888,-0.1124287888,-0.0007085099709,-0.0007085099709,-0.01422797208,1,1.811278651e-07,0.3242390987,0.1213858699,0,0,0,0
986,19.72,-0.1050138354,-0.1050138354,-0.0006174266188,-0.0006174266188,-0.01422496781,1,1.748586534e-07,0.3242798178,0.1197943197,0,0,0,0
987,19.74,-0.09758229912,-0.09758229912,-0.0005325622317,-0.0005325622317,-0.01422130194,1,1.688806478e-07,0.3242666569,0.1181395927,0,0,0,0
988,19.76,-0.09013535347,-0.09013535347,-0.0004539302105,-0.0004539302105,-0.01421698755,1,1.63185822e-07,0.3242005978,0.1164233298,0,0,0,0
989,19.78,-0.08267417441,-0.08267417441,-0.0003815429721,-0.0003815429721,-0.01421203805,1,6.040047876e-07,0.3248736214,0.1102682135,0,0,0,0
990,19.8,-0.07519994014,-0.07519994014,-0.0003154119474,-0.0003154119474,-0.0142064671,1,1.525913029e-07,0.3231229021,0.1505549821,0,0,0,0
991,19.82,-0.06771383092,-0.06771383092,-0.0002555475792,-0.0002555475792,-0.01420028865,1,1.476659147e-07,0.3236948364,0.1087338995,0,0,0,0
992,19.84,-0.06021702891,-0.06021702891,-0.0002019593207,-0.0002019593207,-0.01419351689,1,1.429722772e-07,0.3234272889,0.1089745691,0,0,0,0
993,19.86,-0.05271071793,-0.05271071793,-0.0001546556343,-0.0001546556343,-0.01418617379,1,6.853888293e-07,0.3231117097,0.1069786454,0,0,0,0
994,19.88,-0.04519608332,-0.04519608332,-0.0001136439896,-0.0001136439896,-0.01417825129,1,1.700093068e-07,0.3227492399,0.1078287619,0,0,0,0
995,19.9,-0.03767431172,-0.03767431172,-7.893086287e-05,-7.893086287e-05,-0.0141697869,1,1.649649264e-07,0.3223408811,0.1087655025,0,0,0,0
996,19.92,-0.03014659091,-0.03014659091,-5.052173576e-05,-5.052173576e-05,-0.01416078798,1,1.601610217e-07,0.3218876297,0.109646473,0,0,0,0
997,19.94,-0.0226141096,-0.0226141096,-2.842109438e-05,-2.842109438e-05,-0.01415126965,1,1.55576053e-07,0.3213904752,0.1104713905,0,0,0,0
998,19.96,-0.01507805727,-0.01507805727,-1.263242867e-05,-1.263242867e-05,-0.01414124715,1,1.511992954e-07,0.3208503986,0.111240024,0,0,0,0
999,19.98,-0.00753962393,-0.00753962393,-3.158231847e-06,-3.158231847e-06,-0.01413073961,1,4.455191243e-07,0.3202683704,0.111952193,0,0,0,0
1000,20,-2.939152318e-16,-2.939152318e-16,-0,-0,-0.01411975107,1,1.430463943e-07,0.3196453494,0.1126077675,0,0,0,0
1001,20.02,0.00753962393,0.00753962393,-3.158231847e-06,-3.158231847e-06,-0.01410830841,1,1.392184395e-07,0.318982281,0.1132066659,0,0,0,0
1002,20.04,0.01507805727,0.01507805727,-1.263242867e-05,-1.263242867e-05,-0.0140964234,1,1.355769872e-07,0.3182800961,0.1137488551,0,0,0,0
1003,20.06,0.0226141096,0.0226141096,-2.842109438e-05,-2.842109438e-05,-0.0140841116,1,1.320972262e-07,0.3175397092,0.1142343487,0,0,0,0
1004,20.08,0.03014659091,0.03014659091,-5.052173576e-05,-5.052173576e-05,-0.01407138889,1,1.64081978e-07,0.3167620178,0.1146632062,0,0,0,0
1005,20.1,0.03767431172,0.03767431172,-7.893086287e-05,-7.893086287e-05,-0.01405827031,1,1.601199461e-07,0.3159479007,0.1150355318,0,0,0,0
1006,20.12,0.04519608332,0.04519608332,-0.0001136439896,-0.0001136439896,-0.01404477171,1,1.563223114e-07,0.3150982174,0.1153514731,0,0,0,0
1007,20.14,0.05271071793,0.05271071793,-0.0001546556343,-0.0001546556343,-0.01403090861,1,1.526866137e-07,0.3142138068,0.1156112199,0,0,0,0
1008,20.16,0.06021702891,0.06021702891,-0.0002019593207,-0.0002019593207,-0.01401669648,1,1.492048749e-07,0.3132954863,0.1158150031,0,0,0,0
1009,20.18,0.06771383092,0.06771383092,-0.0002555475792,-0.0002555475792,-0.01400215075,1,1.458694891e-07,0.3123440513,0.1159630933,0,0,0,0
1010,20.2,0.07519994014,0.07519994014,-0.0003154119474,-0.0003154119474,-0.01398728673,1,1.426732054e-07,0.311360274,0.1160557994,0,0,0,0
1011,20.22,0.08267417441,0.08267417441,-0.0003815429721,-0.0003815429721,-0.01397211965,1,1.396091107e-07,0.3103449032,0.1160934676,0,0,0,0
1012,20.24,0.09013535347,0.09013535347,-0.0004539302105,-0.0004539302105,-0.01395666464,1,1.378857137e-07,0.3092986634,0.1160764797,0,0,0,0
1013,20.26,0.09758229912,0.09758229912,-0.0005325622317,-0.0005325622317,-0.01394093667,1,1.397709489e-07,0.3082222542,0.1160052521,0,0,0,0
1014,20.28,0.1050138354,0.1050138354,-0.0006174266188,-0.0006174266188,-0.01392495059,1,1.311455946e-07,0.3071231363,0.1173392941,0,0,0,0
1015,20.3,0.1124287888,0.1124287888,-0.0007085099709,-0.0007085099709,-0.0139087211,1,1.285473685e-07,0.3059816474,0.1190333431,0,0,0,0
1016,20.32,0.1198259883,0.1198259883,-0.0008057979046,-0.0008057979046,-0.01389226272,1,1.260513183e-07,0.3048186775,0.1206765656,0,0,0,0
1017,20.34,0.127204266,0.127204266,-0.0009092750573,-0.0009092750573,-0.0138755898,1,1.236522542e-07,0.3036280839,0.1222679266,0,0,0,0
1018,20.36,0.1345624566,0.1345624566,-0.001018925089,-0.001018925089,-0.01385872413,1,4.74885537e-07,0.3024104371,0.1245789855,0,0,0,0
1019,20.38,0.1418993982,0.1418993982,-0.001134730683,-0.001134730683,-0.01384165743,1,1.527807145e-07,0.301166282,0.1236996229,0,0,0,0
1020,20.4,0.1492139323,0.1492139323,-0.001256673555,-0.001256673555,-0.01382442509,1,1.500716179e-07,0.3001745659,0.1275375189,0,0,0,0
1021,20.42,0.1565049038,0.1565049038,-0.001384734447,-0.001384734447,-0.01380703362,1,1.474757749e-07,0.2998067571,0.1280947932,0,0,0,0
1022,20.44,0.1637711613,0.1637711613,-0.001518893137,-0.001518893137,-0.01378949635,1,1.449721842e-07,0.2993867597,0.1294120783,0,0,0,0
1023,20.46,0.1710115575,0.1710115575,-0.001659128439,-0.001659128439,-0.01377182633,1,1.425560423e-07,0.2989138486,0.1306717514,0,0,0,0
1024,20.48,0.1782249489,0.1782249489,-0.00180541821,-0.00180541821,-0.01375403641,1,1.402227652e-07,0.2983873168,0.1318729866,0,0,0,0
1025,20.5,0.1854101966,0.1854101966,-0.001957739348,-0.001957739348,-0.01373613916,1,1.379679761e-07,0.297806473,0.133014974,0,0,0,0
1026,20.52,0.1925661659,0.1925661659,-0.0021160678,-0.0021160678,-0.01371814691,1,1.357874963e-07,0.2971706438,0.1340969447,0,0,0,0
1027,20.54,0.1996917267,0.1996917267,-0.002280378564,-0.002280378564,-0.01370007172,1,1.336773361e-07,0.2964791744,0.1351181739,0,0,0,0
1028,20.56,0.2067857539,0.2067857539,-0.002450645694,-0.002450645694,-0.01368192537,1,1.320077703e-07,0.2957314305,0.1360779833,0,0,0,0
1029,20.58,0.2138471272,0.2138471272,-0.002626842302,-0.002626842302,-0.01366371939,1,1.34679038e-07,0.2949267996,0.1369757443,0,0,0,0
1030,20.6,0.2208747316,0.2208747316,-0.002808940564,-0.002808940564,-0.01364546503,1,1.374503768e-07,0.2940646925,0.1378108804,0,0,0,0
1031,20.62,0.2278674573,0.2278674573,-0.002996911727,-0.002996911727,-0.01362718299,1,4.966791528e-07,0.2931826999,0.1388046213,0,0,0,0
1032,20.64,0.2348242001,0.2348242001,-0.003190726105,-0.003190726105,-0.01360885468,1,1.433039663e-07,0.2921276573,0.1388476975,0,0,0,0
1033,20.66,0.2417438614,0.2417438614,-0.003390353095,-0.003390353095,-0.01359051977,1,1.463915347e-07,0.2911636733,0.1401574629,0,0,0,0
1034,20.68,0.2486253486,0.2486253486,-0.003595761173,-0.003595761173,-0.01357217859,1,1.495897936e-07,0.2903796387,0.1405155716,0,0,0,0
1035,20.7,0.2554675749,0.2554675749,-0.003806917901,-0.003806917901,-0.01355384096,1,1.529013301e-07,0.2895267988,0.1410309939,0,0,0,0
1036,20.72,0.26226946,0.26226946,-0.004023789937,-0.004023789937,-0.01353551639,1,1.563286832e-07,0.2886046532,0.1414815219,0,0,0,0
1037,20.74,0.2690299297,0.2690299297,-0.004246343034,-0.004246343034,-0.0135172141,1,1.186137152e-07,0.2876127478,0.1418670625,0,0,0,0
1038,20.76,0.2757479164,0.2757479164,-0.004474542047,-0.004474542047,-0.01349894399,1,1.469738244e-07,0.2865412881,0.142088777,0,0,0,0
1039,20.78,0.2824223593,0.2824223593,-0.004708350943,-0.004708350943,-0.01348071277,1,1.45043737e-07,0.2854181644,0.1425402932,0,0,0,0
1040,20.8,0.2890522045,0.2890522045,-0.004947732798,-0.004947732798,-0.01346252976,1,1.431477179e-07,0.2842146756,0.1426334867,0,0,0,0
1041,20.82,0.2956364049,0.2956364049,-0.005192649813,-0.005192649813,-0.01344440299,1,1.412893765e-07,0.2829400356,0.1427590693,0,0,0,0
1042,20.84,0.302173921,0.302173921,-0.005443063312,-0.005443063312,-0.01342634025,1,1.394662795e-07,0.2815940112,0.1428200589,0,0,0,0
1043,20.86,0.3086637203,0.3086637203,-0.005698933752,-0.005698933752,-0.013408349,1,1.376761094e-07,0.2801764146,0.1428167387,0,0,0,0
1044,20.88,0.315104778,0.315104778,-0.005960220728,-0.005960220728,-0.01339043643,1,1.404497117e-07,0.2786871055,0.1427494884,0,0,0,0
1045,20.9,0.321496077,0.321496077,-0.00622688298,-0.00622688298,-0.01337260946,1,6.178314057e-07,0.2771259925,0.1426187656,0,0,0,0
1046,20.92,0.327836608,0.327836608,-0.006498878398,-0.006498878398,-0.01335487472,1,6.173923297e-07,0.2754930329,0.2672722067,0,0,0,0
1047,20.94,0.3341253699,0.3341253699,-0.006776164032,-0.006776164032,-0.01333723856,1,1.490865926e-07,0.273788234,0.2413300533,0,0,0,0
1048,20.96,0.3403613695,0.3403613695,-0.007058696095,-0.007058696095,-0.01331972038,1,5.707190467e-07,0.2719376289,0.1434869191,0,0,0,0
1049,20.98,0.3465436221,0.3465436221,-0.007346429971,-0.007346429971,-0.01330228602,1,1.592455566e-07,0.2702374156,0.1382021801,0,0,0,0
1050,21,0.3526711514,0.3526711514,-0.007639320225,-0.007639320225,-0.013284981,1,1.633389338e-07,0.2682436317,0.1426701556,0,0,0,0
1051,21.02,0.3587429898,0.3587429898,-0.007937320605,-0.007937320605,-0.01326779728,1,6.731919758e-07,0.2662525464,0.1405369675,0,0,0,0
1052,21.04,0.3647581786,0.3647581786,-0.008240384054,-0.008240384054,-0.01325073989,1,6.656919942e-07,0.2641904192,0.2600514962,0,0,0,0
1053,21.06,0.3707157679,0.3707157679,-0.008548462715,-0.008548462715,-0.01323381362,1,1.30784343e-07,0.2620575542,0.2290206163,0,0,0,0
1054,21.08,0.3766148168,0.3766148168,-0.008861507937,-0.008861507937,-0.01321983029,1,1.362304088e-07,0.2598543119,0.1387003608,0,0,0,0
1055,21.1,0.3824543938,0.3824543938,-0.009179470289,-0.009179470289,-0.01320961412,1,6.59685634e-07,0.2575086453,0.1380104139,0,0,0,0
1056,21.12,0.3882335769,0.3882335769,-0.00950229956,-0.00950229956,-0.01319940151,1,6.499655102e-07,0.2553108368,0.2512893153,0,0,0,0
1057,21.14,0.3939514535,0.3939514535,-0.009829944771,-0.009829944771,-0.01318921876,1,1.454565535e-07,0.2528266801,0.2185960228,0,0,0,0
1058,21.16,0.3996071205,0.3996071205,-0.01016235418,-0.01016235418,-0.01317906328,1,1.513321845e-07,0.250346519,0.135493511,0,0,0,0
1059,21.18,0.4051996849,0.4051996849,-0.01049947531,-0.01049947531,-0.01316893998,1,1.553259373e-07,0.2477894319,0.134417773,0,0,0,0
1060,21.2,0.4107282636,0.4107282636,-0.0108412549,-0.0108412549,-0.0131588521,1,1.594026345e-07,0.2451834955,0.134572583,0,0,0,0
1061,21.22,0.4161919835,0.4161919835,-0.011187639,-0.011187639,-0.0131488042,1,1.635599841e-07,0.2425018415,0.1378911238,0,0,0,0
1062,21.24,0.4215899819,0.4215899819,-0.01153857291,-0.01153857291,-0.01313880018,1,1.677949229e-07,0.2397544439,0.1407970435,0,0,0,0
1063,21.26,0.4269214063,0.4269214063,-0.01189400121,-0.01189400121,-0.01312884377,1,1.721039355e-07,0.2369420918,0.1436720749,0,0,0,0
1064,21.28,0.4321854149,0.4321854149,-0.01225386777,-0.01225386777,-0.01311893855,1,1.764830294e-07,0.2340656151,0.1465145873,0,0,0,0
1065,21.3,0.4373811765,0.4373811765,-0.01261811576,-0.01261811576,-0.01310908794,1,1.809277141e-07,0.2311258851,0.1493229159,0,0,0,0
1066,21.32,0.4425078704,0.4425078704,-0.01298668768,-0.01298668768,-0.01309929523,1,1.414075942e-07,0.2281238132,0.1520954515,0,0,0,0
1067,21.34,0.4475646873,0.4475646873,-0.0133595253,-0.0133595253,-0.01308956356,1,1.450265527e-07,0.22506035,0.1548306431,0,0,0,0
1068,21.36,0.4525508284,0.4525508284,-0.01373656977,-0.01373656977,-0.01307989592,1,1.486975927e-07,0.2219364831,0.1575270004,0,0,0,0
1069,21.38,0.4574655066,0.4574655066,-0.01411776154,-0.01411776154,-0.01307030467,1,5.835995724e-07,0.2186705972,0.1632942991,0,0,0,0
1070,21.4,0.4623079457,0.4623079457,-0.01450304041,-0.01450304041,-0.01306076405,1,1.5615307e-07,0.2155942976,0.1662166772,0,0,0,0
1071,21.42,0.4670773809,0.4670773809,-0.01489234555,-0.01489234555,-0.01305130518,1,1.599258781e-07,0.2122128807,0.1690708419,0,0,0,0
1072,21.44,0.4717730593,0.4717730593,-0.01528561548,-0.01528561548,-0.01304192103,1,1.637201236e-07,0.2088579642,0.1678969651,0,0,0,0
1073,21.46,0.4763942392,0.4763942392,-0.01568278809,-0.01568278809,-0.0130326149,1,6.689196165e-07,0.2054430623,0.1707450962,0,0,0,0
1074,21.48,0.4809401909,0.4809401909,-0.01608380068,-0.01608380068,-0.01302338632,1,1.713439042e-07,0.2019895144,0.1754212989,0,0,0,0
1075,21.5,0.4854101966,0.4854101966,-0.01648858991,-0.01648858991,-0.01301424083,1,6.945707226e-07,0.1984593785,0.1765067908,0,0,0,0
1076,21.52,0.4898035504,0.4898035504,-0.01689709186,-0.01689709186,-0.01300517827,1,1.775308536e-07,0.1949008913,0.2287799107,0,0,0,0
1077,21.54,0.4941195586,0.4941195586,-0.01730924203,-0.01730924203,-0.01299620125,1,1.827441234e-07,0.1912832657,0.1808812831,0,0,0,0
1078,21.56,0.4983575395,0.4983575395,-0.01772497534,-0.01772497534,-0.01298731164,1,1.864984663e-07,0.187972073,0.1833218495,0,0,0,0
1079,21.58,0.502516824,0.502516824,-0.01814422613,-0.01814422613,-0.0129785112,1,1.902123464e-07,0.1853477876,0.1856975437,0,0,0,0
1080,21.6,0.5065967553,0.5065967553,-0.0185669282,-0.0185669282,-0.01296980164,1,1.938750473e-07,0.1826961034,0.1880076059,0,0,0,0
1081,21.62,0.5105966891,0.5105966891,-0.0189930148,-0.0189930148,-0.01296118457,1,1.974749347e-07,0.1800168034,0.1902512282,0,0,0,0
1082,21.64,0.5145159937,0.5145159937,-0.01942241865,-0.01942241865,-0.0129526615,1,1.557884816e-07,0.1773148477,0.1924276864,0,0,0,0
1083,21.66,0.5183540503,0.5183540503,-0.01985507193,-0.01985507193,-0.01294034257,1,5.562504987e-07,0.1745745659,0.1650343291,0,0,0,0
1084,21.68,0.5221102528,0.5221102528,-0.02029090634,-0.02029090634,-0.01293590315,1,1.613418157e-07,0.1718111712,0.2561212647,0,0,0,0
1085,21.7,0.525784008,0.525784008,-0.02072985304,-0.02072985304,-0.01292767063,1,1.640010757e-07,0.1690193561,0.1690705689,0,0,0,0
1086,21.72,0.5293747359,0.5293747359,-0.02117184271,-0.02117184271,-0.01291953754,1,1.665635732e-07,0.1661989368,0.200437988,0,0,0,0
1087,21.74,0.5328818693,0.5328818693,-0.02161680558,-0.02161680558,-0.01291150584,1,1.690174024e-07,0.1633497399,0.20271515,0,0,0,0
1088,21.76,0.5363048545,0.5363048545,-0.02206467136,-0.02206467136,-0.01290357519,1,1.713502674e-07,0.1604716012,0.2036017386,0,0,0,0
1089,21.78,0.5396431509,0.5396431509,-0.02251536933,-0.02251536933,-0.01289574745,1,1.735495078e-07,0.1575643668,0.2057381815,0,0,0,0
1090,21.8,0.5428962315,0.5428962315,-0.02296882834,-0.02296882834,-0.01288802367,1,1.756021248e-07,0.1546278936,0.2073609813,0,0,0,0
1091,21.82,0.5460635824,0.5460635824,-0.02342497676,-0.02342497676,-0.01288040485,1,1.77494813e-07,0.1516620501,0.2089134396,0,0,0,0
1092,21.84,0.5491447036,0.5491447036,-0.02388374257,-0.02388374257,-0.01287289196,1,1.792139946e-07,0.1486667168,0.2103957478,0,0,0,0
1093,21.86,0.5521391084,0.5521391084,-0.02434505333,-0.02434505333,-0.01286548593,1,1.807458546e-07,0.1456619298,0.2118079883,0,0,0,0
1094,21.88,0.5550463241,0.5550463241,-0.02480883618,-0.02480883618,-0.01285818764,1,1.82076382e-07,0.1444830752,0.2131503029,0,0,0,0
1095,21.9,0.5578658915,0.5578658915,-0.02527501789,-0.02527501789,-0.01285099797,1,1.83191413e-07,0.143286074,0.21442289,0,0,0,0
1096,21.92,0.5605973655,0.5605973655,-0.02574352485,-0.02574352485,-0.01284391853,1,1.840766763e-07,0.1420710194,0.216045138,0,0,0,0
1097,21.94,0.5632403146,0.5632403146,-0.02621428307,-0.02621428307,-0.01283694852,1,1.847178417e-07,0.1408379989,0.2163254367,0,0,0,0
1098,21.96,0.5657943215,0.5657943215,-0.02668721822,-0.02668721822,-0.01283010018,1,5.530209574e-07,0.1395870943,0.2214896889,0,0,0,0
1099,21.98,0.568258983,0.568258983,-0.02716225561,-0.02716225561,-0.01282334235,1,1.852105759e-07,0.138318382,0.2203588334,0,0,0,0
1100,22,0.5706339098,0.5706339098,-0.02763932023,-0.02763932023,-0.01281670768,1,1.850336649e-07,0.1370319332,0.2234132355,0,0,0,0
1101,22.02,0.5729187268,0.5729187268,-0.02811833674,-0.02811833674,-0.01281018626,1,1.8455581e-07,0.1357278142,0.2206125821,0,0,0,0
1102,22.04,0.5751130734,0.5751130734,-0.0285992295,-0.0285992295,-0.01280377964,1,1.837632031e-07,0.1344060864,0.2218229651,0,0,0,0
1103,22.06,0.577216603,0.577216603,-0.02908192258,-0.02908192258,-0.01279741244,1,6.683433289e-07,0.1330668067,0.2165779335,0,0,0,0
1104,22.08,0.5792289833,0.5792289833,-0.02956633975,-0.02956633975,-0.01279130934,1,4.011553103e-07,0.1317093942,0.2345837082,0,0,0,0
1105,22.1,0.5811498967,0.5811498967,-0.03005240451,-0.03005240451,-0.0127852479,1,1.793850689e-07,0.1303364331,0.2186556656,0,0,0,0
1106,22.12,0.5829790397,0.5829790397,-0.03054004012,-0.03054004012,-0.01277930317,1,1.771802383e-07,0.1289441654,0.223920174,0,0,0,0
1107,22.14,0.5847161237,0.5847161237,-0.03102916956,-0.03102916956,-0.01277347665,1,1.746187643e-07,0.1275351685,0.2247921979,0,0,0,0
1108,22.16,0.5863608741,0.5863608741,-0.0315197156,-0.0315197156,-0.0127677673,1,2.165910912e-07,0.1261088472,0.2243681756,0,0,0,0
1109,22.18,0.5879130314,0.5879130314,-0.03201160078,-0.03201160078,-0.01276217668,1,4.293883385e-07,0.1246958732,0.2252056942,0,0,0,0
1110,22.2,0.5893723504,0.5893723504,-0.03250474742,-0.03250474742,-0.01275670632,1,2.073351639e-07,0.1231737387,0.2261508371,0,0,0,0
1111,22.22,0.5907386007,0.5907386007,-0.03299907764,-0.03299907764,-0.01275135509,1,2.019568552e-07,0.1217262878,0.2258767763,0,0,0,0
1112,22.24,0.5920115665,0.5920115665,-0.03349451339,-0.03349451339,-0.01274612462,1,1.960279548e-07,0.1202310089,0.2267597243,0,0,0,0
1113,22.26,0.5931910468,0.5931910468,-0.03399097644,-0.03399097644,-0.01274101641,1,1.895633445e-07,0.1187185664,0.2275403167,0,0,0,0
1114,22.28,0.5942768554,0.5942768554,-0.03448838837,-0.03448838837,-0.01273602941,1,1.825558992e-07,0.117188988,0.2271642778,0,0,0,0
1115,22.3,0.5952688208,0.5952688208,-0.03498667066,-0.03498667066,-0.01273116603,1,2.197838335e-07,0.1156423011,0.2282355411,0,0,0,0
1116,22.32,0.5961667863,0.5961667863,-0.03548574461,-0.03548574461,-0.01272642612,1,2.095127512e-07,0.1140785328,0.2281463478,0,0,0,0
1117,22.34,0.5969706102,0.5969706102,-0.03598553141,-0.03598553141,-0.01272181031,1,1.985183912e-07,0.1124977105,0.2283538785,0,0,0,0
1118,22.36,0.5976801655,0.5976801655,-0.03648595214,-0.03648595214,-0.0127173192,1,1.868391097e-07,0.1108998622,0.2285006967,0,0,0,0
1119,22.38,0.5982953402,0.5982953402,-0.03698692778,-0.03698692778,-0.01271295414,1,2.18621205e-07,0.1092850169,0.2289121748,0,0,0,0
1120,22.4,0.5988160371,0.5988160371,-0.03748837922,-0.03748837922,-0.01270871539,1,2.022158766e-07,0.1076532051,0.228816735,0,0,0,0
1121,22.42,0.599242174,0.599242174,-0.03799022727,-0.03799022727,-0.0126982775,1,3.783429903e-07,0.1060044589,0.1912434069,0,0,0,0
1122,22.44,0.5995736836,0.5995736836,-0.03849239269,-0.03849239269,-0.01267404971,1,3.578866846e-07,0.104338813,0.1926832454,0,0,0,0
1123,22.46,0.5998105136,0.5998105136,-0.03899479618,-0.03899479618,-0.01263626912,1,3.394115132e-07,0.1026563046,0.1934064083,0,0,0,0
1124,22.48,0.5999526265,0.5999526265,-0.0394973584,-0.0394973584,-0.01258497619,1,3.226040177e-07,0.1009569739,0.1950263314,0,0,0,0
1125,22.5,0.6,0.6,-0.04,-0.04,-0.01252021303,1,3.07424563e-07,0.1001032649,0.1959242755,0,0,0,0
1126,22.52,0.5999526265,0.5999526265,-0.0405026416,-0.0405026416,-0.01244202336,1,2.938496461e-07,0.1013787262,0.1970050464,0,0,0,0
1127,22.54,0.5998105136,0.5998105136,-0.04100520382,-0.04100520382,-0.01235045253,1,2.818783788e-07,0.1026372981,0.1980450713,0,0,0,0
1128,22.56,0.5995736836,0.5995736836,-0.04150760731,-0.04150760731,-0.01224554739,1,2.715385219e-07,0.1038789725,0.1992463513,0,0,0,0
1129,22.58,0.599242174,0.599242174,-0.04200977273,-0.04200977273,-0.01212735637,1,2.62891322e-07,0.1051037443,0.2002175379,0,0,0,0
1130,22.6,0.5988160371,0.5988160371,-0.04251162078,-0.04251162078,-0.01199592935,1,4.394236549e-07,0.1063116116,0.1808770851,0,0,0,0
1131,22.62,0.5982953402,0.5982953402,-0.04301307222,-0.04301307222,-0.01185138372,1,4.507561712e-07,0.1075588813,0.1382563967,0,0,0,0
1132,22.64,0.5976801655,0.5976801655,-0.04351404786,-0.04351404786,-0.01169365243,1,2.547653326e-13,0.1086767589,0.1380963996,0,0,0,0
1133,22.66,0.5969706102,0.5969706102,-0.04401446859,-0.04401446859,-0.01152284355,1,2.399459274e-13,0.1098339893,0.1446228883,0,0,0,0
1134,22.68,0.5961667863,0.5961667863,-0.04451425539,-0.04451425539,-0.01133901261,1,2.275397099e-13,0.1109743286,0.1413323059,0,0,0,0
1135,22.7,0.5952688208,0.5952688208,-0.04501332934,-0.04501332934,-0.01114221652,1,2.183717692e-13,0.1120977845,0.1413126728,0,0,0,0
1136,22.72,0.5942768554,0.5942768554,-0.04551161163,-0.04551161163,-0.01093251351,1,2.125776561e-13,0.1132043654,0.1412924928,0,0,0,0
1137,22.74,0.5931910468,0.5931910468,-0.04600902356,-0.04600902356,-0.01070996312,1,2.112773472e-13,0.1142940809,0.1412716386,0,0,0,0
1138,22.76,0.5920115665,0.5920115665,-0.04650548661,-0.04650548661,-0.0104746262,1,2.181333247e-13,0.1153669408,0.1412499594,0,0,0,0
1139,22.78,0.5907386007,0.5907386007,-0.04700092236,-0.04700092236,-0.01022656485,1,2.595332862e-13,0.1164229551,0.1412272813,0,0,0,0
1140,22.8,0.5893723504,0.5893723504,-0.04749525258,-0.04749525258,-0.009965842468,1,3.110945595e-13,0.1174621339,0.1412034071,0,0,0,0
1141,22.82,0.5879130314,0.5879130314,-0.04798839922,-0.04798839922,-0.009692523677,1,3.725442703e-13,0.1184844867,0.1411781163,0,0,0,0
1142,22.84,0.5863608741,0.5863608741,-0.0484802844,-0.0484802844,-0.009406674353,1,4.428170967e-13,0.1194900228,0.1411511656,0,0,0,0
1143,22.86,0.5847161237,0.5847161237,-0.04897083044,-0.04897083044,-0.009108361599,1,5.220077671e-13,0.1204787502,0.1411222884,0,0,0,0
1144,22.88,0.5829790397,0.5829790397,-0.04945995988,-0.04945995988,-0.008797653742,1,6.093575691e-13,0.121450676,0.1410911957,0,0,0,0
1145,22.9,0.5811498967,0.5811498967,-0.04994759549,-0.04994759549,-0.008474620324,1,7.058588487e-13,0.1224058058,0.1410575757,0,0,0,0
1146,22.92,0.5792289833,0.5792289833,-0.05043366025,-0.05043366025,-0.008139332101,1,8.105797344e-13,0.1233441437,0.1410210946,0,0,0,0
1147,22.94,0.577216603,0.577216603,-0.05091807742,-0.05091807742,-0.007791861033,1,9.24283133e-13,0.1242656919,0.1409813963,0,0,0,0
1148,22.96,0.5751130734,0.5751130734,-0.0514007705,-0.0514007705,-0.007432280287,1,1.046865456e-12,0.1251704503,0.1409381035,0,0,0,0
1149,22.98,0.5729187268,0.5729187268,-0.05188166326,-0.05188166326,-0.007060664231,1,1.178102201e-12,0.1260584169,0.1408908174,0,0,0,0
1150,23,0.5706339098,0.5706339098,-0.05236067977,-0.05236067977,-0.006677088437,1,1.318810344e-12,0.1269295867,0.1408391186,0,0,0,0
1151,23.02,0.568258983,0.568258983,-0.05283774439,-0.05283774439,-0.006281629679,1,1.468838032e-12,0.1277839522,0.1407825674,0,0,0,0
1152,23.04,0.5657943215,0.5657943215,-0.05331278178,-0.05331278178,-0.005874365933,1,1.627784551e-12,0.128621503,0.1407207044,0,0,0,0
1153,23.06,0.5632403146,0.5632403146,-0.05378571693,-0.05378571693,-0.005455376383,1,1.796046613e-12,0.1294422255,0.1406530509,0,0,0,0
1154,23.08,0.5605973655,0.5605973655,-0.05425647515,-0.05425647515,-0.005024741422,1,1.97368176e-12,0.1302461026,0.1405791098,0,0,0,0
1155,23.1,0.5578658915,0.5578658915,-0.05472498211,-0.05472498211,-0.004582542652,1,2.161016365e-12,0.131033114,0.140498366,0,0,0,0
1156,23.12,0.5550463241,0.5550463241,-0.05519116382,-0.05519116382,-0.004128862893,1,2.35770106e-12,0.1318032356,0.1404102873,0,0,0,0
1157,23.14,0.5521391084,0.5521391084,-0.05565494667,-0.05565494667,-0.003663786185,1,2.563723307e-12,0.1325564393,0.1403143249,0,0,0,0
1158,23.16,0.5491447036,0.5491447036,-0.05611625743,-0.05611625743,-0.003187397789,1,2.779473212e-12,0.1332926933,0.1402099145,0,0,0,0
1159,23.18,0.5460635824,0.5460635824,-0.05657502324,-0.05657502324,-0.0026997842,1,3.004331103e-12,0.1340119617,0.1400964768,0,0,0,0
1160,23.2,0.5428962315,0.5428962315,-0.05703117166,-0.05703117166,-0.002201033143,1,3.238429425e-12,0.134714204,0.1399734185,0,0,0,0
1161,23.22,0.5396431509,0.5396431509,-0.05748463067,-0.05748463067,-0.001691233586,1,3.481689497e-12,0.1353993757,0.1398401334,0,0,0,0
1162,23.24,0.5363048545,0.5363048545,-0.05793532864,-0.05793532864,-0.001170475738,1,3.734136022e-12,0.1360674277,0.1396960029,0,0,0,0
1163,23.26,0.5328818693,0.5328818693,-0.05838319442,-0.05838319442,-0.0006388510602,0,3.995309624e-12,0.1367183062,0.1395403972,0,0,0,0
1164,23.28,0.5293747359,0.5293747359,-0.05882815729,-0.05882815729,-9.645226676e-05,0,4.265302633e-12,0.1373519531,0.1393726766,0,0,0,0
1165,23.3,0.525784008,0.525784008,-0.05927014696,-0.05927014696,0.0004566266692,0,4.543662824e-12,0.1379683051,0.1391921919,0,0,0,0
1166,23.32,0.5221102528,0.5221102528,-0.05970909366,-0.05970909366,0.001020290511,0,4.83014187e-12,0.1385672944,0.1389982858,0,0,0,0
1167,23.34,0.5183540503,0.5183540503,-0.06014492807,-0.06014492807,0.001594442755,0,5.124695177e-12,0.1391488483,0.1387902943,0,0,0,0
1168,23.36,0.5145159937,0.5145159937,-0.06057758135,-0.06057758135,0.002178985627,0,5.427015174e-12,0.139712889,0.138567547,0,0,0,0
1169,23.38,0.5105966891,0.5105966891,-0.0610069852,-0.0610069852,0.002773820079,0,5.736748965e-12,0.140259334,0.1383293691,0,0,0,0
1170,23.4,0.5065967553,0.5065967553,-0.0614330718,-0.0614330718,0.003378845786,0,6.053365466e-12,0.1407880957,0.138075082,0,0,0,0
1171,23.42,0.502516824,0.502516824,-0.06185577387,-0.06185577387,0.003993961147,0,6.376548133e-12,0.1412990813,0.1378040047,0,0,0,0
1172,23.44,0.4983575395,0.4983575395,-0.06227502466,-0.06227502466,0.004619063281,0,6.70626818e-12,0.1417921935,0.1375154548,0,0,0,0
1173,23.46,0.4941195586,0.4941195586,-0.06269075797,-0.06269075797,0.005254048029,0,7.041688424e-12,0.1422673296,0.1372087501,0,0,0,0
1174,23.48,0.4898035504,0.4898035504,-0.06310290814,-0.06310290814,0.00589880995,0,7.382780624e-12,0.142724382,0.1368832092,0,0,0,0
1175,23.5,0.4854101966,0.4854101966,-0.06351141009,-0.06351141009,0.006553242331,0,7.728659169e-12,0.1431632382,0.1365381534,0,0,0,0
1176,23.52,0.4809401909,0.4809401909,-0.06391619932,-0.06391619932,0.007217237178,0,8.079260705e-12,0.143583781,0.1361729075,0,0,0,0
1177,23.54,0.4763942392,0.4763942392,-0.06431721191,-0.06431721191,0.00789068523,0,8.433855824e-12,0.143985888,0.1357868009,0,0,0,0
1178,23.56,0.4717730593,0.4717730593,-0.06471438452,-0.06471438452,0.008532916306,0,8.791970602e-12,0.1443694323,0.1353791694,0,0,0,0
1179,23.58,0.4670773809,0.4670773809,-0.06510765445,-0.06510765445,0.008520785189,0,9.15331404e-12,0.1447342821,0.1349493559,0,0,0,0
1180,23.6,0.4623079457,0.4623079457,-0.06549695959,-0.06549695959,0.008508739897,0,9.516832253e-12,0.1450803012,0.1344967118,0,0,0,0
1181,23.62,0.4574655066,0.4574655066,-0.06588223846,-0.06588223846,0.008496793948,0,9.882615746e-12,0.1454073486,0.1340205985,0,0,0,0
1182,23.64,0.4525508284,0.4525508284,-0.06626343023,-0.06626343023,0.008484960925,0,1.024947828e-11,0.1457152792,0.1335203881,0,0,0,0
1183,23.66,0.4475646873,0.4475646873,-0.0666404747,-0.0666404747,0.008473254462,0,1.061740279e-11,0.1460039433,0.1329954648,0,0,0,0
1184,23.68,0.4425078704,0.4425078704,-0.06701331232,-0.06701331232,0.008461688236,0,1.098571023e-11,0.1462731873,0.1324452263,0,0,0,0
1185,23.7,0.4373811765,0.4373811765,-0.06738188424,-0.06738188424,0.008450275958,0,1.135341763e-11,0.1476079295,0.1318690848,0,0,0,0
1186,23.72,0.4321854149,0.4321854149,-0.06774613223,-0.06774613223,0.008439031359,0,1.172010529e-11,0.1502332589,0.131266468,0,0,0,0
1187,23.74,0.4269214063,0.4269214063,-0.06810599879,-0.06810599879,0.008427968184,0,1.208504142e-11,0.1528459953,0.1306368204,0,0,0,0
1188,23.76,0.4215899819,0.4215899819,-0.06846142709,-0.06846142709,0.008417100176,0,1.244818593e-11,0.1554455874,0.1299796044,0,0,0,0
1189,23.78,0.4161919835,0.4161919835,-0.068812361,-0.068812361,0.008406441069,0,1.280831521e-11,0.1580314734,0.1292943012,0,0,0,0
1190,23.8,0.4107282636,0.4107282636,-0.0691587451,-0.0691587451,0.008396004577,0,1.316445857e-11,0.1606030816,0.1285804122,0,0,0,0
1191,23.82,0.4051996849,0.4051996849,-0.06950052469,-0.06950052469,0.008385804383,0,1.351724918e-11,0.1631598308,0.1278374595,0,0,0,0
1192,23.84,0.3996071205,0.3996071205,-0.06983764582,-0.06983764582,0.008375854126,0,1.386480404e-11,0.1657011306,0.1270649871,0,0,0,0
1193,23.86,0.3939514535,0.3939514535,-0.07017005523,-0.07017005523,0.008089309284,0,1.420735749e-11,0.1682263818,0.1262625621,0,0,0,0
1194,23.88,0.3882335769,0.3882335769,-0.07049770044,-0.07049770044,0.007300408124,0,1.454374695e-11,0.1707349773,0.1254297752,0,0,0,0
1195,23.9,0.3824543938,0.3824543938,-0.07082052971,-0.07082052971,0.006502338298,0,1.487354137e-11,0.1732263021,0.1245662417,0,0,0,0
1196,23.92,0.3766148168,0.3766148168,-0.07113849206,-0.07113849206,0.005695233663,0,1.519609032e-11,0.1756997342,0.1236716024,0,0,0,0
1197,23.94,0.3707157679,0.3707157679,-0.07145153729,-0.07145153729,0.004879230065,0,1.551106513e-11,0.1781546447,0.1227455242,0,0,0,0
1198,23.96,0.3647581786,0.3647581786,-0.07175961595,-0.07175961595,0.00405446533,0,1.581736117e-11,0.1805903987,0.1217877009,0,0,0,0
1199,23.98,0.3587429898,0.3587429898,-0.07206267939,-0.07206267939,0.003221079252,0,5.248646721e-07,0.1830063558,0.120797854,0,0,0,0
1200,24,0.3526711514,0.3526711514,-0.07236067977,-0.07236067977,0.002379213579,0,1.641090896e-11,0.1854018704,0.1197757332,0,0,0,0
1201,24.02,0.3465436221,0.3465436221,-0.07265357003,-0.07265357003,0.001529011995,0,1.668074425e-11,0.1877762928,0.118721117,0,0,0,0
1202,24.04,0.3403613695,0.3403613695,-0.07294130391,-0.07294130391,0.000670620104,0,1.694809834e-11,0.190128969,0.1176338132,0,0,0,0
1203,24.06,0.3341253699,0.3341253699,-0.07322383597,-0.07322383597,-0.0001952212157,0,6.696795838e-07,0.1924694358,0.1170233371,0,0,0,0
1204,24.08,0.327836608,0.327836608,-0.0735011216,-0.0735011216,-0.001069412097,1,1.744876078e-11,0.1947912222,0.1167133466,0,0,0,0
1205,24.1,0.321496077,0.321496077,-0.07377311702,-0.07377311702,-0.001951482552,1,1.768083726e-11,0.1970496085,0.1129193152,0,0,0,0
1206,24.12,0.315104778,0.315104778,-0.07403977927,-0.07403977927,-0.002841142102,1,1.790076408e-11,0.1993087048,0.1129548143,0,0,0,0
1207,24.14,0.3086637203,0.3086637203,-0.07430106625,-0.07430106625,-0.003738235864,1,1.810732398e-11,0.2015427498,0.1117022497,0,0,0,0
1208,24.16,0.302173921,0.302173921,-0.07455693669,-0.07455693669,-0.004642607177,1,1.83005779e-11,0.2037510795,0.1104164841,0,0,0,0
1209,24.18,0.2956364049,0.2956364049,-0.07480735019,-0.07480735019,-0.0055578648,1,1.848006169e-11,0.2059330303,0.1090975413,0,0,0,0
1210,24.2,0.2890522045,0.2890522045,-0.0750522672,-0.0750522672,-0.006480491014,1,1.864536676e-11,0.2080879398,0.107745477,0,0,0,0
1211,24.22,0.2824223593,0.2824223593,-0.07529164906,-0.07529164906,-0.007409830235,1,1.879632843e-11,0.2102151474,0.1063603786,0,0,0,0
1212,24.24,0.2757479164,0.2757479164,-0.07552545795,-0.07552545795,-0.008345716049,1,1.893232254e-11,0.2123139947,0.1049423654,0,0,0,0
1213,24.26,0.2690299297,0.2690299297,-0.07575365697,-0.07575365697,-0.009287980454,1,1.905301141e-11,0.2143838265,0.1034915885,0,0,0,0
1214,24.28,0.26226946,0.26226946,-0.07597621006,-0.07597621006,-0.01023645389,1,1.915859374e-11,0.2164239911,0.1020082309,0,0,0,0
1215,24.3,0.2554675749,0.2554675749,-0.0761930821,-0.0761930821,-0.01119096531,1,1.924844015e-11,0.2184338412,0.1004925068,0,0,0,0
1216,24.32,0.2486253486,0.2486253486,-0.07640423883,-0.07640423883,-0.01215134217,1,1.971149288e-07,0.3200582441,7.868735688,0,0,0,0
1217,24.34,0.2417438614,0.2417438614,-0.0766096469,-0.0766096469,-0.01311741053,1,2.10189065e-07,0.3269120219,0.3590270739,0,0,0,0
1218,24.36,0.2348242001,0.2348242001,-0.07680927389,-0.07680927389,-0.01408899508,1,2.162545327e-07,0.32846078,0.09575375046,0,0,0,0
1219,24.38,0.2278674573,0.2278674573,-0.07700308827,-0.07700308827,-0.01506591919,1,1.765518415e-07,0.3299565701,0.09521652088,0,0,0,0
1220,24.4,0.2208747316,0.2208747316,-0.07719105944,-0.07719105944,-0.01526089697,1,2.17776556e-07,0.3313773238,8.173107888,0,0,0,0
1221,24.42,0.2138471272,0.2138471272,-0.0773731577,-0.0773731577,-0.01523986602,1,5.016658086e-07,0.3477440483,2.232478572,0,0,0,0
1222,24.44,0.2067857539,0.2067857539,-0.07754935431,-0.07754935431,-0.01521810608,1,2.183237085e-07,0.3190503506,1.589217544,0,0,0,0
1223,24.46,0.1996917267,0.1996917267,-0.07771962144,-0.07771962144,-0.01519563156,1,2.090941093e-07,0.3353047782,0.8991434762,0,0,0,0
1224,24.48,0.1925661659,0.1925661659,-0.0778839322,-0.0778839322,-0.01517245744,1,2.034761104e-07,0.3364865858,0.1000291799,0,0,0,0
1225,24.5,0.1854101966,0.1854101966,-0.07804226065,-0.07804226065,-0.015148601,1,2.432409426e-07,0.3376116119,0.09734027099,0,0,0,0
1226,24.52,0.1782249489,0.1782249489,-0.07819458179,-0.07819458179,-0.01512407577,1,2.368672885e-07,0.3386752545,0.09558675165,0,0,0,0
1227,24.54,0.1710115575,0.1710115575,-0.07834087156,-0.07834087156,-0.01509890058,1,2.306516891e-07,0.3396773079,0.09310914211,0,0,0,0
1228,24.56,0.1637711613,0.1637711613,-0.07848110686,-0.07848110686,-0.01507309344,1,2.253883456e-07,0.3406175841,0.09256810471,0,0,0,0
1229,24.58,0.1565049038,0.1565049038,-0.07861526555,-0.07861526555,-0.01504667306,1,2.187132718e-07,0.3415035547,0.09188445179,0,0,0,0
1230,24.6,0.1492139323,0.1492139323,-0.07874332645,-0.07874332645,-0.01492560625,1,4.876850432e-07,0.3423122931,0.9612918,0,0,0,0
1231,24.62,0.1418993982,0.1418993982,-0.07886526932,-0.07886526932,-0.0149920716,1,2.329753561e-07,0.3430662719,1.924906499,0,0,0,0
1232,24.64,0.1345624566,0.1345624566,-0.07898107491,-0.07898107491,-0.01487085832,1,4.950362979e-07,0.3437578846,1.822197914,0,0,0,0
1233,24.66,0.127204266,0.127204266,-0.07909072494,-0.07909072494,-0.01493525625,1,2.216664251e-07,0.3443870221,1.893402278,0,0,0,0
1234,24.68,0.1198259883,0.1198259883,-0.0791942021,-0.0791942021,-0.0149060726,1,2.368520387e-07,0.3449535919,0.9455847644,0,0,0,0
1235,24.7,0.1124287888,0.1124287888,-0.07929149003,-0.07929149003,-0.0148763995,1,2.308728353e-07,0.3454575165,0.08710961338,0,0,0,0
1236,24.72,0.1050138354,0.1050138354,-0.07938257338,-0.07938257338,-0.01484626029,1,2.250594687e-07,0.3458987332,0.08609126015,0,0,0,0
1237,24.74,0.09758229912,0.09758229912,-0.07946743777,-0.07946743777,-0.01481567789,1,2.251780525e-07,0.3462771937,0.08501371282,0,0,0,0
1238,24.76,0.09013535347,0.09013535347,-0.07954606979,-0.07954606979,-0.01478467552,1,2.305721428e-07,0.3465928641,0.08387724739,0,0,0,0
1239,24.78,0.08267417441,0.08267417441,-0.07961845703,-0.07961845703,-0.01466478521,1,5.528524349e-07,0.3656760279,1.148575133,0,0,0,0
1240,24.8,0.07519994014,0.07519994014,-0.07968458805,-0.07968458805,-0.01472150674,1,2.316979845e-07,0.3282097943,2.103232395,0,0,0,0
1241,24.82,0.06771383092,0.06771383092,-0.07974445242,-0.07974445242,-0.01468938576,1,1.984076401e-07,0.3471663526,1.146749065,0,0,0,0
1242,24.84,0.06021702891,0.06021702891,-0.07979804068,-0.07979804068,-0.01465694187,1,2.030067394e-07,0.3472275789,0.07877138732,0,0,0,0
1243,24.86,0.05271071793,0.05271071793,-0.07984534437,-0.07984534437,-0.01462420039,1,2.34615139e-07,0.3472292644,0.07732437139,0,0,0,0
1244,24.88,0.04519608332,0.04519608332,-0.07988635601,-0.07988635601,-0.01459118165,1,2.290430063e-07,0.3471682378,0.07584293308,0,0,0,0
1245,24.9,0.03767431172,0.03767431172,-0.07992106914,-0.07992106914,-0.01447416668,1,6.407762538e-07,0.3470445558,0.8213713744,0,0,0,0
1246,24.92,0.03014659091,0.03014659091,-0.07994947826,-0.07994947826,-0.01452441667,1,2.220985526e-07,0.3468582874,1.624278245,0,0,0,0
1247,24.94,0.0226141096,0.0226141096,-0.07997157891,-0.07997157891,-0.01449072146,1,2.270029612e-07,0.3466095132,0.8181774139,0,0,0,0
1248,24.96,0.01507805727,0.01507805727,-0.07998736757,-0.07998736757,-0.01445684911,1,2.319580318e-07,0.3462983253,0.07335197413,0,0,0,0
1249,24.98,0.00753962393,0.00753962393,-0.07999684177,-0.07999684177,-0.01442282504,1,2.369626676e-07,0.3459248265,0.07482567359,0,0,0,0
1250,25,3.673940397e-16,3.673940397e-16,-0.08,-0.08,-0.01438867379,1,1.987311869e-07,0.345496292,0.07609502406,0,0,0,0
1251,25.02,-0.00753962393,-0.00753962393,-0.07999684177,-0.07999684177,-0.01435441975,1,1.992755254e-07,0.3449914743,0.07731234209,0,0,0,0
1252,25.04,-0.01507805727,-0.01507805727,-0.07998736757,-0.07998736757,-0.01432008715,1,2.035190422e-07,0.344431768,0.07847752202,0,0,0,0
1253,25.06,-0.0226141096,-0.0226141096,-0.07997157891,-0.07997157891,-0.01421046743,1,6.44830442e-07,0.3642418882,1.278355858,0,0,0,0
1254,25.08,-0.03014659091,-0.03014659091,-0.07994947826,-0.07994947826,-0.01425128368,1,2.303187932e-07,0.3246568975,2.41044041,0,0,0,0
1255,25.1,-0.03767431172,-0.03767431172,-0.07992106914,-0.07992106914,-0.01421685932,1,2.215399008e-07,0.3423852675,1.275878902,0,0,0,0
1256,25.12,-0.04519608332,-0.04519608332,-0.07988635601,-0.07988635601,-0.01418245011,1,6.76859111e-07,0.3622718176,1.302691567,0,0,0,0
1257,25.14,-0.05271071793,-0.05271071793,-0.07984534437,-0.07984534437,-0.01414807975,1,2.436532219e-07,0.3374712938,2.47233025,0,0,0,0
1258,25.16,-0.06021702891,-0.06021702891,-0.07979804068,-0.07979804068,-0.01411377076,1,2.297611752e-07,0.3397844214,1.300180616,0,0,0,0
1259,25.18,-0.06771383092,-0.06771383092,-0.07974445242,-0.07974445242,-0.01407954527,1,2.342467723e-07,0.3387930559,0.08830329106,0,0,0,0
1260,25.2,-0.07519994014,-0.07519994014,-0.07968458805,-0.07968458805,-0.01397870814,1,4.534563973e-07,0.3485390104,0.6308310875,0,0,0,0
1261,25.22,-0.08267417441,-0.08267417441,-0.07961845703,-0.07961845703,-0.01401143049,1,2.433067605e-07,0.3366345069,1.251406794,0,0,0,0
1262,25.24,-0.09013535347,-0.09013535347,-0.07954606979,-0.07954606979,-0.01397758459,1,2.478737663e-07,0.3383966354,0.6263538712,0,0,0,0
1263,25.26,-0.09758229912,-0.09758229912,-0.07946743777,-0.07946743777,-0.0139439056,1,2.047083994e-07,0.3384190697,0.0954852086,0,0,0,0
1264,25.28,-0.1050138354,-0.1050138354,-0.07938257338,-0.07938257338,-0.01391041395,1,2.085303375e-07,0.3383839861,0.09712051141,0,0,0,0
1265,25.3,-0.1124287888,-0.1124287888,-0.07929149003,-0.07929149003,-0.01387713153,1,2.237045361e-07,0.3382855801,0.0986661951,0,0,0,0
1266,25.32,-0.1198259883,-0.1198259883,-0.0791942021,-0.0791942021,-0.01384407171,1,2.190339766e-07,0.3381459426,0.1002442305,0,0,0,0
1267,25.34,-0.127204266,-0.127204266,-0.07909072494,-0.07909072494,-0.01381125528,1,2.201057883e-07,0.3379423244,0.1016656592,0,0,0,0
1268,25.36,-0.1345624566,-0.1345624566,-0.07898107491,-0.07898107491,-0.01377869973,1,2.239855431e-07,0.3376819953,0.1030533825,0,0,0,0
1269,25.38,-0.1418993982,-0.1418993982,-0.07886526932,-0.07886526932,-0.01374642195,1,2.2787141e-07,0.3373647023,0.1043768127,0,0,0,0
1270,25.4,-0.1492139323,-0.1492139323,-0.07874332645,-0.07874332645,-0.0137144382,1,2.317604342e-07,0.336990199,0.1056356267,0,0,0,0
1271,25.42,-0.1565049038,-0.1565049038,-0.07861526555,-0.07861526555,-0.01368276411,1,2.356494916e-07,0.3365582482,0.1068295592,0,0,0,0
1272,25.44,-0.1637711613,-0.1637711613,-0.07848110686,-0.07848110686,-0.01365141462,1,2.395352881e-07,0.3360686229,0.1079583983,0,0,0,0
1273,25.46,-0.1710115575,-0.1710115575,-0.07834087156,-0.07834087156,-0.01362040403,1,2.434143538e-07,0.3355211067,0.1090219866,0,0,0,0
1274,25.48,-0.1782249489,-0.1782249489,-0.07819458179,-0.07819458179,-0.01358974594,1,2.472830418e-07,0.3349154955,0.1100202218,0,0,0,0
1275,25.5,-0.1854101966,-0.1854101966,-0.07804226065,-0.07804226065,-0.01355945327,1,2.511375245e-07,0.3342515977,0.1109530583,0,0,0,0
1276,25.52,-0.1925661659,-0.1925661659,-0.0778839322,-0.0778839322,-0.01352953823,1,2.549737922e-07,0.3335292354,0.1118205073,0,0,0,0
1277,25.54,-0.1996917267,-0.1996917267,-0.07771962144,-0.07771962144,-0.01350001516,1,2.191432733e-07,0.3327405609,0.112555327,0,0,0,0
1278,25.56,-0.2067857539,-0.2067857539,-0.07754935431,-0.07754935431,-0.01347088919,1,2.145846862e-07,0.3319086058,0.1134253187,0,0,0,0
1279,25.58,-0.2138471272,-0.2138471272,-0.0773731577,-0.0773731577,-0.0134010546,1,4.610484383e-07,0.337439393,0.3499717941,0,0,0,0
1280,25.6,-0.2208747316,-0.2208747316,-0.07719105944,-0.07719105944,-0.01341387625,1,2.205864502e-07,0.3236241555,0.7596219445,0,0,0,0
1281,25.62,-0.2278674573,-0.2278674573,-0.07700308827,-0.07700308827,-0.01338600833,1,2.236847176e-07,0.3290340347,0.3441437611,0,0,0,0
1282,25.64,-0.2348242001,-0.2348242001,-0.07680927389,-0.07680927389,-0.01335857592,1,5.225083708e-07,0.3279593989,1.32290242,0,0,0,0
1283,25.66,-0.2417438614,-0.2417438614,-0.0766096469,-0.0766096469,-0.01333158673,1,2.425019601e-07,0.3268241226,2.654679949,0,0,0,0
1284,25.68,-0.2486253486,-0.2486253486,-0.07640423883,-0.07640423883,-0.01330504728,1,5.267400067e-07,0.3256295463,2.629830352,0,0,0,0
1285,25.7,-0.2554675749,-0.2554675749,-0.0761930821,-0.0761930821,-0.01327916621,1,2.486024666e-07,0.3243756502,2.630315651,0,0,0,0
1286,25.72,-0.26226946,-0.26226946,-0.07597621006,-0.07597621006,-0.01325445194,1,2.385524609e-07,0.3230624347,1.300545483,0,0,0,0
1287,25.74,-0.2690299297,-0.2690299297,-0.07575365697,-0.07575365697,-0.01323019162,1,2.413650142e-07,0.3216899216,0.128316166,0,0,0,0
1288,25.76,-0.2757479164,-0.2757479164,-0.07552545795,-0.07552545795,-0.01320638953,1,2.441156204e-07,0.3202581542,0.1307405963,0,0,0,0
1289,25.78,-0.2824223593,-0.2824223593,-0.07529164906,-0.07529164906,-0.01318305222,1,2.467966584e-07,0.3187593224,0.1332230503,0,0,0,0
1290,25.8,-0.2890522045,-0.2890522045,-0.0750522672,-0.0750522672,-0.01316017658,1,2.494027796e-07,0.3172172857,0.1356771745,0,0,0,0
1291,25.82,-0.2956364049,-0.2956364049,-0.07480735019,-0.07480735019,-0.01313776784,1,2.519285335e-07,0.3156082382,0.1381021876,0,0,0,0
1292,25.84,-0.302173921,-0.302173921,-0.07455693669,-0.07455693669,-0.01311582755,1,2.543683749e-07,0.3139403317,0.1404973146,0,0,0,0
1293,25.86,-0.3086637203,-0.3086637203,-0.07430106625,-0.07430106625,-0.0130943566,1,2.567166784e-07,0.3122137239,0.1428617727,0,0,0,0
1294,25.88,-0.315104778,-0.315104778,-0.07403977927,-0.07403977927,-0.01307335521,1,5.634712939e-07,0.3104285944,1.153683849,0,0,0,0
1295,25.9,-0.321496077,-0.321496077,-0.07377311702,-0.07377311702,-0.01305282297,1,2.26963902e-07,0.3085851456,2.390666952,0,0,0,0
1296,25.92,-0.327836608,-0.327836608,-0.0735011216,-0.0735011216,-0.01303275887,1,2.63147688e-07,0.3066836035,1.148935789,0,0,0,0
1297,25.94,-0.3341253699,-0.3341253699,-0.07322383597,-0.07322383597,-0.01301316125,1,2.650798345e-07,0.304724217,0.1517801324,0,0,0,0
1298,25.96,-0.3403613695,-0.3403613695,-0.07294130391,-0.07294130391,-0.01299402789,1,5.911712185e-07,0.3027072581,1.062282354,0,0,0,0
1299,25.98,-0.3465436221,-0.3465436221,-0.07265357003,-0.07265357003,-0.01297535596,1,2.348253803e-07,0.3006330218,2.232518577,0,0,0,0
1300,26,-0.3526711514,-0.3526711514,-0.07236067977,-0.07236067977,-0.01295714209,1,2.223569374e-07,0.2985018258,1.058049639,0,0,0,0
1301,26.02,-0.3587429898,-0.3587429898,-0.07206267939,-0.07206267939,-0.01293938531,1,6.20858472e-07,0.2963061398,0.9797661347,0,0,0,0
1302,26.04,-0.3647581786,-0.3647581786,-0.07175961595,-0.07175961595,-0.01292207513,1,2.399812118e-07,0.2940701054,2.086328099,0,0,0,0
1303,26.06,-0.3707157679,-0.3707157679,-0.07145153729,-0.07145153729,-0.01290520962,1,2.25705831e-07,0.291770159,0.9761941181,0,0,0,0
1304,26.08,-0.3766148168,-0.3766148168,-0.07113849206,-0.07113849206,-0.01287474354,1,6.703512398e-07,0.2916106384,0.8986561737,0,0,0,0
1305,26.1,-0.3824543938,-0.3824543938,-0.07082052971,-0.07082052971,-0.01287279,1,2.439823145e-07,0.2848089267,1.941902514,0,0,0,0
1306,26.12,-0.3882335769,-0.3882335769,-0.07049770044,-0.07049770044,-0.01285722392,1,2.279023274e-07,0.2845386935,0.895224406,0,0,0,0
1307,26.14,-0.3939514535,-0.3939514535,-0.07017005523,-0.07017005523,-0.01284207758,1,2.283534919e-07,0.2820200488,0.1723972191,0,0,0,0
1308,26.16,-0.3996071205,-0.3996071205,-0.06983764582,-0.06983764582,-0.01282734391,1,2.286622706e-07,0.2794472238,0.1741040608,0,0,0,0
1309,26.18,-0.4051996849,-0.4051996849,-0.06950052469,-0.06950052469,-0.01281301523,1,2.288211352e-07,0.2768212606,0.1758691015,0,0,0,0
1310,26.2,-0.4107282636,-0.4107282636,-0.0691587451,-0.0691587451,-0.01279908346,1,2.288262211e-07,0.274142682,0.1775900993,0,0,0,0
1311,26.22,-0.4161919835,-0.4161919835,-0.068812361,-0.068812361,-0.01278554319,1,2.286738748e-07,0.2714040507,0.1792663224,0,0,0,0
1312,26.24,-0.4215899819,-0.4215899819,-0.06846142709,-0.06846142709,-0.01277237956,1,2.283606713e-07,0.2686300502,0.1808970784,0,0,0,0
1313,26.26,-0.4269214063,-0.4269214063,-0.06810599879,-0.06810599879,-0.01275958658,1,2.278834335e-07,0.2657969323,0.1824816952,0,0,0,0
1314,26.28,-0.4321854149,-0.4321854149,-0.06774613223,-0.06774613223,-0.01274715485,1,2.272392503e-07,0.2629134552,0.1840195224,0,0,0,0
1315,26.3,-0.4373811765,-0.4373811765,-0.06738188424,-0.06738188424,-0.01273507472,1,2.264254945e-07,0.2599802234,0.1855099331,0,0,0,0
1316,26.32,-0.4425078704,-0.4425078704,-0.06701331232,-0.06701331232,-0.01272333626,1,2.725286201e-07,0.2569978534,0.1872265589,0,0,0,0
1317,26.34,-0.4475646873,-0.4475646873,-0.0666404747,-0.0666404747,-0.01271192933,1,2.710744741e-07,0.2539669746,0.1880690826,0,0,0,0
1318,26.36,-0.4525508284,-0.4525508284,-0.06626343023,-0.06626343023,-0.01270084354,1,2.693974381e-07,0.2508882285,0.1896905294,0,0,0,0
1319,26.38,-0.4574655066,-0.4574655066,-0.06588223846,-0.06588223846,-0.01269006835,1,2.675095707e-07,0.247762268,0.1909856064,0,0,0,0
1320,26.4,-0.4623079457,-0.4623079457,-0.06549695959,-0.06549695959,-0.01267959603,1,2.654098558e-07,0.2445816726,0.1922304583,0,0,0,0
1321,26.42,-0.4670773809,-0.4670773809,-0.06510765445,-0.06510765445,-0.01266940957,1,2.630977175e-07,0.2413715884,0.1934247087,0,0,0,0
1322,26.44,-0.4717730593,-0.4717730593,-0.06471438452,-0.06471438452,-0.01265950106,1,2.605730381e-07,0.2381080026,0.1945679365,0,0,0,0
1323,26.46,-0.4763942392,-0.4763942392,-0.06431721191,-0.06431721191,-0.01264985937,1,2.578361695e-07,0.2347999092,0.1956597551,0,0,0,0
1324,26.48,-0.4809401909,-0.4809401909,-0.06391619932,-0.06391619932,-0.01264044813,1,6.046900267e-07,0.231465537,0.1966998145,0,0,0,0
1325,26.5,-0.4854101966,-0.4854101966,-0.06351141009,-0.06351141009,-0.0126313315,1,2.51729685e-07,0.2280354872,0.1976878016,0,0,0,0
1326,26.52,-0.4898035504,-0.4898035504,-0.06310290814,-0.06310290814,-0.0126224227,1,2.483632124e-07,0.2246155889,0.198623442,0,0,0,0
1327,26.54,-0.4941195586,-0.4941195586,-0.06269075797,-0.06269075797,-0.0126137355,1,2.447908487e-07,0.2211365245,0.1995065005,0,0,0,0
1328,26.56,-0.4983575395,-0.4983575395,-0.06227502466,-0.06227502466,-0.01260525852,1,2.410154228e-07,0.2176164859,0.2003367825,0,0,0,0
1329,26.58,-0.502516824,-0.502516824,-0.06185577387,-0.06185577387,-0.01259698332,1,2.370402723e-07,0.2140482253,0.2011141345,0,0,0,0
1330,26.6,-0.5065967553,-0.5065967553,-0.0614330718,-0.0614330718,-0.01258889258,1,2.328692419e-07,0.2104566687,0.2018384453,0,0,0,0
1331,26.62,-0.5105966891,-0.5105966891,-0.0610069852,-0.0610069852,-0.01258097803,1,2.285066826e-07,0.2068180956,0.2025096462,0,0,0,0
1332,26.64,-0.5145159937,-0.5145159937,-0.06057758135,-0.06057758135,-0.01257322843,1,2.699581755e-07,0.2031414656,0.2033795981,0,0,0,0
1333,26.66,-0.5183540503,-0.5183540503,-0.06014492807,-0.06014492807,-0.01256563262,1,2.64247053e-07,0.1994275113,0.2034345159,0,0,0,0
1334,26.68,-0.5221102528,-0.5221102528,-0.05970909366,-0.05970909366,-0.01255817953,1,2.583098511e-07,0.1956769634,0.2042043355,0,0,0,0
1335,26.7,-0.525784008,-0.525784008,-0.05927014696,-0.05927014696,-0.01255085822,1,2.521723702e-07,0.1918905523,0.2046633972,0,0,0,0
1336,26.72,-0.5293747359,-0.5293747359,-0.05882815729,-0.05882815729,-0.01254365785,1,2.458426684e-07,0.1880690079,0.2050695684,0,0,0,0
1337,26.74,-0.5328818693,-0.5328818693,-0.05838319442,-0.05838319442,-0.01253657065,1,2.393293201e-07,0.1842051396,0.2054231477,0,0,0,0
1338,26.76,-0.5363048545,-0.5363048545,-0.05793532864,-0.05793532864,-0.01252958023,1,2.326414013e-07,0.1803237053,0.2057243794,0,0,0,0
1339,26.78,-0.5396431509,-0.5396431509,-0.05748463067,-0.05748463067,-0.01252267924,1,2.720295146e-07,0.1764011232,0.2062205941,0,0,0,0
1340,26.8,-0.5428962315,-0.5428962315,-0.05703117166,-0.05703117166,-0.01251585753,1,2.636007964e-07,0.1724463081,0.2059155668,0,0,0,0
1341,26.82,-0.5460635824,-0.5460635824,-0.05657502324,-0.05657502324,-0.01250910518,1,2.549782923e-07,0.1684599828,0.2063169116,0,0,0,0
1342,26.84,-0.5491447036,-0.5491447036,-0.05611625743,-0.05611625743,-0.01250239366,1,4.959474168e-07,0.1644563749,0.2064122319,0,0,0,0
1343,26.86,-0.5521391084,-0.5521391084,-0.05565494667,-0.05565494667,-0.01249576985,1,2.372721756e-07,0.1603821685,0.2064569802,0,0,0,0
1344,26.88,-0.5550463241,-0.5550463241,-0.05519116382,-0.05519116382,-0.01248917099,1,2.2821548e-07,0.1563111656,0.2064517911,0,0,0,0
1345,26.9,-0.5578658915,-0.5578658915,-0.05472498211,-0.05472498211,-0.01248260108,1,2.638972831e-07,0.1522141737,0.2066322266,0,0,0,0
1346,26.92,-0.5605973655,-0.5605973655,-0.05425647515,-0.05425647515,-0.01247605436,1,4.494929033e-07,0.1482206559,0.2066596828,0,0,0,0
1347,26.94,-0.5632403146,-0.5632403146,-0.05378571693,-0.05378571693,-0.01246952239,1,6.231005145e-07,0.1444073897,0.208022869,0,0,0,0
1348,26.96,-0.5657943215,-0.5657943215,-0.05331278178,-0.05331278178,-0.01246299702,1,2.297559782e-07,0.1405547374,0.2120360172,0,0,0,0
1349,26.98,-0.568258983,-0.568258983,-0.05283774439,-0.05283774439,-0.0124564704,1,2.635351878e-07,0.1366633688,0.2106447899,0,0,0,0
1350,27,-0.5706339098,-0.5706339098,-0.05236067977,-0.05236067977,-0.01244993784,1,2.497525675e-07,0.1327255657,0.2123043648,0,0,0,0
1351,27.02,-0.5729187268,-0.5729187268,-0.05188166326,-0.05188166326,-0.0124433863,1,2.358973228e-07,0.128767543,0.21271116,0,0,0,0
1352,27.04,-0.5751130734,-0.5751130734,-0.0514007705,-0.0514007705,-0.01243681186,1,2.67622858e-07,0.1256347488,0.2143202338,0,0,0,0
1353,27.06,-0.577216603,-0.577216603,-0.05091807742,-0.05091807742,-0.01243020798,1,2.509700194e-07,0.1247555706,0.215477516,0,0,0,0
1354,27.08,-0.5792289833,-0.5792289833,-0.05043366025,-0.05043366025,-0.01242356843,1,2.343050996e-07,0.1238641007,0.2166008622,0,0,0,0
1355,27.1,-0.5811498967,-0.5811498967,-0.04994759549,-0.04994759549,-0.01241688737,1,2.625047094e-07,0.1229601363,0.2176906004,0,0,0,0
1356,27.12,-0.5829790397,-0.5829790397,-0.04945995988,-0.04945995988,-0.01241016203,1,2.426471072e-07,0.1220434683,0.2191370859,0,0,0,0
1357,27.14,-0.5847161237,-0.5847161237,-0.04897083044,-0.04897083044,-0.01240338164,1,2.688233184e-07,0.1211138814,0.219359189,0,0,0,0
1358,27.16,-0.5863608741,-0.5863608741,-0.0484802844,-0.0484802844,-0.01239654433,1,2.452326884e-07,0.1201711545,0.2207594311,0,0,0,0
1359,27.18,-0.5879130314,-0.5879130314,-0.04798839922,-0.04798839922,-0.0123910866,1,2.676290017e-07,0.1192150614,0.2217159627,0,0,0,0
1360,27.2,-0.5893723504,-0.5893723504,-0.04749525258,-0.04749525258,-0.01238783295,1,2.397410605e-07,0.1182453707,0.2226390551,0,0,0,0
1361,27.22,-0.5907386007,-0.5907386007,-0.04700092236,-0.04700092236,-0.0123844973,1,2.560432737e-07,0.1172618465,0.2239108694,0,0,0,0
1362,27.24,-0.5920115665,-0.5920115665,-0.04650548661,-0.04650548661,-0.01238106944,1,2.23226035e-07,0.1162642491,0.2239797265,0,0,0,0
1363,27.26,-0.5931910468,-0.5931910468,-0.04600902356,-0.04600902356,-0.01237754901,1,2.304185389e-07,0.1152523347,0.2252092051,0,0,0,0
1364,27.28,-0.5942768554,-0.5942768554,-0.04551161163,-0.04551161163,-0.01237393285,1,2.319023966e-07,0.1142258563,0.225999555,0,0,0,0
1365,27.3,-0.5952688208,-0.5952688208,-0.04501332934,-0.04501332934,-0.01237022116,1,2.250517662e-07,0.1131845644,0.2271335344,0,0,0,0
1366,27.32,-0.5961667863,-0.5961667863,-0.04451425539,-0.04451425539,-0.0123664054,1,2.49621638e-07,0.1121282067,0.227072793,0,0,0,0
1367,27.34,-0.5969706102,-0.5969706102,-0.04401446859,-0.04401446859,-0.01236248683,1,2.516164375e-07,0.1110565293,0.2281686778,0,0,0,0
1368,27.36,-0.5976801655,-0.5976801655,-0.04351404786,-0.04351404786,-0.01235846694,1,3.07235679e-07,0.1099692766,0.6441550445,0,0,0,0
1369,27.38,-0.5982953402,-0.5982953402,-0.04301307222,-0.04301307222,-0.01235435924,1,6.646323894e-07,0.1088139467,0.907408341,0,0,0,0
1370,27.4,-0.5988160371,-0.5988160371,-0.04251162078,-0.04251162078,-0.01235010354,1,1.374894579e-07,0.1077992643,0.2322931599,0,0,0,0
1371,27.42,-0.599242174,-0.599242174,-0.04200977273,-0.04200977273,-0.01234576522,1,1.595880022e-07,0.1066115,0.229813101,0,0,0,0
1372,27.44,-0.5995736836,-0.5995736836,-0.04150760731,-0.04150760731,-0.01234131748,1,1.390302853e-07,0.1054593788,0.2306963476,0,0,0,0
1373,27.46,-0.5998105136,-0.5998105136,-0.04100520382,-0.04100520382,-0.01233676691,1,1.563512503e-07,0.1042903998,0.2319370719,0,0,0,0
1374,27.48,-0.5999526265,-0.5999526265,-0.0405026416,-0.0405026416,-0.01233211158,1,1.716419396e-07,0.1031043089,0.2320059398,0,0,0,0
1375,27.5,-0.6,-0.6,-0.04,-0.04,-0.01232734946,1,1.381565744e-07,0.1019008539,0.2319711433,0,0,0,0
1376,27.52,-0.5999526265,-0.5999526265,-0.0394973584,-0.0394973584,-0.01232248858,1,3.897727833e-07,0.1009473927,0.2335612779,0,0,0,0
1377,27.54,-0.5998105136,-0.5998105136,-0.03899479618,-0.03899479618,-0.01231753082,1,3.850130098e-07,0.1018251631,0.234367481,0,0,0,0
1378,27.56,-0.5995736836,-0.5995736836,-0.03849239269,-0.03849239269,-0.01231247455,1,3.814148883e-07,0.1027775094,0.2345861079,0,0,0,0
1379,27.58,-0.599242174,-0.599242174,-0.03799022727,-0.03799022727,-0.01230732509,1,3.785557141e-07,0.1037138384,0.2356463556,0,0,0,0
1380,27.6,-0.5988160371,-0.5988160371,-0.03748837922,-0.03748837922,-0.0122928026,1,3.764547872e-07,0.1046344025,0.1663834805,0,0,0,0
1381,27.62,-0.5982953402,-0.5982953402,-0.03698692778,-0.03698692778,-0.01226414799,1,3.751362093e-07,0.105539379,0.1362416131,0,0,0,0
1382,27.64,-0.5976801655,-0.5976801655,-0.03648595214,-0.03648595214,-0.01222151103,1,3.926086535e-07,0.1064289462,0.1363088369,0,0,0,0
1383,27.66,-0.5969706102,-0.5969706102,-0.03598553141,-0.03598553141,-0.01216484973,1,4.221491473e-07,0.107303283,0.1364856608,0,0,0,0
1384,27.68,-0.5961667863,-0.5961667863,-0.03548574461,-0.03548574461,-0.01209412403,1,4.546318707e-07,0.1081625683,0.1366345998,0,0,0,0
1385,27.7,-0.5952688208,-0.5952688208,-0.03498667066,-0.03498667066,-0.01200929592,1,4.900760919e-07,0.1090069804,0.1367561509,0,0,0,0
1386,27.72,-0.5942768554,-0.5942768554,-0.03448838837,-0.03448838837,-0.01191019398,1,3.81405302e-07,0.1098366974,0.1372171187,0,0,0,0
1387,27.74,-0.5931910468,-0.5931910468,-0.03399097644,-0.03399097644,-0.01179704408,1,3.055806116e-13,0.1105677156,0.1366341346,0,0,0,0
1388,27.76,-0.5920115665,-0.5920115665,-0.03349451339,-0.03349451339,-0.01166969132,1,3.274514662e-13,0.1114539602,0.1369521766,0,0,0,0
1389,27.78,-0.5907386007,-0.5907386007,-0.03299907764,-0.03299907764,-0.01152810676,1,3.64826703e-13,0.1122407456,0.1369603277,0,0,0,0
1390,27.8,-0.5893723504,-0.5893723504,-0.03250474742,-0.03250474742,-0.01137226397,1,4.030294443e-13,0.113013531,0.1369392875,0,0,0,0
1391,27.82,-0.5879130314,-0.5879130314,-0.03201160078,-0.03201160078,-0.01120213903,1,4.412895848e-13,0.1137724851,0.1368887253,0,0,0,0
1392,27.84,-0.5863608741,-0.5863608741,-0.0315197156,-0.0315197156,-0.01101771076,1,4.798321812e-13,0.1145177737,0.1368083224,0,0,0,0
1393,27.86,-0.5847161237,-0.5847161237,-0.03102916956,-0.03102916956,-0.0108189607,1,5.184907842e-13,0.1152495595,0.1366977728,0,0,0,0
1394,27.88,-0.5829790397,-0.5829790397,-0.03054004012,-0.03054004012,-0.01060587327,1,5.575438695e-13,0.1159680016,0.1365567844,0,0,0,0
1395,27.9,-0.5811498967,-0.5811498967,-0.03005240451,-0.03005240451,-0.01037843586,1,5.968956572e-13,0.1166732551,0.1363850798,0,0,0,0
1396,27.92,-0.5792289833,-0.5792289833,-0.02956633975,-0.02956633975,-0.01013663891,1,6.361365256e-13,0.1173654711,0.1361823972,0,0,0,0
1397,27.94,-0.577216603,-0.577216603,-0.02908192258,-0.02908192258,-0.009880476034,1,6.75961475e-13,0.1180447962,0.1359484914,0,0,0,0
1398,27.96,-0.5751130734,-0.5751130734,-0.0285992295,-0.0285992295,-0.009609944118,1,7.161457316e-13,0.1187113721,0.1356831345,0,0,0,0
1399,27.98,-0.5729187268,-0.5729187268,-0.02811833674,-0.02811833674,-0.009325043403,1,7.563815522e-13,0.1193653355,0.1353861172,0,0,0,0
1400,28,-0.5706339098,-0.5706339098,-0.02763932023,-0.02763932023,-0.009025777605,1,7.975171203e-13,0.1200068178,0.1350572492,0,0,0,0
1401,28.02,-0.568258983,-0.568258983,-0.02716225561,-0.02716225561,-0.008712154007,1,8.391040011e-13,0.1206359447,0.1346963606,0,0,0,0
1402,28.04,-0.5657943215,-0.5657943215,-0.02668721822,-0.02668721822,-0.008384183559,1,8.81345982e-13,0.121252836,0.1343033022,0,0,0,0
1403,28.06,-0.5632403146,-0.5632403146,-0.02621428307,-0.02621428307,-0.008041880977,1,9.244680411e-13,0.1218576054,0.1343601964,0,0,0,0
1404,28.08,-0.5605973655,-0.5605973655,-0.02574352485,-0.02574352485,-0.007685264841,1,9.686492975e-13,0.1224503602,0.1347644788,0,0,0,0
1405,28.1,-0.5578658915,-0.5578658915,-0.02527501789,-0.02527501789,-0.007314357689,1,1.020005307e-12,0.1230312012,0.1351405043,0,0,0,0
1406,28.12,-0.5550463241,-0.5550463241,-0.02480883618,-0.02480883618,-0.00692918611,1,1.127372779e-12,0.1236002222,0.1354870168,0,0,0,0
1407,28.14,-0.5521391084,-0.5521391084,-0.02434505333,-0.02434505333,-0.006529780832,1,1.243849854e-12,0.12415751,0.1358027664,0,0,0,0
1408,28.16,-0.5491447036,-0.5491447036,-0.02388374257,-0.02388374257,-0.006116176815,1,1.369143031e-12,0.1247031444,0.1360865121,0,0,0,0
1409,28.18,-0.5460635824,-0.5460635824,-0.02342497676,-0.02342497676,-0.005688413331,1,1.503428113e-12,0.1252371974,0.1363370249,0,0,0,0
1410,28.2,-0.5428962315,-0.5428962315,-0.02296882834,-0.02296882834,-0.005246534046,1,1.647534187e-12,0.1257597338,0.1365530902,0,0,0,0
1411,28.22,-0.5396431509,-0.5396431509,-0.02251536933,-0.02251536933,-0.004790587098,1,1.801085213e-12,0.1262708103,0.1367335109,0,0,0,0
1412,28.24,-0.5363048545,-0.5363048545,-0.02206467136,-0.02206467136,-0.004320625169,1,1.964160774e-12,0.1267704759,0.1368771105,0,0,0,0
1413,28.26,-0.5328818693,-0.5328818693,-0.02161680558,-0.02161680558,-0.003836705556,1,2.137101616e-12,0.1272587714,0.1369827351,0,0,0,0
1414,28.28,-0.5293747359,-0.5293747359,-0.02117184271,-0.02117184271,-0.003347086377,1,2.320147147e-12,0.1277357297,0.1370492569,0,0,0,0
1415,28.3,-0.525784008,-0.525784008,-0.02072985304,-0.02072985304,-0.002862897652,1,2.514028673e-12,0.1282013752,0.1370755767,0,0,0,0
1416,28.32,-0.5221102528,-0.5221102528,-0.02029090634,-0.02029090634,-0.002365542768,1,2.718900871e-12,0.1286557239,0.1370606265,0,0,0,0
1417,28.34,-0.5183540503,-0.5183540503,-0.01985507193,-0.01985507193,-0.001855089611,1,2.934558772e-12,0.1290987833,0.1370033723,0,0,0,0
1418,28.36,-0.5145159937,-0.5145159937,-0.01942241865,-0.01942241865,-0.001331610726,1,3.161473134e-12,0.1307039737,0.1369028167,0,0,0,0
1419,28.38,-0.5105966891,-0.5105966891,-0.0189930148,-0.0189930148,-0.0007951833475,0,3.400824565e-12,0.1331837518,0.1367580011,0,0,0,0
1420,28.4,-0.5065967553,-0.5065967553,-0.0185669282,-0.0185669282,-0.0002458894394,0,3.652619876e-12,0.1356565207,0.1365680086,0,0,0,0
1421,28.42,-0.502516824,-0.502516824,-0.01814422613,-0.01814422613,0.0003161842826,0,3.916523347e-12,0.1381219087,0.1363319662,0,0,0,0
1422,28.44,-0.4983575395,-0.4983575395,-0.01772497534,-0.01772497534,0.0008909463306,0,4.194313938e-12,0.1405795344,0.1360490467,0,0,0,0
1423,28.46,-0.4941195586,-0.4941195586,-0.01730924203,-0.01730924203,0.001478300431,0,4.484902151e-12,0.1430290064,0.1357184715,0,0,0,0
1424,28.48,-0.4898035504,-0.4898035504,-0.01689709186,-0.01689709186,0.00207814552,0,4.790493182e-12,0.145469923,0.1353395122,0,0,0,0
1425,28.5,-0.4854101966,-0.4854101966,-0.01648858991,-0.01648858991,0.002690375739,0,5.10979115e-12,0.1479018729,0.1349114926,0,0,0,0
1426,28.52,-0.4809401909,-0.4809401909,-0.01608380068,-0.01608380068,0.003314880448,0,5.443881736e-12,0.1503244343,0.1344337908,0,0,0,0
1427,28.54,-0.4763942392,-0.4763942392,-0.01568278809,-0.01568278809,0.003951544236,0,5.79354657e-12,0.1527371758,0.1339058405,0,0,0,0
1428,28.56,-0.4717730593,-0.4717730593,-0.01528561548,-0.01528561548,0.004600246942,0,6.158479025e-12,0.1551396558,0.1333271328,0,0,0,0
1429,28.58,-0.4670773809,-0.4670773809,-0.01489234555,-0.01489234555,0.005260863686,0,6.539858475e-12,0.1575314229,0.1326972178,0,0,0,0
1430,28.6,-0.4623079457,-0.4623079457,-0.01450304041,-0.01450304041,0.005933264902,0,6.936979103e-12,0.1599120159,0.1320157056,0,0,0,0
1431,28.62,-0.4574655066,-0.4574655066,-0.01411776154,-0.01411776154,0.006617316381,0,7.350807451e-12,0.1622809634,0.1312822675,0,0,0,0
1432,28.64,-0.4525508284,-0.4525508284,-0.01373656977,-0.01373656977,0.007312879321,0,7.781063495e-12,0.1646377846,0.1304966372,0,0,0,0
1433,28.66,-0.4475646873,-0.4475646873,-0.0133595253,-0.0133595253,0.008019810383,0,8.228204751e-12,0.166981989,0.1296586114,0,0,0,0
1434,28.68,-0.4425078704,-0.4425078704,-0.01298668768,-0.01298668768,0.008527149996,0,8.692379403e-12,0.1693130762,0.1287680507,0,0,0,0
1435,28.7,-0.4373811765,-0.4373811765,-0.01261811576,-0.01261811576,0.008523519033,0,9.173087226e-12,0.1716305365,0.1278248802,0,0,0,0
1436,28.72,-0.4321854149,-0.4321854149,-0.01225386777,-0.01225386777,0.007733329624,0,9.670801294e-12,0.1739338508,0.1268290896,0,0,0,0
1437,28.74,-0.4269214063,-0.4269214063,-0.01189400121,-0.01189400121,0.00693383286,0,1.018544432e-11,0.1762224907,0.1257807341,0,0,0,0
1438,28.76,-0.4215899819,-0.4215899819,-0.01153857291,-0.01153857291,0.006125165407,0,1.071638813e-11,0.1784959185,0.1246799335,0,0,0,0
1439,28.78,-0.4161919835,-0.4161919835,-0.011187639,-0.011187639,0.005307466817,0,1.126331645e-11,0.1807535877,0.1235268731,0,0,0,0
1440,28.8,-0.4107282636,-0.4107282636,-0.0108412549,-0.0108412549,0.004480879524,0,1.182659403e-11,0.1829949427,0.1223218031,0,0,0,0
1441,28.82,-0.4051996849,-0.4051996849,-0.01049947531,-0.01049947531,0.003645548826,0,1.240461428e-11,0.1852194193,0.1210650383,0,0,0,0
1442,28.84,-0.3996071205,-0.3996071205,-0.01016235418,-0.01016235418,0.002801622877,0,1.299795746e-11,0.1874264449,0.1199642445,0,0,0,0
1443,28.86,-0.3939514535,-0.3939514535,-0.009829944771,-0.009829944771,0.001949252661,0,1.360523256e-11,0.1896154382,0.1202538196,0,0,0,0
1444,28.88,-0.3882335769,-0.3882335769,-0.00950229956,-0.00950229956,0.001088591977,0,1.422611294e-11,0.1917858102,0.120506216,0,0,0,0
1445,28.9,-0.3824543938,-0.3824543938,-0.009179470289,-0.009179470289,0.0002197974157,0,1.485974796e-11,0.1939369635,0.1207208616,0,0,0,0
1446,28.92,-0.3766148168,-0.3766148168,-0.008861507937,-0.008861507937,-0.0006569716677,0,1.550520643e-11,0.1960682933,0.1208972186,0,0,0,0
1447,28.94,-0.3707157679,-0.3707157679,-0.008548462715,-0.008548462715,-0.00154155318,1,1.61613086e-11,0.1981791873,0.1210347845,0,0,0,0
1448,28.96,-0.3647581786,-0.3647581786,-0.008240384054,-0.008240384054,-0.002433782319,1,1.682780693e-11,0.2002690258,0.1211330931,0,0,0,0
1449,28.98,-0.3587429898,-0.3587429898,-0.007937320605,-0.007937320605,-0.003333491612,1,1.750255481e-11,0.2023371824,0.1211917151,0,0,0,0
1450,29,-0.3526711514,-0.3526711514,-0.007639320225,-0.007639320225,-0.004240510942,1,1.818519596e-11,0.2043830238,0.1212102591,0,0,0,0
1451,29.02,-0.3465436221,-0.3465436221,-0.007346429971,-0.007346429971,-0.005154667596,1,1.887408871e-11,0.2064059104,0.1211883721,0,0,0,0
1452,29.04,-0.3403613695,-0.3403613695,-0.007058696095,-0.007058696095,-0.0060757863,1,1.956794299e-11,0.2084051965,0.1211257404,0,0,0,0
1453,29.06,-0.3341253699,-0.3341253699,-0.006776164032,-0.006776164032,-0.007003689262,1,2.026560404e-11,0.2103802307,0.1210220898,0,0,0,0
1454,29.08,-0.327836608,-0.327836608,-0.006498878398,-0.006498878398,-0.007938196222,1,2.096567789e-11,0.2123303559,0.1208771865,0,0,0,0
1455,29.1,-0.321496077,-0.321496077,-0.00622688298,-0.00622688298,-0.008879124498,1,2.166631958e-11,0.2142549103,0.1206908371,0,0,0,0
1456,29.12,-0.315104778,-0.315104778,-0.005960220728,-0.005960220728,-0.009826289035,1,2.236670806e-11,0.2161532271,0.1204628894,0,0,0,0
1457,29.14,-0.3086637203,-0.3086637203,-0.005698933752,-0.005698933752,-0.01077950246,1,2.306469138e-11,0.218024635,0.1201932319,0,0,0,0
1458,29.16,-0.302173921,-0.302173921,-0.005443063312,-0.005443063312,-0.01173857515,1,2.375903197e-11,0.2198684591,0.119881795,0,0,0,0
1459,29.18,-0.2956364049,-0.2956364049,-0.005192649813,-0.005192649813,-0.01270331527,1,2.444883912e-11,0.2216840206,0.11952855,0,0,0,0
1460,29.2,-0.2890522045,-0.2890522045,-0.004947732798,-0.004947732798,-0.01367352884,1,2.513118147e-11,0.2234706375,0.1191335099,0,0,0,0
1461,29.22,-0.2824223593,-0.2824223593,-0.004708350943,-0.004708350943,-0.01407480522,1,1.865091201e-07,0.2543216669,6.251223109,0,0,0,0
1462,29.24,-0.2757479164,-0.2757479164,-0.004474542047,-0.004474542047,-0.01409047916,1,1.978005225e-07,0.2744935267,4.260612287,0,0,0,0
1463,29.26,-0.2690299297,-0.2690299297,-0.004246343034,-0.004246343034,-0.01410531792,1,1.887461334e-07,0.2747532441,0.1176983687,0,0,0,0
1464,29.28,-0.26226946,-0.26226946,-0.004023789937,-0.004023789937,-0.0141193213,1,1.801290831e-07,0.2749514217,0.1171371027,0,0,0,0
1465,29.3,-0.2554675749,-0.2554675749,-0.003806917901,-0.003806917901,-0.01413249036,1,1.719343396e-07,0.2750893072,0.1165347229,0,0,0,0
1466,29.32,-0.2486253486,-0.2486253486,-0.003595761173,-0.003595761173,-0.01414482687,1,1.641436683e-07,0.275167066,0.1158914867,0,0,0,0
1467,29.34,-0.2417438614,-0.2417438614,-0.003390353095,-0.003390353095,-0.01415633243,1,1.936899924e-07,0.2751831489,0.1152076909,0,0,0,0
1468,29.36,-0.2348242001,-0.2348242001,-0.003190726105,-0.003190726105,-0.01416701188,1,1.852020778e-07,0.2751430245,0.1144836708,0,0,0,0
1469,29.38,-0.2278674573,-0.2278674573,-0.002996911727,-0.002996911727,-0.014176867,1,6.634825362e-07,0.2749854266,4.31602773,0,0,0,0
1470,29.4,-0.2208747316,-0.2208747316,-0.002808940564,-0.002808940564,-0.01418590542,1,1.694607745e-07,0.3165488852,4.084732187,0,0,0,0
1471,29.42,-0.2138471272,-0.2138471272,-0.002626842302,-0.002626842302,-0.01419412891,1,1.621401851e-07,0.3175028653,0.136234466,0,0,0,0
1472,29.44,-0.2067857539,-0.2067857539,-0.002450645694,-0.002450645694,-0.0142015435,1,1.928053693e-07,0.3183905216,0.1356765593,0,0,0,0
1473,29.46,-0.1996917267,-0.1996917267,-0.002280378564,-0.002280378564,-0.01420815686,1,1.848076915e-07,0.3192127693,0.1350302516,0,0,0,0
1474,29.48,-0.1925661659,-0.1925661659,-0.0021160678,-0.0021160678,-0.01421397504,1,1.771939487e-07,0.3199702281,0.1343049445,0,0,0,0
1475,29.5,-0.1854101966,-0.1854101966,-0.001957739348,-0.001957739348,-0.01421900542,1,1.699528013e-07,0.3206635573,0.1335013717,0,0,0,0
1476,29.52,-0.1782249489,-0.1782249489,-0.00180541821,-0.00180541821,-0.0142232538,1,4.739530193e-07,0.321293454,0.1326203621,0,0,0,0
1477,29.54,-0.1710115575,-0.1710115575,-0.001659128439,-0.001659128439,-0.01422673501,1,1.565426934e-07,0.3218606509,0.1316628374,0,0,0,0
1478,29.56,-0.1637711613,-0.1637711613,-0.001518893137,-0.001518893137,-0.01422945115,1,1.878245025e-07,0.3223659147,0.1306298076,0,0,0,0
1479,29.58,-0.1565049038,-0.1565049038,-0.001384734447,-0.001384734447,-0.01423141484,1,1.806048173e-07,0.3228100434,0.1295223671,0,0,0,0
1480,29.6,-0.1492139323,-0.1492139323,-0.001256673555,-0.001256673555,-0.01423263549,1,1.737279209e-07,0.3231938647,0.1283416904,0,0,0,0
1481,29.62,-0.1418993982,-0.1418993982,-0.001134730683,-0.001134730683,-0.0142331235,1,1.671837853e-07,0.3235182331,0.127089027,0,0,0,0
1482,29.64,-0.1345624566,-0.1345624566,-0.001018925089,-0.001018925089,-0.01423288973,1,1.609564887e-07,0.3237840284,0.1257656972,0,0,0,0
1483,29.66,-0.127204266,-0.127204266,-0.0009092750573,-0.0009092750573,-0.01423194543,1,1.55030767e-07,0.3239921529,0.1243730871,0,0,0,0
1484,29.68,-0.1198259883,-0.1198259883,-0.0008057979046,-0.0008057979046,-0.01423030228,1,1.493919981e-07,0.3241435294,0.1229126437,0,0,0,0
1485,29.7,-0.1124287888,-0.1124287888,-0.0007085099709,-0.0007085099709,-0.01422797208,1,1.811278653e-07,0.3242390987,0.12138587,0,0,0,0
1486,29.72,-0.1050138354,-0.1050138354,-0.0006174266188,-0.0006174266188,-0.01422496781,1,1.748586536e-07,0.3242798178,0.1197943197,0,0,0,0
1487,29.74,-0.09758229912,-0.09758229912,-0.0005325622317,-0.0005325622317,-0.01422130194,1,4.723319718e-07,0.3249801259,0.1058329394,0,0,0,0
1488,29.76,-0.09013535347,-0.09013535347,-0.0004539302105,-0.0004539302105,-0.01421698755,1,1.63185822e-07,0.3234872462,0.1410345363,0,0,0,0
1489,29.78,-0.08267417441,-0.08267417441,-0.0003815429721,-0.0003815429721,-0.0142120414,1,4.497328228e-07,0.324082514,0.1050248138,0,0,0,0
1490,29.8,-0.07519994014,-0.07519994014,-0.0003154119474,-0.0003154119474,-0.0142064671,1,1.526038472e-07,0.3239137555,0.1128108345,0,0,0,0
1491,29.82,-0.06771383092,-0.06771383092,-0.0002555475792,-0.0002555475792,-0.01420028865,1,1.476659162e-07,0.3236949729,0.1109222427,0,0,0,0
1492,29.84,-0.06021702891,-0.06021702891,-0.0002019593207,-0.0002019593207,-0.01419351689,1,1.429722773e-07,0.323427289,0.1089768895,0,0,0,0
1493,29.86,-0.05271071793,-0.05271071793,-0.0001546556343,-0.0001546556343,-0.01418616623,1,1.384989622e-07,0.3231117097,0.1069786457,0,0,0,0
1494,29.88,-0.04519608332,-0.04519608332,-0.0001136439896,-0.0001136439896,-0.01417825363,1,4.523088319e-07,0.3227492399,0.1078287619,0,0,0,0
1495,29.9,-0.03767431172,-0.03767431172,-7.893086287e-05,-7.893086287e-05,-0.0141697869,1,1.649825765e-07,0.3223408811,0.1087655025,0,0,0,0
1496,29.92,-0.03014659091,-0.03014659091,-5.052173576e-05,-5.052173576e-05,-0.01416078798,1,1.601610244e-07,0.3218876297,0.109646473,0,0,0,0
1497,29.94,-0.0226141096,-0.0226141096,-2.842109438e-05,-2.842109438e-05,-0.01415126965,1,1.555760529e-07,0.3213904752,0.1104713905,0,0,0,0
1498,29.96,-0.01507805727,-0.01507805727,-1.263242867e-05,-1.263242867e-05,-0.01414124715,1,1.511992954e-07,0.3208503986,0.111240024,0,0,0,0
1499,29.98,-0.00753962393,-0.00753962393,-3.158231847e-06,-3.158231847e-06,-0.01413073581,1,1.470205264e-07,0.3202683704,0.111952193,0,0,0,0
